sample,header_ns,receipt_ns,elapsed_s,phase,x,y,z,vx,vy,vz,clearance_m
1,1791269132398263110,15065331919428,3.904775465000057,warmup,8.6753022,18.9734347,2.685578,0.0,0.0,0.0,0.2498906144918635
2,1791269132408362900,15065341932964,3.914789001000827,warmup,8.6753022,18.9734347,2.685578,0.0,0.0,0.0,0.2498906144918635
3,1791269132418359188,15065351698473,3.9245545100002346,warmup,8.6753022,18.9734347,2.685578,0.0,0.0,0.0,0.2498906144918635
4,1791269132428326109,15065361875251,3.9347312879999663,warmup,8.6753022,18.9734347,2.685578,0.0,0.0,0.0,0.2498906144918635
5,1791269132438433227,15065372116435,3.9449724720016093,warmup,8.6753022,18.9734347,2.685578,0.0,0.0,0.0,0.2498906144918635
6,1791269132448403666,15065382142471,3.954998508001154,warmup,8.6753022,18.9734347,2.685578,0.0,0.0,0.0,0.2498906144918635
7,1791269132458572537,15065393028762,3.9658847990012873,warmup,8.6753022,18.9734347,2.685578,0.0,0.0,0.0,0.2498906144918635
8,1791269132468477629,15065402892682,3.9757487189999665,warmup,8.6753022,18.9734347,2.685578,0.0,0.0,0.0,0.2498906144918635
9,1791269132478418056,15065412428237,3.9852842740001506,warmup,8.6753022,18.9734347,2.685578,0.0,0.0,0.0,0.2498906144918635
10,1791269132488489076,15065422953845,3.9958098820006853,warmup,8.6753022,18.9734347,2.685578,0.0,0.0,0.0,0.2498906144918635
11,1791269132498381224,15065431718141,4.004574178001349,warmup,8.6753022,18.9734347,2.685578,0.0,0.0,0.0,0.2498906144918635
12,1791269132508191676,15065441892956,4.014748993000467,primary_goal,8.6753022,18.9734347,2.685578,0.0,0.0,0.0,0.2498906144918635
13,1791269132518193156,15065451672028,4.024528065001505,primary_goal,8.6753022,18.9734347,2.685578,0.0,0.0,0.0,0.2498906144918635
14,1791269132528311383,15065461708379,4.034564416000649,primary_goal,8.6753022,18.9734347,2.685578,0.0,0.0,0.0,0.2498906144918635
15,1791269132538192290,15065471694902,4.044550939001056,primary_goal,8.6753022,18.9734347,2.685578,0.0,0.0,0.0,0.2498906144918635
16,1791269132548333147,15065481685849,4.054541886000152,primary_goal,8.6753022,18.9734347,2.685578,0.0,0.0,0.0,0.2498906144918635
17,1791269132558282327,15065491534581,4.064390618001198,primary_goal,8.6753022,18.9734347,2.685578,0.0,0.0,0.0,0.2498906144918635
18,1791269132568393781,15065502167412,4.075023449000582,primary_goal,8.6753022,18.9734347,2.685578,0.0,0.0,0.0,0.2498906144918635
19,1791269132578429865,15065512568826,4.0854248630002985,primary_goal,8.6753022,18.9734347,2.685578,0.0,0.0,0.0,0.2498906144918635
20,1791269132588479280,15065522761954,4.095617991000836,primary_goal,8.6753022,18.9734347,2.685578,0.0,0.0,0.0,0.2498906144918635
21,1791269132598379301,15065532054033,4.104910070000187,primary_goal,8.6753022,18.9734347,2.685578,0.0,0.0,0.0,0.2498906144918635
22,1791269132608311242,15065541734784,4.1145908210000925,primary_goal,8.6753022,18.9734347,2.685578,0.0,0.0,0.0,0.2498906144918635
23,1791269132618338065,15065551802969,4.124659006000002,primary_goal,8.6753022,18.9734347,2.685578,0.0,0.0,0.0,0.2498906144918635
24,1791269132628275473,15065561590816,4.134446853000554,primary_goal,8.6753022,18.9734347,2.685578,0.0,0.0,0.0,0.2498906144918635
25,1791269132638428056,15065572156872,4.145012909000798,primary_goal,8.6753022,18.9734347,2.685578,0.0,0.0,0.0,0.2498906144918635
26,1791269132648320510,15065582284284,4.155140321001454,primary_goal,8.6753022,18.9734347,2.685578,0.0,0.0,0.0,0.2498906144918635
27,1791269132658437134,15065592608133,4.165464170000632,primary_goal,8.6753022,18.9734347,2.685578,0.0,0.0,0.0,0.2498906144918635
28,1791269132668397148,15065602469751,4.175325788000919,primary_goal,8.6753022,18.9734347,2.685578,0.0,0.0,0.0,0.2498906144918635
29,1791269132678381207,15065612080990,4.1849370270010695,primary_goal,8.6753022,18.9734347,2.685578,0.0,0.0,0.0,0.2498906144918635
30,1791269132688444927,15065622621142,4.195477179000591,primary_goal,8.6753022,18.9734347,2.685578,0.0,0.0,0.0,0.2498906144918635
31,1791269132698372824,15065632012947,4.204868984001223,primary_goal,8.6753022,18.9734347,2.685578,0.0,0.0,0.0,0.2498906144918635
32,1791269132708341762,15065641771365,4.214627402001497,primary_goal,8.6753022,18.9734347,2.685578,0.0,0.0,0.0,0.2498906144918635
33,1791269132718301037,15065651563894,4.224419931000739,primary_goal,8.6753022,18.9734347,2.685578,0.0,0.0,0.0,0.2498906144918635
34,1791269132728247349,15065661912106,4.23476814300011,primary_goal,8.6753022,18.9734347,2.685578,0.0,0.0,0.0,0.2498906144918635
35,1791269132738445387,15065672245089,4.245101126000009,primary_goal,8.6753022,18.9734347,2.685578,0.0,0.0,0.0,0.2498906144918635
36,1791269132748171381,15065681892443,4.254748480001581,primary_goal,8.6753022,18.9734347,2.685578,0.0,0.0,0.0,0.2498906144918635
37,1791269132758216076,15065692182652,4.265038688999994,primary_goal,8.6753022,18.9734347,2.685578,0.0,0.0,0.0,0.2498906144918635
38,1791269132768215407,15065702190935,4.275046972001292,primary_goal,8.6753022,18.9734347,2.685578,0.0,0.0,0.0,0.2498906144918635
39,1791269132778398267,15065712692879,4.285548916001062,primary_goal,8.6753022,18.9734347,2.685578,0.0,0.0,0.0,0.2498906144918635
40,1791269132788330198,15065722094151,4.294950188001167,primary_goal,8.6753022,18.9734347,2.685578,0.0,0.0,0.0,0.2498906144918635
41,1791269132798383099,15065732228935,4.305084972000259,primary_goal,8.6753022,18.9734347,2.685578,0.0,0.0,0.0,0.2498906144918635
42,1791269132808279761,15065741685044,4.314541081001153,primary_goal,8.6753022,18.9734347,2.685578,0.0,0.0,0.0,0.2498906144918635
43,1791269132818425898,15065752105717,4.324961754000469,primary_goal,8.6753022,18.9734347,2.685578,0.0,0.0,0.0,0.2498906144918635
44,1791269132828270013,15065762065465,4.334921502000725,primary_goal,8.6753022,18.9734347,2.685578,0.0,0.0,0.0,0.2498906144918635
45,1791269132838519980,15065772241013,4.345097050001641,primary_goal,8.6753022,18.9734347,2.685578,0.0,0.0,0.0,0.2498906144918635
46,1791269132848299548,15065782143812,4.354999849001615,primary_goal,8.6753022,18.9734347,2.685578,0.0,0.0,0.0,0.2498906144918635
47,1791269132858303628,15065792000301,4.364856338001118,primary_goal,8.6753022,18.9734347,2.685578,0.0,0.0,0.0,0.2498906144918635
48,1791269132868358627,15065802077677,4.3749337140016,primary_goal,8.6753022,18.9734347,2.685578,0.0,0.0,0.0,0.2498906144918635
49,1791269132878297193,15065811938848,4.384794885001611,primary_goal,8.6753022,18.9734347,2.685578,0.0,0.0,0.0,0.2498906144918635
50,1791269132888437983,15065822960964,4.395817001000978,primary_goal,8.6753022,18.9734347,2.685578,0.0,0.0,0.0,0.2498906144918635
51,1791269132898268087,15065832145529,4.405001566001374,primary_goal,8.6753022,18.9734347,2.685578,0.0,0.0,0.0,0.2498906144918635
52,1791269132908260727,15065841508768,4.414364805001242,primary_goal,8.6753022,18.9734347,2.685578,0.0,0.0,0.0,0.2498906144918635
53,1791269132918353939,15065851615440,4.424471477001134,primary_goal,8.6753022,18.9734347,2.685578,0.0,0.0,0.0,0.2498906144918635
54,1791269132928446077,15065862078858,4.434934894999969,primary_goal,8.6753022,18.9734347,2.685578,0.0,0.0,0.0,0.2498906144918635
55,1791269132938548671,15065872228441,4.445084478000354,primary_goal,8.6753022,18.9734347,2.685578,0.0,0.0,0.0,0.2498906144918635
56,1791269132948289824,15065881986387,4.454842424000162,primary_goal,8.6753022,18.9734347,2.685578,0.0,0.0,0.0,0.2498906144918635
57,1791269132958202716,15065891690241,4.464546278000853,primary_goal,8.6753022,18.9734347,2.685578,0.0,0.0,0.0,0.2498906144918635
58,1791269132968379706,15065901986064,4.4748421010008315,primary_goal,8.6753022,18.9734347,2.685578,0.0,0.0,0.0,0.2498906144918635
59,1791269132978240786,15065911829515,4.484685552000883,primary_goal,8.6753022,18.9734347,2.685578,0.0,0.0,0.0,0.2498906144918635
60,1791269132988380725,15065922362302,4.49521833900144,primary_goal,8.6753022,18.9734347,2.685578,0.0,0.0,0.0,0.2498906144918635
61,1791269132998464033,15065932023978,4.504880015001618,primary_goal,8.6753022,18.9734347,2.685578,0.0,0.0,0.0,0.2498906144918635
62,1791269133008290184,15065941449237,4.514305274000435,primary_goal,8.6753022,18.9734347,2.685578,0.0,0.0,0.0,0.2498906144918635
63,1791269133018320028,15065951564381,4.524420417999863,primary_goal,8.6753022,18.9734347,2.685578,0.0,0.0,0.0,0.2498906144918635
64,1791269133028286132,15065961496435,4.534352472001046,primary_goal,8.6753022,18.9734347,2.685578,0.0,0.0,0.0,0.2498906144918635
65,1791269133038266547,15065971476662,4.5443326990007336,primary_goal,8.6753022,18.9734347,2.685578,0.0,0.0,0.0,0.2498906144918635
66,1791269133048221674,15065981700193,4.554556230001253,primary_goal,8.6753022,18.9734347,2.685578,0.0,0.0,0.0,0.2498906144918635
67,1791269133058388367,15065991978134,4.564834171000257,primary_goal,8.6753022,18.9734347,2.685578,0.0,0.0,0.0,0.2498906144918635
68,1791269133068545682,15066002852266,4.575708303000283,primary_goal,8.6753022,18.9734347,2.685578,0.0,0.0,0.0,0.2498906144918635
69,1791269133078337481,15066012331338,4.585187375001624,primary_goal,8.6753022,18.9734347,2.685578,0.0,0.0,0.0,0.2498906144918635
70,1791269133088451178,15066022751023,4.595607060000475,primary_goal,8.6753022,18.9734347,2.685578,0.0,0.0,0.0,0.2498906144918635
71,1791269133098210580,15066031939252,4.604795289000322,primary_goal,8.6753022,18.9734347,2.685578,0.0,0.0,0.0,0.2498906144918635
72,1791269133108174208,15066041462332,4.614318369000102,primary_goal,8.6753022,18.9734347,2.685578,0.0,0.0,0.0,0.2498906144918635
73,1791269133118276537,15066051621381,4.624477418001334,primary_goal,8.6753022,18.9734347,2.685578,0.0,0.0,0.0,0.2498906144918635
74,1791269133128410009,15066062241242,4.635097279000547,primary_goal,8.6753022,18.9734347,2.685578,0.0,0.0,0.0,0.2498906144918635
75,1791269133138418255,15066072551746,4.645407783000337,primary_goal,8.6753022,18.9734347,2.685578,0.0,0.0,0.0,0.2498906144918635
76,1791269133148407926,15066082183670,4.655039707000469,primary_goal,8.6753022,18.9734347,2.685578,0.0,0.0,0.0,0.2498906144918635
77,1791269133158260081,15066092451591,4.665307627999937,primary_goal,8.6753022,18.9734347,2.685578,0.0,0.0,0.0,0.2498906144918635
78,1791269133168219387,15066102367051,4.675223088001076,primary_goal,8.6753022,18.9734347,2.685578,0.0,0.0,0.0,0.2498906144918635
79,1791269133178344157,15066112421241,4.685277278000285,primary_goal,8.6753022,18.9734347,2.685578,0.0,0.0,0.0,0.2498906144918635
80,1791269133188407627,15066122848726,4.695704763000322,primary_goal,8.6753022,18.9734347,2.685578,0.0,0.0,0.0,0.2498906144918635
81,1791269133198301369,15066132054108,4.704910145001122,primary_goal,8.6753022,18.9734347,2.685578,0.0,0.0,0.0,0.2498906144918635
82,1791269133208278165,15066141732354,4.714588391001598,primary_goal,8.6753022,18.9734347,2.685578,0.0,0.0,0.0,0.2498906144918635
83,1791269133218207532,15066151698904,4.724554940999951,primary_goal,8.6753022,18.9734347,2.685578,0.0,0.0,0.0,0.2498906144918635
84,1791269133228414750,15066162110876,4.73496691299988,primary_goal,8.6753022,18.9734347,2.685578,0.0,0.0,0.0,0.2498906144918635
85,1791269133238410163,15066172176476,4.745032513001206,primary_goal,8.6753022,18.9734347,2.685578,0.0,0.0,0.0,0.2498906144918635
86,1791269133248212785,15066181610406,4.754466443000638,primary_goal,8.6753022,18.9734347,2.685578,0.0,0.0,0.0,0.2498906144918635
87,1791269133258197359,15066191617456,4.764473492999969,primary_goal,8.6753022,18.9734347,2.685578,0.0,0.0,0.0,0.2498906144918635
88,1791269133268203446,15066201944219,4.774800256000162,primary_goal,8.6753022,18.9734347,2.685578,0.0,0.0,0.0,0.2498906144918635
89,1791269133278362531,15066212384752,4.785240789000454,primary_goal,8.6753022,18.9734347,2.685578,0.0,0.0,0.0,0.2498906144918635
90,1791269133288332683,15066222402347,4.7952583840014995,primary_goal,8.6753022,18.9734347,2.685578,0.0,0.0,0.0,0.2498906144918635
91,1791269133298197510,15066231791418,4.804647455001032,primary_goal,8.6753022,18.9734347,2.685578,0.0,0.0,0.0,0.2498906144918635
92,1791269133308259371,15066241420670,4.814276707000317,primary_goal,8.6753022,18.9734347,2.685578,0.0,0.0,0.0,0.2498906144918635
93,1791269133318422931,15066251682273,4.824538310000207,primary_goal,8.6753022,18.9734347,2.685578,0.0,0.0,0.0,0.2498906144918635
94,1791269133328430689,15066261999232,4.8348552690004,primary_goal,8.6753022,18.9734347,2.685578,0.0,0.0,0.0,0.2498906144918635
95,1791269133338205270,15066271836768,4.844692805001614,primary_goal,8.6753022,18.9734347,2.685578,0.0,0.0,0.0,0.2498906144918635
96,1791269133348174652,15066281707179,4.854563216000315,primary_goal,8.6753022,18.9734347,2.685578,0.0,0.0,0.0,0.2498906144918635
97,1791269133358309585,15066291884861,4.864740898001401,primary_goal,8.6753022,18.9734347,2.685578,0.0,0.0,0.0,0.2498906144918635
98,1791269133368365144,15066301995427,4.87485146400104,primary_goal,8.6753022,18.9734347,2.685578,0.0,0.0,0.0,0.2498906144918635
99,1791269133378303578,15066311757278,4.884613315000024,primary_goal,8.6753022,18.9734347,2.685578,0.0,0.0,0.0,0.2498906144918635
100,1791269133388360630,15066322265959,4.8951219959999435,primary_goal,8.6753022,18.9734347,2.685578,0.0,0.0,0.0,0.2498906144918635
101,1791269133398160978,15066331938112,4.904794149000736,primary_goal,8.6753022,18.9734347,2.685578,0.0,0.0,0.0,0.2498906144918635
102,1791269133408180752,15066341414823,4.914270860001125,primary_goal,8.6753022,18.9734347,2.685578,0.0,0.0,0.0,0.2498906144918635
103,1791269133418316731,15066351620975,4.924477012000352,primary_goal,8.6753022,18.9734347,2.685578,0.0,0.0,0.0,0.2498906144918635
104,1791269133428430586,15066362224029,4.935080066001319,primary_goal,8.6753022,18.9734347,2.685578,0.0,0.0,0.0,0.2498906144918635
105,1791269133438432111,15066372360420,4.945216457001152,primary_goal,8.6753022,18.9734347,2.685578,0.0,0.0,0.0,0.2498906144918635
106,1791269133448294644,15066381973356,4.954829393000182,primary_goal,8.6753022,18.9734347,2.685578,0.0,0.0,0.0,0.2498906144918635
107,1791269133458200926,15066391881185,4.964737222000622,primary_goal,8.6753022,18.9734347,2.685578,0.0,0.0,0.0,0.2498906144918635
108,1791269133468446311,15066402257043,4.9751130800013925,primary_goal,8.6753022,18.9734347,2.685578,0.0,0.0,0.0,0.2498906144918635
109,1791269133478193887,15066411839434,4.984695471001032,primary_goal,8.6753022,18.9734347,2.685578,0.0,0.0,0.0,0.2498906144918635
110,1791269133488493614,15066423035159,4.99589119600023,primary_goal,8.6753022,18.9734347,2.685578,0.0,0.0,0.0,0.2498906144918635
111,1791269133498260204,15066431842341,5.004698378001194,primary_goal,8.6753022,18.9734347,2.685578,0.0,0.0,0.0,0.2498906144918635
112,1791269133508137942,15066441769313,5.014625350000642,primary_goal,8.6753022,18.9734347,2.685578,0.0,0.0,0.0,0.2498906144918635
113,1791269133518411179,15066451733361,5.024589398000899,primary_goal,8.6753022,18.9734347,2.685578,0.0,0.0,0.0,0.2498906144918635
114,1791269133528357677,15066461511167,5.034367203999864,primary_goal,8.6753022,18.9734347,2.685578,0.0,0.0,0.0,0.2498906144918635
115,1791269133538204888,15066471792486,5.044648523000433,primary_goal,8.6753022,18.9734347,2.685578,0.0,0.0,0.0,0.2498906144918635
116,1791269133548154779,15066481664155,5.054520192001291,primary_goal,8.6753022,18.9734347,2.685578,0.0,0.0,0.0,0.2498906144918635
117,1791269133558360229,15066491758782,5.064614819000781,primary_goal,8.6753022,18.9734347,2.685578,0.0,0.0,0.0,0.2498906144918635
118,1791269133568308008,15066501747547,5.074603584000215,primary_goal,8.6753022,18.9734347,2.685578,0.0,0.0,0.0,0.2498906144918635
119,1791269133578358643,15066511967483,5.0848235200010095,primary_goal,8.6753022,18.9734347,2.685578,0.0,0.0,0.0,0.2498906144918635
120,1791269133588385805,15066522535598,5.095391635000851,primary_goal,8.6753022,18.9734347,2.685578,0.0,0.0,0.0,0.2498906144918635
121,1791269133598315936,15066531816815,5.104672852001386,primary_goal,8.6753022,18.9734347,2.685578,0.0,0.0,0.0,0.2498906144918635
122,1791269133608297377,15066541658350,5.114514386999872,primary_goal,8.6753022,18.9734347,2.685578,0.0,0.0,0.0,0.2498906144918635
123,1791269133618312892,15066551787151,5.124643188000846,primary_goal,8.6753022,18.9734347,2.685578,0.0,0.0,0.0,0.2498906144918635
124,1791269133628456435,15066562188674,5.135044710999864,primary_goal,8.6753022,18.9734347,2.685578,0.0,0.0,0.0,0.2498906144918635
125,1791269133638389810,15066572254651,5.145110688001296,primary_goal,8.6753022,18.9734347,2.685578,0.0,0.0,0.0,0.2498906144918635
126,1791269133648192902,15066581733848,5.15458988499995,primary_goal,8.6753022,18.9734347,2.685578,0.0,0.0,0.0,0.2498906144918635
127,1791269133658255115,15066591939481,5.164795518001483,primary_goal,8.6753022,18.9734347,2.685578,0.0,0.0,0.0,0.2498906144918635
128,1791269133668389148,15066602331346,5.175187382999866,primary_goal,8.6753022,18.9734347,2.685578,0.0,0.0,0.0,0.2498906144918635
129,1791269133678322488,15066612153216,5.185009253000317,primary_goal,8.6753022,18.9734347,2.685578,0.0,0.0,0.0,0.2498906144918635
130,1791269133688355218,15066622525235,5.195381272000304,primary_goal,8.6753022,18.9734347,2.685578,0.0,0.0,0.0,0.2498906144918635
131,1791269133698311075,15066631886877,5.204742914000235,primary_goal,8.6753022,18.9734347,2.685578,0.0,0.0,0.0,0.2498906144918635
132,1791269133708267244,15066641452823,5.2143088600005285,primary_goal,8.6753022,18.9734347,2.685578,0.0,0.0,0.0,0.2498906144918635
133,1791269133718391815,15066652008090,5.224864127001638,primary_goal,8.6753022,18.9734347,2.685578,0.0,0.0,0.0,0.2498906144918635
134,1791269133728415799,15066662148796,5.235004833000858,primary_goal,8.6753022,18.9734347,2.685578,0.0,0.0,0.0,0.2498906144918635
135,1791269133738386316,15066672217955,5.245073992000471,primary_goal,8.6753022,18.9734347,2.685578,0.0,0.0,0.0,0.2498906144918635
136,1791269133748341892,15066682317595,5.255173632000151,primary_goal,8.6753022,18.9734347,2.685578,0.0,0.0,0.0,0.2498906144918635
137,1791269133758353418,15066692640592,5.265496629001063,primary_goal,8.6753022,18.9734347,2.685578,0.0,0.0,0.0,0.2498906144918635
138,1791269133768299185,15066702636536,5.27549257300052,primary_goal,8.6753022,18.9734347,2.685578,0.0,0.0,0.0,0.2498906144918635
139,1791269133778313976,15066712050484,5.284906521001176,primary_goal,8.6753022,18.9734347,2.685578,0.0,0.0,0.0,0.2498906144918635
140,1791269133788355352,15066722206386,5.295062423001582,primary_goal,8.6753022,18.9734347,2.685578,0.0,0.0,0.0,0.2498906144918635
141,1791269133798268181,15066731963152,5.304819189001137,primary_goal,8.6753022,18.9734347,2.685578,0.0,0.0,0.0,0.2498906144918635
142,1791269133808193563,15066741581420,5.314437457000167,primary_goal,8.6753022,18.9734347,2.685578,0.0,0.0,0.0,0.2498906144918635
143,1791269133818245589,15066751654277,5.3245103140016,primary_goal,8.6753022,18.9734347,2.685578,0.0,0.0,0.0,0.2498906144918635
144,1791269133828281618,15066761513030,5.334369067000807,primary_goal,8.6753022,18.9734347,2.685578,0.0,0.0,0.0,0.2498906144918635
145,1791269133838311596,15066771601672,5.34445770900129,primary_goal,8.6753022,18.9734347,2.685578,0.0,0.0,0.0,0.2498906144918635
146,1791269133848195432,15066781826419,5.354682455999864,primary_goal,8.6753022,18.9734347,2.685578,0.0,0.0,0.0,0.2498906144918635
147,1791269133858252315,15066792081648,5.364937685000768,primary_goal,8.6753022,18.9734347,2.685578,0.0,0.0,0.0,0.2498906144918635
148,1791269133868397743,15066802384887,5.375240924000536,primary_goal,8.6753022,18.9734347,2.685578,0.0,0.0,0.0,0.2498906144918635
149,1791269133878307057,15066811969598,5.384825635001107,primary_goal,8.6753022,18.9734347,2.685578,0.0,0.0,0.0,0.2498906144918635
150,1791269133888268583,15066821479909,5.394335946000865,primary_goal,8.6753022,18.9734347,2.685578,0.0,0.0,0.0,0.2498906144918635
151,1791269133898267919,15066831548594,5.4044046310009435,primary_goal,8.6753022,18.9734347,2.685578,0.0,0.0,0.0,0.2498906144918635
152,1791269133908236657,15066841402516,5.414258553000764,primary_goal,8.6753022,18.9734347,2.685578,0.0,0.0,0.0,0.2498906144918635
153,1791269133918294863,15066851766690,5.424622727001406,primary_goal,8.6753022,18.9734347,2.685578,0.0,0.0,0.0,0.2498906144918635
154,1791269133928391486,15066862146385,5.435002422000252,primary_goal,8.6753022,18.9734347,2.685578,0.0,0.0,0.0,0.2498906144918635
155,1791269133938408800,15066872315874,5.445171911000216,primary_goal,8.6753022,18.9734347,2.685578,0.0,0.0,0.0,0.2498906144918635
156,1791269133948201005,15066881580370,5.454436407000685,primary_goal,8.6753022,18.9734347,2.685578,0.0,0.0,0.0,0.2498906144918635
157,1791269133958164238,15066891592063,5.464448100001391,primary_goal,8.6753022,18.9734347,2.685578,0.0,0.0,0.0,0.2498906144918635
158,1791269133968170286,15066901509807,5.474365844000204,primary_goal,8.6753022,18.9734347,2.685578,0.0,0.0,0.0,0.2498906144918635
159,1791269133978274986,15066911729819,5.484585856000194,primary_goal,8.6753022,18.9734347,2.685578,0.0,0.0,0.0,0.2498906144918635
160,1791269133988283951,15066921555265,5.494411302001026,primary_goal,8.6753022,18.9734347,2.685578,0.0,0.0,0.0,0.2498906144918635
161,1791269133998170528,15066931654423,5.504510460001256,primary_goal,8.6753022,18.9734347,2.685578,0.0,0.0,0.0,0.2498906144918635
162,1791269134008244870,15066941481876,5.514337913000418,primary_goal,8.6753022,18.9734347,2.685578,0.0,0.0,0.0,0.2498906144918635
163,1791269134018243893,15066951691243,5.5245472800015705,primary_goal,8.6753022,18.9734347,2.685578,0.0,0.0,0.0,0.2498906144918635
164,1791269134028309683,15066961611216,5.534467253000912,primary_goal,8.6753022,18.9734347,2.685578,0.0,0.0,0.0,0.2498906144918635
165,1791269134038405638,15066972025463,5.544881499999974,primary_goal,8.6753022,18.9734347,2.685578,0.0,0.0,0.0,0.2498906144918635
166,1791269134048290701,15066981881631,5.554737668000598,primary_goal,8.6753022,18.9734347,2.685578,0.0,0.0,0.0,0.2498906144918635
167,1791269134058326414,15066992143075,5.564999112000805,primary_goal,8.6753022,18.9734347,2.685578,0.0,0.0,0.0,0.2498906144918635
168,1791269134068274285,15067002318739,5.575174776000495,primary_goal,8.6753022,18.9734347,2.685578,0.0,0.0,0.0,0.2498906144918635
169,1791269134078190435,15067012072025,5.584928062000472,primary_goal,8.6753022,18.9734347,2.685578,0.0,0.0,0.0,0.2498906144918635
170,1791269134088315164,15067021939111,5.59479514800114,primary_goal,8.6753022,18.9734347,2.685578,0.0,0.0,0.0,0.2498906144918635
171,1791269134098357630,15067031901600,5.604757637000148,primary_goal,8.6753022,18.9734347,2.685578,0.0,0.0,0.0,0.2498906144918635
172,1791269134108262753,15067041576723,5.614432760001364,primary_goal,8.6753022,18.9734347,2.685578,0.0,0.0,0.0,0.2498906144918635
173,1791269134118401144,15067052081726,5.624937763001071,primary_goal,8.6753022,18.9734347,2.685578,0.0,0.0,0.0,0.2498906144918635
174,1791269134128415708,15067061968472,5.6348245090011915,primary_goal,8.6753022,18.9734347,2.685578,0.0,0.0,0.0,0.2498906144918635
175,1791269134138383196,15067072355209,5.645211246001054,primary_goal,8.6753022,18.9734347,2.685578,0.0,0.0,0.0,0.2498906144918635
176,1791269134148380972,15067082189628,5.655045665000216,primary_goal,8.6753022,18.9734347,2.685578,0.0,0.0,0.0,0.2498906144918635
177,1791269134158239501,15067092064345,5.664920382001583,primary_goal,8.6753022,18.9734347,2.685578,0.0,0.0,0.0,0.2498906144918635
178,1791269134168396445,15067102429092,5.675285129000258,primary_goal,8.6753022,18.9734347,2.685578,0.0,0.0,0.0,0.2498906144918635
179,1791269134178281926,15067112442053,5.685298090000288,primary_goal,8.6753022,18.9734347,2.685578,0.0,0.0,0.0,0.2498906144918635
180,1791269134188472464,15067122702808,5.6955588450000505,primary_goal,8.6753022,18.9734347,2.685578,0.0,0.0,0.0,0.2498906144918635
181,1791269134198251524,15067131874614,5.704730651001228,primary_goal,8.6753022,18.9734347,2.685578,0.0,0.0,0.0,0.2498906144918635
182,1791269134208144774,15067141476768,5.714332805000595,primary_goal,8.6753022,18.9734347,2.685578,0.0,0.0,0.0,0.2498906144918635
183,1791269134218450286,15067152211812,5.72506784899997,primary_goal,8.6753022,18.9734347,2.685578,0.0,0.0,0.0,0.2498906144918635
184,1791269134228408405,15067162158570,5.7350146070002666,primary_goal,8.6753022,18.9734347,2.685578,0.0,0.0,0.0,0.2498906144918635
185,1791269134238414260,15067172416268,5.745272305000981,primary_goal,8.6753022,18.9734347,2.685578,0.0,0.0,0.0,0.2498906144918635
186,1791269134248285608,15067182108019,5.754964056000972,primary_goal,8.6753022,18.9734347,2.685578,0.0,0.0,0.0,0.2498906144918635
187,1791269134258447253,15067192811757,5.765667794001274,primary_goal,8.6753022,18.9734347,2.685578,0.0,0.0,0.0,0.2498906144918635
188,1791269134268435177,15067202768042,5.7756240790004085,primary_goal,8.6753022,18.9734347,2.685578,0.0,0.0,0.0,0.2498906144918635
189,1791269134278165083,15067212299997,5.785156034000465,primary_goal,8.6753022,18.9734347,2.685578,0.0,0.0,0.0,0.2498906144918635
190,1791269134288419132,15067223277152,5.796133189000102,primary_goal,8.6753022,18.9734347,2.685578,0.0,0.0,0.0,0.2498906144918635
191,1791269134298201176,15067231597583,5.804453620001368,primary_goal,8.6753022,18.9734347,2.685578,0.0,0.0,0.0,0.2498906144918635
192,1791269134308158322,15067241397187,5.814253223999913,primary_goal,8.6753022,18.9734347,2.685578,0.0,0.0,0.0,0.2498906144918635
193,1791269134318229775,15067251531944,5.824387981001564,primary_goal,8.6753022,18.9734347,2.685578,0.0,0.0,0.0,0.2498906144918635
194,1791269134328215296,15067261993580,5.834849617000145,primary_goal,8.6753022,18.9734347,2.685578,0.0,0.0,0.0,0.2498906144918635
195,1791269134338193682,15067272246167,5.845102204000796,primary_goal,8.6753022,18.9734347,2.685578,0.0,0.0,0.0,0.2498906144918635
196,1791269134348193402,15067281909428,5.854765465001037,primary_goal,8.6753022,18.9734347,2.685578,0.0,0.0,0.0,0.2498906144918635
197,1791269134358378992,15067292517875,5.8653739119999955,primary_goal,8.6753022,18.9734347,2.685578,0.0,0.0,0.0,0.2498906144918635
198,1791269134368360474,15067302722842,5.875578879000386,primary_goal,8.6753022,18.9734347,2.685578,0.0,0.0,0.0,0.2498906144918635
199,1791269134378333043,15067312349330,5.885205367001618,primary_goal,8.6753022,18.9734347,2.685578,0.0,0.0,0.0,0.2498906144918635
200,1791269134388406573,15067322700204,5.895556241001032,primary_goal,8.6753022,18.9734347,2.685578,0.0,0.0,0.0,0.2498906144918635
201,1791269134398293077,15067332103320,5.904959357001644,primary_goal,8.6753022,18.9734347,2.685578,0.0,0.0,0.0,0.2498906144918635
202,1791269134408245185,15067341555343,5.914411380001184,primary_goal,8.6753022,18.9734347,2.685578,0.0,0.0,0.0,0.2498906144918635
203,1791269134418317898,15067351626786,5.9244828230002895,primary_goal,8.6753022,18.9734347,2.685578,0.0,0.0,0.0,0.2498906144918635
204,1791269134428268909,15067361593176,5.934449213000335,primary_goal,8.6753022,18.9734347,2.685578,0.0,0.0,0.0,0.2498906144918635
205,1791269134438303919,15067372040249,5.944896286000585,primary_goal,8.6753022,18.9734347,2.685578,0.0,0.0,0.0,0.2498906144918635
206,1791269134448339609,15067382510643,5.955366680000225,primary_goal,8.6753022,18.9734347,2.685578,0.0,0.0,0.0,0.2498906144918635
207,1791269134458355433,15067392399734,5.965255771001466,primary_goal,8.6753022,18.9734347,2.685578,0.0,0.0,0.0,0.2498906144918635
208,1791269134468347202,15067402699437,5.97555547400043,primary_goal,8.6753022,18.9734347,2.685578,0.0,0.0,0.0,0.2498906144918635
209,1791269134478198646,15067411755851,5.984611888001382,primary_goal,8.6753022,18.9734347,2.685578,0.0,0.0,0.0,0.2498906144918635
210,1791269134488502000,15067422896209,5.995752246000848,primary_goal,8.6753022,18.9734347,2.685578,0.0,0.0,0.0,0.2498906144918635
211,1791269134498279947,15067431775316,6.00463135300015,primary_goal,8.6753022,18.9734347,2.685578,0.0,0.0,0.0,0.2498906144918635
212,1791269134508261744,15067441514488,6.014370525001141,primary_goal,8.6753022,18.9734347,2.685578,0.0,0.0,0.0,0.2498906144918635
213,1791269134518402258,15067452145915,6.025001952000821,primary_goal,8.6753022,18.9734347,2.685578,0.0,0.0,0.0,0.2498906144918635
214,1791269134528311564,15067462150390,6.035006427000553,primary_goal,8.6753022,18.9734347,2.685578,0.0,0.0,0.0,0.2498906144918635
215,1791269134538297828,15067472451873,6.045307910000702,primary_goal,8.6753022,18.9734347,2.685578,0.0,0.0,0.0,0.2498906144918635
216,1791269134548152504,15067482056824,6.054912861000048,primary_goal,8.6753022,18.9734347,2.685578,0.0,0.0,0.0,0.2498906144918635
217,1791269134558199689,15067492164573,6.0650206099999195,primary_goal,8.6753022,18.9734347,2.685578,0.0,0.0,0.0,0.2498906144918635
218,1791269134568166316,15067502291540,6.075147577001189,primary_goal,8.6753022,18.9734347,2.685578,0.0,0.0,0.0,0.2498906144918635
219,1791269134578287685,15067512174033,6.085030070000357,primary_goal,8.6753022,18.9734347,2.685578,0.0,0.0,0.0,0.2498906144918635
220,1791269134588342104,15067522346205,6.095202242000596,primary_goal,8.6753022,18.9734347,2.685578,0.0,0.0,0.0,0.2498906144918635
221,1791269134598314596,15067532023441,6.10487947799993,primary_goal,8.6753022,18.9734347,2.685578,0.0,0.0,0.0,0.2498906144918635
222,1791269134608272975,15067541585364,6.114441401001386,primary_goal,8.6753022,18.9734347,2.685578,0.0,0.0,0.0,0.2498906144918635
223,1791269134618234862,15067551756494,6.124612531000821,primary_goal,8.6753022,18.9734347,2.685578,0.0,0.0,0.0,0.2498906144918635
224,1791269134628269201,15067561552561,6.134408597999936,primary_goal,8.6753022,18.9734347,2.685578,0.0,0.0,0.0,0.2498906144918635
225,1791269134638245260,15067571580491,6.144436528000369,primary_goal,8.6753022,18.9734347,2.685578,0.0,0.0,0.0,0.2498906144918635
226,1791269134648265469,15067581986622,6.154842659001588,primary_goal,8.6753022,18.9734347,2.685578,0.0,0.0,0.0,0.2498906144918635
227,1791269134658342177,15067593132526,6.16598856300152,primary_goal,8.6753022,18.9734347,2.685578,0.0,0.0,0.0,0.2498906144918635
228,1791269134668181506,15067601742494,6.174598531000811,primary_goal,8.6753022,18.9734347,2.685578,0.0,0.0,0.0,0.2498906144918635
229,1791269134678141018,15067611582304,6.184438341000714,primary_goal,8.6753022,18.9734347,2.685578,0.0,0.0,0.0,0.2498906144918635
230,1791269134688375244,15067622218430,6.195074467001177,primary_goal,8.6753022,18.9734347,2.685578,0.0,0.0,0.0,0.2498906144918635
231,1791269134698160994,15067631946781,6.2048028180015535,primary_goal,8.6753022,18.9734347,2.685578,0.0,0.0,0.0,0.2498906144918635
232,1791269134708163774,15067641593240,6.214449277000313,primary_goal,8.6753022,18.9734347,2.685578,0.0,0.0,0.0,0.2498906144918635
233,1791269134718268439,15067651885946,6.224741983000058,primary_goal,8.6753022,18.9734347,2.685578,0.0,0.0,0.0,0.2498906144918635
234,1791269134728276090,15067661764494,6.234620531000473,primary_goal,8.6753022,18.9734347,2.685578,0.0,0.0,0.0,0.2498906144918635
235,1791269134738263087,15067671772215,6.244628252001348,primary_goal,8.6753022,18.9734347,2.685578,0.0,0.0,0.0,0.2498906144918635
236,1791269134748281350,15067681713785,6.254569822000121,primary_goal,8.6753022,18.9734347,2.685578,0.0,0.0,0.0,0.2498906144918635
237,1791269134758256573,15067691986611,6.264842648000922,primary_goal,8.6753022,18.9734347,2.685578,0.0,0.0,0.0,0.2498906144918635
238,1791269134768315633,15067702229437,6.275085474000662,primary_goal,8.6753022,18.9734347,2.685578,0.0,0.0,0.0,0.2498906144918635
239,1791269134778172908,15067711797162,6.284653198999877,primary_goal,8.6753022,18.9734347,2.685578,0.0,0.0,0.0,0.2498906144918635
240,1791269134788352789,15067722252816,6.295108853000784,primary_goal,8.6753022,18.9734347,2.685578,0.0,0.0,0.0,0.2498906144918635
241,1791269134798261726,15067731816719,6.30467275600131,primary_goal,8.6753022,18.9734347,2.685578,0.0,0.0,0.0,0.2498906144918635
242,1791269134808195025,15067741518712,6.314374749001217,primary_goal,8.6753022,18.9734347,2.685578,0.0,0.0,0.0,0.2498906144918635
243,1791269134818247412,15067751539066,6.324395102999915,primary_goal,8.6753022,18.9734347,2.685578,0.0,0.0,0.0,0.2498906144918635
244,1791269134828328141,15067761590012,6.3344460490006895,primary_goal,8.6753022,18.9734347,2.685578,0.0,0.0,0.0,0.2498906144918635
245,1791269134838401982,15067772336515,6.345192552000299,primary_goal,8.6753022,18.9734347,2.685578,0.0,0.0,0.0,0.2498906144918635
246,1791269134848351979,15067781891012,6.354747049001162,primary_goal,8.6753022,18.9734347,2.685578,0.0,0.0,0.0,0.2498906144918635
247,1791269134858388224,15067792547192,6.365403229001458,primary_goal,8.6753022,18.9734347,2.685578,0.0,0.0,0.0,0.2498906144918635
248,1791269134868340297,15067801888376,6.374744413000371,primary_goal,8.6753022,18.9734347,2.685578,0.0,0.0,0.0,0.2498906144918635
249,1791269134878316818,15067811990145,6.384846182001638,primary_goal,8.6753022,18.9734347,2.685578,0.0,0.0,0.0,0.2498906144918635
250,1791269134888359336,15067822197472,6.395053509000718,primary_goal,8.6753022,18.9734347,2.685578,0.0,0.0,0.0,0.2498906144918635
251,1791269134898289861,15067831905349,6.404761386000246,primary_goal,8.6753022,18.9734347,2.685578,0.0,0.0,0.0,0.2498906144918635
252,1791269134908229303,15067841360723,6.414216760000272,primary_goal,8.6753022,18.9734347,2.685578,0.0,0.0,0.0,0.2498906144918635
253,1791269134918281322,15067851387937,6.424243974001001,primary_goal,8.6753022,18.9734347,2.685578,0.0,0.0,0.0,0.2498906144918635
254,1791269134928161731,15067861408630,6.434264667001116,primary_goal,8.6753022,18.9734347,2.685578,0.0,0.0,0.0,0.2498906144918635
255,1791269134938199171,15067871609497,6.4444655340012105,primary_goal,8.6753022,18.9734347,2.685578,0.0,0.0,0.0,0.2498906144918635
256,1791269134948289934,15067881936775,6.45479281200096,primary_goal,8.6753022,18.9734347,2.685578,0.0,0.0,0.0,0.2498906144918635
257,1791269134958236036,15067892416843,6.465272880001066,primary_goal,8.6753022,18.9734347,2.685578,0.0,0.0,0.0,0.2498906144918635
258,1791269134968339794,15067902312827,6.475168864000807,primary_goal,8.6753022,18.9734347,2.685578,0.0,0.0,0.0,0.2498906144918635
259,1791269134978148730,15067911865632,6.484721669001374,primary_goal,8.6753022,18.9734347,2.685578,0.0,0.0,0.0,0.2498906144918635
260,1791269134988372165,15067922850966,6.495707003001371,primary_goal,8.6753022,18.9734347,2.685578,0.0,0.0,0.0,0.2498906144918635
261,1791269134998262177,15067931707286,6.504563323000184,primary_goal,8.6753022,18.9734347,2.685578,0.0,0.0,0.0,0.2498906144918635
262,1791269135008145572,15067941397284,6.514253321000069,primary_goal,8.6753022,18.9734347,2.685578,0.0,0.0,0.0,0.2498906144918635
263,1791269135018128410,15067951468054,6.524324091000381,primary_goal,8.6753022,18.9734347,2.685578,0.0,0.0,0.0,0.2498906144918635
264,1791269135028312714,15067961548595,6.534404632000587,primary_goal,8.6753022,18.9734347,2.685578,0.0,0.0,0.0,0.2498906144918635
265,1791269135038320720,15067972068645,6.544924682000783,primary_goal,8.6753022,18.9734347,2.685578,0.0,0.0,0.0,0.2498906144918635
266,1791269135048286315,15067982326227,6.555182264000905,primary_goal,8.6753022,18.9734347,2.685578,0.0,0.0,0.0,0.2498906144918635
267,1791269135058442672,15067992935013,6.56579105000128,primary_goal,8.6753022,18.9734347,2.685578,0.0,0.0,0.0,0.2498906144918635
268,1791269135068391060,15068001976184,6.574832221000179,primary_goal,8.6753022,18.9734347,2.685578,0.0,0.0,0.0,0.2498906144918635
269,1791269135078332146,15068012063900,6.58491993700045,primary_goal,8.6753022,18.9734347,2.685578,0.0,0.0,0.0,0.2498906144918635
270,1791269135088317703,15068022245309,6.595101345999865,primary_goal,8.6753022,18.9734347,2.685578,0.0,0.0,0.0,0.2498906144918635
271,1791269135098274834,15068031845874,6.60470191100103,primary_goal,8.6753022,18.9734347,2.685578,0.0,0.0,0.0,0.2498906144918635
272,1791269135108221391,15068041477794,6.614333831001204,primary_goal,8.6753022,18.9734347,2.685578,0.0,0.0,0.0,0.2498906144918635
273,1791269135118139669,15068051489884,6.6243459209999855,primary_goal,8.6753022,18.9734347,2.685578,0.0,0.0,0.0,0.2498906144918635
274,1791269135128172402,15068061447239,6.634303276001447,primary_goal,8.6753022,18.9734347,2.685578,0.0,0.0,0.0,0.2498906144918635
275,1791269135138303333,15068072086205,6.64494224200098,primary_goal,8.6753022,18.9734347,2.685578,0.0,0.0,0.0,0.2498906144918635
276,1791269135148191732,15068081622564,6.654478600999937,primary_goal,8.6753022,18.9734347,2.685578,0.0,0.0,0.0,0.2498906144918635
277,1791269135158303906,15068092032298,6.664888335000796,primary_goal,8.6753022,18.9734347,2.685578,0.0,0.0,0.0,0.2498906144918635
278,1791269135168318253,15068101988274,6.674844311000925,primary_goal,8.6753022,18.9734347,2.685578,0.0,0.0,0.0,0.2498906144918635
279,1791269135178386886,15068112265376,6.685121413000161,primary_goal,8.6753022,18.9734347,2.685578,0.0,0.0,0.0,0.2498906144918635
280,1791269135188358852,15068122708194,6.6955642310003896,primary_goal,8.6753022,18.9734347,2.685578,0.0,0.0,0.0,0.2498906144918635
281,1791269135198260940,15068131886497,6.704742534000616,primary_goal,8.6753022,18.9734347,2.685578,0.0,0.0,0.0,0.2498906144918635
282,1791269135208228889,15068141477954,6.714333990999876,primary_goal,8.6753022,18.9734347,2.685578,0.0,0.0,0.0,0.2498906144918635
283,1791269135218436550,15068152014495,6.724870531999841,primary_goal,8.6753022,18.9734347,2.685578,0.0,0.0,0.0,0.2498906144918635
284,1791269135228307221,15068161511971,6.734368008001184,primary_goal,8.6753022,18.9734347,2.685578,0.0,0.0,0.0,0.2498906144918635
285,1791269135238231527,15068171460728,6.744316764999894,primary_goal,8.6753022,18.9734347,2.685578,0.0,0.0,0.0,0.2498906144918635
286,1791269135248260306,15068181712445,6.7545684820015595,primary_goal,8.6753022,18.9734347,2.685578,0.0,0.0,0.0,0.2498906144918635
287,1791269135258315301,15068192118899,6.764974936000726,primary_goal,8.6753022,18.9734347,2.685578,0.0,0.0,0.0,0.2498906144918635
288,1791269135268151429,15068201615493,6.774471530001392,primary_goal,8.6753022,18.9734347,2.685578,0.0,0.0,0.0,0.2498906144918635
289,1791269135278162170,15068211696603,6.784552640001493,primary_goal,8.6753022,18.9734347,2.685578,0.0,0.0,0.0,0.2498906144918635
290,1791269135288354258,15068222197237,6.795053274001475,primary_goal,8.6753022,18.9734347,2.685578,0.0,0.0,0.0,0.2498906144918635
291,1791269135298158878,15068231838812,6.804694849000953,primary_goal,8.6753022,18.9734347,2.685578,0.0,0.0,0.0,0.2498906144918635
292,1791269135308224928,15068241462285,6.814318321999963,primary_goal,8.6753022,18.9734347,2.685578,0.0,0.0,0.0,0.2498906144918635
293,1791269135318356127,15068251625313,6.824481350000497,primary_goal,8.6753022,18.9734347,2.685578,0.0,0.0,0.0,0.2498906144918635
294,1791269135328171013,15068261444836,6.834300873000757,primary_goal,8.6753022,18.9734347,2.685578,0.0,0.0,0.0,0.2498906144918635
295,1791269135338225264,15068271870602,6.844726639001237,primary_goal,8.6753022,18.9734347,2.685578,0.0,0.0,0.0,0.2498906144918635
296,1791269135348279174,15068282045008,6.854901045000588,primary_goal,8.6753022,18.9734347,2.685578,0.0,0.0,0.0,0.2498906144918635
297,1791269135358250298,15068292630489,6.865486526001405,primary_goal,8.6753022,18.9734347,2.685578,0.0,0.0,0.0,0.2498906144918635
298,1791269135368410741,15068302846769,6.875702806000845,primary_goal,8.6753022,18.9734347,2.685578,0.0,0.0,0.0,0.2498906144918635
299,1791269135378218063,15068312056604,6.884912641000483,primary_goal,8.6753022,18.9734347,2.685578,0.0,0.0,0.0,0.2498906144918635
300,1791269135388391633,15068322863124,6.89571916100067,primary_goal,8.6753022,18.9734347,2.685578,0.0,0.0,0.0,0.2498906144918635
301,1791269135398171515,15068331796305,6.90465234200019,primary_goal,8.6753022,18.9734347,2.685578,0.0,0.0,0.0,0.2498906144918635
302,1791269135408232296,15068341330503,6.914186540001538,primary_goal,8.6753022,18.9734347,2.685578,0.0,0.0,0.0,0.2498906144918635
303,1791269135418390097,15068351815288,6.924671325001327,primary_goal,8.6753022,18.9734347,2.685578,0.0,0.0,0.0,0.2498906144918635
304,1791269135428353641,15068361975000,6.934831037000549,primary_goal,8.6753022,18.9734347,2.685578,0.0,0.0,0.0,0.2498906144918635
305,1791269135438380020,15068372223448,6.945079484999951,primary_goal,8.6753022,18.9734347,2.685578,0.0,0.0,0.0,0.2498906144918635
306,1791269135448305540,15068382342328,6.955198364999887,primary_goal,8.6753022,18.9734347,2.685578,0.0,0.0,0.0,0.2498906144918635
307,1791269135458373667,15068392945838,6.965801875001489,primary_goal,8.6753022,18.9734347,2.685578,0.0,0.0,0.0,0.2498906144918635
308,1791269135468174502,15068402572950,6.975428987001578,primary_goal,8.6753022,18.9734347,2.685578,0.0,0.0,0.0,0.2498906144918635
309,1791269135478165947,15068411690792,6.984546829000465,primary_goal,8.6753022,18.9734347,2.685578,0.0,0.0,0.0,0.2498906144918635
310,1791269135488369851,15068422559195,6.995415232000596,primary_goal,8.6753022,18.9734347,2.685578,0.0,0.0,0.0,0.2498906144918635
311,1791269135498131950,15068431628609,7.004484646000492,primary_goal,8.6753022,18.9734347,2.685578,0.0,0.0,0.0,0.2498906144918635
312,1791269135508143861,15068441489749,7.014345786001286,primary_goal,8.6753022,18.9734347,2.685578,0.0,0.0,0.0,0.2498906144918635
313,1791269135518287368,15068451777552,7.024633589000587,primary_goal,8.6753022,18.9734347,2.685578,0.0,0.0,0.0,0.2498906144918635
314,1791269135528266813,15068461569451,7.0344254880001245,primary_goal,8.6753022,18.9734347,2.685578,0.0,0.0,0.0,0.2498906144918635
315,1791269135538263072,15068471855115,7.044711152000673,primary_goal,8.6753022,18.9734347,2.685578,0.0,0.0,0.0,0.2498906144918635
316,1791269135548146676,15068481990534,7.054846570999871,primary_goal,8.6753022,18.9734347,2.685578,0.0,0.0,0.0,0.2498906144918635
317,1791269135558164108,15068491955854,7.064811891001227,primary_goal,8.6753022,18.9734347,2.685578,0.0,0.0,0.0,0.2498906144918635
318,1791269135568318296,15068502282051,7.07513808800104,primary_goal,8.6753022,18.9734347,2.685578,0.0,0.0,0.0,0.2498906144918635
319,1791269135578306218,15068511904377,7.084760413999902,primary_goal,8.6753022,18.9734347,2.685578,0.0,0.0,0.0,0.2498906144918635
320,1791269135588407152,15068522949358,7.095805394999843,primary_goal,8.6753022,18.9734347,2.685578,0.0,0.0,0.0,0.2498906144918635
321,1791269135598246532,15068531726440,7.104582477000804,primary_goal,8.6753022,18.9734347,2.685578,0.0,0.0,0.0,0.2498906144918635
322,1791269135608217260,15068541532091,7.114388128000428,primary_goal,8.6753022,18.9734347,2.685578,0.0,0.0,0.0,0.2498906144918635
323,1791269135618256693,15068551684740,7.12454077700022,primary_goal,8.6753022,18.9734347,2.685578,0.0,0.0,0.0,0.2498906144918635
324,1791269135628172401,15068561474054,7.134330091001175,primary_goal,8.6753022,18.9734347,2.685578,0.0,0.0,0.0,0.2498906144918635
325,1791269135638238163,15068571628894,7.144484931000989,primary_goal,8.6753022,18.9734347,2.685578,0.0,0.0,0.0,0.2498906144918635
326,1791269135648504456,15068582612513,7.1554685500013875,primary_goal,8.6753022,18.9734347,2.685578,0.0,0.0,0.0,0.2498906144918635
327,1791269135658125379,15068591730515,7.164586552000401,primary_goal,8.6753022,18.9734347,2.685578,0.0,0.0,0.0,0.2498906144918635
328,1791269135668310377,15068601952022,7.1748080590004975,primary_goal,8.6753022,18.9734347,2.685578,0.0,0.0,0.0,0.2498906144918635
329,1791269135678269198,15068611981119,7.184837156000867,primary_goal,8.6753022,18.9734347,2.685578,0.0,0.0,0.0,0.2498906144918635
330,1791269135688314732,15068622355262,7.195211299000221,primary_goal,8.6753022,18.9734347,2.685578,0.0,0.0,0.0,0.2498906144918635
331,1791269135698163883,15068631960897,7.204816934001428,primary_goal,8.6753022,18.9734347,2.685578,0.0,0.0,0.0,0.2498906144918635
332,1791269135708145088,15068641617391,7.214473428000929,primary_goal,8.6753022,18.9734347,2.685578,0.0,0.0,0.0,0.2498906144918635
333,1791269135718124944,15068651353621,7.2242096580012,primary_goal,8.6753022,18.9734347,2.685578,0.0,0.0,0.0,0.2498906144918635
334,1791269135728318158,15068661499818,7.2343558550001035,primary_goal,8.6753022,18.9734347,2.685578,0.0,0.0,0.0,0.2498906144918635
335,1791269135738366988,15068672356468,7.2452125050003815,primary_goal,8.6753022,18.9734347,2.685578,0.0,0.0,0.0,0.2498906144918635
336,1791269135748256726,15068681753151,7.254609188001268,primary_goal,8.6753022,18.9734347,2.685578,0.0,0.0,0.0,0.2498906144918635
337,1791269135758282336,15068692107337,7.264963374000217,primary_goal,8.6753022,18.9734347,2.685578,0.0,0.0,0.0,0.2498906144918635
338,1791269135768325381,15068702103478,7.274959514999864,primary_goal,8.6753022,18.9734347,2.685578,0.0,0.0,0.0,0.2498906144918635
339,1791269135778274005,15068711858149,7.284714186000201,primary_goal,8.6753022,18.9734347,2.685578,0.0,0.0,0.0,0.2498906144918635
340,1791269135788408140,15068722765060,7.295621097000549,primary_goal,8.6753022,18.9734347,2.685578,0.0,0.0,0.0,0.2498906144918635
341,1791269135798263815,15068731975951,7.304831987999933,primary_goal,8.6753022,18.9734347,2.685578,0.0,0.0,0.0,0.2498906144918635
342,1791269135808232519,15068741525155,7.314381191999928,primary_goal,8.6753022,18.9734347,2.685578,0.0,0.0,0.0,0.2498906144918635
343,1791269135818356707,15068751957293,7.324813330000325,primary_goal,8.6753022,18.9734347,2.685578,0.0,0.0,0.0,0.2498906144918635
344,1791269135828177817,15068761837654,7.334693691000211,primary_goal,8.6753022,18.9734347,2.685578,0.0,0.0,0.0,0.2498906144918635
345,1791269135838479482,15068772289903,7.345145940000293,primary_goal,8.6753022,18.9734347,2.685578,0.0,0.0,0.0,0.2498906144918635
346,1791269135848262723,15068782413904,7.355269941001097,primary_goal,8.6753022,18.9734347,2.685578,0.0,0.0,0.0,0.2498906144918635
347,1791269135858155730,15068792165428,7.365021465000609,primary_goal,8.6753022,18.9734347,2.685578,0.0,0.0,0.0,0.2498906144918635
348,1791269135868155526,15068801830012,7.374686049000957,primary_goal,8.6753022,18.9734347,2.685578,0.0,0.0,0.0,0.2498906144918635
349,1791269135878282988,15068811994023,7.384850060001554,primary_goal,8.6753022,18.9734347,2.685578,0.0,0.0,0.0,0.2498906144918635
350,1791269135888287646,15068821987481,7.3948435180009255,primary_goal,8.6753022,18.9734347,2.685578,0.0,0.0,0.0,0.2498906144918635
351,1791269135898144758,15068831786430,7.404642467001395,primary_goal,8.6753022,18.9734347,2.685578,0.0,0.0,0.0,0.2498906144918635
352,1791269135908230400,15068841522647,7.414378684001349,primary_goal,8.6753022,18.9734347,2.685578,0.0,0.0,0.0,0.2498906144918635
353,1791269135918179795,15068851439942,7.424295979000817,primary_goal,8.6753022,18.9734347,2.685578,0.0,0.0,0.0,0.2498906144918635
354,1791269135928278184,15068861858217,7.434714254000937,primary_goal,8.6753022,18.9734347,2.685578,0.0,0.0,0.0,0.2498906144918635
355,1791269135938375665,15068872232190,7.445088227001179,primary_goal,8.6753022,18.9734347,2.685578,0.0,0.0,0.0,0.2498906144918635
356,1791269135948268358,15068882295281,7.455151318001299,primary_goal,8.6753022,18.9734347,2.685578,0.0,0.0,0.0,0.2498906144918635
357,1791269135958324821,15068892619717,7.4654757540010905,primary_goal,8.6753022,18.9734347,2.685578,0.0,0.0,0.0,0.2498906144918635
358,1791269135968329224,15068902276733,7.475132770001437,primary_goal,8.6753022,18.9734347,2.685578,0.0,0.0,0.0,0.2498906144918635
359,1791269135978370676,15068911906574,7.484762611000406,primary_goal,8.6753022,18.9734347,2.685578,0.0,0.0,0.0,0.2498906144918635
360,1791269135988287454,15068921700115,7.494556151999859,primary_goal,8.6753022,18.9734347,2.685578,0.0,0.0,0.0,0.2498906144918635
361,1791269135998231610,15068931683552,7.5045395890010695,primary_goal,8.6753022,18.9734347,2.685578,0.0,0.0,0.0,0.2498906144918635
362,1791269136008110564,15068941523730,7.514379767000719,primary_goal,8.6753022,18.9734347,2.685578,0.0,0.0,0.0,0.2498906144918635
363,1791269136018090784,15068951647326,7.524503362999894,primary_goal,8.6753022,18.9734347,2.685578,0.0,0.0,0.0,0.2498906144918635
364,1791269136028145929,15068961652890,7.534508927001298,primary_goal,8.6753022,18.9734347,2.685578,0.0,0.0,0.0,0.2498906144918635
365,1791269136038155506,15068971818689,7.544674726001176,primary_goal,8.6753022,18.9734347,2.685578,0.0,0.0,0.0,0.2498906144918635
366,1791269136048144948,15068981941416,7.554797452999992,primary_goal,8.6753022,18.9734347,2.685578,0.0,0.0,0.0,0.2498906144918635
367,1791269136058343614,15068992029738,7.564885775000221,primary_goal,8.6753022,18.9734347,2.685578,0.0,0.0,0.0,0.2498906144918635
368,1791269136068156209,15069001850183,7.574706220000735,primary_goal,8.6753022,18.9734347,2.685578,0.0,0.0,0.0,0.2498906144918635
369,1791269136078169849,15069011798314,7.584654351001518,primary_goal,8.6753022,18.9734347,2.685578,0.0,0.0,0.0,0.2498906144918635
370,1791269136088354206,15069022307973,7.595164010001099,primary_goal,8.6753022,18.9734347,2.685578,0.0,0.0,0.0,0.2498906144918635
371,1791269136098253001,15069031815948,7.6046719850000954,primary_goal,8.6753022,18.9734347,2.685578,0.0,0.0,0.0,0.2498906144918635
372,1791269136108216485,15069041367140,7.614223177000895,primary_goal,8.6753022,18.9734347,2.685578,0.0,0.0,0.0,0.2498906144918635
373,1791269136118303643,15069051581382,7.624437419000969,primary_goal,8.6753022,18.9734347,2.685578,0.0,0.0,0.0,0.2498906144918635
374,1791269136128344073,15069061640008,7.63449604500056,primary_goal,8.6753022,18.9734347,2.685578,0.0,0.0,0.0,0.2498906144918635
375,1791269136138228623,15069071672902,7.644528939001248,primary_goal,8.6753022,18.9734347,2.685578,0.0,0.0,0.0,0.2498906144918635
376,1791269136148322955,15069082050085,7.654906122001194,primary_goal,8.6753022,18.9734347,2.685578,0.0,0.0,0.0,0.2498906144918635
377,1791269136158468125,15069092867745,7.665723781999986,primary_goal,8.6753022,18.9734347,2.685578,0.0,0.0,0.0,0.2498906144918635
378,1791269136168336260,15069102699427,7.675555464000354,primary_goal,8.6753022,18.9734347,2.685578,0.0,0.0,0.0,0.2498906144918635
379,1791269136178252212,15069111833438,7.684689475001505,primary_goal,8.6753022,18.9734347,2.685578,0.0,0.0,0.0,0.2498906144918635
380,1791269136188457440,15069123096780,7.6959528170009435,primary_goal,8.6753022,18.9734347,2.685578,0.0,0.0,0.0,0.2498906144918635
381,1791269136198250624,15069131802970,7.704659007000373,primary_goal,8.6753022,18.9734347,2.685578,0.0,0.0,0.0,0.2498906144918635
382,1791269136208215992,15069141408079,7.714264116000777,primary_goal,8.6753022,18.9734347,2.685578,0.0,0.0,0.0,0.2498906144918635
383,1791269136218339706,15069151631472,7.724487509000028,primary_goal,8.6753022,18.9734347,2.685578,0.0,0.0,0.0,0.2498906144918635
384,1791269136228169512,15069161788467,7.734644504000244,primary_goal,8.6753022,18.9734347,2.685578,0.0,0.0,0.0,0.2498906144918635
385,1791269136238380337,15069172225315,7.745081352000852,primary_goal,8.6753022,18.9734347,2.685578,0.0,0.0,0.0,0.2498906144918635
386,1791269136248273874,15069181992513,7.754848550001043,primary_goal,8.6753022,18.9734347,2.685578,0.0,0.0,0.0,0.2498906144918635
387,1791269136258285275,15069191876147,7.764732184001332,primary_goal,8.6753022,18.9734347,2.685578,0.0,0.0,0.0,0.2498906144918635
388,1791269136268298561,15069201973668,7.774829705000229,primary_goal,8.6753022,18.9734347,2.685578,0.0,0.0,0.0,0.2498906144918635
389,1791269136278261778,15069212242870,7.7850989070011565,primary_goal,8.6753022,18.9734347,2.685578,0.0,0.0,0.0,0.2498906144918635
390,1791269136288455155,15069222676902,7.795532939000623,primary_goal,8.6753022,18.9734347,2.685578,0.0,0.0,0.0,0.2498906144918635
391,1791269136298266054,15069232022391,7.804878427999938,primary_goal,8.6753022,18.9734347,2.685578,0.0,0.0,0.0,0.2498906144918635
392,1791269136308225794,15069241596979,7.814453016000698,primary_goal,8.6753022,18.9734347,2.685578,0.0,0.0,0.0,0.2498906144918635
393,1791269136318356482,15069252057681,7.824913718000971,primary_goal,8.6753022,18.9734347,2.685578,0.0,0.0,0.0,0.2498906144918635
394,1791269136328351091,15069262339865,7.835195902000123,primary_goal,8.6753022,18.9734347,2.685578,0.0,0.0,0.0,0.2498906144918635
395,1791269136338367329,15069272212180,7.845068217000517,primary_goal,8.6753022,18.9734347,2.685578,0.0,0.0,0.0,0.2498906144918635
396,1791269136348271466,15069282254212,7.855110249000063,primary_goal,8.6753022,18.9734347,2.685578,0.0,0.0,0.0,0.2498906144918635
397,1791269136358321749,15069292962963,7.865819000000556,primary_goal,8.6753022,18.9734347,2.685578,0.0,0.0,0.0,0.2498906144918635
398,1791269136368280595,15069302087796,7.874943833001453,primary_goal,8.6753022,18.9734347,2.685578,0.0,0.0,0.0,0.2498906144918635
399,1791269136378258105,15069312067783,7.88492382000004,primary_goal,8.6753022,18.9734347,2.685578,0.0,0.0,0.0,0.2498906144918635
400,1791269136388306491,15069322345172,7.895201209001243,primary_goal,8.6753022,18.9734347,2.685578,0.0,0.0,0.0,0.2498906144918635
401,1791269136398248705,15069331750916,7.904606953001348,primary_goal,8.6753022,18.9734347,2.685578,0.0,0.0,0.0,0.2498906144918635
402,1791269136408207030,15069341410888,7.914266925001357,primary_goal,8.6753022,18.9734347,2.685578,0.0,0.0,0.0,0.2498906144918635
403,1791269136418287653,15069351895936,7.924751973001548,primary_goal,8.6753022,18.9734347,2.685578,0.0,0.0,0.0,0.2498906144918635
404,1791269136428377602,15069362112426,7.934968463001496,primary_goal,8.6753022,18.9734347,2.685578,0.0,0.0,0.0,0.2498906144918635
405,1791269136438361503,15069372229247,7.945085284000015,primary_goal,8.6753022,18.9734347,2.685578,0.0,0.0,0.0,0.2498906144918635
406,1791269136448266768,15069381709218,7.954565255000489,primary_goal,8.6753022,18.9734347,2.685578,0.0,0.0,0.0,0.2498906144918635
407,1791269136458159815,15069392236774,7.9650928110004315,primary_goal,8.6753022,18.9734347,2.685578,0.0,0.0,0.0,0.2498906144918635
408,1791269136468233783,15069402533979,7.975390016001256,primary_goal,8.6753022,18.9734347,2.685578,0.0,0.0,0.0,0.2498906144918635
409,1791269136478269848,15069411871613,7.984727650000423,primary_goal,8.6753022,18.9734347,2.685578,0.0,0.0,0.0,0.2498906144918635
410,1791269136488320031,15069422526925,7.995382962000804,primary_goal,8.6753022,18.9734347,2.685578,0.0,0.0,0.0,0.2498906144918635
411,1791269136498273446,15069431841144,8.004697181000665,primary_goal,8.6753022,18.9734347,2.685578,0.0,0.0,0.0,0.2498906144918635
412,1791269136508113120,15069441505662,8.014361699000801,primary_goal,8.6753022,18.9734347,2.685578,0.0,0.0,0.0,0.2498906144918635
413,1791269136518120766,15069451609313,8.024465350001265,primary_goal,8.6753022,18.9734347,2.685578,0.0,0.0,0.0,0.2498906144918635
414,1791269136528215276,15069461422723,8.034278760000234,primary_goal,8.6753022,18.9734347,2.685578,0.0,0.0,0.0,0.2498906144918635
415,1791269136538238848,15069471705535,8.04456157200002,primary_goal,8.6753022,18.9734347,2.685578,0.0,0.0,0.0,0.2498906144918635
416,1791269136548286670,15069482113205,8.05496924200088,primary_goal,8.6753022,18.9734347,2.685578,0.0,0.0,0.0,0.2498906144918635
417,1791269136558197222,15069491978837,8.064834874001463,primary_goal,8.6753022,18.9734347,2.685578,0.0,0.0,0.0,0.2498906144918635
418,1791269136568145328,15069502094965,8.074951002001399,primary_goal,8.6753022,18.9734347,2.685578,0.0,0.0,0.0,0.2498906144918635
419,1791269136578342484,15069512057640,8.084913677001168,primary_goal,8.6753022,18.9734347,2.685578,0.0,0.0,0.0,0.2498906144918635
420,1791269136588153241,15069521954379,8.094810416001565,primary_goal,8.6753022,18.9734347,2.685578,0.0,0.0,0.0,0.2498906144918635
421,1791269136598310036,15069532022421,8.104878458001622,primary_goal,8.6753022,18.9734347,2.685578,0.0,0.0,0.0,0.2498906144918635
422,1791269136608218490,15069541691165,8.114547202001631,primary_goal,8.6753022,18.9734347,2.685578,0.0,0.0,0.0,0.2498906144918635
423,1791269136618272970,15069551823537,8.124679574000766,primary_goal,8.6753022,18.9734347,2.685578,0.0,0.0,0.0,0.2498906144918635
424,1791269136628296202,15069561821354,8.134677391000878,primary_goal,8.6753022,18.9734347,2.685578,0.0,0.0,0.0,0.2498906144918635
425,1791269136638147771,15069571387414,8.144243451000875,primary_goal,8.6753022,18.9734347,2.685578,0.0,0.0,0.0,0.2498906144918635
426,1791269136648106205,15069581563438,8.154419475000395,primary_goal,8.6753022,18.9734347,2.685578,0.0,0.0,0.0,0.2498906144918635
427,1791269136658240718,15069591702260,8.16455829700135,primary_goal,8.6753022,18.9734347,2.685578,0.0,0.0,0.0,0.2498906144918635
428,1791269136668112989,15069601723582,8.174579619000724,primary_goal,8.6753022,18.9734347,2.685578,0.0,0.0,0.0,0.2498906144918635
429,1791269136678143040,15069611782529,8.184638566001013,primary_goal,8.6753022,18.9734347,2.685578,0.0,0.0,0.0,0.2498906144918635
430,1791269136688245986,15069621615332,8.194471369000894,primary_goal,8.6753022,18.9734347,2.685578,0.0,0.0,0.0,0.2498906144918635
431,1791269136698244063,15069631887799,8.204743836000489,primary_goal,8.6753022,18.9734347,2.685578,0.0,0.0,0.0,0.2498906144918635
432,1791269136708122223,15069641510829,8.214366866001,primary_goal,8.6753022,18.9734347,2.685578,0.0,0.0,0.0,0.2498906144918635
433,1791269136718221683,15069651652600,8.224508637000326,primary_goal,8.6753022,18.9734347,2.685578,0.0,0.0,0.0,0.2498906144918635
434,1791269136728208434,15069661606694,8.234462731001258,primary_goal,8.6753022,18.9734347,2.685578,0.0,0.0,0.0,0.2498906144918635
435,1791269136738140719,15069671809988,8.244666025000697,primary_goal,8.6753022,18.9734347,2.685578,0.0,0.0,0.0,0.2498906144918635
436,1791269136748285021,15069682166385,8.255022422001275,primary_goal,8.6753022,18.9734347,2.685578,0.0,0.0,0.0,0.2498906144918635
437,1791269136758179076,15069691745308,8.26460134500121,primary_goal,8.6753022,18.9734347,2.685578,0.0,0.0,0.0,0.2498906144918635
438,1791269136768219482,15069701719455,8.274575492001532,primary_goal,8.6753022,18.9734347,2.685578,0.0,0.0,0.0,0.2498906144918635
439,1791269136778274837,15069711898677,8.284754714000883,primary_goal,8.6753022,18.9734347,2.685578,0.0,0.0,0.0,0.2498906144918635
440,1791269136788160900,15069721741241,8.294597277999856,primary_goal,8.6753022,18.9734347,2.685578,0.0,0.0,0.0,0.2498906144918635
441,1791269136798310924,15069732124223,8.304980259999866,primary_goal,8.6753022,18.9734347,2.685578,0.0,0.0,0.0,0.2498906144918635
442,1791269136808086819,15069741327961,8.314183997999862,primary_goal,8.6753022,18.9734347,2.685578,0.0,0.0,0.0,0.2498906144918635
443,1791269136818215830,15069751325493,8.324181530000715,primary_goal,8.6753022,18.9734347,2.685578,0.0,0.0,0.0,0.2498906144918635
444,1791269136828240451,15069761491017,8.334347054000318,primary_goal,8.6753022,18.9734347,2.685578,0.0,0.0,0.0,0.2498906144918635
445,1791269136838268911,15069771721480,8.344577517000289,primary_goal,8.6753022,18.9734347,2.685578,0.0,0.0,0.0,0.2498906144918635
446,1791269136848253573,15069781985898,8.354841935000877,primary_goal,8.6753022,18.9734347,2.685578,0.0,0.0,0.0,0.2498906144918635
447,1791269136858204018,15069792027080,8.364883117001227,primary_goal,8.6753022,18.9734347,2.685578,0.0,0.0,0.0,0.2498906144918635
448,1791269136868303266,15069802232822,8.375088859000243,primary_goal,8.6753022,18.9734347,2.685578,0.0,0.0,0.0,0.2498906144918635
449,1791269136878240720,15069811786980,8.384643017001508,primary_goal,8.6753022,18.9734347,2.685578,0.0,0.0,0.0,0.2498906144918635
450,1791269136888366582,15069822156573,8.395012610000776,primary_goal,8.6753022,18.9734347,2.685578,0.0,0.0,0.0,0.2498906144918635
451,1791269136898143283,15069831866687,8.404722724000749,primary_goal,8.6753022,18.9734347,2.685578,0.0,0.0,0.0,0.2498906144918635
452,1791269136908135752,15069841553295,8.414409332001014,primary_goal,8.6753022,18.9734347,2.685578,0.0,0.0,0.0,0.2498906144918635
453,1791269136918247715,15069851486724,8.424342760999934,primary_goal,8.6753022,18.9734347,2.685578,0.0,0.0,0.0,0.2498906144918635
454,1791269136928246065,15069861456527,8.43431256400072,primary_goal,8.6753022,18.9734347,2.685578,0.0,0.0,0.0,0.2498906144918635
455,1791269136938390438,15069871728695,8.444584732000294,primary_goal,8.6753022,18.9734347,2.685578,0.0,0.0,0.0,0.2498906144918635
456,1791269136948298826,15069881918633,8.454774670000916,primary_goal,8.6753022,18.9734347,2.685578,0.0,0.0,0.0,0.2498906144918635
457,1791269136958360966,15069892300480,8.46515651700065,primary_goal,8.6753022,18.9734347,2.685578,0.0,0.0,0.0,0.2498906144918635
458,1791269136968349322,15069902195934,8.475051971001449,primary_goal,8.6753022,18.9734347,2.685578,0.0,0.0,0.0,0.2498906144918635
459,1791269136978199840,15069911855607,8.484711644001436,primary_goal,8.6753022,18.9734347,2.685578,0.0,0.0,0.0,0.2498906144918635
460,1791269136988142957,15069922082223,8.494938260000708,primary_goal,8.6753022,18.9734347,2.685578,0.0,0.0,0.0,0.2498906144918635
461,1791269136998129410,15069931755775,8.504611812000803,primary_goal,8.6753022,18.9734347,2.685578,0.0,0.0,0.0,0.2498906144918635
462,1791269137008123500,15069941385443,8.514241480001147,primary_goal,8.6753022,18.9734347,2.685578,0.0,0.0,0.0,0.2498906144918635
463,1791269137018146901,15069951427951,8.524283988001116,primary_goal,8.6753022,18.9734347,2.685578,0.0,0.0,0.0,0.2498906144918635
464,1791269137028212128,15069961828265,8.534684302001551,primary_goal,8.6753022,18.9734347,2.685578,0.0,0.0,0.0,0.2498906144918635
465,1791269137038227142,15069971612432,8.544468469001004,primary_goal,8.6753022,18.9734347,2.685578,0.0,0.0,0.0,0.2498906144918635
466,1791269137048182162,15069981736567,8.5545926040013,primary_goal,8.6753022,18.9734347,2.685578,0.0,0.0,0.0,0.2498906144918635
467,1791269137058275959,15069991948136,8.564804173000084,primary_goal,8.6753022,18.9734347,2.685578,0.0,0.0,0.0,0.2498906144918635
468,1791269137068250575,15070001980779,8.574836816000243,primary_goal,8.6753022,18.9734347,2.685578,0.0,0.0,0.0,0.2498906144918635
469,1791269137078104509,15070011690572,8.584546609001336,primary_goal,8.6753022,18.9734347,2.685578,0.0,0.0,0.0,0.2498906144918635
470,1791269137088150843,15070022133782,8.594989819001057,primary_goal,8.6753022,18.9734347,2.685578,0.0,0.0,0.0,0.2498906144918635
471,1791269137098243135,15070031855783,8.604711820000375,primary_goal,8.6753022,18.9734347,2.685578,0.0,0.0,0.0,0.2498906144918635
472,1791269137108122621,15070041325899,8.614181936000023,primary_goal,8.6753022,18.9734347,2.685578,0.0,0.0,0.0,0.2498906144918635
473,1791269137118248026,15070051314032,8.624170069000684,primary_goal,8.6753022,18.9734347,2.685578,0.0,0.0,0.0,0.2498906144918635
474,1791269137128231066,15070061341124,8.634197160999975,primary_goal,8.6753022,18.9734347,2.685578,0.0,0.0,0.0,0.2498906144918635
475,1791269137138127320,15070071634202,8.644490239001243,primary_goal,8.6753022,18.9734347,2.685578,0.0,0.0,0.0,0.2498906144918635
476,1791269137148135057,15070081797667,8.654653704001248,primary_goal,8.6753022,18.9734347,2.685578,0.0,0.0,0.0,0.2498906144918635
477,1791269137158305802,15070092024839,8.664880876000097,primary_goal,8.6753022,18.9734347,2.685578,0.0,0.0,0.0,0.2498906144918635
478,1791269137168467904,15070102375982,8.67523201900076,primary_goal,8.6753022,18.9734347,2.685578,0.0,0.0,0.0,0.2498906144918635
479,1791269137178214829,15070111804837,8.684660874001565,primary_goal,8.6753022,18.9734347,2.685578,0.0,0.0,0.0,0.2498906144918635
480,1791269137188414224,15070122158689,8.695014726001318,primary_goal,8.6753022,18.9734347,2.685578,0.0,0.0,0.0,0.2498906144918635
481,1791269137198292638,15070131857814,8.704713851000633,primary_goal,8.6753022,18.9734347,2.685578,0.0,0.0,0.0,0.2498906144918635
482,1791269137208287974,15070141511405,8.714367442000366,primary_goal,8.6753022,18.9734347,2.685578,0.0,0.0,0.0,0.2498906144918635
483,1791269137218161756,15070151483753,8.724339790000158,primary_goal,8.6753022,18.9734347,2.685578,0.0,0.0,0.0,0.2498906144918635
484,1791269137228304338,15070161710553,8.734566590001123,primary_goal,8.6753022,18.9734347,2.685578,0.0,0.0,0.0,0.2498906144918635
485,1791269137238217350,15070171927763,8.744783800000732,primary_goal,8.6753022,18.9734347,2.685578,0.0,0.0,0.0,0.2498906144918635
486,1791269137248135458,15070181853709,8.754709746001026,primary_goal,8.6753022,18.9734347,2.685578,0.0,0.0,0.0,0.2498906144918635
487,1791269137258323247,15070192635389,8.765491426000153,primary_goal,8.6753022,18.9734347,2.685578,0.0,0.0,0.0,0.2498906144918635
488,1791269137268403184,15070202138957,8.774994994000735,primary_goal,8.6753022,18.9734347,2.685578,0.0,0.0,0.0,0.2498906144918635
489,1791269137278251273,15070211798869,8.784654906001379,primary_goal,8.6753022,18.9734347,2.685578,0.0,0.0,0.0,0.2498906144918635
490,1791269137288486793,15070222692655,8.795548692000011,primary_goal,8.6753022,18.9734347,2.685578,0.0,0.0,0.0,0.2498906144918635
491,1791269137298317255,15070231931903,8.804787940000097,primary_goal,8.6753022,18.9734347,2.685578,0.0,0.0,0.0,0.2498906144918635
492,1791269137308155089,15070241472059,8.81432809600119,primary_goal,8.6753022,18.9734347,2.685578,0.0,0.0,0.0,0.2498906144918635
493,1791269137318326637,15070251938991,8.824795028000153,primary_goal,8.6753022,18.9734347,2.685578,0.0,0.0,0.0,0.2498906144918635
494,1791269137328367488,15070262132129,8.834988166001494,primary_goal,8.6753022,18.9734347,2.685578,0.0,0.0,0.0,0.2498906144918635
495,1791269137338139283,15070272233060,8.845089097001619,primary_goal,8.6753022,18.9734347,2.685578,0.0,0.0,0.0,0.2498906144918635
496,1791269137348258995,15070282300145,8.855156182000428,primary_goal,8.6753022,18.9734347,2.685578,0.0,0.0,0.0,0.2498906144918635
497,1791269137358284254,15070292705553,8.865561590000652,primary_goal,8.6753022,18.9734347,2.685578,0.0,0.0,0.0,0.2498906144918635
498,1791269137368340995,15070302277406,8.875133442999868,primary_goal,8.6753022,18.9734347,2.685578,0.0,0.0,0.0,0.2498906144918635
499,1791269137378247271,15070311980533,8.884836570001426,primary_goal,8.6753022,18.9734347,2.685578,0.0,0.0,0.0,0.2498906144918635
500,1791269137388311605,15070322269267,8.89512530400134,primary_goal,8.6753022,18.9734347,2.685578,0.0,0.0,0.0,0.2498906144918635
501,1791269137398223095,15070331800851,8.904656888000318,primary_goal,8.6753022,18.9734347,2.685578,0.0,0.0,0.0,0.2498906144918635
502,1791269137408188260,15070341400743,8.91425678000087,primary_goal,8.6753022,18.9734347,2.685578,0.0,0.0,0.0,0.2498906144918635
503,1791269137418203216,15070351544151,8.924400188001528,primary_goal,8.6753022,18.9734347,2.685578,0.0,0.0,0.0,0.2498906144918635
504,1791269137428179564,15070361437292,8.934293329000866,primary_goal,8.6753022,18.9734347,2.685578,0.0,0.0,0.0,0.2498906144918635
505,1791269137438180225,15070371383911,8.944239948001268,primary_goal,8.6753022,18.9734347,2.685578,0.0,0.0,0.0,0.2498906144918635
506,1791269137448175610,15070381484514,8.954340551001224,primary_goal,8.6753022,18.9734347,2.685578,0.0,0.0,0.0,0.2498906144918635
507,1791269137458180134,15070391412847,8.964268884001285,primary_goal,8.6753022,18.9734347,2.685578,0.0,0.0,0.0,0.2498906144918635
508,1791269137468180461,15070401368364,8.974224401001266,primary_goal,8.6753022,18.9734347,2.685578,0.0,0.0,0.0,0.2498906144918635
509,1791269137478190617,15070411333100,8.984189137001522,primary_goal,8.6753022,18.9734347,2.685578,0.0,0.0,0.0,0.2498906144918635
510,1791269137488190682,15070421363541,8.994219578000411,primary_goal,8.6753022,18.9734347,2.685578,0.0,0.0,0.0,0.2498906144918635
511,1791269137498076412,15070431717777,9.00457381400156,primary_goal,8.6753022,18.9734347,2.685578,0.0,0.0,0.0,0.2498906144918635
512,1791269137508137864,15070441647941,9.014503977999993,primary_goal,8.6753022,18.9734347,2.685578,0.0,0.0,0.0,0.2498906144918635
513,1791269137518218580,15070451512935,9.024368972000957,primary_goal,8.6753022,18.9734347,2.685578,0.0,0.0,0.0,0.2498906144918635
514,1791269137528394409,15070462027242,9.034883279000496,primary_goal,8.6753022,18.9734347,2.685578,0.0,0.0,0.0,0.2498906144918635
515,1791269137538351379,15070471906208,9.044762245001039,primary_goal,8.6753022,18.9734347,2.685578,0.0,0.0,0.0,0.2498906144918635
516,1791269137548215555,15070481468050,9.054324087001078,primary_goal,8.6753022,18.9734347,2.685578,0.0,0.0,0.0,0.2498906144918635
517,1791269137558238226,15070491447698,9.064303735000067,primary_goal,8.6753022,18.9734347,2.685578,0.0,0.0,0.0,0.2498906144918635
518,1791269137568259499,15070501670439,9.074526476000756,primary_goal,8.6753022,18.9734347,2.685578,0.0,0.0,0.0,0.2498906144918635
519,1791269137578200076,15070512105179,9.08496121600001,primary_goal,8.6753022,18.9734347,2.685578,0.0,0.0,0.0,0.2498906144918635
520,1791269137588395210,15070522568071,9.095424107999861,primary_goal,8.6753022,18.9734347,2.685578,0.0,0.0,0.0,0.2498906144918635
521,1791269137598203721,15070531766978,9.10462301500047,primary_goal,8.6753022,18.9734347,2.685578,0.0,0.0,0.0,0.2498906144918635
522,1791269137608196952,15070541486597,9.114342634000423,primary_goal,8.6753022,18.9734347,2.685578,0.0,0.0,0.0,0.2498906144918635
523,1791269137618274989,15070551781348,9.124637385000824,primary_goal,8.6753022,18.9734347,2.685578,0.0,0.0,0.0,0.2498906144918635
524,1791269137628157516,15070561955887,9.134811924001042,primary_goal,8.6753022,18.9734347,2.685578,0.0,0.0,0.0,0.2498906144918635
525,1791269137638266653,15070572453038,9.145309075000114,primary_goal,8.6753022,18.9734347,2.685578,0.0,0.0,0.0,0.2498906144918635
526,1791269137648136283,15070582052260,9.154908297001384,primary_goal,8.6753022,18.9734347,2.685578,0.0,0.0,0.0,0.2498906144918635
527,1791269137658125453,15070592088846,9.164944883001226,primary_goal,8.6753022,18.9734347,2.685578,0.0,0.0,0.0,0.2498906144918635
528,1791269137668131958,15070602209687,9.175065724000888,primary_goal,8.6753022,18.9734347,2.685578,0.0,0.0,0.0,0.2498906144918635
529,1791269137678132524,15070611793672,9.18464970900095,primary_goal,8.6753022,18.9734347,2.685578,0.0,0.0,0.0,0.2498906144918635
530,1791269137688332959,15070622190561,9.195046598000772,primary_goal,8.6753022,18.9734347,2.685578,0.0,0.0,0.0,0.2498906144918635
531,1791269137698083044,15070631654634,9.204510671001117,primary_goal,8.6753022,18.9734347,2.685578,0.0,0.0,0.0,0.2498906144918635
532,1791269137708118730,15070641280304,9.214136341000994,primary_goal,8.6753022,18.9734347,2.685578,0.0,0.0,0.0,0.2498906144918635
533,1791269137718146679,15070651456649,9.224312686001213,primary_goal,8.6753022,18.9734347,2.685578,0.0,0.0,0.0,0.2498906144918635
534,1791269137728196261,15070661518958,9.234374995001417,primary_goal,8.6753022,18.9734347,2.685578,0.0,0.0,0.0,0.2498906144918635
535,1791269137738116897,15070671587609,9.244443646000946,primary_goal,8.6753022,18.9734347,2.685578,0.0,0.0,0.0,0.2498906144918635
536,1791269137748109231,15070681676584,9.25453262100018,primary_goal,8.6753022,18.9734347,2.685578,0.0,0.0,0.0,0.2498906144918635
537,1791269137758266661,15070692662674,9.265518711001278,primary_goal,8.6753022,18.9734347,2.685578,0.0,0.0,0.0,0.2498906144918635
538,1791269137768368612,15070702794028,9.275650065001173,primary_goal,8.6753022,18.9734347,2.685578,0.0,0.0,0.0,0.2498906144918635
539,1791269137778258979,15070711851183,9.2847072200002,primary_goal,8.6753022,18.9734347,2.685578,0.0,0.0,0.0,0.2498906144918635
540,1791269137788143032,15070722037606,9.29489364300025,primary_goal,8.6753022,18.9734347,2.685578,0.0,0.0,0.0,0.2498906144918635
541,1791269137798219019,15070731823733,9.304679770000803,primary_goal,8.6753022,18.9734347,2.685578,0.0,0.0,0.0,0.2498906144918635
542,1791269137808072921,15070741401384,9.314257421001457,primary_goal,8.6753022,18.9734347,2.685578,0.0,0.0,0.0,0.2498906144918635
543,1791269137818321479,15070751803066,9.324659103000158,primary_goal,8.6753022,18.9734347,2.685578,0.0,0.0,0.0,0.2498906144918635
544,1791269137828341576,15070762133665,9.334989702001621,primary_goal,8.6753022,18.9734347,2.685578,0.0,0.0,0.0,0.2498906144918635
545,1791269137838131697,15070771859718,9.344715754999925,primary_goal,8.6753022,18.9734347,2.685578,0.0,0.0,0.0,0.2498906144918635
546,1791269137848252308,15070781623523,9.354479560000982,primary_goal,8.6753022,18.9734347,2.685578,0.0,0.0,0.0,0.2498906144918635
547,1791269137858292234,15070791909059,9.364765096001065,primary_goal,8.6753022,18.9734347,2.685578,0.0,0.0,0.0,0.2498906144918635
548,1791269137868272112,15070802559804,9.375415841001086,primary_goal,8.6753022,18.9734347,2.685578,0.0,0.0,0.0,0.2498906144918635
549,1791269137878153822,15070812012585,9.384868622000795,primary_goal,8.6753022,18.9734347,2.685578,0.0,0.0,0.0,0.2498906144918635
550,1791269137888151520,15070821994731,9.394850768001561,primary_goal,8.6753022,18.9734347,2.685578,0.0,0.0,0.0,0.2498906144918635
551,1791269137898281299,15070831908453,9.404764490000161,primary_goal,8.6753022,18.9734347,2.685578,0.0,0.0,0.0,0.2498906144918635
552,1791269137908065525,15070841336034,9.414192071000798,primary_goal,8.6753022,18.9734347,2.685578,0.0,0.0,0.0,0.2498906144918635
553,1791269137918365215,15070851645230,9.424501266999869,primary_goal,8.6753022,18.9734347,2.685578,0.0,0.0,0.0,0.2498906144918635
554,1791269137928181878,15070861488655,9.434344692001105,primary_goal,8.6753022,18.9734347,2.685578,0.0,0.0,0.0,0.2498906144918635
555,1791269137938215595,15070871636531,9.444492567999987,primary_goal,8.6753022,18.9734347,2.685578,0.0,0.0,0.0,0.2498906144918635
556,1791269137948246799,15070881819517,9.45467555400137,primary_goal,8.6753022,18.9734347,2.685578,0.0,0.0,0.0,0.2498906144918635
557,1791269137958141117,15070891971568,9.464827605001119,primary_goal,8.6753022,18.9734347,2.685578,0.0,0.0,0.0,0.2498906144918635
558,1791269137968248142,15070901977286,9.474833322999984,primary_goal,8.6753022,18.9734347,2.685578,0.0,0.0,0.0,0.2498906144918635
559,1791269137978228178,15070911637400,9.48449343700122,primary_goal,8.6753022,18.9734347,2.685578,0.0,0.0,0.0,0.2498906144918635
560,1791269137988282757,15070921921993,9.494778030000816,primary_goal,8.6753022,18.9734347,2.685578,0.0,0.0,0.0,0.2498906144918635
561,1791269137998277612,15070931880289,9.504736326000057,primary_goal,8.6753022,18.9734347,2.685578,0.0,0.0,0.0,0.2498906144918635
562,1791269138008076871,15070941302133,9.514158170000883,primary_goal,8.6753022,18.9734347,2.685578,0.0,0.0,0.0,0.2498906144918635
563,1791269138018169840,15070951349717,9.524205753999922,primary_goal,8.6753022,18.9734347,2.685578,0.0,0.0,0.0,0.2498906144918635
564,1791269138028179280,15070961391766,9.534247803001563,primary_goal,8.6753022,18.9734347,2.685578,0.0,0.0,0.0,0.2498906144918635
565,1791269138038239680,15070971735654,9.544591691001187,primary_goal,8.6753022,18.9734347,2.685578,0.0,0.0,0.0,0.2498906144918635
566,1791269138048315818,15070981866284,9.554722321001464,primary_goal,8.6753022,18.9734347,2.685578,0.0,0.0,0.0,0.2498906144918635
567,1791269138058105067,15070991472440,9.564328477001254,primary_goal,8.6753022,18.9734347,2.685578,0.0,0.0,0.0,0.2498906144918635
568,1791269138068172745,15071001303581,9.574159618001431,primary_goal,8.6753022,18.9734347,2.685578,0.0,0.0,0.0,0.2498906144918635
569,1791269138078192187,15071011450349,9.584306386001117,primary_goal,8.6753022,18.9734347,2.685578,0.0,0.0,0.0,0.2498906144918635
570,1791269138088219745,15071021662739,9.594518776000768,primary_goal,8.6753022,18.9734347,2.685578,0.0,0.0,0.0,0.2498906144918635
571,1791269138098218303,15071031610919,9.604466956001488,primary_goal,8.6753022,18.9734347,2.685578,0.0,0.0,0.0,0.2498906144918635
572,1791269138108177855,15071041349608,9.614205645000766,primary_goal,8.6753022,18.9734347,2.685578,0.0,0.0,0.0,0.2498906144918635
573,1791269138118294699,15071051445649,9.624301686000763,primary_goal,8.6753022,18.9734347,2.685578,0.0,0.0,0.0,0.2498906144918635
574,1791269138128344560,15071061549268,9.634405305001565,primary_goal,8.6753022,18.9734347,2.685578,0.0,0.0,0.0,0.2498906144918635
575,1791269138138289778,15071072458979,9.645315016001405,primary_goal,8.6753022,18.9734347,2.685578,0.0,0.0,0.0,0.2498906144918635
576,1791269138148248555,15071082259087,9.655115124000076,primary_goal,8.6753022,18.9734347,2.685578,0.0,0.0,0.0,0.2498906144918635
577,1791269138158283276,15071092566004,9.665422041000056,primary_goal,8.6753022,18.9734347,2.685578,0.0,0.0,0.0,0.2498906144918635
578,1791269138168292159,15071102308023,9.675164060001407,primary_goal,8.6753022,18.9734347,2.685578,0.0,0.0,0.0,0.2498906144918635
579,1791269138178303185,15071112101360,9.684957397001199,primary_goal,8.6753022,18.9734347,2.685578,0.0,0.0,0.0,0.2498906144918635
580,1791269138188292998,15071122359086,9.695215123001617,primary_goal,8.6753022,18.9734347,2.685578,0.0,0.0,0.0,0.2498906144918635
581,1791269138198098172,15071131668544,9.704524581000442,primary_goal,8.6753022,18.9734347,2.685578,0.0,0.0,0.0,0.2498906144918635
582,1791269138208216293,15071141496780,9.714352816999963,primary_goal,8.6753022,18.9734347,2.685578,0.0,0.0,0.0,0.2498906144918635
583,1791269138218276179,15071151627727,9.72448376400098,primary_goal,8.6753022,18.9734347,2.685578,0.0,0.0,0.0,0.2498906144918635
584,1791269138228221314,15071161525486,9.734381523001503,primary_goal,8.6753022,18.9734347,2.685578,0.0,0.0,0.0,0.2498906144918635
585,1791269138238208113,15071171812913,9.744668950001142,primary_goal,8.6753022,18.9734347,2.685578,0.0,0.0,0.0,0.2498906144918635
586,1791269138248198260,15071181903418,9.754759455001476,primary_goal,8.6753022,18.9734347,2.685578,0.0,0.0,0.0,0.2498906144918635
587,1791269138258441107,15071192642216,9.76549825300026,primary_goal,8.6753022,18.9734347,2.685578,0.0,0.0,0.0,0.2498906144918635
588,1791269138268277018,15071202664242,9.775520279001285,primary_goal,8.6753022,18.9734347,2.685578,0.0,0.0,0.0,0.2498906144918635
589,1791269138278173204,15071211570928,9.78442696500133,primary_goal,8.6753022,18.9734347,2.685578,0.0,0.0,0.0,0.2498906144918635
590,1791269138288453427,15071222411838,9.795267875000718,primary_goal,8.6753022,18.9734347,2.685578,0.0,0.0,0.0,0.2498906144918635
591,1791269138298144651,15071231846226,9.804702262999854,primary_goal,8.6753022,18.9734347,2.685578,0.0,0.0,0.0,0.2498906144918635
592,1791269138308172459,15071241463800,9.814319836999857,primary_goal,8.6753022,18.9734347,2.685578,0.0,0.0,0.0,0.2498906144918635
593,1791269138318157266,15071251350088,9.824206125000273,primary_goal,8.6753022,18.9734347,2.685578,0.0,0.0,0.0,0.2498906144918635
594,1791269138328161332,15071261435886,9.83429192299991,primary_goal,8.6753022,18.9734347,2.685578,0.0,0.0,0.0,0.2498906144918635
595,1791269138338159309,15071271626310,9.84448234699994,primary_goal,8.6753022,18.9734347,2.685578,0.0,0.0,0.0,0.2498906144918635
596,1791269138348215943,15071281827992,9.854684029000055,primary_goal,8.6753022,18.9734347,2.685578,0.0,0.0,0.0,0.2498906144918635
597,1791269138358283998,15071292452965,9.865309002001595,primary_goal,8.6753022,18.9734347,2.685578,0.0,0.0,0.0,0.2498906144918635
598,1791269138368243875,15071301772866,9.874628903000485,primary_goal,8.6753022,18.9734347,2.685578,0.0,0.0,0.0,0.2498906144918635
599,1791269138378218774,15071311835217,9.884691254001154,primary_goal,8.6753022,18.9734347,2.685578,0.0,0.0,0.0,0.2498906144918635
600,1791269138388470393,15071322210030,9.895066067001608,primary_goal,8.6753022,18.9734347,2.685578,0.0,0.0,0.0,0.2498906144918635
601,1791269138398107556,15071331592601,9.904448638000758,primary_goal,8.6753022,18.9734347,2.685578,0.0,0.0,0.0,0.2498906144918635
602,1791269138408097002,15071342020707,9.91487674400014,primary_goal,8.6753022,18.9734347,2.685578,0.0,0.0,0.0,0.2498906144918635
603,1791269138418130136,15071351316495,9.924172532000739,primary_goal,8.6753022,18.9734347,2.685578,0.0,0.0,0.0,0.2498906144918635
604,1791269138428130652,15071361293134,9.934149171000172,primary_goal,8.6753022,18.9734347,2.685578,0.0,0.0,0.0,0.2498906144918635
605,1791269138438169015,15071371554805,9.944410842001162,primary_goal,8.6753022,18.9734347,2.685578,0.0,0.0,0.0,0.2498906144918635
606,1791269138448234057,15071381866736,9.954722772999958,primary_goal,8.6753022,18.9734347,2.685578,0.0,0.0,0.0,0.2498906144918635
607,1791269138458225029,15071391861734,9.964717771001233,primary_goal,8.6753022,18.9734347,2.685578,0.0,0.0,0.0,0.2498906144918635
608,1791269138468279735,15071402130199,9.974986236000404,primary_goal,8.6753022,18.9734347,2.685578,0.0,0.0,0.0,0.2498906144918635
609,1791269138478254382,15071411758855,9.984614892000536,primary_goal,8.6753022,18.9734347,2.685578,0.0,0.0,0.0,0.2498906144918635
610,1791269138488249151,15071421990206,9.994846243000211,primary_goal,8.6753022,18.9734347,2.685578,0.0,0.0,0.0,0.2498906144918635
611,1791269138498220931,15071431791448,10.004647485000532,primary_goal,8.6753022,18.9734347,2.685578,0.0,0.0,0.0,0.2498906144918635
612,1791269138508197135,15071441806239,10.014662276000308,primary_goal,8.6753022,18.9734347,2.685578,0.0,0.0,0.0,0.2498906144918635
613,1791269138518127756,15071451378434,10.024234471000455,primary_goal,8.6753022,18.9734347,2.685578,0.0,0.0,0.0,0.2498906144918635
614,1791269138528177323,15071461347247,10.034203283999886,primary_goal,8.6753022,18.9734347,2.685578,0.0,0.0,0.0,0.2498906144918635
615,1791269138538200472,15071471574485,10.044430522000766,primary_goal,8.6753022,18.9734347,2.685578,0.0,0.0,0.0,0.2498906144918635
616,1791269138548328203,15071481796535,10.054652572000123,primary_goal,8.6753022,18.9734347,2.685578,0.0,0.0,0.0,0.2498906144918635
617,1791269138558118084,15071491804553,10.06466059000013,primary_goal,8.6753022,18.9734347,2.685578,0.0,0.0,0.0,0.2498906144918635
618,1791269138568078552,15071501703847,10.074559884000337,primary_goal,8.6753022,18.9734347,2.685578,0.0,0.0,0.0,0.2498906144918635
619,1791269138578137121,15071511720994,10.084577031000663,primary_goal,8.6753022,18.9734347,2.685578,0.0,0.0,0.0,0.2498906144918635
620,1791269138588270474,15071522156092,10.09501212900068,primary_goal,8.6753022,18.9734347,2.685578,0.0,0.0,0.0,0.2498906144918635
621,1791269138598180261,15071531503782,10.10435981900082,primary_goal,8.6753022,18.9734347,2.685578,0.0,0.0,0.0,0.2498906144918635
622,1791269138608309861,15071541427432,10.114283468999929,primary_goal,8.6753022,18.9734347,2.685578,0.0,0.0,0.0,0.2498906144918635
623,1791269138618129037,15071551365034,10.124221071000647,primary_goal,8.6753022,18.9734347,2.685578,0.0,0.0,0.0,0.2498906144918635
624,1791269138628121624,15071561352758,10.134208795001541,primary_goal,8.6753022,18.9734347,2.685578,0.0,0.0,0.0,0.2498906144918635
625,1791269138638221429,15071571681748,10.144537785001376,primary_goal,8.6753022,18.9734347,2.685578,0.0,0.0,0.0,0.2498906144918635
626,1791269138648117831,15071581647724,10.154503761001251,primary_goal,8.6753022,18.9734347,2.685578,0.0,0.0,0.0,0.2498906144918635
627,1791269138658277183,15071592739011,10.165595047999886,primary_goal,8.6753022,18.9734347,2.685578,0.0,0.0,0.0,0.2498906144918635
628,1791269138668117552,15071602562706,10.1754187430015,primary_goal,8.6753022,18.9734347,2.685578,0.0,0.0,0.0,0.2498906144918635
629,1791269138678161960,15071611749252,10.18460528900141,primary_goal,8.6753022,18.9734347,2.685578,0.0,0.0,0.0,0.2498906144918635
630,1791269138688125463,15071621916520,10.19477255700076,primary_goal,8.6753022,18.9734347,2.685578,0.0,0.0,0.0,0.2498906144918635
631,1791269138698068094,15071631602959,10.20445899600054,primary_goal,8.6753022,18.9734347,2.685578,0.0,0.0,0.0,0.2498906144918635
632,1791269138708189282,15071641364861,10.214220898000349,primary_goal,8.6753022,18.9734347,2.685578,0.0,0.0,0.0,0.2498906144918635
633,1791269138718268501,15071651478373,10.224334410000665,primary_goal,8.6753022,18.9734347,2.685578,0.0,0.0,0.0,0.2498906144918635
634,1791269138728217270,15071661414565,10.234270602000834,primary_goal,8.6753022,18.9734347,2.685578,0.0,0.0,0.0,0.2498906144918635
635,1791269138738269912,15071671737279,10.244593316001556,primary_goal,8.6753022,18.9734347,2.685578,0.0,0.0,0.0,0.2498906144918635
636,1791269138748235505,15071681780427,10.254636464000214,primary_goal,8.6753022,18.9734347,2.685578,0.0,0.0,0.0,0.2498906144918635
637,1791269138758411077,15071692090760,10.264946797000448,primary_goal,8.6753022,18.9734347,2.685578,0.0,0.0,0.0,0.2498906144918635
638,1791269138768112167,15071701673039,10.274529076001272,primary_goal,8.6753022,18.9734347,2.685578,0.0,0.0,0.0,0.2498906144918635
639,1791269138778228965,15071711843924,10.284699961001024,primary_goal,8.6753022,18.9734347,2.685578,0.0,0.0,0.0,0.2498906144918635
640,1791269138788295512,15071722552655,10.29540869199991,primary_goal,8.6753022,18.9734347,2.685578,0.0,0.0,0.0,0.2498906144918635
641,1791269138798132660,15071731824297,10.304680334000295,primary_goal,8.6753022,18.9734347,2.685578,0.0,0.0,0.0,0.2498906144918635
642,1791269138808172152,15071741378113,10.31423415000063,primary_goal,8.6753022,18.9734347,2.685578,0.0,0.0,0.0,0.2498906144918635
643,1791269138818267351,15071751400151,10.324256188001527,primary_goal,8.6753022,18.9734347,2.685578,0.0,0.0,0.0,0.2498906144918635
644,1791269138828219458,15071761360450,10.334216487000958,primary_goal,8.6753022,18.9734347,2.685578,0.0,0.0,0.0,0.2498906144918635
645,1791269138838205269,15071771520856,10.344376893001026,primary_goal,8.6753022,18.9734347,2.685578,0.0,0.0,0.0,0.2498906144918635
646,1791269138848133233,15071781677952,10.354533989000629,primary_goal,8.6753022,18.9734347,2.685578,0.0,0.0,0.0,0.2498906144918635
647,1791269138858195476,15071791621164,10.364477201001137,primary_goal,8.6753022,18.9734347,2.685578,0.0,0.0,0.0,0.2498906144918635
648,1791269138868251760,15071802184575,10.375040612001612,primary_goal,8.6753022,18.9734347,2.685578,0.0,0.0,0.0,0.2498906144918635
649,1791269138878225686,15071811724160,10.384580197000105,primary_goal,8.6753022,18.9734347,2.685578,0.0,0.0,0.0,0.2498906144918635
650,1791269138888231993,15071822326145,10.395182182001008,primary_goal,8.6753022,18.9734347,2.685578,0.0,0.0,0.0,0.2498906144918635
651,1791269138898087466,15071831678848,10.40453488500134,primary_goal,8.6753022,18.9734347,2.685578,0.0,0.0,0.0,0.2498906144918635
652,1791269138908126378,15071841301425,10.41415746200073,primary_goal,8.6753022,18.9734347,2.685578,0.0,0.0,0.0,0.2498906144918635
653,1791269138918214044,15071851336676,10.424192713000593,primary_goal,8.6753022,18.9734347,2.685578,0.0,0.0,0.0,0.2498906144918635
654,1791269138928168784,15071861361170,10.434217207000984,primary_goal,8.6753022,18.9734347,2.685578,0.0,0.0,0.0,0.2498906144918635
655,1791269138938201473,15071871613562,10.444469599000513,primary_goal,8.6753022,18.9734347,2.685578,0.0,0.0,0.0,0.2498906144918635
656,1791269138948213422,15071881896788,10.454752825000469,primary_goal,8.6753022,18.9734347,2.685578,0.0,0.0,0.0,0.2498906144918635
657,1791269138958277583,15071892385606,10.4652416429999,primary_goal,8.6753022,18.9734347,2.685578,0.0,0.0,0.0,0.2498906144918635
658,1791269138968135143,15071902186228,10.47504226500132,primary_goal,8.6753022,18.9734347,2.685578,0.0,0.0,0.0,0.2498906144918635
659,1791269138978267146,15071911913756,10.484769792999941,primary_goal,8.6753022,18.9734347,2.685578,0.0,0.0,0.0,0.2498906144918635
660,1791269138988282502,15071922140056,10.494996093000736,primary_goal,8.6753022,18.9734347,2.685578,0.0,0.0,0.0,0.2498906144918635
661,1791269138998266408,15071931937451,10.50479348800036,primary_goal,8.6753022,18.9734347,2.685578,0.0,0.0,0.0,0.2498906144918635
662,1791269139008155607,15071941434046,10.51429008300147,primary_goal,8.6753022,18.9734347,2.685578,0.0,0.0,0.0,0.2498906144918635
663,1791269139018243827,15071951461270,10.524317307001184,primary_goal,8.6753022,18.9734347,2.685578,0.0,0.0,0.0,0.2498906144918635
664,1791269139028170828,15071961463126,10.534319162999964,primary_goal,8.6753022,18.9734347,2.685578,0.0,0.0,0.0,0.2498906144918635
665,1791269139038210215,15071971649729,10.54450576599993,primary_goal,8.6753022,18.9734347,2.685578,0.0,0.0,0.0,0.2498906144918635
666,1791269139048134554,15071981783274,10.554639310999846,primary_goal,8.6753022,18.9734347,2.685578,0.0,0.0,0.0,0.2498906144918635
667,1791269139058129689,15071991747672,10.564603709000949,primary_goal,8.6753022,18.9734347,2.685578,0.0,0.0,0.0,0.2498906144918635
668,1791269139068165147,15072002099376,10.57495541300159,primary_goal,8.6753022,18.9734347,2.685578,0.0,0.0,0.0,0.2498906144918635
669,1791269139078273677,15072011978147,10.58483418400101,primary_goal,8.6753022,18.9734347,2.685578,0.0,0.0,0.0,0.2498906144918635
670,1791269139088321761,15072022343567,10.5951996040003,primary_goal,8.6753022,18.9734347,2.685578,0.0,0.0,0.0,0.2498906144918635
671,1791269139098095026,15072031767937,10.604623974000788,primary_goal,8.6753022,18.9734347,2.685578,0.0,0.0,0.0,0.2498906144918635
672,1791269139108162244,15072041380147,10.614236184001129,primary_goal,8.6753022,18.9734347,2.685578,0.0,0.0,0.0,0.2498906144918635
673,1791269139118114619,15072051333126,10.624189163001574,primary_goal,8.6753022,18.9734347,2.685578,0.0,0.0,0.0,0.2498906144918635
674,1791269139128164005,15072061331378,10.63418741500027,primary_goal,8.6753022,18.9734347,2.685578,0.0,0.0,0.0,0.2498906144918635
675,1791269139138192008,15072071522277,10.644378314000278,primary_goal,8.6753022,18.9734347,2.685578,0.0,0.0,0.0,0.2498906144918635
676,1791269139148269364,15072081860469,10.654716506000113,primary_goal,8.6753022,18.9734347,2.685578,0.0,0.0,0.0,0.2498906144918635
677,1791269139158166114,15072091769518,10.664625555000384,primary_goal,8.6753022,18.9734347,2.685578,0.0,0.0,0.0,0.2498906144918635
678,1791269139168148574,15072101691653,10.674547690001418,primary_goal,8.6753022,18.9734347,2.685578,0.0,0.0,0.0,0.2498906144918635
679,1791269139178153072,15072111734675,10.6845907120005,primary_goal,8.6753022,18.9734347,2.685578,0.0,0.0,0.0,0.2498906144918635
680,1791269139188283622,15072122236103,10.69509214000027,primary_goal,8.6753022,18.9734347,2.685578,0.0,0.0,0.0,0.2498906144918635
681,1791269139198156113,15072131820461,10.704676498000481,primary_goal,8.6753022,18.9734347,2.685578,0.0,0.0,0.0,0.2498906144918635
682,1791269139208118070,15072141417192,10.714273229001265,primary_goal,8.6753022,18.9734347,2.685578,0.0,0.0,0.0,0.2498906144918635
683,1791269139218172138,15072151420723,10.724276760000066,primary_goal,8.6753022,18.9734347,2.685578,0.0,0.0,0.0,0.2498906144918635
684,1791269139228144336,15072161398052,10.734254089000387,primary_goal,8.6753022,18.9734347,2.685578,0.0,0.0,0.0,0.2498906144918635
685,1791269139238180784,15072171592048,10.74444808500084,primary_goal,8.6753022,18.9734347,2.685578,0.0,0.0,0.0,0.2498906144918635
686,1791269139248148134,15072181667218,10.754523255000095,primary_goal,8.6753022,18.9734347,2.685578,0.0,0.0,0.0,0.2498906144918635
687,1791269139258252592,15072192099281,10.76495531799992,primary_goal,8.6753022,18.9734347,2.685578,0.0,0.0,0.0,0.2498906144918635
688,1791269139268267598,15072202368572,10.775224609000361,primary_goal,8.6753022,18.9734347,2.685578,0.0,0.0,0.0,0.2498906144918635
689,1791269139278210009,15072211743546,10.784599583001182,primary_goal,8.6753022,18.9734347,2.685578,0.0,0.0,0.0,0.2498906144918635
690,1791269139288225899,15072221850642,10.794706679000228,primary_goal,8.6753022,18.9734347,2.685578,0.0,0.0,0.0,0.2498906144918635
691,1791269139298223905,15072231865031,10.804721068001527,primary_goal,8.6753022,18.9734347,2.685578,0.0,0.0,0.0,0.2498906144918635
692,1791269139308096574,15072241328470,10.814184507000391,primary_goal,8.6753022,18.9734347,2.685578,0.0,0.0,0.0,0.2498906144918635
693,1791269139318266863,15072251543998,10.824400035000508,primary_goal,8.6753022,18.9734347,2.685578,0.0,0.0,0.0,0.2498906144918635
694,1791269139328207349,15072261389163,10.834245200001533,primary_goal,8.6753022,18.9734347,2.685578,0.0,0.0,0.0,0.2498906144918635
695,1791269139338270485,15072271713296,10.844569333001346,primary_goal,8.6753022,18.9734347,2.685578,0.0,0.0,0.0,0.2498906144918635
696,1791269139348093095,15072281703913,10.854559950001203,primary_goal,8.6753022,18.9734347,2.685578,0.0,0.0,0.0,0.2498906144918635
697,1791269139358229085,15072291985631,10.864841668000736,primary_goal,8.6753022,18.9734347,2.685578,0.0,0.0,0.0,0.2498906144918635
698,1791269139368097285,15072301837946,10.874693983001634,primary_goal,8.6753022,18.9734347,2.685578,0.0,0.0,0.0,0.2498906144918635
699,1791269139378096765,15072311661832,10.884517869000774,primary_goal,8.6753022,18.9734347,2.685578,0.0,0.0,0.0,0.2498906144918635
700,1791269139388384296,15072322584980,10.895441017000849,primary_goal,8.6753022,18.9734347,2.685578,0.0,0.0,0.0,0.2498906144918635
701,1791269139398250096,15072331884521,10.904740558000412,primary_goal,8.6753022,18.9734347,2.685578,0.0,0.0,0.0,0.2498906144918635
702,1791269139408160935,15072341486725,10.91434276200016,primary_goal,8.6753022,18.9734347,2.685578,0.0,0.0,0.0,0.2498906144918635
703,1791269139418162021,15072351449526,10.924305563001326,primary_goal,8.6753022,18.9734347,2.685578,0.0,0.0,0.0,0.2498906144918635
704,1791269139428182363,15072361335593,10.934191629999987,primary_goal,8.6753022,18.9734347,2.685578,0.0,0.0,0.0,0.2498906144918635
705,1791269139438173161,15072371361454,10.944217491000018,primary_goal,8.6753022,18.9734347,2.685578,0.0,0.0,0.0,0.2498906144918635
706,1791269139448215001,15072381720241,10.954576277999877,primary_goal,8.6753022,18.9734347,2.685578,0.0,0.0,0.0,0.2498906144918635
707,1791269139458254402,15072392097117,10.964953153999886,primary_goal,8.6753022,18.9734347,2.685578,0.0,0.0,0.0,0.2498906144918635
708,1791269139468385339,15072402795007,10.975651044000188,primary_goal,8.6753022,18.9734347,2.685578,0.0,0.0,0.0,0.2498906144918635
709,1791269139478273389,15072412167163,10.985023200000796,primary_goal,8.6753022,18.9734347,2.685578,0.0,0.0,0.0,0.2498906144918635
710,1791269139488270704,15072422136449,10.994992486001138,primary_goal,8.6753022,18.9734347,2.685578,0.0,0.0,0.0,0.2498906144918635
711,1791269139498061334,15072431497836,11.004353873000582,primary_goal,8.6753022,18.9734347,2.685578,0.0,0.0,0.0,0.2498906144918635
712,1791269139508225453,15072441505287,11.014361324001584,primary_goal,8.6753022,18.9734347,2.685578,0.0,0.0,0.0,0.2498906144918635
713,1791269139518190473,15072451489609,11.024345646001166,primary_goal,8.6753022,18.9734347,2.685578,0.0,0.0,0.0,0.2498906144918635
714,1791269139528117777,15072461327627,11.034183664000011,primary_goal,8.6753022,18.9734347,2.685578,0.0,0.0,0.0,0.2498906144918635
715,1791269139538219029,15072472212597,11.045068634000927,primary_goal,8.6753022,18.9734347,2.685578,0.0,0.0,0.0,0.2498906144918635
716,1791269139548196554,15072481752395,11.05460843200126,primary_goal,8.6753022,18.9734347,2.685578,0.0,0.0,0.0,0.2498906144918635
717,1791269139558116544,15072491732741,11.064588778001053,primary_goal,8.6753022,18.9734347,2.685578,0.0,0.0,0.0,0.2498906144918635
718,1791269139568263874,15072501976915,11.074832952001088,primary_goal,8.6753022,18.9734347,2.685578,0.0,0.0,0.0,0.2498906144918635
719,1791269139578182698,15072511912885,11.084768922000876,primary_goal,8.6753022,18.9734347,2.685578,0.0,0.0,0.0,0.2498906144918635
720,1791269139588312207,15072522300931,11.095156968000083,primary_goal,8.6753022,18.9734347,2.685578,0.0,0.0,0.0,0.2498906144918635
721,1791269139598094376,15072531712155,11.104568192000443,primary_goal,8.6753022,18.9734347,2.685578,0.0,0.0,0.0,0.2498906144918635
722,1791269139608146646,15072541553504,11.114409540999986,primary_goal,8.6753022,18.9734347,2.685578,0.0,0.0,0.0,0.2498906144918635
723,1791269139618115372,15072551727192,11.124583229000564,primary_goal,8.6753022,18.9734347,2.685578,0.0,0.0,0.0,0.2498906144918635
724,1791269139628121191,15072561484355,11.134340392000013,primary_goal,8.6753022,18.9734347,2.685578,0.0,0.0,0.0,0.2498906144918635
725,1791269139638095217,15072571738735,11.144594772000346,primary_goal,8.6753022,18.9734347,2.685578,0.0,0.0,0.0,0.2498906144918635
726,1791269139648222044,15072582801903,11.15565794000031,primary_goal,8.6753022,18.9734347,2.685578,0.0,0.0,0.0,0.2498906144918635
727,1791269139658121672,15072592710867,11.165566904001025,primary_goal,8.6753022,18.9734347,2.685578,0.0,0.0,0.0,0.2498906144918635
728,1791269139668258145,15072602169562,11.175025599000946,primary_goal,8.6753022,18.9734347,2.685578,0.0,0.0,0.0,0.2498906144918635
729,1791269139678103703,15072612140750,11.184996787000273,primary_goal,8.6753022,18.9734347,2.685578,0.0,0.0,0.0,0.2498906144918635
730,1791269139688096836,15072621949933,11.194805970000743,primary_goal,8.6753022,18.9734347,2.685578,0.0,0.0,0.0,0.2498906144918635
731,1791269139698168705,15072631447726,11.204303763001008,primary_goal,8.6753022,18.9734347,2.685578,0.0,0.0,0.0,0.2498906144918635
732,1791269139708146679,15072641390279,11.214246315999844,primary_goal,8.6753022,18.9734347,2.685578,0.0,0.0,0.0,0.2498906144918635
733,1791269139718181611,15072651465778,11.224321815001531,primary_goal,8.6753022,18.9734347,2.685578,0.0,0.0,0.0,0.2498906144918635
734,1791269139728152367,15072661419983,11.234276020000834,primary_goal,8.6753022,18.9734347,2.685578,0.0,0.0,0.0,0.2498906144918635
735,1791269139738179557,15072671715351,11.244571388000622,primary_goal,8.6753022,18.9734347,2.685578,0.0,0.0,0.0,0.2498906144918635
736,1791269139748197474,15072681728558,11.254584595000779,primary_goal,8.6753022,18.9734347,2.685578,0.0,0.0,0.0,0.2498906144918635
737,1791269139758104197,15072691671084,11.264527121000356,primary_goal,8.6753022,18.9734347,2.685578,0.0,0.0,0.0,0.2498906144918635
738,1791269139768279998,15072702099426,11.274955463000879,primary_goal,8.6753022,18.9734347,2.685578,0.0,0.0,0.0,0.2498906144918635
739,1791269139778236691,15072711795920,11.284651957001188,primary_goal,8.6753022,18.9734347,2.685578,0.0,0.0,0.0,0.2498906144918635
740,1791269139788262521,15072722095914,11.294951951000257,primary_goal,8.6753022,18.9734347,2.685578,0.0,0.0,0.0,0.2498906144918635
741,1791269139798080712,15072731467377,11.304323414000464,primary_goal,8.6753022,18.9734347,2.685578,0.0,0.0,0.0,0.2498906144918635
742,1791269139808079112,15072741175136,11.31403117300033,primary_goal,8.6753022,18.9734347,2.685578,0.0,0.0,0.0,0.2498906144918635
743,1791269139818173123,15072751385114,11.324241151000024,primary_goal,8.6753022,18.9734347,2.685578,0.0,0.0,0.0,0.2498906144918635
744,1791269139828189178,15072761377704,11.334233741001299,primary_goal,8.6753022,18.9734347,2.685578,0.0,0.0,0.0,0.2498906144918635
745,1791269139838158185,15072771513640,11.344369677000941,primary_goal,8.6753022,18.9734347,2.685578,0.0,0.0,0.0,0.2498906144918635
746,1791269139848256973,15072781827236,11.354683273000774,primary_goal,8.6753022,18.9734347,2.685578,0.0,0.0,0.0,0.2498906144918635
747,1791269139858230489,15072792292651,11.365148688000772,primary_goal,8.6753022,18.9734347,2.685578,0.0,0.0,0.0,0.2498906144918635
748,1791269139868253701,15072802363334,11.37521937100064,primary_goal,8.6753022,18.9734347,2.685578,0.0,0.0,0.0,0.2498906144918635
749,1791269139878229848,15072811678706,11.384534743001495,primary_goal,8.6753022,18.9734347,2.685578,0.0,0.0,0.0,0.2498906144918635
750,1791269139888334621,15072822079995,11.39493603200026,primary_goal,8.6753022,18.9734347,2.685578,0.0,0.0,0.0,0.2498906144918635
751,1791269139898179226,15072831723883,11.404579920001197,primary_goal,8.6753022,18.9734347,2.685578,0.0,0.0,0.0,0.2498906144918635
752,1791269139908156881,15072841364017,11.414220054000907,primary_goal,8.6753022,18.9734347,2.685578,0.0,0.0,0.0,0.2498906144918635
753,1791269139918175717,15072851422042,11.424278079000942,primary_goal,8.6753022,18.9734347,2.685578,0.0,0.0,0.0,0.2498906144918635
754,1791269139928109689,15072861259120,11.434115157000633,primary_goal,8.6753022,18.9734347,2.685578,0.0,0.0,0.0,0.2498906144918635
755,1791269139938167430,15072871413211,11.444269248000637,primary_goal,8.6753022,18.9734347,2.685578,0.0,0.0,0.0,0.2498906144918635
756,1791269139948226925,15072881512158,11.454368194999915,primary_goal,8.6753022,18.9734347,2.685578,0.0,0.0,0.0,0.2498906144918635
757,1791269139958267190,15072892063132,11.464919169000495,primary_goal,8.6753022,18.9734347,2.685578,0.0,0.0,0.0,0.2498906144918635
758,1791269139968250283,15072902485758,11.475341795001441,primary_goal,8.6753022,18.9734347,2.685578,0.0,0.0,0.0,0.2498906144918635
759,1791269139978279023,15072912458967,11.485315003999858,primary_goal,8.6753022,18.9734347,2.685578,0.0,0.0,0.0,0.2498906144918635
760,1791269139988268292,15072921974012,11.494830049001393,primary_goal,8.6753022,18.9734347,2.685578,0.0,0.0,0.0,0.2498906144918635
761,1791269139998076862,15072931513707,11.504369744001451,primary_goal,8.6753022,18.9734347,2.685578,0.0,0.0,0.0,0.2498906144918635
762,1791269140008146643,15072941313458,11.514169495001624,primary_goal,8.6753022,18.9734347,2.685578,0.0,0.0,0.0,0.2498906144918635
763,1791269140018168644,15072951372773,11.52422880999984,primary_goal,8.6753022,18.9734347,2.685578,0.0,0.0,0.0,0.2498906144918635
764,1791269140028102131,15072961477372,11.534333409001192,primary_goal,8.6753022,18.9734347,2.685578,0.0,0.0,0.0,0.2498906144918635
765,1791269140038169549,15072971594749,11.544450786001107,primary_goal,8.6753022,18.9734347,2.685578,0.0,0.0,0.0,0.2498906144918635
766,1791269140048197693,15072981716275,11.554572312001255,primary_goal,8.6753022,18.9734347,2.685578,0.0,0.0,0.0,0.2498906144918635
767,1791269140058234062,15072991953871,11.564809908000825,primary_goal,8.6753022,18.9734347,2.685578,0.0,0.0,0.0,0.2498906144918635
768,1791269140068229182,15073002656547,11.575512584000535,primary_goal,8.6753022,18.9734347,2.685578,0.0,0.0,0.0,0.2498906144918635
769,1791269140078153657,15073011725644,11.58458168100151,primary_goal,8.6753022,18.9734347,2.685578,0.0,0.0,0.0,0.2498906144918635
770,1791269140088101058,15073021780548,11.594636585001354,primary_goal,8.6753022,18.9734347,2.685578,0.0,0.0,0.0,0.2498906144918635
771,1791269140098169837,15073032123111,11.604979147999984,primary_goal,8.6753022,18.9734347,2.685578,0.0,0.0,0.0,0.2498906144918635
772,1791269140108136442,15073041514429,11.614370466000764,primary_goal,8.6753022,18.9734347,2.685578,0.0,0.0,0.0,0.2498906144918635
773,1791269140118128294,15073051570979,11.624427016000482,primary_goal,8.6753022,18.9734347,2.685578,0.0,0.0,0.0,0.2498906144918635
774,1791269140128169302,15073061496943,11.634352980001495,primary_goal,8.6753022,18.9734347,2.685578,0.0,0.0,0.0,0.2498906144918635
775,1791269140138153856,15073071669108,11.644525145000443,primary_goal,8.6753022,18.9734347,2.685578,0.0,0.0,0.0,0.2498906144918635
776,1791269140148057767,15073081762475,11.654618512000525,primary_goal,8.6753022,18.9734347,2.685578,0.0,0.0,0.0,0.2498906144918635
777,1791269140158086031,15073091819794,11.66467583099984,primary_goal,8.6753022,18.9734347,2.685578,0.0,0.0,0.0,0.2498906144918635
778,1791269140168270742,15073102238224,11.675094261001504,primary_goal,8.6753022,18.9734347,2.685578,0.0,0.0,0.0,0.2498906144918635
779,1791269140178198615,15073111740041,11.68459607800105,primary_goal,8.6753022,18.9734347,2.685578,0.0,0.0,0.0,0.2498906144918635
780,1791269140188256468,15073122181047,11.695037084000433,primary_goal,8.6753022,18.9734347,2.685578,0.0,0.0,0.0,0.2498906144918635
781,1791269140198072717,15073131574428,11.704430465000769,primary_goal,8.6753022,18.9734347,2.685578,0.0,0.0,0.0,0.2498906144918635
782,1791269140208032157,15073141182032,11.714038069001617,primary_goal,8.6753022,18.9734347,2.685578,0.0,0.0,0.0,0.2498906144918635
783,1791269140218090292,15073151309390,11.724165427000116,primary_goal,8.6753022,18.9734347,2.685578,0.0,0.0,0.0,0.2498906144918635
784,1791269140228152120,15073161374750,11.734230787000342,primary_goal,8.6753022,18.9734347,2.685578,0.0,0.0,0.0,0.2498906144918635
785,1791269140238179814,15073171631132,11.744487169000422,primary_goal,8.6753022,18.9734347,2.685578,0.0,0.0,0.0,0.2498906144918635
786,1791269140248198721,15073181719951,11.754575988001307,primary_goal,8.6753022,18.9734347,2.685578,0.0,0.0,0.0,0.2498906144918635
787,1791269140258224409,15073192368978,11.765225015000397,primary_goal,8.6753022,18.9734347,2.685578,0.0,0.0,0.0,0.2498906144918635
788,1791269140268078035,15073201719392,11.774575429000834,primary_goal,8.6753022,18.9734347,2.685578,0.0,0.0,0.0,0.2498906144918635
789,1791269140278140715,15073211865057,11.784721093999906,primary_goal,8.6753022,18.9734347,2.685578,0.0,0.0,0.0,0.2498906144918635
790,1791269140288334378,15073222116390,11.794972427000175,primary_goal,8.6753022,18.9734347,2.685578,0.0,0.0,0.0,0.2498906144918635
791,1791269140298167031,15073231736473,11.804592510001385,primary_goal,8.6753022,18.9734347,2.685578,0.0,0.0,0.0,0.2498906144918635
792,1791269140308138134,15073241382179,11.814238216000376,primary_goal,8.6753022,18.9734347,2.685578,0.0,0.0,0.0,0.2498906144918635
793,1791269140318124844,15073251308087,11.824164124000163,primary_goal,8.6753022,18.9734347,2.685578,0.0,0.0,0.0,0.2498906144918635
794,1791269140328115216,15073261383836,11.834239873000115,primary_goal,8.6753022,18.9734347,2.685578,0.0,0.0,0.0,0.2498906144918635
795,1791269140338131427,15073271628828,11.844484865001505,primary_goal,8.6753022,18.9734347,2.685578,0.0,0.0,0.0,0.2498906144918635
796,1791269140348106997,15073281619191,11.85447522800132,primary_goal,8.6753022,18.9734347,2.685578,0.0,0.0,0.0,0.2498906144918635
797,1791269140358129081,15073291844764,11.864700801001163,primary_goal,8.6753022,18.9734347,2.685578,0.0,0.0,0.0,0.2498906144918635
798,1791269140368246152,15073302165929,11.87502196600144,primary_goal,8.6753022,18.9734347,2.685578,0.0,0.0,0.0,0.2498906144918635
799,1791269140378099028,15073311656734,11.884512771001027,primary_goal,8.6753022,18.9734347,2.685578,0.0,0.0,0.0,0.2498906144918635
800,1791269140388147639,15073321907323,11.89476336000007,primary_goal,8.6753022,18.9734347,2.685578,0.0,0.0,0.0,0.2498906144918635
801,1791269140398170582,15073331778171,11.904634208000061,primary_goal,8.6753022,18.9734347,2.685578,0.0,0.0,0.0,0.2498906144918635
802,1791269140408136911,15073341417746,11.91427378300068,primary_goal,8.6753022,18.9734347,2.685578,0.0,0.0,0.0,0.2498906144918635
803,1791269140418172978,15073351461751,11.924317788001645,primary_goal,8.6753022,18.9734347,2.685578,0.0,0.0,0.0,0.2498906144918635
804,1791269140428143393,15073361398701,11.934254738000163,primary_goal,8.6753022,18.9734347,2.685578,0.0,0.0,0.0,0.2498906144918635
805,1791269140438166167,15073371654376,11.944510413000899,primary_goal,8.6753022,18.9734347,2.685578,0.0,0.0,0.0,0.2498906144918635
806,1791269140448178888,15073381785509,11.954641546000857,primary_goal,8.6753022,18.9734347,2.685578,0.0,0.0,0.0,0.2498906144918635
807,1791269140458244920,15073391970260,11.9648262970004,primary_goal,8.6753022,18.9734347,2.685578,0.0,0.0,0.0,0.2498906144918635
808,1791269140468245736,15073402173675,11.975029712000833,primary_goal,8.6753022,18.9734347,2.685578,0.0,0.0,0.0,0.2498906144918635
809,1791269140478197332,15073411814148,11.984670185000141,primary_goal,8.6753022,18.9734347,2.685578,0.0,0.0,0.0,0.2498906144918635
810,1791269140488279959,15073422280226,11.99513626299995,primary_goal,8.6753022,18.9734347,2.685578,0.0,0.0,0.0,0.2498906144918635
811,1791269140498347170,15073431896053,12.004752090000693,primary_goal,8.6753022,18.9734347,2.685578,0.0,0.0,0.0,0.2498906144918635
812,1791269140508134617,15073441576846,12.014432883001064,primary_goal,8.6753022,18.9734347,2.685578,0.0,0.0,0.0,0.2498906144918635
813,1791269140518167329,15073451552396,12.024408433000644,primary_goal,8.6753022,18.9734347,2.685578,0.0,0.0,0.0,0.2498906144918635
814,1791269140528144483,15073461440277,12.03429631400104,primary_goal,8.6753022,18.9734347,2.685578,0.0,0.0,0.0,0.2498906144918635
815,1791269140538170827,15073471594397,12.044450434001192,primary_goal,8.6753022,18.9734347,2.685578,0.0,0.0,0.0,0.2498906144918635
816,1791269140548244582,15073481853910,12.054709947000447,primary_goal,8.6753022,18.9734347,2.685578,0.0,0.0,0.0,0.2498906144918635
817,1791269140558199609,15073491786673,12.064642710000044,primary_goal,8.6753022,18.9734347,2.685578,0.0,0.0,0.0,0.2498906144918635
818,1791269140568231994,15073501850498,12.074706535000587,primary_goal,8.6753022,18.9734347,2.685578,0.0,0.0,0.0,0.2498906144918635
819,1791269140578217415,15073511948908,12.084804945001451,primary_goal,8.6753022,18.9734347,2.685578,0.0,0.0,0.0,0.2498906144918635
820,1791269140588219183,15073521900840,12.094756877000691,primary_goal,8.6753022,18.9734347,2.685578,0.0,0.0,0.0,0.2498906144918635
821,1791269140598192227,15073531985255,12.104841292000856,primary_goal,8.6753022,18.9734347,2.685578,0.0,0.0,0.0,0.2498906144918635
822,1791269140608128416,15073541360041,12.114216078000027,primary_goal,8.6753022,18.9734347,2.685578,0.0,0.0,0.0,0.2498906144918635
823,1791269140618179709,15073551496190,12.12435222700151,primary_goal,8.6753022,18.9734347,2.685578,0.0,0.0,0.0,0.2498906144918635
824,1791269140628136691,15073561350038,12.134206075001202,primary_goal,8.6753022,18.9734347,2.685578,0.0,0.0,0.0,0.2498906144918635
825,1791269140638152821,15073571460336,12.144316373000038,primary_goal,8.6753022,18.9734347,2.685578,0.0,0.0,0.0,0.2498906144918635
826,1791269140648160153,15073581765283,12.154621319999933,primary_goal,8.6753022,18.9734347,2.685578,0.0,0.0,0.0,0.2498906144918635
827,1791269140658127489,15073591814425,12.164670462001595,primary_goal,8.6753022,18.9734347,2.685578,0.0,0.0,0.0,0.2498906144918635
828,1791269140668227584,15073602062864,12.174918901000638,primary_goal,8.6753022,18.9734347,2.685578,0.0,0.0,0.0,0.2498906144918635
829,1791269140678207388,15073611678514,12.18453455100098,primary_goal,8.6753022,18.9734347,2.685578,0.0,0.0,0.0,0.2498906144918635
830,1791269140688201387,15073621963297,12.194819334001295,primary_goal,8.6753022,18.9734347,2.685578,0.0,0.0,0.0,0.2498906144918635
831,1791269140698202542,15073631867161,12.204723198001375,primary_goal,8.6753022,18.9734347,2.685578,0.0,0.0,0.0,0.2498906144918635
832,1791269140708131587,15073641350292,12.214206329001172,primary_goal,8.6753022,18.9734347,2.685578,0.0,0.0,0.0,0.2498906144918635
833,1791269140718166379,15073651379961,12.22423599800095,primary_goal,8.6753022,18.9734347,2.685578,0.0,0.0,0.0,0.2498906144918635
834,1791269140728135595,15073661348771,12.234204808000868,primary_goal,8.6753022,18.9734347,2.685578,0.0,0.0,0.0,0.2498906144918635
835,1791269140738162076,15073671524642,12.244380679001551,primary_goal,8.6753022,18.9734347,2.685578,0.0,0.0,0.0,0.2498906144918635
836,1791269140748165520,15073681764057,12.254620094001439,primary_goal,8.6753022,18.9734347,2.685578,0.0,0.0,0.0,0.2498906144918635
837,1791269140758113147,15073691832826,12.264688863000629,primary_goal,8.6753022,18.9734347,2.685578,0.0,0.0,0.0,0.2498906144918635
838,1791269140768074632,15073701665404,12.274521441000616,primary_goal,8.6753022,18.9734347,2.685578,0.0,0.0,0.0,0.2498906144918635
839,1791269140778107868,15073711734238,12.284590275001392,primary_goal,8.6753022,18.9734347,2.685578,0.0,0.0,0.0,0.2498906144918635
840,1791269140788210118,15073721929643,12.294785680000132,primary_goal,8.6753022,18.9734347,2.685578,0.0,0.0,0.0,0.2498906144918635
841,1791269140798191887,15073731789588,12.304645625001285,primary_goal,8.6753022,18.9734347,2.685578,0.0,0.0,0.0,0.2498906144918635
842,1791269140808133948,15073741505651,12.314361688000645,primary_goal,8.6753022,18.9734347,2.685578,0.0,0.0,0.0,0.2498906144918635
843,1791269140818021708,15073751351715,12.324207752000802,primary_goal,8.6753022,18.9734347,2.685578,0.0,0.0,0.0,0.2498906144918635
844,1791269140828066000,15073761304868,12.334160905000317,primary_goal,8.6753022,18.9734347,2.685578,0.0,0.0,0.0,0.2498906144918635
845,1791269140838120506,15073771621788,12.344477825001377,primary_goal,8.6753022,18.9734347,2.685578,0.0,0.0,0.0,0.2498906144918635
846,1791269140848049875,15073781707752,12.354563789000167,primary_goal,8.6753022,18.9734347,2.685578,0.0,0.0,0.0,0.2498906144918635
847,1791269140858222437,15073791938239,12.364794275999884,primary_goal,8.6753022,18.9734347,2.685578,0.0,0.0,0.0,0.2498906144918635
848,1791269140868244574,15073801983669,12.374839706000785,primary_goal,8.6753022,18.9734347,2.685578,0.0,0.0,0.0,0.2498906144918635
849,1791269140878174590,15073811752153,12.384608190001018,primary_goal,8.6753022,18.9734347,2.685578,0.0,0.0,0.0,0.2498906144918635
850,1791269140888057233,15073821737322,12.394593359000282,primary_goal,8.6753022,18.9734347,2.685578,0.0,0.0,0.0,0.2498906144918635
851,1791269140898163245,15073831895166,12.40475120300107,primary_goal,8.6753022,18.9734347,2.685578,0.0,0.0,0.0,0.2498906144918635
852,1791269140908021839,15073841228754,12.414084791000278,primary_goal,8.6753022,18.9734347,2.685578,0.0,0.0,0.0,0.2498906144918635
853,1791269140918130904,15073851329633,12.424185670000952,primary_goal,8.6753022,18.9734347,2.685578,0.0,0.0,0.0,0.2498906144918635
854,1791269140928136838,15073861354795,12.434210832001554,primary_goal,8.6753022,18.9734347,2.685578,0.0,0.0,0.0,0.2498906144918635
855,1791269140938158478,15073871509835,12.444365872001072,primary_goal,8.6753022,18.9734347,2.685578,0.0,0.0,0.0,0.2498906144918635
856,1791269140948089682,15073881739803,12.454595840001275,primary_goal,8.6753022,18.9734347,2.685578,0.0,0.0,0.0,0.2498906144918635
857,1791269140958220454,15073891875599,12.464731636000579,primary_goal,8.6753022,18.9734347,2.685578,0.0,0.0,0.0,0.2498906144918635
858,1791269140968259572,15073902098266,12.474954303001141,primary_goal,8.6753022,18.9734347,2.685578,0.0,0.0,0.0,0.2498906144918635
859,1791269140978243247,15073911838784,12.48469482100154,primary_goal,8.6753022,18.9734347,2.685578,0.0,0.0,0.0,0.2498906144918635
860,1791269140988250529,15073922598148,12.495454185000199,primary_goal,8.6753022,18.9734347,2.685578,0.0,0.0,0.0,0.2498906144918635
861,1791269140998182270,15073931915456,12.50477149300059,primary_goal,8.6753022,18.9734347,2.685578,0.0,0.0,0.0,0.2498906144918635
862,1791269141008148376,15073941469991,12.514326028000141,primary_goal,8.6753022,18.9734347,2.685578,0.0,0.0,0.0,0.2498906144918635
863,1791269141018202063,15073951506288,12.524362325000766,primary_goal,8.6753022,18.9734347,2.685578,0.0,0.0,0.0,0.2498906144918635
864,1791269141028138459,15073961437951,12.534293988001082,primary_goal,8.6753022,18.9734347,2.685578,0.0,0.0,0.0,0.2498906144918635
865,1791269141038142727,15073971621219,12.544477256000391,primary_goal,8.6753022,18.9734347,2.685578,0.0,0.0,0.0,0.2498906144918635
866,1791269141048162233,15073981752763,12.554608800001006,primary_goal,8.6753022,18.9734347,2.685578,0.0,0.0,0.0,0.2498906144918635
867,1791269141058211609,15073992032551,12.56488858800003,primary_goal,8.6753022,18.9734347,2.685578,0.0,0.0,0.0,0.2498906144918635
868,1791269141068244013,15074002329146,12.57518518300094,primary_goal,8.6753022,18.9734347,2.685578,0.0,0.0,0.0,0.2498906144918635
869,1791269141078168688,15074011682309,12.584538346000045,primary_goal,8.6753022,18.9734347,2.685578,0.0,0.0,0.0,0.2498906144918635
870,1791269141088214240,15074021886892,12.594742929000859,primary_goal,8.6753022,18.9734347,2.685578,0.0,0.0,0.0,0.2498906144918635
871,1791269141098167568,15074031846789,12.604702825999993,primary_goal,8.6753022,18.9734347,2.685578,0.0,0.0,0.0,0.2498906144918635
872,1791269141108062659,15074041364401,12.614220438001212,primary_goal,8.6753022,18.9734347,2.685578,0.0,0.0,0.0,0.2498906144918635
873,1791269141118197545,15074051470983,12.624327020001147,primary_goal,8.6753022,18.9734347,2.685578,0.0,0.0,0.0,0.2498906144918635
874,1791269141128131136,15074061422754,12.634278791001634,primary_goal,8.6753022,18.9734347,2.685578,0.0,0.0,0.0,0.2498906144918635
875,1791269141138169006,15074071822243,12.644678280001244,primary_goal,8.6753022,18.9734347,2.685578,0.0,0.0,0.0,0.2498906144918635
876,1791269141148086532,15074081792563,12.654648600000655,primary_goal,8.6753022,18.9734347,2.685578,0.0,0.0,0.0,0.2498906144918635
877,1791269141158207316,15074091799092,12.664655129001403,primary_goal,8.6753022,18.9734347,2.685578,0.0,0.0,0.0,0.2498906144918635
878,1791269141168273437,15074102137477,12.674993514001471,primary_goal,8.6753022,18.9734347,2.685578,0.0,0.0,0.0,0.2498906144918635
879,1791269141178177471,15074111753406,12.684609443000227,primary_goal,8.6753022,18.9734347,2.685578,0.0,0.0,0.0,0.2498906144918635
880,1791269141188324939,15074122142162,12.69499819900011,primary_goal,8.6753022,18.9734347,2.685578,0.0,0.0,0.0,0.2498906144918635
881,1791269141198155011,15074131804851,12.704660888000944,primary_goal,8.6753022,18.9734347,2.685578,0.0,0.0,0.0,0.2498906144918635
882,1791269141208016833,15074141206185,12.714062222001303,primary_goal,8.6753022,18.9734347,2.685578,0.0,0.0,0.0,0.2498906144918635
883,1791269141218205244,15074151337661,12.724193698000818,primary_goal,8.6753022,18.9734347,2.685578,0.0,0.0,0.0,0.2498906144918635
884,1791269141228129790,15074161283297,12.734139334001156,primary_goal,8.6753022,18.9734347,2.685578,0.0,0.0,0.0,0.2498906144918635
885,1791269141238157158,15074171678689,12.744534725999983,primary_goal,8.6753022,18.9734347,2.685578,0.0,0.0,0.0,0.2498906144918635
886,1791269141248198825,15074181844983,12.754701020001448,primary_goal,8.6753022,18.9734347,2.685578,0.0,0.0,0.0,0.2498906144918635
887,1791269141258247994,15074191905867,12.764761903999897,primary_goal,8.6753022,18.9734347,2.685578,0.0,0.0,0.0,0.2498906144918635
888,1791269141268092915,15074201746808,12.774602845000118,primary_goal,8.6753022,18.9734347,2.685578,0.0,0.0,0.0,0.2498906144918635
889,1791269141278078819,15074211689354,12.784545391001302,primary_goal,8.6753022,18.9734347,2.685578,0.0,0.0,0.0,0.2498906144918635
890,1791269141288255731,15074222104570,12.794960607001485,primary_goal,8.6753022,18.9734347,2.685578,0.0,0.0,0.0,0.2498906144918635
891,1791269141298163340,15074231817551,12.804673588001606,primary_goal,8.6753022,18.9734347,2.685578,0.0,0.0,0.0,0.2498906144918635
892,1791269141308060824,15074241330127,12.814186164001512,primary_goal,8.6753022,18.9734347,2.685578,0.0,0.0,0.0,0.2498906144918635
893,1791269141318210533,15074251406436,12.824262473001,primary_goal,8.6753022,18.9734347,2.685578,0.0,0.0,0.0,0.2498906144918635
894,1791269141328162103,15074261365962,12.834221999000874,primary_goal,8.6753022,18.9734347,2.685578,0.0,0.0,0.0,0.2498906144918635
895,1791269141338077509,15074271715936,12.844571973000711,primary_goal,8.6753022,18.9734347,2.685578,0.0,0.0,0.0,0.2498906144918635
896,1791269141348030071,15074281745733,12.854601770000954,primary_goal,8.6753022,18.9734347,2.685578,0.0,0.0,0.0,0.2498906144918635
897,1791269141358229951,15074291847631,12.864703668001312,primary_goal,8.6753022,18.9734347,2.685578,0.0,0.0,0.0,0.2498906144918635
898,1791269141368423122,15074302288191,12.875144228000863,primary_goal,8.6753022,18.9734347,2.685578,0.0,0.0,0.0,0.2498906144918635
899,1791269141378165233,15074311781301,12.884637338000175,primary_goal,8.6753022,18.9734347,2.685578,0.0,0.0,0.0,0.2498906144918635
900,1791269141388243803,15074322098002,12.894954039000368,primary_goal,8.6753022,18.9734347,2.685578,0.0,0.0,0.0,0.2498906144918635
901,1791269141398159539,15074331794280,12.904650317001142,primary_goal,8.6753022,18.9734347,2.685578,0.0,0.0,0.0,0.2498906144918635
902,1791269141408067176,15074341351018,12.914207055000588,primary_goal,8.6753022,18.9734347,2.685578,0.0,0.0,0.0,0.2498906144918635
903,1791269141418179684,15074351514772,12.92437080900163,primary_goal,8.6753022,18.9734347,2.685578,0.0,0.0,0.0,0.2498906144918635
904,1791269141428152607,15074361530340,12.93438637700092,primary_goal,8.6753022,18.9734347,2.685578,0.0,0.0,0.0,0.2498906144918635
905,1791269141438153391,15074371891344,12.944747381001434,primary_goal,8.6753022,18.9734347,2.685578,0.0,0.0,0.0,0.2498906144918635
906,1791269141448162098,15074382113743,12.954969780001193,primary_goal,8.6753022,18.9734347,2.685578,0.0,0.0,0.0,0.2498906144918635
907,1791269141458224389,15074392082110,12.964938147000794,primary_goal,8.6753022,18.9734347,2.685578,0.0,0.0,0.0,0.2498906144918635
908,1791269141468245767,15074401855040,12.974711077000393,primary_goal,8.6753022,18.9734347,2.685578,0.0,0.0,0.0,0.2498906144918635
909,1791269141478075887,15074411669918,12.984525955000208,primary_goal,8.6753022,18.9734347,2.685578,0.0,0.0,0.0,0.2498906144918635
910,1791269141488229503,15074421993456,12.994849493001311,primary_goal,8.6753022,18.9734347,2.685578,0.0,0.0,0.0,0.2498906144918635
911,1791269141498150018,15074431934571,13.004790607999894,primary_goal,8.6753022,18.9734347,2.685578,0.0,0.0,0.0,0.2498906144918635
912,1791269141508052687,15074441419798,13.014275835001172,primary_goal,8.6753022,18.9734347,2.685578,0.0,0.0,0.0,0.2498906144918635
913,1791269141518180053,15074451389553,13.024245590000646,primary_goal,8.6753022,18.9734347,2.685578,0.0,0.0,0.0,0.2498906144918635
914,1791269141528133592,15074461324701,13.034180738000941,primary_goal,8.6753022,18.9734347,2.685578,0.0,0.0,0.0,0.2498906144918635
915,1791269141538064068,15074471457476,13.044313513000816,primary_goal,8.6753022,18.9734347,2.685578,0.0,0.0,0.0,0.2498906144918635
916,1791269141548048032,15074481704786,13.054560823000429,primary_goal,8.6753022,18.9734347,2.685578,0.0,0.0,0.0,0.2498906144918635
917,1791269141558180685,15074491997641,13.064853678000873,primary_goal,8.6753022,18.9734347,2.685578,0.0,0.0,0.0,0.2498906144918635
918,1791269141568231745,15074502178919,13.075034956000309,primary_goal,8.6753022,18.9734347,2.685578,0.0,0.0,0.0,0.2498906144918635
919,1791269141578290995,15074512358049,13.085214086000633,primary_goal,8.6753022,18.9734347,2.685578,0.0,0.0,0.0,0.2498906144918635
920,1791269141588167149,15074521900269,13.094756305999908,primary_goal,8.6753022,18.9734347,2.685578,0.0,0.0,0.0,0.2498906144918635
921,1791269141598204091,15074531972252,13.10482828900058,primary_goal,8.6753022,18.9734347,2.685578,0.0,0.0,0.0,0.2498906144918635
922,1791269141608118718,15074541338736,13.114194773001145,primary_goal,8.6753022,18.9734347,2.685578,0.0,0.0,0.0,0.2498906144918635
923,1791269141618016335,15074551326493,13.124182530000326,primary_goal,8.6753022,18.9734347,2.685578,0.0,0.0,0.0,0.2498906144918635
924,1791269141628122797,15074561434150,13.13429018700117,primary_goal,8.6753022,18.9734347,2.685578,0.0,0.0,0.0,0.2498906144918635
925,1791269141638225210,15074571691980,13.144548017000488,primary_goal,8.6753022,18.9734347,2.685578,0.0,0.0,0.0,0.2498906144918635
926,1791269141648158778,15074581831150,13.1546871870014,primary_goal,8.6753022,18.9734347,2.685578,0.0,0.0,0.0,0.2498906144918635
927,1791269141658230340,15074592047678,13.164903715000037,primary_goal,8.6753022,18.9734347,2.685578,0.0,0.0,0.0,0.2498906144918635
928,1791269141668104593,15074601770364,13.174626400999841,primary_goal,8.6753022,18.9734347,2.685578,0.0,0.0,0.0,0.2498906144918635
929,1791269141678101538,15074611816831,13.184672868001144,primary_goal,8.6753022,18.9734347,2.685578,0.0,0.0,0.0,0.2498906144918635
930,1791269141688086182,15074622040268,13.19489630499993,primary_goal,8.6753022,18.9734347,2.685578,0.0,0.0,0.0,0.2498906144918635
931,1791269141698218513,15074631803467,13.204659504001029,primary_goal,8.6753022,18.9734347,2.685578,0.0,0.0,0.0,0.2498906144918635
932,1791269141708176567,15074641470287,13.214326324001377,primary_goal,8.6753022,18.9734347,2.685578,0.0,0.0,0.0,0.2498906144918635
933,1791269141718168568,15074651513637,13.224369674000627,primary_goal,8.6753022,18.9734347,2.685578,0.0,0.0,0.0,0.2498906144918635
934,1791269141728114343,15074661384679,13.234240716001295,primary_goal,8.6753022,18.9734347,2.685578,0.0,0.0,0.0,0.2498906144918635
935,1791269141738142797,15074671623238,13.24447927500114,primary_goal,8.6753022,18.9734347,2.685578,0.0,0.0,0.0,0.2498906144918635
936,1791269141748150898,15074681829625,13.254685662001066,primary_goal,8.6753022,18.9734347,2.685578,0.0,0.0,0.0,0.2498906144918635
937,1791269141758202360,15074691964090,13.264820127000348,primary_goal,8.6753022,18.9734347,2.685578,0.0,0.0,0.0,0.2498906144918635
938,1791269141768160108,15074701768858,13.27462489500067,primary_goal,8.6753022,18.9734347,2.685578,0.0,0.0,0.0,0.2498906144918635
939,1791269141778152111,15074711724788,13.284580825000376,primary_goal,8.6753022,18.9734347,2.685578,0.0,0.0,0.0,0.2498906144918635
940,1791269141788199297,15074721992100,13.294848137000372,primary_goal,8.6753022,18.9734347,2.685578,0.0,0.0,0.0,0.2498906144918635
941,1791269141798054653,15074731697940,13.304553977000978,primary_goal,8.6753022,18.9734347,2.685578,0.0,0.0,0.0,0.2498906144918635
942,1791269141808037475,15074741254728,13.314110765000805,primary_goal,8.6753022,18.9734347,2.685578,0.0,0.0,0.0,0.2498906144918635
943,1791269141818054467,15074751363328,13.324219365000317,primary_goal,8.6753022,18.9734347,2.685578,0.0,0.0,0.0,0.2498906144918635
944,1791269141828120955,15074761391152,13.334247189000962,primary_goal,8.6753022,18.9734347,2.685578,0.0,0.0,0.0,0.2498906144918635
945,1791269141838135817,15074771545778,13.34440181500031,primary_goal,8.6753022,18.9734347,2.685578,0.0,0.0,0.0,0.2498906144918635
946,1791269141848176408,15074781848864,13.354704901001242,primary_goal,8.6753022,18.9734347,2.685578,0.0,0.0,0.0,0.2498906144918635
947,1791269141858253978,15074792153333,13.365009370001644,primary_goal,8.6753022,18.9734347,2.685578,0.0,0.0,0.0,0.2498906144918635
948,1791269141868065537,15074801689806,13.374545843000305,primary_goal,8.6753022,18.9734347,2.685578,0.0,0.0,0.0,0.2498906144918635
949,1791269141878050057,15074811748473,13.384604509999917,primary_goal,8.6753022,18.9734347,2.685578,0.0,0.0,0.0,0.2498906144918635
950,1791269141888074060,15074821880793,13.39473683000142,primary_goal,8.6753022,18.9734347,2.685578,0.0,0.0,0.0,0.2498906144918635
951,1791269141898161725,15074831828430,13.404684467001061,primary_goal,8.6753022,18.9734347,2.685578,0.0,0.0,0.0,0.2498906144918635
952,1791269141908114571,15074841327211,13.414183247999972,primary_goal,8.6753022,18.9734347,2.685578,0.0,0.0,0.0,0.2498906144918635
953,1791269141918160780,15074851407424,13.42426346100001,primary_goal,8.6753022,18.9734347,2.685578,0.0,0.0,0.0,0.2498906144918635
954,1791269141928118356,15074861400465,13.434256502001517,primary_goal,8.6753022,18.9734347,2.685578,0.0,0.0,0.0,0.2498906144918635
955,1791269141938154648,15074871910103,13.444766140000866,primary_goal,8.6753022,18.9734347,2.685578,0.0,0.0,0.0,0.2498906144918635
956,1791269141948146602,15074881842242,13.454698279001605,primary_goal,8.6753022,18.9734347,2.685578,0.0,0.0,0.0,0.2498906144918635
957,1791269141958204640,15074892060933,13.464916970000559,primary_goal,8.6753022,18.9734347,2.685578,0.0,0.0,0.0,0.2498906144918635
958,1791269141968235799,15074902340270,13.47519630700117,primary_goal,8.6753022,18.9734347,2.685578,0.0,0.0,0.0,0.2498906144918635
959,1791269141978163675,15074912024135,13.484880171999976,primary_goal,8.6753022,18.9734347,2.685578,0.0,0.0,0.0,0.2498906144918635
960,1791269141988239418,15074922263745,13.495119782000984,primary_goal,8.6753022,18.9734347,2.685578,0.0,0.0,0.0,0.2498906144918635
961,1791269141998049285,15074931632843,13.504488880000281,primary_goal,8.6753022,18.9734347,2.685578,0.0,0.0,0.0,0.2498906144918635
962,1791269142008048257,15074941223761,13.514079798000239,primary_goal,8.6753022,18.9734347,2.685578,0.0,0.0,0.0,0.2498906144918635
963,1791269142018068828,15074951258188,13.52411422500154,primary_goal,8.6753022,18.9734347,2.685578,0.0,0.0,0.0,0.2498906144918635
964,1791269142028116235,15074961243938,13.534099975000572,primary_goal,8.6753022,18.9734347,2.685578,0.0,0.0,0.0,0.2498906144918635
965,1791269142038138387,15074971495584,13.544351621001624,primary_goal,8.6753022,18.9734347,2.685578,0.0,0.0,0.0,0.2498906144918635
966,1791269142048149224,15074981777271,13.55463330800012,primary_goal,8.6753022,18.9734347,2.685578,0.0,0.0,0.0,0.2498906144918635
967,1791269142058172857,15074992058717,13.56491475400071,primary_goal,8.6753022,18.9734347,2.685578,0.0,0.0,0.0,0.2498906144918635
968,1791269142068153917,15075001739598,13.57459563500015,primary_goal,8.6753022,18.9734347,2.685578,0.0,0.0,0.0,0.2498906144918635
969,1791269142078080742,15075011889352,13.58474538900009,primary_goal,8.6753022,18.9734347,2.685578,0.0,0.0,0.0,0.2498906144918635
970,1791269142088217409,15075022258244,13.59511428100086,primary_goal,8.6753022,18.9734347,2.685578,0.0,0.0,0.0,0.2498906144918635
971,1791269142098150164,15075031661273,13.604517310001029,primary_goal,8.6753022,18.9734347,2.685578,0.0,0.0,0.0,0.2498906144918635
972,1791269142108022494,15075041291582,13.614147619000505,primary_goal,8.6753022,18.9734347,2.685578,0.0,0.0,0.0,0.2498906144918635
973,1791269142118081412,15075051509033,13.62436506999984,primary_goal,8.6753022,18.9734347,2.685578,0.0,0.0,0.0,0.2498906144918635
974,1791269142128102693,15075061374925,13.634230962001311,primary_goal,8.6753022,18.9734347,2.685578,0.0,0.0,0.0,0.2498906144918635
975,1791269142138080722,15075071658384,13.644514421001077,primary_goal,8.6753022,18.9734347,2.685578,0.0,0.0,0.0,0.2498906144918635
976,1791269142148041314,15075081489664,13.654345701001148,primary_goal,8.6753022,18.9734347,2.685578,0.0,0.0,0.0,0.2498906144918635
977,1791269142158037803,15075091350367,13.664206404000652,primary_goal,8.6753022,18.9734347,2.685578,0.0,0.0,0.0,0.2498906144918635
978,1791269142168059605,15075101499364,13.674355401000867,primary_goal,8.6753022,18.9734347,2.685578,0.0,0.0,0.0,0.2498906144918635
979,1791269142178144062,15075111430047,13.684286084000632,primary_goal,8.6753022,18.9734347,2.685578,0.0,0.0,0.0,0.2498906144918635
980,1791269142188179056,15075121763679,13.694619716001398,primary_goal,8.6753022,18.9734347,2.685578,0.0,0.0,0.0,0.2498906144918635
981,1791269142198143060,15075131679803,13.704535840000972,primary_goal,8.6753022,18.9734347,2.685578,0.0,0.0,0.0,0.2498906144918635
982,1791269142208140184,15075141318562,13.714174599001126,primary_goal,8.6753022,18.9734347,2.685578,0.0,0.0,0.0,0.2498906144918635
983,1791269142218199128,15075151415938,13.724271975001102,primary_goal,8.6753022,18.9734347,2.685578,0.0,0.0,0.0,0.2498906144918635
984,1791269142228073583,15075161252912,13.734108949000074,primary_goal,8.6753022,18.9734347,2.685578,0.0,0.0,0.0,0.2498906144918635
985,1791269142238046085,15075171394420,13.744250457000817,primary_goal,8.6753022,18.9734347,2.685578,0.0,0.0,0.0,0.2498906144918635
986,1791269142248160222,15075181715064,13.754571101000693,primary_goal,8.6753022,18.9734347,2.685578,0.0,0.0,0.0,0.2498906144918635
987,1791269142258093044,15075191633265,13.764489302000584,primary_goal,8.6753022,18.9734347,2.685578,0.0,0.0,0.0,0.2498906144918635
988,1791269142268055638,15075201643697,13.774499734001438,primary_goal,8.6753022,18.9734347,2.685578,0.0,0.0,0.0,0.2498906144918635
989,1791269142278178267,15075211710573,13.784566610000184,primary_goal,8.6753022,18.9734347,2.685578,0.0,0.0,0.0,0.2498906144918635
990,1791269142288245967,15075221968916,13.794824952999988,primary_goal,8.6753022,18.9734347,2.685578,0.0,0.0,0.0,0.2498906144918635
991,1791269142298142747,15075231702560,13.804558597001233,primary_goal,8.6753022,18.9734347,2.685578,0.0,0.0,0.0,0.2498906144918635
992,1791269142308027370,15075241176180,13.814032217000204,primary_goal,8.6753022,18.9734347,2.685578,0.0,0.0,0.0,0.2498906144918635
993,1791269142318124974,15075251345258,13.82420129500133,primary_goal,8.6753022,18.9734347,2.685578,0.0,0.0,0.0,0.2498906144918635
994,1791269142328117855,15075261339244,13.834195281000575,primary_goal,8.6753022,18.9734347,2.685578,0.0,0.0,0.0,0.2498906144918635
995,1791269142338153068,15075271822429,13.844678466000914,primary_goal,8.6753022,18.9734347,2.685578,0.0,0.0,0.0,0.2498906144918635
996,1791269142348152949,15075281919087,13.854775124000298,primary_goal,8.6753022,18.9734347,2.685578,0.0,0.0,0.0,0.2498906144918635
997,1791269142358168986,15075292097514,13.864953551001236,primary_goal,8.6753022,18.9734347,2.685578,0.0,0.0,0.0,0.2498906144918635
998,1791269142368243321,15075302617378,13.87547341500067,primary_goal,8.6753022,18.9734347,2.685578,0.0,0.0,0.0,0.2498906144918635
999,1791269142378078297,15075311915114,13.884771151000677,primary_goal,8.6753022,18.9734347,2.685578,0.0,0.0,0.0,0.2498906144918635
1000,1791269142388221113,15075322196520,13.895052556999872,primary_goal,8.6753022,18.9734347,2.685578,0.0,0.0,0.0,0.2498906144918635
1001,1791269142398123710,15075331994531,13.904850568000256,primary_goal,8.6753022,18.9734347,2.685578,0.0,0.0,0.0,0.2498906144918635
1002,1791269142408107657,15075341500628,13.914356665000014,primary_goal,8.6753022,18.9734347,2.685578,0.0,0.0,0.0,0.2498906144918635
1003,1791269142418207213,15075351477908,13.924333945000399,primary_goal,8.6753022,18.9734347,2.685578,0.0,0.0,0.0,0.2498906144918635
1004,1791269142428104766,15075361596634,13.934452671001054,primary_goal,8.6753022,18.9734347,2.685578,0.0,0.0,0.0,0.2498906144918635
1005,1791269142438143453,15075372079661,13.944935698000336,primary_goal,8.6753022,18.9734347,2.685578,0.0,0.0,0.0,0.2498906144918635
1006,1791269142448158328,15075381893736,13.954749773000003,primary_goal,8.6753022,18.9734347,2.685578,0.0,0.0,0.0,0.2498906144918635
1007,1791269142458214935,15075392116647,13.964972684001623,primary_goal,8.6753022,18.9734347,2.685578,0.0,0.0,0.0,0.2498906144918635
1008,1791269142468074301,15075402130643,13.974986680001166,primary_goal,8.6753022,18.9734347,2.685578,0.0,0.0,0.0,0.2498906144918635
1009,1791269142478152302,15075411870959,13.984726996000973,primary_goal,8.6753022,18.9734347,2.685578,0.0,0.0,0.0,0.2498906144918635
1010,1791269142488125344,15075422120093,13.994976130001305,primary_goal,8.6753022,18.9734347,2.685578,0.0,0.0,0.0,0.2498906144918635
1011,1791269142498140752,15075431852915,14.004708952001238,primary_goal,8.6753022,18.9734347,2.685578,0.0,0.0,0.0,0.2498906144918635
1012,1791269142508045191,15075441477390,14.014333427001475,primary_goal,8.6753022,18.9734347,2.685578,0.0,0.0,0.0,0.2498906144918635
1013,1791269142518142155,15075451499341,14.02435537800011,primary_goal,8.6753022,18.9734347,2.685578,0.0,0.0,0.0,0.2498906144918635
1014,1791269142528117128,15075461415033,14.034271070000614,primary_goal,8.6753022,18.9734347,2.685578,0.0,0.0,0.0,0.2498906144918635
1015,1791269142538134966,15075471704696,14.044560733000253,primary_goal,8.6753022,18.9734347,2.685578,0.0,0.0,0.0,0.2498906144918635
1016,1791269142548139569,15075481682593,14.054538630000025,primary_goal,8.6753022,18.9734347,2.685578,0.0,0.0,0.0,0.2498906144918635
1017,1791269142558056676,15075491786184,14.064642221001122,primary_goal,8.6753022,18.9734347,2.685578,0.0,0.0,0.0,0.2498906144918635
1018,1791269142568047728,15075501850877,14.074706914001581,primary_goal,8.6753022,18.9734347,2.685578,0.0,0.0,0.0,0.2498906144918635
1019,1791269142578168812,15075512233102,14.085089139000047,primary_goal,8.6753022,18.9734347,2.685578,0.0,0.0,0.0,0.2498906144918635
1020,1791269142588215350,15075522153837,14.095009874001335,primary_goal,8.6753022,18.9734347,2.685578,0.0,0.0,0.0,0.2498906144918635
1021,1791269142598040368,15075531893656,14.104749693000485,primary_goal,8.6753022,18.9734347,2.685578,0.0,0.0,0.0,0.2498906144918635
1022,1791269142608036952,15075541405841,14.114261878001344,primary_goal,8.6753022,18.9734347,2.685578,0.0,0.0,0.0,0.2498906144918635
1023,1791269142618062555,15075551394331,14.124250368000503,primary_goal,8.6753022,18.9734347,2.685578,0.0,0.0,0.0,0.2498906144918635
1024,1791269142628112320,15075561428074,14.134284110999943,primary_goal,8.6753022,18.9734347,2.685578,0.0,0.0,0.0,0.2498906144918635
1025,1791269142638127890,15075571552577,14.144408613999985,primary_goal,8.6753022,18.9734347,2.685578,0.0,0.0,0.0,0.2498906144918635
1026,1791269142648277218,15075581887047,14.154743084000074,primary_goal,8.6753022,18.9734347,2.685578,0.0,0.0,0.0,0.2498906144918635
1027,1791269142658236889,15075591905233,14.164761269999872,primary_goal,8.6753022,18.9734347,2.685578,0.0,0.0,0.0,0.2498906144918635
1028,1791269142668055569,15075601625036,14.174481073001516,primary_goal,8.6753022,18.9734347,2.685578,0.0,0.0,0.0,0.2498906144918635
1029,1791269142678459303,15075611980747,14.184836784001163,primary_goal,8.6753022,18.9734347,2.685578,0.0,0.0,0.0,0.2498906144918635
1030,1791269142688314498,15075622122758,14.194978795001589,primary_goal,8.6753022,18.9734347,2.685578,0.0,0.0,0.0,0.2498906144918635
1031,1791269142698172757,15075631692691,14.2045487280011,primary_goal,8.6753022,18.9734347,2.685578,0.0,0.0,0.0,0.2498906144918635
1032,1791269142708065054,15075641301893,14.21415793000051,primary_goal,8.6753022,18.9734347,2.685578,0.0,0.0,0.0,0.2498906144918635
1033,1791269142718168008,15075651387171,14.224243208000189,primary_goal,8.6753022,18.9734347,2.685578,0.0,0.0,0.0,0.2498906144918635
1034,1791269142728136150,15075661436451,14.234292488001302,primary_goal,8.6753022,18.9734347,2.685578,0.0,0.0,0.0,0.2498906144918635
1035,1791269142738045784,15075671468471,14.244324508001228,primary_goal,8.6753022,18.9734347,2.685578,0.0,0.0,0.0,0.2498906144918635
1036,1791269142748161786,15075681735387,14.254591423999955,primary_goal,8.6753022,18.9734347,2.685578,0.0,0.0,0.0,0.2498906144918635
1037,1791269142758113184,15075691973513,14.264829550000286,primary_goal,8.6753022,18.9734347,2.685578,0.0,0.0,0.0,0.2498906144918635
1038,1791269142768088253,15075701827864,14.274683901001481,primary_goal,8.6753022,18.9734347,2.685578,0.0,0.0,0.0,0.2498906144918635
1039,1791269142778010589,15075711669014,14.284525050999946,primary_goal,8.6753022,18.9734347,2.685578,0.0,0.0,0.0,0.2498906144918635
1040,1791269142788211404,15075722142924,14.294998961000601,primary_goal,8.6753022,18.9734347,2.685578,0.0,0.0,0.0,0.2498906144918635
1041,1791269142798131004,15075731843122,14.304699158999938,primary_goal,8.6753022,18.9734347,2.685578,0.0,0.0,0.0,0.2498906144918635
1042,1791269142808101473,15075741441082,14.314297119000912,primary_goal,8.6753022,18.9734347,2.685578,0.0,0.0,0.0,0.2498906144918635
1043,1791269142817984946,15075751371264,14.324227301000064,primary_goal,8.6753022,18.9734347,2.685578,0.0,0.0,0.0,0.2498906144918635
1044,1791269142828137890,15075761728586,14.33458462300041,primary_goal,8.6753022,18.9734347,2.685578,0.0,0.0,0.0,0.2498906144918635
1045,1791269142838206298,15075772194969,14.345051006001086,primary_goal,8.6753022,18.9734347,2.685578,0.0,0.0,0.0,0.2498906144918635
1046,1791269142848299838,15075781928579,14.35478461599996,primary_goal,8.6753022,18.9734347,2.685578,0.0,0.0,0.0,0.2498906144918635
1047,1791269142858062472,15075791741321,14.364597358000537,primary_goal,8.6753022,18.9734347,2.685578,0.0,0.0,0.0,0.2498906144918635
1048,1791269142868095293,15075801775253,14.374631290000252,primary_goal,8.6753022,18.9734347,2.685578,0.0,0.0,0.0,0.2498906144918635
1049,1791269142878128536,15075811685475,14.384541512001306,primary_goal,8.6753022,18.9734347,2.685578,0.0,0.0,0.0,0.2498906144918635
1050,1791269142888222686,15075821977748,14.394833785001538,primary_goal,8.6753022,18.9734347,2.685578,0.0,0.0,0.0,0.2498906144918635
1051,1791269142898021337,15075831539009,14.40439504599999,primary_goal,8.6753022,18.9734347,2.685578,0.0,0.0,0.0,0.2498906144918635
1052,1791269142908131669,15075841313793,14.414169830000901,primary_goal,8.6753022,18.9734347,2.685578,0.0,0.0,0.0,0.2498906144918635
1053,1791269142918160521,15075851398737,14.424254774001383,primary_goal,8.6753022,18.9734347,2.685578,0.0,0.0,0.0,0.2498906144918635
1054,1791269142928052795,15075861358446,14.434214483000687,primary_goal,8.6753022,18.9734347,2.685578,0.0,0.0,0.0,0.2498906144918635
1055,1791269142938131435,15075871631270,14.4444873070006,primary_goal,8.6753022,18.9734347,2.685578,0.0,0.0,0.0,0.2498906144918635
1056,1791269142948174427,15075881721468,14.454577505000998,primary_goal,8.6753022,18.9734347,2.685578,0.0,0.0,0.0,0.2498906144918635
1057,1791269142958230801,15075892244879,14.465100916000665,primary_goal,8.6753022,18.9734347,2.685578,0.0,0.0,0.0,0.2498906144918635
1058,1791269142968173295,15075902180000,14.475036036999882,primary_goal,8.6753022,18.9734347,2.685578,0.0,0.0,0.0,0.2498906144918635
1059,1791269142978138596,15075911731833,14.484587870001633,primary_goal,8.6753022,18.9734347,2.685578,0.0,0.0,0.0,0.2498906144918635
1060,1791269142988168730,15075922082167,14.4949382040013,primary_goal,8.6753022,18.9734347,2.685578,0.0,0.0,0.0,0.2498906144918635
1061,1791269142998127712,15075931818799,14.50467483600005,primary_goal,8.6753022,18.9734347,2.685578,0.0,0.0,0.0,0.2498906144918635
1062,1791269143008094021,15075941511751,14.514367788000527,primary_goal,8.6753022,18.9734347,2.685578,0.0,0.0,0.0,0.2498906144918635
1063,1791269143018114073,15075951532684,14.524388720999923,primary_goal,8.6753022,18.9734347,2.685578,0.0,0.0,0.0,0.2498906144918635
1064,1791269143028098185,15075961519404,14.53437544100052,primary_goal,8.6753022,18.9734347,2.685578,0.0,0.0,0.0,0.2498906144918635
1065,1791269143038126408,15075971899900,14.544755937000446,primary_goal,8.6753022,18.9734347,2.685578,0.0,0.0,0.0,0.2498906144918635
1066,1791269143048135217,15075981929653,14.554785690001154,primary_goal,8.6753022,18.9734347,2.685578,0.0,0.0,0.0,0.2498906144918635
1067,1791269143058271409,15075991858739,14.564714776000983,primary_goal,8.6753022,18.9734347,2.685578,0.0,0.0,0.0,0.2498906144918635
1068,1791269143068155966,15076001900661,14.574756698000783,primary_goal,8.6753022,18.9734347,2.685578,0.0,0.0,0.0,0.2498906144918635
1069,1791269143078144935,15076011789725,14.584645762000946,primary_goal,8.6753022,18.9734347,2.685578,0.0,0.0,0.0,0.2498906144918635
1070,1791269143088171530,15076021846085,14.594702121999944,primary_goal,8.6753022,18.9734347,2.685578,0.0,0.0,0.0,0.2498906144918635
1071,1791269143098141646,15076031757523,14.604613560000871,primary_goal,8.6753022,18.9734347,2.685578,0.0,0.0,0.0,0.2498906144918635
1072,1791269143108093279,15076041239165,14.614095202001408,primary_goal,8.6753022,18.9734347,2.685578,0.0,0.0,0.0,0.2498906144918635
1073,1791269143118016634,15076051311819,14.624167855999985,primary_goal,8.6753022,18.9734347,2.685578,0.0,0.0,0.0,0.2498906144918635
1074,1791269143128103123,15076061275702,14.634131739001532,primary_goal,8.6753022,18.9734347,2.685578,0.0,0.0,0.0,0.2498906144918635
1075,1791269143138121599,15076071574220,14.64443025699984,primary_goal,8.6753022,18.9734347,2.685578,0.0,0.0,0.0,0.2498906144918635
1076,1791269143148131926,15076081697177,14.65455321400077,primary_goal,8.6753022,18.9734347,2.685578,0.0,0.0,0.0,0.2498906144918635
1077,1791269143158175616,15076092025549,14.664881586000774,primary_goal,8.6753022,18.9734347,2.685578,0.0,0.0,0.0,0.2498906144918635
1078,1791269143168145076,15076101759812,14.674615849000475,primary_goal,8.6753022,18.9734347,2.685578,0.0,0.0,0.0,0.2498906144918635
1079,1791269143178075885,15076111627258,14.684483295000973,primary_goal,8.6753022,18.9734347,2.685578,0.0,0.0,0.0,0.2498906144918635
1080,1791269143188165181,15076121831938,14.694687975001216,primary_goal,8.6753022,18.9734347,2.685578,0.0,0.0,0.0,0.2498906144918635
1081,1791269143198148242,15076131697461,14.704553498000678,primary_goal,8.6753022,18.9734347,2.685578,0.0,0.0,0.0,0.2498906144918635
1082,1791269143208094788,15076141236164,14.714092201000312,primary_goal,8.6753022,18.9734347,2.685578,0.0,0.0,0.0,0.2498906144918635
1083,1791269143218125244,15076151344475,14.724200512000607,primary_goal,8.6753022,18.9734347,2.685578,0.0,0.0,0.0,0.2498906144918635
1084,1791269143228093052,15076161237216,14.734093253000538,primary_goal,8.6753022,18.9734347,2.685578,0.0,0.0,0.0,0.2498906144918635
1085,1791269143238030567,15076171376649,14.744232686000032,primary_goal,8.6753022,18.9734347,2.685578,0.0,0.0,0.0,0.2498906144918635
1086,1791269143248136827,15076181658596,14.754514633001236,primary_goal,8.6753022,18.9734347,2.685578,0.0,0.0,0.0,0.2498906144918635
1087,1791269143258148090,15076191920078,14.764776115000132,primary_goal,8.6753022,18.9734347,2.685578,0.0,0.0,0.0,0.2498906144918635
1088,1791269143268243530,15076202193856,14.77504989299996,primary_goal,8.6753022,18.9734347,2.685578,0.0,0.0,0.0,0.2498906144918635
1089,1791269143278171686,15076211814834,14.784670871000344,primary_goal,8.6753022,18.9734347,2.685578,0.0,0.0,0.0,0.2498906144918635
1090,1791269143288181713,15076222158892,14.7950149290009,primary_goal,8.6753022,18.9734347,2.685578,0.0,0.0,0.0,0.2498906144918635
1091,1791269143298224847,15076231675422,14.804531458999918,primary_goal,8.6753022,18.9734347,2.685578,0.0,0.0,0.0,0.2498906144918635
1092,1791269143308115670,15076241279632,14.814135669001189,primary_goal,8.6753022,18.9734347,2.685578,0.0,0.0,0.0,0.2498906144918635
1093,1791269143318121567,15076251436568,14.824292605000664,primary_goal,8.6753022,18.9734347,2.685578,0.0,0.0,0.0,0.2498906144918635
1094,1791269143328104719,15076261390401,14.834246438000264,primary_goal,8.6753022,18.9734347,2.685578,0.0,0.0,0.0,0.2498906144918635
1095,1791269143338115325,15076271586512,14.844442549001542,primary_goal,8.6753022,18.9734347,2.685578,0.0,0.0,0.0,0.2498906144918635
1096,1791269143348022856,15076281557333,14.854413370001566,primary_goal,8.6753022,18.9734347,2.685578,0.0,0.0,0.0,0.2498906144918635
1097,1791269143358157177,15076292074984,14.864931021000302,primary_goal,8.6753022,18.9734347,2.685578,0.0,0.0,0.0,0.2498906144918635
1098,1791269143368174407,15076301994929,14.87485096599994,primary_goal,8.6753022,18.9734347,2.685578,0.0,0.0,0.0,0.2498906144918635
1099,1791269143378129268,15076311798606,14.88465464300134,primary_goal,8.6753022,18.9734347,2.685578,0.0,0.0,0.0,0.2498906144918635
1100,1791269143388223497,15076322106854,14.894962891001342,primary_goal,8.6753022,18.9734347,2.685578,0.0,0.0,0.0,0.2498906144918635
1101,1791269143398084846,15076331695288,14.904551325000284,primary_goal,8.6753022,18.9734347,2.685578,0.0,0.0,0.0,0.2498906144918635
1102,1791269143408037100,15076341382481,14.914238518000275,primary_goal,8.6753022,18.9734347,2.685578,0.0,0.0,0.0,0.2498906144918635
1103,1791269143418148851,15076351430510,14.92428654700052,primary_goal,8.6753022,18.9734347,2.685578,0.0,0.0,0.0,0.2498906144918635
1104,1791269143428097374,15076361360858,14.934216895000645,primary_goal,8.6753022,18.9734347,2.685578,0.0,0.0,0.0,0.2498906144918635
1105,1791269143438035244,15076371520608,14.944376645000375,primary_goal,8.6753022,18.9734347,2.685578,0.0,0.0,0.0,0.2498906144918635
1106,1791269143448037276,15076381805213,14.954661249999845,primary_goal,8.6753022,18.9734347,2.685578,0.0,0.0,0.0,0.2498906144918635
1107,1791269143458054191,15076391722008,14.964578045000962,primary_goal,8.6753022,18.9734347,2.685578,0.0,0.0,0.0,0.2498906144918635
1108,1791269143468233925,15076402289987,14.975146024000423,primary_goal,8.6753022,18.9734347,2.685578,0.0,0.0,0.0,0.2498906144918635
1109,1791269143478127936,15076411656831,14.98451286800082,primary_goal,8.6753022,18.9734347,2.685578,0.0,0.0,0.0,0.2498906144918635
1110,1791269143488162357,15076421909223,14.99476526000035,primary_goal,8.6753022,18.9734347,2.685578,0.0,0.0,0.0,0.2498906144918635
1111,1791269143498123178,15076431689720,15.004545757001324,primary_goal,8.6753022,18.9734347,2.685578,0.0,0.0,0.0,0.2498906144918635
1112,1791269143508109296,15076441458563,15.014314600000944,primary_goal,8.6753022,18.9734347,2.685578,0.0,0.0,0.0,0.2498906144918635
1113,1791269143517968566,15076451528739,15.02438477600117,primary_goal,8.6753022,18.9734347,2.685578,0.0,0.0,0.0,0.2498906144918635
1114,1791269143528094143,15076461370357,15.034226394000143,primary_goal,8.6753022,18.9734347,2.685578,0.0,0.0,0.0,0.2498906144918635
1115,1791269143538110473,15076471510013,15.044366050000463,primary_goal,8.6753022,18.9734347,2.685578,0.0,0.0,0.0,0.2498906144918635
1116,1791269143548002925,15076481603770,15.054459807000967,primary_goal,8.6753022,18.9734347,2.685578,0.0,0.0,0.0,0.2498906144918635
1117,1791269143558039786,15076492062383,15.06491842000105,primary_goal,8.6753022,18.9734347,2.685578,0.0,0.0,0.0,0.2498906144918635
1118,1791269143568141556,15076501817900,15.074673937000625,primary_goal,8.6753022,18.9734347,2.685578,0.0,0.0,0.0,0.2498906144918635
1119,1791269143578142539,15076511831075,15.08468711200112,primary_goal,8.6753022,18.9734347,2.685578,0.0,0.0,0.0,0.2498906144918635
1120,1791269143588047794,15076522224288,15.095080325001618,primary_goal,8.6753022,18.9734347,2.685578,0.0,0.0,0.0,0.2498906144918635
1121,1791269143598027249,15076531720130,15.104576167001142,primary_goal,8.6753022,18.9734347,2.685578,0.0,0.0,0.0,0.2498906144918635
1122,1791269143608091218,15076541428878,15.114284915000098,primary_goal,8.6753022,18.9734347,2.685578,0.0,0.0,0.0,0.2498906144918635
1123,1791269143618022455,15076551588550,15.124444587001562,primary_goal,8.6753022,18.9734347,2.685578,0.0,0.0,0.0,0.2498906144918635
1124,1791269143628096484,15076561662339,15.134518376000415,primary_goal,8.6753022,18.9734347,2.685578,0.0,0.0,0.0,0.2498906144918635
1125,1791269143638108443,15076571891717,15.144747754000491,primary_goal,8.6753022,18.9734347,2.685578,0.0,0.0,0.0,0.2498906144918635
1126,1791269143648135332,15076582078831,15.154934868000055,primary_goal,8.6753022,18.9734347,2.685578,0.0,0.0,0.0,0.2498906144918635
1127,1791269143658147681,15076592041795,15.164897832000861,primary_goal,8.6753022,18.9734347,2.685578,0.0,0.0,0.0,0.2498906144918635
1128,1791269143668173183,15076602366867,15.175222904001203,primary_goal,8.6753022,18.9734347,2.685578,0.0,0.0,0.0,0.2498906144918635
1129,1791269143678099598,15076611710536,15.184566573001575,primary_goal,8.6753022,18.9734347,2.685578,0.0,0.0,0.0,0.2498906144918635
1130,1791269143688200220,15076622046566,15.194902603001537,primary_goal,8.6753022,18.9734347,2.685578,0.0,0.0,0.0,0.2498906144918635
1131,1791269143698132025,15076631710766,15.204566803000489,primary_goal,8.6753022,18.9734347,2.685578,0.0,0.0,0.0,0.2498906144918635
1132,1791269143708084504,15076641339416,15.214195453001594,primary_goal,8.6753022,18.9734347,2.685578,0.0,0.0,0.0,0.2498906144918635
1133,1791269143718000494,15076651300031,15.22415606800132,primary_goal,8.6753022,18.9734347,2.685578,0.0,0.0,0.0,0.2498906144918635
1134,1791269143728089971,15076661396808,15.23425284500081,primary_goal,8.6753022,18.9734347,2.685578,0.0,0.0,0.0,0.2498906144918635
1135,1791269143738124486,15076671652991,15.24450902800163,primary_goal,8.6753022,18.9734347,2.685578,0.0,0.0,0.0,0.2498906144918635
1136,1791269143748003809,15076681604545,15.25446058200032,primary_goal,8.6753022,18.9734347,2.685578,0.0,0.0,0.0,0.2498906144918635
1137,1791269143758135914,15076691831874,15.264687911001602,primary_goal,8.6753022,18.9734347,2.685578,0.0,0.0,0.0,0.2498906144918635
1138,1791269143768083195,15076701942896,15.274798933000056,primary_goal,8.6753022,18.9734347,2.685578,0.0,0.0,0.0,0.2498906144918635
1139,1791269143778132390,15076711627009,15.284483045999878,primary_goal,8.6753022,18.9734347,2.685578,0.0,0.0,0.0,0.2498906144918635
1140,1791269143788269560,15076722194377,15.295050414000798,primary_goal,8.6753022,18.9734347,2.685578,0.0,0.0,0.0,0.2498906144918635
1141,1791269143798109130,15076731687254,15.3045432910003,primary_goal,8.6753022,18.9734347,2.685578,0.0,0.0,0.0,0.2498906144918635
1142,1791269143808005108,15076741263618,15.314119655000468,primary_goal,8.6753022,18.9734347,2.685578,0.0,0.0,0.0,0.2498906144918635
1143,1791269143818009655,15076751268238,15.32412427500094,primary_goal,8.6753022,18.9734347,2.685578,0.0,0.0,0.0,0.2498906144918635
1144,1791269143828099974,15076761409612,15.334265649000372,primary_goal,8.6753022,18.9734347,2.685578,0.0,0.0,0.0,0.2498906144918635
1145,1791269143838113355,15076771564249,15.344420286000968,primary_goal,8.6753022,18.9734347,2.685578,0.0,0.0,0.0,0.2498906144918635
1146,1791269143848032306,15076781531362,15.354387399000188,primary_goal,8.6753022,18.9734347,2.685578,0.0,0.0,0.0,0.2498906144918635
1147,1791269143858211852,15076791865263,15.364721300000383,primary_goal,8.6753022,18.9734347,2.685578,0.0,0.0,0.0,0.2498906144918635
1148,1791269143868089538,15076801987388,15.374843425001018,primary_goal,8.6753022,18.9734347,2.685578,0.0,0.0,0.0,0.2498906144918635
1149,1791269143878179678,15076811647627,15.384503664001386,primary_goal,8.6753022,18.9734347,2.685578,0.0,0.0,0.0,0.2498906144918635
1150,1791269143888461574,15076821991607,15.394847644000038,primary_goal,8.6753022,18.9734347,2.685578,0.0,0.0,0.0,0.2498906144918635
1151,1791269143898153349,15076831664803,15.40452084000026,primary_goal,8.6753022,18.9734347,2.685578,0.0,0.0,0.0,0.2498906144918635
1152,1791269143908132064,15076841391011,15.414247048000107,primary_goal,8.6753022,18.9734347,2.685578,0.0,0.0,0.0,0.2498906144918635
1153,1791269143918123948,15076851302668,15.424158705000082,primary_goal,8.6753022,18.9734347,2.685578,0.0,0.0,0.0,0.2498906144918635
1154,1791269143928062798,15076861180469,15.434036506001576,primary_goal,8.6753022,18.9734347,2.685578,0.0,0.0,0.0,0.2498906144918635
1155,1791269143938104645,15076871553131,15.444409168001584,primary_goal,8.6753022,18.9734347,2.685578,0.0,0.0,0.0,0.2498906144918635
1156,1791269143948125418,15076881731621,15.454587658001401,primary_goal,8.6753022,18.9734347,2.685578,0.0,0.0,0.0,0.2498906144918635
1157,1791269143958144487,15076891973366,15.464829403001204,primary_goal,8.6753022,18.9734347,2.685578,0.0,0.0,0.0,0.2498906144918635
1158,1791269143968179192,15076902130668,15.474986705001356,primary_goal,8.6753022,18.9734347,2.685578,0.0,0.0,0.0,0.2498906144918635
1159,1791269143978113469,15076911607207,15.484463243999926,primary_goal,8.6753022,18.9734347,2.685578,0.0,0.0,0.0,0.2498906144918635
1160,1791269143988143239,15076921863039,15.494719076001275,primary_goal,8.6753022,18.9734347,2.685578,0.0,0.0,0.0,0.2498906144918635
1161,1791269143998108664,15076931721654,15.504577691001032,primary_goal,8.6753022,18.9734347,2.685578,0.0,0.0,0.0,0.2498906144918635
1162,1791269144008094762,15076941292439,15.514148476000628,primary_goal,8.6753022,18.9734347,2.685578,0.0,0.0,0.0,0.2498906144918635
1163,1791269144018108073,15076951409229,15.52426526599993,primary_goal,8.6753022,18.9734347,2.685578,0.0,0.0,0.0,0.2498906144918635
1164,1791269144028086284,15076961451019,15.534307056001126,primary_goal,8.6753022,18.9734347,2.685578,0.0,0.0,0.0,0.2498906144918635
1165,1791269144038098918,15076971538099,15.544394136000847,primary_goal,8.6753022,18.9734347,2.685578,0.0,0.0,0.0,0.2498906144918635
1166,1791269144048006743,15076981570233,15.554426270000477,primary_goal,8.6753022,18.9734347,2.685578,0.0,0.0,0.0,0.2498906144918635
1167,1791269144058128880,15076991814739,15.56467077600064,primary_goal,8.6753022,18.9734347,2.685578,0.0,0.0,0.0,0.2498906144918635
1168,1791269144068179943,15077002112523,15.574968560000343,primary_goal,8.6753022,18.9734347,2.685578,0.0,0.0,0.0,0.2498906144918635
1169,1791269144078127852,15077011761601,15.584617638000054,primary_goal,8.6753022,18.9734347,2.685578,0.0,0.0,0.0,0.2498906144918635
1170,1791269144088135658,15077021798353,15.59465439000087,primary_goal,8.6753022,18.9734347,2.685578,0.0,0.0,0.0,0.2498906144918635
1171,1791269144098164078,15077031765453,15.604621490001591,primary_goal,8.6753022,18.9734347,2.685578,0.0,0.0,0.0,0.2498906144918635
1172,1791269144108036655,15077041271295,15.614127332000862,primary_goal,8.6753022,18.9734347,2.685578,0.0,0.0,0.0,0.2498906144918635
1173,1791269144118143047,15077051409991,15.62426602800042,primary_goal,8.6753022,18.9734347,2.685578,0.0,0.0,0.0,0.2498906144918635
1174,1791269144128112736,15077061338465,15.634194502001264,primary_goal,8.6753022,18.9734347,2.685578,0.0,0.0,0.0,0.2498906144918635
1175,1791269144138165299,15077071706269,15.644562306000807,primary_goal,8.6753022,18.9734347,2.685578,0.0,0.0,0.0,0.2498906144918635
1176,1791269144148102359,15077081670282,15.65452631900007,primary_goal,8.6753022,18.9734347,2.685578,0.0,0.0,0.0,0.2498906144918635
1177,1791269144158145781,15077092065574,15.664921610999954,primary_goal,8.6753022,18.9734347,2.685578,0.0,0.0,0.0,0.2498906144918635
1178,1791269144168167112,15077102198190,15.675054227000146,primary_goal,8.6753022,18.9734347,2.685578,0.0,0.0,0.0,0.2498906144918635
1179,1791269144178139639,15077111597283,15.684453320000102,primary_goal,8.6753022,18.9734347,2.685578,0.0,0.0,0.0,0.2498906144918635
1180,1791269144188141784,15077121701160,15.694557197000904,primary_goal,8.6753022,18.9734347,2.685578,0.0,0.0,0.0,0.2498906144918635
1181,1791269144198045519,15077131734266,15.704590303001169,primary_goal,8.6753022,18.9734347,2.685578,0.0,0.0,0.0,0.2498906144918635
1182,1791269144208010617,15077141308602,15.714164639000956,primary_goal,8.6753022,18.9734347,2.685578,0.0,0.0,0.0,0.2498906144918635
1183,1791269144217993776,15077151365325,15.724221362001117,primary_goal,8.6753022,18.9734347,2.685578,0.0,0.0,0.0,0.2498906144918635
1184,1791269144228086948,15077161557767,15.734413804000724,primary_goal,8.6753022,18.9734347,2.685578,0.0,0.0,0.0,0.2498906144918635
1185,1791269144238113540,15077171849225,15.744705262000934,primary_goal,8.6753022,18.9734347,2.685578,0.0,0.0,0.0,0.2498906144918635
1186,1791269144248068545,15077181785961,15.754641998000807,primary_goal,8.6753022,18.9734347,2.685578,0.0,0.0,0.0,0.2498906144918635
1187,1791269144258164777,15077192084791,15.764940828001272,primary_goal,8.6753022,18.9734347,2.685578,0.0,0.0,0.0,0.2498906144918635
1188,1791269144268026666,15077201897842,15.774753879000855,primary_goal,8.6753022,18.9734347,2.685578,0.0,0.0,0.0,0.2498906144918635
1189,1791269144278118356,15077211805478,15.784661515001062,primary_goal,8.6753022,18.9734347,2.685578,0.0,0.0,0.0,0.2498906144918635
1190,1791269144288268147,15077221969291,15.794825328001025,primary_goal,8.6753022,18.9734347,2.685578,0.0,0.0,0.0,0.2498906144918635
1191,1791269144298091777,15077231400750,15.804256787001577,primary_goal,8.6753022,18.9734347,2.685578,0.0,0.0,0.0,0.2498906144918635
1192,1791269144308079041,15077241290981,15.814147017999858,primary_goal,8.6753022,18.9734347,2.685578,0.0,0.0,0.0,0.2498906144918635
1193,1791269144318108455,15077251264173,15.824120210001638,primary_goal,8.6753022,18.9734347,2.685578,0.0,0.0,0.0,0.2498906144918635
1194,1791269144328097777,15077261313782,15.834169819001545,primary_goal,8.6753022,18.9734347,2.685578,0.0,0.0,0.0,0.2498906144918635
1195,1791269144338121343,15077271761174,15.844617211001605,primary_goal,8.6753022,18.9734347,2.685578,0.0,0.0,0.0,0.2498906144918635
1196,1791269144348118362,15077281598677,15.854454714000894,primary_goal,8.6753022,18.9734347,2.685578,0.0,0.0,0.0,0.2498906144918635
1197,1791269144358026902,15077291689498,15.864545535001525,primary_goal,8.6753022,18.9734347,2.685578,0.0,0.0,0.0,0.2498906144918635
1198,1791269144368025093,15077301919951,15.874775988000692,primary_goal,8.6753022,18.9734347,2.685578,0.0,0.0,0.0,0.2498906144918635
1199,1791269144378146415,15077311710730,15.88456676700116,primary_goal,8.6753022,18.9734347,2.685578,0.0,0.0,0.0,0.2498906144918635
1200,1791269144388127640,15077321917719,15.894773756001086,primary_goal,8.6753022,18.9734347,2.685578,0.0,0.0,0.0,0.2498906144918635
1201,1791269144398146062,15077331788369,15.904644406000443,primary_goal,8.6753022,18.9734347,2.685578,0.0,0.0,0.0,0.2498906144918635
1202,1791269144408078375,15077341429556,15.914285593000386,primary_goal,8.6753022,18.9734347,2.685578,0.0,0.0,0.0,0.2498906144918635
1203,1791269144418035862,15077351304264,15.924160301001393,primary_goal,8.6753022,18.9734347,2.685578,0.0,0.0,0.0,0.2498906144918635
1204,1791269144428085480,15077361299180,15.934155217000807,primary_goal,8.6753022,18.9734347,2.685578,0.0,0.0,0.0,0.2498906144918635
1205,1791269144438091847,15077371456145,15.94431218200043,primary_goal,8.6753022,18.9734347,2.685578,0.0,0.0,0.0,0.2498906144918635
1206,1791269144448025710,15077381664581,15.95452061800097,primary_goal,8.6753022,18.9734347,2.685578,0.0,0.0,0.0,0.2498906144918635
1207,1791269144458227777,15077392272726,15.965128763000394,primary_goal,8.6753022,18.9734347,2.685578,0.0,0.0,0.0,0.2498906144918635
1208,1791269144468040939,15077401868089,15.974724126001092,primary_goal,8.6753022,18.9734347,2.685578,0.0,0.0,0.0,0.2498906144918635
1209,1791269144477980578,15077411590177,15.984446214000855,primary_goal,8.6753022,18.9734347,2.685578,0.0,0.0,0.0,0.2498906144918635
1210,1791269144488151690,15077422120687,15.99497672400139,primary_goal,8.6753022,18.9734347,2.685578,0.0,0.0,0.0,0.2498906144918635
1211,1791269144498204053,15077431899407,16.004755444000693,primary_goal,8.6753022,18.9734347,2.685578,0.0,0.0,0.0,0.2498906144918635
1212,1791269144507966011,15077441259500,16.01411553700018,primary_goal,8.6753022,18.9734347,2.685578,0.0,0.0,0.0,0.2498906144918635
1213,1791269144518123185,15077451647745,16.024503782000465,primary_goal,8.6753022,18.9734347,2.685578,0.0,0.0,0.0,0.2498906144918635
1214,1791269144528006910,15077461365341,16.03422137800044,primary_goal,8.6753022,18.9734347,2.685578,0.0,0.0,0.0,0.2498906144918635
1215,1791269144537989628,15077471572286,16.04442832300083,primary_goal,8.6753022,18.9734347,2.685578,0.0,0.0,0.0,0.2498906144918635
1216,1791269144548163829,15077481955857,16.054811894000522,primary_goal,8.6753022,18.9734347,2.685578,0.0,0.0,0.0,0.2498906144918635
1217,1791269144558016907,15077492037575,16.06489361200147,primary_goal,8.6753022,18.9734347,2.685578,0.0,0.0,0.0,0.2498906144918635
1218,1791269144568030287,15077501745612,16.074601649001124,primary_goal,8.6753022,18.9734347,2.685578,0.0,0.0,0.0,0.2498906144918635
1219,1791269144577982324,15077511634826,16.08449086300061,primary_goal,8.6753022,18.9734347,2.685578,0.0,0.0,0.0,0.2498906144918635
1220,1791269144588170459,15077522146017,16.09500205400036,primary_goal,8.6753022,18.9734347,2.685578,0.0,0.0,0.0,0.2498906144918635
1221,1791269144598068071,15077531622891,16.10447892800039,primary_goal,8.6753022,18.9734347,2.685578,0.0,0.0,0.0,0.2498906144918635
1222,1791269144607990374,15077541379919,16.114235955999902,primary_goal,8.6753022,18.9734347,2.685578,0.0,0.0,0.0,0.2498906144918635
1223,1791269144618011611,15077551677883,16.12453392000134,primary_goal,8.6753022,18.9734347,2.685578,0.0,0.0,0.0,0.2498906144918635
1224,1791269144628064863,15077561297351,16.134153388000414,primary_goal,8.6753022,18.9734347,2.685578,0.0,0.0,0.0,0.2498906144918635
1225,1791269144638078527,15077571431542,16.144287578999865,primary_goal,8.6753022,18.9734347,2.685578,0.0,0.0,0.0,0.2498906144918635
1226,1791269144648002687,15077581805684,16.154661721000593,primary_goal,8.6753022,18.9734347,2.685578,0.0,0.0,0.0,0.2498906144918635
1227,1791269144658039794,15077591849754,16.164705791001325,primary_goal,8.6753022,18.9734347,2.685578,0.0,0.0,0.0,0.2498906144918635
1228,1791269144668168878,15077602095617,16.174951654000324,primary_goal,8.6753022,18.9734347,2.685578,0.0,0.0,0.0,0.2498906144918635
1229,1791269144678117698,15077611744040,16.18460007700014,primary_goal,8.6753022,18.9734347,2.685578,0.0,0.0,0.0,0.2498906144918635
1230,1791269144688008132,15077621813056,16.194669092999902,primary_goal,8.6753022,18.9734347,2.685578,0.0,0.0,0.0,0.2498906144918635
1231,1791269144698110788,15077631870966,16.204727003001608,primary_goal,8.6753022,18.9734347,2.685578,0.0,0.0,0.0,0.2498906144918635
1232,1791269144707960166,15077641261464,16.214117501000146,primary_goal,8.6753022,18.9734347,2.685578,0.0,0.0,0.0,0.2498906144918635
1233,1791269144717996520,15077651304724,16.224160761001258,primary_goal,8.6753022,18.9734347,2.685578,0.0,0.0,0.0,0.2498906144918635
1234,1791269144728081420,15077661351160,16.234207197001524,primary_goal,8.6753022,18.9734347,2.685578,0.0,0.0,0.0,0.2498906144918635
1235,1791269144738128290,15077671463546,16.244319583000106,primary_goal,8.6753022,18.9734347,2.685578,0.0,0.0,0.0,0.2498906144918635
1236,1791269144748114201,15077681710787,16.254566823999994,primary_goal,8.6753022,18.9734347,2.685578,0.0,0.0,0.0,0.2498906144918635
1237,1791269144758154716,15077692070250,16.26492628699998,primary_goal,8.6753022,18.9734347,2.685578,0.0,0.0,0.0,0.2498906144918635
1238,1791269144768013144,15077701687575,16.274543612000343,primary_goal,8.6753022,18.9734347,2.685578,0.0,0.0,0.0,0.2498906144918635
1239,1791269144778007016,15077711723377,16.2845794140012,primary_goal,8.6753022,18.9734347,2.685578,0.0,0.0,0.0,0.2498906144918635
1240,1791269144788061526,15077721868725,16.29472476200135,primary_goal,8.6753022,18.9734347,2.685578,0.0,0.0,0.0,0.2498906144918635
1241,1791269144798024215,15077731785752,16.304641789000016,primary_goal,8.6753022,18.9734347,2.685578,0.0,0.0,0.0,0.2498906144918635
1242,1791269144808071409,15077741387690,16.314243726999848,primary_goal,8.6753022,18.9734347,2.685578,0.0,0.0,0.0,0.2498906144918635
1243,1791269144818113757,15077751376050,16.324232087001292,primary_goal,8.6753022,18.9734347,2.685578,0.0,0.0,0.0,0.2498906144918635
1244,1791269144828063023,15077761578804,16.334434841000984,primary_goal,8.6753022,18.9734347,2.685578,0.0,0.0,0.0,0.2498906144918635
1245,1791269144838108354,15077771879048,16.34473508500014,primary_goal,8.6753022,18.9734347,2.685578,0.0,0.0,0.0,0.2498906144918635
1246,1791269144848126967,15077781993720,16.35484975700092,primary_goal,8.6753022,18.9734347,2.685578,0.0,0.0,0.0,0.2498906144918635
1247,1791269144858139376,15077792053547,16.364909584000998,primary_goal,8.6753022,18.9734347,2.685578,0.0,0.0,0.0,0.2498906144918635
1248,1791269144868059058,15077801758024,16.374614061000102,primary_goal,8.6753022,18.9734347,2.685578,0.0,0.0,0.0,0.2498906144918635
1249,1791269144878051386,15077811672401,16.384528438000416,primary_goal,8.6753022,18.9734347,2.685578,0.0,0.0,0.0,0.2498906144918635
1250,1791269144888150646,15077821950906,16.39480694300073,primary_goal,8.6753022,18.9734347,2.685578,0.0,0.0,0.0,0.2498906144918635
1251,1791269144898103718,15077832033726,16.40488976300003,primary_goal,8.6753022,18.9734347,2.685578,0.0,0.0,0.0,0.2498906144918635
1252,1791269144907990814,15077841456564,16.414312601000347,primary_goal,8.6753022,18.9734347,2.685578,0.0,0.0,0.0,0.2498906144918635
1253,1791269144918097490,15077851556290,16.424412327000027,primary_goal,8.6753022,18.9734347,2.685578,0.0,0.0,0.0,0.2498906144918635
1254,1791269144928074483,15077861597533,16.434453570000187,primary_goal,8.6753022,18.9734347,2.685578,0.0,0.0,0.0,0.2498906144918635
1255,1791269144938107439,15077871691534,16.44454757099993,primary_goal,8.6753022,18.9734347,2.685578,0.0,0.0,0.0,0.2498906144918635
1256,1791269144948099243,15077881838091,16.454694128000483,primary_goal,8.6753022,18.9734347,2.685578,0.0,0.0,0.0,0.2498906144918635
1257,1791269144958149618,15077891989242,16.464845279000656,primary_goal,8.6753022,18.9734347,2.685578,0.0,0.0,0.0,0.2498906144918635
1258,1791269144968136859,15077901771316,16.47462735299996,primary_goal,8.6753022,18.9734347,2.685578,0.0,0.0,0.0,0.2498906144918635
1259,1791269144977996884,15077911706209,16.484562246001587,primary_goal,8.6753022,18.9734347,2.685578,0.0,0.0,0.0,0.2498906144918635
1260,1791269144988216870,15077922652586,16.495508623000205,primary_goal,8.6753022,18.9734347,2.685578,0.0,0.0,0.0,0.2498906144918635
1261,1791269144998099114,15077931682830,16.50453886700052,primary_goal,8.6753022,18.9734347,2.685578,0.0,0.0,0.0,0.2498906144918635
1262,1791269145007991925,15077941321242,16.51417727900116,primary_goal,8.6753022,18.9734347,2.685578,0.0,0.0,0.0,0.2498906144918635
1263,1791269145017981728,15077951467739,16.52432377600053,primary_goal,8.6753022,18.9734347,2.685578,0.0,0.0,0.0,0.2498906144918635
1264,1791269145028070199,15077961345322,16.5342013590016,primary_goal,8.6753022,18.9734347,2.685578,0.0,0.0,0.0,0.2498906144918635
1265,1791269145038001867,15077971430382,16.544286419000855,primary_goal,8.6753022,18.9734347,2.685578,0.0,0.0,0.0,0.2498906144918635
1266,1791269145048068767,15077981734635,16.554590671999904,primary_goal,8.6753022,18.9734347,2.685578,0.0,0.0,0.0,0.2498906144918635
1267,1791269145058141652,15077992246202,16.565102239001135,primary_goal,8.6753022,18.9734347,2.685578,0.0,0.0,0.0,0.2498906144918635
1268,1791269145068164231,15078002458421,16.57531445800123,primary_goal,8.6753022,18.9734347,2.685578,0.0,0.0,0.0,0.2498906144918635
1269,1791269145078094616,15078011727040,16.584583077001298,primary_goal,8.6753022,18.9734347,2.685578,0.0,0.0,0.0,0.2498906144918635
1270,1791269145088122024,15078021967917,16.594823954001185,primary_goal,8.6753022,18.9734347,2.685578,0.0,0.0,0.0,0.2498906144918635
1271,1791269145098098425,15078031719195,16.60457523200057,primary_goal,8.6753022,18.9734347,2.685578,0.0,0.0,0.0,0.2498906144918635
1272,1791269145108070428,15078041309599,16.614165636001417,primary_goal,8.6753022,18.9734347,2.685578,0.0,0.0,0.0,0.2498906144918635
1273,1791269145118097120,15078051330493,16.62418652999986,primary_goal,8.6753022,18.9734347,2.685578,0.0,0.0,0.0,0.2498906144918635
1274,1791269145128063942,15078061368301,16.634224338000422,primary_goal,8.6753022,18.9734347,2.685578,0.0,0.0,0.0,0.2498906144918635
1275,1791269145138095620,15078071584244,16.644440281001152,primary_goal,8.6753022,18.9734347,2.685578,0.0,0.0,0.0,0.2498906144918635
1276,1791269145148211522,15078081772766,16.654628803000378,primary_goal,8.6753022,18.9734347,2.685578,0.0,0.0,0.0,0.2498906144918635
1277,1791269145158024446,15078091788502,16.66464453900153,primary_goal,8.6753022,18.9734347,2.685578,0.0,0.0,0.0,0.2498906144918635
1278,1791269145168013217,15078101636320,16.674492357000418,primary_goal,8.6753022,18.9734347,2.685578,0.0,0.0,0.0,0.2498906144918635
1279,1791269145178000489,15078111546058,16.684402095001133,primary_goal,8.6753022,18.9734347,2.685578,0.0,0.0,0.0,0.2498906144918635
1280,1791269145188160686,15078122040949,16.694896986000458,primary_goal,8.6753022,18.9734347,2.685578,0.0,0.0,0.0,0.2498906144918635
1281,1791269145197994116,15078131569024,16.70442506100153,primary_goal,8.6753022,18.9734347,2.685578,0.0,0.0,0.0,0.2498906144918635
1282,1791269145208065652,15078141242232,16.714098269001624,primary_goal,8.6753022,18.9734347,2.685578,0.0,0.0,0.0,0.2498906144918635
1283,1791269145218074995,15078151358558,16.724214595000376,primary_goal,8.6753022,18.9734347,2.685578,0.0,0.0,0.0,0.2498906144918635
1284,1791269145228008874,15078161310761,16.734166797999933,primary_goal,8.6753022,18.9734347,2.685578,0.0,0.0,0.0,0.2498906144918635
1285,1791269145238001218,15078171570049,16.744426086001113,primary_goal,8.6753022,18.9734347,2.685578,0.0,0.0,0.0,0.2498906144918635
1286,1791269145248000750,15078181588280,16.75444431700089,primary_goal,8.6753022,18.9734347,2.685578,0.0,0.0,0.0,0.2498906144918635
1287,1791269145258013893,15078191794401,16.7646504380009,primary_goal,8.6753022,18.9734347,2.685578,0.0,0.0,0.0,0.2498906144918635
1288,1791269145268168070,15078202092605,16.77494864200162,primary_goal,8.6753022,18.9734347,2.685578,0.0,0.0,0.0,0.2498906144918635
1289,1791269145278003473,15078211589410,16.784445447001417,primary_goal,8.6753022,18.9734347,2.685578,0.0,0.0,0.0,0.2498906144918635
1290,1791269145288137893,15078221678573,16.794534610000483,primary_goal,8.6753022,18.9734347,2.685578,0.0,0.0,0.0,0.2498906144918635
1291,1791269145298085080,15078232694996,16.805551033001393,primary_goal,8.6753022,18.9734347,2.685578,0.0,0.0,0.0,0.2498906144918635
1292,1791269145308086416,15078241255119,16.814111155999854,primary_goal,8.6753022,18.9734347,2.685578,0.0,0.0,0.0,0.2498906144918635
1293,1791269145317954448,15078251210868,16.82406690500102,primary_goal,8.6753022,18.9734347,2.685578,0.0,0.0,0.0,0.2498906144918635
1294,1791269145328059104,15078261126072,16.833982109001226,primary_goal,8.6753022,18.9734347,2.685578,0.0,0.0,0.0,0.2498906144918635
1295,1791269145337988699,15078271006838,16.843862875000923,primary_goal,8.6753022,18.9734347,2.685578,0.0,0.0,0.0,0.2498906144918635
1296,1791269145348061844,15078281206804,16.854062841000996,primary_goal,8.6753022,18.9734347,2.685578,0.0,0.0,0.0,0.2498906144918635
1297,1791269145358066068,15078291163712,16.864019749000363,primary_goal,8.6753022,18.9734347,2.685578,0.0,0.0,0.0,0.2498906144918635
1298,1791269145367942683,15078301185207,16.874041244000182,primary_goal,8.6753022,18.9734347,2.685578,0.0,0.0,0.0,0.2498906144918635
1299,1791269145378049905,15078311298757,16.884154794001006,primary_goal,8.6753022,18.9734347,2.685578,0.0,0.0,0.0,0.2498906144918635
1300,1791269145388046514,15078321568462,16.894424499001616,primary_goal,8.6753022,18.9734347,2.685578,0.0,0.0,0.0,0.2498906144918635
1301,1791269145398060735,15078331568444,16.904424481001115,primary_goal,8.6753022,18.9734347,2.685578,0.0,0.0,0.0,0.2498906144918635
1302,1791269145408056759,15078341398647,16.914254684001207,primary_goal,8.6753022,18.9734347,2.685578,0.0,0.0,0.0,0.2498906144918635
1303,1791269145417976053,15078351224787,16.924080824001067,primary_goal,8.6753022,18.9734347,2.685578,0.0,0.0,0.0,0.2498906144918635
1304,1791269145428079015,15078361745774,16.934601811000903,primary_goal,8.6753022,18.9734347,2.685578,0.0,0.0,0.0,0.2498906144918635
1305,1791269145438122476,15078372270737,16.945126774000528,primary_goal,8.6753022,18.9734347,2.685578,0.0,0.0,0.0,0.2498906144918635
1306,1791269145448122237,15078381789299,16.954645335999885,primary_goal,8.6753022,18.9734347,2.685578,0.0,0.0,0.0,0.2498906144918635
1307,1791269145458021805,15078392109200,16.964965237000797,primary_goal,8.6753022,18.9734347,2.685578,0.0,0.0,0.0,0.2498906144918635
1308,1791269145468132892,15078401799222,16.97465525900043,primary_goal,8.6753022,18.9734347,2.685578,0.0,0.0,0.0,0.2498906144918635
1309,1791269145478089348,15078411514976,16.984371013000782,primary_goal,8.6753022,18.9734347,2.685578,0.0,0.0,0.0,0.2498906144918635
1310,1791269145488230429,15078421784537,16.994640574001096,primary_goal,8.6753022,18.9734347,2.685578,0.0,0.0,0.0,0.2498906144918635
1311,1791269145498134474,15078431899971,17.004756008000186,primary_goal,8.6753022,18.9734347,2.685578,0.0,0.0,0.0,0.2498906144918635
1312,1791269145508057660,15078441435841,17.014291878000222,primary_goal,8.6753022,18.9734347,2.685578,0.0,0.0,0.0,0.2498906144918635
1313,1791269145517962548,15078451366250,17.024222287000157,primary_goal,8.6753022,18.9734347,2.685578,0.0,0.0,0.0,0.2498906144918635
1314,1791269145528021764,15078461345147,17.034201184000267,primary_goal,8.6753022,18.9734347,2.685578,0.0,0.0,0.0,0.2498906144918635
1315,1791269145538087447,15078471525615,17.044381652000084,primary_goal,8.6753022,18.9734347,2.685578,0.0,0.0,0.0,0.2498906144918635
1316,1791269145548129584,15078481666618,17.054522655000255,primary_goal,8.6753022,18.9734347,2.685578,0.0,0.0,0.0,0.2498906144918635
1317,1791269145558118116,15078491528476,17.06438451300164,primary_goal,8.6753022,18.9734347,2.685578,0.0,0.0,0.0,0.2498906144918635
1318,1791269145568006238,15078501537814,17.074393851000423,primary_goal,8.6753022,18.9734347,2.685578,0.0,0.0,0.0,0.2498906144918635
1319,1791269145578097623,15078511643584,17.08449962099985,primary_goal,8.6753022,18.9734347,2.685578,0.0,0.0,0.0,0.2498906144918635
1320,1791269145588372431,15078522205534,17.09506157100077,primary_goal,8.6753022,18.9734347,2.685578,0.0,0.0,0.0,0.2498906144918635
1321,1791269145598094862,15078531729908,17.104585945000508,primary_goal,8.6753022,18.9734347,2.685578,0.0,0.0,0.0,0.2498906144918635
1322,1791269145608077939,15078541303542,17.114159579001353,primary_goal,8.6753022,18.9734347,2.685578,0.0,0.0,0.0,0.2498906144918635
1323,1791269145617949945,15078551444299,17.124300336001397,primary_goal,8.6753022,18.9734347,2.685578,0.0,0.0,0.0,0.2498906144918635
1324,1791269145628081992,15078561342612,17.13419864900061,primary_goal,8.6753022,18.9734347,2.685578,0.0,0.0,0.0,0.2498906144918635
1325,1791269145638073647,15078571447083,17.144303120001496,primary_goal,8.6753022,18.9734347,2.685578,0.0,0.0,0.0,0.2498906144918635
1326,1791269145648112129,15078581634480,17.15449051700125,primary_goal,8.6753022,18.9734347,2.685578,0.0,0.0,0.0,0.2498906144918635
1327,1791269145658081982,15078591966082,17.164822119000746,primary_goal,8.6753022,18.9734347,2.685578,0.0,0.0,0.0,0.2498906144918635
1328,1791269145668130417,15078601960948,17.1748169850016,primary_goal,8.6753022,18.9734347,2.685578,0.0,0.0,0.0,0.2498906144918635
1329,1791269145678027685,15078611523913,17.18437995000022,primary_goal,8.6753022,18.9734347,2.685578,0.0,0.0,0.0,0.2498906144918635
1330,1791269145688135614,15078621851990,17.19470802700016,primary_goal,8.6753022,18.9734347,2.685578,0.0,0.0,0.0,0.2498906144918635
1331,1791269145698083285,15078631656636,17.204512673000863,primary_goal,8.6753022,18.9734347,2.685578,0.0,0.0,0.0,0.2498906144918635
1332,1791269145708052302,15078641200428,17.214056464999885,primary_goal,8.6753022,18.9734347,2.685578,0.0,0.0,0.0,0.2498906144918635
1333,1791269145717958702,15078651169873,17.22402590999991,primary_goal,8.6753022,18.9734347,2.685578,0.0,0.0,0.0,0.2498906144918635
1334,1791269145728065623,15078661259388,17.23411542500071,primary_goal,8.6753022,18.9734347,2.685578,0.0,0.0,0.0,0.2498906144918635
1335,1791269145738083634,15078671448830,17.24430486700112,primary_goal,8.6753022,18.9734347,2.685578,0.0,0.0,0.0,0.2498906144918635
1336,1791269145748130067,15078681673599,17.25452963600037,primary_goal,8.6753022,18.9734347,2.685578,0.0,0.0,0.0,0.2498906144918635
1337,1791269145758009141,15078691507217,17.264363254000273,primary_goal,8.6753022,18.9734347,2.685578,0.0,0.0,0.0,0.2498906144918635
1338,1791269145768154490,15078701772749,17.274628786000903,primary_goal,8.6753022,18.9734347,2.685578,0.0,0.0,0.0,0.2498906144918635
1339,1791269145778160854,15078711785967,17.28464200400049,primary_goal,8.6753022,18.9734347,2.685578,0.0,0.0,0.0,0.2498906144918635
1340,1791269145788179959,15078722047473,17.29490351000095,primary_goal,8.6753022,18.9734347,2.685578,0.0,0.0,0.0,0.2498906144918635
1341,1791269145798055173,15078731669673,17.304525710000235,primary_goal,8.6753022,18.9734347,2.685578,0.0,0.0,0.0,0.2498906144918635
1342,1791269145808015235,15078741344676,17.3142007130009,primary_goal,8.6753022,18.9734347,2.685578,0.0,0.0,0.0,0.2498906144918635
1343,1791269145817996299,15078751470946,17.32432698299999,primary_goal,8.6753022,18.9734347,2.685578,0.0,0.0,0.0,0.2498906144918635
1344,1791269145828078002,15078761365702,17.334221738999986,primary_goal,8.6753022,18.9734347,2.685578,0.0,0.0,0.0,0.2498906144918635
1345,1791269145838112484,15078771600741,17.344456778000676,primary_goal,8.6753022,18.9734347,2.685578,0.0,0.0,0.0,0.2498906144918635
1346,1791269145848151992,15078782073088,17.354929125000126,primary_goal,8.6753022,18.9734347,2.685578,0.0,0.0,0.0,0.2498906144918635
1347,1791269145858027909,15078791470990,17.3643270270004,primary_goal,8.6753022,18.9734347,2.685578,0.0,0.0,0.0,0.2498906144918635
1348,1791269145868173541,15078802187365,17.3750434020003,primary_goal,8.6753022,18.9734347,2.685578,0.0,0.0,0.0,0.2498906144918635
1349,1791269145878216850,15078811782391,17.38463842800047,primary_goal,8.6753022,18.9734347,2.685578,0.0,0.0,0.0,0.2498906144918635
1350,1791269145888118945,15078821922009,17.394778046000283,primary_goal,8.6753022,18.9734347,2.685578,0.0,0.0,0.0,0.2498906144918635
1351,1791269145897980432,15078831594496,17.404450533000272,primary_goal,8.6753022,18.9734347,2.685578,0.0,0.0,0.0,0.2498906144918635
1352,1791269145907951269,15078841305031,17.414161067999885,primary_goal,8.6753022,18.9734347,2.685578,0.0,0.0,0.0,0.2498906144918635
1353,1791269145918095958,15078851391875,17.424247912000283,primary_goal,8.6753022,18.9734347,2.685578,0.0,0.0,0.0,0.2498906144918635
1354,1791269145928024908,15078861200672,17.434056709000288,primary_goal,8.6753022,18.9734347,2.685578,0.0,0.0,0.0,0.2498906144918635
1355,1791269145938105647,15078871555848,17.44441188500059,primary_goal,8.6753022,18.9734347,2.685578,0.0,0.0,0.0,0.2498906144918635
1356,1791269145948016772,15078881670276,17.454526313000315,primary_goal,8.6753022,18.9734347,2.685578,0.0,0.0,0.0,0.2498906144918635
1357,1791269145958016167,15078891826794,17.464682831001483,primary_goal,8.6753022,18.9734347,2.685578,0.0,0.0,0.0,0.2498906144918635
1358,1791269145967959160,15078901718623,17.474574660000144,primary_goal,8.6753022,18.9734347,2.685578,0.0,0.0,0.0,0.2498906144918635
1359,1791269145978104319,15078911681739,17.48453777600116,primary_goal,8.6753022,18.9734347,2.685578,0.0,0.0,0.0,0.2498906144918635
1360,1791269145988017911,15078921947574,17.494803610999952,primary_goal,8.6753022,18.9734347,2.685578,0.0,0.0,0.0,0.2498906144918635
1361,1791269145998045947,15078931673506,17.5045295430009,primary_goal,8.6753022,18.9734347,2.685578,0.0,0.0,0.0,0.2498906144918635
1362,1791269146007989272,15078941220304,17.514076340999964,primary_goal,8.6753022,18.9734347,2.685578,0.0,0.0,0.0,0.2498906144918635
1363,1791269146017979706,15078951250030,17.524106067001412,primary_goal,8.6753022,18.9734347,2.685578,0.0,0.0,0.0,0.2498906144918635
1364,1791269146028103672,15078961383005,17.53423904200099,primary_goal,8.6753022,18.9734347,2.685578,0.0,0.0,0.0,0.2498906144918635
1365,1791269146038139263,15078971656023,17.54451206000158,primary_goal,8.6753022,18.9734347,2.685578,0.0,0.0,0.0,0.2498906144918635
1366,1791269146048003104,15078981826539,17.55468257600114,primary_goal,8.6753022,18.9734347,2.685578,0.0,0.0,0.0,0.2498906144918635
1367,1791269146058201966,15078992087891,17.564943928000503,primary_goal,8.6753022,18.9734347,2.685578,0.0,0.0,0.0,0.2498906144918635
1368,1791269146068140623,15079001918197,17.57477423400087,primary_goal,8.6753022,18.9734347,2.685578,0.0,0.0,0.0,0.2498906144918635
1369,1791269146078090770,15079011679077,17.584535114001483,primary_goal,8.6753022,18.9734347,2.685578,0.0,0.0,0.0,0.2498906144918635
1370,1791269146088162113,15079022107116,17.594963153000208,primary_goal,8.6753022,18.9734347,2.685578,0.0,0.0,0.0,0.2498906144918635
1371,1791269146098106222,15079031744130,17.60460016700017,primary_goal,8.6753022,18.9734347,2.685578,0.0,0.0,0.0,0.2498906144918635
1372,1791269146107986610,15079041272046,17.61412808300156,primary_goal,8.6753022,18.9734347,2.685578,0.0,0.0,0.0,0.2498906144918635
1373,1791269146118119332,15079051374347,17.62423038400084,primary_goal,8.6753022,18.9734347,2.685578,0.0,0.0,0.0,0.2498906144918635
1374,1791269146128050045,15079061382642,17.63423867900019,primary_goal,8.6753022,18.9734347,2.685578,0.0,0.0,0.0,0.2498906144918635
1375,1791269146137997514,15079071417116,17.64427315300054,primary_goal,8.6753022,18.9734347,2.685578,0.0,0.0,0.0,0.2498906144918635
1376,1791269146148129593,15079081778257,17.65463429400006,primary_goal,8.6753022,18.9734347,2.685578,0.0,0.0,0.0,0.2498906144918635
1377,1791269146158001126,15079091804333,17.664660370001002,primary_goal,8.6753022,18.9734347,2.685578,0.0,0.0,0.0,0.2498906144918635
1378,1791269146168159191,15079101837733,17.674693770000886,primary_goal,8.6753022,18.9734347,2.685578,0.0,0.0,0.0,0.2498906144918635
1379,1791269146178130234,15079111740508,17.684596545001114,primary_goal,8.6753022,18.9734347,2.685578,0.0,0.0,0.0,0.2498906144918635
1380,1791269146188012449,15079121953600,17.694809637001526,primary_goal,8.6753022,18.9734347,2.685578,0.0,0.0,0.0,0.2498906144918635
1381,1791269146198111269,15079131682300,17.704538337000486,primary_goal,8.6753022,18.9734347,2.685578,0.0,0.0,0.0,0.2498906144918635
1382,1791269146208099575,15079141350229,17.714206266000474,primary_goal,8.6753022,18.9734347,2.685578,0.0,0.0,0.0,0.2498906144918635
1383,1791269146217959994,15079151279317,17.72413535400119,primary_goal,8.6753022,18.9734347,2.685578,0.0,0.0,0.0,0.2498906144918635
1384,1791269146227965893,15079161434591,17.734290628000963,primary_goal,8.6753022,18.9734347,2.685578,0.0,0.0,0.0,0.2498906144918635
1385,1791269146237999227,15079171184929,17.744040966001194,primary_goal,8.6753022,18.9734347,2.685578,0.0,0.0,0.0,0.2498906144918635
1386,1791269146247980260,15079181240563,17.754096600001503,primary_goal,8.6753022,18.9734347,2.685578,0.0,0.0,0.0,0.2498906144918635
1387,1791269146258016759,15079191256272,17.764112309001575,primary_goal,8.6753022,18.9734347,2.685578,0.0,0.0,0.0,0.2498906144918635
1388,1791269146268126226,15079201603735,17.774459772001137,primary_goal,8.6753022,18.9734347,2.685578,0.0,0.0,0.0,0.2498906144918635
1389,1791269146277955092,15079211575759,17.784431796000717,primary_goal,8.6753022,18.9734347,2.685578,0.0,0.0,0.0,0.2498906144918635
1390,1791269146288032574,15079221938300,17.794794336999985,primary_goal,8.6753022,18.9734347,2.685578,0.0,0.0,0.0,0.2498906144918635
1391,1791269146297975055,15079231429136,17.804285173000608,primary_goal,8.6753022,18.9734347,2.685578,0.0,0.0,0.0,0.2498906144918635
1392,1791269146308081749,15079241349996,17.814206033001028,primary_goal,8.6753022,18.9734347,2.685578,0.0,0.0,0.0,0.2498906144918635
1393,1791269146317971170,15079251261749,17.824117785999988,primary_goal,8.6753022,18.9734347,2.685578,0.0,0.0,0.0,0.2498906144918635
1394,1791269146328009333,15079261228724,17.834084761001577,primary_goal,8.6753022,18.9734347,2.685578,0.0,0.0,0.0,0.2498906144918635
1395,1791269146338144840,15079271696673,17.844552710001153,primary_goal,8.6753022,18.9734347,2.685578,0.0,0.0,0.0,0.2498906144918635
1396,1791269146348120287,15079281702077,17.85455811400061,primary_goal,8.6753022,18.9734347,2.685578,0.0,0.0,0.0,0.2498906144918635
1397,1791269146358110935,15079291870419,17.864726456000426,primary_goal,8.6753022,18.9734347,2.685578,0.0,0.0,0.0,0.2498906144918635
1398,1791269146368002836,15079301513669,17.874369705999925,primary_goal,8.6753022,18.9734347,2.685578,0.0,0.0,0.0,0.2498906144918635
1399,1791269146377983110,15079311496916,17.884352953000416,primary_goal,8.6753022,18.9734347,2.685578,0.0,0.0,0.0,0.2498906144918635
1400,1791269146388224314,15079321940216,17.894796253000095,primary_goal,8.6753022,18.9734347,2.685578,0.0,0.0,0.0,0.2498906144918635
1401,1791269146397937742,15079331298808,17.90415484500045,primary_goal,8.6753022,18.9734347,2.685578,0.0,0.0,0.0,0.2498906144918635
1402,1791269146407972692,15079341153986,17.914010023001538,primary_goal,8.6753022,18.9734347,2.685578,0.0,0.0,0.0,0.2498906144918635
1403,1791269146417973095,15079351107329,17.923963365999953,primary_goal,8.6753022,18.9734347,2.685578,0.0,0.0,0.0,0.2498906144918635
1404,1791269146427998122,15079361172120,17.934028157000284,primary_goal,8.6753022,18.9734347,2.685578,0.0,0.0,0.0,0.2498906144918635
1405,1791269146437976962,15079371511606,17.944367643000078,primary_goal,8.6753022,18.9734347,2.685578,0.0,0.0,0.0,0.2498906144918635
1406,1791269146448076406,15079381624793,17.954480830001557,primary_goal,8.6753022,18.9734347,2.685578,0.0,0.0,0.0,0.2498906144918635
1407,1791269146458127805,15079391918741,17.964774777999992,primary_goal,8.6753022,18.9734347,2.685578,0.0,0.0,0.0,0.2498906144918635
1408,1791269146468141177,15079401958774,17.974814811001124,primary_goal,8.6753022,18.9734347,2.685578,0.0,0.0,0.0,0.2498906144918635
1409,1791269146478076764,15079411559850,17.98441588700007,primary_goal,8.6753022,18.9734347,2.685578,0.0,0.0,0.0,0.2498906144918635
1410,1791269146488160491,15079421844433,17.99470047000068,primary_goal,8.6753022,18.9734347,2.685578,0.0,0.0,0.0,0.2498906144918635
1411,1791269146498072963,15079431496704,18.00435274100164,primary_goal,8.6753022,18.9734347,2.685578,0.0,0.0,0.0,0.2498906144918635
1412,1791269146507961325,15079441155261,18.014011298000696,primary_goal,8.6753022,18.9734347,2.685578,0.0,0.0,0.0,0.2498906144918635
1413,1791269146518042071,15079451120969,18.023977006001587,primary_goal,8.6753022,18.9734347,2.685578,0.0,0.0,0.0,0.2498906144918635
1414,1791269146528050083,15079461214168,18.034070205001626,primary_goal,8.6753022,18.9734347,2.685578,0.0,0.0,0.0,0.2498906144918635
1415,1791269146538071717,15079471375323,18.044231360001504,primary_goal,8.6753022,18.9734347,2.685578,0.0,0.0,0.0,0.2498906144918635
1416,1791269146547975034,15079481375732,18.05423176900149,primary_goal,8.6753022,18.9734347,2.685578,0.0,0.0,0.0,0.2498906144918635
1417,1791269146558041826,15079491490129,18.064346166000178,primary_goal,8.6753022,18.9734347,2.685578,0.0,0.0,0.0,0.2498906144918635
1418,1791269146568078999,15079501823057,18.074679094001112,primary_goal,8.6753022,18.9734347,2.685578,0.0,0.0,0.0,0.2498906144918635
1419,1791269146578075834,15079511560794,18.084416831001363,primary_goal,8.6753022,18.9734347,2.685578,0.0,0.0,0.0,0.2498906144918635
1420,1791269146588142075,15079522146717,18.095002754000234,primary_goal,8.6753022,18.9734347,2.685578,0.0,0.0,0.0,0.2498906144918635
1421,1791269146597985525,15079531502515,18.10435855200012,primary_goal,8.6753022,18.9734347,2.685578,0.0,0.0,0.0,0.2498906144918635
1422,1791269146607964863,15079541185927,18.114041964001444,primary_goal,8.6753022,18.9734347,2.685578,0.0,0.0,0.0,0.2498906144918635
1423,1791269146617970230,15079551412057,18.12426809400131,primary_goal,8.6753022,18.9734347,2.685578,0.0,0.0,0.0,0.2498906144918635
1424,1791269146628043793,15079561427310,18.134283347000746,primary_goal,8.6753022,18.9734347,2.685578,0.0,0.0,0.0,0.2498906144918635
1425,1791269146638077443,15079571545820,18.144401857000048,primary_goal,8.6753022,18.9734347,2.685578,0.0,0.0,0.0,0.2498906144918635
1426,1791269146647974919,15079581602908,18.154458945000442,primary_goal,8.6753022,18.9734347,2.685578,0.0,0.0,0.0,0.2498906144918635
1427,1791269146658095045,15079591900787,18.164756824000506,primary_goal,8.6753022,18.9734347,2.685578,0.0,0.0,0.0,0.2498906144918635
1428,1791269146667978150,15079601621195,18.174477231999845,primary_goal,8.6753022,18.9734347,2.685578,0.0,0.0,0.0,0.2498906144918635
1429,1791269146678072553,15079611732677,18.18458871400071,primary_goal,8.6753022,18.9734347,2.685578,0.0,0.0,0.0,0.2498906144918635
1430,1791269146688217776,15079622058315,18.194914352001433,primary_goal,8.6753022,18.9734347,2.685578,0.0,0.0,0.0,0.2498906144918635
1431,1791269146698048583,15079631481776,18.204337813000166,primary_goal,8.6753022,18.9734347,2.685578,0.0,0.0,0.0,0.2498906144918635
1432,1791269146708032490,15079641196465,18.214052502000413,primary_goal,8.6753022,18.9734347,2.685578,0.0,0.0,0.0,0.2498906144918635
1433,1791269146717978359,15079651121262,18.22397729900149,primary_goal,8.6753022,18.9734347,2.685578,0.0,0.0,0.0,0.2498906144918635
1434,1791269146727963646,15079661165926,18.234021963000487,primary_goal,8.6753022,18.9734347,2.685578,0.0,0.0,0.0,0.2498906144918635
1435,1791269146737974597,15079671635550,18.244491587000084,primary_goal,8.6753022,18.9734347,2.685578,0.0,0.0,0.0,0.2498906144918635
1436,1791269146748000401,15079681666790,18.254522827000983,primary_goal,8.6753022,18.9734347,2.685578,0.0,0.0,0.0,0.2498906144918635
1437,1791269146757982665,15079691767992,18.264624029001425,primary_goal,8.6753022,18.9734347,2.685578,0.0,0.0,0.0,0.2498906144918635
1438,1791269146767983946,15079701521686,18.274377723000725,primary_goal,8.6753022,18.9734347,2.685578,0.0,0.0,0.0,0.2498906144918635
1439,1791269146777983748,15079711485970,18.284342007000305,primary_goal,8.6753022,18.9734347,2.685578,0.0,0.0,0.0,0.2498906144918635
1440,1791269146787992459,15079721792693,18.294648730001427,primary_goal,8.6753022,18.9734347,2.685578,0.0,0.0,0.0,0.2498906144918635
1441,1791269146797978729,15079731511093,18.304367130000173,primary_goal,8.6753022,18.9734347,2.685578,0.0,0.0,0.0,0.2498906144918635
1442,1791269146807928340,15079741178644,18.31403468100143,primary_goal,8.6753022,18.9734347,2.685578,0.0,0.0,0.0,0.2498906144918635
1443,1791269146818043286,15079751313805,18.32416984200063,primary_goal,8.6753022,18.9734347,2.685578,0.0,0.0,0.0,0.2498906144918635
1444,1791269146828048034,15079761435526,18.33429156300008,primary_goal,8.6753022,18.9734347,2.685578,0.0,0.0,0.0,0.2498906144918635
1445,1791269146838083587,15079771586409,18.344442446001267,primary_goal,8.6753022,18.9734347,2.685578,0.0,0.0,0.0,0.2498906144918635
1446,1791269146847986594,15079781223254,18.354079291000744,primary_goal,8.6753022,18.9734347,2.685578,0.0,0.0,0.0,0.2498906144918635
1447,1791269146857969522,15079791079184,18.363935221001157,primary_goal,8.6753022,18.9734347,2.685578,0.0,0.0,0.0,0.2498906144918635
1448,1791269146867992460,15079801288688,18.374144725001315,primary_goal,8.6753022,18.9734347,2.685578,0.0,0.0,0.0,0.2498906144918635
1449,1791269146878104447,15079811662656,18.384518693001155,primary_goal,8.6753022,18.9734347,2.685578,0.0,0.0,0.0,0.2498906144918635
1450,1791269146888000050,15079821757875,18.39461391199984,primary_goal,8.6753022,18.9734347,2.685578,0.0,0.0,0.0,0.2498906144918635
1451,1791269146897962493,15079831320381,18.404176418000134,primary_goal,8.6753022,18.9734347,2.685578,0.0,0.0,0.0,0.2498906144918635
1452,1791269146907963745,15079841173030,18.41402906700023,primary_goal,8.6753022,18.9734347,2.685578,0.0,0.0,0.0,0.2498906144918635
1453,1791269146918059382,15079851270902,18.424126939000416,primary_goal,8.6753022,18.9734347,2.685578,0.0,0.0,0.0,0.2498906144918635
1454,1791269146928047887,15079861267598,18.434123635001015,primary_goal,8.6753022,18.9734347,2.685578,0.0,0.0,0.0,0.2498906144918635
1455,1791269146938070474,15079871573885,18.44442992200129,primary_goal,8.6753022,18.9734347,2.685578,0.0,0.0,0.0,0.2498906144918635
1456,1791269146947954627,15079881653813,18.45450985000025,primary_goal,8.6753022,18.9734347,2.685578,0.0,0.0,0.0,0.2498906144918635
1457,1791269146958082535,15079891840035,18.46469607200015,primary_goal,8.6753022,18.9734347,2.685578,0.0,0.0,0.0,0.2498906144918635
1458,1791269146968146991,15079902198767,18.475054804001047,primary_goal,8.6753022,18.9734347,2.685578,0.0,0.0,0.0,0.2498906144918635
1459,1791269146978087074,15079911681843,18.48453788000006,primary_goal,8.6753022,18.9734347,2.685578,0.0,0.0,0.0,0.2498906144918635
1460,1791269146988248061,15079922046581,18.494902618000197,primary_goal,8.6753022,18.9734347,2.685578,0.0,0.0,0.0,0.2498906144918635
1461,1791269146998064107,15079931389985,18.504246022001098,primary_goal,8.6753022,18.9734347,2.685578,0.0,0.0,0.0,0.2498906144918635
1462,1791269147007972835,15079941184476,18.51404051300051,primary_goal,8.6753022,18.9734347,2.685578,0.0,0.0,0.0,0.2498906144918635
1463,1791269147018057146,15079951285980,18.524142017000486,primary_goal,8.6753022,18.9734347,2.685578,0.0,0.0,0.0,0.2498906144918635
1464,1791269147028045332,15079961270560,18.534126597000068,primary_goal,8.6753022,18.9734347,2.685578,0.0,0.0,0.0,0.2498906144918635
1465,1791269147038072944,15079971564135,18.544420172000173,primary_goal,8.6753022,18.9734347,2.685578,0.0,0.0,0.0,0.2498906144918635
1466,1791269147047962770,15079981550403,18.554406440000093,primary_goal,8.6753022,18.9734347,2.685578,0.0,0.0,0.0,0.2498906144918635
1467,1791269147058101207,15079991955618,18.564811655000085,primary_goal,8.6753022,18.9734347,2.685578,0.0,0.0,0.0,0.2498906144918635
1468,1791269147068102067,15080001765199,18.574621236000894,primary_goal,8.6753022,18.9734347,2.685578,0.0,0.0,0.0,0.2498906144918635
1469,1791269147077969804,15080011438290,18.584294326999952,primary_goal,8.6753022,18.9734347,2.685578,0.0,0.0,0.0,0.2498906144918635
1470,1791269147088085846,15080021776250,18.594632287000422,primary_goal,8.6753022,18.9734347,2.685578,0.0,0.0,0.0,0.2498906144918635
1471,1791269147097975003,15080031462323,18.604318360001344,primary_goal,8.6753022,18.9734347,2.685578,0.0,0.0,0.0,0.2498906144918635
1472,1791269147108059520,15080041282405,18.614138442000694,primary_goal,8.6753022,18.9734347,2.685578,0.0,0.0,0.0,0.2498906144918635
1473,1791269147118053325,15080051211986,18.62406802300029,primary_goal,8.6753022,18.9734347,2.685578,0.0,0.0,0.0,0.2498906144918635
1474,1791269147128035826,15080061378311,18.634234348000973,primary_goal,8.6753022,18.9734347,2.685578,0.0,0.0,0.0,0.2498906144918635
1475,1791269147138063170,15080071540038,18.64439607500026,primary_goal,8.6753022,18.9734347,2.685578,0.0,0.0,0.0,0.2498906144918635
1476,1791269147147994545,15080081588572,18.654444609001075,primary_goal,8.6753022,18.9734347,2.685578,0.0,0.0,0.0,0.2498906144918635
1477,1791269147158120695,15080091914239,18.664770276000127,primary_goal,8.6753022,18.9734347,2.685578,0.0,0.0,0.0,0.2498906144918635
1478,1791269147168043533,15080101842498,18.67469853500006,primary_goal,8.6753022,18.9734347,2.685578,0.0,0.0,0.0,0.2498906144918635
1479,1791269147178078063,15080111555268,18.68441130500105,primary_goal,8.6753022,18.9734347,2.685578,0.0,0.0,0.0,0.2498906144918635
1480,1791269147188211969,15080121824058,18.694680095000876,primary_goal,8.6753022,18.9734347,2.685578,0.0,0.0,0.0,0.2498906144918635
1481,1791269147197948012,15080131244929,18.704100966000624,primary_goal,8.6753022,18.9734347,2.685578,0.0,0.0,0.0,0.2498906144918635
1482,1791269147207924879,15080141032325,18.713888362000944,primary_goal,8.6753022,18.9734347,2.685578,0.0,0.0,0.0,0.2498906144918635
1483,1791269147218042533,15080151204839,18.724060876000294,primary_goal,8.6753022,18.9734347,2.685578,0.0,0.0,0.0,0.2498906144918635
1484,1791269147228036581,15080161264160,18.734120197001175,primary_goal,8.6753022,18.9734347,2.685578,0.0,0.0,0.0,0.2498906144918635
1485,1791269147238073628,15080171529595,18.744385632000558,primary_goal,8.6753022,18.9734347,2.685578,0.0,0.0,0.0,0.2498906144918635
1486,1791269147248010905,15080181417998,18.75427403499998,primary_goal,8.6753022,18.9734347,2.685578,0.0,0.0,0.0,0.2498906144918635
1487,1791269147258071168,15080191625381,18.764481418000287,primary_goal,8.6753022,18.9734347,2.685578,0.0,0.0,0.0,0.2498906144918635
1488,1791269147267983074,15080201757932,18.77461396900071,primary_goal,8.6753022,18.9734347,2.685578,0.0,0.0,0.0,0.2498906144918635
1489,1791269147277952209,15080211423333,18.78427937000015,primary_goal,8.6753022,18.9734347,2.685578,0.0,0.0,0.0,0.2498906144918635
1490,1791269147287964618,15080221713039,18.7945690760007,primary_goal,8.6753022,18.9734347,2.685578,0.0,0.0,0.0,0.2498906144918635
1491,1791269147298052956,15080231505488,18.804361525000786,primary_goal,8.6753022,18.9734347,2.685578,0.0,0.0,0.0,0.2498906144918635
1492,1791269147307923801,15080241157291,18.814013328001238,primary_goal,8.6753022,18.9734347,2.685578,0.0,0.0,0.0,0.2498906144918635
1493,1791269147317978732,15080251186415,18.824042452000867,primary_goal,8.6753022,18.9734347,2.685578,0.0,0.0,0.0,0.2498906144918635
1494,1791269147328010400,15080261233315,18.834089351999864,primary_goal,8.6753022,18.9734347,2.685578,0.0,0.0,0.0,0.2498906144918635
1495,1791269147338034183,15080271508474,18.844364511000094,primary_goal,8.6753022,18.9734347,2.685578,0.0,0.0,0.0,0.2498906144918635
1496,1791269147347968142,15080281458680,18.854314717000307,primary_goal,8.6753022,18.9734347,2.685578,0.0,0.0,0.0,0.2498906144918635
1497,1791269147358094728,15080291715410,18.864571447000344,primary_goal,8.6753022,18.9734347,2.685578,0.0,0.0,0.0,0.2498906144918635
1498,1791269147367993903,15080301697971,18.874554007999905,primary_goal,8.6753022,18.9734347,2.685578,0.0,0.0,0.0,0.2498906144918635
1499,1791269147378081737,15080311624106,18.884480143000474,primary_goal,8.6753022,18.9734347,2.685578,0.0,0.0,0.0,0.2498906144918635
1500,1791269147388084854,15080321948031,18.894804068000667,primary_goal,8.6753022,18.9734347,2.685578,0.0,0.0,0.0,0.2498906144918635
1501,1791269147397970524,15080331574920,18.90443095699993,primary_goal,8.6753022,18.9734347,2.685578,0.0,0.0,0.0,0.2498906144918635
1502,1791269147407931362,15080341279318,18.914135355000326,primary_goal,8.6753022,18.9734347,2.685578,0.0,0.0,0.0,0.2498906144918635
1503,1791269147417959346,15080351343328,18.924199365001186,primary_goal,8.6753022,18.9734347,2.685578,0.0,0.0,0.0,0.2498906144918635
1504,1791269147427974513,15080361329384,18.93418542100153,primary_goal,8.6753022,18.9734347,2.685578,0.0,0.0,0.0,0.2498906144918635
1505,1791269147437979342,15080371602152,18.944458189000215,primary_goal,8.6753022,18.9734347,2.685578,0.0,0.0,0.0,0.2498906144918635
1506,1791269147448026591,15080381601673,18.954457710000497,primary_goal,8.6753022,18.9734347,2.685578,0.0,0.0,0.0,0.2498906144918635
1507,1791269147458092146,15080391954127,18.964810164001392,primary_goal,8.6753022,18.9734347,2.685578,0.0,0.0,0.0,0.2498906144918635
1508,1791269147468053344,15080402165237,18.975021274000028,primary_goal,8.6753022,18.9734347,2.685578,0.0,0.0,0.0,0.2498906144918635
1509,1791269147477959558,15080411465265,18.984321302001263,primary_goal,8.6753022,18.9734347,2.685578,0.0,0.0,0.0,0.2498906144918635
1510,1791269147487985886,15080421804181,18.994660218000718,primary_goal,8.6753022,18.9734347,2.685578,0.0,0.0,0.0,0.2498906144918635
1511,1791269147498024605,15080431432866,19.004288903000997,primary_goal,8.6753022,18.9734347,2.685578,0.0,0.0,0.0,0.2498906144918635
1512,1791269147507928149,15080441266140,19.0141221770009,primary_goal,8.6753022,18.9734347,2.685578,0.0,0.0,0.0,0.2498906144918635
1513,1791269147518023986,15080451273913,19.024129950001225,primary_goal,8.6753022,18.9734347,2.685578,0.0,0.0,0.0,0.2498906144918635
1514,1791269147528006703,15080461422243,19.034278279999853,primary_goal,8.6753022,18.9734347,2.685578,0.0,0.0,0.0,0.2498906144918635
1515,1791269147538051470,15080471877955,19.044733992001056,primary_goal,8.6753022,18.9734347,2.685578,0.0,0.0,0.0,0.2498906144918635
1516,1791269147547963848,15080481541105,19.054397142001108,primary_goal,8.6753022,18.9734347,2.685578,0.0,0.0,0.0,0.2498906144918635
1517,1791269147558143283,15080491898504,19.064754541001093,primary_goal,8.6753022,18.9734347,2.685578,0.0,0.0,0.0,0.2498906144918635
1518,1791269147568104477,15080501998273,19.074854309999864,primary_goal,8.6753022,18.9734347,2.685578,0.0,0.0,0.0,0.2498906144918635
1519,1791269147577969745,15080511542006,19.084398042999965,primary_goal,8.6753022,18.9734347,2.685578,0.0,0.0,0.0,0.2498906144918635
1520,1791269147588057532,15080522046120,19.094902157001343,primary_goal,8.6753022,18.9734347,2.685578,0.0,0.0,0.0,0.2498906144918635
1521,1791269147597970382,15080531390758,19.104246795001018,primary_goal,8.6753022,18.9734347,2.685578,0.0,0.0,0.0,0.2498906144918635
1522,1791269147607911793,15080541190518,19.11404655500155,primary_goal,8.6753022,18.9734347,2.685578,0.0,0.0,0.0,0.2498906144918635
1523,1791269147617958104,15080551429359,19.12428539600114,primary_goal,8.6753022,18.9734347,2.685578,0.0,0.0,0.0,0.2498906144918635
1524,1791269147627961541,15080561441117,19.134297154001615,primary_goal,8.6753022,18.9734347,2.685578,0.0,0.0,0.0,0.2498906144918635
1525,1791269147637949853,15080571519491,19.144375528001547,primary_goal,8.6753022,18.9734347,2.685578,0.0,0.0,0.0,0.2498906144918635
1526,1791269147647954791,15080581451445,19.15430748200015,primary_goal,8.6753022,18.9734347,2.685578,0.0,0.0,0.0,0.2498906144918635
1527,1791269147657942235,15080591298802,19.16415483900164,primary_goal,8.6753022,18.9734347,2.685578,0.0,0.0,0.0,0.2498906144918635
1528,1791269147667960473,15080601300279,19.174156316001245,primary_goal,8.6753022,18.9734347,2.685578,0.0,0.0,0.0,0.2498906144918635
1529,1791269147677950341,15080611498589,19.18435462600064,primary_goal,8.6753022,18.9734347,2.685578,0.0,0.0,0.0,0.2498906144918635
1530,1791269147687965918,15080621465815,19.19432185200094,primary_goal,8.6753022,18.9734347,2.685578,0.0,0.0,0.0,0.2498906144918635
1531,1791269147698024510,15080631344246,19.20420028300032,primary_goal,8.6753022,18.9734347,2.685578,0.0,0.0,0.0,0.2498906144918635
1532,1791269147707958802,15080641324309,19.21418034599992,primary_goal,8.6753022,18.9734347,2.685578,0.0,0.0,0.0,0.2498906144918635
1533,1791269147718108848,15080651305552,19.224161589001596,primary_goal,8.6753022,18.9734347,2.685578,0.0,0.0,0.0,0.2498906144918635
1534,1791269147728031448,15080661385135,19.23424117200011,primary_goal,8.6753022,18.9734347,2.685578,0.0,0.0,0.0,0.2498906144918635
1535,1791269147738062330,15080671604898,19.24446093500046,primary_goal,8.6753022,18.9734347,2.685578,0.0,0.0,0.0,0.2498906144918635
1536,1791269147748005216,15080681640303,19.254496340001424,primary_goal,8.6753022,18.9734347,2.685578,0.0,0.0,0.0,0.2498906144918635
1537,1791269147758154182,15080691940805,19.264796842000578,primary_goal,8.6753022,18.9734347,2.685578,0.0,0.0,0.0,0.2498906144918635
1538,1791269147768128385,15080702085198,19.27494123500037,primary_goal,8.6753022,18.9734347,2.685578,0.0,0.0,0.0,0.2498906144918635
1539,1791269147777975745,15080711538901,19.284394938000332,primary_goal,8.6753022,18.9734347,2.685578,0.0,0.0,0.0,0.2498906144918635
1540,1791269147788160472,15080722050061,19.294906098000865,primary_goal,8.6753022,18.9734347,2.685578,0.0,0.0,0.0,0.2498906144918635
1541,1791269147797944492,15080731507530,19.30436356700011,primary_goal,8.6753022,18.9734347,2.685578,0.0,0.0,0.0,0.2498906144918635
1542,1791269147807960843,15080741193742,19.314049779000925,primary_goal,8.6753022,18.9734347,2.685578,0.0,0.0,0.0,0.2498906144918635
1543,1791269147818095358,15080751431667,19.324287704001108,primary_goal,8.6753022,18.9734347,2.685578,0.0,0.0,0.0,0.2498906144918635
1544,1791269147827981007,15080761449567,19.3343056040012,primary_goal,8.6753022,18.9734347,2.685578,0.0,0.0,0.0,0.2498906144918635
1545,1791269147838101086,15080771986514,19.34484255100142,primary_goal,8.6753022,18.9734347,2.685578,0.0,0.0,0.0,0.2498906144918635
1546,1791269147847968075,15080781763511,19.35461954800121,primary_goal,8.6753022,18.9734347,2.685578,0.0,0.0,0.0,0.2498906144918635
1547,1791269147857969530,15080791777262,19.36463329900107,primary_goal,8.6753022,18.9734347,2.685578,0.0,0.0,0.0,0.2498906144918635
1548,1791269147867985191,15080801484514,19.374340551001296,primary_goal,8.6753022,18.9734347,2.685578,0.0,0.0,0.0,0.2498906144918635
1549,1791269147877969579,15080811652509,19.384508546001598,primary_goal,8.6753022,18.9734347,2.685578,0.0,0.0,0.0,0.2498906144918635
1550,1791269147888265973,15080822187894,19.395043931001055,primary_goal,8.6753022,18.9734347,2.685578,0.0,0.0,0.0,0.2498906144918635
1551,1791269147898052298,15080831617589,19.404473626000254,primary_goal,8.6753022,18.9734347,2.685578,0.0,0.0,0.0,0.2498906144918635
1552,1791269147907949094,15080841153968,19.41401000500082,primary_goal,8.6753022,18.9734347,2.685578,0.0,0.0,0.0,0.2498906144918635
1553,1791269147917936536,15080851202059,19.424058096001318,primary_goal,8.6753022,18.9734347,2.685578,0.0,0.0,0.0,0.2498906144918635
1554,1791269147927985359,15080861222187,19.434078224001496,primary_goal,8.6753022,18.9734347,2.685578,0.0,0.0,0.0,0.2498906144918635
1555,1791269147937920675,15080871361250,19.444217287000356,primary_goal,8.6753022,18.9734347,2.685578,0.0,0.0,0.0,0.2498906144918635
1556,1791269147947940517,15080881477688,19.45433372500156,primary_goal,8.6753022,18.9734347,2.685578,0.0,0.0,0.0,0.2498906144918635
1557,1791269147957972231,15080891574879,19.46443091600122,primary_goal,8.6753022,18.9734347,2.685578,0.0,0.0,0.0,0.2498906144918635
1558,1791269147968121923,15080901907162,19.474763199001245,primary_goal,8.6753022,18.9734347,2.685578,0.0,0.0,0.0,0.2498906144918635
1559,1791269147978065028,15080911509121,19.48436515800131,primary_goal,8.6753022,18.9734347,2.685578,0.0,0.0,0.0,0.2498906144918635
1560,1791269147988090763,15080921875316,19.494731353001043,primary_goal,8.6753022,18.9734347,2.685578,0.0,0.0,0.0,0.2498906144918635
1561,1791269147997930644,15080931487247,19.504343284001152,primary_goal,8.6753022,18.9734347,2.685578,0.0,0.0,0.0,0.2498906144918635
1562,1791269148008054915,15080941249245,19.514105281999946,primary_goal,8.6753022,18.9734347,2.685578,0.0,0.0,0.0,0.2498906144918635
1563,1791269148017936416,15080951242027,19.52409806400101,primary_goal,8.6753022,18.9734347,2.685578,0.0,0.0,0.0,0.2498906144918635
1564,1791269148027978355,15080961342534,19.53419857100016,primary_goal,8.6753022,18.9734347,2.685578,0.0,0.0,0.0,0.2498906144918635
1565,1791269148037955917,15080971388879,19.544244916000025,primary_goal,8.6753022,18.9734347,2.685578,0.0,0.0,0.0,0.2498906144918635
1566,1791269148048114332,15080981905140,19.554761177001637,primary_goal,8.6753022,18.9734347,2.685578,0.0,0.0,0.0,0.2498906144918635
1567,1791269148058121538,15080991953505,19.564809542000148,primary_goal,8.6753022,18.9734347,2.685578,0.0,0.0,0.0,0.2498906144918635
1568,1791269148068089523,15081001595134,19.574451170999964,primary_goal,8.6753022,18.9734347,2.685578,0.0,0.0,0.0,0.2498906144918635
1569,1791269148077962262,15081011500944,19.584356981000383,primary_goal,8.6753022,18.9734347,2.685578,0.0,0.0,0.0,0.2498906144918635
1570,1791269148088115717,15081021875073,19.594731110000794,primary_goal,8.6753022,18.9734347,2.685578,0.0,0.0,0.0,0.2498906144918635
1571,1791269148098054623,15081031442015,19.604298052001468,primary_goal,8.6753022,18.9734347,2.685578,0.0,0.0,0.0,0.2498906144918635
1572,1791269148107945841,15081041080094,19.613936131001537,primary_goal,8.6753022,18.9734347,2.685578,0.0,0.0,0.0,0.2498906144918635
1573,1791269148117985067,15081051096948,19.62395298500087,primary_goal,8.6753022,18.9734347,2.685578,0.0,0.0,0.0,0.2498906144918635
1574,1791269148128017659,15081061129271,19.633985308000774,primary_goal,8.6753022,18.9734347,2.685578,0.0,0.0,0.0,0.2498906144918635
1575,1791269148138046014,15081071625863,19.644481900000756,primary_goal,8.6753022,18.9734347,2.685578,0.0,0.0,0.0,0.2498906144918635
1576,1791269148147914327,15081081609421,19.65446545800114,primary_goal,8.6753022,18.9734347,2.685578,0.0,0.0,0.0,0.2498906144918635
1577,1791269148158061887,15081091699867,19.664555904000736,primary_goal,8.6753022,18.9734347,2.685578,0.0,0.0,0.0,0.2498906144918635
1578,1791269148168015596,15081101928935,19.674784972001362,primary_goal,8.6753022,18.9734347,2.685578,0.0,0.0,0.0,0.2498906144918635
1579,1791269148177963182,15081111588837,19.6844448740012,primary_goal,8.6753022,18.9734347,2.685578,0.0,0.0,0.0,0.2498906144918635
1580,1791269148187977424,15081121706425,19.69456246200025,primary_goal,8.6753022,18.9734347,2.685578,0.0,0.0,0.0,0.2498906144918635
1581,1791269148197950659,15081131432559,19.70428859599997,primary_goal,8.6753022,18.9734347,2.685578,0.0,0.0,0.0,0.2498906144918635
1582,1791269148207940905,15081141021566,19.713877603000583,primary_goal,8.6753022,18.9734347,2.685578,0.0,0.0,0.0,0.2498906144918635
1583,1791269148217937753,15081151328354,19.724184391001472,primary_goal,8.6753022,18.9734347,2.685578,0.0,0.0,0.0,0.2498906144918635
1584,1791269148227960585,15081161265541,19.734121578001577,primary_goal,8.6753022,18.9734347,2.685578,0.0,0.0,0.0,0.2498906144918635
1585,1791269148237952022,15081171480516,19.74433655300163,primary_goal,8.6753022,18.9734347,2.685578,0.0,0.0,0.0,0.2498906144918635
1586,1791269148247963057,15081181499559,19.754355596000096,primary_goal,8.6753022,18.9734347,2.685578,0.0,0.0,0.0,0.2498906144918635
1587,1791269148257949456,15081191416990,19.764273026999945,primary_goal,8.6753022,18.9734347,2.685578,0.0,0.0,0.0,0.2498906144918635
1588,1791269148267930812,15081201428427,19.77428446400154,primary_goal,8.6753022,18.9734347,2.685578,0.0,0.0,0.0,0.2498906144918635
1589,1791269148277970441,15081211696233,19.78455227000086,primary_goal,8.6753022,18.9734347,2.685578,0.0,0.0,0.0,0.2498906144918635
1590,1791269148287941166,15081221429468,19.794285505000516,primary_goal,8.6753022,18.9734347,2.685578,0.0,0.0,0.0,0.2498906144918635
1591,1791269148297938810,15081231396336,19.804252373000054,primary_goal,8.6753022,18.9734347,2.685578,0.0,0.0,0.0,0.2498906144918635
1592,1791269148308037723,15081241516635,19.8143726720009,primary_goal,8.6753022,18.9734347,2.685578,0.0,0.0,0.0,0.2498906144918635
1593,1791269148317968788,15081251268129,19.82412416600164,primary_goal,8.6753022,18.9734347,2.685578,0.0,0.0,0.0,0.2498906144918635
1594,1791269148328016391,15081261365713,19.834221750001234,primary_goal,8.6753022,18.9734347,2.685578,0.0,0.0,0.0,0.2498906144918635
1595,1791269148337970723,15081271498661,19.844354698001553,primary_goal,8.6753022,18.9734347,2.685578,0.0,0.0,0.0,0.2498906144918635
1596,1791269148348093911,15081281704521,19.85456055800023,primary_goal,8.6753022,18.9734347,2.685578,0.0,0.0,0.0,0.2498906144918635
1597,1791269148357980532,15081291868439,19.864724476001356,primary_goal,8.6753022,18.9734347,2.685578,0.0,0.0,0.0,0.2498906144918635
1598,1791269148368104831,15081302040511,19.874896548000834,primary_goal,8.6753022,18.9734347,2.685578,0.0,0.0,0.0,0.2498906144918635
1599,1791269148377950841,15081311387525,19.884243562000847,primary_goal,8.6753022,18.9734347,2.685578,0.0,0.0,0.0,0.2498906144918635
1600,1791269148387969895,15081321655693,19.894511730000886,primary_goal,8.6753022,18.9734347,2.685578,0.0,0.0,0.0,0.2498906144918635
1601,1791269148397928084,15081331274398,19.904130435001207,primary_goal,8.6753022,18.9734347,2.685578,0.0,0.0,0.0,0.2498906144918635
1602,1791269148407906528,15081341254952,19.91411098900062,primary_goal,8.6753022,18.9734347,2.685578,0.0,0.0,0.0,0.2498906144918635
1603,1791269148418054634,15081351246074,19.924102111001048,primary_goal,8.6753022,18.9734347,2.685578,0.0,0.0,0.0,0.2498906144918635
1604,1791269148427973905,15081361329944,19.934185981001065,primary_goal,8.6753022,18.9734347,2.685578,0.0,0.0,0.0,0.2498906144918635
1605,1791269148438058916,15081371608947,19.94446498400066,primary_goal,8.6753022,18.9734347,2.685578,0.0,0.0,0.0,0.2498906144918635
1606,1791269148448104613,15081381691003,19.95454704000076,primary_goal,8.6753022,18.9734347,2.685578,0.0,0.0,0.0,0.2498906144918635
1607,1791269148458114622,15081392159422,19.965015458999915,primary_goal,8.6753022,18.9734347,2.685578,0.0,0.0,0.0,0.2498906144918635
1608,1791269148467960206,15081401713754,19.97456979100025,primary_goal,8.6753022,18.9734347,2.685578,0.0,0.0,0.0,0.2498906144918635
1609,1791269148477948777,15081411549505,19.984405541999877,primary_goal,8.6753022,18.9734347,2.685578,0.0,0.0,0.0,0.2498906144918635
1610,1791269148488044907,15081421767307,19.9946233440005,primary_goal,8.6753022,18.9734347,2.685578,0.0,0.0,0.0,0.2498906144918635
1611,1791269148498040834,15081431567979,20.004424016000485,primary_goal,8.6753022,18.9734347,2.685578,0.0,0.0,0.0,0.2498906144918635
1612,1791269148508002349,15081441429125,20.014285162000306,primary_goal,8.6753022,18.9734347,2.685578,0.0,0.0,0.0,0.2498906144918635
1613,1791269148517937629,15081451378821,20.024234858001364,primary_goal,8.6753022,18.9734347,2.685578,0.0,0.0,0.0,0.2498906144918635
1614,1791269148528013557,15081461353212,20.034209249000924,primary_goal,8.6753022,18.9734347,2.685578,0.0,0.0,0.0,0.2498906144918635
1615,1791269148538024002,15081471320945,20.044176982000863,primary_goal,8.6753022,18.9734347,2.685578,0.0,0.0,0.0,0.2498906144918635
1616,1791269148547955814,15081481399437,20.054255474000456,primary_goal,8.6753022,18.9734347,2.685578,0.0,0.0,0.0,0.2498906144918635
1617,1791269148557960756,15081491692694,20.064548731001196,primary_goal,8.6753022,18.9734347,2.685578,0.0,0.0,0.0,0.2498906144918635
1618,1791269148567949745,15081501460644,20.07431668100071,primary_goal,8.6753022,18.9734347,2.685578,0.0,0.0,0.0,0.2498906144918635
1619,1791269148577953144,15081511580127,20.08443616400109,primary_goal,8.6753022,18.9734347,2.685578,0.0,0.0,0.0,0.2498906144918635
1620,1791269148587933793,15081521744325,20.094600362001074,primary_goal,8.6753022,18.9734347,2.685578,0.0,0.0,0.0,0.2498906144918635
1621,1791269148598016453,15081531431717,20.104287754000325,primary_goal,8.6753022,18.9734347,2.685578,0.0,0.0,0.0,0.2498906144918635
1622,1791269148607934899,15081541445301,20.114301338000587,primary_goal,8.6753022,18.9734347,2.685578,0.0,0.0,0.0,0.2498906144918635
1623,1791269148617931843,15081551362639,20.124218676000964,primary_goal,8.6753022,18.9734347,2.685578,0.0,0.0,0.0,0.2498906144918635
1624,1791269148627954264,15081561175025,20.13403106199985,primary_goal,8.6753022,18.9734347,2.685578,0.0,0.0,0.0,0.2498906144918635
1625,1791269148637947429,15081571529323,20.14438536000125,primary_goal,8.6753022,18.9734347,2.685578,0.0,0.0,0.0,0.2498906144918635
1626,1791269148647949979,15081581555426,20.154411463001452,primary_goal,8.6753022,18.9734347,2.685578,0.0,0.0,0.0,0.2498906144918635
1627,1791269148657950298,15081591567584,20.164423621001333,primary_goal,8.6753022,18.9734347,2.685578,0.0,0.0,0.0,0.2498906144918635
1628,1791269148667925884,15081601474996,20.17433103300027,primary_goal,8.6753022,18.9734347,2.685578,0.0,0.0,0.0,0.2498906144918635
1629,1791269148677920302,15081611603274,20.184459310999955,primary_goal,8.6753022,18.9734347,2.685578,0.0,0.0,0.0,0.2498906144918635
1630,1791269148687961914,15081621663967,20.19452000400088,primary_goal,8.6753022,18.9734347,2.685578,0.0,0.0,0.0,0.2498906144918635
1631,1791269148697939823,15081631451298,20.20430733500143,primary_goal,8.6753022,18.9734347,2.685578,0.0,0.0,0.0,0.2498906144918635
1632,1791269148707929680,15081641164711,20.21402074800062,primary_goal,8.6753022,18.9734347,2.685578,0.0,0.0,0.0,0.2498906144918635
1633,1791269148717886665,15081651064028,20.22392006500013,primary_goal,8.6753022,18.9734347,2.685578,0.0,0.0,0.0,0.2498906144918635
1634,1791269148728011473,15081661222858,20.234078895000494,primary_goal,8.6753022,18.9734347,2.685578,0.0,0.0,0.0,0.2498906144918635
1635,1791269148738052916,15081671389340,20.24424537699997,primary_goal,8.6753022,18.9734347,2.685578,0.0,0.0,0.0,0.2498906144918635
1636,1791269148748046079,15081681462492,20.254318529001466,primary_goal,8.6753022,18.9734347,2.685578,0.0,0.0,0.0,0.2498906144918635
1637,1791269148758112812,15081691879862,20.264735899001607,primary_goal,8.6753022,18.9734347,2.685578,0.0,0.0,0.0,0.2498906144918635
1638,1791269148768064708,15081701590255,20.274446291999993,primary_goal,8.6753022,18.9734347,2.685578,0.0,0.0,0.0,0.2498906144918635
1639,1791269148778058452,15081711632318,20.284488355000576,primary_goal,8.6753022,18.9734347,2.685578,0.0,0.0,0.0,0.2498906144918635
1640,1791269148787990111,15081721591610,20.294447647000197,primary_goal,8.6753022,18.9734347,2.685578,0.0,0.0,0.0,0.2498906144918635
1641,1791269148797929640,15081731475296,20.304331332999936,primary_goal,8.6753022,18.9734347,2.685578,0.0,0.0,0.0,0.2498906144918635
1642,1791269148807936508,15081741144434,20.314000471000327,primary_goal,8.6753022,18.9734347,2.685578,0.0,0.0,0.0,0.2498906144918635
1643,1791269148817927289,15081751119217,20.323975254001198,primary_goal,8.6753022,18.9734347,2.685578,0.0,0.0,0.0,0.2498906144918635
1644,1791269148827972504,15081761154948,20.33401098500144,primary_goal,8.6753022,18.9734347,2.685578,0.0,0.0,0.0,0.2498906144918635
1645,1791269148838136481,15081771449165,20.344305202001124,primary_goal,8.6753022,18.9734347,2.685578,0.0,0.0,0.0,0.2498906144918635
1646,1791269148847947829,15081781186647,20.354042684000888,primary_goal,8.6753022,18.9734347,2.685578,0.0,0.0,0.0,0.2498906144918635
1647,1791269148857905683,15081791344544,20.36420058100157,primary_goal,8.6753022,18.9734347,2.685578,0.0,0.0,0.0,0.2498906144918635
1648,1791269148868054289,15081801481803,20.374337840001317,primary_goal,8.6753022,18.9734347,2.685578,0.0,0.0,0.0,0.2498906144918635
1649,1791269148878047927,15081811525514,20.384381551000843,primary_goal,8.6753022,18.9734347,2.685578,0.0,0.0,0.0,0.2498906144918635
1650,1791269148888074503,15081821636876,20.39449291300116,primary_goal,8.6753022,18.9734347,2.685578,0.0,0.0,0.0,0.2498906144918635
1651,1791269148898028565,15081831507370,20.404363407000346,primary_goal,8.6753022,18.9734347,2.685578,0.0,0.0,0.0,0.2498906144918635
1652,1791269148907952295,15081841289699,20.414145736000137,primary_goal,8.6753022,18.9734347,2.685578,0.0,0.0,0.0,0.2498906144918635
1653,1791269148917984913,15081851298848,20.424154885000462,primary_goal,8.6753022,18.9734347,2.685578,0.0,0.0,0.0,0.2498906144918635
1654,1791269148927959484,15081861339226,20.43419526300022,primary_goal,8.6753022,18.9734347,2.685578,0.0,0.0,0.0,0.2498906144918635
1655,1791269148938036430,15081871423948,20.44427998500032,primary_goal,8.6753022,18.9734347,2.685578,0.0,0.0,0.0,0.2498906144918635
1656,1791269148948064399,15081881505644,20.45436168100059,primary_goal,8.6753022,18.9734347,2.685578,0.0,0.0,0.0,0.2498906144918635
1657,1791269148957958320,15081891737501,20.46459353800128,primary_goal,8.6753022,18.9734347,2.685578,0.0,0.0,0.0,0.2498906144918635
1658,1791269148968123275,15081901917282,20.474773319001542,primary_goal,8.6753022,18.9734347,2.685578,0.0,0.0,0.0,0.2498906144918635
1659,1791269148977921764,15081911334982,20.48419101900072,primary_goal,8.6753022,18.9734347,2.685578,0.0,0.0,0.0,0.2498906144918635
1660,1791269148987954209,15081921630311,20.494486348001374,primary_goal,8.6753022,18.9734347,2.685578,0.0,0.0,0.0,0.2498906144918635
1661,1791269148998022060,15081931435329,20.50429136599996,primary_goal,8.6753022,18.9734347,2.685578,0.0,0.0,0.0,0.2498906144918635
1662,1791269149008002161,15081941158431,20.514014468000823,primary_goal,8.6753022,18.9734347,2.685578,0.0,0.0,0.0,0.2498906144918635
1663,1791269149018074440,15081951218498,20.52407453500018,primary_goal,8.6753022,18.9734347,2.685578,0.0,0.0,0.0,0.2498906144918635
1664,1791269149028008903,15081961205357,20.534061394000673,primary_goal,8.6753022,18.9734347,2.685578,0.0,0.0,0.0,0.2498906144918635
1665,1791269149038047034,15081971478305,20.544334342001093,primary_goal,8.6753022,18.9734347,2.685578,0.0,0.0,0.0,0.2498906144918635
1666,1791269149047932705,15081981321035,20.55417707200104,primary_goal,8.6753022,18.9734347,2.685578,0.0,0.0,0.0,0.2498906144918635
1667,1791269149058057467,15081991561067,20.564417104000313,primary_goal,8.6753022,18.9734347,2.685578,0.0,0.0,0.0,0.2498906144918635
1668,1791269149068075269,15082001616179,20.574472216001595,primary_goal,8.6753022,18.9734347,2.685578,0.0,0.0,0.0,0.2498906144918635
1669,1791269149078081400,15082011552294,20.584408331000304,primary_goal,8.6753022,18.9734347,2.685578,0.0,0.0,0.0,0.2498906144918635
1670,1791269149088104762,15082021762979,20.59461901600116,primary_goal,8.6753022,18.9734347,2.685578,0.0,0.0,0.0,0.2498906144918635
1671,1791269149097949731,15082031304026,20.604160063001473,primary_goal,8.6753022,18.9734347,2.685578,0.0,0.0,0.0,0.2498906144918635
1672,1791269149107925851,15082041153775,20.614009812001314,primary_goal,8.6753022,18.9734347,2.685578,0.0,0.0,0.0,0.2498906144918635
1673,1791269149117925461,15082050996970,20.623853007000434,primary_goal,8.6753022,18.9734347,2.685578,0.0,0.0,0.0,0.2498906144918635
1674,1791269149127947984,15082061159903,20.63401594000061,primary_goal,8.6753022,18.9734347,2.685578,0.0,0.0,0.0,0.2498906144918635
1675,1791269149137935309,15082071374682,20.644230719000916,primary_goal,8.6753022,18.9734347,2.685578,0.0,0.0,0.0,0.2498906144918635
1676,1791269149148075293,15082081802371,20.654658408000614,primary_goal,8.6753022,18.9734347,2.685578,0.0,0.0,0.0,0.2498906144918635
1677,1791269149157948583,15082091985187,20.664841224001066,primary_goal,8.6753022,18.9734347,2.685578,0.0,0.0,0.0,0.2498906144918635
1678,1791269149168073323,15082101966231,20.674822267999843,primary_goal,8.6753022,18.9734347,2.685578,0.0,0.0,0.0,0.2498906144918635
1679,1791269149178029828,15082111556410,20.684412447000796,primary_goal,8.6753022,18.9734347,2.685578,0.0,0.0,0.0,0.2498906144918635
1680,1791269149188114182,15082121956603,20.694812640000237,primary_goal,8.6753022,18.9734347,2.685578,0.0,0.0,0.0,0.2498906144918635
1681,1791269149198018136,15082131476123,20.704332160001286,primary_goal,8.6753022,18.9734347,2.685578,0.0,0.0,0.0,0.2498906144918635
1682,1791269149207911799,15082141081055,20.713937092001288,primary_goal,8.6753022,18.9734347,2.685578,0.0,0.0,0.0,0.2498906144918635
1683,1791269149217879038,15082150974217,20.72383025400086,primary_goal,8.6753022,18.9734347,2.685578,0.0,0.0,0.0,0.2498906144918635
1684,1791269149227966087,15082161087374,20.733943410999927,primary_goal,8.6753022,18.9734347,2.685578,0.0,0.0,0.0,0.2498906144918635
1685,1791269149237960316,15082171268071,20.744124108001415,primary_goal,8.6753022,18.9734347,2.685578,0.0,0.0,0.0,0.2498906144918635
1686,1791269149247974999,15082181559046,20.754415082999913,primary_goal,8.6753022,18.9734347,2.685578,0.0,0.0,0.0,0.2498906144918635
1687,1791269149257946062,15082191450435,20.764306472001408,primary_goal,8.6753022,18.9734347,2.685578,0.0,0.0,0.0,0.2498906144918635
1688,1791269149268084327,15082201689298,20.774545334999857,primary_goal,8.6753022,18.9734347,2.685578,0.0,0.0,0.0,0.2498906144918635
1689,1791269149278036855,15082211503006,20.784359043000222,primary_goal,8.6753022,18.9734347,2.685578,0.0,0.0,0.0,0.2498906144918635
1690,1791269149288115575,15082221801504,20.79465754100056,primary_goal,8.6753022,18.9734347,2.685578,0.0,0.0,0.0,0.2498906144918635
1691,1791269149297996332,15082231244656,20.8041006930016,primary_goal,8.6753022,18.9734347,2.685578,0.0,0.0,0.0,0.2498906144918635
1692,1791269149307946686,15082241103415,20.813959452001654,primary_goal,8.6753022,18.9734347,2.685578,0.0,0.0,0.0,0.2498906144918635
1693,1791269149317911065,15082251229853,20.824085890000788,primary_goal,8.6753022,18.9734347,2.685578,0.0,0.0,0.0,0.2498906144918635
1694,1791269149327999851,15082261262216,20.83411825300027,primary_goal,8.6753022,18.9734347,2.685578,0.0,0.0,0.0,0.2498906144918635
1695,1791269149338042470,15082271505749,20.844361786001173,primary_goal,8.6753022,18.9734347,2.685578,0.0,0.0,0.0,0.2498906144918635
1696,1791269149348051144,15082281637928,20.854493965000074,primary_goal,8.6753022,18.9734347,2.685578,0.0,0.0,0.0,0.2498906144918635
1697,1791269149358094621,15082291990451,20.864846488000694,primary_goal,8.6753022,18.9734347,2.685578,0.0,0.0,0.0,0.2498906144918635
1698,1791269149368153995,15082302086133,20.874942170001304,primary_goal,8.6753022,18.9734347,2.685578,0.0,0.0,0.0,0.2498906144918635
1699,1791269149377913506,15082311487172,20.8843432090016,primary_goal,8.6753022,18.9734347,2.685578,0.0,0.0,0.0,0.2498906144918635
1700,1791269149387917428,15082321721404,20.894577441000365,primary_goal,8.6753022,18.9734347,2.685578,0.0,0.0,0.0,0.2498906144918635
1701,1791269149397901408,15082331421804,20.904277841000294,primary_goal,8.6753022,18.9734347,2.685578,0.0,0.0,0.0,0.2498906144918635
1702,1791269149407883311,15082341161202,20.914017239001623,primary_goal,8.6753022,18.9734347,2.685578,0.0,0.0,0.0,0.2498906144918635
1703,1791269149418007261,15082351278612,20.924134649001644,primary_goal,8.6753022,18.9734347,2.685578,0.0,0.0,0.0,0.2498906144918635
1704,1791269149427964566,15082361292075,20.934148112000912,primary_goal,8.6753022,18.9734347,2.685578,0.0,0.0,0.0,0.2498906144918635
1705,1791269149438033435,15082371414856,20.944270893000066,primary_goal,8.6753022,18.9734347,2.685578,0.0,0.0,0.0,0.2498906144918635
1706,1791269149448025130,15082381648916,20.95450495300065,primary_goal,8.6753022,18.9734347,2.685578,0.0,0.0,0.0,0.2498906144918635
1707,1791269149458042454,15082391415384,20.964271421000376,primary_goal,8.6753022,18.9734347,2.685578,0.0,0.0,0.0,0.2498906144918635
1708,1791269149467932187,15082401486387,20.974342424000497,primary_goal,8.6753022,18.9734347,2.685578,0.0,0.0,0.0,0.2498906144918635
1709,1791269149478036966,15082411465756,20.984321793001072,primary_goal,8.6753022,18.9734347,2.685578,0.0,0.0,0.0,0.2498906144918635
1710,1791269149488033678,15082421846711,20.994702748001146,primary_goal,8.6753022,18.9734347,2.685578,0.0,0.0,0.0,0.2498906144918635
1711,1791269149497922457,15082431724238,21.00458027500099,primary_goal,8.6753022,18.9734347,2.685578,0.0,0.0,0.0,0.2498906144918635
1712,1791269149507899002,15082441250803,21.01410684000075,primary_goal,8.6753022,18.9734347,2.685578,0.0,0.0,0.0,0.2498906144918635
1713,1791269149517936073,15082451203471,21.0240595080013,primary_goal,8.6753022,18.9734347,2.685578,0.0,0.0,0.0,0.2498906144918635
1714,1791269149527945324,15082461194009,21.03405004600063,primary_goal,8.6753022,18.9734347,2.685578,0.0,0.0,0.0,0.2498906144918635
1715,1791269149537935200,15082471223525,21.04407956200157,primary_goal,8.6753022,18.9734347,2.685578,0.0,0.0,0.0,0.2498906144918635
1716,1791269149547932199,15082481474734,21.054330771001332,primary_goal,8.6753022,18.9734347,2.685578,0.0,0.0,0.0,0.2498906144918635
1717,1791269149558089393,15082491896648,21.064752685000713,primary_goal,8.6753022,18.9734347,2.685578,0.0,0.0,0.0,0.2498906144918635
1718,1791269149567941129,15082501713005,21.074569042000803,primary_goal,8.6753022,18.9734347,2.685578,0.0,0.0,0.0,0.2498906144918635
1719,1791269149577943053,15082511414808,21.084270844999992,primary_goal,8.6753022,18.9734347,2.685578,0.0,0.0,0.0,0.2498906144918635
1720,1791269149587952982,15082521634183,21.094490220000807,primary_goal,8.6753022,18.9734347,2.685578,0.0,0.0,0.0,0.2498906144918635
1721,1791269149597921933,15082531555833,21.10441187000106,primary_goal,8.6753022,18.9734347,2.685578,0.0,0.0,0.0,0.2498906144918635
1722,1791269149607886919,15082541239821,21.114095857999928,primary_goal,8.6753022,18.9734347,2.685578,0.0,0.0,0.0,0.2498906144918635
1723,1791269149618057681,15082551396781,21.12425281800097,primary_goal,8.6753022,18.9734347,2.685578,0.0,0.0,0.0,0.2498906144918635
1724,1791269149627958725,15082561194569,21.134050606000528,primary_goal,8.6753022,18.9734347,2.685578,0.0,0.0,0.0,0.2498906144918635
1725,1791269149637928280,15082571520072,21.144376109001314,primary_goal,8.6753022,18.9734347,2.685578,0.0,0.0,0.0,0.2498906144918635
1726,1791269149648033534,15082581525061,21.154381098000158,primary_goal,8.6753022,18.9734347,2.685578,0.0,0.0,0.0,0.2498906144918635
1727,1791269149657944100,15082591446905,21.164302942001086,primary_goal,8.6753022,18.9734347,2.685578,0.0,0.0,0.0,0.2498906144918635
1728,1791269149668050722,15082601503148,21.174359185000867,primary_goal,8.6753022,18.9734347,2.685578,0.0,0.0,0.0,0.2498906144918635
1729,1791269149678085170,15082611630908,21.18448694500148,primary_goal,8.6753022,18.9734347,2.685578,0.0,0.0,0.0,0.2498906144918635
1730,1791269149687970342,15082621739719,21.194595756000126,primary_goal,8.6753022,18.9734347,2.685578,0.0,0.0,0.0,0.2498906144918635
1731,1791269149697913675,15082631398088,21.20425412500117,primary_goal,8.6753022,18.9734347,2.685578,0.0,0.0,0.0,0.2498906144918635
1732,1791269149707914634,15082641247081,21.21410311799991,primary_goal,8.6753022,18.9734347,2.685578,0.0,0.0,0.0,0.2498906144918635
1733,1791269149717961291,15082651095564,21.223951601001318,primary_goal,8.6753022,18.9734347,2.685578,0.0,0.0,0.0,0.2498906144918635
1734,1791269149727956929,15082661367955,21.234223991999897,primary_goal,8.6753022,18.9734347,2.685578,0.0,0.0,0.0,0.2498906144918635
1735,1791269149738027920,15082671761102,21.244617139000184,primary_goal,8.6753022,18.9734347,2.685578,0.0,0.0,0.0,0.2498906144918635
1736,1791269149748127496,15082681810115,21.254666152000937,primary_goal,8.6753022,18.9734347,2.685578,0.0,0.0,0.0,0.2498906144918635
1737,1791269149757947026,15082691735631,21.26459166800123,primary_goal,8.6753022,18.9734347,2.685578,0.0,0.0,0.0,0.2498906144918635
1738,1791269149768061053,15082701649013,21.274505050001608,primary_goal,8.6753022,18.9734347,2.685578,0.0,0.0,0.0,0.2498906144918635
1739,1791269149778039935,15082711551181,21.284407218001434,primary_goal,8.6753022,18.9734347,2.685578,0.0,0.0,0.0,0.2498906144918635
1740,1791269149788090204,15082721934144,21.29479018100028,primary_goal,8.6753022,18.9734347,2.685578,0.0,0.0,0.0,0.2498906144918635
1741,1791269149797928260,15082731328345,21.30418438200104,primary_goal,8.6753022,18.9734347,2.685578,0.0,0.0,0.0,0.2498906144918635
1742,1791269149807891761,15082741314914,21.31417095100005,primary_goal,8.6753022,18.9734347,2.685578,0.0,0.0,0.0,0.2498906144918635
1743,1791269149817948091,15082751250350,21.32410638700094,primary_goal,8.6753022,18.9734347,2.685578,0.0,0.0,0.0,0.2498906144918635
1744,1791269149827987707,15082761178246,21.33403428300153,primary_goal,8.6753022,18.9734347,2.685578,0.0,0.0,0.0,0.2498906144918635
1745,1791269149838095564,15082771520182,21.34437621899997,primary_goal,8.6753022,18.9734347,2.685578,0.0,0.0,0.0,0.2498906144918635
1746,1791269149847900613,15082781373267,21.35422930400091,primary_goal,8.6753022,18.9734347,2.685578,0.0,0.0,0.0,0.2498906144918635
1747,1791269149857942874,15082791614691,21.364470728000015,primary_goal,8.6753022,18.9734347,2.685578,0.0,0.0,0.0,0.2498906144918635
1748,1791269149868087317,15082801988060,21.374844097001187,primary_goal,8.6753022,18.9734347,2.685578,0.0,0.0,0.0,0.2498906144918635
1749,1791269149878054431,15082811617436,21.38447347300098,primary_goal,8.6753022,18.9734347,2.685578,0.0,0.0,0.0,0.2498906144918635
1750,1791269149888116198,15082821858841,21.39471487800074,primary_goal,8.6753022,18.9734347,2.685578,0.0,0.0,0.0,0.2498906144918635
1751,1791269149897916047,15082831157992,21.40401402899988,primary_goal,8.6753022,18.9734347,2.685578,0.0,0.0,0.0,0.2498906144918635
1752,1791269149907915622,15082841115430,21.41397146700001,primary_goal,8.6753022,18.9734347,2.685578,0.0,0.0,0.0,0.2498906144918635
1753,1791269149917985960,15082851129236,21.423985273000653,primary_goal,8.6753022,18.9734347,2.685578,0.0,0.0,0.0,0.2498906144918635
1754,1791269149927916865,15082861236842,21.434092879000673,primary_goal,8.6753022,18.9734347,2.685578,0.0,0.0,0.0,0.2498906144918635
1755,1791269149937950637,15082871378248,21.444234285001585,primary_goal,8.6753022,18.9734347,2.685578,0.0,0.0,0.0,0.2498906144918635
1756,1791269149947932520,15082881522770,21.454378807000467,primary_goal,8.6753022,18.9734347,2.685578,0.0,0.0,0.0,0.2498906144918635
1757,1791269149957941224,15082891748977,21.46460501399997,primary_goal,8.6753022,18.9734347,2.685578,0.0,0.0,0.0,0.2498906144918635
1758,1791269149968090138,15082901878248,21.474734285000523,primary_goal,8.6753022,18.9734347,2.685578,0.0,0.0,0.0,0.2498906144918635
1759,1791269149977928227,15082911470128,21.48432616500031,primary_goal,8.6753022,18.9734347,2.685578,0.0,0.0,0.0,0.2498906144918635
1760,1791269149988071251,15082921878735,21.49473477200081,primary_goal,8.6753022,18.9734347,2.685578,0.0,0.0,0.0,0.2498906144918635
1761,1791269149997890337,15082931381461,21.504237498000293,primary_goal,8.6753022,18.9734347,2.685578,0.0,0.0,0.0,0.2498906144918635
1762,1791269150007878378,15082941149578,21.514005615001224,primary_goal,8.6753022,18.9734347,2.685578,0.0,0.0,0.0,0.2498906144918635
1763,1791269150017951820,15082951172791,21.524028828000155,primary_goal,8.6753022,18.9734347,2.685578,0.0,0.0,0.0,0.2498906144918635
1764,1791269150027951240,15082961163944,21.53401998100162,primary_goal,8.6753022,18.9734347,2.685578,0.0,0.0,0.0,0.2498906144918635
1765,1791269150037948197,15082971363330,21.54421936700055,primary_goal,8.6753022,18.9734347,2.685578,0.0,0.0,0.0,0.2498906144918635
1766,1791269150047951069,15082981558617,21.554414654001448,primary_goal,8.6753022,18.9734347,2.685578,0.0,0.0,0.0,0.2498906144918635
1767,1791269150058004225,15082991710189,21.56456622600126,primary_goal,8.6753022,18.9734347,2.685578,0.0,0.0,0.0,0.2498906144918635
1768,1791269150068089124,15083001902428,21.57475846500165,primary_goal,8.6753022,18.9734347,2.685578,0.0,0.0,0.0,0.2498906144918635
1769,1791269150077929401,15083011462445,21.584318482000526,primary_goal,8.6753022,18.9734347,2.685578,0.0,0.0,0.0,0.2498906144918635
1770,1791269150087921332,15083021582470,21.59443850700154,primary_goal,8.6753022,18.9734347,2.685578,0.0,0.0,0.0,0.2498906144918635
1771,1791269150097919305,15083031417174,21.604273210999963,primary_goal,8.6753022,18.9734347,2.685578,0.0,0.0,0.0,0.2498906144918635
1772,1791269150107916327,15083041143470,21.6139995070007,primary_goal,8.6753022,18.9734347,2.685578,0.0,0.0,0.0,0.2498906144918635
1773,1791269150117931307,15083051171025,21.624027062000096,primary_goal,8.6753022,18.9734347,2.685578,0.0,0.0,0.0,0.2498906144918635
1774,1791269150127958468,15083061226125,21.634082162001505,primary_goal,8.6753022,18.9734347,2.685578,0.0,0.0,0.0,0.2498906144918635
1775,1791269150137996632,15083071556756,21.64441279300081,primary_goal,8.6753022,18.9734347,2.685578,0.0,0.0,0.0,0.2498906144918635
1776,1791269150147938928,15083081524809,21.654380846001004,primary_goal,8.6753022,18.9734347,2.685578,0.0,0.0,0.0,0.2498906144918635
1777,1791269150158019627,15083091911620,21.664767657000993,primary_goal,8.6753022,18.9734347,2.685578,0.0,0.0,0.0,0.2498906144918635
1778,1791269150167942835,15083101784104,21.674640141000054,primary_goal,8.6753022,18.9734347,2.685578,0.0,0.0,0.0,0.2498906144918635
1779,1791269150178008608,15083111548682,21.684404719000668,primary_goal,8.6753022,18.9734347,2.685578,0.0,0.0,0.0,0.2498906144918635
1780,1791269150188009525,15083121801768,21.694657805001043,primary_goal,8.6753022,18.9734347,2.685578,0.0,0.0,0.0,0.2498906144918635
1781,1791269150197965099,15083131465656,21.704321693001475,primary_goal,8.6753022,18.9734347,2.685578,0.0,0.0,0.0,0.2498906144918635
1782,1791269150207904450,15083141216782,21.71407281900065,primary_goal,8.6753022,18.9734347,2.685578,0.0,0.0,0.0,0.2498906144918635
1783,1791269150217909857,15083151074844,21.723930881000342,primary_goal,8.6753022,18.9734347,2.685578,0.0,0.0,0.0,0.2498906144918635
1784,1791269150227944430,15083161220860,21.734076897000705,primary_goal,8.6753022,18.9734347,2.685578,0.0,0.0,0.0,0.2498906144918635
1785,1791269150237995456,15083171469796,21.744325833000403,primary_goal,8.6753022,18.9734347,2.685578,0.0,0.0,0.0,0.2498906144918635
1786,1791269150247921208,15083181512107,21.754368144000182,primary_goal,8.6753022,18.9734347,2.685578,0.0,0.0,0.0,0.2498906144918635
1787,1791269150257933950,15083191757597,21.764613634000852,primary_goal,8.6753022,18.9734347,2.685578,0.0,0.0,0.0,0.2498906144918635
1788,1791269150267951036,15083201828684,21.774684721000085,primary_goal,8.6753022,18.9734347,2.685578,0.0,0.0,0.0,0.2498906144918635
1789,1791269150277932989,15083211505533,21.78436157000033,primary_goal,8.6753022,18.9734347,2.685578,0.0,0.0,0.0,0.2498906144918635
1790,1791269150287920985,15083221580513,21.794436550000682,primary_goal,8.6753022,18.9734347,2.685578,0.0,0.0,0.0,0.2498906144918635
1791,1791269150297947301,15083231494679,21.804350716000044,primary_goal,8.6753022,18.9734347,2.685578,0.0,0.0,0.0,0.2498906144918635
1792,1791269150307882703,15083241186634,21.814042671001516,primary_goal,8.6753022,18.9734347,2.685578,0.0,0.0,0.0,0.2498906144918635
1793,1791269150317906086,15083251487153,21.824343190000945,primary_goal,8.6753022,18.9734347,2.685578,0.0,0.0,0.0,0.2498906144918635
1794,1791269150327886983,15083261273154,21.834129191000102,primary_goal,8.6753022,18.9734347,2.685578,0.0,0.0,0.0,0.2498906144918635
1795,1791269150337930782,15083271418458,21.844274495000718,primary_goal,8.6753022,18.9734347,2.685578,0.0,0.0,0.0,0.2498906144918635
1796,1791269150347954959,15083281636364,21.854492401000243,primary_goal,8.6753022,18.9734347,2.685578,0.0,0.0,0.0,0.2498906144918635
1797,1791269150357965646,15083291652262,21.86450829900059,primary_goal,8.6753022,18.9734347,2.685578,0.0,0.0,0.0,0.2498906144918635
1798,1791269150368020480,15083301956621,21.874812658001247,primary_goal,8.6753022,18.9734347,2.685578,0.0,0.0,0.0,0.2498906144918635
1799,1791269150377939736,15083311543631,21.884399668000697,primary_goal,8.6753022,18.9734347,2.685578,0.0,0.0,0.0,0.2498906144918635
1800,1791269150387917170,15083321782881,21.894638918000055,primary_goal,8.6753022,18.9734347,2.685578,0.0,0.0,0.0,0.2498906144918635
1801,1791269150397973047,15083331511131,21.904367168001045,primary_goal,8.6753022,18.9734347,2.685578,0.0,0.0,0.0,0.2498906144918635
1802,1791269150407915953,15083341276240,21.914132277001045,primary_goal,8.6753022,18.9734347,2.685578,0.0,0.0,0.0,0.2498906144918635
1803,1791269150417901745,15083351222630,21.924078667001595,primary_goal,8.6753022,18.9734347,2.685578,0.0,0.0,0.0,0.2498906144918635
1804,1791269150427940268,15083361278929,21.934134966000784,primary_goal,8.6753022,18.9734347,2.685578,0.0,0.0,0.0,0.2498906144918635
1805,1791269150437940067,15083371514258,21.944370295001136,primary_goal,8.6753022,18.9734347,2.685578,0.0,0.0,0.0,0.2498906144918635
1806,1791269150447913395,15083381572292,21.95442832900153,primary_goal,8.6753022,18.9734347,2.685578,0.0,0.0,0.0,0.2498906144918635
1807,1791269150457937200,15083391659969,21.96451600600085,primary_goal,8.6753022,18.9734347,2.685578,0.0,0.0,0.0,0.2498906144918635
1808,1791269150467950646,15083401835118,21.974691155000983,primary_goal,8.6753022,18.9734347,2.685578,0.0,0.0,0.0,0.2498906144918635
1809,1791269150477924429,15083411470845,21.98432688200046,primary_goal,8.6753022,18.9734347,2.685578,0.0,0.0,0.0,0.2498906144918635
1810,1791269150487950156,15083421781083,21.994637120000334,primary_goal,8.6753022,18.9734347,2.685578,0.0,0.0,0.0,0.2498906144918635
1811,1791269150498038616,15083431533911,22.004389948000608,primary_goal,8.6753022,18.9734347,2.685578,0.0,0.0,0.0,0.2498906144918635
1812,1791269150508011425,15083441293019,22.01414905599995,primary_goal,8.6753022,18.9734347,2.685578,0.0,0.0,0.0,0.2498906144918635
1813,1791269150517943156,15083451234818,22.024090855000395,primary_goal,8.6753022,18.9734347,2.685578,0.0,0.0,0.0,0.2498906144918635
1814,1791269150527931246,15083461220092,22.034076129000823,primary_goal,8.6753022,18.9734347,2.685578,0.0,0.0,0.0,0.2498906144918635
1815,1791269150538075256,15083471809835,22.044665872001133,primary_goal,8.6753022,18.9734347,2.685578,0.0,0.0,0.0,0.2498906144918635
1816,1791269150547908960,15083481501227,22.05435726399992,primary_goal,8.6753022,18.9734347,2.685578,0.0,0.0,0.0,0.2498906144918635
1817,1791269150557934493,15083491621511,22.064477548001378,primary_goal,8.6753022,18.9734347,2.685578,0.0,0.0,0.0,0.2498906144918635
1818,1791269150568108820,15083501919459,22.074775496001166,primary_goal,8.6753022,18.9734347,2.685578,0.0,0.0,0.0,0.2498906144918635
1819,1791269150577935597,15083511539774,22.084395810999922,primary_goal,8.6753022,18.9734347,2.685578,0.0,0.0,0.0,0.2498906144918635
1820,1791269150588063273,15083521942964,22.094799001000865,primary_goal,8.6753022,18.9734347,2.685578,0.0,0.0,0.0,0.2498906144918635
1821,1791269150598008364,15083531303556,22.104159593000077,primary_goal,8.6753022,18.9734347,2.685578,0.0,0.0,0.0,0.2498906144918635
1822,1791269150607905437,15083541201363,22.114057400000092,primary_goal,8.6753022,18.9734347,2.685578,0.0,0.0,0.0,0.2498906144918635
1823,1791269150617912594,15083551246320,22.124102357000083,primary_goal,8.6753022,18.9734347,2.685578,0.0,0.0,0.0,0.2498906144918635
1824,1791269150627937557,15083561407049,22.13426308599992,primary_goal,8.6753022,18.9734347,2.685578,0.0,0.0,0.0,0.2498906144918635
1825,1791269150637910304,15083571477233,22.14433327000006,primary_goal,8.6753022,18.9734347,2.685578,0.0,0.0,0.0,0.2498906144918635
1826,1791269150647912598,15083581540546,22.154396583000562,primary_goal,8.6753022,18.9734347,2.685578,0.0,0.0,0.0,0.2498906144918635
1827,1791269150658046364,15083591765397,22.164621433999855,primary_goal,8.6753022,18.9734347,2.685578,0.0,0.0,0.0,0.2498906144918635
1828,1791269150668048409,15083601927145,22.174783182001192,primary_goal,8.6753022,18.9734347,2.685578,0.0,0.0,0.0,0.2498906144918635
1829,1791269150678021612,15083611566865,22.184422902000733,primary_goal,8.6753022,18.9734347,2.685578,0.0,0.0,0.0,0.2498906144918635
1830,1791269150688057723,15083621903230,22.194759267000336,primary_goal,8.6753022,18.9734347,2.685578,0.0,0.0,0.0,0.2498906144918635
1831,1791269150697908985,15083631542395,22.204398432000744,primary_goal,8.6753022,18.9734347,2.685578,0.0,0.0,0.0,0.2498906144918635
1832,1791269150707901585,15083641270138,22.214126175000274,primary_goal,8.6753022,18.9734347,2.685578,0.0,0.0,0.0,0.2498906144918635
1833,1791269150717902600,15083651187684,22.22404372100027,primary_goal,8.6753022,18.9734347,2.685578,0.0,0.0,0.0,0.2498906144918635
1834,1791269150727940345,15083661231571,22.234087608001573,primary_goal,8.6753022,18.9734347,2.685578,0.0,0.0,0.0,0.2498906144918635
1835,1791269150737944104,15083671458546,22.244314583000232,primary_goal,8.6753022,18.9734347,2.685578,0.0,0.0,0.0,0.2498906144918635
1836,1791269150748022140,15083681667732,22.254523769001025,primary_goal,8.6753022,18.9734347,2.685578,0.0,0.0,0.0,0.2498906144918635
1837,1791269150758030880,15083691710912,22.264566949001164,primary_goal,8.6753022,18.9734347,2.685578,0.0,0.0,0.0,0.2498906144918635
1838,1791269150768066746,15083701841742,22.274697779001144,primary_goal,8.6753022,18.9734347,2.685578,0.0,0.0,0.0,0.2498906144918635
1839,1791269150777923103,15083711482121,22.284338158000537,primary_goal,8.6753022,18.9734347,2.685578,0.0,0.0,0.0,0.2498906144918635
1840,1791269150787916294,15083721439052,22.294295089001025,primary_goal,8.6753022,18.9734347,2.685578,0.0,0.0,0.0,0.2498906144918635
1841,1791269150797910258,15083731378874,22.304234911000094,primary_goal,8.6753022,18.9734347,2.685578,0.0,0.0,0.0,0.2498906144918635
1842,1791269150807922263,15083741132044,22.3139880810013,primary_goal,8.6753022,18.9734347,2.685578,0.0,0.0,0.0,0.2498906144918635
1843,1791269150817957477,15083751179094,22.324035131001438,primary_goal,8.6753022,18.9734347,2.685578,0.0,0.0,0.0,0.2498906144918635
1844,1791269150827980339,15083761297479,22.334153516001606,primary_goal,8.6753022,18.9734347,2.685578,0.0,0.0,0.0,0.2498906144918635
1845,1791269150838014685,15083771765547,22.34462158400129,primary_goal,8.6753022,18.9734347,2.685578,0.0,0.0,0.0,0.2498906144918635
1846,1791269150847908509,15083781625535,22.354481572001532,primary_goal,8.6753022,18.9734347,2.685578,0.0,0.0,0.0,0.2498906144918635
1847,1791269150858033409,15083791931550,22.364787587001047,primary_goal,8.6753022,18.9734347,2.685578,0.0,0.0,0.0,0.2498906144918635
1848,1791269150868043750,15083802126252,22.3749822890004,primary_goal,8.6753022,18.9734347,2.685578,0.0,0.0,0.0,0.2498906144918635
1849,1791269150878013431,15083811858443,22.384714480000184,primary_goal,8.6753022,18.9734347,2.685578,0.0,0.0,0.0,0.2498906144918635
1850,1791269150888114249,15083822099288,22.39495532500041,primary_goal,8.6753022,18.9734347,2.685578,0.0,0.0,0.0,0.2498906144918635
1851,1791269150897900400,15083831581890,22.40443792699989,primary_goal,8.6753022,18.9734347,2.685578,0.0,0.0,0.0,0.2498906144918635
1852,1791269150907897703,15083841207630,22.414063666999937,primary_goal,8.6753022,18.9734347,2.685578,0.0,0.0,0.0,0.2498906144918635
1853,1791269150917905885,15083851369922,22.424225959000978,primary_goal,8.6753022,18.9734347,2.685578,0.0,0.0,0.0,0.2498906144918635
1854,1791269150927948197,15083861332830,22.434188867000557,primary_goal,8.6753022,18.9734347,2.685578,0.0,0.0,0.0,0.2498906144918635
1855,1791269150937936298,15083871519016,22.44437505300084,primary_goal,8.6753022,18.9734347,2.685578,0.0,0.0,0.0,0.2498906144918635
1856,1791269150947923511,15083881677031,22.454533068001183,primary_goal,8.6753022,18.9734347,2.685578,0.0,0.0,0.0,0.2498906144918635
1857,1791269150958020619,15083891604040,22.464460077000695,primary_goal,8.6753022,18.9734347,2.685578,0.0,0.0,0.0,0.2498906144918635
1858,1791269150968029539,15083901865536,22.474721573000352,primary_goal,8.6753022,18.9734347,2.685578,0.0,0.0,0.0,0.2498906144918635
1859,1791269150977921842,15083911557735,22.484413772001062,primary_goal,8.6753022,18.9734347,2.685578,0.0,0.0,0.0,0.2498906144918635
1860,1791269150987922855,15083921786384,22.494642421001117,primary_goal,8.6753022,18.9734347,2.685578,0.0,0.0,0.0,0.2498906144918635
1861,1791269150997994666,15083931754800,22.504610837000655,primary_goal,8.6753022,18.9734347,2.685578,0.0,0.0,0.0,0.2498906144918635
1862,1791269151007862149,15083941149546,22.514005583001563,primary_goal,8.6753022,18.9734347,2.685578,0.0,0.0,0.0,0.2498906144918635
1863,1791269151017934168,15083951250101,22.524106138000207,primary_goal,8.6753022,18.9734347,2.685578,0.0,0.0,0.0,0.2498906144918635
1864,1791269151027943280,15083961196861,22.53405289800139,primary_goal,8.6753022,18.9734347,2.685578,0.0,0.0,0.0,0.2498906144918635
1865,1791269151037993142,15083971406715,22.544262752000577,primary_goal,8.6753022,18.9734347,2.685578,0.0,0.0,0.0,0.2498906144918635
1866,1791269151047910374,15083981443660,22.554299697001625,primary_goal,8.6753022,18.9734347,2.685578,0.0,0.0,0.0,0.2498906144918635
1867,1791269151057909190,15083991820915,22.56467695200081,primary_goal,8.6753022,18.9734347,2.685578,0.0,0.0,0.0,0.2498906144918635
1868,1791269151067920596,15084001846015,22.574702052001157,primary_goal,8.6753022,18.9734347,2.685578,0.0,0.0,0.0,0.2498906144918635
1869,1791269151077926848,15084011416057,22.58427209399997,primary_goal,8.6753022,18.9734347,2.685578,0.0,0.0,0.0,0.2498906144918635
1870,1791269151087923795,15084021702353,22.59455839000111,primary_goal,8.6753022,18.9734347,2.685578,0.0,0.0,0.0,0.2498906144918635
1871,1791269151097920690,15084031381274,22.60423731100127,primary_goal,8.6753022,18.9734347,2.685578,0.0,0.0,0.0,0.2498906144918635
1872,1791269151107908432,15084041153688,22.61400972500087,primary_goal,8.6753022,18.9734347,2.685578,0.0,0.0,0.0,0.2498906144918635
1873,1791269151117966940,15084051171397,22.62402743400162,primary_goal,8.6753022,18.9734347,2.685578,0.0,0.0,0.0,0.2498906144918635
1874,1791269151127903665,15084061045438,22.63390147500104,primary_goal,8.6753022,18.9734347,2.685578,0.0,0.0,0.0,0.2498906144918635
1875,1791269151137928813,15084071249091,22.644105127999865,primary_goal,8.6753022,18.9734347,2.685578,0.0,0.0,0.0,0.2498906144918635
1876,1791269151147918663,15084081798870,22.654654907000804,primary_goal,8.6753022,18.9734347,2.685578,0.0,0.0,0.0,0.2498906144918635
1877,1791269151157914152,15084092056338,22.664912375001222,primary_goal,8.6753022,18.9734347,2.685578,0.0,0.0,0.0,0.2498906144918635
1878,1791269151167912475,15084101589209,22.674445246000687,primary_goal,8.6753022,18.9734347,2.685578,0.0,0.0,0.0,0.2498906144918635
1879,1791269151177929878,15084111601691,22.68445772800078,primary_goal,8.6753022,18.9734347,2.685578,0.0,0.0,0.0,0.2498906144918635
1880,1791269151187911313,15084121811905,22.694667942001615,primary_goal,8.6753022,18.9734347,2.685578,0.0,0.0,0.0,0.2498906144918635
1881,1791269151197926722,15084131636530,22.70449256700158,primary_goal,8.6753022,18.9734347,2.685578,0.0,0.0,0.0,0.2498906144918635
1882,1791269151207862011,15084141136943,22.71399298000142,primary_goal,8.6753022,18.9734347,2.685578,0.0,0.0,0.0,0.2498906144918635
1883,1791269151217964308,15084151210859,22.724066896000295,primary_goal,8.6753022,18.9734347,2.685578,0.0,0.0,0.0,0.2498906144918635
1884,1791269151227935400,15084161243730,22.73409976699986,primary_goal,8.6753022,18.9734347,2.685578,0.0,0.0,0.0,0.2498906144918635
1885,1791269151237903425,15084171341583,22.744197620000705,primary_goal,8.6753022,18.9734347,2.685578,0.0,0.0,0.0,0.2498906144918635
1886,1791269151247928958,15084181524473,22.754380510001283,primary_goal,8.6753022,18.9734347,2.685578,0.0,0.0,0.0,0.2498906144918635
1887,1791269151257914815,15084191731837,22.764587874000426,primary_goal,8.6753022,18.9734347,2.685578,0.0,0.0,0.0,0.2498906144918635
1888,1791269151268048410,15084201935100,22.774791137000648,primary_goal,8.6753022,18.9734347,2.685578,0.0,0.0,0.0,0.2498906144918635
1889,1791269151277920051,15084211473755,22.78432979200079,primary_goal,8.6753022,18.9734347,2.685578,0.0,0.0,0.0,0.2498906144918635
1890,1791269151288043279,15084221808886,22.79466492300162,primary_goal,8.6753022,18.9734347,2.685578,0.0,0.0,0.0,0.2498906144918635
1891,1791269151297884885,15084231498459,22.804354496000087,primary_goal,8.6753022,18.9734347,2.685578,0.0,0.0,0.0,0.2498906144918635
1892,1791269151307904666,15084241112553,22.813968590000513,primary_goal,8.6753022,18.9734347,2.685578,0.0,0.0,0.0,0.2498906144918635
1893,1791269151317960896,15084251259749,22.82411578600113,primary_goal,8.6753022,18.9734347,2.685578,0.0,0.0,0.0,0.2498906144918635
1894,1791269151327957531,15084261293411,22.83414944800097,primary_goal,8.6753022,18.9734347,2.685578,0.0,0.0,0.0,0.2498906144918635
1895,1791269151337923079,15084271442033,22.84429807000015,primary_goal,8.6753022,18.9734347,2.685578,0.0,0.0,0.0,0.2498906144918635
1896,1791269151347920699,15084281608613,22.85446465000132,primary_goal,8.6753022,18.9734347,2.685578,0.0,0.0,0.0,0.2498906144918635
1897,1791269151357936979,15084291885162,22.86474119900049,primary_goal,8.6753022,18.9734347,2.685578,0.0,0.0,0.0,0.2498906144918635
1898,1791269151367900743,15084301511743,22.874367780001194,primary_goal,8.6753022,18.9734347,2.685578,0.0,0.0,0.0,0.2498906144918635
1899,1791269151377931035,15084311634842,22.884490879001532,primary_goal,8.6753022,18.9734347,2.685578,0.0,0.0,0.0,0.2498906144918635
1900,1791269151387915663,15084321830851,22.89468688800116,primary_goal,8.6753022,18.9734347,2.685578,0.0,0.0,0.0,0.2498906144918635
1901,1791269151397946338,15084331450721,22.90430675800053,primary_goal,8.6753022,18.9734347,2.685578,0.0,0.0,0.0,0.2498906144918635
1902,1791269151407866584,15084341169962,22.914025998999932,primary_goal,8.6753022,18.9734347,2.685578,0.0,0.0,0.0,0.2498906144918635
1903,1791269151417958549,15084351189432,22.924045469000703,primary_goal,8.6753022,18.9734347,2.685578,0.0,0.0,0.0,0.2498906144918635
1904,1791269151427940843,15084361298691,22.934154728000067,primary_goal,8.6753022,18.9734347,2.685578,0.0,0.0,0.0,0.2498906144918635
1905,1791269151437926641,15084371540883,22.944396920000145,primary_goal,8.6753022,18.9734347,2.685578,0.0,0.0,0.0,0.2498906144918635
1906,1791269151447928499,15084381740024,22.95459606100121,primary_goal,8.6753022,18.9734347,2.685578,0.0,0.0,0.0,0.2498906144918635
1907,1791269151458018237,15084391878924,22.96473496100043,primary_goal,8.6753022,18.9734347,2.685578,0.0,0.0,0.0,0.2498906144918635
1908,1791269151467921699,15084401805136,22.97466117300064,primary_goal,8.6753022,18.9734347,2.685578,0.0,0.0,0.0,0.2498906144918635
1909,1791269151477915090,15084411528949,22.984384986000805,primary_goal,8.6753022,18.9734347,2.685578,0.0,0.0,0.0,0.2498906144918635
1910,1791269151488054438,15084421949858,22.994805895001264,primary_goal,8.6753022,18.9734347,2.685578,0.0,0.0,0.0,0.2498906144918635
1911,1791269151497983055,15084431495164,23.004351201001555,primary_goal,8.6753022,18.9734347,2.685578,0.0,0.0,0.0,0.2498906144918635
1912,1791269151507854510,15084440989576,23.01384561300074,primary_goal,8.6753022,18.9734347,2.685578,0.0,0.0,0.0,0.2498906144918635
1913,1791269151517933174,15084451151400,23.024007437001274,primary_goal,8.6753022,18.9734347,2.685578,0.0,0.0,0.0,0.2498906144918635
1914,1791269151527930732,15084461102489,23.033958526000788,primary_goal,8.6753022,18.9734347,2.685578,0.0,0.0,0.0,0.2498906144918635
1915,1791269151537925273,15084471288846,23.044144883000627,primary_goal,8.6753022,18.9734347,2.685578,0.0,0.0,0.0,0.2498906144918635
1916,1791269151548031710,15084481496475,23.05435251200106,primary_goal,8.6753022,18.9734347,2.685578,0.0,0.0,0.0,0.2498906144918635
1917,1791269151557909798,15084491767894,23.064623931000824,primary_goal,8.6753022,18.9734347,2.685578,0.0,0.0,0.0,0.2498906144918635
1918,1791269151567917000,15084501826875,23.074682911999844,primary_goal,8.6753022,18.9734347,2.685578,0.0,0.0,0.0,0.2498906144918635
1919,1791269151577896401,15084511465739,23.08432177600116,primary_goal,8.6753022,18.9734347,2.685578,0.0,0.0,0.0,0.2498906144918635
1920,1791269151588046648,15084521797893,23.094653930000277,primary_goal,8.6753022,18.9734347,2.685578,0.0,0.0,0.0,0.2498906144918635
1921,1791269151597903321,15084531393763,23.104249800000616,primary_goal,8.6753022,18.9734347,2.685578,0.0,0.0,0.0,0.2498906144918635
1922,1791269151607894465,15084541138597,23.113994634000846,primary_goal,8.6753022,18.9734347,2.685578,0.0,0.0,0.0,0.2498906144918635
1923,1791269151617882895,15084551274894,23.124130931000764,primary_goal,8.6753022,18.9734347,2.685578,0.0,0.0,0.0,0.2498906144918635
1924,1791269151627910671,15084561277543,23.134133580000707,primary_goal,8.6753022,18.9734347,2.685578,0.0,0.0,0.0,0.2498906144918635
1925,1791269151637922683,15084571502232,23.144358269000804,primary_goal,8.6753022,18.9734347,2.685578,0.0,0.0,0.0,0.2498906144918635
1926,1791269151647943439,15084581511577,23.154367614000876,primary_goal,8.6753022,18.9734347,2.685578,0.0,0.0,0.0,0.2498906144918635
1927,1791269151657943259,15084591870282,23.164726319000692,primary_goal,8.6753022,18.9734347,2.685578,0.0,0.0,0.0,0.2498906144918635
1928,1791269151667993516,15084601929150,23.174785187000452,primary_goal,8.6753022,18.9734347,2.685578,0.0,0.0,0.0,0.2498906144918635
1929,1791269151677932999,15084611477783,23.184333820001484,primary_goal,8.6753022,18.9734347,2.685578,0.0,0.0,0.0,0.2498906144918635
1930,1791269151687974341,15084621767922,23.194623959001547,primary_goal,8.6753022,18.9734347,2.685578,0.0,0.0,0.0,0.2498906144918635
1931,1791269151697859391,15084631380343,23.20423638000102,primary_goal,8.6753022,18.9734347,2.685578,0.0,0.0,0.0,0.2498906144918635
1932,1791269151707896472,15084641192962,23.214048999001534,primary_goal,8.6753022,18.9734347,2.685578,0.0,0.0,0.0,0.2498906144918635
1933,1791269151717916180,15084651158951,23.224014987999908,primary_goal,8.6753022,18.9734347,2.685578,0.0,0.0,0.0,0.2498906144918635
1934,1791269151727937434,15084661303789,23.234159826000905,primary_goal,8.6753022,18.9734347,2.685578,0.0,0.0,0.0,0.2498906144918635
1935,1791269151737923780,15084671608845,23.244464882000102,primary_goal,8.6753022,18.9734347,2.685578,0.0,0.0,0.0,0.2498906144918635
1936,1791269151748009843,15084681644252,23.254500289000134,primary_goal,8.6753022,18.9734347,2.685578,0.0,0.0,0.0,0.2498906144918635
1937,1791269151758029590,15084691868214,23.2647242510011,primary_goal,8.6753022,18.9734347,2.685578,0.0,0.0,0.0,0.2498906144918635
1938,1791269151767919067,15084701335060,23.274191096999857,primary_goal,8.6753022,18.9734347,2.685578,0.0,0.0,0.0,0.2498906144918635
1939,1791269151777899174,15084711464820,23.28432085700115,primary_goal,8.6753022,18.9734347,2.685578,0.0,0.0,0.0,0.2498906144918635
1940,1791269151787952478,15084721936993,23.29479303000153,primary_goal,8.6753022,18.9734347,2.685578,0.0,0.0,0.0,0.2498906144918635
1941,1791269151797906264,15084731351538,23.304207574999964,primary_goal,8.6753022,18.9734347,2.685578,0.0,0.0,0.0,0.2498906144918635
1942,1791269151807884130,15084741112862,23.31396889900134,primary_goal,8.6753022,18.9734347,2.685578,0.0,0.0,0.0,0.2498906144918635
1943,1791269151817889588,15084751288586,23.324144623000393,primary_goal,8.6753022,18.9734347,2.685578,0.0,0.0,0.0,0.2498906144918635
1944,1791269151827927817,15084761202128,23.334058165000897,primary_goal,8.6753022,18.9734347,2.685578,0.0,0.0,0.0,0.2498906144918635
1945,1791269151837981345,15084771447510,23.34430354700089,primary_goal,8.6753022,18.9734347,2.685578,0.0,0.0,0.0,0.2498906144918635
1946,1791269151848019665,15084781825585,23.3546816220005,primary_goal,8.6753022,18.9734347,2.685578,0.0,0.0,0.0,0.2498906144918635
1947,1791269151857912998,15084791823550,23.364679587000865,primary_goal,8.6753022,18.9734347,2.685578,0.0,0.0,0.0,0.2498906144918635
1948,1791269151867911719,15084801710860,23.374566897000477,primary_goal,8.6753022,18.9734347,2.685578,0.0,0.0,0.0,0.2498906144918635
1949,1791269151877939274,15084811539849,23.384395886001585,primary_goal,8.6753022,18.9734347,2.685578,0.0,0.0,0.0,0.2498906144918635
1950,1791269151888027347,15084821682715,23.39453875200161,primary_goal,8.6753022,18.9734347,2.685578,0.0,0.0,0.0,0.2498906144918635
1951,1791269151897880357,15084831229467,23.40408550400025,primary_goal,8.6753022,18.9734347,2.685578,0.0,0.0,0.0,0.2498906144918635
1952,1791269151907883775,15084841016560,23.41387259700059,primary_goal,8.6753022,18.9734347,2.685578,0.0,0.0,0.0,0.2498906144918635
1953,1791269151917926787,15084851124754,23.42398079099985,primary_goal,8.6753022,18.9734347,2.685578,0.0,0.0,0.0,0.2498906144918635
1954,1791269151927917544,15084861247282,23.434103319001224,primary_goal,8.6753022,18.9734347,2.685578,0.0,0.0,0.0,0.2498906144918635
1955,1791269151938003344,15084871593456,23.44444949300123,primary_goal,8.6753022,18.9734347,2.685578,0.0,0.0,0.0,0.2498906144918635
1956,1791269151947909090,15084881510522,23.454366559000846,primary_goal,8.6753022,18.9734347,2.685578,0.0,0.0,0.0,0.2498906144918635
1957,1791269151957909770,15084891706863,23.4645629000006,primary_goal,8.6753022,18.9734347,2.685578,0.0,0.0,0.0,0.2498906144918635
1958,1791269151967903033,15084901380913,23.474236949999977,primary_goal,8.6753022,18.9734347,2.685578,0.0,0.0,0.0,0.2498906144918635
1959,1791269151977918080,15084911435521,23.484291558001132,primary_goal,8.6753022,18.9734347,2.685578,0.0,0.0,0.0,0.2498906144918635
1960,1791269151988034847,15084921876967,23.49473300400132,primary_goal,8.6753022,18.9734347,2.685578,0.0,0.0,0.0,0.2498906144918635
1961,1791269151997883995,15084931230015,23.504086052000275,primary_goal,8.6753022,18.9734347,2.685578,0.0,0.0,0.0,0.2498906144918635
1962,1791269152007890533,15084941039858,23.513895895001042,primary_goal,8.6753022,18.9734347,2.685578,0.0,0.0,0.0,0.2498906144918635
1963,1791269152017909410,15084950964564,23.523820600999898,primary_goal,8.6753022,18.9734347,2.685578,0.0,0.0,0.0,0.2498906144918635
1964,1791269152027906612,15084961025012,23.53388104900114,primary_goal,8.6753022,18.9734347,2.685578,0.0,0.0,0.0,0.2498906144918635
1965,1791269152037930181,15084971224569,23.544080606001444,primary_goal,8.6753022,18.9734347,2.685578,0.0,0.0,0.0,0.2498906144918635
1966,1791269152048016770,15084981595083,23.55445112000052,primary_goal,8.6753022,18.9734347,2.685578,0.0,0.0,0.0,0.2498906144918635
1967,1791269152058044032,15084991920461,23.564776498000356,primary_goal,8.6753022,18.9734347,2.685578,0.0,0.0,0.0,0.2498906144918635
1968,1791269152068019786,15085001858284,23.57471432100101,primary_goal,8.6753022,18.9734347,2.685578,0.0,0.0,0.0,0.2498906144918635
1969,1791269152077911779,15085011312954,23.584168991001206,primary_goal,8.6753022,18.9734347,2.685578,0.0,0.0,0.0,0.2498906144918635
1970,1791269152087915710,15085021762569,23.59461860600095,primary_goal,8.6753022,18.9734347,2.685578,0.0,0.0,0.0,0.2498906144918635
1971,1791269152097876614,15085031219033,23.604075070001272,primary_goal,8.6753022,18.9734347,2.685578,0.0,0.0,0.0,0.2498906144918635
1972,1791269152107886307,15085041032722,23.613888759000474,primary_goal,8.6753022,18.9734347,2.685578,0.0,0.0,0.0,0.2498906144918635
1973,1791269152117833119,15085050966749,23.623822786001256,primary_goal,8.6753022,18.9734347,2.685578,0.0,0.0,0.0,0.2498906144918635
1974,1791269152127922786,15085061125448,23.63398148500164,primary_goal,8.6753022,18.9734347,2.685578,0.0,0.0,0.0,0.2498906144918635
1975,1791269152137928814,15085071392057,23.64424809400043,primary_goal,8.6753022,18.9734347,2.685578,0.0,0.0,0.0,0.2498906144918635
1976,1791269152147896056,15085081399475,23.654255512001328,primary_goal,8.6753022,18.9734347,2.685578,0.0,0.0,0.0,0.2498906144918635
1977,1791269152158034985,15085091796147,23.66465218400117,primary_goal,8.6753022,18.9734347,2.685578,0.0,0.0,0.0,0.2498906144918635
1978,1791269152167909643,15085101631420,23.674487457001305,primary_goal,8.6753022,18.9734347,2.685578,0.0,0.0,0.0,0.2498906144918635
1979,1791269152178004925,15085111710106,23.684566143001575,primary_goal,8.6753022,18.9734347,2.685578,0.0,0.0,0.0,0.2498906144918635
1980,1791269152187899916,15085121726999,23.69458303600004,primary_goal,8.6753022,18.9734347,2.685578,0.0,0.0,0.0,0.2498906144918635
1981,1791269152197869875,15085131527341,23.704383378000784,primary_goal,8.6753022,18.9734347,2.685578,0.0,0.0,0.0,0.2498906144918635
1982,1791269152207839887,15085140925251,23.713781288000973,primary_goal,8.6753022,18.9734347,2.685578,0.0,0.0,0.0,0.2498906144918635
1983,1791269152217842682,15085151037710,23.723893747001057,primary_goal,8.6753022,18.9734347,2.685578,0.0,0.0,0.0,0.2498906144918635
1984,1791269152227909406,15085161162411,23.734018447999915,primary_goal,8.6753022,18.9734347,2.685578,0.0,0.0,0.0,0.2498906144918635
1985,1791269152237918852,15085171485013,23.744341050000003,primary_goal,8.6753022,18.9734347,2.685578,0.0,0.0,0.0,0.2498906144918635
1986,1791269152247903105,15085181564396,23.754420433000632,primary_goal,8.6753022,18.9734347,2.685578,0.0,0.0,0.0,0.2498906144918635
1987,1791269152257958494,15085191811154,23.764667191000626,primary_goal,8.6753022,18.9734347,2.685578,0.0,0.0,0.0,0.2498906144918635
1988,1791269152267882244,15085201687108,23.77454314500028,primary_goal,8.6753022,18.9734347,2.685578,0.0,0.0,0.0,0.2498906144918635
1989,1791269152277913833,15085211446115,23.784302152000237,primary_goal,8.6753022,18.9734347,2.685578,0.0,0.0,0.0,0.2498906144918635
1990,1791269152288071807,15085221905180,23.794761217000996,primary_goal,8.6753022,18.9734347,2.685578,0.0,0.0,0.0,0.2498906144918635
1991,1791269152297886535,15085231533476,23.804389513001297,primary_goal,8.6753022,18.9734347,2.685578,0.0,0.0,0.0,0.2498906144918635
1992,1791269152307946453,15085241224965,23.81408100200133,primary_goal,8.6753022,18.9734347,2.685578,0.0,0.0,0.0,0.2498906144918635
1993,1791269152317891588,15085251075482,23.823931519000325,primary_goal,8.6753022,18.9734347,2.685578,0.0,0.0,0.0,0.2498906144918635
1994,1791269152327917892,15085261169556,23.83402559300157,primary_goal,8.6753022,18.9734347,2.685578,0.0,0.0,0.0,0.2498906144918635
1995,1791269152337912032,15085271373873,23.84422991000065,primary_goal,8.6753022,18.9734347,2.685578,0.0,0.0,0.0,0.2498906144918635
1996,1791269152347887623,15085281554062,23.854410099000233,primary_goal,8.6753022,18.9734347,2.685578,0.0,0.0,0.0,0.2498906144918635
1997,1791269152357904676,15085291388269,23.864244306001638,primary_goal,8.6753022,18.9734347,2.685578,0.0,0.0,0.0,0.2498906144918635
1998,1791269152367890613,15085301488581,23.874344618001487,primary_goal,8.6753022,18.9734347,2.685578,0.0,0.0,0.0,0.2498906144918635
1999,1791269152377990457,15085311611508,23.884467545000007,primary_goal,8.6753022,18.9734347,2.685578,0.0,0.0,0.0,0.2498906144918635
2000,1791269152387879136,15085321206212,23.894062249000854,primary_goal,8.6753022,18.9734347,2.685578,0.0,0.0,0.0,0.2498906144918635
2001,1791269152397849773,15085331300027,23.904156064001654,primary_goal,8.6753022,18.9734347,2.685578,0.0,0.0,0.0,0.2498906144918635
2002,1791269152407872204,15085341240620,23.91409665700121,primary_goal,8.6753022,18.9734347,2.685578,0.0,0.0,0.0,0.2498906144918635
2003,1791269152417934592,15085351144321,23.92400035800165,primary_goal,8.6753022,18.9734347,2.685578,0.0,0.0,0.0,0.2498906144918635
2004,1791269152427898738,15085361229768,23.934085804999995,primary_goal,8.6753022,18.9734347,2.685578,0.0,0.0,0.0,0.2498906144918635
2005,1791269152437920631,15085371570360,23.944426396999916,primary_goal,8.6753022,18.9734347,2.685578,0.0,0.0,0.0,0.2498906144918635
2006,1791269152447917253,15085381664307,23.95452034400114,primary_goal,8.6753022,18.9734347,2.685578,0.0,0.0,0.0,0.2498906144918635
2007,1791269152458016840,15085392082722,23.964938759001598,primary_goal,8.6753022,18.9734347,2.685578,0.0,0.0,0.0,0.2498906144918635
2008,1791269152467913032,15085401195818,23.974051855000653,primary_goal,8.6753022,18.9734347,2.685578,0.0,0.0,0.0,0.2498906144918635
2009,1791269152477936892,15085411569059,23.98442509600136,primary_goal,8.6753022,18.9734347,2.685578,0.0,0.0,0.0,0.2498906144918635
2010,1791269152487977316,15085421897339,23.994753376000517,primary_goal,8.6753022,18.9734347,2.685578,0.0,0.0,0.0,0.2498906144918635
2011,1791269152497874700,15085431229608,24.004085645001396,primary_goal,8.6753022,18.9734347,2.685578,0.0,0.0,0.0,0.2498906144918635
2012,1791269152507877820,15085441210691,24.014066728001126,primary_goal,8.6753022,18.9734347,2.685578,0.0,0.0,0.0,0.2498906144918635
2013,1791269152517894847,15085451273395,24.024129432000336,primary_goal,8.6753022,18.9734347,2.685578,0.0,0.0,0.0,0.2498906144918635
2014,1791269152527852484,15085461154021,24.034010058001513,primary_goal,8.6753022,18.9734347,2.685578,0.0,0.0,0.0,0.2498906144918635
2015,1791269152537881154,15085471503448,24.044359485000314,primary_goal,8.6753022,18.9734347,2.685578,0.0,0.0,0.0,0.2498906144918635
2016,1791269152547916423,15085481606551,24.054462588001115,primary_goal,8.6753022,18.9734347,2.685578,0.0,0.0,0.0,0.2498906144918635
2017,1791269152557897007,15085491594529,24.064450566000232,primary_goal,8.6753022,18.9734347,2.685578,0.0,0.0,0.0,0.2498906144918635
2018,1791269152568017468,15085501689036,24.07454507300099,primary_goal,8.6753022,18.9734347,2.685578,0.0,0.0,0.0,0.2498906144918635
2019,1791269152577904508,15085511590017,24.08444605400109,primary_goal,8.6753022,18.9734347,2.685578,0.0,0.0,0.0,0.2498906144918635
2020,1791269152588102274,15085522072868,24.094928905000415,primary_goal,8.6753022,18.9734347,2.685578,0.0,0.0,0.0,0.2498906144918635
2021,1791269152597899747,15085531606475,24.10446251200119,primary_goal,8.6753022,18.9734347,2.685578,0.0,0.0,0.0,0.2498906144918635
2022,1791269152607875617,15085541275338,24.114131375001307,primary_goal,8.6753022,18.9734347,2.685578,0.0,0.0,0.0,0.2498906144918635
2023,1791269152617920955,15085551351936,24.12420797300001,primary_goal,8.6753022,18.9734347,2.685578,0.0,0.0,0.0,0.2498906144918635
2024,1791269152627897825,15085561329890,24.134185927001454,primary_goal,8.6753022,18.9734347,2.685578,0.0,0.0,0.0,0.2498906144918635
2025,1791269152637911911,15085571558769,24.144414805999986,primary_goal,8.6753022,18.9734347,2.685578,0.0,0.0,0.0,0.2498906144918635
2026,1791269152647949265,15085581564166,24.154420202999972,primary_goal,8.6753022,18.9734347,2.685578,0.0,0.0,0.0,0.2498906144918635
2027,1791269152657925151,15085591728465,24.164584502001162,primary_goal,8.6753022,18.9734347,2.685578,0.0,0.0,0.0,0.2498906144918635
2028,1791269152668023065,15085601715172,24.174571209001442,primary_goal,8.6753022,18.9734347,2.685578,0.0,0.0,0.0,0.2498906144918635
2029,1791269152677876566,15085611534608,24.18439064500126,primary_goal,8.6753022,18.9734347,2.685578,0.0,0.0,0.0,0.2498906144918635
2030,1791269152687953307,15085621737579,24.19459361600093,primary_goal,8.6753022,18.9734347,2.685578,0.0,0.0,0.0,0.2498906144918635
2031,1791269152697878687,15085631626807,24.204482844001177,primary_goal,8.6753022,18.9734347,2.685578,0.0,0.0,0.0,0.2498906144918635
2032,1791269152707873345,15085641334412,24.214190448999943,primary_goal,8.6753022,18.9734347,2.685578,0.0,0.0,0.0,0.2498906144918635
2033,1791269152717841637,15085651222303,24.224078340001142,primary_goal,8.6753022,18.9734347,2.685578,0.0,0.0,0.0,0.2498906144918635
2034,1791269152727909161,15085661311838,24.234167874999912,primary_goal,8.6753022,18.9734347,2.685578,0.0,0.0,0.0,0.2498906144918635
2035,1791269152737912622,15085671423230,24.24427926700082,primary_goal,8.6753022,18.9734347,2.685578,0.0,0.0,0.0,0.2498906144918635
2036,1791269152748068076,15085681829960,24.254685997000706,primary_goal,8.6753022,18.9734347,2.685578,0.0,0.0,0.0,0.2498906144918635
2037,1791269152757883343,15085691609150,24.264465187001406,primary_goal,8.6753022,18.9734347,2.685578,0.0,0.0,0.0,0.2498906144918635
2038,1791269152767962336,15085701731219,24.274587256000814,primary_goal,8.6753022,18.9734347,2.685578,0.0,0.0,0.0,0.2498906144918635
2039,1791269152777884711,15085711559474,24.284415511001498,primary_goal,8.6753022,18.9734347,2.685578,0.0,0.0,0.0,0.2498906144918635
2040,1791269152787897840,15085721788612,24.294644649000475,primary_goal,8.6753022,18.9734347,2.685578,0.0,0.0,0.0,0.2498906144918635
2041,1791269152797888767,15085731564997,24.30442103400128,primary_goal,8.6753022,18.9734347,2.685578,0.0,0.0,0.0,0.2498906144918635
2042,1791269152807862266,15085741209515,24.314065552000102,primary_goal,8.6753022,18.9734347,2.685578,0.0,0.0,0.0,0.2498906144918635
2043,1791269152817833711,15085751350467,24.324206504001268,primary_goal,8.6753022,18.9734347,2.685578,0.0,0.0,0.0,0.2498906144918635
2044,1791269152827919074,15085761093101,24.333949138001117,primary_goal,8.6753022,18.9734347,2.685578,0.0,0.0,0.0,0.2498906144918635
2045,1791269152837905364,15085771263876,24.344119913001123,primary_goal,8.6753022,18.9734347,2.685578,0.0,0.0,0.0,0.2498906144918635
2046,1791269152847887772,15085781649203,24.354505240000435,primary_goal,8.6753022,18.9734347,2.685578,0.0,0.0,0.0,0.2498906144918635
2047,1791269152858016199,15085791948589,24.364804626000478,primary_goal,8.6753022,18.9734347,2.685578,0.0,0.0,0.0,0.2498906144918635
2048,1791269152867994520,15085801864832,24.374720869000157,primary_goal,8.6753022,18.9734347,2.685578,0.0,0.0,0.0,0.2498906144918635
2049,1791269152878003413,15085811776722,24.384632758999942,primary_goal,8.6753022,18.9734347,2.685578,0.0,0.0,0.0,0.2498906144918635
2050,1791269152888029234,15085821577397,24.394433434001257,primary_goal,8.6753022,18.9734347,2.685578,0.0,0.0,0.0,0.2498906144918635
2051,1791269152897903641,15085831579786,24.404435823000313,primary_goal,8.6753022,18.9734347,2.685578,0.0,0.0,0.0,0.2498906144918635
2052,1791269152907877396,15085841221368,24.41407740500108,primary_goal,8.6753022,18.9734347,2.685578,0.0,0.0,0.0,0.2498906144918635
2053,1791269152917868710,15085851341898,24.424197935000848,primary_goal,8.6753022,18.9734347,2.685578,0.0,0.0,0.0,0.2498906144918635
2054,1791269152927903428,15085861207809,24.434063845999844,primary_goal,8.6753022,18.9734347,2.685578,0.0,0.0,0.0,0.2498906144918635
2055,1791269152938054239,15085871663081,24.444519118000244,primary_goal,8.6753022,18.9734347,2.685578,0.0,0.0,0.0,0.2498906144918635
2056,1791269152947920283,15085881429679,24.454285716001323,primary_goal,8.6753022,18.9734347,2.685578,0.0,0.0,0.0,0.2498906144918635
2057,1791269152957905533,15085891680405,24.46453644200119,primary_goal,8.6753022,18.9734347,2.685578,0.0,0.0,0.0,0.2498906144918635
2058,1791269152967898049,15085901605332,24.474461368999982,primary_goal,8.6753022,18.9734347,2.685578,0.0,0.0,0.0,0.2498906144918635
2059,1791269152977879450,15085911367844,24.484223881001526,primary_goal,8.6753022,18.9734347,2.685578,0.0,0.0,0.0,0.2498906144918635
2060,1791269152987880813,15085921601257,24.494457294000313,primary_goal,8.6753022,18.9734347,2.685578,0.0,0.0,0.0,0.2498906144918635
2061,1791269152997894400,15085931340170,24.50419620700086,primary_goal,8.6753022,18.9734347,2.685578,0.0,0.0,0.0,0.2498906144918635
2062,1791269153007885521,15085941070211,24.513926248000644,primary_goal,8.6753022,18.9734347,2.685578,0.0,0.0,0.0,0.2498906144918635
2063,1791269153017910588,15085951130236,24.523986273001356,primary_goal,8.6753022,18.9734347,2.685578,0.0,0.0,0.0,0.2498906144918635
2064,1791269153027898805,15085961159649,24.534015686000203,primary_goal,8.6753022,18.9734347,2.685578,0.0,0.0,0.0,0.2498906144918635
2065,1791269153037912216,15085971456326,24.544312363001154,primary_goal,8.6753022,18.9734347,2.685578,0.0,0.0,0.0,0.2498906144918635
2066,1791269153047946244,15085981421479,24.554277516001093,primary_goal,8.6753022,18.9734347,2.685578,0.0,0.0,0.0,0.2498906144918635
2067,1791269153057918655,15085991629092,24.564485128999877,primary_goal,8.6753022,18.9734347,2.685578,0.0,0.0,0.0,0.2498906144918635
2068,1791269153067961831,15086001827235,24.574683272001494,primary_goal,8.6753022,18.9734347,2.685578,0.0,0.0,0.0,0.2498906144918635
2069,1791269153077869452,15086011256554,24.58411259100103,primary_goal,8.6753022,18.9734347,2.685578,0.0,0.0,0.0,0.2498906144918635
2070,1791269153087893954,15086021540316,24.594396353000775,primary_goal,8.6753022,18.9734347,2.685578,0.0,0.0,0.0,0.2498906144918635
2071,1791269153097913552,15086031490410,24.604346447000353,primary_goal,8.6753022,18.9734347,2.685578,0.0,0.0,0.0,0.2498906144918635
2072,1791269153107885575,15086041117110,24.61397314700116,primary_goal,8.6753022,18.9734347,2.685578,0.0,0.0,0.0,0.2498906144918635
2073,1791269153117865620,15086051188425,24.62404446200162,primary_goal,8.6753022,18.9734347,2.685578,0.0,0.0,0.0,0.2498906144918635
2074,1791269153127902549,15086061493920,24.634349957001177,primary_goal,8.6753022,18.9734347,2.685578,0.0,0.0,0.0,0.2498906144918635
2075,1791269153137909146,15086071740607,24.644596644000558,primary_goal,8.6753022,18.9734347,2.685578,0.0,0.0,0.0,0.2498906144918635
2076,1791269153147897425,15086081384329,24.654240366000522,primary_goal,8.6753022,18.9734347,2.685578,0.0,0.0,0.0,0.2498906144918635
2077,1791269153157897070,15086091587885,24.66444392199992,primary_goal,8.6753022,18.9734347,2.685578,0.0,0.0,0.0,0.2498906144918635
2078,1791269153167890596,15086101706521,24.674562558000616,primary_goal,8.6753022,18.9734347,2.685578,0.0,0.0,0.0,0.2498906144918635
2079,1791269153177862781,15086111504213,24.68436025000119,primary_goal,8.6753022,18.9734347,2.685578,0.0,0.0,0.0,0.2498906144918635
2080,1791269153187985217,15086121666032,24.694522069001323,primary_goal,8.6753022,18.9734347,2.685578,0.0,0.0,0.0,0.2498906144918635
2081,1791269153197877917,15086131552579,24.704408616000364,primary_goal,8.6753022,18.9734347,2.685578,0.0,0.0,0.0,0.2498906144918635
2082,1791269153207890876,15086141121752,24.713977789000637,primary_goal,8.6753022,18.9734347,2.685578,0.0,0.0,0.0,0.2498906144918635
2083,1791269153217861974,15086151081219,24.72393725600159,primary_goal,8.6753022,18.9734347,2.685578,0.0,0.0,0.0,0.2498906144918635
2084,1791269153227927000,15086161174715,24.734030752000763,primary_goal,8.6753022,18.9734347,2.685578,0.0,0.0,0.0,0.2498906144918635
2085,1791269153237896195,15086171393175,24.744249212000796,primary_goal,8.6753022,18.9734347,2.685578,0.0,0.0,0.0,0.2498906144918635
2086,1791269153247878911,15086181467164,24.75432320100117,primary_goal,8.6753022,18.9734347,2.685578,0.0,0.0,0.0,0.2498906144918635
2087,1791269153258079521,15086191961685,24.76481772199986,primary_goal,8.6753022,18.9734347,2.685578,0.0,0.0,0.0,0.2498906144918635
2088,1791269153268021970,15086201557695,24.77441373200054,primary_goal,8.6753022,18.9734347,2.685578,0.0,0.0,0.0,0.2498906144918635
2089,1791269153277939788,15086211480556,24.784336593000262,primary_goal,8.6753022,18.9734347,2.685578,0.0,0.0,0.0,0.2498906144918635
2090,1791269153287889502,15086221696661,24.79455269800019,primary_goal,8.6753022,18.9734347,2.685578,0.0,0.0,0.0,0.2498906144918635
2091,1791269153297862190,15086231495617,24.80435165400013,primary_goal,8.6753022,18.9734347,2.685578,0.0,0.0,0.0,0.2498906144918635
2092,1791269153307863633,15086241180633,24.81403667000086,primary_goal,8.6753022,18.9734347,2.685578,0.0,0.0,0.0,0.2498906144918635
2093,1791269153317840721,15086251328740,24.824184777000482,primary_goal,8.6753022,18.9734347,2.685578,0.0,0.0,0.0,0.2498906144918635
2094,1791269153327869641,15086261171222,24.834027259001232,primary_goal,8.6753022,18.9734347,2.685578,0.0,0.0,0.0,0.2498906144918635
2095,1791269153337955279,15086271404577,24.84426061400154,primary_goal,8.6753022,18.9734347,2.685578,0.0,0.0,0.0,0.2498906144918635
2096,1791269153347848603,15086281318530,24.854174567000882,primary_goal,8.6753022,18.9734347,2.685578,0.0,0.0,0.0,0.2498906144918635
2097,1791269153357890420,15086291526137,24.86438217400064,primary_goal,8.6753022,18.9734347,2.685578,0.0,0.0,0.0,0.2498906144918635
2098,1791269153367905187,15086301817998,24.87467403500159,primary_goal,8.6753022,18.9734347,2.685578,0.0,0.0,0.0,0.2498906144918635
2099,1791269153377878028,15086311390885,24.884246921999875,primary_goal,8.6753022,18.9734347,2.685578,0.0,0.0,0.0,0.2498906144918635
2100,1791269153387874936,15086321555856,24.894411893001234,primary_goal,8.6753022,18.9734347,2.685578,0.0,0.0,0.0,0.2498906144918635
2101,1791269153397922411,15086331596945,24.904452982000294,primary_goal,8.6753022,18.9734347,2.685578,0.0,0.0,0.0,0.2498906144918635
2102,1791269153407883410,15086341383612,24.914239649000592,primary_goal,8.6753022,18.9734347,2.685578,0.0,0.0,0.0,0.2498906144918635
2103,1791269153417883091,15086351357706,24.92421374300102,primary_goal,8.6753022,18.9734347,2.685578,0.0,0.0,0.0,0.2498906144918635
2104,1791269153427922743,15086361175370,24.934031407001385,primary_goal,8.6753022,18.9734347,2.685578,0.0,0.0,0.0,0.2498906144918635
2105,1791269153437888984,15086371374849,24.944230886001606,primary_goal,8.6753022,18.9734347,2.685578,0.0,0.0,0.0,0.2498906144918635
2106,1791269153448036565,15086381685642,24.954541679000613,primary_goal,8.6753022,18.9734347,2.685578,0.0,0.0,0.0,0.2498906144918635
2107,1791269153458002925,15086391791926,24.96464796300097,primary_goal,8.6753022,18.9734347,2.685578,0.0,0.0,0.0,0.2498906144918635
2108,1791269153468013268,15086401601396,24.97445743300159,primary_goal,8.6753022,18.9734347,2.685578,0.0,0.0,0.0,0.2498906144918635
2109,1791269153477887544,15086411408512,24.984264549000727,primary_goal,8.6753022,18.9734347,2.685578,0.0,0.0,0.0,0.2498906144918635
2110,1791269153487891243,15086421586659,24.994442696000988,primary_goal,8.6753022,18.9734347,2.685578,0.0,0.0,0.0,0.2498906144918635
2111,1791269153498016596,15086431810895,25.004666931999964,primary_goal,8.6753022,18.9734347,2.685578,0.0,0.0,0.0,0.2498906144918635
2112,1791269153507868325,15086441348982,25.014205019000656,primary_goal,8.6753022,18.9734347,2.685578,0.0,0.0,0.0,0.2498906144918635
2113,1791269153518003549,15086451355557,25.024211594000008,primary_goal,8.6753022,18.9734347,2.685578,0.0,0.0,0.0,0.2498906144918635
2114,1791269153527978670,15086461307574,25.034163611000622,primary_goal,8.6753022,18.9734347,2.685578,0.0,0.0,0.0,0.2498906144918635
2115,1791269153537852630,15086471359373,25.044215410000106,primary_goal,8.6753022,18.9734347,2.685578,0.0,0.0,0.0,0.2498906144918635
2116,1791269153547885709,15086481582071,25.054438107999886,primary_goal,8.6753022,18.9734347,2.685578,0.0,0.0,0.0,0.2498906144918635
2117,1791269153557888942,15086491847714,25.064703751000707,primary_goal,8.6753022,18.9734347,2.685578,0.0,0.0,0.0,0.2498906144918635
2118,1791269153567895614,15086501786541,25.07464257799984,primary_goal,8.6753022,18.9734347,2.685578,0.0,0.0,0.0,0.2498906144918635
2119,1791269153577872287,15086511492210,25.08434824700089,primary_goal,8.6753022,18.9734347,2.685578,0.0,0.0,0.0,0.2498906144918635
2120,1791269153587860384,15086521496754,25.094352791000347,primary_goal,8.6753022,18.9734347,2.685578,0.0,0.0,0.0,0.2498906144918635
2121,1791269153598003615,15086531696207,25.104552243999933,primary_goal,8.6753022,18.9734347,2.685578,0.0,0.0,0.0,0.2498906144918635
2122,1791269153607970115,15086541245049,25.11410108600103,primary_goal,8.6753022,18.9734347,2.685578,0.0,0.0,0.0,0.2498906144918635
2123,1791269153617897454,15086551194885,25.124050922000606,primary_goal,8.6753022,18.9734347,2.685578,0.0,0.0,0.0,0.2498906144918635
2124,1791269153627937873,15086561280190,25.134136227001363,primary_goal,8.6753022,18.9734347,2.685578,0.0,0.0,0.0,0.2498906144918635
2125,1791269153637886166,15086571558850,25.144414887001403,primary_goal,8.6753022,18.9734347,2.685578,0.0,0.0,0.0,0.2498906144918635
2126,1791269153647877324,15086581493188,25.15434922500026,primary_goal,8.6753022,18.9734347,2.685578,0.0,0.0,0.0,0.2498906144918635
2127,1791269153657861152,15086591672664,25.164528701001473,primary_goal,8.6753022,18.9734347,2.685578,0.0,0.0,0.0,0.2498906144918635
2128,1791269153667898260,15086601928999,25.174785036000685,primary_goal,8.6753022,18.9734347,2.685578,0.0,0.0,0.0,0.2498906144918635
2129,1791269153677870794,15086611410876,25.1842669130001,primary_goal,8.6753022,18.9734347,2.685578,0.0,0.0,0.0,0.2498906144918635
2130,1791269153688018721,15086621707899,25.194563936000122,primary_goal,8.6753022,18.9734347,2.685578,0.0,0.0,0.0,0.2498906144918635
2131,1791269153697892768,15086631496413,25.204352450000442,primary_goal,8.6753022,18.9734347,2.685578,0.0,0.0,0.0,0.2498906144918635
2132,1791269153707856614,15086641074644,25.21393068100042,primary_goal,8.6753022,18.9734347,2.685578,0.0,0.0,0.0,0.2498906144918635
2133,1791269153717842339,15086651209558,25.224065595000866,primary_goal,8.6753022,18.9734347,2.685578,0.0,0.0,0.0,0.2498906144918635
2134,1791269153727858828,15086661175412,25.234031449001122,primary_goal,8.6753022,18.9734347,2.685578,0.0,0.0,0.0,0.2498906144918635
2135,1791269153737898597,15086671457551,25.244313588000296,primary_goal,8.6753022,18.9734347,2.685578,0.0,0.0,0.0,0.2498906144918635
2136,1791269153747868803,15086681388727,25.25424476400076,primary_goal,8.6753022,18.9734347,2.685578,0.0,0.0,0.0,0.2498906144918635
2137,1791269153757932745,15086691810845,25.26466688200162,primary_goal,8.6753022,18.9734347,2.685578,0.0,0.0,0.0,0.2498906144918635
2138,1791269153768028149,15086701901908,25.2747579450006,primary_goal,8.6753022,18.9734347,2.685578,0.0,0.0,0.0,0.2498906144918635
2139,1791269153777967778,15086711540818,25.284396855000523,primary_goal,8.6753022,18.9734347,2.685578,0.0,0.0,0.0,0.2498906144918635
2140,1791269153787889076,15086721789308,25.29464534500039,primary_goal,8.6753022,18.9734347,2.685578,0.0,0.0,0.0,0.2498906144918635
2141,1791269153797889630,15086731671238,25.30452727500051,primary_goal,8.6753022,18.9734347,2.685578,0.0,0.0,0.0,0.2498906144918635
2142,1791269153807853279,15086741121552,25.313977589001297,primary_goal,8.6753022,18.9734347,2.685578,0.0,0.0,0.0,0.2498906144918635
2143,1791269153817896402,15086751356899,25.32421293600055,primary_goal,8.6753022,18.9734347,2.685578,0.0,0.0,0.0,0.2498906144918635
2144,1791269153827885897,15086761222876,25.334078913001576,primary_goal,8.6753022,18.9734347,2.685578,0.0,0.0,0.0,0.2498906144918635
2145,1791269153837899032,15086771550804,25.34440684100082,primary_goal,8.6753022,18.9734347,2.685578,0.0,0.0,0.0,0.2498906144918635
2146,1791269153847913904,15086781549480,25.354405517000487,primary_goal,8.6753022,18.9734347,2.685578,0.0,0.0,0.0,0.2498906144918635
2147,1791269153857901761,15086791593193,25.3644492300009,primary_goal,8.6753022,18.9734347,2.685578,0.0,0.0,0.0,0.2498906144918635
2148,1791269153867884421,15086801860022,25.374716059001003,primary_goal,8.6753022,18.9734347,2.685578,0.0,0.0,0.0,0.2498906144918635
2149,1791269153877850842,15086811478605,25.384334641999885,primary_goal,8.6753022,18.9734347,2.685578,0.0,0.0,0.0,0.2498906144918635
2150,1791269153887929537,15086821830344,25.39468638100152,primary_goal,8.6753022,18.9734347,2.685578,0.0,0.0,0.0,0.2498906144918635
2151,1791269153897879857,15086831595220,25.40445125699989,primary_goal,8.6753022,18.9734347,2.685578,0.0,0.0,0.0,0.2498906144918635
2152,1791269153907868600,15086841365184,25.414221221000844,primary_goal,8.6753022,18.9734347,2.685578,0.0,0.0,0.0,0.2498906144918635
2153,1791269153917919841,15086851314639,25.424170676000358,primary_goal,8.6753022,18.9734347,2.685578,0.0,0.0,0.0,0.2498906144918635
2154,1791269153927898091,15086861213159,25.434069196000564,primary_goal,8.6753022,18.9734347,2.685578,0.0,0.0,0.0,0.2498906144918635
2155,1791269153937884901,15086871381886,25.4442379230004,primary_goal,8.6753022,18.9734347,2.685578,0.0,0.0,0.0,0.2498906144918635
2156,1791269153947863049,15086881613051,25.454469088001133,primary_goal,8.6753022,18.9734347,2.685578,0.0,0.0,0.0,0.2498906144918635
2157,1791269153957893590,15086891789487,25.464645523999934,primary_goal,8.6753022,18.9734347,2.685578,0.0,0.0,0.0,0.2498906144918635
2158,1791269153967903804,15086902119572,25.474975609000467,primary_goal,8.6753022,18.9734347,2.685578,0.0,0.0,0.0,0.2498906144918635
2159,1791269153977886538,15086911596460,25.484452497001257,primary_goal,8.6753022,18.9734347,2.685578,0.0,0.0,0.0,0.2498906144918635
2160,1791269153987905596,15086921932229,25.494788265999887,primary_goal,8.6753022,18.9734347,2.685578,0.0,0.0,0.0,0.2498906144918635
2161,1791269153997856417,15086931507375,25.504363412001112,primary_goal,8.6753022,18.9734347,2.685578,0.0,0.0,0.0,0.2498906144918635
2162,1791269154007865023,15086941188098,25.514044135001313,primary_goal,8.6753022,18.9734347,2.685578,0.0,0.0,0.0,0.2498906144918635
2163,1791269154017904727,15086951352689,25.524208726001234,primary_goal,8.6753022,18.9734347,2.685578,0.0,0.0,0.0,0.2498906144918635
2164,1791269154027891852,15086961173497,25.534029534001093,primary_goal,8.6753022,18.9734347,2.685578,0.0,0.0,0.0,0.2498906144918635
2165,1791269154037882301,15086971338921,25.544194957999935,primary_goal,8.6753022,18.9734347,2.685578,0.0,0.0,0.0,0.2498906144918635
2166,1791269154047887228,15086981524397,25.55438043400136,primary_goal,8.6753022,18.9734347,2.685578,0.0,0.0,0.0,0.2498906144918635
2167,1791269154057937694,15086991798209,25.564654245999918,primary_goal,8.6753022,18.9734347,2.685578,0.0,0.0,0.0,0.2498906144918635
2168,1791269154067946548,15087001920341,25.574776378000024,primary_goal,8.6753022,18.9734347,2.685578,0.0,0.0,0.0,0.2498906144918635
2169,1791269154077933018,15087011646860,25.584502897001585,primary_goal,8.6753022,18.9734347,2.685578,0.0,0.0,0.0,0.2498906144918635
2170,1791269154088113198,15087022045338,25.594901375001427,primary_goal,8.6753022,18.9734347,2.685578,0.0,0.0,0.0,0.2498906144918635
2171,1791269154097873123,15087031571804,25.60442784100087,primary_goal,8.6753022,18.9734347,2.685578,0.0,0.0,0.0,0.2498906144918635
2172,1791269154107828280,15087041404914,25.614260951000688,primary_goal,8.6753022,18.9734347,2.685578,0.0,0.0,0.0,0.2498906144918635
2173,1791269154117863019,15087051088975,25.62394501200106,primary_goal,8.6753022,18.9734347,2.685578,0.0,0.0,0.0,0.2498906144918635
2174,1791269154127891079,15087061157966,25.63401400300063,primary_goal,8.6753022,18.9734347,2.685578,0.0,0.0,0.0,0.2498906144918635
2175,1791269154137883298,15087071374845,25.644230882000556,primary_goal,8.6753022,18.9734347,2.685578,0.0,0.0,0.0,0.2498906144918635
2176,1791269154147875344,15087081425324,25.654281361001267,primary_goal,8.6753022,18.9734347,2.685578,0.0,0.0,0.0,0.2498906144918635
2177,1791269154157887974,15087091525156,25.664381193000736,primary_goal,8.6753022,18.9734347,2.685578,0.0,0.0,0.0,0.2498906144918635
2178,1791269154167890668,15087101702807,25.674558844000785,primary_goal,8.6753022,18.9734347,2.685578,0.0,0.0,0.0,0.2498906144918635
2179,1791269154177903218,15087111429957,25.684285994000675,primary_goal,8.6753022,18.9734347,2.685578,0.0,0.0,0.0,0.2498906144918635
2180,1791269154187922100,15087121539815,25.694395852000525,primary_goal,8.6753022,18.9734347,2.685578,0.0,0.0,0.0,0.2498906144918635
2181,1791269154197866873,15087131399034,25.70425507100117,primary_goal,8.6753022,18.9734347,2.685578,0.0,0.0,0.0,0.2498906144918635
2182,1791269154207856668,15087141014492,25.713870528999905,primary_goal,8.6753022,18.9734347,2.685578,0.0,0.0,0.0,0.2498906144918635
2183,1791269154217799824,15087151023004,25.723879041001055,primary_goal,8.6753022,18.9734347,2.685578,0.0,0.0,0.0,0.2498906144918635
2184,1791269154227921306,15087161194040,25.734050077000575,primary_goal,8.6753022,18.9734347,2.685578,0.0,0.0,0.0,0.2498906144918635
2185,1791269154237835845,15087171275830,25.74413186700076,primary_goal,8.6753022,18.9734347,2.685578,0.0,0.0,0.0,0.2498906144918635
2186,1791269154247874568,15087181528173,25.754384210000353,primary_goal,8.6753022,18.9734347,2.685578,0.0,0.0,0.0,0.2498906144918635
2187,1791269154257891491,15087191768675,25.764624712001023,primary_goal,8.6753022,18.9734347,2.685578,0.0,0.0,0.0,0.2498906144918635
2188,1791269154267873394,15087201530787,25.77438682400134,primary_goal,8.6753022,18.9734347,2.685578,0.0,0.0,0.0,0.2498906144918635
2189,1791269154277863579,15087211376700,25.78423273699991,primary_goal,8.6753022,18.9734347,2.685578,0.0,0.0,0.0,0.2498906144918635
2190,1791269154287890220,15087221639165,25.79449520200069,primary_goal,8.6753022,18.9734347,2.685578,0.0,0.0,0.0,0.2498906144918635
2191,1791269154297869631,15087231572505,25.804428542000096,primary_goal,8.6753022,18.9734347,2.685578,0.0,0.0,0.0,0.2498906144918635
2192,1791269154307846156,15087240896064,25.813752101001228,primary_goal,8.6753022,18.9734347,2.685578,0.0,0.0,0.0,0.2498906144918635
2193,1791269154317871706,15087251062413,25.823918450001656,primary_goal,8.6753022,18.9734347,2.685578,0.0,0.0,0.0,0.2498906144918635
2194,1791269154327916915,15087261132875,25.833988912001587,primary_goal,8.6753022,18.9734347,2.685578,0.0,0.0,0.0,0.2498906144918635
2195,1791269154337877473,15087271277535,25.84413357199992,primary_goal,8.6753022,18.9734347,2.685578,0.0,0.0,0.0,0.2498906144918635
2196,1791269154347908695,15087281430483,25.85428652000155,primary_goal,8.6753022,18.9734347,2.685578,0.0,0.0,0.0,0.2498906144918635
2197,1791269154357868527,15087291556422,25.86441245900096,primary_goal,8.6753022,18.9734347,2.685578,0.0,0.0,0.0,0.2498906144918635
2198,1791269154367873885,15087301656721,25.874512758000492,primary_goal,8.6753022,18.9734347,2.685578,0.0,0.0,0.0,0.2498906144918635
2199,1791269154377864505,15087311394305,25.884250342000087,primary_goal,8.6753022,18.9734347,2.685578,0.0,0.0,0.0,0.2498906144918635
2200,1791269154388039685,15087321763586,25.894619623000835,primary_goal,8.6753022,18.9734347,2.685578,0.0,0.0,0.0,0.2498906144918635
2201,1791269154397875276,15087331468158,25.9043241950003,primary_goal,8.6753022,18.9734347,2.685578,0.0,0.0,0.0,0.2498906144918635
2202,1791269154407852586,15087341238121,25.914094158000808,primary_goal,8.6753022,18.9734347,2.685578,0.0,0.0,0.0,0.2498906144918635
2203,1791269154417879294,15087351359007,25.924215044000448,primary_goal,8.6753022,18.9734347,2.685578,0.0,0.0,0.0,0.2498906144918635
2204,1791269154427845275,15087361221027,25.93407706400103,primary_goal,8.6753022,18.9734347,2.685578,0.0,0.0,0.0,0.2498906144918635
2205,1791269154437862904,15087371317019,25.94417305600109,primary_goal,8.6753022,18.9734347,2.685578,0.0,0.0,0.0,0.2498906144918635
2206,1791269154447858896,15087381223721,25.95407975800117,primary_goal,8.6753022,18.9734347,2.685578,0.0,0.0,0.0,0.2498906144918635
2207,1791269154457870274,15087391616909,25.96447294600148,primary_goal,8.6753022,18.9734347,2.685578,0.0,0.0,0.0,0.2498906144918635
2208,1791269154467867273,15087401742342,25.974598378999872,primary_goal,8.6753022,18.9734347,2.685578,0.0,0.0,0.0,0.2498906144918635
2209,1791269154477871912,15087411404755,25.984260791999986,primary_goal,8.6753022,18.9734347,2.685578,0.0,0.0,0.0,0.2498906144918635
2210,1791269154487875854,15087421712744,25.994568781001362,primary_goal,8.6753022,18.9734347,2.685578,0.0,0.0,0.0,0.2498906144918635
2211,1791269154497856124,15087431453722,26.004309759000535,primary_goal,8.6753022,18.9734347,2.685578,0.0,0.0,0.0,0.2498906144918635
2212,1791269154507852802,15087441187317,26.014043354000023,primary_goal,8.6753022,18.9734347,2.685578,0.0,0.0,0.0,0.2498906144918635
2213,1791269154517933392,15087451143602,26.023999639000976,primary_goal,8.6753022,18.9734347,2.685578,0.0,0.0,0.0,0.2498906144918635
2214,1791269154527926343,15087461180929,26.034036966000713,primary_goal,8.6753022,18.9734347,2.685578,0.0,0.0,0.0,0.2498906144918635
2215,1791269154537853454,15087471485372,26.04434140900048,primary_goal,8.6753022,18.9734347,2.685578,0.0,0.0,0.0,0.2498906144918635
2216,1791269154547877909,15087481350547,26.054206583999985,primary_goal,8.6753022,18.9734347,2.685578,0.0,0.0,0.0,0.2498906144918635
2217,1791269154557930270,15087491601856,26.064457893000508,primary_goal,8.6753022,18.9734347,2.685578,0.0,0.0,0.0,0.2498906144918635
2218,1791269154567927369,15087502181500,26.075037537000753,primary_goal,8.6753022,18.9734347,2.685578,0.0,0.0,0.0,0.2498906144918635
2219,1791269154577890321,15087511595543,26.08445157999995,primary_goal,8.6753022,18.9734347,2.685578,0.0,0.0,0.0,0.2498906144918635
2220,1791269154587889402,15087521681293,26.094537330000094,primary_goal,8.6753022,18.9734347,2.685578,0.0,0.0,0.0,0.2498906144918635
2221,1791269154597878970,15087531493234,26.10434927100141,primary_goal,8.6753022,18.9734347,2.685578,0.0,0.0,0.0,0.2498906144918635
2222,1791269154607844450,15087541201287,26.114057324000896,primary_goal,8.6753022,18.9734347,2.685578,0.0,0.0,0.0,0.2498906144918635
2223,1791269154617805061,15087551241036,26.124097073001394,primary_goal,8.6753022,18.9734347,2.685578,0.0,0.0,0.0,0.2498906144918635
2224,1791269154627881664,15087561467209,26.13432324600035,primary_goal,8.6753022,18.9734347,2.685578,0.0,0.0,0.0,0.2498906144918635
2225,1791269154637867585,15087571361230,26.144217267001295,primary_goal,8.6753022,18.9734347,2.685578,0.0,0.0,0.0,0.2498906144918635
2226,1791269154647914982,15087581435123,26.154291160000867,primary_goal,8.6753022,18.9734347,2.685578,0.0,0.0,0.0,0.2498906144918635
2227,1791269154657862255,15087591662280,26.16451831700033,primary_goal,8.6753022,18.9734347,2.685578,0.0,0.0,0.0,0.2498906144918635
2228,1791269154667822454,15087601295485,26.174151522000102,primary_goal,8.6753022,18.9734347,2.685578,0.0,0.0,0.0,0.2498906144918635
2229,1791269154677880363,15087611601215,26.184457252000357,primary_goal,8.6753022,18.9734347,2.685578,0.0,0.0,0.0,0.2498906144918635
2230,1791269154687881324,15087622049229,26.194905266000205,primary_goal,8.6753022,18.9734347,2.685578,0.0,0.0,0.0,0.2498906144918635
2231,1791269154697881760,15087631563814,26.20441985100115,primary_goal,8.6753022,18.9734347,2.685578,0.0,0.0,0.0,0.2498906144918635
2232,1791269154707803029,15087640984500,26.21384053700058,primary_goal,8.6753022,18.9734347,2.685578,0.0,0.0,0.0,0.2498906144918635
2233,1791269154717792704,15087651100683,26.223956720001297,primary_goal,8.6753022,18.9734347,2.685578,0.0,0.0,0.0,0.2498906144918635
2234,1791269154727891314,15087661168257,26.234024294000847,primary_goal,8.6753022,18.9734347,2.685578,0.0,0.0,0.0,0.2498906144918635
2235,1791269154737872355,15087671368318,26.24422435500128,primary_goal,8.6753022,18.9734347,2.685578,0.0,0.0,0.0,0.2498906144918635
2236,1791269154747854181,15087681485903,26.254341940000813,primary_goal,8.6753022,18.9734347,2.685578,0.0,0.0,0.0,0.2498906144918635
2237,1791269154757889621,15087691493454,26.264349491000758,primary_goal,8.6753022,18.9734347,2.685578,0.0,0.0,0.0,0.2498906144918635
2238,1791269154767863741,15087701783332,26.274639369001306,primary_goal,8.6753022,18.9734347,2.685578,0.0,0.0,0.0,0.2498906144918635
2239,1791269154777848347,15087711754282,26.28461031900042,primary_goal,8.6753022,18.9734347,2.685578,0.0,0.0,0.0,0.2498906144918635
2240,1791269154787882279,15087721740293,26.294596330000786,primary_goal,8.6753022,18.9734347,2.685578,0.0,0.0,0.0,0.2498906144918635
2241,1791269154797880421,15087731682191,26.304538228001547,primary_goal,8.6753022,18.9734347,2.685578,0.0,0.0,0.0,0.2498906144918635
2242,1791269154807840087,15087741102026,26.313958063001337,primary_goal,8.6753022,18.9734347,2.685578,0.0,0.0,0.0,0.2498906144918635
2243,1791269154817860327,15087751242867,26.324098904000493,primary_goal,8.6753022,18.9734347,2.685578,0.0,0.0,0.0,0.2498906144918635
2244,1791269154827909759,15087761110318,26.333966355001394,primary_goal,8.6753022,18.9734347,2.685578,0.0,0.0,0.0,0.2498906144918635
2245,1791269154837874603,15087771197953,26.344053990000248,primary_goal,8.6753022,18.9734347,2.685578,0.0,0.0,0.0,0.2498906144918635
2246,1791269154847869872,15087781472817,26.354328854000414,primary_goal,8.6753022,18.9734347,2.685578,0.0,0.0,0.0,0.2498906144918635
2247,1791269154857876664,15087791688111,26.364544148000277,primary_goal,8.6753022,18.9734347,2.685578,0.0,0.0,0.0,0.2498906144918635
2248,1791269154867871972,15087801467173,26.37432321000051,primary_goal,8.6753022,18.9734347,2.685578,0.0,0.0,0.0,0.2498906144918635
2249,1791269154877865835,15087811348410,26.38420444700023,primary_goal,8.6753022,18.9734347,2.685578,0.0,0.0,0.0,0.2498906144918635
2250,1791269154887975303,15087821572228,26.394428265000897,primary_goal,8.6753022,18.9734347,2.685578,0.0,0.0,0.0,0.2498906144918635
2251,1791269154897836132,15087831537432,26.404393468999842,primary_goal,8.6753022,18.9734347,2.685578,0.0,0.0,0.0,0.2498906144918635
2252,1791269154907839707,15087841045091,26.41390112800036,primary_goal,8.6753022,18.9734347,2.685578,0.0,0.0,0.0,0.2498906144918635
2253,1791269154917921353,15087851169362,26.42402539900104,primary_goal,8.6753022,18.9734347,2.685578,0.0,0.0,0.0,0.2498906144918635
2254,1791269154927895733,15087861099585,26.433955622000212,primary_goal,8.6753022,18.9734347,2.685578,0.0,0.0,0.0,0.2498906144918635
2255,1791269154937864652,15087871300574,26.444156610999926,primary_goal,8.6753022,18.9734347,2.685578,0.0,0.0,0.0,0.2498906144918635
2256,1791269154947861584,15087881418187,26.454274224000983,primary_goal,8.6753022,18.9734347,2.685578,0.0,0.0,0.0,0.2498906144918635
2257,1791269154957862521,15087891583721,26.46443975800139,primary_goal,8.6753022,18.9734347,2.685578,0.0,0.0,0.0,0.2498906144918635
2258,1791269154967891793,15087901772643,26.474628680000023,primary_goal,8.6753022,18.9734347,2.685578,0.0,0.0,0.0,0.2498906144918635
2259,1791269154977858076,15087911332144,26.484188181000718,primary_goal,8.6753022,18.9734347,2.685578,0.0,0.0,0.0,0.2498906144918635
2260,1791269154987873735,15087921657952,26.494513989000552,primary_goal,8.6753022,18.9734347,2.685578,0.0,0.0,0.0,0.2498906144918635
2261,1791269154997858964,15087931402407,26.504258444001607,primary_goal,8.6753022,18.9734347,2.685578,0.0,0.0,0.0,0.2498906144918635
2262,1791269155007837216,15087941047857,26.513903894001487,primary_goal,8.6753022,18.9734347,2.685578,0.0,0.0,0.0,0.2498906144918635
2263,1791269155017838690,15087951042931,26.52389896800014,primary_goal,8.6753022,18.9734347,2.685578,0.0,0.0,0.0,0.2498906144918635
2264,1791269155027900669,15087961246724,26.534102761001122,primary_goal,8.6753022,18.9734347,2.685578,0.0,0.0,0.0,0.2498906144918635
2265,1791269155037869752,15087971313103,26.54416914000103,primary_goal,8.6753022,18.9734347,2.685578,0.0,0.0,0.0,0.2498906144918635
2266,1791269155047892108,15087981435662,26.554291699001624,primary_goal,8.6753022,18.9734347,2.685578,0.0,0.0,0.0,0.2498906144918635
2267,1791269155057894484,15087991531539,26.564387576001536,primary_goal,8.6753022,18.9734347,2.685578,0.0,0.0,0.0,0.2498906144918635
2268,1791269155067858479,15088001577781,26.574433818001125,primary_goal,8.6753022,18.9734347,2.685578,0.0,0.0,0.0,0.2498906144918635
2269,1791269155077884487,15088011465779,26.584321816000738,primary_goal,8.6753022,18.9734347,2.685578,0.0,0.0,0.0,0.2498906144918635
2270,1791269155087916615,15088021618935,26.59447497200017,primary_goal,8.6753022,18.9734347,2.685578,0.0,0.0,0.0,0.2498906144918635
2271,1791269155097864905,15088031423014,26.60427905100005,primary_goal,8.6753022,18.9734347,2.685578,0.0,0.0,0.0,0.2498906144918635
2272,1791269155107819840,15088041027227,26.613883264000833,primary_goal,8.6753022,18.9734347,2.685578,0.0,0.0,0.0,0.2498906144918635
2273,1791269155117842221,15088051048138,26.62390417500137,primary_goal,8.6753022,18.9734347,2.685578,0.0,0.0,0.0,0.2498906144918635
2274,1791269155127886238,15088061060386,26.63391642300121,primary_goal,8.6753022,18.9734347,2.685578,0.0,0.0,0.0,0.2498906144918635
2275,1791269155137841956,15088071410807,26.644266844001322,primary_goal,8.6753022,18.9734347,2.685578,0.0,0.0,0.0,0.2498906144918635
2276,1791269155147860583,15088081527449,26.65438348600037,primary_goal,8.6753022,18.9734347,2.685578,0.0,0.0,0.0,0.2498906144918635
2277,1791269155157806592,15088091399553,26.66425559000163,primary_goal,8.6753022,18.9734347,2.685578,0.0,0.0,0.0,0.2498906144918635
2278,1791269155167823666,15088101370215,26.674226252000153,primary_goal,8.6753022,18.9734347,2.685578,0.0,0.0,0.0,0.2498906144918635
2279,1791269155177945457,15088111763877,26.684619913999995,primary_goal,8.6753022,18.9734347,2.685578,0.0,0.0,0.0,0.2498906144918635
2280,1791269155187844343,15088121470896,26.69432693300041,primary_goal,8.6753022,18.9734347,2.685578,0.0,0.0,0.0,0.2498906144918635
2281,1791269155197840152,15088131344136,26.704200173000572,primary_goal,8.6753022,18.9734347,2.685578,0.0,0.0,0.0,0.2498906144918635
2282,1791269155207806910,15088141177493,26.71403353000096,primary_goal,8.6753022,18.9734347,2.685578,0.0,0.0,0.0,0.2498906144918635
2283,1791269155217899001,15088151140367,26.72399640399999,primary_goal,8.6753022,18.9734347,2.685578,0.0,0.0,0.0,0.2498906144918635
2284,1791269155227886781,15088161107430,26.73396346700065,primary_goal,8.6753022,18.9734347,2.685578,0.0,0.0,0.0,0.2498906144918635
2285,1791269155237865752,15088171297207,26.7441532440007,primary_goal,8.6753022,18.9734347,2.685578,0.0,0.0,0.0,0.2498906144918635
2286,1791269155247982487,15088181688029,26.754544066001472,primary_goal,8.6753022,18.9734347,2.685578,0.0,0.0,0.0,0.2498906144918635
2287,1791269155257855559,15088191664062,26.764520099000947,primary_goal,8.6753022,18.9734347,2.685578,0.0,0.0,0.0,0.2498906144918635
2288,1791269155267854208,15088201479656,26.774335693000467,primary_goal,8.6753022,18.9734347,2.685578,0.0,0.0,0.0,0.2498906144918635
2289,1791269155277832117,15088211516960,26.7843729970009,primary_goal,8.6753022,18.9734347,2.685578,0.0,0.0,0.0,0.2498906144918635
2290,1791269155287969557,15088221690172,26.794546209001055,primary_goal,8.6753022,18.9734347,2.685578,0.0,0.0,0.0,0.2498906144918635
2291,1791269155297854044,15088231363649,26.80421968600058,primary_goal,8.6753022,18.9734347,2.685578,0.0,0.0,0.0,0.2498906144918635
2292,1791269155307831010,15088241069720,26.813925757000106,primary_goal,8.6753022,18.9734347,2.685578,0.0,0.0,0.0,0.2498906144918635
2293,1791269155317909290,15088251284284,26.824140321001323,primary_goal,8.6753022,18.9734347,2.685578,0.0,0.0,0.0,0.2498906144918635
2294,1791269155327861879,15088261199445,26.834055482000622,primary_goal,8.6753022,18.9734347,2.685578,0.0,0.0,0.0,0.2498906144918635
2295,1791269155337874043,15088271385466,26.844241503000376,primary_goal,8.6753022,18.9734347,2.685578,0.0,0.0,0.0,0.2498906144918635
2296,1791269155347898079,15088281505496,26.854361532999974,primary_goal,8.6753022,18.9734347,2.685578,0.0,0.0,0.0,0.2498906144918635
2297,1791269155357856382,15088291681153,26.864537190000192,primary_goal,8.6753022,18.9734347,2.685578,0.0,0.0,0.0,0.2498906144918635
2298,1791269155367855366,15088301738482,26.87459451900031,primary_goal,8.6753022,18.9734347,2.685578,0.0,0.0,0.0,0.2498906144918635
2299,1791269155377857753,15088311470963,26.884327000001576,primary_goal,8.6753022,18.9734347,2.685578,0.0,0.0,0.0,0.2498906144918635
2300,1791269155387851166,15088321675108,26.894531145000656,primary_goal,8.6753022,18.9734347,2.685578,0.0,0.0,0.0,0.2498906144918635
2301,1791269155397814436,15088331530497,26.904386534000878,primary_goal,8.6753022,18.9734347,2.685578,0.0,0.0,0.0,0.2498906144918635
2302,1791269155407834246,15088340934821,26.913790858001448,primary_goal,8.6753022,18.9734347,2.685578,0.0,0.0,0.0,0.2498906144918635
2303,1791269155417907537,15088351120539,26.923976576001223,primary_goal,8.6753022,18.9734347,2.685578,0.0,0.0,0.0,0.2498906144918635
2304,1791269155427866859,15088361064747,26.933920784000293,primary_goal,8.6753022,18.9734347,2.685578,0.0,0.0,0.0,0.2498906144918635
2305,1791269155437872681,15088371295374,26.944151411000348,primary_goal,8.6753022,18.9734347,2.685578,0.0,0.0,0.0,0.2498906144918635
2306,1791269155447825360,15088381543690,26.954399727001146,primary_goal,8.6753022,18.9734347,2.685578,0.0,0.0,0.0,0.2498906144918635
2307,1791269155457842473,15088391255384,26.96411142100078,primary_goal,8.6753022,18.9734347,2.685578,0.0,0.0,0.0,0.2498906144918635
2308,1791269155467843373,15088401456831,26.974312868000197,primary_goal,8.6753022,18.9734347,2.685578,0.0,0.0,0.0,0.2498906144918635
2309,1791269155477867944,15088411415132,26.98427116899984,primary_goal,8.6753022,18.9734347,2.685578,0.0,0.0,0.0,0.2498906144918635
2310,1791269155487896840,15088421648512,26.99450454900034,primary_goal,8.6753022,18.9734347,2.685578,0.0,0.0,0.0,0.2498906144918635
2311,1791269155497855690,15088431279049,27.004135086001043,primary_goal,8.6753022,18.9734347,2.685578,0.0,0.0,0.0,0.2498906144918635
2312,1791269155507826682,15088441026511,27.013882548000765,primary_goal,8.6753022,18.9734347,2.685578,0.0,0.0,0.0,0.2498906144918635
2313,1791269155517896023,15088451195673,27.024051710001004,primary_goal,8.6753022,18.9734347,2.685578,0.0,0.0,0.0,0.2498906144918635
2314,1791269155527865856,15088461195661,27.03405169800135,primary_goal,8.6753022,18.9734347,2.685578,0.0,0.0,0.0,0.2498906144918635
2315,1791269155537874924,15088471443841,27.044299877999947,primary_goal,8.6753022,18.9734347,2.685578,0.0,0.0,0.0,0.2498906144918635
2316,1791269155547867481,15088481532286,27.05438832300024,primary_goal,8.6753022,18.9734347,2.685578,0.0,0.0,0.0,0.2498906144918635
2317,1791269155557837544,15088491569223,27.06442526000137,primary_goal,8.6753022,18.9734347,2.685578,0.0,0.0,0.0,0.2498906144918635
2318,1791269155567829447,15088501810844,27.074666881000667,primary_goal,8.6753022,18.9734347,2.685578,0.0,0.0,0.0,0.2498906144918635
2319,1791269155577947740,15088511668237,27.084524274001524,primary_goal,8.6753022,18.9734347,2.685578,0.0,0.0,0.0,0.2498906144918635
2320,1791269155587878941,15088521591569,27.094447606001268,primary_goal,8.6753022,18.9734347,2.685578,0.0,0.0,0.0,0.2498906144918635
2321,1791269155597818278,15088531269744,27.10412578100113,primary_goal,8.6753022,18.9734347,2.685578,0.0,0.0,0.0,0.2498906144918635
2322,1791269155607792552,15088541144301,27.11400033800055,primary_goal,8.6753022,18.9734347,2.685578,0.0,0.0,0.0,0.2498906144918635
2323,1791269155617790081,15088551180474,27.124036511000668,primary_goal,8.6753022,18.9734347,2.685578,0.0,0.0,0.0,0.2498906144918635
2324,1791269155627864695,15088561221778,27.134077815000637,primary_goal,8.6753022,18.9734347,2.685578,0.0,0.0,0.0,0.2498906144918635
2325,1791269155637871350,15088571457796,27.144313833001434,primary_goal,8.6753022,18.9734347,2.685578,0.0,0.0,0.0,0.2498906144918635
2326,1791269155647881354,15088581472425,27.154328462000194,primary_goal,8.6753022,18.9734347,2.685578,0.0,0.0,0.0,0.2498906144918635
2327,1791269155657864990,15088591380889,27.16423692600074,primary_goal,8.6753022,18.9734347,2.685578,0.0,0.0,0.0,0.2498906144918635
2328,1791269155667879362,15088601625284,27.174481321000712,primary_goal,8.6753022,18.9734347,2.685578,0.0,0.0,0.0,0.2498906144918635
2329,1791269155677850883,15088611430291,27.18428632799987,primary_goal,8.6753022,18.9734347,2.685578,0.0,0.0,0.0,0.2498906144918635
2330,1791269155687846435,15088621760277,27.194616314000086,primary_goal,8.6753022,18.9734347,2.685578,0.0,0.0,0.0,0.2498906144918635
2331,1791269155697841145,15088631441714,27.204297751000922,primary_goal,8.6753022,18.9734347,2.685578,0.0,0.0,0.0,0.2498906144918635
2332,1791269155707811644,15088641070576,27.213926613001604,primary_goal,8.6753022,18.9734347,2.685578,0.0,0.0,0.0,0.2498906144918635
2333,1791269155717849321,15088651330022,27.224186059000203,primary_goal,8.6753022,18.9734347,2.685578,0.0,0.0,0.0,0.2498906144918635
2334,1791269155727859024,15088661149889,27.234005926000464,primary_goal,8.6753022,18.9734347,2.685578,0.0,0.0,0.0,0.2498906144918635
2335,1791269155737866658,15088671318998,27.244175035000808,primary_goal,8.6753022,18.9734347,2.685578,0.0,0.0,0.0,0.2498906144918635
2336,1791269155747912321,15088681645327,27.254501364001044,primary_goal,8.6753022,18.9734347,2.685578,0.0,0.0,0.0,0.2498906144918635
2337,1791269155757858995,15088691751764,27.26460780100024,primary_goal,8.6753022,18.9734347,2.685578,0.0,0.0,0.0,0.2498906144918635
2338,1791269155767862875,15088701777771,27.274633808001454,primary_goal,8.6753022,18.9734347,2.685578,0.0,0.0,0.0,0.2498906144918635
2339,1791269155777965273,15088711571943,27.284427980001055,primary_goal,8.6753022,18.9734347,2.685578,0.0,0.0,0.0,0.2498906144918635
2340,1791269155787866066,15088722042469,27.294898506001118,primary_goal,8.6753022,18.9734347,2.685578,0.0,0.0,0.0,0.2498906144918635
2341,1791269155797839207,15088731336256,27.304192293000597,primary_goal,8.6753022,18.9734347,2.685578,0.0,0.0,0.0,0.2498906144918635
2342,1791269155807821381,15088741225035,27.3140810720015,primary_goal,8.6753022,18.9734347,2.685578,0.0,0.0,0.0,0.2498906144918635
2343,1791269155817842411,15088751011092,27.323867129000064,primary_goal,8.6753022,18.9734347,2.685578,0.0,0.0,0.0,0.2498906144918635
2344,1791269155827868044,15088761167237,27.334023274001083,primary_goal,8.6753022,18.9734347,2.685578,0.0,0.0,0.0,0.2498906144918635
2345,1791269155837856089,15088771318447,27.344174484000177,primary_goal,8.6753022,18.9734347,2.685578,0.0,0.0,0.0,0.2498906144918635
2346,1791269155847859845,15088781372759,27.354228796000825,primary_goal,8.6753022,18.9734347,2.685578,0.0,0.0,0.0,0.2498906144918635
2347,1791269155857848349,15088791690737,27.3645467740007,primary_goal,8.6753022,18.9734347,2.685578,0.0,0.0,0.0,0.2498906144918635
2348,1791269155867878270,15088801495410,27.374351447000663,primary_goal,8.6753022,18.9734347,2.685578,0.0,0.0,0.0,0.2498906144918635
2349,1791269155877854363,15088811373381,27.38422941800127,primary_goal,8.6753022,18.9734347,2.685578,0.0,0.0,0.0,0.2498906144918635
2350,1791269155887903740,15088821924925,27.394780962000368,primary_goal,8.6753022,18.9734347,2.685578,0.0,0.0,0.0,0.2498906144918635
2351,1791269155897847154,15088831388402,27.40424443900156,primary_goal,8.6753022,18.9734347,2.685578,0.0,0.0,0.0,0.2498906144918635
2352,1791269155907844240,15088841111478,27.413967514999968,primary_goal,8.6753022,18.9734347,2.685578,0.0,0.0,0.0,0.2498906144918635
2353,1791269155917864443,15088851123285,27.423979322000378,primary_goal,8.6753022,18.9734347,2.685578,0.0,0.0,0.0,0.2498906144918635
2354,1791269155927850131,15088861297795,27.434153832000447,primary_goal,8.6753022,18.9734347,2.685578,0.0,0.0,0.0,0.2498906144918635
2355,1791269155937858265,15088871392622,27.44424865900146,primary_goal,8.6753022,18.9734347,2.685578,0.0,0.0,0.0,0.2498906144918635
2356,1791269155947829662,15088881267759,27.454123796000204,primary_goal,8.6753022,18.9734347,2.685578,0.0,0.0,0.0,0.2498906144918635
2357,1791269155957910197,15088891766830,27.4646228670008,primary_goal,8.6753022,18.9734347,2.685578,0.0,0.0,0.0,0.2498906144918635
2358,1791269155967849646,15088901762929,27.47461896599998,primary_goal,8.6753022,18.9734347,2.685578,0.0,0.0,0.0,0.2498906144918635
2359,1791269155977856022,15088911421564,27.48427760100094,primary_goal,8.6753022,18.9734347,2.685578,0.0,0.0,0.0,0.2498906144918635
2360,1791269155987862415,15088921763571,27.494619607999994,primary_goal,8.6753022,18.9734347,2.685578,0.0,0.0,0.0,0.2498906144918635
2361,1791269155997862385,15088931488445,27.504344482000306,primary_goal,8.6753022,18.9734347,2.685578,0.0,0.0,0.0,0.2498906144918635
2362,1791269156007833749,15088941061106,27.51391714300007,primary_goal,8.6753022,18.9734347,2.685578,0.0,0.0,0.0,0.2498906144918635
2363,1791269156017835080,15088950995258,27.523851294999986,primary_goal,8.6753022,18.9734347,2.685578,0.0,0.0,0.0,0.2498906144918635
2364,1791269156027899735,15088961158914,27.534014951001154,primary_goal,8.6753022,18.9734347,2.685578,0.0,0.0,0.0,0.2498906144918635
2365,1791269156037830497,15088971362443,27.54421848000129,primary_goal,8.6753022,18.9734347,2.685578,0.0,0.0,0.0,0.2498906144918635
2366,1791269156047858747,15088981793877,27.554649914000038,primary_goal,8.6753022,18.9734347,2.685578,0.0,0.0,0.0,0.2498906144918635
2367,1791269156057855824,15088991446883,27.564302920000046,primary_goal,8.6753022,18.9734347,2.685578,0.0,0.0,0.0,0.2498906144918635
2368,1791269156067847145,15089001475313,27.574331350000648,primary_goal,8.6753022,18.9734347,2.685578,0.0,0.0,0.0,0.2498906144918635
2369,1791269156077823505,15089011578849,27.584434886000963,primary_goal,8.6753022,18.9734347,2.685578,0.0,0.0,0.0,0.2498906144918635
2370,1791269156087841602,15089021769549,27.594625585999893,primary_goal,8.6753022,18.9734347,2.685578,0.0,0.0,0.0,0.2498906144918635
2371,1791269156097864851,15089031463216,27.60431925300145,primary_goal,8.6753022,18.9734347,2.685578,0.0,0.0,0.0,0.2498906144918635
2372,1791269156107847436,15089041073488,27.613929525001367,primary_goal,8.6753022,18.9734347,2.685578,0.0,0.0,0.0,0.2498906144918635
2373,1791269156117839424,15089051329207,27.624185244001637,primary_goal,8.6753022,18.9734347,2.685578,0.0,0.0,0.0,0.2498906144918635
2374,1791269156127850472,15089061073811,27.63392984800157,primary_goal,8.6753022,18.9734347,2.685578,0.0,0.0,0.0,0.2498906144918635
2375,1791269156137885143,15089071327424,27.644183461001376,primary_goal,8.6753022,18.9734347,2.685578,0.0,0.0,0.0,0.2498906144918635
2376,1791269156147859388,15089081482906,27.654338943000766,primary_goal,8.6753022,18.9734347,2.685578,0.0,0.0,0.0,0.2498906144918635
2377,1791269156157861710,15089091889315,27.664745351999954,primary_goal,8.6753022,18.9734347,2.685578,0.0,0.0,0.0,0.2498906144918635
2378,1791269156167852108,15089101680973,27.674537010001586,primary_goal,8.6753022,18.9734347,2.685578,0.0,0.0,0.0,0.2498906144918635
2379,1791269156177861998,15089111460874,27.684316911001588,primary_goal,8.6753022,18.9734347,2.685578,0.0,0.0,0.0,0.2498906144918635
2380,1791269156187851368,15089121652435,27.69450847200096,primary_goal,8.6753022,18.9734347,2.685578,0.0,0.0,0.0,0.2498906144918635
2381,1791269156197882250,15089131465782,27.704321819001052,primary_goal,8.6753022,18.9734347,2.685578,0.0,0.0,0.0,0.2498906144918635
2382,1791269156207841649,15089140997301,27.713853338000263,primary_goal,8.6753022,18.9734347,2.685578,0.0,0.0,0.0,0.2498906144918635
2383,1791269156217844811,15089151139231,27.72399526800109,primary_goal,8.6753022,18.9734347,2.685578,0.0,0.0,0.0,0.2498906144918635
2384,1791269156227889639,15089161361289,27.734217326000362,primary_goal,8.6753022,18.9734347,2.685578,0.0,0.0,0.0,0.2498906144918635
2385,1791269156237864577,15089171698115,27.744554152001,primary_goal,8.6753022,18.9734347,2.685578,0.0,0.0,0.0,0.2498906144918635
2386,1791269156247832595,15089181288402,27.75414443900081,primary_goal,8.6753022,18.9734347,2.685578,0.0,0.0,0.0,0.2498906144918635
2387,1791269156257843455,15089191528331,27.76438436800163,primary_goal,8.6753022,18.9734347,2.685578,0.0,0.0,0.0,0.2498906144918635
2388,1791269156267842672,15089201583657,27.774439694001558,primary_goal,8.6753022,18.9734347,2.685578,0.0,0.0,0.0,0.2498906144918635
2389,1791269156277841515,15089211648011,27.7845040480006,primary_goal,8.6753022,18.9734347,2.685578,0.0,0.0,0.0,0.2498906144918635
2390,1791269156287867637,15089221802187,27.79465822400016,primary_goal,8.6753022,18.9734347,2.685578,0.0,0.0,0.0,0.2498906144918635
2391,1791269156297882953,15089231651902,27.80450793900127,primary_goal,8.6753022,18.9734347,2.685578,0.0,0.0,0.0,0.2498906144918635
2392,1791269156307829084,15089241188343,27.81404438000027,primary_goal,8.6753022,18.9734347,2.685578,0.0,0.0,0.0,0.2498906144918635
2393,1791269156317813489,15089251080814,27.823936851000326,primary_goal,8.6753022,18.9734347,2.685578,0.0,0.0,0.0,0.2498906144918635
2394,1791269156327890863,15089260999779,27.833855816001233,primary_goal,8.6753022,18.9734347,2.685578,0.0,0.0,0.0,0.2498906144918635
2395,1791269156337843819,15089271112648,27.843968685001528,primary_goal,8.6753022,18.9734347,2.685578,0.0,0.0,0.0,0.2498906144918635
2396,1791269156347847334,15089281174551,27.85403058800148,primary_goal,8.6753022,18.9734347,2.685578,0.0,0.0,0.0,0.2498906144918635
2397,1791269156357861045,15089291495318,27.864351355001418,primary_goal,8.6753022,18.9734347,2.685578,0.0,0.0,0.0,0.2498906144918635
2398,1791269156367860553,15089301780572,27.874636608999936,primary_goal,8.6753022,18.9734347,2.685578,0.0,0.0,0.0,0.2498906144918635
2399,1791269156377839087,15089311353094,27.884209131001626,primary_goal,8.6753022,18.9734347,2.685578,0.0,0.0,0.0,0.2498906144918635
2400,1791269156387854655,15089321749984,27.894606021000072,primary_goal,8.6753022,18.9734347,2.685578,0.0,0.0,0.0,0.2498906144918635
2401,1791269156397877412,15089331489714,27.90434575100153,primary_goal,8.6753022,18.9734347,2.685578,0.0,0.0,0.0,0.2498906144918635
2402,1791269156407855204,15089341168022,27.91402405900044,primary_goal,8.6753022,18.9734347,2.685578,0.0,0.0,0.0,0.2498906144918635
2403,1791269156417813959,15089350998278,27.923854315000426,primary_goal,8.6753022,18.9734347,2.685578,0.0,0.0,0.0,0.2498906144918635
2404,1791269156427893521,15089361168832,27.934024869000496,primary_goal,8.6753022,18.9734347,2.685578,0.0,0.0,0.0,0.2498906144918635
2405,1791269156437851833,15089371333538,27.944189575000564,primary_goal,8.6753022,18.9734347,2.685578,0.0,0.0,0.0,0.2498906144918635
2406,1791269156447877557,15089381466174,27.954322211000544,primary_goal,8.6753022,18.9734347,2.685578,0.0,0.0,0.0,0.2498906144918635
2407,1791269156457851511,15089391415092,27.964271129001645,primary_goal,8.6753022,18.9734347,2.685578,0.0,0.0,0.0,0.2498906144918635
2408,1791269156467803757,15089401424948,27.974280985001315,primary_goal,8.6753022,18.9734347,2.685578,0.0,0.0,0.0,0.2498906144918635
2409,1791269156477835416,15089411469287,27.984325324001475,primary_goal,8.6753022,18.9734347,2.685578,0.0,0.0,0.0,0.2498906144918635
2410,1791269156487850950,15089421433429,27.994289466001646,primary_goal,8.6753022,18.9734347,2.685578,0.0,0.0,0.0,0.2498906144918635
2411,1791269156497830325,15089431653350,28.004509387001235,primary_goal,8.6753022,18.9734347,2.685578,0.0,0.0,0.0,0.2498906144918635
2412,1791269156507819290,15089441224278,28.014080315000683,primary_goal,8.6753022,18.9734347,2.685578,0.0,0.0,0.0,0.2498906144918635
2413,1791269156517868960,15089451366593,28.024222630001532,primary_goal,8.6753022,18.9734347,2.685578,0.0,0.0,0.0,0.2498906144918635
2414,1791269156527877884,15089461264307,28.034120344000257,primary_goal,8.6753022,18.9734347,2.685578,0.0,0.0,0.0,0.2498906144918635
2415,1791269156537832172,15089471476765,28.04433280200101,primary_goal,8.6753022,18.9734347,2.685578,0.0,0.0,0.0,0.2498906144918635
2416,1791269156547898485,15089481322889,28.05417892600053,primary_goal,8.6753022,18.9734347,2.685578,0.0,0.0,0.0,0.2498906144918635
2417,1791269156557836093,15089491669922,28.064525959000093,primary_goal,8.6753022,18.9734347,2.685578,0.0,0.0,0.0,0.2498906144918635
2418,1791269156567849387,15089501662714,28.07451875100014,primary_goal,8.6753022,18.9734347,2.685578,0.0,0.0,0.0,0.2498906144918635
2419,1791269156577870832,15089511438620,28.08429465700101,primary_goal,8.6753022,18.9734347,2.685578,0.0,0.0,0.0,0.2498906144918635
2420,1791269156587813595,15089521546877,28.094402914000966,primary_goal,8.6753022,18.9734347,2.685578,0.0,0.0,0.0,0.2498906144918635
2421,1791269156597830179,15089531424824,28.104280861000007,primary_goal,8.6753022,18.9734347,2.685578,0.0,0.0,0.0,0.2498906144918635
2422,1791269156607928330,15089541325102,28.11418113900072,primary_goal,8.6753022,18.9734347,2.685578,0.0,0.0,0.0,0.2498906144918635
2423,1791269156617877133,15089551299057,28.124155094001253,primary_goal,8.6753022,18.9734347,2.685578,0.0,0.0,0.0,0.2498906144918635
2424,1791269156627942568,15089561299024,28.134155061001366,primary_goal,8.6753022,18.9734347,2.685578,0.0,0.0,0.0,0.2498906144918635
2425,1791269156637838637,15089571591743,28.14444778000143,primary_goal,8.6753022,18.9734347,2.685578,0.0,0.0,0.0,0.2498906144918635
2426,1791269156647837575,15089581449242,28.154305279000255,primary_goal,8.6753022,18.9734347,2.685578,0.0,0.0,0.0,0.2498906144918635
2427,1791269156657834684,15089591529570,28.16438560700044,primary_goal,8.6753022,18.9734347,2.685578,0.0,0.0,0.0,0.2498906144918635
2428,1791269156667843659,15089601611900,28.174467937000372,primary_goal,8.6753022,18.9734347,2.685578,0.0,0.0,0.0,0.2498906144918635
2429,1791269156677839185,15089611421604,28.184277641001245,primary_goal,8.6753022,18.9734347,2.685578,0.0,0.0,0.0,0.2498906144918635
2430,1791269156687842868,15089621546702,28.194402738999997,primary_goal,8.6753022,18.9734347,2.685578,0.0,0.0,0.0,0.2498906144918635
2431,1791269156697831164,15089631520352,28.20437638900148,primary_goal,8.6753022,18.9734347,2.685578,0.0,0.0,0.0,0.2498906144918635
2432,1791269156707829814,15089641139965,28.213996002001295,primary_goal,8.6753022,18.9734347,2.685578,0.0,0.0,0.0,0.2498906144918635
2433,1791269156717814214,15089651226659,28.22408269600055,primary_goal,8.6753022,18.9734347,2.685578,0.0,0.0,0.0,0.2498906144918635
2434,1791269156727809488,15089661250956,28.23410699300075,primary_goal,8.6753022,18.9734347,2.685578,0.0,0.0,0.0,0.2498906144918635
2435,1791269156737863309,15089671543085,28.244399122000686,primary_goal,8.6753022,18.9734347,2.685578,0.0,0.0,0.0,0.2498906144918635
2436,1791269156747864544,15089682270884,28.255126921001647,primary_goal,8.6753022,18.9734347,2.685578,0.0,0.0,0.0,0.2498906144918635
2437,1791269156757849967,15089691764088,28.264620125000874,primary_goal,8.6753022,18.9734347,2.685578,0.0,0.0,0.0,0.2498906144918635
2438,1791269156767841230,15089701512351,28.274368387999857,primary_goal,8.6753022,18.9734347,2.685578,0.0,0.0,0.0,0.2498906144918635
2439,1791269156777885880,15089711630803,28.28448684000068,primary_goal,8.6753022,18.9734347,2.685578,0.0,0.0,0.0,0.2498906144918635
2440,1791269156787834025,15089721525153,28.294381190000422,primary_goal,8.6753022,18.9734347,2.685578,0.0,0.0,0.0,0.2498906144918635
2441,1791269156797814107,15089731597990,28.304454027000247,primary_goal,8.6753022,18.9734347,2.685578,0.0,0.0,0.0,0.2498906144918635
2442,1791269156807841091,15089741238532,28.3140945690011,primary_goal,8.6753022,18.9734347,2.685578,0.0,0.0,0.0,0.2498906144918635
2443,1791269156817871616,15089751151063,28.324007100000017,primary_goal,8.6753022,18.9734347,2.685578,0.0,0.0,0.0,0.2498906144918635
2444,1791269156827886712,15089761207615,28.334063652000623,primary_goal,8.6753022,18.9734347,2.685578,0.0,0.0,0.0,0.2498906144918635
2445,1791269156837822418,15089771392365,28.34424840200154,primary_goal,8.6753022,18.9734347,2.685578,0.0,0.0,0.0,0.2498906144918635
2446,1791269156847821021,15089781322209,28.35417824600154,primary_goal,8.6753022,18.9734347,2.685578,0.0,0.0,0.0,0.2498906144918635
2447,1791269156857839257,15089791662193,28.364518230000613,primary_goal,8.6753022,18.9734347,2.685578,0.0,0.0,0.0,0.2498906144918635
2448,1791269156867833172,15089801419481,28.374275518001014,primary_goal,8.6753022,18.9734347,2.685578,0.0,0.0,0.0,0.2498906144918635
2449,1791269156877802726,15089811538255,28.38439429200116,primary_goal,8.6753022,18.9734347,2.685578,0.0,0.0,0.0,0.2498906144918635
2450,1791269156887819366,15089821770836,28.39462687300147,primary_goal,8.6753022,18.9734347,2.685578,0.0,0.0,0.0,0.2498906144918635
2451,1791269156897820712,15089831652744,28.404508781000914,primary_goal,8.6753022,18.9734347,2.685578,0.0,0.0,0.0,0.2498906144918635
2452,1791269156907844463,15089841155295,28.414011332000882,primary_goal,8.6753022,18.9734347,2.685578,0.0,0.0,0.0,0.2498906144918635
2453,1791269156917860380,15089851378042,28.4242340790006,primary_goal,8.6753022,18.9734347,2.685578,0.0,0.0,0.0,0.2498906144918635
2454,1791269156927926850,15089861180675,28.434036712000307,primary_goal,8.6753022,18.9734347,2.685578,0.0,0.0,0.0,0.2498906144918635
2455,1791269156937889335,15089871366111,28.444222148000335,primary_goal,8.6753022,18.9734347,2.685578,0.0,0.0,0.0,0.2498906144918635
2456,1791269156947855742,15089881566633,28.454422669999985,primary_goal,8.6753022,18.9734347,2.685578,0.0,0.0,0.0,0.2498906144918635
2457,1791269156957849372,15089891781156,28.46463719300118,primary_goal,8.6753022,18.9734347,2.685578,0.0,0.0,0.0,0.2498906144918635
2458,1791269156967851503,15089901795570,28.47465160700085,primary_goal,8.6753022,18.9734347,2.685578,0.0,0.0,0.0,0.2498906144918635
2459,1791269156977838237,15089911424847,28.484280884000327,primary_goal,8.6753022,18.9734347,2.685578,0.0,0.0,0.0,0.2498906144918635
2460,1791269156987845744,15089921673184,28.494529221001358,primary_goal,8.6753022,18.9734347,2.685578,0.0,0.0,0.0,0.2498906144918635
2461,1791269156997817796,15089931577262,28.504433299000084,primary_goal,8.6753022,18.9734347,2.685578,0.0,0.0,0.0,0.2498906144918635
2462,1791269157007833107,15089941105355,28.513961392000056,primary_goal,8.6753022,18.9734347,2.685578,0.0,0.0,0.0,0.2498906144918635
2463,1791269157017803476,15089951087880,28.523943916999997,primary_goal,8.6753022,18.9734347,2.685578,0.0,0.0,0.0,0.2498906144918635
2464,1791269157027939001,15089961259634,28.53411567100011,primary_goal,8.6753022,18.9734347,2.685578,0.0,0.0,0.0,0.2498906144918635
2465,1791269157037837247,15089971455536,28.544311573001323,primary_goal,8.6753022,18.9734347,2.685578,0.0,0.0,0.0,0.2498906144918635
2466,1791269157047829985,15089981513122,28.554369159001,primary_goal,8.6753022,18.9734347,2.685578,0.0,0.0,0.0,0.2498906144918635
2467,1791269157057828506,15089991619411,28.56447544799994,primary_goal,8.6753022,18.9734347,2.685578,0.0,0.0,0.0,0.2498906144918635
2468,1791269157067811963,15090001586863,28.574442900000577,primary_goal,8.6753022,18.9734347,2.685578,0.0,0.0,0.0,0.2498906144918635
2469,1791269157077842681,15090011383622,28.58423965900147,primary_goal,8.6753022,18.9734347,2.685578,0.0,0.0,0.0,0.2498906144918635
2470,1791269157087836058,15090021656795,28.594512831999964,primary_goal,8.6753022,18.9734347,2.685578,0.0,0.0,0.0,0.2498906144918635
2471,1791269157097824112,15090031421088,28.604277125001317,primary_goal,8.6753022,18.9734347,2.685578,0.0,0.0,0.0,0.2498906144918635
2472,1791269157107906640,15090041230815,28.614086852001492,primary_goal,8.6753022,18.9734347,2.685578,0.0,0.0,0.0,0.2498906144918635
2473,1791269157117802827,15090051275515,28.624131552000108,primary_goal,8.6753022,18.9734347,2.685578,0.0,0.0,0.0,0.2498906144918635
2474,1791269157127869570,15090061113345,28.63396938200094,primary_goal,8.6753022,18.9734347,2.685578,0.0,0.0,0.0,0.2498906144918635
2475,1791269157137938745,15090071342857,28.64419889400051,primary_goal,8.6753022,18.9734347,2.685578,0.0,0.0,0.0,0.2498906144918635
2476,1791269157147912457,15090081540861,28.654396898000414,primary_goal,8.6753022,18.9734347,2.685578,0.0,0.0,0.0,0.2498906144918635
2477,1791269157157841953,15090091917459,28.664773496000635,primary_goal,8.6753022,18.9734347,2.685578,0.0,0.0,0.0,0.2498906144918635
2478,1791269157167849403,15090101674857,28.67453089400078,primary_goal,8.6753022,18.9734347,2.685578,0.0,0.0,0.0,0.2498906144918635
2479,1791269157177822074,15090111379633,28.684235669999907,primary_goal,8.6753022,18.9734347,2.685578,0.0,0.0,0.0,0.2498906144918635
2480,1791269157187832209,15090121677976,28.69453401300052,primary_goal,8.6753022,18.9734347,2.685578,0.0,0.0,0.0,0.2498906144918635
2481,1791269157197823715,15090131436726,28.70429276300092,primary_goal,8.6753022,18.9734347,2.685578,0.0,0.0,0.0,0.2498906144918635
2482,1791269157207917690,15090141397627,28.714253664000353,primary_goal,8.6753022,18.9734347,2.685578,0.0,0.0,0.0,0.2498906144918635
2483,1791269157217873570,15090151100841,28.723956878000536,primary_goal,8.6753022,18.9734347,2.685578,0.0,0.0,0.0,0.2498906144918635
2484,1791269157227930383,15090161197378,28.734053415000744,primary_goal,8.6753022,18.9734347,2.685578,0.0,0.0,0.0,0.2498906144918635
2485,1791269157237824755,15090171309049,28.744165086000066,primary_goal,8.6753022,18.9734347,2.685578,0.0,0.0,0.0,0.2498906144918635
2486,1791269157247835089,15090181450727,28.75430676399992,primary_goal,8.6753022,18.9734347,2.685578,0.0,0.0,0.0,0.2498906144918635
2487,1791269157257840233,15090191655628,28.7645116650001,primary_goal,8.6753022,18.9734347,2.685578,0.0,0.0,0.0,0.2498906144918635
2488,1791269157267841890,15090202088568,28.7749446050002,primary_goal,8.6753022,18.9734347,2.685578,0.0,0.0,0.0,0.2498906144918635
2489,1791269157277836991,15090211335553,28.784191590000773,primary_goal,8.6753022,18.9734347,2.685578,0.0,0.0,0.0,0.2498906144918635
2490,1791269157287830786,15090221591688,28.794447725000282,primary_goal,8.6753022,18.9734347,2.685578,0.0,0.0,0.0,0.2498906144918635
2491,1791269157297819827,15090231444869,28.804300906000208,primary_goal,8.6753022,18.9734347,2.685578,0.0,0.0,0.0,0.2498906144918635
2492,1791269157307800918,15090241057714,28.813913751000655,primary_goal,8.6753022,18.9734347,2.685578,0.0,0.0,0.0,0.2498906144918635
2493,1791269157317829476,15090251122233,28.823978270000225,primary_goal,8.6753022,18.9734347,2.685578,0.0,0.0,0.0,0.2498906144918635
2494,1791269157327870983,15090261193319,28.834049356000833,primary_goal,8.6753022,18.9734347,2.685578,0.0,0.0,0.0,0.2498906144918635
2495,1791269157337830807,15090271395170,28.844251207001435,primary_goal,8.6753022,18.9734347,2.685578,0.0,0.0,0.0,0.2498906144918635
2496,1791269157347843727,15090281514447,28.854370484001265,primary_goal,8.6753022,18.9734347,2.685578,0.0,0.0,0.0,0.2498906144918635
2497,1791269157357833784,15090291592625,28.86444866200145,primary_goal,8.6753022,18.9734347,2.685578,0.0,0.0,0.0,0.2498906144918635
2498,1791269157367835434,15090301792890,28.874648927001545,primary_goal,8.6753022,18.9734347,2.685578,0.0,0.0,0.0,0.2498906144918635
2499,1791269157377816229,15090311437277,28.884293314000388,primary_goal,8.6753022,18.9734347,2.685578,0.0,0.0,0.0,0.2498906144918635
2500,1791269157387828696,15090321620398,28.894476434999888,primary_goal,8.6753022,18.9734347,2.685578,0.0,0.0,0.0,0.2498906144918635
2501,1791269157397830065,15090331550653,28.904406690000542,primary_goal,8.6753022,18.9734347,2.685578,0.0,0.0,0.0,0.2498906144918635
2502,1791269157407803980,15090340971366,28.91382740300105,primary_goal,8.6753022,18.9734347,2.685578,0.0,0.0,0.0,0.2498906144918635
2503,1791269157417841330,15090351069932,28.923925969000265,primary_goal,8.6753022,18.9734347,2.685578,0.0,0.0,0.0,0.2498906144918635
2504,1791269157427828418,15090361159175,28.934015212000304,primary_goal,8.6753022,18.9734347,2.685578,0.0,0.0,0.0,0.2498906144918635
2505,1791269157437826736,15090371402858,28.94425889500053,primary_goal,8.6753022,18.9734347,2.685578,0.0,0.0,0.0,0.2498906144918635
2506,1791269157447830747,15090381461762,28.95431779899991,primary_goal,8.6753022,18.9734347,2.685578,0.0,0.0,0.0,0.2498906144918635
2507,1791269157457831215,15090391706032,28.96456206900075,primary_goal,8.6753022,18.9734347,2.685578,0.0,0.0,0.0,0.2498906144918635
2508,1791269157467843927,15090401816123,28.97467216000041,primary_goal,8.6753022,18.9734347,2.685578,0.0,0.0,0.0,0.2498906144918635
2509,1791269157477820163,15090411405630,28.984261667001192,primary_goal,8.6753022,18.9734347,2.685578,0.0,0.0,0.0,0.2498906144918635
2510,1791269157487803387,15090421535121,28.994391158001235,primary_goal,8.6753022,18.9734347,2.685578,0.0,0.0,0.0,0.2498906144918635
2511,1791269157497868896,15090431602802,29.004458839001018,primary_goal,8.6753022,18.9734347,2.685578,0.0,0.0,0.0,0.2498906144918635
2512,1791269157507798862,15090441054910,29.013910947000113,primary_goal,8.6753022,18.9734347,2.685578,0.0,0.0,0.0,0.2498906144918635
2513,1791269157517829588,15090451171209,29.024027246001424,primary_goal,8.6753022,18.9734347,2.685578,0.0,0.0,0.0,0.2498906144918635
2514,1791269157527881025,15090461186464,29.03404250099993,primary_goal,8.6753022,18.9734347,2.685578,0.0,0.0,0.0,0.2498906144918635
2515,1791269157537825892,15090471358562,29.044214599000043,primary_goal,8.6753022,18.9734347,2.685578,0.0,0.0,0.0,0.2498906144918635
2516,1791269157547830887,15090481572700,29.054428737001217,primary_goal,8.6753022,18.9734347,2.685578,0.0,0.0,0.0,0.2498906144918635
2517,1791269157557831688,15090491621116,29.064477153000553,primary_goal,8.6753022,18.9734347,2.685578,0.0,0.0,0.0,0.2498906144918635
2518,1791269157567833487,15090501802394,29.07465843099999,primary_goal,8.6753022,18.9734347,2.685578,0.0,0.0,0.0,0.2498906144918635
2519,1791269157577787493,15090511245307,29.084101344000374,primary_goal,8.6753022,18.9734347,2.685578,0.0,0.0,0.0,0.2498906144918635
2520,1791269157587850810,15090521797888,29.094653924999875,primary_goal,8.6753022,18.9734347,2.685578,0.0,0.0,0.0,0.2498906144918635
2521,1791269157597802445,15090531361872,29.104217909,primary_goal,8.6753022,18.9734347,2.685578,0.0,0.0,0.0,0.2498906144918635
2522,1791269157607867596,15090541104817,29.11396085400156,primary_goal,8.6753022,18.9734347,2.685578,0.0,0.0,0.0,0.2498906144918635
2523,1791269157617834487,15090551331127,29.12418716400134,primary_goal,8.6753022,18.9734347,2.685578,0.0,0.0,0.0,0.2498906144918635
2524,1791269157627871573,15090561214377,29.134070414000234,primary_goal,8.6753022,18.9734347,2.685578,0.0,0.0,0.0,0.2498906144918635
2525,1791269157637823248,15090571336806,29.144192843001292,primary_goal,8.6753022,18.9734347,2.685578,0.0,0.0,0.0,0.2498906144918635
2526,1791269157647872522,15090581440025,29.154296062000867,primary_goal,8.6753022,18.9734347,2.685578,0.0,0.0,0.0,0.2498906144918635
2527,1791269157657827276,15090591607262,29.164463299001,primary_goal,8.6753022,18.9734347,2.685578,0.0,0.0,0.0,0.2498906144918635
2528,1791269157667841004,15090601803291,29.174659328000416,primary_goal,8.6753022,18.9734347,2.685578,0.0,0.0,0.0,0.2498906144918635
2529,1791269157677808052,15090611375809,29.18423184600033,primary_goal,8.6753022,18.9734347,2.685578,0.0,0.0,0.0,0.2498906144918635
2530,1791269157687815387,15090621662193,29.19451823000054,primary_goal,8.6753022,18.9734347,2.685578,0.0,0.0,0.0,0.2498906144918635
2531,1791269157697816392,15090631412891,29.2042689280006,primary_goal,8.6753022,18.9734347,2.685578,0.0,0.0,0.0,0.2498906144918635
2532,1791269157707793588,15090641068301,29.213924338000652,primary_goal,8.6753022,18.9734347,2.685578,0.0,0.0,0.0,0.2498906144918635
2533,1791269157717796575,15090651212318,29.22406835500078,primary_goal,8.6753022,18.9734347,2.685578,0.0,0.0,0.0,0.2498906144918635
2534,1791269157727840350,15090661116165,29.233972202000587,primary_goal,8.6753022,18.9734347,2.685578,0.0,0.0,0.0,0.2498906144918635
2535,1791269157737877848,15090671352797,29.244208834001256,primary_goal,8.6753022,18.9734347,2.685578,0.0,0.0,0.0,0.2498906144918635
2536,1791269157747820976,15090681549670,29.254405707000842,primary_goal,8.6753022,18.9734347,2.685578,0.0,0.0,0.0,0.2498906144918635
2537,1791269157757846505,15090691799210,29.26465524700143,primary_goal,8.6753022,18.9734347,2.685578,0.0,0.0,0.0,0.2498906144918635
2538,1791269157767842075,15090701539009,29.27439504600079,primary_goal,8.6753022,18.9734347,2.685578,0.0,0.0,0.0,0.2498906144918635
2539,1791269157777805430,15090711528112,29.2843841490012,primary_goal,8.6753022,18.9734347,2.685578,0.0,0.0,0.0,0.2498906144918635
2540,1791269157787829716,15090721723316,29.29457935300161,primary_goal,8.6753022,18.9734347,2.685578,0.0,0.0,0.0,0.2498906144918635
2541,1791269157797813713,15090731517489,29.304373526001655,primary_goal,8.6753022,18.9734347,2.685578,0.0,0.0,0.0,0.2498906144918635
2542,1791269157807863124,15090741144931,29.314000968000983,primary_goal,8.6753022,18.9734347,2.685578,0.0,0.0,0.0,0.2498906144918635
2543,1791269157817837043,15090751224276,29.324080313001105,primary_goal,8.6753022,18.9734347,2.685578,0.0,0.0,0.0,0.2498906144918635
2544,1791269157827873668,15090761210466,29.33406650300094,primary_goal,8.6753022,18.9734347,2.685578,0.0,0.0,0.0,0.2498906144918635
2545,1791269157837819562,15090771343837,29.34419987399997,primary_goal,8.6753022,18.9734347,2.685578,0.0,0.0,0.0,0.2498906144918635
2546,1791269157847809460,15090781439193,29.3542952300013,primary_goal,8.6753022,18.9734347,2.685578,0.0,0.0,0.0,0.2498906144918635
2547,1791269157857811281,15090791701301,29.36455733799994,primary_goal,8.6753022,18.9734347,2.685578,0.0,0.0,0.0,0.2498906144918635
2548,1791269157867865250,15090801772354,29.374628391000442,primary_goal,8.6753022,18.9734347,2.685578,0.0,0.0,0.0,0.2498906144918635
2549,1791269157877840399,15090811580026,29.384436063000976,primary_goal,8.6753022,18.9734347,2.685578,0.0,0.0,0.0,0.2498906144918635
2550,1791269157887832533,15090821483063,29.39433910000116,primary_goal,8.6753022,18.9734347,2.685578,0.0,0.0,0.0,0.2498906144918635
2551,1791269157897804033,15090831495365,29.40435140200134,primary_goal,8.6753022,18.9734347,2.685578,0.0,0.0,0.0,0.2498906144918635
2552,1791269157907788415,15090841096529,29.41395256600117,primary_goal,8.6753022,18.9734347,2.685578,0.0,0.0,0.0,0.2498906144918635
2553,1791269157917937356,15090851336042,29.42419207900093,primary_goal,8.6753022,18.9734347,2.685578,0.0,0.0,0.0,0.2498906144918635
2554,1791269157927911443,15090861247735,29.434103772000526,primary_goal,8.6753022,18.9734347,2.685578,0.0,0.0,0.0,0.2498906144918635
2555,1791269157937918738,15090871431059,29.444287096001062,primary_goal,8.6753022,18.9734347,2.685578,0.0,0.0,0.0,0.2498906144918635
2556,1791269157947805552,15090881419275,29.45427531200039,primary_goal,8.6753022,18.9734347,2.685578,0.0,0.0,0.0,0.2498906144918635
2557,1791269157957817637,15090891648728,29.46450476500104,primary_goal,8.6753022,18.9734347,2.685578,0.0,0.0,0.0,0.2498906144918635
2558,1791269157967823842,15090901362112,29.47421814900008,primary_goal,8.6753022,18.9734347,2.685578,0.0,0.0,0.0,0.2498906144918635
2559,1791269157977805724,15090911490909,29.484346946001097,primary_goal,8.6753022,18.9734347,2.685578,0.0,0.0,0.0,0.2498906144918635
2560,1791269157987852718,15090921822556,29.49467859300057,primary_goal,8.6753022,18.9734347,2.685578,0.0,0.0,0.0,0.2498906144918635
2561,1791269157997813986,15090931406878,29.504262915001163,primary_goal,8.6753022,18.9734347,2.685578,0.0,0.0,0.0,0.2498906144918635
2562,1791269158007810214,15090941128343,29.513984380000693,primary_goal,8.6753022,18.9734347,2.685578,0.0,0.0,0.0,0.2498906144918635
2563,1791269158017792036,15090951070024,29.523926061001475,primary_goal,8.6753022,18.9734347,2.685578,0.0,0.0,0.0,0.2498906144918635
2564,1791269158027825674,15090961113409,29.5339694459999,primary_goal,8.6753022,18.9734347,2.685578,0.0,0.0,0.0,0.2498906144918635
2565,1791269158037813370,15090971310976,29.544167013000333,primary_goal,8.6753022,18.9734347,2.685578,0.0,0.0,0.0,0.2498906144918635
2566,1791269158047788292,15090981380371,29.55423640800109,primary_goal,8.6753022,18.9734347,2.685578,0.0,0.0,0.0,0.2498906144918635
2567,1791269158057870470,15090991611163,29.564467199999854,primary_goal,8.6753022,18.9734347,2.685578,0.0,0.0,0.0,0.2498906144918635
2568,1791269158067890369,15091001782479,29.57463851600005,primary_goal,8.6753022,18.9734347,2.685578,0.0,0.0,0.0,0.2498906144918635
2569,1791269158077798308,15091011438349,29.584294386000693,primary_goal,8.6753022,18.9734347,2.685578,0.0,0.0,0.0,0.2498906144918635
2570,1791269158087902400,15091021743642,29.594599679001476,primary_goal,8.6753022,18.9734347,2.685578,0.0,0.0,0.0,0.2498906144918635
2571,1791269158097796781,15091031375236,29.60423127300055,primary_goal,8.6753022,18.9734347,2.685578,0.0,0.0,0.0,0.2498906144918635
2572,1791269158107791389,15091041112033,29.613968070001647,primary_goal,8.6753022,18.9734347,2.685578,0.0,0.0,0.0,0.2498906144918635
2573,1791269158117747903,15091051022944,29.623878981001326,primary_goal,8.6753022,18.9734347,2.685578,0.0,0.0,0.0,0.2498906144918635
2574,1791269158127817241,15091061313037,29.634169074000965,primary_goal,8.6753022,18.9734347,2.685578,0.0,0.0,0.0,0.2498906144918635
2575,1791269158137812524,15091071396420,29.64425245700113,primary_goal,8.6753022,18.9734347,2.685578,0.0,0.0,0.0,0.2498906144918635
2576,1791269158147823398,15091081416632,29.65427266900042,primary_goal,8.6753022,18.9734347,2.685578,0.0,0.0,0.0,0.2498906144918635
2577,1791269158157885854,15091091777414,29.664633451000554,primary_goal,8.6753022,18.9734347,2.685578,0.0,0.0,0.0,0.2498906144918635
2578,1791269158167807468,15091101442969,29.674299006001092,primary_goal,8.6753022,18.9734347,2.685578,0.0,0.0,0.0,0.2498906144918635
2579,1791269158177813747,15091111429623,29.68428566000148,primary_goal,8.6753022,18.9734347,2.685578,0.0,0.0,0.0,0.2498906144918635
2580,1791269158187850059,15091121701689,29.69455772600122,primary_goal,8.6753022,18.9734347,2.685578,0.0,0.0,0.0,0.2498906144918635
2581,1791269158197815086,15091131542475,29.704398511999898,primary_goal,8.6753022,18.9734347,2.685578,0.0,0.0,0.0,0.2498906144918635
2582,1791269158207787634,15091141108231,29.71396426800129,primary_goal,8.6753022,18.9734347,2.685578,0.0,0.0,0.0,0.2498906144918635
2583,1791269158217795089,15091151139031,29.723995068001386,primary_goal,8.6753022,18.9734347,2.685578,0.0,0.0,0.0,0.2498906144918635
2584,1791269158227834866,15091161087786,29.733943823001027,primary_goal,8.6753022,18.9734347,2.685578,0.0,0.0,0.0,0.2498906144918635
2585,1791269158237805084,15091171273749,29.744129786000485,primary_goal,8.6753022,18.9734347,2.685578,0.0,0.0,0.0,0.2498906144918635
2586,1791269158247788196,15091181440333,29.75429637000161,primary_goal,8.6753022,18.9734347,2.685578,0.0,0.0,0.0,0.2498906144918635
2587,1791269158257833993,15091191683319,29.764539356001478,primary_goal,8.6753022,18.9734347,2.685578,0.0,0.0,0.0,0.2498906144918635
2588,1791269158267892042,15091201783908,29.774639945000672,primary_goal,8.6753022,18.9734347,2.685578,0.0,0.0,0.0,0.2498906144918635
2589,1791269158277843829,15091211298636,29.784154673001467,primary_goal,8.6753022,18.9734347,2.685578,0.0,0.0,0.0,0.2498906144918635
2590,1791269158287854266,15091221798792,29.794654829000137,primary_goal,8.6753022,18.9734347,2.685578,0.0,0.0,0.0,0.2498906144918635
2591,1791269158297793932,15091231356216,29.804212253000514,primary_goal,8.6753022,18.9734347,2.685578,0.0,0.0,0.0,0.2498906144918635
2592,1791269158307792921,15091241076740,29.813932777000446,primary_goal,8.6753022,18.9734347,2.685578,0.0,0.0,0.0,0.2498906144918635
2593,1791269158317785810,15091251073309,29.823929346001023,primary_goal,8.6753022,18.9734347,2.685578,0.0,0.0,0.0,0.2498906144918635
2594,1791269158327822118,15091261103139,29.833959176001372,primary_goal,8.6753022,18.9734347,2.685578,0.0,0.0,0.0,0.2498906144918635
2595,1791269158337801119,15091271351611,29.84420764800052,primary_goal,8.6753022,18.9734347,2.685578,0.0,0.0,0.0,0.2498906144918635
2596,1791269158347811793,15091281340973,29.85419701000137,primary_goal,8.6753022,18.9734347,2.685578,0.0,0.0,0.0,0.2498906144918635
2597,1791269158357841984,15091291736575,29.864592612000706,primary_goal,8.6753022,18.9734347,2.685578,0.0,0.0,0.0,0.2498906144918635
2598,1791269158367808731,15091301464771,29.874320808001357,primary_goal,8.6753022,18.9734347,2.685578,0.0,0.0,0.0,0.2498906144918635
2599,1791269158377846991,15091311296128,29.88415216500107,primary_goal,8.6753022,18.9734347,2.685578,0.0,0.0,0.0,0.2498906144918635
2600,1791269158387836114,15091321912866,29.894768903001022,primary_goal,8.6753022,18.9734347,2.685578,0.0,0.0,0.0,0.2498906144918635
2601,1791269158397811505,15091331495706,29.904351743000007,primary_goal,8.6753022,18.9734347,2.685578,0.0,0.0,0.0,0.2498906144918635
2602,1791269158407791848,15091340982273,29.913838309999846,primary_goal,8.6753022,18.9734347,2.685578,0.0,0.0,0.0,0.2498906144918635
2603,1791269158417810066,15091351062452,29.923918489001153,primary_goal,8.6753022,18.9734347,2.685578,0.0,0.0,0.0,0.2498906144918635
2604,1791269158427818108,15091361027076,29.933883113000775,primary_goal,8.6753022,18.9734347,2.685578,0.0,0.0,0.0,0.2498906144918635
2605,1791269158437807432,15091371293462,29.94414949900056,primary_goal,8.6753022,18.9734347,2.685578,0.0,0.0,0.0,0.2498906144918635
2606,1791269158447788733,15091381372793,29.95422882999992,primary_goal,8.6753022,18.9734347,2.685578,0.0,0.0,0.0,0.2498906144918635
2607,1791269158457821735,15091391434295,29.96429033200002,primary_goal,8.6753022,18.9734347,2.685578,0.0,0.0,0.0,0.2498906144918635
2608,1791269158467843288,15091401641272,29.97449730900007,primary_goal,8.6753022,18.9734347,2.685578,0.0,0.0,0.0,0.2498906144918635
2609,1791269158477835219,15091411351509,29.984207546000107,primary_goal,8.6753022,18.9734347,2.685578,0.0,0.0,0.0,0.2498906144918635
2610,1791269158487832046,15091421605361,29.994461398000567,primary_goal,8.6753022,18.9734347,2.685578,0.0,0.0,0.0,0.2498906144918635
2611,1791269158497794410,15091431476363,30.00433239999984,primary_goal,8.6753022,18.9734347,2.685578,0.0,0.0,0.0,0.2498906144918635
2612,1791269158507757456,15091441149382,30.014005419001478,primary_goal,8.6753022,18.9734347,2.685578,0.0,0.0,0.0,0.2498906144918635
2613,1791269158517793584,15091451050512,30.023906549000458,primary_goal,8.6753022,18.9734347,2.685578,0.0,0.0,0.0,0.2498906144918635
2614,1791269158527781098,15091461155848,30.034011884999927,primary_goal,8.6753022,18.9734347,2.685578,0.0,0.0,0.0,0.2498906144918635
2615,1791269158537823967,15091471056853,30.043912890001593,primary_goal,8.6753022,18.9734347,2.685578,0.0,0.0,0.0,0.2498906144918635
2616,1791269158547804916,15091481344170,30.054200207001486,primary_goal,8.6753022,18.9734347,2.685578,0.0,0.0,0.0,0.2498906144918635
2617,1791269158557841413,15091491528446,30.06438448300105,primary_goal,8.6753022,18.9734347,2.685578,0.0,0.0,0.0,0.2498906144918635
2618,1791269158567780720,15091501516572,30.07437260900042,primary_goal,8.6753022,18.9734347,2.685578,0.0,0.0,0.0,0.2498906144918635
2619,1791269158577784331,15091511345721,30.084201758001655,primary_goal,8.6753022,18.9734347,2.685578,0.0,0.0,0.0,0.2498906144918635
2620,1791269158587820639,15091521395719,30.09425175600154,primary_goal,8.6753022,18.9734347,2.685578,0.0,0.0,0.0,0.2498906144918635
2621,1791269158597806460,15091531354490,30.10421052700076,primary_goal,8.6753022,18.9734347,2.685578,0.0,0.0,0.0,0.2498906144918635
2622,1791269158607792945,15091540911775,30.113767812001242,primary_goal,8.6753022,18.9734347,2.685578,0.0,0.0,0.0,0.2498906144918635
2623,1791269158617783052,15091551129203,30.123985240001275,primary_goal,8.6753022,18.9734347,2.685578,0.0,0.0,0.0,0.2498906144918635
2624,1791269158627821508,15091561078030,30.133934067000155,primary_goal,8.6753022,18.9734347,2.685578,0.0,0.0,0.0,0.2498906144918635
2625,1791269158637813305,15091571275483,30.144131520000883,primary_goal,8.6753022,18.9734347,2.685578,0.0,0.0,0.0,0.2498906144918635
2626,1791269158647852705,15091581433933,30.154289970001628,primary_goal,8.6753022,18.9734347,2.685578,0.0,0.0,0.0,0.2498906144918635
2627,1791269158657845965,15091591585851,30.16444188800051,primary_goal,8.6753022,18.9734347,2.685578,0.0,0.0,0.0,0.2498906144918635
2628,1791269158667824447,15091601697704,30.174553741000636,primary_goal,8.6753022,18.9734347,2.685578,0.0,0.0,0.0,0.2498906144918635
2629,1791269158677918135,15091611579349,30.184435386001496,primary_goal,8.6753022,18.9734347,2.685578,0.0,0.0,0.0,0.2498906144918635
2630,1791269158687850787,15091621614594,30.194470631000513,primary_goal,8.6753022,18.9734347,2.685578,0.0,0.0,0.0,0.2498906144918635
2631,1791269158697791538,15091631478838,30.204334875001223,primary_goal,8.6753022,18.9734347,2.685578,0.0,0.0,0.0,0.2498906144918635
2632,1791269158707782062,15091641108265,30.213964302000022,primary_goal,8.6753022,18.9734347,2.685578,0.0,0.0,0.0,0.2498906144918635
2633,1791269158717783897,15091651088569,30.22394460600117,primary_goal,8.6753022,18.9734347,2.685578,0.0,0.0,0.0,0.2498906144918635
2634,1791269158727802688,15091661051868,30.233907905001615,primary_goal,8.6753022,18.9734347,2.685578,0.0,0.0,0.0,0.2498906144918635
2635,1791269158737812433,15091671296383,30.24415242000032,primary_goal,8.6753022,18.9734347,2.685578,0.0,0.0,0.0,0.2498906144918635
2636,1791269158747844083,15091681631158,30.254487195001275,primary_goal,8.6753022,18.9734347,2.685578,0.0,0.0,0.0,0.2498906144918635
2637,1791269158757923803,15091691415880,30.26427191699986,primary_goal,8.6753022,18.9734347,2.685578,0.0,0.0,0.0,0.2498906144918635
2638,1791269158767801278,15091701431562,30.274287599000672,primary_goal,8.6753022,18.9734347,2.685578,0.0,0.0,0.0,0.2498906144918635
2639,1791269158777907684,15091711475373,30.28433141000096,primary_goal,8.6753022,18.9734347,2.685578,0.0,0.0,0.0,0.2498906144918635
2640,1791269158787872748,15091721810080,30.294666117000816,primary_goal,8.6753022,18.9734347,2.685578,0.0,0.0,0.0,0.2498906144918635
2641,1791269158797881651,15091731453127,30.304309164001097,primary_goal,8.6753022,18.9734347,2.685578,0.0,0.0,0.0,0.2498906144918635
2642,1791269158807770284,15091741064041,30.313920078000592,primary_goal,8.6753022,18.9734347,2.685578,0.0,0.0,0.0,0.2498906144918635
2643,1791269158817782795,15091751101836,30.323957873000836,primary_goal,8.6753022,18.9734347,2.685578,0.0,0.0,0.0,0.2498906144918635
2644,1791269158827804297,15091761107957,30.33396399400044,primary_goal,8.6753022,18.9734347,2.685578,0.0,0.0,0.0,0.2498906144918635
2645,1791269158837820167,15091771182584,30.344038621000436,primary_goal,8.6753022,18.9734347,2.685578,0.0,0.0,0.0,0.2498906144918635
2646,1791269158847782635,15091781436671,30.354292708001594,primary_goal,8.6753022,18.9734347,2.685578,0.0,0.0,0.0,0.2498906144918635
2647,1791269158857788679,15091791456469,30.364312506000715,primary_goal,8.6753022,18.9734347,2.685578,0.0,0.0,0.0,0.2498906144918635
2648,1791269158867860847,15091801704186,30.374560223001026,primary_goal,8.6753022,18.9734347,2.685578,0.0,0.0,0.0,0.2498906144918635
2649,1791269158877925798,15091811502269,30.38435830600065,primary_goal,8.6753022,18.9734347,2.685578,0.0,0.0,0.0,0.2498906144918635
2650,1791269158887858026,15091821768616,30.3946246530013,primary_goal,8.6753022,18.9734347,2.685578,0.0,0.0,0.0,0.2498906144918635
2651,1791269158897783777,15091831458323,30.40431436000108,primary_goal,8.6753022,18.9734347,2.685578,0.0,0.0,0.0,0.2498906144918635
2652,1791269158907793940,15091841010238,30.413866275001055,primary_goal,8.6753022,18.9734347,2.685578,0.0,0.0,0.0,0.2498906144918635
2653,1791269158917725749,15091851023416,30.423879453001064,primary_goal,8.6753022,18.9734347,2.685578,0.0,0.0,0.0,0.2498906144918635
2654,1791269158927829362,15091861146882,30.434002919000704,primary_goal,8.6753022,18.9734347,2.685578,0.0,0.0,0.0,0.2498906144918635
2655,1791269158937864834,15091871349323,30.444205360001433,primary_goal,8.6753022,18.9734347,2.685578,0.0,0.0,0.0,0.2498906144918635
2656,1791269158947782169,15091881334129,30.454190166001354,primary_goal,8.6753022,18.9734347,2.685578,0.0,0.0,0.0,0.2498906144918635
2657,1791269158957804857,15091891883733,30.46473977000096,primary_goal,8.6753022,18.9734347,2.685578,0.0,0.0,0.0,0.2498906144918635
2658,1791269158967851051,15091901845301,30.47470133800016,primary_goal,8.6753022,18.9734347,2.685578,0.0,0.0,0.0,0.2498906144918635
2659,1791269158977831830,15091911610670,30.484466707001047,primary_goal,8.6753022,18.9734347,2.685578,0.0,0.0,0.0,0.2498906144918635
2660,1791269158987856783,15091921713983,30.494570020000538,primary_goal,8.6753022,18.9734347,2.685578,0.0,0.0,0.0,0.2498906144918635
2661,1791269158997898586,15091931497525,30.504353562000688,primary_goal,8.6753022,18.9734347,2.685578,0.0,0.0,0.0,0.2498906144918635
2662,1791269159007794876,15091941072069,30.513928106000094,primary_goal,8.6753022,18.9734347,2.685578,0.0,0.0,0.0,0.2498906144918635
2663,1791269159017780211,15091950951176,30.52380721300142,primary_goal,8.6753022,18.9734347,2.685578,0.0,0.0,0.0,0.2498906144918635
2664,1791269159027831532,15091960994491,30.533850528001494,primary_goal,8.6753022,18.9734347,2.685578,0.0,0.0,0.0,0.2498906144918635
2665,1791269159037804855,15091971124169,30.543980206000924,primary_goal,8.6753022,18.9734347,2.685578,0.0,0.0,0.0,0.2498906144918635
2666,1791269159047819823,15091981545149,30.554401186000177,primary_goal,8.6753022,18.9734347,2.685578,0.0,0.0,0.0,0.2498906144918635
2667,1791269159057863680,15091991870314,30.56472635099999,primary_goal,8.6753022,18.9734347,2.685578,0.0,0.0,0.0,0.2498906144918635
2668,1791269159067854086,15092001750193,30.574606230000427,primary_goal,8.6753022,18.9734347,2.685578,0.0,0.0,0.0,0.2498906144918635
2669,1791269159077815498,15092011515524,30.584371561000808,primary_goal,8.6753022,18.9734347,2.685578,0.0,0.0,0.0,0.2498906144918635
2670,1791269159087976228,15092022136836,30.594992873000592,primary_goal,8.6753022,18.9734347,2.685578,0.0,0.0,0.0,0.2498906144918635
2671,1791269159097778978,15092031616402,30.604472439001256,primary_goal,8.6753022,18.9734347,2.685578,0.0,0.0,0.0,0.2498906144918635
2672,1791269159107766568,15092041405759,30.6142617960013,primary_goal,8.6753022,18.9734347,2.685578,0.0,0.0,0.0,0.2498906144918635
2673,1791269159117783564,15092050950895,30.62380693200066,primary_goal,8.6753022,18.9734347,2.685578,0.0,0.0,0.0,0.2498906144918635
2674,1791269159127812189,15092060952105,30.633808141999907,primary_goal,8.6753022,18.9734347,2.685578,0.0,0.0,0.0,0.2498906144918635
2675,1791269159137813667,15092071415045,30.64427108200107,primary_goal,8.6753022,18.9734347,2.685578,0.0,0.0,0.0,0.2498906144918635
2676,1791269159147829423,15092081307225,30.65416326200102,primary_goal,8.6753022,18.9734347,2.685578,0.0,0.0,0.0,0.2498906144918635
2677,1791269159157821982,15092091502428,30.664358465000987,primary_goal,8.6753022,18.9734347,2.685578,0.0,0.0,0.0,0.2498906144918635
2678,1791269159167790863,15092101529352,30.674385389000236,primary_goal,8.6753022,18.9734347,2.685578,0.0,0.0,0.0,0.2498906144918635
2679,1791269159177759415,15092111323323,30.684179360001508,primary_goal,8.6753022,18.9734347,2.685578,0.0,0.0,0.0,0.2498906144918635
2680,1791269159187780328,15092121523303,30.694379340000523,primary_goal,8.6753022,18.9734347,2.685578,0.0,0.0,0.0,0.2498906144918635
2681,1791269159197807172,15092131379706,30.704235743000027,primary_goal,8.6753022,18.9734347,2.685578,0.0,0.0,0.0,0.2498906144918635
2682,1791269159207771150,15092140966116,30.713822153000365,primary_goal,8.6753022,18.9734347,2.685578,0.0,0.0,0.0,0.2498906144918635
2683,1791269159217772052,15092151106069,30.723962106001636,primary_goal,8.6753022,18.9734347,2.685578,0.0,0.0,0.0,0.2498906144918635
2684,1791269159227813004,15092161124075,30.733980112001518,primary_goal,8.6753022,18.9734347,2.685578,0.0,0.0,0.0,0.2498906144918635
2685,1791269159237809802,15092171476470,30.744332506999854,primary_goal,8.6753022,18.9734347,2.685578,0.0,0.0,0.0,0.2498906144918635
2686,1791269159247904415,15092181437958,30.754293994999898,primary_goal,8.6753022,18.9734347,2.685578,0.0,0.0,0.0,0.2498906144918635
2687,1791269159257793116,15092191811134,30.764667171000838,primary_goal,8.6753022,18.9734347,2.685578,0.0,0.0,0.0,0.2498906144918635
2688,1791269159267797248,15092201666574,30.774522611000066,primary_goal,8.6753022,18.9734347,2.685578,0.0,0.0,0.0,0.2498906144918635
2689,1791269159277830272,15092211412765,30.784268802000952,primary_goal,8.6753022,18.9734347,2.685578,0.0,0.0,0.0,0.2498906144918635
2690,1791269159287798353,15092221571843,30.794427880000512,primary_goal,8.6753022,18.9734347,2.685578,0.0,0.0,0.0,0.2498906144918635
2691,1791269159297780542,15092231174429,30.804030466000768,primary_goal,8.6753022,18.9734347,2.685578,0.0,0.0,0.0,0.2498906144918635
2692,1791269159307772519,15092240917467,30.813773503999982,primary_goal,8.6753022,18.9734347,2.685578,0.0,0.0,0.0,0.2498906144918635
2693,1791269159317833780,15092250948199,30.823804236000797,primary_goal,8.6753022,18.9734347,2.685578,0.0,0.0,0.0,0.2498906144918635
2694,1791269159327851720,15092261069483,30.833925520000776,primary_goal,8.6753022,18.9734347,2.685578,0.0,0.0,0.0,0.2498906144918635
2695,1791269159337896859,15092271427963,30.844284000000698,primary_goal,8.6753022,18.9734347,2.685578,0.0,0.0,0.0,0.2498906144918635
2696,1791269159347901765,15092281487012,30.854343049000818,primary_goal,8.6753022,18.9734347,2.685578,0.0,0.0,0.0,0.2498906144918635
2697,1791269159357902177,15092291458851,30.86431488800008,primary_goal,8.6753022,18.9734347,2.685578,0.0,0.0,0.0,0.2498906144918635
2698,1791269159367827738,15092301508876,30.874364913001045,primary_goal,8.6753022,18.9734347,2.685578,0.0,0.0,0.0,0.2498906144918635
2699,1791269159377902755,15092311626568,30.884482605000812,primary_goal,8.6753022,18.9734347,2.685578,0.0,0.0,0.0,0.2498906144918635
2700,1791269159387837653,15092321527187,30.894383224000194,primary_goal,8.6753022,18.9734347,2.685578,0.0,0.0,0.0,0.2498906144918635
2701,1791269159397798904,15092331593268,30.904449305000526,primary_goal,8.6753022,18.9734347,2.685578,0.0,0.0,0.0,0.2498906144918635
2702,1791269159407837935,15092341126374,30.91398241100069,primary_goal,8.6753022,18.9734347,2.685578,0.0,0.0,0.0,0.2498906144918635
2703,1791269159417798116,15092351229815,30.924085852000644,primary_goal,8.6753022,18.9734347,2.685578,0.0,0.0,0.0,0.2498906144918635
2704,1791269159427843863,15092361393192,30.93424922900158,primary_goal,8.6753022,18.9734347,2.685578,0.0,0.0,0.0,0.2498906144918635
2705,1791269159437866795,15092371316676,30.944172713001535,primary_goal,8.6753022,18.9734347,2.685578,0.0,0.0,0.0,0.2498906144918635
2706,1791269159447827560,15092381537689,30.95439372600049,primary_goal,8.6753022,18.9734347,2.685578,0.0,0.0,0.0,0.2498906144918635
2707,1791269159457858966,15092391772879,30.964628916000947,primary_goal,8.6753022,18.9734347,2.685578,0.0,0.0,0.0,0.2498906144918635
2708,1791269159467768841,15092401696773,30.974552810001114,primary_goal,8.6753022,18.9734347,2.685578,0.0,0.0,0.0,0.2498906144918635
2709,1791269159477776557,15092411332008,30.984188045000337,primary_goal,8.6753022,18.9734347,2.685578,0.0,0.0,0.0,0.2498906144918635
2710,1791269159487836105,15092421425684,30.994281721001244,primary_goal,8.6753022,18.9734347,2.685578,0.0,0.0,0.0,0.2498906144918635
2711,1791269159497794735,15092431088873,31.003944910000428,primary_goal,8.6753022,18.9734347,2.685578,0.0,0.0,0.0,0.2498906144918635
2712,1791269159507768551,15092441059168,31.013915205001467,primary_goal,8.6753022,18.9734347,2.685578,0.0,0.0,0.0,0.2498906144918635
2713,1791269159517783833,15092451068085,31.023924122000608,primary_goal,8.6753022,18.9734347,2.685578,0.0,0.0,0.0,0.2498906144918635
2714,1791269159527785154,15092461225997,31.034082034000676,primary_goal,8.6753022,18.9734347,2.685578,0.0,0.0,0.0,0.2498906144918635
2715,1791269159537797499,15092471183111,31.044039148000593,primary_goal,8.6753022,18.9734347,2.685578,0.0,0.0,0.0,0.2498906144918635
2716,1791269159547914607,15092481706657,31.054562694000197,primary_goal,8.6753022,18.9734347,2.685578,0.0,0.0,0.0,0.2498906144918635
2717,1791269159557934226,15092491409137,31.064265173999956,primary_goal,8.6753022,18.9734347,2.685578,0.0,0.0,0.0,0.2498906144918635
2718,1791269159567826473,15092501416340,31.074272376999943,primary_goal,8.6753022,18.9734347,2.685578,0.0,0.0,0.0,0.2498906144918635
2719,1791269159577819970,15092511322793,31.084178830000383,primary_goal,8.6753022,18.9734347,2.685578,0.0,0.0,0.0,0.2498906144918635
2720,1791269159587781353,15092521508566,31.09436460300094,primary_goal,8.6753022,18.9734347,2.685578,0.0,0.0,0.0,0.2498906144918635
2721,1791269159597771167,15092531123461,31.103979498000626,primary_goal,8.6753022,18.9734347,2.685578,0.0,0.0,0.0,0.2498906144918635
2722,1791269159607772550,15092540957808,31.11381384500055,primary_goal,8.6753022,18.9734347,2.685578,0.0,0.0,0.0,0.2498906144918635
2723,1791269159617786120,15092551097618,31.12395365500015,primary_goal,8.6753022,18.9734347,2.685578,0.0,0.0,0.0,0.2498906144918635
2724,1791269159627840707,15092561220140,31.13407617700068,primary_goal,8.6753022,18.9734347,2.685578,0.0,0.0,0.0,0.2498906144918635
2725,1791269159637789551,15092571177881,31.144033918000787,primary_goal,8.6753022,18.9734347,2.685578,0.0,0.0,0.0,0.2498906144918635
2726,1791269159647826050,15092581388919,31.154244956000184,primary_goal,8.6753022,18.9734347,2.685578,0.0,0.0,0.0,0.2498906144918635
2727,1791269159657873133,15092591654952,31.16451098900143,primary_goal,8.6753022,18.9734347,2.685578,0.0,0.0,0.0,0.2498906144918635
2728,1791269159667906570,15092601581500,31.174437536999903,primary_goal,8.6753022,18.9734347,2.685578,0.0,0.0,0.0,0.2498906144918635
2729,1791269159677784455,15092611332252,31.184188289000303,primary_goal,8.6753022,18.9734347,2.685578,0.0,0.0,0.0,0.2498906144918635
2730,1791269159687839575,15092621782453,31.194638490000216,primary_goal,8.6753022,18.9734347,2.685578,0.0,0.0,0.0,0.2498906144918635
2731,1791269159697771926,15092631311825,31.20416786200076,primary_goal,8.6753022,18.9734347,2.685578,0.0,0.0,0.0,0.2498906144918635
2732,1791269159707782455,15092640968222,31.21382425900083,primary_goal,8.6753022,18.9734347,2.685578,0.0,0.0,0.0,0.2498906144918635
2733,1791269159717723719,15092651041016,31.223897053001565,primary_goal,8.6753022,18.9734347,2.685578,0.0,0.0,0.0,0.2498906144918635
2734,1791269159727799945,15092661121929,31.233977966001476,primary_goal,8.6753022,18.9734347,2.685578,0.0,0.0,0.0,0.2498906144918635
2735,1791269159737801644,15092671273703,31.244129740000062,primary_goal,8.6753022,18.9734347,2.685578,0.0,0.0,0.0,0.2498906144918635
2736,1791269159747785827,15092681509260,31.25436529700164,primary_goal,8.6753022,18.9734347,2.685578,0.0,0.0,0.0,0.2498906144918635
2737,1791269159757797728,15092691658237,31.26451427400025,primary_goal,8.6753022,18.9734347,2.685578,0.0,0.0,0.0,0.2498906144918635
2738,1791269159767931185,15092701871649,31.274727686000915,primary_goal,8.6753022,18.9734347,2.685578,0.0,0.0,0.0,0.2498906144918635
2739,1791269159777784345,15092711318151,31.28417418800018,primary_goal,8.6753022,18.9734347,2.685578,0.0,0.0,0.0,0.2498906144918635
2740,1791269159787841518,15092721762453,31.294618490001085,primary_goal,8.6753022,18.9734347,2.685578,0.0,0.0,0.0,0.2498906144918635
2741,1791269159797821494,15092731424842,31.304280879001453,primary_goal,8.6753022,18.9734347,2.685578,0.0,0.0,0.0,0.2498906144918635
2742,1791269159807771146,15092741029568,31.313885605000905,primary_goal,8.6753022,18.9734347,2.685578,0.0,0.0,0.0,0.2498906144918635
2743,1791269159817749944,15092750977084,31.32383312100137,primary_goal,8.6753022,18.9734347,2.685578,0.0,0.0,0.0,0.2498906144918635
2744,1791269159827795060,15092761079781,31.3339358180001,primary_goal,8.6753022,18.9734347,2.685578,0.0,0.0,0.0,0.2498906144918635
2745,1791269159837833052,15092771368730,31.344224767000924,primary_goal,8.6753022,18.9734347,2.685578,0.0,0.0,0.0,0.2498906144918635
2746,1791269159847797300,15092781368111,31.354224148000867,primary_goal,8.6753022,18.9734347,2.685578,0.0,0.0,0.0,0.2498906144918635
2747,1791269159857817511,15092791572144,31.36442818100113,primary_goal,8.6753022,18.9734347,2.685578,0.0,0.0,0.0,0.2498906144918635
2748,1791269159867811144,15092801721110,31.37457714700031,primary_goal,8.6753022,18.9734347,2.685578,0.0,0.0,0.0,0.2498906144918635
2749,1791269159877802345,15092811253945,31.384109982000155,primary_goal,8.6753022,18.9734347,2.685578,0.0,0.0,0.0,0.2498906144918635
2750,1791269159887781908,15092821665104,31.39452114100095,primary_goal,8.6753022,18.9734347,2.685578,0.0,0.0,0.0,0.2498906144918635
2751,1791269159897803747,15092831382398,31.40423843500139,primary_goal,8.6753022,18.9734347,2.685578,0.0,0.0,0.0,0.2498906144918635
2752,1791269159907734210,15092841033209,31.413889246001418,primary_goal,8.6753022,18.9734347,2.685578,0.0,0.0,0.0,0.2498906144918635
2753,1791269159917739336,15092851047212,31.423903249000432,primary_goal,8.6753022,18.9734347,2.685578,0.0,0.0,0.0,0.2498906144918635
2754,1791269159927788137,15092861077560,31.43393359699985,primary_goal,8.6753022,18.9734347,2.685578,0.0,0.0,0.0,0.2498906144918635
2755,1791269159937796605,15092871106711,31.44396274800056,primary_goal,8.6753022,18.9734347,2.685578,0.0,0.0,0.0,0.2498906144918635
2756,1791269159947798108,15092881295895,31.45415193200097,primary_goal,8.6753022,18.9734347,2.685578,0.0,0.0,0.0,0.2498906144918635
2757,1791269159957784466,15092891523437,31.464379474000452,primary_goal,8.6753022,18.9734347,2.685578,0.0,0.0,0.0,0.2498906144918635
2758,1791269159967811641,15092901698269,31.474554305999845,primary_goal,8.6753022,18.9734347,2.685578,0.0,0.0,0.0,0.2498906144918635
2759,1791269159977793571,15092911451942,31.484307979000732,primary_goal,8.6753022,18.9734347,2.685578,0.0,0.0,0.0,0.2498906144918635
2760,1791269159987840158,15092921745330,31.49460136700145,primary_goal,8.6753022,18.9734347,2.685578,0.0,0.0,0.0,0.2498906144918635
2761,1791269159997763811,15092931293365,31.50414940200062,primary_goal,8.6753022,18.9734347,2.685578,0.0,0.0,0.0,0.2498906144918635
2762,1791269160007728533,15092941112779,31.51396881600158,primary_goal,8.6753022,18.9734347,2.685578,0.0,0.0,0.0,0.2498906144918635
2763,1791269160017777365,15092951153397,31.524009434000618,primary_goal,8.6753022,18.9734347,2.685578,0.0,0.0,0.0,0.2498906144918635
2764,1791269160027793879,15092961147400,31.534003437000138,primary_goal,8.6753022,18.9734347,2.685578,0.0,0.0,0.0,0.2498906144918635
2765,1791269160037803038,15092971382097,31.544238133999897,primary_goal,8.6753022,18.9734347,2.685578,0.0,0.0,0.0,0.2498906144918635
2766,1791269160047789871,15092981305133,31.554161170000953,primary_goal,8.6753022,18.9734347,2.685578,0.0,0.0,0.0,0.2498906144918635
2767,1791269160057806380,15092991561336,31.56441737300156,primary_goal,8.6753022,18.9734347,2.685578,0.0,0.0,0.0,0.2498906144918635
2768,1791269160067809220,15093001808791,31.574664828000095,primary_goal,8.6753022,18.9734347,2.685578,0.0,0.0,0.0,0.2498906144918635
2769,1791269160077806026,15093011306230,31.584162267001375,primary_goal,8.6753022,18.9734347,2.685578,0.0,0.0,0.0,0.2498906144918635
2770,1791269160087785883,15093021622056,31.59447809300036,primary_goal,8.6753022,18.9734347,2.685578,0.0,0.0,0.0,0.2498906144918635
2771,1791269160097778196,15093031459655,31.604315692000455,primary_goal,8.6753022,18.9734347,2.685578,0.0,0.0,0.0,0.2498906144918635
2772,1791269160107759855,15093041050349,31.613906386000963,primary_goal,8.6753022,18.9734347,2.685578,0.0,0.0,0.0,0.2498906144918635
2773,1791269160117751842,15093051057118,31.62391315500099,primary_goal,8.6753022,18.9734347,2.685578,0.0,0.0,0.0,0.2498906144918635
2774,1791269160127791632,15093061067449,31.63392348600064,primary_goal,8.6753022,18.9734347,2.685578,0.0,0.0,0.0,0.2498906144918635
2775,1791269160137791846,15093071281167,31.6441372040008,primary_goal,8.6753022,18.9734347,2.685578,0.0,0.0,0.0,0.2498906144918635
2776,1791269160147783049,15093081473443,31.654329480001252,primary_goal,8.6753022,18.9734347,2.685578,0.0,0.0,0.0,0.2498906144918635
2777,1791269160157794858,15093091599421,31.664455458001612,primary_goal,8.6753022,18.9734347,2.685578,0.0,0.0,0.0,0.2498906144918635
2778,1791269160167809619,15093101757489,31.67461352600003,primary_goal,8.6753022,18.9734347,2.685578,0.0,0.0,0.0,0.2498906144918635
2779,1791269160177811667,15093111397703,31.684253740000713,primary_goal,8.6753022,18.9734347,2.685578,0.0,0.0,0.0,0.2498906144918635
2780,1791269160187772944,15093121511842,31.69436787900122,primary_goal,8.6753022,18.9734347,2.685578,0.0,0.0,0.0,0.2498906144918635
2781,1791269160197808496,15093131360685,31.704216722000638,primary_goal,8.6753022,18.9734347,2.685578,0.0,0.0,0.0,0.2498906144918635
2782,1791269160207762060,15093141053515,31.713909552001496,primary_goal,8.6753022,18.9734347,2.685578,0.0,0.0,0.0,0.2498906144918635
2783,1791269160217759903,15093151048499,31.72390453600019,primary_goal,8.6753022,18.9734347,2.685578,0.0,0.0,0.0,0.2498906144918635
2784,1791269160227791589,15093161069379,31.73392541600151,primary_goal,8.6753022,18.9734347,2.685578,0.0,0.0,0.0,0.2498906144918635
2785,1791269160237790713,15093171306928,31.744162965000214,primary_goal,8.6753022,18.9734347,2.685578,0.0,0.0,0.0,0.2498906144918635
2786,1791269160247781285,15093181379708,31.754235745000187,primary_goal,8.6753022,18.9734347,2.685578,0.0,0.0,0.0,0.2498906144918635
2787,1791269160257795359,15093191470217,31.76432625400048,primary_goal,8.6753022,18.9734347,2.685578,0.0,0.0,0.0,0.2498906144918635
2788,1791269160267805419,15093201617301,31.774473338000462,primary_goal,8.6753022,18.9734347,2.685578,0.0,0.0,0.0,0.2498906144918635
2789,1791269160277775113,15093211384459,31.784240496001075,primary_goal,8.6753022,18.9734347,2.685578,0.0,0.0,0.0,0.2498906144918635
2790,1791269160287868053,15093221699144,31.79455518100076,primary_goal,8.6753022,18.9734347,2.685578,0.0,0.0,0.0,0.2498906144918635
2791,1791269160297779722,15093231573426,31.804429462999906,primary_goal,8.6753022,18.9734347,2.685578,0.0,0.0,0.0,0.2498906144918635
2792,1791269160307757212,15093241054526,31.813910563001627,primary_goal,8.6753022,18.9734347,2.685578,0.0,0.0,0.0,0.2498906144918635
2793,1791269160317759020,15093250998604,31.823854641001162,primary_goal,8.6753022,18.9734347,2.685578,0.0,0.0,0.0,0.2498906144918635
2794,1791269160327788366,15093261097876,31.833953913001096,primary_goal,8.6753022,18.9734347,2.685578,0.0,0.0,0.0,0.2498906144918635
2795,1791269160337792128,15093271339161,31.844195198000307,primary_goal,8.6753022,18.9734347,2.685578,0.0,0.0,0.0,0.2498906144918635
2796,1791269160347766875,15093281313387,31.854169424001157,primary_goal,8.6753022,18.9734347,2.685578,0.0,0.0,0.0,0.2498906144918635
2797,1791269160357783964,15093291489988,31.864346025000486,primary_goal,8.6753022,18.9734347,2.685578,0.0,0.0,0.0,0.2498906144918635
2798,1791269160367846588,15093301787117,31.874643154000296,primary_goal,8.6753022,18.9734347,2.685578,0.0,0.0,0.0,0.2498906144918635
2799,1791269160377800223,15093311457081,31.884313118000136,primary_goal,8.6753022,18.9734347,2.685578,0.0,0.0,0.0,0.2498906144918635
2800,1791269160387796422,15093321398114,31.894254151000496,primary_goal,8.6753022,18.9734347,2.685578,0.0,0.0,0.0,0.2498906144918635
2801,1791269160397781717,15093331571263,31.904427299999952,primary_goal,8.6753022,18.9734347,2.685578,0.0,0.0,0.0,0.2498906144918635
2802,1791269160407759182,15093340990547,31.913846584000567,primary_goal,8.6753022,18.9734347,2.685578,0.0,0.0,0.0,0.2498906144918635
2803,1791269160417755153,15093351018676,31.92387471300026,primary_goal,8.6753022,18.9734347,2.685578,0.0,0.0,0.0,0.2498906144918635
2804,1791269160427785927,15093361151855,31.93400789200132,primary_goal,8.6753022,18.9734347,2.685578,0.0,0.0,0.0,0.2498906144918635
2805,1791269160437791118,15093371334568,31.944190605001495,primary_goal,8.6753022,18.9734347,2.685578,0.0,0.0,0.0,0.2498906144918635
2806,1791269160447786106,15093381310552,31.954166589001034,primary_goal,8.6753022,18.9734347,2.685578,0.0,0.0,0.0,0.2498906144918635
2807,1791269160457787570,15093391357436,31.9642134730002,primary_goal,8.6753022,18.9734347,2.685578,0.0,0.0,0.0,0.2498906144918635
2808,1791269160467800451,15093401575094,31.97443113100053,primary_goal,8.6753022,18.9734347,2.685578,0.0,0.0,0.0,0.2498906144918635
2809,1791269160477762262,15093411005345,31.983861382001123,primary_goal,8.6753022,18.9734347,2.685578,0.0,0.0,0.0,0.2498906144918635
2810,1791269160487756463,15093421356799,31.99421283599986,primary_goal,8.6753022,18.9734347,2.685578,0.0,0.0,0.0,0.2498906144918635
2811,1791269160497751528,15093431143281,32.00399931799984,primary_goal,8.6753022,18.9734347,2.685578,0.0,0.0,0.0,0.2498906144918635
2812,1791269160507752754,15093441250529,32.01410656600092,primary_goal,8.6753022,18.9734347,2.685578,0.0,0.0,0.0,0.2498906144918635
2813,1791269160517748570,15093451057544,32.02391358100067,primary_goal,8.6753022,18.9734347,2.685578,0.0,0.0,0.0,0.2498906144918635
2814,1791269160527798606,15093461035001,32.03389103800146,primary_goal,8.6753022,18.9734347,2.685578,0.0,0.0,0.0,0.2498906144918635
2815,1791269160537754783,15093471131047,32.04398708400004,primary_goal,8.6753022,18.9734347,2.685578,0.0,0.0,0.0,0.2498906144918635
2816,1791269160547713871,15093481382155,32.05423819200041,primary_goal,8.6753022,18.9734347,2.685578,0.0,0.0,0.0,0.2498906144918635
2817,1791269160557728764,15093491286874,32.06414291100009,primary_goal,8.6753022,18.9734347,2.685578,0.0,0.0,0.0,0.2498906144918635
2818,1791269160567708311,15093501272086,32.074128123000264,primary_goal,8.6753022,18.9734347,2.685578,0.0,0.0,0.0,0.2498906144918635
2819,1791269160577743003,15093511229765,32.08408580200012,primary_goal,8.6753022,18.9734347,2.685578,0.0,0.0,0.0,0.2498906144918635
2820,1791269160587750193,15093521255372,32.09411140900011,primary_goal,8.6753022,18.9734347,2.685578,0.0,0.0,0.0,0.2498906144918635
2821,1791269160597776495,15093531475139,32.104331176000414,primary_goal,8.6753022,18.9734347,2.685578,0.0,0.0,0.0,0.2498906144918635
2822,1791269160607750076,15093540925608,32.11378164500093,primary_goal,8.6753022,18.9734347,2.685578,0.0,0.0,0.0,0.2498906144918635
2823,1791269160617786862,15093551116028,32.123972065001,primary_goal,8.6753022,18.9734347,2.685578,0.0,0.0,0.0,0.2498906144918635
2824,1791269160627776500,15093560980001,32.13383603800139,primary_goal,8.6753022,18.9734347,2.685578,0.0,0.0,0.0,0.2498906144918635
2825,1791269160637788925,15093571260441,32.1441164780008,primary_goal,8.6753022,18.9734347,2.685578,0.0,0.0,0.0,0.2498906144918635
2826,1791269160647741117,15093581379481,32.15423551800086,primary_goal,8.6753022,18.9734347,2.685578,0.0,0.0,0.0,0.2498906144918635
2827,1791269160657797746,15093591691305,32.16454734200124,primary_goal,8.6753022,18.9734347,2.685578,0.0,0.0,0.0,0.2498906144918635
2828,1791269160667860079,15093601647026,32.174503063000884,primary_goal,8.6753022,18.9734347,2.685578,0.0,0.0,0.0,0.2498906144918635
2829,1791269160677762313,15093611383939,32.184239976000754,primary_goal,8.6753022,18.9734347,2.685578,0.0,0.0,0.0,0.2498906144918635
2830,1791269160687810295,15093621541041,32.1943970780012,primary_goal,8.6753022,18.9734347,2.685578,0.0,0.0,0.0,0.2498906144918635
2831,1791269160697722052,15093631416341,32.204272378001406,primary_goal,8.6753022,18.9734347,2.685578,0.0,0.0,0.0,0.2498906144918635
2832,1791269160707745027,15093640948314,32.21380435100036,primary_goal,8.6753022,18.9734347,2.685578,0.0,0.0,0.0,0.2498906144918635
2833,1791269160717749002,15093650856108,32.22371214500163,primary_goal,8.6753022,18.9734347,2.685578,0.0,0.0,0.0,0.2498906144918635
2834,1791269160727741443,15093660971133,32.23382717000095,primary_goal,8.6753022,18.9734347,2.685578,0.0,0.0,0.0,0.2498906144918635
2835,1791269160737774042,15093671351941,32.244207978001214,primary_goal,8.6753022,18.9734347,2.685578,0.0,0.0,0.0,0.2498906144918635
2836,1791269160747776959,15093681399224,32.25425526100116,primary_goal,8.6753022,18.9734347,2.685578,0.0,0.0,0.0,0.2498906144918635
2837,1791269160757751018,15093691260114,32.26411615100005,primary_goal,8.6753022,18.9734347,2.685578,0.0,0.0,0.0,0.2498906144918635
2838,1791269160767787739,15093701456212,32.274312249001014,primary_goal,8.6753022,18.9734347,2.685578,0.0,0.0,0.0,0.2498906144918635
2839,1791269160777871816,15093711540910,32.28439694700137,primary_goal,8.6753022,18.9734347,2.685578,0.0,0.0,0.0,0.2498906144918635
2840,1791269160787829580,15093721736475,32.294592512000236,primary_goal,8.6753022,18.9734347,2.685578,0.0,0.0,0.0,0.2498906144918635
2841,1791269160797773216,15093731430774,32.304286811000566,primary_goal,8.6753022,18.9734347,2.685578,0.0,0.0,0.0,0.2498906144918635
2842,1791269160807767780,15093741145572,32.314001609000115,primary_goal,8.6753022,18.9734347,2.685578,0.0,0.0,0.0,0.2498906144918635
2843,1791269160817764783,15093751137990,32.32399402700139,primary_goal,8.6753022,18.9734347,2.685578,0.0,0.0,0.0,0.2498906144918635
2844,1791269160827808207,15093761122099,32.33397813600095,primary_goal,8.6753022,18.9734347,2.685578,0.0,0.0,0.0,0.2498906144918635
2845,1791269160837814793,15093771362139,32.34421817600014,primary_goal,8.6753022,18.9734347,2.685578,0.0,0.0,0.0,0.2498906144918635
2846,1791269160847773380,15093781516099,32.354372136000165,primary_goal,8.6753022,18.9734347,2.685578,0.0,0.0,0.0,0.2498906144918635
2847,1791269160857813712,15093791444389,32.36430042600114,primary_goal,8.6753022,18.9734347,2.685578,0.0,0.0,0.0,0.2498906144918635
2848,1791269160867783095,15093801516687,32.37437272399984,primary_goal,8.6753022,18.9734347,2.685578,0.0,0.0,0.0,0.2498906144918635
2849,1791269160877762986,15093811327933,32.38418396999987,primary_goal,8.6753022,18.9734347,2.685578,0.0,0.0,0.0,0.2498906144918635
2850,1791269160887814703,15093821553849,32.394409886001085,primary_goal,8.6753022,18.9734347,2.685578,0.0,0.0,0.0,0.2498906144918635
2851,1791269160897801605,15093831506666,32.404362703000515,primary_goal,8.6753022,18.9734347,2.685578,0.0,0.0,0.0,0.2498906144918635
2852,1791269160907753589,15093841032628,32.41388866500165,primary_goal,8.6753022,18.9734347,2.685578,0.0,0.0,0.0,0.2498906144918635
2853,1791269160917874649,15093851093552,32.423949589001495,primary_goal,8.6753022,18.9734347,2.685578,0.0,0.0,0.0,0.2498906144918635
2854,1791269160927869997,15093861111886,32.433967923001546,primary_goal,8.6753022,18.9734347,2.685578,0.0,0.0,0.0,0.2498906144918635
2855,1791269160937768409,15093871199895,32.44405593200099,primary_goal,8.6753022,18.9734347,2.685578,0.0,0.0,0.0,0.2498906144918635
2856,1791269160947785779,15093881337487,32.45419352400131,primary_goal,8.6753022,18.9734347,2.685578,0.0,0.0,0.0,0.2498906144918635
2857,1791269160957784607,15093891557422,32.46441345899984,primary_goal,8.6753022,18.9734347,2.685578,0.0,0.0,0.0,0.2498906144918635
2858,1791269160967782828,15093901710576,32.474566613000206,primary_goal,8.6753022,18.9734347,2.685578,0.0,0.0,0.0,0.2498906144918635
2859,1791269160977757952,15093911451913,32.484307950000584,primary_goal,8.6753022,18.9734347,2.685578,0.0,0.0,0.0,0.2498906144918635
2860,1791269160987838208,15093921820365,32.49467640200055,primary_goal,8.6753022,18.9734347,2.685578,0.0,0.0,0.0,0.2498906144918635
2861,1791269160997794175,15093931468723,32.5043247600006,primary_goal,8.6753022,18.9734347,2.685578,0.0,0.0,0.0,0.2498906144918635
2862,1791269161007739083,15093941057010,32.51391304700155,primary_goal,8.6753022,18.9734347,2.685578,0.0,0.0,0.0,0.2498906144918635
2863,1791269161017746670,15093950997155,32.52385319200039,primary_goal,8.6753022,18.9734347,2.685578,0.0,0.0,0.0,0.2498906144918635
2864,1791269161027789087,15093961067689,32.533923726001376,primary_goal,8.6753022,18.9734347,2.685578,0.0,0.0,0.0,0.2498906144918635
2865,1791269161037780050,15093971265504,32.544121541001005,primary_goal,8.6753022,18.9734347,2.685578,0.0,0.0,0.0,0.2498906144918635
2866,1791269161047798035,15093981468464,32.55432450100125,primary_goal,8.6753022,18.9734347,2.685578,0.0,0.0,0.0,0.2498906144918635
2867,1791269161057822099,15093991722083,32.56457812000008,primary_goal,8.6753022,18.9734347,2.685578,0.0,0.0,0.0,0.2498906144918635
2868,1791269161067791242,15094001352951,32.574208988000464,primary_goal,8.6753022,18.9734347,2.685578,0.0,0.0,0.0,0.2498906144918635
2869,1791269161077737091,15094011293935,32.58414997200089,primary_goal,8.6753022,18.9734347,2.685578,0.0,0.0,0.0,0.2498906144918635
2870,1791269161087945255,15094021912381,32.59476841800097,primary_goal,8.6753022,18.9734347,2.685578,0.0,0.0,0.0,0.2498906144918635
2871,1791269161097769789,15094031315096,32.60417113299991,primary_goal,8.6753022,18.9734347,2.685578,0.0,0.0,0.0,0.2498906144918635
2872,1791269161107757625,15094041216007,32.61407204399984,primary_goal,8.6753022,18.9734347,2.685578,0.0,0.0,0.0,0.2498906144918635
2873,1791269161117738708,15094050957126,32.623813163001614,primary_goal,8.6753022,18.9734347,2.685578,0.0,0.0,0.0,0.2498906144918635
2874,1791269161127818380,15094061289534,32.63414557100077,primary_goal,8.6753022,18.9734347,2.685578,0.0,0.0,0.0,0.2498906144918635
2875,1791269161137750889,15094071512311,32.64436834800108,primary_goal,8.6753022,18.9734347,2.685578,0.0,0.0,0.0,0.2498906144918635
2876,1791269161147739749,15094081375773,32.654231810000056,primary_goal,8.6753022,18.9734347,2.685578,0.0,0.0,0.0,0.2498906144918635
2877,1791269161157798167,15094091593023,32.66444906000106,primary_goal,8.6753022,18.9734347,2.685578,0.0,0.0,0.0,0.2498906144918635
2878,1791269161167828511,15094101493616,32.67434965300163,primary_goal,8.6753022,18.9734347,2.685578,0.0,0.0,0.0,0.2498906144918635
2879,1791269161177782494,15094111309263,32.68416530000104,primary_goal,8.6753022,18.9734347,2.685578,0.0,0.0,0.0,0.2498906144918635
2880,1791269161187798545,15094121551949,32.69440798600044,primary_goal,8.6753022,18.9734347,2.685578,0.0,0.0,0.0,0.2498906144918635
2881,1791269161197785021,15094131339350,32.704195387001164,primary_goal,8.6753022,18.9734347,2.685578,0.0,0.0,0.0,0.2498906144918635
2882,1791269161207705234,15094140947036,32.713803073000236,primary_goal,8.6753022,18.9734347,2.685578,0.0,0.0,0.0,0.2498906144918635
2883,1791269161217765884,15094150908383,32.72376442000132,primary_goal,8.6753022,18.9734347,2.685578,0.0,0.0,0.0,0.2498906144918635
2884,1791269161227792698,15094161044162,32.733900199000345,primary_goal,8.6753022,18.9734347,2.685578,0.0,0.0,0.0,0.2498906144918635
2885,1791269161237767331,15094171172275,32.74402831200132,primary_goal,8.6753022,18.9734347,2.685578,0.0,0.0,0.0,0.2498906144918635
2886,1791269161247787398,15094181264000,32.754120037001485,primary_goal,8.6753022,18.9734347,2.685578,0.0,0.0,0.0,0.2498906144918635
2887,1791269161257849106,15094191592084,32.764448121000896,primary_goal,8.6753022,18.9734347,2.685578,0.0,0.0,0.0,0.2498906144918635
2888,1791269161267791175,15094201216352,32.77407238900014,primary_goal,8.6753022,18.9734347,2.685578,0.0,0.0,0.0,0.2498906144918635
2889,1791269161277756951,15094211625692,32.78448172900062,primary_goal,8.6753022,18.9734347,2.685578,0.0,0.0,0.0,0.2498906144918635
2890,1791269161287756592,15094221650822,32.79450685900156,primary_goal,8.6753022,18.9734347,2.685578,0.0,0.0,0.0,0.2498906144918635
2891,1791269161297765060,15094231485709,32.80434174600123,primary_goal,8.6753022,18.9734347,2.685578,0.0,0.0,0.0,0.2498906144918635
2892,1791269161307745738,15094240927328,32.813783365001655,primary_goal,8.6753022,18.9734347,2.685578,0.0,0.0,0.0,0.2498906144918635
2893,1791269161317749784,15094250923572,32.823779609001576,primary_goal,8.6753022,18.9734347,2.685578,0.0,0.0,0.0,0.2498906144918635
2894,1791269161327728969,15094261174030,32.83403006700064,primary_goal,8.6753022,18.9734347,2.685578,0.0,0.0,0.0,0.2498906144918635
2895,1791269161337780830,15094271012649,32.84386868600086,primary_goal,8.6753022,18.9734347,2.685578,0.0,0.0,0.0,0.2498906144918635
2896,1791269161347762391,15094281244553,32.8541005900006,primary_goal,8.6753022,18.9734347,2.685578,0.0,0.0,0.0,0.2498906144918635
2897,1791269161357809289,15094291777147,32.86463318400092,primary_goal,8.6753022,18.9734347,2.685578,0.0,0.0,0.0,0.2498906144918635
2898,1791269161367732749,15094301278917,32.87413495400142,primary_goal,8.6753022,18.9734347,2.685578,0.0,0.0,0.0,0.2498906144918635
2899,1791269161377791775,15094311574109,32.88443014600125,primary_goal,8.6753022,18.9734347,2.685578,0.0,0.0,0.0,0.2498906144918635
2900,1791269161387904887,15094321806694,32.89466273100152,primary_goal,8.6753022,18.9734347,2.685578,0.0,0.0,0.0,0.2498906144918635
2901,1791269161397804760,15094331380893,32.90423693000048,primary_goal,8.6753022,18.9734347,2.685578,0.0,0.0,0.0,0.2498906144918635
2902,1791269161407730990,15094340892211,32.91374824800005,primary_goal,8.6753022,18.9734347,2.685578,0.0,0.0,0.0,0.2498906144918635
2903,1791269161417733404,15094351040820,32.92389685700073,primary_goal,8.6753022,18.9734347,2.685578,0.0,0.0,0.0,0.2498906144918635
2904,1791269161427775417,15094361093700,32.93394973700015,primary_goal,8.6753022,18.9734347,2.685578,0.0,0.0,0.0,0.2498906144918635
2905,1791269161437768998,15094371468091,32.94432412800052,primary_goal,8.6753022,18.9734347,2.685578,0.0,0.0,0.0,0.2498906144918635
2906,1791269161447730690,15094381186167,32.95404220400087,primary_goal,8.6753022,18.9734347,2.685578,0.0,0.0,0.0,0.2498906144918635
2907,1791269161457799111,15094391597122,32.964453159000186,primary_goal,8.6753022,18.9734347,2.685578,0.0,0.0,0.0,0.2498906144918635
2908,1791269161467755918,15094401388621,32.974244658000316,primary_goal,8.6753022,18.9734347,2.685578,0.0,0.0,0.0,0.2498906144918635
2909,1791269161477731558,15094411428915,32.98428495200096,primary_goal,8.6753022,18.9734347,2.685578,0.0,0.0,0.0,0.2498906144918635
2910,1791269161487787775,15094421564851,32.994420888000604,primary_goal,8.6753022,18.9734347,2.685578,0.0,0.0,0.0,0.2498906144918635
2911,1791269161497796931,15094431541719,33.00439775599989,primary_goal,8.6753022,18.9734347,2.685578,0.0,0.0,0.0,0.2498906144918635
2912,1791269161507772582,15094441232506,33.01408854300098,primary_goal,8.6753022,18.9734347,2.685578,0.0,0.0,0.0,0.2498906144918635
2913,1791269161517780229,15094451132290,33.02398832700055,primary_goal,8.6753022,18.9734347,2.685578,0.0,0.0,0.0,0.2498906144918635
2914,1791269161527819175,15094461269112,33.03412514900083,primary_goal,8.6753022,18.9734347,2.685578,0.0,0.0,0.0,0.2498906144918635
2915,1791269161537760847,15094471170958,33.04402699500133,primary_goal,8.6753022,18.9734347,2.685578,0.0,0.0,0.0,0.2498906144918635
2916,1791269161547748117,15094481233850,33.05408988700037,primary_goal,8.6753022,18.9734347,2.685578,0.0,0.0,0.0,0.2498906144918635
2917,1791269161557830608,15094491533246,33.06438928300122,primary_goal,8.6753022,18.9734347,2.685578,0.0,0.0,0.0,0.2498906144918635
2918,1791269161567772644,15094501671901,33.074527938000756,primary_goal,8.6753022,18.9734347,2.685578,0.0,0.0,0.0,0.2498906144918635
2919,1791269161577869565,15094511465468,33.084321505000844,primary_goal,8.6753022,18.9734347,2.685578,0.0,0.0,0.0,0.2498906144918635
2920,1791269161587825753,15094521864905,33.094720942001004,primary_goal,8.6753022,18.9734347,2.685578,0.0,0.0,0.0,0.2498906144918635
2921,1791269161597822141,15094531408916,33.10426495300089,primary_goal,8.6753022,18.9734347,2.685578,0.0,0.0,0.0,0.2498906144918635
2922,1791269161607758083,15094541064511,33.11392054800126,primary_goal,8.6753022,18.9734347,2.685578,0.0,0.0,0.0,0.2498906144918635
2923,1791269161617689290,15094551142558,33.12399859500147,primary_goal,8.6753022,18.9734347,2.685578,0.0,0.0,0.0,0.2498906144918635
2924,1791269161627793574,15094561083410,33.13393944700147,primary_goal,8.6753022,18.9734347,2.685578,0.0,0.0,0.0,0.2498906144918635
2925,1791269161637757222,15094571118780,33.143974817001435,primary_goal,8.6753022,18.9734347,2.685578,0.0,0.0,0.0,0.2498906144918635
2926,1791269161647770671,15094581377151,33.154233188000944,primary_goal,8.6753022,18.9734347,2.685578,0.0,0.0,0.0,0.2498906144918635
2927,1791269161657789654,15094591655239,33.164511276001576,primary_goal,8.6753022,18.9734347,2.685578,0.0,0.0,0.0,0.2498906144918635
2928,1791269161667759938,15094601343452,33.174199488999875,primary_goal,8.6753022,18.9734347,2.685578,0.0,0.0,0.0,0.2498906144918635
2929,1791269161677729898,15094611623610,33.18447964700135,primary_goal,8.6753022,18.9734347,2.685578,0.0,0.0,0.0,0.2498906144918635
2930,1791269161687783179,15094621741510,33.19459754700074,primary_goal,8.6753022,18.9734347,2.685578,0.0,0.0,0.0,0.2498906144918635
2931,1791269161697770659,15094631489829,33.20434586600095,primary_goal,8.6753022,18.9734347,2.685578,0.0,0.0,0.0,0.2498906144918635
2932,1791269161707736251,15094640876551,33.21373258800122,primary_goal,8.6753022,18.9734347,2.685578,0.0,0.0,0.0,0.2498906144918635
2933,1791269161717744857,15094650909183,33.22376522000013,primary_goal,8.6753022,18.9734347,2.685578,0.0,0.0,0.0,0.2498906144918635
2934,1791269161727757246,15094660982771,33.233838808000655,primary_goal,8.6753022,18.9734347,2.685578,0.0,0.0,0.0,0.2498906144918635
2935,1791269161737757305,15094671194480,33.2440505170016,primary_goal,8.6753022,18.9734347,2.685578,0.0,0.0,0.0,0.2498906144918635
2936,1791269161747786538,15094681456969,33.2543130060003,primary_goal,8.6753022,18.9734347,2.685578,0.0,0.0,0.0,0.2498906144918635
2937,1791269161757778872,15094691463291,33.264319328000056,primary_goal,8.6753022,18.9734347,2.685578,0.0,0.0,0.0,0.2498906144918635
2938,1791269161767769151,15094701291590,33.274147627000275,primary_goal,8.6753022,18.9734347,2.685578,0.0,0.0,0.0,0.2498906144918635
2939,1791269161777741947,15094711348565,33.28420460200141,primary_goal,8.6753022,18.9734347,2.685578,0.0,0.0,0.0,0.2498906144918635
2940,1791269161787838190,15094721745530,33.29460156700043,primary_goal,8.6753022,18.9734347,2.685578,0.0,0.0,0.0,0.2498906144918635
2941,1791269161797758386,15094731416699,33.30427273600071,primary_goal,8.6753022,18.9734347,2.685578,0.0,0.0,0.0,0.2498906144918635
2942,1791269161807750649,15094740956371,33.31381240800147,primary_goal,8.6753022,18.9734347,2.685578,0.0,0.0,0.0,0.2498906144918635
2943,1791269161817745174,15094750990224,33.323846261000654,primary_goal,8.6753022,18.9734347,2.685578,0.0,0.0,0.0,0.2498906144918635
2944,1791269161827784267,15094761016459,33.33387249600128,primary_goal,8.6753022,18.9734347,2.685578,0.0,0.0,0.0,0.2498906144918635
2945,1791269161837763206,15094771316103,33.34417214000132,primary_goal,8.6753022,18.9734347,2.685578,0.0,0.0,0.0,0.2498906144918635
2946,1791269161847783932,15094781292150,33.354148187001556,primary_goal,8.6753022,18.9734347,2.685578,0.0,0.0,0.0,0.2498906144918635
2947,1791269161857771880,15094791524518,33.364380555000025,primary_goal,8.6753022,18.9734347,2.685578,0.0,0.0,0.0,0.2498906144918635
2948,1791269161867748825,15094801320664,33.37417670100149,primary_goal,8.6753022,18.9734347,2.685578,0.0,0.0,0.0,0.2498906144918635
2949,1791269161877729890,15094811440789,33.384296826001446,primary_goal,8.6753022,18.9734347,2.685578,0.0,0.0,0.0,0.2498906144918635
2950,1791269161887751943,15094821482467,33.39433850400019,primary_goal,8.6753022,18.9734347,2.685578,0.0,0.0,0.0,0.2498906144918635
2951,1791269161897755347,15094831502538,33.404358575000515,primary_goal,8.6753022,18.9734347,2.685578,0.0,0.0,0.0,0.2498906144918635
2952,1791269161907741736,15094841009715,33.413865752001584,primary_goal,8.6753022,18.9734347,2.685578,0.0,0.0,0.0,0.2498906144918635
2953,1791269161917743295,15094851031655,33.42388769200079,primary_goal,8.6753022,18.9734347,2.685578,0.0,0.0,0.0,0.2498906144918635
2954,1791269161927757440,15094861075677,33.43393171400021,primary_goal,8.6753022,18.9734347,2.685578,0.0,0.0,0.0,0.2498906144918635
2955,1791269161937772009,15094871322014,33.44417805100056,primary_goal,8.6753022,18.9734347,2.685578,0.0,0.0,0.0,0.2498906144918635
2956,1791269161947762345,15094881440750,33.4542967870002,primary_goal,8.6753022,18.9734347,2.685578,0.0,0.0,0.0,0.2498906144918635
2957,1791269161957753660,15094891671487,33.464527524000005,primary_goal,8.6753022,18.9734347,2.685578,0.0,0.0,0.0,0.2498906144918635
2958,1791269161967783773,15094901686763,33.47454280000056,primary_goal,8.6753022,18.9734347,2.685578,0.0,0.0,0.0,0.2498906144918635
2959,1791269161977789787,15094911404259,33.484260296001594,primary_goal,8.6753022,18.9734347,2.685578,0.0,0.0,0.0,0.2498906144918635
2960,1791269161987782940,15094921609231,33.49446526800057,primary_goal,8.6753022,18.9734347,2.685578,0.0,0.0,0.0,0.2498906144918635
2961,1791269161997753589,15094931390202,33.50424623900108,primary_goal,8.6753022,18.9734347,2.685578,0.0,0.0,0.0,0.2498906144918635
2962,1791269162007752488,15094941049147,33.51390518400149,primary_goal,8.6753022,18.9734347,2.685578,0.0,0.0,0.0,0.2498906144918635
2963,1791269162017740182,15094951016107,33.52387214400005,primary_goal,8.6753022,18.9734347,2.685578,0.0,0.0,0.0,0.2498906144918635
2964,1791269162027774206,15094961090314,33.53394635100085,primary_goal,8.6753022,18.9734347,2.685578,0.0,0.0,0.0,0.2498906144918635
2965,1791269162037796693,15094971558169,33.54441420600051,primary_goal,8.6753022,18.9734347,2.685578,0.0,0.0,0.0,0.2498906144918635
2966,1791269162047780766,15094981510232,33.55436626900155,primary_goal,8.6753022,18.9734347,2.685578,0.0,0.0,0.0,0.2498906144918635
2967,1791269162057762555,15094991311428,33.56416746500145,primary_goal,8.6753022,18.9734347,2.685578,0.0,0.0,0.0,0.2498906144918635
2968,1791269162067750561,15095001510655,33.574366692000694,primary_goal,8.6753022,18.9734347,2.685578,0.0,0.0,0.0,0.2498906144918635
2969,1791269162077811225,15095011416641,33.58427267800107,primary_goal,8.6753022,18.9734347,2.685578,0.0,0.0,0.0,0.2498906144918635
2970,1791269162087773387,15095021552327,33.59440836400063,primary_goal,8.6753022,18.9734347,2.685578,0.0,0.0,0.0,0.2498906144918635
2971,1791269162097752729,15095031285105,33.604141142001026,primary_goal,8.6753022,18.9734347,2.685578,0.0,0.0,0.0,0.2498906144918635
2972,1791269162107822176,15095041059133,33.61391517000084,primary_goal,8.6753022,18.9734347,2.685578,0.0,0.0,0.0,0.2498906144918635
2973,1791269162117780999,15095051108465,33.6239645020014,primary_goal,8.6753022,18.9734347,2.685578,0.0,0.0,0.0,0.2498906144918635
2974,1791269162127756890,15095061096463,33.633952500000305,primary_goal,8.6753022,18.9734347,2.685578,0.0,0.0,0.0,0.2498906144918635
2975,1791269162137767073,15095071369120,33.64422515700062,primary_goal,8.6753022,18.9734347,2.685578,0.0,0.0,0.0,0.2498906144918635
2976,1791269162147750361,15095081288757,33.654144793999876,primary_goal,8.6753022,18.9734347,2.685578,0.0,0.0,0.0,0.2498906144918635
2977,1791269162157774674,15095091532833,33.66438887000004,primary_goal,8.6753022,18.9734347,2.685578,0.0,0.0,0.0,0.2498906144918635
2978,1791269162167784466,15095101705367,33.674561404001,primary_goal,8.6753022,18.9734347,2.685578,0.0,0.0,0.0,0.2498906144918635
2979,1791269162177752067,15095111381690,33.684237727000436,primary_goal,8.6753022,18.9734347,2.685578,0.0,0.0,0.0,0.2498906144918635
2980,1791269162187786456,15095121736047,33.69459208400076,primary_goal,8.6753022,18.9734347,2.685578,0.0,0.0,0.0,0.2498906144918635
2981,1791269162197834302,15095131302691,33.70415872800004,primary_goal,8.6753022,18.9734347,2.685578,0.0,0.0,0.0,0.2498906144918635
2982,1791269162207741087,15095140984415,33.71384045200102,primary_goal,8.6753022,18.9734347,2.685578,0.0,0.0,0.0,0.2498906144918635
2983,1791269162217725349,15095151052675,33.7239087120015,primary_goal,8.6753022,18.9734347,2.685578,0.0,0.0,0.0,0.2498906144918635
2984,1791269162227778260,15095161128481,33.73398451800131,primary_goal,8.6753022,18.9734347,2.685578,0.0,0.0,0.0,0.2498906144918635
2985,1791269162237765903,15095171364784,33.74422082100136,primary_goal,8.6753022,18.9734347,2.685578,0.0,0.0,0.0,0.2498906144918635
2986,1791269162247783655,15095181375421,33.754231458000504,primary_goal,8.6753022,18.9734347,2.685578,0.0,0.0,0.0,0.2498906144918635
2987,1791269162257755040,15095191162007,33.764018044001205,primary_goal,8.6753022,18.9734347,2.685578,0.0,0.0,0.0,0.2498906144918635
2988,1791269162267792824,15095201335042,33.77419107900096,primary_goal,8.6753022,18.9734347,2.685578,0.0,0.0,0.0,0.2498906144918635
2989,1791269162277757437,15095211338526,33.78419456300071,primary_goal,8.6753022,18.9734347,2.685578,0.0,0.0,0.0,0.2498906144918635
2990,1791269162287746484,15095221581318,33.7944373549999,primary_goal,8.6753022,18.9734347,2.685578,0.0,0.0,0.0,0.2498906144918635
2991,1791269162297778473,15095231289165,33.804145202000655,primary_goal,8.6753022,18.9734347,2.685578,0.0,0.0,0.0,0.2498906144918635
2992,1791269162307731914,15095241053775,33.81390981200093,primary_goal,8.6753022,18.9734347,2.685578,0.0,0.0,0.0,0.2498906144918635
2993,1791269162317740374,15095250951743,33.823807780001516,primary_goal,8.6753022,18.9734347,2.685578,0.0,0.0,0.0,0.2498906144918635
2994,1791269162327756638,15095261008898,33.83386493500075,primary_goal,8.6753022,18.9734347,2.685578,0.0,0.0,0.0,0.2498906144918635
2995,1791269162337752394,15095271157997,33.84401403400079,primary_goal,8.6753022,18.9734347,2.685578,0.0,0.0,0.0,0.2498906144918635
2996,1791269162347777684,15095281419887,33.85427592400083,primary_goal,8.6753022,18.9734347,2.685578,0.0,0.0,0.0,0.2498906144918635
2997,1791269162357844341,15095291741647,33.86459768400164,primary_goal,8.6753022,18.9734347,2.685578,0.0,0.0,0.0,0.2498906144918635
2998,1791269162367800670,15095301713258,33.87456929500149,primary_goal,8.6753022,18.9734347,2.685578,0.0,0.0,0.0,0.2498906144918635
2999,1791269162377747193,15095311339688,33.88419572500061,primary_goal,8.6753022,18.9734347,2.685578,0.0,0.0,0.0,0.2498906144918635
3000,1791269162387776973,15095321609906,33.89446594299989,primary_goal,8.6753022,18.9734347,2.685578,0.0,0.0,0.0,0.2498906144918635
3001,1791269162397739874,15095331290667,33.904146704000595,primary_goal,8.6753022,18.9734347,2.685578,0.0,0.0,0.0,0.2498906144918635
3002,1791269162407751052,15095340877410,33.913733447001505,primary_goal,8.6753022,18.9734347,2.685578,0.0,0.0,0.0,0.2498906144918635
3003,1791269162417740716,15095350987954,33.92384399100047,primary_goal,8.6753022,18.9734347,2.685578,0.0,0.0,0.0,0.2498906144918635
3004,1791269162427775930,15095361061869,33.933917906000715,primary_goal,8.6753022,18.9734347,2.685578,0.0,0.0,0.0,0.2498906144918635
3005,1791269162437759619,15095371314139,33.944170176000625,primary_goal,8.6753022,18.9734347,2.685578,0.0,0.0,0.0,0.2498906144918635
3006,1791269162447824031,15095381290861,33.954146898000545,primary_goal,8.6753022,18.9734347,2.685578,0.0,0.0,0.0,0.2498906144918635
3007,1791269162457755340,15095391527636,33.964383673001066,primary_goal,8.6753022,18.9734347,2.685578,0.0,0.0,0.0,0.2498906144918635
3008,1791269162467847857,15095401551386,33.97440742300023,primary_goal,8.6753022,18.9734347,2.685578,0.0,0.0,0.0,0.2498906144918635
3009,1791269162477871578,15095411679124,33.98453516100017,primary_goal,8.6753022,18.9734347,2.685578,0.0,0.0,0.0,0.2498906144918635
3010,1791269162487818875,15095421750361,33.99460639800054,primary_goal,8.6753022,18.9734347,2.685578,0.0,0.0,0.0,0.2498906144918635
3011,1791269162497713242,15095431460428,34.004316465001466,primary_goal,8.6753022,18.9734347,2.685578,0.0,0.0,0.0,0.2498906144918635
3012,1791269162507716140,15095440973758,34.013829795001584,primary_goal,8.6753022,18.9734347,2.685578,0.0,0.0,0.0,0.2498906144918635
3013,1791269162517739031,15095450932052,34.023788088999936,primary_goal,8.6753022,18.9734347,2.685578,0.0,0.0,0.0,0.2498906144918635
3014,1791269162527765764,15095461023217,34.03387925400057,primary_goal,8.6753022,18.9734347,2.685578,0.0,0.0,0.0,0.2498906144918635
3015,1791269162537752277,15095471235164,34.0440912009999,primary_goal,8.6753022,18.9734347,2.685578,0.0,0.0,0.0,0.2498906144918635
3016,1791269162547841440,15095481519754,34.054375790999984,primary_goal,8.6753022,18.9734347,2.685578,0.0,0.0,0.0,0.2498906144918635
3017,1791269162557875494,15095491697783,34.06455382000058,primary_goal,8.6753022,18.9734347,2.685578,0.0,0.0,0.0,0.2498906144918635
3018,1791269162567778120,15095501410346,34.07426638300058,primary_goal,8.6753022,18.9734347,2.685578,0.0,0.0,0.0,0.2498906144918635
3019,1791269162577763569,15095511262564,34.08411860100023,primary_goal,8.6753022,18.9734347,2.685578,0.0,0.0,0.0,0.2498906144918635
3020,1791269162587729080,15095521264843,34.094120880001356,primary_goal,8.6753022,18.9734347,2.685578,0.0,0.0,0.0,0.2498906144918635
3021,1791269162597720291,15095531464496,34.104320533000646,primary_goal,8.6753022,18.9734347,2.685578,0.0,0.0,0.0,0.2498906144918635
3022,1791269162607680904,15095541054287,34.113910324000244,primary_goal,8.6753022,18.9734347,2.685578,0.0,0.0,0.0,0.2498906144918635
3023,1791269162617720828,15095551160408,34.12401644500096,primary_goal,8.6753022,18.9734347,2.685578,0.0,0.0,0.0,0.2498906144918635
3024,1791269162627750452,15095561015828,34.1338718650004,primary_goal,8.6753022,18.9734347,2.685578,0.0,0.0,0.0,0.2498906144918635
3025,1791269162637757512,15095571198280,34.144054317001064,primary_goal,8.6753022,18.9734347,2.685578,0.0,0.0,0.0,0.2498906144918635
3026,1791269162647728644,15095581308212,34.15416424900104,primary_goal,8.6753022,18.9734347,2.685578,0.0,0.0,0.0,0.2498906144918635
3027,1791269162657736594,15095591409261,34.16426529800083,primary_goal,8.6753022,18.9734347,2.685578,0.0,0.0,0.0,0.2498906144918635
3028,1791269162667725044,15095601449552,34.17430558900014,primary_goal,8.6753022,18.9734347,2.685578,0.0,0.0,0.0,0.2498906144918635
3029,1791269162677854634,15095611400189,34.1842562260008,primary_goal,8.6753022,18.9734347,2.685578,0.0,0.0,0.0,0.2498906144918635
3030,1791269162687780684,15095621637283,34.19449332000113,primary_goal,8.6753022,18.9734347,2.685578,0.0,0.0,0.0,0.2498906144918635
3031,1791269162697737523,15095631618877,34.20447491400046,primary_goal,8.6753022,18.9734347,2.685578,0.0,0.0,0.0,0.2498906144918635
3032,1791269162707709717,15095640893522,34.21374955900137,primary_goal,8.6753022,18.9734347,2.685578,0.0,0.0,0.0,0.2498906144918635
3033,1791269162717747536,15095650898003,34.22375404000013,primary_goal,8.6753022,18.9734347,2.685578,0.0,0.0,0.0,0.2498906144918635
3034,1791269162727722924,15095660853585,34.23370962199988,primary_goal,8.6753022,18.9734347,2.685578,0.0,0.0,0.0,0.2498906144918635
3035,1791269162737747605,15095671314962,34.24417099900165,primary_goal,8.6753022,18.9734347,2.685578,0.0,0.0,0.0,0.2498906144918635
3036,1791269162747723201,15095681409058,34.25426509499994,primary_goal,8.6753022,18.9734347,2.685578,0.0,0.0,0.0,0.2498906144918635
3037,1791269162757902333,15095691839593,34.26469563000137,primary_goal,8.6753022,18.9734347,2.685578,0.0,0.0,0.0,0.2498906144918635
3038,1791269162767737543,15095701657313,34.27451335000114,primary_goal,8.6753022,18.9734347,2.685578,0.0,0.0,0.0,0.2498906144918635
3039,1791269162777852101,15095711480947,34.28433698400113,primary_goal,8.6753022,18.9734347,2.685578,0.0,0.0,0.0,0.2498906144918635
3040,1791269162787735845,15095721476004,34.294332041001326,primary_goal,8.6753022,18.9734347,2.685578,0.0,0.0,0.0,0.2498906144918635
3041,1791269162797722358,15095731290371,34.30414640800154,primary_goal,8.6753022,18.9734347,2.685578,0.0,0.0,0.0,0.2498906144918635
3042,1791269162807734095,15095740899192,34.31375522900089,primary_goal,8.6753022,18.9734347,2.685578,0.0,0.0,0.0,0.2498906144918635
3043,1791269162817726062,15095750949227,34.32380526400084,primary_goal,8.6753022,18.9734347,2.685578,0.0,0.0,0.0,0.2498906144918635
3044,1791269162827748824,15095761046813,34.33390285000132,primary_goal,8.6753022,18.9734347,2.685578,0.0,0.0,0.0,0.2498906144918635
3045,1791269162837758909,15095771143228,34.34399926500009,primary_goal,8.6753022,18.9734347,2.685578,0.0,0.0,0.0,0.2498906144918635
3046,1791269162847724897,15095781367075,34.35422311200091,primary_goal,8.6753022,18.9734347,2.685578,0.0,0.0,0.0,0.2498906144918635
3047,1791269162857702566,15095791272149,34.364128186000016,primary_goal,8.6753022,18.9734347,2.685578,0.0,0.0,0.0,0.2498906144918635
3048,1791269162867747170,15095801615647,34.37447168400104,primary_goal,8.6753022,18.9734347,2.685578,0.0,0.0,0.0,0.2498906144918635
3049,1791269162877718904,15095811350133,34.38420617000156,primary_goal,8.6753022,18.9734347,2.685578,0.0,0.0,0.0,0.2498906144918635
3050,1791269162887899592,15095821738188,34.39459422500113,primary_goal,8.6753022,18.9734347,2.685578,0.0,0.0,0.0,0.2498906144918635
3051,1791269162897731654,15095831516587,34.40437262400155,primary_goal,8.6753022,18.9734347,2.685578,0.0,0.0,0.0,0.2498906144918635
3052,1791269162907714859,15095840905750,34.41376178700011,primary_goal,8.6753022,18.9734347,2.685578,0.0,0.0,0.0,0.2498906144918635
3053,1791269162917728967,15095850846944,34.42370298100104,primary_goal,8.6753022,18.9734347,2.685578,0.0,0.0,0.0,0.2498906144918635
3054,1791269162927757419,15095860853886,34.433709923001516,primary_goal,8.6753022,18.9734347,2.685578,0.0,0.0,0.0,0.2498906144918635
3055,1791269162937732832,15095871102616,34.443958653000664,primary_goal,8.6753022,18.9734347,2.685578,0.0,0.0,0.0,0.2498906144918635
3056,1791269162947768316,15095881234745,34.454090782001,primary_goal,8.6753022,18.9734347,2.685578,0.0,0.0,0.0,0.2498906144918635
3057,1791269162957731491,15095891531384,34.46438742100145,primary_goal,8.6753022,18.9734347,2.685578,0.0,0.0,0.0,0.2498906144918635
3058,1791269162967800045,15095901739668,34.474595704999956,primary_goal,8.6753022,18.9734347,2.685578,0.0,0.0,0.0,0.2498906144918635
3059,1791269162977726278,15095911398609,34.48425464600041,primary_goal,8.6753022,18.9734347,2.685578,0.0,0.0,0.0,0.2498906144918635
3060,1791269162987737089,15095921899176,34.494755213001554,primary_goal,8.6753022,18.9734347,2.685578,0.0,0.0,0.0,0.2498906144918635
3061,1791269162997740277,15095931264849,34.50412088600024,primary_goal,8.6753022,18.9734347,2.685578,0.0,0.0,0.0,0.2498906144918635
3062,1791269163007709386,15095940885753,34.513741790000495,primary_goal,8.6753022,18.9734347,2.685578,0.0,0.0,0.0,0.2498906144918635
3063,1791269163017768301,15095950910404,34.5237664410015,primary_goal,8.6753022,18.9734347,2.685578,0.0,0.0,0.0,0.2498906144918635
3064,1791269163027748650,15095960910570,34.53376660700087,primary_goal,8.6753022,18.9734347,2.685578,0.0,0.0,0.0,0.2498906144918635
3065,1791269163037749701,15095971130222,34.54398625900103,primary_goal,8.6753022,18.9734347,2.685578,0.0,0.0,0.0,0.2498906144918635
3066,1791269163047729035,15095981269246,34.55412528300076,primary_goal,8.6753022,18.9734347,2.685578,0.0,0.0,0.0,0.2498906144918635
3067,1791269163057731159,15095991598260,34.56445429700034,primary_goal,8.6753022,18.9734347,2.685578,0.0,0.0,0.0,0.2498906144918635
3068,1791269163067878225,15096001856395,34.574712432000524,primary_goal,8.6753022,18.9734347,2.685578,0.0,0.0,0.0,0.2498906144918635
3069,1791269163077752483,15096011367326,34.584223363001,primary_goal,8.6753022,18.9734347,2.685578,0.0,0.0,0.0,0.2498906144918635
3070,1791269163087862177,15096021524026,34.594380063001154,primary_goal,8.6753022,18.9734347,2.685578,0.0,0.0,0.0,0.2498906144918635
3071,1791269163097705254,15096031019879,34.603875916000106,primary_goal,8.6753022,18.9734347,2.685578,0.0,0.0,0.0,0.2498906144918635
3072,1791269163107718898,15096040982626,34.613838663000934,primary_goal,8.6753022,18.9734347,2.685578,0.0,0.0,0.0,0.2498906144918635
3073,1791269163117735200,15096051095169,34.62395120600013,primary_goal,8.6753022,18.9734347,2.685578,0.0,0.0,0.0,0.2498906144918635
3074,1791269163127750620,15096061031676,34.63388771300015,primary_goal,8.6753022,18.9734347,2.685578,0.0,0.0,0.0,0.2498906144918635
3075,1791269163137744056,15096071243799,34.64409983600126,primary_goal,8.6753022,18.9734347,2.685578,0.0,0.0,0.0,0.2498906144918635
3076,1791269163147818659,15096081415129,34.6542711660004,primary_goal,8.6753022,18.9734347,2.685578,0.0,0.0,0.0,0.2498906144918635
3077,1791269163157845044,15096091698397,34.66455443400082,primary_goal,8.6753022,18.9734347,2.685578,0.0,0.0,0.0,0.2498906144918635
3078,1791269163167822393,15096101731034,34.67458707100013,primary_goal,8.6753022,18.9734347,2.685578,0.0,0.0,0.0,0.2498906144918635
3079,1791269163177713529,15096111195234,34.6840512710005,primary_goal,8.6753022,18.9734347,2.685578,0.0,0.0,0.0,0.2498906144918635
3080,1791269163187728638,15096121453122,34.69430915900011,primary_goal,8.6753022,18.9734347,2.685578,0.0,0.0,0.0,0.2498906144918635
3081,1791269163197711389,15096131077936,34.70393397299995,primary_goal,8.6753022,18.9734347,2.685578,0.0,0.0,0.0,0.2498906144918635
3082,1791269163207747640,15096141084467,34.713940504001584,primary_goal,8.6753022,18.9734347,2.685578,0.0,0.0,0.0,0.2498906144918635
3083,1791269163217710375,15096150987568,34.72384360500109,primary_goal,8.6753022,18.9734347,2.685578,0.0,0.0,0.0,0.2498906144918635
3084,1791269163227740409,15096161158910,34.734014947000105,primary_goal,8.6753022,18.9734347,2.685578,0.0,0.0,0.0,0.2498906144918635
3085,1791269163237754258,15096171753696,34.7446097330012,primary_goal,8.6753022,18.9734347,2.685578,0.0,0.0,0.0,0.2498906144918635
3086,1791269163247766438,15096181343176,34.7541992130009,primary_goal,8.6753022,18.9734347,2.685578,0.0,0.0,0.0,0.2498906144918635
3087,1791269163257864599,15096191662885,34.76451892200021,primary_goal,8.6753022,18.9734347,2.685578,0.0,0.0,0.0,0.2498906144918635
3088,1791269163267735393,15096201660664,34.77451670100163,primary_goal,8.6753022,18.9734347,2.685578,0.0,0.0,0.0,0.2498906144918635
3089,1791269163277771260,15096211470891,34.784326928000155,primary_goal,8.6753022,18.9734347,2.685578,0.0,0.0,0.0,0.2498906144918635
3090,1791269163287788005,15096221703297,34.79455933400095,primary_goal,8.6753022,18.9734347,2.685578,0.0,0.0,0.0,0.2498906144918635
3091,1791269163297715601,15096231231278,34.80408731500029,primary_goal,8.6753022,18.9734347,2.685578,0.0,0.0,0.0,0.2498906144918635
3092,1791269163307682313,15096240989196,34.81384523300039,primary_goal,8.6753022,18.9734347,2.685578,0.0,0.0,0.0,0.2498906144918635
3093,1791269163317765198,15096251113011,34.823969048000436,primary_goal,8.6753022,18.9734347,2.685578,0.0,0.0,0.0,0.2498906144918635
3094,1791269163327757303,15096261076979,34.83393301600154,primary_goal,8.6753022,18.9734347,2.685578,0.0,0.0,0.0,0.2498906144918635
3095,1791269163337736462,15096271171874,34.84402791100001,primary_goal,8.6753022,18.9734347,2.685578,0.0,0.0,0.0,0.2498906144918635
3096,1791269163347702503,15096281076350,34.853932387000896,primary_goal,8.6753022,18.9734347,2.685578,0.0,0.0,0.0,0.2498906144918635
3097,1791269163357801407,15096291726672,34.86458270900039,primary_goal,8.6753022,18.9734347,2.685578,0.0,0.0,0.0,0.2498906144918635
3098,1791269163367786952,15096301732226,34.87458826300099,primary_goal,8.6753022,18.9734347,2.685578,0.0,0.0,0.0,0.2498906144918635
3099,1791269163377729994,15096311215631,34.884071668000615,primary_goal,8.6753022,18.9734347,2.685578,0.0,0.0,0.0,0.2498906144918635
3100,1791269163387737189,15096321418377,34.89427441400039,primary_goal,8.6753022,18.9734347,2.685578,0.0,0.0,0.0,0.2498906144918635
3101,1791269163397729202,15096331275940,34.90413197700036,primary_goal,8.6753022,18.9734347,2.685578,0.0,0.0,0.0,0.2498906144918635
3102,1791269163407680513,15096340979171,34.91383520800082,primary_goal,8.6753022,18.9734347,2.685578,0.0,0.0,0.0,0.2498906144918635
3103,1791269163417669346,15096350957681,34.92381371800002,primary_goal,8.6753022,18.9734347,2.685578,0.0,0.0,0.0,0.2498906144918635
3104,1791269163427763418,15096361086464,34.933942501000274,primary_goal,8.6753022,18.9734347,2.685578,0.0,0.0,0.0,0.2498906144918635
3105,1791269163437737544,15096371272258,34.944128295001065,primary_goal,8.6753022,18.9734347,2.685578,0.0,0.0,0.0,0.2498906144918635
3106,1791269163447751394,15096381302155,34.95415819200025,primary_goal,8.6753022,18.9734347,2.685578,0.0,0.0,0.0,0.2498906144918635
3107,1791269163457790350,15096391452798,34.96430883500034,primary_goal,8.6753022,18.9734347,2.685578,0.0,0.0,0.0,0.2498906144918635
3108,1791269163467797967,15096401586266,34.974442303000615,primary_goal,8.6753022,18.9734347,2.685578,0.0,0.0,0.0,0.2498906144918635
3109,1791269163477753190,15096411409118,34.984265155000685,primary_goal,8.6753022,18.9734347,2.685578,0.0,0.0,0.0,0.2498906144918635
3110,1791269163487757586,15096421459841,34.994315878000634,primary_goal,8.6753022,18.9734347,2.685578,0.0,0.0,0.0,0.2498906144918635
3111,1791269163497731476,15096431592141,35.00444817800053,primary_goal,8.6753022,18.9734347,2.685578,0.0,0.0,0.0,0.2498906144918635
3112,1791269163507678999,15096441018065,35.013874102000045,primary_goal,8.6753022,18.9734347,2.685578,0.0,0.0,0.0,0.2498906144918635
3113,1791269163517671044,15096451027446,35.023883483001555,primary_goal,8.6753022,18.9734347,2.685578,0.0,0.0,0.0,0.2498906144918635
3114,1791269163527775110,15096461124875,35.033980912001425,primary_goal,8.6753022,18.9734347,2.685578,0.0,0.0,0.0,0.2498906144918635
3115,1791269163537728641,15096471288127,35.04414416400141,primary_goal,8.6753022,18.9734347,2.685578,0.0,0.0,0.0,0.2498906144918635
3116,1791269163547756160,15096481415398,35.05427143500128,primary_goal,8.6753022,18.9734347,2.685578,0.0,0.0,0.0,0.2498906144918635
3117,1791269163557743869,15096491550681,35.0644067180001,primary_goal,8.6753022,18.9734347,2.685578,0.0,0.0,0.0,0.2498906144918635
3118,1791269163567745409,15096501755657,35.07461169400085,primary_goal,8.6753022,18.9734347,2.685578,0.0,0.0,0.0,0.2498906144918635
3119,1791269163577746786,15096511468779,35.084324815999935,primary_goal,8.6753022,18.9734347,2.685578,0.0,0.0,0.0,0.2498906144918635
3120,1791269163587775826,15096521906280,35.09476231700137,primary_goal,8.6753022,18.9734347,2.685578,0.0,0.0,0.0,0.2498906144918635
3121,1791269163597731945,15096531338632,35.10419466900021,primary_goal,8.6753022,18.9734347,2.685578,0.0,0.0,0.0,0.2498906144918635
3122,1791269163607684736,15096541080714,35.11393675100044,primary_goal,8.6753022,18.9734347,2.685578,0.0,0.0,0.0,0.2498906144918635
3123,1791269163617664200,15096551374957,35.124230994000754,primary_goal,8.6753022,18.9734347,2.685578,0.0,0.0,0.0,0.2498906144918635
3124,1791269163627773109,15096561116397,35.13397243400141,primary_goal,8.6753022,18.9734347,2.685578,0.0,0.0,0.0,0.2498906144918635
3125,1791269163637771575,15096571358302,35.14421433900134,primary_goal,8.6753022,18.9734347,2.685578,0.0,0.0,0.0,0.2498906144918635
3126,1791269163647698523,15096581234356,35.15409039299993,primary_goal,8.6753022,18.9734347,2.685578,0.0,0.0,0.0,0.2498906144918635
3127,1791269163657777693,15096591598292,35.164454329000364,primary_goal,8.6753022,18.9734347,2.685578,0.0,0.0,0.0,0.2498906144918635
3128,1791269163667732637,15096601735428,35.17459146500005,primary_goal,8.6753022,18.9734347,2.685578,0.0,0.0,0.0,0.2498906144918635
3129,1791269163677728111,15096611342786,35.18419882300077,primary_goal,8.6753022,18.9734347,2.685578,0.0,0.0,0.0,0.2498906144918635
3130,1791269163687739975,15096621457496,35.19431353300024,primary_goal,8.6753022,18.9734347,2.685578,0.0,0.0,0.0,0.2498906144918635
3131,1791269163697729930,15096631372989,35.204229026001485,primary_goal,8.6753022,18.9734347,2.685578,0.0,0.0,0.0,0.2498906144918635
3132,1791269163707678624,15096641006201,35.21386223800073,primary_goal,8.6753022,18.9734347,2.685578,0.0,0.0,0.0,0.2498906144918635
3133,1791269163717665055,15096650998120,35.22385415700046,primary_goal,8.6753022,18.9734347,2.685578,0.0,0.0,0.0,0.2498906144918635
3134,1791269163727773317,15096661101637,35.23395767400143,primary_goal,8.6753022,18.9734347,2.685578,0.0,0.0,0.0,0.2498906144918635
3135,1791269163737736013,15096671251177,35.244107214000906,primary_goal,8.6753022,18.9734347,2.685578,0.0,0.0,0.0,0.2498906144918635
3136,1791269163747725376,15096681387166,35.25424320300044,primary_goal,8.6753022,18.9734347,2.685578,0.0,0.0,0.0,0.2498906144918635
3137,1791269163757756990,15096691598069,35.2644541059999,primary_goal,8.6753022,18.9734347,2.685578,0.0,0.0,0.0,0.2498906144918635
3138,1791269163767813905,15096701682790,35.27453882700138,primary_goal,8.6753022,18.9734347,2.685578,0.0,0.0,0.0,0.2498906144918635
3139,1791269163777732697,15096711252287,35.284108324000044,primary_goal,8.6753022,18.9734347,2.685578,0.0,0.0,0.0,0.2498906144918635
3140,1791269163787771420,15096721634627,35.29449066400048,primary_goal,8.6753022,18.9734347,2.685578,0.0,0.0,0.0,0.2498906144918635
3141,1791269163797714229,15096731417109,35.304273146000924,primary_goal,8.6753022,18.9734347,2.685578,0.0,0.0,0.0,0.2498906144918635
3142,1791269163807676383,15096741013846,35.313869883000734,primary_goal,8.6753022,18.9734347,2.685578,0.0,0.0,0.0,0.2498906144918635
3143,1791269163817717907,15096750928499,35.32378453599995,primary_goal,8.6753022,18.9734347,2.685578,0.0,0.0,0.0,0.2498906144918635
3144,1791269163827750926,15096761093084,35.33394912100084,primary_goal,8.6753022,18.9734347,2.685578,0.0,0.0,0.0,0.2498906144918635
3145,1791269163837763258,15096771307575,35.34416361200056,primary_goal,8.6753022,18.9734347,2.685578,0.0,0.0,0.0,0.2498906144918635
3146,1791269163847727267,15096781514093,35.35437013000046,primary_goal,8.6753022,18.9734347,2.685578,0.0,0.0,0.0,0.2498906144918635
3147,1791269163857732568,15096791486396,35.364342433000274,primary_goal,8.6753022,18.9734347,2.685578,0.0,0.0,0.0,0.2498906144918635
3148,1791269163867740867,15096801674210,35.37453024700153,primary_goal,8.6753022,18.9734347,2.685578,0.0,0.0,0.0,0.2498906144918635
3149,1791269163877770086,15096811363126,35.384219163001035,primary_goal,8.6753022,18.9734347,2.685578,0.0,0.0,0.0,0.2498906144918635
3150,1791269163887715416,15096821606809,35.39446284600126,primary_goal,8.6753022,18.9734347,2.685578,0.0,0.0,0.0,0.2498906144918635
3151,1791269163897729342,15096831355265,35.404211302000476,primary_goal,8.6753022,18.9734347,2.685578,0.0,0.0,0.0,0.2498906144918635
3152,1791269163907710668,15096841101623,35.41395766000096,primary_goal,8.6753022,18.9734347,2.685578,0.0,0.0,0.0,0.2498906144918635
3153,1791269163917672133,15096851007027,35.423863064001125,primary_goal,8.6753022,18.9734347,2.685578,0.0,0.0,0.0,0.2498906144918635
3154,1791269163927761735,15096861143316,35.43399935300113,primary_goal,8.6753022,18.9734347,2.685578,0.0,0.0,0.0,0.2498906144918635
3155,1791269163937757741,15096871355288,35.44421132500065,primary_goal,8.6753022,18.9734347,2.685578,0.0,0.0,0.0,0.2498906144918635
3156,1791269163947735283,15096881412651,35.45426868800132,primary_goal,8.6753022,18.9734347,2.685578,0.0,0.0,0.0,0.2498906144918635
3157,1791269163957789078,15096891767073,35.46462311000141,primary_goal,8.6753022,18.9734347,2.685578,0.0,0.0,0.0,0.2498906144918635
3158,1791269163967736850,15096901727077,35.47458311400078,primary_goal,8.6753022,18.9734347,2.685578,0.0,0.0,0.0,0.2498906144918635
3159,1791269163977718989,15096911224239,35.484080276000896,primary_goal,8.6753022,18.9734347,2.685578,0.0,0.0,0.0,0.2498906144918635
3160,1791269163987766356,15096921498982,35.49435501900007,primary_goal,8.6753022,18.9734347,2.685578,0.0,0.0,0.0,0.2498906144918635
3161,1791269163997690086,15096931403693,35.50425973000165,primary_goal,8.6753022,18.9734347,2.685578,0.0,0.0,0.0,0.2498906144918635
3162,1791269164007698965,15096940884117,35.513740154001425,primary_goal,8.6753022,18.9734347,2.685578,0.0,0.0,0.0,0.2498906144918635
3163,1791269164017700250,15096950890342,35.52374637899993,primary_goal,8.6753022,18.9734347,2.685578,0.0,0.0,0.0,0.2498906144918635
3164,1791269164027743985,15096960943685,35.53379972200128,primary_goal,8.6753022,18.9734347,2.685578,0.0,0.0,0.0,0.2498906144918635
3165,1791269164037733095,15096971391604,35.544247641000766,primary_goal,8.6753022,18.9734347,2.685578,0.0,0.0,0.0,0.2498906144918635
3166,1791269164047816676,15096981467711,35.55432374800148,primary_goal,8.6753022,18.9734347,2.685578,0.0,0.0,0.0,0.2498906144918635
3167,1791269164057708583,15096991505102,35.56436113900054,primary_goal,8.6753022,18.9734347,2.685578,0.0,0.0,0.0,0.2498906144918635
3168,1791269164067783172,15097001661769,35.574517806000586,primary_goal,8.6753022,18.9734347,2.685578,0.0,0.0,0.0,0.2498906144918635
3169,1791269164077749257,15097011487016,35.58434305300034,primary_goal,8.6753022,18.9734347,2.685578,0.0,0.0,0.0,0.2498906144918635
3170,1791269164087779351,15097021618671,35.594474708001144,primary_goal,8.6753022,18.9734347,2.685578,0.0,0.0,0.0,0.2498906144918635
3171,1791269164097713194,15097031551283,35.60440732000097,primary_goal,8.6753022,18.9734347,2.685578,0.0,0.0,0.0,0.2498906144918635
3172,1791269164107693509,15097041034333,35.61389037000117,primary_goal,8.6753022,18.9734347,2.685578,0.0,0.0,0.0,0.2498906144918635
3173,1791269164117680891,15097050884782,35.623740819000886,primary_goal,8.6753022,18.9734347,2.685578,0.0,0.0,0.0,0.2498906144918635
3174,1791269164127765107,15097060967748,35.63382378500137,primary_goal,8.6753022,18.9734347,2.685578,0.0,0.0,0.0,0.2498906144918635
3175,1791269164137766292,15097071282072,35.64413810900078,primary_goal,8.6753022,18.9734347,2.685578,0.0,0.0,0.0,0.2498906144918635
3176,1791269164147771362,15097081388590,35.65424462700139,primary_goal,8.6753022,18.9734347,2.685578,0.0,0.0,0.0,0.2498906144918635
3177,1791269164157732063,15097091669066,35.664525103000415,primary_goal,8.6753022,18.9734347,2.685578,0.0,0.0,0.0,0.2498906144918635
3178,1791269164167797158,15097101767660,35.67462369700115,primary_goal,8.6753022,18.9734347,2.685578,0.0,0.0,0.0,0.2498906144918635
3179,1791269164177723611,15097111356142,35.684212179001406,primary_goal,8.6753022,18.9734347,2.685578,0.0,0.0,0.0,0.2498906144918635
3180,1791269164187770451,15097121587739,35.69444377600121,primary_goal,8.6753022,18.9734347,2.685578,0.0,0.0,0.0,0.2498906144918635
3181,1791269164197726479,15097131504226,35.704360263000126,primary_goal,8.6753022,18.9734347,2.685578,0.0,0.0,0.0,0.2498906144918635
3182,1791269164207761550,15097141074959,35.71393099600027,primary_goal,8.6753022,18.9734347,2.685578,0.0,0.0,0.0,0.2498906144918635
3183,1791269164217702243,15097150956918,35.72381295500054,primary_goal,8.6753022,18.9734347,2.685578,0.0,0.0,0.0,0.2498906144918635
3184,1791269164227753173,15097161037184,35.73389322100047,primary_goal,8.6753022,18.9734347,2.685578,0.0,0.0,0.0,0.2498906144918635
3185,1791269164237722596,15097171220681,35.74407671800145,primary_goal,8.6753022,18.9734347,2.685578,0.0,0.0,0.0,0.2498906144918635
3186,1791269164247728002,15097181353417,35.754209454000375,primary_goal,8.6753022,18.9734347,2.685578,0.0,0.0,0.0,0.2498906144918635
3187,1791269164257797288,15097191597071,35.76445310800045,primary_goal,8.6753022,18.9734347,2.685578,0.0,0.0,0.0,0.2498906144918635
3188,1791269164267736374,15097201694049,35.77455008600009,primary_goal,8.6753022,18.9734347,2.685578,0.0,0.0,0.0,0.2498906144918635
3189,1791269164277750489,15097211394577,35.784250614000484,primary_goal,8.6753022,18.9734347,2.685578,0.0,0.0,0.0,0.2498906144918635
3190,1791269164287794845,15097221779211,35.794635248001214,primary_goal,8.6753022,18.9734347,2.685578,0.0,0.0,0.0,0.2498906144918635
3191,1791269164297751277,15097231393314,35.80424935100018,primary_goal,8.6753022,18.9734347,2.685578,0.0,0.0,0.0,0.2498906144918635
3192,1791269164307724196,15097240839001,35.81369503800124,primary_goal,8.6753022,18.9734347,2.685578,0.0,0.0,0.0,0.2498906144918635
3193,1791269164317714292,15097250827163,35.82368320000023,primary_goal,8.6753022,18.9734347,2.685578,0.0,0.0,0.0,0.2498906144918635
3194,1791269164327757514,15097260860137,35.833716174000074,primary_goal,8.6753022,18.9734347,2.685578,0.0,0.0,0.0,0.2498906144918635
3195,1791269164337727589,15097270923669,35.84377970600144,primary_goal,8.6753022,18.9734347,2.685578,0.0,0.0,0.0,0.2498906144918635
3196,1791269164347766757,15097281225552,35.854081589001,primary_goal,8.6753022,18.9734347,2.685578,0.0,0.0,0.0,0.2498906144918635
3197,1791269164357773994,15097291336749,35.864192786000785,primary_goal,8.6753022,18.9734347,2.685578,0.0,0.0,0.0,0.2498906144918635
3198,1791269164367807233,15097301664739,35.87452077600028,primary_goal,8.6753022,18.9734347,2.685578,0.0,0.0,0.0,0.2498906144918635
3199,1791269164377713233,15097311329214,35.88418525100133,primary_goal,8.6753022,18.9734347,2.685578,0.0,0.0,0.0,0.2498906144918635
3200,1791269164387712035,15097321520366,35.89437640300093,primary_goal,8.6753022,18.9734347,2.685578,0.0,0.0,0.0,0.2498906144918635
3201,1791269164397752980,15097331405485,35.904261522000525,primary_goal,8.6753022,18.9734347,2.685578,0.0,0.0,0.0,0.2498906144918635
3202,1791269164407770665,15097340813416,35.91366945300069,primary_goal,8.6753022,18.9734347,2.685578,0.0,0.0,0.0,0.2498906144918635
3203,1791269164417731864,15097350795915,35.923651952,primary_goal,8.6753022,18.9734347,2.685578,0.0,0.0,0.0,0.2498906144918635
3204,1791269164427759228,15097360886794,35.93374283100093,primary_goal,8.6753022,18.9734347,2.685578,0.0,0.0,0.0,0.2498906144918635
3205,1791269164437720347,15097371296505,35.944152542000666,primary_goal,8.6753022,18.9734347,2.685578,0.0,0.0,0.0,0.2498906144918635
3206,1791269164447761057,15097381426751,35.954282788001365,primary_goal,8.6753022,18.9734347,2.685578,0.0,0.0,0.0,0.2498906144918635
3207,1791269164457768906,15097391504690,35.964360727000894,primary_goal,8.6753022,18.9734347,2.685578,0.0,0.0,0.0,0.2498906144918635
3208,1791269164467777095,15097401911370,35.9747674070004,primary_goal,8.6753022,18.9734347,2.685578,0.0,0.0,0.0,0.2498906144918635
3209,1791269164477734492,15097411182212,35.98403824900015,primary_goal,8.6753022,18.9734347,2.685578,0.0,0.0,0.0,0.2498906144918635
3210,1791269164487716642,15097421436042,35.99429207899993,primary_goal,8.6753022,18.9734347,2.685578,0.0,0.0,0.0,0.2498906144918635
3211,1791269164497733717,15097431504992,36.0043610290013,primary_goal,8.6753022,18.9734347,2.685578,0.0,0.0,0.0,0.2498906144918635
3212,1791269164507687416,15097441061656,36.01391769300062,primary_goal,8.6753022,18.9734347,2.685578,0.0,0.0,0.0,0.2498906144918635
3213,1791269164517648324,15097451078451,36.02393448800103,primary_goal,8.6753022,18.9734347,2.685578,0.0,0.0,0.0,0.2498906144918635
3214,1791269164527717591,15097460985269,36.033841305999886,primary_goal,8.6753022,18.9734347,2.685578,0.0,0.0,0.0,0.2498906144918635
3215,1791269164537719373,15097470972761,36.043828798001414,primary_goal,8.6753022,18.9734347,2.685578,0.0,0.0,0.0,0.2498906144918635
3216,1791269164547678485,15097481625175,36.05448121200061,primary_goal,8.6753022,18.9734347,2.685578,0.0,0.0,0.0,0.2498906144918635
3217,1791269164557767889,15097491649264,36.06450530100119,primary_goal,8.6753022,18.9734347,2.685578,0.0,0.0,0.0,0.2498906144918635
3218,1791269164567735143,15097501556895,36.074412932000996,primary_goal,8.6753022,18.9734347,2.685578,0.0,0.0,0.0,0.2498906144918635
3219,1791269164577684187,15097511377928,36.08423396500075,primary_goal,8.6753022,18.9734347,2.685578,0.0,0.0,0.0,0.2498906144918635
3220,1791269164587870861,15097521962478,36.09481851500095,primary_goal,8.6753022,18.9734347,2.685578,0.0,0.0,0.0,0.2498906144918635
3221,1791269164597743180,15097531534248,36.1043902850015,primary_goal,8.6753022,18.9734347,2.685578,0.0,0.0,0.0,0.2498906144918635
3222,1791269164607674472,15097541049259,36.11390529600067,primary_goal,8.6753022,18.9734347,2.685578,0.0,0.0,0.0,0.2498906144918635
3223,1791269164617648716,15097551419906,36.12427594300061,primary_goal,8.6753022,18.9734347,2.685578,0.0,0.0,0.0,0.2498906144918635
3224,1791269164627707833,15097561079089,36.133935126001234,primary_goal,8.6753022,18.9734347,2.685578,0.0,0.0,0.0,0.2498906144918635
3225,1791269164637694102,15097571053504,36.14390954100054,primary_goal,8.6753022,18.9734347,2.685578,0.0,0.0,0.0,0.2498906144918635
3226,1791269164647679212,15097581204783,36.15406082000118,primary_goal,8.6753022,18.9734347,2.685578,0.0,0.0,0.0,0.2498906144918635
3227,1791269164657695318,15097590989513,36.1638455500015,primary_goal,8.6753022,18.9734347,2.685578,0.0,0.0,0.0,0.2498906144918635
3228,1791269164667657255,15097601306776,36.174162813000294,primary_goal,8.6753022,18.9734347,2.685578,0.0,0.0,0.0,0.2498906144918635
3229,1791269164677743830,15097611147191,36.18400322800153,primary_goal,8.6753022,18.9734347,2.685578,0.0,0.0,0.0,0.2498906144918635
3230,1791269164687731388,15097621123454,36.1939794910013,primary_goal,8.6753022,18.9734347,2.685578,0.0,0.0,0.0,0.2498906144918635
3231,1791269164697722569,15097631305573,36.20416161000139,primary_goal,8.6753022,18.9734347,2.685578,0.0,0.0,0.0,0.2498906144918635
3232,1791269164707701932,15097641065513,36.21392155000103,primary_goal,8.6753022,18.9734347,2.685578,0.0,0.0,0.0,0.2498906144918635
3233,1791269164717652968,15097650998307,36.22385434399985,primary_goal,8.6753022,18.9734347,2.685578,0.0,0.0,0.0,0.2498906144918635
3234,1791269164727680120,15097661074878,36.23393091500111,primary_goal,8.6753022,18.9734347,2.685578,0.0,0.0,0.0,0.2498906144918635
3235,1791269164737715087,15097671304488,36.24416052500055,primary_goal,8.6753022,18.9734347,2.685578,0.0,0.0,0.0,0.2498906144918635
3236,1791269164747722619,15097681476006,36.25433204300134,primary_goal,8.6753022,18.9734347,2.685578,0.0,0.0,0.0,0.2498906144918635
3237,1791269164757722396,15097691442026,36.26429806300075,primary_goal,8.6753022,18.9734347,2.685578,0.0,0.0,0.0,0.2498906144918635
3238,1791269164767704652,15097701555193,36.274411230000624,primary_goal,8.6753022,18.9734347,2.685578,0.0,0.0,0.0,0.2498906144918635
3239,1791269164777705943,15097711527927,36.28438396400088,primary_goal,8.6753022,18.9734347,2.685578,0.0,0.0,0.0,0.2498906144918635
3240,1791269164787714339,15097721571220,36.29442725700028,primary_goal,8.6753022,18.9734347,2.685578,0.0,0.0,0.0,0.2498906144918635
3241,1791269164797712198,15097731561928,36.30441796500054,primary_goal,8.6753022,18.9734347,2.685578,0.0,0.0,0.0,0.2498906144918635
3242,1791269164807683829,15097740924593,36.31378063000011,primary_goal,8.6753022,18.9734347,2.685578,0.0,0.0,0.0,0.2498906144918635
3243,1791269164817643417,15097751060823,36.32391686000119,primary_goal,8.6753022,18.9734347,2.685578,0.0,0.0,0.0,0.2498906144918635
3244,1791269164827673100,15097761132849,36.33398888600095,primary_goal,8.6753022,18.9734347,2.685578,0.0,0.0,0.0,0.2498906144918635
3245,1791269164837705064,15097771470732,36.34432676899996,primary_goal,8.6753022,18.9734347,2.685578,0.0,0.0,0.0,0.2498906144918635
3246,1791269164847719131,15097781484346,36.35434038300082,primary_goal,8.6753022,18.9734347,2.685578,0.0,0.0,0.0,0.2498906144918635
3247,1791269164857739860,15097791502149,36.36435818600148,primary_goal,8.6753022,18.9734347,2.685578,0.0,0.0,0.0,0.2498906144918635
3248,1791269164867741389,15097801312011,36.37416804800159,primary_goal,8.6753022,18.9734347,2.685578,0.0,0.0,0.0,0.2498906144918635
3249,1791269164877705763,15097811399774,36.38425581100091,primary_goal,8.6753022,18.9734347,2.685578,0.0,0.0,0.0,0.2498906144918635
3250,1791269164887752074,15097821666958,36.39452299500044,primary_goal,8.6753022,18.9734347,2.685578,0.0,0.0,0.0,0.2498906144918635
3251,1791269164897734410,15097831598417,36.4044544540011,primary_goal,8.6753022,18.9734347,2.685578,0.0,0.0,0.0,0.2498906144918635
3252,1791269164907655734,15097840978033,36.41383407000103,primary_goal,8.6753022,18.9734347,2.685578,0.0,0.0,0.0,0.2498906144918635
3253,1791269164917662279,15097850901524,36.42375756100046,primary_goal,8.6753022,18.9734347,2.685578,0.0,0.0,0.0,0.2498906144918635
3254,1791269164927739643,15097860949402,36.433805439000935,primary_goal,8.6753022,18.9734347,2.685578,0.0,0.0,0.0,0.2498906144918635
3255,1791269164937724633,15097871095014,36.44395105100011,primary_goal,8.6753022,18.9734347,2.685578,0.0,0.0,0.0,0.2498906144918635
3256,1791269164947744973,15097881311866,36.45416790300078,primary_goal,8.6753022,18.9734347,2.685578,0.0,0.0,0.0,0.2498906144918635
3257,1791269164957770988,15097891364902,36.46422093900037,primary_goal,8.6753022,18.9734347,2.685578,0.0,0.0,0.0,0.2498906144918635
3258,1791269164967747289,15097901509419,36.47436545600067,primary_goal,8.6753022,18.9734347,2.685578,0.0,0.0,0.0,0.2498906144918635
3259,1791269164977702990,15097911397314,36.48425335100001,primary_goal,8.6753022,18.9734347,2.685578,0.0,0.0,0.0,0.2498906144918635
3260,1791269164987717027,15097921697983,36.49455402000058,primary_goal,8.6753022,18.9734347,2.685578,0.0,0.0,0.0,0.2498906144918635
3261,1791269164997757984,15097931329093,36.50418513000113,primary_goal,8.6753022,18.9734347,2.685578,0.0,0.0,0.0,0.2498906144918635
3262,1791269165007691456,15097940945803,36.51380184000118,primary_goal,8.6753022,18.9734347,2.685578,0.0,0.0,0.0,0.2498906144918635
3263,1791269165017720477,15097950930168,36.52378620499985,primary_goal,8.6753022,18.9734347,2.685578,0.0,0.0,0.0,0.2498906144918635
3264,1791269165027746308,15097961276346,36.534132383001634,primary_goal,8.6753022,18.9734347,2.685578,0.0,0.0,0.0,0.2498906144918635
3265,1791269165037713386,15097971338376,36.544194413001605,primary_goal,8.6753022,18.9734347,2.685578,0.0,0.0,0.0,0.2498906144918635
3266,1791269165047725670,15097981321500,36.554177537000214,primary_goal,8.6753022,18.9734347,2.685578,0.0,0.0,0.0,0.2498906144918635
3267,1791269165057715801,15097991416167,36.5642722040011,primary_goal,8.6753022,18.9734347,2.685578,0.0,0.0,0.0,0.2498906144918635
3268,1791269165067723513,15098001630597,36.574486634001005,primary_goal,8.6753022,18.9734347,2.685578,0.0,0.0,0.0,0.2498906144918635
3269,1791269165077712631,15098011245117,36.58410115400147,primary_goal,8.6753022,18.9734347,2.685578,0.0,0.0,0.0,0.2498906144918635
3270,1791269165087695208,15098021353113,36.5942091500001,primary_goal,8.6753022,18.9734347,2.685578,0.0,0.0,0.0,0.2498906144918635
3271,1791269165097697917,15098031360142,36.604216179001014,primary_goal,8.6753022,18.9734347,2.685578,0.0,0.0,0.0,0.2498906144918635
3272,1791269165107660384,15098040858835,36.613714872000855,primary_goal,8.6753022,18.9734347,2.685578,0.0,0.0,0.0,0.2498906144918635
3273,1791269165117697617,15098050917422,36.62377345900131,primary_goal,8.6753022,18.9734347,2.685578,0.0,0.0,0.0,0.2498906144918635
3274,1791269165127739682,15098060957155,36.63381319200016,primary_goal,8.6753022,18.9734347,2.685578,0.0,0.0,0.0,0.2498906144918635
3275,1791269165137750812,15098071159511,36.644015548001335,primary_goal,8.6753022,18.9734347,2.685578,0.0,0.0,0.0,0.2498906144918635
3276,1791269165147742978,15098081343639,36.654199676000644,primary_goal,8.6753022,18.9734347,2.685578,0.0,0.0,0.0,0.2498906144918635
3277,1791269165157718221,15098091490272,36.66434630900039,primary_goal,8.6753022,18.9734347,2.685578,0.0,0.0,0.0,0.2498906144918635
3278,1791269165167750438,15098101493092,36.67434912899989,primary_goal,8.6753022,18.9734347,2.685578,0.0,0.0,0.0,0.2498906144918635
3279,1791269165177686654,15098111295271,36.684151307999855,primary_goal,8.6753022,18.9734347,2.685578,0.0,0.0,0.0,0.2498906144918635
3280,1791269165187768715,15098121337530,36.694193567000184,primary_goal,8.6753022,18.9734347,2.685578,0.0,0.0,0.0,0.2498906144918635
3281,1791269165197698225,15098131304261,36.704160298000716,primary_goal,8.6753022,18.9734347,2.685578,0.0,0.0,0.0,0.2498906144918635
3282,1791269165207702688,15098140876342,36.71373237900116,primary_goal,8.6753022,18.9734347,2.685578,0.0,0.0,0.0,0.2498906144918635
3283,1791269165217671124,15098150923027,36.723779064001064,primary_goal,8.6753022,18.9734347,2.685578,0.0,0.0,0.0,0.2498906144918635
3284,1791269165227748874,15098160986038,36.73384207500021,primary_goal,8.6753022,18.9734347,2.685578,0.0,0.0,0.0,0.2498906144918635
3285,1791269165237763456,15098171263078,36.74411911500101,primary_goal,8.6753022,18.9734347,2.685578,0.0,0.0,0.0,0.2498906144918635
3286,1791269165247764199,15098181432997,36.754289034000976,primary_goal,8.6753022,18.9734347,2.685578,0.0,0.0,0.0,0.2498906144918635
3287,1791269165257783341,15098191584666,36.76444070300022,primary_goal,8.6753022,18.9734347,2.685578,0.0,0.0,0.0,0.2498906144918635
3288,1791269165267720563,15098201587609,36.7744436460016,primary_goal,8.6753022,18.9734347,2.685578,0.0,0.0,0.0,0.2498906144918635
3289,1791269165277723411,15098211408866,36.7842649030008,primary_goal,8.6753022,18.9734347,2.685578,0.0,0.0,0.0,0.2498906144918635
3290,1791269165287778119,15098221548359,36.79440439600148,primary_goal,8.6753022,18.9734347,2.685578,0.0,0.0,0.0,0.2498906144918635
3291,1791269165297713977,15098231375621,36.8042316580013,primary_goal,8.6753022,18.9734347,2.685578,0.0,0.0,0.0,0.2498906144918635
3292,1791269165307694953,15098240971268,36.813827305000814,primary_goal,8.6753022,18.9734347,2.685578,0.0,0.0,0.0,0.2498906144918635
3293,1791269165317659789,15098250859829,36.823715866001294,primary_goal,8.6753022,18.9734347,2.685578,0.0,0.0,0.0,0.2498906144918635
3294,1791269165327659466,15098260793278,36.833649315,primary_goal,8.6753022,18.9734347,2.685578,0.0,0.0,0.0,0.2498906144918635
3295,1791269165337752877,15098271293498,36.844149535001634,primary_goal,8.6753022,18.9734347,2.685578,0.0,0.0,0.0,0.2498906144918635
3296,1791269165347714925,15098281254747,36.85411078400102,primary_goal,8.6753022,18.9734347,2.685578,0.0,0.0,0.0,0.2498906144918635
3297,1791269165357709541,15098291445599,36.864301636000164,primary_goal,8.6753022,18.9734347,2.685578,0.0,0.0,0.0,0.2498906144918635
3298,1791269165367706512,15098301315153,36.8741711900002,primary_goal,8.6753022,18.9734347,2.685578,0.0,0.0,0.0,0.2498906144918635
3299,1791269165377731719,15098311299623,36.88415566000003,primary_goal,8.6753022,18.9734347,2.685578,0.0,0.0,0.0,0.2498906144918635
3300,1791269165387802756,15098321709883,36.89456591999988,primary_goal,8.6753022,18.9734347,2.685578,0.0,0.0,0.0,0.2498906144918635
3301,1791269165397671391,15098331308781,36.904164818000936,primary_goal,8.6753022,18.9734347,2.685578,0.0,0.0,0.0,0.2498906144918635
3302,1791269165407677916,15098340884634,36.913740671001506,primary_goal,8.6753022,18.9734347,2.685578,0.0,0.0,0.0,0.2498906144918635
3303,1791269165417647596,15098350868277,36.92372431400145,primary_goal,8.6753022,18.9734347,2.685578,0.0,0.0,0.0,0.2498906144918635
3304,1791269165427724804,15098360967059,36.9338230960002,primary_goal,8.6753022,18.9734347,2.685578,0.0,0.0,0.0,0.2498906144918635
3305,1791269165437708435,15098371152318,36.94400835500164,primary_goal,8.6753022,18.9734347,2.685578,0.0,0.0,0.0,0.2498906144918635
3306,1791269165447789241,15098381461845,36.954317882000396,primary_goal,8.6753022,18.9734347,2.685578,0.0,0.0,0.0,0.2498906144918635
3307,1791269165457749187,15098391414944,36.96427098100139,primary_goal,8.6753022,18.9734347,2.685578,0.0,0.0,0.0,0.2498906144918635
3308,1791269165467711452,15098401827539,36.97468357600155,primary_goal,8.6753022,18.9734347,2.685578,0.0,0.0,0.0,0.2498906144918635
3309,1791269165477702372,15098411260716,36.98411675300122,primary_goal,8.6753022,18.9734347,2.685578,0.0,0.0,0.0,0.2498906144918635
3310,1791269165487694633,15098421407963,36.99426400000084,primary_goal,8.6753022,18.9734347,2.685578,0.0,0.0,0.0,0.2498906144918635
3311,1791269165497693046,15098431407628,37.00426366500142,primary_goal,8.6753022,18.9734347,2.685578,0.0,0.0,0.0,0.2498906144918635
3312,1791269165507635573,15098441053748,37.01390978500058,primary_goal,8.6753022,18.9734347,2.685578,0.0,0.0,0.0,0.2498906144918635
3313,1791269165517731324,15098451103879,37.02395991600133,primary_goal,8.6753022,18.9734347,2.685578,0.0,0.0,0.0,0.2498906144918635
3314,1791269165527713890,15098460981048,37.033837085000414,primary_goal,8.6753022,18.9734347,2.685578,0.0,0.0,0.0,0.2498906144918635
3315,1791269165537744665,15098471288348,37.044144385001346,primary_goal,8.6753022,18.9734347,2.685578,0.0,0.0,0.0,0.2498906144918635
3316,1791269165547710700,15098481331030,37.054187067000385,primary_goal,8.6753022,18.9734347,2.685578,0.0,0.0,0.0,0.2498906144918635
3317,1791269165557704258,15098491295766,37.06415180300064,primary_goal,8.6753022,18.9734347,2.685578,0.0,0.0,0.0,0.2498906144918635
3318,1791269165567681489,15098501356079,37.074212116000126,primary_goal,8.6753022,18.9734347,2.685578,0.0,0.0,0.0,0.2498906144918635
3319,1791269165577720364,15098511250522,37.08410655900116,primary_goal,8.6753022,18.9734347,2.685578,0.0,0.0,0.0,0.2498906144918635
3320,1791269165587834227,15098521632623,37.094488660000934,primary_goal,8.6753022,18.9734347,2.685578,0.0,0.0,0.0,0.2498906144918635
3321,1791269165597708079,15098531259980,37.104116017000706,primary_goal,8.6753022,18.9734347,2.685578,0.0,0.0,0.0,0.2498906144918635
3322,1791269165607669840,15098540846923,37.11370296000132,primary_goal,8.6753022,18.9734347,2.685578,0.0,0.0,0.0,0.2498906144918635
3323,1791269165617630053,15098550995735,37.12385177200122,primary_goal,8.6753022,18.9734347,2.685578,0.0,0.0,0.0,0.2498906144918635
3324,1791269165627709662,15098560962125,37.13381816200126,primary_goal,8.6753022,18.9734347,2.685578,0.0,0.0,0.0,0.2498906144918635
3325,1791269165637710446,15098571150752,37.14400678900165,primary_goal,8.6753022,18.9734347,2.685578,0.0,0.0,0.0,0.2498906144918635
3326,1791269165647697692,15098581190833,37.15404687000046,primary_goal,8.6753022,18.9734347,2.685578,0.0,0.0,0.0,0.2498906144918635
3327,1791269165657759042,15098591480583,37.16433662000054,primary_goal,8.6753022,18.9734347,2.685578,0.0,0.0,0.0,0.2498906144918635
3328,1791269165667746438,15098601602237,37.174458274001154,primary_goal,8.6753022,18.9734347,2.685578,0.0,0.0,0.0,0.2498906144918635
3329,1791269165677697474,15098611196992,37.18405302900101,primary_goal,8.6753022,18.9734347,2.685578,0.0,0.0,0.0,0.2498906144918635
3330,1791269165687737840,15098621521190,37.19437722700059,primary_goal,8.6753022,18.9734347,2.685578,0.0,0.0,0.0,0.2498906144918635
3331,1791269165697665052,15098631437569,37.20429360600065,primary_goal,8.6753022,18.9734347,2.685578,0.0,0.0,0.0,0.2498906144918635
3332,1791269165707667712,15098640733848,37.213589885001056,primary_goal,8.6753022,18.9734347,2.685578,0.0,0.0,0.0,0.2498906144918635
3333,1791269165717682985,15098650862871,37.22371890800059,primary_goal,8.6753022,18.9734347,2.685578,0.0,0.0,0.0,0.2498906144918635
3334,1791269165727711609,15098660890033,37.23374607000005,primary_goal,8.6753022,18.9734347,2.685578,0.0,0.0,0.0,0.2498906144918635
3335,1791269165737702226,15098671080360,37.24393639700065,primary_goal,8.6753022,18.9734347,2.685578,0.0,0.0,0.0,0.2498906144918635
3336,1791269165747661433,15098681285688,37.25414172500132,primary_goal,8.6753022,18.9734347,2.685578,0.0,0.0,0.0,0.2498906144918635
3337,1791269165757682237,15098691348412,37.26420444900032,primary_goal,8.6753022,18.9734347,2.685578,0.0,0.0,0.0,0.2498906144918635
3338,1791269165767693372,15098701618006,37.27447404300074,primary_goal,8.6753022,18.9734347,2.685578,0.0,0.0,0.0,0.2498906144918635
3339,1791269165777688117,15098711395451,37.284251488001246,primary_goal,8.6753022,18.9734347,2.685578,0.0,0.0,0.0,0.2498906144918635
3340,1791269165787747062,15098721574317,37.294430354000724,primary_goal,8.6753022,18.9734347,2.685578,0.0,0.0,0.0,0.2498906144918635
3341,1791269165797717031,15098731276537,37.304132574001414,primary_goal,8.6753022,18.9734347,2.685578,0.0,0.0,0.0,0.2498906144918635
3342,1791269165807675266,15098740909778,37.31376581500081,primary_goal,8.6753022,18.9734347,2.685578,0.0,0.0,0.0,0.2498906144918635
3343,1791269165817642790,15098750849589,37.32370562600045,primary_goal,8.6753022,18.9734347,2.685578,0.0,0.0,0.0,0.2498906144918635
3344,1791269165827711541,15098760931999,37.33378803600135,primary_goal,8.6753022,18.9734347,2.685578,0.0,0.0,0.0,0.2498906144918635
3345,1791269165837704286,15098771146077,37.34400211400134,primary_goal,8.6753022,18.9734347,2.685578,0.0,0.0,0.0,0.2498906144918635
3346,1791269165847692719,15098781228896,37.354084933000195,primary_goal,8.6753022,18.9734347,2.685578,0.0,0.0,0.0,0.2498906144918635
3347,1791269165857761550,15098791818939,37.36467497600097,primary_goal,8.6753022,18.9734347,2.685578,0.0,0.0,0.0,0.2498906144918635
3348,1791269165867761746,15098801612316,37.37446835300034,primary_goal,8.6753022,18.9734347,2.685578,0.0,0.0,0.0,0.2498906144918635
3349,1791269165877698404,15098811178276,37.38403431300139,primary_goal,8.6753022,18.9734347,2.685578,0.0,0.0,0.0,0.2498906144918635
3350,1791269165887850726,15098821555530,37.394411567000134,primary_goal,8.6753022,18.9734347,2.685578,0.0,0.0,0.0,0.2498906144918635
3351,1791269165897718553,15098831330446,37.40418648300147,primary_goal,8.6753022,18.9734347,2.685578,0.0,0.0,0.0,0.2498906144918635
3352,1791269165907662728,15098840883974,37.41374001100121,primary_goal,8.6753022,18.9734347,2.685578,0.0,0.0,0.0,0.2498906144918635
3353,1791269165917645679,15098850821001,37.42367703800119,primary_goal,8.6753022,18.9734347,2.685578,0.0,0.0,0.0,0.2498906144918635
3354,1791269165927709607,15098860897089,37.43375312600074,primary_goal,8.6753022,18.9734347,2.685578,0.0,0.0,0.0,0.2498906144918635
3355,1791269165937705016,15098871200918,37.44405695500063,primary_goal,8.6753022,18.9734347,2.685578,0.0,0.0,0.0,0.2498906144918635
3356,1791269165947716594,15098881394531,37.454250568000134,primary_goal,8.6753022,18.9734347,2.685578,0.0,0.0,0.0,0.2498906144918635
3357,1791269165957647956,15098891349474,37.46420551100164,primary_goal,8.6753022,18.9734347,2.685578,0.0,0.0,0.0,0.2498906144918635
3358,1791269165967673525,15098901305349,37.47416138600056,primary_goal,8.6753022,18.9734347,2.685578,0.0,0.0,0.0,0.2498906144918635
3359,1791269165977671704,15098911160555,37.48401659200135,primary_goal,8.6753022,18.9734347,2.685578,0.0,0.0,0.0,0.2498906144918635
3360,1791269165987786387,15098921443739,37.494299776000844,primary_goal,8.6753022,18.9734347,2.685578,0.0,0.0,0.0,0.2498906144918635
3361,1791269165997700595,15098931277565,37.504133602000365,primary_goal,8.6753022,18.9734347,2.685578,0.0,0.0,0.0,0.2498906144918635
3362,1791269166007684543,15098940862525,37.51371856200058,primary_goal,8.6753022,18.9734347,2.685578,0.0,0.0,0.0,0.2498906144918635
3363,1791269166017644484,15098950846035,37.52370207200147,primary_goal,8.6753022,18.9734347,2.685578,0.0,0.0,0.0,0.2498906144918635
3364,1791269166027705376,15098960944120,37.53380015699986,primary_goal,8.6753022,18.9734347,2.685578,0.0,0.0,0.0,0.2498906144918635
3365,1791269166037710138,15098971240810,37.54409684700113,primary_goal,8.6753022,18.9734347,2.685578,0.0,0.0,0.0,0.2498906144918635
3366,1791269166047706895,15098981237231,37.55409326800145,primary_goal,8.6753022,18.9734347,2.685578,0.0,0.0,0.0,0.2498906144918635
3367,1791269166057759103,15098991387931,37.56424396800139,primary_goal,8.6753022,18.9734347,2.685578,0.0,0.0,0.0,0.2498906144918635
3368,1791269166067714781,15099001341888,37.5741979250015,primary_goal,8.6753022,18.9734347,2.685578,0.0,0.0,0.0,0.2498906144918635
3369,1791269166077708267,15099011259853,37.58411589000025,primary_goal,8.6753022,18.9734347,2.685578,0.0,0.0,0.0,0.2498906144918635
3370,1791269166087692073,15099021435762,37.59429179900144,primary_goal,8.6753022,18.9734347,2.685578,0.0,0.0,0.0,0.2498906144918635
3371,1791269166097723096,15099031339075,37.604195112000525,primary_goal,8.6753022,18.9734347,2.685578,0.0,0.0,0.0,0.2498906144918635
3372,1791269166107691254,15099040958966,37.61381500300013,primary_goal,8.6753022,18.9734347,2.685578,0.0,0.0,0.0,0.2498906144918635
3373,1791269166117678561,15099050777880,37.623633917000916,primary_goal,8.6753022,18.9734347,2.685578,0.0,0.0,0.0,0.2498906144918635
3374,1791269166127725410,15099060911258,37.633767295001235,primary_goal,8.6753022,18.9734347,2.685578,0.0,0.0,0.0,0.2498906144918635
3375,1791269166137732702,15099071212400,37.6440684370009,primary_goal,8.6753022,18.9734347,2.685578,0.0,0.0,0.0,0.2498906144918635
3376,1791269166147681111,15099081254302,37.65411033900091,primary_goal,8.6753022,18.9734347,2.685578,0.0,0.0,0.0,0.2498906144918635
3377,1791269166157730267,15099091313739,37.66416977600056,primary_goal,8.6753022,18.9734347,2.685578,0.0,0.0,0.0,0.2498906144918635
3378,1791269166167696888,15099101382051,37.67423808800049,primary_goal,8.6753022,18.9734347,2.685578,0.0,0.0,0.0,0.2498906144918635
3379,1791269166177693458,15099111348537,37.68420457400134,primary_goal,8.6753022,18.9734347,2.685578,0.0,0.0,0.0,0.2498906144918635
3380,1791269166187727604,15099121462873,37.69431891000022,primary_goal,8.6753022,18.9734347,2.685578,0.0,0.0,0.0,0.2498906144918635
3381,1791269166197681379,15099131245346,37.70410138300031,primary_goal,8.6753022,18.9734347,2.685578,0.0,0.0,0.0,0.2498906144918635
3382,1791269166207645177,15099140872551,37.71372858799987,primary_goal,8.6753022,18.9734347,2.685578,0.0,0.0,0.0,0.2498906144918635
3383,1791269166217638815,15099150879527,37.72373556400089,primary_goal,8.6753022,18.9734347,2.685578,0.0,0.0,0.0,0.2498906144918635
3384,1791269166227709891,15099160931988,37.73378802500156,primary_goal,8.6753022,18.9734347,2.685578,0.0,0.0,0.0,0.2498906144918635
3385,1791269166237729426,15099171153232,37.74400926900125,primary_goal,8.6753022,18.9734347,2.685578,0.0,0.0,0.0,0.2498906144918635
3386,1791269166247928856,15099181580167,37.75443620400074,primary_goal,8.6753022,18.9734347,2.685578,0.0,0.0,0.0,0.2498906144918635
3387,1791269166257754153,15099191617158,37.76447319500039,primary_goal,8.6753022,18.9734347,2.685578,0.0,0.0,0.0,0.2498906144918635
3388,1791269166267757895,15099201675705,37.77453174200127,primary_goal,8.6753022,18.9734347,2.685578,0.0,0.0,0.0,0.2498906144918635
3389,1791269166277708960,15099211219684,37.7840757210015,primary_goal,8.6753022,18.9734347,2.685578,0.0,0.0,0.0,0.2498906144918635
3390,1791269166287673729,15099221375118,37.7942311550014,primary_goal,8.6753022,18.9734347,2.685578,0.0,0.0,0.0,0.2498906144918635
3391,1791269166297694194,15099231323144,37.80417918100102,primary_goal,8.6753022,18.9734347,2.685578,0.0,0.0,0.0,0.2498906144918635
3392,1791269166307661496,15099240860914,37.81371695100097,primary_goal,8.6753022,18.9734347,2.685578,0.0,0.0,0.0,0.2498906144918635
3393,1791269166317631403,15099250770122,37.82362615900092,primary_goal,8.6753022,18.9734347,2.685578,0.0,0.0,0.0,0.2498906144918635
3394,1791269166327709433,15099260961644,37.833817681001165,primary_goal,8.6753022,18.9734347,2.685578,0.0,0.0,0.0,0.2498906144918635
3395,1791269166337701924,15099271238106,37.84409414299989,primary_goal,8.6753022,18.9734347,2.685578,0.0,0.0,0.0,0.2498906144918635
3396,1791269166347694994,15099281172200,37.85402823700133,primary_goal,8.6753022,18.9734347,2.685578,0.0,0.0,0.0,0.2498906144918635
3397,1791269166357721820,15099291386744,37.86424278100094,primary_goal,8.6753022,18.9734347,2.685578,0.0,0.0,0.0,0.2498906144918635
3398,1791269166367753791,15099301637072,37.87449310900047,primary_goal,8.6753022,18.9734347,2.685578,0.0,0.0,0.0,0.2498906144918635
3399,1791269166377690741,15099311195931,37.884051968001586,primary_goal,8.6753022,18.9734347,2.685578,0.0,0.0,0.0,0.2498906144918635
3400,1791269166387737331,15099321604190,37.89446022700031,primary_goal,8.6753022,18.9734347,2.685578,0.0,0.0,0.0,0.2498906144918635
3401,1791269166397693146,15099331251822,37.90410785899985,primary_goal,8.6753022,18.9734347,2.685578,0.0,0.0,0.0,0.2498906144918635
3402,1791269166407659149,15099340831500,37.91368753700044,primary_goal,8.6753022,18.9734347,2.685578,0.0,0.0,0.0,0.2498906144918635
3403,1791269166417651217,15099350828859,37.92368489600085,primary_goal,8.6753022,18.9734347,2.685578,0.0,0.0,0.0,0.2498906144918635
3404,1791269166427693235,15099360923616,37.933779652999874,primary_goal,8.6753022,18.9734347,2.685578,0.0,0.0,0.0,0.2498906144918635
3405,1791269166437701693,15099371180256,37.944036292999954,primary_goal,8.6753022,18.9734347,2.685578,0.0,0.0,0.0,0.2498906144918635
3406,1791269166447661288,15099381160288,37.95401632500034,primary_goal,8.6753022,18.9734347,2.685578,0.0,0.0,0.0,0.2498906144918635
3407,1791269166457741927,15099391474372,37.96433040900047,primary_goal,8.6753022,18.9734347,2.685578,0.0,0.0,0.0,0.2498906144918635
3408,1791269166467737466,15099401484215,37.97434025200164,primary_goal,8.6753022,18.9734347,2.685578,0.0,0.0,0.0,0.2498906144918635
3409,1791269166477715126,15099411235460,37.98409149700092,primary_goal,8.6753022,18.9734347,2.685578,0.0,0.0,0.0,0.2498906144918635
3410,1791269166487718292,15099421251617,37.99410765399989,primary_goal,8.6753022,18.9734347,2.685578,0.0,0.0,0.0,0.2498906144918635
3411,1791269166497690272,15099431282242,38.00413827900047,primary_goal,8.6753022,18.9734347,2.685578,0.0,0.0,0.0,0.2498906144918635
3412,1791269166507667455,15099440990250,38.01384628699998,primary_goal,8.6753022,18.9734347,2.685578,0.0,0.0,0.0,0.2498906144918635
3413,1791269166517648561,15099450863392,38.023719429000266,primary_goal,8.6753022,18.9734347,2.685578,0.0,0.0,0.0,0.2498906144918635
3414,1791269166527700383,15099460987354,38.03384339100012,primary_goal,8.6753022,18.9734347,2.685578,0.0,0.0,0.0,0.2498906144918635
3415,1791269166537690160,15099471173705,38.04402974200093,primary_goal,8.6753022,18.9734347,2.685578,0.0,0.0,0.0,0.2498906144918635
3416,1791269166547788415,15099481390180,38.05424621700149,primary_goal,8.6753022,18.9734347,2.685578,0.0,0.0,0.0,0.2498906144918635
3417,1791269166557664472,15099491409802,38.064265839000655,primary_goal,8.6753022,18.9734347,2.685578,0.0,0.0,0.0,0.2498906144918635
3418,1791269166567746336,15099501726833,38.074582870000086,primary_goal,8.6753022,18.9734347,2.685578,0.0,0.0,0.0,0.2498906144918635
3419,1791269166577801175,15099511503613,38.0843596499999,primary_goal,8.6753022,18.9734347,2.685578,0.0,0.0,0.0,0.2498906144918635
3420,1791269166587818727,15099521870464,38.09472650099997,primary_goal,8.6753022,18.9734347,2.685578,0.0,0.0,0.0,0.2498906144918635
3421,1791269166597684691,15099531335440,38.10419147700122,primary_goal,8.6753022,18.9734347,2.685578,0.0,0.0,0.0,0.2498906144918635
3422,1791269166607648434,15099541031236,38.11388727300073,primary_goal,8.6753022,18.9734347,2.685578,0.0,0.0,0.0,0.2498906144918635
3423,1791269166617651611,15099551223661,38.12407969800006,primary_goal,8.6753022,18.9734347,2.685578,0.0,0.0,0.0,0.2498906144918635
3424,1791269166627699903,15099561048151,38.13390418800009,primary_goal,8.6753022,18.9734347,2.685578,0.0,0.0,0.0,0.2498906144918635
3425,1791269166637695281,15099571252693,38.14410873000088,primary_goal,8.6753022,18.9734347,2.685578,0.0,0.0,0.0,0.2498906144918635
3426,1791269166647778357,15099581392300,38.15424833700126,primary_goal,8.6753022,18.9734347,2.685578,0.0,0.0,0.0,0.2498906144918635
3427,1791269166657727142,15099591568935,38.16442497200114,primary_goal,8.6753022,18.9734347,2.685578,0.0,0.0,0.0,0.2498906144918635
3428,1791269166667699071,15099601351525,38.17420756200045,primary_goal,8.6753022,18.9734347,2.685578,0.0,0.0,0.0,0.2498906144918635
3429,1791269166677661820,15099611263166,38.18411920300059,primary_goal,8.6753022,18.9734347,2.685578,0.0,0.0,0.0,0.2498906144918635
3430,1791269166687700571,15099621413835,38.194269872001314,primary_goal,8.6753022,18.9734347,2.685578,0.0,0.0,0.0,0.2498906144918635
3431,1791269166697657500,15099631254485,38.20411052200143,primary_goal,8.6753022,18.9734347,2.685578,0.0,0.0,0.0,0.2498906144918635
3432,1791269166707656310,15099640877233,38.213733270000375,primary_goal,8.6753022,18.9734347,2.685578,0.0,0.0,0.0,0.2498906144918635
3433,1791269166717653502,15099651164041,38.22402007800156,primary_goal,8.6753022,18.9734347,2.685578,0.0,0.0,0.0,0.2498906144918635
3434,1791269166727677353,15099661011023,38.23386706000019,primary_goal,8.6753022,18.9734347,2.685578,0.0,0.0,0.0,0.2498906144918635
3435,1791269166737671439,15099671101042,38.24395707900112,primary_goal,8.6753022,18.9734347,2.685578,0.0,0.0,0.0,0.2498906144918635
3436,1791269166747717183,15099681324374,38.25418041100056,primary_goal,8.6753022,18.9734347,2.685578,0.0,0.0,0.0,0.2498906144918635
3437,1791269166757799884,15099691528827,38.26438486400002,primary_goal,8.6753022,18.9734347,2.685578,0.0,0.0,0.0,0.2498906144918635
3438,1791269166767690208,15099701256159,38.274112196000715,primary_goal,8.6753022,18.9734347,2.685578,0.0,0.0,0.0,0.2498906144918635
3439,1791269166777658728,15099711234452,38.28409048899994,primary_goal,8.6753022,18.9734347,2.685578,0.0,0.0,0.0,0.2498906144918635
3440,1791269166787756486,15099721716032,38.294572069000424,primary_goal,8.6753022,18.9734347,2.685578,0.0,0.0,0.0,0.2498906144918635
3441,1791269166797701818,15099731516526,38.30437256300138,primary_goal,8.6753022,18.9734347,2.685578,0.0,0.0,0.0,0.2498906144918635
3442,1791269166807615460,15099740857243,38.31371328000023,primary_goal,8.6753022,18.9734347,2.685578,0.0,0.0,0.0,0.2498906144918635
3443,1791269166817641015,15099750910049,38.32376608600134,primary_goal,8.6753022,18.9734347,2.685578,0.0,0.0,0.0,0.2498906144918635
3444,1791269166827686763,15099760903035,38.33375907200025,primary_goal,8.6753022,18.9734347,2.685578,0.0,0.0,0.0,0.2498906144918635
3445,1791269166837688024,15099771087909,38.343943945999854,primary_goal,8.6753022,18.9734347,2.685578,0.0,0.0,0.0,0.2498906144918635
3446,1791269166847697933,15099781264571,38.35412060800081,primary_goal,8.6753022,18.9734347,2.685578,0.0,0.0,0.0,0.2498906144918635
3447,1791269166857722609,15099791428020,38.36428405700099,primary_goal,8.6753022,18.9734347,2.685578,0.0,0.0,0.0,0.2498906144918635
3448,1791269166867681855,15099801373981,38.37423001800016,primary_goal,8.6753022,18.9734347,2.685578,0.0,0.0,0.0,0.2498906144918635
3449,1791269166877673391,15099811256250,38.38411228699988,primary_goal,8.6753022,18.9734347,2.685578,0.0,0.0,0.0,0.2498906144918635
3450,1791269166887726552,15099821509877,38.394365914000446,primary_goal,8.6753022,18.9734347,2.685578,0.0,0.0,0.0,0.2498906144918635
3451,1791269166897671652,15099831332052,38.404188088999945,primary_goal,8.6753022,18.9734347,2.685578,0.0,0.0,0.0,0.2498906144918635
3452,1791269166907677947,15099840843125,38.41369916200165,primary_goal,8.6753022,18.9734347,2.685578,0.0,0.0,0.0,0.2498906144918635
3453,1791269166917661653,15099850849795,38.42370583200136,primary_goal,8.6753022,18.9734347,2.685578,0.0,0.0,0.0,0.2498906144918635
3454,1791269166927681043,15099860951917,38.43380795400117,primary_goal,8.6753022,18.9734347,2.685578,0.0,0.0,0.0,0.2498906144918635
3455,1791269166937679745,15099871190323,38.44404636000036,primary_goal,8.6753022,18.9734347,2.685578,0.0,0.0,0.0,0.2498906144918635
3456,1791269166947679594,15099881224839,38.45408087600117,primary_goal,8.6753022,18.9734347,2.685578,0.0,0.0,0.0,0.2498906144918635
3457,1791269166957694147,15099891440112,38.4642961490008,primary_goal,8.6753022,18.9734347,2.685578,0.0,0.0,0.0,0.2498906144918635
3458,1791269166967747552,15099901643562,38.47449959900041,primary_goal,8.6753022,18.9734347,2.685578,0.0,0.0,0.0,0.2498906144918635
3459,1791269166977662185,15099911300417,38.484156454000185,primary_goal,8.6753022,18.9734347,2.685578,0.0,0.0,0.0,0.2498906144918635
3460,1791269166987756084,15099921554786,38.49441082300109,primary_goal,8.6753022,18.9734347,2.685578,0.0,0.0,0.0,0.2498906144918635
3461,1791269166997685376,15099931310895,38.50416693199986,primary_goal,8.6753022,18.9734347,2.685578,0.0,0.0,0.0,0.2498906144918635
3462,1791269167007673330,15099941025812,38.513881849001336,primary_goal,8.6753022,18.9734347,2.685578,0.0,0.0,0.0,0.2498906144918635
3463,1791269167017626270,15099950837108,38.523693144999925,primary_goal,8.6753022,18.9734347,2.685578,0.0,0.0,0.0,0.2498906144918635
3464,1791269167027685279,15099961080952,38.53393698900072,primary_goal,8.6753022,18.9734347,2.685578,0.0,0.0,0.0,0.2498906144918635
3465,1791269167037706428,15099971508672,38.54436470900146,primary_goal,8.6753022,18.9734347,2.685578,0.0,0.0,0.0,0.2498906144918635
3466,1791269167047675888,15099981250970,38.55410700700122,primary_goal,8.6753022,18.9734347,2.685578,0.0,0.0,0.0,0.2498906144918635
3467,1791269167057697689,15099991502074,38.56435811100164,primary_goal,8.6753022,18.9734347,2.685578,0.0,0.0,0.0,0.2498906144918635
3468,1791269167067690403,15100001316579,38.574172616001306,primary_goal,8.6753022,18.9734347,2.685578,0.0,0.0,0.0,0.2498906144918635
3469,1791269167077695621,15100011238539,38.58409457600101,primary_goal,8.6753022,18.9734347,2.685578,0.0,0.0,0.0,0.2498906144918635
3470,1791269167087752421,15100021503726,38.594359763001194,primary_goal,8.6753022,18.9734347,2.685578,0.0,0.0,0.0,0.2498906144918635
3471,1791269167097659068,15100031286804,38.604142841000794,primary_goal,8.6753022,18.9734347,2.685578,0.0,0.0,0.0,0.2498906144918635
3472,1791269167107644914,15100040912930,38.613768967001306,primary_goal,8.6753022,18.9734347,2.685578,0.0,0.0,0.0,0.2498906144918635
3473,1791269167117631621,15100050862213,38.62371825000082,primary_goal,8.6753022,18.9734347,2.685578,0.0,0.0,0.0,0.2498906144918635
3474,1791269167127687589,15100061028722,38.633884759001376,primary_goal,8.6753022,18.9734347,2.685578,0.0,0.0,0.0,0.2498906144918635
3475,1791269167137681890,15100071156591,38.64401262800129,primary_goal,8.6753022,18.9734347,2.685578,0.0,0.0,0.0,0.2498906144918635
3476,1791269167147672012,15100081392785,38.65424882200023,primary_goal,8.6753022,18.9734347,2.685578,0.0,0.0,0.0,0.2498906144918635
3477,1791269167157694533,15100091561768,38.664417805000994,primary_goal,8.6753022,18.9734347,2.685578,0.0,0.0,0.0,0.2498906144918635
3478,1791269167167752988,15100101554150,38.67441018700083,primary_goal,8.6753022,18.9734347,2.685578,0.0,0.0,0.0,0.2498906144918635
3479,1791269167177647155,15100111235733,38.68409177000103,primary_goal,8.6753022,18.9734347,2.685578,0.0,0.0,0.0,0.2498906144918635
3480,1791269167187734350,15100121449125,38.69430516200009,primary_goal,8.6753022,18.9734347,2.685578,0.0,0.0,0.0,0.2498906144918635
3481,1791269167197657649,15100131286682,38.70414271900154,primary_goal,8.6753022,18.9734347,2.685578,0.0,0.0,0.0,0.2498906144918635
3482,1791269167207639529,15100140871299,38.713727336000375,primary_goal,8.6753022,18.9734347,2.685578,0.0,0.0,0.0,0.2498906144918635
3483,1791269167217680393,15100151127990,38.72398402700128,primary_goal,8.6753022,18.9734347,2.685578,0.0,0.0,0.0,0.2498906144918635
3484,1791269167227684117,15100161281280,38.734137317000204,primary_goal,8.6753022,18.9734347,2.685578,0.0,0.0,0.0,0.2498906144918635
3485,1791269167237731956,15100171603247,38.744459284000186,primary_goal,8.6753022,18.9734347,2.685578,0.0,0.0,0.0,0.2498906144918635
3486,1791269167247683666,15100181289563,38.7541455999999,primary_goal,8.6753022,18.9734347,2.685578,0.0,0.0,0.0,0.2498906144918635
3487,1791269167257713336,15100191426134,38.76428217100147,primary_goal,8.6753022,18.9734347,2.685578,0.0,0.0,0.0,0.2498906144918635
3488,1791269167267746271,15100201644003,38.77450004000093,primary_goal,8.6753022,18.9734347,2.685578,0.0,0.0,0.0,0.2498906144918635
3489,1791269167277688742,15100211292469,38.78414850600166,primary_goal,8.6753022,18.9734347,2.685578,0.0,0.0,0.0,0.2498906144918635
3490,1791269167287715587,15100221679986,38.794536023000546,primary_goal,8.6753022,18.9734347,2.685578,0.0,0.0,0.0,0.2498906144918635
3491,1791269167297676754,15100231285991,38.80414202800057,primary_goal,8.6753022,18.9734347,2.685578,0.0,0.0,0.0,0.2498906144918635
3492,1791269167307635295,15100240982134,38.81383817100141,primary_goal,8.6753022,18.9734347,2.685578,0.0,0.0,0.0,0.2498906144918635
3493,1791269167317668461,15100250959858,38.823815895000735,primary_goal,8.6753022,18.9734347,2.685578,0.0,0.0,0.0,0.2498906144918635
3494,1791269167327680217,15100260993106,38.83384914300041,primary_goal,8.6753022,18.9734347,2.685578,0.0,0.0,0.0,0.2498906144918635
3495,1791269167337681849,15100271084871,38.84394090800015,primary_goal,8.6753022,18.9734347,2.685578,0.0,0.0,0.0,0.2498906144918635
3496,1791269167347655066,15100281119818,38.85397585500141,primary_goal,8.6753022,18.9734347,2.685578,0.0,0.0,0.0,0.2498906144918635
3497,1791269167357718209,15100291404200,38.86426023700005,primary_goal,8.6753022,18.9734347,2.685578,0.0,0.0,0.0,0.2498906144918635
3498,1791269167367727697,15100301679529,38.874535566001214,primary_goal,8.6753022,18.9734347,2.685578,0.0,0.0,0.0,0.2498906144918635
3499,1791269167377702304,15100311253583,38.884109620001254,primary_goal,8.6753022,18.9734347,2.685578,0.0,0.0,0.0,0.2498906144918635
3500,1791269167387733388,15100321483038,38.89433907500097,primary_goal,8.6753022,18.9734347,2.685578,0.0,0.0,0.0,0.2498906144918635
3501,1791269167397755956,15100331379896,38.90423593300147,primary_goal,8.6753022,18.9734347,2.685578,0.0,0.0,0.0,0.2498906144918635
3502,1791269167407641854,15100340966700,38.91382273700037,primary_goal,8.6753022,18.9734347,2.685578,0.0,0.0,0.0,0.2498906144918635
3503,1791269167417603525,15100351007793,38.92386383000121,primary_goal,8.6753022,18.9734347,2.685578,0.0,0.0,0.0,0.2498906144918635
3504,1791269167427614636,15100361036041,38.93389207800101,primary_goal,8.6753022,18.9734347,2.685578,0.0,0.0,0.0,0.2498906144918635
3505,1791269167437682678,15100371273674,38.94412971100064,primary_goal,8.6753022,18.9734347,2.685578,0.0,0.0,0.0,0.2498906144918635
3506,1791269167447690658,15100381235246,38.95409128300162,primary_goal,8.6753022,18.9734347,2.685578,0.0,0.0,0.0,0.2498906144918635
3507,1791269167457751524,15100391677604,38.96453364100125,primary_goal,8.6753022,18.9734347,2.685578,0.0,0.0,0.0,0.2498906144918635
3508,1791269167467728022,15100401677556,38.97453359300016,primary_goal,8.6753022,18.9734347,2.685578,0.0,0.0,0.0,0.2498906144918635
3509,1791269167477684655,15100411178625,38.98403466200034,primary_goal,8.6753022,18.9734347,2.685578,0.0,0.0,0.0,0.2498906144918635
3510,1791269167487691838,15100421353836,38.99420987300073,primary_goal,8.6753022,18.9734347,2.685578,0.0,0.0,0.0,0.2498906144918635
3511,1791269167497673560,15100431335648,39.00419168500048,primary_goal,8.6753022,18.9734347,2.685578,0.0,0.0,0.0,0.2498906144918635
3512,1791269167507635299,15100440875677,39.01373171400155,primary_goal,8.6753022,18.9734347,2.685578,0.0,0.0,0.0,0.2498906144918635
3513,1791269167517644345,15100450955541,39.02381157800119,primary_goal,8.6753022,18.9734347,2.685578,0.0,0.0,0.0,0.2498906144918635
3514,1791269167527671414,15100461036757,39.033892794001076,primary_goal,8.6753022,18.9734347,2.685578,0.0,0.0,0.0,0.2498906144918635
3515,1791269167537707590,15100471235796,39.04409183300049,primary_goal,8.6753022,18.9734347,2.685578,0.0,0.0,0.0,0.2498906144918635
3516,1791269167547690233,15100481326364,39.054182401001526,primary_goal,8.6753022,18.9734347,2.685578,0.0,0.0,0.0,0.2498906144918635
3517,1791269167557728253,15100491528345,39.064384381999844,primary_goal,8.6753022,18.9734347,2.685578,0.0,0.0,0.0,0.2498906144918635
3518,1791269167567753659,15100501748698,39.07460473500032,primary_goal,8.6753022,18.9734347,2.685578,0.0,0.0,0.0,0.2498906144918635
3519,1791269167577668261,15100511266115,39.08412215200042,primary_goal,8.6753022,18.9734347,2.685578,0.0,0.0,0.0,0.2498906144918635
3520,1791269167587698231,15100521963659,39.09481969600165,primary_goal,8.6753022,18.9734347,2.685578,0.0,0.0,0.0,0.2498906144918635
3521,1791269167597671959,15100531279516,39.10413555300147,primary_goal,8.6753022,18.9734347,2.685578,0.0,0.0,0.0,0.2498906144918635
3522,1791269167607644721,15100541008002,39.113864038999964,primary_goal,8.6753022,18.9734347,2.685578,0.0,0.0,0.0,0.2498906144918635
3523,1791269167617600979,15100551006508,39.12386254500052,primary_goal,8.6753022,18.9734347,2.685578,0.0,0.0,0.0,0.2498906144918635
3524,1791269167627668433,15100560964962,39.13382099900082,primary_goal,8.6753022,18.9734347,2.685578,0.0,0.0,0.0,0.2498906144918635
3525,1791269167637705205,15100571290662,39.144146698999975,primary_goal,8.6753022,18.9734347,2.685578,0.0,0.0,0.0,0.2498906144918635
3526,1791269167647703360,15100581296238,39.15415227500125,primary_goal,8.6753022,18.9734347,2.685578,0.0,0.0,0.0,0.2498906144918635
3527,1791269167657714407,15100591370909,39.16422694600078,primary_goal,8.6753022,18.9734347,2.685578,0.0,0.0,0.0,0.2498906144918635
3528,1791269167667702396,15100601368056,39.17422409300161,primary_goal,8.6753022,18.9734347,2.685578,0.0,0.0,0.0,0.2498906144918635
3529,1791269167677659406,15100611280428,39.18413646500085,primary_goal,8.6753022,18.9734347,2.685578,0.0,0.0,0.0,0.2498906144918635
3530,1791269167687658487,15100621631728,39.194487765000304,primary_goal,8.6753022,18.9734347,2.685578,0.0,0.0,0.0,0.2498906144918635
3531,1791269167697677198,15100631347288,39.20420332499998,primary_goal,8.6753022,18.9734347,2.685578,0.0,0.0,0.0,0.2498906144918635
3532,1791269167707702915,15100640988682,39.21384471900092,primary_goal,8.6753022,18.9734347,2.685578,0.0,0.0,0.0,0.2498906144918635
3533,1791269167717620401,15100650945662,39.22380169900134,primary_goal,8.6753022,18.9734347,2.685578,0.0,0.0,0.0,0.2498906144918635
3534,1791269167727771695,15100661195445,39.23405148200072,primary_goal,8.6753022,18.9734347,2.685578,0.0,0.0,0.0,0.2498906144918635
3535,1791269167737671020,15100671389636,39.24424567300048,primary_goal,8.6753022,18.9734347,2.685578,0.0,0.0,0.0,0.2498906144918635
3536,1791269167747653935,15100681380061,39.25423609800055,primary_goal,8.6753022,18.9734347,2.685578,0.0,0.0,0.0,0.2498906144918635
3537,1791269167757680003,15100691565109,39.26442114600104,primary_goal,8.6753022,18.9734347,2.685578,0.0,0.0,0.0,0.2498906144918635
3538,1791269167767725680,15100701587082,39.27444311900035,primary_goal,8.6753022,18.9734347,2.685578,0.0,0.0,0.0,0.2498906144918635
3539,1791269167777626414,15100711317966,39.28417400299986,primary_goal,8.6753022,18.9734347,2.685578,0.0,0.0,0.0,0.2498906144918635
3540,1791269167787660588,15100721543714,39.29439975100104,primary_goal,8.6753022,18.9734347,2.685578,0.0,0.0,0.0,0.2498906144918635
3541,1791269167797660098,15100731330638,39.30418667500089,primary_goal,8.6753022,18.9734347,2.685578,0.0,0.0,0.0,0.2498906144918635
3542,1791269167807636148,15100740854010,39.31371004700122,primary_goal,8.6753022,18.9734347,2.685578,0.0,0.0,0.0,0.2498906144918635
3543,1791269167817647672,15100750918158,39.32377419500153,primary_goal,8.6753022,18.9734347,2.685578,0.0,0.0,0.0,0.2498906144918635
3544,1791269167827669677,15100760933366,39.33378940300099,primary_goal,8.6753022,18.9734347,2.685578,0.0,0.0,0.0,0.2498906144918635
3545,1791269167837669233,15100771040230,39.34389626700067,primary_goal,8.6753022,18.9734347,2.685578,0.0,0.0,0.0,0.2498906144918635
3546,1791269167847683441,15100781191158,39.35404719500002,primary_goal,8.6753022,18.9734347,2.685578,0.0,0.0,0.0,0.2498906144918635
3547,1791269167857672979,15100791377740,39.36423377700157,primary_goal,8.6753022,18.9734347,2.685578,0.0,0.0,0.0,0.2498906144918635
3548,1791269167867654944,15100801206186,39.3740622230016,primary_goal,8.6753022,18.9734347,2.685578,0.0,0.0,0.0,0.2498906144918635
3549,1791269167877620154,15100811295682,39.38415171900124,primary_goal,8.6753022,18.9734347,2.685578,0.0,0.0,0.0,0.2498906144918635
3550,1791269167887777391,15100821703034,39.39455907100091,primary_goal,8.6753022,18.9734347,2.685578,0.0,0.0,0.0,0.2498906144918635
3551,1791269167897666317,15100831230865,39.40408690200093,primary_goal,8.6753022,18.9734347,2.685578,0.0,0.0,0.0,0.2498906144918635
3552,1791269167907634492,15100840828641,39.41368467800021,primary_goal,8.6753022,18.9734347,2.685578,0.0,0.0,0.0,0.2498906144918635
3553,1791269167917594396,15100850810448,39.42366648500138,primary_goal,8.6753022,18.9734347,2.685578,0.0,0.0,0.0,0.2498906144918635
3554,1791269167927660686,15100860872166,39.43372820300101,primary_goal,8.6753022,18.9734347,2.685578,0.0,0.0,0.0,0.2498906144918635
3555,1791269167937632617,15100871097944,39.44395398100096,primary_goal,8.6753022,18.9734347,2.685578,0.0,0.0,0.0,0.2498906144918635
3556,1791269167947644583,15100881329553,39.454185590000634,primary_goal,8.6753022,18.9734347,2.685578,0.0,0.0,0.0,0.2498906144918635
3557,1791269167957763971,15100891451227,39.464307264001036,primary_goal,8.6753022,18.9734347,2.685578,0.0,0.0,0.0,0.2498906144918635
3558,1791269167967714389,15100901575764,39.47443180100163,primary_goal,8.6753022,18.9734347,2.685578,0.0,0.0,0.0,0.2498906144918635
3559,1791269167977632718,15100911141414,39.483997451001414,primary_goal,8.6753022,18.9734347,2.685578,0.0,0.0,0.0,0.2498906144918635
3560,1791269167987678425,15100921364554,39.49422059100107,primary_goal,8.6753022,18.9734347,2.685578,0.0,0.0,0.0,0.2498906144918635
3561,1791269167997666901,15100931293108,39.504149145001065,primary_goal,8.6753022,18.9734347,2.685578,0.0,0.0,0.0,0.2498906144918635
3562,1791269168007681967,15100940882959,39.51373899600003,primary_goal,8.6753022,18.9734347,2.685578,0.0,0.0,0.0,0.2498906144918635
3563,1791269168017628665,15100950781876,39.52363791300013,primary_goal,8.6753022,18.9734347,2.685578,0.0,0.0,0.0,0.2498906144918635
3564,1791269168027643211,15100960827524,39.53368356100145,primary_goal,8.6753022,18.9734347,2.685578,0.0,0.0,0.0,0.2498906144918635
3565,1791269168037644830,15100970967773,39.54382381000141,primary_goal,8.6753022,18.9734347,2.685578,0.0,0.0,0.0,0.2498906144918635
3566,1791269168047696335,15100981286366,39.554142403001606,primary_goal,8.6753022,18.9734347,2.685578,0.0,0.0,0.0,0.2498906144918635
3567,1791269168057713565,15100991577819,39.564433856001415,primary_goal,8.6753022,18.9734347,2.685578,0.0,0.0,0.0,0.2498906144918635
3568,1791269168067659911,15101001367402,39.57422343899998,primary_goal,8.6753022,18.9734347,2.685578,0.0,0.0,0.0,0.2498906144918635
3569,1791269168077635844,15101011080607,39.58393664400137,primary_goal,8.6753022,18.9734347,2.685578,0.0,0.0,0.0,0.2498906144918635
3570,1791269168087701842,15101021315398,39.594171435001044,primary_goal,8.6753022,18.9734347,2.685578,0.0,0.0,0.0,0.2498906144918635
3571,1791269168097650013,15101031239010,39.604095047001465,primary_goal,8.6753022,18.9734347,2.685578,0.0,0.0,0.0,0.2498906144918635
3572,1791269168107591000,15101040731655,39.6135876920016,primary_goal,8.6753022,18.9734347,2.685578,0.0,0.0,0.0,0.2498906144918635
3573,1791269168117593476,15101050865253,39.62372129000141,primary_goal,8.6753022,18.9734347,2.685578,0.0,0.0,0.0,0.2498906144918635
3574,1791269168127654340,15101060908474,39.63376451100157,primary_goal,8.6753022,18.9734347,2.685578,0.0,0.0,0.0,0.2498906144918635
3575,1791269168137654270,15101071090178,39.64394621500105,primary_goal,8.6753022,18.9734347,2.685578,0.0,0.0,0.0,0.2498906144918635
3576,1791269168147644625,15101081192223,39.65404826000122,primary_goal,8.6753022,18.9734347,2.685578,0.0,0.0,0.0,0.2498906144918635
3577,1791269168157658176,15101091310101,39.66416613799993,primary_goal,8.6753022,18.9734347,2.685578,0.0,0.0,0.0,0.2498906144918635
3578,1791269168167721467,15101101530383,39.67438642000161,primary_goal,8.6753022,18.9734347,2.685578,0.0,0.0,0.0,0.2498906144918635
3579,1791269168177677148,15101111175571,39.68403160800153,primary_goal,8.6753022,18.9734347,2.685578,0.0,0.0,0.0,0.2498906144918635
3580,1791269168187659862,15101121394239,39.694250276001185,primary_goal,8.6753022,18.9734347,2.685578,0.0,0.0,0.0,0.2498906144918635
3581,1791269168197655508,15101131105223,39.70396126000014,primary_goal,8.6753022,18.9734347,2.685578,0.0,0.0,0.0,0.2498906144918635
3582,1791269168207629634,15101140875306,39.7137313430012,primary_goal,8.6753022,18.9734347,2.685578,0.0,0.0,0.0,0.2498906144918635
3583,1791269168217628010,15101150832597,39.72368863400152,primary_goal,8.6753022,18.9734347,2.685578,0.0,0.0,0.0,0.2498906144918635
3584,1791269168227669880,15101160839579,39.73369561600157,primary_goal,8.6753022,18.9734347,2.685578,0.0,0.0,0.0,0.2498906144918635
3585,1791269168237664059,15101171059911,39.743915947999994,primary_goal,8.6753022,18.9734347,2.685578,0.0,0.0,0.0,0.2498906144918635
3586,1791269168247662298,15101181194535,39.75405057200078,primary_goal,8.6753022,18.9734347,2.685578,0.0,0.0,0.0,0.2498906144918635
3587,1791269168257714018,15101191556640,39.76441267700102,primary_goal,8.6753022,18.9734347,2.685578,0.0,0.0,0.0,0.2498906144918635
3588,1791269168267628937,15101201243882,39.774099919000946,primary_goal,8.6753022,18.9734347,2.685578,0.0,0.0,0.0,0.2498906144918635
3589,1791269168277651857,15101211204923,39.784060960000716,primary_goal,8.6753022,18.9734347,2.685578,0.0,0.0,0.0,0.2498906144918635
3590,1791269168287715166,15101221411955,39.79426799200155,primary_goal,8.6753022,18.9734347,2.685578,0.0,0.0,0.0,0.2498906144918635
3591,1791269168297651876,15101231196902,39.80405293900003,primary_goal,8.6753022,18.9734347,2.685578,0.0,0.0,0.0,0.2498906144918635
3592,1791269168307604607,15101240728852,39.813584889001504,primary_goal,8.6753022,18.9734347,2.685578,0.0,0.0,0.0,0.2498906144918635
3593,1791269168317594081,15101250812708,39.82366874500076,primary_goal,8.6753022,18.9734347,2.685578,0.0,0.0,0.0,0.2498906144918635
3594,1791269168327665884,15101260875163,39.83373120000033,primary_goal,8.6753022,18.9734347,2.685578,0.0,0.0,0.0,0.2498906144918635
3595,1791269168337660163,15101271044956,39.843900993000716,primary_goal,8.6753022,18.9734347,2.685578,0.0,0.0,0.0,0.2498906144918635
3596,1791269168347740769,15101281376048,39.85423208500106,primary_goal,8.6753022,18.9734347,2.685578,0.0,0.0,0.0,0.2498906144918635
3597,1791269168357690675,15101291396114,39.86425215100098,primary_goal,8.6753022,18.9734347,2.685578,0.0,0.0,0.0,0.2498906144918635
3598,1791269168367676364,15101301346699,39.87420273600037,primary_goal,8.6753022,18.9734347,2.685578,0.0,0.0,0.0,0.2498906144918635
3599,1791269168377670021,15101311109115,39.88396515200111,primary_goal,8.6753022,18.9734347,2.685578,0.0,0.0,0.0,0.2498906144918635
3600,1791269168387638207,15101321279306,39.894135343000016,primary_goal,8.6753022,18.9734347,2.685578,0.0,0.0,0.0,0.2498906144918635
3601,1791269168397633729,15101331178907,39.90403494400016,primary_goal,8.6753022,18.9734347,2.685578,0.0,0.0,0.0,0.2498906144918635
3602,1791269168407642135,15101340855081,39.91371111800072,primary_goal,8.6753022,18.9734347,2.685578,0.0,0.0,0.0,0.2498906144918635
3603,1791269168417635100,15101350800932,39.92365696900015,primary_goal,8.6753022,18.9734347,2.685578,0.0,0.0,0.0,0.2498906144918635
3604,1791269168427665505,15101360826562,39.93368259900126,primary_goal,8.6753022,18.9734347,2.685578,0.0,0.0,0.0,0.2498906144918635
3605,1791269168437662064,15101371104460,39.94396049700117,primary_goal,8.6753022,18.9734347,2.685578,0.0,0.0,0.0,0.2498906144918635
3606,1791269168447693267,15101381204835,39.9540608719999,primary_goal,8.6753022,18.9734347,2.685578,0.0,0.0,0.0,0.2498906144918635
3607,1791269168457674177,15101391369603,39.96422564000022,primary_goal,8.6753022,18.9734347,2.685578,0.0,0.0,0.0,0.2498906144918635
3608,1791269168467666487,15101401451443,39.97430748000079,primary_goal,8.6753022,18.9734347,2.685578,0.0,0.0,0.0,0.2498906144918635
3609,1791269168477651585,15101411225549,39.984081586000684,primary_goal,8.6753022,18.9734347,2.685578,0.0,0.0,0.0,0.2498906144918635
3610,1791269168487706076,15101421435280,39.994291317001625,primary_goal,8.6753022,18.9734347,2.685578,0.0,0.0,0.0,0.2498906144918635
3611,1791269168497634354,15101431247457,40.00410349400045,primary_goal,8.6753022,18.9734347,2.685578,0.0,0.0,0.0,0.2498906144918635
3612,1791269168507600187,15101440988266,40.01384430300095,primary_goal,8.6753022,18.9734347,2.685578,0.0,0.0,0.0,0.2498906144918635
3613,1791269168517587051,15101451064152,40.02392018899991,primary_goal,8.6753022,18.9734347,2.685578,0.0,0.0,0.0,0.2498906144918635
3614,1791269168527623471,15101460920071,40.03377610800089,primary_goal,8.6753022,18.9734347,2.685578,0.0,0.0,0.0,0.2498906144918635
3615,1791269168537645418,15101470964107,40.043820144001074,primary_goal,8.6753022,18.9734347,2.685578,0.0,0.0,0.0,0.2498906144918635
3616,1791269168547625732,15101481201650,40.05405768700075,primary_goal,8.6753022,18.9734347,2.685578,0.0,0.0,0.0,0.2498906144918635
3617,1791269168557641923,15101491251684,40.064107721000255,primary_goal,8.6753022,18.9734347,2.685578,0.0,0.0,0.0,0.2498906144918635
3618,1791269168567668236,15101501412841,40.07426887800102,primary_goal,8.6753022,18.9734347,2.685578,0.0,0.0,0.0,0.2498906144918635
3619,1791269168577688629,15101511289979,40.08414601600089,primary_goal,8.6753022,18.9734347,2.685578,0.0,0.0,0.0,0.2498906144918635
3620,1791269168587697794,15101521471071,40.09432710800138,primary_goal,8.6753022,18.9734347,2.685578,0.0,0.0,0.0,0.2498906144918635
3621,1791269168597618533,15101531022689,40.1038787260004,primary_goal,8.6753022,18.9734347,2.685578,0.0,0.0,0.0,0.2498906144918635
3622,1791269168607640078,15101541171644,40.11402768100015,primary_goal,8.6753022,18.9734347,2.685578,0.0,0.0,0.0,0.2498906144918635
3623,1791269168617595224,15101551113235,40.12396927200098,primary_goal,8.6753022,18.9734347,2.685578,0.0,0.0,0.0,0.2498906144918635
3624,1791269168627654389,15101561017215,40.13387325200165,primary_goal,8.6753022,18.9734347,2.685578,0.0,0.0,0.0,0.2498906144918635
3625,1791269168637702782,15101571301346,40.144157383001584,primary_goal,8.6753022,18.9734347,2.685578,0.0,0.0,0.0,0.2498906144918635
3626,1791269168647683880,15101581403934,40.15425997100101,primary_goal,8.6753022,18.9734347,2.685578,0.0,0.0,0.0,0.2498906144918635
3627,1791269168657616644,15101591330961,40.16418699800124,primary_goal,8.6753022,18.9734347,2.685578,0.0,0.0,0.0,0.2498906144918635
3628,1791269168667660362,15101601415747,40.174271784000666,primary_goal,8.6753022,18.9734347,2.685578,0.0,0.0,0.0,0.2498906144918635
3629,1791269168677645070,15101611256570,40.184112607001225,primary_goal,8.6753022,18.9734347,2.685578,0.0,0.0,0.0,0.2498906144918635
3630,1791269168687711929,15101621453984,40.194310021001,primary_goal,8.6753022,18.9734347,2.685578,0.0,0.0,0.0,0.2498906144918635
3631,1791269168697650984,15101631382579,40.20423861600102,primary_goal,8.6753022,18.9734347,2.685578,0.0,0.0,0.0,0.2498906144918635
3632,1791269168707622527,15101640928336,40.213784373001545,primary_goal,8.6753022,18.9734347,2.685578,0.0,0.0,0.0,0.2498906144918635
3633,1791269168717583007,15101650952029,40.223808066000856,primary_goal,8.6753022,18.9734347,2.685578,0.0,0.0,0.0,0.2498906144918635
3634,1791269168727603532,15101660984221,40.23384025800078,primary_goal,8.6753022,18.9734347,2.685578,0.0,0.0,0.0,0.2498906144918635
3635,1791269168737597302,15101670989389,40.24384542600092,primary_goal,8.6753022,18.9734347,2.685578,0.0,0.0,0.0,0.2498906144918635
3636,1791269168747621085,15101681180341,40.25403637800082,primary_goal,8.6753022,18.9734347,2.685578,0.0,0.0,0.0,0.2498906144918635
3637,1791269168757600990,15101691111480,40.26396751700122,primary_goal,8.6753022,18.9734347,2.685578,0.0,0.0,0.0,0.2498906144918635
3638,1791269168767660763,15101701267715,40.27412375200038,primary_goal,8.6753022,18.9734347,2.685578,0.0,0.0,0.0,0.2498906144918635
3639,1791269168777613316,15101711131449,40.283987486000115,primary_goal,8.6753022,18.9734347,2.685578,0.0,0.0,0.0,0.2498906144918635
3640,1791269168787625672,15101721219829,40.29407586600064,primary_goal,8.6753022,18.9734347,2.685578,0.0,0.0,0.0,0.2498906144918635
3641,1791269168797634705,15101731406145,40.30426218200046,primary_goal,8.6753022,18.9734347,2.685578,0.0,0.0,0.0,0.2498906144918635
3642,1791269168807597058,15101740865540,40.31372157700025,primary_goal,8.6753022,18.9734347,2.685578,0.0,0.0,0.0,0.2498906144918635
3643,1791269168817612246,15101751072233,40.32392827000149,primary_goal,8.6753022,18.9734347,2.685578,0.0,0.0,0.0,0.2498906144918635
3644,1791269168827586191,15101760888339,40.33374437600105,primary_goal,8.6753022,18.9734347,2.685578,0.0,0.0,0.0,0.2498906144918635
3645,1791269168837653390,15101771141984,40.343998021000516,primary_goal,8.6753022,18.9734347,2.685578,0.0,0.0,0.0,0.2498906144918635
3646,1791269168847625285,15101781013896,40.35386993300017,primary_goal,8.6753022,18.9734347,2.685578,0.0,0.0,0.0,0.2498906144918635
3647,1791269168857640413,15101791295701,40.364151738000146,primary_goal,8.6753022,18.9734347,2.685578,0.0,0.0,0.0,0.2498906144918635
3648,1791269168867657214,15101801262860,40.37411889700161,primary_goal,8.6753022,18.9734347,2.685578,0.0,0.0,0.0,0.2498906144918635
3649,1791269168877645231,15101811328224,40.38418426099997,primary_goal,8.6753022,18.9734347,2.685578,0.0,0.0,0.0,0.2498906144918635
3650,1791269168887709535,15101821601313,40.394457350001176,primary_goal,8.6753022,18.9734347,2.685578,0.0,0.0,0.0,0.2498906144918635
3651,1791269168897629368,15101831305477,40.404161514001316,primary_goal,8.6753022,18.9734347,2.685578,0.0,0.0,0.0,0.2498906144918635
3652,1791269168907592895,15101840839973,40.41369601000042,primary_goal,8.6753022,18.9734347,2.685578,0.0,0.0,0.0,0.2498906144918635
3653,1791269168917595893,15101850948658,40.42380469500131,primary_goal,8.6753022,18.9734347,2.685578,0.0,0.0,0.0,0.2498906144918635
3654,1791269168927635319,15101860997033,40.43385307000062,primary_goal,8.6753022,18.9734347,2.685578,0.0,0.0,0.0,0.2498906144918635
3655,1791269168937647828,15101871174285,40.44403032199989,primary_goal,8.6753022,18.9734347,2.685578,0.0,0.0,0.0,0.2498906144918635
3656,1791269168947668729,15101881403073,40.45425910999984,primary_goal,8.6753022,18.9734347,2.685578,0.0,0.0,0.0,0.2498906144918635
3657,1791269168957683092,15101891468754,40.46432479100076,primary_goal,8.6753022,18.9734347,2.685578,0.0,0.0,0.0,0.2498906144918635
3658,1791269168967707575,15101901657592,40.474513629000285,primary_goal,8.6753022,18.9734347,2.685578,0.0,0.0,0.0,0.2498906144918635
3659,1791269168977643182,15101911194178,40.484050215000025,primary_goal,8.6753022,18.9734347,2.685578,0.0,0.0,0.0,0.2498906144918635
3660,1791269168987685262,15101921560242,40.4944162790016,primary_goal,8.6753022,18.9734347,2.685578,0.0,0.0,0.0,0.2498906144918635
3661,1791269168997634048,15101931205658,40.50406169500093,primary_goal,8.6753022,18.9734347,2.685578,0.0,0.0,0.0,0.2498906144918635
3662,1791269169007594970,15101940881613,40.51373765000062,primary_goal,8.6753022,18.9734347,2.685578,0.0,0.0,0.0,0.2498906144918635
3663,1791269169017598363,15101950899206,40.52375524300078,primary_goal,8.6753022,18.9734347,2.685578,0.0,0.0,0.0,0.2498906144918635
3664,1791269169027734253,15101961117387,40.53397342400058,primary_goal,8.6753022,18.9734347,2.685578,0.0,0.0,0.0,0.2498906144918635
3665,1791269169037676488,15101971331346,40.54418738300046,primary_goal,8.6753022,18.9734347,2.685578,0.0,0.0,0.0,0.2498906144918635
3666,1791269169047646950,15101981224466,40.55408050300139,primary_goal,8.6753022,18.9734347,2.685578,0.0,0.0,0.0,0.2498906144918635
3667,1791269169057645756,15101991188094,40.56404413100063,primary_goal,8.6753022,18.9734347,2.685578,0.0,0.0,0.0,0.2498906144918635
3668,1791269169067642750,15102001389910,40.574245947000236,primary_goal,8.6753022,18.9734347,2.685578,0.0,0.0,0.0,0.2498906144918635
3669,1791269169077645291,15102011262978,40.5841190150004,primary_goal,8.6753022,18.9734347,2.685578,0.0,0.0,0.0,0.2498906144918635
3670,1791269169087696931,15102021501942,40.59435797900005,primary_goal,8.6753022,18.9734347,2.685578,0.0,0.0,0.0,0.2498906144918635
3671,1791269169097608681,15102031213646,40.60406968300049,primary_goal,8.6753022,18.9734347,2.685578,0.0,0.0,0.0,0.2498906144918635
3672,1791269169107610026,15102040940165,40.61379620200023,primary_goal,8.6753022,18.9734347,2.685578,0.0,0.0,0.0,0.2498906144918635
3673,1791269169117587455,15102050876423,40.62373246000061,primary_goal,8.6753022,18.9734347,2.685578,0.0,0.0,0.0,0.2498906144918635
3674,1791269169127616683,15102060931849,40.6337878860013,primary_goal,8.6753022,18.9734347,2.685578,0.0,0.0,0.0,0.2498906144918635
3675,1791269169137644250,15102071144191,40.64400022800146,primary_goal,8.6753022,18.9734347,2.685578,0.0,0.0,0.0,0.2498906144918635
3676,1791269169147605846,15102081291292,40.6541473289999,primary_goal,8.6753022,18.9734347,2.685578,0.0,0.0,0.0,0.2498906144918635
3677,1791269169157687127,15102091565116,40.66442115300015,primary_goal,8.6753022,18.9734347,2.685578,0.0,0.0,0.0,0.2498906144918635
3678,1791269169167720513,15102101554652,40.67441068900007,primary_goal,8.6753022,18.9734347,2.685578,0.0,0.0,0.0,0.2498906144918635
3679,1791269169177665726,15102111264293,40.68412033000095,primary_goal,8.6753022,18.9734347,2.685578,0.0,0.0,0.0,0.2498906144918635
3680,1791269169187643868,15102121371832,40.694227869000315,primary_goal,8.6753022,18.9734347,2.685578,0.0,0.0,0.0,0.2498906144918635
3681,1791269169197610661,15102131092007,40.703948043999844,primary_goal,8.6753022,18.9734347,2.685578,0.0,0.0,0.0,0.2498906144918635
3682,1791269169207577292,15102140810660,40.71366669700001,primary_goal,8.6753022,18.9734347,2.685578,0.0,0.0,0.0,0.2498906144918635
3683,1791269169217575124,15102150776798,40.7236328350009,primary_goal,8.6753022,18.9734347,2.685578,0.0,0.0,0.0,0.2498906144918635
3684,1791269169227583908,15102160715781,40.7335718180002,primary_goal,8.6753022,18.9734347,2.685578,0.0,0.0,0.0,0.2498906144918635
3685,1791269169237638386,15102170990538,40.743846575000134,primary_goal,8.6753022,18.9734347,2.685578,0.0,0.0,0.0,0.2498906144918635
3686,1791269169247659697,15102181252562,40.75410859900148,primary_goal,8.6753022,18.9734347,2.685578,0.0,0.0,0.0,0.2498906144918635
3687,1791269169257659238,15102191108372,40.763964409001346,primary_goal,8.6753022,18.9734347,2.685578,0.0,0.0,0.0,0.2498906144918635
3688,1791269169267654741,15102201293433,40.77414947000034,primary_goal,8.6753022,18.9734347,2.685578,0.0,0.0,0.0,0.2498906144918635
3689,1791269169277642835,15102211142138,40.783998175000306,primary_goal,8.6753022,18.9734347,2.685578,0.0,0.0,0.0,0.2498906144918635
3690,1791269169287637528,15102221378240,40.794234277000214,primary_goal,8.6753022,18.9734347,2.685578,0.0,0.0,0.0,0.2498906144918635
3691,1791269169297639425,15102231341114,40.80419715100106,primary_goal,8.6753022,18.9734347,2.685578,0.0,0.0,0.0,0.2498906144918635
3692,1791269169307605999,15102240786612,40.81364264900003,primary_goal,8.6753022,18.9734347,2.685578,0.0,0.0,0.0,0.2498906144918635
3693,1791269169317698085,15102250921399,40.823777436000455,primary_goal,8.6753022,18.9734347,2.685578,0.0,0.0,0.0,0.2498906144918635
3694,1791269169327690593,15102260933916,40.83378995300154,primary_goal,8.6753022,18.9734347,2.685578,0.0,0.0,0.0,0.2498906144918635
3695,1791269169337695890,15102271079967,40.84393600400108,primary_goal,8.6753022,18.9734347,2.685578,0.0,0.0,0.0,0.2498906144918635
3696,1791269169347642677,15102281142874,40.85399891100133,primary_goal,8.6753022,18.9734347,2.685578,0.0,0.0,0.0,0.2498906144918635
3697,1791269169357672671,15102291317968,40.86417400500068,primary_goal,8.6753022,18.9734347,2.685578,0.0,0.0,0.0,0.2498906144918635
3698,1791269169367683197,15102301534944,40.87439098100003,primary_goal,8.6753022,18.9734347,2.685578,0.0,0.0,0.0,0.2498906144918635
3699,1791269169377645511,15102311208978,40.8840650150014,primary_goal,8.6753022,18.9734347,2.685578,0.0,0.0,0.0,0.2498906144918635
3700,1791269169387647066,15102321394655,40.89425069200115,primary_goal,8.6753022,18.9734347,2.685578,0.0,0.0,0.0,0.2498906144918635
3701,1791269169397643892,15102331217647,40.90407368400156,primary_goal,8.6753022,18.9734347,2.685578,0.0,0.0,0.0,0.2498906144918635
3702,1791269169407616360,15102340939882,40.91379591900113,primary_goal,8.6753022,18.9734347,2.685578,0.0,0.0,0.0,0.2498906144918635
3703,1791269169417561729,15102350803409,40.923659445999874,primary_goal,8.6753022,18.9734347,2.685578,0.0,0.0,0.0,0.2498906144918635
3704,1791269169427573105,15102360753074,40.933609110999896,primary_goal,8.6753022,18.9734347,2.685578,0.0,0.0,0.0,0.2498906144918635
3705,1791269169437632138,15102370955629,40.94381166600033,primary_goal,8.6753022,18.9734347,2.685578,0.0,0.0,0.0,0.2498906144918635
3706,1791269169447626313,15102381218376,40.95407441300085,primary_goal,8.6753022,18.9734347,2.685578,0.0,0.0,0.0,0.2498906144918635
3707,1791269169457636083,15102391145143,40.964001180000196,primary_goal,8.6753022,18.9734347,2.685578,0.0,0.0,0.0,0.2498906144918635
3708,1791269169467629199,15102401251066,40.97410710300028,primary_goal,8.6753022,18.9734347,2.685578,0.0,0.0,0.0,0.2498906144918635
3709,1791269169477628402,15102411131670,40.98398770700078,primary_goal,8.6753022,18.9734347,2.685578,0.0,0.0,0.0,0.2498906144918635
3710,1791269169487640526,15102421329129,40.994185166000534,primary_goal,8.6753022,18.9734347,2.685578,0.0,0.0,0.0,0.2498906144918635
3711,1791269169497621170,15102431218343,41.00407438000002,primary_goal,8.6753022,18.9734347,2.685578,0.0,0.0,0.0,0.2498906144918635
3712,1791269169507626022,15102441175660,41.01403169700097,primary_goal,8.6753022,18.9734347,2.685578,0.0,0.0,0.0,0.2498906144918635
3713,1791269169517570909,15102450822838,41.02367887500077,primary_goal,8.6753022,18.9734347,2.685578,0.0,0.0,0.0,0.2498906144918635
3714,1791269169527615781,15102460826860,41.0336828970012,primary_goal,8.6753022,18.9734347,2.685578,0.0,0.0,0.0,0.2498906144918635
3715,1791269169537640672,15102470987449,41.043843486000696,primary_goal,8.6753022,18.9734347,2.685578,0.0,0.0,0.0,0.2498906144918635
3716,1791269169547632495,15102481204464,41.054060501001004,primary_goal,8.6753022,18.9734347,2.685578,0.0,0.0,0.0,0.2498906144918635
3717,1791269169557718062,15102491390856,41.06424689300002,primary_goal,8.6753022,18.9734347,2.685578,0.0,0.0,0.0,0.2498906144918635
3718,1791269169567646792,15102501260931,41.07411696800045,primary_goal,8.6753022,18.9734347,2.685578,0.0,0.0,0.0,0.2498906144918635
3719,1791269169577619787,15102510983302,41.083839339000406,primary_goal,8.6753022,18.9734347,2.685578,0.0,0.0,0.0,0.2498906144918635
3720,1791269169587641406,15102521282704,41.09413874100028,primary_goal,8.6753022,18.9734347,2.685578,0.0,0.0,0.0,0.2498906144918635
3721,1791269169597641444,15102531251521,41.10410755800149,primary_goal,8.6753022,18.9734347,2.685578,0.0,0.0,0.0,0.2498906144918635
3722,1791269169607580532,15102540821186,41.113677223000195,primary_goal,8.6753022,18.9734347,2.685578,0.0,0.0,0.0,0.2498906144918635
3723,1791269169617576301,15102550948281,41.12380431800011,primary_goal,8.6753022,18.9734347,2.685578,0.0,0.0,0.0,0.2498906144918635
3724,1791269169627644246,15102560966313,41.13382235000063,primary_goal,8.6753022,18.9734347,2.685578,0.0,0.0,0.0,0.2498906144918635
3725,1791269169637645372,15102571175222,41.14403125900026,primary_goal,8.6753022,18.9734347,2.685578,0.0,0.0,0.0,0.2498906144918635
3726,1791269169647640968,15102581204045,41.1540600820008,primary_goal,8.6753022,18.9734347,2.685578,0.0,0.0,0.0,0.2498906144918635
3727,1791269169657620724,15102591319579,41.16417561600065,primary_goal,8.6753022,18.9734347,2.685578,0.0,0.0,0.0,0.2498906144918635
3728,1791269169667661287,15102601545589,41.17440162599996,primary_goal,8.6753022,18.9734347,2.685578,0.0,0.0,0.0,0.2498906144918635
3729,1791269169677670979,15102611280197,41.18413623400011,primary_goal,8.6753022,18.9734347,2.685578,0.0,0.0,0.0,0.2498906144918635
3730,1791269169687691053,15102621464528,41.19432056500045,primary_goal,8.6753022,18.9734347,2.685578,0.0,0.0,0.0,0.2498906144918635
3731,1791269169697612772,15102631209338,41.20406537500094,primary_goal,8.6753022,18.9734347,2.685578,0.0,0.0,0.0,0.2498906144918635
3732,1791269169707576648,15102640799443,41.21365547999994,primary_goal,8.6753022,18.9734347,2.685578,0.0,0.0,0.0,0.2498906144918635
3733,1791269169717567424,15102650778378,41.22363441500056,primary_goal,8.6753022,18.9734347,2.685578,0.0,0.0,0.0,0.2498906144918635
3734,1791269169727618388,15102660834967,41.23369100400123,primary_goal,8.6753022,18.9734347,2.685578,0.0,0.0,0.0,0.2498906144918635
3735,1791269169737647011,15102671168388,41.244024425001044,primary_goal,8.6753022,18.9734347,2.685578,0.0,0.0,0.0,0.2498906144918635
3736,1791269169747661316,15102681304496,41.254160533000686,primary_goal,8.6753022,18.9734347,2.685578,0.0,0.0,0.0,0.2498906144918635
3737,1791269169757666593,15102691541294,41.26439733100051,primary_goal,8.6753022,18.9734347,2.685578,0.0,0.0,0.0,0.2498906144918635
3738,1791269169767646515,15102701523723,41.274379760001466,primary_goal,8.6753022,18.9734347,2.685578,0.0,0.0,0.0,0.2498906144918635
3739,1791269169777685320,15102711261428,41.284117465000236,primary_goal,8.6753022,18.9734347,2.685578,0.0,0.0,0.0,0.2498906144918635
3740,1791269169787631465,15102721176141,41.294032178000634,primary_goal,8.6753022,18.9734347,2.685578,0.0,0.0,0.0,0.2498906144918635
3741,1791269169797567052,15102730815315,41.3036713520014,primary_goal,8.6753022,18.9734347,2.685578,0.0,0.0,0.0,0.2498906144918635
3742,1791269169807575937,15102740834253,41.31369029000052,primary_goal,8.6753022,18.9734347,2.685578,0.0,0.0,0.0,0.2498906144918635
3743,1791269169817569421,15102750686893,41.32354293000026,primary_goal,8.6753022,18.9734347,2.685578,0.0,0.0,0.0,0.2498906144918635
3744,1791269169827606224,15102760995924,41.33385196100062,primary_goal,8.6753022,18.9734347,2.685578,0.0,0.0,0.0,0.2498906144918635
3745,1791269169837673727,15102771257345,41.344113382001524,primary_goal,8.6753022,18.9734347,2.685578,0.0,0.0,0.0,0.2498906144918635
3746,1791269169847620726,15102781196263,41.35405230000106,primary_goal,8.6753022,18.9734347,2.685578,0.0,0.0,0.0,0.2498906144918635
3747,1791269169857631352,15102791182252,41.364038289000746,primary_goal,8.6753022,18.9734347,2.685578,0.0,0.0,0.0,0.2498906144918635
3748,1791269169867664203,15102801415497,41.37427153400131,primary_goal,8.6753022,18.9734347,2.685578,0.0,0.0,0.0,0.2498906144918635
3749,1791269169877611875,15102811033457,41.38388949399996,primary_goal,8.6753022,18.9734347,2.685578,0.0,0.0,0.0,0.2498906144918635
3750,1791269169887739774,15102821461966,41.39431800300008,primary_goal,8.6753022,18.9734347,2.685578,0.0,0.0,0.0,0.2498906144918635
3751,1791269169897609396,15102831094169,41.403950206000445,primary_goal,8.6753022,18.9734347,2.685578,0.0,0.0,0.0,0.2498906144918635
3752,1791269169907568943,15102840687439,41.413543476000996,primary_goal,8.6753022,18.9734347,2.685578,0.0,0.0,0.0,0.2498906144918635
3753,1791269169917564219,15102850681810,41.42353784700026,primary_goal,8.6753022,18.9734347,2.685578,0.0,0.0,0.0,0.2498906144918635
3754,1791269169927571105,15102860726081,41.43358211800114,primary_goal,8.6753022,18.9734347,2.685578,0.0,0.0,0.0,0.2498906144918635
3755,1791269169937607235,15102870955123,41.44381116000113,primary_goal,8.6753022,18.9734347,2.685578,0.0,0.0,0.0,0.2498906144918635
3756,1791269169947633992,15102881126697,41.45398273400133,primary_goal,8.6753022,18.9734347,2.685578,0.0,0.0,0.0,0.2498906144918635
3757,1791269169957691842,15102891593816,41.4644498530015,primary_goal,8.6753022,18.9734347,2.685578,0.0,0.0,0.0,0.2498906144918635
3758,1791269169967696829,15102901597462,41.47445349900045,primary_goal,8.6753022,18.9734347,2.685578,0.0,0.0,0.0,0.2498906144918635
3759,1791269169977581607,15102911061403,41.48391744000037,primary_goal,8.6753022,18.9734347,2.685578,0.0,0.0,0.0,0.2498906144918635
3760,1791269169987655385,15102921414438,41.49427047500103,primary_goal,8.6753022,18.9734347,2.685578,0.0,0.0,0.0,0.2498906144918635
3761,1791269169997599174,15102931187853,41.50404389000141,primary_goal,8.6753022,18.9734347,2.685578,0.0,0.0,0.0,0.2498906144918635
3762,1791269170007600495,15102940727971,41.51358400800018,primary_goal,8.6753022,18.9734347,2.685578,0.0,0.0,0.0,0.2498906144918635
3763,1791269170017599615,15102950939979,41.52379601600114,primary_goal,8.6753022,18.9734347,2.685578,0.0,0.0,0.0,0.2498906144918635
3764,1791269170027707299,15102960900872,41.53375690900066,primary_goal,8.6753022,18.9734347,2.685578,0.0,0.0,0.0,0.2498906144918635
3765,1791269170037584253,15102970897806,41.54375384300147,primary_goal,8.6753022,18.9734347,2.685578,0.0,0.0,0.0,0.2498906144918635
3766,1791269170047637579,15102981015545,41.55387158200028,primary_goal,8.6753022,18.9734347,2.685578,0.0,0.0,0.0,0.2498906144918635
3767,1791269170057608882,15102991034024,41.563890061001075,primary_goal,8.6753022,18.9734347,2.685578,0.0,0.0,0.0,0.2498906144918635
3768,1791269170067621134,15103001275103,41.574131140001555,primary_goal,8.6753022,18.9734347,2.685578,0.0,0.0,0.0,0.2498906144918635
3769,1791269170077638206,15103011168730,41.5840247670003,primary_goal,8.6753022,18.9734347,2.685578,0.0,0.0,0.0,0.2498906144918635
3770,1791269170087642576,15103021516951,41.59437298800003,primary_goal,8.6753022,18.9734347,2.685578,0.0,0.0,0.0,0.2498906144918635
3771,1791269170097620722,15103031199427,41.60405546400034,primary_goal,8.6753022,18.9734347,2.685578,0.0,0.0,0.0,0.2498906144918635
3772,1791269170107586302,15103040731376,41.61358741300137,primary_goal,8.6753022,18.9734347,2.685578,0.0,0.0,0.0,0.2498906144918635
3773,1791269170117596014,15103050854145,41.62371018200065,primary_goal,8.6753022,18.9734347,2.685578,0.0,0.0,0.0,0.2498906144918635
3774,1791269170127613971,15103061228242,41.6340842790014,primary_goal,8.6753022,18.9734347,2.685578,0.0,0.0,0.0,0.2498906144918635
3775,1791269170137636735,15103070986820,41.64384285699998,primary_goal,8.6753022,18.9734347,2.685578,0.0,0.0,0.0,0.2498906144918635
3776,1791269170147636308,15103081188048,41.65404408500035,primary_goal,8.6753022,18.9734347,2.685578,0.0,0.0,0.0,0.2498906144918635
3777,1791269170157670711,15103091373120,41.66422915700059,primary_goal,8.6753022,18.9734347,2.685578,0.0,0.0,0.0,0.2498906144918635
3778,1791269170167723161,15103101725006,41.67458104300022,primary_goal,8.6753022,18.9734347,2.685578,0.0,0.0,0.0,0.2498906144918635
3779,1791269170177632893,15103111133063,41.68398909999996,primary_goal,8.6753022,18.9734347,2.685578,0.0,0.0,0.0,0.2498906144918635
3780,1791269170187682961,15103121488231,41.69434426800035,primary_goal,8.6753022,18.9734347,2.685578,0.0,0.0,0.0,0.2498906144918635
3781,1791269170197644788,15103131316471,41.70417250800165,primary_goal,8.6753022,18.9734347,2.685578,0.0,0.0,0.0,0.2498906144918635
3782,1791269170207599357,15103140878733,41.71373477000088,primary_goal,8.6753022,18.9734347,2.685578,0.0,0.0,0.0,0.2498906144918635
3783,1791269170217563383,15103150813131,41.723669168000924,primary_goal,8.6753022,18.9734347,2.685578,0.0,0.0,0.0,0.2498906144918635
3784,1791269170227610024,15103160891186,41.733747223001046,primary_goal,8.6753022,18.9734347,2.685578,0.0,0.0,0.0,0.2498906144918635
3785,1791269170237661629,15103171184189,41.744040225999925,primary_goal,8.6753022,18.9734347,2.685578,0.0,0.0,0.0,0.2498906144918635
3786,1791269170247618714,15103181160245,41.75401628200052,primary_goal,8.6753022,18.9734347,2.685578,0.0,0.0,0.0,0.2498906144918635
3787,1791269170257615537,15103191306894,41.7641629310001,primary_goal,8.6753022,18.9734347,2.685578,0.0,0.0,0.0,0.2498906144918635
3788,1791269170267645913,15103201623159,41.774479196001266,primary_goal,8.6753022,18.9734347,2.685578,0.0,0.0,0.0,0.2498906144918635
3789,1791269170277627372,15103211107567,41.783963604000746,primary_goal,8.6753022,18.9734347,2.685578,0.0,0.0,0.0,0.2498906144918635
3790,1791269170287700228,15103221601565,41.794457601999966,primary_goal,8.6753022,18.9734347,2.685578,0.0,0.0,0.0,0.2498906144918635
3791,1791269170297643562,15103231254168,41.80411020500105,primary_goal,8.6753022,18.9734347,2.685578,0.0,0.0,0.0,0.2498906144918635
3792,1791269170307578532,15103241113609,41.81396964600026,primary_goal,8.6753022,18.9734347,2.685578,0.0,0.0,0.0,0.2498906144918635
3793,1791269170317600437,15103250864986,41.82372102299996,primary_goal,8.6753022,18.9734347,2.685578,0.0,0.0,0.0,0.2498906144918635
3794,1791269170327600675,15103260780709,41.8336367460015,primary_goal,8.6753022,18.9734347,2.685578,0.0,0.0,0.0,0.2498906144918635
3795,1791269170337627974,15103270932421,41.843788458001654,primary_goal,8.6753022,18.9734347,2.685578,0.0,0.0,0.0,0.2498906144918635
3796,1791269170347650116,15103281219323,41.854075360000934,primary_goal,8.6753022,18.9734347,2.685578,0.0,0.0,0.0,0.2498906144918635
3797,1791269170357724417,15103291593791,41.86444982800094,primary_goal,8.6753022,18.9734347,2.685578,0.0,0.0,0.0,0.2498906144918635
3798,1791269170367703735,15103301438809,41.87429484600034,primary_goal,8.6753022,18.9734347,2.685578,0.0,0.0,0.0,0.2498906144918635
3799,1791269170377611485,15103311109698,41.88396573499995,primary_goal,8.6753022,18.9734347,2.685578,0.0,0.0,0.0,0.2498906144918635
3800,1791269170387684437,15103321455188,41.89431122499991,primary_goal,8.6753022,18.9734347,2.685578,0.0,0.0,0.0,0.2498906144918635
3801,1791269170397644613,15103331303453,41.90415949000089,primary_goal,8.6753022,18.9734347,2.685578,0.0,0.0,0.0,0.2498906144918635
3802,1791269170407600288,15103340805399,41.91366143600135,primary_goal,8.6753022,18.9734347,2.685578,0.0,0.0,0.0,0.2498906144918635
3803,1791269170417658561,15103350834152,41.9236901889999,primary_goal,8.6753022,18.9734347,2.685578,0.0,0.0,0.0,0.2498906144918635
3804,1791269170427602897,15103360807957,41.93366399400111,primary_goal,8.6753022,18.9734347,2.685578,0.0,0.0,0.0,0.2498906144918635
3805,1791269170437648251,15103371056966,41.94391300300049,primary_goal,8.6753022,18.9734347,2.685578,0.0,0.0,0.0,0.2498906144918635
3806,1791269170447619808,15103381239675,41.95409571200071,primary_goal,8.6753022,18.9734347,2.685578,0.0,0.0,0.0,0.2498906144918635
3807,1791269170457673941,15103391354091,41.96421012800056,primary_goal,8.6753022,18.9734347,2.685578,0.0,0.0,0.0,0.2498906144918635
3808,1791269170467721964,15103401605241,41.9744612780014,primary_goal,8.6753022,18.9734347,2.685578,0.0,0.0,0.0,0.2498906144918635
3809,1791269170477637393,15103411224104,41.98408014100096,primary_goal,8.6753022,18.9734347,2.685578,0.0,0.0,0.0,0.2498906144918635
3810,1791269170487625642,15103421303628,41.99415966500055,primary_goal,8.6753022,18.9734347,2.685578,0.0,0.0,0.0,0.2498906144918635
3811,1791269170497643443,15103431251393,42.00410743000066,primary_goal,8.6753022,18.9734347,2.685578,0.0,0.0,0.0,0.2498906144918635
3812,1791269170507606493,15103440990600,42.013846637000825,primary_goal,8.6753022,18.9734347,2.685578,0.0,0.0,0.0,0.2498906144918635
3813,1791269170517555552,15103450746129,42.02360216600027,primary_goal,8.6753022,18.9734347,2.685578,0.0,0.0,0.0,0.2498906144918635
3814,1791269170527564585,15103460877718,42.03373375500087,primary_goal,8.6753022,18.9734347,2.685578,0.0,0.0,0.0,0.2498906144918635
3815,1791269170537602125,15103471130710,42.04398674700133,primary_goal,8.6753022,18.9734347,2.685578,0.0,0.0,0.0,0.2498906144918635
3816,1791269170547617564,15103481160568,42.05401660500138,primary_goal,8.6753022,18.9734347,2.685578,0.0,0.0,0.0,0.2498906144918635
3817,1791269170557627115,15103491314876,42.06417091300136,primary_goal,8.6753022,18.9734347,2.685578,0.0,0.0,0.0,0.2498906144918635
3818,1791269170567634170,15103501355430,42.07421146700108,primary_goal,8.6753022,18.9734347,2.685578,0.0,0.0,0.0,0.2498906144918635
3819,1791269170577604548,15103511243300,42.084099337000225,primary_goal,8.6753022,18.9734347,2.685578,0.0,0.0,0.0,0.2498906144918635
3820,1791269170587744162,15103521447968,42.094304005000595,primary_goal,8.6753022,18.9734347,2.685578,0.0,0.0,0.0,0.2498906144918635
3821,1791269170597593486,15103531148875,42.104004912000164,primary_goal,8.6753022,18.9734347,2.685578,0.0,0.0,0.0,0.2498906144918635
3822,1791269170607563582,15103540863710,42.113719747001596,primary_goal,8.6753022,18.9734347,2.685578,0.0,0.0,0.0,0.2498906144918635
3823,1791269170617553421,15103550890278,42.12374631500097,primary_goal,8.6753022,18.9734347,2.685578,0.0,0.0,0.0,0.2498906144918635
3824,1791269170627569843,15103560935957,42.13379199400151,primary_goal,8.6753022,18.9734347,2.685578,0.0,0.0,0.0,0.2498906144918635
3825,1791269170637604530,15103571171309,42.14402734600117,primary_goal,8.6753022,18.9734347,2.685578,0.0,0.0,0.0,0.2498906144918635
3826,1791269170647634172,15103581298470,42.154154507001294,primary_goal,8.6753022,18.9734347,2.685578,0.0,0.0,0.0,0.2498906144918635
3827,1791269170657613692,15103591406279,42.16426231600053,primary_goal,8.6753022,18.9734347,2.685578,0.0,0.0,0.0,0.2498906144918635
3828,1791269170667686387,15103601624639,42.17448067600162,primary_goal,8.6753022,18.9734347,2.685578,0.0,0.0,0.0,0.2498906144918635
3829,1791269170677614258,15103611198368,42.18405440500101,primary_goal,8.6753022,18.9734347,2.685578,0.0,0.0,0.0,0.2498906144918635
3830,1791269170687638724,15103621271605,42.19412764200024,primary_goal,8.6753022,18.9734347,2.685578,0.0,0.0,0.0,0.2498906144918635
3831,1791269170697588839,15103631269885,42.20412592200046,primary_goal,8.6753022,18.9734347,2.685578,0.0,0.0,0.0,0.2498906144918635
3832,1791269170707659156,15103640864166,42.213720203000776,primary_goal,8.6753022,18.9734347,2.685578,0.0,0.0,0.0,0.2498906144918635
3833,1791269170717540838,15103650716960,42.22357299700161,primary_goal,8.6753022,18.9734347,2.685578,0.0,0.0,0.0,0.2498906144918635
3834,1791269170727558052,15103660825622,42.23368165900138,primary_goal,8.6753022,18.9734347,2.685578,0.0,0.0,0.0,0.2498906144918635
3835,1791269170737582180,15103670967814,42.24382385100034,primary_goal,8.6753022,18.9734347,2.685578,0.0,0.0,0.0,0.2498906144918635
3836,1791269170747614757,15103681178865,42.25403490200006,primary_goal,8.6753022,18.9734347,2.685578,0.0,0.0,0.0,0.2498906144918635
3837,1791269170757599534,15103691193384,42.26404942100089,primary_goal,8.6753022,18.9734347,2.685578,0.0,0.0,0.0,0.2498906144918635
3838,1791269170767654297,15103701417477,42.274273514000015,primary_goal,8.6753022,18.9734347,2.685578,0.0,0.0,0.0,0.2498906144918635
3839,1791269170777587521,15103710934862,42.28379089900045,primary_goal,8.6753022,18.9734347,2.685578,0.0,0.0,0.0,0.2498906144918635
3840,1791269170787567575,15103721147913,42.29400395000084,primary_goal,8.6753022,18.9734347,2.685578,0.0,0.0,0.0,0.2498906144918635
3841,1791269170797558270,15103731100071,42.30395610800042,primary_goal,8.6753022,18.9734347,2.685578,0.0,0.0,0.0,0.2498906144918635
3842,1791269170807562521,15103741007431,42.31386346799991,primary_goal,8.6753022,18.9734347,2.685578,0.0,0.0,0.0,0.2498906144918635
3843,1791269170817558921,15103751131472,42.32398750900029,primary_goal,8.6753022,18.9734347,2.685578,0.0,0.0,0.0,0.2498906144918635
3844,1791269170827567869,15103760922119,42.333778156000335,primary_goal,8.6753022,18.9734347,2.685578,0.0,0.0,0.0,0.2498906144918635
3845,1791269170837585542,15103771042071,42.34389810799985,primary_goal,8.6753022,18.9734347,2.685578,0.0,0.0,0.0,0.2498906144918635
3846,1791269170847607766,15103781356434,42.35421247100021,primary_goal,8.6753022,18.9734347,2.685578,0.0,0.0,0.0,0.2498906144918635
3847,1791269170857643299,15103791501615,42.36435765200076,primary_goal,8.6753022,18.9734347,2.685578,0.0,0.0,0.0,0.2498906144918635
3848,1791269170867650076,15103801628771,42.37448480800049,primary_goal,8.6753022,18.9734347,2.685578,0.0,0.0,0.0,0.2498906144918635
3849,1791269170877639657,15103811276082,42.38413211900115,primary_goal,8.6753022,18.9734347,2.685578,0.0,0.0,0.0,0.2498906144918635
3850,1791269170887658564,15103821662149,42.394518185999914,primary_goal,8.6753022,18.9734347,2.685578,0.0,0.0,0.0,0.2498906144918635
3851,1791269170897617863,15103831270355,42.40412639200076,primary_goal,8.6753022,18.9734347,2.685578,0.0,0.0,0.0,0.2498906144918635
3852,1791269170907548453,15103840797248,42.41365328500069,primary_goal,8.6753022,18.9734347,2.685578,0.0,0.0,0.0,0.2498906144918635
3853,1791269170917565923,15103850838372,42.423694409000746,primary_goal,8.6753022,18.9734347,2.685578,0.0,0.0,0.0,0.2498906144918635
3854,1791269170927579354,15103860857188,42.43371322500025,primary_goal,8.6753022,18.9734347,2.685578,0.0,0.0,0.0,0.2498906144918635
3855,1791269170937590641,15103871087084,42.44394312100121,primary_goal,8.6753022,18.9734347,2.685578,0.0,0.0,0.0,0.2498906144918635
3856,1791269170947608892,15103881272223,42.45412826000029,primary_goal,8.6753022,18.9734347,2.685578,0.0,0.0,0.0,0.2498906144918635
3857,1791269170957608773,15103891329171,42.464185208000345,primary_goal,8.6753022,18.9734347,2.685578,0.0,0.0,0.0,0.2498906144918635
3858,1791269170967619377,15103901226748,42.474082785000064,primary_goal,8.6753022,18.9734347,2.685578,0.0,0.0,0.0,0.2498906144918635
3859,1791269170977594061,15103911207432,42.48406346900083,primary_goal,8.6753022,18.9734347,2.685578,0.0,0.0,0.0,0.2498906144918635
3860,1791269170987626735,15103921456299,42.4943123360008,primary_goal,8.6753022,18.9734347,2.685578,0.0,0.0,0.0,0.2498906144918635
3861,1791269170997593125,15103931199630,42.50405566700101,primary_goal,8.6753022,18.9734347,2.685578,0.0,0.0,0.0,0.2498906144918635
3862,1791269171007548555,15103940733254,42.513589291000244,primary_goal,8.6753022,18.9734347,2.685578,0.0,0.0,0.0,0.2498906144918635
3863,1791269171017547833,15103950693765,42.52354980200107,primary_goal,8.6753022,18.9734347,2.685578,0.0,0.0,0.0,0.2498906144918635
3864,1791269171027655545,15103960794524,42.533650561001195,primary_goal,8.6753022,18.9734347,2.685578,0.0,0.0,0.0,0.2498906144918635
3865,1791269171037589676,15103970961600,42.54381763700076,primary_goal,8.6753022,18.9734347,2.685578,0.0,0.0,0.0,0.2498906144918635
3866,1791269171047594816,15103981394372,42.554250409000815,primary_goal,8.6753022,18.9734347,2.685578,0.0,0.0,0.0,0.2498906144918635
3867,1791269171057628003,15103991461652,42.564317689000745,primary_goal,8.6753022,18.9734347,2.685578,0.0,0.0,0.0,0.2498906144918635
3868,1791269171067649050,15104001533542,42.574389579000126,primary_goal,8.6753022,18.9734347,2.685578,0.0,0.0,0.0,0.2498906144918635
3869,1791269171077596881,15104011026043,42.58388207999997,primary_goal,8.6753022,18.9734347,2.685578,0.0,0.0,0.0,0.2498906144918635
3870,1791269171087620128,15104021286985,42.594143022000935,primary_goal,8.6753022,18.9734347,2.685578,0.0,0.0,0.0,0.2498906144918635
3871,1791269171097628831,15104031236106,42.60409214300125,primary_goal,8.6753022,18.9734347,2.685578,0.0,0.0,0.0,0.2498906144918635
3872,1791269171107549761,15104040762391,42.613618428000336,primary_goal,8.6753022,18.9734347,2.685578,0.0,0.0,0.0,0.2498906144918635
3873,1791269171117544465,15104050825656,42.623681693001345,primary_goal,8.6753022,18.9734347,2.685578,0.0,0.0,0.0,0.2498906144918635
3874,1791269171127546157,15104060775295,42.63363133200073,primary_goal,8.6753022,18.9734347,2.685578,0.0,0.0,0.0,0.2498906144918635
3875,1791269171137568374,15104070949644,42.64380568100023,primary_goal,8.6753022,18.9734347,2.685578,0.0,0.0,0.0,0.2498906144918635
3876,1791269171147603123,15104081246624,42.65410266100116,primary_goal,8.6753022,18.9734347,2.685578,0.0,0.0,0.0,0.2498906144918635
3877,1791269171157624448,15104091435987,42.66429202400104,primary_goal,8.6753022,18.9734347,2.685578,0.0,0.0,0.0,0.2498906144918635
3878,1791269171167586370,15104101443513,42.674299550000796,primary_goal,8.6753022,18.9734347,2.685578,0.0,0.0,0.0,0.2498906144918635
3879,1791269171177592095,15104111329858,42.684185895001065,primary_goal,8.6753022,18.9734347,2.685578,0.0,0.0,0.0,0.2498906144918635
3880,1791269171187627905,15104121434235,42.69429027200022,primary_goal,8.6753022,18.9734347,2.685578,0.0,0.0,0.0,0.2498906144918635
3881,1791269171197611699,15104131245694,42.704101731000264,primary_goal,8.6753022,18.9734347,2.685578,0.0,0.0,0.0,0.2498906144918635
3882,1791269171207555010,15104140798507,42.71365454400075,primary_goal,8.6753022,18.9734347,2.685578,0.0,0.0,0.0,0.2498906144918635
3883,1791269171217541955,15104150765500,42.723621537001236,primary_goal,8.6753022,18.9734347,2.685578,0.0,0.0,0.0,0.2498906144918635
3884,1791269171227585834,15104160869031,42.73372506800115,primary_goal,8.6753022,18.9734347,2.685578,0.0,0.0,0.0,0.2498906144918635
3885,1791269171237621896,15104171131459,42.743987496000045,primary_goal,8.6753022,18.9734347,2.685578,0.0,0.0,0.0,0.2498906144918635
3886,1791269171247603969,15104181295021,42.7541510580013,primary_goal,8.6753022,18.9734347,2.685578,0.0,0.0,0.0,0.2498906144918635
3887,1791269171257594696,15104191379886,42.76423592300125,primary_goal,8.6753022,18.9734347,2.685578,0.0,0.0,0.0,0.2498906144918635
3888,1791269171267647774,15104201634996,42.77449103300023,primary_goal,8.6753022,18.9734347,2.685578,0.0,0.0,0.0,0.2498906144918635
3889,1791269171277691372,15104211246357,42.784102394,primary_goal,8.6753022,18.9734347,2.685578,0.0,0.0,0.0,0.2498906144918635
3890,1791269171287666562,15104221369403,42.794225440000446,primary_goal,8.6753022,18.9734347,2.685578,0.0,0.0,0.0,0.2498906144918635
3891,1791269171297589830,15104231213667,42.80406970400145,primary_goal,8.6753022,18.9734347,2.685578,0.0,0.0,0.0,0.2498906144918635
3892,1791269171307562538,15104240813393,42.81366943000103,primary_goal,8.6753022,18.9734347,2.685578,0.0,0.0,0.0,0.2498906144918635
3893,1791269171317540872,15104250809671,42.8236657080015,primary_goal,8.6753022,18.9734347,2.685578,0.0,0.0,0.0,0.2498906144918635
3894,1791269171327570242,15104260991619,42.833847656000216,primary_goal,8.6753022,18.9734347,2.685578,0.0,0.0,0.0,0.2498906144918635
3895,1791269171337629970,15104271419621,42.8442756580007,primary_goal,8.6753022,18.9734347,2.685578,0.0,0.0,0.0,0.2498906144918635
3896,1791269171347583358,15104280914834,42.85377087100096,primary_goal,8.6753022,18.9734347,2.685578,0.0,0.0,0.0,0.2498906144918635
3897,1791269171357599508,15104291385932,42.86424196900043,primary_goal,8.6753022,18.9734347,2.685578,0.0,0.0,0.0,0.2498906144918635
3898,1791269171367599139,15104301181958,42.874037995001345,primary_goal,8.6753022,18.9734347,2.685578,0.0,0.0,0.0,0.2498906144918635
3899,1791269171377588146,15104311188076,42.88404411300144,primary_goal,8.6753022,18.9734347,2.685578,0.0,0.0,0.0,0.2498906144918635
3900,1791269171387606545,15104321305152,42.89416118900044,primary_goal,8.6753022,18.9734347,2.685578,0.0,0.0,0.0,0.2498906144918635
3901,1791269171397603649,15104331287531,42.90414356800102,primary_goal,8.6753022,18.9734347,2.685578,0.0,0.0,0.0,0.2498906144918635
3902,1791269171407559153,15104340757555,42.91361359200164,primary_goal,8.6753022,18.9734347,2.685578,0.0,0.0,0.0,0.2498906144918635
3903,1791269171417584564,15104350809595,42.92366563200085,primary_goal,8.6753022,18.9734347,2.685578,0.0,0.0,0.0,0.2498906144918635
3904,1791269171427627183,15104361269634,42.93412567100131,primary_goal,8.6753022,18.9734347,2.685578,0.0,0.0,0.0,0.2498906144918635
3905,1791269171437592010,15104370987594,42.94384363100107,primary_goal,8.6753022,18.9734347,2.685578,0.0,0.0,0.0,0.2498906144918635
3906,1791269171447600819,15104381134151,42.953990188001626,primary_goal,8.6753022,18.9734347,2.685578,0.0,0.0,0.0,0.2498906144918635
3907,1791269171457643606,15104391296147,42.96415218400034,primary_goal,8.6753022,18.9734347,2.685578,0.0,0.0,0.0,0.2498906144918635
3908,1791269171467659345,15104401597542,42.97445357900142,primary_goal,8.6753022,18.9734347,2.685578,0.0,0.0,0.0,0.2498906144918635
3909,1791269171477606714,15104411242677,42.98409871400145,primary_goal,8.6753022,18.9734347,2.685578,0.0,0.0,0.0,0.2498906144918635
3910,1791269171487625675,15104421599325,42.994455362000735,primary_goal,8.6753022,18.9734347,2.685578,0.0,0.0,0.0,0.2498906144918635
3911,1791269171497598241,15104431239964,43.00409600100102,primary_goal,8.6753022,18.9734347,2.685578,0.0,0.0,0.0,0.2498906144918635
3912,1791269171507552631,15104440760936,43.01361697300126,primary_goal,8.6753022,18.9734347,2.685578,0.0,0.0,0.0,0.2498906144918635
3913,1791269171517599108,15104451293779,43.02414981600123,primary_goal,8.6753022,18.9734347,2.685578,0.0,0.0,0.0,0.2498906144918635
3914,1791269171527628914,15104461297526,43.03415356300138,primary_goal,8.6753022,18.9734347,2.685578,0.0,0.0,0.0,0.2498906144918635
3915,1791269171537638391,15104470971537,43.043827574001625,primary_goal,8.6753022,18.9734347,2.685578,0.0,0.0,0.0,0.2498906144918635
3916,1791269171547592282,15104481041065,43.05389710200143,primary_goal,8.6753022,18.9734347,2.685578,0.0,0.0,0.0,0.2498906144918635
3917,1791269171557620173,15104491435315,43.06429135200051,primary_goal,8.6753022,18.9734347,2.685578,0.0,0.0,0.0,0.2498906144918635
3918,1791269171567609372,15104501253226,43.074109263001446,primary_goal,8.6753022,18.9734347,2.685578,0.0,0.0,0.0,0.2498906144918635
3919,1791269171577613968,15104511350967,43.084207004001655,primary_goal,8.6753022,18.9734347,2.685578,0.0,0.0,0.0,0.2498906144918635
3920,1791269171587652380,15104521661062,43.09451709899986,primary_goal,8.6753022,18.9734347,2.685578,0.0,0.0,0.0,0.2498906144918635
3921,1791269171597589791,15104531319632,43.10417566900105,primary_goal,8.6753022,18.9734347,2.685578,0.0,0.0,0.0,0.2498906144918635
3922,1791269171607559915,15104540683921,43.11353995800164,primary_goal,8.6753022,18.9734347,2.685578,0.0,0.0,0.0,0.2498906144918635
3923,1791269171617542433,15104550903167,43.123759204001544,primary_goal,8.6753022,18.9734347,2.685578,0.0,0.0,0.0,0.2498906144918635
3924,1791269171627587693,15104560787362,43.13364339899999,primary_goal,8.6753022,18.9734347,2.685578,0.0,0.0,0.0,0.2498906144918635
3925,1791269171637593097,15104570920353,43.14377639000122,primary_goal,8.6753022,18.9734347,2.685578,0.0,0.0,0.0,0.2498906144918635
3926,1791269171647648688,15104581285715,43.154141752000214,primary_goal,8.6753022,18.9734347,2.685578,0.0,0.0,0.0,0.2498906144918635
3927,1791269171657595832,15104591195325,43.164051362000464,primary_goal,8.6753022,18.9734347,2.685578,0.0,0.0,0.0,0.2498906144918635
3928,1791269171667628426,15104601474122,43.17433015900133,primary_goal,8.6753022,18.9734347,2.685578,0.0,0.0,0.0,0.2498906144918635
3929,1791269171677640218,15104611159083,43.18401512000128,primary_goal,8.6753022,18.9734347,2.685578,0.0,0.0,0.0,0.2498906144918635
3930,1791269171687628476,15104621372249,43.194228286,primary_goal,8.6753022,18.9734347,2.685578,0.0,0.0,0.0,0.2498906144918635
3931,1791269171697599833,15104631237269,43.204093306001596,primary_goal,8.6753022,18.9734347,2.685578,0.0,0.0,0.0,0.2498906144918635
3932,1791269171707564121,15104640769266,43.2136253030003,primary_goal,8.6753022,18.9734347,2.685578,0.0,0.0,0.0,0.2498906144918635
3933,1791269171717537955,15104650776034,43.223632070999884,primary_goal,8.6753022,18.9734347,2.685578,0.0,0.0,0.0,0.2498906144918635
3934,1791269171727571637,15104660832250,43.233688287000405,primary_goal,8.6753022,18.9734347,2.685578,0.0,0.0,0.0,0.2498906144918635
3935,1791269171737604369,15104671117321,43.24397335800131,primary_goal,8.6753022,18.9734347,2.685578,0.0,0.0,0.0,0.2498906144918635
3936,1791269171747630768,15104681210743,43.25406678000036,primary_goal,8.6753022,18.9734347,2.685578,0.0,0.0,0.0,0.2498906144918635
3937,1791269171757644008,15104691437433,43.264293470001576,primary_goal,8.6753022,18.9734347,2.685578,0.0,0.0,0.0,0.2498906144918635
3938,1791269171767604378,15104701452902,43.27430893900055,primary_goal,8.6753022,18.9734347,2.685578,0.0,0.0,0.0,0.2498906144918635
3939,1791269171777650398,15104711261645,43.284117682000215,primary_goal,8.6753022,18.9734347,2.685578,0.0,0.0,0.0,0.2498906144918635
3940,1791269171787647549,15104721550257,43.29440629400051,primary_goal,8.6753022,18.9734347,2.685578,0.0,0.0,0.0,0.2498906144918635
3941,1791269171797575605,15104731461264,43.30431730100099,primary_goal,8.6753022,18.9734347,2.685578,0.0,0.0,0.0,0.2498906144918635
3942,1791269171807577061,15104740789112,43.31364514900088,primary_goal,8.6753022,18.9734347,2.685578,0.0,0.0,0.0,0.2498906144918635
3943,1791269171817576709,15104750878218,43.32373425500009,primary_goal,8.6753022,18.9734347,2.685578,0.0,0.0,0.0,0.2498906144918635
3944,1791269171827600630,15104760783596,43.33363963300144,primary_goal,8.6753022,18.9734347,2.685578,0.0,0.0,0.0,0.2498906144918635
3945,1791269171837560033,15104770886750,43.34374278700125,primary_goal,8.6753022,18.9734347,2.685578,0.0,0.0,0.0,0.2498906144918635
3946,1791269171847674084,15104781145558,43.35400159500023,primary_goal,8.6753022,18.9734347,2.685578,0.0,0.0,0.0,0.2498906144918635
3947,1791269171857612384,15104791211952,43.36406798900134,primary_goal,8.6753022,18.9734347,2.685578,0.0,0.0,0.0,0.2498906144918635
3948,1791269171867673451,15104801553426,43.37440946300012,primary_goal,8.6753022,18.9734347,2.685578,0.0,0.0,0.0,0.2498906144918635
3949,1791269171877596661,15104811061824,43.383917861001464,primary_goal,8.6753022,18.9734347,2.685578,0.0,0.0,0.0,0.2498906144918635
3950,1791269171887735762,15104821598465,43.39445450200037,primary_goal,8.6753022,18.9734347,2.685578,0.0,0.0,0.0,0.2498906144918635
3951,1791269171897594174,15104831339529,43.40419556600136,primary_goal,8.6753022,18.9734347,2.685578,0.0,0.0,0.0,0.2498906144918635
3952,1791269171907534150,15104840700518,43.41355655500047,primary_goal,8.6753022,18.9734347,2.685578,0.0,0.0,0.0,0.2498906144918635
3953,1791269171917523392,15104850822339,43.42367837600068,primary_goal,8.6753022,18.9734347,2.685578,0.0,0.0,0.0,0.2498906144918635
3954,1791269171927561630,15104860841274,43.43369731100029,primary_goal,8.6753022,18.9734347,2.685578,0.0,0.0,0.0,0.2498906144918635
3955,1791269171937598064,15104871070790,43.44392682700163,primary_goal,8.6753022,18.9734347,2.685578,0.0,0.0,0.0,0.2498906144918635
3956,1791269171947596587,15104881274902,43.454130939000606,primary_goal,8.6753022,18.9734347,2.685578,0.0,0.0,0.0,0.2498906144918635
3957,1791269171957571410,15104891172583,43.464028620001045,primary_goal,8.6753022,18.9734347,2.685578,0.0,0.0,0.0,0.2498906144918635
3958,1791269171967606988,15104901292495,43.47414853200098,primary_goal,8.6753022,18.9734347,2.685578,0.0,0.0,0.0,0.2498906144918635
3959,1791269171977587311,15104911250372,43.48410640900147,primary_goal,8.6753022,18.9734347,2.685578,0.0,0.0,0.0,0.2498906144918635
3960,1791269171987565480,15104921374891,43.49423092800134,primary_goal,8.6753022,18.9734347,2.685578,0.0,0.0,0.0,0.2498906144918635
3961,1791269171997575898,15104931211209,43.50406724599998,primary_goal,8.6753022,18.9734347,2.685578,0.0,0.0,0.0,0.2498906144918635
3962,1791269172007532497,15104940883753,43.51373979000164,primary_goal,8.6753022,18.9734347,2.685578,0.0,0.0,0.0,0.2498906144918635
3963,1791269172017555238,15104951149603,43.52400564000163,primary_goal,8.6753022,18.9734347,2.685578,0.0,0.0,0.0,0.2498906144918635
3964,1791269172027605475,15104961194920,43.534050957001455,primary_goal,8.6753022,18.9734347,2.685578,0.0,0.0,0.0,0.2498906144918635
3965,1791269172037572875,15104971129387,43.54398542400122,primary_goal,8.6753022,18.9734347,2.685578,0.0,0.0,0.0,0.2498906144918635
3966,1791269172047563300,15104981038385,43.55389442200067,primary_goal,8.6753022,18.9734347,2.685578,0.0,0.0,0.0,0.2498906144918635
3967,1791269172057599230,15104991250174,43.56410621100076,primary_goal,8.6753022,18.9734347,2.685578,0.0,0.0,0.0,0.2498906144918635
3968,1791269172067668218,15105001744035,43.574600072000976,primary_goal,8.6753022,18.9734347,2.685578,0.0,0.0,0.0,0.2498906144918635
3969,1791269172077571771,15105011182987,43.58403902400096,primary_goal,8.6753022,18.9734347,2.685578,0.0,0.0,0.0,0.2498906144918635
3970,1791269172087634072,15105021498906,43.594354943001235,primary_goal,8.6753022,18.9734347,2.685578,0.0,0.0,0.0,0.2498906144918635
3971,1791269172097573907,15105031435468,43.60429150500022,primary_goal,8.6753022,18.9734347,2.685578,0.0,0.0,0.0,0.2498906144918635
3972,1791269172107549994,15105040820437,43.613676474000385,primary_goal,8.6753022,18.9734347,2.685578,0.0,0.0,0.0,0.2498906144918635
3973,1791269172117556101,15105050816404,43.62367244100096,primary_goal,8.6753022,18.9734347,2.685578,0.0,0.0,0.0,0.2498906144918635
3974,1791269172127557981,15105060834084,43.633690121001564,primary_goal,8.6753022,18.9734347,2.685578,0.0,0.0,0.0,0.2498906144918635
3975,1791269172137615443,15105071374302,43.6442303390013,primary_goal,8.6753022,18.9734347,2.685578,0.0,0.0,0.0,0.2498906144918635
3976,1791269172147618189,15105081325590,43.65418162700007,primary_goal,8.6753022,18.9734347,2.685578,0.0,0.0,0.0,0.2498906144918635
3977,1791269172157598008,15105091179910,43.66403594700023,primary_goal,8.6753022,18.9734347,2.685578,0.0,0.0,0.0,0.2498906144918635
3978,1791269172167589557,15105101291682,43.67414771900076,primary_goal,8.6753022,18.9734347,2.685578,0.0,0.0,0.0,0.2498906144918635
3979,1791269172177584437,15105111377035,43.68423307200101,primary_goal,8.6753022,18.9734347,2.685578,0.0,0.0,0.0,0.2498906144918635
3980,1791269172187562616,15105121275148,43.694131185000515,primary_goal,8.6753022,18.9734347,2.685578,0.0,0.0,0.0,0.2498906144918635
3981,1791269172197571666,15105131170949,43.70402698600083,primary_goal,8.6753022,18.9734347,2.685578,0.0,0.0,0.0,0.2498906144918635
3982,1791269172207532810,15105140784120,43.713640157000555,primary_goal,8.6753022,18.9734347,2.685578,0.0,0.0,0.0,0.2498906144918635
3983,1791269172217528877,15105150809644,43.72366568100006,primary_goal,8.6753022,18.9734347,2.685578,0.0,0.0,0.0,0.2498906144918635
3984,1791269172227534217,15105160680220,43.733536257001106,primary_goal,8.6753022,18.9734347,2.685578,0.0,0.0,0.0,0.2498906144918635
3985,1791269172237566918,15105171031911,43.74388794800143,primary_goal,8.6753022,18.9734347,2.685578,0.0,0.0,0.0,0.2498906144918635
3986,1791269172247598271,15105181273960,43.754129997001655,primary_goal,8.6753022,18.9734347,2.685578,0.0,0.0,0.0,0.2498906144918635
3987,1791269172257640672,15105191581002,43.76443703900077,primary_goal,8.6753022,18.9734347,2.685578,0.0,0.0,0.0,0.2498906144918635
3988,1791269172267648480,15105201471256,43.77432729300017,primary_goal,8.6753022,18.9734347,2.685578,0.0,0.0,0.0,0.2498906144918635
3989,1791269172277581079,15105211130553,43.783986590000495,primary_goal,8.6753022,18.9734347,2.685578,0.0,0.0,0.0,0.2498906144918635
3990,1791269172287710544,15105221772847,43.79462888400121,primary_goal,8.6753022,18.9734347,2.685578,0.0,0.0,0.0,0.2498906144918635
3991,1791269172297568293,15105231241666,43.80409770300139,primary_goal,8.6753022,18.9734347,2.685578,0.0,0.0,0.0,0.2498906144918635
3992,1791269172307649726,15105241049888,43.813905925000654,primary_goal,8.6753022,18.9734347,2.685578,0.0,0.0,0.0,0.2498906144918635
3993,1791269172317618150,15105250952591,43.82380862800164,primary_goal,8.6753022,18.9734347,2.685578,0.0,0.0,0.0,0.2498906144918635
3994,1791269172327632401,15105260948433,43.83380447000127,primary_goal,8.6753022,18.9734347,2.685578,0.0,0.0,0.0,0.2498906144918635
3995,1791269172337662313,15105271095926,43.84395196300102,primary_goal,8.6753022,18.9734347,2.685578,0.0,0.0,0.0,0.2498906144918635
3996,1791269172347603052,15105281326130,43.854182167000545,primary_goal,8.6753022,18.9734347,2.685578,0.0,0.0,0.0,0.2498906144918635
3997,1791269172357620407,15105291573545,43.86442958200132,primary_goal,8.6753022,18.9734347,2.685578,0.0,0.0,0.0,0.2498906144918635
3998,1791269172367635447,15105301581982,43.87443801900008,primary_goal,8.6753022,18.9734347,2.685578,0.0,0.0,0.0,0.2498906144918635
3999,1791269172377685477,15105311215766,43.88407180300055,primary_goal,8.6753022,18.9734347,2.685578,0.0,0.0,0.0,0.2498906144918635
4000,1791269172387581804,15105321267461,43.894123498001136,primary_goal,8.6753022,18.9734347,2.685578,0.0,0.0,0.0,0.2498906144918635
4001,1791269172397593263,15105331303214,43.90415925100024,primary_goal,8.6753022,18.9734347,2.685578,0.0,0.0,0.0,0.2498906144918635
4002,1791269172407538387,15105340876655,43.91373269200085,primary_goal,8.6753022,18.9734347,2.685578,0.0,0.0,0.0,0.2498906144918635
4003,1791269172417515397,15105350764367,43.92362040400076,primary_goal,8.6753022,18.9734347,2.685578,0.0,0.0,0.0,0.2498906144918635
4004,1791269172427535143,15105360855658,43.933711695000966,primary_goal,8.6753022,18.9734347,2.685578,0.0,0.0,0.0,0.2498906144918635
4005,1791269172437572940,15105371102432,43.94395846900079,primary_goal,8.6753022,18.9734347,2.685578,0.0,0.0,0.0,0.2498906144918635
4006,1791269172447608443,15105381187572,43.95404360900102,primary_goal,8.6753022,18.9734347,2.685578,0.0,0.0,0.0,0.2498906144918635
4007,1791269172457600965,15105391563936,43.964419973000986,primary_goal,8.6753022,18.9734347,2.685578,0.0,0.0,0.0,0.2498906144918635
4008,1791269172467616028,15105401327749,43.97418378600014,primary_goal,8.6753022,18.9734347,2.685578,0.0,0.0,0.0,0.2498906144918635
4009,1791269172477608675,15105411185910,43.98404194700015,primary_goal,8.6753022,18.9734347,2.685578,0.0,0.0,0.0,0.2498906144918635
4010,1791269172487712447,15105421345245,43.994201282001086,primary_goal,8.6753022,18.9734347,2.685578,0.0,0.0,0.0,0.2498906144918635
4011,1791269172497566541,15105431225279,44.00408131600125,primary_goal,8.6753022,18.9734347,2.685578,0.0,0.0,0.0,0.2498906144918635
4012,1791269172507538532,15105440952915,44.013808952000545,primary_goal,8.6753022,18.9734347,2.685578,0.0,0.0,0.0,0.2498906144918635
4013,1791269172517524447,15105451082955,44.023938992000694,primary_goal,8.6753022,18.9734347,2.685578,0.0,0.0,0.0,0.2498906144918635
4014,1791269172527531939,15105460838578,44.03369461500006,primary_goal,8.6753022,18.9734347,2.685578,0.0,0.0,0.0,0.2498906144918635
4015,1791269172537537230,15105470809670,44.0436657070004,primary_goal,8.6753022,18.9734347,2.685578,0.0,0.0,0.0,0.2498906144918635
4016,1791269172547534472,15105480878138,44.0537341750005,primary_goal,8.6753022,18.9734347,2.685578,0.0,0.0,0.0,0.2498906144918635
4017,1791269172557592529,15105491084936,44.06394097300108,primary_goal,8.6753022,18.9734347,2.685578,0.0,0.0,0.0,0.2498906144918635
4018,1791269172567600205,15105501268500,44.0741245370009,primary_goal,8.6753022,18.9734347,2.685578,0.0,0.0,0.0,0.2498906144918635
4019,1791269172577572543,15105511088620,44.08394465700076,primary_goal,8.6753022,18.9734347,2.685578,0.0,0.0,0.0,0.2498906144918635
4020,1791269172587584652,15105521525251,44.09438128800139,primary_goal,8.6753022,18.9734347,2.685578,0.0,0.0,0.0,0.2498906144918635
4021,1791269172597564036,15105531261121,44.10411715800001,primary_goal,8.6753022,18.9734347,2.685578,0.0,0.0,0.0,0.2498906144918635
4022,1791269172607554428,15105540867821,44.11372385800132,primary_goal,8.6753022,18.9734347,2.685578,0.0,0.0,0.0,0.2498906144918635
4023,1791269172617523533,15105550822240,44.12367827700109,primary_goal,8.6753022,18.9734347,2.685578,0.0,0.0,0.0,0.2498906144918635
4024,1791269172627532138,15105560762042,44.13361807900037,primary_goal,8.6753022,18.9734347,2.685578,0.0,0.0,0.0,0.2498906144918635
4025,1791269172637565829,15105571111042,44.143967079000504,primary_goal,8.6753022,18.9734347,2.685578,0.0,0.0,0.0,0.2498906144918635
4026,1791269172647584713,15105581257115,44.15411315200072,primary_goal,8.6753022,18.9734347,2.685578,0.0,0.0,0.0,0.2498906144918635
4027,1791269172657620794,15105591256261,44.164112297999964,primary_goal,8.6753022,18.9734347,2.685578,0.0,0.0,0.0,0.2498906144918635
4028,1791269172667595382,15105601373121,44.17422915800125,primary_goal,8.6753022,18.9734347,2.685578,0.0,0.0,0.0,0.2498906144918635
4029,1791269172677595281,15105611329215,44.18418525200104,primary_goal,8.6753022,18.9734347,2.685578,0.0,0.0,0.0,0.2498906144918635
4030,1791269172687566646,15105621287473,44.194143510001595,primary_goal,8.6753022,18.9734347,2.685578,0.0,0.0,0.0,0.2498906144918635
4031,1791269172697578971,15105631369367,44.20422540400068,primary_goal,8.6753022,18.9734347,2.685578,0.0,0.0,0.0,0.2498906144918635
4032,1791269172707565070,15105641029450,44.21388548700088,primary_goal,8.6753022,18.9734347,2.685578,0.0,0.0,0.0,0.2498906144918635
4033,1791269172717548565,15105650886467,44.223742504000256,primary_goal,8.6753022,18.9734347,2.685578,0.0,0.0,0.0,0.2498906144918635
4034,1791269172727558142,15105660892500,44.23374853700079,primary_goal,8.6753022,18.9734347,2.685578,0.0,0.0,0.0,0.2498906144918635
4035,1791269172737563385,15105671108634,44.24396467100087,primary_goal,8.6753022,18.9734347,2.685578,0.0,0.0,0.0,0.2498906144918635
4036,1791269172747607647,15105681217122,44.254073159001564,primary_goal,8.6753022,18.9734347,2.685578,0.0,0.0,0.0,0.2498906144918635
4037,1791269172757603441,15105691168196,44.26402423299987,primary_goal,8.6753022,18.9734347,2.685578,0.0,0.0,0.0,0.2498906144918635
4038,1791269172767604749,15105701300759,44.27415679600017,primary_goal,8.6753022,18.9734347,2.685578,0.0,0.0,0.0,0.2498906144918635
4039,1791269172777589382,15105711303604,44.28415964099986,primary_goal,8.6753022,18.9734347,2.685578,0.0,0.0,0.0,0.2498906144918635
4040,1791269172787640565,15105721500685,44.294356722000884,primary_goal,8.6753022,18.9734347,2.685578,0.0,0.0,0.0,0.2498906144918635
4041,1791269172797551594,15105731290330,44.30414636700152,primary_goal,8.6753022,18.9734347,2.685578,0.0,0.0,0.0,0.2498906144918635
4042,1791269172807519425,15105740823237,44.313679274000606,primary_goal,8.6753022,18.9734347,2.685578,0.0,0.0,0.0,0.2498906144918635
4043,1791269172817644798,15105751097071,44.32395310799984,primary_goal,8.6753022,18.9734347,2.685578,0.0,0.0,0.0,0.2498906144918635
4044,1791269172827537440,15105761227188,44.33408322500145,primary_goal,8.6753022,18.9734347,2.685578,0.0,0.0,0.0,0.2498906144918635
4045,1791269172837512583,15105770859717,44.343715754001096,primary_goal,8.6753022,18.9734347,2.685578,0.0,0.0,0.0,0.2498906144918635
4046,1791269172847552503,15105781152273,44.35400831000152,primary_goal,8.6753022,18.9734347,2.685578,0.0,0.0,0.0,0.2498906144918635
4047,1791269172857528245,15105791154172,44.36401020900121,primary_goal,8.6753022,18.9734347,2.685578,0.0,0.0,0.0,0.2498906144918635
4048,1791269172867573807,15105801268865,44.3741249020004,primary_goal,8.6753022,18.9734347,2.685578,0.0,0.0,0.0,0.2498906144918635
4049,1791269172877579572,15105811343247,44.384199284000715,primary_goal,8.6753022,18.9734347,2.685578,0.0,0.0,0.0,0.2498906144918635
4050,1791269172887592792,15105822137197,44.39499323400014,primary_goal,8.6753022,18.9734347,2.685578,0.0,0.0,0.0,0.2498906144918635
4051,1791269172897555121,15105831399777,44.40425581400086,primary_goal,8.6753022,18.9734347,2.685578,0.0,0.0,0.0,0.2498906144918635
4052,1791269172907518610,15105840927263,44.41378330000043,primary_goal,8.6753022,18.9734347,2.685578,0.0,0.0,0.0,0.2498906144918635
4053,1791269172917518356,15105850873563,44.423729600001025,primary_goal,8.6753022,18.9734347,2.685578,0.0,0.0,0.0,0.2498906144918635
4054,1791269172927524410,15105860819804,44.43367584100088,primary_goal,8.6753022,18.9734347,2.685578,0.0,0.0,0.0,0.2498906144918635
4055,1791269172937561187,15105870975974,44.44383201100027,primary_goal,8.6753022,18.9734347,2.685578,0.0,0.0,0.0,0.2498906144918635
4056,1791269172947563385,15105881178112,44.45403414900102,primary_goal,8.6753022,18.9734347,2.685578,0.0,0.0,0.0,0.2498906144918635
4057,1791269172957585934,15105891374645,44.46423068200056,primary_goal,8.6753022,18.9734347,2.685578,0.0,0.0,0.0,0.2498906144918635
4058,1791269172967626138,15105901642890,44.47449892700024,primary_goal,8.6753022,18.9734347,2.685578,0.0,0.0,0.0,0.2498906144918635
4059,1791269172977571782,15105911282448,44.484138485000585,primary_goal,8.6753022,18.9734347,2.685578,0.0,0.0,0.0,0.2498906144918635
4060,1791269172987607153,15105921449155,44.494305191999956,primary_goal,8.6753022,18.9734347,2.685578,0.0,0.0,0.0,0.2498906144918635
4061,1791269172997555426,15105931064749,44.50392078600089,primary_goal,8.6753022,18.9734347,2.685578,0.0,0.0,0.0,0.2498906144918635
4062,1791269173007518241,15105940772777,44.513628814000185,primary_goal,8.6753022,18.9734347,2.685578,0.0,0.0,0.0,0.2498906144918635
4063,1791269173017518017,15105950751263,44.52360730000146,primary_goal,8.6753022,18.9734347,2.685578,0.0,0.0,0.0,0.2498906144918635
4064,1791269173027522644,15105960835019,44.53369105599995,primary_goal,8.6753022,18.9734347,2.685578,0.0,0.0,0.0,0.2498906144918635
4065,1791269173037554961,15105971089137,44.54394517400033,primary_goal,8.6753022,18.9734347,2.685578,0.0,0.0,0.0,0.2498906144918635
4066,1791269173047556408,15105981032962,44.553888999000264,primary_goal,8.6753022,18.9734347,2.685578,0.0,0.0,0.0,0.2498906144918635
4067,1791269173057595044,15105991481846,44.56433788300092,primary_goal,8.6753022,18.9734347,2.685578,0.0,0.0,0.0,0.2498906144918635
4068,1791269173067594442,15106001469095,44.57432513200001,primary_goal,8.6753022,18.9734347,2.685578,0.0,0.0,0.0,0.2498906144918635
4069,1791269173077567412,15106011162874,44.584018911000385,primary_goal,8.6753022,18.9734347,2.685578,0.0,0.0,0.0,0.2498906144918635
4070,1791269173087613038,15106021376448,44.59423248500025,primary_goal,8.6753022,18.9734347,2.685578,0.0,0.0,0.0,0.2498906144918635
4071,1791269173097603814,15106031247921,44.60410395800136,primary_goal,8.6753022,18.9734347,2.685578,0.0,0.0,0.0,0.2498906144918635
4072,1791269173107525128,15106040918139,44.61377417600124,primary_goal,8.6753022,18.9734347,2.685578,0.0,0.0,0.0,0.2498906144918635
4073,1791269173117515349,15106050746985,44.62360302200068,primary_goal,8.6753022,18.9734347,2.685578,0.0,0.0,0.0,0.2498906144918635
4074,1791269173127515846,15106060778957,44.63363499400111,primary_goal,8.6753022,18.9734347,2.685578,0.0,0.0,0.0,0.2498906144918635
4075,1791269173137541757,15106070916564,44.64377260100082,primary_goal,8.6753022,18.9734347,2.685578,0.0,0.0,0.0,0.2498906144918635
4076,1791269173147572408,15106081180304,44.65403634100039,primary_goal,8.6753022,18.9734347,2.685578,0.0,0.0,0.0,0.2498906144918635
4077,1791269173157591793,15106091251241,44.6641072780003,primary_goal,8.6753022,18.9734347,2.685578,0.0,0.0,0.0,0.2498906144918635
4078,1791269173167634243,15106101601746,44.674457783001344,primary_goal,8.6753022,18.9734347,2.685578,0.0,0.0,0.0,0.2498906144918635
4079,1791269173177590191,15106111219393,44.68407543000103,primary_goal,8.6753022,18.9734347,2.685578,0.0,0.0,0.0,0.2498906144918635
4080,1791269173187583836,15106121291822,44.69414785900153,primary_goal,8.6753022,18.9734347,2.685578,0.0,0.0,0.0,0.2498906144918635
4081,1791269173197592365,15106131487195,44.70434323200061,primary_goal,8.6753022,18.9734347,2.685578,0.0,0.0,0.0,0.2498906144918635
4082,1791269173207514432,15106140664507,44.71352054400086,primary_goal,8.6753022,18.9734347,2.685578,0.0,0.0,0.0,0.2498906144918635
4083,1791269173217513627,15106150783339,44.7236393760013,primary_goal,8.6753022,18.9734347,2.685578,0.0,0.0,0.0,0.2498906144918635
4084,1791269173227525913,15106160838507,44.73369454400017,primary_goal,8.6753022,18.9734347,2.685578,0.0,0.0,0.0,0.2498906144918635
4085,1791269173237560691,15106171139789,44.74399582600017,primary_goal,8.6753022,18.9734347,2.685578,0.0,0.0,0.0,0.2498906144918635
4086,1791269173247574963,15106181191651,44.754047688000355,primary_goal,8.6753022,18.9734347,2.685578,0.0,0.0,0.0,0.2498906144918635
4087,1791269173257627443,15106191414713,44.76427074999992,primary_goal,8.6753022,18.9734347,2.685578,0.0,0.0,0.0,0.2498906144918635
4088,1791269173267621224,15106201608622,44.77446465899993,primary_goal,8.6753022,18.9734347,2.685578,0.0,0.0,0.0,0.2498906144918635
4089,1791269173277644461,15106211202533,44.784058570001434,primary_goal,8.6753022,18.9734347,2.685578,0.0,0.0,0.0,0.2498906144918635
4090,1791269173287602736,15106221374240,44.79423027700068,primary_goal,8.6753022,18.9734347,2.685578,0.0,0.0,0.0,0.2498906144918635
4091,1791269173297565246,15106231210254,44.80406629100071,primary_goal,8.6753022,18.9734347,2.685578,0.0,0.0,0.0,0.2498906144918635
4092,1791269173307533833,15106240828482,44.81368451900016,primary_goal,8.6753022,18.9734347,2.685578,0.0,0.0,0.0,0.2498906144918635
4093,1791269173317527366,15106250779932,44.82363596899995,primary_goal,8.6753022,18.9734347,2.685578,0.0,0.0,0.0,0.2498906144918635
4094,1791269173327535555,15106260755166,44.833611203001055,primary_goal,8.6753022,18.9734347,2.685578,0.0,0.0,0.0,0.2498906144918635
4095,1791269173337537450,15106270998893,44.843854930000816,primary_goal,8.6753022,18.9734347,2.685578,0.0,0.0,0.0,0.2498906144918635
4096,1791269173347556886,15106281182821,44.85403885800042,primary_goal,8.6753022,18.9734347,2.685578,0.0,0.0,0.0,0.2498906144918635
4097,1791269173357583715,15106291584341,44.86444037799993,primary_goal,8.6753022,18.9734347,2.685578,0.0,0.0,0.0,0.2498906144918635
4098,1791269173367602414,15106301434360,44.87429039700146,primary_goal,8.6753022,18.9734347,2.685578,0.0,0.0,0.0,0.2498906144918635
4099,1791269173377576105,15106311190799,44.88404683600129,primary_goal,8.6753022,18.9734347,2.685578,0.0,0.0,0.0,0.2498906144918635
4100,1791269173387548190,15106321228371,44.89408440800071,primary_goal,8.6753022,18.9734347,2.685578,0.0,0.0,0.0,0.2498906144918635
4101,1791269173397545405,15106331303399,44.904159436000555,primary_goal,8.6753022,18.9734347,2.685578,0.0,0.0,0.0,0.2498906144918635
4102,1791269173407520749,15106340888141,44.91374417800034,primary_goal,8.6753022,18.9734347,2.685578,0.0,0.0,0.0,0.2498906144918635
4103,1791269173417531918,15106350924296,44.92378033300156,primary_goal,8.6753022,18.9734347,2.685578,0.0,0.0,0.0,0.2498906144918635
4104,1791269173427514104,15106361084485,44.93394052200165,primary_goal,8.6753022,18.9734347,2.685578,0.0,0.0,0.0,0.2498906144918635
4105,1791269173437587056,15106371543457,44.94439949400112,primary_goal,8.6753022,18.9734347,2.685578,0.0,0.0,0.0,0.2498906144918635
4106,1791269173447596383,15106381254167,44.954110204000244,primary_goal,8.6753022,18.9734347,2.685578,0.0,0.0,0.0,0.2498906144918635
4107,1791269173457616997,15106391572883,44.9644289200005,primary_goal,8.6753022,18.9734347,2.685578,0.0,0.0,0.0,0.2498906144918635
4108,1791269173467604649,15106401468327,44.974324364000495,primary_goal,8.6753022,18.9734347,2.685578,0.0,0.0,0.0,0.2498906144918635
4109,1791269173477566471,15106411097819,44.98395385600088,primary_goal,8.6753022,18.9734347,2.685578,0.0,0.0,0.0,0.2498906144918635
4110,1791269173487591408,15106421525402,44.99438143900079,primary_goal,8.6753022,18.9734347,2.685578,0.0,0.0,0.0,0.2498906144918635
4111,1791269173497547391,15106431319273,45.0041753100013,primary_goal,8.6753022,18.9734347,2.685578,0.0,0.0,0.0,0.2498906144918635
4112,1791269173507511017,15106440975585,45.013831622,primary_goal,8.6753022,18.9734347,2.685578,0.0,0.0,0.0,0.2498906144918635
4113,1791269173517568599,15106450926826,45.02378286300154,primary_goal,8.6753022,18.9734347,2.685578,0.0,0.0,0.0,0.2498906144918635
4114,1791269173527533669,15106460902330,45.0337583670007,primary_goal,8.6753022,18.9734347,2.685578,0.0,0.0,0.0,0.2498906144918635
4115,1791269173537546811,15106471467950,45.0443239870001,primary_goal,8.6753022,18.9734347,2.685578,0.0,0.0,0.0,0.2498906144918635
4116,1791269173547521527,15106481148176,45.05400421300146,primary_goal,8.6753022,18.9734347,2.685578,0.0,0.0,0.0,0.2498906144918635
4117,1791269173557587959,15106491283946,45.06413998300013,primary_goal,8.6753022,18.9734347,2.685578,0.0,0.0,0.0,0.2498906144918635
4118,1791269173567685769,15106501696575,45.07455261200084,primary_goal,8.6753022,18.9734347,2.685578,0.0,0.0,0.0,0.2498906144918635
4119,1791269173577568648,15106511212970,45.084069006999925,primary_goal,8.6753022,18.9734347,2.685578,0.0,0.0,0.0,0.2498906144918635
4120,1791269173587600213,15106521655535,45.094511572000556,primary_goal,8.6753022,18.9734347,2.685578,0.0,0.0,0.0,0.2498906144918635
4121,1791269173597551845,15106531386090,45.10424212700127,primary_goal,8.6753022,18.9734347,2.685578,0.0,0.0,0.0,0.2498906144918635
4122,1791269173607507839,15106540826623,45.11368266000136,primary_goal,8.6753022,18.9734347,2.685578,0.0,0.0,0.0,0.2498906144918635
4123,1791269173617548401,15106551057629,45.12391366600059,primary_goal,8.6753022,18.9734347,2.685578,0.0,0.0,0.0,0.2498906144918635
4124,1791269173627601840,15106561269748,45.134125784999924,primary_goal,8.6753022,18.9734347,2.685578,0.0,0.0,0.0,0.2498906144918635
4125,1791269173637556164,15106571464057,45.14432009400116,primary_goal,8.6753022,18.9734347,2.685578,0.0,0.0,0.0,0.2498906144918635
4126,1791269173647680233,15106581327197,45.15418323400081,primary_goal,8.6753022,18.9734347,2.685578,0.0,0.0,0.0,0.2498906144918635
4127,1791269173657578732,15106591404897,45.164260934001504,primary_goal,8.6753022,18.9734347,2.685578,0.0,0.0,0.0,0.2498906144918635
4128,1791269173667566861,15106601657311,45.17451334799989,primary_goal,8.6753022,18.9734347,2.685578,0.0,0.0,0.0,0.2498906144918635
4129,1791269173677553971,15106611356686,45.18421272300111,primary_goal,8.6753022,18.9734347,2.685578,0.0,0.0,0.0,0.2498906144918635
4130,1791269173687614904,15106621842628,45.19469866500003,primary_goal,8.6753022,18.9734347,2.685578,0.0,0.0,0.0,0.2498906144918635
4131,1791269173697544752,15106631205098,45.2040611350003,primary_goal,8.6753022,18.9734347,2.685578,0.0,0.0,0.0,0.2498906144918635
4132,1791269173707513458,15106640745534,45.213601571000254,primary_goal,8.6753022,18.9734347,2.685578,0.0,0.0,0.0,0.2498906144918635
4133,1791269173717495948,15106650856374,45.22371241100154,primary_goal,8.6753022,18.9734347,2.685578,0.0,0.0,0.0,0.2498906144918635
4134,1791269173727510081,15106660797459,45.23365349600135,primary_goal,8.6753022,18.9734347,2.685578,0.0,0.0,0.0,0.2498906144918635
4135,1791269173737537103,15106671016375,45.2438724120002,primary_goal,8.6753022,18.9734347,2.685578,0.0,0.0,0.0,0.2498906144918635
4136,1791269173747556140,15106681025364,45.2538814010004,primary_goal,8.6753022,18.9734347,2.685578,0.0,0.0,0.0,0.2498906144918635
4137,1791269173757590816,15106691326509,45.26418254600139,primary_goal,8.6753022,18.9734347,2.685578,0.0,0.0,0.0,0.2498906144918635
4138,1791269173767624140,15106701386393,45.27424243000132,primary_goal,8.6753022,18.9734347,2.685578,0.0,0.0,0.0,0.2498906144918635
4139,1791269173777567720,15106711126880,45.283982917000685,primary_goal,8.6753022,18.9734347,2.685578,0.0,0.0,0.0,0.2498906144918635
4140,1791269173787599116,15106721192043,45.29404808000072,primary_goal,8.6753022,18.9734347,2.685578,0.0,0.0,0.0,0.2498906144918635
4141,1791269173797585979,15106731233333,45.30408936999993,primary_goal,8.6753022,18.9734347,2.685578,0.0,0.0,0.0,0.2498906144918635
4142,1791269173807520921,15106740891784,45.313747821001016,primary_goal,8.6753022,18.9734347,2.685578,0.0,0.0,0.0,0.2498906144918635
4143,1791269173817516079,15106750761568,45.323617605001346,primary_goal,8.6753022,18.9734347,2.685578,0.0,0.0,0.0,0.2498906144918635
4144,1791269173827543341,15106760797844,45.33365388099992,primary_goal,8.6753022,18.9734347,2.685578,0.0,0.0,0.0,0.2498906144918635
4145,1791269173837580909,15106771044062,45.343900099000166,primary_goal,8.6753022,18.9734347,2.685578,0.0,0.0,0.0,0.2498906144918635
4146,1791269173847598970,15106781248376,45.35410441300155,primary_goal,8.6753022,18.9734347,2.685578,0.0,0.0,0.0,0.2498906144918635
4147,1791269173857679085,15106791430674,45.364286711001114,primary_goal,8.6753022,18.9734347,2.685578,0.0,0.0,0.0,0.2498906144918635
4148,1791269173867632288,15106801564926,45.374420963000375,primary_goal,8.6753022,18.9734347,2.685578,0.0,0.0,0.0,0.2498906144918635
4149,1791269173877559417,15106811203620,45.38405965700076,primary_goal,8.6753022,18.9734347,2.685578,0.0,0.0,0.0,0.2498906144918635
4150,1791269173887592811,15106821845360,45.39470139700097,primary_goal,8.6753022,18.9734347,2.685578,0.0,0.0,0.0,0.2498906144918635
4151,1791269173897540922,15106831106221,45.40396225800032,primary_goal,8.6753022,18.9734347,2.685578,0.0,0.0,0.0,0.2498906144918635
4152,1791269173907506927,15106840832897,45.413688934000675,primary_goal,8.6753022,18.9734347,2.685578,0.0,0.0,0.0,0.2498906144918635
4153,1791269173917571848,15106851308371,45.42416440800116,primary_goal,8.6753022,18.9734347,2.685578,0.0,0.0,0.0,0.2498906144918635
4154,1791269173927558920,15106861179185,45.4340352220006,primary_goal,8.6753022,18.9734347,2.685578,0.0,0.0,0.0,0.2498906144918635
4155,1791269173937522730,15106870971696,45.443827733000944,primary_goal,8.6753022,18.9734347,2.685578,0.0,0.0,0.0,0.2498906144918635
4156,1791269173947565257,15106880961062,45.453817098999934,primary_goal,8.6753022,18.9734347,2.685578,0.0,0.0,0.0,0.2498906144918635
4157,1791269173957574116,15106891293285,45.464149322000594,primary_goal,8.6753022,18.9734347,2.685578,0.0,0.0,0.0,0.2498906144918635
4158,1791269173967614662,15106901559019,45.474415056,primary_goal,8.6753022,18.9734347,2.685578,0.0,0.0,0.0,0.2498906144918635
4159,1791269173977669031,15106911274081,45.484130118000394,primary_goal,8.6753022,18.9734347,2.685578,0.0,0.0,0.0,0.2498906144918635
4160,1791269173987597131,15106921337940,45.49419397700149,primary_goal,8.6753022,18.9734347,2.685578,0.0,0.0,0.0,0.2498906144918635
4161,1791269173997558723,15106931314519,45.504170556001554,primary_goal,8.6753022,18.9734347,2.685578,0.0,0.0,0.0,0.2498906144918635
4162,1791269174007507978,15106940844880,45.51370091700119,primary_goal,8.6753022,18.9734347,2.685578,0.0,0.0,0.0,0.2498906144918635
4163,1791269174017503839,15106950937381,45.52379341800042,primary_goal,8.6753022,18.9734347,2.685578,0.0,0.0,0.0,0.2498906144918635
4164,1791269174027506993,15106960953923,45.533809960001236,primary_goal,8.6753022,18.9734347,2.685578,0.0,0.0,0.0,0.2498906144918635
4165,1791269174037536369,15106971397048,45.5442530850014,primary_goal,8.6753022,18.9734347,2.685578,0.0,0.0,0.0,0.2498906144918635
4166,1791269174047550428,15106981298671,45.55415470800108,primary_goal,8.6753022,18.9734347,2.685578,0.0,0.0,0.0,0.2498906144918635
4167,1791269174057593527,15106991555764,45.56441180100046,primary_goal,8.6753022,18.9734347,2.685578,0.0,0.0,0.0,0.2498906144918635
4168,1791269174067633632,15107001611291,45.57446732800054,primary_goal,8.6753022,18.9734347,2.685578,0.0,0.0,0.0,0.2498906144918635
4169,1791269174077544932,15107011305461,45.58416149799996,primary_goal,8.6753022,18.9734347,2.685578,0.0,0.0,0.0,0.2498906144918635
4170,1791269174087591531,15107021555619,45.594411656000375,primary_goal,8.6753022,18.9734347,2.685578,0.0,0.0,0.0,0.2498906144918635
4171,1791269174097538472,15107031258798,45.60411483500138,primary_goal,8.6753022,18.9734347,2.685578,0.0,0.0,0.0,0.2498906144918635
4172,1791269174107499222,15107040896765,45.61375280200082,primary_goal,8.6753022,18.9734347,2.685578,0.0,0.0,0.0,0.2498906144918635
4173,1791269174117575688,15107051582892,45.62443892900046,primary_goal,8.6753022,18.9734347,2.685578,0.0,0.0,0.0,0.2498906144918635
4174,1791269174127585730,15107061337148,45.634193185000186,primary_goal,8.6753022,18.9734347,2.685578,0.0,0.0,0.0,0.2498906144918635
4175,1791269174137526109,15107071413641,45.644269678001365,primary_goal,8.6753022,18.9734347,2.685578,0.0,0.0,0.0,0.2498906144918635
4176,1791269174147515149,15107080991022,45.65384705900033,primary_goal,8.6753022,18.9734347,2.685578,0.0,0.0,0.0,0.2498906144918635
4177,1791269174157550363,15107091388679,45.66424471600112,primary_goal,8.6753022,18.9734347,2.685578,0.0,0.0,0.0,0.2498906144918635
4178,1791269174167607060,15107101589800,45.67444583700126,primary_goal,8.6753022,18.9734347,2.685578,0.0,0.0,0.0,0.2498906144918635
4179,1791269174177558611,15107111218123,45.68407416000082,primary_goal,8.6753022,18.9734347,2.685578,0.0,0.0,0.0,0.2498906144918635
4180,1791269174187703222,15107121683982,45.69454001900158,primary_goal,8.6753022,18.9734347,2.685578,0.0,0.0,0.0,0.2498906144918635
4181,1791269174197539593,15107131140981,45.703997018001246,primary_goal,8.6753022,18.9734347,2.685578,0.0,0.0,0.0,0.2498906144918635
4182,1791269174207491592,15107140704174,45.713560211001095,primary_goal,8.6753022,18.9734347,2.685578,0.0,0.0,0.0,0.2498906144918635
4183,1791269174217497369,15107150785042,45.72364107900103,primary_goal,8.6753022,18.9734347,2.685578,0.0,0.0,0.0,0.2498906144918635
4184,1791269174227508223,15107160780382,45.733636419001414,primary_goal,8.6753022,18.9734347,2.685578,0.0,0.0,0.0,0.2498906144918635
4185,1791269174237545277,15107171084584,45.74394062100146,primary_goal,8.6753022,18.9734347,2.685578,0.0,0.0,0.0,0.2498906144918635
4186,1791269174247538882,15107180988894,45.75384493100137,primary_goal,8.6753022,18.9734347,2.685578,0.0,0.0,0.0,0.2498906144918635
4187,1791269174257578354,15107191520346,45.764376383000126,primary_goal,8.6753022,18.9734347,2.685578,0.0,0.0,0.0,0.2498906144918635
4188,1791269174267616153,15107201106842,45.773962879000464,primary_goal,8.6753022,18.9734347,2.685578,0.0,0.0,0.0,0.2498906144918635
4189,1791269174277555727,15107211601819,45.78445785600161,primary_goal,8.6753022,18.9734347,2.685578,0.0,0.0,0.0,0.2498906144918635
4190,1791269174287589198,15107222061841,45.79491787799998,primary_goal,8.6753022,18.9734347,2.685578,0.0,0.0,0.0,0.2498906144918635
4191,1791269174297535258,15107231617917,45.80447395400006,primary_goal,8.6753022,18.9734347,2.685578,0.0,0.0,0.0,0.2498906144918635
4192,1791269174307495979,15107240712902,45.813568939000106,primary_goal,8.6753022,18.9734347,2.685578,0.0,0.0,0.0,0.2498906144918635
4193,1791269174317495164,15107250656625,45.82351266200021,primary_goal,8.6753022,18.9734347,2.685578,0.0,0.0,0.0,0.2498906144918635
4194,1791269174327507094,15107260693731,45.83354976800001,primary_goal,8.6753022,18.9734347,2.685578,0.0,0.0,0.0,0.2498906144918635
4195,1791269174337545714,15107271086755,45.843942792000234,primary_goal,8.6753022,18.9734347,2.685578,0.0,0.0,0.0,0.2498906144918635
4196,1791269174347542547,15107281282557,45.85413859400069,primary_goal,8.6753022,18.9734347,2.685578,0.0,0.0,0.0,0.2498906144918635
4197,1791269174357584556,15107291947350,45.8648033870013,primary_goal,8.6753022,18.9734347,2.685578,0.0,0.0,0.0,0.2498906144918635
4198,1791269174367608950,15107301368718,45.87422475499989,primary_goal,8.6753022,18.9734347,2.685578,0.0,0.0,0.0,0.2498906144918635
4199,1791269174377660743,15107311232588,45.884088625000004,primary_goal,8.6753022,18.9734347,2.685578,0.0,0.0,0.0,0.2498906144918635
4200,1791269174387575687,15107321316509,45.894172546000846,primary_goal,8.6753022,18.9734347,2.685578,0.0,0.0,0.0,0.2498906144918635
4201,1791269174397498707,15107331064316,45.90392035300101,primary_goal,8.6753022,18.9734347,2.685578,0.0,0.0,0.0,0.2498906144918635
4202,1791269174407501261,15107340702587,45.91355862400087,primary_goal,8.6753022,18.9734347,2.685578,0.0,0.0,0.0,0.2498906144918635
4203,1791269174417494224,15107350772389,45.923628426000505,primary_goal,8.6753022,18.9734347,2.685578,0.0,0.0,0.0,0.2498906144918635
4204,1791269174427499754,15107360764178,45.9336202150007,primary_goal,8.6753022,18.9734347,2.685578,0.0,0.0,0.0,0.2498906144918635
4205,1791269174437533940,15107371015423,45.94387146000008,primary_goal,8.6753022,18.9734347,2.685578,0.0,0.0,0.0,0.2498906144918635
4206,1791269174447587192,15107381178603,45.95403464000083,primary_goal,8.6753022,18.9734347,2.685578,0.0,0.0,0.0,0.2498906144918635
4207,1791269174457566055,15107391311614,45.964167651000025,primary_goal,8.6753022,18.9734347,2.685578,0.0,0.0,0.0,0.2498906144918635
4208,1791269174467547219,15107401441863,45.97429790000024,primary_goal,8.6753022,18.9734347,2.685578,0.0,0.0,0.0,0.2498906144918635
4209,1791269174477548743,15107411345403,45.984201440000106,primary_goal,8.6753022,18.9734347,2.685578,0.0,0.0,0.0,0.2498906144918635
4210,1791269174487573948,15107421413792,45.994269829001496,primary_goal,8.6753022,18.9734347,2.685578,0.0,0.0,0.0,0.2498906144918635
4211,1791269174497535248,15107431180858,46.00403689500126,primary_goal,8.6753022,18.9734347,2.685578,0.0,0.0,0.0,0.2498906144918635
4212,1791269174507494121,15107440731890,46.01358792700012,primary_goal,8.6753022,18.9734347,2.685578,0.0,0.0,0.0,0.2498906144918635
4213,1791269174517492267,15107450717413,46.023573450000185,primary_goal,8.6753022,18.9734347,2.685578,0.0,0.0,0.0,0.2498906144918635
4214,1791269174527507503,15107460751109,46.03360714600058,primary_goal,8.6753022,18.9734347,2.685578,0.0,0.0,0.0,0.2498906144918635
4215,1791269174537567846,15107471173280,46.04402931700133,primary_goal,8.6753022,18.9734347,2.685578,0.0,0.0,0.0,0.2498906144918635
4216,1791269174547515567,15107481228432,46.05408446900037,primary_goal,8.6753022,18.9734347,2.685578,0.0,0.0,0.0,0.2498906144918635
4217,1791269174557570607,15107491520220,46.06437625700164,primary_goal,8.6753022,18.9734347,2.685578,0.0,0.0,0.0,0.2498906144918635
4218,1791269174567623013,15107501437937,46.07429397400119,primary_goal,8.6753022,18.9734347,2.685578,0.0,0.0,0.0,0.2498906144918635
4219,1791269174577553076,15107511355193,46.08421123000153,primary_goal,8.6753022,18.9734347,2.685578,0.0,0.0,0.0,0.2498906144918635
4220,1791269174587597287,15107521380050,46.09423608700126,primary_goal,8.6753022,18.9734347,2.685578,0.0,0.0,0.0,0.2498906144918635
4221,1791269174597536244,15107531397153,46.104253190000236,primary_goal,8.6753022,18.9734347,2.685578,0.0,0.0,0.0,0.2498906144918635
4222,1791269174607491786,15107540766566,46.113622603001204,primary_goal,8.6753022,18.9734347,2.685578,0.0,0.0,0.0,0.2498906144918635
4223,1791269174617491036,15107550910427,46.123766464001164,primary_goal,8.6753022,18.9734347,2.685578,0.0,0.0,0.0,0.2498906144918635
4224,1791269174627513740,15107560768690,46.133624727001006,primary_goal,8.6753022,18.9734347,2.685578,0.0,0.0,0.0,0.2498906144918635
4225,1791269174637530149,15107571041771,46.143897808000474,primary_goal,8.6753022,18.9734347,2.685578,0.0,0.0,0.0,0.2498906144918635
4226,1791269174647553403,15107581169468,46.15402550500039,primary_goal,8.6753022,18.9734347,2.685578,0.0,0.0,0.0,0.2498906144918635
4227,1791269174657588989,15107591392543,46.164248580000276,primary_goal,8.6753022,18.9734347,2.685578,0.0,0.0,0.0,0.2498906144918635
4228,1791269174667583019,15107601102080,46.17395811700044,primary_goal,8.6753022,18.9734347,2.685578,0.0,0.0,0.0,0.2498906144918635
4229,1791269174677549728,15107611191298,46.18404733500029,primary_goal,8.6753022,18.9734347,2.685578,0.0,0.0,0.0,0.2498906144918635
4230,1791269174687588318,15107621353699,46.19420973600063,primary_goal,8.6753022,18.9734347,2.685578,0.0,0.0,0.0,0.2498906144918635
4231,1791269174697518069,15107631077403,46.20393344000149,primary_goal,8.6753022,18.9734347,2.685578,0.0,0.0,0.0,0.2498906144918635
4232,1791269174707524321,15107640788824,46.21364486099992,primary_goal,8.6753022,18.9734347,2.685578,0.0,0.0,0.0,0.2498906144918635
4233,1791269174717520429,15107650758252,46.22361428900149,primary_goal,8.6753022,18.9734347,2.685578,0.0,0.0,0.0,0.2498906144918635
4234,1791269174727524893,15107660789601,46.23364563799987,primary_goal,8.6753022,18.9734347,2.685578,0.0,0.0,0.0,0.2498906144918635
4235,1791269174737528153,15107671033024,46.24388906100103,primary_goal,8.6753022,18.9734347,2.685578,0.0,0.0,0.0,0.2498906144918635
4236,1791269174747567363,15107681310242,46.254166279000856,primary_goal,8.6753022,18.9734347,2.685578,0.0,0.0,0.0,0.2498906144918635
4237,1791269174757538709,15107691323979,46.264180015999955,primary_goal,8.6753022,18.9734347,2.685578,0.0,0.0,0.0,0.2498906144918635
4238,1791269174767572211,15107701458876,46.274314913000126,primary_goal,8.6753022,18.9734347,2.685578,0.0,0.0,0.0,0.2498906144918635
4239,1791269174777546058,15107711303599,46.28415963600128,primary_goal,8.6753022,18.9734347,2.685578,0.0,0.0,0.0,0.2498906144918635
4240,1791269174787602104,15107721392433,46.29424847000155,primary_goal,8.6753022,18.9734347,2.685578,0.0,0.0,0.0,0.2498906144918635
4241,1791269174797548720,15107731265755,46.30412179199993,primary_goal,8.6753022,18.9734347,2.685578,0.0,0.0,0.0,0.2498906144918635
4242,1791269174807489341,15107740929355,46.31378539200159,primary_goal,8.6753022,18.9734347,2.685578,0.0,0.0,0.0,0.2498906144918635
4243,1791269174817487914,15107750757391,46.32361342800141,primary_goal,8.6753022,18.9734347,2.685578,0.0,0.0,0.0,0.2498906144918635
4244,1791269174827496502,15107760925873,46.33378191000156,primary_goal,8.6753022,18.9734347,2.685578,0.0,0.0,0.0,0.2498906144918635
4245,1791269174837522474,15107771072477,46.34392851400116,primary_goal,8.6753022,18.9734347,2.685578,0.0,0.0,0.0,0.2498906144918635
4246,1791269174847553365,15107781313747,46.35416978400099,primary_goal,8.6753022,18.9734347,2.685578,0.0,0.0,0.0,0.2498906144918635
4247,1791269174857572555,15107791326525,46.36418256200159,primary_goal,8.6753022,18.9734347,2.685578,0.0,0.0,0.0,0.2498906144918635
4248,1791269174867530843,15107801089719,46.37394575600047,primary_goal,8.6753022,18.9734347,2.685578,0.0,0.0,0.0,0.2498906144918635
4249,1791269174877538416,15107811305883,46.384161920001134,primary_goal,8.6753022,18.9734347,2.685578,0.0,0.0,0.0,0.2498906144918635
4250,1791269174887535163,15107821060269,46.39391630600039,primary_goal,8.6753022,18.9734347,2.685578,0.0,0.0,0.0,0.2498906144918635
4251,1791269174897498296,15107830941355,46.40379739200034,primary_goal,8.6753022,18.9734347,2.685578,0.0,0.0,0.0,0.2498906144918635
4252,1791269174907489773,15107840992128,46.41384816500067,primary_goal,8.6753022,18.9734347,2.685578,0.0,0.0,0.0,0.2498906144918635
4253,1791269174917487246,15107850643405,46.42349944200032,primary_goal,8.6753022,18.9734347,2.685578,0.0,0.0,0.0,0.2498906144918635
4254,1791269174927495861,15107860822501,46.433678538000095,primary_goal,8.6753022,18.9734347,2.685578,0.0,0.0,0.0,0.2498906144918635
4255,1791269174937534964,15107871061098,46.44391713500045,primary_goal,8.6753022,18.9734347,2.685578,0.0,0.0,0.0,0.2498906144918635
4256,1791269174947560166,15107881304738,46.45416077500158,primary_goal,8.6753022,18.9734347,2.685578,0.0,0.0,0.0,0.2498906144918635
4257,1791269174957581914,15107891588618,46.46444465500099,primary_goal,8.6753022,18.9734347,2.685578,0.0,0.0,0.0,0.2498906144918635
4258,1791269174967524712,15107901990406,46.4748464430013,primary_goal,8.6753022,18.9734347,2.685578,0.0,0.0,0.0,0.2498906144918635
4259,1791269174977550617,15107911221648,46.484077685001466,primary_goal,8.6753022,18.9734347,2.685578,0.0,0.0,0.0,0.2498906144918635
4260,1791269174987534161,15107921258680,46.49411471700114,primary_goal,8.6753022,18.9734347,2.685578,0.0,0.0,0.0,0.2498906144918635
4261,1791269174997518949,15107931193780,46.50404981700012,primary_goal,8.6753022,18.9734347,2.685578,0.0,0.0,0.0,0.2498906144918635
4262,1791269175007487197,15107940776395,46.51363243200103,primary_goal,8.6753022,18.9734347,2.685578,0.0,0.0,0.0,0.2498906144918635
4263,1791269175017487375,15107950792448,46.523648485001104,primary_goal,8.6753022,18.9734347,2.685578,0.0,0.0,0.0,0.2498906144918635
4264,1791269175027491067,15107960685167,46.53354120400036,primary_goal,8.6753022,18.9734347,2.685578,0.0,0.0,0.0,0.2498906144918635
4265,1791269175037524637,15107971046896,46.543902933000936,primary_goal,8.6753022,18.9734347,2.685578,0.0,0.0,0.0,0.2498906144918635
4266,1791269175047559698,15107981197126,46.5540531630013,primary_goal,8.6753022,18.9734347,2.685578,0.0,0.0,0.0,0.2498906144918635
4267,1791269175057527869,15107991263922,46.56411995900089,primary_goal,8.6753022,18.9734347,2.685578,0.0,0.0,0.0,0.2498906144918635
4268,1791269175067553307,15108001181162,46.574037199001395,primary_goal,8.6753022,18.9734347,2.685578,0.0,0.0,0.0,0.2498906144918635
4269,1791269175077538225,15108011463770,46.58431980700152,primary_goal,8.6753022,18.9734347,2.685578,0.0,0.0,0.0,0.2498906144918635
4270,1791269175087690462,15108021502483,46.59435852000024,primary_goal,8.6753022,18.9734347,2.685578,0.0,0.0,0.0,0.2498906144918635
4271,1791269175097521260,15108031061614,46.6039176510003,primary_goal,8.6753022,18.9734347,2.685578,0.0,0.0,0.0,0.2498906144918635
4272,1791269175107493403,15108040755287,46.613611324000885,primary_goal,8.6753022,18.9734347,2.685578,0.0,0.0,0.0,0.2498906144918635
4273,1791269175117483148,15108050633019,46.623489056000835,primary_goal,8.6753022,18.9734347,2.685578,0.0,0.0,0.0,0.2498906144918635
4274,1791269175127473671,15108060593399,46.633449435999864,primary_goal,8.6753022,18.9734347,2.685578,0.0,0.0,0.0,0.2498906144918635
4275,1791269175137511606,15108070781041,46.64363707800112,primary_goal,8.6753022,18.9734347,2.685578,0.0,0.0,0.0,0.2498906144918635
4276,1791269175147506924,15108081118423,46.653974460001336,primary_goal,8.6753022,18.9734347,2.685578,0.0,0.0,0.0,0.2498906144918635
4277,1791269175157523254,15108091392566,46.6642486030014,primary_goal,8.6753022,18.9734347,2.685578,0.0,0.0,0.0,0.2498906144918635
4278,1791269175167574736,15108101501708,46.674357745001544,primary_goal,8.6753022,18.9734347,2.685578,0.0,0.0,0.0,0.2498906144918635
4279,1791269175177546112,15108111373050,46.68422908700086,primary_goal,8.6753022,18.9734347,2.685578,0.0,0.0,0.0,0.2498906144918635
4280,1791269175187564128,15108121333661,46.69418969800063,primary_goal,8.6753022,18.9734347,2.685578,0.0,0.0,0.0,0.2498906144918635
4281,1791269175197529901,15108131135648,46.7039916850008,primary_goal,8.6753022,18.9734347,2.685578,0.0,0.0,0.0,0.2498906144918635
4282,1791269175207483308,15108140777386,46.71363342299992,primary_goal,8.6753022,18.9734347,2.685578,0.0,0.0,0.0,0.2498906144918635
4283,1791269175217481310,15108150725300,46.723581337000724,primary_goal,8.6753022,18.9734347,2.685578,0.0,0.0,0.0,0.2498906144918635
4284,1791269175227488117,15108160814931,46.7336709680003,primary_goal,8.6753022,18.9734347,2.685578,0.0,0.0,0.0,0.2498906144918635
4285,1791269175237520534,15108171051149,46.7439071860008,primary_goal,8.6753022,18.9734347,2.685578,0.0,0.0,0.0,0.2498906144918635
4286,1791269175247558114,15108181157532,46.75401356900147,primary_goal,8.6753022,18.9734347,2.685578,0.0,0.0,0.0,0.2498906144918635
4287,1791269175257498760,15108190983844,46.76383988100133,primary_goal,8.6753022,18.9734347,2.685578,0.0,0.0,0.0,0.2498906144918635
4288,1791269175267501755,15108201103934,46.773959971000295,primary_goal,8.6753022,18.9734347,2.685578,0.0,0.0,0.0,0.2498906144918635
4289,1791269175277542965,15108211118211,46.78397424800096,primary_goal,8.6753022,18.9734347,2.685578,0.0,0.0,0.0,0.2498906144918635
4290,1791269175287562502,15108221297049,46.79415308600073,primary_goal,8.6753022,18.9734347,2.685578,0.0,0.0,0.0,0.2498906144918635
4291,1791269175297526575,15108231219510,46.80407554700105,primary_goal,8.6753022,18.9734347,2.685578,0.0,0.0,0.0,0.2498906144918635
4292,1791269175307492889,15108240806576,46.813662612999906,primary_goal,8.6753022,18.9734347,2.685578,0.0,0.0,0.0,0.2498906144918635
4293,1791269175317481558,15108250993668,46.82384970500061,primary_goal,8.6753022,18.9734347,2.685578,0.0,0.0,0.0,0.2498906144918635
4294,1791269175327483897,15108260806886,46.83366292300161,primary_goal,8.6753022,18.9734347,2.685578,0.0,0.0,0.0,0.2498906144918635
4295,1791269175337516315,15108270971566,46.843827603001046,primary_goal,8.6753022,18.9734347,2.685578,0.0,0.0,0.0,0.2498906144918635
4296,1791269175347551257,15108281263583,46.85411962000035,primary_goal,8.6753022,18.9734347,2.685578,0.0,0.0,0.0,0.2498906144918635
4297,1791269175357745011,15108292151741,46.86500777800029,primary_goal,8.6753022,18.9734347,2.685578,0.0,0.0,0.0,0.2498906144918635
4298,1791269175367589684,15108301552646,46.87440868300109,primary_goal,8.6753022,18.9734347,2.685578,0.0,0.0,0.0,0.2498906144918635
4299,1791269175377517741,15108311090787,46.883946824000304,primary_goal,8.6753022,18.9734347,2.685578,0.0,0.0,0.0,0.2498906144918635
4300,1791269175387650840,15108321541728,46.894397765001486,primary_goal,8.6753022,18.9734347,2.685578,0.0,0.0,0.0,0.2498906144918635
4301,1791269175397559568,15108331233047,46.90408908400059,primary_goal,8.6753022,18.9734347,2.685578,0.0,0.0,0.0,0.2498906144918635
4302,1791269175407483889,15108340780288,46.91363632499997,primary_goal,8.6753022,18.9734347,2.685578,0.0,0.0,0.0,0.2498906144918635
4303,1791269175417468269,15108350745359,46.92360139599987,primary_goal,8.6753022,18.9734347,2.685578,0.0,0.0,0.0,0.2498906144918635
4304,1791269175427482526,15108360739439,46.933595476000846,primary_goal,8.6753022,18.9734347,2.685578,0.0,0.0,0.0,0.2498906144918635
4305,1791269175437517161,15108370975557,46.943831594000585,primary_goal,8.6753022,18.9734347,2.685578,0.0,0.0,0.0,0.2498906144918635
4306,1791269175447566260,15108381322306,46.95417834300133,primary_goal,8.6753022,18.9734347,2.685578,0.0,0.0,0.0,0.2498906144918635
4307,1791269175457525176,15108391194407,46.96405044400126,primary_goal,8.6753022,18.9734347,2.685578,0.0,0.0,0.0,0.2498906144918635
4308,1791269175467558771,15108401488187,46.97434422400147,primary_goal,8.6753022,18.9734347,2.685578,0.0,0.0,0.0,0.2498906144918635
4309,1791269175477539957,15108411228248,46.98408428500079,primary_goal,8.6753022,18.9734347,2.685578,0.0,0.0,0.0,0.2498906144918635
4310,1791269175487586926,15108421466391,46.9943224280014,primary_goal,8.6753022,18.9734347,2.685578,0.0,0.0,0.0,0.2498906144918635
4311,1791269175497516809,15108431184152,47.00404018900008,primary_goal,8.6753022,18.9734347,2.685578,0.0,0.0,0.0,0.2498906144918635
4312,1791269175507491345,15108440823357,47.013679394000064,primary_goal,8.6753022,18.9734347,2.685578,0.0,0.0,0.0,0.2498906144918635
4313,1791269175517477215,15108450709989,47.02356602600048,primary_goal,8.6753022,18.9734347,2.685578,0.0,0.0,0.0,0.2498906144918635
4314,1791269175527488978,15108461251463,47.03410750000148,primary_goal,8.6753022,18.9734347,2.685578,0.0,0.0,0.0,0.2498906144918635
4315,1791269175537577782,15108471434920,47.04429095700107,primary_goal,8.6753022,18.9734347,2.685578,0.0,0.0,0.0,0.2498906144918635
4316,1791269175547560754,15108481164386,47.05402042300011,primary_goal,8.6753022,18.9734347,2.685578,0.0,0.0,0.0,0.2498906144918635
4317,1791269175557548487,15108491488198,47.064344235001045,primary_goal,8.6753022,18.9734347,2.685578,0.0,0.0,0.0,0.2498906144918635
4318,1791269175567604017,15108501636580,47.07449261700094,primary_goal,8.6753022,18.9734347,2.685578,0.0,0.0,0.0,0.2498906144918635
4319,1791269175577547630,15108511287431,47.08414346800055,primary_goal,8.6753022,18.9734347,2.685578,0.0,0.0,0.0,0.2498906144918635
4320,1791269175587606972,15108521581959,47.094437996000124,primary_goal,8.6753022,18.9734347,2.685578,0.0,0.0,0.0,0.2498906144918635
4321,1791269175597544260,15108531518072,47.10437410900158,primary_goal,8.6753022,18.9734347,2.685578,0.0,0.0,0.0,0.2498906144918635
4322,1791269175607502050,15108540775355,47.11363139200148,primary_goal,8.6753022,18.9734347,2.685578,0.0,0.0,0.0,0.2498906144918635
4323,1791269175617535983,15108550825213,47.12368125000103,primary_goal,8.6753022,18.9734347,2.685578,0.0,0.0,0.0,0.2498906144918635
4324,1791269175627484798,15108561097662,47.1339536989999,primary_goal,8.6753022,18.9734347,2.685578,0.0,0.0,0.0,0.2498906144918635
4325,1791269175637571929,15108571454112,47.144310149000376,primary_goal,8.6753022,18.9734347,2.685578,0.0,0.0,0.0,0.2498906144918635
4326,1791269175647622924,15108581583018,47.154439055000694,primary_goal,8.6753022,18.9734347,2.685578,0.0,0.0,0.0,0.2498906144918635
4327,1791269175657508908,15108591124092,47.163980129000265,primary_goal,8.6753022,18.9734347,2.685578,0.0,0.0,0.0,0.2498906144918635
4328,1791269175667540805,15108601292623,47.174148660000355,primary_goal,8.6753022,18.9734347,2.685578,0.0,0.0,0.0,0.2498906144918635
4329,1791269175677523304,15108611275444,47.184131481000804,primary_goal,8.6753022,18.9734347,2.685578,0.0,0.0,0.0,0.2498906144918635
4330,1791269175687590034,15108621787054,47.194643091001126,primary_goal,8.6753022,18.9734347,2.685578,0.0,0.0,0.0,0.2498906144918635
4331,1791269175697531311,15108631081634,47.20393767099995,primary_goal,8.6753022,18.9734347,2.685578,0.0,0.0,0.0,0.2498906144918635
4332,1791269175707502575,15108640763129,47.21361916600108,primary_goal,8.6753022,18.9734347,2.685578,0.0,0.0,0.0,0.2498906144918635
4333,1791269175717492155,15108650730109,47.22358614600125,primary_goal,8.6753022,18.9734347,2.685578,0.0,0.0,0.0,0.2498906144918635
4334,1791269175727478248,15108660763338,47.23361937500158,primary_goal,8.6753022,18.9734347,2.685578,0.0,0.0,0.0,0.2498906144918635
4335,1791269175737509894,15108670968771,47.24382480800159,primary_goal,8.6753022,18.9734347,2.685578,0.0,0.0,0.0,0.2498906144918635
4336,1791269175747526012,15108681358118,47.25421415500023,primary_goal,8.6753022,18.9734347,2.685578,0.0,0.0,0.0,0.2498906144918635
4337,1791269175757581196,15108692218550,47.265074587001436,primary_goal,8.6753022,18.9734347,2.685578,0.0,0.0,0.0,0.2498906144918635
4338,1791269175767565349,15108701327682,47.274183719000575,primary_goal,8.6753022,18.9734347,2.685578,0.0,0.0,0.0,0.2498906144918635
4339,1791269175777543765,15108711094319,47.28395035600079,primary_goal,8.6753022,18.9734347,2.685578,0.0,0.0,0.0,0.2498906144918635
4340,1791269175787527320,15108721319069,47.294175106000694,primary_goal,8.6753022,18.9734347,2.685578,0.0,0.0,0.0,0.2498906144918635
4341,1791269175797505109,15108731318814,47.304174851000425,primary_goal,8.6753022,18.9734347,2.685578,0.0,0.0,0.0,0.2498906144918635
4342,1791269175807631623,15108740864987,47.31372102400019,primary_goal,8.6753022,18.9734347,2.685578,0.0,0.0,0.0,0.2498906144918635
4343,1791269175817476102,15108750714758,47.323570795000705,primary_goal,8.6753022,18.9734347,2.685578,0.0,0.0,0.0,0.2498906144918635
4344,1791269175827568041,15108761276331,47.33413236800152,primary_goal,8.6753022,18.9734347,2.685578,0.0,0.0,0.0,0.2498906144918635
4345,1791269175837590717,15108771581959,47.344437996000124,primary_goal,8.6753022,18.9734347,2.685578,0.0,0.0,0.0,0.2498906144918635
4346,1791269175847595745,15108781450625,47.354306662000454,primary_goal,8.6753022,18.9734347,2.685578,0.0,0.0,0.0,0.2498906144918635
4347,1791269175857559863,15108791393764,47.36424980100128,primary_goal,8.6753022,18.9734347,2.685578,0.0,0.0,0.0,0.2498906144918635
4348,1791269175867490651,15108801452187,47.37430822400165,primary_goal,8.6753022,18.9734347,2.685578,0.0,0.0,0.0,0.2498906144918635
4349,1791269175877539888,15108810951682,47.3838077190012,primary_goal,8.6753022,18.9734347,2.685578,0.0,0.0,0.0,0.2498906144918635
4350,1791269175887555049,15108821825941,47.394681978001245,primary_goal,8.6753022,18.9734347,2.685578,0.0,0.0,0.0,0.2498906144918635
4351,1791269175897531861,15108831223656,47.40407969300031,primary_goal,8.6753022,18.9734347,2.685578,0.0,0.0,0.0,0.2498906144918635
4352,1791269175907487255,15108840776645,47.41363268200075,primary_goal,8.6753022,18.9734347,2.685578,0.0,0.0,0.0,0.2498906144918635
4353,1791269175917471132,15108850845359,47.42370139600098,primary_goal,8.6753022,18.9734347,2.685578,0.0,0.0,0.0,0.2498906144918635
4354,1791269175927474213,15108860789492,47.433645529001296,primary_goal,8.6753022,18.9734347,2.685578,0.0,0.0,0.0,0.2498906144918635
4355,1791269175937502543,15108870987343,47.443843380000544,primary_goal,8.6753022,18.9734347,2.685578,0.0,0.0,0.0,0.2498906144918635
4356,1791269175947518992,15108881155592,47.45401162900089,primary_goal,8.6753022,18.9734347,2.685578,0.0,0.0,0.0,0.2498906144918635
4357,1791269175957559265,15108891280864,47.46413690100053,primary_goal,8.6753022,18.9734347,2.685578,0.0,0.0,0.0,0.2498906144918635
4358,1791269175967599790,15108901487719,47.47434375600096,primary_goal,8.6753022,18.9734347,2.685578,0.0,0.0,0.0,0.2498906144918635
4359,1791269175977506404,15108911024716,47.48388075300136,primary_goal,8.6753022,18.9734347,2.685578,0.0,0.0,0.0,0.2498906144918635
4360,1791269175987668345,15108921772870,47.49462890700124,primary_goal,8.6753022,18.9734347,2.685578,0.0,0.0,0.0,0.2498906144918635
4361,1791269175997511455,15108931288067,47.50414410400117,primary_goal,8.6753022,18.9734347,2.685578,0.0,0.0,0.0,0.2498906144918635
4362,1791269176007475382,15108940881484,47.51373752100153,primary_goal,8.6753022,18.9734347,2.685578,0.0,0.0,0.0,0.2498906144918635
4363,1791269176017467497,15108950880405,47.52373644200088,primary_goal,8.6753022,18.9734347,2.685578,0.0,0.0,0.0,0.2498906144918635
4364,1791269176027470396,15108960626118,47.533482155000456,primary_goal,8.6753022,18.9734347,2.685578,0.0,0.0,0.0,0.2498906144918635
4365,1791269176037494083,15108970923934,47.54377997100164,primary_goal,8.6753022,18.9734347,2.685578,0.0,0.0,0.0,0.2498906144918635
4366,1791269176047487645,15108981037279,47.55389331600054,primary_goal,8.6753022,18.9734347,2.685578,0.0,0.0,0.0,0.2498906144918635
4367,1791269176057552674,15108991418120,47.56427415700091,primary_goal,8.6753022,18.9734347,2.685578,0.0,0.0,0.0,0.2498906144918635
4368,1791269176067524594,15109001137755,47.57399379200069,primary_goal,8.6753022,18.9734347,2.685578,0.0,0.0,0.0,0.2498906144918635
4369,1791269176077604699,15109011156016,47.58401205300106,primary_goal,8.6753022,18.9734347,2.685578,0.0,0.0,0.0,0.2498906144918635
4370,1791269176087498490,15109021173876,47.59402991300158,primary_goal,8.6753022,18.9734347,2.685578,0.0,0.0,0.0,0.2498906144918635
4371,1791269176097506351,15109031289655,47.60414569200111,primary_goal,8.6753022,18.9734347,2.685578,0.0,0.0,0.0,0.2498906144918635
4372,1791269176107460120,15109040813294,47.61366933099998,primary_goal,8.6753022,18.9734347,2.685578,0.0,0.0,0.0,0.2498906144918635
4373,1791269176117469989,15109050816412,47.62367244900088,primary_goal,8.6753022,18.9734347,2.685578,0.0,0.0,0.0,0.2498906144918635
4374,1791269176127482883,15109061264267,47.634120304001044,primary_goal,8.6753022,18.9734347,2.685578,0.0,0.0,0.0,0.2498906144918635
4375,1791269176137517720,15109071557689,47.644413726000494,primary_goal,8.6753022,18.9734347,2.685578,0.0,0.0,0.0,0.2498906144918635
4376,1791269176147529764,15109081130685,47.6539867219999,primary_goal,8.6753022,18.9734347,2.685578,0.0,0.0,0.0,0.2498906144918635
4377,1791269176157578810,15109091569946,47.66442598300091,primary_goal,8.6753022,18.9734347,2.685578,0.0,0.0,0.0,0.2498906144918635
4378,1791269176167537186,15109101247008,47.674103045001175,primary_goal,8.6753022,18.9734347,2.685578,0.0,0.0,0.0,0.2498906144918635
4379,1791269176177520023,15109111334258,47.68419029500001,primary_goal,8.6753022,18.9734347,2.685578,0.0,0.0,0.0,0.2498906144918635
4380,1791269176187558215,15109121368131,47.6942241680008,primary_goal,8.6753022,18.9734347,2.685578,0.0,0.0,0.0,0.2498906144918635
4381,1791269176197513866,15109131249392,47.704105429000265,primary_goal,8.6753022,18.9734347,2.685578,0.0,0.0,0.0,0.2498906144918635
4382,1791269176207518646,15109140898493,47.7137545300011,primary_goal,8.6753022,18.9734347,2.685578,0.0,0.0,0.0,0.2498906144918635
4383,1791269176217466702,15109150742677,47.72359871400113,primary_goal,8.6753022,18.9734347,2.685578,0.0,0.0,0.0,0.2498906144918635
4384,1791269176227472289,15109160772948,47.733628985000905,primary_goal,8.6753022,18.9734347,2.685578,0.0,0.0,0.0,0.2498906144918635
4385,1791269176237504649,15109171052308,47.74390834500082,primary_goal,8.6753022,18.9734347,2.685578,0.0,0.0,0.0,0.2498906144918635
4386,1791269176247579108,15109181334996,47.7541910330001,primary_goal,8.6753022,18.9734347,2.685578,0.0,0.0,0.0,0.2498906144918635
4387,1791269176257510393,15109191393668,47.76424970500011,primary_goal,8.6753022,18.9734347,2.685578,0.0,0.0,0.0,0.2498906144918635
4388,1791269176267507675,15109201500427,47.77435646400045,primary_goal,8.6753022,18.9734347,2.685578,0.0,0.0,0.0,0.2498906144918635
4389,1791269176277521092,15109211243329,47.7840993660011,primary_goal,8.6753022,18.9734347,2.685578,0.0,0.0,0.0,0.2498906144918635
4390,1791269176287626489,15109221857763,47.794713799999954,primary_goal,8.6753022,18.9734347,2.685578,0.0,0.0,0.0,0.2498906144918635
4391,1791269176297512056,15109231480724,47.80433676100074,primary_goal,8.6753022,18.9734347,2.685578,0.0,0.0,0.0,0.2498906144918635
4392,1791269176307494670,15109240808063,47.813664100000096,primary_goal,8.6753022,18.9734347,2.685578,0.0,0.0,0.0,0.2498906144918635
4393,1791269176317466442,15109250838050,47.82369408700106,primary_goal,8.6753022,18.9734347,2.685578,0.0,0.0,0.0,0.2498906144918635
4394,1791269176327481099,15109260812949,47.8336689860007,primary_goal,8.6753022,18.9734347,2.685578,0.0,0.0,0.0,0.2498906144918635
4395,1791269176337499667,15109270999196,47.843855233000795,primary_goal,8.6753022,18.9734347,2.685578,0.0,0.0,0.0,0.2498906144918635
4396,1791269176347481487,15109281158467,47.85401450400059,primary_goal,8.6753022,18.9734347,2.685578,0.0,0.0,0.0,0.2498906144918635
4397,1791269176357560517,15109291950006,47.8648060430005,primary_goal,8.6753022,18.9734347,2.685578,0.0,0.0,0.0,0.2498906144918635
4398,1791269176367596611,15109302240260,47.87509629700071,primary_goal,8.6753022,18.9734347,2.685578,0.0,0.0,0.0,0.2498906144918635
4399,1791269176377539456,15109311716576,47.88457261300027,primary_goal,8.6753022,18.9734347,2.685578,0.0,0.0,0.0,0.2498906144918635
4400,1791269176387514664,15109322117885,47.894973922000645,primary_goal,8.6753022,18.9734347,2.685578,0.0,0.0,0.0,0.2498906144918635
4401,1791269176397493286,15109331239931,47.90409596800055,primary_goal,8.6753022,18.9734347,2.685578,0.0,0.0,0.0,0.2498906144918635
4402,1791269176407482924,15109340912314,47.913768351001636,primary_goal,8.6753022,18.9734347,2.685578,0.0,0.0,0.0,0.2498906144918635
4403,1791269176417482899,15109350918274,47.92377431100067,primary_goal,8.6753022,18.9734347,2.685578,0.0,0.0,0.0,0.2498906144918635
4404,1791269176427490241,15109360874830,47.93373086700012,primary_goal,8.6753022,18.9734347,2.685578,0.0,0.0,0.0,0.2498906144918635
4405,1791269176437489459,15109371065593,47.94392163000157,primary_goal,8.6753022,18.9734347,2.685578,0.0,0.0,0.0,0.2498906144918635
4406,1791269176447513901,15109381268981,47.95412501800092,primary_goal,8.6753022,18.9734347,2.685578,0.0,0.0,0.0,0.2498906144918635
4407,1791269176457636149,15109391398878,47.96425491500122,primary_goal,8.6753022,18.9734347,2.685578,0.0,0.0,0.0,0.2498906144918635
4408,1791269176467569876,15109401553097,47.97440913399987,primary_goal,8.6753022,18.9734347,2.685578,0.0,0.0,0.0,0.2498906144918635
4409,1791269176477541711,15109411192752,47.98404878900146,primary_goal,8.6753022,18.9734347,2.685578,0.0,0.0,0.0,0.2498906144918635
4410,1791269176487567898,15109421426096,47.994282133000524,primary_goal,8.6753022,18.9734347,2.685578,0.0,0.0,0.0,0.2498906144918635
4411,1791269176497526297,15109431589881,48.00444591800078,primary_goal,8.6753022,18.9734347,2.685578,0.0,0.0,0.0,0.2498906144918635
4412,1791269176507473098,15109440938093,48.01379412999995,primary_goal,8.6753022,18.9734347,2.685578,0.0,0.0,0.0,0.2498906144918635
4413,1791269176517467604,15109451091492,48.023947529,primary_goal,8.6753022,18.9734347,2.685578,0.0,0.0,0.0,0.2498906144918635
4414,1791269176527470806,15109461023568,48.03387960500004,primary_goal,8.6753022,18.9734347,2.685578,0.0,0.0,0.0,0.2498906144918635
4415,1791269176537512252,15109471333724,48.04418976099987,primary_goal,8.6753022,18.9734347,2.685578,0.0,0.0,0.0,0.2498906144918635
4416,1791269176547555215,15109481629995,48.05448603200057,primary_goal,8.6753022,18.9734347,2.685578,0.0,0.0,0.0,0.2498906144918635
4417,1791269176557520625,15109491322731,48.06417876800151,primary_goal,8.6753022,18.9734347,2.685578,0.0,0.0,0.0,0.2498906144918635
4418,1791269176567523983,15109501473254,48.07432929100105,primary_goal,8.6753022,18.9734347,2.685578,0.0,0.0,0.0,0.2498906144918635
4419,1791269176577482482,15109511250721,48.08410675800042,primary_goal,8.6753022,18.9734347,2.685578,0.0,0.0,0.0,0.2498906144918635
4420,1791269176587537919,15109521479124,48.094335161000345,primary_goal,8.6753022,18.9734347,2.685578,0.0,0.0,0.0,0.2498906144918635
4421,1791269176597549110,15109531321473,48.10417751000023,primary_goal,8.6753022,18.9734347,2.685578,0.0,0.0,0.0,0.2498906144918635
4422,1791269176607464979,15109540965103,48.113821140001164,primary_goal,8.6753022,18.9734347,2.685578,0.0,0.0,0.0,0.2498906144918635
4423,1791269176617456872,15109551078844,48.12393488100133,primary_goal,8.6753022,18.9734347,2.685578,0.0,0.0,0.0,0.2498906144918635
4424,1791269176627470030,15109560932129,48.13378816600016,primary_goal,8.6753022,18.9734347,2.685578,0.0,0.0,0.0,0.2498906144918635
4425,1791269176637490506,15109570949936,48.14380597300078,primary_goal,8.6753022,18.9734347,2.685578,0.0,0.0,0.0,0.2498906144918635
4426,1791269176647533701,15109581190380,48.154046417001155,primary_goal,8.6753022,18.9734347,2.685578,0.0,0.0,0.0,0.2498906144918635
4427,1791269176657579874,15109591816010,48.16467204699984,primary_goal,8.6753022,18.9734347,2.685578,0.0,0.0,0.0,0.2498906144918635
4428,1791269176667589136,15109602075107,48.174931143999856,primary_goal,8.6753022,18.9734347,2.685578,0.0,0.0,0.0,0.2498906144918635
4429,1791269176677552141,15109611610370,48.18446640700131,primary_goal,8.6753022,18.9734347,2.685578,0.0,0.0,0.0,0.2498906144918635
4430,1791269176687527876,15109621232618,48.19408865500009,primary_goal,8.6753022,18.9734347,2.685578,0.0,0.0,0.0,0.2498906144918635
4431,1791269176697470003,15109631266871,48.2041229080005,primary_goal,8.6753022,18.9734347,2.685578,0.0,0.0,0.0,0.2498906144918635
4432,1791269176707457308,15109640840468,48.21369650500128,primary_goal,8.6753022,18.9734347,2.685578,0.0,0.0,0.0,0.2498906144918635
4433,1791269176717456311,15109650797926,48.2236539630012,primary_goal,8.6753022,18.9734347,2.685578,0.0,0.0,0.0,0.2498906144918635
4434,1791269176727488854,15109660947214,48.23380325100152,primary_goal,8.6753022,18.9734347,2.685578,0.0,0.0,0.0,0.2498906144918635
4435,1791269176737600292,15109671822703,48.24467874000038,primary_goal,8.6753022,18.9734347,2.685578,0.0,0.0,0.0,0.2498906144918635
4436,1791269176747541731,15109681296480,48.254152516999966,primary_goal,8.6753022,18.9734347,2.685578,0.0,0.0,0.0,0.2498906144918635
4437,1791269176757533610,15109691434867,48.26429090400052,primary_goal,8.6753022,18.9734347,2.685578,0.0,0.0,0.0,0.2498906144918635
4438,1791269176767542459,15109701210547,48.27406658400105,primary_goal,8.6753022,18.9734347,2.685578,0.0,0.0,0.0,0.2498906144918635
4439,1791269176777506753,15109711202877,48.284058914001434,primary_goal,8.6753022,18.9734347,2.685578,0.0,0.0,0.0,0.2498906144918635
4440,1791269176787528463,15109721301720,48.294157756999994,primary_goal,8.6753022,18.9734347,2.685578,0.0,0.0,0.0,0.2498906144918635
4441,1791269176797502878,15109731261308,48.30411734500012,primary_goal,8.6753022,18.9734347,2.685578,0.0,0.0,0.0,0.2498906144918635
4442,1791269176807469565,15109740772268,48.31362830500075,primary_goal,8.6753022,18.9734347,2.685578,0.0,0.0,0.0,0.2498906144918635
4443,1791269176817463447,15109750760694,48.323616731000584,primary_goal,8.6753022,18.9734347,2.685578,0.0,0.0,0.0,0.2498906144918635
4444,1791269176827473690,15109760806648,48.3336626850014,primary_goal,8.6753022,18.9734347,2.685578,0.0,0.0,0.0,0.2498906144918635
4445,1791269176837521774,15109770985081,48.343841118001365,primary_goal,8.6753022,18.9734347,2.685578,0.0,0.0,0.0,0.2498906144918635
4446,1791269176847534522,15109781332795,48.354188832001455,primary_goal,8.6753022,18.9734347,2.685578,0.0,0.0,0.0,0.2498906144918635
4447,1791269176857506659,15109791134471,48.363990507999915,primary_goal,8.6753022,18.9734347,2.685578,0.0,0.0,0.0,0.2498906144918635
4448,1791269176867492821,15109800856339,48.373712376000185,primary_goal,8.6753022,18.9734347,2.685578,0.0,0.0,0.0,0.2498906144918635
4449,1791269176877614784,15109810886455,48.38374249200024,primary_goal,8.6753022,18.9734347,2.685578,0.0,0.0,0.0,0.2498906144918635
4450,1791269176887474559,15109820731377,48.39358741400065,primary_goal,8.6753022,18.9734347,2.685578,0.0,0.0,0.0,0.2498906144918635
4451,1791269176897500827,15109831009356,48.40386539300016,primary_goal,8.6753022,18.9734347,2.685578,0.0,0.0,0.0,0.2498906144918635
4452,1791269176907467959,15109840816303,48.41367234000063,primary_goal,8.6753022,18.9734347,2.685578,0.0,0.0,0.0,0.2498906144918635
4453,1791269176917461462,15109850831438,48.423687475000406,primary_goal,8.6753022,18.9734347,2.685578,0.0,0.0,0.0,0.2498906144918635
4454,1791269176927495999,15109860823256,48.43367929300075,primary_goal,8.6753022,18.9734347,2.685578,0.0,0.0,0.0,0.2498906144918635
4455,1791269176937462869,15109870753103,48.44360914000026,primary_goal,8.6753022,18.9734347,2.685578,0.0,0.0,0.0,0.2498906144918635
4456,1791269176947471775,15109880957994,48.45381403100146,primary_goal,8.6753022,18.9734347,2.685578,0.0,0.0,0.0,0.2498906144918635
4457,1791269176957482502,15109890875134,48.4637311710012,primary_goal,8.6753022,18.9734347,2.685578,0.0,0.0,0.0,0.2498906144918635
4458,1791269176967695853,15109901411784,48.47426782100047,primary_goal,8.6753022,18.9734347,2.685578,0.0,0.0,0.0,0.2498906144918635
4459,1791269176977519984,15109911053051,48.48390908800138,primary_goal,8.6753022,18.9734347,2.685578,0.0,0.0,0.0,0.2498906144918635
4460,1791269176987651595,15109921460387,48.49431642400123,primary_goal,8.6753022,18.9734347,2.685578,0.0,0.0,0.0,0.2498906144918635
4461,1791269176997500557,15109931366305,48.5042223420005,primary_goal,8.6753022,18.9734347,2.685578,0.0,0.0,0.0,0.2498906144918635
4462,1791269177007505353,15109940724761,48.513580798000476,primary_goal,8.6753022,18.9734347,2.685578,0.0,0.0,0.0,0.2498906144918635
4463,1791269177017453189,15109950549501,48.52340553800059,primary_goal,8.6753022,18.9734347,2.685578,0.0,0.0,0.0,0.2498906144918635
4464,1791269177027461140,15109960658058,48.53351409500101,primary_goal,8.6753022,18.9734347,2.685578,0.0,0.0,0.0,0.2498906144918635
4465,1791269177037492635,15109970937939,48.543793976001325,primary_goal,8.6753022,18.9734347,2.685578,0.0,0.0,0.0,0.2498906144918635
4466,1791269177047511935,15109981243199,48.554099236000184,primary_goal,8.6753022,18.9734347,2.685578,0.0,0.0,0.0,0.2498906144918635
4467,1791269177057493594,15109991430105,48.56428614200013,primary_goal,8.6753022,18.9734347,2.685578,0.0,0.0,0.0,0.2498906144918635
4468,1791269177067630368,15110002350578,48.57520661499984,primary_goal,8.6753022,18.9734347,2.685578,0.0,0.0,0.0,0.2498906144918635
4469,1791269177077601061,15110011642323,48.58449836,primary_goal,8.6753022,18.9734347,2.685578,0.0,0.0,0.0,0.2498906144918635
4470,1791269177087531048,15110021892867,48.59474890400088,primary_goal,8.6753022,18.9734347,2.685578,0.0,0.0,0.0,0.2498906144918635
4471,1791269177097522238,15110031351865,48.60420790200078,primary_goal,8.6753022,18.9734347,2.685578,0.0,0.0,0.0,0.2498906144918635
4472,1791269177107448884,15110040923324,48.613779361001434,primary_goal,8.6753022,18.9734347,2.685578,0.0,0.0,0.0,0.2498906144918635
4473,1791269177117453726,15110050791742,48.62364777900075,primary_goal,8.6753022,18.9734347,2.685578,0.0,0.0,0.0,0.2498906144918635
4474,1791269177127463465,15110061410868,48.63426690500091,primary_goal,8.6753022,18.9734347,2.685578,0.0,0.0,0.0,0.2498906144918635
4475,1791269177137573297,15110071586647,48.64444268400075,primary_goal,8.6753022,18.9734347,2.685578,0.0,0.0,0.0,0.2498906144918635
4476,1791269177147526556,15110081513958,48.654369995001616,primary_goal,8.6753022,18.9734347,2.685578,0.0,0.0,0.0,0.2498906144918635
4477,1791269177157557651,15110092130696,48.66498673300157,primary_goal,8.6753022,18.9734347,2.685578,0.0,0.0,0.0,0.2498906144918635
4478,1791269177167543049,15110102150556,48.675006593000944,primary_goal,8.6753022,18.9734347,2.685578,0.0,0.0,0.0,0.2498906144918635
4479,1791269177177506248,15110111126803,48.68398284000068,primary_goal,8.6753022,18.9734347,2.685578,0.0,0.0,0.0,0.2498906144918635
4480,1791269177187822612,15110122625690,48.69548172700161,primary_goal,8.6753022,18.9734347,2.685578,0.0,0.0,0.0,0.2498906144918635
4481,1791269177197495766,15110131311596,48.70416763300091,primary_goal,8.6753022,18.9734347,2.685578,0.0,0.0,0.0,0.2498906144918635
4482,1791269177207459698,15110140869271,48.713725307999994,primary_goal,8.6753022,18.9734347,2.685578,0.0,0.0,0.0,0.2498906144918635
4483,1791269177217447597,15110150759245,48.72361528200054,primary_goal,8.6753022,18.9734347,2.685578,0.0,0.0,0.0,0.2498906144918635
4484,1791269177227480177,15110160722857,48.73357889399995,primary_goal,8.6753022,18.9734347,2.685578,0.0,0.0,0.0,0.2498906144918635
4485,1791269177237494499,15110170842777,48.74369881400162,primary_goal,8.6753022,18.9734347,2.685578,0.0,0.0,0.0,0.2498906144918635
4486,1791269177247593097,15110181246338,48.754102375,primary_goal,8.6753022,18.9734347,2.685578,0.0,0.0,0.0,0.2498906144918635
4487,1791269177257541517,15110191337378,48.7641934150015,primary_goal,8.6753022,18.9734347,2.685578,0.0,0.0,0.0,0.2498906144918635
4488,1791269177267485818,15110201865756,48.774721793000936,primary_goal,8.6753022,18.9734347,2.685578,0.0,0.0,0.0,0.2498906144918635
4489,1791269177277510922,15110211357432,48.78421346899995,primary_goal,8.6753022,18.9734347,2.685578,0.0,0.0,0.0,0.2498906144918635
4490,1791269177287479613,15110221598427,48.79445446400132,primary_goal,8.6753022,18.9734347,2.685578,0.0,0.0,0.0,0.2498906144918635
4491,1791269177297481393,15110231095229,48.803951266001604,primary_goal,8.6753022,18.9734347,2.685578,0.0,0.0,0.0,0.2498906144918635
4492,1791269177307456225,15110240579212,48.813435249001486,primary_goal,8.6753022,18.9734347,2.685578,0.0,0.0,0.0,0.2498906144918635
4493,1791269177317542910,15110251058496,48.82391453300079,primary_goal,8.6753022,18.9734347,2.685578,0.0,0.0,0.0,0.2498906144918635
4494,1791269177327546868,15110261266795,48.8341228320005,primary_goal,8.6753022,18.9734347,2.685578,0.0,0.0,0.0,0.2498906144918635
4495,1791269177337581752,15110271506393,48.84436243000164,primary_goal,8.6753022,18.9734347,2.685578,0.0,0.0,0.0,0.2498906144918635
4496,1791269177347494358,15110281569261,48.85442529800093,primary_goal,8.6753022,18.9734347,2.685578,0.0,0.0,0.0,0.2498906144918635
4497,1791269177357606058,15110291811051,48.864667088000715,primary_goal,8.6753022,18.9734347,2.685578,0.0,0.0,0.0,0.2498906144918635
4498,1791269177367561366,15110301649367,48.874505404000956,primary_goal,8.6753022,18.9734347,2.685578,0.0,0.0,0.0,0.2498906144918635
4499,1791269177377471962,15110311636325,48.884492361999946,primary_goal,8.6753022,18.9734347,2.685578,0.0,0.0,0.0,0.2498906144918635
4500,1791269177387614578,15110321692186,48.89454822300104,primary_goal,8.6753022,18.9734347,2.685578,0.0,0.0,0.0,0.2498906144918635
4501,1791269177397482155,15110330971432,48.903827469001044,primary_goal,8.6753022,18.9734347,2.685578,0.0,0.0,0.0,0.2498906144918635
4502,1791269177407472016,15110340726780,48.91358281700013,primary_goal,8.6753022,18.9734347,2.685578,0.0,0.0,0.0,0.2498906144918635
4503,1791269177417527268,15110351037133,48.923893170000156,primary_goal,8.6753022,18.9734347,2.685578,0.0,0.0,0.0,0.2498906144918635
4504,1791269177427488885,15110360900667,48.93375670400019,primary_goal,8.6753022,18.9734347,2.685578,0.0,0.0,0.0,0.2498906144918635
4505,1791269177437468079,15110371274743,48.944130780000705,primary_goal,8.6753022,18.9734347,2.685578,0.0,0.0,0.0,0.2498906144918635
4506,1791269177447574518,15110381304042,48.95416007899985,primary_goal,8.6753022,18.9734347,2.685578,0.0,0.0,0.0,0.2498906144918635
4507,1791269177457523304,15110391329258,48.96418529500079,primary_goal,8.6753022,18.9734347,2.685578,0.0,0.0,0.0,0.2498906144918635
4508,1791269177467497512,15110401964776,48.974820813000406,primary_goal,8.6753022,18.9734347,2.685578,0.0,0.0,0.0,0.2498906144918635
4509,1791269177477520220,15110411049821,48.98390585800007,primary_goal,8.6753022,18.9734347,2.685578,0.0,0.0,0.0,0.2498906144918635
4510,1791269177487543056,15110421808443,48.99466448000021,primary_goal,8.6753022,18.9734347,2.685578,0.0,0.0,0.0,0.2498906144918635
4511,1791269177497514748,15110431108872,49.0039649090013,primary_goal,8.6753022,18.9734347,2.685578,0.0,0.0,0.0,0.2498906144918635
4512,1791269177507445606,15110440841147,49.01369718400019,primary_goal,8.6753022,18.9734347,2.685578,0.0,0.0,0.0,0.2498906144918635
4513,1791269177517446640,15110450812143,49.02366818000155,primary_goal,8.6753022,18.9734347,2.685578,0.0,0.0,0.0,0.2498906144918635
4514,1791269177527539591,15110461434228,49.03429026500089,primary_goal,8.6753022,18.9734347,2.685578,0.0,0.0,0.0,0.2498906144918635
4515,1791269177537477218,15110471312739,49.04416877600124,primary_goal,8.6753022,18.9734347,2.685578,0.0,0.0,0.0,0.2498906144918635
4516,1791269177547460627,15110480927481,49.05378351800027,primary_goal,8.6753022,18.9734347,2.685578,0.0,0.0,0.0,0.2498906144918635
4517,1791269177557521316,15110491274800,49.06413083700136,primary_goal,8.6753022,18.9734347,2.685578,0.0,0.0,0.0,0.2498906144918635
4518,1791269177567541345,15110501214535,49.07407057199998,primary_goal,8.6753022,18.9734347,2.685578,0.0,0.0,0.0,0.2498906144918635
4519,1791269177577506145,15110511052506,49.0839085430016,primary_goal,8.6753022,18.9734347,2.685578,0.0,0.0,0.0,0.2498906144918635
4520,1791269177587477251,15110521358976,49.0942150130013,primary_goal,8.6753022,18.9734347,2.685578,0.0,0.0,0.0,0.2498906144918635
4521,1791269177597481991,15110531092094,49.103948130999925,primary_goal,8.6753022,18.9734347,2.685578,0.0,0.0,0.0,0.2498906144918635
4522,1791269177607580053,15110540925711,49.1137817480012,primary_goal,8.6753022,18.9734347,2.685578,0.0,0.0,0.0,0.2498906144918635
4523,1791269177617446385,15110550800667,49.123656704001405,primary_goal,8.6753022,18.9734347,2.685578,0.0,0.0,0.0,0.2498906144918635
4524,1791269177627454398,15110561135433,49.13399147000018,primary_goal,8.6753022,18.9734347,2.685578,0.0,0.0,0.0,0.2498906144918635
4525,1791269177637467289,15110570756495,49.1436125320015,primary_goal,8.6753022,18.9734347,2.685578,0.0,0.0,0.0,0.2498906144918635
4526,1791269177647498548,15110581172958,49.15402899500077,primary_goal,8.6753022,18.9734347,2.685578,0.0,0.0,0.0,0.2498906144918635
4527,1791269177657471783,15110591347106,49.16420314300012,primary_goal,8.6753022,18.9734347,2.685578,0.0,0.0,0.0,0.2498906144918635
4528,1791269177667525441,15110601399705,49.17425574200024,primary_goal,8.6753022,18.9734347,2.685578,0.0,0.0,0.0,0.2498906144918635
4529,1791269177677489010,15110610994662,49.183850699000686,primary_goal,8.6753022,18.9734347,2.685578,0.0,0.0,0.0,0.2498906144918635
4530,1791269177687536850,15110621473402,49.194329439000285,primary_goal,8.6753022,18.9734347,2.685578,0.0,0.0,0.0,0.2498906144918635
4531,1791269177697522797,15110631138664,49.20399470100165,primary_goal,8.6753022,18.9734347,2.685578,0.0,0.0,0.0,0.2498906144918635
4532,1791269177707461543,15110640716135,49.21357217200057,primary_goal,8.6753022,18.9734347,2.685578,0.0,0.0,0.0,0.2498906144918635
4533,1791269177717523201,15110651209786,49.224065823000274,primary_goal,8.6753022,18.9734347,2.685578,0.0,0.0,0.0,0.2498906144918635
4534,1791269177727530479,15110661176444,49.23403248100112,primary_goal,8.6753022,18.9734347,2.685578,0.0,0.0,0.0,0.2498906144918635
4535,1791269177737479775,15110671261074,49.24411711100038,primary_goal,8.6753022,18.9734347,2.685578,0.0,0.0,0.0,0.2498906144918635
4536,1791269177747502783,15110681095894,49.25395193100121,primary_goal,8.6753022,18.9734347,2.685578,0.0,0.0,0.0,0.2498906144918635
4537,1791269177757535320,15110691740616,49.2645966529999,primary_goal,8.6753022,18.9734347,2.685578,0.0,0.0,0.0,0.2498906144918635
4538,1791269177767490292,15110701732670,49.274588707001385,primary_goal,8.6753022,18.9734347,2.685578,0.0,0.0,0.0,0.2498906144918635
4539,1791269177777464060,15110711109504,49.283965541000725,primary_goal,8.6753022,18.9734347,2.685578,0.0,0.0,0.0,0.2498906144918635
4540,1791269177787554555,15110721463515,49.29431955200016,primary_goal,8.6753022,18.9734347,2.685578,0.0,0.0,0.0,0.2498906144918635
4541,1791269177797469643,15110730954459,49.30381049600146,primary_goal,8.6753022,18.9734347,2.685578,0.0,0.0,0.0,0.2498906144918635
4542,1791269177807447135,15110740706431,49.31356246799987,primary_goal,8.6753022,18.9734347,2.685578,0.0,0.0,0.0,0.2498906144918635
4543,1791269177817440154,15110750691933,49.32354797000153,primary_goal,8.6753022,18.9734347,2.685578,0.0,0.0,0.0,0.2498906144918635
4544,1791269177827431860,15110760695319,49.33355135600141,primary_goal,8.6753022,18.9734347,2.685578,0.0,0.0,0.0,0.2498906144918635
4545,1791269177837467570,15110771227077,49.34408311400148,primary_goal,8.6753022,18.9734347,2.685578,0.0,0.0,0.0,0.2498906144918635
4546,1791269177847514867,15110781197934,49.35405397100112,primary_goal,8.6753022,18.9734347,2.685578,0.0,0.0,0.0,0.2498906144918635
4547,1791269177857522865,15110791332797,49.36418883400074,primary_goal,8.6753022,18.9734347,2.685578,0.0,0.0,0.0,0.2498906144918635
4548,1791269177867502490,15110801427146,49.37428318300044,primary_goal,8.6753022,18.9734347,2.685578,0.0,0.0,0.0,0.2498906144918635
4549,1791269177877497864,15110811094266,49.38395030300126,primary_goal,8.6753022,18.9734347,2.685578,0.0,0.0,0.0,0.2498906144918635
4550,1791269177887614867,15110821395491,49.394251528001405,primary_goal,8.6753022,18.9734347,2.685578,0.0,0.0,0.0,0.2498906144918635
4551,1791269177897482488,15110831045847,49.40390188400124,primary_goal,8.6753022,18.9734347,2.685578,0.0,0.0,0.0,0.2498906144918635
4552,1791269177907429492,15110840753012,49.413609049001025,primary_goal,8.6753022,18.9734347,2.685578,0.0,0.0,0.0,0.2498906144918635
4553,1791269177917522103,15110851093016,49.42394905299989,primary_goal,8.6753022,18.9734347,2.685578,0.0,0.0,0.0,0.2498906144918635
4554,1791269177927448816,15110861097758,49.43395379499998,primary_goal,8.6753022,18.9734347,2.685578,0.0,0.0,0.0,0.2498906144918635
4555,1791269177937470094,15110871351060,49.44420709699989,primary_goal,8.6753022,18.9734347,2.685578,0.0,0.0,0.0,0.2498906144918635
4556,1791269177947483396,15110880985527,49.45384156399996,primary_goal,8.6753022,18.9734347,2.685578,0.0,0.0,0.0,0.2498906144918635
4557,1791269177957553020,15110891345562,49.46420159900117,primary_goal,8.6753022,18.9734347,2.685578,0.0,0.0,0.0,0.2498906144918635
4558,1791269177967530497,15110901404072,49.47426010900017,primary_goal,8.6753022,18.9734347,2.685578,0.0,0.0,0.0,0.2498906144918635
4559,1791269177977499445,15110911390637,49.48424667400104,primary_goal,8.6753022,18.9734347,2.685578,0.0,0.0,0.0,0.2498906144918635
4560,1791269177987673242,15110922409516,49.495265553001445,primary_goal,8.6753022,18.9734347,2.685578,0.0,0.0,0.0,0.2498906144918635
4561,1791269177997519455,15110931201799,49.50405783600036,primary_goal,8.6753022,18.9734347,2.685578,0.0,0.0,0.0,0.2498906144918635
4562,1791269178007469567,15110940755711,49.513611748001495,primary_goal,8.6753022,18.9734347,2.685578,0.0,0.0,0.0,0.2498906144918635
4563,1791269178017466403,15110950690298,49.52354633499999,primary_goal,8.6753022,18.9734347,2.685578,0.0,0.0,0.0,0.2498906144918635
4564,1791269178027476735,15110960786136,49.53364217300077,primary_goal,8.6753022,18.9734347,2.685578,0.0,0.0,0.0,0.2498906144918635
4565,1791269178037485997,15110971038724,49.54389476100005,primary_goal,8.6753022,18.9734347,2.685578,0.0,0.0,0.0,0.2498906144918635
4566,1791269178047514924,15110981168268,49.554024304999984,primary_goal,8.6753022,18.9734347,2.685578,0.0,0.0,0.0,0.2498906144918635
4567,1791269178057491147,15110991583576,49.564439613001014,primary_goal,8.6753022,18.9734347,2.685578,0.0,0.0,0.0,0.2498906144918635
4568,1791269178067506664,15111001674168,49.574530204999974,primary_goal,8.6753022,18.9734347,2.685578,0.0,0.0,0.0,0.2498906144918635
4569,1791269178077487158,15111011291526,49.58414756300044,primary_goal,8.6753022,18.9734347,2.685578,0.0,0.0,0.0,0.2498906144918635
4570,1791269178087527880,15111021383773,49.594239810001454,primary_goal,8.6753022,18.9734347,2.685578,0.0,0.0,0.0,0.2498906144918635
4571,1791269178097481203,15111031196588,49.604052624999895,primary_goal,8.6753022,18.9734347,2.685578,0.0,0.0,0.0,0.2498906144918635
4572,1791269178107437975,15111040762030,49.61361806700006,primary_goal,8.6753022,18.9734347,2.685578,0.0,0.0,0.0,0.2498906144918635
4573,1791269178117487740,15111050807757,49.623663794000095,primary_goal,8.6753022,18.9734347,2.685578,0.0,0.0,0.0,0.2498906144918635
4574,1791269178127444228,15111060789434,49.63364547099991,primary_goal,8.6753022,18.9734347,2.685578,0.0,0.0,0.0,0.2498906144918635
4575,1791269178137475373,15111071027614,49.64388365100058,primary_goal,8.6753022,18.9734347,2.685578,0.0,0.0,0.0,0.2498906144918635
4576,1791269178147487581,15111081057642,49.65391367900156,primary_goal,8.6753022,18.9734347,2.685578,0.0,0.0,0.0,0.2498906144918635
4577,1791269178157688770,15111091585791,49.664441828001145,primary_goal,8.6753022,18.9734347,2.685578,0.0,0.0,0.0,0.2498906144918635
4578,1791269178167508659,15111101214151,49.67407018800077,primary_goal,8.6753022,18.9734347,2.685578,0.0,0.0,0.0,0.2498906144918635
4579,1791269178177490979,15111111144427,49.684000464001656,primary_goal,8.6753022,18.9734347,2.685578,0.0,0.0,0.0,0.2498906144918635
4580,1791269178187617070,15111122100006,49.694956043000275,primary_goal,8.6753022,18.9734347,2.685578,0.0,0.0,0.0,0.2498906144918635
4581,1791269178197485909,15111131255271,49.7041113080013,primary_goal,8.6753022,18.9734347,2.685578,0.0,0.0,0.0,0.2498906144918635
4582,1791269178207462737,15111140820456,49.713676493000094,primary_goal,8.6753022,18.9734347,2.685578,0.0,0.0,0.0,0.2498906144918635
4583,1791269178217435758,15111150809628,49.723665665000226,primary_goal,8.6753022,18.9734347,2.685578,0.0,0.0,0.0,0.2498906144918635
4584,1791269178227443827,15111160764207,49.73362024400012,primary_goal,8.6753022,18.9734347,2.685578,0.0,0.0,0.0,0.2498906144918635
4585,1791269178237473176,15111170987381,49.743843418000324,primary_goal,8.6753022,18.9734347,2.685578,0.0,0.0,0.0,0.2498906144918635
4586,1791269178247479425,15111181090402,49.75394643900108,primary_goal,8.6753022,18.9734347,2.685578,0.0,0.0,0.0,0.2498906144918635
4587,1791269178257499132,15111191699149,49.76455518600051,primary_goal,8.6753022,18.9734347,2.685578,0.0,0.0,0.0,0.2498906144918635
4588,1791269178267520668,15111201783755,49.774639792000016,primary_goal,8.6753022,18.9734347,2.685578,0.0,0.0,0.0,0.2498906144918635
4589,1791269178277531243,15111211314489,49.78417052600162,primary_goal,8.6753022,18.9734347,2.685578,0.0,0.0,0.0,0.2498906144918635
4590,1791269178287567265,15111221400892,49.79425692900077,primary_goal,8.6753022,18.9734347,2.685578,0.0,0.0,0.0,0.2498906144918635
4591,1791269178297462016,15111230996746,49.803852783001275,primary_goal,8.6753022,18.9734347,2.685578,0.0,0.0,0.0,0.2498906144918635
4592,1791269178307459905,15111240681477,49.81353751400093,primary_goal,8.6753022,18.9734347,2.685578,0.0,0.0,0.0,0.2498906144918635
4593,1791269178317434923,15111250761565,49.82361760200001,primary_goal,8.6753022,18.9734347,2.685578,0.0,0.0,0.0,0.2498906144918635
4594,1791269178327438128,15111260730285,49.833586321999974,primary_goal,8.6753022,18.9734347,2.685578,0.0,0.0,0.0,0.2498906144918635
4595,1791269178337463779,15111270892511,49.843748548000804,primary_goal,8.6753022,18.9734347,2.685578,0.0,0.0,0.0,0.2498906144918635
4596,1791269178347512017,15111281114357,49.8539703940005,primary_goal,8.6753022,18.9734347,2.685578,0.0,0.0,0.0,0.2498906144918635
4597,1791269178357546095,15111291304680,49.86416071700114,primary_goal,8.6753022,18.9734347,2.685578,0.0,0.0,0.0,0.2498906144918635
4598,1791269178367547854,15111301221965,49.874078002001625,primary_goal,8.6753022,18.9734347,2.685578,0.0,0.0,0.0,0.2498906144918635
4599,1791269178377521865,15111311366237,49.88422227400042,primary_goal,8.6753022,18.9734347,2.685578,0.0,0.0,0.0,0.2498906144918635
4600,1791269178387508290,15111321504683,49.894360719999895,primary_goal,8.6753022,18.9734347,2.685578,0.0,0.0,0.0,0.2498906144918635
4601,1791269178397454502,15111331222795,49.90407883199987,primary_goal,8.6753022,18.9734347,2.685578,0.0,0.0,0.0,0.2498906144918635
4602,1791269178407442383,15111340887599,49.91374363600153,primary_goal,8.6753022,18.9734347,2.685578,0.0,0.0,0.0,0.2498906144918635
4603,1791269178417430289,15111350778315,49.92363435200059,primary_goal,8.6753022,18.9734347,2.685578,0.0,0.0,0.0,0.2498906144918635
4604,1791269178427434359,15111360728468,49.93358450500091,primary_goal,8.6753022,18.9734347,2.685578,0.0,0.0,0.0,0.2498906144918635
4605,1791269178437457276,15111370923324,49.94377936100136,primary_goal,8.6753022,18.9734347,2.685578,0.0,0.0,0.0,0.2498906144918635
4606,1791269178447461843,15111381042131,49.953898168001615,primary_goal,8.6753022,18.9734347,2.685578,0.0,0.0,0.0,0.2498906144918635
4607,1791269178457452223,15111391223046,49.96407908299989,primary_goal,8.6753022,18.9734347,2.685578,0.0,0.0,0.0,0.2498906144918635
4608,1791269178467548202,15111401385307,49.97424134399989,primary_goal,8.6753022,18.9734347,2.685578,0.0,0.0,0.0,0.2498906144918635
4609,1791269178477600185,15111411427823,49.9842838600016,primary_goal,8.6753022,18.9734347,2.685578,0.0,0.0,0.0,0.2498906144918635
4610,1791269178487532646,15111421215889,49.9940719260012,primary_goal,8.6753022,18.9734347,2.685578,0.0,0.0,0.0,0.2498906144918635
4611,1791269178497488648,15111431144233,50.00400027000069,primary_goal,8.6753022,18.9734347,2.685578,0.0,0.0,0.0,0.2498906144918635
4612,1791269178507446220,15111440747985,50.013604022000436,primary_goal,8.6753022,18.9734347,2.685578,0.0,0.0,0.0,0.2498906144918635
4613,1791269178517446474,15111450637655,50.02349369200056,primary_goal,8.6753022,18.9734347,2.685578,0.0,0.0,0.0,0.2498906144918635
4614,1791269178527454965,15111460684954,50.033540991000336,primary_goal,8.6753022,18.9734347,2.685578,0.0,0.0,0.0,0.2498906144918635
4615,1791269178537514481,15111470996083,50.04385212000125,primary_goal,8.6753022,18.9734347,2.685578,0.0,0.0,0.0,0.2498906144918635
4616,1791269178547514775,15111481395557,50.05425159400147,primary_goal,8.6753022,18.9734347,2.685578,0.0,0.0,0.0,0.2498906144918635
4617,1791269178557483509,15111491156232,50.06401226900016,primary_goal,8.6753022,18.9734347,2.685578,0.0,0.0,0.0,0.2498906144918635
4618,1791269178567565894,15111501247247,50.07410328400147,primary_goal,8.6753022,18.9734347,2.685578,0.0,0.0,0.0,0.2498906144918635
4619,1791269178577486004,15111511751528,50.084607565000624,primary_goal,8.6753022,18.9734347,2.685578,0.0,0.0,0.0,0.2498906144918635
4620,1791269178587649918,15111522017551,50.094873588001064,primary_goal,8.6753022,18.9734347,2.685578,0.0,0.0,0.0,0.2498906144918635
4621,1791269178597441377,15111531043740,50.10389977700106,primary_goal,8.6753022,18.9734347,2.685578,0.0,0.0,0.0,0.2498906144918635
4622,1791269178607479001,15111540827988,50.11368402500011,primary_goal,8.6753022,18.9734347,2.685578,0.0,0.0,0.0,0.2498906144918635
4623,1791269178617458483,15111550949164,50.12380520100123,primary_goal,8.6753022,18.9734347,2.685578,0.0,0.0,0.0,0.2498906144918635
4624,1791269178627422602,15111560745095,50.13360113199997,primary_goal,8.6753022,18.9734347,2.685578,0.0,0.0,0.0,0.2498906144918635
4625,1791269178637451254,15111570857707,50.143713744000706,primary_goal,8.6753022,18.9734347,2.685578,0.0,0.0,0.0,0.2498906144918635
4626,1791269178647474817,15111581092088,50.15394812500017,primary_goal,8.6753022,18.9734347,2.685578,0.0,0.0,0.0,0.2498906144918635
4627,1791269178657517656,15111591328509,50.16418454599989,primary_goal,8.6753022,18.9734347,2.685578,0.0,0.0,0.0,0.2498906144918635
4628,1791269178667539150,15111601512483,50.174368519999916,primary_goal,8.6753022,18.9734347,2.685578,0.0,0.0,0.0,0.2498906144918635
4629,1791269178677487608,15111611128299,50.18398433600123,primary_goal,8.6753022,18.9734347,2.685578,0.0,0.0,0.0,0.2498906144918635
4630,1791269178687510912,15111621379619,50.19423565600118,primary_goal,8.6753022,18.9734347,2.685578,0.0,0.0,0.0,0.2498906144918635
4631,1791269178697471449,15111631410992,50.20426702900113,primary_goal,8.6753022,18.9734347,2.685578,0.0,0.0,0.0,0.2498906144918635
4632,1791269178707432818,15111640703005,50.21355904200027,primary_goal,8.6753022,18.9734347,2.685578,0.0,0.0,0.0,0.2498906144918635
4633,1791269178717427180,15111650748888,50.22360492500047,primary_goal,8.6753022,18.9734347,2.685578,0.0,0.0,0.0,0.2498906144918635
4634,1791269178727432455,15111660656199,50.233512236000024,primary_goal,8.6753022,18.9734347,2.685578,0.0,0.0,0.0,0.2498906144918635
4635,1791269178737461058,15111670827389,50.24368342600064,primary_goal,8.6753022,18.9734347,2.685578,0.0,0.0,0.0,0.2498906144918635
4636,1791269178747500339,15111681096227,50.25395226399996,primary_goal,8.6753022,18.9734347,2.685578,0.0,0.0,0.0,0.2498906144918635
4637,1791269178757489340,15111691294281,50.26415031800025,primary_goal,8.6753022,18.9734347,2.685578,0.0,0.0,0.0,0.2498906144918635
4638,1791269178767494918,15111701317037,50.27417307399992,primary_goal,8.6753022,18.9734347,2.685578,0.0,0.0,0.0,0.2498906144918635
4639,1791269178777485605,15111711847524,50.28470356100115,primary_goal,8.6753022,18.9734347,2.685578,0.0,0.0,0.0,0.2498906144918635
4640,1791269178787498019,15111721425828,50.29428186500081,primary_goal,8.6753022,18.9734347,2.685578,0.0,0.0,0.0,0.2498906144918635
4641,1791269178797471431,15111731070050,50.303926087000946,primary_goal,8.6753022,18.9734347,2.685578,0.0,0.0,0.0,0.2498906144918635
4642,1791269178807427620,15111740606192,50.313462228999924,primary_goal,8.6753022,18.9734347,2.685578,0.0,0.0,0.0,0.2498906144918635
4643,1791269178817513029,15111751127797,50.32398383400141,primary_goal,8.6753022,18.9734347,2.685578,0.0,0.0,0.0,0.2498906144918635
4644,1791269178827423494,15111760713518,50.333569555001304,primary_goal,8.6753022,18.9734347,2.685578,0.0,0.0,0.0,0.2498906144918635
4645,1791269178837424149,15111770785371,50.34364140800062,primary_goal,8.6753022,18.9734347,2.685578,0.0,0.0,0.0,0.2498906144918635
4646,1791269178847447168,15111781113158,50.3539691950009,primary_goal,8.6753022,18.9734347,2.685578,0.0,0.0,0.0,0.2498906144918635
4647,1791269178857455844,15111791385275,50.36424131200147,primary_goal,8.6753022,18.9734347,2.685578,0.0,0.0,0.0,0.2498906144918635
4648,1791269178867519830,15111801412991,50.374269028001436,primary_goal,8.6753022,18.9734347,2.685578,0.0,0.0,0.0,0.2498906144918635
4649,1791269178877480398,15111811357785,50.384213822000675,primary_goal,8.6753022,18.9734347,2.685578,0.0,0.0,0.0,0.2498906144918635
4650,1791269178887506510,15111821579025,50.39443506200041,primary_goal,8.6753022,18.9734347,2.685578,0.0,0.0,0.0,0.2498906144918635
4651,1791269178897545290,15111831082298,50.40393833500093,primary_goal,8.6753022,18.9734347,2.685578,0.0,0.0,0.0,0.2498906144918635
4652,1791269178907424986,15111840510806,50.413366843000404,primary_goal,8.6753022,18.9734347,2.685578,0.0,0.0,0.0,0.2498906144918635
4653,1791269178917423891,15111850606200,50.42346223700042,primary_goal,8.6753022,18.9734347,2.685578,0.0,0.0,0.0,0.2498906144918635
4654,1791269178927429648,15111860605955,50.43346199200096,primary_goal,8.6753022,18.9734347,2.685578,0.0,0.0,0.0,0.2498906144918635
4655,1791269178937458203,15111870829950,50.44368598700021,primary_goal,8.6753022,18.9734347,2.685578,0.0,0.0,0.0,0.2498906144918635
4656,1791269178947485493,15111881155086,50.45401112299987,primary_goal,8.6753022,18.9734347,2.685578,0.0,0.0,0.0,0.2498906144918635
4657,1791269178957451909,15111890897601,50.463753638001435,primary_goal,8.6753022,18.9734347,2.685578,0.0,0.0,0.0,0.2498906144918635
4658,1791269178967429433,15111900867921,50.473723958000846,primary_goal,8.6753022,18.9734347,2.685578,0.0,0.0,0.0,0.2498906144918635
4659,1791269178977412218,15111910721456,50.483577493001576,primary_goal,8.6753022,18.9734347,2.685578,0.0,0.0,0.0,0.2498906144918635
4660,1791269178987446980,15111921034010,50.493890047000605,primary_goal,8.6753022,18.9734347,2.685578,0.0,0.0,0.0,0.2498906144918635
4661,1791269178997438278,15111931543889,50.5043999260015,primary_goal,8.6753022,18.9734347,2.685578,0.0,0.0,0.0,0.2498906144918635
4662,1791269179007432784,15111940719356,50.51357539300079,primary_goal,8.6753022,18.9734347,2.685578,0.0,0.0,0.0,0.2498906144918635
4663,1791269179017423910,15111950706373,50.52356241000052,primary_goal,8.6753022,18.9734347,2.685578,0.0,0.0,0.0,0.2498906144918635
4664,1791269179027435566,15111960739163,50.53359520000049,primary_goal,8.6753022,18.9734347,2.685578,0.0,0.0,0.0,0.2498906144918635
4665,1791269179037465900,15111970983967,50.54384000400023,primary_goal,8.6753022,18.9734347,2.685578,0.0,0.0,0.0,0.2498906144918635
4666,1791269179047484428,15111981107872,50.55396390900023,primary_goal,8.6753022,18.9734347,2.685578,0.0,0.0,0.0,0.2498906144918635
4667,1791269179057463121,15111991123871,50.563979907999965,primary_goal,8.6753022,18.9734347,2.685578,0.0,0.0,0.0,0.2498906144918635
4668,1791269179067488728,15112001304585,50.57416062199991,primary_goal,8.6753022,18.9734347,2.685578,0.0,0.0,0.0,0.2498906144918635
4669,1791269179077573428,15112011076309,50.58393234600044,primary_goal,8.6753022,18.9734347,2.685578,0.0,0.0,0.0,0.2498906144918635
4670,1791269179087506608,15112021392276,50.59424831300021,primary_goal,8.6753022,18.9734347,2.685578,0.0,0.0,0.0,0.2498906144918635
4671,1791269179097458101,15112031254943,50.60411098000077,primary_goal,8.6753022,18.9734347,2.685578,0.0,0.0,0.0,0.2498906144918635
4672,1791269179107421839,15112040817728,50.613673765001295,primary_goal,8.6753022,18.9734347,2.685578,0.0,0.0,0.0,0.2498906144918635
4673,1791269179117419787,15112050626509,50.62348254600147,primary_goal,8.6753022,18.9734347,2.685578,0.0,0.0,0.0,0.2498906144918635
4674,1791269179127429412,15112060582064,50.63343810100014,primary_goal,8.6753022,18.9734347,2.685578,0.0,0.0,0.0,0.2498906144918635
4675,1791269179137463028,15112070871035,50.64372707200164,primary_goal,8.6753022,18.9734347,2.685578,0.0,0.0,0.0,0.2498906144918635
4676,1791269179147480007,15112081153044,50.65400908100128,primary_goal,8.6753022,18.9734347,2.685578,0.0,0.0,0.0,0.2498906144918635
4677,1791269179157487785,15112091180189,50.66403622600046,primary_goal,8.6753022,18.9734347,2.685578,0.0,0.0,0.0,0.2498906144918635
4678,1791269179167480269,15112101193624,50.674049661000026,primary_goal,8.6753022,18.9734347,2.685578,0.0,0.0,0.0,0.2498906144918635
4679,1791269179177478601,15112111113734,50.68396977100019,primary_goal,8.6753022,18.9734347,2.685578,0.0,0.0,0.0,0.2498906144918635
4680,1791269179187487779,15112121325972,50.69418200900145,primary_goal,8.6753022,18.9734347,2.685578,0.0,0.0,0.0,0.2498906144918635
4681,1791269179197463874,15112131101882,50.70395791900046,primary_goal,8.6753022,18.9734347,2.685578,0.0,0.0,0.0,0.2498906144918635
4682,1791269179207536420,15112140755998,50.71361203500055,primary_goal,8.6753022,18.9734347,2.685578,0.0,0.0,0.0,0.2498906144918635
4683,1791269179217419750,15112150588595,50.72344463199988,primary_goal,8.6753022,18.9734347,2.685578,0.0,0.0,0.0,0.2498906144918635
4684,1791269179227424935,15112160632092,50.73348812900076,primary_goal,8.6753022,18.9734347,2.685578,0.0,0.0,0.0,0.2498906144918635
4685,1791269179237556263,15112171041205,50.74389724200046,primary_goal,8.6753022,18.9734347,2.685578,0.0,0.0,0.0,0.2498906144918635
4686,1791269179247511634,15112181052574,50.75390861100095,primary_goal,8.6753022,18.9734347,2.685578,0.0,0.0,0.0,0.2498906144918635
4687,1791269179257509588,15112191363470,50.764219507000234,primary_goal,8.6753022,18.9734347,2.685578,0.0,0.0,0.0,0.2498906144918635
4688,1791269179267521738,15112201449423,50.774305460001415,primary_goal,8.6753022,18.9734347,2.685578,0.0,0.0,0.0,0.2498906144918635
4689,1791269179277589531,15112211264935,50.78412097200089,primary_goal,8.6753022,18.9734347,2.685578,0.0,0.0,0.0,0.2498906144918635
4690,1791269179287495283,15112221281146,50.7941371830002,primary_goal,8.6753022,18.9734347,2.685578,0.0,0.0,0.0,0.2498906144918635
4691,1791269179297548956,15112231059728,50.803915765000056,primary_goal,8.6753022,18.9734347,2.685578,0.0,0.0,0.0,0.2498906144918635
4692,1791269179307441944,15112240689326,50.81354536300023,primary_goal,8.6753022,18.9734347,2.685578,0.0,0.0,0.0,0.2498906144918635
4693,1791269179317418383,15112250719363,50.82357540000157,primary_goal,8.6753022,18.9734347,2.685578,0.0,0.0,0.0,0.2498906144918635
4694,1791269179327428525,15112260761740,50.833617777001564,primary_goal,8.6753022,18.9734347,2.685578,0.0,0.0,0.0,0.2498906144918635
4695,1791269179337467053,15112271063663,50.8439197000007,primary_goal,8.6753022,18.9734347,2.685578,0.0,0.0,0.0,0.2498906144918635
4696,1791269179347472221,15112281201591,50.8540576280011,primary_goal,8.6753022,18.9734347,2.685578,0.0,0.0,0.0,0.2498906144918635
4697,1791269179357468489,15112291119900,50.86397593699985,primary_goal,8.6753022,18.9734347,2.685578,0.0,0.0,0.0,0.2498906144918635
4698,1791269179367503617,15112301423739,50.87427977600055,primary_goal,8.6753022,18.9734347,2.685578,0.0,0.0,0.0,0.2498906144918635
4699,1791269179377492071,15112310947789,50.883803826000076,primary_goal,8.6753022,18.9734347,2.685578,0.0,0.0,0.0,0.2498906144918635
4700,1791269179387498597,15112321540694,50.8943967310006,primary_goal,8.6753022,18.9734347,2.685578,0.0,0.0,0.0,0.2498906144918635
4701,1791269179397477627,15112331059074,50.90391511100097,primary_goal,8.6753022,18.9734347,2.685578,0.0,0.0,0.0,0.2498906144918635
4702,1791269179407427471,15112340710869,50.913566906001506,primary_goal,8.6753022,18.9734347,2.685578,0.0,0.0,0.0,0.2498906144918635
4703,1791269179417413865,15112350599686,50.9234557230011,primary_goal,8.6753022,18.9734347,2.685578,0.0,0.0,0.0,0.2498906144918635
4704,1791269179427446837,15112360747742,50.933603778999895,primary_goal,8.6753022,18.9734347,2.685578,0.0,0.0,0.0,0.2498906144918635
4705,1791269179437472758,15112371037925,50.94389396200131,primary_goal,8.6753022,18.9734347,2.685578,0.0,0.0,0.0,0.2498906144918635
4706,1791269179447438066,15112381146001,50.95400203800091,primary_goal,8.6753022,18.9734347,2.685578,0.0,0.0,0.0,0.2498906144918635
4707,1791269179457511099,15112391461830,50.96431786700123,primary_goal,8.6753022,18.9734347,2.685578,0.0,0.0,0.0,0.2498906144918635
4708,1791269179467496926,15112401345765,50.97420180200061,primary_goal,8.6753022,18.9734347,2.685578,0.0,0.0,0.0,0.2498906144918635
4709,1791269179477466369,15112410955555,50.983811592001075,primary_goal,8.6753022,18.9734347,2.685578,0.0,0.0,0.0,0.2498906144918635
4710,1791269179487499544,15112421282254,50.99413829100013,primary_goal,8.6753022,18.9734347,2.685578,0.0,0.0,0.0,0.2498906144918635
4711,1791269179497456557,15112431195253,51.00405129000137,primary_goal,8.6753022,18.9734347,2.685578,0.0,0.0,0.0,0.2498906144918635
4712,1791269179507415924,15112440751312,51.01360734900118,primary_goal,8.6753022,18.9734347,2.685578,0.0,0.0,0.0,0.2498906144918635
4713,1791269179517415504,15112450639131,51.02349516800132,primary_goal,8.6753022,18.9734347,2.685578,0.0,0.0,0.0,0.2498906144918635
4714,1791269179527420803,15112460702598,51.0335586350011,primary_goal,8.6753022,18.9734347,2.685578,0.0,0.0,0.0,0.2498906144918635
4715,1791269179537448751,15112470939230,51.04379526699995,primary_goal,8.6753022,18.9734347,2.685578,0.0,0.0,0.0,0.2498906144918635
4716,1791269179547436878,15112481030399,51.05388643600054,primary_goal,8.6753022,18.9734347,2.685578,0.0,0.0,0.0,0.2498906144918635
4717,1791269179557454873,15112490877326,51.06373336300021,primary_goal,8.6753022,18.9734347,2.685578,0.0,0.0,0.0,0.2498906144918635
4718,1791269179567496468,15112501289918,51.07414595500086,primary_goal,8.6753022,18.9734347,2.685578,0.0,0.0,0.0,0.2498906144918635
4719,1791269179577470589,15112511352011,51.08420804800153,primary_goal,8.6753022,18.9734347,2.685578,0.0,0.0,0.0,0.2498906144918635
4720,1791269179587495820,15112521413331,51.09426936800082,primary_goal,8.6753022,18.9734347,2.685578,0.0,0.0,0.0,0.2498906144918635
4721,1791269179597443242,15112531134751,51.103990788000374,primary_goal,8.6753022,18.9734347,2.685578,0.0,0.0,0.0,0.2498906144918635
4722,1791269179607414218,15112540782023,51.113638060000085,primary_goal,8.6753022,18.9734347,2.685578,0.0,0.0,0.0,0.2498906144918635
4723,1791269179617414076,15112550771418,51.12362745500104,primary_goal,8.6753022,18.9734347,2.685578,0.0,0.0,0.0,0.2498906144918635
4724,1791269179627422203,15112560668253,51.13352429000042,primary_goal,8.6753022,18.9734347,2.685578,0.0,0.0,0.0,0.2498906144918635
4725,1791269179637453782,15112571046617,51.14390265400107,primary_goal,8.6753022,18.9734347,2.685578,0.0,0.0,0.0,0.2498906144918635
4726,1791269179647467672,15112581166397,51.15402243400058,primary_goal,8.6753022,18.9734347,2.685578,0.0,0.0,0.0,0.2498906144918635
4727,1791269179657504966,15112591278234,51.164134271000876,primary_goal,8.6753022,18.9734347,2.685578,0.0,0.0,0.0,0.2498906144918635
4728,1791269179667482661,15112601198954,51.17405499100096,primary_goal,8.6753022,18.9734347,2.685578,0.0,0.0,0.0,0.2498906144918635
4729,1791269179677466910,15112611049408,51.18390544500107,primary_goal,8.6753022,18.9734347,2.685578,0.0,0.0,0.0,0.2498906144918635
4730,1791269179687447060,15112621343901,51.194199938001475,primary_goal,8.6753022,18.9734347,2.685578,0.0,0.0,0.0,0.2498906144918635
4731,1791269179697454269,15112631058261,51.20391429800111,primary_goal,8.6753022,18.9734347,2.685578,0.0,0.0,0.0,0.2498906144918635
4732,1791269179707419607,15112640720258,51.213576295000166,primary_goal,8.6753022,18.9734347,2.685578,0.0,0.0,0.0,0.2498906144918635
4733,1791269179717412426,15112650793409,51.22364944600122,primary_goal,8.6753022,18.9734347,2.685578,0.0,0.0,0.0,0.2498906144918635
4734,1791269179727417017,15112660713753,51.23356979000164,primary_goal,8.6753022,18.9734347,2.685578,0.0,0.0,0.0,0.2498906144918635
4735,1791269179737446460,15112670947334,51.24380337100047,primary_goal,8.6753022,18.9734347,2.685578,0.0,0.0,0.0,0.2498906144918635
4736,1791269179747471462,15112681227799,51.25408383600006,primary_goal,8.6753022,18.9734347,2.685578,0.0,0.0,0.0,0.2498906144918635
4737,1791269179757507877,15112691371339,51.264227376001145,primary_goal,8.6753022,18.9734347,2.685578,0.0,0.0,0.0,0.2498906144918635
4738,1791269179767475069,15112701121585,51.27397762200053,primary_goal,8.6753022,18.9734347,2.685578,0.0,0.0,0.0,0.2498906144918635
4739,1791269179777469496,15112711096449,51.283952486001,primary_goal,8.6753022,18.9734347,2.685578,0.0,0.0,0.0,0.2498906144918635
4740,1791269179787489330,15112721416282,51.29427231900081,primary_goal,8.6753022,18.9734347,2.685578,0.0,0.0,0.0,0.2498906144918635
4741,1791269179797450985,15112731068493,51.303924530000586,primary_goal,8.6753022,18.9734347,2.685578,0.0,0.0,0.0,0.2498906144918635
4742,1791269179807411523,15112740644405,51.31350044200008,primary_goal,8.6753022,18.9734347,2.685578,0.0,0.0,0.0,0.2498906144918635
4743,1791269179817427453,15112750541650,51.32339768700149,primary_goal,8.6753022,18.9734347,2.685578,0.0,0.0,0.0,0.2498906144918635
4744,1791269179827414683,15112760590554,51.33344659100112,primary_goal,8.6753022,18.9734347,2.685578,0.0,0.0,0.0,0.2498906144918635
4745,1791269179837446593,15112770703612,51.34355964899987,primary_goal,8.6753022,18.9734347,2.685578,0.0,0.0,0.0,0.2498906144918635
4746,1791269179847472437,15112781090306,51.35394634300064,primary_goal,8.6753022,18.9734347,2.685578,0.0,0.0,0.0,0.2498906144918635
4747,1791269179857537066,15112791330169,51.36418620600125,primary_goal,8.6753022,18.9734347,2.685578,0.0,0.0,0.0,0.2498906144918635
4748,1791269179867522797,15112801500672,51.374356709000494,primary_goal,8.6753022,18.9734347,2.685578,0.0,0.0,0.0,0.2498906144918635
4749,1791269179877483230,15112811108061,51.38396409800043,primary_goal,8.6753022,18.9734347,2.685578,0.0,0.0,0.0,0.2498906144918635
4750,1791269179887501952,15112821456069,51.39431210600014,primary_goal,8.6753022,18.9734347,2.685578,0.0,0.0,0.0,0.2498906144918635
4751,1791269179897446624,15112831147113,51.40400315000079,primary_goal,8.6753022,18.9734347,2.685578,0.0,0.0,0.0,0.2498906144918635
4752,1791269179907402014,15112840710095,51.413566132001506,primary_goal,8.6753022,18.9734347,2.685578,0.0,0.0,0.0,0.2498906144918635
4753,1791269179917409584,15112850593519,51.42344955600129,primary_goal,8.6753022,18.9734347,2.685578,0.0,0.0,0.0,0.2498906144918635
4754,1791269179927416677,15112860754133,51.433610170000975,primary_goal,8.6753022,18.9734347,2.685578,0.0,0.0,0.0,0.2498906144918635
4755,1791269179937451128,15112870969526,51.443825563001155,primary_goal,8.6753022,18.9734347,2.685578,0.0,0.0,0.0,0.2498906144918635
4756,1791269179947470340,15112881109598,51.45396563500071,primary_goal,8.6753022,18.9734347,2.685578,0.0,0.0,0.0,0.2498906144918635
4757,1791269179957477804,15112891129077,51.463985114000025,primary_goal,8.6753022,18.9734347,2.685578,0.0,0.0,0.0,0.2498906144918635
4758,1791269179967520097,15112901400850,51.47425688700059,primary_goal,8.6753022,18.9734347,2.685578,0.0,0.0,0.0,0.2498906144918635
4759,1791269179977538775,15112911188465,51.48404450199996,primary_goal,8.6753022,18.9734347,2.685578,0.0,0.0,0.0,0.2498906144918635
4760,1791269179987497864,15112921387120,51.49424315700162,primary_goal,8.6753022,18.9734347,2.685578,0.0,0.0,0.0,0.2498906144918635
4761,1791269179997474379,15112931114055,51.5039700920006,primary_goal,8.6753022,18.9734347,2.685578,0.0,0.0,0.0,0.2498906144918635
4762,1791269180007415021,15112940705239,51.51356127600047,primary_goal,8.6753022,18.9734347,2.685578,0.0,0.0,0.0,0.2498906144918635
4763,1791269180017423314,15112950709792,51.52356582900029,primary_goal,8.6753022,18.9734347,2.685578,0.0,0.0,0.0,0.2498906144918635
4764,1791269180027416006,15112960704597,51.53356063400133,primary_goal,8.6753022,18.9734347,2.685578,0.0,0.0,0.0,0.2498906144918635
4765,1791269180037442550,15112970884415,51.54374045199984,primary_goal,8.6753022,18.9734347,2.685578,0.0,0.0,0.0,0.2498906144918635
4766,1791269180047521856,15112981126637,51.55398267400051,primary_goal,8.6753022,18.9734347,2.685578,0.0,0.0,0.0,0.2498906144918635
4767,1791269180057544308,15112991452046,51.56430808300138,primary_goal,8.6753022,18.9734347,2.685578,0.0,0.0,0.0,0.2498906144918635
4768,1791269180067514973,15113001428356,51.5742843930002,primary_goal,8.6753022,18.9734347,2.685578,0.0,0.0,0.0,0.2498906144918635
4769,1791269180077419257,15113010944068,51.5838001050015,primary_goal,8.6753022,18.9734347,2.685578,0.0,0.0,0.0,0.2498906144918635
4770,1791269180087437650,15113021261583,51.59411762000127,primary_goal,8.6753022,18.9734347,2.685578,0.0,0.0,0.0,0.2498906144918635
4771,1791269180097443540,15113031046961,51.603902998000194,primary_goal,8.6753022,18.9734347,2.685578,0.0,0.0,0.0,0.2498906144918635
4772,1791269180107404743,15113040673829,51.613529866001045,primary_goal,8.6753022,18.9734347,2.685578,0.0,0.0,0.0,0.2498906144918635
4773,1791269180117403905,15113050691835,51.62354787200093,primary_goal,8.6753022,18.9734347,2.685578,0.0,0.0,0.0,0.2498906144918635
4774,1791269180127417882,15113060729116,51.63358515300024,primary_goal,8.6753022,18.9734347,2.685578,0.0,0.0,0.0,0.2498906144918635
4775,1791269180137453540,15113070995692,51.643851729000744,primary_goal,8.6753022,18.9734347,2.685578,0.0,0.0,0.0,0.2498906144918635
4776,1791269180147474390,15113081038124,51.65389416100152,primary_goal,8.6753022,18.9734347,2.685578,0.0,0.0,0.0,0.2498906144918635
4777,1791269180157454835,15113091044851,51.66390088800108,primary_goal,8.6753022,18.9734347,2.685578,0.0,0.0,0.0,0.2498906144918635
4778,1791269180167444099,15113101152927,51.67400896400068,primary_goal,8.6753022,18.9734347,2.685578,0.0,0.0,0.0,0.2498906144918635
4779,1791269180177464819,15113111080472,51.68393650899998,primary_goal,8.6753022,18.9734347,2.685578,0.0,0.0,0.0,0.2498906144918635
4780,1791269180187461956,15113121263367,51.69411940400096,primary_goal,8.6753022,18.9734347,2.685578,0.0,0.0,0.0,0.2498906144918635
4781,1791269180197457867,15113131137643,51.703993680001076,primary_goal,8.6753022,18.9734347,2.685578,0.0,0.0,0.0,0.2498906144918635
4782,1791269180207410578,15113140863967,51.713720004001516,primary_goal,8.6753022,18.9734347,2.685578,0.0,0.0,0.0,0.2498906144918635
4783,1791269180217396410,15113150704305,51.72356034200129,primary_goal,8.6753022,18.9734347,2.685578,0.0,0.0,0.0,0.2498906144918635
4784,1791269180227408920,15113160693255,51.733549292001044,primary_goal,8.6753022,18.9734347,2.685578,0.0,0.0,0.0,0.2498906144918635
4785,1791269180237440758,15113170937076,51.74379311300072,primary_goal,8.6753022,18.9734347,2.685578,0.0,0.0,0.0,0.2498906144918635
4786,1791269180247605152,15113181487852,51.754343889000666,primary_goal,8.6753022,18.9734347,2.685578,0.0,0.0,0.0,0.2498906144918635
4787,1791269180257511885,15113191396148,51.76425218500117,primary_goal,8.6753022,18.9734347,2.685578,0.0,0.0,0.0,0.2498906144918635
4788,1791269180267464115,15113200990108,51.77384614500079,primary_goal,8.6753022,18.9734347,2.685578,0.0,0.0,0.0,0.2498906144918635
4789,1791269180277469266,15113210943245,51.78379928200047,primary_goal,8.6753022,18.9734347,2.685578,0.0,0.0,0.0,0.2498906144918635
4790,1791269180287513410,15113221284592,51.79414062900105,primary_goal,8.6753022,18.9734347,2.685578,0.0,0.0,0.0,0.2498906144918635
4791,1791269180297466732,15113231093840,51.80394987700129,primary_goal,8.6753022,18.9734347,2.685578,0.0,0.0,0.0,0.2498906144918635
4792,1791269180307400202,15113240730836,51.81358687300053,primary_goal,8.6753022,18.9734347,2.685578,0.0,0.0,0.0,0.2498906144918635
4793,1791269180317416217,15113250863199,51.823719236001125,primary_goal,8.6753022,18.9734347,2.685578,0.0,0.0,0.0,0.2498906144918635
4794,1791269180327447453,15113260754576,51.83361061300093,primary_goal,8.6753022,18.9734347,2.685578,0.0,0.0,0.0,0.2498906144918635
4795,1791269180337469254,15113271020229,51.843876266000734,primary_goal,8.6753022,18.9734347,2.685578,0.0,0.0,0.0,0.2498906144918635
4796,1791269180347454465,15113281016487,51.85387252400142,primary_goal,8.6753022,18.9734347,2.685578,0.0,0.0,0.0,0.2498906144918635
4797,1791269180357494886,15113291454809,51.86431084600008,primary_goal,8.6753022,18.9734347,2.685578,0.0,0.0,0.0,0.2498906144918635
4798,1791269180367513391,15113301362576,51.87421861300027,primary_goal,8.6753022,18.9734347,2.685578,0.0,0.0,0.0,0.2498906144918635
4799,1791269180377470159,15113310977868,51.88383390499985,primary_goal,8.6753022,18.9734347,2.685578,0.0,0.0,0.0,0.2498906144918635
4800,1791269180387464741,15113321177742,51.89403377900089,primary_goal,8.6753022,18.9734347,2.685578,0.0,0.0,0.0,0.2498906144918635
4801,1791269180397471112,15113331107506,51.90396354299992,primary_goal,8.6753022,18.9734347,2.685578,0.0,0.0,0.0,0.2498906144918635
4802,1791269180407398574,15113340697788,51.913553825001145,primary_goal,8.6753022,18.9734347,2.685578,0.0,0.0,0.0,0.2498906144918635
4803,1791269180417419582,15113350671132,51.92352716900132,primary_goal,8.6753022,18.9734347,2.685578,0.0,0.0,0.0,0.2498906144918635
4804,1791269180427414559,15113360807207,51.933663244000854,primary_goal,8.6753022,18.9734347,2.685578,0.0,0.0,0.0,0.2498906144918635
4805,1791269180437448950,15113370962272,51.94381830900056,primary_goal,8.6753022,18.9734347,2.685578,0.0,0.0,0.0,0.2498906144918635
4806,1791269180447462600,15113381204166,51.95406020300106,primary_goal,8.6753022,18.9734347,2.685578,0.0,0.0,0.0,0.2498906144918635
4807,1791269180457492711,15113391292239,51.96414827600165,primary_goal,8.6753022,18.9734347,2.685578,0.0,0.0,0.0,0.2498906144918635
4808,1791269180467514939,15113401676047,51.97453208400111,primary_goal,8.6753022,18.9734347,2.685578,0.0,0.0,0.0,0.2498906144918635
4809,1791269180477456456,15113411073891,51.98392992800109,primary_goal,8.6753022,18.9734347,2.685578,0.0,0.0,0.0,0.2498906144918635
4810,1791269180487489006,15113421355388,51.994211425000685,primary_goal,8.6753022,18.9734347,2.685578,0.0,0.0,0.0,0.2498906144918635
4811,1791269180497436833,15113431076609,52.003932646000976,primary_goal,8.6753022,18.9734347,2.685578,0.0,0.0,0.0,0.2498906144918635
4812,1791269180507405291,15113440847619,52.01370365600087,primary_goal,8.6753022,18.9734347,2.685578,0.0,0.0,0.0,0.2498906144918635
4813,1791269180517400107,15113450854555,52.0237105920005,primary_goal,8.6753022,18.9734347,2.685578,0.0,0.0,0.0,0.2498906144918635
4814,1791269180527401235,15113460736808,52.033592845000385,primary_goal,8.6753022,18.9734347,2.685578,0.0,0.0,0.0,0.2498906144918635
4815,1791269180537400157,15113470866557,52.04372259400043,primary_goal,8.6753022,18.9734347,2.685578,0.0,0.0,0.0,0.2498906144918635
4816,1791269180547434023,15113481018647,52.05387468400113,primary_goal,8.6753022,18.9734347,2.685578,0.0,0.0,0.0,0.2498906144918635
4817,1791269180557501082,15113491310725,52.06416676200024,primary_goal,8.6753022,18.9734347,2.685578,0.0,0.0,0.0,0.2498906144918635
4818,1791269180567450545,15113501690904,52.074546941001245,primary_goal,8.6753022,18.9734347,2.685578,0.0,0.0,0.0,0.2498906144918635
4819,1791269180577500096,15113511201890,52.084057927000686,primary_goal,8.6753022,18.9734347,2.685578,0.0,0.0,0.0,0.2498906144918635
4820,1791269180587468465,15113521449285,52.094305321999855,primary_goal,8.6753022,18.9734347,2.685578,0.0,0.0,0.0,0.2498906144918635
4821,1791269180597458969,15113531152909,52.10400894600025,primary_goal,8.6753022,18.9734347,2.685578,0.0,0.0,0.0,0.2498906144918635
4822,1791269180607427992,15113540892459,52.11374849599997,primary_goal,8.6753022,18.9734347,2.685578,0.0,0.0,0.0,0.2498906144918635
4823,1791269180617441928,15113550922849,52.123778885999855,primary_goal,8.6753022,18.9734347,2.685578,0.0,0.0,0.0,0.2498906144918635
4824,1791269180627400099,15113560737507,52.13359354400018,primary_goal,8.6753022,18.9734347,2.685578,0.0,0.0,0.0,0.2498906144918635
4825,1791269180637571871,15113571008292,52.14386432900028,primary_goal,8.6753022,18.9734347,2.685578,0.0,0.0,0.0,0.2498906144918635
4826,1791269180647458545,15113581049807,52.1539058440012,primary_goal,8.6753022,18.9734347,2.685578,0.0,0.0,0.0,0.2498906144918635
4827,1791269180657507816,15113591360583,52.164216619999934,primary_goal,8.6753022,18.9734347,2.685578,0.0,0.0,0.0,0.2498906144918635
4828,1791269180667466063,15113601218368,52.17407440500028,primary_goal,8.6753022,18.9734347,2.685578,0.0,0.0,0.0,0.2498906144918635
4829,1791269180677461202,15113611098886,52.18395492300078,primary_goal,8.6753022,18.9734347,2.685578,0.0,0.0,0.0,0.2498906144918635
4830,1791269180687483633,15113621211076,52.19406711300144,primary_goal,8.6753022,18.9734347,2.685578,0.0,0.0,0.0,0.2498906144918635
4831,1791269180697471616,15113631132119,52.20398815600129,primary_goal,8.6753022,18.9734347,2.685578,0.0,0.0,0.0,0.2498906144918635
4832,1791269180707411757,15113640825367,52.213681404000454,primary_goal,8.6753022,18.9734347,2.685578,0.0,0.0,0.0,0.2498906144918635
4833,1791269180717431740,15113650638010,52.22349404700071,primary_goal,8.6753022,18.9734347,2.685578,0.0,0.0,0.0,0.2498906144918635
4834,1791269180727441247,15113660848067,52.233704104000935,primary_goal,8.6753022,18.9734347,2.685578,0.0,0.0,0.0,0.2498906144918635
4835,1791269180737463858,15113670939522,52.24379555900123,primary_goal,8.6753022,18.9734347,2.685578,0.0,0.0,0.0,0.2498906144918635
4836,1791269180747557792,15113681274395,52.25413043200024,primary_goal,8.6753022,18.9734347,2.685578,0.0,0.0,0.0,0.2498906144918635
4837,1791269180757471897,15113691233509,52.26408954600083,primary_goal,8.6753022,18.9734347,2.685578,0.0,0.0,0.0,0.2498906144918635
4838,1791269180767478549,15113701562433,52.274418470000455,primary_goal,8.6753022,18.9734347,2.685578,0.0,0.0,0.0,0.2498906144918635
4839,1791269180777467814,15113711164136,52.28402017300141,primary_goal,8.6753022,18.9734347,2.685578,0.0,0.0,0.0,0.2498906144918635
4840,1791269180787548825,15113721335163,52.29419120000057,primary_goal,8.6753022,18.9734347,2.685578,0.0,0.0,0.0,0.2498906144918635
4841,1791269180797453706,15113731176974,52.30403301100159,primary_goal,8.6753022,18.9734347,2.685578,0.0,0.0,0.0,0.2498906144918635
4842,1791269180807407561,15113740735330,52.31359136700121,primary_goal,8.6753022,18.9734347,2.685578,0.0,0.0,0.0,0.2498906144918635
4843,1791269180817465941,15113750751753,52.323607790000096,primary_goal,8.6753022,18.9734347,2.685578,0.0,0.0,0.0,0.2498906144918635
4844,1791269180827386595,15113760782450,52.33363848699992,primary_goal,8.6753022,18.9734347,2.685578,0.0,0.0,0.0,0.2498906144918635
4845,1791269180837409884,15113770945144,52.343801181001254,primary_goal,8.6753022,18.9734347,2.685578,0.0,0.0,0.0,0.2498906144918635
4846,1791269180847449103,15113781132949,52.35398898600033,primary_goal,8.6753022,18.9734347,2.685578,0.0,0.0,0.0,0.2498906144918635
4847,1791269180857460290,15113791212985,52.36406902199997,primary_goal,8.6753022,18.9734347,2.685578,0.0,0.0,0.0,0.2498906144918635
4848,1791269180867516526,15113801229720,52.37408575700101,primary_goal,8.6753022,18.9734347,2.685578,0.0,0.0,0.0,0.2498906144918635
4849,1791269180877453610,15113811325781,52.3841818180008,primary_goal,8.6753022,18.9734347,2.685578,0.0,0.0,0.0,0.2498906144918635
4850,1791269180887652907,15113822085328,52.394941365000705,primary_goal,8.6753022,18.9734347,2.685578,0.0,0.0,0.0,0.2498906144918635
4851,1791269180897579184,15113831408386,52.40426442300122,primary_goal,8.6753022,18.9734347,2.685578,0.0,0.0,0.0,0.2498906144918635
4852,1791269180907511520,15113840815409,52.41367144600008,primary_goal,8.6753022,18.9734347,2.685578,0.0,0.0,0.0,0.2498906144918635
4853,1791269180917410841,15113850598166,52.4234542030008,primary_goal,8.6753022,18.9734347,2.685578,0.0,0.0,0.0,0.2498906144918635
4854,1791269180927440739,15113860975108,52.43383114500102,primary_goal,8.6753022,18.9734347,2.685578,0.0,0.0,0.0,0.2498906144918635
4855,1791269180937461312,15113871407975,52.44426401200144,primary_goal,8.6753022,18.9734347,2.685578,0.0,0.0,0.0,0.2498906144918635
4856,1791269180947468833,15113881153148,52.45400918500127,primary_goal,8.6753022,18.9734347,2.685578,0.0,0.0,0.0,0.2498906144918635
4857,1791269180957665924,15113892174739,52.465030776000276,primary_goal,8.6753022,18.9734347,2.685578,0.0,0.0,0.0,0.2498906144918635
4858,1791269180967548895,15113901586940,52.47444297699985,primary_goal,8.6753022,18.9734347,2.685578,0.0,0.0,0.0,0.2498906144918635
4859,1791269180977550286,15113911183960,52.484039996999854,primary_goal,8.6753022,18.9734347,2.685578,0.0,0.0,0.0,0.2498906144918635
4860,1791269180987522263,15113921346897,52.494202933999986,primary_goal,8.6753022,18.9734347,2.685578,0.0,0.0,0.0,0.2498906144918635
4861,1791269180997418797,15113930877046,52.50373308300004,primary_goal,8.6753022,18.9734347,2.685578,0.0,0.0,0.0,0.2498906144918635
4862,1791269181007406444,15113940687270,52.51354330700087,primary_goal,8.6753022,18.9734347,2.685578,0.0,0.0,0.0,0.2498906144918635
4863,1791269181017422785,15113950791479,52.52364751599998,primary_goal,8.6753022,18.9734347,2.685578,0.0,0.0,0.0,0.2498906144918635
4864,1791269181027401722,15113960768783,52.533624820000114,primary_goal,8.6753022,18.9734347,2.685578,0.0,0.0,0.0,0.2498906144918635
4865,1791269181037404687,15113970749681,52.543605718001345,primary_goal,8.6753022,18.9734347,2.685578,0.0,0.0,0.0,0.2498906144918635
4866,1791269181047487204,15113981101411,52.5539574480008,primary_goal,8.6753022,18.9734347,2.685578,0.0,0.0,0.0,0.2498906144918635
4867,1791269181057510179,15113991340958,52.56419699500111,primary_goal,8.6753022,18.9734347,2.685578,0.0,0.0,0.0,0.2498906144918635
4868,1791269181067444488,15114001165494,52.57402153100156,primary_goal,8.6753022,18.9734347,2.685578,0.0,0.0,0.0,0.2498906144918635
4869,1791269181077424983,15114011094620,52.58395065700097,primary_goal,8.6753022,18.9734347,2.685578,0.0,0.0,0.0,0.2498906144918635
4870,1791269181087480889,15114021436072,52.59429210900089,primary_goal,8.6753022,18.9734347,2.685578,0.0,0.0,0.0,0.2498906144918635
4871,1791269181097469848,15114031090222,52.60394625900153,primary_goal,8.6753022,18.9734347,2.685578,0.0,0.0,0.0,0.2498906144918635
4872,1791269181107449607,15114040673716,52.613529752999966,primary_goal,8.6753022,18.9734347,2.685578,0.0,0.0,0.0,0.2498906144918635
4873,1791269181117430589,15114050672541,52.62352857800033,primary_goal,8.6753022,18.9734347,2.685578,0.0,0.0,0.0,0.2498906144918635
4874,1791269181127402251,15114060706879,52.6335629160003,primary_goal,8.6753022,18.9734347,2.685578,0.0,0.0,0.0,0.2498906144918635
4875,1791269181137440904,15114071017295,52.64387333200102,primary_goal,8.6753022,18.9734347,2.685578,0.0,0.0,0.0,0.2498906144918635
4876,1791269181147439929,15114081069797,52.65392583399989,primary_goal,8.6753022,18.9734347,2.685578,0.0,0.0,0.0,0.2498906144918635
4877,1791269181157433096,15114091365340,52.66422137700101,primary_goal,8.6753022,18.9734347,2.685578,0.0,0.0,0.0,0.2498906144918635
4878,1791269181167498526,15114101398333,52.6742543700002,primary_goal,8.6753022,18.9734347,2.685578,0.0,0.0,0.0,0.2498906144918635
4879,1791269181177530190,15114111126782,52.68398281900045,primary_goal,8.6753022,18.9734347,2.685578,0.0,0.0,0.0,0.2498906144918635
4880,1791269181187461756,15114121333761,52.69418979800139,primary_goal,8.6753022,18.9734347,2.685578,0.0,0.0,0.0,0.2498906144918635
4881,1791269181197438625,15114131080916,52.703936953001175,primary_goal,8.6753022,18.9734347,2.685578,0.0,0.0,0.0,0.2498906144918635
4882,1791269181207389025,15114140749013,52.713605050001206,primary_goal,8.6753022,18.9734347,2.685578,0.0,0.0,0.0,0.2498906144918635
4883,1791269181217388399,15114150574216,52.723430253001425,primary_goal,8.6753022,18.9734347,2.685578,0.0,0.0,0.0,0.2498906144918635
4884,1791269181227402469,15114160755664,52.73361170099997,primary_goal,8.6753022,18.9734347,2.685578,0.0,0.0,0.0,0.2498906144918635
4885,1791269181237451326,15114171019085,52.743875122001555,primary_goal,8.6753022,18.9734347,2.685578,0.0,0.0,0.0,0.2498906144918635
4886,1791269181247445995,15114181060445,52.75391648200093,primary_goal,8.6753022,18.9734347,2.685578,0.0,0.0,0.0,0.2498906144918635
4887,1791269181257485691,15114191477691,52.764333728000565,primary_goal,8.6753022,18.9734347,2.685578,0.0,0.0,0.0,0.2498906144918635
4888,1791269181267436024,15114200974024,52.7738300609999,primary_goal,8.6753022,18.9734347,2.685578,0.0,0.0,0.0,0.2498906144918635
4889,1791269181277422609,15114211102506,52.78395854300106,primary_goal,8.6753022,18.9734347,2.685578,0.0,0.0,0.0,0.2498906144918635
4890,1791269181287487457,15114221666696,52.79452273300012,primary_goal,8.6753022,18.9734347,2.685578,0.0,0.0,0.0,0.2498906144918635
4891,1791269181297401789,15114231270880,52.80412691700076,primary_goal,8.6753022,18.9734347,2.685578,0.0,0.0,0.0,0.2498906144918635
4892,1791269181307401648,15114240785614,52.81364165100058,primary_goal,8.6753022,18.9734347,2.685578,0.0,0.0,0.0,0.2498906144918635
4893,1791269181317539763,15114251085645,52.82394168200153,primary_goal,8.6753022,18.9734347,2.685578,0.0,0.0,0.0,0.2498906144918635
4894,1791269181327398744,15114261140238,52.83399627500148,primary_goal,8.6753022,18.9734347,2.685578,0.0,0.0,0.0,0.2498906144918635
4895,1791269181337512316,15114271646637,52.84450267400098,primary_goal,8.6753022,18.9734347,2.685578,0.0,0.0,0.0,0.2498906144918635
4896,1791269181347452019,15114281623304,52.854479341000115,primary_goal,8.6753022,18.9734347,2.685578,0.0,0.0,0.0,0.2498906144918635
4897,1791269181357476029,15114292065822,52.86492185899988,primary_goal,8.6753022,18.9734347,2.685578,0.0,0.0,0.0,0.2498906144918635
4898,1791269181367690484,15114302227165,52.875083202001406,primary_goal,8.6753022,18.9734347,2.685578,0.0,0.0,0.0,0.2498906144918635
4899,1791269181377464118,15114311495996,52.88435203300105,primary_goal,8.6753022,18.9734347,2.685578,0.0,0.0,0.0,0.2498906144918635
4900,1791269181387453651,15114321658567,52.894514604000506,primary_goal,8.6753022,18.9734347,2.685578,0.0,0.0,0.0,0.2498906144918635
4901,1791269181397403739,15114331107558,52.90396359500119,primary_goal,8.6753022,18.9734347,2.685578,0.0,0.0,0.0,0.2498906144918635
4902,1791269181407388979,15114340625506,52.91348154300067,primary_goal,8.6753022,18.9734347,2.685578,0.0,0.0,0.0,0.2498906144918635
4903,1791269181417383772,15114350601629,52.923457666000104,primary_goal,8.6753022,18.9734347,2.685578,0.0,0.0,0.0,0.2498906144918635
4904,1791269181427385972,15114360691314,52.933547351000016,primary_goal,8.6753022,18.9734347,2.685578,0.0,0.0,0.0,0.2498906144918635
4905,1791269181437417056,15114370866534,52.94372257100076,primary_goal,8.6753022,18.9734347,2.685578,0.0,0.0,0.0,0.2498906144918635
4906,1791269181447434022,15114380994118,52.95385015500142,primary_goal,8.6753022,18.9734347,2.685578,0.0,0.0,0.0,0.2498906144918635
4907,1791269181457474949,15114391348006,52.96420404300079,primary_goal,8.6753022,18.9734347,2.685578,0.0,0.0,0.0,0.2498906144918635
4908,1791269181467472454,15114401386408,52.97424244500144,primary_goal,8.6753022,18.9734347,2.685578,0.0,0.0,0.0,0.2498906144918635
4909,1791269181477441747,15114410980354,52.983836391000295,primary_goal,8.6753022,18.9734347,2.685578,0.0,0.0,0.0,0.2498906144918635
4910,1791269181487529923,15114421457479,52.99431351600106,primary_goal,8.6753022,18.9734347,2.685578,0.0,0.0,0.0,0.2498906144918635
4911,1791269181497429049,15114431382602,53.004238639001414,primary_goal,8.6753022,18.9734347,2.685578,0.0,0.0,0.0,0.2498906144918635
4912,1791269181507376844,15114440834967,53.013691004000066,primary_goal,8.6753022,18.9734347,2.685578,0.0,0.0,0.0,0.2498906144918635
4913,1791269181517411098,15114450736884,53.02359292100118,primary_goal,8.6753022,18.9734347,2.685578,0.0,0.0,0.0,0.2498906144918635
4914,1791269181527392103,15114460954983,53.03381102000094,primary_goal,8.6753022,18.9734347,2.685578,0.0,0.0,0.0,0.2498906144918635
4915,1791269181537421193,15114471368508,53.04422454500127,primary_goal,8.6753022,18.9734347,2.685578,0.0,0.0,0.0,0.2498906144918635
4916,1791269181547409859,15114480990223,53.05384626000159,primary_goal,8.6753022,18.9734347,2.685578,0.0,0.0,0.0,0.2498906144918635
4917,1791269181557501882,15114491327489,53.064183526001216,primary_goal,8.6753022,18.9734347,2.685578,0.0,0.0,0.0,0.2498906144918635
4918,1791269181567494734,15114501416535,53.074272572001064,primary_goal,8.6753022,18.9734347,2.685578,0.0,0.0,0.0,0.2498906144918635
4919,1791269181577429590,15114510910664,53.08376670100006,primary_goal,8.6753022,18.9734347,2.685578,0.0,0.0,0.0,0.2498906144918635
4920,1791269181587416288,15114521214862,53.094070899000144,primary_goal,8.6753022,18.9734347,2.685578,0.0,0.0,0.0,0.2498906144918635
4921,1791269181597406414,15114531015227,53.10387126400019,primary_goal,8.6753022,18.9734347,2.685578,0.0,0.0,0.0,0.2498906144918635
4922,1791269181607394310,15114540711815,53.113567852000415,primary_goal,8.6753022,18.9734347,2.685578,0.0,0.0,0.0,0.2498906144918635
4923,1791269181617380319,15114550877811,53.123733848000484,primary_goal,8.6753022,18.9734347,2.685578,0.0,0.0,0.0,0.2498906144918635
4924,1791269181627385008,15114560699533,53.13355557000068,primary_goal,8.6753022,18.9734347,2.685578,0.0,0.0,0.0,0.2498906144918635
4925,1791269181637416423,15114570965727,53.14382176400068,primary_goal,8.6753022,18.9734347,2.685578,0.0,0.0,0.0,0.2498906144918635
4926,1791269181647460498,15114581158518,53.154014555000686,primary_goal,8.6753022,18.9734347,2.685578,0.0,0.0,0.0,0.2498906144918635
4927,1791269181657556610,15114591425402,53.16428143900157,primary_goal,8.6753022,18.9734347,2.685578,0.0,0.0,0.0,0.2498906144918635
4928,1791269181667417541,15114601220101,53.1740761380006,primary_goal,8.6753022,18.9734347,2.685578,0.0,0.0,0.0,0.2498906144918635
4929,1791269181677451162,15114611342674,53.184198711000136,primary_goal,8.6753022,18.9734347,2.685578,0.0,0.0,0.0,0.2498906144918635
4930,1791269181687504205,15114621239268,53.19409530500161,primary_goal,8.6753022,18.9734347,2.685578,0.0,0.0,0.0,0.2498906144918635
4931,1791269181697529226,15114631214336,53.20407037299992,primary_goal,8.6753022,18.9734347,2.685578,0.0,0.0,0.0,0.2498906144918635
4932,1791269181707396226,15114640656219,53.213512256001195,primary_goal,8.6753022,18.9734347,2.685578,0.0,0.0,0.0,0.2498906144918635
4933,1791269181717370428,15114650463658,53.2233196950001,primary_goal,8.6753022,18.9734347,2.685578,0.0,0.0,0.0,0.2498906144918635
4934,1791269181727481958,15114661134495,53.23399053200046,primary_goal,8.6753022,18.9734347,2.685578,0.0,0.0,0.0,0.2498906144918635
4935,1791269181737587406,15114671629238,53.24448527500135,primary_goal,8.6753022,18.9734347,2.685578,0.0,0.0,0.0,0.2498906144918635
4936,1791269181747397868,15114680976918,53.25383295500069,primary_goal,8.6753022,18.9734347,2.685578,0.0,0.0,0.0,0.2498906144918635
4937,1791269181757543199,15114691193407,53.26404944400019,primary_goal,8.6753022,18.9734347,2.685578,0.0,0.0,0.0,0.2498906144918635
4938,1791269181767583792,15114701224022,53.27408005899997,primary_goal,8.6753022,18.9734347,2.685578,0.0,0.0,0.0,0.2498906144918635
4939,1791269181777540869,15114711273127,53.28412916400157,primary_goal,8.6753022,18.9734347,2.685578,0.0,0.0,0.0,0.2498906144918635
4940,1791269181787463514,15114721301613,53.29415765000158,primary_goal,8.6753022,18.9734347,2.685578,0.0,0.0,0.0,0.2498906144918635
4941,1791269181797431631,15114731120313,53.303976350000084,primary_goal,8.6753022,18.9734347,2.685578,0.0,0.0,0.0,0.2498906144918635
4942,1791269181807397318,15114740577471,53.31343350800125,primary_goal,8.6753022,18.9734347,2.685578,0.0,0.0,0.0,0.2498906144918635
4943,1791269181817368356,15114750591577,53.32344761400054,primary_goal,8.6753022,18.9734347,2.685578,0.0,0.0,0.0,0.2498906144918635
4944,1791269181827390943,15114760626199,53.333482236001146,primary_goal,8.6753022,18.9734347,2.685578,0.0,0.0,0.0,0.2498906144918635
4945,1791269181837427112,15114770868931,53.34372496800097,primary_goal,8.6753022,18.9734347,2.685578,0.0,0.0,0.0,0.2498906144918635
4946,1791269181847507254,15114781228285,53.354084322001654,primary_goal,8.6753022,18.9734347,2.685578,0.0,0.0,0.0,0.2498906144918635
4947,1791269181857458281,15114791411780,53.36426781699993,primary_goal,8.6753022,18.9734347,2.685578,0.0,0.0,0.0,0.2498906144918635
4948,1791269181867421291,15114801123106,53.373979143001634,primary_goal,8.6753022,18.9734347,2.685578,0.0,0.0,0.0,0.2498906144918635
4949,1791269181877438884,15114811055617,53.38391165400026,primary_goal,8.6753022,18.9734347,2.685578,0.0,0.0,0.0,0.2498906144918635
4950,1791269181887421526,15114821244108,53.394100145000266,primary_goal,8.6753022,18.9734347,2.685578,0.0,0.0,0.0,0.2498906144918635
4951,1791269181897434056,15114831136727,53.40399276400058,primary_goal,8.6753022,18.9734347,2.685578,0.0,0.0,0.0,0.2498906144918635
4952,1791269181907397452,15114840682324,53.413538361000974,primary_goal,8.6753022,18.9734347,2.685578,0.0,0.0,0.0,0.2498906144918635
4953,1791269181917400434,15114850714527,53.42357056400033,primary_goal,8.6753022,18.9734347,2.685578,0.0,0.0,0.0,0.2498906144918635
4954,1791269181927408193,15114860726259,53.43358229600017,primary_goal,8.6753022,18.9734347,2.685578,0.0,0.0,0.0,0.2498906144918635
4955,1791269181937436424,15114871011956,53.44386799300082,primary_goal,8.6753022,18.9734347,2.685578,0.0,0.0,0.0,0.2498906144918635
4956,1791269181947464047,15114881123282,53.45397931900152,primary_goal,8.6753022,18.9734347,2.685578,0.0,0.0,0.0,0.2498906144918635
4957,1791269181957489455,15114891508050,53.46436408699992,primary_goal,8.6753022,18.9734347,2.685578,0.0,0.0,0.0,0.2498906144918635
4958,1791269181967518072,15114901384754,53.47424079100165,primary_goal,8.6753022,18.9734347,2.685578,0.0,0.0,0.0,0.2498906144918635
4959,1791269181977437260,15114911077988,53.48393402500005,primary_goal,8.6753022,18.9734347,2.685578,0.0,0.0,0.0,0.2498906144918635
4960,1791269181987476081,15114921295664,53.4941517010011,primary_goal,8.6753022,18.9734347,2.685578,0.0,0.0,0.0,0.2498906144918635
4961,1791269181997418893,15114931110767,53.50396680400081,primary_goal,8.6753022,18.9734347,2.685578,0.0,0.0,0.0,0.2498906144918635
4962,1791269182007380627,15114940707108,53.51356314500117,primary_goal,8.6753022,18.9734347,2.685578,0.0,0.0,0.0,0.2498906144918635
4963,1791269182017391755,15114950698574,53.5235546110016,primary_goal,8.6753022,18.9734347,2.685578,0.0,0.0,0.0,0.2498906144918635
4964,1791269182027398632,15114960780059,53.53363609600092,primary_goal,8.6753022,18.9734347,2.685578,0.0,0.0,0.0,0.2498906144918635
4965,1791269182037424714,15114971535542,53.54439157900015,primary_goal,8.6753022,18.9734347,2.685578,0.0,0.0,0.0,0.2498906144918635
4966,1791269182047474958,15114981389261,53.55424529800075,primary_goal,8.6753022,18.9734347,2.685578,0.0,0.0,0.0,0.2498906144918635
4967,1791269182057418963,15114991453498,53.564309535000575,primary_goal,8.6753022,18.9734347,2.685578,0.0,0.0,0.0,0.2498906144918635
4968,1791269182067455924,15115001180384,53.57403642100144,primary_goal,8.6753022,18.9734347,2.685578,0.0,0.0,0.0,0.2498906144918635
4969,1791269182077668193,15115011442234,53.58429827100008,primary_goal,8.6753022,18.9734347,2.685578,0.0,0.0,0.0,0.2498906144918635
4970,1791269182087648670,15115021938247,53.59479428400118,primary_goal,8.6753022,18.9734347,2.685578,0.0,0.0,0.0,0.2498906144918635
4971,1791269182097419299,15115030957227,53.603813264000564,primary_goal,8.6753022,18.9734347,2.685578,0.0,0.0,0.0,0.2498906144918635
4972,1791269182107404311,15115040609284,53.61346532100106,primary_goal,8.6753022,18.9734347,2.685578,0.0,0.0,0.0,0.2498906144918635
4973,1791269182117404311,15115050674332,53.623530369000946,primary_goal,8.6753022,18.9734347,2.685578,0.0,0.0,0.0,0.2498906144918635
4974,1791269182127414873,15115060690721,53.6335467580011,primary_goal,8.6753022,18.9734347,2.685578,0.0,0.0,0.0,0.2498906144918635
4975,1791269182137577425,15115071146177,53.644002214001375,primary_goal,8.6753022,18.9734347,2.685578,0.0,0.0,0.0,0.2498906144918635
4976,1791269182147469090,15115081192266,53.65404830300031,primary_goal,8.6753022,18.9734347,2.685578,0.0,0.0,0.0,0.2498906144918635
4977,1791269182157466561,15115091476216,53.664332252999884,primary_goal,8.6753022,18.9734347,2.685578,0.0,0.0,0.0,0.2498906144918635
4978,1791269182167492215,15115101382807,53.67423884400159,primary_goal,8.6753022,18.9734347,2.685578,0.0,0.0,0.0,0.2498906144918635
4979,1791269182177425842,15115110972780,53.683828817000176,primary_goal,8.6753022,18.9734347,2.685578,0.0,0.0,0.0,0.2498906144918635
4980,1791269182187569561,15115121620402,53.69447643900094,primary_goal,8.6753022,18.9734347,2.685578,0.0,0.0,0.0,0.2498906144918635
4981,1791269182197412098,15115130998956,53.70385499300028,primary_goal,8.6753022,18.9734347,2.685578,0.0,0.0,0.0,0.2498906144918635
4982,1791269182207393500,15115140541144,53.71339718099989,primary_goal,8.6753022,18.9734347,2.685578,0.0,0.0,0.0,0.2498906144918635
4983,1791269182217363512,15115150540176,53.72339621300125,primary_goal,8.6753022,18.9734347,2.685578,0.0,0.0,0.0,0.2498906144918635
4984,1791269182227377933,15115160576195,53.73343223200027,primary_goal,8.6753022,18.9734347,2.685578,0.0,0.0,0.0,0.2498906144918635
4985,1791269182237492015,15115171389757,53.74424579400147,primary_goal,8.6753022,18.9734347,2.685578,0.0,0.0,0.0,0.2498906144918635
4986,1791269182247389672,15115181337607,53.754193644001134,primary_goal,8.6753022,18.9734347,2.685578,0.0,0.0,0.0,0.2498906144918635
4987,1791269182257522350,15115191547877,53.76440391400138,primary_goal,8.6753022,18.9734347,2.685578,0.0,0.0,0.0,0.2498906144918635
4988,1791269182267411085,15115201213105,53.77406914200037,primary_goal,8.6753022,18.9734347,2.685578,0.0,0.0,0.0,0.2498906144918635
4989,1791269182277453642,15115211108415,53.78396445200087,primary_goal,8.6753022,18.9734347,2.685578,0.0,0.0,0.0,0.2498906144918635
4990,1791269182287510982,15115221501204,53.7943572410004,primary_goal,8.6753022,18.9734347,2.685578,0.0,0.0,0.0,0.2498906144918635
4991,1791269182297399703,15115231045202,53.80390123899997,primary_goal,8.6753022,18.9734347,2.685578,0.0,0.0,0.0,0.2498906144918635
4992,1791269182307398102,15115240669520,53.81352555700141,primary_goal,8.6753022,18.9734347,2.685578,0.0,0.0,0.0,0.2498906144918635
4993,1791269182317396464,15115250632045,53.82348808200004,primary_goal,8.6753022,18.9734347,2.685578,0.0,0.0,0.0,0.2498906144918635
4994,1791269182327411022,15115260698724,53.833554761000414,primary_goal,8.6753022,18.9734347,2.685578,0.0,0.0,0.0,0.2498906144918635
4995,1791269182337425908,15115270969528,53.84382556499986,primary_goal,8.6753022,18.9734347,2.685578,0.0,0.0,0.0,0.2498906144918635
4996,1791269182347427786,15115280916285,53.85377232200153,primary_goal,8.6753022,18.9734347,2.685578,0.0,0.0,0.0,0.2498906144918635
4997,1791269182357508682,15115291456258,53.86431229500158,primary_goal,8.6753022,18.9734347,2.685578,0.0,0.0,0.0,0.2498906144918635
4998,1791269182367481638,15115301367638,53.874223675000394,primary_goal,8.6753022,18.9734347,2.685578,0.0,0.0,0.0,0.2498906144918635
4999,1791269182377433787,15115311035668,53.88389170500159,primary_goal,8.6753022,18.9734347,2.685578,0.0,0.0,0.0,0.2498906144918635
5000,1791269182387453836,15115321150449,53.89400648599985,primary_goal,8.6753022,18.9734347,2.685578,0.0,0.0,0.0,0.2498906144918635
5001,1791269182397446504,15115331075869,53.90393190600116,primary_goal,8.6753022,18.9734347,2.685578,0.0,0.0,0.0,0.2498906144918635
5002,1791269182407400917,15115340675354,53.913531391001015,primary_goal,8.6753022,18.9734347,2.685578,0.0,0.0,0.0,0.2498906144918635
5003,1791269182417411592,15115350882765,53.923738802001026,primary_goal,8.6753022,18.9734347,2.685578,0.0,0.0,0.0,0.2498906144918635
5004,1791269182427457563,15115361600273,53.934456310000314,primary_goal,8.6753022,18.9734347,2.685578,0.0,0.0,0.0,0.2498906144918635
5005,1791269182437472759,15115371287879,53.94414391600003,primary_goal,8.6753022,18.9734347,2.685578,0.0,0.0,0.0,0.2498906144918635
5006,1791269182447462323,15115381078013,53.95393405000141,primary_goal,8.6753022,18.9734347,2.685578,0.0,0.0,0.0,0.2498906144918635
5007,1791269182457431615,15115390970461,53.963826498000344,primary_goal,8.6753022,18.9734347,2.685578,0.0,0.0,0.0,0.2498906144918635
5008,1791269182467416698,15115401029581,53.97388561800108,primary_goal,8.6753022,18.9734347,2.685578,0.0,0.0,0.0,0.2498906144918635
5009,1791269182477451134,15115411023747,53.98387978400024,primary_goal,8.6753022,18.9734347,2.685578,0.0,0.0,0.0,0.2498906144918635
5010,1791269182487466581,15115421227449,53.99408348600082,primary_goal,8.6753022,18.9734347,2.685578,0.0,0.0,0.0,0.2498906144918635
5011,1791269182497392358,15115430990757,54.00384679400122,primary_goal,8.6753022,18.9734347,2.685578,0.0,0.0,0.0,0.2498906144918635
5012,1791269182507388753,15115440710232,54.013566269000876,primary_goal,8.6753022,18.9734347,2.685578,0.0,0.0,0.0,0.2498906144918635
5013,1791269182517365392,15115450628212,54.02348424900083,primary_goal,8.6753022,18.9734347,2.685578,0.0,0.0,0.0,0.2498906144918635
5014,1791269182527364545,15115461049081,54.03390511799989,primary_goal,8.6753022,18.9734347,2.685578,0.0,0.0,0.0,0.2498906144918635
5015,1791269182537452660,15115471536136,54.04439217300023,primary_goal,8.6753022,18.9734347,2.685578,0.0,0.0,0.0,0.2498906144918635
5016,1791269182547483953,15115481568051,54.054424088000815,primary_goal,8.6753022,18.9734347,2.685578,0.0,0.0,0.0,0.2498906144918635
5017,1791269182557428693,15115491591261,54.06444729800023,primary_goal,8.6753022,18.9734347,2.685578,0.0,0.0,0.0,0.2498906144918635
5018,1791269182567476123,15115501417755,54.074273792000895,primary_goal,8.6753022,18.9734347,2.685578,0.0,0.0,0.0,0.2498906144918635
5019,1791269182577510045,15115511250713,54.0841067500005,primary_goal,8.6753022,18.9734347,2.685578,0.0,0.0,0.0,0.2498906144918635
5020,1791269182587417190,15115521717385,54.094573422000394,primary_goal,8.6753022,18.9734347,2.685578,0.0,0.0,0.0,0.2498906144918635
5021,1791269182597378600,15115530897312,54.103753349001636,primary_goal,8.6753022,18.9734347,2.685578,0.0,0.0,0.0,0.2498906144918635
5022,1791269182607390757,15115540655033,54.11351107000155,primary_goal,8.6753022,18.9734347,2.685578,0.0,0.0,0.0,0.2498906144918635
5023,1791269182617395578,15115550737090,54.12359312700028,primary_goal,8.6753022,18.9734347,2.685578,0.0,0.0,0.0,0.2498906144918635
5024,1791269182627383593,15115560645597,54.13350163399991,primary_goal,8.6753022,18.9734347,2.685578,0.0,0.0,0.0,0.2498906144918635
5025,1791269182637369825,15115570822419,54.143678456001,primary_goal,8.6753022,18.9734347,2.685578,0.0,0.0,0.0,0.2498906144918635
5026,1791269182647530830,15115581586018,54.15444205499989,primary_goal,8.6753022,18.9734347,2.685578,0.0,0.0,0.0,0.2498906144918635
5027,1791269182657483866,15115591330788,54.1641868250008,primary_goal,8.6753022,18.9734347,2.685578,0.0,0.0,0.0,0.2498906144918635
5028,1791269182667427244,15115601198877,54.17405491400132,primary_goal,8.6753022,18.9734347,2.685578,0.0,0.0,0.0,0.2498906144918635
5029,1791269182677411587,15115611248361,54.18410439800027,primary_goal,8.6753022,18.9734347,2.685578,0.0,0.0,0.0,0.2498906144918635
5030,1791269182687516628,15115621735944,54.194591981000485,primary_goal,8.6753022,18.9734347,2.685578,0.0,0.0,0.0,0.2498906144918635
5031,1791269182697557073,15115631556879,54.204412916000365,primary_goal,8.6753022,18.9734347,2.685578,0.0,0.0,0.0,0.2498906144918635
5032,1791269182707377045,15115640729243,54.21358528000019,primary_goal,8.6753022,18.9734347,2.685578,0.0,0.0,0.0,0.2498906144918635
5033,1791269182717376572,15115650591269,54.22344730600162,primary_goal,8.6753022,18.9734347,2.685578,0.0,0.0,0.0,0.2498906144918635
5034,1791269182727373270,15115660597955,54.23345399200116,primary_goal,8.6753022,18.9734347,2.685578,0.0,0.0,0.0,0.2498906144918635
5035,1791269182737437437,15115671037244,54.243893281000055,primary_goal,8.6753022,18.9734347,2.685578,0.0,0.0,0.0,0.2498906144918635
5036,1791269182747440288,15115681178693,54.25403473000006,primary_goal,8.6753022,18.9734347,2.685578,0.0,0.0,0.0,0.2498906144918635
5037,1791269182757470828,15115691127300,54.263983337001264,primary_goal,8.6753022,18.9734347,2.685578,0.0,0.0,0.0,0.2498906144918635
5038,1791269182767425470,15115701162560,54.274018597001486,primary_goal,8.6753022,18.9734347,2.685578,0.0,0.0,0.0,0.2498906144918635
5039,1791269182777421385,15115711723499,54.28457953600082,primary_goal,8.6753022,18.9734347,2.685578,0.0,0.0,0.0,0.2498906144918635
5040,1791269182787447442,15115721372341,54.29422837800121,primary_goal,8.6753022,18.9734347,2.685578,0.0,0.0,0.0,0.2498906144918635
5041,1791269182797413750,15115731127905,54.30398394200165,primary_goal,8.6753022,18.9734347,2.685578,0.0,0.0,0.0,0.2498906144918635
5042,1791269182807365345,15115740659772,54.31351580900082,primary_goal,8.6753022,18.9734347,2.685578,0.0,0.0,0.0,0.2498906144918635
5043,1791269182817360245,15115750439011,54.323295048001455,primary_goal,8.6753022,18.9734347,2.685578,0.0,0.0,0.0,0.2498906144918635
5044,1791269182827474457,15115761273837,54.33412987400152,primary_goal,8.6753022,18.9734347,2.685578,0.0,0.0,0.0,0.2498906144918635
5045,1791269182837364236,15115770663451,54.34351948800031,primary_goal,8.6753022,18.9734347,2.685578,0.0,0.0,0.0,0.2498906144918635
5046,1791269182847384705,15115780955937,54.353811974000564,primary_goal,8.6753022,18.9734347,2.685578,0.0,0.0,0.0,0.2498906144918635
5047,1791269182857388653,15115791194916,54.364050953001424,primary_goal,8.6753022,18.9734347,2.685578,0.0,0.0,0.0,0.2498906144918635
5048,1791269182867398290,15115801298629,54.37415466600032,primary_goal,8.6753022,18.9734347,2.685578,0.0,0.0,0.0,0.2498906144918635
5049,1791269182877426125,15115811040151,54.38389618800102,primary_goal,8.6753022,18.9734347,2.685578,0.0,0.0,0.0,0.2498906144918635
5050,1791269182887461252,15115821825933,54.39468197000133,primary_goal,8.6753022,18.9734347,2.685578,0.0,0.0,0.0,0.2498906144918635
5051,1791269182897419020,15115831219896,54.40407593300006,primary_goal,8.6753022,18.9734347,2.685578,0.0,0.0,0.0,0.2498906144918635
5052,1791269182907364131,15115841020650,54.413876687000084,primary_goal,8.6753022,18.9734347,2.685578,0.0,0.0,0.0,0.2498906144918635
5053,1791269182917383850,15115850543930,54.42339996700139,primary_goal,8.6753022,18.9734347,2.685578,0.0,0.0,0.0,0.2498906144918635
5054,1791269182927375179,15115860621656,54.433477693000896,primary_goal,8.6753022,18.9734347,2.685578,0.0,0.0,0.0,0.2498906144918635
5055,1791269182937418300,15115870902490,54.44375852700068,primary_goal,8.6753022,18.9734347,2.685578,0.0,0.0,0.0,0.2498906144918635
5056,1791269182947419957,15115880977808,54.45383384500019,primary_goal,8.6753022,18.9734347,2.685578,0.0,0.0,0.0,0.2498906144918635
5057,1791269182957485944,15115891293753,54.4641497900011,primary_goal,8.6753022,18.9734347,2.685578,0.0,0.0,0.0,0.2498906144918635
5058,1791269182967452139,15115901289637,54.47414567400119,primary_goal,8.6753022,18.9734347,2.685578,0.0,0.0,0.0,0.2498906144918635
5059,1791269182977421971,15115910908004,54.48376404100054,primary_goal,8.6753022,18.9734347,2.685578,0.0,0.0,0.0,0.2498906144918635
5060,1791269182987548504,15115921423944,54.494279981001455,primary_goal,8.6753022,18.9734347,2.685578,0.0,0.0,0.0,0.2498906144918635
5061,1791269182997401266,15115930956221,54.503812258000835,primary_goal,8.6753022,18.9734347,2.685578,0.0,0.0,0.0,0.2498906144918635
5062,1791269183007373397,15115940683622,54.51353965900125,primary_goal,8.6753022,18.9734347,2.685578,0.0,0.0,0.0,0.2498906144918635
5063,1791269183017346874,15115950519827,54.52337586400063,primary_goal,8.6753022,18.9734347,2.685578,0.0,0.0,0.0,0.2498906144918635
5064,1791269183027363734,15115960516949,54.53337298600127,primary_goal,8.6753022,18.9734347,2.685578,0.0,0.0,0.0,0.2498906144918635
5065,1791269183037395475,15115970657952,54.54351398900144,primary_goal,8.6753022,18.9734347,2.685578,0.0,0.0,0.0,0.2498906144918635
5066,1791269183047414228,15115981224726,54.55408076300046,primary_goal,8.6753022,18.9734347,2.685578,0.0,0.0,0.0,0.2498906144918635
5067,1791269183057402652,15115990928482,54.563784519001274,primary_goal,8.6753022,18.9734347,2.685578,0.0,0.0,0.0,0.2498906144918635
5068,1791269183067372019,15116000677833,54.573533870001484,primary_goal,8.6753022,18.9734347,2.685578,0.0,0.0,0.0,0.2498906144918635
5069,1791269183077350118,15116010519894,54.583375931000774,primary_goal,8.6753022,18.9734347,2.685578,0.0,0.0,0.0,0.2498906144918635
5070,1791269183087386776,15116021024629,54.593880666001496,primary_goal,8.6753022,18.9734347,2.685578,0.0,0.0,0.0,0.2498906144918635
5071,1791269183097386522,15116031070958,54.60392699500153,primary_goal,8.6753022,18.9734347,2.685578,0.0,0.0,0.0,0.2498906144918635
5072,1791269183107351655,15116040666954,54.613522991001446,primary_goal,8.6753022,18.9734347,2.685578,0.0,0.0,0.0,0.2498906144918635
5073,1791269183117361160,15116050502192,54.62335822900059,primary_goal,8.6753022,18.9734347,2.685578,0.0,0.0,0.0,0.2498906144918635
5074,1791269183127441311,15116061163146,54.63401918300042,primary_goal,8.6753022,18.9734347,2.685578,0.0,0.0,0.0,0.2498906144918635
5075,1791269183137415037,15116071530399,54.64438643600079,primary_goal,8.6753022,18.9734347,2.685578,0.0,0.0,0.0,0.2498906144918635
5076,1791269183147430657,15116081570213,54.65442625000105,primary_goal,8.6753022,18.9734347,2.685578,0.0,0.0,0.0,0.2498906144918635
5077,1791269183157466502,15116091488309,54.6643443460016,primary_goal,8.6753022,18.9734347,2.685578,0.0,0.0,0.0,0.2498906144918635
5078,1791269183167466489,15116101469932,54.674325969001075,primary_goal,8.6753022,18.9734347,2.685578,0.0,0.0,0.0,0.2498906144918635
5079,1791269183177476996,15116111623371,54.6844794080007,primary_goal,8.6753022,18.9734347,2.685578,0.0,0.0,0.0,0.2498906144918635
5080,1791269183187388793,15116121746875,54.694602912000846,primary_goal,8.6753022,18.9734347,2.685578,0.0,0.0,0.0,0.2498906144918635
5081,1791269183197392468,15116131014273,54.70387031000064,primary_goal,8.6753022,18.9734347,2.685578,0.0,0.0,0.0,0.2498906144918635
5082,1791269183207398790,15116140637401,54.713493438001024,primary_goal,8.6753022,18.9734347,2.685578,0.0,0.0,0.0,0.2498906144918635
5083,1791269183217378663,15116150548594,54.72340463100045,primary_goal,8.6753022,18.9734347,2.685578,0.0,0.0,0.0,0.2498906144918635
5084,1791269183227383532,15116160484082,54.733340119000786,primary_goal,8.6753022,18.9734347,2.685578,0.0,0.0,0.0,0.2498906144918635
5085,1791269183237397835,15116170858593,54.743714629999886,primary_goal,8.6753022,18.9734347,2.685578,0.0,0.0,0.0,0.2498906144918635
5086,1791269183247415563,15116180977693,54.75383373000113,primary_goal,8.6753022,18.9734347,2.685578,0.0,0.0,0.0,0.2498906144918635
5087,1791269183257432924,15116191181412,54.76403744900017,primary_goal,8.6753022,18.9734347,2.685578,0.0,0.0,0.0,0.2498906144918635
5088,1791269183267464474,15116201392573,54.77424861000145,primary_goal,8.6753022,18.9734347,2.685578,0.0,0.0,0.0,0.2498906144918635
5089,1791269183277420841,15116211140291,54.783996328000285,primary_goal,8.6753022,18.9734347,2.685578,0.0,0.0,0.0,0.2498906144918635
5090,1791269183287440869,15116221216123,54.794072160000724,primary_goal,8.6753022,18.9734347,2.685578,0.0,0.0,0.0,0.2498906144918635
5091,1791269183297369965,15116230925929,54.803781966000315,primary_goal,8.6753022,18.9734347,2.685578,0.0,0.0,0.0,0.2498906144918635
5092,1791269183307351841,15116240521135,54.8133771720004,primary_goal,8.6753022,18.9734347,2.685578,0.0,0.0,0.0,0.2498906144918635
5093,1791269183317384762,15116250669427,54.82352546400034,primary_goal,8.6753022,18.9734347,2.685578,0.0,0.0,0.0,0.2498906144918635
5094,1791269183327381115,15116261011413,54.83386745000098,primary_goal,8.6753022,18.9734347,2.685578,0.0,0.0,0.0,0.2498906144918635
5095,1791269183337476004,15116271351000,54.84420703700016,primary_goal,8.6753022,18.9734347,2.685578,0.0,0.0,0.0,0.2498906144918635
5096,1791269183347429268,15116281491726,54.85434776300099,primary_goal,8.6753022,18.9734347,2.685578,0.0,0.0,0.0,0.2498906144918635
5097,1791269183357515992,15116291672488,54.86452852500042,primary_goal,8.6753022,18.9734347,2.685578,0.0,0.0,0.0,0.2498906144918635
5098,1791269183367509349,15116301623702,54.87447973900089,primary_goal,8.6753022,18.9734347,2.685578,0.0,0.0,0.0,0.2498906144918635
5099,1791269183377399202,15116311313794,54.88416983100069,primary_goal,8.6753022,18.9734347,2.685578,0.0,0.0,0.0,0.2498906144918635
5100,1791269183387632559,15116321823354,54.894679390999954,primary_goal,8.6753022,18.9734347,2.685578,0.0,0.0,0.0,0.2498906144918635
5101,1791269183397401702,15116330999105,54.903855141999884,primary_goal,8.6753022,18.9734347,2.685578,0.0,0.0,0.0,0.2498906144918635
5102,1791269183407394768,15116340911600,54.913767637001,primary_goal,8.6753022,18.9734347,2.685578,0.0,0.0,0.0,0.2498906144918635
5103,1791269183417352769,15116350561994,54.92341803100135,primary_goal,8.6753022,18.9734347,2.685578,0.0,0.0,0.0,0.2498906144918635
5104,1791269183427464876,15116360742226,54.93359826300002,primary_goal,8.6753022,18.9734347,2.685578,0.0,0.0,0.0,0.2498906144918635
5105,1791269183437477986,15116370904951,54.94376098800058,primary_goal,8.6753022,18.9734347,2.685578,0.0,0.0,0.0,0.2498906144918635
5106,1791269183447406239,15116381067322,54.95392335900033,primary_goal,8.6753022,18.9734347,2.685578,0.0,0.0,0.0,0.2498906144918635
5107,1791269183457409828,15116390978272,54.96383430900096,primary_goal,8.6753022,18.9734347,2.685578,0.0,0.0,0.0,0.2498906144918635
5108,1791269183467457486,15116401370088,54.97422612500122,primary_goal,8.6753022,18.9734347,2.685578,0.0,0.0,0.0,0.2498906144918635
5109,1791269183477477040,15116411336219,54.984192256000824,primary_goal,8.6753022,18.9734347,2.685578,0.0,0.0,0.0,0.2498906144918635
5110,1791269183487442350,15116421740782,54.994596819000435,primary_goal,8.6753022,18.9734347,2.685578,0.0,0.0,0.0,0.2498906144918635
5111,1791269183497394641,15116431107025,55.003963062001276,primary_goal,8.6753022,18.9734347,2.685578,0.0,0.0,0.0,0.2498906144918635
5112,1791269183507358101,15116440855197,55.01371123399986,primary_goal,8.6753022,18.9734347,2.685578,0.0,0.0,0.0,0.2498906144918635
5113,1791269183517464239,15116450893796,55.02374983300069,primary_goal,8.6753022,18.9734347,2.685578,0.0,0.0,0.0,0.2498906144918635
5114,1791269183527461664,15116460847031,55.03370306800025,primary_goal,8.6753022,18.9734347,2.685578,0.0,0.0,0.0,0.2498906144918635
5115,1791269183537480361,15116470832210,55.04368824700032,primary_goal,8.6753022,18.9734347,2.685578,0.0,0.0,0.0,0.2498906144918635
5116,1791269183547503798,15116481114295,55.05397033200097,primary_goal,8.6753022,18.9734347,2.685578,0.0,0.0,0.0,0.2498906144918635
5117,1791269183557440429,15116491241191,55.06409722800163,primary_goal,8.6753022,18.9734347,2.685578,0.0,0.0,0.0,0.2498906144918635
5118,1791269183567404488,15116500910617,55.07376665400079,primary_goal,8.6753022,18.9734347,2.685578,0.0,0.0,0.0,0.2498906144918635
5119,1791269183577403524,15116510953010,55.083809047000614,primary_goal,8.6753022,18.9734347,2.685578,0.0,0.0,0.0,0.2498906144918635
5120,1791269183587440182,15116521291671,55.0941477080014,primary_goal,8.6753022,18.9734347,2.685578,0.0,0.0,0.0,0.2498906144918635
5121,1791269183597402979,15116531491772,55.10434780900141,primary_goal,8.6753022,18.9734347,2.685578,0.0,0.0,0.0,0.2498906144918635
5122,1791269183607353407,15116540629603,55.11348564000036,primary_goal,8.6753022,18.9734347,2.685578,0.0,0.0,0.0,0.2498906144918635
5123,1791269183617474199,15116550884256,55.12374029300008,primary_goal,8.6753022,18.9734347,2.685578,0.0,0.0,0.0,0.2498906144918635
5124,1791269183627353273,15116560631479,55.13348751600097,primary_goal,8.6753022,18.9734347,2.685578,0.0,0.0,0.0,0.2498906144918635
5125,1791269183637481515,15116570860143,55.14371618000041,primary_goal,8.6753022,18.9734347,2.685578,0.0,0.0,0.0,0.2498906144918635
5126,1791269183647394237,15116581105647,55.15396168400002,primary_goal,8.6753022,18.9734347,2.685578,0.0,0.0,0.0,0.2498906144918635
5127,1791269183657417560,15116591575511,55.16443154800072,primary_goal,8.6753022,18.9734347,2.685578,0.0,0.0,0.0,0.2498906144918635
5128,1791269183667456909,15116601461300,55.17431733700141,primary_goal,8.6753022,18.9734347,2.685578,0.0,0.0,0.0,0.2498906144918635
5129,1791269183677406104,15116611046186,55.183902223001496,primary_goal,8.6753022,18.9734347,2.685578,0.0,0.0,0.0,0.2498906144918635
5130,1791269183687441674,15116621205671,55.194061707999936,primary_goal,8.6753022,18.9734347,2.685578,0.0,0.0,0.0,0.2498906144918635
5131,1791269183697379179,15116630958337,55.20381437400101,primary_goal,8.6753022,18.9734347,2.685578,0.0,0.0,0.0,0.2498906144918635
5132,1791269183707351683,15116640603954,55.21345999100049,primary_goal,8.6753022,18.9734347,2.685578,0.0,0.0,0.0,0.2498906144918635
5133,1791269183717449993,15116650763387,55.2236194240013,primary_goal,8.6753022,18.9734347,2.685578,0.0,0.0,0.0,0.2498906144918635
5134,1791269183727456534,15116660781078,55.23363711500133,primary_goal,8.6753022,18.9734347,2.685578,0.0,0.0,0.0,0.2498906144918635
5135,1791269183737483994,15116671020574,55.243876611000815,primary_goal,8.6753022,18.9734347,2.685578,0.0,0.0,0.0,0.2498906144918635
5136,1791269183747500459,15116681166145,55.25402218199997,primary_goal,8.6753022,18.9734347,2.685578,0.0,0.0,0.0,0.2498906144918635
5137,1791269183757431438,15116691287241,55.26414327800012,primary_goal,8.6753022,18.9734347,2.685578,0.0,0.0,0.0,0.2498906144918635
5138,1791269183767455082,15116701441482,55.274297519001266,primary_goal,8.6753022,18.9734347,2.685578,0.0,0.0,0.0,0.2498906144918635
5139,1791269183777459619,15116711021094,55.283877131001645,primary_goal,8.6753022,18.9734347,2.685578,0.0,0.0,0.0,0.2498906144918635
5140,1791269183787450975,15116721655032,55.2945110690016,primary_goal,8.6753022,18.9734347,2.685578,0.0,0.0,0.0,0.2498906144918635
5141,1791269183797387090,15116730902110,55.303758147001645,primary_goal,8.6753022,18.9734347,2.685578,0.0,0.0,0.0,0.2498906144918635
5142,1791269183807346166,15116740510736,55.31336677299987,primary_goal,8.6753022,18.9734347,2.685578,0.0,0.0,0.0,0.2498906144918635
5143,1791269183817394197,15116750672122,55.32352815900049,primary_goal,8.6753022,18.9734347,2.685578,0.0,0.0,0.0,0.2498906144918635
5144,1791269183827480337,15116761229068,55.33408510500158,primary_goal,8.6753022,18.9734347,2.685578,0.0,0.0,0.0,0.2498906144918635
5145,1791269183837534629,15116771465270,55.34432130700043,primary_goal,8.6753022,18.9734347,2.685578,0.0,0.0,0.0,0.2498906144918635
5146,1791269183847374730,15116780980408,55.353836445001434,primary_goal,8.6753022,18.9734347,2.685578,0.0,0.0,0.0,0.2498906144918635
5147,1791269183857361857,15116790932558,55.3637885950011,primary_goal,8.6753022,18.9734347,2.685578,0.0,0.0,0.0,0.2498906144918635
5148,1791269183867456511,15116801445691,55.37430172800123,primary_goal,8.6753022,18.9734347,2.685578,0.0,0.0,0.0,0.2498906144918635
5149,1791269183877418028,15116811110490,55.383966527000666,primary_goal,8.6753022,18.9734347,2.685578,0.0,0.0,0.0,0.2498906144918635
5150,1791269183887464549,15116821765673,55.39462171000014,primary_goal,8.6753022,18.9734347,2.685578,0.0,0.0,0.0,0.2498906144918635
5151,1791269183897371372,15116831176287,55.40403232400058,primary_goal,8.6753022,18.9734347,2.685578,0.0,0.0,0.0,0.2498906144918635
5152,1791269183907355677,15116840800311,55.413656348000586,primary_goal,8.6753022,18.9734347,2.685578,0.0,0.0,0.0,0.2498906144918635
5153,1791269183917448761,15116850817735,55.42367377200026,primary_goal,8.6753022,18.9734347,2.685578,0.0,0.0,0.0,0.2498906144918635
5154,1791269183927446783,15116860830780,55.43368681700122,primary_goal,8.6753022,18.9734347,2.685578,0.0,0.0,0.0,0.2498906144918635
5155,1791269183937474091,15116870916383,55.44377242000155,primary_goal,8.6753022,18.9734347,2.685578,0.0,0.0,0.0,0.2498906144918635
5156,1791269183947390299,15116881124052,55.45398008900156,primary_goal,8.6753022,18.9734347,2.685578,0.0,0.0,0.0,0.2498906144918635
5157,1791269183957496702,15116891240521,55.464096558000165,primary_goal,8.6753022,18.9734347,2.685578,0.0,0.0,0.0,0.2498906144918635
5158,1791269183967452212,15116901403923,55.47425996000129,primary_goal,8.6753022,18.9734347,2.685578,0.0,0.0,0.0,0.2498906144918635
5159,1791269183977426024,15116911099966,55.48395600300137,primary_goal,8.6753022,18.9734347,2.685578,0.0,0.0,0.0,0.2498906144918635
5160,1791269183987527813,15116921892785,55.494748822000474,primary_goal,8.6753022,18.9734347,2.685578,0.0,0.0,0.0,0.2498906144918635
5161,1791269183997397995,15116931129446,55.50398548300109,primary_goal,8.6753022,18.9734347,2.685578,0.0,0.0,0.0,0.2498906144918635
5162,1791269184007355155,15116940582924,55.51343896100116,primary_goal,8.6753022,18.9734347,2.685578,0.0,0.0,0.0,0.2498906144918635
5163,1791269184017355025,15116950559922,55.523415958999976,primary_goal,8.6753022,18.9734347,2.685578,0.0,0.0,0.0,0.2498906144918635
5164,1791269184027485440,15116961203470,55.534059507001075,primary_goal,8.6753022,18.9734347,2.685578,0.0,0.0,0.0,0.2498906144918635
5165,1791269184037464588,15116971215969,55.54407200600144,primary_goal,8.6753022,18.9734347,2.685578,0.0,0.0,0.0,0.2498906144918635
5166,1791269184047367320,15116981110251,55.55396628800008,primary_goal,8.6753022,18.9734347,2.685578,0.0,0.0,0.0,0.2498906144918635
5167,1791269184057426835,15116991191913,55.56404795000162,primary_goal,8.6753022,18.9734347,2.685578,0.0,0.0,0.0,0.2498906144918635
5168,1791269184067388079,15117001365657,55.57422169400161,primary_goal,8.6753022,18.9734347,2.685578,0.0,0.0,0.0,0.2498906144918635
5169,1791269184077403599,15117010958980,55.583815017000234,primary_goal,8.6753022,18.9734347,2.685578,0.0,0.0,0.0,0.2498906144918635
5170,1791269184087480049,15117021341081,55.59419711800001,primary_goal,8.6753022,18.9734347,2.685578,0.0,0.0,0.0,0.2498906144918635
5171,1791269184097369151,15117030782006,55.60363804300141,primary_goal,8.6753022,18.9734347,2.685578,0.0,0.0,0.0,0.2498906144918635
5172,1791269184107342182,15117040622552,55.613478589000806,primary_goal,8.6753022,18.9734347,2.685578,0.0,0.0,0.0,0.2498906144918635
5173,1791269184117347024,15117050927394,55.62378343100136,primary_goal,8.6753022,18.9734347,2.685578,0.0,0.0,0.0,0.2498906144918635
5174,1791269184127378896,15117061145655,55.63400169200031,primary_goal,8.6753022,18.9734347,2.685578,0.0,0.0,0.0,0.2498906144918635
5175,1791269184137398563,15117071454780,55.64431081700059,primary_goal,8.6753022,18.9734347,2.685578,0.0,0.0,0.0,0.2498906144918635
5176,1791269184147405177,15117081163538,55.65401957500035,primary_goal,8.6753022,18.9734347,2.685578,0.0,0.0,0.0,0.2498906144918635
5177,1791269184157437476,15117091869529,55.664725566000925,primary_goal,8.6753022,18.9734347,2.685578,0.0,0.0,0.0,0.2498906144918635
5178,1791269184167417430,15117101584966,55.67444100300054,primary_goal,8.6753022,18.9734347,2.685578,0.0,0.0,0.0,0.2498906144918635
5179,1791269184177422540,15117111219479,55.68407551600103,primary_goal,8.6753022,18.9734347,2.685578,0.0,0.0,0.0,0.2498906144918635
5180,1791269184187430581,15117121801456,55.694657493000705,primary_goal,8.6753022,18.9734347,2.685578,0.0,0.0,0.0,0.2498906144918635
5181,1791269184197360643,15117130998723,55.70385476000047,primary_goal,8.6753022,18.9734347,2.685578,0.0,0.0,0.0,0.2498906144918635
5182,1791269184207344765,15117140574701,55.71343073800017,primary_goal,8.6753022,18.9734347,2.685578,0.0,0.0,0.0,0.2498906144918635
5183,1791269184217335847,15117150585852,55.72344188900024,primary_goal,8.6753022,18.9734347,2.685578,0.0,0.0,0.0,0.2498906144918635
5184,1791269184227345738,15117160975947,55.73383198400006,primary_goal,8.6753022,18.9734347,2.685578,0.0,0.0,0.0,0.2498906144918635
5185,1791269184237360643,15117170956457,55.74381249399994,primary_goal,8.6753022,18.9734347,2.685578,0.0,0.0,0.0,0.2498906144918635
5186,1791269184247420226,15117181368795,55.754224832000546,primary_goal,8.6753022,18.9734347,2.685578,0.0,0.0,0.0,0.2498906144918635
5187,1791269184257493295,15117191637572,55.764493609000056,primary_goal,8.6753022,18.9734347,2.685578,0.0,0.0,0.0,0.2498906144918635
5188,1791269184267455512,15117201773409,55.7746294460012,primary_goal,8.6753022,18.9734347,2.685578,0.0,0.0,0.0,0.2498906144918635
5189,1791269184277398826,15117210931712,55.78378774900011,primary_goal,8.6753022,18.9734347,2.685578,0.0,0.0,0.0,0.2498906144918635
5190,1791269184287421820,15117221326794,55.79418283100131,primary_goal,8.6753022,18.9734347,2.685578,0.0,0.0,0.0,0.2498906144918635
5191,1791269184297370819,15117230876493,55.80373253000107,primary_goal,8.6753022,18.9734347,2.685578,0.0,0.0,0.0,0.2498906144918635
5192,1791269184307347366,15117240621975,55.813478011999905,primary_goal,8.6753022,18.9734347,2.685578,0.0,0.0,0.0,0.2498906144918635
5193,1791269184317375163,15117251081807,55.82393784400119,primary_goal,8.6753022,18.9734347,2.685578,0.0,0.0,0.0,0.2498906144918635
5194,1791269184327333178,15117261081334,55.8339373710005,primary_goal,8.6753022,18.9734347,2.685578,0.0,0.0,0.0,0.2498906144918635
5195,1791269184337381810,15117271354568,55.844210605000626,primary_goal,8.6753022,18.9734347,2.685578,0.0,0.0,0.0,0.2498906144918635
5196,1791269184347422275,15117281574395,55.8544304320003,primary_goal,8.6753022,18.9734347,2.685578,0.0,0.0,0.0,0.2498906144918635
5197,1791269184357520505,15117291674266,55.86453030300072,primary_goal,8.6753022,18.9734347,2.685578,0.0,0.0,0.0,0.2498906144918635
5198,1791269184367399531,15117301301231,55.874157268001,primary_goal,8.6753022,18.9734347,2.685578,0.0,0.0,0.0,0.2498906144918635
5199,1791269184377399851,15117311072095,55.88392813200153,primary_goal,8.6753022,18.9734347,2.685578,0.0,0.0,0.0,0.2498906144918635
5200,1791269184387425382,15117321735647,55.89459168400026,primary_goal,8.6753022,18.9734347,2.685578,0.0,0.0,0.0,0.2498906144918635
5201,1791269184397385643,15117330982346,55.90383838300113,primary_goal,8.6753022,18.9734347,2.685578,0.0,0.0,0.0,0.2498906144918635
5202,1791269184407348503,15117340626275,55.91348231200027,primary_goal,8.6753022,18.9734347,2.685578,0.0,0.0,0.0,0.2498906144918635
5203,1791269184417456280,15117351114418,55.92397045500002,primary_goal,8.6753022,18.9734347,2.685578,0.0,0.0,0.0,0.2498906144918635
5204,1791269184427473132,15117361115815,55.93397185200047,primary_goal,8.6753022,18.9734347,2.685578,0.0,0.0,0.0,0.2498906144918635
5205,1791269184437352247,15117371065514,55.94392155100104,primary_goal,8.6753022,18.9734347,2.685578,0.0,0.0,0.0,0.2498906144918635
5206,1791269184447391243,15117380964993,55.95382103000156,primary_goal,8.6753022,18.9734347,2.685578,0.0,0.0,0.0,0.2498906144918635
5207,1791269184457367563,15117391317307,55.9641733440003,primary_goal,8.6753022,18.9734347,2.685578,0.0,0.0,0.0,0.2498906144918635
5208,1791269184467480070,15117401653846,55.97450988300079,primary_goal,8.6753022,18.9734347,2.685578,0.0,0.0,0.0,0.2498906144918635
5209,1791269184477430181,15117411412182,55.984268219001024,primary_goal,8.6753022,18.9734347,2.685578,0.0,0.0,0.0,0.2498906144918635
5210,1791269184487452834,15117421815720,55.994671757000106,primary_goal,8.6753022,18.9734347,2.685578,0.0,0.0,0.0,0.2498906144918635
5211,1791269184497388124,15117430929479,56.00378551600079,primary_goal,8.6753022,18.9734347,2.685578,0.0,0.0,0.0,0.2498906144918635
5212,1791269184507345876,15117440706772,56.01356280900109,primary_goal,8.6753022,18.9734347,2.685578,0.0,0.0,0.0,0.2498906144918635
5213,1791269184517362734,15117450670057,56.02352609400077,primary_goal,8.6753022,18.9734347,2.685578,0.0,0.0,0.0,0.2498906144918635
5214,1791269184527351743,15117460569292,56.03342532900024,primary_goal,8.6753022,18.9734347,2.685578,0.0,0.0,0.0,0.2498906144918635
5215,1791269184537339531,15117470702358,56.04355839500022,primary_goal,8.6753022,18.9734347,2.685578,0.0,0.0,0.0,0.2498906144918635
5216,1791269184547362722,15117480817538,56.053673575001085,primary_goal,8.6753022,18.9734347,2.685578,0.0,0.0,0.0,0.2498906144918635
5217,1791269184557497030,15117491061924,56.0639179610007,primary_goal,8.6753022,18.9734347,2.685578,0.0,0.0,0.0,0.2498906144918635
5218,1791269184567395465,15117501133205,56.07398924200061,primary_goal,8.6753022,18.9734347,2.685578,0.0,0.0,0.0,0.2498906144918635
5219,1791269184577403829,15117511134241,56.08399027800078,primary_goal,8.6753022,18.9734347,2.685578,0.0,0.0,0.0,0.2498906144918635
5220,1791269184587434170,15117521409375,56.09426541200082,primary_goal,8.6753022,18.9734347,2.685578,0.0,0.0,0.0,0.2498906144918635
5221,1791269184597468393,15117531061244,56.103917281001486,primary_goal,8.6753022,18.9734347,2.685578,0.0,0.0,0.0,0.2498906144918635
5222,1791269184607350440,15117540704462,56.11356049900132,primary_goal,8.6753022,18.9734347,2.685578,0.0,0.0,0.0,0.2498906144918635
5223,1791269184617377192,15117550696872,56.123552909000864,primary_goal,8.6753022,18.9734347,2.685578,0.0,0.0,0.0,0.2498906144918635
5224,1791269184627342014,15117560534087,56.13339012400138,primary_goal,8.6753022,18.9734347,2.685578,0.0,0.0,0.0,0.2498906144918635
5225,1791269184637345096,15117570779876,56.14363591300025,primary_goal,8.6753022,18.9734347,2.685578,0.0,0.0,0.0,0.2498906144918635
5226,1791269184647369220,15117580984807,56.153840844001024,primary_goal,8.6753022,18.9734347,2.685578,0.0,0.0,0.0,0.2498906144918635
5227,1791269184657396859,15117591035923,56.16389196000091,primary_goal,8.6753022,18.9734347,2.685578,0.0,0.0,0.0,0.2498906144918635
5228,1791269184667442133,15117601722023,56.174578060001295,primary_goal,8.6753022,18.9734347,2.685578,0.0,0.0,0.0,0.2498906144918635
5229,1791269184677403495,15117611468706,56.184324743000616,primary_goal,8.6753022,18.9734347,2.685578,0.0,0.0,0.0,0.2498906144918635
5230,1791269184687371692,15117621177746,56.19403378300012,primary_goal,8.6753022,18.9734347,2.685578,0.0,0.0,0.0,0.2498906144918635
5231,1791269184697361732,15117630927172,56.2037832090009,primary_goal,8.6753022,18.9734347,2.685578,0.0,0.0,0.0,0.2498906144918635
5232,1791269184707443204,15117640669974,56.213526011000795,primary_goal,8.6753022,18.9734347,2.685578,0.0,0.0,0.0,0.2498906144918635
5233,1791269184717334863,15117650593411,56.22344944799988,primary_goal,8.6753022,18.9734347,2.685578,0.0,0.0,0.0,0.2498906144918635
5234,1791269184727351791,15117660611728,56.23346776500148,primary_goal,8.6753022,18.9734347,2.685578,0.0,0.0,0.0,0.2498906144918635
5235,1791269184737383209,15117670900119,56.24375615600002,primary_goal,8.6753022,18.9734347,2.685578,0.0,0.0,0.0,0.2498906144918635
5236,1791269184747486703,15117681112250,56.253968287001044,primary_goal,8.6753022,18.9734347,2.685578,0.0,0.0,0.0,0.2498906144918635
5237,1791269184757554820,15117691853830,56.26470986700042,primary_goal,8.6753022,18.9734347,2.685578,0.0,0.0,0.0,0.2498906144918635
5238,1791269184767404452,15117701343660,56.27419969699986,primary_goal,8.6753022,18.9734347,2.685578,0.0,0.0,0.0,0.2498906144918635
5239,1791269184777495980,15117711363737,56.28421977400103,primary_goal,8.6753022,18.9734347,2.685578,0.0,0.0,0.0,0.2498906144918635
5240,1791269184787384599,15117721121106,56.29397714300103,primary_goal,8.6753022,18.9734347,2.685578,0.0,0.0,0.0,0.2498906144918635
5241,1791269184797370595,15117730958729,56.30381476600087,primary_goal,8.6753022,18.9734347,2.685578,0.0,0.0,0.0,0.2498906144918635
5242,1791269184807325721,15117740614222,56.313470259001406,primary_goal,8.6753022,18.9734347,2.685578,0.0,0.0,0.0,0.2498906144918635
5243,1791269184817321622,15117750405763,56.32326180000018,primary_goal,8.6753022,18.9734347,2.685578,0.0,0.0,0.0,0.2498906144918635
5244,1791269184827416842,15117760956903,56.333812939999916,primary_goal,8.6753022,18.9734347,2.685578,0.0,0.0,0.0,0.2498906144918635
5245,1791269184837333656,15117770943426,56.34379946300032,primary_goal,8.6753022,18.9734347,2.685578,0.0,0.0,0.0,0.2498906144918635
5246,1791269184847373088,15117781064018,56.353920055000344,primary_goal,8.6753022,18.9734347,2.685578,0.0,0.0,0.0,0.2498906144918635
5247,1791269184857546335,15117791077947,56.36393398400105,primary_goal,8.6753022,18.9734347,2.685578,0.0,0.0,0.0,0.2498906144918635
5248,1791269184867364515,15117801123065,56.37397910200161,primary_goal,8.6753022,18.9734347,2.685578,0.0,0.0,0.0,0.2498906144918635
5249,1791269184877490825,15117811186220,56.384042257001056,primary_goal,8.6753022,18.9734347,2.685578,0.0,0.0,0.0,0.2498906144918635
5250,1791269184887447968,15117821511685,56.394367722001334,primary_goal,8.6753022,18.9734347,2.685578,0.0,0.0,0.0,0.2498906144918635
5251,1791269184897369115,15117831022067,56.40387810399989,primary_goal,8.6753022,18.9734347,2.685578,0.0,0.0,0.0,0.2498906144918635
5252,1791269184907328525,15117840552966,56.4134090030002,primary_goal,8.6753022,18.9734347,2.685578,0.0,0.0,0.0,0.2498906144918635
5253,1791269184917341375,15117850547006,56.4234030430016,primary_goal,8.6753022,18.9734347,2.685578,0.0,0.0,0.0,0.2498906144918635
5254,1791269184927310967,15117860515795,56.433371832001285,primary_goal,8.6753022,18.9734347,2.685578,0.0,0.0,0.0,0.2498906144918635
5255,1791269184937366920,15117870742354,56.443598391000705,primary_goal,8.6753022,18.9734347,2.685578,0.0,0.0,0.0,0.2498906144918635
5256,1791269184947485957,15117880984337,56.45384037400072,primary_goal,8.6753022,18.9734347,2.685578,0.0,0.0,0.0,0.2498906144918635
5257,1791269184957439265,15117891438277,56.464294314000654,primary_goal,8.6753022,18.9734347,2.685578,0.0,0.0,0.0,0.2498906144918635
5258,1791269184967386001,15117900867128,56.4737231650015,primary_goal,8.6753022,18.9734347,2.685578,0.0,0.0,0.0,0.2498906144918635
5259,1791269184977400268,15117911017182,56.48387321900009,primary_goal,8.6753022,18.9734347,2.685578,0.0,0.0,0.0,0.2498906144918635
5260,1791269184987452960,15117921349137,56.494205173999944,primary_goal,8.6753022,18.9734347,2.685578,0.0,0.0,0.0,0.2498906144918635
5261,1791269184997382910,15117931056393,56.50391243000013,primary_goal,8.6753022,18.9734347,2.685578,0.0,0.0,0.0,0.2498906144918635
5262,1791269185007323600,15117940588051,56.51344408800105,primary_goal,8.6753022,18.9734347,2.685578,0.0,0.0,0.0,0.2498906144918635
5263,1791269185017317665,15117950589541,56.523445578000974,primary_goal,8.6753022,18.9734347,2.685578,0.0,0.0,0.0,0.2498906144918635
5264,1791269185027418516,15117961013250,56.533869287000925,primary_goal,8.6753022,18.9734347,2.685578,0.0,0.0,0.0,0.2498906144918635
5265,1791269185037383752,15117971262184,56.544118221001554,primary_goal,8.6753022,18.9734347,2.685578,0.0,0.0,0.0,0.2498906144918635
5266,1791269185047394176,15117981124795,56.55398083200089,primary_goal,8.6753022,18.9734347,2.685578,0.0,0.0,0.0,0.2498906144918635
5267,1791269185057525653,15117991525666,56.564381703001345,primary_goal,8.6753022,18.9734347,2.685578,0.0,0.0,0.0,0.2498906144918635
5268,1791269185067439250,15118001367880,56.57422391700129,primary_goal,8.6753022,18.9734347,2.685578,0.0,0.0,0.0,0.2498906144918635
5269,1791269185077373067,15118011024483,56.58388052000009,primary_goal,8.6753022,18.9734347,2.685578,0.0,0.0,0.0,0.2498906144918635
5270,1791269185087359839,15118021440155,56.59429619200091,primary_goal,8.6753022,18.9734347,2.685578,0.0,0.0,0.0,0.2498906144918635
5271,1791269185097367382,15118031070023,56.60392606000096,primary_goal,8.6753022,18.9734347,2.685578,0.0,0.0,0.0,0.2498906144918635
5272,1791269185107336874,15118040857263,56.61371330000111,primary_goal,8.6753022,18.9734347,2.685578,0.0,0.0,0.0,0.2498906144918635
5273,1791269185117337315,15118050683774,56.62353981100023,primary_goal,8.6753022,18.9734347,2.685578,0.0,0.0,0.0,0.2498906144918635
5274,1791269185127323332,15118060698899,56.63355493600102,primary_goal,8.6753022,18.9734347,2.685578,0.0,0.0,0.0,0.2498906144918635
5275,1791269185137388857,15118070834969,56.643691006000154,primary_goal,8.6753022,18.9734347,2.685578,0.0,0.0,0.0,0.2498906144918635
5276,1791269185147353821,15118081364820,56.65422085700084,primary_goal,8.6753022,18.9734347,2.685578,0.0,0.0,0.0,0.2498906144918635
5277,1791269185157485293,15118091481428,56.664337465001154,primary_goal,8.6753022,18.9734347,2.685578,0.0,0.0,0.0,0.2498906144918635
5278,1791269185167409644,15118101191396,56.67404743299994,primary_goal,8.6753022,18.9734347,2.685578,0.0,0.0,0.0,0.2498906144918635
5279,1791269185177559332,15118111621697,56.68447773400112,primary_goal,8.6753022,18.9734347,2.685578,0.0,0.0,0.0,0.2498906144918635
5280,1791269185187528136,15118121886506,56.69474254300076,primary_goal,8.6753022,18.9734347,2.685578,0.0,0.0,0.0,0.2498906144918635
5281,1791269185197345760,15118131024928,56.70388096500028,primary_goal,8.6753022,18.9734347,2.685578,0.0,0.0,0.0,0.2498906144918635
5282,1791269185207324006,15118140763079,56.7136191160007,primary_goal,8.6753022,18.9734347,2.685578,0.0,0.0,0.0,0.2498906144918635
5283,1791269185217428852,15118150984676,56.723840713000754,primary_goal,8.6753022,18.9734347,2.685578,0.0,0.0,0.0,0.2498906144918635
5284,1791269185227329083,15118160901070,56.7337571070002,primary_goal,8.6753022,18.9734347,2.685578,0.0,0.0,0.0,0.2498906144918635
5285,1791269185237478650,15118171421264,56.74427730100069,primary_goal,8.6753022,18.9734347,2.685578,0.0,0.0,0.0,0.2498906144918635
5286,1791269185247389592,15118181360583,56.75421662000008,primary_goal,8.6753022,18.9734347,2.685578,0.0,0.0,0.0,0.2498906144918635
5287,1791269185257364402,15118191485789,56.76434182600133,primary_goal,8.6753022,18.9734347,2.685578,0.0,0.0,0.0,0.2498906144918635
5288,1791269185267409585,15118201714381,56.77457041800153,primary_goal,8.6753022,18.9734347,2.685578,0.0,0.0,0.0,0.2498906144918635
5289,1791269185277535197,15118211580257,56.78443629400135,primary_goal,8.6753022,18.9734347,2.685578,0.0,0.0,0.0,0.2498906144918635
5290,1791269185287398526,15118221504770,56.794360806999975,primary_goal,8.6753022,18.9734347,2.685578,0.0,0.0,0.0,0.2498906144918635
5291,1791269185297371688,15118230879339,56.803735376000986,primary_goal,8.6753022,18.9734347,2.685578,0.0,0.0,0.0,0.2498906144918635
5292,1791269185307318506,15118240638433,56.81349447000139,primary_goal,8.6753022,18.9734347,2.685578,0.0,0.0,0.0,0.2498906144918635
5293,1791269185317323621,15118250736323,56.823592360000475,primary_goal,8.6753022,18.9734347,2.685578,0.0,0.0,0.0,0.2498906144918635
5294,1791269185327321157,15118260570520,56.833426557001076,primary_goal,8.6753022,18.9734347,2.685578,0.0,0.0,0.0,0.2498906144918635
5295,1791269185337326383,15118270748236,56.84360427300089,primary_goal,8.6753022,18.9734347,2.685578,0.0,0.0,0.0,0.2498906144918635
5296,1791269185347409250,15118281059071,56.853915108000365,primary_goal,8.6753022,18.9734347,2.685578,0.0,0.0,0.0,0.2498906144918635
5297,1791269185357380230,15118290905462,56.86376149900025,primary_goal,8.6753022,18.9734347,2.685578,0.0,0.0,0.0,0.2498906144918635
5298,1791269185367406796,15118301123998,56.873980035001296,primary_goal,8.6753022,18.9734347,2.685578,0.0,0.0,0.0,0.2498906144918635
5299,1791269185377341347,15118310893961,56.883749997999985,primary_goal,8.6753022,18.9734347,2.685578,0.0,0.0,0.0,0.2498906144918635
5300,1791269185387401898,15118321125115,56.89398115200129,primary_goal,8.6753022,18.9734347,2.685578,0.0,0.0,0.0,0.2498906144918635
5301,1791269185397347559,15118330989740,56.90384577700024,primary_goal,8.6753022,18.9734347,2.685578,0.0,0.0,0.0,0.2498906144918635
5302,1791269185407313979,15118340573011,56.91342904800149,primary_goal,8.6753022,18.9734347,2.685578,0.0,0.0,0.0,0.2498906144918635
5303,1791269185417330704,15118350445999,56.92330203600068,primary_goal,8.6753022,18.9734347,2.685578,0.0,0.0,0.0,0.2498906144918635
5304,1791269185427315433,15118360530330,56.93338636699991,primary_goal,8.6753022,18.9734347,2.685578,0.0,0.0,0.0,0.2498906144918635
5305,1791269185437330097,15118370798204,56.94365424100033,primary_goal,8.6753022,18.9734347,2.685578,0.0,0.0,0.0,0.2498906144918635
5306,1791269185447336120,15118381386235,56.954242272000556,primary_goal,8.6753022,18.9734347,2.685578,0.0,0.0,0.0,0.2498906144918635
5307,1791269185457580549,15118391625099,56.96448113600127,primary_goal,8.6753022,18.9734347,2.685578,0.0,0.0,0.0,0.2498906144918635
5308,1791269185467525154,15118401455971,56.9743120080002,primary_goal,8.6753022,18.9734347,2.685578,0.0,0.0,0.0,0.2498906144918635
5309,1791269185477366624,15118410894929,56.983750966001026,primary_goal,8.6753022,18.9734347,2.685578,0.0,0.0,0.0,0.2498906144918635
5310,1791269185487529961,15118421303678,56.99415971500093,primary_goal,8.6753022,18.9734347,2.685578,0.0,0.0,0.0,0.2498906144918635
5311,1791269185497374147,15118431084718,57.00394075500117,primary_goal,8.6753022,18.9734347,2.685578,0.0,0.0,0.0,0.2498906144918635
5312,1791269185507314171,15118440762777,57.01361881400044,primary_goal,8.6753022,18.9734347,2.685578,0.0,0.0,0.0,0.2498906144918635
5313,1791269185517392936,15118451142340,57.02399837700068,primary_goal,8.6753022,18.9734347,2.685578,0.0,0.0,0.0,0.2498906144918635
5314,1791269185527316381,15118460967143,57.03382318000149,primary_goal,8.6753022,18.9734347,2.685578,0.0,0.0,0.0,0.2498906144918635
5315,1791269185537468908,15118471410838,57.044266875000176,primary_goal,8.6753022,18.9734347,2.685578,0.0,0.0,0.0,0.2498906144918635
5316,1791269185547340080,15118481412289,57.054268326000965,primary_goal,8.6753022,18.9734347,2.685578,0.0,0.0,0.0,0.2498906144918635
5317,1791269185557391880,15118491394425,57.06425046200093,primary_goal,8.6753022,18.9734347,2.685578,0.0,0.0,0.0,0.2498906144918635
5318,1791269185567409987,15118501094116,57.073950153000624,primary_goal,8.6753022,18.9734347,2.685578,0.0,0.0,0.0,0.2498906144918635
5319,1791269185577381307,15118511142753,57.083998789999896,primary_goal,8.6753022,18.9734347,2.685578,0.0,0.0,0.0,0.2498906144918635
5320,1791269185587358775,15118521540210,57.09439624700099,primary_goal,8.6753022,18.9734347,2.685578,0.0,0.0,0.0,0.2498906144918635
5321,1791269185597370125,15118530897817,57.10375385400039,primary_goal,8.6753022,18.9734347,2.685578,0.0,0.0,0.0,0.2498906144918635
5322,1791269185607309000,15118540547443,57.11340348000158,primary_goal,8.6753022,18.9734347,2.685578,0.0,0.0,0.0,0.2498906144918635
5323,1791269185617332923,15118550901662,57.123757699000635,primary_goal,8.6753022,18.9734347,2.685578,0.0,0.0,0.0,0.2498906144918635
5324,1791269185627315772,15118561050469,57.13390650600013,primary_goal,8.6753022,18.9734347,2.685578,0.0,0.0,0.0,0.2498906144918635
5325,1791269185637395991,15118571162008,57.14401804500085,primary_goal,8.6753022,18.9734347,2.685578,0.0,0.0,0.0,0.2498906144918635
5326,1791269185647351437,15118581078217,57.15393425399998,primary_goal,8.6753022,18.9734347,2.685578,0.0,0.0,0.0,0.2498906144918635
5327,1791269185657387059,15118591574076,57.16443011299998,primary_goal,8.6753022,18.9734347,2.685578,0.0,0.0,0.0,0.2498906144918635
5328,1791269185667390413,15118601100762,57.173956799000734,primary_goal,8.6753022,18.9734347,2.685578,0.0,0.0,0.0,0.2498906144918635
5329,1791269185677393976,15118611443558,57.184299595000994,primary_goal,8.6753022,18.9734347,2.685578,0.0,0.0,0.0,0.2498906144918635
5330,1791269185687410291,15118621631643,57.19448768000075,primary_goal,8.6753022,18.9734347,2.685578,0.0,0.0,0.0,0.2498906144918635
5331,1791269185697354405,15118630839118,57.20369515499988,primary_goal,8.6753022,18.9734347,2.685578,0.0,0.0,0.0,0.2498906144918635
5332,1791269185707336978,15118640683991,57.21354002800035,primary_goal,8.6753022,18.9734347,2.685578,0.0,0.0,0.0,0.2498906144918635
5333,1791269185717342149,15118650839802,57.22369583900036,primary_goal,8.6753022,18.9734347,2.685578,0.0,0.0,0.0,0.2498906144918635
5334,1791269185727331344,15118661059027,57.23391506400003,primary_goal,8.6753022,18.9734347,2.685578,0.0,0.0,0.0,0.2498906144918635
5335,1791269185737557200,15118671554957,57.244410994000646,primary_goal,8.6753022,18.9734347,2.685578,0.0,0.0,0.0,0.2498906144918635
5336,1791269185747347469,15118680862689,57.25371872600044,primary_goal,8.6753022,18.9734347,2.685578,0.0,0.0,0.0,0.2498906144918635
5337,1791269185757361693,15118691476192,57.2643322290005,primary_goal,8.6753022,18.9734347,2.685578,0.0,0.0,0.0,0.2498906144918635
5338,1791269185767390169,15118701050682,57.27390671900139,primary_goal,8.6753022,18.9734347,2.685578,0.0,0.0,0.0,0.2498906144918635
5339,1791269185777387163,15118711125509,57.28398154600109,primary_goal,8.6753022,18.9734347,2.685578,0.0,0.0,0.0,0.2498906144918635
5340,1791269185787441457,15118721359444,57.29421548100072,primary_goal,8.6753022,18.9734347,2.685578,0.0,0.0,0.0,0.2498906144918635
5341,1791269185797345871,15118730931370,57.30378740700144,primary_goal,8.6753022,18.9734347,2.685578,0.0,0.0,0.0,0.2498906144918635
5342,1791269185807364069,15118740628416,57.313484453001365,primary_goal,8.6753022,18.9734347,2.685578,0.0,0.0,0.0,0.2498906144918635
5343,1791269185817404813,15118750907132,57.32376316900081,primary_goal,8.6753022,18.9734347,2.685578,0.0,0.0,0.0,0.2498906144918635
5344,1791269185827314561,15118760890765,57.33374680199995,primary_goal,8.6753022,18.9734347,2.685578,0.0,0.0,0.0,0.2498906144918635
5345,1791269185837375843,15118771434406,57.34429044300123,primary_goal,8.6753022,18.9734347,2.685578,0.0,0.0,0.0,0.2498906144918635
5346,1791269185847388417,15118781693380,57.35454941700118,primary_goal,8.6753022,18.9734347,2.685578,0.0,0.0,0.0,0.2498906144918635
5347,1791269185857417462,15118791086075,57.363942112000586,primary_goal,8.6753022,18.9734347,2.685578,0.0,0.0,0.0,0.2498906144918635
5348,1791269185867481965,15118801755887,57.37461192400042,primary_goal,8.6753022,18.9734347,2.685578,0.0,0.0,0.0,0.2498906144918635
5349,1791269185877371369,15118811216814,57.38407285100038,primary_goal,8.6753022,18.9734347,2.685578,0.0,0.0,0.0,0.2498906144918635
5350,1791269185887386494,15118821155011,57.39401104800163,primary_goal,8.6753022,18.9734347,2.685578,0.0,0.0,0.0,0.2498906144918635
5351,1791269185897386752,15118830943350,57.40379938700062,primary_goal,8.6753022,18.9734347,2.685578,0.0,0.0,0.0,0.2498906144918635
5352,1791269185907309579,15118840532662,57.41338869900028,primary_goal,8.6753022,18.9734347,2.685578,0.0,0.0,0.0,0.2498906144918635
5353,1791269185917394237,15118850912992,57.42376902900105,primary_goal,8.6753022,18.9734347,2.685578,0.0,0.0,0.0,0.2498906144918635
5354,1791269185927398909,15118861107833,57.4339638700003,primary_goal,8.6753022,18.9734347,2.685578,0.0,0.0,0.0,0.2498906144918635
5355,1791269185937561348,15118871365539,57.44422157600093,primary_goal,8.6753022,18.9734347,2.685578,0.0,0.0,0.0,0.2498906144918635
5356,1791269185947412997,15118881354431,57.45421046800038,primary_goal,8.6753022,18.9734347,2.685578,0.0,0.0,0.0,0.2498906144918635
5357,1791269185957422248,15118891381914,57.46423795100054,primary_goal,8.6753022,18.9734347,2.685578,0.0,0.0,0.0,0.2498906144918635
5358,1791269185967463067,15118901208850,57.47406488700108,primary_goal,8.6753022,18.9734347,2.685578,0.0,0.0,0.0,0.2498906144918635
5359,1791269185977416824,15118911450880,57.48430691700014,primary_goal,8.6753022,18.9734347,2.685578,0.0,0.0,0.0,0.2498906144918635
5360,1791269185987362828,15118921947937,57.494803974001115,primary_goal,8.6753022,18.9734347,2.685578,0.0,0.0,0.0,0.2498906144918635
5361,1791269185997330387,15118930843505,57.503699542001414,primary_goal,8.6753022,18.9734347,2.685578,0.0,0.0,0.0,0.2498906144918635
5362,1791269186007326770,15118940545669,57.51340170600088,primary_goal,8.6753022,18.9734347,2.685578,0.0,0.0,0.0,0.2498906144918635
5363,1791269186017319920,15118950876540,57.52373257700128,primary_goal,8.6753022,18.9734347,2.685578,0.0,0.0,0.0,0.2498906144918635
5364,1791269186027467518,15118961283699,57.534139736000725,primary_goal,8.6753022,18.9734347,2.685578,0.0,0.0,0.0,0.2498906144918635
5365,1791269186037468246,15118971485535,57.54434157200012,primary_goal,8.6753022,18.9734347,2.685578,0.0,0.0,0.0,0.2498906144918635
5366,1791269186047382775,15118981411551,57.554267588000585,primary_goal,8.6753022,18.9734347,2.685578,0.0,0.0,0.0,0.2498906144918635
5367,1791269186057402571,15118991585249,57.56444128600015,primary_goal,8.6753022,18.9734347,2.685578,0.0,0.0,0.0,0.2498906144918635
5368,1791269186067503113,15119001980349,57.57483638600024,primary_goal,8.6753022,18.9734347,2.685578,0.0,0.0,0.0,0.2498906144918635
5369,1791269186077357372,15119011312759,57.584168796000085,primary_goal,8.6753022,18.9734347,2.685578,0.0,0.0,0.0,0.2498906144918635
5370,1791269186087354595,15119021525691,57.59438172800037,primary_goal,8.6753022,18.9734347,2.685578,0.0,0.0,0.0,0.2498906144918635
5371,1791269186097381157,15119030981678,57.603837715001646,primary_goal,8.6753022,18.9734347,2.685578,0.0,0.0,0.0,0.2498906144918635
5372,1791269186107352704,15119040719577,57.61357561400109,primary_goal,8.6753022,18.9734347,2.685578,0.0,0.0,0.0,0.2498906144918635
5373,1791269186117359253,15119051119760,57.62397579700155,primary_goal,8.6753022,18.9734347,2.685578,0.0,0.0,0.0,0.2498906144918635
5374,1791269186127456451,15119061209872,57.63406590900013,primary_goal,8.6753022,18.9734347,2.685578,0.0,0.0,0.0,0.2498906144918635
5375,1791269186137341950,15119071290753,57.64414679000038,primary_goal,8.6753022,18.9734347,2.685578,0.0,0.0,0.0,0.2498906144918635
5376,1791269186147377509,15119080917290,57.653773327001545,primary_goal,8.6753022,18.9734347,2.685578,0.0,0.0,0.0,0.2498906144918635
5377,1791269186157368074,15119091027180,57.66388321700106,primary_goal,8.6753022,18.9734347,2.685578,0.0,0.0,0.0,0.2498906144918635
5378,1791269186167560330,15119101881761,57.67473779800093,primary_goal,8.6753022,18.9734347,2.685578,0.0,0.0,0.0,0.2498906144918635
5379,1791269186177543579,15119111486262,57.68434229900049,primary_goal,8.6753022,18.9734347,2.685578,0.0,0.0,0.0,0.2498906144918635
5380,1791269186187375624,15119121696577,57.69455261400071,primary_goal,8.6753022,18.9734347,2.685578,0.0,0.0,0.0,0.2498906144918635
5381,1791269186197341074,15119130875748,57.703731785000855,primary_goal,8.6753022,18.9734347,2.685578,0.0,0.0,0.0,0.2498906144918635
5382,1791269186207311688,15119140568135,57.713424172001396,primary_goal,8.6753022,18.9734347,2.685578,0.0,0.0,0.0,0.2498906144918635
5383,1791269186217335384,15119150989394,57.72384543100088,primary_goal,8.6753022,18.9734347,2.685578,0.0,0.0,0.0,0.2498906144918635
5384,1791269186227466628,15119161098770,57.73395480700128,primary_goal,8.6753022,18.9734347,2.685578,0.0,0.0,0.0,0.2498906144918635
5385,1791269186237480845,15119171492855,57.74434889200165,primary_goal,8.6753022,18.9734347,2.685578,0.0,0.0,0.0,0.2498906144918635
5386,1791269186247367870,15119181259450,57.7541154870014,primary_goal,8.6753022,18.9734347,2.685578,0.0,0.0,0.0,0.2498906144918635
5387,1791269186257383470,15119191524389,57.76438042600057,primary_goal,8.6753022,18.9734347,2.685578,0.0,0.0,0.0,0.2498906144918635
5388,1791269186267379302,15119201036768,57.77389280500029,primary_goal,8.6753022,18.9734347,2.685578,0.0,0.0,0.0,0.2498906144918635
5389,1791269186277388491,15119211335293,57.784191329999885,primary_goal,8.6753022,18.9734347,2.685578,0.0,0.0,0.0,0.2498906144918635
5390,1791269186287417767,15119221556787,57.79441282400148,primary_goal,8.6753022,18.9734347,2.685578,0.0,0.0,0.0,0.2498906144918635
5391,1791269186297367216,15119230882771,57.80373880800107,primary_goal,8.6753022,18.9734347,2.685578,0.0,0.0,0.0,0.2498906144918635
5392,1791269186307309257,15119240601664,57.813457701000516,primary_goal,8.6753022,18.9734347,2.685578,0.0,0.0,0.0,0.2498906144918635
5393,1791269186317336708,15119250852105,57.823708142001124,primary_goal,8.6753022,18.9734347,2.685578,0.0,0.0,0.0,0.2498906144918635
5394,1791269186327378268,15119261113063,57.833969100000104,primary_goal,8.6753022,18.9734347,2.685578,0.0,0.0,0.0,0.2498906144918635
5395,1791269186337351337,15119271226872,57.84408290900137,primary_goal,8.6753022,18.9734347,2.685578,0.0,0.0,0.0,0.2498906144918635
5396,1791269186347346969,15119281200876,57.85405691300002,primary_goal,8.6753022,18.9734347,2.685578,0.0,0.0,0.0,0.2498906144918635
5397,1791269186357382892,15119290974718,57.86383075500089,primary_goal,8.6753022,18.9734347,2.685578,0.0,0.0,0.0,0.2498906144918635
5398,1791269186367434346,15119301282371,57.87413840800036,primary_goal,8.6753022,18.9734347,2.685578,0.0,0.0,0.0,0.2498906144918635
5399,1791269186377386142,15119310876565,57.88373260200024,primary_goal,8.6753022,18.9734347,2.685578,0.0,0.0,0.0,0.2498906144918635
5400,1791269186387360732,15119320974861,57.8938308980014,primary_goal,8.6753022,18.9734347,2.685578,0.0,0.0,0.0,0.2498906144918635
5401,1791269186397460580,15119331179064,57.90403510100077,primary_goal,8.6753022,18.9734347,2.685578,0.0,0.0,0.0,0.2498906144918635
5402,1791269186407328701,15119340514904,57.91337094100163,primary_goal,8.6753022,18.9734347,2.685578,0.0,0.0,0.0,0.2498906144918635
5403,1791269186417301264,15119350802585,57.92365862200131,primary_goal,8.6753022,18.9734347,2.685578,0.0,0.0,0.0,0.2498906144918635
5404,1791269186427474252,15119361342742,57.934198779001235,primary_goal,8.6753022,18.9734347,2.685578,0.0,0.0,0.0,0.2498906144918635
5405,1791269186437452371,15119371266778,57.94412281500081,primary_goal,8.6753022,18.9734347,2.685578,0.0,0.0,0.0,0.2498906144918635
5406,1791269186447357481,15119381314480,57.95417051700133,primary_goal,8.6753022,18.9734347,2.685578,0.0,0.0,0.0,0.2498906144918635
5407,1791269186457508720,15119391644929,57.96450096600165,primary_goal,8.6753022,18.9734347,2.685578,0.0,0.0,0.0,0.2498906144918635
5408,1791269186467466052,15119401753483,57.97460952000074,primary_goal,8.6753022,18.9734347,2.685578,0.0,0.0,0.0,0.2498906144918635
5409,1791269186477369407,15119411701110,57.9845571470014,primary_goal,8.6753022,18.9734347,2.685578,0.0,0.0,0.0,0.2498906144918635
5410,1791269186487517476,15119422511205,57.99536724200152,primary_goal,8.6753022,18.9734347,2.685578,0.0,0.0,0.0,0.2498906144918635
5411,1791269186497379560,15119431156606,58.00401264300126,primary_goal,8.6753022,18.9734347,2.685578,0.0,0.0,0.0,0.2498906144918635
5412,1791269186507334868,15119440667976,58.01352401300028,primary_goal,8.6753022,18.9734347,2.685578,0.0,0.0,0.0,0.2498906144918635
5413,1791269186517362676,15119450592885,58.02344892200017,primary_goal,8.6753022,18.9734347,2.685578,0.0,0.0,0.0,0.2498906144918635
5414,1791269186527467288,15119461139095,58.0339951320002,primary_goal,8.6753022,18.9734347,2.685578,0.0,0.0,0.0,0.2498906144918635
5415,1791269186537385005,15119471543948,58.04439998500129,primary_goal,8.6753022,18.9734347,2.685578,0.0,0.0,0.0,0.2498906144918635
5416,1791269186547378757,15119481615549,58.054471586001455,primary_goal,8.6753022,18.9734347,2.685578,0.0,0.0,0.0,0.2498906144918635
5417,1791269186557367511,15119491333509,58.06418954600122,primary_goal,8.6753022,18.9734347,2.685578,0.0,0.0,0.0,0.2498906144918635
5418,1791269186567496586,15119501644390,58.07450042700111,primary_goal,8.6753022,18.9734347,2.685578,0.0,0.0,0.0,0.2498906144918635
5419,1791269186577496419,15119511669893,58.08452593000038,primary_goal,8.6753022,18.9734347,2.685578,0.0,0.0,0.0,0.2498906144918635
5420,1791269186587516426,15119521767078,58.09462311500101,primary_goal,8.6753022,18.9734347,2.685578,0.0,0.0,0.0,0.2498906144918635
5421,1791269186597363809,15119531058890,58.103914927000005,primary_goal,8.6753022,18.9734347,2.685578,0.0,0.0,0.0,0.2498906144918635
5422,1791269186607309088,15119540768081,58.1136241180011,primary_goal,8.6753022,18.9734347,2.685578,0.0,0.0,0.0,0.2498906144918635
5423,1791269186617315260,15119550898576,58.12375461300144,primary_goal,8.6753022,18.9734347,2.685578,0.0,0.0,0.0,0.2498906144918635
5424,1791269186627462166,15119561227291,58.134083328001,primary_goal,8.6753022,18.9734347,2.685578,0.0,0.0,0.0,0.2498906144918635
5425,1791269186637466268,15119571683554,58.144539591001376,primary_goal,8.6753022,18.9734347,2.685578,0.0,0.0,0.0,0.2498906144918635
5426,1791269186647474567,15119581502922,58.15435895900009,primary_goal,8.6753022,18.9734347,2.685578,0.0,0.0,0.0,0.2498906144918635
5427,1791269186657401557,15119591427899,58.164283936001084,primary_goal,8.6753022,18.9734347,2.685578,0.0,0.0,0.0,0.2498906144918635
5428,1791269186667394066,15119601284016,58.17414005300088,primary_goal,8.6753022,18.9734347,2.685578,0.0,0.0,0.0,0.2498906144918635
5429,1791269186677475668,15119611417522,58.18427355899985,primary_goal,8.6753022,18.9734347,2.685578,0.0,0.0,0.0,0.2498906144918635
5430,1791269186687407478,15119621744067,58.19460010400144,primary_goal,8.6753022,18.9734347,2.685578,0.0,0.0,0.0,0.2498906144918635
5431,1791269186697502711,15119631096203,58.203952240000945,primary_goal,8.6753022,18.9734347,2.685578,0.0,0.0,0.0,0.2498906144918635
5432,1791269186707327647,15119640484215,58.21334025200122,primary_goal,8.6753022,18.9734347,2.685578,0.0,0.0,0.0,0.2498906144918635
5433,1791269186717332948,15119650465529,58.22332156599987,primary_goal,8.6753022,18.9734347,2.685578,0.0,0.0,0.0,0.2498906144918635
5434,1791269186727467611,15119660967159,58.23382319600023,primary_goal,8.6753022,18.9734347,2.685578,0.0,0.0,0.0,0.2498906144918635
5435,1791269186737465220,15119671257733,58.244113770000695,primary_goal,8.6753022,18.9734347,2.685578,0.0,0.0,0.0,0.2498906144918635
5436,1791269186747486510,15119681194089,58.25405012600095,primary_goal,8.6753022,18.9734347,2.685578,0.0,0.0,0.0,0.2498906144918635
5437,1791269186757501512,15119691592018,58.264448055000685,primary_goal,8.6753022,18.9734347,2.685578,0.0,0.0,0.0,0.2498906144918635
5438,1791269186767405839,15119701306726,58.27416276300028,primary_goal,8.6753022,18.9734347,2.685578,0.0,0.0,0.0,0.2498906144918635
5439,1791269186777368000,15119710973635,58.28382967200014,primary_goal,8.6753022,18.9734347,2.685578,0.0,0.0,0.0,0.2498906144918635
5440,1791269186787410558,15119721501871,58.294357908000165,primary_goal,8.6753022,18.9734347,2.685578,0.0,0.0,0.0,0.2498906144918635
5441,1791269186797346106,15119731195401,58.3040514380009,primary_goal,8.6753022,18.9734347,2.685578,0.0,0.0,0.0,0.2498906144918635
5442,1791269186807407248,15119740865995,58.31372203200044,primary_goal,8.6753022,18.9734347,2.685578,0.0,0.0,0.0,0.2498906144918635
5443,1791269186817317694,15119750495012,58.32335104900085,primary_goal,8.6753022,18.9734347,2.685578,0.0,0.0,0.0,0.2498906144918635
5444,1791269186827314741,15119760453109,58.33330914600083,primary_goal,8.6753022,18.9734347,2.685578,0.0,0.0,0.0,0.2498906144918635
5445,1791269186837336481,15119770729821,58.34358585800146,primary_goal,8.6753022,18.9734347,2.685578,0.0,0.0,0.0,0.2498906144918635
5446,1791269186847386730,15119781069449,58.35392548600066,primary_goal,8.6753022,18.9734347,2.685578,0.0,0.0,0.0,0.2498906144918635
5447,1791269186857466636,15119790977434,58.36383347100127,primary_goal,8.6753022,18.9734347,2.685578,0.0,0.0,0.0,0.2498906144918635
5448,1791269186867347348,15119801141574,58.37399761100096,primary_goal,8.6753022,18.9734347,2.685578,0.0,0.0,0.0,0.2498906144918635
5449,1791269186877409419,15119811303969,58.38416000600046,primary_goal,8.6753022,18.9734347,2.685578,0.0,0.0,0.0,0.2498906144918635
5450,1791269186887370271,15119821919322,58.39477535900005,primary_goal,8.6753022,18.9734347,2.685578,0.0,0.0,0.0,0.2498906144918635
5451,1791269186897464027,15119831571839,58.40442787600114,primary_goal,8.6753022,18.9734347,2.685578,0.0,0.0,0.0,0.2498906144918635
5452,1791269186907319383,15119840601631,58.413457668000774,primary_goal,8.6753022,18.9734347,2.685578,0.0,0.0,0.0,0.2498906144918635
5453,1791269186917326571,15119850886667,58.42374270400069,primary_goal,8.6753022,18.9734347,2.685578,0.0,0.0,0.0,0.2498906144918635
5454,1791269186927457126,15119861118514,58.433974551000574,primary_goal,8.6753022,18.9734347,2.685578,0.0,0.0,0.0,0.2498906144918635
5455,1791269186937452994,15119871563952,58.44441998900038,primary_goal,8.6753022,18.9734347,2.685578,0.0,0.0,0.0,0.2498906144918635
5456,1791269186947388995,15119880980634,58.45383667100032,primary_goal,8.6753022,18.9734347,2.685578,0.0,0.0,0.0,0.2498906144918635
5457,1791269186957510932,15119891327506,58.46418354300113,primary_goal,8.6753022,18.9734347,2.685578,0.0,0.0,0.0,0.2498906144918635
5458,1791269186967443634,15119901228194,58.474084231000234,primary_goal,8.6753022,18.9734347,2.685578,0.0,0.0,0.0,0.2498906144918635
5459,1791269186977368120,15119911482231,58.48433826800101,primary_goal,8.6753022,18.9734347,2.685578,0.0,0.0,0.0,0.2498906144918635
5460,1791269186987523606,15119921889189,58.494745226000305,primary_goal,8.6753022,18.9734347,2.685578,0.0,0.0,0.0,0.2498906144918635
5461,1791269186997355130,15119930905374,58.503761411000596,primary_goal,8.6753022,18.9734347,2.685578,0.0,0.0,0.0,0.2498906144918635
5462,1791269187007313560,15119940610815,58.51346685200042,primary_goal,8.6753022,18.9734347,2.685578,0.0,0.0,0.0,0.2498906144918635
5463,1791269187017414362,15119951078642,58.52393467900038,primary_goal,8.6753022,18.9734347,2.685578,0.0,0.0,0.0,0.2498906144918635
5464,1791269187027452871,15119961241383,58.53409742000076,primary_goal,8.6753022,18.9734347,2.685578,0.0,0.0,0.0,0.2498906144918635
5465,1791269187037498506,15119971448890,58.544304927001576,primary_goal,8.6753022,18.9734347,2.685578,0.0,0.0,0.0,0.2498906144918635
5466,1791269187047392646,15119981417138,58.55427317500107,primary_goal,8.6753022,18.9734347,2.685578,0.0,0.0,0.0,0.2498906144918635
5467,1791269187057500414,15119991710561,58.564566598000965,primary_goal,8.6753022,18.9734347,2.685578,0.0,0.0,0.0,0.2498906144918635
5468,1791269187067423592,15120001831471,58.57468750800035,primary_goal,8.6753022,18.9734347,2.685578,0.0,0.0,0.0,0.2498906144918635
5469,1791269187077487799,15120011637559,58.584493596001266,primary_goal,8.6753022,18.9734347,2.685578,0.0,0.0,0.0,0.2498906144918635
5470,1791269187087501615,15120022040288,58.59489632500117,primary_goal,8.6753022,18.9734347,2.685578,0.0,0.0,0.0,0.2498906144918635
5471,1791269187097343290,15120030893267,58.6037493040003,primary_goal,8.6753022,18.9734347,2.685578,0.0,0.0,0.0,0.2498906144918635
5472,1791269187107326276,15120040598480,58.61345451700072,primary_goal,8.6753022,18.9734347,2.685578,0.0,0.0,0.0,0.2498906144918635
5473,1791269187117490484,15120051238879,58.624094916000104,primary_goal,8.6753022,18.9734347,2.685578,0.0,0.0,0.0,0.2498906144918635
5474,1791269187127459253,15120061239962,58.63409599900115,primary_goal,8.6753022,18.9734347,2.685578,0.0,0.0,0.0,0.2498906144918635
5475,1791269187137333210,15120071399506,58.64425554300033,primary_goal,8.6753022,18.9734347,2.685578,0.0,0.0,0.0,0.2498906144918635
5476,1791269187147316280,15120080758616,58.65361465300157,primary_goal,8.6753022,18.9734347,2.685578,0.0,0.0,0.0,0.2498906144918635
5477,1791269187157370761,15120091258454,58.66411449100087,primary_goal,8.6753022,18.9734347,2.685578,0.0,0.0,0.0,0.2498906144918635
5478,1791269187167340753,15120101227750,58.6740837870002,primary_goal,8.6753022,18.9734347,2.685578,0.0,0.0,0.0,0.2498906144918635
5479,1791269187177344925,15120110703018,58.68355905499993,primary_goal,8.6753022,18.9734347,2.685578,0.0,0.0,0.0,0.2498906144918635
5480,1791269187187345565,15120120823819,58.69367985600002,primary_goal,8.6753022,18.9734347,2.685578,0.0,0.0,0.0,0.2498906144918635
5481,1791269187197367172,15120130840423,58.70369646000108,primary_goal,8.6753022,18.9734347,2.685578,0.0,0.0,0.0,0.2498906144918635
5482,1791269187207327186,15120140588061,58.713444098000764,primary_goal,8.6753022,18.9734347,2.685578,0.0,0.0,0.0,0.2498906144918635
5483,1791269187217424291,15120150647118,58.7235031550008,primary_goal,8.6753022,18.9734347,2.685578,0.0,0.0,0.0,0.2498906144918635
5484,1791269187227493731,15120161138930,58.7339949670004,primary_goal,8.6753022,18.9734347,2.685578,0.0,0.0,0.0,0.2498906144918635
5485,1791269187237473078,15120171370267,58.74422630400113,primary_goal,8.6753022,18.9734347,2.685578,0.0,0.0,0.0,0.2498906144918635
5486,1791269187247324998,15120181255515,58.75411155200163,primary_goal,8.6753022,18.9734347,2.685578,0.0,0.0,0.0,0.2498906144918635
5487,1791269187257541837,15120192048905,58.76490494200152,primary_goal,8.6753022,18.9734347,2.685578,0.0,0.0,0.0,0.2498906144918635
5488,1791269187267543757,15120202133791,58.77498982799989,primary_goal,8.6753022,18.9734347,2.685578,0.0,0.0,0.0,0.2498906144918635
5489,1791269187277351756,15120211197415,58.78405345200008,primary_goal,8.6753022,18.9734347,2.685578,0.0,0.0,0.0,0.2498906144918635
5490,1791269187287398596,15120221221353,58.79407739000089,primary_goal,8.6753022,18.9734347,2.685578,0.0,0.0,0.0,0.2498906144918635
5491,1791269187297348094,15120230770874,58.80362691100163,primary_goal,8.6753022,18.9734347,2.685578,0.0,0.0,0.0,0.2498906144918635
5492,1791269187307329990,15120240556523,58.81341256000087,primary_goal,8.6753022,18.9734347,2.685578,0.0,0.0,0.0,0.2498906144918635
5493,1791269187317434899,15120251015486,58.82387152299998,primary_goal,8.6753022,18.9734347,2.685578,0.0,0.0,0.0,0.2498906144918635
5494,1791269187327316309,15120260904489,58.83376052600033,primary_goal,8.6753022,18.9734347,2.685578,0.0,0.0,0.0,0.2498906144918635
5495,1791269187337297190,15120270950351,58.8438063880003,primary_goal,8.6753022,18.9734347,2.685578,0.0,0.0,0.0,0.2498906144918635
5496,1791269187347397438,15120281373740,58.854229777,primary_goal,8.6753022,18.9734347,2.685578,0.0,0.0,0.0,0.2498906144918635
5497,1791269187357576445,15120292060459,58.86491649600066,primary_goal,8.6753022,18.9734347,2.685578,0.0,0.0,0.0,0.2498906144918635
5498,1791269187367510515,15120301912120,58.87476815700029,primary_goal,8.6753022,18.9734347,2.685578,0.0,0.0,0.0,0.2498906144918635
5499,1791269187377488216,15120311438458,58.884294495001086,primary_goal,8.6753022,18.9734347,2.685578,0.0,0.0,0.0,0.2498906144918635
5500,1791269187387410822,15120321487243,58.89434328000061,primary_goal,8.6753022,18.9734347,2.685578,0.0,0.0,0.0,0.2498906144918635
5501,1791269187397458866,15120330946085,58.90380212200034,primary_goal,8.6753022,18.9734347,2.685578,0.0,0.0,0.0,0.2498906144918635
5502,1791269187407303701,15120340557818,58.913413855001636,primary_goal,8.6753022,18.9734347,2.685578,0.0,0.0,0.0,0.2498906144918635
5503,1791269187417327244,15120350584008,58.92344004500046,primary_goal,8.6753022,18.9734347,2.685578,0.0,0.0,0.0,0.2498906144918635
5504,1791269187427500298,15120360960006,58.93381604300157,primary_goal,8.6753022,18.9734347,2.685578,0.0,0.0,0.0,0.2498906144918635
5505,1791269187437338630,15120370957652,58.94381368900031,primary_goal,8.6753022,18.9734347,2.685578,0.0,0.0,0.0,0.2498906144918635
5506,1791269187447337828,15120381163443,58.95401948000108,primary_goal,8.6753022,18.9734347,2.685578,0.0,0.0,0.0,0.2498906144918635
5507,1791269187457476203,15120391399898,58.96425593500135,primary_goal,8.6753022,18.9734347,2.685578,0.0,0.0,0.0,0.2498906144918635
5508,1791269187467384065,15120401292722,58.974148758999945,primary_goal,8.6753022,18.9734347,2.685578,0.0,0.0,0.0,0.2498906144918635
5509,1791269187477324686,15120411261227,58.984117264000815,primary_goal,8.6753022,18.9734347,2.685578,0.0,0.0,0.0,0.2498906144918635
5510,1791269187487393340,15120421560069,58.994416106001154,primary_goal,8.6753022,18.9734347,2.685578,0.0,0.0,0.0,0.2498906144918635
5511,1791269187497427338,15120431059908,59.0039159450007,primary_goal,8.6753022,18.9734347,2.685578,0.0,0.0,0.0,0.2498906144918635
5512,1791269187507283989,15120440486990,59.01334302700161,primary_goal,8.6753022,18.9734347,2.685578,0.0,0.0,0.0,0.2498906144918635
5513,1791269187517419717,15120451057546,59.02391358300156,primary_goal,8.6753022,18.9734347,2.685578,0.0,0.0,0.0,0.2498906144918635
5514,1791269187527460475,15120461218810,59.03407484700074,primary_goal,8.6753022,18.9734347,2.685578,0.0,0.0,0.0,0.2498906144918635
5515,1791269187537312751,15120471216510,59.04407254700163,primary_goal,8.6753022,18.9734347,2.685578,0.0,0.0,0.0,0.2498906144918635
5516,1791269187547352920,15120480929097,59.05378513400137,primary_goal,8.6753022,18.9734347,2.685578,0.0,0.0,0.0,0.2498906144918635
5517,1791269187557430059,15120491129535,59.06398557200009,primary_goal,8.6753022,18.9734347,2.685578,0.0,0.0,0.0,0.2498906144918635
5518,1791269187567360708,15120501584764,59.0744408010014,primary_goal,8.6753022,18.9734347,2.685578,0.0,0.0,0.0,0.2498906144918635
5519,1791269187577398607,15120511368296,59.08422433300075,primary_goal,8.6753022,18.9734347,2.685578,0.0,0.0,0.0,0.2498906144918635
5520,1791269187587405305,15120521614503,59.094470540001566,primary_goal,8.6753022,18.9734347,2.685578,0.0,0.0,0.0,0.2498906144918635
5521,1791269187597337403,15120530698988,59.10355502499988,primary_goal,8.6753022,18.9734347,2.685578,0.0,0.0,0.0,0.2498906144918635
5522,1791269187607319433,15120540530778,59.11338681500092,primary_goal,8.6753022,18.9734347,2.685578,0.0,0.0,0.0,0.2498906144918635
5523,1791269187617312236,15120550538040,59.12339407700165,primary_goal,8.6753022,18.9734347,2.685578,0.0,0.0,0.0,0.2498906144918635
5524,1791269187627350536,15120560511278,59.133367315000214,primary_goal,8.6753022,18.9734347,2.685578,0.0,0.0,0.0,0.2498906144918635
5525,1791269187637296624,15120570559888,59.14341592500023,primary_goal,8.6753022,18.9734347,2.685578,0.0,0.0,0.0,0.2498906144918635
5526,1791269187647356580,15120580749029,59.153605066001546,primary_goal,8.6753022,18.9734347,2.685578,0.0,0.0,0.0,0.2498906144918635
5527,1791269187657423706,15120591687861,59.164543898001284,primary_goal,8.6753022,18.9734347,2.685578,0.0,0.0,0.0,0.2498906144918635
5528,1791269187667446470,15120601816347,59.17467238400059,primary_goal,8.6753022,18.9734347,2.685578,0.0,0.0,0.0,0.2498906144918635
5529,1791269187677383890,15120611256974,59.18411301100059,primary_goal,8.6753022,18.9734347,2.685578,0.0,0.0,0.0,0.2498906144918635
5530,1791269187687419443,15120621364917,59.19422095400114,primary_goal,8.6753022,18.9734347,2.685578,0.0,0.0,0.0,0.2498906144918635
5531,1791269187697444936,15120630945523,59.20380156000101,primary_goal,8.6753022,18.9734347,2.685578,0.0,0.0,0.0,0.2498906144918635
5532,1791269187707332806,15120640429099,59.213285136000195,primary_goal,8.6753022,18.9734347,2.685578,0.0,0.0,0.0,0.2498906144918635
5533,1791269187717379697,15120650852558,59.22370859500006,primary_goal,8.6753022,18.9734347,2.685578,0.0,0.0,0.0,0.2498906144918635
5534,1791269187727486117,15120661268659,59.234124696000436,primary_goal,8.6753022,18.9734347,2.685578,0.0,0.0,0.0,0.2498906144918635
5535,1791269187737405922,15120671443653,59.244299690000844,primary_goal,8.6753022,18.9734347,2.685578,0.0,0.0,0.0,0.2498906144918635
5536,1791269187747443385,15120681091243,59.25394727999992,primary_goal,8.6753022,18.9734347,2.685578,0.0,0.0,0.0,0.2498906144918635
5537,1791269187757408141,15120691178314,59.2640343510011,primary_goal,8.6753022,18.9734347,2.685578,0.0,0.0,0.0,0.2498906144918635
5538,1791269187767438890,15120701142301,59.27399833800155,primary_goal,8.6753022,18.9734347,2.685578,0.0,0.0,0.0,0.2498906144918635
5539,1791269187777343498,15120710777507,59.28363354400062,primary_goal,8.6753022,18.9734347,2.685578,0.0,0.0,0.0,0.2498906144918635
5540,1791269187787383114,15120721124041,59.29398007800046,primary_goal,8.6753022,18.9734347,2.685578,0.0,0.0,0.0,0.2498906144918635
5541,1791269187797356262,15120730797439,59.30365347600127,primary_goal,8.6753022,18.9734347,2.685578,0.0,0.0,0.0,0.2498906144918635
5542,1791269187807319004,15120740441822,59.31329785900016,primary_goal,8.6753022,18.9734347,2.685578,0.0,0.0,0.0,0.2498906144918635
5543,1791269187817320588,15120750959747,59.323815784000544,primary_goal,8.6753022,18.9734347,2.685578,0.0,0.0,0.0,0.2498906144918635
5544,1791269187827371796,15120760669965,59.333526002001236,primary_goal,8.6753022,18.9734347,2.685578,0.0,0.0,0.0,0.2498906144918635
5545,1791269187837380702,15120770645251,59.34350128799997,primary_goal,8.6753022,18.9734347,2.685578,0.0,0.0,0.0,0.2498906144918635
5546,1791269187847356213,15120780744228,59.35360026499984,primary_goal,8.6753022,18.9734347,2.685578,0.0,0.0,0.0,0.2498906144918635
5547,1791269187857438206,15120791401043,59.36425708000024,primary_goal,8.6753022,18.9734347,2.685578,0.0,0.0,0.0,0.2498906144918635
5548,1791269187867460478,15120801258928,59.374114965001354,primary_goal,8.6753022,18.9734347,2.685578,0.0,0.0,0.0,0.2498906144918635
5549,1791269187877321228,15120810832258,59.383688294999956,primary_goal,8.6753022,18.9734347,2.685578,0.0,0.0,0.0,0.2498906144918635
5550,1791269187887382313,15120821035347,59.39389138400111,primary_goal,8.6753022,18.9734347,2.685578,0.0,0.0,0.0,0.2498906144918635
5551,1791269187897359680,15120831033307,59.40388934400107,primary_goal,8.6753022,18.9734347,2.685578,0.0,0.0,0.0,0.2498906144918635
5552,1791269187907273774,15120840360144,59.41321618100119,primary_goal,8.6753022,18.9734347,2.685578,0.0,0.0,0.0,0.2498906144918635
5553,1791269187917345324,15120850462570,59.42331860700142,primary_goal,8.6753022,18.9734347,2.685578,0.0,0.0,0.0,0.2498906144918635
5554,1791269187927310846,15120860930134,59.433786171000975,primary_goal,8.6753022,18.9734347,2.685578,0.0,0.0,0.0,0.2498906144918635
5555,1791269187937286479,15120870506667,59.44336270400163,primary_goal,8.6753022,18.9734347,2.685578,0.0,0.0,0.0,0.2498906144918635
5556,1791269187947329515,15120880646644,59.45350268100083,primary_goal,8.6753022,18.9734347,2.685578,0.0,0.0,0.0,0.2498906144918635
5557,1791269187957485940,15120891354207,59.46421024400115,primary_goal,8.6753022,18.9734347,2.685578,0.0,0.0,0.0,0.2498906144918635
5558,1791269187967428371,15120901466763,59.474322800000664,primary_goal,8.6753022,18.9734347,2.685578,0.0,0.0,0.0,0.2498906144918635
5559,1791269187977364698,15120910931897,59.48378793400116,primary_goal,8.6753022,18.9734347,2.685578,0.0,0.0,0.0,0.2498906144918635
5560,1791269187987326979,15120920690449,59.49354648600092,primary_goal,8.6753022,18.9734347,2.685578,0.0,0.0,0.0,0.2498906144918635
5561,1791269187997338283,15120930850112,59.50370614900021,primary_goal,8.6753022,18.9734347,2.685578,0.0,0.0,0.0,0.2498906144918635
5562,1791269188007288301,15120940654228,59.51351026500015,primary_goal,8.6753022,18.9734347,2.685578,0.0,0.0,0.0,0.2498906144918635
5563,1791269188017372625,15120950565939,59.52342197600046,primary_goal,8.6753022,18.9734347,2.685578,0.0,0.0,0.0,0.2498906144918635
5564,1791269188027324235,15120961121545,59.53397758200117,primary_goal,8.6753022,18.9734347,2.685578,0.0,0.0,0.0,0.2498906144918635
5565,1791269188037376468,15120970999232,59.54385526900114,primary_goal,8.6753022,18.9734347,2.685578,0.0,0.0,0.0,0.2498906144918635
5566,1791269188047337171,15120980890761,59.55374679800116,primary_goal,8.6753022,18.9734347,2.685578,0.0,0.0,0.0,0.2498906144918635
5567,1791269188057352823,15120991089720,59.56394575700142,primary_goal,8.6753022,18.9734347,2.685578,0.0,0.0,0.0,0.2498906144918635
5568,1791269188067330679,15121001343642,59.57419967900023,primary_goal,8.6753022,18.9734347,2.685578,0.0,0.0,0.0,0.2498906144918635
5569,1791269188077297015,15121010889468,59.58374550500048,primary_goal,8.6753022,18.9734347,2.685578,0.0,0.0,0.0,0.2498906144918635
5570,1791269188087400915,15121021352634,59.59420867100016,primary_goal,8.6753022,18.9734347,2.685578,0.0,0.0,0.0,0.2498906144918635
5571,1791269188097350060,15121030928932,59.60378496900012,primary_goal,8.6753022,18.9734347,2.685578,0.0,0.0,0.0,0.2498906144918635
5572,1791269188107328149,15121040578811,59.61343484800091,primary_goal,8.6753022,18.9734347,2.685578,0.0,0.0,0.0,0.2498906144918635
5573,1791269188117414271,15121050969797,59.623825833999945,primary_goal,8.6753022,18.9734347,2.685578,0.0,0.0,0.0,0.2498906144918635
5574,1791269188127406210,15121061022338,59.633878375001586,primary_goal,8.6753022,18.9734347,2.685578,0.0,0.0,0.0,0.2498906144918635
5575,1791269188137288175,15121071049188,59.64390522500071,primary_goal,8.6753022,18.9734347,2.685578,0.0,0.0,0.0,0.2498906144918635
5576,1791269188147314686,15121081251749,59.65410778600017,primary_goal,8.6753022,18.9734347,2.685578,0.0,0.0,0.0,0.2498906144918635
5577,1791269188157543619,15121091960021,59.664816058000724,primary_goal,8.6753022,18.9734347,2.685578,0.0,0.0,0.0,0.2498906144918635
5578,1791269188167404571,15121101739668,59.674595705000684,primary_goal,8.6753022,18.9734347,2.685578,0.0,0.0,0.0,0.2498906144918635
5579,1791269188177358161,15121110880267,59.683736304001286,primary_goal,8.6753022,18.9734347,2.685578,0.0,0.0,0.0,0.2498906144918635
5580,1791269188187511361,15121121920965,59.6947770020015,primary_goal,8.6753022,18.9734347,2.685578,0.0,0.0,0.0,0.2498906144918635
5581,1791269188197362857,15121131077291,59.70393332800086,primary_goal,8.6753022,18.9734347,2.685578,0.0,0.0,0.0,0.2498906144918635
5582,1791269188207271887,15121140535552,59.71339158900082,primary_goal,8.6753022,18.9734347,2.685578,0.0,0.0,0.0,0.2498906144918635
5583,1791269188217366461,15121150654431,59.72351046800031,primary_goal,8.6753022,18.9734347,2.685578,0.0,0.0,0.0,0.2498906144918635
5584,1791269188227366536,15121160540887,59.73339692400077,primary_goal,8.6753022,18.9734347,2.685578,0.0,0.0,0.0,0.2498906144918635
5585,1791269188237281368,15121170654400,59.74351043700153,primary_goal,8.6753022,18.9734347,2.685578,0.0,0.0,0.0,0.2498906144918635
5586,1791269188247366733,15121180955527,59.75381156399999,primary_goal,8.6753022,18.9734347,2.685578,0.0,0.0,0.0,0.2498906144918635
5587,1791269188257538837,15121191666905,59.76452294200135,primary_goal,8.6753022,18.9734347,2.685578,0.0,0.0,0.0,0.2498906144918635
5588,1791269188267344003,15121201341979,59.77419801600081,primary_goal,8.6753022,18.9734347,2.685578,0.0,0.0,0.0,0.2498906144918635
5589,1791269188277366500,15121210914680,59.78377071700015,primary_goal,8.6753022,18.9734347,2.685578,0.0,0.0,0.0,0.2498906144918635
5590,1791269188287313486,15121221171781,59.79402781800127,primary_goal,8.6753022,18.9734347,2.685578,0.0,0.0,0.0,0.2498906144918635
5591,1791269188297302493,15121230943307,59.80379934400116,primary_goal,8.6753022,18.9734347,2.685578,0.0,0.0,0.0,0.2498906144918635
5592,1791269188307281303,15121240522705,59.81337874200108,primary_goal,8.6753022,18.9734347,2.685578,0.0,0.0,0.0,0.2498906144918635
5593,1791269188317366548,15121251111134,59.82396717100164,primary_goal,8.6753022,18.9734347,2.685578,0.0,0.0,0.0,0.2498906144918635
5594,1791269188327513902,15121261225680,59.83408171700103,primary_goal,8.6753022,18.9734347,2.685578,0.0,0.0,0.0,0.2498906144918635
5595,1791269188337488647,15121271327168,59.84418320500117,primary_goal,8.6753022,18.9734347,2.685578,0.0,0.0,0.0,0.2498906144918635
5596,1791269188347302981,15121280805732,59.85366176900061,primary_goal,8.6753022,18.9734347,2.685578,0.0,0.0,0.0,0.2498906144918635
5597,1791269188357353712,15121290948959,59.86380499600091,primary_goal,8.6753022,18.9734347,2.685578,0.0,0.0,0.0,0.2498906144918635
5598,1791269188367471090,15121301283271,59.87413930799994,primary_goal,8.6753022,18.9734347,2.685578,0.0,0.0,0.0,0.2498906144918635
5599,1791269188377378780,15121310983468,59.88383950500065,primary_goal,8.6753022,18.9734347,2.685578,0.0,0.0,0.0,0.2498906144918635
5600,1791269188387396360,15121321026337,59.893882374000896,primary_goal,8.6753022,18.9734347,2.685578,0.0,0.0,0.0,0.2498906144918635
5601,1791269188397357587,15121331012699,59.90386873600073,primary_goal,8.6753022,18.9734347,2.685578,0.0,0.0,0.0,0.2498906144918635
5602,1791269188407306882,15121340730630,59.913586667000345,primary_goal,8.6753022,18.9734347,2.685578,0.0,0.0,0.0,0.2498906144918635
5603,1791269188417305060,15121350448421,59.92330445800144,primary_goal,8.6753022,18.9734347,2.685578,0.0,0.0,0.0,0.2498906144918635
5604,1791269188427312165,15121360494241,59.933350278000944,primary_goal,8.6753022,18.9734347,2.685578,0.0,0.0,0.0,0.2498906144918635
5605,1791269188437337987,15121370847401,59.94370343800074,primary_goal,8.6753022,18.9734347,2.685578,0.0,0.0,0.0,0.2498906144918635
5606,1791269188447344809,15121380922806,59.95377884300069,primary_goal,8.6753022,18.9734347,2.685578,0.0,0.0,0.0,0.2498906144918635
5607,1791269188457322750,15121390881362,59.96373739900082,primary_goal,8.6753022,18.9734347,2.685578,0.0,0.0,0.0,0.2498906144918635
5608,1791269188467303255,15121400815846,59.97367188300086,primary_goal,8.6753022,18.9734347,2.685578,0.0,0.0,0.0,0.2498906144918635
5609,1791269188477288628,15121410756209,59.98361224600012,primary_goal,8.6753022,18.9734347,2.685578,0.0,0.0,0.0,0.2498906144918635
5610,1791269188487380993,15121421173994,59.994030031000875,primary_goal,8.6753022,18.9734347,2.685578,0.0,0.0,0.0,0.2498906144918635
5611,1791269188497344716,15121431069655,60.00392569200085,primary_goal,8.6753022,18.9734347,2.685578,0.0,0.0,0.0,0.2498906144918635
5612,1791269188507366109,15121440745908,60.01360194500012,primary_goal,8.6753022,18.9734347,2.685578,0.0,0.0,0.0,0.2498906144918635
5613,1791269188517347460,15121450836923,60.023692960001426,primary_goal,8.6753022,18.9734347,2.685578,0.0,0.0,0.0,0.2498906144918635
5614,1791269188527365318,15121460583093,60.03343913000026,primary_goal,8.6753022,18.9734347,2.685578,0.0,0.0,0.0,0.2498906144918635
5615,1791269188537343401,15121470745437,60.04360147400075,primary_goal,8.6753022,18.9734347,2.685578,0.0,0.0,0.0,0.2498906144918635
5616,1791269188547349642,15121480936395,60.0537924320015,primary_goal,8.6753022,18.9734347,2.685578,0.0,0.0,0.0,0.2498906144918635
5617,1791269188557386143,15121491756467,60.06461250400025,primary_goal,8.6753022,18.9734347,2.685578,0.0,0.0,0.0,0.2498906144918635
5618,1791269188567419115,15121501188181,60.07404421800129,primary_goal,8.6753022,18.9734347,2.685578,0.0,0.0,0.0,0.2498906144918635
5619,1791269188577362957,15121510950227,60.083806264001396,primary_goal,8.6753022,18.9734347,2.685578,0.0,0.0,0.0,0.2498906144918635
5620,1791269188587442077,15121521749258,60.09460529500029,primary_goal,8.6753022,18.9734347,2.685578,0.0,0.0,0.0,0.2498906144918635
5621,1791269188597291413,15121530817843,60.103673880001224,primary_goal,8.6753022,18.9734347,2.685578,0.0,0.0,0.0,0.2498906144918635
5622,1791269188607323207,15121540609117,60.11346515400146,primary_goal,8.6753022,18.9734347,2.685578,0.0,0.0,0.0,0.2498906144918635
5623,1791269188617293670,15121550859563,60.12371560000065,primary_goal,8.6753022,18.9734347,2.685578,0.0,0.0,0.0,0.2498906144918635
5624,1791269188627320356,15121560726563,60.13358260000132,primary_goal,8.6753022,18.9734347,2.685578,0.0,0.0,0.0,0.2498906144918635
5625,1791269188637446416,15121571265229,60.14412126600109,primary_goal,8.6753022,18.9734347,2.685578,0.0,0.0,0.0,0.2498906144918635
5626,1791269188647280253,15121581161177,60.154017214001215,primary_goal,8.6753022,18.9734347,2.685578,0.0,0.0,0.0,0.2498906144918635
5627,1791269188657389893,15121591566712,60.16442274900146,primary_goal,8.6753022,18.9734347,2.685578,0.0,0.0,0.0,0.2498906144918635
5628,1791269188667311813,15121601041006,60.17389704300149,primary_goal,8.6753022,18.9734347,2.685578,0.0,0.0,0.0,0.2498906144918635
5629,1791269188677332549,15121611045624,60.18390166100107,primary_goal,8.6753022,18.9734347,2.685578,0.0,0.0,0.0,0.2498906144918635
5630,1791269188687513079,15121622213272,60.195069309000246,primary_goal,8.6753022,18.9734347,2.685578,0.0,0.0,0.0,0.2498906144918635
5631,1791269188697344339,15121631247430,60.204103467000095,primary_goal,8.6753022,18.9734347,2.685578,0.0,0.0,0.0,0.2498906144918635
5632,1791269188707321496,15121640883720,60.21373975700044,primary_goal,8.6753022,18.9734347,2.685578,0.0,0.0,0.0,0.2498906144918635
5633,1791269188717326955,15121650855437,60.22371147400008,primary_goal,8.6753022,18.9734347,2.685578,0.0,0.0,0.0,0.2498906144918635
5634,1791269188727347091,15121661472743,60.234328780001306,primary_goal,8.6753022,18.9734347,2.685578,0.0,0.0,0.0,0.2498906144918635
5635,1791269188737447082,15121671840511,60.24469654800123,primary_goal,8.6753022,18.9734347,2.685578,0.0,0.0,0.0,0.2498906144918635
5636,1791269188747374758,15121681324045,60.25418008199995,primary_goal,8.6753022,18.9734347,2.685578,0.0,0.0,0.0,0.2498906144918635
5637,1791269188757382258,15121692370898,60.2652269350001,primary_goal,8.6753022,18.9734347,2.685578,0.0,0.0,0.0,0.2498906144918635
5638,1791269188767354793,15121701075125,60.273931162000736,primary_goal,8.6753022,18.9734347,2.685578,0.0,0.0,0.0,0.2498906144918635
5639,1791269188777376256,15121711504181,60.284360218000074,primary_goal,8.6753022,18.9734347,2.685578,0.0,0.0,0.0,0.2498906144918635
5640,1791269188787294190,15121720819372,60.29367540900057,primary_goal,8.6753022,18.9734347,2.685578,0.0,0.0,0.0,0.2498906144918635
5641,1791269188797369117,15121731058458,60.303914494999844,primary_goal,8.6753022,18.9734347,2.685578,0.0,0.0,0.0,0.2498906144918635
5642,1791269188807317893,15121740619077,60.31347511400054,primary_goal,8.6753022,18.9734347,2.685578,0.0,0.0,0.0,0.2498906144918635
5643,1791269188817457259,15121750921943,60.32377798000016,primary_goal,8.6753022,18.9734347,2.685578,0.0,0.0,0.0,0.2498906144918635
5644,1791269188827348129,15121760955290,60.33381132700015,primary_goal,8.6753022,18.9734347,2.685578,0.0,0.0,0.0,0.2498906144918635
5645,1791269188837336590,15121771064707,60.34392074400057,primary_goal,8.6753022,18.9734347,2.685578,0.0,0.0,0.0,0.2498906144918635
5646,1791269188847275170,15121780764694,60.353620731000774,primary_goal,8.6753022,18.9734347,2.685578,0.0,0.0,0.0,0.2498906144918635
5647,1791269188857352721,15121791025965,60.36388200200054,primary_goal,8.6753022,18.9734347,2.685578,0.0,0.0,0.0,0.2498906144918635
5648,1791269188867283391,15121800825017,60.37368105400128,primary_goal,8.6753022,18.9734347,2.685578,0.0,0.0,0.0,0.2498906144918635
5649,1791269188877275871,15121810771708,60.38362774500092,primary_goal,8.6753022,18.9734347,2.685578,0.0,0.0,0.0,0.2498906144918635
5650,1791269188887338930,15121821111552,60.39396758900148,primary_goal,8.6753022,18.9734347,2.685578,0.0,0.0,0.0,0.2498906144918635
5651,1791269188897294847,15121831016223,60.403872259999844,primary_goal,8.6753022,18.9734347,2.685578,0.0,0.0,0.0,0.2498906144918635
5652,1791269188907324527,15121840596840,60.413452877000964,primary_goal,8.6753022,18.9734347,2.685578,0.0,0.0,0.0,0.2498906144918635
5653,1791269188917333568,15121850634084,60.42349012100021,primary_goal,8.6753022,18.9734347,2.685578,0.0,0.0,0.0,0.2498906144918635
5654,1791269188927261831,15121860562511,60.43341854800019,primary_goal,8.6753022,18.9734347,2.685578,0.0,0.0,0.0,0.2498906144918635
5655,1791269188937347334,15121870891256,60.44374729300034,primary_goal,8.6753022,18.9734347,2.685578,0.0,0.0,0.0,0.2498906144918635
5656,1791269188947371284,15121881116594,60.45397263100131,primary_goal,8.6753022,18.9734347,2.685578,0.0,0.0,0.0,0.2498906144918635
5657,1791269188957398812,15121891339919,60.46419595600128,primary_goal,8.6753022,18.9734347,2.685578,0.0,0.0,0.0,0.2498906144918635
5658,1791269188967415481,15121901404006,60.47426004299996,primary_goal,8.6753022,18.9734347,2.685578,0.0,0.0,0.0,0.2498906144918635
5659,1791269188977370729,15121910997695,60.48385373200108,primary_goal,8.6753022,18.9734347,2.685578,0.0,0.0,0.0,0.2498906144918635
5660,1791269188987340255,15121921360777,60.49421681400054,primary_goal,8.6753022,18.9734347,2.685578,0.0,0.0,0.0,0.2498906144918635
5661,1791269188997308792,15121931009397,60.503865434000545,primary_goal,8.6753022,18.9734347,2.685578,0.0,0.0,0.0,0.2498906144918635
5662,1791269189007281713,15121940432900,60.51328893700156,primary_goal,8.6753022,18.9734347,2.685578,0.0,0.0,0.0,0.2498906144918635
5663,1791269189017347394,15121950559057,60.52341509400139,primary_goal,8.6753022,18.9734347,2.685578,0.0,0.0,0.0,0.2498906144918635
5664,1791269189027337481,15121960923937,60.533779974000936,primary_goal,8.6753022,18.9734347,2.685578,0.0,0.0,0.0,0.2498906144918635
5665,1791269189037497892,15121971334756,60.54419079299987,primary_goal,8.6753022,18.9734347,2.685578,0.0,0.0,0.0,0.2498906144918635
5666,1791269189047362923,15121981056872,60.553912909001156,primary_goal,8.6753022,18.9734347,2.685578,0.0,0.0,0.0,0.2498906144918635
5667,1791269189057387340,15121991512713,60.56436875000145,primary_goal,8.6753022,18.9734347,2.685578,0.0,0.0,0.0,0.2498906144918635
5668,1791269189067415322,15122001224411,60.57408044800104,primary_goal,8.6753022,18.9734347,2.685578,0.0,0.0,0.0,0.2498906144918635
5669,1791269189077352725,15122010876284,60.58373232099984,primary_goal,8.6753022,18.9734347,2.685578,0.0,0.0,0.0,0.2498906144918635
5670,1791269189087350656,15122021664482,60.59452051900007,primary_goal,8.6753022,18.9734347,2.685578,0.0,0.0,0.0,0.2498906144918635
5671,1791269189097353901,15122030946530,60.60380256700046,primary_goal,8.6753022,18.9734347,2.685578,0.0,0.0,0.0,0.2498906144918635
5672,1791269189107261854,15122040453512,60.613309549000405,primary_goal,8.6753022,18.9734347,2.685578,0.0,0.0,0.0,0.2498906144918635
5673,1791269189117326812,15122050886312,60.62374234900017,primary_goal,8.6753022,18.9734347,2.685578,0.0,0.0,0.0,0.2498906144918635
5674,1791269189127464834,15122061124517,60.63398055400103,primary_goal,8.6753022,18.9734347,2.685578,0.0,0.0,0.0,0.2498906144918635
5675,1791269189137452555,15122071440416,60.644296453001516,primary_goal,8.6753022,18.9734347,2.685578,0.0,0.0,0.0,0.2498906144918635
5676,1791269189147463935,15122081350062,60.654206099001385,primary_goal,8.6753022,18.9734347,2.685578,0.0,0.0,0.0,0.2498906144918635
5677,1791269189157396409,15122091741879,60.664597916000275,primary_goal,8.6753022,18.9734347,2.685578,0.0,0.0,0.0,0.2498906144918635
5678,1791269189167496714,15122101571226,60.674427263000325,primary_goal,8.6753022,18.9734347,2.685578,0.0,0.0,0.0,0.2498906144918635
5679,1791269189177361913,15122111726790,60.68458282700158,primary_goal,8.6753022,18.9734347,2.685578,0.0,0.0,0.0,0.2498906144918635
5680,1791269189187428138,15122121985519,60.69484155600003,primary_goal,8.6753022,18.9734347,2.685578,0.0,0.0,0.0,0.2498906144918635
5681,1791269189197359470,15122131377391,60.70423342800132,primary_goal,8.6753022,18.9734347,2.685578,0.0,0.0,0.0,0.2498906144918635
5682,1791269189207268494,15122140807831,60.71366386800037,primary_goal,8.6753022,18.9734347,2.685578,0.0,0.0,0.0,0.2498906144918635
5683,1791269189217260789,15122150592444,60.72344848100147,primary_goal,8.6753022,18.9734347,2.685578,0.0,0.0,0.0,0.2498906144918635
5684,1791269189227259417,15122160511654,60.73336769100024,primary_goal,8.6753022,18.9734347,2.685578,0.0,0.0,0.0,0.2498906144918635
5685,1791269189237272226,15122170544375,60.74340041200048,primary_goal,8.6753022,18.9734347,2.685578,0.0,0.0,0.0,0.2498906144918635
5686,1791269189247364120,15122180929935,60.753785972001424,primary_goal,8.6753022,18.9734347,2.685578,0.0,0.0,0.0,0.2498906144918635
5687,1791269189257360121,15122191033922,60.76388995900015,primary_goal,8.6753022,18.9734347,2.685578,0.0,0.0,0.0,0.2498906144918635
5688,1791269189267290951,15122200947929,60.77380396600165,primary_goal,8.6753022,18.9734347,2.685578,0.0,0.0,0.0,0.2498906144918635
5689,1791269189277286742,15122210838121,60.7836941580008,primary_goal,8.6753022,18.9734347,2.685578,0.0,0.0,0.0,0.2498906144918635
5690,1791269189287489750,15122221463722,60.794319759001155,primary_goal,8.6753022,18.9734347,2.685578,0.0,0.0,0.0,0.2498906144918635
5691,1791269189297349409,15122231097999,60.803954036000505,primary_goal,8.6753022,18.9734347,2.685578,0.0,0.0,0.0,0.2498906144918635
5692,1791269189307325233,15122240660748,60.81351678500141,primary_goal,8.6753022,18.9734347,2.685578,0.0,0.0,0.0,0.2498906144918635
5693,1791269189317297240,15122250945671,60.823801708000246,primary_goal,8.6753022,18.9734347,2.685578,0.0,0.0,0.0,0.2498906144918635
5694,1791269189327460788,15122261386908,60.83424294500037,primary_goal,8.6753022,18.9734347,2.685578,0.0,0.0,0.0,0.2498906144918635
5695,1791269189337472185,15122271715693,60.8445717300001,primary_goal,8.6753022,18.9734347,2.685578,0.0,0.0,0.0,0.2498906144918635
5696,1791269189347458388,15122281502722,60.854358759001116,primary_goal,8.6753022,18.9734347,2.685578,0.0,0.0,0.0,0.2498906144918635
5697,1791269189357372589,15122291579255,60.86443529200005,primary_goal,8.6753022,18.9734347,2.685578,0.0,0.0,0.0,0.2498906144918635
5698,1791269189367550558,15122302042490,60.87489852700128,primary_goal,8.6753022,18.9734347,2.685578,0.0,0.0,0.0,0.2498906144918635
5699,1791269189377364615,15122310929186,60.883785223000814,primary_goal,8.6753022,18.9734347,2.685578,0.0,0.0,0.0,0.2498906144918635
5700,1791269189387340130,15122321496597,60.894352634000825,primary_goal,8.6753022,18.9734347,2.685578,0.0,0.0,0.0,0.2498906144918635
5701,1791269189397339623,15122330942442,60.903798479001125,primary_goal,8.6753022,18.9734347,2.685578,0.0,0.0,0.0,0.2498906144918635
5702,1791269189407316313,15122340633514,60.913489551001476,primary_goal,8.6753022,18.9734347,2.685578,0.0,0.0,0.0,0.2498906144918635
5703,1791269189417337881,15122350603673,60.923459710000316,primary_goal,8.6753022,18.9734347,2.685578,0.0,0.0,0.0,0.2498906144918635
5704,1791269189427427452,15122360934207,60.93379024400019,primary_goal,8.6753022,18.9734347,2.685578,0.0,0.0,0.0,0.2498906144918635
5705,1791269189437463599,15122371482203,60.944338240000434,primary_goal,8.6753022,18.9734347,2.685578,0.0,0.0,0.0,0.2498906144918635
5706,1791269189447364709,15122381172038,60.95402807500068,primary_goal,8.6753022,18.9734347,2.685578,0.0,0.0,0.0,0.2498906144918635
5707,1791269189457525864,15122391832612,60.96468864900089,primary_goal,8.6753022,18.9734347,2.685578,0.0,0.0,0.0,0.2498906144918635
5708,1791269189467443932,15122401761199,60.974617236000995,primary_goal,8.6753022,18.9734347,2.685578,0.0,0.0,0.0,0.2498906144918635
5709,1791269189477381972,15122411614596,60.984470633000456,primary_goal,8.6753022,18.9734347,2.685578,0.0,0.0,0.0,0.2498906144918635
5710,1791269189487334225,15122421884341,60.99474037800064,primary_goal,8.6753022,18.9734347,2.685578,0.0,0.0,0.0,0.2498906144918635
5711,1791269189497319500,15122431026899,61.00388293600008,primary_goal,8.6753022,18.9734347,2.685578,0.0,0.0,0.0,0.2498906144918635
5712,1791269189507316606,15122440843207,61.013699244000236,primary_goal,8.6753022,18.9734347,2.685578,0.0,0.0,0.0,0.2498906144918635
5713,1791269189517262377,15122450943579,61.02379961600127,primary_goal,8.6753022,18.9734347,2.685578,0.0,0.0,0.0,0.2498906144918635
5714,1791269189527382493,15122461108924,61.0339649610014,primary_goal,8.6753022,18.9734347,2.685578,0.0,0.0,0.0,0.2498906144918635
5715,1791269189537461757,15122471368269,61.044224306000615,primary_goal,8.6753022,18.9734347,2.685578,0.0,0.0,0.0,0.2498906144918635
5716,1791269189547362778,15122481407753,61.05426379000164,primary_goal,8.6753022,18.9734347,2.685578,0.0,0.0,0.0,0.2498906144918635
5717,1791269189557386288,15122491571678,61.06442771500042,primary_goal,8.6753022,18.9734347,2.685578,0.0,0.0,0.0,0.2498906144918635
5718,1791269189567440466,15122501901563,61.07475760000125,primary_goal,8.6753022,18.9734347,2.685578,0.0,0.0,0.0,0.2498906144918635
5719,1791269189577329441,15122511378097,61.084234134001235,primary_goal,8.6753022,18.9734347,2.685578,0.0,0.0,0.0,0.2498906144918635
5720,1791269189587332743,15122521584147,61.09444018400063,primary_goal,8.6753022,18.9734347,2.685578,0.0,0.0,0.0,0.2498906144918635
5721,1791269189597347362,15122530893619,61.10374965600022,primary_goal,8.6753022,18.9734347,2.685578,0.0,0.0,0.0,0.2498906144918635
5722,1791269189607310972,15122540697713,61.1135537500013,primary_goal,8.6753022,18.9734347,2.685578,0.0,0.0,0.0,0.2498906144918635
5723,1791269189617321817,15122550649098,61.123505135001324,primary_goal,8.6753022,18.9734347,2.685578,0.0,0.0,0.0,0.2498906144918635
5724,1791269189627441031,15122560662975,61.13351901200076,primary_goal,8.6753022,18.9734347,2.685578,0.0,0.0,0.0,0.2498906144918635
5725,1791269189637464439,15122571268634,61.1441246710001,primary_goal,8.6753022,18.9734347,2.685578,0.0,0.0,0.0,0.2498906144918635
5726,1791269189647306518,15122580850765,61.15370680200067,primary_goal,8.6753022,18.9734347,2.685578,0.0,0.0,0.0,0.2498906144918635
5727,1791269189657387994,15122591070194,61.163926231000005,primary_goal,8.6753022,18.9734347,2.685578,0.0,0.0,0.0,0.2498906144918635
5728,1791269189667553298,15122601891751,61.17474778799988,primary_goal,8.6753022,18.9734347,2.685578,0.0,0.0,0.0,0.2498906144918635
5729,1791269189677480097,15122611438151,61.18429418800042,primary_goal,8.6753022,18.9734347,2.685578,0.0,0.0,0.0,0.2498906144918635
5730,1791269189687508633,15122622250962,61.19510699900093,primary_goal,8.6753022,18.9734347,2.685578,0.0,0.0,0.0,0.2498906144918635
5731,1791269189697346672,15122631222566,61.20407860300111,primary_goal,8.6753022,18.9734347,2.685578,0.0,0.0,0.0,0.2498906144918635
5732,1791269189707251713,15122640688237,61.213544274000014,primary_goal,8.6753022,18.9734347,2.685578,0.0,0.0,0.0,0.2498906144918635
5733,1791269189717341842,15122651011901,61.223867938000694,primary_goal,8.6753022,18.9734347,2.685578,0.0,0.0,0.0,0.2498906144918635
5734,1791269189727384815,15122660877711,61.233733748000304,primary_goal,8.6753022,18.9734347,2.685578,0.0,0.0,0.0,0.2498906144918635
5735,1791269189737482881,15122671560189,61.244416225999885,primary_goal,8.6753022,18.9734347,2.685578,0.0,0.0,0.0,0.2498906144918635
5736,1791269189747367001,15122681689018,61.25454505500056,primary_goal,8.6753022,18.9734347,2.685578,0.0,0.0,0.0,0.2498906144918635
5737,1791269189757510007,15122691747068,61.26460310500079,primary_goal,8.6753022,18.9734347,2.685578,0.0,0.0,0.0,0.2498906144918635
5738,1791269189767531783,15122702227377,61.27508341400062,primary_goal,8.6753022,18.9734347,2.685578,0.0,0.0,0.0,0.2498906144918635
5739,1791269189777355521,15122711775511,61.28463154800011,primary_goal,8.6753022,18.9734347,2.685578,0.0,0.0,0.0,0.2498906144918635
5740,1791269189787294303,15122721662764,61.29451880099987,primary_goal,8.6753022,18.9734347,2.685578,0.0,0.0,0.0,0.2498906144918635
5741,1791269189797358193,15122731060686,61.30391672299993,primary_goal,8.6753022,18.9734347,2.685578,0.0,0.0,0.0,0.2498906144918635
5742,1791269189807316930,15122740641655,61.313497692000965,primary_goal,8.6753022,18.9734347,2.685578,0.0,0.0,0.0,0.2498906144918635
5743,1791269189817318213,15122750622487,61.323478524000166,primary_goal,8.6753022,18.9734347,2.685578,0.0,0.0,0.0,0.2498906144918635
5744,1791269189827460907,15122761164967,61.33402100400053,primary_goal,8.6753022,18.9734347,2.685578,0.0,0.0,0.0,0.2498906144918635
5745,1791269189837458336,15122771378855,61.34423489200162,primary_goal,8.6753022,18.9734347,2.685578,0.0,0.0,0.0,0.2498906144918635
5746,1791269189847300082,15122780823176,61.35367921299985,primary_goal,8.6753022,18.9734347,2.685578,0.0,0.0,0.0,0.2498906144918635
5747,1791269189857434054,15122791385895,61.36424193200037,primary_goal,8.6753022,18.9734347,2.685578,0.0,0.0,0.0,0.2498906144918635
5748,1791269189867410356,15122801359898,61.37421593500039,primary_goal,8.6753022,18.9734347,2.685578,0.0,0.0,0.0,0.2498906144918635
5749,1791269189877371546,15122810955743,61.38381178000054,primary_goal,8.6753022,18.9734347,2.685578,0.0,0.0,0.0,0.2498906144918635
5750,1791269189887301965,15122821537059,61.394393096001295,primary_goal,8.6753022,18.9734347,2.685578,0.0,0.0,0.0,0.2498906144918635
5751,1791269189897369178,15122831269275,61.40412531200127,primary_goal,8.6753022,18.9734347,2.685578,0.0,0.0,0.0,0.2498906144918635
5752,1791269189907385435,15122840610216,61.41346625300139,primary_goal,8.6753022,18.9734347,2.685578,0.0,0.0,0.0,0.2498906144918635
5753,1791269189917320860,15122850411366,61.423267403000864,primary_goal,8.6753022,18.9734347,2.685578,0.0,0.0,0.0,0.2498906144918635
5754,1791269189927326889,15122860414513,61.43327055000009,primary_goal,8.6753022,18.9734347,2.685578,0.0,0.0,0.0,0.2498906144918635
5755,1791269189937390543,15122870715536,61.44357157300146,primary_goal,8.6753022,18.9734347,2.685578,0.0,0.0,0.0,0.2498906144918635
5756,1791269189947302543,15122880614881,61.453470918000676,primary_goal,8.6753022,18.9734347,2.685578,0.0,0.0,0.0,0.2498906144918635
5757,1791269189957438896,15122891021237,61.46387727399997,primary_goal,8.6753022,18.9734347,2.685578,0.0,0.0,0.0,0.2498906144918635
5758,1791269189967348165,15122900944720,61.4738007570013,primary_goal,8.6753022,18.9734347,2.685578,0.0,0.0,0.0,0.2498906144918635
5759,1791269189977346924,15122910636745,61.48349278200112,primary_goal,8.6753022,18.9734347,2.685578,0.0,0.0,0.0,0.2498906144918635
5760,1791269189987454054,15122921045903,61.4939019400008,primary_goal,8.6753022,18.9734347,2.685578,0.0,0.0,0.0,0.2498906144918635
5761,1791269189997301782,15122930644077,61.50350011400042,primary_goal,8.6753022,18.9734347,2.685578,0.0,0.0,0.0,0.2498906144918635
5762,1791269190007358068,15122940450514,61.513306550999914,primary_goal,8.6753022,18.9734347,2.685578,0.0,0.0,0.0,0.2498906144918635
5763,1791269190017260683,15122950318049,61.523174085999926,primary_goal,8.6753022,18.9734347,2.685578,0.0,0.0,0.0,0.2498906144918635
5764,1791269190027323617,15122960475704,61.53333174100044,primary_goal,8.6753022,18.9734347,2.685578,0.0,0.0,0.0,0.2498906144918635
5765,1791269190037337000,15122970633900,61.54348993700114,primary_goal,8.6753022,18.9734347,2.685578,0.0,0.0,0.0,0.2498906144918635
5766,1791269190047309649,15122980922264,61.55377830100042,primary_goal,8.6753022,18.9734347,2.685578,0.0,0.0,0.0,0.2498906144918635
5767,1791269190057420861,15122991748862,61.56460489900019,primary_goal,8.6753022,18.9734347,2.685578,0.0,0.0,0.0,0.2498906144918635
5768,1791269190067427539,15123001252002,61.57410803899984,primary_goal,8.6753022,18.9734347,2.685578,0.0,0.0,0.0,0.2498906144918635
5769,1791269190077431895,15123011026646,61.58388268300041,primary_goal,8.6753022,18.9734347,2.685578,0.0,0.0,0.0,0.2498906144918635
5770,1791269190087403516,15123021366856,61.59422289300164,primary_goal,8.6753022,18.9734347,2.685578,0.0,0.0,0.0,0.2498906144918635
5771,1791269190097336276,15123030972813,61.603828850000355,primary_goal,8.6753022,18.9734347,2.685578,0.0,0.0,0.0,0.2498906144918635
5772,1791269190107365456,15123040642345,61.613498382001126,primary_goal,8.6753022,18.9734347,2.685578,0.0,0.0,0.0,0.2498906144918635
5773,1791269190117293878,15123050520192,61.623376229001224,primary_goal,8.6753022,18.9734347,2.685578,0.0,0.0,0.0,0.2498906144918635
5774,1791269190127383181,15123060674026,61.63353006299985,primary_goal,8.6753022,18.9734347,2.685578,0.0,0.0,0.0,0.2498906144918635
5775,1791269190137384365,15123070865579,61.64372161600113,primary_goal,8.6753022,18.9734347,2.685578,0.0,0.0,0.0,0.2498906144918635
5776,1791269190147404805,15123080946448,61.653802485001506,primary_goal,8.6753022,18.9734347,2.685578,0.0,0.0,0.0,0.2498906144918635
5777,1791269190157426303,15123091152223,61.66400826000063,primary_goal,8.6753022,18.9734347,2.685578,0.0,0.0,0.0,0.2498906144918635
5778,1791269190167308239,15123101682529,61.6745385660015,primary_goal,8.6753022,18.9734347,2.685578,0.0,0.0,0.0,0.2498906144918635
5779,1791269190177279049,15123110881367,61.68373740400057,primary_goal,8.6753022,18.9734347,2.685578,0.0,0.0,0.0,0.2498906144918635
5780,1791269190187530261,15123121983107,61.69483914400007,primary_goal,8.6753022,18.9734347,2.685578,0.0,0.0,0.0,0.2498906144918635
5781,1791269190197386123,15123130999056,61.70385509300104,primary_goal,8.6753022,18.9734347,2.685578,0.0,0.0,0.0,0.2498906144918635
5782,1791269190207368956,15123140624525,61.71348056200077,primary_goal,8.6753022,18.9734347,2.685578,0.0,0.0,0.0,0.2498906144918635
5783,1791269190217289582,15123150614228,61.72347026500029,primary_goal,8.6753022,18.9734347,2.685578,0.0,0.0,0.0,0.2498906144918635
5784,1791269190227481136,15123161121084,61.73397712100086,primary_goal,8.6753022,18.9734347,2.685578,0.0,0.0,0.0,0.2498906144918635
5785,1791269190237481993,15123171289726,61.74414576300114,primary_goal,8.6753022,18.9734347,2.685578,0.0,0.0,0.0,0.2498906144918635
5786,1791269190247354931,15123181223335,61.75407937199998,primary_goal,8.6753022,18.9734347,2.685578,0.0,0.0,0.0,0.2498906144918635
5787,1791269190257415784,15123191113662,61.76396969900088,primary_goal,8.6753022,18.9734347,2.685578,0.0,0.0,0.0,0.2498906144918635
5788,1791269190267574554,15123201963439,61.77481947600063,primary_goal,8.6753022,18.9734347,2.685578,0.0,0.0,0.0,0.2498906144918635
5789,1791269190277429710,15123211412752,61.784268789000635,primary_goal,8.6753022,18.9734347,2.685578,0.0,0.0,0.0,0.2498906144918635
5790,1791269190287408057,15123221442772,61.79429880899988,primary_goal,8.6753022,18.9734347,2.685578,0.0,0.0,0.0,0.2498906144918635
5791,1791269190297391906,15123231048692,61.80390472900035,primary_goal,8.6753022,18.9734347,2.685578,0.0,0.0,0.0,0.2498906144918635
5792,1791269190307319626,15123240572430,61.81342846700136,primary_goal,8.6753022,18.9734347,2.685578,0.0,0.0,0.0,0.2498906144918635
5793,1791269190317351889,15123250665956,61.82352199300112,primary_goal,8.6753022,18.9734347,2.685578,0.0,0.0,0.0,0.2498906144918635
5794,1791269190327316587,15123260925171,61.8337812080008,primary_goal,8.6753022,18.9734347,2.685578,0.0,0.0,0.0,0.2498906144918635
5795,1791269190337380703,15123270669701,61.84352573800061,primary_goal,8.6753022,18.9734347,2.685578,0.0,0.0,0.0,0.2498906144918635
5796,1791269190347404302,15123281236902,61.85409293900011,primary_goal,8.6753022,18.9734347,2.685578,0.0,0.0,0.0,0.2498906144918635
5797,1791269190357522013,15123291588929,61.86444496600052,primary_goal,8.6753022,18.9734347,2.685578,0.0,0.0,0.0,0.2498906144918635
5798,1791269190367426305,15123301705118,61.874561155000265,primary_goal,8.6753022,18.9734347,2.685578,0.0,0.0,0.0,0.2498906144918635
5799,1791269190377288514,15123311335647,61.88419168400105,primary_goal,8.6753022,18.9734347,2.685578,0.0,0.0,0.0,0.2498906144918635
5800,1791269190387377214,15123321373873,61.89422990999992,primary_goal,8.6753022,18.9734347,2.685578,0.0,0.0,0.0,0.2498906144918635
5801,1791269190397400868,15123331090788,61.903946825001185,primary_goal,8.6753022,18.9734347,2.685578,0.0,0.0,0.0,0.2498906144918635
5802,1791269190407299214,15123340502257,61.91335829400123,primary_goal,8.6753022,18.9734347,2.685578,0.0,0.0,0.0,0.2498906144918635
5803,1791269190417368458,15123350633466,61.92348950300038,primary_goal,8.6753022,18.9734347,2.685578,0.0,0.0,0.0,0.2498906144918635
5804,1791269190427482418,15123361155322,61.93401135900058,primary_goal,8.6753022,18.9734347,2.685578,0.0,0.0,0.0,0.2498906144918635
5805,1791269190437492777,15123371303287,61.94415932400079,primary_goal,8.6753022,18.9734347,2.685578,0.0,0.0,0.0,0.2498906144918635
5806,1791269190447365978,15123381338189,61.954194226000254,primary_goal,8.6753022,18.9734347,2.685578,0.0,0.0,0.0,0.2498906144918635
5807,1791269190457391814,15123391159194,61.9640152310003,primary_goal,8.6753022,18.9734347,2.685578,0.0,0.0,0.0,0.2498906144918635
5808,1791269190467451846,15123401471206,61.974327243000516,primary_goal,8.6753022,18.9734347,2.685578,0.0,0.0,0.0,0.2498906144918635
5809,1791269190477426428,15123411365816,61.984221853001145,primary_goal,8.6753022,18.9734347,2.685578,0.0,0.0,0.0,0.2498906144918635
5810,1791269190487531081,15123422162851,61.99501888800114,primary_goal,8.6753022,18.9734347,2.685578,0.0,0.0,0.0,0.2498906144918635
5811,1791269190497348753,15123430998002,62.00385403900145,primary_goal,8.6753022,18.9734347,2.685578,0.0,0.0,0.0,0.2498906144918635
5812,1791269190507363584,15123440635361,62.01349139800004,primary_goal,8.6753022,18.9734347,2.685578,0.0,0.0,0.0,0.2498906144918635
5813,1791269190517463357,15123451161448,62.02401748500051,primary_goal,8.6753022,18.9734347,2.685578,0.0,0.0,0.0,0.2498906144918635
5814,1791269190527490975,15123461338219,62.034194256000774,primary_goal,8.6753022,18.9734347,2.685578,0.0,0.0,0.0,0.2498906144918635
5815,1791269190537474702,15123471362419,62.044218456001545,primary_goal,8.6753022,18.9734347,2.685578,0.0,0.0,0.0,0.2498906144918635
5816,1791269190547510848,15123481657159,62.0545131960007,primary_goal,8.6753022,18.9734347,2.685578,0.0,0.0,0.0,0.2498906144918635
5817,1791269190557652728,15123492117057,62.06497309400038,primary_goal,8.6753022,18.9734347,2.685578,0.0,0.0,0.0,0.2498906144918635
5818,1791269190567429254,15123501839686,62.07469572300033,primary_goal,8.6753022,18.9734347,2.685578,0.0,0.0,0.0,0.2498906144918635
5819,1791269190577365726,15123510949851,62.083805887999915,primary_goal,8.6753022,18.9734347,2.685578,0.0,0.0,0.0,0.2498906144918635
5820,1791269190587395540,15123521638799,62.094494836001104,primary_goal,8.6753022,18.9734347,2.685578,0.0,0.0,0.0,0.2498906144918635
5821,1791269190597403591,15123531140191,62.10399622800105,primary_goal,8.6753022,18.9734347,2.685578,0.0,0.0,0.0,0.2498906144918635
5822,1791269190607232241,15123540475680,62.11333171700062,primary_goal,8.6753022,18.9734347,2.685578,0.0,0.0,0.0,0.2498906144918635
5823,1791269190617343450,15123550827397,62.12368343400158,primary_goal,8.6753022,18.9734347,2.685578,0.0,0.0,0.0,0.2498906144918635
5824,1791269190627475606,15123560741384,62.13359742100147,primary_goal,8.6753022,18.9734347,2.685578,0.0,0.0,0.0,0.2498906144918635
5825,1791269190637482350,15123571234141,62.144090178000624,primary_goal,8.6753022,18.9734347,2.685578,0.0,0.0,0.0,0.2498906144918635
5826,1791269190647256776,15123580742369,62.15359840600104,primary_goal,8.6753022,18.9734347,2.685578,0.0,0.0,0.0,0.2498906144918635
5827,1791269190657254137,15123590955202,62.16381123900101,primary_goal,8.6753022,18.9734347,2.685578,0.0,0.0,0.0,0.2498906144918635
5828,1791269190667255272,15123601127493,62.17398353000135,primary_goal,8.6753022,18.9734347,2.685578,0.0,0.0,0.0,0.2498906144918635
5829,1791269190677363385,15123611330685,62.18418672200096,primary_goal,8.6753022,18.9734347,2.685578,0.0,0.0,0.0,0.2498906144918635
5830,1791269190687382591,15123621149279,62.194005316001494,primary_goal,8.6753022,18.9734347,2.685578,0.0,0.0,0.0,0.2498906144918635
5831,1791269190697283171,15123630888291,62.20374432800054,primary_goal,8.6753022,18.9734347,2.685578,0.0,0.0,0.0,0.2498906144918635
5832,1791269190707317603,15123640441415,62.213297452000916,primary_goal,8.6753022,18.9734347,2.685578,0.0,0.0,0.0,0.2498906144918635
5833,1791269190717332438,15123650961191,62.22381722800128,primary_goal,8.6753022,18.9734347,2.685578,0.0,0.0,0.0,0.2498906144918635
5834,1791269190727464906,15123661167178,62.23402321499998,primary_goal,8.6753022,18.9734347,2.685578,0.0,0.0,0.0,0.2498906144918635
5835,1791269190737354435,15123671131870,62.2439879070007,primary_goal,8.6753022,18.9734347,2.685578,0.0,0.0,0.0,0.2498906144918635
5836,1791269190747491198,15123681449972,62.254306009001084,primary_goal,8.6753022,18.9734347,2.685578,0.0,0.0,0.0,0.2498906144918635
5837,1791269190757502412,15123691738467,62.26459450400034,primary_goal,8.6753022,18.9734347,2.685578,0.0,0.0,0.0,0.2498906144918635
5838,1791269190767356375,15123701218032,62.27407406900056,primary_goal,8.6753022,18.9734347,2.685578,0.0,0.0,0.0,0.2498906144918635
5839,1791269190777245455,15123710584734,62.28344077100155,primary_goal,8.6753022,18.9734347,2.685578,0.0,0.0,0.0,0.2498906144918635
5840,1791269190787242643,15123720905563,62.293761599999925,primary_goal,8.6753022,18.9734347,2.685578,0.0,0.0,0.0,0.2498906144918635
5841,1791269190797331940,15123730906322,62.30376235900076,primary_goal,8.6753022,18.9734347,2.685578,0.0,0.0,0.0,0.2498906144918635
5842,1791269190807330009,15123740466710,62.31332274700071,primary_goal,8.6753022,18.9734347,2.685578,0.0,0.0,0.0,0.2498906144918635
5843,1791269190817322203,15123751075427,62.32393146400136,primary_goal,8.6753022,18.9734347,2.685578,0.0,0.0,0.0,0.2498906144918635
5844,1791269190827464097,15123761153653,62.33400969000104,primary_goal,8.6753022,18.9734347,2.685578,0.0,0.0,0.0,0.2498906144918635
5845,1791269190837261531,15123771018583,62.34387462000086,primary_goal,8.6753022,18.9734347,2.685578,0.0,0.0,0.0,0.2498906144918635
5846,1791269190847283790,15123780631976,62.35348801300097,primary_goal,8.6753022,18.9734347,2.685578,0.0,0.0,0.0,0.2498906144918635
5847,1791269190857253249,15123790736198,62.3635922350004,primary_goal,8.6753022,18.9734347,2.685578,0.0,0.0,0.0,0.2498906144918635
5848,1791269190867413633,15123801232599,62.374088636001034,primary_goal,8.6753022,18.9734347,2.685578,0.0,0.0,0.0,0.2498906144918635
5849,1791269190877262869,15123811108603,62.38396464000107,primary_goal,8.6753022,18.9734347,2.685578,0.0,0.0,0.0,0.2498906144918635
5850,1791269190887267611,15123820766208,62.3936222450011,primary_goal,8.6753022,18.9734347,2.685578,0.0,0.0,0.0,0.2498906144918635
5851,1791269190897378388,15123830981199,62.40383723600098,primary_goal,8.6753022,18.9734347,2.685578,0.0,0.0,0.0,0.2498906144918635
5852,1791269190907255934,15123840468475,62.413324512001054,primary_goal,8.6753022,18.9734347,2.685578,0.0,0.0,0.0,0.2498906144918635
5853,1791269190917400876,15123850873882,62.423729919000834,primary_goal,8.6753022,18.9734347,2.685578,0.0,0.0,0.0,0.2498906144918635
5854,1791269190927482334,15123861163523,62.434019560001616,primary_goal,8.6753022,18.9734347,2.685578,0.0,0.0,0.0,0.2498906144918635
5855,1791269190937341904,15123871026948,62.44388298500053,primary_goal,8.6753022,18.9734347,2.685578,0.0,0.0,0.0,0.2498906144918635
5856,1791269190947440129,15123880985760,62.45384179700159,primary_goal,8.6753022,18.9734347,2.685578,0.0,0.0,0.0,0.2498906144918635
5857,1791269190957466898,15123891447474,62.46430351100025,primary_goal,8.6753022,18.9734347,2.685578,0.0,0.0,0.0,0.2498906144918635
5858,1791269190967355610,15123901291020,62.474147057000664,primary_goal,8.6753022,18.9734347,2.685578,0.0,0.0,0.0,0.2498906144918635
5859,1791269190977281228,15123910993873,62.48384991000057,primary_goal,8.6753022,18.9734347,2.685578,0.0,0.0,0.0,0.2498906144918635
5860,1791269190987491914,15123921889975,62.49474601200018,primary_goal,8.6753022,18.9734347,2.685578,0.0,0.0,0.0,0.2498906144918635
5861,1791269190997372704,15123931021951,62.50387798800148,primary_goal,8.6753022,18.9734347,2.685578,0.0,0.0,0.0,0.2498906144918635
5862,1791269191007207515,15123940388553,62.513244589999886,primary_goal,8.6753022,18.9734347,2.685578,0.0,0.0,0.0,0.2498906144918635
5863,1791269191017338435,15123950672162,62.52352819900079,primary_goal,8.6753022,18.9734347,2.685578,0.0,0.0,0.0,0.2498906144918635
5864,1791269191027472880,15123961161227,62.534017264000795,primary_goal,8.6753022,18.9734347,2.685578,0.0,0.0,0.0,0.2498906144918635
5865,1791269191037390842,15123971188736,62.54404477300159,primary_goal,8.6753022,18.9734347,2.685578,0.0,0.0,0.0,0.2498906144918635
5866,1791269191047268268,15123980874646,62.55373068300105,primary_goal,8.6753022,18.9734347,2.685578,0.0,0.0,0.0,0.2498906144918635
5867,1791269191057453342,15123991645772,62.56450180899992,primary_goal,8.6753022,18.9734347,2.685578,0.0,0.0,0.0,0.2498906144918635
5868,1791269191067426769,15124001749945,62.57460598200123,primary_goal,8.6753022,18.9734347,2.685578,0.0,0.0,0.0,0.2498906144918635
5869,1791269191077354370,15124010869147,62.583725184000286,primary_goal,8.6753022,18.9734347,2.685578,0.0,0.0,0.0,0.2498906144918635
5870,1791269191087430411,15124021825819,62.594681856000534,primary_goal,8.6753022,18.9734347,2.685578,0.0,0.0,0.0,0.2498906144918635
5871,1791269191097459244,15124031145604,62.60400164100065,primary_goal,8.6753022,18.9734347,2.685578,0.0,0.0,0.0,0.2498906144918635
5872,1791269191107332277,15124040537033,62.61339307000162,primary_goal,8.6753022,18.9734347,2.685578,0.0,0.0,0.0,0.2498906144918635
5873,1791269191117372697,15124050621721,62.62347775800117,primary_goal,8.6753022,18.9734347,2.685578,0.0,0.0,0.0,0.2498906144918635
5874,1791269191127471364,15124061086389,62.63394242600043,primary_goal,8.6753022,18.9734347,2.685578,0.0,0.0,0.0,0.2498906144918635
5875,1791269191137321937,15124070927346,62.64378338300048,primary_goal,8.6753022,18.9734347,2.685578,0.0,0.0,0.0,0.2498906144918635
5876,1791269191147349469,15124081242052,62.6540980890004,primary_goal,8.6753022,18.9734347,2.685578,0.0,0.0,0.0,0.2498906144918635
5877,1791269191157496545,15124091585350,62.6644413869999,primary_goal,8.6753022,18.9734347,2.685578,0.0,0.0,0.0,0.2498906144918635
5878,1791269191167296742,15124101619102,62.674475139001515,primary_goal,8.6753022,18.9734347,2.685578,0.0,0.0,0.0,0.2498906144918635
5879,1791269191177210423,15124110769914,62.68362595100007,primary_goal,8.6753022,18.9734347,2.685578,0.0,0.0,0.0,0.2498906144918635
5880,1791269191187276852,15124120888023,62.693744060001336,primary_goal,8.6753022,18.9734347,2.685578,0.0,0.0,0.0,0.2498906144918635
5881,1791269191197288803,15124130850148,62.703706185000556,primary_goal,8.6753022,18.9734347,2.685578,0.0,0.0,0.0,0.2498906144918635
5882,1791269191207323505,15124140605465,62.71346150200043,primary_goal,8.6753022,18.9734347,2.685578,0.0,0.0,0.0,0.2498906144918635
5883,1791269191217333701,15124150541276,62.72339731300053,primary_goal,8.6753022,18.9734347,2.685578,0.0,0.0,0.0,0.2498906144918635
5884,1791269191227458989,15124161215851,62.73407188800047,primary_goal,8.6753022,18.9734347,2.685578,0.0,0.0,0.0,0.2498906144918635
5885,1791269191237345763,15124171275296,62.74413133300004,primary_goal,8.6753022,18.9734347,2.685578,0.0,0.0,0.0,0.2498906144918635
5886,1791269191247373715,15124181115258,62.753971295000156,primary_goal,8.6753022,18.9734347,2.685578,0.0,0.0,0.0,0.2498906144918635
5887,1791269191257264388,15124190620208,62.763476245001584,primary_goal,8.6753022,18.9734347,2.685578,0.0,0.0,0.0,0.2498906144918635
5888,1791269191267244376,15124200409210,62.77326524700038,primary_goal,8.6753022,18.9734347,2.685578,0.0,0.0,0.0,0.2498906144918635
5889,1791269191277251514,15124210454180,62.78331021700069,primary_goal,8.6753022,18.9734347,2.685578,0.0,0.0,0.0,0.2498906144918635
5890,1791269191287201040,15124220531942,62.793387979001636,primary_goal,8.6753022,18.9734347,2.685578,0.0,0.0,0.0,0.2498906144918635
5891,1791269191297350336,15124230850807,62.80370684400077,primary_goal,8.6753022,18.9734347,2.685578,0.0,0.0,0.0,0.2498906144918635
5892,1791269191307337926,15124240482751,62.81333878800069,primary_goal,8.6753022,18.9734347,2.685578,0.0,0.0,0.0,0.2498906144918635
5893,1791269191317490862,15124251026828,62.823882865000996,primary_goal,8.6753022,18.9734347,2.685578,0.0,0.0,0.0,0.2498906144918635
5894,1791269191327379175,15124261183190,62.834039227000176,primary_goal,8.6753022,18.9734347,2.685578,0.0,0.0,0.0,0.2498906144918635
5895,1791269191337254763,15124271278470,62.84413450700049,primary_goal,8.6753022,18.9734347,2.685578,0.0,0.0,0.0,0.2498906144918635
5896,1791269191347410460,15124281441275,62.8542973120002,primary_goal,8.6753022,18.9734347,2.685578,0.0,0.0,0.0,0.2498906144918635
5897,1791269191357524187,15124291780769,62.86463680599991,primary_goal,8.6753022,18.9734347,2.685578,0.0,0.0,0.0,0.2498906144918635
5898,1791269191367467674,15124301548505,62.874404542000775,primary_goal,8.6753022,18.9734347,2.685578,0.0,0.0,0.0,0.2498906144918635
5899,1791269191377281338,15124310859159,62.8837151960015,primary_goal,8.6753022,18.9734347,2.685578,0.0,0.0,0.0,0.2498906144918635
5900,1791269191387429330,15124321840714,62.89469675100008,primary_goal,8.6753022,18.9734347,2.685578,0.0,0.0,0.0,0.2498906144918635
5901,1791269191397338840,15124331115637,62.903971674000786,primary_goal,8.6753022,18.9734347,2.685578,0.0,0.0,0.0,0.2498906144918635
5902,1791269191407315499,15124340538968,62.913395004999984,primary_goal,8.6753022,18.9734347,2.685578,0.0,0.0,0.0,0.2498906144918635
5903,1791269191417371539,15124350639438,62.92349547500089,primary_goal,8.6753022,18.9734347,2.685578,0.0,0.0,0.0,0.2498906144918635
5904,1791269191427471078,15124361054095,62.933910132000165,primary_goal,8.6753022,18.9734347,2.685578,0.0,0.0,0.0,0.2498906144918635
5905,1791269191437371001,15124371149286,62.944005323000965,primary_goal,8.6753022,18.9734347,2.685578,0.0,0.0,0.0,0.2498906144918635
5906,1791269191447326336,15124381233905,62.95408994200079,primary_goal,8.6753022,18.9734347,2.685578,0.0,0.0,0.0,0.2498906144918635
5907,1791269191457411695,15124391625495,62.96448153200072,primary_goal,8.6753022,18.9734347,2.685578,0.0,0.0,0.0,0.2498906144918635
5908,1791269191467365490,15124401639978,62.97449601500011,primary_goal,8.6753022,18.9734347,2.685578,0.0,0.0,0.0,0.2498906144918635
5909,1791269191477487807,15124411562634,62.98441867100155,primary_goal,8.6753022,18.9734347,2.685578,0.0,0.0,0.0,0.2498906144918635
5910,1791269191487262007,15124421895528,62.994751565000115,primary_goal,8.6753022,18.9734347,2.685578,0.0,0.0,0.0,0.2498906144918635
5911,1791269191497352698,15124430966003,63.00382204000016,primary_goal,8.6753022,18.9734347,2.685578,0.0,0.0,0.0,0.2498906144918635
5912,1791269191507271729,15124440801138,63.013657175000844,primary_goal,8.6753022,18.9734347,2.685578,0.0,0.0,0.0,0.2498906144918635
5913,1791269191517297284,15124451010656,63.023866692999945,primary_goal,8.6753022,18.9734347,2.685578,0.0,0.0,0.0,0.2498906144918635
5914,1791269191527472823,15124461185718,63.034041755001454,primary_goal,8.6753022,18.9734347,2.685578,0.0,0.0,0.0,0.2498906144918635
5915,1791269191537395309,15124471143754,63.043999791001625,primary_goal,8.6753022,18.9734347,2.685578,0.0,0.0,0.0,0.2498906144918635
5916,1791269191547404167,15124480997969,63.05385400600062,primary_goal,8.6753022,18.9734347,2.685578,0.0,0.0,0.0,0.2498906144918635
5917,1791269191557481783,15124491735101,63.06459113800156,primary_goal,8.6753022,18.9734347,2.685578,0.0,0.0,0.0,0.2498906144918635
5918,1791269191567273138,15124501426253,63.074282290001065,primary_goal,8.6753022,18.9734347,2.685578,0.0,0.0,0.0,0.2498906144918635
5919,1791269191577362221,15124510940509,63.083796546001395,primary_goal,8.6753022,18.9734347,2.685578,0.0,0.0,0.0,0.2498906144918635
5920,1791269191587420217,15124521341297,63.094197334001365,primary_goal,8.6753022,18.9734347,2.685578,0.0,0.0,0.0,0.2498906144918635
5921,1791269191597360785,15124530914886,63.10377092300041,primary_goal,8.6753022,18.9734347,2.685578,0.0,0.0,0.0,0.2498906144918635
5922,1791269191607310801,15124540600398,63.11345643500135,primary_goal,8.6753022,18.9734347,2.685578,0.0,0.0,0.0,0.2498906144918635
5923,1791269191617350127,15124550841382,63.12369741900147,primary_goal,8.6753022,18.9734347,2.685578,0.0,0.0,0.0,0.2498906144918635
5924,1791269191627486241,15124561263578,63.1341196150006,primary_goal,8.6753022,18.9734347,2.685578,0.0,0.0,0.0,0.2498906144918635
5925,1791269191637474574,15124571242234,63.144098271000985,primary_goal,8.6753022,18.9734347,2.685578,0.0,0.0,0.0,0.2498906144918635
5926,1791269191647340598,15124580729634,63.153585671001565,primary_goal,8.6753022,18.9734347,2.685578,0.0,0.0,0.0,0.2498906144918635
5927,1791269191657355460,15124590759660,63.16361569699984,primary_goal,8.6753022,18.9734347,2.685578,0.0,0.0,0.0,0.2498906144918635
5928,1791269191667367762,15124601457669,63.17431370600025,primary_goal,8.6753022,18.9734347,2.685578,0.0,0.0,0.0,0.2498906144918635
5929,1791269191677259646,15124610817696,63.18367373300134,primary_goal,8.6753022,18.9734347,2.685578,0.0,0.0,0.0,0.2498906144918635
5930,1791269191687390865,15124621813485,63.19466952200128,primary_goal,8.6753022,18.9734347,2.685578,0.0,0.0,0.0,0.2498906144918635
5931,1791269191697327328,15124630879331,63.20373536800071,primary_goal,8.6753022,18.9734347,2.685578,0.0,0.0,0.0,0.2498906144918635
5932,1791269191707425027,15124640595504,63.21345154100163,primary_goal,8.6753022,18.9734347,2.685578,0.0,0.0,0.0,0.2498906144918635
5933,1791269191717225102,15124650397164,63.22325320100026,primary_goal,8.6753022,18.9734347,2.685578,0.0,0.0,0.0,0.2498906144918635
5934,1791269191727319335,15124660946021,63.23380205800095,primary_goal,8.6753022,18.9734347,2.685578,0.0,0.0,0.0,0.2498906144918635
5935,1791269191737378355,15124670837487,63.243693524000264,primary_goal,8.6753022,18.9734347,2.685578,0.0,0.0,0.0,0.2498906144918635
5936,1791269191747523310,15124681644735,63.25450077200003,primary_goal,8.6753022,18.9734347,2.685578,0.0,0.0,0.0,0.2498906144918635
5937,1791269191757379558,15124690928244,63.26378428099997,primary_goal,8.6753022,18.9734347,2.685578,0.0,0.0,0.0,0.2498906144918635
5938,1791269191767415247,15124701036139,63.27389217600103,primary_goal,8.6753022,18.9734347,2.685578,0.0,0.0,0.0,0.2498906144918635
5939,1791269191777396213,15124711090810,63.28394684700106,primary_goal,8.6753022,18.9734347,2.685578,0.0,0.0,0.0,0.2498906144918635
5940,1791269191787458653,15124721727746,63.294583783001144,primary_goal,8.6753022,18.9734347,2.685578,0.0,0.0,0.0,0.2498906144918635
5941,1791269191797262620,15124730689614,63.303545651000604,primary_goal,8.6753022,18.9734347,2.685578,0.0,0.0,0.0,0.2498906144918635
5942,1791269191807349447,15124740532387,63.31338842400146,primary_goal,8.6753022,18.9734347,2.685578,0.0,0.0,0.0,0.2498906144918635
5943,1791269191817319359,15124750901028,63.32375706499988,primary_goal,8.6753022,18.9734347,2.685578,0.0,0.0,0.0,0.2498906144918635
5944,1791269191827403070,15124760903117,63.33375915400029,primary_goal,8.6753022,18.9734347,2.685578,0.0,0.0,0.0,0.2498906144918635
5945,1791269191837467136,15124771335994,63.34419203100151,primary_goal,8.6753022,18.9734347,2.685578,0.0,0.0,0.0,0.2498906144918635
5946,1791269191847362221,15124780921020,63.353777057000116,primary_goal,8.6753022,18.9734347,2.685578,0.0,0.0,0.0,0.2498906144918635
5947,1791269191857421243,15124791329334,63.36418537100144,primary_goal,8.6753022,18.9734347,2.685578,0.0,0.0,0.0,0.2498906144918635
5948,1791269191867381485,15124801692939,63.37454897600037,primary_goal,8.6753022,18.9734347,2.685578,0.0,0.0,0.0,0.2498906144918635
5949,1791269191877358112,15124810828502,63.38368453900148,primary_goal,8.6753022,18.9734347,2.685578,0.0,0.0,0.0,0.2498906144918635
5950,1791269191887440581,15124821672828,63.39452886500112,primary_goal,8.6753022,18.9734347,2.685578,0.0,0.0,0.0,0.2498906144918635
5951,1791269191897386987,15124831086264,63.403942300999915,primary_goal,8.6753022,18.9734347,2.685578,0.0,0.0,0.0,0.2498906144918635
5952,1791269191907335597,15124840576097,63.413432134000686,primary_goal,8.6753022,18.9734347,2.685578,0.0,0.0,0.0,0.2498906144918635
5953,1791269191917378791,15124850702351,63.42355838799995,primary_goal,8.6753022,18.9734347,2.685578,0.0,0.0,0.0,0.2498906144918635
5954,1791269191927326986,15124861021952,63.43387798900039,primary_goal,8.6753022,18.9734347,2.685578,0.0,0.0,0.0,0.2498906144918635
5955,1791269191937265677,15124871081346,63.44393738300096,primary_goal,8.6753022,18.9734347,2.685578,0.0,0.0,0.0,0.2498906144918635
5956,1791269191947372797,15124881224854,63.45408089100056,primary_goal,8.6753022,18.9734347,2.685578,0.0,0.0,0.0,0.2498906144918635
5957,1791269191957424282,15124891858371,63.46471440800087,primary_goal,8.6753022,18.9734347,2.685578,0.0,0.0,0.0,0.2498906144918635
5958,1791269191967437189,15124901938311,63.474794348001524,primary_goal,8.6753022,18.9734347,2.685578,0.0,0.0,0.0,0.2498906144918635
5959,1791269191977367435,15124911326670,63.48418270700131,primary_goal,8.6753022,18.9734347,2.685578,0.0,0.0,0.0,0.2498906144918635
5960,1791269191987484284,15124921341038,63.49419707500056,primary_goal,8.6753022,18.9734347,2.685578,0.0,0.0,0.0,0.2498906144918635
5961,1791269191997253270,15124930858046,63.50371408300089,primary_goal,8.6753022,18.9734347,2.685578,0.0,0.0,0.0,0.2498906144918635
5962,1791269192007322750,15124940549342,63.51340537900069,primary_goal,8.6753022,18.9734347,2.685578,0.0,0.0,0.0,0.2498906144918635
5963,1791269192017324981,15124950570498,63.52342653500091,primary_goal,8.6753022,18.9734347,2.685578,0.0,0.0,0.0,0.2498906144918635
5964,1791269192027471678,15124961065624,63.53392166100093,primary_goal,8.6753022,18.9734347,2.685578,0.0,0.0,0.0,0.2498906144918635
5965,1791269192037378407,15124971328464,63.54418450100093,primary_goal,8.6753022,18.9734347,2.685578,0.0,0.0,0.0,0.2498906144918635
5966,1791269192047508728,15124981584039,63.5544400760009,primary_goal,8.6753022,18.9734347,2.685578,0.0,0.0,0.0,0.2498906144918635
5967,1791269192057462612,15124991550392,63.56440642900088,primary_goal,8.6753022,18.9734347,2.685578,0.0,0.0,0.0,0.2498906144918635
5968,1791269192067581714,15125002175808,63.57503184500092,primary_goal,8.6753022,18.9734347,2.685578,0.0,0.0,0.0,0.2498906144918635
5969,1791269192077368333,15125010759932,63.583615969000675,primary_goal,8.6753022,18.9734347,2.685578,0.0,0.0,0.0,0.2498906144918635
5970,1791269192087491711,15125021693953,63.594549990000814,primary_goal,8.6753022,18.9734347,2.685578,0.0,0.0,0.0,0.2498906144918635
5971,1791269192097357001,15125030908469,63.603764506000516,primary_goal,8.6753022,18.9734347,2.685578,0.0,0.0,0.0,0.2498906144918635
5972,1791269192107315275,15125040513173,63.61336921000111,primary_goal,8.6753022,18.9734347,2.685578,0.0,0.0,0.0,0.2498906144918635
5973,1791269192117273720,15125050488222,63.62334425900008,primary_goal,8.6753022,18.9734347,2.685578,0.0,0.0,0.0,0.2498906144918635
5974,1791269192127340626,15125060894703,63.63375074000032,primary_goal,8.6753022,18.9734347,2.685578,0.0,0.0,0.0,0.2498906144918635
5975,1791269192137477879,15125071182629,63.64403866600151,primary_goal,8.6753022,18.9734347,2.685578,0.0,0.0,0.0,0.2498906144918635
5976,1791269192147338366,15125081136521,63.65399255800003,primary_goal,8.6753022,18.9734347,2.685578,0.0,0.0,0.0,0.2498906144918635
5977,1791269192157363157,15125091237642,63.66409367900087,primary_goal,8.6753022,18.9734347,2.685578,0.0,0.0,0.0,0.2498906144918635
5978,1791269192167266780,15125100962079,63.67381811599989,primary_goal,8.6753022,18.9734347,2.685578,0.0,0.0,0.0,0.2498906144918635
5979,1791269192177485057,15125111127792,63.68398382900159,primary_goal,8.6753022,18.9734347,2.685578,0.0,0.0,0.0,0.2498906144918635
5980,1791269192187432678,15125121791777,63.694647814001655,primary_goal,8.6753022,18.9734347,2.685578,0.0,0.0,0.0,0.2498906144918635
5981,1791269192197245489,15125130728645,63.70358468199993,primary_goal,8.6753022,18.9734347,2.685578,0.0,0.0,0.0,0.2498906144918635
5982,1791269192207337084,15125140570123,63.71342616000038,primary_goal,8.6753022,18.9734347,2.685578,0.0,0.0,0.0,0.2498906144918635
5983,1791269192217452082,15125151155496,63.72401153300052,primary_goal,8.6753022,18.9734347,2.685578,0.0,0.0,0.0,0.2498906144918635
5984,1791269192227299721,15125160997202,63.73385323900038,primary_goal,8.6753022,18.9734347,2.685578,0.0,0.0,0.0,0.2498906144918635
5985,1791269192237508993,15125171458632,63.74431466900023,primary_goal,8.6753022,18.9734347,2.685578,0.0,0.0,0.0,0.2498906144918635
5986,1791269192247431231,15125181183994,63.75404003100084,primary_goal,8.6753022,18.9734347,2.685578,0.0,0.0,0.0,0.2498906144918635
5987,1791269192257450835,15125191759476,63.764615513000535,primary_goal,8.6753022,18.9734347,2.685578,0.0,0.0,0.0,0.2498906144918635
5988,1791269192267307522,15125201720379,63.774576416000855,primary_goal,8.6753022,18.9734347,2.685578,0.0,0.0,0.0,0.2498906144918635
5989,1791269192277358447,15125211345713,63.78420175000065,primary_goal,8.6753022,18.9734347,2.685578,0.0,0.0,0.0,0.2498906144918635
5990,1791269192287277650,15125221576257,63.79443229400022,primary_goal,8.6753022,18.9734347,2.685578,0.0,0.0,0.0,0.2498906144918635
5991,1791269192297386190,15125230933248,63.803789285000676,primary_goal,8.6753022,18.9734347,2.685578,0.0,0.0,0.0,0.2498906144918635
5992,1791269192307363640,15125240656481,63.81351251800152,primary_goal,8.6753022,18.9734347,2.685578,0.0,0.0,0.0,0.2498906144918635
5993,1791269192317328363,15125251045936,63.82390197300083,primary_goal,8.6753022,18.9734347,2.685578,0.0,0.0,0.0,0.2498906144918635
5994,1791269192327380218,15125261108447,63.833964484001626,primary_goal,8.6753022,18.9734347,2.685578,0.0,0.0,0.0,0.2498906144918635
5995,1791269192337478068,15125271354504,63.8442105410013,primary_goal,8.6753022,18.9734347,2.685578,0.0,0.0,0.0,0.2498906144918635
5996,1791269192347499259,15125281531476,63.85438751299989,primary_goal,8.6753022,18.9734347,2.685578,0.0,0.0,0.0,0.2498906144918635
5997,1791269192357257636,15125291506083,63.864362120000806,primary_goal,8.6753022,18.9734347,2.685578,0.0,0.0,0.0,0.2498906144918635
5998,1791269192367387564,15125301028854,63.87388489100158,primary_goal,8.6753022,18.9734347,2.685578,0.0,0.0,0.0,0.2498906144918635
5999,1791269192377352960,15125310943995,63.88380003200109,primary_goal,8.6753022,18.9734347,2.685578,0.0,0.0,0.0,0.2498906144918635
6000,1791269192387316066,15125320823882,63.89367991900144,primary_goal,8.6753022,18.9734347,2.685578,0.0,0.0,0.0,0.2498906144918635
6001,1791269192397400976,15125331110751,63.903966788000616,primary_goal,8.6753022,18.9734347,2.685578,0.0,0.0,0.0,0.2498906144918635
6002,1791269192407294919,15125340612251,63.91346828800124,primary_goal,8.6753022,18.9734347,2.685578,0.0,0.0,0.0,0.2498906144918635
6003,1791269192417341350,15125351101726,63.923957763001454,primary_goal,8.6753022,18.9734347,2.685578,0.0,0.0,0.0,0.2498906144918635
6004,1791269192427299526,15125360978569,63.933834606001255,primary_goal,8.6753022,18.9734347,2.685578,0.0,0.0,0.0,0.2498906144918635
6005,1791269192437257823,15125371051771,63.94390780800131,primary_goal,8.6753022,18.9734347,2.685578,0.0,0.0,0.0,0.2498906144918635
6006,1791269192447445424,15125381434657,63.95429069400052,primary_goal,8.6753022,18.9734347,2.685578,0.0,0.0,0.0,0.2498906144918635
6007,1791269192457452200,15125391693336,63.96454937300041,primary_goal,8.6753022,18.9734347,2.685578,0.0,0.0,0.0,0.2498906144918635
6008,1791269192467431641,15125401743007,63.97459904400057,primary_goal,8.6753022,18.9734347,2.685578,0.0,0.0,0.0,0.2498906144918635
6009,1791269192477220446,15125410753191,63.983609228000205,primary_goal,8.6753022,18.9734347,2.685578,0.0,0.0,0.0,0.2498906144918635
6010,1791269192487332217,15125421459103,63.99431514000025,primary_goal,8.6753022,18.9734347,2.685578,0.0,0.0,0.0,0.2498906144918635
6011,1791269192497364107,15125431089707,64.00394574400161,primary_goal,8.6753022,18.9734347,2.685578,0.0,0.0,0.0,0.2498906144918635
6012,1791269192507343617,15125440734893,64.01359093000065,primary_goal,8.6753022,18.9734347,2.685578,0.0,0.0,0.0,0.2498906144918635
