Total, Raycast, Update_cache, Inflation, PointCloudNumber, CacheNumber, InflationNumber, PointCloudPayloadBytes, PointCloudPointStep
0.065901, 0.0271662, 0.0387331, 0.0215875, 23793, 94970, 1.41425e+06, 761376, 32
0.0403852, 0.0255965, 0.0147876, 0.0022873, 23771, 94831, 186222, 760672, 32
0.0404043, 0.0239533, 0.0164498, 0.00377333, 23770, 94247, 383514, 760640, 32
0.0377682, 0.0270983, 0.0106687, 0.000326983, 23818, 94944, 20172, 762176, 32
0.0346207, 0.0238728, 0.0107464, 0.000517823, 23850, 94831, 26322, 763200, 32
0.0342065, 0.0240149, 0.0101898, 0.000946878, 23846, 94481, 55104, 763072, 32
0.031032, 0.0226942, 0.00833681, 0, 23793, 94352, 0, 761376, 32
0.0338171, 0.0236216, 0.0101944, 0.00058925, 23830, 94982, 35055, 762560, 32
0.0323029, 0.0241922, 0.0081095, 0, 23762, 93921, 0, 760384, 32
0.0305736, 0.0229937, 0.0075786, 0, 23794, 94020, 0, 761408, 32
0.0326842, 0.0246772, 0.00800536, 0, 23822, 94387, 0, 762304, 32
0.0360612, 0.0280189, 0.00804076, 0, 23794, 94020, 0, 761408, 32
0.0385828, 0.0301171, 0.00846384, 0, 23818, 94944, 0, 762176, 32
0.0444128, 0.0287153, 0.0156964, 0.00386846, 31260, 102758, 268755, 1.00032e+06, 32
0.0453846, 0.0302386, 0.0151451, 0.00355488, 31287, 103145, 236283, 1.00118e+06, 32
0.0467825, 0.0326351, 0.0141461, 0.00326823, 30118, 99483, 245631, 963776, 32
0.0419177, 0.0280551, 0.0138611, 0.0035448, 29040, 96641, 269862, 929280, 32
0.0403743, 0.025426, 0.0149472, 0.00426777, 35206, 93809, 323121, 1.12659e+06, 32
0.0392735, 0.0249085, 0.0143634, 0.00364276, 39944, 89104, 272199, 1.27821e+06, 32
0.0362579, 0.0236421, 0.0126141, 0.00326617, 33869, 81097, 234684, 1.08381e+06, 32
0.0388076, 0.0255897, 0.0132154, 0.00345472, 47400, 85849, 289173, 1.5168e+06, 32
0.0355608, 0.0235981, 0.0119609, 0.00294317, 50341, 84525, 245385, 1.61091e+06, 32
0.0347983, 0.0227745, 0.0120215, 0.00240744, 56926, 83662, 211683, 1.82163e+06, 32
0.0332142, 0.0232895, 0.00992303, 0.00179396, 59247, 78643, 159900, 1.8959e+06, 32
0.026222, 0.0177875, 0.00843322, 0.00123314, 57008, 75891, 98646, 1.82426e+06, 32
0.0253991, 0.0177864, 0.00761149, 0.000714883, 50656, 68193, 49200, 1.62099e+06, 32
0.0253961, 0.0179627, 0.00743113, 0.000544413, 50733, 67748, 30627, 1.62346e+06, 32
0.024091, 0.0175126, 0.00657723, 0.000292103, 50761, 68799, 15006, 1.62435e+06, 32
0.0285021, 0.0221825, 0.00631818, 0.000269688, 50797, 68754, 13530, 1.6255e+06, 32
0.0245961, 0.0186944, 0.00590036, 1.0085e-05, 50651, 68174, 246, 1.62083e+06, 32
0.0301482, 0.0226182, 0.00752824, 8.314e-06, 50811, 68542, 246, 1.62595e+06, 32
0.0575659, 0.0483683, 0.00919554, 6.356e-06, 50719, 68255, 123, 1.62301e+06, 32
0.0272098, 0.0205663, 0.00664183, 5.145e-06, 50747, 68789, 123, 1.6239e+06, 32
0.029934, 0.0204259, 0.00950595, 0.00137345, 70311, 80157, 104673, 2.24995e+06, 32
0.0301798, 0.0212552, 0.00892287, 0.00145704, 71587, 83871, 116358, 2.29078e+06, 32
0.0308273, 0.0214904, 0.00933539, 0.00102315, 58065, 85076, 70356, 1.85808e+06, 32
0.0303564, 0.0212955, 0.00906004, 0.000896665, 44227, 82834, 54120, 1.41526e+06, 32
0.0301763, 0.0206954, 0.00947886, 0.0011437, 46641, 78897, 88929, 1.49251e+06, 32
0.0381639, 0.0288622, 0.00930001, 0.00181936, 52971, 77111, 136653, 1.69507e+06, 32
0.0330291, 0.0213673, 0.0116607, 0.00279237, 51947, 84084, 197415, 1.6623e+06, 32
0.0375617, 0.025187, 0.012373, 0.00272378, 50193, 87030, 209469, 1.60618e+06, 32
0.0345141, 0.0229636, 0.0115484, 0.00279642, 52239, 88754, 227796, 1.67165e+06, 32
0.0330789, 0.0218244, 0.011252, 0.00254864, 59278, 83369, 223983, 1.8969e+06, 32
0.0338033, 0.0222165, 0.011585, 0.00364393, 70863, 84855, 299259, 2.26762e+06, 32
0.0299805, 0.0196363, 0.0103423, 0.00345503, 68725, 71879, 331362, 2.1992e+06, 32
0.0271041, 0.0181339, 0.0089682, 0.00197013, 63081, 64646, 190773, 2.01859e+06, 32
0.0220053, 0.0148101, 0.00719406, 0.00120284, 52944, 58555, 105534, 1.69421e+06, 32
0.0282259, 0.0163297, 0.0118948, 0.00457938, 43499, 62934, 466908, 1.39197e+06, 32
0.0274458, 0.0171371, 0.0103076, 0.00305842, 41976, 65877, 293109, 1.34323e+06, 32
0.0312945, 0.019389, 0.0119041, 0.003217, 43907, 67562, 296307, 1.40502e+06, 32
0.0303342, 0.0223306, 0.00800121, 0.00229523, 47133, 65861, 242310, 1.50826e+06, 32
0.0295414, 0.0207202, 0.00881978, 0.00178801, 47695, 65454, 158178, 1.52624e+06, 32
0.0288442, 0.0207214, 0.00812081, 0.00130788, 42551, 64198, 91635, 1.36163e+06, 32
0.0233238, 0.0165589, 0.00676402, 0.00079469, 38477, 62314, 62238, 1.23126e+06, 32
0.0217744, 0.0161572, 0.00561572, 0.000486908, 38511, 61747, 31611, 1.23235e+06, 32
0.0240415, 0.0172256, 0.00681371, 0.000852074, 42987, 65547, 63222, 1.37558e+06, 32
0.0243291, 0.0174199, 0.00690821, 0.00114996, 45389, 66254, 91512, 1.45245e+06, 32
0.0276594, 0.0191888, 0.00846948, 0.00187558, 48440, 67400, 148461, 1.55008e+06, 32
0.0282307, 0.0198407, 0.00838876, 0.00234388, 59952, 69866, 220908, 1.91846e+06, 32
0.0270943, 0.0181373, 0.0089557, 0.00329687, 71293, 68855, 323121, 2.28138e+06, 32
0.0278431, 0.0175697, 0.0102717, 0.003836, 73342, 65936, 363834, 2.34694e+06, 32
0.0272223, 0.0172301, 0.00999058, 0.00284206, 50419, 64273, 242187, 1.61341e+06, 32
0.027106, 0.0164773, 0.0106269, 0.00307403, 42020, 66593, 253626, 1.34464e+06, 32
0.0276142, 0.0172258, 0.0103867, 0.00303142, 42244, 67306, 280071, 1.35181e+06, 32
0.0278316, 0.0173974, 0.0104329, 0.00288487, 43386, 67476, 293847, 1.38835e+06, 32
0.0284042, 0.0188352, 0.00956752, 0.00241443, 46345, 70665, 236406, 1.48304e+06, 32
0.0298448, 0.0195465, 0.0102968, 0.00266221, 56271, 76918, 241695, 1.80067e+06, 32
0.0307996, 0.0206144, 0.010184, 0.00220317, 59232, 80603, 208485, 1.89542e+06, 32
0.0274586, 0.0184919, 0.00896517, 0.00158522, 48393, 80240, 142311, 1.54858e+06, 32
0.0254348, 0.0173998, 0.00803357, 0.00103336, 37501, 74779, 92127, 1.20003e+06, 32
0.0235251, 0.0161711, 0.00735255, 0.000784733, 37437, 74422, 59901, 1.19798e+06, 32
0.0234476, 0.0168663, 0.00658016, 0.000396058, 37411, 75456, 24354, 1.19715e+06, 32
0.0269755, 0.0180315, 0.00894187, 0.000387318, 37464, 75626, 21402, 1.19885e+06, 32
0.0254978, 0.0196528, 0.00584312, 0, 37459, 75230, 0, 1.19869e+06, 32
0.025496, 0.0196655, 0.00582845, 4.747e-06, 37411, 75406, 123, 1.19715e+06, 32
0.0259389, 0.0193535, 0.00658373, 0.00032082, 37450, 74278, 17712, 1.1984e+06, 32
0.0223492, 0.016075, 0.00627294, 0.000312739, 37520, 76040, 19311, 1.20064e+06, 32
0.0278375, 0.0194528, 0.00838314, 0.000974238, 49621, 80914, 87822, 1.58787e+06, 32
0.0266545, 0.0184708, 0.00818216, 0.00117066, 57235, 81940, 95202, 1.83152e+06, 32
0.0274585, 0.0188849, 0.00857248, 0.00121141, 57655, 80107, 103935, 1.84496e+06, 32
0.0262489, 0.0180733, 0.00817414, 0.0014661, 58519, 73359, 121647, 1.87261e+06, 32
0.0235559, 0.0157622, 0.00779248, 0.00184128, 70981, 67398, 160392, 2.27139e+06, 32
0.0373672, 0.0263736, 0.0109918, 0.00331227, 50680, 68954, 274167, 1.62176e+06, 32
0.0313405, 0.0199463, 0.0113929, 0.00332595, 56270, 75466, 326811, 1.80064e+06, 32
0.029776, 0.0198842, 0.00989055, 0.00238954, 59166, 73649, 237882, 1.89331e+06, 32
0.028183, 0.0178562, 0.0103251, 0.00243479, 49059, 73253, 214512, 1.56989e+06, 32
0.0272158, 0.0177457, 0.0094689, 0.00194574, 52066, 74399, 174906, 1.66611e+06, 32
0.0253924, 0.0173683, 0.00802296, 0.00127471, 48973, 72718, 109470, 1.56714e+06, 32
0.0258272, 0.0176684, 0.00815733, 0.00118548, 50058, 74382, 103443, 1.60186e+06, 32
0.0329067, 0.0244602, 0.00844437, 0.00175477, 63500, 74278, 162606, 2.032e+06, 32
0.0290295, 0.0199339, 0.00909457, 0.00227652, 70675, 74537, 192372, 2.2616e+06, 32
0.0236722, 0.0153399, 0.00833026, 0.00203417, 69543, 64333, 165312, 2.22538e+06, 32
0.0231174, 0.014543, 0.00857355, 0.00237885, 48332, 61479, 222999, 1.54662e+06, 32
0.0264626, 0.0177034, 0.0087575, 0.00236239, 50826, 60034, 194340, 1.62643e+06, 32
0.0220387, 0.0147265, 0.00731054, 0.00167478, 59522, 55475, 162975, 1.9047e+06, 32
0.0183783, 0.0122404, 0.00613672, 0.00115197, 57301, 47653, 108609, 1.83363e+06, 32
0.0221709, 0.0158988, 0.00627062, 0.00147704, 53320, 51014, 99630, 1.70624e+06, 32
0.0213606, 0.0132161, 0.00814317, 0.00239208, 66339, 57041, 197661, 2.12285e+06, 32
0.0233322, 0.0141731, 0.00915746, 0.00285834, 80677, 58112, 283392, 2.58166e+06, 32
0.0250719, 0.0155832, 0.00948748, 0.00325447, 81438, 59319, 297537, 2.60602e+06, 32
0.0221666, 0.0146229, 0.0075418, 0.00197211, 71022, 57631, 201720, 2.2727e+06, 32
0.0275228, 0.0193045, 0.00821672, 0.00226892, 60203, 57058, 219186, 1.9265e+06, 32
0.0269186, 0.0165502, 0.0103671, 0.00297604, 69177, 66430, 273552, 2.21366e+06, 32
0.0328031, 0.020632, 0.0121693, 0.00369911, 62020, 78278, 347106, 1.98464e+06, 32
0.031579, 0.0195017, 0.0120756, 0.00327943, 56390, 80007, 333945, 1.80448e+06, 32
0.0317086, 0.0192531, 0.0124541, 0.00332544, 45742, 86756, 296799, 1.46374e+06, 32
0.0329043, 0.0205728, 0.0123305, 0.00299936, 38874, 88715, 270969, 1.24397e+06, 32
0.0318042, 0.0201007, 0.0117025, 0.00234296, 37619, 87382, 202212, 1.20381e+06, 32
0.0296354, 0.0198814, 0.00975283, 0.00182406, 46457, 85758, 174537, 1.48662e+06, 32
0.0293038, 0.0203024, 0.00900027, 0.00123615, 31400, 79488, 100860, 1.0048e+06, 32
0.0266652, 0.0179463, 0.00871751, 0.000786628, 31303, 78535, 61008, 1.0017e+06, 32
0.0262965, 0.0177155, 0.00858, 0.00112315, 37168, 82641, 99999, 1.18938e+06, 32
0.0283158, 0.0196267, 0.00868762, 0.000970111, 40705, 80346, 82533, 1.30256e+06, 32
0.0354912, 0.0268656, 0.00862404, 0.0011721, 41179, 82210, 100245, 1.31773e+06, 32
0.0305416, 0.0208032, 0.00973719, 0.00185848, 39792, 79884, 156456, 1.27334e+06, 32
0.0278467, 0.0178713, 0.00997436, 0.00201043, 42822, 76639, 191388, 1.3703e+06, 32
0.0298061, 0.018399, 0.0114057, 0.00281444, 42731, 80696, 253257, 1.36739e+06, 32
0.0286956, 0.0183638, 0.0103307, 0.002381, 46424, 80353, 267279, 1.48557e+06, 32
0.0289044, 0.01973, 0.00917315, 0.00169652, 39334, 79465, 200736, 1.25869e+06, 32
0.0476257, 0.0336957, 0.0139284, 0.00273551, 28132, 83548, 182040, 900224, 32
0.0309255, 0.0207749, 0.0101497, 0.00144948, 26327, 83182, 129519, 842464, 32
0.0321191, 0.0215802, 0.0105369, 0.00202259, 24820, 86129, 184992, 794240, 32
0.0314905, 0.02133, 0.0101587, 0.00174704, 24658, 87843, 162237, 789056, 32
0.0327872, 0.0221157, 0.0106701, 0.00188268, 27627, 89383, 174045, 884064, 32
0.0334869, 0.0237025, 0.00978294, 0.00184556, 35783, 88901, 174045, 1.14506e+06, 32
0.0348284, 0.0249392, 0.00988776, 0.00134002, 34204, 89115, 110208, 1.09453e+06, 32
0.0290349, 0.0200186, 0.0090153, 0.000952266, 22265, 85770, 64452, 712480, 32
0.0277077, 0.0196468, 0.00805941, 0.000597822, 21821, 83286, 40221, 698272, 32
0.0275451, 0.0196276, 0.00791659, 0.000407728, 21774, 84662, 23001, 696768, 32
0.0335681, 0.0253119, 0.00825467, 0.00116189, 35071, 90489, 110823, 1.12227e+06, 32
0.0319832, 0.02294, 0.0090419, 0.00111262, 42835, 92840, 100614, 1.37072e+06, 32
0.0325811, 0.0236334, 0.00894661, 0.000827365, 31357, 93562, 52152, 1.00342e+06, 32
0.0321111, 0.0224439, 0.00966558, 0.000953132, 29865, 92392, 68757, 955680, 32
0.0304364, 0.0213299, 0.00910547, 0.00108674, 35873, 93151, 84624, 1.14794e+06, 32
0.0327577, 0.0235069, 0.00924936, 0.00116891, 51050, 91199, 87822, 1.6336e+06, 32
0.0364964, 0.0269472, 0.00954722, 0.00208819, 60359, 87981, 171339, 1.93149e+06, 32
0.0327891, 0.0220987, 0.0106887, 0.0019094, 56969, 88395, 168141, 1.82301e+06, 32
0.0317213, 0.0209265, 0.0107931, 0.0012825, 65512, 87134, 107010, 2.09638e+06, 32
0.0352577, 0.0253693, 0.00988648, 0.00135959, 65953, 82813, 122754, 2.1105e+06, 32
0.0522617, 0.0401522, 0.0121071, 0.00193167, 63109, 77871, 101844, 2.01949e+06, 32
0.032284, 0.0230096, 0.00927251, 0.00165647, 55080, 72426, 132348, 1.76256e+06, 32
0.023278, 0.0162106, 0.00706583, 0.00140544, 65472, 65862, 130503, 2.0951e+06, 32
0.0208645, 0.0144399, 0.006423, 0.000993302, 72299, 58004, 97416, 2.31357e+06, 32
0.0221147, 0.0160588, 0.00605455, 0.00101535, 69472, 57825, 95940, 2.2231e+06, 32
0.021009, 0.0144089, 0.0065985, 0.000612087, 55387, 52611, 46986, 1.77238e+06, 32
0.0200715, 0.0144749, 0.0055953, 0.000571212, 56948, 54809, 38253, 1.82234e+06, 32
0.0202844, 0.0151287, 0.00515427, 0.000630358, 60621, 53277, 51537, 1.93987e+06, 32
0.0171923, 0.0123027, 0.00488864, 0.000913094, 61807, 48388, 83394, 1.97782e+06, 32
0.0228403, 0.016578, 0.00626062, 0.00164458, 64234, 49363, 153258, 2.05549e+06, 32
0.0208652, 0.0138656, 0.00699812, 0.00190473, 63023, 50744, 196431, 2.01674e+06, 32
0.0200471, 0.0139727, 0.00607306, 0.0012764, 70834, 51547, 130626, 2.26669e+06, 32
0.0220161, 0.0152317, 0.00678312, 0.00124539, 53675, 54012, 123861, 1.7176e+06, 32
0.0268996, 0.0188028, 0.00809494, 0.00223321, 75070, 63919, 194709, 2.40224e+06, 32
0.0225641, 0.0157634, 0.00679943, 0.00107934, 64722, 56967, 106026, 2.0711e+06, 32
0.0201132, 0.0145304, 0.00558081, 0.000603588, 47419, 52629, 49938, 1.51741e+06, 32
0.0200849, 0.015746, 0.004337, 0.000296317, 47191, 52298, 23493, 1.51011e+06, 32
0.0203819, 0.0158796, 0.00450056, 0.000246921, 47229, 52733, 16113, 1.51133e+06, 32
0.0210159, 0.0170874, 0.00392599, 8.2833e-05, 47171, 52648, 3321, 1.50947e+06, 32
0.0179952, 0.0139952, 0.00399884, 0.000139119, 47163, 52584, 6888, 1.50922e+06, 32
0.0172289, 0.0127682, 0.00446003, 0.000407044, 59181, 53744, 29397, 1.89379e+06, 32
0.0248281, 0.0199597, 0.00486627, 0.000503528, 64805, 53203, 35055, 2.07376e+06, 32
0.0208322, 0.0155318, 0.00529934, 0.000796435, 63342, 49596, 61992, 2.02694e+06, 32
0.0224897, 0.0158542, 0.00663424, 0.00130702, 69545, 51595, 101475, 2.22544e+06, 32
0.0215311, 0.0150637, 0.00646558, 0.00154781, 65848, 50851, 152520, 2.10714e+06, 32
0.0215227, 0.0145407, 0.00698026, 0.00171222, 68121, 52018, 166665, 2.17987e+06, 32
0.0207661, 0.0143652, 0.00639916, 0.00137964, 78619, 49303, 150060, 2.51581e+06, 32
0.0225353, 0.0150281, 0.00750595, 0.00149778, 66821, 55723, 153996, 2.13827e+06, 32
0.0239615, 0.0158454, 0.0081149, 0.00211293, 61877, 63265, 222753, 1.98006e+06, 32
0.023499, 0.016002, 0.00749541, 0.00150971, 54702, 64225, 163590, 1.75046e+06, 32
0.0229647, 0.0157694, 0.00719406, 0.00130759, 56963, 62571, 136776, 1.82282e+06, 32
0.0233501, 0.0164608, 0.00688816, 0.00119716, 55167, 62541, 107994, 1.76534e+06, 32
0.0319205, 0.0247085, 0.00721026, 0.00138006, 51207, 63522, 109716, 1.63862e+06, 32
0.029802, 0.0218679, 0.00793284, 0.00205908, 60323, 64845, 214143, 1.93034e+06, 32
0.0314125, 0.0242708, 0.00714014, 0.0019027, 61662, 59033, 216357, 1.97318e+06, 32
0.0234682, 0.016228, 0.00723901, 0.00159374, 58106, 58243, 152151, 1.85939e+06, 32
0.0248131, 0.0171464, 0.00766487, 0.00140652, 49519, 53942, 121524, 1.58461e+06, 32
0.0289509, 0.0187761, 0.0101729, 0.00262852, 66370, 68905, 195324, 2.12384e+06, 32
0.0267361, 0.0176586, 0.00907659, 0.00208634, 65795, 71530, 193725, 2.10544e+06, 32
0.027356, 0.017167, 0.0101881, 0.00271866, 74002, 76420, 263589, 2.36806e+06, 32
0.0278415, 0.0173654, 0.0104749, 0.00285076, 63588, 74875, 295200, 2.03482e+06, 32
0.025445, 0.0157159, 0.00972785, 0.00249091, 52052, 66363, 259407, 1.66566e+06, 32
0.0279781, 0.019666, 0.0083106, 0.00210446, 42838, 56625, 217587, 1.37082e+06, 32
0.0240622, 0.0154302, 0.00863118, 0.00226042, 49130, 58454, 231732, 1.57216e+06, 32
0.0324847, 0.0233592, 0.00912397, 0.00257862, 53532, 62578, 238497, 1.71302e+06, 32
0.025436, 0.0167945, 0.00864036, 0.00219655, 51042, 62938, 205779, 1.63334e+06, 32
0.023514, 0.016073, 0.00743999, 0.00145482, 52534, 60742, 134808, 1.68109e+06, 32
0.0208349, 0.0142517, 0.00658152, 0.0010674, 54197, 58626, 99015, 1.7343e+06, 32
0.021405, 0.0151841, 0.00621974, 0.000951395, 49223, 59474, 91143, 1.57514e+06, 32
0.0250238, 0.0175762, 0.00744626, 0.00106925, 55335, 61643, 94464, 1.77072e+06, 32
0.0236232, 0.0163475, 0.00727417, 0.00126256, 52587, 61312, 122016, 1.68278e+06, 32
0.026005, 0.0172015, 0.00880153, 0.00207955, 61837, 64920, 183147, 1.97878e+06, 32
0.0254631, 0.0164622, 0.00899935, 0.00222237, 66992, 66870, 201474, 2.14374e+06, 32
0.0221282, 0.014289, 0.0078378, 0.00204039, 61264, 57094, 171954, 1.96045e+06, 32
0.0246022, 0.0164135, 0.00818746, 0.00218458, 63023, 57976, 243048, 2.01674e+06, 32
0.023093, 0.015631, 0.00746052, 0.00167621, 59471, 59043, 148584, 1.90307e+06, 32
0.0208049, 0.0141257, 0.00667731, 0.00106076, 51243, 55284, 87084, 1.63978e+06, 32
0.0212173, 0.0155217, 0.0056943, 0.000694096, 51827, 57302, 61131, 1.65846e+06, 32
0.0220769, 0.0156071, 0.00646858, 0.00104892, 57899, 61140, 83886, 1.85277e+06, 32
0.0254199, 0.0178378, 0.00758026, 0.00187707, 62926, 63993, 172446, 2.01363e+06, 32
0.0262176, 0.0174839, 0.0087322, 0.00263156, 64132, 64416, 257808, 2.05222e+06, 32
0.0276266, 0.0182642, 0.00936146, 0.00297096, 62955, 62446, 319431, 2.01456e+06, 32
0.0275657, 0.0182216, 0.00934273, 0.00274333, 60252, 63254, 271584, 1.92806e+06, 32
0.0272138, 0.018396, 0.00881613, 0.00233904, 58098, 59084, 225213, 1.85914e+06, 32
0.0220466, 0.0151018, 0.00694352, 0.00179959, 61358, 54357, 169740, 1.96346e+06, 32
0.0198921, 0.0136111, 0.00627954, 0.00143656, 57503, 50538, 135423, 1.8401e+06, 32
0.0176769, 0.0127198, 0.00495516, 0.000742306, 56342, 46842, 72693, 1.80294e+06, 32
0.0157329, 0.0114779, 0.00425404, 0.000551082, 55320, 45509, 47601, 1.77024e+06, 32
0.0174675, 0.0129566, 0.00450948, 0.00051858, 53323, 45817, 37392, 1.70634e+06, 32
0.0182032, 0.0133376, 0.00486445, 0.000513683, 54053, 50255, 41205, 1.7297e+06, 32
0.0207316, 0.0154239, 0.00530643, 0.000578694, 54176, 53262, 43542, 1.73363e+06, 32
0.0230147, 0.0179813, 0.00503202, 0.00056666, 56632, 54433, 45510, 1.81222e+06, 32
0.0215516, 0.0144333, 0.00711726, 0.00305825, 65494, 34902, 399258, 2.09581e+06, 32
0.0131822, 0.00939817, 0.00378202, 0.000549969, 63636, 33421, 54858, 2.03635e+06, 32
0.0167968, 0.0124131, 0.00438193, 0.000766864, 69809, 35523, 67035, 2.23389e+06, 32
0.0142576, 0.0103633, 0.00389297, 0.000704254, 76374, 36296, 71217, 2.44397e+06, 32
0.0156549, 0.0114787, 0.00417453, 0.00095614, 72848, 39043, 107994, 2.33114e+06, 32
0.0180446, 0.0126461, 0.00539676, 0.00141194, 60188, 42668, 154488, 1.92602e+06, 32
0.0236863, 0.0165828, 0.00710218, 0.00239926, 68645, 45762, 216234, 2.19664e+06, 32
0.0206311, 0.0131981, 0.00743121, 0.00226158, 71456, 46389, 239604, 2.28659e+06, 32
0.0183523, 0.0122433, 0.00610796, 0.00157587, 70677, 44820, 169740, 2.26166e+06, 32
0.0182658, 0.0121725, 0.00609209, 0.00155539, 71996, 44313, 143664, 2.30387e+06, 32
0.019382, 0.0129997, 0.0063811, 0.00174729, 66107, 45697, 170232, 2.11542e+06, 32
0.0183031, 0.0121712, 0.00612978, 0.00171296, 55674, 43155, 166296, 1.78157e+06, 32
0.018702, 0.0120481, 0.00665223, 0.00223243, 52848, 41693, 219063, 1.69114e+06, 32
0.0168838, 0.0111328, 0.00574939, 0.00174791, 55340, 38212, 185115, 1.77088e+06, 32
0.0190377, 0.0124296, 0.00660638, 0.00241641, 71254, 41209, 240588, 2.28013e+06, 32
0.0186079, 0.0141796, 0.00442641, 0.00115907, 72947, 40600, 128781, 2.3343e+06, 32
0.013963, 0.0109193, 0.00304189, 0.000102801, 72916, 40534, 5043, 2.33331e+06, 32
0.0183715, 0.0148839, 0.00348615, 0.000420052, 72871, 40416, 31119, 2.33187e+06, 32
0.0134818, 0.00986711, 0.00361357, 0.000541926, 50936, 38550, 55842, 1.62995e+06, 32
0.0190888, 0.0157232, 0.003364, 0.000277617, 50893, 38515, 19434, 1.62858e+06, 32
0.015493, 0.0129054, 0.0025857, 1.3417e-05, 50954, 38488, 369, 1.63053e+06, 32
0.0164911, 0.0137706, 0.0027186, 0, 50956, 38494, 0, 1.63059e+06, 32
0.0189047, 0.0157968, 0.00310526, 0.000229013, 50869, 38436, 15129, 1.62781e+06, 32
0.013046, 0.0104169, 0.00262811, 8.2119e-05, 50868, 38458, 3321, 1.62778e+06, 32
0.0147304, 0.011987, 0.00274157, 6.7386e-05, 50850, 38150, 2706, 1.6272e+06, 32
0.016014, 0.013326, 0.00268605, 6.43e-06, 50881, 38474, 123, 1.62819e+06, 32
0.0176137, 0.0150564, 0.0025556, 8.764e-06, 50936, 38558, 246, 1.62995e+06, 32
0.0194053, 0.0167362, 0.00266716, 0, 50892, 38484, 0, 1.62854e+06, 32
0.0124189, 0.0100133, 0.00240458, 1.0299e-05, 50826, 38323, 246, 1.62643e+06, 32
0.0179108, 0.0157364, 0.00217225, 5.4e-06, 50874, 38418, 246, 1.62797e+06, 32
0.0181807, 0.0155733, 0.00260605, 5.14e-06, 50907, 38459, 123, 1.62902e+06, 32
0.0171217, 0.0145164, 0.00260309, 4.928e-06, 50973, 38558, 123, 1.63114e+06, 32
0.016978, 0.0145172, 0.00245872, 5.198e-06, 50960, 38577, 123, 1.63072e+06, 32
0.0130328, 0.0105032, 0.0025284, 0, 50959, 38562, 0, 1.63069e+06, 32
0.0168868, 0.0142729, 0.00261186, 4.621e-06, 50838, 38351, 123, 1.62682e+06, 32
0.0171967, 0.0147834, 0.00241164, 0, 50834, 38346, 0, 1.62669e+06, 32
0.0172761, 0.0148551, 0.00241929, 3.886e-06, 50901, 38461, 123, 1.62883e+06, 32
0.016553, 0.0141107, 0.00244041, 0, 50884, 38557, 0, 1.62829e+06, 32
0.0125592, 0.0101448, 0.00241253, 4.743e-06, 50918, 38542, 123, 1.62938e+06, 32
0.0186329, 0.0149697, 0.00366148, 0.000561999, 56124, 39662, 49815, 1.79597e+06, 32
0.0152853, 0.011723, 0.00356152, 0.000517251, 61126, 40730, 45141, 1.95603e+06, 32
0.0151804, 0.0117686, 0.00341036, 0.000421168, 64569, 42021, 38130, 2.06621e+06, 32
0.0144198, 0.0112887, 0.00312936, 0.000296068, 66476, 41076, 27798, 2.12723e+06, 32
0.0155416, 0.0116725, 0.00386787, 0.000686214, 80186, 42413, 63714, 2.56595e+06, 32
0.0191305, 0.0142112, 0.0049178, 0.000691326, 71973, 47657, 59532, 2.30314e+06, 32
0.026801, 0.0221794, 0.00462047, 0.000698378, 71737, 48808, 60516, 2.29558e+06, 32
0.0188513, 0.0144824, 0.00436763, 0.000509395, 69573, 46498, 37146, 2.22634e+06, 32
0.0168009, 0.0136198, 0.00317953, 0.000310875, 66273, 46619, 30012, 2.12074e+06, 32
0.0157913, 0.0121019, 0.00368854, 0.000220523, 51124, 43573, 13284, 1.63597e+06, 32
0.0154236, 0.012119, 0.00330316, 0.000171837, 51046, 43559, 13776, 1.63347e+06, 32
0.0162939, 0.0131032, 0.00318956, 9.959e-05, 50964, 43078, 5535, 1.63085e+06, 32
0.0193317, 0.0162257, 0.00310407, 9.7166e-05, 51000, 43634, 6519, 1.632e+06, 32
0.0187413, 0.0160319, 0.00270784, 1.2548e-05, 50958, 42993, 369, 1.63066e+06, 32
0.0190001, 0.0163661, 0.00263226, 4.129e-06, 51052, 43564, 123, 1.63366e+06, 32
0.0192207, 0.0164089, 0.00281008, 5.1353e-05, 51046, 43550, 3075, 1.63347e+06, 32
0.0185962, 0.0156596, 0.00293485, 0, 51021, 43651, 0, 1.63267e+06, 32
0.0146857, 0.011903, 0.00278183, 2.8972e-05, 51055, 43649, 1476, 1.63376e+06, 32
0.0174548, 0.0141299, 0.0033227, 0, 51015, 43398, 0, 1.63248e+06, 32
0.0176757, 0.0148505, 0.00282309, 0, 51007, 43338, 0, 1.63222e+06, 32
0.0190896, 0.0164291, 0.00265886, 7.884e-06, 51027, 43405, 246, 1.63286e+06, 32
0.0179171, 0.0149872, 0.00292834, 4.986e-06, 51058, 43570, 123, 1.63386e+06, 32
0.0148371, 0.012104, 0.00273202, 4.675e-06, 51018, 43237, 123, 1.63258e+06, 32
0.0173519, 0.014208, 0.00314198, 5.285e-06, 51039, 43552, 123, 1.63325e+06, 32
0.0187973, 0.0160004, 0.0027947, 4.44e-06, 51058, 43570, 123, 1.63386e+06, 32
0.020115, 0.0173139, 0.00279905, 4.825e-06, 51032, 43623, 123, 1.63302e+06, 32
0.0199306, 0.0172124, 0.00271578, 0, 51048, 43690, 0, 1.63354e+06, 32
0.0148106, 0.0120346, 0.00277411, 0, 51050, 43581, 0, 1.6336e+06, 32
0.016479, 0.0138107, 0.0026665, 0, 51032, 43623, 0, 1.63302e+06, 32
0.0159175, 0.013384, 0.00253178, 0, 50964, 43078, 0, 1.63085e+06, 32
0.020918, 0.0178823, 0.00303437, 5.152e-06, 50988, 43018, 123, 1.63162e+06, 32
0.0231811, 0.0200438, 0.0031349, 4.859e-06, 51023, 43471, 123, 1.63274e+06, 32
0.0147993, 0.0121451, 0.00265271, 0, 51026, 43200, 0, 1.63283e+06, 32
0.0184756, 0.0141321, 0.00434227, 0.000465206, 64575, 46834, 41328, 2.0664e+06, 32
0.0172859, 0.0132432, 0.0040413, 0.000494964, 68994, 49206, 43296, 2.20781e+06, 32
0.0179955, 0.0138827, 0.00411098, 0.000356257, 64589, 48633, 30750, 2.06685e+06, 32
0.0167837, 0.0127953, 0.00398686, 0.000465823, 57614, 45561, 43419, 1.84365e+06, 32
0.018779, 0.0133528, 0.00542517, 0.00110703, 62372, 50880, 94587, 1.9959e+06, 32
0.0191211, 0.01338, 0.0057398, 0.00136931, 65400, 53620, 120171, 2.0928e+06, 32
0.0202684, 0.0143092, 0.0059571, 0.0012264, 76155, 50461, 110331, 2.43696e+06, 32
0.0279138, 0.0228105, 0.00510154, 0.00111129, 73045, 47640, 114513, 2.33744e+06, 32
0.0198463, 0.0137832, 0.0060618, 0.00140784, 60745, 49678, 146370, 1.94384e+06, 32
0.02057, 0.014063, 0.00650547, 0.0017144, 59893, 49604, 182286, 1.91658e+06, 32
0.0219093, 0.0165041, 0.00540311, 0.00116051, 54232, 49560, 137883, 1.73542e+06, 32
0.0243547, 0.0188922, 0.00545967, 0.00105066, 52603, 49342, 108240, 1.6833e+06, 32
0.0218056, 0.0166679, 0.00513556, 0.000872651, 55450, 47010, 86100, 1.7744e+06, 32
0.0172373, 0.0125947, 0.004641, 0.000704859, 53446, 44357, 52890, 1.71027e+06, 32
0.0205385, 0.0163272, 0.00420972, 0.000486352, 49201, 43017, 33456, 1.57443e+06, 32
0.0155946, 0.0121294, 0.00346336, 0.000293221, 49194, 42523, 23616, 1.57421e+06, 32
0.0175327, 0.0131605, 0.00437058, 0.000274521, 49259, 42525, 16851, 1.57629e+06, 32
0.0142715, 0.011149, 0.00312154, 6.0342e-05, 49264, 42775, 2091, 1.57645e+06, 32
0.0197928, 0.0166499, 0.00314086, 9.2982e-05, 49258, 42492, 5166, 1.57626e+06, 32
0.0177706, 0.0148075, 0.00296126, 4.444e-06, 49229, 42230, 123, 1.57533e+06, 32
0.0286295, 0.0252767, 0.00335122, 9.6449e-05, 49259, 42511, 3936, 1.57629e+06, 32
0.0228935, 0.0199454, 0.00294536, 0, 49219, 42625, 0, 1.57501e+06, 32
0.0139397, 0.0109976, 0.00294037, 5.054e-06, 49219, 42625, 123, 1.57501e+06, 32
0.0275049, 0.0236858, 0.0038174, 0.000283033, 54285, 44349, 16113, 1.73712e+06, 32
0.0157745, 0.0120788, 0.00369475, 0.000322248, 65982, 46886, 24231, 2.11142e+06, 32
0.0179673, 0.0132165, 0.00474919, 0.000549482, 62881, 50749, 39483, 2.01219e+06, 32
0.0177473, 0.0136508, 0.00409514, 0.000369634, 57341, 49569, 27183, 1.83491e+06, 32
0.0189636, 0.0147006, 0.00426097, 0.000405644, 61916, 48303, 30135, 1.98131e+06, 32
0.0175871, 0.0133588, 0.00422725, 0.000426247, 77937, 47686, 34071, 2.49398e+06, 32
0.0250803, 0.0175575, 0.00752119, 0.00182095, 75347, 59702, 138867, 2.4111e+06, 32
0.0256672, 0.0204708, 0.00519467, 0.000381045, 63376, 52723, 24969, 2.02803e+06, 32
0.0208167, 0.0155557, 0.00525963, 0.000681194, 75306, 55181, 56580, 2.40979e+06, 32
0.0191246, 0.0145414, 0.00458182, 0.00027264, 60823, 52271, 15498, 1.94634e+06, 32
0.0188359, 0.0144631, 0.00437138, 0.00022515, 52367, 51431, 13776, 1.67574e+06, 32
0.0191895, 0.0148352, 0.00435252, 0.000119873, 52388, 51581, 6519, 1.67642e+06, 32
0.0215312, 0.0159686, 0.00556036, 0.000311021, 60613, 53229, 17712, 1.93962e+06, 32
0.0222733, 0.0169023, 0.00536957, 0.000332613, 65558, 54138, 19803, 2.09786e+06, 32
0.0229005, 0.0179448, 0.00495376, 0.000526042, 72996, 53872, 41451, 2.33587e+06, 32
0.0195791, 0.0161194, 0.00345758, 0.000298957, 55972, 45426, 18327, 1.7911e+06, 32
0.0199523, 0.0163254, 0.00362514, 0.000260265, 53754, 46889, 14268, 1.72013e+06, 32
0.0226088, 0.0171776, 0.0054294, 0.00152905, 81772, 51025, 85977, 2.6167e+06, 32
0.0200688, 0.0161266, 0.00394103, 0.000180389, 55714, 44229, 8979, 1.78285e+06, 32
0.0207109, 0.0164161, 0.00429253, 0.000229833, 53490, 44835, 10947, 1.71168e+06, 32
0.0216301, 0.0172131, 0.00441519, 0.000349177, 55973, 44640, 22263, 1.79114e+06, 32
0.0220563, 0.0175644, 0.00449013, 0.000323124, 57089, 44050, 20049, 1.82685e+06, 32
0.0205789, 0.0162604, 0.00431716, 0.000268265, 49348, 43271, 15498, 1.57914e+06, 32
0.0204479, 0.0161941, 0.00425197, 0.000223812, 49385, 43155, 12669, 1.58032e+06, 32
0.021566, 0.0178939, 0.00367029, 2.5552e-05, 49355, 43058, 738, 1.57936e+06, 32
0.0216813, 0.0179699, 0.00370925, 4.45e-05, 49373, 43461, 1353, 1.57994e+06, 32
0.0200297, 0.0165941, 0.00343261, 4.3154e-05, 49434, 42820, 1599, 1.58189e+06, 32
0.0215186, 0.018171, 0.00334567, 8.461e-06, 49315, 43346, 369, 1.57808e+06, 32
0.0182217, 0.0147487, 0.00347197, 0, 49353, 43047, 0, 1.5793e+06, 32
0.0177473, 0.0145267, 0.00321928, 0, 49314, 43026, 0, 1.57805e+06, 32
0.0222264, 0.0186814, 0.00354285, 2.4846e-05, 49426, 43224, 738, 1.58163e+06, 32
0.0208835, 0.0174678, 0.00341392, 2.4819e-05, 49365, 43234, 984, 1.57968e+06, 32
0.0214516, 0.0181778, 0.00327229, 5.018e-06, 49344, 43171, 123, 1.57901e+06, 32
0.0172579, 0.0140619, 0.00319445, 4.495e-06, 49342, 43069, 123, 1.57894e+06, 32
0.0181029, 0.0145919, 0.00350908, 0, 49327, 43054, 0, 1.57846e+06, 32
0.0203379, 0.0170216, 0.00331436, 0, 49335, 43258, 0, 1.57872e+06, 32
0.0206223, 0.0173807, 0.00323959, 0, 49335, 43233, 0, 1.57872e+06, 32
0.020212, 0.0170213, 0.00318888, 0, 49306, 43254, 0, 1.57779e+06, 32
0.0167127, 0.0135938, 0.00311799, 0, 49388, 43241, 0, 1.58042e+06, 32
0.0174151, 0.0143052, 0.00310899, 0, 49391, 43339, 0, 1.58051e+06, 32
0.0181344, 0.0148712, 0.00326133, 5.033e-06, 49425, 43231, 123, 1.5816e+06, 32
0.0190397, 0.0159455, 0.00309193, 0, 49317, 43162, 0, 1.57814e+06, 32
0.0185499, 0.0154677, 0.00308041, 0, 49456, 43266, 0, 1.58259e+06, 32
0.017801, 0.014618, 0.00318154, 5.847e-06, 49344, 43171, 123, 1.57901e+06, 32
0.0190697, 0.0160322, 0.00303546, 5.698e-06, 49420, 42815, 123, 1.58144e+06, 32
0.0197487, 0.0165213, 0.00322539, 0, 49347, 43280, 0, 1.5791e+06, 32
0.0185282, 0.0153769, 0.00314909, 0, 49360, 43261, 0, 1.57952e+06, 32
0.0185535, 0.0155935, 0.0029587, 4.235e-06, 49413, 43261, 123, 1.58122e+06, 32
0.0174129, 0.0143699, 0.00304134, 0, 49341, 43261, 0, 1.57891e+06, 32
0.0178812, 0.0149345, 0.00294533, 5.134e-06, 49425, 43238, 123, 1.5816e+06, 32
0.0185443, 0.0156386, 0.00290366, 0, 49396, 43241, 0, 1.58067e+06, 32
0.0172259, 0.0143341, 0.00289033, 0, 49383, 43262, 0, 1.58026e+06, 32
0.0168627, 0.0139883, 0.00287265, 0, 49395, 43230, 0, 1.58064e+06, 32
0.0146459, 0.0117665, 0.00287794, 0, 49383, 43262, 0, 1.58026e+06, 32
0.0142187, 0.0119871, 0.00223021, 0, 49354, 43059, 0, 1.57933e+06, 32
0.020846, 0.0166813, 0.00416322, 0, 49322, 43288, 0, 1.5783e+06, 32
0.0239679, 0.0207012, 0.00326428, 9.528e-06, 49385, 43390, 246, 1.58032e+06, 32
0.0199201, 0.0168386, 0.00307967, 0, 49351, 43051, 0, 1.57923e+06, 32
0.0174124, 0.0139661, 0.00344524, 0, 49408, 43350, 0, 1.58106e+06, 32
0.0175822, 0.014166, 0.00341446, 0, 49380, 42805, 0, 1.58016e+06, 32
0.0236102, 0.0205365, 0.0030719, 0, 49450, 43006, 0, 1.5824e+06, 32
0.0213659, 0.018229, 0.0031348, 0, 49343, 43062, 0, 1.57898e+06, 32
0.0193138, 0.0163464, 0.00296559, 0, 49361, 43249, 0, 1.57955e+06, 32
0.0155523, 0.0126592, 0.00289201, 0, 49346, 42770, 0, 1.57907e+06, 32
0.0157608, 0.0129143, 0.00284501, 0, 49387, 43243, 0, 1.58038e+06, 32
0.0180983, 0.0151601, 0.00293685, 0, 49400, 43194, 0, 1.5808e+06, 32
0.0155255, 0.0126478, 0.00287673, 0, 49362, 43268, 0, 1.57958e+06, 32
0.0189395, 0.0159403, 0.00299768, 0, 49322, 43388, 0, 1.5783e+06, 32
0.0175027, 0.0143743, 0.00312621, 0, 49324, 43258, 0, 1.57837e+06, 32
0.0160101, 0.0130209, 0.0029883, 0, 49311, 43293, 0, 1.57795e+06, 32
0.0162391, 0.0132582, 0.00297988, 0, 49380, 42805, 0, 1.58016e+06, 32
0.0258287, 0.0227831, 0.00304296, 0, 49377, 43120, 0, 1.58006e+06, 32
0.0197838, 0.0168445, 0.00293775, 0, 49425, 43231, 0, 1.5816e+06, 32
0.0175866, 0.0144291, 0.00315579, 0, 49404, 43195, 0, 1.58093e+06, 32
0.0162142, 0.0132854, 0.00292762, 0, 49354, 43060, 0, 1.57933e+06, 32
0.0208026, 0.0177226, 0.00307844, 4.478e-06, 49313, 43039, 123, 1.57802e+06, 32
0.0217829, 0.0187191, 0.00306185, 0, 49368, 43297, 0, 1.57978e+06, 32
0.0204689, 0.017654, 0.00281303, 0, 49394, 43357, 0, 1.58061e+06, 32
0.0152509, 0.0122817, 0.00296743, 0, 49449, 43213, 0, 1.58237e+06, 32
0.017919, 0.0146214, 0.00329587, 0, 49366, 43231, 0, 1.57971e+06, 32
0.0179638, 0.014943, 0.00301834, 0, 49452, 42934, 0, 1.58246e+06, 32
0.0211949, 0.0185136, 0.00267901, 3.997e-06, 49336, 43049, 123, 1.57875e+06, 32
0.0229471, 0.0200176, 0.00292712, 0, 49341, 43245, 0, 1.57891e+06, 32
0.0202988, 0.0174249, 0.00287187, 0, 49336, 43049, 0, 1.57875e+06, 32
0.0205381, 0.0175312, 0.00300514, 0, 49348, 43271, 0, 1.57914e+06, 32
0.02014, 0.0172446, 0.0028938, 0, 49389, 43345, 0, 1.58045e+06, 32
0.0204868, 0.0175775, 0.00290627, 0, 49389, 43340, 0, 1.58045e+06, 32
0.0155638, 0.0128269, 0.00273571, 0, 49352, 42756, 0, 1.57926e+06, 32
0.0189783, 0.0166018, 0.0023744, 0, 49423, 43230, 0, 1.58154e+06, 32
0.0216442, 0.01866, 0.00298226, 0, 49315, 43346, 0, 1.57808e+06, 32
0.0207671, 0.0178482, 0.00291661, 0, 49426, 43226, 0, 1.58163e+06, 32
0.019203, 0.0165751, 0.00262605, 0, 49345, 43116, 0, 1.57904e+06, 32
0.0202799, 0.0173901, 0.00288795, 0, 49312, 43243, 0, 1.57798e+06, 32
0.0182322, 0.0153932, 0.00283755, 0, 49356, 43098, 0, 1.57939e+06, 32
0.0140448, 0.0112726, 0.00277062, 0, 49347, 42774, 0, 1.5791e+06, 32
0.0232741, 0.0205018, 0.00276988, 0, 49356, 42779, 0, 1.57939e+06, 32
0.0156921, 0.0129011, 0.00278891, 0, 49361, 43427, 0, 1.57955e+06, 32
0.013113, 0.0109428, 0.00216925, 0, 49308, 43296, 0, 1.57786e+06, 32
0.0210073, 0.0181913, 0.0028139, 0, 49449, 43008, 0, 1.58237e+06, 32
0.0169533, 0.0140612, 0.00289077, 0, 49360, 43053, 0, 1.57952e+06, 32
0.0178077, 0.0148045, 0.00300122, 0, 49383, 43355, 0, 1.58026e+06, 32
0.0181402, 0.015292, 0.00284678, 0, 49408, 43350, 0, 1.58106e+06, 32
0.0154905, 0.0126769, 0.0028119, 0, 49327, 43054, 0, 1.57846e+06, 32
0.0185884, 0.0158184, 0.00276762, 0, 49400, 43194, 0, 1.5808e+06, 32
0.015867, 0.0131077, 0.00275768, 0, 49347, 43338, 0, 1.5791e+06, 32
0.0147602, 0.0120788, 0.00268074, 0, 49313, 43031, 0, 1.57802e+06, 32
0.0171129, 0.0141992, 0.00291215, 0, 49309, 43265, 0, 1.57789e+06, 32
0.0187923, 0.0159149, 0.00287551, 0, 49356, 43283, 0, 1.57939e+06, 32
0.0201863, 0.017367, 0.00281738, 0, 49343, 43062, 0, 1.57898e+06, 32
0.0146846, 0.0118918, 0.00279198, 0, 49350, 43449, 0, 1.5792e+06, 32
0.0189806, 0.0160747, 0.00290385, 0, 49376, 42775, 0, 1.58003e+06, 32
0.0193228, 0.0164089, 0.00291129, 0, 49358, 43450, 0, 1.57946e+06, 32
0.018841, 0.0159116, 0.00292745, 0, 49322, 43390, 0, 1.5783e+06, 32
0.0203305, 0.0176205, 0.00270799, 0, 49354, 43060, 0, 1.57933e+06, 32
0.0190098, 0.015946, 0.00306205, 0, 49308, 43291, 0, 1.57786e+06, 32
0.016637, 0.0138146, 0.00282129, 0, 49309, 43290, 0, 1.57789e+06, 32
0.0188715, 0.0161303, 0.00273926, 0, 49389, 43059, 0, 1.58045e+06, 32
0.0167326, 0.0138031, 0.00292752, 0, 49383, 43355, 0, 1.58026e+06, 32
0.0124723, 0.0103713, 0.00210022, 0, 49347, 43260, 0, 1.5791e+06, 32
0.0177487, 0.0149473, 0.00279934, 0, 49395, 43230, 0, 1.58064e+06, 32
0.0197492, 0.0169733, 0.00277352, 0, 49384, 43311, 0, 1.58029e+06, 32
0.019986, 0.0171704, 0.0028128, 0, 49308, 43212, 0, 1.57786e+06, 32
0.018301, 0.0155707, 0.00272835, 0, 49344, 43058, 0, 1.57901e+06, 32
0.0226244, 0.0199488, 0.00267281, 0, 49360, 43289, 0, 1.57952e+06, 32
0.0184077, 0.0154731, 0.00293308, 0, 49351, 43051, 0, 1.57923e+06, 32
0.0187193, 0.0159105, 0.00280733, 0, 49413, 43261, 0, 1.58122e+06, 32
0.0199588, 0.0171056, 0.00285036, 0, 49347, 43297, 0, 1.5791e+06, 32
0.0140828, 0.0114973, 0.00258342, 0, 49312, 43035, 0, 1.57798e+06, 32
0.0184507, 0.0150743, 0.00337364, 0, 49322, 43288, 0, 1.5783e+06, 32
0.0137854, 0.0110017, 0.00278219, 0, 49452, 42934, 0, 1.58246e+06, 32
0.0137065, 0.0110911, 0.00261456, 0, 49429, 43254, 0, 1.58173e+06, 32
0.0164679, 0.0135374, 0.0029293, 0, 49312, 43236, 0, 1.57798e+06, 32
0.0170573, 0.0140709, 0.00298469, 0, 49327, 43286, 0, 1.57846e+06, 32
0.0169153, 0.013952, 0.00296171, 0, 49350, 43448, 0, 1.5792e+06, 32
0.0142212, 0.011369, 0.00285084, 0, 49354, 43118, 0, 1.57933e+06, 32
0.0150759, 0.0121602, 0.00291448, 0, 49364, 42764, 0, 1.57965e+06, 32
0.0231715, 0.0202591, 0.00290954, 0, 49339, 42772, 0, 1.57885e+06, 32
0.0182129, 0.0148316, 0.00338016, 0, 49452, 42934, 0, 1.58246e+06, 32
0.0148227, 0.0124676, 0.00235352, 0, 49360, 43345, 0, 1.57952e+06, 32
0.0186431, 0.0154837, 0.00315746, 0, 49341, 43245, 0, 1.57891e+06, 32
0.0189385, 0.0155657, 0.00337075, 5.146e-06, 49405, 43362, 123, 1.58096e+06, 32
0.0186909, 0.0153351, 0.00335372, 0, 49385, 43385, 0, 1.58032e+06, 32
0.0223125, 0.0189441, 0.00336599, 0, 49308, 43291, 0, 1.57786e+06, 32
0.020628, 0.0173146, 0.00331174, 0, 49312, 43217, 0, 1.57798e+06, 32
0.0175903, 0.0144704, 0.00311821, 0, 49370, 42773, 0, 1.57984e+06, 32
0.0252317, 0.0219766, 0.00325331, 0, 49396, 43244, 0, 1.58067e+06, 32
0.0219803, 0.0188773, 0.00310088, 0, 49357, 42775, 0, 1.57942e+06, 32
0.0199675, 0.0167625, 0.00320252, 0, 49425, 43263, 0, 1.5816e+06, 32
0.0184189, 0.0151614, 0.00325567, 0, 49389, 43059, 0, 1.58045e+06, 32
0.016495, 0.0134943, 0.00299947, 0, 49350, 43448, 0, 1.5792e+06, 32
0.0168852, 0.0138447, 0.00303851, 0, 49311, 43293, 0, 1.57795e+06, 32
0.0177543, 0.0148343, 0.00291798, 0, 49385, 43155, 0, 1.58032e+06, 32
0.0244442, 0.0213533, 0.00308804, 0, 49348, 43067, 0, 1.57914e+06, 32
0.0212266, 0.0182813, 0.00294353, 0, 49387, 43243, 0, 1.58038e+06, 32
0.0190216, 0.0162571, 0.00276236, 0, 49399, 42762, 0, 1.58077e+06, 32
0.0184834, 0.0157427, 0.00273899, 0, 49303, 43321, 0, 1.5777e+06, 32
0.0246727, 0.0218147, 0.00285573, 0, 49336, 43049, 0, 1.57875e+06, 32
0.0194255, 0.016508, 0.00291554, 0, 49447, 42930, 0, 1.5823e+06, 32
0.0189948, 0.0160839, 0.00290893, 0, 49361, 43427, 0, 1.57955e+06, 32
0.0164902, 0.0128526, 0.00363537, 4.468e-06, 49306, 43215, 123, 1.57779e+06, 32
0.0166752, 0.0137473, 0.00292581, 0, 49355, 43058, 0, 1.57936e+06, 32
0.0171488, 0.01448, 0.0026668, 0, 49407, 43358, 0, 1.58102e+06, 32
0.0185203, 0.0157608, 0.0027573, 0, 49408, 43361, 0, 1.58106e+06, 32
0.0237266, 0.0209334, 0.00279153, 0, 49390, 43249, 0, 1.58048e+06, 32
0.0161879, 0.0130956, 0.00309037, 0, 49345, 42764, 0, 1.57904e+06, 32
0.0137049, 0.0110632, 0.00264066, 0, 49342, 43426, 0, 1.57894e+06, 32
0.0188674, 0.0158956, 0.00296956, 0, 49384, 43135, 0, 1.58029e+06, 32
0.0176669, 0.0147904, 0.00287484, 0, 49456, 43266, 0, 1.58259e+06, 32
0.0151796, 0.0126082, 0.00256954, 0, 49378, 43458, 0, 1.5801e+06, 32
0.017757, 0.0150724, 0.00268301, 0, 49374, 43166, 0, 1.57997e+06, 32
0.0140739, 0.0113924, 0.00268, 0, 49372, 42952, 0, 1.5799e+06, 32
0.0192523, 0.0163912, 0.00285895, 0, 49423, 43230, 0, 1.58154e+06, 32
0.0223063, 0.0195619, 0.00274191, 0, 49322, 43388, 0, 1.5783e+06, 32
0.0142058, 0.0115504, 0.00265353, 0, 49358, 43259, 0, 1.57946e+06, 32
0.0174434, 0.0145296, 0.00291205, 0, 49395, 43243, 0, 1.58064e+06, 32
0.0144567, 0.0116803, 0.00277514, 0, 49407, 43354, 0, 1.58102e+06, 32
0.0152483, 0.0122792, 0.00296622, 0, 49354, 43118, 0, 1.57933e+06, 32
0.0191534, 0.0162833, 0.00286873, 0, 49397, 42760, 0, 1.5807e+06, 32
0.0201099, 0.0173298, 0.00277844, 0, 49360, 43289, 0, 1.57952e+06, 32
0.0196158, 0.0167604, 0.00285389, 0, 49342, 43069, 0, 1.57894e+06, 32
0.0157538, 0.0130852, 0.00266689, 0, 49324, 43264, 0, 1.57837e+06, 32
0.0160538, 0.0132445, 0.002808, 0, 49397, 43309, 0, 1.5807e+06, 32
0.0169221, 0.0140659, 0.00285437, 0, 49447, 42930, 0, 1.5823e+06, 32
0.0146054, 0.01182, 0.00278389, 0, 49322, 43391, 0, 1.5783e+06, 32
0.0188203, 0.0160484, 0.00276956, 0, 49336, 43049, 0, 1.57875e+06, 32
0.0167964, 0.0138598, 0.00293446, 0, 49354, 43174, 0, 1.57933e+06, 32
0.0164684, 0.0135999, 0.00286662, 0, 49385, 43155, 0, 1.58032e+06, 32
0.0176011, 0.0147628, 0.0028366, 0, 49350, 42759, 0, 1.5792e+06, 32
0.01429, 0.0115768, 0.00271204, 0, 49360, 43289, 0, 1.57952e+06, 32
0.0157896, 0.0127475, 0.00304086, 0, 49315, 43346, 0, 1.57808e+06, 32
0.0152272, 0.0123826, 0.0028424, 0, 49371, 42765, 0, 1.57987e+06, 32
0.018012, 0.0151344, 0.00287594, 0, 49383, 43375, 0, 1.58026e+06, 32
0.0186044, 0.0157538, 0.002849, 0, 49456, 43266, 0, 1.58259e+06, 32
0.0167224, 0.0138994, 0.0028214, 0, 49355, 43046, 0, 1.57936e+06, 32
0.0157206, 0.0130806, 0.00263806, 0, 49362, 43268, 0, 1.57958e+06, 32
0.0183241, 0.0153677, 0.00295477, 0, 49339, 42774, 0, 1.57885e+06, 32
0.0171351, 0.0141938, 0.00293925, 0, 49321, 43296, 0, 1.57827e+06, 32
0.0170421, 0.0144043, 0.00263603, 0, 49347, 43338, 0, 1.5791e+06, 32
0.018927, 0.016157, 0.00276778, 0, 49364, 42770, 0, 1.57965e+06, 32
0.0202075, 0.0174429, 0.00276281, 0, 49385, 43155, 0, 1.58032e+06, 32
0.0140374, 0.0111589, 0.00287676, 0, 49366, 43242, 0, 1.57971e+06, 32
0.0135201, 0.0110042, 0.00251475, 0, 49354, 43174, 0, 1.57933e+06, 32
0.016777, 0.014069, 0.00270629, 0, 49400, 43194, 0, 1.5808e+06, 32
0.0215965, 0.0189676, 0.00262719, 0, 49363, 43252, 0, 1.57962e+06, 32
0.022943, 0.0202101, 0.00273136, 0, 49325, 43260, 0, 1.5784e+06, 32
0.01397, 0.011129, 0.00283989, 0, 49447, 42930, 0, 1.5823e+06, 32
0.0181729, 0.0153135, 0.00285801, 0, 49394, 43357, 0, 1.58061e+06, 32
0.0184938, 0.0155864, 0.00290567, 0, 49271, 43294, 0, 1.57667e+06, 32
0.0174038, 0.0145657, 0.00283643, 0, 49395, 43230, 0, 1.58064e+06, 32
0.0184981, 0.0157806, 0.00271489, 0, 49372, 43100, 0, 1.5799e+06, 32
0.0135793, 0.0109378, 0.00264001, 0, 49452, 42934, 0, 1.58246e+06, 32
0.0142232, 0.0114466, 0.00277454, 0, 49343, 43062, 0, 1.57898e+06, 32
0.0170593, 0.0140365, 0.00301971, 0, 49348, 43262, 0, 1.57914e+06, 32
0.0216033, 0.0187705, 0.00283036, 0, 49314, 43026, 0, 1.57805e+06, 32
0.0179443, 0.0148096, 0.00313285, 0, 49409, 43235, 0, 1.58109e+06, 32
0.0136689, 0.0111167, 0.00255149, 0, 49377, 43195, 0, 1.58006e+06, 32
0.0143942, 0.0119969, 0.00239636, 0.000110278, 53375, 43521, 9102, 1.708e+06, 32
0.0184006, 0.0150458, 0.00335325, 0.000129943, 58818, 44427, 8487, 1.88218e+06, 32
0.0187726, 0.0149826, 0.00378864, 0.000212748, 60486, 46813, 12915, 1.93555e+06, 32
0.0192435, 0.014848, 0.00439277, 0.000246089, 62203, 45815, 14268, 1.9905e+06, 32
0.0197108, 0.0152852, 0.00442395, 0.000412124, 75025, 44012, 26937, 2.4008e+06, 32
0.0211148, 0.0161466, 0.00496602, 0.000379861, 70281, 45574, 23247, 2.24899e+06, 32
0.0238952, 0.018671, 0.00522279, 0.000985829, 76726, 47774, 57933, 2.45523e+06, 32
0.0227598, 0.0181461, 0.0046119, 0.000415314, 70823, 45485, 29151, 2.26634e+06, 32
0.0217089, 0.0167536, 0.00495369, 0.000241821, 58804, 43476, 12915, 1.88173e+06, 32
0.0250074, 0.0191958, 0.00581047, 0.000905753, 67093, 45104, 82656, 2.14698e+06, 32
0.0234495, 0.0181138, 0.00533279, 0.00081347, 73509, 45158, 58179, 2.35229e+06, 32
0.0297177, 0.0235261, 0.00618945, 0.00101755, 64114, 45935, 76014, 2.05165e+06, 32
0.026251, 0.0209106, 0.00533832, 0.00074168, 79978, 44062, 48093, 2.5593e+06, 32
0.0259346, 0.0209558, 0.00497617, 0.000408222, 56572, 43080, 24354, 1.8103e+06, 32
0.0250927, 0.0201659, 0.00492395, 0.00045083, 68708, 44471, 28659, 2.19866e+06, 32
0.0290991, 0.0225376, 0.00655969, 0.000597612, 76640, 45219, 25338, 2.45248e+06, 32
0.0257282, 0.0210696, 0.00465638, 0.00034941, 67589, 44668, 20910, 2.16285e+06, 32
0.0298079, 0.0244346, 0.00537113, 0.000387515, 63522, 45140, 18942, 2.0327e+06, 32
0.0281469, 0.023266, 0.00487854, 0.0003597, 69627, 44638, 21033, 2.22806e+06, 32
0.0252787, 0.020305, 0.00497138, 0.000378673, 74432, 42247, 21648, 2.38182e+06, 32
0.0236252, 0.0190806, 0.00454301, 0.000239581, 63228, 42935, 14268, 2.0233e+06, 32
0.0274942, 0.0226371, 0.00485549, 0.000167587, 58073, 42944, 7011, 1.85834e+06, 32
0.0332863, 0.0293416, 0.00394241, 0.000129654, 57905, 42607, 6642, 1.85296e+06, 32
0.026072, 0.0220592, 0.00401044, 9.1334e-05, 53109, 41289, 3936, 1.69949e+06, 32
0.0244343, 0.0206001, 0.00383192, 8.7321e-05, 52013, 41042, 4059, 1.66442e+06, 32
0.0227054, 0.0190717, 0.00363213, 4.0977e-05, 51997, 40720, 2214, 1.6639e+06, 32
0.0243636, 0.020277, 0.00408478, 4.4429e-05, 52049, 40884, 1845, 1.66557e+06, 32
0.0253946, 0.0213099, 0.00408255, 0.000335069, 74450, 43918, 20787, 2.3824e+06, 32
0.025899, 0.0214964, 0.00440084, 0.000341559, 69785, 45590, 17343, 2.23312e+06, 32
0.0241168, 0.0198702, 0.00424458, 0.000149415, 58665, 45729, 7257, 1.87728e+06, 32
0.0227924, 0.0187264, 0.00406389, 0.000124423, 52499, 43028, 5166, 1.67997e+06, 32
0.0247028, 0.0203937, 0.00430781, 0.000117401, 56380, 45432, 4920, 1.80416e+06, 32
0.0284623, 0.0229803, 0.00547982, 0.000673253, 77637, 47260, 42189, 2.48438e+06, 32
0.0320273, 0.0259784, 0.00604578, 0.000881134, 75403, 45569, 45264, 2.4129e+06, 32
0.0217649, 0.0179429, 0.00382091, 0.000276233, 60274, 38843, 15744, 1.92877e+06, 32
0.0240708, 0.0205721, 0.00349736, 0.000190192, 54758, 38616, 10086, 1.75226e+06, 32
0.0191133, 0.0156549, 0.00345634, 0.000108285, 54656, 38350, 6027, 1.74899e+06, 32
0.0192994, 0.015688, 0.0036105, 2.5423e-05, 54791, 38576, 861, 1.75331e+06, 32
0.0193002, 0.0158736, 0.00342518, 1.8132e-05, 54802, 38465, 492, 1.75366e+06, 32
0.0193383, 0.0161094, 0.00322725, 4.5388e-05, 54720, 38690, 1230, 1.75104e+06, 32
0.0208899, 0.0177056, 0.00318252, 2.6468e-05, 54738, 38189, 984, 1.75162e+06, 32
0.0195412, 0.0165597, 0.00297949, 1.4635e-05, 54671, 38421, 492, 1.74947e+06, 32
0.0180974, 0.0147272, 0.00336863, 1.4654e-05, 54722, 38033, 369, 1.7511e+06, 32
0.0170962, 0.0139736, 0.00312089, 0, 54737, 38584, 0, 1.75158e+06, 32
0.0196905, 0.0154363, 0.00425253, 3.8983e-05, 54694, 38043, 1230, 1.75021e+06, 32
0.0181511, 0.0151823, 0.00296677, 0, 54720, 38061, 0, 1.75104e+06, 32
0.0191261, 0.0163591, 0.00276532, 0, 54689, 38189, 0, 1.75005e+06, 32
0.0157367, 0.0129738, 0.00276136, 0, 54758, 38258, 0, 1.75226e+06, 32
0.0156141, 0.0127987, 0.00281383, 0, 54664, 38040, 0, 1.74925e+06, 32
0.0156653, 0.0128491, 0.00281508, 0, 54727, 38064, 0, 1.75126e+06, 32
0.0182153, 0.0153378, 0.0028757, 0, 54689, 38396, 0, 1.75005e+06, 32
0.017495, 0.0147317, 0.00276103, 0, 54659, 38405, 0, 1.74909e+06, 32
0.0181458, 0.0155648, 0.00257925, 0, 54735, 38144, 0, 1.75152e+06, 32
0.016253, 0.0132889, 0.00296252, 0, 54720, 38690, 0, 1.75104e+06, 32
0.0147234, 0.0121194, 0.00260297, 0, 54714, 38625, 0, 1.75085e+06, 32
0.018635, 0.0149995, 0.0036344, 0.000288498, 71409, 43279, 19065, 2.28509e+06, 32
0.0204929, 0.017004, 0.00348732, 0.000190958, 68496, 45264, 9717, 2.19187e+06, 32
0.0181027, 0.0144491, 0.00365206, 7.6019e-05, 59581, 45354, 2952, 1.90659e+06, 32
0.0174592, 0.0139633, 0.00349426, 0.000113793, 61794, 43162, 5289, 1.97741e+06, 32
0.0178185, 0.0145434, 0.00327246, 0.00011344, 66699, 43046, 5166, 2.13437e+06, 32
0.0218604, 0.0175162, 0.00434287, 0.000530178, 64129, 48813, 42312, 2.05213e+06, 32
0.0209885, 0.0167618, 0.00422565, 0.000176941, 59658, 47479, 9717, 1.90906e+06, 32
0.0203577, 0.0168383, 0.00351856, 0.000148762, 62226, 44624, 7626, 1.99123e+06, 32
0.0197851, 0.0163323, 0.00345031, 9.0419e-05, 59035, 43715, 4428, 1.88912e+06, 32
0.0219048, 0.0174096, 0.00449368, 0.000327262, 77782, 49207, 18573, 2.48902e+06, 32
0.0209307, 0.0168839, 0.00404485, 0.000214846, 76468, 45563, 12300, 2.44698e+06, 32
0.0274692, 0.0221044, 0.00536306, 0.000401936, 62238, 50582, 25092, 1.99162e+06, 32
0.0255167, 0.0205223, 0.00499291, 0.000442274, 62535, 52577, 29766, 2.00112e+06, 32
0.0231992, 0.0185998, 0.00459793, 0.000238159, 59572, 48620, 12915, 1.9063e+06, 32
0.0224105, 0.0174423, 0.00496686, 0.000478181, 72048, 45098, 29643, 2.30554e+06, 32
0.0227781, 0.0187712, 0.0040055, 0.000262029, 62788, 42268, 15621, 2.00922e+06, 32
0.0217148, 0.0181326, 0.00357945, 0.000131568, 53733, 40665, 6150, 1.71946e+06, 32
0.0186919, 0.015431, 0.00325949, 0.000115727, 53773, 40528, 5412, 1.72074e+06, 32
0.0200543, 0.0159087, 0.004144, 0.000308529, 70581, 41768, 17097, 2.25859e+06, 32
0.0212945, 0.0171771, 0.00411582, 0.000316938, 70584, 44818, 18696, 2.25869e+06, 32
0.0255144, 0.0192599, 0.0062527, 0.000404626, 62603, 46787, 16113, 2.0033e+06, 32
0.0231147, 0.0183986, 0.00471499, 0.000385453, 52815, 46939, 26445, 1.69008e+06, 32
0.0270679, 0.0209554, 0.00611066, 0.00114161, 60833, 47443, 97539, 1.94666e+06, 32
0.0256678, 0.019056, 0.00661035, 0.00185992, 67165, 46853, 141942, 2.14928e+06, 32
0.0243518, 0.0177015, 0.00664868, 0.00199646, 77318, 44352, 143418, 2.47418e+06, 32
0.025961, 0.0186078, 0.00735162, 0.00223276, 71171, 47645, 195447, 2.27747e+06, 32
0.0281796, 0.0200344, 0.00814404, 0.0017914, 64175, 52174, 148584, 2.0536e+06, 32
0.0288394, 0.0199992, 0.00883855, 0.00234754, 59762, 54410, 179334, 1.91238e+06, 32
0.035994, 0.0257501, 0.0102422, 0.00284652, 67544, 53582, 228165, 2.16141e+06, 32
0.0257452, 0.0182878, 0.00745568, 0.0015591, 69023, 49314, 120540, 2.20874e+06, 32
0.023116, 0.0167903, 0.00632413, 0.00105491, 66816, 44471, 75030, 2.13811e+06, 32
0.0237284, 0.017499, 0.00622806, 0.000959744, 65567, 45878, 68880, 2.09814e+06, 32
0.022709, 0.0169962, 0.00571133, 0.00119611, 71028, 43879, 94956, 2.2729e+06, 32
0.0206308, 0.0147028, 0.00592631, 0.00174064, 84584, 37010, 130257, 2.70669e+06, 32
0.0214889, 0.014785, 0.00670256, 0.00201185, 77219, 35276, 130872, 2.47101e+06, 32
0.0202788, 0.0140615, 0.0062157, 0.00208666, 61503, 32223, 172692, 1.9681e+06, 32
0.0195941, 0.0135319, 0.00605996, 0.00214206, 74583, 29599, 184623, 2.38666e+06, 32
0.0187934, 0.0135802, 0.00521135, 0.00141042, 81539, 29938, 113652, 2.60925e+06, 32
0.0189232, 0.014025, 0.00489567, 0.00127381, 76650, 32493, 94956, 2.4528e+06, 32
0.0174011, 0.0132969, 0.00410303, 0.000670112, 61270, 31759, 52152, 1.96064e+06, 32
0.0180162, 0.0144844, 0.00353051, 0.000325152, 61030, 31893, 20172, 1.95296e+06, 32
0.0185063, 0.0155287, 0.00297594, 0.000175959, 61177, 31924, 9717, 1.95766e+06, 32
0.0178833, 0.0154281, 0.00245359, 0, 61177, 31914, 0, 1.95766e+06, 32
0.0203946, 0.017603, 0.00278898, 8.1711e-05, 61129, 31953, 3198, 1.95613e+06, 32
0.0139331, 0.0114198, 0.00251209, 6.149e-06, 61030, 31893, 123, 1.95296e+06, 32
0.0192852, 0.0166121, 0.00267046, 6.3474e-05, 61057, 31850, 2583, 1.95382e+06, 32
0.0162706, 0.0136028, 0.0026657, 1.1989e-05, 61058, 31841, 246, 1.95386e+06, 32
0.015178, 0.012724, 0.00245196, 4.689e-06, 61049, 31893, 123, 1.95357e+06, 32
0.0169533, 0.0147642, 0.00218726, 4.416e-06, 61056, 31850, 123, 1.95379e+06, 32
0.0127373, 0.0104467, 0.00228936, 4.288e-06, 61114, 31980, 123, 1.95565e+06, 32
0.012777, 0.0105293, 0.00224642, 2.0521e-05, 61169, 31861, 738, 1.95741e+06, 32
0.0149024, 0.0127183, 0.00218268, 0, 61144, 31911, 0, 1.95661e+06, 32
0.0162113, 0.0136174, 0.00259228, 3.4684e-05, 61021, 31773, 984, 1.95267e+06, 32
0.0138144, 0.0116662, 0.00214652, 0, 61044, 31846, 0, 1.95341e+06, 32
0.0123711, 0.010038, 0.00233235, 1.0902e-05, 61096, 31887, 246, 1.95507e+06, 32
0.0125212, 0.0102962, 0.00222368, 0, 61023, 31924, 0, 1.95274e+06, 32
0.0143833, 0.012175, 0.00220622, 4.446e-06, 61041, 31755, 123, 1.95331e+06, 32
0.0157113, 0.0135059, 0.00220284, 0, 61178, 31932, 0, 1.9577e+06, 32
0.0146334, 0.0124901, 0.00214177, 0, 61053, 31843, 0, 1.9537e+06, 32
0.0114049, 0.00929142, 0.00211258, 0, 61008, 31810, 0, 1.95226e+06, 32
0.0136596, 0.0114629, 0.00219559, 0, 61042, 31909, 0, 1.95334e+06, 32
0.0139065, 0.0117252, 0.00217896, 0, 61000, 31965, 0, 1.952e+06, 32
0.01686, 0.0147255, 0.00213252, 0, 61072, 31841, 0, 1.9543e+06, 32
0.0131253, 0.0110978, 0.00202615, 0, 61128, 31797, 0, 1.9561e+06, 32
0.0149578, 0.0128508, 0.00210522, 0, 61122, 31780, 0, 1.9559e+06, 32
0.0148236, 0.0124662, 0.00235544, 0, 61053, 31827, 0, 1.9537e+06, 32
0.0173558, 0.0150831, 0.00227121, 0, 61037, 31903, 0, 1.95318e+06, 32
0.017853, 0.0156635, 0.00218722, 0, 61019, 31923, 0, 1.95261e+06, 32
0.0129347, 0.0109823, 0.00195065, 0, 61164, 31947, 0, 1.95725e+06, 32
0.011389, 0.00906804, 0.00231926, 0, 61161, 31866, 0, 1.95715e+06, 32
0.0113539, 0.0092811, 0.00207153, 0, 61139, 31896, 0, 1.95645e+06, 32
0.01432, 0.0122706, 0.00204802, 0, 61165, 31937, 0, 1.95728e+06, 32
0.0140217, 0.01195, 0.00207039, 0, 61141, 31909, 0, 1.95651e+06, 32
0.0133036, 0.011344, 0.00195854, 0, 61053, 31839, 0, 1.9537e+06, 32
0.0130822, 0.0111598, 0.00192102, 0, 61059, 31834, 0, 1.95389e+06, 32
0.0111089, 0.00908144, 0.00202619, 0, 61094, 31837, 0, 1.95501e+06, 32
0.0118659, 0.00979507, 0.00206946, 0, 61136, 31779, 0, 1.95635e+06, 32
0.0152815, 0.0132412, 0.00203911, 0, 61040, 31755, 0, 1.95328e+06, 32
0.0144286, 0.0123596, 0.0020671, 0, 61034, 31901, 0, 1.95309e+06, 32
0.0145011, 0.0125035, 0.00199605, 0, 61036, 31821, 0, 1.95315e+06, 32
0.0116456, 0.00945969, 0.00218447, 0, 61002, 31772, 0, 1.95206e+06, 32
0.0167586, 0.0146678, 0.00208918, 0, 61054, 31822, 0, 1.95373e+06, 32
0.0150058, 0.0130343, 0.00196992, 0, 61135, 31901, 0, 1.95632e+06, 32
0.0158933, 0.0139705, 0.00192007, 0, 61108, 31963, 0, 1.95546e+06, 32
0.0132669, 0.0111793, 0.0020862, 0, 61172, 31985, 0, 1.9575e+06, 32
0.0157866, 0.0137279, 0.0020567, 0, 61169, 31861, 0, 1.95741e+06, 32
0.0118157, 0.00992158, 0.0018926, 0, 61164, 31947, 0, 1.95725e+06, 32
0.0138151, 0.0117968, 0.00201651, 0, 61044, 32121, 0, 1.95341e+06, 32
0.0153794, 0.0131648, 0.00221281, 0, 61018, 31919, 0, 1.95258e+06, 32
0.0122065, 0.0103635, 0.00183987, 0, 61070, 31840, 0, 1.95424e+06, 32
0.0111361, 0.00899048, 0.00214383, 0, 61181, 31777, 0, 1.95779e+06, 32
0.0114419, 0.00946608, 0.0019745, 0, 61167, 31898, 0, 1.95734e+06, 32
0.0137249, 0.0116899, 0.00203341, 0, 61122, 31801, 0, 1.9559e+06, 32
0.0159809, 0.0138878, 0.002091, 0, 61146, 31788, 0, 1.95667e+06, 32
0.0154412, 0.0133649, 0.0020745, 0, 61169, 31857, 0, 1.95741e+06, 32
0.0205012, 0.018355, 0.00214376, 0, 61064, 31819, 0, 1.95405e+06, 32
0.0098012, 0.00827348, 0.00152711, 0, 61044, 32052, 0, 1.95341e+06, 32
0.0118615, 0.00933755, 0.00252108, 4.222e-06, 61041, 31755, 123, 1.95331e+06, 32
0.0162991, 0.0144237, 0.0018733, 0, 61140, 31895, 0, 1.95648e+06, 32
0.0132459, 0.0113216, 0.00192167, 0, 61114, 31980, 0, 1.95565e+06, 32
0.0145175, 0.0121048, 0.00241095, 0.000160091, 61803, 31781, 9963, 1.9777e+06, 32
0.0144945, 0.011895, 0.0025979, 0.000198329, 63071, 31591, 10947, 2.01827e+06, 32
0.0127178, 0.0102668, 0.00244999, 0.000167931, 62834, 31626, 7011, 2.01069e+06, 32
0.0142873, 0.0120258, 0.00225961, 0.000152141, 61474, 31342, 7134, 1.96717e+06, 32
0.013073, 0.0106686, 0.00240228, 0.000142406, 60182, 31305, 7749, 1.92582e+06, 32
0.0178812, 0.0154246, 0.0024545, 0.000188695, 60565, 31209, 11193, 1.93808e+06, 32
0.0145076, 0.0117239, 0.00278139, 0.000291645, 62338, 30919, 20049, 1.99482e+06, 32
0.0139158, 0.0113138, 0.00259966, 0.00025693, 63967, 30624, 18819, 2.04694e+06, 32
0.0155475, 0.0131795, 0.00236632, 0.000197117, 63808, 30422, 11316, 2.04186e+06, 32
0.0149563, 0.0124732, 0.00248088, 0.000134349, 61534, 30467, 9102, 1.96909e+06, 32
0.0113015, 0.00893805, 0.00236206, 7.4324e-05, 61189, 30401, 4182, 1.95805e+06, 32
0.0140326, 0.0118054, 0.00222512, 5.0417e-05, 61064, 30280, 2460, 1.95405e+06, 32
0.0146311, 0.0124546, 0.00217462, 6.9999e-05, 61199, 30520, 2829, 1.95837e+06, 32
0.015328, 0.0131234, 0.0022029, 4.266e-06, 61153, 30289, 123, 1.9569e+06, 32
0.0150416, 0.012942, 0.00209744, 9.209e-06, 61155, 30356, 246, 1.95696e+06, 32
0.0112799, 0.00901263, 0.00226638, 5.0006e-05, 61155, 30282, 984, 1.95696e+06, 32
0.0103428, 0.00825039, 0.00209106, 0, 61147, 30312, 0, 1.9567e+06, 32
0.0173296, 0.0145205, 0.00280767, 0.000273084, 77391, 31901, 21156, 2.47651e+06, 32
0.0115022, 0.00905666, 0.0024443, 0.000193398, 74422, 31570, 14268, 2.3815e+06, 32
0.0127137, 0.00983993, 0.00287239, 0.000378215, 80328, 32798, 35793, 2.5705e+06, 32
0.0133966, 0.00998225, 0.00341314, 0.000497588, 79078, 37367, 44649, 2.5305e+06, 32
0.013582, 0.0107456, 0.0028349, 0.000342212, 85618, 35312, 24354, 2.73978e+06, 32
0.013719, 0.0104582, 0.00325921, 0.00051258, 76804, 37727, 39483, 2.45773e+06, 32
0.0208251, 0.0146881, 0.00613573, 0.000939614, 69467, 58020, 58671, 2.22294e+06, 32
0.0222844, 0.0163812, 0.00590192, 0.00097105, 73914, 56981, 83025, 2.36525e+06, 32
0.0233009, 0.0175564, 0.0057425, 0.00126903, 79181, 54462, 105903, 2.53379e+06, 32
0.0205483, 0.0153982, 0.00514869, 0.000881827, 66531, 50914, 75030, 2.12899e+06, 32
0.0191834, 0.0146648, 0.00451752, 0.000455937, 52642, 47399, 34932, 1.68454e+06, 32
0.0195582, 0.0154361, 0.00412038, 0.000233324, 52561, 47028, 13161, 1.68195e+06, 32
0.0203362, 0.0160992, 0.00423515, 0.000263536, 52669, 47319, 16851, 1.68541e+06, 32
0.0211957, 0.0177049, 0.00348883, 8.2052e-05, 52664, 47263, 4182, 1.68525e+06, 32
0.0175137, 0.0139906, 0.0035218, 1.3283e-05, 52641, 47275, 369, 1.68451e+06, 32
0.0184396, 0.0150522, 0.0033859, 7.8047e-05, 52632, 47347, 3936, 1.68422e+06, 32
0.0177028, 0.014198, 0.00350361, 4.82e-06, 52691, 47197, 123, 1.68611e+06, 32
0.0233701, 0.0197361, 0.0036317, 0, 52642, 47399, 0, 1.68454e+06, 32
0.0230867, 0.0197313, 0.00335326, 0, 52701, 47319, 0, 1.68643e+06, 32
0.0201764, 0.0169624, 0.00321237, 0, 52663, 47190, 0, 1.68522e+06, 32
0.0153881, 0.0126744, 0.0027127, 0, 52639, 47351, 0, 1.68445e+06, 32
0.0169584, 0.013798, 0.00315908, 1.2576e-05, 52561, 47028, 369, 1.68195e+06, 32
0.0204149, 0.0169392, 0.00347393, 0, 52661, 47256, 0, 1.68515e+06, 32
0.0185463, 0.0152473, 0.00329707, 4.3657e-05, 52612, 47138, 1476, 1.68358e+06, 32
0.0177565, 0.0144052, 0.00334918, 0, 52614, 47133, 0, 1.68365e+06, 32
0.0171101, 0.0137606, 0.00334802, 9.671e-06, 52539, 47179, 246, 1.68125e+06, 32
0.0160328, 0.0130169, 0.00301433, 0, 52549, 47157, 0, 1.68157e+06, 32
0.0181623, 0.0148557, 0.00330501, 0, 52656, 47234, 0, 1.68499e+06, 32
0.0194106, 0.0159665, 0.00344239, 4.145e-06, 52484, 47119, 123, 1.67949e+06, 32
0.0197799, 0.0166661, 0.00311265, 4.125e-06, 52546, 46928, 123, 1.68147e+06, 32
0.0184217, 0.0151034, 0.00331609, 0, 52666, 47399, 0, 1.68531e+06, 32
0.0182301, 0.015118, 0.00311057, 0, 52518, 47143, 0, 1.68058e+06, 32
0.0196879, 0.0162553, 0.00343039, 0, 52632, 47404, 0, 1.68422e+06, 32
0.0198189, 0.016531, 0.00328647, 0, 52483, 47132, 0, 1.67946e+06, 32
0.0217738, 0.0182807, 0.00349146, 4.829e-06, 52495, 47127, 123, 1.67984e+06, 32
0.0154349, 0.0123873, 0.00304651, 0, 52660, 47089, 0, 1.68512e+06, 32
0.0177006, 0.0142257, 0.00347361, 4.553e-06, 52573, 47049, 123, 1.68234e+06, 32
0.0217774, 0.0185633, 0.00321185, 7.789e-06, 52552, 47026, 123, 1.68166e+06, 32
0.0197372, 0.0164616, 0.00327363, 3.992e-06, 52639, 47351, 123, 1.68445e+06, 32
0.021967, 0.0190436, 0.00292134, 0, 52669, 47319, 0, 1.68541e+06, 32
0.02046, 0.0172352, 0.00322278, 6.167e-06, 52635, 47184, 123, 1.68432e+06, 32
0.0151388, 0.0122297, 0.00290815, 5.673e-06, 52632, 47357, 123, 1.68422e+06, 32
0.0193125, 0.0147666, 0.00454429, 0.000415874, 70687, 51289, 30750, 2.26198e+06, 32
0.0195148, 0.0150449, 0.00446843, 0.000355414, 71281, 52997, 24354, 2.28099e+06, 32
0.0206365, 0.015587, 0.00504759, 0.000383519, 58737, 56261, 26199, 1.87958e+06, 32
0.0215369, 0.0161503, 0.0053853, 0.000436914, 65272, 56908, 28413, 2.0887e+06, 32
0.0196274, 0.014717, 0.00490946, 0.000438193, 79750, 50075, 33333, 2.552e+06, 32
0.019996, 0.0149675, 0.00502707, 0.00092902, 84408, 43014, 68757, 2.70106e+06, 32
0.0168209, 0.0132039, 0.00361565, 0.000514085, 83511, 38004, 34440, 2.67235e+06, 32
0.0158874, 0.0125887, 0.00329706, 0.000290145, 76401, 34903, 18327, 2.44483e+06, 32
0.0144613, 0.0116162, 0.00284365, 0.000152007, 63074, 34021, 9471, 2.01837e+06, 32
0.014936, 0.0120279, 0.00290707, 0.000113209, 63098, 33321, 7749, 2.01914e+06, 32
0.0150584, 0.0123437, 0.00271288, 5.0431e-05, 63049, 33696, 2091, 2.01757e+06, 32
0.0150637, 0.0124537, 0.00260875, 3.456e-05, 63094, 34014, 1230, 2.01901e+06, 32
0.0183177, 0.0156481, 0.00266768, 0, 63097, 33553, 0, 2.0191e+06, 32
0.013713, 0.0117396, 0.00197198, 0, 63074, 34021, 0, 2.01837e+06, 32
0.0159535, 0.0134568, 0.00249427, 0, 63114, 34004, 0, 2.01965e+06, 32
0.0165457, 0.0141695, 0.00237443, 0, 63087, 33643, 0, 2.01878e+06, 32
0.0131643, 0.0107269, 0.00243596, 0, 63071, 33630, 0, 2.01827e+06, 32
0.0180299, 0.0155445, 0.00248358, 4.2194e-05, 63021, 33979, 1845, 2.01667e+06, 32
0.0193697, 0.0169875, 0.00238029, 1.1417e-05, 63084, 34006, 246, 2.01869e+06, 32
0.01506, 0.0127752, 0.00228299, 0, 63033, 33820, 0, 2.01706e+06, 32
0.0122687, 0.0100608, 0.00220617, 0, 63059, 33580, 0, 2.01789e+06, 32
0.012463, 0.0101096, 0.00235189, 6.957e-06, 63089, 33333, 123, 2.01885e+06, 32
0.0126018, 0.0102818, 0.00231811, 0, 63087, 33320, 0, 2.01878e+06, 32
0.0128719, 0.0105223, 0.00234819, 0, 63123, 33540, 0, 2.01994e+06, 32
0.0134471, 0.0110543, 0.0023915, 0, 63067, 33973, 0, 2.01814e+06, 32
0.0135142, 0.0110546, 0.00245809, 0, 63081, 33699, 0, 2.01859e+06, 32
0.0134261, 0.0109974, 0.00242771, 3.851e-06, 63117, 33965, 123, 2.01974e+06, 32
0.0140895, 0.0116283, 0.00245918, 0, 63071, 33988, 0, 2.01827e+06, 32
0.0139585, 0.0114906, 0.00246615, 5.276e-06, 63067, 34010, 123, 2.01814e+06, 32
0.0140786, 0.0114617, 0.00261528, 0, 63072, 33630, 0, 2.0183e+06, 32
0.0144626, 0.0120438, 0.00241752, 4.981e-06, 63124, 33313, 123, 2.01997e+06, 32
0.0142269, 0.011935, 0.00229035, 0, 63127, 33664, 0, 2.02006e+06, 32
0.0166408, 0.0140391, 0.00259992, 4.809e-06, 63018, 33982, 123, 2.01658e+06, 32
0.0185014, 0.0161269, 0.00237242, 4.246e-06, 63116, 33669, 123, 2.01971e+06, 32
0.0144733, 0.012121, 0.00235082, 0, 63112, 33670, 0, 2.01958e+06, 32
0.0148501, 0.0124699, 0.00237823, 0, 63066, 33620, 0, 2.01811e+06, 32
0.0147092, 0.0124227, 0.00228472, 4.579e-06, 63123, 33540, 123, 2.01994e+06, 32
0.0157957, 0.0135476, 0.00224628, 4.744e-06, 63019, 33985, 123, 2.01661e+06, 32
0.0160083, 0.0136274, 0.00237849, 0, 63076, 34003, 0, 2.01843e+06, 32
0.013145, 0.0109301, 0.00221214, 0, 63044, 33635, 0, 2.01741e+06, 32
0.0140656, 0.0119428, 0.00212082, 0, 63097, 33610, 0, 2.0191e+06, 32
0.0120374, 0.0098564, 0.00218006, 0, 63035, 33824, 0, 2.01712e+06, 32
0.0161265, 0.0139487, 0.00217636, 0, 63074, 33982, 0, 2.01837e+06, 32
0.0149847, 0.0128434, 0.00213914, 0, 63043, 33634, 0, 2.01738e+06, 32
0.0123267, 0.01025, 0.00207506, 0, 63076, 34003, 0, 2.01843e+06, 32
0.0135344, 0.0114262, 0.00210638, 0, 63060, 33990, 0, 2.01792e+06, 32
0.0135893, 0.0113446, 0.00224319, 3.3871e-05, 63165, 33784, 1845, 2.02128e+06, 32
0.013921, 0.011451, 0.00246848, 7.3797e-05, 64795, 33985, 4059, 2.07344e+06, 32
0.0150366, 0.0119069, 0.00312771, 9.0874e-05, 65263, 34263, 3444, 2.08842e+06, 32
0.0183191, 0.0160028, 0.00231453, 6.6337e-05, 64211, 34332, 2952, 2.05475e+06, 32
0.0145193, 0.0122296, 0.0022878, 5.8113e-05, 62963, 34389, 3075, 2.01482e+06, 32
0.0109545, 0.0089864, 0.00196691, 8.1768e-05, 62422, 34339, 5289, 1.9975e+06, 32
0.0175168, 0.0148681, 0.00264671, 0.00012303, 62771, 34696, 6642, 2.00867e+06, 32
0.012131, 0.00918877, 0.00294073, 0.000112806, 63049, 37078, 7011, 2.01757e+06, 32
0.0115404, 0.00912215, 0.00241615, 0.000104534, 62855, 38906, 8118, 2.01136e+06, 32
0.0157201, 0.0126912, 0.00302746, 0.000134653, 62001, 39522, 7749, 1.98403e+06, 32
0.0131261, 0.0102667, 0.00285785, 8.6329e-05, 61220, 39067, 5781, 1.95904e+06, 32
0.0127962, 0.00976166, 0.00303345, 0.00014526, 68464, 41264, 9225, 2.19085e+06, 32
0.0133621, 0.0103803, 0.00298088, 0.000222061, 76494, 40914, 15744, 2.44781e+06, 32
0.0151845, 0.012335, 0.00284773, 0.000233382, 83762, 38202, 18450, 2.68038e+06, 32
0.0125257, 0.00986226, 0.00266252, 0.000153455, 77393, 34953, 11808, 2.47658e+06, 32
0.0148928, 0.0116363, 0.00325426, 0.000301148, 82191, 35342, 23739, 2.63011e+06, 32
0.0160367, 0.0123553, 0.00367989, 0.000785654, 90256, 36032, 48954, 2.88819e+06, 32
0.0134784, 0.0108427, 0.00263395, 0.000116311, 71256, 31167, 6273, 2.28019e+06, 32
0.0175737, 0.0153245, 0.00224788, 4.6762e-05, 64201, 30487, 2091, 2.05443e+06, 32
0.0131686, 0.0108307, 0.00233651, 4.6299e-05, 64096, 30418, 1599, 2.05107e+06, 32
0.0142335, 0.0119206, 0.00231119, 3.5097e-05, 64154, 30239, 984, 2.05293e+06, 32
0.0144826, 0.0123035, 0.00217742, 1.8301e-05, 64112, 30186, 492, 2.05158e+06, 32
0.0162985, 0.0141852, 0.00211131, 1.229e-05, 64172, 30300, 369, 2.0535e+06, 32
0.0171658, 0.0150621, 0.00210069, 0, 64206, 30402, 0, 2.05459e+06, 32
0.0124102, 0.0104329, 0.00197594, 3.429e-06, 64099, 30257, 123, 2.05117e+06, 32
0.0135357, 0.0114871, 0.00204674, 0, 64140, 30139, 0, 2.05248e+06, 32
0.011698, 0.00967683, 0.00201991, 4.643e-06, 64134, 30201, 123, 2.05229e+06, 32
0.0162157, 0.0140796, 0.00213374, 0, 64098, 30417, 0, 2.05114e+06, 32
0.0206003, 0.0185644, 0.00203312, 3.969e-06, 64157, 30250, 123, 2.05302e+06, 32
0.011839, 0.0096666, 0.00217079, 0, 64163, 30295, 0, 2.05322e+06, 32
0.0169009, 0.0148708, 0.00202845, 3.644e-06, 64198, 30400, 123, 2.05434e+06, 32
0.0149728, 0.0130015, 0.00196882, 0, 64146, 30235, 0, 2.05267e+06, 32
0.0142107, 0.0122036, 0.00200559, 0, 64130, 30453, 0, 2.05216e+06, 32
0.0147059, 0.0122578, 0.0024461, 0, 64172, 30397, 0, 2.0535e+06, 32
0.0114762, 0.00919029, 0.00228462, 0, 64135, 30288, 0, 2.05232e+06, 32
0.0147537, 0.0127702, 0.00198139, 0, 64129, 30158, 0, 2.05213e+06, 32
0.0106067, 0.00904687, 0.00155796, 0, 64135, 30288, 0, 2.05232e+06, 32
0.0139207, 0.011983, 0.00193651, 0, 64120, 30378, 0, 2.05184e+06, 32
0.0133184, 0.0113721, 0.00194436, 0, 64123, 30451, 0, 2.05194e+06, 32
0.0134891, 0.0116492, 0.00183694, 0, 64163, 30314, 0, 2.05322e+06, 32
0.0121587, 0.0103246, 0.00183249, 0, 64205, 30501, 0, 2.05456e+06, 32
0.0162826, 0.0143458, 0.00193541, 0, 64195, 30450, 0, 2.05424e+06, 32
0.016466, 0.0145281, 0.00193532, 0, 64139, 30384, 0, 2.05245e+06, 32
0.0138081, 0.0118447, 0.00196167, 0, 64209, 30452, 0, 2.05469e+06, 32
0.0207704, 0.0186385, 0.0021299, 0, 64148, 30357, 0, 2.05274e+06, 32
0.0129529, 0.0111153, 0.0018353, 0, 64145, 30452, 0, 2.05264e+06, 32
0.0140061, 0.0120122, 0.00199208, 0, 64164, 30419, 0, 2.05325e+06, 32
0.0115185, 0.00948456, 0.00203263, 4.864e-06, 64132, 30455, 123, 2.05222e+06, 32
0.0157891, 0.0138005, 0.00198697, 0, 64163, 30295, 0, 2.05322e+06, 32
0.0111585, 0.00888545, 0.00227125, 0, 64156, 30354, 0, 2.05299e+06, 32
0.0143653, 0.0124899, 0.00187406, 3.628e-06, 64101, 30151, 123, 2.05123e+06, 32
0.0118405, 0.00989165, 0.00194711, 0, 64188, 30442, 0, 2.05402e+06, 32
0.0147689, 0.0128334, 0.00193348, 0, 64133, 30259, 0, 2.05226e+06, 32
0.0113988, 0.00956188, 0.00183529, 0, 64146, 30393, 0, 2.05267e+06, 32
0.010611, 0.00857991, 0.00203007, 0, 64136, 30267, 0, 2.05235e+06, 32
0.0105553, 0.00857326, 0.00198051, 0, 64076, 30139, 0, 2.05043e+06, 32
0.0151794, 0.0122955, 0.00288189, 0.000598162, 86279, 32893, 55842, 2.76093e+06, 32
0.0127327, 0.00994203, 0.00278954, 0.000249539, 81729, 32415, 17466, 2.61533e+06, 32
0.012981, 0.0101266, 0.00285302, 0.000256916, 72060, 31744, 24231, 2.30592e+06, 32
0.012857, 0.0092891, 0.00356629, 0.000723898, 66094, 34967, 67281, 2.11501e+06, 32
0.0190339, 0.0124251, 0.00660684, 0.00219447, 67411, 47724, 208977, 2.15715e+06, 32
0.0221433, 0.0149304, 0.00721106, 0.00217661, 67063, 52214, 240465, 2.14602e+06, 32
0.0215781, 0.0144911, 0.00708522, 0.00219168, 79686, 59299, 210453, 2.54995e+06, 32
0.0211978, 0.0140184, 0.00717775, 0.00166728, 82086, 54112, 135177, 2.62675e+06, 32
0.02037, 0.013592, 0.0067763, 0.0012512, 68428, 50597, 108240, 2.1897e+06, 32
0.0185835, 0.0130407, 0.00554109, 0.000691062, 60493, 47971, 53382, 1.93578e+06, 32
0.0194525, 0.0137214, 0.00572977, 0.00064258, 60333, 47793, 42681, 1.93066e+06, 32
0.0224489, 0.017586, 0.00486099, 9.6191e-05, 60349, 47354, 4182, 1.93117e+06, 32
0.0260213, 0.0214892, 0.00452959, 0.000248651, 60368, 47735, 13653, 1.93178e+06, 32
0.0243472, 0.0200984, 0.00424594, 4.469e-06, 60484, 48051, 123, 1.93549e+06, 32
0.0208975, 0.0166687, 0.00422664, 0.000179857, 60424, 47933, 7995, 1.93357e+06, 32
0.0165047, 0.012767, 0.00373625, 0, 60475, 47896, 0, 1.9352e+06, 32
0.0168213, 0.0130216, 0.00379843, 7.522e-06, 60381, 47714, 246, 1.93219e+06, 32
0.0273555, 0.0210326, 0.00632056, 0.000919562, 66071, 56386, 71340, 2.11427e+06, 32
0.0214941, 0.0150121, 0.00648006, 0.000798711, 64133, 58169, 59532, 2.05226e+06, 32
0.0198746, 0.0144903, 0.0053825, 0.00061761, 62739, 53540, 45141, 2.00765e+06, 32
0.0231438, 0.0168602, 0.00628227, 0.000810093, 65132, 56441, 66912, 2.08422e+06, 32
0.0230605, 0.0173576, 0.00570155, 0.000865836, 76123, 56051, 79827, 2.43594e+06, 32
0.0297591, 0.0229186, 0.00683902, 0.00098161, 64734, 58410, 76998, 2.07149e+06, 32
0.0254999, 0.0191344, 0.00636276, 0.00076947, 61790, 57384, 58425, 1.97728e+06, 32
0.0232246, 0.0177039, 0.00551903, 0.000482422, 53378, 54527, 28413, 1.7081e+06, 32
0.022535, 0.0170785, 0.00545504, 0.000387505, 52478, 53868, 20049, 1.6793e+06, 32
0.0223944, 0.0175676, 0.00482516, 0.000399256, 76856, 53339, 25707, 2.45939e+06, 32
0.0233758, 0.0179016, 0.00547255, 0.000671449, 73868, 55396, 50307, 2.36378e+06, 32
0.0234997, 0.0179681, 0.00553013, 0.000570029, 78556, 56839, 39237, 2.51379e+06, 32
0.0240836, 0.0183475, 0.0057343, 0.000481577, 80866, 57374, 30996, 2.58771e+06, 32
0.0223964, 0.0168161, 0.00557835, 0.000364405, 62623, 55899, 18573, 2.00394e+06, 32
0.022083, 0.0169039, 0.00517722, 0.000379881, 65590, 50794, 19065, 2.09888e+06, 32
0.0257184, 0.019834, 0.00588201, 0.000560096, 67295, 49749, 33087, 2.15344e+06, 32
0.0368901, 0.0226539, 0.0142343, 0.00580206, 55919, 65997, 433821, 1.78941e+06, 32
0.0421371, 0.0282373, 0.0138982, 0.0045318, 50611, 73713, 350796, 1.61955e+06, 32
0.0428275, 0.0295756, 0.0132506, 0.00385375, 54780, 73017, 309222, 1.75296e+06, 32
0.0448096, 0.0302469, 0.0145608, 0.00487841, 64314, 79109, 322506, 2.05805e+06, 32
0.0389935, 0.0280467, 0.010945, 0.0027606, 53870, 69057, 185115, 1.72384e+06, 32
0.0360483, 0.0265595, 0.00948716, 0.00181032, 43894, 64918, 121647, 1.40461e+06, 32
0.0325867, 0.0239363, 0.00864929, 0.00123949, 36885, 62721, 78843, 1.18032e+06, 32
0.0299529, 0.0238602, 0.00609111, 6.5359e-05, 36913, 62701, 1845, 1.18122e+06, 32
0.0306039, 0.0240196, 0.00658229, 0.000272904, 36909, 62803, 11562, 1.18109e+06, 32
0.0411766, 0.0303167, 0.0108578, 0.00177664, 55285, 63037, 102459, 1.76912e+06, 32
0.034708, 0.0269335, 0.00777217, 0.00133512, 53155, 60457, 96801, 1.70096e+06, 32
0.0311295, 0.0218544, 0.00927329, 0.00220965, 50824, 58395, 143787, 1.62637e+06, 32
0.032067, 0.0207774, 0.0112874, 0.00351513, 50747, 60607, 248583, 1.6239e+06, 32
0.0432705, 0.0312843, 0.0119845, 0.00326855, 46405, 64794, 229026, 1.48496e+06, 32
0.0371236, 0.0237798, 0.0133416, 0.00394016, 43275, 72427, 259284, 1.3848e+06, 32
0.0346656, 0.0234959, 0.0111674, 0.00321308, 45275, 63869, 235791, 1.4488e+06, 32
0.0365057, 0.0246444, 0.0118596, 0.00359999, 65097, 63774, 281916, 2.0831e+06, 32
0.0356749, 0.0246352, 0.0110378, 0.00300011, 65473, 63840, 235053, 2.09514e+06, 32
0.0347887, 0.0242804, 0.0105064, 0.00262301, 65465, 63326, 190404, 2.09488e+06, 32
0.032681, 0.0229311, 0.00974776, 0.00225505, 59229, 63270, 161622, 1.89533e+06, 32
0.0293913, 0.0196774, 0.00971194, 0.00281126, 63970, 55102, 212667, 2.04704e+06, 32
0.0252423, 0.0180852, 0.00715538, 0.00112945, 52276, 52952, 79704, 1.67283e+06, 32
0.0247241, 0.0184847, 0.0062375, 0.000666996, 51636, 51845, 43050, 1.65235e+06, 32
0.0320026, 0.0234156, 0.00858471, 0.00212574, 72540, 59400, 132471, 2.32128e+06, 32
0.0329298, 0.0239195, 0.00900894, 0.00255581, 75179, 62975, 156825, 2.40573e+06, 32
0.0270935, 0.0199414, 0.00715038, 0.00144895, 67373, 55486, 113037, 2.15594e+06, 32
0.0268905, 0.0189849, 0.0079041, 0.00157599, 55417, 54528, 118080, 1.77334e+06, 32
0.0259503, 0.01754, 0.0084089, 0.00224112, 55032, 50788, 146985, 1.76102e+06, 32
0.0281781, 0.0193115, 0.0088648, 0.00266555, 57846, 49990, 207132, 1.85107e+06, 32
0.0320091, 0.0233377, 0.00866943, 0.00231083, 54970, 53192, 158301, 1.75904e+06, 32
0.0311212, 0.0203592, 0.0107599, 0.00265569, 62844, 57835, 176505, 2.01101e+06, 32
0.0317026, 0.0212743, 0.0104264, 0.00249682, 64252, 60367, 169863, 2.05606e+06, 32
0.0326514, 0.0228125, 0.00983697, 0.00211964, 63245, 63171, 145263, 2.02384e+06, 32
0.0312542, 0.0226958, 0.0085566, 0.00159005, 49028, 61394, 122631, 1.5689e+06, 32
0.0312697, 0.0219285, 0.00933939, 0.00174316, 52019, 62260, 122385, 1.66461e+06, 32
0.030108, 0.0214949, 0.00861162, 0.00129037, 51322, 61884, 79950, 1.6423e+06, 32
0.0295542, 0.0216599, 0.00789179, 0.000909634, 52395, 60740, 54612, 1.67664e+06, 32
0.0268919, 0.0198606, 0.00702995, 0.00064464, 46596, 57213, 38007, 1.49107e+06, 32
0.0269039, 0.021546, 0.00535459, 5.6806e-05, 46649, 57241, 2214, 1.49277e+06, 32
0.0313379, 0.0235624, 0.0077739, 0.00126387, 62506, 61613, 91389, 2.00019e+06, 32
0.0300813, 0.021974, 0.00810547, 0.0015751, 57715, 58903, 116112, 1.84688e+06, 32
0.0294674, 0.0209173, 0.00854798, 0.00204045, 52654, 60086, 138006, 1.68493e+06, 32
0.0334738, 0.0236444, 0.00982671, 0.0021757, 48921, 57890, 152889, 1.56547e+06, 32
0.0309727, 0.020155, 0.0107713, 0.00302811, 49803, 59875, 205533, 1.5937e+06, 32
0.0351617, 0.0230989, 0.0120607, 0.0037455, 53499, 71733, 257316, 1.71197e+06, 32
0.0338107, 0.022628, 0.0111809, 0.00302184, 74140, 72373, 233946, 2.37248e+06, 32
0.0326996, 0.0226953, 0.0100028, 0.00278293, 52472, 68144, 227181, 1.6791e+06, 32
0.0393384, 0.0272518, 0.0120848, 0.00298395, 64664, 71332, 244770, 2.06925e+06, 32
0.031421, 0.0216491, 0.00977028, 0.0015157, 48733, 66986, 103566, 1.55946e+06, 32
0.0328534, 0.0232191, 0.00963209, 0.00123538, 52034, 67182, 83517, 1.66509e+06, 32
0.0332418, 0.0242739, 0.00896619, 0.00125434, 52887, 66849, 78720, 1.69238e+06, 32
0.036035, 0.0260884, 0.00994436, 0.00166353, 48935, 66113, 113283, 1.56592e+06, 32
0.0352431, 0.024728, 0.0105134, 0.00229311, 42981, 66934, 170601, 1.37539e+06, 32
0.0381443, 0.0258256, 0.0123168, 0.00267056, 34903, 71779, 193233, 1.1169e+06, 32
0.0422063, 0.0282008, 0.0139942, 0.00341471, 31131, 80441, 245385, 996192, 32
0.0450366, 0.0301322, 0.0149025, 0.00370766, 32650, 86614, 256701, 1.0448e+06, 32
0.0464254, 0.0326137, 0.0138097, 0.00291477, 36669, 89158, 223614, 1.17341e+06, 32
0.0458635, 0.0335645, 0.0122966, 0.00217247, 39812, 88366, 170970, 1.27398e+06, 32
0.0456824, 0.0329448, 0.0127359, 0.00176322, 35446, 87933, 121032, 1.13427e+06, 32
0.0438013, 0.0317311, 0.0120683, 0.00126066, 25532, 84367, 74784, 817024, 32
0.0489467, 0.0389679, 0.00997649, 0.000756359, 24610, 81898, 42681, 787520, 32
0.0368818, 0.0280686, 0.00881167, 0.000449171, 24593, 81705, 21525, 786976, 32
0.039337, 0.0296061, 0.00972933, 5.6681e-05, 24569, 81780, 1476, 786208, 32
0.0383901, 0.0296867, 0.00870105, 0.000345186, 24604, 82023, 14637, 787328, 32
0.0380321, 0.0295592, 0.00847157, 0.00022628, 24578, 82053, 8487, 786496, 32
0.0396931, 0.0311209, 0.00857072, 5.981e-05, 24595, 82081, 1968, 787040, 32
0.0361804, 0.0288537, 0.00732458, 1.8299e-05, 24585, 81266, 492, 786720, 32
0.0363139, 0.0289139, 0.00739834, 5.7483e-05, 24591, 82228, 1845, 786912, 32
0.0358054, 0.0286577, 0.00714642, 1.4023e-05, 24611, 82008, 369, 787552, 32
0.0368765, 0.0291552, 0.00771982, 5.197e-06, 24597, 82039, 123, 787104, 32
0.036646, 0.0292439, 0.00739996, 5.072e-06, 24596, 82038, 123, 787072, 32
0.0385146, 0.0313775, 0.00713552, 1.0924e-05, 24591, 82088, 246, 786912, 32
0.0395178, 0.0315631, 0.00795274, 1.0231e-05, 24627, 81952, 246, 788064, 32
0.0362645, 0.029268, 0.00699471, 9.583e-06, 24634, 82226, 246, 788288, 32
0.0371884, 0.0301182, 0.00706854, 0, 24637, 82190, 0, 788384, 32
0.0372391, 0.029612, 0.00762563, 0, 24627, 82029, 0, 788064, 32
0.0386711, 0.0314677, 0.00720118, 0, 24637, 82162, 0, 788384, 32
0.0430355, 0.0328331, 0.0102011, 0.000831192, 30402, 88134, 40590, 972864, 32
0.0415862, 0.0321537, 0.0094309, 0.00062716, 30401, 88818, 33825, 972832, 32
0.0396522, 0.0305335, 0.00911746, 0.000636764, 29714, 88089, 37884, 950848, 32
0.0391617, 0.0299999, 0.00916034, 0.000852557, 29527, 85259, 49815, 944864, 32
0.0384647, 0.0293086, 0.00915402, 0.000703777, 31409, 80677, 37515, 1.00509e+06, 32
0.0381625, 0.0293177, 0.00884323, 0.000658676, 37210, 76943, 38499, 1.19072e+06, 32
0.0337823, 0.0255775, 0.00820266, 0.000513654, 45236, 69283, 28905, 1.44755e+06, 32
0.0311308, 0.0244634, 0.00666562, 0.000346273, 50882, 66226, 19803, 1.62822e+06, 32
0.0303728, 0.0232831, 0.00708828, 0.000370049, 50605, 67172, 19680, 1.61936e+06, 32
0.0348004, 0.0278451, 0.00695334, 0.000451277, 52778, 67494, 25338, 1.6889e+06, 32
0.0322149, 0.0239139, 0.00829931, 0.000738622, 66299, 73389, 45510, 2.12157e+06, 32
0.0332942, 0.0257995, 0.00749283, 0.000611448, 62653, 69918, 38868, 2.0049e+06, 32
0.0286973, 0.0208681, 0.00782753, 0.00068996, 69331, 66078, 40590, 2.21859e+06, 32
0.029627, 0.0228009, 0.00682341, 0.00064664, 65682, 67872, 41328, 2.10182e+06, 32
0.0258115, 0.0195664, 0.00624343, 0.000300295, 52551, 59938, 16605, 1.68163e+06, 32
0.025481, 0.0196661, 0.00581323, 0.000259832, 52541, 59018, 14022, 1.68131e+06, 32
0.0250869, 0.0191281, 0.00595683, 0.000131799, 52577, 59861, 5289, 1.68246e+06, 32
0.0310343, 0.0244351, 0.00659725, 0.000406231, 61989, 64660, 25338, 1.98365e+06, 32
0.0290935, 0.0225844, 0.00650708, 0.000645371, 65877, 62895, 38253, 2.10806e+06, 32
0.0346878, 0.0255239, 0.00916192, 0.0021903, 74407, 70976, 124722, 2.38102e+06, 32
0.0313627, 0.0246645, 0.00669619, 0.000782637, 68318, 65925, 59040, 2.18618e+06, 32
0.0267204, 0.0210437, 0.00567531, 0.000424661, 44520, 57997, 29643, 1.42464e+06, 32
0.0243633, 0.0188596, 0.00550144, 0.000726525, 46434, 48957, 46617, 1.48589e+06, 32
0.0256248, 0.019113, 0.00651026, 0.00118612, 59898, 51339, 87576, 1.91674e+06, 32
0.0284319, 0.0198182, 0.00861158, 0.00252992, 57709, 53240, 194217, 1.84669e+06, 32
0.0286847, 0.019876, 0.00880686, 0.00257196, 68760, 53714, 200736, 2.20032e+06, 32
0.0292465, 0.0212689, 0.0079759, 0.00184072, 72233, 52210, 145140, 2.31146e+06, 32
0.0268509, 0.0203307, 0.00651857, 0.00108801, 72745, 48767, 79827, 2.32784e+06, 32
0.0243878, 0.0183432, 0.00604304, 0.000963316, 54852, 46817, 51660, 1.75526e+06, 32
0.0224502, 0.0172527, 0.00519546, 0.000462488, 52848, 46496, 29643, 1.69114e+06, 32
0.0248117, 0.0199548, 0.00485462, 0.00035617, 52833, 46579, 19803, 1.69066e+06, 32
0.0207692, 0.0168664, 0.00390105, 7.4998e-05, 52865, 46589, 2337, 1.69168e+06, 32
0.021158, 0.0170035, 0.00415238, 1.0147e-05, 52860, 46515, 246, 1.69152e+06, 32
0.025811, 0.0196568, 0.00615263, 0.000982148, 71413, 50680, 69864, 2.28522e+06, 32
0.0242533, 0.0187025, 0.00554916, 0.000944653, 73933, 50437, 67527, 2.36586e+06, 32
0.0239245, 0.0173876, 0.00653558, 0.00165333, 76131, 46230, 121647, 2.43619e+06, 32
0.024427, 0.0172953, 0.00712977, 0.00189239, 73262, 43724, 153996, 2.34438e+06, 32
0.0238305, 0.0171725, 0.0066559, 0.00154716, 82555, 42849, 121155, 2.64176e+06, 32
0.0266896, 0.0189057, 0.00778191, 0.00246358, 70110, 47166, 188190, 2.24352e+06, 32
0.0274932, 0.0194329, 0.00805889, 0.0021243, 68819, 50559, 170847, 2.20221e+06, 32
0.0234211, 0.0169977, 0.00642173, 0.00120846, 57900, 46891, 100368, 1.8528e+06, 32
0.0232954, 0.0176802, 0.00561327, 0.000685412, 56798, 47040, 50676, 1.81754e+06, 32
0.0215235, 0.0166036, 0.00491834, 0.00028713, 56787, 46528, 14883, 1.81718e+06, 32
0.0384781, 0.0251367, 0.0133396, 0.00468187, 53318, 62959, 403686, 1.70618e+06, 32
0.0361798, 0.0260428, 0.0101349, 0.00248567, 52295, 63840, 183762, 1.67344e+06, 32
0.0383462, 0.0281889, 0.0101544, 0.00227057, 50617, 64060, 135915, 1.61974e+06, 32
0.0280055, 0.0205565, 0.00744726, 0.00103743, 45877, 62977, 83148, 1.46806e+06, 32
0.0298066, 0.0219944, 0.00781012, 0.000734613, 41592, 61193, 53013, 1.33094e+06, 32
0.0276675, 0.0208205, 0.00684533, 0.000376124, 41475, 60463, 20664, 1.3272e+06, 32
0.0270451, 0.0207928, 0.00625021, 4.964e-06, 41546, 60874, 123, 1.32947e+06, 32
0.0274541, 0.0222609, 0.00519144, 4.485e-06, 41490, 60449, 123, 1.32768e+06, 32
0.0279995, 0.0220772, 0.00592036, 0.000244081, 41436, 60604, 10701, 1.32595e+06, 32
0.0285447, 0.0233517, 0.00519086, 0.00019978, 41560, 60998, 8118, 1.32992e+06, 32
0.0305284, 0.0251648, 0.00536171, 0.000155356, 41443, 60934, 6273, 1.32618e+06, 32
0.027022, 0.0213265, 0.00569267, 5.373e-06, 41434, 60287, 123, 1.32589e+06, 32
0.0341412, 0.0272939, 0.00684508, 4.493e-06, 41568, 61096, 123, 1.33018e+06, 32
0.0345143, 0.0295713, 0.00494101, 0, 41599, 61238, 0, 1.33117e+06, 32
0.0305413, 0.0233537, 0.0071857, 0.000214876, 41474, 60962, 7626, 1.32717e+06, 32
0.0340253, 0.0263383, 0.00768518, 0.00121677, 56417, 66146, 90036, 1.80534e+06, 32
0.0338541, 0.0260535, 0.00779914, 0.00133464, 57905, 66827, 98769, 1.85296e+06, 32
0.0339985, 0.0249453, 0.00905126, 0.00261488, 64639, 63005, 192249, 2.06845e+06, 32
0.0330173, 0.0230884, 0.00992661, 0.00318307, 72782, 60725, 230133, 2.32902e+06, 32
0.0295088, 0.0209754, 0.00853138, 0.00226876, 73806, 55163, 191757, 2.36179e+06, 32
0.0343249, 0.0267854, 0.00753742, 0.00219278, 72555, 47216, 172815, 2.32176e+06, 32
0.029663, 0.0204447, 0.00921638, 0.00310914, 57977, 52754, 243294, 1.85526e+06, 32
0.0275922, 0.0198335, 0.00775716, 0.00189515, 59019, 49113, 159162, 1.88861e+06, 32
0.0263367, 0.0188761, 0.00745881, 0.00167928, 59146, 47953, 143910, 1.89267e+06, 32
0.025434, 0.0191155, 0.00631689, 0.00111795, 64318, 48091, 84255, 2.05818e+06, 32
0.0252679, 0.0184292, 0.00683635, 0.00114379, 60412, 47225, 80934, 1.93318e+06, 32
0.0252934, 0.0191552, 0.00613692, 0.000978902, 57993, 48231, 78597, 1.85578e+06, 32
0.0247957, 0.0187999, 0.00599393, 0.000974163, 59528, 46534, 65190, 1.9049e+06, 32
0.0287501, 0.0214507, 0.00729748, 0.0018626, 58989, 47185, 101106, 1.88765e+06, 32
0.0279483, 0.0193104, 0.00863646, 0.00267273, 56710, 51170, 178596, 1.81472e+06, 32
0.0349214, 0.0255953, 0.0093241, 0.00317573, 66244, 54675, 225705, 2.11981e+06, 32
0.0282973, 0.0193017, 0.00899338, 0.00272145, 73084, 50364, 218694, 2.33869e+06, 32
0.0285796, 0.0204307, 0.00814728, 0.00209364, 82760, 51480, 146370, 2.64832e+06, 32
0.0314113, 0.0218148, 0.00959498, 0.00278428, 75603, 51928, 232716, 2.4193e+06, 32
0.023294, 0.0169448, 0.00634745, 0.000868586, 60577, 45141, 58671, 1.93846e+06, 32
0.0414115, 0.0235335, 0.0178755, 0.00758319, 60287, 62020, 567399, 1.92918e+06, 32
0.042437, 0.030372, 0.0120634, 0.0035412, 46935, 62824, 270600, 1.50192e+06, 32
0.0376346, 0.0249727, 0.0126601, 0.00389632, 46310, 66670, 276135, 1.48192e+06, 32
0.0387032, 0.0259636, 0.012738, 0.00381634, 54164, 73175, 249321, 1.73325e+06, 32
0.0377534, 0.0259233, 0.0118281, 0.00325686, 53890, 71446, 230871, 1.72448e+06, 32
0.0348265, 0.0245944, 0.0102303, 0.00217546, 45125, 67781, 157071, 1.444e+06, 32
0.0375608, 0.0292118, 0.00834705, 0.00128863, 40412, 65155, 92127, 1.29318e+06, 32
0.0316651, 0.0231811, 0.00848202, 0.000986351, 40351, 65019, 63714, 1.29123e+06, 32
0.0304417, 0.0237086, 0.0067314, 0.000337005, 40392, 65111, 16728, 1.29254e+06, 32
0.0345814, 0.0257067, 0.00887284, 0.00183496, 53508, 68413, 126813, 1.71226e+06, 32
0.0364624, 0.0255198, 0.0109411, 0.00261214, 54361, 67506, 172323, 1.73955e+06, 32
0.0354654, 0.0237033, 0.0117594, 0.00319701, 48467, 65471, 219924, 1.55094e+06, 32
0.0343379, 0.024357, 0.00997865, 0.00323968, 49536, 57788, 235791, 1.58515e+06, 32
0.0311779, 0.0210001, 0.0101756, 0.00346131, 52457, 53478, 263466, 1.67862e+06, 32
0.0356273, 0.0227184, 0.0129073, 0.00405241, 44748, 64283, 259530, 1.43194e+06, 32
0.0379076, 0.024572, 0.0133336, 0.00390245, 44927, 70747, 288066, 1.43766e+06, 32
0.0416353, 0.0274682, 0.0141653, 0.00473342, 61937, 77215, 332838, 1.98198e+06, 32
0.0453797, 0.0297661, 0.0156113, 0.00482439, 52668, 83471, 324843, 1.68538e+06, 32
0.0415582, 0.0276654, 0.0138904, 0.00386561, 50646, 78944, 305286, 1.62067e+06, 32
0.043157, 0.0299164, 0.0132386, 0.00337572, 57918, 79131, 242187, 1.85338e+06, 32
0.0432346, 0.0302308, 0.0130021, 0.00326431, 65900, 82590, 223983, 2.1088e+06, 32
0.0361823, 0.0250153, 0.0111656, 0.00193137, 42128, 74835, 119433, 1.3481e+06, 32
0.0360407, 0.0259064, 0.010132, 0.00108384, 41439, 74017, 66789, 1.32605e+06, 32
0.0405177, 0.0292658, 0.0112496, 0.00183923, 52422, 80151, 134439, 1.6775e+06, 32
0.0414365, 0.0295935, 0.011841, 0.00199014, 55204, 80228, 129765, 1.76653e+06, 32
0.0437905, 0.0312136, 0.0125748, 0.00238034, 51439, 81318, 145386, 1.64605e+06, 32
0.0413837, 0.0268352, 0.0145471, 0.0033733, 54367, 79607, 260022, 1.73974e+06, 32
0.0395665, 0.0254368, 0.014128, 0.00386669, 55369, 75285, 310821, 1.77181e+06, 32
0.0408627, 0.0267654, 0.014095, 0.00347981, 53585, 74113, 265803, 1.71472e+06, 32
0.0427276, 0.0302937, 0.0124314, 0.00301457, 53924, 73206, 225336, 1.72557e+06, 32
0.0461774, 0.0341935, 0.0119822, 0.00275123, 57170, 74096, 187329, 1.82944e+06, 32
0.0375254, 0.0260946, 0.0114295, 0.00220197, 51291, 74500, 148953, 1.64131e+06, 32
0.0405742, 0.0313321, 0.00924018, 0.00125301, 42721, 68117, 80196, 1.36707e+06, 32
0.0329842, 0.0249481, 0.00803388, 0.000845163, 42720, 67969, 54735, 1.36704e+06, 32
0.0394735, 0.0296863, 0.00978542, 0.00148106, 56285, 76131, 90528, 1.80112e+06, 32
0.0368414, 0.027138, 0.00970195, 0.00204585, 56746, 75701, 140712, 1.81587e+06, 32
0.0407056, 0.0301273, 0.0105768, 0.00272681, 50399, 71420, 212790, 1.61277e+06, 32
0.0352775, 0.024836, 0.0104401, 0.00270835, 45901, 66953, 212421, 1.46883e+06, 32
0.0353572, 0.0244537, 0.0109017, 0.00300186, 44311, 67092, 219924, 1.41795e+06, 32
0.0363573, 0.0245612, 0.0117943, 0.00351133, 46816, 69943, 261744, 1.49811e+06, 32
0.0396146, 0.0259037, 0.013709, 0.00400727, 42675, 76658, 284868, 1.3656e+06, 32
0.0443468, 0.0291359, 0.0152096, 0.0044394, 43995, 85905, 349197, 1.40784e+06, 32
0.0458221, 0.0298912, 0.0159291, 0.00381407, 49779, 86984, 273183, 1.59293e+06, 32
0.0441073, 0.0308507, 0.013255, 0.00297732, 49032, 86963, 215496, 1.56902e+06, 32
0.0445926, 0.0315818, 0.0130086, 0.00236745, 42616, 85396, 169740, 1.36371e+06, 32
0.0458276, 0.0307801, 0.0150462, 0.00455306, 54262, 79026, 321645, 1.73638e+06, 32
0.0400845, 0.0280952, 0.0119874, 0.00260166, 52874, 79986, 186960, 1.69197e+06, 32
0.0368111, 0.0260173, 0.0107926, 0.00180157, 44915, 76797, 120171, 1.43728e+06, 32
0.0326777, 0.0238119, 0.00886416, 0.0012154, 43130, 71250, 78720, 1.38016e+06, 32
0.0307238, 0.0233666, 0.00735531, 0.00039173, 43176, 71717, 17343, 1.38163e+06, 32
0.0311355, 0.022967, 0.00816694, 0.000779189, 43206, 72547, 47109, 1.38259e+06, 32
0.0302677, 0.0228931, 0.00737283, 0.000380289, 43244, 72443, 18696, 1.38381e+06, 32
0.0324914, 0.0250393, 0.00744979, 0.000291684, 43253, 73002, 10578, 1.3841e+06, 32
0.0304593, 0.0232229, 0.00723483, 0.00025093, 43074, 71988, 8733, 1.37837e+06, 32
0.0322386, 0.0259688, 0.00626781, 7.6619e-05, 43067, 72316, 2091, 1.37814e+06, 32
0.0307298, 0.0245221, 0.00620569, 7.976e-05, 42932, 72007, 2706, 1.37382e+06, 32
0.0301922, 0.0234033, 0.00678724, 0.000177532, 42577, 71709, 6150, 1.36246e+06, 32
0.0313503, 0.0250163, 0.00633208, 0.000202275, 42271, 72202, 6396, 1.35267e+06, 32
0.0301467, 0.0240853, 0.00605985, 0.000195774, 41886, 72502, 7872, 1.34035e+06, 32
0.0256443, 0.0194794, 0.00616283, 0.000194091, 41530, 72290, 7380, 1.32896e+06, 32
0.0261373, 0.0200325, 0.00610301, 0.000197444, 41275, 72190, 7134, 1.3208e+06, 32
0.0248756, 0.0190874, 0.00578675, 0.000165847, 41291, 72361, 6273, 1.32131e+06, 32
0.0251087, 0.0191127, 0.00599475, 6.1868e-05, 41283, 72842, 1722, 1.32106e+06, 32
0.031466, 0.0226901, 0.00877431, 0.00121009, 48866, 79777, 86961, 1.56371e+06, 32
0.0313879, 0.0228956, 0.00849011, 0.00139227, 50436, 80924, 117834, 1.61395e+06, 32
0.03086, 0.0221197, 0.00873878, 0.00166688, 46323, 76669, 154611, 1.48234e+06, 32
0.0333203, 0.0235073, 0.00981165, 0.00216757, 44994, 74219, 176751, 1.43981e+06, 32
0.0343514, 0.0230524, 0.0112976, 0.00354071, 40993, 76045, 250428, 1.31178e+06, 32
0.0339099, 0.0223957, 0.0115117, 0.00346151, 41224, 74110, 292986, 1.31917e+06, 32
0.0402302, 0.0267061, 0.0135218, 0.00459789, 55393, 80530, 337020, 1.77258e+06, 32
0.0411021, 0.0290451, 0.0120548, 0.00348854, 49769, 74469, 287697, 1.59261e+06, 32
0.0397613, 0.0280402, 0.0117196, 0.00263814, 48039, 74308, 186099, 1.53725e+06, 32
0.034192, 0.0240839, 0.0101062, 0.00162761, 38948, 71713, 120786, 1.24634e+06, 32
0.0327128, 0.0239381, 0.00877279, 0.00104348, 35302, 69732, 72078, 1.12966e+06, 32
0.0319001, 0.0236015, 0.00829679, 0.000754774, 35318, 69428, 49323, 1.13018e+06, 32
0.0383726, 0.0285831, 0.00978729, 0.00165482, 43678, 75355, 112791, 1.3977e+06, 32
0.0395501, 0.0280947, 0.0114539, 0.0021732, 44400, 77020, 151044, 1.4208e+06, 32
0.0408953, 0.0293254, 0.0115688, 0.00287991, 45626, 79746, 218571, 1.46003e+06, 32
0.0366507, 0.0245786, 0.0120703, 0.00388916, 52817, 72861, 290157, 1.69014e+06, 32
0.0346442, 0.025129, 0.00951317, 0.00263047, 59075, 64211, 208485, 1.8904e+06, 32
0.0465682, 0.0356123, 0.0109541, 0.00271965, 46045, 65485, 216849, 1.47344e+06, 32
0.0357383, 0.0238633, 0.0118733, 0.00299072, 43232, 70929, 217464, 1.38342e+06, 32
0.0388633, 0.0260864, 0.0127749, 0.00284423, 50629, 79293, 228657, 1.62013e+06, 32
0.0420227, 0.0285815, 0.0134397, 0.00303812, 53304, 87113, 244524, 1.70573e+06, 32
0.0488661, 0.0336235, 0.0152408, 0.00425586, 54154, 86430, 305532, 1.73293e+06, 32
0.0440905, 0.0288219, 0.0152665, 0.00507746, 57186, 83630, 385728, 1.82995e+06, 32
0.0477638, 0.0322891, 0.0154731, 0.0044441, 47065, 83618, 358422, 1.50608e+06, 32
0.0450548, 0.030886, 0.0141667, 0.00342052, 35855, 84069, 288681, 1.14736e+06, 32
0.0441845, 0.0302001, 0.0139829, 0.00339739, 30437, 85834, 246123, 973984, 32
0.0443906, 0.0310927, 0.0132957, 0.00274773, 30175, 86127, 217710, 965600, 32
0.0427532, 0.0305154, 0.0122367, 0.00213085, 29899, 85686, 163836, 956768, 32
0.0465041, 0.0336199, 0.0128823, 0.0018179, 28303, 85467, 118572, 905696, 32
0.0407624, 0.0288211, 0.0119395, 0.00129762, 24843, 83478, 74415, 794976, 32
0.0423211, 0.0318972, 0.0104226, 0.000929119, 23876, 80967, 50184, 764032, 32
0.0406978, 0.029274, 0.0114226, 0.000677941, 23888, 81627, 30996, 764416, 32
0.0419825, 0.0313186, 0.0106626, 0.00117349, 29967, 85592, 69987, 958944, 32
0.0422802, 0.0320062, 0.0102721, 0.0010167, 32879, 85934, 62238, 1.05213e+06, 32
0.0431084, 0.0325676, 0.0105393, 0.000982758, 32414, 87008, 61500, 1.03725e+06, 32
0.0490419, 0.0378494, 0.0111906, 0.00127947, 29345, 89111, 70356, 939040, 32
0.0411819, 0.0300501, 0.0111302, 0.00138669, 27669, 84078, 83886, 885408, 32
0.0439358, 0.0330824, 0.0108509, 0.0014459, 36104, 82719, 95694, 1.15533e+06, 32
0.0408537, 0.0302941, 0.0105581, 0.00142742, 42152, 82419, 106272, 1.34886e+06, 32
0.0424815, 0.0320552, 0.0104247, 0.00122259, 47275, 77437, 80565, 1.5128e+06, 32
0.0335048, 0.0238584, 0.00964459, 0.00160808, 44154, 66666, 114144, 1.41293e+06, 32
0.0329955, 0.0234516, 0.00954182, 0.00181965, 59945, 64521, 136899, 1.91824e+06, 32
0.0365808, 0.0253888, 0.0111894, 0.00265055, 62332, 66427, 184746, 1.99462e+06, 32
0.0319151, 0.0228275, 0.00908532, 0.00170414, 62079, 64455, 132717, 1.98653e+06, 32
0.0339133, 0.0226882, 0.0112236, 0.00395453, 70699, 56544, 294708, 2.26237e+06, 32
0.0285068, 0.019539, 0.00896615, 0.00204732, 77310, 56040, 156087, 2.47392e+06, 32
0.0259674, 0.0179507, 0.00801539, 0.00117283, 70237, 52921, 84870, 2.24758e+06, 32
0.0220967, 0.016163, 0.00593189, 0.00052968, 59411, 48727, 33210, 1.90115e+06, 32
0.0223208, 0.0168693, 0.00544977, 0.000218504, 59371, 49149, 9471, 1.89987e+06, 32
0.0262394, 0.0195828, 0.0066542, 0.000782339, 78867, 56732, 50184, 2.52374e+06, 32
0.0277145, 0.0206432, 0.00706912, 0.00106074, 71416, 58182, 78351, 2.28531e+06, 32
0.0334296, 0.0256822, 0.00774562, 0.000939704, 79241, 60510, 64575, 2.53571e+06, 32
0.0372278, 0.0292494, 0.00797649, 0.0011107, 71679, 67458, 80688, 2.29373e+06, 32
0.0422372, 0.0349063, 0.00732885, 0.000579997, 53997, 66982, 37146, 1.7279e+06, 32
0.0314741, 0.0243625, 0.00710894, 0.000560743, 56533, 66448, 30996, 1.80906e+06, 32
0.0342416, 0.0275558, 0.00668411, 0.000429329, 53835, 67604, 24354, 1.72272e+06, 32
0.0388653, 0.0288458, 0.0100178, 0.0023626, 66621, 77866, 137145, 2.13187e+06, 32
0.0365895, 0.0267381, 0.00984961, 0.0017741, 64505, 76461, 120786, 2.06416e+06, 32
0.0351154, 0.0249163, 0.0101968, 0.00217758, 54921, 74779, 156087, 1.75747e+06, 32
0.0327526, 0.0235372, 0.0092134, 0.00187515, 62534, 67768, 139728, 2.00109e+06, 32
0.029641, 0.0216653, 0.00797383, 0.00125676, 67129, 62576, 95817, 2.14813e+06, 32
0.0271689, 0.0201042, 0.00706316, 0.000982757, 62830, 59485, 68019, 2.01056e+06, 32
0.0263484, 0.0190934, 0.00725331, 0.00102414, 57408, 55872, 73800, 1.83706e+06, 32
0.0270486, 0.0194153, 0.00763115, 0.00111439, 71786, 56605, 75645, 2.29715e+06, 32
0.0248663, 0.0186902, 0.0061745, 0.000702504, 74146, 55960, 42927, 2.37267e+06, 32
0.0239733, 0.0181912, 0.00578008, 0.000307358, 52920, 54738, 14391, 1.69344e+06, 32
0.0237145, 0.0181806, 0.00553251, 0.0003267, 50691, 55327, 15252, 1.62211e+06, 32
0.0236396, 0.0182061, 0.00543211, 0.000411391, 54112, 56834, 22509, 1.73158e+06, 32
0.0263671, 0.0201775, 0.00618771, 0.000639371, 60513, 57666, 38745, 1.93642e+06, 32
0.0248439, 0.019084, 0.00575836, 0.000487313, 54288, 52886, 37023, 1.73722e+06, 32
0.0237793, 0.0180967, 0.00568083, 0.000703647, 62707, 50625, 50922, 2.00662e+06, 32
0.0244555, 0.0172219, 0.00723157, 0.00212912, 66483, 49270, 146247, 2.12746e+06, 32
0.0258975, 0.0178244, 0.00807108, 0.0022283, 51201, 52174, 171339, 1.63843e+06, 32
0.029828, 0.020496, 0.00933037, 0.00266256, 60783, 58519, 186222, 1.94506e+06, 32
0.0297706, 0.0209514, 0.00881742, 0.00210133, 57528, 56888, 164328, 1.8409e+06, 32
0.0301506, 0.020936, 0.0092126, 0.0022218, 58147, 59065, 171831, 1.8607e+06, 32
0.0378712, 0.0251386, 0.0127305, 0.00448702, 65441, 63641, 301227, 2.09411e+06, 32
0.0251955, 0.0179507, 0.00724353, 0.000959883, 42720, 51563, 65190, 1.36704e+06, 32
0.0242426, 0.0182459, 0.00599514, 0.000584692, 42678, 51115, 36039, 1.3657e+06, 32
0.0265112, 0.019478, 0.00703177, 0.000818994, 49566, 54884, 54489, 1.58611e+06, 32
0.0267009, 0.0200856, 0.0066135, 0.000925696, 56292, 54292, 63099, 1.80134e+06, 32
0.0272072, 0.0206671, 0.00653867, 0.00100077, 58300, 51321, 70233, 1.8656e+06, 32
0.0279643, 0.020229, 0.00773367, 0.00153241, 59564, 50291, 119187, 1.90605e+06, 32
0.0277717, 0.0201829, 0.00758678, 0.00171397, 57715, 49628, 136407, 1.84688e+06, 32
0.0273356, 0.0199525, 0.00738118, 0.00134861, 63531, 48776, 94095, 2.03299e+06, 32
0.0269391, 0.0201505, 0.00678673, 0.000919759, 67179, 49132, 60762, 2.14973e+06, 32
0.0265194, 0.0199942, 0.00652334, 0.00118037, 69798, 48501, 90897, 2.23354e+06, 32
0.0265508, 0.0198816, 0.00666662, 0.00112299, 67201, 47842, 84993, 2.15043e+06, 32
0.025973, 0.0187039, 0.00726716, 0.00179938, 73201, 47909, 131241, 2.34243e+06, 32
0.0248903, 0.0170945, 0.00779369, 0.0025472, 65238, 43841, 179334, 2.08762e+06, 32
0.0262992, 0.0182156, 0.00808164, 0.00217377, 58895, 47186, 184992, 1.88464e+06, 32
0.0259927, 0.0184385, 0.00755225, 0.00182512, 59740, 47825, 150675, 1.91168e+06, 32
0.0253872, 0.018378, 0.00700706, 0.00115773, 52551, 46482, 82533, 1.68163e+06, 32
0.023077, 0.0175322, 0.00554353, 0.000635283, 46162, 44558, 43173, 1.47718e+06, 32
0.0218167, 0.0172536, 0.00456142, 0.000179858, 46228, 44581, 7626, 1.4793e+06, 32
0.0273169, 0.0207727, 0.00654181, 0.000995602, 55193, 48941, 63714, 1.76618e+06, 32
0.0269255, 0.0203372, 0.00658613, 0.0011972, 55330, 51318, 86961, 1.77056e+06, 32
0.0288337, 0.0209895, 0.00784221, 0.00188051, 51301, 51405, 146862, 1.64163e+06, 32
0.0291588, 0.0201551, 0.00900178, 0.00281093, 55067, 53896, 203196, 1.76214e+06, 32
0.0343791, 0.0243427, 0.0100343, 0.00314009, 61366, 55703, 243294, 1.96371e+06, 32
0.0351292, 0.0223774, 0.0127499, 0.0045665, 60245, 55347, 221400, 1.92784e+06, 32
0.0294474, 0.0196157, 0.00982972, 0.0024785, 52441, 49201, 176013, 1.67811e+06, 32
0.0285025, 0.021108, 0.00739263, 0.00148711, 59839, 48573, 120048, 1.91485e+06, 32
0.0261814, 0.0199007, 0.00627909, 0.000973299, 52168, 46863, 71586, 1.66938e+06, 32
0.0229361, 0.0174928, 0.00544124, 0.000564985, 47463, 43671, 37638, 1.51882e+06, 32
0.0216136, 0.0162302, 0.00538191, 0, 47463, 43671, 0, 1.51882e+06, 32
0.0257543, 0.0209714, 0.00478033, 0.000368993, 47437, 43510, 21402, 1.51798e+06, 32
0.0222361, 0.0183726, 0.00386162, 8.2131e-05, 47444, 43652, 2706, 1.51821e+06, 32
0.021779, 0.0172334, 0.00454393, 0.000219081, 47426, 43225, 9471, 1.51763e+06, 32
0.0191005, 0.015198, 0.00390101, 4.2646e-05, 47444, 43481, 1722, 1.51821e+06, 32
0.0188352, 0.0151432, 0.00369045, 5.687e-06, 47492, 43775, 123, 1.51974e+06, 32
0.0266388, 0.0216443, 0.0049915, 0.000425874, 54209, 47308, 27429, 1.73469e+06, 32
0.0234455, 0.0177788, 0.00566513, 0.000681446, 55603, 50244, 50307, 1.7793e+06, 32
0.0241147, 0.0182596, 0.00585321, 0.000757621, 62689, 51966, 59163, 2.00605e+06, 32
0.0251847, 0.0191108, 0.00607153, 0.000794642, 62593, 50507, 56457, 2.00298e+06, 32
0.0276996, 0.0211468, 0.00655007, 0.000846393, 53824, 51729, 53136, 1.72237e+06, 32
0.02759, 0.0209761, 0.00661192, 0.000918476, 59039, 50103, 63714, 1.88925e+06, 32
0.0298073, 0.021697, 0.00810738, 0.00173461, 56913, 52674, 106395, 1.82122e+06, 32
0.0286476, 0.020847, 0.00779863, 0.00176323, 55148, 50400, 129642, 1.76474e+06, 32
0.0289969, 0.0210388, 0.00795535, 0.00186032, 67218, 50646, 150552, 2.15098e+06, 32
0.0413651, 0.0305419, 0.0108209, 0.00354411, 69587, 53402, 282900, 2.22678e+06, 32
0.0391234, 0.0289858, 0.0101353, 0.00278116, 67264, 57856, 228288, 2.15245e+06, 32
0.0342368, 0.0248359, 0.00939929, 0.00242793, 57847, 58758, 184869, 1.8511e+06, 32
0.034631, 0.0254715, 0.00915757, 0.00208404, 62556, 60826, 154857, 2.00179e+06, 32
0.0332536, 0.0249894, 0.00826194, 0.00147538, 56511, 60202, 110331, 1.80835e+06, 32
0.0315978, 0.0245026, 0.00709289, 0.000869736, 39751, 57155, 58425, 1.27203e+06, 32
0.0291292, 0.0231016, 0.00602583, 0.000297424, 39783, 57301, 14391, 1.27306e+06, 32
0.0287512, 0.0223296, 0.00641952, 0.000407826, 39760, 57226, 21894, 1.27232e+06, 32
0.0318121, 0.0245868, 0.00722361, 0.00114449, 50147, 58853, 78474, 1.6047e+06, 32
0.0355214, 0.0280189, 0.00750082, 0.00170444, 60230, 55911, 129027, 1.92736e+06, 32
0.034606, 0.0263775, 0.00822643, 0.00250491, 62885, 58245, 183516, 2.01232e+06, 32
0.03131, 0.0216124, 0.00969582, 0.00362262, 73660, 55714, 220908, 2.35712e+06, 32
0.0292871, 0.0202623, 0.009023, 0.00296495, 55112, 48268, 162852, 1.76358e+06, 32
0.02735, 0.019904, 0.00744401, 0.001516, 59147, 49879, 110700, 1.8927e+06, 32
0.0270296, 0.019907, 0.00712072, 0.00147758, 61335, 53070, 109101, 1.96272e+06, 32
0.026603, 0.0198106, 0.0067904, 0.00104086, 59542, 54306, 71217, 1.90534e+06, 32
0.0253077, 0.018694, 0.00661132, 0.000658658, 52080, 51094, 38376, 1.66656e+06, 32
0.0236669, 0.0177086, 0.00595652, 0.000477499, 51481, 49984, 29151, 1.64739e+06, 32
0.0257237, 0.0207705, 0.00495152, 0.000257619, 51541, 50067, 15252, 1.64931e+06, 32
0.0225421, 0.0175449, 0.00499552, 0.000266895, 51423, 50191, 15129, 1.64554e+06, 32
0.0220167, 0.0175682, 0.00444622, 2.9011e-05, 51541, 49756, 1353, 1.64931e+06, 32
0.0281005, 0.0230656, 0.00503277, 9.2421e-05, 51422, 50101, 3936, 1.6455e+06, 32
0.0260903, 0.0206582, 0.00543045, 0.000333851, 56446, 52390, 17343, 1.80627e+06, 32
0.0258826, 0.0203999, 0.00548058, 0.000325009, 54698, 51614, 15498, 1.75034e+06, 32
0.0230907, 0.0177313, 0.00535779, 0.000396562, 57424, 50107, 23001, 1.83757e+06, 32
0.0245433, 0.0194051, 0.005136, 0.000389493, 57340, 48671, 24108, 1.83488e+06, 32
0.0284318, 0.022542, 0.00588795, 0.000422818, 52719, 50160, 23985, 1.68701e+06, 32
0.0262542, 0.0204864, 0.00576628, 0.000436889, 52147, 52836, 26445, 1.6687e+06, 32
0.0321376, 0.0265885, 0.00554731, 0.000447864, 52341, 51401, 27183, 1.67491e+06, 32
0.025879, 0.0199607, 0.0059163, 0.00095112, 51545, 46064, 58056, 1.64944e+06, 32
0.0236133, 0.0179861, 0.00562591, 0.00125176, 61159, 44141, 108609, 1.95709e+06, 32
0.0235988, 0.0175874, 0.00601003, 0.00159458, 57592, 47954, 88068, 1.84294e+06, 32
0.0208648, 0.0155102, 0.00535316, 0.00117222, 56587, 41958, 94095, 1.81078e+06, 32
0.0218421, 0.0160118, 0.00582865, 0.000997713, 43381, 42705, 81795, 1.38819e+06, 32
0.0244713, 0.0180873, 0.00638227, 0.001245, 42404, 44209, 99507, 1.35693e+06, 32
0.0265744, 0.0194753, 0.00709707, 0.00164705, 42767, 48821, 97539, 1.36854e+06, 32
0.0250548, 0.0189284, 0.00612513, 0.00126694, 46117, 49337, 88683, 1.47574e+06, 32
0.021112, 0.0155477, 0.00556294, 0.000821923, 32062, 44360, 56826, 1.02598e+06, 32
0.0193325, 0.0151691, 0.00416145, 0.000245185, 32035, 44680, 13530, 1.02512e+06, 32
0.0254823, 0.0190584, 0.00642157, 0.00132786, 48796, 50198, 109593, 1.56147e+06, 32
0.0283542, 0.0225604, 0.00579239, 0.000946572, 49702, 48383, 73554, 1.59046e+06, 32
0.0234332, 0.0172013, 0.00623026, 0.0012098, 44426, 44747, 90036, 1.42163e+06, 32
0.0226453, 0.0169632, 0.00568034, 0.00120611, 42079, 43796, 90528, 1.34653e+06, 32
0.0228562, 0.0175308, 0.00532272, 0.000693627, 41964, 43736, 53136, 1.34285e+06, 32
0.0210384, 0.016577, 0.00445936, 0.000326183, 42025, 43862, 22509, 1.3448e+06, 32
0.0237363, 0.0191136, 0.00462073, 0.000475292, 42080, 43692, 31980, 1.34656e+06, 32
0.0171202, 0.0131057, 0.00401276, 0.000426187, 32710, 41048, 30873, 1.04672e+06, 32
0.0179918, 0.0141367, 0.00385328, 0.000231499, 39491, 42434, 13407, 1.26371e+06, 32
0.0303193, 0.0253782, 0.00493936, 0.000673769, 54589, 46970, 46125, 1.74685e+06, 32
0.0249522, 0.0197154, 0.00523506, 0.00089865, 56270, 46758, 65067, 1.80064e+06, 32
0.0217418, 0.0156895, 0.00605075, 0.00140483, 52635, 45267, 111438, 1.68432e+06, 32
0.0193503, 0.0136022, 0.00574638, 0.00150325, 59002, 39725, 119433, 1.88806e+06, 32
0.0184505, 0.0129097, 0.00553928, 0.00150778, 59641, 36959, 138375, 1.90851e+06, 32
0.023292, 0.0159916, 0.00729858, 0.00188493, 62198, 44239, 181671, 1.99034e+06, 32
0.0231413, 0.0151375, 0.00800174, 0.00204887, 59840, 45662, 169863, 1.91488e+06, 32
0.0228174, 0.0160738, 0.00674208, 0.00128944, 65313, 45284, 106518, 2.09002e+06, 32
0.0209728, 0.0153267, 0.00564417, 0.000771685, 59859, 43507, 55965, 1.91549e+06, 32
0.0181955, 0.013641, 0.00455349, 0.000536751, 52161, 41471, 38007, 1.66915e+06, 32
0.0221952, 0.0165183, 0.00567503, 0.00066891, 58219, 43411, 51168, 1.86301e+06, 32
0.0212116, 0.0157935, 0.0054163, 0.000645777, 63676, 44589, 46371, 2.03763e+06, 32
0.0228448, 0.017301, 0.00554193, 0.000877249, 56053, 47267, 69987, 1.7937e+06, 32
0.0259865, 0.0183185, 0.00766654, 0.00217123, 64959, 50075, 186591, 2.07869e+06, 32
0.0271282, 0.0194819, 0.00764454, 0.00203542, 60773, 52386, 158547, 1.94474e+06, 32
0.0374553, 0.0265751, 0.0108785, 0.00386447, 68349, 61552, 254733, 2.18717e+06, 32
0.0284519, 0.0213308, 0.00711946, 0.00147904, 56178, 56083, 106026, 1.7977e+06, 32
0.024661, 0.0187271, 0.00593197, 0.000799781, 41483, 52799, 53874, 1.32746e+06, 32
0.0243363, 0.0188418, 0.00549263, 0.000475527, 41470, 52860, 30012, 1.32704e+06, 32
0.0273195, 0.0226387, 0.00467827, 3.0334e-05, 41472, 52684, 984, 1.3271e+06, 32
0.0328073, 0.0275004, 0.00530511, 0.000377961, 41408, 52184, 24723, 1.32506e+06, 32
0.0235719, 0.0188524, 0.00471797, 4.0973e-05, 41463, 51972, 1353, 1.32682e+06, 32
0.0236007, 0.0189572, 0.00464165, 0.000122462, 41474, 52328, 6642, 1.32717e+06, 32
0.0233611, 0.018718, 0.00464179, 6.977e-06, 41471, 52745, 123, 1.32707e+06, 32
0.0241822, 0.0196615, 0.00451845, 4.917e-06, 41470, 52670, 123, 1.32704e+06, 32
0.0233163, 0.0188131, 0.00450133, 6.5846e-05, 41506, 52847, 2460, 1.32819e+06, 32
0.0230591, 0.0185683, 0.00448868, 5.413e-06, 41394, 52162, 123, 1.32461e+06, 32
0.0249153, 0.0196312, 0.00528213, 4.207e-06, 41392, 52195, 123, 1.32454e+06, 32
0.0349658, 0.021189, 0.0137749, 0.0059685, 46524, 55561, 478593, 1.48877e+06, 32
0.0275822, 0.0186755, 0.00890361, 0.00275781, 51492, 49423, 226566, 1.64774e+06, 32
0.0290788, 0.0190913, 0.00998595, 0.00339652, 70378, 49562, 266910, 2.2521e+06, 32
0.0261845, 0.0184706, 0.00771206, 0.00215671, 66239, 45234, 168141, 2.11965e+06, 32
0.0251735, 0.0174251, 0.00774714, 0.0020546, 59939, 43960, 149322, 1.91805e+06, 32
0.0252676, 0.0175059, 0.00775954, 0.00190456, 59707, 44230, 153258, 1.91062e+06, 32
0.0315926, 0.0238815, 0.00770929, 0.00215525, 60025, 47458, 138375, 1.9208e+06, 32
0.0270546, 0.0190345, 0.00801832, 0.00199767, 61823, 46730, 168510, 1.97834e+06, 32
0.0247291, 0.0173285, 0.00739928, 0.00224474, 54015, 42230, 167280, 1.72848e+06, 32
0.0269044, 0.0178526, 0.00905031, 0.00320295, 56965, 43326, 228411, 1.82288e+06, 32
0.0269543, 0.0179828, 0.00896912, 0.00262075, 53240, 44010, 167157, 1.70368e+06, 32
0.0242413, 0.0162407, 0.0079984, 0.00251066, 54062, 40676, 195324, 1.72998e+06, 32
0.021497, 0.0151574, 0.00633843, 0.00154579, 51732, 38639, 119679, 1.65542e+06, 32
0.0235622, 0.0161232, 0.00743683, 0.00195827, 53421, 38245, 151659, 1.70947e+06, 32
0.0236132, 0.0158792, 0.00773245, 0.00196936, 55408, 37131, 115005, 1.77306e+06, 32
0.017641, 0.0132634, 0.0043762, 0.000652825, 46690, 33865, 48339, 1.49408e+06, 32
0.0195412, 0.0153957, 0.00414344, 0.000424916, 46691, 33898, 27921, 1.49411e+06, 32
0.0189028, 0.0153046, 0.00359603, 0.000191934, 46760, 33870, 8241, 1.49632e+06, 32
0.0171292, 0.0139932, 0.00313398, 0.000111871, 46703, 33594, 4182, 1.4945e+06, 32
0.0177671, 0.0147016, 0.00306395, 5.9138e-05, 46697, 33959, 2337, 1.4943e+06, 32
0.0146122, 0.0119375, 0.00267374, 0, 46670, 33846, 0, 1.49344e+06, 32
0.0154247, 0.0126044, 0.00281908, 4.958e-06, 46703, 33819, 123, 1.4945e+06, 32
0.0174223, 0.0145173, 0.00290298, 0, 46691, 33901, 0, 1.49411e+06, 32
0.0164645, 0.013875, 0.0025876, 0, 46671, 33889, 0, 1.49347e+06, 32
0.0188612, 0.0163778, 0.00248224, 4.068e-06, 46708, 33277, 123, 1.49466e+06, 32
0.0159223, 0.01349, 0.0024307, 0, 46729, 33378, 0, 1.49533e+06, 32
0.015868, 0.0132899, 0.00257633, 0, 46714, 34021, 0, 1.49485e+06, 32
0.0169628, 0.0141687, 0.00279254, 4.186e-06, 46672, 33927, 123, 1.4935e+06, 32
0.0146176, 0.0122542, 0.00236147, 0, 46671, 33889, 0, 1.49347e+06, 32
0.0162526, 0.0137619, 0.00248884, 7.543e-06, 46689, 33912, 123, 1.49405e+06, 32
0.0142191, 0.0117046, 0.0025126, 0, 46715, 33740, 0, 1.49488e+06, 32
0.0158388, 0.0133573, 0.00248012, 0, 46703, 33977, 0, 1.4945e+06, 32
0.019686, 0.015872, 0.00381195, 0.000783403, 60056, 35778, 70602, 1.92179e+06, 32
0.0158882, 0.01169, 0.00419686, 0.000869026, 57810, 37518, 68019, 1.84992e+06, 32
0.0177986, 0.0129583, 0.00483712, 0.000870241, 56039, 37302, 75891, 1.79325e+06, 32
0.0211012, 0.0159849, 0.00511492, 0.00126845, 61413, 37189, 112668, 1.96522e+06, 32
0.0154711, 0.0115584, 0.00391114, 0.000776853, 56095, 33736, 77490, 1.79504e+06, 32
0.0170169, 0.0133277, 0.00368778, 0.000649432, 57093, 31005, 56088, 1.82698e+06, 32
0.0162352, 0.0122553, 0.00397831, 0.00104041, 57380, 31668, 81672, 1.83616e+06, 32
0.0232204, 0.0176179, 0.00560075, 0.0018694, 61509, 34040, 162237, 1.96829e+06, 32
0.0194046, 0.0131444, 0.00625784, 0.00192326, 62332, 35186, 195201, 1.99462e+06, 32
0.0201369, 0.014247, 0.00588836, 0.0014704, 57462, 37860, 111315, 1.83878e+06, 32
0.0203654, 0.014237, 0.00612724, 0.00155961, 53981, 38727, 112422, 1.72739e+06, 32
0.0205968, 0.0143108, 0.00628431, 0.00199864, 60364, 37741, 183270, 1.93165e+06, 32
0.0211686, 0.014363, 0.0068037, 0.00171978, 59816, 37610, 133332, 1.91411e+06, 32
0.0224055, 0.0153784, 0.00702582, 0.00178262, 58046, 38925, 154611, 1.85747e+06, 32
0.0229023, 0.0153703, 0.00753023, 0.00206803, 68715, 40004, 161745, 2.19888e+06, 32
0.0267813, 0.0178625, 0.00891731, 0.00274927, 67636, 46649, 214020, 2.16435e+06, 32
0.0294658, 0.0205397, 0.00892478, 0.0026885, 62212, 53233, 196185, 1.99078e+06, 32
0.0307559, 0.0215713, 0.00918295, 0.00253299, 57737, 52956, 200367, 1.84758e+06, 32
0.0316219, 0.0242234, 0.00739631, 0.00155817, 55305, 49887, 121032, 1.76976e+06, 32
0.0254713, 0.0188732, 0.00659647, 0.00111239, 59007, 47917, 83148, 1.88822e+06, 32
0.026828, 0.0200225, 0.00680377, 0.00145714, 66692, 45803, 111438, 2.13414e+06, 32
0.0271028, 0.0192367, 0.00786435, 0.00209448, 73579, 46247, 156456, 2.35453e+06, 32
0.0263909, 0.0178315, 0.00855726, 0.00233693, 70251, 45705, 164574, 2.24803e+06, 32
0.0301169, 0.0217351, 0.0083791, 0.00239012, 70956, 48205, 179457, 2.27059e+06, 32
0.0258128, 0.017449, 0.00836222, 0.00241969, 60345, 47923, 174045, 1.93104e+06, 32
0.0299761, 0.0208829, 0.00909127, 0.00288008, 78168, 52582, 185361, 2.50138e+06, 32
0.0261698, 0.0185056, 0.00766252, 0.00146491, 67866, 49086, 99138, 2.17171e+06, 32
0.0266987, 0.0195121, 0.00718494, 0.00118654, 71319, 48845, 84255, 2.28221e+06, 32
0.0307005, 0.0219233, 0.00877529, 0.00261226, 74276, 53722, 160392, 2.37683e+06, 32
0.0318506, 0.0209348, 0.0109139, 0.00333892, 70310, 60673, 240342, 2.24992e+06, 32
0.0317777, 0.0213923, 0.010384, 0.00268241, 62756, 62309, 206763, 2.00819e+06, 32
0.0315323, 0.020588, 0.0109429, 0.00243001, 55705, 61867, 166542, 1.78256e+06, 32
0.0314512, 0.0213274, 0.0101225, 0.00188636, 64244, 64809, 134685, 2.05581e+06, 32
0.0277606, 0.0192911, 0.00846772, 0.00103874, 51434, 59059, 65067, 1.64589e+06, 32
0.0345391, 0.0271037, 0.00743266, 0.000430812, 51418, 58599, 19803, 1.64538e+06, 32
0.0314702, 0.0244131, 0.00705439, 0.000186178, 51490, 59117, 6273, 1.64768e+06, 32
0.0278093, 0.0206452, 0.00716233, 0.00038653, 51376, 58769, 18450, 1.64403e+06, 32
0.0254419, 0.019718, 0.00572204, 1.8374e-05, 51416, 58491, 492, 1.64531e+06, 32
0.026764, 0.0200045, 0.00675784, 0.000426202, 51446, 58868, 19065, 1.64627e+06, 32
0.0261265, 0.0201098, 0.00601473, 9.1186e-05, 51439, 59175, 3813, 1.64605e+06, 32
0.025315, 0.019697, 0.00561633, 6.227e-06, 51476, 59255, 246, 1.64723e+06, 32
0.0250425, 0.0192059, 0.00583477, 0, 51432, 58603, 0, 1.64582e+06, 32
0.0250598, 0.0191833, 0.00587468, 6.1881e-05, 51325, 58325, 1722, 1.6424e+06, 32
0.0244811, 0.0189269, 0.00555263, 4.363e-06, 51364, 58454, 123, 1.64365e+06, 32
0.0246021, 0.0188163, 0.00578422, 0.000180578, 51443, 58407, 7626, 1.64618e+06, 32
0.0248812, 0.0193957, 0.00548381, 4.7522e-05, 51391, 58407, 1476, 1.64451e+06, 32
0.023426, 0.0182045, 0.00521968, 5.819e-06, 51338, 58322, 123, 1.64282e+06, 32
0.0312811, 0.0211344, 0.0101439, 0.00288402, 58037, 57385, 226074, 1.85718e+06, 32
0.0314081, 0.0208072, 0.0105985, 0.00294427, 49841, 61241, 204057, 1.59491e+06, 32
0.0355114, 0.022794, 0.0127155, 0.00352659, 50254, 66474, 240219, 1.60813e+06, 32
0.0374879, 0.0243615, 0.0131244, 0.00387883, 48317, 68381, 278103, 1.54614e+06, 32
0.0412058, 0.0256274, 0.0155769, 0.00476501, 45474, 75318, 347598, 1.45517e+06, 32
0.0426836, 0.02858, 0.0141021, 0.00438727, 55330, 79042, 372075, 1.77056e+06, 32
0.0482761, 0.0334405, 0.0148338, 0.00442372, 51088, 84919, 340095, 1.63482e+06, 32
0.0464005, 0.0318344, 0.0145643, 0.00366492, 31061, 85445, 272691, 993952, 32
0.0437764, 0.0304014, 0.0133731, 0.00335515, 28451, 83633, 235176, 910432, 32
0.0444113, 0.0307236, 0.0136862, 0.00286623, 30700, 82595, 203688, 982400, 32
0.0433324, 0.0315652, 0.0117657, 0.00222149, 32671, 80812, 152397, 1.04547e+06, 32
0.0417116, 0.0311462, 0.0105641, 0.00147856, 29020, 79033, 101598, 928640, 32
0.0380567, 0.0289164, 0.00913861, 0.000971262, 24394, 75987, 57441, 780608, 32
0.036215, 0.0281041, 0.00810907, 0.000586903, 24388, 76172, 32349, 780416, 32
0.0372873, 0.0286398, 0.00864527, 0.000484091, 24331, 75908, 22263, 778592, 32
0.0355359, 0.0282, 0.00733409, 0.000283989, 24360, 76125, 11685, 779520, 32
0.0461707, 0.0349496, 0.0112196, 0.00220119, 44140, 84223, 150675, 1.41248e+06, 32
0.0438716, 0.0326636, 0.0112059, 0.00249124, 52368, 85158, 190035, 1.67578e+06, 32
0.0500787, 0.0368228, 0.0132539, 0.00369996, 59123, 90142, 262482, 1.89194e+06, 32
0.0411223, 0.0304255, 0.0106948, 0.00185991, 52299, 80037, 132348, 1.67357e+06, 32
0.0342425, 0.0237508, 0.0104902, 0.00230828, 42522, 72889, 144525, 1.3607e+06, 32
0.0325418, 0.0222959, 0.0102438, 0.00227711, 47856, 70153, 174906, 1.53139e+06, 32
0.0317173, 0.0215596, 0.0101558, 0.00229155, 54455, 67990, 190158, 1.74256e+06, 32
0.0353761, 0.0251224, 0.0102517, 0.00236352, 65219, 68301, 184377, 2.08701e+06, 32
0.0375893, 0.026983, 0.0106037, 0.00263566, 65237, 67944, 217218, 2.08758e+06, 32
0.0364204, 0.0264835, 0.00993501, 0.00207039, 63460, 68019, 142926, 2.03072e+06, 32
0.0312966, 0.0225692, 0.00872537, 0.00129151, 53186, 62245, 93357, 1.70195e+06, 32
0.028962, 0.0218011, 0.00715868, 0.000806799, 48112, 60999, 55104, 1.53958e+06, 32
0.0267584, 0.0212628, 0.00549369, 0.000100553, 48130, 61223, 3075, 1.54016e+06, 32
0.0273813, 0.0215048, 0.00587435, 1.8358e-05, 48138, 61211, 492, 1.54042e+06, 32
0.0279855, 0.0214547, 0.00652915, 0.000529307, 48157, 61466, 30258, 1.54102e+06, 32
0.0274261, 0.0220718, 0.00535256, 5.3283e-05, 48155, 61330, 1599, 1.54096e+06, 32
0.0270725, 0.0215675, 0.00550324, 8.9199e-05, 48146, 61268, 2952, 1.54067e+06, 32
0.0295706, 0.0224377, 0.00713111, 0.00106188, 53963, 62420, 79581, 1.72682e+06, 32
0.0282813, 0.0204586, 0.00782114, 0.00160341, 50830, 58248, 120417, 1.62656e+06, 32
0.0310332, 0.0217032, 0.00932797, 0.00252001, 50540, 60273, 197292, 1.61728e+06, 32
0.0312748, 0.0221476, 0.00912559, 0.00206813, 46507, 59427, 162729, 1.48822e+06, 32
0.0373248, 0.0257131, 0.0116098, 0.00345613, 60397, 69150, 254979, 1.9327e+06, 32
0.0334733, 0.0230526, 0.0104188, 0.00326314, 63828, 60889, 249444, 2.0425e+06, 32
0.0311421, 0.0226369, 0.00850303, 0.00260888, 67887, 51930, 188805, 2.17238e+06, 32
0.0344253, 0.0252297, 0.00919335, 0.00287597, 64722, 53969, 226074, 2.0711e+06, 32
0.0271785, 0.0194446, 0.00773168, 0.0017328, 58378, 50973, 135423, 1.8681e+06, 32
0.0234177, 0.0171439, 0.00627223, 0.00103839, 50663, 47607, 77859, 1.62122e+06, 32
0.0318839, 0.0211904, 0.0106916, 0.00337517, 64873, 49204, 294216, 2.07594e+06, 32
0.024866, 0.0179305, 0.00693334, 0.00132386, 63985, 47518, 97293, 2.04752e+06, 32
0.0219604, 0.0163656, 0.00559313, 0.000784768, 56831, 45924, 52644, 1.81859e+06, 32
0.0208617, 0.0157923, 0.00506825, 0.0005259, 52637, 45051, 33210, 1.68438e+06, 32
0.0194377, 0.015077, 0.00435876, 0.000287776, 52576, 44500, 17343, 1.68243e+06, 32
0.0239617, 0.0180326, 0.0059271, 0.00110892, 71533, 50504, 73923, 2.28906e+06, 32
0.0260032, 0.0194671, 0.00653447, 0.00124591, 70168, 55766, 85977, 2.24538e+06, 32
0.0279892, 0.020099, 0.0078882, 0.00170896, 63587, 61351, 120417, 2.03478e+06, 32
0.0264653, 0.0196712, 0.00679237, 0.00131613, 59410, 51656, 93849, 1.90112e+06, 32
0.0269525, 0.0199492, 0.00700123, 0.00148638, 66340, 50333, 111561, 2.12288e+06, 32
0.028084, 0.0210399, 0.00704216, 0.00151452, 61541, 51348, 123369, 1.96931e+06, 32
0.0299019, 0.0227778, 0.00712223, 0.00156611, 68160, 51914, 111930, 2.18112e+06, 32
0.028352, 0.021372, 0.00697824, 0.00140139, 60413, 50662, 115497, 1.93322e+06, 32
0.0342388, 0.0265365, 0.00770001, 0.00158848, 62953, 54457, 128535, 2.0145e+06, 32
0.0282915, 0.0210775, 0.00721181, 0.00145306, 67186, 48379, 123246, 2.14995e+06, 32
0.0263062, 0.0202185, 0.0060859, 0.00104854, 60929, 46677, 89544, 1.94973e+06, 32
0.0245056, 0.0187695, 0.00573477, 0.000943526, 50709, 44001, 78474, 1.62269e+06, 32
0.0323257, 0.0238691, 0.00845441, 0.00284586, 71468, 49914, 227427, 2.28698e+06, 32
0.0302638, 0.0223217, 0.00793984, 0.00214124, 66558, 49958, 158916, 2.12986e+06, 32
0.0275741, 0.0207949, 0.00677735, 0.00124264, 59187, 48561, 94464, 1.89398e+06, 32
0.0227893, 0.0175641, 0.00522341, 0.000641396, 50463, 46313, 43911, 1.61482e+06, 32
0.0243924, 0.0190236, 0.00536666, 0.00040751, 50572, 46541, 21279, 1.6183e+06, 32
0.0220353, 0.0175426, 0.00449099, 0.000202306, 50487, 45981, 10455, 1.61558e+06, 32
0.0216408, 0.0175446, 0.00409491, 7.6238e-05, 50469, 46303, 3198, 1.61501e+06, 32
0.0211717, 0.0173447, 0.00382549, 2.2204e-05, 50502, 46061, 738, 1.61606e+06, 32
0.0286934, 0.0216012, 0.00708973, 0.00167305, 64143, 52612, 129642, 2.05258e+06, 32
0.0293815, 0.0207773, 0.00860241, 0.00217694, 63840, 57741, 183393, 2.04288e+06, 32
0.040148, 0.0295019, 0.0106441, 0.00234474, 53590, 63804, 206517, 1.71488e+06, 32
0.035355, 0.0239422, 0.0114113, 0.00301587, 54449, 67682, 203073, 1.74237e+06, 32
0.0316561, 0.0217249, 0.00992939, 0.00237409, 52320, 61041, 205164, 1.67424e+06, 32
0.0301513, 0.0214298, 0.00872002, 0.00215314, 61904, 54961, 173553, 1.98093e+06, 32
0.0269863, 0.0190931, 0.00789147, 0.00181275, 61863, 49039, 136899, 1.97962e+06, 32
0.0270182, 0.019346, 0.00767043, 0.00166959, 57717, 49389, 131733, 1.84694e+06, 32
0.0288315, 0.0204848, 0.00834547, 0.00165331, 58309, 51237, 126444, 1.86589e+06, 32
0.0286487, 0.0201156, 0.00853162, 0.0020521, 60601, 53218, 151905, 1.93923e+06, 32
0.0310554, 0.0212514, 0.00980225, 0.00253496, 60482, 58428, 181548, 1.93542e+06, 32
0.0350418, 0.02362, 0.0114196, 0.00383414, 72411, 66688, 274413, 2.31715e+06, 32
0.0320164, 0.0223284, 0.00968629, 0.00273455, 67094, 60873, 211068, 2.14701e+06, 32
0.0300632, 0.0216089, 0.00845258, 0.0018979, 69659, 56681, 158055, 2.22909e+06, 32
0.0273096, 0.0199887, 0.00731941, 0.00112347, 64487, 53931, 78228, 2.06358e+06, 32
0.0255662, 0.0186107, 0.00695373, 0.00103534, 67648, 50964, 72570, 2.16474e+06, 32
0.0238544, 0.0178452, 0.00600695, 0.000573697, 58837, 49462, 37884, 1.88278e+06, 32
0.0218772, 0.0168707, 0.00500447, 0.000314349, 56800, 48775, 16728, 1.8176e+06, 32
0.022434, 0.0174813, 0.00495126, 0.000302784, 56785, 47930, 17589, 1.81712e+06, 32
0.0214953, 0.017024, 0.00446932, 2.2829e-05, 56786, 48733, 615, 1.81715e+06, 32
0.0218971, 0.0172417, 0.00465363, 3.1239e-05, 56777, 48560, 861, 1.81686e+06, 32
0.0225828, 0.017578, 0.00500312, 0.000258902, 56877, 48230, 13161, 1.82006e+06, 32
0.0210036, 0.0167949, 0.0042067, 4.984e-06, 56814, 47908, 123, 1.81805e+06, 32
0.0211028, 0.0167436, 0.00435756, 5.153e-06, 56773, 48740, 123, 1.81674e+06, 32
0.027621, 0.021098, 0.00652111, 0.000792983, 59947, 56951, 51660, 1.9183e+06, 32
0.0293669, 0.0214786, 0.00788622, 0.00179848, 72429, 59973, 142188, 2.31773e+06, 32
0.031491, 0.0228371, 0.00865183, 0.00219683, 73171, 60785, 199629, 2.34147e+06, 32
0.0328367, 0.02315, 0.00968472, 0.00306687, 73157, 62503, 229395, 2.34102e+06, 32
0.0299533, 0.0207586, 0.00919293, 0.00247677, 70548, 59063, 192864, 2.25754e+06, 32
0.029358, 0.0202895, 0.00906707, 0.00214547, 69598, 58821, 192495, 2.22714e+06, 32
0.0271488, 0.0187386, 0.00840832, 0.00174796, 49998, 54064, 126936, 1.59994e+06, 32
0.0296223, 0.021444, 0.00817617, 0.00178666, 57608, 54867, 155718, 1.84346e+06, 32
0.0330805, 0.0242545, 0.00882443, 0.00211147, 58657, 56697, 161007, 1.87702e+06, 32
0.0279875, 0.0203138, 0.00767163, 0.00127358, 49524, 53051, 77244, 1.58477e+06, 32
0.0255324, 0.01913, 0.00640075, 0.00064015, 48761, 53097, 42558, 1.56035e+06, 32
0.0244494, 0.0190582, 0.00538942, 0.000375551, 48808, 52933, 21402, 1.56186e+06, 32
0.0227091, 0.0178663, 0.00484115, 0.000232183, 48756, 52664, 10824, 1.56019e+06, 32
0.0231224, 0.0182075, 0.00491282, 8.869e-06, 48737, 52760, 246, 1.55958e+06, 32
0.0230212, 0.0187205, 0.00429858, 4.593e-06, 48735, 52621, 123, 1.55952e+06, 32
0.0221254, 0.0175348, 0.00458875, 0.000137563, 48732, 53139, 5166, 1.55942e+06, 32
0.0218109, 0.0176406, 0.00416846, 3.916e-05, 48744, 52622, 1107, 1.55981e+06, 32
0.0217359, 0.0175042, 0.00422991, 9.5281e-05, 48739, 52680, 4059, 1.55965e+06, 32
0.0241863, 0.0202753, 0.00390891, 9.529e-06, 48745, 52911, 246, 1.55984e+06, 32
0.0227504, 0.0189027, 0.00384593, 0, 48748, 53105, 0, 1.55994e+06, 32
0.0196553, 0.0159291, 0.00372412, 1.8807e-05, 48733, 52751, 492, 1.55946e+06, 32
0.0221213, 0.0181276, 0.00399197, 0, 48744, 52626, 0, 1.55981e+06, 32
0.0216013, 0.0178361, 0.00376306, 4.126e-06, 48753, 52940, 123, 1.5601e+06, 32
0.0202496, 0.01665, 0.00359765, 0, 48783, 52620, 0, 1.56106e+06, 32
0.0190556, 0.015378, 0.00367569, 0, 48744, 52778, 0, 1.55981e+06, 32
0.0192988, 0.0154815, 0.0038161, 0, 48728, 52688, 0, 1.5593e+06, 32
0.0198563, 0.015878, 0.00397673, 0, 48715, 53063, 0, 1.55888e+06, 32
0.0233504, 0.0194917, 0.00385625, 4.875e-06, 48781, 53123, 123, 1.56099e+06, 32
0.022731, 0.0188924, 0.00383701, 0, 48753, 52633, 0, 1.5601e+06, 32
0.0217635, 0.018132, 0.00362969, 4.083e-06, 48726, 53104, 123, 1.55923e+06, 32
0.0180412, 0.0145573, 0.0034824, 0, 48733, 52751, 0, 1.55946e+06, 32
0.0184745, 0.0150029, 0.00347004, 0, 48749, 52713, 0, 1.55997e+06, 32
0.0237062, 0.0198456, 0.00385882, 4.964e-06, 48744, 52778, 123, 1.55981e+06, 32
0.0212335, 0.0176982, 0.00353343, 0, 48736, 52381, 0, 1.55955e+06, 32
0.0193159, 0.015622, 0.00369202, 0, 48781, 52905, 0, 1.56099e+06, 32
0.0180377, 0.0146023, 0.00343377, 0, 48712, 52719, 0, 1.55878e+06, 32
0.0193828, 0.0158436, 0.00353757, 8.625e-06, 48774, 52713, 246, 1.56077e+06, 32
0.0208164, 0.0171865, 0.00362781, 0, 48733, 52755, 0, 1.55946e+06, 32
0.0220709, 0.0185353, 0.00353352, 0, 48732, 53139, 0, 1.55942e+06, 32
0.0194746, 0.0159023, 0.00357067, 8.086e-06, 48751, 52716, 246, 1.56003e+06, 32
0.0181986, 0.0146048, 0.00359246, 0, 48713, 52750, 0, 1.55882e+06, 32
0.0184414, 0.0148527, 0.0035868, 3.812e-06, 48725, 52768, 123, 1.5592e+06, 32
0.0210968, 0.0171445, 0.00394952, 0, 48732, 52663, 0, 1.55942e+06, 32
0.0237106, 0.0198336, 0.00387451, 0, 48732, 53139, 0, 1.55942e+06, 32
0.0237767, 0.0199835, 0.00379028, 4.243e-06, 48731, 52673, 123, 1.55939e+06, 32
0.0187814, 0.0151136, 0.00366651, 5.326e-06, 48731, 52664, 123, 1.55939e+06, 32
0.0193789, 0.0154792, 0.00389817, 0, 48744, 52626, 0, 1.55981e+06, 32
0.022341, 0.0183905, 0.00394888, 5.495e-06, 48756, 52668, 123, 1.56019e+06, 32
0.0196428, 0.0158081, 0.00383288, 4.228e-06, 48783, 52906, 123, 1.56106e+06, 32
0.021273, 0.0173643, 0.00390669, 8.359e-06, 48794, 53070, 246, 1.56141e+06, 32
0.0182584, 0.0145347, 0.00372265, 0, 48727, 52724, 0, 1.55926e+06, 32
0.0226843, 0.0175951, 0.00508786, 0.00046518, 52799, 55270, 30504, 1.68957e+06, 32
0.0216093, 0.0164321, 0.00517589, 0.000418841, 55900, 55781, 28290, 1.7888e+06, 32
0.0217163, 0.0169375, 0.00477701, 0.000353984, 56146, 53651, 23739, 1.79667e+06, 32
0.0228641, 0.0164049, 0.0064577, 0.000610939, 64534, 59532, 45264, 2.06509e+06, 32
0.0229136, 0.0170964, 0.00581531, 0.000562726, 68119, 59036, 42435, 2.17981e+06, 32
0.0235956, 0.0181347, 0.00545953, 0.000535984, 59098, 58781, 42312, 1.89114e+06, 32
0.0236727, 0.0183218, 0.00534943, 0.000564055, 65627, 60264, 42558, 2.10006e+06, 32
0.0249559, 0.0189, 0.00605417, 0.000569541, 64684, 62691, 30381, 2.06989e+06, 32
0.0246789, 0.0188134, 0.00586413, 0.000374197, 55261, 61196, 20418, 1.76835e+06, 32
0.0257134, 0.0196803, 0.00603173, 0.000378786, 58930, 61194, 23247, 1.88576e+06, 32
0.0245611, 0.0189681, 0.00559146, 0.00030564, 53389, 59163, 16974, 1.70845e+06, 32
0.0270413, 0.0209519, 0.00608769, 0.000328853, 62642, 61079, 20787, 2.00454e+06, 32
0.0292049, 0.023538, 0.00566421, 0.00027973, 59475, 57739, 15867, 1.9032e+06, 32
0.0272434, 0.0203915, 0.00685024, 0.000491879, 64227, 59678, 31242, 2.05526e+06, 32
0.0244142, 0.0182159, 0.00619633, 0.00049242, 62485, 56491, 30135, 1.99952e+06, 32
0.0367884, 0.0289549, 0.00783166, 0.00151499, 70049, 64663, 112053, 2.24157e+06, 32
0.0295793, 0.0215826, 0.00799487, 0.00173585, 51596, 60497, 128166, 1.65107e+06, 32
0.0311719, 0.0224019, 0.00876836, 0.00178825, 50689, 64582, 122877, 1.62205e+06, 32
0.0309729, 0.0228637, 0.00810717, 0.00137639, 51014, 67809, 92127, 1.63245e+06, 32
0.0375287, 0.0237016, 0.0138255, 0.00456556, 36584, 66413, 381915, 1.17069e+06, 32
0.0362285, 0.0249357, 0.0112911, 0.00279416, 37020, 68402, 231117, 1.18464e+06, 32
0.0350466, 0.0244918, 0.0105531, 0.00201725, 42116, 67050, 164328, 1.34771e+06, 32
0.0360468, 0.0265653, 0.00947931, 0.00204669, 55431, 68159, 167403, 1.77379e+06, 32
0.0416149, 0.0310539, 0.0105581, 0.00222124, 68702, 72428, 166296, 2.19846e+06, 32
0.0336396, 0.0255895, 0.00804846, 0.00136378, 61872, 65795, 95694, 1.9799e+06, 32
0.0285296, 0.0212697, 0.00725833, 0.00102503, 47788, 60736, 58794, 1.52922e+06, 32
0.028332, 0.0215526, 0.00677693, 0.000578784, 47760, 60375, 36408, 1.52832e+06, 32
0.0281487, 0.0217613, 0.00638577, 0.000447471, 47724, 60770, 27060, 1.52717e+06, 32
0.0342062, 0.0285888, 0.00561557, 0.000233917, 47742, 60614, 11808, 1.52774e+06, 32
0.0272202, 0.0213411, 0.00587696, 5.8056e-05, 47708, 60566, 1845, 1.52666e+06, 32
0.0272783, 0.0213008, 0.00597539, 0.000247279, 47762, 60772, 11562, 1.52838e+06, 32
0.0286395, 0.0230512, 0.00558641, 1.6734e-05, 47762, 60644, 492, 1.52838e+06, 32
0.0268129, 0.0210406, 0.00577057, 6.6017e-05, 47745, 60600, 2460, 1.52784e+06, 32
0.0270825, 0.0211713, 0.00590874, 1.303e-05, 47761, 60523, 246, 1.52835e+06, 32
0.0317247, 0.0240572, 0.00766602, 0.00109554, 64800, 66232, 77859, 2.0736e+06, 32
0.0373716, 0.0286504, 0.00871923, 0.00141501, 65095, 68723, 79212, 2.08304e+06, 32
0.0374436, 0.0286366, 0.00880557, 0.00118364, 53522, 67188, 87822, 1.7127e+06, 32
0.0391638, 0.0294275, 0.00973441, 0.00136431, 54397, 67913, 82902, 1.7407e+06, 32
0.0320383, 0.0240264, 0.00801063, 0.00133721, 57391, 65212, 96186, 1.83651e+06, 32
0.0335736, 0.0246298, 0.00894164, 0.00142075, 54478, 72189, 98277, 1.7433e+06, 32
0.0343152, 0.0243629, 0.00995049, 0.00181456, 50429, 70077, 134439, 1.61373e+06, 32
0.0353904, 0.0260969, 0.00929177, 0.00152788, 50242, 69292, 113529, 1.60774e+06, 32
0.0390276, 0.0272833, 0.0117421, 0.00225177, 63160, 75623, 131979, 2.02112e+06, 32
0.0435319, 0.0300198, 0.0135101, 0.00300489, 62122, 83049, 204918, 1.9879e+06, 32
0.0539717, 0.0413686, 0.0126011, 0.00259889, 62402, 89097, 209346, 1.99686e+06, 32
0.039099, 0.0288756, 0.0102216, 0.00149671, 53221, 77248, 112914, 1.70307e+06, 32
0.0416452, 0.0311086, 0.0105342, 0.00161759, 52687, 71659, 115620, 1.68598e+06, 32
0.0331767, 0.0246009, 0.00857405, 0.000898846, 39160, 65303, 57933, 1.25312e+06, 32
0.0315459, 0.0237944, 0.00774975, 0.000645298, 38833, 64399, 37761, 1.24266e+06, 32
0.031387, 0.023861, 0.00752407, 0.000438401, 38839, 64380, 22140, 1.24285e+06, 32
0.0301061, 0.0236066, 0.00649668, 8.8729e-05, 38854, 64179, 3075, 1.24333e+06, 32
0.0420957, 0.0309855, 0.0111076, 0.00214052, 50249, 74404, 164082, 1.60797e+06, 32
0.0347412, 0.0251009, 0.00963851, 0.00160947, 50457, 68329, 121401, 1.61462e+06, 32
0.0363923, 0.0258991, 0.0104914, 0.00175323, 61153, 68681, 135669, 1.9569e+06, 32
0.0358955, 0.0262173, 0.00967651, 0.00188343, 62945, 70654, 144894, 2.01424e+06, 32
0.0346149, 0.026215, 0.00839781, 0.00119743, 51463, 71264, 83271, 1.64682e+06, 32
0.0342717, 0.0258939, 0.0083759, 0.000977088, 51452, 73521, 66420, 1.64646e+06, 32
0.0350203, 0.0258519, 0.00916703, 0.00102591, 51743, 74789, 59778, 1.65578e+06, 32
0.0350757, 0.0263582, 0.00871579, 0.000763417, 49326, 77542, 50184, 1.57843e+06, 32
0.0320155, 0.0235786, 0.00843495, 0.00053432, 41036, 72141, 28413, 1.31315e+06, 32
0.0317525, 0.0240555, 0.00769549, 0.000376617, 40523, 71060, 19926, 1.29674e+06, 32
0.033214, 0.0253534, 0.00785876, 0.000466366, 43077, 75115, 23493, 1.37846e+06, 32
0.0318216, 0.0243985, 0.00742124, 0.000431179, 45743, 74704, 23001, 1.46378e+06, 32
0.0349678, 0.0255348, 0.00943137, 0.000328929, 47108, 73216, 16728, 1.50746e+06, 32
0.0338398, 0.0257926, 0.00804613, 0.000487629, 52772, 74047, 30012, 1.6887e+06, 32
0.0382254, 0.0279254, 0.0102979, 0.00109419, 67006, 82946, 68019, 2.14419e+06, 32
0.0430091, 0.0314247, 0.0115823, 0.00237105, 68120, 88426, 149568, 2.17984e+06, 32
0.0399786, 0.0294924, 0.0104844, 0.00143868, 66633, 85965, 85608, 2.13226e+06, 32
0.0422265, 0.0309859, 0.0112388, 0.00140827, 48175, 92667, 95694, 1.5416e+06, 32
0.041537, 0.0300238, 0.0115118, 0.00144187, 43439, 94089, 87207, 1.39005e+06, 32
0.0396162, 0.0284457, 0.0111691, 0.00102823, 36150, 93592, 64452, 1.1568e+06, 32
0.042836, 0.0304433, 0.0123904, 0.00131956, 33138, 98087, 77736, 1.06042e+06, 32
0.0423235, 0.0308721, 0.0114499, 0.00114519, 31175, 97554, 67281, 997600, 32
0.0438926, 0.0317564, 0.0121349, 0.000920479, 27564, 98756, 51414, 882048, 32
0.0436751, 0.0345985, 0.00907502, 0.000813479, 36372, 102561, 70479, 1.1639e+06, 32
