Total, Raycast, Update_cache, Inflation, PointCloudNumber, CacheNumber, InflationNumber, PointCloudPayloadBytes, PointCloudPointStep
0.0530273, 0.0243509, 0.0286748, 0.0156733, 7296, 94893, 688800, 233472, 32
0.0337432, 0.0201593, 0.013583, 0.00226448, 7368, 97112, 149568, 235776, 32
0.0376633, 0.0186964, 0.0189658, 0.00481709, 7367, 95911, 487326, 235744, 32
0.0309584, 0.0176107, 0.0133462, 0.00080639, 7367, 97130, 55104, 235744, 32
0.0301282, 0.0184506, 0.0116766, 0.000354709, 7362, 97020, 17097, 235584, 32
0.030588, 0.0173735, 0.0132128, 0.00134372, 7295, 93732, 85731, 233440, 32
0.0269144, 0.0169547, 0.00995801, 0, 7295, 93524, 0, 233440, 32
0.029965, 0.0178304, 0.0121295, 0.00109192, 7382, 96366, 70479, 236224, 32
0.0264334, 0.0171456, 0.00928595, 0, 7300, 94599, 0, 233600, 32
0.0292879, 0.0180302, 0.0112562, 0, 7288, 94463, 0, 233216, 32
0.0286385, 0.0188523, 0.00978452, 0, 7295, 93637, 0, 233440, 32
0.0300714, 0.0198762, 0.0101935, 0, 7288, 94463, 0, 233216, 32
0.0308951, 0.0214114, 0.00948207, 0, 7367, 97130, 0, 235744, 32
0.0331793, 0.0228839, 0.0102939, 0, 7361, 96737, 0, 235552, 32
0.0315888, 0.0217381, 0.00984901, 0, 7382, 96733, 0, 236224, 32
0.0349256, 0.0244586, 0.0104647, 0, 7256, 94809, 0, 232192, 32
0.0514291, 0.0335482, 0.0178794, 0.00400191, 11988, 111400, 241326, 383616, 32
0.0501326, 0.032277, 0.0178536, 0.00303712, 11243, 111972, 179703, 359776, 32
0.0476819, 0.0297528, 0.0179276, 0.00275621, 9497, 109279, 151536, 303904, 32
0.0456631, 0.0288419, 0.0168195, 0.002489, 8688, 102162, 123246, 278016, 32
0.0464546, 0.0295353, 0.0169171, 0.00261163, 9237, 98938, 130257, 295584, 32
0.0446167, 0.0284117, 0.016203, 0.00246462, 10055, 93921, 124476, 321760, 32
0.0476769, 0.0308416, 0.0168322, 0.00232421, 11336, 91791, 114513, 362752, 32
0.049928, 0.031047, 0.0188794, 0.00311677, 13268, 93174, 148215, 424576, 32
0.0621293, 0.0367974, 0.0253298, 0.00560678, 17953, 96312, 184008, 574496, 32
0.0540012, 0.0360834, 0.0179159, 0.00332384, 27265, 92571, 195693, 872480, 32
0.0527694, 0.0360759, 0.0166918, 0.00299258, 34342, 87589, 178596, 1.09894e+06, 32
0.051833, 0.0355447, 0.0162863, 0.00200574, 35009, 87064, 110700, 1.12029e+06, 32
0.0466168, 0.0344322, 0.0121816, 0.00102903, 22138, 76614, 48216, 708416, 32
0.0419212, 0.029957, 0.0119623, 0.0007611, 22096, 75826, 33210, 707072, 32
0.0399655, 0.029722, 0.0102416, 0.000225001, 22090, 75772, 5904, 706880, 32
0.0398301, 0.0297755, 0.0100525, 1.1953e-05, 22125, 75489, 246, 708000, 32
0.0408322, 0.0296012, 0.0112292, 0.000353144, 22092, 75665, 12054, 706944, 32
0.0393133, 0.0295509, 0.00976058, 1.9953e-05, 22140, 75690, 492, 708480, 32
0.0449628, 0.0308825, 0.0140784, 1.4271e-05, 22090, 75776, 246, 706880, 32
0.0410464, 0.0304571, 0.0105862, 0.000171701, 22063, 75589, 5289, 706016, 32
0.0481734, 0.0361124, 0.0120591, 0.000227696, 22119, 75481, 6642, 707808, 32
0.0439929, 0.0333913, 0.0105997, 1.099e-05, 22097, 75015, 246, 707104, 32
0.0407309, 0.0310328, 0.00969542, 5.318e-06, 22125, 76499, 123, 708000, 32
0.0397279, 0.0302194, 0.00950678, 5.661e-06, 22119, 75481, 123, 707808, 32
0.0382227, 0.0295342, 0.00868668, 4.974e-06, 22082, 75529, 123, 706624, 32
0.039496, 0.0293618, 0.0101323, 6.183e-06, 22134, 77124, 123, 708288, 32
0.0387021, 0.029386, 0.00931405, 0, 22077, 75576, 0, 706464, 32
0.0377467, 0.0280906, 0.00965357, 5.675e-06, 22147, 76942, 123, 708704, 32
0.0370372, 0.0281267, 0.00890794, 4.617e-06, 22063, 75646, 123, 706016, 32
0.0359377, 0.027361, 0.00857456, 5.009e-06, 22105, 75803, 123, 707360, 32
0.0349685, 0.0267072, 0.00825943, 0, 22147, 76942, 0, 708704, 32
0.0411842, 0.0319557, 0.00922683, 4.639e-06, 22134, 77124, 123, 708288, 32
0.0367215, 0.0281897, 0.00853031, 0, 22100, 76323, 0, 707200, 32
0.0382537, 0.0290626, 0.00918884, 5.213e-06, 22110, 75643, 123, 707520, 32
0.0423856, 0.0301363, 0.0122475, 0.00153532, 29457, 82286, 97908, 942624, 32
0.0379385, 0.0280397, 0.00989588, 0.000969844, 29082, 72443, 58917, 930624, 32
0.0404176, 0.0268441, 0.0135711, 0.00185065, 28159, 67397, 75153, 901088, 32
0.0354458, 0.0251192, 0.0103247, 0.00209973, 37181, 59738, 149568, 1.18979e+06, 32
0.0414326, 0.0316455, 0.00978506, 0.00227748, 49605, 58702, 162237, 1.58736e+06, 32
0.0324767, 0.023871, 0.00860303, 0.00206008, 61307, 54034, 152274, 1.96182e+06, 32
0.0311585, 0.0219269, 0.00922962, 0.00263773, 64256, 52306, 176136, 2.05619e+06, 32
0.0290164, 0.0201659, 0.00884847, 0.0021928, 47358, 46711, 143418, 1.51546e+06, 32
0.0285125, 0.0196406, 0.00886983, 0.00278765, 46981, 43022, 193356, 1.50339e+06, 32
0.0271104, 0.0196163, 0.00749226, 0.00181422, 46197, 41098, 129150, 1.4783e+06, 32
0.0226942, 0.0169206, 0.00577212, 0.000900303, 41611, 38336, 64698, 1.33155e+06, 32
0.0225574, 0.0176332, 0.00492217, 0.000450278, 41678, 38390, 29520, 1.3337e+06, 32
0.0213487, 0.0172008, 0.00414614, 0.000116966, 41673, 38475, 4305, 1.33354e+06, 32
0.022488, 0.0180137, 0.0044723, 0.000270212, 41671, 38745, 16359, 1.33347e+06, 32
0.0223626, 0.0185068, 0.00385444, 5.4445e-05, 41628, 38347, 1722, 1.3321e+06, 32
0.019881, 0.0160777, 0.00380173, 8.6993e-05, 41573, 38414, 3321, 1.33034e+06, 32
0.0202838, 0.0164321, 0.00385038, 7.6951e-05, 41416, 38373, 2583, 1.32531e+06, 32
0.0210116, 0.0173045, 0.00370463, 6.9445e-05, 41150, 38550, 2091, 1.3168e+06, 32
0.0194383, 0.0158064, 0.00363034, 0.000110756, 40656, 38209, 4428, 1.30099e+06, 32
0.0194119, 0.0155975, 0.00381271, 0.000132433, 40139, 38069, 4920, 1.28445e+06, 32
0.0179479, 0.0142599, 0.00368633, 0.000123673, 39440, 37947, 4551, 1.26208e+06, 32
0.0194972, 0.016352, 0.00314299, 6.9544e-05, 38922, 37776, 2829, 1.2455e+06, 32
0.0185665, 0.0150995, 0.0034646, 9.9543e-05, 38637, 37391, 3936, 1.23638e+06, 32
0.0164925, 0.0133742, 0.00311702, 9.3568e-05, 38672, 37738, 3075, 1.2375e+06, 32
0.0173102, 0.013914, 0.00339503, 1.0477e-05, 38609, 37512, 246, 1.23549e+06, 32
0.0258454, 0.0221929, 0.00365069, 8.2899e-05, 38658, 37806, 2829, 1.23706e+06, 32
0.0210965, 0.0176541, 0.00344035, 3.6833e-05, 38536, 37449, 1353, 1.23315e+06, 32
0.0177676, 0.014619, 0.00314726, 0, 38599, 37510, 0, 1.23517e+06, 32
0.0184529, 0.0149099, 0.00354183, 0, 38609, 37264, 0, 1.23549e+06, 32
0.0189407, 0.0154288, 0.0035097, 4.691e-06, 38631, 37859, 123, 1.23619e+06, 32
0.0182865, 0.0149319, 0.00335303, 0, 38662, 37759, 0, 1.23718e+06, 32
0.0188638, 0.0150282, 0.00383364, 8.6778e-05, 38642, 37576, 3444, 1.23654e+06, 32
0.0194265, 0.0159715, 0.00345327, 0.000205255, 39207, 37721, 11685, 1.25462e+06, 32
0.0202657, 0.0164742, 0.00378999, 0.000297853, 39373, 37205, 17958, 1.25994e+06, 32
0.0194899, 0.0157985, 0.00368943, 0.000333424, 39295, 36886, 22632, 1.25744e+06, 32
0.0188328, 0.0151126, 0.00371868, 0.000505082, 38835, 37866, 34440, 1.24272e+06, 32
0.0214994, 0.016492, 0.00500571, 0.000699915, 38191, 38325, 48216, 1.22211e+06, 32
0.0196281, 0.0153202, 0.00430658, 0.000542866, 38207, 39191, 40467, 1.22262e+06, 32
0.0210818, 0.0168439, 0.00423624, 0.000470426, 38369, 39835, 31488, 1.22781e+06, 32
0.0256502, 0.0214445, 0.0042037, 0.00041659, 38439, 40320, 24846, 1.23005e+06, 32
0.0208251, 0.0170999, 0.00372324, 0.000311181, 38039, 39946, 20049, 1.21725e+06, 32
0.0178812, 0.0144692, 0.00341069, 0.000250294, 37878, 39339, 17589, 1.2121e+06, 32
0.0175235, 0.0141966, 0.00332539, 0.000121852, 37796, 39396, 5289, 1.20947e+06, 32
0.0197461, 0.0157408, 0.00400294, 1.6518e-05, 37809, 39421, 369, 1.20989e+06, 32
0.0194894, 0.0160013, 0.00348617, 0.000106426, 37953, 39732, 5043, 1.2145e+06, 32
0.0274825, 0.0242912, 0.00318849, 2.8745e-05, 37901, 39434, 984, 1.21283e+06, 32
0.0184585, 0.0153068, 0.00314967, 9.864e-06, 37951, 39715, 246, 1.21443e+06, 32
0.0200257, 0.0166886, 0.00333533, 5.27e-06, 37938, 39457, 123, 1.21402e+06, 32
0.0205478, 0.0171038, 0.00344239, 3.7051e-05, 37893, 39765, 984, 1.21258e+06, 32
0.0197339, 0.0165235, 0.00320896, 0, 37864, 39525, 0, 1.21165e+06, 32
0.0193753, 0.0162571, 0.00311713, 0, 37831, 39414, 0, 1.21059e+06, 32
0.0202918, 0.0171054, 0.00318488, 0, 37804, 39412, 0, 1.20973e+06, 32
0.020207, 0.0168663, 0.00333885, 6.422e-06, 37875, 39372, 123, 1.212e+06, 32
0.0203796, 0.0172082, 0.00316967, 0, 37958, 39770, 0, 1.21466e+06, 32
0.0200665, 0.0168115, 0.00325328, 4.883e-06, 37881, 39378, 123, 1.21219e+06, 32
0.0198056, 0.0165754, 0.00322904, 0, 37899, 39435, 0, 1.21277e+06, 32
0.0198526, 0.0166857, 0.00316502, 0, 37833, 39431, 0, 1.21066e+06, 32
0.0207406, 0.0172272, 0.00351209, 0, 37890, 39714, 0, 1.21248e+06, 32
0.0201924, 0.0168485, 0.00334237, 4.461e-06, 37844, 39581, 123, 1.21101e+06, 32
0.0202908, 0.016898, 0.00339104, 0, 37859, 39650, 0, 1.21149e+06, 32
0.0206068, 0.0172377, 0.00336734, 8.818e-06, 37891, 39422, 123, 1.21251e+06, 32
0.0200384, 0.0168979, 0.00313914, 0, 37910, 39425, 0, 1.21312e+06, 32
0.020375, 0.0169954, 0.00337792, 0, 37869, 39346, 0, 1.21181e+06, 32
0.020591, 0.0171369, 0.00345267, 0, 37833, 39439, 0, 1.21066e+06, 32
0.0217791, 0.0179897, 0.00378745, 0, 37911, 39747, 0, 1.21315e+06, 32
0.0213963, 0.0181099, 0.00328514, 0, 37911, 39747, 0, 1.21315e+06, 32
0.0213107, 0.0179374, 0.00337168, 0, 37844, 39584, 0, 1.21101e+06, 32
0.0206742, 0.0174106, 0.00326257, 0, 37861, 39447, 0, 1.21155e+06, 32
0.021093, 0.017776, 0.00331541, 0, 37940, 39581, 0, 1.21408e+06, 32
0.0216799, 0.0183301, 0.00334844, 0, 37961, 39704, 0, 1.21475e+06, 32
0.0220153, 0.0182709, 0.00374288, 0.000237744, 38209, 40001, 13161, 1.22269e+06, 32
0.0224849, 0.0187994, 0.00368332, 0.000236909, 39067, 40171, 13530, 1.25014e+06, 32
0.0223892, 0.0185058, 0.00388148, 0.000231585, 39244, 40295, 11439, 1.25581e+06, 32
0.0210084, 0.0173623, 0.00364435, 0.000227387, 38721, 40507, 12546, 1.23907e+06, 32
0.0215204, 0.0175282, 0.00399015, 0.000285584, 37757, 40538, 20418, 1.20822e+06, 32
0.0207753, 0.016636, 0.00413817, 0.000377367, 37121, 40358, 27675, 1.18787e+06, 32
0.0204586, 0.0165213, 0.00393578, 0.000329743, 37278, 41187, 22017, 1.1929e+06, 32
0.0216241, 0.0175449, 0.00407788, 0.000303309, 37515, 41506, 19311, 1.20048e+06, 32
0.0197998, 0.0160083, 0.00378967, 0.000253553, 37475, 41691, 13284, 1.1992e+06, 32
0.0195698, 0.015873, 0.00369526, 0.000203204, 36945, 41296, 9594, 1.18224e+06, 32
0.018869, 0.0154158, 0.003452, 0.000151604, 36693, 40601, 8487, 1.17418e+06, 32
0.0196691, 0.0163391, 0.00332859, 8.7177e-05, 36720, 41000, 3567, 1.17504e+06, 32
0.0197386, 0.0162956, 0.00344146, 0.000110916, 36749, 40859, 4059, 1.17597e+06, 32
0.0207644, 0.0174923, 0.00327064, 5.6469e-05, 36672, 40475, 2091, 1.1735e+06, 32
0.0200821, 0.016696, 0.00338441, 8.78e-06, 36692, 40610, 246, 1.17414e+06, 32
0.0210606, 0.0178546, 0.00320491, 8.296e-06, 36731, 40766, 246, 1.17539e+06, 32
0.0271027, 0.0217336, 0.00536743, 0.00100239, 53618, 44565, 85116, 1.71578e+06, 32
0.0268324, 0.0211088, 0.00572235, 0.00086592, 53320, 46479, 68880, 1.70624e+06, 32
0.0277752, 0.0214674, 0.00630576, 0.00115969, 58028, 47304, 99138, 1.8569e+06, 32
0.0341673, 0.027753, 0.00641267, 0.00148879, 56292, 48374, 139851, 1.80134e+06, 32
0.0287975, 0.0222027, 0.0065929, 0.00135926, 41383, 46860, 130380, 1.32426e+06, 32
0.0284597, 0.0221408, 0.00631717, 0.0012425, 37630, 46635, 111807, 1.20416e+06, 32
0.0287735, 0.0221662, 0.00660571, 0.00126525, 47854, 47256, 106518, 1.53133e+06, 32
0.0289246, 0.0218823, 0.00704096, 0.00158031, 48094, 47551, 126198, 1.53901e+06, 32
0.0295375, 0.0215662, 0.00796937, 0.00197786, 47444, 48997, 168387, 1.51821e+06, 32
0.0413789, 0.0307323, 0.0106446, 0.00261152, 58420, 53819, 196800, 1.86944e+06, 32
0.0380741, 0.0254505, 0.0126219, 0.00386205, 59284, 55034, 220539, 1.89709e+06, 32
0.0363783, 0.0263629, 0.0100134, 0.00339229, 64274, 58167, 256947, 2.05677e+06, 32
0.031603, 0.0228806, 0.00872008, 0.00208617, 60884, 54936, 153873, 1.94829e+06, 32
0.0393304, 0.0308701, 0.00845843, 0.00170863, 54639, 55207, 128535, 1.74845e+06, 32
0.027736, 0.0206881, 0.00704602, 0.000961672, 44643, 51217, 66297, 1.42858e+06, 32
0.0297553, 0.0227838, 0.00696955, 0.000485487, 44667, 51654, 25215, 1.42934e+06, 32
0.0298008, 0.0233097, 0.00648879, 0.000289297, 44625, 51768, 11931, 1.428e+06, 32
0.0288055, 0.0234137, 0.00539006, 2.5355e-05, 44667, 51654, 615, 1.42934e+06, 32
0.0265543, 0.0214639, 0.00508864, 5.103e-06, 44659, 51852, 123, 1.42909e+06, 32
0.0257604, 0.0208889, 0.00486951, 6.428e-06, 44673, 51646, 123, 1.42954e+06, 32
0.0261081, 0.0203589, 0.00574791, 0.000267525, 44653, 51450, 11685, 1.4289e+06, 32
0.025653, 0.0213108, 0.00434046, 9.937e-06, 44668, 51780, 246, 1.42938e+06, 32
0.0244446, 0.0202528, 0.00419025, 1.3036e-05, 44627, 51283, 369, 1.42806e+06, 32
0.0245203, 0.0199333, 0.00458499, 5.66e-06, 44633, 51259, 123, 1.42826e+06, 32
0.0248013, 0.0205088, 0.00429085, 9.726e-06, 44646, 51804, 246, 1.42867e+06, 32
0.023159, 0.0191249, 0.00403277, 8.762e-06, 44655, 51580, 246, 1.42896e+06, 32
0.0242721, 0.019997, 0.00427314, 3.7409e-05, 44620, 51466, 1107, 1.42784e+06, 32
0.0242566, 0.0200323, 0.00422273, 1.5303e-05, 44661, 51399, 492, 1.42915e+06, 32
0.0257235, 0.0210711, 0.00465071, 1.4551e-05, 44661, 51721, 369, 1.42915e+06, 32
0.0247564, 0.0202154, 0.00453962, 0, 44671, 51771, 0, 1.42947e+06, 32
0.0225194, 0.0185595, 0.00395853, 0, 44675, 51693, 0, 1.4296e+06, 32
0.0224741, 0.0186585, 0.00381379, 7.146e-06, 44642, 51364, 246, 1.42854e+06, 32
0.0222948, 0.0181286, 0.00416401, 5.116e-06, 44638, 51413, 123, 1.42842e+06, 32
0.0233826, 0.0188225, 0.00455772, 0, 44616, 51425, 0, 1.42771e+06, 32
0.0214152, 0.0176453, 0.00376846, 4.318e-06, 44638, 51417, 123, 1.42842e+06, 32
0.0217594, 0.0178392, 0.00391874, 0, 44645, 51449, 0, 1.42864e+06, 32
0.0210466, 0.0172705, 0.00377453, 4.307e-06, 44632, 51578, 123, 1.42822e+06, 32
0.0210871, 0.0171729, 0.00391275, 0, 44614, 51415, 0, 1.42765e+06, 32
0.021904, 0.0179004, 0.00400169, 0, 44668, 51818, 0, 1.42938e+06, 32
0.0212009, 0.017427, 0.00377231, 0, 44658, 51418, 0, 1.42906e+06, 32
0.0212939, 0.0174452, 0.0038473, 7.904e-06, 44603, 51365, 246, 1.4273e+06, 32
0.0216297, 0.017737, 0.00389112, 3.889e-06, 44713, 51681, 123, 1.43082e+06, 32
0.0209354, 0.0169464, 0.00398727, 4.467e-06, 44652, 51464, 123, 1.42886e+06, 32
0.0228968, 0.018436, 0.00445918, 1.0613e-05, 44668, 51818, 246, 1.42938e+06, 32
0.0213712, 0.0173952, 0.00397465, 8.66e-06, 44640, 51307, 246, 1.42848e+06, 32
0.0215621, 0.0178567, 0.00370387, 3.846e-06, 44655, 51382, 123, 1.42896e+06, 32
0.0212882, 0.0174629, 0.00382397, 7.777e-06, 44618, 51414, 246, 1.42778e+06, 32
0.0213062, 0.0174944, 0.00381035, 5.376e-06, 44626, 50819, 123, 1.42803e+06, 32
0.0214003, 0.0175457, 0.00385288, 0, 44604, 51368, 0, 1.42733e+06, 32
0.0218742, 0.0179052, 0.00396745, 3.971e-06, 44661, 51241, 123, 1.42915e+06, 32
0.0209386, 0.0171106, 0.00382605, 3.718e-06, 44653, 51717, 123, 1.4289e+06, 32
0.022327, 0.0180561, 0.00426977, 5.839e-06, 44629, 51795, 123, 1.42813e+06, 32
0.0209388, 0.0170703, 0.00386741, 4.543e-06, 44671, 51771, 123, 1.42947e+06, 32
0.0209636, 0.0171172, 0.00384515, 0, 44667, 51683, 0, 1.42934e+06, 32
0.0210672, 0.0172611, 0.00380431, 4.233e-06, 44627, 51287, 123, 1.42806e+06, 32
0.0208528, 0.0171317, 0.00371984, 4.25e-06, 44638, 51413, 123, 1.42842e+06, 32
0.0210349, 0.0171899, 0.00384377, 4.585e-06, 44671, 51463, 123, 1.42947e+06, 32
0.021077, 0.0172517, 0.00382367, 0, 44662, 51396, 0, 1.42918e+06, 32
0.0242657, 0.0201922, 0.00407148, 8.479e-06, 44667, 51654, 246, 1.42934e+06, 32
0.0237833, 0.0197634, 0.00401764, 4.261e-06, 44670, 51643, 123, 1.42944e+06, 32
0.0253809, 0.0207386, 0.00464099, 0, 44655, 51580, 0, 1.42896e+06, 32
0.0251078, 0.0207138, 0.00439251, 5.117e-06, 44657, 51472, 123, 1.42902e+06, 32
0.0213554, 0.0174683, 0.00388577, 3.958e-06, 44649, 51417, 123, 1.42877e+06, 32
0.022468, 0.0184891, 0.00397738, 4.66e-06, 44648, 51357, 123, 1.42874e+06, 32
0.0233264, 0.0185923, 0.00473191, 0, 44670, 51643, 0, 1.42944e+06, 32
0.0241152, 0.0200064, 0.00410661, 0, 44674, 51291, 0, 1.42957e+06, 32
0.0216364, 0.0178449, 0.00378958, 0, 44668, 51681, 0, 1.42938e+06, 32
0.0239359, 0.0199791, 0.00395506, 0, 44620, 51563, 0, 1.42784e+06, 32
0.0237501, 0.0195658, 0.00418236, 0, 44670, 51643, 0, 1.42944e+06, 32
0.0232926, 0.019261, 0.00403003, 0, 44674, 51291, 0, 1.42957e+06, 32
0.0240006, 0.0201475, 0.00385163, 0, 44658, 51231, 0, 1.42906e+06, 32
0.0235813, 0.0195537, 0.00402538, 0, 44648, 51357, 0, 1.42874e+06, 32
0.0223023, 0.0180034, 0.0042975, 0, 44638, 50841, 0, 1.42842e+06, 32
0.0235029, 0.0188093, 0.00469204, 0, 44623, 51262, 0, 1.42794e+06, 32
0.0249259, 0.0205938, 0.0043298, 0, 44661, 51646, 0, 1.42915e+06, 32
0.0234792, 0.0195385, 0.00393843, 4.622e-06, 44670, 51172, 123, 1.42944e+06, 32
0.0234313, 0.0195041, 0.00392541, 0, 44627, 50805, 0, 1.42806e+06, 32
0.0209068, 0.0170969, 0.0038084, 0, 44659, 51852, 0, 1.42909e+06, 32
0.0215782, 0.0175329, 0.00404385, 0, 44673, 51283, 0, 1.42954e+06, 32
0.022031, 0.0180413, 0.00398856, 0, 44661, 51780, 0, 1.42915e+06, 32
0.0213732, 0.0175787, 0.00379212, 0, 44643, 51364, 0, 1.42858e+06, 32
0.0215366, 0.0178104, 0.003724, 0, 44604, 51368, 0, 1.42733e+06, 32
0.0215281, 0.0177404, 0.00378482, 0, 44668, 51819, 0, 1.42938e+06, 32
0.0220466, 0.0180555, 0.00398921, 4.755e-06, 44637, 51415, 123, 1.42838e+06, 32
0.021901, 0.0181106, 0.00378922, 0, 44659, 51311, 0, 1.42909e+06, 32
0.0222608, 0.0180139, 0.0042451, 4.561e-06, 44638, 51417, 123, 1.42842e+06, 32
0.0224148, 0.0186444, 0.00376848, 0, 44654, 51467, 0, 1.42893e+06, 32
0.0205161, 0.0167642, 0.00374976, 0, 44620, 50754, 0, 1.42784e+06, 32
0.0206804, 0.0169113, 0.00376719, 0, 44623, 51430, 0, 1.42794e+06, 32
0.0213159, 0.0173811, 0.00393342, 0, 44665, 51777, 0, 1.42928e+06, 32
0.0206889, 0.0170346, 0.0036526, 4.101e-06, 44662, 51852, 123, 1.42918e+06, 32
0.0204606, 0.0167781, 0.00368103, 4.336e-06, 44668, 51819, 123, 1.42938e+06, 32
0.0203702, 0.0166687, 0.00369862, 4.481e-06, 44713, 51681, 123, 1.43082e+06, 32
0.0200977, 0.0163425, 0.00375347, 4.624e-06, 44603, 51383, 123, 1.4273e+06, 32
0.0218055, 0.017597, 0.00420616, 0, 44625, 51770, 0, 1.428e+06, 32
0.0230133, 0.018181, 0.00483013, 4.775e-06, 44615, 51464, 123, 1.42768e+06, 32
0.0233307, 0.019647, 0.00368128, 0, 44621, 51465, 0, 1.42787e+06, 32
0.0302848, 0.0256848, 0.00459822, 4.786e-06, 44642, 50817, 123, 1.42854e+06, 32
0.0460937, 0.0390732, 0.0070178, 5.134e-06, 44671, 51655, 123, 1.42947e+06, 32
0.0300376, 0.0243344, 0.00570098, 0, 44657, 51355, 0, 1.42902e+06, 32
0.0291112, 0.0243446, 0.00476494, 4.531e-06, 44688, 50964, 123, 1.43002e+06, 32
0.0351667, 0.0297271, 0.0054369, 1.2433e-05, 44671, 51719, 246, 1.42947e+06, 32
0.0298508, 0.0245612, 0.00528782, 4.721e-06, 44671, 50865, 123, 1.42947e+06, 32
0.0297695, 0.0244745, 0.00529254, 5.096e-06, 44666, 51648, 123, 1.42931e+06, 32
0.0331075, 0.0274603, 0.00564569, 4.606e-06, 44638, 50844, 123, 1.42842e+06, 32
0.0304245, 0.0251587, 0.00526392, 0, 44659, 51311, 0, 1.42909e+06, 32
0.0296297, 0.0243059, 0.00532145, 1.0407e-05, 44620, 51563, 246, 1.42784e+06, 32
0.0295168, 0.0245651, 0.00494924, 0, 44627, 51424, 0, 1.42806e+06, 32
0.028632, 0.023656, 0.00497353, 5.668e-06, 44637, 51435, 123, 1.42838e+06, 32
0.0280081, 0.0233274, 0.00467915, 5.097e-06, 44655, 51580, 123, 1.42896e+06, 32
0.027168, 0.0225297, 0.00463633, 0, 44652, 51582, 0, 1.42886e+06, 32
0.026675, 0.0218998, 0.00477273, 4.687e-06, 44631, 50823, 123, 1.42819e+06, 32
0.0248358, 0.0204623, 0.00437207, 8.884e-06, 44661, 51308, 246, 1.42915e+06, 32
0.0247893, 0.0204096, 0.0043783, 4.471e-06, 44661, 51321, 123, 1.42915e+06, 32
0.0247157, 0.0205171, 0.00419701, 0, 44659, 51320, 0, 1.42909e+06, 32
0.0251857, 0.0209299, 0.00425359, 0, 44633, 50820, 0, 1.42826e+06, 32
0.025259, 0.0202466, 0.00501032, 0, 44604, 51368, 0, 1.42733e+06, 32
0.0232186, 0.019161, 0.00405612, 0, 44635, 51749, 0, 1.42832e+06, 32
0.0243046, 0.0199263, 0.00437672, 4.224e-06, 44665, 51669, 123, 1.42928e+06, 32
0.02591, 0.0218657, 0.00404178, 4.303e-06, 44640, 51438, 123, 1.42848e+06, 32
0.0243755, 0.0202556, 0.00411733, 0, 44638, 51417, 0, 1.42842e+06, 32
0.0231974, 0.0193076, 0.00388817, 4.904e-06, 44661, 51397, 123, 1.42915e+06, 32
0.0235705, 0.0191239, 0.00444509, 0, 44645, 51445, 0, 1.42864e+06, 32
0.0224313, 0.0182807, 0.00414909, 0, 44627, 51287, 0, 1.42806e+06, 32
0.0232095, 0.0193977, 0.00380978, 0, 44604, 51368, 0, 1.42733e+06, 32
0.022193, 0.0183814, 0.00380987, 0, 44674, 51285, 0, 1.42957e+06, 32
0.0211447, 0.0174686, 0.00367455, 0, 44627, 51628, 0, 1.42806e+06, 32
0.0216609, 0.0178239, 0.00383532, 0, 44659, 51320, 0, 1.42909e+06, 32
0.0217057, 0.0175711, 0.0041248, 8.059e-06, 44657, 51472, 246, 1.42902e+06, 32
0.0239371, 0.0201464, 0.00378925, 9.096e-06, 44673, 51814, 123, 1.42954e+06, 32
0.0224707, 0.0185169, 0.00395217, 0, 44691, 51606, 0, 1.43011e+06, 32
0.021921, 0.018144, 0.00377553, 0, 44623, 51261, 0, 1.42794e+06, 32
0.0206205, 0.0165228, 0.00409612, 0, 44638, 51417, 0, 1.42842e+06, 32
0.0210635, 0.0171591, 0.00390258, 4.86e-06, 44615, 51464, 123, 1.42768e+06, 32
0.0216005, 0.0177117, 0.0038866, 0, 44622, 51425, 0, 1.4279e+06, 32
0.0208479, 0.0169752, 0.00387157, 0, 44646, 51441, 0, 1.42867e+06, 32
0.0219904, 0.0179473, 0.00404053, 0, 44638, 50844, 0, 1.42842e+06, 32
0.0226444, 0.0183066, 0.00433658, 0, 44671, 51771, 0, 1.42947e+06, 32
0.0222423, 0.0181844, 0.00405575, 0, 44646, 51441, 0, 1.42867e+06, 32
0.0210333, 0.0172102, 0.00382129, 0, 44645, 51445, 0, 1.42864e+06, 32
0.02019, 0.0163534, 0.00383523, 0, 44642, 51364, 0, 1.42854e+06, 32
0.021032, 0.0172716, 0.00375853, 0, 44646, 51312, 0, 1.42867e+06, 32
0.0198163, 0.0162363, 0.0035786, 0, 44645, 51445, 0, 1.42864e+06, 32
0.0211442, 0.0169919, 0.00415025, 0, 44674, 51291, 0, 1.42957e+06, 32
0.0216921, 0.0176179, 0.0040726, 0, 44662, 51290, 0, 1.42918e+06, 32
0.0211032, 0.0168898, 0.00421167, 0, 44650, 51733, 0, 1.4288e+06, 32
0.0202319, 0.0164816, 0.0037485, 4.025e-06, 44627, 50806, 123, 1.42806e+06, 32
0.0210319, 0.016984, 0.00404631, 4.725e-06, 44630, 51421, 123, 1.42816e+06, 32
0.0205689, 0.0165766, 0.0039905, 0, 44658, 51324, 0, 1.42906e+06, 32
0.0211667, 0.0171653, 0.00399995, 0, 44608, 51248, 0, 1.42746e+06, 32
0.0209293, 0.0170446, 0.00388266, 8.408e-06, 44661, 51308, 246, 1.42915e+06, 32
0.020208, 0.0162853, 0.00392104, 4.667e-06, 44612, 51770, 123, 1.42758e+06, 32
0.0201181, 0.0162668, 0.00384925, 0, 44612, 51764, 0, 1.42758e+06, 32
0.0206263, 0.0161181, 0.00450608, 0.000299894, 45424, 51566, 18942, 1.45357e+06, 32
0.021526, 0.0166371, 0.00488703, 0.0002784, 47322, 52090, 15744, 1.5143e+06, 32
0.0232494, 0.018704, 0.00454376, 0.00027768, 47402, 52395, 15990, 1.51686e+06, 32
0.0212528, 0.0168046, 0.00444645, 0.000288146, 45707, 51775, 17466, 1.46262e+06, 32
0.0221915, 0.0178678, 0.0043222, 0.000318595, 43656, 50768, 24231, 1.39699e+06, 32
0.0207017, 0.0161599, 0.00454009, 0.000407564, 42103, 49872, 30381, 1.3473e+06, 32
0.0207733, 0.0160783, 0.00469374, 0.00037616, 41421, 49321, 25092, 1.32547e+06, 32
0.020553, 0.0160497, 0.00450187, 0.000367986, 41265, 49796, 26568, 1.32048e+06, 32
0.0230752, 0.0184957, 0.00457842, 0.000336996, 41009, 49746, 21033, 1.31229e+06, 32
0.0191773, 0.0152575, 0.0039181, 0.000254106, 40598, 49253, 17835, 1.29914e+06, 32
0.0195948, 0.01529, 0.00430279, 0.000198915, 40743, 48984, 12054, 1.30378e+06, 32
0.0195443, 0.0156773, 0.00386517, 0.000115424, 40683, 48661, 5289, 1.30186e+06, 32
0.0200397, 0.0163296, 0.00370911, 0.000112838, 40703, 49087, 4182, 1.3025e+06, 32
0.0206328, 0.0169774, 0.00365412, 0, 40717, 49046, 0, 1.30294e+06, 32
0.0244795, 0.0192537, 0.005224, 0.00090996, 58097, 51134, 76014, 1.8591e+06, 32
0.0244976, 0.0197436, 0.00475281, 0.000833008, 49572, 50752, 88437, 1.5863e+06, 32
0.026412, 0.0201097, 0.00630071, 0.00121344, 45918, 49509, 126936, 1.46938e+06, 32
0.0299746, 0.0221391, 0.00783278, 0.00128181, 36523, 47346, 115374, 1.16874e+06, 32
0.0282288, 0.0216638, 0.0065633, 0.00119634, 37853, 46285, 108855, 1.2113e+06, 32
0.0293401, 0.0221468, 0.00719129, 0.00160529, 53760, 47471, 138498, 1.72032e+06, 32
0.0272455, 0.0209885, 0.00625553, 0.00126627, 61884, 44843, 118080, 1.98029e+06, 32
0.0327847, 0.023593, 0.00918936, 0.00283681, 65290, 51055, 210084, 2.08928e+06, 32
0.0285314, 0.0214377, 0.00709217, 0.00200646, 60795, 47592, 154734, 1.94544e+06, 32
0.0258916, 0.0200373, 0.00585236, 0.00133509, 66548, 43866, 109347, 2.12954e+06, 32
0.0264764, 0.0203111, 0.00616358, 0.00138867, 58932, 45742, 109470, 1.88582e+06, 32
0.0276853, 0.0198877, 0.00779571, 0.0019099, 54776, 48100, 130503, 1.75283e+06, 32
0.0295745, 0.0203215, 0.00925155, 0.00239241, 49548, 49846, 184254, 1.58554e+06, 32
0.0278687, 0.0191391, 0.00872776, 0.00214045, 43151, 49486, 152520, 1.38083e+06, 32
0.0274492, 0.0198019, 0.00764484, 0.00144198, 49189, 49929, 109716, 1.57405e+06, 32
0.0271892, 0.0204697, 0.00671756, 0.000939509, 47732, 49161, 66912, 1.52742e+06, 32
0.0244577, 0.0180757, 0.00638077, 0.000670479, 42187, 47426, 42804, 1.34998e+06, 32
0.0234791, 0.0181182, 0.00535919, 0.000378906, 42157, 46864, 20787, 1.34902e+06, 32
0.0225944, 0.0179268, 0.00466623, 0.000152872, 42172, 47166, 5781, 1.3495e+06, 32
0.0229453, 0.0183095, 0.00463441, 6.9757e-05, 42184, 47442, 2460, 1.34989e+06, 32
0.0229504, 0.0186872, 0.00426147, 9.205e-06, 42212, 47399, 246, 1.35078e+06, 32
0.0244761, 0.0200893, 0.00438468, 0, 42151, 47288, 0, 1.34883e+06, 32
0.0262559, 0.021602, 0.00465191, 0, 42200, 47403, 0, 1.3504e+06, 32
0.0259972, 0.0211313, 0.00486394, 0.000107526, 42208, 47291, 3444, 1.35066e+06, 32
0.0246198, 0.0204675, 0.00415052, 0, 42207, 47415, 0, 1.35062e+06, 32
0.023644, 0.0192073, 0.00443492, 0.000128945, 42194, 47100, 5166, 1.35021e+06, 32
0.0230177, 0.0183314, 0.0046847, 1.6637e-05, 42140, 47227, 369, 1.34848e+06, 32
0.0273156, 0.0208215, 0.00649213, 0.000735505, 47219, 48784, 47109, 1.51101e+06, 32
0.0285858, 0.0219327, 0.00665124, 0.00112915, 46935, 51529, 73185, 1.50192e+06, 32
0.0284189, 0.0213007, 0.00711627, 0.00135366, 44588, 52456, 105411, 1.42682e+06, 32
0.0287289, 0.020244, 0.00848348, 0.00156017, 40115, 52242, 126690, 1.28368e+06, 32
0.0295425, 0.0204867, 0.00905358, 0.00171003, 35568, 53076, 131733, 1.13818e+06, 32
0.0324137, 0.0219023, 0.0105096, 0.00195297, 35824, 59485, 136776, 1.14637e+06, 32
0.034152, 0.0221033, 0.0120467, 0.00229942, 34532, 66753, 152397, 1.10502e+06, 32
0.0385811, 0.023955, 0.0146244, 0.00311265, 30448, 78911, 170478, 974336, 32
0.0440403, 0.0265369, 0.0175013, 0.00408255, 24738, 97631, 230133, 791616, 32
0.0582769, 0.0348645, 0.0234112, 0.00546993, 21874, 129661, 286836, 699968, 32
0.0642808, 0.0398008, 0.0244778, 0.00439138, 19853, 133610, 243048, 635296, 32
0.0602416, 0.0366505, 0.0235893, 0.00395027, 18547, 142698, 239850, 593504, 32
0.0626352, 0.0405178, 0.0221161, 0.00277377, 17736, 143505, 178719, 567552, 32
0.0552913, 0.0314323, 0.0238568, 0.00250112, 13564, 127781, 126198, 434048, 32
0.0486478, 0.0288368, 0.0198094, 0.0018655, 13506, 126224, 98892, 432192, 32
0.0505854, 0.0306591, 0.019924, 0.00126265, 13561, 126935, 58425, 433952, 32
0.0467782, 0.0293272, 0.0174491, 0.000360319, 13460, 124619, 13530, 430720, 32
0.0460157, 0.029218, 0.0167968, 0, 13460, 125982, 0, 430720, 32
0.0479182, 0.029744, 0.0181724, 0.000861877, 13533, 124820, 34440, 433056, 32
0.056433, 0.0350264, 0.0214046, 0.00228608, 17057, 148201, 127182, 545824, 32
0.0590951, 0.0365819, 0.0225116, 0.0023728, 15518, 152394, 141327, 496576, 32
0.0615527, 0.0368522, 0.0246988, 0.00287489, 13300, 159140, 153381, 425600, 32
0.0590194, 0.033604, 0.0254136, 0.00301433, 10029, 152445, 164697, 320928, 32
0.0641777, 0.0370104, 0.0271658, 0.00403384, 10826, 159231, 234561, 346432, 32
0.0646863, 0.0385769, 0.0261072, 0.00355942, 10632, 158917, 230502, 340224, 32
0.0627114, 0.0351861, 0.0275236, 0.00314044, 8905, 151203, 180441, 284960, 32
0.0609189, 0.0354645, 0.0254529, 0.00314657, 9027, 151340, 192495, 288864, 32
0.0683411, 0.0436222, 0.0247171, 0.0028427, 9699, 150337, 182040, 310368, 32
0.0618393, 0.03753, 0.0243081, 0.00282471, 10255, 149661, 180318, 328160, 32
0.0585058, 0.0369939, 0.0215101, 0.00246515, 10580, 148161, 162114, 338560, 32
0.0601746, 0.0382292, 0.0219439, 0.00218348, 10155, 146327, 131241, 324960, 32
0.0536899, 0.0334443, 0.0202438, 0.00154113, 8861, 140290, 82533, 283552, 32
0.0481734, 0.0301949, 0.0179768, 0.00123599, 8243, 127263, 59655, 263776, 32
0.0482405, 0.0303187, 0.0179203, 0.00108496, 8354, 128837, 50307, 267328, 32
0.0564736, 0.0377816, 0.0186909, 0.00135503, 12130, 146349, 75030, 388160, 32
0.0598575, 0.0386947, 0.0211614, 0.00126012, 11732, 149803, 63837, 375424, 32
0.0559526, 0.0367383, 0.0192127, 0.00119867, 10925, 151188, 58671, 349600, 32
0.0534458, 0.035176, 0.0182678, 0.00113478, 10819, 149898, 59655, 346208, 32
0.0535906, 0.0351925, 0.0183963, 0.00101123, 11124, 146918, 55104, 355968, 32
0.0526546, 0.0350612, 0.0175917, 0.00105281, 11321, 141546, 55965, 362272, 32
0.051253, 0.0332131, 0.018038, 0.000987404, 10876, 129466, 46494, 348032, 32
0.048135, 0.0310658, 0.0170674, 0.00104086, 11680, 122532, 45633, 373760, 32
0.0507038, 0.0325754, 0.0181268, 0.00110485, 13034, 119279, 51783, 417088, 32
0.0518114, 0.0335916, 0.0182176, 0.00181327, 16110, 113573, 104673, 515520, 32
0.050001, 0.0342207, 0.0157783, 0.00208654, 24092, 108016, 139728, 770944, 32
0.0426855, 0.0296149, 0.013069, 0.0014326, 20139, 95419, 89667, 644448, 32
0.0477586, 0.0333864, 0.0143699, 0.00204891, 27591, 96033, 119310, 882912, 32
0.0391993, 0.0274557, 0.0117415, 0.00107441, 19409, 90953, 52644, 621088, 32
0.0348037, 0.024362, 0.0104399, 0.00119367, 21701, 73675, 73677, 694432, 32
0.0318881, 0.022838, 0.00904791, 0.000616403, 20497, 69673, 32472, 655904, 32
0.0309991, 0.0226721, 0.00832474, 0.000335851, 20466, 69298, 14391, 654912, 32
0.0320373, 0.0243453, 0.00769012, 4.3142e-05, 20478, 69011, 1107, 655296, 32
0.0303293, 0.0225856, 0.00774161, 0.000869809, 26842, 64229, 60147, 858944, 32
0.0280021, 0.0212019, 0.00679881, 0.000748253, 26833, 58585, 52152, 858656, 32
0.0374921, 0.0286647, 0.0088253, 0.00111621, 29181, 53332, 56088, 933792, 32
0.0253342, 0.0188925, 0.00644032, 0.00114062, 41140, 48095, 94587, 1.31648e+06, 32
0.0270968, 0.0194292, 0.0076658, 0.00217942, 62545, 45341, 187575, 2.00144e+06, 32
0.0287358, 0.0207325, 0.00800094, 0.00273296, 57896, 40517, 211929, 1.85267e+06, 32
0.0265173, 0.0177993, 0.00871597, 0.00315049, 54376, 42608, 228780, 1.74003e+06, 32
0.0266042, 0.0179989, 0.00860311, 0.00243722, 50054, 41960, 184500, 1.60173e+06, 32
0.023201, 0.0167414, 0.00645816, 0.00126605, 44979, 39366, 96432, 1.43933e+06, 32
0.0210078, 0.0157398, 0.00526666, 0.000720825, 41149, 37712, 52275, 1.31677e+06, 32
0.019092, 0.0152232, 0.003867, 0, 41149, 37718, 0, 1.31677e+06, 32
0.0202879, 0.0154046, 0.0048816, 0.000393604, 41179, 37613, 24108, 1.31773e+06, 32
0.0199843, 0.0157059, 0.00427661, 0.000230421, 41148, 37465, 12669, 1.31674e+06, 32
0.0199404, 0.0158324, 0.004106, 0.000212972, 41102, 37761, 10701, 1.31526e+06, 32
0.025046, 0.0210093, 0.00403445, 0.000103698, 40967, 37597, 3567, 1.31094e+06, 32
0.0216619, 0.0181597, 0.00350009, 0.000108701, 40682, 37768, 4305, 1.30182e+06, 32
0.0171529, 0.0138243, 0.00332662, 9.4966e-05, 40100, 37457, 3444, 1.2832e+06, 32
0.0185856, 0.0151559, 0.00342736, 7.1223e-05, 39417, 37268, 2952, 1.26134e+06, 32
0.0188113, 0.0156311, 0.00317806, 9.3456e-05, 38518, 36685, 3321, 1.23258e+06, 32
0.0171609, 0.0139449, 0.00321408, 0.000101738, 37756, 36556, 4182, 1.20819e+06, 32
0.0160525, 0.0124347, 0.00361555, 0.000101915, 37278, 36625, 3690, 1.1929e+06, 32
0.0153428, 0.0122858, 0.00305501, 7.2247e-05, 36937, 36489, 3198, 1.18198e+06, 32
0.0149589, 0.0120632, 0.0028944, 5.8609e-05, 36980, 36722, 2460, 1.18336e+06, 32
0.0153597, 0.0124509, 0.00290717, 5.2756e-05, 36939, 36777, 2091, 1.18205e+06, 32
0.0150385, 0.012259, 0.0027775, 2.9594e-05, 36965, 36709, 984, 1.18288e+06, 32
0.015415, 0.012683, 0.00273087, 4.646e-06, 37013, 36721, 123, 1.18442e+06, 32
0.0169312, 0.0137019, 0.00322699, 9.267e-06, 36926, 36728, 246, 1.18163e+06, 32
0.0181322, 0.0142087, 0.00392132, 4.0426e-05, 36984, 36711, 984, 1.18349e+06, 32
0.0176882, 0.0142557, 0.00343088, 5.459e-06, 36950, 36676, 123, 1.1824e+06, 32
0.0185389, 0.0152718, 0.00326511, 0, 36928, 36693, 0, 1.1817e+06, 32
0.0174538, 0.0141938, 0.00325782, 1.0649e-05, 36961, 36576, 246, 1.18275e+06, 32
0.0167572, 0.0138907, 0.00286471, 5.316e-06, 36925, 36345, 123, 1.1816e+06, 32
0.0225445, 0.0194786, 0.00306365, 0, 36922, 36727, 0, 1.1815e+06, 32
0.0176907, 0.0143584, 0.0033303, 4.708e-06, 36980, 36582, 123, 1.18336e+06, 32
0.0180257, 0.01498, 0.00304297, 0, 36964, 36821, 0, 1.18285e+06, 32
0.0171906, 0.0141697, 0.00301913, 4.941e-06, 36973, 36562, 123, 1.18314e+06, 32
0.0186088, 0.0148445, 0.00376226, 0, 36961, 36534, 0, 1.18275e+06, 32
0.018461, 0.0146563, 0.00380284, 0.000271268, 37388, 37133, 15498, 1.19642e+06, 32
0.0186152, 0.0148537, 0.00375983, 0.000284566, 37687, 36892, 13407, 1.20598e+06, 32
0.0182483, 0.0147946, 0.00345185, 0.000283266, 37727, 35460, 16359, 1.20726e+06, 32
0.0193278, 0.0158406, 0.00348555, 0.000329686, 37589, 36072, 26199, 1.20285e+06, 32
0.0195919, 0.0142696, 0.00531975, 0.00080283, 37198, 36952, 38622, 1.19034e+06, 32
0.0181882, 0.0139994, 0.00418642, 0.000637676, 37327, 37485, 41451, 1.19446e+06, 32
0.019196, 0.0149916, 0.00420226, 0.00052709, 37722, 38025, 38622, 1.2071e+06, 32
0.0192316, 0.0150917, 0.00413755, 0.000465951, 37958, 38431, 32226, 1.21466e+06, 32
0.0199874, 0.0157592, 0.00422656, 0.000371453, 37791, 38372, 23985, 1.20931e+06, 32
0.0169091, 0.0133121, 0.00359494, 0.000309165, 37474, 38141, 19065, 1.19917e+06, 32
0.0162939, 0.0131443, 0.00314786, 0.000182195, 37447, 37646, 12300, 1.1983e+06, 32
0.0163346, 0.0132951, 0.00303811, 0.000125465, 37364, 37811, 6396, 1.19565e+06, 32
0.0166101, 0.0135984, 0.00301016, 0.00011084, 37487, 38284, 4920, 1.19958e+06, 32
0.0167326, 0.0138898, 0.0028406, 1.586e-05, 37433, 37638, 492, 1.19786e+06, 32
0.0178252, 0.014389, 0.00343388, 4.9411e-05, 37425, 38154, 1353, 1.1976e+06, 32
0.0181915, 0.014738, 0.00345139, 1.6313e-05, 37437, 37792, 369, 1.19798e+06, 32
0.0180438, 0.0147348, 0.00330743, 0, 37460, 38166, 0, 1.19872e+06, 32
0.0182565, 0.0149447, 0.00331023, 0, 37493, 38285, 0, 1.19978e+06, 32
0.0182871, 0.0150665, 0.00321874, 5.662e-06, 37380, 37835, 123, 1.19616e+06, 32
0.0214392, 0.0183917, 0.00304593, 0, 37467, 37762, 0, 1.19894e+06, 32
0.018532, 0.0152852, 0.0032451, 0, 37464, 37832, 0, 1.19885e+06, 32
0.0191307, 0.0159295, 0.00319889, 0, 37380, 37859, 0, 1.19616e+06, 32
0.0188814, 0.0156356, 0.00324401, 0, 37407, 38073, 0, 1.19702e+06, 32
0.0187876, 0.0155125, 0.00327325, 5.69e-06, 37396, 38063, 123, 1.19667e+06, 32
0.0187391, 0.0154756, 0.00326209, 0, 37460, 38166, 0, 1.19872e+06, 32
0.018916, 0.0155543, 0.00336049, 2.3829e-05, 37564, 38195, 615, 1.20205e+06, 32
0.01945, 0.0160241, 0.00342398, 0, 37343, 37788, 0, 1.19498e+06, 32
0.0194024, 0.0162123, 0.0031886, 0, 37541, 38271, 0, 1.20131e+06, 32
0.0215133, 0.0181259, 0.0033858, 0, 37560, 38292, 0, 1.20192e+06, 32
0.0211301, 0.0179618, 0.00316621, 0, 37468, 37763, 0, 1.19898e+06, 32
0.0205199, 0.0164505, 0.00406729, 5.898e-06, 37357, 37754, 123, 1.19542e+06, 32
0.0248704, 0.0217554, 0.00311276, 0, 37430, 38149, 0, 1.19776e+06, 32
0.0191482, 0.0160182, 0.00312833, 0, 37487, 38284, 0, 1.19958e+06, 32
0.0198051, 0.0165626, 0.00324069, 0, 37399, 38099, 0, 1.19677e+06, 32
0.0198859, 0.0166834, 0.00320118, 4.935e-06, 37474, 38127, 123, 1.19917e+06, 32
0.0200227, 0.0162177, 0.00380334, 0.000153833, 37506, 38029, 6396, 1.20019e+06, 32
0.0215095, 0.0177713, 0.00373629, 0.000289171, 38187, 38251, 16851, 1.22198e+06, 32
0.0204297, 0.0165596, 0.00386793, 0.000232583, 38513, 38431, 12669, 1.23242e+06, 32
0.0207182, 0.0172283, 0.00348809, 0.00023867, 38306, 38294, 14883, 1.22579e+06, 32
0.0192932, 0.0154141, 0.00387724, 0.000227118, 37874, 38679, 14145, 1.21197e+06, 32
0.018868, 0.0150476, 0.00381853, 0.000315685, 37299, 38676, 21648, 1.19357e+06, 32
0.0187825, 0.0150047, 0.00377652, 0.000313922, 37649, 39237, 20295, 1.20477e+06, 32
0.0238759, 0.0195118, 0.00436144, 0.000346372, 38002, 40028, 22386, 1.21606e+06, 32
0.0191806, 0.0152272, 0.00395157, 0.000349081, 38085, 40502, 22017, 1.21872e+06, 32
0.0195501, 0.0154201, 0.00412783, 0.000259422, 37787, 40480, 14145, 1.20918e+06, 32
0.0184941, 0.014713, 0.00377916, 0.000195547, 37259, 39212, 12177, 1.19229e+06, 32
0.0191891, 0.0158483, 0.00333879, 0.000108544, 37260, 39104, 4674, 1.19232e+06, 32
0.0189217, 0.0152893, 0.00363007, 8.1119e-05, 37279, 39181, 2706, 1.19293e+06, 32
0.0197581, 0.0154336, 0.00432214, 0.000137734, 37299, 39477, 6396, 1.19357e+06, 32
0.0276759, 0.0224262, 0.00524656, 4.108e-06, 37299, 39477, 123, 1.19357e+06, 32
0.0214007, 0.0179937, 0.00340505, 1.0417e-05, 37285, 39467, 246, 1.19312e+06, 32
0.0203262, 0.0170408, 0.00328409, 3.2547e-05, 37323, 39369, 1107, 1.19434e+06, 32
0.0256475, 0.02026, 0.00538542, 0.0009314, 50283, 44208, 73554, 1.60906e+06, 32
0.0265266, 0.0214446, 0.00507991, 0.000619186, 45144, 44756, 46125, 1.44461e+06, 32
0.0278374, 0.0220176, 0.00581788, 0.000864051, 50889, 46153, 66174, 1.62845e+06, 32
0.027627, 0.0215691, 0.00605608, 0.0010268, 57132, 44613, 82533, 1.82822e+06, 32
0.0290439, 0.0228002, 0.00624183, 0.00107493, 57502, 45041, 83640, 1.84006e+06, 32
0.0299532, 0.0235243, 0.00642687, 0.00101697, 54055, 46066, 86346, 1.72976e+06, 32
0.0297737, 0.0234317, 0.00634018, 0.000830299, 41890, 46441, 67281, 1.34048e+06, 32
0.0306419, 0.0250301, 0.00561021, 0.000689207, 36218, 46335, 56334, 1.15898e+06, 32
0.0307697, 0.0243703, 0.00639755, 0.000716504, 37367, 47577, 57687, 1.19574e+06, 32
0.0366584, 0.0303466, 0.00630923, 0.000685732, 39188, 47653, 48831, 1.25402e+06, 32
0.0300191, 0.023718, 0.00629923, 0.000793474, 39687, 47261, 58179, 1.26998e+06, 32
0.0298467, 0.0229648, 0.00688081, 0.00117416, 38763, 47103, 81795, 1.24042e+06, 32
0.0311649, 0.0238894, 0.00727364, 0.00154531, 39897, 48410, 112914, 1.2767e+06, 32
0.032389, 0.0242967, 0.00809063, 0.00188682, 49507, 50174, 146862, 1.58422e+06, 32
0.0339759, 0.0248455, 0.00912829, 0.00245243, 61325, 52328, 195693, 1.9624e+06, 32
0.0365187, 0.026175, 0.0103418, 0.00268013, 59271, 56281, 194586, 1.89667e+06, 32
0.0356814, 0.0248729, 0.0108065, 0.00313048, 56907, 56437, 225336, 1.82102e+06, 32
0.0398344, 0.027531, 0.0123013, 0.00436399, 58628, 56784, 324105, 1.8761e+06, 32
0.0378054, 0.0275267, 0.0102766, 0.00300489, 56398, 53600, 216111, 1.80474e+06, 32
0.0405316, 0.0295365, 0.0109929, 0.00216969, 55939, 54015, 141204, 1.79005e+06, 32
0.031487, 0.0240464, 0.00743815, 0.00103356, 47634, 52345, 72447, 1.52429e+06, 32
0.0285251, 0.021602, 0.00692104, 0.000795033, 42022, 49355, 51291, 1.3447e+06, 32
0.027066, 0.0213253, 0.00573906, 0.000151127, 41849, 48729, 5289, 1.33917e+06, 32
0.0280615, 0.0218279, 0.00623123, 0.00047736, 41888, 49230, 25953, 1.34042e+06, 32
0.0268973, 0.0218528, 0.00504303, 0.00015438, 41986, 49130, 5412, 1.34355e+06, 32
0.0276949, 0.0219846, 0.00570846, 0, 41941, 48754, 0, 1.34211e+06, 32
0.0294301, 0.0240815, 0.00534589, 0.000167694, 41851, 48992, 6642, 1.33923e+06, 32
0.0261045, 0.0213734, 0.00472933, 1.0746e-05, 41886, 49038, 246, 1.34035e+06, 32
0.0246032, 0.0202809, 0.00432033, 4.512e-06, 41993, 49247, 123, 1.34378e+06, 32
0.0245517, 0.0203183, 0.00423133, 5.747e-06, 41950, 49327, 123, 1.3424e+06, 32
0.0232769, 0.0193214, 0.00395269, 8.67e-06, 41831, 48667, 246, 1.33859e+06, 32
0.0238199, 0.0199143, 0.00390393, 1.3511e-05, 41975, 49162, 369, 1.3432e+06, 32
0.0229485, 0.0190761, 0.00387091, 4.93e-06, 41863, 48997, 123, 1.33962e+06, 32
0.0227824, 0.0185681, 0.00421231, 5.011e-06, 41941, 48754, 123, 1.34211e+06, 32
0.0367877, 0.0315582, 0.00522747, 0, 42018, 49352, 0, 1.34458e+06, 32
0.0364757, 0.0302905, 0.00618279, 0, 41812, 48987, 0, 1.33798e+06, 32
0.0274903, 0.0227867, 0.00470159, 4.3e-06, 41883, 48956, 123, 1.34026e+06, 32
0.02855, 0.0225562, 0.00599156, 1.4086e-05, 41878, 48959, 246, 1.3401e+06, 32
0.0261593, 0.0215363, 0.00461989, 0, 41960, 49353, 0, 1.34272e+06, 32
0.0257598, 0.02141, 0.00434749, 0, 41951, 49299, 0, 1.34243e+06, 32
0.0313616, 0.0257856, 0.00557305, 0, 41874, 48666, 0, 1.33997e+06, 32
0.0253301, 0.021071, 0.0042567, 0, 41855, 48947, 0, 1.33936e+06, 32
0.0267288, 0.0219135, 0.00481321, 6.948e-06, 41957, 49131, 123, 1.34262e+06, 32
0.0242615, 0.019836, 0.00442346, 6.329e-06, 41884, 48965, 123, 1.34029e+06, 32
0.0264005, 0.0221565, 0.00424131, 5.488e-06, 41998, 49334, 123, 1.34394e+06, 32
0.0236182, 0.0197173, 0.00389862, 0, 41874, 48667, 0, 1.33997e+06, 32
0.0231877, 0.0191805, 0.00400549, 4.414e-06, 41979, 49339, 123, 1.34333e+06, 32
0.0224358, 0.018511, 0.00392346, 4.921e-06, 41885, 49230, 123, 1.34032e+06, 32
0.0377916, 0.032445, 0.00534317, 0, 41991, 49315, 0, 1.34371e+06, 32
0.0243132, 0.0199452, 0.00436575, 5.477e-06, 41892, 49260, 123, 1.34054e+06, 32
0.0219424, 0.0180914, 0.00384969, 4.863e-06, 42007, 49357, 123, 1.34422e+06, 32
0.0294408, 0.0215619, 0.00787694, 0.00181511, 60541, 52782, 110577, 1.93731e+06, 32
0.0295281, 0.0226315, 0.00689405, 0.00111869, 57037, 51853, 94218, 1.82518e+06, 32
0.0373142, 0.0308771, 0.00643483, 0.00117415, 46035, 50210, 116973, 1.47312e+06, 32
0.0286969, 0.0216009, 0.00709424, 0.00128325, 36797, 48257, 127428, 1.1775e+06, 32
0.0282543, 0.0215407, 0.00671155, 0.0011975, 35685, 46131, 116235, 1.14192e+06, 32
0.0338277, 0.0275747, 0.00625057, 0.00113473, 37342, 46303, 110331, 1.19494e+06, 32
0.0305674, 0.0233754, 0.00719015, 0.0014011, 39350, 46064, 116850, 1.2592e+06, 32
0.0311516, 0.0228844, 0.00826512, 0.00220104, 47496, 48744, 174045, 1.51987e+06, 32
0.0308138, 0.0226022, 0.00820938, 0.00218773, 60477, 50319, 182163, 1.93526e+06, 32
0.029573, 0.0219344, 0.00763646, 0.00172723, 63627, 50542, 144156, 2.03606e+06, 32
0.0317169, 0.0232132, 0.0085021, 0.0019784, 67506, 52045, 148092, 2.16019e+06, 32
0.0329709, 0.0230867, 0.00988234, 0.00238571, 45387, 52465, 156579, 1.45238e+06, 32
0.0369936, 0.0256697, 0.0113222, 0.00349519, 51612, 55568, 275643, 1.65158e+06, 32
0.035917, 0.0261225, 0.00979189, 0.00234406, 50914, 56048, 170847, 1.62925e+06, 32
0.0313599, 0.0229215, 0.00843617, 0.001639, 49126, 54673, 121278, 1.57203e+06, 32
0.0317695, 0.0236315, 0.00813567, 0.00128386, 54549, 53887, 96309, 1.74557e+06, 32
0.0323601, 0.0250298, 0.00732862, 0.000931183, 59213, 53916, 65682, 1.89482e+06, 32
0.0299926, 0.0229878, 0.00700244, 0.000692101, 57737, 53440, 41943, 1.84758e+06, 32
0.0303694, 0.0234781, 0.00688889, 0.000416195, 47733, 52807, 19680, 1.52746e+06, 32
0.0300537, 0.02306, 0.00699204, 0.000624435, 49040, 53251, 39483, 1.56928e+06, 32
0.0296854, 0.0233412, 0.00634232, 0.000665463, 52702, 53201, 41943, 1.68646e+06, 32
0.0316, 0.0259897, 0.00560867, 0.000303148, 44418, 51664, 13407, 1.42138e+06, 32
0.0416539, 0.0196214, 0.0220299, 0.0123485, 53324, 43783, 859524, 1.70637e+06, 32
0.0273535, 0.0184467, 0.00890432, 0.00224293, 51086, 42083, 193848, 1.63475e+06, 32
0.0245924, 0.0188438, 0.00574664, 0.000637164, 51170, 42418, 41820, 1.63744e+06, 32
0.0287719, 0.0203687, 0.00840056, 0.00178459, 60939, 46993, 142926, 1.95005e+06, 32
0.0307185, 0.0219958, 0.00872018, 0.00184621, 61908, 48663, 141573, 1.98106e+06, 32
0.030623, 0.0221571, 0.00846367, 0.00189131, 59546, 48559, 144525, 1.90547e+06, 32
0.0384364, 0.0263737, 0.012061, 0.00442136, 59893, 56056, 357930, 1.91658e+06, 32
0.0322308, 0.0232414, 0.00898746, 0.00319315, 57702, 50685, 251535, 1.84646e+06, 32
0.0355669, 0.0263907, 0.0091743, 0.00248375, 59288, 51740, 203688, 1.89722e+06, 32
0.0386535, 0.0292339, 0.00941751, 0.00231283, 45749, 50805, 173184, 1.46397e+06, 32
0.0362933, 0.0246246, 0.0116666, 0.00348615, 46091, 54017, 217464, 1.47491e+06, 32
0.0383603, 0.0262272, 0.012131, 0.00382612, 57540, 55168, 280194, 1.84128e+06, 32
0.0346936, 0.0238121, 0.0108792, 0.00332185, 60779, 52097, 250182, 1.94493e+06, 32
0.0376476, 0.0269951, 0.0106505, 0.00272364, 59631, 52548, 222630, 1.90819e+06, 32
0.0366275, 0.0271453, 0.00948073, 0.00206329, 63085, 51273, 159162, 2.01872e+06, 32
0.0317511, 0.0240762, 0.00767267, 0.00126647, 61554, 50932, 101229, 1.96973e+06, 32
0.0326633, 0.0250133, 0.0076485, 0.00138168, 60677, 49442, 103935, 1.94166e+06, 32
0.0296796, 0.0231438, 0.0065333, 0.000885158, 48515, 48828, 69495, 1.55248e+06, 32
0.0272156, 0.0214664, 0.00574673, 0.000618746, 39927, 47176, 40098, 1.27766e+06, 32
0.0277019, 0.0219074, 0.00579206, 0.000356668, 39905, 47070, 19188, 1.27696e+06, 32
0.0257314, 0.0213507, 0.00437866, 5.4483e-05, 39869, 47129, 1845, 1.27581e+06, 32
0.0262099, 0.0216328, 0.00457507, 0.000202935, 39905, 46894, 9102, 1.27696e+06, 32
0.0255878, 0.0214274, 0.00415883, 8.3693e-05, 39876, 46741, 2706, 1.27603e+06, 32
0.0280442, 0.0233858, 0.00465529, 0, 39862, 47115, 0, 1.27558e+06, 32
0.0262635, 0.0219661, 0.00429571, 7.6425e-05, 39890, 46932, 2583, 1.27648e+06, 32
0.0264822, 0.0219339, 0.00454614, 0, 39886, 47159, 0, 1.27635e+06, 32
0.0255946, 0.0214898, 0.00410294, 5.246e-06, 39869, 46937, 123, 1.27581e+06, 32
0.0320169, 0.0252626, 0.0067521, 0.00140219, 56044, 50497, 99384, 1.79341e+06, 32
0.0325361, 0.0257442, 0.00679038, 0.00106446, 52340, 50462, 78105, 1.67488e+06, 32
0.0310201, 0.0246774, 0.00634051, 0.000842382, 42595, 47787, 70971, 1.36304e+06, 32
0.0338806, 0.0269176, 0.00696144, 0.00128402, 41212, 47438, 118941, 1.31878e+06, 32
0.032346, 0.0250092, 0.00733473, 0.00166024, 46045, 46251, 150798, 1.47344e+06, 32
0.0338348, 0.0257197, 0.00811281, 0.002146, 53297, 47423, 161745, 1.7055e+06, 32
0.0320028, 0.023572, 0.00842867, 0.00207024, 50749, 46609, 152889, 1.62397e+06, 32
0.0284872, 0.0218296, 0.00665526, 0.00131642, 55841, 44093, 101475, 1.78691e+06, 32
0.0258965, 0.0192857, 0.00660892, 0.00131697, 62729, 41850, 81057, 2.00733e+06, 32
0.0317335, 0.0226336, 0.00909799, 0.00288402, 51826, 46748, 210084, 1.65843e+06, 32
0.0278809, 0.0205237, 0.0073559, 0.00184271, 42918, 45692, 119556, 1.37338e+06, 32
0.0243523, 0.0184252, 0.00592497, 0.00104532, 37809, 42869, 71340, 1.20989e+06, 32
0.0229558, 0.0178969, 0.00505687, 0.000382756, 37749, 42510, 22632, 1.20797e+06, 32
0.0234228, 0.0181637, 0.00525702, 0.000464436, 37766, 43029, 30135, 1.20851e+06, 32
0.0231553, 0.0185648, 0.00458895, 8.515e-05, 37797, 42525, 2583, 1.2095e+06, 32
0.0270904, 0.0202451, 0.00684309, 0.0015735, 46512, 46137, 119310, 1.48838e+06, 32
0.0267933, 0.0191566, 0.0076351, 0.00207048, 40798, 44842, 169002, 1.30554e+06, 32
0.0285295, 0.0204356, 0.00809196, 0.00195651, 35209, 46371, 173184, 1.12669e+06, 32
0.0307792, 0.0214755, 0.00930213, 0.00209228, 30460, 50240, 166542, 974720, 32
0.0309985, 0.0214424, 0.00955429, 0.0020821, 27138, 54877, 148461, 868416, 32
0.0349509, 0.0230509, 0.0118981, 0.00289563, 24788, 66131, 196308, 793216, 32
0.0416815, 0.0260213, 0.0156587, 0.00378658, 25707, 79797, 234684, 822624, 32
0.0424115, 0.0271413, 0.0152688, 0.00304776, 22624, 84553, 199875, 723968, 32
0.0483561, 0.0303455, 0.0180092, 0.00395622, 20508, 93883, 226566, 656256, 32
0.0535105, 0.0325124, 0.0209968, 0.00453731, 19489, 113613, 248214, 623648, 32
0.0586173, 0.0372125, 0.0214031, 0.00414457, 21224, 123360, 260883, 679168, 32
0.0600114, 0.0380295, 0.0219799, 0.0032705, 21796, 125348, 224844, 697472, 32
0.0557131, 0.0341639, 0.0215472, 0.00248682, 17210, 120903, 147108, 550720, 32
0.0521581, 0.0326733, 0.0194828, 0.00183194, 15965, 112092, 105288, 510880, 32
0.0510379, 0.0320646, 0.0189719, 0.00155197, 15940, 111793, 80934, 510080, 32
0.0464896, 0.030101, 0.0163862, 0.00132631, 15925, 110697, 77736, 509600, 32
0.0595052, 0.0384398, 0.0210631, 0.00253198, 28218, 131585, 153381, 902976, 32
0.0608694, 0.0377398, 0.0231279, 0.0023492, 19721, 138507, 123738, 631072, 32
0.0650391, 0.0371825, 0.0278551, 0.00294958, 13947, 139703, 142926, 446304, 32
0.062427, 0.0366079, 0.025817, 0.00326359, 11705, 139820, 170724, 374560, 32
0.0619875, 0.0368848, 0.0251009, 0.00323828, 10736, 141520, 184008, 343552, 32
0.0631754, 0.0370812, 0.026093, 0.0033614, 10022, 141831, 182532, 320704, 32
0.0698252, 0.0390453, 0.0307786, 0.00390061, 9797, 145041, 176259, 313504, 32
0.0630572, 0.0371015, 0.0259538, 0.00328563, 9751, 149019, 189174, 312032, 32
0.0636084, 0.0375077, 0.0260993, 0.00336676, 10767, 156027, 203319, 344544, 32
0.0655786, 0.0399418, 0.0256347, 0.00302202, 11989, 157181, 195693, 383648, 32
0.0650628, 0.0410767, 0.0239845, 0.00251847, 12721, 156789, 164328, 407072, 32
0.0641796, 0.0412657, 0.0229127, 0.00201409, 11574, 155962, 121893, 370368, 32
0.057568, 0.0362207, 0.0213448, 0.00172211, 9053, 143599, 83886, 289696, 32
0.0580278, 0.036381, 0.0216448, 0.00137904, 8841, 135953, 60393, 282912, 32
0.0585102, 0.0373486, 0.0211601, 0.00116005, 8803, 139009, 53997, 281696, 32
0.0675063, 0.0451386, 0.0223645, 0.00154406, 10261, 155788, 72939, 328352, 32
0.0594101, 0.0394953, 0.0199135, 0.00130557, 10731, 156306, 64329, 343392, 32
0.0599349, 0.039498, 0.0204351, 0.00136312, 11103, 157358, 64698, 355296, 32
0.0681026, 0.0462108, 0.0218904, 0.00151756, 11249, 155237, 66174, 359968, 32
0.0644048, 0.0414456, 0.0229576, 0.00121752, 11049, 152307, 57318, 353568, 32
0.0573581, 0.0376048, 0.0197519, 0.000983535, 10577, 148178, 47724, 338464, 32
0.0574491, 0.0360924, 0.0213552, 0.00105883, 10222, 143675, 45141, 327104, 32
0.0581964, 0.0380599, 0.0201347, 0.0010707, 10178, 135223, 48216, 325696, 32
0.0509547, 0.0334476, 0.0175047, 0.00105859, 10754, 129170, 46617, 344128, 32
0.051071, 0.0338236, 0.0172456, 0.00112814, 11655, 126768, 54612, 372960, 32
0.058365, 0.0380802, 0.0202829, 0.00163368, 12760, 124896, 66297, 408320, 32
0.0610709, 0.0407053, 0.0203632, 0.00291015, 15868, 128658, 122877, 507776, 32
0.0728669, 0.0523257, 0.0205391, 0.00230212, 19500, 123461, 120909, 624000, 32
0.0496944, 0.0338811, 0.0158109, 0.0017221, 20755, 114375, 101721, 664160, 32
0.0402082, 0.027714, 0.0124915, 0.0016294, 20334, 78755, 120540, 650688, 32
0.0398686, 0.0289481, 0.0109184, 0.000736013, 20359, 77909, 39852, 651488, 32
0.035242, 0.024999, 0.0102414, 0.000549008, 20298, 78291, 30750, 649536, 32
0.0394159, 0.0281831, 0.0112306, 0.00138941, 30021, 82084, 97539, 960672, 32
0.0357945, 0.0268295, 0.00896293, 0.000936261, 30367, 72662, 59901, 971744, 32
0.033587, 0.0240937, 0.00949074, 0.00106643, 29863, 69148, 69126, 955616, 32
0.0370532, 0.0291529, 0.00789861, 0.00123343, 33864, 59595, 94095, 1.08365e+06, 32
0.030805, 0.0225234, 0.00827948, 0.00201763, 45947, 52174, 164820, 1.4703e+06, 32
0.0270357, 0.0190273, 0.00800669, 0.00219285, 51780, 43865, 173430, 1.65696e+06, 32
0.0258144, 0.0183651, 0.00744723, 0.00216787, 49435, 40876, 158424, 1.58192e+06, 32
0.0250889, 0.0175408, 0.00754683, 0.002267, 48475, 40909, 163221, 1.5512e+06, 32
0.0386025, 0.0255837, 0.0130169, 0.00553996, 43883, 43391, 457560, 1.40426e+06, 32
0.0341462, 0.0238473, 0.0102963, 0.00317066, 63349, 46851, 273429, 2.02717e+06, 32
0.0335404, 0.024917, 0.00862174, 0.00200925, 61671, 45595, 156948, 1.97347e+06, 32
0.0315008, 0.0232233, 0.00827526, 0.00183174, 58104, 45573, 137391, 1.85933e+06, 32
0.0287866, 0.0218194, 0.00696535, 0.00114719, 54423, 44243, 86346, 1.74154e+06, 32
0.0274488, 0.0215181, 0.00592828, 0.000664609, 46052, 42061, 40959, 1.47366e+06, 32
0.0248111, 0.0204394, 0.00436983, 0.000369241, 42515, 41037, 22017, 1.36048e+06, 32
0.0267995, 0.0224184, 0.00437925, 0.000274078, 42602, 41397, 12792, 1.36326e+06, 32
0.0236803, 0.0198937, 0.00378502, 8.8234e-05, 42575, 41430, 3321, 1.3624e+06, 32
0.0307778, 0.0252481, 0.0055277, 0.000820721, 53925, 43701, 58548, 1.7256e+06, 32
0.032211, 0.0266265, 0.0055821, 0.000731676, 53366, 44781, 47232, 1.70771e+06, 32
0.0281047, 0.0224791, 0.00562337, 0.000638393, 48840, 45441, 43173, 1.56288e+06, 32
0.0285861, 0.0224332, 0.00615105, 0.000746727, 44603, 44936, 55104, 1.4273e+06, 32
0.027404, 0.02157, 0.00583156, 0.000711962, 41671, 44441, 57318, 1.33347e+06, 32
0.027449, 0.0218469, 0.00559989, 0.00071129, 42378, 44610, 59040, 1.3561e+06, 32
0.0290325, 0.0227729, 0.00625719, 0.0010151, 48349, 45566, 82533, 1.54717e+06, 32
0.0334264, 0.0269283, 0.00649583, 0.00126856, 45672, 45995, 103443, 1.4615e+06, 32
0.0294641, 0.0223276, 0.00713341, 0.00152906, 43478, 46986, 102213, 1.3913e+06, 32
0.0346431, 0.0269286, 0.00771232, 0.00184525, 50243, 49835, 149937, 1.60778e+06, 32
0.0352904, 0.0265504, 0.0087378, 0.00215158, 57596, 53620, 176136, 1.84307e+06, 32
0.0366492, 0.0261025, 0.0105448, 0.00255443, 63339, 57117, 190158, 2.02685e+06, 32
0.0371175, 0.0255159, 0.0115999, 0.00326011, 65235, 56771, 244647, 2.08752e+06, 32
0.0353, 0.0240663, 0.0112319, 0.00358299, 71156, 55031, 289788, 2.27699e+06, 32
0.0471047, 0.0332722, 0.0138302, 0.00445768, 59945, 55801, 246615, 1.91824e+06, 32
0.0334327, 0.0248985, 0.00853207, 0.00168679, 50306, 51685, 141327, 1.60979e+06, 32
0.0351933, 0.0266974, 0.00849316, 0.00156976, 60705, 55209, 120540, 1.94256e+06, 32
0.0340434, 0.0270766, 0.00696526, 0.000992779, 43635, 50850, 74661, 1.39632e+06, 32
0.0288184, 0.02261, 0.00620647, 0.000598546, 40641, 49073, 38253, 1.30051e+06, 32
0.0282581, 0.0230003, 0.00525558, 2.3026e-05, 40655, 49080, 615, 1.30096e+06, 32
0.0278385, 0.0229449, 0.00489195, 0.000141234, 40694, 49215, 5412, 1.30221e+06, 32
0.0284352, 0.0229865, 0.00544599, 0.000316278, 40625, 49039, 15129, 1.3e+06, 32
0.0288796, 0.0230509, 0.00582698, 0.000231656, 40602, 49176, 9471, 1.29926e+06, 32
0.0280424, 0.0234289, 0.0046108, 2.283e-05, 40668, 49104, 615, 1.30138e+06, 32
0.0265478, 0.0221172, 0.00442863, 0, 40684, 48932, 0, 1.30189e+06, 32
0.0271015, 0.0221573, 0.00494234, 3.4582e-05, 40627, 49205, 984, 1.30006e+06, 32
0.0263099, 0.0220665, 0.0042409, 0, 40643, 49341, 0, 1.30058e+06, 32
0.0274138, 0.0228956, 0.00451628, 1.0615e-05, 40684, 48932, 246, 1.30189e+06, 32
0.0293652, 0.0245426, 0.00482007, 0, 40619, 49337, 0, 1.29981e+06, 32
0.0327176, 0.0256307, 0.0070852, 0.00147497, 55366, 51780, 114267, 1.77171e+06, 32
0.0340419, 0.0273633, 0.00667572, 0.00107188, 47160, 50099, 87453, 1.50912e+06, 32
0.0319878, 0.0251337, 0.00685264, 0.0010318, 39209, 48090, 93480, 1.25469e+06, 32
0.0332069, 0.0260604, 0.00714434, 0.00129484, 40913, 48031, 122508, 1.30922e+06, 32
0.0329095, 0.0251826, 0.00772424, 0.00156303, 46862, 48054, 132102, 1.49958e+06, 32
0.0349186, 0.0260365, 0.00888009, 0.00222119, 51270, 48983, 169863, 1.64064e+06, 32
0.0356961, 0.026568, 0.00912661, 0.00280271, 58157, 50106, 212790, 1.86102e+06, 32
0.0343973, 0.0250698, 0.00932525, 0.00241099, 58412, 51512, 191265, 1.86918e+06, 32
0.0335701, 0.0243783, 0.00918937, 0.00189374, 52166, 51875, 152274, 1.66931e+06, 32
0.0347043, 0.0244499, 0.0102523, 0.00227152, 47915, 54771, 148584, 1.53328e+06, 32
0.0343724, 0.0242556, 0.0101148, 0.00274162, 53447, 54950, 204795, 1.7103e+06, 32
0.0358095, 0.0239615, 0.0118457, 0.00366383, 58418, 52650, 293847, 1.86938e+06, 32
0.0424288, 0.0301869, 0.0122399, 0.00353028, 59992, 56132, 265311, 1.91974e+06, 32
0.038122, 0.0277607, 0.0103594, 0.00276802, 60469, 54950, 183393, 1.93501e+06, 32
0.0347324, 0.0260455, 0.00868456, 0.00146073, 50241, 52923, 110331, 1.60771e+06, 32
0.0284697, 0.0222831, 0.00618447, 0.000778317, 38785, 48788, 58302, 1.24112e+06, 32
0.0272386, 0.0227096, 0.00452705, 7.6758e-05, 38795, 48849, 2829, 1.24144e+06, 32
0.0278271, 0.0220587, 0.00576646, 0.000318169, 38821, 48526, 14022, 1.24227e+06, 32
0.0270262, 0.0218345, 0.00518921, 0.000239727, 38685, 48650, 10701, 1.23792e+06, 32
0.0310371, 0.0258109, 0.00522398, 0.000139559, 38777, 48734, 5043, 1.24086e+06, 32
0.0265626, 0.0219034, 0.00465747, 0, 38766, 48748, 0, 1.24051e+06, 32
0.0325961, 0.0282649, 0.00432851, 9.421e-06, 38731, 48602, 246, 1.23939e+06, 32
0.0291811, 0.0226029, 0.00657588, 8.3502e-05, 38836, 48587, 2214, 1.24275e+06, 32
0.0324613, 0.0256851, 0.00677433, 0.00117193, 54404, 50859, 91143, 1.74093e+06, 32
0.034105, 0.0274081, 0.00669449, 0.00103083, 51131, 50974, 77859, 1.63619e+06, 32
0.0331543, 0.0263005, 0.00685183, 0.00115855, 49055, 50673, 96924, 1.56976e+06, 32
0.0314759, 0.0247134, 0.00675986, 0.00113677, 37808, 47356, 102582, 1.20986e+06, 32
0.0373946, 0.0301146, 0.00727739, 0.001344, 37512, 46478, 114267, 1.20038e+06, 32
0.0310656, 0.0237071, 0.00735617, 0.00143059, 38564, 45942, 108732, 1.23405e+06, 32
0.0321657, 0.0238208, 0.00834308, 0.0019557, 43449, 46897, 141942, 1.39037e+06, 32
0.0323548, 0.0240422, 0.00830998, 0.0022317, 56882, 49471, 192864, 1.82022e+06, 32
0.0479945, 0.0378916, 0.0101005, 0.00251103, 68162, 52252, 211437, 2.18118e+06, 32
0.0444018, 0.0320888, 0.0123109, 0.00352715, 59344, 57591, 269001, 1.89901e+06, 32
0.0391548, 0.0271079, 0.0120451, 0.00330562, 57012, 59197, 267279, 1.82438e+06, 32
0.0349279, 0.0256834, 0.00924232, 0.00174167, 59908, 56907, 136899, 1.91706e+06, 32
0.0383353, 0.0299053, 0.00842817, 0.000996689, 43829, 53168, 67404, 1.40253e+06, 32
0.0298319, 0.02297, 0.00685907, 0.000533873, 43762, 53261, 34686, 1.40038e+06, 32
0.0365881, 0.0299299, 0.00665583, 0.000279292, 43740, 53181, 14268, 1.39968e+06, 32
0.0277263, 0.0223553, 0.00536848, 1.299e-05, 43778, 53183, 369, 1.4009e+06, 32
0.0292872, 0.0231291, 0.0061555, 0.000176274, 43767, 52808, 7257, 1.40054e+06, 32
0.0270367, 0.0217784, 0.00525635, 0.000127301, 43765, 52998, 4797, 1.40048e+06, 32
0.0272626, 0.022146, 0.00511405, 4.021e-05, 43772, 53420, 984, 1.4007e+06, 32
0.0254902, 0.0206842, 0.00480362, 1.3828e-05, 43809, 52951, 369, 1.40189e+06, 32
0.0259797, 0.0212976, 0.00467954, 1.6422e-05, 43711, 52935, 492, 1.39875e+06, 32
0.0246193, 0.0202351, 0.00438191, 0, 43729, 53229, 0, 1.39933e+06, 32
0.0288865, 0.0232728, 0.00561129, 0, 43758, 52741, 0, 1.40026e+06, 32
0.0243934, 0.0196169, 0.00477464, 3.9136e-05, 43762, 53175, 1599, 1.40038e+06, 32
0.0243446, 0.0197428, 0.00459962, 0, 43779, 53015, 0, 1.40093e+06, 32
0.0228743, 0.0188649, 0.00400748, 4.718e-06, 43802, 52947, 123, 1.40166e+06, 32
0.0251464, 0.0203781, 0.00476642, 1.087e-05, 43767, 53120, 246, 1.40054e+06, 32
0.0234835, 0.0187513, 0.00473061, 6.434e-06, 43748, 53118, 123, 1.39994e+06, 32
0.0274824, 0.022446, 0.00503418, 1.519e-05, 43725, 53004, 369, 1.3992e+06, 32
0.0254434, 0.0199004, 0.00554095, 1.52e-05, 43781, 53123, 369, 1.40099e+06, 32
0.0230002, 0.0185642, 0.00443425, 5.327e-06, 43708, 53225, 123, 1.39866e+06, 32
0.025929, 0.0211511, 0.00477569, 0, 43769, 53090, 0, 1.40061e+06, 32
0.025248, 0.020948, 0.00429788, 4.86e-06, 43770, 53227, 123, 1.40064e+06, 32
0.0225682, 0.0185738, 0.00399286, 0, 43768, 52849, 0, 1.40058e+06, 32
0.0253385, 0.0208452, 0.00449076, 0, 43755, 53193, 0, 1.40016e+06, 32
0.0244887, 0.0197218, 0.00476478, 0, 43765, 53153, 0, 1.40048e+06, 32
0.0230418, 0.0185683, 0.00447163, 0, 43715, 53193, 0, 1.39888e+06, 32
0.0221251, 0.0177298, 0.00439296, 0, 43777, 52822, 0, 1.40086e+06, 32
0.0224604, 0.0181386, 0.00431969, 0, 43844, 53509, 0, 1.40301e+06, 32
0.0262359, 0.0215379, 0.00469554, 0, 43824, 53473, 0, 1.40237e+06, 32
0.0246035, 0.0203817, 0.00421996, 0, 43777, 52822, 0, 1.40086e+06, 32
0.0216331, 0.0177341, 0.00389743, 0, 43779, 53051, 0, 1.40093e+06, 32
0.0216161, 0.017361, 0.0042535, 0, 43782, 53450, 0, 1.40102e+06, 32
0.0225789, 0.0181826, 0.00439454, 0, 43749, 53021, 0, 1.39997e+06, 32
0.0245517, 0.018977, 0.00557276, 0, 43783, 53036, 0, 1.40106e+06, 32
0.030327, 0.022565, 0.0077592, 0.00145382, 57893, 55904, 103443, 1.85258e+06, 32
0.0291464, 0.0207781, 0.00836669, 0.00161147, 61118, 50993, 138129, 1.95578e+06, 32
0.0297508, 0.0211299, 0.00861908, 0.00187283, 59829, 50879, 175767, 1.91453e+06, 32
0.0323592, 0.0241409, 0.00821608, 0.00169871, 55707, 50477, 161499, 1.78262e+06, 32
0.0359211, 0.0278386, 0.00808035, 0.0014827, 49436, 50420, 121278, 1.58195e+06, 32
0.032503, 0.0251079, 0.00739356, 0.00136716, 50300, 50393, 108240, 1.6096e+06, 32
0.0372149, 0.029442, 0.00777096, 0.00188547, 52632, 49130, 137883, 1.68422e+06, 32
0.0336716, 0.0273983, 0.00627048, 0.0013462, 42407, 46838, 118449, 1.35702e+06, 32
0.0398364, 0.0309957, 0.00883874, 0.00245402, 52342, 51990, 158178, 1.67494e+06, 32
0.0388141, 0.0300133, 0.00879862, 0.00232902, 54627, 48507, 158793, 1.74806e+06, 32
0.0380711, 0.0284913, 0.009578, 0.00236881, 50684, 48756, 167526, 1.62189e+06, 32
0.0400302, 0.0306873, 0.00934008, 0.00211766, 49377, 50170, 140712, 1.58006e+06, 32
0.036837, 0.0274241, 0.00941093, 0.00244861, 48338, 50846, 184869, 1.54682e+06, 32
0.043164, 0.0331797, 0.0099809, 0.00196171, 54933, 52300, 144033, 1.75786e+06, 32
0.0405729, 0.0318769, 0.00869353, 0.00117694, 51234, 51375, 80196, 1.63949e+06, 32
0.0320758, 0.0253598, 0.00671299, 0.000557547, 45641, 47653, 30135, 1.46051e+06, 32
0.0292537, 0.0234977, 0.0057535, 0.000265595, 44305, 47549, 12300, 1.41776e+06, 32
0.0317103, 0.0259437, 0.00576413, 0.000157866, 44317, 47545, 6273, 1.41814e+06, 32
0.028291, 0.0236958, 0.0045928, 3.8505e-05, 44292, 47491, 984, 1.41734e+06, 32
0.0264852, 0.0224489, 0.00403369, 4.112e-06, 44299, 47579, 123, 1.41757e+06, 32
0.0286246, 0.0233866, 0.00523545, 6.2111e-05, 44181, 47434, 1845, 1.41379e+06, 32
0.0275026, 0.0220701, 0.00543039, 3.9194e-05, 43904, 47382, 1107, 1.40493e+06, 32
0.0263216, 0.0210066, 0.00531343, 0.000132282, 43426, 47265, 4551, 1.38963e+06, 32
0.0254651, 0.0208388, 0.00462368, 7.5342e-05, 42530, 46891, 2583, 1.36096e+06, 32
0.0269361, 0.0218216, 0.00511244, 9.7317e-05, 41473, 46947, 3444, 1.32714e+06, 32
0.0243897, 0.0200302, 0.0043571, 5.5693e-05, 40103, 46696, 1968, 1.2833e+06, 32
0.0267796, 0.0219789, 0.00479823, 8.2545e-05, 38840, 46700, 2706, 1.24288e+06, 32
0.0241357, 0.0198805, 0.00425327, 8.9734e-05, 37846, 46197, 3198, 1.21107e+06, 32
0.0250075, 0.0208248, 0.00418063, 7.4007e-05, 37593, 46342, 2337, 1.20298e+06, 32
0.035141, 0.0302067, 0.00493217, 4.5338e-05, 37461, 46071, 1230, 1.19875e+06, 32
0.0236244, 0.0197408, 0.00388082, 4.2576e-05, 37495, 46343, 1353, 1.19984e+06, 32
0.0233576, 0.0189984, 0.00435732, 0, 37551, 46369, 0, 1.20163e+06, 32
0.0234036, 0.0193723, 0.00402937, 3.794e-06, 37497, 46330, 123, 1.1999e+06, 32
0.0229102, 0.0188429, 0.00406584, 1.2153e-05, 37567, 46490, 369, 1.20214e+06, 32
0.0251586, 0.0212501, 0.00390683, 4.937e-06, 37540, 46381, 123, 1.20128e+06, 32
0.0243241, 0.0200883, 0.00423417, 3.6933e-05, 37520, 46489, 1230, 1.20064e+06, 32
0.0242228, 0.0203346, 0.00388623, 0, 37480, 46113, 0, 1.19936e+06, 32
0.0276333, 0.023219, 0.00441194, 0, 37495, 46460, 0, 1.19984e+06, 32
0.0244346, 0.0203911, 0.00404146, 0, 37575, 46363, 0, 1.2024e+06, 32
0.0233528, 0.0194353, 0.0039165, 1.0885e-05, 37587, 46513, 369, 1.20278e+06, 32
0.0237048, 0.0197666, 0.00393639, 0, 37507, 46081, 0, 1.20022e+06, 32
0.0242106, 0.019707, 0.00450188, 6.188e-06, 37496, 46384, 123, 1.19987e+06, 32
0.0301737, 0.0263585, 0.00381322, 0, 37540, 46381, 0, 1.20128e+06, 32
0.0257449, 0.0210895, 0.00465345, 0, 37549, 46377, 0, 1.20157e+06, 32
0.0249104, 0.0207191, 0.00418941, 0, 37553, 46369, 0, 1.2017e+06, 32
0.0245105, 0.0205546, 0.00395395, 0, 37469, 46085, 0, 1.19901e+06, 32
0.0241509, 0.0198669, 0.00428129, 0, 37575, 46363, 0, 1.2024e+06, 32
0.0245024, 0.0204089, 0.004092, 5.039e-06, 37514, 46332, 123, 1.20045e+06, 32
0.0250217, 0.0206252, 0.00439463, 0, 37524, 46408, 0, 1.20077e+06, 32
0.024579, 0.0202244, 0.00435285, 0, 37536, 46406, 0, 1.20115e+06, 32
0.0242636, 0.020314, 0.00394767, 4.67e-06, 37565, 46195, 123, 1.20208e+06, 32
0.0275648, 0.022995, 0.00456784, 0, 37519, 46369, 0, 1.20061e+06, 32
0.0245329, 0.0202321, 0.004299, 0, 37540, 46397, 0, 1.20128e+06, 32
0.0238008, 0.0197796, 0.00401952, 4.292e-06, 37537, 46066, 123, 1.20118e+06, 32
0.0251582, 0.0201394, 0.00501655, 6.288e-06, 37454, 46081, 123, 1.19853e+06, 32
0.0238138, 0.0198211, 0.00399043, 0, 37533, 46274, 0, 1.20106e+06, 32
0.0271835, 0.022191, 0.00499002, 5.682e-06, 37571, 46343, 123, 1.20227e+06, 32
0.0249897, 0.0205145, 0.0044735, 0, 37497, 46393, 0, 1.1999e+06, 32
0.0285826, 0.0241175, 0.00446277, 0, 37460, 46043, 0, 1.19872e+06, 32
0.0259079, 0.0215653, 0.00434032, 0, 37526, 46383, 0, 1.20083e+06, 32
0.028836, 0.0243285, 0.00450526, 0, 37551, 46369, 0, 1.20163e+06, 32
0.0279944, 0.0237537, 0.00423846, 0, 37539, 46066, 0, 1.20125e+06, 32
0.024515, 0.0204721, 0.00404104, 0, 37553, 46445, 0, 1.2017e+06, 32
0.0263668, 0.0220814, 0.00428323, 0, 37497, 46330, 0, 1.1999e+06, 32
0.0238792, 0.0198474, 0.00403022, 0, 37496, 46436, 0, 1.19987e+06, 32
0.0386374, 0.0345062, 0.00412931, 0, 37454, 46043, 0, 1.19853e+06, 32
0.0268435, 0.0219568, 0.00488458, 0, 37524, 46408, 0, 1.20077e+06, 32
0.0262603, 0.0219641, 0.00429407, 0, 37524, 46260, 0, 1.20077e+06, 32
0.0262545, 0.021534, 0.00471846, 0.000218396, 37564, 46197, 10209, 1.20205e+06, 32
0.0256665, 0.0208591, 0.00480516, 0.000197981, 37701, 46775, 9102, 1.20643e+06, 32
0.0267354, 0.0214536, 0.00527973, 0.000365316, 37654, 46894, 22755, 1.20493e+06, 32
0.0265658, 0.0207877, 0.00577637, 0.000528058, 37570, 47318, 37638, 1.20224e+06, 32
0.0260835, 0.0206962, 0.00538525, 0.000676722, 36969, 48875, 42804, 1.18301e+06, 32
0.027403, 0.0212399, 0.00616077, 0.000800099, 37285, 50715, 54735, 1.19312e+06, 32
0.0256599, 0.0199831, 0.00567509, 0.000760091, 38250, 51522, 59040, 1.224e+06, 32
0.026838, 0.0199124, 0.00692423, 0.000602387, 38802, 52286, 42927, 1.24166e+06, 32
0.0273372, 0.0214487, 0.00588669, 0.000495398, 37990, 51725, 32964, 1.21568e+06, 32
0.0242666, 0.019211, 0.00505412, 0.000308325, 36400, 51395, 22140, 1.1648e+06, 32
0.0242443, 0.0194412, 0.0048015, 0.000203293, 36222, 51098, 13530, 1.1591e+06, 32
0.0242664, 0.0193269, 0.00493718, 0.000174549, 36375, 51458, 10086, 1.164e+06, 32
0.0244998, 0.0202627, 0.00423504, 2.5869e-05, 36340, 51163, 984, 1.16288e+06, 32
0.0262908, 0.0209588, 0.00532957, 6.578e-06, 36368, 51497, 123, 1.16378e+06, 32
0.0247935, 0.0201548, 0.00463662, 0.000111818, 36322, 51560, 6150, 1.1623e+06, 32
0.024681, 0.0202226, 0.00445696, 2.8014e-05, 36212, 51058, 984, 1.15878e+06, 32
0.0301125, 0.0232188, 0.00689193, 0.00103271, 45759, 56421, 80319, 1.46429e+06, 32
0.030494, 0.023122, 0.00736989, 0.00108799, 48121, 55922, 85977, 1.53987e+06, 32
0.0301266, 0.0216888, 0.00843511, 0.00216876, 57535, 53453, 171216, 1.84112e+06, 32
0.032355, 0.022297, 0.010056, 0.002149, 61142, 51207, 144525, 1.95654e+06, 32
0.0328228, 0.0251097, 0.00771094, 0.00164643, 59273, 51405, 140097, 1.89674e+06, 32
0.0311248, 0.0235179, 0.00760393, 0.00137572, 56736, 50820, 112422, 1.81555e+06, 32
0.0317339, 0.0245458, 0.00718595, 0.00123169, 44700, 50087, 99753, 1.4304e+06, 32
0.0295434, 0.0234903, 0.00605102, 0.000698416, 40793, 49404, 54120, 1.30538e+06, 32
0.0281291, 0.0228392, 0.00528818, 0.000165471, 40841, 49403, 7503, 1.30691e+06, 32
0.0293343, 0.0239077, 0.0054248, 0.000190419, 40800, 49436, 7995, 1.3056e+06, 32
0.0256695, 0.0208788, 0.00478883, 0.000415097, 37457, 48738, 26937, 1.19862e+06, 32
0.025824, 0.0215383, 0.00428208, 0.000138293, 37423, 48644, 6150, 1.19754e+06, 32
0.0261159, 0.0213698, 0.00474361, 0.000163416, 37439, 48687, 7011, 1.19805e+06, 32
0.0253417, 0.0211831, 0.00415675, 0.000150281, 37346, 48326, 7134, 1.19507e+06, 32
0.0243577, 0.0205456, 0.00380981, 1.5756e-05, 37467, 48685, 369, 1.19894e+06, 32
0.0247548, 0.020475, 0.00427816, 1.2156e-05, 37416, 48672, 246, 1.19731e+06, 32
0.0297333, 0.0255774, 0.00415313, 0.000161174, 37400, 48321, 8241, 1.1968e+06, 32
0.0252924, 0.0214173, 0.00387299, 3.9635e-05, 37399, 48144, 1230, 1.19677e+06, 32
0.0235557, 0.0198896, 0.00366462, 9.871e-06, 37346, 48329, 369, 1.19507e+06, 32
0.0255082, 0.0219577, 0.00354835, 4.216e-06, 37436, 48643, 123, 1.19795e+06, 32
0.0231835, 0.0196185, 0.00356332, 9.058e-06, 37425, 48699, 246, 1.1976e+06, 32
0.0227789, 0.0191458, 0.00363105, 0, 37485, 48716, 0, 1.19952e+06, 32
0.0244585, 0.020552, 0.00390377, 0, 37347, 48310, 0, 1.1951e+06, 32
0.0271427, 0.0234998, 0.00364044, 0, 37485, 48716, 0, 1.19952e+06, 32
0.0231142, 0.0192313, 0.00388158, 4.207e-06, 37412, 48642, 123, 1.19718e+06, 32
0.0215507, 0.0179456, 0.00360385, 7.121e-06, 37371, 48434, 246, 1.19587e+06, 32
0.0232228, 0.0193497, 0.00387136, 0, 37418, 48633, 0, 1.19738e+06, 32
0.0315411, 0.0255647, 0.00597372, 0.000571637, 53315, 50739, 46248, 1.70608e+06, 32
0.0279314, 0.0221434, 0.00578568, 0.000792931, 54075, 51088, 66297, 1.7304e+06, 32
0.0283532, 0.0223967, 0.00595506, 0.000855619, 53086, 50152, 75276, 1.69875e+06, 32
0.0297696, 0.023367, 0.00640082, 0.000792614, 49853, 49337, 60147, 1.5953e+06, 32
0.0305234, 0.0245445, 0.0059766, 0.000804955, 37464, 47158, 73554, 1.19885e+06, 32
0.0294997, 0.0234061, 0.00609139, 0.000988465, 36735, 45660, 88806, 1.17552e+06, 32
0.0338431, 0.0274501, 0.00639134, 0.00126162, 40312, 46324, 108609, 1.28998e+06, 32
0.0289481, 0.0218012, 0.00714473, 0.00173696, 56218, 47410, 157686, 1.79898e+06, 32
0.0263042, 0.0197134, 0.00658885, 0.00134546, 57321, 44517, 120171, 1.83427e+06, 32
0.0317031, 0.0260563, 0.00564464, 0.00106968, 54744, 42685, 86838, 1.75181e+06, 32
0.0256164, 0.0193459, 0.00626865, 0.00108237, 56084, 44696, 65682, 1.79469e+06, 32
0.0312543, 0.0205294, 0.0107233, 0.00442523, 55744, 47370, 348090, 1.78381e+06, 32
0.0273876, 0.0191521, 0.00823348, 0.00232793, 40792, 46261, 217956, 1.30534e+06, 32
0.0288499, 0.021538, 0.00730997, 0.00149455, 39516, 46407, 130134, 1.26451e+06, 32
0.0278658, 0.0201549, 0.00770952, 0.00140544, 37620, 49145, 105165, 1.20384e+06, 32
0.0375084, 0.0272497, 0.0102564, 0.00171747, 32911, 48443, 73554, 1.05315e+06, 32
0.0274996, 0.021644, 0.00585319, 0.000566547, 32788, 47592, 38376, 1.04922e+06, 32
0.0292802, 0.0223334, 0.0069445, 0.00043994, 32794, 47639, 25461, 1.04941e+06, 32
0.0341884, 0.0278191, 0.00636686, 0.000727228, 40399, 52229, 47724, 1.29277e+06, 32
0.0341738, 0.0276434, 0.00652818, 0.000770271, 38827, 53466, 54858, 1.24246e+06, 32
0.034909, 0.0274227, 0.00748446, 0.00113562, 34709, 55523, 85977, 1.11069e+06, 32
0.0329969, 0.0228165, 0.0101783, 0.00185972, 28718, 61074, 130995, 918976, 32
0.035027, 0.0232149, 0.0118103, 0.00255977, 24054, 67128, 169371, 769728, 32
0.0398301, 0.0256521, 0.0141757, 0.00330726, 21548, 77768, 201105, 689536, 32
0.0438988, 0.0274791, 0.0164184, 0.00364758, 20294, 91151, 231363, 649408, 32
0.0603664, 0.038894, 0.0214706, 0.00501583, 18876, 104156, 271707, 604032, 32
0.0618834, 0.0374941, 0.0243875, 0.0054639, 17621, 119689, 268755, 563872, 32
0.0618801, 0.0372856, 0.024592, 0.00458922, 16509, 132238, 275889, 528288, 32
0.0615931, 0.0376842, 0.0239077, 0.00422505, 15439, 141376, 263712, 494048, 32
0.0657569, 0.0400084, 0.0257465, 0.00349146, 15852, 144970, 216972, 507264, 32
0.06488, 0.042708, 0.0221691, 0.00272889, 15179, 143287, 171339, 485728, 32
0.0608792, 0.0365638, 0.0243135, 0.00261405, 11970, 138014, 143049, 383040, 32
0.0517734, 0.0312944, 0.0204772, 0.00192891, 11389, 129082, 106887, 364448, 32
0.054951, 0.0342648, 0.0206844, 0.00137946, 11417, 129568, 74538, 365344, 32
0.0615943, 0.0385719, 0.0230203, 0.00173493, 16679, 145392, 94833, 533728, 32
0.0673981, 0.0455803, 0.0218157, 0.0018183, 16842, 148193, 94095, 538944, 32
0.069512, 0.044846, 0.0246635, 0.00209152, 15086, 152460, 108978, 482752, 32
0.0620098, 0.0393479, 0.0226603, 0.00208096, 12819, 153040, 107256, 410208, 32
0.0608385, 0.0374347, 0.0234026, 0.00318397, 10416, 150292, 176136, 333312, 32
0.058919, 0.0359204, 0.0229959, 0.0030571, 10460, 152179, 180072, 334720, 32
0.0654927, 0.0417781, 0.023712, 0.00350509, 14621, 153683, 226074, 467872, 32
0.0625367, 0.0389407, 0.0235942, 0.00283098, 12428, 156255, 179457, 397696, 32
0.0619414, 0.0373482, 0.0245914, 0.00277153, 11048, 155640, 145140, 353536, 32
0.0609786, 0.0380354, 0.022941, 0.00221331, 10382, 153342, 123615, 332224, 32
0.0596627, 0.0360059, 0.0236549, 0.00177257, 9532, 148207, 95325, 305024, 32
0.0509124, 0.0322058, 0.0187043, 0.00142438, 8960, 139931, 65559, 286720, 32
0.0524723, 0.0320731, 0.020397, 0.00123945, 8929, 138515, 52398, 285728, 32
0.0572482, 0.0376834, 0.0195629, 0.00161141, 12069, 157592, 92127, 386208, 32
0.05702, 0.0382666, 0.0187519, 0.00151586, 12239, 157897, 82287, 391648, 32
0.0557479, 0.0373015, 0.0184444, 0.00112067, 11559, 156688, 57441, 369888, 32
0.0558698, 0.037349, 0.0185188, 0.00113547, 10682, 152434, 53505, 341824, 32
0.0546175, 0.0358502, 0.0187649, 0.00118643, 10024, 143508, 57933, 320768, 32
0.0514647, 0.0332308, 0.0182318, 0.00107232, 10014, 135767, 47109, 320448, 32
0.0531221, 0.0344894, 0.0186308, 0.00118811, 10724, 131110, 51414, 343168, 32
0.0518187, 0.0328163, 0.0190003, 0.00140676, 11911, 131885, 68019, 381152, 32
0.0525706, 0.0336686, 0.0189003, 0.00200143, 14433, 136048, 98277, 461856, 32
0.0535479, 0.0356441, 0.0179018, 0.00261974, 22476, 130384, 170970, 719232, 32
0.0529085, 0.0359284, 0.0169784, 0.00223644, 26546, 119705, 149937, 849472, 32
0.046651, 0.0314237, 0.0152255, 0.00168861, 23097, 113697, 103566, 739104, 32
0.0486385, 0.0335528, 0.015084, 0.0016803, 25377, 111193, 100737, 812064, 32
0.0395859, 0.0274422, 0.0121417, 0.00151776, 25388, 84970, 94218, 812416, 32
0.0345781, 0.024808, 0.00976807, 0.000782774, 21237, 76559, 44034, 679584, 32
0.0333368, 0.0237614, 0.00957349, 0.000599767, 20781, 73682, 30996, 664992, 32
0.0415838, 0.0330822, 0.0084995, 0.000177963, 20819, 74540, 3321, 666208, 32
0.0333804, 0.0240126, 0.00936597, 0.000496991, 20798, 73936, 22263, 665536, 32
0.0327517, 0.0235316, 0.0092181, 0.000226859, 20768, 74411, 8118, 664576, 32
0.0358402, 0.0269996, 0.00883809, 0.000982412, 30565, 73989, 68634, 978080, 32
0.0326264, 0.0250366, 0.00758773, 0.000948103, 36239, 69142, 65436, 1.15965e+06, 32
0.033027, 0.0251614, 0.00786348, 0.00108089, 32740, 61617, 75030, 1.04768e+06, 32
0.0343088, 0.0268013, 0.00750558, 0.00133847, 39863, 52474, 106518, 1.27562e+06, 32
0.0285618, 0.0196462, 0.00891378, 0.00268843, 52620, 45901, 204672, 1.68384e+06, 32
0.027052, 0.018891, 0.00815902, 0.002308, 55590, 40854, 163959, 1.77888e+06, 32
0.0282108, 0.0192624, 0.00894639, 0.00292146, 53051, 42581, 208977, 1.69763e+06, 32
0.0331111, 0.0250196, 0.00808932, 0.00201885, 49393, 41982, 150183, 1.58058e+06, 32
0.0389865, 0.0268764, 0.0121078, 0.00438364, 43954, 41898, 353625, 1.40653e+06, 32
0.0306659, 0.0220633, 0.00860058, 0.00202451, 43716, 43390, 181179, 1.39891e+06, 32
0.0300584, 0.0225136, 0.00754251, 0.00154498, 52310, 44402, 129396, 1.67392e+06, 32
0.0328884, 0.0259502, 0.00693601, 0.00140482, 62456, 45023, 112299, 1.99859e+06, 32
0.0288098, 0.0224395, 0.00636815, 0.00082902, 60546, 44637, 59040, 1.93747e+06, 32
0.0306805, 0.0253402, 0.00533824, 0.000540425, 42106, 42487, 35424, 1.34739e+06, 32
0.0331333, 0.028557, 0.00457442, 0.000377454, 41606, 41922, 24477, 1.33139e+06, 32
0.0289575, 0.0245963, 0.00435925, 0.000128703, 41598, 41840, 4920, 1.33114e+06, 32
0.036368, 0.0293498, 0.00701617, 0.0018505, 62322, 46401, 144771, 1.9943e+06, 32
0.0325958, 0.0260574, 0.00653675, 0.00149188, 62986, 48437, 125460, 2.01555e+06, 32
0.0439141, 0.0365711, 0.00734104, 0.00103321, 51089, 47547, 81549, 1.63485e+06, 32
0.0395834, 0.0323232, 0.00725776, 0.00118422, 44066, 47885, 98277, 1.41011e+06, 32
0.0331725, 0.0257267, 0.00744402, 0.00138438, 42579, 47669, 112422, 1.36253e+06, 32
0.0315935, 0.0240367, 0.00755472, 0.00166691, 44766, 48619, 131979, 1.43251e+06, 32
0.0345783, 0.0264549, 0.00812136, 0.00202347, 54010, 50253, 164574, 1.72832e+06, 32
0.0376746, 0.0289578, 0.00871494, 0.00207241, 66884, 52156, 168264, 2.14029e+06, 32
0.0399219, 0.0295357, 0.0103843, 0.00267466, 63815, 54792, 208854, 2.04208e+06, 32
0.0344655, 0.024775, 0.00968849, 0.00248662, 67576, 56346, 174414, 2.16243e+06, 32
0.0386557, 0.0268377, 0.011816, 0.00359389, 57755, 59262, 265680, 1.84816e+06, 32
0.0378344, 0.0270784, 0.0107542, 0.00290046, 67260, 57866, 227427, 2.15232e+06, 32
0.0430628, 0.0335239, 0.00953646, 0.00199219, 61489, 55459, 158301, 1.96765e+06, 32
0.0313822, 0.0233038, 0.0080767, 0.00116142, 44666, 52398, 81057, 1.42931e+06, 32
0.0293651, 0.0235317, 0.00583069, 0.000322846, 44669, 52487, 15252, 1.42941e+06, 32
0.0293983, 0.0231505, 0.00624524, 0.00044902, 44609, 52421, 23124, 1.42749e+06, 32
0.0333496, 0.028117, 0.00523031, 0.000304606, 44634, 52194, 14145, 1.42829e+06, 32
0.0264659, 0.0216573, 0.00480638, 3.1608e-05, 44604, 52245, 984, 1.42733e+06, 32
0.039597, 0.0330174, 0.00657734, 6.626e-06, 44698, 52509, 123, 1.43034e+06, 32
0.0310089, 0.0264471, 0.00455968, 3.3809e-05, 44696, 52530, 1107, 1.43027e+06, 32
0.0275048, 0.0230312, 0.00447166, 5.356e-06, 44629, 52317, 123, 1.42813e+06, 32
0.0233711, 0.019393, 0.00397601, 4.762e-06, 44659, 52212, 123, 1.42909e+06, 32
0.0263143, 0.0217124, 0.00459973, 0, 44653, 52469, 0, 1.4289e+06, 32
0.0234552, 0.0192708, 0.00418148, 4.003e-06, 44603, 52227, 123, 1.4273e+06, 32
0.0233258, 0.0189911, 0.00433316, 6.309e-06, 44638, 52313, 123, 1.42842e+06, 32
0.0235057, 0.0192438, 0.00425981, 1.0075e-05, 44639, 52289, 246, 1.42845e+06, 32
0.0239158, 0.0197419, 0.00417208, 0, 44646, 52289, 0, 1.42867e+06, 32
0.0248374, 0.0206855, 0.00415029, 4.925e-06, 44678, 52490, 123, 1.4297e+06, 32
0.0218623, 0.0177083, 0.00415206, 0, 44625, 52183, 0, 1.428e+06, 32
0.0232114, 0.0192772, 0.00393252, 0, 44639, 52289, 0, 1.42845e+06, 32
0.0281211, 0.0242265, 0.00389227, 0, 44673, 52458, 0, 1.42954e+06, 32
0.0233768, 0.0195475, 0.00382736, 0, 44640, 52314, 0, 1.42848e+06, 32
0.0216283, 0.0176725, 0.00395396, 4.713e-06, 44633, 52111, 123, 1.42826e+06, 32
0.0209454, 0.0169705, 0.00397325, 0, 44569, 52418, 0, 1.42621e+06, 32
0.0204859, 0.0166356, 0.00384827, 0, 44649, 52212, 0, 1.42877e+06, 32
0.0205491, 0.0168353, 0.00371192, 4.417e-06, 44649, 52214, 123, 1.42877e+06, 32
0.0207461, 0.0171632, 0.00358133, 0, 44600, 52192, 0, 1.4272e+06, 32
0.0209277, 0.017256, 0.00367015, 0, 44698, 52496, 0, 1.43034e+06, 32
0.0235101, 0.0190456, 0.00446236, 0, 44590, 52422, 0, 1.42688e+06, 32
0.020786, 0.0167913, 0.00399255, 4.779e-06, 44603, 52397, 123, 1.4273e+06, 32
0.0212352, 0.0172455, 0.00398815, 4.442e-06, 44665, 52477, 123, 1.42928e+06, 32
0.025931, 0.0195101, 0.00641901, 0.00100383, 60115, 53190, 83148, 1.92368e+06, 32
0.0268856, 0.0197559, 0.0071283, 0.00161769, 63417, 51363, 153012, 2.02934e+06, 32
0.0302204, 0.0222039, 0.00801453, 0.00221839, 66400, 51838, 216603, 2.1248e+06, 32
0.0358242, 0.0258581, 0.00996388, 0.00269234, 70745, 57178, 222630, 2.26384e+06, 32
0.0356092, 0.0272101, 0.00839766, 0.00242382, 69152, 56765, 169002, 2.21286e+06, 32
0.0328919, 0.0265341, 0.00635614, 0.00107491, 52017, 51331, 88929, 1.66454e+06, 32
0.0314823, 0.0256759, 0.00580489, 0.000828924, 38591, 46773, 65559, 1.23491e+06, 32
0.0344222, 0.0273334, 0.0070867, 0.000928702, 38488, 46196, 67527, 1.23162e+06, 32
0.0362546, 0.0287704, 0.00748209, 0.00147291, 44207, 47718, 103443, 1.41462e+06, 32
0.0347296, 0.0266802, 0.00804757, 0.00199589, 58101, 49158, 140712, 1.85923e+06, 32
0.0364364, 0.0275738, 0.0088606, 0.00239657, 70213, 51951, 169002, 2.24682e+06, 32
0.0361517, 0.0277986, 0.00835103, 0.00256543, 66106, 52106, 200982, 2.11539e+06, 32
0.033614, 0.0254911, 0.00812063, 0.00208836, 57572, 51951, 155349, 1.8423e+06, 32
0.0347401, 0.0250058, 0.00973257, 0.00256882, 55231, 52783, 176628, 1.76739e+06, 32
0.0349537, 0.0250806, 0.00987058, 0.00227214, 48050, 53725, 157071, 1.5376e+06, 32
0.0363489, 0.0262059, 0.0101409, 0.00220215, 52418, 56311, 145632, 1.67738e+06, 32
0.0305983, 0.0231708, 0.00742495, 0.00094828, 45980, 51821, 67281, 1.47136e+06, 32
0.0287704, 0.0226514, 0.00611679, 0.000326549, 45964, 51786, 19803, 1.47085e+06, 32
0.0305386, 0.0242129, 0.00632386, 0.000375441, 45931, 51588, 21894, 1.46979e+06, 32
0.0290718, 0.0237843, 0.00528481, 0.000102732, 45972, 51726, 3198, 1.4711e+06, 32
0.0277522, 0.022981, 0.00476948, 7.972e-06, 45970, 51683, 246, 1.47104e+06, 32
0.026621, 0.0221173, 0.00450187, 5.232e-06, 45958, 51638, 123, 1.47066e+06, 32
0.0284017, 0.0236268, 0.00477273, 4.573e-06, 45970, 51754, 123, 1.47104e+06, 32
0.0264466, 0.0210879, 0.00535683, 0.00017309, 45981, 51586, 6273, 1.47139e+06, 32
0.0248695, 0.0205257, 0.00434175, 1.0707e-05, 45952, 51329, 246, 1.47046e+06, 32
0.0247478, 0.0206588, 0.00408703, 0, 45952, 51329, 0, 1.47046e+06, 32
0.0238823, 0.0198353, 0.00404482, 0, 45920, 51398, 0, 1.46944e+06, 32
0.026159, 0.0217124, 0.00444484, 1.074e-05, 45943, 51556, 246, 1.47018e+06, 32
0.0234686, 0.0191968, 0.00427, 4.646e-06, 45920, 51396, 123, 1.46944e+06, 32
0.024214, 0.0203217, 0.00389033, 4.862e-06, 45940, 51431, 123, 1.47008e+06, 32
0.0242501, 0.0201037, 0.00414435, 0, 45947, 51650, 0, 1.4703e+06, 32
0.0225715, 0.0183319, 0.00423754, 0, 45930, 51583, 0, 1.46976e+06, 32
0.0233951, 0.019267, 0.00412615, 0, 45942, 51776, 0, 1.47014e+06, 32
0.023835, 0.0199263, 0.003906, 0, 45927, 51574, 0, 1.46966e+06, 32
0.025495, 0.0215565, 0.00393666, 0, 45978, 51727, 0, 1.4713e+06, 32
0.0238805, 0.0201292, 0.00374859, 5.053e-06, 45951, 51383, 123, 1.47043e+06, 32
0.0209665, 0.0171348, 0.00383, 0, 45930, 51607, 0, 1.46976e+06, 32
0.022581, 0.0188218, 0.00375722, 0, 45931, 51585, 0, 1.46979e+06, 32
0.0246115, 0.0200306, 0.00457928, 0, 46008, 51902, 0, 1.47226e+06, 32
0.026036, 0.0218048, 0.00422923, 0, 45983, 51742, 0, 1.47146e+06, 32
0.0243587, 0.0206896, 0.00366763, 0, 45924, 51349, 0, 1.46957e+06, 32
0.0276826, 0.0235275, 0.00415274, 0, 45952, 51329, 0, 1.47046e+06, 32
0.0259648, 0.0214215, 0.00454094, 0, 45940, 51396, 0, 1.47008e+06, 32
0.0196911, 0.016441, 0.00324854, 0, 45943, 51556, 0, 1.47018e+06, 32
0.0268501, 0.0215052, 0.00534315, 0, 45990, 51748, 0, 1.47168e+06, 32
0.0238367, 0.0198825, 0.00395252, 4.903e-06, 45943, 51635, 123, 1.47018e+06, 32
0.0244211, 0.0199899, 0.00442869, 0, 45975, 51801, 0, 1.4712e+06, 32
0.0244757, 0.0204818, 0.00399247, 0, 45949, 51630, 0, 1.47037e+06, 32
0.027818, 0.023568, 0.00424775, 0, 45931, 51588, 0, 1.46979e+06, 32
0.023658, 0.0189651, 0.00469089, 0, 45985, 51769, 0, 1.47152e+06, 32
0.0231228, 0.0193686, 0.00375202, 0, 45929, 51586, 0, 1.46973e+06, 32
0.0247445, 0.0209749, 0.0037676, 0, 45986, 51774, 0, 1.47155e+06, 32
0.0219472, 0.0179926, 0.00395258, 0, 45958, 51704, 0, 1.47066e+06, 32
0.0223752, 0.018688, 0.00368553, 0, 46001, 51906, 0, 1.47203e+06, 32
0.0242566, 0.0204628, 0.00379179, 0, 45960, 51708, 0, 1.47072e+06, 32
0.0223193, 0.0186086, 0.00370848, 4.239e-06, 46033, 51772, 123, 1.47306e+06, 32
0.0376701, 0.0326539, 0.00501446, 0, 45944, 51562, 0, 1.47021e+06, 32
0.0237841, 0.019595, 0.00418627, 0, 45953, 51746, 0, 1.4705e+06, 32
0.0218056, 0.01819, 0.00361377, 4.022e-06, 45962, 51286, 123, 1.47078e+06, 32
0.021983, 0.0179004, 0.00408064, 0, 45939, 51637, 0, 1.47005e+06, 32
0.026917, 0.0226732, 0.00424182, 0, 45983, 51742, 0, 1.47146e+06, 32
0.0247314, 0.021135, 0.00359444, 0, 45943, 51635, 0, 1.47018e+06, 32
0.0222918, 0.0179955, 0.00429521, 0, 45943, 51751, 0, 1.47018e+06, 32
0.0211936, 0.0174199, 0.00377176, 0, 45943, 51496, 0, 1.47018e+06, 32
0.0202143, 0.016525, 0.00368744, 0, 45943, 51751, 0, 1.47018e+06, 32
0.020107, 0.0165152, 0.00359015, 0, 45960, 51381, 0, 1.47072e+06, 32
0.0254149, 0.0214389, 0.00397358, 0, 45942, 51432, 0, 1.47014e+06, 32
0.0211207, 0.0170551, 0.00406386, 0, 45943, 51751, 0, 1.47018e+06, 32
0.0233489, 0.0190851, 0.00426197, 0, 45953, 51397, 0, 1.4705e+06, 32
0.0211512, 0.017173, 0.0039763, 0, 45943, 51751, 0, 1.47018e+06, 32
0.0224654, 0.0187463, 0.00371409, 0, 45944, 51564, 0, 1.47021e+06, 32
0.0204116, 0.0165201, 0.00388894, 0, 45937, 51661, 0, 1.46998e+06, 32
0.0206962, 0.0168009, 0.00389341, 4.696e-06, 46001, 51767, 123, 1.47203e+06, 32
0.0210127, 0.0169433, 0.00406728, 0, 45938, 51766, 0, 1.47002e+06, 32
0.0196011, 0.0157212, 0.00387814, 0, 45957, 51631, 0, 1.47062e+06, 32
0.0197296, 0.0157649, 0.00396232, 0, 45946, 51383, 0, 1.47027e+06, 32
0.0216903, 0.017804, 0.003884, 0, 45983, 51824, 0, 1.47146e+06, 32
0.0212828, 0.0171311, 0.00414995, 0, 45959, 51397, 0, 1.47069e+06, 32
0.0208766, 0.0170903, 0.0037846, 0, 45930, 51598, 0, 1.46976e+06, 32
0.0196368, 0.0157624, 0.00387275, 0, 45930, 51583, 0, 1.46976e+06, 32
0.0215251, 0.016512, 0.00501107, 0, 46026, 51826, 0, 1.47283e+06, 32
0.0294398, 0.0242273, 0.00520988, 0, 45952, 51329, 0, 1.47046e+06, 32
0.0238247, 0.0201845, 0.00363758, 0, 45978, 51701, 0, 1.4713e+06, 32
0.021433, 0.0173331, 0.00409824, 0, 45942, 51776, 0, 1.47014e+06, 32
0.0263747, 0.0195157, 0.00685716, 0.00142646, 61425, 52240, 135300, 1.9656e+06, 32
0.0341963, 0.0242438, 0.00995032, 0.00307683, 54484, 50039, 176997, 1.74349e+06, 32
0.0317412, 0.0245726, 0.00716564, 0.00158337, 44820, 47887, 167772, 1.43424e+06, 32
0.0287757, 0.0203628, 0.00841153, 0.00189402, 39688, 47115, 158547, 1.27002e+06, 32
0.0361442, 0.0266795, 0.0094627, 0.00228484, 40476, 47827, 131487, 1.29523e+06, 32
0.0543852, 0.0437324, 0.0106503, 0.00268839, 50913, 50484, 146370, 1.62922e+06, 32
0.0523124, 0.0446115, 0.00769899, 0.00187944, 61093, 52578, 166665, 1.95498e+06, 32
0.0351854, 0.0252974, 0.00988597, 0.00284366, 56874, 53253, 211560, 1.81997e+06, 32
0.041103, 0.0320103, 0.00909101, 0.00217169, 63860, 51230, 161868, 2.04352e+06, 32
0.0426952, 0.0329826, 0.00971108, 0.00218341, 66207, 51992, 143787, 2.11862e+06, 32
0.0332343, 0.0237481, 0.00948462, 0.00215649, 55157, 53011, 195201, 1.76502e+06, 32
0.0380251, 0.0288651, 0.00915752, 0.00199977, 51054, 55894, 142188, 1.63373e+06, 32
0.0371712, 0.0259339, 0.0112346, 0.00253324, 59213, 56465, 114021, 1.89482e+06, 32
0.0355815, 0.0248505, 0.0107288, 0.00316864, 54832, 55596, 250674, 1.75462e+06, 32
0.0319653, 0.0233977, 0.008566, 0.00175393, 54055, 53383, 144279, 1.72976e+06, 32
0.0314707, 0.023895, 0.0075736, 0.00130449, 46071, 50493, 84378, 1.47427e+06, 32
0.0434555, 0.0342772, 0.00917619, 0.00111243, 45061, 50025, 47601, 1.44195e+06, 32
0.0340762, 0.028004, 0.00607047, 0.00043129, 45014, 49996, 22878, 1.44045e+06, 32
0.0274057, 0.0221437, 0.00526015, 6.8256e-05, 45039, 50031, 1845, 1.44125e+06, 32
0.0253968, 0.0208094, 0.00458528, 7.7272e-05, 45043, 49862, 2829, 1.44138e+06, 32
0.0298871, 0.0253389, 0.00454604, 0.000114038, 45053, 50041, 3690, 1.4417e+06, 32
0.0270369, 0.0219372, 0.00509779, 9.2254e-05, 44962, 50222, 2706, 1.43878e+06, 32
0.024173, 0.0196771, 0.00449428, 0.000136541, 44910, 49919, 5043, 1.43712e+06, 32
0.0255553, 0.0206933, 0.00485979, 0.000136805, 44692, 49520, 4797, 1.43014e+06, 32
0.0247793, 0.0200062, 0.00477128, 0.000174492, 44425, 49738, 6765, 1.4216e+06, 32
0.0244776, 0.0199694, 0.00450621, 0.000126879, 44013, 49557, 5535, 1.40842e+06, 32
0.0232653, 0.0188267, 0.00443666, 0.000135836, 43697, 49711, 5658, 1.3983e+06, 32
0.0224646, 0.0178496, 0.00461315, 9.5207e-05, 43384, 49539, 3198, 1.38829e+06, 32
0.022425, 0.018001, 0.00442186, 0.000123637, 43145, 49037, 5781, 1.38064e+06, 32
0.0217993, 0.0176887, 0.0041093, 7.3664e-05, 43234, 49321, 2706, 1.38349e+06, 32
0.0319275, 0.0274163, 0.00450935, 5.9333e-05, 43215, 49321, 1845, 1.38288e+06, 32
0.0234362, 0.0195348, 0.00389953, 5.1774e-05, 43194, 49320, 1599, 1.38221e+06, 32
0.0221061, 0.0181372, 0.00396681, 7.645e-06, 43237, 49358, 246, 1.38358e+06, 32
0.0222498, 0.0179542, 0.00429401, 1.8049e-05, 43273, 49508, 492, 1.38474e+06, 32
0.0240366, 0.0198599, 0.00417463, 6.23e-06, 43141, 49065, 123, 1.38051e+06, 32
0.0223331, 0.0185588, 0.00377272, 2.448e-05, 43265, 49386, 738, 1.38448e+06, 32
0.0225451, 0.0186818, 0.00386186, 7.078e-06, 43240, 49406, 246, 1.38368e+06, 32
0.0243013, 0.0192925, 0.00500652, 5.164e-06, 43193, 49353, 123, 1.38218e+06, 32
0.0326642, 0.0231952, 0.00946699, 0.00288211, 59862, 53315, 255471, 1.91558e+06, 32
0.0333404, 0.0241841, 0.00915462, 0.00297442, 61203, 55334, 266541, 1.9585e+06, 32
0.0341849, 0.0262337, 0.00794913, 0.00213723, 61646, 51280, 195447, 1.97267e+06, 32
0.0316176, 0.0241567, 0.00745915, 0.00151866, 57390, 51119, 123861, 1.83648e+06, 32
0.0312193, 0.0241683, 0.007049, 0.00117416, 44501, 47624, 99015, 1.42403e+06, 32
0.0289446, 0.0220495, 0.00689314, 0.00106242, 39218, 45599, 93111, 1.25498e+06, 32
0.0297822, 0.0225539, 0.00722648, 0.00174868, 43709, 47563, 133086, 1.39869e+06, 32
0.032362, 0.0238843, 0.00847616, 0.0022731, 62293, 50189, 184500, 1.99338e+06, 32
0.0320267, 0.0235079, 0.00851712, 0.00229552, 62285, 51889, 190281, 1.99312e+06, 32
0.0329122, 0.0236294, 0.00928039, 0.00242619, 56396, 55289, 186714, 1.80467e+06, 32
0.0349916, 0.0238959, 0.0110935, 0.00333913, 62259, 56784, 256455, 1.99229e+06, 32
0.0353651, 0.0249007, 0.0104625, 0.00300421, 66174, 57062, 244770, 2.11757e+06, 32
0.033275, 0.0239804, 0.00929239, 0.00229266, 61524, 55126, 195939, 1.96877e+06, 32
0.0318138, 0.0238905, 0.00792146, 0.00139288, 60442, 52880, 114513, 1.93414e+06, 32
0.0289639, 0.0216347, 0.00732697, 0.000904215, 47178, 50010, 63591, 1.5097e+06, 32
0.0317284, 0.0253646, 0.00636157, 0.000503176, 47102, 50128, 31365, 1.50726e+06, 32
0.0269081, 0.0212246, 0.00568187, 0.000366558, 47132, 50062, 21525, 1.50822e+06, 32
0.0259317, 0.0209994, 0.0049308, 0.000216167, 47081, 49997, 6027, 1.50659e+06, 32
0.036358, 0.0310917, 0.00526474, 0.000109449, 47122, 50170, 3321, 1.5079e+06, 32
0.0247073, 0.0198017, 0.00490383, 0.000117248, 47095, 50122, 4305, 1.50704e+06, 32
0.0228045, 0.0191983, 0.00360442, 5.9124e-05, 47094, 50134, 2952, 1.50701e+06, 32
0.025247, 0.0203633, 0.00488151, 0.000129899, 46977, 49907, 4674, 1.50326e+06, 32
0.0260081, 0.0211304, 0.00487592, 0.000159447, 46705, 50097, 6519, 1.49456e+06, 32
0.0236027, 0.0188082, 0.00479271, 0.000159545, 46424, 49772, 6273, 1.48557e+06, 32
0.0235122, 0.0188348, 0.00467572, 0.000168338, 45979, 49883, 7872, 1.47133e+06, 32
0.0236588, 0.0192744, 0.00438274, 0.000129621, 45479, 49514, 4797, 1.45533e+06, 32
0.0260814, 0.0216334, 0.00444606, 0.000105547, 45199, 49540, 3936, 1.44637e+06, 32
0.0215285, 0.0170119, 0.00451456, 7.9058e-05, 45078, 49466, 3075, 1.4425e+06, 32
0.0209689, 0.0167498, 0.00421751, 4.2571e-05, 45046, 49168, 1230, 1.44147e+06, 32
0.0214354, 0.0173577, 0.00407565, 7.6479e-05, 45089, 49313, 3075, 1.44285e+06, 32
0.0222153, 0.0177896, 0.00442405, 5.4974e-05, 45071, 49506, 1722, 1.44227e+06, 32
0.0273173, 0.0231134, 0.0042016, 2.8946e-05, 45038, 49405, 738, 1.44122e+06, 32
0.0223556, 0.0185368, 0.00381739, 9.731e-06, 45050, 49386, 369, 1.4416e+06, 32
0.0227681, 0.0185645, 0.00420142, 0, 45003, 49287, 0, 1.4401e+06, 32
0.0302727, 0.0239024, 0.00636784, 0.00133799, 60248, 52053, 109962, 1.92794e+06, 32
0.0282454, 0.0217584, 0.00648528, 0.00139529, 59251, 52123, 119064, 1.89603e+06, 32
0.0319437, 0.023924, 0.00801788, 0.00211358, 62791, 52484, 186714, 2.00931e+06, 32
0.0303208, 0.0225753, 0.00774378, 0.00157801, 53108, 50047, 164820, 1.69946e+06, 32
0.0280679, 0.0218519, 0.00621437, 0.00107048, 36265, 46826, 106518, 1.16048e+06, 32
0.0288199, 0.0218891, 0.00692882, 0.00113726, 36533, 46714, 98277, 1.16906e+06, 32
0.030105, 0.022023, 0.00807982, 0.00128289, 37787, 46987, 104427, 1.20918e+06, 32
0.0371042, 0.0291926, 0.00790929, 0.0018137, 41253, 48531, 136899, 1.3201e+06, 32
0.0313496, 0.0228063, 0.00854163, 0.0020208, 56605, 50472, 158670, 1.81136e+06, 32
0.0299795, 0.0228564, 0.00712116, 0.00149579, 67264, 46794, 123615, 2.15245e+06, 32
0.0281817, 0.0199225, 0.00825756, 0.00232672, 66791, 48790, 163959, 2.13731e+06, 32
0.0299262, 0.0211801, 0.00874399, 0.00264834, 52037, 50468, 205656, 1.66518e+06, 32
0.0282996, 0.020014, 0.00828391, 0.00206066, 46627, 51120, 158670, 1.49206e+06, 32
0.0327439, 0.0212487, 0.0114932, 0.00343852, 60116, 53065, 153627, 1.92371e+06, 32
0.0273757, 0.0193369, 0.00803685, 0.00133162, 40558, 48264, 80319, 1.29786e+06, 32
0.0319228, 0.0252208, 0.00670015, 0.000623076, 40546, 48412, 41082, 1.29747e+06, 32
0.0237066, 0.0181818, 0.00552318, 0.000400037, 40552, 48434, 24354, 1.29766e+06, 32
0.0264313, 0.0197236, 0.00670575, 0.000888871, 48667, 50209, 61500, 1.55734e+06, 32
0.0295131, 0.0233051, 0.00620582, 0.00091235, 43924, 49264, 70110, 1.40557e+06, 32
0.0419025, 0.0344486, 0.007452, 0.00137385, 41759, 50310, 110085, 1.33629e+06, 32
0.0348201, 0.0255866, 0.00923115, 0.00197235, 38846, 55670, 161376, 1.24307e+06, 32
0.0432241, 0.0329794, 0.0102427, 0.00247131, 41837, 55938, 197538, 1.33878e+06, 32
0.0354477, 0.0242708, 0.0111745, 0.0029496, 46597, 60869, 227673, 1.4911e+06, 32
0.0358318, 0.0245934, 0.0112364, 0.00286224, 45024, 66041, 198522, 1.44077e+06, 32
0.0332697, 0.0244744, 0.00879306, 0.00165788, 25511, 59022, 117096, 816352, 32
0.0378123, 0.0252328, 0.0125771, 0.00350943, 34013, 72297, 254364, 1.08842e+06, 32
0.0390527, 0.0254183, 0.0136325, 0.00328561, 21641, 79032, 227796, 692512, 32
0.048297, 0.0305552, 0.0177388, 0.00353715, 20137, 94939, 222507, 644384, 32
0.0476905, 0.0289308, 0.0187581, 0.00388813, 18527, 98865, 182532, 592864, 32
0.0495252, 0.0349309, 0.014592, 0.00209114, 16612, 97190, 122631, 531584, 32
0.0412903, 0.0269463, 0.0143417, 0.00145776, 16658, 94017, 87945, 533056, 32
0.0432649, 0.0294166, 0.0138463, 0.000880682, 16606, 93505, 39237, 531392, 32
0.0404614, 0.0266545, 0.0138054, 0.000993445, 16547, 91758, 58917, 529504, 32
0.0662171, 0.0483119, 0.017904, 0.00196565, 23246, 109211, 107133, 743872, 32
0.0635381, 0.0458481, 0.0176882, 0.00191731, 21101, 113049, 112545, 675232, 32
0.0573182, 0.0373722, 0.0199438, 0.00261936, 17225, 118585, 138006, 551200, 32
0.0574574, 0.0360879, 0.0213672, 0.00314811, 13772, 126216, 168756, 440704, 32
0.0603186, 0.038324, 0.0219925, 0.00335202, 12281, 134903, 195939, 392992, 32
0.0650478, 0.0399989, 0.0250472, 0.00368966, 13062, 141142, 208731, 417984, 32
0.0641655, 0.0383688, 0.0257947, 0.0034914, 12892, 145245, 208485, 412544, 32
0.0607468, 0.0371173, 0.0236279, 0.0030905, 10911, 142352, 195693, 349152, 32
0.0606936, 0.0367943, 0.0238972, 0.00295506, 11664, 144852, 178473, 373248, 32
0.0609513, 0.0369365, 0.024013, 0.00293091, 10945, 148209, 177120, 350240, 32
0.0613616, 0.0363608, 0.0249986, 0.0026931, 10359, 147503, 167895, 331488, 32
0.0604742, 0.0376628, 0.0228093, 0.00228611, 9896, 144064, 143910, 316672, 32
0.0582488, 0.0357282, 0.0225185, 0.00187304, 9179, 140380, 102213, 293728, 32
0.0535502, 0.0335113, 0.0200366, 0.00141639, 8428, 133917, 69003, 269696, 32
0.0517375, 0.0311246, 0.02061, 0.00112151, 8206, 128475, 47970, 262592, 32
0.0546222, 0.0352507, 0.0193698, 0.000743496, 8158, 128042, 30504, 261056, 32
0.0514625, 0.0328066, 0.0186536, 0.000868074, 8298, 130283, 39114, 265536, 32
0.0502813, 0.0331872, 0.017092, 0.000340838, 8223, 128860, 12300, 263136, 32
0.0595229, 0.0385577, 0.020963, 0.00178478, 11656, 148972, 83025, 372992, 32
0.0618529, 0.0410861, 0.0207651, 0.00143231, 13332, 148877, 76383, 426624, 32
0.0581965, 0.0387544, 0.0194404, 0.00123533, 12919, 150747, 61623, 413408, 32
0.0540328, 0.0341835, 0.019848, 0.000931146, 9760, 142278, 45510, 312320, 32
0.0502812, 0.0328899, 0.0173889, 0.000782127, 9801, 129742, 36162, 313632, 32
0.0576137, 0.0380648, 0.0195473, 0.0011368, 10778, 131406, 50676, 344896, 32
0.0547626, 0.0359458, 0.018815, 0.00114915, 11762, 128111, 47970, 376384, 32
0.0543852, 0.034821, 0.0195624, 0.00135141, 13966, 132217, 69003, 446912, 32
0.0544837, 0.0353004, 0.0191806, 0.00162909, 19087, 126117, 91635, 610784, 32
0.0573014, 0.0392533, 0.0180459, 0.00201981, 25629, 121092, 104673, 820128, 32
0.0508195, 0.0354205, 0.0153972, 0.00184886, 28741, 110741, 95694, 919712, 32
0.0468115, 0.0320826, 0.0147271, 0.00176257, 31286, 106691, 97416, 1.00115e+06, 32
0.0419964, 0.0279906, 0.0140038, 0.00113821, 22130, 99897, 55965, 708160, 32
0.0404569, 0.0275644, 0.0128908, 0.000766593, 20697, 93574, 38868, 662304, 32
0.0406246, 0.0281298, 0.0124929, 0.000549536, 20641, 91873, 23739, 660512, 32
0.0378154, 0.0264688, 0.0113452, 0.000207404, 20678, 93153, 6765, 661696, 32
0.0388142, 0.0271289, 0.0116837, 0.000309427, 20688, 92118, 11808, 662016, 32
0.045281, 0.0314771, 0.0138021, 0.00115867, 28360, 103904, 71832, 907520, 32
0.0436607, 0.0304532, 0.013206, 0.000805451, 29022, 102292, 48462, 928704, 32
0.0417408, 0.029604, 0.0121348, 0.000778118, 27374, 100531, 46125, 875968, 32
0.0433809, 0.0312697, 0.012109, 0.00077353, 25840, 90942, 45141, 826880, 32
0.0366317, 0.0248693, 0.0117608, 0.000753643, 26702, 83445, 47847, 854464, 32
0.0354144, 0.0242332, 0.0111793, 0.00122333, 30331, 72464, 75399, 970592, 32
0.0323123, 0.0238617, 0.00844786, 0.001328, 36529, 57673, 99507, 1.16893e+06, 32
0.0282208, 0.0201039, 0.00811505, 0.00164904, 43100, 51837, 124353, 1.3792e+06, 32
0.0278652, 0.0192973, 0.00856612, 0.00193904, 47368, 45913, 137883, 1.51578e+06, 32
0.0261734, 0.018575, 0.00759652, 0.00208811, 57590, 43732, 151659, 1.84288e+06, 32
0.0256948, 0.0183063, 0.00738617, 0.00213822, 57064, 43661, 168756, 1.82605e+06, 32
0.0262219, 0.0185497, 0.00767049, 0.00191019, 47899, 43755, 139236, 1.53277e+06, 32
0.0406838, 0.0280912, 0.0125906, 0.00497302, 50519, 45844, 450795, 1.61661e+06, 32
0.0335679, 0.0257273, 0.0078384, 0.00131714, 40922, 44468, 104673, 1.3095e+06, 32
0.0301984, 0.0241766, 0.0060192, 0.000787102, 38842, 43441, 55350, 1.24294e+06, 32
0.0254351, 0.0206911, 0.00474195, 0.00033693, 38816, 43210, 17097, 1.24211e+06, 32
0.0257923, 0.0212779, 0.00451251, 0.00031961, 38765, 43185, 16236, 1.24048e+06, 32
0.0318185, 0.0281693, 0.00364737, 4.265e-06, 38749, 43134, 123, 1.23997e+06, 32
0.0284974, 0.0246327, 0.00386244, 5.315e-05, 38798, 43196, 1599, 1.24154e+06, 32
0.0255205, 0.0207206, 0.00479792, 0.000200374, 38732, 43265, 8364, 1.23942e+06, 32
0.0246372, 0.0210743, 0.00356094, 1.9146e-05, 38824, 43261, 615, 1.24237e+06, 32
0.0268328, 0.0218008, 0.00503062, 4.5287e-05, 38776, 43345, 1353, 1.24083e+06, 32
0.0250423, 0.021231, 0.00380958, 9.349e-06, 38757, 43258, 246, 1.24022e+06, 32
0.0290388, 0.0249235, 0.00411256, 9.694e-06, 38793, 43317, 246, 1.24138e+06, 32
0.0255775, 0.0218355, 0.00374006, 5.404e-06, 38741, 43136, 123, 1.23971e+06, 32
0.0316264, 0.0241898, 0.00743494, 0.00144361, 44219, 47762, 106026, 1.41501e+06, 32
0.0300863, 0.0236497, 0.0064348, 0.000862304, 40497, 47180, 72447, 1.2959e+06, 32
0.0371237, 0.0307603, 0.00636129, 0.00104983, 39548, 46727, 90036, 1.26554e+06, 32
0.030921, 0.0234492, 0.00746997, 0.00141118, 42597, 47136, 120786, 1.3631e+06, 32
0.032922, 0.0248094, 0.00811056, 0.00185095, 45721, 48383, 135915, 1.46307e+06, 32
0.0350108, 0.0266087, 0.00840009, 0.0019862, 52856, 50621, 148707, 1.69139e+06, 32
0.0343003, 0.0268128, 0.00748585, 0.00163854, 55481, 51289, 132471, 1.77539e+06, 32
0.0362878, 0.0278444, 0.00844111, 0.00143926, 53489, 51226, 93726, 1.71165e+06, 32
0.0327499, 0.0247746, 0.00797286, 0.00157648, 49971, 51463, 135669, 1.59907e+06, 32
0.0332447, 0.0255029, 0.00774015, 0.00130188, 50272, 52711, 104673, 1.6087e+06, 32
0.0437859, 0.0272166, 0.0165675, 0.00728776, 44882, 51036, 590646, 1.43622e+06, 32
0.0327746, 0.0240456, 0.00872686, 0.00154424, 40081, 49669, 126813, 1.28259e+06, 32
0.0315112, 0.0241133, 0.00739568, 0.000839248, 39414, 49352, 57195, 1.26125e+06, 32
0.0309336, 0.0242503, 0.00668111, 0.000606622, 39431, 49691, 31242, 1.26179e+06, 32
0.0295099, 0.0240031, 0.00550461, 0.00018984, 39393, 49260, 7011, 1.26058e+06, 32
0.0294682, 0.0239471, 0.00551945, 0.000181944, 39334, 49285, 6519, 1.25869e+06, 32
0.0294754, 0.024782, 0.00469161, 0.000121607, 39458, 49584, 4059, 1.26266e+06, 32
0.0283014, 0.0232797, 0.00502013, 0.000157963, 39368, 49211, 6396, 1.25978e+06, 32
0.0294222, 0.0234607, 0.00595993, 0.000162991, 39476, 49561, 5289, 1.26323e+06, 32
0.0300044, 0.0245435, 0.0054587, 0.000180036, 39322, 49427, 6519, 1.2583e+06, 32
0.0278998, 0.0223813, 0.0055165, 0.000214237, 39208, 49289, 7503, 1.25466e+06, 32
0.0276315, 0.0222401, 0.00539003, 0.000260226, 38873, 48895, 9225, 1.24394e+06, 32
0.0255063, 0.0211002, 0.00440426, 0.000210725, 38619, 49057, 9225, 1.23581e+06, 32
0.026663, 0.0218175, 0.00484356, 0.000186109, 38464, 49110, 6642, 1.23085e+06, 32
0.0258399, 0.0216067, 0.0042313, 0.000157696, 38289, 48933, 6027, 1.22525e+06, 32
0.0292818, 0.0237324, 0.00554735, 0.000184304, 38346, 49014, 6027, 1.22707e+06, 32
0.0236079, 0.0197919, 0.00381478, 3.7195e-05, 38268, 48896, 1107, 1.22458e+06, 32
0.0236293, 0.0194333, 0.00419421, 4.8555e-05, 38230, 48655, 1353, 1.22336e+06, 32
0.0264008, 0.0217657, 0.00463317, 6.9838e-05, 38305, 48954, 2460, 1.22576e+06, 32
0.0239333, 0.01997, 0.00396188, 5.148e-06, 38253, 48866, 123, 1.2241e+06, 32
0.0262597, 0.0215493, 0.00470885, 6.6205e-05, 38362, 48955, 1968, 1.22758e+06, 32
0.0249165, 0.0207442, 0.00417073, 9.481e-06, 38371, 48980, 246, 1.22787e+06, 32
0.0243505, 0.020189, 0.00415962, 5.178e-06, 38210, 48693, 123, 1.22272e+06, 32
0.0260215, 0.0217208, 0.00429888, 0, 38254, 48865, 0, 1.22413e+06, 32
0.0263292, 0.021372, 0.00495464, 5.638e-06, 38316, 49041, 123, 1.22611e+06, 32
0.0259033, 0.0215158, 0.00438621, 0, 38374, 48931, 0, 1.22797e+06, 32
0.027296, 0.0222987, 0.00499563, 5.961e-06, 38330, 48962, 123, 1.22656e+06, 32
0.0271019, 0.0222868, 0.00481324, 0, 38363, 48985, 0, 1.22762e+06, 32
0.0266701, 0.0219971, 0.00467181, 0, 38230, 48655, 0, 1.22336e+06, 32
0.0276961, 0.0235212, 0.00417285, 0, 38270, 48886, 0, 1.22464e+06, 32
0.0272287, 0.0225524, 0.00467416, 0, 38270, 48867, 0, 1.22464e+06, 32
0.0285048, 0.0238975, 0.00460526, 4.716e-06, 38256, 48905, 123, 1.22419e+06, 32
0.0269019, 0.0227043, 0.00419575, 4.156e-06, 38241, 48845, 123, 1.22371e+06, 32
0.0267753, 0.0225381, 0.00423545, 4.514e-06, 38363, 48910, 123, 1.22762e+06, 32
0.0292004, 0.0249432, 0.0042549, 4.763e-06, 38257, 48911, 123, 1.22422e+06, 32
0.0277709, 0.0232617, 0.00450698, 0, 38356, 48912, 0, 1.22739e+06, 32
0.0273603, 0.0232949, 0.00406241, 5.186e-06, 38210, 48607, 123, 1.22272e+06, 32
0.0287013, 0.0245943, 0.00410477, 0, 38344, 49022, 0, 1.22701e+06, 32
0.026584, 0.0224037, 0.00417865, 0, 38256, 48878, 0, 1.22419e+06, 32
0.0281586, 0.022977, 0.00517982, 1.0467e-05, 38365, 48975, 246, 1.22768e+06, 32
0.0287307, 0.0241584, 0.00457023, 0, 38355, 48920, 0, 1.22736e+06, 32
0.0269747, 0.0227824, 0.00418984, 4.662e-06, 38330, 48935, 123, 1.22656e+06, 32
0.0271395, 0.0225651, 0.00457232, 0, 38219, 48594, 0, 1.22301e+06, 32
0.0286973, 0.023679, 0.00501599, 0, 38215, 48606, 0, 1.22288e+06, 32
0.0267978, 0.0227048, 0.00409086, 8.968e-06, 38316, 49047, 246, 1.22611e+06, 32
0.0264136, 0.0223866, 0.00402491, 0, 38201, 48611, 0, 1.22243e+06, 32
0.0289109, 0.024821, 0.00408773, 4.759e-06, 38325, 48984, 123, 1.2264e+06, 32
0.0277333, 0.023046, 0.00468526, 0, 38353, 48965, 0, 1.2273e+06, 32
0.0277043, 0.0233487, 0.00435363, 0, 38293, 48685, 0, 1.22538e+06, 32
0.0284666, 0.0236977, 0.0047667, 0, 38241, 48845, 0, 1.22371e+06, 32
0.0283737, 0.0237996, 0.00457218, 0, 38319, 49007, 0, 1.22621e+06, 32
0.0285656, 0.0238851, 0.00467909, 0, 38297, 48909, 0, 1.2255e+06, 32
0.0278749, 0.0233399, 0.00453329, 0, 38365, 48928, 0, 1.22768e+06, 32
0.0323893, 0.025714, 0.00667374, 0.0010243, 53387, 51850, 79212, 1.70838e+06, 32
0.0328839, 0.0257558, 0.00712644, 0.00114855, 57894, 50752, 90774, 1.85261e+06, 32
0.0346915, 0.026339, 0.00835075, 0.00210918, 57013, 52650, 179826, 1.82442e+06, 32
0.033103, 0.025977, 0.00712384, 0.0015468, 61274, 48337, 145632, 1.96077e+06, 32
0.0295651, 0.0225769, 0.006986, 0.00127841, 62121, 46636, 111684, 1.98787e+06, 32
0.0286238, 0.0222529, 0.00636868, 0.00105091, 60937, 43751, 88683, 1.94998e+06, 32
0.0261592, 0.0205817, 0.005576, 0.000735152, 50654, 41822, 58794, 1.62093e+06, 32
0.0278249, 0.0213211, 0.00650157, 0.00114308, 50524, 42575, 89913, 1.61677e+06, 32
0.03563, 0.0277314, 0.00789678, 0.00161011, 59881, 46332, 133455, 1.91619e+06, 32
0.0278445, 0.0217717, 0.00607084, 0.0011994, 66969, 44544, 104058, 2.14301e+06, 32
0.0274206, 0.02073, 0.0066891, 0.0013518, 58817, 46508, 109101, 1.88214e+06, 32
0.0274885, 0.0209796, 0.00650642, 0.00123647, 65009, 49518, 94956, 2.08029e+06, 32
0.0261716, 0.0197626, 0.00640731, 0.000887757, 44954, 48754, 73308, 1.43853e+06, 32
0.0290465, 0.0210109, 0.0080333, 0.00176076, 44203, 47852, 160884, 1.4145e+06, 32
0.027106, 0.0197756, 0.00732858, 0.00141182, 42883, 46046, 119556, 1.37226e+06, 32
0.0274207, 0.0202377, 0.00718107, 0.0010174, 42619, 45230, 79950, 1.36381e+06, 32
0.0239626, 0.0185444, 0.0054155, 0.000603469, 39482, 43811, 40467, 1.26342e+06, 32
0.0238638, 0.0184991, 0.00536293, 0.000441431, 39320, 43830, 26691, 1.25824e+06, 32
0.0232624, 0.0190731, 0.0041876, 0.000145368, 39305, 43836, 5535, 1.25776e+06, 32
0.0227199, 0.0186458, 0.00407231, 0.000106778, 39381, 43843, 3690, 1.26019e+06, 32
0.028257, 0.0224231, 0.00583227, 0.00109299, 51033, 46798, 85977, 1.63306e+06, 32
0.0270096, 0.0210142, 0.00599384, 0.000862825, 45679, 46056, 69618, 1.46173e+06, 32
0.0280594, 0.0210517, 0.00700581, 0.00111356, 37798, 46301, 98523, 1.20954e+06, 32
0.0285327, 0.0214596, 0.00707157, 0.00100633, 28882, 50160, 84870, 924224, 32
0.030227, 0.0226535, 0.00757171, 0.00108306, 25913, 53554, 86346, 829216, 32
0.0316186, 0.0230148, 0.00860239, 0.000988554, 23980, 62731, 76014, 767360, 32
0.0364491, 0.0255421, 0.0109049, 0.00153439, 22305, 72613, 93726, 713760, 32
0.0455627, 0.0330665, 0.0124943, 0.00173894, 21994, 85389, 119925, 703808, 32
0.0449368, 0.0308731, 0.0140619, 0.0021439, 22868, 99887, 126444, 731776, 32
0.0469925, 0.0356513, 0.0113388, 0.00143709, 27766, 105257, 98031, 888512, 32
0.0483813, 0.0339011, 0.0144787, 0.00114373, 20239, 114054, 72078, 647648, 32
0.0457252, 0.0317312, 0.0139928, 0.000991391, 16983, 113377, 55842, 543456, 32
0.0448805, 0.0308097, 0.0140691, 0.00100517, 16424, 113014, 45018, 525568, 32
0.0417401, 0.0283313, 0.013407, 0.000617051, 14540, 102507, 30750, 465280, 32
0.0413097, 0.0285258, 0.0127822, 0.000486101, 14542, 103247, 23124, 465344, 32
0.0390017, 0.0280986, 0.010902, 5.1867e-05, 14530, 102664, 1599, 464960, 32
0.041654, 0.0292641, 0.0123878, 0.000404121, 14529, 102813, 16359, 464928, 32
0.0496982, 0.0350931, 0.0146033, 0.00103107, 19797, 119756, 52275, 633504, 32
0.0531778, 0.037588, 0.0155878, 0.00110838, 15917, 124393, 55104, 509344, 32
0.0463061, 0.0316891, 0.0146151, 0.000776653, 12093, 115656, 36162, 386976, 32
0.0423937, 0.0287487, 0.0136426, 0.000521565, 10324, 109423, 24477, 330368, 32
0.0408578, 0.027773, 0.0130825, 0.000569706, 9505, 108913, 26322, 304160, 32
0.0403782, 0.0275189, 0.0128578, 0.000504038, 8972, 108407, 24108, 287104, 32
0.045117, 0.0325507, 0.0125643, 0.00046976, 8535, 106379, 19557, 273120, 32
0.0523085, 0.0387786, 0.0135277, 0.000538141, 9509, 113555, 23124, 304288, 32
0.0425978, 0.031341, 0.0112546, 0.000555657, 13227, 112050, 31365, 423264, 32
0.0387658, 0.0277667, 0.0109974, 0.000423247, 11393, 111156, 21771, 364576, 32
0.0366528, 0.0260193, 0.0106318, 0.000397913, 9559, 107368, 18696, 305888, 32
0.0367686, 0.0249217, 0.0118452, 0.000356142, 8342, 104847, 15621, 266944, 32
0.0342172, 0.0237728, 0.0104423, 0.000177976, 7425, 96840, 5904, 237600, 32
