x,y,z
7.1750000000000007,19.475000000000001,1.9750000000000001
7.1750000000000007,19.475000000000001,3.0250000000000004
7.1750000000000007,19.475000000000001,3.125
7.2250000000000005,18.324999999999999,3.0250000000000004
7.2250000000000005,18.324999999999999,3.125
7.2250000000000005,19.425000000000001,1.925
7.2250000000000005,19.425000000000001,1.9750000000000001
7.2250000000000005,19.425000000000001,2.0249999999999999
7.2250000000000005,19.425000000000001,2.0750000000000002
7.2250000000000005,19.425000000000001,2.125
7.2250000000000005,19.425000000000001,2.1750000000000003
7.2250000000000005,19.425000000000001,3.0750000000000002
7.2250000000000005,19.425000000000001,3.125
7.2250000000000005,19.475000000000001,2.0249999999999999
7.2250000000000005,19.475000000000001,2.0750000000000002
7.2250000000000005,19.475000000000001,2.125
7.2250000000000005,19.475000000000001,2.1750000000000003
7.2250000000000005,19.475000000000001,2.2250000000000001
7.2250000000000005,19.475000000000001,2.2749999999999999
7.2250000000000005,19.475000000000001,2.3250000000000002
7.2250000000000005,19.475000000000001,2.375
7.2250000000000005,19.475000000000001,2.4750000000000001
7.2250000000000005,19.475000000000001,2.8250000000000002
7.2250000000000005,19.475000000000001,2.9250000000000003
7.2250000000000005,19.475000000000001,3.0250000000000004
7.2250000000000005,19.475000000000001,3.0750000000000002
7.2250000000000005,19.475000000000001,3.125
7.2750000000000004,18.324999999999999,1.9750000000000001
7.2750000000000004,18.324999999999999,2.0249999999999999
7.2750000000000004,18.324999999999999,2.125
7.2750000000000004,18.324999999999999,2.1750000000000003
7.2750000000000004,18.324999999999999,2.2749999999999999
7.2750000000000004,18.324999999999999,2.5750000000000002
7.2750000000000004,18.324999999999999,2.8250000000000002
7.2750000000000004,18.324999999999999,2.875
7.2750000000000004,18.324999999999999,2.9250000000000003
7.2750000000000004,18.324999999999999,3.0250000000000004
7.2750000000000004,18.375,3.0250000000000004
7.2750000000000004,18.375,3.125
7.2750000000000004,19.375,1.925
7.2750000000000004,19.375,1.9750000000000001
7.2750000000000004,19.375,2.0249999999999999
7.2750000000000004,19.375,2.0750000000000002
7.2750000000000004,19.425000000000001,1.925
7.2750000000000004,19.425000000000001,1.9750000000000001
7.2750000000000004,19.425000000000001,2.0249999999999999
7.2750000000000004,19.425000000000001,2.0750000000000002
7.2750000000000004,19.425000000000001,2.125
7.2750000000000004,19.425000000000001,2.1750000000000003
7.2750000000000004,19.425000000000001,2.2250000000000001
7.2750000000000004,19.425000000000001,2.2749999999999999
7.2750000000000004,19.425000000000001,2.3250000000000002
7.2750000000000004,19.425000000000001,2.375
7.2750000000000004,19.425000000000001,2.4250000000000003
7.2750000000000004,19.425000000000001,2.4750000000000001
7.2750000000000004,19.425000000000001,2.5250000000000004
7.2750000000000004,19.425000000000001,2.5750000000000002
7.2750000000000004,19.425000000000001,2.625
7.2750000000000004,19.425000000000001,2.6750000000000003
7.2750000000000004,19.425000000000001,2.7250000000000001
7.2750000000000004,19.425000000000001,2.7750000000000004
7.2750000000000004,19.425000000000001,2.8250000000000002
7.2750000000000004,19.425000000000001,2.875
7.2750000000000004,19.425000000000001,2.9250000000000003
7.2750000000000004,19.425000000000001,2.9750000000000001
7.2750000000000004,19.425000000000001,3.0250000000000004
7.2750000000000004,19.425000000000001,3.0750000000000002
7.2750000000000004,19.425000000000001,3.125
7.2750000000000004,19.475000000000001,2.0750000000000002
7.2750000000000004,19.475000000000001,2.2250000000000001
7.2750000000000004,19.475000000000001,2.2749999999999999
7.2750000000000004,19.475000000000001,2.3250000000000002
7.2750000000000004,19.475000000000001,2.375
7.2750000000000004,19.475000000000001,2.4250000000000003
7.2750000000000004,19.475000000000001,2.4750000000000001
7.2750000000000004,19.475000000000001,2.5250000000000004
7.2750000000000004,19.475000000000001,2.5750000000000002
7.2750000000000004,19.475000000000001,2.625
7.2750000000000004,19.475000000000001,2.6750000000000003
7.2750000000000004,19.475000000000001,2.7250000000000001
7.2750000000000004,19.475000000000001,2.7750000000000004
7.2750000000000004,19.475000000000001,2.8250000000000002
7.2750000000000004,19.475000000000001,2.875
7.2750000000000004,19.475000000000001,2.9250000000000003
7.2750000000000004,19.475000000000001,2.9750000000000001
7.2750000000000004,19.475000000000001,3.0250000000000004
7.2750000000000004,19.475000000000001,3.125
7.3250000000000002,18.324999999999999,1.925
7.3250000000000002,18.324999999999999,2.125
7.3250000000000002,18.324999999999999,2.2749999999999999
7.3250000000000002,18.324999999999999,2.625
7.3250000000000002,18.324999999999999,2.8250000000000002
7.3250000000000002,18.375,1.925
7.3250000000000002,18.375,1.9750000000000001
7.3250000000000002,18.375,2.0249999999999999
7.3250000000000002,18.375,2.0750000000000002
7.3250000000000002,18.375,2.125
7.3250000000000002,18.375,2.1750000000000003
7.3250000000000002,18.375,2.2250000000000001
7.3250000000000002,18.375,2.2749999999999999
7.3250000000000002,18.375,2.3250000000000002
7.3250000000000002,18.375,2.375
7.3250000000000002,18.375,2.4250000000000003
7.3250000000000002,18.375,2.4750000000000001
7.3250000000000002,18.375,2.5250000000000004
7.3250000000000002,18.375,2.5750000000000002
7.3250000000000002,18.375,2.625
7.3250000000000002,18.375,2.6750000000000003
7.3250000000000002,18.375,2.7250000000000001
7.3250000000000002,18.375,2.7750000000000004
7.3250000000000002,18.375,2.8250000000000002
7.3250000000000002,18.375,2.875
7.3250000000000002,18.375,2.9250000000000003
7.3250000000000002,18.375,2.9750000000000001
7.3250000000000002,18.375,3.0250000000000004
7.3250000000000002,18.375,3.0750000000000002
7.3250000000000002,18.375,3.125
7.3250000000000002,18.425000000000001,3.0250000000000004
7.3250000000000002,19.375,1.925
7.3250000000000002,19.375,1.9750000000000001
7.3250000000000002,19.375,2.0249999999999999
7.3250000000000002,19.375,2.0750000000000002
7.3250000000000002,19.375,2.125
7.3250000000000002,19.375,2.1750000000000003
7.3250000000000002,19.375,2.2250000000000001
7.3250000000000002,19.375,2.2749999999999999
7.3250000000000002,19.375,2.3250000000000002
7.3250000000000002,19.375,2.375
7.3250000000000002,19.375,2.4250000000000003
7.3250000000000002,19.375,2.4750000000000001
7.3250000000000002,19.375,2.5250000000000004
7.3250000000000002,19.375,2.5750000000000002
7.3250000000000002,19.375,2.625
7.3250000000000002,19.375,2.6750000000000003
7.3250000000000002,19.375,2.7250000000000001
7.3250000000000002,19.375,2.7750000000000004
7.3250000000000002,19.375,2.8250000000000002
7.3250000000000002,19.375,2.875
7.3250000000000002,19.375,2.9250000000000003
7.3250000000000002,19.375,2.9750000000000001
7.3250000000000002,19.375,3.0250000000000004
7.3250000000000002,19.375,3.0750000000000002
7.3250000000000002,19.375,3.125
7.3250000000000002,19.425000000000001,1.925
7.3250000000000002,19.425000000000001,1.9750000000000001
7.3250000000000002,19.425000000000001,2.0249999999999999
7.3250000000000002,19.425000000000001,2.0750000000000002
7.3250000000000002,19.425000000000001,2.125
7.3250000000000002,19.425000000000001,2.1750000000000003
7.3250000000000002,19.425000000000001,2.2250000000000001
7.3250000000000002,19.425000000000001,2.2749999999999999
7.3250000000000002,19.425000000000001,2.3250000000000002
7.3250000000000002,19.425000000000001,2.375
7.3250000000000002,19.425000000000001,2.4250000000000003
7.3250000000000002,19.425000000000001,2.4750000000000001
7.3250000000000002,19.425000000000001,2.5250000000000004
7.3250000000000002,19.425000000000001,2.5750000000000002
7.3250000000000002,19.425000000000001,2.625
7.3250000000000002,19.425000000000001,2.6750000000000003
7.3250000000000002,19.425000000000001,2.7250000000000001
7.3250000000000002,19.425000000000001,2.7750000000000004
7.3250000000000002,19.425000000000001,2.8250000000000002
7.3250000000000002,19.425000000000001,2.875
7.3250000000000002,19.425000000000001,2.9250000000000003
7.3250000000000002,19.425000000000001,2.9750000000000001
7.3250000000000002,19.425000000000001,3.0250000000000004
7.3250000000000002,19.425000000000001,3.0750000000000002
7.3250000000000002,19.425000000000001,3.125
7.375,18.375,1.925
7.375,18.375,1.9750000000000001
7.375,18.375,2.0249999999999999
7.375,18.375,2.0750000000000002
7.375,18.375,2.125
7.375,18.375,2.1750000000000003
7.375,18.375,2.2250000000000001
7.375,18.375,2.2749999999999999
7.375,18.375,2.3250000000000002
7.375,18.375,2.375
7.375,18.375,2.4250000000000003
7.375,18.375,2.4750000000000001
7.375,18.375,2.5250000000000004
7.375,18.375,2.5750000000000002
7.375,18.375,2.625
7.375,18.375,2.6750000000000003
7.375,18.375,2.7250000000000001
7.375,18.375,2.7750000000000004
7.375,18.375,2.8250000000000002
7.375,18.375,2.875
7.375,18.375,2.9250000000000003
7.375,18.375,2.9750000000000001
7.375,18.375,3.0250000000000004
7.375,18.375,3.0750000000000002
7.375,18.375,3.125
7.375,18.425000000000001,1.925
7.375,18.425000000000001,1.9750000000000001
7.375,18.425000000000001,2.0249999999999999
7.375,18.425000000000001,2.0750000000000002
7.375,18.425000000000001,2.125
7.375,18.425000000000001,2.1750000000000003
7.375,18.425000000000001,2.2250000000000001
7.375,18.425000000000001,2.2749999999999999
7.375,18.425000000000001,2.3250000000000002
7.375,18.425000000000001,2.375
7.375,18.425000000000001,2.4250000000000003
7.375,18.425000000000001,2.4750000000000001
7.375,18.425000000000001,2.5250000000000004
7.375,18.425000000000001,2.5750000000000002
7.375,18.425000000000001,2.625
7.375,18.425000000000001,2.6750000000000003
7.375,18.425000000000001,2.7250000000000001
7.375,18.425000000000001,2.7750000000000004
7.375,18.425000000000001,2.8250000000000002
7.375,18.425000000000001,2.875
7.375,18.425000000000001,2.9250000000000003
7.375,18.425000000000001,2.9750000000000001
7.375,18.425000000000001,3.0250000000000004
7.375,18.425000000000001,3.0750000000000002
7.375,18.425000000000001,3.125
7.375,19.325000000000003,1.925
7.375,19.325000000000003,1.9750000000000001
7.375,19.325000000000003,2.0249999999999999
7.375,19.325000000000003,2.0750000000000002
7.375,19.325000000000003,2.125
7.375,19.325000000000003,2.1750000000000003
7.375,19.325000000000003,2.2250000000000001
7.375,19.325000000000003,2.2749999999999999
7.375,19.325000000000003,2.3250000000000002
7.375,19.325000000000003,2.375
7.375,19.325000000000003,2.4250000000000003
7.375,19.325000000000003,2.4750000000000001
7.375,19.325000000000003,2.9750000000000001
7.375,19.325000000000003,3.0250000000000004
7.375,19.325000000000003,3.0750000000000002
7.375,19.325000000000003,3.125
7.375,19.375,1.925
7.375,19.375,1.9750000000000001
7.375,19.375,2.0249999999999999
7.375,19.375,2.0750000000000002
7.375,19.375,2.125
7.375,19.375,2.1750000000000003
7.375,19.375,2.2250000000000001
7.375,19.375,2.2749999999999999
7.375,19.375,2.3250000000000002
7.375,19.375,2.375
7.375,19.375,2.4250000000000003
7.375,19.375,2.4750000000000001
7.375,19.375,2.5250000000000004
7.375,19.375,2.5750000000000002
7.375,19.375,2.625
7.375,19.375,2.6750000000000003
7.375,19.375,2.7250000000000001
7.375,19.375,2.7750000000000004
7.375,19.375,2.8250000000000002
7.375,19.375,2.875
7.375,19.375,2.9250000000000003
7.375,19.375,2.9750000000000001
7.375,19.375,3.0250000000000004
7.375,19.375,3.0750000000000002
7.375,19.375,3.125
7.375,19.425000000000001,1.925
7.375,19.425000000000001,1.9750000000000001
7.375,19.425000000000001,2.0249999999999999
7.375,19.425000000000001,2.0750000000000002
7.375,19.425000000000001,2.125
7.375,19.425000000000001,2.1750000000000003
7.375,19.425000000000001,2.2250000000000001
7.375,19.425000000000001,2.2749999999999999
7.375,19.425000000000001,2.3250000000000002
7.375,19.425000000000001,2.375
7.375,19.425000000000001,2.4250000000000003
7.375,19.425000000000001,2.4750000000000001
7.375,19.425000000000001,2.5250000000000004
7.375,19.425000000000001,2.5750000000000002
7.375,19.425000000000001,2.625
7.375,19.425000000000001,2.6750000000000003
7.375,19.425000000000001,2.7250000000000001
7.375,19.425000000000001,2.7750000000000004
7.375,19.425000000000001,2.8250000000000002
7.375,19.425000000000001,2.875
7.375,19.425000000000001,2.9250000000000003
7.375,19.425000000000001,2.9750000000000001
7.375,19.425000000000001,3.0250000000000004
7.375,19.425000000000001,3.0750000000000002
7.375,19.425000000000001,3.125
7.4250000000000007,18.425000000000001,1.925
7.4250000000000007,18.425000000000001,1.9750000000000001
7.4250000000000007,18.425000000000001,2.0249999999999999
7.4250000000000007,18.425000000000001,2.0750000000000002
7.4250000000000007,18.425000000000001,2.125
7.4250000000000007,18.425000000000001,2.1750000000000003
7.4250000000000007,18.425000000000001,2.2250000000000001
7.4250000000000007,18.425000000000001,2.2749999999999999
7.4250000000000007,18.425000000000001,2.3250000000000002
7.4250000000000007,18.425000000000001,2.375
7.4250000000000007,18.425000000000001,2.4250000000000003
7.4250000000000007,18.425000000000001,2.4750000000000001
7.4250000000000007,18.425000000000001,2.5250000000000004
7.4250000000000007,18.425000000000001,2.5750000000000002
7.4250000000000007,18.425000000000001,2.625
7.4250000000000007,18.425000000000001,2.6750000000000003
7.4250000000000007,18.425000000000001,2.7250000000000001
7.4250000000000007,18.425000000000001,2.7750000000000004
7.4250000000000007,18.425000000000001,2.8250000000000002
7.4250000000000007,18.425000000000001,2.875
7.4250000000000007,18.425000000000001,2.9250000000000003
7.4250000000000007,18.425000000000001,2.9750000000000001
7.4250000000000007,18.425000000000001,3.0250000000000004
7.4250000000000007,18.425000000000001,3.0750000000000002
7.4250000000000007,18.425000000000001,3.125
7.4250000000000007,18.475000000000001,1.925
7.4250000000000007,18.475000000000001,1.9750000000000001
7.4250000000000007,18.475000000000001,2.0249999999999999
7.4250000000000007,18.475000000000001,2.0750000000000002
7.4250000000000007,18.475000000000001,2.125
7.4250000000000007,18.475000000000001,2.1750000000000003
7.4250000000000007,18.475000000000001,2.2250000000000001
7.4250000000000007,18.475000000000001,2.2749999999999999
7.4250000000000007,18.475000000000001,2.3250000000000002
7.4250000000000007,18.475000000000001,2.375
7.4250000000000007,18.475000000000001,2.4250000000000003
7.4250000000000007,18.475000000000001,2.4750000000000001
7.4250000000000007,18.475000000000001,2.5250000000000004
7.4250000000000007,18.475000000000001,2.5750000000000002
7.4250000000000007,18.475000000000001,2.625
7.4250000000000007,18.475000000000001,2.6750000000000003
7.4250000000000007,18.475000000000001,2.7250000000000001
7.4250000000000007,18.475000000000001,2.7750000000000004
7.4250000000000007,18.475000000000001,2.8250000000000002
7.4250000000000007,18.475000000000001,2.875
7.4250000000000007,18.475000000000001,2.9250000000000003
7.4250000000000007,18.475000000000001,2.9750000000000001
7.4250000000000007,18.475000000000001,3.0250000000000004
7.4250000000000007,18.475000000000001,3.0750000000000002
7.4250000000000007,18.475000000000001,3.125
7.4250000000000007,18.525000000000002,1.925
7.4250000000000007,18.525000000000002,1.9750000000000001
7.4250000000000007,19.225000000000001,2.0750000000000002
7.4250000000000007,19.225000000000001,2.1750000000000003
7.4250000000000007,19.275000000000002,1.925
7.4250000000000007,19.275000000000002,1.9750000000000001
7.4250000000000007,19.275000000000002,2.0249999999999999
7.4250000000000007,19.275000000000002,2.0750000000000002
7.4250000000000007,19.275000000000002,2.125
7.4250000000000007,19.275000000000002,2.1750000000000003
7.4250000000000007,19.275000000000002,2.2250000000000001
7.4250000000000007,19.275000000000002,2.2749999999999999
7.4250000000000007,19.275000000000002,2.3250000000000002
7.4250000000000007,19.275000000000002,2.375
7.4250000000000007,19.275000000000002,2.4250000000000003
7.4250000000000007,19.275000000000002,2.4750000000000001
7.4250000000000007,19.275000000000002,2.5250000000000004
7.4250000000000007,19.275000000000002,2.5750000000000002
7.4250000000000007,19.275000000000002,2.625
7.4250000000000007,19.275000000000002,2.6750000000000003
7.4250000000000007,19.275000000000002,2.7250000000000001
7.4250000000000007,19.275000000000002,2.7750000000000004
7.4250000000000007,19.275000000000002,2.8250000000000002
7.4250000000000007,19.275000000000002,2.9250000000000003
7.4250000000000007,19.275000000000002,2.9750000000000001
7.4250000000000007,19.275000000000002,3.0250000000000004
7.4250000000000007,19.275000000000002,3.125
7.4250000000000007,19.325000000000003,1.925
7.4250000000000007,19.325000000000003,1.9750000000000001
7.4250000000000007,19.325000000000003,2.0249999999999999
7.4250000000000007,19.325000000000003,2.0750000000000002
7.4250000000000007,19.325000000000003,2.125
7.4250000000000007,19.325000000000003,2.1750000000000003
7.4250000000000007,19.325000000000003,2.2250000000000001
7.4250000000000007,19.325000000000003,2.2749999999999999
7.4250000000000007,19.325000000000003,2.3250000000000002
7.4250000000000007,19.325000000000003,2.375
7.4250000000000007,19.325000000000003,2.4250000000000003
7.4250000000000007,19.325000000000003,2.4750000000000001
7.4250000000000007,19.325000000000003,2.5250000000000004
7.4250000000000007,19.325000000000003,2.5750000000000002
7.4250000000000007,19.325000000000003,2.625
7.4250000000000007,19.325000000000003,2.6750000000000003
7.4250000000000007,19.325000000000003,2.7250000000000001
7.4250000000000007,19.325000000000003,2.7750000000000004
7.4250000000000007,19.325000000000003,2.8250000000000002
7.4250000000000007,19.325000000000003,2.875
7.4250000000000007,19.325000000000003,2.9250000000000003
7.4250000000000007,19.325000000000003,2.9750000000000001
7.4250000000000007,19.325000000000003,3.0250000000000004
7.4250000000000007,19.325000000000003,3.0750000000000002
7.4250000000000007,19.325000000000003,3.125
7.4250000000000007,19.375,1.925
7.4250000000000007,19.375,1.9750000000000001
7.4250000000000007,19.375,2.0249999999999999
7.4250000000000007,19.375,2.0750000000000002
7.4250000000000007,19.375,2.125
7.4250000000000007,19.375,2.1750000000000003
7.4250000000000007,19.375,2.2250000000000001
7.4250000000000007,19.375,2.2749999999999999
7.4250000000000007,19.375,2.3250000000000002
7.4250000000000007,19.375,2.375
7.4250000000000007,19.375,2.4250000000000003
7.4250000000000007,19.375,2.4750000000000001
7.4250000000000007,19.375,2.5250000000000004
7.4250000000000007,19.375,2.5750000000000002
7.4250000000000007,19.375,2.625
7.4250000000000007,19.375,2.6750000000000003
7.4250000000000007,19.375,2.7250000000000001
7.4250000000000007,19.375,2.7750000000000004
7.4250000000000007,19.375,2.8250000000000002
7.4250000000000007,19.375,2.875
7.4250000000000007,19.375,2.9250000000000003
7.4250000000000007,19.375,2.9750000000000001
7.4250000000000007,19.375,3.0250000000000004
7.4250000000000007,19.375,3.0750000000000002
7.4250000000000007,19.375,3.125
7.4750000000000005,18.425000000000001,1.925
7.4750000000000005,18.425000000000001,1.9750000000000001
7.4750000000000005,18.425000000000001,2.0249999999999999
7.4750000000000005,18.425000000000001,2.0750000000000002
7.4750000000000005,18.425000000000001,2.1750000000000003
7.4750000000000005,18.425000000000001,2.2250000000000001
7.4750000000000005,18.425000000000001,2.3250000000000002
7.4750000000000005,18.425000000000001,2.4750000000000001
7.4750000000000005,18.425000000000001,2.5750000000000002
7.4750000000000005,18.425000000000001,2.6750000000000003
7.4750000000000005,18.425000000000001,3.0750000000000002
7.4750000000000005,18.475000000000001,1.925
7.4750000000000005,18.475000000000001,1.9750000000000001
7.4750000000000005,18.475000000000001,2.0249999999999999
7.4750000000000005,18.475000000000001,2.0750000000000002
7.4750000000000005,18.475000000000001,2.125
7.4750000000000005,18.475000000000001,2.1750000000000003
7.4750000000000005,18.475000000000001,2.2250000000000001
7.4750000000000005,18.475000000000001,2.2749999999999999
7.4750000000000005,18.475000000000001,2.3250000000000002
7.4750000000000005,18.475000000000001,2.375
7.4750000000000005,18.475000000000001,2.4250000000000003
7.4750000000000005,18.475000000000001,2.4750000000000001
7.4750000000000005,18.475000000000001,2.5250000000000004
7.4750000000000005,18.475000000000001,2.5750000000000002
7.4750000000000005,18.475000000000001,2.625
7.4750000000000005,18.475000000000001,2.6750000000000003
7.4750000000000005,18.475000000000001,2.7250000000000001
7.4750000000000005,18.475000000000001,2.7750000000000004
7.4750000000000005,18.475000000000001,2.8250000000000002
7.4750000000000005,18.475000000000001,2.875
7.4750000000000005,18.475000000000001,2.9250000000000003
7.4750000000000005,18.475000000000001,2.9750000000000001
7.4750000000000005,18.475000000000001,3.0250000000000004
7.4750000000000005,18.475000000000001,3.0750000000000002
7.4750000000000005,18.475000000000001,3.125
7.4750000000000005,18.525000000000002,1.925
7.4750000000000005,18.525000000000002,1.9750000000000001
7.4750000000000005,18.525000000000002,2.0249999999999999
7.4750000000000005,18.525000000000002,2.0750000000000002
7.4750000000000005,18.525000000000002,2.125
7.4750000000000005,18.525000000000002,2.1750000000000003
7.4750000000000005,18.525000000000002,2.2250000000000001
7.4750000000000005,18.525000000000002,2.2749999999999999
7.4750000000000005,18.525000000000002,2.3250000000000002
7.4750000000000005,18.525000000000002,2.375
7.4750000000000005,18.525000000000002,2.4250000000000003
7.4750000000000005,18.525000000000002,2.4750000000000001
7.4750000000000005,18.525000000000002,2.5250000000000004
7.4750000000000005,18.525000000000002,2.5750000000000002
7.4750000000000005,18.525000000000002,2.625
7.4750000000000005,18.525000000000002,2.6750000000000003
7.4750000000000005,18.525000000000002,2.7250000000000001
7.4750000000000005,18.525000000000002,2.7750000000000004
7.4750000000000005,18.525000000000002,2.8250000000000002
7.4750000000000005,18.525000000000002,2.875
7.4750000000000005,18.525000000000002,2.9250000000000003
7.4750000000000005,18.525000000000002,2.9750000000000001
7.4750000000000005,18.525000000000002,3.0250000000000004
7.4750000000000005,18.525000000000002,3.0750000000000002
7.4750000000000005,18.525000000000002,3.125
7.4750000000000005,18.574999999999999,1.925
7.4750000000000005,18.574999999999999,1.9750000000000001
7.4750000000000005,18.574999999999999,2.0249999999999999
7.4750000000000005,18.574999999999999,2.0750000000000002
7.4750000000000005,18.574999999999999,2.125
7.4750000000000005,18.574999999999999,2.1750000000000003
7.4750000000000005,18.574999999999999,2.2250000000000001
7.4750000000000005,18.574999999999999,2.2749999999999999
7.4750000000000005,18.574999999999999,2.3250000000000002
7.4750000000000005,18.574999999999999,2.375
7.4750000000000005,18.574999999999999,2.4250000000000003
7.4750000000000005,18.574999999999999,2.4750000000000001
7.4750000000000005,18.574999999999999,2.625
7.4750000000000005,18.574999999999999,2.6750000000000003
7.4750000000000005,18.574999999999999,2.7250000000000001
7.4750000000000005,18.574999999999999,2.7750000000000004
7.4750000000000005,18.574999999999999,2.8250000000000002
7.4750000000000005,18.574999999999999,2.875
7.4750000000000005,18.574999999999999,2.9250000000000003
7.4750000000000005,18.574999999999999,2.9750000000000001
7.4750000000000005,18.574999999999999,3.0250000000000004
7.4750000000000005,18.574999999999999,3.0750000000000002
7.4750000000000005,18.574999999999999,3.125
7.4750000000000005,18.625,1.925
7.4750000000000005,19.175000000000001,1.9750000000000001
7.4750000000000005,19.175000000000001,2.0750000000000002
7.4750000000000005,19.175000000000001,2.1750000000000003
7.4750000000000005,19.175000000000001,2.2749999999999999
7.4750000000000005,19.175000000000001,2.375
7.4750000000000005,19.175000000000001,2.4750000000000001
7.4750000000000005,19.175000000000001,2.5250000000000004
7.4750000000000005,19.175000000000001,2.5750000000000002
7.4750000000000005,19.175000000000001,2.625
7.4750000000000005,19.175000000000001,2.6750000000000003
7.4750000000000005,19.175000000000001,2.7250000000000001
7.4750000000000005,19.175000000000001,2.7750000000000004
7.4750000000000005,19.175000000000001,2.8250000000000002
7.4750000000000005,19.175000000000001,2.875
7.4750000000000005,19.175000000000001,2.9250000000000003
7.4750000000000005,19.175000000000001,3.0250000000000004
7.4750000000000005,19.175000000000001,3.125
7.4750000000000005,19.225000000000001,1.925
7.4750000000000005,19.225000000000001,1.9750000000000001
7.4750000000000005,19.225000000000001,2.0249999999999999
7.4750000000000005,19.225000000000001,2.0750000000000002
7.4750000000000005,19.225000000000001,2.125
7.4750000000000005,19.225000000000001,2.1750000000000003
7.4750000000000005,19.225000000000001,2.2250000000000001
7.4750000000000005,19.225000000000001,2.2749999999999999
7.4750000000000005,19.225000000000001,2.3250000000000002
7.4750000000000005,19.225000000000001,2.375
7.4750000000000005,19.225000000000001,2.4250000000000003
7.4750000000000005,19.225000000000001,2.4750000000000001
7.4750000000000005,19.225000000000001,2.5250000000000004
7.4750000000000005,19.225000000000001,2.5750000000000002
7.4750000000000005,19.225000000000001,2.625
7.4750000000000005,19.225000000000001,2.6750000000000003
7.4750000000000005,19.225000000000001,2.7250000000000001
7.4750000000000005,19.225000000000001,2.7750000000000004
7.4750000000000005,19.225000000000001,2.8250000000000002
7.4750000000000005,19.225000000000001,2.875
7.4750000000000005,19.225000000000001,2.9250000000000003
7.4750000000000005,19.225000000000001,2.9750000000000001
7.4750000000000005,19.225000000000001,3.0250000000000004
7.4750000000000005,19.225000000000001,3.0750000000000002
7.4750000000000005,19.225000000000001,3.125
7.4750000000000005,19.275000000000002,1.925
7.4750000000000005,19.275000000000002,1.9750000000000001
7.4750000000000005,19.275000000000002,2.0249999999999999
7.4750000000000005,19.275000000000002,2.0750000000000002
7.4750000000000005,19.275000000000002,2.125
7.4750000000000005,19.275000000000002,2.1750000000000003
7.4750000000000005,19.275000000000002,2.2250000000000001
7.4750000000000005,19.275000000000002,2.2749999999999999
7.4750000000000005,19.275000000000002,2.3250000000000002
7.4750000000000005,19.275000000000002,2.375
7.4750000000000005,19.275000000000002,2.4250000000000003
7.4750000000000005,19.275000000000002,2.4750000000000001
7.4750000000000005,19.275000000000002,2.5250000000000004
7.4750000000000005,19.275000000000002,2.5750000000000002
7.4750000000000005,19.275000000000002,2.625
7.4750000000000005,19.275000000000002,2.6750000000000003
7.4750000000000005,19.275000000000002,2.7250000000000001
7.4750000000000005,19.275000000000002,2.7750000000000004
7.4750000000000005,19.275000000000002,2.8250000000000002
7.4750000000000005,19.275000000000002,2.875
7.4750000000000005,19.275000000000002,2.9250000000000003
7.4750000000000005,19.275000000000002,2.9750000000000001
7.4750000000000005,19.275000000000002,3.0250000000000004
7.4750000000000005,19.275000000000002,3.0750000000000002
7.4750000000000005,19.275000000000002,3.125
7.4750000000000005,19.325000000000003,1.925
7.4750000000000005,19.325000000000003,1.9750000000000001
7.4750000000000005,19.325000000000003,2.0249999999999999
7.4750000000000005,19.325000000000003,2.0750000000000002
7.4750000000000005,19.325000000000003,2.125
7.4750000000000005,19.325000000000003,2.1750000000000003
7.4750000000000005,19.325000000000003,2.2250000000000001
7.4750000000000005,19.325000000000003,2.2749999999999999
7.4750000000000005,19.325000000000003,2.3250000000000002
7.4750000000000005,19.325000000000003,2.375
7.4750000000000005,19.325000000000003,2.4250000000000003
7.4750000000000005,19.325000000000003,2.4750000000000001
7.4750000000000005,19.325000000000003,2.5250000000000004
7.4750000000000005,19.325000000000003,2.5750000000000002
7.4750000000000005,19.325000000000003,2.625
7.4750000000000005,19.325000000000003,2.6750000000000003
7.4750000000000005,19.325000000000003,2.7250000000000001
7.4750000000000005,19.325000000000003,2.7750000000000004
7.4750000000000005,19.325000000000003,2.8250000000000002
7.4750000000000005,19.325000000000003,2.875
7.4750000000000005,19.325000000000003,2.9250000000000003
7.4750000000000005,19.325000000000003,2.9750000000000001
7.4750000000000005,19.325000000000003,3.0250000000000004
7.4750000000000005,19.325000000000003,3.0750000000000002
7.4750000000000005,19.325000000000003,3.125
7.5250000000000004,18.475000000000001,2.7750000000000004
7.5250000000000004,18.475000000000001,2.8250000000000002
7.5250000000000004,18.475000000000001,2.875
7.5250000000000004,18.475000000000001,2.9250000000000003
7.5250000000000004,18.475000000000001,2.9750000000000001
7.5250000000000004,18.475000000000001,3.0250000000000004
7.5250000000000004,18.475000000000001,3.0750000000000002
7.5250000000000004,18.475000000000001,3.125
7.5250000000000004,18.525000000000002,1.925
7.5250000000000004,18.525000000000002,1.9750000000000001
7.5250000000000004,18.525000000000002,2.0249999999999999
7.5250000000000004,18.525000000000002,2.0750000000000002
7.5250000000000004,18.525000000000002,2.125
7.5250000000000004,18.525000000000002,2.1750000000000003
7.5250000000000004,18.525000000000002,2.2250000000000001
7.5250000000000004,18.525000000000002,2.2749999999999999
7.5250000000000004,18.525000000000002,2.3250000000000002
7.5250000000000004,18.525000000000002,2.375
7.5250000000000004,18.525000000000002,2.4250000000000003
7.5250000000000004,18.525000000000002,2.4750000000000001
7.5250000000000004,18.525000000000002,2.5250000000000004
7.5250000000000004,18.525000000000002,2.5750000000000002
7.5250000000000004,18.525000000000002,2.625
7.5250000000000004,18.525000000000002,2.6750000000000003
7.5250000000000004,18.525000000000002,2.7250000000000001
7.5250000000000004,18.525000000000002,2.7750000000000004
7.5250000000000004,18.525000000000002,2.8250000000000002
7.5250000000000004,18.525000000000002,2.875
7.5250000000000004,18.525000000000002,2.9250000000000003
7.5250000000000004,18.525000000000002,2.9750000000000001
7.5250000000000004,18.525000000000002,3.0250000000000004
7.5250000000000004,18.525000000000002,3.0750000000000002
7.5250000000000004,18.525000000000002,3.125
7.5250000000000004,18.574999999999999,1.925
7.5250000000000004,18.574999999999999,1.9750000000000001
7.5250000000000004,18.574999999999999,2.0249999999999999
7.5250000000000004,18.574999999999999,2.0750000000000002
7.5250000000000004,18.574999999999999,2.125
7.5250000000000004,18.574999999999999,2.1750000000000003
7.5250000000000004,18.574999999999999,2.2250000000000001
7.5250000000000004,18.574999999999999,2.2749999999999999
7.5250000000000004,18.574999999999999,2.3250000000000002
7.5250000000000004,18.574999999999999,2.375
7.5250000000000004,18.574999999999999,2.4250000000000003
7.5250000000000004,18.574999999999999,2.4750000000000001
7.5250000000000004,18.574999999999999,2.5250000000000004
7.5250000000000004,18.574999999999999,2.5750000000000002
7.5250000000000004,18.574999999999999,2.625
7.5250000000000004,18.574999999999999,2.6750000000000003
7.5250000000000004,18.574999999999999,2.7250000000000001
7.5250000000000004,18.574999999999999,2.7750000000000004
7.5250000000000004,18.574999999999999,2.8250000000000002
7.5250000000000004,18.574999999999999,2.875
7.5250000000000004,18.574999999999999,2.9250000000000003
7.5250000000000004,18.574999999999999,2.9750000000000001
7.5250000000000004,18.574999999999999,3.0250000000000004
7.5250000000000004,18.574999999999999,3.0750000000000002
7.5250000000000004,18.574999999999999,3.125
7.5250000000000004,18.625,1.925
7.5250000000000004,18.625,1.9750000000000001
7.5250000000000004,18.625,2.0249999999999999
7.5250000000000004,18.625,2.0750000000000002
7.5250000000000004,18.625,2.125
7.5250000000000004,18.625,2.1750000000000003
7.5250000000000004,18.625,2.2250000000000001
7.5250000000000004,18.625,2.2749999999999999
7.5250000000000004,18.625,2.3250000000000002
7.5250000000000004,18.625,2.375
7.5250000000000004,18.625,2.4250000000000003
7.5250000000000004,18.625,2.4750000000000001
7.5250000000000004,18.625,2.5250000000000004
7.5250000000000004,18.625,2.5750000000000002
7.5250000000000004,18.625,2.625
7.5250000000000004,18.625,2.6750000000000003
7.5250000000000004,18.625,2.7250000000000001
7.5250000000000004,18.625,2.7750000000000004
7.5250000000000004,18.625,2.8250000000000002
7.5250000000000004,18.625,2.875
7.5250000000000004,18.625,2.9250000000000003
7.5250000000000004,18.625,2.9750000000000001
7.5250000000000004,18.625,3.0250000000000004
7.5250000000000004,18.625,3.0750000000000002
7.5250000000000004,18.625,3.125
7.5250000000000004,18.675000000000001,1.925
7.5250000000000004,18.675000000000001,1.9750000000000001
7.5250000000000004,18.675000000000001,2.0249999999999999
7.5250000000000004,18.675000000000001,2.0750000000000002
7.5250000000000004,18.675000000000001,2.125
7.5250000000000004,18.675000000000001,2.1750000000000003
7.5250000000000004,18.675000000000001,2.2250000000000001
7.5250000000000004,18.675000000000001,2.2749999999999999
7.5250000000000004,18.675000000000001,2.3250000000000002
7.5250000000000004,18.675000000000001,2.375
7.5250000000000004,18.675000000000001,2.4250000000000003
7.5250000000000004,18.675000000000001,2.4750000000000001
7.5250000000000004,18.675000000000001,2.5250000000000004
7.5250000000000004,18.675000000000001,2.5750000000000002
7.5250000000000004,18.675000000000001,2.625
7.5250000000000004,18.675000000000001,2.6750000000000003
7.5250000000000004,18.675000000000001,2.7250000000000001
7.5250000000000004,18.675000000000001,2.7750000000000004
7.5250000000000004,18.675000000000001,2.8250000000000002
7.5250000000000004,18.675000000000001,2.875
7.5250000000000004,18.675000000000001,2.9250000000000003
7.5250000000000004,18.675000000000001,2.9750000000000001
7.5250000000000004,18.675000000000001,3.0250000000000004
7.5250000000000004,18.675000000000001,3.0750000000000002
7.5250000000000004,18.675000000000001,3.125
7.5250000000000004,18.725000000000001,1.925
7.5250000000000004,18.725000000000001,1.9750000000000001
7.5250000000000004,18.725000000000001,2.0750000000000002
7.5250000000000004,18.725000000000001,2.1750000000000003
7.5250000000000004,18.725000000000001,2.2749999999999999
7.5250000000000004,18.725000000000001,2.3250000000000002
7.5250000000000004,18.725000000000001,2.375
7.5250000000000004,18.725000000000001,2.4250000000000003
7.5250000000000004,18.725000000000001,2.4750000000000001
7.5250000000000004,18.725000000000001,2.5250000000000004
7.5250000000000004,18.725000000000001,2.5750000000000002
7.5250000000000004,18.725000000000001,2.625
7.5250000000000004,18.725000000000001,2.6750000000000003
7.5250000000000004,18.725000000000001,2.7250000000000001
7.5250000000000004,18.725000000000001,2.7750000000000004
7.5250000000000004,18.725000000000001,2.8250000000000002
7.5250000000000004,18.725000000000001,2.875
7.5250000000000004,18.725000000000001,2.9250000000000003
7.5250000000000004,18.725000000000001,2.9750000000000001
7.5250000000000004,18.725000000000001,3.0250000000000004
7.5250000000000004,18.725000000000001,3.0750000000000002
7.5250000000000004,18.725000000000001,3.125
7.5250000000000004,18.775000000000002,2.7250000000000001
7.5250000000000004,18.775000000000002,2.7750000000000004
7.5250000000000004,18.775000000000002,2.8250000000000002
7.5250000000000004,18.775000000000002,2.9250000000000003
7.5250000000000004,18.775000000000002,3.125
7.5250000000000004,18.875,2.1750000000000003
7.5250000000000004,18.875,2.2749999999999999
7.5250000000000004,18.875,2.375
7.5250000000000004,18.875,2.4750000000000001
7.5250000000000004,18.875,2.5750000000000002
7.5250000000000004,18.875,2.625
7.5250000000000004,18.875,2.6750000000000003
7.5250000000000004,18.875,2.7250000000000001
7.5250000000000004,18.875,2.7750000000000004
7.5250000000000004,18.875,2.8250000000000002
7.5250000000000004,18.875,2.9250000000000003
7.5250000000000004,18.875,3.0250000000000004
7.5250000000000004,18.875,3.125
7.5250000000000004,18.925000000000001,2.1750000000000003
7.5250000000000004,18.925000000000001,2.2749999999999999
7.5250000000000004,18.925000000000001,2.375
7.5250000000000004,18.925000000000001,2.4750000000000001
7.5250000000000004,18.925000000000001,2.5250000000000004
7.5250000000000004,18.925000000000001,2.5750000000000002
7.5250000000000004,18.925000000000001,2.625
7.5250000000000004,18.925000000000001,2.6750000000000003
7.5250000000000004,18.925000000000001,2.7250000000000001
7.5250000000000004,18.925000000000001,2.7750000000000004
7.5250000000000004,18.925000000000001,2.8250000000000002
7.5250000000000004,18.925000000000001,2.9250000000000003
7.5250000000000004,18.925000000000001,3.0250000000000004
7.5250000000000004,18.925000000000001,3.125
7.5250000000000004,18.975000000000001,1.9750000000000001
7.5250000000000004,18.975000000000001,2.0750000000000002
7.5250000000000004,18.975000000000001,2.1750000000000003
7.5250000000000004,18.975000000000001,2.2749999999999999
7.5250000000000004,18.975000000000001,2.3250000000000002
7.5250000000000004,18.975000000000001,2.375
7.5250000000000004,18.975000000000001,2.4250000000000003
7.5250000000000004,18.975000000000001,2.4750000000000001
7.5250000000000004,18.975000000000001,2.5250000000000004
7.5250000000000004,18.975000000000001,2.5750000000000002
7.5250000000000004,18.975000000000001,2.625
7.5250000000000004,18.975000000000001,2.6750000000000003
7.5250000000000004,18.975000000000001,2.7250000000000001
7.5250000000000004,18.975000000000001,2.7750000000000004
7.5250000000000004,18.975000000000001,2.8250000000000002
7.5250000000000004,18.975000000000001,2.875
7.5250000000000004,18.975000000000001,2.9250000000000003
7.5250000000000004,18.975000000000001,2.9750000000000001
7.5250000000000004,18.975000000000001,3.0250000000000004
7.5250000000000004,18.975000000000001,3.125
7.5250000000000004,19.025000000000002,1.9750000000000001
7.5250000000000004,19.025000000000002,2.0750000000000002
7.5250000000000004,19.025000000000002,2.1750000000000003
7.5250000000000004,19.025000000000002,2.2749999999999999
7.5250000000000004,19.025000000000002,2.3250000000000002
7.5250000000000004,19.025000000000002,2.375
7.5250000000000004,19.025000000000002,2.4250000000000003
7.5250000000000004,19.025000000000002,2.4750000000000001
7.5250000000000004,19.025000000000002,2.5250000000000004
7.5250000000000004,19.025000000000002,2.5750000000000002
7.5250000000000004,19.025000000000002,2.625
7.5250000000000004,19.025000000000002,2.6750000000000003
7.5250000000000004,19.025000000000002,2.7250000000000001
7.5250000000000004,19.025000000000002,2.7750000000000004
7.5250000000000004,19.025000000000002,2.8250000000000002
7.5250000000000004,19.025000000000002,2.875
7.5250000000000004,19.025000000000002,2.9250000000000003
7.5250000000000004,19.025000000000002,2.9750000000000001
7.5250000000000004,19.025000000000002,3.0250000000000004
7.5250000000000004,19.025000000000002,3.0750000000000002
7.5250000000000004,19.025000000000002,3.125
7.5250000000000004,19.074999999999999,1.9750000000000001
7.5250000000000004,19.074999999999999,2.0750000000000002
7.5250000000000004,19.074999999999999,2.1750000000000003
7.5250000000000004,19.074999999999999,2.2250000000000001
7.5250000000000004,19.074999999999999,2.2749999999999999
7.5250000000000004,19.074999999999999,2.3250000000000002
7.5250000000000004,19.074999999999999,2.375
7.5250000000000004,19.074999999999999,2.4250000000000003
7.5250000000000004,19.074999999999999,2.4750000000000001
7.5250000000000004,19.074999999999999,2.5250000000000004
7.5250000000000004,19.074999999999999,2.5750000000000002
7.5250000000000004,19.074999999999999,2.625
7.5250000000000004,19.074999999999999,2.6750000000000003
7.5250000000000004,19.074999999999999,2.7250000000000001
7.5250000000000004,19.074999999999999,2.7750000000000004
7.5250000000000004,19.074999999999999,2.8250000000000002
7.5250000000000004,19.074999999999999,2.875
7.5250000000000004,19.074999999999999,2.9250000000000003
7.5250000000000004,19.074999999999999,2.9750000000000001
7.5250000000000004,19.074999999999999,3.0250000000000004
7.5250000000000004,19.074999999999999,3.0750000000000002
7.5250000000000004,19.074999999999999,3.125
7.5250000000000004,19.125,1.925
7.5250000000000004,19.125,1.9750000000000001
7.5250000000000004,19.125,2.0249999999999999
7.5250000000000004,19.125,2.0750000000000002
7.5250000000000004,19.125,2.125
7.5250000000000004,19.125,2.1750000000000003
7.5250000000000004,19.125,2.2250000000000001
7.5250000000000004,19.125,2.2749999999999999
7.5250000000000004,19.125,2.3250000000000002
7.5250000000000004,19.125,2.375
7.5250000000000004,19.125,2.4250000000000003
7.5250000000000004,19.125,2.4750000000000001
7.5250000000000004,19.125,2.5250000000000004
7.5250000000000004,19.125,2.5750000000000002
7.5250000000000004,19.125,2.625
7.5250000000000004,19.125,2.6750000000000003
7.5250000000000004,19.125,2.7250000000000001
7.5250000000000004,19.125,2.7750000000000004
7.5250000000000004,19.125,2.8250000000000002
7.5250000000000004,19.125,2.875
7.5250000000000004,19.125,2.9250000000000003
7.5250000000000004,19.125,2.9750000000000001
7.5250000000000004,19.125,3.0250000000000004
7.5250000000000004,19.125,3.0750000000000002
7.5250000000000004,19.125,3.125
7.5250000000000004,19.175000000000001,1.925
7.5250000000000004,19.175000000000001,1.9750000000000001
7.5250000000000004,19.175000000000001,2.0249999999999999
7.5250000000000004,19.175000000000001,2.0750000000000002
7.5250000000000004,19.175000000000001,2.125
7.5250000000000004,19.175000000000001,2.1750000000000003
7.5250000000000004,19.175000000000001,2.2250000000000001
7.5250000000000004,19.175000000000001,2.2749999999999999
7.5250000000000004,19.175000000000001,2.3250000000000002
7.5250000000000004,19.175000000000001,2.375
7.5250000000000004,19.175000000000001,2.4250000000000003
7.5250000000000004,19.175000000000001,2.4750000000000001
7.5250000000000004,19.175000000000001,2.5250000000000004
7.5250000000000004,19.175000000000001,2.5750000000000002
7.5250000000000004,19.175000000000001,2.625
7.5250000000000004,19.175000000000001,2.6750000000000003
7.5250000000000004,19.175000000000001,2.7250000000000001
7.5250000000000004,19.175000000000001,2.7750000000000004
7.5250000000000004,19.175000000000001,2.8250000000000002
7.5250000000000004,19.175000000000001,2.875
7.5250000000000004,19.175000000000001,2.9250000000000003
7.5250000000000004,19.175000000000001,2.9750000000000001
7.5250000000000004,19.175000000000001,3.0250000000000004
7.5250000000000004,19.175000000000001,3.0750000000000002
7.5250000000000004,19.175000000000001,3.125
7.5250000000000004,19.225000000000001,1.925
7.5250000000000004,19.225000000000001,1.9750000000000001
7.5250000000000004,19.225000000000001,2.0249999999999999
7.5250000000000004,19.225000000000001,2.0750000000000002
7.5250000000000004,19.225000000000001,2.125
7.5250000000000004,19.225000000000001,2.1750000000000003
7.5250000000000004,19.225000000000001,2.2250000000000001
7.5250000000000004,19.225000000000001,2.2749999999999999
7.5250000000000004,19.225000000000001,2.3250000000000002
7.5250000000000004,19.225000000000001,2.375
7.5250000000000004,19.225000000000001,2.4250000000000003
7.5250000000000004,19.225000000000001,2.4750000000000001
7.5250000000000004,19.225000000000001,2.5250000000000004
7.5250000000000004,19.225000000000001,2.5750000000000002
7.5250000000000004,19.225000000000001,2.625
7.5250000000000004,19.225000000000001,2.6750000000000003
7.5250000000000004,19.225000000000001,2.7250000000000001
7.5250000000000004,19.225000000000001,2.7750000000000004
7.5250000000000004,19.225000000000001,2.8250000000000002
7.5250000000000004,19.225000000000001,2.875
7.5250000000000004,19.225000000000001,2.9250000000000003
7.5250000000000004,19.225000000000001,2.9750000000000001
7.5250000000000004,19.225000000000001,3.0250000000000004
7.5250000000000004,19.225000000000001,3.0750000000000002
7.5250000000000004,19.225000000000001,3.125
7.5250000000000004,19.275000000000002,1.925
7.5250000000000004,19.275000000000002,1.9750000000000001
7.5250000000000004,19.275000000000002,2.0249999999999999
7.5250000000000004,19.275000000000002,2.0750000000000002
7.5250000000000004,19.275000000000002,2.125
7.5250000000000004,19.275000000000002,2.2250000000000001
7.5250000000000004,19.275000000000002,2.2749999999999999
7.5250000000000004,19.275000000000002,2.3250000000000002
7.5250000000000004,19.275000000000002,2.375
7.5250000000000004,19.275000000000002,2.4250000000000003
7.5250000000000004,19.275000000000002,2.5250000000000004
7.5250000000000004,19.275000000000002,2.875
7.5250000000000004,19.275000000000002,2.9250000000000003
7.5250000000000004,19.275000000000002,2.9750000000000001
7.5250000000000004,19.275000000000002,3.0250000000000004
7.5250000000000004,19.275000000000002,3.0750000000000002
7.5250000000000004,19.275000000000002,3.125
7.5750000000000002,18.574999999999999,1.925
7.5750000000000002,18.574999999999999,2.0249999999999999
7.5750000000000002,18.574999999999999,2.125
7.5750000000000002,18.574999999999999,2.3250000000000002
7.5750000000000002,18.574999999999999,2.4250000000000003
7.5750000000000002,18.574999999999999,2.4750000000000001
7.5750000000000002,18.574999999999999,2.5250000000000004
7.5750000000000002,18.574999999999999,2.7750000000000004
7.5750000000000002,18.574999999999999,2.8250000000000002
7.5750000000000002,18.574999999999999,2.875
7.5750000000000002,18.574999999999999,2.9250000000000003
7.5750000000000002,18.574999999999999,2.9750000000000001
7.5750000000000002,18.574999999999999,3.0250000000000004
7.5750000000000002,18.574999999999999,3.0750000000000002
7.5750000000000002,18.574999999999999,3.125
7.5750000000000002,18.625,1.925
7.5750000000000002,18.625,1.9750000000000001
7.5750000000000002,18.625,2.0249999999999999
7.5750000000000002,18.625,2.0750000000000002
7.5750000000000002,18.625,2.125
7.5750000000000002,18.625,2.1750000000000003
7.5750000000000002,18.625,2.2250000000000001
7.5750000000000002,18.625,2.2749999999999999
7.5750000000000002,18.625,2.3250000000000002
7.5750000000000002,18.625,2.375
7.5750000000000002,18.625,2.4250000000000003
7.5750000000000002,18.625,2.4750000000000001
7.5750000000000002,18.625,2.5250000000000004
7.5750000000000002,18.625,2.5750000000000002
7.5750000000000002,18.625,2.625
7.5750000000000002,18.625,2.6750000000000003
7.5750000000000002,18.625,2.7250000000000001
7.5750000000000002,18.625,2.7750000000000004
7.5750000000000002,18.625,2.8250000000000002
7.5750000000000002,18.625,2.875
7.5750000000000002,18.625,2.9250000000000003
7.5750000000000002,18.625,2.9750000000000001
7.5750000000000002,18.625,3.0250000000000004
7.5750000000000002,18.625,3.0750000000000002
7.5750000000000002,18.625,3.125
7.5750000000000002,18.675000000000001,1.925
7.5750000000000002,18.675000000000001,1.9750000000000001
7.5750000000000002,18.675000000000001,2.0249999999999999
7.5750000000000002,18.675000000000001,2.0750000000000002
7.5750000000000002,18.675000000000001,2.125
7.5750000000000002,18.675000000000001,2.1750000000000003
7.5750000000000002,18.675000000000001,2.2250000000000001
7.5750000000000002,18.675000000000001,2.2749999999999999
7.5750000000000002,18.675000000000001,2.3250000000000002
7.5750000000000002,18.675000000000001,2.375
7.5750000000000002,18.675000000000001,2.4250000000000003
7.5750000000000002,18.675000000000001,2.4750000000000001
7.5750000000000002,18.675000000000001,2.5250000000000004
7.5750000000000002,18.675000000000001,2.5750000000000002
7.5750000000000002,18.675000000000001,2.625
7.5750000000000002,18.675000000000001,2.6750000000000003
7.5750000000000002,18.675000000000001,2.7250000000000001
7.5750000000000002,18.675000000000001,2.7750000000000004
7.5750000000000002,18.675000000000001,2.8250000000000002
7.5750000000000002,18.675000000000001,2.875
7.5750000000000002,18.675000000000001,2.9250000000000003
7.5750000000000002,18.675000000000001,2.9750000000000001
7.5750000000000002,18.675000000000001,3.0250000000000004
7.5750000000000002,18.675000000000001,3.0750000000000002
7.5750000000000002,18.675000000000001,3.125
7.5750000000000002,18.725000000000001,1.925
7.5750000000000002,18.725000000000001,1.9750000000000001
7.5750000000000002,18.725000000000001,2.0249999999999999
7.5750000000000002,18.725000000000001,2.0750000000000002
7.5750000000000002,18.725000000000001,2.125
7.5750000000000002,18.725000000000001,2.1750000000000003
7.5750000000000002,18.725000000000001,2.2250000000000001
7.5750000000000002,18.725000000000001,2.2749999999999999
7.5750000000000002,18.725000000000001,2.3250000000000002
7.5750000000000002,18.725000000000001,2.375
7.5750000000000002,18.725000000000001,2.4250000000000003
7.5750000000000002,18.725000000000001,2.4750000000000001
7.5750000000000002,18.725000000000001,2.5250000000000004
7.5750000000000002,18.725000000000001,2.5750000000000002
7.5750000000000002,18.725000000000001,2.625
7.5750000000000002,18.725000000000001,2.6750000000000003
7.5750000000000002,18.725000000000001,2.7250000000000001
7.5750000000000002,18.725000000000001,2.7750000000000004
7.5750000000000002,18.725000000000001,2.8250000000000002
7.5750000000000002,18.725000000000001,2.875
7.5750000000000002,18.725000000000001,2.9250000000000003
7.5750000000000002,18.725000000000001,2.9750000000000001
7.5750000000000002,18.725000000000001,3.0250000000000004
7.5750000000000002,18.725000000000001,3.0750000000000002
7.5750000000000002,18.725000000000001,3.125
7.5750000000000002,18.775000000000002,1.925
7.5750000000000002,18.775000000000002,1.9750000000000001
7.5750000000000002,18.775000000000002,2.0249999999999999
7.5750000000000002,18.775000000000002,2.0750000000000002
7.5750000000000002,18.775000000000002,2.125
7.5750000000000002,18.775000000000002,2.1750000000000003
7.5750000000000002,18.775000000000002,2.2250000000000001
7.5750000000000002,18.775000000000002,2.2749999999999999
7.5750000000000002,18.775000000000002,2.3250000000000002
7.5750000000000002,18.775000000000002,2.375
7.5750000000000002,18.775000000000002,2.4250000000000003
7.5750000000000002,18.775000000000002,2.4750000000000001
7.5750000000000002,18.775000000000002,2.5250000000000004
7.5750000000000002,18.775000000000002,2.5750000000000002
7.5750000000000002,18.775000000000002,2.625
7.5750000000000002,18.775000000000002,2.6750000000000003
7.5750000000000002,18.775000000000002,2.7250000000000001
7.5750000000000002,18.775000000000002,2.7750000000000004
7.5750000000000002,18.775000000000002,2.8250000000000002
7.5750000000000002,18.775000000000002,2.875
7.5750000000000002,18.775000000000002,2.9250000000000003
7.5750000000000002,18.775000000000002,2.9750000000000001
7.5750000000000002,18.775000000000002,3.0250000000000004
7.5750000000000002,18.775000000000002,3.0750000000000002
7.5750000000000002,18.775000000000002,3.125
7.5750000000000002,18.824999999999999,1.925
7.5750000000000002,18.824999999999999,1.9750000000000001
7.5750000000000002,18.824999999999999,2.0249999999999999
7.5750000000000002,18.824999999999999,2.0750000000000002
7.5750000000000002,18.824999999999999,2.125
7.5750000000000002,18.824999999999999,2.1750000000000003
7.5750000000000002,18.824999999999999,2.2250000000000001
7.5750000000000002,18.824999999999999,2.2749999999999999
7.5750000000000002,18.824999999999999,2.3250000000000002
7.5750000000000002,18.824999999999999,2.375
7.5750000000000002,18.824999999999999,2.4250000000000003
7.5750000000000002,18.824999999999999,2.4750000000000001
7.5750000000000002,18.824999999999999,2.5250000000000004
7.5750000000000002,18.824999999999999,2.5750000000000002
7.5750000000000002,18.824999999999999,2.625
7.5750000000000002,18.824999999999999,2.6750000000000003
7.5750000000000002,18.824999999999999,2.7250000000000001
7.5750000000000002,18.824999999999999,2.7750000000000004
7.5750000000000002,18.824999999999999,2.8250000000000002
7.5750000000000002,18.824999999999999,2.875
7.5750000000000002,18.824999999999999,2.9250000000000003
7.5750000000000002,18.824999999999999,2.9750000000000001
7.5750000000000002,18.824999999999999,3.0250000000000004
7.5750000000000002,18.824999999999999,3.0750000000000002
7.5750000000000002,18.824999999999999,3.125
7.5750000000000002,18.875,1.925
7.5750000000000002,18.875,1.9750000000000001
7.5750000000000002,18.875,2.0249999999999999
7.5750000000000002,18.875,2.0750000000000002
7.5750000000000002,18.875,2.125
7.5750000000000002,18.875,2.1750000000000003
7.5750000000000002,18.875,2.2250000000000001
7.5750000000000002,18.875,2.2749999999999999
7.5750000000000002,18.875,2.3250000000000002
7.5750000000000002,18.875,2.375
7.5750000000000002,18.875,2.4250000000000003
7.5750000000000002,18.875,2.4750000000000001
7.5750000000000002,18.875,2.5250000000000004
7.5750000000000002,18.875,2.5750000000000002
7.5750000000000002,18.875,2.625
7.5750000000000002,18.875,2.6750000000000003
7.5750000000000002,18.875,2.7250000000000001
7.5750000000000002,18.875,2.7750000000000004
7.5750000000000002,18.875,2.8250000000000002
7.5750000000000002,18.875,2.875
7.5750000000000002,18.875,2.9250000000000003
7.5750000000000002,18.875,2.9750000000000001
7.5750000000000002,18.875,3.0250000000000004
7.5750000000000002,18.875,3.0750000000000002
7.5750000000000002,18.875,3.125
7.5750000000000002,18.925000000000001,1.925
7.5750000000000002,18.925000000000001,1.9750000000000001
7.5750000000000002,18.925000000000001,2.0249999999999999
7.5750000000000002,18.925000000000001,2.0750000000000002
7.5750000000000002,18.925000000000001,2.125
7.5750000000000002,18.925000000000001,2.1750000000000003
7.5750000000000002,18.925000000000001,2.2250000000000001
7.5750000000000002,18.925000000000001,2.2749999999999999
7.5750000000000002,18.925000000000001,2.3250000000000002
7.5750000000000002,18.925000000000001,2.375
7.5750000000000002,18.925000000000001,2.4250000000000003
7.5750000000000002,18.925000000000001,2.4750000000000001
7.5750000000000002,18.925000000000001,2.5250000000000004
7.5750000000000002,18.925000000000001,2.5750000000000002
7.5750000000000002,18.925000000000001,2.625
7.5750000000000002,18.925000000000001,2.6750000000000003
7.5750000000000002,18.925000000000001,2.7250000000000001
7.5750000000000002,18.925000000000001,2.7750000000000004
7.5750000000000002,18.925000000000001,2.8250000000000002
7.5750000000000002,18.925000000000001,2.875
7.5750000000000002,18.925000000000001,2.9250000000000003
7.5750000000000002,18.925000000000001,2.9750000000000001
7.5750000000000002,18.925000000000001,3.0250000000000004
7.5750000000000002,18.925000000000001,3.0750000000000002
7.5750000000000002,18.925000000000001,3.125
7.5750000000000002,18.975000000000001,1.925
7.5750000000000002,18.975000000000001,1.9750000000000001
7.5750000000000002,18.975000000000001,2.0249999999999999
7.5750000000000002,18.975000000000001,2.0750000000000002
7.5750000000000002,18.975000000000001,2.125
7.5750000000000002,18.975000000000001,2.1750000000000003
7.5750000000000002,18.975000000000001,2.2250000000000001
7.5750000000000002,18.975000000000001,2.2749999999999999
7.5750000000000002,18.975000000000001,2.3250000000000002
7.5750000000000002,18.975000000000001,2.375
7.5750000000000002,18.975000000000001,2.4250000000000003
7.5750000000000002,18.975000000000001,2.4750000000000001
7.5750000000000002,18.975000000000001,2.5250000000000004
7.5750000000000002,18.975000000000001,2.5750000000000002
7.5750000000000002,18.975000000000001,2.7750000000000004
7.5750000000000002,18.975000000000001,2.8250000000000002
7.5750000000000002,18.975000000000001,2.875
7.5750000000000002,18.975000000000001,2.9250000000000003
7.5750000000000002,18.975000000000001,2.9750000000000001
7.5750000000000002,18.975000000000001,3.0250000000000004
7.5750000000000002,18.975000000000001,3.0750000000000002
7.5750000000000002,18.975000000000001,3.125
7.5750000000000002,19.025000000000002,1.925
7.5750000000000002,19.025000000000002,1.9750000000000001
7.5750000000000002,19.025000000000002,2.0249999999999999
7.5750000000000002,19.025000000000002,2.0750000000000002
7.5750000000000002,19.025000000000002,2.125
7.5750000000000002,19.025000000000002,2.1750000000000003
7.5750000000000002,19.025000000000002,2.2250000000000001
7.5750000000000002,19.025000000000002,2.2749999999999999
7.5750000000000002,19.025000000000002,2.3250000000000002
7.5750000000000002,19.025000000000002,2.375
7.5750000000000002,19.025000000000002,2.4250000000000003
7.5750000000000002,19.025000000000002,2.4750000000000001
7.5750000000000002,19.025000000000002,2.5250000000000004
7.5750000000000002,19.025000000000002,2.875
7.5750000000000002,19.025000000000002,2.9250000000000003
7.5750000000000002,19.025000000000002,2.9750000000000001
7.5750000000000002,19.025000000000002,3.0250000000000004
7.5750000000000002,19.025000000000002,3.0750000000000002
7.5750000000000002,19.025000000000002,3.125
7.5750000000000002,19.074999999999999,1.925
7.5750000000000002,19.074999999999999,1.9750000000000001
7.5750000000000002,19.074999999999999,2.0249999999999999
7.5750000000000002,19.074999999999999,2.0750000000000002
7.5750000000000002,19.074999999999999,2.125
7.5750000000000002,19.074999999999999,2.1750000000000003
7.5750000000000002,19.074999999999999,2.2250000000000001
7.5750000000000002,19.074999999999999,2.2749999999999999
7.5750000000000002,19.074999999999999,2.3250000000000002
7.5750000000000002,19.074999999999999,2.375
7.5750000000000002,19.074999999999999,2.4250000000000003
7.5750000000000002,19.074999999999999,2.4750000000000001
7.5750000000000002,19.074999999999999,2.5250000000000004
7.5750000000000002,19.074999999999999,2.875
7.5750000000000002,19.074999999999999,2.9250000000000003
7.5750000000000002,19.074999999999999,2.9750000000000001
7.5750000000000002,19.074999999999999,3.0250000000000004
7.5750000000000002,19.074999999999999,3.0750000000000002
7.5750000000000002,19.074999999999999,3.125
7.5750000000000002,19.125,1.925
7.5750000000000002,19.125,1.9750000000000001
7.5750000000000002,19.125,2.0249999999999999
7.5750000000000002,19.125,2.0750000000000002
7.5750000000000002,19.125,2.125
7.5750000000000002,19.125,2.1750000000000003
7.5750000000000002,19.125,2.2250000000000001
7.5750000000000002,19.125,2.2749999999999999
7.5750000000000002,19.125,2.3250000000000002
7.5750000000000002,19.125,2.375
7.5750000000000002,19.125,2.4250000000000003
7.5750000000000002,19.125,2.5250000000000004
7.5750000000000002,19.125,2.875
7.5750000000000002,19.125,2.9250000000000003
7.5750000000000002,19.125,2.9750000000000001
7.5750000000000002,19.125,3.0250000000000004
7.5750000000000002,19.125,3.0750000000000002
7.5750000000000002,19.125,3.125
7.5750000000000002,19.175000000000001,1.925
7.5750000000000002,19.175000000000001,1.9750000000000001
7.5750000000000002,19.175000000000001,2.0249999999999999
7.5750000000000002,19.175000000000001,2.0750000000000002
7.5750000000000002,19.175000000000001,2.125
7.5750000000000002,19.175000000000001,2.1750000000000003
7.5750000000000002,19.175000000000001,2.2250000000000001
7.5750000000000002,19.175000000000001,2.2749999999999999
7.5750000000000002,19.175000000000001,2.3250000000000002
7.5750000000000002,19.175000000000001,2.4250000000000003
7.5750000000000002,19.175000000000001,2.9750000000000001
7.5750000000000002,19.175000000000001,3.0750000000000002
7.5750000000000002,19.175000000000001,3.125
7.5750000000000002,19.225000000000001,2.2250000000000001
7.5750000000000002,19.225000000000001,3.0750000000000002
7.625,18.675000000000001,2.9750000000000001
7.625,18.675000000000001,3.0750000000000002
7.625,18.675000000000001,3.125
7.625,18.725000000000001,1.925
7.625,18.725000000000001,1.9750000000000001
7.625,18.725000000000001,2.0249999999999999
7.625,18.725000000000001,2.125
7.625,18.725000000000001,2.2250000000000001
7.625,18.725000000000001,2.2749999999999999
7.625,18.725000000000001,2.3250000000000002
7.625,18.725000000000001,2.4250000000000003
7.625,18.725000000000001,2.875
7.625,18.725000000000001,2.9250000000000003
7.625,18.725000000000001,2.9750000000000001
7.625,18.725000000000001,3.0250000000000004
7.625,18.725000000000001,3.0750000000000002
7.625,18.725000000000001,3.125
7.625,18.775000000000002,1.925
7.625,18.775000000000002,1.9750000000000001
7.625,18.775000000000002,2.0249999999999999
7.625,18.775000000000002,2.0750000000000002
7.625,18.775000000000002,2.125
7.625,18.775000000000002,2.1750000000000003
7.625,18.775000000000002,2.2250000000000001
7.625,18.775000000000002,2.2749999999999999
7.625,18.775000000000002,2.3250000000000002
7.625,18.775000000000002,2.375
7.625,18.775000000000002,2.4250000000000003
7.625,18.775000000000002,2.5250000000000004
7.625,18.775000000000002,2.875
7.625,18.775000000000002,2.9250000000000003
7.625,18.775000000000002,2.9750000000000001
7.625,18.775000000000002,3.0250000000000004
7.625,18.775000000000002,3.0750000000000002
7.625,18.775000000000002,3.125
7.625,18.824999999999999,1.925
7.625,18.824999999999999,1.9750000000000001
7.625,18.824999999999999,2.0249999999999999
7.625,18.824999999999999,2.0750000000000002
7.625,18.824999999999999,2.125
7.625,18.824999999999999,2.1750000000000003
7.625,18.824999999999999,2.2250000000000001
7.625,18.824999999999999,2.2749999999999999
7.625,18.824999999999999,2.3250000000000002
7.625,18.824999999999999,2.375
7.625,18.824999999999999,2.4250000000000003
7.625,18.824999999999999,2.5250000000000004
7.625,18.824999999999999,2.875
7.625,18.824999999999999,2.9250000000000003
7.625,18.824999999999999,2.9750000000000001
7.625,18.824999999999999,3.0250000000000004
7.625,18.824999999999999,3.0750000000000002
7.625,18.824999999999999,3.125
7.625,18.875,1.925
7.625,18.875,1.9750000000000001
7.625,18.875,2.0249999999999999
7.625,18.875,2.0750000000000002
7.625,18.875,2.125
7.625,18.875,2.1750000000000003
7.625,18.875,2.2250000000000001
7.625,18.875,2.3250000000000002
7.625,18.875,2.4250000000000003
7.625,18.875,2.9750000000000001
7.625,18.875,3.0750000000000002
7.625,18.875,3.125
7.625,18.925000000000001,1.925
7.625,18.925000000000001,1.9750000000000001
7.625,18.925000000000001,2.0249999999999999
7.625,18.925000000000001,2.0750000000000002
7.625,18.925000000000001,2.125
7.625,18.925000000000001,2.1750000000000003
7.625,18.925000000000001,2.2250000000000001
7.625,18.925000000000001,2.3250000000000002
7.625,18.925000000000001,3.0750000000000002
7.625,18.975000000000001,1.925
7.625,18.975000000000001,1.9750000000000001
7.625,18.975000000000001,2.0249999999999999
7.625,18.975000000000001,2.0750000000000002
7.625,18.975000000000001,2.125
7.625,18.975000000000001,2.2250000000000001
7.625,19.025000000000002,1.925
7.625,19.025000000000002,1.9750000000000001
7.625,19.025000000000002,2.0249999999999999
7.625,19.025000000000002,2.125
7.625,19.074999999999999,1.925
7.625,19.074999999999999,2.0249999999999999
8.0750000000000011,17.824999999999999,2.4250000000000003
8.0750000000000011,17.824999999999999,2.9250000000000003
8.0750000000000011,17.875,2.5250000000000004
8.125,17.775000000000002,3.0250000000000004
8.125,17.775000000000002,3.0750000000000002
8.125,17.824999999999999,1.925
8.125,17.824999999999999,1.9750000000000001
8.125,17.824999999999999,2.0750000000000002
8.125,17.824999999999999,2.1750000000000003
8.125,17.824999999999999,2.2749999999999999
8.125,17.824999999999999,2.375
8.125,17.824999999999999,2.4250000000000003
8.125,17.824999999999999,2.4750000000000001
8.125,17.824999999999999,2.5250000000000004
8.125,17.824999999999999,2.5750000000000002
8.125,17.824999999999999,2.625
8.125,17.824999999999999,2.6750000000000003
8.125,17.824999999999999,2.7250000000000001
8.125,17.824999999999999,2.7750000000000004
8.125,17.824999999999999,2.8250000000000002
8.125,17.824999999999999,2.875
8.125,17.824999999999999,2.9250000000000003
8.125,17.824999999999999,2.9750000000000001
8.125,17.824999999999999,3.0250000000000004
8.125,17.824999999999999,3.125
8.125,17.875,1.9750000000000001
8.125,17.875,2.0249999999999999
8.125,17.875,2.0750000000000002
8.125,17.875,2.125
8.125,17.875,2.1750000000000003
8.125,17.875,2.2250000000000001
8.125,17.875,2.2749999999999999
8.125,17.875,2.3250000000000002
8.125,17.875,2.375
8.125,17.875,2.4250000000000003
8.125,17.875,2.4750000000000001
8.125,17.875,2.5250000000000004
8.125,17.875,2.5750000000000002
8.125,17.875,2.625
8.125,17.875,2.6750000000000003
8.125,17.875,2.7250000000000001
8.125,17.875,2.8250000000000002
8.125,17.875,2.875
8.125,17.875,2.9250000000000003
8.125,17.875,2.9750000000000001
8.125,17.875,3.0250000000000004
8.125,17.875,3.0750000000000002
8.125,17.875,3.125
8.125,17.925000000000001,1.925
8.125,17.925000000000001,1.9750000000000001
8.125,17.925000000000001,2.0249999999999999
8.125,17.925000000000001,2.0750000000000002
8.125,17.925000000000001,2.125
8.125,17.925000000000001,2.1750000000000003
8.125,17.925000000000001,2.2250000000000001
8.125,17.925000000000001,2.2749999999999999
8.125,17.925000000000001,2.3250000000000002
8.125,17.925000000000001,2.375
8.125,17.925000000000001,2.4250000000000003
8.125,17.925000000000001,2.4750000000000001
8.125,17.925000000000001,2.5250000000000004
8.125,17.925000000000001,2.5750000000000002
8.125,17.925000000000001,2.625
8.125,17.925000000000001,2.6750000000000003
8.125,17.925000000000001,2.7250000000000001
8.125,17.925000000000001,2.7750000000000004
8.125,17.925000000000001,2.8250000000000002
8.125,17.925000000000001,2.875
8.125,17.925000000000001,2.9250000000000003
8.125,17.925000000000001,2.9750000000000001
8.125,17.925000000000001,3.0250000000000004
8.125,17.925000000000001,3.0750000000000002
8.125,17.925000000000001,3.125
8.125,17.975000000000001,1.925
8.125,17.975000000000001,1.9750000000000001
8.125,17.975000000000001,2.0249999999999999
8.125,17.975000000000001,2.0750000000000002
8.125,17.975000000000001,2.125
8.125,17.975000000000001,2.1750000000000003
8.125,17.975000000000001,2.2250000000000001
8.125,17.975000000000001,2.2749999999999999
8.125,17.975000000000001,2.3250000000000002
8.125,17.975000000000001,2.375
8.125,17.975000000000001,2.4250000000000003
8.125,17.975000000000001,2.4750000000000001
8.125,17.975000000000001,2.5250000000000004
8.125,17.975000000000001,2.5750000000000002
8.125,17.975000000000001,2.625
8.125,17.975000000000001,2.6750000000000003
8.125,17.975000000000001,2.7250000000000001
8.125,17.975000000000001,2.7750000000000004
8.125,17.975000000000001,2.8250000000000002
8.125,17.975000000000001,2.875
8.125,17.975000000000001,2.9250000000000003
8.125,17.975000000000001,2.9750000000000001
8.125,17.975000000000001,3.0250000000000004
8.125,17.975000000000001,3.0750000000000002
8.125,17.975000000000001,3.125
8.125,18.025000000000002,1.925
8.125,18.025000000000002,1.9750000000000001
8.125,18.025000000000002,2.0249999999999999
8.125,18.025000000000002,2.0750000000000002
8.125,18.025000000000002,2.125
8.125,18.025000000000002,2.1750000000000003
8.125,18.025000000000002,2.2250000000000001
8.125,18.025000000000002,2.2749999999999999
8.125,18.025000000000002,2.3250000000000002
8.125,18.025000000000002,2.375
8.125,18.025000000000002,2.4250000000000003
8.125,18.025000000000002,2.4750000000000001
8.125,18.025000000000002,2.5250000000000004
8.125,18.025000000000002,2.5750000000000002
8.125,18.025000000000002,2.625
8.125,18.025000000000002,2.6750000000000003
8.125,18.025000000000002,2.7250000000000001
8.125,18.025000000000002,2.7750000000000004
8.125,18.025000000000002,2.8250000000000002
8.125,18.025000000000002,2.875
8.125,18.025000000000002,2.9250000000000003
8.125,18.025000000000002,2.9750000000000001
8.125,18.025000000000002,3.0250000000000004
8.125,18.025000000000002,3.0750000000000002
8.125,18.025000000000002,3.125
8.125,18.074999999999999,1.925
8.125,18.074999999999999,1.9750000000000001
8.125,18.074999999999999,2.0249999999999999
8.125,18.074999999999999,2.0750000000000002
8.125,18.074999999999999,2.125
8.125,18.074999999999999,2.1750000000000003
8.125,18.074999999999999,2.2250000000000001
8.125,18.074999999999999,2.2749999999999999
8.125,18.074999999999999,2.3250000000000002
8.125,18.074999999999999,2.375
8.125,18.074999999999999,2.4250000000000003
8.125,18.074999999999999,2.625
8.125,18.074999999999999,2.6750000000000003
8.125,18.074999999999999,3.0750000000000002
8.125,18.125,2.1750000000000003
8.1750000000000007,17.975000000000001,1.9750000000000001
8.1750000000000007,17.975000000000001,2.0750000000000002
8.1750000000000007,17.975000000000001,2.1750000000000003
8.1750000000000007,17.975000000000001,2.2250000000000001
8.1750000000000007,17.975000000000001,2.2749999999999999
8.1750000000000007,17.975000000000001,2.3250000000000002
8.1750000000000007,17.975000000000001,2.375
8.1750000000000007,17.975000000000001,2.5250000000000004
8.1750000000000007,17.975000000000001,2.625
8.1750000000000007,17.975000000000001,2.7250000000000001
8.1750000000000007,17.975000000000001,2.8250000000000002
8.1750000000000007,17.975000000000001,2.9250000000000003
8.1750000000000007,17.975000000000001,2.9750000000000001
8.1750000000000007,17.975000000000001,3.0250000000000004
8.1750000000000007,17.975000000000001,3.0750000000000002
8.1750000000000007,17.975000000000001,3.125
8.1750000000000007,18.025000000000002,1.925
8.1750000000000007,18.025000000000002,1.9750000000000001
8.1750000000000007,18.025000000000002,2.0249999999999999
8.1750000000000007,18.025000000000002,2.0750000000000002
8.1750000000000007,18.025000000000002,2.125
8.1750000000000007,18.025000000000002,2.1750000000000003
8.1750000000000007,18.025000000000002,2.2250000000000001
8.1750000000000007,18.025000000000002,2.2749999999999999
8.1750000000000007,18.025000000000002,2.3250000000000002
8.1750000000000007,18.025000000000002,2.375
8.1750000000000007,18.025000000000002,2.4250000000000003
8.1750000000000007,18.025000000000002,2.4750000000000001
8.1750000000000007,18.025000000000002,2.5250000000000004
8.1750000000000007,18.025000000000002,2.5750000000000002
8.1750000000000007,18.025000000000002,2.625
8.1750000000000007,18.025000000000002,2.6750000000000003
8.1750000000000007,18.025000000000002,2.7250000000000001
8.1750000000000007,18.025000000000002,2.7750000000000004
8.1750000000000007,18.025000000000002,2.8250000000000002
8.1750000000000007,18.025000000000002,2.875
8.1750000000000007,18.025000000000002,2.9250000000000003
8.1750000000000007,18.025000000000002,2.9750000000000001
8.1750000000000007,18.025000000000002,3.0250000000000004
8.1750000000000007,18.025000000000002,3.0750000000000002
8.1750000000000007,18.025000000000002,3.125
8.1750000000000007,18.074999999999999,1.925
8.1750000000000007,18.074999999999999,1.9750000000000001
8.1750000000000007,18.074999999999999,2.0249999999999999
8.1750000000000007,18.074999999999999,2.0750000000000002
8.1750000000000007,18.074999999999999,2.125
8.1750000000000007,18.074999999999999,2.1750000000000003
8.1750000000000007,18.074999999999999,2.2250000000000001
8.1750000000000007,18.074999999999999,2.2749999999999999
8.1750000000000007,18.074999999999999,2.3250000000000002
8.1750000000000007,18.074999999999999,2.375
8.1750000000000007,18.074999999999999,2.4250000000000003
8.1750000000000007,18.074999999999999,2.4750000000000001
8.1750000000000007,18.074999999999999,2.5250000000000004
8.1750000000000007,18.074999999999999,2.5750000000000002
8.1750000000000007,18.074999999999999,2.625
8.1750000000000007,18.074999999999999,2.6750000000000003
8.1750000000000007,18.074999999999999,2.7250000000000001
8.1750000000000007,18.074999999999999,2.7750000000000004
8.1750000000000007,18.074999999999999,2.8250000000000002
8.1750000000000007,18.074999999999999,2.875
8.1750000000000007,18.074999999999999,2.9250000000000003
8.1750000000000007,18.074999999999999,2.9750000000000001
8.1750000000000007,18.074999999999999,3.0250000000000004
8.1750000000000007,18.074999999999999,3.0750000000000002
8.1750000000000007,18.074999999999999,3.125
8.1750000000000007,18.125,1.925
8.1750000000000007,18.125,1.9750000000000001
8.1750000000000007,18.125,2.0249999999999999
8.1750000000000007,18.125,2.0750000000000002
8.1750000000000007,18.125,2.125
8.1750000000000007,18.125,2.1750000000000003
8.1750000000000007,18.125,2.2250000000000001
8.1750000000000007,18.125,2.2749999999999999
8.1750000000000007,18.125,2.3250000000000002
8.1750000000000007,18.125,2.375
8.1750000000000007,18.125,2.4250000000000003
8.1750000000000007,18.125,2.4750000000000001
8.1750000000000007,18.125,2.5250000000000004
8.1750000000000007,18.125,2.5750000000000002
8.1750000000000007,18.125,2.625
8.1750000000000007,18.125,2.6750000000000003
8.1750000000000007,18.125,2.7250000000000001
8.1750000000000007,18.125,2.7750000000000004
8.1750000000000007,18.125,2.8250000000000002
8.1750000000000007,18.125,2.875
8.1750000000000007,18.125,2.9250000000000003
8.1750000000000007,18.125,2.9750000000000001
8.1750000000000007,18.125,3.0250000000000004
8.1750000000000007,18.125,3.0750000000000002
8.1750000000000007,18.125,3.125
8.1750000000000007,18.175000000000001,1.925
8.1750000000000007,18.175000000000001,1.9750000000000001
8.1750000000000007,18.175000000000001,2.0750000000000002
8.1750000000000007,18.175000000000001,2.2250000000000001
8.1750000000000007,18.175000000000001,2.2749999999999999
8.1750000000000007,18.175000000000001,2.3250000000000002
8.1750000000000007,18.175000000000001,2.375
8.1750000000000007,18.175000000000001,2.4250000000000003
8.1750000000000007,18.175000000000001,2.4750000000000001
8.1750000000000007,18.175000000000001,2.5250000000000004
8.1750000000000007,18.175000000000001,2.5750000000000002
8.1750000000000007,18.175000000000001,2.625
8.1750000000000007,18.175000000000001,2.6750000000000003
8.1750000000000007,18.175000000000001,2.7250000000000001
8.1750000000000007,18.175000000000001,2.7750000000000004
8.1750000000000007,18.175000000000001,2.8250000000000002
8.1750000000000007,18.175000000000001,2.875
8.1750000000000007,18.175000000000001,2.9250000000000003
8.1750000000000007,18.175000000000001,2.9750000000000001
8.1750000000000007,18.175000000000001,3.0250000000000004
8.1750000000000007,18.175000000000001,3.0750000000000002
8.2249999999999996,18.074999999999999,1.9750000000000001
8.2249999999999996,18.074999999999999,2.0750000000000002
8.2249999999999996,18.074999999999999,2.125
8.2249999999999996,18.074999999999999,2.1750000000000003
8.2249999999999996,18.074999999999999,2.2250000000000001
8.2249999999999996,18.074999999999999,2.2749999999999999
8.2249999999999996,18.074999999999999,2.375
8.2249999999999996,18.074999999999999,2.7250000000000001
8.2249999999999996,18.074999999999999,2.8250000000000002
8.2249999999999996,18.074999999999999,2.9250000000000003
8.2249999999999996,18.074999999999999,2.9750000000000001
8.2249999999999996,18.074999999999999,3.0250000000000004
8.2249999999999996,18.074999999999999,3.0750000000000002
8.2249999999999996,18.074999999999999,3.125
8.2249999999999996,18.125,1.925
8.2249999999999996,18.125,1.9750000000000001
8.2249999999999996,18.125,2.0249999999999999
8.2249999999999996,18.125,2.0750000000000002
8.2249999999999996,18.125,2.125
8.2249999999999996,18.125,2.1750000000000003
8.2249999999999996,18.125,2.2250000000000001
8.2249999999999996,18.125,2.2749999999999999
8.2249999999999996,18.125,2.3250000000000002
8.2249999999999996,18.125,2.375
8.2249999999999996,18.125,2.4250000000000003
8.2249999999999996,18.125,2.4750000000000001
8.2249999999999996,18.125,2.5250000000000004
8.2249999999999996,18.125,2.5750000000000002
8.2249999999999996,18.125,2.625
8.2249999999999996,18.125,2.6750000000000003
8.2249999999999996,18.125,2.7250000000000001
8.2249999999999996,18.125,2.7750000000000004
8.2249999999999996,18.125,2.8250000000000002
8.2249999999999996,18.125,2.875
8.2249999999999996,18.125,2.9250000000000003
8.2249999999999996,18.125,2.9750000000000001
8.2249999999999996,18.125,3.0250000000000004
8.2249999999999996,18.125,3.0750000000000002
8.2249999999999996,18.125,3.125
8.2249999999999996,18.175000000000001,1.925
8.2249999999999996,18.175000000000001,1.9750000000000001
8.2249999999999996,18.175000000000001,2.0249999999999999
8.2249999999999996,18.175000000000001,2.0750000000000002
8.2249999999999996,18.175000000000001,2.125
8.2249999999999996,18.175000000000001,2.1750000000000003
8.2249999999999996,18.175000000000001,2.2250000000000001
8.2249999999999996,18.175000000000001,2.2749999999999999
8.2249999999999996,18.175000000000001,2.3250000000000002
8.2249999999999996,18.175000000000001,2.375
8.2249999999999996,18.175000000000001,2.4250000000000003
8.2249999999999996,18.175000000000001,2.4750000000000001
8.2249999999999996,18.175000000000001,2.5250000000000004
8.2249999999999996,18.175000000000001,2.5750000000000002
8.2249999999999996,18.175000000000001,2.625
8.2249999999999996,18.175000000000001,2.6750000000000003
8.2249999999999996,18.175000000000001,2.7250000000000001
8.2249999999999996,18.175000000000001,2.7750000000000004
8.2249999999999996,18.175000000000001,2.8250000000000002
8.2249999999999996,18.175000000000001,2.875
8.2249999999999996,18.175000000000001,2.9250000000000003
8.2249999999999996,18.175000000000001,2.9750000000000001
8.2249999999999996,18.175000000000001,3.0250000000000004
8.2249999999999996,18.175000000000001,3.0750000000000002
8.2249999999999996,18.175000000000001,3.125
8.2249999999999996,18.225000000000001,1.925
8.2249999999999996,18.225000000000001,1.9750000000000001
8.2249999999999996,18.225000000000001,2.0249999999999999
8.2249999999999996,18.225000000000001,2.0750000000000002
8.2249999999999996,18.225000000000001,2.125
8.2249999999999996,18.225000000000001,2.1750000000000003
8.2249999999999996,18.225000000000001,2.2250000000000001
8.2249999999999996,18.225000000000001,2.2749999999999999
8.2249999999999996,18.225000000000001,2.3250000000000002
8.2249999999999996,18.225000000000001,2.375
8.2249999999999996,18.225000000000001,2.4250000000000003
8.2249999999999996,18.225000000000001,2.4750000000000001
8.2249999999999996,18.225000000000001,2.5250000000000004
8.2249999999999996,18.225000000000001,2.5750000000000002
8.2249999999999996,18.225000000000001,2.625
8.2249999999999996,18.225000000000001,2.6750000000000003
8.2249999999999996,18.225000000000001,2.7250000000000001
8.2249999999999996,18.225000000000001,2.7750000000000004
8.2249999999999996,18.225000000000001,2.8250000000000002
8.2249999999999996,18.225000000000001,2.875
8.2249999999999996,18.225000000000001,2.9250000000000003
8.2249999999999996,18.225000000000001,2.9750000000000001
8.2249999999999996,18.225000000000001,3.0250000000000004
8.2249999999999996,18.225000000000001,3.0750000000000002
8.2249999999999996,18.225000000000001,3.125
8.2249999999999996,18.275000000000002,2.6750000000000003
8.2249999999999996,18.275000000000002,2.7750000000000004
8.2249999999999996,18.275000000000002,2.875
8.2249999999999996,19.775000000000002,2.5750000000000002
8.2750000000000004,18.125,2.3250000000000002
8.2750000000000004,18.175000000000001,1.925
8.2750000000000004,18.175000000000001,1.9750000000000001
8.2750000000000004,18.175000000000001,2.0249999999999999
8.2750000000000004,18.175000000000001,2.0750000000000002
8.2750000000000004,18.175000000000001,2.125
8.2750000000000004,18.175000000000001,2.1750000000000003
8.2750000000000004,18.175000000000001,2.2250000000000001
8.2750000000000004,18.175000000000001,2.2749999999999999
8.2750000000000004,18.175000000000001,2.3250000000000002
8.2750000000000004,18.175000000000001,2.375
8.2750000000000004,18.175000000000001,2.4250000000000003
8.2750000000000004,18.175000000000001,2.4750000000000001
8.2750000000000004,18.175000000000001,2.5250000000000004
8.2750000000000004,18.175000000000001,2.5750000000000002
8.2750000000000004,18.175000000000001,2.625
8.2750000000000004,18.175000000000001,2.6750000000000003
8.2750000000000004,18.175000000000001,2.7250000000000001
8.2750000000000004,18.175000000000001,2.7750000000000004
8.2750000000000004,18.175000000000001,2.8250000000000002
8.2750000000000004,18.175000000000001,2.875
8.2750000000000004,18.175000000000001,2.9250000000000003
8.2750000000000004,18.175000000000001,2.9750000000000001
8.2750000000000004,18.175000000000001,3.0250000000000004
8.2750000000000004,18.175000000000001,3.0750000000000002
8.2750000000000004,18.175000000000001,3.125
8.2750000000000004,18.225000000000001,1.925
8.2750000000000004,18.225000000000001,1.9750000000000001
8.2750000000000004,18.225000000000001,2.0249999999999999
8.2750000000000004,18.225000000000001,2.0750000000000002
8.2750000000000004,18.225000000000001,2.125
8.2750000000000004,18.225000000000001,2.1750000000000003
8.2750000000000004,18.225000000000001,2.2250000000000001
8.2750000000000004,18.225000000000001,2.2749999999999999
8.2750000000000004,18.225000000000001,2.3250000000000002
8.2750000000000004,18.225000000000001,2.375
8.2750000000000004,18.225000000000001,2.4250000000000003
8.2750000000000004,18.225000000000001,2.4750000000000001
8.2750000000000004,18.225000000000001,2.5250000000000004
8.2750000000000004,18.225000000000001,2.5750000000000002
8.2750000000000004,18.225000000000001,2.625
8.2750000000000004,18.225000000000001,2.6750000000000003
8.2750000000000004,18.225000000000001,2.7250000000000001
8.2750000000000004,18.225000000000001,2.7750000000000004
8.2750000000000004,18.225000000000001,2.8250000000000002
8.2750000000000004,18.225000000000001,2.875
8.2750000000000004,18.225000000000001,2.9250000000000003
8.2750000000000004,18.225000000000001,2.9750000000000001
8.2750000000000004,18.225000000000001,3.0250000000000004
8.2750000000000004,18.225000000000001,3.0750000000000002
8.2750000000000004,18.225000000000001,3.125
8.2750000000000004,18.275000000000002,1.925
8.2750000000000004,18.275000000000002,1.9750000000000001
8.2750000000000004,18.275000000000002,2.0249999999999999
8.2750000000000004,18.275000000000002,2.0750000000000002
8.2750000000000004,18.275000000000002,2.125
8.2750000000000004,18.275000000000002,2.1750000000000003
8.2750000000000004,18.275000000000002,2.2250000000000001
8.2750000000000004,18.275000000000002,2.2749999999999999
8.2750000000000004,18.275000000000002,2.3250000000000002
8.2750000000000004,18.275000000000002,2.375
8.2750000000000004,18.275000000000002,2.4250000000000003
8.2750000000000004,18.275000000000002,2.4750000000000001
8.2750000000000004,18.275000000000002,2.5250000000000004
8.2750000000000004,18.275000000000002,2.5750000000000002
8.2750000000000004,18.275000000000002,2.625
8.2750000000000004,18.275000000000002,2.6750000000000003
8.2750000000000004,18.275000000000002,2.7250000000000001
8.2750000000000004,18.275000000000002,2.7750000000000004
8.2750000000000004,18.275000000000002,2.8250000000000002
8.2750000000000004,18.275000000000002,2.875
8.2750000000000004,18.275000000000002,2.9250000000000003
8.2750000000000004,18.275000000000002,2.9750000000000001
8.2750000000000004,18.275000000000002,3.0250000000000004
8.2750000000000004,18.275000000000002,3.0750000000000002
8.2750000000000004,18.275000000000002,3.125
8.2750000000000004,18.324999999999999,3.0750000000000002
8.2750000000000004,19.625,2.6750000000000003
8.2750000000000004,19.675000000000001,1.925
8.2750000000000004,19.675000000000001,2.0249999999999999
8.2750000000000004,19.675000000000001,2.125
8.2750000000000004,19.675000000000001,2.1750000000000003
8.2750000000000004,19.675000000000001,2.2250000000000001
8.2750000000000004,19.675000000000001,2.2749999999999999
8.2750000000000004,19.675000000000001,2.3250000000000002
8.2750000000000004,19.675000000000001,2.375
8.2750000000000004,19.675000000000001,2.4750000000000001
8.2750000000000004,19.675000000000001,2.5250000000000004
8.2750000000000004,19.675000000000001,2.5750000000000002
8.2750000000000004,19.675000000000001,2.6750000000000003
8.2750000000000004,19.675000000000001,2.7750000000000004
8.2750000000000004,19.675000000000001,2.9250000000000003
8.2750000000000004,19.675000000000001,2.9750000000000001
8.2750000000000004,19.675000000000001,3.0750000000000002
8.2750000000000004,19.725000000000001,1.925
8.2750000000000004,19.725000000000001,1.9750000000000001
8.2750000000000004,19.725000000000001,2.0249999999999999
8.2750000000000004,19.725000000000001,2.0750000000000002
8.2750000000000004,19.725000000000001,2.125
8.2750000000000004,19.725000000000001,2.1750000000000003
8.2750000000000004,19.725000000000001,2.2250000000000001
8.2750000000000004,19.725000000000001,2.2749999999999999
8.2750000000000004,19.725000000000001,2.3250000000000002
8.2750000000000004,19.725000000000001,2.375
8.2750000000000004,19.725000000000001,2.4250000000000003
8.2750000000000004,19.725000000000001,2.4750000000000001
8.2750000000000004,19.725000000000001,2.5250000000000004
8.2750000000000004,19.725000000000001,2.5750000000000002
8.2750000000000004,19.725000000000001,2.625
8.2750000000000004,19.725000000000001,2.6750000000000003
8.2750000000000004,19.725000000000001,2.7250000000000001
8.2750000000000004,19.725000000000001,2.7750000000000004
8.2750000000000004,19.725000000000001,2.8250000000000002
8.2750000000000004,19.725000000000001,2.875
8.2750000000000004,19.725000000000001,2.9250000000000003
8.2750000000000004,19.725000000000001,2.9750000000000001
8.2750000000000004,19.725000000000001,3.0750000000000002
8.2750000000000004,19.725000000000001,3.125
8.2750000000000004,19.775000000000002,1.925
8.2750000000000004,19.775000000000002,1.9750000000000001
8.2750000000000004,19.775000000000002,2.0249999999999999
8.2750000000000004,19.775000000000002,2.0750000000000002
8.2750000000000004,19.775000000000002,2.125
8.2750000000000004,19.775000000000002,2.1750000000000003
8.2750000000000004,19.775000000000002,2.2250000000000001
8.2750000000000004,19.775000000000002,2.2749999999999999
8.2750000000000004,19.775000000000002,2.3250000000000002
8.2750000000000004,19.775000000000002,2.375
8.2750000000000004,19.775000000000002,2.4250000000000003
8.2750000000000004,19.775000000000002,2.4750000000000001
8.2750000000000004,19.775000000000002,2.5250000000000004
8.2750000000000004,19.775000000000002,2.5750000000000002
8.2750000000000004,19.775000000000002,2.625
8.2750000000000004,19.775000000000002,2.6750000000000003
8.2750000000000004,19.775000000000002,2.7250000000000001
8.2750000000000004,19.775000000000002,2.7750000000000004
8.2750000000000004,19.775000000000002,2.8250000000000002
8.2750000000000004,19.775000000000002,2.875
8.2750000000000004,19.775000000000002,2.9250000000000003
8.2750000000000004,19.775000000000002,2.9750000000000001
8.2750000000000004,19.775000000000002,3.0250000000000004
8.2750000000000004,19.775000000000002,3.0750000000000002
8.2750000000000004,19.775000000000002,3.125
8.3250000000000011,18.175000000000001,2.1750000000000003
8.3250000000000011,18.175000000000001,2.2749999999999999
8.3250000000000011,18.175000000000001,2.8250000000000002
8.3250000000000011,18.175000000000001,2.9250000000000003
8.3250000000000011,18.175000000000001,3.0250000000000004
8.3250000000000011,18.175000000000001,3.125
8.3250000000000011,18.225000000000001,1.925
8.3250000000000011,18.225000000000001,1.9750000000000001
8.3250000000000011,18.225000000000001,2.0249999999999999
8.3250000000000011,18.225000000000001,2.0750000000000002
8.3250000000000011,18.225000000000001,2.125
8.3250000000000011,18.225000000000001,2.1750000000000003
8.3250000000000011,18.225000000000001,2.2250000000000001
8.3250000000000011,18.225000000000001,2.2749999999999999
8.3250000000000011,18.225000000000001,2.3250000000000002
8.3250000000000011,18.225000000000001,2.375
8.3250000000000011,18.225000000000001,2.4250000000000003
8.3250000000000011,18.225000000000001,2.4750000000000001
8.3250000000000011,18.225000000000001,2.5250000000000004
8.3250000000000011,18.225000000000001,2.5750000000000002
8.3250000000000011,18.225000000000001,2.625
8.3250000000000011,18.225000000000001,2.6750000000000003
8.3250000000000011,18.225000000000001,2.7250000000000001
8.3250000000000011,18.225000000000001,2.7750000000000004
8.3250000000000011,18.225000000000001,2.8250000000000002
8.3250000000000011,18.225000000000001,2.875
8.3250000000000011,18.225000000000001,2.9250000000000003
8.3250000000000011,18.225000000000001,2.9750000000000001
8.3250000000000011,18.225000000000001,3.0250000000000004
8.3250000000000011,18.225000000000001,3.0750000000000002
8.3250000000000011,18.225000000000001,3.125
8.3250000000000011,18.275000000000002,1.925
8.3250000000000011,18.275000000000002,1.9750000000000001
8.3250000000000011,18.275000000000002,2.0249999999999999
8.3250000000000011,18.275000000000002,2.0750000000000002
8.3250000000000011,18.275000000000002,2.125
8.3250000000000011,18.275000000000002,2.1750000000000003
8.3250000000000011,18.275000000000002,2.2250000000000001
8.3250000000000011,18.275000000000002,2.2749999999999999
8.3250000000000011,18.275000000000002,2.3250000000000002
8.3250000000000011,18.275000000000002,2.375
8.3250000000000011,18.275000000000002,2.4250000000000003
8.3250000000000011,18.275000000000002,2.4750000000000001
8.3250000000000011,18.275000000000002,2.5250000000000004
8.3250000000000011,18.275000000000002,2.5750000000000002
8.3250000000000011,18.275000000000002,2.625
8.3250000000000011,18.275000000000002,2.6750000000000003
8.3250000000000011,18.275000000000002,2.7250000000000001
8.3250000000000011,18.275000000000002,2.7750000000000004
8.3250000000000011,18.275000000000002,2.8250000000000002
8.3250000000000011,18.275000000000002,2.875
8.3250000000000011,18.275000000000002,2.9250000000000003
8.3250000000000011,18.275000000000002,2.9750000000000001
8.3250000000000011,18.275000000000002,3.0250000000000004
8.3250000000000011,18.275000000000002,3.0750000000000002
8.3250000000000011,18.275000000000002,3.125
8.3250000000000011,18.324999999999999,1.925
8.3250000000000011,18.324999999999999,1.9750000000000001
8.3250000000000011,18.324999999999999,2.0249999999999999
8.3250000000000011,18.324999999999999,2.0750000000000002
8.3250000000000011,18.324999999999999,2.125
8.3250000000000011,18.324999999999999,2.1750000000000003
8.3250000000000011,18.324999999999999,2.2250000000000001
8.3250000000000011,18.324999999999999,2.2749999999999999
8.3250000000000011,18.324999999999999,2.3250000000000002
8.3250000000000011,18.324999999999999,2.375
8.3250000000000011,18.324999999999999,2.4250000000000003
8.3250000000000011,18.324999999999999,2.4750000000000001
8.3250000000000011,18.324999999999999,2.5250000000000004
8.3250000000000011,18.324999999999999,2.5750000000000002
8.3250000000000011,18.324999999999999,2.625
8.3250000000000011,18.324999999999999,2.6750000000000003
8.3250000000000011,18.324999999999999,2.7250000000000001
8.3250000000000011,18.324999999999999,2.7750000000000004
8.3250000000000011,18.324999999999999,2.8250000000000002
8.3250000000000011,18.324999999999999,2.875
8.3250000000000011,18.324999999999999,2.9250000000000003
8.3250000000000011,18.324999999999999,2.9750000000000001
8.3250000000000011,18.324999999999999,3.0250000000000004
8.3250000000000011,18.324999999999999,3.0750000000000002
8.3250000000000011,18.324999999999999,3.125
8.3250000000000011,19.575000000000003,2.2250000000000001
8.3250000000000011,19.575000000000003,2.375
8.3250000000000011,19.575000000000003,2.4750000000000001
8.3250000000000011,19.575000000000003,2.5250000000000004
8.3250000000000011,19.575000000000003,2.5750000000000002
8.3250000000000011,19.575000000000003,2.625
8.3250000000000011,19.575000000000003,2.6750000000000003
8.3250000000000011,19.575000000000003,2.7250000000000001
8.3250000000000011,19.575000000000003,2.7750000000000004
8.3250000000000011,19.575000000000003,2.8250000000000002
8.3250000000000011,19.575000000000003,2.875
8.3250000000000011,19.575000000000003,2.9250000000000003
8.3250000000000011,19.575000000000003,2.9750000000000001
8.3250000000000011,19.575000000000003,3.0250000000000004
8.3250000000000011,19.575000000000003,3.0750000000000002
8.3250000000000011,19.575000000000003,3.125
8.3250000000000011,19.625,1.925
8.3250000000000011,19.625,1.9750000000000001
8.3250000000000011,19.625,2.0249999999999999
8.3250000000000011,19.625,2.0750000000000002
8.3250000000000011,19.625,2.125
8.3250000000000011,19.625,2.1750000000000003
8.3250000000000011,19.625,2.2250000000000001
8.3250000000000011,19.625,2.2749999999999999
8.3250000000000011,19.625,2.3250000000000002
8.3250000000000011,19.625,2.375
8.3250000000000011,19.625,2.4250000000000003
8.3250000000000011,19.625,2.4750000000000001
8.3250000000000011,19.625,2.5250000000000004
8.3250000000000011,19.625,2.5750000000000002
8.3250000000000011,19.625,2.625
8.3250000000000011,19.625,2.6750000000000003
8.3250000000000011,19.625,2.7250000000000001
8.3250000000000011,19.625,2.7750000000000004
8.3250000000000011,19.625,2.8250000000000002
8.3250000000000011,19.625,2.875
8.3250000000000011,19.625,2.9250000000000003
8.3250000000000011,19.625,2.9750000000000001
8.3250000000000011,19.625,3.0250000000000004
8.3250000000000011,19.625,3.0750000000000002
8.3250000000000011,19.625,3.125
8.3250000000000011,19.675000000000001,1.925
8.3250000000000011,19.675000000000001,1.9750000000000001
8.3250000000000011,19.675000000000001,2.0249999999999999
8.3250000000000011,19.675000000000001,2.0750000000000002
8.3250000000000011,19.675000000000001,2.125
8.3250000000000011,19.675000000000001,2.1750000000000003
8.3250000000000011,19.675000000000001,2.2250000000000001
8.3250000000000011,19.675000000000001,2.2749999999999999
8.3250000000000011,19.675000000000001,2.3250000000000002
8.3250000000000011,19.675000000000001,2.375
8.3250000000000011,19.675000000000001,2.4250000000000003
8.3250000000000011,19.675000000000001,2.4750000000000001
8.3250000000000011,19.675000000000001,2.5250000000000004
8.3250000000000011,19.675000000000001,2.5750000000000002
8.3250000000000011,19.675000000000001,2.625
8.3250000000000011,19.675000000000001,2.6750000000000003
8.3250000000000011,19.675000000000001,2.7250000000000001
8.3250000000000011,19.675000000000001,2.7750000000000004
8.3250000000000011,19.675000000000001,2.8250000000000002
8.3250000000000011,19.675000000000001,2.875
8.3250000000000011,19.675000000000001,2.9250000000000003
8.3250000000000011,19.675000000000001,2.9750000000000001
8.3250000000000011,19.675000000000001,3.0250000000000004
8.3250000000000011,19.675000000000001,3.0750000000000002
8.3250000000000011,19.675000000000001,3.125
8.3250000000000011,19.725000000000001,1.925
8.3250000000000011,19.725000000000001,1.9750000000000001
8.3250000000000011,19.725000000000001,2.0249999999999999
8.3250000000000011,19.725000000000001,2.0750000000000002
8.3250000000000011,19.725000000000001,2.125
8.3250000000000011,19.725000000000001,2.1750000000000003
8.3250000000000011,19.725000000000001,2.2250000000000001
8.3250000000000011,19.725000000000001,2.2749999999999999
8.3250000000000011,19.725000000000001,2.3250000000000002
8.3250000000000011,19.725000000000001,2.375
8.3250000000000011,19.725000000000001,2.4250000000000003
8.3250000000000011,19.725000000000001,2.4750000000000001
8.3250000000000011,19.725000000000001,2.5250000000000004
8.3250000000000011,19.725000000000001,2.5750000000000002
8.3250000000000011,19.725000000000001,2.625
8.3250000000000011,19.725000000000001,2.6750000000000003
8.3250000000000011,19.725000000000001,2.7250000000000001
8.3250000000000011,19.725000000000001,2.7750000000000004
8.3250000000000011,19.725000000000001,2.8250000000000002
8.3250000000000011,19.725000000000001,2.875
8.3250000000000011,19.725000000000001,2.9250000000000003
8.3250000000000011,19.725000000000001,2.9750000000000001
8.3250000000000011,19.725000000000001,3.0250000000000004
8.3250000000000011,19.725000000000001,3.0750000000000002
8.3250000000000011,19.725000000000001,3.125
8.3250000000000011,19.775000000000002,1.925
8.3250000000000011,19.775000000000002,1.9750000000000001
8.3250000000000011,19.775000000000002,2.0249999999999999
8.3250000000000011,19.775000000000002,2.0750000000000002
8.3250000000000011,19.775000000000002,2.125
8.3250000000000011,19.775000000000002,2.1750000000000003
8.3250000000000011,19.775000000000002,2.2250000000000001
8.3250000000000011,19.775000000000002,2.2749999999999999
8.3250000000000011,19.775000000000002,2.3250000000000002
8.3250000000000011,19.775000000000002,2.375
8.3250000000000011,19.775000000000002,2.4250000000000003
8.3250000000000011,19.775000000000002,2.4750000000000001
8.3250000000000011,19.775000000000002,2.5250000000000004
8.3250000000000011,19.775000000000002,2.5750000000000002
8.3250000000000011,19.775000000000002,2.625
8.3250000000000011,19.775000000000002,2.6750000000000003
8.3250000000000011,19.775000000000002,2.7250000000000001
8.3250000000000011,19.775000000000002,2.7750000000000004
8.3250000000000011,19.775000000000002,2.8250000000000002
8.3250000000000011,19.775000000000002,2.875
8.3250000000000011,19.775000000000002,2.9250000000000003
8.3250000000000011,19.775000000000002,2.9750000000000001
8.3250000000000011,19.775000000000002,3.0250000000000004
8.3250000000000011,19.775000000000002,3.0750000000000002
8.3250000000000011,19.775000000000002,3.125
8.375,18.225000000000001,2.1750000000000003
8.375,18.225000000000001,2.2250000000000001
8.375,18.225000000000001,2.2749999999999999
8.375,18.225000000000001,2.375
8.375,18.225000000000001,2.4250000000000003
8.375,18.225000000000001,2.4750000000000001
8.375,18.225000000000001,2.5250000000000004
8.375,18.225000000000001,2.5750000000000002
8.375,18.225000000000001,2.625
8.375,18.225000000000001,2.6750000000000003
8.375,18.225000000000001,2.7250000000000001
8.375,18.225000000000001,2.7750000000000004
8.375,18.225000000000001,2.8250000000000002
8.375,18.225000000000001,2.875
8.375,18.225000000000001,2.9250000000000003
8.375,18.225000000000001,2.9750000000000001
8.375,18.225000000000001,3.0250000000000004
8.375,18.225000000000001,3.125
8.375,18.275000000000002,1.925
8.375,18.275000000000002,1.9750000000000001
8.375,18.275000000000002,2.0249999999999999
8.375,18.275000000000002,2.0750000000000002
8.375,18.275000000000002,2.125
8.375,18.275000000000002,2.1750000000000003
8.375,18.275000000000002,2.2250000000000001
8.375,18.275000000000002,2.2749999999999999
8.375,18.275000000000002,2.3250000000000002
8.375,18.275000000000002,2.375
8.375,18.275000000000002,2.4250000000000003
8.375,18.275000000000002,2.4750000000000001
8.375,18.275000000000002,2.5250000000000004
8.375,18.275000000000002,2.5750000000000002
8.375,18.275000000000002,2.625
8.375,18.275000000000002,2.6750000000000003
8.375,18.275000000000002,2.7250000000000001
8.375,18.275000000000002,2.7750000000000004
8.375,18.275000000000002,2.8250000000000002
8.375,18.275000000000002,2.875
8.375,18.275000000000002,2.9250000000000003
8.375,18.275000000000002,2.9750000000000001
8.375,18.275000000000002,3.0250000000000004
8.375,18.275000000000002,3.0750000000000002
8.375,18.275000000000002,3.125
8.375,18.324999999999999,1.925
8.375,18.324999999999999,1.9750000000000001
8.375,18.324999999999999,2.0249999999999999
8.375,18.324999999999999,2.0750000000000002
8.375,18.324999999999999,2.125
8.375,18.324999999999999,2.1750000000000003
8.375,18.324999999999999,2.2250000000000001
8.375,18.324999999999999,2.2749999999999999
8.375,18.324999999999999,2.3250000000000002
8.375,18.324999999999999,2.375
8.375,18.324999999999999,2.4250000000000003
8.375,18.324999999999999,2.4750000000000001
8.375,18.324999999999999,2.5250000000000004
8.375,18.324999999999999,2.5750000000000002
8.375,18.324999999999999,2.625
8.375,18.324999999999999,2.6750000000000003
8.375,18.324999999999999,2.7250000000000001
8.375,18.324999999999999,2.7750000000000004
8.375,18.324999999999999,2.8250000000000002
8.375,18.324999999999999,2.875
8.375,18.324999999999999,2.9250000000000003
8.375,18.324999999999999,2.9750000000000001
8.375,18.324999999999999,3.0250000000000004
8.375,18.324999999999999,3.0750000000000002
8.375,18.324999999999999,3.125
8.375,18.375,1.925
8.375,18.375,2.0249999999999999
8.375,18.375,2.2250000000000001
8.375,18.375,2.3250000000000002
8.375,18.375,2.4250000000000003
8.375,18.375,2.6750000000000003
8.375,18.375,2.7750000000000004
8.375,18.375,2.875
8.375,18.375,2.9750000000000001
8.375,18.375,3.0250000000000004
8.375,18.375,3.0750000000000002
8.375,18.375,3.125
8.375,19.525000000000002,1.9750000000000001
8.375,19.525000000000002,2.2250000000000001
8.375,19.525000000000002,2.2749999999999999
8.375,19.525000000000002,2.3250000000000002
8.375,19.525000000000002,2.375
8.375,19.525000000000002,2.4250000000000003
8.375,19.525000000000002,2.4750000000000001
8.375,19.525000000000002,2.5250000000000004
8.375,19.525000000000002,2.5750000000000002
8.375,19.525000000000002,2.625
8.375,19.525000000000002,2.6750000000000003
8.375,19.525000000000002,2.7250000000000001
8.375,19.525000000000002,2.7750000000000004
8.375,19.525000000000002,2.8250000000000002
8.375,19.525000000000002,2.875
8.375,19.525000000000002,2.9250000000000003
8.375,19.525000000000002,2.9750000000000001
8.375,19.525000000000002,3.0250000000000004
8.375,19.525000000000002,3.0750000000000002
8.375,19.525000000000002,3.125
8.375,19.575000000000003,1.925
8.375,19.575000000000003,1.9750000000000001
8.375,19.575000000000003,2.0249999999999999
8.375,19.575000000000003,2.0750000000000002
8.375,19.575000000000003,2.125
8.375,19.575000000000003,2.1750000000000003
8.375,19.575000000000003,2.2250000000000001
8.375,19.575000000000003,2.2749999999999999
8.375,19.575000000000003,2.3250000000000002
8.375,19.575000000000003,2.375
8.375,19.575000000000003,2.4250000000000003
8.375,19.575000000000003,2.4750000000000001
8.375,19.575000000000003,2.5250000000000004
8.375,19.575000000000003,2.5750000000000002
8.375,19.575000000000003,2.625
8.375,19.575000000000003,2.6750000000000003
8.375,19.575000000000003,2.7250000000000001
8.375,19.575000000000003,2.7750000000000004
8.375,19.575000000000003,2.8250000000000002
8.375,19.575000000000003,2.875
8.375,19.575000000000003,2.9250000000000003
8.375,19.575000000000003,2.9750000000000001
8.375,19.575000000000003,3.0250000000000004
8.375,19.575000000000003,3.0750000000000002
8.375,19.575000000000003,3.125
8.375,19.625,1.925
8.375,19.625,1.9750000000000001
8.375,19.625,2.0249999999999999
8.375,19.625,2.0750000000000002
8.375,19.625,2.125
8.375,19.625,2.1750000000000003
8.375,19.625,2.2250000000000001
8.375,19.625,2.2749999999999999
8.375,19.625,2.3250000000000002
8.375,19.625,2.375
8.375,19.625,2.4250000000000003
8.375,19.625,2.4750000000000001
8.375,19.625,2.5250000000000004
8.375,19.625,2.5750000000000002
8.375,19.625,2.625
8.375,19.625,2.6750000000000003
8.375,19.625,2.7250000000000001
8.375,19.625,2.7750000000000004
8.375,19.625,2.8250000000000002
8.375,19.625,2.875
8.375,19.625,2.9250000000000003
8.375,19.625,2.9750000000000001
8.375,19.625,3.0250000000000004
8.375,19.625,3.0750000000000002
8.375,19.625,3.125
8.375,19.675000000000001,1.925
8.375,19.675000000000001,1.9750000000000001
8.375,19.675000000000001,2.0249999999999999
8.375,19.675000000000001,2.0750000000000002
8.375,19.675000000000001,2.125
8.375,19.675000000000001,2.1750000000000003
8.375,19.675000000000001,2.2250000000000001
8.375,19.675000000000001,2.2749999999999999
8.375,19.675000000000001,2.3250000000000002
8.375,19.675000000000001,2.375
8.375,19.675000000000001,2.4250000000000003
8.375,19.675000000000001,2.4750000000000001
8.375,19.675000000000001,2.5250000000000004
8.375,19.675000000000001,2.5750000000000002
8.375,19.675000000000001,2.625
8.375,19.675000000000001,2.6750000000000003
8.375,19.675000000000001,2.7250000000000001
8.375,19.675000000000001,2.7750000000000004
8.375,19.675000000000001,2.8250000000000002
8.375,19.675000000000001,2.875
8.375,19.675000000000001,2.9250000000000003
8.375,19.675000000000001,2.9750000000000001
8.375,19.675000000000001,3.0250000000000004
8.375,19.675000000000001,3.0750000000000002
8.375,19.675000000000001,3.125
8.375,19.725000000000001,2.1750000000000003
8.375,19.725000000000001,2.2749999999999999
8.375,19.725000000000001,2.375
8.375,19.725000000000001,2.4250000000000003
8.375,19.725000000000001,2.4750000000000001
8.375,19.725000000000001,2.5250000000000004
8.375,19.725000000000001,2.5750000000000002
8.375,19.725000000000001,2.625
8.375,19.725000000000001,2.6750000000000003
8.375,19.725000000000001,2.7250000000000001
8.375,19.725000000000001,2.7750000000000004
8.375,19.725000000000001,2.8250000000000002
8.375,19.725000000000001,2.875
8.375,19.725000000000001,2.9250000000000003
8.375,19.725000000000001,3.0250000000000004
8.375,19.725000000000001,3.125
8.4250000000000007,18.275000000000002,1.9750000000000001
8.4250000000000007,18.275000000000002,2.0750000000000002
8.4250000000000007,18.275000000000002,2.1750000000000003
8.4250000000000007,18.275000000000002,2.2250000000000001
8.4250000000000007,18.275000000000002,2.2749999999999999
8.4250000000000007,18.275000000000002,2.3250000000000002
8.4250000000000007,18.275000000000002,2.375
8.4250000000000007,18.275000000000002,2.4250000000000003
8.4250000000000007,18.275000000000002,2.4750000000000001
8.4250000000000007,18.275000000000002,2.5250000000000004
8.4250000000000007,18.275000000000002,2.5750000000000002
8.4250000000000007,18.275000000000002,2.625
8.4250000000000007,18.275000000000002,2.6750000000000003
8.4250000000000007,18.275000000000002,2.7250000000000001
8.4250000000000007,18.275000000000002,2.7750000000000004
8.4250000000000007,18.275000000000002,2.8250000000000002
8.4250000000000007,18.275000000000002,2.875
8.4250000000000007,18.275000000000002,2.9250000000000003
8.4250000000000007,18.275000000000002,2.9750000000000001
8.4250000000000007,18.275000000000002,3.0250000000000004
8.4250000000000007,18.275000000000002,3.0750000000000002
8.4250000000000007,18.275000000000002,3.125
8.4250000000000007,18.324999999999999,1.925
8.4250000000000007,18.324999999999999,1.9750000000000001
8.4250000000000007,18.324999999999999,2.0249999999999999
8.4250000000000007,18.324999999999999,2.0750000000000002
8.4250000000000007,18.324999999999999,2.125
8.4250000000000007,18.324999999999999,2.1750000000000003
8.4250000000000007,18.324999999999999,2.2250000000000001
8.4250000000000007,18.324999999999999,2.2749999999999999
8.4250000000000007,18.324999999999999,2.3250000000000002
8.4250000000000007,18.324999999999999,2.375
8.4250000000000007,18.324999999999999,2.4250000000000003
8.4250000000000007,18.324999999999999,2.4750000000000001
8.4250000000000007,18.324999999999999,2.5250000000000004
8.4250000000000007,18.324999999999999,2.5750000000000002
8.4250000000000007,18.324999999999999,2.625
8.4250000000000007,18.324999999999999,2.6750000000000003
8.4250000000000007,18.324999999999999,2.7250000000000001
8.4250000000000007,18.324999999999999,2.7750000000000004
8.4250000000000007,18.324999999999999,2.8250000000000002
8.4250000000000007,18.324999999999999,2.875
8.4250000000000007,18.324999999999999,2.9250000000000003
8.4250000000000007,18.324999999999999,2.9750000000000001
8.4250000000000007,18.324999999999999,3.0250000000000004
8.4250000000000007,18.324999999999999,3.0750000000000002
8.4250000000000007,18.324999999999999,3.125
8.4250000000000007,18.375,1.925
8.4250000000000007,18.375,1.9750000000000001
8.4250000000000007,18.375,2.0249999999999999
8.4250000000000007,18.375,2.0750000000000002
8.4250000000000007,18.375,2.125
8.4250000000000007,18.375,2.1750000000000003
8.4250000000000007,18.375,2.2250000000000001
8.4250000000000007,18.375,2.2749999999999999
8.4250000000000007,18.375,2.3250000000000002
8.4250000000000007,18.375,2.375
8.4250000000000007,18.375,2.4250000000000003
8.4250000000000007,18.375,2.4750000000000001
8.4250000000000007,18.375,2.5250000000000004
8.4250000000000007,18.375,2.5750000000000002
8.4250000000000007,18.375,2.625
8.4250000000000007,18.375,2.6750000000000003
8.4250000000000007,18.375,2.7250000000000001
8.4250000000000007,18.375,2.7750000000000004
8.4250000000000007,18.375,2.8250000000000002
8.4250000000000007,18.375,2.875
8.4250000000000007,18.375,2.9250000000000003
8.4250000000000007,18.375,2.9750000000000001
8.4250000000000007,18.375,3.0250000000000004
8.4250000000000007,18.375,3.0750000000000002
8.4250000000000007,18.375,3.125
8.4250000000000007,19.475000000000001,1.925
8.4250000000000007,19.475000000000001,1.9750000000000001
8.4250000000000007,19.475000000000001,2.0750000000000002
8.4250000000000007,19.475000000000001,2.125
8.4250000000000007,19.475000000000001,2.1750000000000003
8.4250000000000007,19.475000000000001,2.2250000000000001
8.4250000000000007,19.475000000000001,2.3250000000000002
8.4250000000000007,19.475000000000001,2.375
8.4250000000000007,19.475000000000001,2.4250000000000003
8.4250000000000007,19.475000000000001,2.4750000000000001
8.4250000000000007,19.475000000000001,2.5250000000000004
8.4250000000000007,19.475000000000001,2.5750000000000002
8.4250000000000007,19.475000000000001,2.625
8.4250000000000007,19.475000000000001,2.6750000000000003
8.4250000000000007,19.475000000000001,2.7250000000000001
8.4250000000000007,19.475000000000001,2.7750000000000004
8.4250000000000007,19.475000000000001,2.8250000000000002
8.4250000000000007,19.475000000000001,2.875
8.4250000000000007,19.475000000000001,2.9250000000000003
8.4250000000000007,19.475000000000001,2.9750000000000001
8.4250000000000007,19.475000000000001,3.0250000000000004
8.4250000000000007,19.475000000000001,3.0750000000000002
8.4250000000000007,19.475000000000001,3.125
8.4250000000000007,19.525000000000002,1.925
8.4250000000000007,19.525000000000002,1.9750000000000001
8.4250000000000007,19.525000000000002,2.0249999999999999
8.4250000000000007,19.525000000000002,2.0750000000000002
8.4250000000000007,19.525000000000002,2.125
8.4250000000000007,19.525000000000002,2.1750000000000003
8.4250000000000007,19.525000000000002,2.2250000000000001
8.4250000000000007,19.525000000000002,2.2749999999999999
8.4250000000000007,19.525000000000002,2.3250000000000002
8.4250000000000007,19.525000000000002,2.375
8.4250000000000007,19.525000000000002,2.4250000000000003
8.4250000000000007,19.525000000000002,2.4750000000000001
8.4250000000000007,19.525000000000002,2.5250000000000004
8.4250000000000007,19.525000000000002,2.5750000000000002
8.4250000000000007,19.525000000000002,2.625
8.4250000000000007,19.525000000000002,2.6750000000000003
8.4250000000000007,19.525000000000002,2.7250000000000001
8.4250000000000007,19.525000000000002,2.7750000000000004
8.4250000000000007,19.525000000000002,2.8250000000000002
8.4250000000000007,19.525000000000002,2.875
8.4250000000000007,19.525000000000002,2.9250000000000003
8.4250000000000007,19.525000000000002,2.9750000000000001
8.4250000000000007,19.525000000000002,3.0250000000000004
8.4250000000000007,19.525000000000002,3.0750000000000002
8.4250000000000007,19.525000000000002,3.125
8.4250000000000007,19.575000000000003,1.925
8.4250000000000007,19.575000000000003,1.9750000000000001
8.4250000000000007,19.575000000000003,2.0249999999999999
8.4250000000000007,19.575000000000003,2.0750000000000002
8.4250000000000007,19.575000000000003,2.125
8.4250000000000007,19.575000000000003,2.1750000000000003
8.4250000000000007,19.575000000000003,2.2250000000000001
8.4250000000000007,19.575000000000003,2.2749999999999999
8.4250000000000007,19.575000000000003,2.3250000000000002
8.4250000000000007,19.575000000000003,2.375
8.4250000000000007,19.575000000000003,2.4250000000000003
8.4250000000000007,19.575000000000003,2.4750000000000001
8.4250000000000007,19.575000000000003,2.5250000000000004
8.4250000000000007,19.575000000000003,2.5750000000000002
8.4250000000000007,19.575000000000003,2.625
8.4250000000000007,19.575000000000003,2.6750000000000003
8.4250000000000007,19.575000000000003,2.7250000000000001
8.4250000000000007,19.575000000000003,2.7750000000000004
8.4250000000000007,19.575000000000003,2.8250000000000002
8.4250000000000007,19.575000000000003,2.875
8.4250000000000007,19.575000000000003,2.9250000000000003
8.4250000000000007,19.575000000000003,2.9750000000000001
8.4250000000000007,19.575000000000003,3.0250000000000004
8.4250000000000007,19.575000000000003,3.0750000000000002
8.4250000000000007,19.575000000000003,3.125
8.4250000000000007,19.625,1.9750000000000001
8.4250000000000007,19.625,2.0750000000000002
8.4250000000000007,19.625,2.1750000000000003
8.4250000000000007,19.625,2.2250000000000001
8.4250000000000007,19.625,2.2749999999999999
8.4250000000000007,19.625,2.3250000000000002
8.4250000000000007,19.625,2.375
8.4250000000000007,19.625,2.4250000000000003
8.4250000000000007,19.625,2.4750000000000001
8.4250000000000007,19.625,2.5250000000000004
8.4250000000000007,19.625,2.5750000000000002
8.4250000000000007,19.625,2.625
8.4250000000000007,19.625,2.6750000000000003
8.4250000000000007,19.625,2.7250000000000001
8.4250000000000007,19.625,2.7750000000000004
8.4250000000000007,19.625,2.8250000000000002
8.4250000000000007,19.625,2.875
8.4250000000000007,19.625,2.9250000000000003
8.4250000000000007,19.625,2.9750000000000001
8.4250000000000007,19.625,3.0250000000000004
8.4250000000000007,19.625,3.0750000000000002
8.4250000000000007,19.625,3.125
8.4749999999999996,18.275000000000002,2.1750000000000003
8.4749999999999996,18.275000000000002,2.2749999999999999
8.4749999999999996,18.275000000000002,2.375
8.4749999999999996,18.275000000000002,2.4750000000000001
8.4749999999999996,18.275000000000002,2.5250000000000004
8.4749999999999996,18.275000000000002,2.5750000000000002
8.4749999999999996,18.275000000000002,2.625
8.4749999999999996,18.275000000000002,2.6750000000000003
8.4749999999999996,18.275000000000002,2.7250000000000001
8.4749999999999996,18.275000000000002,2.7750000000000004
8.4749999999999996,18.275000000000002,2.8250000000000002
8.4749999999999996,18.275000000000002,2.9250000000000003
8.4749999999999996,18.275000000000002,3.0250000000000004
8.4749999999999996,18.324999999999999,1.925
8.4749999999999996,18.324999999999999,1.9750000000000001
8.4749999999999996,18.324999999999999,2.0249999999999999
8.4749999999999996,18.324999999999999,2.0750000000000002
8.4749999999999996,18.324999999999999,2.125
8.4749999999999996,18.324999999999999,2.1750000000000003
8.4749999999999996,18.324999999999999,2.2250000000000001
8.4749999999999996,18.324999999999999,2.2749999999999999
8.4749999999999996,18.324999999999999,2.3250000000000002
8.4749999999999996,18.324999999999999,2.375
8.4749999999999996,18.324999999999999,2.4250000000000003
8.4749999999999996,18.324999999999999,2.4750000000000001
8.4749999999999996,18.324999999999999,2.5250000000000004
8.4749999999999996,18.324999999999999,2.5750000000000002
8.4749999999999996,18.324999999999999,2.625
8.4749999999999996,18.324999999999999,2.6750000000000003
8.4749999999999996,18.324999999999999,2.7250000000000001
8.4749999999999996,18.324999999999999,2.7750000000000004
8.4749999999999996,18.324999999999999,2.8250000000000002
8.4749999999999996,18.324999999999999,2.875
8.4749999999999996,18.324999999999999,2.9250000000000003
8.4749999999999996,18.324999999999999,2.9750000000000001
8.4749999999999996,18.324999999999999,3.0250000000000004
8.4749999999999996,18.324999999999999,3.0750000000000002
8.4749999999999996,18.324999999999999,3.125
8.4749999999999996,18.375,1.925
8.4749999999999996,18.375,1.9750000000000001
8.4749999999999996,18.375,2.0249999999999999
8.4749999999999996,18.375,2.0750000000000002
8.4749999999999996,18.375,2.125
8.4749999999999996,18.375,2.1750000000000003
8.4749999999999996,18.375,2.2250000000000001
8.4749999999999996,18.375,2.2749999999999999
8.4749999999999996,18.375,2.3250000000000002
8.4749999999999996,18.375,2.375
8.4749999999999996,18.375,2.4250000000000003
8.4749999999999996,18.375,2.4750000000000001
8.4749999999999996,18.375,2.5250000000000004
8.4749999999999996,18.375,2.5750000000000002
8.4749999999999996,18.375,2.625
8.4749999999999996,18.375,2.6750000000000003
8.4749999999999996,18.375,2.7250000000000001
8.4749999999999996,18.375,2.7750000000000004
8.4749999999999996,18.375,2.8250000000000002
8.4749999999999996,18.375,2.875
8.4749999999999996,18.375,2.9250000000000003
8.4749999999999996,18.375,2.9750000000000001
8.4749999999999996,18.375,3.0250000000000004
8.4749999999999996,18.375,3.0750000000000002
8.4749999999999996,18.375,3.125
8.4749999999999996,18.425000000000001,1.925
8.4749999999999996,18.425000000000001,2.0249999999999999
8.4749999999999996,18.425000000000001,2.2250000000000001
8.4749999999999996,18.425000000000001,2.3250000000000002
8.4749999999999996,18.425000000000001,3.0750000000000002
8.4749999999999996,19.425000000000001,1.925
8.4749999999999996,19.425000000000001,2.0249999999999999
8.4749999999999996,19.425000000000001,2.125
8.4749999999999996,19.425000000000001,2.3250000000000002
8.4749999999999996,19.425000000000001,2.375
8.4749999999999996,19.425000000000001,2.4250000000000003
8.4749999999999996,19.425000000000001,2.5250000000000004
8.4749999999999996,19.425000000000001,2.875
8.4749999999999996,19.425000000000001,2.9750000000000001
8.4749999999999996,19.425000000000001,3.0250000000000004
8.4749999999999996,19.425000000000001,3.0750000000000002
8.4749999999999996,19.425000000000001,3.125
8.4749999999999996,19.475000000000001,1.925
8.4749999999999996,19.475000000000001,1.9750000000000001
8.4749999999999996,19.475000000000001,2.0249999999999999
8.4749999999999996,19.475000000000001,2.0750000000000002
8.4749999999999996,19.475000000000001,2.125
8.4749999999999996,19.475000000000001,2.1750000000000003
8.4749999999999996,19.475000000000001,2.2250000000000001
8.4749999999999996,19.475000000000001,2.2749999999999999
8.4749999999999996,19.475000000000001,2.3250000000000002
8.4749999999999996,19.475000000000001,2.375
8.4749999999999996,19.475000000000001,2.4250000000000003
8.4749999999999996,19.475000000000001,2.4750000000000001
8.4749999999999996,19.475000000000001,2.5250000000000004
8.4749999999999996,19.475000000000001,2.5750000000000002
8.4749999999999996,19.475000000000001,2.625
8.4749999999999996,19.475000000000001,2.6750000000000003
8.4749999999999996,19.475000000000001,2.7250000000000001
8.4749999999999996,19.475000000000001,2.7750000000000004
8.4749999999999996,19.475000000000001,2.8250000000000002
8.4749999999999996,19.475000000000001,2.875
8.4749999999999996,19.475000000000001,2.9250000000000003
8.4749999999999996,19.475000000000001,2.9750000000000001
8.4749999999999996,19.475000000000001,3.0250000000000004
8.4749999999999996,19.475000000000001,3.0750000000000002
8.4749999999999996,19.475000000000001,3.125
8.4749999999999996,19.525000000000002,1.925
8.4749999999999996,19.525000000000002,1.9750000000000001
8.4749999999999996,19.525000000000002,2.0249999999999999
8.4749999999999996,19.525000000000002,2.0750000000000002
8.4749999999999996,19.525000000000002,2.125
8.4749999999999996,19.525000000000002,2.1750000000000003
8.4749999999999996,19.525000000000002,2.2250000000000001
8.4749999999999996,19.525000000000002,2.2749999999999999
8.4749999999999996,19.525000000000002,2.3250000000000002
8.4749999999999996,19.525000000000002,2.375
8.4749999999999996,19.525000000000002,2.4250000000000003
8.4749999999999996,19.525000000000002,2.4750000000000001
8.4749999999999996,19.525000000000002,2.5250000000000004
8.4749999999999996,19.525000000000002,2.5750000000000002
8.4749999999999996,19.525000000000002,2.625
8.4749999999999996,19.525000000000002,2.6750000000000003
8.4749999999999996,19.525000000000002,2.7250000000000001
8.4749999999999996,19.525000000000002,2.7750000000000004
8.4749999999999996,19.525000000000002,2.8250000000000002
8.4749999999999996,19.525000000000002,2.875
8.4749999999999996,19.525000000000002,2.9250000000000003
8.4749999999999996,19.525000000000002,2.9750000000000001
8.4749999999999996,19.525000000000002,3.0250000000000004
8.4749999999999996,19.525000000000002,3.0750000000000002
8.4749999999999996,19.525000000000002,3.125
8.4749999999999996,19.575000000000003,1.9750000000000001
8.4749999999999996,19.575000000000003,2.0750000000000002
8.4749999999999996,19.575000000000003,2.1750000000000003
8.4749999999999996,19.575000000000003,2.2250000000000001
8.4749999999999996,19.575000000000003,2.2749999999999999
8.4749999999999996,19.575000000000003,2.3250000000000002
8.4749999999999996,19.575000000000003,2.375
8.4749999999999996,19.575000000000003,2.4250000000000003
8.4749999999999996,19.575000000000003,2.4750000000000001
8.4749999999999996,19.575000000000003,2.5250000000000004
8.4749999999999996,19.575000000000003,2.5750000000000002
8.4749999999999996,19.575000000000003,2.625
8.4749999999999996,19.575000000000003,2.6750000000000003
8.4749999999999996,19.575000000000003,2.7250000000000001
8.4749999999999996,19.575000000000003,2.7750000000000004
8.4749999999999996,19.575000000000003,2.8250000000000002
8.4749999999999996,19.575000000000003,2.875
8.4749999999999996,19.575000000000003,2.9250000000000003
8.4749999999999996,19.575000000000003,2.9750000000000001
8.4749999999999996,19.575000000000003,3.0250000000000004
8.4749999999999996,19.575000000000003,3.0750000000000002
8.4749999999999996,19.575000000000003,3.125
8.5250000000000004,18.324999999999999,1.9750000000000001
8.5250000000000004,18.324999999999999,2.0750000000000002
8.5250000000000004,18.324999999999999,2.1750000000000003
8.5250000000000004,18.324999999999999,2.2250000000000001
8.5250000000000004,18.324999999999999,2.2749999999999999
8.5250000000000004,18.324999999999999,2.3250000000000002
8.5250000000000004,18.324999999999999,2.375
8.5250000000000004,18.324999999999999,2.4250000000000003
8.5250000000000004,18.324999999999999,2.4750000000000001
8.5250000000000004,18.324999999999999,2.5250000000000004
8.5250000000000004,18.324999999999999,2.5750000000000002
8.5250000000000004,18.324999999999999,2.625
8.5250000000000004,18.324999999999999,2.6750000000000003
8.5250000000000004,18.324999999999999,2.7250000000000001
8.5250000000000004,18.324999999999999,2.7750000000000004
8.5250000000000004,18.324999999999999,2.8250000000000002
8.5250000000000004,18.324999999999999,2.875
8.5250000000000004,18.324999999999999,2.9250000000000003
8.5250000000000004,18.324999999999999,2.9750000000000001
8.5250000000000004,18.324999999999999,3.0250000000000004
8.5250000000000004,18.324999999999999,3.0750000000000002
8.5250000000000004,18.324999999999999,3.125
8.5250000000000004,18.375,1.925
8.5250000000000004,18.375,1.9750000000000001
8.5250000000000004,18.375,2.0249999999999999
8.5250000000000004,18.375,2.0750000000000002
8.5250000000000004,18.375,2.125
8.5250000000000004,18.375,2.1750000000000003
8.5250000000000004,18.375,2.2250000000000001
8.5250000000000004,18.375,2.2749999999999999
8.5250000000000004,18.375,2.3250000000000002
8.5250000000000004,18.375,2.375
8.5250000000000004,18.375,2.4250000000000003
8.5250000000000004,18.375,2.4750000000000001
8.5250000000000004,18.375,2.5250000000000004
8.5250000000000004,18.375,2.5750000000000002
8.5250000000000004,18.375,2.625
8.5250000000000004,18.375,2.6750000000000003
8.5250000000000004,18.375,2.7250000000000001
8.5250000000000004,18.375,2.7750000000000004
8.5250000000000004,18.375,2.8250000000000002
8.5250000000000004,18.375,2.875
8.5250000000000004,18.375,2.9250000000000003
8.5250000000000004,18.375,2.9750000000000001
8.5250000000000004,18.375,3.0250000000000004
8.5250000000000004,18.375,3.0750000000000002
8.5250000000000004,18.375,3.125
8.5250000000000004,18.425000000000001,1.925
8.5250000000000004,18.425000000000001,1.9750000000000001
8.5250000000000004,18.425000000000001,2.0249999999999999
8.5250000000000004,18.425000000000001,2.0750000000000002
8.5250000000000004,18.425000000000001,2.125
8.5250000000000004,18.425000000000001,2.1750000000000003
8.5250000000000004,18.425000000000001,2.2250000000000001
8.5250000000000004,18.425000000000001,2.2749999999999999
8.5250000000000004,18.425000000000001,2.3250000000000002
8.5250000000000004,18.425000000000001,2.9750000000000001
8.5250000000000004,18.425000000000001,3.0750000000000002
8.5250000000000004,18.425000000000001,3.125
8.5250000000000004,19.375,3.0750000000000002
8.5250000000000004,19.425000000000001,1.925
8.5250000000000004,19.425000000000001,1.9750000000000001
8.5250000000000004,19.425000000000001,2.0249999999999999
8.5250000000000004,19.425000000000001,2.0750000000000002
8.5250000000000004,19.425000000000001,2.125
8.5250000000000004,19.425000000000001,2.1750000000000003
8.5250000000000004,19.425000000000001,2.2250000000000001
8.5250000000000004,19.425000000000001,2.2749999999999999
8.5250000000000004,19.425000000000001,2.3250000000000002
8.5250000000000004,19.425000000000001,2.375
8.5250000000000004,19.425000000000001,2.4250000000000003
8.5250000000000004,19.425000000000001,2.4750000000000001
8.5250000000000004,19.425000000000001,2.5250000000000004
8.5250000000000004,19.425000000000001,2.5750000000000002
8.5250000000000004,19.425000000000001,2.625
8.5250000000000004,19.425000000000001,2.6750000000000003
8.5250000000000004,19.425000000000001,2.7250000000000001
8.5250000000000004,19.425000000000001,2.7750000000000004
8.5250000000000004,19.425000000000001,2.8250000000000002
8.5250000000000004,19.425000000000001,2.875
8.5250000000000004,19.425000000000001,2.9250000000000003
8.5250000000000004,19.425000000000001,2.9750000000000001
8.5250000000000004,19.425000000000001,3.0250000000000004
8.5250000000000004,19.425000000000001,3.0750000000000002
8.5250000000000004,19.425000000000001,3.125
8.5250000000000004,19.475000000000001,1.925
8.5250000000000004,19.475000000000001,1.9750000000000001
8.5250000000000004,19.475000000000001,2.0249999999999999
8.5250000000000004,19.475000000000001,2.0750000000000002
8.5250000000000004,19.475000000000001,2.125
8.5250000000000004,19.475000000000001,2.1750000000000003
8.5250000000000004,19.475000000000001,2.2250000000000001
8.5250000000000004,19.475000000000001,2.2749999999999999
8.5250000000000004,19.475000000000001,2.3250000000000002
8.5250000000000004,19.475000000000001,2.375
8.5250000000000004,19.475000000000001,2.4250000000000003
8.5250000000000004,19.475000000000001,2.4750000000000001
8.5250000000000004,19.475000000000001,2.5250000000000004
8.5250000000000004,19.475000000000001,2.5750000000000002
8.5250000000000004,19.475000000000001,2.625
8.5250000000000004,19.475000000000001,2.6750000000000003
8.5250000000000004,19.475000000000001,2.7250000000000001
8.5250000000000004,19.475000000000001,2.7750000000000004
8.5250000000000004,19.475000000000001,2.8250000000000002
8.5250000000000004,19.475000000000001,2.875
8.5250000000000004,19.475000000000001,2.9250000000000003
8.5250000000000004,19.475000000000001,2.9750000000000001
8.5250000000000004,19.475000000000001,3.0250000000000004
8.5250000000000004,19.475000000000001,3.0750000000000002
8.5250000000000004,19.475000000000001,3.125
8.5250000000000004,19.525000000000002,1.9750000000000001
8.5250000000000004,19.525000000000002,2.0750000000000002
8.5250000000000004,19.525000000000002,2.125
8.5250000000000004,19.525000000000002,2.1750000000000003
8.5250000000000004,19.525000000000002,2.2250000000000001
8.5250000000000004,19.525000000000002,2.2749999999999999
8.5250000000000004,19.525000000000002,2.3250000000000002
8.5250000000000004,19.525000000000002,2.375
8.5250000000000004,19.525000000000002,2.4250000000000003
8.5250000000000004,19.525000000000002,2.4750000000000001
8.5250000000000004,19.525000000000002,2.5250000000000004
8.5250000000000004,19.525000000000002,2.5750000000000002
8.5250000000000004,19.525000000000002,2.625
8.5250000000000004,19.525000000000002,2.6750000000000003
8.5250000000000004,19.525000000000002,2.7250000000000001
8.5250000000000004,19.525000000000002,2.7750000000000004
8.5250000000000004,19.525000000000002,2.8250000000000002
8.5250000000000004,19.525000000000002,2.875
8.5250000000000004,19.525000000000002,2.9250000000000003
8.5250000000000004,19.525000000000002,2.9750000000000001
8.5250000000000004,19.525000000000002,3.0250000000000004
8.5250000000000004,19.525000000000002,3.0750000000000002
8.5250000000000004,19.525000000000002,3.125
8.5250000000000004,19.575000000000003,2.375
8.5250000000000004,19.575000000000003,2.4750000000000001
8.5250000000000004,19.575000000000003,2.5750000000000002
8.5250000000000004,19.575000000000003,2.625
8.5250000000000004,19.575000000000003,2.6750000000000003
8.5250000000000004,19.575000000000003,2.7250000000000001
8.5250000000000004,19.575000000000003,2.7750000000000004
8.5250000000000004,19.575000000000003,2.8250000000000002
8.5250000000000004,19.575000000000003,2.9250000000000003
8.5250000000000004,19.575000000000003,3.0250000000000004
8.5750000000000011,18.324999999999999,2.1750000000000003
8.5750000000000011,18.324999999999999,2.2749999999999999
8.5750000000000011,18.324999999999999,2.375
8.5750000000000011,18.324999999999999,2.4750000000000001
8.5750000000000011,18.324999999999999,2.5250000000000004
8.5750000000000011,18.324999999999999,2.5750000000000002
8.5750000000000011,18.324999999999999,2.625
8.5750000000000011,18.324999999999999,2.6750000000000003
8.5750000000000011,18.324999999999999,2.7250000000000001
8.5750000000000011,18.324999999999999,2.7750000000000004
8.5750000000000011,18.324999999999999,2.8250000000000002
8.5750000000000011,18.324999999999999,2.875
8.5750000000000011,18.324999999999999,2.9250000000000003
8.5750000000000011,18.324999999999999,3.0250000000000004
8.5750000000000011,18.324999999999999,3.125
8.5750000000000011,18.375,1.925
8.5750000000000011,18.375,1.9750000000000001
8.5750000000000011,18.375,2.0249999999999999
8.5750000000000011,18.375,2.0750000000000002
8.5750000000000011,18.375,2.125
8.5750000000000011,18.375,2.1750000000000003
8.5750000000000011,18.375,2.2250000000000001
8.5750000000000011,18.375,2.2749999999999999
8.5750000000000011,18.375,2.3250000000000002
8.5750000000000011,18.375,2.375
8.5750000000000011,18.375,2.4250000000000003
8.5750000000000011,18.375,2.4750000000000001
8.5750000000000011,18.375,2.5250000000000004
8.5750000000000011,18.375,2.5750000000000002
8.5750000000000011,18.375,2.625
8.5750000000000011,18.375,2.6750000000000003
8.5750000000000011,18.375,2.7250000000000001
8.5750000000000011,18.375,2.7750000000000004
8.5750000000000011,18.375,2.8250000000000002
8.5750000000000011,18.375,2.875
8.5750000000000011,18.375,2.9250000000000003
8.5750000000000011,18.375,2.9750000000000001
8.5750000000000011,18.375,3.0250000000000004
8.5750000000000011,18.375,3.0750000000000002
8.5750000000000011,18.375,3.125
8.5750000000000011,18.425000000000001,1.925
8.5750000000000011,18.425000000000001,1.9750000000000001
8.5750000000000011,18.425000000000001,2.0249999999999999
8.5750000000000011,18.425000000000001,2.0750000000000002
8.5750000000000011,18.425000000000001,2.125
8.5750000000000011,18.425000000000001,2.1750000000000003
8.5750000000000011,18.425000000000001,2.2250000000000001
8.5750000000000011,18.425000000000001,2.2749999999999999
8.5750000000000011,18.425000000000001,2.3250000000000002
8.5750000000000011,18.425000000000001,2.375
8.5750000000000011,18.425000000000001,2.4250000000000003
8.5750000000000011,18.425000000000001,2.9750000000000001
8.5750000000000011,18.425000000000001,3.0750000000000002
8.5750000000000011,18.425000000000001,3.125
8.5750000000000011,19.375,1.925
8.5750000000000011,19.375,1.9750000000000001
8.5750000000000011,19.375,2.0249999999999999
8.5750000000000011,19.375,2.0750000000000002
8.5750000000000011,19.375,2.125
8.5750000000000011,19.375,2.1750000000000003
8.5750000000000011,19.375,2.2250000000000001
8.5750000000000011,19.375,2.2749999999999999
8.5750000000000011,19.375,2.3250000000000002
8.5750000000000011,19.375,2.4250000000000003
8.5750000000000011,19.375,2.9750000000000001
8.5750000000000011,19.375,3.0250000000000004
8.5750000000000011,19.375,3.0750000000000002
8.5750000000000011,19.375,3.125
8.5750000000000011,19.425000000000001,1.925
8.5750000000000011,19.425000000000001,1.9750000000000001
8.5750000000000011,19.425000000000001,2.0249999999999999
8.5750000000000011,19.425000000000001,2.0750000000000002
8.5750000000000011,19.425000000000001,2.125
8.5750000000000011,19.425000000000001,2.1750000000000003
8.5750000000000011,19.425000000000001,2.2250000000000001
8.5750000000000011,19.425000000000001,2.2749999999999999
8.5750000000000011,19.425000000000001,2.3250000000000002
8.5750000000000011,19.425000000000001,2.375
8.5750000000000011,19.425000000000001,2.4250000000000003
8.5750000000000011,19.425000000000001,2.4750000000000001
8.5750000000000011,19.425000000000001,2.5250000000000004
8.5750000000000011,19.425000000000001,2.5750000000000002
8.5750000000000011,19.425000000000001,2.625
8.5750000000000011,19.425000000000001,2.6750000000000003
8.5750000000000011,19.425000000000001,2.7250000000000001
8.5750000000000011,19.425000000000001,2.7750000000000004
8.5750000000000011,19.425000000000001,2.8250000000000002
8.5750000000000011,19.425000000000001,2.875
8.5750000000000011,19.425000000000001,2.9250000000000003
8.5750000000000011,19.425000000000001,2.9750000000000001
8.5750000000000011,19.425000000000001,3.0250000000000004
8.5750000000000011,19.425000000000001,3.0750000000000002
8.5750000000000011,19.425000000000001,3.125
8.5750000000000011,19.475000000000001,1.9750000000000001
8.5750000000000011,19.475000000000001,2.0750000000000002
8.5750000000000011,19.475000000000001,2.125
8.5750000000000011,19.475000000000001,2.1750000000000003
8.5750000000000011,19.475000000000001,2.2250000000000001
8.5750000000000011,19.475000000000001,2.2749999999999999
8.5750000000000011,19.475000000000001,2.3250000000000002
8.5750000000000011,19.475000000000001,2.375
8.5750000000000011,19.475000000000001,2.4250000000000003
8.5750000000000011,19.475000000000001,2.4750000000000001
8.5750000000000011,19.475000000000001,2.5250000000000004
8.5750000000000011,19.475000000000001,2.5750000000000002
8.5750000000000011,19.475000000000001,2.625
8.5750000000000011,19.475000000000001,2.6750000000000003
8.5750000000000011,19.475000000000001,2.7250000000000001
8.5750000000000011,19.475000000000001,2.7750000000000004
8.5750000000000011,19.475000000000001,2.8250000000000002
8.5750000000000011,19.475000000000001,2.875
8.5750000000000011,19.475000000000001,2.9250000000000003
8.5750000000000011,19.475000000000001,2.9750000000000001
8.5750000000000011,19.475000000000001,3.0250000000000004
8.5750000000000011,19.475000000000001,3.0750000000000002
8.5750000000000011,19.475000000000001,3.125
8.5750000000000011,19.525000000000002,2.2749999999999999
8.5750000000000011,19.525000000000002,2.375
8.5750000000000011,19.525000000000002,2.4750000000000001
8.5750000000000011,19.525000000000002,2.5250000000000004
8.5750000000000011,19.525000000000002,2.5750000000000002
8.5750000000000011,19.525000000000002,2.625
8.5750000000000011,19.525000000000002,2.6750000000000003
8.5750000000000011,19.525000000000002,2.7250000000000001
8.5750000000000011,19.525000000000002,2.7750000000000004
8.5750000000000011,19.525000000000002,2.8250000000000002
8.5750000000000011,19.525000000000002,2.9250000000000003
8.5750000000000011,19.525000000000002,3.0250000000000004
8.625,18.375,1.9750000000000001
8.625,18.375,2.0750000000000002
8.625,18.375,2.125
8.625,18.375,2.1750000000000003
8.625,18.375,2.2250000000000001
8.625,18.375,2.2749999999999999
8.625,18.375,2.3250000000000002
8.625,18.375,2.375
8.625,18.375,2.4250000000000003
8.625,18.375,2.4750000000000001
8.625,18.375,2.5250000000000004
8.625,18.375,2.5750000000000002
8.625,18.375,2.625
8.625,18.375,2.6750000000000003
8.625,18.375,2.7250000000000001
8.625,18.375,2.7750000000000004
8.625,18.375,2.8250000000000002
8.625,18.375,2.875
8.625,18.375,2.9250000000000003
8.625,18.375,2.9750000000000001
8.625,18.375,3.0250000000000004
8.625,18.375,3.0750000000000002
8.625,18.375,3.125
8.625,18.425000000000001,1.925
8.625,18.425000000000001,1.9750000000000001
8.625,18.425000000000001,2.0249999999999999
8.625,18.425000000000001,2.0750000000000002
8.625,18.425000000000001,2.125
8.625,18.425000000000001,2.1750000000000003
8.625,18.425000000000001,2.2250000000000001
8.625,18.425000000000001,2.2749999999999999
8.625,18.425000000000001,2.3250000000000002
8.625,18.425000000000001,2.375
8.625,18.425000000000001,2.4250000000000003
8.625,18.425000000000001,2.4750000000000001
8.625,18.425000000000001,2.5250000000000004
8.625,18.425000000000001,2.5750000000000002
8.625,18.425000000000001,2.625
8.625,18.425000000000001,2.6750000000000003
8.625,18.425000000000001,2.7250000000000001
8.625,18.425000000000001,2.7750000000000004
8.625,18.425000000000001,2.8250000000000002
8.625,18.425000000000001,2.875
8.625,18.425000000000001,2.9250000000000003
8.625,18.425000000000001,2.9750000000000001
8.625,18.425000000000001,3.0250000000000004
8.625,18.425000000000001,3.0750000000000002
8.625,18.425000000000001,3.125
8.625,19.375,1.925
8.625,19.375,1.9750000000000001
8.625,19.375,2.0249999999999999
8.625,19.375,2.0750000000000002
8.625,19.375,2.125
8.625,19.375,2.1750000000000003
8.625,19.375,2.2250000000000001
8.625,19.375,2.2749999999999999
8.625,19.375,2.3250000000000002
8.625,19.375,2.375
8.625,19.375,2.4250000000000003
8.625,19.375,2.4750000000000001
8.625,19.375,2.5250000000000004
8.625,19.375,2.875
8.625,19.375,2.9250000000000003
8.625,19.375,2.9750000000000001
8.625,19.375,3.0250000000000004
8.625,19.375,3.0750000000000002
8.625,19.375,3.125
8.625,19.425000000000001,1.9750000000000001
8.625,19.425000000000001,2.0249999999999999
8.625,19.425000000000001,2.0750000000000002
8.625,19.425000000000001,2.125
8.625,19.425000000000001,2.1750000000000003
8.625,19.425000000000001,2.2250000000000001
8.625,19.425000000000001,2.2749999999999999
8.625,19.425000000000001,2.3250000000000002
8.625,19.425000000000001,2.375
8.625,19.425000000000001,2.4250000000000003
8.625,19.425000000000001,2.4750000000000001
8.625,19.425000000000001,2.5250000000000004
8.625,19.425000000000001,2.5750000000000002
8.625,19.425000000000001,2.625
8.625,19.425000000000001,2.6750000000000003
8.625,19.425000000000001,2.7250000000000001
8.625,19.425000000000001,2.7750000000000004
8.625,19.425000000000001,2.8250000000000002
8.625,19.425000000000001,2.875
8.625,19.425000000000001,2.9250000000000003
8.625,19.425000000000001,2.9750000000000001
8.625,19.425000000000001,3.0250000000000004
8.625,19.425000000000001,3.0750000000000002
8.625,19.425000000000001,3.125
8.625,19.475000000000001,2.1750000000000003
8.625,19.475000000000001,2.2749999999999999
8.625,19.475000000000001,2.375
8.625,19.475000000000001,2.4250000000000003
8.625,19.475000000000001,2.4750000000000001
8.625,19.475000000000001,2.5250000000000004
8.625,19.475000000000001,2.5750000000000002
8.625,19.475000000000001,2.625
8.625,19.475000000000001,2.6750000000000003
8.625,19.475000000000001,2.7250000000000001
8.625,19.475000000000001,2.7750000000000004
8.625,19.475000000000001,2.8250000000000002
8.625,19.475000000000001,2.875
8.625,19.475000000000001,2.9250000000000003
8.625,19.475000000000001,3.0250000000000004
8.625,19.475000000000001,3.125
8.6750000000000007,18.375,1.9750000000000001
8.6750000000000007,18.375,2.0750000000000002
8.6750000000000007,18.375,2.1750000000000003
8.6750000000000007,18.375,2.2250000000000001
8.6750000000000007,18.375,2.2749999999999999
8.6750000000000007,18.375,2.3250000000000002
8.6750000000000007,18.375,2.375
8.6750000000000007,18.375,2.4250000000000003
8.6750000000000007,18.375,2.4750000000000001
8.6750000000000007,18.375,2.5250000000000004
8.6750000000000007,18.375,2.5750000000000002
8.6750000000000007,18.375,2.625
8.6750000000000007,18.375,2.6750000000000003
8.6750000000000007,18.375,2.7250000000000001
8.6750000000000007,18.375,2.7750000000000004
8.6750000000000007,18.375,2.8250000000000002
8.6750000000000007,18.375,2.875
8.6750000000000007,18.375,2.9250000000000003
8.6750000000000007,18.375,2.9750000000000001
8.6750000000000007,18.375,3.0250000000000004
8.6750000000000007,18.375,3.0750000000000002
8.6750000000000007,18.375,3.125
8.6750000000000007,18.425000000000001,1.925
8.6750000000000007,18.425000000000001,1.9750000000000001
8.6750000000000007,18.425000000000001,2.0249999999999999
8.6750000000000007,18.425000000000001,2.0750000000000002
8.6750000000000007,18.425000000000001,2.125
8.6750000000000007,18.425000000000001,2.1750000000000003
8.6750000000000007,18.425000000000001,2.2250000000000001
8.6750000000000007,18.425000000000001,2.2749999999999999
8.6750000000000007,18.425000000000001,2.3250000000000002
8.6750000000000007,18.425000000000001,2.375
8.6750000000000007,18.425000000000001,2.4250000000000003
8.6750000000000007,18.425000000000001,2.4750000000000001
8.6750000000000007,18.425000000000001,2.5250000000000004
8.6750000000000007,18.425000000000001,2.5750000000000002
8.6750000000000007,18.425000000000001,2.625
8.6750000000000007,18.425000000000001,2.6750000000000003
8.6750000000000007,18.425000000000001,2.7250000000000001
8.6750000000000007,18.425000000000001,2.7750000000000004
8.6750000000000007,18.425000000000001,2.8250000000000002
8.6750000000000007,18.425000000000001,2.875
8.6750000000000007,18.425000000000001,2.9250000000000003
8.6750000000000007,18.425000000000001,2.9750000000000001
8.6750000000000007,18.425000000000001,3.0250000000000004
8.6750000000000007,18.425000000000001,3.0750000000000002
8.6750000000000007,18.425000000000001,3.125
8.6750000000000007,18.475000000000001,1.925
8.6750000000000007,18.475000000000001,2.0249999999999999
8.6750000000000007,18.475000000000001,2.125
8.6750000000000007,18.475000000000001,2.2250000000000001
8.6750000000000007,18.475000000000001,3.0750000000000002
8.6750000000000007,19.325000000000003,1.925
8.6750000000000007,19.325000000000003,1.9750000000000001
8.6750000000000007,19.325000000000003,2.0249999999999999
8.6750000000000007,19.325000000000003,2.125
8.6750000000000007,19.325000000000003,2.2250000000000001
8.6750000000000007,19.375,1.925
8.6750000000000007,19.375,1.9750000000000001
8.6750000000000007,19.375,2.0249999999999999
8.6750000000000007,19.375,2.0750000000000002
8.6750000000000007,19.375,2.125
8.6750000000000007,19.375,2.1750000000000003
8.6750000000000007,19.375,2.2250000000000001
8.6750000000000007,19.375,2.2749999999999999
8.6750000000000007,19.375,2.3250000000000002
8.6750000000000007,19.375,2.375
8.6750000000000007,19.375,2.4250000000000003
8.6750000000000007,19.375,2.4750000000000001
8.6750000000000007,19.375,2.5250000000000004
8.6750000000000007,19.375,2.5750000000000002
8.6750000000000007,19.375,2.625
8.6750000000000007,19.375,2.6750000000000003
8.6750000000000007,19.375,2.7250000000000001
8.6750000000000007,19.375,2.7750000000000004
8.6750000000000007,19.375,2.8250000000000002
8.6750000000000007,19.375,2.875
8.6750000000000007,19.375,2.9250000000000003
8.6750000000000007,19.375,2.9750000000000001
8.6750000000000007,19.375,3.0250000000000004
8.6750000000000007,19.375,3.0750000000000002
8.6750000000000007,19.375,3.125
8.6750000000000007,19.425000000000001,1.9750000000000001
8.6750000000000007,19.425000000000001,2.0750000000000002
8.6750000000000007,19.425000000000001,2.1750000000000003
8.6750000000000007,19.425000000000001,2.2749999999999999
8.6750000000000007,19.425000000000001,2.3250000000000002
8.6750000000000007,19.425000000000001,2.375
8.6750000000000007,19.425000000000001,2.4250000000000003
8.6750000000000007,19.425000000000001,2.4750000000000001
8.6750000000000007,19.425000000000001,2.5250000000000004
8.6750000000000007,19.425000000000001,2.5750000000000002
8.6750000000000007,19.425000000000001,2.625
8.6750000000000007,19.425000000000001,2.6750000000000003
8.6750000000000007,19.425000000000001,2.7250000000000001
8.6750000000000007,19.425000000000001,2.7750000000000004
8.6750000000000007,19.425000000000001,2.8250000000000002
8.6750000000000007,19.425000000000001,2.875
8.6750000000000007,19.425000000000001,2.9250000000000003
8.6750000000000007,19.425000000000001,2.9750000000000001
8.6750000000000007,19.425000000000001,3.0250000000000004
8.6750000000000007,19.425000000000001,3.0750000000000002
8.6750000000000007,19.425000000000001,3.125
8.6750000000000007,19.475000000000001,2.5750000000000002
8.6750000000000007,19.475000000000001,2.6750000000000003
8.6750000000000007,19.475000000000001,2.7250000000000001
8.7249999999999996,18.375,1.9750000000000001
8.7249999999999996,18.375,2.0750000000000002
8.7249999999999996,18.375,2.1750000000000003
8.7249999999999996,18.375,2.2749999999999999
8.7249999999999996,18.375,2.3250000000000002
8.7249999999999996,18.375,2.375
8.7249999999999996,18.375,2.4250000000000003
8.7249999999999996,18.375,2.4750000000000001
8.7249999999999996,18.375,2.5250000000000004
8.7249999999999996,18.375,2.5750000000000002
8.7249999999999996,18.375,2.625
8.7249999999999996,18.375,2.6750000000000003
8.7249999999999996,18.375,2.7250000000000001
8.7249999999999996,18.375,2.7750000000000004
8.7249999999999996,18.375,2.8250000000000002
8.7249999999999996,18.375,2.875
8.7249999999999996,18.375,2.9250000000000003
8.7249999999999996,18.375,2.9750000000000001
8.7249999999999996,18.375,3.0250000000000004
8.7249999999999996,18.375,3.0750000000000002
8.7249999999999996,18.375,3.125
8.7249999999999996,18.425000000000001,1.925
8.7249999999999996,18.425000000000001,1.9750000000000001
8.7249999999999996,18.425000000000001,2.0249999999999999
8.7249999999999996,18.425000000000001,2.0750000000000002
8.7249999999999996,18.425000000000001,2.125
8.7249999999999996,18.425000000000001,2.1750000000000003
8.7249999999999996,18.425000000000001,2.2250000000000001
8.7249999999999996,18.425000000000001,2.2749999999999999
8.7249999999999996,18.425000000000001,2.3250000000000002
8.7249999999999996,18.425000000000001,2.375
8.7249999999999996,18.425000000000001,2.4250000000000003
8.7249999999999996,18.425000000000001,2.4750000000000001
8.7249999999999996,18.425000000000001,2.5250000000000004
8.7249999999999996,18.425000000000001,2.5750000000000002
8.7249999999999996,18.425000000000001,2.625
8.7249999999999996,18.425000000000001,2.6750000000000003
8.7249999999999996,18.425000000000001,2.7250000000000001
8.7249999999999996,18.425000000000001,2.7750000000000004
8.7249999999999996,18.425000000000001,2.8250000000000002
8.7249999999999996,18.425000000000001,2.875
8.7249999999999996,18.425000000000001,2.9250000000000003
8.7249999999999996,18.425000000000001,2.9750000000000001
8.7249999999999996,18.425000000000001,3.0250000000000004
8.7249999999999996,18.425000000000001,3.0750000000000002
8.7249999999999996,18.425000000000001,3.125
8.7249999999999996,18.475000000000001,1.925
8.7249999999999996,18.475000000000001,2.0249999999999999
8.7249999999999996,18.475000000000001,2.125
8.7249999999999996,18.475000000000001,2.2250000000000001
8.7249999999999996,18.475000000000001,2.3250000000000002
8.7249999999999996,18.475000000000001,2.9750000000000001
8.7249999999999996,18.475000000000001,3.0750000000000002
8.7249999999999996,19.325000000000003,1.925
8.7249999999999996,19.325000000000003,1.9750000000000001
8.7249999999999996,19.325000000000003,2.0249999999999999
8.7249999999999996,19.325000000000003,2.0750000000000002
8.7249999999999996,19.325000000000003,2.125
8.7249999999999996,19.325000000000003,2.1750000000000003
8.7249999999999996,19.325000000000003,2.2250000000000001
8.7249999999999996,19.325000000000003,2.2749999999999999
8.7249999999999996,19.325000000000003,2.3250000000000002
8.7249999999999996,19.325000000000003,2.375
8.7249999999999996,19.325000000000003,2.4250000000000003
8.7249999999999996,19.325000000000003,2.4750000000000001
8.7249999999999996,19.325000000000003,2.5250000000000004
8.7249999999999996,19.325000000000003,2.5750000000000002
8.7249999999999996,19.325000000000003,2.625
8.7249999999999996,19.325000000000003,2.6750000000000003
8.7249999999999996,19.325000000000003,2.7250000000000001
8.7249999999999996,19.325000000000003,2.7750000000000004
8.7249999999999996,19.325000000000003,2.8250000000000002
8.7249999999999996,19.325000000000003,2.875
8.7249999999999996,19.325000000000003,2.9250000000000003
8.7249999999999996,19.325000000000003,2.9750000000000001
8.7249999999999996,19.325000000000003,3.0250000000000004
8.7249999999999996,19.325000000000003,3.0750000000000002
8.7249999999999996,19.325000000000003,3.125
8.7249999999999996,19.375,1.925
8.7249999999999996,19.375,1.9750000000000001
8.7249999999999996,19.375,2.0249999999999999
8.7249999999999996,19.375,2.0750000000000002
8.7249999999999996,19.375,2.125
8.7249999999999996,19.375,2.1750000000000003
8.7249999999999996,19.375,2.2250000000000001
8.7249999999999996,19.375,2.2749999999999999
8.7249999999999996,19.375,2.3250000000000002
8.7249999999999996,19.375,2.375
8.7249999999999996,19.375,2.4250000000000003
8.7249999999999996,19.375,2.4750000000000001
8.7249999999999996,19.375,2.5250000000000004
8.7249999999999996,19.375,2.5750000000000002
8.7249999999999996,19.375,2.625
8.7249999999999996,19.375,2.6750000000000003
8.7249999999999996,19.375,2.7250000000000001
8.7249999999999996,19.375,2.7750000000000004
8.7249999999999996,19.375,2.8250000000000002
8.7249999999999996,19.375,2.875
8.7249999999999996,19.375,2.9250000000000003
8.7249999999999996,19.375,2.9750000000000001
8.7249999999999996,19.375,3.0250000000000004
8.7249999999999996,19.375,3.0750000000000002
8.7249999999999996,19.375,3.125
8.7249999999999996,19.425000000000001,2.2749999999999999
8.7249999999999996,19.425000000000001,2.375
8.7249999999999996,19.425000000000001,2.4250000000000003
8.7249999999999996,19.425000000000001,2.4750000000000001
8.7249999999999996,19.425000000000001,2.5250000000000004
8.7249999999999996,19.425000000000001,2.5750000000000002
8.7249999999999996,19.425000000000001,2.625
8.7249999999999996,19.425000000000001,2.6750000000000003
8.7249999999999996,19.425000000000001,2.7250000000000001
8.7249999999999996,19.425000000000001,2.7750000000000004
8.7249999999999996,19.425000000000001,2.8250000000000002
8.7249999999999996,19.425000000000001,2.875
8.7249999999999996,19.425000000000001,2.9250000000000003
8.7249999999999996,19.425000000000001,3.0250000000000004
8.7249999999999996,19.425000000000001,3.125
8.7750000000000004,18.375,1.9750000000000001
8.7750000000000004,18.375,2.0750000000000002
8.7750000000000004,18.375,2.1750000000000003
8.7750000000000004,18.375,2.2749999999999999
8.7750000000000004,18.375,2.3250000000000002
8.7750000000000004,18.375,2.375
8.7750000000000004,18.375,2.4250000000000003
8.7750000000000004,18.375,2.4750000000000001
8.7750000000000004,18.375,2.5250000000000004
8.7750000000000004,18.375,2.5750000000000002
8.7750000000000004,18.375,2.625
8.7750000000000004,18.375,2.6750000000000003
8.7750000000000004,18.375,2.7250000000000001
8.7750000000000004,18.375,2.7750000000000004
8.7750000000000004,18.375,2.8250000000000002
8.7750000000000004,18.375,2.875
8.7750000000000004,18.375,2.9250000000000003
8.7750000000000004,18.375,2.9750000000000001
8.7750000000000004,18.375,3.0250000000000004
8.7750000000000004,18.375,3.0750000000000002
8.7750000000000004,18.375,3.125
8.7750000000000004,18.425000000000001,1.925
8.7750000000000004,18.425000000000001,1.9750000000000001
8.7750000000000004,18.425000000000001,2.0249999999999999
8.7750000000000004,18.425000000000001,2.0750000000000002
8.7750000000000004,18.425000000000001,2.125
8.7750000000000004,18.425000000000001,2.1750000000000003
8.7750000000000004,18.425000000000001,2.2250000000000001
8.7750000000000004,18.425000000000001,2.2749999999999999
8.7750000000000004,18.425000000000001,2.3250000000000002
8.7750000000000004,18.425000000000001,2.375
8.7750000000000004,18.425000000000001,2.4250000000000003
8.7750000000000004,18.425000000000001,2.4750000000000001
8.7750000000000004,18.425000000000001,2.5250000000000004
8.7750000000000004,18.425000000000001,2.5750000000000002
8.7750000000000004,18.425000000000001,2.625
8.7750000000000004,18.425000000000001,2.6750000000000003
8.7750000000000004,18.425000000000001,2.7250000000000001
8.7750000000000004,18.425000000000001,2.7750000000000004
8.7750000000000004,18.425000000000001,2.8250000000000002
8.7750000000000004,18.425000000000001,2.875
8.7750000000000004,18.425000000000001,2.9250000000000003
8.7750000000000004,18.425000000000001,2.9750000000000001
8.7750000000000004,18.425000000000001,3.0250000000000004
8.7750000000000004,18.425000000000001,3.0750000000000002
8.7750000000000004,18.425000000000001,3.125
8.7750000000000004,18.475000000000001,1.925
8.7750000000000004,18.475000000000001,2.0249999999999999
8.7750000000000004,18.475000000000001,2.125
8.7750000000000004,18.475000000000001,2.2250000000000001
8.7750000000000004,18.475000000000001,2.3250000000000002
8.7750000000000004,18.475000000000001,2.875
8.7750000000000004,18.475000000000001,2.9750000000000001
8.7750000000000004,18.475000000000001,3.0750000000000002
8.7750000000000004,19.325000000000003,1.925
8.7750000000000004,19.325000000000003,1.9750000000000001
8.7750000000000004,19.325000000000003,2.0249999999999999
8.7750000000000004,19.325000000000003,2.0750000000000002
8.7750000000000004,19.325000000000003,2.125
8.7750000000000004,19.325000000000003,2.1750000000000003
8.7750000000000004,19.325000000000003,2.2250000000000001
8.7750000000000004,19.325000000000003,2.2749999999999999
8.7750000000000004,19.325000000000003,2.3250000000000002
8.7750000000000004,19.325000000000003,2.375
8.7750000000000004,19.325000000000003,2.4250000000000003
8.7750000000000004,19.325000000000003,2.4750000000000001
8.7750000000000004,19.325000000000003,2.5250000000000004
8.7750000000000004,19.325000000000003,2.5750000000000002
8.7750000000000004,19.325000000000003,2.625
8.7750000000000004,19.325000000000003,2.6750000000000003
8.7750000000000004,19.325000000000003,2.7250000000000001
8.7750000000000004,19.325000000000003,2.7750000000000004
8.7750000000000004,19.325000000000003,2.8250000000000002
8.7750000000000004,19.325000000000003,2.875
8.7750000000000004,19.325000000000003,2.9250000000000003
8.7750000000000004,19.325000000000003,2.9750000000000001
8.7750000000000004,19.325000000000003,3.0250000000000004
8.7750000000000004,19.325000000000003,3.0750000000000002
8.7750000000000004,19.325000000000003,3.125
8.7750000000000004,19.375,1.9750000000000001
8.7750000000000004,19.375,2.0750000000000002
8.7750000000000004,19.375,2.125
8.7750000000000004,19.375,2.1750000000000003
8.7750000000000004,19.375,2.2250000000000001
8.7750000000000004,19.375,2.2749999999999999
8.7750000000000004,19.375,2.3250000000000002
8.7750000000000004,19.375,2.375
8.7750000000000004,19.375,2.4250000000000003
8.7750000000000004,19.375,2.4750000000000001
8.7750000000000004,19.375,2.5250000000000004
8.7750000000000004,19.375,2.5750000000000002
8.7750000000000004,19.375,2.625
8.7750000000000004,19.375,2.6750000000000003
8.7750000000000004,19.375,2.7250000000000001
8.7750000000000004,19.375,2.7750000000000004
8.7750000000000004,19.375,2.8250000000000002
8.7750000000000004,19.375,2.875
8.7750000000000004,19.375,2.9250000000000003
8.7750000000000004,19.375,2.9750000000000001
8.7750000000000004,19.375,3.0250000000000004
8.7750000000000004,19.375,3.0750000000000002
8.7750000000000004,19.375,3.125
8.7750000000000004,19.425000000000001,2.2749999999999999
8.7750000000000004,19.425000000000001,2.375
8.7750000000000004,19.425000000000001,2.4750000000000001
8.7750000000000004,19.425000000000001,2.5250000000000004
8.7750000000000004,19.425000000000001,2.5750000000000002
8.7750000000000004,19.425000000000001,2.625
8.7750000000000004,19.425000000000001,2.6750000000000003
8.7750000000000004,19.425000000000001,2.7250000000000001
8.7750000000000004,19.425000000000001,2.7750000000000004
8.7750000000000004,19.425000000000001,2.8250000000000002
8.7750000000000004,19.425000000000001,2.875
8.7750000000000004,19.425000000000001,2.9250000000000003
8.7750000000000004,19.425000000000001,3.0250000000000004
8.8250000000000011,18.375,1.9750000000000001
8.8250000000000011,18.375,2.0750000000000002
8.8250000000000011,18.375,2.1750000000000003
8.8250000000000011,18.375,2.2250000000000001
8.8250000000000011,18.375,2.2749999999999999
8.8250000000000011,18.375,2.3250000000000002
8.8250000000000011,18.375,2.375
8.8250000000000011,18.375,2.4250000000000003
8.8250000000000011,18.375,2.4750000000000001
8.8250000000000011,18.375,2.5250000000000004
8.8250000000000011,18.375,2.5750000000000002
8.8250000000000011,18.375,2.625
8.8250000000000011,18.375,2.6750000000000003
8.8250000000000011,18.375,2.7250000000000001
8.8250000000000011,18.375,2.7750000000000004
8.8250000000000011,18.375,2.8250000000000002
8.8250000000000011,18.375,2.875
8.8250000000000011,18.375,2.9250000000000003
8.8250000000000011,18.375,2.9750000000000001
8.8250000000000011,18.375,3.0250000000000004
8.8250000000000011,18.375,3.0750000000000002
8.8250000000000011,18.375,3.125
8.8250000000000011,18.425000000000001,1.925
8.8250000000000011,18.425000000000001,1.9750000000000001
8.8250000000000011,18.425000000000001,2.0249999999999999
8.8250000000000011,18.425000000000001,2.0750000000000002
8.8250000000000011,18.425000000000001,2.125
8.8250000000000011,18.425000000000001,2.1750000000000003
8.8250000000000011,18.425000000000001,2.2250000000000001
8.8250000000000011,18.425000000000001,2.2749999999999999
8.8250000000000011,18.425000000000001,2.3250000000000002
8.8250000000000011,18.425000000000001,2.375
8.8250000000000011,18.425000000000001,2.4250000000000003
8.8250000000000011,18.425000000000001,2.4750000000000001
8.8250000000000011,18.425000000000001,2.5250000000000004
8.8250000000000011,18.425000000000001,2.5750000000000002
8.8250000000000011,18.425000000000001,2.625
8.8250000000000011,18.425000000000001,2.6750000000000003
8.8250000000000011,18.425000000000001,2.7250000000000001
8.8250000000000011,18.425000000000001,2.7750000000000004
8.8250000000000011,18.425000000000001,2.8250000000000002
8.8250000000000011,18.425000000000001,2.875
8.8250000000000011,18.425000000000001,2.9250000000000003
8.8250000000000011,18.425000000000001,2.9750000000000001
8.8250000000000011,18.425000000000001,3.0250000000000004
8.8250000000000011,18.425000000000001,3.0750000000000002
8.8250000000000011,18.425000000000001,3.125
8.8250000000000011,18.475000000000001,1.925
8.8250000000000011,18.475000000000001,2.0249999999999999
8.8250000000000011,18.475000000000001,2.125
8.8250000000000011,18.475000000000001,2.4250000000000003
8.8250000000000011,18.475000000000001,2.875
8.8250000000000011,18.475000000000001,2.9750000000000001
8.8250000000000011,18.475000000000001,3.0750000000000002
8.8250000000000011,19.325000000000003,1.925
8.8250000000000011,19.325000000000003,1.9750000000000001
8.8250000000000011,19.325000000000003,2.0249999999999999
8.8250000000000011,19.325000000000003,2.0750000000000002
8.8250000000000011,19.325000000000003,2.125
8.8250000000000011,19.325000000000003,2.1750000000000003
8.8250000000000011,19.325000000000003,2.2250000000000001
8.8250000000000011,19.325000000000003,2.2749999999999999
8.8250000000000011,19.325000000000003,2.3250000000000002
8.8250000000000011,19.325000000000003,2.375
8.8250000000000011,19.325000000000003,2.4250000000000003
8.8250000000000011,19.325000000000003,2.4750000000000001
8.8250000000000011,19.325000000000003,2.5250000000000004
8.8250000000000011,19.325000000000003,2.5750000000000002
8.8250000000000011,19.325000000000003,2.625
8.8250000000000011,19.325000000000003,2.6750000000000003
8.8250000000000011,19.325000000000003,2.7250000000000001
8.8250000000000011,19.325000000000003,2.7750000000000004
8.8250000000000011,19.325000000000003,2.8250000000000002
8.8250000000000011,19.325000000000003,2.875
8.8250000000000011,19.325000000000003,2.9250000000000003
8.8250000000000011,19.325000000000003,2.9750000000000001
8.8250000000000011,19.325000000000003,3.0250000000000004
8.8250000000000011,19.325000000000003,3.0750000000000002
8.8250000000000011,19.325000000000003,3.125
8.8250000000000011,19.375,1.9750000000000001
8.8250000000000011,19.375,2.0750000000000002
8.8250000000000011,19.375,2.1750000000000003
8.8250000000000011,19.375,2.2250000000000001
8.8250000000000011,19.375,2.2749999999999999
8.8250000000000011,19.375,2.3250000000000002
8.8250000000000011,19.375,2.375
8.8250000000000011,19.375,2.4250000000000003
8.8250000000000011,19.375,2.4750000000000001
8.8250000000000011,19.375,2.5250000000000004
8.8250000000000011,19.375,2.5750000000000002
8.8250000000000011,19.375,2.625
8.8250000000000011,19.375,2.6750000000000003
8.8250000000000011,19.375,2.7250000000000001
8.8250000000000011,19.375,2.7750000000000004
8.8250000000000011,19.375,2.8250000000000002
8.8250000000000011,19.375,2.875
8.8250000000000011,19.375,2.9250000000000003
8.8250000000000011,19.375,2.9750000000000001
8.8250000000000011,19.375,3.0250000000000004
8.8250000000000011,19.375,3.0750000000000002
8.8250000000000011,19.375,3.125
8.8250000000000011,19.425000000000001,2.4750000000000001
8.8250000000000011,19.425000000000001,2.5750000000000002
8.8250000000000011,19.425000000000001,2.625
8.8250000000000011,19.425000000000001,2.6750000000000003
8.8250000000000011,19.425000000000001,2.7250000000000001
8.8250000000000011,19.425000000000001,2.7750000000000004
8.8250000000000011,19.425000000000001,2.8250000000000002
8.8250000000000011,19.425000000000001,2.9250000000000003
7.2250000000000005,18.324999999999999,3.0250000000000004
7.2250000000000005,18.324999999999999,3.125
7.2750000000000004,18.324999999999999,1.9750000000000001
7.2750000000000004,18.324999999999999,2.0249999999999999
7.2750000000000004,18.324999999999999,2.125
7.2750000000000004,18.324999999999999,2.1750000000000003
7.2750000000000004,18.324999999999999,2.2749999999999999
7.2750000000000004,18.324999999999999,2.5750000000000002
7.2750000000000004,18.324999999999999,2.8250000000000002
7.2750000000000004,18.324999999999999,2.875
7.2750000000000004,18.324999999999999,2.9250000000000003
7.2750000000000004,18.324999999999999,3.0250000000000004
7.2750000000000004,18.375,3.0250000000000004
7.2750000000000004,18.375,3.125
7.3250000000000002,18.324999999999999,1.925
7.3250000000000002,18.324999999999999,2.125
7.3250000000000002,18.324999999999999,2.2749999999999999
7.3250000000000002,18.324999999999999,2.625
7.3250000000000002,18.324999999999999,2.8250000000000002
7.3250000000000002,18.375,1.925
7.3250000000000002,18.375,1.9750000000000001
7.3250000000000002,18.375,2.0249999999999999
7.3250000000000002,18.375,2.0750000000000002
7.3250000000000002,18.375,2.125
7.3250000000000002,18.375,2.1750000000000003
7.3250000000000002,18.375,2.2250000000000001
7.3250000000000002,18.375,2.2749999999999999
7.3250000000000002,18.375,2.3250000000000002
7.3250000000000002,18.375,2.375
7.3250000000000002,18.375,2.4250000000000003
7.3250000000000002,18.375,2.4750000000000001
7.3250000000000002,18.375,2.5250000000000004
7.3250000000000002,18.375,2.5750000000000002
7.3250000000000002,18.375,2.625
7.3250000000000002,18.375,2.6750000000000003
7.3250000000000002,18.375,2.7250000000000001
7.3250000000000002,18.375,2.7750000000000004
7.3250000000000002,18.375,2.8250000000000002
7.3250000000000002,18.375,2.875
7.3250000000000002,18.375,2.9250000000000003
7.3250000000000002,18.375,2.9750000000000001
7.3250000000000002,18.375,3.0250000000000004
7.3250000000000002,18.375,3.0750000000000002
7.3250000000000002,18.375,3.125
7.3250000000000002,18.425000000000001,3.0250000000000004
7.375,18.375,1.925
7.375,18.375,1.9750000000000001
7.375,18.375,2.0249999999999999
7.375,18.375,2.0750000000000002
7.375,18.375,2.125
7.375,18.375,2.1750000000000003
7.375,18.375,2.2250000000000001
7.375,18.375,2.2749999999999999
7.375,18.375,2.3250000000000002
7.375,18.375,2.375
7.375,18.375,2.4250000000000003
7.375,18.375,2.4750000000000001
7.375,18.375,2.5250000000000004
7.375,18.375,2.5750000000000002
7.375,18.375,2.625
7.375,18.375,2.6750000000000003
7.375,18.375,2.7250000000000001
7.375,18.375,2.7750000000000004
7.375,18.375,2.8250000000000002
7.375,18.375,2.875
7.375,18.375,2.9250000000000003
7.375,18.375,2.9750000000000001
7.375,18.375,3.0250000000000004
7.375,18.375,3.0750000000000002
7.375,18.375,3.125
7.375,18.425000000000001,1.925
7.375,18.425000000000001,1.9750000000000001
7.375,18.425000000000001,2.0249999999999999
7.375,18.425000000000001,2.0750000000000002
7.375,18.425000000000001,2.125
7.375,18.425000000000001,2.1750000000000003
7.375,18.425000000000001,2.2250000000000001
7.375,18.425000000000001,2.2749999999999999
7.375,18.425000000000001,2.3250000000000002
7.375,18.425000000000001,2.375
7.375,18.425000000000001,2.4250000000000003
7.375,18.425000000000001,2.4750000000000001
7.375,18.425000000000001,2.5250000000000004
7.375,18.425000000000001,2.5750000000000002
7.375,18.425000000000001,2.625
7.375,18.425000000000001,2.6750000000000003
7.375,18.425000000000001,2.7250000000000001
7.375,18.425000000000001,2.7750000000000004
7.375,18.425000000000001,2.8250000000000002
7.375,18.425000000000001,2.875
7.375,18.425000000000001,2.9250000000000003
7.375,18.425000000000001,2.9750000000000001
7.375,18.425000000000001,3.0250000000000004
7.375,18.425000000000001,3.0750000000000002
7.375,18.425000000000001,3.125
7.4250000000000007,18.425000000000001,1.925
7.4250000000000007,18.425000000000001,1.9750000000000001
7.4250000000000007,18.425000000000001,2.0249999999999999
7.4250000000000007,18.425000000000001,2.0750000000000002
7.4250000000000007,18.425000000000001,2.125
7.4250000000000007,18.425000000000001,2.1750000000000003
7.4250000000000007,18.425000000000001,2.2250000000000001
7.4250000000000007,18.425000000000001,2.2749999999999999
7.4250000000000007,18.425000000000001,2.3250000000000002
7.4250000000000007,18.425000000000001,2.375
7.4250000000000007,18.425000000000001,2.4250000000000003
7.4250000000000007,18.425000000000001,2.4750000000000001
7.4250000000000007,18.425000000000001,2.5250000000000004
7.4250000000000007,18.425000000000001,2.5750000000000002
7.4250000000000007,18.425000000000001,2.625
7.4250000000000007,18.425000000000001,2.6750000000000003
7.4250000000000007,18.425000000000001,2.7250000000000001
7.4250000000000007,18.425000000000001,2.7750000000000004
7.4250000000000007,18.425000000000001,2.8250000000000002
7.4250000000000007,18.425000000000001,2.875
7.4250000000000007,18.425000000000001,2.9250000000000003
7.4250000000000007,18.425000000000001,2.9750000000000001
7.4250000000000007,18.425000000000001,3.0250000000000004
7.4250000000000007,18.425000000000001,3.0750000000000002
7.4250000000000007,18.425000000000001,3.125
7.4250000000000007,18.475000000000001,1.925
7.4250000000000007,18.475000000000001,1.9750000000000001
7.4250000000000007,18.475000000000001,2.0249999999999999
7.4250000000000007,18.475000000000001,2.0750000000000002
7.4250000000000007,18.475000000000001,2.125
7.4250000000000007,18.475000000000001,2.1750000000000003
7.4250000000000007,18.475000000000001,2.2250000000000001
7.4250000000000007,18.475000000000001,2.2749999999999999
7.4250000000000007,18.475000000000001,2.3250000000000002
7.4250000000000007,18.475000000000001,2.375
7.4250000000000007,18.475000000000001,2.4250000000000003
7.4250000000000007,18.475000000000001,2.4750000000000001
7.4250000000000007,18.475000000000001,2.5250000000000004
7.4250000000000007,18.475000000000001,2.5750000000000002
7.4250000000000007,18.475000000000001,2.625
7.4250000000000007,18.475000000000001,2.6750000000000003
7.4250000000000007,18.475000000000001,2.7250000000000001
7.4250000000000007,18.475000000000001,2.7750000000000004
7.4250000000000007,18.475000000000001,2.8250000000000002
7.4250000000000007,18.475000000000001,2.875
7.4250000000000007,18.475000000000001,2.9250000000000003
7.4250000000000007,18.475000000000001,2.9750000000000001
7.4250000000000007,18.475000000000001,3.0250000000000004
7.4250000000000007,18.475000000000001,3.0750000000000002
7.4250000000000007,18.475000000000001,3.125
7.4250000000000007,18.525000000000002,1.925
7.4250000000000007,18.525000000000002,1.9750000000000001
7.4750000000000005,18.425000000000001,1.925
7.4750000000000005,18.425000000000001,1.9750000000000001
7.4750000000000005,18.425000000000001,2.0249999999999999
7.4750000000000005,18.425000000000001,2.0750000000000002
7.4750000000000005,18.425000000000001,2.1750000000000003
7.4750000000000005,18.425000000000001,2.2250000000000001
7.4750000000000005,18.425000000000001,2.3250000000000002
7.4750000000000005,18.425000000000001,2.4750000000000001
7.4750000000000005,18.425000000000001,2.5750000000000002
7.4750000000000005,18.425000000000001,2.6750000000000003
7.4750000000000005,18.425000000000001,3.0750000000000002
7.4750000000000005,18.475000000000001,1.925
7.4750000000000005,18.475000000000001,1.9750000000000001
7.4750000000000005,18.475000000000001,2.0249999999999999
7.4750000000000005,18.475000000000001,2.0750000000000002
7.4750000000000005,18.475000000000001,2.125
7.4750000000000005,18.475000000000001,2.1750000000000003
7.4750000000000005,18.475000000000001,2.2250000000000001
7.4750000000000005,18.475000000000001,2.2749999999999999
7.4750000000000005,18.475000000000001,2.3250000000000002
7.4750000000000005,18.475000000000001,2.375
7.4750000000000005,18.475000000000001,2.4250000000000003
7.4750000000000005,18.475000000000001,2.4750000000000001
7.4750000000000005,18.475000000000001,2.5250000000000004
7.4750000000000005,18.475000000000001,2.5750000000000002
7.4750000000000005,18.475000000000001,2.625
7.4750000000000005,18.475000000000001,2.6750000000000003
7.4750000000000005,18.475000000000001,2.7250000000000001
7.4750000000000005,18.475000000000001,2.7750000000000004
7.4750000000000005,18.475000000000001,2.8250000000000002
7.4750000000000005,18.475000000000001,2.875
7.4750000000000005,18.475000000000001,2.9250000000000003
7.4750000000000005,18.475000000000001,2.9750000000000001
7.4750000000000005,18.475000000000001,3.0250000000000004
7.4750000000000005,18.475000000000001,3.0750000000000002
7.4750000000000005,18.475000000000001,3.125
7.4750000000000005,18.525000000000002,1.925
7.4750000000000005,18.525000000000002,1.9750000000000001
7.4750000000000005,18.525000000000002,2.0249999999999999
7.4750000000000005,18.525000000000002,2.0750000000000002
7.4750000000000005,18.525000000000002,2.125
7.4750000000000005,18.525000000000002,2.1750000000000003
7.4750000000000005,18.525000000000002,2.2250000000000001
7.4750000000000005,18.525000000000002,2.2749999999999999
7.4750000000000005,18.525000000000002,2.3250000000000002
7.4750000000000005,18.525000000000002,2.375
7.4750000000000005,18.525000000000002,2.4250000000000003
7.4750000000000005,18.525000000000002,2.4750000000000001
7.4750000000000005,18.525000000000002,2.5250000000000004
7.4750000000000005,18.525000000000002,2.5750000000000002
7.4750000000000005,18.525000000000002,2.625
7.4750000000000005,18.525000000000002,2.6750000000000003
7.4750000000000005,18.525000000000002,2.7250000000000001
7.4750000000000005,18.525000000000002,2.7750000000000004
7.4750000000000005,18.525000000000002,2.8250000000000002
7.4750000000000005,18.525000000000002,2.875
7.4750000000000005,18.525000000000002,2.9250000000000003
7.4750000000000005,18.525000000000002,2.9750000000000001
7.4750000000000005,18.525000000000002,3.0250000000000004
7.4750000000000005,18.525000000000002,3.0750000000000002
7.4750000000000005,18.525000000000002,3.125
7.4750000000000005,18.574999999999999,1.925
7.4750000000000005,18.574999999999999,1.9750000000000001
7.4750000000000005,18.574999999999999,2.0249999999999999
7.4750000000000005,18.574999999999999,2.0750000000000002
7.4750000000000005,18.574999999999999,2.125
7.4750000000000005,18.574999999999999,2.1750000000000003
7.4750000000000005,18.574999999999999,2.2250000000000001
7.4750000000000005,18.574999999999999,2.2749999999999999
7.4750000000000005,18.574999999999999,2.3250000000000002
7.4750000000000005,18.574999999999999,2.375
7.4750000000000005,18.574999999999999,2.4250000000000003
7.4750000000000005,18.574999999999999,2.4750000000000001
7.4750000000000005,18.574999999999999,2.625
7.4750000000000005,18.574999999999999,2.6750000000000003
7.4750000000000005,18.574999999999999,2.7250000000000001
7.4750000000000005,18.574999999999999,2.7750000000000004
7.4750000000000005,18.574999999999999,2.8250000000000002
7.4750000000000005,18.574999999999999,2.875
7.4750000000000005,18.574999999999999,2.9250000000000003
7.4750000000000005,18.574999999999999,2.9750000000000001
7.4750000000000005,18.574999999999999,3.0250000000000004
7.4750000000000005,18.574999999999999,3.0750000000000002
7.4750000000000005,18.574999999999999,3.125
7.4750000000000005,18.625,1.925
7.5250000000000004,18.475000000000001,2.7750000000000004
7.5250000000000004,18.475000000000001,2.8250000000000002
7.5250000000000004,18.475000000000001,2.875
7.5250000000000004,18.475000000000001,2.9250000000000003
7.5250000000000004,18.475000000000001,2.9750000000000001
7.5250000000000004,18.475000000000001,3.0250000000000004
7.5250000000000004,18.475000000000001,3.0750000000000002
7.5250000000000004,18.475000000000001,3.125
7.5250000000000004,18.525000000000002,1.925
7.5250000000000004,18.525000000000002,1.9750000000000001
7.5250000000000004,18.525000000000002,2.0249999999999999
7.5250000000000004,18.525000000000002,2.0750000000000002
7.5250000000000004,18.525000000000002,2.125
7.5250000000000004,18.525000000000002,2.1750000000000003
7.5250000000000004,18.525000000000002,2.2250000000000001
7.5250000000000004,18.525000000000002,2.2749999999999999
7.5250000000000004,18.525000000000002,2.3250000000000002
7.5250000000000004,18.525000000000002,2.375
7.5250000000000004,18.525000000000002,2.4250000000000003
7.5250000000000004,18.525000000000002,2.4750000000000001
7.5250000000000004,18.525000000000002,2.5250000000000004
7.5250000000000004,18.525000000000002,2.5750000000000002
7.5250000000000004,18.525000000000002,2.625
7.5250000000000004,18.525000000000002,2.6750000000000003
7.5250000000000004,18.525000000000002,2.7250000000000001
7.5250000000000004,18.525000000000002,2.7750000000000004
7.5250000000000004,18.525000000000002,2.8250000000000002
7.5250000000000004,18.525000000000002,2.875
7.5250000000000004,18.525000000000002,2.9250000000000003
7.5250000000000004,18.525000000000002,2.9750000000000001
7.5250000000000004,18.525000000000002,3.0250000000000004
7.5250000000000004,18.525000000000002,3.0750000000000002
7.5250000000000004,18.525000000000002,3.125
7.5250000000000004,18.574999999999999,1.925
7.5250000000000004,18.574999999999999,1.9750000000000001
7.5250000000000004,18.574999999999999,2.0249999999999999
7.5250000000000004,18.574999999999999,2.0750000000000002
7.5250000000000004,18.574999999999999,2.125
7.5250000000000004,18.574999999999999,2.1750000000000003
7.5250000000000004,18.574999999999999,2.2250000000000001
7.5250000000000004,18.574999999999999,2.2749999999999999
7.5250000000000004,18.574999999999999,2.3250000000000002
7.5250000000000004,18.574999999999999,2.375
7.5250000000000004,18.574999999999999,2.4250000000000003
7.5250000000000004,18.574999999999999,2.4750000000000001
7.5250000000000004,18.574999999999999,2.5250000000000004
7.5250000000000004,18.574999999999999,2.5750000000000002
7.5250000000000004,18.574999999999999,2.625
7.5250000000000004,18.574999999999999,2.6750000000000003
7.5250000000000004,18.574999999999999,2.7250000000000001
7.5250000000000004,18.574999999999999,2.7750000000000004
7.5250000000000004,18.574999999999999,2.8250000000000002
7.5250000000000004,18.574999999999999,2.875
7.5250000000000004,18.574999999999999,2.9250000000000003
7.5250000000000004,18.574999999999999,2.9750000000000001
7.5250000000000004,18.574999999999999,3.0250000000000004
7.5250000000000004,18.574999999999999,3.0750000000000002
7.5250000000000004,18.574999999999999,3.125
7.5250000000000004,18.625,1.925
7.5250000000000004,18.625,1.9750000000000001
7.5250000000000004,18.625,2.0249999999999999
7.5250000000000004,18.625,2.0750000000000002
7.5250000000000004,18.625,2.125
7.5250000000000004,18.625,2.1750000000000003
7.5250000000000004,18.625,2.2250000000000001
7.5250000000000004,18.625,2.2749999999999999
7.5250000000000004,18.625,2.3250000000000002
7.5250000000000004,18.625,2.375
7.5250000000000004,18.625,2.4250000000000003
7.5250000000000004,18.625,2.4750000000000001
7.5250000000000004,18.625,2.5250000000000004
7.5250000000000004,18.625,2.5750000000000002
7.5250000000000004,18.625,2.625
7.5250000000000004,18.625,2.6750000000000003
7.5250000000000004,18.625,2.7250000000000001
7.5250000000000004,18.625,2.7750000000000004
7.5250000000000004,18.625,2.8250000000000002
7.5250000000000004,18.625,2.875
7.5250000000000004,18.625,2.9250000000000003
7.5250000000000004,18.625,2.9750000000000001
7.5250000000000004,18.625,3.0250000000000004
7.5250000000000004,18.625,3.0750000000000002
7.5250000000000004,18.625,3.125
7.5250000000000004,18.675000000000001,1.925
7.5250000000000004,18.675000000000001,1.9750000000000001
7.5250000000000004,18.675000000000001,2.0249999999999999
7.5250000000000004,18.675000000000001,2.0750000000000002
7.5250000000000004,18.675000000000001,2.125
7.5250000000000004,18.675000000000001,2.1750000000000003
7.5250000000000004,18.675000000000001,2.2250000000000001
7.5250000000000004,18.675000000000001,2.2749999999999999
7.5250000000000004,18.675000000000001,2.3250000000000002
7.5250000000000004,18.675000000000001,2.375
7.5250000000000004,18.675000000000001,2.4250000000000003
7.5250000000000004,18.675000000000001,2.4750000000000001
7.5250000000000004,18.675000000000001,2.5250000000000004
7.5250000000000004,18.675000000000001,2.5750000000000002
7.5250000000000004,18.675000000000001,2.625
7.5250000000000004,18.675000000000001,2.6750000000000003
7.5250000000000004,18.675000000000001,2.7250000000000001
7.5250000000000004,18.675000000000001,2.7750000000000004
7.5250000000000004,18.675000000000001,2.8250000000000002
7.5250000000000004,18.675000000000001,2.875
7.5250000000000004,18.675000000000001,2.9250000000000003
7.5250000000000004,18.675000000000001,2.9750000000000001
7.5250000000000004,18.675000000000001,3.0250000000000004
7.5250000000000004,18.675000000000001,3.0750000000000002
7.5250000000000004,18.675000000000001,3.125
7.5250000000000004,18.725000000000001,1.925
7.5250000000000004,18.725000000000001,1.9750000000000001
7.5250000000000004,18.725000000000001,2.0750000000000002
7.5250000000000004,18.725000000000001,2.1750000000000003
7.5250000000000004,18.725000000000001,2.2749999999999999
7.5250000000000004,18.725000000000001,2.3250000000000002
7.5250000000000004,18.725000000000001,2.375
7.5250000000000004,18.725000000000001,2.4250000000000003
7.5250000000000004,18.725000000000001,2.4750000000000001
7.5250000000000004,18.725000000000001,2.5250000000000004
7.5250000000000004,18.725000000000001,2.5750000000000002
7.5250000000000004,18.725000000000001,2.625
7.5250000000000004,18.725000000000001,2.6750000000000003
7.5250000000000004,18.725000000000001,2.7250000000000001
7.5250000000000004,18.725000000000001,2.7750000000000004
7.5250000000000004,18.725000000000001,2.8250000000000002
7.5250000000000004,18.725000000000001,2.875
7.5250000000000004,18.725000000000001,2.9250000000000003
7.5250000000000004,18.725000000000001,2.9750000000000001
7.5250000000000004,18.725000000000001,3.0250000000000004
7.5250000000000004,18.725000000000001,3.0750000000000002
7.5250000000000004,18.725000000000001,3.125
7.5250000000000004,18.775000000000002,2.7250000000000001
7.5250000000000004,18.775000000000002,2.7750000000000004
7.5250000000000004,18.775000000000002,2.8250000000000002
7.5250000000000004,18.775000000000002,2.9250000000000003
7.5250000000000004,18.775000000000002,3.125
7.5250000000000004,18.875,2.1750000000000003
7.5250000000000004,18.875,2.2749999999999999
7.5250000000000004,18.875,2.375
7.5250000000000004,18.875,2.4750000000000001
7.5250000000000004,18.875,2.5750000000000002
7.5250000000000004,18.875,2.625
7.5250000000000004,18.875,2.6750000000000003
7.5250000000000004,18.875,2.7250000000000001
7.5250000000000004,18.875,2.7750000000000004
7.5250000000000004,18.875,2.8250000000000002
7.5250000000000004,18.875,2.9250000000000003
7.5250000000000004,18.875,3.0250000000000004
7.5250000000000004,18.875,3.125
7.5250000000000004,18.925000000000001,2.1750000000000003
7.5250000000000004,18.925000000000001,2.2749999999999999
7.5250000000000004,18.925000000000001,2.375
7.5250000000000004,18.925000000000001,2.4750000000000001
7.5250000000000004,18.925000000000001,2.5250000000000004
7.5250000000000004,18.925000000000001,2.5750000000000002
7.5250000000000004,18.925000000000001,2.625
7.5250000000000004,18.925000000000001,2.6750000000000003
7.5250000000000004,18.925000000000001,2.7250000000000001
7.5250000000000004,18.925000000000001,2.7750000000000004
7.5250000000000004,18.925000000000001,2.8250000000000002
7.5250000000000004,18.925000000000001,2.9250000000000003
7.5250000000000004,18.925000000000001,3.0250000000000004
7.5250000000000004,18.925000000000001,3.125
7.5750000000000002,18.574999999999999,1.925
7.5750000000000002,18.574999999999999,2.0249999999999999
7.5750000000000002,18.574999999999999,2.125
7.5750000000000002,18.574999999999999,2.3250000000000002
7.5750000000000002,18.574999999999999,2.4250000000000003
7.5750000000000002,18.574999999999999,2.4750000000000001
7.5750000000000002,18.574999999999999,2.5250000000000004
7.5750000000000002,18.574999999999999,2.7750000000000004
7.5750000000000002,18.574999999999999,2.8250000000000002
7.5750000000000002,18.574999999999999,2.875
7.5750000000000002,18.574999999999999,2.9250000000000003
7.5750000000000002,18.574999999999999,2.9750000000000001
7.5750000000000002,18.574999999999999,3.0250000000000004
7.5750000000000002,18.574999999999999,3.0750000000000002
7.5750000000000002,18.574999999999999,3.125
7.5750000000000002,18.625,1.925
7.5750000000000002,18.625,1.9750000000000001
7.5750000000000002,18.625,2.0249999999999999
7.5750000000000002,18.625,2.0750000000000002
7.5750000000000002,18.625,2.125
7.5750000000000002,18.625,2.1750000000000003
7.5750000000000002,18.625,2.2250000000000001
7.5750000000000002,18.625,2.2749999999999999
7.5750000000000002,18.625,2.3250000000000002
7.5750000000000002,18.625,2.375
7.5750000000000002,18.625,2.4250000000000003
7.5750000000000002,18.625,2.4750000000000001
7.5750000000000002,18.625,2.5250000000000004
7.5750000000000002,18.625,2.5750000000000002
7.5750000000000002,18.625,2.625
7.5750000000000002,18.625,2.6750000000000003
7.5750000000000002,18.625,2.7250000000000001
7.5750000000000002,18.625,2.7750000000000004
7.5750000000000002,18.625,2.8250000000000002
7.5750000000000002,18.625,2.875
7.5750000000000002,18.625,2.9250000000000003
7.5750000000000002,18.625,2.9750000000000001
7.5750000000000002,18.625,3.0250000000000004
7.5750000000000002,18.625,3.0750000000000002
7.5750000000000002,18.625,3.125
7.5750000000000002,18.675000000000001,1.925
7.5750000000000002,18.675000000000001,1.9750000000000001
7.5750000000000002,18.675000000000001,2.0249999999999999
7.5750000000000002,18.675000000000001,2.0750000000000002
7.5750000000000002,18.675000000000001,2.125
7.5750000000000002,18.675000000000001,2.1750000000000003
7.5750000000000002,18.675000000000001,2.2250000000000001
7.5750000000000002,18.675000000000001,2.2749999999999999
7.5750000000000002,18.675000000000001,2.3250000000000002
7.5750000000000002,18.675000000000001,2.375
7.5750000000000002,18.675000000000001,2.4250000000000003
7.5750000000000002,18.675000000000001,2.4750000000000001
7.5750000000000002,18.675000000000001,2.5250000000000004
7.5750000000000002,18.675000000000001,2.5750000000000002
7.5750000000000002,18.675000000000001,2.625
7.5750000000000002,18.675000000000001,2.6750000000000003
7.5750000000000002,18.675000000000001,2.7250000000000001
7.5750000000000002,18.675000000000001,2.7750000000000004
7.5750000000000002,18.675000000000001,2.8250000000000002
7.5750000000000002,18.675000000000001,2.875
7.5750000000000002,18.675000000000001,2.9250000000000003
7.5750000000000002,18.675000000000001,2.9750000000000001
7.5750000000000002,18.675000000000001,3.0250000000000004
7.5750000000000002,18.675000000000001,3.0750000000000002
7.5750000000000002,18.675000000000001,3.125
7.5750000000000002,18.725000000000001,1.925
7.5750000000000002,18.725000000000001,1.9750000000000001
7.5750000000000002,18.725000000000001,2.0249999999999999
7.5750000000000002,18.725000000000001,2.0750000000000002
7.5750000000000002,18.725000000000001,2.125
7.5750000000000002,18.725000000000001,2.1750000000000003
7.5750000000000002,18.725000000000001,2.2250000000000001
7.5750000000000002,18.725000000000001,2.2749999999999999
7.5750000000000002,18.725000000000001,2.3250000000000002
7.5750000000000002,18.725000000000001,2.375
7.5750000000000002,18.725000000000001,2.4250000000000003
7.5750000000000002,18.725000000000001,2.4750000000000001
7.5750000000000002,18.725000000000001,2.5250000000000004
7.5750000000000002,18.725000000000001,2.5750000000000002
7.5750000000000002,18.725000000000001,2.625
7.5750000000000002,18.725000000000001,2.6750000000000003
7.5750000000000002,18.725000000000001,2.7250000000000001
7.5750000000000002,18.725000000000001,2.7750000000000004
7.5750000000000002,18.725000000000001,2.8250000000000002
7.5750000000000002,18.725000000000001,2.875
7.5750000000000002,18.725000000000001,2.9250000000000003
7.5750000000000002,18.725000000000001,2.9750000000000001
7.5750000000000002,18.725000000000001,3.0250000000000004
7.5750000000000002,18.725000000000001,3.0750000000000002
7.5750000000000002,18.725000000000001,3.125
7.5750000000000002,18.775000000000002,1.925
7.5750000000000002,18.775000000000002,1.9750000000000001
7.5750000000000002,18.775000000000002,2.0249999999999999
7.5750000000000002,18.775000000000002,2.0750000000000002
7.5750000000000002,18.775000000000002,2.125
7.5750000000000002,18.775000000000002,2.1750000000000003
7.5750000000000002,18.775000000000002,2.2250000000000001
7.5750000000000002,18.775000000000002,2.2749999999999999
7.5750000000000002,18.775000000000002,2.3250000000000002
7.5750000000000002,18.775000000000002,2.375
7.5750000000000002,18.775000000000002,2.4250000000000003
7.5750000000000002,18.775000000000002,2.4750000000000001
7.5750000000000002,18.775000000000002,2.5250000000000004
7.5750000000000002,18.775000000000002,2.5750000000000002
7.5750000000000002,18.775000000000002,2.625
7.5750000000000002,18.775000000000002,2.6750000000000003
7.5750000000000002,18.775000000000002,2.7250000000000001
7.5750000000000002,18.775000000000002,2.7750000000000004
7.5750000000000002,18.775000000000002,2.8250000000000002
7.5750000000000002,18.775000000000002,2.875
7.5750000000000002,18.775000000000002,2.9250000000000003
7.5750000000000002,18.775000000000002,2.9750000000000001
7.5750000000000002,18.775000000000002,3.0250000000000004
7.5750000000000002,18.775000000000002,3.0750000000000002
7.5750000000000002,18.775000000000002,3.125
7.5750000000000002,18.824999999999999,1.925
7.5750000000000002,18.824999999999999,1.9750000000000001
7.5750000000000002,18.824999999999999,2.0249999999999999
7.5750000000000002,18.824999999999999,2.0750000000000002
7.5750000000000002,18.824999999999999,2.125
7.5750000000000002,18.824999999999999,2.1750000000000003
7.5750000000000002,18.824999999999999,2.2250000000000001
7.5750000000000002,18.824999999999999,2.2749999999999999
7.5750000000000002,18.824999999999999,2.3250000000000002
7.5750000000000002,18.824999999999999,2.375
7.5750000000000002,18.824999999999999,2.4250000000000003
7.5750000000000002,18.824999999999999,2.4750000000000001
7.5750000000000002,18.824999999999999,2.5250000000000004
7.5750000000000002,18.824999999999999,2.5750000000000002
7.5750000000000002,18.824999999999999,2.625
7.5750000000000002,18.824999999999999,2.6750000000000003
7.5750000000000002,18.824999999999999,2.7250000000000001
7.5750000000000002,18.824999999999999,2.7750000000000004
7.5750000000000002,18.824999999999999,2.8250000000000002
7.5750000000000002,18.824999999999999,2.875
7.5750000000000002,18.824999999999999,2.9250000000000003
7.5750000000000002,18.824999999999999,2.9750000000000001
7.5750000000000002,18.824999999999999,3.0250000000000004
7.5750000000000002,18.824999999999999,3.0750000000000002
7.5750000000000002,18.824999999999999,3.125
7.5750000000000002,18.875,1.925
7.5750000000000002,18.875,1.9750000000000001
7.5750000000000002,18.875,2.0249999999999999
7.5750000000000002,18.875,2.0750000000000002
7.5750000000000002,18.875,2.125
7.5750000000000002,18.875,2.1750000000000003
7.5750000000000002,18.875,2.2250000000000001
7.5750000000000002,18.875,2.2749999999999999
7.5750000000000002,18.875,2.3250000000000002
7.5750000000000002,18.875,2.375
7.5750000000000002,18.875,2.4250000000000003
7.5750000000000002,18.875,2.4750000000000001
7.5750000000000002,18.875,2.5250000000000004
7.5750000000000002,18.875,2.5750000000000002
7.5750000000000002,18.875,2.625
7.5750000000000002,18.875,2.6750000000000003
7.5750000000000002,18.875,2.7250000000000001
7.5750000000000002,18.875,2.7750000000000004
7.5750000000000002,18.875,2.8250000000000002
7.5750000000000002,18.875,2.875
7.5750000000000002,18.875,2.9250000000000003
7.5750000000000002,18.875,2.9750000000000001
7.5750000000000002,18.875,3.0250000000000004
7.5750000000000002,18.875,3.0750000000000002
7.5750000000000002,18.875,3.125
7.5750000000000002,18.925000000000001,1.925
7.5750000000000002,18.925000000000001,1.9750000000000001
7.5750000000000002,18.925000000000001,2.0249999999999999
7.5750000000000002,18.925000000000001,2.0750000000000002
7.5750000000000002,18.925000000000001,2.125
7.5750000000000002,18.925000000000001,2.1750000000000003
7.5750000000000002,18.925000000000001,2.2250000000000001
7.5750000000000002,18.925000000000001,2.2749999999999999
7.5750000000000002,18.925000000000001,2.3250000000000002
7.5750000000000002,18.925000000000001,2.375
7.5750000000000002,18.925000000000001,2.4250000000000003
7.5750000000000002,18.925000000000001,2.4750000000000001
7.5750000000000002,18.925000000000001,2.5250000000000004
7.5750000000000002,18.925000000000001,2.5750000000000002
7.5750000000000002,18.925000000000001,2.625
7.5750000000000002,18.925000000000001,2.6750000000000003
7.5750000000000002,18.925000000000001,2.7250000000000001
7.5750000000000002,18.925000000000001,2.7750000000000004
7.5750000000000002,18.925000000000001,2.8250000000000002
7.5750000000000002,18.925000000000001,2.875
7.5750000000000002,18.925000000000001,2.9250000000000003
7.5750000000000002,18.925000000000001,2.9750000000000001
7.5750000000000002,18.925000000000001,3.0250000000000004
7.5750000000000002,18.925000000000001,3.0750000000000002
7.5750000000000002,18.925000000000001,3.125
7.625,18.675000000000001,2.9750000000000001
7.625,18.675000000000001,3.0750000000000002
7.625,18.675000000000001,3.125
7.625,18.725000000000001,1.925
7.625,18.725000000000001,1.9750000000000001
7.625,18.725000000000001,2.0249999999999999
7.625,18.725000000000001,2.125
7.625,18.725000000000001,2.2250000000000001
7.625,18.725000000000001,2.2749999999999999
7.625,18.725000000000001,2.3250000000000002
7.625,18.725000000000001,2.4250000000000003
7.625,18.725000000000001,2.875
7.625,18.725000000000001,2.9250000000000003
7.625,18.725000000000001,2.9750000000000001
7.625,18.725000000000001,3.0250000000000004
7.625,18.725000000000001,3.0750000000000002
7.625,18.725000000000001,3.125
7.625,18.775000000000002,1.925
7.625,18.775000000000002,1.9750000000000001
7.625,18.775000000000002,2.0249999999999999
7.625,18.775000000000002,2.0750000000000002
7.625,18.775000000000002,2.125
7.625,18.775000000000002,2.1750000000000003
7.625,18.775000000000002,2.2250000000000001
7.625,18.775000000000002,2.2749999999999999
7.625,18.775000000000002,2.3250000000000002
7.625,18.775000000000002,2.375
7.625,18.775000000000002,2.4250000000000003
7.625,18.775000000000002,2.5250000000000004
7.625,18.775000000000002,2.875
7.625,18.775000000000002,2.9250000000000003
7.625,18.775000000000002,2.9750000000000001
7.625,18.775000000000002,3.0250000000000004
7.625,18.775000000000002,3.0750000000000002
7.625,18.775000000000002,3.125
7.625,18.824999999999999,1.925
7.625,18.824999999999999,1.9750000000000001
7.625,18.824999999999999,2.0249999999999999
7.625,18.824999999999999,2.0750000000000002
7.625,18.824999999999999,2.125
7.625,18.824999999999999,2.1750000000000003
7.625,18.824999999999999,2.2250000000000001
7.625,18.824999999999999,2.2749999999999999
7.625,18.824999999999999,2.3250000000000002
7.625,18.824999999999999,2.375
7.625,18.824999999999999,2.4250000000000003
7.625,18.824999999999999,2.5250000000000004
7.625,18.824999999999999,2.875
7.625,18.824999999999999,2.9250000000000003
7.625,18.824999999999999,2.9750000000000001
7.625,18.824999999999999,3.0250000000000004
7.625,18.824999999999999,3.0750000000000002
7.625,18.824999999999999,3.125
7.625,18.875,1.925
7.625,18.875,1.9750000000000001
7.625,18.875,2.0249999999999999
7.625,18.875,2.0750000000000002
7.625,18.875,2.125
7.625,18.875,2.1750000000000003
7.625,18.875,2.2250000000000001
7.625,18.875,2.3250000000000002
7.625,18.875,2.4250000000000003
7.625,18.875,2.9750000000000001
7.625,18.875,3.0750000000000002
7.625,18.875,3.125
7.625,18.925000000000001,1.925
7.625,18.925000000000001,1.9750000000000001
7.625,18.925000000000001,2.0249999999999999
7.625,18.925000000000001,2.0750000000000002
7.625,18.925000000000001,2.125
7.625,18.925000000000001,2.1750000000000003
7.625,18.925000000000001,2.2250000000000001
7.625,18.925000000000001,2.3250000000000002
7.625,18.925000000000001,3.0750000000000002
8.0750000000000011,17.824999999999999,2.4250000000000003
8.0750000000000011,17.824999999999999,2.9250000000000003
8.0750000000000011,17.875,2.5250000000000004
8.125,17.775000000000002,3.0250000000000004
8.125,17.775000000000002,3.0750000000000002
8.125,17.824999999999999,1.925
8.125,17.824999999999999,1.9750000000000001
8.125,17.824999999999999,2.0750000000000002
8.125,17.824999999999999,2.1750000000000003
8.125,17.824999999999999,2.2749999999999999
8.125,17.824999999999999,2.375
8.125,17.824999999999999,2.4250000000000003
8.125,17.824999999999999,2.4750000000000001
8.125,17.824999999999999,2.5250000000000004
8.125,17.824999999999999,2.5750000000000002
8.125,17.824999999999999,2.625
8.125,17.824999999999999,2.6750000000000003
8.125,17.824999999999999,2.7250000000000001
8.125,17.824999999999999,2.7750000000000004
8.125,17.824999999999999,2.8250000000000002
8.125,17.824999999999999,2.875
8.125,17.824999999999999,2.9250000000000003
8.125,17.824999999999999,2.9750000000000001
8.125,17.824999999999999,3.0250000000000004
8.125,17.824999999999999,3.125
8.125,17.875,1.9750000000000001
8.125,17.875,2.0249999999999999
8.125,17.875,2.0750000000000002
8.125,17.875,2.125
8.125,17.875,2.1750000000000003
8.125,17.875,2.2250000000000001
8.125,17.875,2.2749999999999999
8.125,17.875,2.3250000000000002
8.125,17.875,2.375
8.125,17.875,2.4250000000000003
8.125,17.875,2.4750000000000001
8.125,17.875,2.5250000000000004
8.125,17.875,2.5750000000000002
8.125,17.875,2.625
8.125,17.875,2.6750000000000003
8.125,17.875,2.7250000000000001
8.125,17.875,2.8250000000000002
8.125,17.875,2.875
8.125,17.875,2.9250000000000003
8.125,17.875,2.9750000000000001
8.125,17.875,3.0250000000000004
8.125,17.875,3.0750000000000002
8.125,17.875,3.125
8.125,17.925000000000001,1.925
8.125,17.925000000000001,1.9750000000000001
8.125,17.925000000000001,2.0249999999999999
8.125,17.925000000000001,2.0750000000000002
8.125,17.925000000000001,2.125
8.125,17.925000000000001,2.1750000000000003
8.125,17.925000000000001,2.2250000000000001
8.125,17.925000000000001,2.2749999999999999
8.125,17.925000000000001,2.3250000000000002
8.125,17.925000000000001,2.375
8.125,17.925000000000001,2.4250000000000003
8.125,17.925000000000001,2.4750000000000001
8.125,17.925000000000001,2.5250000000000004
8.125,17.925000000000001,2.5750000000000002
8.125,17.925000000000001,2.625
8.125,17.925000000000001,2.6750000000000003
8.125,17.925000000000001,2.7250000000000001
8.125,17.925000000000001,2.7750000000000004
8.125,17.925000000000001,2.8250000000000002
8.125,17.925000000000001,2.875
8.125,17.925000000000001,2.9250000000000003
8.125,17.925000000000001,2.9750000000000001
8.125,17.925000000000001,3.0250000000000004
8.125,17.925000000000001,3.0750000000000002
8.125,17.925000000000001,3.125
8.125,17.975000000000001,1.925
8.125,17.975000000000001,1.9750000000000001
8.125,17.975000000000001,2.0249999999999999
8.125,17.975000000000001,2.0750000000000002
8.125,17.975000000000001,2.125
8.125,17.975000000000001,2.1750000000000003
8.125,17.975000000000001,2.2250000000000001
8.125,17.975000000000001,2.2749999999999999
8.125,17.975000000000001,2.3250000000000002
8.125,17.975000000000001,2.375
8.125,17.975000000000001,2.4250000000000003
8.125,17.975000000000001,2.4750000000000001
8.125,17.975000000000001,2.5250000000000004
8.125,17.975000000000001,2.5750000000000002
8.125,17.975000000000001,2.625
8.125,17.975000000000001,2.6750000000000003
8.125,17.975000000000001,2.7250000000000001
8.125,17.975000000000001,2.7750000000000004
8.125,17.975000000000001,2.8250000000000002
8.125,17.975000000000001,2.875
8.125,17.975000000000001,2.9250000000000003
8.125,17.975000000000001,2.9750000000000001
8.125,17.975000000000001,3.0250000000000004
8.125,17.975000000000001,3.0750000000000002
8.125,17.975000000000001,3.125
8.125,18.025000000000002,1.925
8.125,18.025000000000002,1.9750000000000001
8.125,18.025000000000002,2.0249999999999999
8.125,18.025000000000002,2.0750000000000002
8.125,18.025000000000002,2.125
8.125,18.025000000000002,2.1750000000000003
8.125,18.025000000000002,2.2250000000000001
8.125,18.025000000000002,2.2749999999999999
8.125,18.025000000000002,2.3250000000000002
8.125,18.025000000000002,2.375
8.125,18.025000000000002,2.4250000000000003
8.125,18.025000000000002,2.4750000000000001
8.125,18.025000000000002,2.5250000000000004
8.125,18.025000000000002,2.5750000000000002
8.125,18.025000000000002,2.625
8.125,18.025000000000002,2.6750000000000003
8.125,18.025000000000002,2.7250000000000001
8.125,18.025000000000002,2.7750000000000004
8.125,18.025000000000002,2.8250000000000002
8.125,18.025000000000002,2.875
8.125,18.025000000000002,2.9250000000000003
8.125,18.025000000000002,2.9750000000000001
8.125,18.025000000000002,3.0250000000000004
8.125,18.025000000000002,3.0750000000000002
8.125,18.025000000000002,3.125
8.125,18.074999999999999,1.925
8.125,18.074999999999999,1.9750000000000001
8.125,18.074999999999999,2.0249999999999999
8.125,18.074999999999999,2.0750000000000002
8.125,18.074999999999999,2.125
8.125,18.074999999999999,2.1750000000000003
8.125,18.074999999999999,2.2250000000000001
8.125,18.074999999999999,2.2749999999999999
8.125,18.074999999999999,2.3250000000000002
8.125,18.074999999999999,2.375
8.125,18.074999999999999,2.4250000000000003
8.125,18.074999999999999,2.625
8.125,18.074999999999999,2.6750000000000003
8.125,18.074999999999999,3.0750000000000002
8.125,18.125,2.1750000000000003
8.1750000000000007,17.975000000000001,1.9750000000000001
8.1750000000000007,17.975000000000001,2.0750000000000002
8.1750000000000007,17.975000000000001,2.1750000000000003
8.1750000000000007,17.975000000000001,2.2250000000000001
8.1750000000000007,17.975000000000001,2.2749999999999999
8.1750000000000007,17.975000000000001,2.3250000000000002
8.1750000000000007,17.975000000000001,2.375
8.1750000000000007,17.975000000000001,2.5250000000000004
8.1750000000000007,17.975000000000001,2.625
8.1750000000000007,17.975000000000001,2.7250000000000001
8.1750000000000007,17.975000000000001,2.8250000000000002
8.1750000000000007,17.975000000000001,2.9250000000000003
8.1750000000000007,17.975000000000001,2.9750000000000001
8.1750000000000007,17.975000000000001,3.0250000000000004
8.1750000000000007,17.975000000000001,3.0750000000000002
8.1750000000000007,17.975000000000001,3.125
8.1750000000000007,18.025000000000002,1.925
8.1750000000000007,18.025000000000002,1.9750000000000001
8.1750000000000007,18.025000000000002,2.0249999999999999
8.1750000000000007,18.025000000000002,2.0750000000000002
8.1750000000000007,18.025000000000002,2.125
8.1750000000000007,18.025000000000002,2.1750000000000003
8.1750000000000007,18.025000000000002,2.2250000000000001
8.1750000000000007,18.025000000000002,2.2749999999999999
8.1750000000000007,18.025000000000002,2.3250000000000002
8.1750000000000007,18.025000000000002,2.375
8.1750000000000007,18.025000000000002,2.4250000000000003
8.1750000000000007,18.025000000000002,2.4750000000000001
8.1750000000000007,18.025000000000002,2.5250000000000004
8.1750000000000007,18.025000000000002,2.5750000000000002
8.1750000000000007,18.025000000000002,2.625
8.1750000000000007,18.025000000000002,2.6750000000000003
8.1750000000000007,18.025000000000002,2.7250000000000001
8.1750000000000007,18.025000000000002,2.7750000000000004
8.1750000000000007,18.025000000000002,2.8250000000000002
8.1750000000000007,18.025000000000002,2.875
8.1750000000000007,18.025000000000002,2.9250000000000003
8.1750000000000007,18.025000000000002,2.9750000000000001
8.1750000000000007,18.025000000000002,3.0250000000000004
8.1750000000000007,18.025000000000002,3.0750000000000002
8.1750000000000007,18.025000000000002,3.125
8.1750000000000007,18.074999999999999,1.925
8.1750000000000007,18.074999999999999,1.9750000000000001
8.1750000000000007,18.074999999999999,2.0249999999999999
8.1750000000000007,18.074999999999999,2.0750000000000002
8.1750000000000007,18.074999999999999,2.125
8.1750000000000007,18.074999999999999,2.1750000000000003
8.1750000000000007,18.074999999999999,2.2250000000000001
8.1750000000000007,18.074999999999999,2.2749999999999999
8.1750000000000007,18.074999999999999,2.3250000000000002
8.1750000000000007,18.074999999999999,2.375
8.1750000000000007,18.074999999999999,2.4250000000000003
8.1750000000000007,18.074999999999999,2.4750000000000001
8.1750000000000007,18.074999999999999,2.5250000000000004
8.1750000000000007,18.074999999999999,2.5750000000000002
8.1750000000000007,18.074999999999999,2.625
8.1750000000000007,18.074999999999999,2.6750000000000003
8.1750000000000007,18.074999999999999,2.7250000000000001
8.1750000000000007,18.074999999999999,2.7750000000000004
8.1750000000000007,18.074999999999999,2.8250000000000002
8.1750000000000007,18.074999999999999,2.875
8.1750000000000007,18.074999999999999,2.9250000000000003
8.1750000000000007,18.074999999999999,2.9750000000000001
8.1750000000000007,18.074999999999999,3.0250000000000004
8.1750000000000007,18.074999999999999,3.0750000000000002
8.1750000000000007,18.074999999999999,3.125
8.1750000000000007,18.125,1.925
8.1750000000000007,18.125,1.9750000000000001
8.1750000000000007,18.125,2.0249999999999999
8.1750000000000007,18.125,2.0750000000000002
8.1750000000000007,18.125,2.125
8.1750000000000007,18.125,2.1750000000000003
8.1750000000000007,18.125,2.2250000000000001
8.1750000000000007,18.125,2.2749999999999999
8.1750000000000007,18.125,2.3250000000000002
8.1750000000000007,18.125,2.375
8.1750000000000007,18.125,2.4250000000000003
8.1750000000000007,18.125,2.4750000000000001
8.1750000000000007,18.125,2.5250000000000004
8.1750000000000007,18.125,2.5750000000000002
8.1750000000000007,18.125,2.625
8.1750000000000007,18.125,2.6750000000000003
8.1750000000000007,18.125,2.7250000000000001
8.1750000000000007,18.125,2.7750000000000004
8.1750000000000007,18.125,2.8250000000000002
8.1750000000000007,18.125,2.875
8.1750000000000007,18.125,2.9250000000000003
8.1750000000000007,18.125,2.9750000000000001
8.1750000000000007,18.125,3.0250000000000004
8.1750000000000007,18.125,3.0750000000000002
8.1750000000000007,18.125,3.125
8.1750000000000007,18.175000000000001,1.925
8.1750000000000007,18.175000000000001,1.9750000000000001
8.1750000000000007,18.175000000000001,2.0750000000000002
8.1750000000000007,18.175000000000001,2.2250000000000001
8.1750000000000007,18.175000000000001,2.2749999999999999
8.1750000000000007,18.175000000000001,2.3250000000000002
8.1750000000000007,18.175000000000001,2.375
8.1750000000000007,18.175000000000001,2.4250000000000003
8.1750000000000007,18.175000000000001,2.4750000000000001
8.1750000000000007,18.175000000000001,2.5250000000000004
8.1750000000000007,18.175000000000001,2.5750000000000002
8.1750000000000007,18.175000000000001,2.625
8.1750000000000007,18.175000000000001,2.6750000000000003
8.1750000000000007,18.175000000000001,2.7250000000000001
8.1750000000000007,18.175000000000001,2.7750000000000004
8.1750000000000007,18.175000000000001,2.8250000000000002
8.1750000000000007,18.175000000000001,2.875
8.1750000000000007,18.175000000000001,2.9250000000000003
8.1750000000000007,18.175000000000001,2.9750000000000001
8.1750000000000007,18.175000000000001,3.0250000000000004
8.1750000000000007,18.175000000000001,3.0750000000000002
8.2249999999999996,18.074999999999999,1.9750000000000001
8.2249999999999996,18.074999999999999,2.0750000000000002
8.2249999999999996,18.074999999999999,2.125
8.2249999999999996,18.074999999999999,2.1750000000000003
8.2249999999999996,18.074999999999999,2.2250000000000001
8.2249999999999996,18.074999999999999,2.2749999999999999
8.2249999999999996,18.074999999999999,2.375
8.2249999999999996,18.074999999999999,2.7250000000000001
8.2249999999999996,18.074999999999999,2.8250000000000002
8.2249999999999996,18.074999999999999,2.9250000000000003
8.2249999999999996,18.074999999999999,2.9750000000000001
8.2249999999999996,18.074999999999999,3.0250000000000004
8.2249999999999996,18.074999999999999,3.0750000000000002
8.2249999999999996,18.074999999999999,3.125
8.2249999999999996,18.125,1.925
8.2249999999999996,18.125,1.9750000000000001
8.2249999999999996,18.125,2.0249999999999999
8.2249999999999996,18.125,2.0750000000000002
8.2249999999999996,18.125,2.125
8.2249999999999996,18.125,2.1750000000000003
8.2249999999999996,18.125,2.2250000000000001
8.2249999999999996,18.125,2.2749999999999999
8.2249999999999996,18.125,2.3250000000000002
8.2249999999999996,18.125,2.375
8.2249999999999996,18.125,2.4250000000000003
8.2249999999999996,18.125,2.4750000000000001
8.2249999999999996,18.125,2.5250000000000004
8.2249999999999996,18.125,2.5750000000000002
8.2249999999999996,18.125,2.625
8.2249999999999996,18.125,2.6750000000000003
8.2249999999999996,18.125,2.7250000000000001
8.2249999999999996,18.125,2.7750000000000004
8.2249999999999996,18.125,2.8250000000000002
8.2249999999999996,18.125,2.875
8.2249999999999996,18.125,2.9250000000000003
8.2249999999999996,18.125,2.9750000000000001
8.2249999999999996,18.125,3.0250000000000004
8.2249999999999996,18.125,3.0750000000000002
8.2249999999999996,18.125,3.125
8.2249999999999996,18.175000000000001,1.925
8.2249999999999996,18.175000000000001,1.9750000000000001
8.2249999999999996,18.175000000000001,2.0249999999999999
8.2249999999999996,18.175000000000001,2.0750000000000002
8.2249999999999996,18.175000000000001,2.125
8.2249999999999996,18.175000000000001,2.1750000000000003
8.2249999999999996,18.175000000000001,2.2250000000000001
8.2249999999999996,18.175000000000001,2.2749999999999999
8.2249999999999996,18.175000000000001,2.3250000000000002
8.2249999999999996,18.175000000000001,2.375
8.2249999999999996,18.175000000000001,2.4250000000000003
8.2249999999999996,18.175000000000001,2.4750000000000001
8.2249999999999996,18.175000000000001,2.5250000000000004
8.2249999999999996,18.175000000000001,2.5750000000000002
8.2249999999999996,18.175000000000001,2.625
8.2249999999999996,18.175000000000001,2.6750000000000003
8.2249999999999996,18.175000000000001,2.7250000000000001
8.2249999999999996,18.175000000000001,2.7750000000000004
8.2249999999999996,18.175000000000001,2.8250000000000002
8.2249999999999996,18.175000000000001,2.875
8.2249999999999996,18.175000000000001,2.9250000000000003
8.2249999999999996,18.175000000000001,2.9750000000000001
8.2249999999999996,18.175000000000001,3.0250000000000004
8.2249999999999996,18.175000000000001,3.0750000000000002
8.2249999999999996,18.175000000000001,3.125
8.2249999999999996,18.225000000000001,1.925
8.2249999999999996,18.225000000000001,1.9750000000000001
8.2249999999999996,18.225000000000001,2.0249999999999999
8.2249999999999996,18.225000000000001,2.0750000000000002
8.2249999999999996,18.225000000000001,2.125
8.2249999999999996,18.225000000000001,2.1750000000000003
8.2249999999999996,18.225000000000001,2.2250000000000001
8.2249999999999996,18.225000000000001,2.2749999999999999
8.2249999999999996,18.225000000000001,2.3250000000000002
8.2249999999999996,18.225000000000001,2.375
8.2249999999999996,18.225000000000001,2.4250000000000003
8.2249999999999996,18.225000000000001,2.4750000000000001
8.2249999999999996,18.225000000000001,2.5250000000000004
8.2249999999999996,18.225000000000001,2.5750000000000002
8.2249999999999996,18.225000000000001,2.625
8.2249999999999996,18.225000000000001,2.6750000000000003
8.2249999999999996,18.225000000000001,2.7250000000000001
8.2249999999999996,18.225000000000001,2.7750000000000004
8.2249999999999996,18.225000000000001,2.8250000000000002
8.2249999999999996,18.225000000000001,2.875
8.2249999999999996,18.225000000000001,2.9250000000000003
8.2249999999999996,18.225000000000001,2.9750000000000001
8.2249999999999996,18.225000000000001,3.0250000000000004
8.2249999999999996,18.225000000000001,3.0750000000000002
8.2249999999999996,18.225000000000001,3.125
8.2249999999999996,18.275000000000002,2.6750000000000003
8.2249999999999996,18.275000000000002,2.7750000000000004
8.2249999999999996,18.275000000000002,2.875
8.2750000000000004,18.125,2.3250000000000002
8.2750000000000004,18.175000000000001,1.925
8.2750000000000004,18.175000000000001,1.9750000000000001
8.2750000000000004,18.175000000000001,2.0249999999999999
8.2750000000000004,18.175000000000001,2.0750000000000002
8.2750000000000004,18.175000000000001,2.125
8.2750000000000004,18.175000000000001,2.1750000000000003
8.2750000000000004,18.175000000000001,2.2250000000000001
8.2750000000000004,18.175000000000001,2.2749999999999999
8.2750000000000004,18.175000000000001,2.3250000000000002
8.2750000000000004,18.175000000000001,2.375
8.2750000000000004,18.175000000000001,2.4250000000000003
8.2750000000000004,18.175000000000001,2.4750000000000001
8.2750000000000004,18.175000000000001,2.5250000000000004
8.2750000000000004,18.175000000000001,2.5750000000000002
8.2750000000000004,18.175000000000001,2.625
8.2750000000000004,18.175000000000001,2.6750000000000003
8.2750000000000004,18.175000000000001,2.7250000000000001
8.2750000000000004,18.175000000000001,2.7750000000000004
8.2750000000000004,18.175000000000001,2.8250000000000002
8.2750000000000004,18.175000000000001,2.875
8.2750000000000004,18.175000000000001,2.9250000000000003
8.2750000000000004,18.175000000000001,2.9750000000000001
8.2750000000000004,18.175000000000001,3.0250000000000004
8.2750000000000004,18.175000000000001,3.0750000000000002
8.2750000000000004,18.175000000000001,3.125
8.2750000000000004,18.225000000000001,1.925
8.2750000000000004,18.225000000000001,1.9750000000000001
8.2750000000000004,18.225000000000001,2.0249999999999999
8.2750000000000004,18.225000000000001,2.0750000000000002
8.2750000000000004,18.225000000000001,2.125
8.2750000000000004,18.225000000000001,2.1750000000000003
8.2750000000000004,18.225000000000001,2.2250000000000001
8.2750000000000004,18.225000000000001,2.2749999999999999
8.2750000000000004,18.225000000000001,2.3250000000000002
8.2750000000000004,18.225000000000001,2.375
8.2750000000000004,18.225000000000001,2.4250000000000003
8.2750000000000004,18.225000000000001,2.4750000000000001
8.2750000000000004,18.225000000000001,2.5250000000000004
8.2750000000000004,18.225000000000001,2.5750000000000002
8.2750000000000004,18.225000000000001,2.625
8.2750000000000004,18.225000000000001,2.6750000000000003
8.2750000000000004,18.225000000000001,2.7250000000000001
8.2750000000000004,18.225000000000001,2.7750000000000004
8.2750000000000004,18.225000000000001,2.8250000000000002
8.2750000000000004,18.225000000000001,2.875
8.2750000000000004,18.225000000000001,2.9250000000000003
8.2750000000000004,18.225000000000001,2.9750000000000001
8.2750000000000004,18.225000000000001,3.0250000000000004
8.2750000000000004,18.225000000000001,3.0750000000000002
8.2750000000000004,18.225000000000001,3.125
8.2750000000000004,18.275000000000002,1.925
8.2750000000000004,18.275000000000002,1.9750000000000001
8.2750000000000004,18.275000000000002,2.0249999999999999
8.2750000000000004,18.275000000000002,2.0750000000000002
8.2750000000000004,18.275000000000002,2.125
8.2750000000000004,18.275000000000002,2.1750000000000003
8.2750000000000004,18.275000000000002,2.2250000000000001
8.2750000000000004,18.275000000000002,2.2749999999999999
8.2750000000000004,18.275000000000002,2.3250000000000002
8.2750000000000004,18.275000000000002,2.375
8.2750000000000004,18.275000000000002,2.4250000000000003
8.2750000000000004,18.275000000000002,2.4750000000000001
8.2750000000000004,18.275000000000002,2.5250000000000004
8.2750000000000004,18.275000000000002,2.5750000000000002
8.2750000000000004,18.275000000000002,2.625
8.2750000000000004,18.275000000000002,2.6750000000000003
8.2750000000000004,18.275000000000002,2.7250000000000001
8.2750000000000004,18.275000000000002,2.7750000000000004
8.2750000000000004,18.275000000000002,2.8250000000000002
8.2750000000000004,18.275000000000002,2.875
8.2750000000000004,18.275000000000002,2.9250000000000003
8.2750000000000004,18.275000000000002,2.9750000000000001
8.2750000000000004,18.275000000000002,3.0250000000000004
8.2750000000000004,18.275000000000002,3.0750000000000002
8.2750000000000004,18.275000000000002,3.125
8.2750000000000004,18.324999999999999,3.0750000000000002
8.3250000000000011,18.175000000000001,2.1750000000000003
8.3250000000000011,18.175000000000001,2.2749999999999999
8.3250000000000011,18.175000000000001,2.8250000000000002
8.3250000000000011,18.175000000000001,2.9250000000000003
8.3250000000000011,18.175000000000001,3.0250000000000004
8.3250000000000011,18.175000000000001,3.125
8.3250000000000011,18.225000000000001,1.925
8.3250000000000011,18.225000000000001,1.9750000000000001
8.3250000000000011,18.225000000000001,2.0249999999999999
8.3250000000000011,18.225000000000001,2.0750000000000002
8.3250000000000011,18.225000000000001,2.125
8.3250000000000011,18.225000000000001,2.1750000000000003
8.3250000000000011,18.225000000000001,2.2250000000000001
8.3250000000000011,18.225000000000001,2.2749999999999999
8.3250000000000011,18.225000000000001,2.3250000000000002
8.3250000000000011,18.225000000000001,2.375
8.3250000000000011,18.225000000000001,2.4250000000000003
8.3250000000000011,18.225000000000001,2.4750000000000001
8.3250000000000011,18.225000000000001,2.5250000000000004
8.3250000000000011,18.225000000000001,2.5750000000000002
8.3250000000000011,18.225000000000001,2.625
8.3250000000000011,18.225000000000001,2.6750000000000003
8.3250000000000011,18.225000000000001,2.7250000000000001
8.3250000000000011,18.225000000000001,2.7750000000000004
8.3250000000000011,18.225000000000001,2.8250000000000002
8.3250000000000011,18.225000000000001,2.875
8.3250000000000011,18.225000000000001,2.9250000000000003
8.3250000000000011,18.225000000000001,2.9750000000000001
8.3250000000000011,18.225000000000001,3.0250000000000004
8.3250000000000011,18.225000000000001,3.0750000000000002
8.3250000000000011,18.225000000000001,3.125
8.3250000000000011,18.275000000000002,1.925
8.3250000000000011,18.275000000000002,1.9750000000000001
8.3250000000000011,18.275000000000002,2.0249999999999999
8.3250000000000011,18.275000000000002,2.0750000000000002
8.3250000000000011,18.275000000000002,2.125
8.3250000000000011,18.275000000000002,2.1750000000000003
8.3250000000000011,18.275000000000002,2.2250000000000001
8.3250000000000011,18.275000000000002,2.2749999999999999
8.3250000000000011,18.275000000000002,2.3250000000000002
8.3250000000000011,18.275000000000002,2.375
8.3250000000000011,18.275000000000002,2.4250000000000003
8.3250000000000011,18.275000000000002,2.4750000000000001
8.3250000000000011,18.275000000000002,2.5250000000000004
8.3250000000000011,18.275000000000002,2.5750000000000002
8.3250000000000011,18.275000000000002,2.625
8.3250000000000011,18.275000000000002,2.6750000000000003
8.3250000000000011,18.275000000000002,2.7250000000000001
8.3250000000000011,18.275000000000002,2.7750000000000004
8.3250000000000011,18.275000000000002,2.8250000000000002
8.3250000000000011,18.275000000000002,2.875
8.3250000000000011,18.275000000000002,2.9250000000000003
8.3250000000000011,18.275000000000002,2.9750000000000001
8.3250000000000011,18.275000000000002,3.0250000000000004
8.3250000000000011,18.275000000000002,3.0750000000000002
8.3250000000000011,18.275000000000002,3.125
8.3250000000000011,18.324999999999999,1.925
8.3250000000000011,18.324999999999999,1.9750000000000001
8.3250000000000011,18.324999999999999,2.0249999999999999
8.3250000000000011,18.324999999999999,2.0750000000000002
8.3250000000000011,18.324999999999999,2.125
8.3250000000000011,18.324999999999999,2.1750000000000003
8.3250000000000011,18.324999999999999,2.2250000000000001
8.3250000000000011,18.324999999999999,2.2749999999999999
8.3250000000000011,18.324999999999999,2.3250000000000002
8.3250000000000011,18.324999999999999,2.375
8.3250000000000011,18.324999999999999,2.4250000000000003
8.3250000000000011,18.324999999999999,2.4750000000000001
8.3250000000000011,18.324999999999999,2.5250000000000004
8.3250000000000011,18.324999999999999,2.5750000000000002
8.3250000000000011,18.324999999999999,2.625
8.3250000000000011,18.324999999999999,2.6750000000000003
8.3250000000000011,18.324999999999999,2.7250000000000001
8.3250000000000011,18.324999999999999,2.7750000000000004
8.3250000000000011,18.324999999999999,2.8250000000000002
8.3250000000000011,18.324999999999999,2.875
8.3250000000000011,18.324999999999999,2.9250000000000003
8.3250000000000011,18.324999999999999,2.9750000000000001
8.3250000000000011,18.324999999999999,3.0250000000000004
8.3250000000000011,18.324999999999999,3.0750000000000002
8.3250000000000011,18.324999999999999,3.125
8.375,18.225000000000001,2.1750000000000003
8.375,18.225000000000001,2.2250000000000001
8.375,18.225000000000001,2.2749999999999999
8.375,18.225000000000001,2.375
8.375,18.225000000000001,2.4250000000000003
8.375,18.225000000000001,2.4750000000000001
8.375,18.225000000000001,2.5250000000000004
8.375,18.225000000000001,2.5750000000000002
8.375,18.225000000000001,2.625
8.375,18.225000000000001,2.6750000000000003
8.375,18.225000000000001,2.7250000000000001
8.375,18.225000000000001,2.7750000000000004
8.375,18.225000000000001,2.8250000000000002
8.375,18.225000000000001,2.875
8.375,18.225000000000001,2.9250000000000003
8.375,18.225000000000001,2.9750000000000001
8.375,18.225000000000001,3.0250000000000004
8.375,18.225000000000001,3.125
8.375,18.275000000000002,1.925
8.375,18.275000000000002,1.9750000000000001
8.375,18.275000000000002,2.0249999999999999
8.375,18.275000000000002,2.0750000000000002
8.375,18.275000000000002,2.125
8.375,18.275000000000002,2.1750000000000003
8.375,18.275000000000002,2.2250000000000001
8.375,18.275000000000002,2.2749999999999999
8.375,18.275000000000002,2.3250000000000002
8.375,18.275000000000002,2.375
8.375,18.275000000000002,2.4250000000000003
8.375,18.275000000000002,2.4750000000000001
8.375,18.275000000000002,2.5250000000000004
8.375,18.275000000000002,2.5750000000000002
8.375,18.275000000000002,2.625
8.375,18.275000000000002,2.6750000000000003
8.375,18.275000000000002,2.7250000000000001
8.375,18.275000000000002,2.7750000000000004
8.375,18.275000000000002,2.8250000000000002
8.375,18.275000000000002,2.875
8.375,18.275000000000002,2.9250000000000003
8.375,18.275000000000002,2.9750000000000001
8.375,18.275000000000002,3.0250000000000004
8.375,18.275000000000002,3.0750000000000002
8.375,18.275000000000002,3.125
8.375,18.324999999999999,1.925
8.375,18.324999999999999,1.9750000000000001
8.375,18.324999999999999,2.0249999999999999
8.375,18.324999999999999,2.0750000000000002
8.375,18.324999999999999,2.125
8.375,18.324999999999999,2.1750000000000003
8.375,18.324999999999999,2.2250000000000001
8.375,18.324999999999999,2.2749999999999999
8.375,18.324999999999999,2.3250000000000002
8.375,18.324999999999999,2.375
8.375,18.324999999999999,2.4250000000000003
8.375,18.324999999999999,2.4750000000000001
8.375,18.324999999999999,2.5250000000000004
8.375,18.324999999999999,2.5750000000000002
8.375,18.324999999999999,2.625
8.375,18.324999999999999,2.6750000000000003
8.375,18.324999999999999,2.7250000000000001
8.375,18.324999999999999,2.7750000000000004
8.375,18.324999999999999,2.8250000000000002
8.375,18.324999999999999,2.875
8.375,18.324999999999999,2.9250000000000003
8.375,18.324999999999999,2.9750000000000001
8.375,18.324999999999999,3.0250000000000004
8.375,18.324999999999999,3.0750000000000002
8.375,18.324999999999999,3.125
8.375,18.375,1.925
8.375,18.375,2.0249999999999999
8.375,18.375,2.2250000000000001
8.375,18.375,2.3250000000000002
8.375,18.375,2.4250000000000003
8.375,18.375,2.6750000000000003
8.375,18.375,2.7750000000000004
8.375,18.375,2.875
8.375,18.375,2.9750000000000001
8.375,18.375,3.0250000000000004
8.375,18.375,3.0750000000000002
8.375,18.375,3.125
8.4250000000000007,18.275000000000002,1.9750000000000001
8.4250000000000007,18.275000000000002,2.0750000000000002
8.4250000000000007,18.275000000000002,2.1750000000000003
8.4250000000000007,18.275000000000002,2.2250000000000001
8.4250000000000007,18.275000000000002,2.2749999999999999
8.4250000000000007,18.275000000000002,2.3250000000000002
8.4250000000000007,18.275000000000002,2.375
8.4250000000000007,18.275000000000002,2.4250000000000003
8.4250000000000007,18.275000000000002,2.4750000000000001
8.4250000000000007,18.275000000000002,2.5250000000000004
8.4250000000000007,18.275000000000002,2.5750000000000002
8.4250000000000007,18.275000000000002,2.625
8.4250000000000007,18.275000000000002,2.6750000000000003
8.4250000000000007,18.275000000000002,2.7250000000000001
8.4250000000000007,18.275000000000002,2.7750000000000004
8.4250000000000007,18.275000000000002,2.8250000000000002
8.4250000000000007,18.275000000000002,2.875
8.4250000000000007,18.275000000000002,2.9250000000000003
8.4250000000000007,18.275000000000002,2.9750000000000001
8.4250000000000007,18.275000000000002,3.0250000000000004
8.4250000000000007,18.275000000000002,3.0750000000000002
8.4250000000000007,18.275000000000002,3.125
8.4250000000000007,18.324999999999999,1.925
8.4250000000000007,18.324999999999999,1.9750000000000001
8.4250000000000007,18.324999999999999,2.0249999999999999
8.4250000000000007,18.324999999999999,2.0750000000000002
8.4250000000000007,18.324999999999999,2.125
8.4250000000000007,18.324999999999999,2.1750000000000003
8.4250000000000007,18.324999999999999,2.2250000000000001
8.4250000000000007,18.324999999999999,2.2749999999999999
8.4250000000000007,18.324999999999999,2.3250000000000002
8.4250000000000007,18.324999999999999,2.375
8.4250000000000007,18.324999999999999,2.4250000000000003
8.4250000000000007,18.324999999999999,2.4750000000000001
8.4250000000000007,18.324999999999999,2.5250000000000004
8.4250000000000007,18.324999999999999,2.5750000000000002
8.4250000000000007,18.324999999999999,2.625
8.4250000000000007,18.324999999999999,2.6750000000000003
8.4250000000000007,18.324999999999999,2.7250000000000001
8.4250000000000007,18.324999999999999,2.7750000000000004
8.4250000000000007,18.324999999999999,2.8250000000000002
8.4250000000000007,18.324999999999999,2.875
8.4250000000000007,18.324999999999999,2.9250000000000003
8.4250000000000007,18.324999999999999,2.9750000000000001
8.4250000000000007,18.324999999999999,3.0250000000000004
8.4250000000000007,18.324999999999999,3.0750000000000002
8.4250000000000007,18.324999999999999,3.125
8.4250000000000007,18.375,1.925
8.4250000000000007,18.375,1.9750000000000001
8.4250000000000007,18.375,2.0249999999999999
8.4250000000000007,18.375,2.0750000000000002
8.4250000000000007,18.375,2.125
8.4250000000000007,18.375,2.1750000000000003
8.4250000000000007,18.375,2.2250000000000001
8.4250000000000007,18.375,2.2749999999999999
8.4250000000000007,18.375,2.3250000000000002
8.4250000000000007,18.375,2.375
8.4250000000000007,18.375,2.4250000000000003
8.4250000000000007,18.375,2.4750000000000001
8.4250000000000007,18.375,2.5250000000000004
8.4250000000000007,18.375,2.5750000000000002
8.4250000000000007,18.375,2.625
8.4250000000000007,18.375,2.6750000000000003
8.4250000000000007,18.375,2.7250000000000001
8.4250000000000007,18.375,2.7750000000000004
8.4250000000000007,18.375,2.8250000000000002
8.4250000000000007,18.375,2.875
8.4250000000000007,18.375,2.9250000000000003
8.4250000000000007,18.375,2.9750000000000001
8.4250000000000007,18.375,3.0250000000000004
8.4250000000000007,18.375,3.0750000000000002
8.4250000000000007,18.375,3.125
8.4749999999999996,18.275000000000002,2.1750000000000003
8.4749999999999996,18.275000000000002,2.2749999999999999
8.4749999999999996,18.275000000000002,2.375
8.4749999999999996,18.275000000000002,2.4750000000000001
8.4749999999999996,18.275000000000002,2.5250000000000004
8.4749999999999996,18.275000000000002,2.5750000000000002
8.4749999999999996,18.275000000000002,2.625
8.4749999999999996,18.275000000000002,2.6750000000000003
8.4749999999999996,18.275000000000002,2.7250000000000001
8.4749999999999996,18.275000000000002,2.7750000000000004
8.4749999999999996,18.275000000000002,2.8250000000000002
8.4749999999999996,18.275000000000002,2.9250000000000003
8.4749999999999996,18.275000000000002,3.0250000000000004
8.4749999999999996,18.324999999999999,1.925
8.4749999999999996,18.324999999999999,1.9750000000000001
8.4749999999999996,18.324999999999999,2.0249999999999999
8.4749999999999996,18.324999999999999,2.0750000000000002
8.4749999999999996,18.324999999999999,2.125
8.4749999999999996,18.324999999999999,2.1750000000000003
8.4749999999999996,18.324999999999999,2.2250000000000001
8.4749999999999996,18.324999999999999,2.2749999999999999
8.4749999999999996,18.324999999999999,2.3250000000000002
8.4749999999999996,18.324999999999999,2.375
8.4749999999999996,18.324999999999999,2.4250000000000003
8.4749999999999996,18.324999999999999,2.4750000000000001
8.4749999999999996,18.324999999999999,2.5250000000000004
8.4749999999999996,18.324999999999999,2.5750000000000002
8.4749999999999996,18.324999999999999,2.625
8.4749999999999996,18.324999999999999,2.6750000000000003
8.4749999999999996,18.324999999999999,2.7250000000000001
8.4749999999999996,18.324999999999999,2.7750000000000004
8.4749999999999996,18.324999999999999,2.8250000000000002
8.4749999999999996,18.324999999999999,2.875
8.4749999999999996,18.324999999999999,2.9250000000000003
8.4749999999999996,18.324999999999999,2.9750000000000001
8.4749999999999996,18.324999999999999,3.0250000000000004
8.4749999999999996,18.324999999999999,3.0750000000000002
8.4749999999999996,18.324999999999999,3.125
8.4749999999999996,18.375,1.925
8.4749999999999996,18.375,1.9750000000000001
8.4749999999999996,18.375,2.0249999999999999
8.4749999999999996,18.375,2.0750000000000002
8.4749999999999996,18.375,2.125
8.4749999999999996,18.375,2.1750000000000003
8.4749999999999996,18.375,2.2250000000000001
8.4749999999999996,18.375,2.2749999999999999
8.4749999999999996,18.375,2.3250000000000002
8.4749999999999996,18.375,2.375
8.4749999999999996,18.375,2.4250000000000003
8.4749999999999996,18.375,2.4750000000000001
8.4749999999999996,18.375,2.5250000000000004
8.4749999999999996,18.375,2.5750000000000002
8.4749999999999996,18.375,2.625
8.4749999999999996,18.375,2.6750000000000003
8.4749999999999996,18.375,2.7250000000000001
8.4749999999999996,18.375,2.7750000000000004
8.4749999999999996,18.375,2.8250000000000002
8.4749999999999996,18.375,2.875
8.4749999999999996,18.375,2.9250000000000003
8.4749999999999996,18.375,2.9750000000000001
8.4749999999999996,18.375,3.0250000000000004
8.4749999999999996,18.375,3.0750000000000002
8.4749999999999996,18.375,3.125
8.4749999999999996,18.425000000000001,1.925
8.4749999999999996,18.425000000000001,2.0249999999999999
8.4749999999999996,18.425000000000001,2.2250000000000001
8.4749999999999996,18.425000000000001,2.3250000000000002
8.4749999999999996,18.425000000000001,3.0750000000000002
8.5250000000000004,18.324999999999999,1.9750000000000001
8.5250000000000004,18.324999999999999,2.0750000000000002
8.5250000000000004,18.324999999999999,2.1750000000000003
8.5250000000000004,18.324999999999999,2.2250000000000001
8.5250000000000004,18.324999999999999,2.2749999999999999
8.5250000000000004,18.324999999999999,2.3250000000000002
8.5250000000000004,18.324999999999999,2.375
8.5250000000000004,18.324999999999999,2.4250000000000003
8.5250000000000004,18.324999999999999,2.4750000000000001
8.5250000000000004,18.324999999999999,2.5250000000000004
8.5250000000000004,18.324999999999999,2.5750000000000002
8.5250000000000004,18.324999999999999,2.625
8.5250000000000004,18.324999999999999,2.6750000000000003
8.5250000000000004,18.324999999999999,2.7250000000000001
8.5250000000000004,18.324999999999999,2.7750000000000004
8.5250000000000004,18.324999999999999,2.8250000000000002
8.5250000000000004,18.324999999999999,2.875
8.5250000000000004,18.324999999999999,2.9250000000000003
8.5250000000000004,18.324999999999999,2.9750000000000001
8.5250000000000004,18.324999999999999,3.0250000000000004
8.5250000000000004,18.324999999999999,3.0750000000000002
8.5250000000000004,18.324999999999999,3.125
8.5250000000000004,18.375,1.925
8.5250000000000004,18.375,1.9750000000000001
8.5250000000000004,18.375,2.0249999999999999
8.5250000000000004,18.375,2.0750000000000002
8.5250000000000004,18.375,2.125
8.5250000000000004,18.375,2.1750000000000003
8.5250000000000004,18.375,2.2250000000000001
8.5250000000000004,18.375,2.2749999999999999
8.5250000000000004,18.375,2.3250000000000002
8.5250000000000004,18.375,2.375
8.5250000000000004,18.375,2.4250000000000003
8.5250000000000004,18.375,2.4750000000000001
8.5250000000000004,18.375,2.5250000000000004
8.5250000000000004,18.375,2.5750000000000002
8.5250000000000004,18.375,2.625
8.5250000000000004,18.375,2.6750000000000003
8.5250000000000004,18.375,2.7250000000000001
8.5250000000000004,18.375,2.7750000000000004
8.5250000000000004,18.375,2.8250000000000002
8.5250000000000004,18.375,2.875
8.5250000000000004,18.375,2.9250000000000003
8.5250000000000004,18.375,2.9750000000000001
8.5250000000000004,18.375,3.0250000000000004
8.5250000000000004,18.375,3.0750000000000002
8.5250000000000004,18.375,3.125
8.5250000000000004,18.425000000000001,1.925
8.5250000000000004,18.425000000000001,1.9750000000000001
8.5250000000000004,18.425000000000001,2.0249999999999999
8.5250000000000004,18.425000000000001,2.0750000000000002
8.5250000000000004,18.425000000000001,2.125
8.5250000000000004,18.425000000000001,2.1750000000000003
8.5250000000000004,18.425000000000001,2.2250000000000001
8.5250000000000004,18.425000000000001,2.2749999999999999
8.5250000000000004,18.425000000000001,2.3250000000000002
8.5250000000000004,18.425000000000001,2.9750000000000001
8.5250000000000004,18.425000000000001,3.0750000000000002
8.5250000000000004,18.425000000000001,3.125
7.2250000000000005,18.324999999999999,3.0250000000000004
7.2250000000000005,18.324999999999999,3.125
7.2750000000000004,18.324999999999999,1.9750000000000001
7.2750000000000004,18.324999999999999,2.0249999999999999
7.2750000000000004,18.324999999999999,2.125
7.2750000000000004,18.324999999999999,2.1750000000000003
7.2750000000000004,18.324999999999999,2.2749999999999999
7.2750000000000004,18.324999999999999,2.5750000000000002
7.2750000000000004,18.324999999999999,2.8250000000000002
7.2750000000000004,18.324999999999999,2.875
7.2750000000000004,18.324999999999999,2.9250000000000003
7.2750000000000004,18.324999999999999,3.0250000000000004
7.2750000000000004,18.375,3.0250000000000004
7.2750000000000004,18.375,3.125
7.3250000000000002,18.324999999999999,1.925
7.3250000000000002,18.324999999999999,2.125
7.3250000000000002,18.324999999999999,2.2749999999999999
7.3250000000000002,18.324999999999999,2.625
7.3250000000000002,18.324999999999999,2.8250000000000002
7.3250000000000002,18.375,1.925
7.3250000000000002,18.375,1.9750000000000001
7.3250000000000002,18.375,2.0249999999999999
7.3250000000000002,18.375,2.0750000000000002
7.3250000000000002,18.375,2.125
7.3250000000000002,18.375,2.1750000000000003
7.3250000000000002,18.375,2.2250000000000001
7.3250000000000002,18.375,2.2749999999999999
7.3250000000000002,18.375,2.3250000000000002
7.3250000000000002,18.375,2.375
7.3250000000000002,18.375,2.4250000000000003
7.3250000000000002,18.375,2.4750000000000001
7.3250000000000002,18.375,2.5250000000000004
7.3250000000000002,18.375,2.5750000000000002
7.3250000000000002,18.375,2.625
7.3250000000000002,18.375,2.6750000000000003
7.3250000000000002,18.375,2.7250000000000001
7.3250000000000002,18.375,2.7750000000000004
7.3250000000000002,18.375,2.8250000000000002
7.3250000000000002,18.375,2.875
7.3250000000000002,18.375,2.9250000000000003
7.3250000000000002,18.375,2.9750000000000001
7.3250000000000002,18.375,3.0250000000000004
7.3250000000000002,18.375,3.0750000000000002
7.3250000000000002,18.375,3.125
7.3250000000000002,18.425000000000001,3.0250000000000004
7.375,18.375,1.925
7.375,18.375,1.9750000000000001
7.375,18.375,2.0249999999999999
7.375,18.375,2.0750000000000002
7.375,18.375,2.125
7.375,18.375,2.1750000000000003
7.375,18.375,2.2250000000000001
7.375,18.375,2.2749999999999999
7.375,18.375,2.3250000000000002
7.375,18.375,2.375
7.375,18.375,2.4250000000000003
7.375,18.375,2.4750000000000001
7.375,18.375,2.5250000000000004
7.375,18.375,2.5750000000000002
7.375,18.375,2.625
7.375,18.375,2.6750000000000003
7.375,18.375,2.7250000000000001
7.375,18.375,2.7750000000000004
7.375,18.375,2.8250000000000002
7.375,18.375,2.875
7.375,18.375,2.9250000000000003
7.375,18.375,2.9750000000000001
7.375,18.375,3.0250000000000004
7.375,18.375,3.0750000000000002
7.375,18.375,3.125
7.375,18.425000000000001,1.925
7.375,18.425000000000001,1.9750000000000001
7.375,18.425000000000001,2.0249999999999999
7.375,18.425000000000001,2.0750000000000002
7.375,18.425000000000001,2.125
7.375,18.425000000000001,2.1750000000000003
7.375,18.425000000000001,2.2250000000000001
7.375,18.425000000000001,2.2749999999999999
7.375,18.425000000000001,2.3250000000000002
7.375,18.425000000000001,2.375
7.375,18.425000000000001,2.4250000000000003
7.375,18.425000000000001,2.4750000000000001
7.375,18.425000000000001,2.5250000000000004
7.375,18.425000000000001,2.5750000000000002
7.375,18.425000000000001,2.625
7.375,18.425000000000001,2.6750000000000003
7.375,18.425000000000001,2.7250000000000001
7.375,18.425000000000001,2.7750000000000004
7.375,18.425000000000001,2.8250000000000002
7.375,18.425000000000001,2.875
7.375,18.425000000000001,2.9250000000000003
7.375,18.425000000000001,2.9750000000000001
7.375,18.425000000000001,3.0250000000000004
7.375,18.425000000000001,3.0750000000000002
7.375,18.425000000000001,3.125
7.4250000000000007,18.425000000000001,1.925
7.4250000000000007,18.425000000000001,1.9750000000000001
7.4250000000000007,18.425000000000001,2.0249999999999999
7.4250000000000007,18.425000000000001,2.0750000000000002
7.4250000000000007,18.425000000000001,2.125
7.4250000000000007,18.425000000000001,2.1750000000000003
7.4250000000000007,18.425000000000001,2.2250000000000001
7.4250000000000007,18.425000000000001,2.2749999999999999
7.4250000000000007,18.425000000000001,2.3250000000000002
7.4250000000000007,18.425000000000001,2.375
7.4250000000000007,18.425000000000001,2.4250000000000003
7.4250000000000007,18.425000000000001,2.4750000000000001
7.4250000000000007,18.425000000000001,2.5250000000000004
7.4250000000000007,18.425000000000001,2.5750000000000002
7.4250000000000007,18.425000000000001,2.625
7.4250000000000007,18.425000000000001,2.6750000000000003
7.4250000000000007,18.425000000000001,2.7250000000000001
7.4250000000000007,18.425000000000001,2.7750000000000004
7.4250000000000007,18.425000000000001,2.8250000000000002
7.4250000000000007,18.425000000000001,2.875
7.4250000000000007,18.425000000000001,2.9250000000000003
7.4250000000000007,18.425000000000001,2.9750000000000001
7.4250000000000007,18.425000000000001,3.0250000000000004
7.4250000000000007,18.425000000000001,3.0750000000000002
7.4250000000000007,18.425000000000001,3.125
7.4250000000000007,18.475000000000001,1.925
7.4250000000000007,18.475000000000001,1.9750000000000001
7.4250000000000007,18.475000000000001,2.0249999999999999
7.4250000000000007,18.475000000000001,2.0750000000000002
7.4250000000000007,18.475000000000001,2.125
7.4250000000000007,18.475000000000001,2.1750000000000003
7.4250000000000007,18.475000000000001,2.2250000000000001
7.4250000000000007,18.475000000000001,2.2749999999999999
7.4250000000000007,18.475000000000001,2.3250000000000002
7.4250000000000007,18.475000000000001,2.375
7.4250000000000007,18.475000000000001,2.4250000000000003
7.4250000000000007,18.475000000000001,2.4750000000000001
7.4250000000000007,18.475000000000001,2.5250000000000004
7.4250000000000007,18.475000000000001,2.5750000000000002
7.4250000000000007,18.475000000000001,2.625
7.4250000000000007,18.475000000000001,2.6750000000000003
7.4250000000000007,18.475000000000001,2.7250000000000001
7.4250000000000007,18.475000000000001,2.7750000000000004
7.4250000000000007,18.475000000000001,2.8250000000000002
7.4250000000000007,18.475000000000001,2.875
7.4250000000000007,18.475000000000001,2.9250000000000003
7.4250000000000007,18.475000000000001,2.9750000000000001
7.4250000000000007,18.475000000000001,3.0250000000000004
7.4250000000000007,18.475000000000001,3.0750000000000002
7.4250000000000007,18.475000000000001,3.125
7.4250000000000007,18.525000000000002,1.925
7.4250000000000007,18.525000000000002,1.9750000000000001
7.4750000000000005,18.425000000000001,1.925
7.4750000000000005,18.425000000000001,1.9750000000000001
7.4750000000000005,18.425000000000001,2.0249999999999999
7.4750000000000005,18.425000000000001,2.0750000000000002
7.4750000000000005,18.425000000000001,2.1750000000000003
7.4750000000000005,18.425000000000001,2.2250000000000001
7.4750000000000005,18.425000000000001,2.3250000000000002
7.4750000000000005,18.425000000000001,2.4750000000000001
7.4750000000000005,18.425000000000001,2.5750000000000002
7.4750000000000005,18.425000000000001,2.6750000000000003
7.4750000000000005,18.425000000000001,3.0750000000000002
7.4750000000000005,18.475000000000001,1.925
7.4750000000000005,18.475000000000001,1.9750000000000001
7.4750000000000005,18.475000000000001,2.0249999999999999
7.4750000000000005,18.475000000000001,2.0750000000000002
7.4750000000000005,18.475000000000001,2.125
7.4750000000000005,18.475000000000001,2.1750000000000003
7.4750000000000005,18.475000000000001,2.2250000000000001
7.4750000000000005,18.475000000000001,2.2749999999999999
7.4750000000000005,18.475000000000001,2.3250000000000002
7.4750000000000005,18.475000000000001,2.375
7.4750000000000005,18.475000000000001,2.4250000000000003
7.4750000000000005,18.475000000000001,2.4750000000000001
7.4750000000000005,18.475000000000001,2.5250000000000004
7.4750000000000005,18.475000000000001,2.5750000000000002
7.4750000000000005,18.475000000000001,2.625
7.4750000000000005,18.475000000000001,2.6750000000000003
7.4750000000000005,18.475000000000001,2.7250000000000001
7.4750000000000005,18.475000000000001,2.7750000000000004
7.4750000000000005,18.475000000000001,2.8250000000000002
7.4750000000000005,18.475000000000001,2.875
7.4750000000000005,18.475000000000001,2.9250000000000003
7.4750000000000005,18.475000000000001,2.9750000000000001
7.4750000000000005,18.475000000000001,3.0250000000000004
7.4750000000000005,18.475000000000001,3.0750000000000002
7.4750000000000005,18.475000000000001,3.125
7.4750000000000005,18.525000000000002,1.925
7.4750000000000005,18.525000000000002,1.9750000000000001
7.4750000000000005,18.525000000000002,2.0249999999999999
7.4750000000000005,18.525000000000002,2.0750000000000002
7.4750000000000005,18.525000000000002,2.125
7.4750000000000005,18.525000000000002,2.1750000000000003
7.4750000000000005,18.525000000000002,2.2250000000000001
7.4750000000000005,18.525000000000002,2.2749999999999999
7.4750000000000005,18.525000000000002,2.3250000000000002
7.4750000000000005,18.525000000000002,2.375
7.4750000000000005,18.525000000000002,2.4250000000000003
7.4750000000000005,18.525000000000002,2.4750000000000001
7.4750000000000005,18.525000000000002,2.5250000000000004
7.4750000000000005,18.525000000000002,2.5750000000000002
7.4750000000000005,18.525000000000002,2.625
7.4750000000000005,18.525000000000002,2.6750000000000003
7.4750000000000005,18.525000000000002,2.7250000000000001
7.4750000000000005,18.525000000000002,2.7750000000000004
7.4750000000000005,18.525000000000002,2.8250000000000002
7.4750000000000005,18.525000000000002,2.875
7.4750000000000005,18.525000000000002,2.9250000000000003
7.4750000000000005,18.525000000000002,2.9750000000000001
7.4750000000000005,18.525000000000002,3.0250000000000004
7.4750000000000005,18.525000000000002,3.0750000000000002
7.4750000000000005,18.525000000000002,3.125
7.4750000000000005,18.574999999999999,1.925
7.4750000000000005,18.574999999999999,1.9750000000000001
7.4750000000000005,18.574999999999999,2.0249999999999999
7.4750000000000005,18.574999999999999,2.0750000000000002
7.4750000000000005,18.574999999999999,2.125
7.4750000000000005,18.574999999999999,2.1750000000000003
7.4750000000000005,18.574999999999999,2.2250000000000001
7.4750000000000005,18.574999999999999,2.2749999999999999
7.4750000000000005,18.574999999999999,2.3250000000000002
7.4750000000000005,18.574999999999999,2.375
7.4750000000000005,18.574999999999999,2.4250000000000003
7.4750000000000005,18.574999999999999,2.4750000000000001
7.4750000000000005,18.574999999999999,2.625
7.4750000000000005,18.574999999999999,2.6750000000000003
7.4750000000000005,18.574999999999999,2.7250000000000001
7.4750000000000005,18.574999999999999,2.7750000000000004
7.4750000000000005,18.574999999999999,2.8250000000000002
7.4750000000000005,18.574999999999999,2.875
7.4750000000000005,18.574999999999999,2.9250000000000003
7.4750000000000005,18.574999999999999,2.9750000000000001
7.4750000000000005,18.574999999999999,3.0250000000000004
7.4750000000000005,18.574999999999999,3.0750000000000002
7.4750000000000005,18.574999999999999,3.125
7.4750000000000005,18.625,1.925
7.5250000000000004,18.475000000000001,2.7750000000000004
7.5250000000000004,18.475000000000001,2.8250000000000002
7.5250000000000004,18.475000000000001,2.875
7.5250000000000004,18.475000000000001,2.9250000000000003
7.5250000000000004,18.475000000000001,2.9750000000000001
7.5250000000000004,18.475000000000001,3.0250000000000004
7.5250000000000004,18.475000000000001,3.0750000000000002
7.5250000000000004,18.475000000000001,3.125
7.5250000000000004,18.525000000000002,1.925
7.5250000000000004,18.525000000000002,1.9750000000000001
7.5250000000000004,18.525000000000002,2.0249999999999999
7.5250000000000004,18.525000000000002,2.0750000000000002
7.5250000000000004,18.525000000000002,2.125
7.5250000000000004,18.525000000000002,2.1750000000000003
7.5250000000000004,18.525000000000002,2.2250000000000001
7.5250000000000004,18.525000000000002,2.2749999999999999
7.5250000000000004,18.525000000000002,2.3250000000000002
7.5250000000000004,18.525000000000002,2.375
7.5250000000000004,18.525000000000002,2.4250000000000003
7.5250000000000004,18.525000000000002,2.4750000000000001
7.5250000000000004,18.525000000000002,2.5250000000000004
7.5250000000000004,18.525000000000002,2.5750000000000002
7.5250000000000004,18.525000000000002,2.625
7.5250000000000004,18.525000000000002,2.6750000000000003
7.5250000000000004,18.525000000000002,2.7250000000000001
7.5250000000000004,18.525000000000002,2.7750000000000004
7.5250000000000004,18.525000000000002,2.8250000000000002
7.5250000000000004,18.525000000000002,2.875
7.5250000000000004,18.525000000000002,2.9250000000000003
7.5250000000000004,18.525000000000002,2.9750000000000001
7.5250000000000004,18.525000000000002,3.0250000000000004
7.5250000000000004,18.525000000000002,3.0750000000000002
7.5250000000000004,18.525000000000002,3.125
7.5250000000000004,18.574999999999999,1.925
7.5250000000000004,18.574999999999999,1.9750000000000001
7.5250000000000004,18.574999999999999,2.0249999999999999
7.5250000000000004,18.574999999999999,2.0750000000000002
7.5250000000000004,18.574999999999999,2.125
7.5250000000000004,18.574999999999999,2.1750000000000003
7.5250000000000004,18.574999999999999,2.2250000000000001
7.5250000000000004,18.574999999999999,2.2749999999999999
7.5250000000000004,18.574999999999999,2.3250000000000002
7.5250000000000004,18.574999999999999,2.375
7.5250000000000004,18.574999999999999,2.4250000000000003
7.5250000000000004,18.574999999999999,2.4750000000000001
7.5250000000000004,18.574999999999999,2.5250000000000004
7.5250000000000004,18.574999999999999,2.5750000000000002
7.5250000000000004,18.574999999999999,2.625
7.5250000000000004,18.574999999999999,2.6750000000000003
7.5250000000000004,18.574999999999999,2.7250000000000001
7.5250000000000004,18.574999999999999,2.7750000000000004
7.5250000000000004,18.574999999999999,2.8250000000000002
7.5250000000000004,18.574999999999999,2.875
7.5250000000000004,18.574999999999999,2.9250000000000003
7.5250000000000004,18.574999999999999,2.9750000000000001
7.5250000000000004,18.574999999999999,3.0250000000000004
7.5250000000000004,18.574999999999999,3.0750000000000002
7.5250000000000004,18.574999999999999,3.125
7.5250000000000004,18.625,1.925
7.5250000000000004,18.625,1.9750000000000001
7.5250000000000004,18.625,2.0249999999999999
7.5250000000000004,18.625,2.0750000000000002
7.5250000000000004,18.625,2.125
7.5250000000000004,18.625,2.1750000000000003
7.5250000000000004,18.625,2.2250000000000001
7.5250000000000004,18.625,2.2749999999999999
7.5250000000000004,18.625,2.3250000000000002
7.5250000000000004,18.625,2.375
7.5250000000000004,18.625,2.4250000000000003
7.5250000000000004,18.625,2.4750000000000001
7.5250000000000004,18.625,2.5250000000000004
7.5250000000000004,18.625,2.5750000000000002
7.5250000000000004,18.625,2.625
7.5250000000000004,18.625,2.6750000000000003
7.5250000000000004,18.625,2.7250000000000001
7.5250000000000004,18.625,2.7750000000000004
7.5250000000000004,18.625,2.8250000000000002
7.5250000000000004,18.625,2.875
7.5250000000000004,18.625,2.9250000000000003
7.5250000000000004,18.625,2.9750000000000001
7.5250000000000004,18.625,3.0250000000000004
7.5250000000000004,18.625,3.0750000000000002
7.5250000000000004,18.625,3.125
7.5250000000000004,18.675000000000001,1.925
7.5250000000000004,18.675000000000001,1.9750000000000001
7.5250000000000004,18.675000000000001,2.0249999999999999
7.5250000000000004,18.675000000000001,2.0750000000000002
7.5250000000000004,18.675000000000001,2.125
7.5250000000000004,18.675000000000001,2.1750000000000003
7.5250000000000004,18.675000000000001,2.2250000000000001
7.5250000000000004,18.675000000000001,2.2749999999999999
7.5250000000000004,18.675000000000001,2.3250000000000002
7.5250000000000004,18.675000000000001,2.375
7.5250000000000004,18.675000000000001,2.4250000000000003
7.5250000000000004,18.675000000000001,2.4750000000000001
7.5250000000000004,18.675000000000001,2.5250000000000004
7.5250000000000004,18.675000000000001,2.5750000000000002
7.5250000000000004,18.675000000000001,2.625
7.5250000000000004,18.675000000000001,2.6750000000000003
7.5250000000000004,18.675000000000001,2.7250000000000001
7.5250000000000004,18.675000000000001,2.7750000000000004
7.5250000000000004,18.675000000000001,2.8250000000000002
7.5250000000000004,18.675000000000001,2.875
7.5250000000000004,18.675000000000001,2.9250000000000003
7.5250000000000004,18.675000000000001,2.9750000000000001
7.5250000000000004,18.675000000000001,3.0250000000000004
7.5250000000000004,18.675000000000001,3.0750000000000002
7.5250000000000004,18.675000000000001,3.125
7.5250000000000004,18.725000000000001,1.925
7.5250000000000004,18.725000000000001,1.9750000000000001
7.5250000000000004,18.725000000000001,2.0750000000000002
7.5250000000000004,18.725000000000001,2.1750000000000003
7.5250000000000004,18.725000000000001,2.2749999999999999
7.5250000000000004,18.725000000000001,2.3250000000000002
7.5250000000000004,18.725000000000001,2.375
7.5250000000000004,18.725000000000001,2.4250000000000003
7.5250000000000004,18.725000000000001,2.4750000000000001
7.5250000000000004,18.725000000000001,2.5250000000000004
7.5250000000000004,18.725000000000001,2.5750000000000002
7.5250000000000004,18.725000000000001,2.625
7.5250000000000004,18.725000000000001,2.6750000000000003
7.5250000000000004,18.725000000000001,2.7250000000000001
7.5250000000000004,18.725000000000001,2.7750000000000004
7.5250000000000004,18.725000000000001,2.8250000000000002
7.5250000000000004,18.725000000000001,2.875
7.5250000000000004,18.725000000000001,2.9250000000000003
7.5250000000000004,18.725000000000001,2.9750000000000001
7.5250000000000004,18.725000000000001,3.0250000000000004
7.5250000000000004,18.725000000000001,3.0750000000000002
7.5250000000000004,18.725000000000001,3.125
7.5250000000000004,18.775000000000002,2.7250000000000001
7.5250000000000004,18.775000000000002,2.7750000000000004
7.5250000000000004,18.775000000000002,2.8250000000000002
7.5250000000000004,18.775000000000002,2.9250000000000003
7.5250000000000004,18.775000000000002,3.125
7.5250000000000004,18.875,2.1750000000000003
7.5250000000000004,18.875,2.2749999999999999
7.5250000000000004,18.875,2.375
7.5250000000000004,18.875,2.4750000000000001
7.5250000000000004,18.875,2.5750000000000002
7.5250000000000004,18.875,2.625
7.5250000000000004,18.875,2.6750000000000003
7.5250000000000004,18.875,2.7250000000000001
7.5250000000000004,18.875,2.7750000000000004
7.5250000000000004,18.875,2.8250000000000002
7.5250000000000004,18.875,2.9250000000000003
7.5250000000000004,18.875,3.0250000000000004
7.5250000000000004,18.875,3.125
7.5250000000000004,18.925000000000001,2.1750000000000003
7.5250000000000004,18.925000000000001,2.2749999999999999
7.5250000000000004,18.925000000000001,2.375
7.5250000000000004,18.925000000000001,2.4750000000000001
7.5250000000000004,18.925000000000001,2.5250000000000004
7.5250000000000004,18.925000000000001,2.5750000000000002
7.5250000000000004,18.925000000000001,2.625
7.5250000000000004,18.925000000000001,2.6750000000000003
7.5250000000000004,18.925000000000001,2.7250000000000001
7.5250000000000004,18.925000000000001,2.7750000000000004
7.5250000000000004,18.925000000000001,2.8250000000000002
7.5250000000000004,18.925000000000001,2.9250000000000003
7.5250000000000004,18.925000000000001,3.0250000000000004
7.5250000000000004,18.925000000000001,3.125
7.5750000000000002,18.574999999999999,1.925
7.5750000000000002,18.574999999999999,2.0249999999999999
7.5750000000000002,18.574999999999999,2.125
7.5750000000000002,18.574999999999999,2.3250000000000002
7.5750000000000002,18.574999999999999,2.4250000000000003
7.5750000000000002,18.574999999999999,2.4750000000000001
7.5750000000000002,18.574999999999999,2.5250000000000004
7.5750000000000002,18.574999999999999,2.7750000000000004
7.5750000000000002,18.574999999999999,2.8250000000000002
7.5750000000000002,18.574999999999999,2.875
7.5750000000000002,18.574999999999999,2.9250000000000003
7.5750000000000002,18.574999999999999,2.9750000000000001
7.5750000000000002,18.574999999999999,3.0250000000000004
7.5750000000000002,18.574999999999999,3.0750000000000002
7.5750000000000002,18.574999999999999,3.125
7.5750000000000002,18.625,1.925
7.5750000000000002,18.625,1.9750000000000001
7.5750000000000002,18.625,2.0249999999999999
7.5750000000000002,18.625,2.0750000000000002
7.5750000000000002,18.625,2.125
7.5750000000000002,18.625,2.1750000000000003
7.5750000000000002,18.625,2.2250000000000001
7.5750000000000002,18.625,2.2749999999999999
7.5750000000000002,18.625,2.3250000000000002
7.5750000000000002,18.625,2.375
7.5750000000000002,18.625,2.4250000000000003
7.5750000000000002,18.625,2.4750000000000001
7.5750000000000002,18.625,2.5250000000000004
7.5750000000000002,18.625,2.5750000000000002
7.5750000000000002,18.625,2.625
7.5750000000000002,18.625,2.6750000000000003
7.5750000000000002,18.625,2.7250000000000001
7.5750000000000002,18.625,2.7750000000000004
7.5750000000000002,18.625,2.8250000000000002
7.5750000000000002,18.625,2.875
7.5750000000000002,18.625,2.9250000000000003
7.5750000000000002,18.625,2.9750000000000001
7.5750000000000002,18.625,3.0250000000000004
7.5750000000000002,18.625,3.0750000000000002
7.5750000000000002,18.625,3.125
7.5750000000000002,18.675000000000001,1.925
7.5750000000000002,18.675000000000001,1.9750000000000001
7.5750000000000002,18.675000000000001,2.0249999999999999
7.5750000000000002,18.675000000000001,2.0750000000000002
7.5750000000000002,18.675000000000001,2.125
7.5750000000000002,18.675000000000001,2.1750000000000003
7.5750000000000002,18.675000000000001,2.2250000000000001
7.5750000000000002,18.675000000000001,2.2749999999999999
7.5750000000000002,18.675000000000001,2.3250000000000002
7.5750000000000002,18.675000000000001,2.375
7.5750000000000002,18.675000000000001,2.4250000000000003
7.5750000000000002,18.675000000000001,2.4750000000000001
7.5750000000000002,18.675000000000001,2.5250000000000004
7.5750000000000002,18.675000000000001,2.5750000000000002
7.5750000000000002,18.675000000000001,2.625
7.5750000000000002,18.675000000000001,2.6750000000000003
7.5750000000000002,18.675000000000001,2.7250000000000001
7.5750000000000002,18.675000000000001,2.7750000000000004
7.5750000000000002,18.675000000000001,2.8250000000000002
7.5750000000000002,18.675000000000001,2.875
7.5750000000000002,18.675000000000001,2.9250000000000003
7.5750000000000002,18.675000000000001,2.9750000000000001
7.5750000000000002,18.675000000000001,3.0250000000000004
7.5750000000000002,18.675000000000001,3.0750000000000002
7.5750000000000002,18.675000000000001,3.125
7.5750000000000002,18.725000000000001,1.925
7.5750000000000002,18.725000000000001,1.9750000000000001
7.5750000000000002,18.725000000000001,2.0249999999999999
7.5750000000000002,18.725000000000001,2.0750000000000002
7.5750000000000002,18.725000000000001,2.125
7.5750000000000002,18.725000000000001,2.1750000000000003
7.5750000000000002,18.725000000000001,2.2250000000000001
7.5750000000000002,18.725000000000001,2.2749999999999999
7.5750000000000002,18.725000000000001,2.3250000000000002
7.5750000000000002,18.725000000000001,2.375
7.5750000000000002,18.725000000000001,2.4250000000000003
7.5750000000000002,18.725000000000001,2.4750000000000001
7.5750000000000002,18.725000000000001,2.5250000000000004
7.5750000000000002,18.725000000000001,2.5750000000000002
7.5750000000000002,18.725000000000001,2.625
7.5750000000000002,18.725000000000001,2.6750000000000003
7.5750000000000002,18.725000000000001,2.7250000000000001
7.5750000000000002,18.725000000000001,2.7750000000000004
7.5750000000000002,18.725000000000001,2.8250000000000002
7.5750000000000002,18.725000000000001,2.875
7.5750000000000002,18.725000000000001,2.9250000000000003
7.5750000000000002,18.725000000000001,2.9750000000000001
7.5750000000000002,18.725000000000001,3.0250000000000004
7.5750000000000002,18.725000000000001,3.0750000000000002
7.5750000000000002,18.725000000000001,3.125
7.5750000000000002,18.775000000000002,1.925
7.5750000000000002,18.775000000000002,1.9750000000000001
7.5750000000000002,18.775000000000002,2.0249999999999999
7.5750000000000002,18.775000000000002,2.0750000000000002
7.5750000000000002,18.775000000000002,2.125
7.5750000000000002,18.775000000000002,2.1750000000000003
7.5750000000000002,18.775000000000002,2.2250000000000001
7.5750000000000002,18.775000000000002,2.2749999999999999
7.5750000000000002,18.775000000000002,2.3250000000000002
7.5750000000000002,18.775000000000002,2.375
7.5750000000000002,18.775000000000002,2.4250000000000003
7.5750000000000002,18.775000000000002,2.4750000000000001
7.5750000000000002,18.775000000000002,2.5250000000000004
7.5750000000000002,18.775000000000002,2.5750000000000002
7.5750000000000002,18.775000000000002,2.625
7.5750000000000002,18.775000000000002,2.6750000000000003
7.5750000000000002,18.775000000000002,2.7250000000000001
7.5750000000000002,18.775000000000002,2.7750000000000004
7.5750000000000002,18.775000000000002,2.8250000000000002
7.5750000000000002,18.775000000000002,2.875
7.5750000000000002,18.775000000000002,2.9250000000000003
7.5750000000000002,18.775000000000002,2.9750000000000001
7.5750000000000002,18.775000000000002,3.0250000000000004
7.5750000000000002,18.775000000000002,3.0750000000000002
7.5750000000000002,18.775000000000002,3.125
7.5750000000000002,18.824999999999999,1.925
7.5750000000000002,18.824999999999999,1.9750000000000001
7.5750000000000002,18.824999999999999,2.0249999999999999
7.5750000000000002,18.824999999999999,2.0750000000000002
7.5750000000000002,18.824999999999999,2.125
7.5750000000000002,18.824999999999999,2.1750000000000003
7.5750000000000002,18.824999999999999,2.2250000000000001
7.5750000000000002,18.824999999999999,2.2749999999999999
7.5750000000000002,18.824999999999999,2.3250000000000002
7.5750000000000002,18.824999999999999,2.375
7.5750000000000002,18.824999999999999,2.4250000000000003
7.5750000000000002,18.824999999999999,2.4750000000000001
7.5750000000000002,18.824999999999999,2.5250000000000004
7.5750000000000002,18.824999999999999,2.5750000000000002
7.5750000000000002,18.824999999999999,2.625
7.5750000000000002,18.824999999999999,2.6750000000000003
7.5750000000000002,18.824999999999999,2.7250000000000001
7.5750000000000002,18.824999999999999,2.7750000000000004
7.5750000000000002,18.824999999999999,2.8250000000000002
7.5750000000000002,18.824999999999999,2.875
7.5750000000000002,18.824999999999999,2.9250000000000003
7.5750000000000002,18.824999999999999,2.9750000000000001
7.5750000000000002,18.824999999999999,3.0250000000000004
7.5750000000000002,18.824999999999999,3.0750000000000002
7.5750000000000002,18.824999999999999,3.125
7.5750000000000002,18.875,1.925
7.5750000000000002,18.875,1.9750000000000001
7.5750000000000002,18.875,2.0249999999999999
7.5750000000000002,18.875,2.0750000000000002
7.5750000000000002,18.875,2.125
7.5750000000000002,18.875,2.1750000000000003
7.5750000000000002,18.875,2.2250000000000001
7.5750000000000002,18.875,2.2749999999999999
7.5750000000000002,18.875,2.3250000000000002
7.5750000000000002,18.875,2.375
7.5750000000000002,18.875,2.4250000000000003
7.5750000000000002,18.875,2.4750000000000001
7.5750000000000002,18.875,2.5250000000000004
7.5750000000000002,18.875,2.5750000000000002
7.5750000000000002,18.875,2.625
7.5750000000000002,18.875,2.6750000000000003
7.5750000000000002,18.875,2.7250000000000001
7.5750000000000002,18.875,2.7750000000000004
7.5750000000000002,18.875,2.8250000000000002
7.5750000000000002,18.875,2.875
7.5750000000000002,18.875,2.9250000000000003
7.5750000000000002,18.875,2.9750000000000001
7.5750000000000002,18.875,3.0250000000000004
7.5750000000000002,18.875,3.0750000000000002
7.5750000000000002,18.875,3.125
7.5750000000000002,18.925000000000001,1.925
7.5750000000000002,18.925000000000001,1.9750000000000001
7.5750000000000002,18.925000000000001,2.0249999999999999
7.5750000000000002,18.925000000000001,2.0750000000000002
7.5750000000000002,18.925000000000001,2.125
7.5750000000000002,18.925000000000001,2.1750000000000003
7.5750000000000002,18.925000000000001,2.2250000000000001
7.5750000000000002,18.925000000000001,2.2749999999999999
7.5750000000000002,18.925000000000001,2.3250000000000002
7.5750000000000002,18.925000000000001,2.375
7.5750000000000002,18.925000000000001,2.4250000000000003
7.5750000000000002,18.925000000000001,2.4750000000000001
7.5750000000000002,18.925000000000001,2.5250000000000004
7.5750000000000002,18.925000000000001,2.5750000000000002
7.5750000000000002,18.925000000000001,2.625
7.5750000000000002,18.925000000000001,2.6750000000000003
7.5750000000000002,18.925000000000001,2.7250000000000001
7.5750000000000002,18.925000000000001,2.7750000000000004
7.5750000000000002,18.925000000000001,2.8250000000000002
7.5750000000000002,18.925000000000001,2.875
7.5750000000000002,18.925000000000001,2.9250000000000003
7.5750000000000002,18.925000000000001,2.9750000000000001
7.5750000000000002,18.925000000000001,3.0250000000000004
7.5750000000000002,18.925000000000001,3.0750000000000002
7.5750000000000002,18.925000000000001,3.125
7.625,18.675000000000001,2.9750000000000001
7.625,18.675000000000001,3.0750000000000002
7.625,18.675000000000001,3.125
7.625,18.725000000000001,1.925
7.625,18.725000000000001,1.9750000000000001
7.625,18.725000000000001,2.0249999999999999
7.625,18.725000000000001,2.125
7.625,18.725000000000001,2.2250000000000001
7.625,18.725000000000001,2.2749999999999999
7.625,18.725000000000001,2.3250000000000002
7.625,18.725000000000001,2.4250000000000003
7.625,18.725000000000001,2.875
7.625,18.725000000000001,2.9250000000000003
7.625,18.725000000000001,2.9750000000000001
7.625,18.725000000000001,3.0250000000000004
7.625,18.725000000000001,3.0750000000000002
7.625,18.725000000000001,3.125
7.625,18.775000000000002,1.925
7.625,18.775000000000002,1.9750000000000001
7.625,18.775000000000002,2.0249999999999999
7.625,18.775000000000002,2.0750000000000002
7.625,18.775000000000002,2.125
7.625,18.775000000000002,2.1750000000000003
7.625,18.775000000000002,2.2250000000000001
7.625,18.775000000000002,2.2749999999999999
7.625,18.775000000000002,2.3250000000000002
7.625,18.775000000000002,2.375
7.625,18.775000000000002,2.4250000000000003
7.625,18.775000000000002,2.5250000000000004
7.625,18.775000000000002,2.875
7.625,18.775000000000002,2.9250000000000003
7.625,18.775000000000002,2.9750000000000001
7.625,18.775000000000002,3.0250000000000004
7.625,18.775000000000002,3.0750000000000002
7.625,18.775000000000002,3.125
7.625,18.824999999999999,1.925
7.625,18.824999999999999,1.9750000000000001
7.625,18.824999999999999,2.0249999999999999
7.625,18.824999999999999,2.0750000000000002
7.625,18.824999999999999,2.125
7.625,18.824999999999999,2.1750000000000003
7.625,18.824999999999999,2.2250000000000001
7.625,18.824999999999999,2.2749999999999999
7.625,18.824999999999999,2.3250000000000002
7.625,18.824999999999999,2.375
7.625,18.824999999999999,2.4250000000000003
7.625,18.824999999999999,2.5250000000000004
7.625,18.824999999999999,2.875
7.625,18.824999999999999,2.9250000000000003
7.625,18.824999999999999,2.9750000000000001
7.625,18.824999999999999,3.0250000000000004
7.625,18.824999999999999,3.0750000000000002
7.625,18.824999999999999,3.125
7.625,18.875,1.925
7.625,18.875,1.9750000000000001
7.625,18.875,2.0249999999999999
7.625,18.875,2.0750000000000002
7.625,18.875,2.125
7.625,18.875,2.1750000000000003
7.625,18.875,2.2250000000000001
7.625,18.875,2.3250000000000002
7.625,18.875,2.4250000000000003
7.625,18.875,2.9750000000000001
7.625,18.875,3.0750000000000002
7.625,18.875,3.125
7.625,18.925000000000001,1.925
7.625,18.925000000000001,1.9750000000000001
7.625,18.925000000000001,2.0249999999999999
7.625,18.925000000000001,2.0750000000000002
7.625,18.925000000000001,2.125
7.625,18.925000000000001,2.1750000000000003
7.625,18.925000000000001,2.2250000000000001
7.625,18.925000000000001,2.3250000000000002
7.625,18.925000000000001,3.0750000000000002
8.0750000000000011,17.824999999999999,2.4250000000000003
8.0750000000000011,17.824999999999999,2.9250000000000003
8.0750000000000011,17.875,2.5250000000000004
8.125,17.775000000000002,3.0250000000000004
8.125,17.775000000000002,3.0750000000000002
8.125,17.824999999999999,1.925
8.125,17.824999999999999,1.9750000000000001
8.125,17.824999999999999,2.0750000000000002
8.125,17.824999999999999,2.1750000000000003
8.125,17.824999999999999,2.2749999999999999
8.125,17.824999999999999,2.375
8.125,17.824999999999999,2.4250000000000003
8.125,17.824999999999999,2.4750000000000001
8.125,17.824999999999999,2.5250000000000004
8.125,17.824999999999999,2.5750000000000002
8.125,17.824999999999999,2.625
8.125,17.824999999999999,2.6750000000000003
8.125,17.824999999999999,2.7250000000000001
8.125,17.824999999999999,2.7750000000000004
8.125,17.824999999999999,2.8250000000000002
8.125,17.824999999999999,2.875
8.125,17.824999999999999,2.9250000000000003
8.125,17.824999999999999,2.9750000000000001
8.125,17.824999999999999,3.0250000000000004
8.125,17.824999999999999,3.125
8.125,17.875,1.9750000000000001
8.125,17.875,2.0249999999999999
8.125,17.875,2.0750000000000002
8.125,17.875,2.125
8.125,17.875,2.1750000000000003
8.125,17.875,2.2250000000000001
8.125,17.875,2.2749999999999999
8.125,17.875,2.3250000000000002
8.125,17.875,2.375
8.125,17.875,2.4250000000000003
8.125,17.875,2.4750000000000001
8.125,17.875,2.5250000000000004
8.125,17.875,2.5750000000000002
8.125,17.875,2.625
8.125,17.875,2.6750000000000003
8.125,17.875,2.7250000000000001
8.125,17.875,2.8250000000000002
8.125,17.875,2.875
8.125,17.875,2.9250000000000003
8.125,17.875,2.9750000000000001
8.125,17.875,3.0250000000000004
8.125,17.875,3.0750000000000002
8.125,17.875,3.125
8.125,17.925000000000001,1.925
8.125,17.925000000000001,1.9750000000000001
8.125,17.925000000000001,2.0249999999999999
8.125,17.925000000000001,2.0750000000000002
8.125,17.925000000000001,2.125
8.125,17.925000000000001,2.1750000000000003
8.125,17.925000000000001,2.2250000000000001
8.125,17.925000000000001,2.2749999999999999
8.125,17.925000000000001,2.3250000000000002
8.125,17.925000000000001,2.375
8.125,17.925000000000001,2.4250000000000003
8.125,17.925000000000001,2.4750000000000001
8.125,17.925000000000001,2.5250000000000004
8.125,17.925000000000001,2.5750000000000002
8.125,17.925000000000001,2.625
8.125,17.925000000000001,2.6750000000000003
8.125,17.925000000000001,2.7250000000000001
8.125,17.925000000000001,2.7750000000000004
8.125,17.925000000000001,2.8250000000000002
8.125,17.925000000000001,2.875
8.125,17.925000000000001,2.9250000000000003
8.125,17.925000000000001,2.9750000000000001
8.125,17.925000000000001,3.0250000000000004
8.125,17.925000000000001,3.0750000000000002
8.125,17.925000000000001,3.125
8.125,17.975000000000001,1.925
8.125,17.975000000000001,1.9750000000000001
8.125,17.975000000000001,2.0249999999999999
8.125,17.975000000000001,2.0750000000000002
8.125,17.975000000000001,2.125
8.125,17.975000000000001,2.1750000000000003
8.125,17.975000000000001,2.2250000000000001
8.125,17.975000000000001,2.2749999999999999
8.125,17.975000000000001,2.3250000000000002
8.125,17.975000000000001,2.375
8.125,17.975000000000001,2.4250000000000003
8.125,17.975000000000001,2.4750000000000001
8.125,17.975000000000001,2.5250000000000004
8.125,17.975000000000001,2.5750000000000002
8.125,17.975000000000001,2.625
8.125,17.975000000000001,2.6750000000000003
8.125,17.975000000000001,2.7250000000000001
8.125,17.975000000000001,2.7750000000000004
8.125,17.975000000000001,2.8250000000000002
8.125,17.975000000000001,2.875
8.125,17.975000000000001,2.9250000000000003
8.125,17.975000000000001,2.9750000000000001
8.125,17.975000000000001,3.0250000000000004
8.125,17.975000000000001,3.0750000000000002
8.125,17.975000000000001,3.125
8.125,18.025000000000002,1.925
8.125,18.025000000000002,1.9750000000000001
8.125,18.025000000000002,2.0249999999999999
8.125,18.025000000000002,2.0750000000000002
8.125,18.025000000000002,2.125
8.125,18.025000000000002,2.1750000000000003
8.125,18.025000000000002,2.2250000000000001
8.125,18.025000000000002,2.2749999999999999
8.125,18.025000000000002,2.3250000000000002
8.125,18.025000000000002,2.375
8.125,18.025000000000002,2.4250000000000003
8.125,18.025000000000002,2.4750000000000001
8.125,18.025000000000002,2.5250000000000004
8.125,18.025000000000002,2.5750000000000002
8.125,18.025000000000002,2.625
8.125,18.025000000000002,2.6750000000000003
8.125,18.025000000000002,2.7250000000000001
8.125,18.025000000000002,2.7750000000000004
8.125,18.025000000000002,2.8250000000000002
8.125,18.025000000000002,2.875
8.125,18.025000000000002,2.9250000000000003
8.125,18.025000000000002,2.9750000000000001
8.125,18.025000000000002,3.0250000000000004
8.125,18.025000000000002,3.0750000000000002
8.125,18.025000000000002,3.125
8.125,18.074999999999999,1.925
8.125,18.074999999999999,1.9750000000000001
8.125,18.074999999999999,2.0249999999999999
8.125,18.074999999999999,2.0750000000000002
8.125,18.074999999999999,2.125
8.125,18.074999999999999,2.1750000000000003
8.125,18.074999999999999,2.2250000000000001
8.125,18.074999999999999,2.2749999999999999
8.125,18.074999999999999,2.3250000000000002
8.125,18.074999999999999,2.375
8.125,18.074999999999999,2.4250000000000003
8.125,18.074999999999999,2.625
8.125,18.074999999999999,2.6750000000000003
8.125,18.074999999999999,3.0750000000000002
8.125,18.125,2.1750000000000003
8.1750000000000007,17.975000000000001,1.9750000000000001
8.1750000000000007,17.975000000000001,2.0750000000000002
8.1750000000000007,17.975000000000001,2.1750000000000003
8.1750000000000007,17.975000000000001,2.2250000000000001
8.1750000000000007,17.975000000000001,2.2749999999999999
8.1750000000000007,17.975000000000001,2.3250000000000002
8.1750000000000007,17.975000000000001,2.375
8.1750000000000007,17.975000000000001,2.5250000000000004
8.1750000000000007,17.975000000000001,2.625
8.1750000000000007,17.975000000000001,2.7250000000000001
8.1750000000000007,17.975000000000001,2.8250000000000002
8.1750000000000007,17.975000000000001,2.9250000000000003
8.1750000000000007,17.975000000000001,2.9750000000000001
8.1750000000000007,17.975000000000001,3.0250000000000004
8.1750000000000007,17.975000000000001,3.0750000000000002
8.1750000000000007,17.975000000000001,3.125
8.1750000000000007,18.025000000000002,1.925
8.1750000000000007,18.025000000000002,1.9750000000000001
8.1750000000000007,18.025000000000002,2.0249999999999999
8.1750000000000007,18.025000000000002,2.0750000000000002
8.1750000000000007,18.025000000000002,2.125
8.1750000000000007,18.025000000000002,2.1750000000000003
8.1750000000000007,18.025000000000002,2.2250000000000001
8.1750000000000007,18.025000000000002,2.2749999999999999
8.1750000000000007,18.025000000000002,2.3250000000000002
8.1750000000000007,18.025000000000002,2.375
8.1750000000000007,18.025000000000002,2.4250000000000003
8.1750000000000007,18.025000000000002,2.4750000000000001
8.1750000000000007,18.025000000000002,2.5250000000000004
8.1750000000000007,18.025000000000002,2.5750000000000002
8.1750000000000007,18.025000000000002,2.625
8.1750000000000007,18.025000000000002,2.6750000000000003
8.1750000000000007,18.025000000000002,2.7250000000000001
8.1750000000000007,18.025000000000002,2.7750000000000004
8.1750000000000007,18.025000000000002,2.8250000000000002
8.1750000000000007,18.025000000000002,2.875
8.1750000000000007,18.025000000000002,2.9250000000000003
8.1750000000000007,18.025000000000002,2.9750000000000001
8.1750000000000007,18.025000000000002,3.0250000000000004
8.1750000000000007,18.025000000000002,3.0750000000000002
8.1750000000000007,18.025000000000002,3.125
8.1750000000000007,18.074999999999999,1.925
8.1750000000000007,18.074999999999999,1.9750000000000001
8.1750000000000007,18.074999999999999,2.0249999999999999
8.1750000000000007,18.074999999999999,2.0750000000000002
8.1750000000000007,18.074999999999999,2.125
8.1750000000000007,18.074999999999999,2.1750000000000003
8.1750000000000007,18.074999999999999,2.2250000000000001
8.1750000000000007,18.074999999999999,2.2749999999999999
8.1750000000000007,18.074999999999999,2.3250000000000002
8.1750000000000007,18.074999999999999,2.375
8.1750000000000007,18.074999999999999,2.4250000000000003
8.1750000000000007,18.074999999999999,2.4750000000000001
8.1750000000000007,18.074999999999999,2.5250000000000004
8.1750000000000007,18.074999999999999,2.5750000000000002
8.1750000000000007,18.074999999999999,2.625
8.1750000000000007,18.074999999999999,2.6750000000000003
8.1750000000000007,18.074999999999999,2.7250000000000001
8.1750000000000007,18.074999999999999,2.7750000000000004
8.1750000000000007,18.074999999999999,2.8250000000000002
8.1750000000000007,18.074999999999999,2.875
8.1750000000000007,18.074999999999999,2.9250000000000003
8.1750000000000007,18.074999999999999,2.9750000000000001
8.1750000000000007,18.074999999999999,3.0250000000000004
8.1750000000000007,18.074999999999999,3.0750000000000002
8.1750000000000007,18.074999999999999,3.125
8.1750000000000007,18.125,1.925
8.1750000000000007,18.125,1.9750000000000001
8.1750000000000007,18.125,2.0249999999999999
8.1750000000000007,18.125,2.0750000000000002
8.1750000000000007,18.125,2.125
8.1750000000000007,18.125,2.1750000000000003
8.1750000000000007,18.125,2.2250000000000001
8.1750000000000007,18.125,2.2749999999999999
8.1750000000000007,18.125,2.3250000000000002
8.1750000000000007,18.125,2.375
8.1750000000000007,18.125,2.4250000000000003
8.1750000000000007,18.125,2.4750000000000001
8.1750000000000007,18.125,2.5250000000000004
8.1750000000000007,18.125,2.5750000000000002
8.1750000000000007,18.125,2.625
8.1750000000000007,18.125,2.6750000000000003
8.1750000000000007,18.125,2.7250000000000001
8.1750000000000007,18.125,2.7750000000000004
8.1750000000000007,18.125,2.8250000000000002
8.1750000000000007,18.125,2.875
8.1750000000000007,18.125,2.9250000000000003
8.1750000000000007,18.125,2.9750000000000001
8.1750000000000007,18.125,3.0250000000000004
8.1750000000000007,18.125,3.0750000000000002
8.1750000000000007,18.125,3.125
8.1750000000000007,18.175000000000001,1.925
8.1750000000000007,18.175000000000001,1.9750000000000001
8.1750000000000007,18.175000000000001,2.0750000000000002
8.1750000000000007,18.175000000000001,2.2250000000000001
8.1750000000000007,18.175000000000001,2.2749999999999999
8.1750000000000007,18.175000000000001,2.3250000000000002
8.1750000000000007,18.175000000000001,2.375
8.1750000000000007,18.175000000000001,2.4250000000000003
8.1750000000000007,18.175000000000001,2.4750000000000001
8.1750000000000007,18.175000000000001,2.5250000000000004
8.1750000000000007,18.175000000000001,2.5750000000000002
8.1750000000000007,18.175000000000001,2.625
8.1750000000000007,18.175000000000001,2.6750000000000003
8.1750000000000007,18.175000000000001,2.7250000000000001
8.1750000000000007,18.175000000000001,2.7750000000000004
8.1750000000000007,18.175000000000001,2.8250000000000002
8.1750000000000007,18.175000000000001,2.875
8.1750000000000007,18.175000000000001,2.9250000000000003
8.1750000000000007,18.175000000000001,2.9750000000000001
8.1750000000000007,18.175000000000001,3.0250000000000004
8.1750000000000007,18.175000000000001,3.0750000000000002
8.2249999999999996,18.074999999999999,1.9750000000000001
8.2249999999999996,18.074999999999999,2.0750000000000002
8.2249999999999996,18.074999999999999,2.125
8.2249999999999996,18.074999999999999,2.1750000000000003
8.2249999999999996,18.074999999999999,2.2250000000000001
8.2249999999999996,18.074999999999999,2.2749999999999999
8.2249999999999996,18.074999999999999,2.375
8.2249999999999996,18.074999999999999,2.7250000000000001
8.2249999999999996,18.074999999999999,2.8250000000000002
8.2249999999999996,18.074999999999999,2.9250000000000003
8.2249999999999996,18.074999999999999,2.9750000000000001
8.2249999999999996,18.074999999999999,3.0250000000000004
8.2249999999999996,18.074999999999999,3.0750000000000002
8.2249999999999996,18.074999999999999,3.125
8.2249999999999996,18.125,1.925
8.2249999999999996,18.125,1.9750000000000001
8.2249999999999996,18.125,2.0249999999999999
8.2249999999999996,18.125,2.0750000000000002
8.2249999999999996,18.125,2.125
8.2249999999999996,18.125,2.1750000000000003
8.2249999999999996,18.125,2.2250000000000001
8.2249999999999996,18.125,2.2749999999999999
8.2249999999999996,18.125,2.3250000000000002
8.2249999999999996,18.125,2.375
8.2249999999999996,18.125,2.4250000000000003
8.2249999999999996,18.125,2.4750000000000001
8.2249999999999996,18.125,2.5250000000000004
8.2249999999999996,18.125,2.5750000000000002
8.2249999999999996,18.125,2.625
8.2249999999999996,18.125,2.6750000000000003
8.2249999999999996,18.125,2.7250000000000001
8.2249999999999996,18.125,2.7750000000000004
8.2249999999999996,18.125,2.8250000000000002
8.2249999999999996,18.125,2.875
8.2249999999999996,18.125,2.9250000000000003
8.2249999999999996,18.125,2.9750000000000001
8.2249999999999996,18.125,3.0250000000000004
8.2249999999999996,18.125,3.0750000000000002
8.2249999999999996,18.125,3.125
8.2249999999999996,18.175000000000001,1.925
8.2249999999999996,18.175000000000001,1.9750000000000001
8.2249999999999996,18.175000000000001,2.0249999999999999
8.2249999999999996,18.175000000000001,2.0750000000000002
8.2249999999999996,18.175000000000001,2.125
8.2249999999999996,18.175000000000001,2.1750000000000003
8.2249999999999996,18.175000000000001,2.2250000000000001
8.2249999999999996,18.175000000000001,2.2749999999999999
8.2249999999999996,18.175000000000001,2.3250000000000002
8.2249999999999996,18.175000000000001,2.375
8.2249999999999996,18.175000000000001,2.4250000000000003
8.2249999999999996,18.175000000000001,2.4750000000000001
8.2249999999999996,18.175000000000001,2.5250000000000004
8.2249999999999996,18.175000000000001,2.5750000000000002
8.2249999999999996,18.175000000000001,2.625
8.2249999999999996,18.175000000000001,2.6750000000000003
8.2249999999999996,18.175000000000001,2.7250000000000001
8.2249999999999996,18.175000000000001,2.7750000000000004
8.2249999999999996,18.175000000000001,2.8250000000000002
8.2249999999999996,18.175000000000001,2.875
8.2249999999999996,18.175000000000001,2.9250000000000003
8.2249999999999996,18.175000000000001,2.9750000000000001
8.2249999999999996,18.175000000000001,3.0250000000000004
8.2249999999999996,18.175000000000001,3.0750000000000002
8.2249999999999996,18.175000000000001,3.125
8.2249999999999996,18.225000000000001,1.925
8.2249999999999996,18.225000000000001,1.9750000000000001
8.2249999999999996,18.225000000000001,2.0249999999999999
8.2249999999999996,18.225000000000001,2.0750000000000002
8.2249999999999996,18.225000000000001,2.125
8.2249999999999996,18.225000000000001,2.1750000000000003
8.2249999999999996,18.225000000000001,2.2250000000000001
8.2249999999999996,18.225000000000001,2.2749999999999999
8.2249999999999996,18.225000000000001,2.3250000000000002
8.2249999999999996,18.225000000000001,2.375
8.2249999999999996,18.225000000000001,2.4250000000000003
8.2249999999999996,18.225000000000001,2.4750000000000001
8.2249999999999996,18.225000000000001,2.5250000000000004
8.2249999999999996,18.225000000000001,2.5750000000000002
8.2249999999999996,18.225000000000001,2.625
8.2249999999999996,18.225000000000001,2.6750000000000003
8.2249999999999996,18.225000000000001,2.7250000000000001
8.2249999999999996,18.225000000000001,2.7750000000000004
8.2249999999999996,18.225000000000001,2.8250000000000002
8.2249999999999996,18.225000000000001,2.875
8.2249999999999996,18.225000000000001,2.9250000000000003
8.2249999999999996,18.225000000000001,2.9750000000000001
8.2249999999999996,18.225000000000001,3.0250000000000004
8.2249999999999996,18.225000000000001,3.0750000000000002
8.2249999999999996,18.225000000000001,3.125
8.2249999999999996,18.275000000000002,2.6750000000000003
8.2249999999999996,18.275000000000002,2.7750000000000004
8.2249999999999996,18.275000000000002,2.875
8.2750000000000004,18.125,2.3250000000000002
8.2750000000000004,18.175000000000001,1.925
8.2750000000000004,18.175000000000001,1.9750000000000001
8.2750000000000004,18.175000000000001,2.0249999999999999
8.2750000000000004,18.175000000000001,2.0750000000000002
8.2750000000000004,18.175000000000001,2.125
8.2750000000000004,18.175000000000001,2.1750000000000003
8.2750000000000004,18.175000000000001,2.2250000000000001
8.2750000000000004,18.175000000000001,2.2749999999999999
8.2750000000000004,18.175000000000001,2.3250000000000002
8.2750000000000004,18.175000000000001,2.375
8.2750000000000004,18.175000000000001,2.4250000000000003
8.2750000000000004,18.175000000000001,2.4750000000000001
8.2750000000000004,18.175000000000001,2.5250000000000004
8.2750000000000004,18.175000000000001,2.5750000000000002
8.2750000000000004,18.175000000000001,2.625
8.2750000000000004,18.175000000000001,2.6750000000000003
8.2750000000000004,18.175000000000001,2.7250000000000001
8.2750000000000004,18.175000000000001,2.7750000000000004
8.2750000000000004,18.175000000000001,2.8250000000000002
8.2750000000000004,18.175000000000001,2.875
8.2750000000000004,18.175000000000001,2.9250000000000003
8.2750000000000004,18.175000000000001,2.9750000000000001
8.2750000000000004,18.175000000000001,3.0250000000000004
8.2750000000000004,18.175000000000001,3.0750000000000002
8.2750000000000004,18.175000000000001,3.125
8.2750000000000004,18.225000000000001,1.925
8.2750000000000004,18.225000000000001,1.9750000000000001
8.2750000000000004,18.225000000000001,2.0249999999999999
8.2750000000000004,18.225000000000001,2.0750000000000002
8.2750000000000004,18.225000000000001,2.125
8.2750000000000004,18.225000000000001,2.1750000000000003
8.2750000000000004,18.225000000000001,2.2250000000000001
8.2750000000000004,18.225000000000001,2.2749999999999999
8.2750000000000004,18.225000000000001,2.3250000000000002
8.2750000000000004,18.225000000000001,2.375
8.2750000000000004,18.225000000000001,2.4250000000000003
8.2750000000000004,18.225000000000001,2.4750000000000001
8.2750000000000004,18.225000000000001,2.5250000000000004
8.2750000000000004,18.225000000000001,2.5750000000000002
8.2750000000000004,18.225000000000001,2.625
8.2750000000000004,18.225000000000001,2.6750000000000003
8.2750000000000004,18.225000000000001,2.7250000000000001
8.2750000000000004,18.225000000000001,2.7750000000000004
8.2750000000000004,18.225000000000001,2.8250000000000002
8.2750000000000004,18.225000000000001,2.875
8.2750000000000004,18.225000000000001,2.9250000000000003
8.2750000000000004,18.225000000000001,2.9750000000000001
8.2750000000000004,18.225000000000001,3.0250000000000004
8.2750000000000004,18.225000000000001,3.0750000000000002
8.2750000000000004,18.225000000000001,3.125
8.2750000000000004,18.275000000000002,1.925
8.2750000000000004,18.275000000000002,1.9750000000000001
8.2750000000000004,18.275000000000002,2.0249999999999999
8.2750000000000004,18.275000000000002,2.0750000000000002
8.2750000000000004,18.275000000000002,2.125
8.2750000000000004,18.275000000000002,2.1750000000000003
8.2750000000000004,18.275000000000002,2.2250000000000001
8.2750000000000004,18.275000000000002,2.2749999999999999
8.2750000000000004,18.275000000000002,2.3250000000000002
8.2750000000000004,18.275000000000002,2.375
8.2750000000000004,18.275000000000002,2.4250000000000003
8.2750000000000004,18.275000000000002,2.4750000000000001
8.2750000000000004,18.275000000000002,2.5250000000000004
8.2750000000000004,18.275000000000002,2.5750000000000002
8.2750000000000004,18.275000000000002,2.625
8.2750000000000004,18.275000000000002,2.6750000000000003
8.2750000000000004,18.275000000000002,2.7250000000000001
8.2750000000000004,18.275000000000002,2.7750000000000004
8.2750000000000004,18.275000000000002,2.8250000000000002
8.2750000000000004,18.275000000000002,2.875
8.2750000000000004,18.275000000000002,2.9250000000000003
8.2750000000000004,18.275000000000002,2.9750000000000001
8.2750000000000004,18.275000000000002,3.0250000000000004
8.2750000000000004,18.275000000000002,3.0750000000000002
8.2750000000000004,18.275000000000002,3.125
8.2750000000000004,18.324999999999999,3.0750000000000002
8.3250000000000011,18.175000000000001,2.1750000000000003
8.3250000000000011,18.175000000000001,2.2749999999999999
8.3250000000000011,18.175000000000001,2.8250000000000002
8.3250000000000011,18.175000000000001,2.9250000000000003
8.3250000000000011,18.175000000000001,3.0250000000000004
8.3250000000000011,18.175000000000001,3.125
8.3250000000000011,18.225000000000001,1.925
8.3250000000000011,18.225000000000001,1.9750000000000001
8.3250000000000011,18.225000000000001,2.0249999999999999
8.3250000000000011,18.225000000000001,2.0750000000000002
8.3250000000000011,18.225000000000001,2.125
8.3250000000000011,18.225000000000001,2.1750000000000003
8.3250000000000011,18.225000000000001,2.2250000000000001
8.3250000000000011,18.225000000000001,2.2749999999999999
8.3250000000000011,18.225000000000001,2.3250000000000002
8.3250000000000011,18.225000000000001,2.375
8.3250000000000011,18.225000000000001,2.4250000000000003
8.3250000000000011,18.225000000000001,2.4750000000000001
8.3250000000000011,18.225000000000001,2.5250000000000004
8.3250000000000011,18.225000000000001,2.5750000000000002
8.3250000000000011,18.225000000000001,2.625
8.3250000000000011,18.225000000000001,2.6750000000000003
8.3250000000000011,18.225000000000001,2.7250000000000001
8.3250000000000011,18.225000000000001,2.7750000000000004
8.3250000000000011,18.225000000000001,2.8250000000000002
8.3250000000000011,18.225000000000001,2.875
8.3250000000000011,18.225000000000001,2.9250000000000003
8.3250000000000011,18.225000000000001,2.9750000000000001
8.3250000000000011,18.225000000000001,3.0250000000000004
8.3250000000000011,18.225000000000001,3.0750000000000002
8.3250000000000011,18.225000000000001,3.125
8.3250000000000011,18.275000000000002,1.925
8.3250000000000011,18.275000000000002,1.9750000000000001
8.3250000000000011,18.275000000000002,2.0249999999999999
8.3250000000000011,18.275000000000002,2.0750000000000002
8.3250000000000011,18.275000000000002,2.125
8.3250000000000011,18.275000000000002,2.1750000000000003
8.3250000000000011,18.275000000000002,2.2250000000000001
8.3250000000000011,18.275000000000002,2.2749999999999999
8.3250000000000011,18.275000000000002,2.3250000000000002
8.3250000000000011,18.275000000000002,2.375
8.3250000000000011,18.275000000000002,2.4250000000000003
8.3250000000000011,18.275000000000002,2.4750000000000001
8.3250000000000011,18.275000000000002,2.5250000000000004
8.3250000000000011,18.275000000000002,2.5750000000000002
8.3250000000000011,18.275000000000002,2.625
8.3250000000000011,18.275000000000002,2.6750000000000003
8.3250000000000011,18.275000000000002,2.7250000000000001
8.3250000000000011,18.275000000000002,2.7750000000000004
8.3250000000000011,18.275000000000002,2.8250000000000002
8.3250000000000011,18.275000000000002,2.875
8.3250000000000011,18.275000000000002,2.9250000000000003
8.3250000000000011,18.275000000000002,2.9750000000000001
8.3250000000000011,18.275000000000002,3.0250000000000004
8.3250000000000011,18.275000000000002,3.0750000000000002
8.3250000000000011,18.275000000000002,3.125
8.3250000000000011,18.324999999999999,1.925
8.3250000000000011,18.324999999999999,1.9750000000000001
8.3250000000000011,18.324999999999999,2.0249999999999999
8.3250000000000011,18.324999999999999,2.0750000000000002
8.3250000000000011,18.324999999999999,2.125
8.3250000000000011,18.324999999999999,2.1750000000000003
8.3250000000000011,18.324999999999999,2.2250000000000001
8.3250000000000011,18.324999999999999,2.2749999999999999
8.3250000000000011,18.324999999999999,2.3250000000000002
8.3250000000000011,18.324999999999999,2.375
8.3250000000000011,18.324999999999999,2.4250000000000003
8.3250000000000011,18.324999999999999,2.4750000000000001
8.3250000000000011,18.324999999999999,2.5250000000000004
8.3250000000000011,18.324999999999999,2.5750000000000002
8.3250000000000011,18.324999999999999,2.625
8.3250000000000011,18.324999999999999,2.6750000000000003
8.3250000000000011,18.324999999999999,2.7250000000000001
8.3250000000000011,18.324999999999999,2.7750000000000004
8.3250000000000011,18.324999999999999,2.8250000000000002
8.3250000000000011,18.324999999999999,2.875
8.3250000000000011,18.324999999999999,2.9250000000000003
8.3250000000000011,18.324999999999999,2.9750000000000001
8.3250000000000011,18.324999999999999,3.0250000000000004
8.3250000000000011,18.324999999999999,3.0750000000000002
8.3250000000000011,18.324999999999999,3.125
8.375,18.225000000000001,2.1750000000000003
8.375,18.225000000000001,2.2250000000000001
8.375,18.225000000000001,2.2749999999999999
8.375,18.225000000000001,2.375
8.375,18.225000000000001,2.4250000000000003
8.375,18.225000000000001,2.4750000000000001
8.375,18.225000000000001,2.5250000000000004
8.375,18.225000000000001,2.5750000000000002
8.375,18.225000000000001,2.625
8.375,18.225000000000001,2.6750000000000003
8.375,18.225000000000001,2.7250000000000001
8.375,18.225000000000001,2.7750000000000004
8.375,18.225000000000001,2.8250000000000002
8.375,18.225000000000001,2.875
8.375,18.225000000000001,2.9250000000000003
8.375,18.225000000000001,2.9750000000000001
8.375,18.225000000000001,3.0250000000000004
8.375,18.225000000000001,3.125
8.375,18.275000000000002,1.925
8.375,18.275000000000002,1.9750000000000001
8.375,18.275000000000002,2.0249999999999999
8.375,18.275000000000002,2.0750000000000002
8.375,18.275000000000002,2.125
8.375,18.275000000000002,2.1750000000000003
8.375,18.275000000000002,2.2250000000000001
8.375,18.275000000000002,2.2749999999999999
8.375,18.275000000000002,2.3250000000000002
8.375,18.275000000000002,2.375
8.375,18.275000000000002,2.4250000000000003
8.375,18.275000000000002,2.4750000000000001
8.375,18.275000000000002,2.5250000000000004
8.375,18.275000000000002,2.5750000000000002
8.375,18.275000000000002,2.625
8.375,18.275000000000002,2.6750000000000003
8.375,18.275000000000002,2.7250000000000001
8.375,18.275000000000002,2.7750000000000004
8.375,18.275000000000002,2.8250000000000002
8.375,18.275000000000002,2.875
8.375,18.275000000000002,2.9250000000000003
8.375,18.275000000000002,2.9750000000000001
8.375,18.275000000000002,3.0250000000000004
8.375,18.275000000000002,3.0750000000000002
8.375,18.275000000000002,3.125
8.375,18.324999999999999,1.925
8.375,18.324999999999999,1.9750000000000001
8.375,18.324999999999999,2.0249999999999999
8.375,18.324999999999999,2.0750000000000002
8.375,18.324999999999999,2.125
8.375,18.324999999999999,2.1750000000000003
8.375,18.324999999999999,2.2250000000000001
8.375,18.324999999999999,2.2749999999999999
8.375,18.324999999999999,2.3250000000000002
8.375,18.324999999999999,2.375
8.375,18.324999999999999,2.4250000000000003
8.375,18.324999999999999,2.4750000000000001
8.375,18.324999999999999,2.5250000000000004
8.375,18.324999999999999,2.5750000000000002
8.375,18.324999999999999,2.625
8.375,18.324999999999999,2.6750000000000003
8.375,18.324999999999999,2.7250000000000001
8.375,18.324999999999999,2.7750000000000004
8.375,18.324999999999999,2.8250000000000002
8.375,18.324999999999999,2.875
8.375,18.324999999999999,2.9250000000000003
8.375,18.324999999999999,2.9750000000000001
8.375,18.324999999999999,3.0250000000000004
8.375,18.324999999999999,3.0750000000000002
8.375,18.324999999999999,3.125
8.375,18.375,1.925
8.375,18.375,2.0249999999999999
8.375,18.375,2.2250000000000001
8.375,18.375,2.3250000000000002
8.375,18.375,2.4250000000000003
8.375,18.375,2.6750000000000003
8.375,18.375,2.7750000000000004
8.375,18.375,2.875
8.375,18.375,2.9750000000000001
8.375,18.375,3.0250000000000004
8.375,18.375,3.0750000000000002
8.375,18.375,3.125
8.4250000000000007,18.275000000000002,1.9750000000000001
8.4250000000000007,18.275000000000002,2.0750000000000002
8.4250000000000007,18.275000000000002,2.1750000000000003
8.4250000000000007,18.275000000000002,2.2250000000000001
8.4250000000000007,18.275000000000002,2.2749999999999999
8.4250000000000007,18.275000000000002,2.3250000000000002
8.4250000000000007,18.275000000000002,2.375
8.4250000000000007,18.275000000000002,2.4250000000000003
8.4250000000000007,18.275000000000002,2.4750000000000001
8.4250000000000007,18.275000000000002,2.5250000000000004
8.4250000000000007,18.275000000000002,2.5750000000000002
8.4250000000000007,18.275000000000002,2.625
8.4250000000000007,18.275000000000002,2.6750000000000003
8.4250000000000007,18.275000000000002,2.7250000000000001
8.4250000000000007,18.275000000000002,2.7750000000000004
8.4250000000000007,18.275000000000002,2.8250000000000002
8.4250000000000007,18.275000000000002,2.875
8.4250000000000007,18.275000000000002,2.9250000000000003
8.4250000000000007,18.275000000000002,2.9750000000000001
8.4250000000000007,18.275000000000002,3.0250000000000004
8.4250000000000007,18.275000000000002,3.0750000000000002
8.4250000000000007,18.275000000000002,3.125
8.4250000000000007,18.324999999999999,1.925
8.4250000000000007,18.324999999999999,1.9750000000000001
8.4250000000000007,18.324999999999999,2.0249999999999999
8.4250000000000007,18.324999999999999,2.0750000000000002
8.4250000000000007,18.324999999999999,2.125
8.4250000000000007,18.324999999999999,2.1750000000000003
8.4250000000000007,18.324999999999999,2.2250000000000001
8.4250000000000007,18.324999999999999,2.2749999999999999
8.4250000000000007,18.324999999999999,2.3250000000000002
8.4250000000000007,18.324999999999999,2.375
8.4250000000000007,18.324999999999999,2.4250000000000003
8.4250000000000007,18.324999999999999,2.4750000000000001
8.4250000000000007,18.324999999999999,2.5250000000000004
8.4250000000000007,18.324999999999999,2.5750000000000002
8.4250000000000007,18.324999999999999,2.625
8.4250000000000007,18.324999999999999,2.6750000000000003
8.4250000000000007,18.324999999999999,2.7250000000000001
8.4250000000000007,18.324999999999999,2.7750000000000004
8.4250000000000007,18.324999999999999,2.8250000000000002
8.4250000000000007,18.324999999999999,2.875
8.4250000000000007,18.324999999999999,2.9250000000000003
8.4250000000000007,18.324999999999999,2.9750000000000001
8.4250000000000007,18.324999999999999,3.0250000000000004
8.4250000000000007,18.324999999999999,3.0750000000000002
8.4250000000000007,18.324999999999999,3.125
8.4250000000000007,18.375,1.925
8.4250000000000007,18.375,1.9750000000000001
8.4250000000000007,18.375,2.0249999999999999
8.4250000000000007,18.375,2.0750000000000002
8.4250000000000007,18.375,2.125
8.4250000000000007,18.375,2.1750000000000003
8.4250000000000007,18.375,2.2250000000000001
8.4250000000000007,18.375,2.2749999999999999
8.4250000000000007,18.375,2.3250000000000002
8.4250000000000007,18.375,2.375
8.4250000000000007,18.375,2.4250000000000003
8.4250000000000007,18.375,2.4750000000000001
8.4250000000000007,18.375,2.5250000000000004
8.4250000000000007,18.375,2.5750000000000002
8.4250000000000007,18.375,2.625
8.4250000000000007,18.375,2.6750000000000003
8.4250000000000007,18.375,2.7250000000000001
8.4250000000000007,18.375,2.7750000000000004
8.4250000000000007,18.375,2.8250000000000002
8.4250000000000007,18.375,2.875
8.4250000000000007,18.375,2.9250000000000003
8.4250000000000007,18.375,2.9750000000000001
8.4250000000000007,18.375,3.0250000000000004
8.4250000000000007,18.375,3.0750000000000002
8.4250000000000007,18.375,3.125
8.4749999999999996,18.275000000000002,2.1750000000000003
8.4749999999999996,18.275000000000002,2.2749999999999999
8.4749999999999996,18.275000000000002,2.375
8.4749999999999996,18.275000000000002,2.4750000000000001
8.4749999999999996,18.275000000000002,2.5250000000000004
8.4749999999999996,18.275000000000002,2.5750000000000002
8.4749999999999996,18.275000000000002,2.625
8.4749999999999996,18.275000000000002,2.6750000000000003
8.4749999999999996,18.275000000000002,2.7250000000000001
8.4749999999999996,18.275000000000002,2.7750000000000004
8.4749999999999996,18.275000000000002,2.8250000000000002
8.4749999999999996,18.275000000000002,2.9250000000000003
8.4749999999999996,18.275000000000002,3.0250000000000004
8.4749999999999996,18.324999999999999,1.925
8.4749999999999996,18.324999999999999,1.9750000000000001
8.4749999999999996,18.324999999999999,2.0249999999999999
8.4749999999999996,18.324999999999999,2.0750000000000002
8.4749999999999996,18.324999999999999,2.125
8.4749999999999996,18.324999999999999,2.1750000000000003
8.4749999999999996,18.324999999999999,2.2250000000000001
8.4749999999999996,18.324999999999999,2.2749999999999999
8.4749999999999996,18.324999999999999,2.3250000000000002
8.4749999999999996,18.324999999999999,2.375
8.4749999999999996,18.324999999999999,2.4250000000000003
8.4749999999999996,18.324999999999999,2.4750000000000001
8.4749999999999996,18.324999999999999,2.5250000000000004
8.4749999999999996,18.324999999999999,2.5750000000000002
8.4749999999999996,18.324999999999999,2.625
8.4749999999999996,18.324999999999999,2.6750000000000003
8.4749999999999996,18.324999999999999,2.7250000000000001
8.4749999999999996,18.324999999999999,2.7750000000000004
8.4749999999999996,18.324999999999999,2.8250000000000002
8.4749999999999996,18.324999999999999,2.875
8.4749999999999996,18.324999999999999,2.9250000000000003
8.4749999999999996,18.324999999999999,2.9750000000000001
8.4749999999999996,18.324999999999999,3.0250000000000004
8.4749999999999996,18.324999999999999,3.0750000000000002
8.4749999999999996,18.324999999999999,3.125
8.4749999999999996,18.375,1.925
8.4749999999999996,18.375,1.9750000000000001
8.4749999999999996,18.375,2.0249999999999999
8.4749999999999996,18.375,2.0750000000000002
8.4749999999999996,18.375,2.125
8.4749999999999996,18.375,2.1750000000000003
8.4749999999999996,18.375,2.2250000000000001
8.4749999999999996,18.375,2.2749999999999999
8.4749999999999996,18.375,2.3250000000000002
8.4749999999999996,18.375,2.375
8.4749999999999996,18.375,2.4250000000000003
8.4749999999999996,18.375,2.4750000000000001
8.4749999999999996,18.375,2.5250000000000004
8.4749999999999996,18.375,2.5750000000000002
8.4749999999999996,18.375,2.625
8.4749999999999996,18.375,2.6750000000000003
8.4749999999999996,18.375,2.7250000000000001
8.4749999999999996,18.375,2.7750000000000004
8.4749999999999996,18.375,2.8250000000000002
8.4749999999999996,18.375,2.875
8.4749999999999996,18.375,2.9250000000000003
8.4749999999999996,18.375,2.9750000000000001
8.4749999999999996,18.375,3.0250000000000004
8.4749999999999996,18.375,3.0750000000000002
8.4749999999999996,18.375,3.125
8.4749999999999996,18.425000000000001,1.925
8.4749999999999996,18.425000000000001,2.0249999999999999
8.4749999999999996,18.425000000000001,2.2250000000000001
8.4749999999999996,18.425000000000001,2.3250000000000002
8.4749999999999996,18.425000000000001,3.0750000000000002
8.5250000000000004,18.324999999999999,1.9750000000000001
8.5250000000000004,18.324999999999999,2.0750000000000002
8.5250000000000004,18.324999999999999,2.1750000000000003
8.5250000000000004,18.324999999999999,2.2250000000000001
8.5250000000000004,18.324999999999999,2.2749999999999999
8.5250000000000004,18.324999999999999,2.3250000000000002
8.5250000000000004,18.324999999999999,2.375
8.5250000000000004,18.324999999999999,2.4250000000000003
8.5250000000000004,18.324999999999999,2.4750000000000001
8.5250000000000004,18.324999999999999,2.5250000000000004
8.5250000000000004,18.324999999999999,2.5750000000000002
8.5250000000000004,18.324999999999999,2.625
8.5250000000000004,18.324999999999999,2.6750000000000003
8.5250000000000004,18.324999999999999,2.7250000000000001
8.5250000000000004,18.324999999999999,2.7750000000000004
8.5250000000000004,18.324999999999999,2.8250000000000002
8.5250000000000004,18.324999999999999,2.875
8.5250000000000004,18.324999999999999,2.9250000000000003
8.5250000000000004,18.324999999999999,2.9750000000000001
8.5250000000000004,18.324999999999999,3.0250000000000004
8.5250000000000004,18.324999999999999,3.0750000000000002
8.5250000000000004,18.324999999999999,3.125
8.5250000000000004,18.375,1.925
8.5250000000000004,18.375,1.9750000000000001
8.5250000000000004,18.375,2.0249999999999999
8.5250000000000004,18.375,2.0750000000000002
8.5250000000000004,18.375,2.125
8.5250000000000004,18.375,2.1750000000000003
8.5250000000000004,18.375,2.2250000000000001
8.5250000000000004,18.375,2.2749999999999999
8.5250000000000004,18.375,2.3250000000000002
8.5250000000000004,18.375,2.375
8.5250000000000004,18.375,2.4250000000000003
8.5250000000000004,18.375,2.4750000000000001
8.5250000000000004,18.375,2.5250000000000004
8.5250000000000004,18.375,2.5750000000000002
8.5250000000000004,18.375,2.625
8.5250000000000004,18.375,2.6750000000000003
8.5250000000000004,18.375,2.7250000000000001
8.5250000000000004,18.375,2.7750000000000004
8.5250000000000004,18.375,2.8250000000000002
8.5250000000000004,18.375,2.875
8.5250000000000004,18.375,2.9250000000000003
8.5250000000000004,18.375,2.9750000000000001
8.5250000000000004,18.375,3.0250000000000004
8.5250000000000004,18.375,3.0750000000000002
8.5250000000000004,18.375,3.125
8.5250000000000004,18.425000000000001,1.925
8.5250000000000004,18.425000000000001,1.9750000000000001
8.5250000000000004,18.425000000000001,2.0249999999999999
8.5250000000000004,18.425000000000001,2.0750000000000002
8.5250000000000004,18.425000000000001,2.125
8.5250000000000004,18.425000000000001,2.1750000000000003
8.5250000000000004,18.425000000000001,2.2250000000000001
8.5250000000000004,18.425000000000001,2.2749999999999999
8.5250000000000004,18.425000000000001,2.3250000000000002
8.5250000000000004,18.425000000000001,2.9750000000000001
8.5250000000000004,18.425000000000001,3.0750000000000002
8.5250000000000004,18.425000000000001,3.125
7.2250000000000005,18.324999999999999,3.0250000000000004
7.2250000000000005,18.324999999999999,3.125
7.2750000000000004,18.324999999999999,1.9750000000000001
7.2750000000000004,18.324999999999999,2.0249999999999999
7.2750000000000004,18.324999999999999,2.125
7.2750000000000004,18.324999999999999,2.1750000000000003
7.2750000000000004,18.324999999999999,2.2749999999999999
7.2750000000000004,18.324999999999999,2.5750000000000002
7.2750000000000004,18.324999999999999,2.8250000000000002
7.2750000000000004,18.324999999999999,2.875
7.2750000000000004,18.324999999999999,2.9250000000000003
7.2750000000000004,18.324999999999999,3.0250000000000004
7.2750000000000004,18.375,3.0250000000000004
7.2750000000000004,18.375,3.125
7.3250000000000002,18.324999999999999,1.925
7.3250000000000002,18.324999999999999,2.125
7.3250000000000002,18.324999999999999,2.2749999999999999
7.3250000000000002,18.324999999999999,2.625
7.3250000000000002,18.324999999999999,2.8250000000000002
7.3250000000000002,18.375,1.925
7.3250000000000002,18.375,1.9750000000000001
7.3250000000000002,18.375,2.0249999999999999
7.3250000000000002,18.375,2.0750000000000002
7.3250000000000002,18.375,2.125
7.3250000000000002,18.375,2.1750000000000003
7.3250000000000002,18.375,2.2250000000000001
7.3250000000000002,18.375,2.2749999999999999
7.3250000000000002,18.375,2.3250000000000002
7.3250000000000002,18.375,2.375
7.3250000000000002,18.375,2.4250000000000003
7.3250000000000002,18.375,2.4750000000000001
7.3250000000000002,18.375,2.5250000000000004
7.3250000000000002,18.375,2.5750000000000002
7.3250000000000002,18.375,2.625
7.3250000000000002,18.375,2.6750000000000003
7.3250000000000002,18.375,2.7250000000000001
7.3250000000000002,18.375,2.7750000000000004
7.3250000000000002,18.375,2.8250000000000002
7.3250000000000002,18.375,2.875
7.3250000000000002,18.375,2.9250000000000003
7.3250000000000002,18.375,2.9750000000000001
7.3250000000000002,18.375,3.0250000000000004
7.3250000000000002,18.375,3.0750000000000002
7.3250000000000002,18.375,3.125
7.3250000000000002,18.425000000000001,3.0250000000000004
7.375,18.375,1.925
7.375,18.375,1.9750000000000001
7.375,18.375,2.0249999999999999
7.375,18.375,2.0750000000000002
7.375,18.375,2.125
7.375,18.375,2.1750000000000003
7.375,18.375,2.2250000000000001
7.375,18.375,2.2749999999999999
7.375,18.375,2.3250000000000002
7.375,18.375,2.375
7.375,18.375,2.4250000000000003
7.375,18.375,2.4750000000000001
7.375,18.375,2.5250000000000004
7.375,18.375,2.5750000000000002
7.375,18.375,2.625
7.375,18.375,2.6750000000000003
7.375,18.375,2.7250000000000001
7.375,18.375,2.7750000000000004
7.375,18.375,2.8250000000000002
7.375,18.375,2.875
7.375,18.375,2.9250000000000003
7.375,18.375,2.9750000000000001
7.375,18.375,3.0250000000000004
7.375,18.375,3.0750000000000002
7.375,18.375,3.125
7.375,18.425000000000001,1.925
7.375,18.425000000000001,1.9750000000000001
7.375,18.425000000000001,2.0249999999999999
7.375,18.425000000000001,2.0750000000000002
7.375,18.425000000000001,2.125
7.375,18.425000000000001,2.1750000000000003
7.375,18.425000000000001,2.2250000000000001
7.375,18.425000000000001,2.2749999999999999
7.375,18.425000000000001,2.3250000000000002
7.375,18.425000000000001,2.375
7.375,18.425000000000001,2.4250000000000003
7.375,18.425000000000001,2.4750000000000001
7.375,18.425000000000001,2.5250000000000004
7.375,18.425000000000001,2.5750000000000002
7.375,18.425000000000001,2.625
7.375,18.425000000000001,2.6750000000000003
7.375,18.425000000000001,2.7250000000000001
7.375,18.425000000000001,2.7750000000000004
7.375,18.425000000000001,2.8250000000000002
7.375,18.425000000000001,2.875
7.375,18.425000000000001,2.9250000000000003
7.375,18.425000000000001,2.9750000000000001
7.375,18.425000000000001,3.0250000000000004
7.375,18.425000000000001,3.0750000000000002
7.375,18.425000000000001,3.125
7.4250000000000007,18.425000000000001,1.925
7.4250000000000007,18.425000000000001,1.9750000000000001
7.4250000000000007,18.425000000000001,2.0249999999999999
7.4250000000000007,18.425000000000001,2.0750000000000002
7.4250000000000007,18.425000000000001,2.125
7.4250000000000007,18.425000000000001,2.1750000000000003
7.4250000000000007,18.425000000000001,2.2250000000000001
7.4250000000000007,18.425000000000001,2.2749999999999999
7.4250000000000007,18.425000000000001,2.3250000000000002
7.4250000000000007,18.425000000000001,2.375
7.4250000000000007,18.425000000000001,2.4250000000000003
7.4250000000000007,18.425000000000001,2.4750000000000001
7.4250000000000007,18.425000000000001,2.5250000000000004
7.4250000000000007,18.425000000000001,2.5750000000000002
7.4250000000000007,18.425000000000001,2.625
7.4250000000000007,18.425000000000001,2.6750000000000003
7.4250000000000007,18.425000000000001,2.7250000000000001
7.4250000000000007,18.425000000000001,2.7750000000000004
7.4250000000000007,18.425000000000001,2.8250000000000002
7.4250000000000007,18.425000000000001,2.875
7.4250000000000007,18.425000000000001,2.9250000000000003
7.4250000000000007,18.425000000000001,2.9750000000000001
7.4250000000000007,18.425000000000001,3.0250000000000004
7.4250000000000007,18.425000000000001,3.0750000000000002
7.4250000000000007,18.425000000000001,3.125
7.4250000000000007,18.475000000000001,1.925
7.4250000000000007,18.475000000000001,1.9750000000000001
7.4250000000000007,18.475000000000001,2.0249999999999999
7.4250000000000007,18.475000000000001,2.0750000000000002
7.4250000000000007,18.475000000000001,2.125
7.4250000000000007,18.475000000000001,2.1750000000000003
7.4250000000000007,18.475000000000001,2.2250000000000001
7.4250000000000007,18.475000000000001,2.2749999999999999
7.4250000000000007,18.475000000000001,2.3250000000000002
7.4250000000000007,18.475000000000001,2.375
7.4250000000000007,18.475000000000001,2.4250000000000003
7.4250000000000007,18.475000000000001,2.4750000000000001
7.4250000000000007,18.475000000000001,2.5250000000000004
7.4250000000000007,18.475000000000001,2.5750000000000002
7.4250000000000007,18.475000000000001,2.625
7.4250000000000007,18.475000000000001,2.6750000000000003
7.4250000000000007,18.475000000000001,2.7250000000000001
7.4250000000000007,18.475000000000001,2.7750000000000004
7.4250000000000007,18.475000000000001,2.8250000000000002
7.4250000000000007,18.475000000000001,2.875
7.4250000000000007,18.475000000000001,2.9250000000000003
7.4250000000000007,18.475000000000001,2.9750000000000001
7.4250000000000007,18.475000000000001,3.0250000000000004
7.4250000000000007,18.475000000000001,3.0750000000000002
7.4250000000000007,18.475000000000001,3.125
7.4250000000000007,18.525000000000002,1.925
7.4250000000000007,18.525000000000002,1.9750000000000001
7.4750000000000005,18.425000000000001,1.925
7.4750000000000005,18.425000000000001,1.9750000000000001
7.4750000000000005,18.425000000000001,2.0249999999999999
7.4750000000000005,18.425000000000001,2.0750000000000002
7.4750000000000005,18.425000000000001,2.1750000000000003
7.4750000000000005,18.425000000000001,2.2250000000000001
7.4750000000000005,18.425000000000001,2.3250000000000002
7.4750000000000005,18.425000000000001,2.4750000000000001
7.4750000000000005,18.425000000000001,2.5750000000000002
7.4750000000000005,18.425000000000001,2.6750000000000003
7.4750000000000005,18.425000000000001,3.0750000000000002
7.4750000000000005,18.475000000000001,1.925
7.4750000000000005,18.475000000000001,1.9750000000000001
7.4750000000000005,18.475000000000001,2.0249999999999999
7.4750000000000005,18.475000000000001,2.0750000000000002
7.4750000000000005,18.475000000000001,2.125
7.4750000000000005,18.475000000000001,2.1750000000000003
7.4750000000000005,18.475000000000001,2.2250000000000001
7.4750000000000005,18.475000000000001,2.2749999999999999
7.4750000000000005,18.475000000000001,2.3250000000000002
7.4750000000000005,18.475000000000001,2.375
7.4750000000000005,18.475000000000001,2.4250000000000003
7.4750000000000005,18.475000000000001,2.4750000000000001
7.4750000000000005,18.475000000000001,2.5250000000000004
7.4750000000000005,18.475000000000001,2.5750000000000002
7.4750000000000005,18.475000000000001,2.625
7.4750000000000005,18.475000000000001,2.6750000000000003
7.4750000000000005,18.475000000000001,2.7250000000000001
7.4750000000000005,18.475000000000001,2.7750000000000004
7.4750000000000005,18.475000000000001,2.8250000000000002
7.4750000000000005,18.475000000000001,2.875
7.4750000000000005,18.475000000000001,2.9250000000000003
7.4750000000000005,18.475000000000001,2.9750000000000001
7.4750000000000005,18.475000000000001,3.0250000000000004
7.4750000000000005,18.475000000000001,3.0750000000000002
7.4750000000000005,18.475000000000001,3.125
7.4750000000000005,18.525000000000002,1.925
7.4750000000000005,18.525000000000002,1.9750000000000001
7.4750000000000005,18.525000000000002,2.0249999999999999
7.4750000000000005,18.525000000000002,2.0750000000000002
7.4750000000000005,18.525000000000002,2.125
7.4750000000000005,18.525000000000002,2.1750000000000003
7.4750000000000005,18.525000000000002,2.2250000000000001
7.4750000000000005,18.525000000000002,2.2749999999999999
7.4750000000000005,18.525000000000002,2.3250000000000002
7.4750000000000005,18.525000000000002,2.375
7.4750000000000005,18.525000000000002,2.4250000000000003
7.4750000000000005,18.525000000000002,2.4750000000000001
7.4750000000000005,18.525000000000002,2.5250000000000004
7.4750000000000005,18.525000000000002,2.5750000000000002
7.4750000000000005,18.525000000000002,2.625
7.4750000000000005,18.525000000000002,2.6750000000000003
7.4750000000000005,18.525000000000002,2.7250000000000001
7.4750000000000005,18.525000000000002,2.7750000000000004
7.4750000000000005,18.525000000000002,2.8250000000000002
7.4750000000000005,18.525000000000002,2.875
7.4750000000000005,18.525000000000002,2.9250000000000003
7.4750000000000005,18.525000000000002,2.9750000000000001
7.4750000000000005,18.525000000000002,3.0250000000000004
7.4750000000000005,18.525000000000002,3.0750000000000002
7.4750000000000005,18.525000000000002,3.125
7.5250000000000004,18.475000000000001,2.7750000000000004
7.5250000000000004,18.475000000000001,2.8250000000000002
7.5250000000000004,18.475000000000001,2.875
7.5250000000000004,18.475000000000001,2.9250000000000003
7.5250000000000004,18.475000000000001,2.9750000000000001
7.5250000000000004,18.475000000000001,3.0250000000000004
7.5250000000000004,18.475000000000001,3.0750000000000002
7.5250000000000004,18.475000000000001,3.125
7.5250000000000004,18.525000000000002,1.925
7.5250000000000004,18.525000000000002,1.9750000000000001
7.5250000000000004,18.525000000000002,2.0249999999999999
7.5250000000000004,18.525000000000002,2.0750000000000002
7.5250000000000004,18.525000000000002,2.125
7.5250000000000004,18.525000000000002,2.1750000000000003
7.5250000000000004,18.525000000000002,2.2250000000000001
7.5250000000000004,18.525000000000002,2.2749999999999999
7.5250000000000004,18.525000000000002,2.3250000000000002
7.5250000000000004,18.525000000000002,2.375
7.5250000000000004,18.525000000000002,2.4250000000000003
7.5250000000000004,18.525000000000002,2.4750000000000001
7.5250000000000004,18.525000000000002,2.5250000000000004
7.5250000000000004,18.525000000000002,2.5750000000000002
7.5250000000000004,18.525000000000002,2.625
7.5250000000000004,18.525000000000002,2.6750000000000003
7.5250000000000004,18.525000000000002,2.7250000000000001
7.5250000000000004,18.525000000000002,2.7750000000000004
7.5250000000000004,18.525000000000002,2.8250000000000002
7.5250000000000004,18.525000000000002,2.875
7.5250000000000004,18.525000000000002,2.9250000000000003
7.5250000000000004,18.525000000000002,2.9750000000000001
7.5250000000000004,18.525000000000002,3.0250000000000004
7.5250000000000004,18.525000000000002,3.0750000000000002
7.5250000000000004,18.525000000000002,3.125
8.0750000000000011,17.824999999999999,2.4250000000000003
8.0750000000000011,17.824999999999999,2.9250000000000003
8.0750000000000011,17.875,2.5250000000000004
8.125,17.775000000000002,3.0250000000000004
8.125,17.775000000000002,3.0750000000000002
8.125,17.824999999999999,1.925
8.125,17.824999999999999,1.9750000000000001
8.125,17.824999999999999,2.0750000000000002
8.125,17.824999999999999,2.1750000000000003
8.125,17.824999999999999,2.2749999999999999
8.125,17.824999999999999,2.375
8.125,17.824999999999999,2.4250000000000003
8.125,17.824999999999999,2.4750000000000001
8.125,17.824999999999999,2.5250000000000004
8.125,17.824999999999999,2.5750000000000002
8.125,17.824999999999999,2.625
8.125,17.824999999999999,2.6750000000000003
8.125,17.824999999999999,2.7250000000000001
8.125,17.824999999999999,2.7750000000000004
8.125,17.824999999999999,2.8250000000000002
8.125,17.824999999999999,2.875
8.125,17.824999999999999,2.9250000000000003
8.125,17.824999999999999,2.9750000000000001
8.125,17.824999999999999,3.0250000000000004
8.125,17.824999999999999,3.125
8.125,17.875,1.9750000000000001
8.125,17.875,2.0249999999999999
8.125,17.875,2.0750000000000002
8.125,17.875,2.125
8.125,17.875,2.1750000000000003
8.125,17.875,2.2250000000000001
8.125,17.875,2.2749999999999999
8.125,17.875,2.3250000000000002
8.125,17.875,2.375
8.125,17.875,2.4250000000000003
8.125,17.875,2.4750000000000001
8.125,17.875,2.5250000000000004
8.125,17.875,2.5750000000000002
8.125,17.875,2.625
8.125,17.875,2.6750000000000003
8.125,17.875,2.7250000000000001
8.125,17.875,2.8250000000000002
8.125,17.875,2.875
8.125,17.875,2.9250000000000003
8.125,17.875,2.9750000000000001
8.125,17.875,3.0250000000000004
8.125,17.875,3.0750000000000002
8.125,17.875,3.125
8.125,17.925000000000001,1.925
8.125,17.925000000000001,1.9750000000000001
8.125,17.925000000000001,2.0249999999999999
8.125,17.925000000000001,2.0750000000000002
8.125,17.925000000000001,2.125
8.125,17.925000000000001,2.1750000000000003
8.125,17.925000000000001,2.2250000000000001
8.125,17.925000000000001,2.2749999999999999
8.125,17.925000000000001,2.3250000000000002
8.125,17.925000000000001,2.375
8.125,17.925000000000001,2.4250000000000003
8.125,17.925000000000001,2.4750000000000001
8.125,17.925000000000001,2.5250000000000004
8.125,17.925000000000001,2.5750000000000002
8.125,17.925000000000001,2.625
8.125,17.925000000000001,2.6750000000000003
8.125,17.925000000000001,2.7250000000000001
8.125,17.925000000000001,2.7750000000000004
8.125,17.925000000000001,2.8250000000000002
8.125,17.925000000000001,2.875
8.125,17.925000000000001,2.9250000000000003
8.125,17.925000000000001,2.9750000000000001
8.125,17.925000000000001,3.0250000000000004
8.125,17.925000000000001,3.0750000000000002
8.125,17.925000000000001,3.125
8.125,17.975000000000001,1.925
8.125,17.975000000000001,1.9750000000000001
8.125,17.975000000000001,2.0249999999999999
8.125,17.975000000000001,2.0750000000000002
8.125,17.975000000000001,2.125
8.125,17.975000000000001,2.1750000000000003
8.125,17.975000000000001,2.2250000000000001
8.125,17.975000000000001,2.2749999999999999
8.125,17.975000000000001,2.3250000000000002
8.125,17.975000000000001,2.375
8.125,17.975000000000001,2.4250000000000003
8.125,17.975000000000001,2.4750000000000001
8.125,17.975000000000001,2.5250000000000004
8.125,17.975000000000001,2.5750000000000002
8.125,17.975000000000001,2.625
8.125,17.975000000000001,2.6750000000000003
8.125,17.975000000000001,2.7250000000000001
8.125,17.975000000000001,2.7750000000000004
8.125,17.975000000000001,2.8250000000000002
8.125,17.975000000000001,2.875
8.125,17.975000000000001,2.9250000000000003
8.125,17.975000000000001,2.9750000000000001
8.125,17.975000000000001,3.0250000000000004
8.125,17.975000000000001,3.0750000000000002
8.125,17.975000000000001,3.125
8.125,18.025000000000002,1.925
8.125,18.025000000000002,1.9750000000000001
8.125,18.025000000000002,2.0249999999999999
8.125,18.025000000000002,2.0750000000000002
8.125,18.025000000000002,2.125
8.125,18.025000000000002,2.1750000000000003
8.125,18.025000000000002,2.2250000000000001
8.125,18.025000000000002,2.2749999999999999
8.125,18.025000000000002,2.3250000000000002
8.125,18.025000000000002,2.375
8.125,18.025000000000002,2.4250000000000003
8.125,18.025000000000002,2.4750000000000001
8.125,18.025000000000002,2.5250000000000004
8.125,18.025000000000002,2.5750000000000002
8.125,18.025000000000002,2.625
8.125,18.025000000000002,2.6750000000000003
8.125,18.025000000000002,2.7250000000000001
8.125,18.025000000000002,2.7750000000000004
8.125,18.025000000000002,2.8250000000000002
8.125,18.025000000000002,2.875
8.125,18.025000000000002,2.9250000000000003
8.125,18.025000000000002,2.9750000000000001
8.125,18.025000000000002,3.0250000000000004
8.125,18.025000000000002,3.0750000000000002
8.125,18.025000000000002,3.125
8.125,18.074999999999999,1.925
8.125,18.074999999999999,1.9750000000000001
8.125,18.074999999999999,2.0249999999999999
8.125,18.074999999999999,2.0750000000000002
8.125,18.074999999999999,2.125
8.125,18.074999999999999,2.1750000000000003
8.125,18.074999999999999,2.2250000000000001
8.125,18.074999999999999,2.2749999999999999
8.125,18.074999999999999,2.3250000000000002
8.125,18.074999999999999,2.375
8.125,18.074999999999999,2.4250000000000003
8.125,18.074999999999999,2.625
8.125,18.074999999999999,2.6750000000000003
8.125,18.074999999999999,3.0750000000000002
8.125,18.125,2.1750000000000003
8.1750000000000007,17.975000000000001,1.9750000000000001
8.1750000000000007,17.975000000000001,2.0750000000000002
8.1750000000000007,17.975000000000001,2.1750000000000003
8.1750000000000007,17.975000000000001,2.2250000000000001
8.1750000000000007,17.975000000000001,2.2749999999999999
8.1750000000000007,17.975000000000001,2.3250000000000002
8.1750000000000007,17.975000000000001,2.375
8.1750000000000007,17.975000000000001,2.5250000000000004
8.1750000000000007,17.975000000000001,2.625
8.1750000000000007,17.975000000000001,2.7250000000000001
8.1750000000000007,17.975000000000001,2.8250000000000002
8.1750000000000007,17.975000000000001,2.9250000000000003
8.1750000000000007,17.975000000000001,2.9750000000000001
8.1750000000000007,17.975000000000001,3.0250000000000004
8.1750000000000007,17.975000000000001,3.0750000000000002
8.1750000000000007,17.975000000000001,3.125
8.1750000000000007,18.025000000000002,1.925
8.1750000000000007,18.025000000000002,1.9750000000000001
8.1750000000000007,18.025000000000002,2.0249999999999999
8.1750000000000007,18.025000000000002,2.0750000000000002
8.1750000000000007,18.025000000000002,2.125
8.1750000000000007,18.025000000000002,2.1750000000000003
8.1750000000000007,18.025000000000002,2.2250000000000001
8.1750000000000007,18.025000000000002,2.2749999999999999
8.1750000000000007,18.025000000000002,2.3250000000000002
8.1750000000000007,18.025000000000002,2.375
8.1750000000000007,18.025000000000002,2.4250000000000003
8.1750000000000007,18.025000000000002,2.4750000000000001
8.1750000000000007,18.025000000000002,2.5250000000000004
8.1750000000000007,18.025000000000002,2.5750000000000002
8.1750000000000007,18.025000000000002,2.625
8.1750000000000007,18.025000000000002,2.6750000000000003
8.1750000000000007,18.025000000000002,2.7250000000000001
8.1750000000000007,18.025000000000002,2.7750000000000004
8.1750000000000007,18.025000000000002,2.8250000000000002
8.1750000000000007,18.025000000000002,2.875
8.1750000000000007,18.025000000000002,2.9250000000000003
8.1750000000000007,18.025000000000002,2.9750000000000001
8.1750000000000007,18.025000000000002,3.0250000000000004
8.1750000000000007,18.025000000000002,3.0750000000000002
8.1750000000000007,18.025000000000002,3.125
8.1750000000000007,18.074999999999999,1.925
8.1750000000000007,18.074999999999999,1.9750000000000001
8.1750000000000007,18.074999999999999,2.0249999999999999
8.1750000000000007,18.074999999999999,2.0750000000000002
8.1750000000000007,18.074999999999999,2.125
8.1750000000000007,18.074999999999999,2.1750000000000003
8.1750000000000007,18.074999999999999,2.2250000000000001
8.1750000000000007,18.074999999999999,2.2749999999999999
8.1750000000000007,18.074999999999999,2.3250000000000002
8.1750000000000007,18.074999999999999,2.375
8.1750000000000007,18.074999999999999,2.4250000000000003
8.1750000000000007,18.074999999999999,2.4750000000000001
8.1750000000000007,18.074999999999999,2.5250000000000004
8.1750000000000007,18.074999999999999,2.5750000000000002
8.1750000000000007,18.074999999999999,2.625
8.1750000000000007,18.074999999999999,2.6750000000000003
8.1750000000000007,18.074999999999999,2.7250000000000001
8.1750000000000007,18.074999999999999,2.7750000000000004
8.1750000000000007,18.074999999999999,2.8250000000000002
8.1750000000000007,18.074999999999999,2.875
8.1750000000000007,18.074999999999999,2.9250000000000003
8.1750000000000007,18.074999999999999,2.9750000000000001
8.1750000000000007,18.074999999999999,3.0250000000000004
8.1750000000000007,18.074999999999999,3.0750000000000002
8.1750000000000007,18.074999999999999,3.125
8.1750000000000007,18.125,1.925
8.1750000000000007,18.125,1.9750000000000001
8.1750000000000007,18.125,2.0249999999999999
8.1750000000000007,18.125,2.0750000000000002
8.1750000000000007,18.125,2.125
8.1750000000000007,18.125,2.1750000000000003
8.1750000000000007,18.125,2.2250000000000001
8.1750000000000007,18.125,2.2749999999999999
8.1750000000000007,18.125,2.3250000000000002
8.1750000000000007,18.125,2.375
8.1750000000000007,18.125,2.4250000000000003
8.1750000000000007,18.125,2.4750000000000001
8.1750000000000007,18.125,2.5250000000000004
8.1750000000000007,18.125,2.5750000000000002
8.1750000000000007,18.125,2.625
8.1750000000000007,18.125,2.6750000000000003
8.1750000000000007,18.125,2.7250000000000001
8.1750000000000007,18.125,2.7750000000000004
8.1750000000000007,18.125,2.8250000000000002
8.1750000000000007,18.125,2.875
8.1750000000000007,18.125,2.9250000000000003
8.1750000000000007,18.125,2.9750000000000001
8.1750000000000007,18.125,3.0250000000000004
8.1750000000000007,18.125,3.0750000000000002
8.1750000000000007,18.125,3.125
8.1750000000000007,18.175000000000001,1.925
8.1750000000000007,18.175000000000001,1.9750000000000001
8.1750000000000007,18.175000000000001,2.0750000000000002
8.1750000000000007,18.175000000000001,2.2250000000000001
8.1750000000000007,18.175000000000001,2.2749999999999999
8.1750000000000007,18.175000000000001,2.3250000000000002
8.1750000000000007,18.175000000000001,2.375
8.1750000000000007,18.175000000000001,2.4250000000000003
8.1750000000000007,18.175000000000001,2.4750000000000001
8.1750000000000007,18.175000000000001,2.5250000000000004
8.1750000000000007,18.175000000000001,2.5750000000000002
8.1750000000000007,18.175000000000001,2.625
8.1750000000000007,18.175000000000001,2.6750000000000003
8.1750000000000007,18.175000000000001,2.7250000000000001
8.1750000000000007,18.175000000000001,2.7750000000000004
8.1750000000000007,18.175000000000001,2.8250000000000002
8.1750000000000007,18.175000000000001,2.875
8.1750000000000007,18.175000000000001,2.9250000000000003
8.1750000000000007,18.175000000000001,2.9750000000000001
8.1750000000000007,18.175000000000001,3.0250000000000004
8.1750000000000007,18.175000000000001,3.0750000000000002
8.2249999999999996,18.074999999999999,1.9750000000000001
8.2249999999999996,18.074999999999999,2.0750000000000002
8.2249999999999996,18.074999999999999,2.125
8.2249999999999996,18.074999999999999,2.1750000000000003
8.2249999999999996,18.074999999999999,2.2250000000000001
8.2249999999999996,18.074999999999999,2.2749999999999999
8.2249999999999996,18.074999999999999,2.375
8.2249999999999996,18.074999999999999,2.7250000000000001
8.2249999999999996,18.074999999999999,2.8250000000000002
8.2249999999999996,18.074999999999999,2.9250000000000003
8.2249999999999996,18.074999999999999,2.9750000000000001
8.2249999999999996,18.074999999999999,3.0250000000000004
8.2249999999999996,18.074999999999999,3.0750000000000002
8.2249999999999996,18.074999999999999,3.125
8.2249999999999996,18.125,1.925
8.2249999999999996,18.125,1.9750000000000001
8.2249999999999996,18.125,2.0249999999999999
8.2249999999999996,18.125,2.0750000000000002
8.2249999999999996,18.125,2.125
8.2249999999999996,18.125,2.1750000000000003
8.2249999999999996,18.125,2.2250000000000001
8.2249999999999996,18.125,2.2749999999999999
8.2249999999999996,18.125,2.3250000000000002
8.2249999999999996,18.125,2.375
8.2249999999999996,18.125,2.4250000000000003
8.2249999999999996,18.125,2.4750000000000001
8.2249999999999996,18.125,2.5250000000000004
8.2249999999999996,18.125,2.5750000000000002
8.2249999999999996,18.125,2.625
8.2249999999999996,18.125,2.6750000000000003
8.2249999999999996,18.125,2.7250000000000001
8.2249999999999996,18.125,2.7750000000000004
8.2249999999999996,18.125,2.8250000000000002
8.2249999999999996,18.125,2.875
8.2249999999999996,18.125,2.9250000000000003
8.2249999999999996,18.125,2.9750000000000001
8.2249999999999996,18.125,3.0250000000000004
8.2249999999999996,18.125,3.0750000000000002
8.2249999999999996,18.125,3.125
8.2249999999999996,18.175000000000001,1.925
8.2249999999999996,18.175000000000001,1.9750000000000001
8.2249999999999996,18.175000000000001,2.0249999999999999
8.2249999999999996,18.175000000000001,2.0750000000000002
8.2249999999999996,18.175000000000001,2.125
8.2249999999999996,18.175000000000001,2.1750000000000003
8.2249999999999996,18.175000000000001,2.2250000000000001
8.2249999999999996,18.175000000000001,2.2749999999999999
8.2249999999999996,18.175000000000001,2.3250000000000002
8.2249999999999996,18.175000000000001,2.375
8.2249999999999996,18.175000000000001,2.4250000000000003
8.2249999999999996,18.175000000000001,2.4750000000000001
8.2249999999999996,18.175000000000001,2.5250000000000004
8.2249999999999996,18.175000000000001,2.5750000000000002
8.2249999999999996,18.175000000000001,2.625
8.2249999999999996,18.175000000000001,2.6750000000000003
8.2249999999999996,18.175000000000001,2.7250000000000001
8.2249999999999996,18.175000000000001,2.7750000000000004
8.2249999999999996,18.175000000000001,2.8250000000000002
8.2249999999999996,18.175000000000001,2.875
8.2249999999999996,18.175000000000001,2.9250000000000003
8.2249999999999996,18.175000000000001,2.9750000000000001
8.2249999999999996,18.175000000000001,3.0250000000000004
8.2249999999999996,18.175000000000001,3.0750000000000002
8.2249999999999996,18.175000000000001,3.125
8.2249999999999996,18.225000000000001,1.925
8.2249999999999996,18.225000000000001,1.9750000000000001
8.2249999999999996,18.225000000000001,2.0249999999999999
8.2249999999999996,18.225000000000001,2.0750000000000002
8.2249999999999996,18.225000000000001,2.125
8.2249999999999996,18.225000000000001,2.1750000000000003
8.2249999999999996,18.225000000000001,2.2250000000000001
8.2249999999999996,18.225000000000001,2.2749999999999999
8.2249999999999996,18.225000000000001,2.3250000000000002
8.2249999999999996,18.225000000000001,2.375
8.2249999999999996,18.225000000000001,2.4250000000000003
8.2249999999999996,18.225000000000001,2.4750000000000001
8.2249999999999996,18.225000000000001,2.5250000000000004
8.2249999999999996,18.225000000000001,2.5750000000000002
8.2249999999999996,18.225000000000001,2.625
8.2249999999999996,18.225000000000001,2.6750000000000003
8.2249999999999996,18.225000000000001,2.7250000000000001
8.2249999999999996,18.225000000000001,2.7750000000000004
8.2249999999999996,18.225000000000001,2.8250000000000002
8.2249999999999996,18.225000000000001,2.875
8.2249999999999996,18.225000000000001,2.9250000000000003
8.2249999999999996,18.225000000000001,2.9750000000000001
8.2249999999999996,18.225000000000001,3.0250000000000004
8.2249999999999996,18.225000000000001,3.0750000000000002
8.2249999999999996,18.225000000000001,3.125
8.2249999999999996,18.275000000000002,2.6750000000000003
8.2249999999999996,18.275000000000002,2.7750000000000004
8.2249999999999996,18.275000000000002,2.875
8.2750000000000004,18.125,2.3250000000000002
8.2750000000000004,18.175000000000001,1.925
8.2750000000000004,18.175000000000001,1.9750000000000001
8.2750000000000004,18.175000000000001,2.0249999999999999
8.2750000000000004,18.175000000000001,2.0750000000000002
8.2750000000000004,18.175000000000001,2.125
8.2750000000000004,18.175000000000001,2.1750000000000003
8.2750000000000004,18.175000000000001,2.2250000000000001
8.2750000000000004,18.175000000000001,2.2749999999999999
8.2750000000000004,18.175000000000001,2.3250000000000002
8.2750000000000004,18.175000000000001,2.375
8.2750000000000004,18.175000000000001,2.4250000000000003
8.2750000000000004,18.175000000000001,2.4750000000000001
8.2750000000000004,18.175000000000001,2.5250000000000004
8.2750000000000004,18.175000000000001,2.5750000000000002
8.2750000000000004,18.175000000000001,2.625
8.2750000000000004,18.175000000000001,2.6750000000000003
8.2750000000000004,18.175000000000001,2.7250000000000001
8.2750000000000004,18.175000000000001,2.7750000000000004
8.2750000000000004,18.175000000000001,2.8250000000000002
8.2750000000000004,18.175000000000001,2.875
8.2750000000000004,18.175000000000001,2.9250000000000003
8.2750000000000004,18.175000000000001,2.9750000000000001
8.2750000000000004,18.175000000000001,3.0250000000000004
8.2750000000000004,18.175000000000001,3.0750000000000002
8.2750000000000004,18.175000000000001,3.125
8.2750000000000004,18.225000000000001,1.925
8.2750000000000004,18.225000000000001,1.9750000000000001
8.2750000000000004,18.225000000000001,2.0249999999999999
8.2750000000000004,18.225000000000001,2.0750000000000002
8.2750000000000004,18.225000000000001,2.125
8.2750000000000004,18.225000000000001,2.1750000000000003
8.2750000000000004,18.225000000000001,2.2250000000000001
8.2750000000000004,18.225000000000001,2.2749999999999999
8.2750000000000004,18.225000000000001,2.3250000000000002
8.2750000000000004,18.225000000000001,2.375
8.2750000000000004,18.225000000000001,2.4250000000000003
8.2750000000000004,18.225000000000001,2.4750000000000001
8.2750000000000004,18.225000000000001,2.5250000000000004
8.2750000000000004,18.225000000000001,2.5750000000000002
8.2750000000000004,18.225000000000001,2.625
8.2750000000000004,18.225000000000001,2.6750000000000003
8.2750000000000004,18.225000000000001,2.7250000000000001
8.2750000000000004,18.225000000000001,2.7750000000000004
8.2750000000000004,18.225000000000001,2.8250000000000002
8.2750000000000004,18.225000000000001,2.875
8.2750000000000004,18.225000000000001,2.9250000000000003
8.2750000000000004,18.225000000000001,2.9750000000000001
8.2750000000000004,18.225000000000001,3.0250000000000004
8.2750000000000004,18.225000000000001,3.0750000000000002
8.2750000000000004,18.225000000000001,3.125
8.2750000000000004,18.275000000000002,1.925
8.2750000000000004,18.275000000000002,1.9750000000000001
8.2750000000000004,18.275000000000002,2.0249999999999999
8.2750000000000004,18.275000000000002,2.0750000000000002
8.2750000000000004,18.275000000000002,2.125
8.2750000000000004,18.275000000000002,2.1750000000000003
8.2750000000000004,18.275000000000002,2.2250000000000001
8.2750000000000004,18.275000000000002,2.2749999999999999
8.2750000000000004,18.275000000000002,2.3250000000000002
8.2750000000000004,18.275000000000002,2.375
8.2750000000000004,18.275000000000002,2.4250000000000003
8.2750000000000004,18.275000000000002,2.4750000000000001
8.2750000000000004,18.275000000000002,2.5250000000000004
8.2750000000000004,18.275000000000002,2.5750000000000002
8.2750000000000004,18.275000000000002,2.625
8.2750000000000004,18.275000000000002,2.6750000000000003
8.2750000000000004,18.275000000000002,2.7250000000000001
8.2750000000000004,18.275000000000002,2.7750000000000004
8.2750000000000004,18.275000000000002,2.8250000000000002
8.2750000000000004,18.275000000000002,2.875
8.2750000000000004,18.275000000000002,2.9250000000000003
8.2750000000000004,18.275000000000002,2.9750000000000001
8.2750000000000004,18.275000000000002,3.0250000000000004
8.2750000000000004,18.275000000000002,3.0750000000000002
8.2750000000000004,18.275000000000002,3.125
8.2750000000000004,18.324999999999999,3.0750000000000002
8.3250000000000011,18.175000000000001,2.1750000000000003
8.3250000000000011,18.175000000000001,2.2749999999999999
8.3250000000000011,18.175000000000001,2.8250000000000002
8.3250000000000011,18.175000000000001,2.9250000000000003
8.3250000000000011,18.175000000000001,3.0250000000000004
8.3250000000000011,18.175000000000001,3.125
8.3250000000000011,18.225000000000001,1.925
8.3250000000000011,18.225000000000001,1.9750000000000001
8.3250000000000011,18.225000000000001,2.0249999999999999
8.3250000000000011,18.225000000000001,2.0750000000000002
8.3250000000000011,18.225000000000001,2.125
8.3250000000000011,18.225000000000001,2.1750000000000003
8.3250000000000011,18.225000000000001,2.2250000000000001
8.3250000000000011,18.225000000000001,2.2749999999999999
8.3250000000000011,18.225000000000001,2.3250000000000002
8.3250000000000011,18.225000000000001,2.375
8.3250000000000011,18.225000000000001,2.4250000000000003
8.3250000000000011,18.225000000000001,2.4750000000000001
8.3250000000000011,18.225000000000001,2.5250000000000004
8.3250000000000011,18.225000000000001,2.5750000000000002
8.3250000000000011,18.225000000000001,2.625
8.3250000000000011,18.225000000000001,2.6750000000000003
8.3250000000000011,18.225000000000001,2.7250000000000001
8.3250000000000011,18.225000000000001,2.7750000000000004
8.3250000000000011,18.225000000000001,2.8250000000000002
8.3250000000000011,18.225000000000001,2.875
8.3250000000000011,18.225000000000001,2.9250000000000003
8.3250000000000011,18.225000000000001,2.9750000000000001
8.3250000000000011,18.225000000000001,3.0250000000000004
8.3250000000000011,18.225000000000001,3.0750000000000002
8.3250000000000011,18.225000000000001,3.125
8.3250000000000011,18.275000000000002,1.925
8.3250000000000011,18.275000000000002,1.9750000000000001
8.3250000000000011,18.275000000000002,2.0249999999999999
8.3250000000000011,18.275000000000002,2.0750000000000002
8.3250000000000011,18.275000000000002,2.125
8.3250000000000011,18.275000000000002,2.1750000000000003
8.3250000000000011,18.275000000000002,2.2250000000000001
8.3250000000000011,18.275000000000002,2.2749999999999999
8.3250000000000011,18.275000000000002,2.3250000000000002
8.3250000000000011,18.275000000000002,2.375
8.3250000000000011,18.275000000000002,2.4250000000000003
8.3250000000000011,18.275000000000002,2.4750000000000001
8.3250000000000011,18.275000000000002,2.5250000000000004
8.3250000000000011,18.275000000000002,2.5750000000000002
8.3250000000000011,18.275000000000002,2.625
8.3250000000000011,18.275000000000002,2.6750000000000003
8.3250000000000011,18.275000000000002,2.7250000000000001
8.3250000000000011,18.275000000000002,2.7750000000000004
8.3250000000000011,18.275000000000002,2.8250000000000002
8.3250000000000011,18.275000000000002,2.875
8.3250000000000011,18.275000000000002,2.9250000000000003
8.3250000000000011,18.275000000000002,2.9750000000000001
8.3250000000000011,18.275000000000002,3.0250000000000004
8.3250000000000011,18.275000000000002,3.0750000000000002
8.3250000000000011,18.275000000000002,3.125
8.3250000000000011,18.324999999999999,1.925
8.3250000000000011,18.324999999999999,1.9750000000000001
8.3250000000000011,18.324999999999999,2.0249999999999999
8.3250000000000011,18.324999999999999,2.0750000000000002
8.3250000000000011,18.324999999999999,2.125
8.3250000000000011,18.324999999999999,2.1750000000000003
8.3250000000000011,18.324999999999999,2.2250000000000001
8.3250000000000011,18.324999999999999,2.2749999999999999
8.3250000000000011,18.324999999999999,2.3250000000000002
8.3250000000000011,18.324999999999999,2.375
8.3250000000000011,18.324999999999999,2.4250000000000003
8.3250000000000011,18.324999999999999,2.4750000000000001
8.3250000000000011,18.324999999999999,2.5250000000000004
8.3250000000000011,18.324999999999999,2.5750000000000002
8.3250000000000011,18.324999999999999,2.625
8.3250000000000011,18.324999999999999,2.6750000000000003
8.3250000000000011,18.324999999999999,2.7250000000000001
8.3250000000000011,18.324999999999999,2.7750000000000004
8.3250000000000011,18.324999999999999,2.8250000000000002
8.3250000000000011,18.324999999999999,2.875
8.3250000000000011,18.324999999999999,2.9250000000000003
8.3250000000000011,18.324999999999999,2.9750000000000001
8.3250000000000011,18.324999999999999,3.0250000000000004
8.3250000000000011,18.324999999999999,3.0750000000000002
8.3250000000000011,18.324999999999999,3.125
8.375,18.225000000000001,2.1750000000000003
8.375,18.225000000000001,2.2250000000000001
8.375,18.225000000000001,2.2749999999999999
8.375,18.225000000000001,2.375
8.375,18.225000000000001,2.4250000000000003
8.375,18.225000000000001,2.4750000000000001
8.375,18.225000000000001,2.5250000000000004
8.375,18.225000000000001,2.5750000000000002
8.375,18.225000000000001,2.625
8.375,18.225000000000001,2.6750000000000003
8.375,18.225000000000001,2.7250000000000001
8.375,18.225000000000001,2.7750000000000004
8.375,18.225000000000001,2.8250000000000002
8.375,18.225000000000001,2.875
8.375,18.225000000000001,2.9250000000000003
8.375,18.225000000000001,2.9750000000000001
8.375,18.225000000000001,3.0250000000000004
8.375,18.225000000000001,3.125
8.375,18.275000000000002,1.925
8.375,18.275000000000002,1.9750000000000001
8.375,18.275000000000002,2.0249999999999999
8.375,18.275000000000002,2.0750000000000002
8.375,18.275000000000002,2.125
8.375,18.275000000000002,2.1750000000000003
8.375,18.275000000000002,2.2250000000000001
8.375,18.275000000000002,2.2749999999999999
8.375,18.275000000000002,2.3250000000000002
8.375,18.275000000000002,2.375
8.375,18.275000000000002,2.4250000000000003
8.375,18.275000000000002,2.4750000000000001
8.375,18.275000000000002,2.5250000000000004
8.375,18.275000000000002,2.5750000000000002
8.375,18.275000000000002,2.625
8.375,18.275000000000002,2.6750000000000003
8.375,18.275000000000002,2.7250000000000001
8.375,18.275000000000002,2.7750000000000004
8.375,18.275000000000002,2.8250000000000002
8.375,18.275000000000002,2.875
8.375,18.275000000000002,2.9250000000000003
8.375,18.275000000000002,2.9750000000000001
8.375,18.275000000000002,3.0250000000000004
8.375,18.275000000000002,3.0750000000000002
8.375,18.275000000000002,3.125
8.375,18.324999999999999,1.925
8.375,18.324999999999999,1.9750000000000001
8.375,18.324999999999999,2.0249999999999999
8.375,18.324999999999999,2.0750000000000002
8.375,18.324999999999999,2.125
8.375,18.324999999999999,2.1750000000000003
8.375,18.324999999999999,2.2250000000000001
8.375,18.324999999999999,2.2749999999999999
8.375,18.324999999999999,2.3250000000000002
8.375,18.324999999999999,2.375
8.375,18.324999999999999,2.4250000000000003
8.375,18.324999999999999,2.4750000000000001
8.375,18.324999999999999,2.5250000000000004
8.375,18.324999999999999,2.5750000000000002
8.375,18.324999999999999,2.625
8.375,18.324999999999999,2.6750000000000003
8.375,18.324999999999999,2.7250000000000001
8.375,18.324999999999999,2.7750000000000004
8.375,18.324999999999999,2.8250000000000002
8.375,18.324999999999999,2.875
8.375,18.324999999999999,2.9250000000000003
8.375,18.324999999999999,2.9750000000000001
8.375,18.324999999999999,3.0250000000000004
8.375,18.324999999999999,3.0750000000000002
8.375,18.324999999999999,3.125
8.375,18.375,1.925
8.375,18.375,2.0249999999999999
8.375,18.375,2.2250000000000001
8.375,18.375,2.3250000000000002
8.375,18.375,2.4250000000000003
8.375,18.375,2.6750000000000003
8.375,18.375,2.7750000000000004
8.375,18.375,2.875
8.375,18.375,2.9750000000000001
8.375,18.375,3.0250000000000004
8.375,18.375,3.0750000000000002
8.375,18.375,3.125
8.4250000000000007,18.275000000000002,1.9750000000000001
8.4250000000000007,18.275000000000002,2.0750000000000002
8.4250000000000007,18.275000000000002,2.1750000000000003
8.4250000000000007,18.275000000000002,2.2250000000000001
8.4250000000000007,18.275000000000002,2.2749999999999999
8.4250000000000007,18.275000000000002,2.3250000000000002
8.4250000000000007,18.275000000000002,2.375
8.4250000000000007,18.275000000000002,2.4250000000000003
8.4250000000000007,18.275000000000002,2.4750000000000001
8.4250000000000007,18.275000000000002,2.5250000000000004
8.4250000000000007,18.275000000000002,2.5750000000000002
8.4250000000000007,18.275000000000002,2.625
8.4250000000000007,18.275000000000002,2.6750000000000003
8.4250000000000007,18.275000000000002,2.7250000000000001
8.4250000000000007,18.275000000000002,2.7750000000000004
8.4250000000000007,18.275000000000002,2.8250000000000002
8.4250000000000007,18.275000000000002,2.875
8.4250000000000007,18.275000000000002,2.9250000000000003
8.4250000000000007,18.275000000000002,2.9750000000000001
8.4250000000000007,18.275000000000002,3.0250000000000004
8.4250000000000007,18.275000000000002,3.0750000000000002
8.4250000000000007,18.275000000000002,3.125
8.4250000000000007,18.324999999999999,1.925
8.4250000000000007,18.324999999999999,1.9750000000000001
8.4250000000000007,18.324999999999999,2.0249999999999999
8.4250000000000007,18.324999999999999,2.0750000000000002
8.4250000000000007,18.324999999999999,2.125
8.4250000000000007,18.324999999999999,2.1750000000000003
8.4250000000000007,18.324999999999999,2.2250000000000001
8.4250000000000007,18.324999999999999,2.2749999999999999
8.4250000000000007,18.324999999999999,2.3250000000000002
8.4250000000000007,18.324999999999999,2.375
8.4250000000000007,18.324999999999999,2.4250000000000003
8.4250000000000007,18.324999999999999,2.4750000000000001
8.4250000000000007,18.324999999999999,2.5250000000000004
8.4250000000000007,18.324999999999999,2.5750000000000002
8.4250000000000007,18.324999999999999,2.625
8.4250000000000007,18.324999999999999,2.6750000000000003
8.4250000000000007,18.324999999999999,2.7250000000000001
8.4250000000000007,18.324999999999999,2.7750000000000004
8.4250000000000007,18.324999999999999,2.8250000000000002
8.4250000000000007,18.324999999999999,2.875
8.4250000000000007,18.324999999999999,2.9250000000000003
8.4250000000000007,18.324999999999999,2.9750000000000001
8.4250000000000007,18.324999999999999,3.0250000000000004
8.4250000000000007,18.324999999999999,3.0750000000000002
8.4250000000000007,18.324999999999999,3.125
8.4250000000000007,18.375,1.925
8.4250000000000007,18.375,1.9750000000000001
8.4250000000000007,18.375,2.0249999999999999
8.4250000000000007,18.375,2.0750000000000002
8.4250000000000007,18.375,2.125
8.4250000000000007,18.375,2.1750000000000003
8.4250000000000007,18.375,2.2250000000000001
8.4250000000000007,18.375,2.2749999999999999
8.4250000000000007,18.375,2.3250000000000002
8.4250000000000007,18.375,2.375
8.4250000000000007,18.375,2.4250000000000003
8.4250000000000007,18.375,2.4750000000000001
8.4250000000000007,18.375,2.5250000000000004
8.4250000000000007,18.375,2.5750000000000002
8.4250000000000007,18.375,2.625
8.4250000000000007,18.375,2.6750000000000003
8.4250000000000007,18.375,2.7250000000000001
8.4250000000000007,18.375,2.7750000000000004
8.4250000000000007,18.375,2.8250000000000002
8.4250000000000007,18.375,2.875
8.4250000000000007,18.375,2.9250000000000003
8.4250000000000007,18.375,2.9750000000000001
8.4250000000000007,18.375,3.0250000000000004
8.4250000000000007,18.375,3.0750000000000002
8.4250000000000007,18.375,3.125
8.4749999999999996,18.275000000000002,2.1750000000000003
8.4749999999999996,18.275000000000002,2.2749999999999999
8.4749999999999996,18.275000000000002,2.375
8.4749999999999996,18.275000000000002,2.4750000000000001
8.4749999999999996,18.275000000000002,2.5250000000000004
8.4749999999999996,18.275000000000002,2.5750000000000002
8.4749999999999996,18.275000000000002,2.625
8.4749999999999996,18.275000000000002,2.6750000000000003
8.4749999999999996,18.275000000000002,2.7250000000000001
8.4749999999999996,18.275000000000002,2.7750000000000004
8.4749999999999996,18.275000000000002,2.8250000000000002
8.4749999999999996,18.275000000000002,2.9250000000000003
8.4749999999999996,18.275000000000002,3.0250000000000004
8.4749999999999996,18.324999999999999,1.925
8.4749999999999996,18.324999999999999,1.9750000000000001
8.4749999999999996,18.324999999999999,2.0249999999999999
8.4749999999999996,18.324999999999999,2.0750000000000002
8.4749999999999996,18.324999999999999,2.125
8.4749999999999996,18.324999999999999,2.1750000000000003
8.4749999999999996,18.324999999999999,2.2250000000000001
8.4749999999999996,18.324999999999999,2.2749999999999999
8.4749999999999996,18.324999999999999,2.3250000000000002
8.4749999999999996,18.324999999999999,2.375
8.4749999999999996,18.324999999999999,2.4250000000000003
8.4749999999999996,18.324999999999999,2.4750000000000001
8.4749999999999996,18.324999999999999,2.5250000000000004
8.4749999999999996,18.324999999999999,2.5750000000000002
8.4749999999999996,18.324999999999999,2.625
8.4749999999999996,18.324999999999999,2.6750000000000003
8.4749999999999996,18.324999999999999,2.7250000000000001
8.4749999999999996,18.324999999999999,2.7750000000000004
8.4749999999999996,18.324999999999999,2.8250000000000002
8.4749999999999996,18.324999999999999,2.875
8.4749999999999996,18.324999999999999,2.9250000000000003
8.4749999999999996,18.324999999999999,2.9750000000000001
8.4749999999999996,18.324999999999999,3.0250000000000004
8.4749999999999996,18.324999999999999,3.0750000000000002
8.4749999999999996,18.324999999999999,3.125
8.4749999999999996,18.375,1.925
8.4749999999999996,18.375,1.9750000000000001
8.4749999999999996,18.375,2.0249999999999999
8.4749999999999996,18.375,2.0750000000000002
8.4749999999999996,18.375,2.125
8.4749999999999996,18.375,2.1750000000000003
8.4749999999999996,18.375,2.2250000000000001
8.4749999999999996,18.375,2.2749999999999999
8.4749999999999996,18.375,2.3250000000000002
8.4749999999999996,18.375,2.375
8.4749999999999996,18.375,2.4250000000000003
8.4749999999999996,18.375,2.4750000000000001
8.4749999999999996,18.375,2.5250000000000004
8.4749999999999996,18.375,2.5750000000000002
8.4749999999999996,18.375,2.625
8.4749999999999996,18.375,2.6750000000000003
8.4749999999999996,18.375,2.7250000000000001
8.4749999999999996,18.375,2.7750000000000004
8.4749999999999996,18.375,2.8250000000000002
8.4749999999999996,18.375,2.875
8.4749999999999996,18.375,2.9250000000000003
8.4749999999999996,18.375,2.9750000000000001
8.4749999999999996,18.375,3.0250000000000004
8.4749999999999996,18.375,3.0750000000000002
8.4749999999999996,18.375,3.125
8.4749999999999996,18.425000000000001,1.925
8.4749999999999996,18.425000000000001,2.0249999999999999
8.4749999999999996,18.425000000000001,2.2250000000000001
8.4749999999999996,18.425000000000001,2.3250000000000002
8.4749999999999996,18.425000000000001,3.0750000000000002
8.5250000000000004,18.324999999999999,1.9750000000000001
8.5250000000000004,18.324999999999999,2.0750000000000002
8.5250000000000004,18.324999999999999,2.1750000000000003
8.5250000000000004,18.324999999999999,2.2250000000000001
8.5250000000000004,18.324999999999999,2.2749999999999999
8.5250000000000004,18.324999999999999,2.3250000000000002
8.5250000000000004,18.324999999999999,2.375
8.5250000000000004,18.324999999999999,2.4250000000000003
8.5250000000000004,18.324999999999999,2.4750000000000001
8.5250000000000004,18.324999999999999,2.5250000000000004
8.5250000000000004,18.324999999999999,2.5750000000000002
8.5250000000000004,18.324999999999999,2.625
8.5250000000000004,18.324999999999999,2.6750000000000003
8.5250000000000004,18.324999999999999,2.7250000000000001
8.5250000000000004,18.324999999999999,2.7750000000000004
8.5250000000000004,18.324999999999999,2.8250000000000002
8.5250000000000004,18.324999999999999,2.875
8.5250000000000004,18.324999999999999,2.9250000000000003
8.5250000000000004,18.324999999999999,2.9750000000000001
8.5250000000000004,18.324999999999999,3.0250000000000004
8.5250000000000004,18.324999999999999,3.0750000000000002
8.5250000000000004,18.324999999999999,3.125
8.5250000000000004,18.375,1.925
8.5250000000000004,18.375,1.9750000000000001
8.5250000000000004,18.375,2.0249999999999999
8.5250000000000004,18.375,2.0750000000000002
8.5250000000000004,18.375,2.125
8.5250000000000004,18.375,2.1750000000000003
8.5250000000000004,18.375,2.2250000000000001
8.5250000000000004,18.375,2.2749999999999999
8.5250000000000004,18.375,2.3250000000000002
8.5250000000000004,18.375,2.375
8.5250000000000004,18.375,2.4250000000000003
8.5250000000000004,18.375,2.4750000000000001
8.5250000000000004,18.375,2.5250000000000004
8.5250000000000004,18.375,2.5750000000000002
8.5250000000000004,18.375,2.625
8.5250000000000004,18.375,2.6750000000000003
8.5250000000000004,18.375,2.7250000000000001
8.5250000000000004,18.375,2.7750000000000004
8.5250000000000004,18.375,2.8250000000000002
8.5250000000000004,18.375,2.875
8.5250000000000004,18.375,2.9250000000000003
8.5250000000000004,18.375,2.9750000000000001
8.5250000000000004,18.375,3.0250000000000004
8.5250000000000004,18.375,3.0750000000000002
8.5250000000000004,18.375,3.125
8.5250000000000004,18.425000000000001,1.925
8.5250000000000004,18.425000000000001,1.9750000000000001
8.5250000000000004,18.425000000000001,2.0249999999999999
8.5250000000000004,18.425000000000001,2.0750000000000002
8.5250000000000004,18.425000000000001,2.125
8.5250000000000004,18.425000000000001,2.1750000000000003
8.5250000000000004,18.425000000000001,2.2250000000000001
8.5250000000000004,18.425000000000001,2.2749999999999999
8.5250000000000004,18.425000000000001,2.3250000000000002
8.5250000000000004,18.425000000000001,2.9750000000000001
8.5250000000000004,18.425000000000001,3.0750000000000002
8.5250000000000004,18.425000000000001,3.125
8.5750000000000011,18.324999999999999,2.1750000000000003
8.5750000000000011,18.324999999999999,2.2749999999999999
8.5750000000000011,18.324999999999999,2.375
8.5750000000000011,18.324999999999999,2.4750000000000001
8.5750000000000011,18.324999999999999,2.5250000000000004
8.5750000000000011,18.324999999999999,2.5750000000000002
8.5750000000000011,18.324999999999999,2.625
8.5750000000000011,18.324999999999999,2.6750000000000003
8.5750000000000011,18.324999999999999,2.7250000000000001
8.5750000000000011,18.324999999999999,2.7750000000000004
8.5750000000000011,18.324999999999999,2.8250000000000002
8.5750000000000011,18.324999999999999,2.875
8.5750000000000011,18.324999999999999,2.9250000000000003
8.5750000000000011,18.324999999999999,3.0250000000000004
8.5750000000000011,18.324999999999999,3.125
8.5750000000000011,18.375,1.925
8.5750000000000011,18.375,1.9750000000000001
8.5750000000000011,18.375,2.0249999999999999
8.5750000000000011,18.375,2.0750000000000002
8.5750000000000011,18.375,2.125
8.5750000000000011,18.375,2.1750000000000003
8.5750000000000011,18.375,2.2250000000000001
8.5750000000000011,18.375,2.2749999999999999
8.5750000000000011,18.375,2.3250000000000002
8.5750000000000011,18.375,2.375
8.5750000000000011,18.375,2.4250000000000003
8.5750000000000011,18.375,2.4750000000000001
8.5750000000000011,18.375,2.5250000000000004
8.5750000000000011,18.375,2.5750000000000002
8.5750000000000011,18.375,2.625
8.5750000000000011,18.375,2.6750000000000003
8.5750000000000011,18.375,2.7250000000000001
8.5750000000000011,18.375,2.7750000000000004
8.5750000000000011,18.375,2.8250000000000002
8.5750000000000011,18.375,2.875
8.5750000000000011,18.375,2.9250000000000003
8.5750000000000011,18.375,2.9750000000000001
8.5750000000000011,18.375,3.0250000000000004
8.5750000000000011,18.375,3.0750000000000002
8.5750000000000011,18.375,3.125
8.5750000000000011,18.425000000000001,1.925
8.5750000000000011,18.425000000000001,1.9750000000000001
8.5750000000000011,18.425000000000001,2.0249999999999999
8.5750000000000011,18.425000000000001,2.0750000000000002
8.5750000000000011,18.425000000000001,2.125
8.5750000000000011,18.425000000000001,2.1750000000000003
8.5750000000000011,18.425000000000001,2.2250000000000001
8.5750000000000011,18.425000000000001,2.2749999999999999
8.5750000000000011,18.425000000000001,2.3250000000000002
8.5750000000000011,18.425000000000001,2.375
8.5750000000000011,18.425000000000001,2.4250000000000003
8.5750000000000011,18.425000000000001,2.9750000000000001
8.5750000000000011,18.425000000000001,3.0750000000000002
8.5750000000000011,18.425000000000001,3.125
8.625,18.375,1.9750000000000001
8.625,18.375,2.0750000000000002
8.625,18.375,2.125
8.625,18.375,2.1750000000000003
8.625,18.375,2.2250000000000001
8.625,18.375,2.2749999999999999
8.625,18.375,2.3250000000000002
8.625,18.375,2.375
8.625,18.375,2.4250000000000003
8.625,18.375,2.4750000000000001
8.625,18.375,2.5250000000000004
8.625,18.375,2.5750000000000002
8.625,18.375,2.625
8.625,18.375,2.6750000000000003
8.625,18.375,2.7250000000000001
8.625,18.375,2.7750000000000004
8.625,18.375,2.8250000000000002
8.625,18.375,2.875
8.625,18.375,2.9250000000000003
8.625,18.375,2.9750000000000001
8.625,18.375,3.0250000000000004
8.625,18.375,3.0750000000000002
8.625,18.375,3.125
8.625,18.425000000000001,1.925
8.625,18.425000000000001,1.9750000000000001
8.625,18.425000000000001,2.0249999999999999
8.625,18.425000000000001,2.0750000000000002
8.625,18.425000000000001,2.125
8.625,18.425000000000001,2.1750000000000003
8.625,18.425000000000001,2.2250000000000001
8.625,18.425000000000001,2.2749999999999999
8.625,18.425000000000001,2.3250000000000002
8.625,18.425000000000001,2.375
8.625,18.425000000000001,2.4250000000000003
8.625,18.425000000000001,2.4750000000000001
8.625,18.425000000000001,2.5250000000000004
8.625,18.425000000000001,2.5750000000000002
8.625,18.425000000000001,2.625
8.625,18.425000000000001,2.6750000000000003
8.625,18.425000000000001,2.7250000000000001
8.625,18.425000000000001,2.7750000000000004
8.625,18.425000000000001,2.8250000000000002
8.625,18.425000000000001,2.875
8.625,18.425000000000001,2.9250000000000003
8.625,18.425000000000001,2.9750000000000001
8.625,18.425000000000001,3.0250000000000004
8.625,18.425000000000001,3.0750000000000002
8.625,18.425000000000001,3.125
8.6750000000000007,18.375,1.9750000000000001
8.6750000000000007,18.375,2.0750000000000002
8.6750000000000007,18.375,2.1750000000000003
8.6750000000000007,18.375,2.2250000000000001
8.6750000000000007,18.375,2.2749999999999999
8.6750000000000007,18.375,2.3250000000000002
8.6750000000000007,18.375,2.375
8.6750000000000007,18.375,2.4250000000000003
8.6750000000000007,18.375,2.4750000000000001
8.6750000000000007,18.375,2.5250000000000004
8.6750000000000007,18.375,2.5750000000000002
8.6750000000000007,18.375,2.625
8.6750000000000007,18.375,2.6750000000000003
8.6750000000000007,18.375,2.7250000000000001
8.6750000000000007,18.375,2.7750000000000004
8.6750000000000007,18.375,2.8250000000000002
8.6750000000000007,18.375,2.875
8.6750000000000007,18.375,2.9250000000000003
8.6750000000000007,18.375,2.9750000000000001
8.6750000000000007,18.375,3.0250000000000004
8.6750000000000007,18.375,3.0750000000000002
8.6750000000000007,18.375,3.125
8.6750000000000007,18.425000000000001,1.925
8.6750000000000007,18.425000000000001,1.9750000000000001
8.6750000000000007,18.425000000000001,2.0249999999999999
8.6750000000000007,18.425000000000001,2.0750000000000002
8.6750000000000007,18.425000000000001,2.125
8.6750000000000007,18.425000000000001,2.1750000000000003
8.6750000000000007,18.425000000000001,2.2250000000000001
8.6750000000000007,18.425000000000001,2.2749999999999999
8.6750000000000007,18.425000000000001,2.3250000000000002
8.6750000000000007,18.425000000000001,2.375
8.6750000000000007,18.425000000000001,2.4250000000000003
8.6750000000000007,18.425000000000001,2.4750000000000001
8.6750000000000007,18.425000000000001,2.5250000000000004
8.6750000000000007,18.425000000000001,2.5750000000000002
8.6750000000000007,18.425000000000001,2.625
8.6750000000000007,18.425000000000001,2.6750000000000003
8.6750000000000007,18.425000000000001,2.7250000000000001
8.6750000000000007,18.425000000000001,2.7750000000000004
8.6750000000000007,18.425000000000001,2.8250000000000002
8.6750000000000007,18.425000000000001,2.875
8.6750000000000007,18.425000000000001,2.9250000000000003
8.6750000000000007,18.425000000000001,2.9750000000000001
8.6750000000000007,18.425000000000001,3.0250000000000004
8.6750000000000007,18.425000000000001,3.0750000000000002
8.6750000000000007,18.425000000000001,3.125
8.6750000000000007,18.475000000000001,1.925
8.6750000000000007,18.475000000000001,2.0249999999999999
8.6750000000000007,18.475000000000001,2.125
8.6750000000000007,18.475000000000001,2.2250000000000001
8.6750000000000007,18.475000000000001,3.0750000000000002
8.7249999999999996,18.375,1.9750000000000001
8.7249999999999996,18.375,2.0750000000000002
8.7249999999999996,18.375,2.1750000000000003
8.7249999999999996,18.375,2.2749999999999999
8.7249999999999996,18.375,2.3250000000000002
8.7249999999999996,18.375,2.375
8.7249999999999996,18.375,2.4250000000000003
8.7249999999999996,18.375,2.4750000000000001
8.7249999999999996,18.375,2.5250000000000004
8.7249999999999996,18.375,2.5750000000000002
8.7249999999999996,18.375,2.625
8.7249999999999996,18.375,2.6750000000000003
8.7249999999999996,18.375,2.7250000000000001
8.7249999999999996,18.375,2.7750000000000004
8.7249999999999996,18.375,2.8250000000000002
8.7249999999999996,18.375,2.875
8.7249999999999996,18.375,2.9250000000000003
8.7249999999999996,18.375,2.9750000000000001
8.7249999999999996,18.375,3.0250000000000004
8.7249999999999996,18.375,3.0750000000000002
8.7249999999999996,18.375,3.125
8.7249999999999996,18.425000000000001,1.925
8.7249999999999996,18.425000000000001,1.9750000000000001
8.7249999999999996,18.425000000000001,2.0249999999999999
8.7249999999999996,18.425000000000001,2.0750000000000002
8.7249999999999996,18.425000000000001,2.125
8.7249999999999996,18.425000000000001,2.1750000000000003
8.7249999999999996,18.425000000000001,2.2250000000000001
8.7249999999999996,18.425000000000001,2.2749999999999999
8.7249999999999996,18.425000000000001,2.3250000000000002
8.7249999999999996,18.425000000000001,2.375
8.7249999999999996,18.425000000000001,2.4250000000000003
8.7249999999999996,18.425000000000001,2.4750000000000001
8.7249999999999996,18.425000000000001,2.5250000000000004
8.7249999999999996,18.425000000000001,2.5750000000000002
8.7249999999999996,18.425000000000001,2.625
8.7249999999999996,18.425000000000001,2.6750000000000003
8.7249999999999996,18.425000000000001,2.7250000000000001
8.7249999999999996,18.425000000000001,2.7750000000000004
8.7249999999999996,18.425000000000001,2.8250000000000002
8.7249999999999996,18.425000000000001,2.875
8.7249999999999996,18.425000000000001,2.9250000000000003
8.7249999999999996,18.425000000000001,2.9750000000000001
8.7249999999999996,18.425000000000001,3.0250000000000004
8.7249999999999996,18.425000000000001,3.0750000000000002
8.7249999999999996,18.425000000000001,3.125
8.7249999999999996,18.475000000000001,1.925
8.7249999999999996,18.475000000000001,2.0249999999999999
8.7249999999999996,18.475000000000001,2.125
8.7249999999999996,18.475000000000001,2.2250000000000001
8.7249999999999996,18.475000000000001,2.3250000000000002
8.7249999999999996,18.475000000000001,2.9750000000000001
8.7249999999999996,18.475000000000001,3.0750000000000002
8.7750000000000004,18.375,1.9750000000000001
8.7750000000000004,18.375,2.0750000000000002
8.7750000000000004,18.375,2.1750000000000003
8.7750000000000004,18.375,2.2749999999999999
8.7750000000000004,18.375,2.3250000000000002
8.7750000000000004,18.375,2.375
8.7750000000000004,18.375,2.4250000000000003
8.7750000000000004,18.375,2.4750000000000001
8.7750000000000004,18.375,2.5250000000000004
8.7750000000000004,18.375,2.5750000000000002
8.7750000000000004,18.375,2.625
8.7750000000000004,18.375,2.6750000000000003
8.7750000000000004,18.375,2.7250000000000001
8.7750000000000004,18.375,2.7750000000000004
8.7750000000000004,18.375,2.8250000000000002
8.7750000000000004,18.375,2.875
8.7750000000000004,18.375,2.9250000000000003
8.7750000000000004,18.375,2.9750000000000001
8.7750000000000004,18.375,3.0250000000000004
8.7750000000000004,18.375,3.0750000000000002
8.7750000000000004,18.375,3.125
8.7750000000000004,18.425000000000001,1.925
8.7750000000000004,18.425000000000001,1.9750000000000001
8.7750000000000004,18.425000000000001,2.0249999999999999
8.7750000000000004,18.425000000000001,2.0750000000000002
8.7750000000000004,18.425000000000001,2.125
8.7750000000000004,18.425000000000001,2.1750000000000003
8.7750000000000004,18.425000000000001,2.2250000000000001
8.7750000000000004,18.425000000000001,2.2749999999999999
8.7750000000000004,18.425000000000001,2.3250000000000002
8.7750000000000004,18.425000000000001,2.375
8.7750000000000004,18.425000000000001,2.4250000000000003
8.7750000000000004,18.425000000000001,2.4750000000000001
8.7750000000000004,18.425000000000001,2.5250000000000004
8.7750000000000004,18.425000000000001,2.5750000000000002
8.7750000000000004,18.425000000000001,2.625
8.7750000000000004,18.425000000000001,2.6750000000000003
8.7750000000000004,18.425000000000001,2.7250000000000001
8.7750000000000004,18.425000000000001,2.7750000000000004
8.7750000000000004,18.425000000000001,2.8250000000000002
8.7750000000000004,18.425000000000001,2.875
8.7750000000000004,18.425000000000001,2.9250000000000003
8.7750000000000004,18.425000000000001,2.9750000000000001
8.7750000000000004,18.425000000000001,3.0250000000000004
8.7750000000000004,18.425000000000001,3.0750000000000002
8.7750000000000004,18.425000000000001,3.125
8.7750000000000004,18.475000000000001,1.925
8.7750000000000004,18.475000000000001,2.0249999999999999
8.7750000000000004,18.475000000000001,2.125
8.7750000000000004,18.475000000000001,2.2250000000000001
8.7750000000000004,18.475000000000001,2.3250000000000002
8.7750000000000004,18.475000000000001,2.875
8.7750000000000004,18.475000000000001,2.9750000000000001
8.7750000000000004,18.475000000000001,3.0750000000000002
8.8250000000000011,18.375,1.9750000000000001
8.8250000000000011,18.375,2.0750000000000002
8.8250000000000011,18.375,2.1750000000000003
8.8250000000000011,18.375,2.2250000000000001
8.8250000000000011,18.375,2.2749999999999999
8.8250000000000011,18.375,2.3250000000000002
8.8250000000000011,18.375,2.375
8.8250000000000011,18.375,2.4250000000000003
8.8250000000000011,18.375,2.4750000000000001
8.8250000000000011,18.375,2.5250000000000004
8.8250000000000011,18.375,2.5750000000000002
8.8250000000000011,18.375,2.625
8.8250000000000011,18.375,2.6750000000000003
8.8250000000000011,18.375,2.7250000000000001
8.8250000000000011,18.375,2.7750000000000004
8.8250000000000011,18.375,2.8250000000000002
8.8250000000000011,18.375,2.875
8.8250000000000011,18.375,2.9250000000000003
8.8250000000000011,18.375,2.9750000000000001
8.8250000000000011,18.375,3.0250000000000004
8.8250000000000011,18.375,3.0750000000000002
8.8250000000000011,18.375,3.125
8.8250000000000011,18.425000000000001,1.925
8.8250000000000011,18.425000000000001,1.9750000000000001
8.8250000000000011,18.425000000000001,2.0249999999999999
8.8250000000000011,18.425000000000001,2.0750000000000002
8.8250000000000011,18.425000000000001,2.125
8.8250000000000011,18.425000000000001,2.1750000000000003
8.8250000000000011,18.425000000000001,2.2250000000000001
8.8250000000000011,18.425000000000001,2.2749999999999999
8.8250000000000011,18.425000000000001,2.3250000000000002
8.8250000000000011,18.425000000000001,2.375
8.8250000000000011,18.425000000000001,2.4250000000000003
8.8250000000000011,18.425000000000001,2.4750000000000001
8.8250000000000011,18.425000000000001,2.5250000000000004
8.8250000000000011,18.425000000000001,2.5750000000000002
8.8250000000000011,18.425000000000001,2.625
8.8250000000000011,18.425000000000001,2.6750000000000003
8.8250000000000011,18.425000000000001,2.7250000000000001
8.8250000000000011,18.425000000000001,2.7750000000000004
8.8250000000000011,18.425000000000001,2.8250000000000002
8.8250000000000011,18.425000000000001,2.875
8.8250000000000011,18.425000000000001,2.9250000000000003
8.8250000000000011,18.425000000000001,2.9750000000000001
8.8250000000000011,18.425000000000001,3.0250000000000004
8.8250000000000011,18.425000000000001,3.0750000000000002
8.8250000000000011,18.425000000000001,3.125
8.8250000000000011,18.475000000000001,1.925
8.8250000000000011,18.475000000000001,2.0249999999999999
8.8250000000000011,18.475000000000001,2.125
8.8250000000000011,18.475000000000001,2.4250000000000003
8.8250000000000011,18.475000000000001,2.875
8.8250000000000011,18.475000000000001,2.9750000000000001
8.8250000000000011,18.475000000000001,3.0750000000000002
8.875,18.375,1.9750000000000001
8.875,18.375,2.0750000000000002
8.875,18.375,2.125
8.875,18.375,2.1750000000000003
8.875,18.375,2.2250000000000001
8.875,18.375,2.2749999999999999
8.875,18.375,2.3250000000000002
8.875,18.375,2.375
8.875,18.375,2.4250000000000003
8.875,18.375,2.4750000000000001
8.875,18.375,2.5250000000000004
8.875,18.375,2.5750000000000002
8.875,18.375,2.625
8.875,18.375,2.6750000000000003
8.875,18.375,2.7250000000000001
8.875,18.375,2.7750000000000004
8.875,18.375,2.8250000000000002
8.875,18.375,2.875
8.875,18.375,2.9250000000000003
8.875,18.375,2.9750000000000001
8.875,18.375,3.0250000000000004
8.875,18.375,3.0750000000000002
8.875,18.375,3.125
8.875,18.425000000000001,1.925
8.875,18.425000000000001,1.9750000000000001
8.875,18.425000000000001,2.0249999999999999
8.875,18.425000000000001,2.0750000000000002
8.875,18.425000000000001,2.125
8.875,18.425000000000001,2.1750000000000003
8.875,18.425000000000001,2.2250000000000001
8.875,18.425000000000001,2.2749999999999999
8.875,18.425000000000001,2.3250000000000002
8.875,18.425000000000001,2.375
8.875,18.425000000000001,2.4250000000000003
8.875,18.425000000000001,2.4750000000000001
8.875,18.425000000000001,2.5250000000000004
8.875,18.425000000000001,2.5750000000000002
8.875,18.425000000000001,2.625
8.875,18.425000000000001,2.6750000000000003
8.875,18.425000000000001,2.7250000000000001
8.875,18.425000000000001,2.7750000000000004
8.875,18.425000000000001,2.8250000000000002
8.875,18.425000000000001,2.875
8.875,18.425000000000001,2.9250000000000003
8.875,18.425000000000001,2.9750000000000001
8.875,18.425000000000001,3.0250000000000004
8.875,18.425000000000001,3.0750000000000002
8.875,18.425000000000001,3.125
8.875,18.475000000000001,3.0750000000000002
8.9250000000000007,18.324999999999999,2.2749999999999999
8.9250000000000007,18.375,1.925
8.9250000000000007,18.375,1.9750000000000001
8.9250000000000007,18.375,2.0249999999999999
8.9250000000000007,18.375,2.0750000000000002
8.9250000000000007,18.375,2.125
8.9250000000000007,18.375,2.1750000000000003
8.9250000000000007,18.375,2.2250000000000001
8.9250000000000007,18.375,2.2749999999999999
8.9250000000000007,18.375,2.3250000000000002
8.9250000000000007,18.375,2.375
8.9250000000000007,18.375,2.4250000000000003
8.9250000000000007,18.375,2.4750000000000001
8.9250000000000007,18.375,2.5250000000000004
8.9250000000000007,18.375,2.5750000000000002
8.9250000000000007,18.375,2.625
8.9250000000000007,18.375,2.6750000000000003
8.9250000000000007,18.375,2.7250000000000001
8.9250000000000007,18.375,2.7750000000000004
8.9250000000000007,18.375,2.8250000000000002
8.9250000000000007,18.375,2.875
8.9250000000000007,18.375,2.9250000000000003
8.9250000000000007,18.375,2.9750000000000001
8.9250000000000007,18.375,3.0250000000000004
8.9250000000000007,18.375,3.0750000000000002
8.9250000000000007,18.375,3.125
8.9250000000000007,18.425000000000001,1.925
8.9250000000000007,18.425000000000001,1.9750000000000001
8.9250000000000007,18.425000000000001,2.0249999999999999
8.9250000000000007,18.425000000000001,2.0750000000000002
8.9250000000000007,18.425000000000001,2.125
8.9250000000000007,18.425000000000001,2.1750000000000003
8.9250000000000007,18.425000000000001,2.2250000000000001
8.9250000000000007,18.425000000000001,2.2749999999999999
8.9250000000000007,18.425000000000001,2.3250000000000002
8.9250000000000007,18.425000000000001,2.375
8.9250000000000007,18.425000000000001,2.4250000000000003
8.9250000000000007,18.425000000000001,2.4750000000000001
8.9250000000000007,18.425000000000001,2.5250000000000004
8.9250000000000007,18.425000000000001,2.5750000000000002
8.9250000000000007,18.425000000000001,2.625
8.9250000000000007,18.425000000000001,2.6750000000000003
8.9250000000000007,18.425000000000001,2.7250000000000001
8.9250000000000007,18.425000000000001,2.7750000000000004
8.9250000000000007,18.425000000000001,2.8250000000000002
8.9250000000000007,18.425000000000001,2.875
8.9250000000000007,18.425000000000001,2.9250000000000003
8.9250000000000007,18.425000000000001,2.9750000000000001
8.9250000000000007,18.425000000000001,3.0250000000000004
8.9250000000000007,18.425000000000001,3.0750000000000002
8.9250000000000007,18.425000000000001,3.125
8.0750000000000011,17.824999999999999,2.4250000000000003
8.0750000000000011,17.824999999999999,2.9250000000000003
8.0750000000000011,17.875,2.5250000000000004
8.125,17.775000000000002,3.0250000000000004
8.125,17.775000000000002,3.0750000000000002
8.125,17.824999999999999,1.925
8.125,17.824999999999999,1.9750000000000001
8.125,17.824999999999999,2.0750000000000002
8.125,17.824999999999999,2.1750000000000003
8.125,17.824999999999999,2.2749999999999999
8.125,17.824999999999999,2.375
8.125,17.824999999999999,2.4250000000000003
8.125,17.824999999999999,2.4750000000000001
8.125,17.824999999999999,2.5250000000000004
8.125,17.824999999999999,2.5750000000000002
8.125,17.824999999999999,2.625
8.125,17.824999999999999,2.6750000000000003
8.125,17.824999999999999,2.7250000000000001
8.125,17.824999999999999,2.7750000000000004
8.125,17.824999999999999,2.8250000000000002
8.125,17.824999999999999,2.875
8.125,17.824999999999999,2.9250000000000003
8.125,17.824999999999999,2.9750000000000001
8.125,17.824999999999999,3.0250000000000004
8.125,17.824999999999999,3.125
8.125,17.875,1.9750000000000001
8.125,17.875,2.0249999999999999
8.125,17.875,2.0750000000000002
8.125,17.875,2.125
8.125,17.875,2.1750000000000003
8.125,17.875,2.2250000000000001
8.125,17.875,2.2749999999999999
8.125,17.875,2.3250000000000002
8.125,17.875,2.375
8.125,17.875,2.4250000000000003
8.125,17.875,2.4750000000000001
8.125,17.875,2.5250000000000004
8.125,17.875,2.5750000000000002
8.125,17.875,2.625
8.125,17.875,2.6750000000000003
8.125,17.875,2.7250000000000001
8.125,17.875,2.8250000000000002
8.125,17.875,2.875
8.125,17.875,2.9250000000000003
8.125,17.875,2.9750000000000001
8.125,17.875,3.0250000000000004
8.125,17.875,3.0750000000000002
8.125,17.875,3.125
8.125,17.925000000000001,1.925
8.125,17.925000000000001,1.9750000000000001
8.125,17.925000000000001,2.0249999999999999
8.125,17.925000000000001,2.0750000000000002
8.125,17.925000000000001,2.125
8.125,17.925000000000001,2.1750000000000003
8.125,17.925000000000001,2.2250000000000001
8.125,17.925000000000001,2.2749999999999999
8.125,17.925000000000001,2.3250000000000002
8.125,17.925000000000001,2.375
8.125,17.925000000000001,2.4250000000000003
8.125,17.925000000000001,2.4750000000000001
8.125,17.925000000000001,2.5250000000000004
8.125,17.925000000000001,2.5750000000000002
8.125,17.925000000000001,2.625
8.125,17.925000000000001,2.6750000000000003
8.125,17.925000000000001,2.7250000000000001
8.125,17.925000000000001,2.7750000000000004
8.125,17.925000000000001,2.8250000000000002
8.125,17.925000000000001,2.875
8.125,17.925000000000001,2.9250000000000003
8.125,17.925000000000001,2.9750000000000001
8.125,17.925000000000001,3.0250000000000004
8.125,17.925000000000001,3.0750000000000002
8.125,17.925000000000001,3.125
8.125,17.975000000000001,1.925
8.125,17.975000000000001,1.9750000000000001
8.125,17.975000000000001,2.0249999999999999
8.125,17.975000000000001,2.0750000000000002
8.125,17.975000000000001,2.125
8.125,17.975000000000001,2.1750000000000003
8.125,17.975000000000001,2.2250000000000001
8.125,17.975000000000001,2.2749999999999999
8.125,17.975000000000001,2.3250000000000002
8.125,17.975000000000001,2.375
8.125,17.975000000000001,2.4250000000000003
8.125,17.975000000000001,2.4750000000000001
8.125,17.975000000000001,2.5250000000000004
8.125,17.975000000000001,2.5750000000000002
8.125,17.975000000000001,2.625
8.125,17.975000000000001,2.6750000000000003
8.125,17.975000000000001,2.7250000000000001
8.125,17.975000000000001,2.7750000000000004
8.125,17.975000000000001,2.8250000000000002
8.125,17.975000000000001,2.875
8.125,17.975000000000001,2.9250000000000003
8.125,17.975000000000001,2.9750000000000001
8.125,17.975000000000001,3.0250000000000004
8.125,17.975000000000001,3.0750000000000002
8.125,17.975000000000001,3.125
8.125,18.025000000000002,1.925
8.125,18.025000000000002,1.9750000000000001
8.125,18.025000000000002,2.0249999999999999
8.125,18.025000000000002,2.0750000000000002
8.125,18.025000000000002,2.125
8.125,18.025000000000002,2.1750000000000003
8.125,18.025000000000002,2.2250000000000001
8.125,18.025000000000002,2.2749999999999999
8.125,18.025000000000002,2.3250000000000002
8.125,18.025000000000002,2.375
8.125,18.025000000000002,2.4250000000000003
8.125,18.025000000000002,2.4750000000000001
8.125,18.025000000000002,2.5250000000000004
8.125,18.025000000000002,2.5750000000000002
8.125,18.025000000000002,2.625
8.125,18.025000000000002,2.6750000000000003
8.125,18.025000000000002,2.7250000000000001
8.125,18.025000000000002,2.7750000000000004
8.125,18.025000000000002,2.8250000000000002
8.125,18.025000000000002,2.875
8.125,18.025000000000002,2.9250000000000003
8.125,18.025000000000002,2.9750000000000001
8.125,18.025000000000002,3.0250000000000004
8.125,18.025000000000002,3.0750000000000002
8.125,18.025000000000002,3.125
8.125,18.074999999999999,1.925
8.125,18.074999999999999,1.9750000000000001
8.125,18.074999999999999,2.0249999999999999
8.125,18.074999999999999,2.0750000000000002
8.125,18.074999999999999,2.125
8.125,18.074999999999999,2.1750000000000003
8.125,18.074999999999999,2.2250000000000001
8.125,18.074999999999999,2.2749999999999999
8.125,18.074999999999999,2.3250000000000002
8.125,18.074999999999999,2.375
8.125,18.074999999999999,2.4250000000000003
8.125,18.074999999999999,2.625
8.125,18.074999999999999,2.6750000000000003
8.125,18.074999999999999,3.0750000000000002
8.125,18.125,2.1750000000000003
8.1750000000000007,17.975000000000001,1.9750000000000001
8.1750000000000007,17.975000000000001,2.0750000000000002
8.1750000000000007,17.975000000000001,2.1750000000000003
8.1750000000000007,17.975000000000001,2.2250000000000001
8.1750000000000007,17.975000000000001,2.2749999999999999
8.1750000000000007,17.975000000000001,2.3250000000000002
8.1750000000000007,17.975000000000001,2.375
8.1750000000000007,17.975000000000001,2.5250000000000004
8.1750000000000007,17.975000000000001,2.625
8.1750000000000007,17.975000000000001,2.7250000000000001
8.1750000000000007,17.975000000000001,2.8250000000000002
8.1750000000000007,17.975000000000001,2.9250000000000003
8.1750000000000007,17.975000000000001,2.9750000000000001
8.1750000000000007,17.975000000000001,3.0250000000000004
8.1750000000000007,17.975000000000001,3.0750000000000002
8.1750000000000007,17.975000000000001,3.125
8.1750000000000007,18.025000000000002,1.925
8.1750000000000007,18.025000000000002,1.9750000000000001
8.1750000000000007,18.025000000000002,2.0249999999999999
8.1750000000000007,18.025000000000002,2.0750000000000002
8.1750000000000007,18.025000000000002,2.125
8.1750000000000007,18.025000000000002,2.1750000000000003
8.1750000000000007,18.025000000000002,2.2250000000000001
8.1750000000000007,18.025000000000002,2.2749999999999999
8.1750000000000007,18.025000000000002,2.3250000000000002
8.1750000000000007,18.025000000000002,2.375
8.1750000000000007,18.025000000000002,2.4250000000000003
8.1750000000000007,18.025000000000002,2.4750000000000001
8.1750000000000007,18.025000000000002,2.5250000000000004
8.1750000000000007,18.025000000000002,2.5750000000000002
8.1750000000000007,18.025000000000002,2.625
8.1750000000000007,18.025000000000002,2.6750000000000003
8.1750000000000007,18.025000000000002,2.7250000000000001
8.1750000000000007,18.025000000000002,2.7750000000000004
8.1750000000000007,18.025000000000002,2.8250000000000002
8.1750000000000007,18.025000000000002,2.875
8.1750000000000007,18.025000000000002,2.9250000000000003
8.1750000000000007,18.025000000000002,2.9750000000000001
8.1750000000000007,18.025000000000002,3.0250000000000004
8.1750000000000007,18.025000000000002,3.0750000000000002
8.1750000000000007,18.025000000000002,3.125
8.1750000000000007,18.074999999999999,1.925
8.1750000000000007,18.074999999999999,1.9750000000000001
8.1750000000000007,18.074999999999999,2.0249999999999999
8.1750000000000007,18.074999999999999,2.0750000000000002
8.1750000000000007,18.074999999999999,2.125
8.1750000000000007,18.074999999999999,2.1750000000000003
8.1750000000000007,18.074999999999999,2.2250000000000001
8.1750000000000007,18.074999999999999,2.2749999999999999
8.1750000000000007,18.074999999999999,2.3250000000000002
8.1750000000000007,18.074999999999999,2.375
8.1750000000000007,18.074999999999999,2.4250000000000003
8.1750000000000007,18.074999999999999,2.4750000000000001
8.1750000000000007,18.074999999999999,2.5250000000000004
8.1750000000000007,18.074999999999999,2.5750000000000002
8.1750000000000007,18.074999999999999,2.625
8.1750000000000007,18.074999999999999,2.6750000000000003
8.1750000000000007,18.074999999999999,2.7250000000000001
8.1750000000000007,18.074999999999999,2.7750000000000004
8.1750000000000007,18.074999999999999,2.8250000000000002
8.1750000000000007,18.074999999999999,2.875
8.1750000000000007,18.074999999999999,2.9250000000000003
8.1750000000000007,18.074999999999999,2.9750000000000001
8.1750000000000007,18.074999999999999,3.0250000000000004
8.1750000000000007,18.074999999999999,3.0750000000000002
8.1750000000000007,18.074999999999999,3.125
8.1750000000000007,18.125,1.925
8.1750000000000007,18.125,1.9750000000000001
8.1750000000000007,18.125,2.0249999999999999
8.1750000000000007,18.125,2.0750000000000002
8.1750000000000007,18.125,2.125
8.1750000000000007,18.125,2.1750000000000003
8.1750000000000007,18.125,2.2250000000000001
8.1750000000000007,18.125,2.2749999999999999
8.1750000000000007,18.125,2.3250000000000002
8.1750000000000007,18.125,2.375
8.1750000000000007,18.125,2.4250000000000003
8.1750000000000007,18.125,2.4750000000000001
8.1750000000000007,18.125,2.5250000000000004
8.1750000000000007,18.125,2.5750000000000002
8.1750000000000007,18.125,2.625
8.1750000000000007,18.125,2.6750000000000003
8.1750000000000007,18.125,2.7250000000000001
8.1750000000000007,18.125,2.7750000000000004
8.1750000000000007,18.125,2.8250000000000002
8.1750000000000007,18.125,2.875
8.1750000000000007,18.125,2.9250000000000003
8.1750000000000007,18.125,2.9750000000000001
8.1750000000000007,18.125,3.0250000000000004
8.1750000000000007,18.125,3.0750000000000002
8.1750000000000007,18.125,3.125
8.1750000000000007,18.175000000000001,1.925
8.1750000000000007,18.175000000000001,1.9750000000000001
8.1750000000000007,18.175000000000001,2.0750000000000002
8.1750000000000007,18.175000000000001,2.2250000000000001
8.1750000000000007,18.175000000000001,2.2749999999999999
8.1750000000000007,18.175000000000001,2.3250000000000002
8.1750000000000007,18.175000000000001,2.375
8.1750000000000007,18.175000000000001,2.4250000000000003
8.1750000000000007,18.175000000000001,2.4750000000000001
8.1750000000000007,18.175000000000001,2.5250000000000004
8.1750000000000007,18.175000000000001,2.5750000000000002
8.1750000000000007,18.175000000000001,2.625
8.1750000000000007,18.175000000000001,2.6750000000000003
8.1750000000000007,18.175000000000001,2.7250000000000001
8.1750000000000007,18.175000000000001,2.7750000000000004
8.1750000000000007,18.175000000000001,2.8250000000000002
8.1750000000000007,18.175000000000001,2.875
8.1750000000000007,18.175000000000001,2.9250000000000003
8.1750000000000007,18.175000000000001,2.9750000000000001
8.1750000000000007,18.175000000000001,3.0250000000000004
8.1750000000000007,18.175000000000001,3.0750000000000002
8.2249999999999996,18.074999999999999,1.9750000000000001
8.2249999999999996,18.074999999999999,2.0750000000000002
8.2249999999999996,18.074999999999999,2.125
8.2249999999999996,18.074999999999999,2.1750000000000003
8.2249999999999996,18.074999999999999,2.2250000000000001
8.2249999999999996,18.074999999999999,2.2749999999999999
8.2249999999999996,18.074999999999999,2.375
8.2249999999999996,18.074999999999999,2.7250000000000001
8.2249999999999996,18.074999999999999,2.8250000000000002
8.2249999999999996,18.074999999999999,2.9250000000000003
8.2249999999999996,18.074999999999999,2.9750000000000001
8.2249999999999996,18.074999999999999,3.0250000000000004
8.2249999999999996,18.074999999999999,3.0750000000000002
8.2249999999999996,18.074999999999999,3.125
8.2249999999999996,18.125,1.925
8.2249999999999996,18.125,1.9750000000000001
8.2249999999999996,18.125,2.0249999999999999
8.2249999999999996,18.125,2.0750000000000002
8.2249999999999996,18.125,2.125
8.2249999999999996,18.125,2.1750000000000003
8.2249999999999996,18.125,2.2250000000000001
8.2249999999999996,18.125,2.2749999999999999
8.2249999999999996,18.125,2.3250000000000002
8.2249999999999996,18.125,2.375
8.2249999999999996,18.125,2.4250000000000003
8.2249999999999996,18.125,2.4750000000000001
8.2249999999999996,18.125,2.5250000000000004
8.2249999999999996,18.125,2.5750000000000002
8.2249999999999996,18.125,2.625
8.2249999999999996,18.125,2.6750000000000003
8.2249999999999996,18.125,2.7250000000000001
8.2249999999999996,18.125,2.7750000000000004
8.2249999999999996,18.125,2.8250000000000002
8.2249999999999996,18.125,2.875
8.2249999999999996,18.125,2.9250000000000003
8.2249999999999996,18.125,2.9750000000000001
8.2249999999999996,18.125,3.0250000000000004
8.2249999999999996,18.125,3.0750000000000002
8.2249999999999996,18.125,3.125
8.2249999999999996,18.175000000000001,1.925
8.2249999999999996,18.175000000000001,1.9750000000000001
8.2249999999999996,18.175000000000001,2.0249999999999999
8.2249999999999996,18.175000000000001,2.0750000000000002
8.2249999999999996,18.175000000000001,2.125
8.2249999999999996,18.175000000000001,2.1750000000000003
8.2249999999999996,18.175000000000001,2.2250000000000001
8.2249999999999996,18.175000000000001,2.2749999999999999
8.2249999999999996,18.175000000000001,2.3250000000000002
8.2249999999999996,18.175000000000001,2.375
8.2249999999999996,18.175000000000001,2.4250000000000003
8.2249999999999996,18.175000000000001,2.4750000000000001
8.2249999999999996,18.175000000000001,2.5250000000000004
8.2249999999999996,18.175000000000001,2.5750000000000002
8.2249999999999996,18.175000000000001,2.625
8.2249999999999996,18.175000000000001,2.6750000000000003
8.2249999999999996,18.175000000000001,2.7250000000000001
8.2249999999999996,18.175000000000001,2.7750000000000004
8.2249999999999996,18.175000000000001,2.8250000000000002
8.2249999999999996,18.175000000000001,2.875
8.2249999999999996,18.175000000000001,2.9250000000000003
8.2249999999999996,18.175000000000001,2.9750000000000001
8.2249999999999996,18.175000000000001,3.0250000000000004
8.2249999999999996,18.175000000000001,3.0750000000000002
8.2249999999999996,18.175000000000001,3.125
8.2249999999999996,18.225000000000001,1.925
8.2249999999999996,18.225000000000001,1.9750000000000001
8.2249999999999996,18.225000000000001,2.0249999999999999
8.2249999999999996,18.225000000000001,2.0750000000000002
8.2249999999999996,18.225000000000001,2.125
8.2249999999999996,18.225000000000001,2.1750000000000003
8.2249999999999996,18.225000000000001,2.2250000000000001
8.2249999999999996,18.225000000000001,2.2749999999999999
8.2249999999999996,18.225000000000001,2.3250000000000002
8.2249999999999996,18.225000000000001,2.375
8.2249999999999996,18.225000000000001,2.4250000000000003
8.2249999999999996,18.225000000000001,2.4750000000000001
8.2249999999999996,18.225000000000001,2.5250000000000004
8.2249999999999996,18.225000000000001,2.5750000000000002
8.2249999999999996,18.225000000000001,2.625
8.2249999999999996,18.225000000000001,2.6750000000000003
8.2249999999999996,18.225000000000001,2.7250000000000001
8.2249999999999996,18.225000000000001,2.7750000000000004
8.2249999999999996,18.225000000000001,2.8250000000000002
8.2249999999999996,18.225000000000001,2.875
8.2249999999999996,18.225000000000001,2.9250000000000003
8.2249999999999996,18.225000000000001,2.9750000000000001
8.2249999999999996,18.225000000000001,3.0250000000000004
8.2249999999999996,18.225000000000001,3.0750000000000002
8.2249999999999996,18.225000000000001,3.125
8.2750000000000004,18.125,2.3250000000000002
8.2750000000000004,18.175000000000001,1.925
8.2750000000000004,18.175000000000001,1.9750000000000001
8.2750000000000004,18.175000000000001,2.0249999999999999
8.2750000000000004,18.175000000000001,2.0750000000000002
8.2750000000000004,18.175000000000001,2.125
8.2750000000000004,18.175000000000001,2.1750000000000003
8.2750000000000004,18.175000000000001,2.2250000000000001
8.2750000000000004,18.175000000000001,2.2749999999999999
8.2750000000000004,18.175000000000001,2.3250000000000002
8.2750000000000004,18.175000000000001,2.375
8.2750000000000004,18.175000000000001,2.4250000000000003
8.2750000000000004,18.175000000000001,2.4750000000000001
8.2750000000000004,18.175000000000001,2.5250000000000004
8.2750000000000004,18.175000000000001,2.5750000000000002
8.2750000000000004,18.175000000000001,2.625
8.2750000000000004,18.175000000000001,2.6750000000000003
8.2750000000000004,18.175000000000001,2.7250000000000001
8.2750000000000004,18.175000000000001,2.7750000000000004
8.2750000000000004,18.175000000000001,2.8250000000000002
8.2750000000000004,18.175000000000001,2.875
8.2750000000000004,18.175000000000001,2.9250000000000003
8.2750000000000004,18.175000000000001,2.9750000000000001
8.2750000000000004,18.175000000000001,3.0250000000000004
8.2750000000000004,18.175000000000001,3.0750000000000002
8.2750000000000004,18.175000000000001,3.125
8.2750000000000004,18.225000000000001,1.925
8.2750000000000004,18.225000000000001,1.9750000000000001
8.2750000000000004,18.225000000000001,2.0249999999999999
8.2750000000000004,18.225000000000001,2.0750000000000002
8.2750000000000004,18.225000000000001,2.125
8.2750000000000004,18.225000000000001,2.1750000000000003
8.2750000000000004,18.225000000000001,2.2250000000000001
8.2750000000000004,18.225000000000001,2.2749999999999999
8.2750000000000004,18.225000000000001,2.3250000000000002
8.2750000000000004,18.225000000000001,2.375
8.2750000000000004,18.225000000000001,2.4250000000000003
8.2750000000000004,18.225000000000001,2.4750000000000001
8.2750000000000004,18.225000000000001,2.5250000000000004
8.2750000000000004,18.225000000000001,2.5750000000000002
8.2750000000000004,18.225000000000001,2.625
8.2750000000000004,18.225000000000001,2.6750000000000003
8.2750000000000004,18.225000000000001,2.7250000000000001
8.2750000000000004,18.225000000000001,2.7750000000000004
8.2750000000000004,18.225000000000001,2.8250000000000002
8.2750000000000004,18.225000000000001,2.875
8.2750000000000004,18.225000000000001,2.9250000000000003
8.2750000000000004,18.225000000000001,2.9750000000000001
8.2750000000000004,18.225000000000001,3.0250000000000004
8.2750000000000004,18.225000000000001,3.0750000000000002
8.2750000000000004,18.225000000000001,3.125
8.3250000000000011,18.175000000000001,2.1750000000000003
8.3250000000000011,18.175000000000001,2.2749999999999999
8.3250000000000011,18.175000000000001,2.8250000000000002
8.3250000000000011,18.175000000000001,2.9250000000000003
8.3250000000000011,18.175000000000001,3.0250000000000004
8.3250000000000011,18.175000000000001,3.125
8.3250000000000011,18.225000000000001,1.925
8.3250000000000011,18.225000000000001,1.9750000000000001
8.3250000000000011,18.225000000000001,2.0249999999999999
8.3250000000000011,18.225000000000001,2.0750000000000002
8.3250000000000011,18.225000000000001,2.125
8.3250000000000011,18.225000000000001,2.1750000000000003
8.3250000000000011,18.225000000000001,2.2250000000000001
8.3250000000000011,18.225000000000001,2.2749999999999999
8.3250000000000011,18.225000000000001,2.3250000000000002
8.3250000000000011,18.225000000000001,2.375
8.3250000000000011,18.225000000000001,2.4250000000000003
8.3250000000000011,18.225000000000001,2.4750000000000001
8.3250000000000011,18.225000000000001,2.5250000000000004
8.3250000000000011,18.225000000000001,2.5750000000000002
8.3250000000000011,18.225000000000001,2.625
8.3250000000000011,18.225000000000001,2.6750000000000003
8.3250000000000011,18.225000000000001,2.7250000000000001
8.3250000000000011,18.225000000000001,2.7750000000000004
8.3250000000000011,18.225000000000001,2.8250000000000002
8.3250000000000011,18.225000000000001,2.875
8.3250000000000011,18.225000000000001,2.9250000000000003
8.3250000000000011,18.225000000000001,2.9750000000000001
8.3250000000000011,18.225000000000001,3.0250000000000004
8.3250000000000011,18.225000000000001,3.0750000000000002
8.3250000000000011,18.225000000000001,3.125
8.375,18.225000000000001,2.1750000000000003
8.375,18.225000000000001,2.2250000000000001
8.375,18.225000000000001,2.2749999999999999
8.375,18.225000000000001,2.375
8.375,18.225000000000001,2.4250000000000003
8.375,18.225000000000001,2.4750000000000001
8.375,18.225000000000001,2.5250000000000004
8.375,18.225000000000001,2.5750000000000002
8.375,18.225000000000001,2.625
8.375,18.225000000000001,2.6750000000000003
8.375,18.225000000000001,2.7250000000000001
8.375,18.225000000000001,2.7750000000000004
8.375,18.225000000000001,2.8250000000000002
8.375,18.225000000000001,2.875
8.375,18.225000000000001,2.9250000000000003
8.375,18.225000000000001,2.9750000000000001
8.375,18.225000000000001,3.0250000000000004
8.375,18.225000000000001,3.125
8.0750000000000011,17.824999999999999,2.4250000000000003
8.0750000000000011,17.824999999999999,2.9250000000000003
8.0750000000000011,17.875,2.5250000000000004
8.125,17.775000000000002,3.0250000000000004
8.125,17.775000000000002,3.0750000000000002
8.125,17.824999999999999,1.925
8.125,17.824999999999999,1.9750000000000001
8.125,17.824999999999999,2.0750000000000002
8.125,17.824999999999999,2.1750000000000003
8.125,17.824999999999999,2.2749999999999999
8.125,17.824999999999999,2.375
8.125,17.824999999999999,2.4250000000000003
8.125,17.824999999999999,2.4750000000000001
8.125,17.824999999999999,2.5250000000000004
8.125,17.824999999999999,2.5750000000000002
8.125,17.824999999999999,2.625
8.125,17.824999999999999,2.6750000000000003
8.125,17.824999999999999,2.7250000000000001
8.125,17.824999999999999,2.7750000000000004
8.125,17.824999999999999,2.8250000000000002
8.125,17.824999999999999,2.875
8.125,17.824999999999999,2.9250000000000003
8.125,17.824999999999999,2.9750000000000001
8.125,17.824999999999999,3.0250000000000004
8.125,17.824999999999999,3.125
8.125,17.875,1.9750000000000001
8.125,17.875,2.0249999999999999
8.125,17.875,2.0750000000000002
8.125,17.875,2.125
8.125,17.875,2.1750000000000003
8.125,17.875,2.2250000000000001
8.125,17.875,2.2749999999999999
8.125,17.875,2.3250000000000002
8.125,17.875,2.375
8.125,17.875,2.4250000000000003
8.125,17.875,2.4750000000000001
8.125,17.875,2.5250000000000004
8.125,17.875,2.5750000000000002
8.125,17.875,2.625
8.125,17.875,2.6750000000000003
8.125,17.875,2.7250000000000001
8.125,17.875,2.8250000000000002
8.125,17.875,2.875
8.125,17.875,2.9250000000000003
8.125,17.875,2.9750000000000001
8.125,17.875,3.0250000000000004
8.125,17.875,3.0750000000000002
8.125,17.875,3.125
8.125,17.925000000000001,1.925
8.125,17.925000000000001,1.9750000000000001
8.125,17.925000000000001,2.0249999999999999
8.125,17.925000000000001,2.0750000000000002
8.125,17.925000000000001,2.125
8.125,17.925000000000001,2.1750000000000003
8.125,17.925000000000001,2.2250000000000001
8.125,17.925000000000001,2.2749999999999999
8.125,17.925000000000001,2.3250000000000002
8.125,17.925000000000001,2.375
8.125,17.925000000000001,2.4250000000000003
8.125,17.925000000000001,2.4750000000000001
8.125,17.925000000000001,2.5250000000000004
8.125,17.925000000000001,2.5750000000000002
8.125,17.925000000000001,2.625
8.125,17.925000000000001,2.6750000000000003
8.125,17.925000000000001,2.7250000000000001
8.125,17.925000000000001,2.7750000000000004
8.125,17.925000000000001,2.8250000000000002
8.125,17.925000000000001,2.875
8.125,17.925000000000001,2.9250000000000003
8.125,17.925000000000001,2.9750000000000001
8.125,17.925000000000001,3.0250000000000004
8.125,17.925000000000001,3.0750000000000002
8.125,17.925000000000001,3.125
8.125,17.975000000000001,1.925
8.125,17.975000000000001,1.9750000000000001
8.125,17.975000000000001,2.0249999999999999
8.125,17.975000000000001,2.0750000000000002
8.125,17.975000000000001,2.125
8.125,17.975000000000001,2.1750000000000003
8.125,17.975000000000001,2.2250000000000001
8.125,17.975000000000001,2.2749999999999999
8.125,17.975000000000001,2.3250000000000002
8.125,17.975000000000001,2.375
8.125,17.975000000000001,2.4250000000000003
8.125,17.975000000000001,2.4750000000000001
8.125,17.975000000000001,2.5250000000000004
8.125,17.975000000000001,2.5750000000000002
8.125,17.975000000000001,2.625
8.125,17.975000000000001,2.6750000000000003
8.125,17.975000000000001,2.7250000000000001
8.125,17.975000000000001,2.7750000000000004
8.125,17.975000000000001,2.8250000000000002
8.125,17.975000000000001,2.875
8.125,17.975000000000001,2.9250000000000003
8.125,17.975000000000001,2.9750000000000001
8.125,17.975000000000001,3.0250000000000004
8.125,17.975000000000001,3.0750000000000002
8.125,17.975000000000001,3.125
8.125,18.025000000000002,1.925
8.125,18.025000000000002,1.9750000000000001
8.125,18.025000000000002,2.0249999999999999
8.125,18.025000000000002,2.0750000000000002
8.125,18.025000000000002,2.125
8.125,18.025000000000002,2.1750000000000003
8.125,18.025000000000002,2.2250000000000001
8.125,18.025000000000002,2.2749999999999999
8.125,18.025000000000002,2.3250000000000002
8.125,18.025000000000002,2.375
8.125,18.025000000000002,2.4250000000000003
8.125,18.025000000000002,2.4750000000000001
8.125,18.025000000000002,2.5250000000000004
8.125,18.025000000000002,2.5750000000000002
8.125,18.025000000000002,2.625
8.125,18.025000000000002,2.6750000000000003
8.125,18.025000000000002,2.7250000000000001
8.125,18.025000000000002,2.7750000000000004
8.125,18.025000000000002,2.8250000000000002
8.125,18.025000000000002,2.875
8.125,18.025000000000002,2.9250000000000003
8.125,18.025000000000002,2.9750000000000001
8.125,18.025000000000002,3.0250000000000004
8.125,18.025000000000002,3.0750000000000002
8.125,18.025000000000002,3.125
8.125,18.074999999999999,1.925
8.125,18.074999999999999,1.9750000000000001
8.125,18.074999999999999,2.0249999999999999
8.125,18.074999999999999,2.0750000000000002
8.125,18.074999999999999,2.125
8.125,18.074999999999999,2.1750000000000003
8.125,18.074999999999999,2.2250000000000001
8.125,18.074999999999999,2.2749999999999999
8.125,18.074999999999999,2.3250000000000002
8.125,18.074999999999999,2.375
8.125,18.074999999999999,2.4250000000000003
8.125,18.074999999999999,2.625
8.125,18.074999999999999,2.6750000000000003
8.125,18.074999999999999,3.0750000000000002
8.125,18.125,2.1750000000000003
8.1750000000000007,17.975000000000001,1.9750000000000001
8.1750000000000007,17.975000000000001,2.0750000000000002
8.1750000000000007,17.975000000000001,2.1750000000000003
8.1750000000000007,17.975000000000001,2.2250000000000001
8.1750000000000007,17.975000000000001,2.2749999999999999
8.1750000000000007,17.975000000000001,2.3250000000000002
8.1750000000000007,17.975000000000001,2.375
8.1750000000000007,17.975000000000001,2.5250000000000004
8.1750000000000007,17.975000000000001,2.625
8.1750000000000007,17.975000000000001,2.7250000000000001
8.1750000000000007,17.975000000000001,2.8250000000000002
8.1750000000000007,17.975000000000001,2.9250000000000003
8.1750000000000007,17.975000000000001,2.9750000000000001
8.1750000000000007,17.975000000000001,3.0250000000000004
8.1750000000000007,17.975000000000001,3.0750000000000002
8.1750000000000007,17.975000000000001,3.125
8.1750000000000007,18.025000000000002,1.925
8.1750000000000007,18.025000000000002,1.9750000000000001
8.1750000000000007,18.025000000000002,2.0249999999999999
8.1750000000000007,18.025000000000002,2.0750000000000002
8.1750000000000007,18.025000000000002,2.125
8.1750000000000007,18.025000000000002,2.1750000000000003
8.1750000000000007,18.025000000000002,2.2250000000000001
8.1750000000000007,18.025000000000002,2.2749999999999999
8.1750000000000007,18.025000000000002,2.3250000000000002
8.1750000000000007,18.025000000000002,2.375
8.1750000000000007,18.025000000000002,2.4250000000000003
8.1750000000000007,18.025000000000002,2.4750000000000001
8.1750000000000007,18.025000000000002,2.5250000000000004
8.1750000000000007,18.025000000000002,2.5750000000000002
8.1750000000000007,18.025000000000002,2.625
8.1750000000000007,18.025000000000002,2.6750000000000003
8.1750000000000007,18.025000000000002,2.7250000000000001
8.1750000000000007,18.025000000000002,2.7750000000000004
8.1750000000000007,18.025000000000002,2.8250000000000002
8.1750000000000007,18.025000000000002,2.875
8.1750000000000007,18.025000000000002,2.9250000000000003
8.1750000000000007,18.025000000000002,2.9750000000000001
8.1750000000000007,18.025000000000002,3.0250000000000004
8.1750000000000007,18.025000000000002,3.0750000000000002
8.1750000000000007,18.025000000000002,3.125
8.1750000000000007,18.074999999999999,1.925
8.1750000000000007,18.074999999999999,1.9750000000000001
8.1750000000000007,18.074999999999999,2.0249999999999999
8.1750000000000007,18.074999999999999,2.0750000000000002
8.1750000000000007,18.074999999999999,2.125
8.1750000000000007,18.074999999999999,2.1750000000000003
8.1750000000000007,18.074999999999999,2.2250000000000001
8.1750000000000007,18.074999999999999,2.2749999999999999
8.1750000000000007,18.074999999999999,2.3250000000000002
8.1750000000000007,18.074999999999999,2.375
8.1750000000000007,18.074999999999999,2.4250000000000003
8.1750000000000007,18.074999999999999,2.4750000000000001
8.1750000000000007,18.074999999999999,2.5250000000000004
8.1750000000000007,18.074999999999999,2.5750000000000002
8.1750000000000007,18.074999999999999,2.625
8.1750000000000007,18.074999999999999,2.6750000000000003
8.1750000000000007,18.074999999999999,2.7250000000000001
8.1750000000000007,18.074999999999999,2.7750000000000004
8.1750000000000007,18.074999999999999,2.8250000000000002
8.1750000000000007,18.074999999999999,2.875
8.1750000000000007,18.074999999999999,2.9250000000000003
8.1750000000000007,18.074999999999999,2.9750000000000001
8.1750000000000007,18.074999999999999,3.0250000000000004
8.1750000000000007,18.074999999999999,3.0750000000000002
8.1750000000000007,18.074999999999999,3.125
8.1750000000000007,18.125,1.925
8.1750000000000007,18.125,1.9750000000000001
8.1750000000000007,18.125,2.0249999999999999
8.1750000000000007,18.125,2.0750000000000002
8.1750000000000007,18.125,2.125
8.1750000000000007,18.125,2.1750000000000003
8.1750000000000007,18.125,2.2250000000000001
8.1750000000000007,18.125,2.2749999999999999
8.1750000000000007,18.125,2.3250000000000002
8.1750000000000007,18.125,2.375
8.1750000000000007,18.125,2.4250000000000003
8.1750000000000007,18.125,2.4750000000000001
8.1750000000000007,18.125,2.5250000000000004
8.1750000000000007,18.125,2.5750000000000002
8.1750000000000007,18.125,2.625
8.1750000000000007,18.125,2.6750000000000003
8.1750000000000007,18.125,2.7250000000000001
8.1750000000000007,18.125,2.7750000000000004
8.1750000000000007,18.125,2.8250000000000002
8.1750000000000007,18.125,2.875
8.1750000000000007,18.125,2.9250000000000003
8.1750000000000007,18.125,2.9750000000000001
8.1750000000000007,18.125,3.0250000000000004
8.1750000000000007,18.125,3.0750000000000002
8.1750000000000007,18.125,3.125
8.1750000000000007,18.175000000000001,1.925
8.1750000000000007,18.175000000000001,1.9750000000000001
8.1750000000000007,18.175000000000001,2.0750000000000002
8.1750000000000007,18.175000000000001,2.2250000000000001
8.1750000000000007,18.175000000000001,2.2749999999999999
8.1750000000000007,18.175000000000001,2.3250000000000002
8.1750000000000007,18.175000000000001,2.375
8.1750000000000007,18.175000000000001,2.4250000000000003
8.1750000000000007,18.175000000000001,2.4750000000000001
8.1750000000000007,18.175000000000001,2.5250000000000004
8.1750000000000007,18.175000000000001,2.5750000000000002
8.1750000000000007,18.175000000000001,2.625
8.1750000000000007,18.175000000000001,2.6750000000000003
8.1750000000000007,18.175000000000001,2.7250000000000001
8.1750000000000007,18.175000000000001,2.7750000000000004
8.1750000000000007,18.175000000000001,2.8250000000000002
8.1750000000000007,18.175000000000001,2.875
8.1750000000000007,18.175000000000001,2.9250000000000003
8.1750000000000007,18.175000000000001,2.9750000000000001
8.1750000000000007,18.175000000000001,3.0250000000000004
8.1750000000000007,18.175000000000001,3.0750000000000002
8.2249999999999996,18.074999999999999,1.9750000000000001
8.2249999999999996,18.074999999999999,2.0750000000000002
8.2249999999999996,18.074999999999999,2.125
8.2249999999999996,18.074999999999999,2.1750000000000003
8.2249999999999996,18.074999999999999,2.2250000000000001
8.2249999999999996,18.074999999999999,2.2749999999999999
8.2249999999999996,18.074999999999999,2.375
8.2249999999999996,18.074999999999999,2.7250000000000001
8.2249999999999996,18.074999999999999,2.8250000000000002
8.2249999999999996,18.074999999999999,2.9250000000000003
8.2249999999999996,18.074999999999999,2.9750000000000001
8.2249999999999996,18.074999999999999,3.0250000000000004
8.2249999999999996,18.074999999999999,3.0750000000000002
8.2249999999999996,18.074999999999999,3.125
8.2249999999999996,18.125,1.925
8.2249999999999996,18.125,1.9750000000000001
8.2249999999999996,18.125,2.0249999999999999
8.2249999999999996,18.125,2.0750000000000002
8.2249999999999996,18.125,2.125
8.2249999999999996,18.125,2.1750000000000003
8.2249999999999996,18.125,2.2250000000000001
8.2249999999999996,18.125,2.2749999999999999
8.2249999999999996,18.125,2.3250000000000002
8.2249999999999996,18.125,2.375
8.2249999999999996,18.125,2.4250000000000003
8.2249999999999996,18.125,2.4750000000000001
8.2249999999999996,18.125,2.5250000000000004
8.2249999999999996,18.125,2.5750000000000002
8.2249999999999996,18.125,2.625
8.2249999999999996,18.125,2.6750000000000003
8.2249999999999996,18.125,2.7250000000000001
8.2249999999999996,18.125,2.7750000000000004
8.2249999999999996,18.125,2.8250000000000002
8.2249999999999996,18.125,2.875
8.2249999999999996,18.125,2.9250000000000003
8.2249999999999996,18.125,2.9750000000000001
8.2249999999999996,18.125,3.0250000000000004
8.2249999999999996,18.125,3.0750000000000002
8.2249999999999996,18.125,3.125
8.2249999999999996,18.175000000000001,1.925
8.2249999999999996,18.175000000000001,1.9750000000000001
8.2249999999999996,18.175000000000001,2.0249999999999999
8.2249999999999996,18.175000000000001,2.0750000000000002
8.2249999999999996,18.175000000000001,2.125
8.2249999999999996,18.175000000000001,2.1750000000000003
8.2249999999999996,18.175000000000001,2.2250000000000001
8.2249999999999996,18.175000000000001,2.2749999999999999
8.2249999999999996,18.175000000000001,2.3250000000000002
8.2249999999999996,18.175000000000001,2.375
8.2249999999999996,18.175000000000001,2.4250000000000003
8.2249999999999996,18.175000000000001,2.4750000000000001
8.2249999999999996,18.175000000000001,2.5250000000000004
8.2249999999999996,18.175000000000001,2.5750000000000002
8.2249999999999996,18.175000000000001,2.625
8.2249999999999996,18.175000000000001,2.6750000000000003
8.2249999999999996,18.175000000000001,2.7250000000000001
8.2249999999999996,18.175000000000001,2.7750000000000004
8.2249999999999996,18.175000000000001,2.8250000000000002
8.2249999999999996,18.175000000000001,2.875
8.2249999999999996,18.175000000000001,2.9250000000000003
8.2249999999999996,18.175000000000001,2.9750000000000001
8.2249999999999996,18.175000000000001,3.0250000000000004
8.2249999999999996,18.175000000000001,3.0750000000000002
8.2249999999999996,18.175000000000001,3.125
8.2249999999999996,18.225000000000001,1.925
8.2249999999999996,18.225000000000001,1.9750000000000001
8.2249999999999996,18.225000000000001,2.0249999999999999
8.2249999999999996,18.225000000000001,2.0750000000000002
8.2249999999999996,18.225000000000001,2.125
8.2249999999999996,18.225000000000001,2.1750000000000003
8.2249999999999996,18.225000000000001,2.2250000000000001
8.2249999999999996,18.225000000000001,2.2749999999999999
8.2249999999999996,18.225000000000001,2.3250000000000002
8.2249999999999996,18.225000000000001,2.375
8.2249999999999996,18.225000000000001,2.4250000000000003
8.2249999999999996,18.225000000000001,2.4750000000000001
8.2249999999999996,18.225000000000001,2.5250000000000004
8.2249999999999996,18.225000000000001,2.5750000000000002
8.2249999999999996,18.225000000000001,2.625
8.2249999999999996,18.225000000000001,2.6750000000000003
8.2249999999999996,18.225000000000001,2.7250000000000001
8.2249999999999996,18.225000000000001,2.7750000000000004
8.2249999999999996,18.225000000000001,2.8250000000000002
8.2249999999999996,18.225000000000001,2.875
8.2249999999999996,18.225000000000001,2.9250000000000003
8.2249999999999996,18.225000000000001,2.9750000000000001
8.2249999999999996,18.225000000000001,3.0250000000000004
8.2249999999999996,18.225000000000001,3.0750000000000002
8.2249999999999996,18.225000000000001,3.125
8.2750000000000004,18.125,2.3250000000000002
8.2750000000000004,18.175000000000001,1.925
8.2750000000000004,18.175000000000001,1.9750000000000001
8.2750000000000004,18.175000000000001,2.0249999999999999
8.2750000000000004,18.175000000000001,2.0750000000000002
8.2750000000000004,18.175000000000001,2.125
8.2750000000000004,18.175000000000001,2.1750000000000003
8.2750000000000004,18.175000000000001,2.2250000000000001
8.2750000000000004,18.175000000000001,2.2749999999999999
8.2750000000000004,18.175000000000001,2.3250000000000002
8.2750000000000004,18.175000000000001,2.375
8.2750000000000004,18.175000000000001,2.4250000000000003
8.2750000000000004,18.175000000000001,2.4750000000000001
8.2750000000000004,18.175000000000001,2.5250000000000004
8.2750000000000004,18.175000000000001,2.5750000000000002
8.2750000000000004,18.175000000000001,2.625
8.2750000000000004,18.175000000000001,2.6750000000000003
8.2750000000000004,18.175000000000001,2.7250000000000001
8.2750000000000004,18.175000000000001,2.7750000000000004
8.2750000000000004,18.175000000000001,2.8250000000000002
8.2750000000000004,18.175000000000001,2.875
8.2750000000000004,18.175000000000001,2.9250000000000003
8.2750000000000004,18.175000000000001,2.9750000000000001
8.2750000000000004,18.175000000000001,3.0250000000000004
8.2750000000000004,18.175000000000001,3.0750000000000002
8.2750000000000004,18.175000000000001,3.125
8.2750000000000004,18.225000000000001,1.925
8.2750000000000004,18.225000000000001,1.9750000000000001
8.2750000000000004,18.225000000000001,2.0249999999999999
8.2750000000000004,18.225000000000001,2.0750000000000002
8.2750000000000004,18.225000000000001,2.125
8.2750000000000004,18.225000000000001,2.1750000000000003
8.2750000000000004,18.225000000000001,2.2250000000000001
8.2750000000000004,18.225000000000001,2.2749999999999999
8.2750000000000004,18.225000000000001,2.3250000000000002
8.2750000000000004,18.225000000000001,2.375
8.2750000000000004,18.225000000000001,2.4250000000000003
8.2750000000000004,18.225000000000001,2.4750000000000001
8.2750000000000004,18.225000000000001,2.5250000000000004
8.2750000000000004,18.225000000000001,2.5750000000000002
8.2750000000000004,18.225000000000001,2.625
8.2750000000000004,18.225000000000001,2.6750000000000003
8.2750000000000004,18.225000000000001,2.7250000000000001
8.2750000000000004,18.225000000000001,2.7750000000000004
8.2750000000000004,18.225000000000001,2.8250000000000002
8.2750000000000004,18.225000000000001,2.875
8.2750000000000004,18.225000000000001,2.9250000000000003
8.2750000000000004,18.225000000000001,2.9750000000000001
8.2750000000000004,18.225000000000001,3.0250000000000004
8.2750000000000004,18.225000000000001,3.0750000000000002
8.2750000000000004,18.225000000000001,3.125
8.3250000000000011,18.175000000000001,2.1750000000000003
8.3250000000000011,18.175000000000001,2.2749999999999999
8.3250000000000011,18.175000000000001,2.8250000000000002
8.3250000000000011,18.175000000000001,2.9250000000000003
8.3250000000000011,18.175000000000001,3.0250000000000004
8.3250000000000011,18.175000000000001,3.125
8.3250000000000011,18.225000000000001,1.925
8.3250000000000011,18.225000000000001,1.9750000000000001
8.3250000000000011,18.225000000000001,2.0249999999999999
8.3250000000000011,18.225000000000001,2.0750000000000002
8.3250000000000011,18.225000000000001,2.125
8.3250000000000011,18.225000000000001,2.1750000000000003
8.3250000000000011,18.225000000000001,2.2250000000000001
8.3250000000000011,18.225000000000001,2.2749999999999999
8.3250000000000011,18.225000000000001,2.3250000000000002
8.3250000000000011,18.225000000000001,2.375
8.3250000000000011,18.225000000000001,2.4250000000000003
8.3250000000000011,18.225000000000001,2.4750000000000001
8.3250000000000011,18.225000000000001,2.5250000000000004
8.3250000000000011,18.225000000000001,2.5750000000000002
8.3250000000000011,18.225000000000001,2.625
8.3250000000000011,18.225000000000001,2.6750000000000003
8.3250000000000011,18.225000000000001,2.7250000000000001
8.3250000000000011,18.225000000000001,2.7750000000000004
8.3250000000000011,18.225000000000001,2.8250000000000002
8.3250000000000011,18.225000000000001,2.875
8.3250000000000011,18.225000000000001,2.9250000000000003
8.3250000000000011,18.225000000000001,2.9750000000000001
8.3250000000000011,18.225000000000001,3.0250000000000004
8.3250000000000011,18.225000000000001,3.0750000000000002
8.3250000000000011,18.225000000000001,3.125
8.375,18.225000000000001,2.1750000000000003
8.375,18.225000000000001,2.2250000000000001
8.375,18.225000000000001,2.2749999999999999
8.375,18.225000000000001,2.375
8.375,18.225000000000001,2.4250000000000003
8.375,18.225000000000001,2.4750000000000001
8.375,18.225000000000001,2.5250000000000004
8.375,18.225000000000001,2.5750000000000002
8.375,18.225000000000001,2.625
8.375,18.225000000000001,2.6750000000000003
8.375,18.225000000000001,2.7250000000000001
8.375,18.225000000000001,2.7750000000000004
8.375,18.225000000000001,2.8250000000000002
8.375,18.225000000000001,2.875
8.375,18.225000000000001,2.9250000000000003
8.375,18.225000000000001,2.9750000000000001
8.375,18.225000000000001,3.0250000000000004
8.375,18.225000000000001,3.125
8.0750000000000011,17.824999999999999,2.4250000000000003
8.0750000000000011,17.824999999999999,2.9250000000000003
8.0750000000000011,17.875,2.5250000000000004
8.125,17.775000000000002,3.0250000000000004
8.125,17.775000000000002,3.0750000000000002
8.125,17.824999999999999,1.875
8.125,17.824999999999999,1.925
8.125,17.824999999999999,1.9750000000000001
8.125,17.824999999999999,2.0750000000000002
8.125,17.824999999999999,2.1750000000000003
8.125,17.824999999999999,2.2749999999999999
8.125,17.824999999999999,2.375
8.125,17.824999999999999,2.4250000000000003
8.125,17.824999999999999,2.4750000000000001
8.125,17.824999999999999,2.5250000000000004
8.125,17.824999999999999,2.5750000000000002
8.125,17.824999999999999,2.625
8.125,17.824999999999999,2.6750000000000003
8.125,17.824999999999999,2.7250000000000001
8.125,17.824999999999999,2.7750000000000004
8.125,17.824999999999999,2.8250000000000002
8.125,17.824999999999999,2.875
8.125,17.824999999999999,2.9250000000000003
8.125,17.824999999999999,2.9750000000000001
8.125,17.824999999999999,3.0250000000000004
8.125,17.824999999999999,3.125
8.125,17.875,1.8250000000000002
8.125,17.875,1.875
8.125,17.875,1.9750000000000001
8.125,17.875,2.0249999999999999
8.125,17.875,2.0750000000000002
8.125,17.875,2.125
8.125,17.875,2.1750000000000003
8.125,17.875,2.2250000000000001
8.125,17.875,2.2749999999999999
8.125,17.875,2.3250000000000002
8.125,17.875,2.375
8.125,17.875,2.4250000000000003
8.125,17.875,2.4750000000000001
8.125,17.875,2.5250000000000004
8.125,17.875,2.5750000000000002
8.125,17.875,2.625
8.125,17.875,2.6750000000000003
8.125,17.875,2.7250000000000001
8.125,17.875,2.8250000000000002
8.125,17.875,2.875
8.125,17.875,2.9250000000000003
8.125,17.875,2.9750000000000001
8.125,17.875,3.0250000000000004
8.125,17.875,3.0750000000000002
8.125,17.875,3.125
8.125,17.925000000000001,1.8250000000000002
8.125,17.925000000000001,1.875
8.125,17.925000000000001,1.925
8.125,17.925000000000001,1.9750000000000001
8.125,17.925000000000001,2.0249999999999999
8.125,17.925000000000001,2.0750000000000002
8.125,17.925000000000001,2.125
8.125,17.925000000000001,2.1750000000000003
8.125,17.925000000000001,2.2250000000000001
8.125,17.925000000000001,2.2749999999999999
8.125,17.925000000000001,2.3250000000000002
8.125,17.925000000000001,2.375
8.125,17.925000000000001,2.4250000000000003
8.125,17.925000000000001,2.4750000000000001
8.125,17.925000000000001,2.5250000000000004
8.125,17.925000000000001,2.5750000000000002
8.125,17.925000000000001,2.625
8.125,17.925000000000001,2.6750000000000003
8.125,17.925000000000001,2.7250000000000001
8.125,17.925000000000001,2.7750000000000004
8.125,17.925000000000001,2.8250000000000002
8.125,17.925000000000001,2.875
8.125,17.925000000000001,2.9250000000000003
8.125,17.925000000000001,2.9750000000000001
8.125,17.925000000000001,3.0250000000000004
8.125,17.925000000000001,3.0750000000000002
8.125,17.925000000000001,3.125
8.125,17.975000000000001,1.8250000000000002
8.125,17.975000000000001,1.875
8.125,17.975000000000001,1.925
8.125,17.975000000000001,1.9750000000000001
8.125,17.975000000000001,2.0249999999999999
8.125,17.975000000000001,2.0750000000000002
8.125,17.975000000000001,2.125
8.125,17.975000000000001,2.1750000000000003
8.125,17.975000000000001,2.2250000000000001
8.125,17.975000000000001,2.2749999999999999
8.125,17.975000000000001,2.3250000000000002
8.125,17.975000000000001,2.375
8.125,17.975000000000001,2.4250000000000003
8.125,17.975000000000001,2.4750000000000001
8.125,17.975000000000001,2.5250000000000004
8.125,17.975000000000001,2.5750000000000002
8.125,17.975000000000001,2.625
8.125,17.975000000000001,2.6750000000000003
8.125,17.975000000000001,2.7250000000000001
8.125,17.975000000000001,2.7750000000000004
8.125,17.975000000000001,2.8250000000000002
8.125,17.975000000000001,2.875
8.125,17.975000000000001,2.9250000000000003
8.125,17.975000000000001,2.9750000000000001
8.125,17.975000000000001,3.0250000000000004
8.125,17.975000000000001,3.0750000000000002
8.125,17.975000000000001,3.125
8.125,18.025000000000002,1.875
8.125,18.025000000000002,1.925
8.125,18.025000000000002,1.9750000000000001
8.125,18.025000000000002,2.0249999999999999
8.125,18.025000000000002,2.0750000000000002
8.125,18.025000000000002,2.125
8.125,18.025000000000002,2.1750000000000003
8.125,18.025000000000002,2.2250000000000001
8.125,18.025000000000002,2.2749999999999999
8.125,18.025000000000002,2.3250000000000002
8.125,18.025000000000002,2.375
8.125,18.025000000000002,2.4250000000000003
8.125,18.025000000000002,2.4750000000000001
8.125,18.025000000000002,2.5250000000000004
8.125,18.025000000000002,2.5750000000000002
8.125,18.025000000000002,2.625
8.125,18.025000000000002,2.6750000000000003
8.125,18.025000000000002,2.7250000000000001
8.125,18.025000000000002,2.7750000000000004
8.125,18.025000000000002,2.8250000000000002
8.125,18.025000000000002,2.875
8.125,18.025000000000002,2.9250000000000003
8.125,18.025000000000002,2.9750000000000001
8.125,18.025000000000002,3.0250000000000004
8.125,18.025000000000002,3.0750000000000002
8.125,18.025000000000002,3.125
8.125,18.074999999999999,1.875
8.125,18.074999999999999,1.925
8.125,18.074999999999999,1.9750000000000001
8.125,18.074999999999999,2.0249999999999999
8.125,18.074999999999999,2.0750000000000002
8.125,18.074999999999999,2.125
8.125,18.074999999999999,2.1750000000000003
8.125,18.074999999999999,2.2250000000000001
8.125,18.074999999999999,2.2749999999999999
8.125,18.074999999999999,2.3250000000000002
8.125,18.074999999999999,2.375
8.125,18.074999999999999,2.4250000000000003
8.125,18.074999999999999,2.625
8.125,18.074999999999999,2.6750000000000003
8.125,18.074999999999999,3.0750000000000002
8.125,18.125,2.1750000000000003
8.1750000000000007,17.975000000000001,1.875
8.1750000000000007,17.975000000000001,1.9750000000000001
8.1750000000000007,17.975000000000001,2.0750000000000002
8.1750000000000007,17.975000000000001,2.1750000000000003
8.1750000000000007,17.975000000000001,2.2250000000000001
8.1750000000000007,17.975000000000001,2.2749999999999999
8.1750000000000007,17.975000000000001,2.3250000000000002
8.1750000000000007,17.975000000000001,2.375
8.1750000000000007,17.975000000000001,2.5250000000000004
8.1750000000000007,17.975000000000001,2.625
8.1750000000000007,17.975000000000001,2.7250000000000001
8.1750000000000007,17.975000000000001,2.8250000000000002
8.1750000000000007,17.975000000000001,2.9250000000000003
8.1750000000000007,17.975000000000001,2.9750000000000001
8.1750000000000007,17.975000000000001,3.0250000000000004
8.1750000000000007,17.975000000000001,3.0750000000000002
8.1750000000000007,17.975000000000001,3.125
8.1750000000000007,18.025000000000002,1.8250000000000002
8.1750000000000007,18.025000000000002,1.875
8.1750000000000007,18.025000000000002,1.925
8.1750000000000007,18.025000000000002,1.9750000000000001
8.1750000000000007,18.025000000000002,2.0249999999999999
8.1750000000000007,18.025000000000002,2.0750000000000002
8.1750000000000007,18.025000000000002,2.125
8.1750000000000007,18.025000000000002,2.1750000000000003
8.1750000000000007,18.025000000000002,2.2250000000000001
8.1750000000000007,18.025000000000002,2.2749999999999999
8.1750000000000007,18.025000000000002,2.3250000000000002
8.1750000000000007,18.025000000000002,2.375
8.1750000000000007,18.025000000000002,2.4250000000000003
8.1750000000000007,18.025000000000002,2.4750000000000001
8.1750000000000007,18.025000000000002,2.5250000000000004
8.1750000000000007,18.025000000000002,2.5750000000000002
8.1750000000000007,18.025000000000002,2.625
8.1750000000000007,18.025000000000002,2.6750000000000003
8.1750000000000007,18.025000000000002,2.7250000000000001
8.1750000000000007,18.025000000000002,2.7750000000000004
8.1750000000000007,18.025000000000002,2.8250000000000002
8.1750000000000007,18.025000000000002,2.875
8.1750000000000007,18.025000000000002,2.9250000000000003
8.1750000000000007,18.025000000000002,2.9750000000000001
8.1750000000000007,18.025000000000002,3.0250000000000004
8.1750000000000007,18.025000000000002,3.0750000000000002
8.1750000000000007,18.025000000000002,3.125
8.1750000000000007,18.074999999999999,1.8250000000000002
8.1750000000000007,18.074999999999999,1.875
8.1750000000000007,18.074999999999999,1.925
8.1750000000000007,18.074999999999999,1.9750000000000001
8.1750000000000007,18.074999999999999,2.0249999999999999
8.1750000000000007,18.074999999999999,2.0750000000000002
8.1750000000000007,18.074999999999999,2.125
8.1750000000000007,18.074999999999999,2.1750000000000003
8.1750000000000007,18.074999999999999,2.2250000000000001
8.1750000000000007,18.074999999999999,2.2749999999999999
8.1750000000000007,18.074999999999999,2.3250000000000002
8.1750000000000007,18.074999999999999,2.375
8.1750000000000007,18.074999999999999,2.4250000000000003
8.1750000000000007,18.074999999999999,2.4750000000000001
8.1750000000000007,18.074999999999999,2.5250000000000004
8.1750000000000007,18.074999999999999,2.5750000000000002
8.1750000000000007,18.074999999999999,2.625
8.1750000000000007,18.074999999999999,2.6750000000000003
8.1750000000000007,18.074999999999999,2.7250000000000001
8.1750000000000007,18.074999999999999,2.7750000000000004
8.1750000000000007,18.074999999999999,2.8250000000000002
8.1750000000000007,18.074999999999999,2.875
8.1750000000000007,18.074999999999999,2.9250000000000003
8.1750000000000007,18.074999999999999,2.9750000000000001
8.1750000000000007,18.074999999999999,3.0250000000000004
8.1750000000000007,18.074999999999999,3.0750000000000002
8.1750000000000007,18.074999999999999,3.125
8.1750000000000007,18.125,1.8250000000000002
8.1750000000000007,18.125,1.875
8.1750000000000007,18.125,1.925
8.1750000000000007,18.125,1.9750000000000001
8.1750000000000007,18.125,2.0249999999999999
8.1750000000000007,18.125,2.0750000000000002
8.1750000000000007,18.125,2.125
8.1750000000000007,18.125,2.1750000000000003
8.1750000000000007,18.125,2.2250000000000001
8.1750000000000007,18.125,2.2749999999999999
8.1750000000000007,18.125,2.3250000000000002
8.1750000000000007,18.125,2.375
8.1750000000000007,18.125,2.4250000000000003
8.1750000000000007,18.125,2.4750000000000001
8.1750000000000007,18.125,2.5250000000000004
8.1750000000000007,18.125,2.5750000000000002
8.1750000000000007,18.125,2.625
8.1750000000000007,18.125,2.6750000000000003
8.1750000000000007,18.125,2.7250000000000001
8.1750000000000007,18.125,2.7750000000000004
8.1750000000000007,18.125,2.8250000000000002
8.1750000000000007,18.125,2.875
8.1750000000000007,18.125,2.9250000000000003
8.1750000000000007,18.125,2.9750000000000001
8.1750000000000007,18.125,3.0250000000000004
8.1750000000000007,18.125,3.0750000000000002
8.1750000000000007,18.125,3.125
8.1750000000000007,18.175000000000001,1.8250000000000002
8.1750000000000007,18.175000000000001,1.875
8.1750000000000007,18.175000000000001,1.925
8.1750000000000007,18.175000000000001,1.9750000000000001
8.1750000000000007,18.175000000000001,2.0750000000000002
8.1750000000000007,18.175000000000001,2.2250000000000001
8.1750000000000007,18.175000000000001,2.2749999999999999
8.1750000000000007,18.175000000000001,2.3250000000000002
8.1750000000000007,18.175000000000001,2.375
8.1750000000000007,18.175000000000001,2.4250000000000003
8.1750000000000007,18.175000000000001,2.4750000000000001
8.1750000000000007,18.175000000000001,2.5250000000000004
8.1750000000000007,18.175000000000001,2.5750000000000002
8.1750000000000007,18.175000000000001,2.625
8.1750000000000007,18.175000000000001,2.6750000000000003
8.1750000000000007,18.175000000000001,2.7250000000000001
8.1750000000000007,18.175000000000001,2.7750000000000004
8.1750000000000007,18.175000000000001,2.8250000000000002
8.1750000000000007,18.175000000000001,2.875
8.1750000000000007,18.175000000000001,2.9250000000000003
8.1750000000000007,18.175000000000001,2.9750000000000001
8.1750000000000007,18.175000000000001,3.0250000000000004
8.1750000000000007,18.175000000000001,3.0750000000000002
8.2249999999999996,18.074999999999999,1.875
8.2249999999999996,18.074999999999999,1.9750000000000001
8.2249999999999996,18.074999999999999,2.0750000000000002
8.2249999999999996,18.074999999999999,2.125
8.2249999999999996,18.074999999999999,2.1750000000000003
8.2249999999999996,18.074999999999999,2.2250000000000001
8.2249999999999996,18.074999999999999,2.2749999999999999
8.2249999999999996,18.074999999999999,2.375
8.2249999999999996,18.074999999999999,2.7250000000000001
8.2249999999999996,18.074999999999999,2.8250000000000002
8.2249999999999996,18.074999999999999,2.9250000000000003
8.2249999999999996,18.074999999999999,2.9750000000000001
8.2249999999999996,18.074999999999999,3.0250000000000004
8.2249999999999996,18.074999999999999,3.0750000000000002
8.2249999999999996,18.074999999999999,3.125
8.2249999999999996,18.125,1.8250000000000002
8.2249999999999996,18.125,1.875
8.2249999999999996,18.125,1.925
8.2249999999999996,18.125,1.9750000000000001
8.2249999999999996,18.125,2.0249999999999999
8.2249999999999996,18.125,2.0750000000000002
8.2249999999999996,18.125,2.125
8.2249999999999996,18.125,2.1750000000000003
8.2249999999999996,18.125,2.2250000000000001
8.2249999999999996,18.125,2.2749999999999999
8.2249999999999996,18.125,2.3250000000000002
8.2249999999999996,18.125,2.375
8.2249999999999996,18.125,2.4250000000000003
8.2249999999999996,18.125,2.4750000000000001
8.2249999999999996,18.125,2.5250000000000004
8.2249999999999996,18.125,2.5750000000000002
8.2249999999999996,18.125,2.625
8.2249999999999996,18.125,2.6750000000000003
8.2249999999999996,18.125,2.7250000000000001
8.2249999999999996,18.125,2.7750000000000004
8.2249999999999996,18.125,2.8250000000000002
8.2249999999999996,18.125,2.875
8.2249999999999996,18.125,2.9250000000000003
8.2249999999999996,18.125,2.9750000000000001
8.2249999999999996,18.125,3.0250000000000004
8.2249999999999996,18.125,3.0750000000000002
8.2249999999999996,18.125,3.125
8.2249999999999996,18.175000000000001,1.8250000000000002
8.2249999999999996,18.175000000000001,1.875
8.2249999999999996,18.175000000000001,1.925
8.2249999999999996,18.175000000000001,1.9750000000000001
8.2249999999999996,18.175000000000001,2.0249999999999999
8.2249999999999996,18.175000000000001,2.0750000000000002
8.2249999999999996,18.175000000000001,2.125
8.2249999999999996,18.175000000000001,2.1750000000000003
8.2249999999999996,18.175000000000001,2.2250000000000001
8.2249999999999996,18.175000000000001,2.2749999999999999
8.2249999999999996,18.175000000000001,2.3250000000000002
8.2249999999999996,18.175000000000001,2.375
8.2249999999999996,18.175000000000001,2.4250000000000003
8.2249999999999996,18.175000000000001,2.4750000000000001
8.2249999999999996,18.175000000000001,2.5250000000000004
8.2249999999999996,18.175000000000001,2.5750000000000002
8.2249999999999996,18.175000000000001,2.625
8.2249999999999996,18.175000000000001,2.6750000000000003
8.2249999999999996,18.175000000000001,2.7250000000000001
8.2249999999999996,18.175000000000001,2.7750000000000004
8.2249999999999996,18.175000000000001,2.8250000000000002
8.2249999999999996,18.175000000000001,2.875
8.2249999999999996,18.175000000000001,2.9250000000000003
8.2249999999999996,18.175000000000001,2.9750000000000001
8.2249999999999996,18.175000000000001,3.0250000000000004
8.2249999999999996,18.175000000000001,3.0750000000000002
8.2249999999999996,18.175000000000001,3.125
8.2249999999999996,18.225000000000001,1.8250000000000002
8.2249999999999996,18.225000000000001,1.875
8.2249999999999996,18.225000000000001,1.925
8.2249999999999996,18.225000000000001,1.9750000000000001
8.2249999999999996,18.225000000000001,2.0249999999999999
8.2249999999999996,18.225000000000001,2.0750000000000002
8.2249999999999996,18.225000000000001,2.125
8.2249999999999996,18.225000000000001,2.1750000000000003
8.2249999999999996,18.225000000000001,2.2250000000000001
8.2249999999999996,18.225000000000001,2.2749999999999999
8.2249999999999996,18.225000000000001,2.3250000000000002
8.2249999999999996,18.225000000000001,2.375
8.2249999999999996,18.225000000000001,2.4250000000000003
8.2249999999999996,18.225000000000001,2.4750000000000001
8.2249999999999996,18.225000000000001,2.5250000000000004
8.2249999999999996,18.225000000000001,2.5750000000000002
8.2249999999999996,18.225000000000001,2.625
8.2249999999999996,18.225000000000001,2.6750000000000003
8.2249999999999996,18.225000000000001,2.7250000000000001
8.2249999999999996,18.225000000000001,2.7750000000000004
8.2249999999999996,18.225000000000001,2.8250000000000002
8.2249999999999996,18.225000000000001,2.875
8.2249999999999996,18.225000000000001,2.9250000000000003
8.2249999999999996,18.225000000000001,2.9750000000000001
8.2249999999999996,18.225000000000001,3.0250000000000004
8.2249999999999996,18.225000000000001,3.0750000000000002
8.2249999999999996,18.225000000000001,3.125
8.2249999999999996,18.275000000000002,2.6750000000000003
8.2249999999999996,18.275000000000002,2.7750000000000004
8.2249999999999996,18.275000000000002,2.875
8.2750000000000004,18.125,2.3250000000000002
8.2750000000000004,18.175000000000001,1.8250000000000002
8.2750000000000004,18.175000000000001,1.875
8.2750000000000004,18.175000000000001,1.925
8.2750000000000004,18.175000000000001,1.9750000000000001
8.2750000000000004,18.175000000000001,2.0249999999999999
8.2750000000000004,18.175000000000001,2.0750000000000002
8.2750000000000004,18.175000000000001,2.125
8.2750000000000004,18.175000000000001,2.1750000000000003
8.2750000000000004,18.175000000000001,2.2250000000000001
8.2750000000000004,18.175000000000001,2.2749999999999999
8.2750000000000004,18.175000000000001,2.3250000000000002
8.2750000000000004,18.175000000000001,2.375
8.2750000000000004,18.175000000000001,2.4250000000000003
8.2750000000000004,18.175000000000001,2.4750000000000001
8.2750000000000004,18.175000000000001,2.5250000000000004
8.2750000000000004,18.175000000000001,2.5750000000000002
8.2750000000000004,18.175000000000001,2.625
8.2750000000000004,18.175000000000001,2.6750000000000003
8.2750000000000004,18.175000000000001,2.7250000000000001
8.2750000000000004,18.175000000000001,2.7750000000000004
8.2750000000000004,18.175000000000001,2.8250000000000002
8.2750000000000004,18.175000000000001,2.875
8.2750000000000004,18.175000000000001,2.9250000000000003
8.2750000000000004,18.175000000000001,2.9750000000000001
8.2750000000000004,18.175000000000001,3.0250000000000004
8.2750000000000004,18.175000000000001,3.0750000000000002
8.2750000000000004,18.175000000000001,3.125
8.2750000000000004,18.225000000000001,1.8250000000000002
8.2750000000000004,18.225000000000001,1.875
8.2750000000000004,18.225000000000001,1.925
8.2750000000000004,18.225000000000001,1.9750000000000001
8.2750000000000004,18.225000000000001,2.0249999999999999
8.2750000000000004,18.225000000000001,2.0750000000000002
8.2750000000000004,18.225000000000001,2.125
8.2750000000000004,18.225000000000001,2.1750000000000003
8.2750000000000004,18.225000000000001,2.2250000000000001
8.2750000000000004,18.225000000000001,2.2749999999999999
8.2750000000000004,18.225000000000001,2.3250000000000002
8.2750000000000004,18.225000000000001,2.375
8.2750000000000004,18.225000000000001,2.4250000000000003
8.2750000000000004,18.225000000000001,2.4750000000000001
8.2750000000000004,18.225000000000001,2.5250000000000004
8.2750000000000004,18.225000000000001,2.5750000000000002
8.2750000000000004,18.225000000000001,2.625
8.2750000000000004,18.225000000000001,2.6750000000000003
8.2750000000000004,18.225000000000001,2.7250000000000001
8.2750000000000004,18.225000000000001,2.7750000000000004
8.2750000000000004,18.225000000000001,2.8250000000000002
8.2750000000000004,18.225000000000001,2.875
8.2750000000000004,18.225000000000001,2.9250000000000003
8.2750000000000004,18.225000000000001,2.9750000000000001
8.2750000000000004,18.225000000000001,3.0250000000000004
8.2750000000000004,18.225000000000001,3.0750000000000002
8.2750000000000004,18.225000000000001,3.125
8.2750000000000004,18.275000000000002,1.8250000000000002
8.2750000000000004,18.275000000000002,1.875
8.2750000000000004,18.275000000000002,1.925
8.2750000000000004,18.275000000000002,1.9750000000000001
8.2750000000000004,18.275000000000002,2.0249999999999999
8.2750000000000004,18.275000000000002,2.0750000000000002
8.2750000000000004,18.275000000000002,2.125
8.2750000000000004,18.275000000000002,2.1750000000000003
8.2750000000000004,18.275000000000002,2.2250000000000001
8.2750000000000004,18.275000000000002,2.2749999999999999
8.2750000000000004,18.275000000000002,2.3250000000000002
8.2750000000000004,18.275000000000002,2.375
8.2750000000000004,18.275000000000002,2.4250000000000003
8.2750000000000004,18.275000000000002,2.4750000000000001
8.2750000000000004,18.275000000000002,2.5250000000000004
8.2750000000000004,18.275000000000002,2.5750000000000002
8.2750000000000004,18.275000000000002,2.625
8.2750000000000004,18.275000000000002,2.6750000000000003
8.2750000000000004,18.275000000000002,2.7250000000000001
8.2750000000000004,18.275000000000002,2.7750000000000004
8.2750000000000004,18.275000000000002,2.8250000000000002
8.2750000000000004,18.275000000000002,2.875
8.2750000000000004,18.275000000000002,2.9250000000000003
8.2750000000000004,18.275000000000002,2.9750000000000001
8.2750000000000004,18.275000000000002,3.0250000000000004
8.2750000000000004,18.275000000000002,3.0750000000000002
8.2750000000000004,18.275000000000002,3.125
8.2750000000000004,18.324999999999999,3.0750000000000002
8.3250000000000011,18.175000000000001,2.1750000000000003
8.3250000000000011,18.175000000000001,2.2749999999999999
8.3250000000000011,18.175000000000001,2.8250000000000002
8.3250000000000011,18.175000000000001,2.9250000000000003
8.3250000000000011,18.175000000000001,3.0250000000000004
8.3250000000000011,18.175000000000001,3.125
8.3250000000000011,18.225000000000001,1.8250000000000002
8.3250000000000011,18.225000000000001,1.875
8.3250000000000011,18.225000000000001,1.925
8.3250000000000011,18.225000000000001,1.9750000000000001
8.3250000000000011,18.225000000000001,2.0249999999999999
8.3250000000000011,18.225000000000001,2.0750000000000002
8.3250000000000011,18.225000000000001,2.125
8.3250000000000011,18.225000000000001,2.1750000000000003
8.3250000000000011,18.225000000000001,2.2250000000000001
8.3250000000000011,18.225000000000001,2.2749999999999999
8.3250000000000011,18.225000000000001,2.3250000000000002
8.3250000000000011,18.225000000000001,2.375
8.3250000000000011,18.225000000000001,2.4250000000000003
8.3250000000000011,18.225000000000001,2.4750000000000001
8.3250000000000011,18.225000000000001,2.5250000000000004
8.3250000000000011,18.225000000000001,2.5750000000000002
8.3250000000000011,18.225000000000001,2.625
8.3250000000000011,18.225000000000001,2.6750000000000003
8.3250000000000011,18.225000000000001,2.7250000000000001
8.3250000000000011,18.225000000000001,2.7750000000000004
8.3250000000000011,18.225000000000001,2.8250000000000002
8.3250000000000011,18.225000000000001,2.875
8.3250000000000011,18.225000000000001,2.9250000000000003
8.3250000000000011,18.225000000000001,2.9750000000000001
8.3250000000000011,18.225000000000001,3.0250000000000004
8.3250000000000011,18.225000000000001,3.0750000000000002
8.3250000000000011,18.225000000000001,3.125
8.3250000000000011,18.275000000000002,1.8250000000000002
8.3250000000000011,18.275000000000002,1.875
8.3250000000000011,18.275000000000002,1.925
8.3250000000000011,18.275000000000002,1.9750000000000001
8.3250000000000011,18.275000000000002,2.0249999999999999
8.3250000000000011,18.275000000000002,2.0750000000000002
8.3250000000000011,18.275000000000002,2.125
8.3250000000000011,18.275000000000002,2.1750000000000003
8.3250000000000011,18.275000000000002,2.2250000000000001
8.3250000000000011,18.275000000000002,2.2749999999999999
8.3250000000000011,18.275000000000002,2.3250000000000002
8.3250000000000011,18.275000000000002,2.375
8.3250000000000011,18.275000000000002,2.4250000000000003
8.3250000000000011,18.275000000000002,2.4750000000000001
8.3250000000000011,18.275000000000002,2.5250000000000004
8.3250000000000011,18.275000000000002,2.5750000000000002
8.3250000000000011,18.275000000000002,2.625
8.3250000000000011,18.275000000000002,2.6750000000000003
8.3250000000000011,18.275000000000002,2.7250000000000001
8.3250000000000011,18.275000000000002,2.7750000000000004
8.3250000000000011,18.275000000000002,2.8250000000000002
8.3250000000000011,18.275000000000002,2.875
8.3250000000000011,18.275000000000002,2.9250000000000003
8.3250000000000011,18.275000000000002,2.9750000000000001
8.3250000000000011,18.275000000000002,3.0250000000000004
8.3250000000000011,18.275000000000002,3.0750000000000002
8.3250000000000011,18.275000000000002,3.125
8.3250000000000011,18.324999999999999,1.8250000000000002
8.3250000000000011,18.324999999999999,1.875
8.3250000000000011,18.324999999999999,1.925
8.3250000000000011,18.324999999999999,1.9750000000000001
8.3250000000000011,18.324999999999999,2.0249999999999999
8.3250000000000011,18.324999999999999,2.0750000000000002
8.3250000000000011,18.324999999999999,2.125
8.3250000000000011,18.324999999999999,2.1750000000000003
8.3250000000000011,18.324999999999999,2.2250000000000001
8.3250000000000011,18.324999999999999,2.2749999999999999
8.3250000000000011,18.324999999999999,2.3250000000000002
8.3250000000000011,18.324999999999999,2.375
8.3250000000000011,18.324999999999999,2.4250000000000003
8.3250000000000011,18.324999999999999,2.4750000000000001
8.3250000000000011,18.324999999999999,2.5250000000000004
8.3250000000000011,18.324999999999999,2.5750000000000002
8.3250000000000011,18.324999999999999,2.625
8.3250000000000011,18.324999999999999,2.6750000000000003
8.3250000000000011,18.324999999999999,2.7250000000000001
8.3250000000000011,18.324999999999999,2.7750000000000004
8.3250000000000011,18.324999999999999,2.8250000000000002
8.3250000000000011,18.324999999999999,2.875
8.3250000000000011,18.324999999999999,2.9250000000000003
8.3250000000000011,18.324999999999999,2.9750000000000001
8.3250000000000011,18.324999999999999,3.0250000000000004
8.3250000000000011,18.324999999999999,3.0750000000000002
8.3250000000000011,18.324999999999999,3.125
8.375,18.225000000000001,1.875
8.375,18.225000000000001,2.1750000000000003
8.375,18.225000000000001,2.2250000000000001
8.375,18.225000000000001,2.2749999999999999
8.375,18.225000000000001,2.375
8.375,18.225000000000001,2.4250000000000003
8.375,18.225000000000001,2.4750000000000001
8.375,18.225000000000001,2.5250000000000004
8.375,18.225000000000001,2.5750000000000002
8.375,18.225000000000001,2.625
8.375,18.225000000000001,2.6750000000000003
8.375,18.225000000000001,2.7250000000000001
8.375,18.225000000000001,2.7750000000000004
8.375,18.225000000000001,2.8250000000000002
8.375,18.225000000000001,2.875
8.375,18.225000000000001,2.9250000000000003
8.375,18.225000000000001,2.9750000000000001
8.375,18.225000000000001,3.0250000000000004
8.375,18.225000000000001,3.125
8.375,18.275000000000002,1.8250000000000002
8.375,18.275000000000002,1.875
8.375,18.275000000000002,1.925
8.375,18.275000000000002,1.9750000000000001
8.375,18.275000000000002,2.0249999999999999
8.375,18.275000000000002,2.0750000000000002
8.375,18.275000000000002,2.125
8.375,18.275000000000002,2.1750000000000003
8.375,18.275000000000002,2.2250000000000001
8.375,18.275000000000002,2.2749999999999999
8.375,18.275000000000002,2.3250000000000002
8.375,18.275000000000002,2.375
8.375,18.275000000000002,2.4250000000000003
8.375,18.275000000000002,2.4750000000000001
8.375,18.275000000000002,2.5250000000000004
8.375,18.275000000000002,2.5750000000000002
8.375,18.275000000000002,2.625
8.375,18.275000000000002,2.6750000000000003
8.375,18.275000000000002,2.7250000000000001
8.375,18.275000000000002,2.7750000000000004
8.375,18.275000000000002,2.8250000000000002
8.375,18.275000000000002,2.875
8.375,18.275000000000002,2.9250000000000003
8.375,18.275000000000002,2.9750000000000001
8.375,18.275000000000002,3.0250000000000004
8.375,18.275000000000002,3.0750000000000002
8.375,18.275000000000002,3.125
8.375,18.324999999999999,1.8250000000000002
8.375,18.324999999999999,1.875
8.375,18.324999999999999,1.925
8.375,18.324999999999999,1.9750000000000001
8.375,18.324999999999999,2.0249999999999999
8.375,18.324999999999999,2.0750000000000002
8.375,18.324999999999999,2.125
8.375,18.324999999999999,2.1750000000000003
8.375,18.324999999999999,2.2250000000000001
8.375,18.324999999999999,2.2749999999999999
8.375,18.324999999999999,2.3250000000000002
8.375,18.324999999999999,2.375
8.375,18.324999999999999,2.4250000000000003
8.375,18.324999999999999,2.4750000000000001
8.375,18.324999999999999,2.5250000000000004
8.375,18.324999999999999,2.5750000000000002
8.375,18.324999999999999,2.625
8.375,18.324999999999999,2.6750000000000003
8.375,18.324999999999999,2.7250000000000001
8.375,18.324999999999999,2.7750000000000004
8.375,18.324999999999999,2.8250000000000002
8.375,18.324999999999999,2.875
8.375,18.324999999999999,2.9250000000000003
8.375,18.324999999999999,2.9750000000000001
8.375,18.324999999999999,3.0250000000000004
8.375,18.324999999999999,3.0750000000000002
8.375,18.324999999999999,3.125
8.4250000000000007,18.275000000000002,1.875
8.4250000000000007,18.275000000000002,1.9750000000000001
8.4250000000000007,18.275000000000002,2.0750000000000002
8.4250000000000007,18.275000000000002,2.1750000000000003
8.4250000000000007,18.275000000000002,2.2250000000000001
8.4250000000000007,18.275000000000002,2.2749999999999999
8.4250000000000007,18.275000000000002,2.3250000000000002
8.4250000000000007,18.275000000000002,2.375
8.4250000000000007,18.275000000000002,2.4250000000000003
8.4250000000000007,18.275000000000002,2.4750000000000001
8.4250000000000007,18.275000000000002,2.5250000000000004
8.4250000000000007,18.275000000000002,2.5750000000000002
8.4250000000000007,18.275000000000002,2.625
8.4250000000000007,18.275000000000002,2.6750000000000003
8.4250000000000007,18.275000000000002,2.7250000000000001
8.4250000000000007,18.275000000000002,2.7750000000000004
8.4250000000000007,18.275000000000002,2.8250000000000002
8.4250000000000007,18.275000000000002,2.875
8.4250000000000007,18.275000000000002,2.9250000000000003
8.4250000000000007,18.275000000000002,2.9750000000000001
8.4250000000000007,18.275000000000002,3.0250000000000004
8.4250000000000007,18.275000000000002,3.0750000000000002
8.4250000000000007,18.275000000000002,3.125
8.4250000000000007,18.324999999999999,1.8250000000000002
8.4250000000000007,18.324999999999999,1.875
8.4250000000000007,18.324999999999999,1.925
8.4250000000000007,18.324999999999999,1.9750000000000001
8.4250000000000007,18.324999999999999,2.0249999999999999
8.4250000000000007,18.324999999999999,2.0750000000000002
8.4250000000000007,18.324999999999999,2.125
8.4250000000000007,18.324999999999999,2.1750000000000003
8.4250000000000007,18.324999999999999,2.2250000000000001
8.4250000000000007,18.324999999999999,2.2749999999999999
8.4250000000000007,18.324999999999999,2.3250000000000002
8.4250000000000007,18.324999999999999,2.375
8.4250000000000007,18.324999999999999,2.4250000000000003
8.4250000000000007,18.324999999999999,2.4750000000000001
8.4250000000000007,18.324999999999999,2.5250000000000004
8.4250000000000007,18.324999999999999,2.5750000000000002
8.4250000000000007,18.324999999999999,2.625
8.4250000000000007,18.324999999999999,2.6750000000000003
8.4250000000000007,18.324999999999999,2.7250000000000001
8.4250000000000007,18.324999999999999,2.7750000000000004
8.4250000000000007,18.324999999999999,2.8250000000000002
8.4250000000000007,18.324999999999999,2.875
8.4250000000000007,18.324999999999999,2.9250000000000003
8.4250000000000007,18.324999999999999,2.9750000000000001
8.4250000000000007,18.324999999999999,3.0250000000000004
8.4250000000000007,18.324999999999999,3.0750000000000002
8.4250000000000007,18.324999999999999,3.125
8.4749999999999996,18.275000000000002,2.1750000000000003
8.4749999999999996,18.275000000000002,2.2749999999999999
8.4749999999999996,18.275000000000002,2.375
8.4749999999999996,18.275000000000002,2.4750000000000001
8.4749999999999996,18.275000000000002,2.5250000000000004
8.4749999999999996,18.275000000000002,2.5750000000000002
8.4749999999999996,18.275000000000002,2.625
8.4749999999999996,18.275000000000002,2.6750000000000003
8.4749999999999996,18.275000000000002,2.7250000000000001
8.4749999999999996,18.275000000000002,2.7750000000000004
8.4749999999999996,18.275000000000002,2.8250000000000002
8.4749999999999996,18.275000000000002,2.9250000000000003
8.4749999999999996,18.275000000000002,3.0250000000000004
8.4749999999999996,18.324999999999999,1.8250000000000002
8.4749999999999996,18.324999999999999,1.875
8.4749999999999996,18.324999999999999,1.925
8.4749999999999996,18.324999999999999,1.9750000000000001
8.4749999999999996,18.324999999999999,2.0249999999999999
8.4749999999999996,18.324999999999999,2.0750000000000002
8.4749999999999996,18.324999999999999,2.125
8.4749999999999996,18.324999999999999,2.1750000000000003
8.4749999999999996,18.324999999999999,2.2250000000000001
8.4749999999999996,18.324999999999999,2.2749999999999999
8.4749999999999996,18.324999999999999,2.3250000000000002
8.4749999999999996,18.324999999999999,2.375
8.4749999999999996,18.324999999999999,2.4250000000000003
8.4749999999999996,18.324999999999999,2.4750000000000001
8.4749999999999996,18.324999999999999,2.5250000000000004
8.4749999999999996,18.324999999999999,2.5750000000000002
8.4749999999999996,18.324999999999999,2.625
8.4749999999999996,18.324999999999999,2.6750000000000003
8.4749999999999996,18.324999999999999,2.7250000000000001
8.4749999999999996,18.324999999999999,2.7750000000000004
8.4749999999999996,18.324999999999999,2.8250000000000002
8.4749999999999996,18.324999999999999,2.875
8.4749999999999996,18.324999999999999,2.9250000000000003
8.4749999999999996,18.324999999999999,2.9750000000000001
8.4749999999999996,18.324999999999999,3.0250000000000004
8.4749999999999996,18.324999999999999,3.0750000000000002
8.4749999999999996,18.324999999999999,3.125
8.5250000000000004,18.324999999999999,1.875
8.5250000000000004,18.324999999999999,1.9750000000000001
8.5250000000000004,18.324999999999999,2.0750000000000002
8.5250000000000004,18.324999999999999,2.1750000000000003
8.5250000000000004,18.324999999999999,2.2250000000000001
8.5250000000000004,18.324999999999999,2.2749999999999999
8.5250000000000004,18.324999999999999,2.3250000000000002
8.5250000000000004,18.324999999999999,2.375
8.5250000000000004,18.324999999999999,2.4250000000000003
8.5250000000000004,18.324999999999999,2.4750000000000001
8.5250000000000004,18.324999999999999,2.5250000000000004
8.5250000000000004,18.324999999999999,2.5750000000000002
8.5250000000000004,18.324999999999999,2.625
8.5250000000000004,18.324999999999999,2.6750000000000003
8.5250000000000004,18.324999999999999,2.7250000000000001
8.5250000000000004,18.324999999999999,2.7750000000000004
8.5250000000000004,18.324999999999999,2.8250000000000002
8.5250000000000004,18.324999999999999,2.875
8.5250000000000004,18.324999999999999,2.9250000000000003
8.5250000000000004,18.324999999999999,2.9750000000000001
8.5250000000000004,18.324999999999999,3.0250000000000004
8.5250000000000004,18.324999999999999,3.0750000000000002
8.5250000000000004,18.324999999999999,3.125
8.5750000000000011,18.324999999999999,2.1750000000000003
8.5750000000000011,18.324999999999999,2.2749999999999999
8.5750000000000011,18.324999999999999,2.375
8.5750000000000011,18.324999999999999,2.4750000000000001
8.5750000000000011,18.324999999999999,2.5250000000000004
8.5750000000000011,18.324999999999999,2.5750000000000002
8.5750000000000011,18.324999999999999,2.625
8.5750000000000011,18.324999999999999,2.6750000000000003
8.5750000000000011,18.324999999999999,2.7250000000000001
8.5750000000000011,18.324999999999999,2.7750000000000004
8.5750000000000011,18.324999999999999,2.8250000000000002
8.5750000000000011,18.324999999999999,2.875
8.5750000000000011,18.324999999999999,2.9250000000000003
8.5750000000000011,18.324999999999999,3.0250000000000004
8.5750000000000011,18.324999999999999,3.125
8.9250000000000007,18.324999999999999,2.2749999999999999
8.9749999999999996,18.324999999999999,1.875
8.9749999999999996,18.324999999999999,1.9750000000000001
8.9749999999999996,18.324999999999999,2.0750000000000002
8.9749999999999996,18.324999999999999,2.1750000000000003
8.9749999999999996,18.324999999999999,2.2749999999999999
8.9749999999999996,18.324999999999999,2.375
8.9749999999999996,18.324999999999999,2.9250000000000003
8.9749999999999996,18.324999999999999,3.0250000000000004
8.9749999999999996,18.324999999999999,3.125
9.0250000000000004,18.324999999999999,1.8250000000000002
9.0250000000000004,18.324999999999999,1.875
9.0250000000000004,18.324999999999999,1.925
9.0250000000000004,18.324999999999999,1.9750000000000001
9.0250000000000004,18.324999999999999,2.0249999999999999
9.0250000000000004,18.324999999999999,2.0750000000000002
9.0250000000000004,18.324999999999999,2.125
9.0250000000000004,18.324999999999999,2.1750000000000003
9.0250000000000004,18.324999999999999,2.2250000000000001
9.0250000000000004,18.324999999999999,2.2749999999999999
9.0250000000000004,18.324999999999999,2.3250000000000002
9.0250000000000004,18.324999999999999,2.375
9.0250000000000004,18.324999999999999,2.4250000000000003
9.0250000000000004,18.324999999999999,2.4750000000000001
9.0250000000000004,18.324999999999999,2.5250000000000004
9.0250000000000004,18.324999999999999,2.5750000000000002
9.0250000000000004,18.324999999999999,2.625
9.0250000000000004,18.324999999999999,2.6750000000000003
9.0250000000000004,18.324999999999999,2.7250000000000001
9.0250000000000004,18.324999999999999,2.7750000000000004
9.0250000000000004,18.324999999999999,2.8250000000000002
9.0250000000000004,18.324999999999999,2.875
9.0250000000000004,18.324999999999999,2.9250000000000003
9.0250000000000004,18.324999999999999,2.9750000000000001
9.0250000000000004,18.324999999999999,3.0250000000000004
9.0250000000000004,18.324999999999999,3.0750000000000002
9.0250000000000004,18.324999999999999,3.125
9.0750000000000011,18.275000000000002,1.8250000000000002
9.0750000000000011,18.275000000000002,1.875
9.0750000000000011,18.275000000000002,1.925
9.0750000000000011,18.275000000000002,1.9750000000000001
9.0750000000000011,18.275000000000002,2.0249999999999999
9.0750000000000011,18.275000000000002,2.0750000000000002
9.0750000000000011,18.275000000000002,2.1750000000000003
9.0750000000000011,18.275000000000002,2.2749999999999999
9.0750000000000011,18.275000000000002,2.375
9.0750000000000011,18.275000000000002,2.4250000000000003
9.0750000000000011,18.275000000000002,2.4750000000000001
9.0750000000000011,18.275000000000002,2.5250000000000004
9.0750000000000011,18.275000000000002,2.5750000000000002
9.0750000000000011,18.275000000000002,2.625
9.0750000000000011,18.275000000000002,2.7250000000000001
9.0750000000000011,18.275000000000002,2.8250000000000002
9.0750000000000011,18.275000000000002,2.9250000000000003
9.0750000000000011,18.275000000000002,3.0250000000000004
9.0750000000000011,18.275000000000002,3.125
9.0750000000000011,18.324999999999999,1.8250000000000002
9.0750000000000011,18.324999999999999,1.875
9.0750000000000011,18.324999999999999,1.925
9.0750000000000011,18.324999999999999,1.9750000000000001
9.0750000000000011,18.324999999999999,2.0249999999999999
9.0750000000000011,18.324999999999999,2.0750000000000002
9.0750000000000011,18.324999999999999,2.125
9.0750000000000011,18.324999999999999,2.1750000000000003
9.0750000000000011,18.324999999999999,2.2250000000000001
9.0750000000000011,18.324999999999999,2.2749999999999999
9.0750000000000011,18.324999999999999,2.3250000000000002
9.0750000000000011,18.324999999999999,2.375
9.0750000000000011,18.324999999999999,2.4250000000000003
9.0750000000000011,18.324999999999999,2.4750000000000001
9.0750000000000011,18.324999999999999,2.5250000000000004
9.0750000000000011,18.324999999999999,2.5750000000000002
9.0750000000000011,18.324999999999999,2.625
9.0750000000000011,18.324999999999999,2.6750000000000003
9.0750000000000011,18.324999999999999,2.7250000000000001
9.0750000000000011,18.324999999999999,2.7750000000000004
9.0750000000000011,18.324999999999999,2.8250000000000002
9.0750000000000011,18.324999999999999,2.875
9.0750000000000011,18.324999999999999,2.9250000000000003
9.0750000000000011,18.324999999999999,2.9750000000000001
9.0750000000000011,18.324999999999999,3.0250000000000004
9.0750000000000011,18.324999999999999,3.0750000000000002
9.0750000000000011,18.324999999999999,3.125
9.125,18.225000000000001,1.875
9.125,18.275000000000002,1.8250000000000002
9.125,18.275000000000002,1.875
9.125,18.275000000000002,1.925
9.125,18.275000000000002,1.9750000000000001
9.125,18.275000000000002,2.0249999999999999
9.125,18.275000000000002,2.0750000000000002
9.125,18.275000000000002,2.125
9.125,18.275000000000002,2.1750000000000003
9.125,18.275000000000002,2.2250000000000001
9.125,18.275000000000002,2.2749999999999999
9.125,18.275000000000002,2.3250000000000002
9.125,18.275000000000002,2.375
9.125,18.275000000000002,2.4250000000000003
9.125,18.275000000000002,2.4750000000000001
9.125,18.275000000000002,2.5250000000000004
9.125,18.275000000000002,2.5750000000000002
9.125,18.275000000000002,2.625
9.125,18.275000000000002,2.6750000000000003
9.125,18.275000000000002,2.7250000000000001
9.125,18.275000000000002,2.7750000000000004
9.125,18.275000000000002,2.8250000000000002
9.125,18.275000000000002,2.875
9.125,18.275000000000002,2.9250000000000003
9.125,18.275000000000002,2.9750000000000001
9.125,18.275000000000002,3.0250000000000004
9.125,18.275000000000002,3.0750000000000002
9.125,18.275000000000002,3.125
9.125,18.324999999999999,1.8250000000000002
9.125,18.324999999999999,1.875
9.125,18.324999999999999,1.925
9.125,18.324999999999999,1.9750000000000001
9.125,18.324999999999999,2.0249999999999999
9.125,18.324999999999999,2.0750000000000002
9.125,18.324999999999999,2.125
9.125,18.324999999999999,2.1750000000000003
9.125,18.324999999999999,2.2250000000000001
9.125,18.324999999999999,2.2749999999999999
9.125,18.324999999999999,2.3250000000000002
9.125,18.324999999999999,2.375
9.125,18.324999999999999,2.4250000000000003
9.125,18.324999999999999,2.4750000000000001
9.125,18.324999999999999,2.5250000000000004
9.125,18.324999999999999,2.5750000000000002
9.125,18.324999999999999,2.625
9.125,18.324999999999999,2.6750000000000003
9.125,18.324999999999999,2.7250000000000001
9.125,18.324999999999999,2.7750000000000004
9.125,18.324999999999999,2.8250000000000002
9.125,18.324999999999999,2.875
9.125,18.324999999999999,2.9250000000000003
9.125,18.324999999999999,2.9750000000000001
9.125,18.324999999999999,3.0250000000000004
9.125,18.324999999999999,3.0750000000000002
9.125,18.324999999999999,3.125
9.1750000000000007,18.225000000000001,1.8250000000000002
9.1750000000000007,18.225000000000001,1.875
9.1750000000000007,18.225000000000001,1.925
9.1750000000000007,18.225000000000001,1.9750000000000001
9.1750000000000007,18.225000000000001,2.0249999999999999
9.1750000000000007,18.225000000000001,2.0750000000000002
9.1750000000000007,18.225000000000001,2.125
9.1750000000000007,18.225000000000001,2.1750000000000003
9.1750000000000007,18.225000000000001,2.2250000000000001
9.1750000000000007,18.225000000000001,2.2749999999999999
9.1750000000000007,18.225000000000001,2.375
9.1750000000000007,18.225000000000001,2.4250000000000003
9.1750000000000007,18.225000000000001,2.4750000000000001
9.1750000000000007,18.225000000000001,2.5250000000000004
9.1750000000000007,18.225000000000001,2.5750000000000002
9.1750000000000007,18.225000000000001,2.625
9.1750000000000007,18.225000000000001,2.6750000000000003
9.1750000000000007,18.225000000000001,2.7250000000000001
9.1750000000000007,18.225000000000001,2.7750000000000004
9.1750000000000007,18.225000000000001,2.8250000000000002
9.1750000000000007,18.225000000000001,2.875
9.1750000000000007,18.225000000000001,2.9250000000000003
9.1750000000000007,18.225000000000001,2.9750000000000001
9.1750000000000007,18.225000000000001,3.0250000000000004
9.1750000000000007,18.225000000000001,3.0750000000000002
9.1750000000000007,18.225000000000001,3.125
9.1750000000000007,18.275000000000002,1.875
9.1750000000000007,18.275000000000002,1.925
9.1750000000000007,18.275000000000002,1.9750000000000001
9.1750000000000007,18.275000000000002,2.0249999999999999
9.1750000000000007,18.275000000000002,2.0750000000000002
9.1750000000000007,18.275000000000002,2.125
9.1750000000000007,18.275000000000002,2.1750000000000003
9.1750000000000007,18.275000000000002,2.2250000000000001
9.1750000000000007,18.275000000000002,2.2749999999999999
9.1750000000000007,18.275000000000002,2.3250000000000002
9.1750000000000007,18.275000000000002,2.375
9.1750000000000007,18.275000000000002,2.4250000000000003
9.1750000000000007,18.275000000000002,2.4750000000000001
9.1750000000000007,18.275000000000002,2.5250000000000004
9.1750000000000007,18.275000000000002,2.5750000000000002
9.1750000000000007,18.275000000000002,2.625
9.1750000000000007,18.275000000000002,2.6750000000000003
9.1750000000000007,18.275000000000002,2.7250000000000001
9.1750000000000007,18.275000000000002,2.7750000000000004
9.1750000000000007,18.275000000000002,2.8250000000000002
9.1750000000000007,18.275000000000002,2.875
9.1750000000000007,18.275000000000002,2.9250000000000003
9.1750000000000007,18.275000000000002,2.9750000000000001
9.1750000000000007,18.275000000000002,3.0250000000000004
9.1750000000000007,18.275000000000002,3.0750000000000002
9.1750000000000007,18.275000000000002,3.125
9.2249999999999996,18.175000000000001,1.875
9.2249999999999996,18.175000000000001,1.925
9.2249999999999996,18.175000000000001,2.0249999999999999
9.2249999999999996,18.175000000000001,2.125
9.2249999999999996,18.175000000000001,2.1750000000000003
9.2249999999999996,18.175000000000001,2.375
9.2249999999999996,18.175000000000001,2.8250000000000002
9.2249999999999996,18.175000000000001,2.875
9.2249999999999996,18.175000000000001,2.9250000000000003
9.2249999999999996,18.175000000000001,3.0250000000000004
9.2249999999999996,18.175000000000001,3.0750000000000002
9.2249999999999996,18.225000000000001,2.2749999999999999
9.2249999999999996,18.225000000000001,2.3250000000000002
9.2249999999999996,18.225000000000001,2.375
9.2249999999999996,18.225000000000001,2.4250000000000003
9.2249999999999996,18.225000000000001,2.4750000000000001
9.2249999999999996,18.225000000000001,2.5250000000000004
9.2249999999999996,18.225000000000001,2.5750000000000002
9.2249999999999996,18.225000000000001,2.7250000000000001
9.2249999999999996,18.225000000000001,2.8250000000000002
9.2249999999999996,18.225000000000001,2.875
9.2249999999999996,18.225000000000001,2.9250000000000003
9.2249999999999996,18.225000000000001,2.9750000000000001
9.2249999999999996,18.225000000000001,3.0250000000000004
9.2249999999999996,18.225000000000001,3.125
8.0750000000000011,17.824999999999999,2.4250000000000003
8.0750000000000011,17.824999999999999,2.9250000000000003
8.0750000000000011,17.875,2.5250000000000004
8.125,17.775000000000002,3.0250000000000004
8.125,17.775000000000002,3.0750000000000002
8.125,17.824999999999999,1.875
8.125,17.824999999999999,1.925
8.125,17.824999999999999,1.9750000000000001
8.125,17.824999999999999,2.0750000000000002
8.125,17.824999999999999,2.1750000000000003
8.125,17.824999999999999,2.2749999999999999
8.125,17.824999999999999,2.375
8.125,17.824999999999999,2.4250000000000003
8.125,17.824999999999999,2.4750000000000001
8.125,17.824999999999999,2.5250000000000004
8.125,17.824999999999999,2.5750000000000002
8.125,17.824999999999999,2.625
8.125,17.824999999999999,2.6750000000000003
8.125,17.824999999999999,2.7250000000000001
8.125,17.824999999999999,2.7750000000000004
8.125,17.824999999999999,2.8250000000000002
8.125,17.824999999999999,2.875
8.125,17.824999999999999,2.9250000000000003
8.125,17.824999999999999,2.9750000000000001
8.125,17.824999999999999,3.0250000000000004
8.125,17.824999999999999,3.125
8.125,17.875,1.8250000000000002
8.125,17.875,1.875
8.125,17.875,1.9750000000000001
8.125,17.875,2.0249999999999999
8.125,17.875,2.0750000000000002
8.125,17.875,2.125
8.125,17.875,2.1750000000000003
8.125,17.875,2.2250000000000001
8.125,17.875,2.2749999999999999
8.125,17.875,2.3250000000000002
8.125,17.875,2.375
8.125,17.875,2.4250000000000003
8.125,17.875,2.4750000000000001
8.125,17.875,2.5250000000000004
8.125,17.875,2.5750000000000002
8.125,17.875,2.625
8.125,17.875,2.6750000000000003
8.125,17.875,2.7250000000000001
8.125,17.875,2.8250000000000002
8.125,17.875,2.875
8.125,17.875,2.9250000000000003
8.125,17.875,2.9750000000000001
8.125,17.875,3.0250000000000004
8.125,17.875,3.0750000000000002
8.125,17.875,3.125
8.125,17.925000000000001,1.8250000000000002
8.125,17.925000000000001,1.875
8.125,17.925000000000001,1.925
8.125,17.925000000000001,1.9750000000000001
8.125,17.925000000000001,2.0249999999999999
8.125,17.925000000000001,2.0750000000000002
8.125,17.925000000000001,2.125
8.125,17.925000000000001,2.1750000000000003
8.125,17.925000000000001,2.2250000000000001
8.125,17.925000000000001,2.2749999999999999
8.125,17.925000000000001,2.3250000000000002
8.125,17.925000000000001,2.375
8.125,17.925000000000001,2.4250000000000003
8.125,17.925000000000001,2.4750000000000001
8.125,17.925000000000001,2.5250000000000004
8.125,17.925000000000001,2.5750000000000002
8.125,17.925000000000001,2.625
8.125,17.925000000000001,2.6750000000000003
8.125,17.925000000000001,2.7250000000000001
8.125,17.925000000000001,2.7750000000000004
8.125,17.925000000000001,2.8250000000000002
8.125,17.925000000000001,2.875
8.125,17.925000000000001,2.9250000000000003
8.125,17.925000000000001,2.9750000000000001
8.125,17.925000000000001,3.0250000000000004
8.125,17.925000000000001,3.0750000000000002
8.125,17.925000000000001,3.125
8.125,17.975000000000001,1.8250000000000002
8.125,17.975000000000001,1.875
8.125,17.975000000000001,1.925
8.125,17.975000000000001,1.9750000000000001
8.125,17.975000000000001,2.0249999999999999
8.125,17.975000000000001,2.0750000000000002
8.125,17.975000000000001,2.125
8.125,17.975000000000001,2.1750000000000003
8.125,17.975000000000001,2.2250000000000001
8.125,17.975000000000001,2.2749999999999999
8.125,17.975000000000001,2.3250000000000002
8.125,17.975000000000001,2.375
8.125,17.975000000000001,2.4250000000000003
8.125,17.975000000000001,2.4750000000000001
8.125,17.975000000000001,2.5250000000000004
8.125,17.975000000000001,2.5750000000000002
8.125,17.975000000000001,2.625
8.125,17.975000000000001,2.6750000000000003
8.125,17.975000000000001,2.7250000000000001
8.125,17.975000000000001,2.7750000000000004
8.125,17.975000000000001,2.8250000000000002
8.125,17.975000000000001,2.875
8.125,17.975000000000001,2.9250000000000003
8.125,17.975000000000001,2.9750000000000001
8.125,17.975000000000001,3.0250000000000004
8.125,17.975000000000001,3.0750000000000002
8.125,17.975000000000001,3.125
8.125,18.025000000000002,1.875
8.125,18.025000000000002,1.925
8.125,18.025000000000002,1.9750000000000001
8.125,18.025000000000002,2.0249999999999999
8.125,18.025000000000002,2.0750000000000002
8.125,18.025000000000002,2.125
8.125,18.025000000000002,2.1750000000000003
8.125,18.025000000000002,2.2250000000000001
8.125,18.025000000000002,2.2749999999999999
8.125,18.025000000000002,2.3250000000000002
8.125,18.025000000000002,2.375
8.125,18.025000000000002,2.4250000000000003
8.125,18.025000000000002,2.4750000000000001
8.125,18.025000000000002,2.5250000000000004
8.125,18.025000000000002,2.5750000000000002
8.125,18.025000000000002,2.625
8.125,18.025000000000002,2.6750000000000003
8.125,18.025000000000002,2.7250000000000001
8.125,18.025000000000002,2.7750000000000004
8.125,18.025000000000002,2.8250000000000002
8.125,18.025000000000002,2.875
8.125,18.025000000000002,2.9250000000000003
8.125,18.025000000000002,2.9750000000000001
8.125,18.025000000000002,3.0250000000000004
8.125,18.025000000000002,3.0750000000000002
8.125,18.025000000000002,3.125
8.125,18.074999999999999,1.875
8.125,18.074999999999999,1.925
8.125,18.074999999999999,1.9750000000000001
8.125,18.074999999999999,2.0249999999999999
8.125,18.074999999999999,2.0750000000000002
8.125,18.074999999999999,2.125
8.125,18.074999999999999,2.1750000000000003
8.125,18.074999999999999,2.2250000000000001
8.125,18.074999999999999,2.2749999999999999
8.125,18.074999999999999,2.3250000000000002
8.125,18.074999999999999,2.375
8.125,18.074999999999999,2.4250000000000003
8.125,18.074999999999999,2.625
8.125,18.074999999999999,2.6750000000000003
8.125,18.074999999999999,3.0750000000000002
8.125,18.125,2.1750000000000003
8.1750000000000007,17.975000000000001,1.875
8.1750000000000007,17.975000000000001,1.9750000000000001
8.1750000000000007,17.975000000000001,2.0750000000000002
8.1750000000000007,17.975000000000001,2.1750000000000003
8.1750000000000007,17.975000000000001,2.2250000000000001
8.1750000000000007,17.975000000000001,2.2749999999999999
8.1750000000000007,17.975000000000001,2.3250000000000002
8.1750000000000007,17.975000000000001,2.375
8.1750000000000007,17.975000000000001,2.5250000000000004
8.1750000000000007,17.975000000000001,2.625
8.1750000000000007,17.975000000000001,2.7250000000000001
8.1750000000000007,17.975000000000001,2.8250000000000002
8.1750000000000007,17.975000000000001,2.9250000000000003
8.1750000000000007,17.975000000000001,2.9750000000000001
8.1750000000000007,17.975000000000001,3.0250000000000004
8.1750000000000007,17.975000000000001,3.0750000000000002
8.1750000000000007,17.975000000000001,3.125
8.1750000000000007,18.025000000000002,1.8250000000000002
8.1750000000000007,18.025000000000002,1.875
8.1750000000000007,18.025000000000002,1.925
8.1750000000000007,18.025000000000002,1.9750000000000001
8.1750000000000007,18.025000000000002,2.0249999999999999
8.1750000000000007,18.025000000000002,2.0750000000000002
8.1750000000000007,18.025000000000002,2.125
8.1750000000000007,18.025000000000002,2.1750000000000003
8.1750000000000007,18.025000000000002,2.2250000000000001
8.1750000000000007,18.025000000000002,2.2749999999999999
8.1750000000000007,18.025000000000002,2.3250000000000002
8.1750000000000007,18.025000000000002,2.375
8.1750000000000007,18.025000000000002,2.4250000000000003
8.1750000000000007,18.025000000000002,2.4750000000000001
8.1750000000000007,18.025000000000002,2.5250000000000004
8.1750000000000007,18.025000000000002,2.5750000000000002
8.1750000000000007,18.025000000000002,2.625
8.1750000000000007,18.025000000000002,2.6750000000000003
8.1750000000000007,18.025000000000002,2.7250000000000001
8.1750000000000007,18.025000000000002,2.7750000000000004
8.1750000000000007,18.025000000000002,2.8250000000000002
8.1750000000000007,18.025000000000002,2.875
8.1750000000000007,18.025000000000002,2.9250000000000003
8.1750000000000007,18.025000000000002,2.9750000000000001
8.1750000000000007,18.025000000000002,3.0250000000000004
8.1750000000000007,18.025000000000002,3.0750000000000002
8.1750000000000007,18.025000000000002,3.125
8.1750000000000007,18.074999999999999,1.8250000000000002
8.1750000000000007,18.074999999999999,1.875
8.1750000000000007,18.074999999999999,1.925
8.1750000000000007,18.074999999999999,1.9750000000000001
8.1750000000000007,18.074999999999999,2.0249999999999999
8.1750000000000007,18.074999999999999,2.0750000000000002
8.1750000000000007,18.074999999999999,2.125
8.1750000000000007,18.074999999999999,2.1750000000000003
8.1750000000000007,18.074999999999999,2.2250000000000001
8.1750000000000007,18.074999999999999,2.2749999999999999
8.1750000000000007,18.074999999999999,2.3250000000000002
8.1750000000000007,18.074999999999999,2.375
8.1750000000000007,18.074999999999999,2.4250000000000003
8.1750000000000007,18.074999999999999,2.4750000000000001
8.1750000000000007,18.074999999999999,2.5250000000000004
8.1750000000000007,18.074999999999999,2.5750000000000002
8.1750000000000007,18.074999999999999,2.625
8.1750000000000007,18.074999999999999,2.6750000000000003
8.1750000000000007,18.074999999999999,2.7250000000000001
8.1750000000000007,18.074999999999999,2.7750000000000004
8.1750000000000007,18.074999999999999,2.8250000000000002
8.1750000000000007,18.074999999999999,2.875
8.1750000000000007,18.074999999999999,2.9250000000000003
8.1750000000000007,18.074999999999999,2.9750000000000001
8.1750000000000007,18.074999999999999,3.0250000000000004
8.1750000000000007,18.074999999999999,3.0750000000000002
8.1750000000000007,18.074999999999999,3.125
8.1750000000000007,18.125,1.8250000000000002
8.1750000000000007,18.125,1.875
8.1750000000000007,18.125,1.925
8.1750000000000007,18.125,1.9750000000000001
8.1750000000000007,18.125,2.0249999999999999
8.1750000000000007,18.125,2.0750000000000002
8.1750000000000007,18.125,2.125
8.1750000000000007,18.125,2.1750000000000003
8.1750000000000007,18.125,2.2250000000000001
8.1750000000000007,18.125,2.2749999999999999
8.1750000000000007,18.125,2.3250000000000002
8.1750000000000007,18.125,2.375
8.1750000000000007,18.125,2.4250000000000003
8.1750000000000007,18.125,2.4750000000000001
8.1750000000000007,18.125,2.5250000000000004
8.1750000000000007,18.125,2.5750000000000002
8.1750000000000007,18.125,2.625
8.1750000000000007,18.125,2.6750000000000003
8.1750000000000007,18.125,2.7250000000000001
8.1750000000000007,18.125,2.7750000000000004
8.1750000000000007,18.125,2.8250000000000002
8.1750000000000007,18.125,2.875
8.1750000000000007,18.125,2.9250000000000003
8.1750000000000007,18.125,2.9750000000000001
8.1750000000000007,18.125,3.0250000000000004
8.1750000000000007,18.125,3.0750000000000002
8.1750000000000007,18.125,3.125
8.1750000000000007,18.175000000000001,1.8250000000000002
8.1750000000000007,18.175000000000001,1.875
8.1750000000000007,18.175000000000001,1.925
8.1750000000000007,18.175000000000001,1.9750000000000001
8.1750000000000007,18.175000000000001,2.0750000000000002
8.1750000000000007,18.175000000000001,2.2250000000000001
8.1750000000000007,18.175000000000001,2.2749999999999999
8.1750000000000007,18.175000000000001,2.3250000000000002
8.1750000000000007,18.175000000000001,2.375
8.1750000000000007,18.175000000000001,2.4250000000000003
8.1750000000000007,18.175000000000001,2.4750000000000001
8.1750000000000007,18.175000000000001,2.5250000000000004
8.1750000000000007,18.175000000000001,2.5750000000000002
8.1750000000000007,18.175000000000001,2.625
8.1750000000000007,18.175000000000001,2.6750000000000003
8.1750000000000007,18.175000000000001,2.7250000000000001
8.1750000000000007,18.175000000000001,2.7750000000000004
8.1750000000000007,18.175000000000001,2.8250000000000002
8.1750000000000007,18.175000000000001,2.875
8.1750000000000007,18.175000000000001,2.9250000000000003
8.1750000000000007,18.175000000000001,2.9750000000000001
8.1750000000000007,18.175000000000001,3.0250000000000004
8.1750000000000007,18.175000000000001,3.0750000000000002
8.2249999999999996,18.074999999999999,1.875
8.2249999999999996,18.074999999999999,1.9750000000000001
8.2249999999999996,18.074999999999999,2.0750000000000002
8.2249999999999996,18.074999999999999,2.125
8.2249999999999996,18.074999999999999,2.1750000000000003
8.2249999999999996,18.074999999999999,2.2250000000000001
8.2249999999999996,18.074999999999999,2.2749999999999999
8.2249999999999996,18.074999999999999,2.375
8.2249999999999996,18.074999999999999,2.7250000000000001
8.2249999999999996,18.074999999999999,2.8250000000000002
8.2249999999999996,18.074999999999999,2.9250000000000003
8.2249999999999996,18.074999999999999,2.9750000000000001
8.2249999999999996,18.074999999999999,3.0250000000000004
8.2249999999999996,18.074999999999999,3.0750000000000002
8.2249999999999996,18.074999999999999,3.125
8.2249999999999996,18.125,1.8250000000000002
8.2249999999999996,18.125,1.875
8.2249999999999996,18.125,1.925
8.2249999999999996,18.125,1.9750000000000001
8.2249999999999996,18.125,2.0249999999999999
8.2249999999999996,18.125,2.0750000000000002
8.2249999999999996,18.125,2.125
8.2249999999999996,18.125,2.1750000000000003
8.2249999999999996,18.125,2.2250000000000001
8.2249999999999996,18.125,2.2749999999999999
8.2249999999999996,18.125,2.3250000000000002
8.2249999999999996,18.125,2.375
8.2249999999999996,18.125,2.4250000000000003
8.2249999999999996,18.125,2.4750000000000001
8.2249999999999996,18.125,2.5250000000000004
8.2249999999999996,18.125,2.5750000000000002
8.2249999999999996,18.125,2.625
8.2249999999999996,18.125,2.6750000000000003
8.2249999999999996,18.125,2.7250000000000001
8.2249999999999996,18.125,2.7750000000000004
8.2249999999999996,18.125,2.8250000000000002
8.2249999999999996,18.125,2.875
8.2249999999999996,18.125,2.9250000000000003
8.2249999999999996,18.125,2.9750000000000001
8.2249999999999996,18.125,3.0250000000000004
8.2249999999999996,18.125,3.0750000000000002
8.2249999999999996,18.125,3.125
8.2249999999999996,18.175000000000001,1.8250000000000002
8.2249999999999996,18.175000000000001,1.875
8.2249999999999996,18.175000000000001,1.925
8.2249999999999996,18.175000000000001,1.9750000000000001
8.2249999999999996,18.175000000000001,2.0249999999999999
8.2249999999999996,18.175000000000001,2.0750000000000002
8.2249999999999996,18.175000000000001,2.125
8.2249999999999996,18.175000000000001,2.1750000000000003
8.2249999999999996,18.175000000000001,2.2250000000000001
8.2249999999999996,18.175000000000001,2.2749999999999999
8.2249999999999996,18.175000000000001,2.3250000000000002
8.2249999999999996,18.175000000000001,2.375
8.2249999999999996,18.175000000000001,2.4250000000000003
8.2249999999999996,18.175000000000001,2.4750000000000001
8.2249999999999996,18.175000000000001,2.5250000000000004
8.2249999999999996,18.175000000000001,2.5750000000000002
8.2249999999999996,18.175000000000001,2.625
8.2249999999999996,18.175000000000001,2.6750000000000003
8.2249999999999996,18.175000000000001,2.7250000000000001
8.2249999999999996,18.175000000000001,2.7750000000000004
8.2249999999999996,18.175000000000001,2.8250000000000002
8.2249999999999996,18.175000000000001,2.875
8.2249999999999996,18.175000000000001,2.9250000000000003
8.2249999999999996,18.175000000000001,2.9750000000000001
8.2249999999999996,18.175000000000001,3.0250000000000004
8.2249999999999996,18.175000000000001,3.0750000000000002
8.2249999999999996,18.175000000000001,3.125
8.2249999999999996,18.225000000000001,1.8250000000000002
8.2249999999999996,18.225000000000001,1.875
8.2249999999999996,18.225000000000001,1.925
8.2249999999999996,18.225000000000001,1.9750000000000001
8.2249999999999996,18.225000000000001,2.0249999999999999
8.2249999999999996,18.225000000000001,2.0750000000000002
8.2249999999999996,18.225000000000001,2.125
8.2249999999999996,18.225000000000001,2.1750000000000003
8.2249999999999996,18.225000000000001,2.2250000000000001
8.2249999999999996,18.225000000000001,2.2749999999999999
8.2249999999999996,18.225000000000001,2.3250000000000002
8.2249999999999996,18.225000000000001,2.375
8.2249999999999996,18.225000000000001,2.4250000000000003
8.2249999999999996,18.225000000000001,2.4750000000000001
8.2249999999999996,18.225000000000001,2.5250000000000004
8.2249999999999996,18.225000000000001,2.5750000000000002
8.2249999999999996,18.225000000000001,2.625
8.2249999999999996,18.225000000000001,2.6750000000000003
8.2249999999999996,18.225000000000001,2.7250000000000001
8.2249999999999996,18.225000000000001,2.7750000000000004
8.2249999999999996,18.225000000000001,2.8250000000000002
8.2249999999999996,18.225000000000001,2.875
8.2249999999999996,18.225000000000001,2.9250000000000003
8.2249999999999996,18.225000000000001,2.9750000000000001
8.2249999999999996,18.225000000000001,3.0250000000000004
8.2249999999999996,18.225000000000001,3.0750000000000002
8.2249999999999996,18.225000000000001,3.125
8.2249999999999996,18.275000000000002,2.6750000000000003
8.2249999999999996,18.275000000000002,2.7750000000000004
8.2249999999999996,18.275000000000002,2.875
8.2750000000000004,18.125,2.3250000000000002
8.2750000000000004,18.175000000000001,1.8250000000000002
8.2750000000000004,18.175000000000001,1.875
8.2750000000000004,18.175000000000001,1.925
8.2750000000000004,18.175000000000001,1.9750000000000001
8.2750000000000004,18.175000000000001,2.0249999999999999
8.2750000000000004,18.175000000000001,2.0750000000000002
8.2750000000000004,18.175000000000001,2.125
8.2750000000000004,18.175000000000001,2.1750000000000003
8.2750000000000004,18.175000000000001,2.2250000000000001
8.2750000000000004,18.175000000000001,2.2749999999999999
8.2750000000000004,18.175000000000001,2.3250000000000002
8.2750000000000004,18.175000000000001,2.375
8.2750000000000004,18.175000000000001,2.4250000000000003
8.2750000000000004,18.175000000000001,2.4750000000000001
8.2750000000000004,18.175000000000001,2.5250000000000004
8.2750000000000004,18.175000000000001,2.5750000000000002
8.2750000000000004,18.175000000000001,2.625
8.2750000000000004,18.175000000000001,2.6750000000000003
8.2750000000000004,18.175000000000001,2.7250000000000001
8.2750000000000004,18.175000000000001,2.7750000000000004
8.2750000000000004,18.175000000000001,2.8250000000000002
8.2750000000000004,18.175000000000001,2.875
8.2750000000000004,18.175000000000001,2.9250000000000003
8.2750000000000004,18.175000000000001,2.9750000000000001
8.2750000000000004,18.175000000000001,3.0250000000000004
8.2750000000000004,18.175000000000001,3.0750000000000002
8.2750000000000004,18.175000000000001,3.125
8.2750000000000004,18.225000000000001,1.8250000000000002
8.2750000000000004,18.225000000000001,1.875
8.2750000000000004,18.225000000000001,1.925
8.2750000000000004,18.225000000000001,1.9750000000000001
8.2750000000000004,18.225000000000001,2.0249999999999999
8.2750000000000004,18.225000000000001,2.0750000000000002
8.2750000000000004,18.225000000000001,2.125
8.2750000000000004,18.225000000000001,2.1750000000000003
8.2750000000000004,18.225000000000001,2.2250000000000001
8.2750000000000004,18.225000000000001,2.2749999999999999
8.2750000000000004,18.225000000000001,2.3250000000000002
8.2750000000000004,18.225000000000001,2.375
8.2750000000000004,18.225000000000001,2.4250000000000003
8.2750000000000004,18.225000000000001,2.4750000000000001
8.2750000000000004,18.225000000000001,2.5250000000000004
8.2750000000000004,18.225000000000001,2.5750000000000002
8.2750000000000004,18.225000000000001,2.625
8.2750000000000004,18.225000000000001,2.6750000000000003
8.2750000000000004,18.225000000000001,2.7250000000000001
8.2750000000000004,18.225000000000001,2.7750000000000004
8.2750000000000004,18.225000000000001,2.8250000000000002
8.2750000000000004,18.225000000000001,2.875
8.2750000000000004,18.225000000000001,2.9250000000000003
8.2750000000000004,18.225000000000001,2.9750000000000001
8.2750000000000004,18.225000000000001,3.0250000000000004
8.2750000000000004,18.225000000000001,3.0750000000000002
8.2750000000000004,18.225000000000001,3.125
8.2750000000000004,18.275000000000002,1.8250000000000002
8.2750000000000004,18.275000000000002,1.875
8.2750000000000004,18.275000000000002,1.925
8.2750000000000004,18.275000000000002,1.9750000000000001
8.2750000000000004,18.275000000000002,2.0249999999999999
8.2750000000000004,18.275000000000002,2.0750000000000002
8.2750000000000004,18.275000000000002,2.125
8.2750000000000004,18.275000000000002,2.1750000000000003
8.2750000000000004,18.275000000000002,2.2250000000000001
8.2750000000000004,18.275000000000002,2.2749999999999999
8.2750000000000004,18.275000000000002,2.3250000000000002
8.2750000000000004,18.275000000000002,2.375
8.2750000000000004,18.275000000000002,2.4250000000000003
8.2750000000000004,18.275000000000002,2.4750000000000001
8.2750000000000004,18.275000000000002,2.5250000000000004
8.2750000000000004,18.275000000000002,2.5750000000000002
8.2750000000000004,18.275000000000002,2.625
8.2750000000000004,18.275000000000002,2.6750000000000003
8.2750000000000004,18.275000000000002,2.7250000000000001
8.2750000000000004,18.275000000000002,2.7750000000000004
8.2750000000000004,18.275000000000002,2.8250000000000002
8.2750000000000004,18.275000000000002,2.875
8.2750000000000004,18.275000000000002,2.9250000000000003
8.2750000000000004,18.275000000000002,2.9750000000000001
8.2750000000000004,18.275000000000002,3.0250000000000004
8.2750000000000004,18.275000000000002,3.0750000000000002
8.2750000000000004,18.275000000000002,3.125
8.2750000000000004,18.324999999999999,3.0750000000000002
8.3250000000000011,18.175000000000001,2.1750000000000003
8.3250000000000011,18.175000000000001,2.2749999999999999
8.3250000000000011,18.175000000000001,2.8250000000000002
8.3250000000000011,18.175000000000001,2.9250000000000003
8.3250000000000011,18.175000000000001,3.0250000000000004
8.3250000000000011,18.175000000000001,3.125
8.3250000000000011,18.225000000000001,1.8250000000000002
8.3250000000000011,18.225000000000001,1.875
8.3250000000000011,18.225000000000001,1.925
8.3250000000000011,18.225000000000001,1.9750000000000001
8.3250000000000011,18.225000000000001,2.0249999999999999
8.3250000000000011,18.225000000000001,2.0750000000000002
8.3250000000000011,18.225000000000001,2.125
8.3250000000000011,18.225000000000001,2.1750000000000003
8.3250000000000011,18.225000000000001,2.2250000000000001
8.3250000000000011,18.225000000000001,2.2749999999999999
8.3250000000000011,18.225000000000001,2.3250000000000002
8.3250000000000011,18.225000000000001,2.375
8.3250000000000011,18.225000000000001,2.4250000000000003
8.3250000000000011,18.225000000000001,2.4750000000000001
8.3250000000000011,18.225000000000001,2.5250000000000004
8.3250000000000011,18.225000000000001,2.5750000000000002
8.3250000000000011,18.225000000000001,2.625
8.3250000000000011,18.225000000000001,2.6750000000000003
8.3250000000000011,18.225000000000001,2.7250000000000001
8.3250000000000011,18.225000000000001,2.7750000000000004
8.3250000000000011,18.225000000000001,2.8250000000000002
8.3250000000000011,18.225000000000001,2.875
8.3250000000000011,18.225000000000001,2.9250000000000003
8.3250000000000011,18.225000000000001,2.9750000000000001
8.3250000000000011,18.225000000000001,3.0250000000000004
8.3250000000000011,18.225000000000001,3.0750000000000002
8.3250000000000011,18.225000000000001,3.125
8.3250000000000011,18.275000000000002,1.8250000000000002
8.3250000000000011,18.275000000000002,1.875
8.3250000000000011,18.275000000000002,1.925
8.3250000000000011,18.275000000000002,1.9750000000000001
8.3250000000000011,18.275000000000002,2.0249999999999999
8.3250000000000011,18.275000000000002,2.0750000000000002
8.3250000000000011,18.275000000000002,2.125
8.3250000000000011,18.275000000000002,2.1750000000000003
8.3250000000000011,18.275000000000002,2.2250000000000001
8.3250000000000011,18.275000000000002,2.2749999999999999
8.3250000000000011,18.275000000000002,2.3250000000000002
8.3250000000000011,18.275000000000002,2.375
8.3250000000000011,18.275000000000002,2.4250000000000003
8.3250000000000011,18.275000000000002,2.4750000000000001
8.3250000000000011,18.275000000000002,2.5250000000000004
8.3250000000000011,18.275000000000002,2.5750000000000002
8.3250000000000011,18.275000000000002,2.625
8.3250000000000011,18.275000000000002,2.6750000000000003
8.3250000000000011,18.275000000000002,2.7250000000000001
8.3250000000000011,18.275000000000002,2.7750000000000004
8.3250000000000011,18.275000000000002,2.8250000000000002
8.3250000000000011,18.275000000000002,2.875
8.3250000000000011,18.275000000000002,2.9250000000000003
8.3250000000000011,18.275000000000002,2.9750000000000001
8.3250000000000011,18.275000000000002,3.0250000000000004
8.3250000000000011,18.275000000000002,3.0750000000000002
8.3250000000000011,18.275000000000002,3.125
8.3250000000000011,18.324999999999999,1.8250000000000002
8.3250000000000011,18.324999999999999,1.875
8.3250000000000011,18.324999999999999,1.925
8.3250000000000011,18.324999999999999,1.9750000000000001
8.3250000000000011,18.324999999999999,2.0249999999999999
8.3250000000000011,18.324999999999999,2.0750000000000002
8.3250000000000011,18.324999999999999,2.125
8.3250000000000011,18.324999999999999,2.1750000000000003
8.3250000000000011,18.324999999999999,2.2250000000000001
8.3250000000000011,18.324999999999999,2.2749999999999999
8.3250000000000011,18.324999999999999,2.3250000000000002
8.3250000000000011,18.324999999999999,2.375
8.3250000000000011,18.324999999999999,2.4250000000000003
8.3250000000000011,18.324999999999999,2.4750000000000001
8.3250000000000011,18.324999999999999,2.5250000000000004
8.3250000000000011,18.324999999999999,2.5750000000000002
8.3250000000000011,18.324999999999999,2.625
8.3250000000000011,18.324999999999999,2.6750000000000003
8.3250000000000011,18.324999999999999,2.7250000000000001
8.3250000000000011,18.324999999999999,2.7750000000000004
8.3250000000000011,18.324999999999999,2.8250000000000002
8.3250000000000011,18.324999999999999,2.875
8.3250000000000011,18.324999999999999,2.9250000000000003
8.3250000000000011,18.324999999999999,2.9750000000000001
8.3250000000000011,18.324999999999999,3.0250000000000004
8.3250000000000011,18.324999999999999,3.0750000000000002
8.3250000000000011,18.324999999999999,3.125
8.375,18.225000000000001,1.875
8.375,18.225000000000001,2.1750000000000003
8.375,18.225000000000001,2.2250000000000001
8.375,18.225000000000001,2.2749999999999999
8.375,18.225000000000001,2.375
8.375,18.225000000000001,2.4250000000000003
8.375,18.225000000000001,2.4750000000000001
8.375,18.225000000000001,2.5250000000000004
8.375,18.225000000000001,2.5750000000000002
8.375,18.225000000000001,2.625
8.375,18.225000000000001,2.6750000000000003
8.375,18.225000000000001,2.7250000000000001
8.375,18.225000000000001,2.7750000000000004
8.375,18.225000000000001,2.8250000000000002
8.375,18.225000000000001,2.875
8.375,18.225000000000001,2.9250000000000003
8.375,18.225000000000001,2.9750000000000001
8.375,18.225000000000001,3.0250000000000004
8.375,18.225000000000001,3.125
8.375,18.275000000000002,1.8250000000000002
8.375,18.275000000000002,1.875
8.375,18.275000000000002,1.925
8.375,18.275000000000002,1.9750000000000001
8.375,18.275000000000002,2.0249999999999999
8.375,18.275000000000002,2.0750000000000002
8.375,18.275000000000002,2.125
8.375,18.275000000000002,2.1750000000000003
8.375,18.275000000000002,2.2250000000000001
8.375,18.275000000000002,2.2749999999999999
8.375,18.275000000000002,2.3250000000000002
8.375,18.275000000000002,2.375
8.375,18.275000000000002,2.4250000000000003
8.375,18.275000000000002,2.4750000000000001
8.375,18.275000000000002,2.5250000000000004
8.375,18.275000000000002,2.5750000000000002
8.375,18.275000000000002,2.625
8.375,18.275000000000002,2.6750000000000003
8.375,18.275000000000002,2.7250000000000001
8.375,18.275000000000002,2.7750000000000004
8.375,18.275000000000002,2.8250000000000002
8.375,18.275000000000002,2.875
8.375,18.275000000000002,2.9250000000000003
8.375,18.275000000000002,2.9750000000000001
8.375,18.275000000000002,3.0250000000000004
8.375,18.275000000000002,3.0750000000000002
8.375,18.275000000000002,3.125
8.375,18.324999999999999,1.8250000000000002
8.375,18.324999999999999,1.875
8.375,18.324999999999999,1.925
8.375,18.324999999999999,1.9750000000000001
8.375,18.324999999999999,2.0249999999999999
8.375,18.324999999999999,2.0750000000000002
8.375,18.324999999999999,2.125
8.375,18.324999999999999,2.1750000000000003
8.375,18.324999999999999,2.2250000000000001
8.375,18.324999999999999,2.2749999999999999
8.375,18.324999999999999,2.3250000000000002
8.375,18.324999999999999,2.375
8.375,18.324999999999999,2.4250000000000003
8.375,18.324999999999999,2.4750000000000001
8.375,18.324999999999999,2.5250000000000004
8.375,18.324999999999999,2.5750000000000002
8.375,18.324999999999999,2.625
8.375,18.324999999999999,2.6750000000000003
8.375,18.324999999999999,2.7250000000000001
8.375,18.324999999999999,2.7750000000000004
8.375,18.324999999999999,2.8250000000000002
8.375,18.324999999999999,2.875
8.375,18.324999999999999,2.9250000000000003
8.375,18.324999999999999,2.9750000000000001
8.375,18.324999999999999,3.0250000000000004
8.375,18.324999999999999,3.0750000000000002
8.375,18.324999999999999,3.125
8.375,18.375,1.8250000000000002
8.375,18.375,1.925
8.375,18.375,2.0249999999999999
8.375,18.375,2.2250000000000001
8.375,18.375,2.3250000000000002
8.375,18.375,2.4250000000000003
8.375,18.375,2.6750000000000003
8.375,18.375,2.7750000000000004
8.375,18.375,2.875
8.375,18.375,2.9750000000000001
8.375,18.375,3.0250000000000004
8.375,18.375,3.0750000000000002
8.375,18.375,3.125
8.4250000000000007,18.275000000000002,1.875
8.4250000000000007,18.275000000000002,1.9750000000000001
8.4250000000000007,18.275000000000002,2.0750000000000002
8.4250000000000007,18.275000000000002,2.1750000000000003
8.4250000000000007,18.275000000000002,2.2250000000000001
8.4250000000000007,18.275000000000002,2.2749999999999999
8.4250000000000007,18.275000000000002,2.3250000000000002
8.4250000000000007,18.275000000000002,2.375
8.4250000000000007,18.275000000000002,2.4250000000000003
8.4250000000000007,18.275000000000002,2.4750000000000001
8.4250000000000007,18.275000000000002,2.5250000000000004
8.4250000000000007,18.275000000000002,2.5750000000000002
8.4250000000000007,18.275000000000002,2.625
8.4250000000000007,18.275000000000002,2.6750000000000003
8.4250000000000007,18.275000000000002,2.7250000000000001
8.4250000000000007,18.275000000000002,2.7750000000000004
8.4250000000000007,18.275000000000002,2.8250000000000002
8.4250000000000007,18.275000000000002,2.875
8.4250000000000007,18.275000000000002,2.9250000000000003
8.4250000000000007,18.275000000000002,2.9750000000000001
8.4250000000000007,18.275000000000002,3.0250000000000004
8.4250000000000007,18.275000000000002,3.0750000000000002
8.4250000000000007,18.275000000000002,3.125
8.4250000000000007,18.324999999999999,1.8250000000000002
8.4250000000000007,18.324999999999999,1.875
8.4250000000000007,18.324999999999999,1.925
8.4250000000000007,18.324999999999999,1.9750000000000001
8.4250000000000007,18.324999999999999,2.0249999999999999
8.4250000000000007,18.324999999999999,2.0750000000000002
8.4250000000000007,18.324999999999999,2.125
8.4250000000000007,18.324999999999999,2.1750000000000003
8.4250000000000007,18.324999999999999,2.2250000000000001
8.4250000000000007,18.324999999999999,2.2749999999999999
8.4250000000000007,18.324999999999999,2.3250000000000002
8.4250000000000007,18.324999999999999,2.375
8.4250000000000007,18.324999999999999,2.4250000000000003
8.4250000000000007,18.324999999999999,2.4750000000000001
8.4250000000000007,18.324999999999999,2.5250000000000004
8.4250000000000007,18.324999999999999,2.5750000000000002
8.4250000000000007,18.324999999999999,2.625
8.4250000000000007,18.324999999999999,2.6750000000000003
8.4250000000000007,18.324999999999999,2.7250000000000001
8.4250000000000007,18.324999999999999,2.7750000000000004
8.4250000000000007,18.324999999999999,2.8250000000000002
8.4250000000000007,18.324999999999999,2.875
8.4250000000000007,18.324999999999999,2.9250000000000003
8.4250000000000007,18.324999999999999,2.9750000000000001
8.4250000000000007,18.324999999999999,3.0250000000000004
8.4250000000000007,18.324999999999999,3.0750000000000002
8.4250000000000007,18.324999999999999,3.125
8.4250000000000007,18.375,1.8250000000000002
8.4250000000000007,18.375,1.875
8.4250000000000007,18.375,1.925
8.4250000000000007,18.375,1.9750000000000001
8.4250000000000007,18.375,2.0249999999999999
8.4250000000000007,18.375,2.0750000000000002
8.4250000000000007,18.375,2.125
8.4250000000000007,18.375,2.1750000000000003
8.4250000000000007,18.375,2.2250000000000001
8.4250000000000007,18.375,2.2749999999999999
8.4250000000000007,18.375,2.3250000000000002
8.4250000000000007,18.375,2.375
8.4250000000000007,18.375,2.4250000000000003
8.4250000000000007,18.375,2.4750000000000001
8.4250000000000007,18.375,2.5250000000000004
8.4250000000000007,18.375,2.5750000000000002
8.4250000000000007,18.375,2.625
8.4250000000000007,18.375,2.6750000000000003
8.4250000000000007,18.375,2.7250000000000001
8.4250000000000007,18.375,2.7750000000000004
8.4250000000000007,18.375,2.8250000000000002
8.4250000000000007,18.375,2.875
8.4250000000000007,18.375,2.9250000000000003
8.4250000000000007,18.375,2.9750000000000001
8.4250000000000007,18.375,3.0250000000000004
8.4250000000000007,18.375,3.0750000000000002
8.4250000000000007,18.375,3.125
8.4749999999999996,18.275000000000002,2.1750000000000003
8.4749999999999996,18.275000000000002,2.2749999999999999
8.4749999999999996,18.275000000000002,2.375
8.4749999999999996,18.275000000000002,2.4750000000000001
8.4749999999999996,18.275000000000002,2.5250000000000004
8.4749999999999996,18.275000000000002,2.5750000000000002
8.4749999999999996,18.275000000000002,2.625
8.4749999999999996,18.275000000000002,2.6750000000000003
8.4749999999999996,18.275000000000002,2.7250000000000001
8.4749999999999996,18.275000000000002,2.7750000000000004
8.4749999999999996,18.275000000000002,2.8250000000000002
8.4749999999999996,18.275000000000002,2.9250000000000003
8.4749999999999996,18.275000000000002,3.0250000000000004
8.4749999999999996,18.324999999999999,1.8250000000000002
8.4749999999999996,18.324999999999999,1.875
8.4749999999999996,18.324999999999999,1.925
8.4749999999999996,18.324999999999999,1.9750000000000001
8.4749999999999996,18.324999999999999,2.0249999999999999
8.4749999999999996,18.324999999999999,2.0750000000000002
8.4749999999999996,18.324999999999999,2.125
8.4749999999999996,18.324999999999999,2.1750000000000003
8.4749999999999996,18.324999999999999,2.2250000000000001
8.4749999999999996,18.324999999999999,2.2749999999999999
8.4749999999999996,18.324999999999999,2.3250000000000002
8.4749999999999996,18.324999999999999,2.375
8.4749999999999996,18.324999999999999,2.4250000000000003
8.4749999999999996,18.324999999999999,2.4750000000000001
8.4749999999999996,18.324999999999999,2.5250000000000004
8.4749999999999996,18.324999999999999,2.5750000000000002
8.4749999999999996,18.324999999999999,2.625
8.4749999999999996,18.324999999999999,2.6750000000000003
8.4749999999999996,18.324999999999999,2.7250000000000001
8.4749999999999996,18.324999999999999,2.7750000000000004
8.4749999999999996,18.324999999999999,2.8250000000000002
8.4749999999999996,18.324999999999999,2.875
8.4749999999999996,18.324999999999999,2.9250000000000003
8.4749999999999996,18.324999999999999,2.9750000000000001
8.4749999999999996,18.324999999999999,3.0250000000000004
8.4749999999999996,18.324999999999999,3.0750000000000002
8.4749999999999996,18.324999999999999,3.125
8.4749999999999996,18.375,1.8250000000000002
8.4749999999999996,18.375,1.875
8.4749999999999996,18.375,1.925
8.4749999999999996,18.375,1.9750000000000001
8.4749999999999996,18.375,2.0249999999999999
8.4749999999999996,18.375,2.0750000000000002
8.4749999999999996,18.375,2.125
8.4749999999999996,18.375,2.1750000000000003
8.4749999999999996,18.375,2.2250000000000001
8.4749999999999996,18.375,2.2749999999999999
8.4749999999999996,18.375,2.3250000000000002
8.4749999999999996,18.375,2.375
8.4749999999999996,18.375,2.4250000000000003
8.4749999999999996,18.375,2.4750000000000001
8.4749999999999996,18.375,2.5250000000000004
8.4749999999999996,18.375,2.5750000000000002
8.4749999999999996,18.375,2.625
8.4749999999999996,18.375,2.6750000000000003
8.4749999999999996,18.375,2.7250000000000001
8.4749999999999996,18.375,2.7750000000000004
8.4749999999999996,18.375,2.8250000000000002
8.4749999999999996,18.375,2.875
8.4749999999999996,18.375,2.9250000000000003
8.4749999999999996,18.375,2.9750000000000001
8.4749999999999996,18.375,3.0250000000000004
8.4749999999999996,18.375,3.0750000000000002
8.4749999999999996,18.375,3.125
8.4749999999999996,18.425000000000001,1.8250000000000002
8.4749999999999996,18.425000000000001,1.925
8.4749999999999996,18.425000000000001,2.0249999999999999
8.4749999999999996,18.425000000000001,2.2250000000000001
8.4749999999999996,18.425000000000001,2.3250000000000002
8.4749999999999996,18.425000000000001,3.0750000000000002
8.5250000000000004,18.324999999999999,1.875
8.5250000000000004,18.324999999999999,1.9750000000000001
8.5250000000000004,18.324999999999999,2.0750000000000002
8.5250000000000004,18.324999999999999,2.1750000000000003
8.5250000000000004,18.324999999999999,2.2250000000000001
8.5250000000000004,18.324999999999999,2.2749999999999999
8.5250000000000004,18.324999999999999,2.3250000000000002
8.5250000000000004,18.324999999999999,2.375
8.5250000000000004,18.324999999999999,2.4250000000000003
8.5250000000000004,18.324999999999999,2.4750000000000001
8.5250000000000004,18.324999999999999,2.5250000000000004
8.5250000000000004,18.324999999999999,2.5750000000000002
8.5250000000000004,18.324999999999999,2.625
8.5250000000000004,18.324999999999999,2.6750000000000003
8.5250000000000004,18.324999999999999,2.7250000000000001
8.5250000000000004,18.324999999999999,2.7750000000000004
8.5250000000000004,18.324999999999999,2.8250000000000002
8.5250000000000004,18.324999999999999,2.875
8.5250000000000004,18.324999999999999,2.9250000000000003
8.5250000000000004,18.324999999999999,2.9750000000000001
8.5250000000000004,18.324999999999999,3.0250000000000004
8.5250000000000004,18.324999999999999,3.0750000000000002
8.5250000000000004,18.324999999999999,3.125
8.5250000000000004,18.375,1.8250000000000002
8.5250000000000004,18.375,1.875
8.5250000000000004,18.375,1.925
8.5250000000000004,18.375,1.9750000000000001
8.5250000000000004,18.375,2.0249999999999999
8.5250000000000004,18.375,2.0750000000000002
8.5250000000000004,18.375,2.125
8.5250000000000004,18.375,2.1750000000000003
8.5250000000000004,18.375,2.2250000000000001
8.5250000000000004,18.375,2.2749999999999999
8.5250000000000004,18.375,2.3250000000000002
8.5250000000000004,18.375,2.375
8.5250000000000004,18.375,2.4250000000000003
8.5250000000000004,18.375,2.4750000000000001
8.5250000000000004,18.375,2.5250000000000004
8.5250000000000004,18.375,2.5750000000000002
8.5250000000000004,18.375,2.625
8.5250000000000004,18.375,2.6750000000000003
8.5250000000000004,18.375,2.7250000000000001
8.5250000000000004,18.375,2.7750000000000004
8.5250000000000004,18.375,2.8250000000000002
8.5250000000000004,18.375,2.875
8.5250000000000004,18.375,2.9250000000000003
8.5250000000000004,18.375,2.9750000000000001
8.5250000000000004,18.375,3.0250000000000004
8.5250000000000004,18.375,3.0750000000000002
8.5250000000000004,18.375,3.125
8.5250000000000004,18.425000000000001,1.8250000000000002
8.5250000000000004,18.425000000000001,1.875
8.5250000000000004,18.425000000000001,1.925
8.5250000000000004,18.425000000000001,1.9750000000000001
8.5250000000000004,18.425000000000001,2.0249999999999999
8.5250000000000004,18.425000000000001,2.0750000000000002
8.5250000000000004,18.425000000000001,2.125
8.5250000000000004,18.425000000000001,2.1750000000000003
8.5250000000000004,18.425000000000001,2.2250000000000001
8.5250000000000004,18.425000000000001,2.2749999999999999
8.5250000000000004,18.425000000000001,2.3250000000000002
8.5250000000000004,18.425000000000001,2.9750000000000001
8.5250000000000004,18.425000000000001,3.0750000000000002
8.5250000000000004,18.425000000000001,3.125
8.5750000000000011,18.324999999999999,2.1750000000000003
8.5750000000000011,18.324999999999999,2.2749999999999999
8.5750000000000011,18.324999999999999,2.375
8.5750000000000011,18.324999999999999,2.4750000000000001
8.5750000000000011,18.324999999999999,2.5250000000000004
8.5750000000000011,18.324999999999999,2.5750000000000002
8.5750000000000011,18.324999999999999,2.625
8.5750000000000011,18.324999999999999,2.6750000000000003
8.5750000000000011,18.324999999999999,2.7250000000000001
8.5750000000000011,18.324999999999999,2.7750000000000004
8.5750000000000011,18.324999999999999,2.8250000000000002
8.5750000000000011,18.324999999999999,2.875
8.5750000000000011,18.324999999999999,2.9250000000000003
8.5750000000000011,18.324999999999999,3.0250000000000004
8.5750000000000011,18.324999999999999,3.125
8.5750000000000011,18.375,1.8250000000000002
8.5750000000000011,18.375,1.875
8.5750000000000011,18.375,1.925
8.5750000000000011,18.375,1.9750000000000001
8.5750000000000011,18.375,2.0249999999999999
8.5750000000000011,18.375,2.0750000000000002
8.5750000000000011,18.375,2.125
8.5750000000000011,18.375,2.1750000000000003
8.5750000000000011,18.375,2.2250000000000001
8.5750000000000011,18.375,2.2749999999999999
8.5750000000000011,18.375,2.3250000000000002
8.5750000000000011,18.375,2.375
8.5750000000000011,18.375,2.4250000000000003
8.5750000000000011,18.375,2.4750000000000001
8.5750000000000011,18.375,2.5250000000000004
8.5750000000000011,18.375,2.5750000000000002
8.5750000000000011,18.375,2.625
8.5750000000000011,18.375,2.6750000000000003
8.5750000000000011,18.375,2.7250000000000001
8.5750000000000011,18.375,2.7750000000000004
8.5750000000000011,18.375,2.8250000000000002
8.5750000000000011,18.375,2.875
8.5750000000000011,18.375,2.9250000000000003
8.5750000000000011,18.375,2.9750000000000001
8.5750000000000011,18.375,3.0250000000000004
8.5750000000000011,18.375,3.0750000000000002
8.5750000000000011,18.375,3.125
8.5750000000000011,18.425000000000001,1.8250000000000002
8.5750000000000011,18.425000000000001,1.875
8.5750000000000011,18.425000000000001,1.925
8.5750000000000011,18.425000000000001,1.9750000000000001
8.5750000000000011,18.425000000000001,2.0249999999999999
8.5750000000000011,18.425000000000001,2.0750000000000002
8.5750000000000011,18.425000000000001,2.125
8.5750000000000011,18.425000000000001,2.1750000000000003
8.5750000000000011,18.425000000000001,2.2250000000000001
8.5750000000000011,18.425000000000001,2.2749999999999999
8.5750000000000011,18.425000000000001,2.3250000000000002
8.5750000000000011,18.425000000000001,2.375
8.5750000000000011,18.425000000000001,2.4250000000000003
8.5750000000000011,18.425000000000001,2.9750000000000001
8.5750000000000011,18.425000000000001,3.0750000000000002
8.5750000000000011,18.425000000000001,3.125
8.625,18.375,1.875
8.625,18.375,1.9750000000000001
8.625,18.375,2.0750000000000002
8.625,18.375,2.125
8.625,18.375,2.1750000000000003
8.625,18.375,2.2250000000000001
8.625,18.375,2.2749999999999999
8.625,18.375,2.3250000000000002
8.625,18.375,2.375
8.625,18.375,2.4250000000000003
8.625,18.375,2.4750000000000001
8.625,18.375,2.5250000000000004
8.625,18.375,2.5750000000000002
8.625,18.375,2.625
8.625,18.375,2.6750000000000003
8.625,18.375,2.7250000000000001
8.625,18.375,2.7750000000000004
8.625,18.375,2.8250000000000002
8.625,18.375,2.875
8.625,18.375,2.9250000000000003
8.625,18.375,2.9750000000000001
8.625,18.375,3.0250000000000004
8.625,18.375,3.0750000000000002
8.625,18.375,3.125
8.625,18.425000000000001,1.8250000000000002
8.625,18.425000000000001,1.875
8.625,18.425000000000001,1.925
8.625,18.425000000000001,1.9750000000000001
8.625,18.425000000000001,2.0249999999999999
8.625,18.425000000000001,2.0750000000000002
8.625,18.425000000000001,2.125
8.625,18.425000000000001,2.1750000000000003
8.625,18.425000000000001,2.2250000000000001
8.625,18.425000000000001,2.2749999999999999
8.625,18.425000000000001,2.3250000000000002
8.625,18.425000000000001,2.375
8.625,18.425000000000001,2.4250000000000003
8.625,18.425000000000001,2.4750000000000001
8.625,18.425000000000001,2.5250000000000004
8.625,18.425000000000001,2.5750000000000002
8.625,18.425000000000001,2.625
8.625,18.425000000000001,2.6750000000000003
8.625,18.425000000000001,2.7250000000000001
8.625,18.425000000000001,2.7750000000000004
8.625,18.425000000000001,2.8250000000000002
8.625,18.425000000000001,2.875
8.625,18.425000000000001,2.9250000000000003
8.625,18.425000000000001,2.9750000000000001
8.625,18.425000000000001,3.0250000000000004
8.625,18.425000000000001,3.0750000000000002
8.625,18.425000000000001,3.125
8.625,18.475000000000001,1.8250000000000002
8.6750000000000007,18.375,1.875
8.6750000000000007,18.375,1.9750000000000001
8.6750000000000007,18.375,2.0750000000000002
8.6750000000000007,18.375,2.1750000000000003
8.6750000000000007,18.375,2.2250000000000001
8.6750000000000007,18.375,2.2749999999999999
8.6750000000000007,18.375,2.3250000000000002
8.6750000000000007,18.375,2.375
8.6750000000000007,18.375,2.4250000000000003
8.6750000000000007,18.375,2.4750000000000001
8.6750000000000007,18.375,2.5250000000000004
8.6750000000000007,18.375,2.5750000000000002
8.6750000000000007,18.375,2.625
8.6750000000000007,18.375,2.6750000000000003
8.6750000000000007,18.375,2.7250000000000001
8.6750000000000007,18.375,2.7750000000000004
8.6750000000000007,18.375,2.8250000000000002
8.6750000000000007,18.375,2.875
8.6750000000000007,18.375,2.9250000000000003
8.6750000000000007,18.375,2.9750000000000001
8.6750000000000007,18.375,3.0250000000000004
8.6750000000000007,18.375,3.0750000000000002
8.6750000000000007,18.375,3.125
8.6750000000000007,18.425000000000001,1.8250000000000002
8.6750000000000007,18.425000000000001,1.875
8.6750000000000007,18.425000000000001,1.925
8.6750000000000007,18.425000000000001,1.9750000000000001
8.6750000000000007,18.425000000000001,2.0249999999999999
8.6750000000000007,18.425000000000001,2.0750000000000002
8.6750000000000007,18.425000000000001,2.125
8.6750000000000007,18.425000000000001,2.1750000000000003
8.6750000000000007,18.425000000000001,2.2250000000000001
8.6750000000000007,18.425000000000001,2.2749999999999999
8.6750000000000007,18.425000000000001,2.3250000000000002
8.6750000000000007,18.425000000000001,2.375
8.6750000000000007,18.425000000000001,2.4250000000000003
8.6750000000000007,18.425000000000001,2.4750000000000001
8.6750000000000007,18.425000000000001,2.5250000000000004
8.6750000000000007,18.425000000000001,2.5750000000000002
8.6750000000000007,18.425000000000001,2.625
8.6750000000000007,18.425000000000001,2.6750000000000003
8.6750000000000007,18.425000000000001,2.7250000000000001
8.6750000000000007,18.425000000000001,2.7750000000000004
8.6750000000000007,18.425000000000001,2.8250000000000002
8.6750000000000007,18.425000000000001,2.875
8.6750000000000007,18.425000000000001,2.9250000000000003
8.6750000000000007,18.425000000000001,2.9750000000000001
8.6750000000000007,18.425000000000001,3.0250000000000004
8.6750000000000007,18.425000000000001,3.0750000000000002
8.6750000000000007,18.425000000000001,3.125
8.6750000000000007,18.475000000000001,1.8250000000000002
8.6750000000000007,18.475000000000001,1.925
8.6750000000000007,18.475000000000001,2.0249999999999999
8.6750000000000007,18.475000000000001,2.125
8.6750000000000007,18.475000000000001,2.2250000000000001
8.6750000000000007,18.475000000000001,3.0750000000000002
8.7249999999999996,18.375,1.875
8.7249999999999996,18.375,1.9750000000000001
8.7249999999999996,18.375,2.0750000000000002
8.7249999999999996,18.375,2.1750000000000003
8.7249999999999996,18.375,2.2749999999999999
8.7249999999999996,18.375,2.3250000000000002
8.7249999999999996,18.375,2.375
8.7249999999999996,18.375,2.4250000000000003
8.7249999999999996,18.375,2.4750000000000001
8.7249999999999996,18.375,2.5250000000000004
8.7249999999999996,18.375,2.5750000000000002
8.7249999999999996,18.375,2.625
8.7249999999999996,18.375,2.6750000000000003
8.7249999999999996,18.375,2.7250000000000001
8.7249999999999996,18.375,2.7750000000000004
8.7249999999999996,18.375,2.8250000000000002
8.7249999999999996,18.375,2.875
8.7249999999999996,18.375,2.9250000000000003
8.7249999999999996,18.375,2.9750000000000001
8.7249999999999996,18.375,3.0250000000000004
8.7249999999999996,18.375,3.0750000000000002
8.7249999999999996,18.375,3.125
8.7249999999999996,18.425000000000001,1.8250000000000002
8.7249999999999996,18.425000000000001,1.875
8.7249999999999996,18.425000000000001,1.925
8.7249999999999996,18.425000000000001,1.9750000000000001
8.7249999999999996,18.425000000000001,2.0249999999999999
8.7249999999999996,18.425000000000001,2.0750000000000002
8.7249999999999996,18.425000000000001,2.125
8.7249999999999996,18.425000000000001,2.1750000000000003
8.7249999999999996,18.425000000000001,2.2250000000000001
8.7249999999999996,18.425000000000001,2.2749999999999999
8.7249999999999996,18.425000000000001,2.3250000000000002
8.7249999999999996,18.425000000000001,2.375
8.7249999999999996,18.425000000000001,2.4250000000000003
8.7249999999999996,18.425000000000001,2.4750000000000001
8.7249999999999996,18.425000000000001,2.5250000000000004
8.7249999999999996,18.425000000000001,2.5750000000000002
8.7249999999999996,18.425000000000001,2.625
8.7249999999999996,18.425000000000001,2.6750000000000003
8.7249999999999996,18.425000000000001,2.7250000000000001
8.7249999999999996,18.425000000000001,2.7750000000000004
8.7249999999999996,18.425000000000001,2.8250000000000002
8.7249999999999996,18.425000000000001,2.875
8.7249999999999996,18.425000000000001,2.9250000000000003
8.7249999999999996,18.425000000000001,2.9750000000000001
8.7249999999999996,18.425000000000001,3.0250000000000004
8.7249999999999996,18.425000000000001,3.0750000000000002
8.7249999999999996,18.425000000000001,3.125
8.7249999999999996,18.475000000000001,1.8250000000000002
8.7249999999999996,18.475000000000001,1.925
8.7249999999999996,18.475000000000001,2.0249999999999999
8.7249999999999996,18.475000000000001,2.125
8.7249999999999996,18.475000000000001,2.2250000000000001
8.7249999999999996,18.475000000000001,2.3250000000000002
8.7249999999999996,18.475000000000001,2.9750000000000001
8.7249999999999996,18.475000000000001,3.0750000000000002
8.7750000000000004,18.375,1.875
8.7750000000000004,18.375,1.9750000000000001
8.7750000000000004,18.375,2.0750000000000002
8.7750000000000004,18.375,2.1750000000000003
8.7750000000000004,18.375,2.2749999999999999
8.7750000000000004,18.375,2.3250000000000002
8.7750000000000004,18.375,2.375
8.7750000000000004,18.375,2.4250000000000003
8.7750000000000004,18.375,2.4750000000000001
8.7750000000000004,18.375,2.5250000000000004
8.7750000000000004,18.375,2.5750000000000002
8.7750000000000004,18.375,2.625
8.7750000000000004,18.375,2.6750000000000003
8.7750000000000004,18.375,2.7250000000000001
8.7750000000000004,18.375,2.7750000000000004
8.7750000000000004,18.375,2.8250000000000002
8.7750000000000004,18.375,2.875
8.7750000000000004,18.375,2.9250000000000003
8.7750000000000004,18.375,2.9750000000000001
8.7750000000000004,18.375,3.0250000000000004
8.7750000000000004,18.375,3.0750000000000002
8.7750000000000004,18.375,3.125
8.7750000000000004,18.425000000000001,1.8250000000000002
8.7750000000000004,18.425000000000001,1.875
8.7750000000000004,18.425000000000001,1.925
8.7750000000000004,18.425000000000001,1.9750000000000001
8.7750000000000004,18.425000000000001,2.0249999999999999
8.7750000000000004,18.425000000000001,2.0750000000000002
8.7750000000000004,18.425000000000001,2.125
8.7750000000000004,18.425000000000001,2.1750000000000003
8.7750000000000004,18.425000000000001,2.2250000000000001
8.7750000000000004,18.425000000000001,2.2749999999999999
8.7750000000000004,18.425000000000001,2.3250000000000002
8.7750000000000004,18.425000000000001,2.375
8.7750000000000004,18.425000000000001,2.4250000000000003
8.7750000000000004,18.425000000000001,2.4750000000000001
8.7750000000000004,18.425000000000001,2.5250000000000004
8.7750000000000004,18.425000000000001,2.5750000000000002
8.7750000000000004,18.425000000000001,2.625
8.7750000000000004,18.425000000000001,2.6750000000000003
8.7750000000000004,18.425000000000001,2.7250000000000001
8.7750000000000004,18.425000000000001,2.7750000000000004
8.7750000000000004,18.425000000000001,2.8250000000000002
8.7750000000000004,18.425000000000001,2.875
8.7750000000000004,18.425000000000001,2.9250000000000003
8.7750000000000004,18.425000000000001,2.9750000000000001
8.7750000000000004,18.425000000000001,3.0250000000000004
8.7750000000000004,18.425000000000001,3.0750000000000002
8.7750000000000004,18.425000000000001,3.125
8.7750000000000004,18.475000000000001,1.8250000000000002
8.7750000000000004,18.475000000000001,1.925
8.7750000000000004,18.475000000000001,2.0249999999999999
8.7750000000000004,18.475000000000001,2.125
8.7750000000000004,18.475000000000001,2.2250000000000001
8.7750000000000004,18.475000000000001,2.3250000000000002
8.7750000000000004,18.475000000000001,2.875
8.7750000000000004,18.475000000000001,2.9750000000000001
8.7750000000000004,18.475000000000001,3.0750000000000002
8.8250000000000011,18.375,1.875
8.8250000000000011,18.375,1.9750000000000001
8.8250000000000011,18.375,2.0750000000000002
8.8250000000000011,18.375,2.1750000000000003
8.8250000000000011,18.375,2.2250000000000001
8.8250000000000011,18.375,2.2749999999999999
8.8250000000000011,18.375,2.3250000000000002
8.8250000000000011,18.375,2.375
8.8250000000000011,18.375,2.4250000000000003
8.8250000000000011,18.375,2.4750000000000001
8.8250000000000011,18.375,2.5250000000000004
8.8250000000000011,18.375,2.5750000000000002
8.8250000000000011,18.375,2.625
8.8250000000000011,18.375,2.6750000000000003
8.8250000000000011,18.375,2.7250000000000001
8.8250000000000011,18.375,2.7750000000000004
8.8250000000000011,18.375,2.8250000000000002
8.8250000000000011,18.375,2.875
8.8250000000000011,18.375,2.9250000000000003
8.8250000000000011,18.375,2.9750000000000001
8.8250000000000011,18.375,3.0250000000000004
8.8250000000000011,18.375,3.0750000000000002
8.8250000000000011,18.375,3.125
8.8250000000000011,18.425000000000001,1.8250000000000002
8.8250000000000011,18.425000000000001,1.875
8.8250000000000011,18.425000000000001,1.925
8.8250000000000011,18.425000000000001,1.9750000000000001
8.8250000000000011,18.425000000000001,2.0249999999999999
8.8250000000000011,18.425000000000001,2.0750000000000002
8.8250000000000011,18.425000000000001,2.125
8.8250000000000011,18.425000000000001,2.1750000000000003
8.8250000000000011,18.425000000000001,2.2250000000000001
8.8250000000000011,18.425000000000001,2.2749999999999999
8.8250000000000011,18.425000000000001,2.3250000000000002
8.8250000000000011,18.425000000000001,2.375
8.8250000000000011,18.425000000000001,2.4250000000000003
8.8250000000000011,18.425000000000001,2.4750000000000001
8.8250000000000011,18.425000000000001,2.5250000000000004
8.8250000000000011,18.425000000000001,2.5750000000000002
8.8250000000000011,18.425000000000001,2.625
8.8250000000000011,18.425000000000001,2.6750000000000003
8.8250000000000011,18.425000000000001,2.7250000000000001
8.8250000000000011,18.425000000000001,2.7750000000000004
8.8250000000000011,18.425000000000001,2.8250000000000002
8.8250000000000011,18.425000000000001,2.875
8.8250000000000011,18.425000000000001,2.9250000000000003
8.8250000000000011,18.425000000000001,2.9750000000000001
8.8250000000000011,18.425000000000001,3.0250000000000004
8.8250000000000011,18.425000000000001,3.0750000000000002
8.8250000000000011,18.425000000000001,3.125
8.8250000000000011,18.475000000000001,1.8250000000000002
8.8250000000000011,18.475000000000001,1.925
8.8250000000000011,18.475000000000001,2.0249999999999999
8.8250000000000011,18.475000000000001,2.125
8.8250000000000011,18.475000000000001,2.4250000000000003
8.8250000000000011,18.475000000000001,2.875
8.8250000000000011,18.475000000000001,2.9750000000000001
8.8250000000000011,18.475000000000001,3.0750000000000002
8.875,18.375,1.875
8.875,18.375,1.9750000000000001
8.875,18.375,2.0750000000000002
8.875,18.375,2.125
8.875,18.375,2.1750000000000003
8.875,18.375,2.2250000000000001
8.875,18.375,2.2749999999999999
8.875,18.375,2.3250000000000002
8.875,18.375,2.375
8.875,18.375,2.4250000000000003
8.875,18.375,2.4750000000000001
8.875,18.375,2.5250000000000004
8.875,18.375,2.5750000000000002
8.875,18.375,2.625
8.875,18.375,2.6750000000000003
8.875,18.375,2.7250000000000001
8.875,18.375,2.7750000000000004
8.875,18.375,2.8250000000000002
8.875,18.375,2.875
8.875,18.375,2.9250000000000003
8.875,18.375,2.9750000000000001
8.875,18.375,3.0250000000000004
8.875,18.375,3.0750000000000002
8.875,18.375,3.125
8.875,18.425000000000001,1.8250000000000002
8.875,18.425000000000001,1.875
8.875,18.425000000000001,1.925
8.875,18.425000000000001,1.9750000000000001
8.875,18.425000000000001,2.0249999999999999
8.875,18.425000000000001,2.0750000000000002
8.875,18.425000000000001,2.125
8.875,18.425000000000001,2.1750000000000003
8.875,18.425000000000001,2.2250000000000001
8.875,18.425000000000001,2.2749999999999999
8.875,18.425000000000001,2.3250000000000002
8.875,18.425000000000001,2.375
8.875,18.425000000000001,2.4250000000000003
8.875,18.425000000000001,2.4750000000000001
8.875,18.425000000000001,2.5250000000000004
8.875,18.425000000000001,2.5750000000000002
8.875,18.425000000000001,2.625
8.875,18.425000000000001,2.6750000000000003
8.875,18.425000000000001,2.7250000000000001
8.875,18.425000000000001,2.7750000000000004
8.875,18.425000000000001,2.8250000000000002
8.875,18.425000000000001,2.875
8.875,18.425000000000001,2.9250000000000003
8.875,18.425000000000001,2.9750000000000001
8.875,18.425000000000001,3.0250000000000004
8.875,18.425000000000001,3.0750000000000002
8.875,18.425000000000001,3.125
8.875,18.475000000000001,3.0750000000000002
8.9250000000000007,18.324999999999999,2.2749999999999999
8.9250000000000007,18.375,1.875
8.9250000000000007,18.375,1.925
8.9250000000000007,18.375,1.9750000000000001
8.9250000000000007,18.375,2.0249999999999999
8.9250000000000007,18.375,2.0750000000000002
8.9250000000000007,18.375,2.125
8.9250000000000007,18.375,2.1750000000000003
8.9250000000000007,18.375,2.2250000000000001
8.9250000000000007,18.375,2.2749999999999999
8.9250000000000007,18.375,2.3250000000000002
8.9250000000000007,18.375,2.375
8.9250000000000007,18.375,2.4250000000000003
8.9250000000000007,18.375,2.4750000000000001
8.9250000000000007,18.375,2.5250000000000004
8.9250000000000007,18.375,2.5750000000000002
8.9250000000000007,18.375,2.625
8.9250000000000007,18.375,2.6750000000000003
8.9250000000000007,18.375,2.7250000000000001
8.9250000000000007,18.375,2.7750000000000004
8.9250000000000007,18.375,2.8250000000000002
8.9250000000000007,18.375,2.875
8.9250000000000007,18.375,2.9250000000000003
8.9250000000000007,18.375,2.9750000000000001
8.9250000000000007,18.375,3.0250000000000004
8.9250000000000007,18.375,3.0750000000000002
8.9250000000000007,18.375,3.125
8.9250000000000007,18.425000000000001,1.8250000000000002
8.9250000000000007,18.425000000000001,1.875
8.9250000000000007,18.425000000000001,1.925
8.9250000000000007,18.425000000000001,1.9750000000000001
8.9250000000000007,18.425000000000001,2.0249999999999999
8.9250000000000007,18.425000000000001,2.0750000000000002
8.9250000000000007,18.425000000000001,2.125
8.9250000000000007,18.425000000000001,2.1750000000000003
8.9250000000000007,18.425000000000001,2.2250000000000001
8.9250000000000007,18.425000000000001,2.2749999999999999
8.9250000000000007,18.425000000000001,2.3250000000000002
8.9250000000000007,18.425000000000001,2.375
8.9250000000000007,18.425000000000001,2.4250000000000003
8.9250000000000007,18.425000000000001,2.4750000000000001
8.9250000000000007,18.425000000000001,2.5250000000000004
8.9250000000000007,18.425000000000001,2.5750000000000002
8.9250000000000007,18.425000000000001,2.625
8.9250000000000007,18.425000000000001,2.6750000000000003
8.9250000000000007,18.425000000000001,2.7250000000000001
8.9250000000000007,18.425000000000001,2.7750000000000004
8.9250000000000007,18.425000000000001,2.8250000000000002
8.9250000000000007,18.425000000000001,2.875
8.9250000000000007,18.425000000000001,2.9250000000000003
8.9250000000000007,18.425000000000001,2.9750000000000001
8.9250000000000007,18.425000000000001,3.0250000000000004
8.9250000000000007,18.425000000000001,3.0750000000000002
8.9250000000000007,18.425000000000001,3.125
8.9749999999999996,18.324999999999999,1.875
8.9749999999999996,18.324999999999999,1.9750000000000001
8.9749999999999996,18.324999999999999,2.0750000000000002
8.9749999999999996,18.324999999999999,2.1750000000000003
8.9749999999999996,18.324999999999999,2.2749999999999999
8.9749999999999996,18.324999999999999,2.375
8.9749999999999996,18.324999999999999,2.9250000000000003
8.9749999999999996,18.324999999999999,3.0250000000000004
8.9749999999999996,18.324999999999999,3.125
8.9749999999999996,18.375,1.8250000000000002
8.9749999999999996,18.375,1.875
8.9749999999999996,18.375,1.925
8.9749999999999996,18.375,1.9750000000000001
8.9749999999999996,18.375,2.0249999999999999
8.9749999999999996,18.375,2.0750000000000002
8.9749999999999996,18.375,2.125
8.9749999999999996,18.375,2.1750000000000003
8.9749999999999996,18.375,2.2250000000000001
8.9749999999999996,18.375,2.2749999999999999
8.9749999999999996,18.375,2.3250000000000002
8.9749999999999996,18.375,2.375
8.9749999999999996,18.375,2.4250000000000003
8.9749999999999996,18.375,2.4750000000000001
8.9749999999999996,18.375,2.5250000000000004
8.9749999999999996,18.375,2.5750000000000002
8.9749999999999996,18.375,2.625
8.9749999999999996,18.375,2.6750000000000003
8.9749999999999996,18.375,2.7250000000000001
8.9749999999999996,18.375,2.7750000000000004
8.9749999999999996,18.375,2.8250000000000002
8.9749999999999996,18.375,2.875
8.9749999999999996,18.375,2.9250000000000003
8.9749999999999996,18.375,2.9750000000000001
8.9749999999999996,18.375,3.0250000000000004
8.9749999999999996,18.375,3.0750000000000002
8.9749999999999996,18.375,3.125
8.9749999999999996,18.425000000000001,1.8250000000000002
8.9749999999999996,18.425000000000001,1.875
8.9749999999999996,18.425000000000001,1.925
8.9749999999999996,18.425000000000001,1.9750000000000001
8.9749999999999996,18.425000000000001,2.0249999999999999
8.9749999999999996,18.425000000000001,2.0750000000000002
8.9749999999999996,18.425000000000001,2.125
8.9749999999999996,18.425000000000001,2.1750000000000003
8.9749999999999996,18.425000000000001,2.2250000000000001
8.9749999999999996,18.425000000000001,2.2749999999999999
8.9749999999999996,18.425000000000001,2.3250000000000002
8.9749999999999996,18.425000000000001,2.375
8.9749999999999996,18.425000000000001,2.4250000000000003
8.9749999999999996,18.425000000000001,2.4750000000000001
8.9749999999999996,18.425000000000001,2.5250000000000004
8.9749999999999996,18.425000000000001,2.5750000000000002
8.9749999999999996,18.425000000000001,2.625
8.9749999999999996,18.425000000000001,2.6750000000000003
8.9749999999999996,18.425000000000001,2.7250000000000001
8.9749999999999996,18.425000000000001,2.7750000000000004
8.9749999999999996,18.425000000000001,2.8250000000000002
8.9749999999999996,18.425000000000001,2.875
8.9749999999999996,18.425000000000001,2.9250000000000003
8.9749999999999996,18.425000000000001,2.9750000000000001
8.9749999999999996,18.425000000000001,3.0250000000000004
8.9749999999999996,18.425000000000001,3.0750000000000002
8.9749999999999996,18.425000000000001,3.125
9.0250000000000004,18.324999999999999,1.8250000000000002
9.0250000000000004,18.324999999999999,1.875
9.0250000000000004,18.324999999999999,1.925
9.0250000000000004,18.324999999999999,1.9750000000000001
9.0250000000000004,18.324999999999999,2.0249999999999999
9.0250000000000004,18.324999999999999,2.0750000000000002
9.0250000000000004,18.324999999999999,2.125
9.0250000000000004,18.324999999999999,2.1750000000000003
9.0250000000000004,18.324999999999999,2.2250000000000001
9.0250000000000004,18.324999999999999,2.2749999999999999
9.0250000000000004,18.324999999999999,2.3250000000000002
9.0250000000000004,18.324999999999999,2.375
9.0250000000000004,18.324999999999999,2.4250000000000003
9.0250000000000004,18.324999999999999,2.4750000000000001
9.0250000000000004,18.324999999999999,2.5250000000000004
9.0250000000000004,18.324999999999999,2.5750000000000002
9.0250000000000004,18.324999999999999,2.625
9.0250000000000004,18.324999999999999,2.6750000000000003
9.0250000000000004,18.324999999999999,2.7250000000000001
9.0250000000000004,18.324999999999999,2.7750000000000004
9.0250000000000004,18.324999999999999,2.8250000000000002
9.0250000000000004,18.324999999999999,2.875
9.0250000000000004,18.324999999999999,2.9250000000000003
9.0250000000000004,18.324999999999999,2.9750000000000001
9.0250000000000004,18.324999999999999,3.0250000000000004
9.0250000000000004,18.324999999999999,3.0750000000000002
9.0250000000000004,18.324999999999999,3.125
9.0250000000000004,18.375,1.8250000000000002
9.0250000000000004,18.375,1.875
9.0250000000000004,18.375,1.925
9.0250000000000004,18.375,1.9750000000000001
9.0250000000000004,18.375,2.0249999999999999
9.0250000000000004,18.375,2.0750000000000002
9.0250000000000004,18.375,2.125
9.0250000000000004,18.375,2.1750000000000003
9.0250000000000004,18.375,2.2250000000000001
9.0250000000000004,18.375,2.2749999999999999
9.0250000000000004,18.375,2.3250000000000002
9.0250000000000004,18.375,2.375
9.0250000000000004,18.375,2.4250000000000003
9.0250000000000004,18.375,2.4750000000000001
9.0250000000000004,18.375,2.5250000000000004
9.0250000000000004,18.375,2.5750000000000002
9.0250000000000004,18.375,2.625
9.0250000000000004,18.375,2.6750000000000003
9.0250000000000004,18.375,2.7250000000000001
9.0250000000000004,18.375,2.7750000000000004
9.0250000000000004,18.375,2.8250000000000002
9.0250000000000004,18.375,2.875
9.0250000000000004,18.375,2.9250000000000003
9.0250000000000004,18.375,2.9750000000000001
9.0250000000000004,18.375,3.0250000000000004
9.0250000000000004,18.375,3.0750000000000002
9.0250000000000004,18.375,3.125
9.0250000000000004,18.425000000000001,2.875
9.0750000000000011,18.275000000000002,1.8250000000000002
9.0750000000000011,18.275000000000002,1.875
9.0750000000000011,18.275000000000002,1.925
9.0750000000000011,18.275000000000002,1.9750000000000001
9.0750000000000011,18.275000000000002,2.0249999999999999
9.0750000000000011,18.275000000000002,2.0750000000000002
9.0750000000000011,18.275000000000002,2.1750000000000003
9.0750000000000011,18.275000000000002,2.2749999999999999
9.0750000000000011,18.275000000000002,2.375
9.0750000000000011,18.275000000000002,2.4250000000000003
9.0750000000000011,18.275000000000002,2.4750000000000001
9.0750000000000011,18.275000000000002,2.5250000000000004
9.0750000000000011,18.275000000000002,2.5750000000000002
9.0750000000000011,18.275000000000002,2.625
9.0750000000000011,18.275000000000002,2.7250000000000001
9.0750000000000011,18.275000000000002,2.8250000000000002
9.0750000000000011,18.275000000000002,2.9250000000000003
9.0750000000000011,18.275000000000002,3.0250000000000004
9.0750000000000011,18.275000000000002,3.125
9.0750000000000011,18.324999999999999,1.8250000000000002
9.0750000000000011,18.324999999999999,1.875
9.0750000000000011,18.324999999999999,1.925
9.0750000000000011,18.324999999999999,1.9750000000000001
9.0750000000000011,18.324999999999999,2.0249999999999999
9.0750000000000011,18.324999999999999,2.0750000000000002
9.0750000000000011,18.324999999999999,2.125
9.0750000000000011,18.324999999999999,2.1750000000000003
9.0750000000000011,18.324999999999999,2.2250000000000001
9.0750000000000011,18.324999999999999,2.2749999999999999
9.0750000000000011,18.324999999999999,2.3250000000000002
9.0750000000000011,18.324999999999999,2.375
9.0750000000000011,18.324999999999999,2.4250000000000003
9.0750000000000011,18.324999999999999,2.4750000000000001
9.0750000000000011,18.324999999999999,2.5250000000000004
9.0750000000000011,18.324999999999999,2.5750000000000002
9.0750000000000011,18.324999999999999,2.625
9.0750000000000011,18.324999999999999,2.6750000000000003
9.0750000000000011,18.324999999999999,2.7250000000000001
9.0750000000000011,18.324999999999999,2.7750000000000004
9.0750000000000011,18.324999999999999,2.8250000000000002
9.0750000000000011,18.324999999999999,2.875
9.0750000000000011,18.324999999999999,2.9250000000000003
9.0750000000000011,18.324999999999999,2.9750000000000001
9.0750000000000011,18.324999999999999,3.0250000000000004
9.0750000000000011,18.324999999999999,3.0750000000000002
9.0750000000000011,18.324999999999999,3.125
9.0750000000000011,18.375,1.8250000000000002
9.0750000000000011,18.375,1.875
9.0750000000000011,18.375,1.925
9.0750000000000011,18.375,2.0249999999999999
9.0750000000000011,18.375,2.0750000000000002
9.0750000000000011,18.375,2.125
9.0750000000000011,18.375,2.1750000000000003
9.0750000000000011,18.375,2.2250000000000001
9.0750000000000011,18.375,2.2749999999999999
9.0750000000000011,18.375,2.3250000000000002
9.0750000000000011,18.375,2.375
9.0750000000000011,18.375,2.4250000000000003
9.0750000000000011,18.375,2.4750000000000001
9.0750000000000011,18.375,2.5250000000000004
9.0750000000000011,18.375,2.5750000000000002
9.0750000000000011,18.375,2.625
9.0750000000000011,18.375,2.6750000000000003
9.0750000000000011,18.375,2.7250000000000001
9.0750000000000011,18.375,2.7750000000000004
9.0750000000000011,18.375,2.8250000000000002
9.0750000000000011,18.375,2.875
9.0750000000000011,18.375,2.9750000000000001
9.0750000000000011,18.375,3.0250000000000004
9.0750000000000011,18.375,3.0750000000000002
9.125,18.225000000000001,1.875
9.125,18.275000000000002,1.8250000000000002
9.125,18.275000000000002,1.875
9.125,18.275000000000002,1.925
9.125,18.275000000000002,1.9750000000000001
9.125,18.275000000000002,2.0249999999999999
9.125,18.275000000000002,2.0750000000000002
9.125,18.275000000000002,2.125
9.125,18.275000000000002,2.1750000000000003
9.125,18.275000000000002,2.2250000000000001
9.125,18.275000000000002,2.2749999999999999
9.125,18.275000000000002,2.3250000000000002
9.125,18.275000000000002,2.375
9.125,18.275000000000002,2.4250000000000003
9.125,18.275000000000002,2.4750000000000001
9.125,18.275000000000002,2.5250000000000004
9.125,18.275000000000002,2.5750000000000002
9.125,18.275000000000002,2.625
9.125,18.275000000000002,2.6750000000000003
9.125,18.275000000000002,2.7250000000000001
9.125,18.275000000000002,2.7750000000000004
9.125,18.275000000000002,2.8250000000000002
9.125,18.275000000000002,2.875
9.125,18.275000000000002,2.9250000000000003
9.125,18.275000000000002,2.9750000000000001
9.125,18.275000000000002,3.0250000000000004
9.125,18.275000000000002,3.0750000000000002
9.125,18.275000000000002,3.125
9.125,18.324999999999999,1.8250000000000002
9.125,18.324999999999999,1.875
9.125,18.324999999999999,1.925
9.125,18.324999999999999,1.9750000000000001
9.125,18.324999999999999,2.0249999999999999
9.125,18.324999999999999,2.0750000000000002
9.125,18.324999999999999,2.125
9.125,18.324999999999999,2.1750000000000003
9.125,18.324999999999999,2.2250000000000001
9.125,18.324999999999999,2.2749999999999999
9.125,18.324999999999999,2.3250000000000002
9.125,18.324999999999999,2.375
9.125,18.324999999999999,2.4250000000000003
9.125,18.324999999999999,2.4750000000000001
9.125,18.324999999999999,2.5250000000000004
9.125,18.324999999999999,2.5750000000000002
9.125,18.324999999999999,2.625
9.125,18.324999999999999,2.6750000000000003
9.125,18.324999999999999,2.7250000000000001
9.125,18.324999999999999,2.7750000000000004
9.125,18.324999999999999,2.8250000000000002
9.125,18.324999999999999,2.875
9.125,18.324999999999999,2.9250000000000003
9.125,18.324999999999999,2.9750000000000001
9.125,18.324999999999999,3.0250000000000004
9.125,18.324999999999999,3.0750000000000002
9.125,18.324999999999999,3.125
9.1750000000000007,18.225000000000001,1.8250000000000002
9.1750000000000007,18.225000000000001,1.875
9.1750000000000007,18.225000000000001,1.925
9.1750000000000007,18.225000000000001,1.9750000000000001
9.1750000000000007,18.225000000000001,2.0249999999999999
9.1750000000000007,18.225000000000001,2.0750000000000002
9.1750000000000007,18.225000000000001,2.125
9.1750000000000007,18.225000000000001,2.1750000000000003
9.1750000000000007,18.225000000000001,2.2250000000000001
9.1750000000000007,18.225000000000001,2.2749999999999999
9.1750000000000007,18.225000000000001,2.375
9.1750000000000007,18.225000000000001,2.4250000000000003
9.1750000000000007,18.225000000000001,2.4750000000000001
9.1750000000000007,18.225000000000001,2.5250000000000004
9.1750000000000007,18.225000000000001,2.5750000000000002
9.1750000000000007,18.225000000000001,2.625
9.1750000000000007,18.225000000000001,2.6750000000000003
9.1750000000000007,18.225000000000001,2.7250000000000001
9.1750000000000007,18.225000000000001,2.7750000000000004
9.1750000000000007,18.225000000000001,2.8250000000000002
9.1750000000000007,18.225000000000001,2.875
9.1750000000000007,18.225000000000001,2.9250000000000003
9.1750000000000007,18.225000000000001,2.9750000000000001
9.1750000000000007,18.225000000000001,3.0250000000000004
9.1750000000000007,18.225000000000001,3.0750000000000002
9.1750000000000007,18.225000000000001,3.125
9.1750000000000007,18.275000000000002,1.875
9.1750000000000007,18.275000000000002,1.925
9.1750000000000007,18.275000000000002,1.9750000000000001
9.1750000000000007,18.275000000000002,2.0249999999999999
9.1750000000000007,18.275000000000002,2.0750000000000002
9.1750000000000007,18.275000000000002,2.125
9.1750000000000007,18.275000000000002,2.1750000000000003
9.1750000000000007,18.275000000000002,2.2250000000000001
9.1750000000000007,18.275000000000002,2.2749999999999999
9.1750000000000007,18.275000000000002,2.3250000000000002
9.1750000000000007,18.275000000000002,2.375
9.1750000000000007,18.275000000000002,2.4250000000000003
9.1750000000000007,18.275000000000002,2.4750000000000001
9.1750000000000007,18.275000000000002,2.5250000000000004
9.1750000000000007,18.275000000000002,2.5750000000000002
9.1750000000000007,18.275000000000002,2.625
9.1750000000000007,18.275000000000002,2.6750000000000003
9.1750000000000007,18.275000000000002,2.7250000000000001
9.1750000000000007,18.275000000000002,2.7750000000000004
9.1750000000000007,18.275000000000002,2.8250000000000002
9.1750000000000007,18.275000000000002,2.875
9.1750000000000007,18.275000000000002,2.9250000000000003
9.1750000000000007,18.275000000000002,2.9750000000000001
9.1750000000000007,18.275000000000002,3.0250000000000004
9.1750000000000007,18.275000000000002,3.0750000000000002
9.1750000000000007,18.275000000000002,3.125
9.2249999999999996,18.175000000000001,1.875
9.2249999999999996,18.175000000000001,1.925
9.2249999999999996,18.175000000000001,2.0249999999999999
9.2249999999999996,18.175000000000001,2.125
9.2249999999999996,18.175000000000001,2.1750000000000003
9.2249999999999996,18.175000000000001,2.375
9.2249999999999996,18.175000000000001,2.8250000000000002
9.2249999999999996,18.175000000000001,2.875
9.2249999999999996,18.175000000000001,2.9250000000000003
9.2249999999999996,18.175000000000001,3.0250000000000004
9.2249999999999996,18.175000000000001,3.0750000000000002
9.2249999999999996,18.225000000000001,2.2749999999999999
9.2249999999999996,18.225000000000001,2.3250000000000002
9.2249999999999996,18.225000000000001,2.375
9.2249999999999996,18.225000000000001,2.4250000000000003
9.2249999999999996,18.225000000000001,2.4750000000000001
9.2249999999999996,18.225000000000001,2.5250000000000004
9.2249999999999996,18.225000000000001,2.5750000000000002
9.2249999999999996,18.225000000000001,2.7250000000000001
9.2249999999999996,18.225000000000001,2.8250000000000002
9.2249999999999996,18.225000000000001,2.875
9.2249999999999996,18.225000000000001,2.9250000000000003
9.2249999999999996,18.225000000000001,2.9750000000000001
9.2249999999999996,18.225000000000001,3.0250000000000004
9.2249999999999996,18.225000000000001,3.125
9.2750000000000004,18.125,2.7250000000000001
9.2750000000000004,18.125,3.0250000000000004
9.2750000000000004,18.125,3.125
9.2750000000000004,18.175000000000001,2.9250000000000003
9.2750000000000004,18.175000000000001,3.0750000000000002
9.4749999999999996,18.525000000000002,1.8250000000000002
9.4749999999999996,18.525000000000002,2.0249999999999999
9.4749999999999996,18.525000000000002,2.125
9.4749999999999996,18.525000000000002,3.0750000000000002
9.5250000000000004,18.525000000000002,1.925
9.5250000000000004,18.525000000000002,1.9750000000000001
9.5250000000000004,18.525000000000002,2.0750000000000002
9.5250000000000004,18.525000000000002,2.2749999999999999
9.5250000000000004,18.525000000000002,2.375
9.5250000000000004,18.525000000000002,2.4250000000000003
9.5250000000000004,18.525000000000002,2.4750000000000001
9.5250000000000004,18.525000000000002,2.5250000000000004
9.5250000000000004,18.525000000000002,2.5750000000000002
9.5250000000000004,18.525000000000002,2.625
9.5250000000000004,18.525000000000002,2.6750000000000003
9.5250000000000004,18.525000000000002,2.8250000000000002
9.5250000000000004,18.525000000000002,2.875
9.5250000000000004,18.525000000000002,3.0250000000000004
9.5750000000000011,18.525000000000002,1.9750000000000001
9.5750000000000011,18.525000000000002,2.0750000000000002
9.5750000000000011,18.525000000000002,2.1750000000000003
9.7250000000000014,17.425000000000001,1.8250000000000002
9.7250000000000014,17.425000000000001,1.875
9.7250000000000014,17.425000000000001,1.925
9.7250000000000014,17.425000000000001,1.9750000000000001
9.7250000000000014,17.425000000000001,2.0249999999999999
9.7250000000000014,17.425000000000001,2.0750000000000002
9.7250000000000014,17.425000000000001,2.125
9.7250000000000014,17.475000000000001,1.8250000000000002
9.7250000000000014,17.475000000000001,1.925
9.7250000000000014,17.475000000000001,2.0249999999999999
9.7250000000000014,17.475000000000001,2.125
9.7750000000000004,17.425000000000001,1.8250000000000002
9.7750000000000004,17.425000000000001,1.875
9.7750000000000004,17.425000000000001,1.925
9.7750000000000004,17.425000000000001,1.9750000000000001
9.7750000000000004,17.425000000000001,2.0249999999999999
9.7750000000000004,17.425000000000001,2.0750000000000002
9.7750000000000004,17.425000000000001,2.125
9.7750000000000004,17.425000000000001,2.1750000000000003
9.7750000000000004,17.425000000000001,2.2250000000000001
9.7750000000000004,17.425000000000001,2.2749999999999999
9.7750000000000004,17.425000000000001,2.3250000000000002
9.7750000000000004,17.425000000000001,2.375
9.7750000000000004,17.425000000000001,2.4250000000000003
9.7750000000000004,17.425000000000001,2.4750000000000001
9.7750000000000004,17.425000000000001,2.5250000000000004
9.7750000000000004,17.425000000000001,2.5750000000000002
9.7750000000000004,17.425000000000001,2.625
9.7750000000000004,17.425000000000001,2.6750000000000003
9.7750000000000004,17.425000000000001,2.7250000000000001
9.7750000000000004,17.425000000000001,2.7750000000000004
9.7750000000000004,17.425000000000001,2.8250000000000002
9.7750000000000004,17.425000000000001,2.875
9.7750000000000004,17.425000000000001,2.9250000000000003
9.7750000000000004,17.425000000000001,2.9750000000000001
9.7750000000000004,17.425000000000001,3.0250000000000004
9.7750000000000004,17.425000000000001,3.0750000000000002
9.7750000000000004,17.425000000000001,3.125
9.7750000000000004,17.475000000000001,1.8250000000000002
9.7750000000000004,17.475000000000001,1.925
9.7750000000000004,17.475000000000001,2.0249999999999999
9.7750000000000004,17.475000000000001,2.125
9.7750000000000004,17.475000000000001,2.2250000000000001
9.7750000000000004,17.475000000000001,2.3250000000000002
9.7750000000000004,17.475000000000001,2.9750000000000001
9.7750000000000004,17.475000000000001,3.0250000000000004
9.7750000000000004,17.475000000000001,3.0750000000000002
9.7750000000000004,17.475000000000001,3.125
9.8250000000000011,17.375,1.8250000000000002
9.8250000000000011,17.375,1.875
9.8250000000000011,17.375,1.9750000000000001
9.8250000000000011,17.375,2.0249999999999999
9.8250000000000011,17.375,2.0750000000000002
9.8250000000000011,17.375,2.1750000000000003
9.8250000000000011,17.375,2.2250000000000001
9.8250000000000011,17.375,2.2749999999999999
9.8250000000000011,17.375,2.3250000000000002
9.8250000000000011,17.375,2.375
9.8250000000000011,17.375,2.5250000000000004
9.8250000000000011,17.375,2.7250000000000001
9.8250000000000011,17.375,2.9250000000000003
9.8250000000000011,17.375,2.9750000000000001
9.8250000000000011,17.375,3.0250000000000004
9.8250000000000011,17.375,3.0750000000000002
9.8250000000000011,17.375,3.125
9.8250000000000011,17.425000000000001,1.8250000000000002
9.8250000000000011,17.425000000000001,1.875
9.8250000000000011,17.425000000000001,1.925
9.8250000000000011,17.425000000000001,1.9750000000000001
9.8250000000000011,17.425000000000001,2.0249999999999999
9.8250000000000011,17.425000000000001,2.0750000000000002
9.8250000000000011,17.425000000000001,2.125
9.8250000000000011,17.425000000000001,2.1750000000000003
9.8250000000000011,17.425000000000001,2.2250000000000001
9.8250000000000011,17.425000000000001,2.2749999999999999
9.8250000000000011,17.425000000000001,2.3250000000000002
9.8250000000000011,17.425000000000001,2.375
9.8250000000000011,17.425000000000001,2.4250000000000003
9.8250000000000011,17.425000000000001,2.4750000000000001
9.8250000000000011,17.425000000000001,2.5250000000000004
9.8250000000000011,17.425000000000001,2.5750000000000002
9.8250000000000011,17.425000000000001,2.625
9.8250000000000011,17.425000000000001,2.6750000000000003
9.8250000000000011,17.425000000000001,2.7250000000000001
9.8250000000000011,17.425000000000001,2.7750000000000004
9.8250000000000011,17.425000000000001,2.8250000000000002
9.8250000000000011,17.425000000000001,2.875
9.8250000000000011,17.425000000000001,2.9250000000000003
9.8250000000000011,17.425000000000001,2.9750000000000001
9.8250000000000011,17.425000000000001,3.0250000000000004
9.8250000000000011,17.425000000000001,3.0750000000000002
9.8250000000000011,17.425000000000001,3.125
9.875,17.375,1.8250000000000002
9.875,17.375,1.875
9.875,17.375,1.925
9.875,17.375,1.9750000000000001
9.875,17.375,2.0249999999999999
9.875,17.375,2.0750000000000002
9.875,17.375,2.125
9.875,17.375,2.1750000000000003
9.875,17.375,2.2250000000000001
9.875,17.375,2.2749999999999999
9.875,17.375,2.3250000000000002
9.875,17.375,2.375
9.875,17.375,2.4250000000000003
9.875,17.375,2.4750000000000001
9.875,17.375,2.5250000000000004
9.875,17.375,2.5750000000000002
9.875,17.375,2.625
9.875,17.375,2.6750000000000003
9.875,17.375,2.7250000000000001
9.875,17.375,2.7750000000000004
9.875,17.375,2.8250000000000002
9.875,17.375,2.875
9.875,17.375,2.9250000000000003
9.875,17.375,2.9750000000000001
9.875,17.375,3.0250000000000004
9.875,17.375,3.0750000000000002
9.875,17.375,3.125
9.875,17.425000000000001,1.8250000000000002
9.875,17.425000000000001,1.875
9.875,17.425000000000001,1.925
9.875,17.425000000000001,1.9750000000000001
9.875,17.425000000000001,2.0249999999999999
9.875,17.425000000000001,2.0750000000000002
9.875,17.425000000000001,2.1750000000000003
9.875,17.425000000000001,2.2749999999999999
9.875,17.425000000000001,2.3250000000000002
9.875,17.425000000000001,2.375
9.875,17.425000000000001,2.4250000000000003
9.875,17.425000000000001,2.4750000000000001
9.875,17.425000000000001,2.5250000000000004
9.875,17.425000000000001,2.5750000000000002
9.875,17.425000000000001,2.625
9.875,17.425000000000001,2.6750000000000003
9.875,17.425000000000001,2.7250000000000001
9.875,17.425000000000001,2.7750000000000004
9.875,17.425000000000001,2.8250000000000002
9.875,17.425000000000001,2.875
9.875,17.425000000000001,2.9250000000000003
9.875,17.425000000000001,2.9750000000000001
9.875,17.425000000000001,3.0250000000000004
9.875,17.425000000000001,3.0750000000000002
9.875,17.425000000000001,3.125
9.9250000000000007,17.324999999999999,1.875
9.9250000000000007,17.324999999999999,1.925
9.9250000000000007,17.324999999999999,2.1750000000000003
9.9250000000000007,17.324999999999999,2.2749999999999999
9.9250000000000007,17.324999999999999,2.375
9.9250000000000007,17.324999999999999,2.4250000000000003
9.9250000000000007,17.324999999999999,2.4750000000000001
9.9250000000000007,17.324999999999999,2.5250000000000004
9.9250000000000007,17.324999999999999,2.5750000000000002
9.9250000000000007,17.324999999999999,2.625
9.9250000000000007,17.324999999999999,2.6750000000000003
9.9250000000000007,17.324999999999999,2.7250000000000001
9.9250000000000007,17.324999999999999,2.8250000000000002
9.9250000000000007,17.375,1.8250000000000002
9.9250000000000007,17.375,1.875
9.9250000000000007,17.375,1.925
9.9250000000000007,17.375,1.9750000000000001
9.9250000000000007,17.375,2.0249999999999999
9.9250000000000007,17.375,2.0750000000000002
9.9250000000000007,17.375,2.125
9.9250000000000007,17.375,2.1750000000000003
9.9250000000000007,17.375,2.2250000000000001
9.9250000000000007,17.375,2.2749999999999999
9.9250000000000007,17.375,2.3250000000000002
9.9250000000000007,17.375,2.375
9.9250000000000007,17.375,2.4250000000000003
9.9250000000000007,17.375,2.4750000000000001
9.9250000000000007,17.375,2.5250000000000004
9.9250000000000007,17.375,2.5750000000000002
9.9250000000000007,17.375,2.625
9.9250000000000007,17.375,2.6750000000000003
9.9250000000000007,17.375,2.7250000000000001
9.9250000000000007,17.375,2.7750000000000004
9.9250000000000007,17.375,2.8250000000000002
9.9250000000000007,17.375,2.875
9.9250000000000007,17.375,2.9250000000000003
9.9250000000000007,17.375,2.9750000000000001
9.9250000000000007,17.375,3.0250000000000004
9.9250000000000007,17.375,3.0750000000000002
9.9250000000000007,17.375,3.125
9.9750000000000014,17.324999999999999,1.8250000000000002
9.9750000000000014,17.324999999999999,1.875
9.9750000000000014,17.324999999999999,1.925
9.9750000000000014,17.324999999999999,1.9750000000000001
9.9750000000000014,17.324999999999999,2.0249999999999999
9.9750000000000014,17.324999999999999,2.0750000000000002
9.9750000000000014,17.324999999999999,2.125
9.9750000000000014,17.324999999999999,2.1750000000000003
9.9750000000000014,17.324999999999999,2.2250000000000001
9.9750000000000014,17.324999999999999,2.2749999999999999
9.9750000000000014,17.324999999999999,2.3250000000000002
9.9750000000000014,17.324999999999999,2.375
9.9750000000000014,17.324999999999999,2.4250000000000003
9.9750000000000014,17.324999999999999,2.4750000000000001
9.9750000000000014,17.324999999999999,2.5250000000000004
9.9750000000000014,17.324999999999999,2.5750000000000002
9.9750000000000014,17.324999999999999,2.625
9.9750000000000014,17.324999999999999,2.6750000000000003
9.9750000000000014,17.324999999999999,2.7250000000000001
9.9750000000000014,17.324999999999999,2.7750000000000004
9.9750000000000014,17.324999999999999,2.8250000000000002
9.9750000000000014,17.324999999999999,2.875
9.9750000000000014,17.324999999999999,2.9250000000000003
9.9750000000000014,17.324999999999999,2.9750000000000001
9.9750000000000014,17.324999999999999,3.0250000000000004
9.9750000000000014,17.324999999999999,3.0750000000000002
9.9750000000000014,17.324999999999999,3.125
9.9750000000000014,17.375,1.8250000000000002
9.9750000000000014,17.375,2.0249999999999999
9.9750000000000014,17.375,2.7250000000000001
9.9750000000000014,17.375,2.7750000000000004
9.9750000000000014,17.375,2.8250000000000002
9.9750000000000014,17.375,2.875
9.9750000000000014,17.375,2.9250000000000003
9.9750000000000014,17.375,2.9750000000000001
9.9750000000000014,17.375,3.0750000000000002
9.9750000000000014,17.375,3.125
10.025,17.275000000000002,1.875
10.025,17.275000000000002,1.9750000000000001
10.025,17.275000000000002,2.0750000000000002
10.025,17.275000000000002,2.1750000000000003
10.025,17.275000000000002,2.2749999999999999
10.025,17.275000000000002,2.3250000000000002
10.025,17.275000000000002,2.375
10.025,17.275000000000002,2.4750000000000001
10.025,17.275000000000002,2.5250000000000004
10.025,17.275000000000002,2.5750000000000002
10.025,17.275000000000002,2.6750000000000003
10.025,17.275000000000002,2.7250000000000001
10.025,17.275000000000002,2.7750000000000004
10.025,17.275000000000002,2.875
10.025,17.275000000000002,2.9250000000000003
10.025,17.275000000000002,2.9750000000000001
10.025,17.275000000000002,3.0250000000000004
10.025,17.275000000000002,3.0750000000000002
10.025,17.275000000000002,3.125
10.025,17.324999999999999,1.925
10.025,17.324999999999999,2.0249999999999999
10.025,17.324999999999999,2.2250000000000001
10.025,17.324999999999999,3.125
8.4749999999999996,18.275000000000002,2.1750000000000003
8.4749999999999996,18.275000000000002,2.2749999999999999
8.4749999999999996,18.275000000000002,2.375
8.4749999999999996,18.275000000000002,2.4750000000000001
8.4749999999999996,18.275000000000002,2.5250000000000004
8.4749999999999996,18.275000000000002,2.5750000000000002
8.4749999999999996,18.275000000000002,2.625
8.4749999999999996,18.275000000000002,2.6750000000000003
8.4749999999999996,18.275000000000002,2.7250000000000001
8.4749999999999996,18.275000000000002,2.7750000000000004
8.4749999999999996,18.275000000000002,2.8250000000000002
8.4749999999999996,18.275000000000002,2.9250000000000003
8.4749999999999996,18.275000000000002,3.0250000000000004
8.4749999999999996,18.324999999999999,1.8250000000000002
8.4749999999999996,18.324999999999999,1.875
8.4749999999999996,18.324999999999999,1.925
8.4749999999999996,18.324999999999999,1.9750000000000001
8.4749999999999996,18.324999999999999,2.0249999999999999
8.4749999999999996,18.324999999999999,2.0750000000000002
8.4749999999999996,18.324999999999999,2.125
8.4749999999999996,18.324999999999999,2.1750000000000003
8.4749999999999996,18.324999999999999,2.2250000000000001
8.4749999999999996,18.324999999999999,2.2749999999999999
8.4749999999999996,18.324999999999999,2.3250000000000002
8.4749999999999996,18.324999999999999,2.375
8.4749999999999996,18.324999999999999,2.4250000000000003
8.4749999999999996,18.324999999999999,2.4750000000000001
8.4749999999999996,18.324999999999999,2.5250000000000004
8.4749999999999996,18.324999999999999,2.5750000000000002
8.4749999999999996,18.324999999999999,2.625
8.4749999999999996,18.324999999999999,2.6750000000000003
8.4749999999999996,18.324999999999999,2.7250000000000001
8.4749999999999996,18.324999999999999,2.7750000000000004
8.4749999999999996,18.324999999999999,2.8250000000000002
8.4749999999999996,18.324999999999999,2.875
8.4749999999999996,18.324999999999999,2.9250000000000003
8.4749999999999996,18.324999999999999,2.9750000000000001
8.4749999999999996,18.324999999999999,3.0250000000000004
8.4749999999999996,18.324999999999999,3.0750000000000002
8.4749999999999996,18.324999999999999,3.125
8.4749999999999996,18.375,1.8250000000000002
8.4749999999999996,18.375,1.875
8.4749999999999996,18.375,1.925
8.4749999999999996,18.375,1.9750000000000001
8.4749999999999996,18.375,2.0249999999999999
8.4749999999999996,18.375,2.0750000000000002
8.4749999999999996,18.375,2.125
8.4749999999999996,18.375,2.1750000000000003
8.4749999999999996,18.375,2.2250000000000001
8.4749999999999996,18.375,2.2749999999999999
8.4749999999999996,18.375,2.3250000000000002
8.4749999999999996,18.375,2.375
8.4749999999999996,18.375,2.4250000000000003
8.4749999999999996,18.375,2.4750000000000001
8.4749999999999996,18.375,2.5250000000000004
8.4749999999999996,18.375,2.5750000000000002
8.4749999999999996,18.375,2.625
8.4749999999999996,18.375,2.6750000000000003
8.4749999999999996,18.375,2.7250000000000001
8.4749999999999996,18.375,2.7750000000000004
8.4749999999999996,18.375,2.8250000000000002
8.4749999999999996,18.375,2.875
8.4749999999999996,18.375,2.9250000000000003
8.4749999999999996,18.375,2.9750000000000001
8.4749999999999996,18.375,3.0250000000000004
8.4749999999999996,18.375,3.0750000000000002
8.4749999999999996,18.375,3.125
8.4749999999999996,18.425000000000001,1.8250000000000002
8.4749999999999996,18.425000000000001,1.925
8.4749999999999996,18.425000000000001,2.0249999999999999
8.4749999999999996,18.425000000000001,2.2250000000000001
8.4749999999999996,18.425000000000001,2.3250000000000002
8.4749999999999996,18.425000000000001,3.0750000000000002
8.5250000000000004,18.324999999999999,1.875
8.5250000000000004,18.324999999999999,1.9750000000000001
8.5250000000000004,18.324999999999999,2.0750000000000002
8.5250000000000004,18.324999999999999,2.1750000000000003
8.5250000000000004,18.324999999999999,2.2250000000000001
8.5250000000000004,18.324999999999999,2.2749999999999999
8.5250000000000004,18.324999999999999,2.3250000000000002
8.5250000000000004,18.324999999999999,2.375
8.5250000000000004,18.324999999999999,2.4250000000000003
8.5250000000000004,18.324999999999999,2.4750000000000001
8.5250000000000004,18.324999999999999,2.5250000000000004
8.5250000000000004,18.324999999999999,2.5750000000000002
8.5250000000000004,18.324999999999999,2.625
8.5250000000000004,18.324999999999999,2.6750000000000003
8.5250000000000004,18.324999999999999,2.7250000000000001
8.5250000000000004,18.324999999999999,2.7750000000000004
8.5250000000000004,18.324999999999999,2.8250000000000002
8.5250000000000004,18.324999999999999,2.875
8.5250000000000004,18.324999999999999,2.9250000000000003
8.5250000000000004,18.324999999999999,2.9750000000000001
8.5250000000000004,18.324999999999999,3.0250000000000004
8.5250000000000004,18.324999999999999,3.0750000000000002
8.5250000000000004,18.324999999999999,3.125
8.5250000000000004,18.375,1.8250000000000002
8.5250000000000004,18.375,1.875
8.5250000000000004,18.375,1.925
8.5250000000000004,18.375,1.9750000000000001
8.5250000000000004,18.375,2.0249999999999999
8.5250000000000004,18.375,2.0750000000000002
8.5250000000000004,18.375,2.125
8.5250000000000004,18.375,2.1750000000000003
8.5250000000000004,18.375,2.2250000000000001
8.5250000000000004,18.375,2.2749999999999999
8.5250000000000004,18.375,2.3250000000000002
8.5250000000000004,18.375,2.375
8.5250000000000004,18.375,2.4250000000000003
8.5250000000000004,18.375,2.4750000000000001
8.5250000000000004,18.375,2.5250000000000004
8.5250000000000004,18.375,2.5750000000000002
8.5250000000000004,18.375,2.625
8.5250000000000004,18.375,2.6750000000000003
8.5250000000000004,18.375,2.7250000000000001
8.5250000000000004,18.375,2.7750000000000004
8.5250000000000004,18.375,2.8250000000000002
8.5250000000000004,18.375,2.875
8.5250000000000004,18.375,2.9250000000000003
8.5250000000000004,18.375,2.9750000000000001
8.5250000000000004,18.375,3.0250000000000004
8.5250000000000004,18.375,3.0750000000000002
8.5250000000000004,18.375,3.125
8.5250000000000004,18.425000000000001,1.8250000000000002
8.5250000000000004,18.425000000000001,1.875
8.5250000000000004,18.425000000000001,1.925
8.5250000000000004,18.425000000000001,1.9750000000000001
8.5250000000000004,18.425000000000001,2.0249999999999999
8.5250000000000004,18.425000000000001,2.0750000000000002
8.5250000000000004,18.425000000000001,2.125
8.5250000000000004,18.425000000000001,2.1750000000000003
8.5250000000000004,18.425000000000001,2.2250000000000001
8.5250000000000004,18.425000000000001,2.2749999999999999
8.5250000000000004,18.425000000000001,2.3250000000000002
8.5250000000000004,18.425000000000001,2.9750000000000001
8.5250000000000004,18.425000000000001,3.0750000000000002
8.5250000000000004,18.425000000000001,3.125
8.5750000000000011,18.324999999999999,2.1750000000000003
8.5750000000000011,18.324999999999999,2.2749999999999999
8.5750000000000011,18.324999999999999,2.375
8.5750000000000011,18.324999999999999,2.4750000000000001
8.5750000000000011,18.324999999999999,2.5250000000000004
8.5750000000000011,18.324999999999999,2.5750000000000002
8.5750000000000011,18.324999999999999,2.625
8.5750000000000011,18.324999999999999,2.6750000000000003
8.5750000000000011,18.324999999999999,2.7250000000000001
8.5750000000000011,18.324999999999999,2.7750000000000004
8.5750000000000011,18.324999999999999,2.8250000000000002
8.5750000000000011,18.324999999999999,2.875
8.5750000000000011,18.324999999999999,2.9250000000000003
8.5750000000000011,18.324999999999999,3.0250000000000004
8.5750000000000011,18.324999999999999,3.125
8.5750000000000011,18.375,1.8250000000000002
8.5750000000000011,18.375,1.875
8.5750000000000011,18.375,1.925
8.5750000000000011,18.375,1.9750000000000001
8.5750000000000011,18.375,2.0249999999999999
8.5750000000000011,18.375,2.0750000000000002
8.5750000000000011,18.375,2.125
8.5750000000000011,18.375,2.1750000000000003
8.5750000000000011,18.375,2.2250000000000001
8.5750000000000011,18.375,2.2749999999999999
8.5750000000000011,18.375,2.3250000000000002
8.5750000000000011,18.375,2.375
8.5750000000000011,18.375,2.4250000000000003
8.5750000000000011,18.375,2.4750000000000001
8.5750000000000011,18.375,2.5250000000000004
8.5750000000000011,18.375,2.5750000000000002
8.5750000000000011,18.375,2.625
8.5750000000000011,18.375,2.6750000000000003
8.5750000000000011,18.375,2.7250000000000001
8.5750000000000011,18.375,2.7750000000000004
8.5750000000000011,18.375,2.8250000000000002
8.5750000000000011,18.375,2.875
8.5750000000000011,18.375,2.9250000000000003
8.5750000000000011,18.375,2.9750000000000001
8.5750000000000011,18.375,3.0250000000000004
8.5750000000000011,18.375,3.0750000000000002
8.5750000000000011,18.375,3.125
8.5750000000000011,18.425000000000001,1.8250000000000002
8.5750000000000011,18.425000000000001,1.875
8.5750000000000011,18.425000000000001,1.925
8.5750000000000011,18.425000000000001,1.9750000000000001
8.5750000000000011,18.425000000000001,2.0249999999999999
8.5750000000000011,18.425000000000001,2.0750000000000002
8.5750000000000011,18.425000000000001,2.125
8.5750000000000011,18.425000000000001,2.1750000000000003
8.5750000000000011,18.425000000000001,2.2250000000000001
8.5750000000000011,18.425000000000001,2.2749999999999999
8.5750000000000011,18.425000000000001,2.3250000000000002
8.5750000000000011,18.425000000000001,2.375
8.5750000000000011,18.425000000000001,2.4250000000000003
8.5750000000000011,18.425000000000001,2.9750000000000001
8.5750000000000011,18.425000000000001,3.0750000000000002
8.5750000000000011,18.425000000000001,3.125
8.625,18.375,1.875
8.625,18.375,1.9750000000000001
8.625,18.375,2.0750000000000002
8.625,18.375,2.125
8.625,18.375,2.1750000000000003
8.625,18.375,2.2250000000000001
8.625,18.375,2.2749999999999999
8.625,18.375,2.3250000000000002
8.625,18.375,2.375
8.625,18.375,2.4250000000000003
8.625,18.375,2.4750000000000001
8.625,18.375,2.5250000000000004
8.625,18.375,2.5750000000000002
8.625,18.375,2.625
8.625,18.375,2.6750000000000003
8.625,18.375,2.7250000000000001
8.625,18.375,2.7750000000000004
8.625,18.375,2.8250000000000002
8.625,18.375,2.875
8.625,18.375,2.9250000000000003
8.625,18.375,2.9750000000000001
8.625,18.375,3.0250000000000004
8.625,18.375,3.0750000000000002
8.625,18.375,3.125
8.625,18.425000000000001,1.8250000000000002
8.625,18.425000000000001,1.875
8.625,18.425000000000001,1.925
8.625,18.425000000000001,1.9750000000000001
8.625,18.425000000000001,2.0249999999999999
8.625,18.425000000000001,2.0750000000000002
8.625,18.425000000000001,2.125
8.625,18.425000000000001,2.1750000000000003
8.625,18.425000000000001,2.2250000000000001
8.625,18.425000000000001,2.2749999999999999
8.625,18.425000000000001,2.3250000000000002
8.625,18.425000000000001,2.375
8.625,18.425000000000001,2.4250000000000003
8.625,18.425000000000001,2.4750000000000001
8.625,18.425000000000001,2.5250000000000004
8.625,18.425000000000001,2.5750000000000002
8.625,18.425000000000001,2.625
8.625,18.425000000000001,2.6750000000000003
8.625,18.425000000000001,2.7250000000000001
8.625,18.425000000000001,2.7750000000000004
8.625,18.425000000000001,2.8250000000000002
8.625,18.425000000000001,2.875
8.625,18.425000000000001,2.9250000000000003
8.625,18.425000000000001,2.9750000000000001
8.625,18.425000000000001,3.0250000000000004
8.625,18.425000000000001,3.0750000000000002
8.625,18.425000000000001,3.125
8.625,18.475000000000001,1.8250000000000002
8.6750000000000007,18.375,1.875
8.6750000000000007,18.375,1.9750000000000001
8.6750000000000007,18.375,2.0750000000000002
8.6750000000000007,18.375,2.1750000000000003
8.6750000000000007,18.375,2.2250000000000001
8.6750000000000007,18.375,2.2749999999999999
8.6750000000000007,18.375,2.3250000000000002
8.6750000000000007,18.375,2.375
8.6750000000000007,18.375,2.4250000000000003
8.6750000000000007,18.375,2.4750000000000001
8.6750000000000007,18.375,2.5250000000000004
8.6750000000000007,18.375,2.5750000000000002
8.6750000000000007,18.375,2.625
8.6750000000000007,18.375,2.6750000000000003
8.6750000000000007,18.375,2.7250000000000001
8.6750000000000007,18.375,2.7750000000000004
8.6750000000000007,18.375,2.8250000000000002
8.6750000000000007,18.375,2.875
8.6750000000000007,18.375,2.9250000000000003
8.6750000000000007,18.375,2.9750000000000001
8.6750000000000007,18.375,3.0250000000000004
8.6750000000000007,18.375,3.0750000000000002
8.6750000000000007,18.375,3.125
8.6750000000000007,18.425000000000001,1.8250000000000002
8.6750000000000007,18.425000000000001,1.875
8.6750000000000007,18.425000000000001,1.925
8.6750000000000007,18.425000000000001,1.9750000000000001
8.6750000000000007,18.425000000000001,2.0249999999999999
8.6750000000000007,18.425000000000001,2.0750000000000002
8.6750000000000007,18.425000000000001,2.125
8.6750000000000007,18.425000000000001,2.1750000000000003
8.6750000000000007,18.425000000000001,2.2250000000000001
8.6750000000000007,18.425000000000001,2.2749999999999999
8.6750000000000007,18.425000000000001,2.3250000000000002
8.6750000000000007,18.425000000000001,2.375
8.6750000000000007,18.425000000000001,2.4250000000000003
8.6750000000000007,18.425000000000001,2.4750000000000001
8.6750000000000007,18.425000000000001,2.5250000000000004
8.6750000000000007,18.425000000000001,2.5750000000000002
8.6750000000000007,18.425000000000001,2.625
8.6750000000000007,18.425000000000001,2.6750000000000003
8.6750000000000007,18.425000000000001,2.7250000000000001
8.6750000000000007,18.425000000000001,2.7750000000000004
8.6750000000000007,18.425000000000001,2.8250000000000002
8.6750000000000007,18.425000000000001,2.875
8.6750000000000007,18.425000000000001,2.9250000000000003
8.6750000000000007,18.425000000000001,2.9750000000000001
8.6750000000000007,18.425000000000001,3.0250000000000004
8.6750000000000007,18.425000000000001,3.0750000000000002
8.6750000000000007,18.425000000000001,3.125
8.6750000000000007,18.475000000000001,1.8250000000000002
8.6750000000000007,18.475000000000001,1.925
8.6750000000000007,18.475000000000001,2.0249999999999999
8.6750000000000007,18.475000000000001,2.125
8.6750000000000007,18.475000000000001,2.2250000000000001
8.6750000000000007,18.475000000000001,3.0750000000000002
8.7249999999999996,18.375,1.875
8.7249999999999996,18.375,1.9750000000000001
8.7249999999999996,18.375,2.0750000000000002
8.7249999999999996,18.375,2.1750000000000003
8.7249999999999996,18.375,2.2749999999999999
8.7249999999999996,18.375,2.3250000000000002
8.7249999999999996,18.375,2.375
8.7249999999999996,18.375,2.4250000000000003
8.7249999999999996,18.375,2.4750000000000001
8.7249999999999996,18.375,2.5250000000000004
8.7249999999999996,18.375,2.5750000000000002
8.7249999999999996,18.375,2.625
8.7249999999999996,18.375,2.6750000000000003
8.7249999999999996,18.375,2.7250000000000001
8.7249999999999996,18.375,2.7750000000000004
8.7249999999999996,18.375,2.8250000000000002
8.7249999999999996,18.375,2.875
8.7249999999999996,18.375,2.9250000000000003
8.7249999999999996,18.375,2.9750000000000001
8.7249999999999996,18.375,3.0250000000000004
8.7249999999999996,18.375,3.0750000000000002
8.7249999999999996,18.375,3.125
8.7249999999999996,18.425000000000001,1.8250000000000002
8.7249999999999996,18.425000000000001,1.875
8.7249999999999996,18.425000000000001,1.925
8.7249999999999996,18.425000000000001,1.9750000000000001
8.7249999999999996,18.425000000000001,2.0249999999999999
8.7249999999999996,18.425000000000001,2.0750000000000002
8.7249999999999996,18.425000000000001,2.125
8.7249999999999996,18.425000000000001,2.1750000000000003
8.7249999999999996,18.425000000000001,2.2250000000000001
8.7249999999999996,18.425000000000001,2.2749999999999999
8.7249999999999996,18.425000000000001,2.3250000000000002
8.7249999999999996,18.425000000000001,2.375
8.7249999999999996,18.425000000000001,2.4250000000000003
8.7249999999999996,18.425000000000001,2.4750000000000001
8.7249999999999996,18.425000000000001,2.5250000000000004
8.7249999999999996,18.425000000000001,2.5750000000000002
8.7249999999999996,18.425000000000001,2.625
8.7249999999999996,18.425000000000001,2.6750000000000003
8.7249999999999996,18.425000000000001,2.7250000000000001
8.7249999999999996,18.425000000000001,2.7750000000000004
8.7249999999999996,18.425000000000001,2.8250000000000002
8.7249999999999996,18.425000000000001,2.875
8.7249999999999996,18.425000000000001,2.9250000000000003
8.7249999999999996,18.425000000000001,2.9750000000000001
8.7249999999999996,18.425000000000001,3.0250000000000004
8.7249999999999996,18.425000000000001,3.0750000000000002
8.7249999999999996,18.425000000000001,3.125
8.7249999999999996,18.475000000000001,1.8250000000000002
8.7249999999999996,18.475000000000001,1.925
8.7249999999999996,18.475000000000001,2.0249999999999999
8.7249999999999996,18.475000000000001,2.125
8.7249999999999996,18.475000000000001,2.2250000000000001
8.7249999999999996,18.475000000000001,2.3250000000000002
8.7249999999999996,18.475000000000001,2.9750000000000001
8.7249999999999996,18.475000000000001,3.0750000000000002
8.7750000000000004,18.375,1.875
8.7750000000000004,18.375,1.9750000000000001
8.7750000000000004,18.375,2.0750000000000002
8.7750000000000004,18.375,2.1750000000000003
8.7750000000000004,18.375,2.2749999999999999
8.7750000000000004,18.375,2.3250000000000002
8.7750000000000004,18.375,2.375
8.7750000000000004,18.375,2.4250000000000003
8.7750000000000004,18.375,2.4750000000000001
8.7750000000000004,18.375,2.5250000000000004
8.7750000000000004,18.375,2.5750000000000002
8.7750000000000004,18.375,2.625
8.7750000000000004,18.375,2.6750000000000003
8.7750000000000004,18.375,2.7250000000000001
8.7750000000000004,18.375,2.7750000000000004
8.7750000000000004,18.375,2.8250000000000002
8.7750000000000004,18.375,2.875
8.7750000000000004,18.375,2.9250000000000003
8.7750000000000004,18.375,2.9750000000000001
8.7750000000000004,18.375,3.0250000000000004
8.7750000000000004,18.375,3.0750000000000002
8.7750000000000004,18.375,3.125
8.7750000000000004,18.425000000000001,1.8250000000000002
8.7750000000000004,18.425000000000001,1.875
8.7750000000000004,18.425000000000001,1.925
8.7750000000000004,18.425000000000001,1.9750000000000001
8.7750000000000004,18.425000000000001,2.0249999999999999
8.7750000000000004,18.425000000000001,2.0750000000000002
8.7750000000000004,18.425000000000001,2.125
8.7750000000000004,18.425000000000001,2.1750000000000003
8.7750000000000004,18.425000000000001,2.2250000000000001
8.7750000000000004,18.425000000000001,2.2749999999999999
8.7750000000000004,18.425000000000001,2.3250000000000002
8.7750000000000004,18.425000000000001,2.375
8.7750000000000004,18.425000000000001,2.4250000000000003
8.7750000000000004,18.425000000000001,2.4750000000000001
8.7750000000000004,18.425000000000001,2.5250000000000004
8.7750000000000004,18.425000000000001,2.5750000000000002
8.7750000000000004,18.425000000000001,2.625
8.7750000000000004,18.425000000000001,2.6750000000000003
8.7750000000000004,18.425000000000001,2.7250000000000001
8.7750000000000004,18.425000000000001,2.7750000000000004
8.7750000000000004,18.425000000000001,2.8250000000000002
8.7750000000000004,18.425000000000001,2.875
8.7750000000000004,18.425000000000001,2.9250000000000003
8.7750000000000004,18.425000000000001,2.9750000000000001
8.7750000000000004,18.425000000000001,3.0250000000000004
8.7750000000000004,18.425000000000001,3.0750000000000002
8.7750000000000004,18.425000000000001,3.125
8.7750000000000004,18.475000000000001,1.8250000000000002
8.7750000000000004,18.475000000000001,1.925
8.7750000000000004,18.475000000000001,2.0249999999999999
8.7750000000000004,18.475000000000001,2.125
8.7750000000000004,18.475000000000001,2.2250000000000001
8.7750000000000004,18.475000000000001,2.3250000000000002
8.7750000000000004,18.475000000000001,2.875
8.7750000000000004,18.475000000000001,2.9750000000000001
8.7750000000000004,18.475000000000001,3.0750000000000002
8.8250000000000011,18.375,1.875
8.8250000000000011,18.375,1.9750000000000001
8.8250000000000011,18.375,2.0750000000000002
8.8250000000000011,18.375,2.1750000000000003
8.8250000000000011,18.375,2.2250000000000001
8.8250000000000011,18.375,2.2749999999999999
8.8250000000000011,18.375,2.3250000000000002
8.8250000000000011,18.375,2.375
8.8250000000000011,18.375,2.4250000000000003
8.8250000000000011,18.375,2.4750000000000001
8.8250000000000011,18.375,2.5250000000000004
8.8250000000000011,18.375,2.5750000000000002
8.8250000000000011,18.375,2.625
8.8250000000000011,18.375,2.6750000000000003
8.8250000000000011,18.375,2.7250000000000001
8.8250000000000011,18.375,2.7750000000000004
8.8250000000000011,18.375,2.8250000000000002
8.8250000000000011,18.375,2.875
8.8250000000000011,18.375,2.9250000000000003
8.8250000000000011,18.375,2.9750000000000001
8.8250000000000011,18.375,3.0250000000000004
8.8250000000000011,18.375,3.0750000000000002
8.8250000000000011,18.375,3.125
8.8250000000000011,18.425000000000001,1.8250000000000002
8.8250000000000011,18.425000000000001,1.875
8.8250000000000011,18.425000000000001,1.925
8.8250000000000011,18.425000000000001,1.9750000000000001
8.8250000000000011,18.425000000000001,2.0249999999999999
8.8250000000000011,18.425000000000001,2.0750000000000002
8.8250000000000011,18.425000000000001,2.125
8.8250000000000011,18.425000000000001,2.1750000000000003
8.8250000000000011,18.425000000000001,2.2250000000000001
8.8250000000000011,18.425000000000001,2.2749999999999999
8.8250000000000011,18.425000000000001,2.3250000000000002
8.8250000000000011,18.425000000000001,2.375
8.8250000000000011,18.425000000000001,2.4250000000000003
8.8250000000000011,18.425000000000001,2.4750000000000001
8.8250000000000011,18.425000000000001,2.5250000000000004
8.8250000000000011,18.425000000000001,2.5750000000000002
8.8250000000000011,18.425000000000001,2.625
8.8250000000000011,18.425000000000001,2.6750000000000003
8.8250000000000011,18.425000000000001,2.7250000000000001
8.8250000000000011,18.425000000000001,2.7750000000000004
8.8250000000000011,18.425000000000001,2.8250000000000002
8.8250000000000011,18.425000000000001,2.875
8.8250000000000011,18.425000000000001,2.9250000000000003
8.8250000000000011,18.425000000000001,2.9750000000000001
8.8250000000000011,18.425000000000001,3.0250000000000004
8.8250000000000011,18.425000000000001,3.0750000000000002
8.8250000000000011,18.425000000000001,3.125
8.8250000000000011,18.475000000000001,1.8250000000000002
8.8250000000000011,18.475000000000001,1.925
8.8250000000000011,18.475000000000001,2.0249999999999999
8.8250000000000011,18.475000000000001,2.125
8.8250000000000011,18.475000000000001,2.4250000000000003
8.8250000000000011,18.475000000000001,2.875
8.8250000000000011,18.475000000000001,2.9750000000000001
8.8250000000000011,18.475000000000001,3.0750000000000002
8.875,18.375,1.875
8.875,18.375,1.9750000000000001
8.875,18.375,2.0750000000000002
8.875,18.375,2.125
8.875,18.375,2.1750000000000003
8.875,18.375,2.2250000000000001
8.875,18.375,2.2749999999999999
8.875,18.375,2.3250000000000002
8.875,18.375,2.375
8.875,18.375,2.4250000000000003
8.875,18.375,2.4750000000000001
8.875,18.375,2.5250000000000004
8.875,18.375,2.5750000000000002
8.875,18.375,2.625
8.875,18.375,2.6750000000000003
8.875,18.375,2.7250000000000001
8.875,18.375,2.7750000000000004
8.875,18.375,2.8250000000000002
8.875,18.375,2.875
8.875,18.375,2.9250000000000003
8.875,18.375,2.9750000000000001
8.875,18.375,3.0250000000000004
8.875,18.375,3.0750000000000002
8.875,18.375,3.125
8.875,18.425000000000001,1.8250000000000002
8.875,18.425000000000001,1.875
8.875,18.425000000000001,1.925
8.875,18.425000000000001,1.9750000000000001
8.875,18.425000000000001,2.0249999999999999
8.875,18.425000000000001,2.0750000000000002
8.875,18.425000000000001,2.125
8.875,18.425000000000001,2.1750000000000003
8.875,18.425000000000001,2.2250000000000001
8.875,18.425000000000001,2.2749999999999999
8.875,18.425000000000001,2.3250000000000002
8.875,18.425000000000001,2.375
8.875,18.425000000000001,2.4250000000000003
8.875,18.425000000000001,2.4750000000000001
8.875,18.425000000000001,2.5250000000000004
8.875,18.425000000000001,2.5750000000000002
8.875,18.425000000000001,2.625
8.875,18.425000000000001,2.6750000000000003
8.875,18.425000000000001,2.7250000000000001
8.875,18.425000000000001,2.7750000000000004
8.875,18.425000000000001,2.8250000000000002
8.875,18.425000000000001,2.875
8.875,18.425000000000001,2.9250000000000003
8.875,18.425000000000001,2.9750000000000001
8.875,18.425000000000001,3.0250000000000004
8.875,18.425000000000001,3.0750000000000002
8.875,18.425000000000001,3.125
8.875,18.475000000000001,3.0750000000000002
8.9250000000000007,18.324999999999999,2.2749999999999999
8.9250000000000007,18.375,1.875
8.9250000000000007,18.375,1.925
8.9250000000000007,18.375,1.9750000000000001
8.9250000000000007,18.375,2.0249999999999999
8.9250000000000007,18.375,2.0750000000000002
8.9250000000000007,18.375,2.125
8.9250000000000007,18.375,2.1750000000000003
8.9250000000000007,18.375,2.2250000000000001
8.9250000000000007,18.375,2.2749999999999999
8.9250000000000007,18.375,2.3250000000000002
8.9250000000000007,18.375,2.375
8.9250000000000007,18.375,2.4250000000000003
8.9250000000000007,18.375,2.4750000000000001
8.9250000000000007,18.375,2.5250000000000004
8.9250000000000007,18.375,2.5750000000000002
8.9250000000000007,18.375,2.625
8.9250000000000007,18.375,2.6750000000000003
8.9250000000000007,18.375,2.7250000000000001
8.9250000000000007,18.375,2.7750000000000004
8.9250000000000007,18.375,2.8250000000000002
8.9250000000000007,18.375,2.875
8.9250000000000007,18.375,2.9250000000000003
8.9250000000000007,18.375,2.9750000000000001
8.9250000000000007,18.375,3.0250000000000004
8.9250000000000007,18.375,3.0750000000000002
8.9250000000000007,18.375,3.125
8.9250000000000007,18.425000000000001,1.8250000000000002
8.9250000000000007,18.425000000000001,1.875
8.9250000000000007,18.425000000000001,1.925
8.9250000000000007,18.425000000000001,1.9750000000000001
8.9250000000000007,18.425000000000001,2.0249999999999999
8.9250000000000007,18.425000000000001,2.0750000000000002
8.9250000000000007,18.425000000000001,2.125
8.9250000000000007,18.425000000000001,2.1750000000000003
8.9250000000000007,18.425000000000001,2.2250000000000001
8.9250000000000007,18.425000000000001,2.2749999999999999
8.9250000000000007,18.425000000000001,2.3250000000000002
8.9250000000000007,18.425000000000001,2.375
8.9250000000000007,18.425000000000001,2.4250000000000003
8.9250000000000007,18.425000000000001,2.4750000000000001
8.9250000000000007,18.425000000000001,2.5250000000000004
8.9250000000000007,18.425000000000001,2.5750000000000002
8.9250000000000007,18.425000000000001,2.625
8.9250000000000007,18.425000000000001,2.6750000000000003
8.9250000000000007,18.425000000000001,2.7250000000000001
8.9250000000000007,18.425000000000001,2.7750000000000004
8.9250000000000007,18.425000000000001,2.8250000000000002
8.9250000000000007,18.425000000000001,2.875
8.9250000000000007,18.425000000000001,2.9250000000000003
8.9250000000000007,18.425000000000001,2.9750000000000001
8.9250000000000007,18.425000000000001,3.0250000000000004
8.9250000000000007,18.425000000000001,3.0750000000000002
8.9250000000000007,18.425000000000001,3.125
8.9749999999999996,18.324999999999999,1.875
8.9749999999999996,18.324999999999999,1.9750000000000001
8.9749999999999996,18.324999999999999,2.0750000000000002
8.9749999999999996,18.324999999999999,2.1750000000000003
8.9749999999999996,18.324999999999999,2.2749999999999999
8.9749999999999996,18.324999999999999,2.375
8.9749999999999996,18.324999999999999,2.9250000000000003
8.9749999999999996,18.324999999999999,3.0250000000000004
8.9749999999999996,18.324999999999999,3.125
8.9749999999999996,18.375,1.8250000000000002
8.9749999999999996,18.375,1.875
8.9749999999999996,18.375,1.925
8.9749999999999996,18.375,1.9750000000000001
8.9749999999999996,18.375,2.0249999999999999
8.9749999999999996,18.375,2.0750000000000002
8.9749999999999996,18.375,2.125
8.9749999999999996,18.375,2.1750000000000003
8.9749999999999996,18.375,2.2250000000000001
8.9749999999999996,18.375,2.2749999999999999
8.9749999999999996,18.375,2.3250000000000002
8.9749999999999996,18.375,2.375
8.9749999999999996,18.375,2.4250000000000003
8.9749999999999996,18.375,2.4750000000000001
8.9749999999999996,18.375,2.5250000000000004
8.9749999999999996,18.375,2.5750000000000002
8.9749999999999996,18.375,2.625
8.9749999999999996,18.375,2.6750000000000003
8.9749999999999996,18.375,2.7250000000000001
8.9749999999999996,18.375,2.7750000000000004
8.9749999999999996,18.375,2.8250000000000002
8.9749999999999996,18.375,2.875
8.9749999999999996,18.375,2.9250000000000003
8.9749999999999996,18.375,2.9750000000000001
8.9749999999999996,18.375,3.0250000000000004
8.9749999999999996,18.375,3.0750000000000002
8.9749999999999996,18.375,3.125
8.9749999999999996,18.425000000000001,1.8250000000000002
8.9749999999999996,18.425000000000001,1.875
8.9749999999999996,18.425000000000001,1.925
8.9749999999999996,18.425000000000001,1.9750000000000001
8.9749999999999996,18.425000000000001,2.0249999999999999
8.9749999999999996,18.425000000000001,2.0750000000000002
8.9749999999999996,18.425000000000001,2.125
8.9749999999999996,18.425000000000001,2.1750000000000003
8.9749999999999996,18.425000000000001,2.2250000000000001
8.9749999999999996,18.425000000000001,2.2749999999999999
8.9749999999999996,18.425000000000001,2.3250000000000002
8.9749999999999996,18.425000000000001,2.375
8.9749999999999996,18.425000000000001,2.4250000000000003
8.9749999999999996,18.425000000000001,2.4750000000000001
8.9749999999999996,18.425000000000001,2.5250000000000004
8.9749999999999996,18.425000000000001,2.5750000000000002
8.9749999999999996,18.425000000000001,2.625
8.9749999999999996,18.425000000000001,2.6750000000000003
8.9749999999999996,18.425000000000001,2.7250000000000001
8.9749999999999996,18.425000000000001,2.7750000000000004
8.9749999999999996,18.425000000000001,2.8250000000000002
8.9749999999999996,18.425000000000001,2.875
8.9749999999999996,18.425000000000001,2.9250000000000003
8.9749999999999996,18.425000000000001,2.9750000000000001
8.9749999999999996,18.425000000000001,3.0250000000000004
8.9749999999999996,18.425000000000001,3.0750000000000002
8.9749999999999996,18.425000000000001,3.125
9.0250000000000004,18.324999999999999,1.8250000000000002
9.0250000000000004,18.324999999999999,1.875
9.0250000000000004,18.324999999999999,1.925
9.0250000000000004,18.324999999999999,1.9750000000000001
9.0250000000000004,18.324999999999999,2.0249999999999999
9.0250000000000004,18.324999999999999,2.0750000000000002
9.0250000000000004,18.324999999999999,2.125
9.0250000000000004,18.324999999999999,2.1750000000000003
9.0250000000000004,18.324999999999999,2.2250000000000001
9.0250000000000004,18.324999999999999,2.2749999999999999
9.0250000000000004,18.324999999999999,2.3250000000000002
9.0250000000000004,18.324999999999999,2.375
9.0250000000000004,18.324999999999999,2.4250000000000003
9.0250000000000004,18.324999999999999,2.4750000000000001
9.0250000000000004,18.324999999999999,2.5250000000000004
9.0250000000000004,18.324999999999999,2.5750000000000002
9.0250000000000004,18.324999999999999,2.625
9.0250000000000004,18.324999999999999,2.6750000000000003
9.0250000000000004,18.324999999999999,2.7250000000000001
9.0250000000000004,18.324999999999999,2.7750000000000004
9.0250000000000004,18.324999999999999,2.8250000000000002
9.0250000000000004,18.324999999999999,2.875
9.0250000000000004,18.324999999999999,2.9250000000000003
9.0250000000000004,18.324999999999999,2.9750000000000001
9.0250000000000004,18.324999999999999,3.0250000000000004
9.0250000000000004,18.324999999999999,3.0750000000000002
9.0250000000000004,18.324999999999999,3.125
9.0250000000000004,18.375,1.8250000000000002
9.0250000000000004,18.375,1.875
9.0250000000000004,18.375,1.925
9.0250000000000004,18.375,1.9750000000000001
9.0250000000000004,18.375,2.0249999999999999
9.0250000000000004,18.375,2.0750000000000002
9.0250000000000004,18.375,2.125
9.0250000000000004,18.375,2.1750000000000003
9.0250000000000004,18.375,2.2250000000000001
9.0250000000000004,18.375,2.2749999999999999
9.0250000000000004,18.375,2.3250000000000002
9.0250000000000004,18.375,2.375
9.0250000000000004,18.375,2.4250000000000003
9.0250000000000004,18.375,2.4750000000000001
9.0250000000000004,18.375,2.5250000000000004
9.0250000000000004,18.375,2.5750000000000002
9.0250000000000004,18.375,2.625
9.0250000000000004,18.375,2.6750000000000003
9.0250000000000004,18.375,2.7250000000000001
9.0250000000000004,18.375,2.7750000000000004
9.0250000000000004,18.375,2.8250000000000002
9.0250000000000004,18.375,2.875
9.0250000000000004,18.375,2.9250000000000003
9.0250000000000004,18.375,2.9750000000000001
9.0250000000000004,18.375,3.0250000000000004
9.0250000000000004,18.375,3.0750000000000002
9.0250000000000004,18.375,3.125
9.0250000000000004,18.425000000000001,2.875
9.0750000000000011,18.275000000000002,1.8250000000000002
9.0750000000000011,18.275000000000002,1.875
9.0750000000000011,18.275000000000002,1.925
9.0750000000000011,18.275000000000002,1.9750000000000001
9.0750000000000011,18.275000000000002,2.0249999999999999
9.0750000000000011,18.275000000000002,2.0750000000000002
9.0750000000000011,18.275000000000002,2.1750000000000003
9.0750000000000011,18.275000000000002,2.2749999999999999
9.0750000000000011,18.275000000000002,2.375
9.0750000000000011,18.275000000000002,2.4250000000000003
9.0750000000000011,18.275000000000002,2.4750000000000001
9.0750000000000011,18.275000000000002,2.5250000000000004
9.0750000000000011,18.275000000000002,2.5750000000000002
9.0750000000000011,18.275000000000002,2.625
9.0750000000000011,18.275000000000002,2.7250000000000001
9.0750000000000011,18.275000000000002,2.8250000000000002
9.0750000000000011,18.275000000000002,2.9250000000000003
9.0750000000000011,18.275000000000002,3.0250000000000004
9.0750000000000011,18.275000000000002,3.125
9.0750000000000011,18.324999999999999,1.8250000000000002
9.0750000000000011,18.324999999999999,1.875
9.0750000000000011,18.324999999999999,1.925
9.0750000000000011,18.324999999999999,1.9750000000000001
9.0750000000000011,18.324999999999999,2.0249999999999999
9.0750000000000011,18.324999999999999,2.0750000000000002
9.0750000000000011,18.324999999999999,2.125
9.0750000000000011,18.324999999999999,2.1750000000000003
9.0750000000000011,18.324999999999999,2.2250000000000001
9.0750000000000011,18.324999999999999,2.2749999999999999
9.0750000000000011,18.324999999999999,2.3250000000000002
9.0750000000000011,18.324999999999999,2.375
9.0750000000000011,18.324999999999999,2.4250000000000003
9.0750000000000011,18.324999999999999,2.4750000000000001
9.0750000000000011,18.324999999999999,2.5250000000000004
9.0750000000000011,18.324999999999999,2.5750000000000002
9.0750000000000011,18.324999999999999,2.625
9.0750000000000011,18.324999999999999,2.6750000000000003
9.0750000000000011,18.324999999999999,2.7250000000000001
9.0750000000000011,18.324999999999999,2.7750000000000004
9.0750000000000011,18.324999999999999,2.8250000000000002
9.0750000000000011,18.324999999999999,2.875
9.0750000000000011,18.324999999999999,2.9250000000000003
9.0750000000000011,18.324999999999999,2.9750000000000001
9.0750000000000011,18.324999999999999,3.0250000000000004
9.0750000000000011,18.324999999999999,3.0750000000000002
9.0750000000000011,18.324999999999999,3.125
9.0750000000000011,18.375,1.8250000000000002
9.0750000000000011,18.375,1.875
9.0750000000000011,18.375,1.925
9.0750000000000011,18.375,2.0249999999999999
9.0750000000000011,18.375,2.0750000000000002
9.0750000000000011,18.375,2.125
9.0750000000000011,18.375,2.1750000000000003
9.0750000000000011,18.375,2.2250000000000001
9.0750000000000011,18.375,2.2749999999999999
9.0750000000000011,18.375,2.3250000000000002
9.0750000000000011,18.375,2.375
9.0750000000000011,18.375,2.4250000000000003
9.0750000000000011,18.375,2.4750000000000001
9.0750000000000011,18.375,2.5250000000000004
9.0750000000000011,18.375,2.5750000000000002
9.0750000000000011,18.375,2.625
9.0750000000000011,18.375,2.6750000000000003
9.0750000000000011,18.375,2.7250000000000001
9.0750000000000011,18.375,2.7750000000000004
9.0750000000000011,18.375,2.8250000000000002
9.0750000000000011,18.375,2.875
9.0750000000000011,18.375,2.9750000000000001
9.0750000000000011,18.375,3.0250000000000004
9.0750000000000011,18.375,3.0750000000000002
9.125,18.225000000000001,1.875
9.125,18.275000000000002,1.8250000000000002
9.125,18.275000000000002,1.875
9.125,18.275000000000002,1.925
9.125,18.275000000000002,1.9750000000000001
9.125,18.275000000000002,2.0249999999999999
9.125,18.275000000000002,2.0750000000000002
9.125,18.275000000000002,2.125
9.125,18.275000000000002,2.1750000000000003
9.125,18.275000000000002,2.2250000000000001
9.125,18.275000000000002,2.2749999999999999
9.125,18.275000000000002,2.3250000000000002
9.125,18.275000000000002,2.375
9.125,18.275000000000002,2.4250000000000003
9.125,18.275000000000002,2.4750000000000001
9.125,18.275000000000002,2.5250000000000004
9.125,18.275000000000002,2.5750000000000002
9.125,18.275000000000002,2.625
9.125,18.275000000000002,2.6750000000000003
9.125,18.275000000000002,2.7250000000000001
9.125,18.275000000000002,2.7750000000000004
9.125,18.275000000000002,2.8250000000000002
9.125,18.275000000000002,2.875
9.125,18.275000000000002,2.9250000000000003
9.125,18.275000000000002,2.9750000000000001
9.125,18.275000000000002,3.0250000000000004
9.125,18.275000000000002,3.0750000000000002
9.125,18.275000000000002,3.125
9.125,18.324999999999999,1.8250000000000002
9.125,18.324999999999999,1.875
9.125,18.324999999999999,1.925
9.125,18.324999999999999,1.9750000000000001
9.125,18.324999999999999,2.0249999999999999
9.125,18.324999999999999,2.0750000000000002
9.125,18.324999999999999,2.125
9.125,18.324999999999999,2.1750000000000003
9.125,18.324999999999999,2.2250000000000001
9.125,18.324999999999999,2.2749999999999999
9.125,18.324999999999999,2.3250000000000002
9.125,18.324999999999999,2.375
9.125,18.324999999999999,2.4250000000000003
9.125,18.324999999999999,2.4750000000000001
9.125,18.324999999999999,2.5250000000000004
9.125,18.324999999999999,2.5750000000000002
9.125,18.324999999999999,2.625
9.125,18.324999999999999,2.6750000000000003
9.125,18.324999999999999,2.7250000000000001
9.125,18.324999999999999,2.7750000000000004
9.125,18.324999999999999,2.8250000000000002
9.125,18.324999999999999,2.875
9.125,18.324999999999999,2.9250000000000003
9.125,18.324999999999999,2.9750000000000001
9.125,18.324999999999999,3.0250000000000004
9.125,18.324999999999999,3.0750000000000002
9.125,18.324999999999999,3.125
9.125,18.925000000000001,1.8250000000000002
9.125,18.925000000000001,1.875
9.125,18.925000000000001,1.925
9.125,18.925000000000001,2.0249999999999999
9.125,18.975000000000001,1.8250000000000002
9.125,18.975000000000001,1.875
9.125,18.975000000000001,1.925
9.125,18.975000000000001,1.9750000000000001
9.125,18.975000000000001,2.0249999999999999
9.125,19.025000000000002,1.8250000000000002
9.125,19.025000000000002,1.875
9.125,19.025000000000002,1.925
9.125,19.025000000000002,1.9750000000000001
9.125,19.025000000000002,2.0249999999999999
9.125,19.025000000000002,2.125
9.125,19.074999999999999,1.8250000000000002
9.125,19.074999999999999,1.875
9.125,19.074999999999999,1.925
9.125,19.074999999999999,1.9750000000000001
9.125,19.074999999999999,2.0249999999999999
9.125,19.074999999999999,2.0750000000000002
9.125,19.074999999999999,2.125
9.125,19.074999999999999,2.2250000000000001
9.125,19.074999999999999,2.3250000000000002
9.125,19.074999999999999,3.0750000000000002
9.125,19.125,1.8250000000000002
9.125,19.125,1.875
9.125,19.125,1.925
9.125,19.125,1.9750000000000001
9.125,19.125,2.0249999999999999
9.125,19.125,2.0750000000000002
9.125,19.125,2.125
9.125,19.125,2.1750000000000003
9.125,19.125,2.2250000000000001
9.125,19.125,2.3250000000000002
9.125,19.125,2.4250000000000003
9.125,19.125,2.9750000000000001
9.125,19.125,3.0750000000000002
9.125,19.125,3.125
9.1750000000000007,18.225000000000001,1.8250000000000002
9.1750000000000007,18.225000000000001,1.875
9.1750000000000007,18.225000000000001,1.925
9.1750000000000007,18.225000000000001,1.9750000000000001
9.1750000000000007,18.225000000000001,2.0249999999999999
9.1750000000000007,18.225000000000001,2.0750000000000002
9.1750000000000007,18.225000000000001,2.125
9.1750000000000007,18.225000000000001,2.1750000000000003
9.1750000000000007,18.225000000000001,2.2250000000000001
9.1750000000000007,18.225000000000001,2.2749999999999999
9.1750000000000007,18.225000000000001,2.375
9.1750000000000007,18.225000000000001,2.4250000000000003
9.1750000000000007,18.225000000000001,2.4750000000000001
9.1750000000000007,18.225000000000001,2.5250000000000004
9.1750000000000007,18.225000000000001,2.5750000000000002
9.1750000000000007,18.225000000000001,2.625
9.1750000000000007,18.225000000000001,2.6750000000000003
9.1750000000000007,18.225000000000001,2.7250000000000001
9.1750000000000007,18.225000000000001,2.7750000000000004
9.1750000000000007,18.225000000000001,2.8250000000000002
9.1750000000000007,18.225000000000001,2.875
9.1750000000000007,18.225000000000001,2.9250000000000003
9.1750000000000007,18.225000000000001,2.9750000000000001
9.1750000000000007,18.225000000000001,3.0250000000000004
9.1750000000000007,18.225000000000001,3.0750000000000002
9.1750000000000007,18.225000000000001,3.125
9.1750000000000007,18.275000000000002,1.875
9.1750000000000007,18.275000000000002,1.925
9.1750000000000007,18.275000000000002,1.9750000000000001
9.1750000000000007,18.275000000000002,2.0249999999999999
9.1750000000000007,18.275000000000002,2.0750000000000002
9.1750000000000007,18.275000000000002,2.125
9.1750000000000007,18.275000000000002,2.1750000000000003
9.1750000000000007,18.275000000000002,2.2250000000000001
9.1750000000000007,18.275000000000002,2.2749999999999999
9.1750000000000007,18.275000000000002,2.3250000000000002
9.1750000000000007,18.275000000000002,2.375
9.1750000000000007,18.275000000000002,2.4250000000000003
9.1750000000000007,18.275000000000002,2.4750000000000001
9.1750000000000007,18.275000000000002,2.5250000000000004
9.1750000000000007,18.275000000000002,2.5750000000000002
9.1750000000000007,18.275000000000002,2.625
9.1750000000000007,18.275000000000002,2.6750000000000003
9.1750000000000007,18.275000000000002,2.7250000000000001
9.1750000000000007,18.275000000000002,2.7750000000000004
9.1750000000000007,18.275000000000002,2.8250000000000002
9.1750000000000007,18.275000000000002,2.875
9.1750000000000007,18.275000000000002,2.9250000000000003
9.1750000000000007,18.275000000000002,2.9750000000000001
9.1750000000000007,18.275000000000002,3.0250000000000004
9.1750000000000007,18.275000000000002,3.0750000000000002
9.1750000000000007,18.275000000000002,3.125
9.1750000000000007,18.775000000000002,2.0249999999999999
9.1750000000000007,18.824999999999999,1.8250000000000002
9.1750000000000007,18.824999999999999,1.875
9.1750000000000007,18.824999999999999,1.925
9.1750000000000007,18.824999999999999,1.9750000000000001
9.1750000000000007,18.824999999999999,2.0249999999999999
9.1750000000000007,18.824999999999999,2.0750000000000002
9.1750000000000007,18.824999999999999,2.125
9.1750000000000007,18.824999999999999,2.1750000000000003
9.1750000000000007,18.824999999999999,2.2250000000000001
9.1750000000000007,18.824999999999999,2.3250000000000002
9.1750000000000007,18.824999999999999,2.875
9.1750000000000007,18.824999999999999,2.9750000000000001
9.1750000000000007,18.824999999999999,3.0750000000000002
9.1750000000000007,18.824999999999999,3.125
9.1750000000000007,18.875,1.8250000000000002
9.1750000000000007,18.875,1.875
9.1750000000000007,18.875,1.925
9.1750000000000007,18.875,1.9750000000000001
9.1750000000000007,18.875,2.0249999999999999
9.1750000000000007,18.875,2.0750000000000002
9.1750000000000007,18.875,2.125
9.1750000000000007,18.875,2.1750000000000003
9.1750000000000007,18.875,2.2250000000000001
9.1750000000000007,18.875,2.2749999999999999
9.1750000000000007,18.875,2.3250000000000002
9.1750000000000007,18.875,2.375
9.1750000000000007,18.875,2.4250000000000003
9.1750000000000007,18.875,2.4750000000000001
9.1750000000000007,18.875,2.5250000000000004
9.1750000000000007,18.875,2.875
9.1750000000000007,18.875,2.9250000000000003
9.1750000000000007,18.875,2.9750000000000001
9.1750000000000007,18.875,3.0250000000000004
9.1750000000000007,18.875,3.0750000000000002
9.1750000000000007,18.875,3.125
9.1750000000000007,18.925000000000001,1.8250000000000002
9.1750000000000007,18.925000000000001,1.875
9.1750000000000007,18.925000000000001,1.925
9.1750000000000007,18.925000000000001,1.9750000000000001
9.1750000000000007,18.925000000000001,2.0249999999999999
9.1750000000000007,18.925000000000001,2.0750000000000002
9.1750000000000007,18.925000000000001,2.125
9.1750000000000007,18.925000000000001,2.1750000000000003
9.1750000000000007,18.925000000000001,2.2250000000000001
9.1750000000000007,18.925000000000001,2.2749999999999999
9.1750000000000007,18.925000000000001,2.3250000000000002
9.1750000000000007,18.925000000000001,2.375
9.1750000000000007,18.925000000000001,2.4250000000000003
9.1750000000000007,18.925000000000001,2.4750000000000001
9.1750000000000007,18.925000000000001,2.5250000000000004
9.1750000000000007,18.925000000000001,2.875
9.1750000000000007,18.925000000000001,2.9250000000000003
9.1750000000000007,18.925000000000001,2.9750000000000001
9.1750000000000007,18.925000000000001,3.0250000000000004
9.1750000000000007,18.925000000000001,3.0750000000000002
9.1750000000000007,18.925000000000001,3.125
9.1750000000000007,18.975000000000001,1.8250000000000002
9.1750000000000007,18.975000000000001,1.875
9.1750000000000007,18.975000000000001,1.925
9.1750000000000007,18.975000000000001,1.9750000000000001
9.1750000000000007,18.975000000000001,2.0249999999999999
9.1750000000000007,18.975000000000001,2.0750000000000002
9.1750000000000007,18.975000000000001,2.125
9.1750000000000007,18.975000000000001,2.1750000000000003
9.1750000000000007,18.975000000000001,2.2250000000000001
9.1750000000000007,18.975000000000001,2.2749999999999999
9.1750000000000007,18.975000000000001,2.3250000000000002
9.1750000000000007,18.975000000000001,2.375
9.1750000000000007,18.975000000000001,2.4250000000000003
9.1750000000000007,18.975000000000001,2.4750000000000001
9.1750000000000007,18.975000000000001,2.5250000000000004
9.1750000000000007,18.975000000000001,2.875
9.1750000000000007,18.975000000000001,2.9250000000000003
9.1750000000000007,18.975000000000001,2.9750000000000001
9.1750000000000007,18.975000000000001,3.0250000000000004
9.1750000000000007,18.975000000000001,3.0750000000000002
9.1750000000000007,18.975000000000001,3.125
9.1750000000000007,19.025000000000002,1.8250000000000002
9.1750000000000007,19.025000000000002,1.875
9.1750000000000007,19.025000000000002,1.925
9.1750000000000007,19.025000000000002,1.9750000000000001
9.1750000000000007,19.025000000000002,2.0249999999999999
9.1750000000000007,19.025000000000002,2.0750000000000002
9.1750000000000007,19.025000000000002,2.125
9.1750000000000007,19.025000000000002,2.1750000000000003
9.1750000000000007,19.025000000000002,2.2250000000000001
9.1750000000000007,19.025000000000002,2.2749999999999999
9.1750000000000007,19.025000000000002,2.3250000000000002
9.1750000000000007,19.025000000000002,2.375
9.1750000000000007,19.025000000000002,2.4250000000000003
9.1750000000000007,19.025000000000002,2.4750000000000001
9.1750000000000007,19.025000000000002,2.5250000000000004
9.1750000000000007,19.025000000000002,2.5750000000000002
9.1750000000000007,19.025000000000002,2.7750000000000004
9.1750000000000007,19.025000000000002,2.8250000000000002
9.1750000000000007,19.025000000000002,2.875
9.1750000000000007,19.025000000000002,2.9250000000000003
9.1750000000000007,19.025000000000002,2.9750000000000001
9.1750000000000007,19.025000000000002,3.0250000000000004
9.1750000000000007,19.025000000000002,3.0750000000000002
9.1750000000000007,19.025000000000002,3.125
9.1750000000000007,19.074999999999999,1.8250000000000002
9.1750000000000007,19.074999999999999,1.875
9.1750000000000007,19.074999999999999,1.925
9.1750000000000007,19.074999999999999,1.9750000000000001
9.1750000000000007,19.074999999999999,2.0249999999999999
9.1750000000000007,19.074999999999999,2.0750000000000002
9.1750000000000007,19.074999999999999,2.125
9.1750000000000007,19.074999999999999,2.1750000000000003
9.1750000000000007,19.074999999999999,2.2250000000000001
9.1750000000000007,19.074999999999999,2.2749999999999999
9.1750000000000007,19.074999999999999,2.3250000000000002
9.1750000000000007,19.074999999999999,2.375
9.1750000000000007,19.074999999999999,2.4250000000000003
9.1750000000000007,19.074999999999999,2.4750000000000001
9.1750000000000007,19.074999999999999,2.5250000000000004
9.1750000000000007,19.074999999999999,2.5750000000000002
9.1750000000000007,19.074999999999999,2.625
9.1750000000000007,19.074999999999999,2.6750000000000003
9.1750000000000007,19.074999999999999,2.7250000000000001
9.1750000000000007,19.074999999999999,2.7750000000000004
9.1750000000000007,19.074999999999999,2.8250000000000002
9.1750000000000007,19.074999999999999,2.875
9.1750000000000007,19.074999999999999,2.9250000000000003
9.1750000000000007,19.074999999999999,2.9750000000000001
9.1750000000000007,19.074999999999999,3.0250000000000004
9.1750000000000007,19.074999999999999,3.0750000000000002
9.1750000000000007,19.074999999999999,3.125
9.1750000000000007,19.125,1.8250000000000002
9.1750000000000007,19.125,1.875
9.1750000000000007,19.125,1.925
9.1750000000000007,19.125,1.9750000000000001
9.1750000000000007,19.125,2.0249999999999999
9.1750000000000007,19.125,2.0750000000000002
9.1750000000000007,19.125,2.125
9.1750000000000007,19.125,2.1750000000000003
9.1750000000000007,19.125,2.2250000000000001
9.1750000000000007,19.125,2.2749999999999999
9.1750000000000007,19.125,2.3250000000000002
9.1750000000000007,19.125,2.375
9.1750000000000007,19.125,2.4250000000000003
9.1750000000000007,19.125,2.4750000000000001
9.1750000000000007,19.125,2.5250000000000004
9.1750000000000007,19.125,2.5750000000000002
9.1750000000000007,19.125,2.625
9.1750000000000007,19.125,2.6750000000000003
9.1750000000000007,19.125,2.7250000000000001
9.1750000000000007,19.125,2.7750000000000004
9.1750000000000007,19.125,2.8250000000000002
9.1750000000000007,19.125,2.875
9.1750000000000007,19.125,2.9250000000000003
9.1750000000000007,19.125,2.9750000000000001
9.1750000000000007,19.125,3.0250000000000004
9.1750000000000007,19.125,3.0750000000000002
9.1750000000000007,19.125,3.125
9.2249999999999996,18.175000000000001,1.875
9.2249999999999996,18.175000000000001,1.925
9.2249999999999996,18.175000000000001,2.0249999999999999
9.2249999999999996,18.175000000000001,2.125
9.2249999999999996,18.175000000000001,2.1750000000000003
9.2249999999999996,18.175000000000001,2.375
9.2249999999999996,18.175000000000001,2.8250000000000002
9.2249999999999996,18.175000000000001,2.875
9.2249999999999996,18.175000000000001,2.9250000000000003
9.2249999999999996,18.175000000000001,3.0250000000000004
9.2249999999999996,18.175000000000001,3.0750000000000002
9.2249999999999996,18.225000000000001,2.2749999999999999
9.2249999999999996,18.225000000000001,2.3250000000000002
9.2249999999999996,18.225000000000001,2.375
9.2249999999999996,18.225000000000001,2.4250000000000003
9.2249999999999996,18.225000000000001,2.4750000000000001
9.2249999999999996,18.225000000000001,2.5250000000000004
9.2249999999999996,18.225000000000001,2.5750000000000002
9.2249999999999996,18.225000000000001,2.7250000000000001
9.2249999999999996,18.225000000000001,2.8250000000000002
9.2249999999999996,18.225000000000001,2.875
9.2249999999999996,18.225000000000001,2.9250000000000003
9.2249999999999996,18.225000000000001,2.9750000000000001
9.2249999999999996,18.225000000000001,3.0250000000000004
9.2249999999999996,18.225000000000001,3.125
9.2249999999999996,18.725000000000001,1.8250000000000002
9.2249999999999996,18.725000000000001,1.925
9.2249999999999996,18.725000000000001,2.0249999999999999
9.2249999999999996,18.725000000000001,2.125
9.2249999999999996,18.725000000000001,2.2250000000000001
9.2249999999999996,18.725000000000001,2.3250000000000002
9.2249999999999996,18.725000000000001,2.4250000000000003
9.2249999999999996,18.725000000000001,2.9750000000000001
9.2249999999999996,18.725000000000001,3.0750000000000002
9.2249999999999996,18.775000000000002,1.8250000000000002
9.2249999999999996,18.775000000000002,1.875
9.2249999999999996,18.775000000000002,1.925
9.2249999999999996,18.775000000000002,1.9750000000000001
9.2249999999999996,18.775000000000002,2.0249999999999999
9.2249999999999996,18.775000000000002,2.0750000000000002
9.2249999999999996,18.775000000000002,2.125
9.2249999999999996,18.775000000000002,2.1750000000000003
9.2249999999999996,18.775000000000002,2.2250000000000001
9.2249999999999996,18.775000000000002,2.2749999999999999
9.2249999999999996,18.775000000000002,2.3250000000000002
9.2249999999999996,18.775000000000002,2.375
9.2249999999999996,18.775000000000002,2.4250000000000003
9.2249999999999996,18.775000000000002,2.4750000000000001
9.2249999999999996,18.775000000000002,2.5250000000000004
9.2249999999999996,18.775000000000002,2.5750000000000002
9.2249999999999996,18.775000000000002,2.625
9.2249999999999996,18.775000000000002,2.6750000000000003
9.2249999999999996,18.775000000000002,2.7250000000000001
9.2249999999999996,18.775000000000002,2.7750000000000004
9.2249999999999996,18.775000000000002,2.8250000000000002
9.2249999999999996,18.775000000000002,2.875
9.2249999999999996,18.775000000000002,2.9250000000000003
9.2249999999999996,18.775000000000002,2.9750000000000001
9.2249999999999996,18.775000000000002,3.0250000000000004
9.2249999999999996,18.775000000000002,3.0750000000000002
9.2249999999999996,18.775000000000002,3.125
9.2249999999999996,18.824999999999999,1.8250000000000002
9.2249999999999996,18.824999999999999,1.875
9.2249999999999996,18.824999999999999,1.925
9.2249999999999996,18.824999999999999,1.9750000000000001
9.2249999999999996,18.824999999999999,2.0249999999999999
9.2249999999999996,18.824999999999999,2.0750000000000002
9.2249999999999996,18.824999999999999,2.125
9.2249999999999996,18.824999999999999,2.1750000000000003
9.2249999999999996,18.824999999999999,2.2250000000000001
9.2249999999999996,18.824999999999999,2.2749999999999999
9.2249999999999996,18.824999999999999,2.3250000000000002
9.2249999999999996,18.824999999999999,2.375
9.2249999999999996,18.824999999999999,2.4250000000000003
9.2249999999999996,18.824999999999999,2.4750000000000001
9.2249999999999996,18.824999999999999,2.5250000000000004
9.2249999999999996,18.824999999999999,2.5750000000000002
9.2249999999999996,18.824999999999999,2.625
9.2249999999999996,18.824999999999999,2.6750000000000003
9.2249999999999996,18.824999999999999,2.7250000000000001
9.2249999999999996,18.824999999999999,2.7750000000000004
9.2249999999999996,18.824999999999999,2.8250000000000002
9.2249999999999996,18.824999999999999,2.875
9.2249999999999996,18.824999999999999,2.9250000000000003
9.2249999999999996,18.824999999999999,2.9750000000000001
9.2249999999999996,18.824999999999999,3.0250000000000004
9.2249999999999996,18.824999999999999,3.0750000000000002
9.2249999999999996,18.824999999999999,3.125
9.2249999999999996,18.875,1.8250000000000002
9.2249999999999996,18.875,1.875
9.2249999999999996,18.875,1.925
9.2249999999999996,18.875,1.9750000000000001
9.2249999999999996,18.875,2.0249999999999999
9.2249999999999996,18.875,2.0750000000000002
9.2249999999999996,18.875,2.125
9.2249999999999996,18.875,2.1750000000000003
9.2249999999999996,18.875,2.2250000000000001
9.2249999999999996,18.875,2.2749999999999999
9.2249999999999996,18.875,2.3250000000000002
9.2249999999999996,18.875,2.375
9.2249999999999996,18.875,2.4250000000000003
9.2249999999999996,18.875,2.4750000000000001
9.2249999999999996,18.875,2.5250000000000004
9.2249999999999996,18.875,2.5750000000000002
9.2249999999999996,18.875,2.625
9.2249999999999996,18.875,2.6750000000000003
9.2249999999999996,18.875,2.7250000000000001
9.2249999999999996,18.875,2.7750000000000004
9.2249999999999996,18.875,2.8250000000000002
9.2249999999999996,18.875,2.875
9.2249999999999996,18.875,2.9250000000000003
9.2249999999999996,18.875,2.9750000000000001
9.2249999999999996,18.875,3.0250000000000004
9.2249999999999996,18.875,3.0750000000000002
9.2249999999999996,18.875,3.125
9.2249999999999996,18.925000000000001,1.875
9.2249999999999996,18.925000000000001,1.9750000000000001
9.2249999999999996,18.925000000000001,2.0750000000000002
9.2249999999999996,18.925000000000001,2.125
9.2249999999999996,18.925000000000001,2.1750000000000003
9.2249999999999996,18.925000000000001,2.2250000000000001
9.2249999999999996,18.925000000000001,2.2749999999999999
9.2249999999999996,18.925000000000001,2.3250000000000002
9.2249999999999996,18.925000000000001,2.375
9.2249999999999996,18.925000000000001,2.4250000000000003
9.2249999999999996,18.925000000000001,2.4750000000000001
9.2249999999999996,18.925000000000001,2.5250000000000004
9.2249999999999996,18.925000000000001,2.5750000000000002
9.2249999999999996,18.925000000000001,2.625
9.2249999999999996,18.925000000000001,2.6750000000000003
9.2249999999999996,18.925000000000001,2.7250000000000001
9.2249999999999996,18.925000000000001,2.7750000000000004
9.2249999999999996,18.925000000000001,2.8250000000000002
9.2249999999999996,18.925000000000001,2.875
9.2249999999999996,18.925000000000001,2.9250000000000003
9.2249999999999996,18.925000000000001,2.9750000000000001
9.2249999999999996,18.925000000000001,3.0250000000000004
9.2249999999999996,18.925000000000001,3.0750000000000002
9.2249999999999996,18.925000000000001,3.125
9.2249999999999996,18.975000000000001,1.875
9.2249999999999996,18.975000000000001,1.9750000000000001
9.2249999999999996,18.975000000000001,2.0750000000000002
9.2249999999999996,18.975000000000001,2.1750000000000003
9.2249999999999996,18.975000000000001,2.2749999999999999
9.2249999999999996,18.975000000000001,2.375
9.2249999999999996,18.975000000000001,2.4250000000000003
9.2249999999999996,18.975000000000001,2.4750000000000001
9.2249999999999996,18.975000000000001,2.5250000000000004
9.2249999999999996,18.975000000000001,2.5750000000000002
9.2249999999999996,18.975000000000001,2.625
9.2249999999999996,18.975000000000001,2.6750000000000003
9.2249999999999996,18.975000000000001,2.7250000000000001
9.2249999999999996,18.975000000000001,2.7750000000000004
9.2249999999999996,18.975000000000001,2.8250000000000002
9.2249999999999996,18.975000000000001,2.875
9.2249999999999996,18.975000000000001,2.9250000000000003
9.2249999999999996,18.975000000000001,3.0250000000000004
9.2249999999999996,18.975000000000001,3.125
9.2249999999999996,19.025000000000002,1.9750000000000001
9.2249999999999996,19.025000000000002,2.0750000000000002
9.2249999999999996,19.025000000000002,2.1750000000000003
9.2249999999999996,19.025000000000002,2.2749999999999999
9.2249999999999996,19.025000000000002,2.375
9.2249999999999996,19.025000000000002,2.4250000000000003
9.2249999999999996,19.025000000000002,2.4750000000000001
9.2249999999999996,19.025000000000002,2.5250000000000004
9.2249999999999996,19.025000000000002,2.5750000000000002
9.2249999999999996,19.025000000000002,2.625
9.2249999999999996,19.025000000000002,2.6750000000000003
9.2249999999999996,19.025000000000002,2.7250000000000001
9.2249999999999996,19.025000000000002,2.7750000000000004
9.2249999999999996,19.025000000000002,2.8250000000000002
9.2249999999999996,19.025000000000002,2.875
9.2249999999999996,19.025000000000002,2.9250000000000003
9.2249999999999996,19.025000000000002,3.0250000000000004
9.2249999999999996,19.025000000000002,3.125
9.2249999999999996,19.074999999999999,2.0750000000000002
9.2249999999999996,19.074999999999999,2.1750000000000003
9.2249999999999996,19.074999999999999,2.2749999999999999
9.2249999999999996,19.074999999999999,2.375
9.2249999999999996,19.074999999999999,2.4250000000000003
9.2249999999999996,19.074999999999999,2.4750000000000001
9.2249999999999996,19.074999999999999,2.5250000000000004
9.2249999999999996,19.074999999999999,2.5750000000000002
9.2249999999999996,19.074999999999999,2.625
9.2249999999999996,19.074999999999999,2.6750000000000003
9.2249999999999996,19.074999999999999,2.7250000000000001
9.2249999999999996,19.074999999999999,2.7750000000000004
9.2249999999999996,19.074999999999999,2.8250000000000002
9.2249999999999996,19.074999999999999,2.875
9.2249999999999996,19.074999999999999,2.9250000000000003
9.2249999999999996,19.074999999999999,3.0250000000000004
9.2249999999999996,19.074999999999999,3.125
9.2249999999999996,19.125,2.0750000000000002
9.2249999999999996,19.125,2.1750000000000003
9.2249999999999996,19.125,2.2749999999999999
9.2249999999999996,19.125,2.375
9.2249999999999996,19.125,2.4250000000000003
9.2249999999999996,19.125,2.4750000000000001
9.2249999999999996,19.125,2.5250000000000004
9.2249999999999996,19.125,2.5750000000000002
9.2249999999999996,19.125,2.625
9.2249999999999996,19.125,2.6750000000000003
9.2249999999999996,19.125,2.7250000000000001
9.2249999999999996,19.125,2.7750000000000004
9.2249999999999996,19.125,2.8250000000000002
9.2249999999999996,19.125,2.9250000000000003
9.2249999999999996,19.125,3.0250000000000004
9.2249999999999996,19.125,3.125
9.2750000000000004,18.125,2.7250000000000001
9.2750000000000004,18.125,3.0250000000000004
9.2750000000000004,18.125,3.125
9.2750000000000004,18.175000000000001,2.9250000000000003
9.2750000000000004,18.175000000000001,3.0750000000000002
9.2750000000000004,18.675000000000001,1.8250000000000002
9.2750000000000004,18.675000000000001,1.875
9.2750000000000004,18.675000000000001,1.925
9.2750000000000004,18.675000000000001,1.9750000000000001
9.2750000000000004,18.675000000000001,2.0249999999999999
9.2750000000000004,18.675000000000001,2.0750000000000002
9.2750000000000004,18.675000000000001,2.125
9.2750000000000004,18.675000000000001,2.1750000000000003
9.2750000000000004,18.675000000000001,2.2250000000000001
9.2750000000000004,18.675000000000001,2.2749999999999999
9.2750000000000004,18.675000000000001,2.3250000000000002
9.2750000000000004,18.675000000000001,2.375
9.2750000000000004,18.675000000000001,2.4250000000000003
9.2750000000000004,18.675000000000001,2.4750000000000001
9.2750000000000004,18.675000000000001,2.5250000000000004
9.2750000000000004,18.675000000000001,2.7750000000000004
9.2750000000000004,18.675000000000001,2.8250000000000002
9.2750000000000004,18.675000000000001,2.875
9.2750000000000004,18.675000000000001,2.9250000000000003
9.2750000000000004,18.675000000000001,2.9750000000000001
9.2750000000000004,18.675000000000001,3.0250000000000004
9.2750000000000004,18.675000000000001,3.0750000000000002
9.2750000000000004,18.675000000000001,3.125
9.2750000000000004,18.725000000000001,1.8250000000000002
9.2750000000000004,18.725000000000001,1.875
9.2750000000000004,18.725000000000001,1.925
9.2750000000000004,18.725000000000001,1.9750000000000001
9.2750000000000004,18.725000000000001,2.0249999999999999
9.2750000000000004,18.725000000000001,2.0750000000000002
9.2750000000000004,18.725000000000001,2.125
9.2750000000000004,18.725000000000001,2.1750000000000003
9.2750000000000004,18.725000000000001,2.2250000000000001
9.2750000000000004,18.725000000000001,2.2749999999999999
9.2750000000000004,18.725000000000001,2.3250000000000002
9.2750000000000004,18.725000000000001,2.375
9.2750000000000004,18.725000000000001,2.4250000000000003
9.2750000000000004,18.725000000000001,2.4750000000000001
9.2750000000000004,18.725000000000001,2.5250000000000004
9.2750000000000004,18.725000000000001,2.5750000000000002
9.2750000000000004,18.725000000000001,2.625
9.2750000000000004,18.725000000000001,2.6750000000000003
9.2750000000000004,18.725000000000001,2.7250000000000001
9.2750000000000004,18.725000000000001,2.7750000000000004
9.2750000000000004,18.725000000000001,2.8250000000000002
9.2750000000000004,18.725000000000001,2.875
9.2750000000000004,18.725000000000001,2.9250000000000003
9.2750000000000004,18.725000000000001,2.9750000000000001
9.2750000000000004,18.725000000000001,3.0250000000000004
9.2750000000000004,18.725000000000001,3.0750000000000002
9.2750000000000004,18.725000000000001,3.125
9.2750000000000004,18.775000000000002,1.8250000000000002
9.2750000000000004,18.775000000000002,1.875
9.2750000000000004,18.775000000000002,1.925
9.2750000000000004,18.775000000000002,1.9750000000000001
9.2750000000000004,18.775000000000002,2.0249999999999999
9.2750000000000004,18.775000000000002,2.0750000000000002
9.2750000000000004,18.775000000000002,2.125
9.2750000000000004,18.775000000000002,2.1750000000000003
9.2750000000000004,18.775000000000002,2.2250000000000001
9.2750000000000004,18.775000000000002,2.2749999999999999
9.2750000000000004,18.775000000000002,2.3250000000000002
9.2750000000000004,18.775000000000002,2.375
9.2750000000000004,18.775000000000002,2.4250000000000003
9.2750000000000004,18.775000000000002,2.4750000000000001
9.2750000000000004,18.775000000000002,2.5250000000000004
9.2750000000000004,18.775000000000002,2.5750000000000002
9.2750000000000004,18.775000000000002,2.625
9.2750000000000004,18.775000000000002,2.6750000000000003
9.2750000000000004,18.775000000000002,2.7250000000000001
9.2750000000000004,18.775000000000002,2.7750000000000004
9.2750000000000004,18.775000000000002,2.8250000000000002
9.2750000000000004,18.775000000000002,2.875
9.2750000000000004,18.775000000000002,2.9250000000000003
9.2750000000000004,18.775000000000002,2.9750000000000001
9.2750000000000004,18.775000000000002,3.0250000000000004
9.2750000000000004,18.775000000000002,3.0750000000000002
9.2750000000000004,18.775000000000002,3.125
9.2750000000000004,18.824999999999999,1.8250000000000002
9.2750000000000004,18.824999999999999,1.875
9.2750000000000004,18.824999999999999,1.925
9.2750000000000004,18.824999999999999,1.9750000000000001
9.2750000000000004,18.824999999999999,2.0249999999999999
9.2750000000000004,18.824999999999999,2.0750000000000002
9.2750000000000004,18.824999999999999,2.125
9.2750000000000004,18.824999999999999,2.1750000000000003
9.2750000000000004,18.824999999999999,2.2749999999999999
9.2750000000000004,18.824999999999999,2.375
9.2750000000000004,18.824999999999999,2.4250000000000003
9.2750000000000004,18.824999999999999,2.4750000000000001
9.2750000000000004,18.824999999999999,2.5250000000000004
9.2750000000000004,18.824999999999999,2.9750000000000001
9.2750000000000004,18.824999999999999,3.0250000000000004
9.2750000000000004,18.824999999999999,3.0750000000000002
9.2750000000000004,18.824999999999999,3.125
9.3250000000000011,18.625,1.8250000000000002
9.3250000000000011,18.625,1.875
9.3250000000000011,18.625,1.925
9.3250000000000011,18.625,1.9750000000000001
9.3250000000000011,18.625,2.0249999999999999
9.3250000000000011,18.625,2.0750000000000002
9.3250000000000011,18.625,2.125
9.3250000000000011,18.625,2.1750000000000003
9.3250000000000011,18.625,2.2250000000000001
9.3250000000000011,18.625,2.2749999999999999
9.3250000000000011,18.625,2.3250000000000002
9.3250000000000011,18.625,2.375
9.3250000000000011,18.625,2.4250000000000003
9.3250000000000011,18.625,2.4750000000000001
9.3250000000000011,18.625,2.5250000000000004
9.3250000000000011,18.625,2.5750000000000002
9.3250000000000011,18.625,2.625
9.3250000000000011,18.625,2.6750000000000003
9.3250000000000011,18.625,2.7250000000000001
9.3250000000000011,18.625,2.7750000000000004
9.3250000000000011,18.625,2.8250000000000002
9.3250000000000011,18.625,2.875
9.3250000000000011,18.625,2.9250000000000003
9.3250000000000011,18.625,2.9750000000000001
9.3250000000000011,18.625,3.0250000000000004
9.3250000000000011,18.625,3.0750000000000002
9.3250000000000011,18.625,3.125
9.3250000000000011,18.675000000000001,1.8250000000000002
9.3250000000000011,18.675000000000001,1.875
9.3250000000000011,18.675000000000001,1.925
9.3250000000000011,18.675000000000001,1.9750000000000001
9.3250000000000011,18.675000000000001,2.0249999999999999
9.3250000000000011,18.675000000000001,2.0750000000000002
9.3250000000000011,18.675000000000001,2.125
9.3250000000000011,18.675000000000001,2.1750000000000003
9.3250000000000011,18.675000000000001,2.2250000000000001
9.3250000000000011,18.675000000000001,2.2749999999999999
9.3250000000000011,18.675000000000001,2.3250000000000002
9.3250000000000011,18.675000000000001,2.375
9.3250000000000011,18.675000000000001,2.4250000000000003
9.3250000000000011,18.675000000000001,2.4750000000000001
9.3250000000000011,18.675000000000001,2.5250000000000004
9.3250000000000011,18.675000000000001,2.5750000000000002
9.3250000000000011,18.675000000000001,2.625
9.3250000000000011,18.675000000000001,2.6750000000000003
9.3250000000000011,18.675000000000001,2.7250000000000001
9.3250000000000011,18.675000000000001,2.7750000000000004
9.3250000000000011,18.675000000000001,2.8250000000000002
9.3250000000000011,18.675000000000001,2.875
9.3250000000000011,18.675000000000001,2.9250000000000003
9.3250000000000011,18.675000000000001,2.9750000000000001
9.3250000000000011,18.675000000000001,3.0250000000000004
9.3250000000000011,18.675000000000001,3.0750000000000002
9.3250000000000011,18.675000000000001,3.125
9.3250000000000011,18.725000000000001,1.8250000000000002
9.3250000000000011,18.725000000000001,1.875
9.3250000000000011,18.725000000000001,1.925
9.3250000000000011,18.725000000000001,1.9750000000000001
9.3250000000000011,18.725000000000001,2.0249999999999999
9.3250000000000011,18.725000000000001,2.0750000000000002
9.3250000000000011,18.725000000000001,2.125
9.3250000000000011,18.725000000000001,2.1750000000000003
9.3250000000000011,18.725000000000001,2.2250000000000001
9.3250000000000011,18.725000000000001,2.2749999999999999
9.3250000000000011,18.725000000000001,2.3250000000000002
9.3250000000000011,18.725000000000001,2.375
9.3250000000000011,18.725000000000001,2.4250000000000003
9.3250000000000011,18.725000000000001,2.4750000000000001
9.3250000000000011,18.725000000000001,2.5250000000000004
9.3250000000000011,18.725000000000001,2.5750000000000002
9.3250000000000011,18.725000000000001,2.625
9.3250000000000011,18.725000000000001,2.6750000000000003
9.3250000000000011,18.725000000000001,2.7250000000000001
9.3250000000000011,18.725000000000001,2.7750000000000004
9.3250000000000011,18.725000000000001,2.8250000000000002
9.3250000000000011,18.725000000000001,2.875
9.3250000000000011,18.725000000000001,2.9250000000000003
9.3250000000000011,18.725000000000001,2.9750000000000001
9.3250000000000011,18.725000000000001,3.0250000000000004
9.3250000000000011,18.725000000000001,3.0750000000000002
9.3250000000000011,18.725000000000001,3.125
9.3250000000000011,18.775000000000002,1.875
9.3250000000000011,18.775000000000002,1.9750000000000001
9.3250000000000011,18.775000000000002,2.0750000000000002
9.375,18.574999999999999,1.925
9.375,18.574999999999999,2.0249999999999999
9.375,18.574999999999999,2.125
9.375,18.574999999999999,2.2250000000000001
9.375,18.574999999999999,2.875
9.375,18.574999999999999,2.9750000000000001
9.375,18.574999999999999,3.0750000000000002
9.375,18.574999999999999,3.125
9.375,18.625,1.8250000000000002
9.375,18.625,1.875
9.375,18.625,1.925
9.375,18.625,1.9750000000000001
9.375,18.625,2.0249999999999999
9.375,18.625,2.0750000000000002
9.375,18.625,2.125
9.375,18.625,2.1750000000000003
9.375,18.625,2.2250000000000001
9.375,18.625,2.2749999999999999
9.375,18.625,2.3250000000000002
9.375,18.625,2.375
9.375,18.625,2.4250000000000003
9.375,18.625,2.4750000000000001
9.375,18.625,2.5250000000000004
9.375,18.625,2.5750000000000002
9.375,18.625,2.625
9.375,18.625,2.6750000000000003
9.375,18.625,2.7250000000000001
9.375,18.625,2.7750000000000004
9.375,18.625,2.8250000000000002
9.375,18.625,2.875
9.375,18.625,2.9250000000000003
9.375,18.625,2.9750000000000001
9.375,18.625,3.0250000000000004
9.375,18.625,3.0750000000000002
9.375,18.625,3.125
9.375,18.675000000000001,1.8250000000000002
9.375,18.675000000000001,1.875
9.375,18.675000000000001,1.925
9.375,18.675000000000001,1.9750000000000001
9.375,18.675000000000001,2.0249999999999999
9.375,18.675000000000001,2.0750000000000002
9.375,18.675000000000001,2.125
9.375,18.675000000000001,2.1750000000000003
9.375,18.675000000000001,2.2250000000000001
9.375,18.675000000000001,2.2749999999999999
9.375,18.675000000000001,2.3250000000000002
9.375,18.675000000000001,2.375
9.375,18.675000000000001,2.4250000000000003
9.375,18.675000000000001,2.4750000000000001
9.375,18.675000000000001,2.5250000000000004
9.375,18.675000000000001,2.5750000000000002
9.375,18.675000000000001,2.625
9.375,18.675000000000001,2.6750000000000003
9.375,18.675000000000001,2.7250000000000001
9.375,18.675000000000001,2.7750000000000004
9.375,18.675000000000001,2.8250000000000002
9.375,18.675000000000001,2.875
9.375,18.675000000000001,2.9250000000000003
9.375,18.675000000000001,3.0250000000000004
9.375,18.675000000000001,3.0750000000000002
9.375,18.675000000000001,3.125
9.4250000000000007,18.574999999999999,1.8250000000000002
9.4250000000000007,18.574999999999999,1.875
9.4250000000000007,18.574999999999999,1.925
9.4250000000000007,18.574999999999999,1.9750000000000001
9.4250000000000007,18.574999999999999,2.0249999999999999
9.4250000000000007,18.574999999999999,2.0750000000000002
9.4250000000000007,18.574999999999999,2.125
9.4250000000000007,18.574999999999999,2.1750000000000003
9.4250000000000007,18.574999999999999,2.2250000000000001
9.4250000000000007,18.574999999999999,2.2749999999999999
9.4250000000000007,18.574999999999999,2.3250000000000002
9.4250000000000007,18.574999999999999,2.375
9.4250000000000007,18.574999999999999,2.4250000000000003
9.4250000000000007,18.574999999999999,2.4750000000000001
9.4250000000000007,18.574999999999999,2.5250000000000004
9.4250000000000007,18.574999999999999,2.5750000000000002
9.4250000000000007,18.574999999999999,2.625
9.4250000000000007,18.574999999999999,2.6750000000000003
9.4250000000000007,18.574999999999999,2.7250000000000001
9.4250000000000007,18.574999999999999,2.7750000000000004
9.4250000000000007,18.574999999999999,2.8250000000000002
9.4250000000000007,18.574999999999999,2.875
9.4250000000000007,18.574999999999999,2.9250000000000003
9.4250000000000007,18.574999999999999,2.9750000000000001
9.4250000000000007,18.574999999999999,3.0250000000000004
9.4250000000000007,18.574999999999999,3.0750000000000002
9.4250000000000007,18.574999999999999,3.125
9.4250000000000007,18.625,1.8250000000000002
9.4250000000000007,18.625,1.875
9.4250000000000007,18.625,1.925
9.4250000000000007,18.625,1.9750000000000001
9.4250000000000007,18.625,2.0249999999999999
9.4250000000000007,18.625,2.0750000000000002
9.4250000000000007,18.625,2.125
9.4250000000000007,18.625,2.1750000000000003
9.4250000000000007,18.625,2.2250000000000001
9.4250000000000007,18.625,2.2749999999999999
9.4250000000000007,18.625,2.3250000000000002
9.4250000000000007,18.625,2.375
9.4250000000000007,18.625,2.4250000000000003
9.4250000000000007,18.625,2.4750000000000001
9.4250000000000007,18.625,2.5250000000000004
9.4250000000000007,18.625,2.875
9.4250000000000007,18.625,2.9250000000000003
9.4250000000000007,18.625,2.9750000000000001
9.4250000000000007,18.625,3.0250000000000004
9.4250000000000007,18.625,3.0750000000000002
9.4250000000000007,18.625,3.125
9.4250000000000007,18.675000000000001,1.8250000000000002
9.4250000000000007,18.675000000000001,1.875
9.4250000000000007,18.675000000000001,1.925
9.4749999999999996,18.525000000000002,1.8250000000000002
9.4749999999999996,18.525000000000002,2.0249999999999999
9.4749999999999996,18.525000000000002,2.125
9.4749999999999996,18.525000000000002,3.0750000000000002
9.4749999999999996,18.574999999999999,1.8250000000000002
9.4749999999999996,18.574999999999999,1.875
9.4749999999999996,18.574999999999999,1.925
9.4749999999999996,18.574999999999999,1.9750000000000001
9.4749999999999996,18.574999999999999,2.0249999999999999
9.4749999999999996,18.574999999999999,2.0750000000000002
9.4749999999999996,18.574999999999999,2.125
9.4749999999999996,18.574999999999999,2.1750000000000003
9.4749999999999996,18.574999999999999,2.2250000000000001
9.4749999999999996,18.574999999999999,2.2749999999999999
9.4749999999999996,18.574999999999999,2.3250000000000002
9.4749999999999996,18.574999999999999,2.375
9.4749999999999996,18.574999999999999,2.4250000000000003
9.4749999999999996,18.574999999999999,2.4750000000000001
9.4749999999999996,18.574999999999999,2.5250000000000004
9.4749999999999996,18.574999999999999,2.5750000000000002
9.4749999999999996,18.574999999999999,2.625
9.4749999999999996,18.574999999999999,2.6750000000000003
9.4749999999999996,18.574999999999999,2.7250000000000001
9.4749999999999996,18.574999999999999,2.7750000000000004
9.4749999999999996,18.574999999999999,2.8250000000000002
9.4749999999999996,18.574999999999999,2.875
9.4749999999999996,18.574999999999999,2.9250000000000003
9.4749999999999996,18.574999999999999,2.9750000000000001
9.4749999999999996,18.574999999999999,3.0250000000000004
9.4749999999999996,18.574999999999999,3.0750000000000002
9.4749999999999996,18.574999999999999,3.125
9.4749999999999996,18.625,1.8250000000000002
9.4749999999999996,18.625,1.875
9.4749999999999996,18.625,1.925
9.4749999999999996,18.625,1.9750000000000001
9.4749999999999996,18.625,2.0249999999999999
9.4749999999999996,18.625,2.0750000000000002
9.5250000000000004,18.525000000000002,1.925
9.5250000000000004,18.525000000000002,1.9750000000000001
9.5250000000000004,18.525000000000002,2.0750000000000002
9.5250000000000004,18.525000000000002,2.2749999999999999
9.5250000000000004,18.525000000000002,2.375
9.5250000000000004,18.525000000000002,2.4250000000000003
9.5250000000000004,18.525000000000002,2.4750000000000001
9.5250000000000004,18.525000000000002,2.5250000000000004
9.5250000000000004,18.525000000000002,2.5750000000000002
9.5250000000000004,18.525000000000002,2.625
9.5250000000000004,18.525000000000002,2.6750000000000003
9.5250000000000004,18.525000000000002,2.8250000000000002
9.5250000000000004,18.525000000000002,2.875
9.5250000000000004,18.525000000000002,3.0250000000000004
9.5250000000000004,18.574999999999999,1.8250000000000002
9.5250000000000004,18.574999999999999,1.875
9.5250000000000004,18.574999999999999,1.925
9.5250000000000004,18.574999999999999,1.9750000000000001
9.5250000000000004,18.574999999999999,2.0750000000000002
9.5250000000000004,18.574999999999999,2.1750000000000003
9.5250000000000004,18.574999999999999,2.2749999999999999
9.5250000000000004,18.574999999999999,2.875
9.5750000000000011,18.525000000000002,1.9750000000000001
9.5750000000000011,18.525000000000002,2.0750000000000002
9.5750000000000011,18.525000000000002,2.1750000000000003
9.5750000000000011,18.574999999999999,1.875
9.7250000000000014,17.425000000000001,1.8250000000000002
9.7250000000000014,17.425000000000001,1.875
9.7250000000000014,17.425000000000001,1.925
9.7250000000000014,17.425000000000001,1.9750000000000001
9.7250000000000014,17.425000000000001,2.0249999999999999
9.7250000000000014,17.425000000000001,2.0750000000000002
9.7250000000000014,17.425000000000001,2.125
9.7250000000000014,17.475000000000001,1.8250000000000002
9.7250000000000014,17.475000000000001,1.925
9.7250000000000014,17.475000000000001,2.0249999999999999
9.7250000000000014,17.475000000000001,2.125
9.7750000000000004,17.425000000000001,1.8250000000000002
9.7750000000000004,17.425000000000001,1.875
9.7750000000000004,17.425000000000001,1.925
9.7750000000000004,17.425000000000001,1.9750000000000001
9.7750000000000004,17.425000000000001,2.0249999999999999
9.7750000000000004,17.425000000000001,2.0750000000000002
9.7750000000000004,17.425000000000001,2.125
9.7750000000000004,17.425000000000001,2.1750000000000003
9.7750000000000004,17.425000000000001,2.2250000000000001
9.7750000000000004,17.425000000000001,2.2749999999999999
9.7750000000000004,17.425000000000001,2.3250000000000002
9.7750000000000004,17.425000000000001,2.375
9.7750000000000004,17.425000000000001,2.4250000000000003
9.7750000000000004,17.425000000000001,2.4750000000000001
9.7750000000000004,17.425000000000001,2.5250000000000004
9.7750000000000004,17.425000000000001,2.5750000000000002
9.7750000000000004,17.425000000000001,2.625
9.7750000000000004,17.425000000000001,2.6750000000000003
9.7750000000000004,17.425000000000001,2.7250000000000001
9.7750000000000004,17.425000000000001,2.7750000000000004
9.7750000000000004,17.425000000000001,2.8250000000000002
9.7750000000000004,17.425000000000001,2.875
9.7750000000000004,17.425000000000001,2.9250000000000003
9.7750000000000004,17.425000000000001,2.9750000000000001
9.7750000000000004,17.425000000000001,3.0250000000000004
9.7750000000000004,17.425000000000001,3.0750000000000002
9.7750000000000004,17.425000000000001,3.125
9.7750000000000004,17.475000000000001,1.8250000000000002
9.7750000000000004,17.475000000000001,1.925
9.7750000000000004,17.475000000000001,2.0249999999999999
9.7750000000000004,17.475000000000001,2.125
9.7750000000000004,17.475000000000001,2.2250000000000001
9.7750000000000004,17.475000000000001,2.3250000000000002
9.7750000000000004,17.475000000000001,2.9750000000000001
9.7750000000000004,17.475000000000001,3.0250000000000004
9.7750000000000004,17.475000000000001,3.0750000000000002
9.7750000000000004,17.475000000000001,3.125
9.8250000000000011,17.375,1.8250000000000002
9.8250000000000011,17.375,1.875
9.8250000000000011,17.375,1.9750000000000001
9.8250000000000011,17.375,2.0249999999999999
9.8250000000000011,17.375,2.0750000000000002
9.8250000000000011,17.375,2.1750000000000003
9.8250000000000011,17.375,2.2250000000000001
9.8250000000000011,17.375,2.2749999999999999
9.8250000000000011,17.375,2.3250000000000002
9.8250000000000011,17.375,2.375
9.8250000000000011,17.375,2.5250000000000004
9.8250000000000011,17.375,2.7250000000000001
9.8250000000000011,17.375,2.9250000000000003
9.8250000000000011,17.375,2.9750000000000001
9.8250000000000011,17.375,3.0250000000000004
9.8250000000000011,17.375,3.0750000000000002
9.8250000000000011,17.375,3.125
9.8250000000000011,17.425000000000001,1.8250000000000002
9.8250000000000011,17.425000000000001,1.875
9.8250000000000011,17.425000000000001,1.925
9.8250000000000011,17.425000000000001,1.9750000000000001
9.8250000000000011,17.425000000000001,2.0249999999999999
9.8250000000000011,17.425000000000001,2.0750000000000002
9.8250000000000011,17.425000000000001,2.125
9.8250000000000011,17.425000000000001,2.1750000000000003
9.8250000000000011,17.425000000000001,2.2250000000000001
9.8250000000000011,17.425000000000001,2.2749999999999999
9.8250000000000011,17.425000000000001,2.3250000000000002
9.8250000000000011,17.425000000000001,2.375
9.8250000000000011,17.425000000000001,2.4250000000000003
9.8250000000000011,17.425000000000001,2.4750000000000001
9.8250000000000011,17.425000000000001,2.5250000000000004
9.8250000000000011,17.425000000000001,2.5750000000000002
9.8250000000000011,17.425000000000001,2.625
9.8250000000000011,17.425000000000001,2.6750000000000003
9.8250000000000011,17.425000000000001,2.7250000000000001
9.8250000000000011,17.425000000000001,2.7750000000000004
9.8250000000000011,17.425000000000001,2.8250000000000002
9.8250000000000011,17.425000000000001,2.875
9.8250000000000011,17.425000000000001,2.9250000000000003
9.8250000000000011,17.425000000000001,2.9750000000000001
9.8250000000000011,17.425000000000001,3.0250000000000004
9.8250000000000011,17.425000000000001,3.0750000000000002
9.8250000000000011,17.425000000000001,3.125
9.875,17.375,1.8250000000000002
9.875,17.375,1.875
9.875,17.375,1.925
9.875,17.375,1.9750000000000001
9.875,17.375,2.0249999999999999
9.875,17.375,2.0750000000000002
9.875,17.375,2.125
9.875,17.375,2.1750000000000003
9.875,17.375,2.2250000000000001
9.875,17.375,2.2749999999999999
9.875,17.375,2.3250000000000002
9.875,17.375,2.375
9.875,17.375,2.4250000000000003
9.875,17.375,2.4750000000000001
9.875,17.375,2.5250000000000004
9.875,17.375,2.5750000000000002
9.875,17.375,2.625
9.875,17.375,2.6750000000000003
9.875,17.375,2.7250000000000001
9.875,17.375,2.7750000000000004
9.875,17.375,2.8250000000000002
9.875,17.375,2.875
9.875,17.375,2.9250000000000003
9.875,17.375,2.9750000000000001
9.875,17.375,3.0250000000000004
9.875,17.375,3.0750000000000002
9.875,17.375,3.125
9.875,17.425000000000001,1.8250000000000002
9.875,17.425000000000001,1.875
9.875,17.425000000000001,1.925
9.875,17.425000000000001,1.9750000000000001
9.875,17.425000000000001,2.0249999999999999
9.875,17.425000000000001,2.0750000000000002
9.875,17.425000000000001,2.1750000000000003
9.875,17.425000000000001,2.2749999999999999
9.875,17.425000000000001,2.3250000000000002
9.875,17.425000000000001,2.375
9.875,17.425000000000001,2.4250000000000003
9.875,17.425000000000001,2.4750000000000001
9.875,17.425000000000001,2.5250000000000004
9.875,17.425000000000001,2.5750000000000002
9.875,17.425000000000001,2.625
9.875,17.425000000000001,2.6750000000000003
9.875,17.425000000000001,2.7250000000000001
9.875,17.425000000000001,2.7750000000000004
9.875,17.425000000000001,2.8250000000000002
9.875,17.425000000000001,2.875
9.875,17.425000000000001,2.9250000000000003
9.875,17.425000000000001,2.9750000000000001
9.875,17.425000000000001,3.0250000000000004
9.875,17.425000000000001,3.0750000000000002
9.875,17.425000000000001,3.125
9.9250000000000007,17.324999999999999,1.875
9.9250000000000007,17.324999999999999,1.925
9.9250000000000007,17.324999999999999,2.1750000000000003
9.9250000000000007,17.324999999999999,2.2749999999999999
9.9250000000000007,17.324999999999999,2.375
9.9250000000000007,17.324999999999999,2.4250000000000003
9.9250000000000007,17.324999999999999,2.4750000000000001
9.9250000000000007,17.324999999999999,2.5250000000000004
9.9250000000000007,17.324999999999999,2.5750000000000002
9.9250000000000007,17.324999999999999,2.625
9.9250000000000007,17.324999999999999,2.6750000000000003
9.9250000000000007,17.324999999999999,2.7250000000000001
9.9250000000000007,17.324999999999999,2.8250000000000002
9.9250000000000007,17.375,1.8250000000000002
9.9250000000000007,17.375,1.875
9.9250000000000007,17.375,1.925
9.9250000000000007,17.375,1.9750000000000001
9.9250000000000007,17.375,2.0249999999999999
9.9250000000000007,17.375,2.0750000000000002
9.9250000000000007,17.375,2.125
9.9250000000000007,17.375,2.1750000000000003
9.9250000000000007,17.375,2.2250000000000001
9.9250000000000007,17.375,2.2749999999999999
9.9250000000000007,17.375,2.3250000000000002
9.9250000000000007,17.375,2.375
9.9250000000000007,17.375,2.4250000000000003
9.9250000000000007,17.375,2.4750000000000001
9.9250000000000007,17.375,2.5250000000000004
9.9250000000000007,17.375,2.5750000000000002
9.9250000000000007,17.375,2.625
9.9250000000000007,17.375,2.6750000000000003
9.9250000000000007,17.375,2.7250000000000001
9.9250000000000007,17.375,2.7750000000000004
9.9250000000000007,17.375,2.8250000000000002
9.9250000000000007,17.375,2.875
9.9250000000000007,17.375,2.9250000000000003
9.9250000000000007,17.375,2.9750000000000001
9.9250000000000007,17.375,3.0250000000000004
9.9250000000000007,17.375,3.0750000000000002
9.9250000000000007,17.375,3.125
9.9750000000000014,17.324999999999999,1.8250000000000002
9.9750000000000014,17.324999999999999,1.875
9.9750000000000014,17.324999999999999,1.925
9.9750000000000014,17.324999999999999,1.9750000000000001
9.9750000000000014,17.324999999999999,2.0249999999999999
9.9750000000000014,17.324999999999999,2.0750000000000002
9.9750000000000014,17.324999999999999,2.125
9.9750000000000014,17.324999999999999,2.1750000000000003
9.9750000000000014,17.324999999999999,2.2250000000000001
9.9750000000000014,17.324999999999999,2.2749999999999999
9.9750000000000014,17.324999999999999,2.3250000000000002
9.9750000000000014,17.324999999999999,2.375
9.9750000000000014,17.324999999999999,2.4250000000000003
9.9750000000000014,17.324999999999999,2.4750000000000001
9.9750000000000014,17.324999999999999,2.5250000000000004
9.9750000000000014,17.324999999999999,2.5750000000000002
9.9750000000000014,17.324999999999999,2.625
9.9750000000000014,17.324999999999999,2.6750000000000003
9.9750000000000014,17.324999999999999,2.7250000000000001
9.9750000000000014,17.324999999999999,2.7750000000000004
9.9750000000000014,17.324999999999999,2.8250000000000002
9.9750000000000014,17.324999999999999,2.875
9.9750000000000014,17.324999999999999,2.9250000000000003
9.9750000000000014,17.324999999999999,2.9750000000000001
9.9750000000000014,17.324999999999999,3.0250000000000004
9.9750000000000014,17.324999999999999,3.0750000000000002
9.9750000000000014,17.324999999999999,3.125
9.9750000000000014,17.375,1.8250000000000002
9.9750000000000014,17.375,2.0249999999999999
9.9750000000000014,17.375,2.7250000000000001
9.9750000000000014,17.375,2.7750000000000004
9.9750000000000014,17.375,2.8250000000000002
9.9750000000000014,17.375,2.875
9.9750000000000014,17.375,2.9250000000000003
9.9750000000000014,17.375,2.9750000000000001
9.9750000000000014,17.375,3.0750000000000002
9.9750000000000014,17.375,3.125
10.025,17.275000000000002,1.875
10.025,17.275000000000002,1.9750000000000001
10.025,17.275000000000002,2.0750000000000002
10.025,17.275000000000002,2.1750000000000003
10.025,17.275000000000002,2.2749999999999999
10.025,17.275000000000002,2.3250000000000002
10.025,17.275000000000002,2.375
10.025,17.275000000000002,2.4750000000000001
10.025,17.275000000000002,2.5250000000000004
10.025,17.275000000000002,2.5750000000000002
10.025,17.275000000000002,2.6750000000000003
10.025,17.275000000000002,2.7250000000000001
10.025,17.275000000000002,2.7750000000000004
10.025,17.275000000000002,2.875
10.025,17.275000000000002,2.9250000000000003
10.025,17.275000000000002,2.9750000000000001
10.025,17.275000000000002,3.0250000000000004
10.025,17.275000000000002,3.0750000000000002
10.025,17.275000000000002,3.125
10.025,17.324999999999999,1.925
10.025,17.324999999999999,2.0249999999999999
10.025,17.324999999999999,2.2250000000000001
10.025,17.324999999999999,3.125
10.075000000000001,17.225000000000001,2.8250000000000002
10.075000000000001,17.275000000000002,2.375
10.075000000000001,17.275000000000002,2.625
10.075000000000001,17.275000000000002,2.6750000000000003
10.075000000000001,17.275000000000002,2.8250000000000002
10.225000000000001,17.824999999999999,1.8250000000000002
10.225000000000001,17.824999999999999,1.925
10.225000000000001,17.824999999999999,2.0249999999999999
10.225000000000001,17.824999999999999,3.0750000000000002
10.225000000000001,17.875,1.8250000000000002
10.225000000000001,17.875,1.875
10.225000000000001,17.875,1.925
10.225000000000001,17.875,1.9750000000000001
10.225000000000001,17.875,2.0249999999999999
10.225000000000001,17.875,2.0750000000000002
10.225000000000001,17.875,2.125
10.225000000000001,17.875,2.1750000000000003
10.225000000000001,17.875,2.2250000000000001
10.225000000000001,17.875,2.2749999999999999
10.225000000000001,17.875,2.3250000000000002
10.225000000000001,17.875,2.375
10.225000000000001,17.875,2.4250000000000003
10.225000000000001,17.875,2.4750000000000001
10.225000000000001,17.875,2.5250000000000004
10.225000000000001,17.875,2.5750000000000002
10.225000000000001,17.875,2.625
10.225000000000001,17.875,2.6750000000000003
10.225000000000001,17.875,2.7250000000000001
10.225000000000001,17.875,2.7750000000000004
10.225000000000001,17.875,2.8250000000000002
10.225000000000001,17.875,2.875
10.225000000000001,17.875,2.9250000000000003
10.225000000000001,17.875,2.9750000000000001
10.225000000000001,17.875,3.0250000000000004
10.225000000000001,17.875,3.0750000000000002
10.225000000000001,17.875,3.125
10.225000000000001,17.925000000000001,1.8250000000000002
10.225000000000001,17.925000000000001,1.875
10.225000000000001,17.925000000000001,1.925
10.225000000000001,17.925000000000001,1.9750000000000001
10.225000000000001,17.925000000000001,2.0249999999999999
10.225000000000001,17.925000000000001,2.0750000000000002
10.225000000000001,17.925000000000001,2.125
10.225000000000001,17.925000000000001,2.1750000000000003
10.225000000000001,17.925000000000001,2.2250000000000001
10.225000000000001,17.925000000000001,2.2749999999999999
10.225000000000001,17.925000000000001,2.3250000000000002
10.225000000000001,17.925000000000001,2.375
10.225000000000001,17.925000000000001,2.4250000000000003
10.225000000000001,17.925000000000001,2.4750000000000001
10.225000000000001,17.925000000000001,2.5250000000000004
10.225000000000001,17.925000000000001,2.5750000000000002
10.225000000000001,17.925000000000001,2.625
10.225000000000001,17.925000000000001,2.6750000000000003
10.225000000000001,17.925000000000001,2.7250000000000001
10.225000000000001,17.925000000000001,2.7750000000000004
10.225000000000001,17.925000000000001,2.8250000000000002
10.225000000000001,17.925000000000001,2.875
10.225000000000001,17.925000000000001,2.9250000000000003
10.225000000000001,17.925000000000001,2.9750000000000001
10.225000000000001,17.925000000000001,3.0250000000000004
10.225000000000001,17.925000000000001,3.0750000000000002
10.225000000000001,17.925000000000001,3.125
10.225000000000001,17.975000000000001,1.8250000000000002
10.225000000000001,17.975000000000001,1.875
10.225000000000001,17.975000000000001,1.925
10.225000000000001,17.975000000000001,1.9750000000000001
10.225000000000001,17.975000000000001,2.0249999999999999
10.225000000000001,17.975000000000001,2.0750000000000002
10.225000000000001,17.975000000000001,2.125
10.225000000000001,17.975000000000001,2.1750000000000003
10.225000000000001,17.975000000000001,2.2250000000000001
10.225000000000001,17.975000000000001,2.2749999999999999
10.225000000000001,17.975000000000001,2.3250000000000002
10.225000000000001,17.975000000000001,2.375
10.225000000000001,17.975000000000001,2.4250000000000003
10.225000000000001,17.975000000000001,2.4750000000000001
10.225000000000001,17.975000000000001,2.5250000000000004
10.225000000000001,17.975000000000001,2.5750000000000002
10.225000000000001,17.975000000000001,2.625
10.225000000000001,17.975000000000001,2.6750000000000003
10.225000000000001,17.975000000000001,2.7250000000000001
10.225000000000001,17.975000000000001,2.7750000000000004
10.225000000000001,17.975000000000001,2.8250000000000002
10.225000000000001,17.975000000000001,2.875
10.225000000000001,17.975000000000001,2.9250000000000003
10.225000000000001,17.975000000000001,2.9750000000000001
10.225000000000001,17.975000000000001,3.0250000000000004
10.225000000000001,17.975000000000001,3.0750000000000002
10.225000000000001,17.975000000000001,3.125
10.225000000000001,18.025000000000002,1.8250000000000002
10.225000000000001,18.025000000000002,1.875
10.225000000000001,18.025000000000002,1.925
10.225000000000001,18.025000000000002,1.9750000000000001
10.225000000000001,18.025000000000002,2.0249999999999999
10.225000000000001,18.025000000000002,2.0750000000000002
10.225000000000001,18.025000000000002,2.125
10.225000000000001,18.025000000000002,2.1750000000000003
10.225000000000001,18.025000000000002,2.2250000000000001
10.225000000000001,18.025000000000002,2.2749999999999999
10.225000000000001,18.025000000000002,2.3250000000000002
10.225000000000001,18.025000000000002,2.375
10.225000000000001,18.025000000000002,2.4250000000000003
10.225000000000001,18.025000000000002,2.4750000000000001
10.225000000000001,18.025000000000002,2.5250000000000004
10.225000000000001,18.025000000000002,2.5750000000000002
10.225000000000001,18.025000000000002,2.625
10.225000000000001,18.025000000000002,2.6750000000000003
10.225000000000001,18.025000000000002,2.7250000000000001
10.225000000000001,18.025000000000002,2.7750000000000004
10.225000000000001,18.025000000000002,2.8250000000000002
10.225000000000001,18.025000000000002,2.875
10.225000000000001,18.025000000000002,2.9250000000000003
10.225000000000001,18.025000000000002,2.9750000000000001
10.225000000000001,18.025000000000002,3.0250000000000004
10.225000000000001,18.025000000000002,3.0750000000000002
10.225000000000001,18.025000000000002,3.125
10.225000000000001,18.074999999999999,1.8250000000000002
10.225000000000001,18.074999999999999,1.875
10.225000000000001,18.074999999999999,1.925
10.225000000000001,18.074999999999999,1.9750000000000001
10.225000000000001,18.074999999999999,2.0249999999999999
10.225000000000001,18.074999999999999,2.0750000000000002
10.225000000000001,18.074999999999999,2.125
10.225000000000001,18.074999999999999,2.1750000000000003
10.225000000000001,18.074999999999999,2.2250000000000001
10.225000000000001,18.074999999999999,2.2749999999999999
10.225000000000001,18.074999999999999,2.3250000000000002
10.225000000000001,18.074999999999999,2.375
10.225000000000001,18.074999999999999,2.4250000000000003
10.225000000000001,18.074999999999999,2.4750000000000001
10.225000000000001,18.074999999999999,2.5250000000000004
10.225000000000001,18.074999999999999,2.5750000000000002
10.225000000000001,18.074999999999999,2.625
10.225000000000001,18.074999999999999,2.6750000000000003
10.225000000000001,18.074999999999999,2.7250000000000001
10.225000000000001,18.074999999999999,2.7750000000000004
10.225000000000001,18.074999999999999,2.8250000000000002
10.225000000000001,18.074999999999999,2.875
10.225000000000001,18.074999999999999,2.9250000000000003
10.225000000000001,18.074999999999999,2.9750000000000001
10.225000000000001,18.074999999999999,3.0250000000000004
10.225000000000001,18.074999999999999,3.0750000000000002
10.225000000000001,18.074999999999999,3.125
10.225000000000001,18.125,1.8250000000000002
10.225000000000001,18.125,1.875
10.225000000000001,18.125,1.925
10.225000000000001,18.125,1.9750000000000001
10.225000000000001,18.125,2.0249999999999999
10.225000000000001,18.125,2.0750000000000002
10.225000000000001,18.125,2.125
10.225000000000001,18.125,2.1750000000000003
10.225000000000001,18.125,2.2250000000000001
10.225000000000001,18.125,2.3250000000000002
10.225000000000001,18.125,2.4250000000000003
10.225000000000001,18.125,2.7750000000000004
10.225000000000001,18.125,2.875
10.225000000000001,18.125,2.9250000000000003
10.225000000000001,18.125,2.9750000000000001
10.225000000000001,18.125,3.0250000000000004
10.225000000000001,18.125,3.0750000000000002
10.225000000000001,18.125,3.125
10.225000000000001,18.175000000000001,1.8250000000000002
10.225000000000001,18.175000000000001,1.925
10.225000000000001,18.175000000000001,2.0249999999999999
10.225000000000001,18.175000000000001,2.125
10.275,17.725000000000001,1.8250000000000002
10.275,17.725000000000001,1.875
10.275,17.725000000000001,1.925
10.275,17.725000000000001,1.9750000000000001
10.275,17.725000000000001,2.0249999999999999
10.275,17.725000000000001,2.0750000000000002
10.275,17.725000000000001,2.125
10.275,17.725000000000001,2.1750000000000003
10.275,17.725000000000001,2.2250000000000001
10.275,17.725000000000001,2.2749999999999999
10.275,17.725000000000001,2.3250000000000002
10.275,17.725000000000001,2.375
10.275,17.725000000000001,2.4250000000000003
10.275,17.725000000000001,2.5250000000000004
10.275,17.725000000000001,2.7750000000000004
10.275,17.725000000000001,2.875
10.275,17.725000000000001,2.9250000000000003
10.275,17.725000000000001,2.9750000000000001
10.275,17.725000000000001,3.0250000000000004
10.275,17.725000000000001,3.0750000000000002
10.275,17.725000000000001,3.125
10.275,17.775000000000002,1.8250000000000002
10.275,17.775000000000002,1.875
10.275,17.775000000000002,1.925
10.275,17.775000000000002,1.9750000000000001
10.275,17.775000000000002,2.0249999999999999
10.275,17.775000000000002,2.0750000000000002
10.275,17.775000000000002,2.125
10.275,17.775000000000002,2.1750000000000003
10.275,17.775000000000002,2.2250000000000001
10.275,17.775000000000002,2.2749999999999999
10.275,17.775000000000002,2.3250000000000002
10.275,17.775000000000002,2.375
10.275,17.775000000000002,2.4250000000000003
10.275,17.775000000000002,2.4750000000000001
10.275,17.775000000000002,2.5250000000000004
10.275,17.775000000000002,2.5750000000000002
10.275,17.775000000000002,2.625
10.275,17.775000000000002,2.6750000000000003
10.275,17.775000000000002,2.7250000000000001
10.275,17.775000000000002,2.7750000000000004
10.275,17.775000000000002,2.8250000000000002
10.275,17.775000000000002,2.875
10.275,17.775000000000002,2.9250000000000003
10.275,17.775000000000002,2.9750000000000001
10.275,17.775000000000002,3.0250000000000004
10.275,17.775000000000002,3.0750000000000002
10.275,17.775000000000002,3.125
10.275,17.824999999999999,1.8250000000000002
10.275,17.824999999999999,1.875
10.275,17.824999999999999,1.925
10.275,17.824999999999999,1.9750000000000001
10.275,17.824999999999999,2.0249999999999999
10.275,17.824999999999999,2.0750000000000002
10.275,17.824999999999999,2.125
10.275,17.824999999999999,2.1750000000000003
10.275,17.824999999999999,2.2250000000000001
10.275,17.824999999999999,2.2749999999999999
10.275,17.824999999999999,2.3250000000000002
10.275,17.824999999999999,2.375
10.275,17.824999999999999,2.4250000000000003
10.275,17.824999999999999,2.4750000000000001
10.275,17.824999999999999,2.5250000000000004
10.275,17.824999999999999,2.5750000000000002
10.275,17.824999999999999,2.625
10.275,17.824999999999999,2.6750000000000003
10.275,17.824999999999999,2.7250000000000001
10.275,17.824999999999999,2.7750000000000004
10.275,17.824999999999999,2.8250000000000002
10.275,17.824999999999999,2.875
10.275,17.824999999999999,2.9250000000000003
10.275,17.824999999999999,2.9750000000000001
10.275,17.824999999999999,3.0250000000000004
10.275,17.824999999999999,3.0750000000000002
10.275,17.824999999999999,3.125
10.275,17.875,1.8250000000000002
10.275,17.875,1.875
10.275,17.875,1.925
10.275,17.875,1.9750000000000001
10.275,17.875,2.0249999999999999
10.275,17.875,2.0750000000000002
10.275,17.875,2.125
10.275,17.875,2.1750000000000003
10.275,17.875,2.2250000000000001
10.275,17.875,2.2749999999999999
10.275,17.875,2.3250000000000002
10.275,17.875,2.375
10.275,17.875,2.4250000000000003
10.275,17.875,2.4750000000000001
10.275,17.875,2.5250000000000004
10.275,17.875,2.5750000000000002
10.275,17.875,2.625
10.275,17.875,2.6750000000000003
10.275,17.875,2.7250000000000001
10.275,17.875,2.7750000000000004
10.275,17.875,2.8250000000000002
10.275,17.875,2.875
10.275,17.875,2.9250000000000003
10.275,17.875,2.9750000000000001
10.275,17.875,3.0250000000000004
10.275,17.875,3.0750000000000002
10.275,17.875,3.125
10.275,17.925000000000001,1.8250000000000002
10.275,17.925000000000001,1.875
10.275,17.925000000000001,1.925
10.275,17.925000000000001,1.9750000000000001
10.275,17.925000000000001,2.0249999999999999
10.275,17.925000000000001,2.0750000000000002
10.275,17.925000000000001,2.125
10.275,17.925000000000001,2.1750000000000003
10.275,17.925000000000001,2.2250000000000001
10.275,17.925000000000001,2.2749999999999999
10.275,17.925000000000001,2.3250000000000002
10.275,17.925000000000001,2.375
10.275,17.925000000000001,2.4250000000000003
10.275,17.925000000000001,2.4750000000000001
10.275,17.925000000000001,2.5250000000000004
10.275,17.925000000000001,2.5750000000000002
10.275,17.925000000000001,2.625
10.275,17.925000000000001,2.6750000000000003
10.275,17.925000000000001,2.7250000000000001
10.275,17.925000000000001,2.7750000000000004
10.275,17.925000000000001,2.8250000000000002
10.275,17.925000000000001,2.875
10.275,17.925000000000001,2.9250000000000003
10.275,17.925000000000001,2.9750000000000001
10.275,17.925000000000001,3.0250000000000004
10.275,17.925000000000001,3.0750000000000002
10.275,17.925000000000001,3.125
10.275,17.975000000000001,1.8250000000000002
10.275,17.975000000000001,1.875
10.275,17.975000000000001,1.925
10.275,17.975000000000001,1.9750000000000001
10.275,17.975000000000001,2.0249999999999999
10.275,17.975000000000001,2.0750000000000002
10.275,17.975000000000001,2.125
10.275,17.975000000000001,2.1750000000000003
10.275,17.975000000000001,2.2250000000000001
10.275,17.975000000000001,2.2749999999999999
10.275,17.975000000000001,2.3250000000000002
10.275,17.975000000000001,2.375
10.275,17.975000000000001,2.4250000000000003
10.275,17.975000000000001,2.4750000000000001
10.275,17.975000000000001,2.5250000000000004
10.275,17.975000000000001,2.5750000000000002
10.275,17.975000000000001,2.625
10.275,17.975000000000001,2.6750000000000003
10.275,17.975000000000001,2.7250000000000001
10.275,17.975000000000001,2.7750000000000004
10.275,17.975000000000001,2.8250000000000002
10.275,17.975000000000001,2.875
10.275,17.975000000000001,2.9250000000000003
10.275,17.975000000000001,2.9750000000000001
10.275,17.975000000000001,3.0250000000000004
10.275,17.975000000000001,3.0750000000000002
10.275,17.975000000000001,3.125
10.275,18.025000000000002,1.8250000000000002
10.275,18.025000000000002,1.875
10.275,18.025000000000002,1.925
10.275,18.025000000000002,1.9750000000000001
10.275,18.025000000000002,2.0249999999999999
10.275,18.025000000000002,2.0750000000000002
10.275,18.025000000000002,2.125
10.275,18.025000000000002,2.1750000000000003
10.275,18.025000000000002,2.2250000000000001
10.275,18.025000000000002,2.2749999999999999
10.275,18.025000000000002,2.3250000000000002
10.275,18.025000000000002,2.375
10.275,18.025000000000002,2.4250000000000003
10.275,18.025000000000002,2.4750000000000001
10.275,18.025000000000002,2.5250000000000004
10.275,18.025000000000002,2.5750000000000002
10.275,18.025000000000002,2.625
10.275,18.025000000000002,2.6750000000000003
10.275,18.025000000000002,2.7250000000000001
10.275,18.025000000000002,2.7750000000000004
10.275,18.025000000000002,2.8250000000000002
10.275,18.025000000000002,2.875
10.275,18.025000000000002,2.9250000000000003
10.275,18.025000000000002,2.9750000000000001
10.275,18.025000000000002,3.0250000000000004
10.275,18.025000000000002,3.0750000000000002
10.275,18.025000000000002,3.125
10.275,18.074999999999999,1.8250000000000002
10.275,18.074999999999999,1.875
10.275,18.074999999999999,1.9750000000000001
10.275,18.074999999999999,2.0249999999999999
10.275,18.074999999999999,2.0750000000000002
10.275,18.074999999999999,2.125
10.275,18.074999999999999,2.1750000000000003
10.275,18.074999999999999,2.2250000000000001
10.275,18.074999999999999,2.2749999999999999
10.275,18.074999999999999,2.3250000000000002
10.275,18.074999999999999,2.375
10.275,18.074999999999999,2.4250000000000003
10.275,18.074999999999999,2.4750000000000001
10.275,18.074999999999999,2.5250000000000004
10.275,18.074999999999999,2.5750000000000002
10.275,18.074999999999999,2.625
10.275,18.074999999999999,2.6750000000000003
10.275,18.074999999999999,2.7250000000000001
10.275,18.074999999999999,2.7750000000000004
10.275,18.074999999999999,2.8250000000000002
10.275,18.074999999999999,2.875
10.275,18.074999999999999,2.9250000000000003
10.275,18.074999999999999,2.9750000000000001
10.275,18.074999999999999,3.0250000000000004
10.275,18.074999999999999,3.0750000000000002
10.275,18.074999999999999,3.125
10.275,18.125,1.8250000000000002
10.275,18.125,1.875
10.275,18.125,1.925
10.275,18.125,1.9750000000000001
10.275,18.125,2.0249999999999999
10.275,18.125,2.0750000000000002
10.275,18.125,2.125
10.275,18.125,2.1750000000000003
10.275,18.125,2.2250000000000001
10.275,18.125,2.2749999999999999
10.275,18.125,2.3250000000000002
10.275,18.125,2.375
10.275,18.125,2.4250000000000003
10.275,18.125,2.4750000000000001
10.275,18.125,2.5250000000000004
10.275,18.125,2.5750000000000002
10.275,18.125,2.625
10.275,18.125,2.6750000000000003
10.275,18.125,2.7250000000000001
10.275,18.125,2.7750000000000004
10.275,18.125,2.8250000000000002
10.275,18.125,2.875
10.275,18.125,2.9250000000000003
10.275,18.125,2.9750000000000001
10.275,18.125,3.0250000000000004
10.275,18.125,3.0750000000000002
10.275,18.125,3.125
10.275,18.175000000000001,1.8250000000000002
10.275,18.175000000000001,1.875
10.275,18.175000000000001,1.925
10.275,18.175000000000001,1.9750000000000001
10.275,18.175000000000001,2.0249999999999999
10.275,18.175000000000001,2.0750000000000002
10.275,18.175000000000001,2.125
10.275,18.175000000000001,2.1750000000000003
10.275,18.175000000000001,2.2250000000000001
10.275,18.175000000000001,2.2749999999999999
10.275,18.175000000000001,2.3250000000000002
10.275,18.175000000000001,2.375
10.275,18.175000000000001,2.4250000000000003
10.275,18.175000000000001,2.4750000000000001
10.275,18.175000000000001,2.5250000000000004
10.275,18.175000000000001,2.5750000000000002
10.275,18.175000000000001,2.625
10.275,18.175000000000001,2.6750000000000003
10.275,18.175000000000001,2.7250000000000001
10.275,18.175000000000001,2.7750000000000004
10.275,18.175000000000001,2.8250000000000002
10.275,18.175000000000001,2.875
10.275,18.175000000000001,2.9250000000000003
10.275,18.175000000000001,2.9750000000000001
10.275,18.175000000000001,3.0250000000000004
10.275,18.175000000000001,3.0750000000000002
10.275,18.175000000000001,3.125
10.275,18.225000000000001,1.8250000000000002
10.275,18.225000000000001,1.875
10.275,18.225000000000001,1.925
10.275,18.225000000000001,1.9750000000000001
10.275,18.225000000000001,2.0249999999999999
10.275,18.225000000000001,2.0750000000000002
10.275,18.225000000000001,2.125
10.275,18.225000000000001,2.1750000000000003
10.275,18.225000000000001,2.2250000000000001
10.275,18.225000000000001,2.2749999999999999
10.275,18.225000000000001,2.3250000000000002
10.275,18.225000000000001,2.375
10.275,18.225000000000001,2.4250000000000003
10.275,18.225000000000001,2.4750000000000001
10.275,18.225000000000001,2.5250000000000004
10.275,18.225000000000001,2.5750000000000002
10.275,18.225000000000001,2.625
10.275,18.225000000000001,2.6750000000000003
10.275,18.225000000000001,2.7250000000000001
10.275,18.225000000000001,2.7750000000000004
10.275,18.225000000000001,2.8250000000000002
10.275,18.225000000000001,2.875
10.275,18.225000000000001,2.9250000000000003
10.275,18.225000000000001,2.9750000000000001
10.275,18.225000000000001,3.0250000000000004
10.275,18.225000000000001,3.0750000000000002
10.275,18.225000000000001,3.125
10.275,18.275000000000002,1.8250000000000002
10.275,18.275000000000002,1.925
10.275,18.275000000000002,2.0249999999999999
10.275,18.275000000000002,2.125
10.275,18.275000000000002,2.2250000000000001
10.325000000000001,17.625,2.125
10.325000000000001,17.625,2.9750000000000001
10.325000000000001,17.675000000000001,1.8250000000000002
10.325000000000001,17.675000000000001,1.875
10.325000000000001,17.675000000000001,1.925
10.325000000000001,17.675000000000001,1.9750000000000001
10.325000000000001,17.675000000000001,2.0249999999999999
10.325000000000001,17.675000000000001,2.0750000000000002
10.325000000000001,17.675000000000001,2.125
10.325000000000001,17.675000000000001,2.1750000000000003
10.325000000000001,17.675000000000001,2.2250000000000001
10.325000000000001,17.675000000000001,2.2749999999999999
10.325000000000001,17.675000000000001,2.3250000000000002
10.325000000000001,17.675000000000001,2.375
10.325000000000001,17.675000000000001,2.4250000000000003
10.325000000000001,17.675000000000001,2.4750000000000001
10.325000000000001,17.675000000000001,2.5250000000000004
10.325000000000001,17.675000000000001,2.5750000000000002
10.325000000000001,17.675000000000001,2.625
10.325000000000001,17.675000000000001,2.6750000000000003
10.325000000000001,17.675000000000001,2.7250000000000001
10.325000000000001,17.675000000000001,2.7750000000000004
10.325000000000001,17.675000000000001,2.8250000000000002
10.325000000000001,17.675000000000001,2.875
10.325000000000001,17.675000000000001,2.9250000000000003
10.325000000000001,17.675000000000001,2.9750000000000001
10.325000000000001,17.675000000000001,3.0250000000000004
10.325000000000001,17.675000000000001,3.0750000000000002
10.325000000000001,17.675000000000001,3.125
10.325000000000001,17.725000000000001,1.8250000000000002
10.325000000000001,17.725000000000001,1.875
10.325000000000001,17.725000000000001,1.925
10.325000000000001,17.725000000000001,1.9750000000000001
10.325000000000001,17.725000000000001,2.0249999999999999
10.325000000000001,17.725000000000001,2.0750000000000002
10.325000000000001,17.725000000000001,2.125
10.325000000000001,17.725000000000001,2.1750000000000003
10.325000000000001,17.725000000000001,2.2250000000000001
10.325000000000001,17.725000000000001,2.2749999999999999
10.325000000000001,17.725000000000001,2.3250000000000002
10.325000000000001,17.725000000000001,2.375
10.325000000000001,17.725000000000001,2.4250000000000003
10.325000000000001,17.725000000000001,2.4750000000000001
10.325000000000001,17.725000000000001,2.5250000000000004
10.325000000000001,17.725000000000001,2.5750000000000002
10.325000000000001,17.725000000000001,2.625
10.325000000000001,17.725000000000001,2.6750000000000003
10.325000000000001,17.725000000000001,2.7250000000000001
10.325000000000001,17.725000000000001,2.7750000000000004
10.325000000000001,17.725000000000001,2.8250000000000002
10.325000000000001,17.725000000000001,2.875
10.325000000000001,17.725000000000001,2.9250000000000003
10.325000000000001,17.725000000000001,2.9750000000000001
10.325000000000001,17.725000000000001,3.0250000000000004
10.325000000000001,17.725000000000001,3.0750000000000002
10.325000000000001,17.725000000000001,3.125
10.325000000000001,17.775000000000002,1.8250000000000002
10.325000000000001,17.775000000000002,1.875
10.325000000000001,17.775000000000002,1.925
10.325000000000001,17.775000000000002,1.9750000000000001
10.325000000000001,17.775000000000002,2.0249999999999999
10.325000000000001,17.775000000000002,2.0750000000000002
10.325000000000001,17.775000000000002,2.125
10.325000000000001,17.775000000000002,2.1750000000000003
10.325000000000001,17.775000000000002,2.2250000000000001
10.325000000000001,17.775000000000002,2.2749999999999999
10.325000000000001,17.775000000000002,2.3250000000000002
10.325000000000001,17.775000000000002,2.375
10.325000000000001,17.775000000000002,2.4250000000000003
10.325000000000001,17.775000000000002,2.4750000000000001
10.325000000000001,17.775000000000002,2.5250000000000004
10.325000000000001,17.775000000000002,2.5750000000000002
10.325000000000001,17.775000000000002,2.625
10.325000000000001,17.775000000000002,2.6750000000000003
10.325000000000001,17.775000000000002,2.7250000000000001
10.325000000000001,17.775000000000002,2.7750000000000004
10.325000000000001,17.775000000000002,2.8250000000000002
10.325000000000001,17.775000000000002,2.875
10.325000000000001,17.775000000000002,2.9250000000000003
10.325000000000001,17.775000000000002,2.9750000000000001
10.325000000000001,17.775000000000002,3.0250000000000004
10.325000000000001,17.775000000000002,3.0750000000000002
10.325000000000001,17.775000000000002,3.125
10.325000000000001,17.824999999999999,2.7750000000000004
10.325000000000001,18.225000000000001,1.875
10.325000000000001,18.225000000000001,1.9750000000000001
10.325000000000001,18.225000000000001,2.0750000000000002
10.325000000000001,18.225000000000001,2.1750000000000003
10.325000000000001,18.225000000000001,2.2749999999999999
10.325000000000001,18.225000000000001,2.3250000000000002
10.325000000000001,18.225000000000001,2.375
10.325000000000001,18.225000000000001,2.4250000000000003
10.325000000000001,18.225000000000001,2.4750000000000001
10.325000000000001,18.225000000000001,2.5250000000000004
10.325000000000001,18.225000000000001,2.5750000000000002
10.325000000000001,18.225000000000001,2.625
10.325000000000001,18.225000000000001,2.6750000000000003
10.325000000000001,18.225000000000001,2.7250000000000001
10.325000000000001,18.225000000000001,2.7750000000000004
10.325000000000001,18.225000000000001,2.8250000000000002
10.325000000000001,18.225000000000001,2.875
10.325000000000001,18.225000000000001,2.9250000000000003
10.325000000000001,18.225000000000001,2.9750000000000001
10.325000000000001,18.225000000000001,3.0250000000000004
10.325000000000001,18.225000000000001,3.0750000000000002
10.325000000000001,18.225000000000001,3.125
10.325000000000001,18.275000000000002,1.8250000000000002
10.325000000000001,18.275000000000002,1.875
10.325000000000001,18.275000000000002,1.925
10.325000000000001,18.275000000000002,1.9750000000000001
10.325000000000001,18.275000000000002,2.0249999999999999
10.325000000000001,18.275000000000002,2.0750000000000002
10.325000000000001,18.275000000000002,2.125
10.325000000000001,18.275000000000002,2.1750000000000003
10.325000000000001,18.275000000000002,2.2250000000000001
10.325000000000001,18.275000000000002,2.2749999999999999
10.325000000000001,18.275000000000002,2.3250000000000002
10.325000000000001,18.275000000000002,2.4250000000000003
10.325000000000001,18.275000000000002,2.5250000000000004
10.325000000000001,18.275000000000002,2.5750000000000002
10.325000000000001,18.275000000000002,2.625
10.325000000000001,18.275000000000002,2.6750000000000003
10.325000000000001,18.275000000000002,2.7250000000000001
10.325000000000001,18.275000000000002,2.7750000000000004
10.325000000000001,18.275000000000002,2.875
10.325000000000001,18.275000000000002,2.9250000000000003
10.325000000000001,18.275000000000002,2.9750000000000001
10.325000000000001,18.275000000000002,3.0250000000000004
10.325000000000001,18.275000000000002,3.0750000000000002
10.325000000000001,18.275000000000002,3.125
10.375,17.625,1.8250000000000002
10.375,17.625,1.875
10.375,17.625,1.925
10.375,17.625,1.9750000000000001
10.375,17.625,2.0249999999999999
10.375,17.625,2.0750000000000002
10.375,17.625,2.125
10.375,17.625,2.1750000000000003
10.375,17.625,2.2250000000000001
10.375,17.625,2.2749999999999999
10.375,17.625,2.3250000000000002
10.375,17.625,2.375
10.375,17.625,2.4250000000000003
10.375,17.625,2.4750000000000001
10.375,17.625,2.5250000000000004
10.375,17.625,2.5750000000000002
10.375,17.625,2.625
10.375,17.625,2.6750000000000003
10.375,17.625,2.7250000000000001
10.375,17.625,2.7750000000000004
10.375,17.625,2.8250000000000002
10.375,17.625,2.875
10.375,17.625,2.9250000000000003
10.375,17.625,2.9750000000000001
10.375,17.625,3.0250000000000004
10.375,17.625,3.0750000000000002
10.375,17.625,3.125
10.375,17.675000000000001,1.8250000000000002
10.375,17.675000000000001,1.875
10.375,17.675000000000001,1.925
10.375,17.675000000000001,1.9750000000000001
10.375,17.675000000000001,2.0249999999999999
10.375,17.675000000000001,2.0750000000000002
10.375,17.675000000000001,2.125
10.375,17.675000000000001,2.1750000000000003
10.375,17.675000000000001,2.2250000000000001
10.375,17.675000000000001,2.2749999999999999
10.375,17.675000000000001,2.3250000000000002
10.375,17.675000000000001,2.375
10.375,17.675000000000001,2.4250000000000003
10.375,17.675000000000001,2.4750000000000001
10.375,17.675000000000001,2.5250000000000004
10.375,17.675000000000001,2.5750000000000002
10.375,17.675000000000001,2.625
10.375,17.675000000000001,2.6750000000000003
10.375,17.675000000000001,2.7250000000000001
10.375,17.675000000000001,2.7750000000000004
10.375,17.675000000000001,2.8250000000000002
10.375,17.675000000000001,2.875
10.375,17.675000000000001,2.9250000000000003
10.375,17.675000000000001,2.9750000000000001
10.375,17.675000000000001,3.0250000000000004
10.375,17.675000000000001,3.0750000000000002
10.375,17.675000000000001,3.125
10.375,17.725000000000001,1.925
10.425000000000001,17.574999999999999,1.8250000000000002
10.425000000000001,17.574999999999999,1.875
10.425000000000001,17.574999999999999,1.925
10.425000000000001,17.574999999999999,2.0249999999999999
10.425000000000001,17.574999999999999,2.0750000000000002
10.425000000000001,17.574999999999999,2.2250000000000001
10.425000000000001,17.574999999999999,2.2749999999999999
10.425000000000001,17.574999999999999,2.3250000000000002
10.425000000000001,17.574999999999999,2.4250000000000003
10.425000000000001,17.574999999999999,2.4750000000000001
10.425000000000001,17.574999999999999,2.5250000000000004
10.425000000000001,17.574999999999999,2.5750000000000002
10.425000000000001,17.574999999999999,2.625
10.425000000000001,17.574999999999999,2.6750000000000003
10.425000000000001,17.574999999999999,2.7250000000000001
10.425000000000001,17.574999999999999,2.7750000000000004
10.425000000000001,17.574999999999999,2.8250000000000002
10.425000000000001,17.574999999999999,2.875
10.425000000000001,17.574999999999999,2.9250000000000003
10.425000000000001,17.574999999999999,2.9750000000000001
10.425000000000001,17.574999999999999,3.0250000000000004
10.425000000000001,17.574999999999999,3.125
10.425000000000001,17.625,1.8250000000000002
10.425000000000001,17.625,1.875
10.425000000000001,17.625,1.925
10.425000000000001,17.625,1.9750000000000001
10.425000000000001,17.625,2.0750000000000002
10.425000000000001,17.625,2.125
10.425000000000001,17.625,2.2250000000000001
10.425000000000001,17.625,2.2749999999999999
10.425000000000001,17.625,2.4250000000000003
10.425000000000001,17.625,2.4750000000000001
10.425000000000001,17.625,2.5250000000000004
10.425000000000001,17.625,2.5750000000000002
10.425000000000001,17.625,2.625
10.425000000000001,17.625,2.6750000000000003
10.425000000000001,17.625,2.7250000000000001
10.425000000000001,17.625,2.7750000000000004
10.425000000000001,17.625,2.8250000000000002
10.425000000000001,17.625,2.875
10.425000000000001,17.625,2.9750000000000001
10.425000000000001,17.625,3.0250000000000004
10.425000000000001,17.625,3.0750000000000002
10.425000000000001,17.625,3.125
10.475000000000001,17.574999999999999,1.8250000000000002
10.475000000000001,17.574999999999999,1.875
10.475000000000001,17.574999999999999,1.925
10.475000000000001,17.574999999999999,1.9750000000000001
10.475000000000001,17.574999999999999,2.0249999999999999
10.475000000000001,17.574999999999999,2.0750000000000002
10.475000000000001,17.574999999999999,2.125
10.475000000000001,17.574999999999999,2.1750000000000003
10.475000000000001,17.574999999999999,2.2250000000000001
10.475000000000001,17.574999999999999,2.2749999999999999
10.475000000000001,17.574999999999999,2.3250000000000002
10.475000000000001,17.574999999999999,2.375
10.475000000000001,17.574999999999999,2.4250000000000003
10.475000000000001,17.574999999999999,2.4750000000000001
10.475000000000001,17.574999999999999,2.8250000000000002
10.475000000000001,17.574999999999999,2.875
10.475000000000001,17.574999999999999,2.9250000000000003
10.475000000000001,17.574999999999999,2.9750000000000001
10.475000000000001,17.574999999999999,3.0250000000000004
10.475000000000001,17.574999999999999,3.0750000000000002
10.475000000000001,17.574999999999999,3.125
10.575000000000001,16.975000000000001,1.8250000000000002
10.575000000000001,16.975000000000001,1.925
10.575000000000001,16.975000000000001,1.9750000000000001
10.575000000000001,16.975000000000001,2.0249999999999999
10.575000000000001,16.975000000000001,2.125
10.575000000000001,16.975000000000001,2.2250000000000001
10.575000000000001,16.975000000000001,2.7750000000000004
10.575000000000001,16.975000000000001,2.875
10.575000000000001,16.975000000000001,2.9750000000000001
10.575000000000001,16.975000000000001,3.0750000000000002
10.575000000000001,16.975000000000001,3.125
10.625,16.975000000000001,1.8250000000000002
10.625,16.975000000000001,1.875
10.625,16.975000000000001,1.925
10.625,16.975000000000001,1.9750000000000001
10.625,16.975000000000001,2.0249999999999999
10.625,16.975000000000001,2.0750000000000002
10.625,16.975000000000001,2.125
10.625,16.975000000000001,2.1750000000000003
10.625,16.975000000000001,2.2250000000000001
10.625,16.975000000000001,2.2749999999999999
10.625,16.975000000000001,2.3250000000000002
10.625,16.975000000000001,2.375
10.625,16.975000000000001,2.4250000000000003
10.625,16.975000000000001,2.4750000000000001
10.625,16.975000000000001,2.5250000000000004
10.625,16.975000000000001,2.5750000000000002
10.625,16.975000000000001,2.625
10.625,16.975000000000001,2.6750000000000003
10.625,16.975000000000001,2.7250000000000001
10.625,16.975000000000001,2.7750000000000004
10.625,16.975000000000001,2.8250000000000002
10.625,16.975000000000001,2.875
10.625,16.975000000000001,2.9250000000000003
10.625,16.975000000000001,2.9750000000000001
10.625,16.975000000000001,3.0250000000000004
10.625,16.975000000000001,3.0750000000000002
10.625,16.975000000000001,3.125
10.625,17.025000000000002,1.8250000000000002
10.625,17.025000000000002,1.875
10.625,17.025000000000002,1.925
10.625,17.025000000000002,1.9750000000000001
10.625,17.025000000000002,2.0249999999999999
10.625,17.025000000000002,2.0750000000000002
10.625,17.025000000000002,2.125
10.625,17.025000000000002,2.1750000000000003
10.625,17.025000000000002,2.2250000000000001
10.625,17.025000000000002,2.2749999999999999
10.625,17.025000000000002,2.3250000000000002
10.625,17.025000000000002,2.375
10.625,17.025000000000002,2.4250000000000003
10.625,17.025000000000002,2.4750000000000001
10.625,17.025000000000002,2.5250000000000004
10.625,17.025000000000002,2.5750000000000002
10.625,17.025000000000002,2.625
10.625,17.025000000000002,2.6750000000000003
10.625,17.025000000000002,2.7250000000000001
10.625,17.025000000000002,2.7750000000000004
10.625,17.025000000000002,2.8250000000000002
10.625,17.025000000000002,2.875
10.625,17.025000000000002,2.9250000000000003
10.625,17.025000000000002,2.9750000000000001
10.625,17.025000000000002,3.0250000000000004
10.625,17.025000000000002,3.0750000000000002
10.625,17.025000000000002,3.125
10.675000000000001,17.025000000000002,1.8250000000000002
10.675000000000001,17.025000000000002,1.875
10.675000000000001,17.025000000000002,1.925
10.675000000000001,17.025000000000002,1.9750000000000001
10.675000000000001,17.025000000000002,2.0249999999999999
10.675000000000001,17.025000000000002,2.0750000000000002
10.675000000000001,17.025000000000002,2.125
10.675000000000001,17.025000000000002,2.1750000000000003
10.675000000000001,17.025000000000002,2.2250000000000001
10.675000000000001,17.025000000000002,2.2749999999999999
10.675000000000001,17.025000000000002,2.3250000000000002
10.675000000000001,17.025000000000002,2.375
10.675000000000001,17.025000000000002,2.4250000000000003
10.675000000000001,17.025000000000002,2.4750000000000001
10.675000000000001,17.025000000000002,2.5250000000000004
10.675000000000001,17.025000000000002,2.5750000000000002
10.675000000000001,17.025000000000002,2.625
10.675000000000001,17.025000000000002,2.6750000000000003
10.675000000000001,17.025000000000002,2.7250000000000001
10.675000000000001,17.025000000000002,2.7750000000000004
10.675000000000001,17.025000000000002,2.8250000000000002
10.675000000000001,17.025000000000002,2.875
10.675000000000001,17.025000000000002,2.9250000000000003
10.675000000000001,17.025000000000002,2.9750000000000001
10.675000000000001,17.025000000000002,3.0250000000000004
10.675000000000001,17.025000000000002,3.0750000000000002
10.675000000000001,17.025000000000002,3.125
10.675000000000001,17.074999999999999,1.8250000000000002
10.675000000000001,17.074999999999999,1.875
10.675000000000001,17.074999999999999,1.925
10.675000000000001,17.074999999999999,1.9750000000000001
10.675000000000001,17.074999999999999,2.0249999999999999
10.675000000000001,17.074999999999999,2.0750000000000002
10.675000000000001,17.074999999999999,2.125
10.675000000000001,17.074999999999999,2.1750000000000003
10.675000000000001,17.074999999999999,2.2250000000000001
10.675000000000001,17.074999999999999,2.2749999999999999
10.675000000000001,17.074999999999999,2.3250000000000002
10.675000000000001,17.074999999999999,2.375
10.675000000000001,17.074999999999999,2.4250000000000003
10.675000000000001,17.074999999999999,2.4750000000000001
10.675000000000001,17.074999999999999,2.5250000000000004
10.675000000000001,17.074999999999999,2.5750000000000002
10.675000000000001,17.074999999999999,2.625
10.675000000000001,17.074999999999999,2.6750000000000003
10.675000000000001,17.074999999999999,2.7250000000000001
10.675000000000001,17.074999999999999,2.7750000000000004
10.675000000000001,17.074999999999999,2.8250000000000002
10.675000000000001,17.074999999999999,2.875
10.675000000000001,17.074999999999999,2.9250000000000003
10.675000000000001,17.074999999999999,2.9750000000000001
10.675000000000001,17.074999999999999,3.0250000000000004
10.675000000000001,17.074999999999999,3.0750000000000002
10.675000000000001,17.074999999999999,3.125
10.675000000000001,17.125,1.8250000000000002
10.725000000000001,17.074999999999999,1.8250000000000002
10.725000000000001,17.074999999999999,1.875
10.725000000000001,17.074999999999999,1.925
10.725000000000001,17.074999999999999,1.9750000000000001
10.725000000000001,17.074999999999999,2.0249999999999999
10.725000000000001,17.074999999999999,2.0750000000000002
10.725000000000001,17.074999999999999,2.125
10.725000000000001,17.074999999999999,2.1750000000000003
10.725000000000001,17.074999999999999,2.2250000000000001
10.725000000000001,17.074999999999999,2.2749999999999999
10.725000000000001,17.074999999999999,2.3250000000000002
10.725000000000001,17.074999999999999,2.375
10.725000000000001,17.074999999999999,2.4250000000000003
10.725000000000001,17.074999999999999,2.4750000000000001
10.725000000000001,17.074999999999999,2.5250000000000004
10.725000000000001,17.074999999999999,2.5750000000000002
10.725000000000001,17.074999999999999,2.625
10.725000000000001,17.074999999999999,2.6750000000000003
10.725000000000001,17.074999999999999,2.7250000000000001
10.725000000000001,17.074999999999999,2.7750000000000004
10.725000000000001,17.074999999999999,2.8250000000000002
10.725000000000001,17.074999999999999,2.875
10.725000000000001,17.074999999999999,2.9250000000000003
10.725000000000001,17.074999999999999,2.9750000000000001
10.725000000000001,17.074999999999999,3.0250000000000004
10.725000000000001,17.074999999999999,3.0750000000000002
10.725000000000001,17.074999999999999,3.125
10.725000000000001,17.125,1.8250000000000002
10.725000000000001,17.125,1.875
10.725000000000001,17.125,1.925
10.725000000000001,17.125,1.9750000000000001
10.725000000000001,17.125,2.0249999999999999
10.725000000000001,17.125,2.0750000000000002
10.725000000000001,17.125,2.125
10.725000000000001,17.125,2.1750000000000003
10.725000000000001,17.125,2.2250000000000001
10.725000000000001,17.125,2.2749999999999999
10.725000000000001,17.125,2.3250000000000002
10.725000000000001,17.125,2.375
10.725000000000001,17.125,2.4250000000000003
10.725000000000001,17.125,2.4750000000000001
10.725000000000001,17.125,2.5250000000000004
10.725000000000001,17.125,2.5750000000000002
10.725000000000001,17.125,2.625
10.725000000000001,17.125,2.6750000000000003
10.725000000000001,17.125,2.7250000000000001
10.725000000000001,17.125,2.7750000000000004
10.725000000000001,17.125,2.8250000000000002
10.725000000000001,17.125,2.875
10.725000000000001,17.125,2.9250000000000003
10.725000000000001,17.125,2.9750000000000001
10.725000000000001,17.125,3.0250000000000004
10.725000000000001,17.125,3.0750000000000002
10.725000000000001,17.125,3.125
10.725000000000001,17.175000000000001,1.8250000000000002
10.725000000000001,17.175000000000001,1.925
10.725000000000001,17.175000000000001,1.9750000000000001
10.725000000000001,17.175000000000001,2.125
8.4749999999999996,18.275000000000002,2.1750000000000003
8.4749999999999996,18.275000000000002,2.2749999999999999
8.4749999999999996,18.275000000000002,2.375
8.4749999999999996,18.275000000000002,2.4750000000000001
8.4749999999999996,18.275000000000002,2.5250000000000004
8.4749999999999996,18.275000000000002,2.5750000000000002
8.4749999999999996,18.275000000000002,2.625
8.4749999999999996,18.275000000000002,2.6750000000000003
8.4749999999999996,18.275000000000002,2.7250000000000001
8.4749999999999996,18.275000000000002,2.7750000000000004
8.4749999999999996,18.275000000000002,2.8250000000000002
8.4749999999999996,18.275000000000002,2.9250000000000003
8.4749999999999996,18.275000000000002,3.0250000000000004
8.4749999999999996,18.324999999999999,1.8250000000000002
8.4749999999999996,18.324999999999999,1.875
8.4749999999999996,18.324999999999999,1.925
8.4749999999999996,18.324999999999999,1.9750000000000001
8.4749999999999996,18.324999999999999,2.0249999999999999
8.4749999999999996,18.324999999999999,2.0750000000000002
8.4749999999999996,18.324999999999999,2.125
8.4749999999999996,18.324999999999999,2.1750000000000003
8.4749999999999996,18.324999999999999,2.2250000000000001
8.4749999999999996,18.324999999999999,2.2749999999999999
8.4749999999999996,18.324999999999999,2.3250000000000002
8.4749999999999996,18.324999999999999,2.375
8.4749999999999996,18.324999999999999,2.4250000000000003
8.4749999999999996,18.324999999999999,2.4750000000000001
8.4749999999999996,18.324999999999999,2.5250000000000004
8.4749999999999996,18.324999999999999,2.5750000000000002
8.4749999999999996,18.324999999999999,2.625
8.4749999999999996,18.324999999999999,2.6750000000000003
8.4749999999999996,18.324999999999999,2.7250000000000001
8.4749999999999996,18.324999999999999,2.7750000000000004
8.4749999999999996,18.324999999999999,2.8250000000000002
8.4749999999999996,18.324999999999999,2.875
8.4749999999999996,18.324999999999999,2.9250000000000003
8.4749999999999996,18.324999999999999,2.9750000000000001
8.4749999999999996,18.324999999999999,3.0250000000000004
8.4749999999999996,18.324999999999999,3.0750000000000002
8.4749999999999996,18.324999999999999,3.125
8.4749999999999996,18.375,1.8250000000000002
8.4749999999999996,18.375,1.875
8.4749999999999996,18.375,1.925
8.4749999999999996,18.375,1.9750000000000001
8.4749999999999996,18.375,2.0249999999999999
8.4749999999999996,18.375,2.0750000000000002
8.4749999999999996,18.375,2.125
8.4749999999999996,18.375,2.1750000000000003
8.4749999999999996,18.375,2.2250000000000001
8.4749999999999996,18.375,2.2749999999999999
8.4749999999999996,18.375,2.3250000000000002
8.4749999999999996,18.375,2.375
8.4749999999999996,18.375,2.4250000000000003
8.4749999999999996,18.375,2.4750000000000001
8.4749999999999996,18.375,2.5250000000000004
8.4749999999999996,18.375,2.5750000000000002
8.4749999999999996,18.375,2.625
8.4749999999999996,18.375,2.6750000000000003
8.4749999999999996,18.375,2.7250000000000001
8.4749999999999996,18.375,2.7750000000000004
8.4749999999999996,18.375,2.8250000000000002
8.4749999999999996,18.375,2.875
8.4749999999999996,18.375,2.9250000000000003
8.4749999999999996,18.375,2.9750000000000001
8.4749999999999996,18.375,3.0250000000000004
8.4749999999999996,18.375,3.0750000000000002
8.4749999999999996,18.375,3.125
8.4749999999999996,18.425000000000001,1.8250000000000002
8.4749999999999996,18.425000000000001,1.925
8.4749999999999996,18.425000000000001,2.0249999999999999
8.4749999999999996,18.425000000000001,2.2250000000000001
8.4749999999999996,18.425000000000001,2.3250000000000002
8.4749999999999996,18.425000000000001,3.0750000000000002
8.5250000000000004,18.324999999999999,1.875
8.5250000000000004,18.324999999999999,1.9750000000000001
8.5250000000000004,18.324999999999999,2.0750000000000002
8.5250000000000004,18.324999999999999,2.1750000000000003
8.5250000000000004,18.324999999999999,2.2250000000000001
8.5250000000000004,18.324999999999999,2.2749999999999999
8.5250000000000004,18.324999999999999,2.3250000000000002
8.5250000000000004,18.324999999999999,2.375
8.5250000000000004,18.324999999999999,2.4250000000000003
8.5250000000000004,18.324999999999999,2.4750000000000001
8.5250000000000004,18.324999999999999,2.5250000000000004
8.5250000000000004,18.324999999999999,2.5750000000000002
8.5250000000000004,18.324999999999999,2.625
8.5250000000000004,18.324999999999999,2.6750000000000003
8.5250000000000004,18.324999999999999,2.7250000000000001
8.5250000000000004,18.324999999999999,2.7750000000000004
8.5250000000000004,18.324999999999999,2.8250000000000002
8.5250000000000004,18.324999999999999,2.875
8.5250000000000004,18.324999999999999,2.9250000000000003
8.5250000000000004,18.324999999999999,2.9750000000000001
8.5250000000000004,18.324999999999999,3.0250000000000004
8.5250000000000004,18.324999999999999,3.0750000000000002
8.5250000000000004,18.324999999999999,3.125
8.5250000000000004,18.375,1.8250000000000002
8.5250000000000004,18.375,1.875
8.5250000000000004,18.375,1.925
8.5250000000000004,18.375,1.9750000000000001
8.5250000000000004,18.375,2.0249999999999999
8.5250000000000004,18.375,2.0750000000000002
8.5250000000000004,18.375,2.125
8.5250000000000004,18.375,2.1750000000000003
8.5250000000000004,18.375,2.2250000000000001
8.5250000000000004,18.375,2.2749999999999999
8.5250000000000004,18.375,2.3250000000000002
8.5250000000000004,18.375,2.375
8.5250000000000004,18.375,2.4250000000000003
8.5250000000000004,18.375,2.4750000000000001
8.5250000000000004,18.375,2.5250000000000004
8.5250000000000004,18.375,2.5750000000000002
8.5250000000000004,18.375,2.625
8.5250000000000004,18.375,2.6750000000000003
8.5250000000000004,18.375,2.7250000000000001
8.5250000000000004,18.375,2.7750000000000004
8.5250000000000004,18.375,2.8250000000000002
8.5250000000000004,18.375,2.875
8.5250000000000004,18.375,2.9250000000000003
8.5250000000000004,18.375,2.9750000000000001
8.5250000000000004,18.375,3.0250000000000004
8.5250000000000004,18.375,3.0750000000000002
8.5250000000000004,18.375,3.125
8.5250000000000004,18.425000000000001,1.8250000000000002
8.5250000000000004,18.425000000000001,1.875
8.5250000000000004,18.425000000000001,1.925
8.5250000000000004,18.425000000000001,1.9750000000000001
8.5250000000000004,18.425000000000001,2.0249999999999999
8.5250000000000004,18.425000000000001,2.0750000000000002
8.5250000000000004,18.425000000000001,2.125
8.5250000000000004,18.425000000000001,2.1750000000000003
8.5250000000000004,18.425000000000001,2.2250000000000001
8.5250000000000004,18.425000000000001,2.2749999999999999
8.5250000000000004,18.425000000000001,2.3250000000000002
8.5250000000000004,18.425000000000001,2.9750000000000001
8.5250000000000004,18.425000000000001,3.0750000000000002
8.5250000000000004,18.425000000000001,3.125
8.5750000000000011,18.324999999999999,2.1750000000000003
8.5750000000000011,18.324999999999999,2.2749999999999999
8.5750000000000011,18.324999999999999,2.375
8.5750000000000011,18.324999999999999,2.4750000000000001
8.5750000000000011,18.324999999999999,2.5250000000000004
8.5750000000000011,18.324999999999999,2.5750000000000002
8.5750000000000011,18.324999999999999,2.625
8.5750000000000011,18.324999999999999,2.6750000000000003
8.5750000000000011,18.324999999999999,2.7250000000000001
8.5750000000000011,18.324999999999999,2.7750000000000004
8.5750000000000011,18.324999999999999,2.8250000000000002
8.5750000000000011,18.324999999999999,2.875
8.5750000000000011,18.324999999999999,2.9250000000000003
8.5750000000000011,18.324999999999999,3.0250000000000004
8.5750000000000011,18.324999999999999,3.125
8.5750000000000011,18.375,1.8250000000000002
8.5750000000000011,18.375,1.875
8.5750000000000011,18.375,1.925
8.5750000000000011,18.375,1.9750000000000001
8.5750000000000011,18.375,2.0249999999999999
8.5750000000000011,18.375,2.0750000000000002
8.5750000000000011,18.375,2.125
8.5750000000000011,18.375,2.1750000000000003
8.5750000000000011,18.375,2.2250000000000001
8.5750000000000011,18.375,2.2749999999999999
8.5750000000000011,18.375,2.3250000000000002
8.5750000000000011,18.375,2.375
8.5750000000000011,18.375,2.4250000000000003
8.5750000000000011,18.375,2.4750000000000001
8.5750000000000011,18.375,2.5250000000000004
8.5750000000000011,18.375,2.5750000000000002
8.5750000000000011,18.375,2.625
8.5750000000000011,18.375,2.6750000000000003
8.5750000000000011,18.375,2.7250000000000001
8.5750000000000011,18.375,2.7750000000000004
8.5750000000000011,18.375,2.8250000000000002
8.5750000000000011,18.375,2.875
8.5750000000000011,18.375,2.9250000000000003
8.5750000000000011,18.375,2.9750000000000001
8.5750000000000011,18.375,3.0250000000000004
8.5750000000000011,18.375,3.0750000000000002
8.5750000000000011,18.375,3.125
8.5750000000000011,18.425000000000001,1.8250000000000002
8.5750000000000011,18.425000000000001,1.875
8.5750000000000011,18.425000000000001,1.925
8.5750000000000011,18.425000000000001,1.9750000000000001
8.5750000000000011,18.425000000000001,2.0249999999999999
8.5750000000000011,18.425000000000001,2.0750000000000002
8.5750000000000011,18.425000000000001,2.125
8.5750000000000011,18.425000000000001,2.1750000000000003
8.5750000000000011,18.425000000000001,2.2250000000000001
8.5750000000000011,18.425000000000001,2.2749999999999999
8.5750000000000011,18.425000000000001,2.3250000000000002
8.5750000000000011,18.425000000000001,2.375
8.5750000000000011,18.425000000000001,2.4250000000000003
8.5750000000000011,18.425000000000001,2.9750000000000001
8.5750000000000011,18.425000000000001,3.0750000000000002
8.5750000000000011,18.425000000000001,3.125
8.625,18.375,1.875
8.625,18.375,1.9750000000000001
8.625,18.375,2.0750000000000002
8.625,18.375,2.125
8.625,18.375,2.1750000000000003
8.625,18.375,2.2250000000000001
8.625,18.375,2.2749999999999999
8.625,18.375,2.3250000000000002
8.625,18.375,2.375
8.625,18.375,2.4250000000000003
8.625,18.375,2.4750000000000001
8.625,18.375,2.5250000000000004
8.625,18.375,2.5750000000000002
8.625,18.375,2.625
8.625,18.375,2.6750000000000003
8.625,18.375,2.7250000000000001
8.625,18.375,2.7750000000000004
8.625,18.375,2.8250000000000002
8.625,18.375,2.875
8.625,18.375,2.9250000000000003
8.625,18.375,2.9750000000000001
8.625,18.375,3.0250000000000004
8.625,18.375,3.0750000000000002
8.625,18.375,3.125
8.625,18.425000000000001,1.8250000000000002
8.625,18.425000000000001,1.875
8.625,18.425000000000001,1.925
8.625,18.425000000000001,1.9750000000000001
8.625,18.425000000000001,2.0249999999999999
8.625,18.425000000000001,2.0750000000000002
8.625,18.425000000000001,2.125
8.625,18.425000000000001,2.1750000000000003
8.625,18.425000000000001,2.2250000000000001
8.625,18.425000000000001,2.2749999999999999
8.625,18.425000000000001,2.3250000000000002
8.625,18.425000000000001,2.375
8.625,18.425000000000001,2.4250000000000003
8.625,18.425000000000001,2.4750000000000001
8.625,18.425000000000001,2.5250000000000004
8.625,18.425000000000001,2.5750000000000002
8.625,18.425000000000001,2.625
8.625,18.425000000000001,2.6750000000000003
8.625,18.425000000000001,2.7250000000000001
8.625,18.425000000000001,2.7750000000000004
8.625,18.425000000000001,2.8250000000000002
8.625,18.425000000000001,2.875
8.625,18.425000000000001,2.9250000000000003
8.625,18.425000000000001,2.9750000000000001
8.625,18.425000000000001,3.0250000000000004
8.625,18.425000000000001,3.0750000000000002
8.625,18.425000000000001,3.125
8.625,18.475000000000001,1.8250000000000002
8.6750000000000007,18.375,1.875
8.6750000000000007,18.375,1.9750000000000001
8.6750000000000007,18.375,2.0750000000000002
8.6750000000000007,18.375,2.1750000000000003
8.6750000000000007,18.375,2.2250000000000001
8.6750000000000007,18.375,2.2749999999999999
8.6750000000000007,18.375,2.3250000000000002
8.6750000000000007,18.375,2.375
8.6750000000000007,18.375,2.4250000000000003
8.6750000000000007,18.375,2.4750000000000001
8.6750000000000007,18.375,2.5250000000000004
8.6750000000000007,18.375,2.5750000000000002
8.6750000000000007,18.375,2.625
8.6750000000000007,18.375,2.6750000000000003
8.6750000000000007,18.375,2.7250000000000001
8.6750000000000007,18.375,2.7750000000000004
8.6750000000000007,18.375,2.8250000000000002
8.6750000000000007,18.375,2.875
8.6750000000000007,18.375,2.9250000000000003
8.6750000000000007,18.375,2.9750000000000001
8.6750000000000007,18.375,3.0250000000000004
8.6750000000000007,18.375,3.0750000000000002
8.6750000000000007,18.375,3.125
8.6750000000000007,18.425000000000001,1.8250000000000002
8.6750000000000007,18.425000000000001,1.875
8.6750000000000007,18.425000000000001,1.925
8.6750000000000007,18.425000000000001,1.9750000000000001
8.6750000000000007,18.425000000000001,2.0249999999999999
8.6750000000000007,18.425000000000001,2.0750000000000002
8.6750000000000007,18.425000000000001,2.125
8.6750000000000007,18.425000000000001,2.1750000000000003
8.6750000000000007,18.425000000000001,2.2250000000000001
8.6750000000000007,18.425000000000001,2.2749999999999999
8.6750000000000007,18.425000000000001,2.3250000000000002
8.6750000000000007,18.425000000000001,2.375
8.6750000000000007,18.425000000000001,2.4250000000000003
8.6750000000000007,18.425000000000001,2.4750000000000001
8.6750000000000007,18.425000000000001,2.5250000000000004
8.6750000000000007,18.425000000000001,2.5750000000000002
8.6750000000000007,18.425000000000001,2.625
8.6750000000000007,18.425000000000001,2.6750000000000003
8.6750000000000007,18.425000000000001,2.7250000000000001
8.6750000000000007,18.425000000000001,2.7750000000000004
8.6750000000000007,18.425000000000001,2.8250000000000002
8.6750000000000007,18.425000000000001,2.875
8.6750000000000007,18.425000000000001,2.9250000000000003
8.6750000000000007,18.425000000000001,2.9750000000000001
8.6750000000000007,18.425000000000001,3.0250000000000004
8.6750000000000007,18.425000000000001,3.0750000000000002
8.6750000000000007,18.425000000000001,3.125
8.6750000000000007,18.475000000000001,1.8250000000000002
8.6750000000000007,18.475000000000001,1.925
8.6750000000000007,18.475000000000001,2.0249999999999999
8.6750000000000007,18.475000000000001,2.125
8.6750000000000007,18.475000000000001,2.2250000000000001
8.6750000000000007,18.475000000000001,3.0750000000000002
8.7249999999999996,18.375,1.875
8.7249999999999996,18.375,1.9750000000000001
8.7249999999999996,18.375,2.0750000000000002
8.7249999999999996,18.375,2.1750000000000003
8.7249999999999996,18.375,2.2749999999999999
8.7249999999999996,18.375,2.3250000000000002
8.7249999999999996,18.375,2.375
8.7249999999999996,18.375,2.4250000000000003
8.7249999999999996,18.375,2.4750000000000001
8.7249999999999996,18.375,2.5250000000000004
8.7249999999999996,18.375,2.5750000000000002
8.7249999999999996,18.375,2.625
8.7249999999999996,18.375,2.6750000000000003
8.7249999999999996,18.375,2.7250000000000001
8.7249999999999996,18.375,2.7750000000000004
8.7249999999999996,18.375,2.8250000000000002
8.7249999999999996,18.375,2.875
8.7249999999999996,18.375,2.9250000000000003
8.7249999999999996,18.375,2.9750000000000001
8.7249999999999996,18.375,3.0250000000000004
8.7249999999999996,18.375,3.0750000000000002
8.7249999999999996,18.375,3.125
8.7249999999999996,18.425000000000001,1.8250000000000002
8.7249999999999996,18.425000000000001,1.875
8.7249999999999996,18.425000000000001,1.925
8.7249999999999996,18.425000000000001,1.9750000000000001
8.7249999999999996,18.425000000000001,2.0249999999999999
8.7249999999999996,18.425000000000001,2.0750000000000002
8.7249999999999996,18.425000000000001,2.125
8.7249999999999996,18.425000000000001,2.1750000000000003
8.7249999999999996,18.425000000000001,2.2250000000000001
8.7249999999999996,18.425000000000001,2.2749999999999999
8.7249999999999996,18.425000000000001,2.3250000000000002
8.7249999999999996,18.425000000000001,2.375
8.7249999999999996,18.425000000000001,2.4250000000000003
8.7249999999999996,18.425000000000001,2.4750000000000001
8.7249999999999996,18.425000000000001,2.5250000000000004
8.7249999999999996,18.425000000000001,2.5750000000000002
8.7249999999999996,18.425000000000001,2.625
8.7249999999999996,18.425000000000001,2.6750000000000003
8.7249999999999996,18.425000000000001,2.7250000000000001
8.7249999999999996,18.425000000000001,2.7750000000000004
8.7249999999999996,18.425000000000001,2.8250000000000002
8.7249999999999996,18.425000000000001,2.875
8.7249999999999996,18.425000000000001,2.9250000000000003
8.7249999999999996,18.425000000000001,2.9750000000000001
8.7249999999999996,18.425000000000001,3.0250000000000004
8.7249999999999996,18.425000000000001,3.0750000000000002
8.7249999999999996,18.425000000000001,3.125
8.7249999999999996,18.475000000000001,1.8250000000000002
8.7249999999999996,18.475000000000001,1.925
8.7249999999999996,18.475000000000001,2.0249999999999999
8.7249999999999996,18.475000000000001,2.125
8.7249999999999996,18.475000000000001,2.2250000000000001
8.7249999999999996,18.475000000000001,2.3250000000000002
8.7249999999999996,18.475000000000001,2.9750000000000001
8.7249999999999996,18.475000000000001,3.0750000000000002
8.7750000000000004,18.375,1.875
8.7750000000000004,18.375,1.9750000000000001
8.7750000000000004,18.375,2.0750000000000002
8.7750000000000004,18.375,2.1750000000000003
8.7750000000000004,18.375,2.2749999999999999
8.7750000000000004,18.375,2.3250000000000002
8.7750000000000004,18.375,2.375
8.7750000000000004,18.375,2.4250000000000003
8.7750000000000004,18.375,2.4750000000000001
8.7750000000000004,18.375,2.5250000000000004
8.7750000000000004,18.375,2.5750000000000002
8.7750000000000004,18.375,2.625
8.7750000000000004,18.375,2.6750000000000003
8.7750000000000004,18.375,2.7250000000000001
8.7750000000000004,18.375,2.7750000000000004
8.7750000000000004,18.375,2.8250000000000002
8.7750000000000004,18.375,2.875
8.7750000000000004,18.375,2.9250000000000003
8.7750000000000004,18.375,2.9750000000000001
8.7750000000000004,18.375,3.0250000000000004
8.7750000000000004,18.375,3.0750000000000002
8.7750000000000004,18.375,3.125
8.7750000000000004,18.425000000000001,1.8250000000000002
8.7750000000000004,18.425000000000001,1.875
8.7750000000000004,18.425000000000001,1.925
8.7750000000000004,18.425000000000001,1.9750000000000001
8.7750000000000004,18.425000000000001,2.0249999999999999
8.7750000000000004,18.425000000000001,2.0750000000000002
8.7750000000000004,18.425000000000001,2.125
8.7750000000000004,18.425000000000001,2.1750000000000003
8.7750000000000004,18.425000000000001,2.2250000000000001
8.7750000000000004,18.425000000000001,2.2749999999999999
8.7750000000000004,18.425000000000001,2.3250000000000002
8.7750000000000004,18.425000000000001,2.375
8.7750000000000004,18.425000000000001,2.4250000000000003
8.7750000000000004,18.425000000000001,2.4750000000000001
8.7750000000000004,18.425000000000001,2.5250000000000004
8.7750000000000004,18.425000000000001,2.5750000000000002
8.7750000000000004,18.425000000000001,2.625
8.7750000000000004,18.425000000000001,2.6750000000000003
8.7750000000000004,18.425000000000001,2.7250000000000001
8.7750000000000004,18.425000000000001,2.7750000000000004
8.7750000000000004,18.425000000000001,2.8250000000000002
8.7750000000000004,18.425000000000001,2.875
8.7750000000000004,18.425000000000001,2.9250000000000003
8.7750000000000004,18.425000000000001,2.9750000000000001
8.7750000000000004,18.425000000000001,3.0250000000000004
8.7750000000000004,18.425000000000001,3.0750000000000002
8.7750000000000004,18.425000000000001,3.125
8.7750000000000004,18.475000000000001,1.8250000000000002
8.7750000000000004,18.475000000000001,1.925
8.7750000000000004,18.475000000000001,2.0249999999999999
8.7750000000000004,18.475000000000001,2.125
8.7750000000000004,18.475000000000001,2.2250000000000001
8.7750000000000004,18.475000000000001,2.3250000000000002
8.7750000000000004,18.475000000000001,2.875
8.7750000000000004,18.475000000000001,2.9750000000000001
8.7750000000000004,18.475000000000001,3.0750000000000002
8.8250000000000011,18.375,1.875
8.8250000000000011,18.375,1.9750000000000001
8.8250000000000011,18.375,2.0750000000000002
8.8250000000000011,18.375,2.1750000000000003
8.8250000000000011,18.375,2.2250000000000001
8.8250000000000011,18.375,2.2749999999999999
8.8250000000000011,18.375,2.3250000000000002
8.8250000000000011,18.375,2.375
8.8250000000000011,18.375,2.4250000000000003
8.8250000000000011,18.375,2.4750000000000001
8.8250000000000011,18.375,2.5250000000000004
8.8250000000000011,18.375,2.5750000000000002
8.8250000000000011,18.375,2.625
8.8250000000000011,18.375,2.6750000000000003
8.8250000000000011,18.375,2.7250000000000001
8.8250000000000011,18.375,2.7750000000000004
8.8250000000000011,18.375,2.8250000000000002
8.8250000000000011,18.375,2.875
8.8250000000000011,18.375,2.9250000000000003
8.8250000000000011,18.375,2.9750000000000001
8.8250000000000011,18.375,3.0250000000000004
8.8250000000000011,18.375,3.0750000000000002
8.8250000000000011,18.375,3.125
8.8250000000000011,18.425000000000001,1.8250000000000002
8.8250000000000011,18.425000000000001,1.875
8.8250000000000011,18.425000000000001,1.925
8.8250000000000011,18.425000000000001,1.9750000000000001
8.8250000000000011,18.425000000000001,2.0249999999999999
8.8250000000000011,18.425000000000001,2.0750000000000002
8.8250000000000011,18.425000000000001,2.125
8.8250000000000011,18.425000000000001,2.1750000000000003
8.8250000000000011,18.425000000000001,2.2250000000000001
8.8250000000000011,18.425000000000001,2.2749999999999999
8.8250000000000011,18.425000000000001,2.3250000000000002
8.8250000000000011,18.425000000000001,2.375
8.8250000000000011,18.425000000000001,2.4250000000000003
8.8250000000000011,18.425000000000001,2.4750000000000001
8.8250000000000011,18.425000000000001,2.5250000000000004
8.8250000000000011,18.425000000000001,2.5750000000000002
8.8250000000000011,18.425000000000001,2.625
8.8250000000000011,18.425000000000001,2.6750000000000003
8.8250000000000011,18.425000000000001,2.7250000000000001
8.8250000000000011,18.425000000000001,2.7750000000000004
8.8250000000000011,18.425000000000001,2.8250000000000002
8.8250000000000011,18.425000000000001,2.875
8.8250000000000011,18.425000000000001,2.9250000000000003
8.8250000000000011,18.425000000000001,2.9750000000000001
8.8250000000000011,18.425000000000001,3.0250000000000004
8.8250000000000011,18.425000000000001,3.0750000000000002
8.8250000000000011,18.425000000000001,3.125
8.8250000000000011,18.475000000000001,1.8250000000000002
8.8250000000000011,18.475000000000001,1.925
8.8250000000000011,18.475000000000001,2.0249999999999999
8.8250000000000011,18.475000000000001,2.125
8.8250000000000011,18.475000000000001,2.4250000000000003
8.8250000000000011,18.475000000000001,2.875
8.8250000000000011,18.475000000000001,2.9750000000000001
8.8250000000000011,18.475000000000001,3.0750000000000002
8.875,18.375,1.875
8.875,18.375,1.9750000000000001
8.875,18.375,2.0750000000000002
8.875,18.375,2.125
8.875,18.375,2.1750000000000003
8.875,18.375,2.2250000000000001
8.875,18.375,2.2749999999999999
8.875,18.375,2.3250000000000002
8.875,18.375,2.375
8.875,18.375,2.4250000000000003
8.875,18.375,2.4750000000000001
8.875,18.375,2.5250000000000004
8.875,18.375,2.5750000000000002
8.875,18.375,2.625
8.875,18.375,2.6750000000000003
8.875,18.375,2.7250000000000001
8.875,18.375,2.7750000000000004
8.875,18.375,2.8250000000000002
8.875,18.375,2.875
8.875,18.375,2.9250000000000003
8.875,18.375,2.9750000000000001
8.875,18.375,3.0250000000000004
8.875,18.375,3.0750000000000002
8.875,18.375,3.125
8.875,18.425000000000001,1.8250000000000002
8.875,18.425000000000001,1.875
8.875,18.425000000000001,1.925
8.875,18.425000000000001,1.9750000000000001
8.875,18.425000000000001,2.0249999999999999
8.875,18.425000000000001,2.0750000000000002
8.875,18.425000000000001,2.125
8.875,18.425000000000001,2.1750000000000003
8.875,18.425000000000001,2.2250000000000001
8.875,18.425000000000001,2.2749999999999999
8.875,18.425000000000001,2.3250000000000002
8.875,18.425000000000001,2.375
8.875,18.425000000000001,2.4250000000000003
8.875,18.425000000000001,2.4750000000000001
8.875,18.425000000000001,2.5250000000000004
8.875,18.425000000000001,2.5750000000000002
8.875,18.425000000000001,2.625
8.875,18.425000000000001,2.6750000000000003
8.875,18.425000000000001,2.7250000000000001
8.875,18.425000000000001,2.7750000000000004
8.875,18.425000000000001,2.8250000000000002
8.875,18.425000000000001,2.875
8.875,18.425000000000001,2.9250000000000003
8.875,18.425000000000001,2.9750000000000001
8.875,18.425000000000001,3.0250000000000004
8.875,18.425000000000001,3.0750000000000002
8.875,18.425000000000001,3.125
8.875,18.475000000000001,3.0750000000000002
8.9250000000000007,18.324999999999999,2.2749999999999999
8.9250000000000007,18.375,1.875
8.9250000000000007,18.375,1.925
8.9250000000000007,18.375,1.9750000000000001
8.9250000000000007,18.375,2.0249999999999999
8.9250000000000007,18.375,2.0750000000000002
8.9250000000000007,18.375,2.125
8.9250000000000007,18.375,2.1750000000000003
8.9250000000000007,18.375,2.2250000000000001
8.9250000000000007,18.375,2.2749999999999999
8.9250000000000007,18.375,2.3250000000000002
8.9250000000000007,18.375,2.375
8.9250000000000007,18.375,2.4250000000000003
8.9250000000000007,18.375,2.4750000000000001
8.9250000000000007,18.375,2.5250000000000004
8.9250000000000007,18.375,2.5750000000000002
8.9250000000000007,18.375,2.625
8.9250000000000007,18.375,2.6750000000000003
8.9250000000000007,18.375,2.7250000000000001
8.9250000000000007,18.375,2.7750000000000004
8.9250000000000007,18.375,2.8250000000000002
8.9250000000000007,18.375,2.875
8.9250000000000007,18.375,2.9250000000000003
8.9250000000000007,18.375,2.9750000000000001
8.9250000000000007,18.375,3.0250000000000004
8.9250000000000007,18.375,3.0750000000000002
8.9250000000000007,18.375,3.125
8.9250000000000007,18.425000000000001,1.8250000000000002
8.9250000000000007,18.425000000000001,1.875
8.9250000000000007,18.425000000000001,1.925
8.9250000000000007,18.425000000000001,1.9750000000000001
8.9250000000000007,18.425000000000001,2.0249999999999999
8.9250000000000007,18.425000000000001,2.0750000000000002
8.9250000000000007,18.425000000000001,2.125
8.9250000000000007,18.425000000000001,2.1750000000000003
8.9250000000000007,18.425000000000001,2.2250000000000001
8.9250000000000007,18.425000000000001,2.2749999999999999
8.9250000000000007,18.425000000000001,2.3250000000000002
8.9250000000000007,18.425000000000001,2.375
8.9250000000000007,18.425000000000001,2.4250000000000003
8.9250000000000007,18.425000000000001,2.4750000000000001
8.9250000000000007,18.425000000000001,2.5250000000000004
8.9250000000000007,18.425000000000001,2.5750000000000002
8.9250000000000007,18.425000000000001,2.625
8.9250000000000007,18.425000000000001,2.6750000000000003
8.9250000000000007,18.425000000000001,2.7250000000000001
8.9250000000000007,18.425000000000001,2.7750000000000004
8.9250000000000007,18.425000000000001,2.8250000000000002
8.9250000000000007,18.425000000000001,2.875
8.9250000000000007,18.425000000000001,2.9250000000000003
8.9250000000000007,18.425000000000001,2.9750000000000001
8.9250000000000007,18.425000000000001,3.0250000000000004
8.9250000000000007,18.425000000000001,3.0750000000000002
8.9250000000000007,18.425000000000001,3.125
8.9749999999999996,18.324999999999999,1.875
8.9749999999999996,18.324999999999999,1.9750000000000001
8.9749999999999996,18.324999999999999,2.0750000000000002
8.9749999999999996,18.324999999999999,2.1750000000000003
8.9749999999999996,18.324999999999999,2.2749999999999999
8.9749999999999996,18.324999999999999,2.375
8.9749999999999996,18.324999999999999,2.9250000000000003
8.9749999999999996,18.324999999999999,3.0250000000000004
8.9749999999999996,18.324999999999999,3.125
8.9749999999999996,18.375,1.8250000000000002
8.9749999999999996,18.375,1.875
8.9749999999999996,18.375,1.925
8.9749999999999996,18.375,1.9750000000000001
8.9749999999999996,18.375,2.0249999999999999
8.9749999999999996,18.375,2.0750000000000002
8.9749999999999996,18.375,2.125
8.9749999999999996,18.375,2.1750000000000003
8.9749999999999996,18.375,2.2250000000000001
8.9749999999999996,18.375,2.2749999999999999
8.9749999999999996,18.375,2.3250000000000002
8.9749999999999996,18.375,2.375
8.9749999999999996,18.375,2.4250000000000003
8.9749999999999996,18.375,2.4750000000000001
8.9749999999999996,18.375,2.5250000000000004
8.9749999999999996,18.375,2.5750000000000002
8.9749999999999996,18.375,2.625
8.9749999999999996,18.375,2.6750000000000003
8.9749999999999996,18.375,2.7250000000000001
8.9749999999999996,18.375,2.7750000000000004
8.9749999999999996,18.375,2.8250000000000002
8.9749999999999996,18.375,2.875
8.9749999999999996,18.375,2.9250000000000003
8.9749999999999996,18.375,2.9750000000000001
8.9749999999999996,18.375,3.0250000000000004
8.9749999999999996,18.375,3.0750000000000002
8.9749999999999996,18.375,3.125
8.9749999999999996,18.425000000000001,1.8250000000000002
8.9749999999999996,18.425000000000001,1.875
8.9749999999999996,18.425000000000001,1.925
8.9749999999999996,18.425000000000001,1.9750000000000001
8.9749999999999996,18.425000000000001,2.0249999999999999
8.9749999999999996,18.425000000000001,2.0750000000000002
8.9749999999999996,18.425000000000001,2.125
8.9749999999999996,18.425000000000001,2.1750000000000003
8.9749999999999996,18.425000000000001,2.2250000000000001
8.9749999999999996,18.425000000000001,2.2749999999999999
8.9749999999999996,18.425000000000001,2.3250000000000002
8.9749999999999996,18.425000000000001,2.375
8.9749999999999996,18.425000000000001,2.4250000000000003
8.9749999999999996,18.425000000000001,2.4750000000000001
8.9749999999999996,18.425000000000001,2.5250000000000004
8.9749999999999996,18.425000000000001,2.5750000000000002
8.9749999999999996,18.425000000000001,2.625
8.9749999999999996,18.425000000000001,2.6750000000000003
8.9749999999999996,18.425000000000001,2.7250000000000001
8.9749999999999996,18.425000000000001,2.7750000000000004
8.9749999999999996,18.425000000000001,2.8250000000000002
8.9749999999999996,18.425000000000001,2.875
8.9749999999999996,18.425000000000001,2.9250000000000003
8.9749999999999996,18.425000000000001,2.9750000000000001
8.9749999999999996,18.425000000000001,3.0250000000000004
8.9749999999999996,18.425000000000001,3.0750000000000002
8.9749999999999996,18.425000000000001,3.125
9.0250000000000004,18.324999999999999,1.8250000000000002
9.0250000000000004,18.324999999999999,1.875
9.0250000000000004,18.324999999999999,1.925
9.0250000000000004,18.324999999999999,1.9750000000000001
9.0250000000000004,18.324999999999999,2.0249999999999999
9.0250000000000004,18.324999999999999,2.0750000000000002
9.0250000000000004,18.324999999999999,2.125
9.0250000000000004,18.324999999999999,2.1750000000000003
9.0250000000000004,18.324999999999999,2.2250000000000001
9.0250000000000004,18.324999999999999,2.2749999999999999
9.0250000000000004,18.324999999999999,2.3250000000000002
9.0250000000000004,18.324999999999999,2.375
9.0250000000000004,18.324999999999999,2.4250000000000003
9.0250000000000004,18.324999999999999,2.4750000000000001
9.0250000000000004,18.324999999999999,2.5250000000000004
9.0250000000000004,18.324999999999999,2.5750000000000002
9.0250000000000004,18.324999999999999,2.625
9.0250000000000004,18.324999999999999,2.6750000000000003
9.0250000000000004,18.324999999999999,2.7250000000000001
9.0250000000000004,18.324999999999999,2.7750000000000004
9.0250000000000004,18.324999999999999,2.8250000000000002
9.0250000000000004,18.324999999999999,2.875
9.0250000000000004,18.324999999999999,2.9250000000000003
9.0250000000000004,18.324999999999999,2.9750000000000001
9.0250000000000004,18.324999999999999,3.0250000000000004
9.0250000000000004,18.324999999999999,3.0750000000000002
9.0250000000000004,18.324999999999999,3.125
9.0250000000000004,18.375,1.8250000000000002
9.0250000000000004,18.375,1.875
9.0250000000000004,18.375,1.925
9.0250000000000004,18.375,1.9750000000000001
9.0250000000000004,18.375,2.0249999999999999
9.0250000000000004,18.375,2.0750000000000002
9.0250000000000004,18.375,2.125
9.0250000000000004,18.375,2.1750000000000003
9.0250000000000004,18.375,2.2250000000000001
9.0250000000000004,18.375,2.2749999999999999
9.0250000000000004,18.375,2.3250000000000002
9.0250000000000004,18.375,2.375
9.0250000000000004,18.375,2.4250000000000003
9.0250000000000004,18.375,2.4750000000000001
9.0250000000000004,18.375,2.5250000000000004
9.0250000000000004,18.375,2.5750000000000002
9.0250000000000004,18.375,2.625
9.0250000000000004,18.375,2.6750000000000003
9.0250000000000004,18.375,2.7250000000000001
9.0250000000000004,18.375,2.7750000000000004
9.0250000000000004,18.375,2.8250000000000002
9.0250000000000004,18.375,2.875
9.0250000000000004,18.375,2.9250000000000003
9.0250000000000004,18.375,2.9750000000000001
9.0250000000000004,18.375,3.0250000000000004
9.0250000000000004,18.375,3.0750000000000002
9.0250000000000004,18.375,3.125
9.0250000000000004,18.425000000000001,2.875
9.0750000000000011,18.275000000000002,1.8250000000000002
9.0750000000000011,18.275000000000002,1.875
9.0750000000000011,18.275000000000002,1.925
9.0750000000000011,18.275000000000002,1.9750000000000001
9.0750000000000011,18.275000000000002,2.0249999999999999
9.0750000000000011,18.275000000000002,2.0750000000000002
9.0750000000000011,18.275000000000002,2.1750000000000003
9.0750000000000011,18.275000000000002,2.2749999999999999
9.0750000000000011,18.275000000000002,2.375
9.0750000000000011,18.275000000000002,2.4250000000000003
9.0750000000000011,18.275000000000002,2.4750000000000001
9.0750000000000011,18.275000000000002,2.5250000000000004
9.0750000000000011,18.275000000000002,2.5750000000000002
9.0750000000000011,18.275000000000002,2.625
9.0750000000000011,18.275000000000002,2.7250000000000001
9.0750000000000011,18.275000000000002,2.8250000000000002
9.0750000000000011,18.275000000000002,2.9250000000000003
9.0750000000000011,18.275000000000002,3.0250000000000004
9.0750000000000011,18.275000000000002,3.125
9.0750000000000011,18.324999999999999,1.8250000000000002
9.0750000000000011,18.324999999999999,1.875
9.0750000000000011,18.324999999999999,1.925
9.0750000000000011,18.324999999999999,1.9750000000000001
9.0750000000000011,18.324999999999999,2.0249999999999999
9.0750000000000011,18.324999999999999,2.0750000000000002
9.0750000000000011,18.324999999999999,2.125
9.0750000000000011,18.324999999999999,2.1750000000000003
9.0750000000000011,18.324999999999999,2.2250000000000001
9.0750000000000011,18.324999999999999,2.2749999999999999
9.0750000000000011,18.324999999999999,2.3250000000000002
9.0750000000000011,18.324999999999999,2.375
9.0750000000000011,18.324999999999999,2.4250000000000003
9.0750000000000011,18.324999999999999,2.4750000000000001
9.0750000000000011,18.324999999999999,2.5250000000000004
9.0750000000000011,18.324999999999999,2.5750000000000002
9.0750000000000011,18.324999999999999,2.625
9.0750000000000011,18.324999999999999,2.6750000000000003
9.0750000000000011,18.324999999999999,2.7250000000000001
9.0750000000000011,18.324999999999999,2.7750000000000004
9.0750000000000011,18.324999999999999,2.8250000000000002
9.0750000000000011,18.324999999999999,2.875
9.0750000000000011,18.324999999999999,2.9250000000000003
9.0750000000000011,18.324999999999999,2.9750000000000001
9.0750000000000011,18.324999999999999,3.0250000000000004
9.0750000000000011,18.324999999999999,3.0750000000000002
9.0750000000000011,18.324999999999999,3.125
9.0750000000000011,18.375,1.8250000000000002
9.0750000000000011,18.375,1.875
9.0750000000000011,18.375,1.925
9.0750000000000011,18.375,2.0249999999999999
9.0750000000000011,18.375,2.0750000000000002
9.0750000000000011,18.375,2.125
9.0750000000000011,18.375,2.1750000000000003
9.0750000000000011,18.375,2.2250000000000001
9.0750000000000011,18.375,2.2749999999999999
9.0750000000000011,18.375,2.3250000000000002
9.0750000000000011,18.375,2.375
9.0750000000000011,18.375,2.4250000000000003
9.0750000000000011,18.375,2.4750000000000001
9.0750000000000011,18.375,2.5250000000000004
9.0750000000000011,18.375,2.5750000000000002
9.0750000000000011,18.375,2.625
9.0750000000000011,18.375,2.6750000000000003
9.0750000000000011,18.375,2.7250000000000001
9.0750000000000011,18.375,2.7750000000000004
9.0750000000000011,18.375,2.8250000000000002
9.0750000000000011,18.375,2.875
9.0750000000000011,18.375,2.9750000000000001
9.0750000000000011,18.375,3.0250000000000004
9.0750000000000011,18.375,3.0750000000000002
9.125,18.225000000000001,1.875
9.125,18.275000000000002,1.8250000000000002
9.125,18.275000000000002,1.875
9.125,18.275000000000002,1.925
9.125,18.275000000000002,1.9750000000000001
9.125,18.275000000000002,2.0249999999999999
9.125,18.275000000000002,2.0750000000000002
9.125,18.275000000000002,2.125
9.125,18.275000000000002,2.1750000000000003
9.125,18.275000000000002,2.2250000000000001
9.125,18.275000000000002,2.2749999999999999
9.125,18.275000000000002,2.3250000000000002
9.125,18.275000000000002,2.375
9.125,18.275000000000002,2.4250000000000003
9.125,18.275000000000002,2.4750000000000001
9.125,18.275000000000002,2.5250000000000004
9.125,18.275000000000002,2.5750000000000002
9.125,18.275000000000002,2.625
9.125,18.275000000000002,2.6750000000000003
9.125,18.275000000000002,2.7250000000000001
9.125,18.275000000000002,2.7750000000000004
9.125,18.275000000000002,2.8250000000000002
9.125,18.275000000000002,2.875
9.125,18.275000000000002,2.9250000000000003
9.125,18.275000000000002,2.9750000000000001
9.125,18.275000000000002,3.0250000000000004
9.125,18.275000000000002,3.0750000000000002
9.125,18.275000000000002,3.125
9.125,18.324999999999999,1.8250000000000002
9.125,18.324999999999999,1.875
9.125,18.324999999999999,1.925
9.125,18.324999999999999,1.9750000000000001
9.125,18.324999999999999,2.0249999999999999
9.125,18.324999999999999,2.0750000000000002
9.125,18.324999999999999,2.125
9.125,18.324999999999999,2.1750000000000003
9.125,18.324999999999999,2.2250000000000001
9.125,18.324999999999999,2.2749999999999999
9.125,18.324999999999999,2.3250000000000002
9.125,18.324999999999999,2.375
9.125,18.324999999999999,2.4250000000000003
9.125,18.324999999999999,2.4750000000000001
9.125,18.324999999999999,2.5250000000000004
9.125,18.324999999999999,2.5750000000000002
9.125,18.324999999999999,2.625
9.125,18.324999999999999,2.6750000000000003
9.125,18.324999999999999,2.7250000000000001
9.125,18.324999999999999,2.7750000000000004
9.125,18.324999999999999,2.8250000000000002
9.125,18.324999999999999,2.875
9.125,18.324999999999999,2.9250000000000003
9.125,18.324999999999999,2.9750000000000001
9.125,18.324999999999999,3.0250000000000004
9.125,18.324999999999999,3.0750000000000002
9.125,18.324999999999999,3.125
9.1750000000000007,18.225000000000001,1.8250000000000002
9.1750000000000007,18.225000000000001,1.875
9.1750000000000007,18.225000000000001,1.925
9.1750000000000007,18.225000000000001,1.9750000000000001
9.1750000000000007,18.225000000000001,2.0249999999999999
9.1750000000000007,18.225000000000001,2.0750000000000002
9.1750000000000007,18.225000000000001,2.125
9.1750000000000007,18.225000000000001,2.1750000000000003
9.1750000000000007,18.225000000000001,2.2250000000000001
9.1750000000000007,18.225000000000001,2.2749999999999999
9.1750000000000007,18.225000000000001,2.375
9.1750000000000007,18.225000000000001,2.4250000000000003
9.1750000000000007,18.225000000000001,2.4750000000000001
9.1750000000000007,18.225000000000001,2.5250000000000004
9.1750000000000007,18.225000000000001,2.5750000000000002
9.1750000000000007,18.225000000000001,2.625
9.1750000000000007,18.225000000000001,2.6750000000000003
9.1750000000000007,18.225000000000001,2.7250000000000001
9.1750000000000007,18.225000000000001,2.7750000000000004
9.1750000000000007,18.225000000000001,2.8250000000000002
9.1750000000000007,18.225000000000001,2.875
9.1750000000000007,18.225000000000001,2.9250000000000003
9.1750000000000007,18.225000000000001,2.9750000000000001
9.1750000000000007,18.225000000000001,3.0250000000000004
9.1750000000000007,18.225000000000001,3.0750000000000002
9.1750000000000007,18.225000000000001,3.125
9.1750000000000007,18.275000000000002,1.875
9.1750000000000007,18.275000000000002,1.925
9.1750000000000007,18.275000000000002,1.9750000000000001
9.1750000000000007,18.275000000000002,2.0249999999999999
9.1750000000000007,18.275000000000002,2.0750000000000002
9.1750000000000007,18.275000000000002,2.125
9.1750000000000007,18.275000000000002,2.1750000000000003
9.1750000000000007,18.275000000000002,2.2250000000000001
9.1750000000000007,18.275000000000002,2.2749999999999999
9.1750000000000007,18.275000000000002,2.3250000000000002
9.1750000000000007,18.275000000000002,2.375
9.1750000000000007,18.275000000000002,2.4250000000000003
9.1750000000000007,18.275000000000002,2.4750000000000001
9.1750000000000007,18.275000000000002,2.5250000000000004
9.1750000000000007,18.275000000000002,2.5750000000000002
9.1750000000000007,18.275000000000002,2.625
9.1750000000000007,18.275000000000002,2.6750000000000003
9.1750000000000007,18.275000000000002,2.7250000000000001
9.1750000000000007,18.275000000000002,2.7750000000000004
9.1750000000000007,18.275000000000002,2.8250000000000002
9.1750000000000007,18.275000000000002,2.875
9.1750000000000007,18.275000000000002,2.9250000000000003
9.1750000000000007,18.275000000000002,2.9750000000000001
9.1750000000000007,18.275000000000002,3.0250000000000004
9.1750000000000007,18.275000000000002,3.0750000000000002
9.1750000000000007,18.275000000000002,3.125
9.2249999999999996,18.175000000000001,1.875
9.2249999999999996,18.175000000000001,1.925
9.2249999999999996,18.175000000000001,2.0249999999999999
9.2249999999999996,18.175000000000001,2.125
9.2249999999999996,18.175000000000001,2.1750000000000003
9.2249999999999996,18.175000000000001,2.375
9.2249999999999996,18.175000000000001,2.8250000000000002
9.2249999999999996,18.175000000000001,2.875
9.2249999999999996,18.175000000000001,2.9250000000000003
9.2249999999999996,18.175000000000001,3.0250000000000004
9.2249999999999996,18.175000000000001,3.0750000000000002
9.2249999999999996,18.225000000000001,2.2749999999999999
9.2249999999999996,18.225000000000001,2.3250000000000002
9.2249999999999996,18.225000000000001,2.375
9.2249999999999996,18.225000000000001,2.4250000000000003
9.2249999999999996,18.225000000000001,2.4750000000000001
9.2249999999999996,18.225000000000001,2.5250000000000004
9.2249999999999996,18.225000000000001,2.5750000000000002
9.2249999999999996,18.225000000000001,2.7250000000000001
9.2249999999999996,18.225000000000001,2.8250000000000002
9.2249999999999996,18.225000000000001,2.875
9.2249999999999996,18.225000000000001,2.9250000000000003
9.2249999999999996,18.225000000000001,2.9750000000000001
9.2249999999999996,18.225000000000001,3.0250000000000004
9.2249999999999996,18.225000000000001,3.125
9.2750000000000004,18.125,2.7250000000000001
9.2750000000000004,18.125,3.0250000000000004
9.2750000000000004,18.125,3.125
9.2750000000000004,18.175000000000001,2.9250000000000003
9.2750000000000004,18.175000000000001,3.0750000000000002
9.4749999999999996,18.525000000000002,1.8250000000000002
9.4749999999999996,18.525000000000002,2.0249999999999999
9.4749999999999996,18.525000000000002,2.125
9.4749999999999996,18.525000000000002,3.0750000000000002
9.5250000000000004,18.525000000000002,1.925
9.5250000000000004,18.525000000000002,1.9750000000000001
9.5250000000000004,18.525000000000002,2.0750000000000002
9.5250000000000004,18.525000000000002,2.2749999999999999
9.5250000000000004,18.525000000000002,2.375
9.5250000000000004,18.525000000000002,2.4250000000000003
9.5250000000000004,18.525000000000002,2.4750000000000001
9.5250000000000004,18.525000000000002,2.5250000000000004
9.5250000000000004,18.525000000000002,2.5750000000000002
9.5250000000000004,18.525000000000002,2.625
9.5250000000000004,18.525000000000002,2.6750000000000003
9.5250000000000004,18.525000000000002,2.8250000000000002
9.5250000000000004,18.525000000000002,2.875
9.5250000000000004,18.525000000000002,3.0250000000000004
9.5750000000000011,18.525000000000002,1.9750000000000001
9.5750000000000011,18.525000000000002,2.0750000000000002
9.5750000000000011,18.525000000000002,2.1750000000000003
9.7250000000000014,17.425000000000001,1.8250000000000002
9.7250000000000014,17.425000000000001,1.875
9.7250000000000014,17.425000000000001,1.925
9.7250000000000014,17.425000000000001,1.9750000000000001
9.7250000000000014,17.425000000000001,2.0249999999999999
9.7250000000000014,17.425000000000001,2.0750000000000002
9.7250000000000014,17.425000000000001,2.125
9.7250000000000014,17.475000000000001,1.8250000000000002
9.7250000000000014,17.475000000000001,1.925
9.7250000000000014,17.475000000000001,2.0249999999999999
9.7250000000000014,17.475000000000001,2.125
9.7750000000000004,17.425000000000001,1.8250000000000002
9.7750000000000004,17.425000000000001,1.875
9.7750000000000004,17.425000000000001,1.925
9.7750000000000004,17.425000000000001,1.9750000000000001
9.7750000000000004,17.425000000000001,2.0249999999999999
9.7750000000000004,17.425000000000001,2.0750000000000002
9.7750000000000004,17.425000000000001,2.125
9.7750000000000004,17.425000000000001,2.1750000000000003
9.7750000000000004,17.425000000000001,2.2250000000000001
9.7750000000000004,17.425000000000001,2.2749999999999999
9.7750000000000004,17.425000000000001,2.3250000000000002
9.7750000000000004,17.425000000000001,2.375
9.7750000000000004,17.425000000000001,2.4250000000000003
9.7750000000000004,17.425000000000001,2.4750000000000001
9.7750000000000004,17.425000000000001,2.5250000000000004
9.7750000000000004,17.425000000000001,2.5750000000000002
9.7750000000000004,17.425000000000001,2.625
9.7750000000000004,17.425000000000001,2.6750000000000003
9.7750000000000004,17.425000000000001,2.7250000000000001
9.7750000000000004,17.425000000000001,2.7750000000000004
9.7750000000000004,17.425000000000001,2.8250000000000002
9.7750000000000004,17.425000000000001,2.875
9.7750000000000004,17.425000000000001,2.9250000000000003
9.7750000000000004,17.425000000000001,2.9750000000000001
9.7750000000000004,17.425000000000001,3.0250000000000004
9.7750000000000004,17.425000000000001,3.0750000000000002
9.7750000000000004,17.425000000000001,3.125
9.7750000000000004,17.475000000000001,1.8250000000000002
9.7750000000000004,17.475000000000001,1.925
9.7750000000000004,17.475000000000001,2.0249999999999999
9.7750000000000004,17.475000000000001,2.125
9.7750000000000004,17.475000000000001,2.2250000000000001
9.7750000000000004,17.475000000000001,2.3250000000000002
9.7750000000000004,17.475000000000001,2.9750000000000001
9.7750000000000004,17.475000000000001,3.0250000000000004
9.7750000000000004,17.475000000000001,3.0750000000000002
9.7750000000000004,17.475000000000001,3.125
9.8250000000000011,17.375,1.8250000000000002
9.8250000000000011,17.375,1.875
9.8250000000000011,17.375,1.9750000000000001
9.8250000000000011,17.375,2.0249999999999999
9.8250000000000011,17.375,2.0750000000000002
9.8250000000000011,17.375,2.1750000000000003
9.8250000000000011,17.375,2.2250000000000001
9.8250000000000011,17.375,2.2749999999999999
9.8250000000000011,17.375,2.3250000000000002
9.8250000000000011,17.375,2.375
9.8250000000000011,17.375,2.5250000000000004
9.8250000000000011,17.375,2.7250000000000001
9.8250000000000011,17.375,2.9250000000000003
9.8250000000000011,17.375,2.9750000000000001
9.8250000000000011,17.375,3.0250000000000004
9.8250000000000011,17.375,3.0750000000000002
9.8250000000000011,17.375,3.125
9.8250000000000011,17.425000000000001,1.8250000000000002
9.8250000000000011,17.425000000000001,1.875
9.8250000000000011,17.425000000000001,1.925
9.8250000000000011,17.425000000000001,1.9750000000000001
9.8250000000000011,17.425000000000001,2.0249999999999999
9.8250000000000011,17.425000000000001,2.0750000000000002
9.8250000000000011,17.425000000000001,2.125
9.8250000000000011,17.425000000000001,2.1750000000000003
9.8250000000000011,17.425000000000001,2.2250000000000001
9.8250000000000011,17.425000000000001,2.2749999999999999
9.8250000000000011,17.425000000000001,2.3250000000000002
9.8250000000000011,17.425000000000001,2.375
9.8250000000000011,17.425000000000001,2.4250000000000003
9.8250000000000011,17.425000000000001,2.4750000000000001
9.8250000000000011,17.425000000000001,2.5250000000000004
9.8250000000000011,17.425000000000001,2.5750000000000002
9.8250000000000011,17.425000000000001,2.625
9.8250000000000011,17.425000000000001,2.6750000000000003
9.8250000000000011,17.425000000000001,2.7250000000000001
9.8250000000000011,17.425000000000001,2.7750000000000004
9.8250000000000011,17.425000000000001,2.8250000000000002
9.8250000000000011,17.425000000000001,2.875
9.8250000000000011,17.425000000000001,2.9250000000000003
9.8250000000000011,17.425000000000001,2.9750000000000001
9.8250000000000011,17.425000000000001,3.0250000000000004
9.8250000000000011,17.425000000000001,3.0750000000000002
9.8250000000000011,17.425000000000001,3.125
9.875,17.375,1.8250000000000002
9.875,17.375,1.875
9.875,17.375,1.925
9.875,17.375,1.9750000000000001
9.875,17.375,2.0249999999999999
9.875,17.375,2.0750000000000002
9.875,17.375,2.125
9.875,17.375,2.1750000000000003
9.875,17.375,2.2250000000000001
9.875,17.375,2.2749999999999999
9.875,17.375,2.3250000000000002
9.875,17.375,2.375
9.875,17.375,2.4250000000000003
9.875,17.375,2.4750000000000001
9.875,17.375,2.5250000000000004
9.875,17.375,2.5750000000000002
9.875,17.375,2.625
9.875,17.375,2.6750000000000003
9.875,17.375,2.7250000000000001
9.875,17.375,2.7750000000000004
9.875,17.375,2.8250000000000002
9.875,17.375,2.875
9.875,17.375,2.9250000000000003
9.875,17.375,2.9750000000000001
9.875,17.375,3.0250000000000004
9.875,17.375,3.0750000000000002
9.875,17.375,3.125
9.875,17.425000000000001,1.8250000000000002
9.875,17.425000000000001,1.875
9.875,17.425000000000001,1.925
9.875,17.425000000000001,1.9750000000000001
9.875,17.425000000000001,2.0249999999999999
9.875,17.425000000000001,2.0750000000000002
9.875,17.425000000000001,2.1750000000000003
9.875,17.425000000000001,2.2749999999999999
9.875,17.425000000000001,2.3250000000000002
9.875,17.425000000000001,2.375
9.875,17.425000000000001,2.4250000000000003
9.875,17.425000000000001,2.4750000000000001
9.875,17.425000000000001,2.5250000000000004
9.875,17.425000000000001,2.5750000000000002
9.875,17.425000000000001,2.625
9.875,17.425000000000001,2.6750000000000003
9.875,17.425000000000001,2.7250000000000001
9.875,17.425000000000001,2.7750000000000004
9.875,17.425000000000001,2.8250000000000002
9.875,17.425000000000001,2.875
9.875,17.425000000000001,2.9250000000000003
9.875,17.425000000000001,2.9750000000000001
9.875,17.425000000000001,3.0250000000000004
9.875,17.425000000000001,3.0750000000000002
9.875,17.425000000000001,3.125
9.9250000000000007,17.324999999999999,1.875
9.9250000000000007,17.324999999999999,1.925
9.9250000000000007,17.324999999999999,2.1750000000000003
9.9250000000000007,17.324999999999999,2.2749999999999999
9.9250000000000007,17.324999999999999,2.375
9.9250000000000007,17.324999999999999,2.4250000000000003
9.9250000000000007,17.324999999999999,2.4750000000000001
9.9250000000000007,17.324999999999999,2.5250000000000004
9.9250000000000007,17.324999999999999,2.5750000000000002
9.9250000000000007,17.324999999999999,2.625
9.9250000000000007,17.324999999999999,2.6750000000000003
9.9250000000000007,17.324999999999999,2.7250000000000001
9.9250000000000007,17.324999999999999,2.8250000000000002
9.9250000000000007,17.375,1.8250000000000002
9.9250000000000007,17.375,1.875
9.9250000000000007,17.375,1.925
9.9250000000000007,17.375,1.9750000000000001
9.9250000000000007,17.375,2.0249999999999999
9.9250000000000007,17.375,2.0750000000000002
9.9250000000000007,17.375,2.125
9.9250000000000007,17.375,2.1750000000000003
9.9250000000000007,17.375,2.2250000000000001
9.9250000000000007,17.375,2.2749999999999999
9.9250000000000007,17.375,2.3250000000000002
9.9250000000000007,17.375,2.375
9.9250000000000007,17.375,2.4250000000000003
9.9250000000000007,17.375,2.4750000000000001
9.9250000000000007,17.375,2.5250000000000004
9.9250000000000007,17.375,2.5750000000000002
9.9250000000000007,17.375,2.625
9.9250000000000007,17.375,2.6750000000000003
9.9250000000000007,17.375,2.7250000000000001
9.9250000000000007,17.375,2.7750000000000004
9.9250000000000007,17.375,2.8250000000000002
9.9250000000000007,17.375,2.875
9.9250000000000007,17.375,2.9250000000000003
9.9250000000000007,17.375,2.9750000000000001
9.9250000000000007,17.375,3.0250000000000004
9.9250000000000007,17.375,3.0750000000000002
9.9250000000000007,17.375,3.125
9.9750000000000014,17.324999999999999,1.8250000000000002
9.9750000000000014,17.324999999999999,1.875
9.9750000000000014,17.324999999999999,1.925
9.9750000000000014,17.324999999999999,1.9750000000000001
9.9750000000000014,17.324999999999999,2.0249999999999999
9.9750000000000014,17.324999999999999,2.0750000000000002
9.9750000000000014,17.324999999999999,2.125
9.9750000000000014,17.324999999999999,2.1750000000000003
9.9750000000000014,17.324999999999999,2.2250000000000001
9.9750000000000014,17.324999999999999,2.2749999999999999
9.9750000000000014,17.324999999999999,2.3250000000000002
9.9750000000000014,17.324999999999999,2.375
9.9750000000000014,17.324999999999999,2.4250000000000003
9.9750000000000014,17.324999999999999,2.4750000000000001
9.9750000000000014,17.324999999999999,2.5250000000000004
9.9750000000000014,17.324999999999999,2.5750000000000002
9.9750000000000014,17.324999999999999,2.625
9.9750000000000014,17.324999999999999,2.6750000000000003
9.9750000000000014,17.324999999999999,2.7250000000000001
9.9750000000000014,17.324999999999999,2.7750000000000004
9.9750000000000014,17.324999999999999,2.8250000000000002
9.9750000000000014,17.324999999999999,2.875
9.9750000000000014,17.324999999999999,2.9250000000000003
9.9750000000000014,17.324999999999999,2.9750000000000001
9.9750000000000014,17.324999999999999,3.0250000000000004
9.9750000000000014,17.324999999999999,3.0750000000000002
9.9750000000000014,17.324999999999999,3.125
9.9750000000000014,17.375,1.8250000000000002
9.9750000000000014,17.375,2.0249999999999999
9.9750000000000014,17.375,2.7250000000000001
9.9750000000000014,17.375,2.7750000000000004
9.9750000000000014,17.375,2.8250000000000002
9.9750000000000014,17.375,2.875
9.9750000000000014,17.375,2.9250000000000003
9.9750000000000014,17.375,2.9750000000000001
9.9750000000000014,17.375,3.0750000000000002
9.9750000000000014,17.375,3.125
10.025,17.275000000000002,1.875
10.025,17.275000000000002,1.9750000000000001
10.025,17.275000000000002,2.0750000000000002
10.025,17.275000000000002,2.1750000000000003
10.025,17.275000000000002,2.2749999999999999
10.025,17.275000000000002,2.3250000000000002
10.025,17.275000000000002,2.375
10.025,17.275000000000002,2.4750000000000001
10.025,17.275000000000002,2.5250000000000004
10.025,17.275000000000002,2.5750000000000002
10.025,17.275000000000002,2.6750000000000003
10.025,17.275000000000002,2.7250000000000001
10.025,17.275000000000002,2.7750000000000004
10.025,17.275000000000002,2.875
10.025,17.275000000000002,2.9250000000000003
10.025,17.275000000000002,2.9750000000000001
10.025,17.275000000000002,3.0250000000000004
10.025,17.275000000000002,3.0750000000000002
10.025,17.275000000000002,3.125
10.025,17.324999999999999,1.925
10.025,17.324999999999999,2.0249999999999999
10.025,17.324999999999999,2.2250000000000001
10.025,17.324999999999999,3.125
9.2249999999999996,18.175000000000001,1.875
9.2249999999999996,18.175000000000001,1.925
9.2249999999999996,18.175000000000001,2.0249999999999999
9.2249999999999996,18.175000000000001,2.125
9.2249999999999996,18.175000000000001,2.1750000000000003
9.2249999999999996,18.175000000000001,2.375
9.2249999999999996,18.175000000000001,2.8250000000000002
9.2249999999999996,18.175000000000001,2.875
9.2249999999999996,18.175000000000001,2.9250000000000003
9.2249999999999996,18.175000000000001,3.0250000000000004
9.2249999999999996,18.175000000000001,3.0750000000000002
9.2249999999999996,18.225000000000001,2.2749999999999999
9.2249999999999996,18.225000000000001,2.3250000000000002
9.2249999999999996,18.225000000000001,2.375
9.2249999999999996,18.225000000000001,2.4250000000000003
9.2249999999999996,18.225000000000001,2.4750000000000001
9.2249999999999996,18.225000000000001,2.5250000000000004
9.2249999999999996,18.225000000000001,2.5750000000000002
9.2249999999999996,18.225000000000001,2.7250000000000001
9.2249999999999996,18.225000000000001,2.8250000000000002
9.2249999999999996,18.225000000000001,2.875
9.2249999999999996,18.225000000000001,2.9250000000000003
9.2249999999999996,18.225000000000001,2.9750000000000001
9.2249999999999996,18.225000000000001,3.0250000000000004
9.2249999999999996,18.225000000000001,3.125
9.2249999999999996,18.725000000000001,1.8250000000000002
9.2249999999999996,18.725000000000001,1.925
9.2249999999999996,18.725000000000001,2.0249999999999999
9.2249999999999996,18.725000000000001,2.125
9.2249999999999996,18.725000000000001,2.2250000000000001
9.2249999999999996,18.725000000000001,2.3250000000000002
9.2249999999999996,18.725000000000001,2.4250000000000003
9.2249999999999996,18.725000000000001,2.9750000000000001
9.2249999999999996,18.725000000000001,3.0750000000000002
9.2249999999999996,18.775000000000002,1.8250000000000002
9.2249999999999996,18.775000000000002,1.875
9.2249999999999996,18.775000000000002,1.925
9.2249999999999996,18.775000000000002,1.9750000000000001
9.2249999999999996,18.775000000000002,2.0249999999999999
9.2249999999999996,18.775000000000002,2.0750000000000002
9.2249999999999996,18.775000000000002,2.125
9.2249999999999996,18.775000000000002,2.1750000000000003
9.2249999999999996,18.775000000000002,2.2250000000000001
9.2249999999999996,18.775000000000002,2.2749999999999999
9.2249999999999996,18.775000000000002,2.3250000000000002
9.2249999999999996,18.775000000000002,2.375
9.2249999999999996,18.775000000000002,2.4250000000000003
9.2249999999999996,18.775000000000002,2.4750000000000001
9.2249999999999996,18.775000000000002,2.5250000000000004
9.2249999999999996,18.775000000000002,2.5750000000000002
9.2249999999999996,18.775000000000002,2.625
9.2249999999999996,18.775000000000002,2.6750000000000003
9.2249999999999996,18.775000000000002,2.7250000000000001
9.2249999999999996,18.775000000000002,2.7750000000000004
9.2249999999999996,18.775000000000002,2.8250000000000002
9.2249999999999996,18.775000000000002,2.875
9.2249999999999996,18.775000000000002,2.9250000000000003
9.2249999999999996,18.775000000000002,2.9750000000000001
9.2249999999999996,18.775000000000002,3.0250000000000004
9.2249999999999996,18.775000000000002,3.0750000000000002
9.2249999999999996,18.775000000000002,3.125
9.2249999999999996,18.824999999999999,1.8250000000000002
9.2249999999999996,18.824999999999999,1.875
9.2249999999999996,18.824999999999999,1.925
9.2249999999999996,18.824999999999999,1.9750000000000001
9.2249999999999996,18.824999999999999,2.0249999999999999
9.2249999999999996,18.824999999999999,2.0750000000000002
9.2249999999999996,18.824999999999999,2.125
9.2249999999999996,18.824999999999999,2.1750000000000003
9.2249999999999996,18.824999999999999,2.2250000000000001
9.2249999999999996,18.824999999999999,2.2749999999999999
9.2249999999999996,18.824999999999999,2.3250000000000002
9.2249999999999996,18.824999999999999,2.375
9.2249999999999996,18.824999999999999,2.4250000000000003
9.2249999999999996,18.824999999999999,2.4750000000000001
9.2249999999999996,18.824999999999999,2.5250000000000004
9.2249999999999996,18.824999999999999,2.5750000000000002
9.2249999999999996,18.824999999999999,2.625
9.2249999999999996,18.824999999999999,2.6750000000000003
9.2249999999999996,18.824999999999999,2.7250000000000001
9.2249999999999996,18.824999999999999,2.7750000000000004
9.2249999999999996,18.824999999999999,2.8250000000000002
9.2249999999999996,18.824999999999999,2.875
9.2249999999999996,18.824999999999999,2.9250000000000003
9.2249999999999996,18.824999999999999,2.9750000000000001
9.2249999999999996,18.824999999999999,3.0250000000000004
9.2249999999999996,18.824999999999999,3.0750000000000002
9.2249999999999996,18.824999999999999,3.125
9.2249999999999996,18.875,1.8250000000000002
9.2249999999999996,18.875,1.875
9.2249999999999996,18.875,1.925
9.2249999999999996,18.875,1.9750000000000001
9.2249999999999996,18.875,2.0249999999999999
9.2249999999999996,18.875,2.0750000000000002
9.2249999999999996,18.875,2.125
9.2249999999999996,18.875,2.1750000000000003
9.2249999999999996,18.875,2.2250000000000001
9.2249999999999996,18.875,2.2749999999999999
9.2249999999999996,18.875,2.3250000000000002
9.2249999999999996,18.875,2.375
9.2249999999999996,18.875,2.4250000000000003
9.2249999999999996,18.875,2.4750000000000001
9.2249999999999996,18.875,2.5250000000000004
9.2249999999999996,18.875,2.5750000000000002
9.2249999999999996,18.875,2.625
9.2249999999999996,18.875,2.6750000000000003
9.2249999999999996,18.875,2.7250000000000001
9.2249999999999996,18.875,2.7750000000000004
9.2249999999999996,18.875,2.8250000000000002
9.2249999999999996,18.875,2.875
9.2249999999999996,18.875,2.9250000000000003
9.2249999999999996,18.875,2.9750000000000001
9.2249999999999996,18.875,3.0250000000000004
9.2249999999999996,18.875,3.0750000000000002
9.2249999999999996,18.875,3.125
9.2249999999999996,18.925000000000001,1.875
9.2249999999999996,18.925000000000001,1.9750000000000001
9.2249999999999996,18.925000000000001,2.0750000000000002
9.2249999999999996,18.925000000000001,2.125
9.2249999999999996,18.925000000000001,2.1750000000000003
9.2249999999999996,18.925000000000001,2.2250000000000001
9.2249999999999996,18.925000000000001,2.2749999999999999
9.2249999999999996,18.925000000000001,2.3250000000000002
9.2249999999999996,18.925000000000001,2.375
9.2249999999999996,18.925000000000001,2.4250000000000003
9.2249999999999996,18.925000000000001,2.4750000000000001
9.2249999999999996,18.925000000000001,2.5250000000000004
9.2249999999999996,18.925000000000001,2.5750000000000002
9.2249999999999996,18.925000000000001,2.625
9.2249999999999996,18.925000000000001,2.6750000000000003
9.2249999999999996,18.925000000000001,2.7250000000000001
9.2249999999999996,18.925000000000001,2.7750000000000004
9.2249999999999996,18.925000000000001,2.8250000000000002
9.2249999999999996,18.925000000000001,2.875
9.2249999999999996,18.925000000000001,2.9250000000000003
9.2249999999999996,18.925000000000001,2.9750000000000001
9.2249999999999996,18.925000000000001,3.0250000000000004
9.2249999999999996,18.925000000000001,3.0750000000000002
9.2249999999999996,18.925000000000001,3.125
9.2249999999999996,18.975000000000001,1.875
9.2249999999999996,18.975000000000001,1.9750000000000001
9.2249999999999996,18.975000000000001,2.0750000000000002
9.2249999999999996,18.975000000000001,2.1750000000000003
9.2249999999999996,18.975000000000001,2.2749999999999999
9.2249999999999996,18.975000000000001,2.375
9.2249999999999996,18.975000000000001,2.4250000000000003
9.2249999999999996,18.975000000000001,2.4750000000000001
9.2249999999999996,18.975000000000001,2.5250000000000004
9.2249999999999996,18.975000000000001,2.5750000000000002
9.2249999999999996,18.975000000000001,2.625
9.2249999999999996,18.975000000000001,2.6750000000000003
9.2249999999999996,18.975000000000001,2.7250000000000001
9.2249999999999996,18.975000000000001,2.7750000000000004
9.2249999999999996,18.975000000000001,2.8250000000000002
9.2249999999999996,18.975000000000001,2.875
9.2249999999999996,18.975000000000001,2.9250000000000003
9.2249999999999996,18.975000000000001,3.0250000000000004
9.2249999999999996,18.975000000000001,3.125
9.2249999999999996,19.025000000000002,1.9750000000000001
9.2249999999999996,19.025000000000002,2.0750000000000002
9.2249999999999996,19.025000000000002,2.1750000000000003
9.2249999999999996,19.025000000000002,2.2749999999999999
9.2249999999999996,19.025000000000002,2.375
9.2249999999999996,19.025000000000002,2.4250000000000003
9.2249999999999996,19.025000000000002,2.4750000000000001
9.2249999999999996,19.025000000000002,2.5250000000000004
9.2249999999999996,19.025000000000002,2.5750000000000002
9.2249999999999996,19.025000000000002,2.625
9.2249999999999996,19.025000000000002,2.6750000000000003
9.2249999999999996,19.025000000000002,2.7250000000000001
9.2249999999999996,19.025000000000002,2.7750000000000004
9.2249999999999996,19.025000000000002,2.8250000000000002
9.2249999999999996,19.025000000000002,2.875
9.2249999999999996,19.025000000000002,2.9250000000000003
9.2249999999999996,19.025000000000002,3.0250000000000004
9.2249999999999996,19.025000000000002,3.125
9.2249999999999996,19.074999999999999,2.0750000000000002
9.2249999999999996,19.074999999999999,2.1750000000000003
9.2249999999999996,19.074999999999999,2.2749999999999999
9.2249999999999996,19.074999999999999,2.375
9.2249999999999996,19.074999999999999,2.4250000000000003
9.2249999999999996,19.074999999999999,2.4750000000000001
9.2249999999999996,19.074999999999999,2.5250000000000004
9.2249999999999996,19.074999999999999,2.5750000000000002
9.2249999999999996,19.074999999999999,2.625
9.2249999999999996,19.074999999999999,2.6750000000000003
9.2249999999999996,19.074999999999999,2.7250000000000001
9.2249999999999996,19.074999999999999,2.7750000000000004
9.2249999999999996,19.074999999999999,2.8250000000000002
9.2249999999999996,19.074999999999999,2.875
9.2249999999999996,19.074999999999999,2.9250000000000003
9.2249999999999996,19.074999999999999,3.0250000000000004
9.2249999999999996,19.074999999999999,3.125
9.2249999999999996,19.125,2.0750000000000002
9.2249999999999996,19.125,2.1750000000000003
9.2249999999999996,19.125,2.2749999999999999
9.2249999999999996,19.125,2.375
9.2249999999999996,19.125,2.4250000000000003
9.2249999999999996,19.125,2.4750000000000001
9.2249999999999996,19.125,2.5250000000000004
9.2249999999999996,19.125,2.5750000000000002
9.2249999999999996,19.125,2.625
9.2249999999999996,19.125,2.6750000000000003
9.2249999999999996,19.125,2.7250000000000001
9.2249999999999996,19.125,2.7750000000000004
9.2249999999999996,19.125,2.8250000000000002
9.2249999999999996,19.125,2.9250000000000003
9.2249999999999996,19.125,3.0250000000000004
9.2249999999999996,19.125,3.125
9.2249999999999996,19.175000000000001,2.2749999999999999
9.2249999999999996,19.175000000000001,2.375
9.2249999999999996,19.175000000000001,2.4250000000000003
9.2249999999999996,19.175000000000001,2.4750000000000001
9.2249999999999996,19.175000000000001,2.5250000000000004
9.2249999999999996,19.175000000000001,2.5750000000000002
9.2249999999999996,19.175000000000001,2.625
9.2249999999999996,19.175000000000001,2.6750000000000003
9.2249999999999996,19.175000000000001,2.7250000000000001
9.2249999999999996,19.175000000000001,2.8250000000000002
9.2249999999999996,19.175000000000001,3.0250000000000004
9.2249999999999996,19.225000000000001,1.9750000000000001
9.2249999999999996,19.225000000000001,2.1750000000000003
9.2249999999999996,19.225000000000001,2.2749999999999999
9.2249999999999996,19.225000000000001,2.375
9.2249999999999996,19.225000000000001,2.4250000000000003
9.2249999999999996,19.225000000000001,2.4750000000000001
9.2249999999999996,19.225000000000001,2.5250000000000004
9.2249999999999996,19.225000000000001,2.5750000000000002
9.2249999999999996,19.225000000000001,2.625
9.2249999999999996,19.225000000000001,2.6750000000000003
9.2249999999999996,19.225000000000001,2.7250000000000001
9.2249999999999996,19.225000000000001,2.7750000000000004
9.2249999999999996,19.225000000000001,2.8250000000000002
9.2249999999999996,19.225000000000001,2.9250000000000003
9.2249999999999996,19.225000000000001,3.0250000000000004
9.2249999999999996,19.225000000000001,3.125
9.2249999999999996,19.275000000000002,1.8250000000000002
9.2249999999999996,19.275000000000002,1.875
9.2249999999999996,19.275000000000002,1.925
9.2249999999999996,19.275000000000002,1.9750000000000001
9.2249999999999996,19.275000000000002,2.0750000000000002
9.2249999999999996,19.275000000000002,2.1750000000000003
9.2249999999999996,19.275000000000002,2.2749999999999999
9.2249999999999996,19.275000000000002,2.375
9.2249999999999996,19.275000000000002,2.4250000000000003
9.2249999999999996,19.275000000000002,2.4750000000000001
9.2249999999999996,19.275000000000002,2.5250000000000004
9.2249999999999996,19.275000000000002,2.5750000000000002
9.2249999999999996,19.275000000000002,2.625
9.2249999999999996,19.275000000000002,2.6750000000000003
9.2249999999999996,19.275000000000002,2.7250000000000001
9.2249999999999996,19.275000000000002,2.7750000000000004
9.2249999999999996,19.275000000000002,2.8250000000000002
9.2249999999999996,19.275000000000002,2.875
9.2249999999999996,19.275000000000002,2.9250000000000003
9.2249999999999996,19.275000000000002,2.9750000000000001
9.2249999999999996,19.275000000000002,3.0250000000000004
9.2249999999999996,19.275000000000002,3.125
9.2249999999999996,19.325000000000003,1.8250000000000002
9.2249999999999996,19.325000000000003,1.875
9.2249999999999996,19.325000000000003,1.925
9.2249999999999996,19.325000000000003,1.9750000000000001
9.2249999999999996,19.325000000000003,2.0249999999999999
9.2249999999999996,19.325000000000003,2.0750000000000002
9.2249999999999996,19.325000000000003,2.125
9.2249999999999996,19.325000000000003,2.1750000000000003
9.2249999999999996,19.325000000000003,2.2250000000000001
9.2249999999999996,19.325000000000003,2.2749999999999999
9.2249999999999996,19.325000000000003,2.3250000000000002
9.2249999999999996,19.325000000000003,2.375
9.2249999999999996,19.325000000000003,2.4250000000000003
9.2249999999999996,19.325000000000003,2.4750000000000001
9.2249999999999996,19.325000000000003,2.5250000000000004
9.2249999999999996,19.325000000000003,2.5750000000000002
9.2249999999999996,19.325000000000003,2.625
9.2249999999999996,19.325000000000003,2.6750000000000003
9.2249999999999996,19.325000000000003,2.7250000000000001
9.2249999999999996,19.325000000000003,2.7750000000000004
9.2249999999999996,19.325000000000003,2.8250000000000002
9.2249999999999996,19.325000000000003,2.875
9.2249999999999996,19.325000000000003,2.9250000000000003
9.2249999999999996,19.325000000000003,2.9750000000000001
9.2249999999999996,19.325000000000003,3.0250000000000004
9.2249999999999996,19.325000000000003,3.0750000000000002
9.2249999999999996,19.325000000000003,3.125
9.2249999999999996,19.375,1.8250000000000002
9.2249999999999996,19.375,1.875
9.2249999999999996,19.375,1.925
9.2249999999999996,19.375,1.9750000000000001
9.2249999999999996,19.375,2.0249999999999999
9.2249999999999996,19.375,2.0750000000000002
9.2249999999999996,19.375,2.125
9.2249999999999996,19.375,2.1750000000000003
9.2249999999999996,19.375,2.2250000000000001
9.2249999999999996,19.375,2.2749999999999999
9.2249999999999996,19.375,2.3250000000000002
9.2249999999999996,19.375,2.375
9.2249999999999996,19.375,2.4250000000000003
9.2249999999999996,19.375,2.4750000000000001
9.2249999999999996,19.375,2.5250000000000004
9.2249999999999996,19.375,2.5750000000000002
9.2249999999999996,19.375,2.625
9.2249999999999996,19.375,2.6750000000000003
9.2249999999999996,19.375,2.7250000000000001
9.2249999999999996,19.375,2.7750000000000004
9.2249999999999996,19.375,2.8250000000000002
9.2249999999999996,19.375,2.875
9.2249999999999996,19.375,2.9250000000000003
9.2249999999999996,19.375,2.9750000000000001
9.2249999999999996,19.375,3.0250000000000004
9.2249999999999996,19.375,3.0750000000000002
9.2249999999999996,19.375,3.125
9.2249999999999996,19.425000000000001,1.8250000000000002
9.2249999999999996,19.425000000000001,1.875
9.2249999999999996,19.425000000000001,1.925
9.2249999999999996,19.425000000000001,1.9750000000000001
9.2249999999999996,19.425000000000001,2.0249999999999999
9.2249999999999996,19.425000000000001,2.0750000000000002
9.2249999999999996,19.425000000000001,2.125
9.2249999999999996,19.425000000000001,2.1750000000000003
9.2249999999999996,19.425000000000001,2.2250000000000001
9.2249999999999996,19.425000000000001,2.2749999999999999
9.2249999999999996,19.425000000000001,2.3250000000000002
9.2249999999999996,19.425000000000001,2.375
9.2249999999999996,19.425000000000001,2.4250000000000003
9.2249999999999996,19.425000000000001,2.4750000000000001
9.2249999999999996,19.425000000000001,2.5250000000000004
9.2249999999999996,19.425000000000001,2.5750000000000002
9.2249999999999996,19.425000000000001,2.625
9.2249999999999996,19.425000000000001,2.6750000000000003
9.2249999999999996,19.425000000000001,2.7250000000000001
9.2249999999999996,19.425000000000001,2.7750000000000004
9.2249999999999996,19.425000000000001,2.8250000000000002
9.2249999999999996,19.425000000000001,2.875
9.2249999999999996,19.425000000000001,2.9250000000000003
9.2249999999999996,19.425000000000001,2.9750000000000001
9.2249999999999996,19.425000000000001,3.0250000000000004
9.2249999999999996,19.425000000000001,3.0750000000000002
9.2249999999999996,19.425000000000001,3.125
9.2750000000000004,18.125,2.7250000000000001
9.2750000000000004,18.125,3.0250000000000004
9.2750000000000004,18.125,3.125
9.2750000000000004,18.175000000000001,2.9250000000000003
9.2750000000000004,18.175000000000001,3.0750000000000002
9.2750000000000004,18.675000000000001,1.8250000000000002
9.2750000000000004,18.675000000000001,1.875
9.2750000000000004,18.675000000000001,1.925
9.2750000000000004,18.675000000000001,1.9750000000000001
9.2750000000000004,18.675000000000001,2.0249999999999999
9.2750000000000004,18.675000000000001,2.0750000000000002
9.2750000000000004,18.675000000000001,2.125
9.2750000000000004,18.675000000000001,2.1750000000000003
9.2750000000000004,18.675000000000001,2.2250000000000001
9.2750000000000004,18.675000000000001,2.2749999999999999
9.2750000000000004,18.675000000000001,2.3250000000000002
9.2750000000000004,18.675000000000001,2.375
9.2750000000000004,18.675000000000001,2.4250000000000003
9.2750000000000004,18.675000000000001,2.4750000000000001
9.2750000000000004,18.675000000000001,2.5250000000000004
9.2750000000000004,18.675000000000001,2.7750000000000004
9.2750000000000004,18.675000000000001,2.8250000000000002
9.2750000000000004,18.675000000000001,2.875
9.2750000000000004,18.675000000000001,2.9250000000000003
9.2750000000000004,18.675000000000001,2.9750000000000001
9.2750000000000004,18.675000000000001,3.0250000000000004
9.2750000000000004,18.675000000000001,3.0750000000000002
9.2750000000000004,18.675000000000001,3.125
9.2750000000000004,18.725000000000001,1.8250000000000002
9.2750000000000004,18.725000000000001,1.875
9.2750000000000004,18.725000000000001,1.925
9.2750000000000004,18.725000000000001,1.9750000000000001
9.2750000000000004,18.725000000000001,2.0249999999999999
9.2750000000000004,18.725000000000001,2.0750000000000002
9.2750000000000004,18.725000000000001,2.125
9.2750000000000004,18.725000000000001,2.1750000000000003
9.2750000000000004,18.725000000000001,2.2250000000000001
9.2750000000000004,18.725000000000001,2.2749999999999999
9.2750000000000004,18.725000000000001,2.3250000000000002
9.2750000000000004,18.725000000000001,2.375
9.2750000000000004,18.725000000000001,2.4250000000000003
9.2750000000000004,18.725000000000001,2.4750000000000001
9.2750000000000004,18.725000000000001,2.5250000000000004
9.2750000000000004,18.725000000000001,2.5750000000000002
9.2750000000000004,18.725000000000001,2.625
9.2750000000000004,18.725000000000001,2.6750000000000003
9.2750000000000004,18.725000000000001,2.7250000000000001
9.2750000000000004,18.725000000000001,2.7750000000000004
9.2750000000000004,18.725000000000001,2.8250000000000002
9.2750000000000004,18.725000000000001,2.875
9.2750000000000004,18.725000000000001,2.9250000000000003
9.2750000000000004,18.725000000000001,2.9750000000000001
9.2750000000000004,18.725000000000001,3.0250000000000004
9.2750000000000004,18.725000000000001,3.0750000000000002
9.2750000000000004,18.725000000000001,3.125
9.2750000000000004,18.775000000000002,1.8250000000000002
9.2750000000000004,18.775000000000002,1.875
9.2750000000000004,18.775000000000002,1.925
9.2750000000000004,18.775000000000002,1.9750000000000001
9.2750000000000004,18.775000000000002,2.0249999999999999
9.2750000000000004,18.775000000000002,2.0750000000000002
9.2750000000000004,18.775000000000002,2.125
9.2750000000000004,18.775000000000002,2.1750000000000003
9.2750000000000004,18.775000000000002,2.2250000000000001
9.2750000000000004,18.775000000000002,2.2749999999999999
9.2750000000000004,18.775000000000002,2.3250000000000002
9.2750000000000004,18.775000000000002,2.375
9.2750000000000004,18.775000000000002,2.4250000000000003
9.2750000000000004,18.775000000000002,2.4750000000000001
9.2750000000000004,18.775000000000002,2.5250000000000004
9.2750000000000004,18.775000000000002,2.5750000000000002
9.2750000000000004,18.775000000000002,2.625
9.2750000000000004,18.775000000000002,2.6750000000000003
9.2750000000000004,18.775000000000002,2.7250000000000001
9.2750000000000004,18.775000000000002,2.7750000000000004
9.2750000000000004,18.775000000000002,2.8250000000000002
9.2750000000000004,18.775000000000002,2.875
9.2750000000000004,18.775000000000002,2.9250000000000003
9.2750000000000004,18.775000000000002,2.9750000000000001
9.2750000000000004,18.775000000000002,3.0250000000000004
9.2750000000000004,18.775000000000002,3.0750000000000002
9.2750000000000004,18.775000000000002,3.125
9.2750000000000004,18.824999999999999,1.8250000000000002
9.2750000000000004,18.824999999999999,1.875
9.2750000000000004,18.824999999999999,1.925
9.2750000000000004,18.824999999999999,1.9750000000000001
9.2750000000000004,18.824999999999999,2.0249999999999999
9.2750000000000004,18.824999999999999,2.0750000000000002
9.2750000000000004,18.824999999999999,2.125
9.2750000000000004,18.824999999999999,2.1750000000000003
9.2750000000000004,18.824999999999999,2.2749999999999999
9.2750000000000004,18.824999999999999,2.375
9.2750000000000004,18.824999999999999,2.4250000000000003
9.2750000000000004,18.824999999999999,2.4750000000000001
9.2750000000000004,18.824999999999999,2.5250000000000004
9.2750000000000004,18.824999999999999,2.9750000000000001
9.2750000000000004,18.824999999999999,3.0250000000000004
9.2750000000000004,18.824999999999999,3.0750000000000002
9.2750000000000004,18.824999999999999,3.125
9.2750000000000004,19.375,1.8250000000000002
9.2750000000000004,19.425000000000001,1.8250000000000002
9.2750000000000004,19.425000000000001,1.875
9.2750000000000004,19.425000000000001,1.925
9.2750000000000004,19.425000000000001,1.9750000000000001
9.2750000000000004,19.425000000000001,2.0249999999999999
9.2750000000000004,19.425000000000001,2.0750000000000002
9.2750000000000004,19.425000000000001,2.125
9.2750000000000004,19.425000000000001,2.1750000000000003
9.2750000000000004,19.425000000000001,2.2250000000000001
9.2750000000000004,19.425000000000001,2.2749999999999999
9.2750000000000004,19.425000000000001,2.3250000000000002
9.2750000000000004,19.425000000000001,2.375
9.2750000000000004,19.425000000000001,3.125
9.3250000000000011,18.625,1.8250000000000002
9.3250000000000011,18.625,1.875
9.3250000000000011,18.625,1.925
9.3250000000000011,18.625,1.9750000000000001
9.3250000000000011,18.625,2.0249999999999999
9.3250000000000011,18.625,2.0750000000000002
9.3250000000000011,18.625,2.125
9.3250000000000011,18.625,2.1750000000000003
9.3250000000000011,18.625,2.2250000000000001
9.3250000000000011,18.625,2.2749999999999999
9.3250000000000011,18.625,2.3250000000000002
9.3250000000000011,18.625,2.375
9.3250000000000011,18.625,2.4250000000000003
9.3250000000000011,18.625,2.4750000000000001
9.3250000000000011,18.625,2.5250000000000004
9.3250000000000011,18.625,2.5750000000000002
9.3250000000000011,18.625,2.625
9.3250000000000011,18.625,2.6750000000000003
9.3250000000000011,18.625,2.7250000000000001
9.3250000000000011,18.625,2.7750000000000004
9.3250000000000011,18.625,2.8250000000000002
9.3250000000000011,18.625,2.875
9.3250000000000011,18.625,2.9250000000000003
9.3250000000000011,18.625,2.9750000000000001
9.3250000000000011,18.625,3.0250000000000004
9.3250000000000011,18.625,3.0750000000000002
9.3250000000000011,18.625,3.125
9.3250000000000011,18.675000000000001,1.8250000000000002
9.3250000000000011,18.675000000000001,1.875
9.3250000000000011,18.675000000000001,1.925
9.3250000000000011,18.675000000000001,1.9750000000000001
9.3250000000000011,18.675000000000001,2.0249999999999999
9.3250000000000011,18.675000000000001,2.0750000000000002
9.3250000000000011,18.675000000000001,2.125
9.3250000000000011,18.675000000000001,2.1750000000000003
9.3250000000000011,18.675000000000001,2.2250000000000001
9.3250000000000011,18.675000000000001,2.2749999999999999
9.3250000000000011,18.675000000000001,2.3250000000000002
9.3250000000000011,18.675000000000001,2.375
9.3250000000000011,18.675000000000001,2.4250000000000003
9.3250000000000011,18.675000000000001,2.4750000000000001
9.3250000000000011,18.675000000000001,2.5250000000000004
9.3250000000000011,18.675000000000001,2.5750000000000002
9.3250000000000011,18.675000000000001,2.625
9.3250000000000011,18.675000000000001,2.6750000000000003
9.3250000000000011,18.675000000000001,2.7250000000000001
9.3250000000000011,18.675000000000001,2.7750000000000004
9.3250000000000011,18.675000000000001,2.8250000000000002
9.3250000000000011,18.675000000000001,2.875
9.3250000000000011,18.675000000000001,2.9250000000000003
9.3250000000000011,18.675000000000001,2.9750000000000001
9.3250000000000011,18.675000000000001,3.0250000000000004
9.3250000000000011,18.675000000000001,3.0750000000000002
9.3250000000000011,18.675000000000001,3.125
9.3250000000000011,18.725000000000001,1.8250000000000002
9.3250000000000011,18.725000000000001,1.875
9.3250000000000011,18.725000000000001,1.925
9.3250000000000011,18.725000000000001,1.9750000000000001
9.3250000000000011,18.725000000000001,2.0249999999999999
9.3250000000000011,18.725000000000001,2.0750000000000002
9.3250000000000011,18.725000000000001,2.125
9.3250000000000011,18.725000000000001,2.1750000000000003
9.3250000000000011,18.725000000000001,2.2250000000000001
9.3250000000000011,18.725000000000001,2.2749999999999999
9.3250000000000011,18.725000000000001,2.3250000000000002
9.3250000000000011,18.725000000000001,2.375
9.3250000000000011,18.725000000000001,2.4250000000000003
9.3250000000000011,18.725000000000001,2.4750000000000001
9.3250000000000011,18.725000000000001,2.5250000000000004
9.3250000000000011,18.725000000000001,2.5750000000000002
9.3250000000000011,18.725000000000001,2.625
9.3250000000000011,18.725000000000001,2.6750000000000003
9.3250000000000011,18.725000000000001,2.7250000000000001
9.3250000000000011,18.725000000000001,2.7750000000000004
9.3250000000000011,18.725000000000001,2.8250000000000002
9.3250000000000011,18.725000000000001,2.875
9.3250000000000011,18.725000000000001,2.9250000000000003
9.3250000000000011,18.725000000000001,2.9750000000000001
9.3250000000000011,18.725000000000001,3.0250000000000004
9.3250000000000011,18.725000000000001,3.0750000000000002
9.3250000000000011,18.725000000000001,3.125
9.3250000000000011,18.775000000000002,1.875
9.3250000000000011,18.775000000000002,1.9750000000000001
9.3250000000000011,18.775000000000002,2.0750000000000002
9.375,18.574999999999999,1.925
9.375,18.574999999999999,2.0249999999999999
9.375,18.574999999999999,2.125
9.375,18.574999999999999,2.2250000000000001
9.375,18.574999999999999,2.875
9.375,18.574999999999999,2.9750000000000001
9.375,18.574999999999999,3.0750000000000002
9.375,18.574999999999999,3.125
9.375,18.625,1.8250000000000002
9.375,18.625,1.875
9.375,18.625,1.925
9.375,18.625,1.9750000000000001
9.375,18.625,2.0249999999999999
9.375,18.625,2.0750000000000002
9.375,18.625,2.125
9.375,18.625,2.1750000000000003
9.375,18.625,2.2250000000000001
9.375,18.625,2.2749999999999999
9.375,18.625,2.3250000000000002
9.375,18.625,2.375
9.375,18.625,2.4250000000000003
9.375,18.625,2.4750000000000001
9.375,18.625,2.5250000000000004
9.375,18.625,2.5750000000000002
9.375,18.625,2.625
9.375,18.625,2.6750000000000003
9.375,18.625,2.7250000000000001
9.375,18.625,2.7750000000000004
9.375,18.625,2.8250000000000002
9.375,18.625,2.875
9.375,18.625,2.9250000000000003
9.375,18.625,2.9750000000000001
9.375,18.625,3.0250000000000004
9.375,18.625,3.0750000000000002
9.375,18.625,3.125
9.375,18.675000000000001,1.8250000000000002
9.375,18.675000000000001,1.875
9.375,18.675000000000001,1.925
9.375,18.675000000000001,1.9750000000000001
9.375,18.675000000000001,2.0249999999999999
9.375,18.675000000000001,2.0750000000000002
9.375,18.675000000000001,2.125
9.375,18.675000000000001,2.1750000000000003
9.375,18.675000000000001,2.2250000000000001
9.375,18.675000000000001,2.2749999999999999
9.375,18.675000000000001,2.3250000000000002
9.375,18.675000000000001,2.375
9.375,18.675000000000001,2.4250000000000003
9.375,18.675000000000001,2.4750000000000001
9.375,18.675000000000001,2.5250000000000004
9.375,18.675000000000001,2.5750000000000002
9.375,18.675000000000001,2.625
9.375,18.675000000000001,2.6750000000000003
9.375,18.675000000000001,2.7250000000000001
9.375,18.675000000000001,2.7750000000000004
9.375,18.675000000000001,2.8250000000000002
9.375,18.675000000000001,2.875
9.375,18.675000000000001,2.9250000000000003
9.375,18.675000000000001,3.0250000000000004
9.375,18.675000000000001,3.0750000000000002
9.375,18.675000000000001,3.125
9.4250000000000007,18.574999999999999,1.8250000000000002
9.4250000000000007,18.574999999999999,1.875
9.4250000000000007,18.574999999999999,1.925
9.4250000000000007,18.574999999999999,1.9750000000000001
9.4250000000000007,18.574999999999999,2.0249999999999999
9.4250000000000007,18.574999999999999,2.0750000000000002
9.4250000000000007,18.574999999999999,2.125
9.4250000000000007,18.574999999999999,2.1750000000000003
9.4250000000000007,18.574999999999999,2.2250000000000001
9.4250000000000007,18.574999999999999,2.2749999999999999
9.4250000000000007,18.574999999999999,2.3250000000000002
9.4250000000000007,18.574999999999999,2.375
9.4250000000000007,18.574999999999999,2.4250000000000003
9.4250000000000007,18.574999999999999,2.4750000000000001
9.4250000000000007,18.574999999999999,2.5250000000000004
9.4250000000000007,18.574999999999999,2.5750000000000002
9.4250000000000007,18.574999999999999,2.625
9.4250000000000007,18.574999999999999,2.6750000000000003
9.4250000000000007,18.574999999999999,2.7250000000000001
9.4250000000000007,18.574999999999999,2.7750000000000004
9.4250000000000007,18.574999999999999,2.8250000000000002
9.4250000000000007,18.574999999999999,2.875
9.4250000000000007,18.574999999999999,2.9250000000000003
9.4250000000000007,18.574999999999999,2.9750000000000001
9.4250000000000007,18.574999999999999,3.0250000000000004
9.4250000000000007,18.574999999999999,3.0750000000000002
9.4250000000000007,18.574999999999999,3.125
9.4250000000000007,18.625,1.8250000000000002
9.4250000000000007,18.625,1.875
9.4250000000000007,18.625,1.925
9.4250000000000007,18.625,1.9750000000000001
9.4250000000000007,18.625,2.0249999999999999
9.4250000000000007,18.625,2.0750000000000002
9.4250000000000007,18.625,2.125
9.4250000000000007,18.625,2.1750000000000003
9.4250000000000007,18.625,2.2250000000000001
9.4250000000000007,18.625,2.2749999999999999
9.4250000000000007,18.625,2.3250000000000002
9.4250000000000007,18.625,2.375
9.4250000000000007,18.625,2.4250000000000003
9.4250000000000007,18.625,2.4750000000000001
9.4250000000000007,18.625,2.5250000000000004
9.4250000000000007,18.625,2.875
9.4250000000000007,18.625,2.9250000000000003
9.4250000000000007,18.625,2.9750000000000001
9.4250000000000007,18.625,3.0250000000000004
9.4250000000000007,18.625,3.0750000000000002
9.4250000000000007,18.625,3.125
9.4250000000000007,18.675000000000001,1.8250000000000002
9.4250000000000007,18.675000000000001,1.875
9.4250000000000007,18.675000000000001,1.925
9.4749999999999996,18.525000000000002,1.8250000000000002
9.4749999999999996,18.525000000000002,2.0249999999999999
9.4749999999999996,18.525000000000002,2.125
9.4749999999999996,18.525000000000002,3.0750000000000002
9.4749999999999996,18.574999999999999,1.8250000000000002
9.4749999999999996,18.574999999999999,1.875
9.4749999999999996,18.574999999999999,1.925
9.4749999999999996,18.574999999999999,1.9750000000000001
9.4749999999999996,18.574999999999999,2.0249999999999999
9.4749999999999996,18.574999999999999,2.0750000000000002
9.4749999999999996,18.574999999999999,2.125
9.4749999999999996,18.574999999999999,2.1750000000000003
9.4749999999999996,18.574999999999999,2.2250000000000001
9.4749999999999996,18.574999999999999,2.2749999999999999
9.4749999999999996,18.574999999999999,2.3250000000000002
9.4749999999999996,18.574999999999999,2.375
9.4749999999999996,18.574999999999999,2.4250000000000003
9.4749999999999996,18.574999999999999,2.4750000000000001
9.4749999999999996,18.574999999999999,2.5250000000000004
9.4749999999999996,18.574999999999999,2.5750000000000002
9.4749999999999996,18.574999999999999,2.625
9.4749999999999996,18.574999999999999,2.6750000000000003
9.4749999999999996,18.574999999999999,2.7250000000000001
9.4749999999999996,18.574999999999999,2.7750000000000004
9.4749999999999996,18.574999999999999,2.8250000000000002
9.4749999999999996,18.574999999999999,2.875
9.4749999999999996,18.574999999999999,2.9250000000000003
9.4749999999999996,18.574999999999999,2.9750000000000001
9.4749999999999996,18.574999999999999,3.0250000000000004
9.4749999999999996,18.574999999999999,3.0750000000000002
9.4749999999999996,18.574999999999999,3.125
9.4749999999999996,18.625,1.8250000000000002
9.4749999999999996,18.625,1.875
9.4749999999999996,18.625,1.925
9.4749999999999996,18.625,1.9750000000000001
9.4749999999999996,18.625,2.0249999999999999
9.4749999999999996,18.625,2.0750000000000002
9.5250000000000004,18.525000000000002,1.925
9.5250000000000004,18.525000000000002,1.9750000000000001
9.5250000000000004,18.525000000000002,2.0750000000000002
9.5250000000000004,18.525000000000002,2.2749999999999999
9.5250000000000004,18.525000000000002,2.375
9.5250000000000004,18.525000000000002,2.4250000000000003
9.5250000000000004,18.525000000000002,2.4750000000000001
9.5250000000000004,18.525000000000002,2.5250000000000004
9.5250000000000004,18.525000000000002,2.5750000000000002
9.5250000000000004,18.525000000000002,2.625
9.5250000000000004,18.525000000000002,2.6750000000000003
9.5250000000000004,18.525000000000002,2.8250000000000002
9.5250000000000004,18.525000000000002,2.875
9.5250000000000004,18.525000000000002,3.0250000000000004
9.5250000000000004,18.574999999999999,1.8250000000000002
9.5250000000000004,18.574999999999999,1.875
9.5250000000000004,18.574999999999999,1.925
9.5250000000000004,18.574999999999999,1.9750000000000001
9.5250000000000004,18.574999999999999,2.0750000000000002
9.5250000000000004,18.574999999999999,2.1750000000000003
9.5250000000000004,18.574999999999999,2.2749999999999999
9.5250000000000004,18.574999999999999,2.875
9.5750000000000011,18.525000000000002,1.9750000000000001
9.5750000000000011,18.525000000000002,2.0750000000000002
9.5750000000000011,18.525000000000002,2.1750000000000003
9.5750000000000011,18.574999999999999,1.875
10.225000000000001,17.824999999999999,1.8250000000000002
10.225000000000001,17.824999999999999,1.925
10.225000000000001,17.824999999999999,2.0249999999999999
10.225000000000001,17.824999999999999,3.0750000000000002
10.225000000000001,17.875,1.8250000000000002
10.225000000000001,17.875,1.875
10.225000000000001,17.875,1.925
10.225000000000001,17.875,1.9750000000000001
10.225000000000001,17.875,2.0249999999999999
10.225000000000001,17.875,2.0750000000000002
10.225000000000001,17.875,2.125
10.225000000000001,17.875,2.1750000000000003
10.225000000000001,17.875,2.2250000000000001
10.225000000000001,17.875,2.2749999999999999
10.225000000000001,17.875,2.3250000000000002
10.225000000000001,17.875,2.375
10.225000000000001,17.875,2.4250000000000003
10.225000000000001,17.875,2.4750000000000001
10.225000000000001,17.875,2.5250000000000004
10.225000000000001,17.875,2.5750000000000002
10.225000000000001,17.875,2.625
10.225000000000001,17.875,2.6750000000000003
10.225000000000001,17.875,2.7250000000000001
10.225000000000001,17.875,2.7750000000000004
10.225000000000001,17.875,2.8250000000000002
10.225000000000001,17.875,2.875
10.225000000000001,17.875,2.9250000000000003
10.225000000000001,17.875,2.9750000000000001
10.225000000000001,17.875,3.0250000000000004
10.225000000000001,17.875,3.0750000000000002
10.225000000000001,17.875,3.125
10.225000000000001,17.925000000000001,1.8250000000000002
10.225000000000001,17.925000000000001,1.875
10.225000000000001,17.925000000000001,1.925
10.225000000000001,17.925000000000001,1.9750000000000001
10.225000000000001,17.925000000000001,2.0249999999999999
10.225000000000001,17.925000000000001,2.0750000000000002
10.225000000000001,17.925000000000001,2.125
10.225000000000001,17.925000000000001,2.1750000000000003
10.225000000000001,17.925000000000001,2.2250000000000001
10.225000000000001,17.925000000000001,2.2749999999999999
10.225000000000001,17.925000000000001,2.3250000000000002
10.225000000000001,17.925000000000001,2.375
10.225000000000001,17.925000000000001,2.4250000000000003
10.225000000000001,17.925000000000001,2.4750000000000001
10.225000000000001,17.925000000000001,2.5250000000000004
10.225000000000001,17.925000000000001,2.5750000000000002
10.225000000000001,17.925000000000001,2.625
10.225000000000001,17.925000000000001,2.6750000000000003
10.225000000000001,17.925000000000001,2.7250000000000001
10.225000000000001,17.925000000000001,2.7750000000000004
10.225000000000001,17.925000000000001,2.8250000000000002
10.225000000000001,17.925000000000001,2.875
10.225000000000001,17.925000000000001,2.9250000000000003
10.225000000000001,17.925000000000001,2.9750000000000001
10.225000000000001,17.925000000000001,3.0250000000000004
10.225000000000001,17.925000000000001,3.0750000000000002
10.225000000000001,17.925000000000001,3.125
10.225000000000001,17.975000000000001,1.8250000000000002
10.225000000000001,17.975000000000001,1.875
10.225000000000001,17.975000000000001,1.925
10.225000000000001,17.975000000000001,1.9750000000000001
10.225000000000001,17.975000000000001,2.0249999999999999
10.225000000000001,17.975000000000001,2.0750000000000002
10.225000000000001,17.975000000000001,2.125
10.225000000000001,17.975000000000001,2.1750000000000003
10.225000000000001,17.975000000000001,2.2250000000000001
10.225000000000001,17.975000000000001,2.2749999999999999
10.225000000000001,17.975000000000001,2.3250000000000002
10.225000000000001,17.975000000000001,2.375
10.225000000000001,17.975000000000001,2.4250000000000003
10.225000000000001,17.975000000000001,2.4750000000000001
10.225000000000001,17.975000000000001,2.5250000000000004
10.225000000000001,17.975000000000001,2.5750000000000002
10.225000000000001,17.975000000000001,2.625
10.225000000000001,17.975000000000001,2.6750000000000003
10.225000000000001,17.975000000000001,2.7250000000000001
10.225000000000001,17.975000000000001,2.7750000000000004
10.225000000000001,17.975000000000001,2.8250000000000002
10.225000000000001,17.975000000000001,2.875
10.225000000000001,17.975000000000001,2.9250000000000003
10.225000000000001,17.975000000000001,2.9750000000000001
10.225000000000001,17.975000000000001,3.0250000000000004
10.225000000000001,17.975000000000001,3.0750000000000002
10.225000000000001,17.975000000000001,3.125
10.225000000000001,18.025000000000002,1.8250000000000002
10.225000000000001,18.025000000000002,1.875
10.225000000000001,18.025000000000002,1.925
10.225000000000001,18.025000000000002,1.9750000000000001
10.225000000000001,18.025000000000002,2.0249999999999999
10.225000000000001,18.025000000000002,2.0750000000000002
10.225000000000001,18.025000000000002,2.125
10.225000000000001,18.025000000000002,2.1750000000000003
10.225000000000001,18.025000000000002,2.2250000000000001
10.225000000000001,18.025000000000002,2.2749999999999999
10.225000000000001,18.025000000000002,2.3250000000000002
10.225000000000001,18.025000000000002,2.375
10.225000000000001,18.025000000000002,2.4250000000000003
10.225000000000001,18.025000000000002,2.4750000000000001
10.225000000000001,18.025000000000002,2.5250000000000004
10.225000000000001,18.025000000000002,2.5750000000000002
10.225000000000001,18.025000000000002,2.625
10.225000000000001,18.025000000000002,2.6750000000000003
10.225000000000001,18.025000000000002,2.7250000000000001
10.225000000000001,18.025000000000002,2.7750000000000004
10.225000000000001,18.025000000000002,2.8250000000000002
10.225000000000001,18.025000000000002,2.875
10.225000000000001,18.025000000000002,2.9250000000000003
10.225000000000001,18.025000000000002,2.9750000000000001
10.225000000000001,18.025000000000002,3.0250000000000004
10.225000000000001,18.025000000000002,3.0750000000000002
10.225000000000001,18.025000000000002,3.125
10.225000000000001,18.074999999999999,1.8250000000000002
10.225000000000001,18.074999999999999,1.875
10.225000000000001,18.074999999999999,1.925
10.225000000000001,18.074999999999999,1.9750000000000001
10.225000000000001,18.074999999999999,2.0249999999999999
10.225000000000001,18.074999999999999,2.0750000000000002
10.225000000000001,18.074999999999999,2.125
10.225000000000001,18.074999999999999,2.1750000000000003
10.225000000000001,18.074999999999999,2.2250000000000001
10.225000000000001,18.074999999999999,2.2749999999999999
10.225000000000001,18.074999999999999,2.3250000000000002
10.225000000000001,18.074999999999999,2.375
10.225000000000001,18.074999999999999,2.4250000000000003
10.225000000000001,18.074999999999999,2.4750000000000001
10.225000000000001,18.074999999999999,2.5250000000000004
10.225000000000001,18.074999999999999,2.5750000000000002
10.225000000000001,18.074999999999999,2.625
10.225000000000001,18.074999999999999,2.6750000000000003
10.225000000000001,18.074999999999999,2.7250000000000001
10.225000000000001,18.074999999999999,2.7750000000000004
10.225000000000001,18.074999999999999,2.8250000000000002
10.225000000000001,18.074999999999999,2.875
10.225000000000001,18.074999999999999,2.9250000000000003
10.225000000000001,18.074999999999999,2.9750000000000001
10.225000000000001,18.074999999999999,3.0250000000000004
10.225000000000001,18.074999999999999,3.0750000000000002
10.225000000000001,18.074999999999999,3.125
10.225000000000001,18.125,1.8250000000000002
10.225000000000001,18.125,1.875
10.225000000000001,18.125,1.925
10.225000000000001,18.125,1.9750000000000001
10.225000000000001,18.125,2.0249999999999999
10.225000000000001,18.125,2.0750000000000002
10.225000000000001,18.125,2.125
10.225000000000001,18.125,2.1750000000000003
10.225000000000001,18.125,2.2250000000000001
10.225000000000001,18.125,2.3250000000000002
10.225000000000001,18.125,2.4250000000000003
10.225000000000001,18.125,2.7750000000000004
10.225000000000001,18.125,2.875
10.225000000000001,18.125,2.9250000000000003
10.225000000000001,18.125,2.9750000000000001
10.225000000000001,18.125,3.0250000000000004
10.225000000000001,18.125,3.0750000000000002
10.225000000000001,18.125,3.125
10.225000000000001,18.175000000000001,1.8250000000000002
10.225000000000001,18.175000000000001,1.925
10.225000000000001,18.175000000000001,2.0249999999999999
10.225000000000001,18.175000000000001,2.125
10.275,17.725000000000001,1.8250000000000002
10.275,17.725000000000001,1.875
10.275,17.725000000000001,1.925
10.275,17.725000000000001,1.9750000000000001
10.275,17.725000000000001,2.0249999999999999
10.275,17.725000000000001,2.0750000000000002
10.275,17.725000000000001,2.125
10.275,17.725000000000001,2.1750000000000003
10.275,17.725000000000001,2.2250000000000001
10.275,17.725000000000001,2.2749999999999999
10.275,17.725000000000001,2.3250000000000002
10.275,17.725000000000001,2.375
10.275,17.725000000000001,2.4250000000000003
10.275,17.725000000000001,2.5250000000000004
10.275,17.725000000000001,2.7750000000000004
10.275,17.725000000000001,2.875
10.275,17.725000000000001,2.9250000000000003
10.275,17.725000000000001,2.9750000000000001
10.275,17.725000000000001,3.0250000000000004
10.275,17.725000000000001,3.0750000000000002
10.275,17.725000000000001,3.125
10.275,17.775000000000002,1.8250000000000002
10.275,17.775000000000002,1.875
10.275,17.775000000000002,1.925
10.275,17.775000000000002,1.9750000000000001
10.275,17.775000000000002,2.0249999999999999
10.275,17.775000000000002,2.0750000000000002
10.275,17.775000000000002,2.125
10.275,17.775000000000002,2.1750000000000003
10.275,17.775000000000002,2.2250000000000001
10.275,17.775000000000002,2.2749999999999999
10.275,17.775000000000002,2.3250000000000002
10.275,17.775000000000002,2.375
10.275,17.775000000000002,2.4250000000000003
10.275,17.775000000000002,2.4750000000000001
10.275,17.775000000000002,2.5250000000000004
10.275,17.775000000000002,2.5750000000000002
10.275,17.775000000000002,2.625
10.275,17.775000000000002,2.6750000000000003
10.275,17.775000000000002,2.7250000000000001
10.275,17.775000000000002,2.7750000000000004
10.275,17.775000000000002,2.8250000000000002
10.275,17.775000000000002,2.875
10.275,17.775000000000002,2.9250000000000003
10.275,17.775000000000002,2.9750000000000001
10.275,17.775000000000002,3.0250000000000004
10.275,17.775000000000002,3.0750000000000002
10.275,17.775000000000002,3.125
10.275,17.824999999999999,1.8250000000000002
10.275,17.824999999999999,1.875
10.275,17.824999999999999,1.925
10.275,17.824999999999999,1.9750000000000001
10.275,17.824999999999999,2.0249999999999999
10.275,17.824999999999999,2.0750000000000002
10.275,17.824999999999999,2.125
10.275,17.824999999999999,2.1750000000000003
10.275,17.824999999999999,2.2250000000000001
10.275,17.824999999999999,2.2749999999999999
10.275,17.824999999999999,2.3250000000000002
10.275,17.824999999999999,2.375
10.275,17.824999999999999,2.4250000000000003
10.275,17.824999999999999,2.4750000000000001
10.275,17.824999999999999,2.5250000000000004
10.275,17.824999999999999,2.5750000000000002
10.275,17.824999999999999,2.625
10.275,17.824999999999999,2.6750000000000003
10.275,17.824999999999999,2.7250000000000001
10.275,17.824999999999999,2.7750000000000004
10.275,17.824999999999999,2.8250000000000002
10.275,17.824999999999999,2.875
10.275,17.824999999999999,2.9250000000000003
10.275,17.824999999999999,2.9750000000000001
10.275,17.824999999999999,3.0250000000000004
10.275,17.824999999999999,3.0750000000000002
10.275,17.824999999999999,3.125
10.275,17.875,1.8250000000000002
10.275,17.875,1.875
10.275,17.875,1.925
10.275,17.875,1.9750000000000001
10.275,17.875,2.0249999999999999
10.275,17.875,2.0750000000000002
10.275,17.875,2.125
10.275,17.875,2.1750000000000003
10.275,17.875,2.2250000000000001
10.275,17.875,2.2749999999999999
10.275,17.875,2.3250000000000002
10.275,17.875,2.375
10.275,17.875,2.4250000000000003
10.275,17.875,2.4750000000000001
10.275,17.875,2.5250000000000004
10.275,17.875,2.5750000000000002
10.275,17.875,2.625
10.275,17.875,2.6750000000000003
10.275,17.875,2.7250000000000001
10.275,17.875,2.7750000000000004
10.275,17.875,2.8250000000000002
10.275,17.875,2.875
10.275,17.875,2.9250000000000003
10.275,17.875,2.9750000000000001
10.275,17.875,3.0250000000000004
10.275,17.875,3.0750000000000002
10.275,17.875,3.125
10.275,17.925000000000001,1.8250000000000002
10.275,17.925000000000001,1.875
10.275,17.925000000000001,1.925
10.275,17.925000000000001,1.9750000000000001
10.275,17.925000000000001,2.0249999999999999
10.275,17.925000000000001,2.0750000000000002
10.275,17.925000000000001,2.125
10.275,17.925000000000001,2.1750000000000003
10.275,17.925000000000001,2.2250000000000001
10.275,17.925000000000001,2.2749999999999999
10.275,17.925000000000001,2.3250000000000002
10.275,17.925000000000001,2.375
10.275,17.925000000000001,2.4250000000000003
10.275,17.925000000000001,2.4750000000000001
10.275,17.925000000000001,2.5250000000000004
10.275,17.925000000000001,2.5750000000000002
10.275,17.925000000000001,2.625
10.275,17.925000000000001,2.6750000000000003
10.275,17.925000000000001,2.7250000000000001
10.275,17.925000000000001,2.7750000000000004
10.275,17.925000000000001,2.8250000000000002
10.275,17.925000000000001,2.875
10.275,17.925000000000001,2.9250000000000003
10.275,17.925000000000001,2.9750000000000001
10.275,17.925000000000001,3.0250000000000004
10.275,17.925000000000001,3.0750000000000002
10.275,17.925000000000001,3.125
10.275,17.975000000000001,1.8250000000000002
10.275,17.975000000000001,1.875
10.275,17.975000000000001,1.925
10.275,17.975000000000001,1.9750000000000001
10.275,17.975000000000001,2.0249999999999999
10.275,17.975000000000001,2.0750000000000002
10.275,17.975000000000001,2.125
10.275,17.975000000000001,2.1750000000000003
10.275,17.975000000000001,2.2250000000000001
10.275,17.975000000000001,2.2749999999999999
10.275,17.975000000000001,2.3250000000000002
10.275,17.975000000000001,2.375
10.275,17.975000000000001,2.4250000000000003
10.275,17.975000000000001,2.4750000000000001
10.275,17.975000000000001,2.5250000000000004
10.275,17.975000000000001,2.5750000000000002
10.275,17.975000000000001,2.625
10.275,17.975000000000001,2.6750000000000003
10.275,17.975000000000001,2.7250000000000001
10.275,17.975000000000001,2.7750000000000004
10.275,17.975000000000001,2.8250000000000002
10.275,17.975000000000001,2.875
10.275,17.975000000000001,2.9250000000000003
10.275,17.975000000000001,2.9750000000000001
10.275,17.975000000000001,3.0250000000000004
10.275,17.975000000000001,3.0750000000000002
10.275,17.975000000000001,3.125
10.275,18.025000000000002,1.8250000000000002
10.275,18.025000000000002,1.875
10.275,18.025000000000002,1.925
10.275,18.025000000000002,1.9750000000000001
10.275,18.025000000000002,2.0249999999999999
10.275,18.025000000000002,2.0750000000000002
10.275,18.025000000000002,2.125
10.275,18.025000000000002,2.1750000000000003
10.275,18.025000000000002,2.2250000000000001
10.275,18.025000000000002,2.2749999999999999
10.275,18.025000000000002,2.3250000000000002
10.275,18.025000000000002,2.375
10.275,18.025000000000002,2.4250000000000003
10.275,18.025000000000002,2.4750000000000001
10.275,18.025000000000002,2.5250000000000004
10.275,18.025000000000002,2.5750000000000002
10.275,18.025000000000002,2.625
10.275,18.025000000000002,2.6750000000000003
10.275,18.025000000000002,2.7250000000000001
10.275,18.025000000000002,2.7750000000000004
10.275,18.025000000000002,2.8250000000000002
10.275,18.025000000000002,2.875
10.275,18.025000000000002,2.9250000000000003
10.275,18.025000000000002,2.9750000000000001
10.275,18.025000000000002,3.0250000000000004
10.275,18.025000000000002,3.0750000000000002
10.275,18.025000000000002,3.125
10.275,18.074999999999999,1.8250000000000002
10.275,18.074999999999999,1.875
10.275,18.074999999999999,1.9750000000000001
10.275,18.074999999999999,2.0249999999999999
10.275,18.074999999999999,2.0750000000000002
10.275,18.074999999999999,2.125
10.275,18.074999999999999,2.1750000000000003
10.275,18.074999999999999,2.2250000000000001
10.275,18.074999999999999,2.2749999999999999
10.275,18.074999999999999,2.3250000000000002
10.275,18.074999999999999,2.375
10.275,18.074999999999999,2.4250000000000003
10.275,18.074999999999999,2.4750000000000001
10.275,18.074999999999999,2.5250000000000004
10.275,18.074999999999999,2.5750000000000002
10.275,18.074999999999999,2.625
10.275,18.074999999999999,2.6750000000000003
10.275,18.074999999999999,2.7250000000000001
10.275,18.074999999999999,2.7750000000000004
10.275,18.074999999999999,2.8250000000000002
10.275,18.074999999999999,2.875
10.275,18.074999999999999,2.9250000000000003
10.275,18.074999999999999,2.9750000000000001
10.275,18.074999999999999,3.0250000000000004
10.275,18.074999999999999,3.0750000000000002
10.275,18.074999999999999,3.125
10.275,18.125,1.8250000000000002
10.275,18.125,1.875
10.275,18.125,1.925
10.275,18.125,1.9750000000000001
10.275,18.125,2.0249999999999999
10.275,18.125,2.0750000000000002
10.275,18.125,2.125
10.275,18.125,2.1750000000000003
10.275,18.125,2.2250000000000001
10.275,18.125,2.2749999999999999
10.275,18.125,2.3250000000000002
10.275,18.125,2.375
10.275,18.125,2.4250000000000003
10.275,18.125,2.4750000000000001
10.275,18.125,2.5250000000000004
10.275,18.125,2.5750000000000002
10.275,18.125,2.625
10.275,18.125,2.6750000000000003
10.275,18.125,2.7250000000000001
10.275,18.125,2.7750000000000004
10.275,18.125,2.8250000000000002
10.275,18.125,2.875
10.275,18.125,2.9250000000000003
10.275,18.125,2.9750000000000001
10.275,18.125,3.0250000000000004
10.275,18.125,3.0750000000000002
10.275,18.125,3.125
10.275,18.175000000000001,1.8250000000000002
10.275,18.175000000000001,1.875
10.275,18.175000000000001,1.925
10.275,18.175000000000001,1.9750000000000001
10.275,18.175000000000001,2.0249999999999999
10.275,18.175000000000001,2.0750000000000002
10.275,18.175000000000001,2.125
10.275,18.175000000000001,2.1750000000000003
10.275,18.175000000000001,2.2250000000000001
10.275,18.175000000000001,2.2749999999999999
10.275,18.175000000000001,2.3250000000000002
10.275,18.175000000000001,2.375
10.275,18.175000000000001,2.4250000000000003
10.275,18.175000000000001,2.4750000000000001
10.275,18.175000000000001,2.5250000000000004
10.275,18.175000000000001,2.5750000000000002
10.275,18.175000000000001,2.625
10.275,18.175000000000001,2.6750000000000003
10.275,18.175000000000001,2.7250000000000001
10.275,18.175000000000001,2.7750000000000004
10.275,18.175000000000001,2.8250000000000002
10.275,18.175000000000001,2.875
10.275,18.175000000000001,2.9250000000000003
10.275,18.175000000000001,2.9750000000000001
10.275,18.175000000000001,3.0250000000000004
10.275,18.175000000000001,3.0750000000000002
10.275,18.175000000000001,3.125
10.275,18.225000000000001,1.8250000000000002
10.275,18.225000000000001,1.875
10.275,18.225000000000001,1.925
10.275,18.225000000000001,1.9750000000000001
10.275,18.225000000000001,2.0249999999999999
10.275,18.225000000000001,2.0750000000000002
10.275,18.225000000000001,2.125
10.275,18.225000000000001,2.1750000000000003
10.275,18.225000000000001,2.2250000000000001
10.275,18.225000000000001,2.2749999999999999
10.275,18.225000000000001,2.3250000000000002
10.275,18.225000000000001,2.375
10.275,18.225000000000001,2.4250000000000003
10.275,18.225000000000001,2.4750000000000001
10.275,18.225000000000001,2.5250000000000004
10.275,18.225000000000001,2.5750000000000002
10.275,18.225000000000001,2.625
10.275,18.225000000000001,2.6750000000000003
10.275,18.225000000000001,2.7250000000000001
10.275,18.225000000000001,2.7750000000000004
10.275,18.225000000000001,2.8250000000000002
10.275,18.225000000000001,2.875
10.275,18.225000000000001,2.9250000000000003
10.275,18.225000000000001,2.9750000000000001
10.275,18.225000000000001,3.0250000000000004
10.275,18.225000000000001,3.0750000000000002
10.275,18.225000000000001,3.125
10.275,18.275000000000002,1.8250000000000002
10.275,18.275000000000002,1.925
10.275,18.275000000000002,2.0249999999999999
10.275,18.275000000000002,2.125
10.275,18.275000000000002,2.2250000000000001
10.325000000000001,17.625,2.125
10.325000000000001,17.625,2.9750000000000001
10.325000000000001,17.675000000000001,1.8250000000000002
10.325000000000001,17.675000000000001,1.875
10.325000000000001,17.675000000000001,1.925
10.325000000000001,17.675000000000001,1.9750000000000001
10.325000000000001,17.675000000000001,2.0249999999999999
10.325000000000001,17.675000000000001,2.0750000000000002
10.325000000000001,17.675000000000001,2.125
10.325000000000001,17.675000000000001,2.1750000000000003
10.325000000000001,17.675000000000001,2.2250000000000001
10.325000000000001,17.675000000000001,2.2749999999999999
10.325000000000001,17.675000000000001,2.3250000000000002
10.325000000000001,17.675000000000001,2.375
10.325000000000001,17.675000000000001,2.4250000000000003
10.325000000000001,17.675000000000001,2.4750000000000001
10.325000000000001,17.675000000000001,2.5250000000000004
10.325000000000001,17.675000000000001,2.5750000000000002
10.325000000000001,17.675000000000001,2.625
10.325000000000001,17.675000000000001,2.6750000000000003
10.325000000000001,17.675000000000001,2.7250000000000001
10.325000000000001,17.675000000000001,2.7750000000000004
10.325000000000001,17.675000000000001,2.8250000000000002
10.325000000000001,17.675000000000001,2.875
10.325000000000001,17.675000000000001,2.9250000000000003
10.325000000000001,17.675000000000001,2.9750000000000001
10.325000000000001,17.675000000000001,3.0250000000000004
10.325000000000001,17.675000000000001,3.0750000000000002
10.325000000000001,17.675000000000001,3.125
10.325000000000001,17.725000000000001,1.8250000000000002
10.325000000000001,17.725000000000001,1.875
10.325000000000001,17.725000000000001,1.925
10.325000000000001,17.725000000000001,1.9750000000000001
10.325000000000001,17.725000000000001,2.0249999999999999
10.325000000000001,17.725000000000001,2.0750000000000002
10.325000000000001,17.725000000000001,2.125
10.325000000000001,17.725000000000001,2.1750000000000003
10.325000000000001,17.725000000000001,2.2250000000000001
10.325000000000001,17.725000000000001,2.2749999999999999
10.325000000000001,17.725000000000001,2.3250000000000002
10.325000000000001,17.725000000000001,2.375
10.325000000000001,17.725000000000001,2.4250000000000003
10.325000000000001,17.725000000000001,2.4750000000000001
10.325000000000001,17.725000000000001,2.5250000000000004
10.325000000000001,17.725000000000001,2.5750000000000002
10.325000000000001,17.725000000000001,2.625
10.325000000000001,17.725000000000001,2.6750000000000003
10.325000000000001,17.725000000000001,2.7250000000000001
10.325000000000001,17.725000000000001,2.7750000000000004
10.325000000000001,17.725000000000001,2.8250000000000002
10.325000000000001,17.725000000000001,2.875
10.325000000000001,17.725000000000001,2.9250000000000003
10.325000000000001,17.725000000000001,2.9750000000000001
10.325000000000001,17.725000000000001,3.0250000000000004
10.325000000000001,17.725000000000001,3.0750000000000002
10.325000000000001,17.725000000000001,3.125
10.325000000000001,17.775000000000002,1.8250000000000002
10.325000000000001,17.775000000000002,1.875
10.325000000000001,17.775000000000002,1.925
10.325000000000001,17.775000000000002,1.9750000000000001
10.325000000000001,17.775000000000002,2.0249999999999999
10.325000000000001,17.775000000000002,2.0750000000000002
10.325000000000001,17.775000000000002,2.125
10.325000000000001,17.775000000000002,2.1750000000000003
10.325000000000001,17.775000000000002,2.2250000000000001
10.325000000000001,17.775000000000002,2.2749999999999999
10.325000000000001,17.775000000000002,2.3250000000000002
10.325000000000001,17.775000000000002,2.375
10.325000000000001,17.775000000000002,2.4250000000000003
10.325000000000001,17.775000000000002,2.4750000000000001
10.325000000000001,17.775000000000002,2.5250000000000004
10.325000000000001,17.775000000000002,2.5750000000000002
10.325000000000001,17.775000000000002,2.625
10.325000000000001,17.775000000000002,2.6750000000000003
10.325000000000001,17.775000000000002,2.7250000000000001
10.325000000000001,17.775000000000002,2.7750000000000004
10.325000000000001,17.775000000000002,2.8250000000000002
10.325000000000001,17.775000000000002,2.875
10.325000000000001,17.775000000000002,2.9250000000000003
10.325000000000001,17.775000000000002,2.9750000000000001
10.325000000000001,17.775000000000002,3.0250000000000004
10.325000000000001,17.775000000000002,3.0750000000000002
10.325000000000001,17.775000000000002,3.125
10.325000000000001,17.824999999999999,2.7750000000000004
10.325000000000001,18.225000000000001,1.875
10.325000000000001,18.225000000000001,1.9750000000000001
10.325000000000001,18.225000000000001,2.0750000000000002
10.325000000000001,18.225000000000001,2.1750000000000003
10.325000000000001,18.225000000000001,2.2749999999999999
10.325000000000001,18.225000000000001,2.3250000000000002
10.325000000000001,18.225000000000001,2.375
10.325000000000001,18.225000000000001,2.4250000000000003
10.325000000000001,18.225000000000001,2.4750000000000001
10.325000000000001,18.225000000000001,2.5250000000000004
10.325000000000001,18.225000000000001,2.5750000000000002
10.325000000000001,18.225000000000001,2.625
10.325000000000001,18.225000000000001,2.6750000000000003
10.325000000000001,18.225000000000001,2.7250000000000001
10.325000000000001,18.225000000000001,2.7750000000000004
10.325000000000001,18.225000000000001,2.8250000000000002
10.325000000000001,18.225000000000001,2.875
10.325000000000001,18.225000000000001,2.9250000000000003
10.325000000000001,18.225000000000001,2.9750000000000001
10.325000000000001,18.225000000000001,3.0250000000000004
10.325000000000001,18.225000000000001,3.0750000000000002
10.325000000000001,18.225000000000001,3.125
10.325000000000001,18.275000000000002,1.8250000000000002
10.325000000000001,18.275000000000002,1.875
10.325000000000001,18.275000000000002,1.925
10.325000000000001,18.275000000000002,1.9750000000000001
10.325000000000001,18.275000000000002,2.0249999999999999
10.325000000000001,18.275000000000002,2.0750000000000002
10.325000000000001,18.275000000000002,2.125
10.325000000000001,18.275000000000002,2.1750000000000003
10.325000000000001,18.275000000000002,2.2250000000000001
10.325000000000001,18.275000000000002,2.2749999999999999
10.325000000000001,18.275000000000002,2.3250000000000002
10.325000000000001,18.275000000000002,2.4250000000000003
10.325000000000001,18.275000000000002,2.5250000000000004
10.325000000000001,18.275000000000002,2.5750000000000002
10.325000000000001,18.275000000000002,2.625
10.325000000000001,18.275000000000002,2.6750000000000003
10.325000000000001,18.275000000000002,2.7250000000000001
10.325000000000001,18.275000000000002,2.7750000000000004
10.325000000000001,18.275000000000002,2.875
10.325000000000001,18.275000000000002,2.9250000000000003
10.325000000000001,18.275000000000002,2.9750000000000001
10.325000000000001,18.275000000000002,3.0250000000000004
10.325000000000001,18.275000000000002,3.0750000000000002
10.325000000000001,18.275000000000002,3.125
10.375,17.625,1.8250000000000002
10.375,17.625,1.875
10.375,17.625,1.925
10.375,17.625,1.9750000000000001
10.375,17.625,2.0249999999999999
10.375,17.625,2.0750000000000002
10.375,17.625,2.125
10.375,17.625,2.1750000000000003
10.375,17.625,2.2250000000000001
10.375,17.625,2.2749999999999999
10.375,17.625,2.3250000000000002
10.375,17.625,2.375
10.375,17.625,2.4250000000000003
10.375,17.625,2.4750000000000001
10.375,17.625,2.5250000000000004
10.375,17.625,2.5750000000000002
10.375,17.625,2.625
10.375,17.625,2.6750000000000003
10.375,17.625,2.7250000000000001
10.375,17.625,2.7750000000000004
10.375,17.625,2.8250000000000002
10.375,17.625,2.875
10.375,17.625,2.9250000000000003
10.375,17.625,2.9750000000000001
10.375,17.625,3.0250000000000004
10.375,17.625,3.0750000000000002
10.375,17.625,3.125
10.375,17.675000000000001,1.8250000000000002
10.375,17.675000000000001,1.875
10.375,17.675000000000001,1.925
10.375,17.675000000000001,1.9750000000000001
10.375,17.675000000000001,2.0249999999999999
10.375,17.675000000000001,2.0750000000000002
10.375,17.675000000000001,2.125
10.375,17.675000000000001,2.1750000000000003
10.375,17.675000000000001,2.2250000000000001
10.375,17.675000000000001,2.2749999999999999
10.375,17.675000000000001,2.3250000000000002
10.375,17.675000000000001,2.375
10.375,17.675000000000001,2.4250000000000003
10.375,17.675000000000001,2.4750000000000001
10.375,17.675000000000001,2.5250000000000004
10.375,17.675000000000001,2.5750000000000002
10.375,17.675000000000001,2.625
10.375,17.675000000000001,2.6750000000000003
10.375,17.675000000000001,2.7250000000000001
10.375,17.675000000000001,2.7750000000000004
10.375,17.675000000000001,2.8250000000000002
10.375,17.675000000000001,2.875
10.375,17.675000000000001,2.9250000000000003
10.375,17.675000000000001,2.9750000000000001
10.375,17.675000000000001,3.0250000000000004
10.375,17.675000000000001,3.0750000000000002
10.375,17.675000000000001,3.125
10.375,17.725000000000001,1.925
10.425000000000001,17.625,1.8250000000000002
10.425000000000001,17.625,1.875
10.425000000000001,17.625,1.925
10.425000000000001,17.625,1.9750000000000001
10.425000000000001,17.625,2.0750000000000002
10.425000000000001,17.625,2.125
10.425000000000001,17.625,2.2250000000000001
10.425000000000001,17.625,2.2749999999999999
10.425000000000001,17.625,2.4250000000000003
10.425000000000001,17.625,2.4750000000000001
10.425000000000001,17.625,2.5250000000000004
10.425000000000001,17.625,2.5750000000000002
10.425000000000001,17.625,2.625
10.425000000000001,17.625,2.6750000000000003
10.425000000000001,17.625,2.7250000000000001
10.425000000000001,17.625,2.7750000000000004
10.425000000000001,17.625,2.8250000000000002
10.425000000000001,17.625,2.875
10.425000000000001,17.625,2.9750000000000001
10.425000000000001,17.625,3.0250000000000004
10.425000000000001,17.625,3.0750000000000002
10.425000000000001,17.625,3.125
9.2249999999999996,18.175000000000001,1.875
9.2249999999999996,18.175000000000001,1.925
9.2249999999999996,18.175000000000001,2.0249999999999999
9.2249999999999996,18.175000000000001,2.125
9.2249999999999996,18.175000000000001,2.1750000000000003
9.2249999999999996,18.175000000000001,2.375
9.2249999999999996,18.175000000000001,2.8250000000000002
9.2249999999999996,18.175000000000001,2.875
9.2249999999999996,18.175000000000001,2.9250000000000003
9.2249999999999996,18.175000000000001,3.0250000000000004
9.2249999999999996,18.175000000000001,3.0750000000000002
9.2249999999999996,18.225000000000001,2.2749999999999999
9.2249999999999996,18.225000000000001,2.3250000000000002
9.2249999999999996,18.225000000000001,2.375
9.2249999999999996,18.225000000000001,2.4250000000000003
9.2249999999999996,18.225000000000001,2.4750000000000001
9.2249999999999996,18.225000000000001,2.5250000000000004
9.2249999999999996,18.225000000000001,2.5750000000000002
9.2249999999999996,18.225000000000001,2.7250000000000001
9.2249999999999996,18.225000000000001,2.8250000000000002
9.2249999999999996,18.225000000000001,2.875
9.2249999999999996,18.225000000000001,2.9250000000000003
9.2249999999999996,18.225000000000001,2.9750000000000001
9.2249999999999996,18.225000000000001,3.0250000000000004
9.2249999999999996,18.225000000000001,3.125
9.2249999999999996,18.725000000000001,1.8250000000000002
9.2249999999999996,18.725000000000001,1.925
9.2249999999999996,18.725000000000001,2.0249999999999999
9.2249999999999996,18.725000000000001,2.125
9.2249999999999996,18.725000000000001,2.2250000000000001
9.2249999999999996,18.725000000000001,2.3250000000000002
9.2249999999999996,18.725000000000001,2.4250000000000003
9.2249999999999996,18.725000000000001,2.9750000000000001
9.2249999999999996,18.725000000000001,3.0750000000000002
9.2249999999999996,18.775000000000002,1.8250000000000002
9.2249999999999996,18.775000000000002,1.875
9.2249999999999996,18.775000000000002,1.925
9.2249999999999996,18.775000000000002,1.9750000000000001
9.2249999999999996,18.775000000000002,2.0249999999999999
9.2249999999999996,18.775000000000002,2.0750000000000002
9.2249999999999996,18.775000000000002,2.125
9.2249999999999996,18.775000000000002,2.1750000000000003
9.2249999999999996,18.775000000000002,2.2250000000000001
9.2249999999999996,18.775000000000002,2.2749999999999999
9.2249999999999996,18.775000000000002,2.3250000000000002
9.2249999999999996,18.775000000000002,2.375
9.2249999999999996,18.775000000000002,2.4250000000000003
9.2249999999999996,18.775000000000002,2.4750000000000001
9.2249999999999996,18.775000000000002,2.5250000000000004
9.2249999999999996,18.775000000000002,2.5750000000000002
9.2249999999999996,18.775000000000002,2.625
9.2249999999999996,18.775000000000002,2.6750000000000003
9.2249999999999996,18.775000000000002,2.7250000000000001
9.2249999999999996,18.775000000000002,2.7750000000000004
9.2249999999999996,18.775000000000002,2.8250000000000002
9.2249999999999996,18.775000000000002,2.875
9.2249999999999996,18.775000000000002,2.9250000000000003
9.2249999999999996,18.775000000000002,2.9750000000000001
9.2249999999999996,18.775000000000002,3.0250000000000004
9.2249999999999996,18.775000000000002,3.0750000000000002
9.2249999999999996,18.775000000000002,3.125
9.2249999999999996,18.824999999999999,1.8250000000000002
9.2249999999999996,18.824999999999999,1.875
9.2249999999999996,18.824999999999999,1.925
9.2249999999999996,18.824999999999999,1.9750000000000001
9.2249999999999996,18.824999999999999,2.0249999999999999
9.2249999999999996,18.824999999999999,2.0750000000000002
9.2249999999999996,18.824999999999999,2.125
9.2249999999999996,18.824999999999999,2.1750000000000003
9.2249999999999996,18.824999999999999,2.2250000000000001
9.2249999999999996,18.824999999999999,2.2749999999999999
9.2249999999999996,18.824999999999999,2.3250000000000002
9.2249999999999996,18.824999999999999,2.375
9.2249999999999996,18.824999999999999,2.4250000000000003
9.2249999999999996,18.824999999999999,2.4750000000000001
9.2249999999999996,18.824999999999999,2.5250000000000004
9.2249999999999996,18.824999999999999,2.5750000000000002
9.2249999999999996,18.824999999999999,2.625
9.2249999999999996,18.824999999999999,2.6750000000000003
9.2249999999999996,18.824999999999999,2.7250000000000001
9.2249999999999996,18.824999999999999,2.7750000000000004
9.2249999999999996,18.824999999999999,2.8250000000000002
9.2249999999999996,18.824999999999999,2.875
9.2249999999999996,18.824999999999999,2.9250000000000003
9.2249999999999996,18.824999999999999,2.9750000000000001
9.2249999999999996,18.824999999999999,3.0250000000000004
9.2249999999999996,18.824999999999999,3.0750000000000002
9.2249999999999996,18.824999999999999,3.125
9.2249999999999996,18.875,1.8250000000000002
9.2249999999999996,18.875,1.875
9.2249999999999996,18.875,1.925
9.2249999999999996,18.875,1.9750000000000001
9.2249999999999996,18.875,2.0249999999999999
9.2249999999999996,18.875,2.0750000000000002
9.2249999999999996,18.875,2.125
9.2249999999999996,18.875,2.1750000000000003
9.2249999999999996,18.875,2.2250000000000001
9.2249999999999996,18.875,2.2749999999999999
9.2249999999999996,18.875,2.3250000000000002
9.2249999999999996,18.875,2.375
9.2249999999999996,18.875,2.4250000000000003
9.2249999999999996,18.875,2.4750000000000001
9.2249999999999996,18.875,2.5250000000000004
9.2249999999999996,18.875,2.5750000000000002
9.2249999999999996,18.875,2.625
9.2249999999999996,18.875,2.6750000000000003
9.2249999999999996,18.875,2.7250000000000001
9.2249999999999996,18.875,2.7750000000000004
9.2249999999999996,18.875,2.8250000000000002
9.2249999999999996,18.875,2.875
9.2249999999999996,18.875,2.9250000000000003
9.2249999999999996,18.875,2.9750000000000001
9.2249999999999996,18.875,3.0250000000000004
9.2249999999999996,18.875,3.0750000000000002
9.2249999999999996,18.875,3.125
9.2249999999999996,18.925000000000001,1.875
9.2249999999999996,18.925000000000001,1.9750000000000001
9.2249999999999996,18.925000000000001,2.0750000000000002
9.2249999999999996,18.925000000000001,2.125
9.2249999999999996,18.925000000000001,2.1750000000000003
9.2249999999999996,18.925000000000001,2.2250000000000001
9.2249999999999996,18.925000000000001,2.2749999999999999
9.2249999999999996,18.925000000000001,2.3250000000000002
9.2249999999999996,18.925000000000001,2.375
9.2249999999999996,18.925000000000001,2.4250000000000003
9.2249999999999996,18.925000000000001,2.4750000000000001
9.2249999999999996,18.925000000000001,2.5250000000000004
9.2249999999999996,18.925000000000001,2.5750000000000002
9.2249999999999996,18.925000000000001,2.625
9.2249999999999996,18.925000000000001,2.6750000000000003
9.2249999999999996,18.925000000000001,2.7250000000000001
9.2249999999999996,18.925000000000001,2.7750000000000004
9.2249999999999996,18.925000000000001,2.8250000000000002
9.2249999999999996,18.925000000000001,2.875
9.2249999999999996,18.925000000000001,2.9250000000000003
9.2249999999999996,18.925000000000001,2.9750000000000001
9.2249999999999996,18.925000000000001,3.0250000000000004
9.2249999999999996,18.925000000000001,3.0750000000000002
9.2249999999999996,18.925000000000001,3.125
9.2249999999999996,18.975000000000001,1.875
9.2249999999999996,18.975000000000001,1.9750000000000001
9.2249999999999996,18.975000000000001,2.0750000000000002
9.2249999999999996,18.975000000000001,2.1750000000000003
9.2249999999999996,18.975000000000001,2.2749999999999999
9.2249999999999996,18.975000000000001,2.375
9.2249999999999996,18.975000000000001,2.4250000000000003
9.2249999999999996,18.975000000000001,2.4750000000000001
9.2249999999999996,18.975000000000001,2.5250000000000004
9.2249999999999996,18.975000000000001,2.5750000000000002
9.2249999999999996,18.975000000000001,2.625
9.2249999999999996,18.975000000000001,2.6750000000000003
9.2249999999999996,18.975000000000001,2.7250000000000001
9.2249999999999996,18.975000000000001,2.7750000000000004
9.2249999999999996,18.975000000000001,2.8250000000000002
9.2249999999999996,18.975000000000001,2.875
9.2249999999999996,18.975000000000001,2.9250000000000003
9.2249999999999996,18.975000000000001,3.0250000000000004
9.2249999999999996,18.975000000000001,3.125
9.2249999999999996,19.025000000000002,1.9750000000000001
9.2249999999999996,19.025000000000002,2.0750000000000002
9.2249999999999996,19.025000000000002,2.1750000000000003
9.2249999999999996,19.025000000000002,2.2749999999999999
9.2249999999999996,19.025000000000002,2.375
9.2249999999999996,19.025000000000002,2.4250000000000003
9.2249999999999996,19.025000000000002,2.4750000000000001
9.2249999999999996,19.025000000000002,2.5250000000000004
9.2249999999999996,19.025000000000002,2.5750000000000002
9.2249999999999996,19.025000000000002,2.625
9.2249999999999996,19.025000000000002,2.6750000000000003
9.2249999999999996,19.025000000000002,2.7250000000000001
9.2249999999999996,19.025000000000002,2.7750000000000004
9.2249999999999996,19.025000000000002,2.8250000000000002
9.2249999999999996,19.025000000000002,2.875
9.2249999999999996,19.025000000000002,2.9250000000000003
9.2249999999999996,19.025000000000002,3.0250000000000004
9.2249999999999996,19.025000000000002,3.125
9.2249999999999996,19.074999999999999,2.0750000000000002
9.2249999999999996,19.074999999999999,2.1750000000000003
9.2249999999999996,19.074999999999999,2.2749999999999999
9.2249999999999996,19.074999999999999,2.375
9.2249999999999996,19.074999999999999,2.4250000000000003
9.2249999999999996,19.074999999999999,2.4750000000000001
9.2249999999999996,19.074999999999999,2.5250000000000004
9.2249999999999996,19.074999999999999,2.5750000000000002
9.2249999999999996,19.074999999999999,2.625
9.2249999999999996,19.074999999999999,2.6750000000000003
9.2249999999999996,19.074999999999999,2.7250000000000001
9.2249999999999996,19.074999999999999,2.7750000000000004
9.2249999999999996,19.074999999999999,2.8250000000000002
9.2249999999999996,19.074999999999999,2.875
9.2249999999999996,19.074999999999999,2.9250000000000003
9.2249999999999996,19.074999999999999,3.0250000000000004
9.2249999999999996,19.074999999999999,3.125
9.2249999999999996,19.125,2.0750000000000002
9.2249999999999996,19.125,2.1750000000000003
9.2249999999999996,19.125,2.2749999999999999
9.2249999999999996,19.125,2.375
9.2249999999999996,19.125,2.4250000000000003
9.2249999999999996,19.125,2.4750000000000001
9.2249999999999996,19.125,2.5250000000000004
9.2249999999999996,19.125,2.5750000000000002
9.2249999999999996,19.125,2.625
9.2249999999999996,19.125,2.6750000000000003
9.2249999999999996,19.125,2.7250000000000001
9.2249999999999996,19.125,2.7750000000000004
9.2249999999999996,19.125,2.8250000000000002
9.2249999999999996,19.125,2.9250000000000003
9.2249999999999996,19.125,3.0250000000000004
9.2249999999999996,19.125,3.125
9.2750000000000004,18.125,2.7250000000000001
9.2750000000000004,18.125,3.0250000000000004
9.2750000000000004,18.125,3.125
9.2750000000000004,18.175000000000001,2.9250000000000003
9.2750000000000004,18.175000000000001,3.0750000000000002
9.2750000000000004,18.675000000000001,1.8250000000000002
9.2750000000000004,18.675000000000001,1.875
9.2750000000000004,18.675000000000001,1.925
9.2750000000000004,18.675000000000001,1.9750000000000001
9.2750000000000004,18.675000000000001,2.0249999999999999
9.2750000000000004,18.675000000000001,2.0750000000000002
9.2750000000000004,18.675000000000001,2.125
9.2750000000000004,18.675000000000001,2.1750000000000003
9.2750000000000004,18.675000000000001,2.2250000000000001
9.2750000000000004,18.675000000000001,2.2749999999999999
9.2750000000000004,18.675000000000001,2.3250000000000002
9.2750000000000004,18.675000000000001,2.375
9.2750000000000004,18.675000000000001,2.4250000000000003
9.2750000000000004,18.675000000000001,2.4750000000000001
9.2750000000000004,18.675000000000001,2.5250000000000004
9.2750000000000004,18.675000000000001,2.7750000000000004
9.2750000000000004,18.675000000000001,2.8250000000000002
9.2750000000000004,18.675000000000001,2.875
9.2750000000000004,18.675000000000001,2.9250000000000003
9.2750000000000004,18.675000000000001,2.9750000000000001
9.2750000000000004,18.675000000000001,3.0250000000000004
9.2750000000000004,18.675000000000001,3.0750000000000002
9.2750000000000004,18.675000000000001,3.125
9.2750000000000004,18.725000000000001,1.8250000000000002
9.2750000000000004,18.725000000000001,1.875
9.2750000000000004,18.725000000000001,1.925
9.2750000000000004,18.725000000000001,1.9750000000000001
9.2750000000000004,18.725000000000001,2.0249999999999999
9.2750000000000004,18.725000000000001,2.0750000000000002
9.2750000000000004,18.725000000000001,2.125
9.2750000000000004,18.725000000000001,2.1750000000000003
9.2750000000000004,18.725000000000001,2.2250000000000001
9.2750000000000004,18.725000000000001,2.2749999999999999
9.2750000000000004,18.725000000000001,2.3250000000000002
9.2750000000000004,18.725000000000001,2.375
9.2750000000000004,18.725000000000001,2.4250000000000003
9.2750000000000004,18.725000000000001,2.4750000000000001
9.2750000000000004,18.725000000000001,2.5250000000000004
9.2750000000000004,18.725000000000001,2.5750000000000002
9.2750000000000004,18.725000000000001,2.625
9.2750000000000004,18.725000000000001,2.6750000000000003
9.2750000000000004,18.725000000000001,2.7250000000000001
9.2750000000000004,18.725000000000001,2.7750000000000004
9.2750000000000004,18.725000000000001,2.8250000000000002
9.2750000000000004,18.725000000000001,2.875
9.2750000000000004,18.725000000000001,2.9250000000000003
9.2750000000000004,18.725000000000001,2.9750000000000001
9.2750000000000004,18.725000000000001,3.0250000000000004
9.2750000000000004,18.725000000000001,3.0750000000000002
9.2750000000000004,18.725000000000001,3.125
9.2750000000000004,18.775000000000002,1.8250000000000002
9.2750000000000004,18.775000000000002,1.875
9.2750000000000004,18.775000000000002,1.925
9.2750000000000004,18.775000000000002,1.9750000000000001
9.2750000000000004,18.775000000000002,2.0249999999999999
9.2750000000000004,18.775000000000002,2.0750000000000002
9.2750000000000004,18.775000000000002,2.125
9.2750000000000004,18.775000000000002,2.1750000000000003
9.2750000000000004,18.775000000000002,2.2250000000000001
9.2750000000000004,18.775000000000002,2.2749999999999999
9.2750000000000004,18.775000000000002,2.3250000000000002
9.2750000000000004,18.775000000000002,2.375
9.2750000000000004,18.775000000000002,2.4250000000000003
9.2750000000000004,18.775000000000002,2.4750000000000001
9.2750000000000004,18.775000000000002,2.5250000000000004
9.2750000000000004,18.775000000000002,2.5750000000000002
9.2750000000000004,18.775000000000002,2.625
9.2750000000000004,18.775000000000002,2.6750000000000003
9.2750000000000004,18.775000000000002,2.7250000000000001
9.2750000000000004,18.775000000000002,2.7750000000000004
9.2750000000000004,18.775000000000002,2.8250000000000002
9.2750000000000004,18.775000000000002,2.875
9.2750000000000004,18.775000000000002,2.9250000000000003
9.2750000000000004,18.775000000000002,2.9750000000000001
9.2750000000000004,18.775000000000002,3.0250000000000004
9.2750000000000004,18.775000000000002,3.0750000000000002
9.2750000000000004,18.775000000000002,3.125
9.2750000000000004,18.824999999999999,1.8250000000000002
9.2750000000000004,18.824999999999999,1.875
9.2750000000000004,18.824999999999999,1.925
9.2750000000000004,18.824999999999999,1.9750000000000001
9.2750000000000004,18.824999999999999,2.0249999999999999
9.2750000000000004,18.824999999999999,2.0750000000000002
9.2750000000000004,18.824999999999999,2.125
9.2750000000000004,18.824999999999999,2.1750000000000003
9.2750000000000004,18.824999999999999,2.2749999999999999
9.2750000000000004,18.824999999999999,2.375
9.2750000000000004,18.824999999999999,2.4250000000000003
9.2750000000000004,18.824999999999999,2.4750000000000001
9.2750000000000004,18.824999999999999,2.5250000000000004
9.2750000000000004,18.824999999999999,2.9750000000000001
9.2750000000000004,18.824999999999999,3.0250000000000004
9.2750000000000004,18.824999999999999,3.0750000000000002
9.2750000000000004,18.824999999999999,3.125
9.3250000000000011,18.625,1.8250000000000002
9.3250000000000011,18.625,1.875
9.3250000000000011,18.625,1.925
9.3250000000000011,18.625,1.9750000000000001
9.3250000000000011,18.625,2.0249999999999999
9.3250000000000011,18.625,2.0750000000000002
9.3250000000000011,18.625,2.125
9.3250000000000011,18.625,2.1750000000000003
9.3250000000000011,18.625,2.2250000000000001
9.3250000000000011,18.625,2.2749999999999999
9.3250000000000011,18.625,2.3250000000000002
9.3250000000000011,18.625,2.375
9.3250000000000011,18.625,2.4250000000000003
9.3250000000000011,18.625,2.4750000000000001
9.3250000000000011,18.625,2.5250000000000004
9.3250000000000011,18.625,2.5750000000000002
9.3250000000000011,18.625,2.625
9.3250000000000011,18.625,2.6750000000000003
9.3250000000000011,18.625,2.7250000000000001
9.3250000000000011,18.625,2.7750000000000004
9.3250000000000011,18.625,2.8250000000000002
9.3250000000000011,18.625,2.875
9.3250000000000011,18.625,2.9250000000000003
9.3250000000000011,18.625,2.9750000000000001
9.3250000000000011,18.625,3.0250000000000004
9.3250000000000011,18.625,3.0750000000000002
9.3250000000000011,18.625,3.125
9.3250000000000011,18.675000000000001,1.8250000000000002
9.3250000000000011,18.675000000000001,1.875
9.3250000000000011,18.675000000000001,1.925
9.3250000000000011,18.675000000000001,1.9750000000000001
9.3250000000000011,18.675000000000001,2.0249999999999999
9.3250000000000011,18.675000000000001,2.0750000000000002
9.3250000000000011,18.675000000000001,2.125
9.3250000000000011,18.675000000000001,2.1750000000000003
9.3250000000000011,18.675000000000001,2.2250000000000001
9.3250000000000011,18.675000000000001,2.2749999999999999
9.3250000000000011,18.675000000000001,2.3250000000000002
9.3250000000000011,18.675000000000001,2.375
9.3250000000000011,18.675000000000001,2.4250000000000003
9.3250000000000011,18.675000000000001,2.4750000000000001
9.3250000000000011,18.675000000000001,2.5250000000000004
9.3250000000000011,18.675000000000001,2.5750000000000002
9.3250000000000011,18.675000000000001,2.625
9.3250000000000011,18.675000000000001,2.6750000000000003
9.3250000000000011,18.675000000000001,2.7250000000000001
9.3250000000000011,18.675000000000001,2.7750000000000004
9.3250000000000011,18.675000000000001,2.8250000000000002
9.3250000000000011,18.675000000000001,2.875
9.3250000000000011,18.675000000000001,2.9250000000000003
9.3250000000000011,18.675000000000001,2.9750000000000001
9.3250000000000011,18.675000000000001,3.0250000000000004
9.3250000000000011,18.675000000000001,3.0750000000000002
9.3250000000000011,18.675000000000001,3.125
9.3250000000000011,18.725000000000001,1.8250000000000002
9.3250000000000011,18.725000000000001,1.875
9.3250000000000011,18.725000000000001,1.925
9.3250000000000011,18.725000000000001,1.9750000000000001
9.3250000000000011,18.725000000000001,2.0249999999999999
9.3250000000000011,18.725000000000001,2.0750000000000002
9.3250000000000011,18.725000000000001,2.125
9.3250000000000011,18.725000000000001,2.1750000000000003
9.3250000000000011,18.725000000000001,2.2250000000000001
9.3250000000000011,18.725000000000001,2.2749999999999999
9.3250000000000011,18.725000000000001,2.3250000000000002
9.3250000000000011,18.725000000000001,2.375
9.3250000000000011,18.725000000000001,2.4250000000000003
9.3250000000000011,18.725000000000001,2.4750000000000001
9.3250000000000011,18.725000000000001,2.5250000000000004
9.3250000000000011,18.725000000000001,2.5750000000000002
9.3250000000000011,18.725000000000001,2.625
9.3250000000000011,18.725000000000001,2.6750000000000003
9.3250000000000011,18.725000000000001,2.7250000000000001
9.3250000000000011,18.725000000000001,2.7750000000000004
9.3250000000000011,18.725000000000001,2.8250000000000002
9.3250000000000011,18.725000000000001,2.875
9.3250000000000011,18.725000000000001,2.9250000000000003
9.3250000000000011,18.725000000000001,2.9750000000000001
9.3250000000000011,18.725000000000001,3.0250000000000004
9.3250000000000011,18.725000000000001,3.0750000000000002
9.3250000000000011,18.725000000000001,3.125
9.3250000000000011,18.775000000000002,1.875
9.3250000000000011,18.775000000000002,1.9750000000000001
9.3250000000000011,18.775000000000002,2.0750000000000002
9.375,18.574999999999999,1.925
9.375,18.574999999999999,2.0249999999999999
9.375,18.574999999999999,2.125
9.375,18.574999999999999,2.2250000000000001
9.375,18.574999999999999,2.875
9.375,18.574999999999999,2.9750000000000001
9.375,18.574999999999999,3.0750000000000002
9.375,18.574999999999999,3.125
9.375,18.625,1.8250000000000002
9.375,18.625,1.875
9.375,18.625,1.925
9.375,18.625,1.9750000000000001
9.375,18.625,2.0249999999999999
9.375,18.625,2.0750000000000002
9.375,18.625,2.125
9.375,18.625,2.1750000000000003
9.375,18.625,2.2250000000000001
9.375,18.625,2.2749999999999999
9.375,18.625,2.3250000000000002
9.375,18.625,2.375
9.375,18.625,2.4250000000000003
9.375,18.625,2.4750000000000001
9.375,18.625,2.5250000000000004
9.375,18.625,2.5750000000000002
9.375,18.625,2.625
9.375,18.625,2.6750000000000003
9.375,18.625,2.7250000000000001
9.375,18.625,2.7750000000000004
9.375,18.625,2.8250000000000002
9.375,18.625,2.875
9.375,18.625,2.9250000000000003
9.375,18.625,2.9750000000000001
9.375,18.625,3.0250000000000004
9.375,18.625,3.0750000000000002
9.375,18.625,3.125
9.375,18.675000000000001,1.8250000000000002
9.375,18.675000000000001,1.875
9.375,18.675000000000001,1.925
9.375,18.675000000000001,1.9750000000000001
9.375,18.675000000000001,2.0249999999999999
9.375,18.675000000000001,2.0750000000000002
9.375,18.675000000000001,2.125
9.375,18.675000000000001,2.1750000000000003
9.375,18.675000000000001,2.2250000000000001
9.375,18.675000000000001,2.2749999999999999
9.375,18.675000000000001,2.3250000000000002
9.375,18.675000000000001,2.375
9.375,18.675000000000001,2.4250000000000003
9.375,18.675000000000001,2.4750000000000001
9.375,18.675000000000001,2.5250000000000004
9.375,18.675000000000001,2.5750000000000002
9.375,18.675000000000001,2.625
9.375,18.675000000000001,2.6750000000000003
9.375,18.675000000000001,2.7250000000000001
9.375,18.675000000000001,2.7750000000000004
9.375,18.675000000000001,2.8250000000000002
9.375,18.675000000000001,2.875
9.375,18.675000000000001,2.9250000000000003
9.375,18.675000000000001,3.0250000000000004
9.375,18.675000000000001,3.0750000000000002
9.375,18.675000000000001,3.125
9.4250000000000007,18.574999999999999,1.8250000000000002
9.4250000000000007,18.574999999999999,1.875
9.4250000000000007,18.574999999999999,1.925
9.4250000000000007,18.574999999999999,1.9750000000000001
9.4250000000000007,18.574999999999999,2.0249999999999999
9.4250000000000007,18.574999999999999,2.0750000000000002
9.4250000000000007,18.574999999999999,2.125
9.4250000000000007,18.574999999999999,2.1750000000000003
9.4250000000000007,18.574999999999999,2.2250000000000001
9.4250000000000007,18.574999999999999,2.2749999999999999
9.4250000000000007,18.574999999999999,2.3250000000000002
9.4250000000000007,18.574999999999999,2.375
9.4250000000000007,18.574999999999999,2.4250000000000003
9.4250000000000007,18.574999999999999,2.4750000000000001
9.4250000000000007,18.574999999999999,2.5250000000000004
9.4250000000000007,18.574999999999999,2.5750000000000002
9.4250000000000007,18.574999999999999,2.625
9.4250000000000007,18.574999999999999,2.6750000000000003
9.4250000000000007,18.574999999999999,2.7250000000000001
9.4250000000000007,18.574999999999999,2.7750000000000004
9.4250000000000007,18.574999999999999,2.8250000000000002
9.4250000000000007,18.574999999999999,2.875
9.4250000000000007,18.574999999999999,2.9250000000000003
9.4250000000000007,18.574999999999999,2.9750000000000001
9.4250000000000007,18.574999999999999,3.0250000000000004
9.4250000000000007,18.574999999999999,3.0750000000000002
9.4250000000000007,18.574999999999999,3.125
9.4250000000000007,18.625,1.8250000000000002
9.4250000000000007,18.625,1.875
9.4250000000000007,18.625,1.925
9.4250000000000007,18.625,1.9750000000000001
9.4250000000000007,18.625,2.0249999999999999
9.4250000000000007,18.625,2.0750000000000002
9.4250000000000007,18.625,2.125
9.4250000000000007,18.625,2.1750000000000003
9.4250000000000007,18.625,2.2250000000000001
9.4250000000000007,18.625,2.2749999999999999
9.4250000000000007,18.625,2.3250000000000002
9.4250000000000007,18.625,2.375
9.4250000000000007,18.625,2.4250000000000003
9.4250000000000007,18.625,2.4750000000000001
9.4250000000000007,18.625,2.5250000000000004
9.4250000000000007,18.625,2.875
9.4250000000000007,18.625,2.9250000000000003
9.4250000000000007,18.625,2.9750000000000001
9.4250000000000007,18.625,3.0250000000000004
9.4250000000000007,18.625,3.0750000000000002
9.4250000000000007,18.625,3.125
9.4250000000000007,18.675000000000001,1.8250000000000002
9.4250000000000007,18.675000000000001,1.875
9.4250000000000007,18.675000000000001,1.925
9.4749999999999996,18.525000000000002,1.8250000000000002
9.4749999999999996,18.525000000000002,2.0249999999999999
9.4749999999999996,18.525000000000002,2.125
9.4749999999999996,18.525000000000002,3.0750000000000002
9.4749999999999996,18.574999999999999,1.8250000000000002
9.4749999999999996,18.574999999999999,1.875
9.4749999999999996,18.574999999999999,1.925
9.4749999999999996,18.574999999999999,1.9750000000000001
9.4749999999999996,18.574999999999999,2.0249999999999999
9.4749999999999996,18.574999999999999,2.0750000000000002
9.4749999999999996,18.574999999999999,2.125
9.4749999999999996,18.574999999999999,2.1750000000000003
9.4749999999999996,18.574999999999999,2.2250000000000001
9.4749999999999996,18.574999999999999,2.2749999999999999
9.4749999999999996,18.574999999999999,2.3250000000000002
9.4749999999999996,18.574999999999999,2.375
9.4749999999999996,18.574999999999999,2.4250000000000003
9.4749999999999996,18.574999999999999,2.4750000000000001
9.4749999999999996,18.574999999999999,2.5250000000000004
9.4749999999999996,18.574999999999999,2.5750000000000002
9.4749999999999996,18.574999999999999,2.625
9.4749999999999996,18.574999999999999,2.6750000000000003
9.4749999999999996,18.574999999999999,2.7250000000000001
9.4749999999999996,18.574999999999999,2.7750000000000004
9.4749999999999996,18.574999999999999,2.8250000000000002
9.4749999999999996,18.574999999999999,2.875
9.4749999999999996,18.574999999999999,2.9250000000000003
9.4749999999999996,18.574999999999999,2.9750000000000001
9.4749999999999996,18.574999999999999,3.0250000000000004
9.4749999999999996,18.574999999999999,3.0750000000000002
9.4749999999999996,18.574999999999999,3.125
9.4749999999999996,18.625,1.8250000000000002
9.4749999999999996,18.625,1.875
9.4749999999999996,18.625,1.925
9.4749999999999996,18.625,1.9750000000000001
9.4749999999999996,18.625,2.0249999999999999
9.4749999999999996,18.625,2.0750000000000002
9.5250000000000004,18.525000000000002,1.925
9.5250000000000004,18.525000000000002,1.9750000000000001
9.5250000000000004,18.525000000000002,2.0750000000000002
9.5250000000000004,18.525000000000002,2.2749999999999999
9.5250000000000004,18.525000000000002,2.375
9.5250000000000004,18.525000000000002,2.4250000000000003
9.5250000000000004,18.525000000000002,2.4750000000000001
9.5250000000000004,18.525000000000002,2.5250000000000004
9.5250000000000004,18.525000000000002,2.5750000000000002
9.5250000000000004,18.525000000000002,2.625
9.5250000000000004,18.525000000000002,2.6750000000000003
9.5250000000000004,18.525000000000002,2.8250000000000002
9.5250000000000004,18.525000000000002,2.875
9.5250000000000004,18.525000000000002,3.0250000000000004
9.5250000000000004,18.574999999999999,1.8250000000000002
9.5250000000000004,18.574999999999999,1.875
9.5250000000000004,18.574999999999999,1.925
9.5250000000000004,18.574999999999999,1.9750000000000001
9.5250000000000004,18.574999999999999,2.0750000000000002
9.5250000000000004,18.574999999999999,2.1750000000000003
9.5250000000000004,18.574999999999999,2.2749999999999999
9.5250000000000004,18.574999999999999,2.875
9.5750000000000011,18.525000000000002,1.9750000000000001
9.5750000000000011,18.525000000000002,2.0750000000000002
9.5750000000000011,18.525000000000002,2.1750000000000003
9.5750000000000011,18.574999999999999,1.875
10.225000000000001,17.824999999999999,1.8250000000000002
10.225000000000001,17.824999999999999,1.925
10.225000000000001,17.824999999999999,2.0249999999999999
10.225000000000001,17.824999999999999,3.0750000000000002
10.225000000000001,17.875,1.8250000000000002
10.225000000000001,17.875,1.875
10.225000000000001,17.875,1.925
10.225000000000001,17.875,1.9750000000000001
10.225000000000001,17.875,2.0249999999999999
10.225000000000001,17.875,2.0750000000000002
10.225000000000001,17.875,2.125
10.225000000000001,17.875,2.1750000000000003
10.225000000000001,17.875,2.2250000000000001
10.225000000000001,17.875,2.2749999999999999
10.225000000000001,17.875,2.3250000000000002
10.225000000000001,17.875,2.375
10.225000000000001,17.875,2.4250000000000003
10.225000000000001,17.875,2.4750000000000001
10.225000000000001,17.875,2.5250000000000004
10.225000000000001,17.875,2.5750000000000002
10.225000000000001,17.875,2.625
10.225000000000001,17.875,2.6750000000000003
10.225000000000001,17.875,2.7250000000000001
10.225000000000001,17.875,2.7750000000000004
10.225000000000001,17.875,2.8250000000000002
10.225000000000001,17.875,2.875
10.225000000000001,17.875,2.9250000000000003
10.225000000000001,17.875,2.9750000000000001
10.225000000000001,17.875,3.0250000000000004
10.225000000000001,17.875,3.0750000000000002
10.225000000000001,17.875,3.125
10.225000000000001,17.925000000000001,1.8250000000000002
10.225000000000001,17.925000000000001,1.875
10.225000000000001,17.925000000000001,1.925
10.225000000000001,17.925000000000001,1.9750000000000001
10.225000000000001,17.925000000000001,2.0249999999999999
10.225000000000001,17.925000000000001,2.0750000000000002
10.225000000000001,17.925000000000001,2.125
10.225000000000001,17.925000000000001,2.1750000000000003
10.225000000000001,17.925000000000001,2.2250000000000001
10.225000000000001,17.925000000000001,2.2749999999999999
10.225000000000001,17.925000000000001,2.3250000000000002
10.225000000000001,17.925000000000001,2.375
10.225000000000001,17.925000000000001,2.4250000000000003
10.225000000000001,17.925000000000001,2.4750000000000001
10.225000000000001,17.925000000000001,2.5250000000000004
10.225000000000001,17.925000000000001,2.5750000000000002
10.225000000000001,17.925000000000001,2.625
10.225000000000001,17.925000000000001,2.6750000000000003
10.225000000000001,17.925000000000001,2.7250000000000001
10.225000000000001,17.925000000000001,2.7750000000000004
10.225000000000001,17.925000000000001,2.8250000000000002
10.225000000000001,17.925000000000001,2.875
10.225000000000001,17.925000000000001,2.9250000000000003
10.225000000000001,17.925000000000001,2.9750000000000001
10.225000000000001,17.925000000000001,3.0250000000000004
10.225000000000001,17.925000000000001,3.0750000000000002
10.225000000000001,17.925000000000001,3.125
10.225000000000001,17.975000000000001,1.8250000000000002
10.225000000000001,17.975000000000001,1.875
10.225000000000001,17.975000000000001,1.925
10.225000000000001,17.975000000000001,1.9750000000000001
10.225000000000001,17.975000000000001,2.0249999999999999
10.225000000000001,17.975000000000001,2.0750000000000002
10.225000000000001,17.975000000000001,2.125
10.225000000000001,17.975000000000001,2.1750000000000003
10.225000000000001,17.975000000000001,2.2250000000000001
10.225000000000001,17.975000000000001,2.2749999999999999
10.225000000000001,17.975000000000001,2.3250000000000002
10.225000000000001,17.975000000000001,2.375
10.225000000000001,17.975000000000001,2.4250000000000003
10.225000000000001,17.975000000000001,2.4750000000000001
10.225000000000001,17.975000000000001,2.5250000000000004
10.225000000000001,17.975000000000001,2.5750000000000002
10.225000000000001,17.975000000000001,2.625
10.225000000000001,17.975000000000001,2.6750000000000003
10.225000000000001,17.975000000000001,2.7250000000000001
10.225000000000001,17.975000000000001,2.7750000000000004
10.225000000000001,17.975000000000001,2.8250000000000002
10.225000000000001,17.975000000000001,2.875
10.225000000000001,17.975000000000001,2.9250000000000003
10.225000000000001,17.975000000000001,2.9750000000000001
10.225000000000001,17.975000000000001,3.0250000000000004
10.225000000000001,17.975000000000001,3.0750000000000002
10.225000000000001,17.975000000000001,3.125
10.225000000000001,18.025000000000002,1.8250000000000002
10.225000000000001,18.025000000000002,1.875
10.225000000000001,18.025000000000002,1.925
10.225000000000001,18.025000000000002,1.9750000000000001
10.225000000000001,18.025000000000002,2.0249999999999999
10.225000000000001,18.025000000000002,2.0750000000000002
10.225000000000001,18.025000000000002,2.125
10.225000000000001,18.025000000000002,2.1750000000000003
10.225000000000001,18.025000000000002,2.2250000000000001
10.225000000000001,18.025000000000002,2.2749999999999999
10.225000000000001,18.025000000000002,2.3250000000000002
10.225000000000001,18.025000000000002,2.375
10.225000000000001,18.025000000000002,2.4250000000000003
10.225000000000001,18.025000000000002,2.4750000000000001
10.225000000000001,18.025000000000002,2.5250000000000004
10.225000000000001,18.025000000000002,2.5750000000000002
10.225000000000001,18.025000000000002,2.625
10.225000000000001,18.025000000000002,2.6750000000000003
10.225000000000001,18.025000000000002,2.7250000000000001
10.225000000000001,18.025000000000002,2.7750000000000004
10.225000000000001,18.025000000000002,2.8250000000000002
10.225000000000001,18.025000000000002,2.875
10.225000000000001,18.025000000000002,2.9250000000000003
10.225000000000001,18.025000000000002,2.9750000000000001
10.225000000000001,18.025000000000002,3.0250000000000004
10.225000000000001,18.025000000000002,3.0750000000000002
10.225000000000001,18.025000000000002,3.125
10.225000000000001,18.074999999999999,1.8250000000000002
10.225000000000001,18.074999999999999,1.875
10.225000000000001,18.074999999999999,1.925
10.225000000000001,18.074999999999999,1.9750000000000001
10.225000000000001,18.074999999999999,2.0249999999999999
10.225000000000001,18.074999999999999,2.0750000000000002
10.225000000000001,18.074999999999999,2.125
10.225000000000001,18.074999999999999,2.1750000000000003
10.225000000000001,18.074999999999999,2.2250000000000001
10.225000000000001,18.074999999999999,2.2749999999999999
10.225000000000001,18.074999999999999,2.3250000000000002
10.225000000000001,18.074999999999999,2.375
10.225000000000001,18.074999999999999,2.4250000000000003
10.225000000000001,18.074999999999999,2.4750000000000001
10.225000000000001,18.074999999999999,2.5250000000000004
10.225000000000001,18.074999999999999,2.5750000000000002
10.225000000000001,18.074999999999999,2.625
10.225000000000001,18.074999999999999,2.6750000000000003
10.225000000000001,18.074999999999999,2.7250000000000001
10.225000000000001,18.074999999999999,2.7750000000000004
10.225000000000001,18.074999999999999,2.8250000000000002
10.225000000000001,18.074999999999999,2.875
10.225000000000001,18.074999999999999,2.9250000000000003
10.225000000000001,18.074999999999999,2.9750000000000001
10.225000000000001,18.074999999999999,3.0250000000000004
10.225000000000001,18.074999999999999,3.0750000000000002
10.225000000000001,18.074999999999999,3.125
10.225000000000001,18.125,1.8250000000000002
10.225000000000001,18.125,1.875
10.225000000000001,18.125,1.925
10.225000000000001,18.125,1.9750000000000001
10.225000000000001,18.125,2.0249999999999999
10.225000000000001,18.125,2.0750000000000002
10.225000000000001,18.125,2.125
10.225000000000001,18.125,2.1750000000000003
10.225000000000001,18.125,2.2250000000000001
10.225000000000001,18.125,2.3250000000000002
10.225000000000001,18.125,2.4250000000000003
10.225000000000001,18.125,2.7750000000000004
10.225000000000001,18.125,2.875
10.225000000000001,18.125,2.9250000000000003
10.225000000000001,18.125,2.9750000000000001
10.225000000000001,18.125,3.0250000000000004
10.225000000000001,18.125,3.0750000000000002
10.225000000000001,18.125,3.125
10.225000000000001,18.175000000000001,1.8250000000000002
10.225000000000001,18.175000000000001,1.925
10.225000000000001,18.175000000000001,2.0249999999999999
10.225000000000001,18.175000000000001,2.125
10.275,17.725000000000001,1.8250000000000002
10.275,17.725000000000001,1.875
10.275,17.725000000000001,1.925
10.275,17.725000000000001,1.9750000000000001
10.275,17.725000000000001,2.0249999999999999
10.275,17.725000000000001,2.0750000000000002
10.275,17.725000000000001,2.125
10.275,17.725000000000001,2.1750000000000003
10.275,17.725000000000001,2.2250000000000001
10.275,17.725000000000001,2.2749999999999999
10.275,17.725000000000001,2.3250000000000002
10.275,17.725000000000001,2.375
10.275,17.725000000000001,2.4250000000000003
10.275,17.725000000000001,2.5250000000000004
10.275,17.725000000000001,2.7750000000000004
10.275,17.725000000000001,2.875
10.275,17.725000000000001,2.9250000000000003
10.275,17.725000000000001,2.9750000000000001
10.275,17.725000000000001,3.0250000000000004
10.275,17.725000000000001,3.0750000000000002
10.275,17.725000000000001,3.125
10.275,17.775000000000002,1.8250000000000002
10.275,17.775000000000002,1.875
10.275,17.775000000000002,1.925
10.275,17.775000000000002,1.9750000000000001
10.275,17.775000000000002,2.0249999999999999
10.275,17.775000000000002,2.0750000000000002
10.275,17.775000000000002,2.125
10.275,17.775000000000002,2.1750000000000003
10.275,17.775000000000002,2.2250000000000001
10.275,17.775000000000002,2.2749999999999999
10.275,17.775000000000002,2.3250000000000002
10.275,17.775000000000002,2.375
10.275,17.775000000000002,2.4250000000000003
10.275,17.775000000000002,2.4750000000000001
10.275,17.775000000000002,2.5250000000000004
10.275,17.775000000000002,2.5750000000000002
10.275,17.775000000000002,2.625
10.275,17.775000000000002,2.6750000000000003
10.275,17.775000000000002,2.7250000000000001
10.275,17.775000000000002,2.7750000000000004
10.275,17.775000000000002,2.8250000000000002
10.275,17.775000000000002,2.875
10.275,17.775000000000002,2.9250000000000003
10.275,17.775000000000002,2.9750000000000001
10.275,17.775000000000002,3.0250000000000004
10.275,17.775000000000002,3.0750000000000002
10.275,17.775000000000002,3.125
10.275,17.824999999999999,1.8250000000000002
10.275,17.824999999999999,1.875
10.275,17.824999999999999,1.925
10.275,17.824999999999999,1.9750000000000001
10.275,17.824999999999999,2.0249999999999999
10.275,17.824999999999999,2.0750000000000002
10.275,17.824999999999999,2.125
10.275,17.824999999999999,2.1750000000000003
10.275,17.824999999999999,2.2250000000000001
10.275,17.824999999999999,2.2749999999999999
10.275,17.824999999999999,2.3250000000000002
10.275,17.824999999999999,2.375
10.275,17.824999999999999,2.4250000000000003
10.275,17.824999999999999,2.4750000000000001
10.275,17.824999999999999,2.5250000000000004
10.275,17.824999999999999,2.5750000000000002
10.275,17.824999999999999,2.625
10.275,17.824999999999999,2.6750000000000003
10.275,17.824999999999999,2.7250000000000001
10.275,17.824999999999999,2.7750000000000004
10.275,17.824999999999999,2.8250000000000002
10.275,17.824999999999999,2.875
10.275,17.824999999999999,2.9250000000000003
10.275,17.824999999999999,2.9750000000000001
10.275,17.824999999999999,3.0250000000000004
10.275,17.824999999999999,3.0750000000000002
10.275,17.824999999999999,3.125
10.275,17.875,1.8250000000000002
10.275,17.875,1.875
10.275,17.875,1.925
10.275,17.875,1.9750000000000001
10.275,17.875,2.0249999999999999
10.275,17.875,2.0750000000000002
10.275,17.875,2.125
10.275,17.875,2.1750000000000003
10.275,17.875,2.2250000000000001
10.275,17.875,2.2749999999999999
10.275,17.875,2.3250000000000002
10.275,17.875,2.375
10.275,17.875,2.4250000000000003
10.275,17.875,2.4750000000000001
10.275,17.875,2.5250000000000004
10.275,17.875,2.5750000000000002
10.275,17.875,2.625
10.275,17.875,2.6750000000000003
10.275,17.875,2.7250000000000001
10.275,17.875,2.7750000000000004
10.275,17.875,2.8250000000000002
10.275,17.875,2.875
10.275,17.875,2.9250000000000003
10.275,17.875,2.9750000000000001
10.275,17.875,3.0250000000000004
10.275,17.875,3.0750000000000002
10.275,17.875,3.125
10.275,17.925000000000001,1.8250000000000002
10.275,17.925000000000001,1.875
10.275,17.925000000000001,1.925
10.275,17.925000000000001,1.9750000000000001
10.275,17.925000000000001,2.0249999999999999
10.275,17.925000000000001,2.0750000000000002
10.275,17.925000000000001,2.125
10.275,17.925000000000001,2.1750000000000003
10.275,17.925000000000001,2.2250000000000001
10.275,17.925000000000001,2.2749999999999999
10.275,17.925000000000001,2.3250000000000002
10.275,17.925000000000001,2.375
10.275,17.925000000000001,2.4250000000000003
10.275,17.925000000000001,2.4750000000000001
10.275,17.925000000000001,2.5250000000000004
10.275,17.925000000000001,2.5750000000000002
10.275,17.925000000000001,2.625
10.275,17.925000000000001,2.6750000000000003
10.275,17.925000000000001,2.7250000000000001
10.275,17.925000000000001,2.7750000000000004
10.275,17.925000000000001,2.8250000000000002
10.275,17.925000000000001,2.875
10.275,17.925000000000001,2.9250000000000003
10.275,17.925000000000001,2.9750000000000001
10.275,17.925000000000001,3.0250000000000004
10.275,17.925000000000001,3.0750000000000002
10.275,17.925000000000001,3.125
10.275,17.975000000000001,1.8250000000000002
10.275,17.975000000000001,1.875
10.275,17.975000000000001,1.925
10.275,17.975000000000001,1.9750000000000001
10.275,17.975000000000001,2.0249999999999999
10.275,17.975000000000001,2.0750000000000002
10.275,17.975000000000001,2.125
10.275,17.975000000000001,2.1750000000000003
10.275,17.975000000000001,2.2250000000000001
10.275,17.975000000000001,2.2749999999999999
10.275,17.975000000000001,2.3250000000000002
10.275,17.975000000000001,2.375
10.275,17.975000000000001,2.4250000000000003
10.275,17.975000000000001,2.4750000000000001
10.275,17.975000000000001,2.5250000000000004
10.275,17.975000000000001,2.5750000000000002
10.275,17.975000000000001,2.625
10.275,17.975000000000001,2.6750000000000003
10.275,17.975000000000001,2.7250000000000001
10.275,17.975000000000001,2.7750000000000004
10.275,17.975000000000001,2.8250000000000002
10.275,17.975000000000001,2.875
10.275,17.975000000000001,2.9250000000000003
10.275,17.975000000000001,2.9750000000000001
10.275,17.975000000000001,3.0250000000000004
10.275,17.975000000000001,3.0750000000000002
10.275,17.975000000000001,3.125
10.275,18.025000000000002,1.8250000000000002
10.275,18.025000000000002,1.875
10.275,18.025000000000002,1.925
10.275,18.025000000000002,1.9750000000000001
10.275,18.025000000000002,2.0249999999999999
10.275,18.025000000000002,2.0750000000000002
10.275,18.025000000000002,2.125
10.275,18.025000000000002,2.1750000000000003
10.275,18.025000000000002,2.2250000000000001
10.275,18.025000000000002,2.2749999999999999
10.275,18.025000000000002,2.3250000000000002
10.275,18.025000000000002,2.375
10.275,18.025000000000002,2.4250000000000003
10.275,18.025000000000002,2.4750000000000001
10.275,18.025000000000002,2.5250000000000004
10.275,18.025000000000002,2.5750000000000002
10.275,18.025000000000002,2.625
10.275,18.025000000000002,2.6750000000000003
10.275,18.025000000000002,2.7250000000000001
10.275,18.025000000000002,2.7750000000000004
10.275,18.025000000000002,2.8250000000000002
10.275,18.025000000000002,2.875
10.275,18.025000000000002,2.9250000000000003
10.275,18.025000000000002,2.9750000000000001
10.275,18.025000000000002,3.0250000000000004
10.275,18.025000000000002,3.0750000000000002
10.275,18.025000000000002,3.125
10.275,18.074999999999999,1.8250000000000002
10.275,18.074999999999999,1.875
10.275,18.074999999999999,1.9750000000000001
10.275,18.074999999999999,2.0249999999999999
10.275,18.074999999999999,2.0750000000000002
10.275,18.074999999999999,2.125
10.275,18.074999999999999,2.1750000000000003
10.275,18.074999999999999,2.2250000000000001
10.275,18.074999999999999,2.2749999999999999
10.275,18.074999999999999,2.3250000000000002
10.275,18.074999999999999,2.375
10.275,18.074999999999999,2.4250000000000003
10.275,18.074999999999999,2.4750000000000001
10.275,18.074999999999999,2.5250000000000004
10.275,18.074999999999999,2.5750000000000002
10.275,18.074999999999999,2.625
10.275,18.074999999999999,2.6750000000000003
10.275,18.074999999999999,2.7250000000000001
10.275,18.074999999999999,2.7750000000000004
10.275,18.074999999999999,2.8250000000000002
10.275,18.074999999999999,2.875
10.275,18.074999999999999,2.9250000000000003
10.275,18.074999999999999,2.9750000000000001
10.275,18.074999999999999,3.0250000000000004
10.275,18.074999999999999,3.0750000000000002
10.275,18.074999999999999,3.125
10.275,18.125,1.8250000000000002
10.275,18.125,1.875
10.275,18.125,1.925
10.275,18.125,1.9750000000000001
10.275,18.125,2.0249999999999999
10.275,18.125,2.0750000000000002
10.275,18.125,2.125
10.275,18.125,2.1750000000000003
10.275,18.125,2.2250000000000001
10.275,18.125,2.2749999999999999
10.275,18.125,2.3250000000000002
10.275,18.125,2.375
10.275,18.125,2.4250000000000003
10.275,18.125,2.4750000000000001
10.275,18.125,2.5250000000000004
10.275,18.125,2.5750000000000002
10.275,18.125,2.625
10.275,18.125,2.6750000000000003
10.275,18.125,2.7250000000000001
10.275,18.125,2.7750000000000004
10.275,18.125,2.8250000000000002
10.275,18.125,2.875
10.275,18.125,2.9250000000000003
10.275,18.125,2.9750000000000001
10.275,18.125,3.0250000000000004
10.275,18.125,3.0750000000000002
10.275,18.125,3.125
10.275,18.175000000000001,1.8250000000000002
10.275,18.175000000000001,1.875
10.275,18.175000000000001,1.925
10.275,18.175000000000001,1.9750000000000001
10.275,18.175000000000001,2.0249999999999999
10.275,18.175000000000001,2.0750000000000002
10.275,18.175000000000001,2.125
10.275,18.175000000000001,2.1750000000000003
10.275,18.175000000000001,2.2250000000000001
10.275,18.175000000000001,2.2749999999999999
10.275,18.175000000000001,2.3250000000000002
10.275,18.175000000000001,2.375
10.275,18.175000000000001,2.4250000000000003
10.275,18.175000000000001,2.4750000000000001
10.275,18.175000000000001,2.5250000000000004
10.275,18.175000000000001,2.5750000000000002
10.275,18.175000000000001,2.625
10.275,18.175000000000001,2.6750000000000003
10.275,18.175000000000001,2.7250000000000001
10.275,18.175000000000001,2.7750000000000004
10.275,18.175000000000001,2.8250000000000002
10.275,18.175000000000001,2.875
10.275,18.175000000000001,2.9250000000000003
10.275,18.175000000000001,2.9750000000000001
10.275,18.175000000000001,3.0250000000000004
10.275,18.175000000000001,3.0750000000000002
10.275,18.175000000000001,3.125
10.275,18.225000000000001,1.8250000000000002
10.275,18.225000000000001,1.875
10.275,18.225000000000001,1.925
10.275,18.225000000000001,1.9750000000000001
10.275,18.225000000000001,2.0249999999999999
10.275,18.225000000000001,2.0750000000000002
10.275,18.225000000000001,2.125
10.275,18.225000000000001,2.1750000000000003
10.275,18.225000000000001,2.2250000000000001
10.275,18.225000000000001,2.2749999999999999
10.275,18.225000000000001,2.3250000000000002
10.275,18.225000000000001,2.375
10.275,18.225000000000001,2.4250000000000003
10.275,18.225000000000001,2.4750000000000001
10.275,18.225000000000001,2.5250000000000004
10.275,18.225000000000001,2.5750000000000002
10.275,18.225000000000001,2.625
10.275,18.225000000000001,2.6750000000000003
10.275,18.225000000000001,2.7250000000000001
10.275,18.225000000000001,2.7750000000000004
10.275,18.225000000000001,2.8250000000000002
10.275,18.225000000000001,2.875
10.275,18.225000000000001,2.9250000000000003
10.275,18.225000000000001,2.9750000000000001
10.275,18.225000000000001,3.0250000000000004
10.275,18.225000000000001,3.0750000000000002
10.275,18.225000000000001,3.125
10.275,18.275000000000002,1.8250000000000002
10.275,18.275000000000002,1.925
10.275,18.275000000000002,2.0249999999999999
10.275,18.275000000000002,2.125
10.275,18.275000000000002,2.2250000000000001
10.325000000000001,17.625,2.125
10.325000000000001,17.625,2.9750000000000001
10.325000000000001,17.675000000000001,1.8250000000000002
10.325000000000001,17.675000000000001,1.875
10.325000000000001,17.675000000000001,1.925
10.325000000000001,17.675000000000001,1.9750000000000001
10.325000000000001,17.675000000000001,2.0249999999999999
10.325000000000001,17.675000000000001,2.0750000000000002
10.325000000000001,17.675000000000001,2.125
10.325000000000001,17.675000000000001,2.1750000000000003
10.325000000000001,17.675000000000001,2.2250000000000001
10.325000000000001,17.675000000000001,2.2749999999999999
10.325000000000001,17.675000000000001,2.3250000000000002
10.325000000000001,17.675000000000001,2.375
10.325000000000001,17.675000000000001,2.4250000000000003
10.325000000000001,17.675000000000001,2.4750000000000001
10.325000000000001,17.675000000000001,2.5250000000000004
10.325000000000001,17.675000000000001,2.5750000000000002
10.325000000000001,17.675000000000001,2.625
10.325000000000001,17.675000000000001,2.6750000000000003
10.325000000000001,17.675000000000001,2.7250000000000001
10.325000000000001,17.675000000000001,2.7750000000000004
10.325000000000001,17.675000000000001,2.8250000000000002
10.325000000000001,17.675000000000001,2.875
10.325000000000001,17.675000000000001,2.9250000000000003
10.325000000000001,17.675000000000001,2.9750000000000001
10.325000000000001,17.675000000000001,3.0250000000000004
10.325000000000001,17.675000000000001,3.0750000000000002
10.325000000000001,17.675000000000001,3.125
10.325000000000001,17.725000000000001,1.8250000000000002
10.325000000000001,17.725000000000001,1.875
10.325000000000001,17.725000000000001,1.925
10.325000000000001,17.725000000000001,1.9750000000000001
10.325000000000001,17.725000000000001,2.0249999999999999
10.325000000000001,17.725000000000001,2.0750000000000002
10.325000000000001,17.725000000000001,2.125
10.325000000000001,17.725000000000001,2.1750000000000003
10.325000000000001,17.725000000000001,2.2250000000000001
10.325000000000001,17.725000000000001,2.2749999999999999
10.325000000000001,17.725000000000001,2.3250000000000002
10.325000000000001,17.725000000000001,2.375
10.325000000000001,17.725000000000001,2.4250000000000003
10.325000000000001,17.725000000000001,2.4750000000000001
10.325000000000001,17.725000000000001,2.5250000000000004
10.325000000000001,17.725000000000001,2.5750000000000002
10.325000000000001,17.725000000000001,2.625
10.325000000000001,17.725000000000001,2.6750000000000003
10.325000000000001,17.725000000000001,2.7250000000000001
10.325000000000001,17.725000000000001,2.7750000000000004
10.325000000000001,17.725000000000001,2.8250000000000002
10.325000000000001,17.725000000000001,2.875
10.325000000000001,17.725000000000001,2.9250000000000003
10.325000000000001,17.725000000000001,2.9750000000000001
10.325000000000001,17.725000000000001,3.0250000000000004
10.325000000000001,17.725000000000001,3.0750000000000002
10.325000000000001,17.725000000000001,3.125
10.325000000000001,17.775000000000002,1.8250000000000002
10.325000000000001,17.775000000000002,1.875
10.325000000000001,17.775000000000002,1.925
10.325000000000001,17.775000000000002,1.9750000000000001
10.325000000000001,17.775000000000002,2.0249999999999999
10.325000000000001,17.775000000000002,2.0750000000000002
10.325000000000001,17.775000000000002,2.125
10.325000000000001,17.775000000000002,2.1750000000000003
10.325000000000001,17.775000000000002,2.2250000000000001
10.325000000000001,17.775000000000002,2.2749999999999999
10.325000000000001,17.775000000000002,2.3250000000000002
10.325000000000001,17.775000000000002,2.375
10.325000000000001,17.775000000000002,2.4250000000000003
10.325000000000001,17.775000000000002,2.4750000000000001
10.325000000000001,17.775000000000002,2.5250000000000004
10.325000000000001,17.775000000000002,2.5750000000000002
10.325000000000001,17.775000000000002,2.625
10.325000000000001,17.775000000000002,2.6750000000000003
10.325000000000001,17.775000000000002,2.7250000000000001
10.325000000000001,17.775000000000002,2.7750000000000004
10.325000000000001,17.775000000000002,2.8250000000000002
10.325000000000001,17.775000000000002,2.875
10.325000000000001,17.775000000000002,2.9250000000000003
10.325000000000001,17.775000000000002,2.9750000000000001
10.325000000000001,17.775000000000002,3.0250000000000004
10.325000000000001,17.775000000000002,3.0750000000000002
10.325000000000001,17.775000000000002,3.125
10.325000000000001,17.824999999999999,2.7750000000000004
10.325000000000001,18.225000000000001,1.875
10.325000000000001,18.225000000000001,1.9750000000000001
10.325000000000001,18.225000000000001,2.0750000000000002
10.325000000000001,18.225000000000001,2.1750000000000003
10.325000000000001,18.225000000000001,2.2749999999999999
10.325000000000001,18.225000000000001,2.3250000000000002
10.325000000000001,18.225000000000001,2.375
10.325000000000001,18.225000000000001,2.4250000000000003
10.325000000000001,18.225000000000001,2.4750000000000001
10.325000000000001,18.225000000000001,2.5250000000000004
10.325000000000001,18.225000000000001,2.5750000000000002
10.325000000000001,18.225000000000001,2.625
10.325000000000001,18.225000000000001,2.6750000000000003
10.325000000000001,18.225000000000001,2.7250000000000001
10.325000000000001,18.225000000000001,2.7750000000000004
10.325000000000001,18.225000000000001,2.8250000000000002
10.325000000000001,18.225000000000001,2.875
10.325000000000001,18.225000000000001,2.9250000000000003
10.325000000000001,18.225000000000001,2.9750000000000001
10.325000000000001,18.225000000000001,3.0250000000000004
10.325000000000001,18.225000000000001,3.0750000000000002
10.325000000000001,18.225000000000001,3.125
10.325000000000001,18.275000000000002,1.8250000000000002
10.325000000000001,18.275000000000002,1.875
10.325000000000001,18.275000000000002,1.925
10.325000000000001,18.275000000000002,1.9750000000000001
10.325000000000001,18.275000000000002,2.0249999999999999
10.325000000000001,18.275000000000002,2.0750000000000002
10.325000000000001,18.275000000000002,2.125
10.325000000000001,18.275000000000002,2.1750000000000003
10.325000000000001,18.275000000000002,2.2250000000000001
10.325000000000001,18.275000000000002,2.2749999999999999
10.325000000000001,18.275000000000002,2.3250000000000002
10.325000000000001,18.275000000000002,2.4250000000000003
10.325000000000001,18.275000000000002,2.5250000000000004
10.325000000000001,18.275000000000002,2.5750000000000002
10.325000000000001,18.275000000000002,2.625
10.325000000000001,18.275000000000002,2.6750000000000003
10.325000000000001,18.275000000000002,2.7250000000000001
10.325000000000001,18.275000000000002,2.7750000000000004
10.325000000000001,18.275000000000002,2.875
10.325000000000001,18.275000000000002,2.9250000000000003
10.325000000000001,18.275000000000002,2.9750000000000001
10.325000000000001,18.275000000000002,3.0250000000000004
10.325000000000001,18.275000000000002,3.0750000000000002
10.325000000000001,18.275000000000002,3.125
10.375,17.625,1.8250000000000002
10.375,17.625,1.875
10.375,17.625,1.925
10.375,17.625,1.9750000000000001
10.375,17.625,2.0249999999999999
10.375,17.625,2.0750000000000002
10.375,17.625,2.125
10.375,17.625,2.1750000000000003
10.375,17.625,2.2250000000000001
10.375,17.625,2.2749999999999999
10.375,17.625,2.3250000000000002
10.375,17.625,2.375
10.375,17.625,2.4250000000000003
10.375,17.625,2.4750000000000001
10.375,17.625,2.5250000000000004
10.375,17.625,2.5750000000000002
10.375,17.625,2.625
10.375,17.625,2.6750000000000003
10.375,17.625,2.7250000000000001
10.375,17.625,2.7750000000000004
10.375,17.625,2.8250000000000002
10.375,17.625,2.875
10.375,17.625,2.9250000000000003
10.375,17.625,2.9750000000000001
10.375,17.625,3.0250000000000004
10.375,17.625,3.0750000000000002
10.375,17.625,3.125
10.375,17.675000000000001,1.8250000000000002
10.375,17.675000000000001,1.875
10.375,17.675000000000001,1.925
10.375,17.675000000000001,1.9750000000000001
10.375,17.675000000000001,2.0249999999999999
10.375,17.675000000000001,2.0750000000000002
10.375,17.675000000000001,2.125
10.375,17.675000000000001,2.1750000000000003
10.375,17.675000000000001,2.2250000000000001
10.375,17.675000000000001,2.2749999999999999
10.375,17.675000000000001,2.3250000000000002
10.375,17.675000000000001,2.375
10.375,17.675000000000001,2.4250000000000003
10.375,17.675000000000001,2.4750000000000001
10.375,17.675000000000001,2.5250000000000004
10.375,17.675000000000001,2.5750000000000002
10.375,17.675000000000001,2.625
10.375,17.675000000000001,2.6750000000000003
10.375,17.675000000000001,2.7250000000000001
10.375,17.675000000000001,2.7750000000000004
10.375,17.675000000000001,2.8250000000000002
10.375,17.675000000000001,2.875
10.375,17.675000000000001,2.9250000000000003
10.375,17.675000000000001,2.9750000000000001
10.375,17.675000000000001,3.0250000000000004
10.375,17.675000000000001,3.0750000000000002
10.375,17.675000000000001,3.125
10.375,17.725000000000001,1.925
10.425000000000001,17.625,1.8250000000000002
10.425000000000001,17.625,1.875
10.425000000000001,17.625,1.925
10.425000000000001,17.625,1.9750000000000001
10.425000000000001,17.625,2.0750000000000002
10.425000000000001,17.625,2.125
10.425000000000001,17.625,2.2250000000000001
10.425000000000001,17.625,2.2749999999999999
10.425000000000001,17.625,2.4250000000000003
10.425000000000001,17.625,2.4750000000000001
10.425000000000001,17.625,2.5250000000000004
10.425000000000001,17.625,2.5750000000000002
10.425000000000001,17.625,2.625
10.425000000000001,17.625,2.6750000000000003
10.425000000000001,17.625,2.7250000000000001
10.425000000000001,17.625,2.7750000000000004
10.425000000000001,17.625,2.8250000000000002
10.425000000000001,17.625,2.875
10.425000000000001,17.625,2.9750000000000001
10.425000000000001,17.625,3.0250000000000004
10.425000000000001,17.625,3.0750000000000002
10.425000000000001,17.625,3.125
10.225000000000001,17.925000000000001,1.8250000000000002
10.225000000000001,17.925000000000001,1.875
10.225000000000001,17.925000000000001,1.925
10.225000000000001,17.925000000000001,1.9750000000000001
10.225000000000001,17.925000000000001,2.0249999999999999
10.225000000000001,17.925000000000001,2.0750000000000002
10.225000000000001,17.925000000000001,2.125
10.225000000000001,17.925000000000001,2.1750000000000003
10.225000000000001,17.925000000000001,2.2250000000000001
10.225000000000001,17.925000000000001,2.2749999999999999
10.225000000000001,17.925000000000001,2.3250000000000002
10.225000000000001,17.925000000000001,2.375
10.225000000000001,17.925000000000001,2.4250000000000003
10.225000000000001,17.925000000000001,2.4750000000000001
10.225000000000001,17.925000000000001,2.5250000000000004
10.225000000000001,17.925000000000001,2.5750000000000002
10.225000000000001,17.925000000000001,2.625
10.225000000000001,17.925000000000001,2.6750000000000003
10.225000000000001,17.925000000000001,2.7250000000000001
10.225000000000001,17.925000000000001,2.7750000000000004
10.225000000000001,17.925000000000001,2.8250000000000002
10.225000000000001,17.925000000000001,2.875
10.225000000000001,17.925000000000001,2.9250000000000003
10.225000000000001,17.925000000000001,2.9750000000000001
10.225000000000001,17.925000000000001,3.0250000000000004
10.225000000000001,17.925000000000001,3.0750000000000002
10.225000000000001,17.925000000000001,3.125
10.225000000000001,17.975000000000001,1.8250000000000002
10.225000000000001,17.975000000000001,1.875
10.225000000000001,17.975000000000001,1.925
10.225000000000001,17.975000000000001,1.9750000000000001
10.225000000000001,17.975000000000001,2.0249999999999999
10.225000000000001,17.975000000000001,2.0750000000000002
10.225000000000001,17.975000000000001,2.125
10.225000000000001,17.975000000000001,2.1750000000000003
10.225000000000001,17.975000000000001,2.2250000000000001
10.225000000000001,17.975000000000001,2.2749999999999999
10.225000000000001,17.975000000000001,2.3250000000000002
10.225000000000001,17.975000000000001,2.375
10.225000000000001,17.975000000000001,2.4250000000000003
10.225000000000001,17.975000000000001,2.4750000000000001
10.225000000000001,17.975000000000001,2.5250000000000004
10.225000000000001,17.975000000000001,2.5750000000000002
10.225000000000001,17.975000000000001,2.625
10.225000000000001,17.975000000000001,2.6750000000000003
10.225000000000001,17.975000000000001,2.7250000000000001
10.225000000000001,17.975000000000001,2.7750000000000004
10.225000000000001,17.975000000000001,2.8250000000000002
10.225000000000001,17.975000000000001,2.875
10.225000000000001,17.975000000000001,2.9250000000000003
10.225000000000001,17.975000000000001,2.9750000000000001
10.225000000000001,17.975000000000001,3.0250000000000004
10.225000000000001,17.975000000000001,3.0750000000000002
10.225000000000001,17.975000000000001,3.125
10.225000000000001,18.025000000000002,1.8250000000000002
10.225000000000001,18.025000000000002,1.875
10.225000000000001,18.025000000000002,1.925
10.225000000000001,18.025000000000002,1.9750000000000001
10.225000000000001,18.025000000000002,2.0249999999999999
10.225000000000001,18.025000000000002,2.0750000000000002
10.225000000000001,18.025000000000002,2.125
10.225000000000001,18.025000000000002,2.1750000000000003
10.225000000000001,18.025000000000002,2.2250000000000001
10.225000000000001,18.025000000000002,2.2749999999999999
10.225000000000001,18.025000000000002,2.3250000000000002
10.225000000000001,18.025000000000002,2.375
10.225000000000001,18.025000000000002,2.4250000000000003
10.225000000000001,18.025000000000002,2.4750000000000001
10.225000000000001,18.025000000000002,2.5250000000000004
10.225000000000001,18.025000000000002,2.5750000000000002
10.225000000000001,18.025000000000002,2.625
10.225000000000001,18.025000000000002,2.6750000000000003
10.225000000000001,18.025000000000002,2.7250000000000001
10.225000000000001,18.025000000000002,2.7750000000000004
10.225000000000001,18.025000000000002,2.8250000000000002
10.225000000000001,18.025000000000002,2.875
10.225000000000001,18.025000000000002,2.9250000000000003
10.225000000000001,18.025000000000002,2.9750000000000001
10.225000000000001,18.025000000000002,3.0250000000000004
10.225000000000001,18.025000000000002,3.0750000000000002
10.225000000000001,18.025000000000002,3.125
10.225000000000001,18.074999999999999,1.8250000000000002
10.225000000000001,18.074999999999999,1.875
10.225000000000001,18.074999999999999,1.925
10.225000000000001,18.074999999999999,1.9750000000000001
10.225000000000001,18.074999999999999,2.0249999999999999
10.225000000000001,18.074999999999999,2.0750000000000002
10.225000000000001,18.074999999999999,2.125
10.225000000000001,18.074999999999999,2.1750000000000003
10.225000000000001,18.074999999999999,2.2250000000000001
10.225000000000001,18.074999999999999,2.2749999999999999
10.225000000000001,18.074999999999999,2.3250000000000002
10.225000000000001,18.074999999999999,2.375
10.225000000000001,18.074999999999999,2.4250000000000003
10.225000000000001,18.074999999999999,2.4750000000000001
10.225000000000001,18.074999999999999,2.5250000000000004
10.225000000000001,18.074999999999999,2.5750000000000002
10.225000000000001,18.074999999999999,2.625
10.225000000000001,18.074999999999999,2.6750000000000003
10.225000000000001,18.074999999999999,2.7250000000000001
10.225000000000001,18.074999999999999,2.7750000000000004
10.225000000000001,18.074999999999999,2.8250000000000002
10.225000000000001,18.074999999999999,2.875
10.225000000000001,18.074999999999999,2.9250000000000003
10.225000000000001,18.074999999999999,2.9750000000000001
10.225000000000001,18.074999999999999,3.0250000000000004
10.225000000000001,18.074999999999999,3.0750000000000002
10.225000000000001,18.074999999999999,3.125
10.225000000000001,18.125,1.8250000000000002
10.225000000000001,18.125,1.875
10.225000000000001,18.125,1.925
10.225000000000001,18.125,1.9750000000000001
10.225000000000001,18.125,2.0249999999999999
10.225000000000001,18.125,2.0750000000000002
10.225000000000001,18.125,2.125
10.225000000000001,18.125,2.1750000000000003
10.225000000000001,18.125,2.2250000000000001
10.225000000000001,18.125,2.3250000000000002
10.225000000000001,18.125,2.4250000000000003
10.225000000000001,18.125,2.7750000000000004
10.225000000000001,18.125,2.875
10.225000000000001,18.125,2.9250000000000003
10.225000000000001,18.125,2.9750000000000001
10.225000000000001,18.125,3.0250000000000004
10.225000000000001,18.125,3.0750000000000002
10.225000000000001,18.125,3.125
10.225000000000001,18.175000000000001,1.8250000000000002
10.225000000000001,18.175000000000001,1.925
10.225000000000001,18.175000000000001,2.0249999999999999
10.225000000000001,18.175000000000001,2.125
10.275,17.925000000000001,1.8250000000000002
10.275,17.925000000000001,1.875
10.275,17.925000000000001,1.925
10.275,17.925000000000001,1.9750000000000001
10.275,17.925000000000001,2.0249999999999999
10.275,17.925000000000001,2.0750000000000002
10.275,17.925000000000001,2.125
10.275,17.925000000000001,2.1750000000000003
10.275,17.925000000000001,2.2250000000000001
10.275,17.925000000000001,2.2749999999999999
10.275,17.925000000000001,2.3250000000000002
10.275,17.925000000000001,2.375
10.275,17.925000000000001,2.4250000000000003
10.275,17.925000000000001,2.4750000000000001
10.275,17.925000000000001,2.5250000000000004
10.275,17.925000000000001,2.5750000000000002
10.275,17.925000000000001,2.625
10.275,17.925000000000001,2.6750000000000003
10.275,17.925000000000001,2.7250000000000001
10.275,17.925000000000001,2.7750000000000004
10.275,17.925000000000001,2.8250000000000002
10.275,17.925000000000001,2.875
10.275,17.925000000000001,2.9250000000000003
10.275,17.925000000000001,2.9750000000000001
10.275,17.925000000000001,3.0250000000000004
10.275,17.925000000000001,3.0750000000000002
10.275,17.925000000000001,3.125
10.275,17.975000000000001,1.8250000000000002
10.275,17.975000000000001,1.875
10.275,17.975000000000001,1.925
10.275,17.975000000000001,1.9750000000000001
10.275,17.975000000000001,2.0249999999999999
10.275,17.975000000000001,2.0750000000000002
10.275,17.975000000000001,2.125
10.275,17.975000000000001,2.1750000000000003
10.275,17.975000000000001,2.2250000000000001
10.275,17.975000000000001,2.2749999999999999
10.275,17.975000000000001,2.3250000000000002
10.275,17.975000000000001,2.375
10.275,17.975000000000001,2.4250000000000003
10.275,17.975000000000001,2.4750000000000001
10.275,17.975000000000001,2.5250000000000004
10.275,17.975000000000001,2.5750000000000002
10.275,17.975000000000001,2.625
10.275,17.975000000000001,2.6750000000000003
10.275,17.975000000000001,2.7250000000000001
10.275,17.975000000000001,2.7750000000000004
10.275,17.975000000000001,2.8250000000000002
10.275,17.975000000000001,2.875
10.275,17.975000000000001,2.9250000000000003
10.275,17.975000000000001,2.9750000000000001
10.275,17.975000000000001,3.0250000000000004
10.275,17.975000000000001,3.0750000000000002
10.275,17.975000000000001,3.125
10.275,18.025000000000002,1.8250000000000002
10.275,18.025000000000002,1.875
10.275,18.025000000000002,1.925
10.275,18.025000000000002,1.9750000000000001
10.275,18.025000000000002,2.0249999999999999
10.275,18.025000000000002,2.0750000000000002
10.275,18.025000000000002,2.125
10.275,18.025000000000002,2.1750000000000003
10.275,18.025000000000002,2.2250000000000001
10.275,18.025000000000002,2.2749999999999999
10.275,18.025000000000002,2.3250000000000002
10.275,18.025000000000002,2.375
10.275,18.025000000000002,2.4250000000000003
10.275,18.025000000000002,2.4750000000000001
10.275,18.025000000000002,2.5250000000000004
10.275,18.025000000000002,2.5750000000000002
10.275,18.025000000000002,2.625
10.275,18.025000000000002,2.6750000000000003
10.275,18.025000000000002,2.7250000000000001
10.275,18.025000000000002,2.7750000000000004
10.275,18.025000000000002,2.8250000000000002
10.275,18.025000000000002,2.875
10.275,18.025000000000002,2.9250000000000003
10.275,18.025000000000002,2.9750000000000001
10.275,18.025000000000002,3.0250000000000004
10.275,18.025000000000002,3.0750000000000002
10.275,18.025000000000002,3.125
10.275,18.074999999999999,1.8250000000000002
10.275,18.074999999999999,1.875
10.275,18.074999999999999,1.9750000000000001
10.275,18.074999999999999,2.0249999999999999
10.275,18.074999999999999,2.0750000000000002
10.275,18.074999999999999,2.125
10.275,18.074999999999999,2.1750000000000003
10.275,18.074999999999999,2.2250000000000001
10.275,18.074999999999999,2.2749999999999999
10.275,18.074999999999999,2.3250000000000002
10.275,18.074999999999999,2.375
10.275,18.074999999999999,2.4250000000000003
10.275,18.074999999999999,2.4750000000000001
10.275,18.074999999999999,2.5250000000000004
10.275,18.074999999999999,2.5750000000000002
10.275,18.074999999999999,2.625
10.275,18.074999999999999,2.6750000000000003
10.275,18.074999999999999,2.7250000000000001
10.275,18.074999999999999,2.7750000000000004
10.275,18.074999999999999,2.8250000000000002
10.275,18.074999999999999,2.875
10.275,18.074999999999999,2.9250000000000003
10.275,18.074999999999999,2.9750000000000001
10.275,18.074999999999999,3.0250000000000004
10.275,18.074999999999999,3.0750000000000002
10.275,18.074999999999999,3.125
10.275,18.125,1.8250000000000002
10.275,18.125,1.875
10.275,18.125,1.925
10.275,18.125,1.9750000000000001
10.275,18.125,2.0249999999999999
10.275,18.125,2.0750000000000002
10.275,18.125,2.125
10.275,18.125,2.1750000000000003
10.275,18.125,2.2250000000000001
10.275,18.125,2.2749999999999999
10.275,18.125,2.3250000000000002
10.275,18.125,2.375
10.275,18.125,2.4250000000000003
10.275,18.125,2.4750000000000001
10.275,18.125,2.5250000000000004
10.275,18.125,2.5750000000000002
10.275,18.125,2.625
10.275,18.125,2.6750000000000003
10.275,18.125,2.7250000000000001
10.275,18.125,2.7750000000000004
10.275,18.125,2.8250000000000002
10.275,18.125,2.875
10.275,18.125,2.9250000000000003
10.275,18.125,2.9750000000000001
10.275,18.125,3.0250000000000004
10.275,18.125,3.0750000000000002
10.275,18.125,3.125
10.275,18.175000000000001,1.8250000000000002
10.275,18.175000000000001,1.875
10.275,18.175000000000001,1.925
10.275,18.175000000000001,1.9750000000000001
10.275,18.175000000000001,2.0249999999999999
10.275,18.175000000000001,2.0750000000000002
10.275,18.175000000000001,2.125
10.275,18.175000000000001,2.1750000000000003
10.275,18.175000000000001,2.2250000000000001
10.275,18.175000000000001,2.2749999999999999
10.275,18.175000000000001,2.3250000000000002
10.275,18.175000000000001,2.375
10.275,18.175000000000001,2.4250000000000003
10.275,18.175000000000001,2.4750000000000001
10.275,18.175000000000001,2.5250000000000004
10.275,18.175000000000001,2.5750000000000002
10.275,18.175000000000001,2.625
10.275,18.175000000000001,2.6750000000000003
10.275,18.175000000000001,2.7250000000000001
10.275,18.175000000000001,2.7750000000000004
10.275,18.175000000000001,2.8250000000000002
10.275,18.175000000000001,2.875
10.275,18.175000000000001,2.9250000000000003
10.275,18.175000000000001,2.9750000000000001
10.275,18.175000000000001,3.0250000000000004
10.275,18.175000000000001,3.0750000000000002
10.275,18.175000000000001,3.125
10.275,18.225000000000001,1.8250000000000002
10.275,18.225000000000001,1.875
10.275,18.225000000000001,1.925
10.275,18.225000000000001,1.9750000000000001
10.275,18.225000000000001,2.0249999999999999
10.275,18.225000000000001,2.0750000000000002
10.275,18.225000000000001,2.125
10.275,18.225000000000001,2.1750000000000003
10.275,18.225000000000001,2.2250000000000001
10.275,18.225000000000001,2.2749999999999999
10.275,18.225000000000001,2.3250000000000002
10.275,18.225000000000001,2.375
10.275,18.225000000000001,2.4250000000000003
10.275,18.225000000000001,2.4750000000000001
10.275,18.225000000000001,2.5250000000000004
10.275,18.225000000000001,2.5750000000000002
10.275,18.225000000000001,2.625
10.275,18.225000000000001,2.6750000000000003
10.275,18.225000000000001,2.7250000000000001
10.275,18.225000000000001,2.7750000000000004
10.275,18.225000000000001,2.8250000000000002
10.275,18.225000000000001,2.875
10.275,18.225000000000001,2.9250000000000003
10.275,18.225000000000001,2.9750000000000001
10.275,18.225000000000001,3.0250000000000004
10.275,18.225000000000001,3.0750000000000002
10.275,18.225000000000001,3.125
10.275,18.275000000000002,1.8250000000000002
10.275,18.275000000000002,1.925
10.275,18.275000000000002,2.0249999999999999
10.275,18.275000000000002,2.125
10.275,18.275000000000002,2.2250000000000001
10.325000000000001,18.225000000000001,1.875
10.325000000000001,18.225000000000001,1.9750000000000001
10.325000000000001,18.225000000000001,2.0750000000000002
10.325000000000001,18.225000000000001,2.1750000000000003
10.325000000000001,18.225000000000001,2.2749999999999999
10.325000000000001,18.225000000000001,2.3250000000000002
10.325000000000001,18.225000000000001,2.375
10.325000000000001,18.225000000000001,2.4250000000000003
10.325000000000001,18.225000000000001,2.4750000000000001
10.325000000000001,18.225000000000001,2.5250000000000004
10.325000000000001,18.225000000000001,2.5750000000000002
10.325000000000001,18.225000000000001,2.625
10.325000000000001,18.225000000000001,2.6750000000000003
10.325000000000001,18.225000000000001,2.7250000000000001
10.325000000000001,18.225000000000001,2.7750000000000004
10.325000000000001,18.225000000000001,2.8250000000000002
10.325000000000001,18.225000000000001,2.875
10.325000000000001,18.225000000000001,2.9250000000000003
10.325000000000001,18.225000000000001,2.9750000000000001
10.325000000000001,18.225000000000001,3.0250000000000004
10.325000000000001,18.225000000000001,3.0750000000000002
10.325000000000001,18.225000000000001,3.125
10.325000000000001,18.275000000000002,1.8250000000000002
10.325000000000001,18.275000000000002,1.875
10.325000000000001,18.275000000000002,1.925
10.325000000000001,18.275000000000002,1.9750000000000001
10.325000000000001,18.275000000000002,2.0249999999999999
10.325000000000001,18.275000000000002,2.0750000000000002
10.325000000000001,18.275000000000002,2.125
10.325000000000001,18.275000000000002,2.1750000000000003
10.325000000000001,18.275000000000002,2.2250000000000001
10.325000000000001,18.275000000000002,2.2749999999999999
10.325000000000001,18.275000000000002,2.3250000000000002
10.325000000000001,18.275000000000002,2.4250000000000003
10.325000000000001,18.275000000000002,2.5250000000000004
10.325000000000001,18.275000000000002,2.5750000000000002
10.325000000000001,18.275000000000002,2.625
10.325000000000001,18.275000000000002,2.6750000000000003
10.325000000000001,18.275000000000002,2.7250000000000001
10.325000000000001,18.275000000000002,2.7750000000000004
10.325000000000001,18.275000000000002,2.875
10.325000000000001,18.275000000000002,2.9250000000000003
10.325000000000001,18.275000000000002,2.9750000000000001
10.325000000000001,18.275000000000002,3.0250000000000004
10.325000000000001,18.275000000000002,3.0750000000000002
10.325000000000001,18.275000000000002,3.125
