[INFO] [launch]: All log files can be found below /root/.ros/log/2026-08-14-14-11-33-307641-livox-3134099
[INFO] [launch]: Default logging verbosity is set to INFO
[INFO] [waypoint_mission-1]: process started with pid [3134106]
[INFO] [perfect_drone_node-2]: process started with pid [3134108]
[INFO] [fsm_node-3]: process started with pid [3134110]
[waypoint_mission-1] [WARN] [1786684293.364841112] [waypoint_mission]:  -- [MissionPlanner] Load config by file name: /root/super_ws/src/SUPER/mission_planner/config/waypoint.yaml
[waypoint_mission-1] [WARN] [1786684293.364929585] [waypoint_mission]:  -- [MissionPlanner] Load data by file name: /root/super_ws/src/SUPER/mission_planner/data/loop24.txt
[fsm_node-3]  -- [Bench] Use sim time is false, begin replay.
[fsm_node-3] Load config file: /root/super_ws/src/SUPER/super_planner/config/static_seedmaps_guard_v10.yaml
[fsm_node-3] [0;32m Load param fsm/timer_en success: [0;0m1
[fsm_node-3] [0;32m Load param fsm/click_goal_en success: [0;0m1
[fsm_node-3] [0;32m Load param fsm/click_yaw_en success: [0;0m1
[fsm_node-3] [0;32m Load param fsm/replan_rate success: [0;0m15
[fsm_node-3] [0;32m Load param fsm/click_height success: [0;0m1.5
[fsm_node-3] [0;32m Load param fsm/cmd_topic success: [0;0m/planning/pos_cmd
[fsm_node-3] [0;32m Load param fsm/mpc_cmd_topic success: [0;0m/planning_cmd/poly_traj
[fsm_node-3] [0;32m Load param fsm/click_goal_topic success: [0;0m/planning/click_goal
[fsm_node-3] [0;33m Load param fsm/map_readiness/enable failed, use default value: [0;0m0
[fsm_node-3] [0;33m Load param fsm/map_readiness/min_accepted_scans failed, use default value: [0;0m5
[fsm_node-3] [0;33m Load param fsm/map_readiness/min_committed_scans failed, use default value: [0;0m5
[fsm_node-3] [0;33m Load param fsm/map_readiness/max_commit_lag_scans failed, use default value: [0;0m5
[fsm_node-3] [0;33m Load param fsm/map_readiness/min_scan_span_s failed, use default value: [0;0m1
[fsm_node-3] [0;33m Load param fsm/map_readiness/max_cloud_age_s failed, use default value: [0;0m0.75
[fsm_node-3] [0;33m Load param fsm/map_readiness/max_map_age_s failed, use default value: [0;0m0.75
[fsm_node-3] [0;32m Load param fsm/trajectory_guard/enable success: [0;0m1
[fsm_node-3] [0;32m Load param fsm/trajectory_guard/shadow success: [0;0m0
[fsm_node-3] [0;32m Load param fsm/trajectory_guard/max_map_age_s success: [0;0m1.25
[fsm_node-3] [0;32m Load param fsm/trajectory_guard/validation_sample_dt_s success: [0;0m0.005
[fsm_node-3] [0;32m Load param fsm/trajectory_guard/shadow_min_interval_s success: [0;0m0
[fsm_node-3] [0;32m Load param fsm/trajectory_guard/additional_clearance_m success: [0;0m0
[fsm_node-3] [0;33m Load param fsm/trajectory_guard/brake_min_duration_s failed, use default value: [0;0m0.4
[fsm_node-3] [0;32m Load param fsm/trajectory_guard/brake_max_duration_s success: [0;0m3
[fsm_node-3] [0;32m Load param fsm/trajectory_guard/brake_max_acc_mps2 success: [0;0m20
[fsm_node-3] [0;32m Load param fsm/trajectory_guard/brake_max_jerk_mps3 success: [0;0m120
[fsm_node-3] [0;32m Load param super_planner/yaw_dot_max success: [0;0m3
[fsm_node-3] [0;32m Load param super_planner/visualization_en success: [0;0m0
[fsm_node-3] [0;32m Load param rog_map/resolution success: [0;0m0.05
[fsm_node-3] Load config file: /root/super_ws/src/SUPER/super_planner/config/static_seedmaps_guard_v10.yaml
[fsm_node-3] [0;32m Load param rog_map/esdf/resolution success: [0;0m0.1
[fsm_node-3] [0;32m Load param rog_map/esdf/enable success: [0;0m0
[fsm_node-3] [0;32m Load param rog_map/esdf/local_update_box success: [0;0m[5 5 3 ]
[fsm_node-3] [0;32m Load param rog_map/load_pcd_en success: [0;0m0
[fsm_node-3] [0;32m Load param rog_map/map_sliding/enable success: [0;0m0
[fsm_node-3] [0;32m Load param rog_map/map_sliding/threshold success: [0;0m3
[fsm_node-3] [0;32m Load param rog_map/fix_map_origin success: [0;0m[0 0 1.5 ]
[fsm_node-3] [0;32m Load param rog_map/frontier_extraction_en success: [0;0m0
[fsm_node-3] [0;32m Load param rog_map/ros_callback/enable success: [0;0m1
[fsm_node-3] [0;32m Load param rog_map/ros_callback/cloud_topic success: [0;0m/cloud_sector
[fsm_node-3] [0;32m Load param rog_map/ros_callback/odom_topic success: [0;0m/lidar_slam/odom
[fsm_node-3] [0;32m Load param rog_map/ros_callback/odom_timeout success: [0;0m2
[fsm_node-3] [0;32m Load param rog_map/visualization/enable success: [0;0m0
[fsm_node-3] [0;32m Load param rog_map/visualization/use_dynamic_reconfigure success: [0;0m0
[fsm_node-3] [0;32m Load param rog_map/visualization/pub_unknown_map_en success: [0;0m0
[fsm_node-3] [0;32m Load param rog_map/visualization/frame_id success: [0;0mworld
[fsm_node-3] [0;32m Load param rog_map/visualization/time_rate success: [0;0m2
[fsm_node-3] [0;32m Load param rog_map/visualization/frame_rate success: [0;0m0
[fsm_node-3] [0;32m Load param rog_map/visualization/range success: [0;0m[15 15 4 ]
[fsm_node-3] [0;32m Load param rog_map/resolution success: [0;0m0.05
[fsm_node-3] [0;32m Load param rog_map/inflation_resolution success: [0;0m0.1
[fsm_node-3] [0;32m Load param rog_map/unk_inflation_en success: [0;0m0
[perfect_drone_node-2] [WARN] [1786684293.464466542] [perfect_tracking]:  -- [MissionPlanner] Load config by file name: /root/super_ws/src/SUPER/mars_uav_sim/perfect_drone_sim/config/seed6.yaml
[fsm_node-3] [0;32m Load param rog_map/unk_inflation_step success: [0;0m1
[fsm_node-3] [0;32m Load param rog_map/inflation_step success: [0;0m3
[fsm_node-3] [0;32m Load param rog_map/intensity_thresh success: [0;0m-10
[fsm_node-3] [0;32m Load param rog_map/map_size success: [0;0m[70 70 6 ]
[fsm_node-3] [0;32m Load param rog_map/point_filt_num success: [0;0m1
[fsm_node-3] [0;32m Load param rog_map/raycasting/enable success: [0;0m0
[fsm_node-3] [0;32m Load param rog_map/raycasting/batch_update_size success: [0;0m1
[fsm_node-3] [0;32m Load param rog_map/raycasting/unk_thresh success: [0;0m1
[fsm_node-3] [0;32m Load param rog_map/raycasting/p_hit success: [0;0m0.9
[fsm_node-3] [0;32m Load param rog_map/raycasting/p_miss success: [0;0m0.49
[fsm_node-3] [0;32m Load param rog_map/raycasting/p_min success: [0;0m0.12
[fsm_node-3] [0;32m Load param rog_map/raycasting/p_max success: [0;0m0.98
[fsm_node-3] [0;32m Load param rog_map/raycasting/p_occ success: [0;0m0.85
[fsm_node-3] [0;32m Load param rog_map/raycasting/p_free success: [0;0m0.499
[fsm_node-3] [0;32m Load param rog_map/raycasting/p_free success: [0;0m0.499
[fsm_node-3] [0;32m Load param rog_map/raycasting/ray_range success: [0;0m[0.5 100 ]
[fsm_node-3] [0;32m Load param rog_map/raycasting/local_update_box success: [0;0m[100 100 5 ]
[fsm_node-3] [0;32m Load param rog_map/virtual_ground_height success: [0;0m-0.1
[fsm_node-3] [0;32m Load param rog_map/virtual_ceil_height success: [0;0m3.5
[fsm_node-3] [32m -- [RM-Config] inflation_resolution: 0.1[0m
[fsm_node-3]  -- [ROG-Map] Init, resetMapSize: ORIGIN_AT_CORNER.
[fsm_node-3]  -- [ROG-Map] Init, resetMapSize: virtual_ceil_height: 3.1500000000000004, virtual_ground_height: 0.25.
[fsm_node-3] [34m	[ROG] n_free: 1[0m
[fsm_node-3] [34m	[ROG] n_occ: 1[0m
[fsm_node-3] [34m	[ROG] l_hit: 2.19722[0m
[fsm_node-3] [34m	[ROG] l_miss: -0.0400053[0m
[fsm_node-3] [34m	[ROG] l_min: -1.99243[0m
[fsm_node-3] [34m	[ROG] l_max: 3.89182[0m
[fsm_node-3] [34m	[ROG] l_occ: 1.7346[0m
[fsm_node-3] [34m	[ROG] l_free: -0.00399995[0m
[fsm_node-3] [33m -- [Inf-Map] Clear all local map.[0m
[fsm_node-3] [32m -- [CounterMap] Init successfully -- .[0m
[fsm_node-3] [32m	resolution: 0.1[0m
[fsm_node-3] [32m	map_sliding_en: 0[0m
[fsm_node-3] [32m	local_map_size_i: 709 709  69[0m
[fsm_node-3] [32m	local_map_size_d: 70.9 70.9  6.9[0m
[fsm_node-3] [33m -- [Inf-Map] Clear all local map.[0m
[fsm_node-3] [32m -- [InfMap] Init successfully -- .[0m
[fsm_node-3] [32m	resolution: 0.1[0m
[fsm_node-3] [32m	map_sliding_en: 0[0m
[fsm_node-3] [32m	local_map_size_i: 709 709  69[0m
[fsm_node-3] [32m	local_map_size_d: 70.9 70.9  6.9[0m
[fsm_node-3] [ProbMap] virtual_ceil_height: 3.15
[fsm_node-3] [ProbMap] virtual_ground_height: 0.25
[fsm_node-3] [33m -- [ProbMap] Map sliding disabled, set origin to [  0   0 1.5] -- [0m
[perfect_drone_node-2] Failed to find match for field 'intensity'.
[fsm_node-3] [33m -- [Prob-Map] Clear all local map.[0m
[fsm_node-3] [32m -- [ProbMap] Init successfully -- .[0m
[fsm_node-3] [32m	resolution: 0.05[0m
[fsm_node-3] [32m	map_sliding_en: 0[0m
[fsm_node-3] [32m	local_map_size_i: 1401 1401  121[0m
[fsm_node-3] [32m	local_map_size_d: 70.05 70.05  6.05[0m
[fsm_node-3] [38;2;000;128;000m -- [ROGMap] Immutable planner snapshot enabled (fixed occupancy-only map).
[fsm_node-3] [0mLoad config file: /root/super_ws/src/SUPER/super_planner/config/static_seedmaps_guard_v10.yaml
[fsm_node-3] Load config file: /root/super_ws/src/SUPER/super_planner/config/static_seedmaps_guard_v10.yaml
[fsm_node-3] [0;32m Load param traj_opt/switch/print_optimizer_log success: [0;0m0
[fsm_node-3] [0;32m Load param traj_opt/flatness/mass success: [0;0m1.64
[fsm_node-3] [0;32m Load param traj_opt/flatness/dh success: [0;0m0.35
[fsm_node-3] [0;32m Load param traj_opt/flatness/dv success: [0;0m0.35
[fsm_node-3] [0;32m Load param traj_opt/flatness/grav success: [0;0m9.81
[fsm_node-3] [0;32m Load param traj_opt/flatness/cp success: [0;0m0.001
[fsm_node-3] [0;32m Load param traj_opt/flatness/v_eps success: [0;0m0.0001
[fsm_node-3] [0;32m Load param traj_opt/switch/save_log_en success: [0;0m0
[fsm_node-3] [0;32m Load param traj_opt/exp_traj/pos_constraint_type success: [0;0m1
[fsm_node-3] [0;33m Load param traj_opt/exp_traj/piece_num failed, use default value: [0;0m1
[fsm_node-3] [0;33m Load param traj_opt/exp_traj/uniform_time_en failed, use default value: [0;0m0
[fsm_node-3] [0;32m Load param traj_opt/exp_traj/block_energy_cost success: [0;0m0
[fsm_node-3] [0;32m Load param traj_opt/exp_traj/opt_accuracy success: [0;0m5e-06
[fsm_node-3] [0;32m Load param traj_opt/exp_traj/integral_reso success: [0;0m15
[fsm_node-3] [0;32m Load param traj_opt/exp_traj/smooth_eps success: [0;0m0.01
[fsm_node-3] [0;32m Load param traj_opt/boundary/max_vel success: [0;0m10
[fsm_node-3] [0;32m Load param traj_opt/boundary/max_acc success: [0;0m20
[fsm_node-3] [0;32m Load param traj_opt/boundary/max_jerk success: [0;0m120
[fsm_node-3] [0;32m Load param traj_opt/boundary/max_omg success: [0;0m2.5
[fsm_node-3] [0;32m Load param traj_opt/boundary/max_acc_thr success: [0;0m17
[fsm_node-3] [0;32m Load param traj_opt/boundary/min_acc_thr success: [0;0m6
[fsm_node-3] [0;32m Load param traj_opt/boundary/penna_margin success: [0;0m0.05
[fsm_node-3] [0;33m Load param traj_opt/exp_traj/penna_scale failed, use default value: [0;0m-1
[fsm_node-3] [0;32m Load param traj_opt/exp_traj/penna_t success: [0;0m1e+07
[fsm_node-3] [0;33m Load param traj_opt/exp_traj/penna_ts failed, use default value: [0;0m-1
[fsm_node-3] [0;32m Load param traj_opt/exp_traj/penna_pos success: [0;0m5e+09
[fsm_node-3] [0;33m Load param traj_opt/exp_traj/penna_clr failed, use default value: [0;0m-1
[fsm_node-3] [0;33m Load param traj_opt/exp_traj/clearance_margin failed, use default value: [0;0m0
[fsm_node-3] [0;32m Load param traj_opt/exp_traj/penna_vel success: [0;0m5e+08
[fsm_node-3] [0;32m Load param traj_opt/exp_traj/penna_acc success: [0;0m5e+08
[fsm_node-3] [0;32m Load param traj_opt/exp_traj/penna_jerk success: [0;0m-5e+08
[fsm_node-3] [0;32m Load param traj_opt/exp_traj/penna_attract success: [0;0m5e+08
[fsm_node-3] [0;32m Load param traj_opt/exp_traj/penna_omg success: [0;0m-1
[fsm_node-3] [0;32m Load param traj_opt/exp_traj/penna_thr success: [0;0m-1
[fsm_node-3] Load config file: /root/super_ws/src/SUPER/super_planner/config/static_seedmaps_guard_v10.yaml
[fsm_node-3] [0;32m Load param traj_opt/switch/print_optimizer_log success: [0;0m0
[fsm_node-3] [0;32m Load param traj_opt/flatness/mass success: [0;0m1.64
[fsm_node-3] [0;32m Load param traj_opt/flatness/dh success: [0;0m0.35
[fsm_node-3] [0;32m Load param traj_opt/flatness/dv success: [0;0m0.35
[fsm_node-3] [0;32m Load param traj_opt/flatness/grav success: [0;0m9.81
[fsm_node-3] [0;32m Load param traj_opt/flatness/cp success: [0;0m0.001
[fsm_node-3] [0;32m Load param traj_opt/flatness/v_eps success: [0;0m0.0001
[fsm_node-3] [0;32m Load param traj_opt/switch/save_log_en success: [0;0m0
[fsm_node-3] [0;32m Load param traj_opt/backup_traj/pos_constraint_type success: [0;0m2
[fsm_node-3] [0;32m Load param traj_opt/backup_traj/piece_num success: [0;0m2
[fsm_node-3] [0;32m Load param traj_opt/backup_traj/uniform_time_en success: [0;0m1
[fsm_node-3] [0;32m Load param traj_opt/backup_traj/block_energy_cost success: [0;0m1
[fsm_node-3] [0;32m Load param traj_opt/backup_traj/opt_accuracy success: [0;0m1e-05
[fsm_node-3] [0;32m Load param traj_opt/backup_traj/integral_reso success: [0;0m12
[fsm_node-3] [0;32m Load param traj_opt/backup_traj/smooth_eps success: [0;0m0.01
[fsm_node-3] [0;32m Load param traj_opt/boundary/max_vel success: [0;0m10
[fsm_node-3] [0;32m Load param traj_opt/boundary/max_acc success: [0;0m20
[fsm_node-3] [0;32m Load param traj_opt/boundary/max_jerk success: [0;0m120
[fsm_node-3] [0;32m Load param traj_opt/boundary/max_omg success: [0;0m2.5
[fsm_node-3] [0;32m Load param traj_opt/boundary/max_acc_thr success: [0;0m17
[fsm_node-3] [0;32m Load param traj_opt/boundary/min_acc_thr success: [0;0m6
[fsm_node-3] [0;32m Load param traj_opt/boundary/penna_margin success: [0;0m0.05
[fsm_node-3] [0;33m Load param traj_opt/backup_traj/penna_scale failed, use default value: [0;0m-1
[fsm_node-3] [0;32m Load param traj_opt/backup_traj/penna_t success: [0;0m100
[fsm_node-3] [0;32m Load param traj_opt/backup_traj/penna_ts success: [0;0m1e+07
[fsm_node-3] [0;32m Load param traj_opt/backup_traj/penna_pos success: [0;0m1e+10
[fsm_node-3] [0;33m Load param traj_opt/backup_traj/penna_clr failed, use default value: [0;0m-1
[fsm_node-3] [0;33m Load param traj_opt/backup_traj/clearance_margin failed, use default value: [0;0m0
[fsm_node-3] [0;32m Load param traj_opt/backup_traj/penna_vel success: [0;0m1e+08
[fsm_node-3] [0;32m Load param traj_opt/backup_traj/penna_acc success: [0;0m1e+08
[fsm_node-3] [0;32m Load param traj_opt/backup_traj/penna_jerk success: [0;0m-1e+06
[fsm_node-3] [0;33m Load param traj_opt/backup_traj/penna_attract failed, use default value: [0;0m-1
[fsm_node-3] [0;32m Load param traj_opt/backup_traj/penna_omg success: [0;0m-1
[fsm_node-3] [0;32m Load param traj_opt/backup_traj/penna_thr success: [0;0m-1
[fsm_node-3] [0;32m Load param super_planner/print_log success: [0;0m0
[fsm_node-3] [0;32m Load param super_planner/detailed_log_en success: [0;0m1
[fsm_node-3] [0;32m Load param super_planner/visualization_en success: [0;0m0
[fsm_node-3] [0;32m Load param super_planner/backup_traj_en success: [0;0m1
[fsm_node-3] [0;32m Load param super_planner/goal_vel_en success: [0;0m0
[fsm_node-3] [0;32m Load param super_planner/goal_yaw_en success: [0;0m0
[fsm_node-3] [0;32m Load param super_planner/visual_process success: [0;0m0
[fsm_node-3] [0;32m Load param super_planner/use_fov_cut success: [0;0m0
[fsm_node-3] [0;33m Load param super_planner/fov_horizontal_angle failed, use default value: [0;0m-1
[fsm_node-3] [0;33m Load param super_planner/fov_center_heading failed, use default value: [0;0m0
[fsm_node-3] [0;32m Load param super_planner/frontend_in_known_free success: [0;0m0
[fsm_node-3] [0;32m Load param fsm/trajectory_guard/enable success: [0;0m1
[fsm_node-3] [0;32m Load param fsm/trajectory_guard/shadow success: [0;0m0
[fsm_node-3] [0;32m Load param fsm/trajectory_guard/validation_sample_dt_s success: [0;0m0.005
[fsm_node-3] [0;32m Load param fsm/trajectory_guard/shadow_min_interval_s success: [0;0m0
[fsm_node-3] [0;32m Load param fsm/trajectory_guard/additional_clearance_m success: [0;0m0
[fsm_node-3] [0;32m Load param fsm/trajectory_guard/escape_max_duration_s success: [0;0m1
[fsm_node-3] [0;32m Load param super_planner/safe_corridor_line_max_length success: [0;0m6
[fsm_node-3] [0;32m Load param super_planner/sensing_horizon success: [0;0m-1
[fsm_node-3] [0;32m Load param super_planner/obs_skip_num success: [0;0m2
[fsm_node-3] [0;32m Load param super_planner/replan_forward_dt success: [0;0m0.1
[fsm_node-3] [0;32m Load param super_planner/corridor_bound_dis success: [0;0m0.8
[fsm_node-3] [0;32m Load param super_planner/corridor_line_max_length success: [0;0m1
[fsm_node-3] [0;32m Load param super_planner/planning_horizon success: [0;0m7
[fsm_node-3] [0;32m Load param super_planner/receding_dis success: [0;0m1
[fsm_node-3] [0;32m Load param super_planner/robot_r success: [0;0m0.2
[fsm_node-3] [0;32m Load param super_planner/corridor_use_inflated_obstacles success: [0;0m0
[fsm_node-3] [0;32m Load param super_planner/corridor_min_margin success: [0;0m0.2
[fsm_node-3] [0;32m Load param super_planner/corridor_pref_margin success: [0;0m0.3
[fsm_node-3] [0;32m Load param super_planner/iris_iter_num success: [0;0m2
[fsm_node-3] [0;32m Load param super_planner/yaw_mode success: [0;0m1
[fsm_node-3] [0;32m Load param super_planner/mpc_horizon success: [0;0m15
[fsm_node-3] [0;32m Load param super_planner/yaw_dot_max success: [0;0m3
[fsm_node-3] [0;32m Load param rog_map/resolution success: [0;0m0.05
[fsm_node-3] [INFO] [1786684294.881572996] [fsm_node]:  -- [TRAJ_GUARD] mode=enforce sample_dt=0.0050s shadow_min_interval=0.000s inflation_radius=0.300m robot_r=0.200m additional_clearance=0.000m hard_clearance=0.300m clearance_offsets=0
[fsm_node-3] [38;2;050;205;050m -- [Viz] Set resolution_ to 0.05
[fsm_node-3] [0m[38;2;050;205;050m -- [Viz] Set visualization_en_ to false
[fsm_node-3] [0mLoad config file: /root/super_ws/src/SUPER/super_planner/config/static_seedmaps_guard_v10.yaml
[fsm_node-3] [0;32m Load param astar/map_voxel_num success: [0;0m[500 500 100 ]
[fsm_node-3] [0;32m Load param astar/allow_diag success: [0;0m1
[fsm_node-3] [0;32m Load param astar/debug_visualization_en success: [0;0m0
[fsm_node-3] [0;32m Load param astar/heu_type success: [0;0m2
[fsm_node-3] [0;32m Load param astar/visual_process success: [0;0m0
[fsm_node-3] [32m -- [RM] Init Astar-map.[0m
[fsm_node-3] [34m	map index size: 250 250  50[0m
[fsm_node-3] [34m	map vox_num: 501 501 101[0m
[fsm_node-3] [33m -- [Fsm] CLICKGOAL ENABLE.[0m
[fsm_node-3] [INFO] [1786684296.526670900] [fsm_node]: [32m -- [Fsm-Test] Begin.[0m
[fsm_node-3] [38;2;000;128;000m -- [Fsm]: [MainFsmCallback] change state from [INIT] to [WAIT_GOAL].
[fsm_node-3] [0m[32m -- [Fsm] Get goal at [0m24.025 24.025  1.525
[fsm_node-3] [32m -- [Fsm] Receive click goal at: [24.025 24.025  1.525]; goal yaw: 0 deg[0m
[fsm_node-3] [INFO] [1786684297.456407741] [fsm_node]:  -- [SUPER] in [PlanFromRest] GenerateExpTrajectory SUCCESS.
[fsm_node-3] [INFO] [1786684297.547920021] [fsm_node]:  -- [TRAJ_GUARD_COMMIT] phase=PlanFromRest/with_backup gen=1 map=11 samples=260 range=[0.131,1.421] escape=false escape_done_tt=-1.000
[fsm_node-3] [38;2;000;128;000m -- [Fsm]: [MainFsmCallback] change state from [WAIT_GOAL] to [GENERATE_TRAJ].
[fsm_node-3] [0m -- [TRAJ_GUARD_CERT] trigger=poly_publish status=SAFE gen=1 map=11 map_age=0.041s samples=260 range=[0.131,1.421] collision_tt=-1.000 ttc=-1.000 p=[0.000,0.000,0.000]
[fsm_node-3] [38;2;000;128;000m -- [Fsm]: [MainFsmCallback] change state from [GENERATE_TRAJ] to [FOLLOW_TRAJ].
[fsm_node-3] [0m[32m -- [Fsm 1.012] Current state: FOLLOW_TRAJ[0m
[fsm_node-3] [WARN] [1786684297.772906635] [fsm_node]:  -- [SUPER] in [ReplanOnce]: Replan overtime, check parameters, replan dt = 0.12421501.
[fsm_node-3] [WARN] [1786684297.927058845] [fsm_node]:  -- [SUPER] in [ReplanOnce]: Replan overtime, check parameters, replan dt = 0.153829229.
[fsm_node-3] [WARN] [1786684298.058654169] [fsm_node]:  -- [SUPER] in [ReplanOnce]: Replan overtime, check parameters, replan dt = 0.131231598.
[fsm_node-3] [WARN] [1786684298.149563834] [fsm_node]:  -- [SUPER] in [ReplanOnce]: Replan overtime, check parameters, replan dt = 0.090582682.
[fsm_node-3] [32m -- [Fsm] Get goal at [0m24.025000000000002 24.025000000000002  1.525000000000000
[fsm_node-3] [32m -- [Fsm] Receive click goal at: [24.025000000000002 24.025000000000002  1.525000000000000]; goal yaw: 0.000000000000000 deg[0m
[fsm_node-3] [32m -- [Fsm 2.020] Current state: FOLLOW_TRAJ[0m
[fsm_node-3] [ERROR] [1786684298.766807870] [fsm_node]:  -- [TRAJ_GUARD_BRAKE] trigger=main_pre_uncertified duration=0.400s speed0=0.424 max_acc=12.556 max_jerk=109.667 dynamics_ok=true path_status=SAFE stop=[3.517,4.974,1.153]
[fsm_node-3]  -- [TRAJ_GUARD_CERT] trigger=main_pre status=MAP_STALE gen=1 map=11 map_age=1.260s samples=0 range=[0.000,0.000] collision_tt=-1.000 ttc=-1.000 p=[0.000,0.000,0.000]
[fsm_node-3] [38;2;000;128;000m -- [Fsm]: [TrajectoryGuard] change state from [FOLLOW_TRAJ] to [EMER_STOP].
[fsm_node-3] [0m[38;2;000;128;000m -- [Fsm]: [TrajectoryGuardRecovery] change state from [EMER_STOP] to [GENERATE_TRAJ].
[fsm_node-3] [0m[32m -- [Fsm 3.340] Current state: GENERATE_TRAJ[0m
[fsm_node-3] [32m -- [Fsm] Get goal at [0m24.025 24.025  1.525
[fsm_node-3] [32m -- [Fsm] Receive click goal at: [24.025 24.025  1.525]; goal yaw: 0.000 deg[0m
[fsm_node-3] [INFO] [1786684299.923758689] [fsm_node]:  -- [SUPER] in [PlanFromRest] GenerateExpTrajectory SUCCESS.
[fsm_node-3] [INFO] [1786684299.944134085] [fsm_node]:  -- [TRAJ_GUARD_COMMIT] phase=PlanFromRest/with_backup gen=2 map=13 samples=140 range=[0.067,0.759] escape=false escape_done_tt=-1.000
[fsm_node-3] [INFO] [1786684299.944325257] [fsm_node]:  -- [TRAJ_GUARD_RECOVERED] trigger=main_pre_uncertified gen=2 map=13
[fsm_node-3] [INFO] [1786684300.067919086] [fsm_node]:  -- [TRAJ_GUARD_COMMIT] phase=ReplanOnce/with_backup gen=3 map=13 samples=129 range=[0.043,0.678] escape=false escape_done_tt=-1.000
[fsm_node-3]  -- [TRAJ_GUARD_CERT] trigger=poly_publish status=SAFE gen=2 map=13 map_age=0.226s samples=140 range=[0.067,0.759] collision_tt=-1.000 ttc=-1.000 p=[0.000,0.000,0.000]
[fsm_node-3] [38;2;000;128;000m -- [Fsm]: [MainFsmCallback] change state from [GENERATE_TRAJ] to [FOLLOW_TRAJ].
[fsm_node-3] [0m[32m -- [Fsm] ReplanOnce succeed.[0m
[fsm_node-3] [ERROR] [1786684300.144874035] [fsm_node]:  -- [TRAJ_GUARD_REJECT] phase=ReplanOnce/with_backup segment=APPENDED_BACKUP status=CLEARANCE_MARGIN gen=4 map=13 from_tt=0.054 collision_tt=0.574 collision_p=[5.103,6.479,1.025] samples=130
[fsm_node-3]  -- [TRAJ_GUARD_CERT] trigger=poly_publish status=SAFE gen=3 map=13 map_age=0.350s samples=129 range=[0.043,0.678] collision_tt=-1.000 ttc=-1.000 p=[0.000,0.000,0.000]
[fsm_node-3] [33m -- [CIRI] WARNING! The problem is not feasible, the min dis to obstacle is only: 0.175004235762799[0m
[fsm_node-3] [33m	 box_min = 3.475000000000001 4.475000000000001 0.527135380880989[0m
[fsm_node-3] [33m	 box_max =8.288759893917456 9.955118972148425 1.775000000000000[0m
[fsm_node-3] [33m	 seed line =4.275000000000000 5.275000000000000 1.175000000000000 --> 7.488759893917456 9.155118972148424 1.127135380880989[0m
[fsm_node-3] [WARN] [1786684300.309193088] [fsm_node]:  -- [SUPER] GeneratePolytopeFromLine failed, force return
[fsm_node-3] [WARN] [1786684300.309244250] [fsm_node]:  -- [SUPER] in [ReplanOnce]: Replan overtime, check parameters, replan dt = 0.152568609.
[fsm_node-3] [INFO] [1786684300.375381640] [fsm_node]:  -- [TRAJ_GUARD_COMMIT] phase=ReplanOnce/with_backup gen=4 map=13 samples=247 range=[0.066,1.296] escape=false escape_done_tt=-1.000
[fsm_node-3] [32m -- [Fsm] ReplanOnce succeed.[0m
[fsm_node-3]  -- [TRAJ_GUARD_CERT] trigger=poly_publish status=SAFE gen=4 map=13 map_age=0.657s samples=247 range=[0.066,1.296] collision_tt=-1.000 ttc=-1.000 p=[0.000,0.000,0.000]
[fsm_node-3] [32m -- [Fsm] Get goal at [0m24.025000000000002 24.025000000000002  1.525000000000000
[fsm_node-3] [32m -- [Fsm] Receive click goal at: [24.025000000000002 24.025000000000002  1.525000000000000]; goal yaw: 0.000000000000000 deg[0m
[fsm_node-3] [32m -- [Fsm 4.350] Current state: FOLLOW_TRAJ[0m
[fsm_node-3] [ERROR] [1786684300.976753234] [fsm_node]:  -- [TRAJ_GUARD_BRAKE] trigger=main_pre_uncertified duration=0.829s speed0=4.497 max_acc=19.319 max_jerk=116.961 dynamics_ok=true path_status=SAFE stop=[6.730,8.510,2.114]
[fsm_node-3]  -- [TRAJ_GUARD_CERT] trigger=main_pre status=MAP_STALE gen=4 map=13 map_age=1.258s samples=0 range=[0.000,0.000] collision_tt=-1.000 ttc=-1.000 p=[0.000,0.000,0.000]
[fsm_node-3] [38;2;000;128;000m -- [Fsm]: [TrajectoryGuard] change state from [FOLLOW_TRAJ] to [EMER_STOP].
[fsm_node-3] [0m[38;2;000;128;000m -- [Fsm]: [TrajectoryGuardRecovery] change state from [EMER_STOP] to [GENERATE_TRAJ].
[fsm_node-3] [0m[32m -- [Fsm 5.540] Current state: GENERATE_TRAJ[0m
[fsm_node-3] [32m -- [Fsm] Get goal at [0m24.025 24.025  1.525
[fsm_node-3] [32m -- [Fsm] Receive click goal at: [24.025 24.025  1.525]; goal yaw: 0.000 deg[0m
[fsm_node-3] [INFO] [1786684302.110505083] [fsm_node]:  -- [SUPER] in [PlanFromRest] GenerateExpTrajectory SUCCESS.
[fsm_node-3] [INFO] [1786684302.199043776] [fsm_node]:  -- [TRAJ_GUARD_COMMIT] phase=PlanFromRest/with_backup gen=5 map=14 samples=273 range=[0.122,1.479] escape=false escape_done_tt=-1.000
[fsm_node-3] [INFO] [1786684302.199265894] [fsm_node]:  -- [TRAJ_GUARD_RECOVERED] trigger=main_pre_uncertified gen=5 map=14
[fsm_node-3]  -- [TRAJ_GUARD_CERT] trigger=poly_publish status=SAFE gen=5 map=14 map_age=0.567s samples=273 range=[0.122,1.479] collision_tt=-1.000 ttc=-1.000 p=[0.000,0.000,0.000]
[fsm_node-3] [38;2;000;128;000m -- [Fsm]: [MainFsmCallback] change state from [GENERATE_TRAJ] to [FOLLOW_TRAJ].
[fsm_node-3] [0m[32m -- [Fsm] Get goal at [0m24.025000000000002 24.025000000000002  1.525000000000000
[fsm_node-3] [32m -- [Fsm] Receive click goal at: [24.025000000000002 24.025000000000002  1.525000000000000]; goal yaw: 0.000000000000000 deg[0m
[fsm_node-3] [ERROR] [1786684302.886727130] [fsm_node]:  -- [TRAJ_GUARD_BRAKE] trigger=main_pre_uncertified duration=0.663s speed0=8.779 max_acc=19.466 max_jerk=118.900 dynamics_ok=true path_status=SAFE stop=[11.337,12.932,2.482]
[fsm_node-3]  -- [TRAJ_GUARD_CERT] trigger=main_pre status=MAP_STALE gen=5 map=14 map_age=1.255s samples=0 range=[0.000,0.000] collision_tt=-1.000 ttc=-1.000 p=[0.000,0.000,0.000]
[fsm_node-3] [38;2;000;128;000m -- [Fsm]: [TrajectoryGuard] change state from [FOLLOW_TRAJ] to [EMER_STOP].
[fsm_node-3] [0m[38;2;000;128;000m -- [Fsm]: [TrajectoryGuardRecovery] change state from [EMER_STOP] to [GENERATE_TRAJ].
[fsm_node-3] [0m[32m -- [Fsm 7.290] Current state: GENERATE_TRAJ[0m
[fsm_node-3] [32m -- [Fsm] Get goal at [0m24.025 24.025  1.525
[fsm_node-3] [32m -- [Fsm] Receive click goal at: [24.025 24.025  1.525]; goal yaw: 0.000 deg[0m
[fsm_node-3] [INFO] [1786684303.888021794] [fsm_node]:  -- [SUPER] in [PlanFromRest] GenerateExpTrajectory SUCCESS.
[fsm_node-3] [INFO] [1786684303.903833800] [fsm_node]:  -- [TRAJ_GUARD_COMMIT] phase=PlanFromRest/with_backup gen=6 map=15 samples=150 range=[0.077,0.821] escape=false escape_done_tt=-1.000
[fsm_node-3] [INFO] [1786684303.903997713] [fsm_node]:  -- [TRAJ_GUARD_RECOVERED] trigger=main_pre_uncertified gen=6 map=15
[fsm_node-3] [WARN] [1786684304.139135628] [fsm_node]:  -- [SUPER] Replan over time(0.15439772605895996)!!!! Return FAILED
[fsm_node-3] [WARN] [1786684304.139190918] [fsm_node]:  -- [SUPER] in [ReplanOnce]: GenerateExpTrajectory failed, force return
[fsm_node-3] [ERROR] [1786684304.206972882] [fsm_node]:  -- [TRAJ_GUARD_REJECT] phase=ReplanOnce/with_backup segment=APPENDED_BACKUP status=CLEARANCE_MARGIN gen=7 map=15 from_tt=0.067 collision_tt=0.452 collision_p=[13.000,15.223,2.104] samples=141
[fsm_node-3]  -- [TRAJ_GUARD_CERT] trigger=poly_publish status=SAFE gen=6 map=15 map_age=0.383s samples=150 range=[0.077,0.821] collision_tt=-1.000 ttc=-1.000 p=[0.000,0.000,0.000]
[fsm_node-3] [38;2;000;128;000m -- [Fsm]: [MainFsmCallback] change state from [GENERATE_TRAJ] to [FOLLOW_TRAJ].
[fsm_node-3] [0m[32m -- [Fsm] Get goal at [0m24.025000000000002 24.025000000000002  1.525000000000000
[fsm_node-3] [32m -- [Fsm] Receive click goal at: [24.025000000000002 24.025000000000002  1.525000000000000]; goal yaw: 0.000000000000000 deg[0m
[fsm_node-3] [32m -- [Fsm] Traj finish.[0m
[fsm_node-3] [INFO] [1786684304.707867620] [fsm_node]:  -- [SUPER] in [PlanFromRest] GenerateExpTrajectory SUCCESS.
[fsm_node-3] [ERROR] [1786684304.810275602] [fsm_node]:  -- [TRAJ_GUARD_REJECT] phase=PlanFromRest/with_backup segment=EXP status=CLEARANCE_MARGIN gen=7 map=15 from_tt=0.143 collision_tt=0.488 collision_p=[13.193,15.726,2.851] samples=263
[fsm_node-3] [ERROR] [1786684304.810370251] [fsm_node]:  -- [TRAJ_GUARD_BRAKE] trigger=candidate_rejected_without_safe_follow duration=0.400s speed0=0.000 max_acc=0.000 max_jerk=0.000 dynamics_ok=true path_status=SAFE stop=[12.479,14.711,2.400]
[fsm_node-3] [38;2;000;128;000m -- [Fsm]: [PubCmdCallback] change state from [FOLLOW_TRAJ] to [GENERATE_TRAJ].
[fsm_node-3] [0m[33m -- [Fsm] PlanFromRest failed, try replan.[0m
[fsm_node-3] [38;2;000;128;000m -- [Fsm]: [TrajectoryGuard] change state from [GENERATE_TRAJ] to [EMER_STOP].
[fsm_node-3] [0m[38;2;000;128;000m -- [Fsm]: [TrajectoryGuardRecovery] change state from [EMER_STOP] to [GENERATE_TRAJ].
[fsm_node-3] [0m[32m -- [Fsm 11.040] Current state: GENERATE_TRAJ[0m
[fsm_node-3] [32m -- [Fsm] Get goal at [0m24.025 24.025  1.525
[fsm_node-3] [32m -- [Fsm] Receive click goal at: [24.025 24.025  1.525]; goal yaw: 0.000 deg[0m
[fsm_node-3] [INFO] [1786684307.617465893] [fsm_node]:  -- [SUPER] in [PlanFromRest] GenerateExpTrajectory SUCCESS.
[fsm_node-3] [INFO] [1786684307.661689389] [fsm_node]:  -- [TRAJ_GUARD_COMMIT] phase=PlanFromRest/with_backup gen=7 map=17 samples=227 range=[0.085,1.211] escape=false escape_done_tt=-1.000
[fsm_node-3] [INFO] [1786684307.661906852] [fsm_node]:  -- [TRAJ_GUARD_RECOVERED] trigger=candidate_rejected_without_safe_follow gen=7 map=16
[fsm_node-3] [WARN] [1786684307.867295131] [fsm_node]:  -- [SUPER] in [ReplanOnce]: Replan overtime, check parameters, replan dt = 0.120490895.
[fsm_node-3] [WARN] [1786684307.993756384] [fsm_node]:  -- [SUPER] in [ReplanOnce]: Replan overtime, check parameters, replan dt = 0.126158202.
[fsm_node-3] [WARN] [1786684308.128775378] [fsm_node]:  -- [SUPER] in [ReplanOnce]: Replan overtime, check parameters, replan dt = 0.134647086.
[fsm_node-3] [WARN] [1786684308.261505261] [fsm_node]:  -- [SUPER] in [ReplanOnce]: Replan overtime, check parameters, replan dt = 0.132357066.
[fsm_node-3]  -- [TRAJ_GUARD_CERT] trigger=poly_publish status=SAFE gen=7 map=17 map_age=0.050s samples=227 range=[0.085,1.211] collision_tt=-1.000 ttc=-1.000 p=[0.000,0.000,0.000]
[fsm_node-3] [38;2;000;128;000m -- [Fsm]: [MainFsmCallback] change state from [GENERATE_TRAJ] to [FOLLOW_TRAJ].
[fsm_node-3] [0m[32m -- [Fsm] Get goal at [0m24.025000000000002 24.025000000000002  1.525000000000000
[fsm_node-3] [32m -- [Fsm] Receive click goal at: [24.025000000000002 24.025000000000002  1.525000000000000]; goal yaw: 0.000000000000000 deg[0m
[fsm_node-3] [32m -- [Fsm 12.040] Current state: FOLLOW_TRAJ[0m
[fsm_node-3]  -- [TRAJ_GUARD_CERT] trigger=main_pre status=SAFE gen=7 map=18 map_age=0.017s samples=10 range=[1.170,1.211] collision_tt=-1.000 ttc=-1.000 p=[0.000,0.000,0.000]
[fsm_node-3] [32m -- [Fsm] Traj finish.[0m
[fsm_node-3] [INFO] [1786684308.844749004] [fsm_node]:  -- [SUPER] in [PlanFromRest] GenerateExpTrajectory SUCCESS.
[fsm_node-3] [INFO] [1786684308.957670266] [fsm_node]:  -- [TRAJ_GUARD_COMMIT] phase=PlanFromRest/with_backup gen=8 map=18 samples=263 range=[0.151,1.457] escape=false escape_done_tt=-1.000
[fsm_node-3] [WARN] [1786684309.218616794] [fsm_node]:  -- [SUPER] in [ReplanOnce]: Replan overtime, check parameters, replan dt = 0.151761909.
[fsm_node-3] [WARN] [1786684309.379817656] [fsm_node]:  -- [SUPER] in [ReplanOnce]: Replan overtime, check parameters, replan dt = 0.160875074.
[fsm_node-3] [38;2;000;128;000m -- [Fsm]: [PubCmdCallback] change state from [FOLLOW_TRAJ] to [GENERATE_TRAJ].
[fsm_node-3] [0m -- [TRAJ_GUARD_CERT] trigger=poly_publish status=SAFE gen=8 map=18 map_age=0.229s samples=263 range=[0.151,1.457] collision_tt=-1.000 ttc=-1.000 p=[0.000,0.000,0.000]
[fsm_node-3] [38;2;000;128;000m -- [Fsm]: [MainFsmCallback] change state from [GENERATE_TRAJ] to [FOLLOW_TRAJ].
[fsm_node-3] [0m -- [TRAJ_GUARD_CERT] trigger=main_pre status=SAFE gen=8 map=19 map_age=0.014s samples=227 range=[0.330,1.457] collision_tt=-1.000 ttc=-1.000 p=[0.000,0.000,0.000]
[fsm_node-3]  -- [TRAJ_GUARD_CERT] trigger=main_pre status=SAFE gen=8 map=20 map_age=0.008s samples=169 range=[0.620,1.457] collision_tt=-1.000 ttc=-1.000 p=[0.000,0.000,0.000]
[fsm_node-3] [32m -- [Fsm] Get goal at [0m24.025000000000002 24.025000000000002  1.525000000000000
[fsm_node-3] [32m -- [Fsm] Receive click goal at: [24.025000000000002 24.025000000000002  1.525000000000000]; goal yaw: 0.000000000000000 deg[0m
[fsm_node-3] [WARN] [1786684309.541867174] [fsm_node]:  -- [SUPER] in [ReplanOnce]: Replan overtime, check parameters, replan dt = 0.161641595.
[fsm_node-3] [32m -- [Fsm 13.050] Current state: FOLLOW_TRAJ[0m
[fsm_node-3] [WARN] [1786684309.713614074] [fsm_node]:  -- [SUPER] in [ReplanOnce]: Replan overtime, check parameters, replan dt = 0.171277352.
[fsm_node-3] [WARN] [1786684309.833736559] [fsm_node]:  -- [SUPER] in [ReplanOnce]: Replan overtime, check parameters, replan dt = 0.119757395.
[fsm_node-3] [WARN] [1786684309.851438482] [fsm_node]:  -- [ExpOpt] Opt failed, Omg or thr or Pos violation.
[fsm_node-3] [WARN] [1786684309.851519236] [fsm_node]:  -- [SUPER] OptimizationExpTrajInPolytopes for new path failed
[fsm_node-3] [WARN] [1786684309.851529006] [fsm_node]:  -- [SUPER] in [ReplanOnce]: GenerateExpTrajectory failed, force return
[fsm_node-3]  -- [TRAJ_GUARD_CERT] trigger=main_pre status=SAFE gen=8 map=21 map_age=0.006s samples=109 range=[0.920,1.457] collision_tt=-1.000 ttc=-1.000 p=[0.000,0.000,0.000]
[fsm_node-3] [33m -- [MINCO] TrajOpt failed, (unknown)[0m
[fsm_node-3] [33m -- [SUPER] Minco exp_traj opt failed.[0m
[fsm_node-3] [WARN] [1786684309.953328090] [fsm_node]:  -- [SUPER] in [ReplanOnce]: Replan overtime, check parameters, replan dt = 0.094725909.
[fsm_node-3] [INFO] [1786684310.035891386] [fsm_node]:  -- [TRAJ_GUARD_COMMIT] phase=ReplanOnce/no_backup gen=9 map=22 samples=285 range=[0.082,1.498] escape=false escape_done_tt=-1.000
[fsm_node-3]  -- [TRAJ_GUARD_CERT] trigger=main_pre status=SAFE gen=8 map=22 map_age=0.007s samples=49 range=[1.220,1.457] collision_tt=-1.000 ttc=-1.000 p=[0.000,0.000,0.000]
[fsm_node-3] [32m -- [Fsm] ReplanOnce succeed.[0m
[fsm_node-3] [INFO] [1786684310.109271809] [fsm_node]:  -- [TRAJ_GUARD_COMMIT] phase=ReplanOnce/no_backup gen=10 map=22 samples=263 range=[0.073,1.379] escape=false escape_done_tt=-1.000
[fsm_node-3]  -- [TRAJ_GUARD_CERT] trigger=poly_publish status=SAFE gen=9 map=22 map_age=0.016s samples=285 range=[0.082,1.498] collision_tt=-1.000 ttc=-1.000 p=[0.000,0.000,0.000]
[fsm_node-3] [32m -- [Fsm] ReplanOnce succeed.[0m
[fsm_node-3] [INFO] [1786684310.179535064] [fsm_node]:  -- [TRAJ_GUARD_COMMIT] phase=ReplanOnce/no_backup gen=11 map=22 samples=249 range=[0.070,1.306] escape=false escape_done_tt=-1.000
[fsm_node-3]  -- [TRAJ_GUARD_CERT] trigger=poly_publish status=SAFE gen=10 map=22 map_age=0.090s samples=263 range=[0.073,1.379] collision_tt=-1.000 ttc=-1.000 p=[0.000,0.000,0.000]
[fsm_node-3] [32m -- [Fsm] ReplanOnce succeed.[0m
[fsm_node-3] [INFO] [1786684310.247909108] [fsm_node]:  -- [TRAJ_GUARD_COMMIT] phase=ReplanOnce/no_backup gen=12 map=23 samples=235 range=[0.068,1.235] escape=false escape_done_tt=-1.000
[fsm_node-3]  -- [TRAJ_GUARD_CERT] trigger=poly_publish status=SAFE gen=11 map=22 map_age=0.160s samples=249 range=[0.070,1.306] collision_tt=-1.000 ttc=-1.000 p=[0.000,0.000,0.000]
[fsm_node-3]  -- [TRAJ_GUARD_CERT] trigger=main_pre status=SAFE gen=11 map=23 map_age=0.006s samples=239 range=[0.117,1.306] collision_tt=-1.000 ttc=-1.000 p=[0.000,0.000,0.000]
[fsm_node-3] [32m -- [Fsm] ReplanOnce succeed.[0m
[fsm_node-3] [INFO] [1786684310.322870907] [fsm_node]:  -- [TRAJ_GUARD_COMMIT] phase=ReplanOnce/no_backup gen=13 map=24 samples=221 range=[0.074,1.170] escape=false escape_done_tt=-1.000
[fsm_node-3]  -- [TRAJ_GUARD_CERT] trigger=poly_publish status=SAFE gen=12 map=23 map_age=0.028s samples=235 range=[0.068,1.235] collision_tt=-1.000 ttc=-1.000 p=[0.000,0.000,0.000]
[fsm_node-3] [32m -- [Fsm] ReplanOnce succeed.[0m
[fsm_node-3] [INFO] [1786684310.394053107] [fsm_node]:  -- [TRAJ_GUARD_COMMIT] phase=ReplanOnce/no_backup gen=14 map=24 samples=211 range=[0.071,1.117] escape=false escape_done_tt=-1.000
[fsm_node-3]  -- [TRAJ_GUARD_CERT] trigger=poly_publish status=SAFE gen=13 map=24 map_age=0.006s samples=221 range=[0.075,1.170] collision_tt=-1.000 ttc=-1.000 p=[0.000,0.000,0.000]
[fsm_node-3] [32m -- [Fsm] ReplanOnce succeed.[0m
[fsm_node-3] [INFO] [1786684310.464479284] [fsm_node]:  -- [TRAJ_GUARD_COMMIT] phase=ReplanOnce/no_backup gen=15 map=24 samples=196 range=[0.070,1.042] escape=false escape_done_tt=-1.000
[fsm_node-3]  -- [TRAJ_GUARD_CERT] trigger=poly_publish status=SAFE gen=14 map=24 map_age=0.077s samples=211 range=[0.071,1.117] collision_tt=-1.000 ttc=-1.000 p=[0.000,0.000,0.000]
[fsm_node-3] [32m -- [Fsm] ReplanOnce succeed.[0m
[fsm_node-3]  -- [TRAJ_GUARD_CERT] trigger=poly_publish status=SAFE gen=15 map=24 map_age=0.148s samples=196 range=[0.070,1.042] collision_tt=-1.000 ttc=-1.000 p=[0.000,0.000,0.000]
[fsm_node-3] [32m -- [Fsm] Get goal at [0m24.025000000000002 24.025000000000002  1.525000000000000
[fsm_node-3] [32m -- [Fsm] Receive click goal at: [24.025000000000002 24.025000000000002  1.525000000000000]; goal yaw: 0.000000000000000 deg[0m
[fsm_node-3] [INFO] [1786684310.535849625] [fsm_node]:  -- [TRAJ_GUARD_COMMIT] phase=ReplanOnce/no_backup gen=16 map=24 samples=189 range=[0.071,1.006] escape=false escape_done_tt=-1.000
[fsm_node-3] [32m -- [Fsm] ReplanOnce succeed.[0m
[fsm_node-3]  -- [TRAJ_GUARD_CERT] trigger=poly_publish status=SAFE gen=16 map=24 map_age=0.219s samples=189 range=[0.071,1.006] collision_tt=-1.000 ttc=-1.000 p=[0.000,0.000,0.000]
[fsm_node-3] [32m -- [Fsm 14.050] Current state: FOLLOW_TRAJ[0m
[fsm_node-3] [INFO] [1786684310.600527418] [fsm_node]:  -- [TRAJ_GUARD_COMMIT] phase=ReplanOnce/no_backup gen=17 map=24 samples=170 range=[0.064,0.907] escape=false escape_done_tt=-1.000
[fsm_node-3] [32m -- [Fsm] ReplanOnce succeed.[0m
[fsm_node-3] [INFO] [1786684310.653295152] [fsm_node]:  -- [TRAJ_GUARD_COMMIT] phase=ReplanOnce/no_backup gen=18 map=24 samples=159 range=[0.052,0.839] escape=false escape_done_tt=-1.000
[fsm_node-3]  -- [TRAJ_GUARD_CERT] trigger=poly_publish status=SAFE gen=17 map=24 map_age=0.284s samples=170 range=[0.064,0.907] collision_tt=-1.000 ttc=-1.000 p=[0.000,0.000,0.000]
[fsm_node-3] [32m -- [Fsm] ReplanOnce succeed.[0m
[fsm_node-3] [INFO] [1786684310.692080080] [fsm_node]:  -- [TRAJ_GUARD_COMMIT] phase=ReplanOnce/no_backup gen=19 map=24 samples=151 range=[0.091,0.839] escape=false escape_done_tt=-1.000
[fsm_node-3]  -- [TRAJ_GUARD_CERT] trigger=poly_publish status=SAFE gen=18 map=24 map_age=0.336s samples=159 range=[0.052,0.839] collision_tt=-1.000 ttc=-1.000 p=[0.000,0.000,0.000]
[fsm_node-3] [32m -- [Fsm] ReplanOnce succeed.[0m
[fsm_node-3] [INFO] [1786684310.745306024] [fsm_node]:  -- [TRAJ_GUARD_COMMIT] phase=ReplanOnce/no_backup gen=20 map=24 samples=140 range=[0.144,0.839] escape=false escape_done_tt=-1.000
[fsm_node-3]  -- [TRAJ_GUARD_CERT] trigger=poly_publish status=SAFE gen=19 map=24 map_age=0.375s samples=151 range=[0.091,0.839] collision_tt=-1.000 ttc=-1.000 p=[0.000,0.000,0.000]
[fsm_node-3] [32m -- [Fsm] ReplanOnce succeed.[0m
[fsm_node-3] [INFO] [1786684310.811179086] [fsm_node]:  -- [TRAJ_GUARD_COMMIT] phase=ReplanOnce/no_backup gen=21 map=24 samples=127 range=[0.210,0.839] escape=false escape_done_tt=-1.000
[fsm_node-3]  -- [TRAJ_GUARD_CERT] trigger=poly_publish status=SAFE gen=20 map=24 map_age=0.428s samples=140 range=[0.144,0.839] collision_tt=-1.000 ttc=-1.000 p=[0.000,0.000,0.000]
[fsm_node-3] [32m -- [Fsm] ReplanOnce succeed.[0m
[fsm_node-3] [INFO] [1786684310.866715129] [fsm_node]:  -- [TRAJ_GUARD_COMMIT] phase=ReplanOnce/no_backup gen=22 map=25 samples=116 range=[0.266,0.839] escape=false escape_done_tt=-1.000
[fsm_node-3]  -- [TRAJ_GUARD_CERT] trigger=poly_publish status=SAFE gen=21 map=24 map_age=0.494s samples=127 range=[0.210,0.839] collision_tt=-1.000 ttc=-1.000 p=[0.000,0.000,0.000]
[fsm_node-3]  -- [TRAJ_GUARD_CERT] trigger=main_pre status=SAFE gen=21 map=25 map_age=0.010s samples=124 range=[0.226,0.839] collision_tt=-1.000 ttc=-1.000 p=[0.000,0.000,0.000]
[fsm_node-3] [32m -- [Fsm] ReplanOnce succeed.[0m
[fsm_node-3] [INFO] [1786684310.925574704] [fsm_node]:  -- [TRAJ_GUARD_COMMIT] phase=ReplanOnce/no_backup gen=23 map=26 samples=104 range=[0.325,0.839] escape=false escape_done_tt=-1.000
[fsm_node-3]  -- [TRAJ_GUARD_CERT] trigger=main_post status=SAFE gen=22 map=25 map_age=0.050s samples=116 range=[0.266,0.839] collision_tt=-1.000 ttc=-1.000 p=[0.000,0.000,0.000]
[fsm_node-3]  -- [TRAJ_GUARD_CERT] trigger=main_pre status=SAFE gen=22 map=26 map_age=0.003s samples=106 range=[0.315,0.839] collision_tt=-1.000 ttc=-1.000 p=[0.000,0.000,0.000]
[fsm_node-3] [32m -- [Fsm] ReplanOnce succeed.[0m
[fsm_node-3]  -- [TRAJ_GUARD_CERT] trigger=poly_publish status=SAFE gen=23 map=26 map_age=0.012s samples=104 range=[0.325,0.839] collision_tt=-1.000 ttc=-1.000 p=[0.000,0.000,0.000]
[fsm_node-3] [32m -- [Fsm] Get goal at [0m-23.975000000000001  24.025000000000002   1.525000000000000
[fsm_node-3] [32m -- [Fsm] Receive click goal at: [-23.975000000000001  24.025000000000002   1.525000000000000]; goal yaw: 0.000000000000000 deg[0m
[fsm_node-3] [WARN] [1786684311.122180972] [fsm_node]:  -- [SUPER] in [ReplanOnce]: Replan overtime, check parameters, replan dt = 0.141579814.
[fsm_node-3] [WARN] [1786684311.251677305] [fsm_node]:  -- [SUPER] in [ReplanOnce]: Replan overtime, check parameters, replan dt = 0.129114726.
[fsm_node-3] [WARN] [1786684311.396894496] [fsm_node]:  -- [SUPER] in [ReplanOnce]: Replan overtime, check parameters, replan dt = 0.144925911.
[fsm_node-3] [INFO] [1786684311.397602814] [fsm_node]:  -- [TRAJ_GUARD_COMMIT] phase=ReplanOnce/no_backup gen=24 map=29 samples=10 range=[0.797,0.839] escape=false escape_done_tt=-1.000
[fsm_node-3]  -- [TRAJ_GUARD_CERT] trigger=main_pre status=SAFE gen=23 map=27 map_age=0.013s samples=84 range=[0.426,0.839] collision_tt=-1.000 ttc=-1.000 p=[0.000,0.000,0.000]
[fsm_node-3]  -- [TRAJ_GUARD_CERT] trigger=main_pre status=SAFE gen=23 map=28 map_age=0.009s samples=44 range=[0.626,0.839] collision_tt=-1.000 ttc=-1.000 p=[0.000,0.000,0.000]
[fsm_node-3]  -- [TRAJ_GUARD_CERT] trigger=main_pre status=SAFE gen=23 map=29 map_age=0.006s samples=24 range=[0.726,0.839] collision_tt=-1.000 ttc=-1.000 p=[0.000,0.000,0.000]
[fsm_node-3] [32m -- [Fsm] ReplanOnce succeed.[0m
[fsm_node-3]  -- [TRAJ_GUARD_CERT] trigger=poly_publish status=SAFE gen=24 map=29 map_age=0.077s samples=10 range=[0.797,0.839] collision_tt=-1.000 ttc=-1.000 p=[0.000,0.000,0.000]
[fsm_node-3]  -- [TRAJ_GUARD_CERT] trigger=main_pre status=SAFE gen=24 map=30 map_age=0.002s samples=6 range=[0.816,0.839] collision_tt=-1.000 ttc=-1.000 p=[0.000,0.000,0.000]
[fsm_node-3] [32m -- [Fsm] ReplanOnce succeed.[0m
[fsm_node-3] [32m -- [Fsm] Traj finish.[0m
[fsm_node-3] [INFO] [1786684311.485510958] [fsm_node]:  -- [SUPER] in [PlanFromRest] GenerateExpTrajectory SUCCESS.
[fsm_node-3] [WARN] [1786684311.592234470] [fsm_node]:  -- [BackOpt] Opt failed, Omg or thr or Pos violation.
[fsm_node-3] [38;2;000;128;000m -- [Fsm]: [PubCmdCallback] change state from [FOLLOW_TRAJ] to [GENERATE_TRAJ].
[fsm_node-3] [0m[33m -- [MINCO] TrajOpt failed, (unknown)[0m
[fsm_node-3] [33m -- [SUPER] Minco backup_traj opt failed.[0m
[fsm_node-3] [INFO] [1786684311.592401945] [fsm_node]:  -- [TRAJ_GUARD_COMMIT] phase=PlanFromRest/with_backup gen=25 map=31 samples=251 range=[0.136,1.381] escape=false escape_done_tt=-1.000
[fsm_node-3]  -- [TRAJ_GUARD_CERT] trigger=poly_publish status=SAFE gen=25 map=31 map_age=0.080s samples=251 range=[0.136,1.381] collision_tt=-1.000 ttc=-1.000 p=[0.000,0.000,0.000]
[fsm_node-3] [38;2;000;128;000m -- [Fsm]: [MainFsmCallback] change state from [GENERATE_TRAJ] to [FOLLOW_TRAJ].
[fsm_node-3] [0m[32m -- [Fsm 15.056] Current state: FOLLOW_TRAJ[0m
[fsm_node-3] [WARN] [1786684311.860916014] [fsm_node]:  -- [SUPER] in [ReplanOnce]: Replan overtime, check parameters, replan dt = 0.154077145.
[fsm_node-3]  -- [TRAJ_GUARD_CERT] trigger=main_pre status=SAFE gen=25 map=32 map_age=0.003s samples=226 range=[0.260,1.381] collision_tt=-1.000 ttc=-1.000 p=[0.000,0.000,0.000]
[fsm_node-3]  -- [TRAJ_GUARD_CERT] trigger=main_pre status=SAFE gen=25 map=33 map_age=0.005s samples=186 range=[0.460,1.381] collision_tt=-1.000 ttc=-1.000 p=[0.000,0.000,0.000]
[fsm_node-3] [32m -- [Fsm] Get goal at [0m-23.975000000000001  24.025000000000002   1.525000000000000
[fsm_node-3] [32m -- [Fsm] Receive click goal at: [-23.975000000000001  24.025000000000002   1.525000000000000]; goal yaw: 0.000000000000000 deg[0m
[fsm_node-3] [WARN] [1786684312.011760247] [fsm_node]:  -- [SUPER] in [ReplanOnce]: Replan overtime, check parameters, replan dt = 0.150522921.
[fsm_node-3] [WARN] [1786684312.181353936] [fsm_node]:  -- [SUPER] in [ReplanOnce]: Replan overtime, check parameters, replan dt = 0.169173767.
[fsm_node-3] [WARN] [1786684312.334347836] [fsm_node]:  -- [SUPER] in [ReplanOnce]: Replan overtime, check parameters, replan dt = 0.152577901.
[fsm_node-3] [WARN] [1786684312.483115155] [fsm_node]:  -- [SUPER] in [ReplanOnce]: Replan overtime, check parameters, replan dt = 0.14834835.
[fsm_node-3]  -- [TRAJ_GUARD_CERT] trigger=main_pre status=SAFE gen=25 map=34 map_age=0.003s samples=166 range=[0.560,1.381] collision_tt=-1.000 ttc=-1.000 p=[0.000,0.000,0.000]
[fsm_node-3]  -- [TRAJ_GUARD_CERT] trigger=main_pre status=SAFE gen=25 map=35 map_age=0.014s samples=144 range=[0.670,1.381] collision_tt=-1.000 ttc=-1.000 p=[0.000,0.000,0.000]
[fsm_node-3] [32m -- [Fsm 16.060] Current state: FOLLOW_TRAJ[0m
[fsm_node-3] [WARN] [1786684312.615816723] [fsm_node]:  -- [SUPER] in [ReplanOnce]: Replan overtime, check parameters, replan dt = 0.132293498.
[fsm_node-3] [WARN] [1786684312.740042525] [fsm_node]:  -- [SUPER] in [ReplanOnce]: Replan overtime, check parameters, replan dt = 0.123687838.
[fsm_node-3] [32m -- [Fsm] Traj finish.[0m
[fsm_node-3] [INFO] [1786684312.905173355] [fsm_node]:  -- [SUPER] in [PlanFromRest] GenerateExpTrajectory SUCCESS.
[fsm_node-3] [INFO] [1786684312.976707212] [fsm_node]:  -- [TRAJ_GUARD_COMMIT] phase=PlanFromRest/with_backup gen=26 map=35 samples=211 range=[0.120,1.170] escape=false escape_done_tt=-1.000
[fsm_node-3] [38;2;000;128;000m -- [Fsm]: [PubCmdCallback] change state from [FOLLOW_TRAJ] to [GENERATE_TRAJ].
[fsm_node-3] [0m -- [TRAJ_GUARD_CERT] trigger=poly_publish status=SAFE gen=26 map=35 map_age=0.865s samples=211 range=[0.120,1.170] collision_tt=-1.000 ttc=-1.000 p=[0.000,0.000,0.000]
[fsm_node-3] [38;2;000;128;000m -- [Fsm]: [MainFsmCallback] change state from [GENERATE_TRAJ] to [FOLLOW_TRAJ].
[fsm_node-3] [0m[32m -- [Fsm] Get goal at [0m-23.975000000000001  24.025000000000002   1.525000000000000
[fsm_node-3] [32m -- [Fsm] Receive click goal at: [-23.975000000000001  24.025000000000002   1.525000000000000]; goal yaw: 0.000000000000000 deg[0m
[fsm_node-3] [WARN] [1786684313.223965039] [fsm_node]:  -- [SUPER] in [ReplanOnce]: Replan overtime, check parameters, replan dt = 0.131358521.
[fsm_node-3] [WARN] [1786684313.323114667] [fsm_node]:  -- [SUPER] in [ReplanOnce]: Replan overtime, check parameters, replan dt = 0.098818115.
[fsm_node-3] [INFO] [1786684313.404333961] [fsm_node]:  -- [TRAJ_GUARD_COMMIT] phase=ReplanOnce/with_backup gen=27 map=37 samples=294 range=[0.081,1.544] escape=false escape_done_tt=-1.000
[fsm_node-3]  -- [TRAJ_GUARD_CERT] trigger=main_pre status=SAFE gen=26 map=36 map_age=0.011s samples=201 range=[0.170,1.170] collision_tt=-1.000 ttc=-1.000 p=[0.000,0.000,0.000]
[fsm_node-3]  -- [TRAJ_GUARD_CERT] trigger=main_pre status=SAFE gen=26 map=37 map_age=0.011s samples=181 range=[0.270,1.170] collision_tt=-1.000 ttc=-1.000 p=[0.000,0.000,0.000]
[fsm_node-3] [32m -- [Fsm] ReplanOnce succeed.[0m
[fsm_node-3] [WARN] [1786684313.560328876] [fsm_node]:  -- [SUPER] in [ReplanOnce]: Replan overtime, check parameters, replan dt = 0.155495578.
[fsm_node-3]  -- [TRAJ_GUARD_CERT] trigger=poly_publish status=SAFE gen=27 map=37 map_age=0.289s samples=294 range=[0.081,1.544] collision_tt=-1.000 ttc=-1.000 p=[0.000,0.000,0.000]
[fsm_node-3] [32m -- [Fsm 17.070] Current state: FOLLOW_TRAJ[0m
[fsm_node-3] [WARN] [1786684313.656994189] [fsm_node]:  -- [SUPER] in [ReplanOnce]: Replan overtime, check parameters, replan dt = 0.096197476.
[fsm_node-3] [INFO] [1786684313.733400946] [fsm_node]:  -- [TRAJ_GUARD_COMMIT] phase=ReplanOnce/with_backup gen=28 map=37 samples=254 range=[0.076,1.337] escape=false escape_done_tt=-1.000
[fsm_node-3] [32m -- [Fsm] ReplanOnce succeed.[0m
[fsm_node-3] [INFO] [1786684313.812330703] [fsm_node]:  -- [TRAJ_GUARD_COMMIT] phase=ReplanOnce/with_backup gen=29 map=37 samples=220 range=[0.078,1.170] escape=false escape_done_tt=-1.000
[fsm_node-3]  -- [TRAJ_GUARD_CERT] trigger=poly_publish status=SAFE gen=28 map=37 map_age=0.618s samples=254 range=[0.076,1.337] collision_tt=-1.000 ttc=-1.000 p=[0.000,0.000,0.000]
[fsm_node-3] [32m -- [Fsm] ReplanOnce succeed.[0m
[fsm_node-3]  -- [TRAJ_GUARD_CERT] trigger=poly_publish status=SAFE gen=29 map=37 map_age=0.697s samples=220 range=[0.079,1.170] collision_tt=-1.000 ttc=-1.000 p=[0.000,0.000,0.000]
[fsm_node-3] [32m -- [Fsm] Get goal at [0m-23.975000000000001  24.025000000000002   1.525000000000000
[fsm_node-3] [32m -- [Fsm] Receive click goal at: [-23.975000000000001  24.025000000000002   1.525000000000000]; goal yaw: 0.000000000000000 deg[0m
[fsm_node-3] [ERROR] [1786684314.366886339] [fsm_node]:  -- [TRAJ_GUARD_BRAKE] trigger=main_pre_uncertified duration=0.852s speed0=6.272 max_acc=18.598 max_jerk=115.630 dynamics_ok=true path_status=SAFE stop=[8.046,24.375,1.509]
[fsm_node-3]  -- [TRAJ_GUARD_CERT] trigger=main_pre status=MAP_STALE gen=29 map=37 map_age=1.251s samples=0 range=[0.000,0.000] collision_tt=-1.000 ttc=-1.000 p=[0.000,0.000,0.000]
[fsm_node-3] [38;2;000;128;000m -- [Fsm]: [TrajectoryGuard] change state from [FOLLOW_TRAJ] to [EMER_STOP].
[fsm_node-3] [0m[38;2;000;128;000m -- [Fsm]: [TrajectoryGuardRecovery] change state from [EMER_STOP] to [GENERATE_TRAJ].
[fsm_node-3] [0m[32m -- [Fsm 21.540] Current state: GENERATE_TRAJ[0m
[fsm_node-3] [32m -- [Fsm] Get goal at [0m-23.975  24.025   1.525
[fsm_node-3] [32m -- [Fsm] Receive click goal at: [-23.975  24.025   1.525]; goal yaw: 0.000 deg[0m
[fsm_node-3] [INFO] [1786684318.132522999] [fsm_node]:  -- [SUPER] in [PlanFromRest] GenerateExpTrajectory SUCCESS.
[fsm_node-3] [ERROR] [1786684318.211389943] [fsm_node]:  -- [TRAJ_GUARD_REJECT] phase=PlanFromRest/with_backup segment=APPENDED_BACKUP status=CLEARANCE_MARGIN gen=30 map=39 from_tt=0.134 collision_tt=0.924 collision_p=[3.085,25.371,1.415] samples=235
[fsm_node-3] [33m -- [Fsm] PlanFromRest failed, try replan.[0m
[fsm_node-3] [INFO] [1786684318.629646913] [fsm_node]:  -- [SUPER] in [PlanFromRest] GenerateExpTrajectory SUCCESS.
[fsm_node-3] [INFO] [1786684318.703977424] [fsm_node]:  -- [TRAJ_GUARD_COMMIT] phase=PlanFromRest/with_backup gen=30 map=39 samples=248 range=[0.117,1.351] escape=false escape_done_tt=-1.000
[fsm_node-3] [INFO] [1786684318.704151889] [fsm_node]:  -- [TRAJ_GUARD_RECOVERED] trigger=main_pre_uncertified gen=30 map=39
[fsm_node-3]  -- [TRAJ_GUARD_CERT] trigger=poly_publish status=SAFE gen=30 map=39 map_age=0.591s samples=248 range=[0.117,1.351] collision_tt=-1.000 ttc=-1.000 p=[0.000,0.000,0.000]
[fsm_node-3] [38;2;000;128;000m -- [Fsm]: [MainFsmCallback] change state from [GENERATE_TRAJ] to [FOLLOW_TRAJ].
[fsm_node-3] [0m[32m -- [Fsm] Get goal at [0m-23.975000000000001  24.025000000000002   1.525000000000000
[fsm_node-3] [32m -- [Fsm] Receive click goal at: [-23.975000000000001  24.025000000000002   1.525000000000000]; goal yaw: 0.000000000000000 deg[0m
[fsm_node-3] [32m -- [Fsm 22.550] Current state: FOLLOW_TRAJ[0m
[fsm_node-3] [ERROR] [1786684319.366710570] [fsm_node]:  -- [TRAJ_GUARD_BRAKE] trigger=main_pre_uncertified duration=0.664s speed0=8.826 max_acc=17.721 max_jerk=78.509 dynamics_ok=true path_status=SAFE stop=[1.763,25.894,1.527]
[fsm_node-3]  -- [TRAJ_GUARD_CERT] trigger=main_pre status=MAP_STALE gen=30 map=39 map_age=1.254s samples=0 range=[0.000,0.000] collision_tt=-1.000 ttc=-1.000 p=[0.000,0.000,0.000]
[fsm_node-3] [38;2;000;128;000m -- [Fsm]: [TrajectoryGuard] change state from [FOLLOW_TRAJ] to [EMER_STOP].
[fsm_node-3] [0m[38;2;000;128;000m -- [Fsm]: [TrajectoryGuardRecovery] change state from [EMER_STOP] to [GENERATE_TRAJ].
[fsm_node-3] [0m[32m -- [Fsm 23.770] Current state: GENERATE_TRAJ[0m
[fsm_node-3] [32m -- [Fsm] Get goal at [0m-23.975  24.025   1.525
[fsm_node-3] [32m -- [Fsm] Receive click goal at: [-23.975  24.025   1.525]; goal yaw: 0.000 deg[0m
[fsm_node-3] [INFO] [1786684320.350774735] [fsm_node]:  -- [SUPER] in [PlanFromRest] GenerateExpTrajectory SUCCESS.
[fsm_node-3] [ERROR] [1786684320.413416581] [fsm_node]:  -- [TRAJ_GUARD_REJECT] phase=PlanFromRest/with_backup segment=APPENDED_BACKUP status=CLEARANCE_MARGIN gen=31 map=41 from_tt=0.107 collision_tt=0.852 collision_p=[-1.915,26.270,1.505] samples=226
[fsm_node-3] [33m -- [Fsm] PlanFromRest failed, try replan.[0m
[fsm_node-3] [INFO] [1786684320.899099391] [fsm_node]:  -- [SUPER] in [PlanFromRest] GenerateExpTrajectory SUCCESS.
[fsm_node-3] [ERROR] [1786684320.957905662] [fsm_node]:  -- [TRAJ_GUARD_REJECT] phase=PlanFromRest/with_backup segment=APPENDED_BACKUP status=CLEARANCE_MARGIN gen=31 map=43 from_tt=0.141 collision_tt=1.586 collision_p=[-2.105,26.306,1.466] samples=387
[fsm_node-3] [33m -- [Fsm] PlanFromRest failed, try replan.[0m
[fsm_node-3] [32m -- [Fsm 24.790] Current state: GENERATE_TRAJ[0m
[fsm_node-3] [32m -- [Fsm] Get goal at [0m-23.975  24.025   1.525
[fsm_node-3] [32m -- [Fsm] Receive click goal at: [-23.975  24.025   1.525]; goal yaw: 0.000 deg[0m
[fsm_node-3] [INFO] [1786684321.362567931] [fsm_node]:  -- [SUPER] in [PlanFromRest] GenerateExpTrajectory SUCCESS.
[fsm_node-3] [INFO] [1786684321.435726167] [fsm_node]:  -- [TRAJ_GUARD_COMMIT] phase=PlanFromRest/with_backup gen=31 map=44 samples=226 range=[0.109,1.232] escape=false escape_done_tt=-1.000
[fsm_node-3] [INFO] [1786684321.435910549] [fsm_node]:  -- [TRAJ_GUARD_RECOVERED] trigger=main_pre_uncertified gen=31 map=44
[fsm_node-3] [WARN] [1786684321.631157297] [fsm_node]:  -- [SUPER] in [ReplanOnce]: Replan overtime, check parameters, replan dt = 0.090563441.
[fsm_node-3] [WARN] [1786684321.737350574] [fsm_node]:  -- [SUPER] in [ReplanOnce]: Replan overtime, check parameters, replan dt = 0.105805369.
[fsm_node-3] [INFO] [1786684321.799686963] [fsm_node]:  -- [TRAJ_GUARD_COMMIT] phase=ReplanOnce/with_backup gen=32 map=45 samples=143 range=[0.062,0.770] escape=false escape_done_tt=-1.000
[fsm_node-3]  -- [TRAJ_GUARD_CERT] trigger=poly_publish status=SAFE gen=31 map=44 map_age=0.318s samples=226 range=[0.109,1.232] collision_tt=-1.000 ttc=-1.000 p=[0.000,0.000,0.000]
[fsm_node-3] [38;2;000;128;000m -- [Fsm]: [MainFsmCallback] change state from [GENERATE_TRAJ] to [FOLLOW_TRAJ].
[fsm_node-3] [0m -- [TRAJ_GUARD_CERT] trigger=main_pre status=SAFE gen=31 map=45 map_age=0.013s samples=166 range=[0.410,1.232] collision_tt=-1.000 ttc=-1.000 p=[0.000,0.000,0.000]
[fsm_node-3] [32m -- [Fsm] ReplanOnce succeed.[0m
[fsm_node-3] [INFO] [1786684321.869902955] [fsm_node]:  -- [TRAJ_GUARD_COMMIT] phase=ReplanOnce/with_backup gen=33 map=45 samples=132 range=[0.070,0.721] escape=false escape_done_tt=-1.000
[fsm_node-3]  -- [TRAJ_GUARD_CERT] trigger=poly_publish status=SAFE gen=32 map=45 map_age=0.076s samples=143 range=[0.062,0.770] collision_tt=-1.000 ttc=-1.000 p=[0.000,0.000,0.000]
[fsm_node-3] [32m -- [Fsm] ReplanOnce succeed.[0m
[fsm_node-3] [WARN] [1786684321.987547840] [fsm_node]:  -- [SUPER] in [ReplanOnce]: Replan overtime, check parameters, replan dt = 0.117268702.
[fsm_node-3]  -- [TRAJ_GUARD_CERT] trigger=poly_publish status=SAFE gen=33 map=45 map_age=0.146s samples=132 range=[0.070,0.721] collision_tt=-1.000 ttc=-1.000 p=[0.000,0.000,0.000]
[fsm_node-3]  -- [TRAJ_GUARD_CERT] trigger=main_pre status=SAFE gen=33 map=46 map_age=0.007s samples=119 range=[0.136,0.721] collision_tt=-1.000 ttc=-1.000 p=[0.000,0.000,0.000]
[fsm_node-3] [32m -- [Fsm] Get goal at [0m-23.975000000000001  24.025000000000002   1.525000000000000
[fsm_node-3] [32m -- [Fsm] Receive click goal at: [-23.975000000000001  24.025000000000002   1.525000000000000]; goal yaw: 0.000000000000000 deg[0m
[fsm_node-3] [WARN] [1786684322.130167351] [fsm_node]:  -- [SUPER] in [ReplanOnce]: Replan overtime, check parameters, replan dt = 0.14225496.
[fsm_node-3] [WARN] [1786684322.222627064] [fsm_node]:  -- [SUPER] in [ReplanOnce]: Replan overtime, check parameters, replan dt = 0.092115402.
[fsm_node-3] [32m -- [Fsm 25.800] Current state: FOLLOW_TRAJ[0m
[fsm_node-3] [WARN] [1786684322.340826797] [fsm_node]:  -- [SUPER] Replan over time(0.11786460876464844)!!!! Return FAILED
[fsm_node-3] [WARN] [1786684322.340882338] [fsm_node]:  -- [SUPER] in [ReplanOnce]: GenerateExpTrajectory failed, force return
[fsm_node-3] [32m -- [Fsm] Traj finish.[0m
[fsm_node-3] [WARN] [1786684322.539364035] [fsm_node]:  -- [SUPER] in [ReplanOnce]: Replan overtime, check parameters, replan dt = 0.198124267.
[fsm_node-3] [INFO] [1786684322.630730443] [fsm_node]:  -- [SUPER] in [PlanFromRest] GenerateExpTrajectory SUCCESS.
[fsm_node-3] [INFO] [1786684322.777393672] [fsm_node]:  -- [TRAJ_GUARD_COMMIT] phase=PlanFromRest/with_backup gen=34 map=47 samples=226 range=[0.238,1.360] escape=false escape_done_tt=-1.000
[fsm_node-3] [38;2;000;128;000m -- [Fsm]: [PubCmdCallback] change state from [FOLLOW_TRAJ] to [GENERATE_TRAJ].
[fsm_node-3] [0m -- [TRAJ_GUARD_CERT] trigger=poly_publish status=SAFE gen=34 map=47 map_age=0.051s samples=226 range=[0.238,1.360] collision_tt=-1.000 ttc=-1.000 p=[0.000,0.000,0.000]
[fsm_node-3] [38;2;000;128;000m -- [Fsm]: [MainFsmCallback] change state from [GENERATE_TRAJ] to [FOLLOW_TRAJ].
[fsm_node-3] [0m[32m -- [Fsm] Get goal at [0m-23.975000000000001  24.025000000000002   1.525000000000000
[fsm_node-3] [32m -- [Fsm] Receive click goal at: [-23.975000000000001  24.025000000000002   1.525000000000000]; goal yaw: 0.000000000000000 deg[0m
[fsm_node-3] [WARN] [1786684323.029237304] [fsm_node]:  -- [SUPER] in [ReplanOnce]: Replan overtime, check parameters, replan dt = 0.168670969.
[fsm_node-3] [ERROR] [1786684323.042342757] [fsm_node]:  -- [TRAJ_GUARD_BRAKE_REJECTED] trigger=main_pre_uncertified searched=[0.400,3.000]s speed0=6.753 last_dynamics_ok=true max_acc=20.000 max_jerk=30.368 last_path_status=CLEARANCE_MARGIN; no brake command published
[fsm_node-3] [WARN] [1786684323.181354461] [fsm_node]:  -- [BackOpt] Opt failed, Omg or thr or Pos violation.
[fsm_node-3]  -- [TRAJ_GUARD_CERT] trigger=main_pre status=CLEARANCE_MARGIN gen=34 map=48 map_age=0.007s samples=174 range=[0.497,1.360] collision_tt=0.997 ttc=0.499 p=[-8.009,26.766,1.338]
[fsm_node-3] [38;2;000;128;000m -- [Fsm]: [TrajectoryGuardFailClosed] change state from [FOLLOW_TRAJ] to [EMER_STOP].
[fsm_node-3] [0m[38;2;000;128;000m -- [Fsm]: [MainFsmCallback] change state from [EMER_STOP] to [WAIT_GOAL].
[fsm_node-3] [0m[38;2;000;128;000m -- [Fsm]: [MainFsmCallback] change state from [WAIT_GOAL] to [GENERATE_TRAJ].
[fsm_node-3] [0m[33m -- [MINCO] TrajOpt failed, (unknown)[0m
[fsm_node-3] [33m -- [SUPER] Minco backup_traj opt failed.[0m
[fsm_node-3] [WARN] [1786684323.185783195] [fsm_node]:  -- [BackOpt] Opt failed, Omg or thr or Pos violation.
[fsm_node-3] [WARN] [1786684323.185799332] [fsm_node]:  -- [SUPER] OptimizationBakTrajInPolytopes failed, force return
[fsm_node-3] [WARN] [1786684323.185810510] [fsm_node]:  -- [SUPER] in [ReplanOnce]: Replan overtime, check parameters, replan dt = 0.156152112.
[fsm_node-3] [33m -- [MINCO] TrajOpt failed, (unknown)[0m
[fsm_node-3] [33m -- [SUPER] Minco backup_traj opt failed.[0m
[fsm_node-3] [INFO] [1786684323.245899137] [fsm_node]:  -- [SUPER] in [PlanFromRest] GenerateExpTrajectory SUCCESS.
[fsm_node-3] [INFO] [1786684323.365926194] [fsm_node]:  -- [TRAJ_GUARD_COMMIT] phase=PlanFromRest/with_backup gen=35 map=48 samples=231 range=[0.180,1.327] escape=false escape_done_tt=-1.000
[fsm_node-3]  -- [TRAJ_GUARD_CERT] trigger=poly_publish status=SAFE gen=35 map=48 map_age=0.337s samples=231 range=[0.180,1.327] collision_tt=-1.000 ttc=-1.000 p=[0.000,0.000,0.000]
[fsm_node-3] [38;2;000;128;000m -- [Fsm]: [MainFsmCallback] change state from [GENERATE_TRAJ] to [FOLLOW_TRAJ].
[fsm_node-3] [0m[32m -- [Fsm 26.830] Current state: FOLLOW_TRAJ[0m
[fsm_node-3] [WARN] [1786684323.680025647] [fsm_node]:  -- [SUPER] in [ReplanOnce]: Replan overtime, check parameters, replan dt = 0.225494252.
[fsm_node-3] [WARN] [1786684323.786356814] [fsm_node]:  -- [BackOpt] Opt failed, Omg or thr or Pos violation.
[fsm_node-3]  -- [TRAJ_GUARD_CERT] trigger=main_pre status=SAFE gen=35 map=49 map_age=0.006s samples=179 range=[0.441,1.327] collision_tt=-1.000 ttc=-1.000 p=[0.000,0.000,0.000]
[fsm_node-3] [33m -- [MINCO] TrajOpt failed, (unknown)[0m
[fsm_node-3] [33m -- [SUPER] Minco backup_traj opt failed.[0m
[fsm_node-3] [WARN] [1786684323.787497394] [fsm_node]:  -- [BackOpt] Opt failed, Omg or thr or Pos violation.
[fsm_node-3] [WARN] [1786684323.787508126] [fsm_node]:  -- [SUPER] OptimizationBakTrajInPolytopes failed, force return
[fsm_node-3] [WARN] [1786684323.787519559] [fsm_node]:  -- [SUPER] in [ReplanOnce]: Replan overtime, check parameters, replan dt = 0.107062705.
[fsm_node-3] [33m -- [MINCO] TrajOpt failed, (unknown)[0m
[fsm_node-3] [33m -- [SUPER] Minco backup_traj opt failed.[0m
[fsm_node-3] [WARN] [1786684323.905788623] [fsm_node]:  -- [SUPER] in [ReplanOnce]: Replan overtime, check parameters, replan dt = 0.117874043.
[fsm_node-3] [WARN] [1786684323.941304453] [fsm_node]:  -- [ExpOpt] Opt failed, Omg or thr or Pos violation.
[fsm_node-3] [WARN] [1786684323.941400513] [fsm_node]:  -- [SUPER] OptimizationExpTrajInPolytopes for new path failed
[fsm_node-3] [WARN] [1786684323.941414021] [fsm_node]:  -- [SUPER] in [ReplanOnce]: GenerateExpTrajectory failed, force return
[fsm_node-3]  -- [TRAJ_GUARD_CERT] trigger=main_pre status=SAFE gen=35 map=50 map_age=0.006s samples=139 range=[0.641,1.327] collision_tt=-1.000 ttc=-1.000 p=[0.000,0.000,0.000]
[fsm_node-3] [33m -- [MINCO] TrajOpt failed, (unknown)[0m
[fsm_node-3] [33m -- [SUPER] Minco exp_traj opt failed.[0m
[fsm_node-3] [32m -- [Fsm] Get goal at [0m-23.975000000000001  24.025000000000002   1.525000000000000
[fsm_node-3] [32m -- [Fsm] Receive click goal at: [-23.975000000000001  24.025000000000002   1.525000000000000]; goal yaw: 0.000000000000000 deg[0m
[fsm_node-3] [WARN] [1786684324.081506712] [fsm_node]:  -- [SUPER] in [ReplanOnce]: Replan overtime, check parameters, replan dt = 0.139740714.
[fsm_node-3] [WARN] [1786684324.253377833] [fsm_node]:  -- [SUPER] in [ReplanOnce]: Replan overtime, check parameters, replan dt = 0.171477396.
[fsm_node-3]  -- [TRAJ_GUARD_CERT] trigger=main_pre status=SAFE gen=35 map=51 map_age=0.007s samples=97 range=[0.851,1.327] collision_tt=-1.000 ttc=-1.000 p=[0.000,0.000,0.000]
[fsm_node-3]  -- [TRAJ_GUARD_CERT] trigger=main_pre status=SAFE gen=35 map=52 map_age=0.010s samples=77 range=[0.951,1.327] collision_tt=-1.000 ttc=-1.000 p=[0.000,0.000,0.000]
[fsm_node-3]  -- [TRAJ_GUARD_CERT] trigger=main_pre status=SAFE gen=35 map=53 map_age=0.015s samples=57 range=[1.051,1.327] collision_tt=-1.000 ttc=-1.000 p=[0.000,0.000,0.000]
[fsm_node-3] [32m -- [Fsm 27.830] Current state: FOLLOW_TRAJ[0m
[fsm_node-3] [WARN] [1786684324.406878146] [fsm_node]:  -- [SUPER] in [ReplanOnce]: Replan overtime, check parameters, replan dt = 0.153084162.
[fsm_node-3] [32m -- [Fsm] Traj finish.[0m
[fsm_node-3] [WARN] [1786684324.556391757] [fsm_node]:  -- [SUPER] in [ReplanOnce]: Replan overtime, check parameters, replan dt = 0.149157864.
[fsm_node-3] [INFO] [1786684324.608504860] [fsm_node]:  -- [SUPER] in [PlanFromRest] GenerateExpTrajectory SUCCESS.
[fsm_node-3] [INFO] [1786684324.732034504] [fsm_node]:  -- [TRAJ_GUARD_COMMIT] phase=PlanFromRest/with_backup gen=36 map=55 samples=240 range=[0.175,1.367] escape=false escape_done_tt=-1.000
[fsm_node-3] [38;2;000;128;000m -- [Fsm]: [PubCmdCallback] change state from [FOLLOW_TRAJ] to [GENERATE_TRAJ].
[fsm_node-3] [0m -- [TRAJ_GUARD_CERT] trigger=poly_publish status=SAFE gen=36 map=55 map_age=0.018s samples=240 range=[0.175,1.367] collision_tt=-1.000 ttc=-1.000 p=[0.000,0.000,0.000]
[fsm_node-3] [38;2;000;128;000m -- [Fsm]: [MainFsmCallback] change state from [GENERATE_TRAJ] to [FOLLOW_TRAJ].
[fsm_node-3] [0m -- [TRAJ_GUARD_CERT] trigger=main_pre status=SAFE gen=36 map=56 map_age=0.006s samples=201 range=[0.370,1.367] collision_tt=-1.000 ttc=-1.000 p=[0.000,0.000,0.000]
[fsm_node-3] [32m -- [Fsm] Get goal at [0m-23.975000000000001  24.025000000000002   1.525000000000000
[fsm_node-3] [32m -- [Fsm] Receive click goal at: [-23.975000000000001  24.025000000000002   1.525000000000000]; goal yaw: 0.000000000000000 deg[0m
[fsm_node-3] [WARN] [1786684325.046632122] [fsm_node]:  -- [SUPER] in [ReplanOnce]: Replan overtime, check parameters, replan dt = 0.206108613.
[fsm_node-3] [WARN] [1786684325.210429586] [fsm_node]:  -- [SUPER] in [ReplanOnce]: Replan overtime, check parameters, replan dt = 0.163385011.
[fsm_node-3]  -- [TRAJ_GUARD_CERT] trigger=main_pre status=SAFE gen=36 map=57 map_age=0.011s samples=139 range=[0.680,1.367] collision_tt=-1.000 ttc=-1.000 p=[0.000,0.000,0.000]
[fsm_node-3] [32m -- [Fsm 28.840] Current state: FOLLOW_TRAJ[0m
[fsm_node-3] [WARN] [1786684325.394374820] [fsm_node]:  -- [SUPER] in [ReplanOnce]: Replan overtime, check parameters, replan dt = 0.183381946.
[fsm_node-3] [WARN] [1786684325.568796476] [fsm_node]:  -- [SUPER] in [ReplanOnce]: Replan overtime, check parameters, replan dt = 0.17397601.
[fsm_node-3] [WARN] [1786684325.793907278] [fsm_node]:  -- [SUPER] in [ReplanOnce]: Replan overtime, check parameters, replan dt = 0.224611347.
[fsm_node-3]  -- [TRAJ_GUARD_CERT] trigger=main_pre status=SAFE gen=36 map=58 map_age=0.009s samples=79 range=[0.980,1.367] collision_tt=-1.000 ttc=-1.000 p=[0.000,0.000,0.000]
[fsm_node-3] [32m -- [Fsm] Traj finish.[0m
[fsm_node-3] [WARN] [1786684325.967328311] [fsm_node]:  -- [SUPER] in [ReplanOnce]: Replan overtime, check parameters, replan dt = 0.17293256.
[fsm_node-3] [INFO] [1786684326.022889123] [fsm_node]:  -- [SUPER] in [PlanFromRest] GenerateExpTrajectory SUCCESS.
[fsm_node-3] [INFO] [1786684326.091718343] [fsm_node]:  -- [TRAJ_GUARD_COMMIT] phase=PlanFromRest/with_backup gen=37 map=60 samples=201 range=[0.124,1.121] escape=false escape_done_tt=-1.000
[fsm_node-3] [38;2;000;128;000m -- [Fsm]: [PubCmdCallback] change state from [FOLLOW_TRAJ] to [GENERATE_TRAJ].
[fsm_node-3] [0m -- [TRAJ_GUARD_CERT] trigger=poly_publish status=SAFE gen=37 map=60 map_age=0.077s samples=201 range=[0.124,1.121] collision_tt=-1.000 ttc=-1.000 p=[0.000,0.000,0.000]
[fsm_node-3] [38;2;000;128;000m -- [Fsm]: [MainFsmCallback] change state from [GENERATE_TRAJ] to [FOLLOW_TRAJ].
[fsm_node-3] [0m[32m -- [Fsm] Get goal at [0m-23.975000000000001  24.025000000000002   1.525000000000000
[fsm_node-3] [32m -- [Fsm] Receive click goal at: [-23.975000000000001  24.025000000000002   1.525000000000000]; goal yaw: 0.000000000000000 deg[0m
[fsm_node-3]  -- [TRAJ_GUARD_CERT] trigger=main_pre status=SAFE gen=37 map=61 map_age=0.212s samples=174 range=[0.259,1.121] collision_tt=-1.000 ttc=-1.000 p=[0.000,0.000,0.000]
[fsm_node-3]  -- [TRAJ_GUARD_CERT] trigger=main_pre status=SAFE gen=37 map=62 map_age=0.006s samples=154 range=[0.359,1.121] collision_tt=-1.000 ttc=-1.000 p=[0.000,0.000,0.000]
[fsm_node-3] [32m -- [Fsm 29.840] Current state: FOLLOW_TRAJ[0m
[fsm_node-3] [WARN] [1786684326.573443852] [fsm_node]:  -- [SUPER] in [ReplanOnce]: Replan overtime, check parameters, replan dt = 0.478962807.
[fsm_node-3] [WARN] [1786684326.677805296] [fsm_node]:  -- [SUPER] in [ReplanOnce]: Replan overtime, check parameters, replan dt = 0.103950762.
[fsm_node-3] [WARN] [1786684326.798874125] [fsm_node]:  -- [SUPER] in [ReplanOnce]: Replan overtime, check parameters, replan dt = 0.12052768.
[fsm_node-3] [WARN] [1786684326.890699456] [fsm_node]:  -- [SUPER] in [ReplanOnce]: Replan overtime, check parameters, replan dt = 0.091392292.
[fsm_node-3] [INFO] [1786684326.962921806] [fsm_node]:  -- [TRAJ_GUARD_COMMIT] phase=ReplanOnce/no_backup gen=38 map=66 samples=302 range=[0.072,1.574] escape=false escape_done_tt=-1.000
[fsm_node-3]  -- [TRAJ_GUARD_CERT] trigger=main_pre status=SAFE gen=37 map=63 map_age=0.013s samples=132 range=[0.469,1.121] collision_tt=-1.000 ttc=-1.000 p=[0.000,0.000,0.000]
[fsm_node-3]  -- [TRAJ_GUARD_CERT] trigger=main_pre status=SAFE gen=37 map=64 map_age=0.014s samples=90 range=[0.679,1.121] collision_tt=-1.000 ttc=-1.000 p=[0.000,0.000,0.000]
[fsm_node-3]  -- [TRAJ_GUARD_CERT] trigger=main_pre status=SAFE gen=37 map=65 map_age=0.004s samples=72 range=[0.769,1.121] collision_tt=-1.000 ttc=-1.000 p=[0.000,0.000,0.000]
[fsm_node-3]  -- [TRAJ_GUARD_CERT] trigger=main_pre status=SAFE gen=37 map=66 map_age=0.004s samples=34 range=[0.959,1.121] collision_tt=-1.000 ttc=-1.000 p=[0.000,0.000,0.000]
[fsm_node-3] [32m -- [Fsm] ReplanOnce succeed.[0m
[fsm_node-3]  -- [TRAJ_GUARD_CERT] trigger=poly_publish status=SAFE gen=38 map=66 map_age=0.041s samples=302 range=[0.072,1.574] collision_tt=-1.000 ttc=-1.000 p=[0.000,0.000,0.000]
[fsm_node-3]  -- [TRAJ_GUARD_CERT] trigger=main_pre status=SAFE gen=38 map=67 map_age=0.007s samples=289 range=[0.135,1.574] collision_tt=-1.000 ttc=-1.000 p=[0.000,0.000,0.000]
[fsm_node-3] [32m -- [Fsm] Get goal at [0m-23.975000000000001  24.025000000000002   1.525000000000000
[fsm_node-3] [32m -- [Fsm] Receive click goal at: [-23.975000000000001  24.025000000000002   1.525000000000000]; goal yaw: 0.000000000000000 deg[0m
[fsm_node-3] [INFO] [1786684327.034012709] [fsm_node]:  -- [TRAJ_GUARD_COMMIT] phase=ReplanOnce/no_backup gen=39 map=67 samples=249 range=[0.070,1.308] escape=false escape_done_tt=-1.000
[fsm_node-3] [32m -- [Fsm] ReplanOnce succeed.[0m
[fsm_node-3] [INFO] [1786684327.109706620] [fsm_node]:  -- [TRAJ_GUARD_COMMIT] phase=ReplanOnce/no_backup gen=40 map=67 samples=233 range=[0.075,1.230] escape=false escape_done_tt=-1.000
[fsm_node-3]  -- [TRAJ_GUARD_CERT] trigger=poly_publish status=SAFE gen=39 map=67 map_age=0.015s samples=249 range=[0.071,1.308] collision_tt=-1.000 ttc=-1.000 p=[0.000,0.000,0.000]
[fsm_node-3] [32m -- [Fsm] ReplanOnce succeed.[0m
[fsm_node-3] [INFO] [1786684327.183141110] [fsm_node]:  -- [TRAJ_GUARD_COMMIT] phase=ReplanOnce/no_backup gen=41 map=67 samples=219 range=[0.073,1.159] escape=false escape_done_tt=-1.000
[fsm_node-3]  -- [TRAJ_GUARD_CERT] trigger=poly_publish status=SAFE gen=40 map=67 map_age=0.090s samples=232 range=[0.075,1.230] collision_tt=-1.000 ttc=-1.000 p=[0.000,0.000,0.000]
[fsm_node-3] [32m -- [Fsm] ReplanOnce succeed.[0m
[fsm_node-3] [INFO] [1786684327.255968224] [fsm_node]:  -- [TRAJ_GUARD_COMMIT] phase=ReplanOnce/no_backup gen=42 map=67 samples=208 range=[0.072,1.103] escape=false escape_done_tt=-1.000
[fsm_node-3]  -- [TRAJ_GUARD_CERT] trigger=poly_publish status=SAFE gen=41 map=67 map_age=0.164s samples=219 range=[0.073,1.159] collision_tt=-1.000 ttc=-1.000 p=[0.000,0.000,0.000]
[fsm_node-3] [32m -- [Fsm] ReplanOnce succeed.[0m
[fsm_node-3] [INFO] [1786684327.322392598] [fsm_node]:  -- [TRAJ_GUARD_COMMIT] phase=ReplanOnce/no_backup gen=43 map=67 samples=189 range=[0.066,1.004] escape=false escape_done_tt=-1.000
[fsm_node-3]  -- [TRAJ_GUARD_CERT] trigger=poly_publish status=SAFE gen=42 map=67 map_age=0.236s samples=208 range=[0.072,1.103] collision_tt=-1.000 ttc=-1.000 p=[0.000,0.000,0.000]
[fsm_node-3] [32m -- [Fsm] ReplanOnce succeed.[0m
[fsm_node-3]  -- [TRAJ_GUARD_CERT] trigger=poly_publish status=SAFE gen=43 map=67 map_age=0.303s samples=189 range=[0.066,1.004] collision_tt=-1.000 ttc=-1.000 p=[0.000,0.000,0.000]
[fsm_node-3] [32m -- [Fsm 30.840] Current state: FOLLOW_TRAJ[0m
[fsm_node-3] [INFO] [1786684327.385885941] [fsm_node]:  -- [TRAJ_GUARD_COMMIT] phase=ReplanOnce/no_backup gen=44 map=67 samples=178 range=[0.063,0.947] escape=false escape_done_tt=-1.000
[fsm_node-3] [32m -- [Fsm] ReplanOnce succeed.[0m
[fsm_node-3] [INFO] [1786684327.451677480] [fsm_node]:  -- [TRAJ_GUARD_COMMIT] phase=ReplanOnce/no_backup gen=45 map=68 samples=162 range=[0.065,0.867] escape=false escape_done_tt=-1.000
[fsm_node-3]  -- [TRAJ_GUARD_CERT] trigger=poly_publish status=SAFE gen=44 map=67 map_age=0.366s samples=178 range=[0.063,0.947] collision_tt=-1.000 ttc=-1.000 p=[0.000,0.000,0.000]
[fsm_node-3]  -- [TRAJ_GUARD_CERT] trigger=main_pre status=SAFE gen=44 map=68 map_age=0.006s samples=170 range=[0.104,0.947] collision_tt=-1.000 ttc=-1.000 p=[0.000,0.000,0.000]
[fsm_node-3] [32m -- [Fsm] ReplanOnce succeed.[0m
[fsm_node-3] [INFO] [1786684327.501496148] [fsm_node]:  -- [TRAJ_GUARD_COMMIT] phase=ReplanOnce/no_backup gen=46 map=68 samples=155 range=[0.049,0.815] escape=false escape_done_tt=-1.000
[fsm_node-3]  -- [TRAJ_GUARD_CERT] trigger=poly_publish status=SAFE gen=45 map=68 map_age=0.032s samples=162 range=[0.065,0.867] collision_tt=-1.000 ttc=-1.000 p=[0.000,0.000,0.000]
[fsm_node-3] [32m -- [Fsm] ReplanOnce succeed.[0m
[fsm_node-3] [INFO] [1786684327.545549127] [fsm_node]:  -- [TRAJ_GUARD_COMMIT] phase=ReplanOnce/no_backup gen=47 map=69 samples=147 range=[0.043,0.771] escape=false escape_done_tt=-1.000
[fsm_node-3]  -- [TRAJ_GUARD_CERT] trigger=poly_publish status=SAFE gen=46 map=68 map_age=0.081s samples=155 range=[0.049,0.815] collision_tt=-1.000 ttc=-1.000 p=[0.000,0.000,0.000]
[fsm_node-3]  -- [TRAJ_GUARD_CERT] trigger=main_pre status=SAFE gen=46 map=69 map_age=0.013s samples=148 range=[0.084,0.815] collision_tt=-1.000 ttc=-1.000 p=[0.000,0.000,0.000]
[fsm_node-3] [32m -- [Fsm] ReplanOnce succeed.[0m
[fsm_node-3] [INFO] [1786684327.585372532] [fsm_node]:  -- [TRAJ_GUARD_COMMIT] phase=ReplanOnce/no_backup gen=48 map=69 samples=136 range=[0.039,0.712] escape=false escape_done_tt=-1.000
[fsm_node-3]  -- [TRAJ_GUARD_CERT] trigger=poly_publish status=SAFE gen=47 map=69 map_age=0.022s samples=147 range=[0.044,0.771] collision_tt=-1.000 ttc=-1.000 p=[0.000,0.000,0.000]
[fsm_node-3] [32m -- [Fsm] ReplanOnce succeed.[0m
[fsm_node-3] [INFO] [1786684327.644880459] [fsm_node]:  -- [TRAJ_GUARD_COMMIT] phase=ReplanOnce/no_backup gen=49 map=69 samples=122 range=[0.032,0.634] escape=false escape_done_tt=-1.000
[fsm_node-3]  -- [TRAJ_GUARD_CERT] trigger=poly_publish status=SAFE gen=48 map=69 map_age=0.062s samples=136 range=[0.039,0.712] collision_tt=-1.000 ttc=-1.000 p=[0.000,0.000,0.000]
[fsm_node-3] [32m -- [Fsm] ReplanOnce succeed.[0m
[fsm_node-3] [INFO] [1786684327.702642723] [fsm_node]:  -- [TRAJ_GUARD_COMMIT] phase=ReplanOnce/no_backup gen=50 map=69 samples=112 range=[0.024,0.579] escape=false escape_done_tt=-1.000
[fsm_node-3]  -- [TRAJ_GUARD_CERT] trigger=poly_publish status=SAFE gen=49 map=69 map_age=0.122s samples=122 range=[0.032,0.634] collision_tt=-1.000 ttc=-1.000 p=[0.000,0.000,0.000]
[fsm_node-3] [32m -- [Fsm] ReplanOnce succeed.[0m
[fsm_node-3]  -- [TRAJ_GUARD_CERT] trigger=poly_publish status=SAFE gen=50 map=69 map_age=0.179s samples=112 range=[0.024,0.579] collision_tt=-1.000 ttc=-1.000 p=[0.000,0.000,0.000]
[fsm_node-3]  -- [TRAJ_GUARD_CERT] trigger=main_pre status=SAFE gen=50 map=70 map_age=0.007s samples=108 range=[0.048,0.579] collision_tt=-1.000 ttc=-1.000 p=[0.000,0.000,0.000]
[fsm_node-3] [33m -- [MINCO] TrajOpt failed, Line search reaches the maximum try number, assumptions not satisfied or precision not achievable.[0m
[fsm_node-3] [33m -- [SUPER] Minco exp_traj opt failed.[0m
[fsm_node-3] [WARN] [1786684327.752314539] [fsm_node]:  -- [SUPER] OptimizationExpTrajInPolytopes for new path failed
[fsm_node-3] [WARN] [1786684327.752382263] [fsm_node]:  -- [SUPER] in [ReplanOnce]: GenerateExpTrajectory failed, force return
[fsm_node-3] [32m -- [Fsm] Get goal at [0m-23.975000000000001 -23.975000000000001   1.525000000000000
[fsm_node-3] [32m -- [Fsm] Receive click goal at: [-23.975000000000001 -23.975000000000001   1.525000000000000]; goal yaw: 0.000000000000000 deg[0m
[fsm_node-3] [WARN] [1786684328.026475545] [fsm_node]:  -- [SUPER] in [ReplanOnce]: Replan overtime, check parameters, replan dt = 0.215846492.
[fsm_node-3] [WARN] [1786684328.202792426] [fsm_node]:  -- [BackOpt] Opt failed, Omg or thr or Pos violation.
[fsm_node-3] [WARN] [1786684328.202913177] [fsm_node]:  -- [SUPER] in [ReplanOnce]: Replan overtime, check parameters, replan dt = 0.176168406.
[fsm_node-3]  -- [TRAJ_GUARD_CERT] trigger=main_pre status=SAFE gen=50 map=71 map_age=0.006s samples=88 range=[0.148,0.579] collision_tt=-1.000 ttc=-1.000 p=[0.000,0.000,0.000]
[fsm_node-3]  -- [TRAJ_GUARD_CERT] trigger=main_pre status=SAFE gen=50 map=72 map_age=0.010s samples=28 range=[0.448,0.579] collision_tt=-1.000 ttc=-1.000 p=[0.000,0.000,0.000]
[fsm_node-3] [33m -- [MINCO] TrajOpt failed, (unknown)[0m
[fsm_node-3] [33m -- [SUPER] Minco backup_traj opt failed.[0m
[fsm_node-3] [INFO] [1786684328.203699726] [fsm_node]:  -- [TRAJ_GUARD_COMMIT] phase=ReplanOnce/no_backup gen=51 map=72 samples=12 range=[0.525,0.579] escape=false escape_done_tt=-1.000
[fsm_node-3] [32m -- [Fsm] ReplanOnce succeed.[0m
[fsm_node-3] [INFO] [1786684328.207106475] [fsm_node]:  -- [TRAJ_GUARD_COMMIT] phase=ReplanOnce/no_backup gen=52 map=72 samples=12 range=[0.529,0.579] escape=false escape_done_tt=-1.000
[fsm_node-3]  -- [TRAJ_GUARD_CERT] trigger=poly_publish status=SAFE gen=51 map=72 map_age=0.087s samples=12 range=[0.525,0.579] collision_tt=-1.000 ttc=-1.000 p=[0.000,0.000,0.000]
[fsm_node-3] [32m -- [Fsm] ReplanOnce succeed.[0m
[fsm_node-3]  -- [TRAJ_GUARD_CERT] trigger=poly_publish status=SAFE gen=52 map=72 map_age=0.091s samples=12 range=[0.529,0.579] collision_tt=-1.000 ttc=-1.000 p=[0.000,0.000,0.000]
[fsm_node-3] [32m -- [Fsm] Traj finish.[0m
[fsm_node-3] [INFO] [1786684328.346195250] [fsm_node]:  -- [SUPER] in [PlanFromRest] GenerateExpTrajectory SUCCESS.
[fsm_node-3] [INFO] [1786684328.468283512] [fsm_node]:  -- [TRAJ_GUARD_COMMIT] phase=PlanFromRest/with_backup gen=53 map=73 samples=242 range=[0.192,1.396] escape=false escape_done_tt=-1.000
[fsm_node-3] [38;2;000;128;000m -- [Fsm]: [PubCmdCallback] change state from [FOLLOW_TRAJ] to [GENERATE_TRAJ].
[fsm_node-3] [0m -- [TRAJ_GUARD_CERT] trigger=poly_publish status=SAFE gen=53 map=73 map_age=0.150s samples=242 range=[0.192,1.396] collision_tt=-1.000 ttc=-1.000 p=[0.000,0.000,0.000]
[fsm_node-3] [38;2;000;128;000m -- [Fsm]: [MainFsmCallback] change state from [GENERATE_TRAJ] to [FOLLOW_TRAJ].
[fsm_node-3] [0m[32m -- [Fsm 31.932] Current state: FOLLOW_TRAJ[0m
[fsm_node-3] [WARN] [1786684328.746425383] [fsm_node]:  -- [SUPER] in [ReplanOnce]: Replan overtime, check parameters, replan dt = 0.209728124.
[fsm_node-3]  -- [TRAJ_GUARD_CERT] trigger=main_pre status=SAFE gen=53 map=74 map_age=0.011s samples=211 range=[0.350,1.396] collision_tt=-1.000 ttc=-1.000 p=[0.000,0.000,0.000]
[fsm_node-3] [32m -- [Fsm] Get goal at [0m-23.975000000000001 -23.975000000000001   1.525000000000000
[fsm_node-3] [32m -- [Fsm] Receive click goal at: [-23.975000000000001 -23.975000000000001   1.525000000000000]; goal yaw: 0.000000000000000 deg[0m
[fsm_node-3] [WARN] [1786684328.895517652] [fsm_node]:  -- [SUPER] in [ReplanOnce]: Replan overtime, check parameters, replan dt = 0.148855501.
[fsm_node-3] [WARN] [1786684329.035614226] [fsm_node]:  -- [SUPER] in [ReplanOnce]: Replan overtime, check parameters, replan dt = 0.13959277.
[fsm_node-3] [WARN] [1786684329.219399822] [fsm_node]:  -- [SUPER] in [ReplanOnce]: Replan overtime, check parameters, replan dt = 0.183412179.
[fsm_node-3] [WARN] [1786684329.370586296] [fsm_node]:  -- [SUPER] in [ReplanOnce]: Replan overtime, check parameters, replan dt = 0.15087179.
[fsm_node-3]  -- [TRAJ_GUARD_CERT] trigger=main_pre status=SAFE gen=53 map=75 map_age=0.009s samples=111 range=[0.850,1.396] collision_tt=-1.000 ttc=-1.000 p=[0.000,0.000,0.000]
[fsm_node-3] [32m -- [Fsm 32.940] Current state: FOLLOW_TRAJ[0m
[fsm_node-3] [WARN] [1786684329.526524054] [fsm_node]:  -- [SUPER] in [ReplanOnce]: Replan overtime, check parameters, replan dt = 0.155631673.
[fsm_node-3]  -- [TRAJ_GUARD_CERT] trigger=main_pre status=SAFE gen=53 map=76 map_age=0.007s samples=31 range=[1.250,1.396] collision_tt=-1.000 ttc=-1.000 p=[0.000,0.000,0.000]
[fsm_node-3] [32m -- [Fsm] Traj finish.[0m
[fsm_node-3] [WARN] [1786684329.696259448] [fsm_node]:  -- [BackOpt] Opt failed, Omg or thr or Pos violation.
[fsm_node-3] [WARN] [1786684329.696370002] [fsm_node]:  -- [SUPER] in [ReplanOnce]: Replan overtime, check parameters, replan dt = 0.169576031.
[fsm_node-3] [38;2;000;128;000m -- [Fsm]: [PubCmdCallback] change state from [FOLLOW_TRAJ] to [GENERATE_TRAJ].
[fsm_node-3] [0m[33m -- [MINCO] TrajOpt failed, (unknown)[0m
[fsm_node-3] [33m -- [SUPER] Minco backup_traj opt failed.[0m
[fsm_node-3] [INFO] [1786684329.745628487] [fsm_node]:  -- [SUPER] in [PlanFromRest] GenerateExpTrajectory SUCCESS.
[fsm_node-3] [INFO] [1786684329.857631177] [fsm_node]:  -- [TRAJ_GUARD_COMMIT] phase=PlanFromRest/with_backup gen=54 map=76 samples=245 range=[0.161,1.379] escape=false escape_done_tt=-1.000
[fsm_node-3]  -- [TRAJ_GUARD_CERT] trigger=poly_publish status=SAFE gen=54 map=76 map_age=0.338s samples=245 range=[0.161,1.379] collision_tt=-1.000 ttc=-1.000 p=[0.000,0.000,0.000]
[fsm_node-3] [38;2;000;128;000m -- [Fsm]: [MainFsmCallback] change state from [GENERATE_TRAJ] to [FOLLOW_TRAJ].
[fsm_node-3] [0m[32m -- [Fsm] Get goal at [0m-23.975000000000001 -23.975000000000001   1.525000000000000
[fsm_node-3] [32m -- [Fsm] Receive click goal at: [-23.975000000000001 -23.975000000000001   1.525000000000000]; goal yaw: 0.000000000000000 deg[0m
[fsm_node-3] [WARN] [1786684330.079724110] [fsm_node]:  -- [SUPER] in [ReplanOnce]: Replan overtime, check parameters, replan dt = 0.157142831.
[fsm_node-3] [WARN] [1786684330.223062655] [fsm_node]:  -- [SUPER] in [ReplanOnce]: Replan overtime, check parameters, replan dt = 0.142980997.
[fsm_node-3] [WARN] [1786684330.378908155] [fsm_node]:  -- [SUPER] in [ReplanOnce]: Replan overtime, check parameters, replan dt = 0.155457861.
[fsm_node-3]  -- [TRAJ_GUARD_CERT] trigger=main_pre status=SAFE gen=54 map=77 map_age=0.012s samples=189 range=[0.440,1.379] collision_tt=-1.000 ttc=-1.000 p=[0.000,0.000,0.000]
[fsm_node-3]  -- [TRAJ_GUARD_CERT] trigger=replan_post status=SAFE gen=54 map=78 map_age=0.003s samples=172 range=[0.527,1.379] collision_tt=-1.000 ttc=-1.000 p=[0.000,0.000,0.000]
[fsm_node-3]  -- [TRAJ_GUARD_CERT] trigger=main_pre status=SAFE gen=54 map=79 map_age=0.004s samples=131 range=[0.730,1.379] collision_tt=-1.000 ttc=-1.000 p=[0.000,0.000,0.000]
[fsm_node-3] [32m -- [Fsm 33.950] Current state: FOLLOW_TRAJ[0m
[fsm_node-3] [WARN] [1786684330.488599257] [fsm_node]:  -- [SUPER] in [ReplanOnce]: Replan overtime, check parameters, replan dt = 0.109373685.
[fsm_node-3] [WARN] [1786684330.622192602] [fsm_node]:  -- [SUPER] Replan over time(0.13318634033203125)!!!! Return FAILED
[fsm_node-3] [WARN] [1786684330.622285386] [fsm_node]:  -- [SUPER] in [ReplanOnce]: GenerateExpTrajectory failed, force return
[fsm_node-3] [WARN] [1786684330.724027526] [fsm_node]:  -- [SUPER] Replan over time(0.10143327713012695)!!!! Return FAILED
[fsm_node-3] [WARN] [1786684330.724111937] [fsm_node]:  -- [SUPER] in [ReplanOnce]: GenerateExpTrajectory failed, force return
[fsm_node-3]  -- [TRAJ_GUARD_CERT] trigger=main_pre status=SAFE gen=54 map=80 map_age=0.014s samples=81 range=[0.980,1.379] collision_tt=-1.000 ttc=-1.000 p=[0.000,0.000,0.000]
[fsm_node-3]  -- [TRAJ_GUARD_CERT] trigger=main_pre status=SAFE gen=54 map=81 map_age=0.004s samples=71 range=[1.030,1.379] collision_tt=-1.000 ttc=-1.000 p=[0.000,0.000,0.000]
[fsm_node-3] [32m -- [Fsm] Get goal at [0m-23.975000000000001 -23.975000000000001   1.525000000000000
[fsm_node-3] [32m -- [Fsm] Receive click goal at: [-23.975000000000001 -23.975000000000001   1.525000000000000]; goal yaw: 0.000000000000000 deg[0m
[fsm_node-3] [WARN] [1786684330.895562410] [fsm_node]:  -- [SUPER] in [ReplanOnce]: Replan overtime, check parameters, replan dt = 0.171042651.
[fsm_node-3] [WARN] [1786684330.994670475] [fsm_node]:  -- [SUPER] in [ReplanOnce]: Replan overtime, check parameters, replan dt = 0.098325499.
[fsm_node-3] [INFO] [1786684330.995780767] [fsm_node]:  -- [TRAJ_GUARD_COMMIT] phase=ReplanOnce/no_backup gen=55 map=82 samples=32 range=[1.299,1.453] escape=false escape_done_tt=-1.000
[fsm_node-3]  -- [TRAJ_GUARD_CERT] trigger=main_pre status=SAFE gen=54 map=82 map_age=0.006s samples=51 range=[1.130,1.379] collision_tt=-1.000 ttc=-1.000 p=[0.000,0.000,0.000]
[fsm_node-3] [32m -- [Fsm] ReplanOnce succeed.[0m
[fsm_node-3]  -- [TRAJ_GUARD_CERT] trigger=poly_publish status=SAFE gen=55 map=82 map_age=0.175s samples=32 range=[1.299,1.453] collision_tt=-1.000 ttc=-1.000 p=[0.000,0.000,0.000]
[fsm_node-3] [32m -- [Fsm] Traj finish.[0m
[fsm_node-3] [WARN] [1786684331.167789131] [fsm_node]:  -- [SUPER] Replan over time(0.12323784828186035)!!!! Return FAILED
[fsm_node-3] [WARN] [1786684331.167865735] [fsm_node]:  -- [SUPER] in [ReplanOnce]: GenerateExpTrajectory failed, force return
[fsm_node-3] [INFO] [1786684331.226967291] [fsm_node]:  -- [SUPER] in [PlanFromRest] GenerateExpTrajectory SUCCESS.
[fsm_node-3] [ERROR] [1786684331.316681789] [fsm_node]:  -- [TRAJ_GUARD_REJECT] phase=PlanFromRest/with_backup segment=EXP status=CLEARANCE_MARGIN gen=56 map=82 from_tt=0.149 collision_tt=0.239 collision_p=[-23.604,10.315,1.885] samples=191
[fsm_node-3] [38;2;000;128;000m -- [Fsm]: [PubCmdCallback] change state from [FOLLOW_TRAJ] to [GENERATE_TRAJ].
[fsm_node-3] [0m[33m -- [Fsm] PlanFromRest failed, try replan.[0m
[fsm_node-3] [ERROR] [1786684331.316949200] [fsm_node]:  -- [TRAJ_GUARD_BRAKE] trigger=candidate_rejected_without_safe_follow duration=0.400s speed0=0.000 max_acc=0.000 max_jerk=0.000 dynamics_ok=true path_status=SAFE stop=[-23.550,10.450,1.850]
[fsm_node-3] [38;2;000;128;000m -- [Fsm]: [TrajectoryGuard] change state from [GENERATE_TRAJ] to [EMER_STOP].
[fsm_node-3] [0m[38;2;000;128;000m -- [Fsm]: [TrajectoryGuardRecovery] change state from [EMER_STOP] to [GENERATE_TRAJ].
[fsm_node-3] [0m[32m -- [Fsm 35.450] Current state: GENERATE_TRAJ[0m
[fsm_node-3] [32m -- [Fsm] Get goal at [0m-23.975 -23.975   1.525
[fsm_node-3] [32m -- [Fsm] Receive click goal at: [-23.975 -23.975   1.525]; goal yaw: 0.000 deg[0m
[fsm_node-3] [WARN] [1786684332.091521487] [fsm_node]:  -- [SUPER] Replan over time(0.10486102104187012)!!!! Return FAILED
[fsm_node-3] [WARN] [1786684332.091603217] [fsm_node]:  -- [SUPER] in [PlanFromRest] GenerateExpTrajectory failed with FAILED.
[fsm_node-3] [33m -- [Fsm] PlanFromRest failed, try replan.[0m
[fsm_node-3] [WARN] [1786684332.632671627] [fsm_node]:  -- [SUPER] Replan over time(0.1361541748046875)!!!! Return FAILED
[fsm_node-3] [WARN] [1786684332.632731359] [fsm_node]:  -- [SUPER] in [PlanFromRest] GenerateExpTrajectory failed with FAILED.
[fsm_node-3] [33m -- [Fsm] PlanFromRest failed, try replan.[0m
[fsm_node-3] [32m -- [Fsm 36.460] Current state: GENERATE_TRAJ[0m
[fsm_node-3] [32m -- [Fsm] Get goal at [0m-23.975 -23.975   1.525
[fsm_node-3] [32m -- [Fsm] Receive click goal at: [-23.975 -23.975   1.525]; goal yaw: 0.000 deg[0m
[fsm_node-3] [INFO] [1786684333.074440930] [fsm_node]:  -- [SUPER] in [PlanFromRest] GenerateExpTrajectory SUCCESS.
[fsm_node-3] [INFO] [1786684333.131491857] [fsm_node]:  -- [TRAJ_GUARD_COMMIT] phase=PlanFromRest/with_backup gen=56 map=88 samples=205 range=[0.135,1.154] escape=false escape_done_tt=-1.000
[fsm_node-3] [INFO] [1786684333.131720737] [fsm_node]:  -- [TRAJ_GUARD_RECOVERED] trigger=candidate_rejected_without_safe_follow gen=56 map=88
[fsm_node-3] [WARN] [1786684333.395466737] [fsm_node]:  -- [SUPER] in [ReplanOnce]: Replan overtime, check parameters, replan dt = 0.106995409.
[fsm_node-3] [WARN] [1786684333.498659597] [fsm_node]:  -- [SUPER] in [ReplanOnce]: Replan overtime, check parameters, replan dt = 0.102701799.
[fsm_node-3] [WARN] [1786684333.641548617] [fsm_node]:  -- [SUPER] in [ReplanOnce]: Replan overtime, check parameters, replan dt = 0.142410609.
[fsm_node-3] [WARN] [1786684333.777240931] [fsm_node]:  -- [SUPER] in [ReplanOnce]: Replan overtime, check parameters, replan dt = 0.135218732.
[fsm_node-3]  -- [TRAJ_GUARD_CERT] trigger=poly_publish status=SAFE gen=56 map=88 map_age=0.718s samples=205 range=[0.135,1.154] collision_tt=-1.000 ttc=-1.000 p=[0.000,0.000,0.000]
[fsm_node-3] [38;2;000;128;000m -- [Fsm]: [MainFsmCallback] change state from [GENERATE_TRAJ] to [FOLLOW_TRAJ].
[fsm_node-3] [0m -- [TRAJ_GUARD_CERT] trigger=replan_post status=SAFE gen=56 map=89 map_age=0.006s samples=187 range=[0.226,1.154] collision_tt=-1.000 ttc=-1.000 p=[0.000,0.000,0.000]
[fsm_node-3]  -- [TRAJ_GUARD_CERT] trigger=main_pre status=SAFE gen=56 map=90 map_age=0.008s samples=146 range=[0.430,1.154] collision_tt=-1.000 ttc=-1.000 p=[0.000,0.000,0.000]
[fsm_node-3] [32m -- [Fsm] Get goal at [0m-23.975000000000001 -23.975000000000001   1.525000000000000
[fsm_node-3] [32m -- [Fsm] Receive click goal at: [-23.975000000000001 -23.975000000000001   1.525000000000000]; goal yaw: 0.000000000000000 deg[0m
[fsm_node-3] [33m Yaw rate too large, 6.316853165805063[0m
[fsm_node-3] [WARN] [1786684333.890214894] [fsm_node]:  -- [SUPER] in [ReplanOnce]: Replan overtime, check parameters, replan dt = 0.112694814.
[fsm_node-3] [ERROR] [1786684333.956253079] [fsm_node]:  -- [TRAJ_GUARD_REJECT] phase=ReplanOnce/with_backup segment=EXP status=CLEARANCE_MARGIN gen=57 map=90 from_tt=0.066 collision_tt=0.286 collision_p=[-23.410,6.299,1.450] samples=129
[fsm_node-3] [32m -- [Fsm 37.470] Current state: FOLLOW_TRAJ[0m
[fsm_node-3] [ERROR] [1786684334.023114029] [fsm_node]:  -- [TRAJ_GUARD_REJECT] phase=ReplanOnce/with_backup segment=EXP status=CLEARANCE_MARGIN gen=57 map=90 from_tt=0.067 collision_tt=0.262 collision_p=[-23.427,6.298,1.451] samples=103
[fsm_node-3] [ERROR] [1786684334.109532678] [fsm_node]:  -- [TRAJ_GUARD_REJECT] phase=ReplanOnce/with_backup segment=EXP status=CLEARANCE_MARGIN gen=57 map=90 from_tt=0.086 collision_tt=0.221 collision_p=[-23.439,6.299,1.451] samples=77
[fsm_node-3] [32m -- [Fsm] Traj finish.[0m
[fsm_node-3] [INFO] [1786684334.232795053] [fsm_node]:  -- [SUPER] in [PlanFromRest] GenerateExpTrajectory SUCCESS.
[fsm_node-3] [ERROR] [1786684334.247168661] [fsm_node]:  -- [TRAJ_GUARD_REJECT] phase=PlanFromRest/with_backup segment=EXP status=CLEARANCE_MARGIN gen=57 map=90 from_tt=0.080 collision_tt=0.145 collision_p=[-23.451,6.299,1.428] samples=91
[fsm_node-3] [38;2;000;128;000m -- [Fsm]: [PubCmdCallback] change state from [FOLLOW_TRAJ] to [GENERATE_TRAJ].
[fsm_node-3] [0m[33m -- [Fsm] PlanFromRest failed, try replan.[0m
[fsm_node-3] [ERROR] [1786684334.247323039] [fsm_node]:  -- [TRAJ_GUARD_BRAKE] trigger=candidate_rejected_without_safe_follow duration=0.400s speed0=0.000 max_acc=0.000 max_jerk=0.000 dynamics_ok=true path_status=SAFE stop=[-23.454,6.330,1.450]
[fsm_node-3] [38;2;000;128;000m -- [Fsm]: [TrajectoryGuard] change state from [GENERATE_TRAJ] to [EMER_STOP].
[fsm_node-3] [0m[38;2;000;128;000m -- [Fsm]: [TrajectoryGuardRecovery] change state from [EMER_STOP] to [GENERATE_TRAJ].
[fsm_node-3] [0m[32m -- [Fsm 39.300] Current state: GENERATE_TRAJ[0m
[fsm_node-3] [32m -- [Fsm] Get goal at [0m-23.975 -23.975   1.525
[fsm_node-3] [32m -- [Fsm] Receive click goal at: [-23.975 -23.975   1.525]; goal yaw: 0.000 deg[0m
[fsm_node-3] [INFO] [1786684335.891484870] [fsm_node]:  -- [SUPER] in [PlanFromRest] GenerateExpTrajectory SUCCESS.
[fsm_node-3] [ERROR] [1786684335.897522644] [fsm_node]:  -- [TRAJ_GUARD_REJECT] phase=PlanFromRest/with_backup segment=EXP status=CLEARANCE_MARGIN gen=57 map=91 from_tt=0.061 collision_tt=0.146 collision_p=[-23.449,6.300,1.439] samples=103
[fsm_node-3] [33m -- [Fsm] PlanFromRest failed, try replan.[0m
[fsm_node-3] [INFO] [1786684336.384987027] [fsm_node]:  -- [SUPER] in [PlanFromRest] GenerateExpTrajectory SUCCESS.
[fsm_node-3] [ERROR] [1786684336.408088211] [fsm_node]:  -- [TRAJ_GUARD_REJECT] phase=PlanFromRest/with_backup segment=EXP status=CLEARANCE_MARGIN gen=57 map=93 from_tt=0.061 collision_tt=0.151 collision_p=[-23.448,6.298,1.418] samples=130
[fsm_node-3] [33m -- [Fsm] PlanFromRest failed, try replan.[0m
[fsm_node-3] [32m -- [Fsm 40.320] Current state: GENERATE_TRAJ[0m
[fsm_node-3] [32m -- [Fsm] Get goal at [0m-23.975 -23.975   1.525
[fsm_node-3] [32m -- [Fsm] Receive click goal at: [-23.975 -23.975   1.525]; goal yaw: 0.000 deg[0m
[fsm_node-3] [INFO] [1786684336.905117488] [fsm_node]:  -- [SUPER] in [PlanFromRest] GenerateExpTrajectory SUCCESS.
[fsm_node-3] [ERROR] [1786684336.918279075] [fsm_node]:  -- [TRAJ_GUARD_REJECT] phase=PlanFromRest/with_backup segment=EXP status=CLEARANCE_MARGIN gen=57 map=93 from_tt=0.062 collision_tt=0.142 collision_p=[-23.453,6.300,1.419] samples=120
[fsm_node-3] [33m -- [Fsm] PlanFromRest failed, try replan.[0m
[fsm_node-3] [INFO] [1786684337.392597516] [fsm_node]:  -- [SUPER] in [PlanFromRest] GenerateExpTrajectory SUCCESS.
[fsm_node-3] [ERROR] [1786684337.402349317] [fsm_node]:  -- [TRAJ_GUARD_REJECT] phase=PlanFromRest/with_backup segment=EXP status=CLEARANCE_MARGIN gen=57 map=94 from_tt=0.046 collision_tt=0.146 collision_p=[-23.449,6.299,1.425] samples=119
[fsm_node-3] [33m -- [Fsm] PlanFromRest failed, try replan.[0m
[fsm_node-3] [32m -- [Fsm 41.330] Current state: GENERATE_TRAJ[0m
[fsm_node-3] [32m -- [Fsm] Get goal at [0m-23.975 -23.975   1.525
[fsm_node-3] [32m -- [Fsm] Receive click goal at: [-23.975 -23.975   1.525]; goal yaw: 0.000 deg[0m
[fsm_node-3] [INFO] [1786684337.927209561] [fsm_node]:  -- [SUPER] in [PlanFromRest] GenerateExpTrajectory SUCCESS.
[fsm_node-3] [ERROR] [1786684337.931962391] [fsm_node]:  -- [TRAJ_GUARD_REJECT] phase=PlanFromRest/with_backup segment=EXP status=CLEARANCE_MARGIN gen=57 map=94 from_tt=0.065 collision_tt=0.155 collision_p=[-23.446,6.299,1.423] samples=91
[fsm_node-3] [33m -- [Fsm] PlanFromRest failed, try replan.[0m
[fsm_node-3] [INFO] [1786684338.749534642] [fsm_node]:  -- [SUPER] in [PlanFromRest] GenerateExpTrajectory SUCCESS.
[fsm_node-3] [ERROR] [1786684338.757438315] [fsm_node]:  -- [TRAJ_GUARD_REJECT] phase=PlanFromRest/with_backup segment=EXP status=CLEARANCE_MARGIN gen=57 map=95 from_tt=0.041 collision_tt=0.141 collision_p=[-23.452,6.298,1.423] samples=121
[fsm_node-3] [33m -- [Fsm] PlanFromRest failed, try replan.[0m
[fsm_node-3] [32m -- [Fsm 42.680] Current state: GENERATE_TRAJ[0m
[fsm_node-3] [32m -- [Fsm] Get goal at [0m-23.975 -23.975   1.525
[fsm_node-3] [32m -- [Fsm] Receive click goal at: [-23.975 -23.975   1.525]; goal yaw: 0.000 deg[0m
[fsm_node-3] [INFO] [1786684339.248236282] [fsm_node]:  -- [SUPER] in [PlanFromRest] GenerateExpTrajectory SUCCESS.
[fsm_node-3] [ERROR] [1786684339.265871776] [fsm_node]:  -- [TRAJ_GUARD_REJECT] phase=PlanFromRest/with_backup segment=EXP status=CLEARANCE_MARGIN gen=57 map=96 from_tt=0.049 collision_tt=0.139 collision_p=[-23.452,6.299,1.423] samples=109
[fsm_node-3] [33m -- [Fsm] PlanFromRest failed, try replan.[0m
[fsm_node-3] [INFO] [1786684339.769803690] [fsm_node]:  -- [SUPER] in [PlanFromRest] GenerateExpTrajectory SUCCESS.
[fsm_node-3] [ERROR] [1786684339.783830435] [fsm_node]:  -- [TRAJ_GUARD_REJECT] phase=PlanFromRest/with_backup segment=EXP status=CLEARANCE_MARGIN gen=57 map=96 from_tt=0.067 collision_tt=0.147 collision_p=[-23.449,6.300,1.419] samples=103
[fsm_node-3] [33m -- [Fsm] PlanFromRest failed, try replan.[0m
[fsm_node-3] [32m -- [Fsm 44.080] Current state: GENERATE_TRAJ[0m
[fsm_node-3] [32m -- [Fsm] Get goal at [0m-23.975 -23.975   1.525
[fsm_node-3] [32m -- [Fsm] Receive click goal at: [-23.975 -23.975   1.525]; goal yaw: 0.000 deg[0m
[fsm_node-3] [INFO] [1786684340.651161131] [fsm_node]:  -- [SUPER] in [PlanFromRest] GenerateExpTrajectory SUCCESS.
[fsm_node-3] [ERROR] [1786684340.674282181] [fsm_node]:  -- [TRAJ_GUARD_REJECT] phase=PlanFromRest/with_backup segment=EXP status=CLEARANCE_MARGIN gen=57 map=97 from_tt=0.058 collision_tt=0.143 collision_p=[-23.452,6.300,1.418] samples=118
[fsm_node-3] [33m -- [Fsm] PlanFromRest failed, try replan.[0m
[fsm_node-3] [32m -- [Fsm] Get goal at [0m-23.975000000000001 -23.975000000000001   1.525000000000000
[fsm_node-3] [32m -- [Fsm] Receive click goal at: [-23.975000000000001 -23.975000000000001   1.525000000000000]; goal yaw: 0.000000000000000 deg[0m
[fsm_node-3] [INFO] [1786684341.174305892] [fsm_node]:  -- [SUPER] in [PlanFromRest] GenerateExpTrajectory SUCCESS.
[fsm_node-3] [ERROR] [1786684341.185538954] [fsm_node]:  -- [TRAJ_GUARD_REJECT] phase=PlanFromRest/with_backup segment=EXP status=CLEARANCE_MARGIN gen=57 map=97 from_tt=0.069 collision_tt=0.149 collision_p=[-23.447,6.297,1.420] samples=82
[fsm_node-3] [33m -- [Fsm] PlanFromRest failed, try replan.[0m
[fsm_node-3] [32m -- [Fsm 45.080] Current state: GENERATE_TRAJ[0m
[fsm_node-3] [INFO] [1786684341.657321295] [fsm_node]:  -- [SUPER] in [PlanFromRest] GenerateExpTrajectory SUCCESS.
[fsm_node-3] [ERROR] [1786684341.669249612] [fsm_node]:  -- [TRAJ_GUARD_REJECT] phase=PlanFromRest/with_backup segment=EXP status=CLEARANCE_MARGIN gen=57 map=97 from_tt=0.053 collision_tt=0.148 collision_p=[-23.450,6.297,1.420] samples=105
[fsm_node-3] [33m -- [Fsm] PlanFromRest failed, try replan.[0m
[fsm_node-3] [32m -- [Fsm] Get goal at [0m-23.975000000000001 -23.975000000000001   1.525000000000000
[fsm_node-3] [32m -- [Fsm] Receive click goal at: [-23.975000000000001 -23.975000000000001   1.525000000000000]; goal yaw: 0.000000000000000 deg[0m
[fsm_node-3] [INFO] [1786684342.158393374] [fsm_node]:  -- [SUPER] in [PlanFromRest] GenerateExpTrajectory SUCCESS.
[fsm_node-3] [ERROR] [1786684342.161955246] [fsm_node]:  -- [TRAJ_GUARD_REJECT] phase=PlanFromRest/with_backup segment=EXP status=CLEARANCE_MARGIN gen=57 map=98 from_tt=0.035 collision_tt=0.145 collision_p=[-23.450,6.299,1.426] samples=97
[fsm_node-3] [33m -- [Fsm] PlanFromRest failed, try replan.[0m
[fsm_node-3] [32m -- [Fsm 46.090] Current state: GENERATE_TRAJ[0m
[fsm_node-3] [INFO] [1786684342.687803329] [fsm_node]:  -- [SUPER] in [PlanFromRest] GenerateExpTrajectory SUCCESS.
[fsm_node-3] [ERROR] [1786684342.696584669] [fsm_node]:  -- [TRAJ_GUARD_REJECT] phase=PlanFromRest/with_backup segment=EXP status=CLEARANCE_MARGIN gen=57 map=98 from_tt=0.070 collision_tt=0.155 collision_p=[-23.447,6.300,1.423] samples=93
[fsm_node-3] [33m -- [Fsm] PlanFromRest failed, try replan.[0m
[fsm_node-3] [32m -- [Fsm] Get goal at [0m-23.975000000000001 -23.975000000000001   1.525000000000000
[fsm_node-3] [32m -- [Fsm] Receive click goal at: [-23.975000000000001 -23.975000000000001   1.525000000000000]; goal yaw: 0.000000000000000 deg[0m
[fsm_node-3] [INFO] [1786684343.173487856] [fsm_node]:  -- [SUPER] in [PlanFromRest] GenerateExpTrajectory SUCCESS.
[fsm_node-3] [ERROR] [1786684343.183088051] [fsm_node]:  -- [TRAJ_GUARD_REJECT] phase=PlanFromRest/with_backup segment=EXP status=CLEARANCE_MARGIN gen=57 map=98 from_tt=0.047 collision_tt=0.177 collision_p=[-23.434,6.298,1.413] samples=160
[fsm_node-3] [33m -- [Fsm] PlanFromRest failed, try replan.[0m
[fsm_node-3] [32m -- [Fsm 47.980] Current state: GENERATE_TRAJ[0m
[fsm_node-3] [32m -- [Fsm] Get goal at [0m-23.975 -23.975   1.525
[fsm_node-3] [32m -- [Fsm] Receive click goal at: [-23.975 -23.975   1.525]; goal yaw: 0.000 deg[0m
[fsm_node-3] [INFO] [1786684344.550050473] [fsm_node]:  -- [SUPER] in [PlanFromRest] GenerateExpTrajectory SUCCESS.
[fsm_node-3] [ERROR] [1786684344.556060712] [fsm_node]:  -- [TRAJ_GUARD_REJECT] phase=PlanFromRest/with_backup segment=EXP status=CLEARANCE_MARGIN gen=57 map=99 from_tt=0.039 collision_tt=0.144 collision_p=[-23.453,6.297,1.422] samples=92
[fsm_node-3] [33m -- [Fsm] PlanFromRest failed, try replan.[0m
[fsm_node-3] [32m -- [Fsm] Get goal at [0m-23.975000000000001 -23.975000000000001   1.525000000000000
[fsm_node-3] [32m -- [Fsm] Receive click goal at: [-23.975000000000001 -23.975000000000001   1.525000000000000]; goal yaw: 0.000000000000000 deg[0m
[fsm_node-3] [INFO] [1786684345.078001957] [fsm_node]:  -- [SUPER] in [PlanFromRest] GenerateExpTrajectory SUCCESS.
[fsm_node-3] [ERROR] [1786684345.092088811] [fsm_node]:  -- [TRAJ_GUARD_REJECT] phase=PlanFromRest/with_backup segment=EXP status=CLEARANCE_MARGIN gen=57 map=99 from_tt=0.066 collision_tt=0.151 collision_p=[-23.449,6.299,1.419] samples=134
[fsm_node-3] [33m -- [Fsm] PlanFromRest failed, try replan.[0m
[fsm_node-3] [32m -- [Fsm 48.990] Current state: GENERATE_TRAJ[0m
[fsm_node-3] [INFO] [1786684345.579838550] [fsm_node]:  -- [SUPER] in [PlanFromRest] GenerateExpTrajectory SUCCESS.
[fsm_node-3] [ERROR] [1786684345.585341960] [fsm_node]:  -- [TRAJ_GUARD_REJECT] phase=PlanFromRest/with_backup segment=EXP status=CLEARANCE_MARGIN gen=57 map=99 from_tt=0.059 collision_tt=0.154 collision_p=[-23.447,6.299,1.422] samples=98
[fsm_node-3] [33m -- [Fsm] PlanFromRest failed, try replan.[0m
[fsm_node-3] [32m -- [Fsm 50.480] Current state: GENERATE_TRAJ[0m
[fsm_node-3] [32m -- [Fsm] Get goal at [0m-23.975 -23.975   1.525
[fsm_node-3] [32m -- [Fsm] Receive click goal at: [-23.975 -23.975   1.525]; goal yaw: 0.000 deg[0m
[fsm_node-3] [INFO] [1786684347.066057317] [fsm_node]:  -- [SUPER] in [PlanFromRest] GenerateExpTrajectory SUCCESS.
[fsm_node-3] [ERROR] [1786684347.107446844] [fsm_node]:  -- [TRAJ_GUARD_REJECT] phase=PlanFromRest/with_backup segment=EXP status=CLEARANCE_MARGIN gen=57 map=100 from_tt=0.091 collision_tt=0.146 collision_p=[-23.450,6.297,1.424] samples=113
[fsm_node-3] [33m -- [Fsm] PlanFromRest failed, try replan.[0m
[fsm_node-3] [INFO] [1786684347.564034693] [fsm_node]:  -- [SUPER] in [PlanFromRest] GenerateExpTrajectory SUCCESS.
[fsm_node-3] [ERROR] [1786684347.590340020] [fsm_node]:  -- [TRAJ_GUARD_REJECT] phase=PlanFromRest/with_backup segment=EXP status=CLEARANCE_MARGIN gen=57 map=100 from_tt=0.064 collision_tt=0.149 collision_p=[-23.450,6.300,1.412] samples=132
[fsm_node-3] [33m -- [Fsm] PlanFromRest failed, try replan.[0m
[fsm_node-3] [32m -- [Fsm 51.490] Current state: GENERATE_TRAJ[0m
[fsm_node-3] [32m -- [Fsm] Get goal at [0m-23.975 -23.975   1.525
[fsm_node-3] [32m -- [Fsm] Receive click goal at: [-23.975 -23.975   1.525]; goal yaw: 0.000 deg[0m
[fsm_node-3] [INFO] [1786684348.095245118] [fsm_node]:  -- [SUPER] in [PlanFromRest] GenerateExpTrajectory SUCCESS.
[fsm_node-3] [ERROR] [1786684348.110453430] [fsm_node]:  -- [TRAJ_GUARD_REJECT] phase=PlanFromRest/with_backup segment=EXP status=CLEARANCE_MARGIN gen=57 map=101 from_tt=0.084 collision_tt=0.159 collision_p=[-23.444,6.297,1.422] samples=116
[fsm_node-3] [33m -- [Fsm] PlanFromRest failed, try replan.[0m
[fsm_node-3] [INFO] [1786684348.586893882] [fsm_node]:  -- [SUPER] in [PlanFromRest] GenerateExpTrajectory SUCCESS.
[fsm_node-3] [ERROR] [1786684348.604623105] [fsm_node]:  -- [TRAJ_GUARD_REJECT] phase=PlanFromRest/with_backup segment=EXP status=CLEARANCE_MARGIN gen=57 map=101 from_tt=0.068 collision_tt=0.143 collision_p=[-23.451,6.300,1.424] samples=132
[fsm_node-3] [33m -- [Fsm] PlanFromRest failed, try replan.[0m
[fsm_node-3] [32m -- [Fsm 53.280] Current state: GENERATE_TRAJ[0m
[fsm_node-3] [32m -- [Fsm] Get goal at [0m-23.975 -23.975   1.525
[fsm_node-3] [32m -- [Fsm] Receive click goal at: [-23.975 -23.975   1.525]; goal yaw: 0.000 deg[0m
[fsm_node-3] [INFO] [1786684349.860353201] [fsm_node]:  -- [SUPER] in [PlanFromRest] GenerateExpTrajectory SUCCESS.
[fsm_node-3] [ERROR] [1786684349.866134119] [fsm_node]:  -- [TRAJ_GUARD_REJECT] phase=PlanFromRest/with_backup segment=EXP status=CLEARANCE_MARGIN gen=57 map=102 from_tt=0.050 collision_tt=0.145 collision_p=[-23.454,6.298,1.418] samples=107
[fsm_node-3] [33m -- [Fsm] PlanFromRest failed, try replan.[0m
[fsm_node-3] [32m -- [Fsm] Get goal at [0m-23.975000000000001 -23.975000000000001   1.525000000000000
[fsm_node-3] [32m -- [Fsm] Receive click goal at: [-23.975000000000001 -23.975000000000001   1.525000000000000]; goal yaw: 0.000000000000000 deg[0m
[fsm_node-3] [INFO] [1786684350.357122684] [fsm_node]:  -- [SUPER] in [PlanFromRest] GenerateExpTrajectory SUCCESS.
[fsm_node-3] [ERROR] [1786684350.375132215] [fsm_node]:  -- [TRAJ_GUARD_REJECT] phase=PlanFromRest/with_backup segment=EXP status=CLEARANCE_MARGIN gen=57 map=102 from_tt=0.058 collision_tt=0.153 collision_p=[-23.446,6.298,1.416] samples=145
[fsm_node-3] [33m -- [Fsm] PlanFromRest failed, try replan.[0m
[fsm_node-3] [32m -- [Fsm 54.290] Current state: GENERATE_TRAJ[0m
[fsm_node-3] [INFO] [1786684350.879114741] [fsm_node]:  -- [SUPER] in [PlanFromRest] GenerateExpTrajectory SUCCESS.
[fsm_node-3] [ERROR] [1786684350.893745972] [fsm_node]:  -- [TRAJ_GUARD_REJECT] phase=PlanFromRest/with_backup segment=EXP status=CLEARANCE_MARGIN gen=57 map=104 from_tt=0.067 collision_tt=0.162 collision_p=[-23.442,6.299,1.415] samples=145
[fsm_node-3] [33m -- [Fsm] PlanFromRest failed, try replan.[0m
[fsm_node-3] [32m -- [Fsm] Get goal at [0m-23.975000000000001 -23.975000000000001   1.525000000000000
[fsm_node-3] [32m -- [Fsm] Receive click goal at: [-23.975000000000001 -23.975000000000001   1.525000000000000]; goal yaw: 0.000000000000000 deg[0m
[fsm_node-3] [INFO] [1786684351.367767145] [fsm_node]:  -- [SUPER] in [PlanFromRest] GenerateExpTrajectory SUCCESS.
[fsm_node-3] [ERROR] [1786684351.376614220] [fsm_node]:  -- [TRAJ_GUARD_REJECT] phase=PlanFromRest/with_backup segment=EXP status=CLEARANCE_MARGIN gen=57 map=105 from_tt=0.050 collision_tt=0.140 collision_p=[-23.454,6.299,1.421] samples=105
[fsm_node-3] [33m -- [Fsm] PlanFromRest failed, try replan.[0m
[fsm_node-3] [32m -- [Fsm 55.300] Current state: GENERATE_TRAJ[0m
[fsm_node-3] [INFO] [1786684351.902989213] [fsm_node]:  -- [SUPER] in [PlanFromRest] GenerateExpTrajectory SUCCESS.
[fsm_node-3] [ERROR] [1786684351.917327734] [fsm_node]:  -- [TRAJ_GUARD_REJECT] phase=PlanFromRest/with_backup segment=EXP status=CLEARANCE_MARGIN gen=57 map=106 from_tt=0.081 collision_tt=0.146 collision_p=[-23.451,6.299,1.417] samples=123
[fsm_node-3] [33m -- [Fsm] PlanFromRest failed, try replan.[0m
[fsm_node-3] [32m -- [Fsm] Get goal at [0m-23.975000000000001 -23.975000000000001   1.525000000000000
[fsm_node-3] [32m -- [Fsm] Receive click goal at: [-23.975000000000001 -23.975000000000001   1.525000000000000]; goal yaw: 0.000000000000000 deg[0m
[fsm_node-3] [INFO] [1786684352.374402408] [fsm_node]:  -- [SUPER] in [PlanFromRest] GenerateExpTrajectory SUCCESS.
[fsm_node-3] [ERROR] [1786684352.382267644] [fsm_node]:  -- [TRAJ_GUARD_REJECT] phase=PlanFromRest/with_backup segment=EXP status=CLEARANCE_MARGIN gen=57 map=106 from_tt=0.046 collision_tt=0.131 collision_p=[-23.455,6.297,1.432] samples=101
[fsm_node-3] [33m -- [Fsm] PlanFromRest failed, try replan.[0m
[fsm_node-3] [32m -- [Fsm 56.300] Current state: GENERATE_TRAJ[0m
[fsm_node-3] [INFO] [1786684352.871766388] [fsm_node]:  -- [SUPER] in [PlanFromRest] GenerateExpTrajectory SUCCESS.
[fsm_node-3] [ERROR] [1786684352.887242754] [fsm_node]:  -- [TRAJ_GUARD_REJECT] phase=PlanFromRest/with_backup segment=EXP status=CLEARANCE_MARGIN gen=57 map=106 from_tt=0.051 collision_tt=0.151 collision_p=[-23.449,6.297,1.414] samples=141
[fsm_node-3] [33m -- [Fsm] PlanFromRest failed, try replan.[0m
[fsm_node-3] [32m -- [Fsm 57.980] Current state: GENERATE_TRAJ[0m
[fsm_node-3] [32m -- [Fsm] Get goal at [0m-23.975 -23.975   1.525
[fsm_node-3] [32m -- [Fsm] Receive click goal at: [-23.975 -23.975   1.525]; goal yaw: 0.000 deg[0m
[fsm_node-3] [INFO] [1786684354.556624826] [fsm_node]:  -- [SUPER] in [PlanFromRest] GenerateExpTrajectory SUCCESS.
[fsm_node-3] [ERROR] [1786684354.586840288] [fsm_node]:  -- [TRAJ_GUARD_REJECT] phase=PlanFromRest/with_backup segment=EXP status=CLEARANCE_MARGIN gen=57 map=107 from_tt=0.070 collision_tt=0.145 collision_p=[-23.451,6.299,1.419] samples=119
[fsm_node-3] [33m -- [Fsm] PlanFromRest failed, try replan.[0m
[fsm_node-3] [32m -- [Fsm] Get goal at [0m-23.975000000000001 -23.975000000000001   1.525000000000000
[fsm_node-3] [32m -- [Fsm] Receive click goal at: [-23.975000000000001 -23.975000000000001   1.525000000000000]; goal yaw: 0.000000000000000 deg[0m
[fsm_node-3] [INFO] [1786684355.060736729] [fsm_node]:  -- [SUPER] in [PlanFromRest] GenerateExpTrajectory SUCCESS.
[fsm_node-3] [ERROR] [1786684355.064261512] [fsm_node]:  -- [TRAJ_GUARD_REJECT] phase=PlanFromRest/with_backup segment=EXP status=CLEARANCE_MARGIN gen=57 map=108 from_tt=0.048 collision_tt=0.128 collision_p=[-23.455,6.296,1.425] samples=85
[fsm_node-3] [33m -- [Fsm] PlanFromRest failed, try replan.[0m
[fsm_node-3] [32m -- [Fsm 58.990] Current state: GENERATE_TRAJ[0m
[fsm_node-3] [INFO] [1786684355.563341443] [fsm_node]:  -- [SUPER] in [PlanFromRest] GenerateExpTrajectory SUCCESS.
[fsm_node-3] [ERROR] [1786684355.574799808] [fsm_node]:  -- [TRAJ_GUARD_REJECT] phase=PlanFromRest/with_backup segment=EXP status=CLEARANCE_MARGIN gen=57 map=108 from_tt=0.048 collision_tt=0.158 collision_p=[-23.446,6.298,1.420] samples=150
[fsm_node-3] [33m -- [Fsm] PlanFromRest failed, try replan.[0m
[fsm_node-3] [32m -- [Fsm] Get goal at [0m-23.975000000000001 -23.975000000000001   1.525000000000000
[fsm_node-3] [32m -- [Fsm] Receive click goal at: [-23.975000000000001 -23.975000000000001   1.525000000000000]; goal yaw: 0.000000000000000 deg[0m
[fsm_node-3] [INFO] [1786684356.079085982] [fsm_node]:  -- [SUPER] in [PlanFromRest] GenerateExpTrajectory SUCCESS.
[fsm_node-3] [ERROR] [1786684356.083464836] [fsm_node]:  -- [TRAJ_GUARD_REJECT] phase=PlanFromRest/with_backup segment=EXP status=CLEARANCE_MARGIN gen=57 map=110 from_tt=0.047 collision_tt=0.122 collision_p=[-23.458,6.299,1.424] samples=80
[fsm_node-3] [33m -- [Fsm] PlanFromRest failed, try replan.[0m
[fsm_node-3] [32m -- [Fsm 60.010] Current state: GENERATE_TRAJ[0m
[fsm_node-3] [INFO] [1786684356.599545194] [fsm_node]:  -- [SUPER] in [PlanFromRest] GenerateExpTrajectory SUCCESS.
[fsm_node-3] [ERROR] [1786684356.604647322] [fsm_node]:  -- [TRAJ_GUARD_REJECT] phase=PlanFromRest/with_backup segment=EXP status=CLEARANCE_MARGIN gen=57 map=110 from_tt=0.058 collision_tt=0.143 collision_p=[-23.450,6.299,1.426] samples=81
[fsm_node-3] [33m -- [Fsm] PlanFromRest failed, try replan.[0m
[fsm_node-3] [32m -- [Fsm] Get goal at [0m-23.975000000000001 -23.975000000000001   1.525000000000000
[fsm_node-3] [32m -- [Fsm] Receive click goal at: [-23.975000000000001 -23.975000000000001   1.525000000000000]; goal yaw: 0.000000000000000 deg[0m
[fsm_node-3] [INFO] [1786684357.085343899] [fsm_node]:  -- [SUPER] in [PlanFromRest] GenerateExpTrajectory SUCCESS.
[fsm_node-3] [ERROR] [1786684357.092388408] [fsm_node]:  -- [TRAJ_GUARD_REJECT] phase=PlanFromRest/with_backup segment=EXP status=CLEARANCE_MARGIN gen=57 map=111 from_tt=0.046 collision_tt=0.136 collision_p=[-23.454,6.300,1.420] samples=83
[fsm_node-3] [33m -- [Fsm] PlanFromRest failed, try replan.[0m
[fsm_node-3] [32m -- [Fsm 61.020] Current state: GENERATE_TRAJ[0m
[fsm_node-3] [INFO] [1786684357.603184941] [fsm_node]:  -- [SUPER] in [PlanFromRest] GenerateExpTrajectory SUCCESS.
[fsm_node-3] [ERROR] [1786684357.606234748] [fsm_node]:  -- [TRAJ_GUARD_REJECT] phase=PlanFromRest/with_backup segment=EXP status=CLEARANCE_MARGIN gen=57 map=111 from_tt=0.050 collision_tt=0.125 collision_p=[-23.456,6.297,1.427] samples=89
[fsm_node-3] [33m -- [Fsm] PlanFromRest failed, try replan.[0m
[fsm_node-3] [32m -- [Fsm] Get goal at [0m-23.975000000000001 -23.975000000000001   1.525000000000000
[fsm_node-3] [32m -- [Fsm] Receive click goal at: [-23.975000000000001 -23.975000000000001   1.525000000000000]; goal yaw: 0.000000000000000 deg[0m
[fsm_node-3] [INFO] [1786684358.102601096] [fsm_node]:  -- [SUPER] in [PlanFromRest] GenerateExpTrajectory SUCCESS.
[fsm_node-3] [ERROR] [1786684358.115175883] [fsm_node]:  -- [TRAJ_GUARD_REJECT] phase=PlanFromRest/with_backup segment=EXP status=CLEARANCE_MARGIN gen=57 map=112 from_tt=0.048 collision_tt=0.153 collision_p=[-23.447,6.300,1.422] samples=103
[fsm_node-3] [33m -- [Fsm] PlanFromRest failed, try replan.[0m
[fsm_node-3] [32m -- [Fsm 62.040] Current state: GENERATE_TRAJ[0m
[fsm_node-3] [INFO] [1786684358.614204116] [fsm_node]:  -- [SUPER] in [PlanFromRest] GenerateExpTrajectory SUCCESS.
[fsm_node-3] [ERROR] [1786684358.632280542] [fsm_node]:  -- [TRAJ_GUARD_REJECT] phase=PlanFromRest/with_backup segment=EXP status=CLEARANCE_MARGIN gen=57 map=112 from_tt=0.056 collision_tt=0.146 collision_p=[-23.450,6.298,1.421] samples=104
[fsm_node-3] [33m -- [Fsm] PlanFromRest failed, try replan.[0m
[fsm_node-3] [32m -- [Fsm] Get goal at [0m-23.975000000000001 -23.975000000000001   1.525000000000000
[fsm_node-3] [32m -- [Fsm] Receive click goal at: [-23.975000000000001 -23.975000000000001   1.525000000000000]; goal yaw: 0.000000000000000 deg[0m
[fsm_node-3] [INFO] [1786684359.140429453] [fsm_node]:  -- [SUPER] in [PlanFromRest] GenerateExpTrajectory SUCCESS.
[fsm_node-3] [ERROR] [1786684359.144618166] [fsm_node]:  -- [TRAJ_GUARD_REJECT] phase=PlanFromRest/with_backup segment=EXP status=CLEARANCE_MARGIN gen=57 map=112 from_tt=0.058 collision_tt=0.148 collision_p=[-23.449,6.299,1.420] samples=91
[fsm_node-3] [33m -- [Fsm] PlanFromRest failed, try replan.[0m
[fsm_node-3] [32m -- [Fsm 63.380] Current state: GENERATE_TRAJ[0m
[fsm_node-3] [INFO] [1786684359.962822702] [fsm_node]:  -- [SUPER] in [PlanFromRest] GenerateExpTrajectory SUCCESS.
[fsm_node-3] [ERROR] [1786684359.987430597] [fsm_node]:  -- [TRAJ_GUARD_REJECT] phase=PlanFromRest/with_backup segment=EXP status=CLEARANCE_MARGIN gen=57 map=113 from_tt=0.071 collision_tt=0.156 collision_p=[-23.445,6.298,1.416] samples=128
[fsm_node-3] [33m -- [Fsm] PlanFromRest failed, try replan.[0m
[fsm_node-3] [32m -- [Fsm] Get goal at [0m-23.975000000000001 -23.975000000000001   1.525000000000000
[fsm_node-3] [32m -- [Fsm] Receive click goal at: [-23.975000000000001 -23.975000000000001   1.525000000000000]; goal yaw: 0.000000000000000 deg[0m
[fsm_node-3] [INFO] [1786684360.463685211] [fsm_node]:  -- [SUPER] in [PlanFromRest] GenerateExpTrajectory SUCCESS.
[fsm_node-3] [ERROR] [1786684360.468833350] [fsm_node]:  -- [TRAJ_GUARD_REJECT] phase=PlanFromRest/with_backup segment=EXP status=CLEARANCE_MARGIN gen=57 map=115 from_tt=0.042 collision_tt=0.142 collision_p=[-23.452,6.298,1.419] samples=111
[fsm_node-3] [33m -- [Fsm] PlanFromRest failed, try replan.[0m
[fsm_node-3] [32m -- [Fsm 64.390] Current state: GENERATE_TRAJ[0m
[fsm_node-3] [INFO] [1786684360.975833184] [fsm_node]:  -- [SUPER] in [PlanFromRest] GenerateExpTrajectory SUCCESS.
[fsm_node-3] [ERROR] [1786684360.979519347] [fsm_node]:  -- [TRAJ_GUARD_REJECT] phase=PlanFromRest/with_backup segment=EXP status=CLEARANCE_MARGIN gen=57 map=115 from_tt=0.053 collision_tt=0.148 collision_p=[-23.449,6.297,1.427] samples=99
[fsm_node-3] [33m -- [Fsm] PlanFromRest failed, try replan.[0m
[fsm_node-3] [32m -- [Fsm] Get goal at [0m-23.975000000000001 -23.975000000000001   1.525000000000000
[fsm_node-3] [32m -- [Fsm] Receive click goal at: [-23.975000000000001 -23.975000000000001   1.525000000000000]; goal yaw: 0.000000000000000 deg[0m
[fsm_node-3] [INFO] [1786684361.472380707] [fsm_node]:  -- [SUPER] in [PlanFromRest] GenerateExpTrajectory SUCCESS.
[fsm_node-3] [ERROR] [1786684361.477814434] [fsm_node]:  -- [TRAJ_GUARD_REJECT] phase=PlanFromRest/with_backup segment=EXP status=CLEARANCE_MARGIN gen=57 map=115 from_tt=0.051 collision_tt=0.141 collision_p=[-23.453,6.298,1.426] samples=94
[fsm_node-3] [33m -- [Fsm] PlanFromRest failed, try replan.[0m
[fsm_node-3] [32m -- [Fsm 65.980] Current state: GENERATE_TRAJ[0m
[fsm_node-3] [32m -- [Fsm] Get goal at [0m-23.975 -23.975   1.525
[fsm_node-3] [32m -- [Fsm] Receive click goal at: [-23.975 -23.975   1.525]; goal yaw: 0.000 deg[0m
[fsm_node-3] [INFO] [1786684362.560734902] [fsm_node]:  -- [SUPER] in [PlanFromRest] GenerateExpTrajectory SUCCESS.
[fsm_node-3] [ERROR] [1786684362.570873712] [fsm_node]:  -- [TRAJ_GUARD_REJECT] phase=PlanFromRest/with_backup segment=EXP status=CLEARANCE_MARGIN gen=57 map=116 from_tt=0.054 collision_tt=0.144 collision_p=[-23.450,6.298,1.421] samples=93
[fsm_node-3] [33m -- [Fsm] PlanFromRest failed, try replan.[0m
[fsm_node-3] [32m -- [Fsm] Get goal at [0m-23.975000000000001 -23.975000000000001   1.525000000000000
[fsm_node-3] [32m -- [Fsm] Receive click goal at: [-23.975000000000001 -23.975000000000001   1.525000000000000]; goal yaw: 0.000000000000000 deg[0m
[fsm_node-3] [INFO] [1786684363.067719112] [fsm_node]:  -- [SUPER] in [PlanFromRest] GenerateExpTrajectory SUCCESS.
[fsm_node-3] [ERROR] [1786684363.080693783] [fsm_node]:  -- [TRAJ_GUARD_REJECT] phase=PlanFromRest/with_backup segment=EXP status=CLEARANCE_MARGIN gen=57 map=118 from_tt=0.064 collision_tt=0.149 collision_p=[-23.448,6.299,1.421] samples=103
[fsm_node-3] [33m -- [Fsm] PlanFromRest failed, try replan.[0m
[fsm_node-3] [32m -- [Fsm 66.990] Current state: GENERATE_TRAJ[0m
[fsm_node-3] [INFO] [1786684363.561114442] [fsm_node]:  -- [SUPER] in [PlanFromRest] GenerateExpTrajectory SUCCESS.
[fsm_node-3] [ERROR] [1786684363.575405424] [fsm_node]:  -- [TRAJ_GUARD_REJECT] phase=PlanFromRest/with_backup segment=EXP status=CLEARANCE_MARGIN gen=57 map=118 from_tt=0.049 collision_tt=0.154 collision_p=[-23.444,6.299,1.423] samples=150
[fsm_node-3] [33m -- [Fsm] PlanFromRest failed, try replan.[0m
[fsm_node-3] [32m -- [Fsm] Get goal at [0m-23.975000000000001 -23.975000000000001   1.525000000000000
[fsm_node-3] [32m -- [Fsm] Receive click goal at: [-23.975000000000001 -23.975000000000001   1.525000000000000]; goal yaw: 0.000000000000000 deg[0m
[fsm_node-3] [INFO] [1786684364.069031820] [fsm_node]:  -- [SUPER] in [PlanFromRest] GenerateExpTrajectory SUCCESS.
[fsm_node-3] [ERROR] [1786684364.079632081] [fsm_node]:  -- [TRAJ_GUARD_REJECT] phase=PlanFromRest/with_backup segment=EXP status=CLEARANCE_MARGIN gen=57 map=119 from_tt=0.053 collision_tt=0.123 collision_p=[-23.456,6.299,1.432] samples=98
[fsm_node-3] [33m -- [Fsm] PlanFromRest failed, try replan.[0m
[fsm_node-3] [32m -- [Fsm 68.000] Current state: GENERATE_TRAJ[0m
[fsm_node-3] [INFO] [1786684364.583720635] [fsm_node]:  -- [SUPER] in [PlanFromRest] GenerateExpTrajectory SUCCESS.
[fsm_node-3] [ERROR] [1786684364.599051075] [fsm_node]:  -- [TRAJ_GUARD_REJECT] phase=PlanFromRest/with_backup segment=EXP status=CLEARANCE_MARGIN gen=57 map=119 from_tt=0.062 collision_tt=0.142 collision_p=[-23.453,6.300,1.420] samples=114
[fsm_node-3] [33m -- [Fsm] PlanFromRest failed, try replan.[0m
[fsm_node-3] [32m -- [Fsm] Get goal at [0m-23.975000000000001 -23.975000000000001   1.525000000000000
[fsm_node-3] [32m -- [Fsm] Receive click goal at: [-23.975000000000001 -23.975000000000001   1.525000000000000]; goal yaw: 0.000000000000000 deg[0m
[fsm_node-3] [INFO] [1786684365.085584331] [fsm_node]:  -- [SUPER] in [PlanFromRest] GenerateExpTrajectory SUCCESS.
[fsm_node-3] [ERROR] [1786684365.118020943] [fsm_node]:  -- [TRAJ_GUARD_REJECT] phase=PlanFromRest/with_backup segment=EXP status=CLEARANCE_MARGIN gen=57 map=119 from_tt=0.072 collision_tt=0.147 collision_p=[-23.452,6.298,1.421] samples=122
[fsm_node-3] [33m -- [Fsm] PlanFromRest failed, try replan.[0m
[fsm_node-3] [32m -- [Fsm 71.780] Current state: GENERATE_TRAJ[0m
[fsm_node-3] [32m -- [Fsm] Get goal at [0m-23.975 -23.975   1.525
[fsm_node-3] [32m -- [Fsm] Receive click goal at: [-23.975 -23.975   1.525]; goal yaw: 0.000 deg[0m
[fsm_node-3] [INFO] [1786684368.347402986] [fsm_node]:  -- [SUPER] in [PlanFromRest] GenerateExpTrajectory SUCCESS.
[fsm_node-3] [ERROR] [1786684368.354396345] [fsm_node]:  -- [TRAJ_GUARD_REJECT] phase=PlanFromRest/with_backup segment=EXP status=CLEARANCE_MARGIN gen=57 map=120 from_tt=0.038 collision_tt=0.153 collision_p=[-23.449,6.298,1.423] samples=101
[fsm_node-3] [33m -- [Fsm] PlanFromRest failed, try replan.[0m
[fsm_node-3] [INFO] [1786684368.849592483] [fsm_node]:  -- [SUPER] in [PlanFromRest] GenerateExpTrajectory SUCCESS.
[fsm_node-3] [ERROR] [1786684368.854550126] [fsm_node]:  -- [TRAJ_GUARD_REJECT] phase=PlanFromRest/with_backup segment=EXP status=CLEARANCE_MARGIN gen=57 map=120 from_tt=0.038 collision_tt=0.138 collision_p=[-23.451,6.300,1.425] samples=124
[fsm_node-3] [33m -- [Fsm] PlanFromRest failed, try replan.[0m
[fsm_node-3] [32m -- [Fsm 72.780] Current state: GENERATE_TRAJ[0m
[fsm_node-3] [32m -- [Fsm] Get goal at [0m-23.975 -23.975   1.525
[fsm_node-3] [32m -- [Fsm] Receive click goal at: [-23.975 -23.975   1.525]; goal yaw: 0.000 deg[0m
[fsm_node-3] [INFO] [1786684369.357816233] [fsm_node]:  -- [SUPER] in [PlanFromRest] GenerateExpTrajectory SUCCESS.
[fsm_node-3] [ERROR] [1786684369.363323805] [fsm_node]:  -- [TRAJ_GUARD_REJECT] phase=PlanFromRest/with_backup segment=EXP status=CLEARANCE_MARGIN gen=57 map=120 from_tt=0.047 collision_tt=0.147 collision_p=[-23.450,6.298,1.420] samples=90
[fsm_node-3] [33m -- [Fsm] PlanFromRest failed, try replan.[0m
[fsm_node-3] [INFO] [1786684369.854357498] [fsm_node]:  -- [SUPER] in [PlanFromRest] GenerateExpTrajectory SUCCESS.
[fsm_node-3] [ERROR] [1786684369.858977444] [fsm_node]:  -- [TRAJ_GUARD_REJECT] phase=PlanFromRest/with_backup segment=EXP status=CLEARANCE_MARGIN gen=57 map=121 from_tt=0.042 collision_tt=0.142 collision_p=[-23.454,6.297,1.423] samples=87
[fsm_node-3] [33m -- [Fsm] PlanFromRest failed, try replan.[0m
[fsm_node-3] [32m -- [Fsm 73.790] Current state: GENERATE_TRAJ[0m
[fsm_node-3] [32m -- [Fsm] Get goal at [0m-23.975 -23.975   1.525
[fsm_node-3] [32m -- [Fsm] Receive click goal at: [-23.975 -23.975   1.525]; goal yaw: 0.000 deg[0m
[fsm_node-3] [INFO] [1786684370.357983411] [fsm_node]:  -- [SUPER] in [PlanFromRest] GenerateExpTrajectory SUCCESS.
[fsm_node-3] [ERROR] [1786684370.371378892] [fsm_node]:  -- [TRAJ_GUARD_REJECT] phase=PlanFromRest/with_backup segment=EXP status=CLEARANCE_MARGIN gen=57 map=122 from_tt=0.045 collision_tt=0.155 collision_p=[-23.448,6.298,1.425] samples=104
[fsm_node-3] [33m -- [Fsm] PlanFromRest failed, try replan.[0m
[fsm_node-3] [INFO] [1786684370.875576718] [fsm_node]:  -- [SUPER] in [PlanFromRest] GenerateExpTrajectory SUCCESS.
[fsm_node-3] [ERROR] [1786684370.879068581] [fsm_node]:  -- [TRAJ_GUARD_REJECT] phase=PlanFromRest/with_backup segment=EXP status=CLEARANCE_MARGIN gen=57 map=124 from_tt=0.052 collision_tt=0.142 collision_p=[-23.451,6.299,1.421] samples=94
[fsm_node-3] [33m -- [Fsm] PlanFromRest failed, try replan.[0m
[fsm_node-3] [32m -- [Fsm 74.790] Current state: GENERATE_TRAJ[0m
[fsm_node-3] [32m -- [Fsm] Get goal at [0m-23.975 -23.975   1.525
[fsm_node-3] [32m -- [Fsm] Receive click goal at: [-23.975 -23.975   1.525]; goal yaw: 0.000 deg[0m
[fsm_node-3] [INFO] [1786684371.361809653] [fsm_node]:  -- [SUPER] in [PlanFromRest] GenerateExpTrajectory SUCCESS.
[fsm_node-3] [ERROR] [1786684371.365856367] [fsm_node]:  -- [TRAJ_GUARD_REJECT] phase=PlanFromRest/with_backup segment=EXP status=CLEARANCE_MARGIN gen=57 map=125 from_tt=0.039 collision_tt=0.159 collision_p=[-23.442,6.299,1.420] samples=114
[fsm_node-3] [33m -- [Fsm] PlanFromRest failed, try replan.[0m
[fsm_node-3] [INFO] [1786684371.899985637] [fsm_node]:  -- [SUPER] in [PlanFromRest] GenerateExpTrajectory SUCCESS.
[fsm_node-3] [ERROR] [1786684371.905810048] [fsm_node]:  -- [TRAJ_GUARD_REJECT] phase=PlanFromRest/with_backup segment=EXP status=CLEARANCE_MARGIN gen=57 map=125 from_tt=0.069 collision_tt=0.149 collision_p=[-23.450,6.298,1.422] samples=89
[fsm_node-3] [33m -- [Fsm] PlanFromRest failed, try replan.[0m
[fsm_node-3] [32m -- [Fsm 75.800] Current state: GENERATE_TRAJ[0m
[fsm_node-3] [32m -- [Fsm] Get goal at [0m-23.975 -23.975   1.525
[fsm_node-3] [32m -- [Fsm] Receive click goal at: [-23.975 -23.975   1.525]; goal yaw: 0.000 deg[0m
[fsm_node-3] [INFO] [1786684372.388194688] [fsm_node]:  -- [SUPER] in [PlanFromRest] GenerateExpTrajectory SUCCESS.
[fsm_node-3] [ERROR] [1786684372.393215198] [fsm_node]:  -- [TRAJ_GUARD_REJECT] phase=PlanFromRest/with_backup segment=EXP status=CLEARANCE_MARGIN gen=57 map=126 from_tt=0.056 collision_tt=0.136 collision_p=[-23.457,6.300,1.424] samples=75
[fsm_node-3] [33m -- [Fsm] PlanFromRest failed, try replan.[0m
[fsm_node-3] [INFO] [1786684372.872491706] [fsm_node]:  -- [SUPER] in [PlanFromRest] GenerateExpTrajectory SUCCESS.
[fsm_node-3] [ERROR] [1786684372.890357915] [fsm_node]:  -- [TRAJ_GUARD_REJECT] phase=PlanFromRest/with_backup segment=EXP status=CLEARANCE_MARGIN gen=57 map=127 from_tt=0.053 collision_tt=0.138 collision_p=[-23.453,6.299,1.419] samples=115
[fsm_node-3] [33m -- [Fsm] PlanFromRest failed, try replan.[0m
[fsm_node-3] [32m -- [Fsm 76.800] Current state: GENERATE_TRAJ[0m
[fsm_node-3] [32m -- [Fsm] Get goal at [0m-23.975 -23.975   1.525
[fsm_node-3] [32m -- [Fsm] Receive click goal at: [-23.975 -23.975   1.525]; goal yaw: 0.000 deg[0m
[fsm_node-3] [INFO] [1786684373.388927906] [fsm_node]:  -- [SUPER] in [PlanFromRest] GenerateExpTrajectory SUCCESS.
[fsm_node-3] [ERROR] [1786684373.393448588] [fsm_node]:  -- [TRAJ_GUARD_REJECT] phase=PlanFromRest/with_backup segment=EXP status=CLEARANCE_MARGIN gen=57 map=127 from_tt=0.056 collision_tt=0.131 collision_p=[-23.456,6.300,1.423] samples=94
[fsm_node-3] [33m -- [Fsm] PlanFromRest failed, try replan.[0m
[fsm_node-3] [INFO] [1786684373.922891909] [fsm_node]:  -- [SUPER] in [PlanFromRest] GenerateExpTrajectory SUCCESS.
[fsm_node-3] [ERROR] [1786684373.961164686] [fsm_node]:  -- [TRAJ_GUARD_REJECT] phase=PlanFromRest/with_backup segment=EXP status=CLEARANCE_MARGIN gen=57 map=128 from_tt=0.124 collision_tt=0.139 collision_p=[-23.456,6.299,1.421] samples=108
[fsm_node-3] [33m -- [Fsm] PlanFromRest failed, try replan.[0m
[fsm_node-3] [32m -- [Fsm 77.810] Current state: GENERATE_TRAJ[0m
[fsm_node-3] [32m -- [Fsm] Get goal at [0m-23.975 -23.975   1.525
[fsm_node-3] [32m -- [Fsm] Receive click goal at: [-23.975 -23.975   1.525]; goal yaw: 0.000 deg[0m
[fsm_node-3] [INFO] [1786684374.436598065] [fsm_node]:  -- [SUPER] in [PlanFromRest] GenerateExpTrajectory SUCCESS.
[fsm_node-3] [ERROR] [1786684374.443874744] [fsm_node]:  -- [TRAJ_GUARD_REJECT] phase=PlanFromRest/with_backup segment=EXP status=CLEARANCE_MARGIN gen=57 map=129 from_tt=0.097 collision_tt=0.137 collision_p=[-23.456,6.299,1.423] samples=84
[fsm_node-3] [33m -- [Fsm] PlanFromRest failed, try replan.[0m
[fsm_node-3] [INFO] [1786684374.924829311] [fsm_node]:  -- [SUPER] in [PlanFromRest] GenerateExpTrajectory SUCCESS.
[fsm_node-3] [ERROR] [1786684374.947834683] [fsm_node]:  -- [TRAJ_GUARD_REJECT] phase=PlanFromRest/with_backup segment=EXP status=CLEARANCE_MARGIN gen=57 map=131 from_tt=0.091 collision_tt=0.151 collision_p=[-23.447,6.299,1.424] samples=96
[fsm_node-3] [33m -- [Fsm] PlanFromRest failed, try replan.[0m
[fsm_node-3] [32m -- [Fsm 78.821] Current state: GENERATE_TRAJ[0m
[fsm_node-3] [32m -- [Fsm] Get goal at [0m-23.975 -23.975   1.525
[fsm_node-3] [32m -- [Fsm] Receive click goal at: [-23.975 -23.975   1.525]; goal yaw: 0.000 deg[0m
[fsm_node-3] [INFO] [1786684375.440279960] [fsm_node]:  -- [SUPER] in [PlanFromRest] GenerateExpTrajectory SUCCESS.
[fsm_node-3] [ERROR] [1786684375.448865563] [fsm_node]:  -- [TRAJ_GUARD_REJECT] phase=PlanFromRest/with_backup segment=EXP status=CLEARANCE_MARGIN gen=57 map=131 from_tt=0.091 collision_tt=0.151 collision_p=[-23.449,6.300,1.422] samples=95
[fsm_node-3] [33m -- [Fsm] PlanFromRest failed, try replan.[0m
[fsm_node-3] [INFO] [1786684375.926750134] [fsm_node]:  -- [SUPER] in [PlanFromRest] GenerateExpTrajectory SUCCESS.
[fsm_node-3] [ERROR] [1786684375.959210904] [fsm_node]:  -- [TRAJ_GUARD_REJECT] phase=PlanFromRest/with_backup segment=EXP status=CLEARANCE_MARGIN gen=57 map=131 from_tt=0.102 collision_tt=0.147 collision_p=[-23.450,6.300,1.421] samples=113
[fsm_node-3] [33m -- [Fsm] PlanFromRest failed, try replan.[0m
[fsm_node-3] [32m -- [Fsm 79.821] Current state: GENERATE_TRAJ[0m
[fsm_node-3] [32m -- [Fsm] Get goal at [0m-23.975 -23.975   1.525
[fsm_node-3] [32m -- [Fsm] Receive click goal at: [-23.975 -23.975   1.525]; goal yaw: 0.000 deg[0m
[fsm_node-3] [INFO] [1786684376.412282071] [fsm_node]:  -- [SUPER] in [PlanFromRest] GenerateExpTrajectory SUCCESS.
[fsm_node-3] [ERROR] [1786684376.423012490] [fsm_node]:  -- [TRAJ_GUARD_REJECT] phase=PlanFromRest/with_backup segment=EXP status=CLEARANCE_MARGIN gen=57 map=132 from_tt=0.066 collision_tt=0.146 collision_p=[-23.451,6.298,1.421] samples=88
[fsm_node-3] [33m -- [Fsm] PlanFromRest failed, try replan.[0m
[fsm_node-3] [INFO] [1786684376.926214300] [fsm_node]:  -- [SUPER] in [PlanFromRest] GenerateExpTrajectory SUCCESS.
[fsm_node-3] [ERROR] [1786684376.948474443] [fsm_node]:  -- [TRAJ_GUARD_REJECT] phase=PlanFromRest/with_backup segment=EXP status=CLEARANCE_MARGIN gen=57 map=132 from_tt=0.081 collision_tt=0.146 collision_p=[-23.450,6.299,1.418] samples=122
[fsm_node-3] [33m -- [Fsm] PlanFromRest failed, try replan.[0m
[fsm_node-3] [32m -- [Fsm 80.881] Current state: GENERATE_TRAJ[0m
[fsm_node-3] [32m -- [Fsm] Get goal at [0m-23.975 -23.975   1.525
[fsm_node-3] [32m -- [Fsm] Receive click goal at: [-23.975 -23.975   1.525]; goal yaw: 0.000 deg[0m
[fsm_node-3] [INFO] [1786684377.453855710] [fsm_node]:  -- [SUPER] in [PlanFromRest] GenerateExpTrajectory SUCCESS.
[fsm_node-3] [ERROR] [1786684377.465143316] [fsm_node]:  -- [TRAJ_GUARD_REJECT] phase=PlanFromRest/with_backup segment=EXP status=CLEARANCE_MARGIN gen=57 map=133 from_tt=0.048 collision_tt=0.153 collision_p=[-23.446,6.298,1.432] samples=129
[fsm_node-3] [33m -- [Fsm] PlanFromRest failed, try replan.[0m
[fsm_node-3] [INFO] [1786684377.972778473] [fsm_node]:  -- [SUPER] in [PlanFromRest] GenerateExpTrajectory SUCCESS.
[fsm_node-3] [ERROR] [1786684377.982598960] [fsm_node]:  -- [TRAJ_GUARD_REJECT] phase=PlanFromRest/with_backup segment=EXP status=CLEARANCE_MARGIN gen=57 map=133 from_tt=0.065 collision_tt=0.150 collision_p=[-23.445,6.298,1.417] samples=161
[fsm_node-3] [33m -- [Fsm] PlanFromRest failed, try replan.[0m
[fsm_node-3] [32m -- [Fsm 81.891] Current state: GENERATE_TRAJ[0m
[fsm_node-3] [32m -- [Fsm] Get goal at [0m-23.975 -23.975   1.525
[fsm_node-3] [32m -- [Fsm] Receive click goal at: [-23.975 -23.975   1.525]; goal yaw: 0.000 deg[0m
[fsm_node-3] [INFO] [1786684378.483734243] [fsm_node]:  -- [SUPER] in [PlanFromRest] GenerateExpTrajectory SUCCESS.
[fsm_node-3] [ERROR] [1786684378.496391282] [fsm_node]:  -- [TRAJ_GUARD_REJECT] phase=PlanFromRest/with_backup segment=EXP status=CLEARANCE_MARGIN gen=57 map=133 from_tt=0.069 collision_tt=0.149 collision_p=[-23.450,6.298,1.421] samples=89
[fsm_node-3] [33m -- [Fsm] PlanFromRest failed, try replan.[0m
[fsm_node-3] [32m -- [Fsm] Get goal at [0m-23.975000000000001 -23.975000000000001   1.525000000000000
[fsm_node-3] [32m -- [Fsm] Receive click goal at: [-23.975000000000001 -23.975000000000001   1.525000000000000]; goal yaw: 0.000000000000000 deg[0m
[fsm_node-3] [INFO] [1786684379.263650280] [fsm_node]:  -- [SUPER] in [PlanFromRest] GenerateExpTrajectory SUCCESS.
[fsm_node-3] [ERROR] [1786684379.270921843] [fsm_node]:  -- [TRAJ_GUARD_REJECT] phase=PlanFromRest/with_backup segment=EXP status=CLEARANCE_MARGIN gen=57 map=134 from_tt=0.053 collision_tt=0.143 collision_p=[-23.451,6.299,1.420] samples=97
[fsm_node-3] [33m -- [Fsm] PlanFromRest failed, try replan.[0m
[fsm_node-3] [32m -- [Fsm 83.181] Current state: GENERATE_TRAJ[0m
[fsm_node-3] [INFO] [1786684379.793149416] [fsm_node]:  -- [SUPER] in [PlanFromRest] GenerateExpTrajectory SUCCESS.
[fsm_node-3] [ERROR] [1786684379.801045942] [fsm_node]:  -- [TRAJ_GUARD_REJECT] phase=PlanFromRest/with_backup segment=EXP status=CLEARANCE_MARGIN gen=57 map=135 from_tt=0.084 collision_tt=0.149 collision_p=[-23.447,6.297,1.425] samples=88
[fsm_node-3] [33m -- [Fsm] PlanFromRest failed, try replan.[0m
[fsm_node-3] [32m -- [Fsm] Get goal at [0m-23.975000000000001 -23.975000000000001   1.525000000000000
[fsm_node-3] [32m -- [Fsm] Receive click goal at: [-23.975000000000001 -23.975000000000001   1.525000000000000]; goal yaw: 0.000000000000000 deg[0m
[fsm_node-3] [INFO] [1786684380.265947007] [fsm_node]:  -- [SUPER] in [PlanFromRest] GenerateExpTrajectory SUCCESS.
[fsm_node-3] [ERROR] [1786684380.270683793] [fsm_node]:  -- [TRAJ_GUARD_REJECT] phase=PlanFromRest/with_backup segment=EXP status=CLEARANCE_MARGIN gen=57 map=135 from_tt=0.053 collision_tt=0.148 collision_p=[-23.450,6.299,1.429] samples=97
[fsm_node-3] [33m -- [Fsm] PlanFromRest failed, try replan.[0m
[fsm_node-3] [32m -- [Fsm 84.181] Current state: GENERATE_TRAJ[0m
[fsm_node-3] [INFO] [1786684380.764947934] [fsm_node]:  -- [SUPER] in [PlanFromRest] GenerateExpTrajectory SUCCESS.
[fsm_node-3] [ERROR] [1786684380.776662554] [fsm_node]:  -- [TRAJ_GUARD_REJECT] phase=PlanFromRest/with_backup segment=EXP status=CLEARANCE_MARGIN gen=57 map=135 from_tt=0.059 collision_tt=0.154 collision_p=[-23.445,6.299,1.424] samples=107
[fsm_node-3] [33m -- [Fsm] PlanFromRest failed, try replan.[0m
