[INFO] [launch]: All log files can be found below /root/.ros/log/2026-09-10-16-10-42-354202-livox-1855238
[INFO] [launch]: Default logging verbosity is set to INFO
[INFO] [waypoint_mission-1]: process started with pid [1855239]
[INFO] [perfect_drone_full_node-2]: process started with pid [1855241]
[waypoint_mission-1] [WARN] [1789024242.401290417] [waypoint_mission]:  -- [MissionPlanner] Load config by file name: /root/super_ws/src/SUPER/mission_planner/config/waypoint.yaml
[waypoint_mission-1] [WARN] [1789024242.401364031] [waypoint_mission]:  -- [MissionPlanner] Load data by file name: /root/super_ws/src/SUPER/mission_planner/data/blind_heading_fork.txt
[perfect_drone_full_node-2] Load config file: /root/super_ws/install/super_planner/share/super_planner/config/static_seedmaps_guard_viability_tight_v7.yaml
[perfect_drone_full_node-2] [0;32m Load param fsm/timer_en success: [0;0m1
[perfect_drone_full_node-2] [0;32m Load param super_planner/detailed_log_en success: [0;0m0
[perfect_drone_full_node-2] [0;32m Load param super_planner/detailed_log_max_entries success: [0;0m64
[perfect_drone_full_node-2] [0;32m Load param fsm/click_goal_en success: [0;0m1
[perfect_drone_full_node-2] [0;32m Load param fsm/click_yaw_en success: [0;0m1
[perfect_drone_full_node-2] [0;32m Load param fsm/replan_rate success: [0;0m15
[perfect_drone_full_node-2] [0;32m Load param fsm/click_height success: [0;0m1.5
[perfect_drone_full_node-2] [0;32m Load param fsm/cmd_topic success: [0;0m/planning/pos_cmd
[perfect_drone_full_node-2] [0;32m Load param fsm/mpc_cmd_topic success: [0;0m/planning_cmd/poly_traj
[perfect_drone_full_node-2] [0;32m Load param fsm/click_goal_topic success: [0;0m/planning/click_goal
[perfect_drone_full_node-2] [0;32m Load param fsm/map_readiness/enable success: [0;0m1
[perfect_drone_full_node-2] [0;32m Load param fsm/map_readiness/min_accepted_scans success: [0;0m5
[perfect_drone_full_node-2] [0;32m Load param fsm/map_readiness/min_committed_scans success: [0;0m5
[perfect_drone_full_node-2] [0;32m Load param fsm/map_readiness/max_commit_lag_scans success: [0;0m5
[perfect_drone_full_node-2] [0;32m Load param fsm/map_readiness/min_scan_span_s success: [0;0m1
[perfect_drone_full_node-2] [0;32m Load param fsm/map_readiness/max_cloud_age_s success: [0;0m0.75
[perfect_drone_full_node-2] [0;32m Load param fsm/map_readiness/max_map_age_s success: [0;0m0.55
[perfect_drone_full_node-2] [0;32m Load param fsm/trajectory_guard/enable success: [0;0m1
[perfect_drone_full_node-2] [0;33m Load param fsm/trajectory_guard/same_map_replan_coalesce_enable failed, use default value: [0;0m0
[perfect_drone_full_node-2] [0;33m Load param fsm/trajectory_guard/same_map_replan_min_interval_s failed, use default value: [0;0m0
[perfect_drone_full_node-2] [0;32m Load param fsm/trajectory_guard/shadow success: [0;0m0
[perfect_drone_full_node-2] [0;32m Load param fsm/trajectory_guard/max_map_age_s success: [0;0m0.75
[perfect_drone_full_node-2] [0;32m Load param fsm/trajectory_guard/brake_trigger_map_age_s success: [0;0m0.55
[perfect_drone_full_node-2] [0;32m Load param fsm/trajectory_guard/brake_trigger_high_speed_map_age_s success: [0;0m0.5
[perfect_drone_full_node-2] [0;32m Load param fsm/trajectory_guard/brake_trigger_low_speed_mps success: [0;0m2.5
[perfect_drone_full_node-2] [0;32m Load param fsm/trajectory_guard/brake_trigger_high_speed_mps success: [0;0m3.5
[perfect_drone_full_node-2] [0;33m Load param fsm/trajectory_guard/full_refresh_ack_sla_s failed, use default value: [0;0m0
[perfect_drone_full_node-2] [0;32m Load param fsm/trajectory_guard/raw_cloud/enable success: [0;0m0
[perfect_drone_full_node-2] [0;33m Load param fsm/trajectory_guard/raw_cloud/source_topic failed, use default value: [0;0m
[perfect_drone_full_node-2] [0;32m Load param fsm/trajectory_guard/raw_cloud/max_age_s success: [0;0m0.75
[perfect_drone_full_node-2] [0;32m Load param fsm/trajectory_guard/raw_cloud/clearance_m success: [0;0m0.3
[perfect_drone_full_node-2] [0;32m Load param fsm/trajectory_guard/validation_sample_dt_s success: [0;0m0.005
[perfect_drone_full_node-2] [0;32m Load param fsm/trajectory_guard/shadow_min_interval_s success: [0;0m0
[perfect_drone_full_node-2] [0;32m Load param fsm/trajectory_guard/additional_clearance_m success: [0;0m0
[perfect_drone_full_node-2] [0;33m Load param fsm/trajectory_guard/brake_min_duration_s failed, use default value: [0;0m0.4
[perfect_drone_full_node-2] [0;32m Load param fsm/trajectory_guard/brake_max_duration_s success: [0;0m3
[perfect_drone_full_node-2] [0;32m Load param fsm/trajectory_guard/brake_max_acc_mps2 success: [0;0m20
[perfect_drone_full_node-2] [0;32m Load param fsm/trajectory_guard/brake_max_jerk_mps3 success: [0;0m120
[perfect_drone_full_node-2] [0;32m Load param fsm/trajectory_guard/brake_command_max_age_s success: [0;0m0.1
[perfect_drone_full_node-2] [0;32m Load param fsm/trajectory_guard/brake_command_max_position_error_m success: [0;0m0.5
[perfect_drone_full_node-2] [0;32m Load param fsm/trajectory_guard/brake_command_max_velocity_error_mps success: [0;0m2
[perfect_drone_full_node-2] [0;32m Load param fsm/trajectory_guard/brake_retry_interval_s success: [0;0m0.1
[perfect_drone_full_node-2] [0;32m Load param fsm/trajectory_guard/unknown_as_occupied success: [0;0m1
[perfect_drone_full_node-2] [0;33m Load param fsm/trajectory_guard/raw_cloud/ciri_shadow_en failed, use default value: [0;0m0
[perfect_drone_full_node-2] [0;33m Load param fsm/trajectory_guard/raw_cloud/accum_window_s failed, use default value: [0;0m1.5
[perfect_drone_full_node-2] [0;33m Load param fsm/trajectory_guard/raw_cloud/ciri_min_points failed, use default value: [0;0m200
[perfect_drone_full_node-2] [0;33m Load param fsm/trajectory_guard/raw_cloud/ciri_voxel_m failed, use default value: [0;0m0.1
[perfect_drone_full_node-2] [0;33m Load param fsm/trajectory_guard/raw_cloud/near_field_shadow_en failed, use default value: [0;0m0
[perfect_drone_full_node-2] [0;33m Load param fsm/trajectory_guard/raw_cloud/near_field_clearance_m failed, use default value: [0;0m0.2
[perfect_drone_full_node-2] [0;33m Load param fsm/trajectory_guard/raw_cloud/near_field_horizon_s failed, use default value: [0;0m1
[perfect_drone_full_node-2] [0;33m Load param fsm/trajectory_guard/raw_cloud/near_field_sample_dt_s failed, use default value: [0;0m0.01
[perfect_drone_full_node-2] [0;33m Load param fsm/trajectory_guard/raw_cloud/near_field_min_interval_s failed, use default value: [0;0m0.1
[perfect_drone_full_node-2] [0;33m Load param fsm/trajectory_guard/raw_cloud/near_field_min_points failed, use default value: [0;0m200
[perfect_drone_full_node-2] [0;33m Load param fsm/trajectory_guard/raw_cloud/near_field_voxel_m failed, use default value: [0;0m0
[perfect_drone_full_node-2] [0;33m Load param fsm/trajectory_guard/raw_cloud/near_field_test_replay_mode failed, use default value: [0;0m0
[perfect_drone_full_node-2] [0;33m Load param fsm/trajectory_guard/raw_cloud/near_field_enforce_en failed, use default value: [0;0m0
[perfect_drone_full_node-2] [0;33m Load param fsm/trajectory_guard/raw_cloud/near_field_result_max_age_s failed, use default value: [0;0m0.2
[perfect_drone_full_node-2] [0;33m Load param fsm/trajectory_guard/raw_cloud/near_field_max_sequence_lag failed, use default value: [0;0m1
[perfect_drone_full_node-2] [0;33m Load param fsm/trajectory_guard/raw_cloud/near_field_egress_tolerance_m failed, use default value: [0;0m0.005
[perfect_drone_full_node-2] [0;33m Load param fsm/trajectory_guard/raw_cloud/near_field_egress_min_progress_m failed, use default value: [0;0m0.02
[perfect_drone_full_node-2] [0;33m Load param fsm/trajectory_guard/frontend_risk/shadow_en failed, use default value: [0;0m0
[perfect_drone_full_node-2] [0;33m Load param fsm/trajectory_guard/frontend_risk/enforce_en failed, use default value: [0;0m0
[perfect_drone_full_node-2] [0;33m Load param fsm/trajectory_guard/frontend_risk/topic failed, use default value: [0;0m/planning/trajectory_risk_verdict
[perfect_drone_full_node-2] [0;33m Load param fsm/trajectory_guard/frontend_risk/result_max_age_s failed, use default value: [0;0m0.2
[perfect_drone_full_node-2] [0;33m Load param fsm/trajectory_guard/frontend_risk/source_max_age_s failed, use default value: [0;0m0.75
[perfect_drone_full_node-2] [0;33m Load param fsm/trajectory_guard/frontend_risk/current_body_enforce_en failed, use default value: [0;0m0
[perfect_drone_full_node-2] [0;33m Load param fsm/trajectory_guard/frontend_risk/current_body_result_max_age_s failed, use default value: [0;0m0.15
[perfect_drone_full_node-2] [0;33m Load param fsm/trajectory_guard/frontend_risk/current_body_source_max_age_s failed, use default value: [0;0m0.2
[perfect_drone_full_node-2] [0;32m Load param super_planner/yaw_dot_max success: [0;0m3
[perfect_drone_full_node-2] [0;32m Load param super_planner/visualization_en success: [0;0m0
[perfect_drone_full_node-2] [0;32m Load param rog_map/resolution success: [0;0m0.05
[perfect_drone_full_node-2] Load config file: /root/super_ws/install/super_planner/share/super_planner/config/static_seedmaps_guard_viability_tight_v7.yaml
[perfect_drone_full_node-2] [0;32m Load param rog_map/esdf/resolution success: [0;0m0.1
[perfect_drone_full_node-2] [0;32m Load param rog_map/esdf/enable success: [0;0m0
[perfect_drone_full_node-2] [0;32m Load param rog_map/esdf/local_update_box success: [0;0m[5 5 3 ]
[perfect_drone_full_node-2] [0;32m Load param rog_map/load_pcd_en success: [0;0m0
[perfect_drone_full_node-2] [0;32m Load param rog_map/map_sliding/enable success: [0;0m0
[perfect_drone_full_node-2] [0;32m Load param rog_map/map_sliding/threshold success: [0;0m3
[perfect_drone_full_node-2] [0;32m Load param rog_map/fix_map_origin success: [0;0m[0 0 1.5 ]
[perfect_drone_full_node-2] [0;32m Load param rog_map/frontier_extraction_en success: [0;0m0
[perfect_drone_full_node-2] [0;32m Load param rog_map/ros_callback/enable success: [0;0m1
[perfect_drone_full_node-2] [0;32m Load param rog_map/ros_callback/cloud_topic success: [0;0m/cloud_registered
[perfect_drone_full_node-2] [0;33m Load param rog_map/ros_callback/cloud_reliable failed, use default value: [0;0m0
[perfect_drone_full_node-2] [0;32m Load param rog_map/ros_callback/odom_topic success: [0;0m/lidar_slam/odom
[perfect_drone_full_node-2] [0;32m Load param rog_map/ros_callback/odom_timeout success: [0;0m2
[perfect_drone_full_node-2] [0;32m Load param rog_map/visualization/enable success: [0;0m0
[perfect_drone_full_node-2] [0;32m Load param rog_map/visualization/use_dynamic_reconfigure success: [0;0m0
[perfect_drone_full_node-2] [0;32m Load param rog_map/visualization/pub_unknown_map_en success: [0;0m0
[perfect_drone_full_node-2] [0;32m Load param rog_map/visualization/frame_id success: [0;0mworld
[perfect_drone_full_node-2] [0;32m Load param rog_map/visualization/time_rate success: [0;0m2
[perfect_drone_full_node-2] [0;32m Load param rog_map/visualization/frame_rate success: [0;0m0
[perfect_drone_full_node-2] [0;32m Load param rog_map/visualization/range success: [0;0m[15 15 4 ]
[perfect_drone_full_node-2] [0;32m Load param rog_map/resolution success: [0;0m0.05
[perfect_drone_full_node-2] [0;32m Load param rog_map/inflation_resolution success: [0;0m0.1
[perfect_drone_full_node-2] [0;32m Load param rog_map/unk_inflation_en success: [0;0m0
[perfect_drone_full_node-2] [0;32m Load param rog_map/unk_inflation_step success: [0;0m1
[perfect_drone_full_node-2] [0;32m Load param rog_map/inflation_step success: [0;0m3
[perfect_drone_full_node-2] [0;32m Load param rog_map/intensity_thresh success: [0;0m-10
[perfect_drone_full_node-2] [0;32m Load param rog_map/map_size success: [0;0m[70 70 6 ]
[perfect_drone_full_node-2] [0;32m Load param rog_map/point_filt_num success: [0;0m1
[perfect_drone_full_node-2] [0;32m Load param rog_map/raycasting/enable success: [0;0m0
[perfect_drone_full_node-2] [0;32m Load param rog_map/raycasting/batch_update_size success: [0;0m1
[perfect_drone_full_node-2] [0;32m Load param rog_map/raycasting/unk_thresh success: [0;0m1
[perfect_drone_full_node-2] [0;32m Load param rog_map/raycasting/p_hit success: [0;0m0.9
[perfect_drone_full_node-2] [0;32m Load param rog_map/raycasting/p_miss success: [0;0m0.49
[perfect_drone_full_node-2] [0;32m Load param rog_map/raycasting/p_min success: [0;0m0.12
[perfect_drone_full_node-2] [0;32m Load param rog_map/raycasting/p_max success: [0;0m0.98
[perfect_drone_full_node-2] [0;32m Load param rog_map/raycasting/p_occ success: [0;0m0.85
[perfect_drone_full_node-2] [0;32m Load param rog_map/raycasting/p_free success: [0;0m0.499
[perfect_drone_full_node-2] [0;32m Load param rog_map/raycasting/p_free success: [0;0m0.499
[perfect_drone_full_node-2] [0;32m Load param rog_map/raycasting/ray_range success: [0;0m[0.5 100 ]
[perfect_drone_full_node-2] [0;33m Load param rog_map/raycasting/observed_mark_range_max failed, use default value: [0;0m10
[perfect_drone_full_node-2] [0;32m Load param rog_map/raycasting/local_update_box success: [0;0m[100 100 5 ]
[perfect_drone_full_node-2] [0;32m Load param rog_map/virtual_ground_height success: [0;0m-0.1
[perfect_drone_full_node-2] [0;32m Load param rog_map/virtual_ceil_height success: [0;0m3.5
[perfect_drone_full_node-2] [32m -- [RM-Config] inflation_resolution: 0.1[0m
[perfect_drone_full_node-2]  -- [ROG-Map] Init, resetMapSize: ORIGIN_AT_CORNER.
[perfect_drone_full_node-2]  -- [ROG-Map] Init, resetMapSize: virtual_ceil_height: 3.1500000000000004, virtual_ground_height: 0.25.
[perfect_drone_full_node-2] [34m	[ROG] n_free: 1[0m
[perfect_drone_full_node-2] [34m	[ROG] n_occ: 1[0m
[perfect_drone_full_node-2] [34m	[ROG] l_hit: 2.19722[0m
[perfect_drone_full_node-2] [34m	[ROG] l_miss: -0.0400053[0m
[perfect_drone_full_node-2] [34m	[ROG] l_min: -1.99243[0m
[perfect_drone_full_node-2] [34m	[ROG] l_max: 3.89182[0m
[perfect_drone_full_node-2] [34m	[ROG] l_occ: 1.7346[0m
[perfect_drone_full_node-2] [34m	[ROG] l_free: -0.00399995[0m
[perfect_drone_full_node-2] [33m -- [Inf-Map] Clear all local map.[0m
[perfect_drone_full_node-2] [32m -- [CounterMap] Init successfully -- .[0m
[perfect_drone_full_node-2] [32m	resolution: 0.1[0m
[perfect_drone_full_node-2] [32m	map_sliding_en: 0[0m
[perfect_drone_full_node-2] [32m	local_map_size_i: 709 709  69[0m
[perfect_drone_full_node-2] [32m	local_map_size_d: 70.9 70.9  6.9[0m
[perfect_drone_full_node-2] [33m -- [Inf-Map] Clear all local map.[0m
[perfect_drone_full_node-2] [32m -- [InfMap] Init successfully -- .[0m
[perfect_drone_full_node-2] [32m	resolution: 0.1[0m
[perfect_drone_full_node-2] [32m	map_sliding_en: 0[0m
[perfect_drone_full_node-2] [32m	local_map_size_i: 709 709  69[0m
[perfect_drone_full_node-2] [32m	local_map_size_d: 70.9 70.9  6.9[0m
[perfect_drone_full_node-2] [ProbMap] virtual_ceil_height: 3.15
[perfect_drone_full_node-2] [ProbMap] virtual_ground_height: 0.25
[perfect_drone_full_node-2] [33m -- [ProbMap] Map sliding disabled, set origin to [  0   0 1.5] -- [0m
[perfect_drone_full_node-2] [33m -- [Prob-Map] Clear all local map.[0m
[perfect_drone_full_node-2] [32m -- [ProbMap] Init successfully -- .[0m
[perfect_drone_full_node-2] [32m	resolution: 0.05[0m
[perfect_drone_full_node-2] [32m	map_sliding_en: 0[0m
[perfect_drone_full_node-2] [32m	local_map_size_i: 1401 1401  121[0m
[perfect_drone_full_node-2] [32m	local_map_size_d: 70.05 70.05  6.05[0m
[perfect_drone_full_node-2] [38;2;000;128;000m -- [ROGMap] Immutable planner snapshot enabled (fixed occupancy-only map).
[perfect_drone_full_node-2] [0mLoad config file: /root/super_ws/install/super_planner/share/super_planner/config/static_seedmaps_guard_viability_tight_v7.yaml
[perfect_drone_full_node-2] Load config file: /root/super_ws/install/super_planner/share/super_planner/config/static_seedmaps_guard_viability_tight_v7.yaml
[perfect_drone_full_node-2] [0;32m Load param traj_opt/switch/print_optimizer_log success: [0;0m0
[perfect_drone_full_node-2] [0;32m Load param traj_opt/flatness/mass success: [0;0m1.64
[perfect_drone_full_node-2] [0;32m Load param traj_opt/flatness/dh success: [0;0m0.35
[perfect_drone_full_node-2] [0;32m Load param traj_opt/flatness/dv success: [0;0m0.35
[perfect_drone_full_node-2] [0;32m Load param traj_opt/flatness/grav success: [0;0m9.81
[perfect_drone_full_node-2] [0;32m Load param traj_opt/flatness/cp success: [0;0m0.001
[perfect_drone_full_node-2] [0;32m Load param traj_opt/flatness/v_eps success: [0;0m0.0001
[perfect_drone_full_node-2] [0;32m Load param traj_opt/switch/save_log_en success: [0;0m0
[perfect_drone_full_node-2] [0;32m Load param traj_opt/exp_traj/pos_constraint_type success: [0;0m1
[perfect_drone_full_node-2] [0;33m Load param traj_opt/exp_traj/piece_num failed, use default value: [0;0m1
[perfect_drone_full_node-2] [0;33m Load param traj_opt/exp_traj/uniform_time_en failed, use default value: [0;0m0
[perfect_drone_full_node-2] [0;32m Load param traj_opt/exp_traj/block_energy_cost success: [0;0m0
[perfect_drone_full_node-2] [0;32m Load param traj_opt/exp_traj/opt_accuracy success: [0;0m5e-06
[perfect_drone_full_node-2] [0;33m Load param traj_opt/exp_traj/max_iterations failed, use default value: [0;0m2048
[perfect_drone_full_node-2] [0;32m Load param traj_opt/exp_traj/integral_reso success: [0;0m15
[perfect_drone_full_node-2] [0;32m Load param traj_opt/exp_traj/smooth_eps success: [0;0m0.01
[perfect_drone_full_node-2] [0;32m Load param traj_opt/boundary/max_vel success: [0;0m7
[perfect_drone_full_node-2] [0;32m Load param traj_opt/boundary/max_acc success: [0;0m20
[perfect_drone_full_node-2] [0;32m Load param traj_opt/boundary/max_jerk success: [0;0m120
[perfect_drone_full_node-2] [0;32m Load param traj_opt/boundary/max_omg success: [0;0m2.5
[perfect_drone_full_node-2] [0;32m Load param traj_opt/boundary/max_acc_thr success: [0;0m17
[perfect_drone_full_node-2] [0;32m Load param traj_opt/boundary/min_acc_thr success: [0;0m6
[perfect_drone_full_node-2] [0;32m Load param traj_opt/boundary/penna_margin success: [0;0m0.05
[perfect_drone_full_node-2] [0;33m Load param traj_opt/exp_traj/penna_scale failed, use default value: [0;0m-1
[perfect_drone_full_node-2] [0;32m Load param traj_opt/exp_traj/penna_t success: [0;0m1e+07
[perfect_drone_full_node-2] [0;33m Load param traj_opt/exp_traj/penna_ts failed, use default value: [0;0m-1
[perfect_drone_full_node-2] [0;32m Load param traj_opt/exp_traj/penna_pos success: [0;0m5e+09
[perfect_drone_full_node-2] [0;32m Load param traj_opt/exp_traj/penna_clr success: [0;0m1e+06
[perfect_drone_full_node-2] [0;32m Load param traj_opt/exp_traj/clearance_margin success: [0;0m0.1
[perfect_drone_full_node-2] [0;32m Load param traj_opt/exp_traj/clearance_speed_gate success: [0;0m1.5
[perfect_drone_full_node-2] [0;32m Load param traj_opt/exp_traj/clearance_speed_transition success: [0;0m0.5
[perfect_drone_full_node-2] [0;33m Load param traj_opt/exp_traj/penna_passage_center failed, use default value: [0;0m-1
[perfect_drone_full_node-2] [0;33m Load param traj_opt/exp_traj/passage_center_max_width failed, use default value: [0;0m0
[perfect_drone_full_node-2] [0;33m Load param traj_opt/exp_traj/passage_center_min_opposition_cos failed, use default value: [0;0m0.9
[perfect_drone_full_node-2] [0;33m Load param traj_opt/exp_traj/passage_center_min_horizontal_normal failed, use default value: [0;0m0.8
[perfect_drone_full_node-2] [0;33m Load param traj_opt/exp_traj/passage_center_deadband failed, use default value: [0;0m0.15
[perfect_drone_full_node-2] [0;33m Load param traj_opt/exp_traj/passage_center_log_en failed, use default value: [0;0m0
[perfect_drone_full_node-2] [0;32m Load param traj_opt/exp_traj/penna_vel success: [0;0m5e+08
[perfect_drone_full_node-2] [0;32m Load param traj_opt/exp_traj/penna_acc success: [0;0m5e+08
[perfect_drone_full_node-2] [0;32m Load param traj_opt/exp_traj/penna_jerk success: [0;0m-5e+08
[perfect_drone_full_node-2] [0;32m Load param traj_opt/exp_traj/penna_attract success: [0;0m5e+08
[perfect_drone_full_node-2] [0;32m Load param traj_opt/exp_traj/penna_omg success: [0;0m-1
[perfect_drone_full_node-2] [0;32m Load param traj_opt/exp_traj/penna_thr success: [0;0m-1
[perfect_drone_full_node-2] Load config file: /root/super_ws/install/super_planner/share/super_planner/config/static_seedmaps_guard_viability_tight_v7.yaml
[perfect_drone_full_node-2] [0;32m Load param traj_opt/switch/print_optimizer_log success: [0;0m0
[perfect_drone_full_node-2] [0;32m Load param traj_opt/flatness/mass success: [0;0m1.64
[perfect_drone_full_node-2] [0;32m Load param traj_opt/flatness/dh success: [0;0m0.35
[perfect_drone_full_node-2] [0;32m Load param traj_opt/flatness/dv success: [0;0m0.35
[perfect_drone_full_node-2] [0;32m Load param traj_opt/flatness/grav success: [0;0m9.81
[perfect_drone_full_node-2] [0;32m Load param traj_opt/flatness/cp success: [0;0m0.001
[perfect_drone_full_node-2] [0;32m Load param traj_opt/flatness/v_eps success: [0;0m0.0001
[perfect_drone_full_node-2] [0;32m Load param traj_opt/switch/save_log_en success: [0;0m0
[perfect_drone_full_node-2] [0;32m Load param traj_opt/backup_traj/pos_constraint_type success: [0;0m2
[perfect_drone_full_node-2] [0;32m Load param traj_opt/backup_traj/piece_num success: [0;0m2
[perfect_drone_full_node-2] [0;32m Load param traj_opt/backup_traj/uniform_time_en success: [0;0m1
[perfect_drone_full_node-2] [0;32m Load param traj_opt/backup_traj/block_energy_cost success: [0;0m1
[perfect_drone_full_node-2] [0;32m Load param traj_opt/backup_traj/opt_accuracy success: [0;0m1e-05
[perfect_drone_full_node-2] [0;33m Load param traj_opt/backup_traj/max_iterations failed, use default value: [0;0m2048
[perfect_drone_full_node-2] [0;32m Load param traj_opt/backup_traj/integral_reso success: [0;0m12
[perfect_drone_full_node-2] [0;32m Load param traj_opt/backup_traj/smooth_eps success: [0;0m0.01
[perfect_drone_full_node-2] [0;32m Load param traj_opt/boundary/max_vel success: [0;0m7
[perfect_drone_full_node-2] [0;32m Load param traj_opt/boundary/max_acc success: [0;0m20
[perfect_drone_full_node-2] [0;32m Load param traj_opt/boundary/max_jerk success: [0;0m120
[perfect_drone_full_node-2] [0;32m Load param traj_opt/boundary/max_omg success: [0;0m2.5
[perfect_drone_full_node-2] [0;32m Load param traj_opt/boundary/max_acc_thr success: [0;0m17
[perfect_drone_full_node-2] [0;32m Load param traj_opt/boundary/min_acc_thr success: [0;0m6
[perfect_drone_full_node-2] [0;32m Load param traj_opt/boundary/penna_margin success: [0;0m0.05
[perfect_drone_full_node-2] [0;33m Load param traj_opt/backup_traj/penna_scale failed, use default value: [0;0m-1
[perfect_drone_full_node-2] [0;32m Load param traj_opt/backup_traj/penna_t success: [0;0m100
[perfect_drone_full_node-2] [0;32m Load param traj_opt/backup_traj/penna_ts success: [0;0m1e+07
[perfect_drone_full_node-2] [0;32m Load param traj_opt/backup_traj/penna_pos success: [0;0m1e+10
[perfect_drone_full_node-2] [0;32m Load param traj_opt/backup_traj/penna_clr success: [0;0m1e+06
[perfect_drone_full_node-2] [0;32m Load param traj_opt/backup_traj/clearance_margin success: [0;0m0.1
[perfect_drone_full_node-2] [0;32m Load param traj_opt/backup_traj/clearance_speed_gate success: [0;0m1.5
[perfect_drone_full_node-2] [0;32m Load param traj_opt/backup_traj/clearance_speed_transition success: [0;0m0.5
[perfect_drone_full_node-2] [0;33m Load param traj_opt/backup_traj/penna_passage_center failed, use default value: [0;0m-1
[perfect_drone_full_node-2] [0;33m Load param traj_opt/backup_traj/passage_center_max_width failed, use default value: [0;0m0
[perfect_drone_full_node-2] [0;33m Load param traj_opt/backup_traj/passage_center_min_opposition_cos failed, use default value: [0;0m0.9
[perfect_drone_full_node-2] [0;33m Load param traj_opt/backup_traj/passage_center_min_horizontal_normal failed, use default value: [0;0m0.8
[perfect_drone_full_node-2] [0;33m Load param traj_opt/backup_traj/passage_center_deadband failed, use default value: [0;0m0.15
[perfect_drone_full_node-2] [0;33m Load param traj_opt/backup_traj/passage_center_log_en failed, use default value: [0;0m0
[perfect_drone_full_node-2] [0;32m Load param traj_opt/backup_traj/penna_vel success: [0;0m1e+08
[perfect_drone_full_node-2] [0;32m Load param traj_opt/backup_traj/penna_acc success: [0;0m1e+08
[perfect_drone_full_node-2] [0;32m Load param traj_opt/backup_traj/penna_jerk success: [0;0m-1e+06
[perfect_drone_full_node-2] [0;33m Load param traj_opt/backup_traj/penna_attract failed, use default value: [0;0m-1
[perfect_drone_full_node-2] [0;32m Load param traj_opt/backup_traj/penna_omg success: [0;0m-1
[perfect_drone_full_node-2] [0;32m Load param traj_opt/backup_traj/penna_thr success: [0;0m-1
[perfect_drone_full_node-2] [0;32m Load param super_planner/print_log success: [0;0m0
[perfect_drone_full_node-2] [0;32m Load param super_planner/detailed_log_en success: [0;0m0
[perfect_drone_full_node-2] [0;32m Load param super_planner/visualization_en success: [0;0m0
[perfect_drone_full_node-2] [0;32m Load param super_planner/backup_traj_en success: [0;0m1
[perfect_drone_full_node-2] [0;32m Load param super_planner/goal_vel_en success: [0;0m0
[perfect_drone_full_node-2] [0;32m Load param super_planner/goal_yaw_en success: [0;0m0
[perfect_drone_full_node-2] [0;32m Load param super_planner/visual_process success: [0;0m0
[perfect_drone_full_node-2] [0;32m Load param super_planner/use_fov_cut success: [0;0m0
[perfect_drone_full_node-2] [0;33m Load param super_planner/fov_horizontal_angle failed, use default value: [0;0m-1
[perfect_drone_full_node-2] [0;33m Load param super_planner/fov_center_heading failed, use default value: [0;0m0
[perfect_drone_full_node-2] [0;32m Load param super_planner/frontend_in_known_free success: [0;0m0
[perfect_drone_full_node-2] [0;32m Load param fsm/trajectory_guard/enable success: [0;0m1
[perfect_drone_full_node-2] [0;32m Load param fsm/trajectory_guard/shadow success: [0;0m0
[perfect_drone_full_node-2] [0;32m Load param fsm/trajectory_guard/validation_sample_dt_s success: [0;0m0.005
[perfect_drone_full_node-2] [0;32m Load param fsm/trajectory_guard/shadow_min_interval_s success: [0;0m0
[perfect_drone_full_node-2] [0;32m Load param fsm/trajectory_guard/additional_clearance_m success: [0;0m0
[perfect_drone_full_node-2] [0;32m Load param fsm/trajectory_guard/escape_max_duration_s success: [0;0m1
[perfect_drone_full_node-2] [0;32m Load param fsm/trajectory_guard/unknown_as_occupied success: [0;0m1
[perfect_drone_full_node-2] [0;32m Load param fsm/trajectory_guard/escape_entry_grace_s success: [0;0m0
[perfect_drone_full_node-2] [0;32m Load param fsm/trajectory_guard/initial_footprint_egress_enable success: [0;0m1
[perfect_drone_full_node-2] [0;32m Load param super_planner/safe_corridor_line_max_length success: [0;0m6
[perfect_drone_full_node-2] [0;32m Load param super_planner/sensing_horizon success: [0;0m-1
[perfect_drone_full_node-2] [0;32m Load param super_planner/obs_skip_num success: [0;0m2
[perfect_drone_full_node-2] [0;32m Load param super_planner/replan_forward_dt success: [0;0m0.1
[perfect_drone_full_node-2] [0;32m Load param super_planner/corridor_bound_dis success: [0;0m0.8
[perfect_drone_full_node-2] [0;32m Load param super_planner/corridor_line_max_length success: [0;0m1
[perfect_drone_full_node-2] [0;32m Load param super_planner/planning_horizon success: [0;0m7
[perfect_drone_full_node-2] [0;32m Load param super_planner/receding_dis success: [0;0m1
[perfect_drone_full_node-2] [0;32m Load param super_planner/robot_r success: [0;0m0.2
[perfect_drone_full_node-2] [0;32m Load param super_planner/corridor_use_inflated_obstacles success: [0;0m0
[perfect_drone_full_node-2] [0;32m Load param super_planner/corridor_use_inflated_seed_lines success: [0;0m0
[perfect_drone_full_node-2] [0;32m Load param super_planner/corridor_guard_retry_inflated success: [0;0m1
[perfect_drone_full_node-2] [0;32m Load param super_planner/guard_corridor_retry_alternate_every success: [0;0m4
[perfect_drone_full_node-2] [0;32m Load param super_planner/guard_topology_reroute/enable success: [0;0m1
[perfect_drone_full_node-2] [0;32m Load param super_planner/guard_topology_reroute/radius_m success: [0;0m0.8
[perfect_drone_full_node-2] [0;32m Load param super_planner/guard_topology_reroute/growth_m success: [0;0m0
[perfect_drone_full_node-2] [0;32m Load param super_planner/guard_topology_reroute/max_radius_m success: [0;0m0.8
[perfect_drone_full_node-2] [0;32m Load param super_planner/guard_topology_reroute/max_zones success: [0;0m6
[perfect_drone_full_node-2] [0;32m Load param super_planner/guard_topology_reroute/max_stop_speed_mps success: [0;0m0.2
[perfect_drone_full_node-2] [0;32m Load param super_planner/guard_topology_reroute/escalate_every_rejects success: [0;0m3
[perfect_drone_full_node-2] [0;32m Load param super_planner/guard_topology_reroute/collision_merge_m success: [0;0m0.5
[perfect_drone_full_node-2] [0;32m Load param super_planner/guard_topology_reroute/start_clearance_m success: [0;0m0.3
[perfect_drone_full_node-2] [0;32m Load param super_planner/guard_topology_reroute/block_spacing_m success: [0;0m1
[perfect_drone_full_node-2] [0;32m Load param super_planner/guard_topology_reroute/direction_merge_angle_deg success: [0;0m30
[perfect_drone_full_node-2] [0;32m Load param super_planner/guard_topology_reroute/no_path_reset_attempts success: [0;0m3
[perfect_drone_full_node-2] [0;32m Load param super_planner/guard_topology_reroute/vertical_recovery_enable success: [0;0m1
[perfect_drone_full_node-2] [0;32m Load param super_planner/guard_topology_reroute/vertical_recovery_lift_m success: [0;0m0.6
[perfect_drone_full_node-2] [0;32m Load param super_planner/guard_topology_reroute/vertical_recovery_trigger_distance_m success: [0;0m0.75
[perfect_drone_full_node-2] [0;32m Load param super_planner/guard_topology_reroute/local_escape_enable success: [0;0m1
[perfect_drone_full_node-2] [0;32m Load param super_planner/guard_topology_reroute/local_escape_distance_m success: [0;0m0.6
[perfect_drone_full_node-2] [0;32m Load param super_planner/guard_topology_reroute/local_escape_attempts success: [0;0m4
[perfect_drone_full_node-2] [0;32m Load param super_planner/guard_topology_reroute/episode_progress_reset_m success: [0;0m2
[perfect_drone_full_node-2] [0;32m Load param super_planner/guard_topology_reroute/saturation_vertical_attempts success: [0;0m1
[perfect_drone_full_node-2] [0;32m Load param super_planner/guard_topology_reroute/base_no_path_vertical_attempts success: [0;0m1
[perfect_drone_full_node-2] [0;32m Load param super_planner/guard_direct_goal_fallback/enable success: [0;0m1
[perfect_drone_full_node-2] [0;32m Load param super_planner/guard_direct_goal_fallback/max_distance_m success: [0;0m3
[perfect_drone_full_node-2] [0;32m Load param super_planner/guard_direct_goal_fallback/min_duration_s success: [0;0m1
[perfect_drone_full_node-2] [0;32m Load param super_planner/guard_viability/enable success: [0;0m1
[perfect_drone_full_node-2] [0;32m Load param super_planner/guard_viability/horizon_s success: [0;0m2
[perfect_drone_full_node-2] [0;32m Load param super_planner/guard_viability/sample_dt_s success: [0;0m0.3
[perfect_drone_full_node-2] [0;32m Load param super_planner/guard_viability/brake_max_acc_mps2 success: [0;0m20
[perfect_drone_full_node-2] [0;32m Load param super_planner/guard_viability/brake_max_jerk_mps3 success: [0;0m120
[perfect_drone_full_node-2] [0;32m Load param super_planner/guard_viability/brake_min_duration_s success: [0;0m0.4
[perfect_drone_full_node-2] [0;32m Load param super_planner/guard_viability/brake_max_duration_s success: [0;0m3
[perfect_drone_full_node-2] [0;32m Load param super_planner/guard_viability/brake_attempts success: [0;0m12
[perfect_drone_full_node-2] [0;32m Load param super_planner/guard_viability/speed_scale_step success: [0;0m1.25
[perfect_drone_full_node-2] [0;32m Load param super_planner/guard_viability/speed_scale_max success: [0;0m3
[perfect_drone_full_node-2] [0;32m Load param super_planner/guard_viability/max_retries success: [0;0m4
[perfect_drone_full_node-2] [0;32m Load param super_planner/corridor_min_margin success: [0;0m0.2
[perfect_drone_full_node-2] [0;32m Load param super_planner/corridor_pref_margin success: [0;0m0.3
[perfect_drone_full_node-2] [0;32m Load param super_planner/iris_iter_num success: [0;0m2
[perfect_drone_full_node-2] [0;32m Load param super_planner/yaw_mode success: [0;0m1
[perfect_drone_full_node-2] [0;32m Load param super_planner/mpc_horizon success: [0;0m15
[perfect_drone_full_node-2] [0;32m Load param super_planner/yaw_dot_max success: [0;0m3
[perfect_drone_full_node-2] [0;32m Load param rog_map/resolution success: [0;0m0.05
[perfect_drone_full_node-2] [INFO] [1789024243.764157518] [fsm_node]:  -- [TRAJ_GUARD] mode=enforce sample_dt=0.0050s shadow_min_interval=0.000s inflation_radius=0.300m robot_r=0.200m additional_clearance=0.000m hard_clearance=0.300m clearance_offsets=0
[perfect_drone_full_node-2] [38;2;050;205;050m -- [Viz] Set resolution_ to 0.05
[perfect_drone_full_node-2] [0m[38;2;050;205;050m -- [Viz] Set visualization_en_ to false
[perfect_drone_full_node-2] [0mLoad config file: /root/super_ws/install/super_planner/share/super_planner/config/static_seedmaps_guard_viability_tight_v7.yaml
[perfect_drone_full_node-2] [0;32m Load param astar/map_voxel_num success: [0;0m[500 500 100 ]
[perfect_drone_full_node-2] [0;32m Load param astar/allow_diag success: [0;0m1
[perfect_drone_full_node-2] [0;32m Load param astar/debug_visualization_en success: [0;0m0
[perfect_drone_full_node-2] [0;32m Load param astar/heu_type success: [0;0m2
[perfect_drone_full_node-2] [0;32m Load param astar/visual_process success: [0;0m0
[perfect_drone_full_node-2] [32m -- [RM] Init Astar-map.[0m
[perfect_drone_full_node-2] [34m	map index size: 250 250  50[0m
[perfect_drone_full_node-2] [34m	map vox_num: 501 501 101[0m
[perfect_drone_full_node-2] [33m -- [Fsm] CLICKGOAL ENABLE.[0m
[perfect_drone_full_node-2] [WARN] [1789024245.325339844] [perfect_tracking]:  -- [MissionPlanner] Load config by file name: /root/super_ws/src/SUPER/mars_uav_sim/perfect_drone_sim/config/shc2_wide_offset_hazard.yaml
[perfect_drone_full_node-2] Load config file: /root/super_ws/src/SUPER/mars_uav_sim/perfect_drone_sim/config/shc2_wide_offset_hazard.yaml
[perfect_drone_full_node-2] [0;32m Load param mesh_resource success: [0;0mpackage://perfect_drone_sim/meshes/yunque-M.dae
[perfect_drone_full_node-2] [0;32m Load param init_position/x success: [0;0m24.5
[perfect_drone_full_node-2] [0;32m Load param init_position/y success: [0;0m0
[perfect_drone_full_node-2] [0;32m Load param init_position/z success: [0;0m1.5
[perfect_drone_full_node-2] [0;32m Load param init_yaw success: [0;0m3.14159
[perfect_drone_full_node-2] [0;32m Load param sensing_rate success: [0;0m10
[perfect_drone_full_node-2] Load config file: /root/super_ws/src/SUPER/mars_uav_sim/perfect_drone_sim/config/shc2_wide_offset_hazard.yaml
[perfect_drone_full_node-2] [0;33m Load param side_entry_v1/enabled failed, use default value: [0;0m0
[perfect_drone_full_node-2] [0;33m Load param side_entry_v2/enabled failed, use default value: [0;0m0
[perfect_drone_full_node-2] [0;33m Load param side_entry_v3/enabled failed, use default value: [0;0m0
[perfect_drone_full_node-2] [0;33m Load param side_entry_v4/enabled failed, use default value: [0;0m0
[perfect_drone_full_node-2] [0;33m Load param side_entry_v5/enabled failed, use default value: [0;0m0
[perfect_drone_full_node-2] [0;33m Load param side_entry_v6/enabled failed, use default value: [0;0m0
[perfect_drone_full_node-2] [0;33m Load param side_entry_v7/enabled failed, use default value: [0;0m0
[perfect_drone_full_node-2] [0;33m Load param side_entry_v0/speed_min_mps failed, use default value: [0;0m2
[perfect_drone_full_node-2] [0;33m Load param side_entry_v0/yaw_velocity_mismatch_min_deg failed, use default value: [0;0m50
[perfect_drone_full_node-2] [0;33m Load param side_entry_v0/require_yaw_velocity_mismatch failed, use default value: [0;0m1
[perfect_drone_full_node-2] [0;33m Load param side_entry_v0/hold_s failed, use default value: [0;0m0.02
[perfect_drone_full_node-2] [0;33m Load param side_entry_v0/qualifying_samples failed, use default value: [0;0m0
[perfect_drone_full_node-2] [0;33m Load param side_entry_v0/prediction_s failed, use default value: [0;0m0.8
[perfect_drone_full_node-2] [0;33m Load param side_entry_v0/require_velocity_inside failed, use default value: [0;0m1
[perfect_drone_full_node-2] [0;33m Load param side_entry_v0/fixed_center_enabled failed, use default value: [0;0m0
[perfect_drone_full_node-2] [0;33m Load param side_entry_v0/fixed_center_x failed, use default value: [0;0m22.5
[perfect_drone_full_node-2] [0;33m Load param side_entry_v0/fixed_center_y failed, use default value: [0;0m23
[perfect_drone_full_node-2] [0;33m Load param side_entry_v0/trigger_distance_min_m failed, use default value: [0;0m0.8
[perfect_drone_full_node-2] [0;33m Load param side_entry_v0/trigger_distance_max_m failed, use default value: [0;0m3.5
[perfect_drone_full_node-2] [0;33m Load param side_entry_v0/trigger_waypoint_x failed, use default value: [0;0m24
[perfect_drone_full_node-2] [0;33m Load param side_entry_v0/trigger_waypoint_y failed, use default value: [0;0m24
[perfect_drone_full_node-2] [0;33m Load param side_entry_v0/trigger_waypoint_radius_m failed, use default value: [0;0m2
[perfect_drone_full_node-2] [0;33m Load param side_entry_v0/trap_waypoint_radius_m failed, use default value: [0;0m2
[perfect_drone_full_node-2] [0;33m Load param side_entry_v0/sector_half_angle_deg failed, use default value: [0;0m45
[perfect_drone_full_node-2] [0;33m Load param side_entry_v0/angular_margin_deg failed, use default value: [0;0m2
[perfect_drone_full_node-2] [0;33m Load param side_entry_v0/max_nudge_deg failed, use default value: [0;0m20
[perfect_drone_full_node-2] [0;33m Load param side_entry_v0/radius_m failed, use default value: [0;0m0.25
[perfect_drone_full_node-2] [0;33m Load param side_entry_v0/height_m failed, use default value: [0;0m3
[perfect_drone_full_node-2] [0;33m Load param side_entry_v0/point_spacing_m failed, use default value: [0;0m0.05
[perfect_drone_full_node-2] [0;33m Load param side_entry_v0/z_spacing_m failed, use default value: [0;0m0.1
[perfect_drone_full_node-2] [0;33m Load param side_entry_v0/sensing_horizon_m failed, use default value: [0;0m15
[perfect_drone_full_node-2] [0;33m Load param side_entry_v0/intensity failed, use default value: [0;0m14545
[perfect_drone_full_node-2] Load config file: /root/super_ws/src/SUPER/mars_uav_sim/perfect_drone_sim/config/shc2_wide_offset_hazard.yaml
[perfect_drone_full_node-2] [0;32m Load param sensor_burst_dropout/enabled success: [0;0m1
[perfect_drone_full_node-2] [0;32m Load param sensor_burst_dropout/warmup_s success: [0;0m1
[perfect_drone_full_node-2] [0;32m Load param sensor_burst_dropout/period_s success: [0;0m2
[perfect_drone_full_node-2] [0;32m Load param sensor_burst_dropout/duration_s success: [0;0m0.5
[perfect_drone_full_node-2] [0;32m Load param sensor_burst_dropout/phase_s success: [0;0m0
[perfect_drone_full_node-2] Load config file: /root/super_ws/src/SUPER/mars_uav_sim/perfect_drone_sim/config/shc2_wide_offset_hazard.yaml
[perfect_drone_full_node-2] [0;32m Load param sensing_blind success: [0;0m0.1
[perfect_drone_full_node-2] [0;32m Load param sensing_horizon success: [0;0m15
[perfect_drone_full_node-2] [0;32m Load param sensing_rate success: [0;0m10
[perfect_drone_full_node-2] [0;32m Load param lidar_type success: [0;0m2
[perfect_drone_full_node-2] [0;32m Load param pcd_name success: [0;0mseed_maps/shc2_wide_offset_hazard.pcd
[perfect_drone_full_node-2] [0;32m Load param is_360lidar success: [0;0m1
[perfect_drone_full_node-2] [0;32m Load param polar_resolution success: [0;0m0.4
[perfect_drone_full_node-2] [0;33m Load param fx failed, use default value: [0;0m250
[perfect_drone_full_node-2] [0;33m Load param fy failed, use default value: [0;0m250
[perfect_drone_full_node-2] [0;33m Load param line_number failed, use default value: [0;0m64
[perfect_drone_full_node-2] [0;32m Load param downsample_res success: [0;0m0.1
[perfect_drone_full_node-2] [0;33m Load param yaw_fov failed, use default value: [0;0m360
[perfect_drone_full_node-2] [0;32m Load param vertical_fov success: [0;0m178
[perfect_drone_full_node-2] [0;32m Load param depth_image_en success: [0;0m0
[perfect_drone_full_node-2] [0;33m Load param inf_point_en failed, use default value: [0;0m0
[perfect_drone_full_node-2] [0;32m Load param print_time_consumption success: [0;0m0
[perfect_drone_full_node-2] GLAD init success
[perfect_drone_full_node-2] Load shader frome: /root/super_ws/src/SUPER/mars_uav_sim/marsim_render/config/pattern/360camera.vs
[perfect_drone_full_node-2] Now initing the point cloud data: 
[perfect_drone_full_node-2] Number of points = 11.4808X 10000
[perfect_drone_full_node-2] Load data finish 
[perfect_drone_full_node-2] ========== OpenGL Info ==========
[perfect_drone_full_node-2] Vendor: NVIDIA Corporation
[perfect_drone_full_node-2] Renderer: NVIDIA GeForce RTX 3050 Ti Laptop GPU/PCIe/SSE2
[perfect_drone_full_node-2] OpenGL Version: 3.3.0 NVIDIA 550.144.03
[perfect_drone_full_node-2] GLSL Version: 3.30 NVIDIA via Cg compiler
[perfect_drone_full_node-2] ========== OpenGL Info ==========
[perfect_drone_full_node-2] [WARN] [1789024245.656374058] [perfect_tracking]: SENSOR_BURST_DROPOUT armed before every cloud transport: warmup=1.000s period=2.000s duration=0.500s phase=1.800s env_override=1
[perfect_drone_full_node-2] [INFO] [1789024245.656435666] [perfect_drone_full_config]: Full raw DDS disabled: renderer -> ROG-Map uses direct latest-only SharedPtr handoff
[perfect_drone_full_node-2] [38;2;000;128;000m -- [Fsm]: [MainFsmCallback] change state from [INIT] to [WAIT_GOAL].
[perfect_drone_full_node-2] [0m -- [Fsm] MAP_NOT_READY reason=accepted_count,committed_count,map_version,scan_span,accepted_cloud_age,committed_cloud_age,map_age accepted=0 committed=0 version=0 lag=0 span=0.000s cloud_age=infs committed_cloud_age=infs commit_age=infs in_progress=false
[perfect_drone_full_node-2] Publish local map size: 18983
[perfect_drone_full_node-2] Publish local map size: 18953
[perfect_drone_full_node-2] Publish local map size: 18892
[perfect_drone_full_node-2] Publish local map size: 18914
[perfect_drone_full_node-2] Publish local map size: 18969
[perfect_drone_full_node-2] Publish local map size: 18907
[perfect_drone_full_node-2] Publish local map size: 18909
[perfect_drone_full_node-2] Publish local map size: 18916
[perfect_drone_full_node-2] Publish local map size: 18943
[perfect_drone_full_node-2] Publish local map size: 18967
[perfect_drone_full_node-2] [32m -- [Fsm 1.007] Current state: WAIT_GOAL[0m
[perfect_drone_full_node-2]  -- [Fsm] MAP_NOT_READY reason=scan_span accepted=10 committed=10 version=10 lag=0 span=0.896s cloud_age=0.022s committed_cloud_age=0.022s commit_age=0.004s in_progress=false
[perfect_drone_full_node-2] Publish local map size: 18907
[perfect_drone_full_node-2] Publish local map size: 18967
[perfect_drone_full_node-2]  -- [Fsm] MAP_READY accepted=12 committed=11 version=11 lag=1 span=1.095s cloud_age=0.003s committed_cloud_age=0.102s commit_age=0.083s in_progress=true
[perfect_drone_full_node-2] [32m -- [Fsm] Get goal at [0m24.525 20.025  1.525
[perfect_drone_full_node-2] [32m -- [Fsm] Receive click goal at: [24.525 20.025  1.525]; goal yaw: 0.000 deg[0m
[perfect_drone_full_node-2] [INFO] [1789024246.946183977] [fsm_node]:  -- [OPTIMIZER_PHASE_MEMORY] optimizer=exp event=begin call=1 rss_mib=3211.426 swap_mib=0.000 variables=17 pieces=5
[perfect_drone_full_node-2] [INFO] [1789024246.950509168] [fsm_node]:  -- [OPTIMIZER_PHASE_MEMORY] optimizer=exp event=end call=1 duration_ms=4.353 iterations=206 ret=1 rss_mib=3211.434 swap_mib=0.000 rss_delta_mib=0.008
[perfect_drone_full_node-2] [INFO] [1789024246.950570101] [fsm_node]:  -- [SUPER] in [PlanFromRest] GenerateExpTrajectory SUCCESS.
[perfect_drone_full_node-2] [38;2;000;128;000m -- [Fsm]: [MainFsmCallback] change state from [WAIT_GOAL] to [GENERATE_TRAJ].
[perfect_drone_full_node-2] [0mPublish local map size: 18914
[perfect_drone_full_node-2] [INFO] [1789024246.990216803] [fsm_node]:  -- [OPTIMIZER_PHASE_MEMORY] optimizer=backup event=begin call=1 rss_mib=3213.535 swap_mib=0.000 variables=68 pieces=2
[perfect_drone_full_node-2] [INFO] [1789024246.997902793] [fsm_node]:  -- [OPTIMIZER_PHASE_MEMORY] optimizer=backup event=end call=1 duration_ms=7.713 iterations=229 ret=1 rss_mib=3213.598 swap_mib=0.000 rss_delta_mib=0.062
[perfect_drone_full_node-2] [INFO] [1789024246.998234149] [fsm_node]:  -- [OPTIMIZER_PHASE_MEMORY] optimizer=backup event=begin call=2 rss_mib=3213.609 swap_mib=0.000 variables=68 pieces=2
[perfect_drone_full_node-2] [INFO] [1789024247.009572098] [fsm_node]:  -- [OPTIMIZER_PHASE_MEMORY] optimizer=backup event=end call=2 duration_ms=11.324 iterations=330 ret=1 rss_mib=3213.812 swap_mib=0.000 rss_delta_mib=0.203
[perfect_drone_full_node-2] [INFO] [1789024247.009875364] [fsm_node]:  -- [TRAJ_GUARD_COMMIT] phase=PlanFromRest/with_backup gen=1 map=13 samples=194 range=[0.136,1.095] escape=false footprint_egress=false escape_done_tt=-1.000
[perfect_drone_full_node-2]  -- [TRAJ_GUARD_CERT] trigger=poly_publish status=SAFE gen=1 map=13 map_age=0.031s map_age_limit=0.550s motion_speed=0.714mps samples=193 range=[0.136,1.095] collision_tt=-1.000 ttc=-1.000 p=[0.000,0.000,0.000]
[perfect_drone_full_node-2] [38;2;000;128;000m -- [Fsm]: [MainFsmCallback] change state from [GENERATE_TRAJ] to [FOLLOW_TRAJ].
[perfect_drone_full_node-2] [0mPublish local map size: 36312
[perfect_drone_full_node-2] [INFO] [1789024247.125273746] [fsm_node]:  -- [OPTIMIZER_PHASE_MEMORY] optimizer=exp event=begin call=2 rss_mib=3214.621 swap_mib=0.000 variables=13 pieces=4
[perfect_drone_full_node-2] [INFO] [1789024247.128696208] [fsm_node]:  -- [OPTIMIZER_PHASE_MEMORY] optimizer=exp event=end call=2 duration_ms=3.470 iterations=412 ret=1 rss_mib=3214.629 swap_mib=0.000 rss_delta_mib=0.008
[perfect_drone_full_node-2]  -- [TRAJ_GUARD_CERT] trigger=main_pre status=SAFE gen=1 map=14 map_age=0.010s map_age_limit=0.550s motion_speed=1.884mps samples=176 range=[0.220,1.095] collision_tt=-1.000 ttc=-1.000 p=[0.000,0.000,0.000]
[perfect_drone_full_node-2] Publish local map size: 33389
[perfect_drone_full_node-2] [INFO] [1789024247.167787256] [fsm_node]:  -- [OPTIMIZER_PHASE_MEMORY] optimizer=backup event=begin call=3 rss_mib=3215.828 swap_mib=0.000 variables=70 pieces=2
[perfect_drone_full_node-2] [INFO] [1789024247.175417096] [fsm_node]:  -- [OPTIMIZER_PHASE_MEMORY] optimizer=backup event=end call=3 duration_ms=7.654 iterations=311 ret=1 rss_mib=3215.875 swap_mib=0.000 rss_delta_mib=0.047
[perfect_drone_full_node-2] [INFO] [1789024247.175663508] [fsm_node]:  -- [OPTIMIZER_PHASE_MEMORY] optimizer=backup event=begin call=4 rss_mib=3215.887 swap_mib=0.000 variables=70 pieces=2
[perfect_drone_full_node-2] [INFO] [1789024247.182915834] [fsm_node]:  -- [OPTIMIZER_PHASE_MEMORY] optimizer=backup event=end call=4 duration_ms=7.237 iterations=282 ret=1 rss_mib=3215.977 swap_mib=0.000 rss_delta_mib=0.090
[perfect_drone_full_node-2] [INFO] [1789024247.183212239] [fsm_node]:  -- [TRAJ_GUARD_COMMIT] phase=ReplanOnce/with_backup gen=2 map=15 samples=187 range=[0.077,0.999] escape=false footprint_egress=false escape_done_tt=-1.000
[perfect_drone_full_node-2] [32m -- [Fsm] ReplanOnce succeed.[0m
[perfect_drone_full_node-2] [INFO] [1789024247.201786305] [fsm_node]:  -- [OPTIMIZER_PHASE_MEMORY] optimizer=exp event=begin call=3 rss_mib=3216.102 swap_mib=0.000 variables=13 pieces=4
[perfect_drone_full_node-2] [INFO] [1789024247.205234906] [fsm_node]:  -- [OPTIMIZER_PHASE_MEMORY] optimizer=exp event=end call=3 duration_ms=3.494 iterations=399 ret=1 rss_mib=3216.121 swap_mib=0.000 rss_delta_mib=0.020
[perfect_drone_full_node-2] [INFO] [1789024247.247703347] [fsm_node]:  -- [OPTIMIZER_PHASE_MEMORY] optimizer=backup event=begin call=5 rss_mib=3216.363 swap_mib=0.000 variables=84 pieces=2
[perfect_drone_full_node-2]  -- [TRAJ_GUARD_CERT] trigger=poly_publish status=SAFE gen=2 map=15 map_age=0.003s map_age_limit=0.500s motion_speed=3.590mps samples=186 range=[0.077,0.999] collision_tt=-1.000 ttc=-1.000 p=[0.000,0.000,0.000]
[perfect_drone_full_node-2] Publish local map size: 25601
[perfect_drone_full_node-2] [INFO] [1789024247.265057871] [fsm_node]:  -- [OPTIMIZER_PHASE_MEMORY] optimizer=backup event=end call=5 duration_ms=17.362 iterations=259 ret=1 rss_mib=3216.398 swap_mib=0.000 rss_delta_mib=0.035
[perfect_drone_full_node-2] [INFO] [1789024247.266173388] [fsm_node]:  -- [OPTIMIZER_PHASE_MEMORY] optimizer=backup event=begin call=6 rss_mib=3216.410 swap_mib=0.000 variables=84 pieces=2
[perfect_drone_full_node-2] [INFO] [1789024247.273648259] [fsm_node]:  -- [OPTIMIZER_PHASE_MEMORY] optimizer=backup event=end call=6 duration_ms=7.453 iterations=104 ret=1 rss_mib=3216.598 swap_mib=0.000 rss_delta_mib=0.188
[perfect_drone_full_node-2] [WARN] [1789024247.273705610] [fsm_node]:  -- [SUPER] in [ReplanOnce]: Replan overtime, check parameters, replan dt = 0.090136582.
[perfect_drone_full_node-2] [INFO] [1789024247.293524342] [fsm_node]:  -- [OPTIMIZER_PHASE_MEMORY] optimizer=exp event=begin call=4 rss_mib=3216.734 swap_mib=0.000 variables=13 pieces=4
[perfect_drone_full_node-2] [INFO] [1789024247.297744082] [fsm_node]:  -- [OPTIMIZER_PHASE_MEMORY] optimizer=exp event=end call=4 duration_ms=4.278 iterations=450 ret=1 rss_mib=3216.742 swap_mib=0.000 rss_delta_mib=0.008
[perfect_drone_full_node-2] [INFO] [1789024247.326842261] [fsm_node]:  -- [OPTIMIZER_PHASE_MEMORY] optimizer=backup event=begin call=7 rss_mib=3216.914 swap_mib=0.000 variables=46 pieces=2
[perfect_drone_full_node-2] [INFO] [1789024247.348690725] [fsm_node]:  -- [OPTIMIZER_PHASE_MEMORY] optimizer=backup event=end call=7 duration_ms=21.854 iterations=910 ret=1 rss_mib=3217.020 swap_mib=0.000 rss_delta_mib=0.105
[perfect_drone_full_node-2] [INFO] [1789024247.348881316] [fsm_node]:  -- [OPTIMIZER_PHASE_MEMORY] optimizer=backup event=begin call=8 rss_mib=3217.031 swap_mib=0.000 variables=46 pieces=2
[perfect_drone_full_node-2] [INFO] [1789024247.353640226] [fsm_node]:  -- [OPTIMIZER_PHASE_MEMORY] optimizer=backup event=end call=8 duration_ms=4.755 iterations=221 ret=1 rss_mib=3217.031 swap_mib=0.000 rss_delta_mib=0.000
[perfect_drone_full_node-2] [INFO] [1789024247.353880654] [fsm_node]:  -- [TRAJ_GUARD_COMMIT] phase=ReplanOnce/with_backup gen=3 map=16 samples=142 range=[0.080,0.779] escape=false footprint_egress=false escape_done_tt=-1.000
[perfect_drone_full_node-2]  -- [TRAJ_GUARD_CERT] trigger=main_pre status=SAFE gen=2 map=16 map_age=0.003s map_age_limit=0.500s motion_speed=5.220mps samples=166 range=[0.178,0.999] collision_tt=-1.000 ttc=-1.000 p=[0.000,0.000,0.000]
[perfect_drone_full_node-2] [32m -- [Fsm] ReplanOnce succeed.[0m
[perfect_drone_full_node-2]  -- [TRAJ_GUARD_CERT] trigger=poly_publish status=SAFE gen=3 map=16 map_age=0.073s map_age_limit=0.500s motion_speed=5.902mps samples=141 range=[0.080,0.779] collision_tt=-1.000 ttc=-1.000 p=[0.000,0.000,0.000]
[perfect_drone_full_node-2] Publish local map size: 22932
[perfect_drone_full_node-2] [INFO] [1789024247.368419543] [fsm_node]:  -- [OPTIMIZER_PHASE_MEMORY] optimizer=exp event=begin call=5 rss_mib=3217.160 swap_mib=0.000 variables=17 pieces=5
[perfect_drone_full_node-2] [INFO] [1789024247.373795783] [fsm_node]:  -- [OPTIMIZER_PHASE_MEMORY] optimizer=exp event=end call=5 duration_ms=5.430 iterations=482 ret=1 rss_mib=3217.215 swap_mib=0.000 rss_delta_mib=0.055
[perfect_drone_full_node-2] [INFO] [1789024247.422486657] [fsm_node]:  -- [OPTIMIZER_PHASE_MEMORY] optimizer=backup event=begin call=9 rss_mib=3217.500 swap_mib=0.000 variables=42 pieces=2
[perfect_drone_full_node-2] [INFO] [1789024247.428874277] [fsm_node]:  -- [OPTIMIZER_PHASE_MEMORY] optimizer=backup event=end call=9 duration_ms=6.415 iterations=604 ret=1 rss_mib=3217.535 swap_mib=0.000 rss_delta_mib=0.035
[perfect_drone_full_node-2] [INFO] [1789024247.429028052] [fsm_node]:  -- [OPTIMIZER_PHASE_MEMORY] optimizer=backup event=begin call=10 rss_mib=3217.547 swap_mib=0.000 variables=42 pieces=2
[perfect_drone_full_node-2] [INFO] [1789024247.437458410] [fsm_node]:  -- [OPTIMIZER_PHASE_MEMORY] optimizer=backup event=end call=10 duration_ms=8.427 iterations=736 ret=1 rss_mib=3217.547 swap_mib=0.000 rss_delta_mib=0.000
[perfect_drone_full_node-2] [INFO] [1789024247.437700380] [fsm_node]:  -- [TRAJ_GUARD_COMMIT] phase=ReplanOnce/with_backup gen=4 map=17 samples=177 range=[0.083,0.954] escape=false footprint_egress=false escape_done_tt=-1.000
[perfect_drone_full_node-2]  -- [TRAJ_GUARD_CERT] trigger=main_pre status=SAFE gen=3 map=17 map_age=0.003s map_age_limit=0.500s motion_speed=6.055mps samples=135 range=[0.110,0.779] collision_tt=-1.000 ttc=-1.000 p=[0.000,0.000,0.000]
[perfect_drone_full_node-2] [32m -- [Fsm] ReplanOnce succeed.[0m
[perfect_drone_full_node-2] [INFO] [1789024247.455331484] [fsm_node]:  -- [OPTIMIZER_PHASE_MEMORY] optimizer=exp event=begin call=6 rss_mib=3217.547 swap_mib=0.000 variables=13 pieces=4
[perfect_drone_full_node-2] [INFO] [1789024247.458073783] [fsm_node]:  -- [OPTIMIZER_PHASE_MEMORY] optimizer=exp event=end call=6 duration_ms=2.777 iterations=338 ret=1 rss_mib=3217.547 swap_mib=0.000 rss_delta_mib=0.000
[perfect_drone_full_node-2]  -- [TRAJ_GUARD_CERT] trigger=poly_publish status=SAFE gen=4 map=17 map_age=0.057s map_age_limit=0.500s motion_speed=6.154mps samples=176 range=[0.084,0.954] collision_tt=-1.000 ttc=-1.000 p=[0.000,0.000,0.000]
[perfect_drone_full_node-2] Publish local map size: 22540
[perfect_drone_full_node-2] [INFO] [1789024247.481556340] [fsm_node]:  -- [OPTIMIZER_PHASE_MEMORY] optimizer=backup event=begin call=11 rss_mib=3217.562 swap_mib=0.000 variables=50 pieces=2
[perfect_drone_full_node-2] [INFO] [1789024247.495873120] [fsm_node]:  -- [OPTIMIZER_PHASE_MEMORY] optimizer=backup event=end call=11 duration_ms=14.335 iterations=827 ret=1 rss_mib=3217.566 swap_mib=0.000 rss_delta_mib=0.004
[perfect_drone_full_node-2] [INFO] [1789024247.496062516] [fsm_node]:  -- [OPTIMIZER_PHASE_MEMORY] optimizer=backup event=begin call=12 rss_mib=3217.566 swap_mib=0.000 variables=50 pieces=2
[perfect_drone_full_node-2] [INFO] [1789024247.504378397] [fsm_node]:  -- [OPTIMIZER_PHASE_MEMORY] optimizer=backup event=end call=12 duration_ms=8.314 iterations=563 ret=1 rss_mib=3217.566 swap_mib=0.000 rss_delta_mib=0.000
[perfect_drone_full_node-2] [INFO] [1789024247.504613903] [fsm_node]:  -- [TRAJ_GUARD_COMMIT] phase=ReplanOnce/with_backup gen=5 map=18 samples=162 range=[0.067,0.864] escape=false footprint_egress=false escape_done_tt=-1.000
[perfect_drone_full_node-2]  -- [TRAJ_GUARD_CERT] trigger=main_pre status=SAFE gen=4 map=18 map_age=0.003s map_age_limit=0.500s motion_speed=6.108mps samples=166 range=[0.130,0.954] collision_tt=-1.000 ttc=-1.000 p=[0.000,0.000,0.000]
[perfect_drone_full_node-2] [32m -- [Fsm] ReplanOnce succeed.[0m
[perfect_drone_full_node-2] [INFO] [1789024247.521999270] [fsm_node]:  -- [OPTIMIZER_PHASE_MEMORY] optimizer=exp event=begin call=7 rss_mib=3217.602 swap_mib=0.000 variables=13 pieces=4
[perfect_drone_full_node-2] [INFO] [1789024247.523901469] [fsm_node]:  -- [OPTIMIZER_PHASE_MEMORY] optimizer=exp event=end call=7 duration_ms=1.951 iterations=229 ret=1 rss_mib=3217.633 swap_mib=0.000 rss_delta_mib=0.031
[perfect_drone_full_node-2] [INFO] [1789024247.551383850] [fsm_node]:  -- [OPTIMIZER_PHASE_MEMORY] optimizer=backup event=begin call=13 rss_mib=3217.961 swap_mib=0.000 variables=58 pieces=2
[perfect_drone_full_node-2] [INFO] [1789024247.552383854] [fsm_node]:  -- [OPTIMIZER_PHASE_MEMORY] optimizer=backup event=end call=13 duration_ms=1.026 iterations=112 ret=1 rss_mib=3218.000 swap_mib=0.000 rss_delta_mib=0.039
[perfect_drone_full_node-2] [INFO] [1789024247.552498311] [fsm_node]:  -- [OPTIMIZER_PHASE_MEMORY] optimizer=backup event=begin call=14 rss_mib=3218.012 swap_mib=0.000 variables=58 pieces=2
[perfect_drone_full_node-2] [INFO] [1789024247.557577361] [fsm_node]:  -- [OPTIMIZER_PHASE_MEMORY] optimizer=backup event=end call=14 duration_ms=5.032 iterations=443 ret=1 rss_mib=3218.012 swap_mib=0.000 rss_delta_mib=0.000
[perfect_drone_full_node-2] [INFO] [1789024247.557974809] [fsm_node]:  -- [TRAJ_GUARD_COMMIT] phase=ReplanOnce/with_backup gen=6 map=18 samples=424 range=[0.053,2.159] escape=false footprint_egress=false escape_done_tt=-1.000
[perfect_drone_full_node-2]  -- [TRAJ_GUARD_CERT] trigger=poly_publish status=SAFE gen=5 map=18 map_age=0.023s map_age_limit=0.500s motion_speed=6.045mps samples=161 range=[0.067,0.864] collision_tt=-1.000 ttc=-1.000 p=[0.000,0.000,0.000]
[perfect_drone_full_node-2] [32m -- [Fsm] ReplanOnce succeed.[0m
[perfect_drone_full_node-2]  -- [TRAJ_GUARD_CERT] trigger=poly_publish status=SAFE gen=6 map=18 map_age=0.077s map_age_limit=0.500s motion_speed=5.943mps samples=423 range=[0.053,2.159] collision_tt=-1.000 ttc=-1.000 p=[0.000,0.000,0.000]
[perfect_drone_full_node-2] Publish local map size: 30046
[perfect_drone_full_node-2] [INFO] [1789024247.586248430] [fsm_node]:  -- [OPTIMIZER_PHASE_MEMORY] optimizer=exp event=begin call=8 rss_mib=3218.062 swap_mib=0.000 variables=17 pieces=5
[perfect_drone_full_node-2] [INFO] [1789024247.606419934] [fsm_node]:  -- [OPTIMIZER_PHASE_MEMORY] optimizer=exp event=end call=8 duration_ms=20.213 iterations=1548 ret=1 rss_mib=3218.137 swap_mib=0.000 rss_delta_mib=0.074
[perfect_drone_full_node-2]  -- [TRAJ_GUARD_CERT] trigger=main_pre status=SAFE gen=6 map=19 map_age=0.011s map_age_limit=0.500s motion_speed=5.869mps samples=416 range=[0.089,2.159] collision_tt=-1.000 ttc=-1.000 p=[0.000,0.000,0.000]
[perfect_drone_full_node-2] Publish local map size: 37539
[perfect_drone_full_node-2] [32m -- [Fsm 2.017] Current state: FOLLOW_TRAJ[0m
[perfect_drone_full_node-2] [INFO] [1789024247.683046985] [fsm_node]:  -- [OPTIMIZER_PHASE_MEMORY] optimizer=backup event=begin call=15 rss_mib=3218.641 swap_mib=0.000 variables=22 pieces=2
[perfect_drone_full_node-2] [INFO] [1789024247.683618510] [fsm_node]:  -- [OPTIMIZER_PHASE_MEMORY] optimizer=backup event=end call=15 duration_ms=0.640 iterations=92 ret=1 rss_mib=3218.648 swap_mib=0.000 rss_delta_mib=0.008
[perfect_drone_full_node-2] [WARN] [1789024247.683626051] [fsm_node]:  -- [BackOpt] Opt failed, Omg or thr or Pos violation.
[perfect_drone_full_node-2] [INFO] [1789024247.683682687] [fsm_node]:  -- [OPTIMIZER_PHASE_MEMORY] optimizer=backup event=begin call=16 rss_mib=3218.648 swap_mib=0.000 variables=22 pieces=2
[perfect_drone_full_node-2] [33m -- [MINCO] TrajOpt failed, (unknown)[0m
[perfect_drone_full_node-2] [33m -- [SUPER] Minco backup_traj opt failed.[0m
[perfect_drone_full_node-2]  -- [TRAJ_GUARD_CERT] trigger=main_pre status=SAFE gen=6 map=20 map_age=0.003s map_age_limit=0.500s motion_speed=5.333mps samples=398 range=[0.179,2.159] collision_tt=-1.000 ttc=-1.000 p=[0.000,0.000,0.000]
[perfect_drone_full_node-2] [32m -- [Fsm] Get goal at [0m24.525 20.025  1.525
[perfect_drone_full_node-2] [32m -- [Fsm] Receive click goal at: [24.525 20.025  1.525]; goal yaw: 0.000 deg[0m
[perfect_drone_full_node-2] [INFO] [1789024247.684129058] [fsm_node]:  -- [OPTIMIZER_PHASE_MEMORY] optimizer=backup event=end call=16 duration_ms=0.446 iterations=83 ret=1 rss_mib=3218.648 swap_mib=0.000 rss_delta_mib=0.000
[perfect_drone_full_node-2] [WARN] [1789024247.684134033] [fsm_node]:  -- [BackOpt] Opt failed, Omg or thr or Pos violation.
[perfect_drone_full_node-2] [WARN] [1789024247.684139723] [fsm_node]:  -- [SUPER] OptimizationBakTrajInPolytopes failed, force return
[perfect_drone_full_node-2] [WARN] [1789024247.684147964] [fsm_node]:  -- [SUPER] in [ReplanOnce]: Replan overtime, check parameters, replan dt = 0.116284904.
[perfect_drone_full_node-2] [33m -- [MINCO] TrajOpt failed, (unknown)[0m
[perfect_drone_full_node-2] [33m -- [SUPER] Minco backup_traj opt failed.[0m
[perfect_drone_full_node-2] [INFO] [1789024247.701994445] [fsm_node]:  -- [OPTIMIZER_PHASE_MEMORY] optimizer=exp event=begin call=9 rss_mib=3218.648 swap_mib=0.000 variables=13 pieces=4
[perfect_drone_full_node-2] [INFO] [1789024247.704402749] [fsm_node]:  -- [OPTIMIZER_PHASE_MEMORY] optimizer=exp event=end call=9 duration_ms=2.463 iterations=288 ret=1 rss_mib=3218.648 swap_mib=0.000 rss_delta_mib=0.000
[perfect_drone_full_node-2] Publish local map size: 46680
[perfect_drone_full_node-2] [INFO] [1789024247.774358429] [fsm_node]:  -- [OPTIMIZER_PHASE_MEMORY] optimizer=backup event=begin call=17 rss_mib=3219.488 swap_mib=0.000 variables=22 pieces=2
[perfect_drone_full_node-2] [INFO] [1789024247.775866825] [fsm_node]:  -- [OPTIMIZER_PHASE_MEMORY] optimizer=backup event=end call=17 duration_ms=1.557 iterations=331 ret=1 rss_mib=3219.488 swap_mib=0.000 rss_delta_mib=0.000
[perfect_drone_full_node-2] [INFO] [1789024247.775934678] [fsm_node]:  -- [OPTIMIZER_PHASE_MEMORY] optimizer=backup event=begin call=18 rss_mib=3219.488 swap_mib=0.000 variables=22 pieces=2
[perfect_drone_full_node-2] [INFO] [1789024247.777007895] [fsm_node]:  -- [OPTIMIZER_PHASE_MEMORY] optimizer=backup event=end call=18 duration_ms=1.071 iterations=257 ret=1 rss_mib=3219.488 swap_mib=0.000 rss_delta_mib=0.000
[perfect_drone_full_node-2] [WARN] [1789024247.777038283] [fsm_node]:  -- [SUPER] in [ReplanOnce]: Replan overtime, check parameters, replan dt = 0.092761788.
[perfect_drone_full_node-2] [INFO] [1789024247.795270876] [fsm_node]:  -- [OPTIMIZER_PHASE_MEMORY] optimizer=exp event=begin call=10 rss_mib=3219.488 swap_mib=0.000 variables=13 pieces=4
[perfect_drone_full_node-2] [INFO] [1789024247.798925532] [fsm_node]:  -- [OPTIMIZER_PHASE_MEMORY] optimizer=exp event=end call=10 duration_ms=3.708 iterations=394 ret=1 rss_mib=3219.488 swap_mib=0.000 rss_delta_mib=0.000
[perfect_drone_full_node-2] [INFO] [1789024247.812213723] [fsm_node]:  -- [OPTIMIZER_PHASE_MEMORY] optimizer=backup event=begin call=19 rss_mib=3220.012 swap_mib=0.000 variables=30 pieces=2
[perfect_drone_full_node-2] [INFO] [1789024247.813122279] [fsm_node]:  -- [OPTIMIZER_PHASE_MEMORY] optimizer=backup event=end call=19 duration_ms=0.932 iterations=196 ret=1 rss_mib=3220.012 swap_mib=0.000 rss_delta_mib=0.000
[perfect_drone_full_node-2] [INFO] [1789024247.813205866] [fsm_node]:  -- [OPTIMIZER_PHASE_MEMORY] optimizer=backup event=begin call=20 rss_mib=3220.012 swap_mib=0.000 variables=30 pieces=2
[perfect_drone_full_node-2] [INFO] [1789024247.816215920] [fsm_node]:  -- [OPTIMIZER_PHASE_MEMORY] optimizer=backup event=end call=20 duration_ms=3.006 iterations=507 ret=1 rss_mib=3220.012 swap_mib=0.000 rss_delta_mib=0.000
[perfect_drone_full_node-2] [ERROR] [1789024247.816318334] [fsm_node]:  -- [TRAJ_GUARD_REJECT] phase=ReplanOnce/with_backup segment=APPENDED_BACKUP status=CLEARANCE_MARGIN gen=7 map=21 from_tt=0.039 collision_tt=0.479 collision_p=[22.601,4.396,1.357] samples=143
[perfect_drone_full_node-2] [INFO] [1789024247.845473105] [fsm_node]:  -- [OPTIMIZER_PHASE_MEMORY] optimizer=exp event=begin call=11 rss_mib=3220.176 swap_mib=0.000 variables=13 pieces=4
[perfect_drone_full_node-2] [INFO] [1789024247.848730497] [fsm_node]:  -- [OPTIMIZER_PHASE_MEMORY] optimizer=exp event=end call=11 duration_ms=3.312 iterations=383 ret=1 rss_mib=3220.176 swap_mib=0.000 rss_delta_mib=0.000
[perfect_drone_full_node-2]  -- [TRAJ_GUARD_CERT] trigger=main_pre status=SAFE gen=6 map=21 map_age=0.002s map_age_limit=0.500s motion_speed=4.575mps samples=378 range=[0.279,2.159] collision_tt=-1.000 ttc=-1.000 p=[0.000,0.000,0.000]
[perfect_drone_full_node-2] Publish local map size: 50737
[perfect_drone_full_node-2] [INFO] [1789024247.919380985] [fsm_node]:  -- [OPTIMIZER_PHASE_MEMORY] optimizer=backup event=begin call=21 rss_mib=3222.477 swap_mib=0.000 variables=18 pieces=2
[perfect_drone_full_node-2] [INFO] [1789024247.919809098] [fsm_node]:  -- [OPTIMIZER_PHASE_MEMORY] optimizer=backup event=end call=21 duration_ms=0.472 iterations=87 ret=1 rss_mib=3222.477 swap_mib=0.000 rss_delta_mib=0.000
[perfect_drone_full_node-2] [WARN] [1789024247.919814949] [fsm_node]:  -- [BackOpt] Opt failed, Omg or thr or Pos violation.
[perfect_drone_full_node-2]  -- [TRAJ_GUARD_CERT] trigger=main_pre status=SAFE gen=6 map=22 map_age=0.005s map_age_limit=0.500s motion_speed=4.472mps samples=358 range=[0.379,2.159] collision_tt=-1.000 ttc=-1.000 p=[0.000,0.000,0.000]
[perfect_drone_full_node-2] [33m -- [MINCO] TrajOpt failed, (unknown)[0m
[perfect_drone_full_node-2] [33m -- [SUPER] Minco backup_traj opt failed.[0m
[perfect_drone_full_node-2] [INFO] [1789024247.919863625] [fsm_node]:  -- [OPTIMIZER_PHASE_MEMORY] optimizer=backup event=begin call=22 rss_mib=3222.477 swap_mib=0.000 variables=18 pieces=2
[perfect_drone_full_node-2] [INFO] [1789024247.920256062] [fsm_node]:  -- [OPTIMIZER_PHASE_MEMORY] optimizer=backup event=end call=22 duration_ms=0.393 iterations=89 ret=1 rss_mib=3222.477 swap_mib=0.000 rss_delta_mib=0.000
[perfect_drone_full_node-2] [WARN] [1789024247.920259801] [fsm_node]:  -- [BackOpt] Opt failed, Omg or thr or Pos violation.
[perfect_drone_full_node-2] [WARN] [1789024247.920265204] [fsm_node]:  -- [SUPER] OptimizationBakTrajInPolytopes failed, force return
[perfect_drone_full_node-2] [WARN] [1789024247.920271216] [fsm_node]:  -- [SUPER] in [ReplanOnce]: generateBackupTrajectory return OPT_FAILED, replan Failed return
[perfect_drone_full_node-2] [33m -- [MINCO] TrajOpt failed, (unknown)[0m
[perfect_drone_full_node-2] [33m -- [SUPER] Minco backup_traj opt failed.[0m
[perfect_drone_full_node-2] [INFO] [1789024247.938430972] [fsm_node]:  -- [OPTIMIZER_PHASE_MEMORY] optimizer=exp event=begin call=12 rss_mib=3222.477 swap_mib=0.000 variables=13 pieces=4
[perfect_drone_full_node-2] [INFO] [1789024247.947775660] [fsm_node]:  -- [OPTIMIZER_PHASE_MEMORY] optimizer=exp event=end call=12 duration_ms=9.361 iterations=913 ret=1 rss_mib=3222.477 swap_mib=0.000 rss_delta_mib=0.000
[perfect_drone_full_node-2]  -- [MARSIM] Running FPS: 223.257342487479690
[perfect_drone_full_node-2] Publish local map size: 50025
[perfect_drone_full_node-2] [INFO] [1789024248.025435476] [fsm_node]:  -- [OPTIMIZER_PHASE_MEMORY] optimizer=backup event=begin call=23 rss_mib=3222.629 swap_mib=0.000 variables=18 pieces=2
[perfect_drone_full_node-2] [INFO] [1789024248.025882508] [fsm_node]:  -- [OPTIMIZER_PHASE_MEMORY] optimizer=backup event=end call=23 duration_ms=0.489 iterations=83 ret=1 rss_mib=3222.629 swap_mib=0.000 rss_delta_mib=0.000
[perfect_drone_full_node-2] [WARN] [1789024248.025887829] [fsm_node]:  -- [BackOpt] Opt failed, Omg or thr or Pos violation.
[perfect_drone_full_node-2] [INFO] [1789024248.025938915] [fsm_node]:  -- [OPTIMIZER_PHASE_MEMORY] optimizer=backup event=begin call=24 rss_mib=3222.629 swap_mib=0.000 variables=18 pieces=2
[perfect_drone_full_node-2]  -- [TRAJ_GUARD_CERT] trigger=main_pre status=SAFE gen=6 map=23 map_age=0.006s map_age_limit=0.500s motion_speed=4.591mps samples=338 range=[0.479,2.159] collision_tt=-1.000 ttc=-1.000 p=[0.000,0.000,0.000]
[perfect_drone_full_node-2] [33m -- [MINCO] TrajOpt failed, (unknown)[0m
[perfect_drone_full_node-2] [33m -- [SUPER] Minco backup_traj opt failed.[0m
[perfect_drone_full_node-2] [INFO] [1789024248.049245080] [fsm_node]:  -- [OPTIMIZER_PHASE_MEMORY] optimizer=backup event=end call=24 duration_ms=23.287 iterations=3055 ret=1 rss_mib=3222.629 swap_mib=0.000 rss_delta_mib=0.000
[perfect_drone_full_node-2] [WARN] [1789024248.049280489] [fsm_node]:  -- [SUPER] OptimizationBakTrajInPolytopes failed, force return
[perfect_drone_full_node-2] [WARN] [1789024248.049331698] [fsm_node]:  -- [SUPER] in [ReplanOnce]: Replan overtime, check parameters, replan dt = 0.128889013.
[perfect_drone_full_node-2] Publish local map size: 41942
[perfect_drone_full_node-2] [INFO] [1789024248.064279035] [fsm_node]:  -- [OPTIMIZER_PHASE_MEMORY] optimizer=exp event=begin call=13 rss_mib=3222.910 swap_mib=0.000 variables=17 pieces=5
[perfect_drone_full_node-2] [INFO] [1789024248.069882559] [fsm_node]:  -- [OPTIMIZER_PHASE_MEMORY] optimizer=exp event=end call=13 duration_ms=5.655 iterations=472 ret=1 rss_mib=3222.910 swap_mib=0.000 rss_delta_mib=0.000
[perfect_drone_full_node-2] [INFO] [1789024248.144554257] [fsm_node]:  -- [OPTIMIZER_PHASE_MEMORY] optimizer=backup event=begin call=25 rss_mib=3223.535 swap_mib=0.000 variables=22 pieces=2
[perfect_drone_full_node-2] [INFO] [1789024248.150198026] [fsm_node]:  -- [OPTIMIZER_PHASE_MEMORY] optimizer=backup event=end call=25 duration_ms=5.687 iterations=838 ret=1 rss_mib=3223.535 swap_mib=0.000 rss_delta_mib=0.000
[perfect_drone_full_node-2] [INFO] [1789024248.150289888] [fsm_node]:  -- [OPTIMIZER_PHASE_MEMORY] optimizer=backup event=begin call=26 rss_mib=3223.535 swap_mib=0.000 variables=22 pieces=2
[perfect_drone_full_node-2] [INFO] [1789024248.157478418] [fsm_node]:  -- [OPTIMIZER_PHASE_MEMORY] optimizer=backup event=end call=26 duration_ms=7.180 iterations=1064 ret=1 rss_mib=3223.535 swap_mib=0.000 rss_delta_mib=0.000
[perfect_drone_full_node-2] [WARN] [1789024248.157526216] [fsm_node]:  -- [SUPER] in [ReplanOnce]: Replan overtime, check parameters, replan dt = 0.108084526.
[perfect_drone_full_node-2]  -- [TRAJ_GUARD_CERT] trigger=main_pre status=SAFE gen=6 map=24 map_age=0.005s map_age_limit=0.500s motion_speed=4.095mps samples=318 range=[0.579,2.159] collision_tt=-1.000 ttc=-1.000 p=[0.000,0.000,0.000]
[perfect_drone_full_node-2] Publish local map size: 50205
[perfect_drone_full_node-2] [INFO] [1789024248.173513246] [fsm_node]:  -- [OPTIMIZER_PHASE_MEMORY] optimizer=exp event=begin call=14 rss_mib=3223.809 swap_mib=0.000 variables=13 pieces=4
[perfect_drone_full_node-2] [INFO] [1789024248.177626351] [fsm_node]:  -- [OPTIMIZER_PHASE_MEMORY] optimizer=exp event=end call=14 duration_ms=4.173 iterations=420 ret=1 rss_mib=3223.809 swap_mib=0.000 rss_delta_mib=0.000
[perfect_drone_full_node-2] [INFO] [1789024248.250172544] [fsm_node]:  -- [OPTIMIZER_PHASE_MEMORY] optimizer=backup event=begin call=27 rss_mib=3224.449 swap_mib=0.000 variables=18 pieces=2
[perfect_drone_full_node-2] [INFO] [1789024248.253901270] [fsm_node]:  -- [OPTIMIZER_PHASE_MEMORY] optimizer=backup event=end call=27 duration_ms=3.764 iterations=624 ret=1 rss_mib=3224.449 swap_mib=0.000 rss_delta_mib=0.000
[perfect_drone_full_node-2] [INFO] [1789024248.253991970] [fsm_node]:  -- [OPTIMIZER_PHASE_MEMORY] optimizer=backup event=begin call=28 rss_mib=3224.449 swap_mib=0.000 variables=18 pieces=2
[perfect_drone_full_node-2] [INFO] [1789024248.256494266] [fsm_node]:  -- [OPTIMIZER_PHASE_MEMORY] optimizer=backup event=end call=28 duration_ms=2.502 iterations=438 ret=1 rss_mib=3224.449 swap_mib=0.000 rss_delta_mib=0.000
[perfect_drone_full_node-2] [WARN] [1789024248.256525544] [fsm_node]:  -- [SUPER] in [ReplanOnce]: Replan overtime, check parameters, replan dt = 0.098879571.
[perfect_drone_full_node-2]  -- [TRAJ_GUARD_CERT] trigger=main_pre status=SAFE gen=6 map=25 map_age=0.004s map_age_limit=0.530s motion_speed=2.897mps samples=298 range=[0.679,2.159] collision_tt=-1.000 ttc=-1.000 p=[0.000,0.000,0.000]
[perfect_drone_full_node-2] Publish local map size: 62959
[perfect_drone_full_node-2] [INFO] [1789024248.274517914] [fsm_node]:  -- [OPTIMIZER_PHASE_MEMORY] optimizer=exp event=begin call=15 rss_mib=3227.145 swap_mib=0.000 variables=13 pieces=4
[perfect_drone_full_node-2] [INFO] [1789024248.278605446] [fsm_node]:  -- [OPTIMIZER_PHASE_MEMORY] optimizer=exp event=end call=15 duration_ms=4.152 iterations=409 ret=1 rss_mib=3227.152 swap_mib=0.000 rss_delta_mib=0.008
[perfect_drone_full_node-2] [INFO] [1789024248.357663478] [fsm_node]:  -- [OPTIMIZER_PHASE_MEMORY] optimizer=backup event=begin call=29 rss_mib=3227.508 swap_mib=0.000 variables=18 pieces=2
[perfect_drone_full_node-2] [INFO] [1789024248.359699299] [fsm_node]:  -- [OPTIMIZER_PHASE_MEMORY] optimizer=backup event=end call=29 duration_ms=2.072 iterations=370 ret=1 rss_mib=3227.508 swap_mib=0.000 rss_delta_mib=0.000
[perfect_drone_full_node-2] [INFO] [1789024248.359801402] [fsm_node]:  -- [OPTIMIZER_PHASE_MEMORY] optimizer=backup event=begin call=30 rss_mib=3227.520 swap_mib=0.000 variables=18 pieces=2
[perfect_drone_full_node-2]  -- [TRAJ_GUARD_CERT] trigger=main_pre status=SAFE gen=6 map=26 map_age=0.003s map_age_limit=0.550s motion_speed=1.397mps samples=278 range=[0.779,2.159] collision_tt=-1.000 ttc=-1.000 p=[0.000,0.000,0.000]
[perfect_drone_full_node-2] Publish local map size: 66347
[perfect_drone_full_node-2] [INFO] [1789024248.363670856] [fsm_node]:  -- [OPTIMIZER_PHASE_MEMORY] optimizer=backup event=end call=30 duration_ms=3.861 iterations=685 ret=1 rss_mib=3227.906 swap_mib=0.000 rss_delta_mib=0.387
[perfect_drone_full_node-2] [WARN] [1789024248.363714190] [fsm_node]:  -- [SUPER] in [ReplanOnce]: Replan overtime, check parameters, replan dt = 0.107129352.
[perfect_drone_full_node-2] [INFO] [1789024248.382765739] [fsm_node]:  -- [OPTIMIZER_PHASE_MEMORY] optimizer=exp event=begin call=16 rss_mib=3228.285 swap_mib=0.000 variables=13 pieces=4
[perfect_drone_full_node-2] [INFO] [1789024248.385600892] [fsm_node]:  -- [OPTIMIZER_PHASE_MEMORY] optimizer=exp event=end call=16 duration_ms=2.879 iterations=296 ret=1 rss_mib=3228.324 swap_mib=0.000 rss_delta_mib=0.039
[perfect_drone_full_node-2]  -- [TRAJ_GUARD_CERT] trigger=main_pre status=SAFE gen=6 map=27 map_age=0.006s map_age_limit=0.550s motion_speed=0.664mps samples=258 range=[0.879,2.159] collision_tt=-1.000 ttc=-1.000 p=[0.000,0.000,0.000]
[perfect_drone_full_node-2] Publish local map size: 62202
[perfect_drone_full_node-2] [INFO] [1789024248.464908638] [fsm_node]:  -- [OPTIMIZER_PHASE_MEMORY] optimizer=backup event=begin call=31 rss_mib=3228.793 swap_mib=0.000 variables=18 pieces=2
[perfect_drone_full_node-2] [INFO] [1789024248.477197791] [fsm_node]:  -- [OPTIMIZER_PHASE_MEMORY] optimizer=backup event=end call=31 duration_ms=12.333 iterations=1763 ret=1 rss_mib=3228.793 swap_mib=0.000 rss_delta_mib=0.000
[perfect_drone_full_node-2] [INFO] [1789024248.477288941] [fsm_node]:  -- [OPTIMIZER_PHASE_MEMORY] optimizer=backup event=begin call=32 rss_mib=3228.793 swap_mib=0.000 variables=18 pieces=2
[perfect_drone_full_node-2] [INFO] [1789024248.480755201] [fsm_node]:  -- [OPTIMIZER_PHASE_MEMORY] optimizer=backup event=end call=32 duration_ms=3.463 iterations=573 ret=1 rss_mib=3228.793 swap_mib=0.000 rss_delta_mib=0.000
[perfect_drone_full_node-2] [WARN] [1789024248.480793928] [fsm_node]:  -- [SUPER] in [ReplanOnce]: Replan overtime, check parameters, replan dt = 0.116919878.
[perfect_drone_full_node-2] [INFO] [1789024248.498501210] [fsm_node]:  -- [OPTIMIZER_PHASE_MEMORY] optimizer=exp event=begin call=17 rss_mib=3229.043 swap_mib=0.000 variables=17 pieces=5
[perfect_drone_full_node-2] [INFO] [1789024248.509346745] [fsm_node]:  -- [OPTIMIZER_PHASE_MEMORY] optimizer=exp event=end call=17 duration_ms=10.892 iterations=843 ret=1 rss_mib=3229.043 swap_mib=0.000 rss_delta_mib=0.000
[perfect_drone_full_node-2]  -- [TRAJ_GUARD_CERT] trigger=replan_post status=SAFE gen=6 map=28 map_age=0.003s map_age_limit=0.550s motion_speed=1.311mps samples=238 range=[0.976,2.159] collision_tt=-1.000 ttc=-1.000 p=[0.000,0.000,0.000]
[perfect_drone_full_node-2] Publish local map size: 49377
[perfect_drone_full_node-2] [INFO] [1789024248.601226137] [fsm_node]:  -- [OPTIMIZER_PHASE_MEMORY] optimizer=backup event=begin call=33 rss_mib=3229.543 swap_mib=0.000 variables=18 pieces=2
[perfect_drone_full_node-2] [INFO] [1789024248.613615150] [fsm_node]:  -- [OPTIMIZER_PHASE_MEMORY] optimizer=backup event=end call=33 duration_ms=12.427 iterations=1645 ret=1 rss_mib=3229.543 swap_mib=0.000 rss_delta_mib=0.000
[perfect_drone_full_node-2] [INFO] [1789024248.613707763] [fsm_node]:  -- [OPTIMIZER_PHASE_MEMORY] optimizer=backup event=begin call=34 rss_mib=3229.543 swap_mib=0.000 variables=18 pieces=2
[perfect_drone_full_node-2] [INFO] [1789024248.615748210] [fsm_node]:  -- [OPTIMIZER_PHASE_MEMORY] optimizer=backup event=end call=34 duration_ms=2.040 iterations=369 ret=1 rss_mib=3229.543 swap_mib=0.000 rss_delta_mib=0.000
[perfect_drone_full_node-2] [WARN] [1789024248.615780315] [fsm_node]:  -- [SUPER] in [ReplanOnce]: Replan overtime, check parameters, replan dt = 0.134721659.
[perfect_drone_full_node-2] [INFO] [1789024248.635522632] [fsm_node]:  -- [OPTIMIZER_PHASE_MEMORY] optimizer=exp event=begin call=18 rss_mib=3230.812 swap_mib=0.000 variables=17 pieces=5
[perfect_drone_full_node-2] [INFO] [1789024248.641371493] [fsm_node]:  -- [OPTIMIZER_PHASE_MEMORY] optimizer=exp event=end call=18 duration_ms=5.885 iterations=462 ret=1 rss_mib=3230.812 swap_mib=0.000 rss_delta_mib=0.000
[perfect_drone_full_node-2]  -- [TRAJ_GUARD_CERT] trigger=main_pre status=SAFE gen=6 map=29 map_age=0.007s map_age_limit=0.550s motion_speed=1.498mps samples=218 range=[1.079,2.159] collision_tt=-1.000 ttc=-1.000 p=[0.000,0.000,0.000]
[perfect_drone_full_node-2] Publish local map size: 47319
[perfect_drone_full_node-2] [32m -- [Fsm 3.017] Current state: FOLLOW_TRAJ[0m
[perfect_drone_full_node-2] [32m -- [Fsm] Get goal at [0m24.525 20.025  1.525
[perfect_drone_full_node-2] [32m -- [Fsm] Receive click goal at: [24.525 20.025  1.525]; goal yaw: 0.000 deg[0m
[perfect_drone_full_node-2] [INFO] [1789024248.731555395] [fsm_node]:  -- [OPTIMIZER_PHASE_MEMORY] optimizer=backup event=begin call=35 rss_mib=3231.168 swap_mib=0.000 variables=18 pieces=2
[perfect_drone_full_node-2] [INFO] [1789024248.732188131] [fsm_node]:  -- [OPTIMIZER_PHASE_MEMORY] optimizer=backup event=end call=35 duration_ms=0.692 iterations=118 ret=1 rss_mib=3231.168 swap_mib=0.000 rss_delta_mib=0.000
[perfect_drone_full_node-2] [INFO] [1789024248.732275421] [fsm_node]:  -- [OPTIMIZER_PHASE_MEMORY] optimizer=backup event=begin call=36 rss_mib=3231.180 swap_mib=0.000 variables=18 pieces=2
[perfect_drone_full_node-2] [INFO] [1789024248.733109751] [fsm_node]:  -- [OPTIMIZER_PHASE_MEMORY] optimizer=backup event=end call=36 duration_ms=0.836 iterations=167 ret=1 rss_mib=3231.180 swap_mib=0.000 rss_delta_mib=0.000
[perfect_drone_full_node-2] [WARN] [1789024248.733144651] [fsm_node]:  -- [SUPER] in [ReplanOnce]: Replan overtime, check parameters, replan dt = 0.117184214.
[perfect_drone_full_node-2] [INFO] [1789024248.758499719] [fsm_node]:  -- [OPTIMIZER_PHASE_MEMORY] optimizer=exp event=begin call=19 rss_mib=3232.664 swap_mib=0.000 variables=17 pieces=5
[perfect_drone_full_node-2] Publish local map size: 49162
[perfect_drone_full_node-2] [INFO] [1789024248.762447494] [fsm_node]:  -- [OPTIMIZER_PHASE_MEMORY] optimizer=exp event=end call=19 duration_ms=3.985 iterations=307 ret=1 rss_mib=3232.672 swap_mib=0.000 rss_delta_mib=0.008
[perfect_drone_full_node-2] [INFO] [1789024248.852392528] [fsm_node]:  -- [OPTIMIZER_PHASE_MEMORY] optimizer=backup event=begin call=37 rss_mib=3232.801 swap_mib=0.000 variables=18 pieces=2
[perfect_drone_full_node-2] [INFO] [1789024248.857517367] [fsm_node]:  -- [OPTIMIZER_PHASE_MEMORY] optimizer=backup event=end call=37 duration_ms=5.171 iterations=736 ret=1 rss_mib=3232.801 swap_mib=0.000 rss_delta_mib=0.000
[perfect_drone_full_node-2] [INFO] [1789024248.857629055] [fsm_node]:  -- [OPTIMIZER_PHASE_MEMORY] optimizer=backup event=begin call=38 rss_mib=3232.812 swap_mib=0.000 variables=18 pieces=2
[perfect_drone_full_node-2] [INFO] [1789024248.858297971] [fsm_node]:  -- [OPTIMIZER_PHASE_MEMORY] optimizer=backup event=end call=38 duration_ms=0.667 iterations=130 ret=1 rss_mib=3232.812 swap_mib=0.000 rss_delta_mib=0.000
[perfect_drone_full_node-2] [WARN] [1789024248.858346703] [fsm_node]:  -- [SUPER] in [ReplanOnce]: Replan overtime, check parameters, replan dt = 0.12503744.
[perfect_drone_full_node-2] Publish local map size: 50234
[perfect_drone_full_node-2] [INFO] [1789024248.877268261] [fsm_node]:  -- [OPTIMIZER_PHASE_MEMORY] optimizer=exp event=begin call=20 rss_mib=3232.812 swap_mib=0.000 variables=17 pieces=5
[perfect_drone_full_node-2] [INFO] [1789024248.879425108] [fsm_node]:  -- [OPTIMIZER_PHASE_MEMORY] optimizer=exp event=end call=20 duration_ms=2.219 iterations=171 ret=1 rss_mib=3232.812 swap_mib=0.000 rss_delta_mib=0.000
[perfect_drone_full_node-2] Publish local map size: 49477
[perfect_drone_full_node-2] [INFO] [1789024248.963133084] [fsm_node]:  -- [OPTIMIZER_PHASE_MEMORY] optimizer=backup event=begin call=39 rss_mib=3232.812 swap_mib=0.000 variables=22 pieces=2
[perfect_drone_full_node-2] [INFO] [1789024248.964815378] [fsm_node]:  -- [OPTIMIZER_PHASE_MEMORY] optimizer=backup event=end call=39 duration_ms=1.715 iterations=327 ret=1 rss_mib=3232.812 swap_mib=0.000 rss_delta_mib=0.000
[perfect_drone_full_node-2] [INFO] [1789024248.964896348] [fsm_node]:  -- [OPTIMIZER_PHASE_MEMORY] optimizer=backup event=begin call=40 rss_mib=3232.812 swap_mib=0.000 variables=22 pieces=2
[perfect_drone_full_node-2] [INFO] [1789024248.965364476] [fsm_node]:  -- [OPTIMIZER_PHASE_MEMORY] optimizer=backup event=end call=40 duration_ms=0.469 iterations=100 ret=1 rss_mib=3232.812 swap_mib=0.000 rss_delta_mib=0.000
[perfect_drone_full_node-2] [WARN] [1789024248.965395952] [fsm_node]:  -- [SUPER] in [ReplanOnce]: Replan overtime, check parameters, replan dt = 0.106833944.
[perfect_drone_full_node-2] Publish local map size: 46848
[perfect_drone_full_node-2] [INFO] [1789024249.113908282] [fsm_node]:  -- [TRAJ_GUARD_RECOVERY_SIGNAL] active=true
[perfect_drone_full_node-2] [ERROR] [1789024249.114179297] [fsm_node]:  -- [TRAJ_GUARD_BRAKE] trigger=main_pre_uncertified duration=0.400s speed0=2.864 initial_source=fresh_command cmd_age=0.010s cmd_pos_err=0.000 cmd_vel_err=inf motion_speed=inf motion_dt=infs motion_pose_speed=inf motion_twist_speed=2.864 motion_disagreement=inf motion_source=none motion_gen=6/0 motion_gen_continuous=false max_vel=2.864 vel_limit=7.000 max_acc=10.619 max_jerk=105.196 dynamics_ok=true path_status=SAFE map=29 map_age=0.537s raw_status=DISABLED raw_cloud=0 raw_age=0.000s ciri_shadow=DISABLED ciri_shadow_result=0 ciri_shadow_queued=0 ciri_shadow_age=infs stop=[22.494,5.011,1.033]
[perfect_drone_full_node-2]  -- [TRAJ_GUARD_CERT] trigger=main_pre status=MAP_STALE gen=6 map=29 map_age=0.537s map_age_limit=0.532s motion_speed=2.864mps samples=0 range=[0.000,0.000] collision_tt=-1.000 ttc=-1.000 p=[0.000,0.000,0.000]
[perfect_drone_full_node-2] [38;2;000;128;000m -- [Fsm]: [TrajectoryGuard] change state from [FOLLOW_TRAJ] to [EMER_STOP].
[perfect_drone_full_node-2] [0mPublish local map size: 46017
[perfect_drone_full_node-2] Publish local map size: 50455
[perfect_drone_full_node-2] Publish local map size: 52528
[perfect_drone_full_node-2] Publish local map size: 49710
[perfect_drone_full_node-2] Publish local map size: 48332
[perfect_drone_full_node-2] Publish local map size: 48334
[perfect_drone_full_node-2] Publish local map size: 48378
[perfect_drone_full_node-2] [38;2;000;128;000m -- [Fsm]: [TrajectoryGuardRecovery] change state from [EMER_STOP] to [GENERATE_TRAJ].
[perfect_drone_full_node-2] [0m[32m -- [Fsm 4.137] Current state: GENERATE_TRAJ[0m
[perfect_drone_full_node-2] [32m -- [Fsm] Get goal at [0m24.525 20.025  1.525
[perfect_drone_full_node-2] [32m -- [Fsm] Receive click goal at: [24.525 20.025  1.525]; goal yaw: 0.000 deg[0m
[perfect_drone_full_node-2] [WARN] [1789024249.793920389] [fsm_node]:  -- [TRAJ_GUARD_RECOVERY_EPISODE_RESET] reason=horizontal_progress progress=5.397m threshold=2.000m prior_local=0 prior_vertical=0 prior_base=0
[perfect_drone_full_node-2] [INFO] [1789024249.811082594] [fsm_node]:  -- [OPTIMIZER_PHASE_MEMORY] optimizer=exp event=begin call=21 rss_mib=3233.816 swap_mib=0.000 variables=17 pieces=5
[perfect_drone_full_node-2] [INFO] [1789024249.815452335] [fsm_node]:  -- [OPTIMIZER_PHASE_MEMORY] optimizer=exp event=end call=21 duration_ms=4.420 iterations=389 ret=1 rss_mib=3233.816 swap_mib=0.000 rss_delta_mib=0.000
[perfect_drone_full_node-2] [INFO] [1789024249.815503273] [fsm_node]:  -- [SUPER] in [PlanFromRest] GenerateExpTrajectory SUCCESS.
[perfect_drone_full_node-2] Publish local map size: 48362
[perfect_drone_full_node-2] [INFO] [1789024249.897246941] [fsm_node]:  -- [OPTIMIZER_PHASE_MEMORY] optimizer=backup event=begin call=41 rss_mib=3234.535 swap_mib=0.000 variables=22 pieces=2
[perfect_drone_full_node-2] [INFO] [1789024249.899690452] [fsm_node]:  -- [OPTIMIZER_PHASE_MEMORY] optimizer=backup event=end call=41 duration_ms=2.502 iterations=536 ret=1 rss_mib=3234.535 swap_mib=0.000 rss_delta_mib=0.000
[perfect_drone_full_node-2] [INFO] [1789024249.899768374] [fsm_node]:  -- [OPTIMIZER_PHASE_MEMORY] optimizer=backup event=begin call=42 rss_mib=3234.535 swap_mib=0.000 variables=22 pieces=2
[perfect_drone_full_node-2] [INFO] [1789024249.904950078] [fsm_node]:  -- [OPTIMIZER_PHASE_MEMORY] optimizer=backup event=end call=42 duration_ms=5.182 iterations=768 ret=1 rss_mib=3234.535 swap_mib=0.000 rss_delta_mib=0.000
[perfect_drone_full_node-2] [INFO] [1789024249.905266634] [fsm_node]:  -- [TRAJ_GUARD_COMMIT] phase=PlanFromRest/with_backup gen=7 map=37 samples=302 range=[0.111,1.610] escape=false footprint_egress=false escape_done_tt=-1.000
[perfect_drone_full_node-2] [INFO] [1789024249.905409227] [fsm_node]:  -- [TRAJ_GUARD_RECOVERY_SIGNAL] active=false
[perfect_drone_full_node-2] [INFO] [1789024249.905418348] [fsm_node]:  -- [TRAJ_GUARD_RECOVERED] trigger=main_pre_uncertified gen=7 map=36
[perfect_drone_full_node-2]  -- [TRAJ_GUARD_CERT] trigger=poly_publish status=SAFE gen=7 map=37 map_age=0.029s map_age_limit=0.550s motion_speed=0.000mps samples=301 range=[0.111,1.610] collision_tt=-1.000 ttc=-1.000 p=[0.000,0.000,0.000]
[perfect_drone_full_node-2] [38;2;000;128;000m -- [Fsm]: [MainFsmCallback] change state from [GENERATE_TRAJ] to [FOLLOW_TRAJ].
[perfect_drone_full_node-2] [0mPublish local map size: 52378
[perfect_drone_full_node-2] [INFO] [1789024250.048907062] [fsm_node]:  -- [OPTIMIZER_PHASE_MEMORY] optimizer=exp event=begin call=22 rss_mib=3234.785 swap_mib=0.000 variables=17 pieces=5
[perfect_drone_full_node-2] [INFO] [1789024250.053744108] [fsm_node]:  -- [OPTIMIZER_PHASE_MEMORY] optimizer=exp event=end call=22 duration_ms=4.866 iterations=382 ret=1 rss_mib=3234.785 swap_mib=0.000 rss_delta_mib=0.000
[perfect_drone_full_node-2]  -- [TRAJ_GUARD_CERT] trigger=main_pre status=SAFE gen=7 map=38 map_age=0.009s map_age_limit=0.550s motion_speed=1.389mps samples=283 range=[0.200,1.610] collision_tt=-1.000 ttc=-1.000 p=[0.000,0.000,0.000]
[perfect_drone_full_node-2] Publish local map size: 53114
[perfect_drone_full_node-2] [INFO] [1789024250.146270475] [fsm_node]:  -- [OPTIMIZER_PHASE_MEMORY] optimizer=backup event=begin call=43 rss_mib=3235.559 swap_mib=0.000 variables=22 pieces=2
[perfect_drone_full_node-2] [INFO] [1789024250.148238418] [fsm_node]:  -- [OPTIMIZER_PHASE_MEMORY] optimizer=backup event=end call=43 duration_ms=2.028 iterations=421 ret=1 rss_mib=3235.559 swap_mib=0.000 rss_delta_mib=0.000
[perfect_drone_full_node-2] [INFO] [1789024250.148314172] [fsm_node]:  -- [OPTIMIZER_PHASE_MEMORY] optimizer=backup event=begin call=44 rss_mib=3235.559 swap_mib=0.000 variables=22 pieces=2
[perfect_drone_full_node-2] [INFO] [1789024250.149105189] [fsm_node]:  -- [OPTIMIZER_PHASE_MEMORY] optimizer=backup event=end call=44 duration_ms=0.792 iterations=175 ret=1 rss_mib=3235.559 swap_mib=0.000 rss_delta_mib=0.000
[perfect_drone_full_node-2] [WARN] [1789024250.149137537] [fsm_node]:  -- [SUPER] in [ReplanOnce]: Replan overtime, check parameters, replan dt = 0.139251313.
[perfect_drone_full_node-2]  -- [TRAJ_GUARD_CERT] trigger=main_pre status=SAFE gen=7 map=39 map_age=0.005s map_age_limit=0.521s motion_speed=3.085mps samples=265 range=[0.290,1.610] collision_tt=-1.000 ttc=-1.000 p=[0.000,0.000,0.000]
[perfect_drone_full_node-2] Publish local map size: 51301
[perfect_drone_full_node-2] [INFO] [1789024250.170387641] [fsm_node]:  -- [OPTIMIZER_PHASE_MEMORY] optimizer=exp event=begin call=23 rss_mib=3235.559 swap_mib=0.000 variables=17 pieces=5
[perfect_drone_full_node-2] [INFO] [1789024250.175294114] [fsm_node]:  -- [OPTIMIZER_PHASE_MEMORY] optimizer=exp event=end call=23 duration_ms=4.942 iterations=377 ret=1 rss_mib=3235.559 swap_mib=0.000 rss_delta_mib=0.000
[perfect_drone_full_node-2]  -- [TRAJ_GUARD_CERT] trigger=main_pre status=SAFE gen=7 map=40 map_age=0.003s map_age_limit=0.500s motion_speed=4.969mps samples=245 range=[0.390,1.610] collision_tt=-1.000 ttc=-1.000 p=[0.000,0.000,0.000]
[perfect_drone_full_node-2] Publish local map size: 48476
[perfect_drone_full_node-2] [INFO] [1789024250.261385844] [fsm_node]:  -- [OPTIMIZER_PHASE_MEMORY] optimizer=backup event=begin call=45 rss_mib=3235.742 swap_mib=0.000 variables=22 pieces=2
[perfect_drone_full_node-2] [INFO] [1789024250.262719040] [fsm_node]:  -- [OPTIMIZER_PHASE_MEMORY] optimizer=backup event=end call=45 duration_ms=1.394 iterations=249 ret=1 rss_mib=3235.742 swap_mib=0.000 rss_delta_mib=0.000
[perfect_drone_full_node-2] [INFO] [1789024250.262804817] [fsm_node]:  -- [OPTIMIZER_PHASE_MEMORY] optimizer=backup event=begin call=46 rss_mib=3235.742 swap_mib=0.000 variables=22 pieces=2
[perfect_drone_full_node-2] [INFO] [1789024250.263899346] [fsm_node]:  -- [OPTIMIZER_PHASE_MEMORY] optimizer=backup event=end call=46 duration_ms=1.095 iterations=240 ret=1 rss_mib=3235.742 swap_mib=0.000 rss_delta_mib=0.000
[perfect_drone_full_node-2] [WARN] [1789024250.263932876] [fsm_node]:  -- [SUPER] in [ReplanOnce]: Replan overtime, check parameters, replan dt = 0.114578724.
[perfect_drone_full_node-2] [INFO] [1789024250.287982424] [fsm_node]:  -- [OPTIMIZER_PHASE_MEMORY] optimizer=exp event=begin call=24 rss_mib=3235.742 swap_mib=0.000 variables=17 pieces=5
[perfect_drone_full_node-2] [INFO] [1789024250.293309521] [fsm_node]:  -- [OPTIMIZER_PHASE_MEMORY] optimizer=exp event=end call=24 duration_ms=5.384 iterations=388 ret=1 rss_mib=3235.742 swap_mib=0.000 rss_delta_mib=0.000
[perfect_drone_full_node-2]  -- [TRAJ_GUARD_CERT] trigger=main_pre status=SAFE gen=7 map=41 map_age=0.008s map_age_limit=0.500s motion_speed=6.365mps samples=223 range=[0.500,1.610] collision_tt=-1.000 ttc=-1.000 p=[0.000,0.000,0.000]
[perfect_drone_full_node-2] Publish local map size: 46754
[perfect_drone_full_node-2] [INFO] [1789024250.373871886] [fsm_node]:  -- [OPTIMIZER_PHASE_MEMORY] optimizer=backup event=begin call=47 rss_mib=3235.910 swap_mib=0.000 variables=22 pieces=2
[perfect_drone_full_node-2] [INFO] [1789024250.375086809] [fsm_node]:  -- [OPTIMIZER_PHASE_MEMORY] optimizer=backup event=end call=47 duration_ms=1.269 iterations=209 ret=1 rss_mib=3235.910 swap_mib=0.000 rss_delta_mib=0.000
[perfect_drone_full_node-2] [INFO] [1789024250.375169509] [fsm_node]:  -- [OPTIMIZER_PHASE_MEMORY] optimizer=backup event=begin call=48 rss_mib=3235.910 swap_mib=0.000 variables=22 pieces=2
[perfect_drone_full_node-2] [INFO] [1789024250.375697263] [fsm_node]:  -- [OPTIMIZER_PHASE_MEMORY] optimizer=backup event=end call=48 duration_ms=0.528 iterations=108 ret=1 rss_mib=3235.910 swap_mib=0.000 rss_delta_mib=0.000
[perfect_drone_full_node-2] [WARN] [1789024250.375732148] [fsm_node]:  -- [SUPER] in [ReplanOnce]: Replan overtime, check parameters, replan dt = 0.111622339.
[perfect_drone_full_node-2] [INFO] [1789024250.396919682] [fsm_node]:  -- [OPTIMIZER_PHASE_MEMORY] optimizer=exp event=begin call=25 rss_mib=3235.910 swap_mib=0.000 variables=17 pieces=5
[perfect_drone_full_node-2] [INFO] [1789024250.409129083] [fsm_node]:  -- [OPTIMIZER_PHASE_MEMORY] optimizer=exp event=end call=25 duration_ms=12.240 iterations=722 ret=1 rss_mib=3235.910 swap_mib=0.000 rss_delta_mib=0.000
[perfect_drone_full_node-2]  -- [TRAJ_GUARD_CERT] trigger=main_pre status=SAFE gen=7 map=42 map_age=0.002s map_age_limit=0.500s motion_speed=6.872mps samples=205 range=[0.590,1.610] collision_tt=-1.000 ttc=-1.000 p=[0.000,0.000,0.000]
[perfect_drone_full_node-2] Publish local map size: 47097
[perfect_drone_full_node-2] [INFO] [1789024250.498758124] [fsm_node]:  -- [OPTIMIZER_PHASE_MEMORY] optimizer=backup event=begin call=49 rss_mib=3235.910 swap_mib=0.000 variables=18 pieces=2
[perfect_drone_full_node-2] [INFO] [1789024250.501365807] [fsm_node]:  -- [OPTIMIZER_PHASE_MEMORY] optimizer=backup event=end call=49 duration_ms=2.657 iterations=435 ret=1 rss_mib=3235.910 swap_mib=0.000 rss_delta_mib=0.000
[perfect_drone_full_node-2] [INFO] [1789024250.501458260] [fsm_node]:  -- [OPTIMIZER_PHASE_MEMORY] optimizer=backup event=begin call=50 rss_mib=3235.910 swap_mib=0.000 variables=18 pieces=2
[perfect_drone_full_node-2] [INFO] [1789024250.502293193] [fsm_node]:  -- [OPTIMIZER_PHASE_MEMORY] optimizer=backup event=end call=50 duration_ms=0.837 iterations=176 ret=1 rss_mib=3235.910 swap_mib=0.000 rss_delta_mib=0.000
[perfect_drone_full_node-2] [WARN] [1789024250.502330010] [fsm_node]:  -- [SUPER] in [ReplanOnce]: Replan overtime, check parameters, replan dt = 0.1264818.
[perfect_drone_full_node-2] [INFO] [1789024250.528541784] [fsm_node]:  -- [OPTIMIZER_PHASE_MEMORY] optimizer=exp event=begin call=26 rss_mib=3235.910 swap_mib=0.000 variables=17 pieces=5
[perfect_drone_full_node-2] [INFO] [1789024250.548021598] [fsm_node]:  -- [OPTIMIZER_PHASE_MEMORY] optimizer=exp event=end call=26 duration_ms=19.479 iterations=1169 ret=1 rss_mib=3235.910 swap_mib=0.000 rss_delta_mib=0.000
[perfect_drone_full_node-2]  -- [TRAJ_GUARD_CERT] trigger=main_pre status=SAFE gen=7 map=43 map_age=0.002s map_age_limit=0.500s motion_speed=6.999mps samples=185 range=[0.690,1.610] collision_tt=-1.000 ttc=-1.000 p=[0.000,0.000,0.000]
[perfect_drone_full_node-2]  -- [MARSIM] Running FPS: 259.878540566495474
[perfect_drone_full_node-2] Publish local map size: 47964
[perfect_drone_full_node-2] [INFO] [1789024250.640744750] [fsm_node]:  -- [OPTIMIZER_PHASE_MEMORY] optimizer=backup event=begin call=51 rss_mib=3235.910 swap_mib=0.000 variables=26 pieces=2
[perfect_drone_full_node-2] [INFO] [1789024250.644659068] [fsm_node]:  -- [OPTIMIZER_PHASE_MEMORY] optimizer=backup event=end call=51 duration_ms=3.979 iterations=486 ret=1 rss_mib=3235.910 swap_mib=0.000 rss_delta_mib=0.000
[perfect_drone_full_node-2] [INFO] [1789024250.644762517] [fsm_node]:  -- [OPTIMIZER_PHASE_MEMORY] optimizer=backup event=begin call=52 rss_mib=3235.910 swap_mib=0.000 variables=26 pieces=2
[perfect_drone_full_node-2] [INFO] [1789024250.645620003] [fsm_node]:  -- [OPTIMIZER_PHASE_MEMORY] optimizer=backup event=end call=52 duration_ms=0.859 iterations=157 ret=1 rss_mib=3235.910 swap_mib=0.000 rss_delta_mib=0.000
[perfect_drone_full_node-2] [WARN] [1789024250.645660374] [fsm_node]:  -- [SUPER] in [ReplanOnce]: Replan overtime, check parameters, replan dt = 0.143115641.
[perfect_drone_full_node-2]  -- [TRAJ_GUARD_CERT] trigger=main_pre status=SAFE gen=7 map=44 map_age=0.010s map_age_limit=0.500s motion_speed=6.974mps samples=163 range=[0.800,1.610] collision_tt=-1.000 ttc=-1.000 p=[0.000,0.000,0.000]
[perfect_drone_full_node-2] Publish local map size: 48312
[perfect_drone_full_node-2] [INFO] [1789024250.660532326] [perfect_tracking]: [SENSOR_CADENCE_SUMMARY] frames=50 span_s=4.894725 hz=10.010778 raw_published=0 direct_handoffs=44 payload_bytes=53573568 side_entry_v1_enabled=0 side_entry_v1_spawned=0 side_entry_v1_injected_frames=0
[perfect_drone_full_node-2] [INFO] [1789024250.660611123] [perfect_tracking]: [SENSOR_BURST_DROPOUT_SUMMARY] enabled=1 warmup_s=1.000000 period_s=2.000000 duration_s=0.500000 phase_s=1.800000 phase_env_override=1 rendered=50 delivered=44 dropped=6 bursts=2 max_consecutive_dropped=5 max_delivered_gap_s=0.602528 dropped_payload_bytes=9323264
[perfect_drone_full_node-2] Publish global map size: 114808
[perfect_drone_full_node-2] Publish global map size: 114808
[perfect_drone_full_node-2] Publish global map size: 114808
[perfect_drone_full_node-2] [INFO] [1789024250.673815673] [fsm_node]:  -- [OPTIMIZER_PHASE_MEMORY] optimizer=exp event=begin call=27 rss_mib=3262.984 swap_mib=0.000 variables=17 pieces=5
[perfect_drone_full_node-2] Publish global map size: 114808
[perfect_drone_full_node-2] Publish global map size: 114808
[perfect_drone_full_node-2] [INFO] [1789024250.686372604] [fsm_node]:  -- [OPTIMIZER_PHASE_MEMORY] optimizer=exp event=end call=27 duration_ms=12.598 iterations=787 ret=1 rss_mib=3278.957 swap_mib=0.000 rss_delta_mib=15.973
[perfect_drone_full_node-2] Publish global map size: 114808
[perfect_drone_full_node-2] Publish global map size: 114808
[perfect_drone_full_node-2] [32m -- [Fsm] Get goal at [0m24.525000000000002 20.025000000000002  1.525000000000000
[perfect_drone_full_node-2] [32m -- [Fsm] Receive click goal at: [24.525000000000002 20.025000000000002  1.525000000000000]; goal yaw: 0.000000000000000 deg[0m
[perfect_drone_full_node-2] Publish global map size: 114808
[perfect_drone_full_node-2] Publish global map size: 114808
[perfect_drone_full_node-2] Publish global map size: 114808
[perfect_drone_full_node-2] Publish global map size: 114808
[perfect_drone_full_node-2] Publish global map size: 114808
[perfect_drone_full_node-2] Publish global map size: 114808
[perfect_drone_full_node-2] Publish global map size: 114808
[perfect_drone_full_node-2] Publish global map size: 114808
[perfect_drone_full_node-2] Publish global map size: 114808
[perfect_drone_full_node-2] Publish global map size: 114808
[perfect_drone_full_node-2] Publish global map size: 114808
[perfect_drone_full_node-2] Publish global map size: 114808
[perfect_drone_full_node-2] Publish global map size: 114808
[perfect_drone_full_node-2] Publish global map size: 114808
[perfect_drone_full_node-2] Publish global map size: 114808
[perfect_drone_full_node-2] Publish global map size: 114808
[perfect_drone_full_node-2] Publish global map size: 114808
[perfect_drone_full_node-2] Publish global map size: 114808
[perfect_drone_full_node-2] Publish global map size: 114808
[perfect_drone_full_node-2] Publish global map size: 114808
[perfect_drone_full_node-2] Publish global map size: 114808
[perfect_drone_full_node-2] Publish global map size: 114808
[perfect_drone_full_node-2] Publish global map size: 114808
[perfect_drone_full_node-2] Publish global map size: 114808
[perfect_drone_full_node-2] Publish global map size: 114808
[perfect_drone_full_node-2] Publish global map size: 114808
[perfect_drone_full_node-2] Publish local map size: 47910
[perfect_drone_full_node-2] [INFO] [1789024250.786419887] [fsm_node]:  -- [OPTIMIZER_PHASE_MEMORY] optimizer=backup event=begin call=53 rss_mib=3308.676 swap_mib=0.000 variables=26 pieces=2
[perfect_drone_full_node-2] [INFO] [1789024250.789485967] [fsm_node]:  -- [OPTIMIZER_PHASE_MEMORY] optimizer=backup event=end call=53 duration_ms=3.126 iterations=410 ret=1 rss_mib=3308.676 swap_mib=0.000 rss_delta_mib=0.000
[perfect_drone_full_node-2] [INFO] [1789024250.789604738] [fsm_node]:  -- [OPTIMIZER_PHASE_MEMORY] optimizer=backup event=begin call=54 rss_mib=3308.688 swap_mib=0.000 variables=26 pieces=2
[perfect_drone_full_node-2] [32m -- [Fsm 5.137] Current state: FOLLOW_TRAJ[0m
[perfect_drone_full_node-2] [INFO] [1789024250.797058669] [fsm_node]:  -- [OPTIMIZER_PHASE_MEMORY] optimizer=backup event=end call=54 duration_ms=7.453 iterations=870 ret=1 rss_mib=3308.688 swap_mib=0.000 rss_delta_mib=0.000
[perfect_drone_full_node-2] [WARN] [1789024250.797102429] [fsm_node]:  -- [SUPER] in [ReplanOnce]: Replan overtime, check parameters, replan dt = 0.151220192.
[perfect_drone_full_node-2] [INFO] [1789024250.826431447] [fsm_node]:  -- [OPTIMIZER_PHASE_MEMORY] optimizer=exp event=begin call=28 rss_mib=3308.688 swap_mib=0.000 variables=13 pieces=4
[perfect_drone_full_node-2] [INFO] [1789024250.828625755] [fsm_node]:  -- [OPTIMIZER_PHASE_MEMORY] optimizer=exp event=end call=28 duration_ms=2.247 iterations=184 ret=1 rss_mib=3308.688 swap_mib=0.000 rss_delta_mib=0.000
[perfect_drone_full_node-2] Publish local map size: 56840
[perfect_drone_full_node-2] [INFO] [1789024250.934423843] [fsm_node]:  -- [OPTIMIZER_PHASE_MEMORY] optimizer=backup event=begin call=55 rss_mib=3308.688 swap_mib=0.000 variables=18 pieces=2
[perfect_drone_full_node-2] [INFO] [1789024250.940529439] [fsm_node]:  -- [OPTIMIZER_PHASE_MEMORY] optimizer=backup event=end call=55 duration_ms=6.159 iterations=794 ret=1 rss_mib=3308.688 swap_mib=0.000 rss_delta_mib=0.000
[perfect_drone_full_node-2] [INFO] [1789024250.940666795] [fsm_node]:  -- [OPTIMIZER_PHASE_MEMORY] optimizer=backup event=begin call=56 rss_mib=3308.688 swap_mib=0.000 variables=18 pieces=2
[perfect_drone_full_node-2] [INFO] [1789024250.943898509] [fsm_node]:  -- [OPTIMIZER_PHASE_MEMORY] optimizer=backup event=end call=56 duration_ms=3.226 iterations=503 ret=1 rss_mib=3308.688 swap_mib=0.000 rss_delta_mib=0.000
[perfect_drone_full_node-2] [WARN] [1789024250.943953849] [fsm_node]:  -- [SUPER] in [ReplanOnce]: Replan overtime, check parameters, replan dt = 0.146600629.
[perfect_drone_full_node-2] Publish local map size: 55791
[perfect_drone_full_node-2] [INFO] [1789024250.978713940] [fsm_node]:  -- [OPTIMIZER_PHASE_MEMORY] optimizer=exp event=begin call=29 rss_mib=3308.688 swap_mib=0.000 variables=13 pieces=4
[perfect_drone_full_node-2] [INFO] [1789024250.981323646] [fsm_node]:  -- [OPTIMIZER_PHASE_MEMORY] optimizer=exp event=end call=29 duration_ms=2.668 iterations=217 ret=1 rss_mib=3308.688 swap_mib=0.000 rss_delta_mib=0.000
[perfect_drone_full_node-2] Publish local map size: 56117
[perfect_drone_full_node-2] [INFO] [1789024251.067162762] [fsm_node]:  -- [OPTIMIZER_PHASE_MEMORY] optimizer=backup event=begin call=57 rss_mib=3308.688 swap_mib=0.000 variables=22 pieces=2
[perfect_drone_full_node-2] [INFO] [1789024251.068453128] [fsm_node]:  -- [OPTIMIZER_PHASE_MEMORY] optimizer=backup event=end call=57 duration_ms=1.355 iterations=194 ret=1 rss_mib=3308.688 swap_mib=0.000 rss_delta_mib=0.000
[perfect_drone_full_node-2] [INFO] [1789024251.068562294] [fsm_node]:  -- [OPTIMIZER_PHASE_MEMORY] optimizer=backup event=begin call=58 rss_mib=3308.688 swap_mib=0.000 variables=22 pieces=2
[perfect_drone_full_node-2] [INFO] [1789024251.075977727] [fsm_node]:  -- [OPTIMIZER_PHASE_MEMORY] optimizer=backup event=end call=58 duration_ms=7.377 iterations=864 ret=1 rss_mib=3308.688 swap_mib=0.000 rss_delta_mib=0.000
[perfect_drone_full_node-2] [WARN] [1789024251.076049540] [fsm_node]:  -- [SUPER] in [ReplanOnce]: Replan overtime, check parameters, replan dt = 0.131975898.
[perfect_drone_full_node-2] [INFO] [1789024251.133930045] [fsm_node]:  -- [TRAJ_GUARD_RECOVERY_SIGNAL] active=true
[perfect_drone_full_node-2] [ERROR] [1789024251.136019177] [fsm_node]:  -- [TRAJ_GUARD_BRAKE_REJECTED] trigger=main_pre_uncertified searched=[0.400,3.000]s speed0=2.167 initial_source=fresh_command cmd_age=0.010s cmd_pos_err=0.000 cmd_vel_err=inf motion_speed=inf motion_dt=infs motion_pose_speed=inf motion_twist_speed=2.167 motion_disagreement=inf motion_source=none motion_gen=7/6 motion_gen_continuous=false last_dynamics_ok=true max_vel=5.989 vel_limit=7.000 max_acc=16.663 max_jerk=20.890 last_path_status=UNOBSERVED last_map=44 map_age=0.552s raw_status=DISABLED raw_cloud=0 raw_age=0.000s ciri_shadow=DISABLED ciri_shadow_result=0 ciri_shadow_queued=0 ciri_shadow_age=infs; no brake command published
[perfect_drone_full_node-2] [ERROR] [1789024251.144515718] [fsm_node]:  -- [TRAJ_GUARD_BRAKE_REJECTED] trigger=emergency_stop_retry searched=[0.400,3.000]s speed0=0.000 initial_source=position_difference cmd_age=0.020s cmd_pos_err=0.000 cmd_vel_err=2.167 motion_speed=0.000 motion_dt=0.010s motion_pose_speed=0.000 motion_twist_speed=2.167 motion_disagreement=2.167 motion_source=position_difference motion_gen=7/7 motion_gen_continuous=true last_dynamics_ok=true max_vel=0.000 vel_limit=7.000 max_acc=0.000 max_jerk=0.000 last_path_status=SAFE last_map=44 map_age=0.561s raw_status=DISABLED raw_cloud=0 raw_age=infs ciri_shadow=DISABLED ciri_shadow_result=0 ciri_shadow_queued=0 ciri_shadow_age=infs; no brake command published
[perfect_drone_full_node-2]  -- [TRAJ_GUARD_CERT] trigger=main_pre status=MAP_STALE gen=7 map=44 map_age=0.550s map_age_limit=0.550s motion_speed=2.167mps samples=0 range=[0.000,0.000] collision_tt=-1.000 ttc=-1.000 p=[0.000,0.000,0.000]
[perfect_drone_full_node-2] [38;2;000;128;000m -- [Fsm]: [TrajectoryGuardFailClosed] change state from [FOLLOW_TRAJ] to [EMER_STOP].
[perfect_drone_full_node-2] [0mPublish local map size: 54648
[perfect_drone_full_node-2] [ERROR] [1789024251.244669225] [fsm_node]:  -- [TRAJ_GUARD_BRAKE_REJECTED] trigger=emergency_stop_retry searched=[0.400,3.000]s speed0=0.000 initial_source=position_difference cmd_age=0.120s cmd_pos_err=0.000 cmd_vel_err=2.167 motion_speed=0.000 motion_dt=0.100s motion_pose_speed=0.000 motion_twist_speed=2.167 motion_disagreement=2.167 motion_source=position_difference motion_gen=7/7 motion_gen_continuous=true last_dynamics_ok=true max_vel=0.000 vel_limit=7.000 max_acc=0.000 max_jerk=0.000 last_path_status=SAFE last_map=45 map_age=0.051s raw_status=DISABLED raw_cloud=0 raw_age=infs ciri_shadow=DISABLED ciri_shadow_result=0 ciri_shadow_queued=0 ciri_shadow_age=infs; no brake command published
[perfect_drone_full_node-2] Publish local map size: 54681
[perfect_drone_full_node-2] [ERROR] [1789024251.354494601] [fsm_node]:  -- [TRAJ_GUARD_BRAKE_REJECTED] trigger=emergency_stop_retry searched=[0.400,3.000]s speed0=0.000 initial_source=position_difference cmd_age=0.230s cmd_pos_err=0.000 cmd_vel_err=2.167 motion_speed=0.000 motion_dt=0.110s motion_pose_speed=0.000 motion_twist_speed=2.167 motion_disagreement=2.167 motion_source=position_difference motion_gen=7/7 motion_gen_continuous=true last_dynamics_ok=true max_vel=0.000 vel_limit=7.000 max_acc=0.000 max_jerk=0.000 last_path_status=SAFE last_map=46 map_age=0.066s raw_status=DISABLED raw_cloud=0 raw_age=infs ciri_shadow=DISABLED ciri_shadow_result=0 ciri_shadow_queued=0 ciri_shadow_age=infs; no brake command published
[perfect_drone_full_node-2] Publish local map size: 54670
[perfect_drone_full_node-2] [WARN] [1789024251.454778591] [fsm_node]:  -- [TRAJ_GUARD_STATIONARY_HOLD] trigger=emergency_stop_retry stable_for=0.310s displacement=0.000m action=publish_certified_hold
[perfect_drone_full_node-2] [ERROR] [1789024251.454906161] [fsm_node]:  -- [TRAJ_GUARD_BRAKE] trigger=emergency_stop_retry duration=0.400s speed0=0.000 initial_source=position_difference cmd_age=0.330s cmd_pos_err=0.000 cmd_vel_err=2.167 motion_speed=0.000 motion_dt=0.100s motion_pose_speed=0.000 motion_twist_speed=2.167 motion_disagreement=2.167 motion_source=position_difference motion_gen=7/7 motion_gen_continuous=true max_vel=0.000 vel_limit=7.000 max_acc=0.000 max_jerk=0.000 dynamics_ok=true path_status=SAFE map=47 map_age=0.068s raw_status=DISABLED raw_cloud=0 raw_age=0.000s ciri_shadow=DISABLED ciri_shadow_result=0 ciri_shadow_queued=0 ciri_shadow_age=infs stop=[22.440,11.449,1.204]
[perfect_drone_full_node-2] [38;2;000;128;000m -- [Fsm]: [TrajectoryGuard] change state from [EMER_STOP] to [EMER_STOP].
[perfect_drone_full_node-2] [0mPublish local map size: 54621
[perfect_drone_full_node-2] [WARN] [1789024251.463930289] [fsm_node]:  -- [TRAJ_GUARD_RECOVERY_EPISODE_RESET] reason=horizontal_progress progress=6.438m threshold=2.000m prior_local=0 prior_vertical=0 prior_base=0
[perfect_drone_full_node-2] [INFO] [1789024251.494988350] [fsm_node]:  -- [OPTIMIZER_PHASE_MEMORY] optimizer=exp event=begin call=30 rss_mib=3308.688 swap_mib=0.000 variables=13 pieces=4
[perfect_drone_full_node-2] [INFO] [1789024251.497507682] [fsm_node]:  -- [OPTIMIZER_PHASE_MEMORY] optimizer=exp event=end call=30 duration_ms=2.586 iterations=233 ret=1 rss_mib=3308.688 swap_mib=0.000 rss_delta_mib=0.000
[perfect_drone_full_node-2] [INFO] [1789024251.497559964] [fsm_node]:  -- [SUPER] in [PlanFromRest] GenerateExpTrajectory SUCCESS.
[perfect_drone_full_node-2] [38;2;000;128;000m -- [Fsm]: [TrajectoryGuardRecovery] change state from [EMER_STOP] to [GENERATE_TRAJ].
[perfect_drone_full_node-2] [0mPublish local map size: 48466
[perfect_drone_full_node-2] [INFO] [1789024251.570127486] [fsm_node]:  -- [OPTIMIZER_PHASE_MEMORY] optimizer=backup event=begin call=59 rss_mib=3308.688 swap_mib=0.000 variables=38 pieces=2
[perfect_drone_full_node-2] [INFO] [1789024251.571820382] [fsm_node]:  -- [OPTIMIZER_PHASE_MEMORY] optimizer=backup event=end call=59 duration_ms=1.749 iterations=239 ret=1 rss_mib=3308.688 swap_mib=0.000 rss_delta_mib=0.000
[perfect_drone_full_node-2] [INFO] [1789024251.571938758] [fsm_node]:  -- [OPTIMIZER_PHASE_MEMORY] optimizer=backup event=begin call=60 rss_mib=3308.688 swap_mib=0.000 variables=38 pieces=2
[perfect_drone_full_node-2] [INFO] [1789024251.574615127] [fsm_node]:  -- [OPTIMIZER_PHASE_MEMORY] optimizer=backup event=end call=60 duration_ms=2.674 iterations=323 ret=1 rss_mib=3308.688 swap_mib=0.000 rss_delta_mib=0.000
[perfect_drone_full_node-2] [INFO] [1789024251.574947235] [fsm_node]:  -- [TRAJ_GUARD_COMMIT] phase=PlanFromRest/with_backup gen=8 map=48 samples=239 range=[0.111,1.292] escape=false footprint_egress=false escape_done_tt=-1.000
[perfect_drone_full_node-2] [INFO] [1789024251.575098569] [fsm_node]:  -- [TRAJ_GUARD_RECOVERY_SIGNAL] active=false
[perfect_drone_full_node-2] [INFO] [1789024251.575106203] [fsm_node]:  -- [TRAJ_GUARD_RECOVERED] trigger=emergency_stop_retry gen=8 map=47
[perfect_drone_full_node-2]  -- [TRAJ_GUARD_CERT] trigger=poly_publish status=SAFE gen=8 map=48 map_age=0.087s map_age_limit=0.550s motion_speed=0.000mps samples=238 range=[0.111,1.292] collision_tt=-1.000 ttc=-1.000 p=[0.000,0.000,0.000]
[perfect_drone_full_node-2] [38;2;000;128;000m -- [Fsm]: [MainFsmCallback] change state from [GENERATE_TRAJ] to [FOLLOW_TRAJ].
[perfect_drone_full_node-2] [0m -- [TRAJ_GUARD_CERT] trigger=main_pre status=SAFE gen=8 map=49 map_age=0.003s map_age_limit=0.550s motion_speed=0.000mps samples=236 range=[0.120,1.292] collision_tt=-1.000 ttc=-1.000 p=[0.000,0.000,0.000]
[perfect_drone_full_node-2] Publish local map size: 54473
[perfect_drone_full_node-2] [INFO] [1789024251.687309296] [fsm_node]:  -- [OPTIMIZER_PHASE_MEMORY] optimizer=exp event=begin call=31 rss_mib=3308.688 swap_mib=0.000 variables=17 pieces=5
[perfect_drone_full_node-2]  -- [TRAJ_GUARD_CERT] trigger=main_pre status=SAFE gen=8 map=50 map_age=0.007s map_age_limit=0.550s motion_speed=1.998mps samples=214 range=[0.230,1.292] collision_tt=-1.000 ttc=-1.000 p=[0.000,0.000,0.000]
[perfect_drone_full_node-2] [32m -- [Fsm] Get goal at [0m24.525000000000002 20.025000000000002  1.525000000000000
[perfect_drone_full_node-2] [32m -- [Fsm] Receive click goal at: [24.525000000000002 20.025000000000002  1.525000000000000]; goal yaw: 0.000000000000000 deg[0m
[perfect_drone_full_node-2] [INFO] [1789024251.704504032] [fsm_node]:  -- [OPTIMIZER_PHASE_MEMORY] optimizer=exp event=end call=31 duration_ms=17.229 iterations=1109 ret=1 rss_mib=3308.688 swap_mib=0.000 rss_delta_mib=0.000
[perfect_drone_full_node-2] Publish local map size: 52331
[perfect_drone_full_node-2] [INFO] [1789024251.778307634] [fsm_node]:  -- [OPTIMIZER_PHASE_MEMORY] optimizer=backup event=begin call=61 rss_mib=3308.688 swap_mib=0.000 variables=44 pieces=2
[perfect_drone_full_node-2] [INFO] [1789024251.780578549] [fsm_node]:  -- [OPTIMIZER_PHASE_MEMORY] optimizer=backup event=end call=61 duration_ms=2.330 iterations=266 ret=1 rss_mib=3308.688 swap_mib=0.000 rss_delta_mib=0.000
[perfect_drone_full_node-2] [INFO] [1789024251.780715956] [fsm_node]:  -- [OPTIMIZER_PHASE_MEMORY] optimizer=backup event=begin call=62 rss_mib=3308.688 swap_mib=0.000 variables=44 pieces=2
[perfect_drone_full_node-2] [INFO] [1789024251.787487544] [fsm_node]:  -- [OPTIMIZER_PHASE_MEMORY] optimizer=backup event=end call=62 duration_ms=6.745 iterations=628 ret=1 rss_mib=3308.688 swap_mib=0.000 rss_delta_mib=0.000
[perfect_drone_full_node-2] [WARN] [1789024251.787558518] [fsm_node]:  -- [SUPER] in [ReplanOnce]: Replan overtime, check parameters, replan dt = 0.127631093.
[perfect_drone_full_node-2]  -- [TRAJ_GUARD_CERT] trigger=replan_post status=SAFE gen=8 map=51 map_age=0.002s map_age_limit=0.500s motion_speed=3.953mps samples=195 range=[0.324,1.292] collision_tt=-1.000 ttc=-1.000 p=[0.000,0.000,0.000]
[perfect_drone_full_node-2] [32m -- [Fsm 6.137] Current state: FOLLOW_TRAJ[0m
[perfect_drone_full_node-2] [INFO] [1789024251.819351460] [fsm_node]:  -- [OPTIMIZER_PHASE_MEMORY] optimizer=exp event=begin call=32 rss_mib=3308.688 swap_mib=0.000 variables=17 pieces=5
[perfect_drone_full_node-2] [INFO] [1789024251.839887775] [fsm_node]:  -- [OPTIMIZER_PHASE_MEMORY] optimizer=exp event=end call=32 duration_ms=20.537 iterations=1296 ret=1 rss_mib=3308.688 swap_mib=0.000 rss_delta_mib=0.000
[perfect_drone_full_node-2] Publish local map size: 48779
[perfect_drone_full_node-2] [INFO] [1789024251.902183913] [fsm_node]:  -- [OPTIMIZER_PHASE_MEMORY] optimizer=backup event=begin call=63 rss_mib=3308.688 swap_mib=0.000 variables=40 pieces=2
[perfect_drone_full_node-2] [INFO] [1789024251.904232778] [fsm_node]:  -- [OPTIMIZER_PHASE_MEMORY] optimizer=backup event=end call=63 duration_ms=2.112 iterations=244 ret=1 rss_mib=3308.688 swap_mib=0.000 rss_delta_mib=0.000
[perfect_drone_full_node-2] [INFO] [1789024251.904367814] [fsm_node]:  -- [OPTIMIZER_PHASE_MEMORY] optimizer=backup event=begin call=64 rss_mib=3308.688 swap_mib=0.000 variables=40 pieces=2
[perfect_drone_full_node-2] [INFO] [1789024251.916825674] [fsm_node]:  -- [OPTIMIZER_PHASE_MEMORY] optimizer=backup event=end call=64 duration_ms=12.446 iterations=1128 ret=1 rss_mib=3308.688 swap_mib=0.000 rss_delta_mib=0.000
[perfect_drone_full_node-2] [WARN] [1789024251.916889888] [fsm_node]:  -- [SUPER] in [ReplanOnce]: Replan overtime, check parameters, replan dt = 0.129120937.
[perfect_drone_full_node-2] [INFO] [1789024251.953571993] [fsm_node]:  -- [OPTIMIZER_PHASE_MEMORY] optimizer=exp event=begin call=33 rss_mib=3308.688 swap_mib=0.000 variables=13 pieces=4
[perfect_drone_full_node-2] [INFO] [1789024251.957008548] [fsm_node]:  -- [OPTIMIZER_PHASE_MEMORY] optimizer=exp event=end call=33 duration_ms=3.481 iterations=285 ret=1 rss_mib=3308.688 swap_mib=0.000 rss_delta_mib=0.000
[perfect_drone_full_node-2]  -- [TRAJ_GUARD_CERT] trigger=main_pre status=SAFE gen=8 map=52 map_age=0.008s map_age_limit=0.500s motion_speed=5.591mps samples=174 range=[0.430,1.292] collision_tt=-1.000 ttc=-1.000 p=[0.000,0.000,0.000]
[perfect_drone_full_node-2] Publish local map size: 46037
[perfect_drone_full_node-2] [INFO] [1789024252.000116237] [fsm_node]:  -- [OPTIMIZER_PHASE_MEMORY] optimizer=backup event=begin call=65 rss_mib=3308.688 swap_mib=0.000 variables=38 pieces=2
[perfect_drone_full_node-2] [INFO] [1789024252.002227782] [fsm_node]:  -- [OPTIMIZER_PHASE_MEMORY] optimizer=backup event=end call=65 duration_ms=2.163 iterations=232 ret=1 rss_mib=3308.688 swap_mib=0.000 rss_delta_mib=0.000
[perfect_drone_full_node-2] [INFO] [1789024252.002353451] [fsm_node]:  -- [OPTIMIZER_PHASE_MEMORY] optimizer=backup event=begin call=66 rss_mib=3308.688 swap_mib=0.000 variables=38 pieces=2
[perfect_drone_full_node-2] [INFO] [1789024252.004032835] [fsm_node]:  -- [OPTIMIZER_PHASE_MEMORY] optimizer=backup event=end call=66 duration_ms=1.666 iterations=199 ret=1 rss_mib=3308.688 swap_mib=0.000 rss_delta_mib=0.000
[perfect_drone_full_node-2] [INFO] [1789024252.004329870] [fsm_node]:  -- [TRAJ_GUARD_COMMIT] phase=ReplanOnce/with_backup gen=9 map=53 samples=147 range=[0.087,0.808] escape=false footprint_egress=false escape_done_tt=-1.000
[perfect_drone_full_node-2]  -- [TRAJ_GUARD_CERT] trigger=main_pre status=SAFE gen=8 map=53 map_age=0.002s map_age_limit=0.500s motion_speed=6.500mps samples=156 range=[0.520,1.292] collision_tt=-1.000 ttc=-1.000 p=[0.000,0.000,0.000]
[perfect_drone_full_node-2] [32m -- [Fsm] ReplanOnce succeed.[0m
[perfect_drone_full_node-2] [INFO] [1789024252.043714145] [fsm_node]:  -- [OPTIMIZER_PHASE_MEMORY] optimizer=exp event=begin call=34 rss_mib=3308.688 swap_mib=0.000 variables=13 pieces=4
[perfect_drone_full_node-2] [INFO] [1789024252.048305028] [fsm_node]:  -- [OPTIMIZER_PHASE_MEMORY] optimizer=exp event=end call=34 duration_ms=4.637 iterations=377 ret=1 rss_mib=3308.688 swap_mib=0.000 rss_delta_mib=0.000
[perfect_drone_full_node-2]  -- [TRAJ_GUARD_CERT] trigger=poly_publish status=SAFE gen=9 map=53 map_age=0.022s map_age_limit=0.500s motion_speed=6.687mps samples=146 range=[0.087,0.808] collision_tt=-1.000 ttc=-1.000 p=[0.000,0.000,0.000]
[perfect_drone_full_node-2] Publish local map size: 45586
[perfect_drone_full_node-2] [INFO] [1789024252.099219671] [fsm_node]:  -- [OPTIMIZER_PHASE_MEMORY] optimizer=backup event=begin call=67 rss_mib=3308.871 swap_mib=0.000 variables=36 pieces=2
[perfect_drone_full_node-2] [INFO] [1789024252.100055994] [fsm_node]:  -- [OPTIMIZER_PHASE_MEMORY] optimizer=backup event=end call=67 duration_ms=0.902 iterations=80 ret=1 rss_mib=3308.871 swap_mib=0.000 rss_delta_mib=0.000
[perfect_drone_full_node-2] [INFO] [1789024252.100191833] [fsm_node]:  -- [OPTIMIZER_PHASE_MEMORY] optimizer=backup event=begin call=68 rss_mib=3308.871 swap_mib=0.000 variables=36 pieces=2
[perfect_drone_full_node-2] [INFO] [1789024252.103974652] [fsm_node]:  -- [OPTIMIZER_PHASE_MEMORY] optimizer=backup event=end call=68 duration_ms=3.765 iterations=380 ret=1 rss_mib=3308.871 swap_mib=0.000 rss_delta_mib=0.000
[perfect_drone_full_node-2] [WARN] [1789024252.104044169] [fsm_node]:  -- [SUPER] in [ReplanOnce]: Replan overtime, check parameters, replan dt = 0.099504178.
[perfect_drone_full_node-2] [INFO] [1789024252.148373968] [fsm_node]:  -- [OPTIMIZER_PHASE_MEMORY] optimizer=exp event=begin call=35 rss_mib=3308.871 swap_mib=0.000 variables=13 pieces=4
[perfect_drone_full_node-2]  -- [TRAJ_GUARD_CERT] trigger=main_pre status=SAFE gen=9 map=54 map_age=0.011s map_age_limit=0.500s motion_speed=6.953mps samples=128 range=[0.177,0.808] collision_tt=-1.000 ttc=-1.000 p=[0.000,0.000,0.000]
[perfect_drone_full_node-2] Publish local map size: 56245
[perfect_drone_full_node-2] [INFO] [1789024252.180897807] [fsm_node]:  -- [OPTIMIZER_PHASE_MEMORY] optimizer=exp event=end call=35 duration_ms=32.512 iterations=2250 ret=1 rss_mib=3308.871 swap_mib=0.000 rss_delta_mib=0.000
[perfect_drone_full_node-2] [INFO] [1789024252.221013446] [fsm_node]:  -- [OPTIMIZER_PHASE_MEMORY] optimizer=backup event=begin call=69 rss_mib=3308.871 swap_mib=0.000 variables=30 pieces=2
[perfect_drone_full_node-2] [INFO] [1789024252.222824734] [fsm_node]:  -- [OPTIMIZER_PHASE_MEMORY] optimizer=backup event=end call=69 duration_ms=1.871 iterations=257 ret=1 rss_mib=3308.871 swap_mib=0.000 rss_delta_mib=0.000
[perfect_drone_full_node-2] [INFO] [1789024252.222953373] [fsm_node]:  -- [OPTIMIZER_PHASE_MEMORY] optimizer=backup event=begin call=70 rss_mib=3308.871 swap_mib=0.000 variables=30 pieces=2
[perfect_drone_full_node-2] [INFO] [1789024252.228396228] [fsm_node]:  -- [OPTIMIZER_PHASE_MEMORY] optimizer=backup event=end call=70 duration_ms=5.443 iterations=621 ret=1 rss_mib=3308.871 swap_mib=0.000 rss_delta_mib=0.000
[perfect_drone_full_node-2] [WARN] [1789024252.228442548] [fsm_node]:  -- [SUPER] in [ReplanOnce]: Replan overtime, check parameters, replan dt = 0.124236667.
[perfect_drone_full_node-2]  -- [TRAJ_GUARD_CERT] trigger=main_pre status=SAFE gen=9 map=55 map_age=0.009s map_age_limit=0.500s motion_speed=6.997mps samples=108 range=[0.277,0.808] collision_tt=-1.000 ttc=-1.000 p=[0.000,0.000,0.000]
[perfect_drone_full_node-2] Publish local map size: 67138
[perfect_drone_full_node-2] [INFO] [1789024252.270887818] [fsm_node]:  -- [OPTIMIZER_PHASE_MEMORY] optimizer=exp event=begin call=36 rss_mib=3308.969 swap_mib=0.000 variables=13 pieces=4
[perfect_drone_full_node-2] [INFO] [1789024252.277862520] [fsm_node]:  -- [OPTIMIZER_PHASE_MEMORY] optimizer=exp event=end call=36 duration_ms=7.003 iterations=491 ret=1 rss_mib=3308.969 swap_mib=0.000 rss_delta_mib=0.000
[perfect_drone_full_node-2] [WARN] [1789024252.277895906] [fsm_node]:  -- [ExpOpt] Opt failed, Omg or thr or Pos violation.
[perfect_drone_full_node-2] [33m -- [MINCO] TrajOpt failed, (unknown)[0m
[perfect_drone_full_node-2] [33m -- [SUPER] Minco exp_traj opt failed.[0m
[perfect_drone_full_node-2] [WARN] [1789024252.277941430] [fsm_node]:  -- [SUPER] OptimizationExpTrajInPolytopes for new path failed
[perfect_drone_full_node-2] [WARN] [1789024252.277958899] [fsm_node]:  -- [SUPER] in [ReplanOnce]: GenerateExpTrajectory failed, force return
[perfect_drone_full_node-2] [INFO] [1789024252.318499274] [fsm_node]:  -- [OPTIMIZER_PHASE_MEMORY] optimizer=exp event=begin call=37 rss_mib=3308.969 swap_mib=0.000 variables=13 pieces=4
[perfect_drone_full_node-2] [INFO] [1789024252.321156617] [fsm_node]:  -- [OPTIMIZER_PHASE_MEMORY] optimizer=exp event=end call=37 duration_ms=2.713 iterations=217 ret=1 rss_mib=3308.969 swap_mib=0.000 rss_delta_mib=0.000
[perfect_drone_full_node-2]  -- [TRAJ_GUARD_CERT] trigger=main_pre status=SAFE gen=9 map=56 map_age=0.011s map_age_limit=0.500s motion_speed=6.479mps samples=86 range=[0.387,0.808] collision_tt=-1.000 ttc=-1.000 p=[0.000,0.000,0.000]
[perfect_drone_full_node-2] Publish local map size: 45498
[perfect_drone_full_node-2] [WARN] [1789024252.430331521] [fsm_node]:  -- [SUPER] in [ReplanOnce]: Replan overtime, check parameters, replan dt = 0.152078718.
[perfect_drone_full_node-2]  -- [TRAJ_GUARD_CERT] trigger=main_pre status=SAFE gen=9 map=57 map_age=0.003s map_age_limit=0.500s motion_speed=5.031mps samples=68 range=[0.477,0.808] collision_tt=-1.000 ttc=-1.000 p=[0.000,0.000,0.000]
[perfect_drone_full_node-2] Publish local map size: 51499
[perfect_drone_full_node-2] [INFO] [1789024252.470985591] [fsm_node]:  -- [OPTIMIZER_PHASE_MEMORY] optimizer=exp event=begin call=38 rss_mib=3308.969 swap_mib=0.000 variables=9 pieces=3
[perfect_drone_full_node-2] [INFO] [1789024252.479166305] [fsm_node]:  -- [OPTIMIZER_PHASE_MEMORY] optimizer=exp event=end call=38 duration_ms=8.237 iterations=750 ret=1 rss_mib=3308.969 swap_mib=0.000 rss_delta_mib=0.000
[perfect_drone_full_node-2]  -- [TRAJ_GUARD_CERT] trigger=main_pre status=SAFE gen=9 map=58 map_age=0.005s map_age_limit=0.516s motion_speed=3.178mps samples=46 range=[0.587,0.808] collision_tt=-1.000 ttc=-1.000 p=[0.000,0.000,0.000]
[perfect_drone_full_node-2] Publish local map size: 32881
[perfect_drone_full_node-2] [WARN] [1789024252.567740979] [fsm_node]:  -- [SUPER] in [ReplanOnce]: Replan overtime, check parameters, replan dt = 0.137150927.
[perfect_drone_full_node-2] [INFO] [1789024252.605921946] [fsm_node]:  -- [OPTIMIZER_PHASE_MEMORY] optimizer=exp event=begin call=39 rss_mib=3308.969 swap_mib=0.000 variables=9 pieces=3
[perfect_drone_full_node-2] [INFO] [1789024252.609338784] [fsm_node]:  -- [OPTIMIZER_PHASE_MEMORY] optimizer=exp event=end call=39 duration_ms=3.478 iterations=359 ret=1 rss_mib=3308.969 swap_mib=0.000 rss_delta_mib=0.000
[perfect_drone_full_node-2]  -- [TRAJ_GUARD_CERT] trigger=main_pre status=SAFE gen=9 map=59 map_age=0.006s map_age_limit=0.550s motion_speed=1.393mps samples=26 range=[0.687,0.808] collision_tt=-1.000 ttc=-1.000 p=[0.000,0.000,0.000]
[perfect_drone_full_node-2] Publish local map size: 32025
[perfect_drone_full_node-2] [WARN] [1789024252.687506037] [fsm_node]:  -- [SUPER] in [ReplanOnce]: Replan overtime, check parameters, replan dt = 0.11951143.
[perfect_drone_full_node-2] [32m -- [Fsm] Get goal at [0m24.525000000000002 20.025000000000002  1.525000000000000
[perfect_drone_full_node-2] [32m -- [Fsm] Receive click goal at: [24.525000000000002 20.025000000000002  1.525000000000000]; goal yaw: 0.000000000000000 deg[0m
[perfect_drone_full_node-2] [INFO] [1789024252.731702921] [fsm_node]:  -- [TRAJ_GUARD_COMMIT] phase=ReplanOnce/no_backup gen=10 map=59 samples=116 range=[0.814,1.380] escape=false footprint_egress=false escape_done_tt=-1.000
[perfect_drone_full_node-2] [32m -- [Fsm] ReplanOnce succeed.[0m
[perfect_drone_full_node-2] [INFO] [1789024252.740449847] [fsm_node]:  -- [OPTIMIZER_PHASE_MEMORY] optimizer=exp event=begin call=40 rss_mib=3308.969 swap_mib=0.000 variables=5 pieces=2
[perfect_drone_full_node-2] [INFO] [1789024252.740859598] [fsm_node]:  -- [OPTIMIZER_PHASE_MEMORY] optimizer=exp event=end call=40 duration_ms=0.445 iterations=30 ret=1 rss_mib=3308.969 swap_mib=0.000 rss_delta_mib=0.000
[perfect_drone_full_node-2]  -- [TRAJ_GUARD_CERT] trigger=poly_publish status=SAFE gen=10 map=59 map_age=0.134s map_age_limit=0.550s motion_speed=0.000mps samples=115 range=[0.815,1.380] collision_tt=-1.000 ttc=-1.000 p=[0.000,0.000,0.000]
[perfect_drone_full_node-2] Publish local map size: 21080
[perfect_drone_full_node-2] [INFO] [1789024252.798971706] [fsm_node]:  -- [TRAJ_GUARD_COMMIT] phase=ReplanOnce/no_backup gen=11 map=59 samples=140 range=[0.067,0.755] escape=false footprint_egress=false escape_done_tt=-1.000
[perfect_drone_full_node-2] [32m -- [Fsm] ReplanOnce succeed.[0m
[perfect_drone_full_node-2]  -- [TRAJ_GUARD_CERT] trigger=poly_publish status=SAFE gen=11 map=59 map_age=0.201s map_age_limit=0.500s motion_speed=6.252mps samples=139 range=[0.067,0.755] collision_tt=-1.000 ttc=-1.000 p=[0.000,0.000,0.000]
[perfect_drone_full_node-2] [32m -- [Fsm 7.147] Current state: FOLLOW_TRAJ[0m
[perfect_drone_full_node-2] [INFO] [1789024252.804761876] [fsm_node]:  -- [OPTIMIZER_PHASE_MEMORY] optimizer=exp event=begin call=41 rss_mib=3308.969 swap_mib=0.000 variables=5 pieces=2
[perfect_drone_full_node-2] [INFO] [1789024252.805072201] [fsm_node]:  -- [OPTIMIZER_PHASE_MEMORY] optimizer=exp event=end call=41 duration_ms=0.365 iterations=39 ret=1 rss_mib=3308.969 swap_mib=0.000 rss_delta_mib=0.000
[perfect_drone_full_node-2] [INFO] [1789024252.820028475] [fsm_node]:  -- [TRAJ_GUARD_COMMIT] phase=ReplanOnce/no_backup gen=12 map=59 samples=136 range=[0.020,0.688] escape=false footprint_egress=false escape_done_tt=-1.000
[perfect_drone_full_node-2] [32m -- [Fsm] ReplanOnce succeed.[0m
[perfect_drone_full_node-2] [INFO] [1789024252.853522062] [fsm_node]:  -- [OPTIMIZER_PHASE_MEMORY] optimizer=exp event=begin call=42 rss_mib=3308.969 swap_mib=0.000 variables=5 pieces=2
[perfect_drone_full_node-2] [INFO] [1789024252.853911035] [fsm_node]:  -- [OPTIMIZER_PHASE_MEMORY] optimizer=exp event=end call=42 duration_ms=0.463 iterations=39 ret=1 rss_mib=3308.969 swap_mib=0.000 rss_delta_mib=0.000
[perfect_drone_full_node-2]  -- [TRAJ_GUARD_CERT] trigger=poly_publish status=SAFE gen=12 map=59 map_age=0.222s map_age_limit=0.500s motion_speed=6.107mps samples=135 range=[0.021,0.688] collision_tt=-1.000 ttc=-1.000 p=[0.000,0.000,0.000]
[perfect_drone_full_node-2] Publish local map size: 20171
[perfect_drone_full_node-2] [INFO] [1789024252.865883530] [fsm_node]:  -- [TRAJ_GUARD_COMMIT] phase=ReplanOnce/no_backup gen=13 map=59 samples=127 range=[0.018,0.639] escape=false footprint_egress=false escape_done_tt=-1.000
[perfect_drone_full_node-2] [32m -- [Fsm] ReplanOnce succeed.[0m
[perfect_drone_full_node-2] [INFO] [1789024252.921190136] [fsm_node]:  -- [OPTIMIZER_PHASE_MEMORY] optimizer=exp event=begin call=43 rss_mib=3308.969 swap_mib=0.000 variables=1 pieces=1
[perfect_drone_full_node-2] [INFO] [1789024252.921455975] [fsm_node]:  -- [OPTIMIZER_PHASE_MEMORY] optimizer=exp event=end call=43 duration_ms=0.327 iterations=25 ret=1 rss_mib=3308.969 swap_mib=0.000 rss_delta_mib=0.000
[perfect_drone_full_node-2] [INFO] [1789024252.930321530] [fsm_node]:  -- [TRAJ_GUARD_COMMIT] phase=ReplanOnce/no_backup gen=14 map=59 samples=114 range=[0.016,0.573] escape=false footprint_egress=false escape_done_tt=-1.000
[perfect_drone_full_node-2]  -- [TRAJ_GUARD_CERT] trigger=poly_publish status=SAFE gen=13 map=59 map_age=0.268s map_age_limit=0.500s motion_speed=5.673mps samples=126 range=[0.018,0.639] collision_tt=-1.000 ttc=-1.000 p=[0.000,0.000,0.000]
[perfect_drone_full_node-2] [32m -- [Fsm] ReplanOnce succeed.[0m
[perfect_drone_full_node-2]  -- [TRAJ_GUARD_CERT] trigger=poly_publish status=SAFE gen=14 map=59 map_age=0.332s map_age_limit=0.500s motion_speed=5.193mps samples=113 range=[0.016,0.573] collision_tt=-1.000 ttc=-1.000 p=[0.000,0.000,0.000]
[perfect_drone_full_node-2] Publish local map size: 18174
[perfect_drone_full_node-2]  -- [MARSIM] Running FPS: 244.124685374546800
[perfect_drone_full_node-2] Publish local map size: 17926
[perfect_drone_full_node-2] [INFO] [1789024253.103983698] [fsm_node]:  -- [TRAJ_GUARD_RECOVERY_SIGNAL] active=true
[perfect_drone_full_node-2] [ERROR] [1789024253.105896510] [fsm_node]:  -- [TRAJ_GUARD_BRAKE_REJECTED] trigger=main_pre_uncertified searched=[0.400,3.000]s speed0=4.195 initial_source=fresh_command cmd_age=0.010s cmd_pos_err=0.000 cmd_vel_err=inf motion_speed=inf motion_dt=infs motion_pose_speed=inf motion_twist_speed=4.195 motion_disagreement=inf motion_source=none motion_gen=14/7 motion_gen_continuous=false last_dynamics_ok=true max_vel=4.195 vel_limit=7.000 max_acc=8.897 max_jerk=9.483 last_path_status=UNOBSERVED last_map=59 map_age=0.508s raw_status=DISABLED raw_cloud=0 raw_age=0.000s ciri_shadow=DISABLED ciri_shadow_result=0 ciri_shadow_queued=0 ciri_shadow_age=infs; no brake command published
[perfect_drone_full_node-2] [ERROR] [1789024253.113969684] [fsm_node]:  -- [TRAJ_GUARD_BRAKE_REJECTED] trigger=emergency_stop_retry searched=[0.400,3.000]s speed0=0.000 initial_source=position_difference cmd_age=0.020s cmd_pos_err=0.000 cmd_vel_err=4.195 motion_speed=0.000 motion_dt=0.010s motion_pose_speed=0.000 motion_twist_speed=4.195 motion_disagreement=4.195 motion_source=position_difference motion_gen=14/14 motion_gen_continuous=true last_dynamics_ok=true max_vel=0.000 vel_limit=7.000 max_acc=0.000 max_jerk=0.000 last_path_status=UNOBSERVED last_map=59 map_age=0.516s raw_status=DISABLED raw_cloud=0 raw_age=infs ciri_shadow=DISABLED ciri_shadow_result=0 ciri_shadow_queued=0 ciri_shadow_age=infs; no brake command published
[perfect_drone_full_node-2]  -- [TRAJ_GUARD_CERT] trigger=main_pre status=MAP_STALE gen=14 map=59 map_age=0.506s map_age_limit=0.500s motion_speed=4.195mps samples=0 range=[0.000,0.000] collision_tt=-1.000 ttc=-1.000 p=[0.000,0.000,0.000]
[perfect_drone_full_node-2] [38;2;000;128;000m -- [Fsm]: [TrajectoryGuardFailClosed] change state from [FOLLOW_TRAJ] to [EMER_STOP].
[perfect_drone_full_node-2] [0mPublish local map size: 18197
[perfect_drone_full_node-2] [ERROR] [1789024253.223973538] [fsm_node]:  -- [TRAJ_GUARD_BRAKE_REJECTED] trigger=emergency_stop_retry searched=[0.400,3.000]s speed0=0.000 initial_source=position_difference cmd_age=0.130s cmd_pos_err=0.000 cmd_vel_err=4.195 motion_speed=0.000 motion_dt=0.110s motion_pose_speed=0.000 motion_twist_speed=4.195 motion_disagreement=4.195 motion_source=position_difference motion_gen=14/14 motion_gen_continuous=true last_dynamics_ok=true max_vel=0.000 vel_limit=7.000 max_acc=0.000 max_jerk=0.000 last_path_status=UNOBSERVED last_map=60 map_age=0.023s raw_status=DISABLED raw_cloud=0 raw_age=infs ciri_shadow=DISABLED ciri_shadow_result=0 ciri_shadow_queued=0 ciri_shadow_age=infs; no brake command published
