[INFO] [launch]: All log files can be found below /root/.ros/log/2026-09-10-16-21-12-004955-livox-1866617
[INFO] [launch]: Default logging verbosity is set to INFO
[INFO] [waypoint_mission-1]: process started with pid [1866621]
[INFO] [perfect_drone_frontend_node-2]: process started with pid [1866623]
[INFO] [fsm_node-3]: process started with pid [1866625]
[waypoint_mission-1] [WARN] [1789024872.082893235] [waypoint_mission]:  -- [MissionPlanner] Load config by file name: /root/super_ws/src/SUPER/mission_planner/config/waypoint.yaml
[waypoint_mission-1] [WARN] [1789024872.082969167] [waypoint_mission]:  -- [MissionPlanner] Load data by file name: /root/super_ws/src/SUPER/mission_planner/data/blind_heading_fork.txt
[fsm_node-3]  -- [Bench] Use sim time is false, begin replay.
[fsm_node-3] Load config file: /root/super_ws/src/SUPER/super_planner/config/static_seedmaps_guard_viability_tight_v7_frontend_risk_enforce.yaml
[fsm_node-3] [0;32m Load param fsm/timer_en success: [0;0m1
[fsm_node-3] [0;32m Load param super_planner/detailed_log_en success: [0;0m0
[fsm_node-3] [0;32m Load param super_planner/detailed_log_max_entries success: [0;0m64
[fsm_node-3] [0;32m Load param fsm/click_goal_en success: [0;0m1
[fsm_node-3] [0;32m Load param fsm/click_yaw_en success: [0;0m1
[fsm_node-3] [0;32m Load param fsm/replan_rate success: [0;0m15
[fsm_node-3] [0;32m Load param fsm/click_height success: [0;0m1.5
[fsm_node-3] [0;32m Load param fsm/cmd_topic success: [0;0m/planning/pos_cmd
[fsm_node-3] [0;32m Load param fsm/mpc_cmd_topic success: [0;0m/planning_cmd/poly_traj
[fsm_node-3] [0;32m Load param fsm/click_goal_topic success: [0;0m/planning/click_goal
[fsm_node-3] [0;32m Load param fsm/map_readiness/enable success: [0;0m1
[fsm_node-3] [0;32m Load param fsm/map_readiness/min_accepted_scans success: [0;0m5
[fsm_node-3] [0;32m Load param fsm/map_readiness/min_committed_scans success: [0;0m5
[fsm_node-3] [0;32m Load param fsm/map_readiness/max_commit_lag_scans success: [0;0m5
[fsm_node-3] [0;32m Load param fsm/map_readiness/min_scan_span_s success: [0;0m1
[fsm_node-3] [0;32m Load param fsm/map_readiness/max_cloud_age_s success: [0;0m0.75
[fsm_node-3] [0;32m Load param fsm/map_readiness/max_map_age_s success: [0;0m0.55
[fsm_node-3] [0;32m Load param fsm/trajectory_guard/enable success: [0;0m1
[fsm_node-3] [0;33m Load param fsm/trajectory_guard/same_map_replan_coalesce_enable failed, use default value: [0;0m0
[fsm_node-3] [0;33m Load param fsm/trajectory_guard/same_map_replan_min_interval_s failed, use default value: [0;0m0
[fsm_node-3] [0;32m Load param fsm/trajectory_guard/shadow success: [0;0m0
[fsm_node-3] [0;32m Load param fsm/trajectory_guard/max_map_age_s success: [0;0m0.75
[fsm_node-3] [0;32m Load param fsm/trajectory_guard/brake_trigger_map_age_s success: [0;0m0.55
[fsm_node-3] [0;32m Load param fsm/trajectory_guard/brake_trigger_high_speed_map_age_s success: [0;0m0.5
[fsm_node-3] [0;32m Load param fsm/trajectory_guard/brake_trigger_low_speed_mps success: [0;0m2.5
[fsm_node-3] [0;32m Load param fsm/trajectory_guard/brake_trigger_high_speed_mps success: [0;0m3.5
[fsm_node-3] [0;32m Load param fsm/trajectory_guard/full_refresh_ack_sla_s success: [0;0m0.75
[fsm_node-3] [0;32m Load param fsm/trajectory_guard/raw_cloud/enable success: [0;0m0
[fsm_node-3] [0;32m Load param fsm/trajectory_guard/raw_cloud/source_topic success: [0;0m/cloud_guard_witness
[fsm_node-3] [0;32m Load param fsm/trajectory_guard/raw_cloud/max_age_s success: [0;0m0.75
[perfect_drone_frontend_node-2] [INFO] [1789024872.171345505] [native_sector_cpp]: adaptive mode, half-angle 45.0 deg, input /cloud_registered, publish cap 5.00 Hz, commit refresh 0.120 s, full-open extra budget 6000, guard witness disabled radius 0.00 m, direct input enabled, risk verdict /planning/trajectory_risk_verdict, body tier 0.200 m/0.150 s
[fsm_node-3] [0;32m Load param fsm/trajectory_guard/raw_cloud/clearance_m success: [0;0m0.3
[perfect_drone_frontend_node-2] [WARN] [1789024872.173795588] [perfect_tracking]:  -- [MissionPlanner] Load config by file name: /root/super_ws/src/SUPER/mars_uav_sim/perfect_drone_sim/config/shc3_near_short_hazard.yaml
[fsm_node-3] [0;32m Load param fsm/trajectory_guard/validation_sample_dt_s success: [0;0m0.005
[fsm_node-3] [0;32m Load param fsm/trajectory_guard/shadow_min_interval_s success: [0;0m0
[fsm_node-3] [0;32m Load param fsm/trajectory_guard/additional_clearance_m success: [0;0m0
[fsm_node-3] [0;33m Load param fsm/trajectory_guard/brake_min_duration_s failed, use default value: [0;0m0.4
[fsm_node-3] [0;32m Load param fsm/trajectory_guard/brake_max_duration_s success: [0;0m3
[fsm_node-3] [0;32m Load param fsm/trajectory_guard/brake_max_acc_mps2 success: [0;0m20
[fsm_node-3] [0;32m Load param fsm/trajectory_guard/brake_max_jerk_mps3 success: [0;0m120
[fsm_node-3] [0;32m Load param fsm/trajectory_guard/brake_command_max_age_s success: [0;0m0.1
[fsm_node-3] [0;32m Load param fsm/trajectory_guard/brake_command_max_position_error_m success: [0;0m0.5
[fsm_node-3] [0;32m Load param fsm/trajectory_guard/brake_command_max_velocity_error_mps success: [0;0m2
[fsm_node-3] [0;32m Load param fsm/trajectory_guard/brake_retry_interval_s success: [0;0m0.1
[fsm_node-3] [0;32m Load param fsm/trajectory_guard/unknown_as_occupied success: [0;0m1
[fsm_node-3] [0;33m Load param fsm/trajectory_guard/raw_cloud/ciri_shadow_en failed, use default value: [0;0m0
[fsm_node-3] [0;32m Load param fsm/trajectory_guard/raw_cloud/accum_window_s success: [0;0m1.5
[fsm_node-3] [0;33m Load param fsm/trajectory_guard/raw_cloud/ciri_min_points failed, use default value: [0;0m200
[fsm_node-3] [0;33m Load param fsm/trajectory_guard/raw_cloud/ciri_voxel_m failed, use default value: [0;0m0.1
[fsm_node-3] [0;32m Load param fsm/trajectory_guard/raw_cloud/near_field_shadow_en success: [0;0m0
[fsm_node-3] [0;32m Load param fsm/trajectory_guard/raw_cloud/near_field_clearance_m success: [0;0m0.2
[fsm_node-3] [0;32m Load param fsm/trajectory_guard/raw_cloud/near_field_horizon_s success: [0;0m1
[fsm_node-3] [0;32m Load param fsm/trajectory_guard/raw_cloud/near_field_sample_dt_s success: [0;0m0.01
[fsm_node-3] [0;32m Load param fsm/trajectory_guard/raw_cloud/near_field_min_interval_s success: [0;0m0.1
[fsm_node-3] [0;32m Load param fsm/trajectory_guard/raw_cloud/near_field_min_points success: [0;0m200
[fsm_node-3] [0;32m Load param fsm/trajectory_guard/raw_cloud/near_field_voxel_m success: [0;0m0
[fsm_node-3] [0;32m Load param fsm/trajectory_guard/raw_cloud/near_field_test_replay_mode success: [0;0m0
[fsm_node-3] [0;32m Load param fsm/trajectory_guard/raw_cloud/near_field_enforce_en success: [0;0m0
[fsm_node-3] [0;32m Load param fsm/trajectory_guard/raw_cloud/near_field_result_max_age_s success: [0;0m0.2
[fsm_node-3] [0;32m Load param fsm/trajectory_guard/raw_cloud/near_field_max_sequence_lag success: [0;0m1
[fsm_node-3] [0;32m Load param fsm/trajectory_guard/raw_cloud/near_field_egress_tolerance_m success: [0;0m0.005
[fsm_node-3] [0;32m Load param fsm/trajectory_guard/raw_cloud/near_field_egress_min_progress_m success: [0;0m0.02
[fsm_node-3] [0;32m Load param fsm/trajectory_guard/frontend_risk/shadow_en success: [0;0m1
[fsm_node-3] [0;32m Load param fsm/trajectory_guard/frontend_risk/enforce_en success: [0;0m1
[fsm_node-3] [0;32m Load param fsm/trajectory_guard/frontend_risk/topic success: [0;0m/planning/trajectory_risk_verdict
[fsm_node-3] [0;32m Load param fsm/trajectory_guard/frontend_risk/result_max_age_s success: [0;0m0.2
[fsm_node-3] [0;32m Load param fsm/trajectory_guard/frontend_risk/source_max_age_s success: [0;0m0.75
[fsm_node-3] [0;32m Load param fsm/trajectory_guard/frontend_risk/current_body_enforce_en success: [0;0m1
[fsm_node-3] [0;32m Load param fsm/trajectory_guard/frontend_risk/current_body_result_max_age_s success: [0;0m0.15
[fsm_node-3] [0;32m Load param fsm/trajectory_guard/frontend_risk/current_body_source_max_age_s success: [0;0m0.2
[fsm_node-3] [0;32m Load param super_planner/yaw_dot_max success: [0;0m3
[fsm_node-3] [0;32m Load param super_planner/visualization_en success: [0;0m0
[fsm_node-3] [0;32m Load param rog_map/resolution success: [0;0m0.05
[fsm_node-3] Load config file: /root/super_ws/src/SUPER/super_planner/config/static_seedmaps_guard_viability_tight_v7_frontend_risk_enforce.yaml
[fsm_node-3] [0;32m Load param rog_map/esdf/resolution success: [0;0m0.1
[fsm_node-3] [0;32m Load param rog_map/esdf/enable success: [0;0m0
[fsm_node-3] [0;32m Load param rog_map/esdf/local_update_box success: [0;0m[5 5 3 ]
[fsm_node-3] [0;32m Load param rog_map/load_pcd_en success: [0;0m0
[fsm_node-3] [0;32m Load param rog_map/map_sliding/enable success: [0;0m0
[fsm_node-3] [0;32m Load param rog_map/map_sliding/threshold success: [0;0m3
[fsm_node-3] [0;32m Load param rog_map/fix_map_origin success: [0;0m[0 0 1.5 ]
[fsm_node-3] [0;32m Load param rog_map/frontier_extraction_en success: [0;0m0
[fsm_node-3] [0;32m Load param rog_map/ros_callback/enable success: [0;0m1
[fsm_node-3] [0;32m Load param rog_map/ros_callback/cloud_topic success: [0;0m/cloud_sector
[fsm_node-3] [0;32m Load param rog_map/ros_callback/cloud_reliable success: [0;0m1
[fsm_node-3] [0;32m Load param rog_map/ros_callback/odom_topic success: [0;0m/lidar_slam/odom
[fsm_node-3] [0;32m Load param rog_map/ros_callback/odom_timeout success: [0;0m2
[fsm_node-3] [0;32m Load param rog_map/visualization/enable success: [0;0m0
[fsm_node-3] [0;32m Load param rog_map/visualization/use_dynamic_reconfigure success: [0;0m0
[fsm_node-3] [0;32m Load param rog_map/visualization/pub_unknown_map_en success: [0;0m0
[fsm_node-3] [0;32m Load param rog_map/visualization/frame_id success: [0;0mworld
[fsm_node-3] [0;32m Load param rog_map/visualization/time_rate success: [0;0m2
[fsm_node-3] [0;32m Load param rog_map/visualization/frame_rate success: [0;0m0
[fsm_node-3] [0;32m Load param rog_map/visualization/range success: [0;0m[15 15 4 ]
[fsm_node-3] [0;32m Load param rog_map/resolution success: [0;0m0.05
[fsm_node-3] [0;32m Load param rog_map/inflation_resolution success: [0;0m0.1
[fsm_node-3] [0;32m Load param rog_map/unk_inflation_en success: [0;0m0
[fsm_node-3] [0;32m Load param rog_map/unk_inflation_step success: [0;0m1
[fsm_node-3] [0;32m Load param rog_map/inflation_step success: [0;0m3
[fsm_node-3] [0;32m Load param rog_map/intensity_thresh success: [0;0m-10
[fsm_node-3] [0;32m Load param rog_map/map_size success: [0;0m[70 70 6 ]
[fsm_node-3] [0;32m Load param rog_map/point_filt_num success: [0;0m1
[fsm_node-3] [0;32m Load param rog_map/raycasting/enable success: [0;0m0
[fsm_node-3] [0;32m Load param rog_map/raycasting/batch_update_size success: [0;0m1
[fsm_node-3] [0;32m Load param rog_map/raycasting/unk_thresh success: [0;0m1
[fsm_node-3] [0;32m Load param rog_map/raycasting/p_hit success: [0;0m0.9
[fsm_node-3] [0;32m Load param rog_map/raycasting/p_miss success: [0;0m0.49
[fsm_node-3] [0;32m Load param rog_map/raycasting/p_min success: [0;0m0.12
[fsm_node-3] [0;32m Load param rog_map/raycasting/p_max success: [0;0m0.98
[fsm_node-3] [0;32m Load param rog_map/raycasting/p_occ success: [0;0m0.85
[fsm_node-3] [0;32m Load param rog_map/raycasting/p_free success: [0;0m0.499
[fsm_node-3] [0;32m Load param rog_map/raycasting/p_free success: [0;0m0.499
[fsm_node-3] [0;32m Load param rog_map/raycasting/ray_range success: [0;0m[0.5 100 ]
[fsm_node-3] [0;33m Load param rog_map/raycasting/observed_mark_range_max failed, use default value: [0;0m10
[fsm_node-3] [0;32m Load param rog_map/raycasting/local_update_box success: [0;0m[100 100 5 ]
[fsm_node-3] [0;32m Load param rog_map/virtual_ground_height success: [0;0m-0.1
[fsm_node-3] [0;32m Load param rog_map/virtual_ceil_height success: [0;0m3.5
[fsm_node-3] [32m -- [RM-Config] inflation_resolution: 0.1[0m
[fsm_node-3]  -- [ROG-Map] Init, resetMapSize: ORIGIN_AT_CORNER.
[fsm_node-3]  -- [ROG-Map] Init, resetMapSize: virtual_ceil_height: 3.1500000000000004, virtual_ground_height: 0.25.
[fsm_node-3] [34m	[ROG] n_free: 1[0m
[fsm_node-3] [34m	[ROG] n_occ: 1[0m
[fsm_node-3] [34m	[ROG] l_hit: 2.19722[0m
[fsm_node-3] [34m	[ROG] l_miss: -0.0400053[0m
[fsm_node-3] [34m	[ROG] l_min: -1.99243[0m
[fsm_node-3] [34m	[ROG] l_max: 3.89182[0m
[fsm_node-3] [34m	[ROG] l_occ: 1.7346[0m
[fsm_node-3] [34m	[ROG] l_free: -0.00399995[0m
[perfect_drone_frontend_node-2] Failed to find match for field 'intensity'.
[perfect_drone_frontend_node-2] [WARN] [1789024872.526543426] [perfect_tracking]: SENSOR_BURST_DROPOUT armed before every cloud transport: warmup=1.000s period=2.000s duration=0.500s phase=1.600s env_override=1
[perfect_drone_frontend_node-2] [INFO] [1789024872.526601712] [perfect_drone_frontend_config]: raw DDS disabled: renderer -> native front-end uses direct SharedPtr handoff
[fsm_node-3] [33m -- [Inf-Map] Clear all local map.[0m
[fsm_node-3] [32m -- [CounterMap] Init successfully -- .[0m
[fsm_node-3] [32m	resolution: 0.1[0m
[fsm_node-3] [32m	map_sliding_en: 0[0m
[fsm_node-3] [32m	local_map_size_i: 709 709  69[0m
[fsm_node-3] [32m	local_map_size_d: 70.9 70.9  6.9[0m
[fsm_node-3] [33m -- [Inf-Map] Clear all local map.[0m
[fsm_node-3] [32m -- [InfMap] Init successfully -- .[0m
[fsm_node-3] [32m	resolution: 0.1[0m
[fsm_node-3] [32m	map_sliding_en: 0[0m
[fsm_node-3] [32m	local_map_size_i: 709 709  69[0m
[fsm_node-3] [32m	local_map_size_d: 70.9 70.9  6.9[0m
[fsm_node-3] [ProbMap] virtual_ceil_height: 3.15
[fsm_node-3] [ProbMap] virtual_ground_height: 0.25
[fsm_node-3] [33m -- [ProbMap] Map sliding disabled, set origin to [  0   0 1.5] -- [0m
[fsm_node-3] [33m -- [Prob-Map] Clear all local map.[0m
[fsm_node-3] [32m -- [ProbMap] Init successfully -- .[0m
[fsm_node-3] [32m	resolution: 0.05[0m
[fsm_node-3] [32m	map_sliding_en: 0[0m
[fsm_node-3] [32m	local_map_size_i: 1401 1401  121[0m
[fsm_node-3] [32m	local_map_size_d: 70.05 70.05  6.05[0m
[fsm_node-3] [38;2;000;128;000m -- [ROGMap] Immutable planner snapshot enabled (fixed occupancy-only map).
[fsm_node-3] [0mLoad config file: /root/super_ws/src/SUPER/super_planner/config/static_seedmaps_guard_viability_tight_v7_frontend_risk_enforce.yaml
[fsm_node-3] Load config file: /root/super_ws/src/SUPER/super_planner/config/static_seedmaps_guard_viability_tight_v7_frontend_risk_enforce.yaml
[fsm_node-3] [0;32m Load param traj_opt/switch/print_optimizer_log success: [0;0m0
[fsm_node-3] [0;32m Load param traj_opt/flatness/mass success: [0;0m1.64
[fsm_node-3] [0;32m Load param traj_opt/flatness/dh success: [0;0m0.35
[fsm_node-3] [0;32m Load param traj_opt/flatness/dv success: [0;0m0.35
[fsm_node-3] [0;32m Load param traj_opt/flatness/grav success: [0;0m9.81
[fsm_node-3] [0;32m Load param traj_opt/flatness/cp success: [0;0m0.001
[fsm_node-3] [0;32m Load param traj_opt/flatness/v_eps success: [0;0m0.0001
[fsm_node-3] [0;32m Load param traj_opt/switch/save_log_en success: [0;0m0
[fsm_node-3] [0;32m Load param traj_opt/exp_traj/pos_constraint_type success: [0;0m1
[fsm_node-3] [0;33m Load param traj_opt/exp_traj/piece_num failed, use default value: [0;0m1
[fsm_node-3] [0;33m Load param traj_opt/exp_traj/uniform_time_en failed, use default value: [0;0m0
[fsm_node-3] [0;32m Load param traj_opt/exp_traj/block_energy_cost success: [0;0m0
[fsm_node-3] [0;32m Load param traj_opt/exp_traj/opt_accuracy success: [0;0m5e-06
[fsm_node-3] [0;33m Load param traj_opt/exp_traj/max_iterations failed, use default value: [0;0m2048
[fsm_node-3] [0;32m Load param traj_opt/exp_traj/integral_reso success: [0;0m15
[fsm_node-3] [0;32m Load param traj_opt/exp_traj/smooth_eps success: [0;0m0.01
[fsm_node-3] [0;32m Load param traj_opt/boundary/max_vel success: [0;0m7
[fsm_node-3] [0;32m Load param traj_opt/boundary/max_acc success: [0;0m20
[fsm_node-3] [0;32m Load param traj_opt/boundary/max_jerk success: [0;0m120
[fsm_node-3] [0;32m Load param traj_opt/boundary/max_omg success: [0;0m2.5
[fsm_node-3] [0;32m Load param traj_opt/boundary/max_acc_thr success: [0;0m17
[fsm_node-3] [0;32m Load param traj_opt/boundary/min_acc_thr success: [0;0m6
[fsm_node-3] [0;32m Load param traj_opt/boundary/penna_margin success: [0;0m0.05
[fsm_node-3] [0;33m Load param traj_opt/exp_traj/penna_scale failed, use default value: [0;0m-1
[fsm_node-3] [0;32m Load param traj_opt/exp_traj/penna_t success: [0;0m1e+07
[fsm_node-3] [0;33m Load param traj_opt/exp_traj/penna_ts failed, use default value: [0;0m-1
[fsm_node-3] [0;32m Load param traj_opt/exp_traj/penna_pos success: [0;0m5e+09
[fsm_node-3] [0;32m Load param traj_opt/exp_traj/penna_clr success: [0;0m1e+06
[fsm_node-3] [0;32m Load param traj_opt/exp_traj/clearance_margin success: [0;0m0.1
[fsm_node-3] [0;32m Load param traj_opt/exp_traj/clearance_speed_gate success: [0;0m1.5
[fsm_node-3] [0;32m Load param traj_opt/exp_traj/clearance_speed_transition success: [0;0m0.5
[fsm_node-3] [0;33m Load param traj_opt/exp_traj/penna_passage_center failed, use default value: [0;0m-1
[fsm_node-3] [0;33m Load param traj_opt/exp_traj/passage_center_max_width failed, use default value: [0;0m0
[fsm_node-3] [0;33m Load param traj_opt/exp_traj/passage_center_min_opposition_cos failed, use default value: [0;0m0.9
[fsm_node-3] [0;33m Load param traj_opt/exp_traj/passage_center_min_horizontal_normal failed, use default value: [0;0m0.8
[fsm_node-3] [0;33m Load param traj_opt/exp_traj/passage_center_deadband failed, use default value: [0;0m0.15
[fsm_node-3] [0;33m Load param traj_opt/exp_traj/passage_center_log_en failed, use default value: [0;0m0
[fsm_node-3] [0;32m Load param traj_opt/exp_traj/penna_vel success: [0;0m5e+08
[fsm_node-3] [0;32m Load param traj_opt/exp_traj/penna_acc success: [0;0m5e+08
[fsm_node-3] [0;32m Load param traj_opt/exp_traj/penna_jerk success: [0;0m-5e+08
[fsm_node-3] [0;32m Load param traj_opt/exp_traj/penna_attract success: [0;0m5e+08
[fsm_node-3] [0;32m Load param traj_opt/exp_traj/penna_omg success: [0;0m-1
[fsm_node-3] [0;32m Load param traj_opt/exp_traj/penna_thr success: [0;0m-1
[fsm_node-3] Load config file: /root/super_ws/src/SUPER/super_planner/config/static_seedmaps_guard_viability_tight_v7_frontend_risk_enforce.yaml
[fsm_node-3] [0;32m Load param traj_opt/switch/print_optimizer_log success: [0;0m0
[fsm_node-3] [0;32m Load param traj_opt/flatness/mass success: [0;0m1.64
[fsm_node-3] [0;32m Load param traj_opt/flatness/dh success: [0;0m0.35
[fsm_node-3] [0;32m Load param traj_opt/flatness/dv success: [0;0m0.35
[fsm_node-3] [0;32m Load param traj_opt/flatness/grav success: [0;0m9.81
[fsm_node-3] [0;32m Load param traj_opt/flatness/cp success: [0;0m0.001
[fsm_node-3] [0;32m Load param traj_opt/flatness/v_eps success: [0;0m0.0001
[fsm_node-3] [0;32m Load param traj_opt/switch/save_log_en success: [0;0m0
[fsm_node-3] [0;32m Load param traj_opt/backup_traj/pos_constraint_type success: [0;0m2
[fsm_node-3] [0;32m Load param traj_opt/backup_traj/piece_num success: [0;0m2
[fsm_node-3] [0;32m Load param traj_opt/backup_traj/uniform_time_en success: [0;0m1
[fsm_node-3] [0;32m Load param traj_opt/backup_traj/block_energy_cost success: [0;0m1
[fsm_node-3] [0;32m Load param traj_opt/backup_traj/opt_accuracy success: [0;0m1e-05
[fsm_node-3] [0;33m Load param traj_opt/backup_traj/max_iterations failed, use default value: [0;0m2048
[fsm_node-3] [0;32m Load param traj_opt/backup_traj/integral_reso success: [0;0m12
[fsm_node-3] [0;32m Load param traj_opt/backup_traj/smooth_eps success: [0;0m0.01
[fsm_node-3] [0;32m Load param traj_opt/boundary/max_vel success: [0;0m7
[fsm_node-3] [0;32m Load param traj_opt/boundary/max_acc success: [0;0m20
[fsm_node-3] [0;32m Load param traj_opt/boundary/max_jerk success: [0;0m120
[fsm_node-3] [0;32m Load param traj_opt/boundary/max_omg success: [0;0m2.5
[fsm_node-3] [0;32m Load param traj_opt/boundary/max_acc_thr success: [0;0m17
[fsm_node-3] [0;32m Load param traj_opt/boundary/min_acc_thr success: [0;0m6
[fsm_node-3] [0;32m Load param traj_opt/boundary/penna_margin success: [0;0m0.05
[fsm_node-3] [0;33m Load param traj_opt/backup_traj/penna_scale failed, use default value: [0;0m-1
[fsm_node-3] [0;32m Load param traj_opt/backup_traj/penna_t success: [0;0m100
[fsm_node-3] [0;32m Load param traj_opt/backup_traj/penna_ts success: [0;0m1e+07
[fsm_node-3] [0;32m Load param traj_opt/backup_traj/penna_pos success: [0;0m1e+10
[fsm_node-3] [0;32m Load param traj_opt/backup_traj/penna_clr success: [0;0m1e+06
[fsm_node-3] [0;32m Load param traj_opt/backup_traj/clearance_margin success: [0;0m0.1
[fsm_node-3] [0;32m Load param traj_opt/backup_traj/clearance_speed_gate success: [0;0m1.5
[fsm_node-3] [0;32m Load param traj_opt/backup_traj/clearance_speed_transition success: [0;0m0.5
[fsm_node-3] [0;33m Load param traj_opt/backup_traj/penna_passage_center failed, use default value: [0;0m-1
[fsm_node-3] [0;33m Load param traj_opt/backup_traj/passage_center_max_width failed, use default value: [0;0m0
[fsm_node-3] [0;33m Load param traj_opt/backup_traj/passage_center_min_opposition_cos failed, use default value: [0;0m0.9
[fsm_node-3] [0;33m Load param traj_opt/backup_traj/passage_center_min_horizontal_normal failed, use default value: [0;0m0.8
[fsm_node-3] [0;33m Load param traj_opt/backup_traj/passage_center_deadband failed, use default value: [0;0m0.15
[fsm_node-3] [0;33m Load param traj_opt/backup_traj/passage_center_log_en failed, use default value: [0;0m0
[fsm_node-3] [0;32m Load param traj_opt/backup_traj/penna_vel success: [0;0m1e+08
[fsm_node-3] [0;32m Load param traj_opt/backup_traj/penna_acc success: [0;0m1e+08
[fsm_node-3] [0;32m Load param traj_opt/backup_traj/penna_jerk success: [0;0m-1e+06
[fsm_node-3] [0;33m Load param traj_opt/backup_traj/penna_attract failed, use default value: [0;0m-1
[fsm_node-3] [0;32m Load param traj_opt/backup_traj/penna_omg success: [0;0m-1
[fsm_node-3] [0;32m Load param traj_opt/backup_traj/penna_thr success: [0;0m-1
[fsm_node-3] [0;32m Load param super_planner/print_log success: [0;0m0
[fsm_node-3] [0;32m Load param super_planner/detailed_log_en success: [0;0m0
[fsm_node-3] [0;32m Load param super_planner/visualization_en success: [0;0m0
[fsm_node-3] [0;32m Load param super_planner/backup_traj_en success: [0;0m1
[fsm_node-3] [0;32m Load param super_planner/goal_vel_en success: [0;0m0
[fsm_node-3] [0;32m Load param super_planner/goal_yaw_en success: [0;0m0
[fsm_node-3] [0;32m Load param super_planner/visual_process success: [0;0m0
[fsm_node-3] [0;32m Load param super_planner/use_fov_cut success: [0;0m0
[fsm_node-3] [0;33m Load param super_planner/fov_horizontal_angle failed, use default value: [0;0m-1
[fsm_node-3] [0;33m Load param super_planner/fov_center_heading failed, use default value: [0;0m0
[fsm_node-3] [0;32m Load param super_planner/frontend_in_known_free success: [0;0m0
[fsm_node-3] [0;32m Load param fsm/trajectory_guard/enable success: [0;0m1
[fsm_node-3] [0;32m Load param fsm/trajectory_guard/shadow success: [0;0m0
[fsm_node-3] [0;32m Load param fsm/trajectory_guard/validation_sample_dt_s success: [0;0m0.005
[fsm_node-3] [0;32m Load param fsm/trajectory_guard/shadow_min_interval_s success: [0;0m0
[fsm_node-3] [0;32m Load param fsm/trajectory_guard/additional_clearance_m success: [0;0m0
[fsm_node-3] [0;32m Load param fsm/trajectory_guard/escape_max_duration_s success: [0;0m1
[fsm_node-3] [0;32m Load param fsm/trajectory_guard/unknown_as_occupied success: [0;0m1
[fsm_node-3] [0;32m Load param fsm/trajectory_guard/escape_entry_grace_s success: [0;0m0
[fsm_node-3] [0;32m Load param fsm/trajectory_guard/initial_footprint_egress_enable success: [0;0m1
[fsm_node-3] [0;32m Load param super_planner/safe_corridor_line_max_length success: [0;0m6
[fsm_node-3] [0;32m Load param super_planner/sensing_horizon success: [0;0m-1
[fsm_node-3] [0;32m Load param super_planner/obs_skip_num success: [0;0m2
[fsm_node-3] [0;32m Load param super_planner/replan_forward_dt success: [0;0m0.1
[fsm_node-3] [0;32m Load param super_planner/corridor_bound_dis success: [0;0m0.8
[fsm_node-3] [0;32m Load param super_planner/corridor_line_max_length success: [0;0m1
[fsm_node-3] [0;32m Load param super_planner/planning_horizon success: [0;0m7
[fsm_node-3] [0;32m Load param super_planner/receding_dis success: [0;0m1
[fsm_node-3] [0;32m Load param super_planner/robot_r success: [0;0m0.2
[fsm_node-3] [0;32m Load param super_planner/corridor_use_inflated_obstacles success: [0;0m0
[fsm_node-3] [0;32m Load param super_planner/corridor_use_inflated_seed_lines success: [0;0m0
[fsm_node-3] [0;32m Load param super_planner/corridor_guard_retry_inflated success: [0;0m1
[fsm_node-3] [0;32m Load param super_planner/guard_corridor_retry_alternate_every success: [0;0m4
[fsm_node-3] [0;32m Load param super_planner/guard_topology_reroute/enable success: [0;0m1
[fsm_node-3] [0;32m Load param super_planner/guard_topology_reroute/radius_m success: [0;0m0.8
[fsm_node-3] [0;32m Load param super_planner/guard_topology_reroute/growth_m success: [0;0m0
[fsm_node-3] [0;32m Load param super_planner/guard_topology_reroute/max_radius_m success: [0;0m0.8
[fsm_node-3] [0;32m Load param super_planner/guard_topology_reroute/max_zones success: [0;0m6
[fsm_node-3] [0;32m Load param super_planner/guard_topology_reroute/max_stop_speed_mps success: [0;0m0.2
[fsm_node-3] [0;32m Load param super_planner/guard_topology_reroute/escalate_every_rejects success: [0;0m3
[fsm_node-3] [0;32m Load param super_planner/guard_topology_reroute/collision_merge_m success: [0;0m0.5
[fsm_node-3] [0;32m Load param super_planner/guard_topology_reroute/start_clearance_m success: [0;0m0.3
[fsm_node-3] [0;32m Load param super_planner/guard_topology_reroute/block_spacing_m success: [0;0m1
[fsm_node-3] [0;32m Load param super_planner/guard_topology_reroute/direction_merge_angle_deg success: [0;0m30
[fsm_node-3] [0;32m Load param super_planner/guard_topology_reroute/no_path_reset_attempts success: [0;0m3
[fsm_node-3] [0;32m Load param super_planner/guard_topology_reroute/vertical_recovery_enable success: [0;0m1
[fsm_node-3] [0;32m Load param super_planner/guard_topology_reroute/vertical_recovery_lift_m success: [0;0m0.6
[fsm_node-3] [0;32m Load param super_planner/guard_topology_reroute/vertical_recovery_trigger_distance_m success: [0;0m0.75
[fsm_node-3] [0;32m Load param super_planner/guard_topology_reroute/local_escape_enable success: [0;0m1
[fsm_node-3] [0;32m Load param super_planner/guard_topology_reroute/local_escape_distance_m success: [0;0m0.6
[fsm_node-3] [0;32m Load param super_planner/guard_topology_reroute/local_escape_attempts success: [0;0m4
[fsm_node-3] [0;32m Load param super_planner/guard_topology_reroute/episode_progress_reset_m success: [0;0m2
[fsm_node-3] [0;32m Load param super_planner/guard_topology_reroute/saturation_vertical_attempts success: [0;0m1
[fsm_node-3] [0;32m Load param super_planner/guard_topology_reroute/base_no_path_vertical_attempts success: [0;0m1
[fsm_node-3] [0;32m Load param super_planner/guard_direct_goal_fallback/enable success: [0;0m1
[fsm_node-3] [0;32m Load param super_planner/guard_direct_goal_fallback/max_distance_m success: [0;0m3
[fsm_node-3] [0;32m Load param super_planner/guard_direct_goal_fallback/min_duration_s success: [0;0m1
[fsm_node-3] [0;32m Load param super_planner/guard_viability/enable success: [0;0m1
[fsm_node-3] [0;32m Load param super_planner/guard_viability/horizon_s success: [0;0m2
[fsm_node-3] [0;32m Load param super_planner/guard_viability/sample_dt_s success: [0;0m0.3
[fsm_node-3] [0;32m Load param super_planner/guard_viability/brake_max_acc_mps2 success: [0;0m20
[fsm_node-3] [0;32m Load param super_planner/guard_viability/brake_max_jerk_mps3 success: [0;0m120
[fsm_node-3] [0;32m Load param super_planner/guard_viability/brake_min_duration_s success: [0;0m0.4
[fsm_node-3] [0;32m Load param super_planner/guard_viability/brake_max_duration_s success: [0;0m3
[fsm_node-3] [0;32m Load param super_planner/guard_viability/brake_attempts success: [0;0m12
[fsm_node-3] [0;32m Load param super_planner/guard_viability/speed_scale_step success: [0;0m1.25
[fsm_node-3] [0;32m Load param super_planner/guard_viability/speed_scale_max success: [0;0m3
[fsm_node-3] [0;32m Load param super_planner/guard_viability/max_retries success: [0;0m4
[fsm_node-3] [0;32m Load param super_planner/corridor_min_margin success: [0;0m0.2
[fsm_node-3] [0;32m Load param super_planner/corridor_pref_margin success: [0;0m0.3
[fsm_node-3] [0;32m Load param super_planner/iris_iter_num success: [0;0m2
[fsm_node-3] [0;32m Load param super_planner/yaw_mode success: [0;0m1
[fsm_node-3] [0;32m Load param super_planner/mpc_horizon success: [0;0m15
[fsm_node-3] [0;32m Load param super_planner/yaw_dot_max success: [0;0m3
[fsm_node-3] [0;32m Load param rog_map/resolution success: [0;0m0.05
[fsm_node-3] [INFO] [1789024873.530533636] [fsm_node]:  -- [TRAJ_GUARD] mode=enforce sample_dt=0.0050s shadow_min_interval=0.000s inflation_radius=0.300m robot_r=0.200m additional_clearance=0.000m hard_clearance=0.300m clearance_offsets=0
[fsm_node-3] [38;2;050;205;050m -- [Viz] Set resolution_ to 0.05
[fsm_node-3] [0m[38;2;050;205;050m -- [Viz] Set visualization_en_ to false
[fsm_node-3] [0mLoad config file: /root/super_ws/src/SUPER/super_planner/config/static_seedmaps_guard_viability_tight_v7_frontend_risk_enforce.yaml
[fsm_node-3] [0;32m Load param astar/map_voxel_num success: [0;0m[500 500 100 ]
[fsm_node-3] [0;32m Load param astar/allow_diag success: [0;0m1
[fsm_node-3] [0;32m Load param astar/debug_visualization_en success: [0;0m0
[fsm_node-3] [0;32m Load param astar/heu_type success: [0;0m2
[fsm_node-3] [0;32m Load param astar/visual_process success: [0;0m0
[fsm_node-3] [32m -- [RM] Init Astar-map.[0m
[fsm_node-3] [34m	map index size: 250 250  50[0m
[fsm_node-3] [34m	map vox_num: 501 501 101[0m
[fsm_node-3] [INFO] [1789024875.102113171] [fsm_node]:  -- [FULL_REFRESH_ACK_GATE] listening sla=0.750s
[fsm_node-3] [INFO] [1789024875.102890771] [fsm_node]:  -- [FRONTEND_RISK] listening topic=/planning/trajectory_risk_verdict result_max_age=0.200s source_max_age=0.750s enforce=true body_result_max_age=0.150s body_source_max_age=0.200s body_enforce=true
[fsm_node-3] [33m -- [Fsm] CLICKGOAL ENABLE.[0m
[fsm_node-3] [INFO] [1789024875.103801177] [fsm_node]: [32m -- [Fsm-Test] Begin.[0m
[fsm_node-3] [32m -- [Fsm 1.000] Current state: INIT[0m
[fsm_node-3] [38;2;000;128;000m -- [Fsm]: [MainFsmCallback] change state from [INIT] to [WAIT_GOAL].
[fsm_node-3] [0m -- [Fsm] MAP_NOT_READY reason=accepted_count,committed_count,scan_span accepted=4 committed=4 version=4 lag=0 span=0.938s cloud_age=0.081s committed_cloud_age=0.081s commit_age=0.053s in_progress=false
[fsm_node-3]  -- [Fsm] MAP_READY accepted=5 committed=5 version=5 lag=0 span=1.126s cloud_age=0.014s committed_cloud_age=0.014s commit_age=0.008s in_progress=false
[fsm_node-3] [32m -- [Fsm] Get goal at [0m24.525 20.025  1.525
[fsm_node-3] [32m -- [Fsm] Receive click goal at: [24.525 20.025  1.525]; goal yaw: 0.000 deg[0m
[fsm_node-3] [INFO] [1789024876.295466872] [fsm_node]:  -- [OPTIMIZER_PHASE_MEMORY] optimizer=exp event=begin call=1 rss_mib=3101.562 swap_mib=0.000 variables=17 pieces=5
[fsm_node-3] [INFO] [1789024876.300882954] [fsm_node]:  -- [OPTIMIZER_PHASE_MEMORY] optimizer=exp event=end call=1 duration_ms=5.504 iterations=319 ret=1 rss_mib=3101.609 swap_mib=0.000 rss_delta_mib=0.047
[fsm_node-3] [INFO] [1789024876.300941748] [fsm_node]:  -- [SUPER] in [PlanFromRest] GenerateExpTrajectory SUCCESS.
[fsm_node-3] [INFO] [1789024876.337815431] [fsm_node]:  -- [OPTIMIZER_PHASE_MEMORY] optimizer=backup event=begin call=1 rss_mib=3101.770 swap_mib=0.000 variables=48 pieces=2
[fsm_node-3] [INFO] [1789024876.340280072] [fsm_node]:  -- [OPTIMIZER_PHASE_MEMORY] optimizer=backup event=end call=1 duration_ms=2.493 iterations=162 ret=1 rss_mib=3101.793 swap_mib=0.000 rss_delta_mib=0.023
[fsm_node-3] [INFO] [1789024876.340516797] [fsm_node]:  -- [OPTIMIZER_PHASE_MEMORY] optimizer=backup event=begin call=2 rss_mib=3101.805 swap_mib=0.000 variables=48 pieces=2
[fsm_node-3] [INFO] [1789024876.344470916] [fsm_node]:  -- [OPTIMIZER_PHASE_MEMORY] optimizer=backup event=end call=2 duration_ms=3.961 iterations=262 ret=1 rss_mib=3101.945 swap_mib=0.000 rss_delta_mib=0.141
[fsm_node-3] [INFO] [1789024876.344824215] [fsm_node]:  -- [TRAJ_GUARD_COMMIT] phase=PlanFromRest/with_backup gen=1 map=6 samples=199 range=[0.091,1.073] escape=false footprint_egress=false escape_done_tt=-1.000
[fsm_node-3] [INFO] [1789024876.441066038] [fsm_node]:  -- [OPTIMIZER_PHASE_MEMORY] optimizer=exp event=begin call=2 rss_mib=3102.043 swap_mib=0.000 variables=13 pieces=4
[fsm_node-3] [INFO] [1789024876.443407006] [fsm_node]:  -- [OPTIMIZER_PHASE_MEMORY] optimizer=exp event=end call=2 duration_ms=2.407 iterations=277 ret=1 rss_mib=3102.090 swap_mib=0.000 rss_delta_mib=0.047
[fsm_node-3] [INFO] [1789024876.496419989] [fsm_node]:  -- [OPTIMIZER_PHASE_MEMORY] optimizer=backup event=begin call=3 rss_mib=3102.168 swap_mib=0.000 variables=48 pieces=2
[fsm_node-3] [INFO] [1789024876.497170970] [fsm_node]:  -- [OPTIMIZER_PHASE_MEMORY] optimizer=backup event=end call=3 duration_ms=0.828 iterations=72 ret=1 rss_mib=3102.188 swap_mib=0.000 rss_delta_mib=0.020
[fsm_node-3] [INFO] [1789024876.497389845] [fsm_node]:  -- [OPTIMIZER_PHASE_MEMORY] optimizer=backup event=begin call=4 rss_mib=3102.199 swap_mib=0.000 variables=48 pieces=2
[fsm_node-3] [INFO] [1789024876.501595699] [fsm_node]:  -- [OPTIMIZER_PHASE_MEMORY] optimizer=backup event=end call=4 duration_ms=4.157 iterations=384 ret=1 rss_mib=3102.332 swap_mib=0.000 rss_delta_mib=0.133
[fsm_node-3] [INFO] [1789024876.502058181] [fsm_node]:  -- [TRAJ_GUARD_COMMIT] phase=ReplanOnce/with_backup gen=2 map=6 samples=213 range=[0.078,1.130] escape=false footprint_egress=false escape_done_tt=-1.000
[fsm_node-3] [38;2;000;128;000m -- [Fsm]: [MainFsmCallback] change state from [WAIT_GOAL] to [GENERATE_TRAJ].
[fsm_node-3] [0m -- [TRAJ_GUARD_CERT] trigger=poly_publish status=SAFE gen=1 map=6 map_age=0.008s map_age_limit=0.550s motion_speed=0.177mps samples=198 range=[0.091,1.073] collision_tt=-1.000 ttc=-1.000 p=[0.000,0.000,0.000]
[fsm_node-3] [38;2;000;128;000m -- [Fsm]: [MainFsmCallback] change state from [GENERATE_TRAJ] to [FOLLOW_TRAJ].
[fsm_node-3] [0m[32m -- [Fsm] ReplanOnce succeed.[0m
[fsm_node-3] [INFO] [1789024876.532966678] [fsm_node]:  -- [OPTIMIZER_PHASE_MEMORY] optimizer=exp event=begin call=3 rss_mib=3102.391 swap_mib=0.000 variables=13 pieces=4
[fsm_node-3] [INFO] [1789024876.539288978] [fsm_node]:  -- [OPTIMIZER_PHASE_MEMORY] optimizer=exp event=end call=3 duration_ms=6.395 iterations=506 ret=1 rss_mib=3102.449 swap_mib=0.000 rss_delta_mib=0.059
[fsm_node-3] [INFO] [1789024876.590178894] [fsm_node]:  -- [OPTIMIZER_PHASE_MEMORY] optimizer=backup event=begin call=5 rss_mib=3102.676 swap_mib=0.000 variables=50 pieces=2
[fsm_node-3] [INFO] [1789024876.592153657] [fsm_node]:  -- [OPTIMIZER_PHASE_MEMORY] optimizer=backup event=end call=5 duration_ms=2.006 iterations=134 ret=1 rss_mib=3102.699 swap_mib=0.000 rss_delta_mib=0.023
[fsm_node-3] [INFO] [1789024876.592306383] [fsm_node]:  -- [OPTIMIZER_PHASE_MEMORY] optimizer=backup event=begin call=6 rss_mib=3102.711 swap_mib=0.000 variables=50 pieces=2
[fsm_node-3] [INFO] [1789024876.599985468] [fsm_node]:  -- [OPTIMIZER_PHASE_MEMORY] optimizer=backup event=end call=6 duration_ms=7.640 iterations=461 ret=1 rss_mib=3102.766 swap_mib=0.000 rss_delta_mib=0.055
[fsm_node-3] [WARN] [1789024876.600054290] [fsm_node]:  -- [SUPER] in [ReplanOnce]: Replan overtime, check parameters, replan dt = 0.097411461.
[fsm_node-3] [INFO] [1789024876.621423950] [fsm_node]:  -- [OPTIMIZER_PHASE_MEMORY] optimizer=exp event=begin call=4 rss_mib=3102.859 swap_mib=0.000 variables=13 pieces=4
[fsm_node-3] [INFO] [1789024876.625412541] [fsm_node]:  -- [OPTIMIZER_PHASE_MEMORY] optimizer=exp event=end call=4 duration_ms=4.036 iterations=420 ret=1 rss_mib=3102.883 swap_mib=0.000 rss_delta_mib=0.023
[fsm_node-3] [INFO] [1789024876.672636025] [fsm_node]:  -- [OPTIMIZER_PHASE_MEMORY] optimizer=backup event=begin call=7 rss_mib=3103.066 swap_mib=0.000 variables=22 pieces=2
[fsm_node-3] [INFO] [1789024876.683793057] [fsm_node]:  -- [OPTIMIZER_PHASE_MEMORY] optimizer=backup event=end call=7 duration_ms=11.176 iterations=1386 ret=1 rss_mib=3103.066 swap_mib=0.000 rss_delta_mib=0.000
[fsm_node-3] [INFO] [1789024876.683922147] [fsm_node]:  -- [OPTIMIZER_PHASE_MEMORY] optimizer=backup event=begin call=8 rss_mib=3103.078 swap_mib=0.000 variables=22 pieces=2
[fsm_node-3] [INFO] [1789024876.684247738] [fsm_node]:  -- [OPTIMIZER_PHASE_MEMORY] optimizer=backup event=end call=8 duration_ms=0.330 iterations=74 ret=1 rss_mib=3103.078 swap_mib=0.000 rss_delta_mib=0.000
[fsm_node-3] [INFO] [1789024876.684525309] [fsm_node]:  -- [TRAJ_GUARD_COMMIT] phase=ReplanOnce/with_backup gen=3 map=8 samples=204 range=[0.084,1.090] escape=false footprint_egress=false escape_done_tt=-1.000
[fsm_node-3]  -- [TRAJ_GUARD_CERT] trigger=poly_publish status=SAFE gen=2 map=6 map_age=0.165s map_age_limit=0.550s motion_speed=1.987mps samples=212 range=[0.078,1.130] collision_tt=-1.000 ttc=-1.000 p=[0.000,0.000,0.000]
[fsm_node-3]  -- [TRAJ_GUARD_CERT] trigger=main_pre status=SAFE gen=2 map=7 map_age=0.006s map_age_limit=0.528s motion_speed=2.931mps samples=202 range=[0.130,1.130] collision_tt=-1.000 ttc=-1.000 p=[0.000,0.000,0.000]
[fsm_node-3]  -- [TRAJ_GUARD_CERT] trigger=main_pre status=SAFE gen=2 map=8 map_age=0.002s map_age_limit=0.500s motion_speed=4.516mps samples=184 range=[0.220,1.130] collision_tt=-1.000 ttc=-1.000 p=[0.000,0.000,0.000]
[fsm_node-3] [32m -- [Fsm] ReplanOnce succeed.[0m
[fsm_node-3] [INFO] [1789024876.703164521] [fsm_node]:  -- [OPTIMIZER_PHASE_MEMORY] optimizer=exp event=begin call=5 rss_mib=3103.078 swap_mib=0.000 variables=13 pieces=4
[fsm_node-3] [INFO] [1789024876.713401143] [fsm_node]:  -- [OPTIMIZER_PHASE_MEMORY] optimizer=exp event=end call=5 duration_ms=10.249 iterations=1048 ret=1 rss_mib=3103.086 swap_mib=0.000 rss_delta_mib=0.008
[fsm_node-3] [INFO] [1789024876.751467996] [fsm_node]:  -- [OPTIMIZER_PHASE_MEMORY] optimizer=backup event=begin call=9 rss_mib=3103.199 swap_mib=0.000 variables=54 pieces=2
[fsm_node-3] [INFO] [1789024876.754347726] [fsm_node]:  -- [OPTIMIZER_PHASE_MEMORY] optimizer=backup event=end call=9 duration_ms=2.950 iterations=250 ret=1 rss_mib=3103.238 swap_mib=0.000 rss_delta_mib=0.039
[fsm_node-3] [INFO] [1789024876.754508675] [fsm_node]:  -- [OPTIMIZER_PHASE_MEMORY] optimizer=backup event=begin call=10 rss_mib=3103.250 swap_mib=0.000 variables=54 pieces=2
[fsm_node-3] [INFO] [1789024876.768082733] [fsm_node]:  -- [OPTIMIZER_PHASE_MEMORY] optimizer=backup event=end call=10 duration_ms=13.526 iterations=897 ret=1 rss_mib=3103.301 swap_mib=0.000 rss_delta_mib=0.051
[fsm_node-3] [INFO] [1789024876.768354415] [fsm_node]:  -- [TRAJ_GUARD_COMMIT] phase=ReplanOnce/with_backup gen=4 map=8 samples=170 range=[0.083,0.922] escape=false footprint_egress=false escape_done_tt=-1.000
[fsm_node-3]  -- [TRAJ_GUARD_CERT] trigger=poly_publish status=SAFE gen=3 map=8 map_age=0.043s map_age_limit=0.500s motion_speed=5.153mps samples=203 range=[0.084,1.090] collision_tt=-1.000 ttc=-1.000 p=[0.000,0.000,0.000]
[fsm_node-3] [32m -- [Fsm] ReplanOnce succeed.[0m
[fsm_node-3] [INFO] [1789024876.785266583] [fsm_node]:  -- [OPTIMIZER_PHASE_MEMORY] optimizer=exp event=begin call=6 rss_mib=3103.312 swap_mib=0.000 variables=17 pieces=5
[fsm_node-3] [INFO] [1789024876.797254369] [fsm_node]:  -- [OPTIMIZER_PHASE_MEMORY] optimizer=exp event=end call=6 duration_ms=12.020 iterations=989 ret=1 rss_mib=3103.312 swap_mib=0.000 rss_delta_mib=0.000
[fsm_node-3] [INFO] [1789024876.826988853] [fsm_node]:  -- [OPTIMIZER_PHASE_MEMORY] optimizer=backup event=begin call=11 rss_mib=3103.312 swap_mib=0.000 variables=50 pieces=2
[fsm_node-3] [INFO] [1789024876.829649147] [fsm_node]:  -- [OPTIMIZER_PHASE_MEMORY] optimizer=backup event=end call=11 duration_ms=2.681 iterations=339 ret=1 rss_mib=3103.371 swap_mib=0.000 rss_delta_mib=0.059
[fsm_node-3] [INFO] [1789024876.829796588] [fsm_node]:  -- [OPTIMIZER_PHASE_MEMORY] optimizer=backup event=begin call=12 rss_mib=3103.371 swap_mib=0.000 variables=50 pieces=2
[fsm_node-3] [INFO] [1789024876.831065652] [fsm_node]:  -- [OPTIMIZER_PHASE_MEMORY] optimizer=backup event=end call=12 duration_ms=1.268 iterations=188 ret=1 rss_mib=3103.441 swap_mib=0.000 rss_delta_mib=0.070
[fsm_node-3] [INFO] [1789024876.831290094] [fsm_node]:  -- [TRAJ_GUARD_COMMIT] phase=ReplanOnce/with_backup gen=5 map=8 samples=161 range=[0.062,0.854] escape=false footprint_egress=false escape_done_tt=-1.000
[fsm_node-3]  -- [TRAJ_GUARD_CERT] trigger=poly_publish status=SAFE gen=4 map=8 map_age=0.127s map_age_limit=0.500s motion_speed=5.764mps samples=169 range=[0.084,0.922] collision_tt=-1.000 ttc=-1.000 p=[0.000,0.000,0.000]
[fsm_node-3] [32m -- [Fsm] ReplanOnce succeed.[0m
[fsm_node-3] [INFO] [1789024876.848445477] [fsm_node]:  -- [OPTIMIZER_PHASE_MEMORY] optimizer=exp event=begin call=7 rss_mib=3103.441 swap_mib=0.000 variables=17 pieces=5
[fsm_node-3] [INFO] [1789024876.854699987] [fsm_node]:  -- [OPTIMIZER_PHASE_MEMORY] optimizer=exp event=end call=7 duration_ms=6.316 iterations=504 ret=1 rss_mib=3103.449 swap_mib=0.000 rss_delta_mib=0.008
[fsm_node-3] [INFO] [1789024876.928436669] [fsm_node]:  -- [OPTIMIZER_PHASE_MEMORY] optimizer=backup event=begin call=13 rss_mib=3103.449 swap_mib=0.000 variables=22 pieces=2
[fsm_node-3] [INFO] [1789024876.929753845] [fsm_node]:  -- [OPTIMIZER_PHASE_MEMORY] optimizer=backup event=end call=13 duration_ms=1.384 iterations=263 ret=1 rss_mib=3103.449 swap_mib=0.000 rss_delta_mib=0.000
[fsm_node-3] [INFO] [1789024876.929850276] [fsm_node]:  -- [OPTIMIZER_PHASE_MEMORY] optimizer=backup event=begin call=14 rss_mib=3103.461 swap_mib=0.000 variables=22 pieces=2
[fsm_node-3] [INFO] [1789024876.930403851] [fsm_node]:  -- [OPTIMIZER_PHASE_MEMORY] optimizer=backup event=end call=14 duration_ms=0.555 iterations=129 ret=1 rss_mib=3103.461 swap_mib=0.000 rss_delta_mib=0.000
[fsm_node-3] [WARN] [1789024876.930437419] [fsm_node]:  -- [SUPER] in [ReplanOnce]: Replan overtime, check parameters, replan dt = 0.098796667.
[fsm_node-3] [INFO] [1789024876.946763176] [fsm_node]:  -- [OPTIMIZER_PHASE_MEMORY] optimizer=exp event=begin call=8 rss_mib=3103.461 swap_mib=0.000 variables=17 pieces=5
[fsm_node-3] [INFO] [1789024876.952984136] [fsm_node]:  -- [OPTIMIZER_PHASE_MEMORY] optimizer=exp event=end call=8 duration_ms=6.282 iterations=520 ret=1 rss_mib=3103.461 swap_mib=0.000 rss_delta_mib=0.000
[fsm_node-3] [INFO] [1789024877.028551428] [fsm_node]:  -- [OPTIMIZER_PHASE_MEMORY] optimizer=backup event=begin call=15 rss_mib=3103.461 swap_mib=0.000 variables=22 pieces=2
[fsm_node-3] [INFO] [1789024877.033339086] [fsm_node]:  -- [OPTIMIZER_PHASE_MEMORY] optimizer=backup event=end call=15 duration_ms=4.823 iterations=768 ret=1 rss_mib=3103.559 swap_mib=0.000 rss_delta_mib=0.098
[fsm_node-3] [INFO] [1789024877.033448254] [fsm_node]:  -- [OPTIMIZER_PHASE_MEMORY] optimizer=backup event=begin call=16 rss_mib=3103.559 swap_mib=0.000 variables=22 pieces=2
[fsm_node-3] [INFO] [1789024877.035806089] [fsm_node]:  -- [OPTIMIZER_PHASE_MEMORY] optimizer=backup event=end call=16 duration_ms=2.358 iterations=527 ret=1 rss_mib=3103.559 swap_mib=0.000 rss_delta_mib=0.000
[fsm_node-3] [WARN] [1789024877.035839070] [fsm_node]:  -- [SUPER] in [ReplanOnce]: Replan overtime, check parameters, replan dt = 0.105098244.
[fsm_node-3] [INFO] [1789024877.050075203] [fsm_node]:  -- [OPTIMIZER_PHASE_MEMORY] optimizer=exp event=begin call=9 rss_mib=3105.922 swap_mib=0.000 variables=17 pieces=5
[fsm_node-3] [INFO] [1789024877.055662957] [fsm_node]:  -- [OPTIMIZER_PHASE_MEMORY] optimizer=exp event=end call=9 duration_ms=5.642 iterations=472 ret=1 rss_mib=3105.922 swap_mib=0.000 rss_delta_mib=0.000
[fsm_node-3]  -- [TRAJ_GUARD_CERT] trigger=poly_publish status=SAFE gen=5 map=8 map_age=0.190s map_age_limit=0.500s motion_speed=5.900mps samples=160 range=[0.063,0.854] collision_tt=-1.000 ttc=-1.000 p=[0.000,0.000,0.000]
[fsm_node-3]  -- [TRAJ_GUARD_CERT] trigger=main_pre status=SAFE gen=5 map=9 map_age=0.004s map_age_limit=0.500s motion_speed=5.904mps samples=157 range=[0.075,0.854] collision_tt=-1.000 ttc=-1.000 p=[0.000,0.000,0.000]
[fsm_node-3]  -- [TRAJ_GUARD_CERT] trigger=main_pre status=SAFE gen=5 map=10 map_age=0.007s map_age_limit=0.500s motion_speed=5.806mps samples=113 range=[0.295,0.854] collision_tt=-1.000 ttc=-1.000 p=[0.000,0.000,0.000]
[fsm_node-3] [32m -- [Fsm 2.000] Current state: FOLLOW_TRAJ[0m
[fsm_node-3] [32m -- [Fsm] Get goal at [0m24.525 20.025  1.525
[fsm_node-3] [32m -- [Fsm] Receive click goal at: [24.525 20.025  1.525]; goal yaw: 0.000 deg[0m
[fsm_node-3] [INFO] [1789024877.131191723] [fsm_node]:  -- [OPTIMIZER_PHASE_MEMORY] optimizer=backup event=begin call=17 rss_mib=3105.922 swap_mib=0.000 variables=18 pieces=2
[fsm_node-3] [INFO] [1789024877.132675777] [fsm_node]:  -- [OPTIMIZER_PHASE_MEMORY] optimizer=backup event=end call=17 duration_ms=1.525 iterations=303 ret=1 rss_mib=3105.922 swap_mib=0.000 rss_delta_mib=0.000
[fsm_node-3] [INFO] [1789024877.132764517] [fsm_node]:  -- [OPTIMIZER_PHASE_MEMORY] optimizer=backup event=begin call=18 rss_mib=3105.922 swap_mib=0.000 variables=18 pieces=2
[fsm_node-3] [INFO] [1789024877.137840413] [fsm_node]:  -- [OPTIMIZER_PHASE_MEMORY] optimizer=backup event=end call=18 duration_ms=5.070 iterations=869 ret=1 rss_mib=3105.922 swap_mib=0.000 rss_delta_mib=0.000
[fsm_node-3] [WARN] [1789024877.137877305] [fsm_node]:  -- [SUPER] in [ReplanOnce]: Replan overtime, check parameters, replan dt = 0.101743861.
[fsm_node-3] [INFO] [1789024877.155163839] [fsm_node]:  -- [OPTIMIZER_PHASE_MEMORY] optimizer=exp event=begin call=10 rss_mib=3105.922 swap_mib=0.000 variables=17 pieces=5
[fsm_node-3] [INFO] [1789024877.162793216] [fsm_node]:  -- [OPTIMIZER_PHASE_MEMORY] optimizer=exp event=end call=10 duration_ms=7.678 iterations=616 ret=1 rss_mib=3105.922 swap_mib=0.000 rss_delta_mib=0.000
[perfect_drone_frontend_node-2] [INFO] [1789024877.171835354] [native_sector_cpp]: frames=41 published=21 kept 19.4% (4746/24425 pts/input-frame)
[fsm_node-3] [INFO] [1789024877.236590085] [fsm_node]:  -- [OPTIMIZER_PHASE_MEMORY] optimizer=backup event=begin call=19 rss_mib=3106.172 swap_mib=0.000 variables=18 pieces=2
[fsm_node-3] [INFO] [1789024877.240260410] [fsm_node]:  -- [OPTIMIZER_PHASE_MEMORY] optimizer=backup event=end call=19 duration_ms=3.720 iterations=668 ret=1 rss_mib=3106.172 swap_mib=0.000 rss_delta_mib=0.000
[fsm_node-3] [INFO] [1789024877.240339925] [fsm_node]:  -- [OPTIMIZER_PHASE_MEMORY] optimizer=backup event=begin call=20 rss_mib=3106.172 swap_mib=0.000 variables=18 pieces=2
[fsm_node-3] [INFO] [1789024877.241592400] [fsm_node]:  -- [OPTIMIZER_PHASE_MEMORY] optimizer=backup event=end call=20 duration_ms=1.254 iterations=328 ret=1 rss_mib=3106.172 swap_mib=0.000 rss_delta_mib=0.000
[fsm_node-3] [WARN] [1789024877.241624346] [fsm_node]:  -- [SUPER] in [ReplanOnce]: Replan overtime, check parameters, replan dt = 0.10351337.
[fsm_node-3] [INFO] [1789024877.258184880] [fsm_node]:  -- [OPTIMIZER_PHASE_MEMORY] optimizer=exp event=begin call=11 rss_mib=3107.613 swap_mib=0.000 variables=17 pieces=5
[fsm_node-3] [INFO] [1789024877.261034716] [fsm_node]:  -- [OPTIMIZER_PHASE_MEMORY] optimizer=exp event=end call=11 duration_ms=2.911 iterations=232 ret=1 rss_mib=3107.613 swap_mib=0.000 rss_delta_mib=0.000
[fsm_node-3] [INFO] [1789024877.332249531] [fsm_node]:  -- [OPTIMIZER_PHASE_MEMORY] optimizer=backup event=begin call=21 rss_mib=3107.613 swap_mib=0.000 variables=22 pieces=2
[fsm_node-3] [INFO] [1789024877.335157652] [fsm_node]:  -- [OPTIMIZER_PHASE_MEMORY] optimizer=backup event=end call=21 duration_ms=2.951 iterations=519 ret=1 rss_mib=3107.613 swap_mib=0.000 rss_delta_mib=0.000
[fsm_node-3] [INFO] [1789024877.335243814] [fsm_node]:  -- [OPTIMIZER_PHASE_MEMORY] optimizer=backup event=begin call=22 rss_mib=3107.613 swap_mib=0.000 variables=22 pieces=2
[fsm_node-3] [INFO] [1789024877.338361550] [fsm_node]:  -- [OPTIMIZER_PHASE_MEMORY] optimizer=backup event=end call=22 duration_ms=3.118 iterations=593 ret=1 rss_mib=3107.613 swap_mib=0.000 rss_delta_mib=0.000
[fsm_node-3] [WARN] [1789024877.338391931] [fsm_node]:  -- [SUPER] in [ReplanOnce]: Replan overtime, check parameters, replan dt = 0.096607234.
[fsm_node-3] [INFO] [1789024877.355190219] [fsm_node]:  -- [OPTIMIZER_PHASE_MEMORY] optimizer=exp event=begin call=12 rss_mib=3107.613 swap_mib=0.000 variables=17 pieces=5
[fsm_node-3] [INFO] [1789024877.368751687] [fsm_node]:  -- [OPTIMIZER_PHASE_MEMORY] optimizer=exp event=end call=12 duration_ms=13.574 iterations=1038 ret=1 rss_mib=3107.621 swap_mib=0.000 rss_delta_mib=0.008
[fsm_node-3] [INFO] [1789024877.444053316] [fsm_node]:  -- [OPTIMIZER_PHASE_MEMORY] optimizer=backup event=begin call=23 rss_mib=3107.621 swap_mib=0.000 variables=22 pieces=2
[fsm_node-3] [INFO] [1789024877.450758385] [fsm_node]:  -- [OPTIMIZER_PHASE_MEMORY] optimizer=backup event=end call=23 duration_ms=6.768 iterations=946 ret=1 rss_mib=3107.621 swap_mib=0.000 rss_delta_mib=0.000
[fsm_node-3] [INFO] [1789024877.450862035] [fsm_node]:  -- [OPTIMIZER_PHASE_MEMORY] optimizer=backup event=begin call=24 rss_mib=3107.633 swap_mib=0.000 variables=22 pieces=2
[fsm_node-3] [INFO] [1789024877.451225934] [fsm_node]:  -- [OPTIMIZER_PHASE_MEMORY] optimizer=backup event=end call=24 duration_ms=0.366 iterations=91 ret=1 rss_mib=3107.633 swap_mib=0.000 rss_delta_mib=0.000
[fsm_node-3] [WARN] [1789024877.451254094] [fsm_node]:  -- [SUPER] in [ReplanOnce]: Replan overtime, check parameters, replan dt = 0.112569155.
[fsm_node-3] [INFO] [1789024877.467483704] [fsm_node]:  -- [OPTIMIZER_PHASE_MEMORY] optimizer=exp event=begin call=13 rss_mib=3107.633 swap_mib=0.000 variables=17 pieces=5
[fsm_node-3] [INFO] [1789024877.486205204] [fsm_node]:  -- [OPTIMIZER_PHASE_MEMORY] optimizer=exp event=end call=13 duration_ms=18.765 iterations=1501 ret=1 rss_mib=3107.633 swap_mib=0.000 rss_delta_mib=0.000
[perfect_drone_frontend_node-2] [INFO] [1789024877.529907227] [perfect_tracking]: [SENSOR_CADENCE_SUMMARY] frames=50 span_s=4.897725 hz=10.004644 raw_published=0 direct_handoffs=42 payload_bytes=33931744 side_entry_v1_enabled=0 side_entry_v1_spawned=0 side_entry_v1_injected_frames=0
[perfect_drone_frontend_node-2] [INFO] [1789024877.529973561] [perfect_tracking]: [SENSOR_BURST_DROPOUT_SUMMARY] enabled=1 warmup_s=1.000000 period_s=2.000000 duration_s=0.500000 phase_s=1.600000 phase_env_override=1 rendered=50 delivered=42 dropped=8 bursts=2 max_consecutive_dropped=5 max_delivered_gap_s=0.599863 dropped_payload_bytes=8838688
[fsm_node-3] [INFO] [1789024877.558809529] [fsm_node]:  -- [OPTIMIZER_PHASE_MEMORY] optimizer=backup event=begin call=25 rss_mib=3107.633 swap_mib=0.000 variables=26 pieces=2
[fsm_node-3] [INFO] [1789024877.559915740] [fsm_node]:  -- [OPTIMIZER_PHASE_MEMORY] optimizer=backup event=end call=25 duration_ms=1.168 iterations=241 ret=1 rss_mib=3107.633 swap_mib=0.000 rss_delta_mib=0.000
[fsm_node-3] [INFO] [1789024877.559998681] [fsm_node]:  -- [OPTIMIZER_PHASE_MEMORY] optimizer=backup event=begin call=26 rss_mib=3107.633 swap_mib=0.000 variables=26 pieces=2
[fsm_node-3] [INFO] [1789024877.568934886] [fsm_node]:  -- [OPTIMIZER_PHASE_MEMORY] optimizer=backup event=end call=26 duration_ms=8.920 iterations=1220 ret=1 rss_mib=3107.633 swap_mib=0.000 rss_delta_mib=0.000
[fsm_node-3] [WARN] [1789024877.569004641] [fsm_node]:  -- [SUPER] in [ReplanOnce]: Replan overtime, check parameters, replan dt = 0.117433096.
[fsm_node-3] [ERROR] [1789024877.602256748] [fsm_node]:  -- [TRAJ_GUARD_REJECT] phase=ReplanOnce/no_backup segment=EXP status=CLEARANCE_MARGIN gen=6 map=11 from_tt=0.834 collision_tt=0.834 collision_p=[23.302,5.852,1.794] samples=143
[fsm_node-3]  -- [TRAJ_GUARD_CERT] trigger=main_pre status=SAFE gen=5 map=11 map_age=0.011s map_age_limit=0.500s motion_speed=5.686mps samples=71 range=[0.505,0.854] collision_tt=-1.000 ttc=-1.000 p=[0.000,0.000,0.000]
[fsm_node-3] [32m -- [Fsm] Traj finish.[0m
[fsm_node-3] [ERROR] [1789024877.642789445] [fsm_node]:  -- [TRAJ_GUARD_REJECT] phase=ReplanOnce/no_backup segment=EXP status=CLEARANCE_MARGIN gen=6 map=11 from_tt=0.874 collision_tt=0.874 collision_p=[23.280,6.132,1.793] samples=135
[fsm_node-3] [INFO] [1789024877.642920351] [fsm_node]:  -- [FULL_REFRESH_RECOVERY_GATE_ARM] min_request_seq=2
[fsm_node-3] [WARN] [1789024877.642941679] [fsm_node]:  -- [TRAJ_GUARD_RECOVERY_EPISODE_RESET] reason=horizontal_progress progress=4.726m threshold=2.000m prior_local=0 prior_vertical=0 prior_base=0
[fsm_node-3] [INFO] [1789024877.642948167] [fsm_node]:  -- [TRAJ_GUARD_RECOVERY_SIGNAL] active=true
[fsm_node-3] [ERROR] [1789024877.643219276] [fsm_node]:  -- [TRAJ_GUARD_BRAKE_REJECTED] trigger=candidate_rejected_without_safe_follow searched=[0.400,3.000]s speed0=0.000 initial_source=fresh_command cmd_age=0.019s cmd_pos_err=0.000 cmd_vel_err=inf motion_speed=inf motion_dt=infs motion_pose_speed=inf motion_twist_speed=0.000 motion_disagreement=inf motion_source=none motion_gen=5/0 motion_gen_continuous=false last_dynamics_ok=true max_vel=0.000 vel_limit=7.000 max_acc=0.000 max_jerk=0.000 last_path_status=SAFE last_map=11 map_age=0.380s raw_status=DISABLED raw_cloud=0 raw_age=infs ciri_shadow=DISABLED ciri_shadow_result=0 ciri_shadow_queued=0 ciri_shadow_age=infs; no brake command published
[fsm_node-3] [WARN] [1789024877.648040036] [fsm_node]:  -- [SUPER] Retrying EXP with inflated guard corridor.
[fsm_node-3] [INFO] [1789024877.650495392] [fsm_node]:  -- [OPTIMIZER_PHASE_MEMORY] optimizer=exp event=begin call=14 rss_mib=3109.074 swap_mib=0.000 variables=17 pieces=5
[fsm_node-3] [INFO] [1789024877.656705160] [fsm_node]:  -- [OPTIMIZER_PHASE_MEMORY] optimizer=exp event=end call=14 duration_ms=6.256 iterations=451 ret=1 rss_mib=3109.074 swap_mib=0.000 rss_delta_mib=0.000
[fsm_node-3] [INFO] [1789024877.656749380] [fsm_node]:  -- [SUPER] in [PlanFromRest] GenerateExpTrajectory SUCCESS.
[fsm_node-3] [INFO] [1789024877.732151322] [fsm_node]:  -- [OPTIMIZER_PHASE_MEMORY] optimizer=backup event=begin call=27 rss_mib=3109.074 swap_mib=0.000 variables=26 pieces=2
[fsm_node-3] [INFO] [1789024877.738538841] [fsm_node]:  -- [OPTIMIZER_PHASE_MEMORY] optimizer=backup event=end call=27 duration_ms=6.439 iterations=1008 ret=1 rss_mib=3109.074 swap_mib=0.000 rss_delta_mib=0.000
[fsm_node-3] [INFO] [1789024877.738627955] [fsm_node]:  -- [OPTIMIZER_PHASE_MEMORY] optimizer=backup event=begin call=28 rss_mib=3109.074 swap_mib=0.000 variables=26 pieces=2
[fsm_node-3] [INFO] [1789024877.739245459] [fsm_node]:  -- [OPTIMIZER_PHASE_MEMORY] optimizer=backup event=end call=28 duration_ms=0.603 iterations=157 ret=1 rss_mib=3109.074 swap_mib=0.000 rss_delta_mib=0.000
[fsm_node-3] [INFO] [1789024877.739539853] [fsm_node]:  -- [TRAJ_GUARD_COMMIT] phase=PlanFromRest/with_backup gen=6 map=11 samples=287 range=[0.096,1.521] escape=false footprint_egress=false escape_done_tt=-1.000
[fsm_node-3] [ERROR] [1789024877.814140824] [fsm_node]:  -- [TRAJ_GUARD_BRAKE] trigger=main_pre_uncertified duration=0.608s speed0=1.042 initial_source=fresh_command cmd_age=0.010s cmd_pos_err=0.000 cmd_vel_err=inf motion_speed=inf motion_dt=infs motion_pose_speed=inf motion_twist_speed=1.042 motion_disagreement=inf motion_source=none motion_gen=6/5 motion_gen_continuous=false max_vel=2.164 vel_limit=7.000 max_acc=14.966 max_jerk=115.266 dynamics_ok=true path_status=SAFE map=11 map_age=0.551s raw_status=DISABLED raw_cloud=0 raw_age=0.000s ciri_shadow=DISABLED ciri_shadow_result=0 ciri_shadow_queued=0 ciri_shadow_age=infs stop=[22.678,5.206,1.667]
[fsm_node-3] [INFO] [1789024877.832380099] [fsm_node]:  -- [FULL_REFRESH_RECOVERY_TARGET] request_seq=2 stamp_ns=1789024877831566952 already_acked=false map=0
[fsm_node-3] [INFO] [1789024877.866344908] [fsm_node]:  -- [FULL_REFRESH_RECOVERY_ACK] request_seq=2 stamp_ns=1789024877831566952 map=12 committed=1
[fsm_node-3] [38;2;000;128;000m -- [Fsm]: [PubCmdCallback] change state from [FOLLOW_TRAJ] to [GENERATE_TRAJ].
[fsm_node-3] [0m[38;2;000;128;000m -- [Fsm]: [TrajectoryGuardFailClosed] change state from [GENERATE_TRAJ] to [EMER_STOP].
[fsm_node-3] [0m -- [TRAJ_GUARD_CERT] trigger=poly_publish status=SAFE gen=6 map=11 map_age=0.476s map_age_limit=0.550s motion_speed=0.000mps samples=286 range=[0.097,1.521] collision_tt=-1.000 ttc=-1.000 p=[0.000,0.000,0.000]
[fsm_node-3] [38;2;000;128;000m -- [Fsm]: [MainFsmCallback] change state from [EMER_STOP] to [FOLLOW_TRAJ].
[fsm_node-3] [0m -- [TRAJ_GUARD_CERT] trigger=main_pre status=MAP_STALE gen=6 map=11 map_age=0.551s map_age_limit=0.550s motion_speed=1.042mps samples=0 range=[0.000,0.000] collision_tt=-1.000 ttc=-1.000 p=[0.000,0.000,0.000]
[fsm_node-3] [38;2;000;128;000m -- [Fsm]: [TrajectoryGuard] change state from [FOLLOW_TRAJ] to [EMER_STOP].
[fsm_node-3] [0m[38;2;000;128;000m -- [Fsm]: [TrajectoryGuardRecovery] change state from [EMER_STOP] to [GENERATE_TRAJ].
[fsm_node-3] [0m[32m -- [Fsm 3.570] Current state: GENERATE_TRAJ[0m
[fsm_node-3] [32m -- [Fsm] Get goal at [0m24.525 20.025  1.525
[fsm_node-3] [32m -- [Fsm] Receive click goal at: [24.525 20.025  1.525]; goal yaw: 0.000 deg[0m
[fsm_node-3] [INFO] [1789024878.696117823] [fsm_node]:  -- [OPTIMIZER_PHASE_MEMORY] optimizer=exp event=begin call=15 rss_mib=3113.832 swap_mib=0.000 variables=17 pieces=5
[fsm_node-3] [INFO] [1789024878.699228389] [fsm_node]:  -- [OPTIMIZER_PHASE_MEMORY] optimizer=exp event=end call=15 duration_ms=3.146 iterations=306 ret=1 rss_mib=3113.832 swap_mib=0.000 rss_delta_mib=0.000
[fsm_node-3] [INFO] [1789024878.699282224] [fsm_node]:  -- [SUPER] in [PlanFromRest] GenerateExpTrajectory SUCCESS.
[fsm_node-3] [INFO] [1789024878.767416383] [fsm_node]:  -- [OPTIMIZER_PHASE_MEMORY] optimizer=backup event=begin call=29 rss_mib=3114.172 swap_mib=0.000 variables=18 pieces=2
[fsm_node-3] [INFO] [1789024878.768281840] [fsm_node]:  -- [OPTIMIZER_PHASE_MEMORY] optimizer=backup event=end call=29 duration_ms=0.926 iterations=223 ret=1 rss_mib=3114.172 swap_mib=0.000 rss_delta_mib=0.000
[fsm_node-3] [INFO] [1789024878.768343038] [fsm_node]:  -- [OPTIMIZER_PHASE_MEMORY] optimizer=backup event=begin call=30 rss_mib=3114.172 swap_mib=0.000 variables=18 pieces=2
[fsm_node-3] [INFO] [1789024878.768494147] [fsm_node]:  -- [OPTIMIZER_PHASE_MEMORY] optimizer=backup event=end call=30 duration_ms=0.152 iterations=38 ret=1 rss_mib=3114.172 swap_mib=0.000 rss_delta_mib=0.000
[fsm_node-3] [INFO] [1789024878.768852752] [fsm_node]:  -- [TRAJ_GUARD_COMMIT] phase=PlanFromRest/with_backup gen=7 map=18 samples=503 range=[0.085,2.589] escape=false footprint_egress=false escape_done_tt=-1.000
[fsm_node-3] [INFO] [1789024878.769060533] [fsm_node]:  -- [TRAJ_GUARD_RECOVERY_SIGNAL] active=false
[fsm_node-3] [INFO] [1789024878.769068588] [fsm_node]:  -- [TRAJ_GUARD_RECOVERED] trigger=main_pre_uncertified gen=7 map=17
[fsm_node-3] [INFO] [1789024878.889299021] [fsm_node]:  -- [OPTIMIZER_PHASE_MEMORY] optimizer=exp event=begin call=16 rss_mib=3114.172 swap_mib=0.000 variables=13 pieces=4
[fsm_node-3] [INFO] [1789024878.896974955] [fsm_node]:  -- [OPTIMIZER_PHASE_MEMORY] optimizer=exp event=end call=16 duration_ms=7.712 iterations=823 ret=1 rss_mib=3114.172 swap_mib=0.000 rss_delta_mib=0.000
[fsm_node-3] [INFO] [1789024878.966653361] [fsm_node]:  -- [OPTIMIZER_PHASE_MEMORY] optimizer=backup event=begin call=31 rss_mib=3114.172 swap_mib=0.000 variables=26 pieces=2
[fsm_node-3] [INFO] [1789024878.979887779] [fsm_node]:  -- [OPTIMIZER_PHASE_MEMORY] optimizer=backup event=end call=31 duration_ms=13.274 iterations=1889 ret=1 rss_mib=3114.172 swap_mib=0.000 rss_delta_mib=0.000
[fsm_node-3] [INFO] [1789024878.979992368] [fsm_node]:  -- [OPTIMIZER_PHASE_MEMORY] optimizer=backup event=begin call=32 rss_mib=3114.172 swap_mib=0.000 variables=26 pieces=2
[fsm_node-3] [INFO] [1789024878.995957063] [fsm_node]:  -- [OPTIMIZER_PHASE_MEMORY] optimizer=backup event=end call=32 duration_ms=15.954 iterations=2107 ret=1 rss_mib=3114.172 swap_mib=0.000 rss_delta_mib=0.000
[fsm_node-3] [WARN] [1789024878.995996495] [fsm_node]:  -- [SUPER] in [ReplanOnce]: Replan overtime, check parameters, replan dt = 0.130244936.
[fsm_node-3] [INFO] [1789024879.016609811] [fsm_node]:  -- [OPTIMIZER_PHASE_MEMORY] optimizer=exp event=begin call=17 rss_mib=3114.172 swap_mib=0.000 variables=13 pieces=4
[fsm_node-3] [INFO] [1789024879.021091769] [fsm_node]:  -- [OPTIMIZER_PHASE_MEMORY] optimizer=exp event=end call=17 duration_ms=4.536 iterations=476 ret=1 rss_mib=3114.172 swap_mib=0.000 rss_delta_mib=0.000
[fsm_node-3] [INFO] [1789024879.094892203] [fsm_node]:  -- [OPTIMIZER_PHASE_MEMORY] optimizer=backup event=begin call=33 rss_mib=3114.426 swap_mib=0.000 variables=22 pieces=2
[fsm_node-3] [INFO] [1789024879.111084179] [fsm_node]:  -- [OPTIMIZER_PHASE_MEMORY] optimizer=backup event=end call=33 duration_ms=16.210 iterations=2188 ret=1 rss_mib=3114.426 swap_mib=0.000 rss_delta_mib=0.000
[fsm_node-3] [INFO] [1789024879.111157187] [fsm_node]:  -- [OPTIMIZER_PHASE_MEMORY] optimizer=backup event=begin call=34 rss_mib=3114.426 swap_mib=0.000 variables=22 pieces=2
[fsm_node-3] [INFO] [1789024879.124211978] [fsm_node]:  -- [OPTIMIZER_PHASE_MEMORY] optimizer=backup event=end call=34 duration_ms=13.048 iterations=1766 ret=1 rss_mib=3114.426 swap_mib=0.000 rss_delta_mib=0.000
[fsm_node-3] [WARN] [1789024879.124244148] [fsm_node]:  -- [SUPER] in [ReplanOnce]: Replan overtime, check parameters, replan dt = 0.128018849.
[fsm_node-3]  -- [TRAJ_GUARD_CERT] trigger=poly_publish status=SAFE gen=7 map=18 map_age=0.025s map_age_limit=0.550s motion_speed=0.000mps samples=502 range=[0.085,2.589] collision_tt=-1.000 ttc=-1.000 p=[0.000,0.000,0.000]
[fsm_node-3] [38;2;000;128;000m -- [Fsm]: [MainFsmCallback] change state from [GENERATE_TRAJ] to [FOLLOW_TRAJ].
[fsm_node-3] [0m -- [TRAJ_GUARD_CERT] trigger=main_pre status=SAFE gen=7 map=19 map_age=0.006s map_age_limit=0.550s motion_speed=0.924mps samples=485 range=[0.170,2.589] collision_tt=-1.000 ttc=-1.000 p=[0.000,0.000,0.000]
[fsm_node-3]  -- [TRAJ_GUARD_CERT] trigger=main_pre status=SAFE gen=7 map=20 map_age=0.010s map_age_limit=0.500s motion_speed=4.599mps samples=445 range=[0.370,2.589] collision_tt=-1.000 ttc=-1.000 p=[0.000,0.000,0.000]
[fsm_node-3] [32m -- [Fsm] Get goal at [0m24.525000000000002 20.025000000000002  1.525000000000000
[fsm_node-3] [32m -- [Fsm] Receive click goal at: [24.525000000000002 20.025000000000002  1.525000000000000]; goal yaw: 0.000000000000000 deg[0m
[fsm_node-3] [INFO] [1789024879.143730315] [fsm_node]:  -- [OPTIMIZER_PHASE_MEMORY] optimizer=exp event=begin call=18 rss_mib=3114.570 swap_mib=0.000 variables=13 pieces=4
[fsm_node-3] [INFO] [1789024879.147163167] [fsm_node]:  -- [OPTIMIZER_PHASE_MEMORY] optimizer=exp event=end call=18 duration_ms=3.487 iterations=358 ret=1 rss_mib=3114.570 swap_mib=0.000 rss_delta_mib=0.000
[fsm_node-3] [INFO] [1789024879.220014340] [fsm_node]:  -- [OPTIMIZER_PHASE_MEMORY] optimizer=backup event=begin call=35 rss_mib=3114.570 swap_mib=0.000 variables=18 pieces=2
[fsm_node-3] [INFO] [1789024879.238788407] [fsm_node]:  -- [OPTIMIZER_PHASE_MEMORY] optimizer=backup event=end call=35 duration_ms=18.789 iterations=2847 ret=1 rss_mib=3114.586 swap_mib=0.000 rss_delta_mib=0.016
[fsm_node-3] [INFO] [1789024879.238894038] [fsm_node]:  -- [OPTIMIZER_PHASE_MEMORY] optimizer=backup event=begin call=36 rss_mib=3114.586 swap_mib=0.000 variables=18 pieces=2
[fsm_node-3] [INFO] [1789024879.256228258] [fsm_node]:  -- [OPTIMIZER_PHASE_MEMORY] optimizer=backup event=end call=36 duration_ms=17.318 iterations=2211 ret=1 rss_mib=3114.586 swap_mib=0.000 rss_delta_mib=0.000
[fsm_node-3] [WARN] [1789024879.256283459] [fsm_node]:  -- [SUPER] in [ReplanOnce]: Replan overtime, check parameters, replan dt = 0.131725264.
[fsm_node-3] [INFO] [1789024879.277325838] [fsm_node]:  -- [OPTIMIZER_PHASE_MEMORY] optimizer=exp event=begin call=19 rss_mib=3114.586 swap_mib=0.000 variables=17 pieces=5
[fsm_node-3] [INFO] [1789024879.281229162] [fsm_node]:  -- [OPTIMIZER_PHASE_MEMORY] optimizer=exp event=end call=19 duration_ms=3.958 iterations=339 ret=1 rss_mib=3114.586 swap_mib=0.000 rss_delta_mib=0.000
[fsm_node-3] [INFO] [1789024879.354876542] [fsm_node]:  -- [OPTIMIZER_PHASE_MEMORY] optimizer=backup event=begin call=37 rss_mib=3114.586 swap_mib=0.000 variables=18 pieces=2
[fsm_node-3] [INFO] [1789024879.355818924] [fsm_node]:  -- [OPTIMIZER_PHASE_MEMORY] optimizer=backup event=end call=37 duration_ms=1.008 iterations=212 ret=1 rss_mib=3114.586 swap_mib=0.000 rss_delta_mib=0.000
[fsm_node-3] [INFO] [1789024879.355895001] [fsm_node]:  -- [OPTIMIZER_PHASE_MEMORY] optimizer=backup event=begin call=38 rss_mib=3114.586 swap_mib=0.000 variables=18 pieces=2
[fsm_node-3] [INFO] [1789024879.356365778] [fsm_node]:  -- [OPTIMIZER_PHASE_MEMORY] optimizer=backup event=end call=38 duration_ms=0.473 iterations=130 ret=1 rss_mib=3114.586 swap_mib=0.000 rss_delta_mib=0.000
[fsm_node-3] [WARN] [1789024879.356393153] [fsm_node]:  -- [SUPER] in [ReplanOnce]: Replan overtime, check parameters, replan dt = 0.099807498.
[fsm_node-3] [INFO] [1789024879.374914949] [fsm_node]:  -- [OPTIMIZER_PHASE_MEMORY] optimizer=exp event=begin call=20 rss_mib=3114.586 swap_mib=0.000 variables=17 pieces=5
[fsm_node-3] [INFO] [1789024879.402101003] [fsm_node]:  -- [OPTIMIZER_PHASE_MEMORY] optimizer=exp event=end call=20 duration_ms=27.170 iterations=2170 ret=1 rss_mib=3114.586 swap_mib=0.000 rss_delta_mib=0.000
[fsm_node-3] [INFO] [1789024879.474457109] [fsm_node]:  -- [OPTIMIZER_PHASE_MEMORY] optimizer=backup event=begin call=39 rss_mib=3114.586 swap_mib=0.000 variables=18 pieces=2
[fsm_node-3] [INFO] [1789024879.475562972] [fsm_node]:  -- [OPTIMIZER_PHASE_MEMORY] optimizer=backup event=end call=39 duration_ms=1.149 iterations=258 ret=1 rss_mib=3114.586 swap_mib=0.000 rss_delta_mib=0.000
[fsm_node-3] [INFO] [1789024879.475623247] [fsm_node]:  -- [OPTIMIZER_PHASE_MEMORY] optimizer=backup event=begin call=40 rss_mib=3114.586 swap_mib=0.000 variables=18 pieces=2
[fsm_node-3] [INFO] [1789024879.476407602] [fsm_node]:  -- [OPTIMIZER_PHASE_MEMORY] optimizer=backup event=end call=40 duration_ms=0.785 iterations=228 ret=1 rss_mib=3114.586 swap_mib=0.000 rss_delta_mib=0.000
[fsm_node-3] [WARN] [1789024879.476435366] [fsm_node]:  -- [SUPER] in [ReplanOnce]: Replan overtime, check parameters, replan dt = 0.119748528.
[fsm_node-3] [INFO] [1789024879.494335117] [fsm_node]:  -- [OPTIMIZER_PHASE_MEMORY] optimizer=exp event=begin call=21 rss_mib=3114.586 swap_mib=0.000 variables=17 pieces=5
[fsm_node-3] [INFO] [1789024879.535015477] [fsm_node]:  -- [OPTIMIZER_PHASE_MEMORY] optimizer=exp event=end call=21 duration_ms=40.680 iterations=3025 ret=1 rss_mib=3114.586 swap_mib=0.000 rss_delta_mib=0.000
[fsm_node-3] [INFO] [1789024879.604367615] [fsm_node]:  -- [OPTIMIZER_PHASE_MEMORY] optimizer=backup event=begin call=41 rss_mib=3114.590 swap_mib=0.000 variables=22 pieces=2
[fsm_node-3] [INFO] [1789024879.610147561] [fsm_node]:  -- [OPTIMIZER_PHASE_MEMORY] optimizer=backup event=end call=41 duration_ms=5.808 iterations=973 ret=1 rss_mib=3114.590 swap_mib=0.000 rss_delta_mib=0.000
[fsm_node-3] [INFO] [1789024879.610254315] [fsm_node]:  -- [OPTIMIZER_PHASE_MEMORY] optimizer=backup event=begin call=42 rss_mib=3114.590 swap_mib=0.000 variables=22 pieces=2
[fsm_node-3] [INFO] [1789024879.610761185] [fsm_node]:  -- [OPTIMIZER_PHASE_MEMORY] optimizer=backup event=end call=42 duration_ms=0.508 iterations=136 ret=1 rss_mib=3114.590 swap_mib=0.000 rss_delta_mib=0.000
[fsm_node-3] [WARN] [1789024879.610791183] [fsm_node]:  -- [SUPER] in [ReplanOnce]: Replan overtime, check parameters, replan dt = 0.133982604.
[fsm_node-3] [INFO] [1789024879.630030498] [fsm_node]:  -- [OPTIMIZER_PHASE_MEMORY] optimizer=exp event=begin call=22 rss_mib=3114.590 swap_mib=0.000 variables=17 pieces=5
[fsm_node-3] [INFO] [1789024879.633564382] [fsm_node]:  -- [OPTIMIZER_PHASE_MEMORY] optimizer=exp event=end call=22 duration_ms=3.609 iterations=288 ret=1 rss_mib=3114.590 swap_mib=0.000 rss_delta_mib=0.000
[fsm_node-3]  -- [TRAJ_GUARD_CERT] trigger=main_pre status=SAFE gen=7 map=21 map_age=0.002s map_age_limit=0.500s motion_speed=6.104mps samples=423 range=[0.480,2.589] collision_tt=-1.000 ttc=-1.000 p=[0.000,0.000,0.000]
[fsm_node-3]  -- [TRAJ_GUARD_CERT] trigger=replan_post status=SAFE gen=7 map=22 map_age=0.004s map_age_limit=0.500s motion_speed=6.678mps samples=405 range=[0.572,2.589] collision_tt=-1.000 ttc=-1.000 p=[0.000,0.000,0.000]
[fsm_node-3] [32m -- [Fsm 4.580] Current state: FOLLOW_TRAJ[0m
[fsm_node-3] [INFO] [1789024879.708725371] [fsm_node]:  -- [OPTIMIZER_PHASE_MEMORY] optimizer=backup event=begin call=43 rss_mib=3114.590 swap_mib=0.000 variables=40 pieces=2
[fsm_node-3] [INFO] [1789024879.709950133] [fsm_node]:  -- [OPTIMIZER_PHASE_MEMORY] optimizer=backup event=end call=43 duration_ms=1.275 iterations=193 ret=1 rss_mib=3114.590 swap_mib=0.000 rss_delta_mib=0.000
[fsm_node-3] [INFO] [1789024879.710056715] [fsm_node]:  -- [OPTIMIZER_PHASE_MEMORY] optimizer=backup event=begin call=44 rss_mib=3114.590 swap_mib=0.000 variables=40 pieces=2
[fsm_node-3] [INFO] [1789024879.712282980] [fsm_node]:  -- [OPTIMIZER_PHASE_MEMORY] optimizer=backup event=end call=44 duration_ms=2.227 iterations=384 ret=1 rss_mib=3114.590 swap_mib=0.000 rss_delta_mib=0.000
[fsm_node-3] [WARN] [1789024879.712308947] [fsm_node]:  -- [SUPER] in [ReplanOnce]: Replan overtime, check parameters, replan dt = 0.10124152.
[fsm_node-3] [INFO] [1789024879.753771135] [fsm_node]:  -- [FULL_REFRESH_RECOVERY_GATE_ARM] min_request_seq=3
[fsm_node-3] [INFO] [1789024879.753916120] [fsm_node]:  -- [TRAJ_GUARD_RECOVERY_SIGNAL] active=true
[fsm_node-3] [ERROR] [1789024879.756459314] [fsm_node]:  -- [TRAJ_GUARD_BRAKE_REJECTED] trigger=main_pre_uncertified searched=[0.400,3.000]s speed0=6.662 initial_source=fresh_command cmd_age=0.010s cmd_pos_err=0.000 cmd_vel_err=inf motion_speed=inf motion_dt=infs motion_pose_speed=inf motion_twist_speed=6.662 motion_disagreement=inf motion_source=none motion_gen=7/6 motion_gen_continuous=false last_dynamics_ok=true max_vel=6.662 vel_limit=7.000 max_acc=10.100 max_jerk=11.532 last_path_status=UNOBSERVED last_map=22 map_age=0.504s raw_status=DISABLED raw_cloud=0 raw_age=0.000s ciri_shadow=DISABLED ciri_shadow_result=0 ciri_shadow_queued=0 ciri_shadow_age=infs; no brake command published
[fsm_node-3] [ERROR] [1789024879.764210802] [fsm_node]:  -- [TRAJ_GUARD_BRAKE_REJECTED] trigger=emergency_stop_retry searched=[0.400,3.000]s speed0=0.000 initial_source=position_difference cmd_age=0.020s cmd_pos_err=0.000 cmd_vel_err=6.662 motion_speed=0.000 motion_dt=0.010s motion_pose_speed=0.000 motion_twist_speed=6.662 motion_disagreement=6.662 motion_source=position_difference motion_gen=7/7 motion_gen_continuous=true last_dynamics_ok=true max_vel=0.000 vel_limit=7.000 max_acc=0.000 max_jerk=0.000 last_path_status=SAFE last_map=22 map_age=0.511s raw_status=DISABLED raw_cloud=0 raw_age=infs ciri_shadow=DISABLED ciri_shadow_result=0 ciri_shadow_queued=0 ciri_shadow_age=infs; no brake command published
[fsm_node-3] [INFO] [1789024879.834431345] [fsm_node]:  -- [FULL_REFRESH_RECOVERY_TARGET] request_seq=3 stamp_ns=1789024879833250108 already_acked=false map=0
[fsm_node-3] [ERROR] [1789024879.864260111] [fsm_node]:  -- [TRAJ_GUARD_BRAKE_REJECTED] trigger=emergency_stop_retry searched=[0.400,3.000]s speed0=0.000 initial_source=position_difference cmd_age=0.120s cmd_pos_err=0.000 cmd_vel_err=6.662 motion_speed=0.000 motion_dt=0.100s motion_pose_speed=0.000 motion_twist_speed=6.662 motion_disagreement=6.662 motion_source=position_difference motion_gen=7/7 motion_gen_continuous=true last_dynamics_ok=true max_vel=0.000 vel_limit=7.000 max_acc=0.000 max_jerk=0.000 last_path_status=SAFE last_map=22 map_age=0.611s raw_status=DISABLED raw_cloud=0 raw_age=infs ciri_shadow=DISABLED ciri_shadow_result=0 ciri_shadow_queued=0 ciri_shadow_age=infs; no brake command published
[fsm_node-3] [INFO] [1789024879.876954173] [fsm_node]:  -- [FULL_REFRESH_RECOVERY_ACK] request_seq=3 stamp_ns=1789024879833250108 map=23 committed=1
[fsm_node-3] [ERROR] [1789024879.974069722] [fsm_node]:  -- [TRAJ_GUARD_BRAKE_REJECTED] trigger=emergency_stop_retry searched=[0.400,3.000]s speed0=0.000 initial_source=position_difference cmd_age=0.230s cmd_pos_err=0.000 cmd_vel_err=6.662 motion_speed=0.000 motion_dt=0.110s motion_pose_speed=0.000 motion_twist_speed=6.662 motion_disagreement=6.662 motion_source=position_difference motion_gen=7/7 motion_gen_continuous=true last_dynamics_ok=true max_vel=0.000 vel_limit=7.000 max_acc=0.000 max_jerk=0.000 last_path_status=SAFE last_map=24 map_age=0.003s raw_status=DISABLED raw_cloud=0 raw_age=infs ciri_shadow=DISABLED ciri_shadow_result=0 ciri_shadow_queued=0 ciri_shadow_age=infs; no brake command published
[fsm_node-3] [WARN] [1789024880.084152827] [fsm_node]:  -- [TRAJ_GUARD_STATIONARY_HOLD] trigger=emergency_stop_retry stable_for=0.320s displacement=0.000m action=publish_certified_hold
[fsm_node-3] [ERROR] [1789024880.084239036] [fsm_node]:  -- [TRAJ_GUARD_BRAKE] trigger=emergency_stop_retry duration=0.400s speed0=0.000 initial_source=position_difference cmd_age=0.340s cmd_pos_err=0.000 cmd_vel_err=6.662 motion_speed=0.000 motion_dt=0.110s motion_pose_speed=0.000 motion_twist_speed=6.662 motion_disagreement=6.662 motion_source=position_difference motion_gen=7/7 motion_gen_continuous=true max_vel=0.000 vel_limit=7.000 max_acc=0.000 max_jerk=0.000 dynamics_ok=true path_status=SAFE map=25 map_age=0.022s raw_status=DISABLED raw_cloud=0 raw_age=0.000s ciri_shadow=DISABLED ciri_shadow_result=0 ciri_shadow_queued=0 ciri_shadow_age=infs stop=[22.888,10.310,1.862]
[fsm_node-3] [WARN] [1789024880.093748785] [fsm_node]:  -- [TRAJ_GUARD_RECOVERY_EPISODE_RESET] reason=horizontal_progress progress=5.862m threshold=2.000m prior_local=0 prior_vertical=0 prior_base=0
[fsm_node-3] [INFO] [1789024880.120570370] [fsm_node]:  -- [OPTIMIZER_PHASE_MEMORY] optimizer=exp event=begin call=23 rss_mib=3119.191 swap_mib=0.000 variables=17 pieces=5
[fsm_node-3] [INFO] [1789024880.126338807] [fsm_node]:  -- [OPTIMIZER_PHASE_MEMORY] optimizer=exp event=end call=23 duration_ms=5.814 iterations=586 ret=1 rss_mib=3119.191 swap_mib=0.000 rss_delta_mib=0.000
[fsm_node-3] [INFO] [1789024880.126384905] [fsm_node]:  -- [SUPER] in [PlanFromRest] GenerateExpTrajectory SUCCESS.
[fsm_node-3] [INFO] [1789024880.188669915] [fsm_node]:  -- [OPTIMIZER_PHASE_MEMORY] optimizer=backup event=begin call=45 rss_mib=3119.742 swap_mib=0.000 variables=38 pieces=2
[fsm_node-3] [INFO] [1789024880.190281042] [fsm_node]:  -- [OPTIMIZER_PHASE_MEMORY] optimizer=backup event=end call=45 duration_ms=1.656 iterations=297 ret=1 rss_mib=3119.742 swap_mib=0.000 rss_delta_mib=0.000
[fsm_node-3] [INFO] [1789024880.190430123] [fsm_node]:  -- [OPTIMIZER_PHASE_MEMORY] optimizer=backup event=begin call=46 rss_mib=3119.742 swap_mib=0.000 variables=38 pieces=2
[fsm_node-3] [INFO] [1789024880.191620118] [fsm_node]:  -- [OPTIMIZER_PHASE_MEMORY] optimizer=backup event=end call=46 duration_ms=1.196 iterations=214 ret=1 rss_mib=3119.742 swap_mib=0.000 rss_delta_mib=0.000
[fsm_node-3] [INFO] [1789024880.191898831] [fsm_node]:  -- [TRAJ_GUARD_COMMIT] phase=PlanFromRest/with_backup gen=8 map=25 samples=258 range=[0.098,1.374] escape=false footprint_egress=false escape_done_tt=-1.000
[fsm_node-3] [INFO] [1789024880.192063928] [fsm_node]:  -- [TRAJ_GUARD_RECOVERY_SIGNAL] active=false
[fsm_node-3] [INFO] [1789024880.192068449] [fsm_node]:  -- [TRAJ_GUARD_RECOVERED] trigger=emergency_stop_retry gen=8 map=25
[fsm_node-3]  -- [TRAJ_GUARD_CERT] trigger=main_pre status=MAP_STALE gen=7 map=22 map_age=0.501s map_age_limit=0.500s motion_speed=6.662mps samples=0 range=[0.000,0.000] collision_tt=-1.000 ttc=-1.000 p=[0.000,0.000,0.000]
[fsm_node-3] [38;2;000;128;000m -- [Fsm]: [TrajectoryGuardFailClosed] change state from [FOLLOW_TRAJ] to [EMER_STOP].
[fsm_node-3] [0m[38;2;000;128;000m -- [Fsm]: [TrajectoryGuard] change state from [EMER_STOP] to [EMER_STOP].
[fsm_node-3] [0m[38;2;000;128;000m -- [Fsm]: [TrajectoryGuardRecovery] change state from [EMER_STOP] to [GENERATE_TRAJ].
[fsm_node-3] [0m -- [TRAJ_GUARD_CERT] trigger=poly_publish status=SAFE gen=8 map=25 map_age=0.130s map_age_limit=0.550s motion_speed=0.000mps samples=257 range=[0.098,1.374] collision_tt=-1.000 ttc=-1.000 p=[0.000,0.000,0.000]
[fsm_node-3] [38;2;000;128;000m -- [Fsm]: [MainFsmCallback] change state from [GENERATE_TRAJ] to [FOLLOW_TRAJ].
[fsm_node-3] [0m[32m -- [Fsm] Get goal at [0m24.525000000000002 20.025000000000002  1.525000000000000
[fsm_node-3] [32m -- [Fsm] Receive click goal at: [24.525000000000002 20.025000000000002  1.525000000000000]; goal yaw: 0.000000000000000 deg[0m
[fsm_node-3] [INFO] [1789024880.275595639] [fsm_node]:  -- [OPTIMIZER_PHASE_MEMORY] optimizer=exp event=begin call=24 rss_mib=3119.852 swap_mib=0.000 variables=17 pieces=5
[fsm_node-3] [INFO] [1789024880.279463554] [fsm_node]:  -- [OPTIMIZER_PHASE_MEMORY] optimizer=exp event=end call=24 duration_ms=3.929 iterations=380 ret=1 rss_mib=3119.852 swap_mib=0.000 rss_delta_mib=0.000
[fsm_node-3] [INFO] [1789024880.347172376] [fsm_node]:  -- [OPTIMIZER_PHASE_MEMORY] optimizer=backup event=begin call=47 rss_mib=3120.164 swap_mib=0.000 variables=34 pieces=2
[fsm_node-3] [INFO] [1789024880.348742482] [fsm_node]:  -- [OPTIMIZER_PHASE_MEMORY] optimizer=backup event=end call=47 duration_ms=1.637 iterations=243 ret=1 rss_mib=3120.164 swap_mib=0.000 rss_delta_mib=0.000
[fsm_node-3] [INFO] [1789024880.348836417] [fsm_node]:  -- [OPTIMIZER_PHASE_MEMORY] optimizer=backup event=begin call=48 rss_mib=3120.164 swap_mib=0.000 variables=34 pieces=2
[fsm_node-3] [INFO] [1789024880.349421820] [fsm_node]:  -- [OPTIMIZER_PHASE_MEMORY] optimizer=backup event=end call=48 duration_ms=0.584 iterations=97 ret=1 rss_mib=3120.164 swap_mib=0.000 rss_delta_mib=0.000
[fsm_node-3] [WARN] [1789024880.349453539] [fsm_node]:  -- [SUPER] in [ReplanOnce]: Replan overtime, check parameters, replan dt = 0.097724264.
[fsm_node-3] [INFO] [1789024880.373269042] [fsm_node]:  -- [OPTIMIZER_PHASE_MEMORY] optimizer=exp event=begin call=25 rss_mib=3120.164 swap_mib=0.000 variables=13 pieces=4
[fsm_node-3] [INFO] [1789024880.376893480] [fsm_node]:  -- [OPTIMIZER_PHASE_MEMORY] optimizer=exp event=end call=25 duration_ms=3.679 iterations=415 ret=1 rss_mib=3120.164 swap_mib=0.000 rss_delta_mib=0.000
[fsm_node-3] [INFO] [1789024880.452457872] [fsm_node]:  -- [OPTIMIZER_PHASE_MEMORY] optimizer=backup event=begin call=49 rss_mib=3120.164 swap_mib=0.000 variables=22 pieces=2
[fsm_node-3] [INFO] [1789024880.459331756] [fsm_node]:  -- [OPTIMIZER_PHASE_MEMORY] optimizer=backup event=end call=49 duration_ms=6.890 iterations=1033 ret=1 rss_mib=3120.164 swap_mib=0.000 rss_delta_mib=0.000
[fsm_node-3] [INFO] [1789024880.459460789] [fsm_node]:  -- [OPTIMIZER_PHASE_MEMORY] optimizer=backup event=begin call=50 rss_mib=3120.164 swap_mib=0.000 variables=22 pieces=2
[fsm_node-3] [INFO] [1789024880.461299233] [fsm_node]:  -- [OPTIMIZER_PHASE_MEMORY] optimizer=backup event=end call=50 duration_ms=1.839 iterations=369 ret=1 rss_mib=3120.164 swap_mib=0.000 rss_delta_mib=0.000
[fsm_node-3] [WARN] [1789024880.461339292] [fsm_node]:  -- [SUPER] in [ReplanOnce]: Replan overtime, check parameters, replan dt = 0.111663524.
[fsm_node-3] [INFO] [1789024880.499913384] [fsm_node]:  -- [OPTIMIZER_PHASE_MEMORY] optimizer=exp event=begin call=26 rss_mib=3120.164 swap_mib=0.000 variables=17 pieces=5
[fsm_node-3] [INFO] [1789024880.561783294] [fsm_node]:  -- [OPTIMIZER_PHASE_MEMORY] optimizer=exp event=end call=26 duration_ms=61.872 iterations=3752 ret=1 rss_mib=3120.164 swap_mib=0.000 rss_delta_mib=0.000
[fsm_node-3] [WARN] [1789024880.561857972] [fsm_node]:  -- [SUPER] Replan over time(0.10011839866638184)!!!! Return FAILED
[fsm_node-3] [WARN] [1789024880.561870451] [fsm_node]:  -- [SUPER] in [ReplanOnce]: GenerateExpTrajectory failed, force return
[fsm_node-3] [INFO] [1789024880.591243769] [fsm_node]:  -- [OPTIMIZER_PHASE_MEMORY] optimizer=exp event=begin call=27 rss_mib=3120.164 swap_mib=0.000 variables=17 pieces=5
[fsm_node-3] [INFO] [1789024880.595913752] [fsm_node]:  -- [OPTIMIZER_PHASE_MEMORY] optimizer=exp event=end call=27 duration_ms=4.717 iterations=358 ret=1 rss_mib=3120.164 swap_mib=0.000 rss_delta_mib=0.000
[fsm_node-3] [INFO] [1789024880.655102183] [fsm_node]:  -- [OPTIMIZER_PHASE_MEMORY] optimizer=backup event=begin call=51 rss_mib=3120.504 swap_mib=0.000 variables=36 pieces=2
[fsm_node-3] [INFO] [1789024880.656863755] [fsm_node]:  -- [OPTIMIZER_PHASE_MEMORY] optimizer=backup event=end call=51 duration_ms=1.800 iterations=151 ret=1 rss_mib=3120.504 swap_mib=0.000 rss_delta_mib=0.000
[fsm_node-3] [INFO] [1789024880.656991028] [fsm_node]:  -- [OPTIMIZER_PHASE_MEMORY] optimizer=backup event=begin call=52 rss_mib=3120.504 swap_mib=0.000 variables=36 pieces=2
[fsm_node-3] [INFO] [1789024880.666931129] [fsm_node]:  -- [OPTIMIZER_PHASE_MEMORY] optimizer=backup event=end call=52 duration_ms=9.933 iterations=753 ret=1 rss_mib=3120.504 swap_mib=0.000 rss_delta_mib=0.000
[fsm_node-3] [WARN] [1789024880.666976870] [fsm_node]:  -- [SUPER] in [ReplanOnce]: Replan overtime, check parameters, replan dt = 0.104836219.
[fsm_node-3] [INFO] [1789024880.700371241] [fsm_node]:  -- [OPTIMIZER_PHASE_MEMORY] optimizer=exp event=begin call=28 rss_mib=3120.504 swap_mib=0.000 variables=13 pieces=4
[fsm_node-3] [INFO] [1789024880.702714424] [fsm_node]:  -- [OPTIMIZER_PHASE_MEMORY] optimizer=exp event=end call=28 duration_ms=2.405 iterations=232 ret=1 rss_mib=3120.504 swap_mib=0.000 rss_delta_mib=0.000
[fsm_node-3]  -- [TRAJ_GUARD_CERT] trigger=main_pre status=SAFE gen=8 map=26 map_age=0.003s map_age_limit=0.550s motion_speed=0.816mps samples=242 range=[0.170,1.374] collision_tt=-1.000 ttc=-1.000 p=[0.000,0.000,0.000]
[fsm_node-3]  -- [TRAJ_GUARD_CERT] trigger=main_pre status=SAFE gen=8 map=27 map_age=0.002s map_age_limit=0.500s motion_speed=4.291mps samples=202 range=[0.370,1.374] collision_tt=-1.000 ttc=-1.000 p=[0.000,0.000,0.000]
[fsm_node-3]  -- [TRAJ_GUARD_CERT] trigger=replan_post status=SAFE gen=8 map=28 map_age=0.004s map_age_limit=0.500s motion_speed=6.855mps samples=162 range=[0.573,1.374] collision_tt=-1.000 ttc=-1.000 p=[0.000,0.000,0.000]
[fsm_node-3] [32m -- [Fsm 5.590] Current state: FOLLOW_TRAJ[0m
[fsm_node-3] [INFO] [1789024880.776831370] [fsm_node]:  -- [OPTIMIZER_PHASE_MEMORY] optimizer=backup event=begin call=53 rss_mib=3120.504 swap_mib=0.000 variables=44 pieces=2
[fsm_node-3] [INFO] [1789024880.781058359] [fsm_node]:  -- [OPTIMIZER_PHASE_MEMORY] optimizer=backup event=end call=53 duration_ms=4.260 iterations=436 ret=1 rss_mib=3120.504 swap_mib=0.000 rss_delta_mib=0.000
[fsm_node-3] [INFO] [1789024880.781168301] [fsm_node]:  -- [OPTIMIZER_PHASE_MEMORY] optimizer=backup event=begin call=54 rss_mib=3120.504 swap_mib=0.000 variables=44 pieces=2
[fsm_node-3] [INFO] [1789024880.783991215] [fsm_node]:  -- [OPTIMIZER_PHASE_MEMORY] optimizer=backup event=end call=54 duration_ms=2.823 iterations=330 ret=1 rss_mib=3120.504 swap_mib=0.000 rss_delta_mib=0.000
[fsm_node-3] [WARN] [1789024880.784026650] [fsm_node]:  -- [SUPER] in [ReplanOnce]: Replan overtime, check parameters, replan dt = 0.116765684.
[fsm_node-3] [INFO] [1789024880.819248529] [fsm_node]:  -- [OPTIMIZER_PHASE_MEMORY] optimizer=exp event=begin call=29 rss_mib=3120.504 swap_mib=0.000 variables=13 pieces=4
[fsm_node-3] [INFO] [1789024880.823647291] [fsm_node]:  -- [OPTIMIZER_PHASE_MEMORY] optimizer=exp event=end call=29 duration_ms=4.462 iterations=406 ret=1 rss_mib=3120.504 swap_mib=0.000 rss_delta_mib=0.000
[fsm_node-3] [INFO] [1789024880.933826557] [fsm_node]:  -- [OPTIMIZER_PHASE_MEMORY] optimizer=backup event=begin call=55 rss_mib=3120.922 swap_mib=0.000 variables=56 pieces=2
[fsm_node-3] [INFO] [1789024880.953767307] [fsm_node]:  -- [OPTIMIZER_PHASE_MEMORY] optimizer=backup event=end call=55 duration_ms=19.994 iterations=305 ret=1 rss_mib=3120.922 swap_mib=0.000 rss_delta_mib=0.000
[fsm_node-3] [INFO] [1789024880.954445238] [fsm_node]:  -- [OPTIMIZER_PHASE_MEMORY] optimizer=backup event=begin call=56 rss_mib=3120.922 swap_mib=0.000 variables=56 pieces=2
[fsm_node-3] [INFO] [1789024880.990348467] [fsm_node]:  -- [OPTIMIZER_PHASE_MEMORY] optimizer=backup event=end call=56 duration_ms=35.882 iterations=532 ret=1 rss_mib=3120.922 swap_mib=0.000 rss_delta_mib=0.000
[fsm_node-3] [WARN] [1789024880.990408971] [fsm_node]:  -- [SUPER] in [ReplanOnce]: Replan overtime, check parameters, replan dt = 0.206186373.
[fsm_node-3] [INFO] [1789024881.019632257] [fsm_node]:  -- [OPTIMIZER_PHASE_MEMORY] optimizer=exp event=begin call=30 rss_mib=3120.922 swap_mib=0.000 variables=13 pieces=4
[fsm_node-3] [INFO] [1789024881.023390866] [fsm_node]:  -- [OPTIMIZER_PHASE_MEMORY] optimizer=exp event=end call=30 duration_ms=3.830 iterations=350 ret=1 rss_mib=3120.922 swap_mib=0.000 rss_delta_mib=0.000
[fsm_node-3] [WARN] [1789024881.121210067] [fsm_node]:  -- [SUPER] in [ReplanOnce]: Replan overtime, check parameters, replan dt = 0.130564676.
[fsm_node-3] [INFO] [1789024881.148253511] [fsm_node]:  -- [OPTIMIZER_PHASE_MEMORY] optimizer=exp event=begin call=31 rss_mib=3120.922 swap_mib=0.000 variables=13 pieces=4
[fsm_node-3]  -- [TRAJ_GUARD_CERT] trigger=main_pre status=SAFE gen=8 map=29 map_age=0.002s map_age_limit=0.500s motion_speed=6.827mps samples=122 range=[0.770,1.374] collision_tt=-1.000 ttc=-1.000 p=[0.000,0.000,0.000]
[fsm_node-3]  -- [TRAJ_GUARD_CERT] trigger=main_pre status=SAFE gen=8 map=30 map_age=0.008s map_age_limit=0.500s motion_speed=6.227mps samples=80 range=[0.980,1.374] collision_tt=-1.000 ttc=-1.000 p=[0.000,0.000,0.000]
[fsm_node-3] [32m -- [Fsm] Get goal at [0m24.525000000000002 20.025000000000002  1.525000000000000
[fsm_node-3] [32m -- [Fsm] Receive click goal at: [24.525000000000002 20.025000000000002  1.525000000000000]; goal yaw: 0.000000000000000 deg[0m
[fsm_node-3] [INFO] [1789024881.157627573] [fsm_node]:  -- [OPTIMIZER_PHASE_MEMORY] optimizer=exp event=end call=31 duration_ms=9.433 iterations=767 ret=1 rss_mib=3120.922 swap_mib=0.000 rss_delta_mib=0.000
[fsm_node-3] [WARN] [1789024881.233980523] [fsm_node]:  -- [SUPER] in [ReplanOnce]: Replan overtime, check parameters, replan dt = 0.112470578.
[fsm_node-3] [INFO] [1789024881.261933396] [fsm_node]:  -- [OPTIMIZER_PHASE_MEMORY] optimizer=exp event=begin call=32 rss_mib=3120.922 swap_mib=0.000 variables=13 pieces=4
[fsm_node-3] [INFO] [1789024881.265279015] [fsm_node]:  -- [OPTIMIZER_PHASE_MEMORY] optimizer=exp event=end call=32 duration_ms=3.415 iterations=318 ret=1 rss_mib=3120.922 swap_mib=0.000 rss_delta_mib=0.000
[fsm_node-3] [WARN] [1789024881.329007545] [fsm_node]:  -- [SUPER] in [ReplanOnce]: Replan overtime, check parameters, replan dt = 0.094738559.
[fsm_node-3] [INFO] [1789024881.357519255] [fsm_node]:  -- [OPTIMIZER_PHASE_MEMORY] optimizer=exp event=begin call=33 rss_mib=3120.922 swap_mib=0.000 variables=13 pieces=4
[fsm_node-3] [INFO] [1789024881.360555187] [fsm_node]:  -- [OPTIMIZER_PHASE_MEMORY] optimizer=exp event=end call=33 duration_ms=3.109 iterations=296 ret=1 rss_mib=3120.922 swap_mib=0.000 rss_delta_mib=0.000
[fsm_node-3] [WARN] [1789024881.421951516] [fsm_node]:  -- [SUPER] in [ReplanOnce]: Replan overtime, check parameters, replan dt = 0.092673185.
[fsm_node-3] [INFO] [1789024881.425441909] [fsm_node]:  -- [TRAJ_GUARD_COMMIT] phase=ReplanOnce/no_backup gen=9 map=31 samples=66 range=[1.331,1.649] escape=false footprint_egress=false escape_done_tt=-1.000
[fsm_node-3]  -- [TRAJ_GUARD_CERT] trigger=main_pre status=SAFE gen=8 map=31 map_age=0.009s map_age_limit=0.529s motion_speed=2.920mps samples=42 range=[1.170,1.374] collision_tt=-1.000 ttc=-1.000 p=[0.000,0.000,0.000]
[fsm_node-3] [32m -- [Fsm] ReplanOnce succeed.[0m
[fsm_node-3] [INFO] [1789024881.459262935] [fsm_node]:  -- [OPTIMIZER_PHASE_MEMORY] optimizer=exp event=begin call=34 rss_mib=3120.922 swap_mib=0.000 variables=5 pieces=2
[fsm_node-3] [INFO] [1789024881.461487099] [fsm_node]:  -- [OPTIMIZER_PHASE_MEMORY] optimizer=exp event=end call=34 duration_ms=2.297 iterations=355 ret=1 rss_mib=3120.922 swap_mib=0.000 rss_delta_mib=0.000
[fsm_node-3] [INFO] [1789024881.501304488] [fsm_node]:  -- [TRAJ_GUARD_COMMIT] phase=ReplanOnce/no_backup gen=10 map=31 samples=236 range=[0.061,1.227] escape=false footprint_egress=false escape_done_tt=-1.000
[fsm_node-3]  -- [TRAJ_GUARD_CERT] trigger=poly_publish status=SAFE gen=9 map=31 map_age=0.171s map_age_limit=0.550s motion_speed=0.101mps samples=65 range=[1.332,1.649] collision_tt=-1.000 ttc=-1.000 p=[0.000,0.000,0.000]
[fsm_node-3] [32m -- [Fsm] ReplanOnce succeed.[0m
[fsm_node-3] [INFO] [1789024881.519305518] [fsm_node]:  -- [OPTIMIZER_PHASE_MEMORY] optimizer=exp event=begin call=35 rss_mib=3120.922 swap_mib=0.000 variables=9 pieces=3
[fsm_node-3] [INFO] [1789024881.524772761] [fsm_node]:  -- [OPTIMIZER_PHASE_MEMORY] optimizer=exp event=end call=35 duration_ms=5.516 iterations=548 ret=1 rss_mib=3120.922 swap_mib=0.000 rss_delta_mib=0.000
[fsm_node-3] [WARN] [1789024881.561909448] [fsm_node]:  -- [TRAJ_GUARD_VIABILITY_SLOWDOWN] phase=ReplanOnce/no_backup gen=11 scale=1.250 retries=1
[fsm_node-3] [INFO] [1789024881.561973133] [fsm_node]:  -- [TRAJ_GUARD_COMMIT] phase=ReplanOnce/no_backup gen=11 map=31 samples=285 range=[0.056,1.470] escape=false footprint_egress=false escape_done_tt=-1.000
[fsm_node-3]  -- [TRAJ_GUARD_CERT] trigger=poly_publish status=SAFE gen=10 map=31 map_age=0.247s map_age_limit=0.550s motion_speed=1.920mps samples=235 range=[0.062,1.227] collision_tt=-1.000 ttc=-1.000 p=[0.000,0.000,0.000]
[fsm_node-3] [32m -- [Fsm] ReplanOnce succeed.[0m
[fsm_node-3] [INFO] [1789024881.583751959] [fsm_node]:  -- [OPTIMIZER_PHASE_MEMORY] optimizer=exp event=begin call=36 rss_mib=3120.922 swap_mib=0.000 variables=5 pieces=2
[fsm_node-3] [INFO] [1789024881.584109733] [fsm_node]:  -- [OPTIMIZER_PHASE_MEMORY] optimizer=exp event=end call=36 duration_ms=0.425 iterations=49 ret=1 rss_mib=3120.922 swap_mib=0.000 rss_delta_mib=0.000
[fsm_node-3] [INFO] [1789024881.623111088] [fsm_node]:  -- [TRAJ_GUARD_COMMIT] phase=ReplanOnce/no_backup gen=12 map=31 samples=230 range=[0.051,1.188] escape=false footprint_egress=false escape_done_tt=-1.000
[fsm_node-3]  -- [TRAJ_GUARD_CERT] trigger=poly_publish status=SAFE gen=11 map=31 map_age=0.308s map_age_limit=0.550s motion_speed=0.996mps samples=284 range=[0.056,1.470] collision_tt=-1.000 ttc=-1.000 p=[0.000,0.000,0.000]
[fsm_node-3] [32m -- [Fsm] ReplanOnce succeed.[0m
[fsm_node-3]  -- [TRAJ_GUARD_CERT] trigger=poly_publish status=SAFE gen=12 map=31 map_age=0.369s map_age_limit=0.550s motion_speed=0.465mps samples=229 range=[0.051,1.188] collision_tt=-1.000 ttc=-1.000 p=[0.000,0.000,0.000]
[fsm_node-3] [32m -- [Fsm 6.600] Current state: FOLLOW_TRAJ[0m
[fsm_node-3] [INFO] [1789024881.813719614] [fsm_node]:  -- [FULL_REFRESH_RECOVERY_GATE_ARM] min_request_seq=4
[fsm_node-3] [INFO] [1789024881.813849371] [fsm_node]:  -- [TRAJ_GUARD_RECOVERY_SIGNAL] active=true
[fsm_node-3] [ERROR] [1789024881.815044517] [fsm_node]:  -- [TRAJ_GUARD_BRAKE_REJECTED] trigger=main_pre_uncertified searched=[0.400,3.000]s speed0=1.177 initial_source=fresh_command cmd_age=0.010s cmd_pos_err=0.000 cmd_vel_err=inf motion_speed=inf motion_dt=infs motion_pose_speed=inf motion_twist_speed=1.177 motion_disagreement=inf motion_source=none motion_gen=12/7 motion_gen_continuous=false last_dynamics_ok=false max_vel=7.257 vel_limit=7.000 max_acc=0.000 max_jerk=0.000 last_path_status=UNOBSERVED last_map=31 map_age=0.561s raw_status=DISABLED raw_cloud=0 raw_age=0.000s ciri_shadow=DISABLED ciri_shadow_result=0 ciri_shadow_queued=0 ciri_shadow_age=infs; no brake command published
[fsm_node-3] [ERROR] [1789024881.825596329] [fsm_node]:  -- [TRAJ_GUARD_BRAKE_REJECTED] trigger=emergency_stop_retry searched=[0.400,3.000]s speed0=1.177 initial_source=fresh_command cmd_age=0.020s cmd_pos_err=0.000 cmd_vel_err=1.177 motion_speed=0.000 motion_dt=0.010s motion_pose_speed=0.000 motion_twist_speed=1.177 motion_disagreement=1.177 motion_source=position_difference motion_gen=12/12 motion_gen_continuous=true last_dynamics_ok=false max_vel=7.257 vel_limit=7.000 max_acc=0.000 max_jerk=0.000 last_path_status=UNOBSERVED last_map=31 map_age=0.571s raw_status=DISABLED raw_cloud=0 raw_age=0.000s ciri_shadow=DISABLED ciri_shadow_result=0 ciri_shadow_queued=0 ciri_shadow_age=infs; no brake command published
[fsm_node-3] [INFO] [1789024881.832210779] [fsm_node]:  -- [FULL_REFRESH_RECOVERY_TARGET] request_seq=4 stamp_ns=1789024881831140347 already_acked=false map=0
[fsm_node-3] [INFO] [1789024881.890475541] [fsm_node]:  -- [FULL_REFRESH_RECOVERY_ACK] request_seq=4 stamp_ns=1789024881831140347 map=32 committed=1
[fsm_node-3] [ERROR] [1789024881.933761595] [fsm_node]:  -- [TRAJ_GUARD_BRAKE_REJECTED] trigger=emergency_stop_retry searched=[0.400,3.000]s speed0=0.000 initial_source=position_difference cmd_age=0.130s cmd_pos_err=0.000 cmd_vel_err=1.177 motion_speed=0.000 motion_dt=0.110s motion_pose_speed=0.000 motion_twist_speed=1.177 motion_disagreement=1.177 motion_source=position_difference motion_gen=12/12 motion_gen_continuous=true last_dynamics_ok=true max_vel=0.000 vel_limit=7.000 max_acc=0.000 max_jerk=0.000 last_path_status=UNOBSERVED last_map=32 map_age=0.048s raw_status=DISABLED raw_cloud=0 raw_age=infs ciri_shadow=DISABLED ciri_shadow_result=0 ciri_shadow_queued=0 ciri_shadow_age=infs; no brake command published
[fsm_node-3] [ERROR] [1789024882.033813513] [fsm_node]:  -- [TRAJ_GUARD_BRAKE_REJECTED] trigger=emergency_stop_retry searched=[0.400,3.000]s speed0=0.000 initial_source=position_difference cmd_age=0.230s cmd_pos_err=0.000 cmd_vel_err=1.177 motion_speed=0.000 motion_dt=0.100s motion_pose_speed=0.000 motion_twist_speed=1.177 motion_disagreement=1.177 motion_source=position_difference motion_gen=12/12 motion_gen_continuous=true last_dynamics_ok=true max_vel=0.000 vel_limit=7.000 max_acc=0.000 max_jerk=0.000 last_path_status=UNOBSERVED last_map=33 map_age=0.086s raw_status=DISABLED raw_cloud=0 raw_age=infs ciri_shadow=DISABLED ciri_shadow_result=0 ciri_shadow_queued=0 ciri_shadow_age=infs; no brake command published
[fsm_node-3] [WARN] [1789024882.133862353] [fsm_node]:  -- [TRAJ_GUARD_STATIONARY_HOLD] trigger=emergency_stop_retry stable_for=0.310s displacement=0.000m action=publish_certified_hold
[fsm_node-3] [ERROR] [1789024882.133963128] [fsm_node]:  -- [TRAJ_GUARD_BRAKE] trigger=emergency_stop_retry duration=0.400s speed0=0.000 initial_source=position_difference cmd_age=0.330s cmd_pos_err=0.000 cmd_vel_err=1.177 motion_speed=0.000 motion_dt=0.100s motion_pose_speed=0.000 motion_twist_speed=1.177 motion_disagreement=1.177 motion_source=position_difference motion_gen=12/12 motion_gen_continuous=true max_vel=0.000 vel_limit=7.000 max_acc=0.000 max_jerk=0.000 dynamics_ok=true path_status=SAFE map=34 map_age=0.079s raw_status=DISABLED raw_cloud=0 raw_age=0.000s ciri_shadow=DISABLED ciri_shadow_result=0 ciri_shadow_queued=0 ciri_shadow_age=infs stop=[23.606,17.096,1.864]
[fsm_node-3] [WARN] [1789024882.143733842] [fsm_node]:  -- [TRAJ_GUARD_RECOVERY_EPISODE_RESET] reason=horizontal_progress progress=6.824m threshold=2.000m prior_local=0 prior_vertical=0 prior_base=0
[fsm_node-3] [INFO] [1789024882.162488452] [fsm_node]:  -- [OPTIMIZER_PHASE_MEMORY] optimizer=exp event=begin call=37 rss_mib=3120.930 swap_mib=0.000 variables=9 pieces=3
[fsm_node-3] [INFO] [1789024882.164444783] [fsm_node]:  -- [OPTIMIZER_PHASE_MEMORY] optimizer=exp event=end call=37 duration_ms=2.027 iterations=252 ret=1 rss_mib=3120.930 swap_mib=0.000 rss_delta_mib=0.000
[fsm_node-3] [INFO] [1789024882.164492211] [fsm_node]:  -- [SUPER] in [PlanFromRest] GenerateExpTrajectory SUCCESS.
[perfect_drone_frontend_node-2] [INFO] [1789024882.171799262] [native_sector_cpp]: frames=76 published=45 kept 41.8% (14897/35664 pts/input-frame)
[fsm_node-3] [INFO] [1789024882.192062012] [fsm_node]:  -- [TRAJ_GUARD_COMMIT] phase=PlanFromRest/no_backup gen=13 map=34 samples=206 range=[0.048,1.065] escape=false footprint_egress=false escape_done_tt=-1.000
[fsm_node-3] [INFO] [1789024882.192254071] [fsm_node]:  -- [TRAJ_GUARD_RECOVERY_SIGNAL] active=false
[fsm_node-3] [INFO] [1789024882.192261646] [fsm_node]:  -- [TRAJ_GUARD_RECOVERED] trigger=emergency_stop_retry gen=13 map=34
[fsm_node-3]  -- [TRAJ_GUARD_CERT] trigger=main_pre status=MAP_STALE gen=12 map=31 map_age=0.559s map_age_limit=0.550s motion_speed=1.177mps samples=0 range=[0.000,0.000] collision_tt=-1.000 ttc=-1.000 p=[0.000,0.000,0.000]
[fsm_node-3] [38;2;000;128;000m -- [Fsm]: [TrajectoryGuardFailClosed] change state from [FOLLOW_TRAJ] to [EMER_STOP].
[fsm_node-3] [0m[38;2;000;128;000m -- [Fsm]: [TrajectoryGuard] change state from [EMER_STOP] to [EMER_STOP].
[fsm_node-3] [0m[38;2;000;128;000m -- [Fsm]: [TrajectoryGuardRecovery] change state from [EMER_STOP] to [GENERATE_TRAJ].
[fsm_node-3] [0m -- [TRAJ_GUARD_CERT] trigger=poly_publish status=SAFE gen=13 map=34 map_age=0.137s map_age_limit=0.550s motion_speed=0.000mps samples=205 range=[0.048,1.065] collision_tt=-1.000 ttc=-1.000 p=[0.000,0.000,0.000]
[fsm_node-3] [38;2;000;128;000m -- [Fsm]: [MainFsmCallback] change state from [GENERATE_TRAJ] to [FOLLOW_TRAJ].
[fsm_node-3] [0m[32m -- [Fsm] Get goal at [0m24.525000000000002 20.025000000000002  1.525000000000000
[fsm_node-3] [32m -- [Fsm] Receive click goal at: [24.525000000000002 20.025000000000002  1.525000000000000]; goal yaw: 0.000000000000000 deg[0m
[fsm_node-3] [INFO] [1789024882.246513284] [fsm_node]:  -- [OPTIMIZER_PHASE_MEMORY] optimizer=exp event=begin call=38 rss_mib=3120.930 swap_mib=0.000 variables=5 pieces=2
[fsm_node-3] [INFO] [1789024882.247105250] [fsm_node]:  -- [OPTIMIZER_PHASE_MEMORY] optimizer=exp event=end call=38 duration_ms=0.648 iterations=64 ret=1 rss_mib=3120.930 swap_mib=0.000 rss_delta_mib=0.000
[fsm_node-3] [INFO] [1789024882.278315035] [fsm_node]:  -- [TRAJ_GUARD_COMMIT] phase=ReplanOnce/no_backup gen=14 map=35 samples=190 range=[0.046,0.984] escape=false footprint_egress=false escape_done_tt=-1.000
[fsm_node-3]  -- [TRAJ_GUARD_CERT] trigger=main_pre status=SAFE gen=13 map=35 map_age=0.010s map_age_limit=0.550s motion_speed=0.383mps samples=191 range=[0.120,1.065] collision_tt=-1.000 ttc=-1.000 p=[0.000,0.000,0.000]
[fsm_node-3] [32m -- [Fsm] ReplanOnce succeed.[0m
[fsm_node-3] [INFO] [1789024882.313002544] [fsm_node]:  -- [OPTIMIZER_PHASE_MEMORY] optimizer=exp event=begin call=39 rss_mib=3120.930 swap_mib=0.000 variables=5 pieces=2
[fsm_node-3] [INFO] [1789024882.314304601] [fsm_node]:  -- [OPTIMIZER_PHASE_MEMORY] optimizer=exp event=end call=39 duration_ms=1.368 iterations=239 ret=1 rss_mib=3120.930 swap_mib=0.000 rss_delta_mib=0.000
[fsm_node-3] [INFO] [1789024882.343356115] [fsm_node]:  -- [TRAJ_GUARD_COMMIT] phase=ReplanOnce/no_backup gen=15 map=35 samples=177 range=[0.045,0.918] escape=false footprint_egress=false escape_done_tt=-1.000
[fsm_node-3]  -- [TRAJ_GUARD_CERT] trigger=poly_publish status=SAFE gen=14 map=35 map_age=0.025s map_age_limit=0.550s motion_speed=0.586mps samples=189 range=[0.047,0.984] collision_tt=-1.000 ttc=-1.000 p=[0.000,0.000,0.000]
[fsm_node-3] [32m -- [Fsm] ReplanOnce succeed.[0m
[fsm_node-3] [INFO] [1789024882.380751242] [fsm_node]:  -- [OPTIMIZER_PHASE_MEMORY] optimizer=exp event=begin call=40 rss_mib=3120.930 swap_mib=0.000 variables=5 pieces=2
[fsm_node-3] [INFO] [1789024882.381912416] [fsm_node]:  -- [OPTIMIZER_PHASE_MEMORY] optimizer=exp event=end call=40 duration_ms=1.197 iterations=161 ret=1 rss_mib=3120.930 swap_mib=0.000 rss_delta_mib=0.000
[fsm_node-3] [INFO] [1789024882.410244469] [fsm_node]:  -- [TRAJ_GUARD_COMMIT] phase=ReplanOnce/no_backup gen=16 map=35 samples=164 range=[0.046,0.853] escape=false footprint_egress=false escape_done_tt=-1.000
[fsm_node-3]  -- [TRAJ_GUARD_CERT] trigger=poly_publish status=SAFE gen=15 map=35 map_age=0.090s map_age_limit=0.550s motion_speed=1.449mps samples=176 range=[0.046,0.918] collision_tt=-1.000 ttc=-1.000 p=[0.000,0.000,0.000]
[fsm_node-3] [32m -- [Fsm] ReplanOnce succeed.[0m
[fsm_node-3] [INFO] [1789024882.440098804] [fsm_node]:  -- [OPTIMIZER_PHASE_MEMORY] optimizer=exp event=begin call=41 rss_mib=3120.930 swap_mib=0.000 variables=5 pieces=2
[fsm_node-3] [INFO] [1789024882.440551550] [fsm_node]:  -- [OPTIMIZER_PHASE_MEMORY] optimizer=exp event=end call=41 duration_ms=0.527 iterations=77 ret=1 rss_mib=3120.930 swap_mib=0.000 rss_delta_mib=0.000
[fsm_node-3] [INFO] [1789024882.465943611] [fsm_node]:  -- [TRAJ_GUARD_COMMIT] phase=ReplanOnce/no_backup gen=17 map=36 samples=153 range=[0.036,0.790] escape=false footprint_egress=false escape_done_tt=-1.000
[fsm_node-3]  -- [TRAJ_GUARD_CERT] trigger=poly_publish status=SAFE gen=16 map=35 map_age=0.157s map_age_limit=0.537s motion_speed=2.759mps samples=163 range=[0.047,0.853] collision_tt=-1.000 ttc=-1.000 p=[0.000,0.000,0.000]
[fsm_node-3]  -- [TRAJ_GUARD_CERT] trigger=main_pre status=SAFE gen=16 map=36 map_age=0.002s map_age_limit=0.500s motion_speed=3.536mps samples=154 range=[0.090,0.853] collision_tt=-1.000 ttc=-1.000 p=[0.000,0.000,0.000]
[fsm_node-3] [32m -- [Fsm] ReplanOnce succeed.[0m
[fsm_node-3] [INFO] [1789024882.507876304] [fsm_node]:  -- [OPTIMIZER_PHASE_MEMORY] optimizer=exp event=begin call=42 rss_mib=3120.930 swap_mib=0.000 variables=5 pieces=2
[fsm_node-3] [INFO] [1789024882.508563435] [fsm_node]:  -- [OPTIMIZER_PHASE_MEMORY] optimizer=exp event=end call=42 duration_ms=0.747 iterations=59 ret=1 rss_mib=3120.930 swap_mib=0.000 rss_delta_mib=0.000
[perfect_drone_frontend_node-2] [INFO] [1789024882.529909871] [perfect_tracking]: [SENSOR_CADENCE_SUMMARY] frames=100 span_s=9.897712 hz=10.002312 raw_published=0 direct_handoffs=80 payload_bytes=90307232 side_entry_v1_enabled=0 side_entry_v1_spawned=0 side_entry_v1_injected_frames=0
[perfect_drone_frontend_node-2] [INFO] [1789024882.529991650] [perfect_tracking]: [SENSOR_BURST_DROPOUT_SUMMARY] enabled=1 warmup_s=1.000000 period_s=2.000000 duration_s=0.500000 phase_s=1.600000 phase_env_override=1 rendered=100 delivered=80 dropped=20 bursts=4 max_consecutive_dropped=5 max_delivered_gap_s=0.603173 dropped_payload_bytes=24935680
[fsm_node-3] [INFO] [1789024882.532014274] [fsm_node]:  -- [TRAJ_GUARD_COMMIT] phase=ReplanOnce/no_backup gen=18 map=36 samples=141 range=[0.036,0.728] escape=false footprint_egress=false escape_done_tt=-1.000
[fsm_node-3]  -- [TRAJ_GUARD_CERT] trigger=poly_publish status=SAFE gen=17 map=36 map_age=0.015s map_age_limit=0.500s motion_speed=3.914mps samples=152 range=[0.036,0.790] collision_tt=-1.000 ttc=-1.000 p=[0.000,0.000,0.000]
[fsm_node-3] [32m -- [Fsm] ReplanOnce succeed.[0m
[fsm_node-3] [INFO] [1789024882.568971969] [fsm_node]:  -- [OPTIMIZER_PHASE_MEMORY] optimizer=exp event=begin call=43 rss_mib=3120.930 swap_mib=0.000 variables=5 pieces=2
[fsm_node-3] [INFO] [1789024882.569895329] [fsm_node]:  -- [OPTIMIZER_PHASE_MEMORY] optimizer=exp event=end call=43 duration_ms=0.975 iterations=179 ret=1 rss_mib=3120.930 swap_mib=0.000 rss_delta_mib=0.000
[fsm_node-3] [INFO] [1789024882.587475043] [fsm_node]:  -- [TRAJ_GUARD_COMMIT] phase=ReplanOnce/no_backup gen=19 map=36 samples=135 range=[0.025,0.689] escape=false footprint_egress=false escape_done_tt=-1.000
[fsm_node-3]  -- [TRAJ_GUARD_CERT] trigger=poly_publish status=SAFE gen=18 map=36 map_age=0.081s map_age_limit=0.500s motion_speed=4.913mps samples=140 range=[0.036,0.728] collision_tt=-1.000 ttc=-1.000 p=[0.000,0.000,0.000]
[fsm_node-3] [32m -- [Fsm] ReplanOnce succeed.[0m
[fsm_node-3] [INFO] [1789024882.633840961] [fsm_node]:  -- [OPTIMIZER_PHASE_MEMORY] optimizer=exp event=begin call=44 rss_mib=3120.930 swap_mib=0.000 variables=5 pieces=2
[fsm_node-3] [INFO] [1789024882.634393278] [fsm_node]:  -- [OPTIMIZER_PHASE_MEMORY] optimizer=exp event=end call=44 duration_ms=0.631 iterations=100 ret=1 rss_mib=3120.930 swap_mib=0.000 rss_delta_mib=0.000
[fsm_node-3] [INFO] [1789024882.646557233] [fsm_node]:  -- [TRAJ_GUARD_COMMIT] phase=ReplanOnce/no_backup gen=20 map=36 samples=119 range=[0.019,0.603] escape=false footprint_egress=false escape_done_tt=-1.000
[fsm_node-3]  -- [TRAJ_GUARD_CERT] trigger=poly_publish status=SAFE gen=19 map=36 map_age=0.136s map_age_limit=0.500s motion_speed=5.627mps samples=134 range=[0.026,0.689] collision_tt=-1.000 ttc=-1.000 p=[0.000,0.000,0.000]
[fsm_node-3] [32m -- [Fsm] ReplanOnce succeed.[0m
[fsm_node-3] [INFO] [1789024882.697679259] [fsm_node]:  -- [OPTIMIZER_PHASE_MEMORY] optimizer=exp event=begin call=45 rss_mib=3120.930 swap_mib=0.000 variables=1 pieces=1
[fsm_node-3] [INFO] [1789024882.697886503] [fsm_node]:  -- [OPTIMIZER_PHASE_MEMORY] optimizer=exp event=end call=45 duration_ms=0.303 iterations=38 ret=1 rss_mib=3120.930 swap_mib=0.000 rss_delta_mib=0.000
[fsm_node-3] [INFO] [1789024882.705495429] [fsm_node]:  -- [TRAJ_GUARD_COMMIT] phase=ReplanOnce/no_backup gen=21 map=37 samples=129 range=[0.011,0.642] escape=false footprint_egress=false escape_done_tt=-1.000
[fsm_node-3]  -- [TRAJ_GUARD_CERT] trigger=poly_publish status=SAFE gen=20 map=36 map_age=0.195s map_age_limit=0.500s motion_speed=5.992mps samples=118 range=[0.019,0.603] collision_tt=-1.000 ttc=-1.000 p=[0.000,0.000,0.000]
[fsm_node-3]  -- [TRAJ_GUARD_CERT] trigger=main_pre status=SAFE gen=20 map=37 map_age=0.010s map_age_limit=0.500s motion_speed=6.019mps samples=115 range=[0.036,0.603] collision_tt=-1.000 ttc=-1.000 p=[0.000,0.000,0.000]
[fsm_node-3] [32m -- [Fsm] ReplanOnce succeed.[0m
[fsm_node-3]  -- [TRAJ_GUARD_CERT] trigger=poly_publish status=SAFE gen=21 map=37 map_age=0.052s map_age_limit=0.500s motion_speed=6.022mps samples=128 range=[0.012,0.642] collision_tt=-1.000 ttc=-1.000 p=[0.000,0.000,0.000]
[fsm_node-3] [32m -- [Fsm 7.600] Current state: FOLLOW_TRAJ[0m
[fsm_node-3] [INFO] [1789024882.766796105] [fsm_node]:  -- [TRAJ_GUARD_COMMIT] phase=ReplanOnce/no_backup gen=22 map=37 samples=116 range=[0.073,0.642] escape=false footprint_egress=false escape_done_tt=-1.000
[fsm_node-3] [32m -- [Fsm] ReplanOnce succeed.[0m
[fsm_node-3] [INFO] [1789024882.830754348] [fsm_node]:  -- [TRAJ_GUARD_COMMIT] phase=ReplanOnce/no_backup gen=23 map=37 samples=104 range=[0.137,0.642] escape=false footprint_egress=false escape_done_tt=-1.000
[fsm_node-3]  -- [TRAJ_GUARD_CERT] trigger=poly_publish status=SAFE gen=22 map=37 map_age=0.114s map_age_limit=0.500s motion_speed=5.763mps samples=115 range=[0.073,0.642] collision_tt=-1.000 ttc=-1.000 p=[0.000,0.000,0.000]
[fsm_node-3] [32m -- [Fsm] ReplanOnce succeed.[0m
[fsm_node-3] [INFO] [1789024882.895378128] [fsm_node]:  -- [TRAJ_GUARD_COMMIT] phase=ReplanOnce/no_backup gen=24 map=38 samples=91 range=[0.201,0.642] escape=false footprint_egress=false escape_done_tt=-1.000
[fsm_node-3]  -- [TRAJ_GUARD_CERT] trigger=poly_publish status=SAFE gen=23 map=37 map_age=0.178s map_age_limit=0.500s motion_speed=5.156mps samples=102 range=[0.137,0.642] collision_tt=-1.000 ttc=-1.000 p=[0.000,0.000,0.000]
[fsm_node-3]  -- [TRAJ_GUARD_CERT] trigger=main_pre status=SAFE gen=23 map=38 map_age=0.002s map_age_limit=0.500s motion_speed=4.885mps samples=98 range=[0.160,0.642] collision_tt=-1.000 ttc=-1.000 p=[0.000,0.000,0.000]
[fsm_node-3] [32m -- [Fsm] ReplanOnce succeed.[0m
[fsm_node-3] [INFO] [1789024882.959554025] [fsm_node]:  -- [TRAJ_GUARD_COMMIT] phase=ReplanOnce/no_backup gen=25 map=38 samples=78 range=[0.265,0.642] escape=false footprint_egress=false escape_done_tt=-1.000
[fsm_node-3]  -- [TRAJ_GUARD_CERT] trigger=poly_publish status=SAFE gen=24 map=38 map_age=0.044s map_age_limit=0.500s motion_speed=4.073mps samples=90 range=[0.202,0.642] collision_tt=-1.000 ttc=-1.000 p=[0.000,0.000,0.000]
[fsm_node-3] [32m -- [Fsm] ReplanOnce succeed.[0m
[fsm_node-3] [INFO] [1789024883.024814429] [fsm_node]:  -- [TRAJ_GUARD_COMMIT] phase=ReplanOnce/no_backup gen=26 map=38 samples=65 range=[0.331,0.642] escape=false footprint_egress=false escape_done_tt=-1.000
[fsm_node-3]  -- [TRAJ_GUARD_CERT] trigger=poly_publish status=SAFE gen=25 map=38 map_age=0.108s map_age_limit=0.527s motion_speed=2.966mps samples=77 range=[0.266,0.642] collision_tt=-1.000 ttc=-1.000 p=[0.000,0.000,0.000]
[fsm_node-3] [32m -- [Fsm] ReplanOnce succeed.[0m
[fsm_node-3] [INFO] [1789024883.090785873] [fsm_node]:  -- [TRAJ_GUARD_COMMIT] phase=ReplanOnce/no_backup gen=27 map=39 samples=52 range=[0.397,0.642] escape=false footprint_egress=false escape_done_tt=-1.000
[fsm_node-3]  -- [TRAJ_GUARD_CERT] trigger=poly_publish status=SAFE gen=26 map=38 map_age=0.174s map_age_limit=0.550s motion_speed=1.738mps samples=64 range=[0.331,0.642] collision_tt=-1.000 ttc=-1.000 p=[0.000,0.000,0.000]
[fsm_node-3]  -- [TRAJ_GUARD_CERT] trigger=main_pre status=SAFE gen=26 map=39 map_age=0.009s map_age_limit=0.550s motion_speed=1.291mps samples=56 range=[0.370,0.642] collision_tt=-1.000 ttc=-1.000 p=[0.000,0.000,0.000]
[fsm_node-3] [32m -- [Fsm] ReplanOnce succeed.[0m
[fsm_node-3] [INFO] [1789024883.156497168] [fsm_node]:  -- [TRAJ_GUARD_COMMIT] phase=ReplanOnce/no_backup gen=28 map=39 samples=38 range=[0.462,0.642] escape=false footprint_egress=false escape_done_tt=-1.000
[fsm_node-3]  -- [TRAJ_GUARD_CERT] trigger=poly_publish status=SAFE gen=27 map=39 map_age=0.037s map_age_limit=0.550s motion_speed=0.910mps samples=50 range=[0.397,0.642] collision_tt=-1.000 ttc=-1.000 p=[0.000,0.000,0.000]
[fsm_node-3] [32m -- [Fsm] ReplanOnce succeed.[0m
[fsm_node-3] [INFO] [1789024883.222351025] [fsm_node]:  -- [TRAJ_GUARD_COMMIT] phase=ReplanOnce/no_backup gen=29 map=39 samples=25 range=[0.528,0.642] escape=false footprint_egress=false escape_done_tt=-1.000
[fsm_node-3]  -- [TRAJ_GUARD_CERT] trigger=poly_publish status=SAFE gen=28 map=39 map_age=0.102s map_age_limit=0.550s motion_speed=0.319mps samples=37 range=[0.463,0.642] collision_tt=-1.000 ttc=-1.000 p=[0.000,0.000,0.000]
[fsm_node-3] [32m -- [Fsm] ReplanOnce succeed.[0m
[fsm_node-3] [INFO] [1789024883.288123934] [fsm_node]:  -- [TRAJ_GUARD_COMMIT] phase=ReplanOnce/no_backup gen=30 map=40 samples=12 range=[0.594,0.642] escape=false footprint_egress=false escape_done_tt=-1.000
[fsm_node-3]  -- [TRAJ_GUARD_CERT] trigger=poly_publish status=SAFE gen=29 map=39 map_age=0.168s map_age_limit=0.550s motion_speed=0.092mps samples=24 range=[0.529,0.642] collision_tt=-1.000 ttc=-1.000 p=[0.000,0.000,0.000]
[fsm_node-3]  -- [TRAJ_GUARD_CERT] trigger=main_pre status=SAFE gen=29 map=40 map_age=0.004s map_age_limit=0.550s motion_speed=0.042mps samples=18 range=[0.560,0.642] collision_tt=-1.000 ttc=-1.000 p=[0.000,0.000,0.000]
[fsm_node-3] [32m -- [Fsm] ReplanOnce succeed.[0m
[fsm_node-3]  -- [TRAJ_GUARD_CERT] trigger=poly_publish status=SAFE gen=30 map=40 map_age=0.039s map_age_limit=0.550s motion_speed=0.009mps samples=11 range=[0.594,0.642] collision_tt=-1.000 ttc=-1.000 p=[0.000,0.000,0.000]
[fsm_node-3] [32m -- [Fsm] Traj finish.[0m
[fsm_node-3] [38;2;000;128;000m -- [Fsm]: [PubCmdCallback] change state from [FOLLOW_TRAJ] to [WAIT_GOAL].
[fsm_node-3] [0m[32m -- [Fsm 8.610] Current state: WAIT_GOAL[0m
