[INFO] [launch]: All log files can be found below /root/.ros/log/2026-09-10-11-33-04-470266-livox-1662321
[INFO] [launch]: Default logging verbosity is set to INFO
[INFO] [waypoint_mission-1]: process started with pid [1662322]
[INFO] [perfect_drone_full_node-2]: process started with pid [1662324]
[waypoint_mission-1] [WARN] [1789007584.517643178] [waypoint_mission]:  -- [MissionPlanner] Load config by file name: /root/super_ws/src/SUPER/mission_planner/config/waypoint.yaml
[waypoint_mission-1] [WARN] [1789007584.517723839] [waypoint_mission]:  -- [MissionPlanner] Load data by file name: /root/super_ws/src/SUPER/mission_planner/data/blind_heading_fork.txt
[perfect_drone_full_node-2] Load config file: /root/super_ws/install/super_planner/share/super_planner/config/static_seedmaps_guard_viability_tight_v7.yaml
[perfect_drone_full_node-2] [0;32m Load param fsm/timer_en success: [0;0m1
[perfect_drone_full_node-2] [0;32m Load param super_planner/detailed_log_en success: [0;0m0
[perfect_drone_full_node-2] [0;32m Load param super_planner/detailed_log_max_entries success: [0;0m64
[perfect_drone_full_node-2] [0;32m Load param fsm/click_goal_en success: [0;0m1
[perfect_drone_full_node-2] [0;32m Load param fsm/click_yaw_en success: [0;0m1
[perfect_drone_full_node-2] [0;32m Load param fsm/replan_rate success: [0;0m15
[perfect_drone_full_node-2] [0;32m Load param fsm/click_height success: [0;0m1.5
[perfect_drone_full_node-2] [0;32m Load param fsm/cmd_topic success: [0;0m/planning/pos_cmd
[perfect_drone_full_node-2] [0;32m Load param fsm/mpc_cmd_topic success: [0;0m/planning_cmd/poly_traj
[perfect_drone_full_node-2] [0;32m Load param fsm/click_goal_topic success: [0;0m/planning/click_goal
[perfect_drone_full_node-2] [0;32m Load param fsm/map_readiness/enable success: [0;0m1
[perfect_drone_full_node-2] [0;32m Load param fsm/map_readiness/min_accepted_scans success: [0;0m5
[perfect_drone_full_node-2] [0;32m Load param fsm/map_readiness/min_committed_scans success: [0;0m5
[perfect_drone_full_node-2] [0;32m Load param fsm/map_readiness/max_commit_lag_scans success: [0;0m5
[perfect_drone_full_node-2] [0;32m Load param fsm/map_readiness/min_scan_span_s success: [0;0m1
[perfect_drone_full_node-2] [0;32m Load param fsm/map_readiness/max_cloud_age_s success: [0;0m0.75
[perfect_drone_full_node-2] [0;32m Load param fsm/map_readiness/max_map_age_s success: [0;0m0.55
[perfect_drone_full_node-2] [0;32m Load param fsm/trajectory_guard/enable success: [0;0m1
[perfect_drone_full_node-2] [0;33m Load param fsm/trajectory_guard/same_map_replan_coalesce_enable failed, use default value: [0;0m0
[perfect_drone_full_node-2] [0;33m Load param fsm/trajectory_guard/same_map_replan_min_interval_s failed, use default value: [0;0m0
[perfect_drone_full_node-2] [0;32m Load param fsm/trajectory_guard/shadow success: [0;0m0
[perfect_drone_full_node-2] [0;32m Load param fsm/trajectory_guard/max_map_age_s success: [0;0m0.75
[perfect_drone_full_node-2] [0;32m Load param fsm/trajectory_guard/brake_trigger_map_age_s success: [0;0m0.55
[perfect_drone_full_node-2] [0;32m Load param fsm/trajectory_guard/brake_trigger_high_speed_map_age_s success: [0;0m0.5
[perfect_drone_full_node-2] [0;32m Load param fsm/trajectory_guard/brake_trigger_low_speed_mps success: [0;0m2.5
[perfect_drone_full_node-2] [0;32m Load param fsm/trajectory_guard/brake_trigger_high_speed_mps success: [0;0m3.5
[perfect_drone_full_node-2] [0;33m Load param fsm/trajectory_guard/full_refresh_ack_sla_s failed, use default value: [0;0m0
[perfect_drone_full_node-2] [0;32m Load param fsm/trajectory_guard/raw_cloud/enable success: [0;0m0
[perfect_drone_full_node-2] [0;33m Load param fsm/trajectory_guard/raw_cloud/source_topic failed, use default value: [0;0m
[perfect_drone_full_node-2] [0;32m Load param fsm/trajectory_guard/raw_cloud/max_age_s success: [0;0m0.75
[perfect_drone_full_node-2] [0;32m Load param fsm/trajectory_guard/raw_cloud/clearance_m success: [0;0m0.3
[perfect_drone_full_node-2] [0;32m Load param fsm/trajectory_guard/validation_sample_dt_s success: [0;0m0.005
[perfect_drone_full_node-2] [0;32m Load param fsm/trajectory_guard/shadow_min_interval_s success: [0;0m0
[perfect_drone_full_node-2] [0;32m Load param fsm/trajectory_guard/additional_clearance_m success: [0;0m0
[perfect_drone_full_node-2] [0;33m Load param fsm/trajectory_guard/brake_min_duration_s failed, use default value: [0;0m0.4
[perfect_drone_full_node-2] [0;32m Load param fsm/trajectory_guard/brake_max_duration_s success: [0;0m3
[perfect_drone_full_node-2] [0;32m Load param fsm/trajectory_guard/brake_max_acc_mps2 success: [0;0m20
[perfect_drone_full_node-2] [0;32m Load param fsm/trajectory_guard/brake_max_jerk_mps3 success: [0;0m120
[perfect_drone_full_node-2] [0;32m Load param fsm/trajectory_guard/brake_command_max_age_s success: [0;0m0.1
[perfect_drone_full_node-2] [0;32m Load param fsm/trajectory_guard/brake_command_max_position_error_m success: [0;0m0.5
[perfect_drone_full_node-2] [0;32m Load param fsm/trajectory_guard/brake_command_max_velocity_error_mps success: [0;0m2
[perfect_drone_full_node-2] [0;32m Load param fsm/trajectory_guard/brake_retry_interval_s success: [0;0m0.1
[perfect_drone_full_node-2] [0;32m Load param fsm/trajectory_guard/unknown_as_occupied success: [0;0m1
[perfect_drone_full_node-2] [0;33m Load param fsm/trajectory_guard/raw_cloud/ciri_shadow_en failed, use default value: [0;0m0
[perfect_drone_full_node-2] [0;33m Load param fsm/trajectory_guard/raw_cloud/accum_window_s failed, use default value: [0;0m1.5
[perfect_drone_full_node-2] [0;33m Load param fsm/trajectory_guard/raw_cloud/ciri_min_points failed, use default value: [0;0m200
[perfect_drone_full_node-2] [0;33m Load param fsm/trajectory_guard/raw_cloud/ciri_voxel_m failed, use default value: [0;0m0.1
[perfect_drone_full_node-2] [0;33m Load param fsm/trajectory_guard/raw_cloud/near_field_shadow_en failed, use default value: [0;0m0
[perfect_drone_full_node-2] [0;33m Load param fsm/trajectory_guard/raw_cloud/near_field_clearance_m failed, use default value: [0;0m0.2
[perfect_drone_full_node-2] [0;33m Load param fsm/trajectory_guard/raw_cloud/near_field_horizon_s failed, use default value: [0;0m1
[perfect_drone_full_node-2] [0;33m Load param fsm/trajectory_guard/raw_cloud/near_field_sample_dt_s failed, use default value: [0;0m0.01
[perfect_drone_full_node-2] [0;33m Load param fsm/trajectory_guard/raw_cloud/near_field_min_interval_s failed, use default value: [0;0m0.1
[perfect_drone_full_node-2] [0;33m Load param fsm/trajectory_guard/raw_cloud/near_field_min_points failed, use default value: [0;0m200
[perfect_drone_full_node-2] [0;33m Load param fsm/trajectory_guard/raw_cloud/near_field_voxel_m failed, use default value: [0;0m0
[perfect_drone_full_node-2] [0;33m Load param fsm/trajectory_guard/raw_cloud/near_field_test_replay_mode failed, use default value: [0;0m0
[perfect_drone_full_node-2] [0;33m Load param fsm/trajectory_guard/raw_cloud/near_field_enforce_en failed, use default value: [0;0m0
[perfect_drone_full_node-2] [0;33m Load param fsm/trajectory_guard/raw_cloud/near_field_result_max_age_s failed, use default value: [0;0m0.2
[perfect_drone_full_node-2] [0;33m Load param fsm/trajectory_guard/raw_cloud/near_field_max_sequence_lag failed, use default value: [0;0m1
[perfect_drone_full_node-2] [0;33m Load param fsm/trajectory_guard/raw_cloud/near_field_egress_tolerance_m failed, use default value: [0;0m0.005
[perfect_drone_full_node-2] [0;33m Load param fsm/trajectory_guard/raw_cloud/near_field_egress_min_progress_m failed, use default value: [0;0m0.02
[perfect_drone_full_node-2] [0;33m Load param fsm/trajectory_guard/frontend_risk/shadow_en failed, use default value: [0;0m0
[perfect_drone_full_node-2] [0;33m Load param fsm/trajectory_guard/frontend_risk/enforce_en failed, use default value: [0;0m0
[perfect_drone_full_node-2] [0;33m Load param fsm/trajectory_guard/frontend_risk/topic failed, use default value: [0;0m/planning/trajectory_risk_verdict
[perfect_drone_full_node-2] [0;33m Load param fsm/trajectory_guard/frontend_risk/result_max_age_s failed, use default value: [0;0m0.2
[perfect_drone_full_node-2] [0;33m Load param fsm/trajectory_guard/frontend_risk/source_max_age_s failed, use default value: [0;0m0.75
[perfect_drone_full_node-2] [0;33m Load param fsm/trajectory_guard/frontend_risk/current_body_enforce_en failed, use default value: [0;0m0
[perfect_drone_full_node-2] [0;33m Load param fsm/trajectory_guard/frontend_risk/current_body_result_max_age_s failed, use default value: [0;0m0.15
[perfect_drone_full_node-2] [0;33m Load param fsm/trajectory_guard/frontend_risk/current_body_source_max_age_s failed, use default value: [0;0m0.2
[perfect_drone_full_node-2] [0;32m Load param super_planner/yaw_dot_max success: [0;0m3
[perfect_drone_full_node-2] [0;32m Load param super_planner/visualization_en success: [0;0m0
[perfect_drone_full_node-2] [0;32m Load param rog_map/resolution success: [0;0m0.05
[perfect_drone_full_node-2] Load config file: /root/super_ws/install/super_planner/share/super_planner/config/static_seedmaps_guard_viability_tight_v7.yaml
[perfect_drone_full_node-2] [0;32m Load param rog_map/esdf/resolution success: [0;0m0.1
[perfect_drone_full_node-2] [0;32m Load param rog_map/esdf/enable success: [0;0m0
[perfect_drone_full_node-2] [0;32m Load param rog_map/esdf/local_update_box success: [0;0m[5 5 3 ]
[perfect_drone_full_node-2] [0;32m Load param rog_map/load_pcd_en success: [0;0m0
[perfect_drone_full_node-2] [0;32m Load param rog_map/map_sliding/enable success: [0;0m0
[perfect_drone_full_node-2] [0;32m Load param rog_map/map_sliding/threshold success: [0;0m3
[perfect_drone_full_node-2] [0;32m Load param rog_map/fix_map_origin success: [0;0m[0 0 1.5 ]
[perfect_drone_full_node-2] [0;32m Load param rog_map/frontier_extraction_en success: [0;0m0
[perfect_drone_full_node-2] [0;32m Load param rog_map/ros_callback/enable success: [0;0m1
[perfect_drone_full_node-2] [0;32m Load param rog_map/ros_callback/cloud_topic success: [0;0m/cloud_registered
[perfect_drone_full_node-2] [0;33m Load param rog_map/ros_callback/cloud_reliable failed, use default value: [0;0m0
[perfect_drone_full_node-2] [0;32m Load param rog_map/ros_callback/odom_topic success: [0;0m/lidar_slam/odom
[perfect_drone_full_node-2] [0;32m Load param rog_map/ros_callback/odom_timeout success: [0;0m2
[perfect_drone_full_node-2] [0;32m Load param rog_map/visualization/enable success: [0;0m0
[perfect_drone_full_node-2] [0;32m Load param rog_map/visualization/use_dynamic_reconfigure success: [0;0m0
[perfect_drone_full_node-2] [0;32m Load param rog_map/visualization/pub_unknown_map_en success: [0;0m0
[perfect_drone_full_node-2] [0;32m Load param rog_map/visualization/frame_id success: [0;0mworld
[perfect_drone_full_node-2] [0;32m Load param rog_map/visualization/time_rate success: [0;0m2
[perfect_drone_full_node-2] [0;32m Load param rog_map/visualization/frame_rate success: [0;0m0
[perfect_drone_full_node-2] [0;32m Load param rog_map/visualization/range success: [0;0m[15 15 4 ]
[perfect_drone_full_node-2] [0;32m Load param rog_map/resolution success: [0;0m0.05
[perfect_drone_full_node-2] [0;32m Load param rog_map/inflation_resolution success: [0;0m0.1
[perfect_drone_full_node-2] [0;32m Load param rog_map/unk_inflation_en success: [0;0m0
[perfect_drone_full_node-2] [0;32m Load param rog_map/unk_inflation_step success: [0;0m1
[perfect_drone_full_node-2] [0;32m Load param rog_map/inflation_step success: [0;0m3
[perfect_drone_full_node-2] [0;32m Load param rog_map/intensity_thresh success: [0;0m-10
[perfect_drone_full_node-2] [0;32m Load param rog_map/map_size success: [0;0m[70 70 6 ]
[perfect_drone_full_node-2] [0;32m Load param rog_map/point_filt_num success: [0;0m1
[perfect_drone_full_node-2] [0;32m Load param rog_map/raycasting/enable success: [0;0m0
[perfect_drone_full_node-2] [0;32m Load param rog_map/raycasting/batch_update_size success: [0;0m1
[perfect_drone_full_node-2] [0;32m Load param rog_map/raycasting/unk_thresh success: [0;0m1
[perfect_drone_full_node-2] [0;32m Load param rog_map/raycasting/p_hit success: [0;0m0.9
[perfect_drone_full_node-2] [0;32m Load param rog_map/raycasting/p_miss success: [0;0m0.49
[perfect_drone_full_node-2] [0;32m Load param rog_map/raycasting/p_min success: [0;0m0.12
[perfect_drone_full_node-2] [0;32m Load param rog_map/raycasting/p_max success: [0;0m0.98
[perfect_drone_full_node-2] [0;32m Load param rog_map/raycasting/p_occ success: [0;0m0.85
[perfect_drone_full_node-2] [0;32m Load param rog_map/raycasting/p_free success: [0;0m0.499
[perfect_drone_full_node-2] [0;32m Load param rog_map/raycasting/p_free success: [0;0m0.499
[perfect_drone_full_node-2] [0;32m Load param rog_map/raycasting/ray_range success: [0;0m[0.5 100 ]
[perfect_drone_full_node-2] [0;33m Load param rog_map/raycasting/observed_mark_range_max failed, use default value: [0;0m10
[perfect_drone_full_node-2] [0;32m Load param rog_map/raycasting/local_update_box success: [0;0m[100 100 5 ]
[perfect_drone_full_node-2] [0;32m Load param rog_map/virtual_ground_height success: [0;0m-0.1
[perfect_drone_full_node-2] [0;32m Load param rog_map/virtual_ceil_height success: [0;0m3.5
[perfect_drone_full_node-2] [32m -- [RM-Config] inflation_resolution: 0.1[0m
[perfect_drone_full_node-2]  -- [ROG-Map] Init, resetMapSize: ORIGIN_AT_CORNER.
[perfect_drone_full_node-2]  -- [ROG-Map] Init, resetMapSize: virtual_ceil_height: 3.1500000000000004, virtual_ground_height: 0.25.
[perfect_drone_full_node-2] [34m	[ROG] n_free: 1[0m
[perfect_drone_full_node-2] [34m	[ROG] n_occ: 1[0m
[perfect_drone_full_node-2] [34m	[ROG] l_hit: 2.19722[0m
[perfect_drone_full_node-2] [34m	[ROG] l_miss: -0.0400053[0m
[perfect_drone_full_node-2] [34m	[ROG] l_min: -1.99243[0m
[perfect_drone_full_node-2] [34m	[ROG] l_max: 3.89182[0m
[perfect_drone_full_node-2] [34m	[ROG] l_occ: 1.7346[0m
[perfect_drone_full_node-2] [34m	[ROG] l_free: -0.00399995[0m
[perfect_drone_full_node-2] [33m -- [Inf-Map] Clear all local map.[0m
[perfect_drone_full_node-2] [32m -- [CounterMap] Init successfully -- .[0m
[perfect_drone_full_node-2] [32m	resolution: 0.1[0m
[perfect_drone_full_node-2] [32m	map_sliding_en: 0[0m
[perfect_drone_full_node-2] [32m	local_map_size_i: 709 709  69[0m
[perfect_drone_full_node-2] [32m	local_map_size_d: 70.9 70.9  6.9[0m
[perfect_drone_full_node-2] [33m -- [Inf-Map] Clear all local map.[0m
[perfect_drone_full_node-2] [32m -- [InfMap] Init successfully -- .[0m
[perfect_drone_full_node-2] [32m	resolution: 0.1[0m
[perfect_drone_full_node-2] [32m	map_sliding_en: 0[0m
[perfect_drone_full_node-2] [32m	local_map_size_i: 709 709  69[0m
[perfect_drone_full_node-2] [32m	local_map_size_d: 70.9 70.9  6.9[0m
[perfect_drone_full_node-2] [ProbMap] virtual_ceil_height: 3.15
[perfect_drone_full_node-2] [ProbMap] virtual_ground_height: 0.25
[perfect_drone_full_node-2] [33m -- [ProbMap] Map sliding disabled, set origin to [  0   0 1.5] -- [0m
[perfect_drone_full_node-2] [33m -- [Prob-Map] Clear all local map.[0m
[perfect_drone_full_node-2] [32m -- [ProbMap] Init successfully -- .[0m
[perfect_drone_full_node-2] [32m	resolution: 0.05[0m
[perfect_drone_full_node-2] [32m	map_sliding_en: 0[0m
[perfect_drone_full_node-2] [32m	local_map_size_i: 1401 1401  121[0m
[perfect_drone_full_node-2] [32m	local_map_size_d: 70.05 70.05  6.05[0m
[perfect_drone_full_node-2] [38;2;000;128;000m -- [ROGMap] Immutable planner snapshot enabled (fixed occupancy-only map).
[perfect_drone_full_node-2] [0mLoad config file: /root/super_ws/install/super_planner/share/super_planner/config/static_seedmaps_guard_viability_tight_v7.yaml
[perfect_drone_full_node-2] Load config file: /root/super_ws/install/super_planner/share/super_planner/config/static_seedmaps_guard_viability_tight_v7.yaml
[perfect_drone_full_node-2] [0;32m Load param traj_opt/switch/print_optimizer_log success: [0;0m0
[perfect_drone_full_node-2] [0;32m Load param traj_opt/flatness/mass success: [0;0m1.64
[perfect_drone_full_node-2] [0;32m Load param traj_opt/flatness/dh success: [0;0m0.35
[perfect_drone_full_node-2] [0;32m Load param traj_opt/flatness/dv success: [0;0m0.35
[perfect_drone_full_node-2] [0;32m Load param traj_opt/flatness/grav success: [0;0m9.81
[perfect_drone_full_node-2] [0;32m Load param traj_opt/flatness/cp success: [0;0m0.001
[perfect_drone_full_node-2] [0;32m Load param traj_opt/flatness/v_eps success: [0;0m0.0001
[perfect_drone_full_node-2] [0;32m Load param traj_opt/switch/save_log_en success: [0;0m0
[perfect_drone_full_node-2] [0;32m Load param traj_opt/exp_traj/pos_constraint_type success: [0;0m1
[perfect_drone_full_node-2] [0;33m Load param traj_opt/exp_traj/piece_num failed, use default value: [0;0m1
[perfect_drone_full_node-2] [0;33m Load param traj_opt/exp_traj/uniform_time_en failed, use default value: [0;0m0
[perfect_drone_full_node-2] [0;32m Load param traj_opt/exp_traj/block_energy_cost success: [0;0m0
[perfect_drone_full_node-2] [0;32m Load param traj_opt/exp_traj/opt_accuracy success: [0;0m5e-06
[perfect_drone_full_node-2] [0;33m Load param traj_opt/exp_traj/max_iterations failed, use default value: [0;0m2048
[perfect_drone_full_node-2] [0;32m Load param traj_opt/exp_traj/integral_reso success: [0;0m15
[perfect_drone_full_node-2] [0;32m Load param traj_opt/exp_traj/smooth_eps success: [0;0m0.01
[perfect_drone_full_node-2] [0;32m Load param traj_opt/boundary/max_vel success: [0;0m7
[perfect_drone_full_node-2] [0;32m Load param traj_opt/boundary/max_acc success: [0;0m20
[perfect_drone_full_node-2] [0;32m Load param traj_opt/boundary/max_jerk success: [0;0m120
[perfect_drone_full_node-2] [0;32m Load param traj_opt/boundary/max_omg success: [0;0m2.5
[perfect_drone_full_node-2] [0;32m Load param traj_opt/boundary/max_acc_thr success: [0;0m17
[perfect_drone_full_node-2] [0;32m Load param traj_opt/boundary/min_acc_thr success: [0;0m6
[perfect_drone_full_node-2] [0;32m Load param traj_opt/boundary/penna_margin success: [0;0m0.05
[perfect_drone_full_node-2] [0;33m Load param traj_opt/exp_traj/penna_scale failed, use default value: [0;0m-1
[perfect_drone_full_node-2] [0;32m Load param traj_opt/exp_traj/penna_t success: [0;0m1e+07
[perfect_drone_full_node-2] [0;33m Load param traj_opt/exp_traj/penna_ts failed, use default value: [0;0m-1
[perfect_drone_full_node-2] [0;32m Load param traj_opt/exp_traj/penna_pos success: [0;0m5e+09
[perfect_drone_full_node-2] [0;32m Load param traj_opt/exp_traj/penna_clr success: [0;0m1e+06
[perfect_drone_full_node-2] [0;32m Load param traj_opt/exp_traj/clearance_margin success: [0;0m0.1
[perfect_drone_full_node-2] [0;32m Load param traj_opt/exp_traj/clearance_speed_gate success: [0;0m1.5
[perfect_drone_full_node-2] [0;32m Load param traj_opt/exp_traj/clearance_speed_transition success: [0;0m0.5
[perfect_drone_full_node-2] [0;33m Load param traj_opt/exp_traj/penna_passage_center failed, use default value: [0;0m-1
[perfect_drone_full_node-2] [0;33m Load param traj_opt/exp_traj/passage_center_max_width failed, use default value: [0;0m0
[perfect_drone_full_node-2] [0;33m Load param traj_opt/exp_traj/passage_center_min_opposition_cos failed, use default value: [0;0m0.9
[perfect_drone_full_node-2] [0;33m Load param traj_opt/exp_traj/passage_center_min_horizontal_normal failed, use default value: [0;0m0.8
[perfect_drone_full_node-2] [0;33m Load param traj_opt/exp_traj/passage_center_deadband failed, use default value: [0;0m0.15
[perfect_drone_full_node-2] [0;33m Load param traj_opt/exp_traj/passage_center_log_en failed, use default value: [0;0m0
[perfect_drone_full_node-2] [0;32m Load param traj_opt/exp_traj/penna_vel success: [0;0m5e+08
[perfect_drone_full_node-2] [0;32m Load param traj_opt/exp_traj/penna_acc success: [0;0m5e+08
[perfect_drone_full_node-2] [0;32m Load param traj_opt/exp_traj/penna_jerk success: [0;0m-5e+08
[perfect_drone_full_node-2] [0;32m Load param traj_opt/exp_traj/penna_attract success: [0;0m5e+08
[perfect_drone_full_node-2] [0;32m Load param traj_opt/exp_traj/penna_omg success: [0;0m-1
[perfect_drone_full_node-2] [0;32m Load param traj_opt/exp_traj/penna_thr success: [0;0m-1
[perfect_drone_full_node-2] Load config file: /root/super_ws/install/super_planner/share/super_planner/config/static_seedmaps_guard_viability_tight_v7.yaml
[perfect_drone_full_node-2] [0;32m Load param traj_opt/switch/print_optimizer_log success: [0;0m0
[perfect_drone_full_node-2] [0;32m Load param traj_opt/flatness/mass success: [0;0m1.64
[perfect_drone_full_node-2] [0;32m Load param traj_opt/flatness/dh success: [0;0m0.35
[perfect_drone_full_node-2] [0;32m Load param traj_opt/flatness/dv success: [0;0m0.35
[perfect_drone_full_node-2] [0;32m Load param traj_opt/flatness/grav success: [0;0m9.81
[perfect_drone_full_node-2] [0;32m Load param traj_opt/flatness/cp success: [0;0m0.001
[perfect_drone_full_node-2] [0;32m Load param traj_opt/flatness/v_eps success: [0;0m0.0001
[perfect_drone_full_node-2] [0;32m Load param traj_opt/switch/save_log_en success: [0;0m0
[perfect_drone_full_node-2] [0;32m Load param traj_opt/backup_traj/pos_constraint_type success: [0;0m2
[perfect_drone_full_node-2] [0;32m Load param traj_opt/backup_traj/piece_num success: [0;0m2
[perfect_drone_full_node-2] [0;32m Load param traj_opt/backup_traj/uniform_time_en success: [0;0m1
[perfect_drone_full_node-2] [0;32m Load param traj_opt/backup_traj/block_energy_cost success: [0;0m1
[perfect_drone_full_node-2] [0;32m Load param traj_opt/backup_traj/opt_accuracy success: [0;0m1e-05
[perfect_drone_full_node-2] [0;33m Load param traj_opt/backup_traj/max_iterations failed, use default value: [0;0m2048
[perfect_drone_full_node-2] [0;32m Load param traj_opt/backup_traj/integral_reso success: [0;0m12
[perfect_drone_full_node-2] [0;32m Load param traj_opt/backup_traj/smooth_eps success: [0;0m0.01
[perfect_drone_full_node-2] [0;32m Load param traj_opt/boundary/max_vel success: [0;0m7
[perfect_drone_full_node-2] [0;32m Load param traj_opt/boundary/max_acc success: [0;0m20
[perfect_drone_full_node-2] [0;32m Load param traj_opt/boundary/max_jerk success: [0;0m120
[perfect_drone_full_node-2] [0;32m Load param traj_opt/boundary/max_omg success: [0;0m2.5
[perfect_drone_full_node-2] [0;32m Load param traj_opt/boundary/max_acc_thr success: [0;0m17
[perfect_drone_full_node-2] [0;32m Load param traj_opt/boundary/min_acc_thr success: [0;0m6
[perfect_drone_full_node-2] [0;32m Load param traj_opt/boundary/penna_margin success: [0;0m0.05
[perfect_drone_full_node-2] [0;33m Load param traj_opt/backup_traj/penna_scale failed, use default value: [0;0m-1
[perfect_drone_full_node-2] [0;32m Load param traj_opt/backup_traj/penna_t success: [0;0m100
[perfect_drone_full_node-2] [0;32m Load param traj_opt/backup_traj/penna_ts success: [0;0m1e+07
[perfect_drone_full_node-2] [0;32m Load param traj_opt/backup_traj/penna_pos success: [0;0m1e+10
[perfect_drone_full_node-2] [0;32m Load param traj_opt/backup_traj/penna_clr success: [0;0m1e+06
[perfect_drone_full_node-2] [0;32m Load param traj_opt/backup_traj/clearance_margin success: [0;0m0.1
[perfect_drone_full_node-2] [0;32m Load param traj_opt/backup_traj/clearance_speed_gate success: [0;0m1.5
[perfect_drone_full_node-2] [0;32m Load param traj_opt/backup_traj/clearance_speed_transition success: [0;0m0.5
[perfect_drone_full_node-2] [0;33m Load param traj_opt/backup_traj/penna_passage_center failed, use default value: [0;0m-1
[perfect_drone_full_node-2] [0;33m Load param traj_opt/backup_traj/passage_center_max_width failed, use default value: [0;0m0
[perfect_drone_full_node-2] [0;33m Load param traj_opt/backup_traj/passage_center_min_opposition_cos failed, use default value: [0;0m0.9
[perfect_drone_full_node-2] [0;33m Load param traj_opt/backup_traj/passage_center_min_horizontal_normal failed, use default value: [0;0m0.8
[perfect_drone_full_node-2] [0;33m Load param traj_opt/backup_traj/passage_center_deadband failed, use default value: [0;0m0.15
[perfect_drone_full_node-2] [0;33m Load param traj_opt/backup_traj/passage_center_log_en failed, use default value: [0;0m0
[perfect_drone_full_node-2] [0;32m Load param traj_opt/backup_traj/penna_vel success: [0;0m1e+08
[perfect_drone_full_node-2] [0;32m Load param traj_opt/backup_traj/penna_acc success: [0;0m1e+08
[perfect_drone_full_node-2] [0;32m Load param traj_opt/backup_traj/penna_jerk success: [0;0m-1e+06
[perfect_drone_full_node-2] [0;33m Load param traj_opt/backup_traj/penna_attract failed, use default value: [0;0m-1
[perfect_drone_full_node-2] [0;32m Load param traj_opt/backup_traj/penna_omg success: [0;0m-1
[perfect_drone_full_node-2] [0;32m Load param traj_opt/backup_traj/penna_thr success: [0;0m-1
[perfect_drone_full_node-2] [0;32m Load param super_planner/print_log success: [0;0m0
[perfect_drone_full_node-2] [0;32m Load param super_planner/detailed_log_en success: [0;0m0
[perfect_drone_full_node-2] [0;32m Load param super_planner/visualization_en success: [0;0m0
[perfect_drone_full_node-2] [0;32m Load param super_planner/backup_traj_en success: [0;0m1
[perfect_drone_full_node-2] [0;32m Load param super_planner/goal_vel_en success: [0;0m0
[perfect_drone_full_node-2] [0;32m Load param super_planner/goal_yaw_en success: [0;0m0
[perfect_drone_full_node-2] [0;32m Load param super_planner/visual_process success: [0;0m0
[perfect_drone_full_node-2] [0;32m Load param super_planner/use_fov_cut success: [0;0m0
[perfect_drone_full_node-2] [0;33m Load param super_planner/fov_horizontal_angle failed, use default value: [0;0m-1
[perfect_drone_full_node-2] [0;33m Load param super_planner/fov_center_heading failed, use default value: [0;0m0
[perfect_drone_full_node-2] [0;32m Load param super_planner/frontend_in_known_free success: [0;0m0
[perfect_drone_full_node-2] [0;32m Load param fsm/trajectory_guard/enable success: [0;0m1
[perfect_drone_full_node-2] [0;32m Load param fsm/trajectory_guard/shadow success: [0;0m0
[perfect_drone_full_node-2] [0;32m Load param fsm/trajectory_guard/validation_sample_dt_s success: [0;0m0.005
[perfect_drone_full_node-2] [0;32m Load param fsm/trajectory_guard/shadow_min_interval_s success: [0;0m0
[perfect_drone_full_node-2] [0;32m Load param fsm/trajectory_guard/additional_clearance_m success: [0;0m0
[perfect_drone_full_node-2] [0;32m Load param fsm/trajectory_guard/escape_max_duration_s success: [0;0m1
[perfect_drone_full_node-2] [0;32m Load param fsm/trajectory_guard/unknown_as_occupied success: [0;0m1
[perfect_drone_full_node-2] [0;32m Load param fsm/trajectory_guard/escape_entry_grace_s success: [0;0m0
[perfect_drone_full_node-2] [0;32m Load param fsm/trajectory_guard/initial_footprint_egress_enable success: [0;0m1
[perfect_drone_full_node-2] [0;32m Load param super_planner/safe_corridor_line_max_length success: [0;0m6
[perfect_drone_full_node-2] [0;32m Load param super_planner/sensing_horizon success: [0;0m-1
[perfect_drone_full_node-2] [0;32m Load param super_planner/obs_skip_num success: [0;0m2
[perfect_drone_full_node-2] [0;32m Load param super_planner/replan_forward_dt success: [0;0m0.1
[perfect_drone_full_node-2] [0;32m Load param super_planner/corridor_bound_dis success: [0;0m0.8
[perfect_drone_full_node-2] [0;32m Load param super_planner/corridor_line_max_length success: [0;0m1
[perfect_drone_full_node-2] [0;32m Load param super_planner/planning_horizon success: [0;0m7
[perfect_drone_full_node-2] [0;32m Load param super_planner/receding_dis success: [0;0m1
[perfect_drone_full_node-2] [0;32m Load param super_planner/robot_r success: [0;0m0.2
[perfect_drone_full_node-2] [0;32m Load param super_planner/corridor_use_inflated_obstacles success: [0;0m0
[perfect_drone_full_node-2] [0;32m Load param super_planner/corridor_use_inflated_seed_lines success: [0;0m0
[perfect_drone_full_node-2] [0;32m Load param super_planner/corridor_guard_retry_inflated success: [0;0m1
[perfect_drone_full_node-2] [0;32m Load param super_planner/guard_corridor_retry_alternate_every success: [0;0m4
[perfect_drone_full_node-2] [0;32m Load param super_planner/guard_topology_reroute/enable success: [0;0m1
[perfect_drone_full_node-2] [0;32m Load param super_planner/guard_topology_reroute/radius_m success: [0;0m0.8
[perfect_drone_full_node-2] [0;32m Load param super_planner/guard_topology_reroute/growth_m success: [0;0m0
[perfect_drone_full_node-2] [0;32m Load param super_planner/guard_topology_reroute/max_radius_m success: [0;0m0.8
[perfect_drone_full_node-2] [0;32m Load param super_planner/guard_topology_reroute/max_zones success: [0;0m6
[perfect_drone_full_node-2] [0;32m Load param super_planner/guard_topology_reroute/max_stop_speed_mps success: [0;0m0.2
[perfect_drone_full_node-2] [0;32m Load param super_planner/guard_topology_reroute/escalate_every_rejects success: [0;0m3
[perfect_drone_full_node-2] [0;32m Load param super_planner/guard_topology_reroute/collision_merge_m success: [0;0m0.5
[perfect_drone_full_node-2] [0;32m Load param super_planner/guard_topology_reroute/start_clearance_m success: [0;0m0.3
[perfect_drone_full_node-2] [0;32m Load param super_planner/guard_topology_reroute/block_spacing_m success: [0;0m1
[perfect_drone_full_node-2] [0;32m Load param super_planner/guard_topology_reroute/direction_merge_angle_deg success: [0;0m30
[perfect_drone_full_node-2] [0;32m Load param super_planner/guard_topology_reroute/no_path_reset_attempts success: [0;0m3
[perfect_drone_full_node-2] [0;32m Load param super_planner/guard_topology_reroute/vertical_recovery_enable success: [0;0m1
[perfect_drone_full_node-2] [0;32m Load param super_planner/guard_topology_reroute/vertical_recovery_lift_m success: [0;0m0.6
[perfect_drone_full_node-2] [0;32m Load param super_planner/guard_topology_reroute/vertical_recovery_trigger_distance_m success: [0;0m0.75
[perfect_drone_full_node-2] [0;32m Load param super_planner/guard_topology_reroute/local_escape_enable success: [0;0m1
[perfect_drone_full_node-2] [0;32m Load param super_planner/guard_topology_reroute/local_escape_distance_m success: [0;0m0.6
[perfect_drone_full_node-2] [0;32m Load param super_planner/guard_topology_reroute/local_escape_attempts success: [0;0m4
[perfect_drone_full_node-2] [0;32m Load param super_planner/guard_topology_reroute/episode_progress_reset_m success: [0;0m2
[perfect_drone_full_node-2] [0;32m Load param super_planner/guard_topology_reroute/saturation_vertical_attempts success: [0;0m1
[perfect_drone_full_node-2] [0;32m Load param super_planner/guard_topology_reroute/base_no_path_vertical_attempts success: [0;0m1
[perfect_drone_full_node-2] [0;32m Load param super_planner/guard_direct_goal_fallback/enable success: [0;0m1
[perfect_drone_full_node-2] [0;32m Load param super_planner/guard_direct_goal_fallback/max_distance_m success: [0;0m3
[perfect_drone_full_node-2] [0;32m Load param super_planner/guard_direct_goal_fallback/min_duration_s success: [0;0m1
[perfect_drone_full_node-2] [0;32m Load param super_planner/guard_viability/enable success: [0;0m1
[perfect_drone_full_node-2] [0;32m Load param super_planner/guard_viability/horizon_s success: [0;0m2
[perfect_drone_full_node-2] [0;32m Load param super_planner/guard_viability/sample_dt_s success: [0;0m0.3
[perfect_drone_full_node-2] [0;32m Load param super_planner/guard_viability/brake_max_acc_mps2 success: [0;0m20
[perfect_drone_full_node-2] [0;32m Load param super_planner/guard_viability/brake_max_jerk_mps3 success: [0;0m120
[perfect_drone_full_node-2] [0;32m Load param super_planner/guard_viability/brake_min_duration_s success: [0;0m0.4
[perfect_drone_full_node-2] [0;32m Load param super_planner/guard_viability/brake_max_duration_s success: [0;0m3
[perfect_drone_full_node-2] [0;32m Load param super_planner/guard_viability/brake_attempts success: [0;0m12
[perfect_drone_full_node-2] [0;32m Load param super_planner/guard_viability/speed_scale_step success: [0;0m1.25
[perfect_drone_full_node-2] [0;32m Load param super_planner/guard_viability/speed_scale_max success: [0;0m3
[perfect_drone_full_node-2] [0;32m Load param super_planner/guard_viability/max_retries success: [0;0m4
[perfect_drone_full_node-2] [0;32m Load param super_planner/corridor_min_margin success: [0;0m0.2
[perfect_drone_full_node-2] [0;32m Load param super_planner/corridor_pref_margin success: [0;0m0.3
[perfect_drone_full_node-2] [0;32m Load param super_planner/iris_iter_num success: [0;0m2
[perfect_drone_full_node-2] [0;32m Load param super_planner/yaw_mode success: [0;0m1
[perfect_drone_full_node-2] [0;32m Load param super_planner/mpc_horizon success: [0;0m15
[perfect_drone_full_node-2] [0;32m Load param super_planner/yaw_dot_max success: [0;0m3
[perfect_drone_full_node-2] [0;32m Load param rog_map/resolution success: [0;0m0.05
[perfect_drone_full_node-2] [INFO] [1789007585.960765163] [fsm_node]:  -- [TRAJ_GUARD] mode=enforce sample_dt=0.0050s shadow_min_interval=0.000s inflation_radius=0.300m robot_r=0.200m additional_clearance=0.000m hard_clearance=0.300m clearance_offsets=0
[perfect_drone_full_node-2] [38;2;050;205;050m -- [Viz] Set resolution_ to 0.05
[perfect_drone_full_node-2] [0m[38;2;050;205;050m -- [Viz] Set visualization_en_ to false
[perfect_drone_full_node-2] [0mLoad config file: /root/super_ws/install/super_planner/share/super_planner/config/static_seedmaps_guard_viability_tight_v7.yaml
[perfect_drone_full_node-2] [0;32m Load param astar/map_voxel_num success: [0;0m[500 500 100 ]
[perfect_drone_full_node-2] [0;32m Load param astar/allow_diag success: [0;0m1
[perfect_drone_full_node-2] [0;32m Load param astar/debug_visualization_en success: [0;0m0
[perfect_drone_full_node-2] [0;32m Load param astar/heu_type success: [0;0m2
[perfect_drone_full_node-2] [0;32m Load param astar/visual_process success: [0;0m0
[perfect_drone_full_node-2] [32m -- [RM] Init Astar-map.[0m
[perfect_drone_full_node-2] [34m	map index size: 250 250  50[0m
[perfect_drone_full_node-2] [34m	map vox_num: 501 501 101[0m
[perfect_drone_full_node-2] [33m -- [Fsm] CLICKGOAL ENABLE.[0m
[perfect_drone_full_node-2] [WARN] [1789007587.559043792] [perfect_tracking]:  -- [MissionPlanner] Load config by file name: /root/super_ws/src/SUPER/mars_uav_sim/perfect_drone_sim/config/shc1_mirror_hazard.yaml
[perfect_drone_full_node-2] Load config file: /root/super_ws/src/SUPER/mars_uav_sim/perfect_drone_sim/config/shc1_mirror_hazard.yaml
[perfect_drone_full_node-2] [0;32m Load param mesh_resource success: [0;0mpackage://perfect_drone_sim/meshes/yunque-M.dae
[perfect_drone_full_node-2] [0;32m Load param init_position/x success: [0;0m24.5
[perfect_drone_full_node-2] [0;32m Load param init_position/y success: [0;0m0
[perfect_drone_full_node-2] [0;32m Load param init_position/z success: [0;0m1.5
[perfect_drone_full_node-2] [0;32m Load param init_yaw success: [0;0m0
[perfect_drone_full_node-2] [0;32m Load param sensing_rate success: [0;0m10
[perfect_drone_full_node-2] Load config file: /root/super_ws/src/SUPER/mars_uav_sim/perfect_drone_sim/config/shc1_mirror_hazard.yaml
[perfect_drone_full_node-2] [0;33m Load param side_entry_v1/enabled failed, use default value: [0;0m0
[perfect_drone_full_node-2] [0;33m Load param side_entry_v2/enabled failed, use default value: [0;0m0
[perfect_drone_full_node-2] [0;33m Load param side_entry_v3/enabled failed, use default value: [0;0m0
[perfect_drone_full_node-2] [0;33m Load param side_entry_v4/enabled failed, use default value: [0;0m0
[perfect_drone_full_node-2] [0;33m Load param side_entry_v5/enabled failed, use default value: [0;0m0
[perfect_drone_full_node-2] [0;33m Load param side_entry_v6/enabled failed, use default value: [0;0m0
[perfect_drone_full_node-2] [0;33m Load param side_entry_v7/enabled failed, use default value: [0;0m0
[perfect_drone_full_node-2] [0;33m Load param side_entry_v0/speed_min_mps failed, use default value: [0;0m2
[perfect_drone_full_node-2] [0;33m Load param side_entry_v0/yaw_velocity_mismatch_min_deg failed, use default value: [0;0m50
[perfect_drone_full_node-2] [0;33m Load param side_entry_v0/require_yaw_velocity_mismatch failed, use default value: [0;0m1
[perfect_drone_full_node-2] [0;33m Load param side_entry_v0/hold_s failed, use default value: [0;0m0.02
[perfect_drone_full_node-2] [0;33m Load param side_entry_v0/qualifying_samples failed, use default value: [0;0m0
[perfect_drone_full_node-2] [0;33m Load param side_entry_v0/prediction_s failed, use default value: [0;0m0.8
[perfect_drone_full_node-2] [0;33m Load param side_entry_v0/require_velocity_inside failed, use default value: [0;0m1
[perfect_drone_full_node-2] [0;33m Load param side_entry_v0/fixed_center_enabled failed, use default value: [0;0m0
[perfect_drone_full_node-2] [0;33m Load param side_entry_v0/fixed_center_x failed, use default value: [0;0m22.5
[perfect_drone_full_node-2] [0;33m Load param side_entry_v0/fixed_center_y failed, use default value: [0;0m23
[perfect_drone_full_node-2] [0;33m Load param side_entry_v0/trigger_distance_min_m failed, use default value: [0;0m0.8
[perfect_drone_full_node-2] [0;33m Load param side_entry_v0/trigger_distance_max_m failed, use default value: [0;0m3.5
[perfect_drone_full_node-2] [0;33m Load param side_entry_v0/trigger_waypoint_x failed, use default value: [0;0m24
[perfect_drone_full_node-2] [0;33m Load param side_entry_v0/trigger_waypoint_y failed, use default value: [0;0m24
[perfect_drone_full_node-2] [0;33m Load param side_entry_v0/trigger_waypoint_radius_m failed, use default value: [0;0m2
[perfect_drone_full_node-2] [0;33m Load param side_entry_v0/trap_waypoint_radius_m failed, use default value: [0;0m2
[perfect_drone_full_node-2] [0;33m Load param side_entry_v0/sector_half_angle_deg failed, use default value: [0;0m45
[perfect_drone_full_node-2] [0;33m Load param side_entry_v0/angular_margin_deg failed, use default value: [0;0m2
[perfect_drone_full_node-2] [0;33m Load param side_entry_v0/max_nudge_deg failed, use default value: [0;0m20
[perfect_drone_full_node-2] [0;33m Load param side_entry_v0/radius_m failed, use default value: [0;0m0.25
[perfect_drone_full_node-2] [0;33m Load param side_entry_v0/height_m failed, use default value: [0;0m3
[perfect_drone_full_node-2] [0;33m Load param side_entry_v0/point_spacing_m failed, use default value: [0;0m0.05
[perfect_drone_full_node-2] [0;33m Load param side_entry_v0/z_spacing_m failed, use default value: [0;0m0.1
[perfect_drone_full_node-2] [0;33m Load param side_entry_v0/sensing_horizon_m failed, use default value: [0;0m15
[perfect_drone_full_node-2] [0;33m Load param side_entry_v0/intensity failed, use default value: [0;0m14545
[perfect_drone_full_node-2] Load config file: /root/super_ws/src/SUPER/mars_uav_sim/perfect_drone_sim/config/shc1_mirror_hazard.yaml
[perfect_drone_full_node-2] [0;32m Load param sensor_burst_dropout/enabled success: [0;0m1
[perfect_drone_full_node-2] [0;32m Load param sensor_burst_dropout/warmup_s success: [0;0m1
[perfect_drone_full_node-2] [0;32m Load param sensor_burst_dropout/period_s success: [0;0m2
[perfect_drone_full_node-2] [0;32m Load param sensor_burst_dropout/duration_s success: [0;0m0.5
[perfect_drone_full_node-2] [0;32m Load param sensor_burst_dropout/phase_s success: [0;0m0
[perfect_drone_full_node-2] Load config file: /root/super_ws/src/SUPER/mars_uav_sim/perfect_drone_sim/config/shc1_mirror_hazard.yaml
[perfect_drone_full_node-2] [0;32m Load param sensing_blind success: [0;0m0.1
[perfect_drone_full_node-2] [0;32m Load param sensing_horizon success: [0;0m15
[perfect_drone_full_node-2] [0;32m Load param sensing_rate success: [0;0m10
[perfect_drone_full_node-2] [0;32m Load param lidar_type success: [0;0m2
[perfect_drone_full_node-2] [0;32m Load param pcd_name success: [0;0mseed_maps/shc1_mirror_hazard.pcd
[perfect_drone_full_node-2] [0;32m Load param is_360lidar success: [0;0m1
[perfect_drone_full_node-2] [0;32m Load param polar_resolution success: [0;0m0.4
[perfect_drone_full_node-2] [0;33m Load param fx failed, use default value: [0;0m250
[perfect_drone_full_node-2] [0;33m Load param fy failed, use default value: [0;0m250
[perfect_drone_full_node-2] [0;33m Load param line_number failed, use default value: [0;0m64
[perfect_drone_full_node-2] [0;32m Load param downsample_res success: [0;0m0.1
[perfect_drone_full_node-2] [0;33m Load param yaw_fov failed, use default value: [0;0m360
[perfect_drone_full_node-2] [0;32m Load param vertical_fov success: [0;0m178
[perfect_drone_full_node-2] [0;32m Load param depth_image_en success: [0;0m0
[perfect_drone_full_node-2] [0;33m Load param inf_point_en failed, use default value: [0;0m0
[perfect_drone_full_node-2] [0;32m Load param print_time_consumption success: [0;0m0
[perfect_drone_full_node-2] GLAD init success
[perfect_drone_full_node-2] Load shader frome: /root/super_ws/src/SUPER/mars_uav_sim/marsim_render/config/pattern/360camera.vs
[perfect_drone_full_node-2] Now initing the point cloud data: 
[perfect_drone_full_node-2] Number of points = 11.4008X 10000
[perfect_drone_full_node-2] Load data finish 
[perfect_drone_full_node-2] ========== OpenGL Info ==========
[perfect_drone_full_node-2] Vendor: NVIDIA Corporation
[perfect_drone_full_node-2] Renderer: NVIDIA GeForce RTX 3050 Ti Laptop GPU/PCIe/SSE2
[perfect_drone_full_node-2] OpenGL Version: 3.3.0 NVIDIA 550.144.03
[perfect_drone_full_node-2] GLSL Version: 3.30 NVIDIA via Cg compiler
[perfect_drone_full_node-2] ========== OpenGL Info ==========
[perfect_drone_full_node-2] [WARN] [1789007587.871567018] [perfect_tracking]: SENSOR_BURST_DROPOUT armed before every cloud transport: warmup=1.000s period=2.000s duration=0.500s phase=1.800s env_override=1
[perfect_drone_full_node-2] [INFO] [1789007587.871620656] [perfect_drone_full_config]: Full raw DDS disabled: renderer -> ROG-Map uses direct latest-only SharedPtr handoff
[perfect_drone_full_node-2] [38;2;000;128;000m -- [Fsm]: [MainFsmCallback] change state from [INIT] to [WAIT_GOAL].
[perfect_drone_full_node-2] [0m -- [Fsm] MAP_NOT_READY reason=accepted_count,committed_count,map_version,scan_span,accepted_cloud_age,committed_cloud_age,map_age accepted=0 committed=0 version=0 lag=0 span=0.000s cloud_age=infs committed_cloud_age=infs commit_age=infs in_progress=false
[perfect_drone_full_node-2] Publish local map size: 21603
[perfect_drone_full_node-2] Publish local map size: 21569
[perfect_drone_full_node-2] Publish local map size: 21591
[perfect_drone_full_node-2] Publish local map size: 21491
[perfect_drone_full_node-2] Publish local map size: 21531
[perfect_drone_full_node-2] Publish local map size: 21659
[perfect_drone_full_node-2] Publish local map size: 21643
[perfect_drone_full_node-2] Publish local map size: 21564
[perfect_drone_full_node-2] Publish local map size: 21668
[perfect_drone_full_node-2] Publish local map size: 21676
[perfect_drone_full_node-2] [32m -- [Fsm 1.005] Current state: WAIT_GOAL[0m
[perfect_drone_full_node-2]  -- [Fsm] MAP_NOT_READY reason=scan_span accepted=10 committed=10 version=10 lag=0 span=0.889s cloud_age=0.032s committed_cloud_age=0.032s commit_age=0.015s in_progress=false
[perfect_drone_full_node-2] Publish local map size: 21652
[perfect_drone_full_node-2] Publish local map size: 21676
[perfect_drone_full_node-2]  -- [Fsm] MAP_READY accepted=12 committed=11 version=11 lag=1 span=1.089s cloud_age=0.002s committed_cloud_age=0.101s commit_age=0.084s in_progress=true
[perfect_drone_full_node-2] [32m -- [Fsm] Get goal at [0m24.525 20.025  1.525
[perfect_drone_full_node-2] [32m -- [Fsm] Receive click goal at: [24.525 20.025  1.525]; goal yaw: 0.000 deg[0m
[perfect_drone_full_node-2] [INFO] [1789007589.132876173] [fsm_node]:  -- [OPTIMIZER_PHASE_MEMORY] optimizer=exp event=begin call=1 rss_mib=3209.508 swap_mib=0.000 variables=13 pieces=4
[perfect_drone_full_node-2] [INFO] [1789007589.136189081] [fsm_node]:  -- [OPTIMIZER_PHASE_MEMORY] optimizer=exp event=end call=1 duration_ms=3.348 iterations=365 ret=1 rss_mib=3209.535 swap_mib=0.000 rss_delta_mib=0.027
[perfect_drone_full_node-2] [INFO] [1789007589.136257906] [fsm_node]:  -- [SUPER] in [PlanFromRest] GenerateExpTrajectory SUCCESS.
[perfect_drone_full_node-2] [INFO] [1789007589.165238581] [fsm_node]:  -- [OPTIMIZER_PHASE_MEMORY] optimizer=backup event=begin call=1 rss_mib=3209.672 swap_mib=0.000 variables=54 pieces=2
[perfect_drone_full_node-2] [INFO] [1789007589.166754601] [fsm_node]:  -- [OPTIMIZER_PHASE_MEMORY] optimizer=backup event=end call=1 duration_ms=1.566 iterations=40 ret=1 rss_mib=3209.688 swap_mib=0.000 rss_delta_mib=0.016
[perfect_drone_full_node-2] [INFO] [1789007589.167002670] [fsm_node]:  -- [OPTIMIZER_PHASE_MEMORY] optimizer=backup event=begin call=2 rss_mib=3209.699 swap_mib=0.000 variables=54 pieces=2
[perfect_drone_full_node-2] [INFO] [1789007589.169504975] [fsm_node]:  -- [OPTIMIZER_PHASE_MEMORY] optimizer=backup event=end call=2 duration_ms=2.499 iterations=103 ret=1 rss_mib=3209.895 swap_mib=0.000 rss_delta_mib=0.195
[perfect_drone_full_node-2] [INFO] [1789007589.169808076] [fsm_node]:  -- [TRAJ_GUARD_COMMIT] phase=PlanFromRest/with_backup gen=1 map=12 samples=217 range=[0.082,1.153] escape=false footprint_egress=false escape_done_tt=-1.000
[perfect_drone_full_node-2] [38;2;000;128;000m -- [Fsm]: [MainFsmCallback] change state from [WAIT_GOAL] to [GENERATE_TRAJ].
[perfect_drone_full_node-2] [0m -- [TRAJ_GUARD_CERT] trigger=poly_publish status=SAFE gen=1 map=12 map_age=0.076s map_age_limit=0.550s motion_speed=0.127mps samples=216 range=[0.082,1.153] collision_tt=-1.000 ttc=-1.000 p=[0.000,0.000,0.000]
[perfect_drone_full_node-2] [38;2;000;128;000m -- [Fsm]: [MainFsmCallback] change state from [GENERATE_TRAJ] to [FOLLOW_TRAJ].
[perfect_drone_full_node-2] [0mPublish local map size: 21491
[perfect_drone_full_node-2]  -- [TRAJ_GUARD_CERT] trigger=main_pre status=SAFE gen=1 map=13 map_age=0.003s map_age_limit=0.550s motion_speed=0.214mps samples=210 range=[0.110,1.153] collision_tt=-1.000 ttc=-1.000 p=[0.000,0.000,0.000]
[perfect_drone_full_node-2] Publish local map size: 33639
[perfect_drone_full_node-2] [INFO] [1789007589.287409573] [fsm_node]:  -- [OPTIMIZER_PHASE_MEMORY] optimizer=exp event=begin call=2 rss_mib=3213.691 swap_mib=0.000 variables=17 pieces=5
[perfect_drone_full_node-2] [INFO] [1789007589.291328171] [fsm_node]:  -- [OPTIMIZER_PHASE_MEMORY] optimizer=exp event=end call=2 duration_ms=3.977 iterations=393 ret=1 rss_mib=3213.691 swap_mib=0.000 rss_delta_mib=0.000
[perfect_drone_full_node-2] [INFO] [1789007589.336171627] [fsm_node]:  -- [OPTIMIZER_PHASE_MEMORY] optimizer=backup event=begin call=3 rss_mib=3213.727 swap_mib=0.000 variables=48 pieces=2
[perfect_drone_full_node-2] [INFO] [1789007589.354012937] [fsm_node]:  -- [OPTIMIZER_PHASE_MEMORY] optimizer=backup event=end call=3 duration_ms=17.866 iterations=876 ret=1 rss_mib=3213.758 swap_mib=0.000 rss_delta_mib=0.031
[perfect_drone_full_node-2] [INFO] [1789007589.354223068] [fsm_node]:  -- [OPTIMIZER_PHASE_MEMORY] optimizer=backup event=begin call=4 rss_mib=3213.758 swap_mib=0.000 variables=48 pieces=2
[perfect_drone_full_node-2] [INFO] [1789007589.359121861] [fsm_node]:  -- [OPTIMIZER_PHASE_MEMORY] optimizer=backup event=end call=4 duration_ms=4.892 iterations=277 ret=1 rss_mib=3213.766 swap_mib=0.000 rss_delta_mib=0.008
[perfect_drone_full_node-2] [WARN] [1789007589.359544210] [fsm_node]:  -- [TRAJ_GUARD_VIABILITY_SLOWDOWN] phase=ReplanOnce/with_backup gen=2 scale=1.250 retries=1
[perfect_drone_full_node-2] [INFO] [1789007589.359553847] [fsm_node]:  -- [TRAJ_GUARD_COMMIT] phase=ReplanOnce/with_backup gen=2 map=14 samples=239 range=[0.086,1.269] escape=false footprint_egress=false escape_done_tt=-1.000
[perfect_drone_full_node-2]  -- [TRAJ_GUARD_CERT] trigger=main_pre status=SAFE gen=1 map=14 map_age=0.003s map_age_limit=0.550s motion_speed=1.195mps samples=190 range=[0.210,1.153] collision_tt=-1.000 ttc=-1.000 p=[0.000,0.000,0.000]
[perfect_drone_full_node-2] [32m -- [Fsm] ReplanOnce succeed.[0m
[perfect_drone_full_node-2]  -- [TRAJ_GUARD_CERT] trigger=poly_publish status=SAFE gen=2 map=14 map_age=0.065s map_age_limit=0.550s motion_speed=2.221mps samples=238 range=[0.086,1.269] collision_tt=-1.000 ttc=-1.000 p=[0.000,0.000,0.000]
[perfect_drone_full_node-2]  -- [MARSIM] Running FPS: 148.622996051740955
[perfect_drone_full_node-2] Publish local map size: 28766
[perfect_drone_full_node-2] [INFO] [1789007589.377033823] [fsm_node]:  -- [OPTIMIZER_PHASE_MEMORY] optimizer=exp event=begin call=3 rss_mib=3213.840 swap_mib=0.000 variables=13 pieces=4
[perfect_drone_full_node-2] [INFO] [1789007589.381158808] [fsm_node]:  -- [OPTIMIZER_PHASE_MEMORY] optimizer=exp event=end call=3 duration_ms=4.166 iterations=454 ret=1 rss_mib=3213.891 swap_mib=0.000 rss_delta_mib=0.051
[perfect_drone_full_node-2] [INFO] [1789007589.463245126] [fsm_node]:  -- [OPTIMIZER_PHASE_MEMORY] optimizer=backup event=begin call=5 rss_mib=3214.273 swap_mib=0.000 variables=48 pieces=2
[perfect_drone_full_node-2] [INFO] [1789007589.471899917] [fsm_node]:  -- [OPTIMIZER_PHASE_MEMORY] optimizer=backup event=end call=5 duration_ms=8.689 iterations=491 ret=1 rss_mib=3214.309 swap_mib=0.000 rss_delta_mib=0.035
[perfect_drone_full_node-2] [INFO] [1789007589.472161923] [fsm_node]:  -- [OPTIMIZER_PHASE_MEMORY] optimizer=backup event=begin call=6 rss_mib=3214.320 swap_mib=0.000 variables=48 pieces=2
[perfect_drone_full_node-2]  -- [TRAJ_GUARD_CERT] trigger=main_pre status=SAFE gen=2 map=15 map_age=0.011s map_age_limit=0.550s motion_speed=1.965mps samples=229 range=[0.134,1.269] collision_tt=-1.000 ttc=-1.000 p=[0.000,0.000,0.000]
[perfect_drone_full_node-2] Publish local map size: 27377
[perfect_drone_full_node-2] [INFO] [1789007589.487837044] [fsm_node]:  -- [OPTIMIZER_PHASE_MEMORY] optimizer=backup event=end call=6 duration_ms=15.649 iterations=805 ret=1 rss_mib=3214.324 swap_mib=0.000 rss_delta_mib=0.004
[perfect_drone_full_node-2] [WARN] [1789007589.487904473] [fsm_node]:  -- [SUPER] in [ReplanOnce]: Replan overtime, check parameters, replan dt = 0.128194967.
[perfect_drone_full_node-2] [INFO] [1789007589.505246362] [fsm_node]:  -- [OPTIMIZER_PHASE_MEMORY] optimizer=exp event=begin call=4 rss_mib=3214.438 swap_mib=0.000 variables=13 pieces=4
[perfect_drone_full_node-2] [INFO] [1789007589.508353234] [fsm_node]:  -- [OPTIMIZER_PHASE_MEMORY] optimizer=exp event=end call=4 duration_ms=3.153 iterations=327 ret=1 rss_mib=3214.508 swap_mib=0.000 rss_delta_mib=0.070
[perfect_drone_full_node-2] [INFO] [1789007589.572421936] [fsm_node]:  -- [OPTIMIZER_PHASE_MEMORY] optimizer=backup event=begin call=7 rss_mib=3214.871 swap_mib=0.000 variables=52 pieces=2
[perfect_drone_full_node-2]  -- [TRAJ_GUARD_CERT] trigger=main_pre status=SAFE gen=2 map=16 map_age=0.007s map_age_limit=0.528s motion_speed=2.937mps samples=209 range=[0.234,1.269] collision_tt=-1.000 ttc=-1.000 p=[0.000,0.000,0.000]
[perfect_drone_full_node-2] Publish local map size: 26211
[perfect_drone_full_node-2] [INFO] [1789007589.576233305] [fsm_node]:  -- [OPTIMIZER_PHASE_MEMORY] optimizer=backup event=end call=7 duration_ms=3.837 iterations=277 ret=1 rss_mib=3214.902 swap_mib=0.000 rss_delta_mib=0.031
[perfect_drone_full_node-2] [INFO] [1789007589.576448419] [fsm_node]:  -- [OPTIMIZER_PHASE_MEMORY] optimizer=backup event=begin call=8 rss_mib=3214.914 swap_mib=0.000 variables=52 pieces=2
[perfect_drone_full_node-2] [INFO] [1789007589.582455701] [fsm_node]:  -- [OPTIMIZER_PHASE_MEMORY] optimizer=backup event=end call=8 duration_ms=5.999 iterations=416 ret=1 rss_mib=3214.914 swap_mib=0.000 rss_delta_mib=0.000
[perfect_drone_full_node-2] [WARN] [1789007589.582509744] [fsm_node]:  -- [SUPER] in [ReplanOnce]: Replan overtime, check parameters, replan dt = 0.094363241.
[perfect_drone_full_node-2] [INFO] [1789007589.600750606] [fsm_node]:  -- [OPTIMIZER_PHASE_MEMORY] optimizer=exp event=begin call=5 rss_mib=3214.914 swap_mib=0.000 variables=17 pieces=5
[perfect_drone_full_node-2] [INFO] [1789007589.612336437] [fsm_node]:  -- [OPTIMIZER_PHASE_MEMORY] optimizer=exp event=end call=5 duration_ms=11.619 iterations=934 ret=1 rss_mib=3214.914 swap_mib=0.000 rss_delta_mib=0.000
[perfect_drone_full_node-2]  -- [TRAJ_GUARD_CERT] trigger=main_pre status=SAFE gen=2 map=17 map_age=0.005s map_age_limit=0.500s motion_speed=3.873mps samples=189 range=[0.334,1.269] collision_tt=-1.000 ttc=-1.000 p=[0.000,0.000,0.000]
[perfect_drone_full_node-2] Publish local map size: 26212
[perfect_drone_full_node-2] [INFO] [1789007589.704123467] [fsm_node]:  -- [OPTIMIZER_PHASE_MEMORY] optimizer=backup event=begin call=9 rss_mib=3215.121 swap_mib=0.000 variables=40 pieces=2
[perfect_drone_full_node-2] [INFO] [1789007589.705808667] [fsm_node]:  -- [OPTIMIZER_PHASE_MEMORY] optimizer=backup event=end call=9 duration_ms=1.751 iterations=128 ret=1 rss_mib=3215.121 swap_mib=0.000 rss_delta_mib=0.000
[perfect_drone_full_node-2] [INFO] [1789007589.705976136] [fsm_node]:  -- [OPTIMIZER_PHASE_MEMORY] optimizer=backup event=begin call=10 rss_mib=3215.121 swap_mib=0.000 variables=40 pieces=2
[perfect_drone_full_node-2] [INFO] [1789007589.708807082] [fsm_node]:  -- [OPTIMIZER_PHASE_MEMORY] optimizer=backup event=end call=10 duration_ms=2.829 iterations=216 ret=1 rss_mib=3215.148 swap_mib=0.000 rss_delta_mib=0.027
[perfect_drone_full_node-2] [WARN] [1789007589.708853850] [fsm_node]:  -- [SUPER] in [ReplanOnce]: Replan overtime, check parameters, replan dt = 0.12619219.
[perfect_drone_full_node-2] [INFO] [1789007589.726233436] [fsm_node]:  -- [OPTIMIZER_PHASE_MEMORY] optimizer=exp event=begin call=6 rss_mib=3215.215 swap_mib=0.000 variables=13 pieces=4
[perfect_drone_full_node-2] [INFO] [1789007589.729205273] [fsm_node]:  -- [OPTIMIZER_PHASE_MEMORY] optimizer=exp event=end call=6 duration_ms=3.019 iterations=342 ret=1 rss_mib=3215.227 swap_mib=0.000 rss_delta_mib=0.012
[perfect_drone_full_node-2]  -- [TRAJ_GUARD_CERT] trigger=main_pre status=SAFE gen=2 map=18 map_age=0.007s map_age_limit=0.500s motion_speed=4.685mps samples=169 range=[0.434,1.269] collision_tt=-1.000 ttc=-1.000 p=[0.000,0.000,0.000]
[perfect_drone_full_node-2] Publish local map size: 29194
[perfect_drone_full_node-2] [INFO] [1789007589.835283194] [fsm_node]:  -- [OPTIMIZER_PHASE_MEMORY] optimizer=backup event=begin call=11 rss_mib=3215.441 swap_mib=0.000 variables=18 pieces=2
[perfect_drone_full_node-2] [INFO] [1789007589.836635470] [fsm_node]:  -- [OPTIMIZER_PHASE_MEMORY] optimizer=backup event=end call=11 duration_ms=1.408 iterations=295 ret=1 rss_mib=3215.441 swap_mib=0.000 rss_delta_mib=0.000
[perfect_drone_full_node-2] [INFO] [1789007589.836704525] [fsm_node]:  -- [OPTIMIZER_PHASE_MEMORY] optimizer=backup event=begin call=12 rss_mib=3215.453 swap_mib=0.000 variables=18 pieces=2
[perfect_drone_full_node-2] [INFO] [1789007589.839034002] [fsm_node]:  -- [OPTIMIZER_PHASE_MEMORY] optimizer=backup event=end call=12 duration_ms=2.330 iterations=451 ret=1 rss_mib=3215.453 swap_mib=0.000 rss_delta_mib=0.000
[perfect_drone_full_node-2] [WARN] [1789007589.839063654] [fsm_node]:  -- [SUPER] in [ReplanOnce]: Replan overtime, check parameters, replan dt = 0.130031984.
[perfect_drone_full_node-2] [INFO] [1789007589.855939612] [fsm_node]:  -- [OPTIMIZER_PHASE_MEMORY] optimizer=exp event=begin call=7 rss_mib=3215.484 swap_mib=0.000 variables=17 pieces=5
[perfect_drone_full_node-2] [INFO] [1789007589.857506019] [fsm_node]:  -- [OPTIMIZER_PHASE_MEMORY] optimizer=exp event=end call=7 duration_ms=1.611 iterations=148 ret=1 rss_mib=3215.543 swap_mib=0.000 rss_delta_mib=0.059
[perfect_drone_full_node-2]  -- [TRAJ_GUARD_CERT] trigger=main_pre status=SAFE gen=2 map=19 map_age=0.007s map_age_limit=0.500s motion_speed=5.252mps samples=149 range=[0.534,1.269] collision_tt=-1.000 ttc=-1.000 p=[0.000,0.000,0.000]
[perfect_drone_full_node-2] Publish local map size: 33090
[perfect_drone_full_node-2] [32m -- [Fsm 2.015] Current state: FOLLOW_TRAJ[0m
[perfect_drone_full_node-2]  -- [TRAJ_GUARD_CERT] trigger=main_pre status=SAFE gen=2 map=20 map_age=0.009s map_age_limit=0.500s motion_speed=5.529mps samples=129 range=[0.634,1.269] collision_tt=-1.000 ttc=-1.000 p=[0.000,0.000,0.000]
[perfect_drone_full_node-2] [32m -- [Fsm] Get goal at [0m24.525 20.025  1.525
[perfect_drone_full_node-2] [32m -- [Fsm] Receive click goal at: [24.525 20.025  1.525]; goal yaw: 0.000 deg[0m
[perfect_drone_full_node-2] [INFO] [1789007589.951802992] [fsm_node]:  -- [OPTIMIZER_PHASE_MEMORY] optimizer=backup event=begin call=13 rss_mib=3215.777 swap_mib=0.000 variables=22 pieces=2
[perfect_drone_full_node-2] [INFO] [1789007589.952664532] [fsm_node]:  -- [OPTIMIZER_PHASE_MEMORY] optimizer=backup event=end call=13 duration_ms=0.902 iterations=208 ret=1 rss_mib=3215.785 swap_mib=0.000 rss_delta_mib=0.008
[perfect_drone_full_node-2] [INFO] [1789007589.952739284] [fsm_node]:  -- [OPTIMIZER_PHASE_MEMORY] optimizer=backup event=begin call=14 rss_mib=3215.797 swap_mib=0.000 variables=22 pieces=2
[perfect_drone_full_node-2] [INFO] [1789007589.953179046] [fsm_node]:  -- [OPTIMIZER_PHASE_MEMORY] optimizer=backup event=end call=14 duration_ms=0.442 iterations=115 ret=1 rss_mib=3215.797 swap_mib=0.000 rss_delta_mib=0.000
[perfect_drone_full_node-2] [WARN] [1789007589.953207418] [fsm_node]:  -- [SUPER] in [ReplanOnce]: Replan overtime, check parameters, replan dt = 0.113954334.
[perfect_drone_full_node-2] [INFO] [1789007589.969070471] [fsm_node]:  -- [OPTIMIZER_PHASE_MEMORY] optimizer=exp event=begin call=8 rss_mib=3215.797 swap_mib=0.000 variables=17 pieces=5
[perfect_drone_full_node-2] [INFO] [1789007589.971550207] [fsm_node]:  -- [OPTIMIZER_PHASE_MEMORY] optimizer=exp event=end call=8 duration_ms=2.527 iterations=245 ret=1 rss_mib=3215.852 swap_mib=0.000 rss_delta_mib=0.055
[perfect_drone_full_node-2] Publish local map size: 36658
[perfect_drone_full_node-2] [INFO] [1789007590.053849907] [fsm_node]:  -- [OPTIMIZER_PHASE_MEMORY] optimizer=backup event=begin call=15 rss_mib=3215.945 swap_mib=0.000 variables=18 pieces=2
[perfect_drone_full_node-2] [INFO] [1789007590.058549981] [fsm_node]:  -- [OPTIMIZER_PHASE_MEMORY] optimizer=backup event=end call=15 duration_ms=4.723 iterations=801 ret=1 rss_mib=3215.980 swap_mib=0.000 rss_delta_mib=0.035
[perfect_drone_full_node-2] [INFO] [1789007590.058616213] [fsm_node]:  -- [OPTIMIZER_PHASE_MEMORY] optimizer=backup event=begin call=16 rss_mib=3215.992 swap_mib=0.000 variables=18 pieces=2
[perfect_drone_full_node-2] [INFO] [1789007590.065302329] [fsm_node]:  -- [OPTIMIZER_PHASE_MEMORY] optimizer=backup event=end call=16 duration_ms=6.683 iterations=1098 ret=1 rss_mib=3215.992 swap_mib=0.000 rss_delta_mib=0.000
[perfect_drone_full_node-2] [WARN] [1789007590.065334499] [fsm_node]:  -- [SUPER] in [ReplanOnce]: Replan overtime, check parameters, replan dt = 0.111893789.
[perfect_drone_full_node-2]  -- [TRAJ_GUARD_CERT] trigger=main_pre status=SAFE gen=2 map=21 map_age=0.011s map_age_limit=0.500s motion_speed=5.454mps samples=109 range=[0.734,1.269] collision_tt=-1.000 ttc=-1.000 p=[0.000,0.000,0.000]
[perfect_drone_full_node-2] Publish local map size: 37331
[perfect_drone_full_node-2] [INFO] [1789007590.081528351] [fsm_node]:  -- [OPTIMIZER_PHASE_MEMORY] optimizer=exp event=begin call=9 rss_mib=3216.012 swap_mib=0.000 variables=13 pieces=4
[perfect_drone_full_node-2] [INFO] [1789007590.083186802] [fsm_node]:  -- [OPTIMIZER_PHASE_MEMORY] optimizer=exp event=end call=9 duration_ms=1.724 iterations=199 ret=1 rss_mib=3216.012 swap_mib=0.000 rss_delta_mib=0.000
[perfect_drone_full_node-2] [INFO] [1789007590.174326851] [fsm_node]:  -- [OPTIMIZER_PHASE_MEMORY] optimizer=backup event=begin call=17 rss_mib=3216.016 swap_mib=0.000 variables=18 pieces=2
[perfect_drone_full_node-2]  -- [TRAJ_GUARD_CERT] trigger=main_pre status=SAFE gen=2 map=22 map_age=0.010s map_age_limit=0.500s motion_speed=4.484mps samples=89 range=[0.834,1.269] collision_tt=-1.000 ttc=-1.000 p=[0.000,0.000,0.000]
[perfect_drone_full_node-2] Publish local map size: 39373
[perfect_drone_full_node-2] [INFO] [1789007590.186330724] [fsm_node]:  -- [OPTIMIZER_PHASE_MEMORY] optimizer=backup event=end call=17 duration_ms=12.031 iterations=1603 ret=1 rss_mib=3216.086 swap_mib=0.000 rss_delta_mib=0.070
[perfect_drone_full_node-2] [INFO] [1789007590.186436014] [fsm_node]:  -- [OPTIMIZER_PHASE_MEMORY] optimizer=backup event=begin call=18 rss_mib=3216.086 swap_mib=0.000 variables=18 pieces=2
[perfect_drone_full_node-2] [INFO] [1789007590.190062083] [fsm_node]:  -- [OPTIMIZER_PHASE_MEMORY] optimizer=backup event=end call=18 duration_ms=3.620 iterations=611 ret=1 rss_mib=3216.086 swap_mib=0.000 rss_delta_mib=0.000
[perfect_drone_full_node-2] [WARN] [1789007590.190099979] [fsm_node]:  -- [SUPER] in [ReplanOnce]: Replan overtime, check parameters, replan dt = 0.12458945.
[perfect_drone_full_node-2] [INFO] [1789007590.209523857] [fsm_node]:  -- [OPTIMIZER_PHASE_MEMORY] optimizer=exp event=begin call=10 rss_mib=3216.145 swap_mib=0.000 variables=17 pieces=5
[perfect_drone_full_node-2] [INFO] [1789007590.219045843] [fsm_node]:  -- [OPTIMIZER_PHASE_MEMORY] optimizer=exp event=end call=10 duration_ms=9.565 iterations=796 ret=1 rss_mib=3216.195 swap_mib=0.000 rss_delta_mib=0.051
[perfect_drone_full_node-2]  -- [TRAJ_GUARD_CERT] trigger=main_pre status=SAFE gen=2 map=23 map_age=0.005s map_age_limit=0.513s motion_speed=3.240mps samples=69 range=[0.934,1.269] collision_tt=-1.000 ttc=-1.000 p=[0.000,0.000,0.000]
[perfect_drone_full_node-2] Publish local map size: 40714
[perfect_drone_full_node-2] [INFO] [1789007590.303458717] [fsm_node]:  -- [OPTIMIZER_PHASE_MEMORY] optimizer=backup event=begin call=19 rss_mib=3216.293 swap_mib=0.000 variables=18 pieces=2
[perfect_drone_full_node-2] [INFO] [1789007590.308762964] [fsm_node]:  -- [OPTIMIZER_PHASE_MEMORY] optimizer=backup event=end call=19 duration_ms=5.334 iterations=840 ret=1 rss_mib=3216.328 swap_mib=0.000 rss_delta_mib=0.035
[perfect_drone_full_node-2] [INFO] [1789007590.308836000] [fsm_node]:  -- [OPTIMIZER_PHASE_MEMORY] optimizer=backup event=begin call=20 rss_mib=3216.340 swap_mib=0.000 variables=18 pieces=2
[perfect_drone_full_node-2] [INFO] [1789007590.310666692] [fsm_node]:  -- [OPTIMIZER_PHASE_MEMORY] optimizer=backup event=end call=20 duration_ms=1.830 iterations=379 ret=1 rss_mib=3216.340 swap_mib=0.000 rss_delta_mib=0.000
[perfect_drone_full_node-2] [WARN] [1789007590.310695041] [fsm_node]:  -- [SUPER] in [ReplanOnce]: Replan overtime, check parameters, replan dt = 0.120416752.
[perfect_drone_full_node-2] [INFO] [1789007590.327170967] [fsm_node]:  -- [OPTIMIZER_PHASE_MEMORY] optimizer=exp event=begin call=11 rss_mib=3216.340 swap_mib=0.000 variables=13 pieces=4
[perfect_drone_full_node-2] [INFO] [1789007590.329066411] [fsm_node]:  -- [OPTIMIZER_PHASE_MEMORY] optimizer=exp event=end call=11 duration_ms=1.930 iterations=227 ret=1 rss_mib=3216.340 swap_mib=0.000 rss_delta_mib=0.000
[perfect_drone_full_node-2]  -- [TRAJ_GUARD_CERT] trigger=main_pre status=SAFE gen=2 map=24 map_age=0.003s map_age_limit=0.550s motion_speed=2.216mps samples=51 range=[1.024,1.269] collision_tt=-1.000 ttc=-1.000 p=[0.000,0.000,0.000]
[perfect_drone_full_node-2] Publish local map size: 42449
[perfect_drone_full_node-2] [INFO] [1789007590.409157191] [fsm_node]:  -- [OPTIMIZER_PHASE_MEMORY] optimizer=backup event=begin call=21 rss_mib=3216.504 swap_mib=0.000 variables=18 pieces=2
[perfect_drone_full_node-2] [INFO] [1789007590.417916503] [fsm_node]:  -- [OPTIMIZER_PHASE_MEMORY] optimizer=backup event=end call=21 duration_ms=8.788 iterations=1266 ret=1 rss_mib=3216.504 swap_mib=0.000 rss_delta_mib=0.000
[perfect_drone_full_node-2] [INFO] [1789007590.417992105] [fsm_node]:  -- [OPTIMIZER_PHASE_MEMORY] optimizer=backup event=begin call=22 rss_mib=3216.504 swap_mib=0.000 variables=18 pieces=2
[perfect_drone_full_node-2] [INFO] [1789007590.419288460] [fsm_node]:  -- [OPTIMIZER_PHASE_MEMORY] optimizer=backup event=end call=22 duration_ms=1.296 iterations=273 ret=1 rss_mib=3216.504 swap_mib=0.000 rss_delta_mib=0.000
[perfect_drone_full_node-2] [WARN] [1789007590.419295337] [fsm_node]:  -- [BackOpt] Opt failed, Omg or thr or Pos violation.
[perfect_drone_full_node-2] [WARN] [1789007590.419315724] [fsm_node]:  -- [SUPER] in [ReplanOnce]: Replan overtime, check parameters, replan dt = 0.108517192.
[perfect_drone_full_node-2]  -- [TRAJ_GUARD_CERT] trigger=main_pre status=SAFE gen=2 map=25 map_age=0.002s map_age_limit=0.550s motion_speed=0.966mps samples=31 range=[1.124,1.269] collision_tt=-1.000 ttc=-1.000 p=[0.000,0.000,0.000]
[perfect_drone_full_node-2] [33m -- [MINCO] TrajOpt failed, (unknown)[0m
[perfect_drone_full_node-2] [33m -- [SUPER] Minco backup_traj opt failed.[0m
[perfect_drone_full_node-2] [INFO] [1789007590.436435736] [fsm_node]:  -- [OPTIMIZER_PHASE_MEMORY] optimizer=exp event=begin call=12 rss_mib=3216.504 swap_mib=0.000 variables=17 pieces=5
[perfect_drone_full_node-2] [INFO] [1789007590.440250902] [fsm_node]:  -- [OPTIMIZER_PHASE_MEMORY] optimizer=exp event=end call=12 duration_ms=3.863 iterations=369 ret=1 rss_mib=3216.504 swap_mib=0.000 rss_delta_mib=0.000
[perfect_drone_full_node-2] Publish local map size: 39685
[perfect_drone_full_node-2] [INFO] [1789007590.517452591] [fsm_node]:  -- [OPTIMIZER_PHASE_MEMORY] optimizer=backup event=begin call=23 rss_mib=3216.520 swap_mib=0.000 variables=18 pieces=2
[perfect_drone_full_node-2] [INFO] [1789007590.519757842] [fsm_node]:  -- [OPTIMIZER_PHASE_MEMORY] optimizer=backup event=end call=23 duration_ms=2.354 iterations=467 ret=1 rss_mib=3216.520 swap_mib=0.000 rss_delta_mib=0.000
[perfect_drone_full_node-2] [INFO] [1789007590.519831063] [fsm_node]:  -- [OPTIMIZER_PHASE_MEMORY] optimizer=backup event=begin call=24 rss_mib=3216.520 swap_mib=0.000 variables=18 pieces=2
[perfect_drone_full_node-2] [INFO] [1789007590.526400217] [fsm_node]:  -- [OPTIMIZER_PHASE_MEMORY] optimizer=backup event=end call=24 duration_ms=6.559 iterations=937 ret=1 rss_mib=3216.520 swap_mib=0.000 rss_delta_mib=0.000
[perfect_drone_full_node-2] [WARN] [1789007590.526445216] [fsm_node]:  -- [SUPER] in [ReplanOnce]: Replan overtime, check parameters, replan dt = 0.106862691.
[perfect_drone_full_node-2] [INFO] [1789007590.532752953] [fsm_node]:  -- [TRAJ_GUARD_COMMIT] phase=ReplanOnce/no_backup gen=3 map=26 samples=61 range=[1.259,1.552] escape=false footprint_egress=false escape_done_tt=-1.000
[perfect_drone_full_node-2]  -- [TRAJ_GUARD_CERT] trigger=main_pre status=SAFE gen=2 map=26 map_age=0.004s map_age_limit=0.550s motion_speed=0.082mps samples=11 range=[1.224,1.269] collision_tt=-1.000 ttc=-1.000 p=[0.000,0.000,0.000]
[perfect_drone_full_node-2] [32m -- [Fsm] ReplanOnce succeed.[0m
[perfect_drone_full_node-2] [INFO] [1789007590.551181581] [fsm_node]:  -- [OPTIMIZER_PHASE_MEMORY] optimizer=exp event=begin call=13 rss_mib=3217.566 swap_mib=0.000 variables=17 pieces=5
[perfect_drone_full_node-2] [INFO] [1789007590.560335202] [fsm_node]:  -- [OPTIMIZER_PHASE_MEMORY] optimizer=exp event=end call=13 duration_ms=9.183 iterations=778 ret=1 rss_mib=3217.566 swap_mib=0.000 rss_delta_mib=0.000
[perfect_drone_full_node-2]  -- [TRAJ_GUARD_CERT] trigger=poly_publish status=SAFE gen=3 map=26 map_age=0.039s map_age_limit=0.550s motion_speed=0.002mps samples=60 range=[1.259,1.552] collision_tt=-1.000 ttc=-1.000 p=[0.000,0.000,0.000]
[perfect_drone_full_node-2] Publish local map size: 60846
[perfect_drone_full_node-2] [INFO] [1789007590.641943986] [fsm_node]:  -- [OPTIMIZER_PHASE_MEMORY] optimizer=backup event=begin call=25 rss_mib=3221.496 swap_mib=0.000 variables=22 pieces=2
[perfect_drone_full_node-2] [INFO] [1789007590.642670096] [fsm_node]:  -- [OPTIMIZER_PHASE_MEMORY] optimizer=backup event=end call=25 duration_ms=0.781 iterations=163 ret=1 rss_mib=3221.496 swap_mib=0.000 rss_delta_mib=0.000
[perfect_drone_full_node-2] [INFO] [1789007590.642773666] [fsm_node]:  -- [OPTIMIZER_PHASE_MEMORY] optimizer=backup event=begin call=26 rss_mib=3221.496 swap_mib=0.000 variables=22 pieces=2
[perfect_drone_full_node-2] [INFO] [1789007590.644259978] [fsm_node]:  -- [OPTIMIZER_PHASE_MEMORY] optimizer=backup event=end call=26 duration_ms=1.489 iterations=356 ret=1 rss_mib=3221.496 swap_mib=0.000 rss_delta_mib=0.000
[perfect_drone_full_node-2] [WARN] [1789007590.644288415] [fsm_node]:  -- [SUPER] in [ReplanOnce]: Replan overtime, check parameters, replan dt = 0.111331845.
[perfect_drone_full_node-2] [INFO] [1789007590.656960917] [fsm_node]:  -- [OPTIMIZER_PHASE_MEMORY] optimizer=exp event=begin call=14 rss_mib=3221.734 swap_mib=0.000 variables=17 pieces=5
[perfect_drone_full_node-2] [INFO] [1789007590.662251448] [fsm_node]:  -- [OPTIMIZER_PHASE_MEMORY] optimizer=exp event=end call=14 duration_ms=5.330 iterations=461 ret=1 rss_mib=3221.734 swap_mib=0.000 rss_delta_mib=0.000
[perfect_drone_full_node-2]  -- [TRAJ_GUARD_CERT] trigger=main_pre status=SAFE gen=3 map=27 map_age=0.009s map_age_limit=0.550s motion_speed=2.146mps samples=45 range=[1.334,1.552] collision_tt=-1.000 ttc=-1.000 p=[0.000,0.000,0.000]
[perfect_drone_full_node-2] Publish local map size: 59242
[perfect_drone_full_node-2] [INFO] [1789007590.741501120] [fsm_node]:  -- [OPTIMIZER_PHASE_MEMORY] optimizer=backup event=begin call=27 rss_mib=3222.301 swap_mib=0.000 variables=22 pieces=2
[perfect_drone_full_node-2] [INFO] [1789007590.743536240] [fsm_node]:  -- [OPTIMIZER_PHASE_MEMORY] optimizer=backup event=end call=27 duration_ms=2.089 iterations=500 ret=1 rss_mib=3222.301 swap_mib=0.000 rss_delta_mib=0.000
[perfect_drone_full_node-2] [INFO] [1789007590.743613202] [fsm_node]:  -- [OPTIMIZER_PHASE_MEMORY] optimizer=backup event=begin call=28 rss_mib=3222.301 swap_mib=0.000 variables=22 pieces=2
[perfect_drone_full_node-2] [INFO] [1789007590.744485371] [fsm_node]:  -- [OPTIMIZER_PHASE_MEMORY] optimizer=backup event=end call=28 duration_ms=0.874 iterations=206 ret=1 rss_mib=3222.301 swap_mib=0.000 rss_delta_mib=0.000
[perfect_drone_full_node-2] [WARN] [1789007590.744518099] [fsm_node]:  -- [SUPER] in [ReplanOnce]: Replan overtime, check parameters, replan dt = 0.100060238.
[perfect_drone_full_node-2] [INFO] [1789007590.745423895] [fsm_node]:  -- [TRAJ_GUARD_COMMIT] phase=ReplanOnce/no_backup gen=4 map=28 samples=19 range=[1.472,1.552] escape=false footprint_egress=false escape_done_tt=-1.000
[perfect_drone_full_node-2]  -- [TRAJ_GUARD_CERT] trigger=main_pre status=SAFE gen=3 map=28 map_age=0.010s map_age_limit=0.550s motion_speed=0.570mps samples=25 range=[1.434,1.552] collision_tt=-1.000 ttc=-1.000 p=[0.000,0.000,0.000]
[perfect_drone_full_node-2] [32m -- [Fsm] ReplanOnce succeed.[0m
[perfect_drone_full_node-2]  -- [TRAJ_GUARD_CERT] trigger=poly_publish status=SAFE gen=4 map=28 map_age=0.048s map_age_limit=0.550s motion_speed=0.217mps samples=18 range=[1.472,1.552] collision_tt=-1.000 ttc=-1.000 p=[0.000,0.000,0.000]
[perfect_drone_full_node-2] Publish local map size: 54282
[perfect_drone_full_node-2] [INFO] [1789007590.792170675] [fsm_node]:  -- [TRAJ_GUARD_COMMIT] phase=ReplanOnce/no_backup gen=5 map=28 samples=9 range=[1.519,1.552] escape=false footprint_egress=false escape_done_tt=-1.000
[perfect_drone_full_node-2] [32m -- [Fsm] ReplanOnce succeed.[0m
[perfect_drone_full_node-2]  -- [TRAJ_GUARD_CERT] trigger=poly_publish status=SAFE gen=5 map=28 map_age=0.095s map_age_limit=0.550s motion_speed=0.021mps samples=8 range=[1.519,1.552] collision_tt=-1.000 ttc=-1.000 p=[0.000,0.000,0.000]
[perfect_drone_full_node-2]  -- [TRAJ_GUARD_CERT] trigger=main_pre status=SAFE gen=5 map=29 map_age=0.004s map_age_limit=0.550s motion_speed=0.021mps samples=7 range=[1.524,1.552] collision_tt=-1.000 ttc=-1.000 p=[0.000,0.000,0.000]
[perfect_drone_full_node-2] [32m -- [Fsm] Traj finish.[0m
[perfect_drone_full_node-2] [WARN] [1789007590.837571654] [fsm_node]:  -- [TRAJ_GUARD_RECOVERY_EPISODE_RESET] reason=horizontal_progress progress=6.464m threshold=2.000m prior_local=0 prior_vertical=0 prior_base=0
[perfect_drone_full_node-2] [INFO] [1789007590.853408712] [fsm_node]:  -- [OPTIMIZER_PHASE_MEMORY] optimizer=exp event=begin call=15 rss_mib=3222.668 swap_mib=0.000 variables=13 pieces=4
[perfect_drone_full_node-2] [INFO] [1789007590.855756474] [fsm_node]:  -- [OPTIMIZER_PHASE_MEMORY] optimizer=exp event=end call=15 duration_ms=2.410 iterations=307 ret=1 rss_mib=3222.668 swap_mib=0.000 rss_delta_mib=0.000
[perfect_drone_full_node-2] [INFO] [1789007590.855799677] [fsm_node]:  -- [SUPER] in [PlanFromRest] GenerateExpTrajectory SUCCESS.
[perfect_drone_full_node-2] [38;2;000;128;000m -- [Fsm]: [PubCmdCallback] change state from [FOLLOW_TRAJ] to [GENERATE_TRAJ].
[perfect_drone_full_node-2] [0mPublish local map size: 53596
[perfect_drone_full_node-2] [INFO] [1789007590.926322422] [fsm_node]:  -- [OPTIMIZER_PHASE_MEMORY] optimizer=backup event=begin call=29 rss_mib=3222.918 swap_mib=0.000 variables=22 pieces=2
[perfect_drone_full_node-2] [INFO] [1789007590.933640282] [fsm_node]:  -- [OPTIMIZER_PHASE_MEMORY] optimizer=backup event=end call=29 duration_ms=7.356 iterations=1158 ret=1 rss_mib=3222.918 swap_mib=0.000 rss_delta_mib=0.000
[perfect_drone_full_node-2] [INFO] [1789007590.933717088] [fsm_node]:  -- [OPTIMIZER_PHASE_MEMORY] optimizer=backup event=begin call=30 rss_mib=3222.918 swap_mib=0.000 variables=22 pieces=2
[perfect_drone_full_node-2] [INFO] [1789007590.934174785] [fsm_node]:  -- [OPTIMIZER_PHASE_MEMORY] optimizer=backup event=end call=30 duration_ms=0.460 iterations=129 ret=1 rss_mib=3222.918 swap_mib=0.000 rss_delta_mib=0.000
[perfect_drone_full_node-2] [INFO] [1789007590.934476328] [fsm_node]:  -- [TRAJ_GUARD_COMMIT] phase=PlanFromRest/with_backup gen=6 map=29 samples=305 range=[0.097,1.610] escape=false footprint_egress=false escape_done_tt=-1.000
[perfect_drone_full_node-2]  -- [TRAJ_GUARD_CERT] trigger=poly_publish status=SAFE gen=6 map=29 map_age=0.141s map_age_limit=0.550s motion_speed=0.000mps samples=304 range=[0.097,1.610] collision_tt=-1.000 ttc=-1.000 p=[0.000,0.000,0.000]
[perfect_drone_full_node-2] [38;2;000;128;000m -- [Fsm]: [MainFsmCallback] change state from [GENERATE_TRAJ] to [FOLLOW_TRAJ].
[perfect_drone_full_node-2] [0m[32m -- [Fsm 3.062] Current state: FOLLOW_TRAJ[0m
[perfect_drone_full_node-2] [32m -- [Fsm] Get goal at [0m24.525 20.025  1.525
[perfect_drone_full_node-2] [32m -- [Fsm] Receive click goal at: [24.525 20.025  1.525]; goal yaw: 0.000 deg[0m
[perfect_drone_full_node-2] Publish local map size: 58783
[perfect_drone_full_node-2] [INFO] [1789007591.018098564] [fsm_node]:  -- [OPTIMIZER_PHASE_MEMORY] optimizer=exp event=begin call=16 rss_mib=3223.305 swap_mib=0.000 variables=17 pieces=5
[perfect_drone_full_node-2] [INFO] [1789007591.024476663] [fsm_node]:  -- [OPTIMIZER_PHASE_MEMORY] optimizer=exp event=end call=16 duration_ms=6.428 iterations=587 ret=1 rss_mib=3223.312 swap_mib=0.000 rss_delta_mib=0.008
[perfect_drone_full_node-2] Publish local map size: 62626
[perfect_drone_full_node-2] [INFO] [1789007591.102964305] [fsm_node]:  -- [OPTIMIZER_PHASE_MEMORY] optimizer=backup event=begin call=31 rss_mib=3224.000 swap_mib=0.000 variables=22 pieces=2
[perfect_drone_full_node-2] [INFO] [1789007591.110042435] [fsm_node]:  -- [OPTIMIZER_PHASE_MEMORY] optimizer=backup event=end call=31 duration_ms=7.120 iterations=1082 ret=1 rss_mib=3224.000 swap_mib=0.000 rss_delta_mib=0.000
[perfect_drone_full_node-2] [INFO] [1789007591.110150640] [fsm_node]:  -- [OPTIMIZER_PHASE_MEMORY] optimizer=backup event=begin call=32 rss_mib=3224.012 swap_mib=0.000 variables=22 pieces=2
[perfect_drone_full_node-2] [INFO] [1789007591.110749840] [fsm_node]:  -- [OPTIMIZER_PHASE_MEMORY] optimizer=backup event=end call=32 duration_ms=0.603 iterations=160 ret=1 rss_mib=3224.012 swap_mib=0.000 rss_delta_mib=0.000
[perfect_drone_full_node-2] [WARN] [1789007591.110778076] [fsm_node]:  -- [SUPER] in [ReplanOnce]: Replan overtime, check parameters, replan dt = 0.121172755.
[perfect_drone_full_node-2] [INFO] [1789007591.130264124] [fsm_node]:  -- [OPTIMIZER_PHASE_MEMORY] optimizer=exp event=begin call=17 rss_mib=3224.012 swap_mib=0.000 variables=13 pieces=4
[perfect_drone_full_node-2] [INFO] [1789007591.137304255] [fsm_node]:  -- [OPTIMIZER_PHASE_MEMORY] optimizer=exp event=end call=17 duration_ms=7.068 iterations=733 ret=1 rss_mib=3224.012 swap_mib=0.000 rss_delta_mib=0.000
[perfect_drone_full_node-2] Publish local map size: 59697
[perfect_drone_full_node-2] [INFO] [1789007591.217330021] [fsm_node]:  -- [OPTIMIZER_PHASE_MEMORY] optimizer=backup event=begin call=33 rss_mib=3224.055 swap_mib=0.000 variables=18 pieces=2
[perfect_drone_full_node-2] [INFO] [1789007591.228524477] [fsm_node]:  -- [OPTIMIZER_PHASE_MEMORY] optimizer=backup event=end call=33 duration_ms=11.220 iterations=1609 ret=1 rss_mib=3224.055 swap_mib=0.000 rss_delta_mib=0.000
[perfect_drone_full_node-2] [INFO] [1789007591.228608371] [fsm_node]:  -- [OPTIMIZER_PHASE_MEMORY] optimizer=backup event=begin call=34 rss_mib=3224.055 swap_mib=0.000 variables=18 pieces=2
[perfect_drone_full_node-2] [INFO] [1789007591.231934179] [fsm_node]:  -- [OPTIMIZER_PHASE_MEMORY] optimizer=backup event=end call=34 duration_ms=3.326 iterations=600 ret=1 rss_mib=3224.055 swap_mib=0.000 rss_delta_mib=0.000
[perfect_drone_full_node-2] [WARN] [1789007591.231967377] [fsm_node]:  -- [SUPER] in [ReplanOnce]: Replan overtime, check parameters, replan dt = 0.121062251.
[perfect_drone_full_node-2] Publish local map size: 62292
[perfect_drone_full_node-2] [INFO] [1789007591.297652027] [fsm_node]:  -- [TRAJ_GUARD_RECOVERY_SIGNAL] active=true
[perfect_drone_full_node-2] [ERROR] [1789007591.298929154] [fsm_node]:  -- [TRAJ_GUARD_BRAKE] trigger=main_pre_uncertified duration=0.827s speed0=5.911 initial_source=fresh_command cmd_age=0.010s cmd_pos_err=0.000 cmd_vel_err=inf motion_speed=inf motion_dt=infs motion_pose_speed=inf motion_twist_speed=5.911 motion_disagreement=inf motion_source=none motion_gen=6/0 motion_gen_continuous=false max_vel=6.656 vel_limit=7.000 max_acc=15.507 max_jerk=118.869 dynamics_ok=true path_status=SAFE map=29 map_age=0.505s raw_status=DISABLED raw_cloud=0 raw_age=0.000s ciri_shadow=DISABLED ciri_shadow_result=0 ciri_shadow_queued=0 ciri_shadow_age=infs stop=[26.921,10.303,1.054]
[perfect_drone_full_node-2]  -- [TRAJ_GUARD_CERT] trigger=main_pre status=MAP_STALE gen=6 map=29 map_age=0.504s map_age_limit=0.500s motion_speed=5.911mps samples=0 range=[0.000,0.000] collision_tt=-1.000 ttc=-1.000 p=[0.000,0.000,0.000]
[perfect_drone_full_node-2] [38;2;000;128;000m -- [Fsm]: [TrajectoryGuard] change state from [FOLLOW_TRAJ] to [EMER_STOP].
[perfect_drone_full_node-2] [0mPublish local map size: 59785
[perfect_drone_full_node-2] Publish local map size: 48505
[perfect_drone_full_node-2]  -- [MARSIM] Running FPS: 215.771599484953185
[perfect_drone_full_node-2] Publish local map size: 47974
[perfect_drone_full_node-2] Publish local map size: 47605
[perfect_drone_full_node-2] Publish local map size: 46906
[perfect_drone_full_node-2] Publish local map size: 46056
[perfect_drone_full_node-2] Publish local map size: 44749
[perfect_drone_full_node-2] Publish local map size: 42798
[perfect_drone_full_node-2] Publish local map size: 41956
[perfect_drone_full_node-2] Publish local map size: 41980
[perfect_drone_full_node-2] Publish local map size: 41953
[perfect_drone_full_node-2] [38;2;000;128;000m -- [Fsm]: [TrajectoryGuardRecovery] change state from [EMER_STOP] to [GENERATE_TRAJ].
[perfect_drone_full_node-2] [0m[32m -- [Fsm 4.525] Current state: GENERATE_TRAJ[0m
[perfect_drone_full_node-2] [32m -- [Fsm] Get goal at [0m24.525 20.025  1.525
[perfect_drone_full_node-2] [32m -- [Fsm] Receive click goal at: [24.525 20.025  1.525]; goal yaw: 0.000 deg[0m
[perfect_drone_full_node-2] [WARN] [1789007592.397709011] [fsm_node]:  -- [TRAJ_GUARD_RECOVERY_EPISODE_RESET] reason=horizontal_progress progress=4.126m threshold=2.000m prior_local=0 prior_vertical=0 prior_base=0
[perfect_drone_full_node-2] [INFO] [1789007592.424557113] [fsm_node]:  -- [OPTIMIZER_PHASE_MEMORY] optimizer=exp event=begin call=18 rss_mib=3224.414 swap_mib=0.000 variables=13 pieces=4
[perfect_drone_full_node-2] [INFO] [1789007592.426815567] [fsm_node]:  -- [OPTIMIZER_PHASE_MEMORY] optimizer=exp event=end call=18 duration_ms=2.323 iterations=270 ret=1 rss_mib=3224.414 swap_mib=0.000 rss_delta_mib=0.000
[perfect_drone_full_node-2] [INFO] [1789007592.426864996] [fsm_node]:  -- [SUPER] in [PlanFromRest] GenerateExpTrajectory SUCCESS.
[perfect_drone_full_node-2] Publish local map size: 41950
[perfect_drone_full_node-2] [INFO] [1789007592.505125480] [fsm_node]:  -- [OPTIMIZER_PHASE_MEMORY] optimizer=backup event=begin call=35 rss_mib=3225.113 swap_mib=0.000 variables=22 pieces=2
[perfect_drone_full_node-2] [INFO] [1789007592.507400822] [fsm_node]:  -- [OPTIMIZER_PHASE_MEMORY] optimizer=backup event=end call=35 duration_ms=2.324 iterations=476 ret=1 rss_mib=3225.113 swap_mib=0.000 rss_delta_mib=0.000
[perfect_drone_full_node-2] [INFO] [1789007592.507490829] [fsm_node]:  -- [OPTIMIZER_PHASE_MEMORY] optimizer=backup event=begin call=36 rss_mib=3225.113 swap_mib=0.000 variables=22 pieces=2
[perfect_drone_full_node-2] [INFO] [1789007592.509715706] [fsm_node]:  -- [OPTIMIZER_PHASE_MEMORY] optimizer=backup event=end call=36 duration_ms=2.223 iterations=438 ret=1 rss_mib=3225.113 swap_mib=0.000 rss_delta_mib=0.000
[perfect_drone_full_node-2] [INFO] [1789007592.510052098] [fsm_node]:  -- [TRAJ_GUARD_COMMIT] phase=PlanFromRest/with_backup gen=7 map=41 samples=287 range=[0.112,1.532] escape=false footprint_egress=false escape_done_tt=-1.000
[perfect_drone_full_node-2] [INFO] [1789007592.510202277] [fsm_node]:  -- [TRAJ_GUARD_RECOVERY_SIGNAL] active=false
[perfect_drone_full_node-2] [INFO] [1789007592.510208284] [fsm_node]:  -- [TRAJ_GUARD_RECOVERED] trigger=main_pre_uncertified gen=7 map=40
[perfect_drone_full_node-2]  -- [TRAJ_GUARD_CERT] trigger=poly_publish status=SAFE gen=7 map=41 map_age=0.017s map_age_limit=0.550s motion_speed=0.000mps samples=285 range=[0.112,1.532] collision_tt=-1.000 ttc=-1.000 p=[0.000,0.000,0.000]
[perfect_drone_full_node-2] [38;2;000;128;000m -- [Fsm]: [MainFsmCallback] change state from [GENERATE_TRAJ] to [FOLLOW_TRAJ].
[perfect_drone_full_node-2] [0mPublish local map size: 58027
[perfect_drone_full_node-2] [INFO] [1789007592.667964434] [fsm_node]:  -- [OPTIMIZER_PHASE_MEMORY] optimizer=exp event=begin call=19 rss_mib=3225.172 swap_mib=0.000 variables=17 pieces=5
[perfect_drone_full_node-2]  -- [TRAJ_GUARD_CERT] trigger=main_pre status=SAFE gen=7 map=42 map_age=0.007s map_age_limit=0.550s motion_speed=1.582mps samples=266 range=[0.210,1.532] collision_tt=-1.000 ttc=-1.000 p=[0.000,0.000,0.000]
[perfect_drone_full_node-2] Publish local map size: 57340
[perfect_drone_full_node-2] [INFO] [1789007592.683266056] [fsm_node]:  -- [OPTIMIZER_PHASE_MEMORY] optimizer=exp event=end call=19 duration_ms=15.325 iterations=1275 ret=1 rss_mib=3225.172 swap_mib=0.000 rss_delta_mib=0.000
[perfect_drone_full_node-2] [INFO] [1789007592.759735156] [fsm_node]:  -- [OPTIMIZER_PHASE_MEMORY] optimizer=backup event=begin call=37 rss_mib=3225.203 swap_mib=0.000 variables=22 pieces=2
[perfect_drone_full_node-2] [INFO] [1789007592.767530699] [fsm_node]:  -- [OPTIMIZER_PHASE_MEMORY] optimizer=backup event=end call=37 duration_ms=7.814 iterations=1096 ret=1 rss_mib=3225.203 swap_mib=0.000 rss_delta_mib=0.000
[perfect_drone_full_node-2] [INFO] [1789007592.767632296] [fsm_node]:  -- [OPTIMIZER_PHASE_MEMORY] optimizer=backup event=begin call=38 rss_mib=3225.203 swap_mib=0.000 variables=22 pieces=2
[perfect_drone_full_node-2] [INFO] [1789007592.768458139] [fsm_node]:  -- [OPTIMIZER_PHASE_MEMORY] optimizer=backup event=end call=38 duration_ms=0.826 iterations=203 ret=1 rss_mib=3225.203 swap_mib=0.000 rss_delta_mib=0.000
[perfect_drone_full_node-2] [WARN] [1789007592.768489435] [fsm_node]:  -- [SUPER] in [ReplanOnce]: Replan overtime, check parameters, replan dt = 0.128834631.
[perfect_drone_full_node-2]  -- [TRAJ_GUARD_CERT] trigger=main_pre status=SAFE gen=7 map=43 map_age=0.010s map_age_limit=0.500s motion_speed=3.509mps samples=246 range=[0.310,1.532] collision_tt=-1.000 ttc=-1.000 p=[0.000,0.000,0.000]
[perfect_drone_full_node-2] Publish local map size: 49426
[perfect_drone_full_node-2] [INFO] [1789007592.790424836] [fsm_node]:  -- [OPTIMIZER_PHASE_MEMORY] optimizer=exp event=begin call=20 rss_mib=3225.203 swap_mib=0.000 variables=17 pieces=5
[perfect_drone_full_node-2] [INFO] [1789007592.807037586] [fsm_node]:  -- [OPTIMIZER_PHASE_MEMORY] optimizer=exp event=end call=20 duration_ms=16.666 iterations=1242 ret=1 rss_mib=3225.203 swap_mib=0.000 rss_delta_mib=0.000
[perfect_drone_full_node-2]  -- [TRAJ_GUARD_CERT] trigger=main_pre status=SAFE gen=7 map=44 map_age=0.001s map_age_limit=0.500s motion_speed=5.090mps samples=228 range=[0.400,1.532] collision_tt=-1.000 ttc=-1.000 p=[0.000,0.000,0.000]
[perfect_drone_full_node-2] Publish local map size: 50256
[perfect_drone_full_node-2] [INFO] [1789007592.876943771] [perfect_tracking]: [SENSOR_CADENCE_SUMMARY] frames=50 span_s=4.890122 hz=10.020200 raw_published=0 direct_handoffs=44 payload_bytes=51612576 side_entry_v1_enabled=0 side_entry_v1_spawned=0 side_entry_v1_injected_frames=0
[perfect_drone_full_node-2] [INFO] [1789007592.877016170] [perfect_tracking]: [SENSOR_BURST_DROPOUT_SUMMARY] enabled=1 warmup_s=1.000000 period_s=2.000000 duration_s=0.500000 phase_s=1.800000 phase_env_override=1 rendered=50 delivered=44 dropped=6 bursts=2 max_consecutive_dropped=5 max_delivered_gap_s=0.602343 dropped_payload_bytes=11112000
[perfect_drone_full_node-2] Publish global map size: 114008
[perfect_drone_full_node-2] Publish global map size: 114008
[perfect_drone_full_node-2] Publish global map size: 114008
[perfect_drone_full_node-2] [INFO] [1789007592.894085361] [fsm_node]:  -- [OPTIMIZER_PHASE_MEMORY] optimizer=backup event=begin call=39 rss_mib=3262.379 swap_mib=0.000 variables=18 pieces=2
[perfect_drone_full_node-2] Publish global map size: 114008
[perfect_drone_full_node-2] Publish global map size: 114008
[perfect_drone_full_node-2] [INFO] [1789007592.898599855] [fsm_node]:  -- [OPTIMIZER_PHASE_MEMORY] optimizer=backup event=end call=39 duration_ms=4.551 iterations=660 ret=1 rss_mib=3265.859 swap_mib=0.000 rss_delta_mib=3.480
[perfect_drone_full_node-2] [INFO] [1789007592.898714320] [fsm_node]:  -- [OPTIMIZER_PHASE_MEMORY] optimizer=backup event=begin call=40 rss_mib=3265.863 swap_mib=0.000 variables=18 pieces=2
[perfect_drone_full_node-2] [INFO] [1789007592.900854857] [fsm_node]:  -- [OPTIMIZER_PHASE_MEMORY] optimizer=backup event=end call=40 duration_ms=2.135 iterations=405 ret=1 rss_mib=3269.473 swap_mib=0.000 rss_delta_mib=3.609
[perfect_drone_full_node-2] [WARN] [1789007592.900900782] [fsm_node]:  -- [SUPER] in [ReplanOnce]: Replan overtime, check parameters, replan dt = 0.132281872.
[perfect_drone_full_node-2] Publish global map size: 114008
[perfect_drone_full_node-2] Publish global map size: 114008
[perfect_drone_full_node-2] Publish global map size: 114008
[perfect_drone_full_node-2] Publish global map size: 114008
[perfect_drone_full_node-2] Publish global map size: 114008
[perfect_drone_full_node-2] [32m -- [Fsm] Get goal at [0m24.525000000000002 20.025000000000002  1.525000000000000
[perfect_drone_full_node-2] [32m -- [Fsm] Receive click goal at: [24.525000000000002 20.025000000000002  1.525000000000000]; goal yaw: 0.000000000000000 deg[0m
[perfect_drone_full_node-2] Publish global map size: 114008
[perfect_drone_full_node-2] Publish global map size: 114008
[perfect_drone_full_node-2] Publish global map size: 114008
[perfect_drone_full_node-2] Publish global map size: 114008
[perfect_drone_full_node-2] [INFO] [1789007592.927643983] [fsm_node]:  -- [OPTIMIZER_PHASE_MEMORY] optimizer=exp event=begin call=21 rss_mib=3295.629 swap_mib=0.000 variables=17 pieces=5
[perfect_drone_full_node-2] Publish global map size: 114008
[perfect_drone_full_node-2] [INFO] [1789007592.932874430] [fsm_node]:  -- [OPTIMIZER_PHASE_MEMORY] optimizer=exp event=end call=21 duration_ms=5.261 iterations=398 ret=1 rss_mib=3304.406 swap_mib=0.000 rss_delta_mib=8.777
[perfect_drone_full_node-2] Publish global map size: 114008
[perfect_drone_full_node-2] Publish global map size: 114008
[perfect_drone_full_node-2] Publish global map size: 114008
[perfect_drone_full_node-2] Publish global map size: 114008
[perfect_drone_full_node-2] Publish global map size: 114008
[perfect_drone_full_node-2] Publish global map size: 114008
[perfect_drone_full_node-2] Publish global map size: 114008
[perfect_drone_full_node-2] Publish global map size: 114008
[perfect_drone_full_node-2] Publish global map size: 114008
[perfect_drone_full_node-2] Publish global map size: 114008
[perfect_drone_full_node-2] Publish global map size: 114008
[perfect_drone_full_node-2] Publish global map size: 114008
[perfect_drone_full_node-2] Publish global map size: 114008
[perfect_drone_full_node-2] Publish global map size: 114008
[perfect_drone_full_node-2] Publish global map size: 114008
[perfect_drone_full_node-2] Publish global map size: 114008
[perfect_drone_full_node-2] Publish global map size: 114008
[perfect_drone_full_node-2] Publish global map size: 114008
[perfect_drone_full_node-2] Publish global map size: 114008
[perfect_drone_full_node-2] Publish local map size: 57149
[perfect_drone_full_node-2] [INFO] [1789007593.033516884] [fsm_node]:  -- [OPTIMIZER_PHASE_MEMORY] optimizer=backup event=begin call=41 rss_mib=3314.191 swap_mib=0.000 variables=36 pieces=2
[perfect_drone_full_node-2] [INFO] [1789007593.034595577] [fsm_node]:  -- [OPTIMIZER_PHASE_MEMORY] optimizer=backup event=end call=41 duration_ms=1.144 iterations=169 ret=1 rss_mib=3314.191 swap_mib=0.000 rss_delta_mib=0.000
[perfect_drone_full_node-2] [INFO] [1789007593.034752173] [fsm_node]:  -- [OPTIMIZER_PHASE_MEMORY] optimizer=backup event=begin call=42 rss_mib=3314.191 swap_mib=0.000 variables=36 pieces=2
[perfect_drone_full_node-2] [INFO] [1789007593.035252017] [fsm_node]:  -- [OPTIMIZER_PHASE_MEMORY] optimizer=backup event=end call=42 duration_ms=0.503 iterations=88 ret=1 rss_mib=3314.191 swap_mib=0.000 rss_delta_mib=0.000
[perfect_drone_full_node-2] [WARN] [1789007593.035284594] [fsm_node]:  -- [SUPER] in [ReplanOnce]: Replan overtime, check parameters, replan dt = 0.134138822.
[perfect_drone_full_node-2] [INFO] [1789007593.073112602] [fsm_node]:  -- [OPTIMIZER_PHASE_MEMORY] optimizer=exp event=begin call=22 rss_mib=3314.191 swap_mib=0.000 variables=17 pieces=5
[perfect_drone_full_node-2] Publish local map size: 58657
[perfect_drone_full_node-2] [INFO] [1789007593.086615018] [fsm_node]:  -- [OPTIMIZER_PHASE_MEMORY] optimizer=exp event=end call=22 duration_ms=13.514 iterations=928 ret=1 rss_mib=3314.191 swap_mib=0.000 rss_delta_mib=0.000
[perfect_drone_full_node-2] [INFO] [1789007593.173145023] [fsm_node]:  -- [OPTIMIZER_PHASE_MEMORY] optimizer=backup event=begin call=43 rss_mib=3314.191 swap_mib=0.000 variables=54 pieces=2
[perfect_drone_full_node-2] Publish local map size: 47361
[perfect_drone_full_node-2] [INFO] [1789007593.177369731] [fsm_node]:  -- [OPTIMIZER_PHASE_MEMORY] optimizer=backup event=end call=43 duration_ms=4.257 iterations=246 ret=1 rss_mib=3314.191 swap_mib=0.000 rss_delta_mib=0.000
[perfect_drone_full_node-2] [INFO] [1789007593.177553488] [fsm_node]:  -- [OPTIMIZER_PHASE_MEMORY] optimizer=backup event=begin call=44 rss_mib=3314.191 swap_mib=0.000 variables=54 pieces=2
[perfect_drone_full_node-2] [INFO] [1789007593.184703908] [fsm_node]:  -- [OPTIMIZER_PHASE_MEMORY] optimizer=backup event=end call=44 duration_ms=7.137 iterations=436 ret=1 rss_mib=3314.191 swap_mib=0.000 rss_delta_mib=0.000
[perfect_drone_full_node-2] [WARN] [1789007593.184758869] [fsm_node]:  -- [SUPER] in [ReplanOnce]: Replan overtime, check parameters, replan dt = 0.149310883.
[perfect_drone_full_node-2] Publish local map size: 64157
[perfect_drone_full_node-2] [INFO] [1789007593.297654224] [fsm_node]:  -- [TRAJ_GUARD_RECOVERY_SIGNAL] active=true
[perfect_drone_full_node-2] [ERROR] [1789007593.298535101] [fsm_node]:  -- [TRAJ_GUARD_BRAKE_REJECTED] trigger=main_pre_uncertified searched=[0.400,3.000]s speed0=6.958 initial_source=fresh_command cmd_age=0.010s cmd_pos_err=0.000 cmd_vel_err=inf motion_speed=inf motion_dt=infs motion_pose_speed=inf motion_twist_speed=6.958 motion_disagreement=inf motion_source=none motion_gen=7/6 motion_gen_continuous=false last_dynamics_ok=false max_vel=7.254 vel_limit=7.000 max_acc=0.000 max_jerk=0.000 last_path_status=UNOBSERVED last_map=44 map_age=0.502s raw_status=DISABLED raw_cloud=0 raw_age=0.000s ciri_shadow=DISABLED ciri_shadow_result=0 ciri_shadow_queued=0 ciri_shadow_age=infs; no brake command published
[perfect_drone_full_node-2] [ERROR] [1789007593.307675802] [fsm_node]:  -- [TRAJ_GUARD_BRAKE_REJECTED] trigger=emergency_stop_retry searched=[0.400,3.000]s speed0=0.000 initial_source=position_difference cmd_age=0.020s cmd_pos_err=0.000 cmd_vel_err=6.958 motion_speed=0.000 motion_dt=0.011s motion_pose_speed=0.000 motion_twist_speed=6.958 motion_disagreement=6.958 motion_source=position_difference motion_gen=7/7 motion_gen_continuous=true last_dynamics_ok=true max_vel=0.000 vel_limit=7.000 max_acc=0.000 max_jerk=0.000 last_path_status=UNOBSERVED last_map=44 map_age=0.511s raw_status=DISABLED raw_cloud=0 raw_age=infs ciri_shadow=DISABLED ciri_shadow_result=0 ciri_shadow_queued=0 ciri_shadow_age=infs; no brake command published
[perfect_drone_full_node-2]  -- [TRAJ_GUARD_CERT] trigger=main_pre status=MAP_STALE gen=7 map=44 map_age=0.501s map_age_limit=0.500s motion_speed=6.958mps samples=0 range=[0.000,0.000] collision_tt=-1.000 ttc=-1.000 p=[0.000,0.000,0.000]
[perfect_drone_full_node-2] [38;2;000;128;000m -- [Fsm]: [TrajectoryGuardFailClosed] change state from [FOLLOW_TRAJ] to [EMER_STOP].
[perfect_drone_full_node-2] [0mPublish local map size: 68373
[perfect_drone_full_node-2] [ERROR] [1789007593.407720848] [fsm_node]:  -- [TRAJ_GUARD_BRAKE_REJECTED] trigger=emergency_stop_retry searched=[0.400,3.000]s speed0=0.000 initial_source=position_difference cmd_age=0.120s cmd_pos_err=0.000 cmd_vel_err=6.958 motion_speed=0.000 motion_dt=0.099s motion_pose_speed=0.000 motion_twist_speed=6.958 motion_disagreement=6.958 motion_source=position_difference motion_gen=7/7 motion_gen_continuous=true last_dynamics_ok=true max_vel=0.000 vel_limit=7.000 max_acc=0.000 max_jerk=0.000 last_path_status=UNOBSERVED last_map=44 map_age=0.611s raw_status=DISABLED raw_cloud=0 raw_age=infs ciri_shadow=DISABLED ciri_shadow_result=0 ciri_shadow_queued=0 ciri_shadow_age=infs; no brake command published
[perfect_drone_full_node-2] Publish local map size: 68337
[perfect_drone_full_node-2] [ERROR] [1789007593.517689730] [fsm_node]:  -- [TRAJ_GUARD_BRAKE_REJECTED] trigger=emergency_stop_retry searched=[0.400,3.000]s speed0=0.000 initial_source=position_difference cmd_age=0.230s cmd_pos_err=0.000 cmd_vel_err=6.958 motion_speed=0.000 motion_dt=0.110s motion_pose_speed=0.000 motion_twist_speed=6.958 motion_disagreement=6.958 motion_source=position_difference motion_gen=7/7 motion_gen_continuous=true last_dynamics_ok=true max_vel=0.000 vel_limit=7.000 max_acc=0.000 max_jerk=0.000 last_path_status=UNOBSERVED last_map=46 map_age=0.015s raw_status=DISABLED raw_cloud=0 raw_age=infs ciri_shadow=DISABLED ciri_shadow_result=0 ciri_shadow_queued=0 ciri_shadow_age=infs; no brake command published
[perfect_drone_full_node-2]  -- [MARSIM] Running FPS: 191.577634154154055
[perfect_drone_full_node-2] Publish local map size: 68317
[perfect_drone_full_node-2] [WARN] [1789007593.617720833] [fsm_node]:  -- [TRAJ_GUARD_STATIONARY_HOLD] trigger=emergency_stop_retry stable_for=0.310s displacement=0.000m action=publish_certified_hold
[perfect_drone_full_node-2] [ERROR] [1789007593.617794590] [fsm_node]:  -- [TRAJ_GUARD_BRAKE] trigger=emergency_stop_retry duration=0.400s speed0=0.000 initial_source=position_difference cmd_age=0.330s cmd_pos_err=0.000 cmd_vel_err=6.958 motion_speed=0.000 motion_dt=0.101s motion_pose_speed=0.000 motion_twist_speed=6.958 motion_disagreement=6.958 motion_source=position_difference motion_gen=7/7 motion_gen_continuous=true max_vel=0.000 vel_limit=7.000 max_acc=0.000 max_jerk=0.000 dynamics_ok=true path_status=SAFE map=47 map_age=0.020s raw_status=DISABLED raw_cloud=0 raw_age=0.000s ciri_shadow=DISABLED ciri_shadow_result=0 ciri_shadow_queued=0 ciri_shadow_age=infs stop=[26.628,14.163,1.371]
[perfect_drone_full_node-2] [38;2;000;128;000m -- [Fsm]: [TrajectoryGuard] change state from [EMER_STOP] to [EMER_STOP].
[perfect_drone_full_node-2] [0m[38;2;000;128;000m -- [Fsm]: [TrajectoryGuardRecovery] change state from [EMER_STOP] to [GENERATE_TRAJ].
[perfect_drone_full_node-2] [0m[32m -- [Fsm 5.755] Current state: GENERATE_TRAJ[0m
[perfect_drone_full_node-2] [WARN] [1789007593.627658655] [fsm_node]:  -- [TRAJ_GUARD_RECOVERY_EPISODE_RESET] reason=horizontal_progress progress=3.871m threshold=2.000m prior_local=0 prior_vertical=0 prior_base=0
[perfect_drone_full_node-2] Publish local map size: 40963
[perfect_drone_full_node-2] [INFO] [1789007593.682599413] [fsm_node]:  -- [OPTIMIZER_PHASE_MEMORY] optimizer=exp event=begin call=23 rss_mib=3315.062 swap_mib=0.000 variables=13 pieces=4
[perfect_drone_full_node-2] [INFO] [1789007593.684648509] [fsm_node]:  -- [OPTIMIZER_PHASE_MEMORY] optimizer=exp event=end call=23 duration_ms=2.133 iterations=224 ret=1 rss_mib=3315.062 swap_mib=0.000 rss_delta_mib=0.000
[perfect_drone_full_node-2] [INFO] [1789007593.684699742] [fsm_node]:  -- [SUPER] in [PlanFromRest] GenerateExpTrajectory SUCCESS.
[perfect_drone_full_node-2] Publish local map size: 40948
[perfect_drone_full_node-2] [INFO] [1789007593.788214566] [fsm_node]:  -- [OPTIMIZER_PHASE_MEMORY] optimizer=backup event=begin call=45 rss_mib=3315.062 swap_mib=0.000 variables=72 pieces=2
[perfect_drone_full_node-2] [INFO] [1789007593.792292817] [fsm_node]:  -- [OPTIMIZER_PHASE_MEMORY] optimizer=backup event=end call=45 duration_ms=4.127 iterations=96 ret=1 rss_mib=3315.062 swap_mib=0.000 rss_delta_mib=0.000
[perfect_drone_full_node-2] [WARN] [1789007593.792305466] [fsm_node]:  -- [BackOpt] Opt failed, Omg or thr or Pos violation.
[perfect_drone_full_node-2] [33m -- [MINCO] TrajOpt failed, (unknown)[0m
[perfect_drone_full_node-2] [33m -- [SUPER] Minco backup_traj opt failed.[0m
[perfect_drone_full_node-2] [INFO] [1789007593.792701443] [fsm_node]:  -- [OPTIMIZER_PHASE_MEMORY] optimizer=backup event=begin call=46 rss_mib=3315.062 swap_mib=0.000 variables=72 pieces=2
[perfect_drone_full_node-2] [INFO] [1789007593.796200612] [fsm_node]:  -- [OPTIMIZER_PHASE_MEMORY] optimizer=backup event=end call=46 duration_ms=3.501 iterations=85 ret=1 rss_mib=3315.062 swap_mib=0.000 rss_delta_mib=0.000
[perfect_drone_full_node-2] [WARN] [1789007593.796207085] [fsm_node]:  -- [BackOpt] Opt failed, Omg or thr or Pos violation.
[perfect_drone_full_node-2] [WARN] [1789007593.796213988] [fsm_node]:  -- [SUPER] OptimizationBakTrajInPolytopes failed, force return
[perfect_drone_full_node-2] [WARN] [1789007593.796220645] [fsm_node]:  -- [SUPER] in [PlanFromRest] generateBackupTrajectory return [OPT_FAILED], force return
[perfect_drone_full_node-2] [33m -- [MINCO] TrajOpt failed, (unknown)[0m
[perfect_drone_full_node-2] [33m -- [SUPER] Minco backup_traj opt failed.[0m
[perfect_drone_full_node-2] [33m -- [Fsm] PlanFromRest failed, try replan.[0m
[perfect_drone_full_node-2] Publish local map size: 40965
[perfect_drone_full_node-2] Publish local map size: 40981
[perfect_drone_full_node-2] Publish local map size: 40968
[perfect_drone_full_node-2] [32m -- [Fsm] Get goal at [0m24.525000000000002 20.025000000000002  1.525000000000000
[perfect_drone_full_node-2] [32m -- [Fsm] Receive click goal at: [24.525000000000002 20.025000000000002  1.525000000000000]; goal yaw: 0.000000000000000 deg[0m
[perfect_drone_full_node-2] Publish local map size: 40984
[perfect_drone_full_node-2] [INFO] [1789007594.180902209] [fsm_node]:  -- [OPTIMIZER_PHASE_MEMORY] optimizer=exp event=begin call=24 rss_mib=3315.062 swap_mib=0.000 variables=13 pieces=4
[perfect_drone_full_node-2] [INFO] [1789007594.188749602] [fsm_node]:  -- [OPTIMIZER_PHASE_MEMORY] optimizer=exp event=end call=24 duration_ms=7.871 iterations=692 ret=1 rss_mib=3315.062 swap_mib=0.000 rss_delta_mib=0.000
[perfect_drone_full_node-2] [INFO] [1789007594.188817976] [fsm_node]:  -- [SUPER] in [PlanFromRest] GenerateExpTrajectory SUCCESS.
[perfect_drone_full_node-2] Publish local map size: 40977
[perfect_drone_full_node-2] [INFO] [1789007594.292303216] [fsm_node]:  -- [OPTIMIZER_PHASE_MEMORY] optimizer=backup event=begin call=47 rss_mib=3315.062 swap_mib=0.000 variables=66 pieces=2
[perfect_drone_full_node-2] [INFO] [1789007594.294674184] [fsm_node]:  -- [OPTIMIZER_PHASE_MEMORY] optimizer=backup event=end call=47 duration_ms=2.443 iterations=75 ret=1 rss_mib=3315.062 swap_mib=0.000 rss_delta_mib=0.000
[perfect_drone_full_node-2] [WARN] [1789007594.294682794] [fsm_node]:  -- [BackOpt] Opt failed, Omg or thr or Pos violation.
[perfect_drone_full_node-2] [33m -- [MINCO] TrajOpt failed, (unknown)[0m
[perfect_drone_full_node-2] [33m -- [SUPER] Minco backup_traj opt failed.[0m
[perfect_drone_full_node-2] [INFO] [1789007594.294929270] [fsm_node]:  -- [OPTIMIZER_PHASE_MEMORY] optimizer=backup event=begin call=48 rss_mib=3315.062 swap_mib=0.000 variables=66 pieces=2
[perfect_drone_full_node-2] [INFO] [1789007594.297198298] [fsm_node]:  -- [OPTIMIZER_PHASE_MEMORY] optimizer=backup event=end call=48 duration_ms=2.267 iterations=73 ret=1 rss_mib=3315.062 swap_mib=0.000 rss_delta_mib=0.000
[perfect_drone_full_node-2] [WARN] [1789007594.297209192] [fsm_node]:  -- [BackOpt] Opt failed, Omg or thr or Pos violation.
[perfect_drone_full_node-2] [WARN] [1789007594.297216738] [fsm_node]:  -- [SUPER] OptimizationBakTrajInPolytopes failed, force return
[perfect_drone_full_node-2] [WARN] [1789007594.297227571] [fsm_node]:  -- [SUPER] in [PlanFromRest] generateBackupTrajectory return [OPT_FAILED], force return
[perfect_drone_full_node-2] [33m -- [MINCO] TrajOpt failed, (unknown)[0m
[perfect_drone_full_node-2] [33m -- [SUPER] Minco backup_traj opt failed.[0m
[perfect_drone_full_node-2] [33m -- [Fsm] PlanFromRest failed, try replan.[0m
[perfect_drone_full_node-2] Publish local map size: 40965
[perfect_drone_full_node-2] Publish local map size: 40951
[perfect_drone_full_node-2] Publish local map size: 40961
[perfect_drone_full_node-2] [32m -- [Fsm 6.755] Current state: GENERATE_TRAJ[0m
[perfect_drone_full_node-2] Publish local map size: 40985
[perfect_drone_full_node-2] [INFO] [1789007594.677140147] [fsm_node]:  -- [OPTIMIZER_PHASE_MEMORY] optimizer=exp event=begin call=25 rss_mib=3315.062 swap_mib=0.000 variables=13 pieces=4
[perfect_drone_full_node-2] [INFO] [1789007594.679703011] [fsm_node]:  -- [OPTIMIZER_PHASE_MEMORY] optimizer=exp event=end call=25 duration_ms=2.614 iterations=282 ret=1 rss_mib=3315.062 swap_mib=0.000 rss_delta_mib=0.000
[perfect_drone_full_node-2] [INFO] [1789007594.679749675] [fsm_node]:  -- [SUPER] in [PlanFromRest] GenerateExpTrajectory SUCCESS.
[perfect_drone_full_node-2] Publish local map size: 40963
[perfect_drone_full_node-2] [INFO] [1789007594.783140364] [fsm_node]:  -- [OPTIMIZER_PHASE_MEMORY] optimizer=backup event=begin call=49 rss_mib=3315.062 swap_mib=0.000 variables=66 pieces=2
[perfect_drone_full_node-2] [INFO] [1789007594.786045299] [fsm_node]:  -- [OPTIMIZER_PHASE_MEMORY] optimizer=backup event=end call=49 duration_ms=2.958 iterations=87 ret=1 rss_mib=3315.062 swap_mib=0.000 rss_delta_mib=0.000
[perfect_drone_full_node-2] [WARN] [1789007594.786057998] [fsm_node]:  -- [BackOpt] Opt failed, Omg or thr or Pos violation.
[perfect_drone_full_node-2] [33m -- [MINCO] TrajOpt failed, (unknown)[0m
[perfect_drone_full_node-2] [33m -- [SUPER] Minco backup_traj opt failed.[0m
[perfect_drone_full_node-2] [INFO] [1789007594.786325865] [fsm_node]:  -- [OPTIMIZER_PHASE_MEMORY] optimizer=backup event=begin call=50 rss_mib=3315.062 swap_mib=0.000 variables=66 pieces=2
[perfect_drone_full_node-2] [INFO] [1789007594.788709322] [fsm_node]:  -- [OPTIMIZER_PHASE_MEMORY] optimizer=backup event=end call=50 duration_ms=2.379 iterations=75 ret=1 rss_mib=3315.062 swap_mib=0.000 rss_delta_mib=0.000
[perfect_drone_full_node-2] [WARN] [1789007594.788716016] [fsm_node]:  -- [BackOpt] Opt failed, Omg or thr or Pos violation.
[perfect_drone_full_node-2] [WARN] [1789007594.788722673] [fsm_node]:  -- [SUPER] OptimizationBakTrajInPolytopes failed, force return
[perfect_drone_full_node-2] [WARN] [1789007594.788730830] [fsm_node]:  -- [SUPER] in [PlanFromRest] generateBackupTrajectory return [OPT_FAILED], force return
[perfect_drone_full_node-2] [33m -- [MINCO] TrajOpt failed, (unknown)[0m
[perfect_drone_full_node-2] [33m -- [SUPER] Minco backup_traj opt failed.[0m
[perfect_drone_full_node-2] [33m -- [Fsm] PlanFromRest failed, try replan.[0m
[perfect_drone_full_node-2] Publish local map size: 40962
[perfect_drone_full_node-2] Publish local map size: 40939
[perfect_drone_full_node-2] Publish local map size: 40952
[perfect_drone_full_node-2] [32m -- [Fsm] Get goal at [0m24.525000000000002 20.025000000000002  1.525000000000000
[perfect_drone_full_node-2] [32m -- [Fsm] Receive click goal at: [24.525000000000002 20.025000000000002  1.525000000000000]; goal yaw: 0.000000000000000 deg[0m
[perfect_drone_full_node-2] Publish local map size: 40967
[perfect_drone_full_node-2] [INFO] [1789007595.178464217] [fsm_node]:  -- [OPTIMIZER_PHASE_MEMORY] optimizer=exp event=begin call=26 rss_mib=3315.062 swap_mib=0.000 variables=13 pieces=4
[perfect_drone_full_node-2] [INFO] [1789007595.179911048] [fsm_node]:  -- [OPTIMIZER_PHASE_MEMORY] optimizer=exp event=end call=26 duration_ms=1.504 iterations=168 ret=1 rss_mib=3315.062 swap_mib=0.000 rss_delta_mib=0.000
[perfect_drone_full_node-2] [INFO] [1789007595.179978137] [fsm_node]:  -- [SUPER] in [PlanFromRest] GenerateExpTrajectory SUCCESS.
[perfect_drone_full_node-2] Publish local map size: 40951
[perfect_drone_full_node-2] [INFO] [1789007595.276399958] [fsm_node]:  -- [OPTIMIZER_PHASE_MEMORY] optimizer=backup event=begin call=51 rss_mib=3315.062 swap_mib=0.000 variables=76 pieces=2
[perfect_drone_full_node-2] [INFO] [1789007595.310340443] [fsm_node]:  -- [OPTIMIZER_PHASE_MEMORY] optimizer=backup event=end call=51 duration_ms=33.944 iterations=612 ret=1 rss_mib=3315.062 swap_mib=0.000 rss_delta_mib=0.000
[perfect_drone_full_node-2] [INFO] [1789007595.310999369] [fsm_node]:  -- [OPTIMIZER_PHASE_MEMORY] optimizer=backup event=begin call=52 rss_mib=3315.062 swap_mib=0.000 variables=76 pieces=2
[perfect_drone_full_node-2] Publish local map size: 40953
[perfect_drone_full_node-2] [INFO] [1789007595.406789098] [fsm_node]:  -- [OPTIMIZER_PHASE_MEMORY] optimizer=backup event=end call=52 duration_ms=95.754 iterations=1589 ret=1 rss_mib=3315.062 swap_mib=0.000 rss_delta_mib=0.000
[perfect_drone_full_node-2] [33m Yaw rate too large, 5.270450975666598[0m
[perfect_drone_full_node-2] [INFO] [1789007595.407225558] [fsm_node]:  -- [TRAJ_GUARD_COMMIT] phase=PlanFromRest/with_backup gen=8 map=60 samples=254 range=[0.279,1.537] escape=false footprint_egress=false escape_done_tt=-1.000
[perfect_drone_full_node-2] [INFO] [1789007595.407389370] [fsm_node]:  -- [TRAJ_GUARD_RECOVERY_SIGNAL] active=false
[perfect_drone_full_node-2] [INFO] [1789007595.407397019] [fsm_node]:  -- [TRAJ_GUARD_RECOVERED] trigger=emergency_stop_retry gen=8 map=59
[perfect_drone_full_node-2]  -- [TRAJ_GUARD_CERT] trigger=poly_publish status=SAFE gen=8 map=60 map_age=0.013s map_age_limit=0.550s motion_speed=0.000mps samples=253 range=[0.279,1.537] collision_tt=-1.000 ttc=-1.000 p=[0.000,0.000,0.000]
[perfect_drone_full_node-2] [38;2;000;128;000m -- [Fsm]: [MainFsmCallback] change state from [GENERATE_TRAJ] to [FOLLOW_TRAJ].
[perfect_drone_full_node-2] [0mPublish local map size: 45794
[perfect_drone_full_node-2] [INFO] [1789007595.504544153] [fsm_node]:  -- [OPTIMIZER_PHASE_MEMORY] optimizer=exp event=begin call=27 rss_mib=3315.062 swap_mib=0.000 variables=13 pieces=4
[perfect_drone_full_node-2] [INFO] [1789007595.516569352] [fsm_node]:  -- [OPTIMIZER_PHASE_MEMORY] optimizer=exp event=end call=27 duration_ms=12.051 iterations=1060 ret=1 rss_mib=3315.062 swap_mib=0.000 rss_delta_mib=0.000
[perfect_drone_full_node-2]  -- [TRAJ_GUARD_CERT] trigger=main_pre status=SAFE gen=8 map=61 map_age=0.003s map_age_limit=0.500s motion_speed=4.803mps samples=233 range=[0.380,1.537] collision_tt=-1.000 ttc=-1.000 p=[0.000,0.000,0.000]
[perfect_drone_full_node-2] Publish local map size: 40612
[perfect_drone_full_node-2] [WARN] [1789007595.614089118] [fsm_node]:  -- [SUPER] in [ReplanOnce]: Replan overtime, check parameters, replan dt = 0.136297399.
[perfect_drone_full_node-2]  -- [TRAJ_GUARD_CERT] trigger=main_pre status=SAFE gen=8 map=62 map_age=0.005s map_age_limit=0.500s motion_speed=6.058mps samples=213 range=[0.480,1.537] collision_tt=-1.000 ttc=-1.000 p=[0.000,0.000,0.000]
[perfect_drone_full_node-2] [32m -- [Fsm 7.755] Current state: FOLLOW_TRAJ[0m
[perfect_drone_full_node-2] [INFO] [1789007595.634132917] [fsm_node]:  -- [OPTIMIZER_PHASE_MEMORY] optimizer=exp event=begin call=28 rss_mib=3315.062 swap_mib=0.000 variables=9 pieces=3
[perfect_drone_full_node-2] [INFO] [1789007595.652876652] [fsm_node]:  -- [OPTIMIZER_PHASE_MEMORY] optimizer=exp event=end call=28 duration_ms=18.743 iterations=1827 ret=1 rss_mib=3315.062 swap_mib=0.000 rss_delta_mib=0.000
[perfect_drone_full_node-2]  -- [MARSIM] Running FPS: 209.501025123432754
[perfect_drone_full_node-2] Publish local map size: 30805
[perfect_drone_full_node-2] [WARN] [1789007595.734119645] [fsm_node]:  -- [SUPER] in [ReplanOnce]: Replan overtime, check parameters, replan dt = 0.119857339.
[perfect_drone_full_node-2] [INFO] [1789007595.755038377] [fsm_node]:  -- [OPTIMIZER_PHASE_MEMORY] optimizer=exp event=begin call=29 rss_mib=3315.062 swap_mib=0.000 variables=9 pieces=3
[perfect_drone_full_node-2] [INFO] [1789007595.764821969] [fsm_node]:  -- [OPTIMIZER_PHASE_MEMORY] optimizer=exp event=end call=29 duration_ms=9.832 iterations=972 ret=1 rss_mib=3315.062 swap_mib=0.000 rss_delta_mib=0.000
[perfect_drone_full_node-2]  -- [TRAJ_GUARD_CERT] trigger=main_pre status=SAFE gen=8 map=63 map_age=0.003s map_age_limit=0.500s motion_speed=6.756mps samples=193 range=[0.580,1.537] collision_tt=-1.000 ttc=-1.000 p=[0.000,0.000,0.000]
[perfect_drone_full_node-2] Publish local map size: 24764
[perfect_drone_full_node-2] [WARN] [1789007595.833010840] [fsm_node]:  -- [SUPER] in [ReplanOnce]: Replan overtime, check parameters, replan dt = 0.098725924.
[perfect_drone_full_node-2] [INFO] [1789007595.847428554] [fsm_node]:  -- [OPTIMIZER_PHASE_MEMORY] optimizer=exp event=begin call=30 rss_mib=3315.062 swap_mib=0.000 variables=5 pieces=2
[perfect_drone_full_node-2] [INFO] [1789007595.847865157] [fsm_node]:  -- [OPTIMIZER_PHASE_MEMORY] optimizer=exp event=end call=30 duration_ms=0.511 iterations=63 ret=1 rss_mib=3315.062 swap_mib=0.000 rss_delta_mib=0.000
[perfect_drone_full_node-2]  -- [TRAJ_GUARD_CERT] trigger=main_pre status=SAFE gen=8 map=64 map_age=0.012s map_age_limit=0.500s motion_speed=6.987mps samples=171 range=[0.690,1.537] collision_tt=-1.000 ttc=-1.000 p=[0.000,0.000,0.000]
[perfect_drone_full_node-2] Publish local map size: 22735
[perfect_drone_full_node-2] [INFO] [1789007595.898594409] [fsm_node]:  -- [TRAJ_GUARD_COMMIT] phase=ReplanOnce/no_backup gen=9 map=64 samples=165 range=[0.065,0.878] escape=false footprint_egress=false escape_done_tt=-1.000
[perfect_drone_full_node-2] [32m -- [Fsm] ReplanOnce succeed.[0m
[perfect_drone_full_node-2] [INFO] [1789007595.910537842] [fsm_node]:  -- [OPTIMIZER_PHASE_MEMORY] optimizer=exp event=begin call=31 rss_mib=3315.062 swap_mib=0.000 variables=5 pieces=2
[perfect_drone_full_node-2] [INFO] [1789007595.910954819] [fsm_node]:  -- [OPTIMIZER_PHASE_MEMORY] optimizer=exp event=end call=31 duration_ms=0.497 iterations=56 ret=1 rss_mib=3315.062 swap_mib=0.000 rss_delta_mib=0.000
[perfect_drone_full_node-2]  -- [TRAJ_GUARD_CERT] trigger=poly_publish status=SAFE gen=9 map=64 map_age=0.093s map_age_limit=0.500s motion_speed=7.000mps samples=164 range=[0.065,0.878] collision_tt=-1.000 ttc=-1.000 p=[0.000,0.000,0.000]
[perfect_drone_full_node-2]  -- [TRAJ_GUARD_CERT] trigger=main_pre status=SAFE gen=9 map=65 map_age=0.009s map_age_limit=0.500s motion_speed=7.000mps samples=160 range=[0.084,0.878] collision_tt=-1.000 ttc=-1.000 p=[0.000,0.000,0.000]
[perfect_drone_full_node-2] [32m -- [Fsm] Get goal at [0m24.525000000000002 20.025000000000002  1.525000000000000
[perfect_drone_full_node-2] [32m -- [Fsm] Receive click goal at: [24.525000000000002 20.025000000000002  1.525000000000000]; goal yaw: 0.000000000000000 deg[0m
[perfect_drone_full_node-2] [INFO] [1789007595.952971882] [fsm_node]:  -- [TRAJ_GUARD_COMMIT] phase=ReplanOnce/no_backup gen=10 map=65 samples=154 range=[0.054,0.813] escape=false footprint_egress=false escape_done_tt=-1.000
[perfect_drone_full_node-2] [32m -- [Fsm] ReplanOnce succeed.[0m
[perfect_drone_full_node-2] [INFO] [1789007595.963817156] [fsm_node]:  -- [OPTIMIZER_PHASE_MEMORY] optimizer=exp event=begin call=32 rss_mib=3315.062 swap_mib=0.000 variables=5 pieces=2
[perfect_drone_full_node-2] [INFO] [1789007595.964437434] [fsm_node]:  -- [OPTIMIZER_PHASE_MEMORY] optimizer=exp event=end call=32 duration_ms=0.682 iterations=103 ret=1 rss_mib=3315.062 swap_mib=0.000 rss_delta_mib=0.000
[perfect_drone_full_node-2]  -- [TRAJ_GUARD_CERT] trigger=poly_publish status=SAFE gen=10 map=65 map_age=0.045s map_age_limit=0.500s motion_speed=6.993mps samples=153 range=[0.054,0.813] collision_tt=-1.000 ttc=-1.000 p=[0.000,0.000,0.000]
[perfect_drone_full_node-2] Publish local map size: 22310
[perfect_drone_full_node-2] [INFO] [1789007595.998443895] [fsm_node]:  -- [TRAJ_GUARD_COMMIT] phase=ReplanOnce/no_backup gen=11 map=65 samples=145 range=[0.045,0.755] escape=false footprint_egress=false escape_done_tt=-1.000
[perfect_drone_full_node-2] [32m -- [Fsm] ReplanOnce succeed.[0m
[perfect_drone_full_node-2] [INFO] [1789007596.017228462] [fsm_node]:  -- [OPTIMIZER_PHASE_MEMORY] optimizer=exp event=begin call=33 rss_mib=3315.062 swap_mib=0.000 variables=5 pieces=2
[perfect_drone_full_node-2] [INFO] [1789007596.017973269] [fsm_node]:  -- [OPTIMIZER_PHASE_MEMORY] optimizer=exp event=end call=33 duration_ms=0.812 iterations=112 ret=1 rss_mib=3315.062 swap_mib=0.000 rss_delta_mib=0.000
[perfect_drone_full_node-2] [INFO] [1789007596.042499627] [fsm_node]:  -- [TRAJ_GUARD_COMMIT] phase=ReplanOnce/no_backup gen=12 map=66 samples=136 range=[0.037,0.705] escape=false footprint_egress=false escape_done_tt=-1.000
[perfect_drone_full_node-2]  -- [TRAJ_GUARD_CERT] trigger=poly_publish status=SAFE gen=11 map=65 map_age=0.090s map_age_limit=0.500s motion_speed=6.918mps samples=144 range=[0.045,0.755] collision_tt=-1.000 ttc=-1.000 p=[0.000,0.000,0.000]
[perfect_drone_full_node-2]  -- [TRAJ_GUARD_CERT] trigger=main_pre status=SAFE gen=11 map=66 map_age=0.007s map_age_limit=0.500s motion_speed=6.888mps samples=140 range=[0.064,0.755] collision_tt=-1.000 ttc=-1.000 p=[0.000,0.000,0.000]
[perfect_drone_full_node-2] [32m -- [Fsm] ReplanOnce succeed.[0m
[perfect_drone_full_node-2]  -- [TRAJ_GUARD_CERT] trigger=poly_publish status=SAFE gen=12 map=66 map_age=0.032s map_age_limit=0.500s motion_speed=6.767mps samples=135 range=[0.037,0.705] collision_tt=-1.000 ttc=-1.000 p=[0.000,0.000,0.000]
[perfect_drone_full_node-2] Publish local map size: 24329
[perfect_drone_full_node-2] [INFO] [1789007596.078709623] [fsm_node]:  -- [OPTIMIZER_PHASE_MEMORY] optimizer=exp event=begin call=34 rss_mib=3315.062 swap_mib=0.000 variables=5 pieces=2
[perfect_drone_full_node-2] [INFO] [1789007596.078994112] [fsm_node]:  -- [OPTIMIZER_PHASE_MEMORY] optimizer=exp event=end call=34 duration_ms=0.355 iterations=31 ret=1 rss_mib=3315.062 swap_mib=0.000 rss_delta_mib=0.000
[perfect_drone_full_node-2] [INFO] [1789007596.097032285] [fsm_node]:  -- [TRAJ_GUARD_COMMIT] phase=ReplanOnce/no_backup gen=13 map=66 samples=128 range=[0.025,0.650] escape=false footprint_egress=false escape_done_tt=-1.000
[perfect_drone_full_node-2] [32m -- [Fsm] ReplanOnce succeed.[0m
[perfect_drone_full_node-2] [INFO] [1789007596.142518743] [fsm_node]:  -- [OPTIMIZER_PHASE_MEMORY] optimizer=exp event=begin call=35 rss_mib=3315.062 swap_mib=0.000 variables=5 pieces=2
[perfect_drone_full_node-2] [INFO] [1789007596.142977109] [fsm_node]:  -- [OPTIMIZER_PHASE_MEMORY] optimizer=exp event=end call=35 duration_ms=0.521 iterations=53 ret=1 rss_mib=3315.062 swap_mib=0.000 rss_delta_mib=0.000
[perfect_drone_full_node-2] [INFO] [1789007596.155085642] [fsm_node]:  -- [TRAJ_GUARD_COMMIT] phase=ReplanOnce/no_backup gen=14 map=67 samples=114 range=[0.017,0.576] escape=false footprint_egress=false escape_done_tt=-1.000
[perfect_drone_full_node-2]  -- [TRAJ_GUARD_CERT] trigger=poly_publish status=SAFE gen=13 map=66 map_age=0.087s map_age_limit=0.500s motion_speed=6.511mps samples=127 range=[0.025,0.650] collision_tt=-1.000 ttc=-1.000 p=[0.000,0.000,0.000]
[perfect_drone_full_node-2]  -- [TRAJ_GUARD_CERT] trigger=main_pre status=SAFE gen=13 map=67 map_age=0.006s map_age_limit=0.500s motion_speed=6.402mps samples=122 range=[0.046,0.650] collision_tt=-1.000 ttc=-1.000 p=[0.000,0.000,0.000]
[perfect_drone_full_node-2] [32m -- [Fsm] ReplanOnce succeed.[0m
[perfect_drone_full_node-2]  -- [TRAJ_GUARD_CERT] trigger=poly_publish status=SAFE gen=14 map=67 map_age=0.044s map_age_limit=0.500s motion_speed=6.191mps samples=113 range=[0.017,0.576] collision_tt=-1.000 ttc=-1.000 p=[0.000,0.000,0.000]
[perfect_drone_full_node-2] Publish local map size: 27798
[perfect_drone_full_node-2] [INFO] [1789007596.207519710] [fsm_node]:  -- [OPTIMIZER_PHASE_MEMORY] optimizer=exp event=begin call=36 rss_mib=3315.062 swap_mib=0.000 variables=1 pieces=1
[perfect_drone_full_node-2] [INFO] [1789007596.207708395] [fsm_node]:  -- [OPTIMIZER_PHASE_MEMORY] optimizer=exp event=end call=36 duration_ms=0.294 iterations=18 ret=1 rss_mib=3315.062 swap_mib=0.000 rss_delta_mib=0.000
[perfect_drone_full_node-2] [INFO] [1789007596.214439260] [fsm_node]:  -- [TRAJ_GUARD_COMMIT] phase=ReplanOnce/no_backup gen=15 map=68 samples=102 range=[0.011,0.510] escape=false footprint_egress=false escape_done_tt=-1.000
[perfect_drone_full_node-2] [32m -- [Fsm] ReplanOnce succeed.[0m
[perfect_drone_full_node-2]  -- [TRAJ_GUARD_CERT] trigger=poly_publish status=SAFE gen=15 map=68 map_age=0.006s map_age_limit=0.500s motion_speed=5.900mps samples=101 range=[0.011,0.510] collision_tt=-1.000 ttc=-1.000 p=[0.000,0.000,0.000]
[perfect_drone_full_node-2] Publish local map size: 26694
[perfect_drone_full_node-2] [INFO] [1789007596.278996827] [fsm_node]:  -- [TRAJ_GUARD_COMMIT] phase=ReplanOnce/no_backup gen=16 map=68 samples=89 range=[0.075,0.510] escape=false footprint_egress=false escape_done_tt=-1.000
[perfect_drone_full_node-2] [32m -- [Fsm] ReplanOnce succeed.[0m
[perfect_drone_full_node-2] [INFO] [1789007596.339059684] [fsm_node]:  -- [TRAJ_GUARD_COMMIT] phase=ReplanOnce/no_backup gen=17 map=69 samples=77 range=[0.135,0.510] escape=false footprint_egress=false escape_done_tt=-1.000
[perfect_drone_full_node-2]  -- [TRAJ_GUARD_CERT] trigger=poly_publish status=SAFE gen=16 map=68 map_age=0.071s map_age_limit=0.500s motion_speed=5.468mps samples=88 range=[0.075,0.510] collision_tt=-1.000 ttc=-1.000 p=[0.000,0.000,0.000]
[perfect_drone_full_node-2]  -- [TRAJ_GUARD_CERT] trigger=main_pre status=SAFE gen=16 map=69 map_age=0.007s map_age_limit=0.500s motion_speed=5.200mps samples=81 range=[0.114,0.510] collision_tt=-1.000 ttc=-1.000 p=[0.000,0.000,0.000]
[perfect_drone_full_node-2] [32m -- [Fsm] ReplanOnce succeed.[0m
[perfect_drone_full_node-2]  -- [TRAJ_GUARD_CERT] trigger=poly_publish status=SAFE gen=17 map=69 map_age=0.028s map_age_limit=0.500s motion_speed=4.866mps samples=76 range=[0.135,0.510] collision_tt=-1.000 ttc=-1.000 p=[0.000,0.000,0.000]
[perfect_drone_full_node-2] Publish local map size: 21640
[perfect_drone_full_node-2] [INFO] [1789007596.403289975] [fsm_node]:  -- [TRAJ_GUARD_COMMIT] phase=ReplanOnce/no_backup gen=18 map=69 samples=65 range=[0.199,0.510] escape=false footprint_egress=false escape_done_tt=-1.000
[perfect_drone_full_node-2] [32m -- [Fsm] ReplanOnce succeed.[0m
[perfect_drone_full_node-2] [INFO] [1789007596.468261830] [fsm_node]:  -- [TRAJ_GUARD_COMMIT] phase=ReplanOnce/no_backup gen=19 map=70 samples=52 range=[0.264,0.510] escape=false footprint_egress=false escape_done_tt=-1.000
[perfect_drone_full_node-2]  -- [TRAJ_GUARD_CERT] trigger=poly_publish status=SAFE gen=18 map=69 map_age=0.092s map_age_limit=0.500s motion_speed=3.986mps samples=63 range=[0.200,0.510] collision_tt=-1.000 ttc=-1.000 p=[0.000,0.000,0.000]
[perfect_drone_full_node-2]  -- [TRAJ_GUARD_CERT] trigger=main_pre status=SAFE gen=18 map=70 map_age=0.009s map_age_limit=0.500s motion_speed=3.814mps samples=61 range=[0.214,0.510] collision_tt=-1.000 ttc=-1.000 p=[0.000,0.000,0.000]
[perfect_drone_full_node-2] [32m -- [Fsm] ReplanOnce succeed.[0m
[perfect_drone_full_node-2]  -- [TRAJ_GUARD_CERT] trigger=poly_publish status=SAFE gen=19 map=70 map_age=0.060s map_age_limit=0.541s motion_speed=2.688mps samples=50 range=[0.265,0.510] collision_tt=-1.000 ttc=-1.000 p=[0.000,0.000,0.000]
[perfect_drone_full_node-2] Publish local map size: 22231
[perfect_drone_full_node-2] [INFO] [1789007596.534275410] [fsm_node]:  -- [TRAJ_GUARD_COMMIT] phase=ReplanOnce/no_backup gen=20 map=71 samples=38 range=[0.330,0.510] escape=false footprint_egress=false escape_done_tt=-1.000
[perfect_drone_full_node-2]  -- [TRAJ_GUARD_CERT] trigger=main_pre status=SAFE gen=19 map=71 map_age=0.003s map_age_limit=0.550s motion_speed=2.105mps samples=43 range=[0.304,0.510] collision_tt=-1.000 ttc=-1.000 p=[0.000,0.000,0.000]
[perfect_drone_full_node-2] [32m -- [Fsm] ReplanOnce succeed.[0m
[perfect_drone_full_node-2]  -- [TRAJ_GUARD_CERT] trigger=poly_publish status=SAFE gen=20 map=71 map_age=0.029s map_age_limit=0.550s motion_speed=1.547mps samples=37 range=[0.331,0.510] collision_tt=-1.000 ttc=-1.000 p=[0.000,0.000,0.000]
[perfect_drone_full_node-2] Publish local map size: 21049
