[INFO] [launch]: All log files can be found below /root/.ros/log/2026-09-10-17-34-21-739498-livox-1923571
[INFO] [launch]: Default logging verbosity is set to INFO
[INFO] [waypoint_mission-1]: process started with pid [1923572]
[INFO] [perfect_drone_frontend_node-2]: process started with pid [1923574]
[INFO] [fsm_node-3]: process started with pid [1923576]
[waypoint_mission-1] [WARN] [1789029261.823391486] [waypoint_mission]:  -- [MissionPlanner] Load config by file name: /root/super_ws/src/SUPER/mission_planner/config/waypoint.yaml
[waypoint_mission-1] [WARN] [1789029261.823467314] [waypoint_mission]:  -- [MissionPlanner] Load data by file name: /root/super_ws/src/SUPER/mission_planner/data/blind_heading_fork.txt
[fsm_node-3]  -- [Bench] Use sim time is false, begin replay.
[fsm_node-3] Load config file: /root/super_ws/src/SUPER/super_planner/config/static_seedmaps_guard_viability_tight_v7_frontend_risk_enforce.yaml
[fsm_node-3] [0;32m Load param fsm/timer_en success: [0;0m1
[fsm_node-3] [0;32m Load param super_planner/detailed_log_en success: [0;0m0
[fsm_node-3] [0;32m Load param super_planner/detailed_log_max_entries success: [0;0m64
[fsm_node-3] [0;32m Load param fsm/click_goal_en success: [0;0m1
[fsm_node-3] [0;32m Load param fsm/click_yaw_en success: [0;0m1
[fsm_node-3] [0;32m Load param fsm/replan_rate success: [0;0m15
[fsm_node-3] [0;32m Load param fsm/click_height success: [0;0m1.5
[fsm_node-3] [0;32m Load param fsm/cmd_topic success: [0;0m/planning/pos_cmd
[fsm_node-3] [0;32m Load param fsm/mpc_cmd_topic success: [0;0m/planning_cmd/poly_traj
[fsm_node-3] [0;32m Load param fsm/click_goal_topic success: [0;0m/planning/click_goal
[fsm_node-3] [0;32m Load param fsm/map_readiness/enable success: [0;0m1
[fsm_node-3] [0;32m Load param fsm/map_readiness/min_accepted_scans success: [0;0m5
[fsm_node-3] [0;32m Load param fsm/map_readiness/min_committed_scans success: [0;0m5
[fsm_node-3] [0;32m Load param fsm/map_readiness/max_commit_lag_scans success: [0;0m5
[fsm_node-3] [0;32m Load param fsm/map_readiness/min_scan_span_s success: [0;0m1
[fsm_node-3] [0;32m Load param fsm/map_readiness/max_cloud_age_s success: [0;0m0.75
[fsm_node-3] [0;32m Load param fsm/map_readiness/max_map_age_s success: [0;0m0.55
[fsm_node-3] [0;32m Load param fsm/trajectory_guard/enable success: [0;0m1
[fsm_node-3] [0;33m Load param fsm/trajectory_guard/same_map_replan_coalesce_enable failed, use default value: [0;0m0
[fsm_node-3] [0;33m Load param fsm/trajectory_guard/same_map_replan_min_interval_s failed, use default value: [0;0m0
[fsm_node-3] [0;32m Load param fsm/trajectory_guard/shadow success: [0;0m0
[fsm_node-3] [0;32m Load param fsm/trajectory_guard/max_map_age_s success: [0;0m0.75
[fsm_node-3] [0;32m Load param fsm/trajectory_guard/brake_trigger_map_age_s success: [0;0m0.55
[fsm_node-3] [0;32m Load param fsm/trajectory_guard/brake_trigger_high_speed_map_age_s success: [0;0m0.5
[fsm_node-3] [0;32m Load param fsm/trajectory_guard/brake_trigger_low_speed_mps success: [0;0m2.5
[fsm_node-3] [0;32m Load param fsm/trajectory_guard/brake_trigger_high_speed_mps success: [0;0m3.5
[fsm_node-3] [0;32m Load param fsm/trajectory_guard/full_refresh_ack_sla_s success: [0;0m0.75
[fsm_node-3] [0;32m Load param fsm/trajectory_guard/raw_cloud/enable success: [0;0m0
[fsm_node-3] [0;32m Load param fsm/trajectory_guard/raw_cloud/source_topic success: [0;0m/cloud_guard_witness
[fsm_node-3] [0;32m Load param fsm/trajectory_guard/raw_cloud/max_age_s success: [0;0m0.75
[perfect_drone_frontend_node-2] [INFO] [1789029261.913629971] [native_sector_cpp]: adaptive mode, half-angle 45.0 deg, input /cloud_registered, publish cap 5.00 Hz, commit refresh 0.120 s, full-open extra budget 6000, guard witness disabled radius 0.00 m, direct input enabled, risk verdict /planning/trajectory_risk_verdict, body tier 0.200 m/0.150 s
[fsm_node-3] [0;32m Load param fsm/trajectory_guard/raw_cloud/clearance_m success: [0;0m0.3
[perfect_drone_frontend_node-2] [WARN] [1789029261.915947115] [perfect_tracking]:  -- [MissionPlanner] Load config by file name: /root/super_ws/src/SUPER/mars_uav_sim/perfect_drone_sim/config/shc4_deep_mirror_hazard.yaml
[fsm_node-3] [0;32m Load param fsm/trajectory_guard/validation_sample_dt_s success: [0;0m0.005
[fsm_node-3] [0;32m Load param fsm/trajectory_guard/shadow_min_interval_s success: [0;0m0
[fsm_node-3] [0;32m Load param fsm/trajectory_guard/additional_clearance_m success: [0;0m0
[fsm_node-3] [0;33m Load param fsm/trajectory_guard/brake_min_duration_s failed, use default value: [0;0m0.4
[fsm_node-3] [0;32m Load param fsm/trajectory_guard/brake_max_duration_s success: [0;0m3
[fsm_node-3] [0;32m Load param fsm/trajectory_guard/brake_max_acc_mps2 success: [0;0m20
[fsm_node-3] [0;32m Load param fsm/trajectory_guard/brake_max_jerk_mps3 success: [0;0m120
[fsm_node-3] [0;32m Load param fsm/trajectory_guard/brake_command_max_age_s success: [0;0m0.1
[fsm_node-3] [0;32m Load param fsm/trajectory_guard/brake_command_max_position_error_m success: [0;0m0.5
[fsm_node-3] [0;32m Load param fsm/trajectory_guard/brake_command_max_velocity_error_mps success: [0;0m2
[fsm_node-3] [0;32m Load param fsm/trajectory_guard/brake_retry_interval_s success: [0;0m0.1
[fsm_node-3] [0;32m Load param fsm/trajectory_guard/unknown_as_occupied success: [0;0m1
[fsm_node-3] [0;33m Load param fsm/trajectory_guard/raw_cloud/ciri_shadow_en failed, use default value: [0;0m0
[fsm_node-3] [0;32m Load param fsm/trajectory_guard/raw_cloud/accum_window_s success: [0;0m1.5
[fsm_node-3] [0;33m Load param fsm/trajectory_guard/raw_cloud/ciri_min_points failed, use default value: [0;0m200
[fsm_node-3] [0;33m Load param fsm/trajectory_guard/raw_cloud/ciri_voxel_m failed, use default value: [0;0m0.1
[fsm_node-3] [0;32m Load param fsm/trajectory_guard/raw_cloud/near_field_shadow_en success: [0;0m0
[fsm_node-3] [0;32m Load param fsm/trajectory_guard/raw_cloud/near_field_clearance_m success: [0;0m0.2
[fsm_node-3] [0;32m Load param fsm/trajectory_guard/raw_cloud/near_field_horizon_s success: [0;0m1
[fsm_node-3] [0;32m Load param fsm/trajectory_guard/raw_cloud/near_field_sample_dt_s success: [0;0m0.01
[fsm_node-3] [0;32m Load param fsm/trajectory_guard/raw_cloud/near_field_min_interval_s success: [0;0m0.1
[fsm_node-3] [0;32m Load param fsm/trajectory_guard/raw_cloud/near_field_min_points success: [0;0m200
[fsm_node-3] [0;32m Load param fsm/trajectory_guard/raw_cloud/near_field_voxel_m success: [0;0m0
[fsm_node-3] [0;32m Load param fsm/trajectory_guard/raw_cloud/near_field_test_replay_mode success: [0;0m0
[fsm_node-3] [0;32m Load param fsm/trajectory_guard/raw_cloud/near_field_enforce_en success: [0;0m0
[fsm_node-3] [0;32m Load param fsm/trajectory_guard/raw_cloud/near_field_result_max_age_s success: [0;0m0.2
[fsm_node-3] [0;32m Load param fsm/trajectory_guard/raw_cloud/near_field_max_sequence_lag success: [0;0m1
[fsm_node-3] [0;32m Load param fsm/trajectory_guard/raw_cloud/near_field_egress_tolerance_m success: [0;0m0.005
[fsm_node-3] [0;32m Load param fsm/trajectory_guard/raw_cloud/near_field_egress_min_progress_m success: [0;0m0.02
[fsm_node-3] [0;32m Load param fsm/trajectory_guard/frontend_risk/shadow_en success: [0;0m1
[fsm_node-3] [0;32m Load param fsm/trajectory_guard/frontend_risk/enforce_en success: [0;0m1
[fsm_node-3] [0;32m Load param fsm/trajectory_guard/frontend_risk/topic success: [0;0m/planning/trajectory_risk_verdict
[fsm_node-3] [0;32m Load param fsm/trajectory_guard/frontend_risk/result_max_age_s success: [0;0m0.2
[fsm_node-3] [0;32m Load param fsm/trajectory_guard/frontend_risk/source_max_age_s success: [0;0m0.75
[fsm_node-3] [0;32m Load param fsm/trajectory_guard/frontend_risk/current_body_enforce_en success: [0;0m1
[fsm_node-3] [0;32m Load param fsm/trajectory_guard/frontend_risk/current_body_result_max_age_s success: [0;0m0.15
[fsm_node-3] [0;32m Load param fsm/trajectory_guard/frontend_risk/current_body_source_max_age_s success: [0;0m0.2
[fsm_node-3] [0;32m Load param super_planner/yaw_dot_max success: [0;0m3
[fsm_node-3] [0;32m Load param super_planner/visualization_en success: [0;0m0
[fsm_node-3] [0;32m Load param rog_map/resolution success: [0;0m0.05
[fsm_node-3] Load config file: /root/super_ws/src/SUPER/super_planner/config/static_seedmaps_guard_viability_tight_v7_frontend_risk_enforce.yaml
[fsm_node-3] [0;32m Load param rog_map/esdf/resolution success: [0;0m0.1
[fsm_node-3] [0;32m Load param rog_map/esdf/enable success: [0;0m0
[fsm_node-3] [0;32m Load param rog_map/esdf/local_update_box success: [0;0m[5 5 3 ]
[fsm_node-3] [0;32m Load param rog_map/load_pcd_en success: [0;0m0
[fsm_node-3] [0;32m Load param rog_map/map_sliding/enable success: [0;0m0
[fsm_node-3] [0;32m Load param rog_map/map_sliding/threshold success: [0;0m3
[fsm_node-3] [0;32m Load param rog_map/fix_map_origin success: [0;0m[0 0 1.5 ]
[fsm_node-3] [0;32m Load param rog_map/frontier_extraction_en success: [0;0m0
[fsm_node-3] [0;32m Load param rog_map/ros_callback/enable success: [0;0m1
[fsm_node-3] [0;32m Load param rog_map/ros_callback/cloud_topic success: [0;0m/cloud_sector
[fsm_node-3] [0;32m Load param rog_map/ros_callback/cloud_reliable success: [0;0m1
[fsm_node-3] [0;32m Load param rog_map/ros_callback/odom_topic success: [0;0m/lidar_slam/odom
[fsm_node-3] [0;32m Load param rog_map/ros_callback/odom_timeout success: [0;0m2
[fsm_node-3] [0;32m Load param rog_map/visualization/enable success: [0;0m0
[fsm_node-3] [0;32m Load param rog_map/visualization/use_dynamic_reconfigure success: [0;0m0
[fsm_node-3] [0;32m Load param rog_map/visualization/pub_unknown_map_en success: [0;0m0
[fsm_node-3] [0;32m Load param rog_map/visualization/frame_id success: [0;0mworld
[fsm_node-3] [0;32m Load param rog_map/visualization/time_rate success: [0;0m2
[fsm_node-3] [0;32m Load param rog_map/visualization/frame_rate success: [0;0m0
[fsm_node-3] [0;32m Load param rog_map/visualization/range success: [0;0m[15 15 4 ]
[fsm_node-3] [0;32m Load param rog_map/resolution success: [0;0m0.05
[fsm_node-3] [0;32m Load param rog_map/inflation_resolution success: [0;0m0.1
[fsm_node-3] [0;32m Load param rog_map/unk_inflation_en success: [0;0m0
[fsm_node-3] [0;32m Load param rog_map/unk_inflation_step success: [0;0m1
[fsm_node-3] [0;32m Load param rog_map/inflation_step success: [0;0m3
[fsm_node-3] [0;32m Load param rog_map/intensity_thresh success: [0;0m-10
[fsm_node-3] [0;32m Load param rog_map/map_size success: [0;0m[70 70 6 ]
[fsm_node-3] [0;32m Load param rog_map/point_filt_num success: [0;0m1
[fsm_node-3] [0;32m Load param rog_map/raycasting/enable success: [0;0m0
[fsm_node-3] [0;32m Load param rog_map/raycasting/batch_update_size success: [0;0m1
[fsm_node-3] [0;32m Load param rog_map/raycasting/unk_thresh success: [0;0m1
[fsm_node-3] [0;32m Load param rog_map/raycasting/p_hit success: [0;0m0.9
[fsm_node-3] [0;32m Load param rog_map/raycasting/p_miss success: [0;0m0.49
[fsm_node-3] [0;32m Load param rog_map/raycasting/p_min success: [0;0m0.12
[fsm_node-3] [0;32m Load param rog_map/raycasting/p_max success: [0;0m0.98
[fsm_node-3] [0;32m Load param rog_map/raycasting/p_occ success: [0;0m0.85
[fsm_node-3] [0;32m Load param rog_map/raycasting/p_free success: [0;0m0.499
[fsm_node-3] [0;32m Load param rog_map/raycasting/p_free success: [0;0m0.499
[fsm_node-3] [0;32m Load param rog_map/raycasting/ray_range success: [0;0m[0.5 100 ]
[fsm_node-3] [0;33m Load param rog_map/raycasting/observed_mark_range_max failed, use default value: [0;0m10
[fsm_node-3] [0;32m Load param rog_map/raycasting/local_update_box success: [0;0m[100 100 5 ]
[fsm_node-3] [0;32m Load param rog_map/virtual_ground_height success: [0;0m-0.1
[fsm_node-3] [0;32m Load param rog_map/virtual_ceil_height success: [0;0m3.5
[fsm_node-3] [32m -- [RM-Config] inflation_resolution: 0.1[0m
[fsm_node-3]  -- [ROG-Map] Init, resetMapSize: ORIGIN_AT_CORNER.
[fsm_node-3]  -- [ROG-Map] Init, resetMapSize: virtual_ceil_height: 3.1500000000000004, virtual_ground_height: 0.25.
[fsm_node-3] [34m	[ROG] n_free: 1[0m
[fsm_node-3] [34m	[ROG] n_occ: 1[0m
[fsm_node-3] [34m	[ROG] l_hit: 2.19722[0m
[fsm_node-3] [34m	[ROG] l_miss: -0.0400053[0m
[fsm_node-3] [34m	[ROG] l_min: -1.99243[0m
[fsm_node-3] [34m	[ROG] l_max: 3.89182[0m
[fsm_node-3] [34m	[ROG] l_occ: 1.7346[0m
[fsm_node-3] [34m	[ROG] l_free: -0.00399995[0m
[perfect_drone_frontend_node-2] Failed to find match for field 'intensity'.
[perfect_drone_frontend_node-2] [WARN] [1789029262.269334425] [perfect_tracking]: SENSOR_BURST_DROPOUT armed before every cloud transport: warmup=1.000s period=2.000s duration=0.500s phase=1.400s env_override=1
[perfect_drone_frontend_node-2] [INFO] [1789029262.269405185] [perfect_drone_frontend_config]: raw DDS disabled: renderer -> native front-end uses direct SharedPtr handoff
[fsm_node-3] [33m -- [Inf-Map] Clear all local map.[0m
[fsm_node-3] [32m -- [CounterMap] Init successfully -- .[0m
[fsm_node-3] [32m	resolution: 0.1[0m
[fsm_node-3] [32m	map_sliding_en: 0[0m
[fsm_node-3] [32m	local_map_size_i: 709 709  69[0m
[fsm_node-3] [32m	local_map_size_d: 70.9 70.9  6.9[0m
[fsm_node-3] [33m -- [Inf-Map] Clear all local map.[0m
[fsm_node-3] [32m -- [InfMap] Init successfully -- .[0m
[fsm_node-3] [32m	resolution: 0.1[0m
[fsm_node-3] [32m	map_sliding_en: 0[0m
[fsm_node-3] [32m	local_map_size_i: 709 709  69[0m
[fsm_node-3] [32m	local_map_size_d: 70.9 70.9  6.9[0m
[fsm_node-3] [ProbMap] virtual_ceil_height: 3.15
[fsm_node-3] [ProbMap] virtual_ground_height: 0.25
[fsm_node-3] [33m -- [ProbMap] Map sliding disabled, set origin to [  0   0 1.5] -- [0m
[fsm_node-3] [33m -- [Prob-Map] Clear all local map.[0m
[fsm_node-3] [32m -- [ProbMap] Init successfully -- .[0m
[fsm_node-3] [32m	resolution: 0.05[0m
[fsm_node-3] [32m	map_sliding_en: 0[0m
[fsm_node-3] [32m	local_map_size_i: 1401 1401  121[0m
[fsm_node-3] [32m	local_map_size_d: 70.05 70.05  6.05[0m
[fsm_node-3] [38;2;000;128;000m -- [ROGMap] Immutable planner snapshot enabled (fixed occupancy-only map).
[fsm_node-3] [0mLoad config file: /root/super_ws/src/SUPER/super_planner/config/static_seedmaps_guard_viability_tight_v7_frontend_risk_enforce.yaml
[fsm_node-3] Load config file: /root/super_ws/src/SUPER/super_planner/config/static_seedmaps_guard_viability_tight_v7_frontend_risk_enforce.yaml
[fsm_node-3] [0;32m Load param traj_opt/switch/print_optimizer_log success: [0;0m0
[fsm_node-3] [0;32m Load param traj_opt/flatness/mass success: [0;0m1.64
[fsm_node-3] [0;32m Load param traj_opt/flatness/dh success: [0;0m0.35
[fsm_node-3] [0;32m Load param traj_opt/flatness/dv success: [0;0m0.35
[fsm_node-3] [0;32m Load param traj_opt/flatness/grav success: [0;0m9.81
[fsm_node-3] [0;32m Load param traj_opt/flatness/cp success: [0;0m0.001
[fsm_node-3] [0;32m Load param traj_opt/flatness/v_eps success: [0;0m0.0001
[fsm_node-3] [0;32m Load param traj_opt/switch/save_log_en success: [0;0m0
[fsm_node-3] [0;32m Load param traj_opt/exp_traj/pos_constraint_type success: [0;0m1
[fsm_node-3] [0;33m Load param traj_opt/exp_traj/piece_num failed, use default value: [0;0m1
[fsm_node-3] [0;33m Load param traj_opt/exp_traj/uniform_time_en failed, use default value: [0;0m0
[fsm_node-3] [0;32m Load param traj_opt/exp_traj/block_energy_cost success: [0;0m0
[fsm_node-3] [0;32m Load param traj_opt/exp_traj/opt_accuracy success: [0;0m5e-06
[fsm_node-3] [0;33m Load param traj_opt/exp_traj/max_iterations failed, use default value: [0;0m2048
[fsm_node-3] [0;32m Load param traj_opt/exp_traj/integral_reso success: [0;0m15
[fsm_node-3] [0;32m Load param traj_opt/exp_traj/smooth_eps success: [0;0m0.01
[fsm_node-3] [0;32m Load param traj_opt/boundary/max_vel success: [0;0m7
[fsm_node-3] [0;32m Load param traj_opt/boundary/max_acc success: [0;0m20
[fsm_node-3] [0;32m Load param traj_opt/boundary/max_jerk success: [0;0m120
[fsm_node-3] [0;32m Load param traj_opt/boundary/max_omg success: [0;0m2.5
[fsm_node-3] [0;32m Load param traj_opt/boundary/max_acc_thr success: [0;0m17
[fsm_node-3] [0;32m Load param traj_opt/boundary/min_acc_thr success: [0;0m6
[fsm_node-3] [0;32m Load param traj_opt/boundary/penna_margin success: [0;0m0.05
[fsm_node-3] [0;33m Load param traj_opt/exp_traj/penna_scale failed, use default value: [0;0m-1
[fsm_node-3] [0;32m Load param traj_opt/exp_traj/penna_t success: [0;0m1e+07
[fsm_node-3] [0;33m Load param traj_opt/exp_traj/penna_ts failed, use default value: [0;0m-1
[fsm_node-3] [0;32m Load param traj_opt/exp_traj/penna_pos success: [0;0m5e+09
[fsm_node-3] [0;32m Load param traj_opt/exp_traj/penna_clr success: [0;0m1e+06
[fsm_node-3] [0;32m Load param traj_opt/exp_traj/clearance_margin success: [0;0m0.1
[fsm_node-3] [0;32m Load param traj_opt/exp_traj/clearance_speed_gate success: [0;0m1.5
[fsm_node-3] [0;32m Load param traj_opt/exp_traj/clearance_speed_transition success: [0;0m0.5
[fsm_node-3] [0;33m Load param traj_opt/exp_traj/penna_passage_center failed, use default value: [0;0m-1
[fsm_node-3] [0;33m Load param traj_opt/exp_traj/passage_center_max_width failed, use default value: [0;0m0
[fsm_node-3] [0;33m Load param traj_opt/exp_traj/passage_center_min_opposition_cos failed, use default value: [0;0m0.9
[fsm_node-3] [0;33m Load param traj_opt/exp_traj/passage_center_min_horizontal_normal failed, use default value: [0;0m0.8
[fsm_node-3] [0;33m Load param traj_opt/exp_traj/passage_center_deadband failed, use default value: [0;0m0.15
[fsm_node-3] [0;33m Load param traj_opt/exp_traj/passage_center_log_en failed, use default value: [0;0m0
[fsm_node-3] [0;32m Load param traj_opt/exp_traj/penna_vel success: [0;0m5e+08
[fsm_node-3] [0;32m Load param traj_opt/exp_traj/penna_acc success: [0;0m5e+08
[fsm_node-3] [0;32m Load param traj_opt/exp_traj/penna_jerk success: [0;0m-5e+08
[fsm_node-3] [0;32m Load param traj_opt/exp_traj/penna_attract success: [0;0m5e+08
[fsm_node-3] [0;32m Load param traj_opt/exp_traj/penna_omg success: [0;0m-1
[fsm_node-3] [0;32m Load param traj_opt/exp_traj/penna_thr success: [0;0m-1
[fsm_node-3] Load config file: /root/super_ws/src/SUPER/super_planner/config/static_seedmaps_guard_viability_tight_v7_frontend_risk_enforce.yaml
[fsm_node-3] [0;32m Load param traj_opt/switch/print_optimizer_log success: [0;0m0
[fsm_node-3] [0;32m Load param traj_opt/flatness/mass success: [0;0m1.64
[fsm_node-3] [0;32m Load param traj_opt/flatness/dh success: [0;0m0.35
[fsm_node-3] [0;32m Load param traj_opt/flatness/dv success: [0;0m0.35
[fsm_node-3] [0;32m Load param traj_opt/flatness/grav success: [0;0m9.81
[fsm_node-3] [0;32m Load param traj_opt/flatness/cp success: [0;0m0.001
[fsm_node-3] [0;32m Load param traj_opt/flatness/v_eps success: [0;0m0.0001
[fsm_node-3] [0;32m Load param traj_opt/switch/save_log_en success: [0;0m0
[fsm_node-3] [0;32m Load param traj_opt/backup_traj/pos_constraint_type success: [0;0m2
[fsm_node-3] [0;32m Load param traj_opt/backup_traj/piece_num success: [0;0m2
[fsm_node-3] [0;32m Load param traj_opt/backup_traj/uniform_time_en success: [0;0m1
[fsm_node-3] [0;32m Load param traj_opt/backup_traj/block_energy_cost success: [0;0m1
[fsm_node-3] [0;32m Load param traj_opt/backup_traj/opt_accuracy success: [0;0m1e-05
[fsm_node-3] [0;33m Load param traj_opt/backup_traj/max_iterations failed, use default value: [0;0m2048
[fsm_node-3] [0;32m Load param traj_opt/backup_traj/integral_reso success: [0;0m12
[fsm_node-3] [0;32m Load param traj_opt/backup_traj/smooth_eps success: [0;0m0.01
[fsm_node-3] [0;32m Load param traj_opt/boundary/max_vel success: [0;0m7
[fsm_node-3] [0;32m Load param traj_opt/boundary/max_acc success: [0;0m20
[fsm_node-3] [0;32m Load param traj_opt/boundary/max_jerk success: [0;0m120
[fsm_node-3] [0;32m Load param traj_opt/boundary/max_omg success: [0;0m2.5
[fsm_node-3] [0;32m Load param traj_opt/boundary/max_acc_thr success: [0;0m17
[fsm_node-3] [0;32m Load param traj_opt/boundary/min_acc_thr success: [0;0m6
[fsm_node-3] [0;32m Load param traj_opt/boundary/penna_margin success: [0;0m0.05
[fsm_node-3] [0;33m Load param traj_opt/backup_traj/penna_scale failed, use default value: [0;0m-1
[fsm_node-3] [0;32m Load param traj_opt/backup_traj/penna_t success: [0;0m100
[fsm_node-3] [0;32m Load param traj_opt/backup_traj/penna_ts success: [0;0m1e+07
[fsm_node-3] [0;32m Load param traj_opt/backup_traj/penna_pos success: [0;0m1e+10
[fsm_node-3] [0;32m Load param traj_opt/backup_traj/penna_clr success: [0;0m1e+06
[fsm_node-3] [0;32m Load param traj_opt/backup_traj/clearance_margin success: [0;0m0.1
[fsm_node-3] [0;32m Load param traj_opt/backup_traj/clearance_speed_gate success: [0;0m1.5
[fsm_node-3] [0;32m Load param traj_opt/backup_traj/clearance_speed_transition success: [0;0m0.5
[fsm_node-3] [0;33m Load param traj_opt/backup_traj/penna_passage_center failed, use default value: [0;0m-1
[fsm_node-3] [0;33m Load param traj_opt/backup_traj/passage_center_max_width failed, use default value: [0;0m0
[fsm_node-3] [0;33m Load param traj_opt/backup_traj/passage_center_min_opposition_cos failed, use default value: [0;0m0.9
[fsm_node-3] [0;33m Load param traj_opt/backup_traj/passage_center_min_horizontal_normal failed, use default value: [0;0m0.8
[fsm_node-3] [0;33m Load param traj_opt/backup_traj/passage_center_deadband failed, use default value: [0;0m0.15
[fsm_node-3] [0;33m Load param traj_opt/backup_traj/passage_center_log_en failed, use default value: [0;0m0
[fsm_node-3] [0;32m Load param traj_opt/backup_traj/penna_vel success: [0;0m1e+08
[fsm_node-3] [0;32m Load param traj_opt/backup_traj/penna_acc success: [0;0m1e+08
[fsm_node-3] [0;32m Load param traj_opt/backup_traj/penna_jerk success: [0;0m-1e+06
[fsm_node-3] [0;33m Load param traj_opt/backup_traj/penna_attract failed, use default value: [0;0m-1
[fsm_node-3] [0;32m Load param traj_opt/backup_traj/penna_omg success: [0;0m-1
[fsm_node-3] [0;32m Load param traj_opt/backup_traj/penna_thr success: [0;0m-1
[fsm_node-3] [0;32m Load param super_planner/print_log success: [0;0m0
[fsm_node-3] [0;32m Load param super_planner/detailed_log_en success: [0;0m0
[fsm_node-3] [0;32m Load param super_planner/visualization_en success: [0;0m0
[fsm_node-3] [0;32m Load param super_planner/backup_traj_en success: [0;0m1
[fsm_node-3] [0;32m Load param super_planner/goal_vel_en success: [0;0m0
[fsm_node-3] [0;32m Load param super_planner/goal_yaw_en success: [0;0m0
[fsm_node-3] [0;32m Load param super_planner/visual_process success: [0;0m0
[fsm_node-3] [0;32m Load param super_planner/use_fov_cut success: [0;0m0
[fsm_node-3] [0;33m Load param super_planner/fov_horizontal_angle failed, use default value: [0;0m-1
[fsm_node-3] [0;33m Load param super_planner/fov_center_heading failed, use default value: [0;0m0
[fsm_node-3] [0;32m Load param super_planner/frontend_in_known_free success: [0;0m0
[fsm_node-3] [0;32m Load param fsm/trajectory_guard/enable success: [0;0m1
[fsm_node-3] [0;32m Load param fsm/trajectory_guard/shadow success: [0;0m0
[fsm_node-3] [0;32m Load param fsm/trajectory_guard/validation_sample_dt_s success: [0;0m0.005
[fsm_node-3] [0;32m Load param fsm/trajectory_guard/shadow_min_interval_s success: [0;0m0
[fsm_node-3] [0;32m Load param fsm/trajectory_guard/additional_clearance_m success: [0;0m0
[fsm_node-3] [0;32m Load param fsm/trajectory_guard/escape_max_duration_s success: [0;0m1
[fsm_node-3] [0;32m Load param fsm/trajectory_guard/unknown_as_occupied success: [0;0m1
[fsm_node-3] [0;32m Load param fsm/trajectory_guard/escape_entry_grace_s success: [0;0m0
[fsm_node-3] [0;32m Load param fsm/trajectory_guard/initial_footprint_egress_enable success: [0;0m1
[fsm_node-3] [0;32m Load param super_planner/safe_corridor_line_max_length success: [0;0m6
[fsm_node-3] [0;32m Load param super_planner/sensing_horizon success: [0;0m-1
[fsm_node-3] [0;32m Load param super_planner/obs_skip_num success: [0;0m2
[fsm_node-3] [0;32m Load param super_planner/replan_forward_dt success: [0;0m0.1
[fsm_node-3] [0;32m Load param super_planner/corridor_bound_dis success: [0;0m0.8
[fsm_node-3] [0;32m Load param super_planner/corridor_line_max_length success: [0;0m1
[fsm_node-3] [0;32m Load param super_planner/planning_horizon success: [0;0m7
[fsm_node-3] [0;32m Load param super_planner/receding_dis success: [0;0m1
[fsm_node-3] [0;32m Load param super_planner/robot_r success: [0;0m0.2
[fsm_node-3] [0;32m Load param super_planner/corridor_use_inflated_obstacles success: [0;0m0
[fsm_node-3] [0;32m Load param super_planner/corridor_use_inflated_seed_lines success: [0;0m0
[fsm_node-3] [0;32m Load param super_planner/corridor_guard_retry_inflated success: [0;0m1
[fsm_node-3] [0;32m Load param super_planner/guard_corridor_retry_alternate_every success: [0;0m4
[fsm_node-3] [0;32m Load param super_planner/guard_topology_reroute/enable success: [0;0m1
[fsm_node-3] [0;32m Load param super_planner/guard_topology_reroute/radius_m success: [0;0m0.8
[fsm_node-3] [0;32m Load param super_planner/guard_topology_reroute/growth_m success: [0;0m0
[fsm_node-3] [0;32m Load param super_planner/guard_topology_reroute/max_radius_m success: [0;0m0.8
[fsm_node-3] [0;32m Load param super_planner/guard_topology_reroute/max_zones success: [0;0m6
[fsm_node-3] [0;32m Load param super_planner/guard_topology_reroute/max_stop_speed_mps success: [0;0m0.2
[fsm_node-3] [0;32m Load param super_planner/guard_topology_reroute/escalate_every_rejects success: [0;0m3
[fsm_node-3] [0;32m Load param super_planner/guard_topology_reroute/collision_merge_m success: [0;0m0.5
[fsm_node-3] [0;32m Load param super_planner/guard_topology_reroute/start_clearance_m success: [0;0m0.3
[fsm_node-3] [0;32m Load param super_planner/guard_topology_reroute/block_spacing_m success: [0;0m1
[fsm_node-3] [0;32m Load param super_planner/guard_topology_reroute/direction_merge_angle_deg success: [0;0m30
[fsm_node-3] [0;32m Load param super_planner/guard_topology_reroute/no_path_reset_attempts success: [0;0m3
[fsm_node-3] [0;32m Load param super_planner/guard_topology_reroute/vertical_recovery_enable success: [0;0m1
[fsm_node-3] [0;32m Load param super_planner/guard_topology_reroute/vertical_recovery_lift_m success: [0;0m0.6
[fsm_node-3] [0;32m Load param super_planner/guard_topology_reroute/vertical_recovery_trigger_distance_m success: [0;0m0.75
[fsm_node-3] [0;32m Load param super_planner/guard_topology_reroute/local_escape_enable success: [0;0m1
[fsm_node-3] [0;32m Load param super_planner/guard_topology_reroute/local_escape_distance_m success: [0;0m0.6
[fsm_node-3] [0;32m Load param super_planner/guard_topology_reroute/local_escape_attempts success: [0;0m4
[fsm_node-3] [0;32m Load param super_planner/guard_topology_reroute/episode_progress_reset_m success: [0;0m2
[fsm_node-3] [0;32m Load param super_planner/guard_topology_reroute/saturation_vertical_attempts success: [0;0m1
[fsm_node-3] [0;32m Load param super_planner/guard_topology_reroute/base_no_path_vertical_attempts success: [0;0m1
[fsm_node-3] [0;32m Load param super_planner/guard_direct_goal_fallback/enable success: [0;0m1
[fsm_node-3] [0;32m Load param super_planner/guard_direct_goal_fallback/max_distance_m success: [0;0m3
[fsm_node-3] [0;32m Load param super_planner/guard_direct_goal_fallback/min_duration_s success: [0;0m1
[fsm_node-3] [0;32m Load param super_planner/guard_viability/enable success: [0;0m1
[fsm_node-3] [0;32m Load param super_planner/guard_viability/horizon_s success: [0;0m2
[fsm_node-3] [0;32m Load param super_planner/guard_viability/sample_dt_s success: [0;0m0.3
[fsm_node-3] [0;32m Load param super_planner/guard_viability/brake_max_acc_mps2 success: [0;0m20
[fsm_node-3] [0;32m Load param super_planner/guard_viability/brake_max_jerk_mps3 success: [0;0m120
[fsm_node-3] [0;32m Load param super_planner/guard_viability/brake_min_duration_s success: [0;0m0.4
[fsm_node-3] [0;32m Load param super_planner/guard_viability/brake_max_duration_s success: [0;0m3
[fsm_node-3] [0;32m Load param super_planner/guard_viability/brake_attempts success: [0;0m12
[fsm_node-3] [0;32m Load param super_planner/guard_viability/speed_scale_step success: [0;0m1.25
[fsm_node-3] [0;32m Load param super_planner/guard_viability/speed_scale_max success: [0;0m3
[fsm_node-3] [0;32m Load param super_planner/guard_viability/max_retries success: [0;0m4
[fsm_node-3] [0;32m Load param super_planner/corridor_min_margin success: [0;0m0.2
[fsm_node-3] [0;32m Load param super_planner/corridor_pref_margin success: [0;0m0.3
[fsm_node-3] [0;32m Load param super_planner/iris_iter_num success: [0;0m2
[fsm_node-3] [0;32m Load param super_planner/yaw_mode success: [0;0m1
[fsm_node-3] [0;32m Load param super_planner/mpc_horizon success: [0;0m15
[fsm_node-3] [0;32m Load param super_planner/yaw_dot_max success: [0;0m3
[fsm_node-3] [0;32m Load param rog_map/resolution success: [0;0m0.05
[fsm_node-3] [INFO] [1789029263.300260826] [fsm_node]:  -- [TRAJ_GUARD] mode=enforce sample_dt=0.0050s shadow_min_interval=0.000s inflation_radius=0.300m robot_r=0.200m additional_clearance=0.000m hard_clearance=0.300m clearance_offsets=0
[fsm_node-3] [38;2;050;205;050m -- [Viz] Set resolution_ to 0.05
[fsm_node-3] [0m[38;2;050;205;050m -- [Viz] Set visualization_en_ to false
[fsm_node-3] [0mLoad config file: /root/super_ws/src/SUPER/super_planner/config/static_seedmaps_guard_viability_tight_v7_frontend_risk_enforce.yaml
[fsm_node-3] [0;32m Load param astar/map_voxel_num success: [0;0m[500 500 100 ]
[fsm_node-3] [0;32m Load param astar/allow_diag success: [0;0m1
[fsm_node-3] [0;32m Load param astar/debug_visualization_en success: [0;0m0
[fsm_node-3] [0;32m Load param astar/heu_type success: [0;0m2
[fsm_node-3] [0;32m Load param astar/visual_process success: [0;0m0
[fsm_node-3] [32m -- [RM] Init Astar-map.[0m
[fsm_node-3] [34m	map index size: 250 250  50[0m
[fsm_node-3] [34m	map vox_num: 501 501 101[0m
[fsm_node-3] [INFO] [1789029264.893008340] [fsm_node]:  -- [FULL_REFRESH_ACK_GATE] listening sla=0.750s
[fsm_node-3] [INFO] [1789029264.893893683] [fsm_node]:  -- [FRONTEND_RISK] listening topic=/planning/trajectory_risk_verdict result_max_age=0.200s source_max_age=0.750s enforce=true body_result_max_age=0.150s body_source_max_age=0.200s body_enforce=true
[fsm_node-3] [33m -- [Fsm] CLICKGOAL ENABLE.[0m
[fsm_node-3] [INFO] [1789029264.894861742] [fsm_node]: [32m -- [Fsm-Test] Begin.[0m
[fsm_node-3] [38;2;000;128;000m -- [Fsm]: [MainFsmCallback] change state from [INIT] to [WAIT_GOAL].
[fsm_node-3] [0m -- [Fsm] MAP_NOT_READY reason=scan_span accepted=5 committed=5 version=5 lag=0 span=0.891s cloud_age=0.078s committed_cloud_age=0.078s commit_age=0.054s in_progress=false
[fsm_node-3] [32m -- [Fsm 1.010] Current state: WAIT_GOAL[0m
[fsm_node-3]  -- [Fsm] MAP_READY accepted=6 committed=5 version=5 lag=1 span=1.078s cloud_age=0.002s committed_cloud_age=0.188s commit_age=0.164s in_progress=true
[fsm_node-3] [32m -- [Fsm] Get goal at [0m24.525 20.025  1.525
[fsm_node-3] [32m -- [Fsm] Receive click goal at: [24.525 20.025  1.525]; goal yaw: 0.000 deg[0m
[fsm_node-3] [INFO] [1789029266.084323211] [fsm_node]:  -- [OPTIMIZER_PHASE_MEMORY] optimizer=exp event=begin call=1 rss_mib=3102.055 swap_mib=0.000 variables=17 pieces=5
[fsm_node-3] [INFO] [1789029266.095621370] [fsm_node]:  -- [OPTIMIZER_PHASE_MEMORY] optimizer=exp event=end call=1 duration_ms=11.356 iterations=497 ret=1 rss_mib=3102.055 swap_mib=0.000 rss_delta_mib=0.000
[fsm_node-3] [WARN] [1789029266.095656570] [fsm_node]:  -- [SUPER] Replan over time(0.11085391044616699)!!!! Return FAILED
[fsm_node-3] [WARN] [1789029266.095664434] [fsm_node]:  -- [SUPER] in [PlanFromRest] GenerateExpTrajectory failed with FAILED.
[fsm_node-3] [38;2;000;128;000m -- [Fsm]: [MainFsmCallback] change state from [WAIT_GOAL] to [GENERATE_TRAJ].
[fsm_node-3] [0m[33m -- [Fsm] PlanFromRest failed, try replan.[0m
[fsm_node-3] [INFO] [1789029266.204312879] [fsm_node]:  -- [OPTIMIZER_PHASE_MEMORY] optimizer=exp event=begin call=2 rss_mib=3102.293 swap_mib=0.000 variables=17 pieces=5
[fsm_node-3] [INFO] [1789029266.227465084] [fsm_node]:  -- [OPTIMIZER_PHASE_MEMORY] optimizer=exp event=end call=2 duration_ms=23.166 iterations=674 ret=1 rss_mib=3102.309 swap_mib=0.000 rss_delta_mib=0.016
[fsm_node-3] [WARN] [1789029266.227565787] [fsm_node]:  -- [SUPER] Replan over time(0.1315920352935791)!!!! Return FAILED
[fsm_node-3] [WARN] [1789029266.227583984] [fsm_node]:  -- [SUPER] in [PlanFromRest] GenerateExpTrajectory failed with FAILED.
[fsm_node-3] [33m -- [Fsm] PlanFromRest failed, try replan.[0m
[fsm_node-3] [INFO] [1789029266.354231428] [fsm_node]:  -- [OPTIMIZER_PHASE_MEMORY] optimizer=exp event=begin call=3 rss_mib=3102.512 swap_mib=0.000 variables=17 pieces=5
[fsm_node-3] [INFO] [1789029266.360081954] [fsm_node]:  -- [OPTIMIZER_PHASE_MEMORY] optimizer=exp event=end call=3 duration_ms=5.887 iterations=262 ret=1 rss_mib=3102.520 swap_mib=0.000 rss_delta_mib=0.008
[fsm_node-3] [WARN] [1789029266.360118088] [fsm_node]:  -- [TRAJ_GUARD_REROUTE_ARM] zone=0 zones=1 center=[25.303,0.803,1.525] radius=0.800 start_distance=1.100 branch=0 depth=0 direction_dot=1.000 reason=trajectory_optimization_overtime action=block_optimizer_failed_route
[fsm_node-3] [WARN] [1789029266.360124411] [fsm_node]:  -- [TRAJ_GUARD_POST_CORRIDOR_RECOVERY] epoch=1 zones=1 reason=trajectory_optimization_overtime action=change_topology
[fsm_node-3] [WARN] [1789029266.360130727] [fsm_node]:  -- [SUPER] Replan over time(0.1323096752166748)!!!! Return FAILED
[fsm_node-3] [WARN] [1789029266.360137187] [fsm_node]:  -- [SUPER] in [PlanFromRest] GenerateExpTrajectory failed with FAILED.
[fsm_node-3] [33m -- [Fsm] PlanFromRest failed, try replan.[0m
[fsm_node-3] [WARN] [1789029266.360422476] [fsm_node]:  -- [TRAJ_GUARD_REROUTE_SEARCH] zones=1 start=[24.525,0.025,1.525]
[fsm_node-3] [WARN] [1789029266.446836048] [fsm_node]:  -- [SUPER] Retrying EXP with inflated guard corridor.
[fsm_node-3] [INFO] [1789029266.448684782] [fsm_node]:  -- [OPTIMIZER_PHASE_MEMORY] optimizer=exp event=begin call=4 rss_mib=3102.922 swap_mib=0.000 variables=17 pieces=5
[fsm_node-3] [INFO] [1789029266.464295489] [fsm_node]:  -- [OPTIMIZER_PHASE_MEMORY] optimizer=exp event=end call=4 duration_ms=15.657 iterations=1169 ret=1 rss_mib=3102.922 swap_mib=0.000 rss_delta_mib=0.000
[fsm_node-3] [WARN] [1789029266.464332190] [fsm_node]:  -- [SUPER] Replan over time(0.10391831398010254)!!!! Return FAILED
[fsm_node-3] [WARN] [1789029266.464340523] [fsm_node]:  -- [SUPER] in [PlanFromRest] GenerateExpTrajectory failed with FAILED.
[fsm_node-3] [33m -- [Fsm] PlanFromRest failed, try replan.[0m
[fsm_node-3] [WARN] [1789029266.464519014] [fsm_node]:  -- [TRAJ_GUARD_REROUTE_SEARCH] zones=1 start=[24.525,0.025,1.525]
[fsm_node-3] [WARN] [1789029266.553168242] [fsm_node]:  -- [SUPER] Retrying EXP with inflated guard corridor.
[fsm_node-3] [INFO] [1789029266.555030943] [fsm_node]:  -- [OPTIMIZER_PHASE_MEMORY] optimizer=exp event=begin call=5 rss_mib=3106.980 swap_mib=0.000 variables=17 pieces=5
[fsm_node-3] [INFO] [1789029266.559773782] [fsm_node]:  -- [OPTIMIZER_PHASE_MEMORY] optimizer=exp event=end call=5 duration_ms=4.802 iterations=402 ret=1 rss_mib=3106.980 swap_mib=0.000 rss_delta_mib=0.000
[fsm_node-3] [INFO] [1789029266.559867856] [fsm_node]:  -- [SUPER] in [PlanFromRest] GenerateExpTrajectory SUCCESS.
[fsm_node-3] [INFO] [1789029266.592589729] [fsm_node]:  -- [OPTIMIZER_PHASE_MEMORY] optimizer=backup event=begin call=1 rss_mib=3107.047 swap_mib=0.000 variables=62 pieces=2
[fsm_node-3] [INFO] [1789029266.598433925] [fsm_node]:  -- [OPTIMIZER_PHASE_MEMORY] optimizer=backup event=end call=1 duration_ms=5.869 iterations=229 ret=1 rss_mib=3107.082 swap_mib=0.000 rss_delta_mib=0.035
[fsm_node-3] [INFO] [1789029266.598672304] [fsm_node]:  -- [OPTIMIZER_PHASE_MEMORY] optimizer=backup event=begin call=2 rss_mib=3107.094 swap_mib=0.000 variables=62 pieces=2
[fsm_node-3] [INFO] [1789029266.605331491] [fsm_node]:  -- [OPTIMIZER_PHASE_MEMORY] optimizer=backup event=end call=2 duration_ms=6.657 iterations=265 ret=1 rss_mib=3107.230 swap_mib=0.000 rss_delta_mib=0.137
[fsm_node-3] [INFO] [1789029266.605575712] [fsm_node]:  -- [TRAJ_GUARD_COMMIT] phase=PlanFromRest/with_backup gen=1 map=9 samples=186 range=[0.141,1.061] escape=false footprint_egress=false escape_done_tt=-1.000
[fsm_node-3] [INFO] [1789029266.691306880] [fsm_node]:  -- [OPTIMIZER_PHASE_MEMORY] optimizer=exp event=begin call=6 rss_mib=3107.234 swap_mib=0.000 variables=17 pieces=5
[fsm_node-3] [INFO] [1789029266.696916430] [fsm_node]:  -- [OPTIMIZER_PHASE_MEMORY] optimizer=exp event=end call=6 duration_ms=5.663 iterations=541 ret=1 rss_mib=3107.234 swap_mib=0.000 rss_delta_mib=0.000
[fsm_node-3] [INFO] [1789029266.721048771] [fsm_node]:  -- [OPTIMIZER_PHASE_MEMORY] optimizer=backup event=begin call=3 rss_mib=3107.234 swap_mib=0.000 variables=40 pieces=2
[fsm_node-3] [INFO] [1789029266.736816490] [fsm_node]:  -- [OPTIMIZER_PHASE_MEMORY] optimizer=backup event=end call=3 duration_ms=15.792 iterations=635 ret=1 rss_mib=3107.234 swap_mib=0.000 rss_delta_mib=0.000
[fsm_node-3] [INFO] [1789029266.737024962] [fsm_node]:  -- [OPTIMIZER_PHASE_MEMORY] optimizer=backup event=begin call=4 rss_mib=3107.234 swap_mib=0.000 variables=40 pieces=2
[fsm_node-3] [INFO] [1789029266.741393191] [fsm_node]:  -- [OPTIMIZER_PHASE_MEMORY] optimizer=backup event=end call=4 duration_ms=4.362 iterations=187 ret=1 rss_mib=3107.234 swap_mib=0.000 rss_delta_mib=0.000
[fsm_node-3] [INFO] [1789029266.741623005] [fsm_node]:  -- [TRAJ_GUARD_COMMIT] phase=ReplanOnce/with_backup gen=2 map=10 samples=156 range=[0.065,0.833] escape=false footprint_egress=false escape_done_tt=-1.000
[fsm_node-3]  -- [TRAJ_GUARD_CERT] trigger=poly_publish status=SAFE gen=1 map=9 map_age=0.117s map_age_limit=0.550s motion_speed=0.610mps samples=185 range=[0.141,1.061] collision_tt=-1.000 ttc=-1.000 p=[0.000,0.000,0.000]
[fsm_node-3] [38;2;000;128;000m -- [Fsm]: [MainFsmCallback] change state from [GENERATE_TRAJ] to [FOLLOW_TRAJ].
[fsm_node-3] [0m -- [TRAJ_GUARD_CERT] trigger=main_pre status=SAFE gen=1 map=10 map_age=0.011s map_age_limit=0.550s motion_speed=1.793mps samples=166 range=[0.240,1.061] collision_tt=-1.000 ttc=-1.000 p=[0.000,0.000,0.000]
[fsm_node-3] [32m -- [Fsm] ReplanOnce succeed.[0m
[fsm_node-3] [INFO] [1789029266.758351939] [fsm_node]:  -- [OPTIMIZER_PHASE_MEMORY] optimizer=exp event=begin call=7 rss_mib=3107.234 swap_mib=0.000 variables=13 pieces=4
[fsm_node-3] [INFO] [1789029266.761412053] [fsm_node]:  -- [OPTIMIZER_PHASE_MEMORY] optimizer=exp event=end call=7 duration_ms=3.101 iterations=370 ret=1 rss_mib=3107.242 swap_mib=0.000 rss_delta_mib=0.008
[fsm_node-3] [INFO] [1789029266.779056456] [fsm_node]:  -- [OPTIMIZER_PHASE_MEMORY] optimizer=backup event=begin call=5 rss_mib=3107.242 swap_mib=0.000 variables=32 pieces=2
[fsm_node-3] [INFO] [1789029266.802490274] [fsm_node]:  -- [OPTIMIZER_PHASE_MEMORY] optimizer=backup event=end call=5 duration_ms=23.446 iterations=801 ret=1 rss_mib=3107.242 swap_mib=0.000 rss_delta_mib=0.000
[fsm_node-3] [INFO] [1789029266.802727857] [fsm_node]:  -- [OPTIMIZER_PHASE_MEMORY] optimizer=backup event=begin call=6 rss_mib=3107.254 swap_mib=0.000 variables=32 pieces=2
[fsm_node-3] [INFO] [1789029266.807198423] [fsm_node]:  -- [OPTIMIZER_PHASE_MEMORY] optimizer=backup event=end call=6 duration_ms=4.470 iterations=166 ret=1 rss_mib=3107.254 swap_mib=0.000 rss_delta_mib=0.000
[fsm_node-3] [INFO] [1789029266.807433611] [fsm_node]:  -- [TRAJ_GUARD_COMMIT] phase=ReplanOnce/with_backup gen=3 map=10 samples=145 range=[0.065,0.777] escape=false footprint_egress=false escape_done_tt=-1.000
[fsm_node-3]  -- [TRAJ_GUARD_CERT] trigger=poly_publish status=SAFE gen=2 map=10 map_age=0.048s map_age_limit=0.550s motion_speed=2.424mps samples=155 range=[0.065,0.833] collision_tt=-1.000 ttc=-1.000 p=[0.000,0.000,0.000]
[fsm_node-3] [32m -- [Fsm] ReplanOnce succeed.[0m
[fsm_node-3] [INFO] [1789029266.824153600] [fsm_node]:  -- [OPTIMIZER_PHASE_MEMORY] optimizer=exp event=begin call=8 rss_mib=3107.270 swap_mib=0.000 variables=13 pieces=4
[fsm_node-3] [INFO] [1789029266.829812657] [fsm_node]:  -- [OPTIMIZER_PHASE_MEMORY] optimizer=exp event=end call=8 duration_ms=5.698 iterations=613 ret=1 rss_mib=3107.270 swap_mib=0.000 rss_delta_mib=0.000
[fsm_node-3] [INFO] [1789029266.863095869] [fsm_node]:  -- [OPTIMIZER_PHASE_MEMORY] optimizer=backup event=begin call=7 rss_mib=3107.344 swap_mib=0.000 variables=40 pieces=2
[fsm_node-3]  -- [TRAJ_GUARD_CERT] trigger=poly_publish status=SAFE gen=3 map=10 map_age=0.114s map_age_limit=0.500s motion_speed=3.539mps samples=144 range=[0.065,0.777] collision_tt=-1.000 ttc=-1.000 p=[0.000,0.000,0.000]
[fsm_node-3] [32m -- [Fsm] Get goal at [0m24.525000000000002 20.025000000000002  1.525000000000000
[fsm_node-3] [32m -- [Fsm] Receive click goal at: [24.525000000000002 20.025000000000002  1.525000000000000]; goal yaw: 0.000000000000000 deg[0m
[fsm_node-3] [INFO] [1789029266.866046553] [fsm_node]:  -- [OPTIMIZER_PHASE_MEMORY] optimizer=backup event=end call=7 duration_ms=2.959 iterations=158 ret=1 rss_mib=3107.352 swap_mib=0.000 rss_delta_mib=0.008
[fsm_node-3] [INFO] [1789029266.866234995] [fsm_node]:  -- [OPTIMIZER_PHASE_MEMORY] optimizer=backup event=begin call=8 rss_mib=3107.363 swap_mib=0.000 variables=40 pieces=2
[fsm_node-3] [INFO] [1789029266.871466245] [fsm_node]:  -- [OPTIMIZER_PHASE_MEMORY] optimizer=backup event=end call=8 duration_ms=5.224 iterations=282 ret=1 rss_mib=3107.367 swap_mib=0.000 rss_delta_mib=0.004
[fsm_node-3] [WARN] [1789029266.871836530] [fsm_node]:  -- [TRAJ_GUARD_VIABILITY_SLOWDOWN] phase=ReplanOnce/with_backup gen=4 scale=1.250 retries=1
[fsm_node-3] [INFO] [1789029266.871845732] [fsm_node]:  -- [TRAJ_GUARD_COMMIT] phase=ReplanOnce/with_backup gen=4 map=10 samples=198 range=[0.063,1.041] escape=false footprint_egress=false escape_done_tt=-1.000
[fsm_node-3] [32m -- [Fsm] ReplanOnce succeed.[0m
[fsm_node-3] [INFO] [1789029266.889579061] [fsm_node]:  -- [OPTIMIZER_PHASE_MEMORY] optimizer=exp event=begin call=9 rss_mib=3107.367 swap_mib=0.000 variables=13 pieces=4
[fsm_node-3] [INFO] [1789029266.892749625] [fsm_node]:  -- [OPTIMIZER_PHASE_MEMORY] optimizer=exp event=end call=9 duration_ms=3.223 iterations=379 ret=1 rss_mib=3107.367 swap_mib=0.000 rss_delta_mib=0.000
[perfect_drone_frontend_node-2] [INFO] [1789029266.913831992] [native_sector_cpp]: frames=40 published=21 kept 18.1% (3836/21143 pts/input-frame)
[fsm_node-3]  -- [TRAJ_GUARD_CERT] trigger=poly_publish status=SAFE gen=4 map=10 map_age=0.178s map_age_limit=0.500s motion_speed=4.379mps samples=197 range=[0.063,1.041] collision_tt=-1.000 ttc=-1.000 p=[0.000,0.000,0.000]
[fsm_node-3] [32m -- [Fsm 2.020] Current state: FOLLOW_TRAJ[0m
[fsm_node-3] [INFO] [1789029266.936885521] [fsm_node]:  -- [OPTIMIZER_PHASE_MEMORY] optimizer=backup event=begin call=9 rss_mib=3107.371 swap_mib=0.000 variables=34 pieces=2
[fsm_node-3] [INFO] [1789029266.953827306] [fsm_node]:  -- [OPTIMIZER_PHASE_MEMORY] optimizer=backup event=end call=9 duration_ms=16.959 iterations=2046 ret=1 rss_mib=3107.371 swap_mib=0.000 rss_delta_mib=0.000
[fsm_node-3] [INFO] [1789029266.953959866] [fsm_node]:  -- [OPTIMIZER_PHASE_MEMORY] optimizer=backup event=begin call=10 rss_mib=3107.371 swap_mib=0.000 variables=34 pieces=2
[fsm_node-3] [INFO] [1789029266.958849691] [fsm_node]:  -- [OPTIMIZER_PHASE_MEMORY] optimizer=backup event=end call=10 duration_ms=4.874 iterations=724 ret=1 rss_mib=3107.371 swap_mib=0.000 rss_delta_mib=0.000
[fsm_node-3] [INFO] [1789029266.959138947] [fsm_node]:  -- [TRAJ_GUARD_COMMIT] phase=ReplanOnce/with_backup gen=5 map=10 samples=199 range=[0.084,1.065] escape=false footprint_egress=false escape_done_tt=-1.000
[fsm_node-3] [32m -- [Fsm] ReplanOnce succeed.[0m
[fsm_node-3] [INFO] [1789029266.980454715] [fsm_node]:  -- [OPTIMIZER_PHASE_MEMORY] optimizer=exp event=begin call=10 rss_mib=3107.371 swap_mib=0.000 variables=17 pieces=5
[fsm_node-3] [INFO] [1789029266.986444212] [fsm_node]:  -- [OPTIMIZER_PHASE_MEMORY] optimizer=exp event=end call=10 duration_ms=6.052 iterations=507 ret=1 rss_mib=3107.371 swap_mib=0.000 rss_delta_mib=0.000
[fsm_node-3] [INFO] [1789029267.034500449] [fsm_node]:  -- [OPTIMIZER_PHASE_MEMORY] optimizer=backup event=begin call=11 rss_mib=3107.586 swap_mib=0.000 variables=54 pieces=2
[fsm_node-3] [INFO] [1789029267.046733102] [fsm_node]:  -- [OPTIMIZER_PHASE_MEMORY] optimizer=backup event=end call=11 duration_ms=12.264 iterations=356 ret=1 rss_mib=3107.609 swap_mib=0.000 rss_delta_mib=0.023
[fsm_node-3] [INFO] [1789029267.047120847] [fsm_node]:  -- [OPTIMIZER_PHASE_MEMORY] optimizer=backup event=begin call=12 rss_mib=3107.609 swap_mib=0.000 variables=54 pieces=2
[fsm_node-3] [INFO] [1789029267.065790546] [fsm_node]:  -- [OPTIMIZER_PHASE_MEMORY] optimizer=backup event=end call=12 duration_ms=18.638 iterations=526 ret=1 rss_mib=3107.629 swap_mib=0.000 rss_delta_mib=0.020
[fsm_node-3] [WARN] [1789029267.065849317] [fsm_node]:  -- [SUPER] in [ReplanOnce]: Replan overtime, check parameters, replan dt = 0.106260307.
[fsm_node-3] [INFO] [1789029267.086139212] [fsm_node]:  -- [OPTIMIZER_PHASE_MEMORY] optimizer=exp event=begin call=11 rss_mib=3107.980 swap_mib=0.000 variables=13 pieces=4
[fsm_node-3] [INFO] [1789029267.090310230] [fsm_node]:  -- [OPTIMIZER_PHASE_MEMORY] optimizer=exp event=end call=11 duration_ms=4.234 iterations=473 ret=1 rss_mib=3107.988 swap_mib=0.000 rss_delta_mib=0.008
[fsm_node-3] [INFO] [1789029267.194721954] [fsm_node]:  -- [FULL_REFRESH_RECOVERY_GATE_ARM] min_request_seq=2
[fsm_node-3] [INFO] [1789029267.194826938] [fsm_node]:  -- [TRAJ_GUARD_RECOVERY_SIGNAL] active=true
[fsm_node-3] [ERROR] [1789029267.196373394] [fsm_node]:  -- [TRAJ_GUARD_BRAKE_REJECTED] trigger=main_pre_uncertified searched=[0.400,3.000]s speed0=5.759 initial_source=fresh_command cmd_age=0.010s cmd_pos_err=0.000 cmd_vel_err=inf motion_speed=inf motion_dt=infs motion_pose_speed=inf motion_twist_speed=5.759 motion_disagreement=inf motion_source=none motion_gen=5/0 motion_gen_continuous=false last_dynamics_ok=false max_vel=9.987 vel_limit=7.000 max_acc=0.000 max_jerk=0.000 last_path_status=CLEARANCE_MARGIN last_map=10 map_age=0.503s raw_status=DISABLED raw_cloud=0 raw_age=0.000s ciri_shadow=DISABLED ciri_shadow_result=0 ciri_shadow_queued=0 ciri_shadow_age=infs; no brake command published
[fsm_node-3] [INFO] [1789029267.199766067] [fsm_node]:  -- [OPTIMIZER_PHASE_MEMORY] optimizer=backup event=begin call=13 rss_mib=3108.746 swap_mib=0.000 variables=56 pieces=2
[fsm_node-3] [ERROR] [1789029267.204871991] [fsm_node]:  -- [TRAJ_GUARD_BRAKE_REJECTED] trigger=emergency_stop_retry searched=[0.400,3.000]s speed0=0.000 initial_source=position_difference cmd_age=0.020s cmd_pos_err=0.000 cmd_vel_err=5.759 motion_speed=0.000 motion_dt=0.010s motion_pose_speed=0.000 motion_twist_speed=5.759 motion_disagreement=5.759 motion_source=position_difference motion_gen=5/5 motion_gen_continuous=true last_dynamics_ok=true max_vel=0.000 vel_limit=7.000 max_acc=0.000 max_jerk=0.000 last_path_status=SAFE last_map=10 map_age=0.511s raw_status=DISABLED raw_cloud=0 raw_age=infs ciri_shadow=DISABLED ciri_shadow_result=0 ciri_shadow_queued=0 ciri_shadow_age=infs; no brake command published
[fsm_node-3] [INFO] [1789029267.213448373] [fsm_node]:  -- [OPTIMIZER_PHASE_MEMORY] optimizer=backup event=end call=13 duration_ms=13.703 iterations=1177 ret=1 rss_mib=3108.754 swap_mib=0.000 rss_delta_mib=0.008
[fsm_node-3] [INFO] [1789029267.213602222] [fsm_node]:  -- [OPTIMIZER_PHASE_MEMORY] optimizer=backup event=begin call=14 rss_mib=3108.766 swap_mib=0.000 variables=56 pieces=2
[fsm_node-3] [INFO] [1789029267.218633035] [fsm_node]:  -- [OPTIMIZER_PHASE_MEMORY] optimizer=backup event=end call=14 duration_ms=5.032 iterations=564 ret=1 rss_mib=3108.766 swap_mib=0.000 rss_delta_mib=0.000
[fsm_node-3] [WARN] [1789029267.218667327] [fsm_node]:  -- [SUPER] in [ReplanOnce]: Replan overtime, check parameters, replan dt = 0.152570394.
[perfect_drone_frontend_node-2] [INFO] [1789029267.274277217] [perfect_tracking]: [SENSOR_CADENCE_SUMMARY] frames=50 span_s=4.899126 hz=10.001785 raw_published=0 direct_handoffs=40 payload_bytes=27063776 side_entry_v1_enabled=0 side_entry_v1_spawned=0 side_entry_v1_injected_frames=0
[perfect_drone_frontend_node-2] [INFO] [1789029267.274375490] [perfect_tracking]: [SENSOR_BURST_DROPOUT_SUMMARY] enabled=1 warmup_s=1.000000 period_s=2.000000 duration_s=0.500000 phase_s=1.400000 phase_env_override=1 rendered=50 delivered=40 dropped=10 bursts=2 max_consecutive_dropped=5 max_delivered_gap_s=0.599823 dropped_payload_bytes=8397152
[fsm_node-3] [ERROR] [1789029267.305104053] [fsm_node]:  -- [TRAJ_GUARD_BRAKE_REJECTED] trigger=emergency_stop_retry searched=[0.400,3.000]s speed0=0.000 initial_source=position_difference cmd_age=0.120s cmd_pos_err=0.000 cmd_vel_err=5.759 motion_speed=0.000 motion_dt=0.100s motion_pose_speed=0.000 motion_twist_speed=5.759 motion_disagreement=5.759 motion_source=position_difference motion_gen=5/5 motion_gen_continuous=true last_dynamics_ok=true max_vel=0.000 vel_limit=7.000 max_acc=0.000 max_jerk=0.000 last_path_status=SAFE last_map=10 map_age=0.611s raw_status=DISABLED raw_cloud=0 raw_age=infs ciri_shadow=DISABLED ciri_shadow_result=0 ciri_shadow_queued=0 ciri_shadow_age=infs; no brake command published
[fsm_node-3] [INFO] [1789029267.372338129] [fsm_node]:  -- [FULL_REFRESH_RECOVERY_TARGET] request_seq=2 stamp_ns=1789029267371809224 already_acked=false map=0
[fsm_node-3] [INFO] [1789029267.409839582] [fsm_node]:  -- [FULL_REFRESH_RECOVERY_ACK] request_seq=2 stamp_ns=1789029267371809224 map=11 committed=1
[fsm_node-3] [ERROR] [1789029267.414874271] [fsm_node]:  -- [TRAJ_GUARD_BRAKE_REJECTED] trigger=emergency_stop_retry searched=[0.400,3.000]s speed0=0.000 initial_source=position_difference cmd_age=0.230s cmd_pos_err=0.000 cmd_vel_err=5.759 motion_speed=0.000 motion_dt=0.110s motion_pose_speed=0.000 motion_twist_speed=5.759 motion_disagreement=5.759 motion_source=position_difference motion_gen=5/5 motion_gen_continuous=true last_dynamics_ok=true max_vel=0.000 vel_limit=7.000 max_acc=0.000 max_jerk=0.000 last_path_status=SAFE last_map=11 map_age=0.009s raw_status=DISABLED raw_cloud=0 raw_age=infs ciri_shadow=DISABLED ciri_shadow_result=0 ciri_shadow_queued=0 ciri_shadow_age=infs; no brake command published
[fsm_node-3] [WARN] [1789029267.514995242] [fsm_node]:  -- [TRAJ_GUARD_STATIONARY_HOLD] trigger=emergency_stop_retry stable_for=0.310s displacement=0.000m action=publish_certified_hold
[fsm_node-3] [ERROR] [1789029267.515060941] [fsm_node]:  -- [TRAJ_GUARD_BRAKE] trigger=emergency_stop_retry duration=0.400s speed0=0.000 initial_source=position_difference cmd_age=0.330s cmd_pos_err=0.000 cmd_vel_err=5.759 motion_speed=0.000 motion_dt=0.100s motion_pose_speed=0.000 motion_twist_speed=5.759 motion_disagreement=5.759 motion_source=position_difference motion_gen=5/5 motion_gen_continuous=true max_vel=0.000 vel_limit=7.000 max_acc=0.000 max_jerk=0.000 dynamics_ok=true path_status=SAFE map=12 map_age=0.019s raw_status=DISABLED raw_cloud=0 raw_age=0.000s ciri_shadow=DISABLED ciri_shadow_result=0 ciri_shadow_queued=0 ciri_shadow_age=infs stop=[26.386,0.468,1.405]
[fsm_node-3] [INFO] [1789029267.542163951] [fsm_node]:  -- [OPTIMIZER_PHASE_MEMORY] optimizer=exp event=begin call=12 rss_mib=3110.750 swap_mib=0.000 variables=17 pieces=5
[fsm_node-3] [INFO] [1789029267.546524161] [fsm_node]:  -- [OPTIMIZER_PHASE_MEMORY] optimizer=exp event=end call=12 duration_ms=4.404 iterations=380 ret=1 rss_mib=3110.750 swap_mib=0.000 rss_delta_mib=0.000
[fsm_node-3] [INFO] [1789029267.546583154] [fsm_node]:  -- [SUPER] in [PlanFromRest] GenerateExpTrajectory SUCCESS.
[fsm_node-3] [INFO] [1789029267.632380183] [fsm_node]:  -- [OPTIMIZER_PHASE_MEMORY] optimizer=backup event=begin call=15 rss_mib=3111.238 swap_mib=0.000 variables=42 pieces=2
[fsm_node-3] [INFO] [1789029267.636579946] [fsm_node]:  -- [OPTIMIZER_PHASE_MEMORY] optimizer=backup event=end call=15 duration_ms=4.241 iterations=223 ret=1 rss_mib=3111.246 swap_mib=0.000 rss_delta_mib=0.008
[fsm_node-3] [INFO] [1789029267.636759367] [fsm_node]:  -- [OPTIMIZER_PHASE_MEMORY] optimizer=backup event=begin call=16 rss_mib=3111.258 swap_mib=0.000 variables=42 pieces=2
[fsm_node-3] [INFO] [1789029267.641295109] [fsm_node]:  -- [OPTIMIZER_PHASE_MEMORY] optimizer=backup event=end call=16 duration_ms=4.532 iterations=239 ret=1 rss_mib=3111.258 swap_mib=0.000 rss_delta_mib=0.000
[fsm_node-3] [INFO] [1789029267.641577325] [fsm_node]:  -- [TRAJ_GUARD_COMMIT] phase=PlanFromRest/with_backup gen=6 map=12 samples=247 range=[0.116,1.339] escape=false footprint_egress=false escape_done_tt=-1.000
[fsm_node-3] [INFO] [1789029267.641713639] [fsm_node]:  -- [TRAJ_GUARD_RECOVERY_SIGNAL] active=false
[fsm_node-3] [INFO] [1789029267.641719587] [fsm_node]:  -- [TRAJ_GUARD_RECOVERED] trigger=emergency_stop_retry gen=6 map=12
[fsm_node-3] [INFO] [1789029267.759848651] [fsm_node]:  -- [OPTIMIZER_PHASE_MEMORY] optimizer=exp event=begin call=13 rss_mib=3111.258 swap_mib=0.000 variables=17 pieces=5
[fsm_node-3] [INFO] [1789029267.766798006] [fsm_node]:  -- [OPTIMIZER_PHASE_MEMORY] optimizer=exp event=end call=13 duration_ms=7.011 iterations=632 ret=1 rss_mib=3111.258 swap_mib=0.000 rss_delta_mib=0.000
[fsm_node-3] [INFO] [1789029267.842590731] [fsm_node]:  -- [OPTIMIZER_PHASE_MEMORY] optimizer=backup event=begin call=17 rss_mib=3111.277 swap_mib=0.000 variables=26 pieces=2
[fsm_node-3] [INFO] [1789029267.848726285] [fsm_node]:  -- [OPTIMIZER_PHASE_MEMORY] optimizer=backup event=end call=17 duration_ms=6.169 iterations=964 ret=1 rss_mib=3111.277 swap_mib=0.000 rss_delta_mib=0.000
[fsm_node-3] [INFO] [1789029267.848803409] [fsm_node]:  -- [OPTIMIZER_PHASE_MEMORY] optimizer=backup event=begin call=18 rss_mib=3111.277 swap_mib=0.000 variables=26 pieces=2
[fsm_node-3] [INFO] [1789029267.849288683] [fsm_node]:  -- [OPTIMIZER_PHASE_MEMORY] optimizer=backup event=end call=18 duration_ms=0.484 iterations=116 ret=1 rss_mib=3111.277 swap_mib=0.000 rss_delta_mib=0.000
[fsm_node-3] [WARN] [1789029267.849314460] [fsm_node]:  -- [SUPER] in [ReplanOnce]: Replan overtime, check parameters, replan dt = 0.116601926.
[fsm_node-3] [INFO] [1789029267.865946546] [fsm_node]:  -- [OPTIMIZER_PHASE_MEMORY] optimizer=exp event=begin call=14 rss_mib=3111.277 swap_mib=0.000 variables=17 pieces=5
[fsm_node-3] [INFO] [1789029267.869476426] [fsm_node]:  -- [OPTIMIZER_PHASE_MEMORY] optimizer=exp event=end call=14 duration_ms=3.566 iterations=344 ret=1 rss_mib=3111.277 swap_mib=0.000 rss_delta_mib=0.000
[fsm_node-3]  -- [TRAJ_GUARD_CERT] trigger=poly_publish status=SAFE gen=5 map=10 map_age=0.266s map_age_limit=0.500s motion_speed=4.027mps samples=198 range=[0.084,1.065] collision_tt=-1.000 ttc=-1.000 p=[0.000,0.000,0.000]
[fsm_node-3]  -- [TRAJ_GUARD_CERT] trigger=main_pre status=MAP_STALE gen=5 map=10 map_age=0.501s map_age_limit=0.500s motion_speed=5.759mps samples=0 range=[0.000,0.000] collision_tt=-1.000 ttc=-1.000 p=[0.000,0.000,0.000]
[fsm_node-3] [38;2;000;128;000m -- [Fsm]: [TrajectoryGuardFailClosed] change state from [FOLLOW_TRAJ] to [EMER_STOP].
[fsm_node-3] [0m[38;2;000;128;000m -- [Fsm]: [TrajectoryGuard] change state from [EMER_STOP] to [EMER_STOP].
[fsm_node-3] [0m[38;2;000;128;000m -- [Fsm]: [TrajectoryGuardRecovery] change state from [EMER_STOP] to [GENERATE_TRAJ].
[fsm_node-3] [0m -- [TRAJ_GUARD_CERT] trigger=poly_publish status=SAFE gen=6 map=12 map_age=0.146s map_age_limit=0.550s motion_speed=0.000mps samples=246 range=[0.117,1.339] collision_tt=-1.000 ttc=-1.000 p=[0.000,0.000,0.000]
[fsm_node-3] [38;2;000;128;000m -- [Fsm]: [MainFsmCallback] change state from [GENERATE_TRAJ] to [FOLLOW_TRAJ].
[fsm_node-3] [0m -- [TRAJ_GUARD_CERT] trigger=main_pre status=SAFE gen=6 map=13 map_age=0.002s map_age_limit=0.550s motion_speed=0.967mps samples=235 range=[0.170,1.339] collision_tt=-1.000 ttc=-1.000 p=[0.000,0.000,0.000]
[fsm_node-3] [32m -- [Fsm] Get goal at [0m24.525000000000002 20.025000000000002  1.525000000000000
[fsm_node-3] [32m -- [Fsm] Receive click goal at: [24.525000000000002 20.025000000000002  1.525000000000000]; goal yaw: 0.000000000000000 deg[0m
[fsm_node-3]  -- [TRAJ_GUARD_CERT] trigger=main_pre status=SAFE gen=6 map=14 map_age=0.010s map_age_limit=0.500s motion_speed=4.741mps samples=193 range=[0.380,1.339] collision_tt=-1.000 ttc=-1.000 p=[0.000,0.000,0.000]
[fsm_node-3] [32m -- [Fsm 3.030] Current state: FOLLOW_TRAJ[0m
[fsm_node-3] [INFO] [1789029267.948256934] [fsm_node]:  -- [OPTIMIZER_PHASE_MEMORY] optimizer=backup event=begin call=19 rss_mib=3111.609 swap_mib=0.000 variables=22 pieces=2
[fsm_node-3] [INFO] [1789029267.948987337] [fsm_node]:  -- [OPTIMIZER_PHASE_MEMORY] optimizer=backup event=end call=19 duration_ms=0.767 iterations=181 ret=1 rss_mib=3111.609 swap_mib=0.000 rss_delta_mib=0.000
[fsm_node-3] [INFO] [1789029267.949052870] [fsm_node]:  -- [OPTIMIZER_PHASE_MEMORY] optimizer=backup event=begin call=20 rss_mib=3111.609 swap_mib=0.000 variables=22 pieces=2
[fsm_node-3] [INFO] [1789029267.951384772] [fsm_node]:  -- [OPTIMIZER_PHASE_MEMORY] optimizer=backup event=end call=20 duration_ms=2.331 iterations=528 ret=1 rss_mib=3111.609 swap_mib=0.000 rss_delta_mib=0.000
[fsm_node-3] [WARN] [1789029267.951446206] [fsm_node]:  -- [SUPER] in [ReplanOnce]: Replan overtime, check parameters, replan dt = 0.101916874.
[fsm_node-3] [INFO] [1789029267.974706766] [fsm_node]:  -- [OPTIMIZER_PHASE_MEMORY] optimizer=exp event=begin call=15 rss_mib=3111.609 swap_mib=0.000 variables=13 pieces=4
[fsm_node-3] [INFO] [1789029267.976277167] [fsm_node]:  -- [OPTIMIZER_PHASE_MEMORY] optimizer=exp event=end call=15 duration_ms=1.630 iterations=171 ret=1 rss_mib=3111.609 swap_mib=0.000 rss_delta_mib=0.000
[fsm_node-3] [INFO] [1789029268.052439758] [fsm_node]:  -- [OPTIMIZER_PHASE_MEMORY] optimizer=backup event=begin call=21 rss_mib=3113.105 swap_mib=0.000 variables=22 pieces=2
[fsm_node-3] [INFO] [1789029268.053790455] [fsm_node]:  -- [OPTIMIZER_PHASE_MEMORY] optimizer=backup event=end call=21 duration_ms=1.422 iterations=290 ret=1 rss_mib=3113.105 swap_mib=0.000 rss_delta_mib=0.000
[fsm_node-3] [INFO] [1789029268.053859952] [fsm_node]:  -- [OPTIMIZER_PHASE_MEMORY] optimizer=backup event=begin call=22 rss_mib=3113.105 swap_mib=0.000 variables=22 pieces=2
[fsm_node-3] [INFO] [1789029268.055842532] [fsm_node]:  -- [OPTIMIZER_PHASE_MEMORY] optimizer=backup event=end call=22 duration_ms=1.974 iterations=461 ret=1 rss_mib=3113.105 swap_mib=0.000 rss_delta_mib=0.000
[fsm_node-3] [WARN] [1789029268.055875305] [fsm_node]:  -- [SUPER] in [ReplanOnce]: Replan overtime, check parameters, replan dt = 0.104211234.
[fsm_node-3] [INFO] [1789029268.076479893] [fsm_node]:  -- [OPTIMIZER_PHASE_MEMORY] optimizer=exp event=begin call=16 rss_mib=3113.105 swap_mib=0.000 variables=13 pieces=4
[fsm_node-3] [INFO] [1789029268.078275926] [fsm_node]:  -- [OPTIMIZER_PHASE_MEMORY] optimizer=exp event=end call=16 duration_ms=1.867 iterations=194 ret=1 rss_mib=3113.105 swap_mib=0.000 rss_delta_mib=0.000
[fsm_node-3] [INFO] [1789029268.145267845] [fsm_node]:  -- [OPTIMIZER_PHASE_MEMORY] optimizer=backup event=begin call=23 rss_mib=3113.105 swap_mib=0.000 variables=30 pieces=2
[fsm_node-3] [INFO] [1789029268.146039787] [fsm_node]:  -- [OPTIMIZER_PHASE_MEMORY] optimizer=backup event=end call=23 duration_ms=0.816 iterations=179 ret=1 rss_mib=3113.105 swap_mib=0.000 rss_delta_mib=0.000
[fsm_node-3] [INFO] [1789029268.146108280] [fsm_node]:  -- [OPTIMIZER_PHASE_MEMORY] optimizer=backup event=begin call=24 rss_mib=3113.105 swap_mib=0.000 variables=30 pieces=2
[fsm_node-3] [INFO] [1789029268.147452994] [fsm_node]:  -- [OPTIMIZER_PHASE_MEMORY] optimizer=backup event=end call=24 duration_ms=1.343 iterations=309 ret=1 rss_mib=3113.105 swap_mib=0.000 rss_delta_mib=0.000
[fsm_node-3] [WARN] [1789029268.147480949] [fsm_node]:  -- [SUPER] in [ReplanOnce]: Replan overtime, check parameters, replan dt = 0.091460154.
[fsm_node-3] [INFO] [1789029268.164575080] [fsm_node]:  -- [OPTIMIZER_PHASE_MEMORY] optimizer=exp event=begin call=17 rss_mib=3113.105 swap_mib=0.000 variables=13 pieces=4
[fsm_node-3] [INFO] [1789029268.167504806] [fsm_node]:  -- [OPTIMIZER_PHASE_MEMORY] optimizer=exp event=end call=17 duration_ms=2.968 iterations=318 ret=1 rss_mib=3113.105 swap_mib=0.000 rss_delta_mib=0.000
[fsm_node-3] [INFO] [1789029268.240702929] [fsm_node]:  -- [OPTIMIZER_PHASE_MEMORY] optimizer=backup event=begin call=25 rss_mib=3114.750 swap_mib=0.000 variables=18 pieces=2
[fsm_node-3] [INFO] [1789029268.242840630] [fsm_node]:  -- [OPTIMIZER_PHASE_MEMORY] optimizer=backup event=end call=25 duration_ms=2.188 iterations=451 ret=1 rss_mib=3114.750 swap_mib=0.000 rss_delta_mib=0.000
[fsm_node-3] [INFO] [1789029268.242919729] [fsm_node]:  -- [OPTIMIZER_PHASE_MEMORY] optimizer=backup event=begin call=26 rss_mib=3114.750 swap_mib=0.000 variables=18 pieces=2
[fsm_node-3] [INFO] [1789029268.245618759] [fsm_node]:  -- [OPTIMIZER_PHASE_MEMORY] optimizer=backup event=end call=26 duration_ms=2.688 iterations=520 ret=1 rss_mib=3114.750 swap_mib=0.000 rss_delta_mib=0.000
[fsm_node-3] [WARN] [1789029268.245656932] [fsm_node]:  -- [SUPER] in [ReplanOnce]: Replan overtime, check parameters, replan dt = 0.098005527.
[fsm_node-3] [INFO] [1789029268.264455030] [fsm_node]:  -- [OPTIMIZER_PHASE_MEMORY] optimizer=exp event=begin call=18 rss_mib=3114.750 swap_mib=0.000 variables=17 pieces=5
[fsm_node-3] [INFO] [1789029268.268265125] [fsm_node]:  -- [OPTIMIZER_PHASE_MEMORY] optimizer=exp event=end call=18 duration_ms=3.861 iterations=332 ret=1 rss_mib=3114.750 swap_mib=0.000 rss_delta_mib=0.000
[fsm_node-3] [INFO] [1789029268.343892359] [fsm_node]:  -- [OPTIMIZER_PHASE_MEMORY] optimizer=backup event=begin call=27 rss_mib=3114.750 swap_mib=0.000 variables=22 pieces=2
[fsm_node-3] [INFO] [1789029268.344704108] [fsm_node]:  -- [OPTIMIZER_PHASE_MEMORY] optimizer=backup event=end call=27 duration_ms=0.857 iterations=172 ret=1 rss_mib=3114.750 swap_mib=0.000 rss_delta_mib=0.000
[fsm_node-3] [INFO] [1789029268.344783203] [fsm_node]:  -- [OPTIMIZER_PHASE_MEMORY] optimizer=backup event=begin call=28 rss_mib=3114.750 swap_mib=0.000 variables=22 pieces=2
[fsm_node-3] [INFO] [1789029268.346478842] [fsm_node]:  -- [OPTIMIZER_PHASE_MEMORY] optimizer=backup event=end call=28 duration_ms=1.696 iterations=363 ret=1 rss_mib=3114.750 swap_mib=0.000 rss_delta_mib=0.000
[fsm_node-3] [WARN] [1789029268.346511529] [fsm_node]:  -- [SUPER] in [ReplanOnce]: Replan overtime, check parameters, replan dt = 0.100710059.
[fsm_node-3] [INFO] [1789029268.363796212] [fsm_node]:  -- [OPTIMIZER_PHASE_MEMORY] optimizer=exp event=begin call=19 rss_mib=3114.750 swap_mib=0.000 variables=13 pieces=4
[fsm_node-3] [INFO] [1789029268.366728697] [fsm_node]:  -- [OPTIMIZER_PHASE_MEMORY] optimizer=exp event=end call=19 duration_ms=2.983 iterations=289 ret=1 rss_mib=3114.750 swap_mib=0.000 rss_delta_mib=0.000
[fsm_node-3] [INFO] [1789029268.448426315] [fsm_node]:  -- [OPTIMIZER_PHASE_MEMORY] optimizer=backup event=begin call=29 rss_mib=3114.934 swap_mib=0.000 variables=22 pieces=2
[fsm_node-3] [INFO] [1789029268.449150378] [fsm_node]:  -- [OPTIMIZER_PHASE_MEMORY] optimizer=backup event=end call=29 duration_ms=0.788 iterations=159 ret=1 rss_mib=3114.934 swap_mib=0.000 rss_delta_mib=0.000
[fsm_node-3] [INFO] [1789029268.449228746] [fsm_node]:  -- [OPTIMIZER_PHASE_MEMORY] optimizer=backup event=begin call=30 rss_mib=3114.945 swap_mib=0.000 variables=22 pieces=2
[fsm_node-3] [INFO] [1789029268.450697519] [fsm_node]:  -- [OPTIMIZER_PHASE_MEMORY] optimizer=backup event=end call=30 duration_ms=1.467 iterations=323 ret=1 rss_mib=3114.945 swap_mib=0.000 rss_delta_mib=0.000
[fsm_node-3] [WARN] [1789029268.450730479] [fsm_node]:  -- [SUPER] in [ReplanOnce]: Replan overtime, check parameters, replan dt = 0.104066095.
[fsm_node-3] [INFO] [1789029268.467830489] [fsm_node]:  -- [OPTIMIZER_PHASE_MEMORY] optimizer=exp event=begin call=20 rss_mib=3114.945 swap_mib=0.000 variables=17 pieces=5
[fsm_node-3] [INFO] [1789029268.471107383] [fsm_node]:  -- [OPTIMIZER_PHASE_MEMORY] optimizer=exp event=end call=20 duration_ms=3.317 iterations=278 ret=1 rss_mib=3114.945 swap_mib=0.000 rss_delta_mib=0.000
[fsm_node-3] [INFO] [1789029268.545921896] [fsm_node]:  -- [OPTIMIZER_PHASE_MEMORY] optimizer=backup event=begin call=31 rss_mib=3115.730 swap_mib=0.000 variables=18 pieces=2
[fsm_node-3] [INFO] [1789029268.546798597] [fsm_node]:  -- [OPTIMIZER_PHASE_MEMORY] optimizer=backup event=end call=31 duration_ms=0.937 iterations=196 ret=1 rss_mib=3115.730 swap_mib=0.000 rss_delta_mib=0.000
[fsm_node-3] [INFO] [1789029268.546873787] [fsm_node]:  -- [OPTIMIZER_PHASE_MEMORY] optimizer=backup event=begin call=32 rss_mib=3115.730 swap_mib=0.000 variables=18 pieces=2
[fsm_node-3] [INFO] [1789029268.550240035] [fsm_node]:  -- [OPTIMIZER_PHASE_MEMORY] optimizer=backup event=end call=32 duration_ms=3.366 iterations=573 ret=1 rss_mib=3115.730 swap_mib=0.000 rss_delta_mib=0.000
[fsm_node-3] [WARN] [1789029268.550274582] [fsm_node]:  -- [SUPER] in [ReplanOnce]: Replan overtime, check parameters, replan dt = 0.099377407.
[fsm_node-3] [INFO] [1789029268.569090905] [fsm_node]:  -- [OPTIMIZER_PHASE_MEMORY] optimizer=exp event=begin call=21 rss_mib=3115.730 swap_mib=0.000 variables=13 pieces=4
[fsm_node-3] [INFO] [1789029268.577684459] [fsm_node]:  -- [OPTIMIZER_PHASE_MEMORY] optimizer=exp event=end call=21 duration_ms=8.608 iterations=786 ret=1 rss_mib=3115.730 swap_mib=0.000 rss_delta_mib=0.000
[fsm_node-3] [INFO] [1789029268.668338856] [fsm_node]:  -- [OPTIMIZER_PHASE_MEMORY] optimizer=backup event=begin call=33 rss_mib=3116.012 swap_mib=0.000 variables=22 pieces=2
[fsm_node-3] [INFO] [1789029268.670128371] [fsm_node]:  -- [OPTIMIZER_PHASE_MEMORY] optimizer=backup event=end call=33 duration_ms=1.830 iterations=335 ret=1 rss_mib=3116.012 swap_mib=0.000 rss_delta_mib=0.000
[fsm_node-3] [INFO] [1789029268.670248932] [fsm_node]:  -- [OPTIMIZER_PHASE_MEMORY] optimizer=backup event=begin call=34 rss_mib=3116.012 swap_mib=0.000 variables=22 pieces=2
[fsm_node-3] [INFO] [1789029268.671955327] [fsm_node]:  -- [OPTIMIZER_PHASE_MEMORY] optimizer=backup event=end call=34 duration_ms=1.705 iterations=370 ret=1 rss_mib=3116.012 swap_mib=0.000 rss_delta_mib=0.000
[fsm_node-3] [WARN] [1789029268.671989973] [fsm_node]:  -- [SUPER] in [ReplanOnce]: Replan overtime, check parameters, replan dt = 0.121465172.
[fsm_node-3] [INFO] [1789029268.690557094] [fsm_node]:  -- [OPTIMIZER_PHASE_MEMORY] optimizer=exp event=begin call=22 rss_mib=3116.078 swap_mib=0.000 variables=13 pieces=4
[fsm_node-3] [INFO] [1789029268.693296639] [fsm_node]:  -- [OPTIMIZER_PHASE_MEMORY] optimizer=exp event=end call=22 duration_ms=2.781 iterations=257 ret=1 rss_mib=3116.078 swap_mib=0.000 rss_delta_mib=0.000
[fsm_node-3] [INFO] [1789029268.776312652] [fsm_node]:  -- [OPTIMIZER_PHASE_MEMORY] optimizer=backup event=begin call=35 rss_mib=3116.547 swap_mib=0.000 variables=26 pieces=2
[fsm_node-3] [INFO] [1789029268.780439744] [fsm_node]:  -- [OPTIMIZER_PHASE_MEMORY] optimizer=backup event=end call=35 duration_ms=4.151 iterations=523 ret=1 rss_mib=3116.547 swap_mib=0.000 rss_delta_mib=0.000
[fsm_node-3] [INFO] [1789029268.780628305] [fsm_node]:  -- [OPTIMIZER_PHASE_MEMORY] optimizer=backup event=begin call=36 rss_mib=3116.547 swap_mib=0.000 variables=26 pieces=2
[fsm_node-3] [INFO] [1789029268.781439168] [fsm_node]:  -- [OPTIMIZER_PHASE_MEMORY] optimizer=backup event=end call=36 duration_ms=0.815 iterations=134 ret=1 rss_mib=3116.547 swap_mib=0.000 rss_delta_mib=0.000
[fsm_node-3] [WARN] [1789029268.781500495] [fsm_node]:  -- [SUPER] in [ReplanOnce]: Replan overtime, check parameters, replan dt = 0.109318063.
[fsm_node-3] [INFO] [1789029268.787462212] [fsm_node]:  -- [TRAJ_GUARD_COMMIT] phase=ReplanOnce/no_backup gen=7 map=19 samples=76 range=[1.262,1.629] escape=false footprint_egress=false escape_done_tt=-1.000
[fsm_node-3]  -- [TRAJ_GUARD_CERT] trigger=main_pre status=SAFE gen=6 map=15 map_age=0.008s map_age_limit=0.500s motion_speed=6.227mps samples=171 range=[0.490,1.339] collision_tt=-1.000 ttc=-1.000 p=[0.000,0.000,0.000]
[fsm_node-3]  -- [TRAJ_GUARD_CERT] trigger=main_pre status=SAFE gen=6 map=16 map_age=0.010s map_age_limit=0.500s motion_speed=6.998mps samples=131 range=[0.690,1.339] collision_tt=-1.000 ttc=-1.000 p=[0.000,0.000,0.000]
[fsm_node-3]  -- [TRAJ_GUARD_CERT] trigger=main_pre status=SAFE gen=6 map=17 map_age=0.003s map_age_limit=0.500s motion_speed=6.952mps samples=95 range=[0.870,1.339] collision_tt=-1.000 ttc=-1.000 p=[0.000,0.000,0.000]
[fsm_node-3]  -- [TRAJ_GUARD_CERT] trigger=main_pre status=SAFE gen=6 map=18 map_age=0.007s map_age_limit=0.500s motion_speed=5.858mps samples=73 range=[0.980,1.339] collision_tt=-1.000 ttc=-1.000 p=[0.000,0.000,0.000]
[fsm_node-3]  -- [TRAJ_GUARD_CERT] trigger=main_pre status=SAFE gen=6 map=19 map_age=0.008s map_age_limit=0.500s motion_speed=3.932mps samples=53 range=[1.080,1.339] collision_tt=-1.000 ttc=-1.000 p=[0.000,0.000,0.000]
[fsm_node-3] [32m -- [Fsm] ReplanOnce succeed.[0m
[fsm_node-3] [INFO] [1789029268.811304344] [fsm_node]:  -- [OPTIMIZER_PHASE_MEMORY] optimizer=exp event=begin call=23 rss_mib=3116.547 swap_mib=0.000 variables=17 pieces=5
[fsm_node-3] [INFO] [1789029268.814654644] [fsm_node]:  -- [OPTIMIZER_PHASE_MEMORY] optimizer=exp event=end call=23 duration_ms=3.380 iterations=226 ret=1 rss_mib=3116.547 swap_mib=0.000 rss_delta_mib=0.000
[fsm_node-3]  -- [TRAJ_GUARD_CERT] trigger=poly_publish status=SAFE gen=7 map=19 map_age=0.191s map_age_limit=0.550s motion_speed=0.460mps samples=75 range=[1.263,1.629] collision_tt=-1.000 ttc=-1.000 p=[0.000,0.000,0.000]
[fsm_node-3]  -- [TRAJ_GUARD_CERT] trigger=main_pre status=SAFE gen=7 map=20 map_age=0.005s map_age_limit=0.500s motion_speed=4.609mps samples=71 range=[1.280,1.629] collision_tt=-1.000 ttc=-1.000 p=[0.000,0.000,0.000]
[fsm_node-3] [32m -- [Fsm] Get goal at [0m24.525000000000002 20.025000000000002  1.525000000000000
[fsm_node-3] [32m -- [Fsm] Receive click goal at: [24.525000000000002 20.025000000000002  1.525000000000000]; goal yaw: 0.000000000000000 deg[0m
[fsm_node-3] [INFO] [1789029268.906075829] [fsm_node]:  -- [OPTIMIZER_PHASE_MEMORY] optimizer=backup event=begin call=37 rss_mib=3116.547 swap_mib=0.000 variables=26 pieces=2
[fsm_node-3] [INFO] [1789029268.909506018] [fsm_node]:  -- [OPTIMIZER_PHASE_MEMORY] optimizer=backup event=end call=37 duration_ms=3.488 iterations=477 ret=1 rss_mib=3116.547 swap_mib=0.000 rss_delta_mib=0.000
[fsm_node-3] [INFO] [1789029268.909609631] [fsm_node]:  -- [OPTIMIZER_PHASE_MEMORY] optimizer=backup event=begin call=38 rss_mib=3116.547 swap_mib=0.000 variables=26 pieces=2
[fsm_node-3] [INFO] [1789029268.915403408] [fsm_node]:  -- [OPTIMIZER_PHASE_MEMORY] optimizer=backup event=end call=38 duration_ms=5.788 iterations=718 ret=1 rss_mib=3116.547 swap_mib=0.000 rss_delta_mib=0.000
[fsm_node-3] [WARN] [1789029268.915453373] [fsm_node]:  -- [SUPER] in [ReplanOnce]: Replan overtime, check parameters, replan dt = 0.126889624.
[fsm_node-3] [INFO] [1789029268.939913227] [fsm_node]:  -- [OPTIMIZER_PHASE_MEMORY] optimizer=exp event=begin call=24 rss_mib=3116.547 swap_mib=0.000 variables=17 pieces=5
[fsm_node-3] [INFO] [1789029268.942961005] [fsm_node]:  -- [OPTIMIZER_PHASE_MEMORY] optimizer=exp event=end call=24 duration_ms=3.106 iterations=225 ret=1 rss_mib=3116.547 swap_mib=0.000 rss_delta_mib=0.000
[fsm_node-3] [32m -- [Fsm 4.040] Current state: FOLLOW_TRAJ[0m
[fsm_node-3] [INFO] [1789029269.038456321] [fsm_node]:  -- [OPTIMIZER_PHASE_MEMORY] optimizer=backup event=begin call=39 rss_mib=3116.547 swap_mib=0.000 variables=22 pieces=2
[fsm_node-3] [INFO] [1789029269.040510314] [fsm_node]:  -- [OPTIMIZER_PHASE_MEMORY] optimizer=backup event=end call=39 duration_ms=2.088 iterations=392 ret=1 rss_mib=3116.547 swap_mib=0.000 rss_delta_mib=0.000
[fsm_node-3] [INFO] [1789029269.040596211] [fsm_node]:  -- [OPTIMIZER_PHASE_MEMORY] optimizer=backup event=begin call=40 rss_mib=3116.547 swap_mib=0.000 variables=22 pieces=2
[fsm_node-3] [INFO] [1789029269.042347105] [fsm_node]:  -- [OPTIMIZER_PHASE_MEMORY] optimizer=backup event=end call=40 duration_ms=1.750 iterations=319 ret=1 rss_mib=3116.547 swap_mib=0.000 rss_delta_mib=0.000
[fsm_node-3] [WARN] [1789029269.042410941] [fsm_node]:  -- [SUPER] in [ReplanOnce]: Replan overtime, check parameters, replan dt = 0.126719045.
[fsm_node-3] [INFO] [1789029269.065941602] [fsm_node]:  -- [OPTIMIZER_PHASE_MEMORY] optimizer=exp event=begin call=25 rss_mib=3116.594 swap_mib=0.000 variables=17 pieces=5
[fsm_node-3] [INFO] [1789029269.071272442] [fsm_node]:  -- [OPTIMIZER_PHASE_MEMORY] optimizer=exp event=end call=25 duration_ms=5.385 iterations=381 ret=1 rss_mib=3116.594 swap_mib=0.000 rss_delta_mib=0.000
[fsm_node-3] [32m -- [Fsm] Traj finish.[0m
[fsm_node-3] [INFO] [1789029269.165145376] [fsm_node]:  -- [OPTIMIZER_PHASE_MEMORY] optimizer=backup event=begin call=41 rss_mib=3116.984 swap_mib=0.000 variables=22 pieces=2
[fsm_node-3] [INFO] [1789029269.169338138] [fsm_node]:  -- [OPTIMIZER_PHASE_MEMORY] optimizer=backup event=end call=41 duration_ms=4.224 iterations=706 ret=1 rss_mib=3116.984 swap_mib=0.000 rss_delta_mib=0.000
[fsm_node-3] [INFO] [1789029269.169443366] [fsm_node]:  -- [OPTIMIZER_PHASE_MEMORY] optimizer=backup event=begin call=42 rss_mib=3116.984 swap_mib=0.000 variables=22 pieces=2
[fsm_node-3] [INFO] [1789029269.172160583] [fsm_node]:  -- [OPTIMIZER_PHASE_MEMORY] optimizer=backup event=end call=42 duration_ms=2.713 iterations=487 ret=1 rss_mib=3116.984 swap_mib=0.000 rss_delta_mib=0.000
[fsm_node-3] [WARN] [1789029269.172198263] [fsm_node]:  -- [SUPER] in [ReplanOnce]: Replan overtime, check parameters, replan dt = 0.12960595.
[fsm_node-3] [WARN] [1789029269.172227361] [fsm_node]:  -- [TRAJ_GUARD_RECOVERY_EPISODE_RESET] reason=horizontal_progress progress=7.658m threshold=2.000m prior_local=0 prior_vertical=0 prior_base=0
[fsm_node-3] [INFO] [1789029269.196366791] [fsm_node]:  -- [OPTIMIZER_PHASE_MEMORY] optimizer=exp event=begin call=26 rss_mib=3116.984 swap_mib=0.000 variables=17 pieces=5
[fsm_node-3] [INFO] [1789029269.205251695] [fsm_node]:  -- [OPTIMIZER_PHASE_MEMORY] optimizer=exp event=end call=26 duration_ms=8.931 iterations=591 ret=1 rss_mib=3116.984 swap_mib=0.000 rss_delta_mib=0.000
[fsm_node-3] [INFO] [1789029269.205321157] [fsm_node]:  -- [SUPER] in [PlanFromRest] GenerateExpTrajectory SUCCESS.
[fsm_node-3] [INFO] [1789029269.300790912] [fsm_node]:  -- [OPTIMIZER_PHASE_MEMORY] optimizer=backup event=begin call=43 rss_mib=3116.984 swap_mib=0.000 variables=26 pieces=2
[fsm_node-3] [INFO] [1789029269.304786494] [fsm_node]:  -- [OPTIMIZER_PHASE_MEMORY] optimizer=backup event=end call=43 duration_ms=4.026 iterations=582 ret=1 rss_mib=3116.984 swap_mib=0.000 rss_delta_mib=0.000
[fsm_node-3] [INFO] [1789029269.304884978] [fsm_node]:  -- [OPTIMIZER_PHASE_MEMORY] optimizer=backup event=begin call=44 rss_mib=3116.984 swap_mib=0.000 variables=26 pieces=2
[fsm_node-3] [INFO] [1789029269.314027177] [fsm_node]:  -- [OPTIMIZER_PHASE_MEMORY] optimizer=backup event=end call=44 duration_ms=9.136 iterations=1073 ret=1 rss_mib=3116.984 swap_mib=0.000 rss_delta_mib=0.000
[fsm_node-3] [INFO] [1789029269.314422994] [fsm_node]:  -- [TRAJ_GUARD_COMMIT] phase=PlanFromRest/with_backup gen=8 map=20 samples=278 range=[0.142,1.519] escape=false footprint_egress=false escape_done_tt=-1.000
[fsm_node-3] [INFO] [1789029269.354676639] [fsm_node]:  -- [FULL_REFRESH_RECOVERY_GATE_ARM] min_request_seq=3
[fsm_node-3] [INFO] [1789029269.354779467] [fsm_node]:  -- [TRAJ_GUARD_RECOVERY_SIGNAL] active=true
[fsm_node-3] [ERROR] [1789029269.356663213] [fsm_node]:  -- [TRAJ_GUARD_BRAKE_REJECTED] trigger=main_pre_uncertified searched=[0.400,3.000]s speed0=1.051 initial_source=fresh_command cmd_age=0.010s cmd_pos_err=0.000 cmd_vel_err=inf motion_speed=inf motion_dt=infs motion_pose_speed=inf motion_twist_speed=1.051 motion_disagreement=inf motion_source=none motion_gen=8/5 motion_gen_continuous=false last_dynamics_ok=false max_vel=7.134 vel_limit=7.000 max_acc=0.000 max_jerk=0.000 last_path_status=UNOBSERVED last_map=20 map_age=0.557s raw_status=DISABLED raw_cloud=0 raw_age=0.000s ciri_shadow=DISABLED ciri_shadow_result=0 ciri_shadow_queued=0 ciri_shadow_age=infs; no brake command published
[fsm_node-3] [ERROR] [1789029269.366754344] [fsm_node]:  -- [TRAJ_GUARD_BRAKE_REJECTED] trigger=emergency_stop_retry searched=[0.400,3.000]s speed0=1.051 initial_source=fresh_command cmd_age=0.020s cmd_pos_err=0.000 cmd_vel_err=1.051 motion_speed=0.000 motion_dt=0.010s motion_pose_speed=0.000 motion_twist_speed=1.051 motion_disagreement=1.051 motion_source=position_difference motion_gen=8/8 motion_gen_continuous=true last_dynamics_ok=false max_vel=7.134 vel_limit=7.000 max_acc=0.000 max_jerk=0.000 last_path_status=UNOBSERVED last_map=20 map_age=0.567s raw_status=DISABLED raw_cloud=0 raw_age=0.000s ciri_shadow=DISABLED ciri_shadow_result=0 ciri_shadow_queued=0 ciri_shadow_age=infs; no brake command published
[fsm_node-3] [INFO] [1789029269.376476087] [fsm_node]:  -- [FULL_REFRESH_RECOVERY_TARGET] request_seq=3 stamp_ns=1789029269374685654 already_acked=false map=0
[fsm_node-3] [INFO] [1789029269.422633260] [fsm_node]:  -- [FULL_REFRESH_RECOVERY_ACK] request_seq=3 stamp_ns=1789029269374685654 map=21 committed=1
[fsm_node-3] [ERROR] [1789029269.474689774] [fsm_node]:  -- [TRAJ_GUARD_BRAKE_REJECTED] trigger=emergency_stop_retry searched=[0.400,3.000]s speed0=0.000 initial_source=position_difference cmd_age=0.130s cmd_pos_err=0.000 cmd_vel_err=1.051 motion_speed=0.000 motion_dt=0.110s motion_pose_speed=0.000 motion_twist_speed=1.051 motion_disagreement=1.051 motion_source=position_difference motion_gen=8/8 motion_gen_continuous=true last_dynamics_ok=true max_vel=0.000 vel_limit=7.000 max_acc=0.000 max_jerk=0.000 last_path_status=SAFE last_map=21 map_age=0.054s raw_status=DISABLED raw_cloud=0 raw_age=infs ciri_shadow=DISABLED ciri_shadow_result=0 ciri_shadow_queued=0 ciri_shadow_age=infs; no brake command published
[fsm_node-3] [ERROR] [1789029269.584710938] [fsm_node]:  -- [TRAJ_GUARD_BRAKE_REJECTED] trigger=emergency_stop_retry searched=[0.400,3.000]s speed0=0.000 initial_source=position_difference cmd_age=0.240s cmd_pos_err=0.000 cmd_vel_err=1.051 motion_speed=0.000 motion_dt=0.110s motion_pose_speed=0.000 motion_twist_speed=1.051 motion_disagreement=1.051 motion_source=position_difference motion_gen=8/8 motion_gen_continuous=true last_dynamics_ok=true max_vel=0.000 vel_limit=7.000 max_acc=0.000 max_jerk=0.000 last_path_status=SAFE last_map=22 map_age=0.078s raw_status=DISABLED raw_cloud=0 raw_age=infs ciri_shadow=DISABLED ciri_shadow_result=0 ciri_shadow_queued=0 ciri_shadow_age=infs; no brake command published
[fsm_node-3] [WARN] [1789029269.684718618] [fsm_node]:  -- [TRAJ_GUARD_STATIONARY_HOLD] trigger=emergency_stop_retry stable_for=0.320s displacement=0.000m action=publish_certified_hold
[fsm_node-3] [ERROR] [1789029269.684779727] [fsm_node]:  -- [TRAJ_GUARD_BRAKE] trigger=emergency_stop_retry duration=0.400s speed0=0.000 initial_source=position_difference cmd_age=0.340s cmd_pos_err=0.000 cmd_vel_err=1.051 motion_speed=0.000 motion_dt=0.100s motion_pose_speed=0.000 motion_twist_speed=1.051 motion_disagreement=1.051 motion_source=position_difference motion_gen=8/8 motion_gen_continuous=true max_vel=0.000 vel_limit=7.000 max_acc=0.000 max_jerk=0.000 dynamics_ok=true path_status=SAFE map=23 map_age=0.091s raw_status=DISABLED raw_cloud=0 raw_age=0.000s ciri_shadow=DISABLED ciri_shadow_result=0 ciri_shadow_queued=0 ciri_shadow_age=infs stop=[26.698,7.371,1.475]
[fsm_node-3] [INFO] [1789029269.717279510] [fsm_node]:  -- [OPTIMIZER_PHASE_MEMORY] optimizer=exp event=begin call=27 rss_mib=3121.141 swap_mib=0.000 variables=17 pieces=5
[fsm_node-3] [INFO] [1789029269.721220956] [fsm_node]:  -- [OPTIMIZER_PHASE_MEMORY] optimizer=exp event=end call=27 duration_ms=4.004 iterations=294 ret=1 rss_mib=3121.148 swap_mib=0.000 rss_delta_mib=0.008
[fsm_node-3] [INFO] [1789029269.721272187] [fsm_node]:  -- [SUPER] in [PlanFromRest] GenerateExpTrajectory SUCCESS.
[fsm_node-3] [INFO] [1789029269.845119568] [fsm_node]:  -- [OPTIMIZER_PHASE_MEMORY] optimizer=backup event=begin call=45 rss_mib=3121.730 swap_mib=0.000 variables=26 pieces=2
[fsm_node-3] [INFO] [1789029269.848883483] [fsm_node]:  -- [OPTIMIZER_PHASE_MEMORY] optimizer=backup event=end call=45 duration_ms=3.818 iterations=573 ret=1 rss_mib=3121.730 swap_mib=0.000 rss_delta_mib=0.000
[fsm_node-3] [INFO] [1789029269.848992417] [fsm_node]:  -- [OPTIMIZER_PHASE_MEMORY] optimizer=backup event=begin call=46 rss_mib=3121.742 swap_mib=0.000 variables=26 pieces=2
[fsm_node-3] [INFO] [1789029269.849779060] [fsm_node]:  -- [OPTIMIZER_PHASE_MEMORY] optimizer=backup event=end call=46 duration_ms=0.787 iterations=154 ret=1 rss_mib=3121.742 swap_mib=0.000 rss_delta_mib=0.000
[fsm_node-3] [INFO] [1789029269.850185640] [fsm_node]:  -- [TRAJ_GUARD_COMMIT] phase=PlanFromRest/with_backup gen=9 map=24 samples=284 range=[0.155,1.561] escape=false footprint_egress=false escape_done_tt=-1.000
[fsm_node-3] [INFO] [1789029269.850370499] [fsm_node]:  -- [TRAJ_GUARD_RECOVERY_SIGNAL] active=false
[fsm_node-3] [INFO] [1789029269.850377688] [fsm_node]:  -- [TRAJ_GUARD_RECOVERED] trigger=emergency_stop_retry gen=9 map=23
[fsm_node-3] [38;2;000;128;000m -- [Fsm]: [PubCmdCallback] change state from [FOLLOW_TRAJ] to [GENERATE_TRAJ].
[fsm_node-3] [0m -- [TRAJ_GUARD_CERT] trigger=poly_publish status=SAFE gen=8 map=20 map_age=0.515s map_age_limit=0.550s motion_speed=0.000mps samples=277 range=[0.142,1.519] collision_tt=-1.000 ttc=-1.000 p=[0.000,0.000,0.000]
[fsm_node-3] [38;2;000;128;000m -- [Fsm]: [MainFsmCallback] change state from [GENERATE_TRAJ] to [FOLLOW_TRAJ].
[fsm_node-3] [0m -- [TRAJ_GUARD_CERT] trigger=main_pre status=MAP_STALE gen=8 map=20 map_age=0.555s map_age_limit=0.550s motion_speed=1.051mps samples=0 range=[0.000,0.000] collision_tt=-1.000 ttc=-1.000 p=[0.000,0.000,0.000]
[fsm_node-3] [38;2;000;128;000m -- [Fsm]: [TrajectoryGuardFailClosed] change state from [FOLLOW_TRAJ] to [EMER_STOP].
[fsm_node-3] [0m[38;2;000;128;000m -- [Fsm]: [TrajectoryGuard] change state from [EMER_STOP] to [EMER_STOP].
[fsm_node-3] [0m[38;2;000;128;000m -- [Fsm]: [TrajectoryGuardRecovery] change state from [EMER_STOP] to [GENERATE_TRAJ].
[fsm_node-3] [0m -- [TRAJ_GUARD_CERT] trigger=poly_publish status=SAFE gen=9 map=24 map_age=0.050s map_age_limit=0.550s motion_speed=0.000mps samples=283 range=[0.156,1.561] collision_tt=-1.000 ttc=-1.000 p=[0.000,0.000,0.000]
[fsm_node-3] [38;2;000;128;000m -- [Fsm]: [MainFsmCallback] change state from [GENERATE_TRAJ] to [FOLLOW_TRAJ].
[fsm_node-3] [0m[32m -- [Fsm] Get goal at [0m24.525000000000002 20.025000000000002  1.525000000000000
[fsm_node-3] [32m -- [Fsm] Receive click goal at: [24.525000000000002 20.025000000000002  1.525000000000000]; goal yaw: 0.000000000000000 deg[0m
[fsm_node-3] [INFO] [1789029269.936810479] [fsm_node]:  -- [OPTIMIZER_PHASE_MEMORY] optimizer=exp event=begin call=28 rss_mib=3121.742 swap_mib=0.000 variables=17 pieces=5
[fsm_node-3] [INFO] [1789029269.947775983] [fsm_node]:  -- [OPTIMIZER_PHASE_MEMORY] optimizer=exp event=end call=28 duration_ms=11.016 iterations=669 ret=1 rss_mib=3121.742 swap_mib=0.000 rss_delta_mib=0.000
[fsm_node-3] [32m -- [Fsm 5.050] Current state: FOLLOW_TRAJ[0m
[fsm_node-3] [INFO] [1789029270.049217672] [fsm_node]:  -- [OPTIMIZER_PHASE_MEMORY] optimizer=backup event=begin call=47 rss_mib=3121.945 swap_mib=0.000 variables=22 pieces=2
[fsm_node-3] [INFO] [1789029270.055027786] [fsm_node]:  -- [OPTIMIZER_PHASE_MEMORY] optimizer=backup event=end call=47 duration_ms=5.878 iterations=771 ret=1 rss_mib=3121.945 swap_mib=0.000 rss_delta_mib=0.000
[fsm_node-3] [INFO] [1789029270.055126501] [fsm_node]:  -- [OPTIMIZER_PHASE_MEMORY] optimizer=backup event=begin call=48 rss_mib=3121.945 swap_mib=0.000 variables=22 pieces=2
[fsm_node-3] [INFO] [1789029270.056785928] [fsm_node]:  -- [OPTIMIZER_PHASE_MEMORY] optimizer=backup event=end call=48 duration_ms=1.661 iterations=287 ret=1 rss_mib=3121.945 swap_mib=0.000 rss_delta_mib=0.000
[fsm_node-3] [WARN] [1789029270.056820946] [fsm_node]:  -- [SUPER] in [ReplanOnce]: Replan overtime, check parameters, replan dt = 0.146296024.
[fsm_node-3] [INFO] [1789029270.086262329] [fsm_node]:  -- [OPTIMIZER_PHASE_MEMORY] optimizer=exp event=begin call=29 rss_mib=3121.945 swap_mib=0.000 variables=13 pieces=4
[fsm_node-3] [INFO] [1789029270.089295573] [fsm_node]:  -- [OPTIMIZER_PHASE_MEMORY] optimizer=exp event=end call=29 duration_ms=3.110 iterations=260 ret=1 rss_mib=3121.945 swap_mib=0.000 rss_delta_mib=0.000
[fsm_node-3] [INFO] [1789029270.183543265] [fsm_node]:  -- [OPTIMIZER_PHASE_MEMORY] optimizer=backup event=begin call=49 rss_mib=3122.039 swap_mib=0.000 variables=22 pieces=2
[fsm_node-3] [INFO] [1789029270.185432459] [fsm_node]:  -- [OPTIMIZER_PHASE_MEMORY] optimizer=backup event=end call=49 duration_ms=1.966 iterations=333 ret=1 rss_mib=3122.039 swap_mib=0.000 rss_delta_mib=0.000
[fsm_node-3] [INFO] [1789029270.185524239] [fsm_node]:  -- [OPTIMIZER_PHASE_MEMORY] optimizer=backup event=begin call=50 rss_mib=3122.039 swap_mib=0.000 variables=22 pieces=2
[fsm_node-3] [INFO] [1789029270.186805940] [fsm_node]:  -- [OPTIMIZER_PHASE_MEMORY] optimizer=backup event=end call=50 duration_ms=1.283 iterations=232 ret=1 rss_mib=3122.039 swap_mib=0.000 rss_delta_mib=0.000
[fsm_node-3] [WARN] [1789029270.186840502] [fsm_node]:  -- [SUPER] in [ReplanOnce]: Replan overtime, check parameters, replan dt = 0.129803187.
[fsm_node-3] [INFO] [1789029270.223276543] [fsm_node]:  -- [OPTIMIZER_PHASE_MEMORY] optimizer=exp event=begin call=30 rss_mib=3122.039 swap_mib=0.000 variables=17 pieces=5
[fsm_node-3] [INFO] [1789029270.229798212] [fsm_node]:  -- [OPTIMIZER_PHASE_MEMORY] optimizer=exp event=end call=30 duration_ms=6.586 iterations=412 ret=1 rss_mib=3122.039 swap_mib=0.000 rss_delta_mib=0.000
[fsm_node-3] [INFO] [1789029270.331336242] [fsm_node]:  -- [OPTIMIZER_PHASE_MEMORY] optimizer=backup event=begin call=51 rss_mib=3122.043 swap_mib=0.000 variables=26 pieces=2
[fsm_node-3] [INFO] [1789029270.332110885] [fsm_node]:  -- [OPTIMIZER_PHASE_MEMORY] optimizer=backup event=end call=51 duration_ms=0.840 iterations=123 ret=1 rss_mib=3122.043 swap_mib=0.000 rss_delta_mib=0.000
[fsm_node-3] [INFO] [1789029270.332214184] [fsm_node]:  -- [OPTIMIZER_PHASE_MEMORY] optimizer=backup event=begin call=52 rss_mib=3122.043 swap_mib=0.000 variables=26 pieces=2
[fsm_node-3] [INFO] [1789029270.339862728] [fsm_node]:  -- [OPTIMIZER_PHASE_MEMORY] optimizer=backup event=end call=52 duration_ms=7.639 iterations=931 ret=1 rss_mib=3122.043 swap_mib=0.000 rss_delta_mib=0.000
[fsm_node-3] [WARN] [1789029270.339914344] [fsm_node]:  -- [SUPER] in [ReplanOnce]: Replan overtime, check parameters, replan dt = 0.152769618.
[fsm_node-3] [INFO] [1789029270.378989668] [fsm_node]:  -- [OPTIMIZER_PHASE_MEMORY] optimizer=exp event=begin call=31 rss_mib=3122.043 swap_mib=0.000 variables=17 pieces=5
[fsm_node-3] [INFO] [1789029270.399337127] [fsm_node]:  -- [OPTIMIZER_PHASE_MEMORY] optimizer=exp event=end call=31 duration_ms=20.356 iterations=1230 ret=1 rss_mib=3122.043 swap_mib=0.000 rss_delta_mib=0.000
[fsm_node-3] [INFO] [1789029270.502047580] [fsm_node]:  -- [OPTIMIZER_PHASE_MEMORY] optimizer=backup event=begin call=53 rss_mib=3122.043 swap_mib=0.000 variables=18 pieces=2
[fsm_node-3] [INFO] [1789029270.503092654] [fsm_node]:  -- [OPTIMIZER_PHASE_MEMORY] optimizer=backup event=end call=53 duration_ms=1.101 iterations=158 ret=1 rss_mib=3122.043 swap_mib=0.000 rss_delta_mib=0.000
[fsm_node-3] [INFO] [1789029270.503192299] [fsm_node]:  -- [OPTIMIZER_PHASE_MEMORY] optimizer=backup event=begin call=54 rss_mib=3122.043 swap_mib=0.000 variables=18 pieces=2
[fsm_node-3] [INFO] [1789029270.504360055] [fsm_node]:  -- [OPTIMIZER_PHASE_MEMORY] optimizer=backup event=end call=54 duration_ms=1.169 iterations=201 ret=1 rss_mib=3122.043 swap_mib=0.000 rss_delta_mib=0.000
[fsm_node-3] [WARN] [1789029270.504401636] [fsm_node]:  -- [SUPER] in [ReplanOnce]: Replan overtime, check parameters, replan dt = 0.164238354.
[fsm_node-3] [INFO] [1789029270.539071974] [fsm_node]:  -- [OPTIMIZER_PHASE_MEMORY] optimizer=exp event=begin call=32 rss_mib=3122.043 swap_mib=0.000 variables=13 pieces=4
[fsm_node-3] [INFO] [1789029270.544516179] [fsm_node]:  -- [OPTIMIZER_PHASE_MEMORY] optimizer=exp event=end call=32 duration_ms=5.482 iterations=426 ret=1 rss_mib=3122.043 swap_mib=0.000 rss_delta_mib=0.000
[fsm_node-3] [INFO] [1789029270.657994590] [fsm_node]:  -- [OPTIMIZER_PHASE_MEMORY] optimizer=backup event=begin call=55 rss_mib=3122.953 swap_mib=0.000 variables=22 pieces=2
[fsm_node-3] [INFO] [1789029270.658935595] [fsm_node]:  -- [OPTIMIZER_PHASE_MEMORY] optimizer=backup event=end call=55 duration_ms=1.014 iterations=143 ret=1 rss_mib=3122.953 swap_mib=0.000 rss_delta_mib=0.000
[fsm_node-3] [INFO] [1789029270.659089070] [fsm_node]:  -- [OPTIMIZER_PHASE_MEMORY] optimizer=backup event=begin call=56 rss_mib=3122.953 swap_mib=0.000 variables=22 pieces=2
[fsm_node-3] [INFO] [1789029270.663494394] [fsm_node]:  -- [OPTIMIZER_PHASE_MEMORY] optimizer=backup event=end call=56 duration_ms=4.400 iterations=524 ret=1 rss_mib=3122.953 swap_mib=0.000 rss_delta_mib=0.000
[fsm_node-3] [WARN] [1789029270.663539119] [fsm_node]:  -- [SUPER] in [ReplanOnce]: Replan overtime, check parameters, replan dt = 0.159002726.
[fsm_node-3] [INFO] [1789029270.696980635] [fsm_node]:  -- [OPTIMIZER_PHASE_MEMORY] optimizer=exp event=begin call=33 rss_mib=3122.953 swap_mib=0.000 variables=13 pieces=4
[fsm_node-3] [INFO] [1789029270.703097326] [fsm_node]:  -- [OPTIMIZER_PHASE_MEMORY] optimizer=exp event=end call=33 duration_ms=6.171 iterations=396 ret=1 rss_mib=3122.953 swap_mib=0.000 rss_delta_mib=0.000
[fsm_node-3] [INFO] [1789029270.788507485] [fsm_node]:  -- [OPTIMIZER_PHASE_MEMORY] optimizer=backup event=begin call=57 rss_mib=3122.957 swap_mib=0.000 variables=36 pieces=2
[fsm_node-3] [INFO] [1789029270.789843647] [fsm_node]:  -- [OPTIMIZER_PHASE_MEMORY] optimizer=backup event=end call=57 duration_ms=1.400 iterations=127 ret=1 rss_mib=3122.957 swap_mib=0.000 rss_delta_mib=0.000
[fsm_node-3] [INFO] [1789029270.790031512] [fsm_node]:  -- [OPTIMIZER_PHASE_MEMORY] optimizer=backup event=begin call=58 rss_mib=3122.957 swap_mib=0.000 variables=36 pieces=2
[fsm_node-3] [INFO] [1789029270.792963574] [fsm_node]:  -- [OPTIMIZER_PHASE_MEMORY] optimizer=backup event=end call=58 duration_ms=2.933 iterations=290 ret=1 rss_mib=3122.957 swap_mib=0.000 rss_delta_mib=0.000
[fsm_node-3] [WARN] [1789029270.793009432] [fsm_node]:  -- [SUPER] in [ReplanOnce]: Replan overtime, check parameters, replan dt = 0.129281919.
[fsm_node-3] [INFO] [1789029270.831957328] [fsm_node]:  -- [OPTIMIZER_PHASE_MEMORY] optimizer=exp event=begin call=34 rss_mib=3122.957 swap_mib=0.000 variables=13 pieces=4
[fsm_node-3] [INFO] [1789029270.836268550] [fsm_node]:  -- [OPTIMIZER_PHASE_MEMORY] optimizer=exp event=end call=34 duration_ms=4.390 iterations=326 ret=1 rss_mib=3122.957 swap_mib=0.000 rss_delta_mib=0.000
[fsm_node-3]  -- [TRAJ_GUARD_CERT] trigger=main_pre status=SAFE gen=9 map=25 map_age=0.007s map_age_limit=0.500s motion_speed=3.599mps samples=252 range=[0.310,1.561] collision_tt=-1.000 ttc=-1.000 p=[0.000,0.000,0.000]
[fsm_node-3]  -- [TRAJ_GUARD_CERT] trigger=main_pre status=SAFE gen=9 map=26 map_age=0.003s map_age_limit=0.500s motion_speed=6.432mps samples=212 range=[0.510,1.561] collision_tt=-1.000 ttc=-1.000 p=[0.000,0.000,0.000]
[fsm_node-3]  -- [TRAJ_GUARD_CERT] trigger=main_pre status=SAFE gen=9 map=27 map_age=0.005s map_age_limit=0.500s motion_speed=7.000mps samples=170 range=[0.720,1.561] collision_tt=-1.000 ttc=-1.000 p=[0.000,0.000,0.000]
[fsm_node-3]  -- [TRAJ_GUARD_CERT] trigger=main_pre status=SAFE gen=9 map=28 map_age=0.004s map_age_limit=0.500s motion_speed=6.974mps samples=130 range=[0.920,1.561] collision_tt=-1.000 ttc=-1.000 p=[0.000,0.000,0.000]
[fsm_node-3]  -- [TRAJ_GUARD_CERT] trigger=main_pre status=SAFE gen=9 map=29 map_age=0.011s map_age_limit=0.500s motion_speed=6.189mps samples=90 range=[1.120,1.561] collision_tt=-1.000 ttc=-1.000 p=[0.000,0.000,0.000]
[fsm_node-3] [32m -- [Fsm] Get goal at [0m24.525000000000002 20.025000000000002  1.525000000000000
[fsm_node-3] [32m -- [Fsm] Receive click goal at: [24.525000000000002 20.025000000000002  1.525000000000000]; goal yaw: 0.000000000000000 deg[0m
[fsm_node-3] [INFO] [1789029270.906944458] [fsm_node]:  -- [OPTIMIZER_PHASE_MEMORY] optimizer=backup event=begin call=59 rss_mib=3122.957 swap_mib=0.000 variables=36 pieces=2
[fsm_node-3] [INFO] [1789029270.910520850] [fsm_node]:  -- [OPTIMIZER_PHASE_MEMORY] optimizer=backup event=end call=59 duration_ms=3.609 iterations=246 ret=1 rss_mib=3122.957 swap_mib=0.000 rss_delta_mib=0.000
[fsm_node-3] [INFO] [1789029270.910652602] [fsm_node]:  -- [OPTIMIZER_PHASE_MEMORY] optimizer=backup event=begin call=60 rss_mib=3122.957 swap_mib=0.000 variables=36 pieces=2
[fsm_node-3] [INFO] [1789029270.914134397] [fsm_node]:  -- [OPTIMIZER_PHASE_MEMORY] optimizer=backup event=end call=60 duration_ms=3.482 iterations=236 ret=1 rss_mib=3122.957 swap_mib=0.000 rss_delta_mib=0.000
[fsm_node-3] [WARN] [1789029270.914173975] [fsm_node]:  -- [SUPER] in [ReplanOnce]: Replan overtime, check parameters, replan dt = 0.12096333.
[fsm_node-3] [INFO] [1789029270.953548956] [fsm_node]:  -- [OPTIMIZER_PHASE_MEMORY] optimizer=exp event=begin call=35 rss_mib=3122.957 swap_mib=0.000 variables=13 pieces=4
[fsm_node-3] [INFO] [1789029270.958964850] [fsm_node]:  -- [OPTIMIZER_PHASE_MEMORY] optimizer=exp event=end call=35 duration_ms=5.470 iterations=390 ret=1 rss_mib=3122.957 swap_mib=0.000 rss_delta_mib=0.000
[fsm_node-3] [32m -- [Fsm 6.060] Current state: FOLLOW_TRAJ[0m
[fsm_node-3] [INFO] [1789029271.005673389] [fsm_node]:  -- [OPTIMIZER_PHASE_MEMORY] optimizer=backup event=begin call=61 rss_mib=3122.957 swap_mib=0.000 variables=46 pieces=2
[fsm_node-3] [INFO] [1789029271.011785711] [fsm_node]:  -- [OPTIMIZER_PHASE_MEMORY] optimizer=backup event=end call=61 duration_ms=6.153 iterations=454 ret=1 rss_mib=3122.957 swap_mib=0.000 rss_delta_mib=0.000
[fsm_node-3] [INFO] [1789029271.011952293] [fsm_node]:  -- [OPTIMIZER_PHASE_MEMORY] optimizer=backup event=begin call=62 rss_mib=3122.957 swap_mib=0.000 variables=46 pieces=2
[fsm_node-3] [INFO] [1789029271.017574851] [fsm_node]:  -- [OPTIMIZER_PHASE_MEMORY] optimizer=backup event=end call=62 duration_ms=5.614 iterations=380 ret=1 rss_mib=3122.957 swap_mib=0.000 rss_delta_mib=0.000
[fsm_node-3] [WARN] [1789029271.017632847] [fsm_node]:  -- [SUPER] in [ReplanOnce]: Replan overtime, check parameters, replan dt = 0.10319043.
[fsm_node-3] [INFO] [1789029271.059586617] [fsm_node]:  -- [OPTIMIZER_PHASE_MEMORY] optimizer=exp event=begin call=36 rss_mib=3122.957 swap_mib=0.000 variables=13 pieces=4
[fsm_node-3] [INFO] [1789029271.061772434] [fsm_node]:  -- [OPTIMIZER_PHASE_MEMORY] optimizer=exp event=end call=36 duration_ms=2.257 iterations=174 ret=1 rss_mib=3122.957 swap_mib=0.000 rss_delta_mib=0.000
[fsm_node-3] [INFO] [1789029271.116879068] [fsm_node]:  -- [OPTIMIZER_PHASE_MEMORY] optimizer=backup event=begin call=63 rss_mib=3122.957 swap_mib=0.000 variables=48 pieces=2
[fsm_node-3] [INFO] [1789029271.121921040] [fsm_node]:  -- [OPTIMIZER_PHASE_MEMORY] optimizer=backup event=end call=63 duration_ms=5.071 iterations=208 ret=1 rss_mib=3122.957 swap_mib=0.000 rss_delta_mib=0.000
[fsm_node-3] [INFO] [1789029271.122135943] [fsm_node]:  -- [OPTIMIZER_PHASE_MEMORY] optimizer=backup event=begin call=64 rss_mib=3122.957 swap_mib=0.000 variables=48 pieces=2
[fsm_node-3] [INFO] [1789029271.131395712] [fsm_node]:  -- [OPTIMIZER_PHASE_MEMORY] optimizer=backup event=end call=64 duration_ms=9.242 iterations=369 ret=1 rss_mib=3122.957 swap_mib=0.000 rss_delta_mib=0.000
[fsm_node-3] [WARN] [1789029271.131463643] [fsm_node]:  -- [SUPER] in [ReplanOnce]: Replan overtime, check parameters, replan dt = 0.113553442.
[fsm_node-3] [INFO] [1789029271.174627067] [fsm_node]:  -- [OPTIMIZER_PHASE_MEMORY] optimizer=exp event=begin call=37 rss_mib=3122.957 swap_mib=0.000 variables=13 pieces=4
[fsm_node-3] [INFO] [1789029271.177943022] [fsm_node]:  -- [OPTIMIZER_PHASE_MEMORY] optimizer=exp event=end call=37 duration_ms=3.373 iterations=265 ret=1 rss_mib=3122.957 swap_mib=0.000 rss_delta_mib=0.000
[fsm_node-3] [INFO] [1789029271.230440822] [fsm_node]:  -- [OPTIMIZER_PHASE_MEMORY] optimizer=backup event=begin call=65 rss_mib=3122.957 swap_mib=0.000 variables=38 pieces=2
[fsm_node-3] [INFO] [1789029271.232329650] [fsm_node]:  -- [OPTIMIZER_PHASE_MEMORY] optimizer=backup event=end call=65 duration_ms=1.933 iterations=86 ret=1 rss_mib=3122.957 swap_mib=0.000 rss_delta_mib=0.000
[fsm_node-3] [INFO] [1789029271.232516764] [fsm_node]:  -- [OPTIMIZER_PHASE_MEMORY] optimizer=backup event=begin call=66 rss_mib=3122.957 swap_mib=0.000 variables=38 pieces=2
[fsm_node-3] [INFO] [1789029271.240412019] [fsm_node]:  -- [OPTIMIZER_PHASE_MEMORY] optimizer=backup event=end call=66 duration_ms=7.887 iterations=349 ret=1 rss_mib=3122.957 swap_mib=0.000 rss_delta_mib=0.000
[fsm_node-3] [WARN] [1789029271.240495133] [fsm_node]:  -- [SUPER] in [ReplanOnce]: Replan overtime, check parameters, replan dt = 0.108828797.
[fsm_node-3] [32m -- [Fsm] Traj finish.[0m
[fsm_node-3] [WARN] [1789029271.274474427] [fsm_node]:  -- [TRAJ_GUARD_RECOVERY_EPISODE_RESET] reason=horizontal_progress progress=6.631m threshold=2.000m prior_local=0 prior_vertical=0 prior_base=0
[fsm_node-3] [INFO] [1789029271.318500807] [fsm_node]:  -- [OPTIMIZER_PHASE_MEMORY] optimizer=exp event=begin call=38 rss_mib=3122.957 swap_mib=0.000 variables=13 pieces=4
[fsm_node-3] [INFO] [1789029271.323294133] [fsm_node]:  -- [OPTIMIZER_PHASE_MEMORY] optimizer=exp event=end call=38 duration_ms=4.837 iterations=351 ret=1 rss_mib=3122.957 swap_mib=0.000 rss_delta_mib=0.000
[fsm_node-3] [INFO] [1789029271.323375737] [fsm_node]:  -- [SUPER] in [PlanFromRest] GenerateExpTrajectory SUCCESS.
[fsm_node-3] [INFO] [1789029271.378908182] [fsm_node]:  -- [OPTIMIZER_PHASE_MEMORY] optimizer=backup event=begin call=67 rss_mib=3123.430 swap_mib=0.000 variables=42 pieces=2
[fsm_node-3] [INFO] [1789029271.380771958] [fsm_node]:  -- [OPTIMIZER_PHASE_MEMORY] optimizer=backup event=end call=67 duration_ms=1.933 iterations=209 ret=1 rss_mib=3123.430 swap_mib=0.000 rss_delta_mib=0.000
[fsm_node-3] [INFO] [1789029271.380957870] [fsm_node]:  -- [OPTIMIZER_PHASE_MEMORY] optimizer=backup event=begin call=68 rss_mib=3123.430 swap_mib=0.000 variables=42 pieces=2
[fsm_node-3] [INFO] [1789029271.384948677] [fsm_node]:  -- [OPTIMIZER_PHASE_MEMORY] optimizer=backup event=end call=68 duration_ms=3.990 iterations=409 ret=1 rss_mib=3123.430 swap_mib=0.000 rss_delta_mib=0.000
[fsm_node-3] [INFO] [1789029271.385291674] [fsm_node]:  -- [TRAJ_GUARD_COMMIT] phase=PlanFromRest/with_backup gen=10 map=29 samples=192 range=[0.110,1.060] escape=false footprint_egress=false escape_done_tt=-1.000
[fsm_node-3] [INFO] [1789029271.385357540] [fsm_node]:  -- [FULL_REFRESH_RECOVERY_GATE_ARM] min_request_seq=5
[fsm_node-3] [INFO] [1789029271.385381440] [fsm_node]:  -- [TRAJ_GUARD_RECOVERY_SIGNAL] active=true
[fsm_node-3] [ERROR] [1789029271.385486241] [fsm_node]:  -- [TRAJ_GUARD_BRAKE] trigger=main_post_uncertified duration=0.400s speed0=0.391 initial_source=trajectory_fallback cmd_age=0.121s cmd_pos_err=0.000 cmd_vel_err=inf motion_speed=inf motion_dt=infs motion_pose_speed=inf motion_twist_speed=0.000 motion_disagreement=inf motion_source=none motion_gen=10/8 motion_gen_continuous=false max_vel=0.843 vel_limit=7.000 max_acc=9.084 max_jerk=105.479 dynamics_ok=true path_status=SAFE map=29 map_age=0.582s raw_status=DISABLED raw_cloud=0 raw_age=0.000s ciri_shadow=DISABLED ciri_shadow_result=0 ciri_shadow_queued=0 ciri_shadow_age=infs stop=[26.906,14.176,1.833]
[fsm_node-3] [INFO] [1789029271.474137757] [fsm_node]:  -- [FULL_REFRESH_RECOVERY_TARGET] request_seq=5 stamp_ns=1789029271473332942 already_acked=false map=0
[fsm_node-3] [INFO] [1789029271.516954193] [fsm_node]:  -- [FULL_REFRESH_RECOVERY_ACK] request_seq=5 stamp_ns=1789029271473332942 map=31 committed=1
[perfect_drone_frontend_node-2] [INFO] [1789029271.914205244] [native_sector_cpp]: frames=76 published=44 kept 44.5% (15701/35308 pts/input-frame)
[fsm_node-3] [38;2;000;128;000m -- [Fsm]: [PubCmdCallback] change state from [FOLLOW_TRAJ] to [GENERATE_TRAJ].
[fsm_node-3] [0m -- [TRAJ_GUARD_CERT] trigger=poly_publish status=MAP_STALE gen=10 map=29 map_age=0.581s map_age_limit=0.550s motion_speed=0.000mps samples=0 range=[0.000,0.000] collision_tt=-1.000 ttc=-1.000 p=[0.000,0.000,0.000]
[fsm_node-3] [38;2;000;128;000m -- [Fsm]: [MainFsmCallback] change state from [GENERATE_TRAJ] to [FOLLOW_TRAJ].
[fsm_node-3] [0m[38;2;000;128;000m -- [Fsm]: [TrajectoryGuard] change state from [FOLLOW_TRAJ] to [EMER_STOP].
[fsm_node-3] [0m[38;2;000;128;000m -- [Fsm]: [TrajectoryGuardRecovery] change state from [EMER_STOP] to [GENERATE_TRAJ].
[fsm_node-3] [0m[32m -- [Fsm 7.150] Current state: GENERATE_TRAJ[0m
[fsm_node-3] [32m -- [Fsm] Get goal at [0m24.525 20.025  1.525
[fsm_node-3] [32m -- [Fsm] Receive click goal at: [24.525 20.025  1.525]; goal yaw: 0.000 deg[0m
[fsm_node-3] [INFO] [1789029272.106305571] [fsm_node]:  -- [OPTIMIZER_PHASE_MEMORY] optimizer=exp event=begin call=39 rss_mib=3123.812 swap_mib=0.000 variables=13 pieces=4
[fsm_node-3] [INFO] [1789029272.118443516] [fsm_node]:  -- [OPTIMIZER_PHASE_MEMORY] optimizer=exp event=end call=39 duration_ms=12.193 iterations=877 ret=1 rss_mib=3123.812 swap_mib=0.000 rss_delta_mib=0.000
[fsm_node-3] [INFO] [1789029272.118500468] [fsm_node]:  -- [SUPER] in [PlanFromRest] GenerateExpTrajectory SUCCESS.
[fsm_node-3] [INFO] [1789029272.182661945] [fsm_node]:  -- [OPTIMIZER_PHASE_MEMORY] optimizer=backup event=begin call=69 rss_mib=3123.816 swap_mib=0.000 variables=44 pieces=2
[fsm_node-3] [INFO] [1789029272.185610645] [fsm_node]:  -- [OPTIMIZER_PHASE_MEMORY] optimizer=backup event=end call=69 duration_ms=2.984 iterations=272 ret=1 rss_mib=3123.816 swap_mib=0.000 rss_delta_mib=0.000
[fsm_node-3] [INFO] [1789029272.185755170] [fsm_node]:  -- [OPTIMIZER_PHASE_MEMORY] optimizer=backup event=begin call=70 rss_mib=3123.816 swap_mib=0.000 variables=44 pieces=2
[fsm_node-3] [INFO] [1789029272.189015718] [fsm_node]:  -- [OPTIMIZER_PHASE_MEMORY] optimizer=backup event=end call=70 duration_ms=3.262 iterations=290 ret=1 rss_mib=3123.816 swap_mib=0.000 rss_delta_mib=0.000
[fsm_node-3] [INFO] [1789029272.189342720] [fsm_node]:  -- [TRAJ_GUARD_COMMIT] phase=PlanFromRest/with_backup gen=11 map=34 samples=206 range=[0.135,1.150] escape=false footprint_egress=false escape_done_tt=-1.000
[fsm_node-3] [INFO] [1789029272.189534779] [fsm_node]:  -- [TRAJ_GUARD_RECOVERY_SIGNAL] active=false
[fsm_node-3] [INFO] [1789029272.189542766] [fsm_node]:  -- [TRAJ_GUARD_RECOVERED] trigger=main_post_uncertified gen=11 map=34
[perfect_drone_frontend_node-2] [INFO] [1789029272.273549072] [perfect_tracking]: [SENSOR_CADENCE_SUMMARY] frames=100 span_s=9.898385 hz=10.001632 raw_published=0 direct_handoffs=80 payload_bytes=92315584 side_entry_v1_enabled=0 side_entry_v1_spawned=0 side_entry_v1_injected_frames=0
[perfect_drone_frontend_node-2] [INFO] [1789029272.273638138] [perfect_tracking]: [SENSOR_BURST_DROPOUT_SUMMARY] enabled=1 warmup_s=1.000000 period_s=2.000000 duration_s=0.500000 phase_s=1.400000 phase_env_override=1 rendered=100 delivered=80 dropped=20 bursts=4 max_consecutive_dropped=5 max_delivered_gap_s=0.599911 dropped_payload_bytes=26502688
[fsm_node-3] [INFO] [1789029272.313221685] [fsm_node]:  -- [OPTIMIZER_PHASE_MEMORY] optimizer=exp event=begin call=40 rss_mib=3123.816 swap_mib=0.000 variables=13 pieces=4
[fsm_node-3] [INFO] [1789029272.319515803] [fsm_node]:  -- [OPTIMIZER_PHASE_MEMORY] optimizer=exp event=end call=40 duration_ms=6.343 iterations=536 ret=1 rss_mib=3123.816 swap_mib=0.000 rss_delta_mib=0.000
[fsm_node-3] [INFO] [1789029272.381691104] [fsm_node]:  -- [OPTIMIZER_PHASE_MEMORY] optimizer=backup event=begin call=71 rss_mib=3123.816 swap_mib=0.000 variables=46 pieces=2
[fsm_node-3] [INFO] [1789029272.384726061] [fsm_node]:  -- [OPTIMIZER_PHASE_MEMORY] optimizer=backup event=end call=71 duration_ms=3.074 iterations=209 ret=1 rss_mib=3123.816 swap_mib=0.000 rss_delta_mib=0.000
[fsm_node-3] [INFO] [1789029272.384918995] [fsm_node]:  -- [OPTIMIZER_PHASE_MEMORY] optimizer=backup event=begin call=72 rss_mib=3123.816 swap_mib=0.000 variables=46 pieces=2
[fsm_node-3] [INFO] [1789029272.388400812] [fsm_node]:  -- [OPTIMIZER_PHASE_MEMORY] optimizer=backup event=end call=72 duration_ms=3.484 iterations=241 ret=1 rss_mib=3123.816 swap_mib=0.000 rss_delta_mib=0.000
[fsm_node-3] [WARN] [1789029272.388441998] [fsm_node]:  -- [SUPER] in [ReplanOnce]: Replan overtime, check parameters, replan dt = 0.102101881.
[fsm_node-3] [INFO] [1789029272.414557912] [fsm_node]:  -- [OPTIMIZER_PHASE_MEMORY] optimizer=exp event=begin call=41 rss_mib=3123.816 swap_mib=0.000 variables=13 pieces=4
[fsm_node-3] [INFO] [1789029272.419178337] [fsm_node]:  -- [OPTIMIZER_PHASE_MEMORY] optimizer=exp event=end call=41 duration_ms=4.659 iterations=391 ret=1 rss_mib=3123.816 swap_mib=0.000 rss_delta_mib=0.000
[fsm_node-3] [INFO] [1789029272.481810349] [fsm_node]:  -- [OPTIMIZER_PHASE_MEMORY] optimizer=backup event=begin call=73 rss_mib=3123.816 swap_mib=0.000 variables=34 pieces=2
[fsm_node-3] [INFO] [1789029272.491212603] [fsm_node]:  -- [OPTIMIZER_PHASE_MEMORY] optimizer=backup event=end call=73 duration_ms=9.440 iterations=925 ret=1 rss_mib=3123.816 swap_mib=0.000 rss_delta_mib=0.000
[fsm_node-3] [INFO] [1789029272.491358710] [fsm_node]:  -- [OPTIMIZER_PHASE_MEMORY] optimizer=backup event=begin call=74 rss_mib=3123.816 swap_mib=0.000 variables=34 pieces=2
[fsm_node-3] [INFO] [1789029272.492097931] [fsm_node]:  -- [OPTIMIZER_PHASE_MEMORY] optimizer=backup event=end call=74 duration_ms=0.743 iterations=117 ret=1 rss_mib=3123.816 swap_mib=0.000 rss_delta_mib=0.000
[fsm_node-3] [WARN] [1789029272.492134124] [fsm_node]:  -- [SUPER] in [ReplanOnce]: Replan overtime, check parameters, replan dt = 0.10351597.
[fsm_node-3] [INFO] [1789029272.515027029] [fsm_node]:  -- [OPTIMIZER_PHASE_MEMORY] optimizer=exp event=begin call=42 rss_mib=3123.816 swap_mib=0.000 variables=13 pieces=4
[fsm_node-3] [INFO] [1789029272.528512913] [fsm_node]:  -- [OPTIMIZER_PHASE_MEMORY] optimizer=exp event=end call=42 duration_ms=13.508 iterations=986 ret=1 rss_mib=3123.816 swap_mib=0.000 rss_delta_mib=0.000
[fsm_node-3] [INFO] [1789029272.609155968] [fsm_node]:  -- [OPTIMIZER_PHASE_MEMORY] optimizer=backup event=begin call=75 rss_mib=3123.965 swap_mib=0.000 variables=46 pieces=2
[fsm_node-3] [INFO] [1789029272.610351559] [fsm_node]:  -- [OPTIMIZER_PHASE_MEMORY] optimizer=backup event=end call=75 duration_ms=1.236 iterations=67 ret=1 rss_mib=3123.965 swap_mib=0.000 rss_delta_mib=0.000
[fsm_node-3] [WARN] [1789029272.610359918] [fsm_node]:  -- [BackOpt] Opt failed, Omg or thr or Pos violation.
[fsm_node-3] [INFO] [1789029272.610489094] [fsm_node]:  -- [OPTIMIZER_PHASE_MEMORY] optimizer=backup event=begin call=76 rss_mib=3123.965 swap_mib=0.000 variables=46 pieces=2
[fsm_node-3]  -- [TRAJ_GUARD_CERT] trigger=poly_publish status=SAFE gen=11 map=34 map_age=0.185s map_age_limit=0.550s motion_speed=0.000mps samples=205 range=[0.135,1.150] collision_tt=-1.000 ttc=-1.000 p=[0.000,0.000,0.000]
[fsm_node-3] [38;2;000;128;000m -- [Fsm]: [MainFsmCallback] change state from [GENERATE_TRAJ] to [FOLLOW_TRAJ].
[fsm_node-3] [0m -- [TRAJ_GUARD_CERT] trigger=main_pre status=SAFE gen=11 map=35 map_age=0.005s map_age_limit=0.550s motion_speed=0.000mps samples=204 range=[0.140,1.150] collision_tt=-1.000 ttc=-1.000 p=[0.000,0.000,0.000]
[fsm_node-3]  -- [TRAJ_GUARD_CERT] trigger=main_pre status=SAFE gen=11 map=36 map_age=0.009s map_age_limit=0.550s motion_speed=2.230mps samples=182 range=[0.250,1.150] collision_tt=-1.000 ttc=-1.000 p=[0.000,0.000,0.000]
[fsm_node-3]  -- [TRAJ_GUARD_CERT] trigger=main_pre status=SAFE gen=11 map=37 map_age=0.010s map_age_limit=0.500s motion_speed=4.173mps samples=162 range=[0.350,1.150] collision_tt=-1.000 ttc=-1.000 p=[0.000,0.000,0.000]
[fsm_node-3]  -- [TRAJ_GUARD_CERT] trigger=main_pre status=SAFE gen=11 map=38 map_age=0.004s map_age_limit=0.500s motion_speed=6.532mps samples=124 range=[0.540,1.150] collision_tt=-1.000 ttc=-1.000 p=[0.000,0.000,0.000]
[fsm_node-3] [33m -- [MINCO] TrajOpt failed, (unknown)[0m
[fsm_node-3] [33m -- [SUPER] Minco backup_traj opt failed.[0m
[fsm_node-3] [INFO] [1789029272.611671137] [fsm_node]:  -- [OPTIMIZER_PHASE_MEMORY] optimizer=backup event=end call=76 duration_ms=1.183 iterations=69 ret=1 rss_mib=3123.965 swap_mib=0.000 rss_delta_mib=0.000
[fsm_node-3] [WARN] [1789029272.611676645] [fsm_node]:  -- [BackOpt] Opt failed, Omg or thr or Pos violation.
[fsm_node-3] [WARN] [1789029272.611683541] [fsm_node]:  -- [SUPER] OptimizationBakTrajInPolytopes failed, force return
[fsm_node-3] [WARN] [1789029272.611718086] [fsm_node]:  -- [SUPER] in [ReplanOnce]: Replan overtime, check parameters, replan dt = 0.119196598.
[fsm_node-3] [33m -- [MINCO] TrajOpt failed, (unknown)[0m
[fsm_node-3] [33m -- [SUPER] Minco backup_traj opt failed.[0m
[fsm_node-3] [INFO] [1789029272.634454436] [fsm_node]:  -- [OPTIMIZER_PHASE_MEMORY] optimizer=exp event=begin call=43 rss_mib=3123.965 swap_mib=0.000 variables=9 pieces=3
[fsm_node-3] [INFO] [1789029272.638102813] [fsm_node]:  -- [OPTIMIZER_PHASE_MEMORY] optimizer=exp event=end call=43 duration_ms=3.711 iterations=354 ret=1 rss_mib=3123.965 swap_mib=0.000 rss_delta_mib=0.000
[fsm_node-3] [WARN] [1789029272.732565947] [fsm_node]:  -- [SUPER] in [ReplanOnce]: Replan overtime, check parameters, replan dt = 0.120673376.
[fsm_node-3] [INFO] [1789029272.752479331] [fsm_node]:  -- [OPTIMIZER_PHASE_MEMORY] optimizer=exp event=begin call=44 rss_mib=3124.652 swap_mib=0.000 variables=5 pieces=2
[fsm_node-3] [INFO] [1789029272.753540581] [fsm_node]:  -- [OPTIMIZER_PHASE_MEMORY] optimizer=exp event=end call=44 duration_ms=1.139 iterations=164 ret=1 rss_mib=3124.652 swap_mib=0.000 rss_delta_mib=0.000
[fsm_node-3] [WARN] [1789029272.753548983] [fsm_node]:  -- [ExpOpt] Opt failed, Omg or thr or Pos violation.
[fsm_node-3]  -- [TRAJ_GUARD_CERT] trigger=main_pre status=SAFE gen=11 map=39 map_age=0.004s map_age_limit=0.500s motion_speed=6.771mps samples=100 range=[0.660,1.150] collision_tt=-1.000 ttc=-1.000 p=[0.000,0.000,0.000]
[fsm_node-3] [33m -- [MINCO] TrajOpt failed, (unknown)[0m
[fsm_node-3] [33m -- [SUPER] Minco exp_traj opt failed.[0m
[fsm_node-3] [WARN] [1789029272.753579764] [fsm_node]:  -- [SUPER] OptimizationExpTrajInPolytopes for new path failed
[fsm_node-3] [WARN] [1789029272.753589887] [fsm_node]:  -- [SUPER] in [ReplanOnce]: GenerateExpTrajectory failed, force return
[fsm_node-3] [INFO] [1789029272.770584611] [fsm_node]:  -- [OPTIMIZER_PHASE_MEMORY] optimizer=exp event=begin call=45 rss_mib=3124.652 swap_mib=0.000 variables=5 pieces=2
[fsm_node-3] [INFO] [1789029272.771000424] [fsm_node]:  -- [OPTIMIZER_PHASE_MEMORY] optimizer=exp event=end call=45 duration_ms=0.484 iterations=58 ret=1 rss_mib=3124.652 swap_mib=0.000 rss_delta_mib=0.000
[fsm_node-3] [WARN] [1789029272.836182302] [fsm_node]:  -- [TRAJ_GUARD_VIABILITY_SLOWDOWN] phase=ReplanOnce/no_backup gen=12 scale=1.250 retries=1
[fsm_node-3] [INFO] [1789029272.836203740] [fsm_node]:  -- [TRAJ_GUARD_COMMIT] phase=ReplanOnce/no_backup gen=12 map=39 samples=273 range=[0.082,1.435] escape=false footprint_egress=false escape_done_tt=-1.000
[fsm_node-3] [32m -- [Fsm] ReplanOnce succeed.[0m
[fsm_node-3] [INFO] [1789029272.853036449] [fsm_node]:  -- [OPTIMIZER_PHASE_MEMORY] optimizer=exp event=begin call=46 rss_mib=3124.652 swap_mib=0.000 variables=5 pieces=2
[fsm_node-3] [INFO] [1789029272.853943830] [fsm_node]:  -- [OPTIMIZER_PHASE_MEMORY] optimizer=exp event=end call=46 duration_ms=0.970 iterations=149 ret=1 rss_mib=3124.652 swap_mib=0.000 rss_delta_mib=0.000
[fsm_node-3] [INFO] [1789029272.906841462] [fsm_node]:  -- [TRAJ_GUARD_COMMIT] phase=ReplanOnce/no_backup gen=13 map=39 samples=206 range=[0.070,1.088] escape=false footprint_egress=false escape_done_tt=-1.000
[fsm_node-3]  -- [TRAJ_GUARD_CERT] trigger=poly_publish status=SAFE gen=12 map=39 map_age=0.125s map_age_limit=0.500s motion_speed=5.401mps samples=272 range=[0.082,1.435] collision_tt=-1.000 ttc=-1.000 p=[0.000,0.000,0.000]
[fsm_node-3] [32m -- [Fsm] ReplanOnce succeed.[0m
[fsm_node-3]  -- [TRAJ_GUARD_CERT] trigger=poly_publish status=SAFE gen=13 map=39 map_age=0.196s map_age_limit=0.500s motion_speed=3.790mps samples=205 range=[0.070,1.088] collision_tt=-1.000 ttc=-1.000 p=[0.000,0.000,0.000]
[fsm_node-3] [32m -- [Fsm] Get goal at [0m24.525000000000002 20.025000000000002  1.525000000000000
[fsm_node-3] [32m -- [Fsm] Receive click goal at: [24.525000000000002 20.025000000000002  1.525000000000000]; goal yaw: 0.000000000000000 deg[0m
[fsm_node-3] [INFO] [1789029272.921888970] [fsm_node]:  -- [OPTIMIZER_PHASE_MEMORY] optimizer=exp event=begin call=47 rss_mib=3124.652 swap_mib=0.000 variables=5 pieces=2
[fsm_node-3] [INFO] [1789029272.922567154] [fsm_node]:  -- [OPTIMIZER_PHASE_MEMORY] optimizer=exp event=end call=47 duration_ms=0.701 iterations=94 ret=1 rss_mib=3124.652 swap_mib=0.000 rss_delta_mib=0.000
[fsm_node-3] [INFO] [1789029272.971920613] [fsm_node]:  -- [TRAJ_GUARD_COMMIT] phase=ReplanOnce/no_backup gen=14 map=39 samples=193 range=[0.064,1.019] escape=false footprint_egress=false escape_done_tt=-1.000
[fsm_node-3] [32m -- [Fsm] ReplanOnce succeed.[0m
[fsm_node-3] [INFO] [1789029272.987091999] [fsm_node]:  -- [OPTIMIZER_PHASE_MEMORY] optimizer=exp event=begin call=48 rss_mib=3124.652 swap_mib=0.000 variables=5 pieces=2
[fsm_node-3] [INFO] [1789029272.987509138] [fsm_node]:  -- [OPTIMIZER_PHASE_MEMORY] optimizer=exp event=end call=48 duration_ms=0.485 iterations=54 ret=1 rss_mib=3124.652 swap_mib=0.000 rss_delta_mib=0.000
[fsm_node-3] [INFO] [1789029273.029148387] [fsm_node]:  -- [TRAJ_GUARD_COMMIT] phase=ReplanOnce/no_backup gen=15 map=39 samples=183 range=[0.056,0.958] escape=false footprint_egress=false escape_done_tt=-1.000
[fsm_node-3]  -- [TRAJ_GUARD_CERT] trigger=poly_publish status=SAFE gen=14 map=39 map_age=0.261s map_age_limit=0.517s motion_speed=3.162mps samples=192 range=[0.065,1.019] collision_tt=-1.000 ttc=-1.000 p=[0.000,0.000,0.000]
[fsm_node-3] [32m -- [Fsm] ReplanOnce succeed.[0m
[fsm_node-3] [INFO] [1789029273.043150775] [fsm_node]:  -- [OPTIMIZER_PHASE_MEMORY] optimizer=exp event=begin call=49 rss_mib=3124.652 swap_mib=0.000 variables=1 pieces=1
[fsm_node-3] [INFO] [1789029273.043618638] [fsm_node]:  -- [OPTIMIZER_PHASE_MEMORY] optimizer=exp event=end call=49 duration_ms=0.531 iterations=138 ret=1 rss_mib=3124.652 swap_mib=0.000 rss_delta_mib=0.000
[fsm_node-3]  -- [TRAJ_GUARD_CERT] trigger=poly_publish status=SAFE gen=15 map=39 map_age=0.318s map_age_limit=0.536s motion_speed=2.784mps samples=182 range=[0.057,0.958] collision_tt=-1.000 ttc=-1.000 p=[0.000,0.000,0.000]
[fsm_node-3] [32m -- [Fsm 8.159] Current state: FOLLOW_TRAJ[0m
[fsm_node-3] [INFO] [1789029273.081402266] [fsm_node]:  -- [TRAJ_GUARD_COMMIT] phase=ReplanOnce/no_backup gen=16 map=39 samples=171 range=[0.052,0.896] escape=false footprint_egress=false escape_done_tt=-1.000
[fsm_node-3] [32m -- [Fsm] ReplanOnce succeed.[0m
[fsm_node-3] [INFO] [1789029273.117815846] [fsm_node]:  -- [TRAJ_GUARD_COMMIT] phase=ReplanOnce/no_backup gen=17 map=39 samples=164 range=[0.088,0.896] escape=false footprint_egress=false escape_done_tt=-1.000
[fsm_node-3]  -- [TRAJ_GUARD_CERT] trigger=poly_publish status=SAFE gen=16 map=39 map_age=0.371s map_age_limit=0.534s motion_speed=2.824mps samples=170 range=[0.052,0.896] collision_tt=-1.000 ttc=-1.000 p=[0.000,0.000,0.000]
[fsm_node-3] [32m -- [Fsm] ReplanOnce succeed.[0m
[fsm_node-3] [INFO] [1789029273.214455223] [fsm_node]:  -- [FULL_REFRESH_RECOVERY_GATE_ARM] min_request_seq=6
[fsm_node-3] [INFO] [1789029273.214630607] [fsm_node]:  -- [TRAJ_GUARD_RECOVERY_SIGNAL] active=true
[fsm_node-3] [ERROR] [1789029273.216032810] [fsm_node]:  -- [TRAJ_GUARD_BRAKE_REJECTED] trigger=main_pre_uncertified searched=[0.400,3.000]s speed0=4.214 initial_source=fresh_command cmd_age=0.010s cmd_pos_err=0.000 cmd_vel_err=inf motion_speed=inf motion_dt=infs motion_pose_speed=inf motion_twist_speed=4.214 motion_disagreement=inf motion_source=none motion_gen=17/10 motion_gen_continuous=false last_dynamics_ok=false max_vel=9.653 vel_limit=7.000 max_acc=0.000 max_jerk=0.000 last_path_status=UNOBSERVED last_map=39 map_age=0.505s raw_status=DISABLED raw_cloud=0 raw_age=0.000s ciri_shadow=DISABLED ciri_shadow_result=0 ciri_shadow_queued=0 ciri_shadow_age=infs; no brake command published
[fsm_node-3] [ERROR] [1789029273.224427226] [fsm_node]:  -- [TRAJ_GUARD_BRAKE_REJECTED] trigger=emergency_stop_retry searched=[0.400,3.000]s speed0=0.000 initial_source=position_difference cmd_age=0.020s cmd_pos_err=0.000 cmd_vel_err=4.214 motion_speed=0.000 motion_dt=0.010s motion_pose_speed=0.000 motion_twist_speed=4.214 motion_disagreement=4.214 motion_source=position_difference motion_gen=17/17 motion_gen_continuous=true last_dynamics_ok=true max_vel=0.000 vel_limit=7.000 max_acc=0.000 max_jerk=0.000 last_path_status=UNOBSERVED last_map=39 map_age=0.514s raw_status=DISABLED raw_cloud=0 raw_age=infs ciri_shadow=DISABLED ciri_shadow_result=0 ciri_shadow_queued=0 ciri_shadow_age=infs; no brake command published
[fsm_node-3] [ERROR] [1789029273.324694412] [fsm_node]:  -- [TRAJ_GUARD_BRAKE_REJECTED] trigger=emergency_stop_retry searched=[0.400,3.000]s speed0=0.000 initial_source=position_difference cmd_age=0.120s cmd_pos_err=0.000 cmd_vel_err=4.214 motion_speed=0.000 motion_dt=0.100s motion_pose_speed=0.000 motion_twist_speed=4.214 motion_disagreement=4.214 motion_source=position_difference motion_gen=17/17 motion_gen_continuous=true last_dynamics_ok=true max_vel=0.000 vel_limit=7.000 max_acc=0.000 max_jerk=0.000 last_path_status=UNOBSERVED last_map=39 map_age=0.614s raw_status=DISABLED raw_cloud=0 raw_age=infs ciri_shadow=DISABLED ciri_shadow_result=0 ciri_shadow_queued=0 ciri_shadow_age=infs; no brake command published
[fsm_node-3] [INFO] [1789029273.375053031] [fsm_node]:  -- [FULL_REFRESH_RECOVERY_TARGET] request_seq=6 stamp_ns=1789029273374191252 already_acked=false map=0
[fsm_node-3] [INFO] [1789029273.420683738] [fsm_node]:  -- [FULL_REFRESH_RECOVERY_ACK] request_seq=6 stamp_ns=1789029273374191252 map=40 committed=1
[fsm_node-3] [ERROR] [1789029273.434361592] [fsm_node]:  -- [TRAJ_GUARD_BRAKE_REJECTED] trigger=emergency_stop_retry searched=[0.400,3.000]s speed0=0.000 initial_source=position_difference cmd_age=0.230s cmd_pos_err=0.000 cmd_vel_err=4.214 motion_speed=0.000 motion_dt=0.110s motion_pose_speed=0.000 motion_twist_speed=4.214 motion_disagreement=4.214 motion_source=position_difference motion_gen=17/17 motion_gen_continuous=true last_dynamics_ok=true max_vel=0.000 vel_limit=7.000 max_acc=0.000 max_jerk=0.000 last_path_status=UNOBSERVED last_map=40 map_age=0.018s raw_status=DISABLED raw_cloud=0 raw_age=infs ciri_shadow=DISABLED ciri_shadow_result=0 ciri_shadow_queued=0 ciri_shadow_age=infs; no brake command published
[fsm_node-3] [WARN] [1789029273.534615986] [fsm_node]:  -- [TRAJ_GUARD_STATIONARY_HOLD] trigger=emergency_stop_retry stable_for=0.310s displacement=0.000m action=publish_certified_hold
[fsm_node-3] [ERROR] [1789029273.534727837] [fsm_node]:  -- [TRAJ_GUARD_BRAKE] trigger=emergency_stop_retry duration=0.400s speed0=0.000 initial_source=position_difference cmd_age=0.330s cmd_pos_err=0.000 cmd_vel_err=4.214 motion_speed=0.000 motion_dt=0.100s motion_pose_speed=0.000 motion_twist_speed=4.214 motion_disagreement=4.214 motion_source=position_difference motion_gen=17/17 motion_gen_continuous=true max_vel=0.000 vel_limit=7.000 max_acc=0.000 max_jerk=0.000 dynamics_ok=true path_status=SAFE map=41 map_age=0.036s raw_status=DISABLED raw_cloud=0 raw_age=0.000s ciri_shadow=DISABLED ciri_shadow_result=0 ciri_shadow_queued=0 ciri_shadow_age=infs stop=[26.161,18.113,1.904]
[fsm_node-3] [WARN] [1789029273.544327950] [fsm_node]:  -- [TRAJ_GUARD_RECOVERY_EPISODE_RESET] reason=horizontal_progress progress=4.196m threshold=2.000m prior_local=0 prior_vertical=0 prior_base=0
[fsm_node-3] [INFO] [1789029273.557633560] [fsm_node]:  -- [OPTIMIZER_PHASE_MEMORY] optimizer=exp event=begin call=50 rss_mib=3124.652 swap_mib=0.000 variables=1 pieces=1
[fsm_node-3] [INFO] [1789029273.557886250] [fsm_node]:  -- [OPTIMIZER_PHASE_MEMORY] optimizer=exp event=end call=50 duration_ms=0.317 iterations=65 ret=1 rss_mib=3124.652 swap_mib=0.000 rss_delta_mib=0.000
[fsm_node-3] [INFO] [1789029273.557930256] [fsm_node]:  -- [SUPER] in [PlanFromRest] GenerateExpTrajectory SUCCESS.
[fsm_node-3] [INFO] [1789029273.584065537] [fsm_node]:  -- [TRAJ_GUARD_COMMIT] phase=PlanFromRest/no_backup gen=18 map=41 samples=190 range=[0.039,0.977] escape=false footprint_egress=false escape_done_tt=-1.000
[fsm_node-3] [INFO] [1789029273.584218989] [fsm_node]:  -- [TRAJ_GUARD_RECOVERY_SIGNAL] active=false
[fsm_node-3] [INFO] [1789029273.584226027] [fsm_node]:  -- [TRAJ_GUARD_RECOVERED] trigger=emergency_stop_retry gen=18 map=41
[fsm_node-3] [INFO] [1789029273.695132548] [fsm_node]:  -- [TRAJ_GUARD_COMMIT] phase=ReplanOnce/no_backup gen=19 map=41 samples=168 range=[0.150,0.977] escape=false footprint_egress=false escape_done_tt=-1.000
[fsm_node-3]  -- [TRAJ_GUARD_CERT] trigger=poly_publish status=SAFE gen=17 map=39 map_age=0.407s map_age_limit=0.520s motion_speed=3.094mps samples=163 range=[0.088,0.896] collision_tt=-1.000 ttc=-1.000 p=[0.000,0.000,0.000]
[fsm_node-3]  -- [TRAJ_GUARD_CERT] trigger=main_pre status=MAP_STALE gen=17 map=39 map_age=0.504s map_age_limit=0.500s motion_speed=4.214mps samples=0 range=[0.000,0.000] collision_tt=-1.000 ttc=-1.000 p=[0.000,0.000,0.000]
[fsm_node-3] [38;2;000;128;000m -- [Fsm]: [TrajectoryGuardFailClosed] change state from [FOLLOW_TRAJ] to [EMER_STOP].
[fsm_node-3] [0m[38;2;000;128;000m -- [Fsm]: [TrajectoryGuard] change state from [EMER_STOP] to [EMER_STOP].
[fsm_node-3] [0m[38;2;000;128;000m -- [Fsm]: [TrajectoryGuardRecovery] change state from [EMER_STOP] to [GENERATE_TRAJ].
[fsm_node-3] [0m -- [TRAJ_GUARD_CERT] trigger=poly_publish status=SAFE gen=18 map=41 map_age=0.085s map_age_limit=0.550s motion_speed=0.000mps samples=189 range=[0.040,0.977] collision_tt=-1.000 ttc=-1.000 p=[0.000,0.000,0.000]
[fsm_node-3] [38;2;000;128;000m -- [Fsm]: [MainFsmCallback] change state from [GENERATE_TRAJ] to [FOLLOW_TRAJ].
[fsm_node-3] [0m[32m -- [Fsm] ReplanOnce succeed.[0m
[fsm_node-3] [INFO] [1789029273.761082051] [fsm_node]:  -- [TRAJ_GUARD_COMMIT] phase=ReplanOnce/no_backup gen=20 map=42 samples=155 range=[0.216,0.977] escape=false footprint_egress=false escape_done_tt=-1.000
[fsm_node-3]  -- [TRAJ_GUARD_CERT] trigger=poly_publish status=SAFE gen=19 map=41 map_age=0.197s map_age_limit=0.550s motion_speed=0.799mps samples=167 range=[0.151,0.977] collision_tt=-1.000 ttc=-1.000 p=[0.000,0.000,0.000]
[fsm_node-3]  -- [TRAJ_GUARD_CERT] trigger=main_pre status=SAFE gen=19 map=42 map_age=0.008s map_age_limit=0.550s motion_speed=0.799mps samples=165 range=[0.160,0.977] collision_tt=-1.000 ttc=-1.000 p=[0.000,0.000,0.000]
[fsm_node-3] [32m -- [Fsm] ReplanOnce succeed.[0m
[fsm_node-3] [INFO] [1789029273.823885151] [fsm_node]:  -- [TRAJ_GUARD_COMMIT] phase=ReplanOnce/no_backup gen=21 map=42 samples=142 range=[0.279,0.977] escape=false footprint_egress=false escape_done_tt=-1.000
[fsm_node-3]  -- [TRAJ_GUARD_CERT] trigger=poly_publish status=SAFE gen=20 map=42 map_age=0.065s map_age_limit=0.550s motion_speed=1.750mps samples=154 range=[0.217,0.977] collision_tt=-1.000 ttc=-1.000 p=[0.000,0.000,0.000]
[fsm_node-3] [32m -- [Fsm] ReplanOnce succeed.[0m
[fsm_node-3] [INFO] [1789029273.887431567] [fsm_node]:  -- [TRAJ_GUARD_COMMIT] phase=ReplanOnce/no_backup gen=22 map=42 samples=129 range=[0.343,0.977] escape=false footprint_egress=false escape_done_tt=-1.000
[fsm_node-3]  -- [TRAJ_GUARD_CERT] trigger=poly_publish status=SAFE gen=21 map=42 map_age=0.128s map_age_limit=0.529s motion_speed=2.915mps samples=141 range=[0.280,0.977] collision_tt=-1.000 ttc=-1.000 p=[0.000,0.000,0.000]
[fsm_node-3] [32m -- [Fsm] ReplanOnce succeed.[0m
[fsm_node-3]  -- [TRAJ_GUARD_CERT] trigger=poly_publish status=SAFE gen=22 map=42 map_age=0.192s map_age_limit=0.500s motion_speed=4.259mps samples=128 range=[0.343,0.977] collision_tt=-1.000 ttc=-1.000 p=[0.000,0.000,0.000]
[fsm_node-3]  -- [TRAJ_GUARD_CERT] trigger=main_pre status=SAFE gen=22 map=43 map_age=0.009s map_age_limit=0.500s motion_speed=4.433mps samples=125 range=[0.360,0.977] collision_tt=-1.000 ttc=-1.000 p=[0.000,0.000,0.000]
[fsm_node-3] [32m -- [Fsm] Get goal at [0m24.525000000000002 20.025000000000002  1.525000000000000
[fsm_node-3] [32m -- [Fsm] Receive click goal at: [24.525000000000002 20.025000000000002  1.525000000000000]; goal yaw: 0.000000000000000 deg[0m
[fsm_node-3] [INFO] [1789029273.946294330] [fsm_node]:  -- [OPTIMIZER_PHASE_MEMORY] optimizer=exp event=begin call=51 rss_mib=3124.652 swap_mib=0.000 variables=1 pieces=1
[fsm_node-3] [INFO] [1789029273.946669225] [fsm_node]:  -- [OPTIMIZER_PHASE_MEMORY] optimizer=exp event=end call=51 duration_ms=0.450 iterations=118 ret=1 rss_mib=3124.652 swap_mib=0.000 rss_delta_mib=0.000
[fsm_node-3] [WARN] [1789029273.957964774] [fsm_node]:  -- [TRAJ_GUARD_VIABILITY_SLOWDOWN] phase=ReplanOnce/no_backup gen=23 scale=1.250 retries=1
[fsm_node-3] [INFO] [1789029273.958012128] [fsm_node]:  -- [TRAJ_GUARD_COMMIT] phase=ReplanOnce/no_backup gen=23 map=43 samples=144 range=[0.021,0.731] escape=false footprint_egress=false escape_done_tt=-1.000
[fsm_node-3] [32m -- [Fsm] ReplanOnce succeed.[0m
[fsm_node-3] [INFO] [1789029274.014107375] [fsm_node]:  -- [TRAJ_GUARD_COMMIT] phase=ReplanOnce/no_backup gen=24 map=43 samples=104 range=[0.078,0.585] escape=false footprint_egress=false escape_done_tt=-1.000
[fsm_node-3]  -- [TRAJ_GUARD_CERT] trigger=poly_publish status=SAFE gen=23 map=43 map_age=0.062s map_age_limit=0.500s motion_speed=5.270mps samples=143 range=[0.022,0.731] collision_tt=-1.000 ttc=-1.000 p=[0.000,0.000,0.000]
[fsm_node-3] [32m -- [Fsm] ReplanOnce succeed.[0m
[fsm_node-3]  -- [TRAJ_GUARD_CERT] trigger=poly_publish status=SAFE gen=24 map=43 map_age=0.119s map_age_limit=0.500s motion_speed=4.461mps samples=103 range=[0.078,0.585] collision_tt=-1.000 ttc=-1.000 p=[0.000,0.000,0.000]
[fsm_node-3] [32m -- [Fsm 9.159] Current state: FOLLOW_TRAJ[0m
[fsm_node-3] [INFO] [1789029274.076828392] [fsm_node]:  -- [TRAJ_GUARD_COMMIT] phase=ReplanOnce/no_backup gen=25 map=43 samples=91 range=[0.140,0.585] escape=false footprint_egress=false escape_done_tt=-1.000
[fsm_node-3] [32m -- [Fsm] ReplanOnce succeed.[0m
[fsm_node-3] [INFO] [1789029274.138077749] [fsm_node]:  -- [TRAJ_GUARD_COMMIT] phase=ReplanOnce/no_backup gen=26 map=44 samples=79 range=[0.202,0.585] escape=false footprint_egress=false escape_done_tt=-1.000
[fsm_node-3]  -- [TRAJ_GUARD_CERT] trigger=poly_publish status=SAFE gen=25 map=43 map_age=0.181s map_age_limit=0.500s motion_speed=5.583mps samples=90 range=[0.141,0.585] collision_tt=-1.000 ttc=-1.000 p=[0.000,0.000,0.000]
[fsm_node-3]  -- [TRAJ_GUARD_CERT] trigger=main_pre status=SAFE gen=25 map=44 map_age=0.006s map_age_limit=0.500s motion_speed=5.440mps samples=85 range=[0.168,0.585] collision_tt=-1.000 ttc=-1.000 p=[0.000,0.000,0.000]
[fsm_node-3] [32m -- [Fsm] ReplanOnce succeed.[0m
[fsm_node-3] [INFO] [1789029274.201284541] [fsm_node]:  -- [TRAJ_GUARD_COMMIT] phase=ReplanOnce/no_backup gen=27 map=45 samples=66 range=[0.265,0.585] escape=false footprint_egress=false escape_done_tt=-1.000
[fsm_node-3]  -- [TRAJ_GUARD_CERT] trigger=poly_publish status=SAFE gen=26 map=44 map_age=0.040s map_age_limit=0.500s motion_speed=5.000mps samples=78 range=[0.202,0.585] collision_tt=-1.000 ttc=-1.000 p=[0.000,0.000,0.000]
[fsm_node-3] [32m -- [Fsm] ReplanOnce succeed.[0m
[fsm_node-3] [INFO] [1789029274.267911980] [fsm_node]:  -- [TRAJ_GUARD_COMMIT] phase=ReplanOnce/no_backup gen=28 map=45 samples=53 range=[0.331,0.585] escape=false footprint_egress=false escape_done_tt=-1.000
[fsm_node-3]  -- [TRAJ_GUARD_CERT] trigger=poly_publish status=SAFE gen=27 map=45 map_age=0.004s map_age_limit=0.500s motion_speed=4.038mps samples=65 range=[0.265,0.585] collision_tt=-1.000 ttc=-1.000 p=[0.000,0.000,0.000]
[fsm_node-3] [32m -- [Fsm] ReplanOnce succeed.[0m
[fsm_node-3] [INFO] [1789029274.333090007] [fsm_node]:  -- [TRAJ_GUARD_COMMIT] phase=ReplanOnce/no_backup gen=29 map=45 samples=40 range=[0.397,0.585] escape=false footprint_egress=false escape_done_tt=-1.000
[fsm_node-3]  -- [TRAJ_GUARD_CERT] trigger=poly_publish status=SAFE gen=28 map=45 map_age=0.071s map_age_limit=0.542s motion_speed=2.662mps samples=52 range=[0.332,0.585] collision_tt=-1.000 ttc=-1.000 p=[0.000,0.000,0.000]
[fsm_node-3] [32m -- [Fsm] ReplanOnce succeed.[0m
[fsm_node-3] [INFO] [1789029274.398457730] [fsm_node]:  -- [TRAJ_GUARD_COMMIT] phase=ReplanOnce/no_backup gen=30 map=46 samples=27 range=[0.462,0.585] escape=false footprint_egress=false escape_done_tt=-1.000
[fsm_node-3]  -- [TRAJ_GUARD_CERT] trigger=poly_publish status=SAFE gen=29 map=45 map_age=0.136s map_age_limit=0.550s motion_speed=1.527mps samples=39 range=[0.397,0.585] collision_tt=-1.000 ttc=-1.000 p=[0.000,0.000,0.000]
[fsm_node-3] [32m -- [Fsm] ReplanOnce succeed.[0m
[fsm_node-3] [INFO] [1789029274.465507481] [fsm_node]:  -- [TRAJ_GUARD_COMMIT] phase=ReplanOnce/no_backup gen=31 map=46 samples=14 range=[0.529,0.585] escape=false footprint_egress=false escape_done_tt=-1.000
[fsm_node-3]  -- [TRAJ_GUARD_CERT] trigger=poly_publish status=SAFE gen=30 map=46 map_age=0.006s map_age_limit=0.550s motion_speed=0.530mps samples=26 range=[0.462,0.585] collision_tt=-1.000 ttc=-1.000 p=[0.000,0.000,0.000]
[fsm_node-3] [32m -- [Fsm] ReplanOnce succeed.[0m
[fsm_node-3]  -- [TRAJ_GUARD_CERT] trigger=poly_publish status=SAFE gen=31 map=46 map_age=0.073s map_age_limit=0.550s motion_speed=0.060mps samples=13 range=[0.529,0.585] collision_tt=-1.000 ttc=-1.000 p=[0.000,0.000,0.000]
[fsm_node-3] [32m -- [Fsm] Traj finish.[0m
