[INFO] [launch]: All log files can be found below /root/.ros/log/2026-09-10-17-33-38-657511-livox-1922784
[INFO] [launch]: Default logging verbosity is set to INFO
[INFO] [waypoint_mission-1]: process started with pid [1922785]
[INFO] [perfect_drone_frontend_node-2]: process started with pid [1922787]
[INFO] [fsm_node-3]: process started with pid [1922789]
[waypoint_mission-1] [WARN] [1789029218.698822077] [waypoint_mission]:  -- [MissionPlanner] Load config by file name: /root/super_ws/src/SUPER/mission_planner/config/waypoint.yaml
[waypoint_mission-1] [WARN] [1789029218.698895054] [waypoint_mission]:  -- [MissionPlanner] Load data by file name: /root/super_ws/src/SUPER/mission_planner/data/blind_heading_fork.txt
[fsm_node-3]  -- [Bench] Use sim time is false, begin replay.
[fsm_node-3] Load config file: /root/super_ws/src/SUPER/super_planner/config/static_seedmaps_guard_viability_tight_v7_frontend_risk_enforce.yaml
[fsm_node-3] [0;32m Load param fsm/timer_en success: [0;0m1
[fsm_node-3] [0;32m Load param super_planner/detailed_log_en success: [0;0m0
[fsm_node-3] [0;32m Load param super_planner/detailed_log_max_entries success: [0;0m64
[fsm_node-3] [0;32m Load param fsm/click_goal_en success: [0;0m1
[fsm_node-3] [0;32m Load param fsm/click_yaw_en success: [0;0m1
[fsm_node-3] [0;32m Load param fsm/replan_rate success: [0;0m15
[fsm_node-3] [0;32m Load param fsm/click_height success: [0;0m1.5
[fsm_node-3] [0;32m Load param fsm/cmd_topic success: [0;0m/planning/pos_cmd
[fsm_node-3] [0;32m Load param fsm/mpc_cmd_topic success: [0;0m/planning_cmd/poly_traj
[fsm_node-3] [0;32m Load param fsm/click_goal_topic success: [0;0m/planning/click_goal
[fsm_node-3] [0;32m Load param fsm/map_readiness/enable success: [0;0m1
[fsm_node-3] [0;32m Load param fsm/map_readiness/min_accepted_scans success: [0;0m5
[fsm_node-3] [0;32m Load param fsm/map_readiness/min_committed_scans success: [0;0m5
[fsm_node-3] [0;32m Load param fsm/map_readiness/max_commit_lag_scans success: [0;0m5
[fsm_node-3] [0;32m Load param fsm/map_readiness/min_scan_span_s success: [0;0m1
[fsm_node-3] [0;32m Load param fsm/map_readiness/max_cloud_age_s success: [0;0m0.75
[fsm_node-3] [0;32m Load param fsm/map_readiness/max_map_age_s success: [0;0m0.55
[fsm_node-3] [0;32m Load param fsm/trajectory_guard/enable success: [0;0m1
[fsm_node-3] [0;33m Load param fsm/trajectory_guard/same_map_replan_coalesce_enable failed, use default value: [0;0m0
[fsm_node-3] [0;33m Load param fsm/trajectory_guard/same_map_replan_min_interval_s failed, use default value: [0;0m0
[fsm_node-3] [0;32m Load param fsm/trajectory_guard/shadow success: [0;0m0
[fsm_node-3] [0;32m Load param fsm/trajectory_guard/max_map_age_s success: [0;0m0.75
[fsm_node-3] [0;32m Load param fsm/trajectory_guard/brake_trigger_map_age_s success: [0;0m0.55
[fsm_node-3] [0;32m Load param fsm/trajectory_guard/brake_trigger_high_speed_map_age_s success: [0;0m0.5
[fsm_node-3] [0;32m Load param fsm/trajectory_guard/brake_trigger_low_speed_mps success: [0;0m2.5
[fsm_node-3] [0;32m Load param fsm/trajectory_guard/brake_trigger_high_speed_mps success: [0;0m3.5
[fsm_node-3] [0;32m Load param fsm/trajectory_guard/full_refresh_ack_sla_s success: [0;0m0.75
[fsm_node-3] [0;32m Load param fsm/trajectory_guard/raw_cloud/enable success: [0;0m0
[fsm_node-3] [0;32m Load param fsm/trajectory_guard/raw_cloud/source_topic success: [0;0m/cloud_guard_witness
[fsm_node-3] [0;32m Load param fsm/trajectory_guard/raw_cloud/max_age_s success: [0;0m0.75
[perfect_drone_frontend_node-2] [INFO] [1789029218.799069930] [native_sector_cpp]: adaptive mode, half-angle 45.0 deg, input /cloud_registered, publish cap 5.00 Hz, commit refresh 0.120 s, full-open extra budget 6000, guard witness disabled radius 0.00 m, direct input enabled, risk verdict /planning/trajectory_risk_verdict, body tier 0.200 m/0.150 s
[fsm_node-3] [0;32m Load param fsm/trajectory_guard/raw_cloud/clearance_m success: [0;0m0.3
[perfect_drone_frontend_node-2] [WARN] [1789029218.801842402] [perfect_tracking]:  -- [MissionPlanner] Load config by file name: /root/super_ws/src/SUPER/mars_uav_sim/perfect_drone_sim/config/shc4_deep_mirror_hazard.yaml
[fsm_node-3] [0;32m Load param fsm/trajectory_guard/validation_sample_dt_s success: [0;0m0.005
[fsm_node-3] [0;32m Load param fsm/trajectory_guard/shadow_min_interval_s success: [0;0m0
[fsm_node-3] [0;32m Load param fsm/trajectory_guard/additional_clearance_m success: [0;0m0
[fsm_node-3] [0;33m Load param fsm/trajectory_guard/brake_min_duration_s failed, use default value: [0;0m0.4
[fsm_node-3] [0;32m Load param fsm/trajectory_guard/brake_max_duration_s success: [0;0m3
[fsm_node-3] [0;32m Load param fsm/trajectory_guard/brake_max_acc_mps2 success: [0;0m20
[fsm_node-3] [0;32m Load param fsm/trajectory_guard/brake_max_jerk_mps3 success: [0;0m120
[fsm_node-3] [0;32m Load param fsm/trajectory_guard/brake_command_max_age_s success: [0;0m0.1
[fsm_node-3] [0;32m Load param fsm/trajectory_guard/brake_command_max_position_error_m success: [0;0m0.5
[fsm_node-3] [0;32m Load param fsm/trajectory_guard/brake_command_max_velocity_error_mps success: [0;0m2
[fsm_node-3] [0;32m Load param fsm/trajectory_guard/brake_retry_interval_s success: [0;0m0.1
[fsm_node-3] [0;32m Load param fsm/trajectory_guard/unknown_as_occupied success: [0;0m1
[fsm_node-3] [0;33m Load param fsm/trajectory_guard/raw_cloud/ciri_shadow_en failed, use default value: [0;0m0
[fsm_node-3] [0;32m Load param fsm/trajectory_guard/raw_cloud/accum_window_s success: [0;0m1.5
[fsm_node-3] [0;33m Load param fsm/trajectory_guard/raw_cloud/ciri_min_points failed, use default value: [0;0m200
[fsm_node-3] [0;33m Load param fsm/trajectory_guard/raw_cloud/ciri_voxel_m failed, use default value: [0;0m0.1
[fsm_node-3] [0;32m Load param fsm/trajectory_guard/raw_cloud/near_field_shadow_en success: [0;0m0
[fsm_node-3] [0;32m Load param fsm/trajectory_guard/raw_cloud/near_field_clearance_m success: [0;0m0.2
[fsm_node-3] [0;32m Load param fsm/trajectory_guard/raw_cloud/near_field_horizon_s success: [0;0m1
[fsm_node-3] [0;32m Load param fsm/trajectory_guard/raw_cloud/near_field_sample_dt_s success: [0;0m0.01
[fsm_node-3] [0;32m Load param fsm/trajectory_guard/raw_cloud/near_field_min_interval_s success: [0;0m0.1
[fsm_node-3] [0;32m Load param fsm/trajectory_guard/raw_cloud/near_field_min_points success: [0;0m200
[fsm_node-3] [0;32m Load param fsm/trajectory_guard/raw_cloud/near_field_voxel_m success: [0;0m0
[fsm_node-3] [0;32m Load param fsm/trajectory_guard/raw_cloud/near_field_test_replay_mode success: [0;0m0
[fsm_node-3] [0;32m Load param fsm/trajectory_guard/raw_cloud/near_field_enforce_en success: [0;0m0
[fsm_node-3] [0;32m Load param fsm/trajectory_guard/raw_cloud/near_field_result_max_age_s success: [0;0m0.2
[fsm_node-3] [0;32m Load param fsm/trajectory_guard/raw_cloud/near_field_max_sequence_lag success: [0;0m1
[fsm_node-3] [0;32m Load param fsm/trajectory_guard/raw_cloud/near_field_egress_tolerance_m success: [0;0m0.005
[fsm_node-3] [0;32m Load param fsm/trajectory_guard/raw_cloud/near_field_egress_min_progress_m success: [0;0m0.02
[fsm_node-3] [0;32m Load param fsm/trajectory_guard/frontend_risk/shadow_en success: [0;0m1
[fsm_node-3] [0;32m Load param fsm/trajectory_guard/frontend_risk/enforce_en success: [0;0m1
[fsm_node-3] [0;32m Load param fsm/trajectory_guard/frontend_risk/topic success: [0;0m/planning/trajectory_risk_verdict
[fsm_node-3] [0;32m Load param fsm/trajectory_guard/frontend_risk/result_max_age_s success: [0;0m0.2
[fsm_node-3] [0;32m Load param fsm/trajectory_guard/frontend_risk/source_max_age_s success: [0;0m0.75
[fsm_node-3] [0;32m Load param fsm/trajectory_guard/frontend_risk/current_body_enforce_en success: [0;0m1
[fsm_node-3] [0;32m Load param fsm/trajectory_guard/frontend_risk/current_body_result_max_age_s success: [0;0m0.15
[fsm_node-3] [0;32m Load param fsm/trajectory_guard/frontend_risk/current_body_source_max_age_s success: [0;0m0.2
[fsm_node-3] [0;32m Load param super_planner/yaw_dot_max success: [0;0m3
[fsm_node-3] [0;32m Load param super_planner/visualization_en success: [0;0m0
[fsm_node-3] [0;32m Load param rog_map/resolution success: [0;0m0.05
[fsm_node-3] Load config file: /root/super_ws/src/SUPER/super_planner/config/static_seedmaps_guard_viability_tight_v7_frontend_risk_enforce.yaml
[fsm_node-3] [0;32m Load param rog_map/esdf/resolution success: [0;0m0.1
[fsm_node-3] [0;32m Load param rog_map/esdf/enable success: [0;0m0
[fsm_node-3] [0;32m Load param rog_map/esdf/local_update_box success: [0;0m[5 5 3 ]
[fsm_node-3] [0;32m Load param rog_map/load_pcd_en success: [0;0m0
[fsm_node-3] [0;32m Load param rog_map/map_sliding/enable success: [0;0m0
[fsm_node-3] [0;32m Load param rog_map/map_sliding/threshold success: [0;0m3
[fsm_node-3] [0;32m Load param rog_map/fix_map_origin success: [0;0m[0 0 1.5 ]
[fsm_node-3] [0;32m Load param rog_map/frontier_extraction_en success: [0;0m0
[fsm_node-3] [0;32m Load param rog_map/ros_callback/enable success: [0;0m1
[fsm_node-3] [0;32m Load param rog_map/ros_callback/cloud_topic success: [0;0m/cloud_sector
[fsm_node-3] [0;32m Load param rog_map/ros_callback/cloud_reliable success: [0;0m1
[fsm_node-3] [0;32m Load param rog_map/ros_callback/odom_topic success: [0;0m/lidar_slam/odom
[fsm_node-3] [0;32m Load param rog_map/ros_callback/odom_timeout success: [0;0m2
[fsm_node-3] [0;32m Load param rog_map/visualization/enable success: [0;0m0
[fsm_node-3] [0;32m Load param rog_map/visualization/use_dynamic_reconfigure success: [0;0m0
[fsm_node-3] [0;32m Load param rog_map/visualization/pub_unknown_map_en success: [0;0m0
[fsm_node-3] [0;32m Load param rog_map/visualization/frame_id success: [0;0mworld
[fsm_node-3] [0;32m Load param rog_map/visualization/time_rate success: [0;0m2
[fsm_node-3] [0;32m Load param rog_map/visualization/frame_rate success: [0;0m0
[fsm_node-3] [0;32m Load param rog_map/visualization/range success: [0;0m[15 15 4 ]
[fsm_node-3] [0;32m Load param rog_map/resolution success: [0;0m0.05
[fsm_node-3] [0;32m Load param rog_map/inflation_resolution success: [0;0m0.1
[fsm_node-3] [0;32m Load param rog_map/unk_inflation_en success: [0;0m0
[fsm_node-3] [0;32m Load param rog_map/unk_inflation_step success: [0;0m1
[fsm_node-3] [0;32m Load param rog_map/inflation_step success: [0;0m3
[fsm_node-3] [0;32m Load param rog_map/intensity_thresh success: [0;0m-10
[fsm_node-3] [0;32m Load param rog_map/map_size success: [0;0m[70 70 6 ]
[fsm_node-3] [0;32m Load param rog_map/point_filt_num success: [0;0m1
[fsm_node-3] [0;32m Load param rog_map/raycasting/enable success: [0;0m0
[fsm_node-3] [0;32m Load param rog_map/raycasting/batch_update_size success: [0;0m1
[fsm_node-3] [0;32m Load param rog_map/raycasting/unk_thresh success: [0;0m1
[fsm_node-3] [0;32m Load param rog_map/raycasting/p_hit success: [0;0m0.9
[fsm_node-3] [0;32m Load param rog_map/raycasting/p_miss success: [0;0m0.49
[fsm_node-3] [0;32m Load param rog_map/raycasting/p_min success: [0;0m0.12
[fsm_node-3] [0;32m Load param rog_map/raycasting/p_max success: [0;0m0.98
[fsm_node-3] [0;32m Load param rog_map/raycasting/p_occ success: [0;0m0.85
[fsm_node-3] [0;32m Load param rog_map/raycasting/p_free success: [0;0m0.499
[fsm_node-3] [0;32m Load param rog_map/raycasting/p_free success: [0;0m0.499
[fsm_node-3] [0;32m Load param rog_map/raycasting/ray_range success: [0;0m[0.5 100 ]
[fsm_node-3] [0;33m Load param rog_map/raycasting/observed_mark_range_max failed, use default value: [0;0m10
[fsm_node-3] [0;32m Load param rog_map/raycasting/local_update_box success: [0;0m[100 100 5 ]
[fsm_node-3] [0;32m Load param rog_map/virtual_ground_height success: [0;0m-0.1
[fsm_node-3] [0;32m Load param rog_map/virtual_ceil_height success: [0;0m3.5
[fsm_node-3] [32m -- [RM-Config] inflation_resolution: 0.1[0m
[fsm_node-3]  -- [ROG-Map] Init, resetMapSize: ORIGIN_AT_CORNER.
[fsm_node-3]  -- [ROG-Map] Init, resetMapSize: virtual_ceil_height: 3.1500000000000004, virtual_ground_height: 0.25.
[fsm_node-3] [34m	[ROG] n_free: 1[0m
[fsm_node-3] [34m	[ROG] n_occ: 1[0m
[fsm_node-3] [34m	[ROG] l_hit: 2.19722[0m
[fsm_node-3] [34m	[ROG] l_miss: -0.0400053[0m
[fsm_node-3] [34m	[ROG] l_min: -1.99243[0m
[fsm_node-3] [34m	[ROG] l_max: 3.89182[0m
[fsm_node-3] [34m	[ROG] l_occ: 1.7346[0m
[fsm_node-3] [34m	[ROG] l_free: -0.00399995[0m
[perfect_drone_frontend_node-2] Failed to find match for field 'intensity'.
[perfect_drone_frontend_node-2] [WARN] [1789029219.165948443] [perfect_tracking]: SENSOR_BURST_DROPOUT armed before every cloud transport: warmup=1.000s period=2.000s duration=0.500s phase=1.200s env_override=1
[perfect_drone_frontend_node-2] [INFO] [1789029219.166000188] [perfect_drone_frontend_config]: raw DDS disabled: renderer -> native front-end uses direct SharedPtr handoff
[fsm_node-3] [33m -- [Inf-Map] Clear all local map.[0m
[fsm_node-3] [32m -- [CounterMap] Init successfully -- .[0m
[fsm_node-3] [32m	resolution: 0.1[0m
[fsm_node-3] [32m	map_sliding_en: 0[0m
[fsm_node-3] [32m	local_map_size_i: 709 709  69[0m
[fsm_node-3] [32m	local_map_size_d: 70.9 70.9  6.9[0m
[fsm_node-3] [33m -- [Inf-Map] Clear all local map.[0m
[fsm_node-3] [32m -- [InfMap] Init successfully -- .[0m
[fsm_node-3] [32m	resolution: 0.1[0m
[fsm_node-3] [32m	map_sliding_en: 0[0m
[fsm_node-3] [32m	local_map_size_i: 709 709  69[0m
[fsm_node-3] [32m	local_map_size_d: 70.9 70.9  6.9[0m
[fsm_node-3] [ProbMap] virtual_ceil_height: 3.15
[fsm_node-3] [ProbMap] virtual_ground_height: 0.25
[fsm_node-3] [33m -- [ProbMap] Map sliding disabled, set origin to [  0   0 1.5] -- [0m
[fsm_node-3] [33m -- [Prob-Map] Clear all local map.[0m
[fsm_node-3] [32m -- [ProbMap] Init successfully -- .[0m
[fsm_node-3] [32m	resolution: 0.05[0m
[fsm_node-3] [32m	map_sliding_en: 0[0m
[fsm_node-3] [32m	local_map_size_i: 1401 1401  121[0m
[fsm_node-3] [32m	local_map_size_d: 70.05 70.05  6.05[0m
[fsm_node-3] [38;2;000;128;000m -- [ROGMap] Immutable planner snapshot enabled (fixed occupancy-only map).
[fsm_node-3] [0mLoad config file: /root/super_ws/src/SUPER/super_planner/config/static_seedmaps_guard_viability_tight_v7_frontend_risk_enforce.yaml
[fsm_node-3] Load config file: /root/super_ws/src/SUPER/super_planner/config/static_seedmaps_guard_viability_tight_v7_frontend_risk_enforce.yaml
[fsm_node-3] [0;32m Load param traj_opt/switch/print_optimizer_log success: [0;0m0
[fsm_node-3] [0;32m Load param traj_opt/flatness/mass success: [0;0m1.64
[fsm_node-3] [0;32m Load param traj_opt/flatness/dh success: [0;0m0.35
[fsm_node-3] [0;32m Load param traj_opt/flatness/dv success: [0;0m0.35
[fsm_node-3] [0;32m Load param traj_opt/flatness/grav success: [0;0m9.81
[fsm_node-3] [0;32m Load param traj_opt/flatness/cp success: [0;0m0.001
[fsm_node-3] [0;32m Load param traj_opt/flatness/v_eps success: [0;0m0.0001
[fsm_node-3] [0;32m Load param traj_opt/switch/save_log_en success: [0;0m0
[fsm_node-3] [0;32m Load param traj_opt/exp_traj/pos_constraint_type success: [0;0m1
[fsm_node-3] [0;33m Load param traj_opt/exp_traj/piece_num failed, use default value: [0;0m1
[fsm_node-3] [0;33m Load param traj_opt/exp_traj/uniform_time_en failed, use default value: [0;0m0
[fsm_node-3] [0;32m Load param traj_opt/exp_traj/block_energy_cost success: [0;0m0
[fsm_node-3] [0;32m Load param traj_opt/exp_traj/opt_accuracy success: [0;0m5e-06
[fsm_node-3] [0;33m Load param traj_opt/exp_traj/max_iterations failed, use default value: [0;0m2048
[fsm_node-3] [0;32m Load param traj_opt/exp_traj/integral_reso success: [0;0m15
[fsm_node-3] [0;32m Load param traj_opt/exp_traj/smooth_eps success: [0;0m0.01
[fsm_node-3] [0;32m Load param traj_opt/boundary/max_vel success: [0;0m7
[fsm_node-3] [0;32m Load param traj_opt/boundary/max_acc success: [0;0m20
[fsm_node-3] [0;32m Load param traj_opt/boundary/max_jerk success: [0;0m120
[fsm_node-3] [0;32m Load param traj_opt/boundary/max_omg success: [0;0m2.5
[fsm_node-3] [0;32m Load param traj_opt/boundary/max_acc_thr success: [0;0m17
[fsm_node-3] [0;32m Load param traj_opt/boundary/min_acc_thr success: [0;0m6
[fsm_node-3] [0;32m Load param traj_opt/boundary/penna_margin success: [0;0m0.05
[fsm_node-3] [0;33m Load param traj_opt/exp_traj/penna_scale failed, use default value: [0;0m-1
[fsm_node-3] [0;32m Load param traj_opt/exp_traj/penna_t success: [0;0m1e+07
[fsm_node-3] [0;33m Load param traj_opt/exp_traj/penna_ts failed, use default value: [0;0m-1
[fsm_node-3] [0;32m Load param traj_opt/exp_traj/penna_pos success: [0;0m5e+09
[fsm_node-3] [0;32m Load param traj_opt/exp_traj/penna_clr success: [0;0m1e+06
[fsm_node-3] [0;32m Load param traj_opt/exp_traj/clearance_margin success: [0;0m0.1
[fsm_node-3] [0;32m Load param traj_opt/exp_traj/clearance_speed_gate success: [0;0m1.5
[fsm_node-3] [0;32m Load param traj_opt/exp_traj/clearance_speed_transition success: [0;0m0.5
[fsm_node-3] [0;33m Load param traj_opt/exp_traj/penna_passage_center failed, use default value: [0;0m-1
[fsm_node-3] [0;33m Load param traj_opt/exp_traj/passage_center_max_width failed, use default value: [0;0m0
[fsm_node-3] [0;33m Load param traj_opt/exp_traj/passage_center_min_opposition_cos failed, use default value: [0;0m0.9
[fsm_node-3] [0;33m Load param traj_opt/exp_traj/passage_center_min_horizontal_normal failed, use default value: [0;0m0.8
[fsm_node-3] [0;33m Load param traj_opt/exp_traj/passage_center_deadband failed, use default value: [0;0m0.15
[fsm_node-3] [0;33m Load param traj_opt/exp_traj/passage_center_log_en failed, use default value: [0;0m0
[fsm_node-3] [0;32m Load param traj_opt/exp_traj/penna_vel success: [0;0m5e+08
[fsm_node-3] [0;32m Load param traj_opt/exp_traj/penna_acc success: [0;0m5e+08
[fsm_node-3] [0;32m Load param traj_opt/exp_traj/penna_jerk success: [0;0m-5e+08
[fsm_node-3] [0;32m Load param traj_opt/exp_traj/penna_attract success: [0;0m5e+08
[fsm_node-3] [0;32m Load param traj_opt/exp_traj/penna_omg success: [0;0m-1
[fsm_node-3] [0;32m Load param traj_opt/exp_traj/penna_thr success: [0;0m-1
[fsm_node-3] Load config file: /root/super_ws/src/SUPER/super_planner/config/static_seedmaps_guard_viability_tight_v7_frontend_risk_enforce.yaml
[fsm_node-3] [0;32m Load param traj_opt/switch/print_optimizer_log success: [0;0m0
[fsm_node-3] [0;32m Load param traj_opt/flatness/mass success: [0;0m1.64
[fsm_node-3] [0;32m Load param traj_opt/flatness/dh success: [0;0m0.35
[fsm_node-3] [0;32m Load param traj_opt/flatness/dv success: [0;0m0.35
[fsm_node-3] [0;32m Load param traj_opt/flatness/grav success: [0;0m9.81
[fsm_node-3] [0;32m Load param traj_opt/flatness/cp success: [0;0m0.001
[fsm_node-3] [0;32m Load param traj_opt/flatness/v_eps success: [0;0m0.0001
[fsm_node-3] [0;32m Load param traj_opt/switch/save_log_en success: [0;0m0
[fsm_node-3] [0;32m Load param traj_opt/backup_traj/pos_constraint_type success: [0;0m2
[fsm_node-3] [0;32m Load param traj_opt/backup_traj/piece_num success: [0;0m2
[fsm_node-3] [0;32m Load param traj_opt/backup_traj/uniform_time_en success: [0;0m1
[fsm_node-3] [0;32m Load param traj_opt/backup_traj/block_energy_cost success: [0;0m1
[fsm_node-3] [0;32m Load param traj_opt/backup_traj/opt_accuracy success: [0;0m1e-05
[fsm_node-3] [0;33m Load param traj_opt/backup_traj/max_iterations failed, use default value: [0;0m2048
[fsm_node-3] [0;32m Load param traj_opt/backup_traj/integral_reso success: [0;0m12
[fsm_node-3] [0;32m Load param traj_opt/backup_traj/smooth_eps success: [0;0m0.01
[fsm_node-3] [0;32m Load param traj_opt/boundary/max_vel success: [0;0m7
[fsm_node-3] [0;32m Load param traj_opt/boundary/max_acc success: [0;0m20
[fsm_node-3] [0;32m Load param traj_opt/boundary/max_jerk success: [0;0m120
[fsm_node-3] [0;32m Load param traj_opt/boundary/max_omg success: [0;0m2.5
[fsm_node-3] [0;32m Load param traj_opt/boundary/max_acc_thr success: [0;0m17
[fsm_node-3] [0;32m Load param traj_opt/boundary/min_acc_thr success: [0;0m6
[fsm_node-3] [0;32m Load param traj_opt/boundary/penna_margin success: [0;0m0.05
[fsm_node-3] [0;33m Load param traj_opt/backup_traj/penna_scale failed, use default value: [0;0m-1
[fsm_node-3] [0;32m Load param traj_opt/backup_traj/penna_t success: [0;0m100
[fsm_node-3] [0;32m Load param traj_opt/backup_traj/penna_ts success: [0;0m1e+07
[fsm_node-3] [0;32m Load param traj_opt/backup_traj/penna_pos success: [0;0m1e+10
[fsm_node-3] [0;32m Load param traj_opt/backup_traj/penna_clr success: [0;0m1e+06
[fsm_node-3] [0;32m Load param traj_opt/backup_traj/clearance_margin success: [0;0m0.1
[fsm_node-3] [0;32m Load param traj_opt/backup_traj/clearance_speed_gate success: [0;0m1.5
[fsm_node-3] [0;32m Load param traj_opt/backup_traj/clearance_speed_transition success: [0;0m0.5
[fsm_node-3] [0;33m Load param traj_opt/backup_traj/penna_passage_center failed, use default value: [0;0m-1
[fsm_node-3] [0;33m Load param traj_opt/backup_traj/passage_center_max_width failed, use default value: [0;0m0
[fsm_node-3] [0;33m Load param traj_opt/backup_traj/passage_center_min_opposition_cos failed, use default value: [0;0m0.9
[fsm_node-3] [0;33m Load param traj_opt/backup_traj/passage_center_min_horizontal_normal failed, use default value: [0;0m0.8
[fsm_node-3] [0;33m Load param traj_opt/backup_traj/passage_center_deadband failed, use default value: [0;0m0.15
[fsm_node-3] [0;33m Load param traj_opt/backup_traj/passage_center_log_en failed, use default value: [0;0m0
[fsm_node-3] [0;32m Load param traj_opt/backup_traj/penna_vel success: [0;0m1e+08
[fsm_node-3] [0;32m Load param traj_opt/backup_traj/penna_acc success: [0;0m1e+08
[fsm_node-3] [0;32m Load param traj_opt/backup_traj/penna_jerk success: [0;0m-1e+06
[fsm_node-3] [0;33m Load param traj_opt/backup_traj/penna_attract failed, use default value: [0;0m-1
[fsm_node-3] [0;32m Load param traj_opt/backup_traj/penna_omg success: [0;0m-1
[fsm_node-3] [0;32m Load param traj_opt/backup_traj/penna_thr success: [0;0m-1
[fsm_node-3] [0;32m Load param super_planner/print_log success: [0;0m0
[fsm_node-3] [0;32m Load param super_planner/detailed_log_en success: [0;0m0
[fsm_node-3] [0;32m Load param super_planner/visualization_en success: [0;0m0
[fsm_node-3] [0;32m Load param super_planner/backup_traj_en success: [0;0m1
[fsm_node-3] [0;32m Load param super_planner/goal_vel_en success: [0;0m0
[fsm_node-3] [0;32m Load param super_planner/goal_yaw_en success: [0;0m0
[fsm_node-3] [0;32m Load param super_planner/visual_process success: [0;0m0
[fsm_node-3] [0;32m Load param super_planner/use_fov_cut success: [0;0m0
[fsm_node-3] [0;33m Load param super_planner/fov_horizontal_angle failed, use default value: [0;0m-1
[fsm_node-3] [0;33m Load param super_planner/fov_center_heading failed, use default value: [0;0m0
[fsm_node-3] [0;32m Load param super_planner/frontend_in_known_free success: [0;0m0
[fsm_node-3] [0;32m Load param fsm/trajectory_guard/enable success: [0;0m1
[fsm_node-3] [0;32m Load param fsm/trajectory_guard/shadow success: [0;0m0
[fsm_node-3] [0;32m Load param fsm/trajectory_guard/validation_sample_dt_s success: [0;0m0.005
[fsm_node-3] [0;32m Load param fsm/trajectory_guard/shadow_min_interval_s success: [0;0m0
[fsm_node-3] [0;32m Load param fsm/trajectory_guard/additional_clearance_m success: [0;0m0
[fsm_node-3] [0;32m Load param fsm/trajectory_guard/escape_max_duration_s success: [0;0m1
[fsm_node-3] [0;32m Load param fsm/trajectory_guard/unknown_as_occupied success: [0;0m1
[fsm_node-3] [0;32m Load param fsm/trajectory_guard/escape_entry_grace_s success: [0;0m0
[fsm_node-3] [0;32m Load param fsm/trajectory_guard/initial_footprint_egress_enable success: [0;0m1
[fsm_node-3] [0;32m Load param super_planner/safe_corridor_line_max_length success: [0;0m6
[fsm_node-3] [0;32m Load param super_planner/sensing_horizon success: [0;0m-1
[fsm_node-3] [0;32m Load param super_planner/obs_skip_num success: [0;0m2
[fsm_node-3] [0;32m Load param super_planner/replan_forward_dt success: [0;0m0.1
[fsm_node-3] [0;32m Load param super_planner/corridor_bound_dis success: [0;0m0.8
[fsm_node-3] [0;32m Load param super_planner/corridor_line_max_length success: [0;0m1
[fsm_node-3] [0;32m Load param super_planner/planning_horizon success: [0;0m7
[fsm_node-3] [0;32m Load param super_planner/receding_dis success: [0;0m1
[fsm_node-3] [0;32m Load param super_planner/robot_r success: [0;0m0.2
[fsm_node-3] [0;32m Load param super_planner/corridor_use_inflated_obstacles success: [0;0m0
[fsm_node-3] [0;32m Load param super_planner/corridor_use_inflated_seed_lines success: [0;0m0
[fsm_node-3] [0;32m Load param super_planner/corridor_guard_retry_inflated success: [0;0m1
[fsm_node-3] [0;32m Load param super_planner/guard_corridor_retry_alternate_every success: [0;0m4
[fsm_node-3] [0;32m Load param super_planner/guard_topology_reroute/enable success: [0;0m1
[fsm_node-3] [0;32m Load param super_planner/guard_topology_reroute/radius_m success: [0;0m0.8
[fsm_node-3] [0;32m Load param super_planner/guard_topology_reroute/growth_m success: [0;0m0
[fsm_node-3] [0;32m Load param super_planner/guard_topology_reroute/max_radius_m success: [0;0m0.8
[fsm_node-3] [0;32m Load param super_planner/guard_topology_reroute/max_zones success: [0;0m6
[fsm_node-3] [0;32m Load param super_planner/guard_topology_reroute/max_stop_speed_mps success: [0;0m0.2
[fsm_node-3] [0;32m Load param super_planner/guard_topology_reroute/escalate_every_rejects success: [0;0m3
[fsm_node-3] [0;32m Load param super_planner/guard_topology_reroute/collision_merge_m success: [0;0m0.5
[fsm_node-3] [0;32m Load param super_planner/guard_topology_reroute/start_clearance_m success: [0;0m0.3
[fsm_node-3] [0;32m Load param super_planner/guard_topology_reroute/block_spacing_m success: [0;0m1
[fsm_node-3] [0;32m Load param super_planner/guard_topology_reroute/direction_merge_angle_deg success: [0;0m30
[fsm_node-3] [0;32m Load param super_planner/guard_topology_reroute/no_path_reset_attempts success: [0;0m3
[fsm_node-3] [0;32m Load param super_planner/guard_topology_reroute/vertical_recovery_enable success: [0;0m1
[fsm_node-3] [0;32m Load param super_planner/guard_topology_reroute/vertical_recovery_lift_m success: [0;0m0.6
[fsm_node-3] [0;32m Load param super_planner/guard_topology_reroute/vertical_recovery_trigger_distance_m success: [0;0m0.75
[fsm_node-3] [0;32m Load param super_planner/guard_topology_reroute/local_escape_enable success: [0;0m1
[fsm_node-3] [0;32m Load param super_planner/guard_topology_reroute/local_escape_distance_m success: [0;0m0.6
[fsm_node-3] [0;32m Load param super_planner/guard_topology_reroute/local_escape_attempts success: [0;0m4
[fsm_node-3] [0;32m Load param super_planner/guard_topology_reroute/episode_progress_reset_m success: [0;0m2
[fsm_node-3] [0;32m Load param super_planner/guard_topology_reroute/saturation_vertical_attempts success: [0;0m1
[fsm_node-3] [0;32m Load param super_planner/guard_topology_reroute/base_no_path_vertical_attempts success: [0;0m1
[fsm_node-3] [0;32m Load param super_planner/guard_direct_goal_fallback/enable success: [0;0m1
[fsm_node-3] [0;32m Load param super_planner/guard_direct_goal_fallback/max_distance_m success: [0;0m3
[fsm_node-3] [0;32m Load param super_planner/guard_direct_goal_fallback/min_duration_s success: [0;0m1
[fsm_node-3] [0;32m Load param super_planner/guard_viability/enable success: [0;0m1
[fsm_node-3] [0;32m Load param super_planner/guard_viability/horizon_s success: [0;0m2
[fsm_node-3] [0;32m Load param super_planner/guard_viability/sample_dt_s success: [0;0m0.3
[fsm_node-3] [0;32m Load param super_planner/guard_viability/brake_max_acc_mps2 success: [0;0m20
[fsm_node-3] [0;32m Load param super_planner/guard_viability/brake_max_jerk_mps3 success: [0;0m120
[fsm_node-3] [0;32m Load param super_planner/guard_viability/brake_min_duration_s success: [0;0m0.4
[fsm_node-3] [0;32m Load param super_planner/guard_viability/brake_max_duration_s success: [0;0m3
[fsm_node-3] [0;32m Load param super_planner/guard_viability/brake_attempts success: [0;0m12
[fsm_node-3] [0;32m Load param super_planner/guard_viability/speed_scale_step success: [0;0m1.25
[fsm_node-3] [0;32m Load param super_planner/guard_viability/speed_scale_max success: [0;0m3
[fsm_node-3] [0;32m Load param super_planner/guard_viability/max_retries success: [0;0m4
[fsm_node-3] [0;32m Load param super_planner/corridor_min_margin success: [0;0m0.2
[fsm_node-3] [0;32m Load param super_planner/corridor_pref_margin success: [0;0m0.3
[fsm_node-3] [0;32m Load param super_planner/iris_iter_num success: [0;0m2
[fsm_node-3] [0;32m Load param super_planner/yaw_mode success: [0;0m1
[fsm_node-3] [0;32m Load param super_planner/mpc_horizon success: [0;0m15
[fsm_node-3] [0;32m Load param super_planner/yaw_dot_max success: [0;0m3
[fsm_node-3] [0;32m Load param rog_map/resolution success: [0;0m0.05
[fsm_node-3] [INFO] [1789029220.189476847] [fsm_node]:  -- [TRAJ_GUARD] mode=enforce sample_dt=0.0050s shadow_min_interval=0.000s inflation_radius=0.300m robot_r=0.200m additional_clearance=0.000m hard_clearance=0.300m clearance_offsets=0
[fsm_node-3] [38;2;050;205;050m -- [Viz] Set resolution_ to 0.05
[fsm_node-3] [0m[38;2;050;205;050m -- [Viz] Set visualization_en_ to false
[fsm_node-3] [0mLoad config file: /root/super_ws/src/SUPER/super_planner/config/static_seedmaps_guard_viability_tight_v7_frontend_risk_enforce.yaml
[fsm_node-3] [0;32m Load param astar/map_voxel_num success: [0;0m[500 500 100 ]
[fsm_node-3] [0;32m Load param astar/allow_diag success: [0;0m1
[fsm_node-3] [0;32m Load param astar/debug_visualization_en success: [0;0m0
[fsm_node-3] [0;32m Load param astar/heu_type success: [0;0m2
[fsm_node-3] [0;32m Load param astar/visual_process success: [0;0m0
[fsm_node-3] [32m -- [RM] Init Astar-map.[0m
[fsm_node-3] [34m	map index size: 250 250  50[0m
[fsm_node-3] [34m	map vox_num: 501 501 101[0m
[fsm_node-3] [INFO] [1789029221.791730349] [fsm_node]:  -- [FULL_REFRESH_ACK_GATE] listening sla=0.750s
[fsm_node-3] [INFO] [1789029221.792582072] [fsm_node]:  -- [FRONTEND_RISK] listening topic=/planning/trajectory_risk_verdict result_max_age=0.200s source_max_age=0.750s enforce=true body_result_max_age=0.150s body_source_max_age=0.200s body_enforce=true
[fsm_node-3] [33m -- [Fsm] CLICKGOAL ENABLE.[0m
[fsm_node-3] [INFO] [1789029221.793496453] [fsm_node]: [32m -- [Fsm-Test] Begin.[0m
[fsm_node-3] [38;2;000;128;000m -- [Fsm]: [MainFsmCallback] change state from [INIT] to [WAIT_GOAL].
[fsm_node-3] [0m -- [Fsm] MAP_NOT_READY reason=scan_span accepted=5 committed=5 version=5 lag=0 span=0.775s cloud_age=0.154s committed_cloud_age=0.154s commit_age=0.147s in_progress=false
[fsm_node-3] [32m -- [Fsm 1.000] Current state: WAIT_GOAL[0m
[fsm_node-3]  -- [Fsm] MAP_READY accepted=7 committed=6 version=6 lag=1 span=1.176s cloud_age=0.004s committed_cloud_age=0.203s commit_age=0.192s in_progress=true
[fsm_node-3] [32m -- [Fsm] Get goal at [0m24.525 20.025  1.525
[fsm_node-3] [32m -- [Fsm] Receive click goal at: [24.525 20.025  1.525]; goal yaw: 0.000 deg[0m
[fsm_node-3] [INFO] [1789029223.071544136] [fsm_node]:  -- [OPTIMIZER_PHASE_MEMORY] optimizer=exp event=begin call=1 rss_mib=3102.277 swap_mib=0.000 variables=17 pieces=5
[fsm_node-3] [INFO] [1789029223.081239301] [fsm_node]:  -- [OPTIMIZER_PHASE_MEMORY] optimizer=exp event=end call=1 duration_ms=9.738 iterations=483 ret=1 rss_mib=3102.305 swap_mib=0.000 rss_delta_mib=0.027
[fsm_node-3] [INFO] [1789029223.081298412] [fsm_node]:  -- [SUPER] in [PlanFromRest] GenerateExpTrajectory SUCCESS.
[fsm_node-3] [INFO] [1789029223.104888926] [fsm_node]:  -- [OPTIMIZER_PHASE_MEMORY] optimizer=backup event=begin call=1 rss_mib=3102.406 swap_mib=0.000 variables=68 pieces=2
[fsm_node-3] [INFO] [1789029223.108000695] [fsm_node]:  -- [OPTIMIZER_PHASE_MEMORY] optimizer=backup event=end call=1 duration_ms=3.132 iterations=118 ret=1 rss_mib=3102.430 swap_mib=0.000 rss_delta_mib=0.023
[fsm_node-3] [INFO] [1789029223.108256771] [fsm_node]:  -- [OPTIMIZER_PHASE_MEMORY] optimizer=backup event=begin call=2 rss_mib=3102.441 swap_mib=0.000 variables=68 pieces=2
[fsm_node-3] [INFO] [1789029223.116947488] [fsm_node]:  -- [OPTIMIZER_PHASE_MEMORY] optimizer=backup event=end call=2 duration_ms=8.676 iterations=317 ret=1 rss_mib=3102.664 swap_mib=0.000 rss_delta_mib=0.223
[fsm_node-3] [INFO] [1789029223.117203386] [fsm_node]:  -- [TRAJ_GUARD_COMMIT] phase=PlanFromRest/with_backup gen=1 map=7 samples=186 range=[0.133,1.050] escape=false footprint_egress=false escape_done_tt=-1.000
[fsm_node-3] [INFO] [1789029223.260879165] [fsm_node]:  -- [OPTIMIZER_PHASE_MEMORY] optimizer=exp event=begin call=2 rss_mib=3102.867 swap_mib=0.000 variables=13 pieces=4
[fsm_node-3] [INFO] [1789029223.262624970] [fsm_node]:  -- [OPTIMIZER_PHASE_MEMORY] optimizer=exp event=end call=2 duration_ms=1.784 iterations=231 ret=1 rss_mib=3102.902 swap_mib=0.000 rss_delta_mib=0.035
[fsm_node-3] [INFO] [1789029223.284602723] [fsm_node]:  -- [OPTIMIZER_PHASE_MEMORY] optimizer=backup event=begin call=3 rss_mib=3102.980 swap_mib=0.000 variables=58 pieces=2
[fsm_node-3] [INFO] [1789029223.313262596] [fsm_node]:  -- [OPTIMIZER_PHASE_MEMORY] optimizer=backup event=end call=3 duration_ms=28.611 iterations=951 ret=1 rss_mib=3103.168 swap_mib=0.000 rss_delta_mib=0.188
[fsm_node-3] [INFO] [1789029223.313609301] [fsm_node]:  -- [OPTIMIZER_PHASE_MEMORY] optimizer=backup event=begin call=4 rss_mib=3103.180 swap_mib=0.000 variables=58 pieces=2
[fsm_node-3] [INFO] [1789029223.321718978] [fsm_node]:  -- [OPTIMIZER_PHASE_MEMORY] optimizer=backup event=end call=4 duration_ms=8.100 iterations=260 ret=1 rss_mib=3103.180 swap_mib=0.000 rss_delta_mib=0.000
[fsm_node-3] [INFO] [1789029223.322003887] [fsm_node]:  -- [TRAJ_GUARD_COMMIT] phase=ReplanOnce/with_backup gen=2 map=8 samples=137 range=[0.076,0.749] escape=false footprint_egress=false escape_done_tt=-1.000
[fsm_node-3] [38;2;000;128;000m -- [Fsm]: [MainFsmCallback] change state from [WAIT_GOAL] to [GENERATE_TRAJ].
[fsm_node-3] [0m -- [TRAJ_GUARD_CERT] trigger=poly_publish status=SAFE gen=1 map=7 map_age=0.142s map_age_limit=0.550s motion_speed=0.704mps samples=185 range=[0.134,1.050] collision_tt=-1.000 ttc=-1.000 p=[0.000,0.000,0.000]
[fsm_node-3] [38;2;000;128;000m -- [Fsm]: [MainFsmCallback] change state from [GENERATE_TRAJ] to [FOLLOW_TRAJ].
[fsm_node-3] [0m -- [TRAJ_GUARD_CERT] trigger=replan_post status=SAFE gen=1 map=8 map_age=0.000s map_age_limit=0.550s motion_speed=1.583mps samples=172 range=[0.196,1.050] collision_tt=-1.000 ttc=-1.000 p=[0.000,0.000,0.000]
[fsm_node-3] [32m -- [Fsm] ReplanOnce succeed.[0m
[fsm_node-3] [INFO] [1789029223.348391328] [fsm_node]:  -- [OPTIMIZER_PHASE_MEMORY] optimizer=exp event=begin call=3 rss_mib=3103.180 swap_mib=0.000 variables=17 pieces=5
[fsm_node-3] [INFO] [1789029223.354612605] [fsm_node]:  -- [OPTIMIZER_PHASE_MEMORY] optimizer=exp event=end call=3 duration_ms=6.278 iterations=415 ret=1 rss_mib=3103.180 swap_mib=0.000 rss_delta_mib=0.000
[fsm_node-3] [INFO] [1789029223.383421460] [fsm_node]:  -- [OPTIMIZER_PHASE_MEMORY] optimizer=backup event=begin call=5 rss_mib=3103.199 swap_mib=0.000 variables=66 pieces=2
[fsm_node-3] [INFO] [1789029223.389340145] [fsm_node]:  -- [OPTIMIZER_PHASE_MEMORY] optimizer=backup event=end call=5 duration_ms=5.977 iterations=258 ret=1 rss_mib=3103.199 swap_mib=0.000 rss_delta_mib=0.000
[fsm_node-3] [INFO] [1789029223.389563854] [fsm_node]:  -- [OPTIMIZER_PHASE_MEMORY] optimizer=backup event=begin call=6 rss_mib=3103.199 swap_mib=0.000 variables=66 pieces=2
[fsm_node-3] [INFO] [1789029223.395384804] [fsm_node]:  -- [OPTIMIZER_PHASE_MEMORY] optimizer=backup event=end call=6 duration_ms=5.813 iterations=254 ret=1 rss_mib=3103.199 swap_mib=0.000 rss_delta_mib=0.000
[fsm_node-3] [INFO] [1789029223.395638944] [fsm_node]:  -- [TRAJ_GUARD_COMMIT] phase=ReplanOnce/with_backup gen=3 map=9 samples=130 range=[0.073,0.710] escape=false footprint_egress=false escape_done_tt=-1.000
[fsm_node-3]  -- [TRAJ_GUARD_CERT] trigger=poly_publish status=SAFE gen=2 map=8 map_age=0.143s map_age_limit=0.500s motion_speed=4.251mps samples=136 range=[0.077,0.749] collision_tt=-1.000 ttc=-1.000 p=[0.000,0.000,0.000]
[fsm_node-3]  -- [TRAJ_GUARD_CERT] trigger=main_pre status=SAFE gen=2 map=9 map_age=0.004s map_age_limit=0.500s motion_speed=5.115mps samples=124 range=[0.138,0.749] collision_tt=-1.000 ttc=-1.000 p=[0.000,0.000,0.000]
[fsm_node-3] [32m -- [Fsm] ReplanOnce succeed.[0m
[fsm_node-3] [INFO] [1789029223.423278349] [fsm_node]:  -- [OPTIMIZER_PHASE_MEMORY] optimizer=exp event=begin call=4 rss_mib=3103.199 swap_mib=0.000 variables=17 pieces=5
[fsm_node-3] [INFO] [1789029223.438858976] [fsm_node]:  -- [OPTIMIZER_PHASE_MEMORY] optimizer=exp event=end call=4 duration_ms=15.642 iterations=1175 ret=1 rss_mib=3103.199 swap_mib=0.000 rss_delta_mib=0.000
[fsm_node-3] [INFO] [1789029223.466572666] [fsm_node]:  -- [OPTIMIZER_PHASE_MEMORY] optimizer=backup event=begin call=7 rss_mib=3103.199 swap_mib=0.000 variables=64 pieces=2
[fsm_node-3] [INFO] [1789029223.468378828] [fsm_node]:  -- [OPTIMIZER_PHASE_MEMORY] optimizer=backup event=end call=7 duration_ms=1.818 iterations=176 ret=1 rss_mib=3103.242 swap_mib=0.000 rss_delta_mib=0.043
[fsm_node-3] [INFO] [1789029223.468567357] [fsm_node]:  -- [OPTIMIZER_PHASE_MEMORY] optimizer=backup event=begin call=8 rss_mib=3103.242 swap_mib=0.000 variables=64 pieces=2
[fsm_node-3] [INFO] [1789029223.491637618] [fsm_node]:  -- [OPTIMIZER_PHASE_MEMORY] optimizer=backup event=end call=8 duration_ms=23.054 iterations=1467 ret=1 rss_mib=3103.359 swap_mib=0.000 rss_delta_mib=0.117
[fsm_node-3] [WARN] [1789029223.491689248] [fsm_node]:  -- [SUPER] in [ReplanOnce]: Replan overtime, check parameters, replan dt = 0.095676712.
[fsm_node-3] [INFO] [1789029223.509610615] [fsm_node]:  -- [OPTIMIZER_PHASE_MEMORY] optimizer=exp event=begin call=5 rss_mib=3103.441 swap_mib=0.000 variables=13 pieces=4
[fsm_node-3] [INFO] [1789029223.511662985] [fsm_node]:  -- [OPTIMIZER_PHASE_MEMORY] optimizer=exp event=end call=5 duration_ms=2.104 iterations=252 ret=1 rss_mib=3103.449 swap_mib=0.000 rss_delta_mib=0.008
[fsm_node-3] [INFO] [1789029223.531316716] [fsm_node]:  -- [OPTIMIZER_PHASE_MEMORY] optimizer=backup event=begin call=9 rss_mib=3103.617 swap_mib=0.000 variables=64 pieces=2
[fsm_node-3] [INFO] [1789029223.534864730] [fsm_node]:  -- [OPTIMIZER_PHASE_MEMORY] optimizer=backup event=end call=9 duration_ms=3.589 iterations=300 ret=1 rss_mib=3103.672 swap_mib=0.000 rss_delta_mib=0.055
[fsm_node-3] [INFO] [1789029223.535035884] [fsm_node]:  -- [OPTIMIZER_PHASE_MEMORY] optimizer=backup event=begin call=10 rss_mib=3103.684 swap_mib=0.000 variables=64 pieces=2
[fsm_node-3] [INFO] [1789029223.540275453] [fsm_node]:  -- [OPTIMIZER_PHASE_MEMORY] optimizer=backup event=end call=10 duration_ms=5.239 iterations=413 ret=1 rss_mib=3103.766 swap_mib=0.000 rss_delta_mib=0.082
[fsm_node-3] [INFO] [1789029223.540510064] [fsm_node]:  -- [TRAJ_GUARD_COMMIT] phase=ReplanOnce/with_backup gen=4 map=9 samples=147 range=[0.048,0.768] escape=false footprint_egress=false escape_done_tt=-1.000
[fsm_node-3]  -- [TRAJ_GUARD_CERT] trigger=poly_publish status=SAFE gen=3 map=9 map_age=0.017s map_age_limit=0.500s motion_speed=5.339mps samples=129 range=[0.073,0.710] collision_tt=-1.000 ttc=-1.000 p=[0.000,0.000,0.000]
[fsm_node-3] [32m -- [Fsm] ReplanOnce succeed.[0m
[fsm_node-3] [INFO] [1789029223.555718628] [fsm_node]:  -- [OPTIMIZER_PHASE_MEMORY] optimizer=exp event=begin call=6 rss_mib=3103.766 swap_mib=0.000 variables=13 pieces=4
[fsm_node-3] [INFO] [1789029223.558098621] [fsm_node]:  -- [OPTIMIZER_PHASE_MEMORY] optimizer=exp event=end call=6 duration_ms=2.451 iterations=274 ret=1 rss_mib=3103.773 swap_mib=0.000 rss_delta_mib=0.008
[fsm_node-3] [INFO] [1789029223.607579892] [fsm_node]:  -- [OPTIMIZER_PHASE_MEMORY] optimizer=backup event=begin call=11 rss_mib=3104.078 swap_mib=0.000 variables=66 pieces=2
[fsm_node-3] [INFO] [1789029223.608794215] [fsm_node]:  -- [OPTIMIZER_PHASE_MEMORY] optimizer=backup event=end call=11 duration_ms=1.265 iterations=137 ret=1 rss_mib=3104.117 swap_mib=0.000 rss_delta_mib=0.039
[fsm_node-3] [INFO] [1789029223.608909289] [fsm_node]:  -- [OPTIMIZER_PHASE_MEMORY] optimizer=backup event=begin call=12 rss_mib=3104.129 swap_mib=0.000 variables=66 pieces=2
[fsm_node-3] [INFO] [1789029223.612031631] [fsm_node]:  -- [OPTIMIZER_PHASE_MEMORY] optimizer=backup event=end call=12 duration_ms=3.122 iterations=350 ret=1 rss_mib=3104.129 swap_mib=0.000 rss_delta_mib=0.000
[fsm_node-3] [INFO] [1789029223.612276917] [fsm_node]:  -- [TRAJ_GUARD_COMMIT] phase=ReplanOnce/with_backup gen=5 map=9 samples=193 range=[0.071,1.026] escape=false footprint_egress=false escape_done_tt=-1.000
[fsm_node-3]  -- [TRAJ_GUARD_CERT] trigger=poly_publish status=SAFE gen=4 map=9 map_age=0.162s map_age_limit=0.500s motion_speed=6.325mps samples=145 range=[0.049,0.768] collision_tt=-1.000 ttc=-1.000 p=[0.000,0.000,0.000]
[fsm_node-3] [32m -- [Fsm] ReplanOnce succeed.[0m
[fsm_node-3] [INFO] [1789029223.630340408] [fsm_node]:  -- [OPTIMIZER_PHASE_MEMORY] optimizer=exp event=begin call=7 rss_mib=3104.129 swap_mib=0.000 variables=17 pieces=5
[fsm_node-3] [INFO] [1789029223.635446005] [fsm_node]:  -- [OPTIMIZER_PHASE_MEMORY] optimizer=exp event=end call=7 duration_ms=5.144 iterations=460 ret=1 rss_mib=3104.141 swap_mib=0.000 rss_delta_mib=0.012
[fsm_node-3]  -- [TRAJ_GUARD_CERT] trigger=poly_publish status=SAFE gen=5 map=9 map_age=0.233s map_age_limit=0.500s motion_speed=6.350mps samples=192 range=[0.072,1.026] collision_tt=-1.000 ttc=-1.000 p=[0.000,0.000,0.000]
[fsm_node-3] [32m -- [Fsm] Get goal at [0m24.525000000000002 20.025000000000002  1.525000000000000
[fsm_node-3] [32m -- [Fsm] Receive click goal at: [24.525000000000002 20.025000000000002  1.525000000000000]; goal yaw: 0.000000000000000 deg[0m
[fsm_node-3] [INFO] [1789029223.728871467] [fsm_node]:  -- [OPTIMIZER_PHASE_MEMORY] optimizer=backup event=begin call=13 rss_mib=3104.141 swap_mib=0.000 variables=30 pieces=2
[fsm_node-3] [INFO] [1789029223.729936060] [fsm_node]:  -- [OPTIMIZER_PHASE_MEMORY] optimizer=backup event=end call=13 duration_ms=1.093 iterations=232 ret=1 rss_mib=3104.180 swap_mib=0.000 rss_delta_mib=0.039
[fsm_node-3] [INFO] [1789029223.730017102] [fsm_node]:  -- [OPTIMIZER_PHASE_MEMORY] optimizer=backup event=begin call=14 rss_mib=3104.191 swap_mib=0.000 variables=30 pieces=2
[fsm_node-3] [INFO] [1789029223.731142486] [fsm_node]:  -- [OPTIMIZER_PHASE_MEMORY] optimizer=backup event=end call=14 duration_ms=1.125 iterations=264 ret=1 rss_mib=3104.270 swap_mib=0.000 rss_delta_mib=0.078
[fsm_node-3] [WARN] [1789029223.731169482] [fsm_node]:  -- [SUPER] in [ReplanOnce]: Replan overtime, check parameters, replan dt = 0.118483898.
[fsm_node-3] [INFO] [1789029223.748249663] [fsm_node]:  -- [OPTIMIZER_PHASE_MEMORY] optimizer=exp event=begin call=8 rss_mib=3104.270 swap_mib=0.000 variables=17 pieces=5
[fsm_node-3] [INFO] [1789029223.753686010] [fsm_node]:  -- [OPTIMIZER_PHASE_MEMORY] optimizer=exp event=end call=8 duration_ms=5.484 iterations=480 ret=1 rss_mib=3104.273 swap_mib=0.000 rss_delta_mib=0.004
[perfect_drone_frontend_node-2] [INFO] [1789029223.799560532] [native_sector_cpp]: frames=38 published=19 kept 16.2% (3536/21891 pts/input-frame)
[fsm_node-3] [32m -- [Fsm 2.010] Current state: FOLLOW_TRAJ[0m
[fsm_node-3] [INFO] [1789029223.836271955] [fsm_node]:  -- [OPTIMIZER_PHASE_MEMORY] optimizer=backup event=begin call=15 rss_mib=3104.273 swap_mib=0.000 variables=18 pieces=2
[fsm_node-3] [INFO] [1789029223.841046244] [fsm_node]:  -- [OPTIMIZER_PHASE_MEMORY] optimizer=backup event=end call=15 duration_ms=4.806 iterations=848 ret=1 rss_mib=3104.309 swap_mib=0.000 rss_delta_mib=0.035
[fsm_node-3] [INFO] [1789029223.841117807] [fsm_node]:  -- [OPTIMIZER_PHASE_MEMORY] optimizer=backup event=begin call=16 rss_mib=3104.309 swap_mib=0.000 variables=18 pieces=2
[fsm_node-3] [INFO] [1789029223.843681090] [fsm_node]:  -- [OPTIMIZER_PHASE_MEMORY] optimizer=backup event=end call=16 duration_ms=2.563 iterations=532 ret=1 rss_mib=3104.309 swap_mib=0.000 rss_delta_mib=0.000
[fsm_node-3] [WARN] [1789029223.843711105] [fsm_node]:  -- [SUPER] in [ReplanOnce]: Replan overtime, check parameters, replan dt = 0.112311281.
[fsm_node-3] [INFO] [1789029223.883474995] [fsm_node]:  -- [FULL_REFRESH_RECOVERY_GATE_ARM] min_request_seq=2
[fsm_node-3] [INFO] [1789029223.883637763] [fsm_node]:  -- [TRAJ_GUARD_RECOVERY_SIGNAL] active=true
[fsm_node-3] [ERROR] [1789029223.885287907] [fsm_node]:  -- [TRAJ_GUARD_BRAKE_REJECTED] trigger=main_pre_uncertified searched=[0.400,3.000]s speed0=5.832 initial_source=fresh_command cmd_age=0.010s cmd_pos_err=0.000 cmd_vel_err=inf motion_speed=inf motion_dt=infs motion_pose_speed=inf motion_twist_speed=5.832 motion_disagreement=inf motion_source=none motion_gen=5/0 motion_gen_continuous=false last_dynamics_ok=false max_vel=8.476 vel_limit=7.000 max_acc=0.000 max_jerk=0.000 last_path_status=UNOBSERVED last_map=9 map_age=0.506s raw_status=DISABLED raw_cloud=0 raw_age=0.000s ciri_shadow=DISABLED ciri_shadow_result=0 ciri_shadow_queued=0 ciri_shadow_age=infs; no brake command published
[fsm_node-3] [ERROR] [1789029223.893548367] [fsm_node]:  -- [TRAJ_GUARD_BRAKE_REJECTED] trigger=emergency_stop_retry searched=[0.400,3.000]s speed0=0.000 initial_source=position_difference cmd_age=0.020s cmd_pos_err=0.000 cmd_vel_err=5.832 motion_speed=0.000 motion_dt=0.010s motion_pose_speed=0.000 motion_twist_speed=5.832 motion_disagreement=5.832 motion_source=position_difference motion_gen=5/5 motion_gen_continuous=true last_dynamics_ok=true max_vel=0.000 vel_limit=7.000 max_acc=0.000 max_jerk=0.000 last_path_status=SAFE last_map=9 map_age=0.515s raw_status=DISABLED raw_cloud=0 raw_age=infs ciri_shadow=DISABLED ciri_shadow_result=0 ciri_shadow_queued=0 ciri_shadow_age=infs; no brake command published
[fsm_node-3] [ERROR] [1789029224.003469786] [fsm_node]:  -- [TRAJ_GUARD_BRAKE_REJECTED] trigger=emergency_stop_retry searched=[0.400,3.000]s speed0=0.000 initial_source=position_difference cmd_age=0.130s cmd_pos_err=0.000 cmd_vel_err=5.832 motion_speed=0.000 motion_dt=0.110s motion_pose_speed=0.000 motion_twist_speed=5.832 motion_disagreement=5.832 motion_source=position_difference motion_gen=5/5 motion_gen_continuous=true last_dynamics_ok=true max_vel=0.000 vel_limit=7.000 max_acc=0.000 max_jerk=0.000 last_path_status=SAFE last_map=9 map_age=0.625s raw_status=DISABLED raw_cloud=0 raw_age=infs ciri_shadow=DISABLED ciri_shadow_result=0 ciri_shadow_queued=0 ciri_shadow_age=infs; no brake command published
[fsm_node-3] [INFO] [1789029224.073163306] [fsm_node]:  -- [FULL_REFRESH_RECOVERY_TARGET] request_seq=2 stamp_ns=1789029224071946646 already_acked=false map=0
[fsm_node-3] [ERROR] [1789029224.113396453] [fsm_node]:  -- [TRAJ_GUARD_BRAKE_REJECTED] trigger=emergency_stop_retry searched=[0.400,3.000]s speed0=0.000 initial_source=position_difference cmd_age=0.240s cmd_pos_err=0.000 cmd_vel_err=5.832 motion_speed=0.000 motion_dt=0.110s motion_pose_speed=0.000 motion_twist_speed=5.832 motion_disagreement=5.832 motion_source=position_difference motion_gen=5/5 motion_gen_continuous=true last_dynamics_ok=true max_vel=0.000 vel_limit=7.000 max_acc=0.000 max_jerk=0.000 last_path_status=SAFE last_map=9 map_age=0.735s raw_status=DISABLED raw_cloud=0 raw_age=infs ciri_shadow=DISABLED ciri_shadow_result=0 ciri_shadow_queued=0 ciri_shadow_age=infs; no brake command published
[fsm_node-3] [INFO] [1789029224.117491819] [fsm_node]:  -- [FULL_REFRESH_RECOVERY_ACK] request_seq=2 stamp_ns=1789029224071946646 map=10 committed=1
[perfect_drone_frontend_node-2] [INFO] [1789029224.171871692] [perfect_tracking]: [SENSOR_CADENCE_SUMMARY] frames=50 span_s=4.898926 hz=10.002193 raw_published=0 direct_handoffs=40 payload_bytes=29515040 side_entry_v1_enabled=0 side_entry_v1_spawned=0 side_entry_v1_injected_frames=0
[perfect_drone_frontend_node-2] [INFO] [1789029224.172000399] [perfect_tracking]: [SENSOR_BURST_DROPOUT_SUMMARY] enabled=1 warmup_s=1.000000 period_s=2.000000 duration_s=0.500000 phase_s=1.200000 phase_env_override=1 rendered=50 delivered=40 dropped=10 bursts=2 max_consecutive_dropped=5 max_delivered_gap_s=0.602638 dropped_payload_bytes=10693024
[fsm_node-3] [WARN] [1789029224.213429690] [fsm_node]:  -- [TRAJ_GUARD_STATIONARY_HOLD] trigger=emergency_stop_retry stable_for=0.320s displacement=0.000m action=publish_certified_hold
[fsm_node-3] [ERROR] [1789029224.213494326] [fsm_node]:  -- [TRAJ_GUARD_BRAKE] trigger=emergency_stop_retry duration=0.400s speed0=0.000 initial_source=position_difference cmd_age=0.340s cmd_pos_err=0.000 cmd_vel_err=5.832 motion_speed=0.000 motion_dt=0.100s motion_pose_speed=0.000 motion_twist_speed=5.832 motion_disagreement=5.832 motion_source=position_difference motion_gen=5/5 motion_gen_continuous=true max_vel=0.000 vel_limit=7.000 max_acc=0.000 max_jerk=0.000 dynamics_ok=true path_status=SAFE map=11 map_age=0.018s raw_status=DISABLED raw_cloud=0 raw_age=0.000s ciri_shadow=DISABLED ciri_shadow_result=0 ciri_shadow_queued=0 ciri_shadow_age=infs stop=[27.353,2.152,1.539]
[fsm_node-3] [WARN] [1789029224.223360251] [fsm_node]:  -- [TRAJ_GUARD_RECOVERY_EPISODE_RESET] reason=horizontal_progress progress=3.573m threshold=2.000m prior_local=0 prior_vertical=0 prior_base=0
[fsm_node-3] [INFO] [1789029224.236238117] [fsm_node]:  -- [OPTIMIZER_PHASE_MEMORY] optimizer=exp event=begin call=9 rss_mib=3110.531 swap_mib=0.000 variables=17 pieces=5
[fsm_node-3] [INFO] [1789029224.239416335] [fsm_node]:  -- [OPTIMIZER_PHASE_MEMORY] optimizer=exp event=end call=9 duration_ms=3.204 iterations=342 ret=1 rss_mib=3110.570 swap_mib=0.000 rss_delta_mib=0.039
[fsm_node-3] [INFO] [1789029224.239455389] [fsm_node]:  -- [SUPER] in [PlanFromRest] GenerateExpTrajectory SUCCESS.
[fsm_node-3] [INFO] [1789029224.320694051] [fsm_node]:  -- [OPTIMIZER_PHASE_MEMORY] optimizer=backup event=begin call=17 rss_mib=3110.570 swap_mib=0.000 variables=18 pieces=2
[fsm_node-3] [INFO] [1789029224.321793306] [fsm_node]:  -- [OPTIMIZER_PHASE_MEMORY] optimizer=backup event=end call=17 duration_ms=1.159 iterations=272 ret=1 rss_mib=3110.586 swap_mib=0.000 rss_delta_mib=0.016
[fsm_node-3] [INFO] [1789029224.321863389] [fsm_node]:  -- [OPTIMIZER_PHASE_MEMORY] optimizer=backup event=begin call=18 rss_mib=3110.598 swap_mib=0.000 variables=18 pieces=2
[fsm_node-3] [INFO] [1789029224.322389588] [fsm_node]:  -- [OPTIMIZER_PHASE_MEMORY] optimizer=backup event=end call=18 duration_ms=0.526 iterations=146 ret=1 rss_mib=3110.609 swap_mib=0.000 rss_delta_mib=0.012
[fsm_node-3] [INFO] [1789029224.322687043] [fsm_node]:  -- [TRAJ_GUARD_COMMIT] phase=PlanFromRest/with_backup gen=6 map=11 samples=289 range=[0.099,1.531] escape=false footprint_egress=false escape_done_tt=-1.000
[fsm_node-3] [INFO] [1789029224.322841150] [fsm_node]:  -- [TRAJ_GUARD_RECOVERY_SIGNAL] active=false
[fsm_node-3] [INFO] [1789029224.322871848] [fsm_node]:  -- [TRAJ_GUARD_RECOVERED] trigger=emergency_stop_retry gen=6 map=11
[fsm_node-3] [INFO] [1789029224.453485315] [fsm_node]:  -- [OPTIMIZER_PHASE_MEMORY] optimizer=exp event=begin call=10 rss_mib=3110.609 swap_mib=0.000 variables=17 pieces=5
[fsm_node-3] [INFO] [1789029224.467460654] [fsm_node]:  -- [OPTIMIZER_PHASE_MEMORY] optimizer=exp event=end call=10 duration_ms=13.955 iterations=1240 ret=1 rss_mib=3110.609 swap_mib=0.000 rss_delta_mib=0.000
[fsm_node-3] [INFO] [1789029224.551617343] [fsm_node]:  -- [OPTIMIZER_PHASE_MEMORY] optimizer=backup event=begin call=19 rss_mib=3110.609 swap_mib=0.000 variables=18 pieces=2
[fsm_node-3] [INFO] [1789029224.556292940] [fsm_node]:  -- [OPTIMIZER_PHASE_MEMORY] optimizer=backup event=end call=19 duration_ms=4.740 iterations=890 ret=1 rss_mib=3110.609 swap_mib=0.000 rss_delta_mib=0.000
[fsm_node-3] [INFO] [1789029224.556357930] [fsm_node]:  -- [OPTIMIZER_PHASE_MEMORY] optimizer=backup event=begin call=20 rss_mib=3110.609 swap_mib=0.000 variables=18 pieces=2
[fsm_node-3] [INFO] [1789029224.557753194] [fsm_node]:  -- [OPTIMIZER_PHASE_MEMORY] optimizer=backup event=end call=20 duration_ms=1.396 iterations=322 ret=1 rss_mib=3110.609 swap_mib=0.000 rss_delta_mib=0.000
[fsm_node-3] [WARN] [1789029224.557779225] [fsm_node]:  -- [SUPER] in [ReplanOnce]: Replan overtime, check parameters, replan dt = 0.124322508.
[fsm_node-3] [INFO] [1789029224.576567484] [fsm_node]:  -- [OPTIMIZER_PHASE_MEMORY] optimizer=exp event=begin call=11 rss_mib=3110.609 swap_mib=0.000 variables=17 pieces=5
[fsm_node-3] [INFO] [1789029224.586397574] [fsm_node]:  -- [OPTIMIZER_PHASE_MEMORY] optimizer=exp event=end call=11 duration_ms=9.878 iterations=888 ret=1 rss_mib=3110.664 swap_mib=0.000 rss_delta_mib=0.055
[fsm_node-3] [INFO] [1789029224.670123272] [fsm_node]:  -- [OPTIMIZER_PHASE_MEMORY] optimizer=backup event=begin call=21 rss_mib=3110.664 swap_mib=0.000 variables=18 pieces=2
[fsm_node-3] [INFO] [1789029224.672470277] [fsm_node]:  -- [OPTIMIZER_PHASE_MEMORY] optimizer=backup event=end call=21 duration_ms=2.378 iterations=545 ret=1 rss_mib=3110.664 swap_mib=0.000 rss_delta_mib=0.000
[fsm_node-3] [INFO] [1789029224.672527392] [fsm_node]:  -- [OPTIMIZER_PHASE_MEMORY] optimizer=backup event=begin call=22 rss_mib=3110.664 swap_mib=0.000 variables=18 pieces=2
[fsm_node-3] [INFO] [1789029224.672979512] [fsm_node]:  -- [OPTIMIZER_PHASE_MEMORY] optimizer=backup event=end call=22 duration_ms=0.453 iterations=129 ret=1 rss_mib=3110.664 swap_mib=0.000 rss_delta_mib=0.000
[fsm_node-3] [WARN] [1789029224.673005966] [fsm_node]:  -- [SUPER] in [ReplanOnce]: Replan overtime, check parameters, replan dt = 0.114978958.
[fsm_node-3] [INFO] [1789029224.691511854] [fsm_node]:  -- [OPTIMIZER_PHASE_MEMORY] optimizer=exp event=begin call=12 rss_mib=3110.664 swap_mib=0.000 variables=17 pieces=5
[fsm_node-3] [INFO] [1789029224.701299714] [fsm_node]:  -- [OPTIMIZER_PHASE_MEMORY] optimizer=exp event=end call=12 duration_ms=9.821 iterations=828 ret=1 rss_mib=3110.672 swap_mib=0.000 rss_delta_mib=0.008
[fsm_node-3]  -- [TRAJ_GUARD_CERT] trigger=main_pre status=MAP_STALE gen=5 map=9 map_age=0.505s map_age_limit=0.500s motion_speed=5.832mps samples=0 range=[0.000,0.000] collision_tt=-1.000 ttc=-1.000 p=[0.000,0.000,0.000]
[fsm_node-3] [38;2;000;128;000m -- [Fsm]: [TrajectoryGuardFailClosed] change state from [FOLLOW_TRAJ] to [EMER_STOP].
[fsm_node-3] [0m[38;2;000;128;000m -- [Fsm]: [TrajectoryGuard] change state from [EMER_STOP] to [EMER_STOP].
[fsm_node-3] [0m[38;2;000;128;000m -- [Fsm]: [TrajectoryGuardRecovery] change state from [EMER_STOP] to [GENERATE_TRAJ].
[fsm_node-3] [0m -- [TRAJ_GUARD_CERT] trigger=poly_publish status=SAFE gen=6 map=11 map_age=0.127s map_age_limit=0.550s motion_speed=0.000mps samples=288 range=[0.099,1.531] collision_tt=-1.000 ttc=-1.000 p=[0.000,0.000,0.000]
[fsm_node-3] [38;2;000;128;000m -- [Fsm]: [MainFsmCallback] change state from [GENERATE_TRAJ] to [FOLLOW_TRAJ].
[fsm_node-3] [0m -- [TRAJ_GUARD_CERT] trigger=main_pre status=SAFE gen=6 map=12 map_age=0.009s map_age_limit=0.550s motion_speed=1.414mps samples=270 range=[0.190,1.531] collision_tt=-1.000 ttc=-1.000 p=[0.000,0.000,0.000]
[fsm_node-3]  -- [TRAJ_GUARD_CERT] trigger=main_pre status=SAFE gen=6 map=13 map_age=0.004s map_age_limit=0.500s motion_speed=4.980mps samples=232 range=[0.380,1.531] collision_tt=-1.000 ttc=-1.000 p=[0.000,0.000,0.000]
[fsm_node-3] [32m -- [Fsm] Get goal at [0m24.525000000000002 20.025000000000002  1.525000000000000
[fsm_node-3] [32m -- [Fsm] Receive click goal at: [24.525000000000002 20.025000000000002  1.525000000000000]; goal yaw: 0.000000000000000 deg[0m
[fsm_node-3] [INFO] [1789029224.779163964] [fsm_node]:  -- [OPTIMIZER_PHASE_MEMORY] optimizer=backup event=begin call=23 rss_mib=3110.672 swap_mib=0.000 variables=18 pieces=2
[fsm_node-3] [INFO] [1789029224.781877914] [fsm_node]:  -- [OPTIMIZER_PHASE_MEMORY] optimizer=backup event=end call=23 duration_ms=2.729 iterations=511 ret=1 rss_mib=3111.137 swap_mib=0.000 rss_delta_mib=0.465
[fsm_node-3] [INFO] [1789029224.781969434] [fsm_node]:  -- [OPTIMIZER_PHASE_MEMORY] optimizer=backup event=begin call=24 rss_mib=3111.148 swap_mib=0.000 variables=18 pieces=2
[fsm_node-3] [INFO] [1789029224.782117676] [fsm_node]:  -- [OPTIMIZER_PHASE_MEMORY] optimizer=backup event=end call=24 duration_ms=0.152 iterations=36 ret=1 rss_mib=3111.148 swap_mib=0.000 rss_delta_mib=0.000
[fsm_node-3] [WARN] [1789029224.782144222] [fsm_node]:  -- [SUPER] in [ReplanOnce]: Replan overtime, check parameters, replan dt = 0.108805197.
[fsm_node-3] [INFO] [1789029224.813459447] [fsm_node]:  -- [OPTIMIZER_PHASE_MEMORY] optimizer=exp event=begin call=13 rss_mib=3111.152 swap_mib=0.000 variables=13 pieces=4
[fsm_node-3] [INFO] [1789029224.816517075] [fsm_node]:  -- [OPTIMIZER_PHASE_MEMORY] optimizer=exp event=end call=13 duration_ms=3.124 iterations=327 ret=1 rss_mib=3111.152 swap_mib=0.000 rss_delta_mib=0.000
[fsm_node-3]  -- [TRAJ_GUARD_CERT] trigger=main_pre status=SAFE gen=6 map=14 map_age=0.004s map_age_limit=0.500s motion_speed=6.854mps samples=192 range=[0.580,1.531] collision_tt=-1.000 ttc=-1.000 p=[0.000,0.000,0.000]
[fsm_node-3] [32m -- [Fsm 3.020] Current state: FOLLOW_TRAJ[0m
[fsm_node-3] [INFO] [1789029224.889566239] [fsm_node]:  -- [OPTIMIZER_PHASE_MEMORY] optimizer=backup event=begin call=25 rss_mib=3111.152 swap_mib=0.000 variables=18 pieces=2
[fsm_node-3] [INFO] [1789029224.890139368] [fsm_node]:  -- [OPTIMIZER_PHASE_MEMORY] optimizer=backup event=end call=25 duration_ms=0.629 iterations=122 ret=1 rss_mib=3111.152 swap_mib=0.000 rss_delta_mib=0.000
[fsm_node-3] [INFO] [1789029224.890202283] [fsm_node]:  -- [OPTIMIZER_PHASE_MEMORY] optimizer=backup event=begin call=26 rss_mib=3111.152 swap_mib=0.000 variables=18 pieces=2
[fsm_node-3] [INFO] [1789029224.892476610] [fsm_node]:  -- [OPTIMIZER_PHASE_MEMORY] optimizer=backup event=end call=26 duration_ms=2.273 iterations=507 ret=1 rss_mib=3111.152 swap_mib=0.000 rss_delta_mib=0.000
[fsm_node-3] [WARN] [1789029224.892504853] [fsm_node]:  -- [SUPER] in [ReplanOnce]: Replan overtime, check parameters, replan dt = 0.110188966.
[fsm_node-3] [INFO] [1789029224.914363980] [fsm_node]:  -- [OPTIMIZER_PHASE_MEMORY] optimizer=exp event=begin call=14 rss_mib=3111.152 swap_mib=0.000 variables=13 pieces=4
[fsm_node-3] [INFO] [1789029224.917075589] [fsm_node]:  -- [OPTIMIZER_PHASE_MEMORY] optimizer=exp event=end call=14 duration_ms=2.749 iterations=318 ret=1 rss_mib=3111.152 swap_mib=0.000 rss_delta_mib=0.000
[fsm_node-3] [INFO] [1789029224.986343606] [fsm_node]:  -- [OPTIMIZER_PHASE_MEMORY] optimizer=backup event=begin call=27 rss_mib=3111.227 swap_mib=0.000 variables=18 pieces=2
[fsm_node-3] [INFO] [1789029224.988387367] [fsm_node]:  -- [OPTIMIZER_PHASE_MEMORY] optimizer=backup event=end call=27 duration_ms=2.106 iterations=433 ret=1 rss_mib=3111.227 swap_mib=0.000 rss_delta_mib=0.000
[fsm_node-3] [INFO] [1789029224.988461610] [fsm_node]:  -- [OPTIMIZER_PHASE_MEMORY] optimizer=backup event=begin call=28 rss_mib=3111.227 swap_mib=0.000 variables=18 pieces=2
[fsm_node-3] [INFO] [1789029224.989047451] [fsm_node]:  -- [OPTIMIZER_PHASE_MEMORY] optimizer=backup event=end call=28 duration_ms=0.587 iterations=156 ret=1 rss_mib=3111.227 swap_mib=0.000 rss_delta_mib=0.000
[fsm_node-3] [WARN] [1789029224.989077605] [fsm_node]:  -- [SUPER] in [ReplanOnce]: Replan overtime, check parameters, replan dt = 0.096411668.
[fsm_node-3] [INFO] [1789029225.018950098] [fsm_node]:  -- [OPTIMIZER_PHASE_MEMORY] optimizer=exp event=begin call=15 rss_mib=3111.227 swap_mib=0.000 variables=13 pieces=4
[fsm_node-3] [INFO] [1789029225.021826294] [fsm_node]:  -- [OPTIMIZER_PHASE_MEMORY] optimizer=exp event=end call=15 duration_ms=2.935 iterations=330 ret=1 rss_mib=3111.227 swap_mib=0.000 rss_delta_mib=0.000
[fsm_node-3] [INFO] [1789029225.092957975] [fsm_node]:  -- [OPTIMIZER_PHASE_MEMORY] optimizer=backup event=begin call=29 rss_mib=3111.227 swap_mib=0.000 variables=18 pieces=2
[fsm_node-3] [INFO] [1789029225.093826865] [fsm_node]:  -- [OPTIMIZER_PHASE_MEMORY] optimizer=backup event=end call=29 duration_ms=0.906 iterations=225 ret=1 rss_mib=3111.227 swap_mib=0.000 rss_delta_mib=0.000
[fsm_node-3] [INFO] [1789029225.093883006] [fsm_node]:  -- [OPTIMIZER_PHASE_MEMORY] optimizer=backup event=begin call=30 rss_mib=3111.227 swap_mib=0.000 variables=18 pieces=2
[fsm_node-3] [INFO] [1789029225.098608429] [fsm_node]:  -- [OPTIMIZER_PHASE_MEMORY] optimizer=backup event=end call=30 duration_ms=4.725 iterations=787 ret=1 rss_mib=3111.227 swap_mib=0.000 rss_delta_mib=0.000
[fsm_node-3] [WARN] [1789029225.098636091] [fsm_node]:  -- [SUPER] in [ReplanOnce]: Replan overtime, check parameters, replan dt = 0.109241653.
[fsm_node-3] [INFO] [1789029225.123438957] [fsm_node]:  -- [OPTIMIZER_PHASE_MEMORY] optimizer=exp event=begin call=16 rss_mib=3111.227 swap_mib=0.000 variables=17 pieces=5
[fsm_node-3] [INFO] [1789029225.130778377] [fsm_node]:  -- [OPTIMIZER_PHASE_MEMORY] optimizer=exp event=end call=16 duration_ms=7.390 iterations=626 ret=1 rss_mib=3111.246 swap_mib=0.000 rss_delta_mib=0.020
[fsm_node-3] [INFO] [1789029225.202643933] [fsm_node]:  -- [OPTIMIZER_PHASE_MEMORY] optimizer=backup event=begin call=31 rss_mib=3111.277 swap_mib=0.000 variables=18 pieces=2
[fsm_node-3] [INFO] [1789029225.203424267] [fsm_node]:  -- [OPTIMIZER_PHASE_MEMORY] optimizer=backup event=end call=31 duration_ms=0.814 iterations=171 ret=1 rss_mib=3111.281 swap_mib=0.000 rss_delta_mib=0.004
[fsm_node-3] [INFO] [1789029225.203491685] [fsm_node]:  -- [OPTIMIZER_PHASE_MEMORY] optimizer=backup event=begin call=32 rss_mib=3111.281 swap_mib=0.000 variables=18 pieces=2
[fsm_node-3] [INFO] [1789029225.204014558] [fsm_node]:  -- [OPTIMIZER_PHASE_MEMORY] optimizer=backup event=end call=32 duration_ms=0.523 iterations=128 ret=1 rss_mib=3111.281 swap_mib=0.000 rss_delta_mib=0.000
[fsm_node-3] [WARN] [1789029225.204045316] [fsm_node]:  -- [SUPER] in [ReplanOnce]: Replan overtime, check parameters, replan dt = 0.105088317.
[fsm_node-3] [INFO] [1789029225.231159253] [fsm_node]:  -- [OPTIMIZER_PHASE_MEMORY] optimizer=exp event=begin call=17 rss_mib=3111.328 swap_mib=0.000 variables=17 pieces=5
[fsm_node-3] [INFO] [1789029225.252509183] [fsm_node]:  -- [OPTIMIZER_PHASE_MEMORY] optimizer=exp event=end call=17 duration_ms=21.383 iterations=1670 ret=1 rss_mib=3111.359 swap_mib=0.000 rss_delta_mib=0.031
[fsm_node-3] [INFO] [1789029225.336338492] [fsm_node]:  -- [OPTIMIZER_PHASE_MEMORY] optimizer=backup event=begin call=33 rss_mib=3111.359 swap_mib=0.000 variables=18 pieces=2
[fsm_node-3] [INFO] [1789029225.338399433] [fsm_node]:  -- [OPTIMIZER_PHASE_MEMORY] optimizer=backup event=end call=33 duration_ms=2.097 iterations=419 ret=1 rss_mib=3111.363 swap_mib=0.000 rss_delta_mib=0.004
[fsm_node-3] [INFO] [1789029225.338494618] [fsm_node]:  -- [OPTIMIZER_PHASE_MEMORY] optimizer=backup event=begin call=34 rss_mib=3111.363 swap_mib=0.000 variables=18 pieces=2
[fsm_node-3] [INFO] [1789029225.339598560] [fsm_node]:  -- [OPTIMIZER_PHASE_MEMORY] optimizer=backup event=end call=34 duration_ms=1.102 iterations=255 ret=1 rss_mib=3111.363 swap_mib=0.000 rss_delta_mib=0.000
[fsm_node-3] [WARN] [1789029225.339635711] [fsm_node]:  -- [SUPER] in [ReplanOnce]: Replan overtime, check parameters, replan dt = 0.135415093.
[fsm_node-3] [INFO] [1789029225.370652800] [fsm_node]:  -- [OPTIMIZER_PHASE_MEMORY] optimizer=exp event=begin call=18 rss_mib=3111.363 swap_mib=0.000 variables=13 pieces=4
[fsm_node-3] [INFO] [1789029225.371969408] [fsm_node]:  -- [OPTIMIZER_PHASE_MEMORY] optimizer=exp event=end call=18 duration_ms=1.386 iterations=135 ret=1 rss_mib=3111.363 swap_mib=0.000 rss_delta_mib=0.000
[fsm_node-3] [INFO] [1789029225.453875519] [fsm_node]:  -- [OPTIMIZER_PHASE_MEMORY] optimizer=backup event=begin call=35 rss_mib=3111.367 swap_mib=0.000 variables=26 pieces=2
[fsm_node-3] [INFO] [1789029225.454990756] [fsm_node]:  -- [OPTIMIZER_PHASE_MEMORY] optimizer=backup event=end call=35 duration_ms=1.187 iterations=252 ret=1 rss_mib=3111.367 swap_mib=0.000 rss_delta_mib=0.000
[fsm_node-3] [INFO] [1789029225.455074026] [fsm_node]:  -- [OPTIMIZER_PHASE_MEMORY] optimizer=backup event=begin call=36 rss_mib=3111.367 swap_mib=0.000 variables=26 pieces=2
[fsm_node-3] [INFO] [1789029225.456167673] [fsm_node]:  -- [OPTIMIZER_PHASE_MEMORY] optimizer=backup event=end call=36 duration_ms=1.094 iterations=242 ret=1 rss_mib=3111.367 swap_mib=0.000 rss_delta_mib=0.000
[fsm_node-3] [WARN] [1789029225.456193801] [fsm_node]:  -- [SUPER] in [ReplanOnce]: Replan overtime, check parameters, replan dt = 0.116318916.
[fsm_node-3] [INFO] [1789029225.484734442] [fsm_node]:  -- [OPTIMIZER_PHASE_MEMORY] optimizer=exp event=begin call=19 rss_mib=3111.367 swap_mib=0.000 variables=13 pieces=4
[fsm_node-3] [INFO] [1789029225.493128525] [fsm_node]:  -- [OPTIMIZER_PHASE_MEMORY] optimizer=exp event=end call=19 duration_ms=8.456 iterations=844 ret=1 rss_mib=3111.367 swap_mib=0.000 rss_delta_mib=0.000
[fsm_node-3] [INFO] [1789029225.568874352] [fsm_node]:  -- [OPTIMIZER_PHASE_MEMORY] optimizer=backup event=begin call=37 rss_mib=3111.367 swap_mib=0.000 variables=18 pieces=2
[fsm_node-3] [INFO] [1789029225.575327066] [fsm_node]:  -- [OPTIMIZER_PHASE_MEMORY] optimizer=backup event=end call=37 duration_ms=6.536 iterations=1021 ret=1 rss_mib=3111.367 swap_mib=0.000 rss_delta_mib=0.000
[fsm_node-3] [INFO] [1789029225.575408105] [fsm_node]:  -- [OPTIMIZER_PHASE_MEMORY] optimizer=backup event=begin call=38 rss_mib=3111.367 swap_mib=0.000 variables=18 pieces=2
[fsm_node-3] [INFO] [1789029225.576425870] [fsm_node]:  -- [OPTIMIZER_PHASE_MEMORY] optimizer=backup event=end call=38 duration_ms=1.013 iterations=257 ret=1 rss_mib=3111.367 swap_mib=0.000 rss_delta_mib=0.000
[fsm_node-3] [WARN] [1789029225.576456778] [fsm_node]:  -- [SUPER] in [ReplanOnce]: Replan overtime, check parameters, replan dt = 0.119953566.
[fsm_node-3] [INFO] [1789029225.604664795] [fsm_node]:  -- [OPTIMIZER_PHASE_MEMORY] optimizer=exp event=begin call=20 rss_mib=3111.367 swap_mib=0.000 variables=17 pieces=5
[fsm_node-3] [INFO] [1789029225.611941643] [fsm_node]:  -- [OPTIMIZER_PHASE_MEMORY] optimizer=exp event=end call=20 duration_ms=7.317 iterations=636 ret=1 rss_mib=3111.367 swap_mib=0.000 rss_delta_mib=0.000
[fsm_node-3] [INFO] [1789029225.684241257] [fsm_node]:  -- [OPTIMIZER_PHASE_MEMORY] optimizer=backup event=begin call=39 rss_mib=3111.367 swap_mib=0.000 variables=18 pieces=2
[fsm_node-3] [INFO] [1789029225.689257795] [fsm_node]:  -- [OPTIMIZER_PHASE_MEMORY] optimizer=backup event=end call=39 duration_ms=5.080 iterations=832 ret=1 rss_mib=3111.367 swap_mib=0.000 rss_delta_mib=0.000
[fsm_node-3] [INFO] [1789029225.689335760] [fsm_node]:  -- [OPTIMIZER_PHASE_MEMORY] optimizer=backup event=begin call=40 rss_mib=3111.367 swap_mib=0.000 variables=18 pieces=2
[fsm_node-3] [INFO] [1789029225.692616674] [fsm_node]:  -- [OPTIMIZER_PHASE_MEMORY] optimizer=backup event=end call=40 duration_ms=3.280 iterations=580 ret=1 rss_mib=3111.367 swap_mib=0.000 rss_delta_mib=0.000
[fsm_node-3] [WARN] [1789029225.692644532] [fsm_node]:  -- [SUPER] in [ReplanOnce]: Replan overtime, check parameters, replan dt = 0.115908456.
[fsm_node-3] [INFO] [1789029225.693608659] [fsm_node]:  -- [TRAJ_GUARD_COMMIT] phase=ReplanOnce/no_backup gen=7 map=17 samples=33 range=[1.470,1.622] escape=false footprint_egress=false escape_done_tt=-1.000
[fsm_node-3]  -- [TRAJ_GUARD_CERT] trigger=main_pre status=SAFE gen=6 map=15 map_age=0.004s map_age_limit=0.500s motion_speed=6.970mps samples=154 range=[0.770,1.531] collision_tt=-1.000 ttc=-1.000 p=[0.000,0.000,0.000]
[fsm_node-3]  -- [TRAJ_GUARD_CERT] trigger=main_pre status=SAFE gen=6 map=16 map_age=0.003s map_age_limit=0.500s motion_speed=6.995mps samples=112 range=[0.980,1.531] collision_tt=-1.000 ttc=-1.000 p=[0.000,0.000,0.000]
[fsm_node-3]  -- [TRAJ_GUARD_CERT] trigger=main_pre status=SAFE gen=6 map=17 map_age=0.006s map_age_limit=0.500s motion_speed=5.430mps samples=70 range=[1.190,1.531] collision_tt=-1.000 ttc=-1.000 p=[0.000,0.000,0.000]
[fsm_node-3] [32m -- [Fsm] ReplanOnce succeed.[0m
[fsm_node-3]  -- [TRAJ_GUARD_CERT] trigger=poly_publish status=SAFE gen=7 map=17 map_age=0.287s map_age_limit=0.550s motion_speed=0.222mps samples=32 range=[1.470,1.622] collision_tt=-1.000 ttc=-1.000 p=[0.000,0.000,0.000]
[fsm_node-3] [32m -- [Fsm] Get goal at [0m24.525000000000002 20.025000000000002  1.525000000000000
[fsm_node-3] [32m -- [Fsm] Receive click goal at: [24.525000000000002 20.025000000000002  1.525000000000000]; goal yaw: 0.000000000000000 deg[0m
[fsm_node-3] [INFO] [1789029225.754553457] [fsm_node]:  -- [TRAJ_GUARD_COMMIT] phase=ReplanOnce/no_backup gen=8 map=17 samples=21 range=[1.531,1.622] escape=false footprint_egress=false escape_done_tt=-1.000
[fsm_node-3] [32m -- [Fsm] ReplanOnce succeed.[0m
[fsm_node-3]  -- [TRAJ_GUARD_CERT] trigger=poly_publish status=SAFE gen=8 map=17 map_age=0.348s map_age_limit=0.550s motion_speed=0.238mps samples=20 range=[1.531,1.622] collision_tt=-1.000 ttc=-1.000 p=[0.000,0.000,0.000]
[fsm_node-3] [32m -- [Fsm 4.020] Current state: FOLLOW_TRAJ[0m
[fsm_node-3] [32m -- [Fsm] Traj finish.[0m
[fsm_node-3] [WARN] [1789029225.863328382] [fsm_node]:  -- [TRAJ_GUARD_RECOVERY_EPISODE_RESET] reason=horizontal_progress progress=6.905m threshold=2.000m prior_local=0 prior_vertical=0 prior_base=0
[fsm_node-3] [INFO] [1789029225.896613242] [fsm_node]:  -- [OPTIMIZER_PHASE_MEMORY] optimizer=exp event=begin call=21 rss_mib=3111.367 swap_mib=0.000 variables=13 pieces=4
[fsm_node-3] [INFO] [1789029225.903263291] [fsm_node]:  -- [OPTIMIZER_PHASE_MEMORY] optimizer=exp event=end call=21 duration_ms=6.702 iterations=709 ret=1 rss_mib=3111.367 swap_mib=0.000 rss_delta_mib=0.000
[fsm_node-3] [INFO] [1789029225.903317764] [fsm_node]:  -- [SUPER] in [PlanFromRest] GenerateExpTrajectory SUCCESS.
[fsm_node-3] [INFO] [1789029225.965531959] [fsm_node]:  -- [OPTIMIZER_PHASE_MEMORY] optimizer=backup event=begin call=41 rss_mib=3111.367 swap_mib=0.000 variables=18 pieces=2
[fsm_node-3] [INFO] [1789029225.967714297] [fsm_node]:  -- [OPTIMIZER_PHASE_MEMORY] optimizer=backup event=end call=41 duration_ms=2.230 iterations=468 ret=1 rss_mib=3111.367 swap_mib=0.000 rss_delta_mib=0.000
[fsm_node-3] [INFO] [1789029225.967802999] [fsm_node]:  -- [OPTIMIZER_PHASE_MEMORY] optimizer=backup event=begin call=42 rss_mib=3111.367 swap_mib=0.000 variables=18 pieces=2
[fsm_node-3] [INFO] [1789029225.969048297] [fsm_node]:  -- [OPTIMIZER_PHASE_MEMORY] optimizer=backup event=end call=42 duration_ms=1.246 iterations=271 ret=1 rss_mib=3111.367 swap_mib=0.000 rss_delta_mib=0.000
[fsm_node-3] [INFO] [1789029225.969334723] [fsm_node]:  -- [TRAJ_GUARD_COMMIT] phase=PlanFromRest/with_backup gen=9 map=17 samples=285 range=[0.106,1.517] escape=false footprint_egress=false escape_done_tt=-1.000
[fsm_node-3] [INFO] [1789029225.969399268] [fsm_node]:  -- [FULL_REFRESH_RECOVERY_GATE_ARM] min_request_seq=3
[fsm_node-3] [INFO] [1789029225.969431842] [fsm_node]:  -- [TRAJ_GUARD_RECOVERY_SIGNAL] active=true
[fsm_node-3] [ERROR] [1789029225.969482693] [fsm_node]:  -- [TRAJ_GUARD_BRAKE] trigger=main_post_uncertified duration=0.400s speed0=0.314 initial_source=trajectory_fallback cmd_age=0.116s cmd_pos_err=0.000 cmd_vel_err=inf motion_speed=inf motion_dt=infs motion_pose_speed=inf motion_twist_speed=0.000 motion_disagreement=inf motion_source=none motion_gen=9/5 motion_gen_continuous=false max_vel=0.706 vel_limit=7.000 max_acc=7.795 max_jerk=89.720 dynamics_ok=true path_status=SAFE map=17 map_age=0.562s raw_status=DISABLED raw_cloud=0 raw_age=0.000s ciri_shadow=DISABLED ciri_shadow_result=0 ciri_shadow_queued=0 ciri_shadow_age=infs stop=[27.061,9.198,1.553]
[fsm_node-3] [INFO] [1789029226.072893811] [fsm_node]:  -- [FULL_REFRESH_RECOVERY_TARGET] request_seq=3 stamp_ns=1789029226070917152 already_acked=false map=0
[fsm_node-3] [INFO] [1789029226.098475601] [fsm_node]:  -- [FULL_REFRESH_RECOVERY_ACK] request_seq=3 stamp_ns=1789029226070917152 map=18 committed=1
[fsm_node-3] [INFO] [1789029226.668459074] [fsm_node]:  -- [OPTIMIZER_PHASE_MEMORY] optimizer=exp event=begin call=22 rss_mib=3113.285 swap_mib=0.000 variables=13 pieces=4
[fsm_node-3] [INFO] [1789029226.669971558] [fsm_node]:  -- [OPTIMIZER_PHASE_MEMORY] optimizer=exp event=end call=22 duration_ms=1.592 iterations=197 ret=1 rss_mib=3113.285 swap_mib=0.000 rss_delta_mib=0.000
[fsm_node-3] [INFO] [1789029226.670013193] [fsm_node]:  -- [SUPER] in [PlanFromRest] GenerateExpTrajectory SUCCESS.
[fsm_node-3] [INFO] [1789029226.738466106] [fsm_node]:  -- [OPTIMIZER_PHASE_MEMORY] optimizer=backup event=begin call=43 rss_mib=3113.285 swap_mib=0.000 variables=18 pieces=2
[fsm_node-3] [INFO] [1789029226.739809401] [fsm_node]:  -- [OPTIMIZER_PHASE_MEMORY] optimizer=backup event=end call=43 duration_ms=1.388 iterations=293 ret=1 rss_mib=3113.285 swap_mib=0.000 rss_delta_mib=0.000
[fsm_node-3] [INFO] [1789029226.739870928] [fsm_node]:  -- [OPTIMIZER_PHASE_MEMORY] optimizer=backup event=begin call=44 rss_mib=3113.285 swap_mib=0.000 variables=18 pieces=2
[fsm_node-3] [INFO] [1789029226.741272283] [fsm_node]:  -- [OPTIMIZER_PHASE_MEMORY] optimizer=backup event=end call=44 duration_ms=1.402 iterations=315 ret=1 rss_mib=3113.285 swap_mib=0.000 rss_delta_mib=0.000
[fsm_node-3] [INFO] [1789029226.741651083] [fsm_node]:  -- [TRAJ_GUARD_COMMIT] phase=PlanFromRest/with_backup gen=10 map=22 samples=480 range=[0.108,2.493] escape=false footprint_egress=false escape_done_tt=-1.000
[fsm_node-3] [INFO] [1789029226.741850044] [fsm_node]:  -- [TRAJ_GUARD_RECOVERY_SIGNAL] active=false
[fsm_node-3] [INFO] [1789029226.741855240] [fsm_node]:  -- [TRAJ_GUARD_RECOVERED] trigger=main_post_uncertified gen=10 map=21
[fsm_node-3] [38;2;000;128;000m -- [Fsm]: [PubCmdCallback] change state from [FOLLOW_TRAJ] to [GENERATE_TRAJ].
[fsm_node-3] [0m -- [TRAJ_GUARD_CERT] trigger=poly_publish status=MAP_STALE gen=9 map=17 map_age=0.562s map_age_limit=0.550s motion_speed=0.000mps samples=0 range=[0.000,0.000] collision_tt=-1.000 ttc=-1.000 p=[0.000,0.000,0.000]
[fsm_node-3] [38;2;000;128;000m -- [Fsm]: [MainFsmCallback] change state from [GENERATE_TRAJ] to [FOLLOW_TRAJ].
[fsm_node-3] [0m[38;2;000;128;000m -- [Fsm]: [TrajectoryGuard] change state from [FOLLOW_TRAJ] to [EMER_STOP].
[fsm_node-3] [0m[38;2;000;128;000m -- [Fsm]: [TrajectoryGuardRecovery] change state from [EMER_STOP] to [GENERATE_TRAJ].
[fsm_node-3] [0m -- [TRAJ_GUARD_CERT] trigger=poly_publish status=SAFE gen=10 map=22 map_age=0.066s map_age_limit=0.550s motion_speed=0.000mps samples=479 range=[0.108,2.493] collision_tt=-1.000 ttc=-1.000 p=[0.000,0.000,0.000]
[fsm_node-3] [38;2;000;128;000m -- [Fsm]: [MainFsmCallback] change state from [GENERATE_TRAJ] to [FOLLOW_TRAJ].
[fsm_node-3] [0m[32m -- [Fsm] Get goal at [0m24.525000000000002 20.025000000000002  1.525000000000000
[fsm_node-3] [32m -- [Fsm] Receive click goal at: [24.525000000000002 20.025000000000002  1.525000000000000]; goal yaw: 0.000000000000000 deg[0m
[fsm_node-3]  -- [TRAJ_GUARD_CERT] trigger=main_pre status=SAFE gen=10 map=23 map_age=0.011s map_age_limit=0.550s motion_speed=0.862mps samples=468 range=[0.160,2.493] collision_tt=-1.000 ttc=-1.000 p=[0.000,0.000,0.000]
[fsm_node-3] [32m -- [Fsm 5.030] Current state: FOLLOW_TRAJ[0m
[fsm_node-3] [33m -- [SUPER] in [ GcopterExpS4::processCorridor]: Failed findInteriorDist Vs.[0m
[fsm_node-3] [33m -- [SUPER] Minco corridor preprocess error.[0m
[fsm_node-3] [WARN] [1789029226.836273596] [fsm_node]:  -- [SUPER] OptimizationExpTrajInPolytopes for new path failed
[fsm_node-3] [WARN] [1789029226.836318018] [fsm_node]:  -- [SUPER] in [ReplanOnce]: GenerateExpTrajectory failed, force return
[fsm_node-3] [INFO] [1789029226.908407171] [fsm_node]:  -- [OPTIMIZER_PHASE_MEMORY] optimizer=exp event=begin call=23 rss_mib=3113.535 swap_mib=0.000 variables=17 pieces=5
[fsm_node-3] [INFO] [1789029226.922053350] [fsm_node]:  -- [OPTIMIZER_PHASE_MEMORY] optimizer=exp event=end call=23 duration_ms=13.659 iterations=1169 ret=1 rss_mib=3113.535 swap_mib=0.000 rss_delta_mib=0.000
[fsm_node-3] [INFO] [1789029226.997523484] [fsm_node]:  -- [OPTIMIZER_PHASE_MEMORY] optimizer=backup event=begin call=45 rss_mib=3113.535 swap_mib=0.000 variables=30 pieces=2
[fsm_node-3] [INFO] [1789029226.998499409] [fsm_node]:  -- [OPTIMIZER_PHASE_MEMORY] optimizer=backup event=end call=45 duration_ms=1.017 iterations=237 ret=1 rss_mib=3113.535 swap_mib=0.000 rss_delta_mib=0.000
[fsm_node-3] [INFO] [1789029226.998597934] [fsm_node]:  -- [OPTIMIZER_PHASE_MEMORY] optimizer=backup event=begin call=46 rss_mib=3113.535 swap_mib=0.000 variables=30 pieces=2
[fsm_node-3] [INFO] [1789029226.999339153] [fsm_node]:  -- [OPTIMIZER_PHASE_MEMORY] optimizer=backup event=end call=46 duration_ms=0.742 iterations=186 ret=1 rss_mib=3113.535 swap_mib=0.000 rss_delta_mib=0.000
[fsm_node-3] [WARN] [1789029226.999366509] [fsm_node]:  -- [SUPER] in [ReplanOnce]: Replan overtime, check parameters, replan dt = 0.124194379.
[fsm_node-3] [INFO] [1789029227.027678450] [fsm_node]:  -- [OPTIMIZER_PHASE_MEMORY] optimizer=exp event=begin call=24 rss_mib=3113.535 swap_mib=0.000 variables=17 pieces=5
[fsm_node-3] [INFO] [1789029227.031189397] [fsm_node]:  -- [OPTIMIZER_PHASE_MEMORY] optimizer=exp event=end call=24 duration_ms=3.564 iterations=299 ret=1 rss_mib=3113.535 swap_mib=0.000 rss_delta_mib=0.000
[fsm_node-3] [INFO] [1789029227.106476940] [fsm_node]:  -- [OPTIMIZER_PHASE_MEMORY] optimizer=backup event=begin call=47 rss_mib=3113.539 swap_mib=0.000 variables=18 pieces=2
[fsm_node-3] [INFO] [1789029227.119198904] [fsm_node]:  -- [OPTIMIZER_PHASE_MEMORY] optimizer=backup event=end call=47 duration_ms=12.746 iterations=1807 ret=1 rss_mib=3113.539 swap_mib=0.000 rss_delta_mib=0.000
[fsm_node-3] [INFO] [1789029227.119301370] [fsm_node]:  -- [OPTIMIZER_PHASE_MEMORY] optimizer=backup event=begin call=48 rss_mib=3113.539 swap_mib=0.000 variables=18 pieces=2
[fsm_node-3] [INFO] [1789029227.119800757] [fsm_node]:  -- [OPTIMIZER_PHASE_MEMORY] optimizer=backup event=end call=48 duration_ms=0.500 iterations=131 ret=1 rss_mib=3113.539 swap_mib=0.000 rss_delta_mib=0.000
[fsm_node-3] [WARN] [1789029227.119831742] [fsm_node]:  -- [SUPER] in [ReplanOnce]: Replan overtime, check parameters, replan dt = 0.120293269.
[fsm_node-3] [INFO] [1789029227.147298376] [fsm_node]:  -- [OPTIMIZER_PHASE_MEMORY] optimizer=exp event=begin call=25 rss_mib=3113.539 swap_mib=0.000 variables=17 pieces=5
[fsm_node-3] [INFO] [1789029227.165839769] [fsm_node]:  -- [OPTIMIZER_PHASE_MEMORY] optimizer=exp event=end call=25 duration_ms=18.592 iterations=1550 ret=1 rss_mib=3113.539 swap_mib=0.000 rss_delta_mib=0.000
[fsm_node-3] [INFO] [1789029227.244054522] [fsm_node]:  -- [OPTIMIZER_PHASE_MEMORY] optimizer=backup event=begin call=49 rss_mib=3114.715 swap_mib=0.000 variables=26 pieces=2
[fsm_node-3] [INFO] [1789029227.248143060] [fsm_node]:  -- [OPTIMIZER_PHASE_MEMORY] optimizer=backup event=end call=49 duration_ms=4.143 iterations=687 ret=1 rss_mib=3114.715 swap_mib=0.000 rss_delta_mib=0.000
[fsm_node-3] [INFO] [1789029227.248231668] [fsm_node]:  -- [OPTIMIZER_PHASE_MEMORY] optimizer=backup event=begin call=50 rss_mib=3114.715 swap_mib=0.000 variables=26 pieces=2
[fsm_node-3] [INFO] [1789029227.254808028] [fsm_node]:  -- [OPTIMIZER_PHASE_MEMORY] optimizer=backup event=end call=50 duration_ms=6.563 iterations=985 ret=1 rss_mib=3114.715 swap_mib=0.000 rss_delta_mib=0.000
[fsm_node-3] [WARN] [1789029227.254852355] [fsm_node]:  -- [SUPER] in [ReplanOnce]: Replan overtime, check parameters, replan dt = 0.134847878.
[fsm_node-3] [INFO] [1789029227.283303559] [fsm_node]:  -- [OPTIMIZER_PHASE_MEMORY] optimizer=exp event=begin call=26 rss_mib=3114.828 swap_mib=0.000 variables=13 pieces=4
[fsm_node-3] [INFO] [1789029227.286572762] [fsm_node]:  -- [OPTIMIZER_PHASE_MEMORY] optimizer=exp event=end call=26 duration_ms=3.330 iterations=363 ret=1 rss_mib=3114.828 swap_mib=0.000 rss_delta_mib=0.000
[fsm_node-3] [INFO] [1789029227.357172026] [fsm_node]:  -- [OPTIMIZER_PHASE_MEMORY] optimizer=backup event=begin call=51 rss_mib=3115.062 swap_mib=0.000 variables=38 pieces=2
[fsm_node-3] [INFO] [1789029227.358295724] [fsm_node]:  -- [OPTIMIZER_PHASE_MEMORY] optimizer=backup event=end call=51 duration_ms=1.153 iterations=181 ret=1 rss_mib=3115.062 swap_mib=0.000 rss_delta_mib=0.000
[fsm_node-3] [INFO] [1789029227.358407550] [fsm_node]:  -- [OPTIMIZER_PHASE_MEMORY] optimizer=backup event=begin call=52 rss_mib=3115.062 swap_mib=0.000 variables=38 pieces=2
[fsm_node-3] [INFO] [1789029227.365949269] [fsm_node]:  -- [OPTIMIZER_PHASE_MEMORY] optimizer=backup event=end call=52 duration_ms=7.531 iterations=896 ret=1 rss_mib=3115.062 swap_mib=0.000 rss_delta_mib=0.000
[fsm_node-3] [WARN] [1789029227.365993504] [fsm_node]:  -- [SUPER] in [ReplanOnce]: Replan overtime, check parameters, replan dt = 0.110926488.
[fsm_node-3] [INFO] [1789029227.399607283] [fsm_node]:  -- [OPTIMIZER_PHASE_MEMORY] optimizer=exp event=begin call=27 rss_mib=3115.832 swap_mib=0.000 variables=17 pieces=5
[fsm_node-3] [INFO] [1789029227.425174570] [fsm_node]:  -- [OPTIMIZER_PHASE_MEMORY] optimizer=exp event=end call=27 duration_ms=25.584 iterations=1844 ret=1 rss_mib=3115.832 swap_mib=0.000 rss_delta_mib=0.000
[fsm_node-3] [INFO] [1789029227.487896091] [fsm_node]:  -- [OPTIMIZER_PHASE_MEMORY] optimizer=backup event=begin call=53 rss_mib=3116.117 swap_mib=0.000 variables=34 pieces=2
[fsm_node-3] [INFO] [1789029227.489144165] [fsm_node]:  -- [OPTIMIZER_PHASE_MEMORY] optimizer=backup event=end call=53 duration_ms=1.290 iterations=241 ret=1 rss_mib=3116.117 swap_mib=0.000 rss_delta_mib=0.000
[fsm_node-3] [INFO] [1789029227.489258960] [fsm_node]:  -- [OPTIMIZER_PHASE_MEMORY] optimizer=backup event=begin call=54 rss_mib=3116.117 swap_mib=0.000 variables=34 pieces=2
[fsm_node-3] [INFO] [1789029227.490400226] [fsm_node]:  -- [OPTIMIZER_PHASE_MEMORY] optimizer=backup event=end call=54 duration_ms=1.142 iterations=231 ret=1 rss_mib=3116.117 swap_mib=0.000 rss_delta_mib=0.000
[fsm_node-3] [WARN] [1789029227.490428546] [fsm_node]:  -- [SUPER] in [ReplanOnce]: Replan overtime, check parameters, replan dt = 0.124223457.
[fsm_node-3] [INFO] [1789029227.517846615] [fsm_node]:  -- [OPTIMIZER_PHASE_MEMORY] optimizer=exp event=begin call=28 rss_mib=3116.117 swap_mib=0.000 variables=13 pieces=4
[fsm_node-3] [INFO] [1789029227.519379590] [fsm_node]:  -- [OPTIMIZER_PHASE_MEMORY] optimizer=exp event=end call=28 duration_ms=1.590 iterations=172 ret=1 rss_mib=3116.117 swap_mib=0.000 rss_delta_mib=0.000
[fsm_node-3] [INFO] [1789029227.560686264] [fsm_node]:  -- [OPTIMIZER_PHASE_MEMORY] optimizer=backup event=begin call=55 rss_mib=3116.117 swap_mib=0.000 variables=36 pieces=2
[fsm_node-3] [INFO] [1789029227.562213312] [fsm_node]:  -- [OPTIMIZER_PHASE_MEMORY] optimizer=backup event=end call=55 duration_ms=1.552 iterations=245 ret=1 rss_mib=3116.117 swap_mib=0.000 rss_delta_mib=0.000
[fsm_node-3] [INFO] [1789029227.562359289] [fsm_node]:  -- [OPTIMIZER_PHASE_MEMORY] optimizer=backup event=begin call=56 rss_mib=3116.117 swap_mib=0.000 variables=36 pieces=2
[fsm_node-3] [INFO] [1789029227.564983650] [fsm_node]:  -- [OPTIMIZER_PHASE_MEMORY] optimizer=backup event=end call=56 duration_ms=2.626 iterations=474 ret=1 rss_mib=3116.117 swap_mib=0.000 rss_delta_mib=0.000
[fsm_node-3] [INFO] [1789029227.565214652] [fsm_node]:  -- [TRAJ_GUARD_COMMIT] phase=ReplanOnce/with_backup gen=11 map=27 samples=167 range=[0.074,0.897] escape=false footprint_egress=false escape_done_tt=-1.000
[fsm_node-3]  -- [TRAJ_GUARD_CERT] trigger=main_pre status=SAFE gen=10 map=24 map_age=0.001s map_age_limit=0.535s motion_speed=2.793mps samples=446 range=[0.270,2.493] collision_tt=-1.000 ttc=-1.000 p=[0.000,0.000,0.000]
[fsm_node-3]  -- [TRAJ_GUARD_CERT] trigger=main_pre status=SAFE gen=10 map=25 map_age=0.005s map_age_limit=0.500s motion_speed=5.822mps samples=408 range=[0.460,2.493] collision_tt=-1.000 ttc=-1.000 p=[0.000,0.000,0.000]
[fsm_node-3]  -- [TRAJ_GUARD_CERT] trigger=main_pre status=SAFE gen=10 map=26 map_age=0.009s map_age_limit=0.500s motion_speed=6.675mps samples=384 range=[0.580,2.493] collision_tt=-1.000 ttc=-1.000 p=[0.000,0.000,0.000]
[fsm_node-3]  -- [TRAJ_GUARD_CERT] trigger=main_pre status=SAFE gen=10 map=27 map_age=0.011s map_age_limit=0.500s motion_speed=6.984mps samples=344 range=[0.780,2.493] collision_tt=-1.000 ttc=-1.000 p=[0.000,0.000,0.000]
[fsm_node-3] [32m -- [Fsm] ReplanOnce succeed.[0m
[fsm_node-3] [INFO] [1789029227.591082436] [fsm_node]:  -- [OPTIMIZER_PHASE_MEMORY] optimizer=exp event=begin call=29 rss_mib=3116.117 swap_mib=0.000 variables=13 pieces=4
[fsm_node-3] [INFO] [1789029227.594128793] [fsm_node]:  -- [OPTIMIZER_PHASE_MEMORY] optimizer=exp event=end call=29 duration_ms=3.102 iterations=320 ret=1 rss_mib=3116.117 swap_mib=0.000 rss_delta_mib=0.000
[fsm_node-3] [INFO] [1789029227.628392062] [fsm_node]:  -- [OPTIMIZER_PHASE_MEMORY] optimizer=backup event=begin call=57 rss_mib=3116.117 swap_mib=0.000 variables=38 pieces=2
[fsm_node-3] [INFO] [1789029227.629684397] [fsm_node]:  -- [OPTIMIZER_PHASE_MEMORY] optimizer=backup event=end call=57 duration_ms=1.322 iterations=172 ret=1 rss_mib=3116.117 swap_mib=0.000 rss_delta_mib=0.000
[fsm_node-3] [INFO] [1789029227.629794340] [fsm_node]:  -- [OPTIMIZER_PHASE_MEMORY] optimizer=backup event=begin call=58 rss_mib=3116.117 swap_mib=0.000 variables=38 pieces=2
[fsm_node-3] [INFO] [1789029227.631029761] [fsm_node]:  -- [OPTIMIZER_PHASE_MEMORY] optimizer=backup event=end call=58 duration_ms=1.237 iterations=172 ret=1 rss_mib=3116.117 swap_mib=0.000 rss_delta_mib=0.000
[fsm_node-3] [INFO] [1789029227.631256166] [fsm_node]:  -- [TRAJ_GUARD_COMMIT] phase=ReplanOnce/with_backup gen=12 map=27 samples=155 range=[0.066,0.829] escape=false footprint_egress=false escape_done_tt=-1.000
[fsm_node-3]  -- [TRAJ_GUARD_CERT] trigger=poly_publish status=SAFE gen=11 map=27 map_age=0.163s map_age_limit=0.500s motion_speed=6.984mps samples=166 range=[0.075,0.897] collision_tt=-1.000 ttc=-1.000 p=[0.000,0.000,0.000]
[fsm_node-3] [32m -- [Fsm] ReplanOnce succeed.[0m
[fsm_node-3] [INFO] [1789029227.657775750] [fsm_node]:  -- [OPTIMIZER_PHASE_MEMORY] optimizer=exp event=begin call=30 rss_mib=3116.195 swap_mib=0.000 variables=13 pieces=4
[fsm_node-3] [INFO] [1789029227.659574398] [fsm_node]:  -- [OPTIMIZER_PHASE_MEMORY] optimizer=exp event=end call=30 duration_ms=1.851 iterations=189 ret=1 rss_mib=3116.195 swap_mib=0.000 rss_delta_mib=0.000
[fsm_node-3] [INFO] [1789029227.706764938] [fsm_node]:  -- [OPTIMIZER_PHASE_MEMORY] optimizer=backup event=begin call=59 rss_mib=3116.441 swap_mib=0.000 variables=44 pieces=2
[fsm_node-3] [INFO] [1789029227.709884782] [fsm_node]:  -- [OPTIMIZER_PHASE_MEMORY] optimizer=backup event=end call=59 duration_ms=3.167 iterations=191 ret=1 rss_mib=3116.465 swap_mib=0.000 rss_delta_mib=0.023
[fsm_node-3] [INFO] [1789029227.710024661] [fsm_node]:  -- [OPTIMIZER_PHASE_MEMORY] optimizer=backup event=begin call=60 rss_mib=3116.465 swap_mib=0.000 variables=44 pieces=2
[fsm_node-3] [INFO] [1789029227.715642986] [fsm_node]:  -- [OPTIMIZER_PHASE_MEMORY] optimizer=backup event=end call=60 duration_ms=5.607 iterations=321 ret=1 rss_mib=3116.465 swap_mib=0.000 rss_delta_mib=0.000
[fsm_node-3] [INFO] [1789029227.715909506] [fsm_node]:  -- [TRAJ_GUARD_COMMIT] phase=ReplanOnce/with_backup gen=13 map=27 samples=166 range=[0.084,0.901] escape=false footprint_egress=false escape_done_tt=-1.000
[fsm_node-3]  -- [TRAJ_GUARD_CERT] trigger=poly_publish status=SAFE gen=12 map=27 map_age=0.229s map_age_limit=0.500s motion_speed=7.000mps samples=154 range=[0.066,0.829] collision_tt=-1.000 ttc=-1.000 p=[0.000,0.000,0.000]
[fsm_node-3] [32m -- [Fsm] ReplanOnce succeed.[0m
[fsm_node-3] [INFO] [1789029227.735045551] [fsm_node]:  -- [OPTIMIZER_PHASE_MEMORY] optimizer=exp event=begin call=31 rss_mib=3116.469 swap_mib=0.000 variables=13 pieces=4
[fsm_node-3] [INFO] [1789029227.737501993] [fsm_node]:  -- [OPTIMIZER_PHASE_MEMORY] optimizer=exp event=end call=31 duration_ms=2.497 iterations=255 ret=1 rss_mib=3116.469 swap_mib=0.000 rss_delta_mib=0.000
[fsm_node-3]  -- [TRAJ_GUARD_CERT] trigger=poly_publish status=SAFE gen=13 map=27 map_age=0.314s map_age_limit=0.500s motion_speed=6.933mps samples=165 range=[0.084,0.901] collision_tt=-1.000 ttc=-1.000 p=[0.000,0.000,0.000]
[fsm_node-3] [32m -- [Fsm] Get goal at [0m24.525000000000002 20.025000000000002  1.525000000000000
[fsm_node-3] [32m -- [Fsm] Receive click goal at: [24.525000000000002 20.025000000000002  1.525000000000000]; goal yaw: 0.000000000000000 deg[0m
[fsm_node-3] [INFO] [1789029227.776668383] [fsm_node]:  -- [OPTIMIZER_PHASE_MEMORY] optimizer=backup event=begin call=61 rss_mib=3116.469 swap_mib=0.000 variables=44 pieces=2
[fsm_node-3] [INFO] [1789029227.779221331] [fsm_node]:  -- [OPTIMIZER_PHASE_MEMORY] optimizer=backup event=end call=61 duration_ms=2.614 iterations=308 ret=1 rss_mib=3116.469 swap_mib=0.000 rss_delta_mib=0.000
[fsm_node-3] [INFO] [1789029227.779384553] [fsm_node]:  -- [OPTIMIZER_PHASE_MEMORY] optimizer=backup event=begin call=62 rss_mib=3116.469 swap_mib=0.000 variables=44 pieces=2
[fsm_node-3] [INFO] [1789029227.783102492] [fsm_node]:  -- [OPTIMIZER_PHASE_MEMORY] optimizer=backup event=end call=62 duration_ms=3.720 iterations=421 ret=1 rss_mib=3116.469 swap_mib=0.000 rss_delta_mib=0.000
[fsm_node-3] [WARN] [1789029227.783487116] [fsm_node]:  -- [TRAJ_GUARD_VIABILITY_SLOWDOWN] phase=ReplanOnce/with_backup gen=14 scale=1.250 retries=1
[fsm_node-3] [INFO] [1789029227.783497577] [fsm_node]:  -- [TRAJ_GUARD_COMMIT] phase=ReplanOnce/with_backup gen=14 map=27 samples=196 range=[0.067,1.037] escape=false footprint_egress=false escape_done_tt=-1.000
[fsm_node-3] [32m -- [Fsm] ReplanOnce succeed.[0m
[fsm_node-3]  -- [TRAJ_GUARD_CERT] trigger=poly_publish status=SAFE gen=14 map=27 map_age=0.381s map_age_limit=0.500s motion_speed=6.915mps samples=195 range=[0.067,1.037] collision_tt=-1.000 ttc=-1.000 p=[0.000,0.000,0.000]
[fsm_node-3] [32m -- [Fsm 6.040] Current state: FOLLOW_TRAJ[0m
[fsm_node-3] [INFO] [1789029227.903166551] [fsm_node]:  -- [FULL_REFRESH_RECOVERY_GATE_ARM] min_request_seq=4
[fsm_node-3] [INFO] [1789029227.903297061] [fsm_node]:  -- [TRAJ_GUARD_RECOVERY_SIGNAL] active=true
[fsm_node-3] [ERROR] [1789029227.905139695] [fsm_node]:  -- [TRAJ_GUARD_BRAKE_REJECTED] trigger=main_pre_uncertified searched=[0.400,3.000]s speed0=5.565 initial_source=fresh_command cmd_age=0.010s cmd_pos_err=0.000 cmd_vel_err=inf motion_speed=inf motion_dt=infs motion_pose_speed=inf motion_twist_speed=5.565 motion_disagreement=inf motion_source=none motion_gen=14/9 motion_gen_continuous=false last_dynamics_ok=true max_vel=5.601 vel_limit=7.000 max_acc=3.017 max_jerk=5.869 last_path_status=UNOBSERVED last_map=27 map_age=0.503s raw_status=DISABLED raw_cloud=0 raw_age=0.000s ciri_shadow=DISABLED ciri_shadow_result=0 ciri_shadow_queued=0 ciri_shadow_age=infs; no brake command published
[fsm_node-3] [ERROR] [1789029227.913255581] [fsm_node]:  -- [TRAJ_GUARD_BRAKE_REJECTED] trigger=emergency_stop_retry searched=[0.400,3.000]s speed0=0.000 initial_source=position_difference cmd_age=0.020s cmd_pos_err=0.000 cmd_vel_err=5.565 motion_speed=0.000 motion_dt=0.010s motion_pose_speed=0.000 motion_twist_speed=5.565 motion_disagreement=5.565 motion_source=position_difference motion_gen=14/14 motion_gen_continuous=true last_dynamics_ok=true max_vel=0.000 vel_limit=7.000 max_acc=0.000 max_jerk=0.000 last_path_status=UNOBSERVED last_map=27 map_age=0.511s raw_status=DISABLED raw_cloud=0 raw_age=infs ciri_shadow=DISABLED ciri_shadow_result=0 ciri_shadow_queued=0 ciri_shadow_age=infs; no brake command published
[fsm_node-3] [ERROR] [1789029228.023136187] [fsm_node]:  -- [TRAJ_GUARD_BRAKE_REJECTED] trigger=emergency_stop_retry searched=[0.400,3.000]s speed0=0.000 initial_source=position_difference cmd_age=0.130s cmd_pos_err=0.000 cmd_vel_err=5.565 motion_speed=0.000 motion_dt=0.110s motion_pose_speed=0.000 motion_twist_speed=5.565 motion_disagreement=5.565 motion_source=position_difference motion_gen=14/14 motion_gen_continuous=true last_dynamics_ok=true max_vel=0.000 vel_limit=7.000 max_acc=0.000 max_jerk=0.000 last_path_status=UNOBSERVED last_map=27 map_age=0.621s raw_status=DISABLED raw_cloud=0 raw_age=infs ciri_shadow=DISABLED ciri_shadow_result=0 ciri_shadow_queued=0 ciri_shadow_age=infs; no brake command published
[fsm_node-3] [INFO] [1789029228.072137807] [fsm_node]:  -- [FULL_REFRESH_RECOVERY_TARGET] request_seq=4 stamp_ns=1789029228071204523 already_acked=false map=0
[fsm_node-3] [INFO] [1789029228.093370888] [fsm_node]:  -- [FULL_REFRESH_RECOVERY_ACK] request_seq=4 stamp_ns=1789029228071204523 map=28 committed=1
[fsm_node-3] [ERROR] [1789029228.133226293] [fsm_node]:  -- [TRAJ_GUARD_BRAKE_REJECTED] trigger=emergency_stop_retry searched=[0.400,3.000]s speed0=0.000 initial_source=position_difference cmd_age=0.240s cmd_pos_err=0.000 cmd_vel_err=5.565 motion_speed=0.000 motion_dt=0.110s motion_pose_speed=0.000 motion_twist_speed=5.565 motion_disagreement=5.565 motion_source=position_difference motion_gen=14/14 motion_gen_continuous=true last_dynamics_ok=true max_vel=0.000 vel_limit=7.000 max_acc=0.000 max_jerk=0.000 last_path_status=UNOBSERVED last_map=28 map_age=0.041s raw_status=DISABLED raw_cloud=0 raw_age=infs ciri_shadow=DISABLED ciri_shadow_result=0 ciri_shadow_queued=0 ciri_shadow_age=infs; no brake command published
[fsm_node-3] [WARN] [1789029228.243165536] [fsm_node]:  -- [TRAJ_GUARD_STATIONARY_HOLD] trigger=emergency_stop_retry stable_for=0.330s displacement=0.000m action=publish_certified_hold
[fsm_node-3] [ERROR] [1789029228.243316784] [fsm_node]:  -- [TRAJ_GUARD_BRAKE] trigger=emergency_stop_retry duration=0.400s speed0=0.000 initial_source=position_difference cmd_age=0.350s cmd_pos_err=0.000 cmd_vel_err=5.565 motion_speed=0.000 motion_dt=0.110s motion_pose_speed=0.000 motion_twist_speed=5.565 motion_disagreement=5.565 motion_source=position_difference motion_gen=14/14 motion_gen_continuous=true max_vel=0.000 vel_limit=7.000 max_acc=0.000 max_jerk=0.000 dynamics_ok=true path_status=SAFE map=29 map_age=0.039s raw_status=DISABLED raw_cloud=0 raw_age=0.000s ciri_shadow=DISABLED ciri_shadow_result=0 ciri_shadow_queued=0 ciri_shadow_age=infs stop=[26.930,15.423,1.109]
[fsm_node-3] [WARN] [1789029228.253170321] [fsm_node]:  -- [TRAJ_GUARD_RECOVERY_EPISODE_RESET] reason=horizontal_progress progress=6.374m threshold=2.000m prior_local=0 prior_vertical=0 prior_base=0
[fsm_node-3] [INFO] [1789029228.291996911] [fsm_node]:  -- [OPTIMIZER_PHASE_MEMORY] optimizer=exp event=begin call=32 rss_mib=3116.477 swap_mib=0.000 variables=9 pieces=3
[fsm_node-3] [INFO] [1789029228.294357315] [fsm_node]:  -- [OPTIMIZER_PHASE_MEMORY] optimizer=exp event=end call=32 duration_ms=2.400 iterations=276 ret=1 rss_mib=3116.477 swap_mib=0.000 rss_delta_mib=0.000
[fsm_node-3] [INFO] [1789029228.294421212] [fsm_node]:  -- [SUPER] in [PlanFromRest] GenerateExpTrajectory SUCCESS.
[fsm_node-3] [INFO] [1789029228.324639774] [fsm_node]:  -- [OPTIMIZER_PHASE_MEMORY] optimizer=backup event=begin call=63 rss_mib=3116.477 swap_mib=0.000 variables=34 pieces=2
[fsm_node-3] [INFO] [1789029228.325615880] [fsm_node]:  -- [OPTIMIZER_PHASE_MEMORY] optimizer=backup event=end call=63 duration_ms=1.096 iterations=149 ret=1 rss_mib=3116.477 swap_mib=0.000 rss_delta_mib=0.000
[fsm_node-3] [INFO] [1789029228.325771588] [fsm_node]:  -- [OPTIMIZER_PHASE_MEMORY] optimizer=backup event=begin call=64 rss_mib=3116.477 swap_mib=0.000 variables=34 pieces=2
[fsm_node-3] [INFO] [1789029228.331076943] [fsm_node]:  -- [OPTIMIZER_PHASE_MEMORY] optimizer=backup event=end call=64 duration_ms=5.301 iterations=648 ret=1 rss_mib=3116.477 swap_mib=0.000 rss_delta_mib=0.000
[fsm_node-3] [WARN] [1789029228.331467594] [fsm_node]:  -- [TRAJ_GUARD_VIABILITY_SLOWDOWN] phase=PlanFromRest/with_backup gen=15 scale=1.250 retries=1
[fsm_node-3] [INFO] [1789029228.331476529] [fsm_node]:  -- [TRAJ_GUARD_COMMIT] phase=PlanFromRest/with_backup gen=15 map=29 samples=239 range=[0.078,1.261] escape=false footprint_egress=false escape_done_tt=-1.000
[fsm_node-3] [INFO] [1789029228.331616256] [fsm_node]:  -- [TRAJ_GUARD_RECOVERY_SIGNAL] active=false
[fsm_node-3] [INFO] [1789029228.331622313] [fsm_node]:  -- [TRAJ_GUARD_RECOVERED] trigger=emergency_stop_retry gen=15 map=29
[fsm_node-3] [INFO] [1789029228.484187967] [fsm_node]:  -- [OPTIMIZER_PHASE_MEMORY] optimizer=exp event=begin call=33 rss_mib=3116.477 swap_mib=0.000 variables=13 pieces=4
[fsm_node-3] [INFO] [1789029228.486248668] [fsm_node]:  -- [OPTIMIZER_PHASE_MEMORY] optimizer=exp event=end call=33 duration_ms=2.117 iterations=217 ret=1 rss_mib=3116.477 swap_mib=0.000 rss_delta_mib=0.000
[fsm_node-3] [INFO] [1789029228.527679239] [fsm_node]:  -- [OPTIMIZER_PHASE_MEMORY] optimizer=backup event=begin call=65 rss_mib=3116.574 swap_mib=0.000 variables=30 pieces=2
[fsm_node-3] [INFO] [1789029228.530136653] [fsm_node]:  -- [OPTIMIZER_PHASE_MEMORY] optimizer=backup event=end call=65 duration_ms=2.489 iterations=422 ret=1 rss_mib=3116.574 swap_mib=0.000 rss_delta_mib=0.000
[fsm_node-3] [INFO] [1789029228.530274740] [fsm_node]:  -- [OPTIMIZER_PHASE_MEMORY] optimizer=backup event=begin call=66 rss_mib=3116.574 swap_mib=0.000 variables=30 pieces=2
[fsm_node-3] [INFO] [1789029228.530913809] [fsm_node]:  -- [OPTIMIZER_PHASE_MEMORY] optimizer=backup event=end call=66 duration_ms=0.643 iterations=131 ret=1 rss_mib=3116.574 swap_mib=0.000 rss_delta_mib=0.000
[fsm_node-3] [INFO] [1789029228.531204013] [fsm_node]:  -- [TRAJ_GUARD_COMMIT] phase=ReplanOnce/with_backup gen=16 map=30 samples=212 range=[0.072,1.117] escape=false footprint_egress=false escape_done_tt=-1.000
[fsm_node-3]  -- [TRAJ_GUARD_CERT] trigger=main_pre status=MAP_STALE gen=14 map=27 map_age=0.501s map_age_limit=0.500s motion_speed=5.565mps samples=0 range=[0.000,0.000] collision_tt=-1.000 ttc=-1.000 p=[0.000,0.000,0.000]
[fsm_node-3] [38;2;000;128;000m -- [Fsm]: [TrajectoryGuardFailClosed] change state from [FOLLOW_TRAJ] to [EMER_STOP].
[fsm_node-3] [0m[38;2;000;128;000m -- [Fsm]: [TrajectoryGuard] change state from [EMER_STOP] to [EMER_STOP].
[fsm_node-3] [0m[38;2;000;128;000m -- [Fsm]: [TrajectoryGuardRecovery] change state from [EMER_STOP] to [GENERATE_TRAJ].
[fsm_node-3] [0m -- [TRAJ_GUARD_CERT] trigger=poly_publish status=SAFE gen=15 map=29 map_age=0.127s map_age_limit=0.550s motion_speed=0.000mps samples=238 range=[0.078,1.261] collision_tt=-1.000 ttc=-1.000 p=[0.000,0.000,0.000]
[fsm_node-3] [38;2;000;128;000m -- [Fsm]: [MainFsmCallback] change state from [GENERATE_TRAJ] to [FOLLOW_TRAJ].
[fsm_node-3] [0m -- [TRAJ_GUARD_CERT] trigger=main_pre status=SAFE gen=15 map=30 map_age=0.010s map_age_limit=0.550s motion_speed=0.380mps samples=224 range=[0.150,1.261] collision_tt=-1.000 ttc=-1.000 p=[0.000,0.000,0.000]
[fsm_node-3] [32m -- [Fsm] ReplanOnce succeed.[0m
[fsm_node-3] [INFO] [1789029228.550962727] [fsm_node]:  -- [OPTIMIZER_PHASE_MEMORY] optimizer=exp event=begin call=34 rss_mib=3116.574 swap_mib=0.000 variables=13 pieces=4
[fsm_node-3] [INFO] [1789029228.552271849] [fsm_node]:  -- [OPTIMIZER_PHASE_MEMORY] optimizer=exp event=end call=34 duration_ms=1.358 iterations=129 ret=1 rss_mib=3116.574 swap_mib=0.000 rss_delta_mib=0.000
[fsm_node-3] [INFO] [1789029228.594768168] [fsm_node]:  -- [OPTIMIZER_PHASE_MEMORY] optimizer=backup event=begin call=67 rss_mib=3116.578 swap_mib=0.000 variables=36 pieces=2
[fsm_node-3] [INFO] [1789029228.597967702] [fsm_node]:  -- [OPTIMIZER_PHASE_MEMORY] optimizer=backup event=end call=67 duration_ms=3.254 iterations=432 ret=1 rss_mib=3116.578 swap_mib=0.000 rss_delta_mib=0.000
[fsm_node-3] [INFO] [1789029228.598110823] [fsm_node]:  -- [OPTIMIZER_PHASE_MEMORY] optimizer=backup event=begin call=68 rss_mib=3116.578 swap_mib=0.000 variables=36 pieces=2
[fsm_node-3] [INFO] [1789029228.598945727] [fsm_node]:  -- [OPTIMIZER_PHASE_MEMORY] optimizer=backup event=end call=68 duration_ms=0.834 iterations=149 ret=1 rss_mib=3116.578 swap_mib=0.000 rss_delta_mib=0.000
[fsm_node-3] [INFO] [1789029228.599241763] [fsm_node]:  -- [TRAJ_GUARD_COMMIT] phase=ReplanOnce/with_backup gen=17 map=31 samples=200 range=[0.067,1.055] escape=false footprint_egress=false escape_done_tt=-1.000
[fsm_node-3]  -- [TRAJ_GUARD_CERT] trigger=poly_publish status=SAFE gen=16 map=30 map_age=0.138s map_age_limit=0.550s motion_speed=1.656mps samples=210 range=[0.072,1.117] collision_tt=-1.000 ttc=-1.000 p=[0.000,0.000,0.000]
[fsm_node-3] [32m -- [Fsm] ReplanOnce succeed.[0m
[fsm_node-3] [INFO] [1789029228.617032217] [fsm_node]:  -- [OPTIMIZER_PHASE_MEMORY] optimizer=exp event=begin call=35 rss_mib=3116.578 swap_mib=0.000 variables=9 pieces=3
[fsm_node-3] [INFO] [1789029228.619481658] [fsm_node]:  -- [OPTIMIZER_PHASE_MEMORY] optimizer=exp event=end call=35 duration_ms=2.504 iterations=313 ret=1 rss_mib=3116.578 swap_mib=0.000 rss_delta_mib=0.000
[fsm_node-3] [INFO] [1789029228.669796790] [fsm_node]:  -- [OPTIMIZER_PHASE_MEMORY] optimizer=backup event=begin call=69 rss_mib=3116.582 swap_mib=0.000 variables=44 pieces=2
[fsm_node-3] [INFO] [1789029228.695575052] [fsm_node]:  -- [OPTIMIZER_PHASE_MEMORY] optimizer=backup event=end call=69 duration_ms=25.798 iterations=1113 ret=1 rss_mib=3116.582 swap_mib=0.000 rss_delta_mib=0.000
[fsm_node-3] [INFO] [1789029228.695849676] [fsm_node]:  -- [OPTIMIZER_PHASE_MEMORY] optimizer=backup event=begin call=70 rss_mib=3116.582 swap_mib=0.000 variables=44 pieces=2
[fsm_node-3] [INFO] [1789029228.705372362] [fsm_node]:  -- [OPTIMIZER_PHASE_MEMORY] optimizer=backup event=end call=70 duration_ms=9.522 iterations=450 ret=1 rss_mib=3116.582 swap_mib=0.000 rss_delta_mib=0.000
[fsm_node-3] [WARN] [1789029228.705411412] [fsm_node]:  -- [SUPER] in [ReplanOnce]: Replan overtime, check parameters, replan dt = 0.105866392.
[fsm_node-3] [INFO] [1789029228.722094291] [fsm_node]:  -- [OPTIMIZER_PHASE_MEMORY] optimizer=exp event=begin call=36 rss_mib=3116.582 swap_mib=0.000 variables=9 pieces=3
[fsm_node-3] [INFO] [1789029228.730407843] [fsm_node]:  -- [OPTIMIZER_PHASE_MEMORY] optimizer=exp event=end call=36 duration_ms=8.311 iterations=908 ret=1 rss_mib=3116.582 swap_mib=0.000 rss_delta_mib=0.000
[fsm_node-3]  -- [TRAJ_GUARD_CERT] trigger=poly_publish status=SAFE gen=17 map=31 map_age=0.007s map_age_limit=0.550s motion_speed=2.474mps samples=199 range=[0.068,1.055] collision_tt=-1.000 ttc=-1.000 p=[0.000,0.000,0.000]
[fsm_node-3] [32m -- [Fsm] Get goal at [0m24.525000000000002 20.025000000000002  1.525000000000000
[fsm_node-3] [32m -- [Fsm] Receive click goal at: [24.525000000000002 20.025000000000002  1.525000000000000]; goal yaw: 0.000000000000000 deg[0m
[perfect_drone_frontend_node-2] [INFO] [1789029228.798953667] [native_sector_cpp]: frames=76 published=42 kept 40.3% (14523/36031 pts/input-frame)
[fsm_node-3] [WARN] [1789029228.800598058] [fsm_node]:  -- [SUPER] in [ReplanOnce]: Replan overtime, check parameters, replan dt = 0.094971759.
[fsm_node-3] [INFO] [1789029228.816640911] [fsm_node]:  -- [OPTIMIZER_PHASE_MEMORY] optimizer=exp event=begin call=37 rss_mib=3116.582 swap_mib=0.000 variables=5 pieces=2
[fsm_node-3] [INFO] [1789029228.819326142] [fsm_node]:  -- [OPTIMIZER_PHASE_MEMORY] optimizer=exp event=end call=37 duration_ms=2.744 iterations=428 ret=1 rss_mib=3116.582 swap_mib=0.000 rss_delta_mib=0.000
[fsm_node-3]  -- [TRAJ_GUARD_CERT] trigger=main_pre status=SAFE gen=17 map=32 map_age=0.003s map_age_limit=0.500s motion_speed=5.130mps samples=158 range=[0.271,1.055] collision_tt=-1.000 ttc=-1.000 p=[0.000,0.000,0.000]
[fsm_node-3] [32m -- [Fsm 7.049] Current state: FOLLOW_TRAJ[0m
[fsm_node-3] [WARN] [1789029228.882672744] [fsm_node]:  -- [TRAJ_GUARD_VIABILITY_SLOWDOWN] phase=ReplanOnce/no_backup gen=18 scale=1.250 retries=1
[fsm_node-3] [INFO] [1789029228.882727707] [fsm_node]:  -- [TRAJ_GUARD_COMMIT] phase=ReplanOnce/no_backup gen=18 map=32 samples=226 range=[0.082,1.201] escape=false footprint_egress=false escape_done_tt=-1.000
[fsm_node-3] [32m -- [Fsm] ReplanOnce succeed.[0m
[fsm_node-3] [INFO] [1789029228.894808296] [fsm_node]:  -- [OPTIMIZER_PHASE_MEMORY] optimizer=exp event=begin call=38 rss_mib=3116.582 swap_mib=0.000 variables=5 pieces=2
[fsm_node-3] [INFO] [1789029228.895784675] [fsm_node]:  -- [OPTIMIZER_PHASE_MEMORY] optimizer=exp event=end call=38 duration_ms=1.036 iterations=178 ret=1 rss_mib=3116.582 swap_mib=0.000 rss_delta_mib=0.000
[fsm_node-3] [INFO] [1789029228.947443817] [fsm_node]:  -- [TRAJ_GUARD_COMMIT] phase=ReplanOnce/no_backup gen=19 map=32 samples=183 range=[0.064,0.966] escape=false footprint_egress=false escape_done_tt=-1.000
[fsm_node-3]  -- [TRAJ_GUARD_CERT] trigger=poly_publish status=SAFE gen=18 map=32 map_age=0.083s map_age_limit=0.500s motion_speed=6.074mps samples=225 range=[0.082,1.201] collision_tt=-1.000 ttc=-1.000 p=[0.000,0.000,0.000]
[fsm_node-3] [32m -- [Fsm] ReplanOnce succeed.[0m
[fsm_node-3] [INFO] [1789029228.961253123] [fsm_node]:  -- [OPTIMIZER_PHASE_MEMORY] optimizer=exp event=begin call=39 rss_mib=3116.582 swap_mib=0.000 variables=5 pieces=2
[fsm_node-3] [INFO] [1789029228.962457771] [fsm_node]:  -- [OPTIMIZER_PHASE_MEMORY] optimizer=exp event=end call=39 duration_ms=1.258 iterations=213 ret=1 rss_mib=3116.582 swap_mib=0.000 rss_delta_mib=0.000
[fsm_node-3] [INFO] [1789029229.008294134] [fsm_node]:  -- [TRAJ_GUARD_COMMIT] phase=ReplanOnce/no_backup gen=20 map=33 samples=172 range=[0.060,0.906] escape=false footprint_egress=false escape_done_tt=-1.000
[fsm_node-3]  -- [TRAJ_GUARD_CERT] trigger=poly_publish status=SAFE gen=19 map=32 map_age=0.148s map_age_limit=0.500s motion_speed=5.142mps samples=182 range=[0.065,0.966] collision_tt=-1.000 ttc=-1.000 p=[0.000,0.000,0.000]
[fsm_node-3]  -- [TRAJ_GUARD_CERT] trigger=main_pre status=SAFE gen=19 map=33 map_age=0.010s map_age_limit=0.500s motion_speed=5.315mps samples=171 range=[0.120,0.966] collision_tt=-1.000 ttc=-1.000 p=[0.000,0.000,0.000]
[fsm_node-3] [32m -- [Fsm] ReplanOnce succeed.[0m
[fsm_node-3] [INFO] [1789029229.021408279] [fsm_node]:  -- [OPTIMIZER_PHASE_MEMORY] optimizer=exp event=begin call=40 rss_mib=3116.582 swap_mib=0.000 variables=1 pieces=1
[fsm_node-3] [INFO] [1789029229.021741950] [fsm_node]:  -- [OPTIMIZER_PHASE_MEMORY] optimizer=exp event=end call=40 duration_ms=0.403 iterations=93 ret=1 rss_mib=3116.582 swap_mib=0.000 rss_delta_mib=0.000
[fsm_node-3] [INFO] [1789029229.062195246] [fsm_node]:  -- [TRAJ_GUARD_COMMIT] phase=ReplanOnce/no_backup gen=21 map=33 samples=161 range=[0.053,0.845] escape=false footprint_egress=false escape_done_tt=-1.000
[fsm_node-3]  -- [TRAJ_GUARD_CERT] trigger=poly_publish status=SAFE gen=20 map=33 map_age=0.015s map_age_limit=0.500s motion_speed=5.315mps samples=171 range=[0.061,0.906] collision_tt=-1.000 ttc=-1.000 p=[0.000,0.000,0.000]
[fsm_node-3] [32m -- [Fsm] ReplanOnce succeed.[0m
[fsm_node-3] [INFO] [1789029229.098178375] [fsm_node]:  -- [TRAJ_GUARD_COMMIT] phase=ReplanOnce/no_backup gen=22 map=33 samples=154 range=[0.089,0.845] escape=false footprint_egress=false escape_done_tt=-1.000
[fsm_node-3]  -- [TRAJ_GUARD_CERT] trigger=poly_publish status=SAFE gen=21 map=33 map_age=0.069s map_age_limit=0.500s motion_speed=5.417mps samples=160 range=[0.054,0.845] collision_tt=-1.000 ttc=-1.000 p=[0.000,0.000,0.000]
[fsm_node-3] [32m -- [Fsm] ReplanOnce succeed.[0m
[fsm_node-3] [INFO] [1789029229.146629646] [fsm_node]:  -- [TRAJ_GUARD_COMMIT] phase=ReplanOnce/no_backup gen=23 map=33 samples=144 range=[0.138,0.845] escape=false footprint_egress=false escape_done_tt=-1.000
[fsm_node-3]  -- [TRAJ_GUARD_CERT] trigger=poly_publish status=SAFE gen=22 map=33 map_age=0.105s map_age_limit=0.500s motion_speed=5.485mps samples=153 range=[0.089,0.845] collision_tt=-1.000 ttc=-1.000 p=[0.000,0.000,0.000]
[fsm_node-3] [32m -- [Fsm] ReplanOnce succeed.[0m
[perfect_drone_frontend_node-2] [INFO] [1789029229.168478543] [perfect_tracking]: [SENSOR_CADENCE_SUMMARY] frames=100 span_s=9.895547 hz=10.004500 raw_published=0 direct_handoffs=80 payload_bytes=91687680 side_entry_v1_enabled=0 side_entry_v1_spawned=0 side_entry_v1_injected_frames=0
[perfect_drone_frontend_node-2] [INFO] [1789029229.168546825] [perfect_tracking]: [SENSOR_BURST_DROPOUT_SUMMARY] enabled=1 warmup_s=1.000000 period_s=2.000000 duration_s=0.500000 phase_s=1.200000 phase_env_override=1 rendered=100 delivered=80 dropped=20 bursts=4 max_consecutive_dropped=5 max_delivered_gap_s=0.602638 dropped_payload_bytes=27295040
[fsm_node-3] [INFO] [1789029229.207321379] [fsm_node]:  -- [TRAJ_GUARD_COMMIT] phase=ReplanOnce/no_backup gen=24 map=34 samples=132 range=[0.198,0.845] escape=false footprint_egress=false escape_done_tt=-1.000
[fsm_node-3]  -- [TRAJ_GUARD_CERT] trigger=poly_publish status=SAFE gen=23 map=33 map_age=0.154s map_age_limit=0.500s motion_speed=5.579mps samples=143 range=[0.138,0.845] collision_tt=-1.000 ttc=-1.000 p=[0.000,0.000,0.000]
[fsm_node-3]  -- [TRAJ_GUARD_CERT] trigger=main_pre status=SAFE gen=23 map=34 map_age=0.010s map_age_limit=0.500s motion_speed=5.719mps samples=132 range=[0.194,0.845] collision_tt=-1.000 ttc=-1.000 p=[0.000,0.000,0.000]
[fsm_node-3] [32m -- [Fsm] ReplanOnce succeed.[0m
[fsm_node-3] [INFO] [1789029229.268602362] [fsm_node]:  -- [TRAJ_GUARD_COMMIT] phase=ReplanOnce/no_backup gen=25 map=34 samples=119 range=[0.260,0.845] escape=false footprint_egress=false escape_done_tt=-1.000
[fsm_node-3]  -- [TRAJ_GUARD_CERT] trigger=poly_publish status=SAFE gen=24 map=34 map_age=0.014s map_age_limit=0.500s motion_speed=5.719mps samples=131 range=[0.199,0.845] collision_tt=-1.000 ttc=-1.000 p=[0.000,0.000,0.000]
[fsm_node-3] [32m -- [Fsm] ReplanOnce succeed.[0m
[fsm_node-3] [INFO] [1789029229.331549702] [fsm_node]:  -- [TRAJ_GUARD_COMMIT] phase=ReplanOnce/no_backup gen=26 map=34 samples=107 range=[0.323,0.845] escape=false footprint_egress=false escape_done_tt=-1.000
[fsm_node-3]  -- [TRAJ_GUARD_CERT] trigger=poly_publish status=SAFE gen=25 map=34 map_age=0.076s map_age_limit=0.500s motion_speed=5.940mps samples=118 range=[0.260,0.845] collision_tt=-1.000 ttc=-1.000 p=[0.000,0.000,0.000]
[fsm_node-3] [32m -- [Fsm] ReplanOnce succeed.[0m
[fsm_node-3] [INFO] [1789029229.390722437] [fsm_node]:  -- [TRAJ_GUARD_COMMIT] phase=ReplanOnce/no_backup gen=27 map=34 samples=95 range=[0.382,0.845] escape=false footprint_egress=false escape_done_tt=-1.000
[fsm_node-3]  -- [TRAJ_GUARD_CERT] trigger=poly_publish status=SAFE gen=26 map=34 map_age=0.139s map_age_limit=0.500s motion_speed=6.013mps samples=106 range=[0.323,0.845] collision_tt=-1.000 ttc=-1.000 p=[0.000,0.000,0.000]
[fsm_node-3] [32m -- [Fsm] ReplanOnce succeed.[0m
[fsm_node-3] [INFO] [1789029229.455958348] [fsm_node]:  -- [TRAJ_GUARD_COMMIT] phase=ReplanOnce/no_backup gen=28 map=35 samples=82 range=[0.447,0.845] escape=false footprint_egress=false escape_done_tt=-1.000
[fsm_node-3]  -- [TRAJ_GUARD_CERT] trigger=poly_publish status=SAFE gen=27 map=34 map_age=0.198s map_age_limit=0.500s motion_speed=5.850mps samples=94 range=[0.382,0.845] collision_tt=-1.000 ttc=-1.000 p=[0.000,0.000,0.000]
[fsm_node-3]  -- [TRAJ_GUARD_CERT] trigger=main_pre status=SAFE gen=27 map=35 map_age=0.006s map_age_limit=0.500s motion_speed=5.793mps samples=92 range=[0.394,0.845] collision_tt=-1.000 ttc=-1.000 p=[0.000,0.000,0.000]
[fsm_node-3] [32m -- [Fsm] ReplanOnce succeed.[0m
[fsm_node-3] [INFO] [1789029229.519517407] [fsm_node]:  -- [TRAJ_GUARD_COMMIT] phase=ReplanOnce/no_backup gen=29 map=35 samples=69 range=[0.510,0.845] escape=false footprint_egress=false escape_done_tt=-1.000
[fsm_node-3]  -- [TRAJ_GUARD_CERT] trigger=poly_publish status=SAFE gen=28 map=35 map_age=0.060s map_age_limit=0.500s motion_speed=5.254mps samples=81 range=[0.447,0.845] collision_tt=-1.000 ttc=-1.000 p=[0.000,0.000,0.000]
[fsm_node-3] [32m -- [Fsm] ReplanOnce succeed.[0m
[fsm_node-3] [INFO] [1789029229.583295712] [fsm_node]:  -- [TRAJ_GUARD_COMMIT] phase=ReplanOnce/no_backup gen=30 map=35 samples=57 range=[0.574,0.845] escape=false footprint_egress=false escape_done_tt=-1.000
[fsm_node-3]  -- [TRAJ_GUARD_CERT] trigger=poly_publish status=SAFE gen=29 map=35 map_age=0.123s map_age_limit=0.500s motion_speed=4.389mps samples=68 range=[0.511,0.845] collision_tt=-1.000 ttc=-1.000 p=[0.000,0.000,0.000]
[fsm_node-3] [32m -- [Fsm] ReplanOnce succeed.[0m
[fsm_node-3] [INFO] [1789029229.648103882] [fsm_node]:  -- [TRAJ_GUARD_COMMIT] phase=ReplanOnce/no_backup gen=31 map=35 samples=44 range=[0.639,0.845] escape=false footprint_egress=false escape_done_tt=-1.000
[fsm_node-3]  -- [TRAJ_GUARD_CERT] trigger=poly_publish status=SAFE gen=30 map=35 map_age=0.187s map_age_limit=0.521s motion_speed=3.080mps samples=55 range=[0.575,0.845] collision_tt=-1.000 ttc=-1.000 p=[0.000,0.000,0.000]
[fsm_node-3] [32m -- [Fsm] ReplanOnce succeed.[0m
[fsm_node-3] [INFO] [1789029229.713923561] [fsm_node]:  -- [TRAJ_GUARD_COMMIT] phase=ReplanOnce/no_backup gen=32 map=35 samples=30 range=[0.705,0.845] escape=false footprint_egress=false escape_done_tt=-1.000
[fsm_node-3]  -- [TRAJ_GUARD_CERT] trigger=poly_publish status=SAFE gen=31 map=35 map_age=0.252s map_age_limit=0.550s motion_speed=1.902mps samples=43 range=[0.640,0.845] collision_tt=-1.000 ttc=-1.000 p=[0.000,0.000,0.000]
[fsm_node-3] [32m -- [Fsm] ReplanOnce succeed.[0m
[fsm_node-3]  -- [TRAJ_GUARD_CERT] trigger=poly_publish status=SAFE gen=32 map=35 map_age=0.318s map_age_limit=0.550s motion_speed=0.758mps samples=29 range=[0.705,0.845] collision_tt=-1.000 ttc=-1.000 p=[0.000,0.000,0.000]
[fsm_node-3] [32m -- [Fsm 8.059] Current state: FOLLOW_TRAJ[0m
[fsm_node-3] [32m -- [Fsm] Traj finish.[0m
