[INFO] [launch]: All log files can be found below /root/.ros/log/2026-09-10-17-15-16-991745-livox-1903125
[INFO] [launch]: Default logging verbosity is set to INFO
[INFO] [waypoint_mission-1]: process started with pid [1903130]
[INFO] [perfect_drone_frontend_node-2]: process started with pid [1903132]
[INFO] [fsm_node-3]: process started with pid [1903134]
[waypoint_mission-1] [WARN] [1789028117.035285851] [waypoint_mission]:  -- [MissionPlanner] Load config by file name: /root/super_ws/src/SUPER/mission_planner/config/waypoint.yaml
[waypoint_mission-1] [WARN] [1789028117.035347871] [waypoint_mission]:  -- [MissionPlanner] Load data by file name: /root/super_ws/src/SUPER/mission_planner/data/blind_heading_fork.txt
[fsm_node-3]  -- [Bench] Use sim time is false, begin replay.
[fsm_node-3] Load config file: /root/super_ws/src/SUPER/super_planner/config/static_seedmaps_guard_viability_tight_v7_frontend_risk_enforce.yaml
[fsm_node-3] [0;32m Load param fsm/timer_en success: [0;0m1
[fsm_node-3] [0;32m Load param super_planner/detailed_log_en success: [0;0m0
[fsm_node-3] [0;32m Load param super_planner/detailed_log_max_entries success: [0;0m64
[fsm_node-3] [0;32m Load param fsm/click_goal_en success: [0;0m1
[fsm_node-3] [0;32m Load param fsm/click_yaw_en success: [0;0m1
[fsm_node-3] [0;32m Load param fsm/replan_rate success: [0;0m15
[fsm_node-3] [0;32m Load param fsm/click_height success: [0;0m1.5
[fsm_node-3] [0;32m Load param fsm/cmd_topic success: [0;0m/planning/pos_cmd
[fsm_node-3] [0;32m Load param fsm/mpc_cmd_topic success: [0;0m/planning_cmd/poly_traj
[fsm_node-3] [0;32m Load param fsm/click_goal_topic success: [0;0m/planning/click_goal
[fsm_node-3] [0;32m Load param fsm/map_readiness/enable success: [0;0m1
[fsm_node-3] [0;32m Load param fsm/map_readiness/min_accepted_scans success: [0;0m5
[fsm_node-3] [0;32m Load param fsm/map_readiness/min_committed_scans success: [0;0m5
[fsm_node-3] [0;32m Load param fsm/map_readiness/max_commit_lag_scans success: [0;0m5
[fsm_node-3] [0;32m Load param fsm/map_readiness/min_scan_span_s success: [0;0m1
[fsm_node-3] [0;32m Load param fsm/map_readiness/max_cloud_age_s success: [0;0m0.75
[fsm_node-3] [0;32m Load param fsm/map_readiness/max_map_age_s success: [0;0m0.55
[fsm_node-3] [0;32m Load param fsm/trajectory_guard/enable success: [0;0m1
[fsm_node-3] [0;33m Load param fsm/trajectory_guard/same_map_replan_coalesce_enable failed, use default value: [0;0m0
[fsm_node-3] [0;33m Load param fsm/trajectory_guard/same_map_replan_min_interval_s failed, use default value: [0;0m0
[fsm_node-3] [0;32m Load param fsm/trajectory_guard/shadow success: [0;0m0
[fsm_node-3] [0;32m Load param fsm/trajectory_guard/max_map_age_s success: [0;0m0.75
[fsm_node-3] [0;32m Load param fsm/trajectory_guard/brake_trigger_map_age_s success: [0;0m0.55
[fsm_node-3] [0;32m Load param fsm/trajectory_guard/brake_trigger_high_speed_map_age_s success: [0;0m0.5
[fsm_node-3] [0;32m Load param fsm/trajectory_guard/brake_trigger_low_speed_mps success: [0;0m2.5
[fsm_node-3] [0;32m Load param fsm/trajectory_guard/brake_trigger_high_speed_mps success: [0;0m3.5
[fsm_node-3] [0;32m Load param fsm/trajectory_guard/full_refresh_ack_sla_s success: [0;0m0.75
[fsm_node-3] [0;32m Load param fsm/trajectory_guard/raw_cloud/enable success: [0;0m0
[perfect_drone_frontend_node-2] [INFO] [1789028117.132836177] [native_sector_cpp]: adaptive mode, half-angle 45.0 deg, input /cloud_registered, publish cap 5.00 Hz, commit refresh 0.120 s, full-open extra budget 6000, guard witness disabled radius 0.00 m, direct input enabled, risk verdict /planning/trajectory_risk_verdict, body tier 0.200 m/0.150 s
[fsm_node-3] [0;32m Load param fsm/trajectory_guard/raw_cloud/source_topic success: [0;0m/cloud_guard_witness
[perfect_drone_frontend_node-2] [WARN] [1789028117.135479445] [perfect_tracking]:  -- [MissionPlanner] Load config by file name: /root/super_ws/src/SUPER/mars_uav_sim/perfect_drone_sim/config/shc4_deep_mirror_hazard.yaml
[fsm_node-3] [0;32m Load param fsm/trajectory_guard/raw_cloud/max_age_s success: [0;0m0.75
[fsm_node-3] [0;32m Load param fsm/trajectory_guard/raw_cloud/clearance_m success: [0;0m0.3
[fsm_node-3] [0;32m Load param fsm/trajectory_guard/validation_sample_dt_s success: [0;0m0.005
[fsm_node-3] [0;32m Load param fsm/trajectory_guard/shadow_min_interval_s success: [0;0m0
[fsm_node-3] [0;32m Load param fsm/trajectory_guard/additional_clearance_m success: [0;0m0
[fsm_node-3] [0;33m Load param fsm/trajectory_guard/brake_min_duration_s failed, use default value: [0;0m0.4
[fsm_node-3] [0;32m Load param fsm/trajectory_guard/brake_max_duration_s success: [0;0m3
[fsm_node-3] [0;32m Load param fsm/trajectory_guard/brake_max_acc_mps2 success: [0;0m20
[fsm_node-3] [0;32m Load param fsm/trajectory_guard/brake_max_jerk_mps3 success: [0;0m120
[fsm_node-3] [0;32m Load param fsm/trajectory_guard/brake_command_max_age_s success: [0;0m0.1
[fsm_node-3] [0;32m Load param fsm/trajectory_guard/brake_command_max_position_error_m success: [0;0m0.5
[fsm_node-3] [0;32m Load param fsm/trajectory_guard/brake_command_max_velocity_error_mps success: [0;0m2
[fsm_node-3] [0;32m Load param fsm/trajectory_guard/brake_retry_interval_s success: [0;0m0.1
[fsm_node-3] [0;32m Load param fsm/trajectory_guard/unknown_as_occupied success: [0;0m1
[fsm_node-3] [0;33m Load param fsm/trajectory_guard/raw_cloud/ciri_shadow_en failed, use default value: [0;0m0
[fsm_node-3] [0;32m Load param fsm/trajectory_guard/raw_cloud/accum_window_s success: [0;0m1.5
[fsm_node-3] [0;33m Load param fsm/trajectory_guard/raw_cloud/ciri_min_points failed, use default value: [0;0m200
[fsm_node-3] [0;33m Load param fsm/trajectory_guard/raw_cloud/ciri_voxel_m failed, use default value: [0;0m0.1
[fsm_node-3] [0;32m Load param fsm/trajectory_guard/raw_cloud/near_field_shadow_en success: [0;0m0
[fsm_node-3] [0;32m Load param fsm/trajectory_guard/raw_cloud/near_field_clearance_m success: [0;0m0.2
[fsm_node-3] [0;32m Load param fsm/trajectory_guard/raw_cloud/near_field_horizon_s success: [0;0m1
[fsm_node-3] [0;32m Load param fsm/trajectory_guard/raw_cloud/near_field_sample_dt_s success: [0;0m0.01
[fsm_node-3] [0;32m Load param fsm/trajectory_guard/raw_cloud/near_field_min_interval_s success: [0;0m0.1
[fsm_node-3] [0;32m Load param fsm/trajectory_guard/raw_cloud/near_field_min_points success: [0;0m200
[fsm_node-3] [0;32m Load param fsm/trajectory_guard/raw_cloud/near_field_voxel_m success: [0;0m0
[fsm_node-3] [0;32m Load param fsm/trajectory_guard/raw_cloud/near_field_test_replay_mode success: [0;0m0
[fsm_node-3] [0;32m Load param fsm/trajectory_guard/raw_cloud/near_field_enforce_en success: [0;0m0
[fsm_node-3] [0;32m Load param fsm/trajectory_guard/raw_cloud/near_field_result_max_age_s success: [0;0m0.2
[fsm_node-3] [0;32m Load param fsm/trajectory_guard/raw_cloud/near_field_max_sequence_lag success: [0;0m1
[fsm_node-3] [0;32m Load param fsm/trajectory_guard/raw_cloud/near_field_egress_tolerance_m success: [0;0m0.005
[fsm_node-3] [0;32m Load param fsm/trajectory_guard/raw_cloud/near_field_egress_min_progress_m success: [0;0m0.02
[fsm_node-3] [0;32m Load param fsm/trajectory_guard/frontend_risk/shadow_en success: [0;0m1
[fsm_node-3] [0;32m Load param fsm/trajectory_guard/frontend_risk/enforce_en success: [0;0m1
[fsm_node-3] [0;32m Load param fsm/trajectory_guard/frontend_risk/topic success: [0;0m/planning/trajectory_risk_verdict
[fsm_node-3] [0;32m Load param fsm/trajectory_guard/frontend_risk/result_max_age_s success: [0;0m0.2
[fsm_node-3] [0;32m Load param fsm/trajectory_guard/frontend_risk/source_max_age_s success: [0;0m0.75
[fsm_node-3] [0;32m Load param fsm/trajectory_guard/frontend_risk/current_body_enforce_en success: [0;0m1
[fsm_node-3] [0;32m Load param fsm/trajectory_guard/frontend_risk/current_body_result_max_age_s success: [0;0m0.15
[fsm_node-3] [0;32m Load param fsm/trajectory_guard/frontend_risk/current_body_source_max_age_s success: [0;0m0.2
[fsm_node-3] [0;32m Load param super_planner/yaw_dot_max success: [0;0m3
[fsm_node-3] [0;32m Load param super_planner/visualization_en success: [0;0m0
[fsm_node-3] [0;32m Load param rog_map/resolution success: [0;0m0.05
[fsm_node-3] Load config file: /root/super_ws/src/SUPER/super_planner/config/static_seedmaps_guard_viability_tight_v7_frontend_risk_enforce.yaml
[fsm_node-3] [0;32m Load param rog_map/esdf/resolution success: [0;0m0.1
[fsm_node-3] [0;32m Load param rog_map/esdf/enable success: [0;0m0
[fsm_node-3] [0;32m Load param rog_map/esdf/local_update_box success: [0;0m[5 5 3 ]
[fsm_node-3] [0;32m Load param rog_map/load_pcd_en success: [0;0m0
[fsm_node-3] [0;32m Load param rog_map/map_sliding/enable success: [0;0m0
[fsm_node-3] [0;32m Load param rog_map/map_sliding/threshold success: [0;0m3
[fsm_node-3] [0;32m Load param rog_map/fix_map_origin success: [0;0m[0 0 1.5 ]
[fsm_node-3] [0;32m Load param rog_map/frontier_extraction_en success: [0;0m0
[fsm_node-3] [0;32m Load param rog_map/ros_callback/enable success: [0;0m1
[fsm_node-3] [0;32m Load param rog_map/ros_callback/cloud_topic success: [0;0m/cloud_sector
[fsm_node-3] [0;32m Load param rog_map/ros_callback/cloud_reliable success: [0;0m1
[fsm_node-3] [0;32m Load param rog_map/ros_callback/odom_topic success: [0;0m/lidar_slam/odom
[fsm_node-3] [0;32m Load param rog_map/ros_callback/odom_timeout success: [0;0m2
[fsm_node-3] [0;32m Load param rog_map/visualization/enable success: [0;0m0
[fsm_node-3] [0;32m Load param rog_map/visualization/use_dynamic_reconfigure success: [0;0m0
[fsm_node-3] [0;32m Load param rog_map/visualization/pub_unknown_map_en success: [0;0m0
[fsm_node-3] [0;32m Load param rog_map/visualization/frame_id success: [0;0mworld
[fsm_node-3] [0;32m Load param rog_map/visualization/time_rate success: [0;0m2
[fsm_node-3] [0;32m Load param rog_map/visualization/frame_rate success: [0;0m0
[fsm_node-3] [0;32m Load param rog_map/visualization/range success: [0;0m[15 15 4 ]
[fsm_node-3] [0;32m Load param rog_map/resolution success: [0;0m0.05
[fsm_node-3] [0;32m Load param rog_map/inflation_resolution success: [0;0m0.1
[fsm_node-3] [0;32m Load param rog_map/unk_inflation_en success: [0;0m0
[fsm_node-3] [0;32m Load param rog_map/unk_inflation_step success: [0;0m1
[fsm_node-3] [0;32m Load param rog_map/inflation_step success: [0;0m3
[fsm_node-3] [0;32m Load param rog_map/intensity_thresh success: [0;0m-10
[fsm_node-3] [0;32m Load param rog_map/map_size success: [0;0m[70 70 6 ]
[fsm_node-3] [0;32m Load param rog_map/point_filt_num success: [0;0m1
[fsm_node-3] [0;32m Load param rog_map/raycasting/enable success: [0;0m0
[fsm_node-3] [0;32m Load param rog_map/raycasting/batch_update_size success: [0;0m1
[fsm_node-3] [0;32m Load param rog_map/raycasting/unk_thresh success: [0;0m1
[fsm_node-3] [0;32m Load param rog_map/raycasting/p_hit success: [0;0m0.9
[fsm_node-3] [0;32m Load param rog_map/raycasting/p_miss success: [0;0m0.49
[fsm_node-3] [0;32m Load param rog_map/raycasting/p_min success: [0;0m0.12
[fsm_node-3] [0;32m Load param rog_map/raycasting/p_max success: [0;0m0.98
[fsm_node-3] [0;32m Load param rog_map/raycasting/p_occ success: [0;0m0.85
[fsm_node-3] [0;32m Load param rog_map/raycasting/p_free success: [0;0m0.499
[fsm_node-3] [0;32m Load param rog_map/raycasting/p_free success: [0;0m0.499
[fsm_node-3] [0;32m Load param rog_map/raycasting/ray_range success: [0;0m[0.5 100 ]
[fsm_node-3] [0;33m Load param rog_map/raycasting/observed_mark_range_max failed, use default value: [0;0m10
[fsm_node-3] [0;32m Load param rog_map/raycasting/local_update_box success: [0;0m[100 100 5 ]
[fsm_node-3] [0;32m Load param rog_map/virtual_ground_height success: [0;0m-0.1
[fsm_node-3] [0;32m Load param rog_map/virtual_ceil_height success: [0;0m3.5
[fsm_node-3] [32m -- [RM-Config] inflation_resolution: 0.1[0m
[fsm_node-3]  -- [ROG-Map] Init, resetMapSize: ORIGIN_AT_CORNER.
[fsm_node-3]  -- [ROG-Map] Init, resetMapSize: virtual_ceil_height: 3.1500000000000004, virtual_ground_height: 0.25.
[fsm_node-3] [34m	[ROG] n_free: 1[0m
[fsm_node-3] [34m	[ROG] n_occ: 1[0m
[fsm_node-3] [34m	[ROG] l_hit: 2.19722[0m
[fsm_node-3] [34m	[ROG] l_miss: -0.0400053[0m
[fsm_node-3] [34m	[ROG] l_min: -1.99243[0m
[fsm_node-3] [34m	[ROG] l_max: 3.89182[0m
[fsm_node-3] [34m	[ROG] l_occ: 1.7346[0m
[fsm_node-3] [34m	[ROG] l_free: -0.00399995[0m
[perfect_drone_frontend_node-2] Failed to find match for field 'intensity'.
[perfect_drone_frontend_node-2] [WARN] [1789028117.508417769] [perfect_tracking]: SENSOR_BURST_DROPOUT armed before every cloud transport: warmup=1.000s period=2.000s duration=0.500s phase=0.000s env_override=1
[perfect_drone_frontend_node-2] [INFO] [1789028117.508478655] [perfect_drone_frontend_config]: raw DDS disabled: renderer -> native front-end uses direct SharedPtr handoff
[fsm_node-3] [33m -- [Inf-Map] Clear all local map.[0m
[fsm_node-3] [32m -- [CounterMap] Init successfully -- .[0m
[fsm_node-3] [32m	resolution: 0.1[0m
[fsm_node-3] [32m	map_sliding_en: 0[0m
[fsm_node-3] [32m	local_map_size_i: 709 709  69[0m
[fsm_node-3] [32m	local_map_size_d: 70.9 70.9  6.9[0m
[fsm_node-3] [33m -- [Inf-Map] Clear all local map.[0m
[fsm_node-3] [32m -- [InfMap] Init successfully -- .[0m
[fsm_node-3] [32m	resolution: 0.1[0m
[fsm_node-3] [32m	map_sliding_en: 0[0m
[fsm_node-3] [32m	local_map_size_i: 709 709  69[0m
[fsm_node-3] [32m	local_map_size_d: 70.9 70.9  6.9[0m
[fsm_node-3] [ProbMap] virtual_ceil_height: 3.15
[fsm_node-3] [ProbMap] virtual_ground_height: 0.25
[fsm_node-3] [33m -- [ProbMap] Map sliding disabled, set origin to [  0   0 1.5] -- [0m
[fsm_node-3] [33m -- [Prob-Map] Clear all local map.[0m
[fsm_node-3] [32m -- [ProbMap] Init successfully -- .[0m
[fsm_node-3] [32m	resolution: 0.05[0m
[fsm_node-3] [32m	map_sliding_en: 0[0m
[fsm_node-3] [32m	local_map_size_i: 1401 1401  121[0m
[fsm_node-3] [32m	local_map_size_d: 70.05 70.05  6.05[0m
[fsm_node-3] [38;2;000;128;000m -- [ROGMap] Immutable planner snapshot enabled (fixed occupancy-only map).
[fsm_node-3] [0mLoad config file: /root/super_ws/src/SUPER/super_planner/config/static_seedmaps_guard_viability_tight_v7_frontend_risk_enforce.yaml
[fsm_node-3] Load config file: /root/super_ws/src/SUPER/super_planner/config/static_seedmaps_guard_viability_tight_v7_frontend_risk_enforce.yaml
[fsm_node-3] [0;32m Load param traj_opt/switch/print_optimizer_log success: [0;0m0
[fsm_node-3] [0;32m Load param traj_opt/flatness/mass success: [0;0m1.64
[fsm_node-3] [0;32m Load param traj_opt/flatness/dh success: [0;0m0.35
[fsm_node-3] [0;32m Load param traj_opt/flatness/dv success: [0;0m0.35
[fsm_node-3] [0;32m Load param traj_opt/flatness/grav success: [0;0m9.81
[fsm_node-3] [0;32m Load param traj_opt/flatness/cp success: [0;0m0.001
[fsm_node-3] [0;32m Load param traj_opt/flatness/v_eps success: [0;0m0.0001
[fsm_node-3] [0;32m Load param traj_opt/switch/save_log_en success: [0;0m0
[fsm_node-3] [0;32m Load param traj_opt/exp_traj/pos_constraint_type success: [0;0m1
[fsm_node-3] [0;33m Load param traj_opt/exp_traj/piece_num failed, use default value: [0;0m1
[fsm_node-3] [0;33m Load param traj_opt/exp_traj/uniform_time_en failed, use default value: [0;0m0
[fsm_node-3] [0;32m Load param traj_opt/exp_traj/block_energy_cost success: [0;0m0
[fsm_node-3] [0;32m Load param traj_opt/exp_traj/opt_accuracy success: [0;0m5e-06
[fsm_node-3] [0;33m Load param traj_opt/exp_traj/max_iterations failed, use default value: [0;0m2048
[fsm_node-3] [0;32m Load param traj_opt/exp_traj/integral_reso success: [0;0m15
[fsm_node-3] [0;32m Load param traj_opt/exp_traj/smooth_eps success: [0;0m0.01
[fsm_node-3] [0;32m Load param traj_opt/boundary/max_vel success: [0;0m7
[fsm_node-3] [0;32m Load param traj_opt/boundary/max_acc success: [0;0m20
[fsm_node-3] [0;32m Load param traj_opt/boundary/max_jerk success: [0;0m120
[fsm_node-3] [0;32m Load param traj_opt/boundary/max_omg success: [0;0m2.5
[fsm_node-3] [0;32m Load param traj_opt/boundary/max_acc_thr success: [0;0m17
[fsm_node-3] [0;32m Load param traj_opt/boundary/min_acc_thr success: [0;0m6
[fsm_node-3] [0;32m Load param traj_opt/boundary/penna_margin success: [0;0m0.05
[fsm_node-3] [0;33m Load param traj_opt/exp_traj/penna_scale failed, use default value: [0;0m-1
[fsm_node-3] [0;32m Load param traj_opt/exp_traj/penna_t success: [0;0m1e+07
[fsm_node-3] [0;33m Load param traj_opt/exp_traj/penna_ts failed, use default value: [0;0m-1
[fsm_node-3] [0;32m Load param traj_opt/exp_traj/penna_pos success: [0;0m5e+09
[fsm_node-3] [0;32m Load param traj_opt/exp_traj/penna_clr success: [0;0m1e+06
[fsm_node-3] [0;32m Load param traj_opt/exp_traj/clearance_margin success: [0;0m0.1
[fsm_node-3] [0;32m Load param traj_opt/exp_traj/clearance_speed_gate success: [0;0m1.5
[fsm_node-3] [0;32m Load param traj_opt/exp_traj/clearance_speed_transition success: [0;0m0.5
[fsm_node-3] [0;33m Load param traj_opt/exp_traj/penna_passage_center failed, use default value: [0;0m-1
[fsm_node-3] [0;33m Load param traj_opt/exp_traj/passage_center_max_width failed, use default value: [0;0m0
[fsm_node-3] [0;33m Load param traj_opt/exp_traj/passage_center_min_opposition_cos failed, use default value: [0;0m0.9
[fsm_node-3] [0;33m Load param traj_opt/exp_traj/passage_center_min_horizontal_normal failed, use default value: [0;0m0.8
[fsm_node-3] [0;33m Load param traj_opt/exp_traj/passage_center_deadband failed, use default value: [0;0m0.15
[fsm_node-3] [0;33m Load param traj_opt/exp_traj/passage_center_log_en failed, use default value: [0;0m0
[fsm_node-3] [0;32m Load param traj_opt/exp_traj/penna_vel success: [0;0m5e+08
[fsm_node-3] [0;32m Load param traj_opt/exp_traj/penna_acc success: [0;0m5e+08
[fsm_node-3] [0;32m Load param traj_opt/exp_traj/penna_jerk success: [0;0m-5e+08
[fsm_node-3] [0;32m Load param traj_opt/exp_traj/penna_attract success: [0;0m5e+08
[fsm_node-3] [0;32m Load param traj_opt/exp_traj/penna_omg success: [0;0m-1
[fsm_node-3] [0;32m Load param traj_opt/exp_traj/penna_thr success: [0;0m-1
[fsm_node-3] Load config file: /root/super_ws/src/SUPER/super_planner/config/static_seedmaps_guard_viability_tight_v7_frontend_risk_enforce.yaml
[fsm_node-3] [0;32m Load param traj_opt/switch/print_optimizer_log success: [0;0m0
[fsm_node-3] [0;32m Load param traj_opt/flatness/mass success: [0;0m1.64
[fsm_node-3] [0;32m Load param traj_opt/flatness/dh success: [0;0m0.35
[fsm_node-3] [0;32m Load param traj_opt/flatness/dv success: [0;0m0.35
[fsm_node-3] [0;32m Load param traj_opt/flatness/grav success: [0;0m9.81
[fsm_node-3] [0;32m Load param traj_opt/flatness/cp success: [0;0m0.001
[fsm_node-3] [0;32m Load param traj_opt/flatness/v_eps success: [0;0m0.0001
[fsm_node-3] [0;32m Load param traj_opt/switch/save_log_en success: [0;0m0
[fsm_node-3] [0;32m Load param traj_opt/backup_traj/pos_constraint_type success: [0;0m2
[fsm_node-3] [0;32m Load param traj_opt/backup_traj/piece_num success: [0;0m2
[fsm_node-3] [0;32m Load param traj_opt/backup_traj/uniform_time_en success: [0;0m1
[fsm_node-3] [0;32m Load param traj_opt/backup_traj/block_energy_cost success: [0;0m1
[fsm_node-3] [0;32m Load param traj_opt/backup_traj/opt_accuracy success: [0;0m1e-05
[fsm_node-3] [0;33m Load param traj_opt/backup_traj/max_iterations failed, use default value: [0;0m2048
[fsm_node-3] [0;32m Load param traj_opt/backup_traj/integral_reso success: [0;0m12
[fsm_node-3] [0;32m Load param traj_opt/backup_traj/smooth_eps success: [0;0m0.01
[fsm_node-3] [0;32m Load param traj_opt/boundary/max_vel success: [0;0m7
[fsm_node-3] [0;32m Load param traj_opt/boundary/max_acc success: [0;0m20
[fsm_node-3] [0;32m Load param traj_opt/boundary/max_jerk success: [0;0m120
[fsm_node-3] [0;32m Load param traj_opt/boundary/max_omg success: [0;0m2.5
[fsm_node-3] [0;32m Load param traj_opt/boundary/max_acc_thr success: [0;0m17
[fsm_node-3] [0;32m Load param traj_opt/boundary/min_acc_thr success: [0;0m6
[fsm_node-3] [0;32m Load param traj_opt/boundary/penna_margin success: [0;0m0.05
[fsm_node-3] [0;33m Load param traj_opt/backup_traj/penna_scale failed, use default value: [0;0m-1
[fsm_node-3] [0;32m Load param traj_opt/backup_traj/penna_t success: [0;0m100
[fsm_node-3] [0;32m Load param traj_opt/backup_traj/penna_ts success: [0;0m1e+07
[fsm_node-3] [0;32m Load param traj_opt/backup_traj/penna_pos success: [0;0m1e+10
[fsm_node-3] [0;32m Load param traj_opt/backup_traj/penna_clr success: [0;0m1e+06
[fsm_node-3] [0;32m Load param traj_opt/backup_traj/clearance_margin success: [0;0m0.1
[fsm_node-3] [0;32m Load param traj_opt/backup_traj/clearance_speed_gate success: [0;0m1.5
[fsm_node-3] [0;32m Load param traj_opt/backup_traj/clearance_speed_transition success: [0;0m0.5
[fsm_node-3] [0;33m Load param traj_opt/backup_traj/penna_passage_center failed, use default value: [0;0m-1
[fsm_node-3] [0;33m Load param traj_opt/backup_traj/passage_center_max_width failed, use default value: [0;0m0
[fsm_node-3] [0;33m Load param traj_opt/backup_traj/passage_center_min_opposition_cos failed, use default value: [0;0m0.9
[fsm_node-3] [0;33m Load param traj_opt/backup_traj/passage_center_min_horizontal_normal failed, use default value: [0;0m0.8
[fsm_node-3] [0;33m Load param traj_opt/backup_traj/passage_center_deadband failed, use default value: [0;0m0.15
[fsm_node-3] [0;33m Load param traj_opt/backup_traj/passage_center_log_en failed, use default value: [0;0m0
[fsm_node-3] [0;32m Load param traj_opt/backup_traj/penna_vel success: [0;0m1e+08
[fsm_node-3] [0;32m Load param traj_opt/backup_traj/penna_acc success: [0;0m1e+08
[fsm_node-3] [0;32m Load param traj_opt/backup_traj/penna_jerk success: [0;0m-1e+06
[fsm_node-3] [0;33m Load param traj_opt/backup_traj/penna_attract failed, use default value: [0;0m-1
[fsm_node-3] [0;32m Load param traj_opt/backup_traj/penna_omg success: [0;0m-1
[fsm_node-3] [0;32m Load param traj_opt/backup_traj/penna_thr success: [0;0m-1
[fsm_node-3] [0;32m Load param super_planner/print_log success: [0;0m0
[fsm_node-3] [0;32m Load param super_planner/detailed_log_en success: [0;0m0
[fsm_node-3] [0;32m Load param super_planner/visualization_en success: [0;0m0
[fsm_node-3] [0;32m Load param super_planner/backup_traj_en success: [0;0m1
[fsm_node-3] [0;32m Load param super_planner/goal_vel_en success: [0;0m0
[fsm_node-3] [0;32m Load param super_planner/goal_yaw_en success: [0;0m0
[fsm_node-3] [0;32m Load param super_planner/visual_process success: [0;0m0
[fsm_node-3] [0;32m Load param super_planner/use_fov_cut success: [0;0m0
[fsm_node-3] [0;33m Load param super_planner/fov_horizontal_angle failed, use default value: [0;0m-1
[fsm_node-3] [0;33m Load param super_planner/fov_center_heading failed, use default value: [0;0m0
[fsm_node-3] [0;32m Load param super_planner/frontend_in_known_free success: [0;0m0
[fsm_node-3] [0;32m Load param fsm/trajectory_guard/enable success: [0;0m1
[fsm_node-3] [0;32m Load param fsm/trajectory_guard/shadow success: [0;0m0
[fsm_node-3] [0;32m Load param fsm/trajectory_guard/validation_sample_dt_s success: [0;0m0.005
[fsm_node-3] [0;32m Load param fsm/trajectory_guard/shadow_min_interval_s success: [0;0m0
[fsm_node-3] [0;32m Load param fsm/trajectory_guard/additional_clearance_m success: [0;0m0
[fsm_node-3] [0;32m Load param fsm/trajectory_guard/escape_max_duration_s success: [0;0m1
[fsm_node-3] [0;32m Load param fsm/trajectory_guard/unknown_as_occupied success: [0;0m1
[fsm_node-3] [0;32m Load param fsm/trajectory_guard/escape_entry_grace_s success: [0;0m0
[fsm_node-3] [0;32m Load param fsm/trajectory_guard/initial_footprint_egress_enable success: [0;0m1
[fsm_node-3] [0;32m Load param super_planner/safe_corridor_line_max_length success: [0;0m6
[fsm_node-3] [0;32m Load param super_planner/sensing_horizon success: [0;0m-1
[fsm_node-3] [0;32m Load param super_planner/obs_skip_num success: [0;0m2
[fsm_node-3] [0;32m Load param super_planner/replan_forward_dt success: [0;0m0.1
[fsm_node-3] [0;32m Load param super_planner/corridor_bound_dis success: [0;0m0.8
[fsm_node-3] [0;32m Load param super_planner/corridor_line_max_length success: [0;0m1
[fsm_node-3] [0;32m Load param super_planner/planning_horizon success: [0;0m7
[fsm_node-3] [0;32m Load param super_planner/receding_dis success: [0;0m1
[fsm_node-3] [0;32m Load param super_planner/robot_r success: [0;0m0.2
[fsm_node-3] [0;32m Load param super_planner/corridor_use_inflated_obstacles success: [0;0m0
[fsm_node-3] [0;32m Load param super_planner/corridor_use_inflated_seed_lines success: [0;0m0
[fsm_node-3] [0;32m Load param super_planner/corridor_guard_retry_inflated success: [0;0m1
[fsm_node-3] [0;32m Load param super_planner/guard_corridor_retry_alternate_every success: [0;0m4
[fsm_node-3] [0;32m Load param super_planner/guard_topology_reroute/enable success: [0;0m1
[fsm_node-3] [0;32m Load param super_planner/guard_topology_reroute/radius_m success: [0;0m0.8
[fsm_node-3] [0;32m Load param super_planner/guard_topology_reroute/growth_m success: [0;0m0
[fsm_node-3] [0;32m Load param super_planner/guard_topology_reroute/max_radius_m success: [0;0m0.8
[fsm_node-3] [0;32m Load param super_planner/guard_topology_reroute/max_zones success: [0;0m6
[fsm_node-3] [0;32m Load param super_planner/guard_topology_reroute/max_stop_speed_mps success: [0;0m0.2
[fsm_node-3] [0;32m Load param super_planner/guard_topology_reroute/escalate_every_rejects success: [0;0m3
[fsm_node-3] [0;32m Load param super_planner/guard_topology_reroute/collision_merge_m success: [0;0m0.5
[fsm_node-3] [0;32m Load param super_planner/guard_topology_reroute/start_clearance_m success: [0;0m0.3
[fsm_node-3] [0;32m Load param super_planner/guard_topology_reroute/block_spacing_m success: [0;0m1
[fsm_node-3] [0;32m Load param super_planner/guard_topology_reroute/direction_merge_angle_deg success: [0;0m30
[fsm_node-3] [0;32m Load param super_planner/guard_topology_reroute/no_path_reset_attempts success: [0;0m3
[fsm_node-3] [0;32m Load param super_planner/guard_topology_reroute/vertical_recovery_enable success: [0;0m1
[fsm_node-3] [0;32m Load param super_planner/guard_topology_reroute/vertical_recovery_lift_m success: [0;0m0.6
[fsm_node-3] [0;32m Load param super_planner/guard_topology_reroute/vertical_recovery_trigger_distance_m success: [0;0m0.75
[fsm_node-3] [0;32m Load param super_planner/guard_topology_reroute/local_escape_enable success: [0;0m1
[fsm_node-3] [0;32m Load param super_planner/guard_topology_reroute/local_escape_distance_m success: [0;0m0.6
[fsm_node-3] [0;32m Load param super_planner/guard_topology_reroute/local_escape_attempts success: [0;0m4
[fsm_node-3] [0;32m Load param super_planner/guard_topology_reroute/episode_progress_reset_m success: [0;0m2
[fsm_node-3] [0;32m Load param super_planner/guard_topology_reroute/saturation_vertical_attempts success: [0;0m1
[fsm_node-3] [0;32m Load param super_planner/guard_topology_reroute/base_no_path_vertical_attempts success: [0;0m1
[fsm_node-3] [0;32m Load param super_planner/guard_direct_goal_fallback/enable success: [0;0m1
[fsm_node-3] [0;32m Load param super_planner/guard_direct_goal_fallback/max_distance_m success: [0;0m3
[fsm_node-3] [0;32m Load param super_planner/guard_direct_goal_fallback/min_duration_s success: [0;0m1
[fsm_node-3] [0;32m Load param super_planner/guard_viability/enable success: [0;0m1
[fsm_node-3] [0;32m Load param super_planner/guard_viability/horizon_s success: [0;0m2
[fsm_node-3] [0;32m Load param super_planner/guard_viability/sample_dt_s success: [0;0m0.3
[fsm_node-3] [0;32m Load param super_planner/guard_viability/brake_max_acc_mps2 success: [0;0m20
[fsm_node-3] [0;32m Load param super_planner/guard_viability/brake_max_jerk_mps3 success: [0;0m120
[fsm_node-3] [0;32m Load param super_planner/guard_viability/brake_min_duration_s success: [0;0m0.4
[fsm_node-3] [0;32m Load param super_planner/guard_viability/brake_max_duration_s success: [0;0m3
[fsm_node-3] [0;32m Load param super_planner/guard_viability/brake_attempts success: [0;0m12
[fsm_node-3] [0;32m Load param super_planner/guard_viability/speed_scale_step success: [0;0m1.25
[fsm_node-3] [0;32m Load param super_planner/guard_viability/speed_scale_max success: [0;0m3
[fsm_node-3] [0;32m Load param super_planner/guard_viability/max_retries success: [0;0m4
[fsm_node-3] [0;32m Load param super_planner/corridor_min_margin success: [0;0m0.2
[fsm_node-3] [0;32m Load param super_planner/corridor_pref_margin success: [0;0m0.3
[fsm_node-3] [0;32m Load param super_planner/iris_iter_num success: [0;0m2
[fsm_node-3] [0;32m Load param super_planner/yaw_mode success: [0;0m1
[fsm_node-3] [0;32m Load param super_planner/mpc_horizon success: [0;0m15
[fsm_node-3] [0;32m Load param super_planner/yaw_dot_max success: [0;0m3
[fsm_node-3] [0;32m Load param rog_map/resolution success: [0;0m0.05
[fsm_node-3] [INFO] [1789028118.523700034] [fsm_node]:  -- [TRAJ_GUARD] mode=enforce sample_dt=0.0050s shadow_min_interval=0.000s inflation_radius=0.300m robot_r=0.200m additional_clearance=0.000m hard_clearance=0.300m clearance_offsets=0
[fsm_node-3] [38;2;050;205;050m -- [Viz] Set resolution_ to 0.05
[fsm_node-3] [0m[38;2;050;205;050m -- [Viz] Set visualization_en_ to false
[fsm_node-3] [0mLoad config file: /root/super_ws/src/SUPER/super_planner/config/static_seedmaps_guard_viability_tight_v7_frontend_risk_enforce.yaml
[fsm_node-3] [0;32m Load param astar/map_voxel_num success: [0;0m[500 500 100 ]
[fsm_node-3] [0;32m Load param astar/allow_diag success: [0;0m1
[fsm_node-3] [0;32m Load param astar/debug_visualization_en success: [0;0m0
[fsm_node-3] [0;32m Load param astar/heu_type success: [0;0m2
[fsm_node-3] [0;32m Load param astar/visual_process success: [0;0m0
[fsm_node-3] [32m -- [RM] Init Astar-map.[0m
[fsm_node-3] [34m	map index size: 250 250  50[0m
[fsm_node-3] [34m	map vox_num: 501 501 101[0m
[fsm_node-3] [INFO] [1789028120.145744220] [fsm_node]:  -- [FULL_REFRESH_ACK_GATE] listening sla=0.750s
[fsm_node-3] [INFO] [1789028120.146513515] [fsm_node]:  -- [FRONTEND_RISK] listening topic=/planning/trajectory_risk_verdict result_max_age=0.200s source_max_age=0.750s enforce=true body_result_max_age=0.150s body_source_max_age=0.200s body_enforce=true
[fsm_node-3] [33m -- [Fsm] CLICKGOAL ENABLE.[0m
[fsm_node-3] [INFO] [1789028120.147443860] [fsm_node]: [32m -- [Fsm-Test] Begin.[0m
[fsm_node-3] [38;2;000;128;000m -- [Fsm]: [MainFsmCallback] change state from [INIT] to [WAIT_GOAL].
[fsm_node-3] [0m -- [Fsm] MAP_NOT_READY reason=accepted_count,committed_count,scan_span accepted=4 committed=4 version=4 lag=0 span=0.464s cloud_age=0.455s committed_cloud_age=0.455s commit_age=0.449s in_progress=false
[fsm_node-3] [32m -- [Fsm 1.010] Current state: WAIT_GOAL[0m
[fsm_node-3]  -- [Fsm] MAP_READY accepted=5 committed=5 version=5 lag=0 span=1.080s cloud_age=0.040s committed_cloud_age=0.040s commit_age=0.011s in_progress=false
[fsm_node-3] [32m -- [Fsm] Get goal at [0m24.525 20.025  1.525
[fsm_node-3] [32m -- [Fsm] Receive click goal at: [24.525 20.025  1.525]; goal yaw: 0.000 deg[0m
[fsm_node-3] [INFO] [1789028121.372918762] [fsm_node]:  -- [OPTIMIZER_PHASE_MEMORY] optimizer=exp event=begin call=1 rss_mib=3102.172 swap_mib=0.000 variables=17 pieces=5
[fsm_node-3] [INFO] [1789028121.380639206] [fsm_node]:  -- [OPTIMIZER_PHASE_MEMORY] optimizer=exp event=end call=1 duration_ms=7.767 iterations=424 ret=1 rss_mib=3102.199 swap_mib=0.000 rss_delta_mib=0.027
[fsm_node-3] [WARN] [1789028121.380674433] [fsm_node]:  -- [SUPER] Replan over time(0.10303544998168945)!!!! Return FAILED
[fsm_node-3] [WARN] [1789028121.380681470] [fsm_node]:  -- [SUPER] in [PlanFromRest] GenerateExpTrajectory failed with FAILED.
[fsm_node-3] [38;2;000;128;000m -- [Fsm]: [MainFsmCallback] change state from [WAIT_GOAL] to [GENERATE_TRAJ].
[fsm_node-3] [0m[33m -- [Fsm] PlanFromRest failed, try replan.[0m
[fsm_node-3] [INFO] [1789028121.468481603] [fsm_node]:  -- [OPTIMIZER_PHASE_MEMORY] optimizer=exp event=begin call=2 rss_mib=3102.406 swap_mib=0.000 variables=17 pieces=5
[fsm_node-3] [INFO] [1789028121.476194657] [fsm_node]:  -- [OPTIMIZER_PHASE_MEMORY] optimizer=exp event=end call=2 duration_ms=7.776 iterations=417 ret=1 rss_mib=3102.414 swap_mib=0.000 rss_delta_mib=0.008
[fsm_node-3] [INFO] [1789028121.476258281] [fsm_node]:  -- [SUPER] in [PlanFromRest] GenerateExpTrajectory SUCCESS.
[fsm_node-3] [INFO] [1789028121.501729172] [fsm_node]:  -- [OPTIMIZER_PHASE_MEMORY] optimizer=backup event=begin call=1 rss_mib=3102.582 swap_mib=0.000 variables=60 pieces=2
[fsm_node-3] [INFO] [1789028121.508698271] [fsm_node]:  -- [OPTIMIZER_PHASE_MEMORY] optimizer=backup event=end call=1 duration_ms=6.972 iterations=245 ret=1 rss_mib=3102.688 swap_mib=0.000 rss_delta_mib=0.105
[fsm_node-3] [INFO] [1789028121.509004038] [fsm_node]:  -- [OPTIMIZER_PHASE_MEMORY] optimizer=backup event=begin call=2 rss_mib=3102.688 swap_mib=0.000 variables=60 pieces=2
[fsm_node-3] [INFO] [1789028121.510905532] [fsm_node]:  -- [OPTIMIZER_PHASE_MEMORY] optimizer=backup event=end call=2 duration_ms=1.895 iterations=64 ret=1 rss_mib=3102.754 swap_mib=0.000 rss_delta_mib=0.066
[fsm_node-3] [INFO] [1789028121.511196731] [fsm_node]:  -- [TRAJ_GUARD_COMMIT] phase=PlanFromRest/with_backup gen=1 map=6 samples=190 range=[0.130,1.066] escape=false footprint_egress=false escape_done_tt=-1.000
[fsm_node-3] [INFO] [1789028121.625109355] [fsm_node]:  -- [OPTIMIZER_PHASE_MEMORY] optimizer=exp event=begin call=3 rss_mib=3102.961 swap_mib=0.000 variables=13 pieces=4
[fsm_node-3] [INFO] [1789028121.631426857] [fsm_node]:  -- [OPTIMIZER_PHASE_MEMORY] optimizer=exp event=end call=3 duration_ms=6.341 iterations=469 ret=1 rss_mib=3102.996 swap_mib=0.000 rss_delta_mib=0.035
[fsm_node-3] [WARN] [1789028121.631454333] [fsm_node]:  -- [ExpOpt] Opt failed, Omg or thr or Pos violation.
[fsm_node-3] [WARN] [1789028121.631488931] [fsm_node]:  -- [SUPER] OptimizationExpTrajInPolytopes for new path failed
[fsm_node-3] [WARN] [1789028121.631499615] [fsm_node]:  -- [SUPER] in [ReplanOnce]: GenerateExpTrajectory failed, force return
[fsm_node-3]  -- [TRAJ_GUARD_CERT] trigger=poly_publish status=SAFE gen=1 map=6 map_age=0.094s map_age_limit=0.550s motion_speed=0.452mps samples=189 range=[0.130,1.066] collision_tt=-1.000 ttc=-1.000 p=[0.000,0.000,0.000]
[fsm_node-3] [38;2;000;128;000m -- [Fsm]: [MainFsmCallback] change state from [GENERATE_TRAJ] to [FOLLOW_TRAJ].
[fsm_node-3] [0m -- [TRAJ_GUARD_CERT] trigger=main_pre status=SAFE gen=1 map=7 map_age=0.009s map_age_limit=0.550s motion_speed=0.511mps samples=185 range=[0.147,1.066] collision_tt=-1.000 ttc=-1.000 p=[0.000,0.000,0.000]
[fsm_node-3] [33m -- [MINCO] TrajOpt failed, (unknown)[0m
[fsm_node-3] [33m -- [SUPER] Minco exp_traj opt failed.[0m
[fsm_node-3] [INFO] [1789028121.686637530] [fsm_node]:  -- [OPTIMIZER_PHASE_MEMORY] optimizer=exp event=begin call=4 rss_mib=3103.016 swap_mib=0.000 variables=13 pieces=4
[fsm_node-3] [INFO] [1789028121.691568596] [fsm_node]:  -- [OPTIMIZER_PHASE_MEMORY] optimizer=exp event=end call=4 duration_ms=4.984 iterations=491 ret=1 rss_mib=3103.059 swap_mib=0.000 rss_delta_mib=0.043
[fsm_node-3] [INFO] [1789028121.711629506] [fsm_node]:  -- [OPTIMIZER_PHASE_MEMORY] optimizer=backup event=begin call=3 rss_mib=3103.117 swap_mib=0.000 variables=68 pieces=2
[fsm_node-3] [INFO] [1789028121.735951982] [fsm_node]:  -- [OPTIMIZER_PHASE_MEMORY] optimizer=backup event=end call=3 duration_ms=24.315 iterations=679 ret=1 rss_mib=3103.492 swap_mib=0.000 rss_delta_mib=0.375
[fsm_node-3] [INFO] [1789028121.736297925] [fsm_node]:  -- [OPTIMIZER_PHASE_MEMORY] optimizer=backup event=begin call=4 rss_mib=3103.504 swap_mib=0.000 variables=68 pieces=2
[fsm_node-3] [INFO] [1789028121.741715388] [fsm_node]:  -- [OPTIMIZER_PHASE_MEMORY] optimizer=backup event=end call=4 duration_ms=5.416 iterations=172 ret=1 rss_mib=3103.504 swap_mib=0.000 rss_delta_mib=0.000
[fsm_node-3] [INFO] [1789028121.741966991] [fsm_node]:  -- [TRAJ_GUARD_COMMIT] phase=ReplanOnce/with_backup gen=2 map=8 samples=139 range=[0.076,0.758] escape=false footprint_egress=false escape_done_tt=-1.000
[fsm_node-3]  -- [TRAJ_GUARD_CERT] trigger=main_pre status=SAFE gen=1 map=8 map_age=0.007s map_age_limit=0.500s motion_speed=3.875mps samples=145 range=[0.347,1.066] collision_tt=-1.000 ttc=-1.000 p=[0.000,0.000,0.000]
[fsm_node-3] [32m -- [Fsm] ReplanOnce succeed.[0m
[fsm_node-3] [INFO] [1789028121.757717183] [fsm_node]:  -- [OPTIMIZER_PHASE_MEMORY] optimizer=exp event=begin call=5 rss_mib=3103.504 swap_mib=0.000 variables=17 pieces=5
[fsm_node-3] [INFO] [1789028121.766108390] [fsm_node]:  -- [OPTIMIZER_PHASE_MEMORY] optimizer=exp event=end call=5 duration_ms=8.403 iterations=660 ret=1 rss_mib=3103.512 swap_mib=0.000 rss_delta_mib=0.008
[fsm_node-3] [INFO] [1789028121.788231395] [fsm_node]:  -- [OPTIMIZER_PHASE_MEMORY] optimizer=backup event=begin call=5 rss_mib=3103.602 swap_mib=0.000 variables=70 pieces=2
[fsm_node-3] [INFO] [1789028121.795407001] [fsm_node]:  -- [OPTIMIZER_PHASE_MEMORY] optimizer=backup event=end call=5 duration_ms=7.203 iterations=193 ret=1 rss_mib=3103.637 swap_mib=0.000 rss_delta_mib=0.035
[fsm_node-3] [INFO] [1789028121.795799577] [fsm_node]:  -- [OPTIMIZER_PHASE_MEMORY] optimizer=backup event=begin call=6 rss_mib=3103.648 swap_mib=0.000 variables=70 pieces=2
[fsm_node-3] [INFO] [1789028121.806581729] [fsm_node]:  -- [OPTIMIZER_PHASE_MEMORY] optimizer=backup event=end call=6 duration_ms=10.771 iterations=279 ret=1 rss_mib=3103.824 swap_mib=0.000 rss_delta_mib=0.176
[fsm_node-3] [INFO] [1789028121.806843905] [fsm_node]:  -- [TRAJ_GUARD_COMMIT] phase=ReplanOnce/with_backup gen=3 map=8 samples=127 range=[0.064,0.684] escape=false footprint_egress=false escape_done_tt=-1.000
[fsm_node-3]  -- [TRAJ_GUARD_CERT] trigger=poly_publish status=SAFE gen=2 map=8 map_age=0.021s map_age_limit=0.500s motion_speed=4.266mps samples=138 range=[0.076,0.758] collision_tt=-1.000 ttc=-1.000 p=[0.000,0.000,0.000]
[fsm_node-3] [32m -- [Fsm] ReplanOnce succeed.[0m
[fsm_node-3] [INFO] [1789028121.824207491] [fsm_node]:  -- [OPTIMIZER_PHASE_MEMORY] optimizer=exp event=begin call=6 rss_mib=3103.828 swap_mib=0.000 variables=17 pieces=5
[fsm_node-3] [INFO] [1789028121.836087732] [fsm_node]:  -- [OPTIMIZER_PHASE_MEMORY] optimizer=exp event=end call=6 duration_ms=11.937 iterations=924 ret=1 rss_mib=3103.836 swap_mib=0.000 rss_delta_mib=0.008
[fsm_node-3] [INFO] [1789028121.867845118] [fsm_node]:  -- [OPTIMIZER_PHASE_MEMORY] optimizer=backup event=begin call=7 rss_mib=3103.836 swap_mib=0.000 variables=64 pieces=2
[fsm_node-3] [INFO] [1789028121.877189877] [fsm_node]:  -- [OPTIMIZER_PHASE_MEMORY] optimizer=backup event=end call=7 duration_ms=9.347 iterations=739 ret=1 rss_mib=3103.836 swap_mib=0.000 rss_delta_mib=0.000
[fsm_node-3] [INFO] [1789028121.877443102] [fsm_node]:  -- [OPTIMIZER_PHASE_MEMORY] optimizer=backup event=begin call=8 rss_mib=3103.848 swap_mib=0.000 variables=64 pieces=2
[fsm_node-3] [INFO] [1789028121.878133506] [fsm_node]:  -- [OPTIMIZER_PHASE_MEMORY] optimizer=backup event=end call=8 duration_ms=0.697 iterations=91 ret=1 rss_mib=3103.848 swap_mib=0.000 rss_delta_mib=0.000
[fsm_node-3] [INFO] [1789028121.878390765] [fsm_node]:  -- [TRAJ_GUARD_COMMIT] phase=ReplanOnce/with_backup gen=4 map=8 samples=163 range=[0.071,0.875] escape=false footprint_egress=false escape_done_tt=-1.000
[fsm_node-3]  -- [TRAJ_GUARD_CERT] trigger=poly_publish status=SAFE gen=3 map=8 map_age=0.086s map_age_limit=0.500s motion_speed=5.307mps samples=125 range=[0.065,0.684] collision_tt=-1.000 ttc=-1.000 p=[0.000,0.000,0.000]
[fsm_node-3] [32m -- [Fsm] ReplanOnce succeed.[0m
[fsm_node-3] [INFO] [1789028121.902481396] [fsm_node]:  -- [OPTIMIZER_PHASE_MEMORY] optimizer=exp event=begin call=7 rss_mib=3103.891 swap_mib=0.000 variables=17 pieces=5
[fsm_node-3] [INFO] [1789028121.906963916] [fsm_node]:  -- [OPTIMIZER_PHASE_MEMORY] optimizer=exp event=end call=7 duration_ms=4.535 iterations=387 ret=1 rss_mib=3103.910 swap_mib=0.000 rss_delta_mib=0.020
[fsm_node-3] [INFO] [1789028121.965679827] [fsm_node]:  -- [OPTIMIZER_PHASE_MEMORY] optimizer=backup event=begin call=9 rss_mib=3104.840 swap_mib=0.000 variables=72 pieces=2
[fsm_node-3] [INFO] [1789028121.974429107] [fsm_node]:  -- [OPTIMIZER_PHASE_MEMORY] optimizer=backup event=end call=9 duration_ms=8.880 iterations=373 ret=1 rss_mib=3104.891 swap_mib=0.000 rss_delta_mib=0.051
[fsm_node-3] [INFO] [1789028121.974688042] [fsm_node]:  -- [OPTIMIZER_PHASE_MEMORY] optimizer=backup event=begin call=10 rss_mib=3104.902 swap_mib=0.000 variables=72 pieces=2
[fsm_node-3] [INFO] [1789028121.986510847] [fsm_node]:  -- [OPTIMIZER_PHASE_MEMORY] optimizer=backup event=end call=10 duration_ms=11.792 iterations=521 ret=1 rss_mib=3104.902 swap_mib=0.000 rss_delta_mib=0.000
[fsm_node-3] [WARN] [1789028121.986590891] [fsm_node]:  -- [SUPER] in [ReplanOnce]: Replan overtime, check parameters, replan dt = 0.107867735.
[fsm_node-3] [INFO] [1789028122.012149692] [fsm_node]:  -- [OPTIMIZER_PHASE_MEMORY] optimizer=exp event=begin call=8 rss_mib=3104.902 swap_mib=0.000 variables=13 pieces=4
[fsm_node-3] [INFO] [1789028122.020432140] [fsm_node]:  -- [OPTIMIZER_PHASE_MEMORY] optimizer=exp event=end call=8 duration_ms=8.310 iterations=768 ret=1 rss_mib=3104.902 swap_mib=0.000 rss_delta_mib=0.000
[fsm_node-3]  -- [TRAJ_GUARD_CERT] trigger=poly_publish status=SAFE gen=4 map=8 map_age=0.157s map_age_limit=0.500s motion_speed=5.808mps samples=162 range=[0.071,0.875] collision_tt=-1.000 ttc=-1.000 p=[0.000,0.000,0.000]
[fsm_node-3]  -- [TRAJ_GUARD_CERT] trigger=main_pre status=SAFE gen=4 map=9 map_age=0.006s map_age_limit=0.500s motion_speed=5.703mps samples=152 range=[0.120,0.875] collision_tt=-1.000 ttc=-1.000 p=[0.000,0.000,0.000]
[fsm_node-3] [32m -- [Fsm] Get goal at [0m24.525000000000002 20.025000000000002  1.525000000000000
[fsm_node-3] [32m -- [Fsm] Receive click goal at: [24.525000000000002 20.025000000000002  1.525000000000000]; goal yaw: 0.000000000000000 deg[0m
[perfect_drone_frontend_node-2] [INFO] [1789028122.133848810] [native_sector_cpp]: frames=36 published=20 kept 21.3% (4785/22461 pts/input-frame)
[fsm_node-3] [INFO] [1789028122.142265300] [fsm_node]:  -- [OPTIMIZER_PHASE_MEMORY] optimizer=backup event=begin call=11 rss_mib=3107.375 swap_mib=0.000 variables=34 pieces=2
[fsm_node-3] [INFO] [1789028122.149709676] [fsm_node]:  -- [OPTIMIZER_PHASE_MEMORY] optimizer=backup event=end call=11 duration_ms=7.480 iterations=869 ret=1 rss_mib=3107.375 swap_mib=0.000 rss_delta_mib=0.000
[fsm_node-3] [INFO] [1789028122.149846824] [fsm_node]:  -- [OPTIMIZER_PHASE_MEMORY] optimizer=backup event=begin call=12 rss_mib=3107.375 swap_mib=0.000 variables=34 pieces=2
[fsm_node-3] [INFO] [1789028122.156195214] [fsm_node]:  -- [OPTIMIZER_PHASE_MEMORY] optimizer=backup event=end call=12 duration_ms=6.338 iterations=734 ret=1 rss_mib=3107.375 swap_mib=0.000 rss_delta_mib=0.000
[fsm_node-3] [WARN] [1789028122.156241648] [fsm_node]:  -- [SUPER] in [ReplanOnce]: Replan overtime, check parameters, replan dt = 0.169298044.
[fsm_node-3]  -- [TRAJ_GUARD_CERT] trigger=main_pre status=SAFE gen=4 map=10 map_age=0.010s map_age_limit=0.500s motion_speed=5.869mps samples=110 range=[0.330,0.875] collision_tt=-1.000 ttc=-1.000 p=[0.000,0.000,0.000]
[fsm_node-3] [32m -- [Fsm 2.010] Current state: FOLLOW_TRAJ[0m
[fsm_node-3] [INFO] [1789028122.181026517] [fsm_node]:  -- [OPTIMIZER_PHASE_MEMORY] optimizer=exp event=begin call=9 rss_mib=3107.375 swap_mib=0.000 variables=17 pieces=5
[fsm_node-3] [INFO] [1789028122.191922303] [fsm_node]:  -- [OPTIMIZER_PHASE_MEMORY] optimizer=exp event=end call=9 duration_ms=10.918 iterations=782 ret=1 rss_mib=3107.375 swap_mib=0.000 rss_delta_mib=0.000
[fsm_node-3] [INFO] [1789028122.290059858] [fsm_node]:  -- [OPTIMIZER_PHASE_MEMORY] optimizer=backup event=begin call=13 rss_mib=3107.375 swap_mib=0.000 variables=26 pieces=2
[fsm_node-3] [INFO] [1789028122.291479330] [fsm_node]:  -- [OPTIMIZER_PHASE_MEMORY] optimizer=backup event=end call=13 duration_ms=1.463 iterations=301 ret=1 rss_mib=3107.375 swap_mib=0.000 rss_delta_mib=0.000
[fsm_node-3] [INFO] [1789028122.291566044] [fsm_node]:  -- [OPTIMIZER_PHASE_MEMORY] optimizer=backup event=begin call=14 rss_mib=3107.375 swap_mib=0.000 variables=26 pieces=2
[fsm_node-3] [INFO] [1789028122.294459163] [fsm_node]:  -- [OPTIMIZER_PHASE_MEMORY] optimizer=backup event=end call=14 duration_ms=2.892 iterations=468 ret=1 rss_mib=3107.375 swap_mib=0.000 rss_delta_mib=0.000
[fsm_node-3] [WARN] [1789028122.294490775] [fsm_node]:  -- [SUPER] in [ReplanOnce]: Replan overtime, check parameters, replan dt = 0.137933604.
[fsm_node-3] [INFO] [1789028122.322277484] [fsm_node]:  -- [OPTIMIZER_PHASE_MEMORY] optimizer=exp event=begin call=10 rss_mib=3108.004 swap_mib=0.000 variables=13 pieces=4
[fsm_node-3] [INFO] [1789028122.324339168] [fsm_node]:  -- [OPTIMIZER_PHASE_MEMORY] optimizer=exp event=end call=10 duration_ms=2.124 iterations=229 ret=1 rss_mib=3108.004 swap_mib=0.000 rss_delta_mib=0.000
[fsm_node-3] [INFO] [1789028122.418582133] [fsm_node]:  -- [OPTIMIZER_PHASE_MEMORY] optimizer=backup event=begin call=15 rss_mib=3109.828 swap_mib=0.000 variables=18 pieces=2
[fsm_node-3] [INFO] [1789028122.421532183] [fsm_node]:  -- [OPTIMIZER_PHASE_MEMORY] optimizer=backup event=end call=15 duration_ms=2.994 iterations=723 ret=1 rss_mib=3109.828 swap_mib=0.000 rss_delta_mib=0.000
[fsm_node-3] [INFO] [1789028122.421605442] [fsm_node]:  -- [OPTIMIZER_PHASE_MEMORY] optimizer=backup event=begin call=16 rss_mib=3109.828 swap_mib=0.000 variables=18 pieces=2
[fsm_node-3] [INFO] [1789028122.422122515] [fsm_node]:  -- [OPTIMIZER_PHASE_MEMORY] optimizer=backup event=end call=16 duration_ms=0.516 iterations=127 ret=1 rss_mib=3109.828 swap_mib=0.000 rss_delta_mib=0.000
[fsm_node-3] [WARN] [1789028122.422157035] [fsm_node]:  -- [SUPER] in [ReplanOnce]: Replan overtime, check parameters, replan dt = 0.127448245.
[fsm_node-3] [INFO] [1789028122.452339506] [fsm_node]:  -- [OPTIMIZER_PHASE_MEMORY] optimizer=exp event=begin call=11 rss_mib=3109.828 swap_mib=0.000 variables=17 pieces=5
[fsm_node-3] [INFO] [1789028122.460424920] [fsm_node]:  -- [OPTIMIZER_PHASE_MEMORY] optimizer=exp event=end call=11 duration_ms=8.146 iterations=661 ret=1 rss_mib=3109.828 swap_mib=0.000 rss_delta_mib=0.000
[perfect_drone_frontend_node-2] [INFO] [1789028122.513765252] [perfect_tracking]: [SENSOR_CADENCE_SUMMARY] frames=50 span_s=4.899673 hz=10.000667 raw_published=0 direct_handoffs=40 payload_bytes=32670336 side_entry_v1_enabled=0 side_entry_v1_spawned=0 side_entry_v1_injected_frames=0
[perfect_drone_frontend_node-2] [INFO] [1789028122.513874791] [perfect_tracking]: [SENSOR_BURST_DROPOUT_SUMMARY] enabled=1 warmup_s=1.000000 period_s=2.000000 duration_s=0.500000 phase_s=0.000000 phase_env_override=1 rendered=50 delivered=40 dropped=10 bursts=2 max_consecutive_dropped=5 max_delivered_gap_s=0.602240 dropped_payload_bytes=6622624
[fsm_node-3] [INFO] [1789028122.551671107] [fsm_node]:  -- [OPTIMIZER_PHASE_MEMORY] optimizer=backup event=begin call=17 rss_mib=3112.336 swap_mib=0.000 variables=18 pieces=2
[fsm_node-3] [INFO] [1789028122.555863820] [fsm_node]:  -- [OPTIMIZER_PHASE_MEMORY] optimizer=backup event=end call=17 duration_ms=4.230 iterations=653 ret=1 rss_mib=3112.336 swap_mib=0.000 rss_delta_mib=0.000
[fsm_node-3] [INFO] [1789028122.555962828] [fsm_node]:  -- [OPTIMIZER_PHASE_MEMORY] optimizer=backup event=begin call=18 rss_mib=3112.336 swap_mib=0.000 variables=18 pieces=2
[fsm_node-3] [INFO] [1789028122.557787654] [fsm_node]:  -- [OPTIMIZER_PHASE_MEMORY] optimizer=backup event=end call=18 duration_ms=1.821 iterations=341 ret=1 rss_mib=3112.336 swap_mib=0.000 rss_delta_mib=0.000
[fsm_node-3] [WARN] [1789028122.557830350] [fsm_node]:  -- [SUPER] in [ReplanOnce]: Replan overtime, check parameters, replan dt = 0.135455604.
[fsm_node-3] [INFO] [1789028122.587086006] [fsm_node]:  -- [OPTIMIZER_PHASE_MEMORY] optimizer=exp event=begin call=12 rss_mib=3112.336 swap_mib=0.000 variables=17 pieces=5
[fsm_node-3] [INFO] [1789028122.592633710] [fsm_node]:  -- [OPTIMIZER_PHASE_MEMORY] optimizer=exp event=end call=12 duration_ms=5.566 iterations=440 ret=1 rss_mib=3112.344 swap_mib=0.000 rss_delta_mib=0.008
[fsm_node-3]  -- [TRAJ_GUARD_CERT] trigger=main_pre status=SAFE gen=4 map=11 map_age=0.006s map_age_limit=0.500s motion_speed=5.160mps samples=66 range=[0.550,0.875] collision_tt=-1.000 ttc=-1.000 p=[0.000,0.000,0.000]
[fsm_node-3]  -- [TRAJ_GUARD_CERT] trigger=main_pre status=SAFE gen=4 map=12 map_age=0.010s map_age_limit=0.550s motion_speed=1.649mps samples=28 range=[0.740,0.875] collision_tt=-1.000 ttc=-1.000 p=[0.000,0.000,0.000]
[fsm_node-3]  -- [TRAJ_GUARD_CERT] trigger=main_pre status=SAFE gen=4 map=13 map_age=0.002s map_age_limit=0.550s motion_speed=0.192mps samples=10 range=[0.830,0.875] collision_tt=-1.000 ttc=-1.000 p=[0.000,0.000,0.000]
[fsm_node-3] [32m -- [Fsm] Traj finish.[0m
[fsm_node-3] [INFO] [1789028122.691331703] [fsm_node]:  -- [OPTIMIZER_PHASE_MEMORY] optimizer=backup event=begin call=19 rss_mib=3112.957 swap_mib=0.000 variables=18 pieces=2
[fsm_node-3] [INFO] [1789028122.692810620] [fsm_node]:  -- [OPTIMIZER_PHASE_MEMORY] optimizer=backup event=end call=19 duration_ms=1.524 iterations=314 ret=1 rss_mib=3112.957 swap_mib=0.000 rss_delta_mib=0.000
[fsm_node-3] [INFO] [1789028122.692896161] [fsm_node]:  -- [OPTIMIZER_PHASE_MEMORY] optimizer=backup event=begin call=20 rss_mib=3112.969 swap_mib=0.000 variables=18 pieces=2
[fsm_node-3] [INFO] [1789028122.697072479] [fsm_node]:  -- [OPTIMIZER_PHASE_MEMORY] optimizer=backup event=end call=20 duration_ms=4.173 iterations=609 ret=1 rss_mib=3112.969 swap_mib=0.000 rss_delta_mib=0.000
[fsm_node-3] [WARN] [1789028122.697107598] [fsm_node]:  -- [SUPER] in [ReplanOnce]: Replan overtime, check parameters, replan dt = 0.139040084.
[fsm_node-3] [WARN] [1789028122.697448229] [fsm_node]:  -- [TRAJ_GUARD_RECOVERY_EPISODE_RESET] reason=horizontal_progress progress=4.500m threshold=2.000m prior_local=0 prior_vertical=0 prior_base=0
[fsm_node-3] [INFO] [1789028122.725875232] [fsm_node]:  -- [OPTIMIZER_PHASE_MEMORY] optimizer=exp event=begin call=13 rss_mib=3112.969 swap_mib=0.000 variables=17 pieces=5
[fsm_node-3] [INFO] [1789028122.730540344] [fsm_node]:  -- [OPTIMIZER_PHASE_MEMORY] optimizer=exp event=end call=13 duration_ms=4.710 iterations=414 ret=1 rss_mib=3112.969 swap_mib=0.000 rss_delta_mib=0.000
[fsm_node-3] [INFO] [1789028122.730598806] [fsm_node]:  -- [SUPER] in [PlanFromRest] GenerateExpTrajectory SUCCESS.
[fsm_node-3] [INFO] [1789028122.815031243] [fsm_node]:  -- [OPTIMIZER_PHASE_MEMORY] optimizer=backup event=begin call=21 rss_mib=3112.969 swap_mib=0.000 variables=18 pieces=2
[fsm_node-3] [INFO] [1789028122.817630147] [fsm_node]:  -- [OPTIMIZER_PHASE_MEMORY] optimizer=backup event=end call=21 duration_ms=2.649 iterations=475 ret=1 rss_mib=3112.969 swap_mib=0.000 rss_delta_mib=0.000
[fsm_node-3] [INFO] [1789028122.817700160] [fsm_node]:  -- [OPTIMIZER_PHASE_MEMORY] optimizer=backup event=begin call=22 rss_mib=3112.969 swap_mib=0.000 variables=18 pieces=2
[fsm_node-3] [INFO] [1789028122.818778082] [fsm_node]:  -- [OPTIMIZER_PHASE_MEMORY] optimizer=backup event=end call=22 duration_ms=1.077 iterations=240 ret=1 rss_mib=3112.969 swap_mib=0.000 rss_delta_mib=0.000
[fsm_node-3] [INFO] [1789028122.819193017] [fsm_node]:  -- [TRAJ_GUARD_COMMIT] phase=PlanFromRest/with_backup gen=5 map=13 samples=436 range=[0.121,2.288] escape=false footprint_egress=false escape_done_tt=-1.000
[fsm_node-3] [INFO] [1789028122.944132520] [fsm_node]:  -- [OPTIMIZER_PHASE_MEMORY] optimizer=exp event=begin call=14 rss_mib=3113.219 swap_mib=0.000 variables=17 pieces=5
[fsm_node-3] [INFO] [1789028122.955552147] [fsm_node]:  -- [OPTIMIZER_PHASE_MEMORY] optimizer=exp event=end call=14 duration_ms=11.458 iterations=998 ret=1 rss_mib=3113.219 swap_mib=0.000 rss_delta_mib=0.000
[fsm_node-3] [INFO] [1789028123.025543013] [fsm_node]:  -- [OPTIMIZER_PHASE_MEMORY] optimizer=backup event=begin call=23 rss_mib=3113.219 swap_mib=0.000 variables=18 pieces=2
[fsm_node-3] [INFO] [1789028123.025923513] [fsm_node]:  -- [OPTIMIZER_PHASE_MEMORY] optimizer=backup event=end call=23 duration_ms=0.428 iterations=82 ret=1 rss_mib=3113.219 swap_mib=0.000 rss_delta_mib=0.000
[fsm_node-3] [WARN] [1789028123.025956785] [fsm_node]:  -- [BackOpt] Opt failed, Omg or thr or Pos violation.
[fsm_node-3] [38;2;000;128;000m -- [Fsm]: [PubCmdCallback] change state from [FOLLOW_TRAJ] to [GENERATE_TRAJ].
[fsm_node-3] [0m -- [TRAJ_GUARD_CERT] trigger=poly_publish status=SAFE gen=5 map=13 map_age=0.184s map_age_limit=0.550s motion_speed=0.000mps samples=435 range=[0.122,2.288] collision_tt=-1.000 ttc=-1.000 p=[0.000,0.000,0.000]
[fsm_node-3] [38;2;000;128;000m -- [Fsm]: [MainFsmCallback] change state from [GENERATE_TRAJ] to [FOLLOW_TRAJ].
[fsm_node-3] [0m[33m -- [MINCO] TrajOpt failed, (unknown)[0m
[fsm_node-3] [33m -- [SUPER] Minco backup_traj opt failed.[0m
[fsm_node-3] [INFO] [1789028123.026006606] [fsm_node]:  -- [OPTIMIZER_PHASE_MEMORY] optimizer=backup event=begin call=24 rss_mib=3113.219 swap_mib=0.000 variables=18 pieces=2
[fsm_node-3] [INFO] [1789028123.042821196] [fsm_node]:  -- [OPTIMIZER_PHASE_MEMORY] optimizer=backup event=end call=24 duration_ms=16.809 iterations=2554 ret=1 rss_mib=3113.219 swap_mib=0.000 rss_delta_mib=0.000
[fsm_node-3] [WARN] [1789028123.042851612] [fsm_node]:  -- [SUPER] OptimizationBakTrajInPolytopes failed, force return
[fsm_node-3] [WARN] [1789028123.042860985] [fsm_node]:  -- [SUPER] in [ReplanOnce]: Replan overtime, check parameters, replan dt = 0.123409199.
[fsm_node-3] [32m -- [Fsm] Get goal at [0m24.525000000000002 20.025000000000002  1.525000000000000
[fsm_node-3] [32m -- [Fsm] Receive click goal at: [24.525000000000002 20.025000000000002  1.525000000000000]; goal yaw: 0.000000000000000 deg[0m
[fsm_node-3] [INFO] [1789028123.137562952] [fsm_node]:  -- [FULL_REFRESH_RECOVERY_GATE_ARM] min_request_seq=2
[fsm_node-3] [INFO] [1789028123.137678349] [fsm_node]:  -- [TRAJ_GUARD_RECOVERY_SIGNAL] active=true
[fsm_node-3] [ERROR] [1789028123.138068855] [fsm_node]:  -- [TRAJ_GUARD_BRAKE] trigger=main_pre_uncertified duration=0.929s speed0=5.637 initial_source=fresh_command cmd_age=0.010s cmd_pos_err=0.000 cmd_vel_err=inf motion_speed=inf motion_dt=infs motion_pose_speed=inf motion_twist_speed=5.637 motion_disagreement=inf motion_source=none motion_gen=5/0 motion_gen_continuous=false max_vel=6.724 vel_limit=7.000 max_acc=16.057 max_jerk=103.975 dynamics_ok=true path_status=SAFE map=13 map_age=0.503s raw_status=DISABLED raw_cloud=0 raw_age=0.000s ciri_shadow=DISABLED ciri_shadow_result=0 ciri_shadow_queued=0 ciri_shadow_age=infs stop=[28.591,7.301,2.545]
[fsm_node-3] [INFO] [1789028123.214076550] [fsm_node]:  -- [FULL_REFRESH_RECOVERY_TARGET] request_seq=2 stamp_ns=1789028123212952133 already_acked=false map=0
[fsm_node-3] [INFO] [1789028123.233774569] [fsm_node]:  -- [FULL_REFRESH_RECOVERY_ACK] request_seq=2 stamp_ns=1789028123212952133 map=14 committed=1
[fsm_node-3]  -- [TRAJ_GUARD_CERT] trigger=main_pre status=MAP_STALE gen=5 map=13 map_age=0.502s map_age_limit=0.500s motion_speed=5.637mps samples=0 range=[0.000,0.000] collision_tt=-1.000 ttc=-1.000 p=[0.000,0.000,0.000]
[fsm_node-3] [38;2;000;128;000m -- [Fsm]: [TrajectoryGuard] change state from [FOLLOW_TRAJ] to [EMER_STOP].
[fsm_node-3] [0m[38;2;000;128;000m -- [Fsm]: [TrajectoryGuardRecovery] change state from [EMER_STOP] to [GENERATE_TRAJ].
[fsm_node-3] [0m[32m -- [Fsm 4.180] Current state: GENERATE_TRAJ[0m
[fsm_node-3] [32m -- [Fsm] Get goal at [0m24.525 20.025  1.525
[fsm_node-3] [32m -- [Fsm] Receive click goal at: [24.525 20.025  1.525]; goal yaw: 0.000 deg[0m
[fsm_node-3] [WARN] [1789028124.337584131] [fsm_node]:  -- [TRAJ_GUARD_RECOVERY_EPISODE_RESET] reason=horizontal_progress progress=4.529m threshold=2.000m prior_local=0 prior_vertical=0 prior_base=0
[fsm_node-3] [INFO] [1789028124.371472770] [fsm_node]:  -- [OPTIMIZER_PHASE_MEMORY] optimizer=exp event=begin call=15 rss_mib=3115.273 swap_mib=0.000 variables=13 pieces=4
[fsm_node-3] [INFO] [1789028124.374444317] [fsm_node]:  -- [OPTIMIZER_PHASE_MEMORY] optimizer=exp event=end call=15 duration_ms=3.035 iterations=385 ret=1 rss_mib=3115.273 swap_mib=0.000 rss_delta_mib=0.000
[fsm_node-3] [INFO] [1789028124.374488333] [fsm_node]:  -- [SUPER] in [PlanFromRest] GenerateExpTrajectory SUCCESS.
[fsm_node-3] [INFO] [1789028124.457455169] [fsm_node]:  -- [OPTIMIZER_PHASE_MEMORY] optimizer=backup event=begin call=25 rss_mib=3115.770 swap_mib=0.000 variables=18 pieces=2
[fsm_node-3] [INFO] [1789028124.462134032] [fsm_node]:  -- [OPTIMIZER_PHASE_MEMORY] optimizer=backup event=end call=25 duration_ms=4.729 iterations=788 ret=1 rss_mib=3115.770 swap_mib=0.000 rss_delta_mib=0.000
[fsm_node-3] [INFO] [1789028124.462210284] [fsm_node]:  -- [OPTIMIZER_PHASE_MEMORY] optimizer=backup event=begin call=26 rss_mib=3115.770 swap_mib=0.000 variables=18 pieces=2
[fsm_node-3] [INFO] [1789028124.470314644] [fsm_node]:  -- [OPTIMIZER_PHASE_MEMORY] optimizer=backup event=end call=26 duration_ms=8.097 iterations=1248 ret=1 rss_mib=3115.770 swap_mib=0.000 rss_delta_mib=0.000
[fsm_node-3] [INFO] [1789028124.470637401] [fsm_node]:  -- [TRAJ_GUARD_COMMIT] phase=PlanFromRest/with_backup gen=6 map=21 samples=290 range=[0.133,1.569] escape=false footprint_egress=false escape_done_tt=-1.000
[fsm_node-3] [INFO] [1789028124.470801548] [fsm_node]:  -- [TRAJ_GUARD_RECOVERY_SIGNAL] active=false
[fsm_node-3] [INFO] [1789028124.470807513] [fsm_node]:  -- [TRAJ_GUARD_RECOVERED] trigger=main_pre_uncertified gen=6 map=20
[fsm_node-3] [INFO] [1789028124.604151885] [fsm_node]:  -- [OPTIMIZER_PHASE_MEMORY] optimizer=exp event=begin call=16 rss_mib=3115.770 swap_mib=0.000 variables=17 pieces=5
[fsm_node-3] [INFO] [1789028124.610947694] [fsm_node]:  -- [OPTIMIZER_PHASE_MEMORY] optimizer=exp event=end call=16 duration_ms=6.843 iterations=611 ret=1 rss_mib=3115.770 swap_mib=0.000 rss_delta_mib=0.000
[fsm_node-3] [INFO] [1789028124.701291044] [fsm_node]:  -- [OPTIMIZER_PHASE_MEMORY] optimizer=backup event=begin call=27 rss_mib=3116.750 swap_mib=0.000 variables=26 pieces=2
[fsm_node-3] [INFO] [1789028124.702010894] [fsm_node]:  -- [OPTIMIZER_PHASE_MEMORY] optimizer=backup event=end call=27 duration_ms=0.770 iterations=124 ret=1 rss_mib=3116.750 swap_mib=0.000 rss_delta_mib=0.000
[fsm_node-3] [INFO] [1789028124.702095577] [fsm_node]:  -- [OPTIMIZER_PHASE_MEMORY] optimizer=backup event=begin call=28 rss_mib=3116.750 swap_mib=0.000 variables=26 pieces=2
[fsm_node-3] [INFO] [1789028124.703975924] [fsm_node]:  -- [OPTIMIZER_PHASE_MEMORY] optimizer=backup event=end call=28 duration_ms=1.879 iterations=341 ret=1 rss_mib=3116.750 swap_mib=0.000 rss_delta_mib=0.000
[fsm_node-3] [WARN] [1789028124.704004242] [fsm_node]:  -- [SUPER] in [ReplanOnce]: Replan overtime, check parameters, replan dt = 0.134490397.
[fsm_node-3] [INFO] [1789028124.739621400] [fsm_node]:  -- [OPTIMIZER_PHASE_MEMORY] optimizer=exp event=begin call=17 rss_mib=3116.750 swap_mib=0.000 variables=13 pieces=4
[fsm_node-3] [INFO] [1789028124.743073107] [fsm_node]:  -- [OPTIMIZER_PHASE_MEMORY] optimizer=exp event=end call=17 duration_ms=3.522 iterations=399 ret=1 rss_mib=3116.750 swap_mib=0.000 rss_delta_mib=0.000
[fsm_node-3] [INFO] [1789028124.822991502] [fsm_node]:  -- [OPTIMIZER_PHASE_MEMORY] optimizer=backup event=begin call=29 rss_mib=3116.750 swap_mib=0.000 variables=18 pieces=2
[fsm_node-3] [INFO] [1789028124.824470720] [fsm_node]:  -- [OPTIMIZER_PHASE_MEMORY] optimizer=backup event=end call=29 duration_ms=1.520 iterations=344 ret=1 rss_mib=3116.750 swap_mib=0.000 rss_delta_mib=0.000
[fsm_node-3] [INFO] [1789028124.824528760] [fsm_node]:  -- [OPTIMIZER_PHASE_MEMORY] optimizer=backup event=begin call=30 rss_mib=3116.750 swap_mib=0.000 variables=18 pieces=2
[fsm_node-3] [INFO] [1789028124.829138676] [fsm_node]:  -- [OPTIMIZER_PHASE_MEMORY] optimizer=backup event=end call=30 duration_ms=4.607 iterations=832 ret=1 rss_mib=3116.750 swap_mib=0.000 rss_delta_mib=0.000
[fsm_node-3] [WARN] [1789028124.829166260] [fsm_node]:  -- [SUPER] in [ReplanOnce]: Replan overtime, check parameters, replan dt = 0.124861282.
[fsm_node-3] [INFO] [1789028124.859932858] [fsm_node]:  -- [OPTIMIZER_PHASE_MEMORY] optimizer=exp event=begin call=18 rss_mib=3116.750 swap_mib=0.000 variables=13 pieces=4
[fsm_node-3] [INFO] [1789028124.864186690] [fsm_node]:  -- [OPTIMIZER_PHASE_MEMORY] optimizer=exp event=end call=18 duration_ms=4.308 iterations=484 ret=1 rss_mib=3116.750 swap_mib=0.000 rss_delta_mib=0.000
[fsm_node-3] [INFO] [1789028124.948629900] [fsm_node]:  -- [OPTIMIZER_PHASE_MEMORY] optimizer=backup event=begin call=31 rss_mib=3116.750 swap_mib=0.000 variables=22 pieces=2
[fsm_node-3] [INFO] [1789028124.957866717] [fsm_node]:  -- [OPTIMIZER_PHASE_MEMORY] optimizer=backup event=end call=31 duration_ms=9.269 iterations=1410 ret=1 rss_mib=3116.750 swap_mib=0.000 rss_delta_mib=0.000
[fsm_node-3] [INFO] [1789028124.957972124] [fsm_node]:  -- [OPTIMIZER_PHASE_MEMORY] optimizer=backup event=begin call=32 rss_mib=3116.750 swap_mib=0.000 variables=22 pieces=2
[fsm_node-3] [INFO] [1789028124.961955409] [fsm_node]:  -- [OPTIMIZER_PHASE_MEMORY] optimizer=backup event=end call=32 duration_ms=3.977 iterations=663 ret=1 rss_mib=3116.750 swap_mib=0.000 rss_delta_mib=0.000
[fsm_node-3] [WARN] [1789028124.961997224] [fsm_node]:  -- [SUPER] in [ReplanOnce]: Replan overtime, check parameters, replan dt = 0.132559616.
[fsm_node-3] [INFO] [1789028125.047703480] [fsm_node]:  -- [FULL_REFRESH_RECOVERY_GATE_ARM] min_request_seq=3
[fsm_node-3] [INFO] [1789028125.047900179] [fsm_node]:  -- [TRAJ_GUARD_RECOVERY_SIGNAL] active=true
[fsm_node-3] [ERROR] [1789028125.048882929] [fsm_node]:  -- [TRAJ_GUARD_BRAKE_REJECTED] trigger=main_pre_uncertified searched=[0.400,3.000]s speed0=6.630 initial_source=fresh_command cmd_age=0.010s cmd_pos_err=0.000 cmd_vel_err=inf motion_speed=inf motion_dt=infs motion_pose_speed=inf motion_twist_speed=6.630 motion_disagreement=inf motion_source=none motion_gen=6/5 motion_gen_continuous=false last_dynamics_ok=false max_vel=9.932 vel_limit=7.000 max_acc=0.000 max_jerk=0.000 last_path_status=UNOBSERVED last_map=22 map_age=0.506s raw_status=DISABLED raw_cloud=0 raw_age=0.000s ciri_shadow=DISABLED ciri_shadow_result=0 ciri_shadow_queued=0 ciri_shadow_age=infs; no brake command published
[fsm_node-3] [ERROR] [1789028125.058155706] [fsm_node]:  -- [TRAJ_GUARD_BRAKE_REJECTED] trigger=emergency_stop_retry searched=[0.400,3.000]s speed0=0.000 initial_source=position_difference cmd_age=0.020s cmd_pos_err=0.000 cmd_vel_err=6.630 motion_speed=0.000 motion_dt=0.010s motion_pose_speed=0.000 motion_twist_speed=6.630 motion_disagreement=6.630 motion_source=position_difference motion_gen=6/6 motion_gen_continuous=true last_dynamics_ok=true max_vel=0.000 vel_limit=7.000 max_acc=0.000 max_jerk=0.000 last_path_status=SAFE last_map=22 map_age=0.515s raw_status=DISABLED raw_cloud=0 raw_age=infs ciri_shadow=DISABLED ciri_shadow_result=0 ciri_shadow_queued=0 ciri_shadow_age=infs; no brake command published
[fsm_node-3] [INFO] [1789028125.116409620] [fsm_node]:  -- [FULL_REFRESH_RECOVERY_TARGET] request_seq=3 stamp_ns=1789028125115101561 already_acked=false map=0
[fsm_node-3] [INFO] [1789028125.140408775] [fsm_node]:  -- [FULL_REFRESH_RECOVERY_ACK] request_seq=3 stamp_ns=1789028125115101561 map=23 committed=1
[fsm_node-3] [ERROR] [1789028125.168096910] [fsm_node]:  -- [TRAJ_GUARD_BRAKE_REJECTED] trigger=emergency_stop_retry searched=[0.400,3.000]s speed0=0.000 initial_source=position_difference cmd_age=0.130s cmd_pos_err=0.000 cmd_vel_err=6.630 motion_speed=0.000 motion_dt=0.110s motion_pose_speed=0.000 motion_twist_speed=6.630 motion_disagreement=6.630 motion_source=position_difference motion_gen=6/6 motion_gen_continuous=true last_dynamics_ok=true max_vel=0.000 vel_limit=7.000 max_acc=0.000 max_jerk=0.000 last_path_status=SAFE last_map=23 map_age=0.029s raw_status=DISABLED raw_cloud=0 raw_age=infs ciri_shadow=DISABLED ciri_shadow_result=0 ciri_shadow_queued=0 ciri_shadow_age=infs; no brake command published
[fsm_node-3] [ERROR] [1789028125.267886746] [fsm_node]:  -- [TRAJ_GUARD_BRAKE_REJECTED] trigger=emergency_stop_retry searched=[0.400,3.000]s speed0=0.000 initial_source=position_difference cmd_age=0.230s cmd_pos_err=0.000 cmd_vel_err=6.630 motion_speed=0.000 motion_dt=0.100s motion_pose_speed=0.000 motion_twist_speed=6.630 motion_disagreement=6.630 motion_source=position_difference motion_gen=6/6 motion_gen_continuous=true last_dynamics_ok=true max_vel=0.000 vel_limit=7.000 max_acc=0.000 max_jerk=0.000 last_path_status=SAFE last_map=24 map_age=0.019s raw_status=DISABLED raw_cloud=0 raw_age=infs ciri_shadow=DISABLED ciri_shadow_result=0 ciri_shadow_queued=0 ciri_shadow_age=infs; no brake command published
[fsm_node-3] [WARN] [1789028125.378080047] [fsm_node]:  -- [TRAJ_GUARD_STATIONARY_HOLD] trigger=emergency_stop_retry stable_for=0.320s displacement=0.000m action=publish_certified_hold
[fsm_node-3] [ERROR] [1789028125.378209175] [fsm_node]:  -- [TRAJ_GUARD_BRAKE] trigger=emergency_stop_retry duration=0.400s speed0=0.000 initial_source=position_difference cmd_age=0.340s cmd_pos_err=0.000 cmd_vel_err=6.630 motion_speed=0.000 motion_dt=0.111s motion_pose_speed=0.000 motion_twist_speed=6.630 motion_disagreement=6.630 motion_source=position_difference motion_gen=6/6 motion_gen_continuous=true max_vel=0.000 vel_limit=7.000 max_acc=0.000 max_jerk=0.000 dynamics_ok=true path_status=SAFE map=24 map_age=0.129s raw_status=DISABLED raw_cloud=0 raw_age=0.000s ciri_shadow=DISABLED ciri_shadow_result=0 ciri_shadow_queued=0 ciri_shadow_age=infs stop=[27.746,9.729,2.141]
[fsm_node-3]  -- [TRAJ_GUARD_CERT] trigger=poly_publish status=SAFE gen=6 map=21 map_age=0.129s map_age_limit=0.550s motion_speed=0.000mps samples=289 range=[0.133,1.569] collision_tt=-1.000 ttc=-1.000 p=[0.000,0.000,0.000]
[fsm_node-3] [38;2;000;128;000m -- [Fsm]: [MainFsmCallback] change state from [GENERATE_TRAJ] to [FOLLOW_TRAJ].
[fsm_node-3] [0m -- [TRAJ_GUARD_CERT] trigger=main_pre status=SAFE gen=6 map=22 map_age=0.005s map_age_limit=0.550s motion_speed=1.693mps samples=273 range=[0.210,1.569] collision_tt=-1.000 ttc=-1.000 p=[0.000,0.000,0.000]
[fsm_node-3]  -- [TRAJ_GUARD_CERT] trigger=main_pre status=MAP_STALE gen=6 map=22 map_age=0.505s map_age_limit=0.500s motion_speed=6.630mps samples=0 range=[0.000,0.000] collision_tt=-1.000 ttc=-1.000 p=[0.000,0.000,0.000]
[fsm_node-3] [38;2;000;128;000m -- [Fsm]: [TrajectoryGuardFailClosed] change state from [FOLLOW_TRAJ] to [EMER_STOP].
[fsm_node-3] [0m[38;2;000;128;000m -- [Fsm]: [TrajectoryGuard] change state from [EMER_STOP] to [EMER_STOP].
[fsm_node-3] [0m[38;2;000;128;000m -- [Fsm]: [TrajectoryGuardRecovery] change state from [EMER_STOP] to [GENERATE_TRAJ].
[fsm_node-3] [0m[32m -- [Fsm 5.230] Current state: GENERATE_TRAJ[0m
[fsm_node-3] [32m -- [Fsm] Get goal at [0m24.525 20.025  1.525
[fsm_node-3] [32m -- [Fsm] Receive click goal at: [24.525 20.025  1.525]; goal yaw: 0.000 deg[0m
[fsm_node-3] [WARN] [1789028125.387637881] [fsm_node]:  -- [TRAJ_GUARD_RECOVERY_EPISODE_RESET] reason=horizontal_progress progress=2.570m threshold=2.000m prior_local=0 prior_vertical=0 prior_base=0
[fsm_node-3] [INFO] [1789028125.434740448] [fsm_node]:  -- [OPTIMIZER_PHASE_MEMORY] optimizer=exp event=begin call=19 rss_mib=3117.160 swap_mib=0.000 variables=17 pieces=5
[fsm_node-3] [INFO] [1789028125.436179991] [fsm_node]:  -- [OPTIMIZER_PHASE_MEMORY] optimizer=exp event=end call=19 duration_ms=1.503 iterations=160 ret=1 rss_mib=3117.160 swap_mib=0.000 rss_delta_mib=0.000
[fsm_node-3] [INFO] [1789028125.436220450] [fsm_node]:  -- [SUPER] in [PlanFromRest] GenerateExpTrajectory SUCCESS.
[fsm_node-3] [INFO] [1789028125.506120573] [fsm_node]:  -- [OPTIMIZER_PHASE_MEMORY] optimizer=backup event=begin call=33 rss_mib=3117.398 swap_mib=0.000 variables=26 pieces=2
[fsm_node-3] [INFO] [1789028125.507697974] [fsm_node]:  -- [OPTIMIZER_PHASE_MEMORY] optimizer=backup event=end call=33 duration_ms=1.625 iterations=335 ret=1 rss_mib=3117.398 swap_mib=0.000 rss_delta_mib=0.000
[fsm_node-3] [INFO] [1789028125.507803176] [fsm_node]:  -- [OPTIMIZER_PHASE_MEMORY] optimizer=backup event=begin call=34 rss_mib=3117.398 swap_mib=0.000 variables=26 pieces=2
[fsm_node-3] [INFO] [1789028125.515151201] [fsm_node]:  -- [OPTIMIZER_PHASE_MEMORY] optimizer=backup event=end call=34 duration_ms=7.325 iterations=1042 ret=1 rss_mib=3117.398 swap_mib=0.000 rss_delta_mib=0.000
[fsm_node-3] [INFO] [1789028125.515535740] [fsm_node]:  -- [TRAJ_GUARD_COMMIT] phase=PlanFromRest/with_backup gen=7 map=25 samples=280 range=[0.127,1.516] escape=false footprint_egress=false escape_done_tt=-1.000
[fsm_node-3] [INFO] [1789028125.515717906] [fsm_node]:  -- [TRAJ_GUARD_RECOVERY_SIGNAL] active=false
[fsm_node-3] [INFO] [1789028125.515724431] [fsm_node]:  -- [TRAJ_GUARD_RECOVERED] trigger=emergency_stop_retry gen=7 map=24
[fsm_node-3] [INFO] [1789028125.647290933] [fsm_node]:  -- [OPTIMIZER_PHASE_MEMORY] optimizer=exp event=begin call=20 rss_mib=3117.461 swap_mib=0.000 variables=17 pieces=5
[fsm_node-3] [INFO] [1789028125.654039681] [fsm_node]:  -- [OPTIMIZER_PHASE_MEMORY] optimizer=exp event=end call=20 duration_ms=6.812 iterations=589 ret=1 rss_mib=3117.461 swap_mib=0.000 rss_delta_mib=0.000
[fsm_node-3] [INFO] [1789028125.729828633] [fsm_node]:  -- [OPTIMIZER_PHASE_MEMORY] optimizer=backup event=begin call=35 rss_mib=3117.461 swap_mib=0.000 variables=18 pieces=2
[fsm_node-3] [INFO] [1789028125.731835430] [fsm_node]:  -- [OPTIMIZER_PHASE_MEMORY] optimizer=backup event=end call=35 duration_ms=2.056 iterations=416 ret=1 rss_mib=3117.461 swap_mib=0.000 rss_delta_mib=0.000
[fsm_node-3] [INFO] [1789028125.731899735] [fsm_node]:  -- [OPTIMIZER_PHASE_MEMORY] optimizer=backup event=begin call=36 rss_mib=3117.461 swap_mib=0.000 variables=18 pieces=2
[fsm_node-3] [INFO] [1789028125.736623449] [fsm_node]:  -- [OPTIMIZER_PHASE_MEMORY] optimizer=backup event=end call=36 duration_ms=4.723 iterations=813 ret=1 rss_mib=3117.461 swap_mib=0.000 rss_delta_mib=0.000
[fsm_node-3] [WARN] [1789028125.736650236] [fsm_node]:  -- [SUPER] in [ReplanOnce]: Replan overtime, check parameters, replan dt = 0.111140248.
[fsm_node-3] [INFO] [1789028125.757125633] [fsm_node]:  -- [OPTIMIZER_PHASE_MEMORY] optimizer=exp event=begin call=21 rss_mib=3117.461 swap_mib=0.000 variables=17 pieces=5
[fsm_node-3] [INFO] [1789028125.765283338] [fsm_node]:  -- [OPTIMIZER_PHASE_MEMORY] optimizer=exp event=end call=21 duration_ms=8.173 iterations=632 ret=1 rss_mib=3117.461 swap_mib=0.000 rss_delta_mib=0.000
[fsm_node-3] [INFO] [1789028125.849149968] [fsm_node]:  -- [OPTIMIZER_PHASE_MEMORY] optimizer=backup event=begin call=37 rss_mib=3117.965 swap_mib=0.000 variables=26 pieces=2
[fsm_node-3] [INFO] [1789028125.850419734] [fsm_node]:  -- [OPTIMIZER_PHASE_MEMORY] optimizer=backup event=end call=37 duration_ms=1.317 iterations=245 ret=1 rss_mib=3117.965 swap_mib=0.000 rss_delta_mib=0.000
[fsm_node-3] [INFO] [1789028125.850498908] [fsm_node]:  -- [OPTIMIZER_PHASE_MEMORY] optimizer=backup event=begin call=38 rss_mib=3117.965 swap_mib=0.000 variables=26 pieces=2
[fsm_node-3] [INFO] [1789028125.853494935] [fsm_node]:  -- [OPTIMIZER_PHASE_MEMORY] optimizer=backup event=end call=38 duration_ms=2.995 iterations=547 ret=1 rss_mib=3117.965 swap_mib=0.000 rss_delta_mib=0.000
[fsm_node-3] [WARN] [1789028125.853520584] [fsm_node]:  -- [SUPER] in [ReplanOnce]: Replan overtime, check parameters, replan dt = 0.116681068.
[fsm_node-3] [INFO] [1789028125.874548251] [fsm_node]:  -- [OPTIMIZER_PHASE_MEMORY] optimizer=exp event=begin call=22 rss_mib=3117.965 swap_mib=0.000 variables=17 pieces=5
[fsm_node-3] [INFO] [1789028125.911522782] [fsm_node]:  -- [OPTIMIZER_PHASE_MEMORY] optimizer=exp event=end call=22 duration_ms=37.012 iterations=2879 ret=1 rss_mib=3117.965 swap_mib=0.000 rss_delta_mib=0.000
[fsm_node-3] [INFO] [1789028126.002286277] [fsm_node]:  -- [OPTIMIZER_PHASE_MEMORY] optimizer=backup event=begin call=39 rss_mib=3120.176 swap_mib=0.000 variables=30 pieces=2
[fsm_node-3] [INFO] [1789028126.009796192] [fsm_node]:  -- [OPTIMIZER_PHASE_MEMORY] optimizer=backup event=end call=39 duration_ms=7.556 iterations=1001 ret=1 rss_mib=3120.176 swap_mib=0.000 rss_delta_mib=0.000
[fsm_node-3] [INFO] [1789028126.009932325] [fsm_node]:  -- [OPTIMIZER_PHASE_MEMORY] optimizer=backup event=begin call=40 rss_mib=3120.176 swap_mib=0.000 variables=30 pieces=2
[fsm_node-3] [INFO] [1789028126.011189467] [fsm_node]:  -- [OPTIMIZER_PHASE_MEMORY] optimizer=backup event=end call=40 duration_ms=1.253 iterations=243 ret=1 rss_mib=3120.176 swap_mib=0.000 rss_delta_mib=0.000
[fsm_node-3] [WARN] [1789028126.011231520] [fsm_node]:  -- [SUPER] in [ReplanOnce]: Replan overtime, check parameters, replan dt = 0.157549022.
[fsm_node-3] [INFO] [1789028126.033036777] [fsm_node]:  -- [OPTIMIZER_PHASE_MEMORY] optimizer=exp event=begin call=23 rss_mib=3120.176 swap_mib=0.000 variables=13 pieces=4
[fsm_node-3] [INFO] [1789028126.041731887] [fsm_node]:  -- [OPTIMIZER_PHASE_MEMORY] optimizer=exp event=end call=23 duration_ms=8.755 iterations=865 ret=1 rss_mib=3120.176 swap_mib=0.000 rss_delta_mib=0.000
[fsm_node-3]  -- [TRAJ_GUARD_CERT] trigger=poly_publish status=SAFE gen=7 map=25 map_age=0.091s map_age_limit=0.550s motion_speed=0.000mps samples=279 range=[0.128,1.516] collision_tt=-1.000 ttc=-1.000 p=[0.000,0.000,0.000]
[fsm_node-3] [38;2;000;128;000m -- [Fsm]: [MainFsmCallback] change state from [GENERATE_TRAJ] to [FOLLOW_TRAJ].
[fsm_node-3] [0m -- [TRAJ_GUARD_CERT] trigger=main_pre status=SAFE gen=7 map=26 map_age=0.005s map_age_limit=0.550s motion_speed=0.858mps samples=275 range=[0.150,1.516] collision_tt=-1.000 ttc=-1.000 p=[0.000,0.000,0.000]
[fsm_node-3]  -- [TRAJ_GUARD_CERT] trigger=main_pre status=SAFE gen=7 map=27 map_age=0.004s map_age_limit=0.539s motion_speed=2.729mps samples=253 range=[0.260,1.516] collision_tt=-1.000 ttc=-1.000 p=[0.000,0.000,0.000]
[fsm_node-3]  -- [TRAJ_GUARD_CERT] trigger=main_pre status=SAFE gen=7 map=28 map_age=0.006s map_age_limit=0.500s motion_speed=5.882mps samples=213 range=[0.460,1.516] collision_tt=-1.000 ttc=-1.000 p=[0.000,0.000,0.000]
[fsm_node-3]  -- [TRAJ_GUARD_CERT] trigger=main_pre status=SAFE gen=7 map=29 map_age=0.002s map_age_limit=0.500s motion_speed=6.725mps samples=195 range=[0.550,1.516] collision_tt=-1.000 ttc=-1.000 p=[0.000,0.000,0.000]
[fsm_node-3] [32m -- [Fsm] Get goal at [0m24.525000000000002 20.025000000000002  1.525000000000000
[fsm_node-3] [32m -- [Fsm] Receive click goal at: [24.525000000000002 20.025000000000002  1.525000000000000]; goal yaw: 0.000000000000000 deg[0m
[fsm_node-3] [INFO] [1789028126.118724508] [fsm_node]:  -- [OPTIMIZER_PHASE_MEMORY] optimizer=backup event=begin call=41 rss_mib=3120.176 swap_mib=0.000 variables=40 pieces=2
[fsm_node-3] [INFO] [1789028126.122000669] [fsm_node]:  -- [OPTIMIZER_PHASE_MEMORY] optimizer=backup event=end call=41 duration_ms=3.295 iterations=165 ret=1 rss_mib=3120.176 swap_mib=0.000 rss_delta_mib=0.000
[fsm_node-3] [INFO] [1789028126.122262128] [fsm_node]:  -- [OPTIMIZER_PHASE_MEMORY] optimizer=backup event=begin call=42 rss_mib=3120.188 swap_mib=0.000 variables=40 pieces=2
[fsm_node-3] [INFO] [1789028126.128296395] [fsm_node]:  -- [OPTIMIZER_PHASE_MEMORY] optimizer=backup event=end call=42 duration_ms=6.001 iterations=312 ret=1 rss_mib=3120.582 swap_mib=0.000 rss_delta_mib=0.395
[fsm_node-3] [WARN] [1789028126.128394389] [fsm_node]:  -- [SUPER] in [ReplanOnce]: Replan overtime, check parameters, replan dt = 0.116949264.
[fsm_node-3] [INFO] [1789028126.163851801] [fsm_node]:  -- [OPTIMIZER_PHASE_MEMORY] optimizer=exp event=begin call=24 rss_mib=3120.582 swap_mib=0.000 variables=13 pieces=4
[fsm_node-3] [INFO] [1789028126.166482714] [fsm_node]:  -- [OPTIMIZER_PHASE_MEMORY] optimizer=exp event=end call=24 duration_ms=2.713 iterations=238 ret=1 rss_mib=3120.582 swap_mib=0.000 rss_delta_mib=0.000
[fsm_node-3] [INFO] [1789028126.213601443] [fsm_node]:  -- [OPTIMIZER_PHASE_MEMORY] optimizer=backup event=begin call=43 rss_mib=3120.582 swap_mib=0.000 variables=40 pieces=2
[fsm_node-3] [INFO] [1789028126.214818478] [fsm_node]:  -- [OPTIMIZER_PHASE_MEMORY] optimizer=backup event=end call=43 duration_ms=1.278 iterations=184 ret=1 rss_mib=3120.582 swap_mib=0.000 rss_delta_mib=0.000
[fsm_node-3] [INFO] [1789028126.214918856] [fsm_node]:  -- [OPTIMIZER_PHASE_MEMORY] optimizer=backup event=begin call=44 rss_mib=3120.582 swap_mib=0.000 variables=40 pieces=2
[fsm_node-3] [INFO] [1789028126.215610406] [fsm_node]:  -- [OPTIMIZER_PHASE_MEMORY] optimizer=backup event=end call=44 duration_ms=0.693 iterations=115 ret=1 rss_mib=3120.582 swap_mib=0.000 rss_delta_mib=0.000
[fsm_node-3] [INFO] [1789028126.215836620] [fsm_node]:  -- [TRAJ_GUARD_COMMIT] phase=ReplanOnce/with_backup gen=8 map=30 samples=172 range=[0.087,0.933] escape=false footprint_egress=false escape_done_tt=-1.000
[fsm_node-3]  -- [TRAJ_GUARD_CERT] trigger=main_pre status=SAFE gen=7 map=30 map_age=0.002s map_age_limit=0.500s motion_speed=6.780mps samples=153 range=[0.760,1.516] collision_tt=-1.000 ttc=-1.000 p=[0.000,0.000,0.000]
[fsm_node-3] [32m -- [Fsm] ReplanOnce succeed.[0m
[fsm_node-3] [INFO] [1789028126.239465483] [fsm_node]:  -- [OPTIMIZER_PHASE_MEMORY] optimizer=exp event=begin call=25 rss_mib=3120.582 swap_mib=0.000 variables=17 pieces=5
[fsm_node-3] [INFO] [1789028126.246133233] [fsm_node]:  -- [OPTIMIZER_PHASE_MEMORY] optimizer=exp event=end call=25 duration_ms=6.728 iterations=579 ret=1 rss_mib=3120.582 swap_mib=0.000 rss_delta_mib=0.000
[fsm_node-3] [INFO] [1789028126.294018421] [fsm_node]:  -- [OPTIMIZER_PHASE_MEMORY] optimizer=backup event=begin call=45 rss_mib=3120.582 swap_mib=0.000 variables=48 pieces=2
[fsm_node-3] [INFO] [1789028126.296085333] [fsm_node]:  -- [OPTIMIZER_PHASE_MEMORY] optimizer=backup event=end call=45 duration_ms=2.092 iterations=310 ret=1 rss_mib=3120.582 swap_mib=0.000 rss_delta_mib=0.000
[fsm_node-3] [INFO] [1789028126.296185565] [fsm_node]:  -- [OPTIMIZER_PHASE_MEMORY] optimizer=backup event=begin call=46 rss_mib=3120.582 swap_mib=0.000 variables=48 pieces=2
[fsm_node-3] [INFO] [1789028126.298170893] [fsm_node]:  -- [OPTIMIZER_PHASE_MEMORY] optimizer=backup event=end call=46 duration_ms=1.985 iterations=311 ret=1 rss_mib=3120.582 swap_mib=0.000 rss_delta_mib=0.000
[fsm_node-3] [INFO] [1789028126.298386599] [fsm_node]:  -- [TRAJ_GUARD_COMMIT] phase=ReplanOnce/with_backup gen=9 map=30 samples=175 range=[0.082,0.945] escape=false footprint_egress=false escape_done_tt=-1.000
[fsm_node-3]  -- [TRAJ_GUARD_CERT] trigger=poly_publish status=SAFE gen=8 map=30 map_age=0.071s map_age_limit=0.500s motion_speed=6.726mps samples=171 range=[0.087,0.933] collision_tt=-1.000 ttc=-1.000 p=[0.000,0.000,0.000]
[fsm_node-3] [32m -- [Fsm] ReplanOnce succeed.[0m
[fsm_node-3] [INFO] [1789028126.321819847] [fsm_node]:  -- [OPTIMIZER_PHASE_MEMORY] optimizer=exp event=begin call=26 rss_mib=3120.582 swap_mib=0.000 variables=13 pieces=4
[fsm_node-3] [INFO] [1789028126.326762167] [fsm_node]:  -- [OPTIMIZER_PHASE_MEMORY] optimizer=exp event=end call=26 duration_ms=5.006 iterations=515 ret=1 rss_mib=3120.582 swap_mib=0.000 rss_delta_mib=0.000
[fsm_node-3] [INFO] [1789028126.377645064] [fsm_node]:  -- [OPTIMIZER_PHASE_MEMORY] optimizer=backup event=begin call=47 rss_mib=3120.586 swap_mib=0.000 variables=34 pieces=2
[fsm_node-3] [INFO] [1789028126.378465258] [fsm_node]:  -- [OPTIMIZER_PHASE_MEMORY] optimizer=backup event=end call=47 duration_ms=0.857 iterations=148 ret=1 rss_mib=3120.586 swap_mib=0.000 rss_delta_mib=0.000
[fsm_node-3] [INFO] [1789028126.378562262] [fsm_node]:  -- [OPTIMIZER_PHASE_MEMORY] optimizer=backup event=begin call=48 rss_mib=3120.586 swap_mib=0.000 variables=34 pieces=2
[fsm_node-3] [INFO] [1789028126.378844889] [fsm_node]:  -- [OPTIMIZER_PHASE_MEMORY] optimizer=backup event=end call=48 duration_ms=0.282 iterations=53 ret=1 rss_mib=3120.586 swap_mib=0.000 rss_delta_mib=0.000
[fsm_node-3] [INFO] [1789028126.379081165] [fsm_node]:  -- [TRAJ_GUARD_COMMIT] phase=ReplanOnce/with_backup gen=10 map=31 samples=188 range=[0.080,1.006] escape=false footprint_egress=false escape_done_tt=-1.000
[fsm_node-3]  -- [TRAJ_GUARD_CERT] trigger=poly_publish status=SAFE gen=9 map=30 map_age=0.153s map_age_limit=0.500s motion_speed=6.891mps samples=174 range=[0.082,0.945] collision_tt=-1.000 ttc=-1.000 p=[0.000,0.000,0.000]
[fsm_node-3]  -- [TRAJ_GUARD_CERT] trigger=main_pre status=SAFE gen=9 map=31 map_age=0.004s map_age_limit=0.500s motion_speed=6.963mps samples=162 range=[0.141,0.945] collision_tt=-1.000 ttc=-1.000 p=[0.000,0.000,0.000]
[fsm_node-3] [32m -- [Fsm] ReplanOnce succeed.[0m
[fsm_node-3]  -- [TRAJ_GUARD_CERT] trigger=poly_publish status=SAFE gen=10 map=31 map_age=0.025s map_age_limit=0.500s motion_speed=6.981mps samples=187 range=[0.080,1.006] collision_tt=-1.000 ttc=-1.000 p=[0.000,0.000,0.000]
[fsm_node-3] [32m -- [Fsm 6.230] Current state: FOLLOW_TRAJ[0m
[fsm_node-3] [INFO] [1789028126.396365487] [fsm_node]:  -- [OPTIMIZER_PHASE_MEMORY] optimizer=exp event=begin call=27 rss_mib=3120.586 swap_mib=0.000 variables=13 pieces=4
[fsm_node-3] [INFO] [1789028126.398895699] [fsm_node]:  -- [OPTIMIZER_PHASE_MEMORY] optimizer=exp event=end call=27 duration_ms=2.574 iterations=305 ret=1 rss_mib=3120.586 swap_mib=0.000 rss_delta_mib=0.000
[fsm_node-3] [INFO] [1789028126.447082022] [fsm_node]:  -- [OPTIMIZER_PHASE_MEMORY] optimizer=backup event=begin call=49 rss_mib=3120.586 swap_mib=0.000 variables=40 pieces=2
[fsm_node-3] [INFO] [1789028126.447846708] [fsm_node]:  -- [OPTIMIZER_PHASE_MEMORY] optimizer=backup event=end call=49 duration_ms=0.802 iterations=125 ret=1 rss_mib=3120.586 swap_mib=0.000 rss_delta_mib=0.000
[fsm_node-3] [INFO] [1789028126.447948870] [fsm_node]:  -- [OPTIMIZER_PHASE_MEMORY] optimizer=backup event=begin call=50 rss_mib=3120.586 swap_mib=0.000 variables=40 pieces=2
[fsm_node-3] [INFO] [1789028126.448460975] [fsm_node]:  -- [OPTIMIZER_PHASE_MEMORY] optimizer=backup event=end call=50 duration_ms=0.513 iterations=89 ret=1 rss_mib=3120.586 swap_mib=0.000 rss_delta_mib=0.000
[fsm_node-3] [INFO] [1789028126.448698367] [fsm_node]:  -- [TRAJ_GUARD_COMMIT] phase=ReplanOnce/with_backup gen=11 map=31 samples=201 range=[0.069,1.063] escape=false footprint_egress=false escape_done_tt=-1.000
[fsm_node-3] [32m -- [Fsm] ReplanOnce succeed.[0m
[fsm_node-3] [INFO] [1789028126.467193298] [fsm_node]:  -- [OPTIMIZER_PHASE_MEMORY] optimizer=exp event=begin call=28 rss_mib=3120.586 swap_mib=0.000 variables=13 pieces=4
[fsm_node-3] [INFO] [1789028126.470349847] [fsm_node]:  -- [OPTIMIZER_PHASE_MEMORY] optimizer=exp event=end call=28 duration_ms=3.197 iterations=385 ret=1 rss_mib=3120.586 swap_mib=0.000 rss_delta_mib=0.000
[fsm_node-3] [INFO] [1789028126.529068171] [fsm_node]:  -- [OPTIMIZER_PHASE_MEMORY] optimizer=backup event=begin call=51 rss_mib=3120.590 swap_mib=0.000 variables=52 pieces=2
[fsm_node-3] [INFO] [1789028126.533231502] [fsm_node]:  -- [OPTIMIZER_PHASE_MEMORY] optimizer=backup event=end call=51 duration_ms=4.202 iterations=230 ret=1 rss_mib=3120.590 swap_mib=0.000 rss_delta_mib=0.000
[fsm_node-3] [INFO] [1789028126.533435752] [fsm_node]:  -- [OPTIMIZER_PHASE_MEMORY] optimizer=backup event=begin call=52 rss_mib=3120.590 swap_mib=0.000 variables=52 pieces=2
[fsm_node-3] [INFO] [1789028126.537170718] [fsm_node]:  -- [OPTIMIZER_PHASE_MEMORY] optimizer=backup event=end call=52 duration_ms=3.727 iterations=202 ret=1 rss_mib=3120.590 swap_mib=0.000 rss_delta_mib=0.000
[fsm_node-3] [INFO] [1789028126.537477821] [fsm_node]:  -- [TRAJ_GUARD_COMMIT] phase=ReplanOnce/with_backup gen=12 map=31 samples=205 range=[0.088,1.101] escape=false footprint_egress=false escape_done_tt=-1.000
[fsm_node-3]  -- [TRAJ_GUARD_CERT] trigger=poly_publish status=SAFE gen=11 map=31 map_age=0.095s map_age_limit=0.500s motion_speed=6.955mps samples=200 range=[0.069,1.063] collision_tt=-1.000 ttc=-1.000 p=[0.000,0.000,0.000]
[fsm_node-3] [32m -- [Fsm] ReplanOnce succeed.[0m
[fsm_node-3] [INFO] [1789028126.558480550] [fsm_node]:  -- [OPTIMIZER_PHASE_MEMORY] optimizer=exp event=begin call=29 rss_mib=3120.590 swap_mib=0.000 variables=13 pieces=4
[fsm_node-3] [INFO] [1789028126.562126154] [fsm_node]:  -- [OPTIMIZER_PHASE_MEMORY] optimizer=exp event=end call=29 duration_ms=3.706 iterations=396 ret=1 rss_mib=3120.590 swap_mib=0.000 rss_delta_mib=0.000
[fsm_node-3] [INFO] [1789028126.634394081] [fsm_node]:  -- [OPTIMIZER_PHASE_MEMORY] optimizer=backup event=begin call=53 rss_mib=3120.590 swap_mib=0.000 variables=34 pieces=2
[fsm_node-3] [INFO] [1789028126.637533849] [fsm_node]:  -- [OPTIMIZER_PHASE_MEMORY] optimizer=backup event=end call=53 duration_ms=3.184 iterations=457 ret=1 rss_mib=3120.590 swap_mib=0.000 rss_delta_mib=0.000
[fsm_node-3] [INFO] [1789028126.637624712] [fsm_node]:  -- [OPTIMIZER_PHASE_MEMORY] optimizer=backup event=begin call=54 rss_mib=3120.590 swap_mib=0.000 variables=34 pieces=2
[fsm_node-3] [INFO] [1789028126.670272977] [fsm_node]:  -- [OPTIMIZER_PHASE_MEMORY] optimizer=backup event=end call=54 duration_ms=32.637 iterations=3189 ret=-1008 rss_mib=3120.590 swap_mib=0.000 rss_delta_mib=0.000
[fsm_node-3] [WARN] [1789028126.670308576] [fsm_node]:  -- [SUPER] in [ReplanOnce]: Replan overtime, check parameters, replan dt = 0.13242778.
[fsm_node-3]  -- [TRAJ_GUARD_CERT] trigger=poly_publish status=SAFE gen=12 map=31 map_age=0.184s map_age_limit=0.500s motion_speed=6.880mps samples=204 range=[0.089,1.101] collision_tt=-1.000 ttc=-1.000 p=[0.000,0.000,0.000]
[fsm_node-3]  -- [TRAJ_GUARD_CERT] trigger=main_pre status=SAFE gen=12 map=32 map_age=0.006s map_age_limit=0.500s motion_speed=6.880mps samples=202 range=[0.099,1.101] collision_tt=-1.000 ttc=-1.000 p=[0.000,0.000,0.000]
[fsm_node-3] [33m -- [MINCO] TrajOpt failed, The algorithm routine reaches the maximum number of iterations.[0m
[fsm_node-3] [33m -- [SUPER] Minco backup_traj opt failed.[0m
[fsm_node-3] [INFO] [1789028126.687839090] [fsm_node]:  -- [OPTIMIZER_PHASE_MEMORY] optimizer=exp event=begin call=30 rss_mib=3120.590 swap_mib=0.000 variables=9 pieces=3
[fsm_node-3] [INFO] [1789028126.690917002] [fsm_node]:  -- [OPTIMIZER_PHASE_MEMORY] optimizer=exp event=end call=30 duration_ms=3.126 iterations=444 ret=1 rss_mib=3120.590 swap_mib=0.000 rss_delta_mib=0.000
[fsm_node-3] [INFO] [1789028126.756749907] [fsm_node]:  -- [TRAJ_GUARD_COMMIT] phase=ReplanOnce/no_backup gen=13 map=32 samples=200 range=[0.086,1.075] escape=false footprint_egress=false escape_done_tt=-1.000
[fsm_node-3] [32m -- [Fsm] ReplanOnce succeed.[0m
[fsm_node-3] [INFO] [1789028126.772963390] [fsm_node]:  -- [OPTIMIZER_PHASE_MEMORY] optimizer=exp event=begin call=31 rss_mib=3120.590 swap_mib=0.000 variables=5 pieces=2
[fsm_node-3] [INFO] [1789028126.781940070] [fsm_node]:  -- [OPTIMIZER_PHASE_MEMORY] optimizer=exp event=end call=31 duration_ms=9.026 iterations=1289 ret=1 rss_mib=3120.590 swap_mib=0.000 rss_delta_mib=0.000
[fsm_node-3] [INFO] [1789028126.835925603] [fsm_node]:  -- [TRAJ_GUARD_COMMIT] phase=ReplanOnce/no_backup gen=14 map=32 samples=187 range=[0.079,1.003] escape=false footprint_egress=false escape_done_tt=-1.000
[fsm_node-3]  -- [TRAJ_GUARD_CERT] trigger=poly_publish status=SAFE gen=13 map=32 map_age=0.215s map_age_limit=0.500s motion_speed=6.909mps samples=199 range=[0.086,1.075] collision_tt=-1.000 ttc=-1.000 p=[0.000,0.000,0.000]
[fsm_node-3] [32m -- [Fsm] ReplanOnce succeed.[0m
[fsm_node-3] [INFO] [1789028126.847663719] [fsm_node]:  -- [OPTIMIZER_PHASE_MEMORY] optimizer=exp event=begin call=32 rss_mib=3120.590 swap_mib=0.000 variables=5 pieces=2
[fsm_node-3] [INFO] [1789028126.848219617] [fsm_node]:  -- [OPTIMIZER_PHASE_MEMORY] optimizer=exp event=end call=32 duration_ms=0.621 iterations=123 ret=1 rss_mib=3120.590 swap_mib=0.000 rss_delta_mib=0.000
[fsm_node-3] [INFO] [1789028126.888515122] [fsm_node]:  -- [TRAJ_GUARD_COMMIT] phase=ReplanOnce/no_backup gen=15 map=32 samples=175 range=[0.052,0.917] escape=false footprint_egress=false escape_done_tt=-1.000
[fsm_node-3]  -- [TRAJ_GUARD_CERT] trigger=poly_publish status=SAFE gen=14 map=32 map_age=0.295s map_age_limit=0.500s motion_speed=6.940mps samples=186 range=[0.079,1.003] collision_tt=-1.000 ttc=-1.000 p=[0.000,0.000,0.000]
[fsm_node-3] [32m -- [Fsm] ReplanOnce succeed.[0m
[fsm_node-3] [INFO] [1789028126.901166941] [fsm_node]:  -- [OPTIMIZER_PHASE_MEMORY] optimizer=exp event=begin call=33 rss_mib=3120.590 swap_mib=0.000 variables=5 pieces=2
[fsm_node-3] [INFO] [1789028126.901813481] [fsm_node]:  -- [OPTIMIZER_PHASE_MEMORY] optimizer=exp event=end call=33 duration_ms=0.698 iterations=143 ret=1 rss_mib=3120.590 swap_mib=0.000 rss_delta_mib=0.000
[fsm_node-3] [INFO] [1789028126.935803997] [fsm_node]:  -- [TRAJ_GUARD_COMMIT] phase=ReplanOnce/no_backup gen=16 map=32 samples=166 range=[0.047,0.862] escape=false footprint_egress=false escape_done_tt=-1.000
[fsm_node-3]  -- [TRAJ_GUARD_CERT] trigger=poly_publish status=SAFE gen=15 map=32 map_age=0.347s map_age_limit=0.500s motion_speed=6.779mps samples=174 range=[0.052,0.917] collision_tt=-1.000 ttc=-1.000 p=[0.000,0.000,0.000]
[fsm_node-3] [32m -- [Fsm] ReplanOnce succeed.[0m
[fsm_node-3] [INFO] [1789028127.047594884] [fsm_node]:  -- [FULL_REFRESH_RECOVERY_GATE_ARM] min_request_seq=4
[fsm_node-3] [INFO] [1789028127.047784705] [fsm_node]:  -- [TRAJ_GUARD_RECOVERY_SIGNAL] active=true
[fsm_node-3] [ERROR] [1789028127.049184037] [fsm_node]:  -- [TRAJ_GUARD_BRAKE_REJECTED] trigger=main_pre_uncertified searched=[0.400,3.000]s speed0=6.120 initial_source=fresh_command cmd_age=0.010s cmd_pos_err=0.000 cmd_vel_err=inf motion_speed=inf motion_dt=infs motion_pose_speed=inf motion_twist_speed=6.120 motion_disagreement=inf motion_source=none motion_gen=16/6 motion_gen_continuous=false last_dynamics_ok=false max_vel=8.762 vel_limit=7.000 max_acc=0.000 max_jerk=0.000 last_path_status=UNOBSERVED last_map=32 map_age=0.508s raw_status=DISABLED raw_cloud=0 raw_age=0.000s ciri_shadow=DISABLED ciri_shadow_result=0 ciri_shadow_queued=0 ciri_shadow_age=infs; no brake command published
[fsm_node-3] [ERROR] [1789028127.057797681] [fsm_node]:  -- [TRAJ_GUARD_BRAKE_REJECTED] trigger=emergency_stop_retry searched=[0.400,3.000]s speed0=0.000 initial_source=position_difference cmd_age=0.020s cmd_pos_err=0.000 cmd_vel_err=6.120 motion_speed=0.000 motion_dt=0.010s motion_pose_speed=0.000 motion_twist_speed=6.120 motion_disagreement=6.120 motion_source=position_difference motion_gen=16/16 motion_gen_continuous=true last_dynamics_ok=true max_vel=0.000 vel_limit=7.000 max_acc=0.000 max_jerk=0.000 last_path_status=UNOBSERVED last_map=32 map_age=0.516s raw_status=DISABLED raw_cloud=0 raw_age=infs ciri_shadow=DISABLED ciri_shadow_result=0 ciri_shadow_queued=0 ciri_shadow_age=infs; no brake command published
[fsm_node-3] [INFO] [1789028127.115209461] [fsm_node]:  -- [FULL_REFRESH_RECOVERY_TARGET] request_seq=4 stamp_ns=1789028127114069302 already_acked=false map=0
[perfect_drone_frontend_node-2] [INFO] [1789028127.133643041] [native_sector_cpp]: frames=73 published=43 kept 42.5% (16289/38310 pts/input-frame)
[fsm_node-3] [INFO] [1789028127.150973937] [fsm_node]:  -- [FULL_REFRESH_RECOVERY_ACK] request_seq=4 stamp_ns=1789028127114069302 map=33 committed=1
[fsm_node-3] [ERROR] [1789028127.167608757] [fsm_node]:  -- [TRAJ_GUARD_BRAKE_REJECTED] trigger=emergency_stop_retry searched=[0.400,3.000]s speed0=0.000 initial_source=position_difference cmd_age=0.130s cmd_pos_err=0.000 cmd_vel_err=6.120 motion_speed=0.000 motion_dt=0.110s motion_pose_speed=0.000 motion_twist_speed=6.120 motion_disagreement=6.120 motion_source=position_difference motion_gen=16/16 motion_gen_continuous=true last_dynamics_ok=true max_vel=0.000 vel_limit=7.000 max_acc=0.000 max_jerk=0.000 last_path_status=UNOBSERVED last_map=33 map_age=0.020s raw_status=DISABLED raw_cloud=0 raw_age=infs ciri_shadow=DISABLED ciri_shadow_result=0 ciri_shadow_queued=0 ciri_shadow_age=infs; no brake command published
[fsm_node-3] [ERROR] [1789028127.277694823] [fsm_node]:  -- [TRAJ_GUARD_BRAKE_REJECTED] trigger=emergency_stop_retry searched=[0.400,3.000]s speed0=0.000 initial_source=position_difference cmd_age=0.240s cmd_pos_err=0.000 cmd_vel_err=6.120 motion_speed=0.000 motion_dt=0.110s motion_pose_speed=0.000 motion_twist_speed=6.120 motion_disagreement=6.120 motion_source=position_difference motion_gen=16/16 motion_gen_continuous=true last_dynamics_ok=true max_vel=0.000 vel_limit=7.000 max_acc=0.000 max_jerk=0.000 last_path_status=UNOBSERVED last_map=34 map_age=0.042s raw_status=DISABLED raw_cloud=0 raw_age=infs ciri_shadow=DISABLED ciri_shadow_result=0 ciri_shadow_queued=0 ciri_shadow_age=infs; no brake command published
[fsm_node-3] [WARN] [1789028127.377816669] [fsm_node]:  -- [TRAJ_GUARD_STATIONARY_HOLD] trigger=emergency_stop_retry stable_for=0.320s displacement=0.000m action=publish_certified_hold
[fsm_node-3] [ERROR] [1789028127.377952589] [fsm_node]:  -- [TRAJ_GUARD_BRAKE] trigger=emergency_stop_retry duration=0.400s speed0=0.000 initial_source=position_difference cmd_age=0.340s cmd_pos_err=0.000 cmd_vel_err=6.120 motion_speed=0.000 motion_dt=0.100s motion_pose_speed=0.000 motion_twist_speed=6.120 motion_disagreement=6.120 motion_source=position_difference motion_gen=16/16 motion_gen_continuous=true max_vel=0.000 vel_limit=7.000 max_acc=0.000 max_jerk=0.000 dynamics_ok=true path_status=SAFE map=34 map_age=0.142s raw_status=DISABLED raw_cloud=0 raw_age=0.000s ciri_shadow=DISABLED ciri_shadow_result=0 ciri_shadow_queued=0 ciri_shadow_age=infs stop=[26.519,18.389,0.814]
[fsm_node-3]  -- [TRAJ_GUARD_CERT] trigger=poly_publish status=SAFE gen=16 map=32 map_age=0.394s map_age_limit=0.500s motion_speed=6.593mps samples=165 range=[0.047,0.862] collision_tt=-1.000 ttc=-1.000 p=[0.000,0.000,0.000]
[fsm_node-3]  -- [TRAJ_GUARD_CERT] trigger=main_pre status=MAP_STALE gen=16 map=32 map_age=0.506s map_age_limit=0.500s motion_speed=6.120mps samples=0 range=[0.000,0.000] collision_tt=-1.000 ttc=-1.000 p=[0.000,0.000,0.000]
[fsm_node-3] [38;2;000;128;000m -- [Fsm]: [TrajectoryGuardFailClosed] change state from [FOLLOW_TRAJ] to [EMER_STOP].
[fsm_node-3] [0m[38;2;000;128;000m -- [Fsm]: [TrajectoryGuard] change state from [EMER_STOP] to [EMER_STOP].
[fsm_node-3] [0m[38;2;000;128;000m -- [Fsm]: [TrajectoryGuardRecovery] change state from [EMER_STOP] to [GENERATE_TRAJ].
[fsm_node-3] [0m[32m -- [Fsm] Get goal at [0m24.525000000000002 20.025000000000002  1.525000000000000
[fsm_node-3] [32m -- [Fsm] Receive click goal at: [24.525000000000002 20.025000000000002  1.525000000000000]; goal yaw: 0.000000000000000 deg[0m
[fsm_node-3] [WARN] [1789028127.387673753] [fsm_node]:  -- [TRAJ_GUARD_RECOVERY_EPISODE_RESET] reason=horizontal_progress progress=8.747m threshold=2.000m prior_local=0 prior_vertical=0 prior_base=0
[fsm_node-3] [INFO] [1789028127.402729253] [fsm_node]:  -- [OPTIMIZER_PHASE_MEMORY] optimizer=exp event=begin call=34 rss_mib=3120.590 swap_mib=0.000 variables=5 pieces=2
[fsm_node-3] [INFO] [1789028127.404375302] [fsm_node]:  -- [OPTIMIZER_PHASE_MEMORY] optimizer=exp event=end call=34 duration_ms=1.703 iterations=380 ret=1 rss_mib=3120.590 swap_mib=0.000 rss_delta_mib=0.000
[fsm_node-3] [INFO] [1789028127.404408824] [fsm_node]:  -- [SUPER] in [PlanFromRest] GenerateExpTrajectory SUCCESS.
[fsm_node-3] [INFO] [1789028127.423410851] [fsm_node]:  -- [TRAJ_GUARD_COMMIT] phase=PlanFromRest/no_backup gen=17 map=35 samples=196 range=[0.035,1.004] escape=false footprint_egress=false escape_done_tt=-1.000
[fsm_node-3] [INFO] [1789028127.423564975] [fsm_node]:  -- [TRAJ_GUARD_RECOVERY_SIGNAL] active=false
[fsm_node-3] [INFO] [1789028127.423570912] [fsm_node]:  -- [TRAJ_GUARD_RECOVERED] trigger=emergency_stop_retry gen=17 map=34
[fsm_node-3]  -- [TRAJ_GUARD_CERT] trigger=poly_publish status=SAFE gen=17 map=35 map_age=0.008s map_age_limit=0.550s motion_speed=0.000mps samples=195 range=[0.036,1.004] collision_tt=-1.000 ttc=-1.000 p=[0.000,0.000,0.000]
[fsm_node-3] [38;2;000;128;000m -- [Fsm]: [MainFsmCallback] change state from [GENERATE_TRAJ] to [FOLLOW_TRAJ].
[fsm_node-3] [0m[32m -- [Fsm 7.266] Current state: FOLLOW_TRAJ[0m
[perfect_drone_frontend_node-2] [INFO] [1789028127.514466969] [perfect_tracking]: [SENSOR_CADENCE_SUMMARY] frames=100 span_s=9.900377 hz=9.999619 raw_published=0 direct_handoffs=77 payload_bytes=92310496 side_entry_v1_enabled=0 side_entry_v1_spawned=0 side_entry_v1_injected_frames=0
[perfect_drone_frontend_node-2] [INFO] [1789028127.514571566] [perfect_tracking]: [SENSOR_BURST_DROPOUT_SUMMARY] enabled=1 warmup_s=1.000000 period_s=2.000000 duration_s=0.500000 phase_s=0.000000 phase_env_override=1 rendered=100 delivered=77 dropped=23 bursts=5 max_consecutive_dropped=5 max_delivered_gap_s=0.602240 dropped_payload_bytes=24907200
[fsm_node-3] [INFO] [1789028127.547305023] [fsm_node]:  -- [OPTIMIZER_PHASE_MEMORY] optimizer=exp event=begin call=35 rss_mib=3120.590 swap_mib=0.000 variables=1 pieces=1
[fsm_node-3] [INFO] [1789028127.547537455] [fsm_node]:  -- [OPTIMIZER_PHASE_MEMORY] optimizer=exp event=end call=35 duration_ms=0.302 iterations=82 ret=1 rss_mib=3120.590 swap_mib=0.000 rss_delta_mib=0.000
[fsm_node-3] [INFO] [1789028127.565973690] [fsm_node]:  -- [TRAJ_GUARD_COMMIT] phase=ReplanOnce/no_backup gen=18 map=36 samples=167 range=[0.026,0.848] escape=false footprint_egress=false escape_done_tt=-1.000
[fsm_node-3]  -- [TRAJ_GUARD_CERT] trigger=main_pre status=SAFE gen=17 map=36 map_age=0.002s map_age_limit=0.550s motion_speed=0.673mps samples=172 range=[0.150,1.004] collision_tt=-1.000 ttc=-1.000 p=[0.000,0.000,0.000]
[fsm_node-3] [32m -- [Fsm] ReplanOnce succeed.[0m
[fsm_node-3] [INFO] [1789028127.627849800] [fsm_node]:  -- [TRAJ_GUARD_COMMIT] phase=ReplanOnce/no_backup gen=19 map=36 samples=155 range=[0.088,0.848] escape=false footprint_egress=false escape_done_tt=-1.000
[fsm_node-3]  -- [TRAJ_GUARD_CERT] trigger=poly_publish status=SAFE gen=18 map=36 map_age=0.030s map_age_limit=0.550s motion_speed=1.079mps samples=166 range=[0.027,0.848] collision_tt=-1.000 ttc=-1.000 p=[0.000,0.000,0.000]
[fsm_node-3] [32m -- [Fsm] ReplanOnce succeed.[0m
[fsm_node-3] [INFO] [1789028127.690828155] [fsm_node]:  -- [TRAJ_GUARD_COMMIT] phase=ReplanOnce/no_backup gen=20 map=37 samples=142 range=[0.151,0.848] escape=false footprint_egress=false escape_done_tt=-1.000
[fsm_node-3]  -- [TRAJ_GUARD_CERT] trigger=poly_publish status=SAFE gen=19 map=36 map_age=0.092s map_age_limit=0.550s motion_speed=2.306mps samples=153 range=[0.088,0.848] collision_tt=-1.000 ttc=-1.000 p=[0.000,0.000,0.000]
[fsm_node-3]  -- [TRAJ_GUARD_CERT] trigger=main_pre status=SAFE gen=19 map=37 map_age=0.006s map_age_limit=0.550s motion_speed=2.306mps samples=152 range=[0.098,0.848] collision_tt=-1.000 ttc=-1.000 p=[0.000,0.000,0.000]
[fsm_node-3] [32m -- [Fsm] ReplanOnce succeed.[0m
[fsm_node-3] [INFO] [1789028127.756745982] [fsm_node]:  -- [TRAJ_GUARD_COMMIT] phase=ReplanOnce/no_backup gen=21 map=37 samples=129 range=[0.217,0.848] escape=false footprint_egress=false escape_done_tt=-1.000
[fsm_node-3]  -- [TRAJ_GUARD_CERT] trigger=poly_publish status=SAFE gen=20 map=37 map_age=0.059s map_age_limit=0.500s motion_speed=3.496mps samples=141 range=[0.151,0.848] collision_tt=-1.000 ttc=-1.000 p=[0.000,0.000,0.000]
[fsm_node-3] [32m -- [Fsm] ReplanOnce succeed.[0m
[fsm_node-3] [WARN] [1789028127.816778346] [fsm_node]:  -- [TRAJ_GUARD_VIABILITY_SLOWDOWN] phase=ReplanOnce/no_backup gen=22 scale=1.250 retries=1
[fsm_node-3] [INFO] [1789028127.816832481] [fsm_node]:  -- [TRAJ_GUARD_COMMIT] phase=ReplanOnce/no_backup gen=22 map=37 samples=159 range=[0.277,1.060] escape=false footprint_egress=false escape_done_tt=-1.000
[fsm_node-3]  -- [TRAJ_GUARD_CERT] trigger=poly_publish status=SAFE gen=21 map=37 map_age=0.125s map_age_limit=0.500s motion_speed=4.597mps samples=128 range=[0.217,0.848] collision_tt=-1.000 ttc=-1.000 p=[0.000,0.000,0.000]
[fsm_node-3] [32m -- [Fsm] ReplanOnce succeed.[0m
[fsm_node-3] [INFO] [1789028127.882847420] [fsm_node]:  -- [TRAJ_GUARD_COMMIT] phase=ReplanOnce/no_backup gen=23 map=38 samples=103 range=[0.343,0.848] escape=false footprint_egress=false escape_done_tt=-1.000
[fsm_node-3]  -- [TRAJ_GUARD_CERT] trigger=poly_publish status=SAFE gen=22 map=37 map_age=0.185s map_age_limit=0.500s motion_speed=5.423mps samples=158 range=[0.277,1.060] collision_tt=-1.000 ttc=-1.000 p=[0.000,0.000,0.000]
[fsm_node-3]  -- [TRAJ_GUARD_CERT] trigger=main_pre status=SAFE gen=22 map=38 map_age=0.009s map_age_limit=0.500s motion_speed=3.860mps samples=156 range=[0.288,1.060] collision_tt=-1.000 ttc=-1.000 p=[0.000,0.000,0.000]
[fsm_node-3] [32m -- [Fsm] ReplanOnce succeed.[0m
[fsm_node-3] [INFO] [1789028127.939404010] [fsm_node]:  -- [TRAJ_GUARD_COMMIT] phase=ReplanOnce/no_backup gen=24 map=39 samples=92 range=[0.400,0.848] escape=false footprint_egress=false escape_done_tt=-1.000
[fsm_node-3]  -- [TRAJ_GUARD_CERT] trigger=poly_publish status=SAFE gen=23 map=38 map_age=0.064s map_age_limit=0.500s motion_speed=4.359mps samples=102 range=[0.343,0.848] collision_tt=-1.000 ttc=-1.000 p=[0.000,0.000,0.000]
[fsm_node-3]  -- [TRAJ_GUARD_CERT] trigger=main_pre status=SAFE gen=23 map=39 map_age=0.007s map_age_limit=0.500s motion_speed=5.775mps samples=92 range=[0.398,0.848] collision_tt=-1.000 ttc=-1.000 p=[0.000,0.000,0.000]
[fsm_node-3] [32m -- [Fsm] ReplanOnce succeed.[0m
[fsm_node-3] [INFO] [1789028128.007640998] [fsm_node]:  -- [TRAJ_GUARD_COMMIT] phase=ReplanOnce/no_backup gen=25 map=39 samples=79 range=[0.468,0.848] escape=false footprint_egress=false escape_done_tt=-1.000
[fsm_node-3]  -- [TRAJ_GUARD_CERT] trigger=poly_publish status=SAFE gen=24 map=39 map_age=0.009s map_age_limit=0.500s motion_speed=5.775mps samples=91 range=[0.400,0.848] collision_tt=-1.000 ttc=-1.000 p=[0.000,0.000,0.000]
[fsm_node-3]  -- [TRAJ_GUARD_CERT] trigger=main_post status=SAFE gen=25 map=39 map_age=0.077s map_age_limit=0.500s motion_speed=5.100mps samples=78 range=[0.468,0.848] collision_tt=-1.000 ttc=-1.000 p=[0.000,0.000,0.000]
[fsm_node-3] [32m -- [Fsm] ReplanOnce succeed.[0m
[fsm_node-3] [INFO] [1789028128.070614144] [fsm_node]:  -- [TRAJ_GUARD_COMMIT] phase=ReplanOnce/no_backup gen=26 map=39 samples=66 range=[0.531,0.848] escape=false footprint_egress=false escape_done_tt=-1.000
[fsm_node-3] [32m -- [Fsm] ReplanOnce succeed.[0m
[fsm_node-3] [WARN] [1789028128.134425033] [fsm_node]:  -- [TRAJ_GUARD_VIABILITY_SLOWDOWN] phase=ReplanOnce/no_backup gen=27 scale=1.250 retries=1
[fsm_node-3] [INFO] [1789028128.134485843] [fsm_node]:  -- [TRAJ_GUARD_COMMIT] phase=ReplanOnce/no_backup gen=27 map=39 samples=96 range=[0.595,1.060] escape=false footprint_egress=false escape_done_tt=-1.000
[fsm_node-3]  -- [TRAJ_GUARD_CERT] trigger=poly_publish status=SAFE gen=26 map=39 map_age=0.140s map_age_limit=0.500s motion_speed=3.925mps samples=65 range=[0.531,0.848] collision_tt=-1.000 ttc=-1.000 p=[0.000,0.000,0.000]
[fsm_node-3] [32m -- [Fsm] ReplanOnce succeed.[0m
[fsm_node-3] [INFO] [1789028128.201077545] [fsm_node]:  -- [TRAJ_GUARD_COMMIT] phase=ReplanOnce/no_backup gen=28 map=40 samples=40 range=[0.661,0.848] escape=false footprint_egress=false escape_done_tt=-1.000
[fsm_node-3]  -- [TRAJ_GUARD_CERT] trigger=poly_publish status=SAFE gen=27 map=39 map_age=0.204s map_age_limit=0.538s motion_speed=2.733mps samples=95 range=[0.595,1.060] collision_tt=-1.000 ttc=-1.000 p=[0.000,0.000,0.000]
[fsm_node-3]  -- [TRAJ_GUARD_CERT] trigger=main_pre status=SAFE gen=27 map=40 map_age=0.010s map_age_limit=0.500s motion_speed=3.840mps samples=92 range=[0.608,1.060] collision_tt=-1.000 ttc=-1.000 p=[0.000,0.000,0.000]
[fsm_node-3] [32m -- [Fsm] ReplanOnce succeed.[0m
[fsm_node-3] [INFO] [1789028128.266700195] [fsm_node]:  -- [TRAJ_GUARD_COMMIT] phase=ReplanOnce/no_backup gen=29 map=41 samples=27 range=[0.727,0.848] escape=false footprint_egress=false escape_done_tt=-1.000
[fsm_node-3]  -- [TRAJ_GUARD_CERT] trigger=poly_publish status=SAFE gen=28 map=40 map_age=0.063s map_age_limit=0.517s motion_speed=3.166mps samples=39 range=[0.662,0.848] collision_tt=-1.000 ttc=-1.000 p=[0.000,0.000,0.000]
[fsm_node-3]  -- [TRAJ_GUARD_CERT] trigger=main_pre status=SAFE gen=28 map=41 map_age=0.011s map_age_limit=0.550s motion_speed=0.804mps samples=30 range=[0.708,0.848] collision_tt=-1.000 ttc=-1.000 p=[0.000,0.000,0.000]
[fsm_node-3] [32m -- [Fsm] ReplanOnce succeed.[0m
[fsm_node-3] [INFO] [1789028128.332450304] [fsm_node]:  -- [TRAJ_GUARD_COMMIT] phase=ReplanOnce/no_backup gen=30 map=41 samples=14 range=[0.793,0.848] escape=false footprint_egress=false escape_done_tt=-1.000
[fsm_node-3]  -- [TRAJ_GUARD_CERT] trigger=poly_publish status=SAFE gen=29 map=41 map_age=0.031s map_age_limit=0.550s motion_speed=0.563mps samples=26 range=[0.727,0.848] collision_tt=-1.000 ttc=-1.000 p=[0.000,0.000,0.000]
[fsm_node-3] [32m -- [Fsm] ReplanOnce succeed.[0m
[fsm_node-3]  -- [TRAJ_GUARD_CERT] trigger=poly_publish status=SAFE gen=30 map=41 map_age=0.096s map_age_limit=0.550s motion_speed=0.070mps samples=13 range=[0.793,0.848] collision_tt=-1.000 ttc=-1.000 p=[0.000,0.000,0.000]
[fsm_node-3] [32m -- [Fsm] Traj finish.[0m
[fsm_node-3] [38;2;000;128;000m -- [Fsm]: [PubCmdCallback] change state from [FOLLOW_TRAJ] to [WAIT_GOAL].
[fsm_node-3] [0m[32m -- [Fsm 8.270] Current state: WAIT_GOAL[0m
