[INFO] [launch]: All log files can be found below /root/.ros/log/2026-09-10-17-26-50-288500-livox-1915593
[INFO] [launch]: Default logging verbosity is set to INFO
[INFO] [waypoint_mission-1]: process started with pid [1915594]
[INFO] [perfect_drone_full_node-2]: process started with pid [1915596]
[waypoint_mission-1] [WARN] [1789028810.327385079] [waypoint_mission]:  -- [MissionPlanner] Load config by file name: /root/super_ws/src/SUPER/mission_planner/config/waypoint.yaml
[waypoint_mission-1] [WARN] [1789028810.327466832] [waypoint_mission]:  -- [MissionPlanner] Load data by file name: /root/super_ws/src/SUPER/mission_planner/data/blind_heading_fork.txt
[perfect_drone_full_node-2] Load config file: /root/super_ws/install/super_planner/share/super_planner/config/static_seedmaps_guard_viability_tight_v7.yaml
[perfect_drone_full_node-2] [0;32m Load param fsm/timer_en success: [0;0m1
[perfect_drone_full_node-2] [0;32m Load param super_planner/detailed_log_en success: [0;0m0
[perfect_drone_full_node-2] [0;32m Load param super_planner/detailed_log_max_entries success: [0;0m64
[perfect_drone_full_node-2] [0;32m Load param fsm/click_goal_en success: [0;0m1
[perfect_drone_full_node-2] [0;32m Load param fsm/click_yaw_en success: [0;0m1
[perfect_drone_full_node-2] [0;32m Load param fsm/replan_rate success: [0;0m15
[perfect_drone_full_node-2] [0;32m Load param fsm/click_height success: [0;0m1.5
[perfect_drone_full_node-2] [0;32m Load param fsm/cmd_topic success: [0;0m/planning/pos_cmd
[perfect_drone_full_node-2] [0;32m Load param fsm/mpc_cmd_topic success: [0;0m/planning_cmd/poly_traj
[perfect_drone_full_node-2] [0;32m Load param fsm/click_goal_topic success: [0;0m/planning/click_goal
[perfect_drone_full_node-2] [0;32m Load param fsm/map_readiness/enable success: [0;0m1
[perfect_drone_full_node-2] [0;32m Load param fsm/map_readiness/min_accepted_scans success: [0;0m5
[perfect_drone_full_node-2] [0;32m Load param fsm/map_readiness/min_committed_scans success: [0;0m5
[perfect_drone_full_node-2] [0;32m Load param fsm/map_readiness/max_commit_lag_scans success: [0;0m5
[perfect_drone_full_node-2] [0;32m Load param fsm/map_readiness/min_scan_span_s success: [0;0m1
[perfect_drone_full_node-2] [0;32m Load param fsm/map_readiness/max_cloud_age_s success: [0;0m0.75
[perfect_drone_full_node-2] [0;32m Load param fsm/map_readiness/max_map_age_s success: [0;0m0.55
[perfect_drone_full_node-2] [0;32m Load param fsm/trajectory_guard/enable success: [0;0m1
[perfect_drone_full_node-2] [0;33m Load param fsm/trajectory_guard/same_map_replan_coalesce_enable failed, use default value: [0;0m0
[perfect_drone_full_node-2] [0;33m Load param fsm/trajectory_guard/same_map_replan_min_interval_s failed, use default value: [0;0m0
[perfect_drone_full_node-2] [0;32m Load param fsm/trajectory_guard/shadow success: [0;0m0
[perfect_drone_full_node-2] [0;32m Load param fsm/trajectory_guard/max_map_age_s success: [0;0m0.75
[perfect_drone_full_node-2] [0;32m Load param fsm/trajectory_guard/brake_trigger_map_age_s success: [0;0m0.55
[perfect_drone_full_node-2] [0;32m Load param fsm/trajectory_guard/brake_trigger_high_speed_map_age_s success: [0;0m0.5
[perfect_drone_full_node-2] [0;32m Load param fsm/trajectory_guard/brake_trigger_low_speed_mps success: [0;0m2.5
[perfect_drone_full_node-2] [0;32m Load param fsm/trajectory_guard/brake_trigger_high_speed_mps success: [0;0m3.5
[perfect_drone_full_node-2] [0;33m Load param fsm/trajectory_guard/full_refresh_ack_sla_s failed, use default value: [0;0m0
[perfect_drone_full_node-2] [0;32m Load param fsm/trajectory_guard/raw_cloud/enable success: [0;0m0
[perfect_drone_full_node-2] [0;33m Load param fsm/trajectory_guard/raw_cloud/source_topic failed, use default value: [0;0m
[perfect_drone_full_node-2] [0;32m Load param fsm/trajectory_guard/raw_cloud/max_age_s success: [0;0m0.75
[perfect_drone_full_node-2] [0;32m Load param fsm/trajectory_guard/raw_cloud/clearance_m success: [0;0m0.3
[perfect_drone_full_node-2] [0;32m Load param fsm/trajectory_guard/validation_sample_dt_s success: [0;0m0.005
[perfect_drone_full_node-2] [0;32m Load param fsm/trajectory_guard/shadow_min_interval_s success: [0;0m0
[perfect_drone_full_node-2] [0;32m Load param fsm/trajectory_guard/additional_clearance_m success: [0;0m0
[perfect_drone_full_node-2] [0;33m Load param fsm/trajectory_guard/brake_min_duration_s failed, use default value: [0;0m0.4
[perfect_drone_full_node-2] [0;32m Load param fsm/trajectory_guard/brake_max_duration_s success: [0;0m3
[perfect_drone_full_node-2] [0;32m Load param fsm/trajectory_guard/brake_max_acc_mps2 success: [0;0m20
[perfect_drone_full_node-2] [0;32m Load param fsm/trajectory_guard/brake_max_jerk_mps3 success: [0;0m120
[perfect_drone_full_node-2] [0;32m Load param fsm/trajectory_guard/brake_command_max_age_s success: [0;0m0.1
[perfect_drone_full_node-2] [0;32m Load param fsm/trajectory_guard/brake_command_max_position_error_m success: [0;0m0.5
[perfect_drone_full_node-2] [0;32m Load param fsm/trajectory_guard/brake_command_max_velocity_error_mps success: [0;0m2
[perfect_drone_full_node-2] [0;32m Load param fsm/trajectory_guard/brake_retry_interval_s success: [0;0m0.1
[perfect_drone_full_node-2] [0;32m Load param fsm/trajectory_guard/unknown_as_occupied success: [0;0m1
[perfect_drone_full_node-2] [0;33m Load param fsm/trajectory_guard/raw_cloud/ciri_shadow_en failed, use default value: [0;0m0
[perfect_drone_full_node-2] [0;33m Load param fsm/trajectory_guard/raw_cloud/accum_window_s failed, use default value: [0;0m1.5
[perfect_drone_full_node-2] [0;33m Load param fsm/trajectory_guard/raw_cloud/ciri_min_points failed, use default value: [0;0m200
[perfect_drone_full_node-2] [0;33m Load param fsm/trajectory_guard/raw_cloud/ciri_voxel_m failed, use default value: [0;0m0.1
[perfect_drone_full_node-2] [0;33m Load param fsm/trajectory_guard/raw_cloud/near_field_shadow_en failed, use default value: [0;0m0
[perfect_drone_full_node-2] [0;33m Load param fsm/trajectory_guard/raw_cloud/near_field_clearance_m failed, use default value: [0;0m0.2
[perfect_drone_full_node-2] [0;33m Load param fsm/trajectory_guard/raw_cloud/near_field_horizon_s failed, use default value: [0;0m1
[perfect_drone_full_node-2] [0;33m Load param fsm/trajectory_guard/raw_cloud/near_field_sample_dt_s failed, use default value: [0;0m0.01
[perfect_drone_full_node-2] [0;33m Load param fsm/trajectory_guard/raw_cloud/near_field_min_interval_s failed, use default value: [0;0m0.1
[perfect_drone_full_node-2] [0;33m Load param fsm/trajectory_guard/raw_cloud/near_field_min_points failed, use default value: [0;0m200
[perfect_drone_full_node-2] [0;33m Load param fsm/trajectory_guard/raw_cloud/near_field_voxel_m failed, use default value: [0;0m0
[perfect_drone_full_node-2] [0;33m Load param fsm/trajectory_guard/raw_cloud/near_field_test_replay_mode failed, use default value: [0;0m0
[perfect_drone_full_node-2] [0;33m Load param fsm/trajectory_guard/raw_cloud/near_field_enforce_en failed, use default value: [0;0m0
[perfect_drone_full_node-2] [0;33m Load param fsm/trajectory_guard/raw_cloud/near_field_result_max_age_s failed, use default value: [0;0m0.2
[perfect_drone_full_node-2] [0;33m Load param fsm/trajectory_guard/raw_cloud/near_field_max_sequence_lag failed, use default value: [0;0m1
[perfect_drone_full_node-2] [0;33m Load param fsm/trajectory_guard/raw_cloud/near_field_egress_tolerance_m failed, use default value: [0;0m0.005
[perfect_drone_full_node-2] [0;33m Load param fsm/trajectory_guard/raw_cloud/near_field_egress_min_progress_m failed, use default value: [0;0m0.02
[perfect_drone_full_node-2] [0;33m Load param fsm/trajectory_guard/frontend_risk/shadow_en failed, use default value: [0;0m0
[perfect_drone_full_node-2] [0;33m Load param fsm/trajectory_guard/frontend_risk/enforce_en failed, use default value: [0;0m0
[perfect_drone_full_node-2] [0;33m Load param fsm/trajectory_guard/frontend_risk/topic failed, use default value: [0;0m/planning/trajectory_risk_verdict
[perfect_drone_full_node-2] [0;33m Load param fsm/trajectory_guard/frontend_risk/result_max_age_s failed, use default value: [0;0m0.2
[perfect_drone_full_node-2] [0;33m Load param fsm/trajectory_guard/frontend_risk/source_max_age_s failed, use default value: [0;0m0.75
[perfect_drone_full_node-2] [0;33m Load param fsm/trajectory_guard/frontend_risk/current_body_enforce_en failed, use default value: [0;0m0
[perfect_drone_full_node-2] [0;33m Load param fsm/trajectory_guard/frontend_risk/current_body_result_max_age_s failed, use default value: [0;0m0.15
[perfect_drone_full_node-2] [0;33m Load param fsm/trajectory_guard/frontend_risk/current_body_source_max_age_s failed, use default value: [0;0m0.2
[perfect_drone_full_node-2] [0;32m Load param super_planner/yaw_dot_max success: [0;0m3
[perfect_drone_full_node-2] [0;32m Load param super_planner/visualization_en success: [0;0m0
[perfect_drone_full_node-2] [0;32m Load param rog_map/resolution success: [0;0m0.05
[perfect_drone_full_node-2] Load config file: /root/super_ws/install/super_planner/share/super_planner/config/static_seedmaps_guard_viability_tight_v7.yaml
[perfect_drone_full_node-2] [0;32m Load param rog_map/esdf/resolution success: [0;0m0.1
[perfect_drone_full_node-2] [0;32m Load param rog_map/esdf/enable success: [0;0m0
[perfect_drone_full_node-2] [0;32m Load param rog_map/esdf/local_update_box success: [0;0m[5 5 3 ]
[perfect_drone_full_node-2] [0;32m Load param rog_map/load_pcd_en success: [0;0m0
[perfect_drone_full_node-2] [0;32m Load param rog_map/map_sliding/enable success: [0;0m0
[perfect_drone_full_node-2] [0;32m Load param rog_map/map_sliding/threshold success: [0;0m3
[perfect_drone_full_node-2] [0;32m Load param rog_map/fix_map_origin success: [0;0m[0 0 1.5 ]
[perfect_drone_full_node-2] [0;32m Load param rog_map/frontier_extraction_en success: [0;0m0
[perfect_drone_full_node-2] [0;32m Load param rog_map/ros_callback/enable success: [0;0m1
[perfect_drone_full_node-2] [0;32m Load param rog_map/ros_callback/cloud_topic success: [0;0m/cloud_registered
[perfect_drone_full_node-2] [0;33m Load param rog_map/ros_callback/cloud_reliable failed, use default value: [0;0m0
[perfect_drone_full_node-2] [0;32m Load param rog_map/ros_callback/odom_topic success: [0;0m/lidar_slam/odom
[perfect_drone_full_node-2] [0;32m Load param rog_map/ros_callback/odom_timeout success: [0;0m2
[perfect_drone_full_node-2] [0;32m Load param rog_map/visualization/enable success: [0;0m0
[perfect_drone_full_node-2] [0;32m Load param rog_map/visualization/use_dynamic_reconfigure success: [0;0m0
[perfect_drone_full_node-2] [0;32m Load param rog_map/visualization/pub_unknown_map_en success: [0;0m0
[perfect_drone_full_node-2] [0;32m Load param rog_map/visualization/frame_id success: [0;0mworld
[perfect_drone_full_node-2] [0;32m Load param rog_map/visualization/time_rate success: [0;0m2
[perfect_drone_full_node-2] [0;32m Load param rog_map/visualization/frame_rate success: [0;0m0
[perfect_drone_full_node-2] [0;32m Load param rog_map/visualization/range success: [0;0m[15 15 4 ]
[perfect_drone_full_node-2] [0;32m Load param rog_map/resolution success: [0;0m0.05
[perfect_drone_full_node-2] [0;32m Load param rog_map/inflation_resolution success: [0;0m0.1
[perfect_drone_full_node-2] [0;32m Load param rog_map/unk_inflation_en success: [0;0m0
[perfect_drone_full_node-2] [0;32m Load param rog_map/unk_inflation_step success: [0;0m1
[perfect_drone_full_node-2] [0;32m Load param rog_map/inflation_step success: [0;0m3
[perfect_drone_full_node-2] [0;32m Load param rog_map/intensity_thresh success: [0;0m-10
[perfect_drone_full_node-2] [0;32m Load param rog_map/map_size success: [0;0m[70 70 6 ]
[perfect_drone_full_node-2] [0;32m Load param rog_map/point_filt_num success: [0;0m1
[perfect_drone_full_node-2] [0;32m Load param rog_map/raycasting/enable success: [0;0m0
[perfect_drone_full_node-2] [0;32m Load param rog_map/raycasting/batch_update_size success: [0;0m1
[perfect_drone_full_node-2] [0;32m Load param rog_map/raycasting/unk_thresh success: [0;0m1
[perfect_drone_full_node-2] [0;32m Load param rog_map/raycasting/p_hit success: [0;0m0.9
[perfect_drone_full_node-2] [0;32m Load param rog_map/raycasting/p_miss success: [0;0m0.49
[perfect_drone_full_node-2] [0;32m Load param rog_map/raycasting/p_min success: [0;0m0.12
[perfect_drone_full_node-2] [0;32m Load param rog_map/raycasting/p_max success: [0;0m0.98
[perfect_drone_full_node-2] [0;32m Load param rog_map/raycasting/p_occ success: [0;0m0.85
[perfect_drone_full_node-2] [0;32m Load param rog_map/raycasting/p_free success: [0;0m0.499
[perfect_drone_full_node-2] [0;32m Load param rog_map/raycasting/p_free success: [0;0m0.499
[perfect_drone_full_node-2] [0;32m Load param rog_map/raycasting/ray_range success: [0;0m[0.5 100 ]
[perfect_drone_full_node-2] [0;33m Load param rog_map/raycasting/observed_mark_range_max failed, use default value: [0;0m10
[perfect_drone_full_node-2] [0;32m Load param rog_map/raycasting/local_update_box success: [0;0m[100 100 5 ]
[perfect_drone_full_node-2] [0;32m Load param rog_map/virtual_ground_height success: [0;0m-0.1
[perfect_drone_full_node-2] [0;32m Load param rog_map/virtual_ceil_height success: [0;0m3.5
[perfect_drone_full_node-2] [32m -- [RM-Config] inflation_resolution: 0.1[0m
[perfect_drone_full_node-2]  -- [ROG-Map] Init, resetMapSize: ORIGIN_AT_CORNER.
[perfect_drone_full_node-2]  -- [ROG-Map] Init, resetMapSize: virtual_ceil_height: 3.1500000000000004, virtual_ground_height: 0.25.
[perfect_drone_full_node-2] [34m	[ROG] n_free: 1[0m
[perfect_drone_full_node-2] [34m	[ROG] n_occ: 1[0m
[perfect_drone_full_node-2] [34m	[ROG] l_hit: 2.19722[0m
[perfect_drone_full_node-2] [34m	[ROG] l_miss: -0.0400053[0m
[perfect_drone_full_node-2] [34m	[ROG] l_min: -1.99243[0m
[perfect_drone_full_node-2] [34m	[ROG] l_max: 3.89182[0m
[perfect_drone_full_node-2] [34m	[ROG] l_occ: 1.7346[0m
[perfect_drone_full_node-2] [34m	[ROG] l_free: -0.00399995[0m
[perfect_drone_full_node-2] [33m -- [Inf-Map] Clear all local map.[0m
[perfect_drone_full_node-2] [32m -- [CounterMap] Init successfully -- .[0m
[perfect_drone_full_node-2] [32m	resolution: 0.1[0m
[perfect_drone_full_node-2] [32m	map_sliding_en: 0[0m
[perfect_drone_full_node-2] [32m	local_map_size_i: 709 709  69[0m
[perfect_drone_full_node-2] [32m	local_map_size_d: 70.9 70.9  6.9[0m
[perfect_drone_full_node-2] [33m -- [Inf-Map] Clear all local map.[0m
[perfect_drone_full_node-2] [32m -- [InfMap] Init successfully -- .[0m
[perfect_drone_full_node-2] [32m	resolution: 0.1[0m
[perfect_drone_full_node-2] [32m	map_sliding_en: 0[0m
[perfect_drone_full_node-2] [32m	local_map_size_i: 709 709  69[0m
[perfect_drone_full_node-2] [32m	local_map_size_d: 70.9 70.9  6.9[0m
[perfect_drone_full_node-2] [ProbMap] virtual_ceil_height: 3.15
[perfect_drone_full_node-2] [ProbMap] virtual_ground_height: 0.25
[perfect_drone_full_node-2] [33m -- [ProbMap] Map sliding disabled, set origin to [  0   0 1.5] -- [0m
[perfect_drone_full_node-2] [33m -- [Prob-Map] Clear all local map.[0m
[perfect_drone_full_node-2] [32m -- [ProbMap] Init successfully -- .[0m
[perfect_drone_full_node-2] [32m	resolution: 0.05[0m
[perfect_drone_full_node-2] [32m	map_sliding_en: 0[0m
[perfect_drone_full_node-2] [32m	local_map_size_i: 1401 1401  121[0m
[perfect_drone_full_node-2] [32m	local_map_size_d: 70.05 70.05  6.05[0m
[perfect_drone_full_node-2] [38;2;000;128;000m -- [ROGMap] Immutable planner snapshot enabled (fixed occupancy-only map).
[perfect_drone_full_node-2] [0mLoad config file: /root/super_ws/install/super_planner/share/super_planner/config/static_seedmaps_guard_viability_tight_v7.yaml
[perfect_drone_full_node-2] Load config file: /root/super_ws/install/super_planner/share/super_planner/config/static_seedmaps_guard_viability_tight_v7.yaml
[perfect_drone_full_node-2] [0;32m Load param traj_opt/switch/print_optimizer_log success: [0;0m0
[perfect_drone_full_node-2] [0;32m Load param traj_opt/flatness/mass success: [0;0m1.64
[perfect_drone_full_node-2] [0;32m Load param traj_opt/flatness/dh success: [0;0m0.35
[perfect_drone_full_node-2] [0;32m Load param traj_opt/flatness/dv success: [0;0m0.35
[perfect_drone_full_node-2] [0;32m Load param traj_opt/flatness/grav success: [0;0m9.81
[perfect_drone_full_node-2] [0;32m Load param traj_opt/flatness/cp success: [0;0m0.001
[perfect_drone_full_node-2] [0;32m Load param traj_opt/flatness/v_eps success: [0;0m0.0001
[perfect_drone_full_node-2] [0;32m Load param traj_opt/switch/save_log_en success: [0;0m0
[perfect_drone_full_node-2] [0;32m Load param traj_opt/exp_traj/pos_constraint_type success: [0;0m1
[perfect_drone_full_node-2] [0;33m Load param traj_opt/exp_traj/piece_num failed, use default value: [0;0m1
[perfect_drone_full_node-2] [0;33m Load param traj_opt/exp_traj/uniform_time_en failed, use default value: [0;0m0
[perfect_drone_full_node-2] [0;32m Load param traj_opt/exp_traj/block_energy_cost success: [0;0m0
[perfect_drone_full_node-2] [0;32m Load param traj_opt/exp_traj/opt_accuracy success: [0;0m5e-06
[perfect_drone_full_node-2] [0;33m Load param traj_opt/exp_traj/max_iterations failed, use default value: [0;0m2048
[perfect_drone_full_node-2] [0;32m Load param traj_opt/exp_traj/integral_reso success: [0;0m15
[perfect_drone_full_node-2] [0;32m Load param traj_opt/exp_traj/smooth_eps success: [0;0m0.01
[perfect_drone_full_node-2] [0;32m Load param traj_opt/boundary/max_vel success: [0;0m7
[perfect_drone_full_node-2] [0;32m Load param traj_opt/boundary/max_acc success: [0;0m20
[perfect_drone_full_node-2] [0;32m Load param traj_opt/boundary/max_jerk success: [0;0m120
[perfect_drone_full_node-2] [0;32m Load param traj_opt/boundary/max_omg success: [0;0m2.5
[perfect_drone_full_node-2] [0;32m Load param traj_opt/boundary/max_acc_thr success: [0;0m17
[perfect_drone_full_node-2] [0;32m Load param traj_opt/boundary/min_acc_thr success: [0;0m6
[perfect_drone_full_node-2] [0;32m Load param traj_opt/boundary/penna_margin success: [0;0m0.05
[perfect_drone_full_node-2] [0;33m Load param traj_opt/exp_traj/penna_scale failed, use default value: [0;0m-1
[perfect_drone_full_node-2] [0;32m Load param traj_opt/exp_traj/penna_t success: [0;0m1e+07
[perfect_drone_full_node-2] [0;33m Load param traj_opt/exp_traj/penna_ts failed, use default value: [0;0m-1
[perfect_drone_full_node-2] [0;32m Load param traj_opt/exp_traj/penna_pos success: [0;0m5e+09
[perfect_drone_full_node-2] [0;32m Load param traj_opt/exp_traj/penna_clr success: [0;0m1e+06
[perfect_drone_full_node-2] [0;32m Load param traj_opt/exp_traj/clearance_margin success: [0;0m0.1
[perfect_drone_full_node-2] [0;32m Load param traj_opt/exp_traj/clearance_speed_gate success: [0;0m1.5
[perfect_drone_full_node-2] [0;32m Load param traj_opt/exp_traj/clearance_speed_transition success: [0;0m0.5
[perfect_drone_full_node-2] [0;33m Load param traj_opt/exp_traj/penna_passage_center failed, use default value: [0;0m-1
[perfect_drone_full_node-2] [0;33m Load param traj_opt/exp_traj/passage_center_max_width failed, use default value: [0;0m0
[perfect_drone_full_node-2] [0;33m Load param traj_opt/exp_traj/passage_center_min_opposition_cos failed, use default value: [0;0m0.9
[perfect_drone_full_node-2] [0;33m Load param traj_opt/exp_traj/passage_center_min_horizontal_normal failed, use default value: [0;0m0.8
[perfect_drone_full_node-2] [0;33m Load param traj_opt/exp_traj/passage_center_deadband failed, use default value: [0;0m0.15
[perfect_drone_full_node-2] [0;33m Load param traj_opt/exp_traj/passage_center_log_en failed, use default value: [0;0m0
[perfect_drone_full_node-2] [0;32m Load param traj_opt/exp_traj/penna_vel success: [0;0m5e+08
[perfect_drone_full_node-2] [0;32m Load param traj_opt/exp_traj/penna_acc success: [0;0m5e+08
[perfect_drone_full_node-2] [0;32m Load param traj_opt/exp_traj/penna_jerk success: [0;0m-5e+08
[perfect_drone_full_node-2] [0;32m Load param traj_opt/exp_traj/penna_attract success: [0;0m5e+08
[perfect_drone_full_node-2] [0;32m Load param traj_opt/exp_traj/penna_omg success: [0;0m-1
[perfect_drone_full_node-2] [0;32m Load param traj_opt/exp_traj/penna_thr success: [0;0m-1
[perfect_drone_full_node-2] Load config file: /root/super_ws/install/super_planner/share/super_planner/config/static_seedmaps_guard_viability_tight_v7.yaml
[perfect_drone_full_node-2] [0;32m Load param traj_opt/switch/print_optimizer_log success: [0;0m0
[perfect_drone_full_node-2] [0;32m Load param traj_opt/flatness/mass success: [0;0m1.64
[perfect_drone_full_node-2] [0;32m Load param traj_opt/flatness/dh success: [0;0m0.35
[perfect_drone_full_node-2] [0;32m Load param traj_opt/flatness/dv success: [0;0m0.35
[perfect_drone_full_node-2] [0;32m Load param traj_opt/flatness/grav success: [0;0m9.81
[perfect_drone_full_node-2] [0;32m Load param traj_opt/flatness/cp success: [0;0m0.001
[perfect_drone_full_node-2] [0;32m Load param traj_opt/flatness/v_eps success: [0;0m0.0001
[perfect_drone_full_node-2] [0;32m Load param traj_opt/switch/save_log_en success: [0;0m0
[perfect_drone_full_node-2] [0;32m Load param traj_opt/backup_traj/pos_constraint_type success: [0;0m2
[perfect_drone_full_node-2] [0;32m Load param traj_opt/backup_traj/piece_num success: [0;0m2
[perfect_drone_full_node-2] [0;32m Load param traj_opt/backup_traj/uniform_time_en success: [0;0m1
[perfect_drone_full_node-2] [0;32m Load param traj_opt/backup_traj/block_energy_cost success: [0;0m1
[perfect_drone_full_node-2] [0;32m Load param traj_opt/backup_traj/opt_accuracy success: [0;0m1e-05
[perfect_drone_full_node-2] [0;33m Load param traj_opt/backup_traj/max_iterations failed, use default value: [0;0m2048
[perfect_drone_full_node-2] [0;32m Load param traj_opt/backup_traj/integral_reso success: [0;0m12
[perfect_drone_full_node-2] [0;32m Load param traj_opt/backup_traj/smooth_eps success: [0;0m0.01
[perfect_drone_full_node-2] [0;32m Load param traj_opt/boundary/max_vel success: [0;0m7
[perfect_drone_full_node-2] [0;32m Load param traj_opt/boundary/max_acc success: [0;0m20
[perfect_drone_full_node-2] [0;32m Load param traj_opt/boundary/max_jerk success: [0;0m120
[perfect_drone_full_node-2] [0;32m Load param traj_opt/boundary/max_omg success: [0;0m2.5
[perfect_drone_full_node-2] [0;32m Load param traj_opt/boundary/max_acc_thr success: [0;0m17
[perfect_drone_full_node-2] [0;32m Load param traj_opt/boundary/min_acc_thr success: [0;0m6
[perfect_drone_full_node-2] [0;32m Load param traj_opt/boundary/penna_margin success: [0;0m0.05
[perfect_drone_full_node-2] [0;33m Load param traj_opt/backup_traj/penna_scale failed, use default value: [0;0m-1
[perfect_drone_full_node-2] [0;32m Load param traj_opt/backup_traj/penna_t success: [0;0m100
[perfect_drone_full_node-2] [0;32m Load param traj_opt/backup_traj/penna_ts success: [0;0m1e+07
[perfect_drone_full_node-2] [0;32m Load param traj_opt/backup_traj/penna_pos success: [0;0m1e+10
[perfect_drone_full_node-2] [0;32m Load param traj_opt/backup_traj/penna_clr success: [0;0m1e+06
[perfect_drone_full_node-2] [0;32m Load param traj_opt/backup_traj/clearance_margin success: [0;0m0.1
[perfect_drone_full_node-2] [0;32m Load param traj_opt/backup_traj/clearance_speed_gate success: [0;0m1.5
[perfect_drone_full_node-2] [0;32m Load param traj_opt/backup_traj/clearance_speed_transition success: [0;0m0.5
[perfect_drone_full_node-2] [0;33m Load param traj_opt/backup_traj/penna_passage_center failed, use default value: [0;0m-1
[perfect_drone_full_node-2] [0;33m Load param traj_opt/backup_traj/passage_center_max_width failed, use default value: [0;0m0
[perfect_drone_full_node-2] [0;33m Load param traj_opt/backup_traj/passage_center_min_opposition_cos failed, use default value: [0;0m0.9
[perfect_drone_full_node-2] [0;33m Load param traj_opt/backup_traj/passage_center_min_horizontal_normal failed, use default value: [0;0m0.8
[perfect_drone_full_node-2] [0;33m Load param traj_opt/backup_traj/passage_center_deadband failed, use default value: [0;0m0.15
[perfect_drone_full_node-2] [0;33m Load param traj_opt/backup_traj/passage_center_log_en failed, use default value: [0;0m0
[perfect_drone_full_node-2] [0;32m Load param traj_opt/backup_traj/penna_vel success: [0;0m1e+08
[perfect_drone_full_node-2] [0;32m Load param traj_opt/backup_traj/penna_acc success: [0;0m1e+08
[perfect_drone_full_node-2] [0;32m Load param traj_opt/backup_traj/penna_jerk success: [0;0m-1e+06
[perfect_drone_full_node-2] [0;33m Load param traj_opt/backup_traj/penna_attract failed, use default value: [0;0m-1
[perfect_drone_full_node-2] [0;32m Load param traj_opt/backup_traj/penna_omg success: [0;0m-1
[perfect_drone_full_node-2] [0;32m Load param traj_opt/backup_traj/penna_thr success: [0;0m-1
[perfect_drone_full_node-2] [0;32m Load param super_planner/print_log success: [0;0m0
[perfect_drone_full_node-2] [0;32m Load param super_planner/detailed_log_en success: [0;0m0
[perfect_drone_full_node-2] [0;32m Load param super_planner/visualization_en success: [0;0m0
[perfect_drone_full_node-2] [0;32m Load param super_planner/backup_traj_en success: [0;0m1
[perfect_drone_full_node-2] [0;32m Load param super_planner/goal_vel_en success: [0;0m0
[perfect_drone_full_node-2] [0;32m Load param super_planner/goal_yaw_en success: [0;0m0
[perfect_drone_full_node-2] [0;32m Load param super_planner/visual_process success: [0;0m0
[perfect_drone_full_node-2] [0;32m Load param super_planner/use_fov_cut success: [0;0m0
[perfect_drone_full_node-2] [0;33m Load param super_planner/fov_horizontal_angle failed, use default value: [0;0m-1
[perfect_drone_full_node-2] [0;33m Load param super_planner/fov_center_heading failed, use default value: [0;0m0
[perfect_drone_full_node-2] [0;32m Load param super_planner/frontend_in_known_free success: [0;0m0
[perfect_drone_full_node-2] [0;32m Load param fsm/trajectory_guard/enable success: [0;0m1
[perfect_drone_full_node-2] [0;32m Load param fsm/trajectory_guard/shadow success: [0;0m0
[perfect_drone_full_node-2] [0;32m Load param fsm/trajectory_guard/validation_sample_dt_s success: [0;0m0.005
[perfect_drone_full_node-2] [0;32m Load param fsm/trajectory_guard/shadow_min_interval_s success: [0;0m0
[perfect_drone_full_node-2] [0;32m Load param fsm/trajectory_guard/additional_clearance_m success: [0;0m0
[perfect_drone_full_node-2] [0;32m Load param fsm/trajectory_guard/escape_max_duration_s success: [0;0m1
[perfect_drone_full_node-2] [0;32m Load param fsm/trajectory_guard/unknown_as_occupied success: [0;0m1
[perfect_drone_full_node-2] [0;32m Load param fsm/trajectory_guard/escape_entry_grace_s success: [0;0m0
[perfect_drone_full_node-2] [0;32m Load param fsm/trajectory_guard/initial_footprint_egress_enable success: [0;0m1
[perfect_drone_full_node-2] [0;32m Load param super_planner/safe_corridor_line_max_length success: [0;0m6
[perfect_drone_full_node-2] [0;32m Load param super_planner/sensing_horizon success: [0;0m-1
[perfect_drone_full_node-2] [0;32m Load param super_planner/obs_skip_num success: [0;0m2
[perfect_drone_full_node-2] [0;32m Load param super_planner/replan_forward_dt success: [0;0m0.1
[perfect_drone_full_node-2] [0;32m Load param super_planner/corridor_bound_dis success: [0;0m0.8
[perfect_drone_full_node-2] [0;32m Load param super_planner/corridor_line_max_length success: [0;0m1
[perfect_drone_full_node-2] [0;32m Load param super_planner/planning_horizon success: [0;0m7
[perfect_drone_full_node-2] [0;32m Load param super_planner/receding_dis success: [0;0m1
[perfect_drone_full_node-2] [0;32m Load param super_planner/robot_r success: [0;0m0.2
[perfect_drone_full_node-2] [0;32m Load param super_planner/corridor_use_inflated_obstacles success: [0;0m0
[perfect_drone_full_node-2] [0;32m Load param super_planner/corridor_use_inflated_seed_lines success: [0;0m0
[perfect_drone_full_node-2] [0;32m Load param super_planner/corridor_guard_retry_inflated success: [0;0m1
[perfect_drone_full_node-2] [0;32m Load param super_planner/guard_corridor_retry_alternate_every success: [0;0m4
[perfect_drone_full_node-2] [0;32m Load param super_planner/guard_topology_reroute/enable success: [0;0m1
[perfect_drone_full_node-2] [0;32m Load param super_planner/guard_topology_reroute/radius_m success: [0;0m0.8
[perfect_drone_full_node-2] [0;32m Load param super_planner/guard_topology_reroute/growth_m success: [0;0m0
[perfect_drone_full_node-2] [0;32m Load param super_planner/guard_topology_reroute/max_radius_m success: [0;0m0.8
[perfect_drone_full_node-2] [0;32m Load param super_planner/guard_topology_reroute/max_zones success: [0;0m6
[perfect_drone_full_node-2] [0;32m Load param super_planner/guard_topology_reroute/max_stop_speed_mps success: [0;0m0.2
[perfect_drone_full_node-2] [0;32m Load param super_planner/guard_topology_reroute/escalate_every_rejects success: [0;0m3
[perfect_drone_full_node-2] [0;32m Load param super_planner/guard_topology_reroute/collision_merge_m success: [0;0m0.5
[perfect_drone_full_node-2] [0;32m Load param super_planner/guard_topology_reroute/start_clearance_m success: [0;0m0.3
[perfect_drone_full_node-2] [0;32m Load param super_planner/guard_topology_reroute/block_spacing_m success: [0;0m1
[perfect_drone_full_node-2] [0;32m Load param super_planner/guard_topology_reroute/direction_merge_angle_deg success: [0;0m30
[perfect_drone_full_node-2] [0;32m Load param super_planner/guard_topology_reroute/no_path_reset_attempts success: [0;0m3
[perfect_drone_full_node-2] [0;32m Load param super_planner/guard_topology_reroute/vertical_recovery_enable success: [0;0m1
[perfect_drone_full_node-2] [0;32m Load param super_planner/guard_topology_reroute/vertical_recovery_lift_m success: [0;0m0.6
[perfect_drone_full_node-2] [0;32m Load param super_planner/guard_topology_reroute/vertical_recovery_trigger_distance_m success: [0;0m0.75
[perfect_drone_full_node-2] [0;32m Load param super_planner/guard_topology_reroute/local_escape_enable success: [0;0m1
[perfect_drone_full_node-2] [0;32m Load param super_planner/guard_topology_reroute/local_escape_distance_m success: [0;0m0.6
[perfect_drone_full_node-2] [0;32m Load param super_planner/guard_topology_reroute/local_escape_attempts success: [0;0m4
[perfect_drone_full_node-2] [0;32m Load param super_planner/guard_topology_reroute/episode_progress_reset_m success: [0;0m2
[perfect_drone_full_node-2] [0;32m Load param super_planner/guard_topology_reroute/saturation_vertical_attempts success: [0;0m1
[perfect_drone_full_node-2] [0;32m Load param super_planner/guard_topology_reroute/base_no_path_vertical_attempts success: [0;0m1
[perfect_drone_full_node-2] [0;32m Load param super_planner/guard_direct_goal_fallback/enable success: [0;0m1
[perfect_drone_full_node-2] [0;32m Load param super_planner/guard_direct_goal_fallback/max_distance_m success: [0;0m3
[perfect_drone_full_node-2] [0;32m Load param super_planner/guard_direct_goal_fallback/min_duration_s success: [0;0m1
[perfect_drone_full_node-2] [0;32m Load param super_planner/guard_viability/enable success: [0;0m1
[perfect_drone_full_node-2] [0;32m Load param super_planner/guard_viability/horizon_s success: [0;0m2
[perfect_drone_full_node-2] [0;32m Load param super_planner/guard_viability/sample_dt_s success: [0;0m0.3
[perfect_drone_full_node-2] [0;32m Load param super_planner/guard_viability/brake_max_acc_mps2 success: [0;0m20
[perfect_drone_full_node-2] [0;32m Load param super_planner/guard_viability/brake_max_jerk_mps3 success: [0;0m120
[perfect_drone_full_node-2] [0;32m Load param super_planner/guard_viability/brake_min_duration_s success: [0;0m0.4
[perfect_drone_full_node-2] [0;32m Load param super_planner/guard_viability/brake_max_duration_s success: [0;0m3
[perfect_drone_full_node-2] [0;32m Load param super_planner/guard_viability/brake_attempts success: [0;0m12
[perfect_drone_full_node-2] [0;32m Load param super_planner/guard_viability/speed_scale_step success: [0;0m1.25
[perfect_drone_full_node-2] [0;32m Load param super_planner/guard_viability/speed_scale_max success: [0;0m3
[perfect_drone_full_node-2] [0;32m Load param super_planner/guard_viability/max_retries success: [0;0m4
[perfect_drone_full_node-2] [0;32m Load param super_planner/corridor_min_margin success: [0;0m0.2
[perfect_drone_full_node-2] [0;32m Load param super_planner/corridor_pref_margin success: [0;0m0.3
[perfect_drone_full_node-2] [0;32m Load param super_planner/iris_iter_num success: [0;0m2
[perfect_drone_full_node-2] [0;32m Load param super_planner/yaw_mode success: [0;0m1
[perfect_drone_full_node-2] [0;32m Load param super_planner/mpc_horizon success: [0;0m15
[perfect_drone_full_node-2] [0;32m Load param super_planner/yaw_dot_max success: [0;0m3
[perfect_drone_full_node-2] [0;32m Load param rog_map/resolution success: [0;0m0.05
[perfect_drone_full_node-2] [INFO] [1789028811.706965838] [fsm_node]:  -- [TRAJ_GUARD] mode=enforce sample_dt=0.0050s shadow_min_interval=0.000s inflation_radius=0.300m robot_r=0.200m additional_clearance=0.000m hard_clearance=0.300m clearance_offsets=0
[perfect_drone_full_node-2] [38;2;050;205;050m -- [Viz] Set resolution_ to 0.05
[perfect_drone_full_node-2] [0m[38;2;050;205;050m -- [Viz] Set visualization_en_ to false
[perfect_drone_full_node-2] [0mLoad config file: /root/super_ws/install/super_planner/share/super_planner/config/static_seedmaps_guard_viability_tight_v7.yaml
[perfect_drone_full_node-2] [0;32m Load param astar/map_voxel_num success: [0;0m[500 500 100 ]
[perfect_drone_full_node-2] [0;32m Load param astar/allow_diag success: [0;0m1
[perfect_drone_full_node-2] [0;32m Load param astar/debug_visualization_en success: [0;0m0
[perfect_drone_full_node-2] [0;32m Load param astar/heu_type success: [0;0m2
[perfect_drone_full_node-2] [0;32m Load param astar/visual_process success: [0;0m0
[perfect_drone_full_node-2] [32m -- [RM] Init Astar-map.[0m
[perfect_drone_full_node-2] [34m	map index size: 250 250  50[0m
[perfect_drone_full_node-2] [34m	map vox_num: 501 501 101[0m
[perfect_drone_full_node-2] [33m -- [Fsm] CLICKGOAL ENABLE.[0m
[perfect_drone_full_node-2] [WARN] [1789028813.255886760] [perfect_tracking]:  -- [MissionPlanner] Load config by file name: /root/super_ws/src/SUPER/mars_uav_sim/perfect_drone_sim/config/shc4_deep_mirror_hazard.yaml
[perfect_drone_full_node-2] Load config file: /root/super_ws/src/SUPER/mars_uav_sim/perfect_drone_sim/config/shc4_deep_mirror_hazard.yaml
[perfect_drone_full_node-2] [0;32m Load param mesh_resource success: [0;0mpackage://perfect_drone_sim/meshes/yunque-M.dae
[perfect_drone_full_node-2] [0;32m Load param init_position/x success: [0;0m24.5
[perfect_drone_full_node-2] [0;32m Load param init_position/y success: [0;0m0
[perfect_drone_full_node-2] [0;32m Load param init_position/z success: [0;0m1.5
[perfect_drone_full_node-2] [0;32m Load param init_yaw success: [0;0m0
[perfect_drone_full_node-2] [0;32m Load param sensing_rate success: [0;0m10
[perfect_drone_full_node-2] Load config file: /root/super_ws/src/SUPER/mars_uav_sim/perfect_drone_sim/config/shc4_deep_mirror_hazard.yaml
[perfect_drone_full_node-2] [0;33m Load param side_entry_v1/enabled failed, use default value: [0;0m0
[perfect_drone_full_node-2] [0;33m Load param side_entry_v2/enabled failed, use default value: [0;0m0
[perfect_drone_full_node-2] [0;33m Load param side_entry_v3/enabled failed, use default value: [0;0m0
[perfect_drone_full_node-2] [0;33m Load param side_entry_v4/enabled failed, use default value: [0;0m0
[perfect_drone_full_node-2] [0;33m Load param side_entry_v5/enabled failed, use default value: [0;0m0
[perfect_drone_full_node-2] [0;33m Load param side_entry_v6/enabled failed, use default value: [0;0m0
[perfect_drone_full_node-2] [0;33m Load param side_entry_v7/enabled failed, use default value: [0;0m0
[perfect_drone_full_node-2] [0;33m Load param side_entry_v0/speed_min_mps failed, use default value: [0;0m2
[perfect_drone_full_node-2] [0;33m Load param side_entry_v0/yaw_velocity_mismatch_min_deg failed, use default value: [0;0m50
[perfect_drone_full_node-2] [0;33m Load param side_entry_v0/require_yaw_velocity_mismatch failed, use default value: [0;0m1
[perfect_drone_full_node-2] [0;33m Load param side_entry_v0/hold_s failed, use default value: [0;0m0.02
[perfect_drone_full_node-2] [0;33m Load param side_entry_v0/qualifying_samples failed, use default value: [0;0m0
[perfect_drone_full_node-2] [0;33m Load param side_entry_v0/prediction_s failed, use default value: [0;0m0.8
[perfect_drone_full_node-2] [0;33m Load param side_entry_v0/require_velocity_inside failed, use default value: [0;0m1
[perfect_drone_full_node-2] [0;33m Load param side_entry_v0/fixed_center_enabled failed, use default value: [0;0m0
[perfect_drone_full_node-2] [0;33m Load param side_entry_v0/fixed_center_x failed, use default value: [0;0m22.5
[perfect_drone_full_node-2] [0;33m Load param side_entry_v0/fixed_center_y failed, use default value: [0;0m23
[perfect_drone_full_node-2] [0;33m Load param side_entry_v0/trigger_distance_min_m failed, use default value: [0;0m0.8
[perfect_drone_full_node-2] [0;33m Load param side_entry_v0/trigger_distance_max_m failed, use default value: [0;0m3.5
[perfect_drone_full_node-2] [0;33m Load param side_entry_v0/trigger_waypoint_x failed, use default value: [0;0m24
[perfect_drone_full_node-2] [0;33m Load param side_entry_v0/trigger_waypoint_y failed, use default value: [0;0m24
[perfect_drone_full_node-2] [0;33m Load param side_entry_v0/trigger_waypoint_radius_m failed, use default value: [0;0m2
[perfect_drone_full_node-2] [0;33m Load param side_entry_v0/trap_waypoint_radius_m failed, use default value: [0;0m2
[perfect_drone_full_node-2] [0;33m Load param side_entry_v0/sector_half_angle_deg failed, use default value: [0;0m45
[perfect_drone_full_node-2] [0;33m Load param side_entry_v0/angular_margin_deg failed, use default value: [0;0m2
[perfect_drone_full_node-2] [0;33m Load param side_entry_v0/max_nudge_deg failed, use default value: [0;0m20
[perfect_drone_full_node-2] [0;33m Load param side_entry_v0/radius_m failed, use default value: [0;0m0.25
[perfect_drone_full_node-2] [0;33m Load param side_entry_v0/height_m failed, use default value: [0;0m3
[perfect_drone_full_node-2] [0;33m Load param side_entry_v0/point_spacing_m failed, use default value: [0;0m0.05
[perfect_drone_full_node-2] [0;33m Load param side_entry_v0/z_spacing_m failed, use default value: [0;0m0.1
[perfect_drone_full_node-2] [0;33m Load param side_entry_v0/sensing_horizon_m failed, use default value: [0;0m15
[perfect_drone_full_node-2] [0;33m Load param side_entry_v0/intensity failed, use default value: [0;0m14545
[perfect_drone_full_node-2] Load config file: /root/super_ws/src/SUPER/mars_uav_sim/perfect_drone_sim/config/shc4_deep_mirror_hazard.yaml
[perfect_drone_full_node-2] [0;32m Load param sensor_burst_dropout/enabled success: [0;0m1
[perfect_drone_full_node-2] [0;32m Load param sensor_burst_dropout/warmup_s success: [0;0m1
[perfect_drone_full_node-2] [0;32m Load param sensor_burst_dropout/period_s success: [0;0m2
[perfect_drone_full_node-2] [0;32m Load param sensor_burst_dropout/duration_s success: [0;0m0.5
[perfect_drone_full_node-2] [0;32m Load param sensor_burst_dropout/phase_s success: [0;0m0
[perfect_drone_full_node-2] Load config file: /root/super_ws/src/SUPER/mars_uav_sim/perfect_drone_sim/config/shc4_deep_mirror_hazard.yaml
[perfect_drone_full_node-2] [0;32m Load param sensing_blind success: [0;0m0.1
[perfect_drone_full_node-2] [0;32m Load param sensing_horizon success: [0;0m15
[perfect_drone_full_node-2] [0;32m Load param sensing_rate success: [0;0m10
[perfect_drone_full_node-2] [0;32m Load param lidar_type success: [0;0m2
[perfect_drone_full_node-2] [0;32m Load param pcd_name success: [0;0mseed_maps/shc4_deep_mirror_hazard.pcd
[perfect_drone_full_node-2] [0;32m Load param is_360lidar success: [0;0m1
[perfect_drone_full_node-2] [0;32m Load param polar_resolution success: [0;0m0.4
[perfect_drone_full_node-2] [0;33m Load param fx failed, use default value: [0;0m250
[perfect_drone_full_node-2] [0;33m Load param fy failed, use default value: [0;0m250
[perfect_drone_full_node-2] [0;33m Load param line_number failed, use default value: [0;0m64
[perfect_drone_full_node-2] [0;32m Load param downsample_res success: [0;0m0.1
[perfect_drone_full_node-2] [0;33m Load param yaw_fov failed, use default value: [0;0m360
[perfect_drone_full_node-2] [0;32m Load param vertical_fov success: [0;0m178
[perfect_drone_full_node-2] [0;32m Load param depth_image_en success: [0;0m0
[perfect_drone_full_node-2] [0;33m Load param inf_point_en failed, use default value: [0;0m0
[perfect_drone_full_node-2] [0;32m Load param print_time_consumption success: [0;0m0
[perfect_drone_full_node-2] GLAD init success
[perfect_drone_full_node-2] Load shader frome: /root/super_ws/src/SUPER/mars_uav_sim/marsim_render/config/pattern/360camera.vs
[perfect_drone_full_node-2] Now initing the point cloud data: 
[perfect_drone_full_node-2] Number of points = 11.7608X 10000
[perfect_drone_full_node-2] Load data finish 
[perfect_drone_full_node-2] ========== OpenGL Info ==========
[perfect_drone_full_node-2] Vendor: NVIDIA Corporation
[perfect_drone_full_node-2] Renderer: NVIDIA GeForce RTX 3050 Ti Laptop GPU/PCIe/SSE2
[perfect_drone_full_node-2] OpenGL Version: 3.3.0 NVIDIA 550.144.03
[perfect_drone_full_node-2] GLSL Version: 3.30 NVIDIA via Cg compiler
[perfect_drone_full_node-2] ========== OpenGL Info ==========
[perfect_drone_full_node-2] [WARN] [1789028813.612529413] [perfect_tracking]: SENSOR_BURST_DROPOUT armed before every cloud transport: warmup=1.000s period=2.000s duration=0.500s phase=0.000s env_override=1
[perfect_drone_full_node-2] [INFO] [1789028813.612603624] [perfect_drone_full_config]: Full raw DDS disabled: renderer -> ROG-Map uses direct latest-only SharedPtr handoff
[perfect_drone_full_node-2] [38;2;000;128;000m -- [Fsm]: [MainFsmCallback] change state from [INIT] to [WAIT_GOAL].
[perfect_drone_full_node-2] [0m -- [Fsm] MAP_NOT_READY reason=accepted_count,committed_count,map_version,scan_span,accepted_cloud_age,committed_cloud_age,map_age accepted=0 committed=0 version=0 lag=0 span=0.000s cloud_age=infs committed_cloud_age=infs commit_age=infs in_progress=false
[perfect_drone_full_node-2] Publish local map size: 20703
[perfect_drone_full_node-2] Publish local map size: 20719
[perfect_drone_full_node-2] Publish local map size: 20666
[perfect_drone_full_node-2] Publish local map size: 20703
[perfect_drone_full_node-2] Publish local map size: 20775
[perfect_drone_full_node-2] Publish local map size: 20647
[perfect_drone_full_node-2] Publish local map size: 20613
[perfect_drone_full_node-2] Publish local map size: 20612
[perfect_drone_full_node-2] Publish local map size: 20688
[perfect_drone_full_node-2] [32m -- [Fsm 1.001] Current state: WAIT_GOAL[0m
[perfect_drone_full_node-2] Publish local map size: 20710
[perfect_drone_full_node-2]  -- [Fsm] MAP_NOT_READY reason=scan_span accepted=10 committed=10 version=10 lag=0 span=0.893s cloud_age=0.039s committed_cloud_age=0.039s commit_age=0.023s in_progress=false
[perfect_drone_full_node-2] Publish local map size: 20633
[perfect_drone_full_node-2] Publish local map size: 20710
[perfect_drone_full_node-2] Publish local map size: 20703
[perfect_drone_full_node-2] Publish local map size: 20696
[perfect_drone_full_node-2] Publish local map size: 20629
[perfect_drone_full_node-2] Publish local map size: 20772
[perfect_drone_full_node-2] Publish local map size: 20775
[perfect_drone_full_node-2]  -- [Fsm] MAP_READY accepted=12 committed=12 version=12 lag=0 span=1.593s cloud_age=0.028s committed_cloud_age=0.028s commit_age=0.009s in_progress=false
[perfect_drone_full_node-2] [32m -- [Fsm] Get goal at [0m24.525 20.025  1.525
[perfect_drone_full_node-2] [32m -- [Fsm] Receive click goal at: [24.525 20.025  1.525]; goal yaw: 0.000 deg[0m
[perfect_drone_full_node-2] [38;2;000;128;000m -- [Fsm]: [MainFsmCallback] change state from [WAIT_GOAL] to [GENERATE_TRAJ].
[perfect_drone_full_node-2] [0mPublish local map size: 20775
[perfect_drone_full_node-2] [INFO] [1789028815.445270553] [fsm_node]:  -- [OPTIMIZER_PHASE_MEMORY] optimizer=exp event=begin call=1 rss_mib=3212.656 swap_mib=0.000 variables=17 pieces=5
[perfect_drone_full_node-2] [INFO] [1789028815.453050977] [fsm_node]:  -- [OPTIMIZER_PHASE_MEMORY] optimizer=exp event=end call=1 duration_ms=7.829 iterations=425 ret=1 rss_mib=3212.676 swap_mib=0.000 rss_delta_mib=0.020
[perfect_drone_full_node-2] [INFO] [1789028815.453109204] [fsm_node]:  -- [SUPER] in [PlanFromRest] GenerateExpTrajectory SUCCESS.
[perfect_drone_full_node-2] [INFO] [1789028815.470069892] [fsm_node]:  -- [OPTIMIZER_PHASE_MEMORY] optimizer=backup event=begin call=1 rss_mib=3212.754 swap_mib=0.000 variables=52 pieces=2
[perfect_drone_full_node-2] [INFO] [1789028815.473553213] [fsm_node]:  -- [OPTIMIZER_PHASE_MEMORY] optimizer=backup event=end call=1 duration_ms=3.510 iterations=182 ret=1 rss_mib=3212.785 swap_mib=0.000 rss_delta_mib=0.031
[perfect_drone_full_node-2] [INFO] [1789028815.473716203] [fsm_node]:  -- [OPTIMIZER_PHASE_MEMORY] optimizer=backup event=begin call=2 rss_mib=3212.797 swap_mib=0.000 variables=52 pieces=2
[perfect_drone_full_node-2] [INFO] [1789028815.479617342] [fsm_node]:  -- [OPTIMIZER_PHASE_MEMORY] optimizer=backup event=end call=2 duration_ms=5.896 iterations=302 ret=1 rss_mib=3212.969 swap_mib=0.000 rss_delta_mib=0.172
[perfect_drone_full_node-2] [INFO] [1789028815.479823356] [fsm_node]:  -- [TRAJ_GUARD_COMMIT] phase=PlanFromRest/with_backup gen=1 map=13 samples=162 range=[0.125,0.922] escape=false footprint_egress=false escape_done_tt=-1.000
[perfect_drone_full_node-2]  -- [TRAJ_GUARD_CERT] trigger=poly_publish status=SAFE gen=1 map=13 map_age=0.047s map_age_limit=0.550s motion_speed=0.396mps samples=161 range=[0.125,0.922] collision_tt=-1.000 ttc=-1.000 p=[0.000,0.000,0.000]
[perfect_drone_full_node-2] [38;2;000;128;000m -- [Fsm]: [MainFsmCallback] change state from [GENERATE_TRAJ] to [FOLLOW_TRAJ].
[perfect_drone_full_node-2] [0mPublish local map size: 24637
[perfect_drone_full_node-2] [INFO] [1789028815.582255355] [fsm_node]:  -- [OPTIMIZER_PHASE_MEMORY] optimizer=exp event=begin call=2 rss_mib=3213.129 swap_mib=0.000 variables=13 pieces=4
[perfect_drone_full_node-2] [INFO] [1789028815.587770424] [fsm_node]:  -- [OPTIMIZER_PHASE_MEMORY] optimizer=exp event=end call=2 duration_ms=5.568 iterations=541 ret=1 rss_mib=3213.129 swap_mib=0.000 rss_delta_mib=0.000
[perfect_drone_full_node-2] [INFO] [1789028815.599058917] [fsm_node]:  -- [OPTIMIZER_PHASE_MEMORY] optimizer=backup event=begin call=3 rss_mib=3213.129 swap_mib=0.000 variables=54 pieces=2
[perfect_drone_full_node-2] [INFO] [1789028815.601690131] [fsm_node]:  -- [OPTIMIZER_PHASE_MEMORY] optimizer=backup event=end call=3 duration_ms=2.644 iterations=241 ret=1 rss_mib=3213.133 swap_mib=0.000 rss_delta_mib=0.004
[perfect_drone_full_node-2] [INFO] [1789028815.601827394] [fsm_node]:  -- [OPTIMIZER_PHASE_MEMORY] optimizer=backup event=begin call=4 rss_mib=3213.133 swap_mib=0.000 variables=54 pieces=2
[perfect_drone_full_node-2] [INFO] [1789028815.602826555] [fsm_node]:  -- [OPTIMIZER_PHASE_MEMORY] optimizer=backup event=end call=4 duration_ms=0.999 iterations=93 ret=1 rss_mib=3213.133 swap_mib=0.000 rss_delta_mib=0.000
[perfect_drone_full_node-2] [INFO] [1789028815.603017525] [fsm_node]:  -- [TRAJ_GUARD_COMMIT] phase=ReplanOnce/with_backup gen=2 map=14 samples=125 range=[0.038,0.651] escape=false footprint_egress=false escape_done_tt=-1.000
[perfect_drone_full_node-2]  -- [TRAJ_GUARD_CERT] trigger=main_pre status=SAFE gen=1 map=14 map_age=0.006s map_age_limit=0.550s motion_speed=0.981mps samples=148 range=[0.190,0.922] collision_tt=-1.000 ttc=-1.000 p=[0.000,0.000,0.000]
[perfect_drone_full_node-2] [32m -- [Fsm] ReplanOnce succeed.[0m
[perfect_drone_full_node-2]  -- [TRAJ_GUARD_CERT] trigger=poly_publish status=SAFE gen=2 map=14 map_age=0.064s map_age_limit=0.550s motion_speed=1.904mps samples=124 range=[0.039,0.651] collision_tt=-1.000 ttc=-1.000 p=[0.000,0.000,0.000]
[perfect_drone_full_node-2] [32m -- [Fsm 2.001] Current state: FOLLOW_TRAJ[0m
[perfect_drone_full_node-2] Publish local map size: 31602
[perfect_drone_full_node-2] [INFO] [1789028815.643994074] [fsm_node]:  -- [OPTIMIZER_PHASE_MEMORY] optimizer=exp event=begin call=3 rss_mib=3213.871 swap_mib=0.000 variables=17 pieces=5
[perfect_drone_full_node-2]  -- [TRAJ_GUARD_CERT] trigger=main_pre status=SAFE gen=2 map=15 map_age=0.011s map_age_limit=0.543s motion_speed=2.634mps samples=116 range=[0.080,0.651] collision_tt=-1.000 ttc=-1.000 p=[0.000,0.000,0.000]
[perfect_drone_full_node-2] [32m -- [Fsm] Get goal at [0m24.525000000000002 20.025000000000002  1.525000000000000
[perfect_drone_full_node-2] [32m -- [Fsm] Receive click goal at: [24.525000000000002 20.025000000000002  1.525000000000000]; goal yaw: 0.000000000000000 deg[0m
[perfect_drone_full_node-2] [INFO] [1789028815.650014703] [fsm_node]:  -- [OPTIMIZER_PHASE_MEMORY] optimizer=exp event=end call=3 duration_ms=6.062 iterations=510 ret=1 rss_mib=3213.906 swap_mib=0.000 rss_delta_mib=0.035
[perfect_drone_full_node-2] [INFO] [1789028815.666627252] [fsm_node]:  -- [OPTIMIZER_PHASE_MEMORY] optimizer=backup event=begin call=5 rss_mib=3213.973 swap_mib=0.000 variables=58 pieces=2
[perfect_drone_full_node-2] [INFO] [1789028815.674512361] [fsm_node]:  -- [OPTIMIZER_PHASE_MEMORY] optimizer=backup event=end call=5 duration_ms=7.898 iterations=265 ret=1 rss_mib=3214.004 swap_mib=0.000 rss_delta_mib=0.031
[perfect_drone_full_node-2] [INFO] [1789028815.674835683] [fsm_node]:  -- [OPTIMIZER_PHASE_MEMORY] optimizer=backup event=begin call=6 rss_mib=3214.016 swap_mib=0.000 variables=58 pieces=2
[perfect_drone_full_node-2] [INFO] [1789028815.687059146] [fsm_node]:  -- [OPTIMIZER_PHASE_MEMORY] optimizer=backup event=end call=6 duration_ms=12.213 iterations=410 ret=1 rss_mib=3214.184 swap_mib=0.000 rss_delta_mib=0.168
[perfect_drone_full_node-2] [WARN] [1789028815.687347112] [fsm_node]:  -- [TRAJ_GUARD_VIABILITY_SLOWDOWN] phase=ReplanOnce/with_backup gen=3 scale=1.250 retries=1
[perfect_drone_full_node-2] [INFO] [1789028815.687355733] [fsm_node]:  -- [TRAJ_GUARD_COMMIT] phase=ReplanOnce/with_backup gen=3 map=15 samples=160 range=[0.057,0.842] escape=false footprint_egress=false escape_done_tt=-1.000
[perfect_drone_full_node-2] [32m -- [Fsm] ReplanOnce succeed.[0m
[perfect_drone_full_node-2] [INFO] [1789028815.710144223] [fsm_node]:  -- [OPTIMIZER_PHASE_MEMORY] optimizer=exp event=begin call=4 rss_mib=3214.367 swap_mib=0.000 variables=13 pieces=4
[perfect_drone_full_node-2] [INFO] [1789028815.713277589] [fsm_node]:  -- [OPTIMIZER_PHASE_MEMORY] optimizer=exp event=end call=4 duration_ms=3.187 iterations=405 ret=1 rss_mib=3214.375 swap_mib=0.000 rss_delta_mib=0.008
[perfect_drone_full_node-2]  -- [TRAJ_GUARD_CERT] trigger=poly_publish status=SAFE gen=3 map=15 map_age=0.054s map_age_limit=0.500s motion_speed=3.603mps samples=159 range=[0.057,0.842] collision_tt=-1.000 ttc=-1.000 p=[0.000,0.000,0.000]
[perfect_drone_full_node-2] Publish local map size: 30366
[perfect_drone_full_node-2] [INFO] [1789028815.732008414] [fsm_node]:  -- [OPTIMIZER_PHASE_MEMORY] optimizer=backup event=begin call=7 rss_mib=3214.539 swap_mib=0.000 variables=64 pieces=2
[perfect_drone_full_node-2] [INFO] [1789028815.744222739] [fsm_node]:  -- [OPTIMIZER_PHASE_MEMORY] optimizer=backup event=end call=7 duration_ms=12.221 iterations=362 ret=1 rss_mib=3214.547 swap_mib=0.000 rss_delta_mib=0.008
[perfect_drone_full_node-2] [INFO] [1789028815.744582166] [fsm_node]:  -- [OPTIMIZER_PHASE_MEMORY] optimizer=backup event=begin call=8 rss_mib=3214.586 swap_mib=0.000 variables=64 pieces=2
[perfect_drone_full_node-2] [INFO] [1789028815.778660339] [fsm_node]:  -- [OPTIMIZER_PHASE_MEMORY] optimizer=backup event=end call=8 duration_ms=34.063 iterations=890 ret=1 rss_mib=3214.789 swap_mib=0.000 rss_delta_mib=0.203
[perfect_drone_full_node-2] [INFO] [1789028815.778893362] [fsm_node]:  -- [TRAJ_GUARD_COMMIT] phase=ReplanOnce/with_backup gen=4 map=16 samples=149 range=[0.082,0.813] escape=false footprint_egress=false escape_done_tt=-1.000
[perfect_drone_full_node-2]  -- [TRAJ_GUARD_CERT] trigger=main_pre status=SAFE gen=3 map=16 map_age=0.011s map_age_limit=0.508s motion_speed=3.331mps samples=147 range=[0.114,0.842] collision_tt=-1.000 ttc=-1.000 p=[0.000,0.000,0.000]
[perfect_drone_full_node-2] [32m -- [Fsm] ReplanOnce succeed.[0m
[perfect_drone_full_node-2] [INFO] [1789028815.795687792] [fsm_node]:  -- [OPTIMIZER_PHASE_MEMORY] optimizer=exp event=begin call=5 rss_mib=3215.012 swap_mib=0.000 variables=17 pieces=5
[perfect_drone_full_node-2] [INFO] [1789028815.799454980] [fsm_node]:  -- [OPTIMIZER_PHASE_MEMORY] optimizer=exp event=end call=5 duration_ms=3.810 iterations=349 ret=1 rss_mib=3215.023 swap_mib=0.000 rss_delta_mib=0.012
[perfect_drone_full_node-2]  -- [TRAJ_GUARD_CERT] trigger=poly_publish status=SAFE gen=4 map=16 map_age=0.046s map_age_limit=0.500s motion_speed=3.796mps samples=148 range=[0.082,0.813] collision_tt=-1.000 ttc=-1.000 p=[0.000,0.000,0.000]
[perfect_drone_full_node-2] Publish local map size: 30465
[perfect_drone_full_node-2] [INFO] [1789028815.818602217] [fsm_node]:  -- [OPTIMIZER_PHASE_MEMORY] optimizer=backup event=begin call=9 rss_mib=3215.148 swap_mib=0.000 variables=54 pieces=2
[perfect_drone_full_node-2] [INFO] [1789028815.821405191] [fsm_node]:  -- [OPTIMIZER_PHASE_MEMORY] optimizer=backup event=end call=9 duration_ms=2.833 iterations=257 ret=1 rss_mib=3215.188 swap_mib=0.000 rss_delta_mib=0.039
[perfect_drone_full_node-2] [INFO] [1789028815.821559834] [fsm_node]:  -- [OPTIMIZER_PHASE_MEMORY] optimizer=backup event=begin call=10 rss_mib=3215.199 swap_mib=0.000 variables=54 pieces=2
[perfect_drone_full_node-2] [INFO] [1789028815.824778114] [fsm_node]:  -- [OPTIMIZER_PHASE_MEMORY] optimizer=backup event=end call=10 duration_ms=3.217 iterations=291 ret=1 rss_mib=3215.344 swap_mib=0.000 rss_delta_mib=0.145
[perfect_drone_full_node-2] [INFO] [1789028815.825012717] [fsm_node]:  -- [TRAJ_GUARD_COMMIT] phase=ReplanOnce/with_backup gen=5 map=16 samples=139 range=[0.046,0.730] escape=false footprint_egress=false escape_done_tt=-1.000
[perfect_drone_full_node-2] [32m -- [Fsm] ReplanOnce succeed.[0m
[perfect_drone_full_node-2] [INFO] [1789028815.846235932] [fsm_node]:  -- [OPTIMIZER_PHASE_MEMORY] optimizer=exp event=begin call=6 rss_mib=3215.609 swap_mib=0.000 variables=17 pieces=5
[perfect_drone_full_node-2] [INFO] [1789028815.860872911] [fsm_node]:  -- [OPTIMIZER_PHASE_MEMORY] optimizer=exp event=end call=6 duration_ms=14.682 iterations=1210 ret=1 rss_mib=3215.625 swap_mib=0.000 rss_delta_mib=0.016
[perfect_drone_full_node-2] [INFO] [1789028815.914822014] [fsm_node]:  -- [OPTIMIZER_PHASE_MEMORY] optimizer=backup event=begin call=11 rss_mib=3215.871 swap_mib=0.000 variables=66 pieces=2
[perfect_drone_full_node-2]  -- [TRAJ_GUARD_CERT] trigger=poly_publish status=SAFE gen=5 map=16 map_age=0.092s map_age_limit=0.500s motion_speed=4.304mps samples=138 range=[0.046,0.730] collision_tt=-1.000 ttc=-1.000 p=[0.000,0.000,0.000]
[perfect_drone_full_node-2]  -- [TRAJ_GUARD_CERT] trigger=main_pre status=SAFE gen=5 map=17 map_age=0.009s map_age_limit=0.500s motion_speed=4.389mps samples=134 range=[0.065,0.730] collision_tt=-1.000 ttc=-1.000 p=[0.000,0.000,0.000]
[perfect_drone_full_node-2] Publish local map size: 23784
[perfect_drone_full_node-2] [INFO] [1789028815.920346629] [fsm_node]:  -- [OPTIMIZER_PHASE_MEMORY] optimizer=backup event=end call=11 duration_ms=5.553 iterations=276 ret=1 rss_mib=3215.875 swap_mib=0.000 rss_delta_mib=0.004
[perfect_drone_full_node-2] [INFO] [1789028815.920693065] [fsm_node]:  -- [OPTIMIZER_PHASE_MEMORY] optimizer=backup event=begin call=12 rss_mib=3215.887 swap_mib=0.000 variables=66 pieces=2
[perfect_drone_full_node-2] [INFO] [1789028815.939020476] [fsm_node]:  -- [OPTIMIZER_PHASE_MEMORY] optimizer=backup event=end call=12 duration_ms=18.293 iterations=1223 ret=1 rss_mib=3215.887 swap_mib=0.000 rss_delta_mib=0.000
[perfect_drone_full_node-2] [WARN] [1789028815.939175540] [fsm_node]:  -- [SUPER] in [ReplanOnce]: Replan overtime, check parameters, replan dt = 0.110820444.
[perfect_drone_full_node-2] [INFO] [1789028815.955932777] [fsm_node]:  -- [OPTIMIZER_PHASE_MEMORY] optimizer=exp event=begin call=7 rss_mib=3215.887 swap_mib=0.000 variables=17 pieces=5
[perfect_drone_full_node-2] [INFO] [1789028815.961087921] [fsm_node]:  -- [OPTIMIZER_PHASE_MEMORY] optimizer=exp event=end call=7 duration_ms=5.201 iterations=442 ret=1 rss_mib=3215.887 swap_mib=0.000 rss_delta_mib=0.000
[perfect_drone_full_node-2] [INFO] [1789028815.976954845] [fsm_node]:  -- [OPTIMIZER_PHASE_MEMORY] optimizer=backup event=begin call=13 rss_mib=3215.895 swap_mib=0.000 variables=64 pieces=2
[perfect_drone_full_node-2] [INFO] [1789028815.979788601] [fsm_node]:  -- [OPTIMIZER_PHASE_MEMORY] optimizer=backup event=end call=13 duration_ms=2.870 iterations=159 ret=1 rss_mib=3215.895 swap_mib=0.000 rss_delta_mib=0.000
[perfect_drone_full_node-2] [INFO] [1789028815.979998414] [fsm_node]:  -- [OPTIMIZER_PHASE_MEMORY] optimizer=backup event=begin call=14 rss_mib=3215.895 swap_mib=0.000 variables=64 pieces=2
[perfect_drone_full_node-2] [INFO] [1789028815.987100945] [fsm_node]:  -- [OPTIMIZER_PHASE_MEMORY] optimizer=backup event=end call=14 duration_ms=7.096 iterations=378 ret=1 rss_mib=3215.895 swap_mib=0.000 rss_delta_mib=0.000
[perfect_drone_full_node-2] [INFO] [1789028815.987319946] [fsm_node]:  -- [TRAJ_GUARD_COMMIT] phase=ReplanOnce/with_backup gen=6 map=18 samples=142 range=[0.048,0.747] escape=false footprint_egress=false escape_done_tt=-1.000
[perfect_drone_full_node-2]  -- [TRAJ_GUARD_CERT] trigger=main_pre status=SAFE gen=5 map=18 map_age=0.003s map_age_limit=0.500s motion_speed=4.812mps samples=114 range=[0.165,0.730] collision_tt=-1.000 ttc=-1.000 p=[0.000,0.000,0.000]
[perfect_drone_full_node-2] [32m -- [Fsm] ReplanOnce succeed.[0m
[perfect_drone_full_node-2] [INFO] [1789028816.005278158] [fsm_node]:  -- [OPTIMIZER_PHASE_MEMORY] optimizer=exp event=begin call=8 rss_mib=3215.895 swap_mib=0.000 variables=17 pieces=5
[perfect_drone_full_node-2]  -- [TRAJ_GUARD_CERT] trigger=poly_publish status=SAFE gen=6 map=18 map_age=0.046s map_age_limit=0.500s motion_speed=4.929mps samples=141 range=[0.048,0.747] collision_tt=-1.000 ttc=-1.000 p=[0.000,0.000,0.000]
[perfect_drone_full_node-2] Publish local map size: 27190
[perfect_drone_full_node-2] [INFO] [1789028816.023153121] [fsm_node]:  -- [OPTIMIZER_PHASE_MEMORY] optimizer=exp event=end call=8 duration_ms=17.890 iterations=1385 ret=1 rss_mib=3216.340 swap_mib=0.000 rss_delta_mib=0.445
[perfect_drone_full_node-2] [INFO] [1789028816.067387452] [fsm_node]:  -- [OPTIMIZER_PHASE_MEMORY] optimizer=backup event=begin call=15 rss_mib=3216.570 swap_mib=0.000 variables=54 pieces=2
[perfect_drone_full_node-2] [INFO] [1789028816.069349080] [fsm_node]:  -- [OPTIMIZER_PHASE_MEMORY] optimizer=backup event=end call=15 duration_ms=1.993 iterations=141 ret=1 rss_mib=3216.570 swap_mib=0.000 rss_delta_mib=0.000
[perfect_drone_full_node-2] [INFO] [1789028816.069485277] [fsm_node]:  -- [OPTIMIZER_PHASE_MEMORY] optimizer=backup event=begin call=16 rss_mib=3216.570 swap_mib=0.000 variables=54 pieces=2
[perfect_drone_full_node-2] [INFO] [1789028816.077428100] [fsm_node]:  -- [OPTIMIZER_PHASE_MEMORY] optimizer=backup event=end call=16 duration_ms=7.925 iterations=491 ret=1 rss_mib=3216.570 swap_mib=0.000 rss_delta_mib=0.000
[perfect_drone_full_node-2] [INFO] [1789028816.077688181] [fsm_node]:  -- [TRAJ_GUARD_COMMIT] phase=ReplanOnce/with_backup gen=7 map=19 samples=178 range=[0.090,0.968] escape=false footprint_egress=false escape_done_tt=-1.000
[perfect_drone_full_node-2]  -- [TRAJ_GUARD_CERT] trigger=main_pre status=SAFE gen=6 map=19 map_age=0.006s map_age_limit=0.500s motion_speed=5.094mps samples=130 range=[0.105,0.747] collision_tt=-1.000 ttc=-1.000 p=[0.000,0.000,0.000]
[perfect_drone_full_node-2] [32m -- [Fsm] ReplanOnce succeed.[0m
[perfect_drone_full_node-2] [INFO] [1789028816.098082035] [fsm_node]:  -- [OPTIMIZER_PHASE_MEMORY] optimizer=exp event=begin call=9 rss_mib=3216.617 swap_mib=0.000 variables=13 pieces=4
[perfect_drone_full_node-2] [INFO] [1789028816.102171432] [fsm_node]:  -- [OPTIMIZER_PHASE_MEMORY] optimizer=exp event=end call=9 duration_ms=4.133 iterations=480 ret=1 rss_mib=3216.660 swap_mib=0.000 rss_delta_mib=0.043
[perfect_drone_full_node-2]  -- [TRAJ_GUARD_CERT] trigger=poly_publish status=SAFE gen=7 map=19 map_age=0.039s map_age_limit=0.500s motion_speed=5.257mps samples=177 range=[0.090,0.968] collision_tt=-1.000 ttc=-1.000 p=[0.000,0.000,0.000]
[perfect_drone_full_node-2] Publish local map size: 42744
[perfect_drone_full_node-2] [INFO] [1789028816.208888569] [fsm_node]:  -- [OPTIMIZER_PHASE_MEMORY] optimizer=backup event=begin call=17 rss_mib=3218.023 swap_mib=0.000 variables=30 pieces=2
[perfect_drone_full_node-2] [INFO] [1789028816.214722634] [fsm_node]:  -- [OPTIMIZER_PHASE_MEMORY] optimizer=backup event=end call=17 duration_ms=5.872 iterations=826 ret=1 rss_mib=3218.023 swap_mib=0.000 rss_delta_mib=0.000
[perfect_drone_full_node-2] [INFO] [1789028816.214831737] [fsm_node]:  -- [OPTIMIZER_PHASE_MEMORY] optimizer=backup event=begin call=18 rss_mib=3218.035 swap_mib=0.000 variables=30 pieces=2
[perfect_drone_full_node-2]  -- [TRAJ_GUARD_CERT] trigger=main_pre status=SAFE gen=7 map=20 map_age=0.011s map_age_limit=0.500s motion_speed=5.514mps samples=162 range=[0.167,0.968] collision_tt=-1.000 ttc=-1.000 p=[0.000,0.000,0.000]
[perfect_drone_full_node-2]  -- [MARSIM] Running FPS: 253.465979099253758
[perfect_drone_full_node-2] Publish local map size: 43609
[perfect_drone_full_node-2] [INFO] [1789028816.216013848] [fsm_node]:  -- [OPTIMIZER_PHASE_MEMORY] optimizer=backup event=end call=18 duration_ms=1.179 iterations=272 ret=1 rss_mib=3218.062 swap_mib=0.000 rss_delta_mib=0.027
[perfect_drone_full_node-2] [WARN] [1789028816.216047631] [fsm_node]:  -- [SUPER] in [ReplanOnce]: Replan overtime, check parameters, replan dt = 0.138079171.
[perfect_drone_full_node-2] [INFO] [1789028816.237243314] [fsm_node]:  -- [OPTIMIZER_PHASE_MEMORY] optimizer=exp event=begin call=10 rss_mib=3218.070 swap_mib=0.000 variables=17 pieces=5
[perfect_drone_full_node-2] [INFO] [1789028816.250000361] [fsm_node]:  -- [OPTIMIZER_PHASE_MEMORY] optimizer=exp event=end call=10 duration_ms=12.794 iterations=1031 ret=1 rss_mib=3218.141 swap_mib=0.000 rss_delta_mib=0.070
[perfect_drone_full_node-2]  -- [TRAJ_GUARD_CERT] trigger=main_pre status=SAFE gen=7 map=21 map_age=0.008s map_age_limit=0.500s motion_speed=6.025mps samples=144 range=[0.257,0.968] collision_tt=-1.000 ttc=-1.000 p=[0.000,0.000,0.000]
[perfect_drone_full_node-2] Publish local map size: 45585
[perfect_drone_full_node-2] [INFO] [1789028816.335682491] [fsm_node]:  -- [OPTIMIZER_PHASE_MEMORY] optimizer=backup event=begin call=19 rss_mib=3218.320 swap_mib=0.000 variables=18 pieces=2
[perfect_drone_full_node-2] [INFO] [1789028816.336633872] [fsm_node]:  -- [OPTIMIZER_PHASE_MEMORY] optimizer=backup event=end call=19 duration_ms=0.995 iterations=217 ret=1 rss_mib=3218.336 swap_mib=0.000 rss_delta_mib=0.016
[perfect_drone_full_node-2] [INFO] [1789028816.336705824] [fsm_node]:  -- [OPTIMIZER_PHASE_MEMORY] optimizer=backup event=begin call=20 rss_mib=3218.348 swap_mib=0.000 variables=18 pieces=2
[perfect_drone_full_node-2] [INFO] [1789028816.338408244] [fsm_node]:  -- [OPTIMIZER_PHASE_MEMORY] optimizer=backup event=end call=20 duration_ms=1.701 iterations=391 ret=1 rss_mib=3218.367 swap_mib=0.000 rss_delta_mib=0.020
[perfect_drone_full_node-2] [WARN] [1789028816.338442427] [fsm_node]:  -- [SUPER] in [ReplanOnce]: Replan overtime, check parameters, replan dt = 0.12223908.
[perfect_drone_full_node-2] [INFO] [1789028816.360558954] [fsm_node]:  -- [OPTIMIZER_PHASE_MEMORY] optimizer=exp event=begin call=11 rss_mib=3218.367 swap_mib=0.000 variables=17 pieces=5
[perfect_drone_full_node-2] [INFO] [1789028816.385240516] [fsm_node]:  -- [OPTIMIZER_PHASE_MEMORY] optimizer=exp event=end call=11 duration_ms=24.707 iterations=2073 ret=1 rss_mib=3218.367 swap_mib=0.000 rss_delta_mib=0.000
[perfect_drone_full_node-2]  -- [TRAJ_GUARD_CERT] trigger=replan_post status=SAFE gen=7 map=22 map_age=0.003s map_age_limit=0.500s motion_speed=6.730mps samples=125 range=[0.351,0.968] collision_tt=-1.000 ttc=-1.000 p=[0.000,0.000,0.000]
[perfect_drone_full_node-2] Publish local map size: 67870
[perfect_drone_full_node-2] [INFO] [1789028816.471721088] [fsm_node]:  -- [OPTIMIZER_PHASE_MEMORY] optimizer=backup event=begin call=21 rss_mib=3222.477 swap_mib=0.000 variables=18 pieces=2
[perfect_drone_full_node-2] [INFO] [1789028816.473090892] [fsm_node]:  -- [OPTIMIZER_PHASE_MEMORY] optimizer=backup event=end call=21 duration_ms=1.413 iterations=305 ret=1 rss_mib=3222.477 swap_mib=0.000 rss_delta_mib=0.000
[perfect_drone_full_node-2] [INFO] [1789028816.473158575] [fsm_node]:  -- [OPTIMIZER_PHASE_MEMORY] optimizer=backup event=begin call=22 rss_mib=3222.477 swap_mib=0.000 variables=18 pieces=2
[perfect_drone_full_node-2] [INFO] [1789028816.473642179] [fsm_node]:  -- [OPTIMIZER_PHASE_MEMORY] optimizer=backup event=end call=22 duration_ms=0.484 iterations=127 ret=1 rss_mib=3222.477 swap_mib=0.000 rss_delta_mib=0.000
[perfect_drone_full_node-2] [WARN] [1789028816.473677105] [fsm_node]:  -- [SUPER] in [ReplanOnce]: Replan overtime, check parameters, replan dt = 0.135065214.
[perfect_drone_full_node-2] [INFO] [1789028816.501357369] [fsm_node]:  -- [OPTIMIZER_PHASE_MEMORY] optimizer=exp event=begin call=12 rss_mib=3222.477 swap_mib=0.000 variables=13 pieces=4
[perfect_drone_full_node-2] [INFO] [1789028816.502472596] [fsm_node]:  -- [OPTIMIZER_PHASE_MEMORY] optimizer=exp event=end call=12 duration_ms=1.155 iterations=137 ret=1 rss_mib=3222.477 swap_mib=0.000 rss_delta_mib=0.000
[perfect_drone_full_node-2]  -- [TRAJ_GUARD_CERT] trigger=main_pre status=SAFE gen=7 map=23 map_age=0.008s map_age_limit=0.500s motion_speed=7.002mps samples=104 range=[0.457,0.968] collision_tt=-1.000 ttc=-1.000 p=[0.000,0.000,0.000]
[perfect_drone_full_node-2] Publish local map size: 69204
[perfect_drone_full_node-2] [INFO] [1789028816.586898070] [fsm_node]:  -- [OPTIMIZER_PHASE_MEMORY] optimizer=backup event=begin call=23 rss_mib=3222.637 swap_mib=0.000 variables=18 pieces=2
[perfect_drone_full_node-2] [INFO] [1789028816.590808095] [fsm_node]:  -- [OPTIMIZER_PHASE_MEMORY] optimizer=backup event=end call=23 duration_ms=3.943 iterations=710 ret=1 rss_mib=3222.637 swap_mib=0.000 rss_delta_mib=0.000
[perfect_drone_full_node-2] [INFO] [1789028816.590876960] [fsm_node]:  -- [OPTIMIZER_PHASE_MEMORY] optimizer=backup event=begin call=24 rss_mib=3222.637 swap_mib=0.000 variables=18 pieces=2
[perfect_drone_full_node-2] [INFO] [1789028816.591549855] [fsm_node]:  -- [OPTIMIZER_PHASE_MEMORY] optimizer=backup event=end call=24 duration_ms=0.672 iterations=172 ret=1 rss_mib=3222.637 swap_mib=0.000 rss_delta_mib=0.000
[perfect_drone_full_node-2] [WARN] [1789028816.591582216] [fsm_node]:  -- [SUPER] in [ReplanOnce]: Replan overtime, check parameters, replan dt = 0.117843293.
[perfect_drone_full_node-2]  -- [TRAJ_GUARD_CERT] trigger=main_pre status=SAFE gen=7 map=24 map_age=0.002s map_age_limit=0.500s motion_speed=6.718mps samples=86 range=[0.547,0.968] collision_tt=-1.000 ttc=-1.000 p=[0.000,0.000,0.000]
[perfect_drone_full_node-2] Publish local map size: 56001
[perfect_drone_full_node-2] [INFO] [1789028816.622518502] [fsm_node]:  -- [OPTIMIZER_PHASE_MEMORY] optimizer=exp event=begin call=13 rss_mib=3222.637 swap_mib=0.000 variables=17 pieces=5
[perfect_drone_full_node-2] [32m -- [Fsm 3.011] Current state: FOLLOW_TRAJ[0m
[perfect_drone_full_node-2] [INFO] [1789028816.626284911] [fsm_node]:  -- [OPTIMIZER_PHASE_MEMORY] optimizer=exp event=end call=13 duration_ms=3.830 iterations=355 ret=1 rss_mib=3222.637 swap_mib=0.000 rss_delta_mib=0.000
[perfect_drone_full_node-2]  -- [TRAJ_GUARD_CERT] trigger=main_pre status=SAFE gen=7 map=25 map_age=0.008s map_age_limit=0.500s motion_speed=4.936mps samples=64 range=[0.657,0.968] collision_tt=-1.000 ttc=-1.000 p=[0.000,0.000,0.000]
[perfect_drone_full_node-2] [32m -- [Fsm] Get goal at [0m24.525 20.025  1.525
[perfect_drone_full_node-2] [32m -- [Fsm] Receive click goal at: [24.525 20.025  1.525]; goal yaw: 0.000 deg[0m
[perfect_drone_full_node-2] [INFO] [1789028816.707261428] [fsm_node]:  -- [OPTIMIZER_PHASE_MEMORY] optimizer=backup event=begin call=25 rss_mib=3222.641 swap_mib=0.000 variables=18 pieces=2
[perfect_drone_full_node-2] Publish local map size: 50621
[perfect_drone_full_node-2] [INFO] [1789028816.722340060] [fsm_node]:  -- [OPTIMIZER_PHASE_MEMORY] optimizer=backup event=end call=25 duration_ms=15.112 iterations=2127 ret=1 rss_mib=3222.641 swap_mib=0.000 rss_delta_mib=0.000
[perfect_drone_full_node-2] [INFO] [1789028816.722499775] [fsm_node]:  -- [OPTIMIZER_PHASE_MEMORY] optimizer=backup event=begin call=26 rss_mib=3222.641 swap_mib=0.000 variables=18 pieces=2
[perfect_drone_full_node-2] [INFO] [1789028816.726895560] [fsm_node]:  -- [OPTIMIZER_PHASE_MEMORY] optimizer=backup event=end call=26 duration_ms=4.393 iterations=720 ret=1 rss_mib=3222.641 swap_mib=0.000 rss_delta_mib=0.000
[perfect_drone_full_node-2] [WARN] [1789028816.726933252] [fsm_node]:  -- [SUPER] in [ReplanOnce]: Replan overtime, check parameters, replan dt = 0.135237657.
[perfect_drone_full_node-2] [INFO] [1789028816.760126049] [fsm_node]:  -- [OPTIMIZER_PHASE_MEMORY] optimizer=exp event=begin call=14 rss_mib=3222.641 swap_mib=0.000 variables=13 pieces=4
[perfect_drone_full_node-2] [INFO] [1789028816.764389841] [fsm_node]:  -- [OPTIMIZER_PHASE_MEMORY] optimizer=exp event=end call=14 duration_ms=4.321 iterations=461 ret=1 rss_mib=3222.641 swap_mib=0.000 rss_delta_mib=0.000
[perfect_drone_full_node-2]  -- [TRAJ_GUARD_CERT] trigger=main_pre status=SAFE gen=7 map=26 map_age=0.008s map_age_limit=0.522s motion_speed=3.055mps samples=44 range=[0.757,0.968] collision_tt=-1.000 ttc=-1.000 p=[0.000,0.000,0.000]
[perfect_drone_full_node-2] Publish local map size: 52171
[perfect_drone_full_node-2] [INFO] [1789028816.846632893] [fsm_node]:  -- [OPTIMIZER_PHASE_MEMORY] optimizer=backup event=begin call=27 rss_mib=3223.242 swap_mib=0.000 variables=26 pieces=2
[perfect_drone_full_node-2] [INFO] [1789028816.850822496] [fsm_node]:  -- [OPTIMIZER_PHASE_MEMORY] optimizer=backup event=end call=27 duration_ms=4.232 iterations=647 ret=1 rss_mib=3223.242 swap_mib=0.000 rss_delta_mib=0.000
[perfect_drone_full_node-2] [INFO] [1789028816.850905821] [fsm_node]:  -- [OPTIMIZER_PHASE_MEMORY] optimizer=backup event=begin call=28 rss_mib=3223.242 swap_mib=0.000 variables=26 pieces=2
[perfect_drone_full_node-2] [INFO] [1789028816.851940361] [fsm_node]:  -- [OPTIMIZER_PHASE_MEMORY] optimizer=backup event=end call=28 duration_ms=1.036 iterations=242 ret=1 rss_mib=3223.242 swap_mib=0.000 rss_delta_mib=0.000
[perfect_drone_full_node-2] [WARN] [1789028816.851969619] [fsm_node]:  -- [SUPER] in [ReplanOnce]: Replan overtime, check parameters, replan dt = 0.124909508.
[perfect_drone_full_node-2] [INFO] [1789028816.883313338] [fsm_node]:  -- [OPTIMIZER_PHASE_MEMORY] optimizer=exp event=begin call=15 rss_mib=3223.254 swap_mib=0.000 variables=13 pieces=4
[perfect_drone_full_node-2] [INFO] [1789028816.892925050] [fsm_node]:  -- [OPTIMIZER_PHASE_MEMORY] optimizer=exp event=end call=15 duration_ms=9.665 iterations=979 ret=1 rss_mib=3223.254 swap_mib=0.000 rss_delta_mib=0.000
[perfect_drone_full_node-2] Publish local map size: 49923
[perfect_drone_full_node-2] [32m -- [Fsm] Traj finish.[0m
[perfect_drone_full_node-2] [INFO] [1789028816.969971228] [fsm_node]:  -- [OPTIMIZER_PHASE_MEMORY] optimizer=backup event=begin call=29 rss_mib=3223.715 swap_mib=0.000 variables=22 pieces=2
[perfect_drone_full_node-2] [INFO] [1789028816.971765771] [fsm_node]:  -- [OPTIMIZER_PHASE_MEMORY] optimizer=backup event=end call=29 duration_ms=1.840 iterations=323 ret=1 rss_mib=3223.715 swap_mib=0.000 rss_delta_mib=0.000
[perfect_drone_full_node-2] [INFO] [1789028816.971836831] [fsm_node]:  -- [OPTIMIZER_PHASE_MEMORY] optimizer=backup event=begin call=30 rss_mib=3223.715 swap_mib=0.000 variables=22 pieces=2
[perfect_drone_full_node-2] [INFO] [1789028816.972665931] [fsm_node]:  -- [OPTIMIZER_PHASE_MEMORY] optimizer=backup event=end call=30 duration_ms=0.830 iterations=179 ret=1 rss_mib=3223.715 swap_mib=0.000 rss_delta_mib=0.000
[perfect_drone_full_node-2] [WARN] [1789028816.972703483] [fsm_node]:  -- [SUPER] in [ReplanOnce]: Replan overtime, check parameters, replan dt = 0.120598051.
[perfect_drone_full_node-2] [38;2;000;128;000m -- [Fsm]: [PubCmdCallback] change state from [FOLLOW_TRAJ] to [GENERATE_TRAJ].
[perfect_drone_full_node-2] [0m[33m Yaw rate too large, 5.066229520137855[0m
[perfect_drone_full_node-2] [WARN] [1789028816.974357338] [fsm_node]:  -- [TRAJ_GUARD_RECOVERY_EPISODE_RESET] reason=horizontal_progress progress=5.770m threshold=2.000m prior_local=0 prior_vertical=0 prior_base=0
[perfect_drone_full_node-2] [INFO] [1789028817.006905989] [fsm_node]:  -- [OPTIMIZER_PHASE_MEMORY] optimizer=exp event=begin call=16 rss_mib=3223.895 swap_mib=0.000 variables=13 pieces=4
[perfect_drone_full_node-2] [INFO] [1789028817.009021702] [fsm_node]:  -- [OPTIMIZER_PHASE_MEMORY] optimizer=exp event=end call=16 duration_ms=2.174 iterations=253 ret=1 rss_mib=3223.898 swap_mib=0.000 rss_delta_mib=0.004
[perfect_drone_full_node-2] [INFO] [1789028817.009071628] [fsm_node]:  -- [SUPER] in [PlanFromRest] GenerateExpTrajectory SUCCESS.
[perfect_drone_full_node-2] Publish local map size: 45549
[perfect_drone_full_node-2] [INFO] [1789028817.091648761] [fsm_node]:  -- [OPTIMIZER_PHASE_MEMORY] optimizer=backup event=begin call=31 rss_mib=3224.867 swap_mib=0.000 variables=22 pieces=2
[perfect_drone_full_node-2] [INFO] [1789028817.107688971] [fsm_node]:  -- [OPTIMIZER_PHASE_MEMORY] optimizer=backup event=end call=31 duration_ms=16.069 iterations=2328 ret=1 rss_mib=3224.867 swap_mib=0.000 rss_delta_mib=0.000
[perfect_drone_full_node-2] [INFO] [1789028817.107778109] [fsm_node]:  -- [OPTIMIZER_PHASE_MEMORY] optimizer=backup event=begin call=32 rss_mib=3224.879 swap_mib=0.000 variables=22 pieces=2
[perfect_drone_full_node-2] [INFO] [1789028817.110120901] [fsm_node]:  -- [OPTIMIZER_PHASE_MEMORY] optimizer=backup event=end call=32 duration_ms=2.338 iterations=470 ret=1 rss_mib=3224.879 swap_mib=0.000 rss_delta_mib=0.000
[perfect_drone_full_node-2] [INFO] [1789028817.110425506] [fsm_node]:  -- [TRAJ_GUARD_COMMIT] phase=PlanFromRest/with_backup gen=8 map=26 samples=283 range=[0.136,1.537] escape=false footprint_egress=false escape_done_tt=-1.000
[perfect_drone_full_node-2]  -- [TRAJ_GUARD_CERT] trigger=poly_publish status=SAFE gen=8 map=26 map_age=0.375s map_age_limit=0.550s motion_speed=0.000mps samples=282 range=[0.136,1.537] collision_tt=-1.000 ttc=-1.000 p=[0.000,0.000,0.000]
[perfect_drone_full_node-2] [38;2;000;128;000m -- [Fsm]: [MainFsmCallback] change state from [GENERATE_TRAJ] to [FOLLOW_TRAJ].
[perfect_drone_full_node-2] [0mPublish local map size: 45538
[perfect_drone_full_node-2] Publish local map size: 53149
[perfect_drone_full_node-2] [INFO] [1789028817.264439412] [fsm_node]:  -- [TRAJ_GUARD_RECOVERY_SIGNAL] active=true
[perfect_drone_full_node-2] [ERROR] [1789028817.265166177] [fsm_node]:  -- [TRAJ_GUARD_BRAKE] trigger=main_pre_uncertified duration=0.925s speed0=2.949 initial_source=fresh_command cmd_age=0.010s cmd_pos_err=0.000 cmd_vel_err=inf motion_speed=inf motion_dt=infs motion_pose_speed=inf motion_twist_speed=2.949 motion_disagreement=inf motion_source=none motion_gen=8/0 motion_gen_continuous=false max_vel=5.086 vel_limit=7.000 max_acc=19.969 max_jerk=106.989 dynamics_ok=true path_status=SAFE map=26 map_age=0.529s raw_status=DISABLED raw_cloud=0 raw_age=0.000s ciri_shadow=DISABLED ciri_shadow_result=0 ciri_shadow_queued=0 ciri_shadow_age=infs stop=[28.384,7.535,1.517]
[perfect_drone_full_node-2]  -- [TRAJ_GUARD_CERT] trigger=main_pre status=MAP_STALE gen=8 map=26 map_age=0.528s map_age_limit=0.528s motion_speed=2.949mps samples=0 range=[0.000,0.000] collision_tt=-1.000 ttc=-1.000 p=[0.000,0.000,0.000]
[perfect_drone_full_node-2] [38;2;000;128;000m -- [Fsm]: [TrajectoryGuard] change state from [FOLLOW_TRAJ] to [EMER_STOP].
[perfect_drone_full_node-2] [0mPublish local map size: 52796
[perfect_drone_full_node-2] Publish local map size: 49407
[perfect_drone_full_node-2] Publish local map size: 47881
[perfect_drone_full_node-2] Publish local map size: 50222
[perfect_drone_full_node-2] Publish local map size: 52334
[perfect_drone_full_node-2] Publish local map size: 53482
[perfect_drone_full_node-2] Publish local map size: 53770
[perfect_drone_full_node-2] Publish local map size: 53173
[perfect_drone_full_node-2] Publish local map size: 51702
[perfect_drone_full_node-2] Publish local map size: 50579
[perfect_drone_full_node-2] Publish local map size: 50588
[perfect_drone_full_node-2] Publish local map size: 50620
[perfect_drone_full_node-2] [38;2;000;128;000m -- [Fsm]: [TrajectoryGuardRecovery] change state from [EMER_STOP] to [GENERATE_TRAJ].
[perfect_drone_full_node-2] [0m[32m -- [Fsm 4.851] Current state: GENERATE_TRAJ[0m
[perfect_drone_full_node-2] [32m -- [Fsm] Get goal at [0m24.525 20.025  1.525
[perfect_drone_full_node-2] [32m -- [Fsm] Receive click goal at: [24.525 20.025  1.525]; goal yaw: 0.000 deg[0m
[perfect_drone_full_node-2] [WARN] [1789028818.464499339] [fsm_node]:  -- [TRAJ_GUARD_RECOVERY_EPISODE_RESET] reason=horizontal_progress progress=3.023m threshold=2.000m prior_local=0 prior_vertical=0 prior_base=0
[perfect_drone_full_node-2] [INFO] [1789028818.501151239] [fsm_node]:  -- [OPTIMIZER_PHASE_MEMORY] optimizer=exp event=begin call=17 rss_mib=3225.934 swap_mib=0.000 variables=13 pieces=4
[perfect_drone_full_node-2] [INFO] [1789028818.502790798] [fsm_node]:  -- [OPTIMIZER_PHASE_MEMORY] optimizer=exp event=end call=17 duration_ms=1.697 iterations=222 ret=1 rss_mib=3225.934 swap_mib=0.000 rss_delta_mib=0.000
[perfect_drone_full_node-2] [INFO] [1789028818.502832920] [fsm_node]:  -- [SUPER] in [PlanFromRest] GenerateExpTrajectory SUCCESS.
[perfect_drone_full_node-2]  -- [MARSIM] Running FPS: 224.985443441809338
[perfect_drone_full_node-2] Publish local map size: 50611
[perfect_drone_full_node-2] [INFO] [1789028818.583477100] [fsm_node]:  -- [OPTIMIZER_PHASE_MEMORY] optimizer=backup event=begin call=33 rss_mib=3227.918 swap_mib=0.000 variables=30 pieces=2
[perfect_drone_full_node-2] [INFO] [1789028818.585124522] [fsm_node]:  -- [OPTIMIZER_PHASE_MEMORY] optimizer=backup event=end call=33 duration_ms=1.692 iterations=280 ret=1 rss_mib=3227.918 swap_mib=0.000 rss_delta_mib=0.000
[perfect_drone_full_node-2] [INFO] [1789028818.585203144] [fsm_node]:  -- [OPTIMIZER_PHASE_MEMORY] optimizer=backup event=begin call=34 rss_mib=3227.918 swap_mib=0.000 variables=30 pieces=2
[perfect_drone_full_node-2] [INFO] [1789028818.611938138] [fsm_node]:  -- [OPTIMIZER_PHASE_MEMORY] optimizer=backup event=end call=34 duration_ms=26.729 iterations=3312 ret=1 rss_mib=3227.918 swap_mib=0.000 rss_delta_mib=0.000
[perfect_drone_full_node-2] [33m Yaw rate too large, 5.169481446054853[0m
[perfect_drone_full_node-2] [INFO] [1789028818.612258311] [fsm_node]:  -- [TRAJ_GUARD_COMMIT] phase=PlanFromRest/with_backup gen=9 map=39 samples=270 range=[0.147,1.486] escape=false footprint_egress=false escape_done_tt=-1.000
[perfect_drone_full_node-2] [INFO] [1789028818.612407543] [fsm_node]:  -- [TRAJ_GUARD_RECOVERY_SIGNAL] active=false
[perfect_drone_full_node-2] [INFO] [1789028818.612416676] [fsm_node]:  -- [TRAJ_GUARD_RECOVERED] trigger=main_pre_uncertified gen=9 map=38
[perfect_drone_full_node-2]  -- [TRAJ_GUARD_CERT] trigger=poly_publish status=SAFE gen=9 map=39 map_age=0.078s map_age_limit=0.550s motion_speed=0.000mps samples=269 range=[0.148,1.486] collision_tt=-1.000 ttc=-1.000 p=[0.000,0.000,0.000]
[perfect_drone_full_node-2] [38;2;000;128;000m -- [Fsm]: [MainFsmCallback] change state from [GENERATE_TRAJ] to [FOLLOW_TRAJ].
[perfect_drone_full_node-2] [0mPublish local map size: 50666
[perfect_drone_full_node-2] [INFO] [1789028818.616288032] [perfect_tracking]: [SENSOR_CADENCE_SUMMARY] frames=50 span_s=4.893173 hz=10.013952 raw_published=0 direct_handoffs=40 payload_bytes=48976896 side_entry_v1_enabled=0 side_entry_v1_spawned=0 side_entry_v1_injected_frames=0
[perfect_drone_full_node-2] [INFO] [1789028818.616348445] [perfect_tracking]: [SENSOR_BURST_DROPOUT_SUMMARY] enabled=1 warmup_s=1.000000 period_s=2.000000 duration_s=0.500000 phase_s=0.000000 phase_env_override=1 rendered=50 delivered=40 dropped=10 bursts=2 max_consecutive_dropped=5 max_delivered_gap_s=0.603090 dropped_payload_bytes=11194880
[perfect_drone_full_node-2] Publish global map size: 117608
[perfect_drone_full_node-2] Publish global map size: 117608
[perfect_drone_full_node-2] Publish global map size: 117608
[perfect_drone_full_node-2] Publish global map size: 117608
[perfect_drone_full_node-2] Publish global map size: 117608
[perfect_drone_full_node-2]  -- [TRAJ_GUARD_CERT] trigger=main_pre status=SAFE gen=9 map=40 map_age=0.004s map_age_limit=0.550s motion_speed=1.166mps samples=263 range=[0.180,1.486] collision_tt=-1.000 ttc=-1.000 p=[0.000,0.000,0.000]
[perfect_drone_full_node-2] Publish global map size: 117608
[perfect_drone_full_node-2] Publish global map size: 117608
[perfect_drone_full_node-2] Publish global map size: 117608
[perfect_drone_full_node-2] [32m -- [Fsm] Get goal at [0m24.525000000000002 20.025000000000002  1.525000000000000
[perfect_drone_full_node-2] [32m -- [Fsm] Receive click goal at: [24.525000000000002 20.025000000000002  1.525000000000000]; goal yaw: 0.000000000000000 deg[0m
[perfect_drone_full_node-2] Publish global map size: 117608
[perfect_drone_full_node-2] Publish global map size: 117608
[perfect_drone_full_node-2] Publish global map size: 117608
[perfect_drone_full_node-2] Publish global map size: 117608
[perfect_drone_full_node-2] Publish global map size: 117608
[perfect_drone_full_node-2] Publish global map size: 117608
[perfect_drone_full_node-2] Publish global map size: 117608
[perfect_drone_full_node-2] Publish global map size: 117608
[perfect_drone_full_node-2] Publish global map size: 117608
[perfect_drone_full_node-2] Publish global map size: 117608
[perfect_drone_full_node-2] Publish global map size: 117608
[perfect_drone_full_node-2] Publish global map size: 117608
[perfect_drone_full_node-2] Publish global map size: 117608
[perfect_drone_full_node-2] Publish global map size: 117608
[perfect_drone_full_node-2] Publish global map size: 117608
[perfect_drone_full_node-2] Publish global map size: 117608
[perfect_drone_full_node-2] Publish global map size: 117608
[perfect_drone_full_node-2] Publish global map size: 117608
[perfect_drone_full_node-2] Publish global map size: 117608
[perfect_drone_full_node-2] Publish global map size: 117608
[perfect_drone_full_node-2] Publish global map size: 117608
[perfect_drone_full_node-2] Publish global map size: 117608
[perfect_drone_full_node-2] [INFO] [1789028818.695549065] [fsm_node]:  -- [OPTIMIZER_PHASE_MEMORY] optimizer=exp event=begin call=18 rss_mib=3328.105 swap_mib=0.000 variables=17 pieces=5
[perfect_drone_full_node-2] Publish global map size: 117608
[perfect_drone_full_node-2] Publish global map size: 117608
[perfect_drone_full_node-2] Publish global map size: 117608
[perfect_drone_full_node-2] Publish global map size: 117608
[perfect_drone_full_node-2] Publish global map size: 117608
[perfect_drone_full_node-2] [INFO] [1789028818.703304397] [fsm_node]:  -- [OPTIMIZER_PHASE_MEMORY] optimizer=exp event=end call=18 duration_ms=7.789 iterations=649 ret=1 rss_mib=3328.105 swap_mib=0.000 rss_delta_mib=0.000
[perfect_drone_full_node-2] Publish global map size: 117608
[perfect_drone_full_node-2] Publish global map size: 117608
[perfect_drone_full_node-2] Publish global map size: 117608
[perfect_drone_full_node-2] Publish global map size: 117608
[perfect_drone_full_node-2] Publish global map size: 117608
[perfect_drone_full_node-2] Publish global map size: 117608
[perfect_drone_full_node-2] Publish global map size: 117608
[perfect_drone_full_node-2] Publish local map size: 57261
[perfect_drone_full_node-2] [INFO] [1789028818.791289621] [fsm_node]:  -- [OPTIMIZER_PHASE_MEMORY] optimizer=backup event=begin call=35 rss_mib=3328.105 swap_mib=0.000 variables=26 pieces=2
[perfect_drone_full_node-2] [INFO] [1789028818.793787191] [fsm_node]:  -- [OPTIMIZER_PHASE_MEMORY] optimizer=backup event=end call=35 duration_ms=2.534 iterations=515 ret=1 rss_mib=3328.105 swap_mib=0.000 rss_delta_mib=0.000
[perfect_drone_full_node-2] [INFO] [1789028818.793872254] [fsm_node]:  -- [OPTIMIZER_PHASE_MEMORY] optimizer=backup event=begin call=36 rss_mib=3328.105 swap_mib=0.000 variables=26 pieces=2
[perfect_drone_full_node-2] [INFO] [1789028818.795565202] [fsm_node]:  -- [OPTIMIZER_PHASE_MEMORY] optimizer=backup event=end call=36 duration_ms=1.694 iterations=360 ret=1 rss_mib=3328.105 swap_mib=0.000 rss_delta_mib=0.000
[perfect_drone_full_node-2] [WARN] [1789028818.795593288] [fsm_node]:  -- [SUPER] in [ReplanOnce]: Replan overtime, check parameters, replan dt = 0.129244564.
[perfect_drone_full_node-2]  -- [TRAJ_GUARD_CERT] trigger=main_pre status=SAFE gen=9 map=41 map_age=0.007s map_age_limit=0.525s motion_speed=3.009mps samples=243 range=[0.280,1.486] collision_tt=-1.000 ttc=-1.000 p=[0.000,0.000,0.000]
[perfect_drone_full_node-2] Publish local map size: 54278
[perfect_drone_full_node-2] [INFO] [1789028818.827280959] [fsm_node]:  -- [OPTIMIZER_PHASE_MEMORY] optimizer=exp event=begin call=19 rss_mib=3328.105 swap_mib=0.000 variables=13 pieces=4
[perfect_drone_full_node-2] [INFO] [1789028818.832267959] [fsm_node]:  -- [OPTIMIZER_PHASE_MEMORY] optimizer=exp event=end call=19 duration_ms=5.050 iterations=526 ret=1 rss_mib=3328.105 swap_mib=0.000 rss_delta_mib=0.000
[perfect_drone_full_node-2] [INFO] [1789028818.908310084] [fsm_node]:  -- [OPTIMIZER_PHASE_MEMORY] optimizer=backup event=begin call=37 rss_mib=3328.105 swap_mib=0.000 variables=22 pieces=2
[perfect_drone_full_node-2] [INFO] [1789028818.910396596] [fsm_node]:  -- [OPTIMIZER_PHASE_MEMORY] optimizer=backup event=end call=37 duration_ms=2.140 iterations=390 ret=1 rss_mib=3328.105 swap_mib=0.000 rss_delta_mib=0.000
[perfect_drone_full_node-2] [INFO] [1789028818.910468182] [fsm_node]:  -- [OPTIMIZER_PHASE_MEMORY] optimizer=backup event=begin call=38 rss_mib=3328.105 swap_mib=0.000 variables=22 pieces=2
[perfect_drone_full_node-2] [INFO] [1789028818.912211231] [fsm_node]:  -- [OPTIMIZER_PHASE_MEMORY] optimizer=backup event=end call=38 duration_ms=1.744 iterations=368 ret=1 rss_mib=3328.105 swap_mib=0.000 rss_delta_mib=0.000
[perfect_drone_full_node-2] [WARN] [1789028818.912236561] [fsm_node]:  -- [SUPER] in [ReplanOnce]: Replan overtime, check parameters, replan dt = 0.116521043.
[perfect_drone_full_node-2] Publish local map size: 52023
[perfect_drone_full_node-2] [INFO] [1789028818.943623081] [fsm_node]:  -- [OPTIMIZER_PHASE_MEMORY] optimizer=exp event=begin call=20 rss_mib=3328.105 swap_mib=0.000 variables=17 pieces=5
[perfect_drone_full_node-2] [INFO] [1789028818.957305537] [fsm_node]:  -- [OPTIMIZER_PHASE_MEMORY] optimizer=exp event=end call=20 duration_ms=13.695 iterations=1121 ret=1 rss_mib=3328.113 swap_mib=0.000 rss_delta_mib=0.008
[perfect_drone_full_node-2] Publish local map size: 48046
[perfect_drone_full_node-2] [INFO] [1789028819.038639866] [fsm_node]:  -- [OPTIMIZER_PHASE_MEMORY] optimizer=backup event=begin call=39 rss_mib=3328.113 swap_mib=0.000 variables=22 pieces=2
[perfect_drone_full_node-2] [INFO] [1789028819.040494364] [fsm_node]:  -- [OPTIMIZER_PHASE_MEMORY] optimizer=backup event=end call=39 duration_ms=1.897 iterations=413 ret=1 rss_mib=3328.113 swap_mib=0.000 rss_delta_mib=0.000
[perfect_drone_full_node-2] [INFO] [1789028819.040581129] [fsm_node]:  -- [OPTIMIZER_PHASE_MEMORY] optimizer=backup event=begin call=40 rss_mib=3328.125 swap_mib=0.000 variables=22 pieces=2
[perfect_drone_full_node-2] [INFO] [1789028819.043077071] [fsm_node]:  -- [OPTIMIZER_PHASE_MEMORY] optimizer=backup event=end call=40 duration_ms=2.496 iterations=560 ret=1 rss_mib=3328.125 swap_mib=0.000 rss_delta_mib=0.000
[perfect_drone_full_node-2] [WARN] [1789028819.043107365] [fsm_node]:  -- [SUPER] in [ReplanOnce]: Replan overtime, check parameters, replan dt = 0.130671658.
[perfect_drone_full_node-2] [INFO] [1789028819.077287773] [fsm_node]:  -- [OPTIMIZER_PHASE_MEMORY] optimizer=exp event=begin call=21 rss_mib=3328.125 swap_mib=0.000 variables=17 pieces=5
[perfect_drone_full_node-2] [INFO] [1789028819.099957542] [fsm_node]:  -- [OPTIMIZER_PHASE_MEMORY] optimizer=exp event=end call=21 duration_ms=22.691 iterations=1853 ret=1 rss_mib=3328.125 swap_mib=0.000 rss_delta_mib=0.000
[perfect_drone_full_node-2] Publish local map size: 55568
[perfect_drone_full_node-2] [INFO] [1789028819.177163654] [fsm_node]:  -- [OPTIMIZER_PHASE_MEMORY] optimizer=backup event=begin call=41 rss_mib=3328.125 swap_mib=0.000 variables=18 pieces=2
[perfect_drone_full_node-2] [INFO] [1789028819.177689920] [fsm_node]:  -- [OPTIMIZER_PHASE_MEMORY] optimizer=backup event=end call=41 duration_ms=0.588 iterations=121 ret=1 rss_mib=3328.125 swap_mib=0.000 rss_delta_mib=0.000
[perfect_drone_full_node-2] [INFO] [1789028819.177769746] [fsm_node]:  -- [OPTIMIZER_PHASE_MEMORY] optimizer=backup event=begin call=42 rss_mib=3328.125 swap_mib=0.000 variables=18 pieces=2
[perfect_drone_full_node-2] [INFO] [1789028819.179102966] [fsm_node]:  -- [OPTIMIZER_PHASE_MEMORY] optimizer=backup event=end call=42 duration_ms=1.331 iterations=298 ret=1 rss_mib=3328.125 swap_mib=0.000 rss_delta_mib=0.000
[perfect_drone_full_node-2] [WARN] [1789028819.179182513] [fsm_node]:  -- [SUPER] in [ReplanOnce]: Replan overtime, check parameters, replan dt = 0.135969534.
[perfect_drone_full_node-2] Publish local map size: 60509
[perfect_drone_full_node-2] [INFO] [1789028819.244420965] [fsm_node]:  -- [TRAJ_GUARD_RECOVERY_SIGNAL] active=true
[perfect_drone_full_node-2] [ERROR] [1789028819.246400177] [fsm_node]:  -- [TRAJ_GUARD_BRAKE_REJECTED] trigger=main_pre_uncertified searched=[0.400,3.000]s speed0=6.975 initial_source=fresh_command cmd_age=0.010s cmd_pos_err=0.000 cmd_vel_err=inf motion_speed=inf motion_dt=infs motion_pose_speed=inf motion_twist_speed=6.975 motion_disagreement=inf motion_source=none motion_gen=9/8 motion_gen_continuous=false last_dynamics_ok=true max_vel=6.975 vel_limit=7.000 max_acc=7.143 max_jerk=10.848 last_path_status=CLEARANCE_MARGIN last_map=41 map_age=0.509s raw_status=DISABLED raw_cloud=0 raw_age=0.000s ciri_shadow=DISABLED ciri_shadow_result=0 ciri_shadow_queued=0 ciri_shadow_age=infs; no brake command published
[perfect_drone_full_node-2] [ERROR] [1789028819.254556376] [fsm_node]:  -- [TRAJ_GUARD_BRAKE_REJECTED] trigger=emergency_stop_retry searched=[0.400,3.000]s speed0=0.000 initial_source=position_difference cmd_age=0.020s cmd_pos_err=0.000 cmd_vel_err=6.975 motion_speed=0.000 motion_dt=0.010s motion_pose_speed=0.000 motion_twist_speed=6.975 motion_disagreement=6.975 motion_source=position_difference motion_gen=9/9 motion_gen_continuous=true last_dynamics_ok=true max_vel=0.000 vel_limit=7.000 max_acc=0.000 max_jerk=0.000 last_path_status=SAFE last_map=41 map_age=0.517s raw_status=DISABLED raw_cloud=0 raw_age=infs ciri_shadow=DISABLED ciri_shadow_result=0 ciri_shadow_queued=0 ciri_shadow_age=infs; no brake command published
[perfect_drone_full_node-2]  -- [TRAJ_GUARD_CERT] trigger=main_pre status=MAP_STALE gen=9 map=41 map_age=0.507s map_age_limit=0.500s motion_speed=6.975mps samples=0 range=[0.000,0.000] collision_tt=-1.000 ttc=-1.000 p=[0.000,0.000,0.000]
[perfect_drone_full_node-2] [38;2;000;128;000m -- [Fsm]: [TrajectoryGuardFailClosed] change state from [FOLLOW_TRAJ] to [EMER_STOP].
[perfect_drone_full_node-2] [0mPublish local map size: 59147
[perfect_drone_full_node-2] [ERROR] [1789028819.354478595] [fsm_node]:  -- [TRAJ_GUARD_BRAKE_REJECTED] trigger=emergency_stop_retry searched=[0.400,3.000]s speed0=0.000 initial_source=position_difference cmd_age=0.120s cmd_pos_err=0.000 cmd_vel_err=6.975 motion_speed=0.000 motion_dt=0.100s motion_pose_speed=0.000 motion_twist_speed=6.975 motion_disagreement=6.975 motion_source=position_difference motion_gen=9/9 motion_gen_continuous=true last_dynamics_ok=true max_vel=0.000 vel_limit=7.000 max_acc=0.000 max_jerk=0.000 last_path_status=SAFE last_map=42 map_age=0.016s raw_status=DISABLED raw_cloud=0 raw_age=infs ciri_shadow=DISABLED ciri_shadow_result=0 ciri_shadow_queued=0 ciri_shadow_age=infs; no brake command published
[perfect_drone_full_node-2] Publish local map size: 59493
[perfect_drone_full_node-2] [ERROR] [1789028819.454523299] [fsm_node]:  -- [TRAJ_GUARD_BRAKE_REJECTED] trigger=emergency_stop_retry searched=[0.400,3.000]s speed0=0.000 initial_source=position_difference cmd_age=0.220s cmd_pos_err=0.000 cmd_vel_err=6.975 motion_speed=0.000 motion_dt=0.100s motion_pose_speed=0.000 motion_twist_speed=6.975 motion_disagreement=6.975 motion_source=position_difference motion_gen=9/9 motion_gen_continuous=true last_dynamics_ok=true max_vel=0.000 vel_limit=7.000 max_acc=0.000 max_jerk=0.000 last_path_status=SAFE last_map=43 map_age=0.012s raw_status=DISABLED raw_cloud=0 raw_age=infs ciri_shadow=DISABLED ciri_shadow_result=0 ciri_shadow_queued=0 ciri_shadow_age=infs; no brake command published
[perfect_drone_full_node-2] Publish local map size: 59110
[perfect_drone_full_node-2] [WARN] [1789028819.564566291] [fsm_node]:  -- [TRAJ_GUARD_STATIONARY_HOLD] trigger=emergency_stop_retry stable_for=0.310s displacement=0.000m action=publish_certified_hold
[perfect_drone_full_node-2] [ERROR] [1789028819.564677438] [fsm_node]:  -- [TRAJ_GUARD_BRAKE] trigger=emergency_stop_retry duration=0.400s speed0=0.000 initial_source=position_difference cmd_age=0.330s cmd_pos_err=0.000 cmd_vel_err=6.975 motion_speed=0.000 motion_dt=0.110s motion_pose_speed=0.000 motion_twist_speed=6.975 motion_disagreement=6.975 motion_source=position_difference motion_gen=9/9 motion_gen_continuous=true max_vel=0.000 vel_limit=7.000 max_acc=0.000 max_jerk=0.000 dynamics_ok=true path_status=SAFE map=44 map_age=0.029s raw_status=DISABLED raw_cloud=0 raw_age=0.000s ciri_shadow=DISABLED ciri_shadow_result=0 ciri_shadow_queued=0 ciri_shadow_age=infs stop=[27.533,10.623,1.981]
[perfect_drone_full_node-2] [38;2;000;128;000m -- [Fsm]: [TrajectoryGuard] change state from [EMER_STOP] to [EMER_STOP].
[perfect_drone_full_node-2] [0m[38;2;000;128;000m -- [Fsm]: [TrajectoryGuardRecovery] change state from [EMER_STOP] to [GENERATE_TRAJ].
[perfect_drone_full_node-2] [0m[32m -- [Fsm 5.961] Current state: GENERATE_TRAJ[0m
[perfect_drone_full_node-2] [WARN] [1789028819.574545013] [fsm_node]:  -- [TRAJ_GUARD_RECOVERY_EPISODE_RESET] reason=horizontal_progress progress=3.204m threshold=2.000m prior_local=0 prior_vertical=0 prior_base=0
[perfect_drone_full_node-2] Publish local map size: 44537
[perfect_drone_full_node-2] [INFO] [1789028819.620474944] [fsm_node]:  -- [OPTIMIZER_PHASE_MEMORY] optimizer=exp event=begin call=22 rss_mib=3328.133 swap_mib=0.000 variables=13 pieces=4
[perfect_drone_full_node-2] [INFO] [1789028819.623935903] [fsm_node]:  -- [OPTIMIZER_PHASE_MEMORY] optimizer=exp event=end call=22 duration_ms=3.526 iterations=405 ret=1 rss_mib=3328.133 swap_mib=0.000 rss_delta_mib=0.000
[perfect_drone_full_node-2] [INFO] [1789028819.623987445] [fsm_node]:  -- [SUPER] in [PlanFromRest] GenerateExpTrajectory SUCCESS.
[perfect_drone_full_node-2] [INFO] [1789028819.697525746] [fsm_node]:  -- [OPTIMIZER_PHASE_MEMORY] optimizer=backup event=begin call=43 rss_mib=3328.133 swap_mib=0.000 variables=22 pieces=2
[perfect_drone_full_node-2] [INFO] [1789028819.699253586] [fsm_node]:  -- [OPTIMIZER_PHASE_MEMORY] optimizer=backup event=end call=43 duration_ms=1.782 iterations=394 ret=1 rss_mib=3328.133 swap_mib=0.000 rss_delta_mib=0.000
[perfect_drone_full_node-2] [INFO] [1789028819.699329314] [fsm_node]:  -- [OPTIMIZER_PHASE_MEMORY] optimizer=backup event=begin call=44 rss_mib=3328.133 swap_mib=0.000 variables=22 pieces=2
[perfect_drone_full_node-2] [INFO] [1789028819.699645178] [fsm_node]:  -- [OPTIMIZER_PHASE_MEMORY] optimizer=backup event=end call=44 duration_ms=0.318 iterations=83 ret=1 rss_mib=3328.133 swap_mib=0.000 rss_delta_mib=0.000
[perfect_drone_full_node-2] [INFO] [1789028819.699935507] [fsm_node]:  -- [TRAJ_GUARD_COMMIT] phase=PlanFromRest/with_backup gen=10 map=45 samples=284 range=[0.125,1.533] escape=false footprint_egress=false escape_done_tt=-1.000
[perfect_drone_full_node-2] [INFO] [1789028819.700076971] [fsm_node]:  -- [TRAJ_GUARD_RECOVERY_SIGNAL] active=false
[perfect_drone_full_node-2] [INFO] [1789028819.700081748] [fsm_node]:  -- [TRAJ_GUARD_RECOVERED] trigger=emergency_stop_retry gen=10 map=44
[perfect_drone_full_node-2]  -- [TRAJ_GUARD_CERT] trigger=poly_publish status=SAFE gen=10 map=45 map_age=0.067s map_age_limit=0.550s motion_speed=0.000mps samples=283 range=[0.125,1.533] collision_tt=-1.000 ttc=-1.000 p=[0.000,0.000,0.000]
[perfect_drone_full_node-2] [38;2;000;128;000m -- [Fsm]: [MainFsmCallback] change state from [GENERATE_TRAJ] to [FOLLOW_TRAJ].
[perfect_drone_full_node-2] [0m[32m -- [Fsm] Get goal at [0m24.525000000000002 20.025000000000002  1.525000000000000
[perfect_drone_full_node-2] [32m -- [Fsm] Receive click goal at: [24.525000000000002 20.025000000000002  1.525000000000000]; goal yaw: 0.000000000000000 deg[0m
[perfect_drone_full_node-2] Publish local map size: 64042
[perfect_drone_full_node-2] [INFO] [1789028819.757110338] [fsm_node]:  -- [OPTIMIZER_PHASE_MEMORY] optimizer=exp event=begin call=23 rss_mib=3328.133 swap_mib=0.000 variables=17 pieces=5
[perfect_drone_full_node-2] [INFO] [1789028819.767922100] [fsm_node]:  -- [OPTIMIZER_PHASE_MEMORY] optimizer=exp event=end call=23 duration_ms=10.861 iterations=901 ret=1 rss_mib=3328.133 swap_mib=0.000 rss_delta_mib=0.000
[perfect_drone_full_node-2]  -- [TRAJ_GUARD_CERT] trigger=main_pre status=SAFE gen=10 map=46 map_age=0.009s map_age_limit=0.550s motion_speed=1.138mps samples=274 range=[0.170,1.533] collision_tt=-1.000 ttc=-1.000 p=[0.000,0.000,0.000]
[perfect_drone_full_node-2] Publish local map size: 65963
[perfect_drone_full_node-2] [INFO] [1789028819.845319468] [fsm_node]:  -- [OPTIMIZER_PHASE_MEMORY] optimizer=backup event=begin call=45 rss_mib=3328.133 swap_mib=0.000 variables=26 pieces=2
[perfect_drone_full_node-2] [INFO] [1789028819.852529149] [fsm_node]:  -- [OPTIMIZER_PHASE_MEMORY] optimizer=backup event=end call=45 duration_ms=7.233 iterations=945 ret=1 rss_mib=3328.133 swap_mib=0.000 rss_delta_mib=0.000
[perfect_drone_full_node-2] [INFO] [1789028819.852620139] [fsm_node]:  -- [OPTIMIZER_PHASE_MEMORY] optimizer=backup event=begin call=46 rss_mib=3328.133 swap_mib=0.000 variables=26 pieces=2
[perfect_drone_full_node-2] [INFO] [1789028819.854252920] [fsm_node]:  -- [OPTIMIZER_PHASE_MEMORY] optimizer=backup event=end call=46 duration_ms=1.631 iterations=358 ret=1 rss_mib=3328.133 swap_mib=0.000 rss_delta_mib=0.000
[perfect_drone_full_node-2] [WARN] [1789028819.854284512] [fsm_node]:  -- [SUPER] in [ReplanOnce]: Replan overtime, check parameters, replan dt = 0.131903941.
[perfect_drone_full_node-2] [INFO] [1789028819.888662361] [fsm_node]:  -- [OPTIMIZER_PHASE_MEMORY] optimizer=exp event=begin call=24 rss_mib=3328.133 swap_mib=0.000 variables=13 pieces=4
[perfect_drone_full_node-2] [INFO] [1789028819.890564862] [fsm_node]:  -- [OPTIMIZER_PHASE_MEMORY] optimizer=exp event=end call=24 duration_ms=1.951 iterations=220 ret=1 rss_mib=3328.133 swap_mib=0.000 rss_delta_mib=0.000
[perfect_drone_full_node-2]  -- [TRAJ_GUARD_CERT] trigger=main_pre status=SAFE gen=10 map=47 map_age=0.005s map_age_limit=0.524s motion_speed=3.017mps samples=254 range=[0.270,1.533] collision_tt=-1.000 ttc=-1.000 p=[0.000,0.000,0.000]
[perfect_drone_full_node-2] Publish local map size: 53530
[perfect_drone_full_node-2] [INFO] [1789028819.976051846] [fsm_node]:  -- [OPTIMIZER_PHASE_MEMORY] optimizer=backup event=begin call=47 rss_mib=3328.133 swap_mib=0.000 variables=22 pieces=2
[perfect_drone_full_node-2] [INFO] [1789028819.978498749] [fsm_node]:  -- [OPTIMIZER_PHASE_MEMORY] optimizer=backup event=end call=47 duration_ms=2.499 iterations=423 ret=1 rss_mib=3328.133 swap_mib=0.000 rss_delta_mib=0.000
[perfect_drone_full_node-2] [INFO] [1789028819.978625354] [fsm_node]:  -- [OPTIMIZER_PHASE_MEMORY] optimizer=backup event=begin call=48 rss_mib=3328.133 swap_mib=0.000 variables=22 pieces=2
[perfect_drone_full_node-2] [INFO] [1789028819.990033021] [fsm_node]:  -- [OPTIMIZER_PHASE_MEMORY] optimizer=backup event=end call=48 duration_ms=11.389 iterations=1477 ret=1 rss_mib=3328.133 swap_mib=0.000 rss_delta_mib=0.000
[perfect_drone_full_node-2] [WARN] [1789028819.990082557] [fsm_node]:  -- [SUPER] in [ReplanOnce]: Replan overtime, check parameters, replan dt = 0.135647768.
[perfect_drone_full_node-2]  -- [TRAJ_GUARD_CERT] trigger=main_pre status=SAFE gen=10 map=48 map_age=0.007s map_age_limit=0.500s motion_speed=4.698mps samples=234 range=[0.370,1.533] collision_tt=-1.000 ttc=-1.000 p=[0.000,0.000,0.000]
[perfect_drone_full_node-2] Publish local map size: 66746
[perfect_drone_full_node-2] [INFO] [1789028820.030131349] [fsm_node]:  -- [OPTIMIZER_PHASE_MEMORY] optimizer=exp event=begin call=25 rss_mib=3328.133 swap_mib=0.000 variables=17 pieces=5
[perfect_drone_full_node-2] [INFO] [1789028820.092084410] [fsm_node]:  -- [OPTIMIZER_PHASE_MEMORY] optimizer=exp event=end call=25 duration_ms=61.961 iterations=4530 ret=-1008 rss_mib=3328.133 swap_mib=0.000 rss_delta_mib=0.000
[perfect_drone_full_node-2] [WARN] [1789028820.092144296] [fsm_node]:  -- [SUPER] OptimizationExpTrajInPolytopes for new path failed
[perfect_drone_full_node-2] [WARN] [1789028820.092155493] [fsm_node]:  -- [SUPER] in [ReplanOnce]: GenerateExpTrajectory failed, force return
[perfect_drone_full_node-2]  -- [TRAJ_GUARD_CERT] trigger=main_pre status=SAFE gen=10 map=49 map_age=0.008s map_age_limit=0.500s motion_speed=5.685mps samples=214 range=[0.470,1.533] collision_tt=-1.000 ttc=-1.000 p=[0.000,0.000,0.000]
[perfect_drone_full_node-2] [33m -- [MINCO] TrajOpt failed, The algorithm routine reaches the maximum number of iterations.[0m
[perfect_drone_full_node-2] [33m -- [SUPER] Minco exp_traj opt failed.[0m
[perfect_drone_full_node-2] Publish local map size: 69880
[perfect_drone_full_node-2] [INFO] [1789028820.122067189] [fsm_node]:  -- [OPTIMIZER_PHASE_MEMORY] optimizer=exp event=begin call=26 rss_mib=3328.211 swap_mib=0.000 variables=13 pieces=4
[perfect_drone_full_node-2] [INFO] [1789028820.126127022] [fsm_node]:  -- [OPTIMIZER_PHASE_MEMORY] optimizer=exp event=end call=26 duration_ms=4.113 iterations=402 ret=1 rss_mib=3328.211 swap_mib=0.000 rss_delta_mib=0.000
[perfect_drone_full_node-2]  -- [TRAJ_GUARD_CERT] trigger=main_pre status=SAFE gen=10 map=50 map_age=0.008s map_age_limit=0.500s motion_speed=6.332mps samples=194 range=[0.570,1.533] collision_tt=-1.000 ttc=-1.000 p=[0.000,0.000,0.000]
[perfect_drone_full_node-2] Publish local map size: 59355
[perfect_drone_full_node-2] [INFO] [1789028820.224735628] [fsm_node]:  -- [OPTIMIZER_PHASE_MEMORY] optimizer=backup event=begin call=49 rss_mib=3328.211 swap_mib=0.000 variables=38 pieces=2
[perfect_drone_full_node-2] [INFO] [1789028820.227046842] [fsm_node]:  -- [OPTIMIZER_PHASE_MEMORY] optimizer=backup event=end call=49 duration_ms=2.363 iterations=181 ret=1 rss_mib=3328.211 swap_mib=0.000 rss_delta_mib=0.000
[perfect_drone_full_node-2] [INFO] [1789028820.227212509] [fsm_node]:  -- [OPTIMIZER_PHASE_MEMORY] optimizer=backup event=begin call=50 rss_mib=3328.211 swap_mib=0.000 variables=38 pieces=2
[perfect_drone_full_node-2] [INFO] [1789028820.234265100] [fsm_node]:  -- [OPTIMIZER_PHASE_MEMORY] optimizer=backup event=end call=50 duration_ms=7.048 iterations=558 ret=1 rss_mib=3328.211 swap_mib=0.000 rss_delta_mib=0.000
[perfect_drone_full_node-2] [WARN] [1789028820.234309133] [fsm_node]:  -- [SUPER] in [ReplanOnce]: Replan overtime, check parameters, replan dt = 0.141979184.
[perfect_drone_full_node-2] [INFO] [1789028820.261651446] [fsm_node]:  -- [OPTIMIZER_PHASE_MEMORY] optimizer=exp event=begin call=27 rss_mib=3328.211 swap_mib=0.000 variables=13 pieces=4
[perfect_drone_full_node-2] [INFO] [1789028820.264390729] [fsm_node]:  -- [OPTIMIZER_PHASE_MEMORY] optimizer=exp event=end call=27 duration_ms=2.781 iterations=258 ret=1 rss_mib=3328.211 swap_mib=0.000 rss_delta_mib=0.000
[perfect_drone_full_node-2]  -- [TRAJ_GUARD_CERT] trigger=main_pre status=SAFE gen=10 map=51 map_age=0.010s map_age_limit=0.500s motion_speed=6.867mps samples=174 range=[0.670,1.533] collision_tt=-1.000 ttc=-1.000 p=[0.000,0.000,0.000]
[perfect_drone_full_node-2] Publish local map size: 47515
[perfect_drone_full_node-2] [INFO] [1789028820.344330973] [fsm_node]:  -- [OPTIMIZER_PHASE_MEMORY] optimizer=backup event=begin call=51 rss_mib=3328.211 swap_mib=0.000 variables=34 pieces=2
[perfect_drone_full_node-2] [INFO] [1789028820.347383722] [fsm_node]:  -- [OPTIMIZER_PHASE_MEMORY] optimizer=backup event=end call=51 duration_ms=3.099 iterations=141 ret=1 rss_mib=3328.211 swap_mib=0.000 rss_delta_mib=0.000
[perfect_drone_full_node-2] [INFO] [1789028820.347580453] [fsm_node]:  -- [OPTIMIZER_PHASE_MEMORY] optimizer=backup event=begin call=52 rss_mib=3328.223 swap_mib=0.000 variables=34 pieces=2
[perfect_drone_full_node-2] [INFO] [1789028820.352036895] [fsm_node]:  -- [OPTIMIZER_PHASE_MEMORY] optimizer=backup event=end call=52 duration_ms=4.455 iterations=210 ret=1 rss_mib=3328.223 swap_mib=0.000 rss_delta_mib=0.000
[perfect_drone_full_node-2] [WARN] [1789028820.352072700] [fsm_node]:  -- [SUPER] in [ReplanOnce]: Replan overtime, check parameters, replan dt = 0.117571674.
[perfect_drone_full_node-2] [INFO] [1789028820.386331681] [fsm_node]:  -- [OPTIMIZER_PHASE_MEMORY] optimizer=exp event=begin call=28 rss_mib=3328.223 swap_mib=0.000 variables=13 pieces=4
[perfect_drone_full_node-2] [INFO] [1789028820.391979436] [fsm_node]:  -- [OPTIMIZER_PHASE_MEMORY] optimizer=exp event=end call=28 duration_ms=5.696 iterations=492 ret=1 rss_mib=3328.223 swap_mib=0.000 rss_delta_mib=0.000
[perfect_drone_full_node-2]  -- [TRAJ_GUARD_CERT] trigger=main_pre status=SAFE gen=10 map=52 map_age=0.009s map_age_limit=0.500s motion_speed=6.987mps samples=154 range=[0.770,1.533] collision_tt=-1.000 ttc=-1.000 p=[0.000,0.000,0.000]
[perfect_drone_full_node-2] Publish local map size: 72223
[perfect_drone_full_node-2] [INFO] [1789028820.436604213] [fsm_node]:  -- [OPTIMIZER_PHASE_MEMORY] optimizer=backup event=begin call=53 rss_mib=3328.516 swap_mib=0.000 variables=30 pieces=2
[perfect_drone_full_node-2] [INFO] [1789028820.456343685] [fsm_node]:  -- [OPTIMIZER_PHASE_MEMORY] optimizer=backup event=end call=53 duration_ms=19.770 iterations=1097 ret=1 rss_mib=3328.516 swap_mib=0.000 rss_delta_mib=0.000
[perfect_drone_full_node-2] [INFO] [1789028820.456517445] [fsm_node]:  -- [OPTIMIZER_PHASE_MEMORY] optimizer=backup event=begin call=54 rss_mib=3328.516 swap_mib=0.000 variables=30 pieces=2
[perfect_drone_full_node-2] [INFO] [1789028820.458018920] [fsm_node]:  -- [OPTIMIZER_PHASE_MEMORY] optimizer=backup event=end call=54 duration_ms=1.503 iterations=105 ret=1 rss_mib=3328.516 swap_mib=0.000 rss_delta_mib=0.000
[perfect_drone_full_node-2] [WARN] [1789028820.458051957] [fsm_node]:  -- [SUPER] in [ReplanOnce]: Replan overtime, check parameters, replan dt = 0.1058325.
[perfect_drone_full_node-2] [INFO] [1789028820.485094604] [fsm_node]:  -- [OPTIMIZER_PHASE_MEMORY] optimizer=exp event=begin call=29 rss_mib=3328.516 swap_mib=0.000 variables=9 pieces=3
[perfect_drone_full_node-2] [INFO] [1789028820.486909260] [fsm_node]:  -- [OPTIMIZER_PHASE_MEMORY] optimizer=exp event=end call=29 duration_ms=1.870 iterations=219 ret=1 rss_mib=3328.516 swap_mib=0.000 rss_delta_mib=0.000
[perfect_drone_full_node-2]  -- [TRAJ_GUARD_CERT] trigger=main_pre status=SAFE gen=10 map=53 map_age=0.007s map_age_limit=0.500s motion_speed=6.911mps samples=134 range=[0.870,1.533] collision_tt=-1.000 ttc=-1.000 p=[0.000,0.000,0.000]
[perfect_drone_full_node-2] Publish local map size: 66472
[perfect_drone_full_node-2] [INFO] [1789028820.532018147] [fsm_node]:  -- [OPTIMIZER_PHASE_MEMORY] optimizer=backup event=begin call=55 rss_mib=3328.516 swap_mib=0.000 variables=36 pieces=2
[perfect_drone_full_node-2] [INFO] [1789028820.536620335] [fsm_node]:  -- [OPTIMIZER_PHASE_MEMORY] optimizer=backup event=end call=55 duration_ms=4.626 iterations=185 ret=1 rss_mib=3328.516 swap_mib=0.000 rss_delta_mib=0.000
[perfect_drone_full_node-2] [INFO] [1789028820.536851350] [fsm_node]:  -- [OPTIMIZER_PHASE_MEMORY] optimizer=backup event=begin call=56 rss_mib=3328.516 swap_mib=0.000 variables=36 pieces=2
[perfect_drone_full_node-2] [INFO] [1789028820.541944208] [fsm_node]:  -- [OPTIMIZER_PHASE_MEMORY] optimizer=backup event=end call=56 duration_ms=5.092 iterations=204 ret=1 rss_mib=3328.516 swap_mib=0.000 rss_delta_mib=0.000
[perfect_drone_full_node-2] [INFO] [1789028820.542222229] [fsm_node]:  -- [TRAJ_GUARD_COMMIT] phase=ReplanOnce/with_backup gen=11 map=54 samples=155 range=[0.084,0.846] escape=false footprint_egress=false escape_done_tt=-1.000
[perfect_drone_full_node-2] [32m -- [Fsm] ReplanOnce succeed.[0m
[perfect_drone_full_node-2] [INFO] [1789028820.563105544] [fsm_node]:  -- [OPTIMIZER_PHASE_MEMORY] optimizer=exp event=begin call=30 rss_mib=3328.516 swap_mib=0.000 variables=13 pieces=4
[perfect_drone_full_node-2] [INFO] [1789028820.566871952] [fsm_node]:  -- [OPTIMIZER_PHASE_MEMORY] optimizer=exp event=end call=30 duration_ms=3.818 iterations=366 ret=1 rss_mib=3328.516 swap_mib=0.000 rss_delta_mib=0.000
[perfect_drone_full_node-2]  -- [TRAJ_GUARD_CERT] trigger=poly_publish status=SAFE gen=11 map=54 map_age=0.006s map_age_limit=0.500s motion_speed=6.970mps samples=154 range=[0.084,0.846] collision_tt=-1.000 ttc=-1.000 p=[0.000,0.000,0.000]
[perfect_drone_full_node-2] [32m -- [Fsm 6.961] Current state: FOLLOW_TRAJ[0m
[perfect_drone_full_node-2] [INFO] [1789028820.598276070] [fsm_node]:  -- [OPTIMIZER_PHASE_MEMORY] optimizer=backup event=begin call=57 rss_mib=3328.516 swap_mib=0.000 variables=32 pieces=2
[perfect_drone_full_node-2] [INFO] [1789028820.602843706] [fsm_node]:  -- [OPTIMIZER_PHASE_MEMORY] optimizer=backup event=end call=57 duration_ms=4.588 iterations=195 ret=1 rss_mib=3328.516 swap_mib=0.000 rss_delta_mib=0.000
[perfect_drone_full_node-2] [INFO] [1789028820.603020648] [fsm_node]:  -- [OPTIMIZER_PHASE_MEMORY] optimizer=backup event=begin call=58 rss_mib=3328.516 swap_mib=0.000 variables=32 pieces=2
[perfect_drone_full_node-2] [INFO] [1789028820.605254777] [fsm_node]:  -- [OPTIMIZER_PHASE_MEMORY] optimizer=backup event=end call=58 duration_ms=2.235 iterations=97 ret=1 rss_mib=3328.516 swap_mib=0.000 rss_delta_mib=0.000
[perfect_drone_full_node-2] [INFO] [1789028820.605498451] [fsm_node]:  -- [TRAJ_GUARD_COMMIT] phase=ReplanOnce/with_backup gen=12 map=54 samples=136 range=[0.063,0.728] escape=false footprint_egress=false escape_done_tt=-1.000
[perfect_drone_full_node-2] [32m -- [Fsm] ReplanOnce succeed.[0m
[perfect_drone_full_node-2]  -- [TRAJ_GUARD_CERT] trigger=poly_publish status=SAFE gen=12 map=54 map_age=0.069s map_age_limit=0.500s motion_speed=6.846mps samples=135 range=[0.063,0.728] collision_tt=-1.000 ttc=-1.000 p=[0.000,0.000,0.000]
[perfect_drone_full_node-2] Publish local map size: 44990
[perfect_drone_full_node-2] [INFO] [1789028820.625808403] [fsm_node]:  -- [OPTIMIZER_PHASE_MEMORY] optimizer=exp event=begin call=31 rss_mib=3328.516 swap_mib=0.000 variables=9 pieces=3
[perfect_drone_full_node-2] [INFO] [1789028820.627276924] [fsm_node]:  -- [OPTIMIZER_PHASE_MEMORY] optimizer=exp event=end call=31 duration_ms=1.536 iterations=174 ret=1 rss_mib=3328.516 swap_mib=0.000 rss_delta_mib=0.000
[perfect_drone_full_node-2]  -- [TRAJ_GUARD_CERT] trigger=main_pre status=SAFE gen=12 map=55 map_age=0.008s map_age_limit=0.500s motion_speed=6.762mps samples=127 range=[0.102,0.728] collision_tt=-1.000 ttc=-1.000 p=[0.000,0.000,0.000]
[perfect_drone_full_node-2] [32m -- [Fsm] Get goal at [0m24.525000000000002 20.025000000000002  1.525000000000000
[perfect_drone_full_node-2] [32m -- [Fsm] Receive click goal at: [24.525000000000002 20.025000000000002  1.525000000000000]; goal yaw: 0.000000000000000 deg[0m
[perfect_drone_full_node-2] [INFO] [1789028820.694334670] [fsm_node]:  -- [OPTIMIZER_PHASE_MEMORY] optimizer=backup event=begin call=59 rss_mib=3328.516 swap_mib=0.000 variables=40 pieces=2
[perfect_drone_full_node-2] Publish local map size: 62455
[perfect_drone_full_node-2] [INFO] [1789028820.740295436] [fsm_node]:  -- [OPTIMIZER_PHASE_MEMORY] optimizer=backup event=end call=59 duration_ms=45.958 iterations=1657 ret=1 rss_mib=3328.516 swap_mib=0.000 rss_delta_mib=0.000
[perfect_drone_full_node-2] [INFO] [1789028820.740523952] [fsm_node]:  -- [OPTIMIZER_PHASE_MEMORY] optimizer=backup event=begin call=60 rss_mib=3328.516 swap_mib=0.000 variables=40 pieces=2
[perfect_drone_full_node-2] [INFO] [1789028820.787028629] [fsm_node]:  -- [OPTIMIZER_PHASE_MEMORY] optimizer=backup event=end call=60 duration_ms=46.493 iterations=1633 ret=1 rss_mib=3328.516 swap_mib=0.000 rss_delta_mib=0.000
[perfect_drone_full_node-2] [WARN] [1789028820.787075474] [fsm_node]:  -- [SUPER] in [ReplanOnce]: Replan overtime, check parameters, replan dt = 0.181252145.
[perfect_drone_full_node-2] [INFO] [1789028820.802827873] [fsm_node]:  -- [OPTIMIZER_PHASE_MEMORY] optimizer=exp event=begin call=32 rss_mib=3328.516 swap_mib=0.000 variables=5 pieces=2
[perfect_drone_full_node-2] [INFO] [1789028820.803241957] [fsm_node]:  -- [OPTIMIZER_PHASE_MEMORY] optimizer=exp event=end call=32 duration_ms=0.479 iterations=59 ret=1 rss_mib=3328.516 swap_mib=0.000 rss_delta_mib=0.000
[perfect_drone_full_node-2]  -- [TRAJ_GUARD_CERT] trigger=main_pre status=SAFE gen=12 map=56 map_age=0.005s map_age_limit=0.500s motion_speed=6.583mps samples=107 range=[0.202,0.728] collision_tt=-1.000 ttc=-1.000 p=[0.000,0.000,0.000]
[perfect_drone_full_node-2] Publish local map size: 56156
[perfect_drone_full_node-2] [INFO] [1789028820.855838638] [fsm_node]:  -- [TRAJ_GUARD_COMMIT] phase=ReplanOnce/no_backup gen=13 map=56 samples=213 range=[0.068,1.121] escape=false footprint_egress=false escape_done_tt=-1.000
[perfect_drone_full_node-2] [32m -- [Fsm] ReplanOnce succeed.[0m
[perfect_drone_full_node-2] [INFO] [1789028820.869162263] [fsm_node]:  -- [OPTIMIZER_PHASE_MEMORY] optimizer=exp event=begin call=33 rss_mib=3328.516 swap_mib=0.000 variables=5 pieces=2
[perfect_drone_full_node-2] [INFO] [1789028820.872686045] [fsm_node]:  -- [OPTIMIZER_PHASE_MEMORY] optimizer=exp event=end call=33 duration_ms=3.575 iterations=490 ret=1 rss_mib=3328.516 swap_mib=0.000 rss_delta_mib=0.000
[perfect_drone_full_node-2]  -- [TRAJ_GUARD_CERT] trigger=poly_publish status=SAFE gen=13 map=56 map_age=0.117s map_age_limit=0.500s motion_speed=6.313mps samples=212 range=[0.069,1.121] collision_tt=-1.000 ttc=-1.000 p=[0.000,0.000,0.000]
[perfect_drone_full_node-2] Publish local map size: 36059
[perfect_drone_full_node-2] [INFO] [1789028820.923786243] [fsm_node]:  -- [TRAJ_GUARD_COMMIT] phase=ReplanOnce/no_backup gen=14 map=56 samples=197 range=[0.067,1.042] escape=false footprint_egress=false escape_done_tt=-1.000
[perfect_drone_full_node-2] [32m -- [Fsm] ReplanOnce succeed.[0m
[perfect_drone_full_node-2] [INFO] [1789028820.937815864] [fsm_node]:  -- [OPTIMIZER_PHASE_MEMORY] optimizer=exp event=begin call=34 rss_mib=3328.516 swap_mib=0.000 variables=5 pieces=2
[perfect_drone_full_node-2] [INFO] [1789028820.939002159] [fsm_node]:  -- [OPTIMIZER_PHASE_MEMORY] optimizer=exp event=end call=34 duration_ms=1.245 iterations=200 ret=1 rss_mib=3328.516 swap_mib=0.000 rss_delta_mib=0.000
[perfect_drone_full_node-2] [INFO] [1789028820.973302878] [fsm_node]:  -- [TRAJ_GUARD_COMMIT] phase=ReplanOnce/no_backup gen=15 map=56 samples=184 range=[0.049,0.956] escape=false footprint_egress=false escape_done_tt=-1.000
[perfect_drone_full_node-2]  -- [TRAJ_GUARD_CERT] trigger=poly_publish status=SAFE gen=14 map=56 map_age=0.185s map_age_limit=0.500s motion_speed=5.524mps samples=196 range=[0.068,1.042] collision_tt=-1.000 ttc=-1.000 p=[0.000,0.000,0.000]
[perfect_drone_full_node-2] [32m -- [Fsm] ReplanOnce succeed.[0m
[perfect_drone_full_node-2] [INFO] [1789028820.987494555] [fsm_node]:  -- [OPTIMIZER_PHASE_MEMORY] optimizer=exp event=begin call=35 rss_mib=3328.516 swap_mib=0.000 variables=1 pieces=1
[perfect_drone_full_node-2] [INFO] [1789028820.987810149] [fsm_node]:  -- [OPTIMIZER_PHASE_MEMORY] optimizer=exp event=end call=35 duration_ms=0.379 iterations=83 ret=1 rss_mib=3328.516 swap_mib=0.000 rss_delta_mib=0.000
[perfect_drone_full_node-2]  -- [TRAJ_GUARD_CERT] trigger=poly_publish status=SAFE gen=15 map=56 map_age=0.234s map_age_limit=0.500s motion_speed=4.692mps samples=183 range=[0.049,0.956] collision_tt=-1.000 ttc=-1.000 p=[0.000,0.000,0.000]
[perfect_drone_full_node-2] Publish local map size: 27005
[perfect_drone_full_node-2] [INFO] [1789028821.021851901] [fsm_node]:  -- [TRAJ_GUARD_COMMIT] phase=ReplanOnce/no_backup gen=16 map=56 samples=174 range=[0.045,0.903] escape=false footprint_egress=false escape_done_tt=-1.000
[perfect_drone_full_node-2] [32m -- [Fsm] ReplanOnce succeed.[0m
[perfect_drone_full_node-2] [INFO] [1789028821.071126727] [fsm_node]:  -- [TRAJ_GUARD_COMMIT] phase=ReplanOnce/no_backup gen=17 map=56 samples=164 range=[0.094,0.903] escape=false footprint_egress=false escape_done_tt=-1.000
[perfect_drone_full_node-2]  -- [TRAJ_GUARD_CERT] trigger=poly_publish status=SAFE gen=16 map=56 map_age=0.283s map_age_limit=0.500s motion_speed=4.057mps samples=173 range=[0.045,0.903] collision_tt=-1.000 ttc=-1.000 p=[0.000,0.000,0.000]
[perfect_drone_full_node-2] [32m -- [Fsm] ReplanOnce succeed.[0m
[perfect_drone_full_node-2]  -- [TRAJ_GUARD_CERT] trigger=poly_publish status=SAFE gen=17 map=56 map_age=0.332s map_age_limit=0.500s motion_speed=3.821mps samples=163 range=[0.095,0.903] collision_tt=-1.000 ttc=-1.000 p=[0.000,0.000,0.000]
[perfect_drone_full_node-2] Publish local map size: 22643
[perfect_drone_full_node-2] [INFO] [1789028821.132921280] [fsm_node]:  -- [TRAJ_GUARD_COMMIT] phase=ReplanOnce/no_backup gen=18 map=56 samples=152 range=[0.156,0.903] escape=false footprint_egress=false escape_done_tt=-1.000
[perfect_drone_full_node-2] [32m -- [Fsm] ReplanOnce succeed.[0m
[perfect_drone_full_node-2]  -- [TRAJ_GUARD_CERT] trigger=poly_publish status=SAFE gen=18 map=56 map_age=0.394s map_age_limit=0.500s motion_speed=3.980mps samples=151 range=[0.157,0.903] collision_tt=-1.000 ttc=-1.000 p=[0.000,0.000,0.000]
[perfect_drone_full_node-2] Publish local map size: 27813
[perfect_drone_full_node-2] [INFO] [1789028821.244458756] [fsm_node]:  -- [TRAJ_GUARD_RECOVERY_SIGNAL] active=true
[perfect_drone_full_node-2] [ERROR] [1789028821.245210721] [fsm_node]:  -- [TRAJ_GUARD_BRAKE_REJECTED] trigger=main_pre_uncertified searched=[0.400,3.000]s speed0=4.896 initial_source=fresh_command cmd_age=0.010s cmd_pos_err=0.000 cmd_vel_err=inf motion_speed=inf motion_dt=infs motion_pose_speed=inf motion_twist_speed=4.896 motion_disagreement=inf motion_source=none motion_gen=18/9 motion_gen_continuous=false last_dynamics_ok=false max_vel=8.666 vel_limit=7.000 max_acc=0.000 max_jerk=0.000 last_path_status=UNOBSERVED last_map=56 map_age=0.506s raw_status=DISABLED raw_cloud=0 raw_age=0.000s ciri_shadow=DISABLED ciri_shadow_result=0 ciri_shadow_queued=0 ciri_shadow_age=infs; no brake command published
[perfect_drone_full_node-2] [ERROR] [1789028821.254506958] [fsm_node]:  -- [TRAJ_GUARD_BRAKE_REJECTED] trigger=emergency_stop_retry searched=[0.400,3.000]s speed0=0.000 initial_source=position_difference cmd_age=0.020s cmd_pos_err=0.000 cmd_vel_err=4.896 motion_speed=0.000 motion_dt=0.009s motion_pose_speed=0.000 motion_twist_speed=4.896 motion_disagreement=4.896 motion_source=position_difference motion_gen=18/18 motion_gen_continuous=true last_dynamics_ok=true max_vel=0.000 vel_limit=7.000 max_acc=0.000 max_jerk=0.000 last_path_status=UNOBSERVED last_map=56 map_age=0.515s raw_status=DISABLED raw_cloud=0 raw_age=infs ciri_shadow=DISABLED ciri_shadow_result=0 ciri_shadow_queued=0 ciri_shadow_age=infs; no brake command published
[perfect_drone_full_node-2]  -- [TRAJ_GUARD_CERT] trigger=main_pre status=MAP_STALE gen=18 map=56 map_age=0.505s map_age_limit=0.500s motion_speed=4.896mps samples=0 range=[0.000,0.000] collision_tt=-1.000 ttc=-1.000 p=[0.000,0.000,0.000]
[perfect_drone_full_node-2] [38;2;000;128;000m -- [Fsm]: [TrajectoryGuardFailClosed] change state from [FOLLOW_TRAJ] to [EMER_STOP].
[perfect_drone_full_node-2] [0mPublish local map size: 30636
[perfect_drone_full_node-2] [ERROR] [1789028821.364484668] [fsm_node]:  -- [TRAJ_GUARD_BRAKE_REJECTED] trigger=emergency_stop_retry searched=[0.400,3.000]s speed0=0.000 initial_source=position_difference cmd_age=0.130s cmd_pos_err=0.000 cmd_vel_err=4.896 motion_speed=0.000 motion_dt=0.110s motion_pose_speed=0.000 motion_twist_speed=4.896 motion_disagreement=4.896 motion_source=position_difference motion_gen=18/18 motion_gen_continuous=true last_dynamics_ok=true max_vel=0.000 vel_limit=7.000 max_acc=0.000 max_jerk=0.000 last_path_status=UNOBSERVED last_map=56 map_age=0.625s raw_status=DISABLED raw_cloud=0 raw_age=infs ciri_shadow=DISABLED ciri_shadow_result=0 ciri_shadow_queued=0 ciri_shadow_age=infs; no brake command published
[perfect_drone_full_node-2]  -- [MARSIM] Running FPS: 277.130280397359741
[perfect_drone_full_node-2] Publish local map size: 30561
[perfect_drone_full_node-2] [ERROR] [1789028821.474496182] [fsm_node]:  -- [TRAJ_GUARD_BRAKE_REJECTED] trigger=emergency_stop_retry searched=[0.400,3.000]s speed0=0.000 initial_source=position_difference cmd_age=0.240s cmd_pos_err=0.000 cmd_vel_err=4.896 motion_speed=0.000 motion_dt=0.110s motion_pose_speed=0.000 motion_twist_speed=4.896 motion_disagreement=4.896 motion_source=position_difference motion_gen=18/18 motion_gen_continuous=true last_dynamics_ok=true max_vel=0.000 vel_limit=7.000 max_acc=0.000 max_jerk=0.000 last_path_status=UNOBSERVED last_map=58 map_age=0.017s raw_status=DISABLED raw_cloud=0 raw_age=infs ciri_shadow=DISABLED ciri_shadow_result=0 ciri_shadow_queued=0 ciri_shadow_age=infs; no brake command published
[perfect_drone_full_node-2] Publish local map size: 30586
[perfect_drone_full_node-2] [WARN] [1789028821.584547066] [fsm_node]:  -- [TRAJ_GUARD_STATIONARY_HOLD] trigger=emergency_stop_retry stable_for=0.330s displacement=0.000m action=publish_certified_hold
[perfect_drone_full_node-2] [ERROR] [1789028821.584764599] [fsm_node]:  -- [TRAJ_GUARD_BRAKE] trigger=emergency_stop_retry duration=0.400s speed0=0.000 initial_source=position_difference cmd_age=0.350s cmd_pos_err=0.000 cmd_vel_err=4.896 motion_speed=0.000 motion_dt=0.110s motion_pose_speed=0.000 motion_twist_speed=4.896 motion_disagreement=4.896 motion_source=position_difference motion_gen=18/18 motion_gen_continuous=true max_vel=0.000 vel_limit=7.000 max_acc=0.000 max_jerk=0.000 dynamics_ok=true path_status=SAFE map=59 map_age=0.033s raw_status=DISABLED raw_cloud=0 raw_age=0.000s ciri_shadow=DISABLED ciri_shadow_result=0 ciri_shadow_queued=0 ciri_shadow_age=infs stop=[25.807,18.360,1.834]
[perfect_drone_full_node-2] [38;2;000;128;000m -- [Fsm]: [TrajectoryGuard] change state from [EMER_STOP] to [EMER_STOP].
[perfect_drone_full_node-2] [0m[38;2;000;128;000m -- [Fsm]: [TrajectoryGuardRecovery] change state from [EMER_STOP] to [GENERATE_TRAJ].
[perfect_drone_full_node-2] [0m[32m -- [Fsm 7.981] Current state: GENERATE_TRAJ[0m
[perfect_drone_full_node-2] [WARN] [1789028821.594569588] [fsm_node]:  -- [TRAJ_GUARD_RECOVERY_EPISODE_RESET] reason=horizontal_progress progress=7.927m threshold=2.000m prior_local=0 prior_vertical=0 prior_base=0
[perfect_drone_full_node-2] [INFO] [1789028821.603237515] [fsm_node]:  -- [OPTIMIZER_PHASE_MEMORY] optimizer=exp event=begin call=36 rss_mib=3328.516 swap_mib=0.000 variables=5 pieces=2
[perfect_drone_full_node-2] [INFO] [1789028821.604817219] [fsm_node]:  -- [OPTIMIZER_PHASE_MEMORY] optimizer=exp event=end call=36 duration_ms=1.639 iterations=278 ret=1 rss_mib=3328.516 swap_mib=0.000 rss_delta_mib=0.000
[perfect_drone_full_node-2] [WARN] [1789028821.604823091] [fsm_node]:  -- [ExpOpt] Opt failed, Omg or thr or Pos violation.
[perfect_drone_full_node-2] [WARN] [1789028821.604854291] [fsm_node]:  -- [SUPER] OptimizationExpTrajInPolytopes for new path failed
[perfect_drone_full_node-2] [33m -- [MINCO] TrajOpt failed, (unknown)[0m
[perfect_drone_full_node-2] [33m -- [SUPER] Minco exp_traj opt failed.[0m
[perfect_drone_full_node-2] [INFO] [1789028821.605090324] [fsm_node]:  -- [TRAJ_GUARD_COMMIT] phase=PlanFromRest/certified_direct_goal_fallback gen=19 map=59 samples=222 range=[0.000,1.099] escape=false footprint_egress=false escape_done_tt=-1.000
[perfect_drone_full_node-2] [WARN] [1789028821.605097971] [fsm_node]:  -- [TRAJ_GUARD_DIRECT_GOAL_FALLBACK] action=commit distance=2.122m duration=1.099s
[perfect_drone_full_node-2] [INFO] [1789028821.605231486] [fsm_node]:  -- [TRAJ_GUARD_RECOVERY_SIGNAL] active=false
[perfect_drone_full_node-2] [INFO] [1789028821.605237080] [fsm_node]:  -- [TRAJ_GUARD_RECOVERED] trigger=emergency_stop_retry gen=19 map=59
[perfect_drone_full_node-2]  -- [TRAJ_GUARD_CERT] trigger=poly_publish status=SAFE gen=19 map=59 map_age=0.054s map_age_limit=0.550s motion_speed=0.000mps samples=221 range=[0.000,1.099] collision_tt=-1.000 ttc=-1.000 p=[0.000,0.000,0.000]
[perfect_drone_full_node-2] [38;2;000;128;000m -- [Fsm]: [MainFsmCallback] change state from [GENERATE_TRAJ] to [FOLLOW_TRAJ].
[perfect_drone_full_node-2] [0mPublish local map size: 19943
[perfect_drone_full_node-2]  -- [TRAJ_GUARD_CERT] trigger=main_pre status=SAFE gen=19 map=60 map_age=0.008s map_age_limit=0.550s motion_speed=0.070mps samples=211 range=[0.050,1.099] collision_tt=-1.000 ttc=-1.000 p=[0.000,0.000,0.000]
[perfect_drone_full_node-2] [32m -- [Fsm] Get goal at [0m24.525000000000002 20.025000000000002  1.525000000000000
[perfect_drone_full_node-2] [32m -- [Fsm] Receive click goal at: [24.525000000000002 20.025000000000002  1.525000000000000]; goal yaw: 0.000000000000000 deg[0m
[perfect_drone_full_node-2] Publish local map size: 22912
[perfect_drone_full_node-2]  -- [TRAJ_GUARD_CERT] trigger=main_pre status=SAFE gen=19 map=61 map_age=0.003s map_age_limit=0.550s motion_speed=0.712mps samples=191 range=[0.149,1.099] collision_tt=-1.000 ttc=-1.000 p=[0.000,0.000,0.000]
[perfect_drone_full_node-2] Publish local map size: 24531
[perfect_drone_full_node-2]  -- [TRAJ_GUARD_CERT] trigger=main_pre status=SAFE gen=19 map=62 map_age=0.004s map_age_limit=0.550s motion_speed=1.684mps samples=171 range=[0.250,1.099] collision_tt=-1.000 ttc=-1.000 p=[0.000,0.000,0.000]
[perfect_drone_full_node-2] Publish local map size: 23718
[perfect_drone_full_node-2]  -- [TRAJ_GUARD_CERT] trigger=main_pre status=SAFE gen=19 map=63 map_age=0.005s map_age_limit=0.543s motion_speed=2.642mps samples=151 range=[0.350,1.099] collision_tt=-1.000 ttc=-1.000 p=[0.000,0.000,0.000]
[perfect_drone_full_node-2] Publish local map size: 21198
[perfect_drone_full_node-2]  -- [TRAJ_GUARD_CERT] trigger=main_pre status=SAFE gen=19 map=64 map_age=0.007s map_age_limit=0.508s motion_speed=3.338mps samples=131 range=[0.450,1.099] collision_tt=-1.000 ttc=-1.000 p=[0.000,0.000,0.000]
[perfect_drone_full_node-2] Publish local map size: 18585
[perfect_drone_full_node-2]  -- [TRAJ_GUARD_CERT] trigger=main_pre status=SAFE gen=19 map=65 map_age=0.009s map_age_limit=0.500s motion_speed=3.619mps samples=111 range=[0.550,1.099] collision_tt=-1.000 ttc=-1.000 p=[0.000,0.000,0.000]
[perfect_drone_full_node-2] Publish local map size: 18085
[perfect_drone_full_node-2]  -- [TRAJ_GUARD_CERT] trigger=main_pre status=SAFE gen=19 map=66 map_age=0.005s map_age_limit=0.504s motion_speed=3.429mps samples=91 range=[0.650,1.099] collision_tt=-1.000 ttc=-1.000 p=[0.000,0.000,0.000]
[perfect_drone_full_node-2] Publish local map size: 18790
[perfect_drone_full_node-2]  -- [TRAJ_GUARD_CERT] trigger=main_pre status=SAFE gen=19 map=67 map_age=0.002s map_age_limit=0.535s motion_speed=2.805mps samples=71 range=[0.750,1.099] collision_tt=-1.000 ttc=-1.000 p=[0.000,0.000,0.000]
[perfect_drone_full_node-2] Publish local map size: 19377
[perfect_drone_full_node-2]  -- [TRAJ_GUARD_CERT] trigger=main_pre status=SAFE gen=19 map=68 map_age=0.004s map_age_limit=0.550s motion_speed=1.882mps samples=51 range=[0.850,1.099] collision_tt=-1.000 ttc=-1.000 p=[0.000,0.000,0.000]
[perfect_drone_full_node-2] Publish local map size: 19246
[perfect_drone_full_node-2]  -- [TRAJ_GUARD_CERT] trigger=main_pre status=SAFE gen=19 map=69 map_age=0.006s map_age_limit=0.550s motion_speed=0.889mps samples=31 range=[0.950,1.099] collision_tt=-1.000 ttc=-1.000 p=[0.000,0.000,0.000]
[perfect_drone_full_node-2] [32m -- [Fsm 8.981] Current state: FOLLOW_TRAJ[0m
[perfect_drone_full_node-2] Publish local map size: 18105
[perfect_drone_full_node-2]  -- [TRAJ_GUARD_CERT] trigger=main_pre status=SAFE gen=19 map=70 map_age=0.008s map_age_limit=0.550s motion_speed=0.150mps samples=11 range=[1.050,1.099] collision_tt=-1.000 ttc=-1.000 p=[0.000,0.000,0.000]
[perfect_drone_full_node-2] [32m -- [Fsm] Traj finish.[0m
[perfect_drone_full_node-2] [38;2;000;128;000m -- [Fsm]: [PubCmdCallback] change state from [FOLLOW_TRAJ] to [WAIT_GOAL].
[perfect_drone_full_node-2] [0m[38;2;000;128;000m -- [Fsm]: [MainFsmCallback] change state from [WAIT_GOAL] to [GENERATE_TRAJ].
[perfect_drone_full_node-2] [0mPublish local map size: 16520
[perfect_drone_full_node-2] [38;2;000;128;000m -- [Fsm]: [MainFsmCallback] change state from [GENERATE_TRAJ] to [WAIT_GOAL].
[perfect_drone_full_node-2] [0mPublish local map size: 16537
[perfect_drone_full_node-2] Publish local map size: 16564
[perfect_drone_full_node-2] Publish local map size: 16562
[perfect_drone_full_node-2] Publish local map size: 16588
[perfect_drone_full_node-2] Publish local map size: 16545
