[INFO] [launch]: All log files can be found below /root/.ros/log/2026-09-10-17-49-03-157674-livox-1938102
[INFO] [launch]: Default logging verbosity is set to INFO
[INFO] [waypoint_mission-1]: process started with pid [1938103]
[INFO] [perfect_drone_full_node-2]: process started with pid [1938105]
[waypoint_mission-1] [WARN] [1789030143.204110151] [waypoint_mission]:  -- [MissionPlanner] Load config by file name: /root/super_ws/src/SUPER/mission_planner/config/waypoint.yaml
[waypoint_mission-1] [WARN] [1789030143.204175777] [waypoint_mission]:  -- [MissionPlanner] Load data by file name: /root/super_ws/src/SUPER/mission_planner/data/blind_heading_fork.txt
[perfect_drone_full_node-2] Load config file: /root/super_ws/install/super_planner/share/super_planner/config/static_seedmaps_guard_viability_tight_v7.yaml
[perfect_drone_full_node-2] [0;32m Load param fsm/timer_en success: [0;0m1
[perfect_drone_full_node-2] [0;32m Load param super_planner/detailed_log_en success: [0;0m0
[perfect_drone_full_node-2] [0;32m Load param super_planner/detailed_log_max_entries success: [0;0m64
[perfect_drone_full_node-2] [0;32m Load param fsm/click_goal_en success: [0;0m1
[perfect_drone_full_node-2] [0;32m Load param fsm/click_yaw_en success: [0;0m1
[perfect_drone_full_node-2] [0;32m Load param fsm/replan_rate success: [0;0m15
[perfect_drone_full_node-2] [0;32m Load param fsm/click_height success: [0;0m1.5
[perfect_drone_full_node-2] [0;32m Load param fsm/cmd_topic success: [0;0m/planning/pos_cmd
[perfect_drone_full_node-2] [0;32m Load param fsm/mpc_cmd_topic success: [0;0m/planning_cmd/poly_traj
[perfect_drone_full_node-2] [0;32m Load param fsm/click_goal_topic success: [0;0m/planning/click_goal
[perfect_drone_full_node-2] [0;32m Load param fsm/map_readiness/enable success: [0;0m1
[perfect_drone_full_node-2] [0;32m Load param fsm/map_readiness/min_accepted_scans success: [0;0m5
[perfect_drone_full_node-2] [0;32m Load param fsm/map_readiness/min_committed_scans success: [0;0m5
[perfect_drone_full_node-2] [0;32m Load param fsm/map_readiness/max_commit_lag_scans success: [0;0m5
[perfect_drone_full_node-2] [0;32m Load param fsm/map_readiness/min_scan_span_s success: [0;0m1
[perfect_drone_full_node-2] [0;32m Load param fsm/map_readiness/max_cloud_age_s success: [0;0m0.75
[perfect_drone_full_node-2] [0;32m Load param fsm/map_readiness/max_map_age_s success: [0;0m0.55
[perfect_drone_full_node-2] [0;32m Load param fsm/trajectory_guard/enable success: [0;0m1
[perfect_drone_full_node-2] [0;33m Load param fsm/trajectory_guard/same_map_replan_coalesce_enable failed, use default value: [0;0m0
[perfect_drone_full_node-2] [0;33m Load param fsm/trajectory_guard/same_map_replan_min_interval_s failed, use default value: [0;0m0
[perfect_drone_full_node-2] [0;32m Load param fsm/trajectory_guard/shadow success: [0;0m0
[perfect_drone_full_node-2] [0;32m Load param fsm/trajectory_guard/max_map_age_s success: [0;0m0.75
[perfect_drone_full_node-2] [0;32m Load param fsm/trajectory_guard/brake_trigger_map_age_s success: [0;0m0.55
[perfect_drone_full_node-2] [0;32m Load param fsm/trajectory_guard/brake_trigger_high_speed_map_age_s success: [0;0m0.5
[perfect_drone_full_node-2] [0;32m Load param fsm/trajectory_guard/brake_trigger_low_speed_mps success: [0;0m2.5
[perfect_drone_full_node-2] [0;32m Load param fsm/trajectory_guard/brake_trigger_high_speed_mps success: [0;0m3.5
[perfect_drone_full_node-2] [0;33m Load param fsm/trajectory_guard/full_refresh_ack_sla_s failed, use default value: [0;0m0
[perfect_drone_full_node-2] [0;32m Load param fsm/trajectory_guard/raw_cloud/enable success: [0;0m0
[perfect_drone_full_node-2] [0;33m Load param fsm/trajectory_guard/raw_cloud/source_topic failed, use default value: [0;0m
[perfect_drone_full_node-2] [0;32m Load param fsm/trajectory_guard/raw_cloud/max_age_s success: [0;0m0.75
[perfect_drone_full_node-2] [0;32m Load param fsm/trajectory_guard/raw_cloud/clearance_m success: [0;0m0.3
[perfect_drone_full_node-2] [0;32m Load param fsm/trajectory_guard/validation_sample_dt_s success: [0;0m0.005
[perfect_drone_full_node-2] [0;32m Load param fsm/trajectory_guard/shadow_min_interval_s success: [0;0m0
[perfect_drone_full_node-2] [0;32m Load param fsm/trajectory_guard/additional_clearance_m success: [0;0m0
[perfect_drone_full_node-2] [0;33m Load param fsm/trajectory_guard/brake_min_duration_s failed, use default value: [0;0m0.4
[perfect_drone_full_node-2] [0;32m Load param fsm/trajectory_guard/brake_max_duration_s success: [0;0m3
[perfect_drone_full_node-2] [0;32m Load param fsm/trajectory_guard/brake_max_acc_mps2 success: [0;0m20
[perfect_drone_full_node-2] [0;32m Load param fsm/trajectory_guard/brake_max_jerk_mps3 success: [0;0m120
[perfect_drone_full_node-2] [0;32m Load param fsm/trajectory_guard/brake_command_max_age_s success: [0;0m0.1
[perfect_drone_full_node-2] [0;32m Load param fsm/trajectory_guard/brake_command_max_position_error_m success: [0;0m0.5
[perfect_drone_full_node-2] [0;32m Load param fsm/trajectory_guard/brake_command_max_velocity_error_mps success: [0;0m2
[perfect_drone_full_node-2] [0;32m Load param fsm/trajectory_guard/brake_retry_interval_s success: [0;0m0.1
[perfect_drone_full_node-2] [0;32m Load param fsm/trajectory_guard/unknown_as_occupied success: [0;0m1
[perfect_drone_full_node-2] [0;33m Load param fsm/trajectory_guard/raw_cloud/ciri_shadow_en failed, use default value: [0;0m0
[perfect_drone_full_node-2] [0;33m Load param fsm/trajectory_guard/raw_cloud/accum_window_s failed, use default value: [0;0m1.5
[perfect_drone_full_node-2] [0;33m Load param fsm/trajectory_guard/raw_cloud/ciri_min_points failed, use default value: [0;0m200
[perfect_drone_full_node-2] [0;33m Load param fsm/trajectory_guard/raw_cloud/ciri_voxel_m failed, use default value: [0;0m0.1
[perfect_drone_full_node-2] [0;33m Load param fsm/trajectory_guard/raw_cloud/near_field_shadow_en failed, use default value: [0;0m0
[perfect_drone_full_node-2] [0;33m Load param fsm/trajectory_guard/raw_cloud/near_field_clearance_m failed, use default value: [0;0m0.2
[perfect_drone_full_node-2] [0;33m Load param fsm/trajectory_guard/raw_cloud/near_field_horizon_s failed, use default value: [0;0m1
[perfect_drone_full_node-2] [0;33m Load param fsm/trajectory_guard/raw_cloud/near_field_sample_dt_s failed, use default value: [0;0m0.01
[perfect_drone_full_node-2] [0;33m Load param fsm/trajectory_guard/raw_cloud/near_field_min_interval_s failed, use default value: [0;0m0.1
[perfect_drone_full_node-2] [0;33m Load param fsm/trajectory_guard/raw_cloud/near_field_min_points failed, use default value: [0;0m200
[perfect_drone_full_node-2] [0;33m Load param fsm/trajectory_guard/raw_cloud/near_field_voxel_m failed, use default value: [0;0m0
[perfect_drone_full_node-2] [0;33m Load param fsm/trajectory_guard/raw_cloud/near_field_test_replay_mode failed, use default value: [0;0m0
[perfect_drone_full_node-2] [0;33m Load param fsm/trajectory_guard/raw_cloud/near_field_enforce_en failed, use default value: [0;0m0
[perfect_drone_full_node-2] [0;33m Load param fsm/trajectory_guard/raw_cloud/near_field_result_max_age_s failed, use default value: [0;0m0.2
[perfect_drone_full_node-2] [0;33m Load param fsm/trajectory_guard/raw_cloud/near_field_max_sequence_lag failed, use default value: [0;0m1
[perfect_drone_full_node-2] [0;33m Load param fsm/trajectory_guard/raw_cloud/near_field_egress_tolerance_m failed, use default value: [0;0m0.005
[perfect_drone_full_node-2] [0;33m Load param fsm/trajectory_guard/raw_cloud/near_field_egress_min_progress_m failed, use default value: [0;0m0.02
[perfect_drone_full_node-2] [0;33m Load param fsm/trajectory_guard/frontend_risk/shadow_en failed, use default value: [0;0m0
[perfect_drone_full_node-2] [0;33m Load param fsm/trajectory_guard/frontend_risk/enforce_en failed, use default value: [0;0m0
[perfect_drone_full_node-2] [0;33m Load param fsm/trajectory_guard/frontend_risk/topic failed, use default value: [0;0m/planning/trajectory_risk_verdict
[perfect_drone_full_node-2] [0;33m Load param fsm/trajectory_guard/frontend_risk/result_max_age_s failed, use default value: [0;0m0.2
[perfect_drone_full_node-2] [0;33m Load param fsm/trajectory_guard/frontend_risk/source_max_age_s failed, use default value: [0;0m0.75
[perfect_drone_full_node-2] [0;33m Load param fsm/trajectory_guard/frontend_risk/current_body_enforce_en failed, use default value: [0;0m0
[perfect_drone_full_node-2] [0;33m Load param fsm/trajectory_guard/frontend_risk/current_body_result_max_age_s failed, use default value: [0;0m0.15
[perfect_drone_full_node-2] [0;33m Load param fsm/trajectory_guard/frontend_risk/current_body_source_max_age_s failed, use default value: [0;0m0.2
[perfect_drone_full_node-2] [0;32m Load param super_planner/yaw_dot_max success: [0;0m3
[perfect_drone_full_node-2] [0;32m Load param super_planner/visualization_en success: [0;0m0
[perfect_drone_full_node-2] [0;32m Load param rog_map/resolution success: [0;0m0.05
[perfect_drone_full_node-2] Load config file: /root/super_ws/install/super_planner/share/super_planner/config/static_seedmaps_guard_viability_tight_v7.yaml
[perfect_drone_full_node-2] [0;32m Load param rog_map/esdf/resolution success: [0;0m0.1
[perfect_drone_full_node-2] [0;32m Load param rog_map/esdf/enable success: [0;0m0
[perfect_drone_full_node-2] [0;32m Load param rog_map/esdf/local_update_box success: [0;0m[5 5 3 ]
[perfect_drone_full_node-2] [0;32m Load param rog_map/load_pcd_en success: [0;0m0
[perfect_drone_full_node-2] [0;32m Load param rog_map/map_sliding/enable success: [0;0m0
[perfect_drone_full_node-2] [0;32m Load param rog_map/map_sliding/threshold success: [0;0m3
[perfect_drone_full_node-2] [0;32m Load param rog_map/fix_map_origin success: [0;0m[0 0 1.5 ]
[perfect_drone_full_node-2] [0;32m Load param rog_map/frontier_extraction_en success: [0;0m0
[perfect_drone_full_node-2] [0;32m Load param rog_map/ros_callback/enable success: [0;0m1
[perfect_drone_full_node-2] [0;32m Load param rog_map/ros_callback/cloud_topic success: [0;0m/cloud_registered
[perfect_drone_full_node-2] [0;33m Load param rog_map/ros_callback/cloud_reliable failed, use default value: [0;0m0
[perfect_drone_full_node-2] [0;32m Load param rog_map/ros_callback/odom_topic success: [0;0m/lidar_slam/odom
[perfect_drone_full_node-2] [0;32m Load param rog_map/ros_callback/odom_timeout success: [0;0m2
[perfect_drone_full_node-2] [0;32m Load param rog_map/visualization/enable success: [0;0m0
[perfect_drone_full_node-2] [0;32m Load param rog_map/visualization/use_dynamic_reconfigure success: [0;0m0
[perfect_drone_full_node-2] [0;32m Load param rog_map/visualization/pub_unknown_map_en success: [0;0m0
[perfect_drone_full_node-2] [0;32m Load param rog_map/visualization/frame_id success: [0;0mworld
[perfect_drone_full_node-2] [0;32m Load param rog_map/visualization/time_rate success: [0;0m2
[perfect_drone_full_node-2] [0;32m Load param rog_map/visualization/frame_rate success: [0;0m0
[perfect_drone_full_node-2] [0;32m Load param rog_map/visualization/range success: [0;0m[15 15 4 ]
[perfect_drone_full_node-2] [0;32m Load param rog_map/resolution success: [0;0m0.05
[perfect_drone_full_node-2] [0;32m Load param rog_map/inflation_resolution success: [0;0m0.1
[perfect_drone_full_node-2] [0;32m Load param rog_map/unk_inflation_en success: [0;0m0
[perfect_drone_full_node-2] [0;32m Load param rog_map/unk_inflation_step success: [0;0m1
[perfect_drone_full_node-2] [0;32m Load param rog_map/inflation_step success: [0;0m3
[perfect_drone_full_node-2] [0;32m Load param rog_map/intensity_thresh success: [0;0m-10
[perfect_drone_full_node-2] [0;32m Load param rog_map/map_size success: [0;0m[70 70 6 ]
[perfect_drone_full_node-2] [0;32m Load param rog_map/point_filt_num success: [0;0m1
[perfect_drone_full_node-2] [0;32m Load param rog_map/raycasting/enable success: [0;0m0
[perfect_drone_full_node-2] [0;32m Load param rog_map/raycasting/batch_update_size success: [0;0m1
[perfect_drone_full_node-2] [0;32m Load param rog_map/raycasting/unk_thresh success: [0;0m1
[perfect_drone_full_node-2] [0;32m Load param rog_map/raycasting/p_hit success: [0;0m0.9
[perfect_drone_full_node-2] [0;32m Load param rog_map/raycasting/p_miss success: [0;0m0.49
[perfect_drone_full_node-2] [0;32m Load param rog_map/raycasting/p_min success: [0;0m0.12
[perfect_drone_full_node-2] [0;32m Load param rog_map/raycasting/p_max success: [0;0m0.98
[perfect_drone_full_node-2] [0;32m Load param rog_map/raycasting/p_occ success: [0;0m0.85
[perfect_drone_full_node-2] [0;32m Load param rog_map/raycasting/p_free success: [0;0m0.499
[perfect_drone_full_node-2] [0;32m Load param rog_map/raycasting/p_free success: [0;0m0.499
[perfect_drone_full_node-2] [0;32m Load param rog_map/raycasting/ray_range success: [0;0m[0.5 100 ]
[perfect_drone_full_node-2] [0;33m Load param rog_map/raycasting/observed_mark_range_max failed, use default value: [0;0m10
[perfect_drone_full_node-2] [0;32m Load param rog_map/raycasting/local_update_box success: [0;0m[100 100 5 ]
[perfect_drone_full_node-2] [0;32m Load param rog_map/virtual_ground_height success: [0;0m-0.1
[perfect_drone_full_node-2] [0;32m Load param rog_map/virtual_ceil_height success: [0;0m3.5
[perfect_drone_full_node-2] [32m -- [RM-Config] inflation_resolution: 0.1[0m
[perfect_drone_full_node-2]  -- [ROG-Map] Init, resetMapSize: ORIGIN_AT_CORNER.
[perfect_drone_full_node-2]  -- [ROG-Map] Init, resetMapSize: virtual_ceil_height: 3.1500000000000004, virtual_ground_height: 0.25.
[perfect_drone_full_node-2] [34m	[ROG] n_free: 1[0m
[perfect_drone_full_node-2] [34m	[ROG] n_occ: 1[0m
[perfect_drone_full_node-2] [34m	[ROG] l_hit: 2.19722[0m
[perfect_drone_full_node-2] [34m	[ROG] l_miss: -0.0400053[0m
[perfect_drone_full_node-2] [34m	[ROG] l_min: -1.99243[0m
[perfect_drone_full_node-2] [34m	[ROG] l_max: 3.89182[0m
[perfect_drone_full_node-2] [34m	[ROG] l_occ: 1.7346[0m
[perfect_drone_full_node-2] [34m	[ROG] l_free: -0.00399995[0m
[perfect_drone_full_node-2] [33m -- [Inf-Map] Clear all local map.[0m
[perfect_drone_full_node-2] [32m -- [CounterMap] Init successfully -- .[0m
[perfect_drone_full_node-2] [32m	resolution: 0.1[0m
[perfect_drone_full_node-2] [32m	map_sliding_en: 0[0m
[perfect_drone_full_node-2] [32m	local_map_size_i: 709 709  69[0m
[perfect_drone_full_node-2] [32m	local_map_size_d: 70.9 70.9  6.9[0m
[perfect_drone_full_node-2] [33m -- [Inf-Map] Clear all local map.[0m
[perfect_drone_full_node-2] [32m -- [InfMap] Init successfully -- .[0m
[perfect_drone_full_node-2] [32m	resolution: 0.1[0m
[perfect_drone_full_node-2] [32m	map_sliding_en: 0[0m
[perfect_drone_full_node-2] [32m	local_map_size_i: 709 709  69[0m
[perfect_drone_full_node-2] [32m	local_map_size_d: 70.9 70.9  6.9[0m
[perfect_drone_full_node-2] [ProbMap] virtual_ceil_height: 3.15
[perfect_drone_full_node-2] [ProbMap] virtual_ground_height: 0.25
[perfect_drone_full_node-2] [33m -- [ProbMap] Map sliding disabled, set origin to [  0   0 1.5] -- [0m
[perfect_drone_full_node-2] [33m -- [Prob-Map] Clear all local map.[0m
[perfect_drone_full_node-2] [32m -- [ProbMap] Init successfully -- .[0m
[perfect_drone_full_node-2] [32m	resolution: 0.05[0m
[perfect_drone_full_node-2] [32m	map_sliding_en: 0[0m
[perfect_drone_full_node-2] [32m	local_map_size_i: 1401 1401  121[0m
[perfect_drone_full_node-2] [32m	local_map_size_d: 70.05 70.05  6.05[0m
[perfect_drone_full_node-2] [38;2;000;128;000m -- [ROGMap] Immutable planner snapshot enabled (fixed occupancy-only map).
[perfect_drone_full_node-2] [0mLoad config file: /root/super_ws/install/super_planner/share/super_planner/config/static_seedmaps_guard_viability_tight_v7.yaml
[perfect_drone_full_node-2] Load config file: /root/super_ws/install/super_planner/share/super_planner/config/static_seedmaps_guard_viability_tight_v7.yaml
[perfect_drone_full_node-2] [0;32m Load param traj_opt/switch/print_optimizer_log success: [0;0m0
[perfect_drone_full_node-2] [0;32m Load param traj_opt/flatness/mass success: [0;0m1.64
[perfect_drone_full_node-2] [0;32m Load param traj_opt/flatness/dh success: [0;0m0.35
[perfect_drone_full_node-2] [0;32m Load param traj_opt/flatness/dv success: [0;0m0.35
[perfect_drone_full_node-2] [0;32m Load param traj_opt/flatness/grav success: [0;0m9.81
[perfect_drone_full_node-2] [0;32m Load param traj_opt/flatness/cp success: [0;0m0.001
[perfect_drone_full_node-2] [0;32m Load param traj_opt/flatness/v_eps success: [0;0m0.0001
[perfect_drone_full_node-2] [0;32m Load param traj_opt/switch/save_log_en success: [0;0m0
[perfect_drone_full_node-2] [0;32m Load param traj_opt/exp_traj/pos_constraint_type success: [0;0m1
[perfect_drone_full_node-2] [0;33m Load param traj_opt/exp_traj/piece_num failed, use default value: [0;0m1
[perfect_drone_full_node-2] [0;33m Load param traj_opt/exp_traj/uniform_time_en failed, use default value: [0;0m0
[perfect_drone_full_node-2] [0;32m Load param traj_opt/exp_traj/block_energy_cost success: [0;0m0
[perfect_drone_full_node-2] [0;32m Load param traj_opt/exp_traj/opt_accuracy success: [0;0m5e-06
[perfect_drone_full_node-2] [0;33m Load param traj_opt/exp_traj/max_iterations failed, use default value: [0;0m2048
[perfect_drone_full_node-2] [0;32m Load param traj_opt/exp_traj/integral_reso success: [0;0m15
[perfect_drone_full_node-2] [0;32m Load param traj_opt/exp_traj/smooth_eps success: [0;0m0.01
[perfect_drone_full_node-2] [0;32m Load param traj_opt/boundary/max_vel success: [0;0m7
[perfect_drone_full_node-2] [0;32m Load param traj_opt/boundary/max_acc success: [0;0m20
[perfect_drone_full_node-2] [0;32m Load param traj_opt/boundary/max_jerk success: [0;0m120
[perfect_drone_full_node-2] [0;32m Load param traj_opt/boundary/max_omg success: [0;0m2.5
[perfect_drone_full_node-2] [0;32m Load param traj_opt/boundary/max_acc_thr success: [0;0m17
[perfect_drone_full_node-2] [0;32m Load param traj_opt/boundary/min_acc_thr success: [0;0m6
[perfect_drone_full_node-2] [0;32m Load param traj_opt/boundary/penna_margin success: [0;0m0.05
[perfect_drone_full_node-2] [0;33m Load param traj_opt/exp_traj/penna_scale failed, use default value: [0;0m-1
[perfect_drone_full_node-2] [0;32m Load param traj_opt/exp_traj/penna_t success: [0;0m1e+07
[perfect_drone_full_node-2] [0;33m Load param traj_opt/exp_traj/penna_ts failed, use default value: [0;0m-1
[perfect_drone_full_node-2] [0;32m Load param traj_opt/exp_traj/penna_pos success: [0;0m5e+09
[perfect_drone_full_node-2] [0;32m Load param traj_opt/exp_traj/penna_clr success: [0;0m1e+06
[perfect_drone_full_node-2] [0;32m Load param traj_opt/exp_traj/clearance_margin success: [0;0m0.1
[perfect_drone_full_node-2] [0;32m Load param traj_opt/exp_traj/clearance_speed_gate success: [0;0m1.5
[perfect_drone_full_node-2] [0;32m Load param traj_opt/exp_traj/clearance_speed_transition success: [0;0m0.5
[perfect_drone_full_node-2] [0;33m Load param traj_opt/exp_traj/penna_passage_center failed, use default value: [0;0m-1
[perfect_drone_full_node-2] [0;33m Load param traj_opt/exp_traj/passage_center_max_width failed, use default value: [0;0m0
[perfect_drone_full_node-2] [0;33m Load param traj_opt/exp_traj/passage_center_min_opposition_cos failed, use default value: [0;0m0.9
[perfect_drone_full_node-2] [0;33m Load param traj_opt/exp_traj/passage_center_min_horizontal_normal failed, use default value: [0;0m0.8
[perfect_drone_full_node-2] [0;33m Load param traj_opt/exp_traj/passage_center_deadband failed, use default value: [0;0m0.15
[perfect_drone_full_node-2] [0;33m Load param traj_opt/exp_traj/passage_center_log_en failed, use default value: [0;0m0
[perfect_drone_full_node-2] [0;32m Load param traj_opt/exp_traj/penna_vel success: [0;0m5e+08
[perfect_drone_full_node-2] [0;32m Load param traj_opt/exp_traj/penna_acc success: [0;0m5e+08
[perfect_drone_full_node-2] [0;32m Load param traj_opt/exp_traj/penna_jerk success: [0;0m-5e+08
[perfect_drone_full_node-2] [0;32m Load param traj_opt/exp_traj/penna_attract success: [0;0m5e+08
[perfect_drone_full_node-2] [0;32m Load param traj_opt/exp_traj/penna_omg success: [0;0m-1
[perfect_drone_full_node-2] [0;32m Load param traj_opt/exp_traj/penna_thr success: [0;0m-1
[perfect_drone_full_node-2] Load config file: /root/super_ws/install/super_planner/share/super_planner/config/static_seedmaps_guard_viability_tight_v7.yaml
[perfect_drone_full_node-2] [0;32m Load param traj_opt/switch/print_optimizer_log success: [0;0m0
[perfect_drone_full_node-2] [0;32m Load param traj_opt/flatness/mass success: [0;0m1.64
[perfect_drone_full_node-2] [0;32m Load param traj_opt/flatness/dh success: [0;0m0.35
[perfect_drone_full_node-2] [0;32m Load param traj_opt/flatness/dv success: [0;0m0.35
[perfect_drone_full_node-2] [0;32m Load param traj_opt/flatness/grav success: [0;0m9.81
[perfect_drone_full_node-2] [0;32m Load param traj_opt/flatness/cp success: [0;0m0.001
[perfect_drone_full_node-2] [0;32m Load param traj_opt/flatness/v_eps success: [0;0m0.0001
[perfect_drone_full_node-2] [0;32m Load param traj_opt/switch/save_log_en success: [0;0m0
[perfect_drone_full_node-2] [0;32m Load param traj_opt/backup_traj/pos_constraint_type success: [0;0m2
[perfect_drone_full_node-2] [0;32m Load param traj_opt/backup_traj/piece_num success: [0;0m2
[perfect_drone_full_node-2] [0;32m Load param traj_opt/backup_traj/uniform_time_en success: [0;0m1
[perfect_drone_full_node-2] [0;32m Load param traj_opt/backup_traj/block_energy_cost success: [0;0m1
[perfect_drone_full_node-2] [0;32m Load param traj_opt/backup_traj/opt_accuracy success: [0;0m1e-05
[perfect_drone_full_node-2] [0;33m Load param traj_opt/backup_traj/max_iterations failed, use default value: [0;0m2048
[perfect_drone_full_node-2] [0;32m Load param traj_opt/backup_traj/integral_reso success: [0;0m12
[perfect_drone_full_node-2] [0;32m Load param traj_opt/backup_traj/smooth_eps success: [0;0m0.01
[perfect_drone_full_node-2] [0;32m Load param traj_opt/boundary/max_vel success: [0;0m7
[perfect_drone_full_node-2] [0;32m Load param traj_opt/boundary/max_acc success: [0;0m20
[perfect_drone_full_node-2] [0;32m Load param traj_opt/boundary/max_jerk success: [0;0m120
[perfect_drone_full_node-2] [0;32m Load param traj_opt/boundary/max_omg success: [0;0m2.5
[perfect_drone_full_node-2] [0;32m Load param traj_opt/boundary/max_acc_thr success: [0;0m17
[perfect_drone_full_node-2] [0;32m Load param traj_opt/boundary/min_acc_thr success: [0;0m6
[perfect_drone_full_node-2] [0;32m Load param traj_opt/boundary/penna_margin success: [0;0m0.05
[perfect_drone_full_node-2] [0;33m Load param traj_opt/backup_traj/penna_scale failed, use default value: [0;0m-1
[perfect_drone_full_node-2] [0;32m Load param traj_opt/backup_traj/penna_t success: [0;0m100
[perfect_drone_full_node-2] [0;32m Load param traj_opt/backup_traj/penna_ts success: [0;0m1e+07
[perfect_drone_full_node-2] [0;32m Load param traj_opt/backup_traj/penna_pos success: [0;0m1e+10
[perfect_drone_full_node-2] [0;32m Load param traj_opt/backup_traj/penna_clr success: [0;0m1e+06
[perfect_drone_full_node-2] [0;32m Load param traj_opt/backup_traj/clearance_margin success: [0;0m0.1
[perfect_drone_full_node-2] [0;32m Load param traj_opt/backup_traj/clearance_speed_gate success: [0;0m1.5
[perfect_drone_full_node-2] [0;32m Load param traj_opt/backup_traj/clearance_speed_transition success: [0;0m0.5
[perfect_drone_full_node-2] [0;33m Load param traj_opt/backup_traj/penna_passage_center failed, use default value: [0;0m-1
[perfect_drone_full_node-2] [0;33m Load param traj_opt/backup_traj/passage_center_max_width failed, use default value: [0;0m0
[perfect_drone_full_node-2] [0;33m Load param traj_opt/backup_traj/passage_center_min_opposition_cos failed, use default value: [0;0m0.9
[perfect_drone_full_node-2] [0;33m Load param traj_opt/backup_traj/passage_center_min_horizontal_normal failed, use default value: [0;0m0.8
[perfect_drone_full_node-2] [0;33m Load param traj_opt/backup_traj/passage_center_deadband failed, use default value: [0;0m0.15
[perfect_drone_full_node-2] [0;33m Load param traj_opt/backup_traj/passage_center_log_en failed, use default value: [0;0m0
[perfect_drone_full_node-2] [0;32m Load param traj_opt/backup_traj/penna_vel success: [0;0m1e+08
[perfect_drone_full_node-2] [0;32m Load param traj_opt/backup_traj/penna_acc success: [0;0m1e+08
[perfect_drone_full_node-2] [0;32m Load param traj_opt/backup_traj/penna_jerk success: [0;0m-1e+06
[perfect_drone_full_node-2] [0;33m Load param traj_opt/backup_traj/penna_attract failed, use default value: [0;0m-1
[perfect_drone_full_node-2] [0;32m Load param traj_opt/backup_traj/penna_omg success: [0;0m-1
[perfect_drone_full_node-2] [0;32m Load param traj_opt/backup_traj/penna_thr success: [0;0m-1
[perfect_drone_full_node-2] [0;32m Load param super_planner/print_log success: [0;0m0
[perfect_drone_full_node-2] [0;32m Load param super_planner/detailed_log_en success: [0;0m0
[perfect_drone_full_node-2] [0;32m Load param super_planner/visualization_en success: [0;0m0
[perfect_drone_full_node-2] [0;32m Load param super_planner/backup_traj_en success: [0;0m1
[perfect_drone_full_node-2] [0;32m Load param super_planner/goal_vel_en success: [0;0m0
[perfect_drone_full_node-2] [0;32m Load param super_planner/goal_yaw_en success: [0;0m0
[perfect_drone_full_node-2] [0;32m Load param super_planner/visual_process success: [0;0m0
[perfect_drone_full_node-2] [0;32m Load param super_planner/use_fov_cut success: [0;0m0
[perfect_drone_full_node-2] [0;33m Load param super_planner/fov_horizontal_angle failed, use default value: [0;0m-1
[perfect_drone_full_node-2] [0;33m Load param super_planner/fov_center_heading failed, use default value: [0;0m0
[perfect_drone_full_node-2] [0;32m Load param super_planner/frontend_in_known_free success: [0;0m0
[perfect_drone_full_node-2] [0;32m Load param fsm/trajectory_guard/enable success: [0;0m1
[perfect_drone_full_node-2] [0;32m Load param fsm/trajectory_guard/shadow success: [0;0m0
[perfect_drone_full_node-2] [0;32m Load param fsm/trajectory_guard/validation_sample_dt_s success: [0;0m0.005
[perfect_drone_full_node-2] [0;32m Load param fsm/trajectory_guard/shadow_min_interval_s success: [0;0m0
[perfect_drone_full_node-2] [0;32m Load param fsm/trajectory_guard/additional_clearance_m success: [0;0m0
[perfect_drone_full_node-2] [0;32m Load param fsm/trajectory_guard/escape_max_duration_s success: [0;0m1
[perfect_drone_full_node-2] [0;32m Load param fsm/trajectory_guard/unknown_as_occupied success: [0;0m1
[perfect_drone_full_node-2] [0;32m Load param fsm/trajectory_guard/escape_entry_grace_s success: [0;0m0
[perfect_drone_full_node-2] [0;32m Load param fsm/trajectory_guard/initial_footprint_egress_enable success: [0;0m1
[perfect_drone_full_node-2] [0;32m Load param super_planner/safe_corridor_line_max_length success: [0;0m6
[perfect_drone_full_node-2] [0;32m Load param super_planner/sensing_horizon success: [0;0m-1
[perfect_drone_full_node-2] [0;32m Load param super_planner/obs_skip_num success: [0;0m2
[perfect_drone_full_node-2] [0;32m Load param super_planner/replan_forward_dt success: [0;0m0.1
[perfect_drone_full_node-2] [0;32m Load param super_planner/corridor_bound_dis success: [0;0m0.8
[perfect_drone_full_node-2] [0;32m Load param super_planner/corridor_line_max_length success: [0;0m1
[perfect_drone_full_node-2] [0;32m Load param super_planner/planning_horizon success: [0;0m7
[perfect_drone_full_node-2] [0;32m Load param super_planner/receding_dis success: [0;0m1
[perfect_drone_full_node-2] [0;32m Load param super_planner/robot_r success: [0;0m0.2
[perfect_drone_full_node-2] [0;32m Load param super_planner/corridor_use_inflated_obstacles success: [0;0m0
[perfect_drone_full_node-2] [0;32m Load param super_planner/corridor_use_inflated_seed_lines success: [0;0m0
[perfect_drone_full_node-2] [0;32m Load param super_planner/corridor_guard_retry_inflated success: [0;0m1
[perfect_drone_full_node-2] [0;32m Load param super_planner/guard_corridor_retry_alternate_every success: [0;0m4
[perfect_drone_full_node-2] [0;32m Load param super_planner/guard_topology_reroute/enable success: [0;0m1
[perfect_drone_full_node-2] [0;32m Load param super_planner/guard_topology_reroute/radius_m success: [0;0m0.8
[perfect_drone_full_node-2] [0;32m Load param super_planner/guard_topology_reroute/growth_m success: [0;0m0
[perfect_drone_full_node-2] [0;32m Load param super_planner/guard_topology_reroute/max_radius_m success: [0;0m0.8
[perfect_drone_full_node-2] [0;32m Load param super_planner/guard_topology_reroute/max_zones success: [0;0m6
[perfect_drone_full_node-2] [0;32m Load param super_planner/guard_topology_reroute/max_stop_speed_mps success: [0;0m0.2
[perfect_drone_full_node-2] [0;32m Load param super_planner/guard_topology_reroute/escalate_every_rejects success: [0;0m3
[perfect_drone_full_node-2] [0;32m Load param super_planner/guard_topology_reroute/collision_merge_m success: [0;0m0.5
[perfect_drone_full_node-2] [0;32m Load param super_planner/guard_topology_reroute/start_clearance_m success: [0;0m0.3
[perfect_drone_full_node-2] [0;32m Load param super_planner/guard_topology_reroute/block_spacing_m success: [0;0m1
[perfect_drone_full_node-2] [0;32m Load param super_planner/guard_topology_reroute/direction_merge_angle_deg success: [0;0m30
[perfect_drone_full_node-2] [0;32m Load param super_planner/guard_topology_reroute/no_path_reset_attempts success: [0;0m3
[perfect_drone_full_node-2] [0;32m Load param super_planner/guard_topology_reroute/vertical_recovery_enable success: [0;0m1
[perfect_drone_full_node-2] [0;32m Load param super_planner/guard_topology_reroute/vertical_recovery_lift_m success: [0;0m0.6
[perfect_drone_full_node-2] [0;32m Load param super_planner/guard_topology_reroute/vertical_recovery_trigger_distance_m success: [0;0m0.75
[perfect_drone_full_node-2] [0;32m Load param super_planner/guard_topology_reroute/local_escape_enable success: [0;0m1
[perfect_drone_full_node-2] [0;32m Load param super_planner/guard_topology_reroute/local_escape_distance_m success: [0;0m0.6
[perfect_drone_full_node-2] [0;32m Load param super_planner/guard_topology_reroute/local_escape_attempts success: [0;0m4
[perfect_drone_full_node-2] [0;32m Load param super_planner/guard_topology_reroute/episode_progress_reset_m success: [0;0m2
[perfect_drone_full_node-2] [0;32m Load param super_planner/guard_topology_reroute/saturation_vertical_attempts success: [0;0m1
[perfect_drone_full_node-2] [0;32m Load param super_planner/guard_topology_reroute/base_no_path_vertical_attempts success: [0;0m1
[perfect_drone_full_node-2] [0;32m Load param super_planner/guard_direct_goal_fallback/enable success: [0;0m1
[perfect_drone_full_node-2] [0;32m Load param super_planner/guard_direct_goal_fallback/max_distance_m success: [0;0m3
[perfect_drone_full_node-2] [0;32m Load param super_planner/guard_direct_goal_fallback/min_duration_s success: [0;0m1
[perfect_drone_full_node-2] [0;32m Load param super_planner/guard_viability/enable success: [0;0m1
[perfect_drone_full_node-2] [0;32m Load param super_planner/guard_viability/horizon_s success: [0;0m2
[perfect_drone_full_node-2] [0;32m Load param super_planner/guard_viability/sample_dt_s success: [0;0m0.3
[perfect_drone_full_node-2] [0;32m Load param super_planner/guard_viability/brake_max_acc_mps2 success: [0;0m20
[perfect_drone_full_node-2] [0;32m Load param super_planner/guard_viability/brake_max_jerk_mps3 success: [0;0m120
[perfect_drone_full_node-2] [0;32m Load param super_planner/guard_viability/brake_min_duration_s success: [0;0m0.4
[perfect_drone_full_node-2] [0;32m Load param super_planner/guard_viability/brake_max_duration_s success: [0;0m3
[perfect_drone_full_node-2] [0;32m Load param super_planner/guard_viability/brake_attempts success: [0;0m12
[perfect_drone_full_node-2] [0;32m Load param super_planner/guard_viability/speed_scale_step success: [0;0m1.25
[perfect_drone_full_node-2] [0;32m Load param super_planner/guard_viability/speed_scale_max success: [0;0m3
[perfect_drone_full_node-2] [0;32m Load param super_planner/guard_viability/max_retries success: [0;0m4
[perfect_drone_full_node-2] [0;32m Load param super_planner/corridor_min_margin success: [0;0m0.2
[perfect_drone_full_node-2] [0;32m Load param super_planner/corridor_pref_margin success: [0;0m0.3
[perfect_drone_full_node-2] [0;32m Load param super_planner/iris_iter_num success: [0;0m2
[perfect_drone_full_node-2] [0;32m Load param super_planner/yaw_mode success: [0;0m1
[perfect_drone_full_node-2] [0;32m Load param super_planner/mpc_horizon success: [0;0m15
[perfect_drone_full_node-2] [0;32m Load param super_planner/yaw_dot_max success: [0;0m3
[perfect_drone_full_node-2] [0;32m Load param rog_map/resolution success: [0;0m0.05
[perfect_drone_full_node-2] [INFO] [1789030144.598722885] [fsm_node]:  -- [TRAJ_GUARD] mode=enforce sample_dt=0.0050s shadow_min_interval=0.000s inflation_radius=0.300m robot_r=0.200m additional_clearance=0.000m hard_clearance=0.300m clearance_offsets=0
[perfect_drone_full_node-2] [38;2;050;205;050m -- [Viz] Set resolution_ to 0.05
[perfect_drone_full_node-2] [0m[38;2;050;205;050m -- [Viz] Set visualization_en_ to false
[perfect_drone_full_node-2] [0mLoad config file: /root/super_ws/install/super_planner/share/super_planner/config/static_seedmaps_guard_viability_tight_v7.yaml
[perfect_drone_full_node-2] [0;32m Load param astar/map_voxel_num success: [0;0m[500 500 100 ]
[perfect_drone_full_node-2] [0;32m Load param astar/allow_diag success: [0;0m1
[perfect_drone_full_node-2] [0;32m Load param astar/debug_visualization_en success: [0;0m0
[perfect_drone_full_node-2] [0;32m Load param astar/heu_type success: [0;0m2
[perfect_drone_full_node-2] [0;32m Load param astar/visual_process success: [0;0m0
[perfect_drone_full_node-2] [32m -- [RM] Init Astar-map.[0m
[perfect_drone_full_node-2] [34m	map index size: 250 250  50[0m
[perfect_drone_full_node-2] [34m	map vox_num: 501 501 101[0m
[perfect_drone_full_node-2] [33m -- [Fsm] CLICKGOAL ENABLE.[0m
[perfect_drone_full_node-2] [WARN] [1789030146.178659756] [perfect_tracking]:  -- [MissionPlanner] Load config by file name: /root/super_ws/src/SUPER/mars_uav_sim/perfect_drone_sim/config/shc5_asymmetric_offset_hazard.yaml
[perfect_drone_full_node-2] Load config file: /root/super_ws/src/SUPER/mars_uav_sim/perfect_drone_sim/config/shc5_asymmetric_offset_hazard.yaml
[perfect_drone_full_node-2] [0;32m Load param mesh_resource success: [0;0mpackage://perfect_drone_sim/meshes/yunque-M.dae
[perfect_drone_full_node-2] [0;32m Load param init_position/x success: [0;0m24.5
[perfect_drone_full_node-2] [0;32m Load param init_position/y success: [0;0m0
[perfect_drone_full_node-2] [0;32m Load param init_position/z success: [0;0m1.5
[perfect_drone_full_node-2] [0;32m Load param init_yaw success: [0;0m3.14159
[perfect_drone_full_node-2] [0;32m Load param sensing_rate success: [0;0m10
[perfect_drone_full_node-2] Load config file: /root/super_ws/src/SUPER/mars_uav_sim/perfect_drone_sim/config/shc5_asymmetric_offset_hazard.yaml
[perfect_drone_full_node-2] [0;33m Load param side_entry_v1/enabled failed, use default value: [0;0m0
[perfect_drone_full_node-2] [0;33m Load param side_entry_v2/enabled failed, use default value: [0;0m0
[perfect_drone_full_node-2] [0;33m Load param side_entry_v3/enabled failed, use default value: [0;0m0
[perfect_drone_full_node-2] [0;33m Load param side_entry_v4/enabled failed, use default value: [0;0m0
[perfect_drone_full_node-2] [0;33m Load param side_entry_v5/enabled failed, use default value: [0;0m0
[perfect_drone_full_node-2] [0;33m Load param side_entry_v6/enabled failed, use default value: [0;0m0
[perfect_drone_full_node-2] [0;33m Load param side_entry_v7/enabled failed, use default value: [0;0m0
[perfect_drone_full_node-2] [0;33m Load param side_entry_v0/speed_min_mps failed, use default value: [0;0m2
[perfect_drone_full_node-2] [0;33m Load param side_entry_v0/yaw_velocity_mismatch_min_deg failed, use default value: [0;0m50
[perfect_drone_full_node-2] [0;33m Load param side_entry_v0/require_yaw_velocity_mismatch failed, use default value: [0;0m1
[perfect_drone_full_node-2] [0;33m Load param side_entry_v0/hold_s failed, use default value: [0;0m0.02
[perfect_drone_full_node-2] [0;33m Load param side_entry_v0/qualifying_samples failed, use default value: [0;0m0
[perfect_drone_full_node-2] [0;33m Load param side_entry_v0/prediction_s failed, use default value: [0;0m0.8
[perfect_drone_full_node-2] [0;33m Load param side_entry_v0/require_velocity_inside failed, use default value: [0;0m1
[perfect_drone_full_node-2] [0;33m Load param side_entry_v0/fixed_center_enabled failed, use default value: [0;0m0
[perfect_drone_full_node-2] [0;33m Load param side_entry_v0/fixed_center_x failed, use default value: [0;0m22.5
[perfect_drone_full_node-2] [0;33m Load param side_entry_v0/fixed_center_y failed, use default value: [0;0m23
[perfect_drone_full_node-2] [0;33m Load param side_entry_v0/trigger_distance_min_m failed, use default value: [0;0m0.8
[perfect_drone_full_node-2] [0;33m Load param side_entry_v0/trigger_distance_max_m failed, use default value: [0;0m3.5
[perfect_drone_full_node-2] [0;33m Load param side_entry_v0/trigger_waypoint_x failed, use default value: [0;0m24
[perfect_drone_full_node-2] [0;33m Load param side_entry_v0/trigger_waypoint_y failed, use default value: [0;0m24
[perfect_drone_full_node-2] [0;33m Load param side_entry_v0/trigger_waypoint_radius_m failed, use default value: [0;0m2
[perfect_drone_full_node-2] [0;33m Load param side_entry_v0/trap_waypoint_radius_m failed, use default value: [0;0m2
[perfect_drone_full_node-2] [0;33m Load param side_entry_v0/sector_half_angle_deg failed, use default value: [0;0m45
[perfect_drone_full_node-2] [0;33m Load param side_entry_v0/angular_margin_deg failed, use default value: [0;0m2
[perfect_drone_full_node-2] [0;33m Load param side_entry_v0/max_nudge_deg failed, use default value: [0;0m20
[perfect_drone_full_node-2] [0;33m Load param side_entry_v0/radius_m failed, use default value: [0;0m0.25
[perfect_drone_full_node-2] [0;33m Load param side_entry_v0/height_m failed, use default value: [0;0m3
[perfect_drone_full_node-2] [0;33m Load param side_entry_v0/point_spacing_m failed, use default value: [0;0m0.05
[perfect_drone_full_node-2] [0;33m Load param side_entry_v0/z_spacing_m failed, use default value: [0;0m0.1
[perfect_drone_full_node-2] [0;33m Load param side_entry_v0/sensing_horizon_m failed, use default value: [0;0m15
[perfect_drone_full_node-2] [0;33m Load param side_entry_v0/intensity failed, use default value: [0;0m14545
[perfect_drone_full_node-2] Load config file: /root/super_ws/src/SUPER/mars_uav_sim/perfect_drone_sim/config/shc5_asymmetric_offset_hazard.yaml
[perfect_drone_full_node-2] [0;32m Load param sensor_burst_dropout/enabled success: [0;0m1
[perfect_drone_full_node-2] [0;32m Load param sensor_burst_dropout/warmup_s success: [0;0m1
[perfect_drone_full_node-2] [0;32m Load param sensor_burst_dropout/period_s success: [0;0m2
[perfect_drone_full_node-2] [0;32m Load param sensor_burst_dropout/duration_s success: [0;0m0.5
[perfect_drone_full_node-2] [0;32m Load param sensor_burst_dropout/phase_s success: [0;0m0
[perfect_drone_full_node-2] Load config file: /root/super_ws/src/SUPER/mars_uav_sim/perfect_drone_sim/config/shc5_asymmetric_offset_hazard.yaml
[perfect_drone_full_node-2] [0;32m Load param sensing_blind success: [0;0m0.1
[perfect_drone_full_node-2] [0;32m Load param sensing_horizon success: [0;0m15
[perfect_drone_full_node-2] [0;32m Load param sensing_rate success: [0;0m10
[perfect_drone_full_node-2] [0;32m Load param lidar_type success: [0;0m2
[perfect_drone_full_node-2] [0;32m Load param pcd_name success: [0;0mseed_maps/shc5_asymmetric_offset_hazard.pcd
[perfect_drone_full_node-2] [0;32m Load param is_360lidar success: [0;0m1
[perfect_drone_full_node-2] [0;32m Load param polar_resolution success: [0;0m0.4
[perfect_drone_full_node-2] [0;33m Load param fx failed, use default value: [0;0m250
[perfect_drone_full_node-2] [0;33m Load param fy failed, use default value: [0;0m250
[perfect_drone_full_node-2] [0;33m Load param line_number failed, use default value: [0;0m64
[perfect_drone_full_node-2] [0;32m Load param downsample_res success: [0;0m0.1
[perfect_drone_full_node-2] [0;33m Load param yaw_fov failed, use default value: [0;0m360
[perfect_drone_full_node-2] [0;32m Load param vertical_fov success: [0;0m178
[perfect_drone_full_node-2] [0;32m Load param depth_image_en success: [0;0m0
[perfect_drone_full_node-2] [0;33m Load param inf_point_en failed, use default value: [0;0m0
[perfect_drone_full_node-2] [0;32m Load param print_time_consumption success: [0;0m0
[perfect_drone_full_node-2] GLAD init success
[perfect_drone_full_node-2] Load shader frome: /root/super_ws/src/SUPER/mars_uav_sim/marsim_render/config/pattern/360camera.vs
[perfect_drone_full_node-2] Now initing the point cloud data: 
[perfect_drone_full_node-2] Number of points = 11.3368X 10000
[perfect_drone_full_node-2] Load data finish 
[perfect_drone_full_node-2] ========== OpenGL Info ==========
[perfect_drone_full_node-2] Vendor: NVIDIA Corporation
[perfect_drone_full_node-2] Renderer: NVIDIA GeForce RTX 3050 Ti Laptop GPU/PCIe/SSE2
[perfect_drone_full_node-2] OpenGL Version: 3.3.0 NVIDIA 550.144.03
[perfect_drone_full_node-2] GLSL Version: 3.30 NVIDIA via Cg compiler
[perfect_drone_full_node-2] ========== OpenGL Info ==========
[perfect_drone_full_node-2] [WARN] [1789030146.496250970] [perfect_tracking]: SENSOR_BURST_DROPOUT armed before every cloud transport: warmup=1.000s period=2.000s duration=0.500s phase=1.400s env_override=1
[perfect_drone_full_node-2] [INFO] [1789030146.496306529] [perfect_drone_full_config]: Full raw DDS disabled: renderer -> ROG-Map uses direct latest-only SharedPtr handoff
[perfect_drone_full_node-2] [38;2;000;128;000m -- [Fsm]: [MainFsmCallback] change state from [INIT] to [WAIT_GOAL].
[perfect_drone_full_node-2] [0m -- [Fsm] MAP_NOT_READY reason=accepted_count,committed_count,map_version,scan_span,accepted_cloud_age,committed_cloud_age,map_age accepted=0 committed=0 version=0 lag=0 span=0.000s cloud_age=infs committed_cloud_age=infs commit_age=infs in_progress=false
[perfect_drone_full_node-2] Publish local map size: 18877
[perfect_drone_full_node-2] Publish local map size: 18857
[perfect_drone_full_node-2] Publish local map size: 18863
[perfect_drone_full_node-2] Publish local map size: 18860
[perfect_drone_full_node-2] Publish local map size: 18998
[perfect_drone_full_node-2] Publish local map size: 18855
[perfect_drone_full_node-2] Publish local map size: 18853
[perfect_drone_full_node-2] Publish local map size: 18796
[perfect_drone_full_node-2] Publish local map size: 18879
[perfect_drone_full_node-2] Publish local map size: 18905
[perfect_drone_full_node-2] [32m -- [Fsm 1.010] Current state: WAIT_GOAL[0m
[perfect_drone_full_node-2]  -- [Fsm] MAP_NOT_READY reason=scan_span accepted=10 committed=10 version=10 lag=0 span=0.897s cloud_age=0.036s committed_cloud_age=0.036s commit_age=0.017s in_progress=false
[perfect_drone_full_node-2] Publish local map size: 18849
[perfect_drone_full_node-2] Publish local map size: 18905
[perfect_drone_full_node-2]  -- [Fsm] MAP_READY accepted=12 committed=11 version=11 lag=1 span=1.098s cloud_age=0.005s committed_cloud_age=0.106s commit_age=0.087s in_progress=true
[perfect_drone_full_node-2] [32m -- [Fsm] Get goal at [0m24.525 20.025  1.525
[perfect_drone_full_node-2] [32m -- [Fsm] Receive click goal at: [24.525 20.025  1.525]; goal yaw: 0.000 deg[0m
[perfect_drone_full_node-2] [INFO] [1789030147.799648163] [fsm_node]:  -- [OPTIMIZER_PHASE_MEMORY] optimizer=exp event=begin call=1 rss_mib=3213.578 swap_mib=0.000 variables=17 pieces=5
[perfect_drone_full_node-2] [38;2;000;128;000m -- [Fsm]: [MainFsmCallback] change state from [WAIT_GOAL] to [GENERATE_TRAJ].
[perfect_drone_full_node-2] [0mPublish local map size: 18860
[perfect_drone_full_node-2] [INFO] [1789030147.805197394] [fsm_node]:  -- [OPTIMIZER_PHASE_MEMORY] optimizer=exp event=end call=1 duration_ms=5.562 iterations=342 ret=1 rss_mib=3213.590 swap_mib=0.000 rss_delta_mib=0.012
[perfect_drone_full_node-2] [INFO] [1789030147.805285152] [fsm_node]:  -- [SUPER] in [PlanFromRest] GenerateExpTrajectory SUCCESS.
[perfect_drone_full_node-2] [INFO] [1789030147.842008814] [fsm_node]:  -- [OPTIMIZER_PHASE_MEMORY] optimizer=backup event=begin call=1 rss_mib=3213.695 swap_mib=0.000 variables=66 pieces=2
[perfect_drone_full_node-2] [INFO] [1789030147.847299926] [fsm_node]:  -- [OPTIMIZER_PHASE_MEMORY] optimizer=backup event=end call=1 duration_ms=5.326 iterations=205 ret=1 rss_mib=3213.754 swap_mib=0.000 rss_delta_mib=0.059
[perfect_drone_full_node-2] [INFO] [1789030147.847523909] [fsm_node]:  -- [OPTIMIZER_PHASE_MEMORY] optimizer=backup event=begin call=2 rss_mib=3213.766 swap_mib=0.000 variables=66 pieces=2
[perfect_drone_full_node-2] [INFO] [1789030147.869182604] [fsm_node]:  -- [OPTIMIZER_PHASE_MEMORY] optimizer=backup event=end call=2 duration_ms=21.643 iterations=769 ret=1 rss_mib=3213.945 swap_mib=0.000 rss_delta_mib=0.180
[perfect_drone_full_node-2] [INFO] [1789030147.869498370] [fsm_node]:  -- [TRAJ_GUARD_COMMIT] phase=PlanFromRest/with_backup gen=1 map=13 samples=208 range=[0.152,1.181] escape=false footprint_egress=false escape_done_tt=-1.000
[perfect_drone_full_node-2]  -- [TRAJ_GUARD_CERT] trigger=poly_publish status=SAFE gen=1 map=13 map_age=0.051s map_age_limit=0.550s motion_speed=1.048mps samples=207 range=[0.152,1.181] collision_tt=-1.000 ttc=-1.000 p=[0.000,0.000,0.000]
[perfect_drone_full_node-2] [38;2;000;128;000m -- [Fsm]: [MainFsmCallback] change state from [GENERATE_TRAJ] to [FOLLOW_TRAJ].
[perfect_drone_full_node-2] [0mPublish local map size: 36831
[perfect_drone_full_node-2] [INFO] [1789030147.974887844] [fsm_node]:  -- [OPTIMIZER_PHASE_MEMORY] optimizer=exp event=begin call=2 rss_mib=3216.398 swap_mib=0.000 variables=13 pieces=4
[perfect_drone_full_node-2] [INFO] [1789030147.978158564] [fsm_node]:  -- [OPTIMIZER_PHASE_MEMORY] optimizer=exp event=end call=2 duration_ms=3.333 iterations=409 ret=1 rss_mib=3216.406 swap_mib=0.000 rss_delta_mib=0.008
[perfect_drone_full_node-2] [INFO] [1789030148.000361035] [fsm_node]:  -- [OPTIMIZER_PHASE_MEMORY] optimizer=backup event=begin call=3 rss_mib=3216.484 swap_mib=0.000 variables=60 pieces=2
[perfect_drone_full_node-2]  -- [TRAJ_GUARD_CERT] trigger=main_pre status=SAFE gen=1 map=14 map_age=0.005s map_age_limit=0.550s motion_speed=1.889mps samples=196 range=[0.210,1.181] collision_tt=-1.000 ttc=-1.000 p=[0.000,0.000,0.000]
[perfect_drone_full_node-2] Publish local map size: 35249
[perfect_drone_full_node-2] [INFO] [1789030148.005261337] [fsm_node]:  -- [OPTIMIZER_PHASE_MEMORY] optimizer=backup event=end call=3 duration_ms=4.952 iterations=202 ret=1 rss_mib=3216.547 swap_mib=0.000 rss_delta_mib=0.062
[perfect_drone_full_node-2] [INFO] [1789030148.005514055] [fsm_node]:  -- [OPTIMIZER_PHASE_MEMORY] optimizer=backup event=begin call=4 rss_mib=3216.559 swap_mib=0.000 variables=60 pieces=2
[perfect_drone_full_node-2] [INFO] [1789030148.045478666] [fsm_node]:  -- [OPTIMIZER_PHASE_MEMORY] optimizer=backup event=end call=4 duration_ms=39.942 iterations=1263 ret=1 rss_mib=3216.762 swap_mib=0.000 rss_delta_mib=0.203
[perfect_drone_full_node-2] [INFO] [1789030148.045711612] [fsm_node]:  -- [TRAJ_GUARD_COMMIT] phase=ReplanOnce/with_backup gen=2 map=15 samples=139 range=[0.086,0.770] escape=false footprint_egress=false escape_done_tt=-1.000
[perfect_drone_full_node-2]  -- [TRAJ_GUARD_CERT] trigger=main_pre status=SAFE gen=1 map=15 map_age=0.006s map_age_limit=0.500s motion_speed=3.812mps samples=176 range=[0.310,1.181] collision_tt=-1.000 ttc=-1.000 p=[0.000,0.000,0.000]
[perfect_drone_full_node-2] [32m -- [Fsm] ReplanOnce succeed.[0m
[perfect_drone_full_node-2] [INFO] [1789030148.064278279] [fsm_node]:  -- [OPTIMIZER_PHASE_MEMORY] optimizer=exp event=begin call=3 rss_mib=3216.941 swap_mib=0.000 variables=13 pieces=4
[perfect_drone_full_node-2] [INFO] [1789030148.068895919] [fsm_node]:  -- [OPTIMIZER_PHASE_MEMORY] optimizer=exp event=end call=3 duration_ms=4.672 iterations=218 ret=1 rss_mib=3216.949 swap_mib=0.000 rss_delta_mib=0.008
[perfect_drone_full_node-2] [INFO] [1789030148.097035355] [fsm_node]:  -- [OPTIMIZER_PHASE_MEMORY] optimizer=backup event=begin call=5 rss_mib=3217.203 swap_mib=0.000 variables=88 pieces=2
[perfect_drone_full_node-2]  -- [TRAJ_GUARD_CERT] trigger=poly_publish status=SAFE gen=2 map=15 map_age=0.025s map_age_limit=0.500s motion_speed=4.148mps samples=138 range=[0.087,0.770] collision_tt=-1.000 ttc=-1.000 p=[0.000,0.000,0.000]
[perfect_drone_full_node-2] Publish local map size: 25781
[perfect_drone_full_node-2] [INFO] [1789030148.114157975] [fsm_node]:  -- [OPTIMIZER_PHASE_MEMORY] optimizer=backup event=end call=5 duration_ms=17.127 iterations=213 ret=1 rss_mib=3217.262 swap_mib=0.000 rss_delta_mib=0.059
[perfect_drone_full_node-2] [INFO] [1789030148.115612286] [fsm_node]:  -- [OPTIMIZER_PHASE_MEMORY] optimizer=backup event=begin call=6 rss_mib=3217.273 swap_mib=0.000 variables=88 pieces=2
[perfect_drone_full_node-2] [INFO] [1789030148.151668965] [fsm_node]:  -- [OPTIMIZER_PHASE_MEMORY] optimizer=backup event=end call=6 duration_ms=36.030 iterations=440 ret=1 rss_mib=3217.484 swap_mib=0.000 rss_delta_mib=0.211
[perfect_drone_full_node-2] [WARN] [1789030148.151734552] [fsm_node]:  -- [SUPER] in [ReplanOnce]: Replan overtime, check parameters, replan dt = 0.105806642.
[perfect_drone_full_node-2] [INFO] [1789030148.167010533] [fsm_node]:  -- [OPTIMIZER_PHASE_MEMORY] optimizer=exp event=begin call=4 rss_mib=3217.680 swap_mib=0.000 variables=17 pieces=5
[perfect_drone_full_node-2] [INFO] [1789030148.173892005] [fsm_node]:  -- [OPTIMIZER_PHASE_MEMORY] optimizer=exp event=end call=4 duration_ms=6.920 iterations=600 ret=1 rss_mib=3217.691 swap_mib=0.000 rss_delta_mib=0.012
[perfect_drone_full_node-2] [INFO] [1789030148.190459534] [fsm_node]:  -- [OPTIMIZER_PHASE_MEMORY] optimizer=backup event=begin call=7 rss_mib=3217.793 swap_mib=0.000 variables=66 pieces=2
[perfect_drone_full_node-2] [INFO] [1789030148.195045864] [fsm_node]:  -- [OPTIMIZER_PHASE_MEMORY] optimizer=backup event=end call=7 duration_ms=4.638 iterations=145 ret=1 rss_mib=3217.820 swap_mib=0.000 rss_delta_mib=0.027
[perfect_drone_full_node-2] [INFO] [1789030148.195368137] [fsm_node]:  -- [OPTIMIZER_PHASE_MEMORY] optimizer=backup event=begin call=8 rss_mib=3217.840 swap_mib=0.000 variables=66 pieces=2
[perfect_drone_full_node-2] [INFO] [1789030148.198967718] [fsm_node]:  -- [OPTIMIZER_PHASE_MEMORY] optimizer=backup event=end call=8 duration_ms=3.589 iterations=114 ret=1 rss_mib=3218.000 swap_mib=0.000 rss_delta_mib=0.160
[perfect_drone_full_node-2] [INFO] [1789030148.199149445] [fsm_node]:  -- [TRAJ_GUARD_COMMIT] phase=ReplanOnce/with_backup gen=3 map=16 samples=118 range=[0.047,0.626] escape=false footprint_egress=false escape_done_tt=-1.000
[perfect_drone_full_node-2]  -- [TRAJ_GUARD_CERT] trigger=main_pre status=SAFE gen=2 map=16 map_age=0.006s map_age_limit=0.500s motion_speed=5.176mps samples=122 range=[0.168,0.770] collision_tt=-1.000 ttc=-1.000 p=[0.000,0.000,0.000]
[perfect_drone_full_node-2] [32m -- [Fsm] ReplanOnce succeed.[0m
[perfect_drone_full_node-2]  -- [TRAJ_GUARD_CERT] trigger=poly_publish status=SAFE gen=3 map=16 map_age=0.078s map_age_limit=0.500s motion_speed=5.733mps samples=117 range=[0.047,0.626] collision_tt=-1.000 ttc=-1.000 p=[0.000,0.000,0.000]
[perfect_drone_full_node-2] Publish local map size: 23893
[perfect_drone_full_node-2] [INFO] [1789030148.220271794] [fsm_node]:  -- [OPTIMIZER_PHASE_MEMORY] optimizer=exp event=begin call=5 rss_mib=3218.168 swap_mib=0.000 variables=17 pieces=5
[perfect_drone_full_node-2] [INFO] [1789030148.243476592] [fsm_node]:  -- [OPTIMIZER_PHASE_MEMORY] optimizer=exp event=end call=5 duration_ms=23.246 iterations=1660 ret=1 rss_mib=3218.227 swap_mib=0.000 rss_delta_mib=0.059
[perfect_drone_full_node-2] [INFO] [1789030148.260542094] [fsm_node]:  -- [OPTIMIZER_PHASE_MEMORY] optimizer=backup event=begin call=9 rss_mib=3218.430 swap_mib=0.000 variables=46 pieces=2
[perfect_drone_full_node-2] [INFO] [1789030148.268053197] [fsm_node]:  -- [OPTIMIZER_PHASE_MEMORY] optimizer=backup event=end call=9 duration_ms=7.531 iterations=574 ret=1 rss_mib=3218.441 swap_mib=0.000 rss_delta_mib=0.012
[perfect_drone_full_node-2] [INFO] [1789030148.268215949] [fsm_node]:  -- [OPTIMIZER_PHASE_MEMORY] optimizer=backup event=begin call=10 rss_mib=3218.453 swap_mib=0.000 variables=46 pieces=2
[perfect_drone_full_node-2] [INFO] [1789030148.268807812] [fsm_node]:  -- [OPTIMIZER_PHASE_MEMORY] optimizer=backup event=end call=10 duration_ms=0.591 iterations=59 ret=1 rss_mib=3218.453 swap_mib=0.000 rss_delta_mib=0.000
[perfect_drone_full_node-2] [INFO] [1789030148.269028828] [fsm_node]:  -- [TRAJ_GUARD_COMMIT] phase=ReplanOnce/with_backup gen=4 map=17 samples=159 range=[0.069,0.850] escape=false footprint_egress=false escape_done_tt=-1.000
[perfect_drone_full_node-2]  -- [TRAJ_GUARD_CERT] trigger=main_pre status=SAFE gen=3 map=17 map_age=0.007s map_age_limit=0.500s motion_speed=5.803mps samples=112 range=[0.075,0.626] collision_tt=-1.000 ttc=-1.000 p=[0.000,0.000,0.000]
[perfect_drone_full_node-2] [32m -- [Fsm] ReplanOnce succeed.[0m
[perfect_drone_full_node-2] [INFO] [1789030148.285802553] [fsm_node]:  -- [OPTIMIZER_PHASE_MEMORY] optimizer=exp event=begin call=6 rss_mib=3218.617 swap_mib=0.000 variables=17 pieces=5
[perfect_drone_full_node-2] [INFO] [1789030148.288742521] [fsm_node]:  -- [OPTIMIZER_PHASE_MEMORY] optimizer=exp event=end call=6 duration_ms=2.980 iterations=294 ret=1 rss_mib=3218.629 swap_mib=0.000 rss_delta_mib=0.012
[perfect_drone_full_node-2]  -- [TRAJ_GUARD_CERT] trigger=poly_publish status=SAFE gen=4 map=17 map_age=0.048s map_age_limit=0.500s motion_speed=5.868mps samples=158 range=[0.070,0.850] collision_tt=-1.000 ttc=-1.000 p=[0.000,0.000,0.000]
[perfect_drone_full_node-2]  -- [MARSIM] Running FPS: 177.692448547744817
[perfect_drone_full_node-2] Publish local map size: 25194
[perfect_drone_full_node-2] [INFO] [1789030148.305115795] [fsm_node]:  -- [OPTIMIZER_PHASE_MEMORY] optimizer=backup event=begin call=11 rss_mib=3218.844 swap_mib=0.000 variables=42 pieces=2
[perfect_drone_full_node-2] [INFO] [1789030148.323211358] [fsm_node]:  -- [OPTIMIZER_PHASE_MEMORY] optimizer=backup event=end call=11 duration_ms=18.062 iterations=950 ret=1 rss_mib=3218.844 swap_mib=0.000 rss_delta_mib=0.000
[perfect_drone_full_node-2] [INFO] [1789030148.323480324] [fsm_node]:  -- [OPTIMIZER_PHASE_MEMORY] optimizer=backup event=begin call=12 rss_mib=3218.855 swap_mib=0.000 variables=42 pieces=2
[perfect_drone_full_node-2] [INFO] [1789030148.327377678] [fsm_node]:  -- [OPTIMIZER_PHASE_MEMORY] optimizer=backup event=end call=12 duration_ms=3.901 iterations=253 ret=1 rss_mib=3218.855 swap_mib=0.000 rss_delta_mib=0.000
[perfect_drone_full_node-2] [INFO] [1789030148.327598728] [fsm_node]:  -- [TRAJ_GUARD_COMMIT] phase=ReplanOnce/with_backup gen=5 map=18 samples=149 range=[0.058,0.790] escape=false footprint_egress=false escape_done_tt=-1.000
[perfect_drone_full_node-2]  -- [TRAJ_GUARD_CERT] trigger=main_pre status=SAFE gen=4 map=18 map_age=0.005s map_age_limit=0.500s motion_speed=5.799mps samples=146 range=[0.128,0.850] collision_tt=-1.000 ttc=-1.000 p=[0.000,0.000,0.000]
[perfect_drone_full_node-2] [32m -- [Fsm] ReplanOnce succeed.[0m
[perfect_drone_full_node-2] [INFO] [1789030148.345183709] [fsm_node]:  -- [OPTIMIZER_PHASE_MEMORY] optimizer=exp event=begin call=7 rss_mib=3218.859 swap_mib=0.000 variables=13 pieces=4
[perfect_drone_full_node-2] [INFO] [1789030148.348921872] [fsm_node]:  -- [OPTIMIZER_PHASE_MEMORY] optimizer=exp event=end call=7 duration_ms=3.783 iterations=439 ret=1 rss_mib=3218.859 swap_mib=0.000 rss_delta_mib=0.000
[perfect_drone_full_node-2] [INFO] [1789030148.362691289] [fsm_node]:  -- [OPTIMIZER_PHASE_MEMORY] optimizer=backup event=begin call=13 rss_mib=3218.859 swap_mib=0.000 variables=44 pieces=2
[perfect_drone_full_node-2] [INFO] [1789030148.367734060] [fsm_node]:  -- [OPTIMIZER_PHASE_MEMORY] optimizer=backup event=end call=13 duration_ms=5.052 iterations=368 ret=1 rss_mib=3218.859 swap_mib=0.000 rss_delta_mib=0.000
[perfect_drone_full_node-2] [INFO] [1789030148.367887374] [fsm_node]:  -- [OPTIMIZER_PHASE_MEMORY] optimizer=backup event=begin call=14 rss_mib=3218.859 swap_mib=0.000 variables=44 pieces=2
[perfect_drone_full_node-2] [INFO] [1789030148.379869754] [fsm_node]:  -- [OPTIMIZER_PHASE_MEMORY] optimizer=backup event=end call=14 duration_ms=11.974 iterations=751 ret=1 rss_mib=3218.859 swap_mib=0.000 rss_delta_mib=0.000
[perfect_drone_full_node-2] [INFO] [1789030148.380093953] [fsm_node]:  -- [TRAJ_GUARD_COMMIT] phase=ReplanOnce/with_backup gen=6 map=18 samples=138 range=[0.052,0.729] escape=false footprint_egress=false escape_done_tt=-1.000
[perfect_drone_full_node-2]  -- [TRAJ_GUARD_CERT] trigger=poly_publish status=SAFE gen=5 map=18 map_age=0.006s map_age_limit=0.500s motion_speed=5.776mps samples=148 range=[0.058,0.790] collision_tt=-1.000 ttc=-1.000 p=[0.000,0.000,0.000]
[perfect_drone_full_node-2] [32m -- [Fsm] ReplanOnce succeed.[0m
[perfect_drone_full_node-2] [INFO] [1789030148.397891149] [fsm_node]:  -- [OPTIMIZER_PHASE_MEMORY] optimizer=exp event=begin call=8 rss_mib=3218.922 swap_mib=0.000 variables=13 pieces=4
[perfect_drone_full_node-2] [INFO] [1789030148.400573848] [fsm_node]:  -- [OPTIMIZER_PHASE_MEMORY] optimizer=exp event=end call=8 duration_ms=2.720 iterations=328 ret=1 rss_mib=3218.941 swap_mib=0.000 rss_delta_mib=0.020
[perfect_drone_full_node-2]  -- [TRAJ_GUARD_CERT] trigger=poly_publish status=SAFE gen=6 map=18 map_age=0.058s map_age_limit=0.500s motion_speed=5.662mps samples=137 range=[0.052,0.729] collision_tt=-1.000 ttc=-1.000 p=[0.000,0.000,0.000]
[perfect_drone_full_node-2] Publish local map size: 28793
[perfect_drone_full_node-2] [INFO] [1789030148.424448304] [fsm_node]:  -- [OPTIMIZER_PHASE_MEMORY] optimizer=backup event=begin call=15 rss_mib=3219.273 swap_mib=0.000 variables=56 pieces=2
[perfect_drone_full_node-2] [INFO] [1789030148.430368538] [fsm_node]:  -- [OPTIMIZER_PHASE_MEMORY] optimizer=backup event=end call=15 duration_ms=5.939 iterations=399 ret=1 rss_mib=3219.297 swap_mib=0.000 rss_delta_mib=0.023
[perfect_drone_full_node-2] [INFO] [1789030148.430528082] [fsm_node]:  -- [OPTIMIZER_PHASE_MEMORY] optimizer=backup event=begin call=16 rss_mib=3219.309 swap_mib=0.000 variables=56 pieces=2
[perfect_drone_full_node-2] [INFO] [1789030148.435957833] [fsm_node]:  -- [OPTIMIZER_PHASE_MEMORY] optimizer=backup event=end call=16 duration_ms=5.426 iterations=397 ret=1 rss_mib=3219.309 swap_mib=0.000 rss_delta_mib=0.000
[perfect_drone_full_node-2] [INFO] [1789030148.436232019] [fsm_node]:  -- [TRAJ_GUARD_COMMIT] phase=ReplanOnce/with_backup gen=7 map=19 samples=161 range=[0.056,0.848] escape=false footprint_egress=false escape_done_tt=-1.000
[perfect_drone_full_node-2] [32m -- [Fsm] ReplanOnce succeed.[0m
[perfect_drone_full_node-2] [INFO] [1789030148.458166145] [fsm_node]:  -- [OPTIMIZER_PHASE_MEMORY] optimizer=exp event=begin call=9 rss_mib=3219.309 swap_mib=0.000 variables=13 pieces=4
[perfect_drone_full_node-2] [INFO] [1789030148.466625160] [fsm_node]:  -- [OPTIMIZER_PHASE_MEMORY] optimizer=exp event=end call=9 duration_ms=8.502 iterations=777 ret=1 rss_mib=3219.309 swap_mib=0.000 rss_delta_mib=0.000
[perfect_drone_full_node-2]  -- [TRAJ_GUARD_CERT] trigger=poly_publish status=SAFE gen=7 map=19 map_age=0.011s map_age_limit=0.500s motion_speed=5.579mps samples=160 range=[0.056,0.848] collision_tt=-1.000 ttc=-1.000 p=[0.000,0.000,0.000]
[perfect_drone_full_node-2] Publish local map size: 37945
[perfect_drone_full_node-2] [32m -- [Fsm 2.020] Current state: FOLLOW_TRAJ[0m
[perfect_drone_full_node-2]  -- [TRAJ_GUARD_CERT] trigger=main_pre status=SAFE gen=7 map=20 map_age=0.005s map_age_limit=0.500s motion_speed=5.325mps samples=142 range=[0.147,0.848] collision_tt=-1.000 ttc=-1.000 p=[0.000,0.000,0.000]
[perfect_drone_full_node-2] [32m -- [Fsm] Get goal at [0m24.525 20.025  1.525
[perfect_drone_full_node-2] [32m -- [Fsm] Receive click goal at: [24.525 20.025  1.525]; goal yaw: 0.000 deg[0m
[perfect_drone_full_node-2] [INFO] [1789030148.554660668] [fsm_node]:  -- [OPTIMIZER_PHASE_MEMORY] optimizer=backup event=begin call=17 rss_mib=3219.824 swap_mib=0.000 variables=26 pieces=2
[perfect_drone_full_node-2] [INFO] [1789030148.555894609] [fsm_node]:  -- [OPTIMIZER_PHASE_MEMORY] optimizer=backup event=end call=17 duration_ms=1.262 iterations=284 ret=1 rss_mib=3219.824 swap_mib=0.000 rss_delta_mib=0.000
[perfect_drone_full_node-2] [INFO] [1789030148.555976047] [fsm_node]:  -- [OPTIMIZER_PHASE_MEMORY] optimizer=backup event=begin call=18 rss_mib=3219.824 swap_mib=0.000 variables=26 pieces=2
[perfect_drone_full_node-2] [INFO] [1789030148.557440303] [fsm_node]:  -- [OPTIMIZER_PHASE_MEMORY] optimizer=backup event=end call=18 duration_ms=1.462 iterations=322 ret=1 rss_mib=3219.828 swap_mib=0.000 rss_delta_mib=0.004
[perfect_drone_full_node-2] [WARN] [1789030148.557474222] [fsm_node]:  -- [SUPER] in [ReplanOnce]: Replan overtime, check parameters, replan dt = 0.121006345.
[perfect_drone_full_node-2] [INFO] [1789030148.578128993] [fsm_node]:  -- [OPTIMIZER_PHASE_MEMORY] optimizer=exp event=begin call=10 rss_mib=3219.828 swap_mib=0.000 variables=17 pieces=5
[perfect_drone_full_node-2] [INFO] [1789030148.585686233] [fsm_node]:  -- [OPTIMIZER_PHASE_MEMORY] optimizer=exp event=end call=10 duration_ms=7.608 iterations=687 ret=1 rss_mib=3219.828 swap_mib=0.000 rss_delta_mib=0.000
[perfect_drone_full_node-2] Publish local map size: 54689
[perfect_drone_full_node-2] [INFO] [1789030148.658442586] [fsm_node]:  -- [OPTIMIZER_PHASE_MEMORY] optimizer=backup event=begin call=19 rss_mib=3223.109 swap_mib=0.000 variables=22 pieces=2
[perfect_drone_full_node-2] [INFO] [1789030148.659704676] [fsm_node]:  -- [OPTIMIZER_PHASE_MEMORY] optimizer=backup event=end call=19 duration_ms=1.314 iterations=299 ret=1 rss_mib=3223.109 swap_mib=0.000 rss_delta_mib=0.000
[perfect_drone_full_node-2] [INFO] [1789030148.659778191] [fsm_node]:  -- [OPTIMIZER_PHASE_MEMORY] optimizer=backup event=begin call=20 rss_mib=3223.109 swap_mib=0.000 variables=22 pieces=2
[perfect_drone_full_node-2] [INFO] [1789030148.661117887] [fsm_node]:  -- [OPTIMIZER_PHASE_MEMORY] optimizer=backup event=end call=20 duration_ms=1.341 iterations=340 ret=1 rss_mib=3223.109 swap_mib=0.000 rss_delta_mib=0.000
[perfect_drone_full_node-2] [WARN] [1789030148.661144031] [fsm_node]:  -- [SUPER] in [ReplanOnce]: Replan overtime, check parameters, replan dt = 0.103552991.
[perfect_drone_full_node-2] [INFO] [1789030148.679940497] [fsm_node]:  -- [OPTIMIZER_PHASE_MEMORY] optimizer=exp event=begin call=11 rss_mib=3223.109 swap_mib=0.000 variables=13 pieces=4
[perfect_drone_full_node-2] [INFO] [1789030148.684213744] [fsm_node]:  -- [OPTIMIZER_PHASE_MEMORY] optimizer=exp event=end call=11 duration_ms=4.317 iterations=487 ret=1 rss_mib=3223.109 swap_mib=0.000 rss_delta_mib=0.000
[perfect_drone_full_node-2]  -- [TRAJ_GUARD_CERT] trigger=main_pre status=SAFE gen=7 map=21 map_age=0.006s map_age_limit=0.500s motion_speed=5.036mps samples=122 range=[0.247,0.848] collision_tt=-1.000 ttc=-1.000 p=[0.000,0.000,0.000]
[perfect_drone_full_node-2] Publish local map size: 58671
[perfect_drone_full_node-2] [INFO] [1789030148.771362148] [fsm_node]:  -- [OPTIMIZER_PHASE_MEMORY] optimizer=backup event=begin call=21 rss_mib=3223.688 swap_mib=0.000 variables=22 pieces=2
[perfect_drone_full_node-2] [INFO] [1789030148.772478325] [fsm_node]:  -- [OPTIMIZER_PHASE_MEMORY] optimizer=backup event=end call=21 duration_ms=1.162 iterations=247 ret=1 rss_mib=3223.688 swap_mib=0.000 rss_delta_mib=0.000
[perfect_drone_full_node-2] [INFO] [1789030148.772550575] [fsm_node]:  -- [OPTIMIZER_PHASE_MEMORY] optimizer=backup event=begin call=22 rss_mib=3223.688 swap_mib=0.000 variables=22 pieces=2
[perfect_drone_full_node-2] [INFO] [1789030148.774942178] [fsm_node]:  -- [OPTIMIZER_PHASE_MEMORY] optimizer=backup event=end call=22 duration_ms=2.392 iterations=536 ret=1 rss_mib=3223.688 swap_mib=0.000 rss_delta_mib=0.000
[perfect_drone_full_node-2] [WARN] [1789030148.774970615] [fsm_node]:  -- [SUPER] in [ReplanOnce]: Replan overtime, check parameters, replan dt = 0.113651542.
[perfect_drone_full_node-2] [INFO] [1789030148.797635596] [fsm_node]:  -- [OPTIMIZER_PHASE_MEMORY] optimizer=exp event=begin call=12 rss_mib=3223.688 swap_mib=0.000 variables=17 pieces=5
[perfect_drone_full_node-2]  -- [TRAJ_GUARD_CERT] trigger=main_pre status=SAFE gen=7 map=22 map_age=0.006s map_age_limit=0.500s motion_speed=5.485mps samples=102 range=[0.347,0.848] collision_tt=-1.000 ttc=-1.000 p=[0.000,0.000,0.000]
[perfect_drone_full_node-2] Publish local map size: 57509
[perfect_drone_full_node-2] [INFO] [1789030148.801710249] [fsm_node]:  -- [OPTIMIZER_PHASE_MEMORY] optimizer=exp event=end call=12 duration_ms=4.100 iterations=343 ret=1 rss_mib=3223.688 swap_mib=0.000 rss_delta_mib=0.000
[perfect_drone_full_node-2] [INFO] [1789030148.873590900] [fsm_node]:  -- [OPTIMIZER_PHASE_MEMORY] optimizer=backup event=begin call=23 rss_mib=3224.109 swap_mib=0.000 variables=22 pieces=2
[perfect_drone_full_node-2] [INFO] [1789030148.874511642] [fsm_node]:  -- [OPTIMIZER_PHASE_MEMORY] optimizer=backup event=end call=23 duration_ms=0.976 iterations=225 ret=1 rss_mib=3224.109 swap_mib=0.000 rss_delta_mib=0.000
[perfect_drone_full_node-2] [INFO] [1789030148.874584264] [fsm_node]:  -- [OPTIMIZER_PHASE_MEMORY] optimizer=backup event=begin call=24 rss_mib=3224.109 swap_mib=0.000 variables=22 pieces=2
[perfect_drone_full_node-2] [INFO] [1789030148.875776492] [fsm_node]:  -- [OPTIMIZER_PHASE_MEMORY] optimizer=backup event=end call=24 duration_ms=1.192 iterations=312 ret=1 rss_mib=3224.109 swap_mib=0.000 rss_delta_mib=0.000
[perfect_drone_full_node-2] [WARN] [1789030148.875807238] [fsm_node]:  -- [SUPER] in [ReplanOnce]: Replan overtime, check parameters, replan dt = 0.100647285.
[perfect_drone_full_node-2] [INFO] [1789030148.899651010] [fsm_node]:  -- [OPTIMIZER_PHASE_MEMORY] optimizer=exp event=begin call=13 rss_mib=3224.109 swap_mib=0.000 variables=13 pieces=4
[perfect_drone_full_node-2] [INFO] [1789030148.901359296] [fsm_node]:  -- [OPTIMIZER_PHASE_MEMORY] optimizer=exp event=end call=13 duration_ms=1.767 iterations=198 ret=1 rss_mib=3224.109 swap_mib=0.000 rss_delta_mib=0.000
[perfect_drone_full_node-2]  -- [TRAJ_GUARD_CERT] trigger=main_pre status=SAFE gen=7 map=23 map_age=0.009s map_age_limit=0.500s motion_speed=6.135mps samples=82 range=[0.447,0.848] collision_tt=-1.000 ttc=-1.000 p=[0.000,0.000,0.000]
[perfect_drone_full_node-2] Publish local map size: 47370
[perfect_drone_full_node-2] [INFO] [1789030148.972444871] [fsm_node]:  -- [OPTIMIZER_PHASE_MEMORY] optimizer=backup event=begin call=25 rss_mib=3224.109 swap_mib=0.000 variables=26 pieces=2
[perfect_drone_full_node-2] [INFO] [1789030148.979342539] [fsm_node]:  -- [OPTIMIZER_PHASE_MEMORY] optimizer=backup event=end call=25 duration_ms=6.951 iterations=1044 ret=1 rss_mib=3224.109 swap_mib=0.000 rss_delta_mib=0.000
[perfect_drone_full_node-2] [INFO] [1789030148.979453144] [fsm_node]:  -- [OPTIMIZER_PHASE_MEMORY] optimizer=backup event=begin call=26 rss_mib=3224.109 swap_mib=0.000 variables=26 pieces=2
[perfect_drone_full_node-2] [INFO] [1789030148.980856459] [fsm_node]:  -- [OPTIMIZER_PHASE_MEMORY] optimizer=backup event=end call=26 duration_ms=1.405 iterations=324 ret=1 rss_mib=3224.109 swap_mib=0.000 rss_delta_mib=0.000
[perfect_drone_full_node-2] [WARN] [1789030148.980887859] [fsm_node]:  -- [SUPER] in [ReplanOnce]: Replan overtime, check parameters, replan dt = 0.104913214.
[perfect_drone_full_node-2]  -- [TRAJ_GUARD_CERT] trigger=main_pre status=SAFE gen=7 map=24 map_age=0.008s map_age_limit=0.500s motion_speed=4.653mps samples=62 range=[0.547,0.848] collision_tt=-1.000 ttc=-1.000 p=[0.000,0.000,0.000]
[perfect_drone_full_node-2] Publish local map size: 48691
[perfect_drone_full_node-2] [INFO] [1789030149.007557765] [fsm_node]:  -- [OPTIMIZER_PHASE_MEMORY] optimizer=exp event=begin call=14 rss_mib=3224.137 swap_mib=0.000 variables=17 pieces=5
[perfect_drone_full_node-2] [INFO] [1789030149.011387459] [fsm_node]:  -- [OPTIMIZER_PHASE_MEMORY] optimizer=exp event=end call=14 duration_ms=3.896 iterations=353 ret=1 rss_mib=3224.137 swap_mib=0.000 rss_delta_mib=0.000
[perfect_drone_full_node-2] [INFO] [1789030149.093282905] [fsm_node]:  -- [OPTIMIZER_PHASE_MEMORY] optimizer=backup event=begin call=27 rss_mib=3224.695 swap_mib=0.000 variables=18 pieces=2
[perfect_drone_full_node-2] [INFO] [1789030149.094332129] [fsm_node]:  -- [OPTIMIZER_PHASE_MEMORY] optimizer=backup event=end call=27 duration_ms=1.086 iterations=258 ret=1 rss_mib=3224.695 swap_mib=0.000 rss_delta_mib=0.000
[perfect_drone_full_node-2] [INFO] [1789030149.094401169] [fsm_node]:  -- [OPTIMIZER_PHASE_MEMORY] optimizer=backup event=begin call=28 rss_mib=3224.695 swap_mib=0.000 variables=18 pieces=2
[perfect_drone_full_node-2] [INFO] [1789030149.095016993] [fsm_node]:  -- [OPTIMIZER_PHASE_MEMORY] optimizer=backup event=end call=28 duration_ms=0.617 iterations=146 ret=1 rss_mib=3224.695 swap_mib=0.000 rss_delta_mib=0.000
[perfect_drone_full_node-2] [WARN] [1789030149.095044253] [fsm_node]:  -- [SUPER] in [ReplanOnce]: Replan overtime, check parameters, replan dt = 0.114028052.
[perfect_drone_full_node-2]  -- [TRAJ_GUARD_CERT] trigger=main_pre status=SAFE gen=7 map=25 map_age=0.009s map_age_limit=0.528s motion_speed=2.941mps samples=42 range=[0.647,0.848] collision_tt=-1.000 ttc=-1.000 p=[0.000,0.000,0.000]
[perfect_drone_full_node-2] Publish local map size: 51640
[perfect_drone_full_node-2] [INFO] [1789030149.118052259] [fsm_node]:  -- [OPTIMIZER_PHASE_MEMORY] optimizer=exp event=begin call=15 rss_mib=3224.695 swap_mib=0.000 variables=17 pieces=5
[perfect_drone_full_node-2] [INFO] [1789030149.124979074] [fsm_node]:  -- [OPTIMIZER_PHASE_MEMORY] optimizer=exp event=end call=15 duration_ms=6.977 iterations=628 ret=1 rss_mib=3224.695 swap_mib=0.000 rss_delta_mib=0.000
[perfect_drone_full_node-2] [INFO] [1789030149.198959335] [fsm_node]:  -- [OPTIMIZER_PHASE_MEMORY] optimizer=backup event=begin call=29 rss_mib=3225.258 swap_mib=0.000 variables=18 pieces=2
[perfect_drone_full_node-2] Publish local map size: 48211
[perfect_drone_full_node-2] [INFO] [1789030149.202988964] [fsm_node]:  -- [OPTIMIZER_PHASE_MEMORY] optimizer=backup event=end call=29 duration_ms=4.064 iterations=690 ret=1 rss_mib=3225.258 swap_mib=0.000 rss_delta_mib=0.000
[perfect_drone_full_node-2] [INFO] [1789030149.203067509] [fsm_node]:  -- [OPTIMIZER_PHASE_MEMORY] optimizer=backup event=begin call=30 rss_mib=3225.258 swap_mib=0.000 variables=18 pieces=2
[perfect_drone_full_node-2] [INFO] [1789030149.218723095] [fsm_node]:  -- [OPTIMIZER_PHASE_MEMORY] optimizer=backup event=end call=30 duration_ms=15.627 iterations=2194 ret=1 rss_mib=3225.258 swap_mib=0.000 rss_delta_mib=0.000
[perfect_drone_full_node-2] [WARN] [1789030149.218779489] [fsm_node]:  -- [SUPER] in [ReplanOnce]: Replan overtime, check parameters, replan dt = 0.123608323.
[perfect_drone_full_node-2] [32m -- [Fsm] Traj finish.[0m
[perfect_drone_full_node-2] [INFO] [1789030149.244973598] [fsm_node]:  -- [TRAJ_GUARD_COMMIT] phase=ReplanOnce/no_backup gen=8 map=25 samples=129 range=[0.864,1.496] escape=false footprint_egress=false escape_done_tt=-1.000
[perfect_drone_full_node-2] [38;2;000;128;000m -- [Fsm]: [PubCmdCallback] change state from [FOLLOW_TRAJ] to [GENERATE_TRAJ].
[perfect_drone_full_node-2] [0m[32m -- [Fsm] ReplanOnce succeed.[0m
[perfect_drone_full_node-2] [WARN] [1789030149.247066007] [fsm_node]:  -- [TRAJ_GUARD_RECOVERY_EPISODE_RESET] reason=horizontal_progress progress=5.317m threshold=2.000m prior_local=0 prior_vertical=0 prior_base=0
[perfect_drone_full_node-2] [INFO] [1789030149.269943064] [fsm_node]:  -- [OPTIMIZER_PHASE_MEMORY] optimizer=exp event=begin call=16 rss_mib=3225.258 swap_mib=0.000 variables=17 pieces=5
[perfect_drone_full_node-2] [INFO] [1789030149.273386448] [fsm_node]:  -- [OPTIMIZER_PHASE_MEMORY] optimizer=exp event=end call=16 duration_ms=3.496 iterations=347 ret=1 rss_mib=3225.258 swap_mib=0.000 rss_delta_mib=0.000
[perfect_drone_full_node-2] [INFO] [1789030149.273447427] [fsm_node]:  -- [SUPER] in [PlanFromRest] GenerateExpTrajectory SUCCESS.
[perfect_drone_full_node-2]  -- [TRAJ_GUARD_CERT] trigger=poly_publish status=SAFE gen=8 map=25 map_age=0.227s map_age_limit=0.550s motion_speed=0.000mps samples=128 range=[0.865,1.496] collision_tt=-1.000 ttc=-1.000 p=[0.000,0.000,0.000]
[perfect_drone_full_node-2] Publish local map size: 44089
[perfect_drone_full_node-2] [INFO] [1789030149.341002824] [fsm_node]:  -- [OPTIMIZER_PHASE_MEMORY] optimizer=backup event=begin call=31 rss_mib=3225.934 swap_mib=0.000 variables=26 pieces=2
[perfect_drone_full_node-2] [INFO] [1789030149.341366661] [fsm_node]:  -- [OPTIMIZER_PHASE_MEMORY] optimizer=backup event=end call=31 duration_ms=0.415 iterations=71 ret=1 rss_mib=3225.934 swap_mib=0.000 rss_delta_mib=0.000
[perfect_drone_full_node-2] [WARN] [1789030149.341407748] [fsm_node]:  -- [BackOpt] Opt failed, Omg or thr or Pos violation.
[perfect_drone_full_node-2] [33m -- [MINCO] TrajOpt failed, (unknown)[0m
[perfect_drone_full_node-2] [33m -- [SUPER] Minco backup_traj opt failed.[0m
[perfect_drone_full_node-2] [INFO] [1789030149.341463689] [fsm_node]:  -- [OPTIMIZER_PHASE_MEMORY] optimizer=backup event=begin call=32 rss_mib=3225.934 swap_mib=0.000 variables=26 pieces=2
[perfect_drone_full_node-2] [INFO] [1789030149.356354139] [fsm_node]:  -- [OPTIMIZER_PHASE_MEMORY] optimizer=backup event=end call=32 duration_ms=14.887 iterations=2079 ret=1 rss_mib=3225.934 swap_mib=0.000 rss_delta_mib=0.000
[perfect_drone_full_node-2] [WARN] [1789030149.356389417] [fsm_node]:  -- [SUPER] OptimizationBakTrajInPolytopes failed, force return
[perfect_drone_full_node-2] [WARN] [1789030149.356396391] [fsm_node]:  -- [SUPER] in [PlanFromRest] generateBackupTrajectory return [OPT_FAILED], force return
[perfect_drone_full_node-2] [33m -- [Fsm] PlanFromRest failed, try replan.[0m
[perfect_drone_full_node-2] [INFO] [1789030149.382410492] [fsm_node]:  -- [OPTIMIZER_PHASE_MEMORY] optimizer=exp event=begin call=17 rss_mib=3225.934 swap_mib=0.000 variables=17 pieces=5
[perfect_drone_full_node-2] [INFO] [1789030149.384442299] [fsm_node]:  -- [OPTIMIZER_PHASE_MEMORY] optimizer=exp event=end call=17 duration_ms=2.090 iterations=204 ret=1 rss_mib=3225.934 swap_mib=0.000 rss_delta_mib=0.000
[perfect_drone_full_node-2] [INFO] [1789030149.384511024] [fsm_node]:  -- [SUPER] in [PlanFromRest] GenerateExpTrajectory SUCCESS.
[perfect_drone_full_node-2] Publish local map size: 44024
[perfect_drone_full_node-2] [INFO] [1789030149.452147890] [fsm_node]:  -- [OPTIMIZER_PHASE_MEMORY] optimizer=backup event=begin call=33 rss_mib=3226.508 swap_mib=0.000 variables=18 pieces=2
[perfect_drone_full_node-2] [INFO] [1789030149.454166284] [fsm_node]:  -- [OPTIMIZER_PHASE_MEMORY] optimizer=backup event=end call=33 duration_ms=2.072 iterations=416 ret=1 rss_mib=3226.508 swap_mib=0.000 rss_delta_mib=0.000
[perfect_drone_full_node-2] [INFO] [1789030149.454234556] [fsm_node]:  -- [OPTIMIZER_PHASE_MEMORY] optimizer=backup event=begin call=34 rss_mib=3226.508 swap_mib=0.000 variables=18 pieces=2
[perfect_drone_full_node-2] [INFO] [1789030149.473447156] [fsm_node]:  -- [OPTIMIZER_PHASE_MEMORY] optimizer=backup event=end call=34 duration_ms=19.197 iterations=2715 ret=1 rss_mib=3226.508 swap_mib=0.000 rss_delta_mib=0.000
[perfect_drone_full_node-2] [INFO] [1789030149.473792518] [fsm_node]:  -- [TRAJ_GUARD_COMMIT] phase=PlanFromRest/with_backup gen=9 map=25 samples=273 range=[0.117,1.471] escape=false footprint_egress=false escape_done_tt=-1.000
[perfect_drone_full_node-2]  -- [TRAJ_GUARD_CERT] trigger=poly_publish status=SAFE gen=9 map=25 map_age=0.455s map_age_limit=0.550s motion_speed=0.000mps samples=272 range=[0.117,1.471] collision_tt=-1.000 ttc=-1.000 p=[0.000,0.000,0.000]
[perfect_drone_full_node-2] [38;2;000;128;000m -- [Fsm]: [MainFsmCallback] change state from [GENERATE_TRAJ] to [FOLLOW_TRAJ].
[perfect_drone_full_node-2] [0mPublish local map size: 48001
[perfect_drone_full_node-2] [32m -- [Fsm 3.030] Current state: FOLLOW_TRAJ[0m
[perfect_drone_full_node-2] [32m -- [Fsm] Get goal at [0m24.525 20.025  1.525
[perfect_drone_full_node-2] [32m -- [Fsm] Receive click goal at: [24.525 20.025  1.525]; goal yaw: 0.000 deg[0m
[perfect_drone_full_node-2] [INFO] [1789030149.577092762] [fsm_node]:  -- [TRAJ_GUARD_RECOVERY_SIGNAL] active=true
[perfect_drone_full_node-2] [ERROR] [1789030149.577907785] [fsm_node]:  -- [TRAJ_GUARD_BRAKE] trigger=main_pre_uncertified duration=0.805s speed0=1.771 initial_source=fresh_command cmd_age=0.010s cmd_pos_err=0.000 cmd_vel_err=inf motion_speed=inf motion_dt=infs motion_pose_speed=inf motion_twist_speed=1.771 motion_disagreement=inf motion_source=none motion_gen=9/0 motion_gen_continuous=false max_vel=3.523 vel_limit=7.000 max_acc=17.873 max_jerk=105.279 dynamics_ok=true path_status=SAFE map=25 map_age=0.559s raw_status=DISABLED raw_cloud=0 raw_age=0.000s ciri_shadow=DISABLED ciri_shadow_result=0 ciri_shadow_queued=0 ciri_shadow_age=infs stop=[21.531,6.211,1.154]
[perfect_drone_full_node-2]  -- [TRAJ_GUARD_CERT] trigger=main_pre status=MAP_STALE gen=9 map=25 map_age=0.559s map_age_limit=0.550s motion_speed=1.771mps samples=0 range=[0.000,0.000] collision_tt=-1.000 ttc=-1.000 p=[0.000,0.000,0.000]
[perfect_drone_full_node-2] [38;2;000;128;000m -- [Fsm]: [TrajectoryGuard] change state from [FOLLOW_TRAJ] to [EMER_STOP].
[perfect_drone_full_node-2] [0mPublish local map size: 49883
[perfect_drone_full_node-2] Publish local map size: 46985
[perfect_drone_full_node-2] Publish local map size: 44880
[perfect_drone_full_node-2] Publish local map size: 46267
[perfect_drone_full_node-2] Publish local map size: 47990
[perfect_drone_full_node-2] Publish local map size: 48655
[perfect_drone_full_node-2] Publish local map size: 48140
[perfect_drone_full_node-2]  -- [MARSIM] Running FPS: 190.368
[perfect_drone_full_node-2] Publish local map size: 46672
[perfect_drone_full_node-2] Publish local map size: 45379
[perfect_drone_full_node-2] Publish local map size: 45414
[perfect_drone_full_node-2] Publish local map size: 45417
[perfect_drone_full_node-2] [38;2;000;128;000m -- [Fsm]: [TrajectoryGuardRecovery] change state from [EMER_STOP] to [GENERATE_TRAJ].
[perfect_drone_full_node-2] [0m[32m -- [Fsm 4.160] Current state: GENERATE_TRAJ[0m
[perfect_drone_full_node-2] [32m -- [Fsm] Get goal at [0m24.525 20.025  1.525
[perfect_drone_full_node-2] [32m -- [Fsm] Receive click goal at: [24.525 20.025  1.525]; goal yaw: 0.000 deg[0m
[perfect_drone_full_node-2] [INFO] [1789030150.686467183] [fsm_node]:  -- [OPTIMIZER_PHASE_MEMORY] optimizer=exp event=begin call=18 rss_mib=3226.512 swap_mib=0.000 variables=17 pieces=5
[perfect_drone_full_node-2] [INFO] [1789030150.691223216] [fsm_node]:  -- [OPTIMIZER_PHASE_MEMORY] optimizer=exp event=end call=18 duration_ms=4.804 iterations=448 ret=1 rss_mib=3226.512 swap_mib=0.000 rss_delta_mib=0.000
[perfect_drone_full_node-2] [INFO] [1789030150.691272868] [fsm_node]:  -- [SUPER] in [PlanFromRest] GenerateExpTrajectory SUCCESS.
[perfect_drone_full_node-2] Publish local map size: 45419
[perfect_drone_full_node-2] [INFO] [1789030150.758040765] [fsm_node]:  -- [OPTIMIZER_PHASE_MEMORY] optimizer=backup event=begin call=35 rss_mib=3226.723 swap_mib=0.000 variables=22 pieces=2
[perfect_drone_full_node-2] [INFO] [1789030150.760400733] [fsm_node]:  -- [OPTIMIZER_PHASE_MEMORY] optimizer=backup event=end call=35 duration_ms=2.420 iterations=480 ret=1 rss_mib=3226.723 swap_mib=0.000 rss_delta_mib=0.000
[perfect_drone_full_node-2] [INFO] [1789030150.760464217] [fsm_node]:  -- [OPTIMIZER_PHASE_MEMORY] optimizer=backup event=begin call=36 rss_mib=3226.723 swap_mib=0.000 variables=22 pieces=2
[perfect_drone_full_node-2] [INFO] [1789030150.764682490] [fsm_node]:  -- [OPTIMIZER_PHASE_MEMORY] optimizer=backup event=end call=36 duration_ms=4.216 iterations=694 ret=1 rss_mib=3226.723 swap_mib=0.000 rss_delta_mib=0.000
[perfect_drone_full_node-2] [INFO] [1789030150.764978268] [fsm_node]:  -- [TRAJ_GUARD_COMMIT] phase=PlanFromRest/with_backup gen=10 map=37 samples=285 range=[0.108,1.522] escape=false footprint_egress=false escape_done_tt=-1.000
[perfect_drone_full_node-2] [INFO] [1789030150.765155371] [fsm_node]:  -- [TRAJ_GUARD_RECOVERY_SIGNAL] active=false
[perfect_drone_full_node-2] [INFO] [1789030150.765162171] [fsm_node]:  -- [TRAJ_GUARD_RECOVERED] trigger=main_pre_uncertified gen=10 map=36
[perfect_drone_full_node-2]  -- [TRAJ_GUARD_CERT] trigger=poly_publish status=SAFE gen=10 map=37 map_age=0.050s map_age_limit=0.550s motion_speed=0.000mps samples=284 range=[0.108,1.522] collision_tt=-1.000 ttc=-1.000 p=[0.000,0.000,0.000]
[perfect_drone_full_node-2] [38;2;000;128;000m -- [Fsm]: [MainFsmCallback] change state from [GENERATE_TRAJ] to [FOLLOW_TRAJ].
[perfect_drone_full_node-2] [0mPublish local map size: 53129
[perfect_drone_full_node-2] [INFO] [1789030150.883069570] [fsm_node]:  -- [OPTIMIZER_PHASE_MEMORY] optimizer=exp event=begin call=19 rss_mib=3227.059 swap_mib=0.000 variables=17 pieces=5
[perfect_drone_full_node-2] [INFO] [1789030150.885271965] [fsm_node]:  -- [OPTIMIZER_PHASE_MEMORY] optimizer=exp event=end call=19 duration_ms=2.246 iterations=211 ret=1 rss_mib=3227.066 swap_mib=0.000 rss_delta_mib=0.008
[perfect_drone_full_node-2]  -- [TRAJ_GUARD_CERT] trigger=main_pre status=SAFE gen=10 map=38 map_age=0.008s map_age_limit=0.550s motion_speed=0.987mps samples=272 range=[0.170,1.522] collision_tt=-1.000 ttc=-1.000 p=[0.000,0.000,0.000]
[perfect_drone_full_node-2] Publish local map size: 57363
[perfect_drone_full_node-2] [INFO] [1789030150.956699614] [fsm_node]:  -- [OPTIMIZER_PHASE_MEMORY] optimizer=backup event=begin call=37 rss_mib=3227.109 swap_mib=0.000 variables=22 pieces=2
[perfect_drone_full_node-2] [INFO] [1789030150.957964693] [fsm_node]:  -- [OPTIMIZER_PHASE_MEMORY] optimizer=backup event=end call=37 duration_ms=1.315 iterations=302 ret=1 rss_mib=3227.109 swap_mib=0.000 rss_delta_mib=0.000
[perfect_drone_full_node-2] [INFO] [1789030150.958034557] [fsm_node]:  -- [OPTIMIZER_PHASE_MEMORY] optimizer=backup event=begin call=38 rss_mib=3227.121 swap_mib=0.000 variables=22 pieces=2
[perfect_drone_full_node-2] [INFO] [1789030150.959296759] [fsm_node]:  -- [OPTIMIZER_PHASE_MEMORY] optimizer=backup event=end call=38 duration_ms=1.260 iterations=303 ret=1 rss_mib=3227.121 swap_mib=0.000 rss_delta_mib=0.000
[perfect_drone_full_node-2] [WARN] [1789030150.959328300] [fsm_node]:  -- [SUPER] in [ReplanOnce]: Replan overtime, check parameters, replan dt = 0.096264306.
[perfect_drone_full_node-2] [INFO] [1789030150.978976048] [fsm_node]:  -- [OPTIMIZER_PHASE_MEMORY] optimizer=exp event=begin call=20 rss_mib=3227.188 swap_mib=0.000 variables=17 pieces=5
[perfect_drone_full_node-2] [INFO] [1789030150.990486415] [fsm_node]:  -- [OPTIMIZER_PHASE_MEMORY] optimizer=exp event=end call=20 duration_ms=11.533 iterations=923 ret=1 rss_mib=3227.188 swap_mib=0.000 rss_delta_mib=0.000
[perfect_drone_full_node-2]  -- [TRAJ_GUARD_CERT] trigger=main_pre status=SAFE gen=10 map=39 map_age=0.007s map_age_limit=0.536s motion_speed=2.783mps samples=252 range=[0.270,1.522] collision_tt=-1.000 ttc=-1.000 p=[0.000,0.000,0.000]
[perfect_drone_full_node-2] Publish local map size: 54082
[perfect_drone_full_node-2] [INFO] [1789030151.069007946] [fsm_node]:  -- [OPTIMIZER_PHASE_MEMORY] optimizer=backup event=begin call=39 rss_mib=3227.188 swap_mib=0.000 variables=18 pieces=2
[perfect_drone_full_node-2] [INFO] [1789030151.071477892] [fsm_node]:  -- [OPTIMIZER_PHASE_MEMORY] optimizer=backup event=end call=39 duration_ms=2.508 iterations=482 ret=1 rss_mib=3227.188 swap_mib=0.000 rss_delta_mib=0.000
[perfect_drone_full_node-2] [INFO] [1789030151.071548772] [fsm_node]:  -- [OPTIMIZER_PHASE_MEMORY] optimizer=backup event=begin call=40 rss_mib=3227.188 swap_mib=0.000 variables=18 pieces=2
[perfect_drone_full_node-2] [INFO] [1789030151.072200961] [fsm_node]:  -- [OPTIMIZER_PHASE_MEMORY] optimizer=backup event=end call=40 duration_ms=0.653 iterations=163 ret=1 rss_mib=3227.188 swap_mib=0.000 rss_delta_mib=0.000
[perfect_drone_full_node-2] [WARN] [1789030151.072229487] [fsm_node]:  -- [SUPER] in [ReplanOnce]: Replan overtime, check parameters, replan dt = 0.11284031.
[perfect_drone_full_node-2] [INFO] [1789030151.091510348] [fsm_node]:  -- [OPTIMIZER_PHASE_MEMORY] optimizer=exp event=begin call=21 rss_mib=3227.199 swap_mib=0.000 variables=17 pieces=5
[perfect_drone_full_node-2] [INFO] [1789030151.096742331] [fsm_node]:  -- [OPTIMIZER_PHASE_MEMORY] optimizer=exp event=end call=21 duration_ms=5.266 iterations=413 ret=1 rss_mib=3227.199 swap_mib=0.000 rss_delta_mib=0.000
[perfect_drone_full_node-2]  -- [TRAJ_GUARD_CERT] trigger=main_pre status=SAFE gen=10 map=40 map_age=0.008s map_age_limit=0.500s motion_speed=4.688mps samples=232 range=[0.370,1.522] collision_tt=-1.000 ttc=-1.000 p=[0.000,0.000,0.000]
[perfect_drone_full_node-2] Publish local map size: 51383
[perfect_drone_full_node-2] [INFO] [1789030151.173768156] [fsm_node]:  -- [OPTIMIZER_PHASE_MEMORY] optimizer=backup event=begin call=41 rss_mib=3227.203 swap_mib=0.000 variables=22 pieces=2
[perfect_drone_full_node-2] [INFO] [1789030151.174440920] [fsm_node]:  -- [OPTIMIZER_PHASE_MEMORY] optimizer=backup event=end call=41 duration_ms=0.712 iterations=142 ret=1 rss_mib=3227.203 swap_mib=0.000 rss_delta_mib=0.000
[perfect_drone_full_node-2] [INFO] [1789030151.174513640] [fsm_node]:  -- [OPTIMIZER_PHASE_MEMORY] optimizer=backup event=begin call=42 rss_mib=3227.203 swap_mib=0.000 variables=22 pieces=2
[perfect_drone_full_node-2] [INFO] [1789030151.176275896] [fsm_node]:  -- [OPTIMIZER_PHASE_MEMORY] optimizer=backup event=end call=42 duration_ms=1.761 iterations=408 ret=1 rss_mib=3227.203 swap_mib=0.000 rss_delta_mib=0.000
[perfect_drone_full_node-2] [WARN] [1789030151.176305718] [fsm_node]:  -- [SUPER] in [ReplanOnce]: Replan overtime, check parameters, replan dt = 0.103940759.
[perfect_drone_full_node-2] [INFO] [1789030151.196658557] [fsm_node]:  -- [OPTIMIZER_PHASE_MEMORY] optimizer=exp event=begin call=22 rss_mib=3227.207 swap_mib=0.000 variables=17 pieces=5
[perfect_drone_full_node-2] Publish local map size: 50362
[perfect_drone_full_node-2] [INFO] [1789030151.202458385] [fsm_node]:  -- [OPTIMIZER_PHASE_MEMORY] optimizer=exp event=end call=22 duration_ms=5.811 iterations=446 ret=1 rss_mib=3227.207 swap_mib=0.000 rss_delta_mib=0.000
[perfect_drone_full_node-2] [INFO] [1789030151.285125160] [fsm_node]:  -- [OPTIMIZER_PHASE_MEMORY] optimizer=backup event=begin call=43 rss_mib=3227.207 swap_mib=0.000 variables=22 pieces=2
[perfect_drone_full_node-2] [INFO] [1789030151.286406849] [fsm_node]:  -- [OPTIMIZER_PHASE_MEMORY] optimizer=backup event=end call=43 duration_ms=1.306 iterations=276 ret=1 rss_mib=3227.207 swap_mib=0.000 rss_delta_mib=0.000
[perfect_drone_full_node-2] [INFO] [1789030151.286492786] [fsm_node]:  -- [OPTIMIZER_PHASE_MEMORY] optimizer=backup event=begin call=44 rss_mib=3227.207 swap_mib=0.000 variables=22 pieces=2
[perfect_drone_full_node-2] [INFO] [1789030151.287237450] [fsm_node]:  -- [OPTIMIZER_PHASE_MEMORY] optimizer=backup event=end call=44 duration_ms=0.745 iterations=162 ret=1 rss_mib=3227.207 swap_mib=0.000 rss_delta_mib=0.000
[perfect_drone_full_node-2] [WARN] [1789030151.287268183] [fsm_node]:  -- [SUPER] in [ReplanOnce]: Replan overtime, check parameters, replan dt = 0.110893494.
[perfect_drone_full_node-2] Publish local map size: 48572
[perfect_drone_full_node-2] [INFO] [1789030151.309950810] [fsm_node]:  -- [OPTIMIZER_PHASE_MEMORY] optimizer=exp event=begin call=23 rss_mib=3227.207 swap_mib=0.000 variables=17 pieces=5
[perfect_drone_full_node-2] [INFO] [1789030151.320613121] [fsm_node]:  -- [OPTIMIZER_PHASE_MEMORY] optimizer=exp event=end call=23 duration_ms=10.716 iterations=759 ret=1 rss_mib=3227.207 swap_mib=0.000 rss_delta_mib=0.000
[perfect_drone_full_node-2] Publish local map size: 46174
[perfect_drone_full_node-2] [INFO] [1789030151.406469702] [fsm_node]:  -- [OPTIMIZER_PHASE_MEMORY] optimizer=backup event=begin call=45 rss_mib=3227.535 swap_mib=0.000 variables=26 pieces=2
[perfect_drone_full_node-2] [INFO] [1789030151.408533789] [fsm_node]:  -- [OPTIMIZER_PHASE_MEMORY] optimizer=backup event=end call=45 duration_ms=2.115 iterations=360 ret=1 rss_mib=3227.535 swap_mib=0.000 rss_delta_mib=0.000
[perfect_drone_full_node-2] [INFO] [1789030151.408633933] [fsm_node]:  -- [OPTIMIZER_PHASE_MEMORY] optimizer=backup event=begin call=46 rss_mib=3227.535 swap_mib=0.000 variables=26 pieces=2
[perfect_drone_full_node-2] [INFO] [1789030151.422532719] [fsm_node]:  -- [OPTIMIZER_PHASE_MEMORY] optimizer=backup event=end call=46 duration_ms=13.894 iterations=1612 ret=1 rss_mib=3227.535 swap_mib=0.000 rss_delta_mib=0.000
[perfect_drone_full_node-2] [WARN] [1789030151.422577647] [fsm_node]:  -- [SUPER] in [ReplanOnce]: Replan overtime, check parameters, replan dt = 0.135210607.
[perfect_drone_full_node-2] Publish local map size: 47788
[perfect_drone_full_node-2] [INFO] [1789030151.503538718] [perfect_tracking]: [SENSOR_CADENCE_SUMMARY] frames=50 span_s=4.899823 hz=10.000361 raw_published=0 direct_handoffs=40 payload_bytes=46452736 side_entry_v1_enabled=0 side_entry_v1_spawned=0 side_entry_v1_injected_frames=0
[perfect_drone_full_node-2] [INFO] [1789030151.503659683] [perfect_tracking]: [SENSOR_BURST_DROPOUT_SUMMARY] enabled=1 warmup_s=1.000000 period_s=2.000000 duration_s=0.500000 phase_s=1.400000 phase_env_override=1 rendered=50 delivered=40 dropped=10 bursts=2 max_consecutive_dropped=5 max_delivered_gap_s=0.601524 dropped_payload_bytes=15367808
[perfect_drone_full_node-2] Publish global map size: 113368
[perfect_drone_full_node-2] Publish global map size: 113368
[perfect_drone_full_node-2] Publish global map size: 113368
[perfect_drone_full_node-2] Publish global map size: 113368
[perfect_drone_full_node-2] [INFO] [1789030151.527071017] [fsm_node]:  -- [TRAJ_GUARD_RECOVERY_SIGNAL] active=true
[perfect_drone_full_node-2] [ERROR] [1789030151.527576678] [fsm_node]:  -- [TRAJ_GUARD_BRAKE_REJECTED] trigger=main_pre_uncertified searched=[0.400,3.000]s speed0=6.968 initial_source=fresh_command cmd_age=0.010s cmd_pos_err=0.000 cmd_vel_err=inf motion_speed=inf motion_dt=infs motion_pose_speed=inf motion_twist_speed=6.968 motion_disagreement=inf motion_source=none motion_gen=10/9 motion_gen_continuous=false last_dynamics_ok=false max_vel=7.064 vel_limit=7.000 max_acc=0.000 max_jerk=0.000 last_path_status=UNOBSERVED last_map=40 map_age=0.508s raw_status=DISABLED raw_cloud=0 raw_age=0.000s ciri_shadow=DISABLED ciri_shadow_result=0 ciri_shadow_queued=0 ciri_shadow_age=infs; no brake command published
[perfect_drone_full_node-2]  -- [TRAJ_GUARD_CERT] trigger=main_pre status=MAP_STALE gen=10 map=40 map_age=0.508s map_age_limit=0.500s motion_speed=6.968mps samples=0 range=[0.000,0.000] collision_tt=-1.000 ttc=-1.000 p=[0.000,0.000,0.000]
[perfect_drone_full_node-2] [38;2;000;128;000m -- [Fsm]: [TrajectoryGuardFailClosed] change state from [FOLLOW_TRAJ] to [EMER_STOP].
[perfect_drone_full_node-2] [0mPublish global map size: 113368
[perfect_drone_full_node-2] Publish global map size: 113368
[perfect_drone_full_node-2] Publish global map size: 113368
[perfect_drone_full_node-2] Publish global map size: 113368
[perfect_drone_full_node-2] [ERROR] [1789030151.537733426] [fsm_node]:  -- [TRAJ_GUARD_BRAKE_REJECTED] trigger=emergency_stop_retry searched=[0.400,3.000]s speed0=6.968 initial_source=fresh_command cmd_age=0.020s cmd_pos_err=0.000 cmd_vel_err=inf motion_speed=inf motion_dt=infs motion_pose_speed=inf motion_twist_speed=6.968 motion_disagreement=inf motion_source=none motion_gen=10/10 motion_gen_continuous=true last_dynamics_ok=false max_vel=7.064 vel_limit=7.000 max_acc=0.000 max_jerk=0.000 last_path_status=UNOBSERVED last_map=40 map_age=0.518s raw_status=DISABLED raw_cloud=0 raw_age=0.000s ciri_shadow=DISABLED ciri_shadow_result=0 ciri_shadow_queued=0 ciri_shadow_age=infs; no brake command published
[perfect_drone_full_node-2] Publish global map size: 113368
[perfect_drone_full_node-2] Publish global map size: 113368
[perfect_drone_full_node-2] Publish global map size: 113368
[perfect_drone_full_node-2] Publish global map size: 113368
[perfect_drone_full_node-2] Publish global map size: 113368
[perfect_drone_full_node-2] Publish global map size: 113368
[perfect_drone_full_node-2] Publish global map size: 113368
[perfect_drone_full_node-2] Publish global map size: 113368
[perfect_drone_full_node-2] Publish global map size: 113368
[perfect_drone_full_node-2] Publish global map size: 113368
[perfect_drone_full_node-2] Publish global map size: 113368
[perfect_drone_full_node-2] Publish global map size: 113368
[perfect_drone_full_node-2] Publish global map size: 113368
[perfect_drone_full_node-2] Publish global map size: 113368
[perfect_drone_full_node-2] Publish global map size: 113368
[perfect_drone_full_node-2] Publish global map size: 113368
[perfect_drone_full_node-2] Publish global map size: 113368
[perfect_drone_full_node-2] Publish global map size: 113368
[perfect_drone_full_node-2] Publish global map size: 113368
[perfect_drone_full_node-2] Publish global map size: 113368
[perfect_drone_full_node-2] Publish global map size: 113368
[perfect_drone_full_node-2] Publish global map size: 113368
[perfect_drone_full_node-2] Publish global map size: 113368
[perfect_drone_full_node-2] Publish global map size: 113368
[perfect_drone_full_node-2] Publish global map size: 113368
[perfect_drone_full_node-2] Publish global map size: 113368
[perfect_drone_full_node-2] Publish global map size: 113368
[perfect_drone_full_node-2] Publish local map size: 49122
[perfect_drone_full_node-2] [ERROR] [1789030151.637060508] [fsm_node]:  -- [TRAJ_GUARD_BRAKE_REJECTED] trigger=emergency_stop_retry searched=[0.400,3.000]s speed0=0.000 initial_source=position_difference cmd_age=0.120s cmd_pos_err=0.000 cmd_vel_err=6.968 motion_speed=0.000 motion_dt=0.110s motion_pose_speed=0.000 motion_twist_speed=6.968 motion_disagreement=6.968 motion_source=position_difference motion_gen=10/10 motion_gen_continuous=true last_dynamics_ok=true max_vel=0.000 vel_limit=7.000 max_acc=0.000 max_jerk=0.000 last_path_status=UNOBSERVED last_map=41 map_age=0.018s raw_status=DISABLED raw_cloud=0 raw_age=infs ciri_shadow=DISABLED ciri_shadow_result=0 ciri_shadow_queued=0 ciri_shadow_age=infs; no brake command published
[perfect_drone_full_node-2] Publish local map size: 49118
[perfect_drone_full_node-2] [ERROR] [1789030151.737062643] [fsm_node]:  -- [TRAJ_GUARD_BRAKE_REJECTED] trigger=emergency_stop_retry searched=[0.400,3.000]s speed0=0.000 initial_source=position_difference cmd_age=0.220s cmd_pos_err=0.000 cmd_vel_err=6.968 motion_speed=0.000 motion_dt=0.100s motion_pose_speed=0.000 motion_twist_speed=6.968 motion_disagreement=6.968 motion_source=position_difference motion_gen=10/10 motion_gen_continuous=true last_dynamics_ok=true max_vel=0.000 vel_limit=7.000 max_acc=0.000 max_jerk=0.000 last_path_status=UNOBSERVED last_map=42 map_age=0.018s raw_status=DISABLED raw_cloud=0 raw_age=infs ciri_shadow=DISABLED ciri_shadow_result=0 ciri_shadow_queued=0 ciri_shadow_age=infs; no brake command published
[perfect_drone_full_node-2] Publish local map size: 49091
[perfect_drone_full_node-2] [ERROR] [1789030151.837087233] [fsm_node]:  -- [TRAJ_GUARD_BRAKE_REJECTED] trigger=emergency_stop_retry searched=[0.400,3.000]s speed0=0.000 initial_source=position_difference cmd_age=0.320s cmd_pos_err=0.000 cmd_vel_err=6.968 motion_speed=0.000 motion_dt=0.100s motion_pose_speed=0.000 motion_twist_speed=6.968 motion_disagreement=6.968 motion_source=position_difference motion_gen=10/10 motion_gen_continuous=true last_dynamics_ok=true max_vel=0.000 vel_limit=7.000 max_acc=0.000 max_jerk=0.000 last_path_status=UNOBSERVED last_map=43 map_age=0.018s raw_status=DISABLED raw_cloud=0 raw_age=infs ciri_shadow=DISABLED ciri_shadow_result=0 ciri_shadow_queued=0 ciri_shadow_age=infs; no brake command published
[perfect_drone_full_node-2] Publish local map size: 49122
[perfect_drone_full_node-2] [WARN] [1789030151.947183178] [fsm_node]:  -- [TRAJ_GUARD_STATIONARY_HOLD] trigger=emergency_stop_retry stable_for=0.310s displacement=0.000m action=publish_certified_hold
[perfect_drone_full_node-2] [ERROR] [1789030151.947522312] [fsm_node]:  -- [TRAJ_GUARD_BRAKE] trigger=emergency_stop_retry duration=0.400s speed0=0.000 initial_source=position_difference cmd_age=0.430s cmd_pos_err=0.000 cmd_vel_err=6.968 motion_speed=0.000 motion_dt=0.100s motion_pose_speed=0.000 motion_twist_speed=6.968 motion_disagreement=6.968 motion_source=position_difference motion_gen=10/10 motion_gen_continuous=true max_vel=0.000 vel_limit=7.000 max_acc=0.000 max_jerk=0.000 dynamics_ok=true path_status=SAFE map=44 map_age=0.029s raw_status=DISABLED raw_cloud=0 raw_age=0.000s ciri_shadow=DISABLED ciri_shadow_result=0 ciri_shadow_queued=0 ciri_shadow_age=infs stop=[21.757,10.035,0.975]
[perfect_drone_full_node-2] [38;2;000;128;000m -- [Fsm]: [TrajectoryGuard] change state from [EMER_STOP] to [EMER_STOP].
[perfect_drone_full_node-2] [0m[38;2;000;128;000m -- [Fsm]: [TrajectoryGuardRecovery] change state from [EMER_STOP] to [GENERATE_TRAJ].
[perfect_drone_full_node-2] [0m[32m -- [Fsm 5.460] Current state: GENERATE_TRAJ[0m
[perfect_drone_full_node-2] [32m -- [Fsm] Get goal at [0m24.525 20.025  1.525
[perfect_drone_full_node-2] [32m -- [Fsm] Receive click goal at: [24.525 20.025  1.525]; goal yaw: 0.000 deg[0m
[perfect_drone_full_node-2] [WARN] [1789030151.957115607] [fsm_node]:  -- [TRAJ_GUARD_RECOVERY_EPISODE_RESET] reason=horizontal_progress progress=5.613m threshold=2.000m prior_local=0 prior_vertical=0 prior_base=0
[perfect_drone_full_node-2] [INFO] [1789030151.988718369] [fsm_node]:  -- [OPTIMIZER_PHASE_MEMORY] optimizer=exp event=begin call=24 rss_mib=3315.406 swap_mib=0.000 variables=17 pieces=5
[perfect_drone_full_node-2] [INFO] [1789030151.992736635] [fsm_node]:  -- [OPTIMIZER_PHASE_MEMORY] optimizer=exp event=end call=24 duration_ms=4.072 iterations=342 ret=1 rss_mib=3315.406 swap_mib=0.000 rss_delta_mib=0.000
[perfect_drone_full_node-2] [INFO] [1789030151.992792157] [fsm_node]:  -- [SUPER] in [PlanFromRest] GenerateExpTrajectory SUCCESS.
[perfect_drone_full_node-2] Publish local map size: 45971
[perfect_drone_full_node-2] [INFO] [1789030152.073444365] [fsm_node]:  -- [OPTIMIZER_PHASE_MEMORY] optimizer=backup event=begin call=47 rss_mib=3315.406 swap_mib=0.000 variables=26 pieces=2
[perfect_drone_full_node-2] [INFO] [1789030152.089225885] [fsm_node]:  -- [OPTIMIZER_PHASE_MEMORY] optimizer=backup event=end call=47 duration_ms=15.817 iterations=1801 ret=1 rss_mib=3315.406 swap_mib=0.000 rss_delta_mib=0.000
[perfect_drone_full_node-2] [INFO] [1789030152.089393048] [fsm_node]:  -- [OPTIMIZER_PHASE_MEMORY] optimizer=backup event=begin call=48 rss_mib=3315.406 swap_mib=0.000 variables=26 pieces=2
[perfect_drone_full_node-2] [INFO] [1789030152.089818171] [fsm_node]:  -- [OPTIMIZER_PHASE_MEMORY] optimizer=backup event=end call=48 duration_ms=0.427 iterations=83 ret=1 rss_mib=3315.406 swap_mib=0.000 rss_delta_mib=0.000
[perfect_drone_full_node-2] [INFO] [1789030152.090192877] [fsm_node]:  -- [TRAJ_GUARD_COMMIT] phase=PlanFromRest/with_backup gen=11 map=45 samples=283 range=[0.133,1.535] escape=false footprint_egress=false escape_done_tt=-1.000
[perfect_drone_full_node-2] [INFO] [1789030152.090353871] [fsm_node]:  -- [TRAJ_GUARD_RECOVERY_SIGNAL] active=false
[perfect_drone_full_node-2] [INFO] [1789030152.090360551] [fsm_node]:  -- [TRAJ_GUARD_RECOVERED] trigger=emergency_stop_retry gen=11 map=44
[perfect_drone_full_node-2]  -- [TRAJ_GUARD_CERT] trigger=poly_publish status=SAFE gen=11 map=45 map_age=0.072s map_age_limit=0.550s motion_speed=0.000mps samples=282 range=[0.133,1.535] collision_tt=-1.000 ttc=-1.000 p=[0.000,0.000,0.000]
[perfect_drone_full_node-2] [38;2;000;128;000m -- [Fsm]: [MainFsmCallback] change state from [GENERATE_TRAJ] to [FOLLOW_TRAJ].
[perfect_drone_full_node-2] [0mPublish local map size: 45949
[perfect_drone_full_node-2]  -- [TRAJ_GUARD_CERT] trigger=main_pre status=SAFE gen=11 map=46 map_age=0.008s map_age_limit=0.550s motion_speed=0.989mps samples=275 range=[0.170,1.535] collision_tt=-1.000 ttc=-1.000 p=[0.000,0.000,0.000]
[perfect_drone_full_node-2] Publish local map size: 52581
[perfect_drone_full_node-2] [INFO] [1789030152.210026501] [fsm_node]:  -- [OPTIMIZER_PHASE_MEMORY] optimizer=exp event=begin call=25 rss_mib=3315.406 swap_mib=0.000 variables=17 pieces=5
[perfect_drone_full_node-2] [INFO] [1789030152.218735050] [fsm_node]:  -- [OPTIMIZER_PHASE_MEMORY] optimizer=exp event=end call=25 duration_ms=8.763 iterations=634 ret=1 rss_mib=3315.406 swap_mib=0.000 rss_delta_mib=0.000
[perfect_drone_full_node-2]  -- [TRAJ_GUARD_CERT] trigger=main_pre status=SAFE gen=11 map=47 map_age=0.005s map_age_limit=0.535s motion_speed=2.795mps samples=255 range=[0.270,1.535] collision_tt=-1.000 ttc=-1.000 p=[0.000,0.000,0.000]
[perfect_drone_full_node-2]  -- [MARSIM] Running FPS: 197.916757893922266
[perfect_drone_full_node-2] Publish local map size: 52018
[perfect_drone_full_node-2] [INFO] [1789030152.302330131] [fsm_node]:  -- [OPTIMIZER_PHASE_MEMORY] optimizer=backup event=begin call=49 rss_mib=3315.406 swap_mib=0.000 variables=34 pieces=2
[perfect_drone_full_node-2] [INFO] [1789030152.303298143] [fsm_node]:  -- [OPTIMIZER_PHASE_MEMORY] optimizer=backup event=end call=49 duration_ms=1.013 iterations=169 ret=1 rss_mib=3315.406 swap_mib=0.000 rss_delta_mib=0.000
[perfect_drone_full_node-2] [INFO] [1789030152.303405273] [fsm_node]:  -- [OPTIMIZER_PHASE_MEMORY] optimizer=backup event=begin call=50 rss_mib=3315.406 swap_mib=0.000 variables=34 pieces=2
[perfect_drone_full_node-2] [INFO] [1789030152.305023023] [fsm_node]:  -- [OPTIMIZER_PHASE_MEMORY] optimizer=backup event=end call=50 duration_ms=1.618 iterations=291 ret=1 rss_mib=3315.406 swap_mib=0.000 rss_delta_mib=0.000
[perfect_drone_full_node-2] [WARN] [1789030152.305057185] [fsm_node]:  -- [SUPER] in [ReplanOnce]: Replan overtime, check parameters, replan dt = 0.122024685.
[perfect_drone_full_node-2] [INFO] [1789030152.328116087] [fsm_node]:  -- [OPTIMIZER_PHASE_MEMORY] optimizer=exp event=begin call=26 rss_mib=3315.406 swap_mib=0.000 variables=17 pieces=5
[perfect_drone_full_node-2] [INFO] [1789030152.332610115] [fsm_node]:  -- [OPTIMIZER_PHASE_MEMORY] optimizer=exp event=end call=26 duration_ms=4.548 iterations=335 ret=1 rss_mib=3315.406 swap_mib=0.000 rss_delta_mib=0.000
[perfect_drone_full_node-2]  -- [TRAJ_GUARD_CERT] trigger=main_pre status=SAFE gen=11 map=48 map_age=0.005s map_age_limit=0.500s motion_speed=4.710mps samples=235 range=[0.370,1.535] collision_tt=-1.000 ttc=-1.000 p=[0.000,0.000,0.000]
[perfect_drone_full_node-2] Publish local map size: 49211
[perfect_drone_full_node-2] [INFO] [1789030152.421968944] [fsm_node]:  -- [OPTIMIZER_PHASE_MEMORY] optimizer=backup event=begin call=51 rss_mib=3315.508 swap_mib=0.000 variables=30 pieces=2
[perfect_drone_full_node-2] [INFO] [1789030152.449869584] [fsm_node]:  -- [OPTIMIZER_PHASE_MEMORY] optimizer=backup event=end call=51 duration_ms=27.933 iterations=2733 ret=1 rss_mib=3315.508 swap_mib=0.000 rss_delta_mib=0.000
[perfect_drone_full_node-2] [INFO] [1789030152.450030455] [fsm_node]:  -- [OPTIMIZER_PHASE_MEMORY] optimizer=backup event=begin call=52 rss_mib=3315.508 swap_mib=0.000 variables=30 pieces=2
[perfect_drone_full_node-2] [INFO] [1789030152.453793948] [fsm_node]:  -- [OPTIMIZER_PHASE_MEMORY] optimizer=backup event=end call=52 duration_ms=3.761 iterations=577 ret=1 rss_mib=3315.508 swap_mib=0.000 rss_delta_mib=0.000
[perfect_drone_full_node-2] [WARN] [1789030152.453844147] [fsm_node]:  -- [SUPER] in [ReplanOnce]: Replan overtime, check parameters, replan dt = 0.148632134.
[perfect_drone_full_node-2] [INFO] [1789030152.479708010] [fsm_node]:  -- [OPTIMIZER_PHASE_MEMORY] optimizer=exp event=begin call=27 rss_mib=3315.508 swap_mib=0.000 variables=17 pieces=5
[perfect_drone_full_node-2] [INFO] [1789030152.484926200] [fsm_node]:  -- [OPTIMIZER_PHASE_MEMORY] optimizer=exp event=end call=27 duration_ms=5.253 iterations=383 ret=1 rss_mib=3315.508 swap_mib=0.000 rss_delta_mib=0.000
[perfect_drone_full_node-2]  -- [TRAJ_GUARD_CERT] trigger=main_pre status=SAFE gen=11 map=49 map_age=0.006s map_age_limit=0.500s motion_speed=6.071mps samples=215 range=[0.470,1.535] collision_tt=-1.000 ttc=-1.000 p=[0.000,0.000,0.000]
[perfect_drone_full_node-2] Publish local map size: 46262
[perfect_drone_full_node-2]  -- [TRAJ_GUARD_CERT] trigger=main_pre status=SAFE gen=11 map=50 map_age=0.007s map_age_limit=0.500s motion_speed=6.737mps samples=195 range=[0.570,1.535] collision_tt=-1.000 ttc=-1.000 p=[0.000,0.000,0.000]
[perfect_drone_full_node-2] [32m -- [Fsm] Get goal at [0m24.525000000000002 20.025000000000002  1.525000000000000
[perfect_drone_full_node-2] [32m -- [Fsm] Receive click goal at: [24.525000000000002 20.025000000000002  1.525000000000000]; goal yaw: 0.000000000000000 deg[0m
[perfect_drone_full_node-2] [INFO] [1789030152.573218729] [fsm_node]:  -- [OPTIMIZER_PHASE_MEMORY] optimizer=backup event=begin call=53 rss_mib=3315.508 swap_mib=0.000 variables=42 pieces=2
[perfect_drone_full_node-2] [INFO] [1789030152.581043870] [fsm_node]:  -- [OPTIMIZER_PHASE_MEMORY] optimizer=backup event=end call=53 duration_ms=7.878 iterations=238 ret=1 rss_mib=3315.508 swap_mib=0.000 rss_delta_mib=0.000
[perfect_drone_full_node-2] [INFO] [1789030152.581329519] [fsm_node]:  -- [OPTIMIZER_PHASE_MEMORY] optimizer=backup event=begin call=54 rss_mib=3315.508 swap_mib=0.000 variables=42 pieces=2
[perfect_drone_full_node-2] Publish local map size: 47437
[perfect_drone_full_node-2] [INFO] [1789030152.602643769] [fsm_node]:  -- [OPTIMIZER_PHASE_MEMORY] optimizer=backup event=end call=54 duration_ms=21.294 iterations=633 ret=1 rss_mib=3315.508 swap_mib=0.000 rss_delta_mib=0.000
[perfect_drone_full_node-2] [WARN] [1789030152.602727041] [fsm_node]:  -- [SUPER] in [ReplanOnce]: Replan overtime, check parameters, replan dt = 0.148701423.
[perfect_drone_full_node-2] [INFO] [1789030152.648395067] [fsm_node]:  -- [OPTIMIZER_PHASE_MEMORY] optimizer=exp event=begin call=28 rss_mib=3315.508 swap_mib=0.000 variables=13 pieces=4
[perfect_drone_full_node-2] [INFO] [1789030152.651797515] [fsm_node]:  -- [OPTIMIZER_PHASE_MEMORY] optimizer=exp event=end call=28 duration_ms=3.473 iterations=315 ret=1 rss_mib=3315.508 swap_mib=0.000 rss_delta_mib=0.000
[perfect_drone_full_node-2]  -- [TRAJ_GUARD_CERT] trigger=main_pre status=SAFE gen=11 map=51 map_age=0.006s map_age_limit=0.500s motion_speed=6.943mps samples=175 range=[0.670,1.535] collision_tt=-1.000 ttc=-1.000 p=[0.000,0.000,0.000]
[perfect_drone_full_node-2] Publish local map size: 50672
[perfect_drone_full_node-2] [INFO] [1789030152.765794468] [fsm_node]:  -- [OPTIMIZER_PHASE_MEMORY] optimizer=backup event=begin call=55 rss_mib=3315.508 swap_mib=0.000 variables=42 pieces=2
[perfect_drone_full_node-2] [INFO] [1789030152.777115901] [fsm_node]:  -- [OPTIMIZER_PHASE_MEMORY] optimizer=backup event=end call=55 duration_ms=11.359 iterations=441 ret=1 rss_mib=3315.508 swap_mib=0.000 rss_delta_mib=0.000
[perfect_drone_full_node-2] [INFO] [1789030152.777335980] [fsm_node]:  -- [OPTIMIZER_PHASE_MEMORY] optimizer=backup event=begin call=56 rss_mib=3315.520 swap_mib=0.000 variables=42 pieces=2
[perfect_drone_full_node-2] [INFO] [1789030152.790450575] [fsm_node]:  -- [OPTIMIZER_PHASE_MEMORY] optimizer=backup event=end call=56 duration_ms=13.109 iterations=492 ret=1 rss_mib=3315.520 swap_mib=0.000 rss_delta_mib=0.000
[perfect_drone_full_node-2] [WARN] [1789030152.790496361] [fsm_node]:  -- [SUPER] in [ReplanOnce]: Replan overtime, check parameters, replan dt = 0.187627988.
[perfect_drone_full_node-2]  -- [TRAJ_GUARD_CERT] trigger=main_pre status=SAFE gen=11 map=52 map_age=0.002s map_age_limit=0.500s motion_speed=6.975mps samples=155 range=[0.770,1.535] collision_tt=-1.000 ttc=-1.000 p=[0.000,0.000,0.000]
[perfect_drone_full_node-2] Publish local map size: 45942
[perfect_drone_full_node-2] [INFO] [1789030152.839201796] [fsm_node]:  -- [OPTIMIZER_PHASE_MEMORY] optimizer=exp event=begin call=29 rss_mib=3315.520 swap_mib=0.000 variables=9 pieces=3
[perfect_drone_full_node-2] [INFO] [1789030152.841041450] [fsm_node]:  -- [OPTIMIZER_PHASE_MEMORY] optimizer=exp event=end call=29 duration_ms=1.910 iterations=212 ret=1 rss_mib=3315.520 swap_mib=0.000 rss_delta_mib=0.000
[perfect_drone_full_node-2]  -- [TRAJ_GUARD_CERT] trigger=main_pre status=SAFE gen=11 map=53 map_age=0.008s map_age_limit=0.500s motion_speed=6.999mps samples=133 range=[0.880,1.535] collision_tt=-1.000 ttc=-1.000 p=[0.000,0.000,0.000]
[perfect_drone_full_node-2] Publish local map size: 34355
[perfect_drone_full_node-2]  -- [TRAJ_GUARD_CERT] trigger=main_pre status=SAFE gen=11 map=54 map_age=0.011s map_age_limit=0.500s motion_speed=6.907mps samples=111 range=[0.990,1.535] collision_tt=-1.000 ttc=-1.000 p=[0.000,0.000,0.000]
[perfect_drone_full_node-2] [32m -- [Fsm 6.470] Current state: FOLLOW_TRAJ[0m
[perfect_drone_full_node-2] [INFO] [1789030152.976827039] [fsm_node]:  -- [OPTIMIZER_PHASE_MEMORY] optimizer=backup event=begin call=57 rss_mib=3315.520 swap_mib=0.000 variables=18 pieces=2
[perfect_drone_full_node-2] [INFO] [1789030152.980666219] [fsm_node]:  -- [OPTIMIZER_PHASE_MEMORY] optimizer=backup event=end call=57 duration_ms=3.893 iterations=573 ret=1 rss_mib=3315.520 swap_mib=0.000 rss_delta_mib=0.000
[perfect_drone_full_node-2] [INFO] [1789030152.980769597] [fsm_node]:  -- [OPTIMIZER_PHASE_MEMORY] optimizer=backup event=begin call=58 rss_mib=3315.520 swap_mib=0.000 variables=18 pieces=2
[perfect_drone_full_node-2] [INFO] [1789030152.982130441] [fsm_node]:  -- [OPTIMIZER_PHASE_MEMORY] optimizer=backup event=end call=58 duration_ms=1.362 iterations=233 ret=1 rss_mib=3315.520 swap_mib=0.000 rss_delta_mib=0.000
[perfect_drone_full_node-2] [WARN] [1789030152.982172741] [fsm_node]:  -- [SUPER] in [ReplanOnce]: Replan overtime, check parameters, replan dt = 0.191526728.
[perfect_drone_full_node-2] Publish local map size: 27861
[perfect_drone_full_node-2] [INFO] [1789030153.012369952] [fsm_node]:  -- [OPTIMIZER_PHASE_MEMORY] optimizer=exp event=begin call=30 rss_mib=3315.520 swap_mib=0.000 variables=9 pieces=3
[perfect_drone_full_node-2] [INFO] [1789030153.014742748] [fsm_node]:  -- [OPTIMIZER_PHASE_MEMORY] optimizer=exp event=end call=30 duration_ms=2.438 iterations=262 ret=1 rss_mib=3315.520 swap_mib=0.000 rss_delta_mib=0.000
[perfect_drone_full_node-2]  -- [TRAJ_GUARD_CERT] trigger=main_pre status=SAFE gen=11 map=55 map_age=0.008s map_age_limit=0.500s motion_speed=6.376mps samples=91 range=[1.090,1.535] collision_tt=-1.000 ttc=-1.000 p=[0.000,0.000,0.000]
[perfect_drone_full_node-2] Publish local map size: 39153
[perfect_drone_full_node-2] [WARN] [1789030153.124869543] [fsm_node]:  -- [SUPER] in [ReplanOnce]: Replan overtime, check parameters, replan dt = 0.142577478.
[perfect_drone_full_node-2] [INFO] [1789030153.152443955] [fsm_node]:  -- [OPTIMIZER_PHASE_MEMORY] optimizer=exp event=begin call=31 rss_mib=3315.520 swap_mib=0.000 variables=9 pieces=3
[perfect_drone_full_node-2] [INFO] [1789030153.153978389] [fsm_node]:  -- [OPTIMIZER_PHASE_MEMORY] optimizer=exp event=end call=31 duration_ms=1.603 iterations=179 ret=1 rss_mib=3315.520 swap_mib=0.000 rss_delta_mib=0.000
[perfect_drone_full_node-2] Publish local map size: 34084
[perfect_drone_full_node-2] [WARN] [1789030153.231299814] [fsm_node]:  -- [SUPER] in [ReplanOnce]: Replan overtime, check parameters, replan dt = 0.106264285.
[perfect_drone_full_node-2] [INFO] [1789030153.259211310] [fsm_node]:  -- [OPTIMIZER_PHASE_MEMORY] optimizer=exp event=begin call=32 rss_mib=3315.520 swap_mib=0.000 variables=9 pieces=3
[perfect_drone_full_node-2] [INFO] [1789030153.262792227] [fsm_node]:  -- [OPTIMIZER_PHASE_MEMORY] optimizer=exp event=end call=32 duration_ms=3.639 iterations=363 ret=1 rss_mib=3315.520 swap_mib=0.000 rss_delta_mib=0.000
[perfect_drone_full_node-2] Publish local map size: 29850
[perfect_drone_full_node-2] [WARN] [1789030153.324714265] [fsm_node]:  -- [SUPER] in [ReplanOnce]: Replan overtime, check parameters, replan dt = 0.093200791.
[perfect_drone_full_node-2] [INFO] [1789030153.349033592] [fsm_node]:  -- [OPTIMIZER_PHASE_MEMORY] optimizer=exp event=begin call=33 rss_mib=3315.520 swap_mib=0.000 variables=5 pieces=2
[perfect_drone_full_node-2] [INFO] [1789030153.349961424] [fsm_node]:  -- [OPTIMIZER_PHASE_MEMORY] optimizer=exp event=end call=33 duration_ms=0.988 iterations=150 ret=1 rss_mib=3315.520 swap_mib=0.000 rss_delta_mib=0.000
[perfect_drone_full_node-2] Publish local map size: 22909
[perfect_drone_full_node-2] [WARN] [1789030153.404031336] [fsm_node]:  -- [TRAJ_VELOCITY_SLOWDOWN] phase=ReplanOnce/no_backup gen=12 before=7.019827 after=6.993007 limit=7.000000 scale=1.003835
[perfect_drone_full_node-2] [INFO] [1789030153.404421539] [fsm_node]:  -- [TRAJ_GUARD_COMMIT] phase=ReplanOnce/no_backup gen=12 map=55 samples=248 range=[0.079,1.307] escape=false footprint_egress=false escape_done_tt=-1.000
[perfect_drone_full_node-2] [32m -- [Fsm] ReplanOnce succeed.[0m
[perfect_drone_full_node-2] [INFO] [1789030153.422791703] [fsm_node]:  -- [OPTIMIZER_PHASE_MEMORY] optimizer=exp event=begin call=34 rss_mib=3315.520 swap_mib=0.000 variables=9 pieces=3
[perfect_drone_full_node-2] [INFO] [1789030153.424248606] [fsm_node]:  -- [OPTIMIZER_PHASE_MEMORY] optimizer=exp event=end call=34 duration_ms=1.524 iterations=173 ret=1 rss_mib=3315.520 swap_mib=0.000 rss_delta_mib=0.000
[perfect_drone_full_node-2] [INFO] [1789030153.479221612] [fsm_node]:  -- [TRAJ_GUARD_COMMIT] phase=ReplanOnce/no_backup gen=13 map=55 samples=230 range=[0.074,1.212] escape=false footprint_egress=false escape_done_tt=-1.000
[perfect_drone_full_node-2]  -- [TRAJ_GUARD_CERT] trigger=poly_publish status=SAFE gen=12 map=55 map_age=0.365s map_age_limit=0.550s motion_speed=0.729mps samples=247 range=[0.080,1.307] collision_tt=-1.000 ttc=-1.000 p=[0.000,0.000,0.000]
[perfect_drone_full_node-2] [32m -- [Fsm] ReplanOnce succeed.[0m
[perfect_drone_full_node-2]  -- [TRAJ_GUARD_CERT] trigger=poly_publish status=SAFE gen=13 map=55 map_age=0.440s map_age_limit=0.550s motion_speed=0.039mps samples=229 range=[0.075,1.212] collision_tt=-1.000 ttc=-1.000 p=[0.000,0.000,0.000]
[perfect_drone_full_node-2] Publish local map size: 20150
[perfect_drone_full_node-2] [32m -- [Fsm] Get goal at [0m24.525000000000002 20.025000000000002  1.525000000000000
[perfect_drone_full_node-2] [32m -- [Fsm] Receive click goal at: [24.525000000000002 20.025000000000002  1.525000000000000]; goal yaw: 0.000000000000000 deg[0m
[perfect_drone_full_node-2] [INFO] [1789030153.597184771] [fsm_node]:  -- [TRAJ_GUARD_RECOVERY_SIGNAL] active=true
[perfect_drone_full_node-2] [ERROR] [1789030153.599934230] [fsm_node]:  -- [TRAJ_GUARD_BRAKE_REJECTED] trigger=main_pre_uncertified searched=[0.400,3.000]s speed0=0.752 initial_source=fresh_command cmd_age=0.010s cmd_pos_err=0.000 cmd_vel_err=inf motion_speed=inf motion_dt=infs motion_pose_speed=inf motion_twist_speed=0.752 motion_disagreement=inf motion_source=none motion_gen=13/10 motion_gen_continuous=false last_dynamics_ok=true max_vel=6.699 vel_limit=7.000 max_acc=13.823 max_jerk=18.925 last_path_status=UNOBSERVED last_map=55 map_age=0.561s raw_status=DISABLED raw_cloud=0 raw_age=0.000s ciri_shadow=DISABLED ciri_shadow_result=0 ciri_shadow_queued=0 ciri_shadow_age=infs; no brake command published
[perfect_drone_full_node-2]  -- [TRAJ_GUARD_CERT] trigger=main_pre status=MAP_STALE gen=13 map=55 map_age=0.558s map_age_limit=0.550s motion_speed=0.752mps samples=0 range=[0.000,0.000] collision_tt=-1.000 ttc=-1.000 p=[0.000,0.000,0.000]
[perfect_drone_full_node-2] [38;2;000;128;000m -- [Fsm]: [TrajectoryGuardFailClosed] change state from [FOLLOW_TRAJ] to [EMER_STOP].
[perfect_drone_full_node-2] [0mPublish local map size: 24172
[perfect_drone_full_node-2] [ERROR] [1789030153.607837653] [fsm_node]:  -- [TRAJ_GUARD_BRAKE_REJECTED] trigger=emergency_stop_retry searched=[0.400,3.000]s speed0=0.752 initial_source=fresh_command cmd_age=0.020s cmd_pos_err=0.000 cmd_vel_err=inf motion_speed=inf motion_dt=infs motion_pose_speed=inf motion_twist_speed=0.752 motion_disagreement=inf motion_source=none motion_gen=13/13 motion_gen_continuous=true last_dynamics_ok=true max_vel=6.699 vel_limit=7.000 max_acc=13.823 max_jerk=18.925 last_path_status=UNOBSERVED last_map=55 map_age=0.569s raw_status=DISABLED raw_cloud=0 raw_age=0.000s ciri_shadow=DISABLED ciri_shadow_result=0 ciri_shadow_queued=0 ciri_shadow_age=infs; no brake command published
[perfect_drone_full_node-2] Publish local map size: 24155
[perfect_drone_full_node-2] [ERROR] [1789030153.717033856] [fsm_node]:  -- [TRAJ_GUARD_BRAKE_REJECTED] trigger=emergency_stop_retry searched=[0.400,3.000]s speed0=0.000 initial_source=position_difference cmd_age=0.130s cmd_pos_err=0.000 cmd_vel_err=0.752 motion_speed=0.000 motion_dt=0.120s motion_pose_speed=0.000 motion_twist_speed=0.752 motion_disagreement=0.752 motion_source=position_difference motion_gen=13/13 motion_gen_continuous=true last_dynamics_ok=true max_vel=0.000 vel_limit=7.000 max_acc=0.000 max_jerk=0.000 last_path_status=UNOBSERVED last_map=56 map_age=0.075s raw_status=DISABLED raw_cloud=0 raw_age=infs ciri_shadow=DISABLED ciri_shadow_result=0 ciri_shadow_queued=0 ciri_shadow_age=infs; no brake command published
[perfect_drone_full_node-2] Publish local map size: 24160
[perfect_drone_full_node-2] [ERROR] [1789030153.817057026] [fsm_node]:  -- [TRAJ_GUARD_BRAKE_REJECTED] trigger=emergency_stop_retry searched=[0.400,3.000]s speed0=0.000 initial_source=position_difference cmd_age=0.230s cmd_pos_err=0.000 cmd_vel_err=0.752 motion_speed=0.000 motion_dt=0.100s motion_pose_speed=0.000 motion_twist_speed=0.752 motion_disagreement=0.752 motion_source=position_difference motion_gen=13/13 motion_gen_continuous=true last_dynamics_ok=true max_vel=0.000 vel_limit=7.000 max_acc=0.000 max_jerk=0.000 last_path_status=UNOBSERVED last_map=57 map_age=0.078s raw_status=DISABLED raw_cloud=0 raw_age=infs ciri_shadow=DISABLED ciri_shadow_result=0 ciri_shadow_queued=0 ciri_shadow_age=infs; no brake command published
[perfect_drone_full_node-2] Publish local map size: 24168
[perfect_drone_full_node-2] [ERROR] [1789030153.917060516] [fsm_node]:  -- [TRAJ_GUARD_BRAKE_REJECTED] trigger=emergency_stop_retry searched=[0.400,3.000]s speed0=0.000 initial_source=position_difference cmd_age=0.330s cmd_pos_err=0.000 cmd_vel_err=0.752 motion_speed=0.000 motion_dt=0.100s motion_pose_speed=0.000 motion_twist_speed=0.752 motion_disagreement=0.752 motion_source=position_difference motion_gen=13/13 motion_gen_continuous=true last_dynamics_ok=true max_vel=0.000 vel_limit=7.000 max_acc=0.000 max_jerk=0.000 last_path_status=UNOBSERVED last_map=58 map_age=0.079s raw_status=DISABLED raw_cloud=0 raw_age=infs ciri_shadow=DISABLED ciri_shadow_result=0 ciri_shadow_queued=0 ciri_shadow_age=infs; no brake command published
[perfect_drone_full_node-2] Publish local map size: 24163
[perfect_drone_full_node-2] [WARN] [1789030154.027042708] [fsm_node]:  -- [TRAJ_GUARD_STATIONARY_HOLD] trigger=emergency_stop_retry stable_for=0.310s displacement=0.000m action=publish_certified_hold
[perfect_drone_full_node-2] [ERROR] [1789030154.027108895] [fsm_node]:  -- [TRAJ_GUARD_BRAKE] trigger=emergency_stop_retry duration=0.400s speed0=0.000 initial_source=position_difference cmd_age=0.440s cmd_pos_err=0.000 cmd_vel_err=0.752 motion_speed=0.000 motion_dt=0.110s motion_pose_speed=0.000 motion_twist_speed=0.752 motion_disagreement=0.752 motion_source=position_difference motion_gen=13/13 motion_gen_continuous=true max_vel=0.000 vel_limit=7.000 max_acc=0.000 max_jerk=0.000 dynamics_ok=true path_status=SAFE map=59 map_age=0.091s raw_status=DISABLED raw_cloud=0 raw_age=0.000s ciri_shadow=DISABLED ciri_shadow_result=0 ciri_shadow_queued=0 ciri_shadow_age=infs stop=[22.661,16.633,1.120]
[perfect_drone_full_node-2] [38;2;000;128;000m -- [Fsm]: [TrajectoryGuard] change state from [EMER_STOP] to [EMER_STOP].
[perfect_drone_full_node-2] [0m[38;2;000;128;000m -- [Fsm]: [TrajectoryGuardRecovery] change state from [EMER_STOP] to [GENERATE_TRAJ].
[perfect_drone_full_node-2] [0m[32m -- [Fsm 7.540] Current state: GENERATE_TRAJ[0m
[perfect_drone_full_node-2] [WARN] [1789030154.036975918] [fsm_node]:  -- [TRAJ_GUARD_RECOVERY_EPISODE_RESET] reason=horizontal_progress progress=6.660m threshold=2.000m prior_local=0 prior_vertical=0 prior_base=0
[perfect_drone_full_node-2] [INFO] [1789030154.059076068] [fsm_node]:  -- [OPTIMIZER_PHASE_MEMORY] optimizer=exp event=begin call=35 rss_mib=3315.520 swap_mib=0.000 variables=5 pieces=2
[perfect_drone_full_node-2] [INFO] [1789030154.060212842] [fsm_node]:  -- [OPTIMIZER_PHASE_MEMORY] optimizer=exp event=end call=35 duration_ms=1.201 iterations=209 ret=1 rss_mib=3315.520 swap_mib=0.000 rss_delta_mib=0.000
[perfect_drone_full_node-2] [INFO] [1789030154.060259057] [fsm_node]:  -- [SUPER] in [PlanFromRest] GenerateExpTrajectory SUCCESS.
[perfect_drone_full_node-2] Publish local map size: 20088
[perfect_drone_full_node-2] [WARN] [1789030154.106991753] [fsm_node]:  -- [TRAJ_VELOCITY_SLOWDOWN] phase=PlanFromRest/no_backup gen=14 before=7.025068 after=6.993007 limit=7.000000 scale=1.004585
[perfect_drone_full_node-2] [INFO] [1789030154.107433817] [fsm_node]:  -- [TRAJ_GUARD_COMMIT] phase=PlanFromRest/no_backup gen=14 map=60 samples=232 range=[0.070,1.217] escape=false footprint_egress=false escape_done_tt=-1.000
[perfect_drone_full_node-2] [INFO] [1789030154.107666234] [fsm_node]:  -- [TRAJ_GUARD_RECOVERY_SIGNAL] active=false
[perfect_drone_full_node-2] [INFO] [1789030154.107682008] [fsm_node]:  -- [TRAJ_GUARD_RECOVERED] trigger=emergency_stop_retry gen=14 map=60
[perfect_drone_full_node-2]  -- [TRAJ_GUARD_CERT] trigger=poly_publish status=SAFE gen=14 map=60 map_age=0.074s map_age_limit=0.550s motion_speed=0.000mps samples=231 range=[0.070,1.217] collision_tt=-1.000 ttc=-1.000 p=[0.000,0.000,0.000]
[perfect_drone_full_node-2] [38;2;000;128;000m -- [Fsm]: [MainFsmCallback] change state from [GENERATE_TRAJ] to [FOLLOW_TRAJ].
[perfect_drone_full_node-2] [0m -- [TRAJ_GUARD_CERT] trigger=main_pre status=SAFE gen=14 map=61 map_age=0.004s map_age_limit=0.550s motion_speed=0.142mps samples=225 range=[0.100,1.217] collision_tt=-1.000 ttc=-1.000 p=[0.000,0.000,0.000]
[perfect_drone_full_node-2] Publish local map size: 22684
[perfect_drone_full_node-2] [INFO] [1789030154.243524254] [fsm_node]:  -- [OPTIMIZER_PHASE_MEMORY] optimizer=exp event=begin call=36 rss_mib=3315.520 swap_mib=0.000 variables=5 pieces=2
[perfect_drone_full_node-2] [INFO] [1789030154.244549600] [fsm_node]:  -- [OPTIMIZER_PHASE_MEMORY] optimizer=exp event=end call=36 duration_ms=1.061 iterations=141 ret=1 rss_mib=3315.520 swap_mib=0.000 rss_delta_mib=0.000
[perfect_drone_full_node-2] [INFO] [1789030154.292913536] [fsm_node]:  -- [TRAJ_GUARD_COMMIT] phase=ReplanOnce/no_backup gen=15 map=62 samples=194 range=[0.064,1.021] escape=false footprint_egress=false escape_done_tt=-1.000
[perfect_drone_full_node-2]  -- [TRAJ_GUARD_CERT] trigger=main_pre status=SAFE gen=14 map=62 map_age=0.013s map_age_limit=0.550s motion_speed=1.142mps samples=203 range=[0.210,1.217] collision_tt=-1.000 ttc=-1.000 p=[0.000,0.000,0.000]
[perfect_drone_full_node-2] [32m -- [Fsm] ReplanOnce succeed.[0m
[perfect_drone_full_node-2]  -- [TRAJ_GUARD_CERT] trigger=poly_publish status=SAFE gen=15 map=62 map_age=0.059s map_age_limit=0.550s motion_speed=1.918mps samples=193 range=[0.064,1.021] collision_tt=-1.000 ttc=-1.000 p=[0.000,0.000,0.000]
[perfect_drone_full_node-2]  -- [MARSIM] Running FPS: 189.491599344722857
[perfect_drone_full_node-2] Publish local map size: 24759
[perfect_drone_full_node-2] [INFO] [1789030154.310164886] [fsm_node]:  -- [OPTIMIZER_PHASE_MEMORY] optimizer=exp event=begin call=37 rss_mib=3315.520 swap_mib=0.000 variables=9 pieces=3
[perfect_drone_full_node-2] [INFO] [1789030154.311046145] [fsm_node]:  -- [OPTIMIZER_PHASE_MEMORY] optimizer=exp event=end call=37 duration_ms=0.937 iterations=102 ret=1 rss_mib=3315.520 swap_mib=0.000 rss_delta_mib=0.000
[perfect_drone_full_node-2] [INFO] [1789030154.361930652] [fsm_node]:  -- [TRAJ_GUARD_COMMIT] phase=ReplanOnce/no_backup gen=16 map=62 samples=178 range=[0.067,0.946] escape=false footprint_egress=false escape_done_tt=-1.000
[perfect_drone_full_node-2] [32m -- [Fsm] ReplanOnce succeed.[0m
[perfect_drone_full_node-2] [INFO] [1789030154.377615942] [fsm_node]:  -- [OPTIMIZER_PHASE_MEMORY] optimizer=exp event=begin call=38 rss_mib=3315.520 swap_mib=0.000 variables=9 pieces=3
[perfect_drone_full_node-2] [INFO] [1789030154.388270844] [fsm_node]:  -- [OPTIMIZER_PHASE_MEMORY] optimizer=exp event=end call=38 duration_ms=10.668 iterations=894 ret=1 rss_mib=3315.520 swap_mib=0.000 rss_delta_mib=0.000
[perfect_drone_full_node-2]  -- [TRAJ_GUARD_CERT] trigger=poly_publish status=SAFE gen=16 map=62 map_age=0.128s map_age_limit=0.515s motion_speed=3.209mps samples=177 range=[0.067,0.946] collision_tt=-1.000 ttc=-1.000 p=[0.000,0.000,0.000]
[perfect_drone_full_node-2]  -- [TRAJ_GUARD_CERT] trigger=main_pre status=SAFE gen=16 map=63 map_age=0.011s map_age_limit=0.505s motion_speed=3.400mps samples=174 range=[0.082,0.946] collision_tt=-1.000 ttc=-1.000 p=[0.000,0.000,0.000]
[perfect_drone_full_node-2] Publish local map size: 23603
[perfect_drone_full_node-2] [WARN] [1789030154.435007289] [fsm_node]:  -- [TRAJ_GUARD_VIABILITY_SLOWDOWN] phase=ReplanOnce/no_backup gen=17 scale=1.250 retries=1
[perfect_drone_full_node-2] [INFO] [1789030154.435073233] [fsm_node]:  -- [TRAJ_GUARD_COMMIT] phase=ReplanOnce/no_backup gen=17 map=63 samples=205 range=[0.073,1.083] escape=false footprint_egress=false escape_done_tt=-1.000
[perfect_drone_full_node-2] [32m -- [Fsm] ReplanOnce succeed.[0m
[perfect_drone_full_node-2] [INFO] [1789030154.448251111] [fsm_node]:  -- [OPTIMIZER_PHASE_MEMORY] optimizer=exp event=begin call=39 rss_mib=3315.520 swap_mib=0.000 variables=5 pieces=2
[perfect_drone_full_node-2] [INFO] [1789030154.448899675] [fsm_node]:  -- [OPTIMIZER_PHASE_MEMORY] optimizer=exp event=end call=39 duration_ms=0.724 iterations=90 ret=1 rss_mib=3315.520 swap_mib=0.000 rss_delta_mib=0.000
[perfect_drone_full_node-2] [INFO] [1789030154.491024428] [fsm_node]:  -- [TRAJ_GUARD_COMMIT] phase=ReplanOnce/no_backup gen=18 map=64 samples=168 range=[0.055,0.883] escape=false footprint_egress=false escape_done_tt=-1.000
[perfect_drone_full_node-2]  -- [TRAJ_GUARD_CERT] trigger=poly_publish status=SAFE gen=17 map=63 map_age=0.069s map_age_limit=0.500s motion_speed=4.494mps samples=204 range=[0.073,1.083] collision_tt=-1.000 ttc=-1.000 p=[0.000,0.000,0.000]
[perfect_drone_full_node-2]  -- [TRAJ_GUARD_CERT] trigger=main_pre status=SAFE gen=17 map=64 map_age=0.004s map_age_limit=0.500s motion_speed=3.526mps samples=201 range=[0.085,1.083] collision_tt=-1.000 ttc=-1.000 p=[0.000,0.000,0.000]
[perfect_drone_full_node-2] [32m -- [Fsm] ReplanOnce succeed.[0m
[perfect_drone_full_node-2]  -- [TRAJ_GUARD_CERT] trigger=poly_publish status=SAFE gen=18 map=64 map_age=0.048s map_age_limit=0.500s motion_speed=4.067mps samples=167 range=[0.056,0.883] collision_tt=-1.000 ttc=-1.000 p=[0.000,0.000,0.000]
[perfect_drone_full_node-2] Publish local map size: 20416
[perfect_drone_full_node-2] [INFO] [1789030154.506954590] [fsm_node]:  -- [OPTIMIZER_PHASE_MEMORY] optimizer=exp event=begin call=40 rss_mib=3315.520 swap_mib=0.000 variables=5 pieces=2
[perfect_drone_full_node-2] [INFO] [1789030154.507472429] [fsm_node]:  -- [OPTIMIZER_PHASE_MEMORY] optimizer=exp event=end call=40 duration_ms=0.602 iterations=66 ret=1 rss_mib=3315.520 swap_mib=0.000 rss_delta_mib=0.000
[perfect_drone_full_node-2] [INFO] [1789030154.544384378] [fsm_node]:  -- [TRAJ_GUARD_COMMIT] phase=ReplanOnce/no_backup gen=19 map=65 samples=158 range=[0.051,0.827] escape=false footprint_egress=false escape_done_tt=-1.000
[perfect_drone_full_node-2] [32m -- [Fsm] ReplanOnce succeed.[0m
[perfect_drone_full_node-2]  -- [TRAJ_GUARD_CERT] trigger=poly_publish status=SAFE gen=19 map=65 map_age=0.004s map_age_limit=0.500s motion_speed=4.554mps samples=157 range=[0.051,0.827] collision_tt=-1.000 ttc=-1.000 p=[0.000,0.000,0.000]
[perfect_drone_full_node-2] [32m -- [Fsm] Get goal at [0m24.525000000000002 20.025000000000002  1.525000000000000
[perfect_drone_full_node-2] [32m -- [Fsm] Receive click goal at: [24.525000000000002 20.025000000000002  1.525000000000000]; goal yaw: 0.000000000000000 deg[0m
[perfect_drone_full_node-2] [INFO] [1789030154.569620354] [fsm_node]:  -- [OPTIMIZER_PHASE_MEMORY] optimizer=exp event=begin call=41 rss_mib=3315.520 swap_mib=0.000 variables=5 pieces=2
[perfect_drone_full_node-2] [INFO] [1789030154.570401381] [fsm_node]:  -- [OPTIMIZER_PHASE_MEMORY] optimizer=exp event=end call=41 duration_ms=0.823 iterations=117 ret=1 rss_mib=3315.520 swap_mib=0.000 rss_delta_mib=0.000
[perfect_drone_full_node-2] Publish local map size: 18949
[perfect_drone_full_node-2] [INFO] [1789030154.603817773] [fsm_node]:  -- [TRAJ_GUARD_COMMIT] phase=ReplanOnce/no_backup gen=20 map=65 samples=145 range=[0.045,0.758] escape=false footprint_egress=false escape_done_tt=-1.000
[perfect_drone_full_node-2] [32m -- [Fsm] ReplanOnce succeed.[0m
[perfect_drone_full_node-2] [INFO] [1789030154.634827519] [fsm_node]:  -- [OPTIMIZER_PHASE_MEMORY] optimizer=exp event=begin call=42 rss_mib=3315.520 swap_mib=0.000 variables=5 pieces=2
[perfect_drone_full_node-2] [INFO] [1789030154.635294695] [fsm_node]:  -- [OPTIMIZER_PHASE_MEMORY] optimizer=exp event=end call=42 duration_ms=0.545 iterations=62 ret=1 rss_mib=3315.520 swap_mib=0.000 rss_delta_mib=0.000
[perfect_drone_full_node-2] [INFO] [1789030154.661131949] [fsm_node]:  -- [TRAJ_GUARD_COMMIT] phase=ReplanOnce/no_backup gen=21 map=66 samples=133 range=[0.036,0.691] escape=false footprint_egress=false escape_done_tt=-1.000
[perfect_drone_full_node-2]  -- [TRAJ_GUARD_CERT] trigger=poly_publish status=SAFE gen=20 map=65 map_age=0.063s map_age_limit=0.500s motion_speed=5.059mps samples=144 range=[0.045,0.758] collision_tt=-1.000 ttc=-1.000 p=[0.000,0.000,0.000]
[perfect_drone_full_node-2]  -- [TRAJ_GUARD_CERT] trigger=main_pre status=SAFE gen=20 map=66 map_age=0.008s map_age_limit=0.500s motion_speed=5.369mps samples=136 range=[0.088,0.758] collision_tt=-1.000 ttc=-1.000 p=[0.000,0.000,0.000]
[perfect_drone_full_node-2] [32m -- [Fsm] ReplanOnce succeed.[0m
[perfect_drone_full_node-2] [INFO] [1789030154.698630772] [fsm_node]:  -- [OPTIMIZER_PHASE_MEMORY] optimizer=exp event=begin call=43 rss_mib=3315.520 swap_mib=0.000 variables=5 pieces=2
[perfect_drone_full_node-2] [INFO] [1789030154.699512434] [fsm_node]:  -- [OPTIMIZER_PHASE_MEMORY] optimizer=exp event=end call=43 duration_ms=0.938 iterations=133 ret=1 rss_mib=3315.520 swap_mib=0.000 rss_delta_mib=0.000
[perfect_drone_full_node-2]  -- [TRAJ_GUARD_CERT] trigger=poly_publish status=SAFE gen=21 map=66 map_age=0.023s map_age_limit=0.500s motion_speed=5.514mps samples=132 range=[0.036,0.691] collision_tt=-1.000 ttc=-1.000 p=[0.000,0.000,0.000]
[perfect_drone_full_node-2] Publish local map size: 17811
[perfect_drone_full_node-2] [INFO] [1789030154.718440890] [fsm_node]:  -- [TRAJ_GUARD_COMMIT] phase=ReplanOnce/no_backup gen=22 map=66 samples=121 range=[0.027,0.621] escape=false footprint_egress=false escape_done_tt=-1.000
[perfect_drone_full_node-2] [32m -- [Fsm] ReplanOnce succeed.[0m
[perfect_drone_full_node-2] [INFO] [1789030154.762406262] [fsm_node]:  -- [OPTIMIZER_PHASE_MEMORY] optimizer=exp event=begin call=44 rss_mib=3315.520 swap_mib=0.000 variables=5 pieces=2
[perfect_drone_full_node-2] [INFO] [1789030154.763992158] [fsm_node]:  -- [OPTIMIZER_PHASE_MEMORY] optimizer=exp event=end call=44 duration_ms=1.658 iterations=232 ret=1 rss_mib=3315.520 swap_mib=0.000 rss_delta_mib=0.000
[perfect_drone_full_node-2] [INFO] [1789030154.777546629] [fsm_node]:  -- [TRAJ_GUARD_COMMIT] phase=ReplanOnce/no_backup gen=23 map=67 samples=129 range=[0.020,0.652] escape=false footprint_egress=false escape_done_tt=-1.000
[perfect_drone_full_node-2]  -- [TRAJ_GUARD_CERT] trigger=poly_publish status=SAFE gen=22 map=66 map_age=0.080s map_age_limit=0.500s motion_speed=5.871mps samples=120 range=[0.027,0.621] collision_tt=-1.000 ttc=-1.000 p=[0.000,0.000,0.000]
[perfect_drone_full_node-2]  -- [TRAJ_GUARD_CERT] trigger=main_pre status=SAFE gen=22 map=67 map_age=0.007s map_age_limit=0.500s motion_speed=5.952mps samples=115 range=[0.056,0.621] collision_tt=-1.000 ttc=-1.000 p=[0.000,0.000,0.000]
[perfect_drone_full_node-2] [32m -- [Fsm] ReplanOnce succeed.[0m
[perfect_drone_full_node-2]  -- [TRAJ_GUARD_CERT] trigger=poly_publish status=SAFE gen=23 map=67 map_age=0.038s map_age_limit=0.500s motion_speed=6.033mps samples=128 range=[0.021,0.652] collision_tt=-1.000 ttc=-1.000 p=[0.000,0.000,0.000]
[perfect_drone_full_node-2] Publish local map size: 17419
[perfect_drone_full_node-2] [INFO] [1789030154.827061189] [fsm_node]:  -- [OPTIMIZER_PHASE_MEMORY] optimizer=exp event=begin call=45 rss_mib=3315.520 swap_mib=0.000 variables=1 pieces=1
[perfect_drone_full_node-2] [INFO] [1789030154.827299697] [fsm_node]:  -- [OPTIMIZER_PHASE_MEMORY] optimizer=exp event=end call=45 duration_ms=0.301 iterations=21 ret=1 rss_mib=3315.520 swap_mib=0.000 rss_delta_mib=0.000
[perfect_drone_full_node-2] [WARN] [1789030154.827374297] [fsm_node]:  -- [ExpOpt] Opt failed, Omg or thr or Pos violation.
[perfect_drone_full_node-2] [WARN] [1789030154.827427825] [fsm_node]:  -- [SUPER] OptimizationExpTrajInPolytopes for new path failed
[perfect_drone_full_node-2] [WARN] [1789030154.827448058] [fsm_node]:  -- [SUPER] in [ReplanOnce]: GenerateExpTrajectory failed, force return
[perfect_drone_full_node-2] [33m -- [MINCO] TrajOpt failed, (unknown)[0m
[perfect_drone_full_node-2] [33m -- [SUPER] Minco exp_traj opt failed.[0m
[perfect_drone_full_node-2] [INFO] [1789030154.890505735] [fsm_node]:  -- [OPTIMIZER_PHASE_MEMORY] optimizer=exp event=begin call=46 rss_mib=3315.469 swap_mib=0.000 variables=1 pieces=1
[perfect_drone_full_node-2] [INFO] [1789030154.890755776] [fsm_node]:  -- [OPTIMIZER_PHASE_MEMORY] optimizer=exp event=end call=46 duration_ms=0.331 iterations=48 ret=1 rss_mib=3315.469 swap_mib=0.000 rss_delta_mib=0.000
[perfect_drone_full_node-2] [INFO] [1789030154.895076492] [fsm_node]:  -- [TRAJ_GUARD_COMMIT] phase=ReplanOnce/no_backup gen=24 map=68 samples=82 range=[0.006,0.405] escape=false footprint_egress=false escape_done_tt=-1.000
[perfect_drone_full_node-2]  -- [TRAJ_GUARD_CERT] trigger=main_pre status=SAFE gen=23 map=68 map_age=0.008s map_age_limit=0.500s motion_speed=5.921mps samples=114 range=[0.090,0.652] collision_tt=-1.000 ttc=-1.000 p=[0.000,0.000,0.000]
[perfect_drone_full_node-2] [32m -- [Fsm] ReplanOnce succeed.[0m
[perfect_drone_full_node-2]  -- [TRAJ_GUARD_CERT] trigger=poly_publish status=SAFE gen=24 map=68 map_age=0.056s map_age_limit=0.500s motion_speed=5.580mps samples=81 range=[0.006,0.405] collision_tt=-1.000 ttc=-1.000 p=[0.000,0.000,0.000]
[perfect_drone_full_node-2] Publish local map size: 20125
[perfect_drone_full_node-2] [INFO] [1789030154.958816049] [fsm_node]:  -- [TRAJ_GUARD_COMMIT] phase=ReplanOnce/no_backup gen=25 map=69 samples=70 range=[0.070,0.405] escape=false footprint_egress=false escape_done_tt=-1.000
[perfect_drone_full_node-2]  -- [TRAJ_GUARD_CERT] trigger=main_pre status=SAFE gen=24 map=69 map_age=0.005s map_age_limit=0.500s motion_speed=5.012mps samples=71 range=[0.058,0.405] collision_tt=-1.000 ttc=-1.000 p=[0.000,0.000,0.000]
[perfect_drone_full_node-2] [32m -- [Fsm] ReplanOnce succeed.[0m
[perfect_drone_full_node-2]  -- [TRAJ_GUARD_CERT] trigger=poly_publish status=SAFE gen=25 map=69 map_age=0.017s map_age_limit=0.500s motion_speed=4.725mps samples=69 range=[0.070,0.405] collision_tt=-1.000 ttc=-1.000 p=[0.000,0.000,0.000]
[perfect_drone_full_node-2] Publish local map size: 20738
[perfect_drone_full_node-2] [INFO] [1789030155.022641061] [fsm_node]:  -- [TRAJ_GUARD_COMMIT] phase=ReplanOnce/no_backup gen=26 map=69 samples=57 range=[0.133,0.405] escape=false footprint_egress=false escape_done_tt=-1.000
[perfect_drone_full_node-2] [32m -- [Fsm] ReplanOnce succeed.[0m
[perfect_drone_full_node-2]  -- [TRAJ_GUARD_CERT] trigger=poly_publish status=SAFE gen=26 map=69 map_age=0.081s map_age_limit=0.500s motion_speed=3.694mps samples=56 range=[0.134,0.405] collision_tt=-1.000 ttc=-1.000 p=[0.000,0.000,0.000]
[perfect_drone_full_node-2] [32m -- [Fsm 8.540] Current state: FOLLOW_TRAJ[0m
