[INFO] [launch]: All log files can be found below /root/.ros/log/2026-09-10-17-54-02-201113-livox-1942993
[INFO] [launch]: Default logging verbosity is set to INFO
[INFO] [waypoint_mission-1]: process started with pid [1942994]
[INFO] [perfect_drone_frontend_node-2]: process started with pid [1942996]
[INFO] [fsm_node-3]: process started with pid [1942998]
[waypoint_mission-1] [WARN] [1789030442.248811218] [waypoint_mission]:  -- [MissionPlanner] Load config by file name: /root/super_ws/src/SUPER/mission_planner/config/waypoint.yaml
[waypoint_mission-1] [WARN] [1789030442.248880262] [waypoint_mission]:  -- [MissionPlanner] Load data by file name: /root/super_ws/src/SUPER/mission_planner/data/blind_heading_fork.txt
[fsm_node-3]  -- [Bench] Use sim time is false, begin replay.
[fsm_node-3] Load config file: /root/super_ws/src/SUPER/super_planner/config/static_seedmaps_guard_viability_tight_v7_filtered_reliable.yaml
[fsm_node-3] [0;32m Load param fsm/timer_en success: [0;0m1
[fsm_node-3] [0;32m Load param super_planner/detailed_log_en success: [0;0m0
[fsm_node-3] [0;32m Load param super_planner/detailed_log_max_entries success: [0;0m64
[fsm_node-3] [0;32m Load param fsm/click_goal_en success: [0;0m1
[fsm_node-3] [0;32m Load param fsm/click_yaw_en success: [0;0m1
[fsm_node-3] [0;32m Load param fsm/replan_rate success: [0;0m15
[fsm_node-3] [0;32m Load param fsm/click_height success: [0;0m1.5
[fsm_node-3] [0;32m Load param fsm/cmd_topic success: [0;0m/planning/pos_cmd
[fsm_node-3] [0;32m Load param fsm/mpc_cmd_topic success: [0;0m/planning_cmd/poly_traj
[fsm_node-3] [0;32m Load param fsm/click_goal_topic success: [0;0m/planning/click_goal
[fsm_node-3] [0;32m Load param fsm/map_readiness/enable success: [0;0m1
[fsm_node-3] [0;32m Load param fsm/map_readiness/min_accepted_scans success: [0;0m5
[fsm_node-3] [0;32m Load param fsm/map_readiness/min_committed_scans success: [0;0m5
[fsm_node-3] [0;32m Load param fsm/map_readiness/max_commit_lag_scans success: [0;0m5
[fsm_node-3] [0;32m Load param fsm/map_readiness/min_scan_span_s success: [0;0m1
[fsm_node-3] [0;32m Load param fsm/map_readiness/max_cloud_age_s success: [0;0m0.75
[fsm_node-3] [0;32m Load param fsm/map_readiness/max_map_age_s success: [0;0m0.55
[fsm_node-3] [0;32m Load param fsm/trajectory_guard/enable success: [0;0m1
[fsm_node-3] [0;33m Load param fsm/trajectory_guard/same_map_replan_coalesce_enable failed, use default value: [0;0m0
[fsm_node-3] [0;33m Load param fsm/trajectory_guard/same_map_replan_min_interval_s failed, use default value: [0;0m0
[fsm_node-3] [0;32m Load param fsm/trajectory_guard/shadow success: [0;0m0
[fsm_node-3] [0;32m Load param fsm/trajectory_guard/max_map_age_s success: [0;0m0.75
[fsm_node-3] [0;32m Load param fsm/trajectory_guard/brake_trigger_map_age_s success: [0;0m0.55
[fsm_node-3] [0;32m Load param fsm/trajectory_guard/brake_trigger_high_speed_map_age_s success: [0;0m0.5
[fsm_node-3] [0;32m Load param fsm/trajectory_guard/brake_trigger_low_speed_mps success: [0;0m2.5
[fsm_node-3] [0;32m Load param fsm/trajectory_guard/brake_trigger_high_speed_mps success: [0;0m3.5
[fsm_node-3] [0;32m Load param fsm/trajectory_guard/full_refresh_ack_sla_s success: [0;0m0.75
[fsm_node-3] [0;32m Load param fsm/trajectory_guard/raw_cloud/enable success: [0;0m0
[fsm_node-3] [0;33m Load param fsm/trajectory_guard/raw_cloud/source_topic failed, use default value: [0;0m
[fsm_node-3] [0;32m Load param fsm/trajectory_guard/raw_cloud/max_age_s success: [0;0m0.75
[fsm_node-3] [0;32m Load param fsm/trajectory_guard/raw_cloud/clearance_m success: [0;0m0.3
[perfect_drone_frontend_node-2] [INFO] [1789030442.341206874] [native_sector_cpp]: sector mode, half-angle 45.0 deg, input /cloud_registered, publish cap 0.00 Hz, commit refresh 0.120 s, full-open extra budget 6000, guard witness disabled radius 0.00 m, direct input enabled, risk verdict disabled, body tier 0.000 m/0.150 s
[fsm_node-3] [0;32m Load param fsm/trajectory_guard/validation_sample_dt_s success: [0;0m0.005
[perfect_drone_frontend_node-2] [WARN] [1789030442.343509071] [perfect_tracking]:  -- [MissionPlanner] Load config by file name: /root/super_ws/src/SUPER/mars_uav_sim/perfect_drone_sim/config/shc5_asymmetric_offset_hazard.yaml
[fsm_node-3] [0;32m Load param fsm/trajectory_guard/shadow_min_interval_s success: [0;0m0
[fsm_node-3] [0;32m Load param fsm/trajectory_guard/additional_clearance_m success: [0;0m0
[fsm_node-3] [0;33m Load param fsm/trajectory_guard/brake_min_duration_s failed, use default value: [0;0m0.4
[fsm_node-3] [0;32m Load param fsm/trajectory_guard/brake_max_duration_s success: [0;0m3
[fsm_node-3] [0;32m Load param fsm/trajectory_guard/brake_max_acc_mps2 success: [0;0m20
[fsm_node-3] [0;32m Load param fsm/trajectory_guard/brake_max_jerk_mps3 success: [0;0m120
[fsm_node-3] [0;32m Load param fsm/trajectory_guard/brake_command_max_age_s success: [0;0m0.1
[fsm_node-3] [0;32m Load param fsm/trajectory_guard/brake_command_max_position_error_m success: [0;0m0.5
[fsm_node-3] [0;32m Load param fsm/trajectory_guard/brake_command_max_velocity_error_mps success: [0;0m2
[fsm_node-3] [0;32m Load param fsm/trajectory_guard/brake_retry_interval_s success: [0;0m0.1
[fsm_node-3] [0;32m Load param fsm/trajectory_guard/unknown_as_occupied success: [0;0m1
[fsm_node-3] [0;33m Load param fsm/trajectory_guard/raw_cloud/ciri_shadow_en failed, use default value: [0;0m0
[fsm_node-3] [0;33m Load param fsm/trajectory_guard/raw_cloud/accum_window_s failed, use default value: [0;0m1.5
[fsm_node-3] [0;33m Load param fsm/trajectory_guard/raw_cloud/ciri_min_points failed, use default value: [0;0m200
[fsm_node-3] [0;33m Load param fsm/trajectory_guard/raw_cloud/ciri_voxel_m failed, use default value: [0;0m0.1
[fsm_node-3] [0;33m Load param fsm/trajectory_guard/raw_cloud/near_field_shadow_en failed, use default value: [0;0m0
[fsm_node-3] [0;33m Load param fsm/trajectory_guard/raw_cloud/near_field_clearance_m failed, use default value: [0;0m0.2
[fsm_node-3] [0;33m Load param fsm/trajectory_guard/raw_cloud/near_field_horizon_s failed, use default value: [0;0m1
[fsm_node-3] [0;33m Load param fsm/trajectory_guard/raw_cloud/near_field_sample_dt_s failed, use default value: [0;0m0.01
[fsm_node-3] [0;33m Load param fsm/trajectory_guard/raw_cloud/near_field_min_interval_s failed, use default value: [0;0m0.1
[fsm_node-3] [0;33m Load param fsm/trajectory_guard/raw_cloud/near_field_min_points failed, use default value: [0;0m200
[fsm_node-3] [0;33m Load param fsm/trajectory_guard/raw_cloud/near_field_voxel_m failed, use default value: [0;0m0
[fsm_node-3] [0;33m Load param fsm/trajectory_guard/raw_cloud/near_field_test_replay_mode failed, use default value: [0;0m0
[fsm_node-3] [0;33m Load param fsm/trajectory_guard/raw_cloud/near_field_enforce_en failed, use default value: [0;0m0
[fsm_node-3] [0;33m Load param fsm/trajectory_guard/raw_cloud/near_field_result_max_age_s failed, use default value: [0;0m0.2
[fsm_node-3] [0;33m Load param fsm/trajectory_guard/raw_cloud/near_field_max_sequence_lag failed, use default value: [0;0m1
[fsm_node-3] [0;33m Load param fsm/trajectory_guard/raw_cloud/near_field_egress_tolerance_m failed, use default value: [0;0m0.005
[fsm_node-3] [0;33m Load param fsm/trajectory_guard/raw_cloud/near_field_egress_min_progress_m failed, use default value: [0;0m0.02
[fsm_node-3] [0;33m Load param fsm/trajectory_guard/frontend_risk/shadow_en failed, use default value: [0;0m0
[fsm_node-3] [0;33m Load param fsm/trajectory_guard/frontend_risk/enforce_en failed, use default value: [0;0m0
[fsm_node-3] [0;33m Load param fsm/trajectory_guard/frontend_risk/topic failed, use default value: [0;0m/planning/trajectory_risk_verdict
[fsm_node-3] [0;33m Load param fsm/trajectory_guard/frontend_risk/result_max_age_s failed, use default value: [0;0m0.2
[fsm_node-3] [0;33m Load param fsm/trajectory_guard/frontend_risk/source_max_age_s failed, use default value: [0;0m0.75
[fsm_node-3] [0;33m Load param fsm/trajectory_guard/frontend_risk/current_body_enforce_en failed, use default value: [0;0m0
[fsm_node-3] [0;33m Load param fsm/trajectory_guard/frontend_risk/current_body_result_max_age_s failed, use default value: [0;0m0.15
[fsm_node-3] [0;33m Load param fsm/trajectory_guard/frontend_risk/current_body_source_max_age_s failed, use default value: [0;0m0.2
[fsm_node-3] [0;32m Load param super_planner/yaw_dot_max success: [0;0m3
[fsm_node-3] [0;32m Load param super_planner/visualization_en success: [0;0m0
[fsm_node-3] [0;32m Load param rog_map/resolution success: [0;0m0.05
[fsm_node-3] Load config file: /root/super_ws/src/SUPER/super_planner/config/static_seedmaps_guard_viability_tight_v7_filtered_reliable.yaml
[fsm_node-3] [0;32m Load param rog_map/esdf/resolution success: [0;0m0.1
[fsm_node-3] [0;32m Load param rog_map/esdf/enable success: [0;0m0
[fsm_node-3] [0;32m Load param rog_map/esdf/local_update_box success: [0;0m[5 5 3 ]
[fsm_node-3] [0;32m Load param rog_map/load_pcd_en success: [0;0m0
[fsm_node-3] [0;32m Load param rog_map/map_sliding/enable success: [0;0m0
[fsm_node-3] [0;32m Load param rog_map/map_sliding/threshold success: [0;0m3
[fsm_node-3] [0;32m Load param rog_map/fix_map_origin success: [0;0m[0 0 1.5 ]
[fsm_node-3] [0;32m Load param rog_map/frontier_extraction_en success: [0;0m0
[fsm_node-3] [0;32m Load param rog_map/ros_callback/enable success: [0;0m1
[fsm_node-3] [0;32m Load param rog_map/ros_callback/cloud_topic success: [0;0m/cloud_sector
[fsm_node-3] [0;32m Load param rog_map/ros_callback/cloud_reliable success: [0;0m1
[fsm_node-3] [0;32m Load param rog_map/ros_callback/odom_topic success: [0;0m/lidar_slam/odom
[fsm_node-3] [0;32m Load param rog_map/ros_callback/odom_timeout success: [0;0m2
[fsm_node-3] [0;32m Load param rog_map/visualization/enable success: [0;0m0
[fsm_node-3] [0;32m Load param rog_map/visualization/use_dynamic_reconfigure success: [0;0m0
[fsm_node-3] [0;32m Load param rog_map/visualization/pub_unknown_map_en success: [0;0m0
[fsm_node-3] [0;32m Load param rog_map/visualization/frame_id success: [0;0mworld
[fsm_node-3] [0;32m Load param rog_map/visualization/time_rate success: [0;0m2
[fsm_node-3] [0;32m Load param rog_map/visualization/frame_rate success: [0;0m0
[fsm_node-3] [0;32m Load param rog_map/visualization/range success: [0;0m[15 15 4 ]
[fsm_node-3] [0;32m Load param rog_map/resolution success: [0;0m0.05
[fsm_node-3] [0;32m Load param rog_map/inflation_resolution success: [0;0m0.1
[fsm_node-3] [0;32m Load param rog_map/unk_inflation_en success: [0;0m0
[fsm_node-3] [0;32m Load param rog_map/unk_inflation_step success: [0;0m1
[fsm_node-3] [0;32m Load param rog_map/inflation_step success: [0;0m3
[fsm_node-3] [0;32m Load param rog_map/intensity_thresh success: [0;0m-10
[fsm_node-3] [0;32m Load param rog_map/map_size success: [0;0m[70 70 6 ]
[fsm_node-3] [0;32m Load param rog_map/point_filt_num success: [0;0m1
[fsm_node-3] [0;32m Load param rog_map/raycasting/enable success: [0;0m0
[fsm_node-3] [0;32m Load param rog_map/raycasting/batch_update_size success: [0;0m1
[fsm_node-3] [0;32m Load param rog_map/raycasting/unk_thresh success: [0;0m1
[fsm_node-3] [0;32m Load param rog_map/raycasting/p_hit success: [0;0m0.9
[fsm_node-3] [0;32m Load param rog_map/raycasting/p_miss success: [0;0m0.49
[fsm_node-3] [0;32m Load param rog_map/raycasting/p_min success: [0;0m0.12
[fsm_node-3] [0;32m Load param rog_map/raycasting/p_max success: [0;0m0.98
[fsm_node-3] [0;32m Load param rog_map/raycasting/p_occ success: [0;0m0.85
[fsm_node-3] [0;32m Load param rog_map/raycasting/p_free success: [0;0m0.499
[fsm_node-3] [0;32m Load param rog_map/raycasting/p_free success: [0;0m0.499
[fsm_node-3] [0;32m Load param rog_map/raycasting/ray_range success: [0;0m[0.5 100 ]
[fsm_node-3] [0;33m Load param rog_map/raycasting/observed_mark_range_max failed, use default value: [0;0m10
[fsm_node-3] [0;32m Load param rog_map/raycasting/local_update_box success: [0;0m[100 100 5 ]
[fsm_node-3] [0;32m Load param rog_map/virtual_ground_height success: [0;0m-0.1
[fsm_node-3] [0;32m Load param rog_map/virtual_ceil_height success: [0;0m3.5
[fsm_node-3] [32m -- [RM-Config] inflation_resolution: 0.1[0m
[fsm_node-3]  -- [ROG-Map] Init, resetMapSize: ORIGIN_AT_CORNER.
[fsm_node-3]  -- [ROG-Map] Init, resetMapSize: virtual_ceil_height: 3.1500000000000004, virtual_ground_height: 0.25.
[fsm_node-3] [34m	[ROG] n_free: 1[0m
[fsm_node-3] [34m	[ROG] n_occ: 1[0m
[fsm_node-3] [34m	[ROG] l_hit: 2.19722[0m
[fsm_node-3] [34m	[ROG] l_miss: -0.0400053[0m
[fsm_node-3] [34m	[ROG] l_min: -1.99243[0m
[fsm_node-3] [34m	[ROG] l_max: 3.89182[0m
[fsm_node-3] [34m	[ROG] l_occ: 1.7346[0m
[fsm_node-3] [34m	[ROG] l_free: -0.00399995[0m
[perfect_drone_frontend_node-2] Failed to find match for field 'intensity'.
[perfect_drone_frontend_node-2] [WARN] [1789030442.688163966] [perfect_tracking]: SENSOR_BURST_DROPOUT armed before every cloud transport: warmup=1.000s period=2.000s duration=0.500s phase=0.000s env_override=1
[perfect_drone_frontend_node-2] [INFO] [1789030442.688210871] [perfect_drone_frontend_config]: raw DDS disabled: renderer -> native front-end uses direct SharedPtr handoff
[fsm_node-3] [33m -- [Inf-Map] Clear all local map.[0m
[fsm_node-3] [32m -- [CounterMap] Init successfully -- .[0m
[fsm_node-3] [32m	resolution: 0.1[0m
[fsm_node-3] [32m	map_sliding_en: 0[0m
[fsm_node-3] [32m	local_map_size_i: 709 709  69[0m
[fsm_node-3] [32m	local_map_size_d: 70.9 70.9  6.9[0m
[fsm_node-3] [33m -- [Inf-Map] Clear all local map.[0m
[fsm_node-3] [32m -- [InfMap] Init successfully -- .[0m
[fsm_node-3] [32m	resolution: 0.1[0m
[fsm_node-3] [32m	map_sliding_en: 0[0m
[fsm_node-3] [32m	local_map_size_i: 709 709  69[0m
[fsm_node-3] [32m	local_map_size_d: 70.9 70.9  6.9[0m
[fsm_node-3] [ProbMap] virtual_ceil_height: 3.15
[fsm_node-3] [ProbMap] virtual_ground_height: 0.25
[fsm_node-3] [33m -- [ProbMap] Map sliding disabled, set origin to [  0   0 1.5] -- [0m
[fsm_node-3] [33m -- [Prob-Map] Clear all local map.[0m
[fsm_node-3] [32m -- [ProbMap] Init successfully -- .[0m
[fsm_node-3] [32m	resolution: 0.05[0m
[fsm_node-3] [32m	map_sliding_en: 0[0m
[fsm_node-3] [32m	local_map_size_i: 1401 1401  121[0m
[fsm_node-3] [32m	local_map_size_d: 70.05 70.05  6.05[0m
[fsm_node-3] [38;2;000;128;000m -- [ROGMap] Immutable planner snapshot enabled (fixed occupancy-only map).
[fsm_node-3] [0mLoad config file: /root/super_ws/src/SUPER/super_planner/config/static_seedmaps_guard_viability_tight_v7_filtered_reliable.yaml
[fsm_node-3] Load config file: /root/super_ws/src/SUPER/super_planner/config/static_seedmaps_guard_viability_tight_v7_filtered_reliable.yaml
[fsm_node-3] [0;32m Load param traj_opt/switch/print_optimizer_log success: [0;0m0
[fsm_node-3] [0;32m Load param traj_opt/flatness/mass success: [0;0m1.64
[fsm_node-3] [0;32m Load param traj_opt/flatness/dh success: [0;0m0.35
[fsm_node-3] [0;32m Load param traj_opt/flatness/dv success: [0;0m0.35
[fsm_node-3] [0;32m Load param traj_opt/flatness/grav success: [0;0m9.81
[fsm_node-3] [0;32m Load param traj_opt/flatness/cp success: [0;0m0.001
[fsm_node-3] [0;32m Load param traj_opt/flatness/v_eps success: [0;0m0.0001
[fsm_node-3] [0;32m Load param traj_opt/switch/save_log_en success: [0;0m0
[fsm_node-3] [0;32m Load param traj_opt/exp_traj/pos_constraint_type success: [0;0m1
[fsm_node-3] [0;33m Load param traj_opt/exp_traj/piece_num failed, use default value: [0;0m1
[fsm_node-3] [0;33m Load param traj_opt/exp_traj/uniform_time_en failed, use default value: [0;0m0
[fsm_node-3] [0;32m Load param traj_opt/exp_traj/block_energy_cost success: [0;0m0
[fsm_node-3] [0;32m Load param traj_opt/exp_traj/opt_accuracy success: [0;0m5e-06
[fsm_node-3] [0;33m Load param traj_opt/exp_traj/max_iterations failed, use default value: [0;0m2048
[fsm_node-3] [0;32m Load param traj_opt/exp_traj/integral_reso success: [0;0m15
[fsm_node-3] [0;32m Load param traj_opt/exp_traj/smooth_eps success: [0;0m0.01
[fsm_node-3] [0;32m Load param traj_opt/boundary/max_vel success: [0;0m7
[fsm_node-3] [0;32m Load param traj_opt/boundary/max_acc success: [0;0m20
[fsm_node-3] [0;32m Load param traj_opt/boundary/max_jerk success: [0;0m120
[fsm_node-3] [0;32m Load param traj_opt/boundary/max_omg success: [0;0m2.5
[fsm_node-3] [0;32m Load param traj_opt/boundary/max_acc_thr success: [0;0m17
[fsm_node-3] [0;32m Load param traj_opt/boundary/min_acc_thr success: [0;0m6
[fsm_node-3] [0;32m Load param traj_opt/boundary/penna_margin success: [0;0m0.05
[fsm_node-3] [0;33m Load param traj_opt/exp_traj/penna_scale failed, use default value: [0;0m-1
[fsm_node-3] [0;32m Load param traj_opt/exp_traj/penna_t success: [0;0m1e+07
[fsm_node-3] [0;33m Load param traj_opt/exp_traj/penna_ts failed, use default value: [0;0m-1
[fsm_node-3] [0;32m Load param traj_opt/exp_traj/penna_pos success: [0;0m5e+09
[fsm_node-3] [0;32m Load param traj_opt/exp_traj/penna_clr success: [0;0m1e+06
[fsm_node-3] [0;32m Load param traj_opt/exp_traj/clearance_margin success: [0;0m0.1
[fsm_node-3] [0;32m Load param traj_opt/exp_traj/clearance_speed_gate success: [0;0m1.5
[fsm_node-3] [0;32m Load param traj_opt/exp_traj/clearance_speed_transition success: [0;0m0.5
[fsm_node-3] [0;33m Load param traj_opt/exp_traj/penna_passage_center failed, use default value: [0;0m-1
[fsm_node-3] [0;33m Load param traj_opt/exp_traj/passage_center_max_width failed, use default value: [0;0m0
[fsm_node-3] [0;33m Load param traj_opt/exp_traj/passage_center_min_opposition_cos failed, use default value: [0;0m0.9
[fsm_node-3] [0;33m Load param traj_opt/exp_traj/passage_center_min_horizontal_normal failed, use default value: [0;0m0.8
[fsm_node-3] [0;33m Load param traj_opt/exp_traj/passage_center_deadband failed, use default value: [0;0m0.15
[fsm_node-3] [0;33m Load param traj_opt/exp_traj/passage_center_log_en failed, use default value: [0;0m0
[fsm_node-3] [0;32m Load param traj_opt/exp_traj/penna_vel success: [0;0m5e+08
[fsm_node-3] [0;32m Load param traj_opt/exp_traj/penna_acc success: [0;0m5e+08
[fsm_node-3] [0;32m Load param traj_opt/exp_traj/penna_jerk success: [0;0m-5e+08
[fsm_node-3] [0;32m Load param traj_opt/exp_traj/penna_attract success: [0;0m5e+08
[fsm_node-3] [0;32m Load param traj_opt/exp_traj/penna_omg success: [0;0m-1
[fsm_node-3] [0;32m Load param traj_opt/exp_traj/penna_thr success: [0;0m-1
[fsm_node-3] Load config file: /root/super_ws/src/SUPER/super_planner/config/static_seedmaps_guard_viability_tight_v7_filtered_reliable.yaml
[fsm_node-3] [0;32m Load param traj_opt/switch/print_optimizer_log success: [0;0m0
[fsm_node-3] [0;32m Load param traj_opt/flatness/mass success: [0;0m1.64
[fsm_node-3] [0;32m Load param traj_opt/flatness/dh success: [0;0m0.35
[fsm_node-3] [0;32m Load param traj_opt/flatness/dv success: [0;0m0.35
[fsm_node-3] [0;32m Load param traj_opt/flatness/grav success: [0;0m9.81
[fsm_node-3] [0;32m Load param traj_opt/flatness/cp success: [0;0m0.001
[fsm_node-3] [0;32m Load param traj_opt/flatness/v_eps success: [0;0m0.0001
[fsm_node-3] [0;32m Load param traj_opt/switch/save_log_en success: [0;0m0
[fsm_node-3] [0;32m Load param traj_opt/backup_traj/pos_constraint_type success: [0;0m2
[fsm_node-3] [0;32m Load param traj_opt/backup_traj/piece_num success: [0;0m2
[fsm_node-3] [0;32m Load param traj_opt/backup_traj/uniform_time_en success: [0;0m1
[fsm_node-3] [0;32m Load param traj_opt/backup_traj/block_energy_cost success: [0;0m1
[fsm_node-3] [0;32m Load param traj_opt/backup_traj/opt_accuracy success: [0;0m1e-05
[fsm_node-3] [0;33m Load param traj_opt/backup_traj/max_iterations failed, use default value: [0;0m2048
[fsm_node-3] [0;32m Load param traj_opt/backup_traj/integral_reso success: [0;0m12
[fsm_node-3] [0;32m Load param traj_opt/backup_traj/smooth_eps success: [0;0m0.01
[fsm_node-3] [0;32m Load param traj_opt/boundary/max_vel success: [0;0m7
[fsm_node-3] [0;32m Load param traj_opt/boundary/max_acc success: [0;0m20
[fsm_node-3] [0;32m Load param traj_opt/boundary/max_jerk success: [0;0m120
[fsm_node-3] [0;32m Load param traj_opt/boundary/max_omg success: [0;0m2.5
[fsm_node-3] [0;32m Load param traj_opt/boundary/max_acc_thr success: [0;0m17
[fsm_node-3] [0;32m Load param traj_opt/boundary/min_acc_thr success: [0;0m6
[fsm_node-3] [0;32m Load param traj_opt/boundary/penna_margin success: [0;0m0.05
[fsm_node-3] [0;33m Load param traj_opt/backup_traj/penna_scale failed, use default value: [0;0m-1
[fsm_node-3] [0;32m Load param traj_opt/backup_traj/penna_t success: [0;0m100
[fsm_node-3] [0;32m Load param traj_opt/backup_traj/penna_ts success: [0;0m1e+07
[fsm_node-3] [0;32m Load param traj_opt/backup_traj/penna_pos success: [0;0m1e+10
[fsm_node-3] [0;32m Load param traj_opt/backup_traj/penna_clr success: [0;0m1e+06
[fsm_node-3] [0;32m Load param traj_opt/backup_traj/clearance_margin success: [0;0m0.1
[fsm_node-3] [0;32m Load param traj_opt/backup_traj/clearance_speed_gate success: [0;0m1.5
[fsm_node-3] [0;32m Load param traj_opt/backup_traj/clearance_speed_transition success: [0;0m0.5
[fsm_node-3] [0;33m Load param traj_opt/backup_traj/penna_passage_center failed, use default value: [0;0m-1
[fsm_node-3] [0;33m Load param traj_opt/backup_traj/passage_center_max_width failed, use default value: [0;0m0
[fsm_node-3] [0;33m Load param traj_opt/backup_traj/passage_center_min_opposition_cos failed, use default value: [0;0m0.9
[fsm_node-3] [0;33m Load param traj_opt/backup_traj/passage_center_min_horizontal_normal failed, use default value: [0;0m0.8
[fsm_node-3] [0;33m Load param traj_opt/backup_traj/passage_center_deadband failed, use default value: [0;0m0.15
[fsm_node-3] [0;33m Load param traj_opt/backup_traj/passage_center_log_en failed, use default value: [0;0m0
[fsm_node-3] [0;32m Load param traj_opt/backup_traj/penna_vel success: [0;0m1e+08
[fsm_node-3] [0;32m Load param traj_opt/backup_traj/penna_acc success: [0;0m1e+08
[fsm_node-3] [0;32m Load param traj_opt/backup_traj/penna_jerk success: [0;0m-1e+06
[fsm_node-3] [0;33m Load param traj_opt/backup_traj/penna_attract failed, use default value: [0;0m-1
[fsm_node-3] [0;32m Load param traj_opt/backup_traj/penna_omg success: [0;0m-1
[fsm_node-3] [0;32m Load param traj_opt/backup_traj/penna_thr success: [0;0m-1
[fsm_node-3] [0;32m Load param super_planner/print_log success: [0;0m0
[fsm_node-3] [0;32m Load param super_planner/detailed_log_en success: [0;0m0
[fsm_node-3] [0;32m Load param super_planner/visualization_en success: [0;0m0
[fsm_node-3] [0;32m Load param super_planner/backup_traj_en success: [0;0m1
[fsm_node-3] [0;32m Load param super_planner/goal_vel_en success: [0;0m0
[fsm_node-3] [0;32m Load param super_planner/goal_yaw_en success: [0;0m0
[fsm_node-3] [0;32m Load param super_planner/visual_process success: [0;0m0
[fsm_node-3] [0;32m Load param super_planner/use_fov_cut success: [0;0m0
[fsm_node-3] [0;33m Load param super_planner/fov_horizontal_angle failed, use default value: [0;0m-1
[fsm_node-3] [0;33m Load param super_planner/fov_center_heading failed, use default value: [0;0m0
[fsm_node-3] [0;32m Load param super_planner/frontend_in_known_free success: [0;0m0
[fsm_node-3] [0;32m Load param fsm/trajectory_guard/enable success: [0;0m1
[fsm_node-3] [0;32m Load param fsm/trajectory_guard/shadow success: [0;0m0
[fsm_node-3] [0;32m Load param fsm/trajectory_guard/validation_sample_dt_s success: [0;0m0.005
[fsm_node-3] [0;32m Load param fsm/trajectory_guard/shadow_min_interval_s success: [0;0m0
[fsm_node-3] [0;32m Load param fsm/trajectory_guard/additional_clearance_m success: [0;0m0
[fsm_node-3] [0;32m Load param fsm/trajectory_guard/escape_max_duration_s success: [0;0m1
[fsm_node-3] [0;32m Load param fsm/trajectory_guard/unknown_as_occupied success: [0;0m1
[fsm_node-3] [0;32m Load param fsm/trajectory_guard/escape_entry_grace_s success: [0;0m0
[fsm_node-3] [0;32m Load param fsm/trajectory_guard/initial_footprint_egress_enable success: [0;0m1
[fsm_node-3] [0;32m Load param super_planner/safe_corridor_line_max_length success: [0;0m6
[fsm_node-3] [0;32m Load param super_planner/sensing_horizon success: [0;0m-1
[fsm_node-3] [0;32m Load param super_planner/obs_skip_num success: [0;0m2
[fsm_node-3] [0;32m Load param super_planner/replan_forward_dt success: [0;0m0.1
[fsm_node-3] [0;32m Load param super_planner/corridor_bound_dis success: [0;0m0.8
[fsm_node-3] [0;32m Load param super_planner/corridor_line_max_length success: [0;0m1
[fsm_node-3] [0;32m Load param super_planner/planning_horizon success: [0;0m7
[fsm_node-3] [0;32m Load param super_planner/receding_dis success: [0;0m1
[fsm_node-3] [0;32m Load param super_planner/robot_r success: [0;0m0.2
[fsm_node-3] [0;32m Load param super_planner/corridor_use_inflated_obstacles success: [0;0m0
[fsm_node-3] [0;32m Load param super_planner/corridor_use_inflated_seed_lines success: [0;0m0
[fsm_node-3] [0;32m Load param super_planner/corridor_guard_retry_inflated success: [0;0m1
[fsm_node-3] [0;32m Load param super_planner/guard_corridor_retry_alternate_every success: [0;0m4
[fsm_node-3] [0;32m Load param super_planner/guard_topology_reroute/enable success: [0;0m1
[fsm_node-3] [0;32m Load param super_planner/guard_topology_reroute/radius_m success: [0;0m0.8
[fsm_node-3] [0;32m Load param super_planner/guard_topology_reroute/growth_m success: [0;0m0
[fsm_node-3] [0;32m Load param super_planner/guard_topology_reroute/max_radius_m success: [0;0m0.8
[fsm_node-3] [0;32m Load param super_planner/guard_topology_reroute/max_zones success: [0;0m6
[fsm_node-3] [0;32m Load param super_planner/guard_topology_reroute/max_stop_speed_mps success: [0;0m0.2
[fsm_node-3] [0;32m Load param super_planner/guard_topology_reroute/escalate_every_rejects success: [0;0m3
[fsm_node-3] [0;32m Load param super_planner/guard_topology_reroute/collision_merge_m success: [0;0m0.5
[fsm_node-3] [0;32m Load param super_planner/guard_topology_reroute/start_clearance_m success: [0;0m0.3
[fsm_node-3] [0;32m Load param super_planner/guard_topology_reroute/block_spacing_m success: [0;0m1
[fsm_node-3] [0;32m Load param super_planner/guard_topology_reroute/direction_merge_angle_deg success: [0;0m30
[fsm_node-3] [0;32m Load param super_planner/guard_topology_reroute/no_path_reset_attempts success: [0;0m3
[fsm_node-3] [0;32m Load param super_planner/guard_topology_reroute/vertical_recovery_enable success: [0;0m1
[fsm_node-3] [0;32m Load param super_planner/guard_topology_reroute/vertical_recovery_lift_m success: [0;0m0.6
[fsm_node-3] [0;32m Load param super_planner/guard_topology_reroute/vertical_recovery_trigger_distance_m success: [0;0m0.75
[fsm_node-3] [0;32m Load param super_planner/guard_topology_reroute/local_escape_enable success: [0;0m1
[fsm_node-3] [0;32m Load param super_planner/guard_topology_reroute/local_escape_distance_m success: [0;0m0.6
[fsm_node-3] [0;32m Load param super_planner/guard_topology_reroute/local_escape_attempts success: [0;0m4
[fsm_node-3] [0;32m Load param super_planner/guard_topology_reroute/episode_progress_reset_m success: [0;0m2
[fsm_node-3] [0;32m Load param super_planner/guard_topology_reroute/saturation_vertical_attempts success: [0;0m1
[fsm_node-3] [0;32m Load param super_planner/guard_topology_reroute/base_no_path_vertical_attempts success: [0;0m1
[fsm_node-3] [0;32m Load param super_planner/guard_direct_goal_fallback/enable success: [0;0m1
[fsm_node-3] [0;32m Load param super_planner/guard_direct_goal_fallback/max_distance_m success: [0;0m3
[fsm_node-3] [0;32m Load param super_planner/guard_direct_goal_fallback/min_duration_s success: [0;0m1
[fsm_node-3] [0;32m Load param super_planner/guard_viability/enable success: [0;0m1
[fsm_node-3] [0;32m Load param super_planner/guard_viability/horizon_s success: [0;0m2
[fsm_node-3] [0;32m Load param super_planner/guard_viability/sample_dt_s success: [0;0m0.3
[fsm_node-3] [0;32m Load param super_planner/guard_viability/brake_max_acc_mps2 success: [0;0m20
[fsm_node-3] [0;32m Load param super_planner/guard_viability/brake_max_jerk_mps3 success: [0;0m120
[fsm_node-3] [0;32m Load param super_planner/guard_viability/brake_min_duration_s success: [0;0m0.4
[fsm_node-3] [0;32m Load param super_planner/guard_viability/brake_max_duration_s success: [0;0m3
[fsm_node-3] [0;32m Load param super_planner/guard_viability/brake_attempts success: [0;0m12
[fsm_node-3] [0;32m Load param super_planner/guard_viability/speed_scale_step success: [0;0m1.25
[fsm_node-3] [0;32m Load param super_planner/guard_viability/speed_scale_max success: [0;0m3
[fsm_node-3] [0;32m Load param super_planner/guard_viability/max_retries success: [0;0m4
[fsm_node-3] [0;32m Load param super_planner/corridor_min_margin success: [0;0m0.2
[fsm_node-3] [0;32m Load param super_planner/corridor_pref_margin success: [0;0m0.3
[fsm_node-3] [0;32m Load param super_planner/iris_iter_num success: [0;0m2
[fsm_node-3] [0;32m Load param super_planner/yaw_mode success: [0;0m1
[fsm_node-3] [0;32m Load param super_planner/mpc_horizon success: [0;0m15
[fsm_node-3] [0;32m Load param super_planner/yaw_dot_max success: [0;0m3
[fsm_node-3] [0;32m Load param rog_map/resolution success: [0;0m0.05
[fsm_node-3] [INFO] [1789030443.666569196] [fsm_node]:  -- [TRAJ_GUARD] mode=enforce sample_dt=0.0050s shadow_min_interval=0.000s inflation_radius=0.300m robot_r=0.200m additional_clearance=0.000m hard_clearance=0.300m clearance_offsets=0
[fsm_node-3] [38;2;050;205;050m -- [Viz] Set resolution_ to 0.05
[fsm_node-3] [0m[38;2;050;205;050m -- [Viz] Set visualization_en_ to false
[fsm_node-3] [0mLoad config file: /root/super_ws/src/SUPER/super_planner/config/static_seedmaps_guard_viability_tight_v7_filtered_reliable.yaml
[fsm_node-3] [0;32m Load param astar/map_voxel_num success: [0;0m[500 500 100 ]
[fsm_node-3] [0;32m Load param astar/allow_diag success: [0;0m1
[fsm_node-3] [0;32m Load param astar/debug_visualization_en success: [0;0m0
[fsm_node-3] [0;32m Load param astar/heu_type success: [0;0m2
[fsm_node-3] [0;32m Load param astar/visual_process success: [0;0m0
[fsm_node-3] [32m -- [RM] Init Astar-map.[0m
[fsm_node-3] [34m	map index size: 250 250  50[0m
[fsm_node-3] [34m	map vox_num: 501 501 101[0m
[fsm_node-3] [INFO] [1789030445.248012959] [fsm_node]:  -- [FULL_REFRESH_ACK_GATE] listening sla=0.750s
[fsm_node-3] [33m -- [Fsm] CLICKGOAL ENABLE.[0m
[fsm_node-3] [INFO] [1789030445.249594810] [fsm_node]: [32m -- [Fsm-Test] Begin.[0m
[fsm_node-3] [38;2;000;128;000m -- [Fsm]: [MainFsmCallback] change state from [INIT] to [WAIT_GOAL].
[fsm_node-3] [0m -- [Fsm] MAP_NOT_READY reason=accepted_count,committed_count,scan_span accepted=1 committed=1 version=1 lag=0 span=0.000s cloud_age=0.029s committed_cloud_age=0.029s commit_age=0.019s in_progress=false
[fsm_node-3] [32m -- [Fsm 1.010] Current state: WAIT_GOAL[0m
[fsm_node-3]  -- [Fsm] MAP_NOT_READY reason=scan_span accepted=7 committed=7 version=7 lag=0 span=0.542s cloud_age=0.497s committed_cloud_age=0.497s commit_age=0.492s in_progress=false
[fsm_node-3]  -- [Fsm] MAP_READY accepted=8 committed=7 version=7 lag=1 span=1.051s cloud_age=0.008s committed_cloud_age=0.517s commit_age=0.512s in_progress=true
[fsm_node-3] [32m -- [Fsm] Get goal at [0m24.525 20.025  1.525
[fsm_node-3] [32m -- [Fsm] Receive click goal at: [24.525 20.025  1.525]; goal yaw: 0.000 deg[0m
[fsm_node-3] [INFO] [1789030446.335950474] [fsm_node]:  -- [OPTIMIZER_PHASE_MEMORY] optimizer=exp event=begin call=1 rss_mib=3095.418 swap_mib=0.000 variables=17 pieces=5
[fsm_node-3] [INFO] [1789030446.345602066] [fsm_node]:  -- [OPTIMIZER_PHASE_MEMORY] optimizer=exp event=end call=1 duration_ms=9.712 iterations=614 ret=1 rss_mib=3095.480 swap_mib=0.000 rss_delta_mib=0.062
[fsm_node-3] [INFO] [1789030446.345671113] [fsm_node]:  -- [SUPER] in [PlanFromRest] GenerateExpTrajectory SUCCESS.
[fsm_node-3] [INFO] [1789030446.441138570] [fsm_node]:  -- [OPTIMIZER_PHASE_MEMORY] optimizer=backup event=begin call=1 rss_mib=3095.734 swap_mib=0.000 variables=18 pieces=2
[fsm_node-3] [INFO] [1789030446.442446293] [fsm_node]:  -- [OPTIMIZER_PHASE_MEMORY] optimizer=backup event=end call=1 duration_ms=1.373 iterations=265 ret=1 rss_mib=3095.770 swap_mib=0.000 rss_delta_mib=0.035
[fsm_node-3] [INFO] [1789030446.442527773] [fsm_node]:  -- [OPTIMIZER_PHASE_MEMORY] optimizer=backup event=begin call=2 rss_mib=3095.770 swap_mib=0.000 variables=18 pieces=2
[fsm_node-3] [INFO] [1789030446.443159798] [fsm_node]:  -- [OPTIMIZER_PHASE_MEMORY] optimizer=backup event=end call=2 duration_ms=0.632 iterations=126 ret=1 rss_mib=3095.770 swap_mib=0.000 rss_delta_mib=0.000
[fsm_node-3] [WARN] [1789030446.443968482] [fsm_node]:  -- [TRAJ_GUARD_VIABILITY_SLOWDOWN] phase=PlanFromRest/with_backup gen=1 scale=1.250 retries=1
[fsm_node-3] [INFO] [1789030446.443984205] [fsm_node]:  -- [TRAJ_GUARD_COMMIT] phase=PlanFromRest/with_backup gen=1 map=9 samples=626 range=[0.124,3.244] escape=false footprint_egress=false escape_done_tt=-1.000
[fsm_node-3] [INFO] [1789030446.585303090] [fsm_node]:  -- [OPTIMIZER_PHASE_MEMORY] optimizer=exp event=begin call=2 rss_mib=3096.430 swap_mib=0.000 variables=13 pieces=4
[fsm_node-3] [INFO] [1789030446.594770477] [fsm_node]:  -- [OPTIMIZER_PHASE_MEMORY] optimizer=exp event=end call=2 duration_ms=9.462 iterations=1065 ret=1 rss_mib=3096.551 swap_mib=0.000 rss_delta_mib=0.121
[fsm_node-3] [INFO] [1789030446.682321139] [fsm_node]:  -- [OPTIMIZER_PHASE_MEMORY] optimizer=backup event=begin call=3 rss_mib=3096.750 swap_mib=0.000 variables=18 pieces=2
[fsm_node-3] [INFO] [1789030446.699913107] [fsm_node]:  -- [OPTIMIZER_PHASE_MEMORY] optimizer=backup event=end call=3 duration_ms=17.597 iterations=2437 ret=1 rss_mib=3096.945 swap_mib=0.000 rss_delta_mib=0.195
[fsm_node-3] [INFO] [1789030446.700016249] [fsm_node]:  -- [OPTIMIZER_PHASE_MEMORY] optimizer=backup event=begin call=4 rss_mib=3096.957 swap_mib=0.000 variables=18 pieces=2
[fsm_node-3] [INFO] [1789030446.716879139] [fsm_node]:  -- [OPTIMIZER_PHASE_MEMORY] optimizer=backup event=end call=4 duration_ms=16.851 iterations=2315 ret=1 rss_mib=3097.000 swap_mib=0.000 rss_delta_mib=0.043
[fsm_node-3] [WARN] [1789030446.716928406] [fsm_node]:  -- [SUPER] in [ReplanOnce]: Replan overtime, check parameters, replan dt = 0.147315735.
[fsm_node-3] [INFO] [1789030446.732536288] [fsm_node]:  -- [OPTIMIZER_PHASE_MEMORY] optimizer=exp event=begin call=3 rss_mib=3097.000 swap_mib=0.000 variables=13 pieces=4
[fsm_node-3] [INFO] [1789030446.743022861] [fsm_node]:  -- [OPTIMIZER_PHASE_MEMORY] optimizer=exp event=end call=3 duration_ms=10.540 iterations=1026 ret=1 rss_mib=3097.008 swap_mib=0.000 rss_delta_mib=0.008
[fsm_node-3] [INFO] [1789030446.829794568] [fsm_node]:  -- [OPTIMIZER_PHASE_MEMORY] optimizer=backup event=begin call=5 rss_mib=3097.102 swap_mib=0.000 variables=18 pieces=2
[fsm_node-3] [INFO] [1789030446.830244637] [fsm_node]:  -- [OPTIMIZER_PHASE_MEMORY] optimizer=backup event=end call=5 duration_ms=0.487 iterations=81 ret=1 rss_mib=3097.125 swap_mib=0.000 rss_delta_mib=0.023
[fsm_node-3] [WARN] [1789030446.830250677] [fsm_node]:  -- [BackOpt] Opt failed, Omg or thr or Pos violation.
[fsm_node-3] [INFO] [1789030446.830294163] [fsm_node]:  -- [OPTIMIZER_PHASE_MEMORY] optimizer=backup event=begin call=6 rss_mib=3097.125 swap_mib=0.000 variables=18 pieces=2
[fsm_node-3] [38;2;000;128;000m -- [Fsm]: [MainFsmCallback] change state from [WAIT_GOAL] to [GENERATE_TRAJ].
[fsm_node-3] [0m -- [TRAJ_GUARD_CERT] trigger=poly_publish status=SAFE gen=1 map=9 map_age=0.042s map_age_limit=0.550s motion_speed=0.242mps samples=625 range=[0.124,3.244] collision_tt=-1.000 ttc=-1.000 p=[0.000,0.000,0.000]
[fsm_node-3] [38;2;000;128;000m -- [Fsm]: [MainFsmCallback] change state from [GENERATE_TRAJ] to [FOLLOW_TRAJ].
[fsm_node-3] [0m -- [TRAJ_GUARD_CERT] trigger=replan_post status=SAFE gen=1 map=10 map_age=0.003s map_age_limit=0.550s motion_speed=0.616mps samples=613 range=[0.184,3.244] collision_tt=-1.000 ttc=-1.000 p=[0.000,0.000,0.000]
[fsm_node-3]  -- [TRAJ_GUARD_CERT] trigger=main_pre status=SAFE gen=1 map=11 map_age=0.001s map_age_limit=0.550s motion_speed=1.549mps samples=594 range=[0.280,3.244] collision_tt=-1.000 ttc=-1.000 p=[0.000,0.000,0.000]
[fsm_node-3]  -- [TRAJ_GUARD_CERT] trigger=main_pre status=SAFE gen=1 map=12 map_age=0.010s map_age_limit=0.528s motion_speed=2.938mps samples=572 range=[0.390,3.244] collision_tt=-1.000 ttc=-1.000 p=[0.000,0.000,0.000]
[fsm_node-3]  -- [TRAJ_GUARD_CERT] trigger=main_pre status=SAFE gen=1 map=13 map_age=0.003s map_age_limit=0.500s motion_speed=4.190mps samples=550 range=[0.500,3.244] collision_tt=-1.000 ttc=-1.000 p=[0.000,0.000,0.000]
[fsm_node-3] [33m -- [MINCO] TrajOpt failed, (unknown)[0m
[fsm_node-3] [33m -- [SUPER] Minco backup_traj opt failed.[0m
[fsm_node-3] [INFO] [1789030446.830725967] [fsm_node]:  -- [OPTIMIZER_PHASE_MEMORY] optimizer=backup event=end call=6 duration_ms=0.432 iterations=94 ret=1 rss_mib=3097.137 swap_mib=0.000 rss_delta_mib=0.012
[fsm_node-3] [WARN] [1789030446.830768038] [fsm_node]:  -- [BackOpt] Opt failed, Omg or thr or Pos violation.
[fsm_node-3] [WARN] [1789030446.830774108] [fsm_node]:  -- [SUPER] OptimizationBakTrajInPolytopes failed, force return
[fsm_node-3] [WARN] [1789030446.830782397] [fsm_node]:  -- [SUPER] in [ReplanOnce]: Replan overtime, check parameters, replan dt = 0.113557792.
[fsm_node-3] [33m -- [MINCO] TrajOpt failed, (unknown)[0m
[fsm_node-3] [33m -- [SUPER] Minco backup_traj opt failed.[0m
[fsm_node-3] [INFO] [1789030446.849399612] [fsm_node]:  -- [OPTIMIZER_PHASE_MEMORY] optimizer=exp event=begin call=4 rss_mib=3097.137 swap_mib=0.000 variables=17 pieces=5
[fsm_node-3] [INFO] [1789030446.884668318] [fsm_node]:  -- [OPTIMIZER_PHASE_MEMORY] optimizer=exp event=end call=4 duration_ms=35.283 iterations=2675 ret=1 rss_mib=3097.145 swap_mib=0.000 rss_delta_mib=0.008
[fsm_node-3] [INFO] [1789030446.963365292] [fsm_node]:  -- [OPTIMIZER_PHASE_MEMORY] optimizer=backup event=begin call=7 rss_mib=3097.238 swap_mib=0.000 variables=18 pieces=2
[fsm_node-3] [INFO] [1789030446.974483965] [fsm_node]:  -- [OPTIMIZER_PHASE_MEMORY] optimizer=backup event=end call=7 duration_ms=11.128 iterations=1462 ret=1 rss_mib=3097.238 swap_mib=0.000 rss_delta_mib=0.000
[fsm_node-3] [INFO] [1789030446.974576380] [fsm_node]:  -- [OPTIMIZER_PHASE_MEMORY] optimizer=backup event=begin call=8 rss_mib=3097.250 swap_mib=0.000 variables=18 pieces=2
[fsm_node-3] [INFO] [1789030446.991113978] [fsm_node]:  -- [OPTIMIZER_PHASE_MEMORY] optimizer=backup event=end call=8 duration_ms=16.518 iterations=2095 ret=1 rss_mib=3097.250 swap_mib=0.000 rss_delta_mib=0.000
[fsm_node-3] [WARN] [1789030446.991160503] [fsm_node]:  -- [SUPER] in [ReplanOnce]: Replan overtime, check parameters, replan dt = 0.160205999.
[fsm_node-3] [INFO] [1789030447.008083609] [fsm_node]:  -- [OPTIMIZER_PHASE_MEMORY] optimizer=exp event=begin call=5 rss_mib=3097.375 swap_mib=0.000 variables=13 pieces=4
[fsm_node-3] [INFO] [1789030447.019606005] [fsm_node]:  -- [OPTIMIZER_PHASE_MEMORY] optimizer=exp event=end call=5 duration_ms=11.580 iterations=1070 ret=1 rss_mib=3097.387 swap_mib=0.000 rss_delta_mib=0.012
[fsm_node-3] [INFO] [1789030447.111687519] [fsm_node]:  -- [OPTIMIZER_PHASE_MEMORY] optimizer=backup event=begin call=9 rss_mib=3097.730 swap_mib=0.000 variables=18 pieces=2
[fsm_node-3] [INFO] [1789030447.112888036] [fsm_node]:  -- [OPTIMIZER_PHASE_MEMORY] optimizer=backup event=end call=9 duration_ms=1.231 iterations=304 ret=1 rss_mib=3097.742 swap_mib=0.000 rss_delta_mib=0.012
[fsm_node-3] [INFO] [1789030447.112945319] [fsm_node]:  -- [OPTIMIZER_PHASE_MEMORY] optimizer=backup event=begin call=10 rss_mib=3097.754 swap_mib=0.000 variables=18 pieces=2
[fsm_node-3] [INFO] [1789030447.116756773] [fsm_node]:  -- [OPTIMIZER_PHASE_MEMORY] optimizer=backup event=end call=10 duration_ms=3.811 iterations=635 ret=1 rss_mib=3097.754 swap_mib=0.000 rss_delta_mib=0.000
[fsm_node-3] [WARN] [1789030447.116780090] [fsm_node]:  -- [SUPER] in [ReplanOnce]: Replan overtime, check parameters, replan dt = 0.125376257.
[fsm_node-3] [INFO] [1789030447.132689685] [fsm_node]:  -- [OPTIMIZER_PHASE_MEMORY] optimizer=exp event=begin call=6 rss_mib=3097.754 swap_mib=0.000 variables=13 pieces=4
[fsm_node-3] [INFO] [1789030447.137525454] [fsm_node]:  -- [OPTIMIZER_PHASE_MEMORY] optimizer=exp event=end call=6 duration_ms=4.882 iterations=541 ret=1 rss_mib=3097.754 swap_mib=0.000 rss_delta_mib=0.000
[fsm_node-3] [INFO] [1789030447.202395959] [fsm_node]:  -- [OPTIMIZER_PHASE_MEMORY] optimizer=backup event=begin call=11 rss_mib=3098.000 swap_mib=0.000 variables=44 pieces=2
[fsm_node-3] [INFO] [1789030447.205572686] [fsm_node]:  -- [OPTIMIZER_PHASE_MEMORY] optimizer=backup event=end call=11 duration_ms=3.214 iterations=413 ret=1 rss_mib=3098.172 swap_mib=0.000 rss_delta_mib=0.172
[fsm_node-3] [INFO] [1789030447.205667134] [fsm_node]:  -- [OPTIMIZER_PHASE_MEMORY] optimizer=backup event=begin call=12 rss_mib=3098.172 swap_mib=0.000 variables=44 pieces=2
[fsm_node-3] [INFO] [1789030447.209191954] [fsm_node]:  -- [OPTIMIZER_PHASE_MEMORY] optimizer=backup event=end call=12 duration_ms=3.524 iterations=449 ret=1 rss_mib=3098.172 swap_mib=0.000 rss_delta_mib=0.000
[fsm_node-3] [WARN] [1789030447.209216548] [fsm_node]:  -- [SUPER] in [ReplanOnce]: Replan overtime, check parameters, replan dt = 0.092181692.
[fsm_node-3] [INFO] [1789030447.223190162] [fsm_node]:  -- [OPTIMIZER_PHASE_MEMORY] optimizer=exp event=begin call=7 rss_mib=3098.172 swap_mib=0.000 variables=13 pieces=4
[fsm_node-3] [INFO] [1789030447.226258355] [fsm_node]:  -- [OPTIMIZER_PHASE_MEMORY] optimizer=exp event=end call=7 duration_ms=3.113 iterations=338 ret=1 rss_mib=3098.172 swap_mib=0.000 rss_delta_mib=0.000
[fsm_node-3]  -- [TRAJ_GUARD_CERT] trigger=main_pre status=SAFE gen=1 map=14 map_age=0.009s map_age_limit=0.500s motion_speed=4.923mps samples=532 range=[0.590,3.244] collision_tt=-1.000 ttc=-1.000 p=[0.000,0.000,0.000]
[fsm_node-3]  -- [TRAJ_GUARD_CERT] trigger=main_pre status=SAFE gen=1 map=15 map_age=0.010s map_age_limit=0.500s motion_speed=5.394mps samples=512 range=[0.690,3.244] collision_tt=-1.000 ttc=-1.000 p=[0.000,0.000,0.000]
[fsm_node-3]  -- [TRAJ_GUARD_CERT] trigger=main_pre status=SAFE gen=1 map=16 map_age=0.002s map_age_limit=0.500s motion_speed=5.567mps samples=494 range=[0.780,3.244] collision_tt=-1.000 ttc=-1.000 p=[0.000,0.000,0.000]
[fsm_node-3]  -- [TRAJ_GUARD_CERT] trigger=main_pre status=SAFE gen=1 map=17 map_age=0.003s map_age_limit=0.500s motion_speed=5.599mps samples=474 range=[0.880,3.244] collision_tt=-1.000 ttc=-1.000 p=[0.000,0.000,0.000]
[fsm_node-3] [32m -- [Fsm 2.020] Current state: FOLLOW_TRAJ[0m
[fsm_node-3] [32m -- [Fsm] Get goal at [0m24.525 20.025  1.525
[fsm_node-3] [32m -- [Fsm] Receive click goal at: [24.525 20.025  1.525]; goal yaw: 0.000 deg[0m
[fsm_node-3] [INFO] [1789030447.297894807] [fsm_node]:  -- [OPTIMIZER_PHASE_MEMORY] optimizer=backup event=begin call=13 rss_mib=3099.312 swap_mib=0.000 variables=22 pieces=2
[fsm_node-3] [INFO] [1789030447.299662721] [fsm_node]:  -- [TRAJ_GUARD_RECOVERY_SIGNAL] active=true
[fsm_node-3] [ERROR] [1789030447.300690062] [fsm_node]:  -- [TRAJ_GUARD_BRAKE_REJECTED] trigger=main_pre_uncertified searched=[0.400,3.000]s speed0=5.582 initial_source=fresh_command cmd_age=0.010s cmd_pos_err=0.000 cmd_vel_err=inf motion_speed=inf motion_dt=infs motion_pose_speed=inf motion_twist_speed=5.582 motion_disagreement=inf motion_source=none motion_gen=1/0 motion_gen_continuous=false last_dynamics_ok=true max_vel=5.582 vel_limit=7.000 max_acc=3.298 max_jerk=5.649 last_path_status=UNOBSERVED last_map=18 map_age=0.004s raw_status=DISABLED raw_cloud=0 raw_age=0.000s ciri_shadow=DISABLED ciri_shadow_result=0 ciri_shadow_queued=0 ciri_shadow_age=infs; no brake command published
[fsm_node-3] [INFO] [1789030447.301151563] [fsm_node]:  -- [OPTIMIZER_PHASE_MEMORY] optimizer=backup event=end call=13 duration_ms=3.296 iterations=597 ret=1 rss_mib=3099.371 swap_mib=0.000 rss_delta_mib=0.059
[fsm_node-3] [INFO] [1789030447.301226743] [fsm_node]:  -- [OPTIMIZER_PHASE_MEMORY] optimizer=backup event=begin call=14 rss_mib=3099.383 swap_mib=0.000 variables=22 pieces=2
[fsm_node-3] [INFO] [1789030447.302908227] [fsm_node]:  -- [OPTIMIZER_PHASE_MEMORY] optimizer=backup event=end call=14 duration_ms=1.679 iterations=367 ret=1 rss_mib=3099.383 swap_mib=0.000 rss_delta_mib=0.000
[fsm_node-3] [WARN] [1789030447.302933743] [fsm_node]:  -- [SUPER] in [ReplanOnce]: Replan overtime, check parameters, replan dt = 0.093543341.
[fsm_node-3] [ERROR] [1789030447.309586922] [fsm_node]:  -- [TRAJ_GUARD_BRAKE_REJECTED] trigger=emergency_stop_retry searched=[0.400,3.000]s speed0=0.000 initial_source=position_difference cmd_age=0.020s cmd_pos_err=0.000 cmd_vel_err=5.582 motion_speed=0.000 motion_dt=0.010s motion_pose_speed=0.000 motion_twist_speed=5.582 motion_disagreement=5.582 motion_source=position_difference motion_gen=1/1 motion_gen_continuous=true last_dynamics_ok=true max_vel=0.000 vel_limit=7.000 max_acc=0.000 max_jerk=0.000 last_path_status=UNOBSERVED last_map=18 map_age=0.012s raw_status=DISABLED raw_cloud=0 raw_age=infs ciri_shadow=DISABLED ciri_shadow_result=0 ciri_shadow_queued=0 ciri_shadow_age=infs; no brake command published
[perfect_drone_frontend_node-2] [INFO] [1789030447.342670477] [native_sector_cpp]: frames=37 published=37 kept 31.1% (6530/21016 pts/input-frame)
[fsm_node-3] [ERROR] [1789030447.409708063] [fsm_node]:  -- [TRAJ_GUARD_BRAKE_REJECTED] trigger=emergency_stop_retry searched=[0.400,3.000]s speed0=0.000 initial_source=position_difference cmd_age=0.120s cmd_pos_err=0.000 cmd_vel_err=5.582 motion_speed=0.000 motion_dt=0.100s motion_pose_speed=0.000 motion_twist_speed=5.582 motion_disagreement=5.582 motion_source=position_difference motion_gen=1/1 motion_gen_continuous=true last_dynamics_ok=true max_vel=0.000 vel_limit=7.000 max_acc=0.000 max_jerk=0.000 last_path_status=UNOBSERVED last_map=19 map_age=0.008s raw_status=DISABLED raw_cloud=0 raw_age=infs ciri_shadow=DISABLED ciri_shadow_result=0 ciri_shadow_queued=0 ciri_shadow_age=infs; no brake command published
[fsm_node-3] [ERROR] [1789030447.519675902] [fsm_node]:  -- [TRAJ_GUARD_BRAKE_REJECTED] trigger=emergency_stop_retry searched=[0.400,3.000]s speed0=0.000 initial_source=position_difference cmd_age=0.230s cmd_pos_err=0.000 cmd_vel_err=5.582 motion_speed=0.000 motion_dt=0.110s motion_pose_speed=0.000 motion_twist_speed=5.582 motion_disagreement=5.582 motion_source=position_difference motion_gen=1/1 motion_gen_continuous=true last_dynamics_ok=true max_vel=0.000 vel_limit=7.000 max_acc=0.000 max_jerk=0.000 last_path_status=UNOBSERVED last_map=20 map_age=0.022s raw_status=DISABLED raw_cloud=0 raw_age=infs ciri_shadow=DISABLED ciri_shadow_result=0 ciri_shadow_queued=0 ciri_shadow_age=infs; no brake command published
[fsm_node-3] [WARN] [1789030447.619727974] [fsm_node]:  -- [TRAJ_GUARD_STATIONARY_HOLD] trigger=emergency_stop_retry stable_for=0.310s displacement=0.000m action=publish_certified_hold
[fsm_node-3] [ERROR] [1789030447.619910644] [fsm_node]:  -- [TRAJ_GUARD_BRAKE] trigger=emergency_stop_retry duration=0.400s speed0=0.000 initial_source=position_difference cmd_age=0.330s cmd_pos_err=0.000 cmd_vel_err=5.582 motion_speed=0.000 motion_dt=0.100s motion_pose_speed=0.000 motion_twist_speed=5.582 motion_disagreement=5.582 motion_source=position_difference motion_gen=1/1 motion_gen_continuous=true max_vel=0.000 vel_limit=7.000 max_acc=0.000 max_jerk=0.000 dynamics_ok=true path_status=SAFE map=21 map_age=0.018s raw_status=DISABLED raw_cloud=0 raw_age=0.000s ciri_shadow=DISABLED ciri_shadow_result=0 ciri_shadow_queued=0 ciri_shadow_age=infs stop=[25.003,3.292,1.404]
[fsm_node-3] [WARN] [1789030447.629574041] [fsm_node]:  -- [TRAJ_GUARD_RECOVERY_EPISODE_RESET] reason=horizontal_progress progress=3.330m threshold=2.000m prior_local=0 prior_vertical=0 prior_base=0
[fsm_node-3] [INFO] [1789030447.649401138] [fsm_node]:  -- [OPTIMIZER_PHASE_MEMORY] optimizer=exp event=begin call=8 rss_mib=3100.676 swap_mib=0.000 variables=17 pieces=5
[fsm_node-3] [INFO] [1789030447.669898515] [fsm_node]:  -- [OPTIMIZER_PHASE_MEMORY] optimizer=exp event=end call=8 duration_ms=20.516 iterations=1673 ret=1 rss_mib=3100.676 swap_mib=0.000 rss_delta_mib=0.000
[fsm_node-3] [INFO] [1789030447.669971716] [fsm_node]:  -- [SUPER] in [PlanFromRest] GenerateExpTrajectory SUCCESS.
[fsm_node-3] [INFO] [1789030447.679851572] [fsm_node]:  -- [OPTIMIZER_PHASE_MEMORY] optimizer=backup event=begin call=15 rss_mib=3100.676 swap_mib=0.000 variables=48 pieces=2
[fsm_node-3] [INFO] [1789030447.682573243] [fsm_node]:  -- [OPTIMIZER_PHASE_MEMORY] optimizer=backup event=end call=15 duration_ms=2.735 iterations=195 ret=1 rss_mib=3100.699 swap_mib=0.000 rss_delta_mib=0.023
[fsm_node-3] [INFO] [1789030447.682691578] [fsm_node]:  -- [OPTIMIZER_PHASE_MEMORY] optimizer=backup event=begin call=16 rss_mib=3100.699 swap_mib=0.000 variables=48 pieces=2
[fsm_node-3] [INFO] [1789030447.689091969] [fsm_node]:  -- [OPTIMIZER_PHASE_MEMORY] optimizer=backup event=end call=16 duration_ms=6.380 iterations=419 ret=1 rss_mib=3100.773 swap_mib=0.000 rss_delta_mib=0.074
[fsm_node-3] [INFO] [1789030447.689314735] [fsm_node]:  -- [TRAJ_GUARD_COMMIT] phase=PlanFromRest/with_backup gen=2 map=21 samples=141 range=[0.060,0.753] escape=false footprint_egress=false escape_done_tt=-1.000
[fsm_node-3] [INFO] [1789030447.689430408] [fsm_node]:  -- [TRAJ_GUARD_RECOVERY_SIGNAL] active=false
[fsm_node-3] [INFO] [1789030447.689435184] [fsm_node]:  -- [TRAJ_GUARD_RECOVERED] trigger=emergency_stop_retry gen=2 map=21
[perfect_drone_frontend_node-2] [INFO] [1789030447.691675682] [perfect_tracking]: [SENSOR_CADENCE_SUMMARY] frames=50 span_s=4.897753 hz=10.004587 raw_published=0 direct_handoffs=41 payload_bytes=29857440 side_entry_v1_enabled=0 side_entry_v1_spawned=0 side_entry_v1_injected_frames=0
[perfect_drone_frontend_node-2] [INFO] [1789030447.691736411] [perfect_tracking]: [SENSOR_BURST_DROPOUT_SUMMARY] enabled=1 warmup_s=1.000000 period_s=2.000000 duration_s=0.500000 phase_s=0.000000 phase_env_override=1 rendered=50 delivered=41 dropped=9 bursts=2 max_consecutive_dropped=5 max_delivered_gap_s=0.600836 dropped_payload_bytes=5436160
[fsm_node-3] [INFO] [1789030447.771448660] [fsm_node]:  -- [OPTIMIZER_PHASE_MEMORY] optimizer=exp event=begin call=9 rss_mib=3101.430 swap_mib=0.000 variables=17 pieces=5
[fsm_node-3] [INFO] [1789030447.781485767] [fsm_node]:  -- [OPTIMIZER_PHASE_MEMORY] optimizer=exp event=end call=9 duration_ms=10.080 iterations=837 ret=1 rss_mib=3101.430 swap_mib=0.000 rss_delta_mib=0.000
[fsm_node-3] [INFO] [1789030447.801546085] [fsm_node]:  -- [OPTIMIZER_PHASE_MEMORY] optimizer=backup event=begin call=17 rss_mib=3101.430 swap_mib=0.000 variables=62 pieces=2
[fsm_node-3] [INFO] [1789030447.821117477] [fsm_node]:  -- [OPTIMIZER_PHASE_MEMORY] optimizer=backup event=end call=17 duration_ms=19.551 iterations=360 ret=1 rss_mib=3101.438 swap_mib=0.000 rss_delta_mib=0.008
[fsm_node-3] [INFO] [1789030447.821935095] [fsm_node]:  -- [OPTIMIZER_PHASE_MEMORY] optimizer=backup event=begin call=18 rss_mib=3101.438 swap_mib=0.000 variables=62 pieces=2
[fsm_node-3] [INFO] [1789030447.836000076] [fsm_node]:  -- [OPTIMIZER_PHASE_MEMORY] optimizer=backup event=end call=18 duration_ms=14.043 iterations=243 ret=1 rss_mib=3101.516 swap_mib=0.000 rss_delta_mib=0.078
[fsm_node-3] [INFO] [1789030447.836252859] [fsm_node]:  -- [TRAJ_GUARD_COMMIT] phase=ReplanOnce/with_backup gen=3 map=23 samples=137 range=[0.078,0.753] escape=false footprint_egress=false escape_done_tt=-1.000
[fsm_node-3]  -- [TRAJ_GUARD_CERT] trigger=main_pre status=CLEARANCE_MARGIN gen=1 map=18 map_age=0.002s map_age_limit=0.500s motion_speed=5.582mps samples=454 range=[0.980,3.244] collision_tt=1.135 ttc=0.155 p=[25.034,4.207,1.506]
[fsm_node-3] [38;2;000;128;000m -- [Fsm]: [TrajectoryGuardFailClosed] change state from [FOLLOW_TRAJ] to [EMER_STOP].
[fsm_node-3] [0m[38;2;000;128;000m -- [Fsm]: [TrajectoryGuard] change state from [EMER_STOP] to [EMER_STOP].
[fsm_node-3] [0m[38;2;000;128;000m -- [Fsm]: [TrajectoryGuardRecovery] change state from [EMER_STOP] to [GENERATE_TRAJ].
[fsm_node-3] [0m -- [TRAJ_GUARD_CERT] trigger=poly_publish status=SAFE gen=2 map=21 map_age=0.088s map_age_limit=0.550s motion_speed=0.000mps samples=140 range=[0.060,0.753] collision_tt=-1.000 ttc=-1.000 p=[0.000,0.000,0.000]
[fsm_node-3] [38;2;000;128;000m -- [Fsm]: [MainFsmCallback] change state from [GENERATE_TRAJ] to [FOLLOW_TRAJ].
[fsm_node-3] [0m -- [TRAJ_GUARD_CERT] trigger=main_pre status=SAFE gen=2 map=22 map_age=0.002s map_age_limit=0.550s motion_speed=0.080mps samples=138 range=[0.070,0.753] collision_tt=-1.000 ttc=-1.000 p=[0.000,0.000,0.000]
[fsm_node-3]  -- [TRAJ_GUARD_CERT] trigger=main_pre status=SAFE gen=2 map=23 map_age=0.004s map_age_limit=0.550s motion_speed=0.989mps samples=118 range=[0.170,0.753] collision_tt=-1.000 ttc=-1.000 p=[0.000,0.000,0.000]
[fsm_node-3] [32m -- [Fsm] ReplanOnce succeed.[0m
[fsm_node-3] [INFO] [1789030447.854421277] [fsm_node]:  -- [OPTIMIZER_PHASE_MEMORY] optimizer=exp event=begin call=10 rss_mib=3101.516 swap_mib=0.000 variables=17 pieces=5
[fsm_node-3] [INFO] [1789030447.858361154] [fsm_node]:  -- [OPTIMIZER_PHASE_MEMORY] optimizer=exp event=end call=10 duration_ms=3.983 iterations=380 ret=1 rss_mib=3101.516 swap_mib=0.000 rss_delta_mib=0.000
[fsm_node-3] [INFO] [1789030447.877718531] [fsm_node]:  -- [OPTIMIZER_PHASE_MEMORY] optimizer=backup event=begin call=19 rss_mib=3101.516 swap_mib=0.000 variables=38 pieces=2
[fsm_node-3] [INFO] [1789030447.879201704] [fsm_node]:  -- [OPTIMIZER_PHASE_MEMORY] optimizer=backup event=end call=19 duration_ms=1.500 iterations=242 ret=1 rss_mib=3101.516 swap_mib=0.000 rss_delta_mib=0.000
[fsm_node-3] [INFO] [1789030447.879309554] [fsm_node]:  -- [OPTIMIZER_PHASE_MEMORY] optimizer=backup event=begin call=20 rss_mib=3101.516 swap_mib=0.000 variables=38 pieces=2
[fsm_node-3] [INFO] [1789030447.879848091] [fsm_node]:  -- [OPTIMIZER_PHASE_MEMORY] optimizer=backup event=end call=20 duration_ms=0.537 iterations=93 ret=1 rss_mib=3101.516 swap_mib=0.000 rss_delta_mib=0.000
[fsm_node-3] [INFO] [1789030447.880045100] [fsm_node]:  -- [TRAJ_GUARD_COMMIT] phase=ReplanOnce/with_backup gen=4 map=23 samples=155 range=[0.043,0.808] escape=false footprint_egress=false escape_done_tt=-1.000
[fsm_node-3]  -- [TRAJ_GUARD_CERT] trigger=poly_publish status=SAFE gen=3 map=23 map_age=0.041s map_age_limit=0.550s motion_speed=1.618mps samples=136 range=[0.079,0.753] collision_tt=-1.000 ttc=-1.000 p=[0.000,0.000,0.000]
[fsm_node-3] [32m -- [Fsm] ReplanOnce succeed.[0m
[fsm_node-3] [INFO] [1789030447.905369429] [fsm_node]:  -- [OPTIMIZER_PHASE_MEMORY] optimizer=exp event=begin call=11 rss_mib=3101.516 swap_mib=0.000 variables=17 pieces=5
[fsm_node-3] [INFO] [1789030447.918379841] [fsm_node]:  -- [OPTIMIZER_PHASE_MEMORY] optimizer=exp event=end call=11 duration_ms=13.048 iterations=1162 ret=1 rss_mib=3101.523 swap_mib=0.000 rss_delta_mib=0.008
[fsm_node-3] [INFO] [1789030447.946886627] [fsm_node]:  -- [OPTIMIZER_PHASE_MEMORY] optimizer=backup event=begin call=21 rss_mib=3101.570 swap_mib=0.000 variables=40 pieces=2
[fsm_node-3] [INFO] [1789030447.949591087] [fsm_node]:  -- [OPTIMIZER_PHASE_MEMORY] optimizer=backup event=end call=21 duration_ms=2.719 iterations=234 ret=1 rss_mib=3101.609 swap_mib=0.000 rss_delta_mib=0.039
[fsm_node-3] [INFO] [1789030447.949736437] [fsm_node]:  -- [OPTIMIZER_PHASE_MEMORY] optimizer=backup event=begin call=22 rss_mib=3101.621 swap_mib=0.000 variables=40 pieces=2
[fsm_node-3] [INFO] [1789030447.952725703] [fsm_node]:  -- [OPTIMIZER_PHASE_MEMORY] optimizer=backup event=end call=22 duration_ms=2.980 iterations=251 ret=1 rss_mib=3101.711 swap_mib=0.000 rss_delta_mib=0.090
[fsm_node-3] [INFO] [1789030447.952962809] [fsm_node]:  -- [TRAJ_GUARD_COMMIT] phase=ReplanOnce/with_backup gen=5 map=23 samples=165 range=[0.063,0.877] escape=false footprint_egress=false escape_done_tt=-1.000
[fsm_node-3]  -- [TRAJ_GUARD_CERT] trigger=poly_publish status=SAFE gen=4 map=23 map_age=0.085s map_age_limit=0.549s motion_speed=2.516mps samples=154 range=[0.043,0.808] collision_tt=-1.000 ttc=-1.000 p=[0.000,0.000,0.000]
[fsm_node-3] [32m -- [Fsm] ReplanOnce succeed.[0m
[fsm_node-3] [INFO] [1789030447.973836285] [fsm_node]:  -- [OPTIMIZER_PHASE_MEMORY] optimizer=exp event=begin call=12 rss_mib=3101.711 swap_mib=0.000 variables=13 pieces=4
[fsm_node-3] [INFO] [1789030447.985936514] [fsm_node]:  -- [OPTIMIZER_PHASE_MEMORY] optimizer=exp event=end call=12 duration_ms=12.125 iterations=1205 ret=1 rss_mib=3101.711 swap_mib=0.000 rss_delta_mib=0.000
[fsm_node-3] [INFO] [1789030448.009888052] [fsm_node]:  -- [OPTIMIZER_PHASE_MEMORY] optimizer=backup event=begin call=23 rss_mib=3101.711 swap_mib=0.000 variables=48 pieces=2
[fsm_node-3] [INFO] [1789030448.012744235] [fsm_node]:  -- [OPTIMIZER_PHASE_MEMORY] optimizer=backup event=end call=23 duration_ms=2.895 iterations=83 ret=1 rss_mib=3101.711 swap_mib=0.000 rss_delta_mib=0.000
[fsm_node-3] [INFO] [1789030448.013075426] [fsm_node]:  -- [OPTIMIZER_PHASE_MEMORY] optimizer=backup event=begin call=24 rss_mib=3101.711 swap_mib=0.000 variables=48 pieces=2
[fsm_node-3] [INFO] [1789030448.026995320] [fsm_node]:  -- [OPTIMIZER_PHASE_MEMORY] optimizer=backup event=end call=24 duration_ms=13.905 iterations=395 ret=1 rss_mib=3101.711 swap_mib=0.000 rss_delta_mib=0.000
[fsm_node-3] [INFO] [1789030448.027233680] [fsm_node]:  -- [TRAJ_GUARD_COMMIT] phase=ReplanOnce/with_backup gen=6 map=23 samples=149 range=[0.071,0.805] escape=false footprint_egress=false escape_done_tt=-1.000
[fsm_node-3]  -- [TRAJ_GUARD_CERT] trigger=poly_publish status=SAFE gen=5 map=23 map_age=0.158s map_age_limit=0.500s motion_speed=3.833mps samples=164 range=[0.063,0.877] collision_tt=-1.000 ttc=-1.000 p=[0.000,0.000,0.000]
[fsm_node-3] [32m -- [Fsm] ReplanOnce succeed.[0m
[fsm_node-3] [INFO] [1789030448.042555212] [fsm_node]:  -- [OPTIMIZER_PHASE_MEMORY] optimizer=exp event=begin call=13 rss_mib=3101.711 swap_mib=0.000 variables=17 pieces=5
[fsm_node-3] [INFO] [1789030448.088768715] [fsm_node]:  -- [OPTIMIZER_PHASE_MEMORY] optimizer=exp event=end call=13 duration_ms=46.203 iterations=3902 ret=1 rss_mib=3101.711 swap_mib=0.000 rss_delta_mib=0.000
[fsm_node-3] [INFO] [1789030448.125844748] [fsm_node]:  -- [OPTIMIZER_PHASE_MEMORY] optimizer=backup event=begin call=25 rss_mib=3101.711 swap_mib=0.000 variables=38 pieces=2
[fsm_node-3] [INFO] [1789030448.128870214] [fsm_node]:  -- [OPTIMIZER_PHASE_MEMORY] optimizer=backup event=end call=25 duration_ms=3.058 iterations=233 ret=1 rss_mib=3101.840 swap_mib=0.000 rss_delta_mib=0.129
[fsm_node-3] [INFO] [1789030448.129019049] [fsm_node]:  -- [OPTIMIZER_PHASE_MEMORY] optimizer=backup event=begin call=26 rss_mib=3101.840 swap_mib=0.000 variables=38 pieces=2
[fsm_node-3] [INFO] [1789030448.132482537] [fsm_node]:  -- [OPTIMIZER_PHASE_MEMORY] optimizer=backup event=end call=26 duration_ms=3.465 iterations=266 ret=1 rss_mib=3101.840 swap_mib=0.000 rss_delta_mib=0.000
[fsm_node-3] [WARN] [1789030448.132510070] [fsm_node]:  -- [SUPER] in [ReplanOnce]: Replan overtime, check parameters, replan dt = 0.104934798.
[fsm_node-3] [INFO] [1789030448.149143002] [fsm_node]:  -- [OPTIMIZER_PHASE_MEMORY] optimizer=exp event=begin call=14 rss_mib=3101.840 swap_mib=0.000 variables=17 pieces=5
[fsm_node-3] [INFO] [1789030448.156193110] [fsm_node]:  -- [OPTIMIZER_PHASE_MEMORY] optimizer=exp event=end call=14 duration_ms=7.087 iterations=636 ret=1 rss_mib=3101.840 swap_mib=0.000 rss_delta_mib=0.000
[fsm_node-3] [INFO] [1789030448.238900943] [fsm_node]:  -- [OPTIMIZER_PHASE_MEMORY] optimizer=backup event=begin call=27 rss_mib=3101.840 swap_mib=0.000 variables=22 pieces=2
[fsm_node-3] [INFO] [1789030448.240144530] [fsm_node]:  -- [OPTIMIZER_PHASE_MEMORY] optimizer=backup event=end call=27 duration_ms=1.281 iterations=298 ret=1 rss_mib=3101.840 swap_mib=0.000 rss_delta_mib=0.000
[fsm_node-3] [INFO] [1789030448.240219460] [fsm_node]:  -- [OPTIMIZER_PHASE_MEMORY] optimizer=backup event=begin call=28 rss_mib=3101.852 swap_mib=0.000 variables=22 pieces=2
[fsm_node-3] [INFO] [1789030448.241557887] [fsm_node]:  -- [OPTIMIZER_PHASE_MEMORY] optimizer=backup event=end call=28 duration_ms=1.339 iterations=332 ret=1 rss_mib=3101.852 swap_mib=0.000 rss_delta_mib=0.000
[fsm_node-3] [WARN] [1789030448.241584870] [fsm_node]:  -- [SUPER] in [ReplanOnce]: Replan overtime, check parameters, replan dt = 0.10880238.
[fsm_node-3]  -- [TRAJ_GUARD_CERT] trigger=poly_publish status=SAFE gen=6 map=23 map_age=0.232s map_age_limit=0.500s motion_speed=4.989mps samples=148 range=[0.072,0.805] collision_tt=-1.000 ttc=-1.000 p=[0.000,0.000,0.000]
[fsm_node-3] [32m -- [Fsm 3.030] Current state: FOLLOW_TRAJ[0m
[fsm_node-3] [32m -- [Fsm] Get goal at [0m24.525 20.025  1.525
[fsm_node-3] [32m -- [Fsm] Receive click goal at: [24.525 20.025  1.525]; goal yaw: 0.000 deg[0m
[fsm_node-3] [INFO] [1789030448.299573561] [fsm_node]:  -- [TRAJ_GUARD_RECOVERY_SIGNAL] active=true
[fsm_node-3] [ERROR] [1789030448.300804143] [fsm_node]:  -- [TRAJ_GUARD_BRAKE_REJECTED] trigger=main_pre_uncertified searched=[0.400,3.000]s speed0=6.551 initial_source=fresh_command cmd_age=0.010s cmd_pos_err=0.000 cmd_vel_err=inf motion_speed=inf motion_dt=infs motion_pose_speed=inf motion_twist_speed=6.551 motion_disagreement=inf motion_source=none motion_gen=6/1 motion_gen_continuous=false last_dynamics_ok=false max_vel=7.892 vel_limit=7.000 max_acc=0.000 max_jerk=0.000 last_path_status=UNOBSERVED last_map=23 map_age=0.505s raw_status=DISABLED raw_cloud=0 raw_age=0.000s ciri_shadow=DISABLED ciri_shadow_result=0 ciri_shadow_queued=0 ciri_shadow_age=infs; no brake command published
[fsm_node-3] [ERROR] [1789030448.309644571] [fsm_node]:  -- [TRAJ_GUARD_BRAKE_REJECTED] trigger=emergency_stop_retry searched=[0.400,3.000]s speed0=0.000 initial_source=position_difference cmd_age=0.020s cmd_pos_err=0.000 cmd_vel_err=6.551 motion_speed=0.000 motion_dt=0.010s motion_pose_speed=0.000 motion_twist_speed=6.551 motion_disagreement=6.551 motion_source=position_difference motion_gen=6/6 motion_gen_continuous=true last_dynamics_ok=true max_vel=0.000 vel_limit=7.000 max_acc=0.000 max_jerk=0.000 last_path_status=UNOBSERVED last_map=23 map_age=0.514s raw_status=DISABLED raw_cloud=0 raw_age=infs ciri_shadow=DISABLED ciri_shadow_result=0 ciri_shadow_queued=0 ciri_shadow_age=infs; no brake command published
[fsm_node-3] [ERROR] [1789030448.409734129] [fsm_node]:  -- [TRAJ_GUARD_BRAKE_REJECTED] trigger=emergency_stop_retry searched=[0.400,3.000]s speed0=0.000 initial_source=position_difference cmd_age=0.120s cmd_pos_err=0.000 cmd_vel_err=6.551 motion_speed=0.000 motion_dt=0.100s motion_pose_speed=0.000 motion_twist_speed=6.551 motion_disagreement=6.551 motion_source=position_difference motion_gen=6/6 motion_gen_continuous=true last_dynamics_ok=true max_vel=0.000 vel_limit=7.000 max_acc=0.000 max_jerk=0.000 last_path_status=UNOBSERVED last_map=24 map_age=0.085s raw_status=DISABLED raw_cloud=0 raw_age=infs ciri_shadow=DISABLED ciri_shadow_result=0 ciri_shadow_queued=0 ciri_shadow_age=infs; no brake command published
[fsm_node-3] [ERROR] [1789030448.519642844] [fsm_node]:  -- [TRAJ_GUARD_BRAKE_REJECTED] trigger=emergency_stop_retry searched=[0.400,3.000]s speed0=0.000 initial_source=position_difference cmd_age=0.230s cmd_pos_err=0.000 cmd_vel_err=6.551 motion_speed=0.000 motion_dt=0.110s motion_pose_speed=0.000 motion_twist_speed=6.551 motion_disagreement=6.551 motion_source=position_difference motion_gen=6/6 motion_gen_continuous=true last_dynamics_ok=true max_vel=0.000 vel_limit=7.000 max_acc=0.000 max_jerk=0.000 last_path_status=UNOBSERVED last_map=25 map_age=0.102s raw_status=DISABLED raw_cloud=0 raw_age=infs ciri_shadow=DISABLED ciri_shadow_result=0 ciri_shadow_queued=0 ciri_shadow_age=infs; no brake command published
[fsm_node-3] [WARN] [1789030448.629693762] [fsm_node]:  -- [TRAJ_GUARD_STATIONARY_HOLD] trigger=emergency_stop_retry stable_for=0.320s displacement=0.000m action=publish_certified_hold
[fsm_node-3] [ERROR] [1789030448.629772310] [fsm_node]:  -- [TRAJ_GUARD_BRAKE] trigger=emergency_stop_retry duration=0.400s speed0=0.000 initial_source=position_difference cmd_age=0.340s cmd_pos_err=0.000 cmd_vel_err=6.551 motion_speed=0.000 motion_dt=0.110s motion_pose_speed=0.000 motion_twist_speed=6.551 motion_disagreement=6.551 motion_source=position_difference motion_gen=6/6 motion_gen_continuous=true max_vel=0.000 vel_limit=7.000 max_acc=0.000 max_jerk=0.000 dynamics_ok=true path_status=SAFE map=27 map_age=0.010s raw_status=DISABLED raw_cloud=0 raw_age=0.000s ciri_shadow=DISABLED ciri_shadow_result=0 ciri_shadow_queued=0 ciri_shadow_age=infs stop=[26.156,4.853,2.684]
[fsm_node-3] [INFO] [1789030448.658643393] [fsm_node]:  -- [OPTIMIZER_PHASE_MEMORY] optimizer=exp event=begin call=15 rss_mib=3118.410 swap_mib=0.000 variables=17 pieces=5
[fsm_node-3] [INFO] [1789030448.662130354] [fsm_node]:  -- [OPTIMIZER_PHASE_MEMORY] optimizer=exp event=end call=15 duration_ms=3.548 iterations=365 ret=1 rss_mib=3118.410 swap_mib=0.000 rss_delta_mib=0.000
[fsm_node-3] [INFO] [1789030448.662181675] [fsm_node]:  -- [SUPER] in [PlanFromRest] GenerateExpTrajectory SUCCESS.
[fsm_node-3] [INFO] [1789030448.732608246] [fsm_node]:  -- [OPTIMIZER_PHASE_MEMORY] optimizer=backup event=begin call=29 rss_mib=3118.414 swap_mib=0.000 variables=52 pieces=2
[fsm_node-3] [INFO] [1789030448.739443409] [fsm_node]:  -- [OPTIMIZER_PHASE_MEMORY] optimizer=backup event=end call=29 duration_ms=6.884 iterations=672 ret=1 rss_mib=3118.422 swap_mib=0.000 rss_delta_mib=0.008
[fsm_node-3] [INFO] [1789030448.739570649] [fsm_node]:  -- [OPTIMIZER_PHASE_MEMORY] optimizer=backup event=begin call=30 rss_mib=3118.422 swap_mib=0.000 variables=52 pieces=2
[fsm_node-3] [INFO] [1789030448.753657560] [fsm_node]:  -- [OPTIMIZER_PHASE_MEMORY] optimizer=backup event=end call=30 duration_ms=14.071 iterations=1022 ret=1 rss_mib=3118.426 swap_mib=0.000 rss_delta_mib=0.004
[fsm_node-3] [INFO] [1789030448.753957556] [fsm_node]:  -- [TRAJ_GUARD_COMMIT] phase=PlanFromRest/with_backup gen=7 map=28 samples=282 range=[0.114,1.510] escape=false footprint_egress=false escape_done_tt=-1.000
[fsm_node-3] [INFO] [1789030448.754096177] [fsm_node]:  -- [TRAJ_GUARD_RECOVERY_SIGNAL] active=false
[fsm_node-3] [INFO] [1789030448.754101495] [fsm_node]:  -- [TRAJ_GUARD_RECOVERED] trigger=emergency_stop_retry gen=7 map=27
[fsm_node-3] [INFO] [1789030448.896531613] [fsm_node]:  -- [OPTIMIZER_PHASE_MEMORY] optimizer=exp event=begin call=16 rss_mib=3119.910 swap_mib=0.000 variables=17 pieces=5
[fsm_node-3] [INFO] [1789030448.902373820] [fsm_node]:  -- [OPTIMIZER_PHASE_MEMORY] optimizer=exp event=end call=16 duration_ms=5.900 iterations=553 ret=1 rss_mib=3119.910 swap_mib=0.000 rss_delta_mib=0.000
[fsm_node-3] [INFO] [1789030448.977917685] [fsm_node]:  -- [OPTIMIZER_PHASE_MEMORY] optimizer=backup event=begin call=31 rss_mib=3119.910 swap_mib=0.000 variables=30 pieces=2
[fsm_node-3] [INFO] [1789030448.980155584] [fsm_node]:  -- [OPTIMIZER_PHASE_MEMORY] optimizer=backup event=end call=31 duration_ms=2.282 iterations=443 ret=1 rss_mib=3119.910 swap_mib=0.000 rss_delta_mib=0.000
[fsm_node-3] [INFO] [1789030448.980225901] [fsm_node]:  -- [OPTIMIZER_PHASE_MEMORY] optimizer=backup event=begin call=32 rss_mib=3119.910 swap_mib=0.000 variables=30 pieces=2
[fsm_node-3] [INFO] [1789030448.983829223] [fsm_node]:  -- [OPTIMIZER_PHASE_MEMORY] optimizer=backup event=end call=32 duration_ms=3.603 iterations=639 ret=1 rss_mib=3119.910 swap_mib=0.000 rss_delta_mib=0.000
[fsm_node-3] [WARN] [1789030448.983918735] [fsm_node]:  -- [SUPER] in [ReplanOnce]: Replan overtime, check parameters, replan dt = 0.104355583.
[fsm_node-3] [INFO] [1789030449.003871699] [fsm_node]:  -- [OPTIMIZER_PHASE_MEMORY] optimizer=exp event=begin call=17 rss_mib=3119.910 swap_mib=0.000 variables=17 pieces=5
[fsm_node-3] [INFO] [1789030449.024758367] [fsm_node]:  -- [OPTIMIZER_PHASE_MEMORY] optimizer=exp event=end call=17 duration_ms=20.926 iterations=1801 ret=1 rss_mib=3120.879 swap_mib=0.000 rss_delta_mib=0.969
[fsm_node-3] [INFO] [1789030449.105407190] [fsm_node]:  -- [OPTIMIZER_PHASE_MEMORY] optimizer=backup event=begin call=33 rss_mib=3121.160 swap_mib=0.000 variables=18 pieces=2
[fsm_node-3] [INFO] [1789030449.106978668] [fsm_node]:  -- [OPTIMIZER_PHASE_MEMORY] optimizer=backup event=end call=33 duration_ms=1.628 iterations=407 ret=1 rss_mib=3121.160 swap_mib=0.000 rss_delta_mib=0.000
[fsm_node-3] [INFO] [1789030449.107039804] [fsm_node]:  -- [OPTIMIZER_PHASE_MEMORY] optimizer=backup event=begin call=34 rss_mib=3121.160 swap_mib=0.000 variables=18 pieces=2
[fsm_node-3] [INFO] [1789030449.108601137] [fsm_node]:  -- [OPTIMIZER_PHASE_MEMORY] optimizer=backup event=end call=34 duration_ms=1.562 iterations=368 ret=1 rss_mib=3121.160 swap_mib=0.000 rss_delta_mib=0.000
[fsm_node-3] [WARN] [1789030449.108627381] [fsm_node]:  -- [SUPER] in [ReplanOnce]: Replan overtime, check parameters, replan dt = 0.124522218.
[fsm_node-3] [INFO] [1789030449.129635120] [fsm_node]:  -- [OPTIMIZER_PHASE_MEMORY] optimizer=exp event=begin call=18 rss_mib=3121.160 swap_mib=0.000 variables=17 pieces=5
[fsm_node-3] [INFO] [1789030449.135761654] [fsm_node]:  -- [OPTIMIZER_PHASE_MEMORY] optimizer=exp event=end call=18 duration_ms=6.177 iterations=545 ret=1 rss_mib=3121.160 swap_mib=0.000 rss_delta_mib=0.000
[fsm_node-3] [INFO] [1789030449.217806567] [fsm_node]:  -- [OPTIMIZER_PHASE_MEMORY] optimizer=backup event=begin call=35 rss_mib=3121.160 swap_mib=0.000 variables=18 pieces=2
[fsm_node-3] [INFO] [1789030449.218539888] [fsm_node]:  -- [OPTIMIZER_PHASE_MEMORY] optimizer=backup event=end call=35 duration_ms=0.779 iterations=163 ret=1 rss_mib=3121.160 swap_mib=0.000 rss_delta_mib=0.000
[fsm_node-3] [INFO] [1789030449.218607841] [fsm_node]:  -- [OPTIMIZER_PHASE_MEMORY] optimizer=backup event=begin call=36 rss_mib=3121.160 swap_mib=0.000 variables=18 pieces=2
[fsm_node-3] [INFO] [1789030449.221217632] [fsm_node]:  -- [OPTIMIZER_PHASE_MEMORY] optimizer=backup event=end call=36 duration_ms=2.609 iterations=557 ret=1 rss_mib=3121.160 swap_mib=0.000 rss_delta_mib=0.000
[fsm_node-3] [WARN] [1789030449.221247706] [fsm_node]:  -- [SUPER] in [ReplanOnce]: Replan overtime, check parameters, replan dt = 0.112461491.
[fsm_node-3] [INFO] [1789030449.240021607] [fsm_node]:  -- [OPTIMIZER_PHASE_MEMORY] optimizer=exp event=begin call=19 rss_mib=3121.160 swap_mib=0.000 variables=17 pieces=5
[fsm_node-3] [INFO] [1789030449.254072946] [fsm_node]:  -- [OPTIMIZER_PHASE_MEMORY] optimizer=exp event=end call=19 duration_ms=14.077 iterations=1091 ret=1 rss_mib=3121.160 swap_mib=0.000 rss_delta_mib=0.000
[fsm_node-3]  -- [TRAJ_GUARD_CERT] trigger=main_pre status=MAP_STALE gen=6 map=23 map_age=0.504s map_age_limit=0.500s motion_speed=6.551mps samples=0 range=[0.000,0.000] collision_tt=-1.000 ttc=-1.000 p=[0.000,0.000,0.000]
[fsm_node-3] [38;2;000;128;000m -- [Fsm]: [TrajectoryGuardFailClosed] change state from [FOLLOW_TRAJ] to [EMER_STOP].
[fsm_node-3] [0m[38;2;000;128;000m -- [Fsm]: [TrajectoryGuard] change state from [EMER_STOP] to [EMER_STOP].
[fsm_node-3] [0m[38;2;000;128;000m -- [Fsm]: [TrajectoryGuardRecovery] change state from [EMER_STOP] to [GENERATE_TRAJ].
[fsm_node-3] [0m -- [TRAJ_GUARD_CERT] trigger=poly_publish status=SAFE gen=7 map=28 map_age=0.044s map_age_limit=0.550s motion_speed=0.000mps samples=281 range=[0.114,1.510] collision_tt=-1.000 ttc=-1.000 p=[0.000,0.000,0.000]
[fsm_node-3] [38;2;000;128;000m -- [Fsm]: [MainFsmCallback] change state from [GENERATE_TRAJ] to [FOLLOW_TRAJ].
[fsm_node-3] [0m -- [TRAJ_GUARD_CERT] trigger=main_pre status=SAFE gen=7 map=29 map_age=0.011s map_age_limit=0.550s motion_speed=1.228mps samples=266 range=[0.190,1.510] collision_tt=-1.000 ttc=-1.000 p=[0.000,0.000,0.000]
[fsm_node-3]  -- [TRAJ_GUARD_CERT] trigger=main_pre status=SAFE gen=7 map=30 map_age=0.005s map_age_limit=0.531s motion_speed=2.885mps samples=247 range=[0.280,1.510] collision_tt=-1.000 ttc=-1.000 p=[0.000,0.000,0.000]
[fsm_node-3]  -- [TRAJ_GUARD_CERT] trigger=main_pre status=SAFE gen=7 map=31 map_age=0.006s map_age_limit=0.500s motion_speed=4.810mps samples=227 range=[0.380,1.510] collision_tt=-1.000 ttc=-1.000 p=[0.000,0.000,0.000]
[fsm_node-3]  -- [TRAJ_GUARD_CERT] trigger=main_pre status=SAFE gen=7 map=32 map_age=0.005s map_age_limit=0.500s motion_speed=6.207mps samples=208 range=[0.480,1.510] collision_tt=-1.000 ttc=-1.000 p=[0.000,0.000,0.000]
[fsm_node-3]  -- [TRAJ_GUARD_CERT] trigger=main_pre status=SAFE gen=7 map=33 map_age=0.002s map_age_limit=0.500s motion_speed=6.837mps samples=190 range=[0.570,1.510] collision_tt=-1.000 ttc=-1.000 p=[0.000,0.000,0.000]
[fsm_node-3] [32m -- [Fsm] Get goal at [0m24.525000000000002 20.025000000000002  1.525000000000000
[fsm_node-3] [32m -- [Fsm] Receive click goal at: [24.525000000000002 20.025000000000002  1.525000000000000]; goal yaw: 0.000000000000000 deg[0m
[fsm_node-3] [32m -- [Fsm 4.040] Current state: FOLLOW_TRAJ[0m
[fsm_node-3] [INFO] [1789030449.335577132] [fsm_node]:  -- [OPTIMIZER_PHASE_MEMORY] optimizer=backup event=begin call=37 rss_mib=3121.160 swap_mib=0.000 variables=18 pieces=2
[fsm_node-3] [INFO] [1789030449.336283253] [fsm_node]:  -- [OPTIMIZER_PHASE_MEMORY] optimizer=backup event=end call=37 duration_ms=0.766 iterations=178 ret=1 rss_mib=3121.160 swap_mib=0.000 rss_delta_mib=0.000
[fsm_node-3] [INFO] [1789030449.336346555] [fsm_node]:  -- [OPTIMIZER_PHASE_MEMORY] optimizer=backup event=begin call=38 rss_mib=3121.160 swap_mib=0.000 variables=18 pieces=2
[fsm_node-3] [INFO] [1789030449.337635597] [fsm_node]:  -- [OPTIMIZER_PHASE_MEMORY] optimizer=backup event=end call=38 duration_ms=1.289 iterations=332 ret=1 rss_mib=3121.160 swap_mib=0.000 rss_delta_mib=0.000
[fsm_node-3] [WARN] [1789030449.337667577] [fsm_node]:  -- [SUPER] in [ReplanOnce]: Replan overtime, check parameters, replan dt = 0.116063373.
[fsm_node-3] [INFO] [1789030449.365694824] [fsm_node]:  -- [OPTIMIZER_PHASE_MEMORY] optimizer=exp event=begin call=20 rss_mib=3121.160 swap_mib=0.000 variables=17 pieces=5
[fsm_node-3] [INFO] [1789030449.398546404] [fsm_node]:  -- [OPTIMIZER_PHASE_MEMORY] optimizer=exp event=end call=20 duration_ms=32.888 iterations=2777 ret=1 rss_mib=3121.160 swap_mib=0.000 rss_delta_mib=0.000
[fsm_node-3] [INFO] [1789030449.485096731] [fsm_node]:  -- [OPTIMIZER_PHASE_MEMORY] optimizer=backup event=begin call=39 rss_mib=3121.160 swap_mib=0.000 variables=18 pieces=2
[fsm_node-3] [INFO] [1789030449.487164882] [fsm_node]:  -- [OPTIMIZER_PHASE_MEMORY] optimizer=backup event=end call=39 duration_ms=2.120 iterations=564 ret=1 rss_mib=3121.160 swap_mib=0.000 rss_delta_mib=0.000
[fsm_node-3] [INFO] [1789030449.487226673] [fsm_node]:  -- [OPTIMIZER_PHASE_MEMORY] optimizer=backup event=begin call=40 rss_mib=3121.160 swap_mib=0.000 variables=18 pieces=2
[fsm_node-3] [INFO] [1789030449.489053702] [fsm_node]:  -- [OPTIMIZER_PHASE_MEMORY] optimizer=backup event=end call=40 duration_ms=1.820 iterations=479 ret=1 rss_mib=3121.160 swap_mib=0.000 rss_delta_mib=0.000
[fsm_node-3] [WARN] [1789030449.489089477] [fsm_node]:  -- [SUPER] in [ReplanOnce]: Replan overtime, check parameters, replan dt = 0.151224836.
[fsm_node-3] [INFO] [1789030449.520675556] [fsm_node]:  -- [OPTIMIZER_PHASE_MEMORY] optimizer=exp event=begin call=21 rss_mib=3121.160 swap_mib=0.000 variables=17 pieces=5
[fsm_node-3] [INFO] [1789030449.549536861] [fsm_node]:  -- [OPTIMIZER_PHASE_MEMORY] optimizer=exp event=end call=21 duration_ms=28.905 iterations=2368 ret=1 rss_mib=3121.160 swap_mib=0.000 rss_delta_mib=0.000
[fsm_node-3] [INFO] [1789030449.624496281] [fsm_node]:  -- [OPTIMIZER_PHASE_MEMORY] optimizer=backup event=begin call=41 rss_mib=3121.160 swap_mib=0.000 variables=18 pieces=2
[fsm_node-3] [INFO] [1789030449.635370570] [fsm_node]:  -- [OPTIMIZER_PHASE_MEMORY] optimizer=backup event=end call=41 duration_ms=10.899 iterations=1594 ret=1 rss_mib=3121.160 swap_mib=0.000 rss_delta_mib=0.000
[fsm_node-3] [INFO] [1789030449.635463215] [fsm_node]:  -- [OPTIMIZER_PHASE_MEMORY] optimizer=backup event=begin call=42 rss_mib=3121.160 swap_mib=0.000 variables=18 pieces=2
[fsm_node-3] [INFO] [1789030449.639271082] [fsm_node]:  -- [OPTIMIZER_PHASE_MEMORY] optimizer=backup event=end call=42 duration_ms=3.806 iterations=662 ret=1 rss_mib=3121.160 swap_mib=0.000 rss_delta_mib=0.000
[fsm_node-3] [WARN] [1789030449.639304662] [fsm_node]:  -- [SUPER] in [ReplanOnce]: Replan overtime, check parameters, replan dt = 0.150048994.
[fsm_node-3] [INFO] [1789030449.667205871] [fsm_node]:  -- [OPTIMIZER_PHASE_MEMORY] optimizer=exp event=begin call=22 rss_mib=3121.160 swap_mib=0.000 variables=13 pieces=4
[fsm_node-3] [INFO] [1789030449.672368690] [fsm_node]:  -- [OPTIMIZER_PHASE_MEMORY] optimizer=exp event=end call=22 duration_ms=5.200 iterations=577 ret=1 rss_mib=3121.160 swap_mib=0.000 rss_delta_mib=0.000
[fsm_node-3] [INFO] [1789030449.750057732] [fsm_node]:  -- [OPTIMIZER_PHASE_MEMORY] optimizer=backup event=begin call=43 rss_mib=3121.160 swap_mib=0.000 variables=18 pieces=2
[fsm_node-3] [INFO] [1789030449.751605173] [fsm_node]:  -- [OPTIMIZER_PHASE_MEMORY] optimizer=backup event=end call=43 duration_ms=1.616 iterations=361 ret=1 rss_mib=3121.160 swap_mib=0.000 rss_delta_mib=0.000
[fsm_node-3] [INFO] [1789030449.751684603] [fsm_node]:  -- [OPTIMIZER_PHASE_MEMORY] optimizer=backup event=begin call=44 rss_mib=3121.172 swap_mib=0.000 variables=18 pieces=2
[fsm_node-3] [INFO] [1789030449.752079193] [fsm_node]:  -- [OPTIMIZER_PHASE_MEMORY] optimizer=backup event=end call=44 duration_ms=0.395 iterations=114 ret=1 rss_mib=3121.172 swap_mib=0.000 rss_delta_mib=0.000
[fsm_node-3] [WARN] [1789030449.752104141] [fsm_node]:  -- [SUPER] in [ReplanOnce]: Replan overtime, check parameters, replan dt = 0.112594201.
[fsm_node-3] [INFO] [1789030449.786538771] [fsm_node]:  -- [OPTIMIZER_PHASE_MEMORY] optimizer=exp event=begin call=23 rss_mib=3121.172 swap_mib=0.000 variables=17 pieces=5
[fsm_node-3] [INFO] [1789030449.791979761] [fsm_node]:  -- [OPTIMIZER_PHASE_MEMORY] optimizer=exp event=end call=23 duration_ms=5.490 iterations=503 ret=1 rss_mib=3121.172 swap_mib=0.000 rss_delta_mib=0.000
[fsm_node-3] [INFO] [1789030449.865390142] [fsm_node]:  -- [OPTIMIZER_PHASE_MEMORY] optimizer=backup event=begin call=45 rss_mib=3121.172 swap_mib=0.000 variables=18 pieces=2
[fsm_node-3] [INFO] [1789030449.866466029] [fsm_node]:  -- [OPTIMIZER_PHASE_MEMORY] optimizer=backup event=end call=45 duration_ms=1.115 iterations=232 ret=1 rss_mib=3121.172 swap_mib=0.000 rss_delta_mib=0.000
[fsm_node-3] [INFO] [1789030449.866534491] [fsm_node]:  -- [OPTIMIZER_PHASE_MEMORY] optimizer=backup event=begin call=46 rss_mib=3121.172 swap_mib=0.000 variables=18 pieces=2
[fsm_node-3] [INFO] [1789030449.867674177] [fsm_node]:  -- [OPTIMIZER_PHASE_MEMORY] optimizer=backup event=end call=46 duration_ms=1.139 iterations=250 ret=1 rss_mib=3121.172 swap_mib=0.000 rss_delta_mib=0.000
[fsm_node-3] [WARN] [1789030449.867705588] [fsm_node]:  -- [SUPER] in [ReplanOnce]: Replan overtime, check parameters, replan dt = 0.115403017.
[fsm_node-3] [INFO] [1789030449.906601606] [fsm_node]:  -- [OPTIMIZER_PHASE_MEMORY] optimizer=exp event=begin call=24 rss_mib=3121.172 swap_mib=0.000 variables=13 pieces=4
[fsm_node-3] [INFO] [1789030449.908389488] [fsm_node]:  -- [OPTIMIZER_PHASE_MEMORY] optimizer=exp event=end call=24 duration_ms=1.832 iterations=215 ret=1 rss_mib=3121.172 swap_mib=0.000 rss_delta_mib=0.000
[fsm_node-3] [INFO] [1789030449.986136805] [fsm_node]:  -- [OPTIMIZER_PHASE_MEMORY] optimizer=backup event=begin call=47 rss_mib=3121.172 swap_mib=0.000 variables=18 pieces=2
[fsm_node-3] [INFO] [1789030449.987043678] [fsm_node]:  -- [OPTIMIZER_PHASE_MEMORY] optimizer=backup event=end call=47 duration_ms=0.971 iterations=228 ret=1 rss_mib=3121.172 swap_mib=0.000 rss_delta_mib=0.000
[fsm_node-3] [INFO] [1789030449.987118321] [fsm_node]:  -- [OPTIMIZER_PHASE_MEMORY] optimizer=backup event=begin call=48 rss_mib=3121.172 swap_mib=0.000 variables=18 pieces=2
[fsm_node-3] [INFO] [1789030449.988361427] [fsm_node]:  -- [OPTIMIZER_PHASE_MEMORY] optimizer=backup event=end call=48 duration_ms=1.242 iterations=277 ret=1 rss_mib=3121.172 swap_mib=0.000 rss_delta_mib=0.000
[fsm_node-3] [WARN] [1789030449.988393027] [fsm_node]:  -- [SUPER] in [ReplanOnce]: Replan overtime, check parameters, replan dt = 0.120536135.
[fsm_node-3] [INFO] [1789030450.027711097] [fsm_node]:  -- [OPTIMIZER_PHASE_MEMORY] optimizer=exp event=begin call=25 rss_mib=3121.172 swap_mib=0.000 variables=13 pieces=4
[fsm_node-3] [INFO] [1789030450.030049140] [fsm_node]:  -- [OPTIMIZER_PHASE_MEMORY] optimizer=exp event=end call=25 duration_ms=2.402 iterations=280 ret=1 rss_mib=3121.172 swap_mib=0.000 rss_delta_mib=0.000
[fsm_node-3] [INFO] [1789030450.104619992] [fsm_node]:  -- [OPTIMIZER_PHASE_MEMORY] optimizer=backup event=begin call=49 rss_mib=3121.172 swap_mib=0.000 variables=18 pieces=2
[fsm_node-3] [INFO] [1789030450.119248084] [fsm_node]:  -- [OPTIMIZER_PHASE_MEMORY] optimizer=backup event=end call=49 duration_ms=14.659 iterations=2149 ret=1 rss_mib=3121.172 swap_mib=0.000 rss_delta_mib=0.000
[fsm_node-3] [INFO] [1789030450.119331829] [fsm_node]:  -- [OPTIMIZER_PHASE_MEMORY] optimizer=backup event=begin call=50 rss_mib=3121.172 swap_mib=0.000 variables=18 pieces=2
[fsm_node-3] [INFO] [1789030450.127203753] [fsm_node]:  -- [OPTIMIZER_PHASE_MEMORY] optimizer=backup event=end call=50 duration_ms=7.861 iterations=1133 ret=1 rss_mib=3121.172 swap_mib=0.000 rss_delta_mib=0.000
[fsm_node-3] [WARN] [1789030450.127249842] [fsm_node]:  -- [SUPER] in [ReplanOnce]: Replan overtime, check parameters, replan dt = 0.138631053.
[fsm_node-3] [INFO] [1789030450.128113264] [fsm_node]:  -- [TRAJ_GUARD_COMMIT] phase=ReplanOnce/no_backup gen=8 map=39 samples=35 range=[1.488,1.651] escape=false footprint_egress=false escape_done_tt=-1.000
[fsm_node-3]  -- [TRAJ_GUARD_CERT] trigger=main_pre status=SAFE gen=7 map=34 map_age=0.008s map_age_limit=0.500s motion_speed=7.000mps samples=170 range=[0.670,1.510] collision_tt=-1.000 ttc=-1.000 p=[0.000,0.000,0.000]
[fsm_node-3]  -- [TRAJ_GUARD_CERT] trigger=main_pre status=SAFE gen=7 map=35 map_age=0.010s map_age_limit=0.500s motion_speed=6.927mps samples=150 range=[0.770,1.510] collision_tt=-1.000 ttc=-1.000 p=[0.000,0.000,0.000]
[fsm_node-3]  -- [TRAJ_GUARD_CERT] trigger=main_pre status=SAFE gen=7 map=36 map_age=0.010s map_age_limit=0.500s motion_speed=6.873mps samples=129 range=[0.870,1.510] collision_tt=-1.000 ttc=-1.000 p=[0.000,0.000,0.000]
[fsm_node-3]  -- [TRAJ_GUARD_CERT] trigger=main_pre status=SAFE gen=7 map=37 map_age=0.007s map_age_limit=0.500s motion_speed=6.833mps samples=110 range=[0.970,1.510] collision_tt=-1.000 ttc=-1.000 p=[0.000,0.000,0.000]
[fsm_node-3]  -- [TRAJ_GUARD_CERT] trigger=main_pre status=SAFE gen=7 map=38 map_age=0.008s map_age_limit=0.500s motion_speed=6.595mps samples=89 range=[1.070,1.510] collision_tt=-1.000 ttc=-1.000 p=[0.000,0.000,0.000]
[fsm_node-3]  -- [TRAJ_GUARD_CERT] trigger=main_pre status=SAFE gen=7 map=39 map_age=0.009s map_age_limit=0.500s motion_speed=5.586mps samples=70 range=[1.170,1.510] collision_tt=-1.000 ttc=-1.000 p=[0.000,0.000,0.000]
[fsm_node-3] [32m -- [Fsm] ReplanOnce succeed.[0m
[fsm_node-3] [INFO] [1789030450.173209730] [fsm_node]:  -- [OPTIMIZER_PHASE_MEMORY] optimizer=exp event=begin call=26 rss_mib=3121.172 swap_mib=0.000 variables=13 pieces=4
[fsm_node-3] [INFO] [1789030450.176306388] [fsm_node]:  -- [OPTIMIZER_PHASE_MEMORY] optimizer=exp event=end call=26 duration_ms=3.167 iterations=361 ret=1 rss_mib=3121.172 swap_mib=0.000 rss_delta_mib=0.000
[fsm_node-3] [INFO] [1789030450.250788383] [fsm_node]:  -- [OPTIMIZER_PHASE_MEMORY] optimizer=backup event=begin call=51 rss_mib=3121.172 swap_mib=0.000 variables=18 pieces=2
[fsm_node-3] [INFO] [1789030450.251173054] [fsm_node]:  -- [OPTIMIZER_PHASE_MEMORY] optimizer=backup event=end call=51 duration_ms=0.414 iterations=77 ret=1 rss_mib=3121.172 swap_mib=0.000 rss_delta_mib=0.000
[fsm_node-3] [WARN] [1789030450.251178043] [fsm_node]:  -- [BackOpt] Opt failed, Omg or thr or Pos violation.
[fsm_node-3] [INFO] [1789030450.251228168] [fsm_node]:  -- [OPTIMIZER_PHASE_MEMORY] optimizer=backup event=begin call=52 rss_mib=3121.172 swap_mib=0.000 variables=18 pieces=2
[fsm_node-3]  -- [TRAJ_GUARD_CERT] trigger=poly_publish status=SAFE gen=8 map=39 map_age=0.328s map_age_limit=0.550s motion_speed=0.045mps samples=34 range=[1.489,1.651] collision_tt=-1.000 ttc=-1.000 p=[0.000,0.000,0.000]
[fsm_node-3] [33m -- [MINCO] TrajOpt failed, (unknown)[0m
[fsm_node-3] [33m -- [SUPER] Minco backup_traj opt failed.[0m
[fsm_node-3] [INFO] [1789030450.256326497] [fsm_node]:  -- [OPTIMIZER_PHASE_MEMORY] optimizer=backup event=end call=52 duration_ms=5.094 iterations=773 ret=1 rss_mib=3121.172 swap_mib=0.000 rss_delta_mib=0.000
[fsm_node-3] [WARN] [1789030450.256394341] [fsm_node]:  -- [SUPER] OptimizationBakTrajInPolytopes failed, force return
[fsm_node-3] [WARN] [1789030450.256403868] [fsm_node]:  -- [SUPER] in [ReplanOnce]: Replan overtime, check parameters, replan dt = 0.122788972.
[fsm_node-3] [32m -- [Fsm 5.040] Current state: FOLLOW_TRAJ[0m
[fsm_node-3] [32m -- [Fsm] Get goal at [0m24.525 20.025  1.525
[fsm_node-3] [32m -- [Fsm] Receive click goal at: [24.525 20.025  1.525]; goal yaw: 0.000 deg[0m
[fsm_node-3] [32m -- [Fsm] Traj finish.[0m
[fsm_node-3] [WARN] [1789030450.309568023] [fsm_node]:  -- [TRAJ_GUARD_RECOVERY_EPISODE_RESET] reason=horizontal_progress progress=8.622m threshold=2.000m prior_local=0 prior_vertical=0 prior_base=0
[fsm_node-3] [INFO] [1789030450.356705139] [fsm_node]:  -- [OPTIMIZER_PHASE_MEMORY] optimizer=exp event=begin call=27 rss_mib=3121.172 swap_mib=0.000 variables=13 pieces=4
[fsm_node-3] [INFO] [1789030450.358689729] [fsm_node]:  -- [OPTIMIZER_PHASE_MEMORY] optimizer=exp event=end call=27 duration_ms=2.044 iterations=228 ret=1 rss_mib=3121.172 swap_mib=0.000 rss_delta_mib=0.000
[fsm_node-3] [INFO] [1789030450.358731895] [fsm_node]:  -- [SUPER] in [PlanFromRest] GenerateExpTrajectory SUCCESS.
[fsm_node-3] [INFO] [1789030450.439767613] [fsm_node]:  -- [OPTIMIZER_PHASE_MEMORY] optimizer=backup event=begin call=53 rss_mib=3121.172 swap_mib=0.000 variables=18 pieces=2
[fsm_node-3] [INFO] [1789030450.440213415] [fsm_node]:  -- [OPTIMIZER_PHASE_MEMORY] optimizer=backup event=end call=53 duration_ms=0.511 iterations=77 ret=1 rss_mib=3121.172 swap_mib=0.000 rss_delta_mib=0.000
[fsm_node-3] [WARN] [1789030450.440218730] [fsm_node]:  -- [BackOpt] Opt failed, Omg or thr or Pos violation.
[fsm_node-3] [INFO] [1789030450.440273882] [fsm_node]:  -- [OPTIMIZER_PHASE_MEMORY] optimizer=backup event=begin call=54 rss_mib=3121.172 swap_mib=0.000 variables=18 pieces=2
[fsm_node-3] [38;2;000;128;000m -- [Fsm]: [PubCmdCallback] change state from [FOLLOW_TRAJ] to [GENERATE_TRAJ].
[fsm_node-3] [0m[33m -- [MINCO] TrajOpt failed, (unknown)[0m
[fsm_node-3] [33m -- [SUPER] Minco backup_traj opt failed.[0m
[fsm_node-3] [INFO] [1789030450.450689124] [fsm_node]:  -- [OPTIMIZER_PHASE_MEMORY] optimizer=backup event=end call=54 duration_ms=10.410 iterations=1358 ret=1 rss_mib=3121.172 swap_mib=0.000 rss_delta_mib=0.000
[fsm_node-3] [WARN] [1789030450.450718437] [fsm_node]:  -- [SUPER] OptimizationBakTrajInPolytopes failed, force return
[fsm_node-3] [WARN] [1789030450.450724700] [fsm_node]:  -- [SUPER] in [PlanFromRest] generateBackupTrajectory return [OPT_FAILED], force return
[fsm_node-3] [33m -- [Fsm] PlanFromRest failed, try replan.[0m
[fsm_node-3] [INFO] [1789030450.495039851] [fsm_node]:  -- [OPTIMIZER_PHASE_MEMORY] optimizer=exp event=begin call=28 rss_mib=3121.172 swap_mib=0.000 variables=13 pieces=4
[fsm_node-3] [INFO] [1789030450.497535829] [fsm_node]:  -- [OPTIMIZER_PHASE_MEMORY] optimizer=exp event=end call=28 duration_ms=2.561 iterations=284 ret=1 rss_mib=3121.172 swap_mib=0.000 rss_delta_mib=0.000
[fsm_node-3] [INFO] [1789030450.497584385] [fsm_node]:  -- [SUPER] in [PlanFromRest] GenerateExpTrajectory SUCCESS.
[fsm_node-3] [INFO] [1789030450.585856130] [fsm_node]:  -- [OPTIMIZER_PHASE_MEMORY] optimizer=backup event=begin call=55 rss_mib=3121.172 swap_mib=0.000 variables=18 pieces=2
[fsm_node-3] [INFO] [1789030450.614099305] [fsm_node]:  -- [OPTIMIZER_PHASE_MEMORY] optimizer=backup event=end call=55 duration_ms=28.261 iterations=3316 ret=-1008 rss_mib=3121.172 swap_mib=0.000 rss_delta_mib=0.000
[fsm_node-3] [INFO] [1789030450.614188000] [fsm_node]:  -- [OPTIMIZER_PHASE_MEMORY] optimizer=backup event=begin call=56 rss_mib=3121.172 swap_mib=0.000 variables=18 pieces=2
[fsm_node-3] [33m -- [MINCO] TrajOpt failed, The algorithm routine reaches the maximum number of iterations.[0m
[fsm_node-3] [33m -- [SUPER] Minco backup_traj opt failed.[0m
[fsm_node-3] [INFO] [1789030450.637313339] [fsm_node]:  -- [OPTIMIZER_PHASE_MEMORY] optimizer=backup event=end call=56 duration_ms=23.109 iterations=2694 ret=1 rss_mib=3121.172 swap_mib=0.000 rss_delta_mib=0.000
[fsm_node-3] [WARN] [1789030450.637362916] [fsm_node]:  -- [SUPER] OptimizationBakTrajInPolytopes failed, force return
[fsm_node-3] [WARN] [1789030450.637370478] [fsm_node]:  -- [SUPER] in [PlanFromRest] generateBackupTrajectory return [OPT_FAILED], force return
[fsm_node-3] [33m -- [Fsm] PlanFromRest failed, try replan.[0m
[fsm_node-3] [INFO] [1789030450.682775269] [fsm_node]:  -- [OPTIMIZER_PHASE_MEMORY] optimizer=exp event=begin call=29 rss_mib=3121.172 swap_mib=0.000 variables=13 pieces=4
[fsm_node-3] [INFO] [1789030450.685966164] [fsm_node]:  -- [OPTIMIZER_PHASE_MEMORY] optimizer=exp event=end call=29 duration_ms=3.252 iterations=325 ret=1 rss_mib=3121.172 swap_mib=0.000 rss_delta_mib=0.000
[fsm_node-3] [INFO] [1789030450.686014633] [fsm_node]:  -- [SUPER] in [PlanFromRest] GenerateExpTrajectory SUCCESS.
[fsm_node-3] [INFO] [1789030450.776226544] [fsm_node]:  -- [OPTIMIZER_PHASE_MEMORY] optimizer=backup event=begin call=57 rss_mib=3121.172 swap_mib=0.000 variables=18 pieces=2
[fsm_node-3] [INFO] [1789030450.788794763] [fsm_node]:  -- [OPTIMIZER_PHASE_MEMORY] optimizer=backup event=end call=57 duration_ms=12.605 iterations=1682 ret=1 rss_mib=3121.172 swap_mib=0.000 rss_delta_mib=0.000
[fsm_node-3] [INFO] [1789030450.788952246] [fsm_node]:  -- [OPTIMIZER_PHASE_MEMORY] optimizer=backup event=begin call=58 rss_mib=3121.172 swap_mib=0.000 variables=18 pieces=2
[fsm_node-3] [INFO] [1789030450.797813418] [fsm_node]:  -- [OPTIMIZER_PHASE_MEMORY] optimizer=backup event=end call=58 duration_ms=8.846 iterations=1080 ret=1 rss_mib=3121.172 swap_mib=0.000 rss_delta_mib=0.000
[fsm_node-3] [INFO] [1789030450.798198656] [fsm_node]:  -- [TRAJ_GUARD_COMMIT] phase=PlanFromRest/with_backup gen=9 map=43 samples=265 range=[0.160,1.471] escape=false footprint_egress=false escape_done_tt=-1.000
[fsm_node-3] [INFO] [1789030450.950325920] [fsm_node]:  -- [OPTIMIZER_PHASE_MEMORY] optimizer=exp event=begin call=30 rss_mib=3121.172 swap_mib=0.000 variables=17 pieces=5
[fsm_node-3] [INFO] [1789030450.955295644] [fsm_node]:  -- [OPTIMIZER_PHASE_MEMORY] optimizer=exp event=end call=30 duration_ms=5.002 iterations=356 ret=1 rss_mib=3121.172 swap_mib=0.000 rss_delta_mib=0.000
[fsm_node-3] [INFO] [1789030451.056436650] [fsm_node]:  -- [OPTIMIZER_PHASE_MEMORY] optimizer=backup event=begin call=59 rss_mib=3121.172 swap_mib=0.000 variables=18 pieces=2
[fsm_node-3] [INFO] [1789030451.059544420] [fsm_node]:  -- [OPTIMIZER_PHASE_MEMORY] optimizer=backup event=end call=59 duration_ms=3.183 iterations=497 ret=1 rss_mib=3121.172 swap_mib=0.000 rss_delta_mib=0.000
[fsm_node-3] [INFO] [1789030451.059627926] [fsm_node]:  -- [OPTIMIZER_PHASE_MEMORY] optimizer=backup event=begin call=60 rss_mib=3121.172 swap_mib=0.000 variables=18 pieces=2
[fsm_node-3] [INFO] [1789030451.060733670] [fsm_node]:  -- [OPTIMIZER_PHASE_MEMORY] optimizer=backup event=end call=60 duration_ms=1.105 iterations=244 ret=1 rss_mib=3121.172 swap_mib=0.000 rss_delta_mib=0.000
[fsm_node-3] [WARN] [1789030451.060766523] [fsm_node]:  -- [SUPER] in [ReplanOnce]: Replan overtime, check parameters, replan dt = 0.13518745.
[fsm_node-3] [INFO] [1789030451.086040652] [fsm_node]:  -- [OPTIMIZER_PHASE_MEMORY] optimizer=exp event=begin call=31 rss_mib=3121.172 swap_mib=0.000 variables=13 pieces=4
[fsm_node-3] [INFO] [1789030451.089559461] [fsm_node]:  -- [OPTIMIZER_PHASE_MEMORY] optimizer=exp event=end call=31 duration_ms=3.568 iterations=341 ret=1 rss_mib=3121.172 swap_mib=0.000 rss_delta_mib=0.000
[fsm_node-3] [INFO] [1789030451.176029944] [fsm_node]:  -- [OPTIMIZER_PHASE_MEMORY] optimizer=backup event=begin call=61 rss_mib=3121.172 swap_mib=0.000 variables=18 pieces=2
[fsm_node-3] [INFO] [1789030451.184749622] [fsm_node]:  -- [OPTIMIZER_PHASE_MEMORY] optimizer=backup event=end call=61 duration_ms=8.771 iterations=1100 ret=1 rss_mib=3121.172 swap_mib=0.000 rss_delta_mib=0.000
[fsm_node-3] [INFO] [1789030451.184848577] [fsm_node]:  -- [OPTIMIZER_PHASE_MEMORY] optimizer=backup event=begin call=62 rss_mib=3121.172 swap_mib=0.000 variables=18 pieces=2
[fsm_node-3] [INFO] [1789030451.186437027] [fsm_node]:  -- [OPTIMIZER_PHASE_MEMORY] optimizer=backup event=end call=62 duration_ms=1.589 iterations=321 ret=1 rss_mib=3121.172 swap_mib=0.000 rss_delta_mib=0.000
[fsm_node-3] [WARN] [1789030451.186474096] [fsm_node]:  -- [SUPER] in [ReplanOnce]: Replan overtime, check parameters, replan dt = 0.125471784.
[fsm_node-3] [INFO] [1789030451.209982098] [fsm_node]:  -- [OPTIMIZER_PHASE_MEMORY] optimizer=exp event=begin call=32 rss_mib=3121.172 swap_mib=0.000 variables=13 pieces=4
[fsm_node-3] [INFO] [1789030451.214854562] [fsm_node]:  -- [OPTIMIZER_PHASE_MEMORY] optimizer=exp event=end call=32 duration_ms=4.926 iterations=406 ret=1 rss_mib=3121.172 swap_mib=0.000 rss_delta_mib=0.000
[fsm_node-3]  -- [TRAJ_GUARD_CERT] trigger=poly_publish status=SAFE gen=9 map=43 map_age=0.095s map_age_limit=0.550s motion_speed=0.000mps samples=264 range=[0.161,1.471] collision_tt=-1.000 ttc=-1.000 p=[0.000,0.000,0.000]
[fsm_node-3] [38;2;000;128;000m -- [Fsm]: [MainFsmCallback] change state from [GENERATE_TRAJ] to [FOLLOW_TRAJ].
[fsm_node-3] [0m -- [TRAJ_GUARD_CERT] trigger=main_pre status=SAFE gen=9 map=44 map_age=0.005s map_age_limit=0.550s motion_speed=0.944mps samples=261 range=[0.172,1.471] collision_tt=-1.000 ttc=-1.000 p=[0.000,0.000,0.000]
[fsm_node-3]  -- [TRAJ_GUARD_CERT] trigger=main_pre status=SAFE gen=9 map=45 map_age=0.004s map_age_limit=0.540s motion_speed=2.698mps samples=241 range=[0.272,1.471] collision_tt=-1.000 ttc=-1.000 p=[0.000,0.000,0.000]
[fsm_node-3]  -- [TRAJ_GUARD_CERT] trigger=main_pre status=SAFE gen=9 map=46 map_age=0.008s map_age_limit=0.500s motion_speed=4.640mps samples=221 range=[0.372,1.471] collision_tt=-1.000 ttc=-1.000 p=[0.000,0.000,0.000]
[fsm_node-3]  -- [TRAJ_GUARD_CERT] trigger=main_pre status=SAFE gen=9 map=47 map_age=0.009s map_age_limit=0.500s motion_speed=6.090mps samples=201 range=[0.472,1.471] collision_tt=-1.000 ttc=-1.000 p=[0.000,0.000,0.000]
[fsm_node-3]  -- [TRAJ_GUARD_CERT] trigger=main_pre status=SAFE gen=9 map=48 map_age=0.006s map_age_limit=0.500s motion_speed=6.804mps samples=181 range=[0.572,1.471] collision_tt=-1.000 ttc=-1.000 p=[0.000,0.000,0.000]
[fsm_node-3]  -- [TRAJ_GUARD_CERT] trigger=main_pre status=SAFE gen=9 map=49 map_age=0.010s map_age_limit=0.500s motion_speed=6.989mps samples=161 range=[0.672,1.471] collision_tt=-1.000 ttc=-1.000 p=[0.000,0.000,0.000]
[fsm_node-3] [32m -- [Fsm 6.050] Current state: FOLLOW_TRAJ[0m
[fsm_node-3] [32m -- [Fsm] Get goal at [0m24.525 20.025  1.525
[fsm_node-3] [32m -- [Fsm] Receive click goal at: [24.525 20.025  1.525]; goal yaw: 0.000 deg[0m
[fsm_node-3] [INFO] [1789030451.318068987] [fsm_node]:  -- [OPTIMIZER_PHASE_MEMORY] optimizer=backup event=begin call=63 rss_mib=3121.172 swap_mib=0.000 variables=18 pieces=2
[fsm_node-3] [INFO] [1789030451.318590067] [fsm_node]:  -- [OPTIMIZER_PHASE_MEMORY] optimizer=backup event=end call=63 duration_ms=0.576 iterations=85 ret=1 rss_mib=3121.172 swap_mib=0.000 rss_delta_mib=0.000
[fsm_node-3] [WARN] [1789030451.318596274] [fsm_node]:  -- [BackOpt] Opt failed, Omg or thr or Pos violation.
[fsm_node-3] [33m -- [MINCO] TrajOpt failed, (unknown)[0m
[fsm_node-3] [33m -- [SUPER] Minco backup_traj opt failed.[0m
[fsm_node-3] [INFO] [1789030451.318657616] [fsm_node]:  -- [OPTIMIZER_PHASE_MEMORY] optimizer=backup event=begin call=64 rss_mib=3121.172 swap_mib=0.000 variables=18 pieces=2
[fsm_node-3] [INFO] [1789030451.325398869] [fsm_node]:  -- [OPTIMIZER_PHASE_MEMORY] optimizer=backup event=end call=64 duration_ms=6.740 iterations=828 ret=1 rss_mib=3121.172 swap_mib=0.000 rss_delta_mib=0.000
[fsm_node-3] [WARN] [1789030451.325437990] [fsm_node]:  -- [SUPER] OptimizationBakTrajInPolytopes failed, force return
[fsm_node-3] [WARN] [1789030451.325447008] [fsm_node]:  -- [SUPER] in [ReplanOnce]: Replan overtime, check parameters, replan dt = 0.138711406.
[fsm_node-3] [INFO] [1789030451.363215733] [fsm_node]:  -- [OPTIMIZER_PHASE_MEMORY] optimizer=exp event=begin call=33 rss_mib=3121.172 swap_mib=0.000 variables=9 pieces=3
[fsm_node-3] [INFO] [1789030451.364449122] [fsm_node]:  -- [OPTIMIZER_PHASE_MEMORY] optimizer=exp event=end call=33 duration_ms=1.300 iterations=145 ret=1 rss_mib=3121.172 swap_mib=0.000 rss_delta_mib=0.000
[fsm_node-3] [WARN] [1789030451.459229098] [fsm_node]:  -- [SUPER] in [ReplanOnce]: Replan overtime, check parameters, replan dt = 0.133573934.
[fsm_node-3] [INFO] [1789030451.488082875] [fsm_node]:  -- [OPTIMIZER_PHASE_MEMORY] optimizer=exp event=begin call=34 rss_mib=3121.172 swap_mib=0.000 variables=9 pieces=3
[fsm_node-3] [INFO] [1789030451.494124597] [fsm_node]:  -- [OPTIMIZER_PHASE_MEMORY] optimizer=exp event=end call=34 duration_ms=6.050 iterations=557 ret=1 rss_mib=3121.172 swap_mib=0.000 rss_delta_mib=0.000
[fsm_node-3] [WARN] [1789030451.567785053] [fsm_node]:  -- [SUPER] in [ReplanOnce]: Replan overtime, check parameters, replan dt = 0.108237579.
[fsm_node-3] [INFO] [1789030451.588594823] [fsm_node]:  -- [OPTIMIZER_PHASE_MEMORY] optimizer=exp event=begin call=35 rss_mib=3121.172 swap_mib=0.000 variables=5 pieces=2
[fsm_node-3] [INFO] [1789030451.589140430] [fsm_node]:  -- [OPTIMIZER_PHASE_MEMORY] optimizer=exp event=end call=35 duration_ms=0.624 iterations=87 ret=1 rss_mib=3121.172 swap_mib=0.000 rss_delta_mib=0.000
[fsm_node-3] [INFO] [1789030451.647811448] [fsm_node]:  -- [TRAJ_GUARD_COMMIT] phase=ReplanOnce/no_backup gen=10 map=52 samples=178 range=[0.079,0.956] escape=false footprint_egress=false escape_done_tt=-1.000
[fsm_node-3]  -- [TRAJ_GUARD_CERT] trigger=main_pre status=SAFE gen=9 map=50 map_age=0.010s map_age_limit=0.500s motion_speed=6.991mps samples=141 range=[0.772,1.471] collision_tt=-1.000 ttc=-1.000 p=[0.000,0.000,0.000]
[fsm_node-3]  -- [TRAJ_GUARD_CERT] trigger=main_pre status=SAFE gen=9 map=51 map_age=0.001s map_age_limit=0.500s motion_speed=6.998mps samples=123 range=[0.862,1.471] collision_tt=-1.000 ttc=-1.000 p=[0.000,0.000,0.000]
[fsm_node-3]  -- [TRAJ_GUARD_CERT] trigger=main_pre status=SAFE gen=9 map=52 map_age=0.003s map_age_limit=0.500s motion_speed=6.948mps samples=103 range=[0.962,1.471] collision_tt=-1.000 ttc=-1.000 p=[0.000,0.000,0.000]
[fsm_node-3] [32m -- [Fsm] ReplanOnce succeed.[0m
[fsm_node-3] [INFO] [1789030451.662480130] [fsm_node]:  -- [OPTIMIZER_PHASE_MEMORY] optimizer=exp event=begin call=36 rss_mib=3121.172 swap_mib=0.000 variables=9 pieces=3
[fsm_node-3] [INFO] [1789030451.665261054] [fsm_node]:  -- [OPTIMIZER_PHASE_MEMORY] optimizer=exp event=end call=36 duration_ms=2.847 iterations=315 ret=1 rss_mib=3121.172 swap_mib=0.000 rss_delta_mib=0.000
[fsm_node-3] [INFO] [1789030451.710909587] [fsm_node]:  -- [TRAJ_GUARD_COMMIT] phase=ReplanOnce/no_backup gen=11 map=53 samples=164 range=[0.062,0.869] escape=false footprint_egress=false escape_done_tt=-1.000
[fsm_node-3]  -- [TRAJ_GUARD_CERT] trigger=poly_publish status=SAFE gen=10 map=52 map_age=0.051s map_age_limit=0.500s motion_speed=6.823mps samples=177 range=[0.080,0.956] collision_tt=-1.000 ttc=-1.000 p=[0.000,0.000,0.000]
[fsm_node-3]  -- [TRAJ_GUARD_CERT] trigger=main_pre status=SAFE gen=10 map=53 map_age=0.010s map_age_limit=0.500s motion_speed=6.515mps samples=164 range=[0.141,0.956] collision_tt=-1.000 ttc=-1.000 p=[0.000,0.000,0.000]
[fsm_node-3] [32m -- [Fsm] ReplanOnce succeed.[0m
[fsm_node-3] [INFO] [1789030451.723320307] [fsm_node]:  -- [OPTIMIZER_PHASE_MEMORY] optimizer=exp event=begin call=37 rss_mib=3121.172 swap_mib=0.000 variables=5 pieces=2
[fsm_node-3] [INFO] [1789030451.723971612] [fsm_node]:  -- [OPTIMIZER_PHASE_MEMORY] optimizer=exp event=end call=37 duration_ms=0.712 iterations=104 ret=1 rss_mib=3121.172 swap_mib=0.000 rss_delta_mib=0.000
[fsm_node-3] [INFO] [1789030451.763922427] [fsm_node]:  -- [TRAJ_GUARD_COMMIT] phase=ReplanOnce/no_backup gen=12 map=53 samples=153 range=[0.052,0.803] escape=false footprint_egress=false escape_done_tt=-1.000
[fsm_node-3]  -- [TRAJ_GUARD_CERT] trigger=poly_publish status=SAFE gen=11 map=53 map_age=0.012s map_age_limit=0.500s motion_speed=6.515mps samples=163 range=[0.063,0.869] collision_tt=-1.000 ttc=-1.000 p=[0.000,0.000,0.000]
[fsm_node-3] [32m -- [Fsm] ReplanOnce succeed.[0m
[fsm_node-3] [INFO] [1789030451.774337076] [fsm_node]:  -- [OPTIMIZER_PHASE_MEMORY] optimizer=exp event=begin call=38 rss_mib=3121.172 swap_mib=0.000 variables=5 pieces=2
[fsm_node-3] [INFO] [1789030451.774784844] [fsm_node]:  -- [OPTIMIZER_PHASE_MEMORY] optimizer=exp event=end call=38 duration_ms=0.518 iterations=67 ret=1 rss_mib=3121.172 swap_mib=0.000 rss_delta_mib=0.000
[fsm_node-3] [INFO] [1789030451.806127097] [fsm_node]:  -- [TRAJ_GUARD_COMMIT] phase=ReplanOnce/no_backup gen=13 map=54 samples=144 range=[0.042,0.750] escape=false footprint_egress=false escape_done_tt=-1.000
[fsm_node-3]  -- [TRAJ_GUARD_CERT] trigger=poly_publish status=SAFE gen=12 map=53 map_age=0.065s map_age_limit=0.500s motion_speed=6.159mps samples=152 range=[0.053,0.803] collision_tt=-1.000 ttc=-1.000 p=[0.000,0.000,0.000]
[fsm_node-3] [32m -- [Fsm] ReplanOnce succeed.[0m
[fsm_node-3] [INFO] [1789030451.817333750] [fsm_node]:  -- [OPTIMIZER_PHASE_MEMORY] optimizer=exp event=begin call=39 rss_mib=3121.172 swap_mib=0.000 variables=5 pieces=2
[fsm_node-3] [INFO] [1789030451.817877538] [fsm_node]:  -- [OPTIMIZER_PHASE_MEMORY] optimizer=exp event=end call=39 duration_ms=0.605 iterations=85 ret=1 rss_mib=3121.172 swap_mib=0.000 rss_delta_mib=0.000
[fsm_node-3] [INFO] [1789030451.843649903] [fsm_node]:  -- [TRAJ_GUARD_COMMIT] phase=ReplanOnce/no_backup gen=14 map=54 samples=136 range=[0.037,0.704] escape=false footprint_egress=false escape_done_tt=-1.000
[fsm_node-3]  -- [TRAJ_GUARD_CERT] trigger=poly_publish status=SAFE gen=13 map=54 map_age=0.005s map_age_limit=0.500s motion_speed=6.048mps samples=143 range=[0.042,0.750] collision_tt=-1.000 ttc=-1.000 p=[0.000,0.000,0.000]
[fsm_node-3] [32m -- [Fsm] ReplanOnce succeed.[0m
[fsm_node-3] [INFO] [1789030451.857284823] [fsm_node]:  -- [OPTIMIZER_PHASE_MEMORY] optimizer=exp event=begin call=40 rss_mib=3121.172 swap_mib=0.000 variables=5 pieces=2
[fsm_node-3] [INFO] [1789030451.858215876] [fsm_node]:  -- [OPTIMIZER_PHASE_MEMORY] optimizer=exp event=end call=40 duration_ms=0.996 iterations=154 ret=1 rss_mib=3121.172 swap_mib=0.000 rss_delta_mib=0.000
[fsm_node-3] [INFO] [1789030451.880674836] [fsm_node]:  -- [TRAJ_GUARD_COMMIT] phase=ReplanOnce/no_backup gen=15 map=54 samples=126 range=[0.031,0.649] escape=false footprint_egress=false escape_done_tt=-1.000
[fsm_node-3]  -- [TRAJ_GUARD_CERT] trigger=poly_publish status=SAFE gen=14 map=54 map_age=0.043s map_age_limit=0.500s motion_speed=6.069mps samples=135 range=[0.037,0.704] collision_tt=-1.000 ttc=-1.000 p=[0.000,0.000,0.000]
[fsm_node-3] [32m -- [Fsm] ReplanOnce succeed.[0m
[fsm_node-3] [INFO] [1789030451.922706632] [fsm_node]:  -- [OPTIMIZER_PHASE_MEMORY] optimizer=exp event=begin call=41 rss_mib=3121.172 swap_mib=0.000 variables=5 pieces=2
[fsm_node-3] [INFO] [1789030451.923055577] [fsm_node]:  -- [OPTIMIZER_PHASE_MEMORY] optimizer=exp event=end call=41 duration_ms=0.420 iterations=46 ret=1 rss_mib=3121.172 swap_mib=0.000 rss_delta_mib=0.000
[fsm_node-3] [INFO] [1789030451.937480683] [fsm_node]:  -- [TRAJ_GUARD_COMMIT] phase=ReplanOnce/no_backup gen=16 map=54 samples=117 range=[0.022,0.594] escape=false footprint_egress=false escape_done_tt=-1.000
[fsm_node-3]  -- [TRAJ_GUARD_CERT] trigger=poly_publish status=SAFE gen=15 map=54 map_age=0.080s map_age_limit=0.500s motion_speed=6.144mps samples=125 range=[0.031,0.649] collision_tt=-1.000 ttc=-1.000 p=[0.000,0.000,0.000]
[fsm_node-3] [32m -- [Fsm] ReplanOnce succeed.[0m
[fsm_node-3] [INFO] [1789030451.986162727] [fsm_node]:  -- [OPTIMIZER_PHASE_MEMORY] optimizer=exp event=begin call=42 rss_mib=3121.172 swap_mib=0.000 variables=1 pieces=1
[fsm_node-3] [INFO] [1789030451.986324052] [fsm_node]:  -- [OPTIMIZER_PHASE_MEMORY] optimizer=exp event=end call=42 duration_ms=0.224 iterations=25 ret=1 rss_mib=3121.172 swap_mib=0.000 rss_delta_mib=0.000
[fsm_node-3] [INFO] [1789030451.996151252] [fsm_node]:  -- [TRAJ_GUARD_COMMIT] phase=ReplanOnce/no_backup gen=17 map=54 samples=105 range=[0.014,0.528] escape=false footprint_egress=false escape_done_tt=-1.000
[fsm_node-3]  -- [TRAJ_GUARD_CERT] trigger=poly_publish status=SAFE gen=16 map=54 map_age=0.137s map_age_limit=0.500s motion_speed=6.225mps samples=116 range=[0.022,0.594] collision_tt=-1.000 ttc=-1.000 p=[0.000,0.000,0.000]
[fsm_node-3] [32m -- [Fsm] ReplanOnce succeed.[0m
[fsm_node-3] [INFO] [1789030452.054474542] [fsm_node]:  -- [TRAJ_GUARD_COMMIT] phase=ReplanOnce/no_backup gen=18 map=54 samples=94 range=[0.073,0.528] escape=false footprint_egress=false escape_done_tt=-1.000
[fsm_node-3]  -- [TRAJ_GUARD_CERT] trigger=poly_publish status=SAFE gen=17 map=54 map_age=0.195s map_age_limit=0.500s motion_speed=6.169mps samples=104 range=[0.015,0.528] collision_tt=-1.000 ttc=-1.000 p=[0.000,0.000,0.000]
[fsm_node-3] [32m -- [Fsm] ReplanOnce succeed.[0m
[fsm_node-3] [INFO] [1789030452.121061222] [fsm_node]:  -- [TRAJ_GUARD_COMMIT] phase=ReplanOnce/no_backup gen=19 map=54 samples=80 range=[0.139,0.528] escape=false footprint_egress=false escape_done_tt=-1.000
[fsm_node-3]  -- [TRAJ_GUARD_CERT] trigger=poly_publish status=SAFE gen=18 map=54 map_age=0.254s map_age_limit=0.500s motion_speed=5.833mps samples=92 range=[0.073,0.528] collision_tt=-1.000 ttc=-1.000 p=[0.000,0.000,0.000]
[fsm_node-3] [32m -- [Fsm] ReplanOnce succeed.[0m
[fsm_node-3] [INFO] [1789030452.313107736] [fsm_node]:  -- [TRAJ_GUARD_COMMIT] phase=ReplanOnce/no_backup gen=20 map=55 samples=42 range=[0.331,0.528] escape=false footprint_egress=false escape_done_tt=-1.000
[fsm_node-3]  -- [TRAJ_GUARD_CERT] trigger=poly_publish status=SAFE gen=19 map=54 map_age=0.320s map_age_limit=0.500s motion_speed=5.114mps samples=79 range=[0.140,0.528] collision_tt=-1.000 ttc=-1.000 p=[0.000,0.000,0.000]
[fsm_node-3]  -- [TRAJ_GUARD_CERT] trigger=main_pre status=SAFE gen=19 map=55 map_age=0.001s map_age_limit=0.550s motion_speed=2.162mps samples=43 range=[0.318,0.528] collision_tt=-1.000 ttc=-1.000 p=[0.000,0.000,0.000]
[fsm_node-3] [32m -- [Fsm] ReplanOnce succeed.[0m
[fsm_node-3]  -- [TRAJ_GUARD_CERT] trigger=poly_publish status=SAFE gen=20 map=55 map_age=0.015s map_age_limit=0.550s motion_speed=1.786mps samples=41 range=[0.332,0.528] collision_tt=-1.000 ttc=-1.000 p=[0.000,0.000,0.000]
[fsm_node-3] [32m -- [Fsm 7.060] Current state: FOLLOW_TRAJ[0m
[perfect_drone_frontend_node-2] [INFO] [1789030452.342036934] [native_sector_cpp]: frames=74 published=74 kept 48.4% (16424/33907 pts/input-frame)
[fsm_node-3] [INFO] [1789030452.378511272] [fsm_node]:  -- [TRAJ_GUARD_COMMIT] phase=ReplanOnce/no_backup gen=21 map=55 samples=29 range=[0.397,0.528] escape=false footprint_egress=false escape_done_tt=-1.000
[fsm_node-3] [32m -- [Fsm] ReplanOnce succeed.[0m
[fsm_node-3] [INFO] [1789030452.444224980] [fsm_node]:  -- [TRAJ_GUARD_COMMIT] phase=ReplanOnce/no_backup gen=22 map=56 samples=16 range=[0.462,0.528] escape=false footprint_egress=false escape_done_tt=-1.000
[fsm_node-3]  -- [TRAJ_GUARD_CERT] trigger=poly_publish status=SAFE gen=21 map=55 map_age=0.081s map_age_limit=0.550s motion_speed=0.804mps samples=28 range=[0.397,0.528] collision_tt=-1.000 ttc=-1.000 p=[0.000,0.000,0.000]
[fsm_node-3]  -- [TRAJ_GUARD_CERT] trigger=main_pre status=SAFE gen=21 map=56 map_age=0.001s map_age_limit=0.550s motion_speed=0.553mps samples=23 range=[0.418,0.528] collision_tt=-1.000 ttc=-1.000 p=[0.000,0.000,0.000]
[fsm_node-3] [32m -- [Fsm] ReplanOnce succeed.[0m
[fsm_node-3]  -- [TRAJ_GUARD_CERT] trigger=poly_publish status=SAFE gen=22 map=56 map_age=0.046s map_age_limit=0.550s motion_speed=0.135mps samples=15 range=[0.463,0.528] collision_tt=-1.000 ttc=-1.000 p=[0.000,0.000,0.000]
[fsm_node-3]  -- [TRAJ_GUARD_CERT] trigger=main_pre status=SAFE gen=22 map=57 map_age=0.003s map_age_limit=0.550s motion_speed=0.004mps samples=3 range=[0.518,0.528] collision_tt=-1.000 ttc=-1.000 p=[0.000,0.000,0.000]
[fsm_node-3] [32m -- [Fsm] Traj finish.[0m
[fsm_node-3] [38;2;000;128;000m -- [Fsm]: [PubCmdCallback] change state from [FOLLOW_TRAJ] to [WAIT_GOAL].
[fsm_node-3] [0m[32m -- [Fsm] ReplanOnce succeed.[0m
[perfect_drone_frontend_node-2] [INFO] [1789030452.693556132] [perfect_tracking]: [SENSOR_CADENCE_SUMMARY] frames=100 span_s=9.899620 hz=10.000384 raw_published=0 direct_handoffs=78 payload_bytes=82228352 side_entry_v1_enabled=0 side_entry_v1_spawned=0 side_entry_v1_injected_frames=0
[perfect_drone_frontend_node-2] [INFO] [1789030452.693649693] [perfect_tracking]: [SENSOR_BURST_DROPOUT_SUMMARY] enabled=1 warmup_s=1.000000 period_s=2.000000 duration_s=0.500000 phase_s=0.000000 phase_env_override=1 rendered=100 delivered=78 dropped=22 bursts=5 max_consecutive_dropped=5 max_delivered_gap_s=0.600836 dropped_payload_bytes=19654496
