[INFO] [launch]: All log files can be found below /root/.ros/log/2026-09-15-02-45-23-882495-livox-1633475
[INFO] [launch]: Default logging verbosity is set to INFO
[INFO] [waypoint_mission-1]: process started with pid [1633476]
[INFO] [perfect_drone_full_node-2]: process started with pid [1633478]
[waypoint_mission-1] [WARN] [1789407923.934529977] [waypoint_mission]:  -- [MissionPlanner] Load config by file name: /root/super_ws/src/SUPER/mission_planner/config/waypoint.yaml
[waypoint_mission-1] [WARN] [1789407923.934637917] [waypoint_mission]:  -- [MissionPlanner] Load data by file name: /root/super_ws/src/SUPER/mission_planner/data/loop24.txt
[perfect_drone_full_node-2] Load config file: /root/super_ws/install/super_planner/share/super_planner/config/static_seedmaps_guard_viability_tight_v7.yaml
[perfect_drone_full_node-2] [0;32m Load param fsm/timer_en success: [0;0m1
[perfect_drone_full_node-2] [0;32m Load param super_planner/detailed_log_en success: [0;0m0
[perfect_drone_full_node-2] [0;32m Load param super_planner/detailed_log_max_entries success: [0;0m64
[perfect_drone_full_node-2] [0;32m Load param fsm/click_goal_en success: [0;0m1
[perfect_drone_full_node-2] [0;32m Load param fsm/click_yaw_en success: [0;0m1
[perfect_drone_full_node-2] [0;32m Load param fsm/replan_rate success: [0;0m15
[perfect_drone_full_node-2] [0;32m Load param fsm/click_height success: [0;0m1.5
[perfect_drone_full_node-2] [0;32m Load param fsm/cmd_topic success: [0;0m/planning/pos_cmd
[perfect_drone_full_node-2] [0;32m Load param fsm/mpc_cmd_topic success: [0;0m/planning_cmd/poly_traj
[perfect_drone_full_node-2] [0;32m Load param fsm/click_goal_topic success: [0;0m/planning/click_goal
[perfect_drone_full_node-2] [0;32m Load param fsm/map_readiness/enable success: [0;0m1
[perfect_drone_full_node-2] [0;32m Load param fsm/map_readiness/min_accepted_scans success: [0;0m5
[perfect_drone_full_node-2] [0;32m Load param fsm/map_readiness/min_committed_scans success: [0;0m5
[perfect_drone_full_node-2] [0;32m Load param fsm/map_readiness/max_commit_lag_scans success: [0;0m5
[perfect_drone_full_node-2] [0;32m Load param fsm/map_readiness/min_scan_span_s success: [0;0m1
[perfect_drone_full_node-2] [0;32m Load param fsm/map_readiness/max_cloud_age_s success: [0;0m0.75
[perfect_drone_full_node-2] [0;32m Load param fsm/map_readiness/max_map_age_s success: [0;0m0.55
[perfect_drone_full_node-2] [0;32m Load param fsm/trajectory_guard/enable success: [0;0m1
[perfect_drone_full_node-2] [0;33m Load param fsm/trajectory_guard/same_map_replan_coalesce_enable failed, use default value: [0;0m0
[perfect_drone_full_node-2] [0;33m Load param fsm/trajectory_guard/same_map_replan_min_interval_s failed, use default value: [0;0m0
[perfect_drone_full_node-2] [0;32m Load param fsm/trajectory_guard/shadow success: [0;0m0
[perfect_drone_full_node-2] [0;32m Load param fsm/trajectory_guard/max_map_age_s success: [0;0m0.75
[perfect_drone_full_node-2] [0;32m Load param fsm/trajectory_guard/brake_trigger_map_age_s success: [0;0m0.55
[perfect_drone_full_node-2] [0;32m Load param fsm/trajectory_guard/brake_trigger_high_speed_map_age_s success: [0;0m0.5
[perfect_drone_full_node-2] [0;32m Load param fsm/trajectory_guard/brake_trigger_low_speed_mps success: [0;0m2.5
[perfect_drone_full_node-2] [0;32m Load param fsm/trajectory_guard/brake_trigger_high_speed_mps success: [0;0m3.5
[perfect_drone_full_node-2] [0;33m Load param fsm/trajectory_guard/full_refresh_ack_sla_s failed, use default value: [0;0m0
[perfect_drone_full_node-2] [0;32m Load param fsm/trajectory_guard/raw_cloud/enable success: [0;0m0
[perfect_drone_full_node-2] [0;33m Load param fsm/trajectory_guard/raw_cloud/source_topic failed, use default value: [0;0m
[perfect_drone_full_node-2] [0;32m Load param fsm/trajectory_guard/raw_cloud/max_age_s success: [0;0m0.75
[perfect_drone_full_node-2] [0;32m Load param fsm/trajectory_guard/raw_cloud/clearance_m success: [0;0m0.3
[perfect_drone_full_node-2] [0;32m Load param fsm/trajectory_guard/validation_sample_dt_s success: [0;0m0.005
[perfect_drone_full_node-2] [0;32m Load param fsm/trajectory_guard/shadow_min_interval_s success: [0;0m0
[perfect_drone_full_node-2] [0;32m Load param fsm/trajectory_guard/additional_clearance_m success: [0;0m0
[perfect_drone_full_node-2] [0;33m Load param fsm/trajectory_guard/brake_min_duration_s failed, use default value: [0;0m0.4
[perfect_drone_full_node-2] [0;32m Load param fsm/trajectory_guard/brake_max_duration_s success: [0;0m3
[perfect_drone_full_node-2] [0;32m Load param fsm/trajectory_guard/brake_max_acc_mps2 success: [0;0m20
[perfect_drone_full_node-2] [0;32m Load param fsm/trajectory_guard/brake_max_jerk_mps3 success: [0;0m120
[perfect_drone_full_node-2] [0;32m Load param fsm/trajectory_guard/brake_command_max_age_s success: [0;0m0.1
[perfect_drone_full_node-2] [0;32m Load param fsm/trajectory_guard/brake_command_max_position_error_m success: [0;0m0.5
[perfect_drone_full_node-2] [0;32m Load param fsm/trajectory_guard/brake_command_max_velocity_error_mps success: [0;0m2
[perfect_drone_full_node-2] [0;32m Load param fsm/trajectory_guard/brake_retry_interval_s success: [0;0m0.1
[perfect_drone_full_node-2] [0;32m Load param fsm/trajectory_guard/unknown_as_occupied success: [0;0m1
[perfect_drone_full_node-2] [0;33m Load param fsm/trajectory_guard/raw_cloud/ciri_shadow_en failed, use default value: [0;0m0
[perfect_drone_full_node-2] [0;33m Load param fsm/trajectory_guard/raw_cloud/accum_window_s failed, use default value: [0;0m1.5
[perfect_drone_full_node-2] [0;33m Load param fsm/trajectory_guard/raw_cloud/ciri_min_points failed, use default value: [0;0m200
[perfect_drone_full_node-2] [0;33m Load param fsm/trajectory_guard/raw_cloud/ciri_voxel_m failed, use default value: [0;0m0.1
[perfect_drone_full_node-2] [0;33m Load param fsm/trajectory_guard/raw_cloud/near_field_shadow_en failed, use default value: [0;0m0
[perfect_drone_full_node-2] [0;33m Load param fsm/trajectory_guard/raw_cloud/near_field_clearance_m failed, use default value: [0;0m0.2
[perfect_drone_full_node-2] [0;33m Load param fsm/trajectory_guard/raw_cloud/near_field_horizon_s failed, use default value: [0;0m1
[perfect_drone_full_node-2] [0;33m Load param fsm/trajectory_guard/raw_cloud/near_field_sample_dt_s failed, use default value: [0;0m0.01
[perfect_drone_full_node-2] [0;33m Load param fsm/trajectory_guard/raw_cloud/near_field_min_interval_s failed, use default value: [0;0m0.1
[perfect_drone_full_node-2] [0;33m Load param fsm/trajectory_guard/raw_cloud/near_field_min_points failed, use default value: [0;0m200
[perfect_drone_full_node-2] [0;33m Load param fsm/trajectory_guard/raw_cloud/near_field_voxel_m failed, use default value: [0;0m0
[perfect_drone_full_node-2] [0;33m Load param fsm/trajectory_guard/raw_cloud/near_field_test_replay_mode failed, use default value: [0;0m0
[perfect_drone_full_node-2] [0;33m Load param fsm/trajectory_guard/raw_cloud/near_field_enforce_en failed, use default value: [0;0m0
[perfect_drone_full_node-2] [0;33m Load param fsm/trajectory_guard/raw_cloud/near_field_result_max_age_s failed, use default value: [0;0m0.2
[perfect_drone_full_node-2] [0;33m Load param fsm/trajectory_guard/raw_cloud/near_field_max_sequence_lag failed, use default value: [0;0m1
[perfect_drone_full_node-2] [0;33m Load param fsm/trajectory_guard/raw_cloud/near_field_egress_tolerance_m failed, use default value: [0;0m0.005
[perfect_drone_full_node-2] [0;33m Load param fsm/trajectory_guard/raw_cloud/near_field_egress_min_progress_m failed, use default value: [0;0m0.02
[perfect_drone_full_node-2] [0;33m Load param fsm/trajectory_guard/frontend_risk/shadow_en failed, use default value: [0;0m0
[perfect_drone_full_node-2] [0;33m Load param fsm/trajectory_guard/frontend_risk/enforce_en failed, use default value: [0;0m0
[perfect_drone_full_node-2] [0;33m Load param fsm/trajectory_guard/frontend_risk/topic failed, use default value: [0;0m/planning/trajectory_risk_verdict
[perfect_drone_full_node-2] [0;33m Load param fsm/trajectory_guard/frontend_risk/result_max_age_s failed, use default value: [0;0m0.2
[perfect_drone_full_node-2] [0;33m Load param fsm/trajectory_guard/frontend_risk/source_max_age_s failed, use default value: [0;0m0.75
[perfect_drone_full_node-2] [0;33m Load param fsm/trajectory_guard/frontend_risk/current_body_enforce_en failed, use default value: [0;0m0
[perfect_drone_full_node-2] [0;33m Load param fsm/trajectory_guard/frontend_risk/current_body_result_max_age_s failed, use default value: [0;0m0.15
[perfect_drone_full_node-2] [0;33m Load param fsm/trajectory_guard/frontend_risk/current_body_source_max_age_s failed, use default value: [0;0m0.2
[perfect_drone_full_node-2] [0;32m Load param super_planner/yaw_dot_max success: [0;0m3
[perfect_drone_full_node-2] [0;32m Load param super_planner/visualization_en success: [0;0m0
[perfect_drone_full_node-2] [0;32m Load param rog_map/resolution success: [0;0m0.05
[perfect_drone_full_node-2] Load config file: /root/super_ws/install/super_planner/share/super_planner/config/static_seedmaps_guard_viability_tight_v7.yaml
[perfect_drone_full_node-2] [0;32m Load param rog_map/esdf/resolution success: [0;0m0.1
[perfect_drone_full_node-2] [0;32m Load param rog_map/esdf/enable success: [0;0m0
[perfect_drone_full_node-2] [0;32m Load param rog_map/esdf/local_update_box success: [0;0m[5 5 3 ]
[perfect_drone_full_node-2] [0;32m Load param rog_map/load_pcd_en success: [0;0m0
[perfect_drone_full_node-2] [0;32m Load param rog_map/map_sliding/enable success: [0;0m0
[perfect_drone_full_node-2] [0;32m Load param rog_map/map_sliding/threshold success: [0;0m3
[perfect_drone_full_node-2] [0;32m Load param rog_map/fix_map_origin success: [0;0m[0 0 1.5 ]
[perfect_drone_full_node-2] [0;32m Load param rog_map/frontier_extraction_en success: [0;0m0
[perfect_drone_full_node-2] [0;32m Load param rog_map/ros_callback/enable success: [0;0m1
[perfect_drone_full_node-2] [0;32m Load param rog_map/ros_callback/cloud_topic success: [0;0m/cloud_registered
[perfect_drone_full_node-2] [0;33m Load param rog_map/ros_callback/cloud_reliable failed, use default value: [0;0m0
[perfect_drone_full_node-2] [0;32m Load param rog_map/ros_callback/odom_topic success: [0;0m/lidar_slam/odom
[perfect_drone_full_node-2] [0;32m Load param rog_map/ros_callback/odom_timeout success: [0;0m2
[perfect_drone_full_node-2] [0;32m Load param rog_map/visualization/enable success: [0;0m0
[perfect_drone_full_node-2] [0;32m Load param rog_map/visualization/use_dynamic_reconfigure success: [0;0m0
[perfect_drone_full_node-2] [0;32m Load param rog_map/visualization/pub_unknown_map_en success: [0;0m0
[perfect_drone_full_node-2] [0;32m Load param rog_map/visualization/frame_id success: [0;0mworld
[perfect_drone_full_node-2] [0;32m Load param rog_map/visualization/time_rate success: [0;0m2
[perfect_drone_full_node-2] [0;32m Load param rog_map/visualization/frame_rate success: [0;0m0
[perfect_drone_full_node-2] [0;32m Load param rog_map/visualization/range success: [0;0m[15 15 4 ]
[perfect_drone_full_node-2] [0;32m Load param rog_map/resolution success: [0;0m0.05
[perfect_drone_full_node-2] [0;32m Load param rog_map/inflation_resolution success: [0;0m0.1
[perfect_drone_full_node-2] [0;32m Load param rog_map/unk_inflation_en success: [0;0m0
[perfect_drone_full_node-2] [0;32m Load param rog_map/unk_inflation_step success: [0;0m1
[perfect_drone_full_node-2] [0;32m Load param rog_map/inflation_step success: [0;0m3
[perfect_drone_full_node-2] [0;32m Load param rog_map/intensity_thresh success: [0;0m-10
[perfect_drone_full_node-2] [0;32m Load param rog_map/map_size success: [0;0m[70 70 6 ]
[perfect_drone_full_node-2] [0;32m Load param rog_map/point_filt_num success: [0;0m1
[perfect_drone_full_node-2] [0;32m Load param rog_map/raycasting/enable success: [0;0m0
[perfect_drone_full_node-2] [0;32m Load param rog_map/raycasting/batch_update_size success: [0;0m1
[perfect_drone_full_node-2] [0;32m Load param rog_map/raycasting/unk_thresh success: [0;0m1
[perfect_drone_full_node-2] [0;32m Load param rog_map/raycasting/p_hit success: [0;0m0.9
[perfect_drone_full_node-2] [0;32m Load param rog_map/raycasting/p_miss success: [0;0m0.49
[perfect_drone_full_node-2] [0;32m Load param rog_map/raycasting/p_min success: [0;0m0.12
[perfect_drone_full_node-2] [0;32m Load param rog_map/raycasting/p_max success: [0;0m0.98
[perfect_drone_full_node-2] [0;32m Load param rog_map/raycasting/p_occ success: [0;0m0.85
[perfect_drone_full_node-2] [0;32m Load param rog_map/raycasting/p_free success: [0;0m0.499
[perfect_drone_full_node-2] [0;32m Load param rog_map/raycasting/p_free success: [0;0m0.499
[perfect_drone_full_node-2] [0;32m Load param rog_map/raycasting/ray_range success: [0;0m[0.5 100 ]
[perfect_drone_full_node-2] [0;33m Load param rog_map/raycasting/observed_mark_range_max failed, use default value: [0;0m10
[perfect_drone_full_node-2] [0;32m Load param rog_map/raycasting/local_update_box success: [0;0m[100 100 5 ]
[perfect_drone_full_node-2] [0;32m Load param rog_map/virtual_ground_height success: [0;0m-0.1
[perfect_drone_full_node-2] [0;32m Load param rog_map/virtual_ceil_height success: [0;0m3.5
[perfect_drone_full_node-2] [32m -- [RM-Config] inflation_resolution: 0.1[0m
[perfect_drone_full_node-2]  -- [ROG-Map] Init, resetMapSize: ORIGIN_AT_CORNER.
[perfect_drone_full_node-2]  -- [ROG-Map] Init, resetMapSize: virtual_ceil_height: 3.1500000000000004, virtual_ground_height: 0.25.
[perfect_drone_full_node-2] [34m	[ROG] n_free: 1[0m
[perfect_drone_full_node-2] [34m	[ROG] n_occ: 1[0m
[perfect_drone_full_node-2] [34m	[ROG] l_hit: 2.19722[0m
[perfect_drone_full_node-2] [34m	[ROG] l_miss: -0.0400053[0m
[perfect_drone_full_node-2] [34m	[ROG] l_min: -1.99243[0m
[perfect_drone_full_node-2] [34m	[ROG] l_max: 3.89182[0m
[perfect_drone_full_node-2] [34m	[ROG] l_occ: 1.7346[0m
[perfect_drone_full_node-2] [34m	[ROG] l_free: -0.00399995[0m
[perfect_drone_full_node-2] [33m -- [Inf-Map] Clear all local map.[0m
[perfect_drone_full_node-2] [32m -- [CounterMap] Init successfully -- .[0m
[perfect_drone_full_node-2] [32m	resolution: 0.1[0m
[perfect_drone_full_node-2] [32m	map_sliding_en: 0[0m
[perfect_drone_full_node-2] [32m	local_map_size_i: 709 709  69[0m
[perfect_drone_full_node-2] [32m	local_map_size_d: 70.9 70.9  6.9[0m
[perfect_drone_full_node-2] [33m -- [Inf-Map] Clear all local map.[0m
[perfect_drone_full_node-2] [32m -- [InfMap] Init successfully -- .[0m
[perfect_drone_full_node-2] [32m	resolution: 0.1[0m
[perfect_drone_full_node-2] [32m	map_sliding_en: 0[0m
[perfect_drone_full_node-2] [32m	local_map_size_i: 709 709  69[0m
[perfect_drone_full_node-2] [32m	local_map_size_d: 70.9 70.9  6.9[0m
[perfect_drone_full_node-2] [ProbMap] virtual_ceil_height: 3.15
[perfect_drone_full_node-2] [ProbMap] virtual_ground_height: 0.25
[perfect_drone_full_node-2] [33m -- [ProbMap] Map sliding disabled, set origin to [  0   0 1.5] -- [0m
[perfect_drone_full_node-2] [33m -- [Prob-Map] Clear all local map.[0m
[perfect_drone_full_node-2] [32m -- [ProbMap] Init successfully -- .[0m
[perfect_drone_full_node-2] [32m	resolution: 0.05[0m
[perfect_drone_full_node-2] [32m	map_sliding_en: 0[0m
[perfect_drone_full_node-2] [32m	local_map_size_i: 1401 1401  121[0m
[perfect_drone_full_node-2] [32m	local_map_size_d: 70.05 70.05  6.05[0m
[perfect_drone_full_node-2] [38;2;000;128;000m -- [ROGMap] Immutable planner snapshot enabled (fixed occupancy-only map).
[perfect_drone_full_node-2] [0mLoad config file: /root/super_ws/install/super_planner/share/super_planner/config/static_seedmaps_guard_viability_tight_v7.yaml
[perfect_drone_full_node-2] Load config file: /root/super_ws/install/super_planner/share/super_planner/config/static_seedmaps_guard_viability_tight_v7.yaml
[perfect_drone_full_node-2] [0;32m Load param traj_opt/switch/print_optimizer_log success: [0;0m0
[perfect_drone_full_node-2] [0;32m Load param traj_opt/flatness/mass success: [0;0m1.64
[perfect_drone_full_node-2] [0;32m Load param traj_opt/flatness/dh success: [0;0m0.35
[perfect_drone_full_node-2] [0;32m Load param traj_opt/flatness/dv success: [0;0m0.35
[perfect_drone_full_node-2] [0;32m Load param traj_opt/flatness/grav success: [0;0m9.81
[perfect_drone_full_node-2] [0;32m Load param traj_opt/flatness/cp success: [0;0m0.001
[perfect_drone_full_node-2] [0;32m Load param traj_opt/flatness/v_eps success: [0;0m0.0001
[perfect_drone_full_node-2] [0;32m Load param traj_opt/switch/save_log_en success: [0;0m0
[perfect_drone_full_node-2] [0;32m Load param traj_opt/exp_traj/pos_constraint_type success: [0;0m1
[perfect_drone_full_node-2] [0;33m Load param traj_opt/exp_traj/piece_num failed, use default value: [0;0m1
[perfect_drone_full_node-2] [0;33m Load param traj_opt/exp_traj/uniform_time_en failed, use default value: [0;0m0
[perfect_drone_full_node-2] [0;32m Load param traj_opt/exp_traj/block_energy_cost success: [0;0m0
[perfect_drone_full_node-2] [0;32m Load param traj_opt/exp_traj/opt_accuracy success: [0;0m5e-06
[perfect_drone_full_node-2] [0;33m Load param traj_opt/exp_traj/max_iterations failed, use default value: [0;0m2048
[perfect_drone_full_node-2] [0;32m Load param traj_opt/exp_traj/integral_reso success: [0;0m15
[perfect_drone_full_node-2] [0;32m Load param traj_opt/exp_traj/smooth_eps success: [0;0m0.01
[perfect_drone_full_node-2] [0;32m Load param traj_opt/boundary/max_vel success: [0;0m7
[perfect_drone_full_node-2] [0;32m Load param traj_opt/boundary/max_acc success: [0;0m20
[perfect_drone_full_node-2] [0;32m Load param traj_opt/boundary/max_jerk success: [0;0m120
[perfect_drone_full_node-2] [0;32m Load param traj_opt/boundary/max_omg success: [0;0m2.5
[perfect_drone_full_node-2] [0;32m Load param traj_opt/boundary/max_acc_thr success: [0;0m17
[perfect_drone_full_node-2] [0;32m Load param traj_opt/boundary/min_acc_thr success: [0;0m6
[perfect_drone_full_node-2] [0;32m Load param traj_opt/boundary/penna_margin success: [0;0m0.05
[perfect_drone_full_node-2] [0;33m Load param traj_opt/exp_traj/penna_scale failed, use default value: [0;0m-1
[perfect_drone_full_node-2] [0;32m Load param traj_opt/exp_traj/penna_t success: [0;0m1e+07
[perfect_drone_full_node-2] [0;33m Load param traj_opt/exp_traj/penna_ts failed, use default value: [0;0m-1
[perfect_drone_full_node-2] [0;32m Load param traj_opt/exp_traj/penna_pos success: [0;0m5e+09
[perfect_drone_full_node-2] [0;32m Load param traj_opt/exp_traj/penna_clr success: [0;0m1e+06
[perfect_drone_full_node-2] [0;32m Load param traj_opt/exp_traj/clearance_margin success: [0;0m0.1
[perfect_drone_full_node-2] [0;32m Load param traj_opt/exp_traj/clearance_speed_gate success: [0;0m1.5
[perfect_drone_full_node-2] [0;32m Load param traj_opt/exp_traj/clearance_speed_transition success: [0;0m0.5
[perfect_drone_full_node-2] [0;33m Load param traj_opt/exp_traj/penna_passage_center failed, use default value: [0;0m-1
[perfect_drone_full_node-2] [0;33m Load param traj_opt/exp_traj/passage_center_max_width failed, use default value: [0;0m0
[perfect_drone_full_node-2] [0;33m Load param traj_opt/exp_traj/passage_center_min_opposition_cos failed, use default value: [0;0m0.9
[perfect_drone_full_node-2] [0;33m Load param traj_opt/exp_traj/passage_center_min_horizontal_normal failed, use default value: [0;0m0.8
[perfect_drone_full_node-2] [0;33m Load param traj_opt/exp_traj/passage_center_deadband failed, use default value: [0;0m0.15
[perfect_drone_full_node-2] [0;33m Load param traj_opt/exp_traj/passage_center_log_en failed, use default value: [0;0m0
[perfect_drone_full_node-2] [0;32m Load param traj_opt/exp_traj/penna_vel success: [0;0m5e+08
[perfect_drone_full_node-2] [0;32m Load param traj_opt/exp_traj/penna_acc success: [0;0m5e+08
[perfect_drone_full_node-2] [0;32m Load param traj_opt/exp_traj/penna_jerk success: [0;0m-5e+08
[perfect_drone_full_node-2] [0;32m Load param traj_opt/exp_traj/penna_attract success: [0;0m5e+08
[perfect_drone_full_node-2] [0;32m Load param traj_opt/exp_traj/penna_omg success: [0;0m-1
[perfect_drone_full_node-2] [0;32m Load param traj_opt/exp_traj/penna_thr success: [0;0m-1
[perfect_drone_full_node-2] Load config file: /root/super_ws/install/super_planner/share/super_planner/config/static_seedmaps_guard_viability_tight_v7.yaml
[perfect_drone_full_node-2] [0;32m Load param traj_opt/switch/print_optimizer_log success: [0;0m0
[perfect_drone_full_node-2] [0;32m Load param traj_opt/flatness/mass success: [0;0m1.64
[perfect_drone_full_node-2] [0;32m Load param traj_opt/flatness/dh success: [0;0m0.35
[perfect_drone_full_node-2] [0;32m Load param traj_opt/flatness/dv success: [0;0m0.35
[perfect_drone_full_node-2] [0;32m Load param traj_opt/flatness/grav success: [0;0m9.81
[perfect_drone_full_node-2] [0;32m Load param traj_opt/flatness/cp success: [0;0m0.001
[perfect_drone_full_node-2] [0;32m Load param traj_opt/flatness/v_eps success: [0;0m0.0001
[perfect_drone_full_node-2] [0;32m Load param traj_opt/switch/save_log_en success: [0;0m0
[perfect_drone_full_node-2] [0;32m Load param traj_opt/backup_traj/pos_constraint_type success: [0;0m2
[perfect_drone_full_node-2] [0;32m Load param traj_opt/backup_traj/piece_num success: [0;0m2
[perfect_drone_full_node-2] [0;32m Load param traj_opt/backup_traj/uniform_time_en success: [0;0m1
[perfect_drone_full_node-2] [0;32m Load param traj_opt/backup_traj/block_energy_cost success: [0;0m1
[perfect_drone_full_node-2] [0;32m Load param traj_opt/backup_traj/opt_accuracy success: [0;0m1e-05
[perfect_drone_full_node-2] [0;33m Load param traj_opt/backup_traj/max_iterations failed, use default value: [0;0m2048
[perfect_drone_full_node-2] [0;32m Load param traj_opt/backup_traj/integral_reso success: [0;0m12
[perfect_drone_full_node-2] [0;32m Load param traj_opt/backup_traj/smooth_eps success: [0;0m0.01
[perfect_drone_full_node-2] [0;32m Load param traj_opt/boundary/max_vel success: [0;0m7
[perfect_drone_full_node-2] [0;32m Load param traj_opt/boundary/max_acc success: [0;0m20
[perfect_drone_full_node-2] [0;32m Load param traj_opt/boundary/max_jerk success: [0;0m120
[perfect_drone_full_node-2] [0;32m Load param traj_opt/boundary/max_omg success: [0;0m2.5
[perfect_drone_full_node-2] [0;32m Load param traj_opt/boundary/max_acc_thr success: [0;0m17
[perfect_drone_full_node-2] [0;32m Load param traj_opt/boundary/min_acc_thr success: [0;0m6
[perfect_drone_full_node-2] [0;32m Load param traj_opt/boundary/penna_margin success: [0;0m0.05
[perfect_drone_full_node-2] [0;33m Load param traj_opt/backup_traj/penna_scale failed, use default value: [0;0m-1
[perfect_drone_full_node-2] [0;32m Load param traj_opt/backup_traj/penna_t success: [0;0m100
[perfect_drone_full_node-2] [0;32m Load param traj_opt/backup_traj/penna_ts success: [0;0m1e+07
[perfect_drone_full_node-2] [0;32m Load param traj_opt/backup_traj/penna_pos success: [0;0m1e+10
[perfect_drone_full_node-2] [0;32m Load param traj_opt/backup_traj/penna_clr success: [0;0m1e+06
[perfect_drone_full_node-2] [0;32m Load param traj_opt/backup_traj/clearance_margin success: [0;0m0.1
[perfect_drone_full_node-2] [0;32m Load param traj_opt/backup_traj/clearance_speed_gate success: [0;0m1.5
[perfect_drone_full_node-2] [0;32m Load param traj_opt/backup_traj/clearance_speed_transition success: [0;0m0.5
[perfect_drone_full_node-2] [0;33m Load param traj_opt/backup_traj/penna_passage_center failed, use default value: [0;0m-1
[perfect_drone_full_node-2] [0;33m Load param traj_opt/backup_traj/passage_center_max_width failed, use default value: [0;0m0
[perfect_drone_full_node-2] [0;33m Load param traj_opt/backup_traj/passage_center_min_opposition_cos failed, use default value: [0;0m0.9
[perfect_drone_full_node-2] [0;33m Load param traj_opt/backup_traj/passage_center_min_horizontal_normal failed, use default value: [0;0m0.8
[perfect_drone_full_node-2] [0;33m Load param traj_opt/backup_traj/passage_center_deadband failed, use default value: [0;0m0.15
[perfect_drone_full_node-2] [0;33m Load param traj_opt/backup_traj/passage_center_log_en failed, use default value: [0;0m0
[perfect_drone_full_node-2] [0;32m Load param traj_opt/backup_traj/penna_vel success: [0;0m1e+08
[perfect_drone_full_node-2] [0;32m Load param traj_opt/backup_traj/penna_acc success: [0;0m1e+08
[perfect_drone_full_node-2] [0;32m Load param traj_opt/backup_traj/penna_jerk success: [0;0m-1e+06
[perfect_drone_full_node-2] [0;33m Load param traj_opt/backup_traj/penna_attract failed, use default value: [0;0m-1
[perfect_drone_full_node-2] [0;32m Load param traj_opt/backup_traj/penna_omg success: [0;0m-1
[perfect_drone_full_node-2] [0;32m Load param traj_opt/backup_traj/penna_thr success: [0;0m-1
[perfect_drone_full_node-2] [0;32m Load param super_planner/print_log success: [0;0m0
[perfect_drone_full_node-2] [0;32m Load param super_planner/detailed_log_en success: [0;0m0
[perfect_drone_full_node-2] [0;32m Load param super_planner/visualization_en success: [0;0m0
[perfect_drone_full_node-2] [0;32m Load param super_planner/backup_traj_en success: [0;0m1
[perfect_drone_full_node-2] [0;32m Load param super_planner/goal_vel_en success: [0;0m0
[perfect_drone_full_node-2] [0;32m Load param super_planner/goal_yaw_en success: [0;0m0
[perfect_drone_full_node-2] [0;32m Load param super_planner/visual_process success: [0;0m0
[perfect_drone_full_node-2] [0;32m Load param super_planner/use_fov_cut success: [0;0m0
[perfect_drone_full_node-2] [0;33m Load param super_planner/fov_horizontal_angle failed, use default value: [0;0m-1
[perfect_drone_full_node-2] [0;33m Load param super_planner/fov_center_heading failed, use default value: [0;0m0
[perfect_drone_full_node-2] [0;32m Load param super_planner/frontend_in_known_free success: [0;0m0
[perfect_drone_full_node-2] [0;32m Load param fsm/trajectory_guard/enable success: [0;0m1
[perfect_drone_full_node-2] [0;32m Load param fsm/trajectory_guard/shadow success: [0;0m0
[perfect_drone_full_node-2] [0;32m Load param fsm/trajectory_guard/validation_sample_dt_s success: [0;0m0.005
[perfect_drone_full_node-2] [0;32m Load param fsm/trajectory_guard/shadow_min_interval_s success: [0;0m0
[perfect_drone_full_node-2] [0;32m Load param fsm/trajectory_guard/additional_clearance_m success: [0;0m0
[perfect_drone_full_node-2] [0;32m Load param fsm/trajectory_guard/escape_max_duration_s success: [0;0m1
[perfect_drone_full_node-2] [0;32m Load param fsm/trajectory_guard/unknown_as_occupied success: [0;0m1
[perfect_drone_full_node-2] [0;32m Load param fsm/trajectory_guard/escape_entry_grace_s success: [0;0m0
[perfect_drone_full_node-2] [0;32m Load param fsm/trajectory_guard/initial_footprint_egress_enable success: [0;0m1
[perfect_drone_full_node-2] [0;32m Load param super_planner/safe_corridor_line_max_length success: [0;0m6
[perfect_drone_full_node-2] [0;32m Load param super_planner/sensing_horizon success: [0;0m-1
[perfect_drone_full_node-2] [0;32m Load param super_planner/obs_skip_num success: [0;0m2
[perfect_drone_full_node-2] [0;32m Load param super_planner/replan_forward_dt success: [0;0m0.1
[perfect_drone_full_node-2] [0;32m Load param super_planner/corridor_bound_dis success: [0;0m0.8
[perfect_drone_full_node-2] [0;32m Load param super_planner/corridor_line_max_length success: [0;0m1
[perfect_drone_full_node-2] [0;32m Load param super_planner/planning_horizon success: [0;0m7
[perfect_drone_full_node-2] [0;32m Load param super_planner/receding_dis success: [0;0m1
[perfect_drone_full_node-2] [0;32m Load param super_planner/robot_r success: [0;0m0.2
[perfect_drone_full_node-2] [0;32m Load param super_planner/corridor_use_inflated_obstacles success: [0;0m0
[perfect_drone_full_node-2] [0;32m Load param super_planner/corridor_use_inflated_seed_lines success: [0;0m0
[perfect_drone_full_node-2] [0;32m Load param super_planner/corridor_guard_retry_inflated success: [0;0m1
[perfect_drone_full_node-2] [0;32m Load param super_planner/guard_corridor_retry_alternate_every success: [0;0m4
[perfect_drone_full_node-2] [0;32m Load param super_planner/guard_topology_reroute/enable success: [0;0m1
[perfect_drone_full_node-2] [0;32m Load param super_planner/guard_topology_reroute/radius_m success: [0;0m0.8
[perfect_drone_full_node-2] [0;32m Load param super_planner/guard_topology_reroute/growth_m success: [0;0m0
[perfect_drone_full_node-2] [0;32m Load param super_planner/guard_topology_reroute/max_radius_m success: [0;0m0.8
[perfect_drone_full_node-2] [0;32m Load param super_planner/guard_topology_reroute/max_zones success: [0;0m6
[perfect_drone_full_node-2] [0;32m Load param super_planner/guard_topology_reroute/max_stop_speed_mps success: [0;0m0.2
[perfect_drone_full_node-2] [0;32m Load param super_planner/guard_topology_reroute/escalate_every_rejects success: [0;0m3
[perfect_drone_full_node-2] [0;32m Load param super_planner/guard_topology_reroute/collision_merge_m success: [0;0m0.5
[perfect_drone_full_node-2] [0;32m Load param super_planner/guard_topology_reroute/start_clearance_m success: [0;0m0.3
[perfect_drone_full_node-2] [0;32m Load param super_planner/guard_topology_reroute/block_spacing_m success: [0;0m1
[perfect_drone_full_node-2] [0;32m Load param super_planner/guard_topology_reroute/direction_merge_angle_deg success: [0;0m30
[perfect_drone_full_node-2] [0;32m Load param super_planner/guard_topology_reroute/no_path_reset_attempts success: [0;0m3
[perfect_drone_full_node-2] [0;32m Load param super_planner/guard_topology_reroute/vertical_recovery_enable success: [0;0m1
[perfect_drone_full_node-2] [0;32m Load param super_planner/guard_topology_reroute/vertical_recovery_lift_m success: [0;0m0.6
[perfect_drone_full_node-2] [0;32m Load param super_planner/guard_topology_reroute/vertical_recovery_trigger_distance_m success: [0;0m0.75
[perfect_drone_full_node-2] [0;32m Load param super_planner/guard_topology_reroute/local_escape_enable success: [0;0m1
[perfect_drone_full_node-2] [0;32m Load param super_planner/guard_topology_reroute/local_escape_distance_m success: [0;0m0.6
[perfect_drone_full_node-2] [0;32m Load param super_planner/guard_topology_reroute/local_escape_attempts success: [0;0m4
[perfect_drone_full_node-2] [0;32m Load param super_planner/guard_topology_reroute/episode_progress_reset_m success: [0;0m2
[perfect_drone_full_node-2] [0;32m Load param super_planner/guard_topology_reroute/saturation_vertical_attempts success: [0;0m1
[perfect_drone_full_node-2] [0;32m Load param super_planner/guard_topology_reroute/base_no_path_vertical_attempts success: [0;0m1
[perfect_drone_full_node-2] [0;32m Load param super_planner/guard_direct_goal_fallback/enable success: [0;0m1
[perfect_drone_full_node-2] [0;32m Load param super_planner/guard_direct_goal_fallback/max_distance_m success: [0;0m3
[perfect_drone_full_node-2] [0;32m Load param super_planner/guard_direct_goal_fallback/min_duration_s success: [0;0m1
[perfect_drone_full_node-2] [0;32m Load param super_planner/guard_viability/enable success: [0;0m1
[perfect_drone_full_node-2] [0;32m Load param super_planner/guard_viability/horizon_s success: [0;0m2
[perfect_drone_full_node-2] [0;32m Load param super_planner/guard_viability/sample_dt_s success: [0;0m0.3
[perfect_drone_full_node-2] [0;32m Load param super_planner/guard_viability/brake_max_acc_mps2 success: [0;0m20
[perfect_drone_full_node-2] [0;32m Load param super_planner/guard_viability/brake_max_jerk_mps3 success: [0;0m120
[perfect_drone_full_node-2] [0;32m Load param super_planner/guard_viability/brake_min_duration_s success: [0;0m0.4
[perfect_drone_full_node-2] [0;32m Load param super_planner/guard_viability/brake_max_duration_s success: [0;0m3
[perfect_drone_full_node-2] [0;32m Load param super_planner/guard_viability/brake_attempts success: [0;0m12
[perfect_drone_full_node-2] [0;32m Load param super_planner/guard_viability/speed_scale_step success: [0;0m1.25
[perfect_drone_full_node-2] [0;32m Load param super_planner/guard_viability/speed_scale_max success: [0;0m3
[perfect_drone_full_node-2] [0;32m Load param super_planner/guard_viability/max_retries success: [0;0m4
[perfect_drone_full_node-2] [0;32m Load param super_planner/corridor_min_margin success: [0;0m0.2
[perfect_drone_full_node-2] [0;32m Load param super_planner/corridor_pref_margin success: [0;0m0.3
[perfect_drone_full_node-2] [0;32m Load param super_planner/iris_iter_num success: [0;0m2
[perfect_drone_full_node-2] [0;32m Load param super_planner/yaw_mode success: [0;0m1
[perfect_drone_full_node-2] [0;32m Load param super_planner/mpc_horizon success: [0;0m15
[perfect_drone_full_node-2] [0;32m Load param super_planner/yaw_dot_max success: [0;0m3
[perfect_drone_full_node-2] [0;32m Load param rog_map/resolution success: [0;0m0.05
[perfect_drone_full_node-2] [INFO] [1789407925.306839328] [fsm_node]:  -- [TRAJ_GUARD] mode=enforce sample_dt=0.0050s shadow_min_interval=0.000s inflation_radius=0.300m robot_r=0.200m additional_clearance=0.000m hard_clearance=0.300m clearance_offsets=0
[perfect_drone_full_node-2] [38;2;050;205;050m -- [Viz] Set resolution_ to 0.05
[perfect_drone_full_node-2] [0m[38;2;050;205;050m -- [Viz] Set visualization_en_ to false
[perfect_drone_full_node-2] [0mLoad config file: /root/super_ws/install/super_planner/share/super_planner/config/static_seedmaps_guard_viability_tight_v7.yaml
[perfect_drone_full_node-2] [0;32m Load param astar/map_voxel_num success: [0;0m[500 500 100 ]
[perfect_drone_full_node-2] [0;32m Load param astar/allow_diag success: [0;0m1
[perfect_drone_full_node-2] [0;32m Load param astar/debug_visualization_en success: [0;0m0
[perfect_drone_full_node-2] [0;32m Load param astar/heu_type success: [0;0m2
[perfect_drone_full_node-2] [0;32m Load param astar/visual_process success: [0;0m0
[perfect_drone_full_node-2] [32m -- [RM] Init Astar-map.[0m
[perfect_drone_full_node-2] [34m	map index size: 250 250  50[0m
[perfect_drone_full_node-2] [34m	map vox_num: 501 501 101[0m
[perfect_drone_full_node-2] [33m -- [Fsm] CLICKGOAL ENABLE.[0m
[perfect_drone_full_node-2] [WARN] [1789407926.856803442] [perfect_tracking]:  -- [MissionPlanner] Load config by file name: /root/super_ws/src/SUPER/mars_uav_sim/perfect_drone_sim/config/cyl2_d09.yaml
[perfect_drone_full_node-2] Load config file: /root/super_ws/src/SUPER/mars_uav_sim/perfect_drone_sim/config/cyl2_d09.yaml
[perfect_drone_full_node-2] [0;32m Load param mesh_resource success: [0;0mpackage://perfect_drone_sim/meshes/yunque-M.dae
[perfect_drone_full_node-2] [0;32m Load param init_position/x success: [0;0m0
[perfect_drone_full_node-2] [0;32m Load param init_position/y success: [0;0m0
[perfect_drone_full_node-2] [0;32m Load param init_position/z success: [0;0m1.5
[perfect_drone_full_node-2] [0;32m Load param init_yaw success: [0;0m0
[perfect_drone_full_node-2] [0;32m Load param sensing_rate success: [0;0m10
[perfect_drone_full_node-2] Load config file: /root/super_ws/src/SUPER/mars_uav_sim/perfect_drone_sim/config/cyl2_d09.yaml
[perfect_drone_full_node-2] [0;33m Load param side_entry_v1/enabled failed, use default value: [0;0m0
[perfect_drone_full_node-2] [0;33m Load param side_entry_v2/enabled failed, use default value: [0;0m0
[perfect_drone_full_node-2] [0;33m Load param side_entry_v3/enabled failed, use default value: [0;0m0
[perfect_drone_full_node-2] [0;33m Load param side_entry_v4/enabled failed, use default value: [0;0m0
[perfect_drone_full_node-2] [0;33m Load param side_entry_v5/enabled failed, use default value: [0;0m0
[perfect_drone_full_node-2] [0;33m Load param side_entry_v6/enabled failed, use default value: [0;0m0
[perfect_drone_full_node-2] [0;33m Load param side_entry_v7/enabled failed, use default value: [0;0m0
[perfect_drone_full_node-2] [0;33m Load param side_entry_v0/speed_min_mps failed, use default value: [0;0m2
[perfect_drone_full_node-2] [0;33m Load param side_entry_v0/yaw_velocity_mismatch_min_deg failed, use default value: [0;0m50
[perfect_drone_full_node-2] [0;33m Load param side_entry_v0/require_yaw_velocity_mismatch failed, use default value: [0;0m1
[perfect_drone_full_node-2] [0;33m Load param side_entry_v0/hold_s failed, use default value: [0;0m0.02
[perfect_drone_full_node-2] [0;33m Load param side_entry_v0/qualifying_samples failed, use default value: [0;0m0
[perfect_drone_full_node-2] [0;33m Load param side_entry_v0/prediction_s failed, use default value: [0;0m0.8
[perfect_drone_full_node-2] [0;33m Load param side_entry_v0/require_velocity_inside failed, use default value: [0;0m1
[perfect_drone_full_node-2] [0;33m Load param side_entry_v0/fixed_center_enabled failed, use default value: [0;0m0
[perfect_drone_full_node-2] [0;33m Load param side_entry_v0/fixed_center_x failed, use default value: [0;0m22.5
[perfect_drone_full_node-2] [0;33m Load param side_entry_v0/fixed_center_y failed, use default value: [0;0m23
[perfect_drone_full_node-2] [0;33m Load param side_entry_v0/trigger_distance_min_m failed, use default value: [0;0m0.8
[perfect_drone_full_node-2] [0;33m Load param side_entry_v0/trigger_distance_max_m failed, use default value: [0;0m3.5
[perfect_drone_full_node-2] [0;33m Load param side_entry_v0/trigger_waypoint_x failed, use default value: [0;0m24
[perfect_drone_full_node-2] [0;33m Load param side_entry_v0/trigger_waypoint_y failed, use default value: [0;0m24
[perfect_drone_full_node-2] [0;33m Load param side_entry_v0/trigger_waypoint_radius_m failed, use default value: [0;0m2
[perfect_drone_full_node-2] [0;33m Load param side_entry_v0/trap_waypoint_radius_m failed, use default value: [0;0m2
[perfect_drone_full_node-2] [0;33m Load param side_entry_v0/sector_half_angle_deg failed, use default value: [0;0m45
[perfect_drone_full_node-2] [0;33m Load param side_entry_v0/angular_margin_deg failed, use default value: [0;0m2
[perfect_drone_full_node-2] [0;33m Load param side_entry_v0/max_nudge_deg failed, use default value: [0;0m20
[perfect_drone_full_node-2] [0;33m Load param side_entry_v0/radius_m failed, use default value: [0;0m0.25
[perfect_drone_full_node-2] [0;33m Load param side_entry_v0/height_m failed, use default value: [0;0m3
[perfect_drone_full_node-2] [0;33m Load param side_entry_v0/point_spacing_m failed, use default value: [0;0m0.05
[perfect_drone_full_node-2] [0;33m Load param side_entry_v0/z_spacing_m failed, use default value: [0;0m0.1
[perfect_drone_full_node-2] [0;33m Load param side_entry_v0/sensing_horizon_m failed, use default value: [0;0m15
[perfect_drone_full_node-2] [0;33m Load param side_entry_v0/intensity failed, use default value: [0;0m14545
[perfect_drone_full_node-2] Load config file: /root/super_ws/src/SUPER/mars_uav_sim/perfect_drone_sim/config/cyl2_d09.yaml
[perfect_drone_full_node-2] [0;33m Load param sensor_burst_dropout/enabled failed, use default value: [0;0m0
[perfect_drone_full_node-2] [0;33m Load param sensor_burst_dropout/warmup_s failed, use default value: [0;0m1
[perfect_drone_full_node-2] [0;33m Load param sensor_burst_dropout/period_s failed, use default value: [0;0m2
[perfect_drone_full_node-2] [0;33m Load param sensor_burst_dropout/duration_s failed, use default value: [0;0m0.5
[perfect_drone_full_node-2] [0;33m Load param sensor_burst_dropout/phase_s failed, use default value: [0;0m0
[perfect_drone_full_node-2] Load config file: /root/super_ws/src/SUPER/mars_uav_sim/perfect_drone_sim/config/cyl2_d09.yaml
[perfect_drone_full_node-2] [0;32m Load param sensing_blind success: [0;0m0.1
[perfect_drone_full_node-2] [0;32m Load param sensing_horizon success: [0;0m15
[perfect_drone_full_node-2] [0;32m Load param sensing_rate success: [0;0m10
[perfect_drone_full_node-2] [0;32m Load param lidar_type success: [0;0m2
[perfect_drone_full_node-2] [0;32m Load param pcd_name success: [0;0mseed_maps/cyl2_d09.pcd
[perfect_drone_full_node-2] [0;32m Load param is_360lidar success: [0;0m1
[perfect_drone_full_node-2] [0;32m Load param polar_resolution success: [0;0m0.4
[perfect_drone_full_node-2] [0;33m Load param fx failed, use default value: [0;0m250
[perfect_drone_full_node-2] [0;33m Load param fy failed, use default value: [0;0m250
[perfect_drone_full_node-2] [0;33m Load param line_number failed, use default value: [0;0m64
[perfect_drone_full_node-2] [0;32m Load param downsample_res success: [0;0m0.1
[perfect_drone_full_node-2] [0;33m Load param yaw_fov failed, use default value: [0;0m360
[perfect_drone_full_node-2] [0;32m Load param vertical_fov success: [0;0m178
[perfect_drone_full_node-2] [0;32m Load param depth_image_en success: [0;0m0
[perfect_drone_full_node-2] [0;33m Load param inf_point_en failed, use default value: [0;0m0
[perfect_drone_full_node-2] [0;32m Load param print_time_consumption success: [0;0m0
[perfect_drone_full_node-2] GLAD init success
[perfect_drone_full_node-2] Load shader frome: /root/super_ws/src/SUPER/mars_uav_sim/marsim_render/config/pattern/360camera.vs
[perfect_drone_full_node-2] Now initing the point cloud data: 
[perfect_drone_full_node-2] Number of points = 40.92X 10000
[perfect_drone_full_node-2] Load data finish 
[perfect_drone_full_node-2] ========== OpenGL Info ==========
[perfect_drone_full_node-2] Vendor: NVIDIA Corporation
[perfect_drone_full_node-2] Renderer: NVIDIA GeForce RTX 3050 Ti Laptop GPU/PCIe/SSE2
[perfect_drone_full_node-2] OpenGL Version: 3.3.0 NVIDIA 550.144.03
[perfect_drone_full_node-2] GLSL Version: 3.30 NVIDIA via Cg compiler
[perfect_drone_full_node-2] ========== OpenGL Info ==========
[perfect_drone_full_node-2] [INFO] [1789407927.509076212] [perfect_drone_full_config]: Full raw DDS disabled: renderer -> ROG-Map uses direct latest-only SharedPtr handoff
[perfect_drone_full_node-2] [38;2;000;128;000m -- [Fsm]: [MainFsmCallback] change state from [INIT] to [WAIT_GOAL].
[perfect_drone_full_node-2] [0m -- [Fsm] MAP_NOT_READY reason=accepted_count,committed_count,map_version,scan_span,accepted_cloud_age,committed_cloud_age,map_age accepted=0 committed=0 version=0 lag=0 span=0.000s cloud_age=infs committed_cloud_age=infs commit_age=infs in_progress=false
[perfect_drone_full_node-2] Publish local map size: 20932
[perfect_drone_full_node-2] Publish local map size: 20652
[perfect_drone_full_node-2] Publish local map size: 20660
[perfect_drone_full_node-2] Publish local map size: 20652
[perfect_drone_full_node-2] Publish local map size: 20693
[perfect_drone_full_node-2] Publish local map size: 20932
[perfect_drone_full_node-2] Publish local map size: 20932
[perfect_drone_full_node-2] Publish local map size: 20709
[perfect_drone_full_node-2] Publish local map size: 20930
[perfect_drone_full_node-2] Publish local map size: 20930
[perfect_drone_full_node-2] [32m -- [Fsm 1.006] Current state: WAIT_GOAL[0m
[perfect_drone_full_node-2]  -- [Fsm] MAP_NOT_READY reason=scan_span accepted=10 committed=10 version=10 lag=0 span=0.898s cloud_age=0.041s committed_cloud_age=0.041s commit_age=0.015s in_progress=false
[perfect_drone_full_node-2] Publish local map size: 20932
[perfect_drone_full_node-2] Publish local map size: 20930
[perfect_drone_full_node-2]  -- [Fsm] MAP_READY accepted=12 committed=11 version=11 lag=1 span=1.098s cloud_age=0.001s committed_cloud_age=0.101s commit_age=0.077s in_progress=true
[perfect_drone_full_node-2] [32m -- [Fsm] Get goal at [0m24.025 24.025  1.525
[perfect_drone_full_node-2] [32m -- [Fsm] Receive click goal at: [24.025 24.025  1.525]; goal yaw: 0.000 deg[0m
[perfect_drone_full_node-2] [38;2;000;128;000m -- [Fsm]: [MainFsmCallback] change state from [WAIT_GOAL] to [GENERATE_TRAJ].
[perfect_drone_full_node-2] [0mPublish local map size: 20652
[perfect_drone_full_node-2] [ERROR] [1789407928.825236333] [fsm_node]:  -- [SUPER] Path search failed with [TIME_OUT], force return.
[perfect_drone_full_node-2] 
[perfect_drone_full_node-2] [WARN] [1789407928.825310209] [fsm_node]:  -- [SUPER] PathSearch for new path failed
[perfect_drone_full_node-2] [WARN] [1789407928.825318022] [fsm_node]:  -- [SUPER] in [PlanFromRest] GenerateExpTrajectory failed with FAILED.
[perfect_drone_full_node-2] [38;2;205;092;092mFailed in A star path searching !!! 0.1 seconds time limit exceeded.
[perfect_drone_full_node-2] [0m[33m -- [Fsm] PlanFromRest failed, try replan.[0m
[perfect_drone_full_node-2] Publish local map size: 20701
[perfect_drone_full_node-2] [ERROR] [1789407928.925463163] [fsm_node]:  -- [SUPER] Path search failed with [TIME_OUT], force return.
[perfect_drone_full_node-2] 
[perfect_drone_full_node-2] [WARN] [1789407928.925526959] [fsm_node]:  -- [SUPER] PathSearch for new path failed
[perfect_drone_full_node-2] [WARN] [1789407928.925535323] [fsm_node]:  -- [SUPER] in [PlanFromRest] GenerateExpTrajectory failed with FAILED.
[perfect_drone_full_node-2] [38;2;205;092;092mFailed in A star path searching !!! 0.1 seconds time limit exceeded.
[perfect_drone_full_node-2] [0m[33m -- [Fsm] PlanFromRest failed, try replan.[0m
[perfect_drone_full_node-2] Publish local map size: 20709
[perfect_drone_full_node-2] [WARN] [1789407929.025697879] [fsm_node]:  -- [TRAJ_GUARD_BASE_NO_PATH_RECOVERY] epoch=1 attempt=1/1 reason=astar_timeout start=[0.025,0.025,1.525] goal=[24.025,24.025,1.525] action=guarded_vertical_lift
[perfect_drone_full_node-2] [ERROR] [1789407929.025764953] [fsm_node]:  -- [SUPER] Path search failed with [TIME_OUT], force return.
[perfect_drone_full_node-2] 
[perfect_drone_full_node-2] [WARN] [1789407929.025773723] [fsm_node]:  -- [SUPER] PathSearch for new path failed
[perfect_drone_full_node-2] [WARN] [1789407929.025781538] [fsm_node]:  -- [SUPER] in [PlanFromRest] GenerateExpTrajectory failed with FAILED.
[perfect_drone_full_node-2] [38;2;205;092;092mFailed in A star path searching !!! 0.1 seconds time limit exceeded.
[perfect_drone_full_node-2] [0m[33m -- [Fsm] PlanFromRest failed, try replan.[0m
[perfect_drone_full_node-2] [INFO] [1789407929.026288128] [fsm_node]:  -- [TRAJ_GUARD_COMMIT] phase=PlanFromRest/certified_vertical_recovery gen=1 map=14 samples=202 range=[0.000,1.000] escape=false footprint_egress=false escape_done_tt=-1.000
[perfect_drone_full_node-2] [WARN] [1789407929.026332009] [fsm_node]:  -- [TRAJ_GUARD_VERTICAL_RECOVERY] action=commit lift=0.600m duration=1.000s start_z=1.500 target_z=2.100 stop_source=stationary_odom odom_speed=0.000
[perfect_drone_full_node-2]  -- [TRAJ_GUARD_CERT] trigger=poly_publish status=SAFE gen=1 map=14 map_age=0.083s map_age_limit=0.550s motion_speed=0.000mps samples=201 range=[0.000,1.000] collision_tt=-1.000 ttc=-1.000 p=[0.000,0.000,0.000]
[perfect_drone_full_node-2] [38;2;000;128;000m -- [Fsm]: [MainFsmCallback] change state from [GENERATE_TRAJ] to [FOLLOW_TRAJ].
[perfect_drone_full_node-2] [0m -- [TRAJ_GUARD_CERT] trigger=main_pre status=SAFE gen=1 map=15 map_age=0.013s map_age_limit=0.550s motion_speed=0.006mps samples=196 range=[0.029,1.000] collision_tt=-1.000 ttc=-1.000 p=[0.000,0.000,0.000]
[perfect_drone_full_node-2] Publish local map size: 20923
[perfect_drone_full_node-2]  -- [TRAJ_GUARD_CERT] trigger=main_pre status=SAFE gen=1 map=16 map_age=0.005s map_age_limit=0.550s motion_speed=0.171mps samples=178 range=[0.119,1.000] collision_tt=-1.000 ttc=-1.000 p=[0.000,0.000,0.000]
[perfect_drone_full_node-2]  -- [MARSIM] Running FPS: 163.864
[perfect_drone_full_node-2] Publish local map size: 20506
[perfect_drone_full_node-2]  -- [TRAJ_GUARD_CERT] trigger=main_pre status=SAFE gen=1 map=17 map_age=0.005s map_age_limit=0.550s motion_speed=0.493mps samples=158 range=[0.219,1.000] collision_tt=-1.000 ttc=-1.000 p=[0.000,0.000,0.000]
[perfect_drone_full_node-2] Publish local map size: 20957
[perfect_drone_full_node-2]  -- [TRAJ_GUARD_CERT] trigger=main_pre status=SAFE gen=1 map=18 map_age=0.005s map_age_limit=0.550s motion_speed=0.821mps samples=138 range=[0.319,1.000] collision_tt=-1.000 ttc=-1.000 p=[0.000,0.000,0.000]
[perfect_drone_full_node-2] Publish local map size: 20930
[perfect_drone_full_node-2]  -- [TRAJ_GUARD_CERT] trigger=main_pre status=SAFE gen=1 map=19 map_age=0.006s map_age_limit=0.550s motion_speed=1.052mps samples=118 range=[0.419,1.000] collision_tt=-1.000 ttc=-1.000 p=[0.000,0.000,0.000]
[perfect_drone_full_node-2] Publish local map size: 20443
[perfect_drone_full_node-2] [32m -- [Fsm 2.015] Current state: FOLLOW_TRAJ[0m
[perfect_drone_full_node-2]  -- [TRAJ_GUARD_CERT] trigger=main_pre status=SAFE gen=1 map=20 map_age=0.004s map_age_limit=0.550s motion_speed=1.124mps samples=98 range=[0.519,1.000] collision_tt=-1.000 ttc=-1.000 p=[0.000,0.000,0.000]
[perfect_drone_full_node-2] [32m -- [Fsm] Get goal at [0m24.025 24.025  1.525
[perfect_drone_full_node-2] [32m -- [Fsm] Receive click goal at: [24.025 24.025  1.525]; goal yaw: 0.000 deg[0m
[perfect_drone_full_node-2] Publish local map size: 20821
[perfect_drone_full_node-2]  -- [TRAJ_GUARD_CERT] trigger=main_pre status=SAFE gen=1 map=21 map_age=0.013s map_age_limit=0.550s motion_speed=1.001mps samples=76 range=[0.629,1.000] collision_tt=-1.000 ttc=-1.000 p=[0.000,0.000,0.000]
[perfect_drone_full_node-2] Publish local map size: 20846
[perfect_drone_full_node-2]  -- [TRAJ_GUARD_CERT] trigger=main_pre status=SAFE gen=1 map=22 map_age=0.013s map_age_limit=0.550s motion_speed=0.734mps samples=56 range=[0.729,1.000] collision_tt=-1.000 ttc=-1.000 p=[0.000,0.000,0.000]
[perfect_drone_full_node-2] Publish local map size: 20413
[perfect_drone_full_node-2]  -- [TRAJ_GUARD_CERT] trigger=main_pre status=SAFE gen=1 map=23 map_age=0.014s map_age_limit=0.550s motion_speed=0.394mps samples=36 range=[0.829,1.000] collision_tt=-1.000 ttc=-1.000 p=[0.000,0.000,0.000]
[perfect_drone_full_node-2] Publish local map size: 20734
[perfect_drone_full_node-2]  -- [TRAJ_GUARD_CERT] trigger=main_pre status=SAFE gen=1 map=24 map_age=0.004s map_age_limit=0.550s motion_speed=0.122mps samples=18 range=[0.919,1.000] collision_tt=-1.000 ttc=-1.000 p=[0.000,0.000,0.000]
[perfect_drone_full_node-2] Publish local map size: 20405
[perfect_drone_full_node-2] [32m -- [Fsm] Traj finish.[0m
[perfect_drone_full_node-2] [38;2;000;128;000m -- [Fsm]: [PubCmdCallback] change state from [FOLLOW_TRAJ] to [GENERATE_TRAJ].
[perfect_drone_full_node-2] [0mPublish local map size: 20744
[perfect_drone_full_node-2] [ERROR] [1789407930.145223842] [fsm_node]:  -- [SUPER] Path search failed with [TIME_OUT], force return.
[perfect_drone_full_node-2] 
[perfect_drone_full_node-2] [WARN] [1789407930.145311325] [fsm_node]:  -- [SUPER] PathSearch for new path failed
[perfect_drone_full_node-2] [WARN] [1789407930.145320429] [fsm_node]:  -- [SUPER] in [PlanFromRest] GenerateExpTrajectory failed with FAILED.
[perfect_drone_full_node-2] [38;2;205;092;092mFailed in A star path searching !!! 0.1 seconds time limit exceeded.
[perfect_drone_full_node-2] [0m[33m -- [Fsm] PlanFromRest failed, try replan.[0m
[perfect_drone_full_node-2] Publish local map size: 20405
[perfect_drone_full_node-2] [ERROR] [1789407930.245472312] [fsm_node]:  -- [SUPER] Path search failed with [TIME_OUT], force return.
[perfect_drone_full_node-2] 
[perfect_drone_full_node-2] [WARN] [1789407930.245571469] [fsm_node]:  -- [SUPER] PathSearch for new path failed
[perfect_drone_full_node-2] [WARN] [1789407930.245581835] [fsm_node]:  -- [SUPER] in [PlanFromRest] GenerateExpTrajectory failed with FAILED.
[perfect_drone_full_node-2] [38;2;205;092;092mFailed in A star path searching !!! 0.1 seconds time limit exceeded.
[perfect_drone_full_node-2] [0m[33m -- [Fsm] PlanFromRest failed, try replan.[0m
[perfect_drone_full_node-2] Publish local map size: 20690
[perfect_drone_full_node-2] [WARN] [1789407930.345765262] [fsm_node]:  -- [TRAJ_GUARD_BASE_NO_PATH_LOCAL_ESCAPE] epoch=2 attempt=1/4 reason=astar_timeout start=[0.025,0.025,2.125] direction=[0.707,0.707,0.000] action=certified_escape_then_reroute
[perfect_drone_full_node-2] [ERROR] [1789407930.345842694] [fsm_node]:  -- [SUPER] Path search failed with [TIME_OUT], force return.
[perfect_drone_full_node-2] 
[perfect_drone_full_node-2] [WARN] [1789407930.345851420] [fsm_node]:  -- [SUPER] PathSearch for new path failed
[perfect_drone_full_node-2] [WARN] [1789407930.345858417] [fsm_node]:  -- [SUPER] in [PlanFromRest] GenerateExpTrajectory failed with FAILED.
[perfect_drone_full_node-2] [38;2;205;092;092mFailed in A star path searching !!! 0.1 seconds time limit exceeded.
[perfect_drone_full_node-2] [0m[33m -- [Fsm] PlanFromRest failed, try replan.[0m
[perfect_drone_full_node-2] [INFO] [1789407930.346365585] [fsm_node]:  -- [TRAJ_GUARD_COMMIT] phase=PlanFromRest/certified_local_escape gen=2 map=27 samples=202 range=[0.000,1.000] escape=false footprint_egress=false escape_done_tt=-1.000
[perfect_drone_full_node-2] [WARN] [1789407930.346398387] [fsm_node]:  -- [TRAJ_GUARD_LOCAL_ESCAPE] action=commit attempt=1/8 distance=0.600m duration=1.000s direction=[0.707,0.707,0.000] stop_source=stationary_odom odom_speed=0.000
[perfect_drone_full_node-2]  -- [TRAJ_GUARD_CERT] trigger=poly_publish status=SAFE gen=2 map=27 map_age=0.102s map_age_limit=0.550s motion_speed=0.000mps samples=201 range=[0.000,1.000] collision_tt=-1.000 ttc=-1.000 p=[0.000,0.000,0.000]
[perfect_drone_full_node-2] [38;2;000;128;000m -- [Fsm]: [MainFsmCallback] change state from [GENERATE_TRAJ] to [FOLLOW_TRAJ].
[perfect_drone_full_node-2] [0m -- [TRAJ_GUARD_CERT] trigger=main_pre status=SAFE gen=2 map=28 map_age=0.012s map_age_limit=0.550s motion_speed=0.001mps samples=198 range=[0.019,1.000] collision_tt=-1.000 ttc=-1.000 p=[0.000,0.000,0.000]
[perfect_drone_full_node-2] Publish local map size: 20544
[perfect_drone_full_node-2]  -- [TRAJ_GUARD_CERT] trigger=main_pre status=SAFE gen=2 map=29 map_age=0.011s map_age_limit=0.550s motion_speed=0.144mps samples=180 range=[0.109,1.000] collision_tt=-1.000 ttc=-1.000 p=[0.000,0.000,0.000]
[perfect_drone_full_node-2] Publish local map size: 21093
[perfect_drone_full_node-2] [32m -- [Fsm 3.015] Current state: FOLLOW_TRAJ[0m
[perfect_drone_full_node-2] [32m -- [Fsm] Get goal at [0m24.025 24.025  1.525
[perfect_drone_full_node-2] [32m -- [Fsm] Receive click goal at: [24.025 24.025  1.525]; goal yaw: 0.000 deg[0m
[perfect_drone_full_node-2]  -- [TRAJ_GUARD_CERT] trigger=replan_post status=SAFE gen=2 map=30 map_age=0.009s map_age_limit=0.550s motion_speed=0.458mps samples=160 range=[0.205,1.000] collision_tt=-1.000 ttc=-1.000 p=[0.000,0.000,0.000]
[perfect_drone_full_node-2] Publish local map size: 21113
[perfect_drone_full_node-2]  -- [TRAJ_GUARD_CERT] trigger=main_pre status=SAFE gen=2 map=31 map_age=0.014s map_age_limit=0.550s motion_speed=0.791mps samples=140 range=[0.309,1.000] collision_tt=-1.000 ttc=-1.000 p=[0.000,0.000,0.000]
[perfect_drone_full_node-2] Publish local map size: 20801
[perfect_drone_full_node-2]  -- [TRAJ_GUARD_CERT] trigger=main_pre status=SAFE gen=2 map=32 map_age=0.005s map_age_limit=0.550s motion_speed=1.017mps samples=122 range=[0.399,1.000] collision_tt=-1.000 ttc=-1.000 p=[0.000,0.000,0.000]
[perfect_drone_full_node-2] Publish local map size: 20533
[perfect_drone_full_node-2]  -- [TRAJ_GUARD_CERT] trigger=main_pre status=SAFE gen=2 map=33 map_age=0.005s map_age_limit=0.550s motion_speed=1.124mps samples=102 range=[0.499,1.000] collision_tt=-1.000 ttc=-1.000 p=[0.000,0.000,0.000]
[perfect_drone_full_node-2] Publish local map size: 20728
[perfect_drone_full_node-2]  -- [TRAJ_GUARD_CERT] trigger=main_pre status=SAFE gen=2 map=34 map_age=0.005s map_age_limit=0.550s motion_speed=1.055mps samples=82 range=[0.599,1.000] collision_tt=-1.000 ttc=-1.000 p=[0.000,0.000,0.000]
[perfect_drone_full_node-2] Publish local map size: 21451
[perfect_drone_full_node-2]  -- [TRAJ_GUARD_CERT] trigger=main_pre status=SAFE gen=2 map=35 map_age=0.006s map_age_limit=0.550s motion_speed=0.826mps samples=62 range=[0.699,1.000] collision_tt=-1.000 ttc=-1.000 p=[0.000,0.000,0.000]
[perfect_drone_full_node-2] Publish local map size: 21966
[perfect_drone_full_node-2]  -- [TRAJ_GUARD_CERT] trigger=main_pre status=SAFE gen=2 map=36 map_age=0.006s map_age_limit=0.550s motion_speed=0.499mps samples=42 range=[0.799,1.000] collision_tt=-1.000 ttc=-1.000 p=[0.000,0.000,0.000]
[perfect_drone_full_node-2] Publish local map size: 21882
[perfect_drone_full_node-2]  -- [TRAJ_GUARD_CERT] trigger=main_pre status=SAFE gen=2 map=37 map_age=0.006s map_age_limit=0.550s motion_speed=0.175mps samples=22 range=[0.899,1.000] collision_tt=-1.000 ttc=-1.000 p=[0.000,0.000,0.000]
[perfect_drone_full_node-2]  -- [MARSIM] Running FPS: 205.646
[perfect_drone_full_node-2] Publish local map size: 21199
[perfect_drone_full_node-2]  -- [TRAJ_GUARD_CERT] trigger=replan_post status=SAFE gen=2 map=38 map_age=0.005s map_age_limit=0.550s motion_speed=0.002mps samples=2 range=[0.997,1.000] collision_tt=-1.000 ttc=-1.000 p=[0.000,0.000,0.000]
[perfect_drone_full_node-2] [32m -- [Fsm] Traj finish.[0m
[perfect_drone_full_node-2] [38;2;000;128;000m -- [Fsm]: [PubCmdCallback] change state from [FOLLOW_TRAJ] to [GENERATE_TRAJ].
[perfect_drone_full_node-2] [0mPublish local map size: 20981
[perfect_drone_full_node-2] [ERROR] [1789407931.465227504] [fsm_node]:  -- [SUPER] Path search failed with [TIME_OUT], force return.
[perfect_drone_full_node-2] 
[perfect_drone_full_node-2] [WARN] [1789407931.465315465] [fsm_node]:  -- [SUPER] PathSearch for new path failed
[perfect_drone_full_node-2] [WARN] [1789407931.465325093] [fsm_node]:  -- [SUPER] in [PlanFromRest] GenerateExpTrajectory failed with FAILED.
[perfect_drone_full_node-2] [38;2;205;092;092mFailed in A star path searching !!! 0.1 seconds time limit exceeded.
[perfect_drone_full_node-2] [0m[33m -- [Fsm] PlanFromRest failed, try replan.[0m
[perfect_drone_full_node-2] Publish local map size: 20863
[perfect_drone_full_node-2] [ERROR] [1789407931.565457075] [fsm_node]:  -- [SUPER] Path search failed with [TIME_OUT], force return.
[perfect_drone_full_node-2] 
[perfect_drone_full_node-2] [WARN] [1789407931.565526126] [fsm_node]:  -- [SUPER] PathSearch for new path failed
[perfect_drone_full_node-2] [WARN] [1789407931.565581472] [fsm_node]:  -- [SUPER] in [PlanFromRest] GenerateExpTrajectory failed with FAILED.
[perfect_drone_full_node-2] [38;2;205;092;092mFailed in A star path searching !!! 0.1 seconds time limit exceeded.
[perfect_drone_full_node-2] [0m[33m -- [Fsm] PlanFromRest failed, try replan.[0m
[perfect_drone_full_node-2] [32m -- [Fsm 4.056] Current state: GENERATE_TRAJ[0m
[perfect_drone_full_node-2] [32m -- [Fsm] Get goal at [0m24.025 24.025  1.525
[perfect_drone_full_node-2] [32m -- [Fsm] Receive click goal at: [24.025 24.025  1.525]; goal yaw: 0.000 deg[0m
[perfect_drone_full_node-2] Publish local map size: 20936
[perfect_drone_full_node-2] [WARN] [1789407931.665782876] [fsm_node]:  -- [TRAJ_GUARD_BASE_NO_PATH_LOCAL_ESCAPE] epoch=3 attempt=2/4 reason=astar_timeout start=[0.425,0.425,2.125] direction=[0.707,0.707,0.000] action=certified_escape_then_reroute
[perfect_drone_full_node-2] [ERROR] [1789407931.665858206] [fsm_node]:  -- [SUPER] Path search failed with [TIME_OUT], force return.
[perfect_drone_full_node-2] 
[perfect_drone_full_node-2] [WARN] [1789407931.665865887] [fsm_node]:  -- [SUPER] PathSearch for new path failed
[perfect_drone_full_node-2] [WARN] [1789407931.665873869] [fsm_node]:  -- [SUPER] in [PlanFromRest] GenerateExpTrajectory failed with FAILED.
[perfect_drone_full_node-2] [38;2;205;092;092mFailed in A star path searching !!! 0.1 seconds time limit exceeded.
[perfect_drone_full_node-2] [0m[33m -- [Fsm] PlanFromRest failed, try replan.[0m
[perfect_drone_full_node-2] [INFO] [1789407931.666256611] [fsm_node]:  -- [TRAJ_GUARD_COMMIT] phase=PlanFromRest/certified_local_escape gen=3 map=41 samples=202 range=[0.000,1.000] escape=false footprint_egress=false escape_done_tt=-1.000
[perfect_drone_full_node-2] [WARN] [1789407931.666279775] [fsm_node]:  -- [TRAJ_GUARD_LOCAL_ESCAPE] action=commit attempt=1/8 distance=0.600m duration=1.000s direction=[0.707,0.707,0.000] stop_source=stationary_odom odom_speed=0.000
[perfect_drone_full_node-2]  -- [TRAJ_GUARD_CERT] trigger=poly_publish status=SAFE gen=3 map=41 map_age=0.026s map_age_limit=0.550s motion_speed=0.000mps samples=201 range=[0.000,1.000] collision_tt=-1.000 ttc=-1.000 p=[0.000,0.000,0.000]
[perfect_drone_full_node-2] [38;2;000;128;000m -- [Fsm]: [MainFsmCallback] change state from [GENERATE_TRAJ] to [FOLLOW_TRAJ].
[perfect_drone_full_node-2] [0mPublish local map size: 21097
[perfect_drone_full_node-2]  -- [TRAJ_GUARD_CERT] trigger=main_pre status=SAFE gen=3 map=42 map_age=0.006s map_age_limit=0.550s motion_speed=0.075mps samples=186 range=[0.079,1.000] collision_tt=-1.000 ttc=-1.000 p=[0.000,0.000,0.000]
[perfect_drone_full_node-2] Publish local map size: 21686
[perfect_drone_full_node-2]  -- [TRAJ_GUARD_CERT] trigger=main_pre status=SAFE gen=3 map=43 map_age=0.007s map_age_limit=0.550s motion_speed=0.356mps samples=166 range=[0.179,1.000] collision_tt=-1.000 ttc=-1.000 p=[0.000,0.000,0.000]
[perfect_drone_full_node-2] Publish local map size: 21850
[perfect_drone_full_node-2]  -- [TRAJ_GUARD_CERT] trigger=main_pre status=SAFE gen=3 map=44 map_age=0.007s map_age_limit=0.550s motion_speed=0.697mps samples=146 range=[0.279,1.000] collision_tt=-1.000 ttc=-1.000 p=[0.000,0.000,0.000]
[perfect_drone_full_node-2] Publish local map size: 21682
[perfect_drone_full_node-2]  -- [TRAJ_GUARD_CERT] trigger=main_pre status=SAFE gen=3 map=45 map_age=0.005s map_age_limit=0.550s motion_speed=0.976mps samples=126 range=[0.379,1.000] collision_tt=-1.000 ttc=-1.000 p=[0.000,0.000,0.000]
[perfect_drone_full_node-2] Publish local map size: 21449
[perfect_drone_full_node-2]  -- [TRAJ_GUARD_CERT] trigger=main_pre status=SAFE gen=3 map=46 map_age=0.004s map_age_limit=0.550s motion_speed=1.116mps samples=106 range=[0.479,1.000] collision_tt=-1.000 ttc=-1.000 p=[0.000,0.000,0.000]
[perfect_drone_full_node-2] Publish local map size: 21536
[perfect_drone_full_node-2]  -- [TRAJ_GUARD_CERT] trigger=main_pre status=SAFE gen=3 map=47 map_age=0.004s map_age_limit=0.550s motion_speed=1.082mps samples=86 range=[0.579,1.000] collision_tt=-1.000 ttc=-1.000 p=[0.000,0.000,0.000]
[perfect_drone_full_node-2] Publish local map size: 22323
[perfect_drone_full_node-2]  -- [TRAJ_GUARD_CERT] trigger=main_pre status=SAFE gen=3 map=48 map_age=0.005s map_age_limit=0.550s motion_speed=0.882mps samples=66 range=[0.679,1.000] collision_tt=-1.000 ttc=-1.000 p=[0.000,0.000,0.000]
[perfect_drone_full_node-2] Publish local map size: 23063
[perfect_drone_full_node-2]  -- [TRAJ_GUARD_CERT] trigger=main_pre status=SAFE gen=3 map=49 map_age=0.005s map_age_limit=0.550s motion_speed=0.567mps samples=46 range=[0.779,1.000] collision_tt=-1.000 ttc=-1.000 p=[0.000,0.000,0.000]
[perfect_drone_full_node-2] Publish local map size: 23113
[perfect_drone_full_node-2] [INFO] [1789407932.513740027] [perfect_tracking]: [SENSOR_CADENCE_SUMMARY] frames=50 span_s=4.897541 hz=10.005020 raw_published=0 direct_handoffs=50 payload_bytes=33684864 side_entry_v1_enabled=0 side_entry_v1_spawned=0 side_entry_v1_injected_frames=0
[perfect_drone_full_node-2] [INFO] [1789407932.513853605] [perfect_tracking]: [SENSOR_BURST_DROPOUT_SUMMARY] enabled=0 warmup_s=1.000000 period_s=2.000000 duration_s=0.500000 phase_s=0.000000 phase_env_override=0 rendered=50 delivered=50 dropped=0 bursts=0 max_consecutive_dropped=0 max_delivered_gap_s=0.102250 dropped_payload_bytes=0
[perfect_drone_full_node-2] Publish global map size: 409200
[perfect_drone_full_node-2]  -- [TRAJ_GUARD_CERT] trigger=main_pre status=SAFE gen=3 map=50 map_age=0.006s map_age_limit=0.550s motion_speed=0.232mps samples=26 range=[0.879,1.000] collision_tt=-1.000 ttc=-1.000 p=[0.000,0.000,0.000]
[perfect_drone_full_node-2] Publish global map size: 409200
[perfect_drone_full_node-2] [32m -- [Fsm] Get goal at [0m24.025 24.025  1.525
[perfect_drone_full_node-2] [32m -- [Fsm] Receive click goal at: [24.025 24.025  1.525]; goal yaw: 0.000 deg[0m
[perfect_drone_full_node-2] Publish global map size: 409200
[perfect_drone_full_node-2] [32m -- [Fsm 5.066] Current state: FOLLOW_TRAJ[0m
[perfect_drone_full_node-2] Publish global map size: 409200
[perfect_drone_full_node-2] Publish global map size: 409200
[perfect_drone_full_node-2] Publish local map size: 22521
[perfect_drone_full_node-2] Publish global map size: 409200
[perfect_drone_full_node-2]  -- [TRAJ_GUARD_CERT] trigger=main_pre status=SAFE gen=3 map=51 map_age=0.004s map_age_limit=0.550s motion_speed=0.016mps samples=6 range=[0.979,1.000] collision_tt=-1.000 ttc=-1.000 p=[0.000,0.000,0.000]
[perfect_drone_full_node-2] [32m -- [Fsm] Traj finish.[0m
[perfect_drone_full_node-2] [38;2;000;128;000m -- [Fsm]: [PubCmdCallback] change state from [FOLLOW_TRAJ] to [GENERATE_TRAJ].
[perfect_drone_full_node-2] [0mPublish local map size: 22100
[perfect_drone_full_node-2] [ERROR] [1789407932.785233708] [fsm_node]:  -- [SUPER] Path search failed with [TIME_OUT], force return.
[perfect_drone_full_node-2] 
[perfect_drone_full_node-2] [WARN] [1789407932.785293850] [fsm_node]:  -- [SUPER] PathSearch for new path failed
[perfect_drone_full_node-2] [WARN] [1789407932.785304048] [fsm_node]:  -- [SUPER] in [PlanFromRest] GenerateExpTrajectory failed with FAILED.
[perfect_drone_full_node-2] [38;2;205;092;092mFailed in A star path searching !!! 0.1 seconds time limit exceeded.
[perfect_drone_full_node-2] [0m[33m -- [Fsm] PlanFromRest failed, try replan.[0m
[perfect_drone_full_node-2] Publish local map size: 22051
[perfect_drone_full_node-2] [ERROR] [1789407932.885467777] [fsm_node]:  -- [SUPER] Path search failed with [TIME_OUT], force return.
[perfect_drone_full_node-2] 
[perfect_drone_full_node-2] [WARN] [1789407932.885528563] [fsm_node]:  -- [SUPER] PathSearch for new path failed
[perfect_drone_full_node-2] [WARN] [1789407932.885537382] [fsm_node]:  -- [SUPER] in [PlanFromRest] GenerateExpTrajectory failed with FAILED.
[perfect_drone_full_node-2] [38;2;205;092;092mFailed in A star path searching !!! 0.1 seconds time limit exceeded.
[perfect_drone_full_node-2] [0m[33m -- [Fsm] PlanFromRest failed, try replan.[0m
[perfect_drone_full_node-2] Publish local map size: 22178
[perfect_drone_full_node-2] [WARN] [1789407932.985707144] [fsm_node]:  -- [TRAJ_GUARD_BASE_NO_PATH_LOCAL_ESCAPE] epoch=4 attempt=3/4 reason=astar_timeout start=[0.825,0.825,2.125] direction=[0.707,0.707,0.000] action=certified_escape_then_reroute
[perfect_drone_full_node-2] [ERROR] [1789407932.985795677] [fsm_node]:  -- [SUPER] Path search failed with [TIME_OUT], force return.
[perfect_drone_full_node-2] 
[perfect_drone_full_node-2] [WARN] [1789407932.985804823] [fsm_node]:  -- [SUPER] PathSearch for new path failed
[perfect_drone_full_node-2] [WARN] [1789407932.985812187] [fsm_node]:  -- [SUPER] in [PlanFromRest] GenerateExpTrajectory failed with FAILED.
[perfect_drone_full_node-2] [38;2;205;092;092mFailed in A star path searching !!! 0.1 seconds time limit exceeded.
[perfect_drone_full_node-2] [0m[33m -- [Fsm] PlanFromRest failed, try replan.[0m
[perfect_drone_full_node-2] [INFO] [1789407932.986152245] [fsm_node]:  -- [TRAJ_GUARD_COMMIT] phase=PlanFromRest/certified_local_escape gen=4 map=54 samples=202 range=[0.000,1.000] escape=false footprint_egress=false escape_done_tt=-1.000
[perfect_drone_full_node-2] [WARN] [1789407932.986176520] [fsm_node]:  -- [TRAJ_GUARD_LOCAL_ESCAPE] action=commit attempt=1/8 distance=0.600m duration=1.000s direction=[0.707,0.707,0.000] stop_source=stationary_odom odom_speed=0.000
[perfect_drone_full_node-2]  -- [TRAJ_GUARD_CERT] trigger=poly_publish status=SAFE gen=4 map=54 map_age=0.047s map_age_limit=0.550s motion_speed=0.000mps samples=201 range=[0.000,1.000] collision_tt=-1.000 ttc=-1.000 p=[0.000,0.000,0.000]
[perfect_drone_full_node-2] [38;2;000;128;000m -- [Fsm]: [MainFsmCallback] change state from [GENERATE_TRAJ] to [FOLLOW_TRAJ].
[perfect_drone_full_node-2] [0mPublish local map size: 21944
[perfect_drone_full_node-2]  -- [TRAJ_GUARD_CERT] trigger=main_pre status=SAFE gen=4 map=55 map_age=0.006s map_age_limit=0.550s motion_speed=0.040mps samples=190 range=[0.059,1.000] collision_tt=-1.000 ttc=-1.000 p=[0.000,0.000,0.000]
[perfect_drone_full_node-2] Publish local map size: 22550
[perfect_drone_full_node-2]  -- [TRAJ_GUARD_CERT] trigger=main_pre status=SAFE gen=4 map=56 map_age=0.008s map_age_limit=0.550s motion_speed=0.290mps samples=170 range=[0.159,1.000] collision_tt=-1.000 ttc=-1.000 p=[0.000,0.000,0.000]
[perfect_drone_full_node-2] Publish local map size: 22855
[perfect_drone_full_node-2]  -- [TRAJ_GUARD_CERT] trigger=main_pre status=SAFE gen=4 map=57 map_age=0.008s map_age_limit=0.550s motion_speed=0.630mps samples=150 range=[0.259,1.000] collision_tt=-1.000 ttc=-1.000 p=[0.000,0.000,0.000]
[perfect_drone_full_node-2] Publish local map size: 22929
[perfect_drone_full_node-2]  -- [TRAJ_GUARD_CERT] trigger=main_pre status=SAFE gen=4 map=58 map_age=0.007s map_age_limit=0.550s motion_speed=0.930mps samples=130 range=[0.359,1.000] collision_tt=-1.000 ttc=-1.000 p=[0.000,0.000,0.000]
[perfect_drone_full_node-2] Publish local map size: 22912
[perfect_drone_full_node-2]  -- [TRAJ_GUARD_CERT] trigger=main_pre status=SAFE gen=4 map=59 map_age=0.007s map_age_limit=0.550s motion_speed=1.102mps samples=110 range=[0.459,1.000] collision_tt=-1.000 ttc=-1.000 p=[0.000,0.000,0.000]
[perfect_drone_full_node-2] Publish local map size: 23035
[perfect_drone_full_node-2]  -- [TRAJ_GUARD_CERT] trigger=main_pre status=SAFE gen=4 map=60 map_age=0.009s map_age_limit=0.550s motion_speed=1.103mps samples=90 range=[0.559,1.000] collision_tt=-1.000 ttc=-1.000 p=[0.000,0.000,0.000]
[perfect_drone_full_node-2] [32m -- [Fsm] Get goal at [0m24.025 24.025  1.525
[perfect_drone_full_node-2] [32m -- [Fsm] Receive click goal at: [24.025 24.025  1.525]; goal yaw: 0.000 deg[0m
[perfect_drone_full_node-2] [32m -- [Fsm 6.075] Current state: FOLLOW_TRAJ[0m
[perfect_drone_full_node-2]  -- [MARSIM] Running FPS: 221.305
[perfect_drone_full_node-2] Publish local map size: 24122
[perfect_drone_full_node-2]  -- [TRAJ_GUARD_CERT] trigger=main_pre status=SAFE gen=4 map=61 map_age=0.006s map_age_limit=0.550s motion_speed=0.933mps samples=70 range=[0.659,1.000] collision_tt=-1.000 ttc=-1.000 p=[0.000,0.000,0.000]
[perfect_drone_full_node-2] Publish local map size: 25103
[perfect_drone_full_node-2]  -- [TRAJ_GUARD_CERT] trigger=main_pre status=SAFE gen=4 map=62 map_age=0.007s map_age_limit=0.550s motion_speed=0.635mps samples=50 range=[0.759,1.000] collision_tt=-1.000 ttc=-1.000 p=[0.000,0.000,0.000]
[perfect_drone_full_node-2] Publish local map size: 25432
[perfect_drone_full_node-2]  -- [TRAJ_GUARD_CERT] trigger=main_pre status=SAFE gen=4 map=63 map_age=0.008s map_age_limit=0.550s motion_speed=0.295mps samples=30 range=[0.859,1.000] collision_tt=-1.000 ttc=-1.000 p=[0.000,0.000,0.000]
[perfect_drone_full_node-2] Publish local map size: 24946
[perfect_drone_full_node-2]  -- [TRAJ_GUARD_CERT] trigger=main_pre status=SAFE gen=4 map=64 map_age=0.010s map_age_limit=0.550s motion_speed=0.042mps samples=10 range=[0.959,1.000] collision_tt=-1.000 ttc=-1.000 p=[0.000,0.000,0.000]
[perfect_drone_full_node-2] [32m -- [Fsm] Traj finish.[0m
[perfect_drone_full_node-2] [38;2;000;128;000m -- [Fsm]: [PubCmdCallback] change state from [FOLLOW_TRAJ] to [GENERATE_TRAJ].
[perfect_drone_full_node-2] [0mPublish local map size: 24021
[perfect_drone_full_node-2] [ERROR] [1789407934.105220854] [fsm_node]:  -- [SUPER] Path search failed with [TIME_OUT], force return.
[perfect_drone_full_node-2] 
[perfect_drone_full_node-2] [WARN] [1789407934.105281103] [fsm_node]:  -- [SUPER] PathSearch for new path failed
[perfect_drone_full_node-2] [WARN] [1789407934.105289910] [fsm_node]:  -- [SUPER] in [PlanFromRest] GenerateExpTrajectory failed with FAILED.
[perfect_drone_full_node-2] [38;2;205;092;092mFailed in A star path searching !!! 0.1 seconds time limit exceeded.
[perfect_drone_full_node-2] [0m[33m -- [Fsm] PlanFromRest failed, try replan.[0m
[perfect_drone_full_node-2] Publish local map size: 24002
[perfect_drone_full_node-2] [ERROR] [1789407934.205461386] [fsm_node]:  -- [SUPER] Path search failed with [TIME_OUT], force return.
[perfect_drone_full_node-2] 
[perfect_drone_full_node-2] [WARN] [1789407934.205539188] [fsm_node]:  -- [SUPER] PathSearch for new path failed
[perfect_drone_full_node-2] [WARN] [1789407934.205546733] [fsm_node]:  -- [SUPER] in [PlanFromRest] GenerateExpTrajectory failed with FAILED.
[perfect_drone_full_node-2] [38;2;205;092;092mFailed in A star path searching !!! 0.1 seconds time limit exceeded.
[perfect_drone_full_node-2] [0m[33m -- [Fsm] PlanFromRest failed, try replan.[0m
[perfect_drone_full_node-2] Publish local map size: 24037
[perfect_drone_full_node-2] [WARN] [1789407934.305704125] [fsm_node]:  -- [TRAJ_GUARD_BASE_NO_PATH_LOCAL_ESCAPE] epoch=5 attempt=4/4 reason=astar_timeout start=[1.275,1.275,2.125] direction=[0.707,0.707,0.000] action=certified_escape_then_reroute
[perfect_drone_full_node-2] [ERROR] [1789407934.305755737] [fsm_node]:  -- [SUPER] Path search failed with [TIME_OUT], force return.
[perfect_drone_full_node-2] 
[perfect_drone_full_node-2] [WARN] [1789407934.305812309] [fsm_node]:  -- [SUPER] PathSearch for new path failed
[perfect_drone_full_node-2] [WARN] [1789407934.305819625] [fsm_node]:  -- [SUPER] in [PlanFromRest] GenerateExpTrajectory failed with FAILED.
[perfect_drone_full_node-2] [38;2;205;092;092mFailed in A star path searching !!! 0.1 seconds time limit exceeded.
[perfect_drone_full_node-2] [0m[33m -- [Fsm] PlanFromRest failed, try replan.[0m
[perfect_drone_full_node-2] [INFO] [1789407934.306309978] [fsm_node]:  -- [TRAJ_GUARD_COMMIT] phase=PlanFromRest/certified_local_escape gen=5 map=67 samples=202 range=[0.000,1.000] escape=false footprint_egress=false escape_done_tt=-1.000
[perfect_drone_full_node-2] [WARN] [1789407934.306343170] [fsm_node]:  -- [TRAJ_GUARD_LOCAL_ESCAPE] action=commit attempt=1/8 distance=0.600m duration=1.000s direction=[0.707,0.707,0.000] stop_source=stationary_odom odom_speed=0.000
[perfect_drone_full_node-2]  -- [TRAJ_GUARD_CERT] trigger=poly_publish status=SAFE gen=5 map=67 map_age=0.070s map_age_limit=0.550s motion_speed=0.000mps samples=201 range=[0.000,1.000] collision_tt=-1.000 ttc=-1.000 p=[0.000,0.000,0.000]
[perfect_drone_full_node-2] [38;2;000;128;000m -- [Fsm]: [MainFsmCallback] change state from [GENERATE_TRAJ] to [FOLLOW_TRAJ].
[perfect_drone_full_node-2] [0mPublish local map size: 24022
[perfect_drone_full_node-2]  -- [TRAJ_GUARD_CERT] trigger=main_pre status=SAFE gen=5 map=68 map_age=0.009s map_age_limit=0.550s motion_speed=0.014mps samples=194 range=[0.039,1.000] collision_tt=-1.000 ttc=-1.000 p=[0.000,0.000,0.000]
[perfect_drone_full_node-2] Publish local map size: 24553
[perfect_drone_full_node-2]  -- [TRAJ_GUARD_CERT] trigger=main_pre status=SAFE gen=5 map=69 map_age=0.010s map_age_limit=0.550s motion_speed=0.228mps samples=174 range=[0.139,1.000] collision_tt=-1.000 ttc=-1.000 p=[0.000,0.000,0.000]
[perfect_drone_full_node-2] Publish local map size: 24965
[perfect_drone_full_node-2]  -- [TRAJ_GUARD_CERT] trigger=main_pre status=SAFE gen=5 map=70 map_age=0.010s map_age_limit=0.550s motion_speed=0.562mps samples=154 range=[0.239,1.000] collision_tt=-1.000 ttc=-1.000 p=[0.000,0.000,0.000]
[perfect_drone_full_node-2] [32m -- [Fsm] Get goal at [0m24.025 24.025  1.525
[perfect_drone_full_node-2] [32m -- [Fsm] Receive click goal at: [24.025 24.025  1.525]; goal yaw: 0.000 deg[0m
[perfect_drone_full_node-2] [32m -- [Fsm 7.075] Current state: FOLLOW_TRAJ[0m
[perfect_drone_full_node-2] Publish local map size: 25043
[perfect_drone_full_node-2]  -- [TRAJ_GUARD_CERT] trigger=replan_post status=SAFE gen=5 map=71 map_age=0.005s map_age_limit=0.550s motion_speed=0.878mps samples=134 range=[0.337,1.000] collision_tt=-1.000 ttc=-1.000 p=[0.000,0.000,0.000]
[perfect_drone_full_node-2] Publish local map size: 25171
[perfect_drone_full_node-2]  -- [TRAJ_GUARD_CERT] trigger=main_pre status=SAFE gen=5 map=72 map_age=0.006s map_age_limit=0.550s motion_speed=1.080mps samples=114 range=[0.439,1.000] collision_tt=-1.000 ttc=-1.000 p=[0.000,0.000,0.000]
[perfect_drone_full_node-2] Publish local map size: 25681
[perfect_drone_full_node-2]  -- [TRAJ_GUARD_CERT] trigger=replan_post status=SAFE gen=5 map=73 map_age=0.006s map_age_limit=0.550s motion_speed=1.117mps samples=94 range=[0.535,1.000] collision_tt=-1.000 ttc=-1.000 p=[0.000,0.000,0.000]
[perfect_drone_full_node-2] Publish local map size: 26907
[perfect_drone_full_node-2]  -- [TRAJ_GUARD_CERT] trigger=main_pre status=SAFE gen=5 map=74 map_age=0.005s map_age_limit=0.550s motion_speed=0.980mps samples=74 range=[0.639,1.000] collision_tt=-1.000 ttc=-1.000 p=[0.000,0.000,0.000]
[perfect_drone_full_node-2] Publish local map size: 28138
[perfect_drone_full_node-2]  -- [TRAJ_GUARD_CERT] trigger=replan_post status=SAFE gen=5 map=75 map_age=0.004s map_age_limit=0.550s motion_speed=0.702mps samples=55 range=[0.733,1.000] collision_tt=-1.000 ttc=-1.000 p=[0.000,0.000,0.000]
[perfect_drone_full_node-2] Publish local map size: 28871
[perfect_drone_full_node-2]  -- [TRAJ_GUARD_CERT] trigger=main_pre status=SAFE gen=5 map=76 map_age=0.008s map_age_limit=0.550s motion_speed=0.361mps samples=34 range=[0.839,1.000] collision_tt=-1.000 ttc=-1.000 p=[0.000,0.000,0.000]
[perfect_drone_full_node-2] Publish local map size: 28444
[perfect_drone_full_node-2]  -- [TRAJ_GUARD_CERT] trigger=replan_post status=SAFE gen=5 map=77 map_age=0.003s map_age_limit=0.550s motion_speed=0.078mps samples=15 range=[0.931,1.000] collision_tt=-1.000 ttc=-1.000 p=[0.000,0.000,0.000]
[perfect_drone_full_node-2] Publish local map size: 27207
[perfect_drone_full_node-2] [32m -- [Fsm] Traj finish.[0m
[perfect_drone_full_node-2] [WARN] [1789407935.325203941] [fsm_node]:  -- [TRAJ_GUARD_RECOVERY_EPISODE_RESET] reason=horizontal_progress progress=2.400m threshold=2.000m prior_local=4 prior_vertical=0 prior_base=1
[perfect_drone_full_node-2] [38;2;000;128;000m -- [Fsm]: [PubCmdCallback] change state from [FOLLOW_TRAJ] to [GENERATE_TRAJ].
[perfect_drone_full_node-2] [0mPublish local map size: 27293
[perfect_drone_full_node-2] [ERROR] [1789407935.425281490] [fsm_node]:  -- [SUPER] Path search failed with [TIME_OUT], force return.
[perfect_drone_full_node-2] 
[perfect_drone_full_node-2] [WARN] [1789407935.425335799] [fsm_node]:  -- [SUPER] PathSearch for new path failed
[perfect_drone_full_node-2] [WARN] [1789407935.425343992] [fsm_node]:  -- [SUPER] in [PlanFromRest] GenerateExpTrajectory failed with FAILED.
[perfect_drone_full_node-2] [38;2;205;092;092mFailed in A star path searching !!! 0.1 seconds time limit exceeded.
[perfect_drone_full_node-2] [0m[33m -- [Fsm] PlanFromRest failed, try replan.[0m
[perfect_drone_full_node-2] Publish local map size: 27255
[perfect_drone_full_node-2] [ERROR] [1789407935.525461727] [fsm_node]:  -- [SUPER] Path search failed with [TIME_OUT], force return.
[perfect_drone_full_node-2] 
[perfect_drone_full_node-2] [WARN] [1789407935.525516168] [fsm_node]:  -- [SUPER] PathSearch for new path failed
[perfect_drone_full_node-2] [WARN] [1789407935.525525177] [fsm_node]:  -- [SUPER] in [PlanFromRest] GenerateExpTrajectory failed with FAILED.
[perfect_drone_full_node-2] [38;2;205;092;092mFailed in A star path searching !!! 0.1 seconds time limit exceeded.
[perfect_drone_full_node-2] [0m[33m -- [Fsm] PlanFromRest failed, try replan.[0m
[perfect_drone_full_node-2] Publish local map size: 27216
[perfect_drone_full_node-2] [WARN] [1789407935.625679610] [fsm_node]:  -- [TRAJ_GUARD_BASE_NO_PATH_RECOVERY] epoch=1 attempt=1/1 reason=astar_timeout start=[1.675,1.675,2.125] goal=[24.025,24.025,1.525] action=guarded_vertical_lift
[perfect_drone_full_node-2] [ERROR] [1789407935.625733235] [fsm_node]:  -- [SUPER] Path search failed with [TIME_OUT], force return.
[perfect_drone_full_node-2] 
[perfect_drone_full_node-2] [WARN] [1789407935.625740759] [fsm_node]:  -- [SUPER] PathSearch for new path failed
[perfect_drone_full_node-2] [WARN] [1789407935.625747625] [fsm_node]:  -- [SUPER] in [PlanFromRest] GenerateExpTrajectory failed with FAILED.
[perfect_drone_full_node-2] [38;2;205;092;092mFailed in A star path searching !!! 0.1 seconds time limit exceeded.
[perfect_drone_full_node-2] [0m[33m -- [Fsm] PlanFromRest failed, try replan.[0m
[perfect_drone_full_node-2] [32m -- [Fsm 8.116] Current state: GENERATE_TRAJ[0m
[perfect_drone_full_node-2] [32m -- [Fsm] Get goal at [0m24.025 24.025  1.525
[perfect_drone_full_node-2] [32m -- [Fsm] Receive click goal at: [24.025 24.025  1.525]; goal yaw: 0.000 deg[0m
[perfect_drone_full_node-2] [INFO] [1789407935.626251472] [fsm_node]:  -- [TRAJ_GUARD_COMMIT] phase=PlanFromRest/certified_vertical_recovery gen=6 map=80 samples=202 range=[0.000,1.000] escape=false footprint_egress=false escape_done_tt=-1.000
[perfect_drone_full_node-2] [WARN] [1789407935.626281374] [fsm_node]:  -- [TRAJ_GUARD_VERTICAL_RECOVERY] action=commit lift=0.600m duration=1.000s start_z=2.100 target_z=2.700 stop_source=stationary_odom odom_speed=0.000
[perfect_drone_full_node-2]  -- [TRAJ_GUARD_CERT] trigger=poly_publish status=SAFE gen=6 map=80 map_age=0.090s map_age_limit=0.550s motion_speed=0.000mps samples=201 range=[0.000,1.000] collision_tt=-1.000 ttc=-1.000 p=[0.000,0.000,0.000]
[perfect_drone_full_node-2] [38;2;000;128;000m -- [Fsm]: [MainFsmCallback] change state from [GENERATE_TRAJ] to [FOLLOW_TRAJ].
[perfect_drone_full_node-2] [0m -- [TRAJ_GUARD_CERT] trigger=main_pre status=SAFE gen=6 map=81 map_age=0.007s map_age_limit=0.550s motion_speed=0.002mps samples=198 range=[0.019,1.000] collision_tt=-1.000 ttc=-1.000 p=[0.000,0.000,0.000]
[perfect_drone_full_node-2] Publish local map size: 27297
[perfect_drone_full_node-2]  -- [TRAJ_GUARD_CERT] trigger=main_pre status=SAFE gen=6 map=82 map_age=0.010s map_age_limit=0.550s motion_speed=0.170mps samples=178 range=[0.119,1.000] collision_tt=-1.000 ttc=-1.000 p=[0.000,0.000,0.000]
[perfect_drone_full_node-2]  -- [MARSIM] Running FPS: 210.027
[perfect_drone_full_node-2] Publish local map size: 27162
[perfect_drone_full_node-2]  -- [TRAJ_GUARD_CERT] trigger=main_pre status=SAFE gen=6 map=83 map_age=0.008s map_age_limit=0.550s motion_speed=0.493mps samples=158 range=[0.219,1.000] collision_tt=-1.000 ttc=-1.000 p=[0.000,0.000,0.000]
[perfect_drone_full_node-2] Publish local map size: 27105
[perfect_drone_full_node-2]  -- [TRAJ_GUARD_CERT] trigger=main_pre status=SAFE gen=6 map=84 map_age=0.009s map_age_limit=0.550s motion_speed=0.821mps samples=138 range=[0.319,1.000] collision_tt=-1.000 ttc=-1.000 p=[0.000,0.000,0.000]
[perfect_drone_full_node-2] Publish local map size: 26813
[perfect_drone_full_node-2]  -- [TRAJ_GUARD_CERT] trigger=main_pre status=SAFE gen=6 map=85 map_age=0.011s map_age_limit=0.550s motion_speed=1.052mps samples=118 range=[0.419,1.000] collision_tt=-1.000 ttc=-1.000 p=[0.000,0.000,0.000]
[perfect_drone_full_node-2] Publish local map size: 26489
[perfect_drone_full_node-2]  -- [TRAJ_GUARD_CERT] trigger=main_pre status=SAFE gen=6 map=86 map_age=0.011s map_age_limit=0.550s motion_speed=1.124mps samples=98 range=[0.519,1.000] collision_tt=-1.000 ttc=-1.000 p=[0.000,0.000,0.000]
[perfect_drone_full_node-2] Publish local map size: 26034
[perfect_drone_full_node-2]  -- [TRAJ_GUARD_CERT] trigger=main_pre status=SAFE gen=6 map=87 map_age=0.008s map_age_limit=0.550s motion_speed=1.020mps samples=78 range=[0.619,1.000] collision_tt=-1.000 ttc=-1.000 p=[0.000,0.000,0.000]
[perfect_drone_full_node-2] Publish local map size: 25667
[perfect_drone_full_node-2]  -- [TRAJ_GUARD_CERT] trigger=main_pre status=SAFE gen=6 map=88 map_age=0.010s map_age_limit=0.550s motion_speed=0.765mps samples=58 range=[0.719,1.000] collision_tt=-1.000 ttc=-1.000 p=[0.000,0.000,0.000]
[perfect_drone_full_node-2] Publish local map size: 25337
[perfect_drone_full_node-2]  -- [TRAJ_GUARD_CERT] trigger=main_pre status=SAFE gen=6 map=89 map_age=0.011s map_age_limit=0.550s motion_speed=0.429mps samples=38 range=[0.819,1.000] collision_tt=-1.000 ttc=-1.000 p=[0.000,0.000,0.000]
[perfect_drone_full_node-2] Publish local map size: 25204
[perfect_drone_full_node-2]  -- [TRAJ_GUARD_CERT] trigger=main_pre status=SAFE gen=6 map=90 map_age=0.007s map_age_limit=0.550s motion_speed=0.123mps samples=18 range=[0.919,1.000] collision_tt=-1.000 ttc=-1.000 p=[0.000,0.000,0.000]
[perfect_drone_full_node-2] [32m -- [Fsm] Get goal at [0m24.025 24.025  1.525
[perfect_drone_full_node-2] [32m -- [Fsm] Receive click goal at: [24.025 24.025  1.525]; goal yaw: 0.000 deg[0m
[perfect_drone_full_node-2] Publish local map size: 25108
[perfect_drone_full_node-2] [32m -- [Fsm 9.125] Current state: FOLLOW_TRAJ[0m
[perfect_drone_full_node-2] [32m -- [Fsm] Traj finish.[0m
[perfect_drone_full_node-2] [38;2;000;128;000m -- [Fsm]: [PubCmdCallback] change state from [FOLLOW_TRAJ] to [GENERATE_TRAJ].
[perfect_drone_full_node-2] [0mPublish local map size: 25190
[perfect_drone_full_node-2] [ERROR] [1789407936.745208262] [fsm_node]:  -- [SUPER] Path search failed with [TIME_OUT], force return.
[perfect_drone_full_node-2] 
[perfect_drone_full_node-2] [WARN] [1789407936.745278034] [fsm_node]:  -- [SUPER] PathSearch for new path failed
[perfect_drone_full_node-2] [WARN] [1789407936.745287194] [fsm_node]:  -- [SUPER] in [PlanFromRest] GenerateExpTrajectory failed with FAILED.
[perfect_drone_full_node-2] [38;2;205;092;092mFailed in A star path searching !!! 0.1 seconds time limit exceeded.
[perfect_drone_full_node-2] [0m[33m -- [Fsm] PlanFromRest failed, try replan.[0m
[perfect_drone_full_node-2] Publish local map size: 25125
[perfect_drone_full_node-2] [ERROR] [1789407936.845465223] [fsm_node]:  -- [SUPER] Path search failed with [TIME_OUT], force return.
[perfect_drone_full_node-2] 
[perfect_drone_full_node-2] [WARN] [1789407936.845498818] [fsm_node]:  -- [SUPER] PathSearch for new path failed
[perfect_drone_full_node-2] [WARN] [1789407936.845507106] [fsm_node]:  -- [SUPER] in [PlanFromRest] GenerateExpTrajectory failed with FAILED.
[perfect_drone_full_node-2] [38;2;205;092;092mFailed in A star path searching !!! 0.1 seconds time limit exceeded.
[perfect_drone_full_node-2] [0m[33m -- [Fsm] PlanFromRest failed, try replan.[0m
[perfect_drone_full_node-2] Publish local map size: 25114
[perfect_drone_full_node-2] [WARN] [1789407936.945673622] [fsm_node]:  -- [TRAJ_GUARD_BASE_NO_PATH_LOCAL_ESCAPE] epoch=2 attempt=1/4 reason=astar_timeout start=[1.675,1.675,2.675] direction=[0.707,0.707,0.000] action=certified_escape_then_reroute
[perfect_drone_full_node-2] [ERROR] [1789407936.945760599] [fsm_node]:  -- [SUPER] Path search failed with [TIME_OUT], force return.
[perfect_drone_full_node-2] 
[perfect_drone_full_node-2] [WARN] [1789407936.945769370] [fsm_node]:  -- [SUPER] PathSearch for new path failed
[perfect_drone_full_node-2] [WARN] [1789407936.945776190] [fsm_node]:  -- [SUPER] in [PlanFromRest] GenerateExpTrajectory failed with FAILED.
[perfect_drone_full_node-2] [38;2;205;092;092mFailed in A star path searching !!! 0.1 seconds time limit exceeded.
[perfect_drone_full_node-2] [0m[33m -- [Fsm] PlanFromRest failed, try replan.[0m
[perfect_drone_full_node-2] [INFO] [1789407936.946281922] [fsm_node]:  -- [TRAJ_GUARD_COMMIT] phase=PlanFromRest/certified_local_escape gen=7 map=94 samples=202 range=[0.000,1.000] escape=false footprint_egress=false escape_done_tt=-1.000
[perfect_drone_full_node-2] [WARN] [1789407936.946317410] [fsm_node]:  -- [TRAJ_GUARD_LOCAL_ESCAPE] action=commit attempt=1/8 distance=0.600m duration=1.000s direction=[0.707,0.707,0.000] stop_source=stationary_odom odom_speed=0.000
[perfect_drone_full_node-2]  -- [TRAJ_GUARD_CERT] trigger=poly_publish status=SAFE gen=7 map=94 map_age=0.005s map_age_limit=0.550s motion_speed=0.000mps samples=201 range=[0.000,1.000] collision_tt=-1.000 ttc=-1.000 p=[0.000,0.000,0.000]
[perfect_drone_full_node-2] [38;2;000;128;000m -- [Fsm]: [MainFsmCallback] change state from [GENERATE_TRAJ] to [FOLLOW_TRAJ].
[perfect_drone_full_node-2] [0mPublish local map size: 24956
[perfect_drone_full_node-2]  -- [TRAJ_GUARD_CERT] trigger=main_pre status=SAFE gen=7 map=95 map_age=0.010s map_age_limit=0.550s motion_speed=0.119mps samples=182 range=[0.099,1.000] collision_tt=-1.000 ttc=-1.000 p=[0.000,0.000,0.000]
[perfect_drone_full_node-2] Publish local map size: 25200
[perfect_drone_full_node-2]  -- [TRAJ_GUARD_CERT] trigger=main_pre status=SAFE gen=7 map=96 map_age=0.009s map_age_limit=0.550s motion_speed=0.424mps samples=162 range=[0.199,1.000] collision_tt=-1.000 ttc=-1.000 p=[0.000,0.000,0.000]
[perfect_drone_full_node-2] Publish local map size: 25401
[perfect_drone_full_node-2]  -- [TRAJ_GUARD_CERT] trigger=main_pre status=SAFE gen=7 map=97 map_age=0.010s map_age_limit=0.550s motion_speed=0.761mps samples=142 range=[0.299,1.000] collision_tt=-1.000 ttc=-1.000 p=[0.000,0.000,0.000]
[perfect_drone_full_node-2] Publish local map size: 25671
[perfect_drone_full_node-2]  -- [TRAJ_GUARD_CERT] trigger=main_pre status=SAFE gen=7 map=98 map_age=0.008s map_age_limit=0.550s motion_speed=1.017mps samples=122 range=[0.399,1.000] collision_tt=-1.000 ttc=-1.000 p=[0.000,0.000,0.000]
[perfect_drone_full_node-2] Publish local map size: 26389
[perfect_drone_full_node-2]  -- [TRAJ_GUARD_CERT] trigger=main_pre status=SAFE gen=7 map=99 map_age=0.011s map_age_limit=0.550s motion_speed=1.124mps samples=102 range=[0.499,1.000] collision_tt=-1.000 ttc=-1.000 p=[0.000,0.000,0.000]
[perfect_drone_full_node-2] Publish local map size: 27953
[perfect_drone_full_node-2] [INFO] [1789407937.514925067] [perfect_tracking]: [SENSOR_CADENCE_SUMMARY] frames=100 span_s=9.898730 hz=10.001283 raw_published=0 direct_handoffs=100 payload_bytes=74027872 side_entry_v1_enabled=0 side_entry_v1_spawned=0 side_entry_v1_injected_frames=0
[perfect_drone_full_node-2] [INFO] [1789407937.515065592] [perfect_tracking]: [SENSOR_BURST_DROPOUT_SUMMARY] enabled=0 warmup_s=1.000000 period_s=2.000000 duration_s=0.500000 phase_s=0.000000 phase_env_override=0 rendered=100 delivered=100 dropped=0 bursts=0 max_consecutive_dropped=0 max_delivered_gap_s=0.102250 dropped_payload_bytes=0
[perfect_drone_full_node-2]  -- [TRAJ_GUARD_CERT] trigger=main_pre status=SAFE gen=7 map=100 map_age=0.008s map_age_limit=0.550s motion_speed=1.054mps samples=82 range=[0.599,1.000] collision_tt=-1.000 ttc=-1.000 p=[0.000,0.000,0.000]
[perfect_drone_full_node-2] [32m -- [Fsm] Get goal at [0m24.025 24.025  1.525
[perfect_drone_full_node-2] [32m -- [Fsm] Receive click goal at: [24.025 24.025  1.525]; goal yaw: 0.000 deg[0m
[perfect_drone_full_node-2] Publish local map size: 30225
[perfect_drone_full_node-2]  -- [TRAJ_GUARD_CERT] trigger=main_pre status=SAFE gen=7 map=101 map_age=0.010s map_age_limit=0.550s motion_speed=0.826mps samples=62 range=[0.699,1.000] collision_tt=-1.000 ttc=-1.000 p=[0.000,0.000,0.000]
[perfect_drone_full_node-2] [32m -- [Fsm 10.136] Current state: FOLLOW_TRAJ[0m
[perfect_drone_full_node-2] Publish local map size: 31958
[perfect_drone_full_node-2]  -- [TRAJ_GUARD_CERT] trigger=main_pre status=SAFE gen=7 map=102 map_age=0.002s map_age_limit=0.550s motion_speed=0.532mps samples=44 range=[0.789,1.000] collision_tt=-1.000 ttc=-1.000 p=[0.000,0.000,0.000]
[perfect_drone_full_node-2] Publish local map size: 31982
[perfect_drone_full_node-2]  -- [TRAJ_GUARD_CERT] trigger=main_pre status=SAFE gen=7 map=103 map_age=0.008s map_age_limit=0.550s motion_speed=0.175mps samples=22 range=[0.899,1.000] collision_tt=-1.000 ttc=-1.000 p=[0.000,0.000,0.000]
[perfect_drone_full_node-2]  -- [MARSIM] Running FPS: 201.139
[perfect_drone_full_node-2] Publish local map size: 30032
[perfect_drone_full_node-2]  -- [TRAJ_GUARD_CERT] trigger=replan_post status=SAFE gen=7 map=104 map_age=0.003s map_age_limit=0.550s motion_speed=0.002mps samples=2 range=[0.997,1.000] collision_tt=-1.000 ttc=-1.000 p=[0.000,0.000,0.000]
[perfect_drone_full_node-2] [32m -- [Fsm] Traj finish.[0m
[perfect_drone_full_node-2] [38;2;000;128;000m -- [Fsm]: [PubCmdCallback] change state from [FOLLOW_TRAJ] to [GENERATE_TRAJ].
[perfect_drone_full_node-2] [0mPublish local map size: 28945
[perfect_drone_full_node-2] [INFO] [1789407938.068931768] [fsm_node]:  -- [OPTIMIZER_PHASE_MEMORY] optimizer=exp event=begin call=1 rss_mib=3496.527 swap_mib=0.000 variables=17 pieces=5
[perfect_drone_full_node-2] [INFO] [1789407938.082452894] [fsm_node]:  -- [OPTIMIZER_PHASE_MEMORY] optimizer=exp event=end call=1 duration_ms=13.539 iterations=1165 ret=1 rss_mib=3496.527 swap_mib=0.000 rss_delta_mib=0.000
[perfect_drone_full_node-2] [WARN] [1789407938.082497990] [fsm_node]:  -- [SUPER] Replan over time(0.11729860305786133)!!!! Return FAILED
[perfect_drone_full_node-2] [WARN] [1789407938.082507190] [fsm_node]:  -- [SUPER] in [PlanFromRest] GenerateExpTrajectory failed with FAILED.
[perfect_drone_full_node-2] [33m -- [Fsm] PlanFromRest failed, try replan.[0m
[perfect_drone_full_node-2] Publish local map size: 28949
[perfect_drone_full_node-2] [INFO] [1789407938.191704451] [fsm_node]:  -- [OPTIMIZER_PHASE_MEMORY] optimizer=exp event=begin call=2 rss_mib=3496.527 swap_mib=0.000 variables=13 pieces=4
[perfect_drone_full_node-2] [INFO] [1789407938.195920872] [fsm_node]:  -- [OPTIMIZER_PHASE_MEMORY] optimizer=exp event=end call=2 duration_ms=4.259 iterations=454 ret=1 rss_mib=3496.527 swap_mib=0.000 rss_delta_mib=0.000
[perfect_drone_full_node-2] [WARN] [1789407938.195955583] [fsm_node]:  -- [SUPER] Replan over time(0.11332011222839355)!!!! Return FAILED
[perfect_drone_full_node-2] [WARN] [1789407938.195965052] [fsm_node]:  -- [SUPER] in [PlanFromRest] GenerateExpTrajectory failed with FAILED.
[perfect_drone_full_node-2] [33m -- [Fsm] PlanFromRest failed, try replan.[0m
[perfect_drone_full_node-2] Publish local map size: 29006
[perfect_drone_full_node-2] [INFO] [1789407938.307563131] [fsm_node]:  -- [OPTIMIZER_PHASE_MEMORY] optimizer=exp event=begin call=3 rss_mib=3496.527 swap_mib=0.000 variables=13 pieces=4
[perfect_drone_full_node-2] [INFO] [1789407938.310772482] [fsm_node]:  -- [OPTIMIZER_PHASE_MEMORY] optimizer=exp event=end call=3 duration_ms=3.259 iterations=349 ret=1 rss_mib=3496.527 swap_mib=0.000 rss_delta_mib=0.000
[perfect_drone_full_node-2] [WARN] [1789407938.310815109] [fsm_node]:  -- [TRAJ_GUARD_REROUTE_ARM] zone=0 zones=1 center=[1.217,2.746,2.675] radius=0.800 start_distance=1.100 branch=0 depth=0 direction_dot=1.000 reason=trajectory_optimization_overtime action=block_optimizer_failed_route
[perfect_drone_full_node-2] [WARN] [1789407938.310821308] [fsm_node]:  -- [TRAJ_GUARD_POST_CORRIDOR_RECOVERY] epoch=3 zones=1 reason=trajectory_optimization_overtime action=change_topology
[perfect_drone_full_node-2] [WARN] [1789407938.310828331] [fsm_node]:  -- [SUPER] Replan over time(0.11468076705932617)!!!! Return FAILED
[perfect_drone_full_node-2] [WARN] [1789407938.310835538] [fsm_node]:  -- [SUPER] in [PlanFromRest] GenerateExpTrajectory failed with FAILED.
[perfect_drone_full_node-2] [33m -- [Fsm] PlanFromRest failed, try replan.[0m
[perfect_drone_full_node-2] [WARN] [1789407938.311005780] [fsm_node]:  -- [TRAJ_GUARD_REROUTE_SEARCH] zones=1 start=[2.125,2.125,2.675]
[perfect_drone_full_node-2] Publish local map size: 28983
[perfect_drone_full_node-2] [ERROR] [1789407938.411053252] [fsm_node]:  -- [SUPER] Path search failed with [TIME_OUT], force return.
[perfect_drone_full_node-2] 
[perfect_drone_full_node-2] [WARN] [1789407938.411120560] [fsm_node]:  -- [SUPER] PathSearch for new path failed
[perfect_drone_full_node-2] [WARN] [1789407938.411136027] [fsm_node]:  -- [SUPER] in [PlanFromRest] GenerateExpTrajectory failed with FAILED.
[perfect_drone_full_node-2] [WARN] [1789407938.411224957] [fsm_node]:  -- [TRAJ_GUARD_REROUTE_SEARCH] zones=1 start=[2.125,2.125,2.675]
[perfect_drone_full_node-2] [38;2;205;092;092mFailed in A star path searching !!! 0.1 seconds time limit exceeded.
[perfect_drone_full_node-2] [0m[33m -- [Fsm] PlanFromRest failed, try replan.[0m
[perfect_drone_full_node-2] Publish local map size: 29001
[perfect_drone_full_node-2] [ERROR] [1789407938.511239791] [fsm_node]:  -- [SUPER] Path search failed with [TIME_OUT], force return.
[perfect_drone_full_node-2] 
[perfect_drone_full_node-2] [WARN] [1789407938.511277496] [fsm_node]:  -- [SUPER] PathSearch for new path failed
[perfect_drone_full_node-2] [WARN] [1789407938.511285228] [fsm_node]:  -- [SUPER] in [PlanFromRest] GenerateExpTrajectory failed with FAILED.
[perfect_drone_full_node-2] [WARN] [1789407938.511418172] [fsm_node]:  -- [TRAJ_GUARD_REROUTE_SEARCH] zones=1 start=[2.125,2.125,2.675]
[perfect_drone_full_node-2] [38;2;205;092;092mFailed in A star path searching !!! 0.1 seconds time limit exceeded.
[perfect_drone_full_node-2] [0m[33m -- [Fsm] PlanFromRest failed, try replan.[0m
[perfect_drone_full_node-2] Publish local map size: 28993
[perfect_drone_full_node-2] [WARN] [1789407938.611208014] [fsm_node]:  -- [SUPER] Retrying EXP with inflated guard corridor.
[perfect_drone_full_node-2] [INFO] [1789407938.613371779] [fsm_node]:  -- [OPTIMIZER_PHASE_MEMORY] optimizer=exp event=begin call=4 rss_mib=3496.531 swap_mib=0.000 variables=13 pieces=4
[perfect_drone_full_node-2] Publish local map size: 29011
[perfect_drone_full_node-2] [INFO] [1789407938.617792276] [fsm_node]:  -- [OPTIMIZER_PHASE_MEMORY] optimizer=exp event=end call=4 duration_ms=4.480 iterations=398 ret=1 rss_mib=3496.531 swap_mib=0.000 rss_delta_mib=0.000
[perfect_drone_full_node-2] [WARN] [1789407938.617823370] [fsm_node]:  -- [SUPER] Replan over time(0.10641932487487793)!!!! Return FAILED
[perfect_drone_full_node-2] [WARN] [1789407938.617831329] [fsm_node]:  -- [SUPER] in [PlanFromRest] GenerateExpTrajectory failed with FAILED.
[perfect_drone_full_node-2] [33m -- [Fsm] PlanFromRest failed, try replan.[0m
[perfect_drone_full_node-2] [32m -- [Fsm] Get goal at [0m24.025000000000002 24.025000000000002  1.525000000000000
[perfect_drone_full_node-2] [32m -- [Fsm] Receive click goal at: [24.025000000000002 24.025000000000002  1.525000000000000]; goal yaw: 0.000000000000000 deg[0m
[perfect_drone_full_node-2] [WARN] [1789407938.618078717] [fsm_node]:  -- [TRAJ_GUARD_REROUTE_SEARCH] zones=1 start=[2.125,2.125,2.675]
[perfect_drone_full_node-2] Publish local map size: 28950
[perfect_drone_full_node-2] [ERROR] [1789407938.718118225] [fsm_node]:  -- [SUPER] Path search failed with [TIME_OUT], force return.
[perfect_drone_full_node-2] 
[perfect_drone_full_node-2] [WARN] [1789407938.718195784] [fsm_node]:  -- [SUPER] PathSearch for new path failed
[perfect_drone_full_node-2] [WARN] [1789407938.718205499] [fsm_node]:  -- [SUPER] in [PlanFromRest] GenerateExpTrajectory failed with FAILED.
[perfect_drone_full_node-2] [38;2;205;092;092mFailed in A star path searching !!! 0.1 seconds time limit exceeded.
[perfect_drone_full_node-2] [0m[33m -- [Fsm] PlanFromRest failed, try replan.[0m
[perfect_drone_full_node-2] [32m -- [Fsm 11.209] Current state: GENERATE_TRAJ[0m
[perfect_drone_full_node-2] [WARN] [1789407938.718370620] [fsm_node]:  -- [TRAJ_GUARD_REROUTE_SEARCH] zones=1 start=[2.125,2.125,2.675]
[perfect_drone_full_node-2] Publish local map size: 28930
[perfect_drone_full_node-2] [ERROR] [1789407938.818410997] [fsm_node]:  -- [SUPER] Path search failed with [TIME_OUT], force return.
[perfect_drone_full_node-2] 
[perfect_drone_full_node-2] [WARN] [1789407938.818472518] [fsm_node]:  -- [SUPER] PathSearch for new path failed
[perfect_drone_full_node-2] [WARN] [1789407938.818480623] [fsm_node]:  -- [SUPER] in [PlanFromRest] GenerateExpTrajectory failed with FAILED.
[perfect_drone_full_node-2] [38;2;205;092;092mFailed in A star path searching !!! 0.1 seconds time limit exceeded.
[perfect_drone_full_node-2] [0m[33m -- [Fsm] PlanFromRest failed, try replan.[0m
[perfect_drone_full_node-2] [WARN] [1789407938.818624198] [fsm_node]:  -- [TRAJ_GUARD_REROUTE_SEARCH] zones=1 start=[2.125,2.125,2.675]
[perfect_drone_full_node-2] Publish local map size: 28965
[perfect_drone_full_node-2] [WARN] [1789407938.918664461] [fsm_node]:  -- [TRAJ_GUARD_REROUTE_EPOCH_RESET] epoch=4 cleared_zones=1 reason=astar_timeout action=certified_stop_reseed
[perfect_drone_full_node-2] [ERROR] [1789407938.918724857] [fsm_node]:  -- [SUPER] Path search failed with [TIME_OUT], force return.
[perfect_drone_full_node-2] 
[perfect_drone_full_node-2] [WARN] [1789407938.918732796] [fsm_node]:  -- [SUPER] PathSearch for new path failed
[perfect_drone_full_node-2] [WARN] [1789407938.918740938] [fsm_node]:  -- [SUPER] in [PlanFromRest] GenerateExpTrajectory failed with FAILED.
[perfect_drone_full_node-2] [38;2;205;092;092mFailed in A star path searching !!! 0.1 seconds time limit exceeded.
[perfect_drone_full_node-2] [0m[33m -- [Fsm] PlanFromRest failed, try replan.[0m
[perfect_drone_full_node-2] Publish local map size: 28953
[perfect_drone_full_node-2] [WARN] [1789407939.017992096] [fsm_node]:  -- [SUPER] Retrying EXP with inflated guard corridor.
[perfect_drone_full_node-2] [INFO] [1789407939.020322493] [fsm_node]:  -- [OPTIMIZER_PHASE_MEMORY] optimizer=exp event=begin call=5 rss_mib=3496.535 swap_mib=0.000 variables=13 pieces=4
[perfect_drone_full_node-2] [INFO] [1789407939.022937952] [fsm_node]:  -- [OPTIMIZER_PHASE_MEMORY] optimizer=exp event=end call=5 duration_ms=2.697 iterations=253 ret=1 rss_mib=3496.535 swap_mib=0.000 rss_delta_mib=0.000
[perfect_drone_full_node-2] [WARN] [1789407939.022969203] [fsm_node]:  -- [SUPER] Replan over time(0.10407781600952148)!!!! Return FAILED
[perfect_drone_full_node-2] [WARN] [1789407939.022977965] [fsm_node]:  -- [SUPER] in [PlanFromRest] GenerateExpTrajectory failed with FAILED.
[perfect_drone_full_node-2] [33m -- [Fsm] PlanFromRest failed, try replan.[0m
[perfect_drone_full_node-2] Publish local map size: 28953
[perfect_drone_full_node-2] [WARN] [1789407939.122095871] [fsm_node]:  -- [SUPER] Retrying EXP with inflated guard corridor.
[perfect_drone_full_node-2] [INFO] [1789407939.124549700] [fsm_node]:  -- [OPTIMIZER_PHASE_MEMORY] optimizer=exp event=begin call=6 rss_mib=3496.535 swap_mib=0.000 variables=13 pieces=4
[perfect_drone_full_node-2] [INFO] [1789407939.127849360] [fsm_node]:  -- [OPTIMIZER_PHASE_MEMORY] optimizer=exp event=end call=6 duration_ms=3.353 iterations=323 ret=1 rss_mib=3496.535 swap_mib=0.000 rss_delta_mib=0.000
[perfect_drone_full_node-2] [WARN] [1789407939.127885703] [fsm_node]:  -- [SUPER] Replan over time(0.10478591918945312)!!!! Return FAILED
[perfect_drone_full_node-2] [WARN] [1789407939.127895640] [fsm_node]:  -- [SUPER] in [PlanFromRest] GenerateExpTrajectory failed with FAILED.
[perfect_drone_full_node-2] [33m -- [Fsm] PlanFromRest failed, try replan.[0m
[perfect_drone_full_node-2] Publish local map size: 29010
[perfect_drone_full_node-2] [WARN] [1789407939.225787604] [fsm_node]:  -- [SUPER] Guard corridor retry: alternating back to normal corridor generator this attempt.
[perfect_drone_full_node-2] [INFO] [1789407939.241283541] [fsm_node]:  -- [OPTIMIZER_PHASE_MEMORY] optimizer=exp event=begin call=7 rss_mib=3497.117 swap_mib=0.000 variables=13 pieces=4
[perfect_drone_full_node-2] [INFO] [1789407939.245263384] [fsm_node]:  -- [OPTIMIZER_PHASE_MEMORY] optimizer=exp event=end call=7 duration_ms=4.040 iterations=383 ret=1 rss_mib=3497.117 swap_mib=0.000 rss_delta_mib=0.000
[perfect_drone_full_node-2] [WARN] [1789407939.245293957] [fsm_node]:  -- [TRAJ_GUARD_REROUTE_ARM] zone=0 zones=1 center=[1.217,2.746,2.675] radius=0.800 start_distance=1.100 branch=0 depth=0 direction_dot=1.000 reason=trajectory_optimization_overtime action=block_optimizer_failed_route
[perfect_drone_full_node-2] [WARN] [1789407939.245300944] [fsm_node]:  -- [TRAJ_GUARD_POST_CORRIDOR_RECOVERY] epoch=5 zones=1 reason=trajectory_optimization_overtime action=change_topology
[perfect_drone_full_node-2] [WARN] [1789407939.245306401] [fsm_node]:  -- [SUPER] Replan over time(0.11720871925354004)!!!! Return FAILED
[perfect_drone_full_node-2] [WARN] [1789407939.245312781] [fsm_node]:  -- [SUPER] in [PlanFromRest] GenerateExpTrajectory failed with FAILED.
[perfect_drone_full_node-2] [33m -- [Fsm] PlanFromRest failed, try replan.[0m
[perfect_drone_full_node-2] [WARN] [1789407939.245451663] [fsm_node]:  -- [TRAJ_GUARD_REROUTE_SEARCH] zones=1 start=[2.125,2.125,2.675]
[perfect_drone_full_node-2] Publish local map size: 29034
[perfect_drone_full_node-2] [ERROR] [1789407939.345493224] [fsm_node]:  -- [SUPER] Path search failed with [TIME_OUT], force return.
[perfect_drone_full_node-2] 
[perfect_drone_full_node-2] [WARN] [1789407939.345596684] [fsm_node]:  -- [SUPER] PathSearch for new path failed
[perfect_drone_full_node-2] [WARN] [1789407939.345606060] [fsm_node]:  -- [SUPER] in [PlanFromRest] GenerateExpTrajectory failed with FAILED.
[perfect_drone_full_node-2] [38;2;205;092;092mFailed in A star path searching !!! 0.1 seconds time limit exceeded.
[perfect_drone_full_node-2] [0m[33m -- [Fsm] PlanFromRest failed, try replan.[0m
[perfect_drone_full_node-2] [WARN] [1789407939.345767666] [fsm_node]:  -- [TRAJ_GUARD_REROUTE_SEARCH] zones=1 start=[2.125,2.125,2.675]
[perfect_drone_full_node-2] Publish local map size: 28971
[perfect_drone_full_node-2] [WARN] [1789407939.444193565] [fsm_node]:  -- [SUPER] Retrying EXP with inflated guard corridor.
[perfect_drone_full_node-2] [INFO] [1789407939.446485076] [fsm_node]:  -- [OPTIMIZER_PHASE_MEMORY] optimizer=exp event=begin call=8 rss_mib=3497.324 swap_mib=0.000 variables=13 pieces=4
[perfect_drone_full_node-2] [INFO] [1789407939.451735772] [fsm_node]:  -- [OPTIMIZER_PHASE_MEMORY] optimizer=exp event=end call=8 duration_ms=5.313 iterations=467 ret=1 rss_mib=3497.324 swap_mib=0.000 rss_delta_mib=0.000
[perfect_drone_full_node-2] [WARN] [1789407939.451765421] [fsm_node]:  -- [SUPER] Replan over time(0.10601043701171875)!!!! Return FAILED
[perfect_drone_full_node-2] [WARN] [1789407939.451774384] [fsm_node]:  -- [SUPER] in [PlanFromRest] GenerateExpTrajectory failed with FAILED.
[perfect_drone_full_node-2] [33m -- [Fsm] PlanFromRest failed, try replan.[0m
[perfect_drone_full_node-2] [WARN] [1789407939.452011757] [fsm_node]:  -- [TRAJ_GUARD_REROUTE_SEARCH] zones=1 start=[2.125,2.125,2.675]
[perfect_drone_full_node-2] Publish local map size: 28917
[perfect_drone_full_node-2] [WARN] [1789407939.549836181] [fsm_node]:  -- [SUPER] Retrying EXP with inflated guard corridor.
[perfect_drone_full_node-2] [INFO] [1789407939.552301631] [fsm_node]:  -- [OPTIMIZER_PHASE_MEMORY] optimizer=exp event=begin call=9 rss_mib=3497.324 swap_mib=0.000 variables=13 pieces=4
[perfect_drone_full_node-2] [INFO] [1789407939.554542790] [fsm_node]:  -- [OPTIMIZER_PHASE_MEMORY] optimizer=exp event=end call=9 duration_ms=2.305 iterations=205 ret=1 rss_mib=3497.324 swap_mib=0.000 rss_delta_mib=0.000
[perfect_drone_full_node-2] [WARN] [1789407939.554572974] [fsm_node]:  -- [SUPER] Replan over time(0.10256600379943848)!!!! Return FAILED
[perfect_drone_full_node-2] [WARN] [1789407939.554584554] [fsm_node]:  -- [SUPER] in [PlanFromRest] GenerateExpTrajectory failed with FAILED.
[perfect_drone_full_node-2] [33m -- [Fsm] PlanFromRest failed, try replan.[0m
[perfect_drone_full_node-2] [WARN] [1789407939.554705374] [fsm_node]:  -- [TRAJ_GUARD_REROUTE_SEARCH] zones=1 start=[2.125,2.125,2.675]
[perfect_drone_full_node-2] Publish local map size: 28996
[perfect_drone_full_node-2] [ERROR] [1789407939.654738064] [fsm_node]:  -- [SUPER] Path search failed with [TIME_OUT], force return.
[perfect_drone_full_node-2] 
[perfect_drone_full_node-2] [WARN] [1789407939.654798965] [fsm_node]:  -- [SUPER] PathSearch for new path failed
[perfect_drone_full_node-2] [WARN] [1789407939.654807911] [fsm_node]:  -- [SUPER] in [PlanFromRest] GenerateExpTrajectory failed with FAILED.
[perfect_drone_full_node-2] [38;2;205;092;092mFailed in A star path searching !!! 0.1 seconds time limit exceeded.
[perfect_drone_full_node-2] [0m[33m -- [Fsm] PlanFromRest failed, try replan.[0m
[perfect_drone_full_node-2] [32m -- [Fsm] Get goal at [0m24.025000000000002 24.025000000000002  1.525000000000000
[perfect_drone_full_node-2] [32m -- [Fsm] Receive click goal at: [24.025000000000002 24.025000000000002  1.525000000000000]; goal yaw: 0.000000000000000 deg[0m
[perfect_drone_full_node-2] [WARN] [1789407939.655020945] [fsm_node]:  -- [TRAJ_GUARD_REROUTE_SEARCH] zones=1 start=[2.125,2.125,2.675]
[perfect_drone_full_node-2] Publish local map size: 29017
[perfect_drone_full_node-2] [WARN] [1789407939.753286165] [fsm_node]:  -- [SUPER] Retrying EXP with inflated guard corridor.
[perfect_drone_full_node-2] [INFO] [1789407939.755479719] [fsm_node]:  -- [OPTIMIZER_PHASE_MEMORY] optimizer=exp event=begin call=10 rss_mib=3497.324 swap_mib=0.000 variables=13 pieces=4
[perfect_drone_full_node-2] [INFO] [1789407939.760168728] [fsm_node]:  -- [OPTIMIZER_PHASE_MEMORY] optimizer=exp event=end call=10 duration_ms=4.739 iterations=418 ret=1 rss_mib=3497.324 swap_mib=0.000 rss_delta_mib=0.000
[perfect_drone_full_node-2] [WARN] [1789407939.760205900] [fsm_node]:  -- [TRAJ_GUARD_REROUTE_ARM] zone=1 zones=2 center=[1.093,1.745,2.675] radius=0.800 start_distance=1.100 branch=1 depth=0 direction_dot=1.000 reason=trajectory_optimization_overtime action=block_optimizer_failed_route
[perfect_drone_full_node-2] [WARN] [1789407939.760213123] [fsm_node]:  -- [TRAJ_GUARD_POST_CORRIDOR_RECOVERY] epoch=6 zones=2 reason=trajectory_optimization_overtime action=change_topology
[perfect_drone_full_node-2] [WARN] [1789407939.760219199] [fsm_node]:  -- [SUPER] Replan over time(0.10519599914550781)!!!! Return FAILED
[perfect_drone_full_node-2] [WARN] [1789407939.760226377] [fsm_node]:  -- [SUPER] in [PlanFromRest] GenerateExpTrajectory failed with FAILED.
[perfect_drone_full_node-2] [33m -- [Fsm] PlanFromRest failed, try replan.[0m
[perfect_drone_full_node-2] [32m -- [Fsm 12.251] Current state: GENERATE_TRAJ[0m
[perfect_drone_full_node-2] [WARN] [1789407939.760348635] [fsm_node]:  -- [TRAJ_GUARD_REROUTE_SEARCH] zones=2 start=[2.125,2.125,2.675]
[perfect_drone_full_node-2] Publish local map size: 28978
[perfect_drone_full_node-2] [WARN] [1789407939.847757514] [fsm_node]:  -- [SUPER] Guard corridor retry: alternating back to normal corridor generator this attempt.
[perfect_drone_full_node-2] [33m -- [CIRI] WARNING! The problem is not feasible, the min dis to obstacle is only: 0.167[0m
[perfect_drone_full_node-2] [33m	 box_min = 0.650 2.150 2.050[0m
[perfect_drone_full_node-2] [33m	 box_max =2.950 4.350 2.950[0m
[perfect_drone_full_node-2] [33m	 seed line =2.150 2.950 2.650 --> 1.450 3.550 2.650[0m
[perfect_drone_full_node-2] [33m -- [SUPER] GeneratePolytopeFromLine failed.[0m
[perfect_drone_full_node-2] [33m -- [Fsm] PlanFromRest failed, try replan.[0m
[perfect_drone_full_node-2] [WARN] [1789407939.851231070] [fsm_node]:  -- [SUPER] SearchPolytopeOnPath for new path failed
[perfect_drone_full_node-2] [WARN] [1789407939.851250260] [fsm_node]:  -- [SUPER] in [PlanFromRest] GenerateExpTrajectory failed with FAILED.
[perfect_drone_full_node-2] [WARN] [1789407939.851369560] [fsm_node]:  -- [TRAJ_GUARD_REROUTE_SEARCH] zones=2 start=[2.125,2.125,2.675]
[perfect_drone_full_node-2] Publish local map size: 28964
[perfect_drone_full_node-2] [WARN] [1789407939.939635923] [fsm_node]:  -- [SUPER] Retrying EXP with inflated guard corridor.
[perfect_drone_full_node-2] [INFO] [1789407939.942399227] [fsm_node]:  -- [OPTIMIZER_PHASE_MEMORY] optimizer=exp event=begin call=11 rss_mib=3497.324 swap_mib=0.000 variables=17 pieces=5
[perfect_drone_full_node-2] [INFO] [1789407939.963455340] [fsm_node]:  -- [OPTIMIZER_PHASE_MEMORY] optimizer=exp event=end call=11 duration_ms=21.069 iterations=1309 ret=1 rss_mib=3497.324 swap_mib=0.000 rss_delta_mib=0.000
[perfect_drone_full_node-2] [WARN] [1789407939.963512020] [fsm_node]:  -- [SUPER] Replan over time(0.1121516227722168)!!!! Return FAILED
[perfect_drone_full_node-2] [WARN] [1789407939.963522525] [fsm_node]:  -- [SUPER] in [PlanFromRest] GenerateExpTrajectory failed with FAILED.
[perfect_drone_full_node-2] [33m -- [Fsm] PlanFromRest failed, try replan.[0m
[perfect_drone_full_node-2] [WARN] [1789407939.963650292] [fsm_node]:  -- [TRAJ_GUARD_REROUTE_SEARCH] zones=2 start=[2.125,2.125,2.675]
[perfect_drone_full_node-2] Publish local map size: 28978
[perfect_drone_full_node-2] [WARN] [1789407940.051996016] [fsm_node]:  -- [SUPER] Retrying EXP with inflated guard corridor.
[perfect_drone_full_node-2] [INFO] [1789407940.054683350] [fsm_node]:  -- [OPTIMIZER_PHASE_MEMORY] optimizer=exp event=begin call=12 rss_mib=3497.324 swap_mib=0.000 variables=17 pieces=5
[perfect_drone_full_node-2] [INFO] [1789407940.059245811] [fsm_node]:  -- [OPTIMIZER_PHASE_MEMORY] optimizer=exp event=end call=12 duration_ms=4.604 iterations=315 ret=1 rss_mib=3497.324 swap_mib=0.000 rss_delta_mib=0.000
[perfect_drone_full_node-2] [INFO] [1789407940.059305527] [fsm_node]:  -- [SUPER] in [PlanFromRest] GenerateExpTrajectory SUCCESS.
[perfect_drone_full_node-2]  -- [MARSIM] Running FPS: 213.187654585881063
[perfect_drone_full_node-2] Publish local map size: 28947
[perfect_drone_full_node-2] [INFO] [1789407940.121809862] [fsm_node]:  -- [OPTIMIZER_PHASE_MEMORY] optimizer=backup event=begin call=1 rss_mib=3497.324 swap_mib=0.000 variables=54 pieces=2
[perfect_drone_full_node-2] [INFO] [1789407940.170227062] [fsm_node]:  -- [OPTIMIZER_PHASE_MEMORY] optimizer=backup event=end call=1 duration_ms=48.436 iterations=617 ret=1 rss_mib=3497.324 swap_mib=0.000 rss_delta_mib=0.000
[perfect_drone_full_node-2] [INFO] [1789407940.171474268] [fsm_node]:  -- [OPTIMIZER_PHASE_MEMORY] optimizer=backup event=begin call=2 rss_mib=3497.336 swap_mib=0.000 variables=54 pieces=2
[perfect_drone_full_node-2] [INFO] [1789407940.184023628] [fsm_node]:  -- [OPTIMIZER_PHASE_MEMORY] optimizer=backup event=end call=2 duration_ms=12.548 iterations=170 ret=1 rss_mib=3497.336 swap_mib=0.000 rss_delta_mib=0.000
[perfect_drone_full_node-2] [INFO] [1789407940.184402484] [fsm_node]:  -- [TRAJ_GUARD_COMMIT] phase=PlanFromRest/with_backup gen=8 map=126 samples=264 range=[0.220,1.527] escape=false footprint_egress=false escape_done_tt=-1.000
[perfect_drone_full_node-2]  -- [TRAJ_GUARD_CERT] trigger=poly_publish status=SAFE gen=8 map=126 map_age=0.049s map_age_limit=0.550s motion_speed=1.464mps samples=263 range=[0.221,1.527] collision_tt=-1.000 ttc=-1.000 p=[0.000,0.000,0.000]
[perfect_drone_full_node-2] [38;2;000;128;000m -- [Fsm]: [MainFsmCallback] change state from [GENERATE_TRAJ] to [FOLLOW_TRAJ].
[perfect_drone_full_node-2] [0mPublish local map size: 36803
[perfect_drone_full_node-2] [INFO] [1789407940.272134790] [fsm_node]:  -- [OPTIMIZER_PHASE_MEMORY] optimizer=exp event=begin call=13 rss_mib=3498.215 swap_mib=0.000 variables=13 pieces=4
[perfect_drone_full_node-2] [INFO] [1789407940.275961532] [fsm_node]:  -- [OPTIMIZER_PHASE_MEMORY] optimizer=exp event=end call=13 duration_ms=3.872 iterations=456 ret=1 rss_mib=3498.215 swap_mib=0.000 rss_delta_mib=0.000
[perfect_drone_full_node-2]  -- [TRAJ_GUARD_CERT] trigger=main_pre status=SAFE gen=8 map=127 map_age=0.009s map_age_limit=0.550s motion_speed=2.153mps samples=251 range=[0.282,1.527] collision_tt=-1.000 ttc=-1.000 p=[0.000,0.000,0.000]
[perfect_drone_full_node-2] Publish local map size: 46144
[perfect_drone_full_node-2] [INFO] [1789407940.346357615] [fsm_node]:  -- [OPTIMIZER_PHASE_MEMORY] optimizer=backup event=begin call=3 rss_mib=3499.988 swap_mib=0.000 variables=46 pieces=2
[perfect_drone_full_node-2] [INFO] [1789407940.397154470] [fsm_node]:  -- [OPTIMIZER_PHASE_MEMORY] optimizer=backup event=end call=3 duration_ms=50.770 iterations=333 ret=1 rss_mib=3499.988 swap_mib=0.000 rss_delta_mib=0.000
[perfect_drone_full_node-2] [INFO] [1789407940.401903341] [fsm_node]:  -- [OPTIMIZER_PHASE_MEMORY] optimizer=backup event=begin call=4 rss_mib=3499.996 swap_mib=0.000 variables=46 pieces=2
[perfect_drone_full_node-2]  -- [TRAJ_GUARD_CERT] trigger=main_pre status=SAFE gen=8 map=128 map_age=0.006s map_age_limit=0.500s motion_speed=3.513mps samples=231 range=[0.382,1.527] collision_tt=-1.000 ttc=-1.000 p=[0.000,0.000,0.000]
[perfect_drone_full_node-2] Publish local map size: 50799
[perfect_drone_full_node-2] [INFO] [1789407940.429806585] [fsm_node]:  -- [OPTIMIZER_PHASE_MEMORY] optimizer=backup event=end call=4 duration_ms=27.907 iterations=144 ret=1 rss_mib=3502.844 swap_mib=0.000 rss_delta_mib=2.848
[perfect_drone_full_node-2] [WARN] [1789407940.429892775] [fsm_node]:  -- [SUPER] in [ReplanOnce]: Replan overtime, check parameters, replan dt = 0.176642451.
[perfect_drone_full_node-2] [INFO] [1789407940.457772272] [fsm_node]:  -- [OPTIMIZER_PHASE_MEMORY] optimizer=exp event=begin call=14 rss_mib=3502.844 swap_mib=0.000 variables=17 pieces=5
[perfect_drone_full_node-2] [INFO] [1789407940.488942107] [fsm_node]:  -- [OPTIMIZER_PHASE_MEMORY] optimizer=exp event=end call=14 duration_ms=31.209 iterations=2086 ret=1 rss_mib=3502.844 swap_mib=0.000 rss_delta_mib=0.000
[perfect_drone_full_node-2]  -- [TRAJ_GUARD_CERT] trigger=main_pre status=SAFE gen=8 map=129 map_age=0.009s map_age_limit=0.500s motion_speed=4.804mps samples=209 range=[0.492,1.527] collision_tt=-1.000 ttc=-1.000 p=[0.000,0.000,0.000]
[perfect_drone_full_node-2] Publish local map size: 51773
[perfect_drone_full_node-2] [INFO] [1789407940.537524968] [fsm_node]:  -- [OPTIMIZER_PHASE_MEMORY] optimizer=backup event=begin call=5 rss_mib=3502.965 swap_mib=0.000 variables=44 pieces=2
[perfect_drone_full_node-2] [INFO] [1789407940.561551750] [fsm_node]:  -- [OPTIMIZER_PHASE_MEMORY] optimizer=backup event=end call=5 duration_ms=24.058 iterations=2121 ret=1 rss_mib=3502.965 swap_mib=0.000 rss_delta_mib=0.000
[perfect_drone_full_node-2] [INFO] [1789407940.561747491] [fsm_node]:  -- [OPTIMIZER_PHASE_MEMORY] optimizer=backup event=begin call=6 rss_mib=3502.973 swap_mib=0.000 variables=44 pieces=2
[perfect_drone_full_node-2] [INFO] [1789407940.573096233] [fsm_node]:  -- [OPTIMIZER_PHASE_MEMORY] optimizer=backup event=end call=6 duration_ms=11.343 iterations=1152 ret=1 rss_mib=3502.973 swap_mib=0.000 rss_delta_mib=0.000
[perfect_drone_full_node-2] [WARN] [1789407940.573140459] [fsm_node]:  -- [SUPER] in [ReplanOnce]: Replan overtime, check parameters, replan dt = 0.143077758.
[perfect_drone_full_node-2]  -- [TRAJ_GUARD_CERT] trigger=main_pre status=SAFE gen=8 map=130 map_age=0.007s map_age_limit=0.500s motion_speed=5.493mps samples=191 range=[0.582,1.527] collision_tt=-1.000 ttc=-1.000 p=[0.000,0.000,0.000]
[perfect_drone_full_node-2] [32m -- [Fsm] Get goal at [0m24.025000000000002 24.025000000000002  1.525000000000000
[perfect_drone_full_node-2] [32m -- [Fsm] Receive click goal at: [24.025000000000002 24.025000000000002  1.525000000000000]; goal yaw: 0.000000000000000 deg[0m
[perfect_drone_full_node-2] [INFO] [1789407940.596607484] [fsm_node]:  -- [OPTIMIZER_PHASE_MEMORY] optimizer=exp event=begin call=15 rss_mib=3502.973 swap_mib=0.000 variables=17 pieces=5
[perfect_drone_full_node-2] [INFO] [1789407940.601306727] [fsm_node]:  -- [OPTIMIZER_PHASE_MEMORY] optimizer=exp event=end call=15 duration_ms=4.756 iterations=429 ret=1 rss_mib=3502.973 swap_mib=0.000 rss_delta_mib=0.000
[perfect_drone_full_node-2] Publish local map size: 51266
[perfect_drone_full_node-2] [INFO] [1789407940.663779241] [fsm_node]:  -- [OPTIMIZER_PHASE_MEMORY] optimizer=backup event=begin call=7 rss_mib=3502.973 swap_mib=0.000 variables=86 pieces=2
[perfect_drone_full_node-2]  -- [TRAJ_GUARD_CERT] trigger=main_pre status=SAFE gen=8 map=131 map_age=0.009s map_age_limit=0.500s motion_speed=5.743mps samples=171 range=[0.682,1.527] collision_tt=-1.000 ttc=-1.000 p=[0.000,0.000,0.000]
[perfect_drone_full_node-2] Publish local map size: 51816
[perfect_drone_full_node-2] [INFO] [1789407940.730215096] [fsm_node]:  -- [OPTIMIZER_PHASE_MEMORY] optimizer=backup event=end call=7 duration_ms=66.452 iterations=228 ret=1 rss_mib=3502.977 swap_mib=0.000 rss_delta_mib=0.004
[perfect_drone_full_node-2] [INFO] [1789407940.749803992] [fsm_node]:  -- [OPTIMIZER_PHASE_MEMORY] optimizer=backup event=begin call=8 rss_mib=3502.984 swap_mib=0.000 variables=86 pieces=2
[perfect_drone_full_node-2]  -- [TRAJ_GUARD_CERT] trigger=main_pre status=SAFE gen=8 map=132 map_age=0.007s map_age_limit=0.500s motion_speed=5.635mps samples=151 range=[0.782,1.527] collision_tt=-1.000 ttc=-1.000 p=[0.000,0.000,0.000]
[perfect_drone_full_node-2] [32m -- [Fsm 13.255] Current state: FOLLOW_TRAJ[0m
[perfect_drone_full_node-2] [INFO] [1789407940.773155129] [fsm_node]:  -- [OPTIMIZER_PHASE_MEMORY] optimizer=backup event=end call=8 duration_ms=23.362 iterations=71 ret=1 rss_mib=3502.988 swap_mib=0.000 rss_delta_mib=0.004
[perfect_drone_full_node-2] [WARN] [1789407940.773222225] [fsm_node]:  -- [SUPER] in [ReplanOnce]: Replan overtime, check parameters, replan dt = 0.199950929.
[perfect_drone_full_node-2] [INFO] [1789407940.800076837] [fsm_node]:  -- [OPTIMIZER_PHASE_MEMORY] optimizer=exp event=begin call=16 rss_mib=3502.988 swap_mib=0.000 variables=13 pieces=4
[perfect_drone_full_node-2] [INFO] [1789407940.809787877] [fsm_node]:  -- [OPTIMIZER_PHASE_MEMORY] optimizer=exp event=end call=16 duration_ms=9.755 iterations=921 ret=1 rss_mib=3502.988 swap_mib=0.000 rss_delta_mib=0.000
[perfect_drone_full_node-2] Publish local map size: 47491
[perfect_drone_full_node-2] [INFO] [1789407940.820446521] [fsm_node]:  -- [OPTIMIZER_PHASE_MEMORY] optimizer=backup event=begin call=9 rss_mib=3502.988 swap_mib=0.000 variables=30 pieces=2
[perfect_drone_full_node-2] [INFO] [1789407940.822031661] [fsm_node]:  -- [OPTIMIZER_PHASE_MEMORY] optimizer=backup event=end call=9 duration_ms=1.627 iterations=303 ret=1 rss_mib=3502.988 swap_mib=0.000 rss_delta_mib=0.000
[perfect_drone_full_node-2] [INFO] [1789407940.822137250] [fsm_node]:  -- [OPTIMIZER_PHASE_MEMORY] optimizer=backup event=begin call=10 rss_mib=3503.000 swap_mib=0.000 variables=30 pieces=2
[perfect_drone_full_node-2] [INFO] [1789407940.822981482] [fsm_node]:  -- [OPTIMIZER_PHASE_MEMORY] optimizer=backup event=end call=10 duration_ms=0.843 iterations=168 ret=1 rss_mib=3503.000 swap_mib=0.000 rss_delta_mib=0.000
[perfect_drone_full_node-2] [INFO] [1789407940.823202067] [fsm_node]:  -- [TRAJ_GUARD_COMMIT] phase=ReplanOnce/with_backup gen=9 map=132 samples=126 range=[0.050,0.668] escape=false footprint_egress=false escape_done_tt=-1.000
[perfect_drone_full_node-2] [32m -- [Fsm] ReplanOnce succeed.[0m
[perfect_drone_full_node-2] [INFO] [1789407940.850829960] [fsm_node]:  -- [OPTIMIZER_PHASE_MEMORY] optimizer=exp event=begin call=17 rss_mib=3503.000 swap_mib=0.000 variables=17 pieces=5
[perfect_drone_full_node-2] [INFO] [1789407940.859254625] [fsm_node]:  -- [OPTIMIZER_PHASE_MEMORY] optimizer=exp event=end call=17 duration_ms=8.462 iterations=436 ret=1 rss_mib=3503.000 swap_mib=0.000 rss_delta_mib=0.000
[perfect_drone_full_node-2] [INFO] [1789407940.870267708] [fsm_node]:  -- [OPTIMIZER_PHASE_MEMORY] optimizer=backup event=begin call=11 rss_mib=3503.000 swap_mib=0.000 variables=36 pieces=2
[perfect_drone_full_node-2] [INFO] [1789407940.877425492] [fsm_node]:  -- [OPTIMIZER_PHASE_MEMORY] optimizer=backup event=end call=11 duration_ms=7.174 iterations=798 ret=1 rss_mib=3503.000 swap_mib=0.000 rss_delta_mib=0.000
[perfect_drone_full_node-2] [INFO] [1789407940.877589730] [fsm_node]:  -- [OPTIMIZER_PHASE_MEMORY] optimizer=backup event=begin call=12 rss_mib=3503.000 swap_mib=0.000 variables=36 pieces=2
[perfect_drone_full_node-2] [INFO] [1789407940.882431051] [fsm_node]:  -- [OPTIMIZER_PHASE_MEMORY] optimizer=backup event=end call=12 duration_ms=4.826 iterations=634 ret=1 rss_mib=3503.000 swap_mib=0.000 rss_delta_mib=0.000
[perfect_drone_full_node-2] [INFO] [1789407940.882671027] [fsm_node]:  -- [TRAJ_GUARD_COMMIT] phase=ReplanOnce/with_backup gen=10 map=133 samples=133 range=[0.059,0.714] escape=false footprint_egress=false escape_done_tt=-1.000
[perfect_drone_full_node-2]  -- [TRAJ_GUARD_CERT] trigger=poly_publish status=SAFE gen=9 map=132 map_age=0.085s map_age_limit=0.500s motion_speed=5.438mps samples=125 range=[0.050,0.668] collision_tt=-1.000 ttc=-1.000 p=[0.000,0.000,0.000]
[perfect_drone_full_node-2]  -- [TRAJ_GUARD_CERT] trigger=main_pre status=SAFE gen=9 map=133 map_age=0.006s map_age_limit=0.500s motion_speed=5.374mps samples=121 range=[0.072,0.668] collision_tt=-1.000 ttc=-1.000 p=[0.000,0.000,0.000]
[perfect_drone_full_node-2] [32m -- [Fsm] ReplanOnce succeed.[0m
[perfect_drone_full_node-2] [INFO] [1789407940.908991936] [fsm_node]:  -- [OPTIMIZER_PHASE_MEMORY] optimizer=exp event=begin call=18 rss_mib=3503.000 swap_mib=0.000 variables=17 pieces=5
[perfect_drone_full_node-2]  -- [TRAJ_GUARD_CERT] trigger=poly_publish status=SAFE gen=10 map=133 map_age=0.044s map_age_limit=0.500s motion_speed=5.221mps samples=132 range=[0.059,0.714] collision_tt=-1.000 ttc=-1.000 p=[0.000,0.000,0.000]
[perfect_drone_full_node-2] Publish local map size: 33938
[perfect_drone_full_node-2] [INFO] [1789407940.924902178] [fsm_node]:  -- [OPTIMIZER_PHASE_MEMORY] optimizer=exp event=end call=18 duration_ms=15.940 iterations=1201 ret=1 rss_mib=3503.000 swap_mib=0.000 rss_delta_mib=0.000
[perfect_drone_full_node-2] [INFO] [1789407940.936212696] [fsm_node]:  -- [OPTIMIZER_PHASE_MEMORY] optimizer=backup event=begin call=13 rss_mib=3503.000 swap_mib=0.000 variables=18 pieces=2
[perfect_drone_full_node-2] [INFO] [1789407940.938151990] [fsm_node]:  -- [OPTIMIZER_PHASE_MEMORY] optimizer=backup event=end call=13 duration_ms=1.964 iterations=359 ret=1 rss_mib=3503.000 swap_mib=0.000 rss_delta_mib=0.000
[perfect_drone_full_node-2] [INFO] [1789407940.938236508] [fsm_node]:  -- [OPTIMIZER_PHASE_MEMORY] optimizer=backup event=begin call=14 rss_mib=3503.000 swap_mib=0.000 variables=18 pieces=2
[perfect_drone_full_node-2] [INFO] [1789407940.943518646] [fsm_node]:  -- [OPTIMIZER_PHASE_MEMORY] optimizer=backup event=end call=14 duration_ms=5.275 iterations=747 ret=1 rss_mib=3503.000 swap_mib=0.000 rss_delta_mib=0.000
[perfect_drone_full_node-2] [INFO] [1789407940.943760656] [fsm_node]:  -- [TRAJ_GUARD_COMMIT] phase=ReplanOnce/with_backup gen=11 map=134 samples=129 range=[0.061,0.691] escape=false footprint_egress=false escape_done_tt=-1.000
[perfect_drone_full_node-2] [32m -- [Fsm] ReplanOnce succeed.[0m
[perfect_drone_full_node-2] [INFO] [1789407940.975379605] [fsm_node]:  -- [OPTIMIZER_PHASE_MEMORY] optimizer=exp event=begin call=19 rss_mib=3503.000 swap_mib=0.000 variables=17 pieces=5
[perfect_drone_full_node-2] [INFO] [1789407940.982671105] [fsm_node]:  -- [OPTIMIZER_PHASE_MEMORY] optimizer=exp event=end call=19 duration_ms=7.343 iterations=641 ret=1 rss_mib=3503.000 swap_mib=0.000 rss_delta_mib=0.000
[perfect_drone_full_node-2] [INFO] [1789407940.992908962] [fsm_node]:  -- [OPTIMIZER_PHASE_MEMORY] optimizer=backup event=begin call=15 rss_mib=3503.000 swap_mib=0.000 variables=40 pieces=2
[perfect_drone_full_node-2] [INFO] [1789407940.995492548] [fsm_node]:  -- [OPTIMIZER_PHASE_MEMORY] optimizer=backup event=end call=15 duration_ms=2.585 iterations=382 ret=1 rss_mib=3503.000 swap_mib=0.000 rss_delta_mib=0.000
[perfect_drone_full_node-2] [INFO] [1789407940.995636622] [fsm_node]:  -- [OPTIMIZER_PHASE_MEMORY] optimizer=backup event=begin call=16 rss_mib=3503.012 swap_mib=0.000 variables=40 pieces=2
[perfect_drone_full_node-2] [INFO] [1789407941.003394533] [fsm_node]:  -- [OPTIMIZER_PHASE_MEMORY] optimizer=backup event=end call=16 duration_ms=7.752 iterations=854 ret=1 rss_mib=3503.012 swap_mib=0.000 rss_delta_mib=0.000
[perfect_drone_full_node-2] [INFO] [1789407941.003624106] [fsm_node]:  -- [TRAJ_GUARD_COMMIT] phase=ReplanOnce/with_backup gen=12 map=134 samples=137 range=[0.059,0.730] escape=false footprint_egress=false escape_done_tt=-1.000
[perfect_drone_full_node-2]  -- [TRAJ_GUARD_CERT] trigger=poly_publish status=SAFE gen=11 map=134 map_age=0.006s map_age_limit=0.500s motion_speed=4.921mps samples=128 range=[0.061,0.691] collision_tt=-1.000 ttc=-1.000 p=[0.000,0.000,0.000]
[perfect_drone_full_node-2] [32m -- [Fsm] ReplanOnce succeed.[0m
[perfect_drone_full_node-2]  -- [TRAJ_GUARD_CERT] trigger=poly_publish status=SAFE gen=12 map=134 map_age=0.066s map_age_limit=0.500s motion_speed=4.561mps samples=136 range=[0.060,0.730] collision_tt=-1.000 ttc=-1.000 p=[0.000,0.000,0.000]
[perfect_drone_full_node-2] Publish local map size: 47447
[perfect_drone_full_node-2] [INFO] [1789407941.033256735] [fsm_node]:  -- [OPTIMIZER_PHASE_MEMORY] optimizer=exp event=begin call=20 rss_mib=3503.012 swap_mib=0.000 variables=13 pieces=4
[perfect_drone_full_node-2] [INFO] [1789407941.037638046] [fsm_node]:  -- [OPTIMIZER_PHASE_MEMORY] optimizer=exp event=end call=20 duration_ms=4.443 iterations=433 ret=1 rss_mib=3503.012 swap_mib=0.000 rss_delta_mib=0.000
[perfect_drone_full_node-2] [INFO] [1789407941.055669859] [fsm_node]:  -- [OPTIMIZER_PHASE_MEMORY] optimizer=backup event=begin call=17 rss_mib=3503.012 swap_mib=0.000 variables=42 pieces=2
[perfect_drone_full_node-2] [INFO] [1789407941.059596173] [fsm_node]:  -- [OPTIMIZER_PHASE_MEMORY] optimizer=backup event=end call=17 duration_ms=3.945 iterations=484 ret=1 rss_mib=3503.012 swap_mib=0.000 rss_delta_mib=0.000
[perfect_drone_full_node-2] [INFO] [1789407941.059687199] [fsm_node]:  -- [OPTIMIZER_PHASE_MEMORY] optimizer=backup event=begin call=18 rss_mib=3503.012 swap_mib=0.000 variables=42 pieces=2
[perfect_drone_full_node-2] [INFO] [1789407941.069867584] [fsm_node]:  -- [OPTIMIZER_PHASE_MEMORY] optimizer=backup event=end call=18 duration_ms=10.173 iterations=1000 ret=1 rss_mib=3503.012 swap_mib=0.000 rss_delta_mib=0.000
[perfect_drone_full_node-2] [INFO] [1789407941.070117243] [fsm_node]:  -- [TRAJ_GUARD_COMMIT] phase=ReplanOnce/with_backup gen=13 map=135 samples=153 range=[0.066,0.820] escape=false footprint_egress=false escape_done_tt=-1.000
[perfect_drone_full_node-2]  -- [TRAJ_GUARD_CERT] trigger=main_pre status=SAFE gen=12 map=135 map_age=0.013s map_age_limit=0.500s motion_speed=4.248mps samples=125 range=[0.111,0.730] collision_tt=-1.000 ttc=-1.000 p=[0.000,0.000,0.000]
[perfect_drone_full_node-2] [32m -- [Fsm] ReplanOnce succeed.[0m
[perfect_drone_full_node-2] [INFO] [1789407941.095769471] [fsm_node]:  -- [OPTIMIZER_PHASE_MEMORY] optimizer=exp event=begin call=21 rss_mib=3503.059 swap_mib=0.000 variables=9 pieces=3
[perfect_drone_full_node-2] [INFO] [1789407941.098005861] [fsm_node]:  -- [OPTIMIZER_PHASE_MEMORY] optimizer=exp event=end call=21 duration_ms=2.297 iterations=328 ret=1 rss_mib=3503.059 swap_mib=0.000 rss_delta_mib=0.000
[perfect_drone_full_node-2]  -- [TRAJ_GUARD_CERT] trigger=poly_publish status=SAFE gen=13 map=135 map_age=0.028s map_age_limit=0.500s motion_speed=4.121mps samples=152 range=[0.066,0.820] collision_tt=-1.000 ttc=-1.000 p=[0.000,0.000,0.000]
[perfect_drone_full_node-2] Publish local map size: 52160
[perfect_drone_full_node-2] [INFO] [1789407941.117494467] [fsm_node]:  -- [OPTIMIZER_PHASE_MEMORY] optimizer=backup event=begin call=19 rss_mib=3504.191 swap_mib=0.000 variables=50 pieces=2
[perfect_drone_full_node-2] [INFO] [1789407941.127326479] [fsm_node]:  -- [OPTIMIZER_PHASE_MEMORY] optimizer=backup event=end call=19 duration_ms=9.847 iterations=774 ret=1 rss_mib=3504.215 swap_mib=0.000 rss_delta_mib=0.023
[perfect_drone_full_node-2] [INFO] [1789407941.127457536] [fsm_node]:  -- [OPTIMIZER_PHASE_MEMORY] optimizer=backup event=begin call=20 rss_mib=3504.227 swap_mib=0.000 variables=50 pieces=2
[perfect_drone_full_node-2] [INFO] [1789407941.128680574] [fsm_node]:  -- [OPTIMIZER_PHASE_MEMORY] optimizer=backup event=end call=20 duration_ms=1.223 iterations=128 ret=1 rss_mib=3504.227 swap_mib=0.000 rss_delta_mib=0.000
[perfect_drone_full_node-2] [INFO] [1789407941.128936989] [fsm_node]:  -- [TRAJ_GUARD_COMMIT] phase=ReplanOnce/with_backup gen=14 map=135 samples=159 range=[0.058,0.842] escape=false footprint_egress=false escape_done_tt=-1.000
[perfect_drone_full_node-2] [32m -- [Fsm] ReplanOnce succeed.[0m
[perfect_drone_full_node-2] [INFO] [1789407941.152863610] [fsm_node]:  -- [OPTIMIZER_PHASE_MEMORY] optimizer=exp event=begin call=22 rss_mib=3504.227 swap_mib=0.000 variables=13 pieces=4
[perfect_drone_full_node-2] [INFO] [1789407941.156136181] [fsm_node]:  -- [OPTIMIZER_PHASE_MEMORY] optimizer=exp event=end call=22 duration_ms=3.350 iterations=334 ret=1 rss_mib=3504.227 swap_mib=0.000 rss_delta_mib=0.000
[perfect_drone_full_node-2] [INFO] [1789407941.179823127] [fsm_node]:  -- [OPTIMIZER_PHASE_MEMORY] optimizer=backup event=begin call=21 rss_mib=3504.227 swap_mib=0.000 variables=54 pieces=2
[perfect_drone_full_node-2] [INFO] [1789407941.185863161] [fsm_node]:  -- [OPTIMIZER_PHASE_MEMORY] optimizer=backup event=end call=21 duration_ms=6.059 iterations=540 ret=1 rss_mib=3504.227 swap_mib=0.000 rss_delta_mib=0.000
[perfect_drone_full_node-2] [INFO] [1789407941.185994165] [fsm_node]:  -- [OPTIMIZER_PHASE_MEMORY] optimizer=backup event=begin call=22 rss_mib=3504.227 swap_mib=0.000 variables=54 pieces=2
[perfect_drone_full_node-2] [INFO] [1789407941.190057831] [fsm_node]:  -- [OPTIMIZER_PHASE_MEMORY] optimizer=backup event=end call=22 duration_ms=4.063 iterations=357 ret=1 rss_mib=3504.227 swap_mib=0.000 rss_delta_mib=0.000
[perfect_drone_full_node-2] [INFO] [1789407941.190286762] [fsm_node]:  -- [TRAJ_GUARD_COMMIT] phase=ReplanOnce/with_backup gen=15 map=136 samples=148 range=[0.061,0.787] escape=false footprint_egress=false escape_done_tt=-1.000
[perfect_drone_full_node-2]  -- [TRAJ_GUARD_CERT] trigger=poly_publish status=SAFE gen=14 map=135 map_age=0.086s map_age_limit=0.500s motion_speed=3.837mps samples=158 range=[0.059,0.842] collision_tt=-1.000 ttc=-1.000 p=[0.000,0.000,0.000]
[perfect_drone_full_node-2]  -- [TRAJ_GUARD_CERT] trigger=main_pre status=SAFE gen=14 map=136 map_age=0.010s map_age_limit=0.500s motion_speed=3.802mps samples=153 range=[0.085,0.842] collision_tt=-1.000 ttc=-1.000 p=[0.000,0.000,0.000]
[perfect_drone_full_node-2] [32m -- [Fsm] ReplanOnce succeed.[0m
[perfect_drone_full_node-2]  -- [TRAJ_GUARD_CERT] trigger=poly_publish status=SAFE gen=15 map=136 map_age=0.045s map_age_limit=0.500s motion_speed=3.853mps samples=147 range=[0.061,0.787] collision_tt=-1.000 ttc=-1.000 p=[0.000,0.000,0.000]
[perfect_drone_full_node-2] Publish local map size: 50066
[perfect_drone_full_node-2] [INFO] [1789407941.216340373] [fsm_node]:  -- [OPTIMIZER_PHASE_MEMORY] optimizer=exp event=begin call=23 rss_mib=3504.570 swap_mib=0.000 variables=13 pieces=4
[perfect_drone_full_node-2] [INFO] [1789407941.220153428] [fsm_node]:  -- [OPTIMIZER_PHASE_MEMORY] optimizer=exp event=end call=23 duration_ms=3.875 iterations=410 ret=1 rss_mib=3504.570 swap_mib=0.000 rss_delta_mib=0.000
[perfect_drone_full_node-2] [INFO] [1789407941.249737955] [fsm_node]:  -- [OPTIMIZER_PHASE_MEMORY] optimizer=backup event=begin call=23 rss_mib=3504.750 swap_mib=0.000 variables=40 pieces=2
[perfect_drone_full_node-2] [INFO] [1789407941.264026698] [fsm_node]:  -- [OPTIMIZER_PHASE_MEMORY] optimizer=backup event=end call=23 duration_ms=14.313 iterations=1298 ret=1 rss_mib=3504.750 swap_mib=0.000 rss_delta_mib=0.000
[perfect_drone_full_node-2] [INFO] [1789407941.264218965] [fsm_node]:  -- [OPTIMIZER_PHASE_MEMORY] optimizer=backup event=begin call=24 rss_mib=3504.758 swap_mib=0.000 variables=40 pieces=2
[perfect_drone_full_node-2] [INFO] [1789407941.264558765] [fsm_node]:  -- [OPTIMIZER_PHASE_MEMORY] optimizer=backup event=end call=24 duration_ms=0.342 iterations=50 ret=1 rss_mib=3504.758 swap_mib=0.000 rss_delta_mib=0.000
[perfect_drone_full_node-2] [INFO] [1789407941.264824463] [fsm_node]:  -- [TRAJ_GUARD_COMMIT] phase=ReplanOnce/with_backup gen=16 map=137 samples=172 range=[0.074,0.924] escape=false footprint_egress=false escape_done_tt=-1.000
[perfect_drone_full_node-2]  -- [TRAJ_GUARD_CERT] trigger=main_pre status=SAFE gen=15 map=137 map_age=0.012s map_age_limit=0.500s motion_speed=4.152mps samples=134 range=[0.126,0.787] collision_tt=-1.000 ttc=-1.000 p=[0.000,0.000,0.000]
[perfect_drone_full_node-2] [32m -- [Fsm] ReplanOnce succeed.[0m
[perfect_drone_full_node-2] [INFO] [1789407941.287686354] [fsm_node]:  -- [OPTIMIZER_PHASE_MEMORY] optimizer=exp event=begin call=24 rss_mib=3504.758 swap_mib=0.000 variables=13 pieces=4
[perfect_drone_full_node-2] [INFO] [1789407941.289515996] [fsm_node]:  -- [OPTIMIZER_PHASE_MEMORY] optimizer=exp event=end call=24 duration_ms=1.877 iterations=213 ret=1 rss_mib=3504.758 swap_mib=0.000 rss_delta_mib=0.000
[perfect_drone_full_node-2]  -- [TRAJ_GUARD_CERT] trigger=poly_publish status=SAFE gen=16 map=137 map_age=0.022s map_age_limit=0.500s motion_speed=4.217mps samples=171 range=[0.074,0.924] collision_tt=-1.000 ttc=-1.000 p=[0.000,0.000,0.000]
[perfect_drone_full_node-2] Publish local map size: 45750
[perfect_drone_full_node-2] [INFO] [1789407941.372306897] [fsm_node]:  -- [OPTIMIZER_PHASE_MEMORY] optimizer=backup event=begin call=25 rss_mib=3505.855 swap_mib=0.000 variables=62 pieces=2
[perfect_drone_full_node-2] [INFO] [1789407941.377241938] [fsm_node]:  -- [OPTIMIZER_PHASE_MEMORY] optimizer=backup event=end call=25 duration_ms=4.967 iterations=229 ret=1 rss_mib=3505.855 swap_mib=0.000 rss_delta_mib=0.000
[perfect_drone_full_node-2] [INFO] [1789407941.377461034] [fsm_node]:  -- [OPTIMIZER_PHASE_MEMORY] optimizer=backup event=begin call=26 rss_mib=3505.863 swap_mib=0.000 variables=62 pieces=2
[perfect_drone_full_node-2] [INFO] [1789407941.392873980] [fsm_node]:  -- [OPTIMIZER_PHASE_MEMORY] optimizer=backup event=end call=26 duration_ms=15.402 iterations=659 ret=1 rss_mib=3505.863 swap_mib=0.000 rss_delta_mib=0.000
[perfect_drone_full_node-2] [WARN] [1789407941.392924124] [fsm_node]:  -- [SUPER] in [ReplanOnce]: Replan overtime, check parameters, replan dt = 0.127800158.
[perfect_drone_full_node-2]  -- [TRAJ_GUARD_CERT] trigger=main_pre status=SAFE gen=16 map=138 map_age=0.012s map_age_limit=0.500s motion_speed=4.955mps samples=153 range=[0.165,0.924] collision_tt=-1.000 ttc=-1.000 p=[0.000,0.000,0.000]
[perfect_drone_full_node-2] Publish local map size: 38825
[perfect_drone_full_node-2] [INFO] [1789407941.415372691] [fsm_node]:  -- [OPTIMIZER_PHASE_MEMORY] optimizer=exp event=begin call=25 rss_mib=3506.340 swap_mib=0.000 variables=13 pieces=4
[perfect_drone_full_node-2] [INFO] [1789407941.417591640] [fsm_node]:  -- [OPTIMIZER_PHASE_MEMORY] optimizer=exp event=end call=25 duration_ms=2.279 iterations=250 ret=1 rss_mib=3506.340 swap_mib=0.000 rss_delta_mib=0.000
[perfect_drone_full_node-2]  -- [TRAJ_GUARD_CERT] trigger=main_pre status=SAFE gen=16 map=139 map_age=0.011s map_age_limit=0.500s motion_speed=5.870mps samples=133 range=[0.265,0.924] collision_tt=-1.000 ttc=-1.000 p=[0.000,0.000,0.000]
[perfect_drone_full_node-2] Publish local map size: 31357
[perfect_drone_full_node-2] [INFO] [1789407941.529392805] [fsm_node]:  -- [OPTIMIZER_PHASE_MEMORY] optimizer=backup event=begin call=27 rss_mib=3507.750 swap_mib=0.000 variables=22 pieces=2
[perfect_drone_full_node-2] [INFO] [1789407941.545331183] [fsm_node]:  -- [OPTIMIZER_PHASE_MEMORY] optimizer=backup event=end call=27 duration_ms=15.968 iterations=2079 ret=1 rss_mib=3507.750 swap_mib=0.000 rss_delta_mib=0.000
[perfect_drone_full_node-2] [INFO] [1789407941.545461090] [fsm_node]:  -- [OPTIMIZER_PHASE_MEMORY] optimizer=backup event=begin call=28 rss_mib=3507.750 swap_mib=0.000 variables=22 pieces=2
[perfect_drone_full_node-2] [INFO] [1789407941.547608325] [fsm_node]:  -- [OPTIMIZER_PHASE_MEMORY] optimizer=backup event=end call=28 duration_ms=2.143 iterations=417 ret=1 rss_mib=3507.750 swap_mib=0.000 rss_delta_mib=0.000
[perfect_drone_full_node-2] [WARN] [1789407941.547651758] [fsm_node]:  -- [SUPER] in [ReplanOnce]: Replan overtime, check parameters, replan dt = 0.154544521.
[perfect_drone_full_node-2] [INFO] [1789407941.575267900] [fsm_node]:  -- [OPTIMIZER_PHASE_MEMORY] optimizer=exp event=begin call=26 rss_mib=3508.754 swap_mib=0.000 variables=9 pieces=3
[perfect_drone_full_node-2] [INFO] [1789407941.577666489] [fsm_node]:  -- [OPTIMIZER_PHASE_MEMORY] optimizer=exp event=end call=26 duration_ms=2.453 iterations=325 ret=1 rss_mib=3508.754 swap_mib=0.000 rss_delta_mib=0.000
[perfect_drone_full_node-2]  -- [TRAJ_GUARD_CERT] trigger=main_pre status=SAFE gen=16 map=140 map_age=0.010s map_age_limit=0.500s motion_speed=6.597mps samples=113 range=[0.365,0.924] collision_tt=-1.000 ttc=-1.000 p=[0.000,0.000,0.000]
[perfect_drone_full_node-2] [32m -- [Fsm] Get goal at [0m24.025000000000002 24.025000000000002  1.525000000000000
[perfect_drone_full_node-2] [32m -- [Fsm] Receive click goal at: [24.025000000000002 24.025000000000002  1.525000000000000]; goal yaw: 0.000000000000000 deg[0m
[perfect_drone_full_node-2] Publish local map size: 25536
[perfect_drone_full_node-2] [INFO] [1789407941.693289889] [fsm_node]:  -- [OPTIMIZER_PHASE_MEMORY] optimizer=backup event=begin call=29 rss_mib=3511.254 swap_mib=0.000 variables=18 pieces=2
[perfect_drone_full_node-2] [INFO] [1789407941.695245991] [fsm_node]:  -- [OPTIMIZER_PHASE_MEMORY] optimizer=backup event=end call=29 duration_ms=2.012 iterations=435 ret=1 rss_mib=3511.254 swap_mib=0.000 rss_delta_mib=0.000
[perfect_drone_full_node-2] [INFO] [1789407941.695319039] [fsm_node]:  -- [OPTIMIZER_PHASE_MEMORY] optimizer=backup event=begin call=30 rss_mib=3511.254 swap_mib=0.000 variables=18 pieces=2
[perfect_drone_full_node-2] [INFO] [1789407941.697852438] [fsm_node]:  -- [OPTIMIZER_PHASE_MEMORY] optimizer=backup event=end call=30 duration_ms=2.530 iterations=554 ret=1 rss_mib=3511.254 swap_mib=0.000 rss_delta_mib=0.000
[perfect_drone_full_node-2] [WARN] [1789407941.697888480] [fsm_node]:  -- [SUPER] in [ReplanOnce]: Replan overtime, check parameters, replan dt = 0.150083338.
[perfect_drone_full_node-2]  -- [TRAJ_GUARD_CERT] trigger=main_pre status=SAFE gen=16 map=141 map_age=0.017s map_age_limit=0.500s motion_speed=6.895mps samples=91 range=[0.475,0.924] collision_tt=-1.000 ttc=-1.000 p=[0.000,0.000,0.000]
[perfect_drone_full_node-2] Publish local map size: 24125
[perfect_drone_full_node-2] [INFO] [1789407941.721904662] [fsm_node]:  -- [OPTIMIZER_PHASE_MEMORY] optimizer=exp event=begin call=27 rss_mib=3511.254 swap_mib=0.000 variables=13 pieces=4
[perfect_drone_full_node-2] [INFO] [1789407941.723422746] [fsm_node]:  -- [OPTIMIZER_PHASE_MEMORY] optimizer=exp event=end call=27 duration_ms=1.578 iterations=171 ret=1 rss_mib=3511.254 swap_mib=0.000 rss_delta_mib=0.000
[perfect_drone_full_node-2]  -- [TRAJ_GUARD_CERT] trigger=main_pre status=SAFE gen=16 map=142 map_age=0.007s map_age_limit=0.500s motion_speed=5.774mps samples=73 range=[0.565,0.924] collision_tt=-1.000 ttc=-1.000 p=[0.000,0.000,0.000]
[perfect_drone_full_node-2] [32m -- [Fsm 14.265] Current state: FOLLOW_TRAJ[0m
[perfect_drone_full_node-2] Publish local map size: 21779
[perfect_drone_full_node-2] [INFO] [1789407941.830037079] [fsm_node]:  -- [OPTIMIZER_PHASE_MEMORY] optimizer=backup event=begin call=31 rss_mib=3511.883 swap_mib=0.000 variables=22 pieces=2
[perfect_drone_full_node-2] [INFO] [1789407941.831002196] [fsm_node]:  -- [OPTIMIZER_PHASE_MEMORY] optimizer=backup event=end call=31 duration_ms=1.020 iterations=215 ret=1 rss_mib=3511.883 swap_mib=0.000 rss_delta_mib=0.000
[perfect_drone_full_node-2] [INFO] [1789407941.831089431] [fsm_node]:  -- [OPTIMIZER_PHASE_MEMORY] optimizer=backup event=begin call=32 rss_mib=3511.883 swap_mib=0.000 variables=22 pieces=2
[perfect_drone_full_node-2] [INFO] [1789407941.831956761] [fsm_node]:  -- [OPTIMIZER_PHASE_MEMORY] optimizer=backup event=end call=32 duration_ms=0.868 iterations=199 ret=1 rss_mib=3511.883 swap_mib=0.000 rss_delta_mib=0.000
[perfect_drone_full_node-2] [WARN] [1789407941.832010335] [fsm_node]:  -- [SUPER] in [ReplanOnce]: Replan overtime, check parameters, replan dt = 0.133951103.
[perfect_drone_full_node-2] [INFO] [1789407941.857781815] [fsm_node]:  -- [OPTIMIZER_PHASE_MEMORY] optimizer=exp event=begin call=28 rss_mib=3511.883 swap_mib=0.000 variables=13 pieces=4
[perfect_drone_full_node-2] [INFO] [1789407941.859919037] [fsm_node]:  -- [OPTIMIZER_PHASE_MEMORY] optimizer=exp event=end call=28 duration_ms=2.188 iterations=228 ret=1 rss_mib=3511.883 swap_mib=0.000 rss_delta_mib=0.000
[perfect_drone_full_node-2]  -- [TRAJ_GUARD_CERT] trigger=main_pre status=SAFE gen=16 map=143 map_age=0.024s map_age_limit=0.500s motion_speed=3.505mps samples=49 range=[0.685,0.924] collision_tt=-1.000 ttc=-1.000 p=[0.000,0.000,0.000]
[perfect_drone_full_node-2] Publish local map size: 20975
[perfect_drone_full_node-2] [INFO] [1789407941.966985473] [fsm_node]:  -- [OPTIMIZER_PHASE_MEMORY] optimizer=backup event=begin call=33 rss_mib=3513.008 swap_mib=0.000 variables=18 pieces=2
[perfect_drone_full_node-2] [INFO] [1789407941.976135559] [fsm_node]:  -- [OPTIMIZER_PHASE_MEMORY] optimizer=backup event=end call=33 duration_ms=9.203 iterations=1261 ret=1 rss_mib=3513.008 swap_mib=0.000 rss_delta_mib=0.000
[perfect_drone_full_node-2] [INFO] [1789407941.976227931] [fsm_node]:  -- [OPTIMIZER_PHASE_MEMORY] optimizer=backup event=begin call=34 rss_mib=3513.008 swap_mib=0.000 variables=18 pieces=2
[perfect_drone_full_node-2] [INFO] [1789407941.978387741] [fsm_node]:  -- [OPTIMIZER_PHASE_MEMORY] optimizer=backup event=end call=34 duration_ms=2.159 iterations=445 ret=1 rss_mib=3513.008 swap_mib=0.000 rss_delta_mib=0.000
[perfect_drone_full_node-2] [WARN] [1789407941.978432896] [fsm_node]:  -- [SUPER] in [ReplanOnce]: Replan overtime, check parameters, replan dt = 0.146303018.
[perfect_drone_full_node-2] [INFO] [1789407942.005697507] [fsm_node]:  -- [OPTIMIZER_PHASE_MEMORY] optimizer=exp event=begin call=29 rss_mib=3513.008 swap_mib=0.000 variables=9 pieces=3
[perfect_drone_full_node-2] [INFO] [1789407942.006933512] [fsm_node]:  -- [OPTIMIZER_PHASE_MEMORY] optimizer=exp event=end call=29 duration_ms=1.290 iterations=193 ret=1 rss_mib=3513.008 swap_mib=0.000 rss_delta_mib=0.000
[perfect_drone_full_node-2]  -- [TRAJ_GUARD_CERT] trigger=main_pre status=SAFE gen=16 map=144 map_age=0.016s map_age_limit=0.550s motion_speed=1.832mps samples=31 range=[0.775,0.924] collision_tt=-1.000 ttc=-1.000 p=[0.000,0.000,0.000]
[perfect_drone_full_node-2] Publish local map size: 22547
[perfect_drone_full_node-2]  -- [TRAJ_GUARD_CERT] trigger=main_pre status=SAFE gen=16 map=145 map_age=0.014s map_age_limit=0.550s motion_speed=0.216mps samples=11 range=[0.875,0.924] collision_tt=-1.000 ttc=-1.000 p=[0.000,0.000,0.000]
[perfect_drone_full_node-2] Publish local map size: 16259
[perfect_drone_full_node-2] [32m -- [Fsm] Traj finish.[0m
[perfect_drone_full_node-2] [INFO] [1789407942.115914372] [fsm_node]:  -- [OPTIMIZER_PHASE_MEMORY] optimizer=backup event=begin call=35 rss_mib=3513.703 swap_mib=0.000 variables=22 pieces=2
[perfect_drone_full_node-2] [INFO] [1789407942.143811708] [fsm_node]:  -- [OPTIMIZER_PHASE_MEMORY] optimizer=backup event=end call=35 duration_ms=27.918 iterations=3445 ret=-1008 rss_mib=3513.703 swap_mib=0.000 rss_delta_mib=0.000
[perfect_drone_full_node-2] [INFO] [1789407942.143936425] [fsm_node]:  -- [OPTIMIZER_PHASE_MEMORY] optimizer=backup event=begin call=36 rss_mib=3513.703 swap_mib=0.000 variables=22 pieces=2
[perfect_drone_full_node-2] [38;2;000;128;000m -- [Fsm]: [PubCmdCallback] change state from [FOLLOW_TRAJ] to [GENERATE_TRAJ].
[perfect_drone_full_node-2] [0m[33m -- [MINCO] TrajOpt failed, The algorithm routine reaches the maximum number of iterations.[0m
[perfect_drone_full_node-2] [33m -- [SUPER] Minco backup_traj opt failed.[0m
[perfect_drone_full_node-2] [INFO] [1789407942.145081782] [fsm_node]:  -- [OPTIMIZER_PHASE_MEMORY] optimizer=backup event=end call=36 duration_ms=1.144 iterations=244 ret=1 rss_mib=3513.703 swap_mib=0.000 rss_delta_mib=0.000
[perfect_drone_full_node-2] [WARN] [1789407942.145117557] [fsm_node]:  -- [SUPER] OptimizationBakTrajInPolytopes failed, force return
[perfect_drone_full_node-2] [WARN] [1789407942.145128578] [fsm_node]:  -- [SUPER] in [ReplanOnce]: Replan overtime, check parameters, replan dt = 0.166556205.
[perfect_drone_full_node-2] [WARN] [1789407942.145196595] [fsm_node]:  -- [TRAJ_GUARD_RECOVERY_EPISODE_RESET] reason=horizontal_progress progress=5.729m threshold=2.000m prior_local=1 prior_vertical=0 prior_base=1
[perfect_drone_full_node-2] [INFO] [1789407942.172680638] [fsm_node]:  -- [OPTIMIZER_PHASE_MEMORY] optimizer=exp event=begin call=30 rss_mib=3513.703 swap_mib=0.000 variables=9 pieces=3
[perfect_drone_full_node-2] [INFO] [1789407942.173885137] [fsm_node]:  -- [OPTIMIZER_PHASE_MEMORY] optimizer=exp event=end call=30 duration_ms=1.263 iterations=179 ret=1 rss_mib=3513.703 swap_mib=0.000 rss_delta_mib=0.000
[perfect_drone_full_node-2] [INFO] [1789407942.173928713] [fsm_node]:  -- [SUPER] in [PlanFromRest] GenerateExpTrajectory SUCCESS.
[perfect_drone_full_node-2]  -- [MARSIM] Running FPS: 206.672423116948266
[perfect_drone_full_node-2] Publish local map size: 16181
[perfect_drone_full_node-2] [INFO] [1789407942.274196300] [fsm_node]:  -- [OPTIMIZER_PHASE_MEMORY] optimizer=backup event=begin call=37 rss_mib=3513.703 swap_mib=0.000 variables=18 pieces=2
[perfect_drone_full_node-2] [INFO] [1789407942.278075923] [fsm_node]:  -- [OPTIMIZER_PHASE_MEMORY] optimizer=backup event=end call=37 duration_ms=3.901 iterations=662 ret=1 rss_mib=3513.703 swap_mib=0.000 rss_delta_mib=0.000
[perfect_drone_full_node-2] [INFO] [1789407942.278152641] [fsm_node]:  -- [OPTIMIZER_PHASE_MEMORY] optimizer=backup event=begin call=38 rss_mib=3513.703 swap_mib=0.000 variables=18 pieces=2
[perfect_drone_full_node-2] [INFO] [1789407942.283511631] [fsm_node]:  -- [OPTIMIZER_PHASE_MEMORY] optimizer=backup event=end call=38 duration_ms=5.349 iterations=836 ret=1 rss_mib=3513.703 swap_mib=0.000 rss_delta_mib=0.000
[perfect_drone_full_node-2] [INFO] [1789407942.283848571] [fsm_node]:  -- [TRAJ_GUARD_COMMIT] phase=PlanFromRest/with_backup gen=17 map=147 samples=281 range=[0.138,1.533] escape=false footprint_egress=false escape_done_tt=-1.000
[perfect_drone_full_node-2]  -- [TRAJ_GUARD_CERT] trigger=poly_publish status=SAFE gen=17 map=147 map_age=0.041s map_age_limit=0.550s motion_speed=0.000mps samples=280 range=[0.139,1.533] collision_tt=-1.000 ttc=-1.000 p=[0.000,0.000,0.000]
[perfect_drone_full_node-2] [38;2;000;128;000m -- [Fsm]: [MainFsmCallback] change state from [GENERATE_TRAJ] to [FOLLOW_TRAJ].
[perfect_drone_full_node-2] [0mPublish local map size: 19928
[perfect_drone_full_node-2] [INFO] [1789407942.385924932] [fsm_node]:  -- [OPTIMIZER_PHASE_MEMORY] optimizer=exp event=begin call=31 rss_mib=3513.891 swap_mib=0.000 variables=9 pieces=3
[perfect_drone_full_node-2] [INFO] [1789407942.387282887] [fsm_node]:  -- [OPTIMIZER_PHASE_MEMORY] optimizer=exp event=end call=31 duration_ms=1.408 iterations=226 ret=1 rss_mib=3513.891 swap_mib=0.000 rss_delta_mib=0.000
[perfect_drone_full_node-2]  -- [TRAJ_GUARD_CERT] trigger=main_pre status=SAFE gen=17 map=148 map_age=0.007s map_age_limit=0.550s motion_speed=1.355mps samples=266 range=[0.210,1.533] collision_tt=-1.000 ttc=-1.000 p=[0.000,0.000,0.000]
[perfect_drone_full_node-2] Publish local map size: 22497
[perfect_drone_full_node-2] [INFO] [1789407942.484939228] [fsm_node]:  -- [OPTIMIZER_PHASE_MEMORY] optimizer=backup event=begin call=39 rss_mib=3514.578 swap_mib=0.000 variables=22 pieces=2
[perfect_drone_full_node-2] [INFO] [1789407942.488823242] [fsm_node]:  -- [OPTIMIZER_PHASE_MEMORY] optimizer=backup event=end call=39 duration_ms=3.947 iterations=562 ret=1 rss_mib=3514.578 swap_mib=0.000 rss_delta_mib=0.000
[perfect_drone_full_node-2] [INFO] [1789407942.488912933] [fsm_node]:  -- [OPTIMIZER_PHASE_MEMORY] optimizer=backup event=begin call=40 rss_mib=3514.578 swap_mib=0.000 variables=22 pieces=2
[perfect_drone_full_node-2] [INFO] [1789407942.493730219] [fsm_node]:  -- [OPTIMIZER_PHASE_MEMORY] optimizer=backup event=end call=40 duration_ms=4.818 iterations=720 ret=1 rss_mib=3514.578 swap_mib=0.000 rss_delta_mib=0.000
[perfect_drone_full_node-2] [WARN] [1789407942.493759373] [fsm_node]:  -- [SUPER] in [ReplanOnce]: Replan overtime, check parameters, replan dt = 0.128444095.
[perfect_drone_full_node-2]  -- [TRAJ_GUARD_CERT] trigger=main_pre status=SAFE gen=17 map=149 map_age=0.016s map_age_limit=0.507s motion_speed=3.361mps samples=244 range=[0.320,1.533] collision_tt=-1.000 ttc=-1.000 p=[0.000,0.000,0.000]
[perfect_drone_full_node-2] Publish local map size: 21294
[perfect_drone_full_node-2] [INFO] [1789407942.513270355] [perfect_tracking]: [SENSOR_CADENCE_SUMMARY] frames=150 span_s=14.897081 hz=10.001960 raw_published=0 direct_handoffs=150 payload_bytes=125496800 side_entry_v1_enabled=0 side_entry_v1_spawned=0 side_entry_v1_injected_frames=0
[perfect_drone_full_node-2] [INFO] [1789407942.513367692] [perfect_tracking]: [SENSOR_BURST_DROPOUT_SUMMARY] enabled=0 warmup_s=1.000000 period_s=2.000000 duration_s=0.500000 phase_s=0.000000 phase_env_override=0 rendered=150 delivered=150 dropped=0 bursts=0 max_consecutive_dropped=0 max_delivered_gap_s=0.102250 dropped_payload_bytes=0
[perfect_drone_full_node-2] [INFO] [1789407942.518630123] [fsm_node]:  -- [OPTIMIZER_PHASE_MEMORY] optimizer=exp event=begin call=32 rss_mib=3514.578 swap_mib=0.000 variables=9 pieces=3
[perfect_drone_full_node-2] [INFO] [1789407942.520220040] [fsm_node]:  -- [OPTIMIZER_PHASE_MEMORY] optimizer=exp event=end call=32 duration_ms=1.648 iterations=266 ret=1 rss_mib=3514.578 swap_mib=0.000 rss_delta_mib=0.000
[perfect_drone_full_node-2]  -- [TRAJ_GUARD_CERT] trigger=main_pre status=SAFE gen=17 map=150 map_age=0.016s map_age_limit=0.500s motion_speed=5.181mps samples=224 range=[0.420,1.533] collision_tt=-1.000 ttc=-1.000 p=[0.000,0.000,0.000]
[perfect_drone_full_node-2] [32m -- [Fsm] Get goal at [0m24.025000000000002 24.025000000000002  1.525000000000000
[perfect_drone_full_node-2] [32m -- [Fsm] Receive click goal at: [24.025000000000002 24.025000000000002  1.525000000000000]; goal yaw: 0.000000000000000 deg[0m
[perfect_drone_full_node-2] Publish local map size: 17581
[perfect_drone_full_node-2] [INFO] [1789407942.623702911] [fsm_node]:  -- [OPTIMIZER_PHASE_MEMORY] optimizer=backup event=begin call=41 rss_mib=3514.578 swap_mib=0.000 variables=22 pieces=2
[perfect_drone_full_node-2] [INFO] [1789407942.625906330] [fsm_node]:  -- [OPTIMIZER_PHASE_MEMORY] optimizer=backup event=end call=41 duration_ms=2.251 iterations=419 ret=1 rss_mib=3514.578 swap_mib=0.000 rss_delta_mib=0.000
[perfect_drone_full_node-2] [INFO] [1789407942.626011603] [fsm_node]:  -- [OPTIMIZER_PHASE_MEMORY] optimizer=backup event=begin call=42 rss_mib=3514.578 swap_mib=0.000 variables=22 pieces=2
[perfect_drone_full_node-2] [INFO] [1789407942.629334609] [fsm_node]:  -- [OPTIMIZER_PHASE_MEMORY] optimizer=backup event=end call=42 duration_ms=3.321 iterations=543 ret=1 rss_mib=3514.578 swap_mib=0.000 rss_delta_mib=0.000
[perfect_drone_full_node-2] [WARN] [1789407942.629378102] [fsm_node]:  -- [SUPER] in [ReplanOnce]: Replan overtime, check parameters, replan dt = 0.135490373.
[perfect_drone_full_node-2] [INFO] [1789407942.649049826] [fsm_node]:  -- [OPTIMIZER_PHASE_MEMORY] optimizer=exp event=begin call=33 rss_mib=3514.578 swap_mib=0.000 variables=13 pieces=4
[perfect_drone_full_node-2] [INFO] [1789407942.652586818] [fsm_node]:  -- [OPTIMIZER_PHASE_MEMORY] optimizer=exp event=end call=33 duration_ms=3.569 iterations=301 ret=1 rss_mib=3514.578 swap_mib=0.000 rss_delta_mib=0.000
[perfect_drone_full_node-2]  -- [TRAJ_GUARD_CERT] trigger=main_pre status=SAFE gen=17 map=151 map_age=0.014s map_age_limit=0.500s motion_speed=6.431mps samples=204 range=[0.520,1.533] collision_tt=-1.000 ttc=-1.000 p=[0.000,0.000,0.000]
[perfect_drone_full_node-2] Publish local map size: 13969
[perfect_drone_full_node-2] [INFO] [1789407942.752755823] [fsm_node]:  -- [OPTIMIZER_PHASE_MEMORY] optimizer=backup event=begin call=43 rss_mib=3514.578 swap_mib=0.000 variables=22 pieces=2
[perfect_drone_full_node-2] [INFO] [1789407942.759274824] [fsm_node]:  -- [OPTIMIZER_PHASE_MEMORY] optimizer=backup event=end call=43 duration_ms=6.591 iterations=955 ret=1 rss_mib=3514.797 swap_mib=0.000 rss_delta_mib=0.219
[perfect_drone_full_node-2] [INFO] [1789407942.759371654] [fsm_node]:  -- [OPTIMIZER_PHASE_MEMORY] optimizer=backup event=begin call=44 rss_mib=3514.797 swap_mib=0.000 variables=22 pieces=2
[perfect_drone_full_node-2] [INFO] [1789407942.761582847] [fsm_node]:  -- [OPTIMIZER_PHASE_MEMORY] optimizer=backup event=end call=44 duration_ms=2.210 iterations=387 ret=1 rss_mib=3514.797 swap_mib=0.000 rss_delta_mib=0.000
[perfect_drone_full_node-2] [WARN] [1789407942.761647237] [fsm_node]:  -- [SUPER] in [ReplanOnce]: Replan overtime, check parameters, replan dt = 0.132135107.
[perfect_drone_full_node-2]  -- [TRAJ_GUARD_CERT] trigger=replan_post status=SAFE gen=17 map=152 map_age=0.012s map_age_limit=0.500s motion_speed=6.950mps samples=185 range=[0.616,1.533] collision_tt=-1.000 ttc=-1.000 p=[0.000,0.000,0.000]
[perfect_drone_full_node-2] [32m -- [Fsm 15.266] Current state: FOLLOW_TRAJ[0m
[perfect_drone_full_node-2] [INFO] [1789407942.782982896] [fsm_node]:  -- [OPTIMIZER_PHASE_MEMORY] optimizer=exp event=begin call=34 rss_mib=3514.797 swap_mib=0.000 variables=13 pieces=4
[perfect_drone_full_node-2] [INFO] [1789407942.786187708] [fsm_node]:  -- [OPTIMIZER_PHASE_MEMORY] optimizer=exp event=end call=34 duration_ms=3.248 iterations=354 ret=1 rss_mib=3514.797 swap_mib=0.000 rss_delta_mib=0.000
[perfect_drone_full_node-2] Publish local map size: 12948
[perfect_drone_full_node-2] [INFO] [1789407942.900420919] [fsm_node]:  -- [OPTIMIZER_PHASE_MEMORY] optimizer=backup event=begin call=45 rss_mib=3515.297 swap_mib=0.000 variables=22 pieces=2
[perfect_drone_full_node-2] [INFO] [1789407942.904703132] [fsm_node]:  -- [OPTIMIZER_PHASE_MEMORY] optimizer=backup event=end call=45 duration_ms=4.339 iterations=689 ret=1 rss_mib=3515.297 swap_mib=0.000 rss_delta_mib=0.000
[perfect_drone_full_node-2] [INFO] [1789407942.904782741] [fsm_node]:  -- [OPTIMIZER_PHASE_MEMORY] optimizer=backup event=begin call=46 rss_mib=3515.297 swap_mib=0.000 variables=22 pieces=2
[perfect_drone_full_node-2] [INFO] [1789407942.907017674] [fsm_node]:  -- [OPTIMIZER_PHASE_MEMORY] optimizer=backup event=end call=46 duration_ms=2.235 iterations=437 ret=1 rss_mib=3515.297 swap_mib=0.000 rss_delta_mib=0.000
[perfect_drone_full_node-2] [WARN] [1789407942.907052269] [fsm_node]:  -- [SUPER] in [ReplanOnce]: Replan overtime, check parameters, replan dt = 0.145165145.
[perfect_drone_full_node-2]  -- [TRAJ_GUARD_CERT] trigger=main_pre status=SAFE gen=17 map=153 map_age=0.014s map_age_limit=0.500s motion_speed=6.979mps samples=164 range=[0.720,1.533] collision_tt=-1.000 ttc=-1.000 p=[0.000,0.000,0.000]
[perfect_drone_full_node-2] Publish local map size: 12921
[perfect_drone_full_node-2] [INFO] [1789407942.934994526] [fsm_node]:  -- [OPTIMIZER_PHASE_MEMORY] optimizer=exp event=begin call=35 rss_mib=3515.297 swap_mib=0.000 variables=9 pieces=3
[perfect_drone_full_node-2] [INFO] [1789407942.936192773] [fsm_node]:  -- [OPTIMIZER_PHASE_MEMORY] optimizer=exp event=end call=35 duration_ms=1.267 iterations=161 ret=1 rss_mib=3515.297 swap_mib=0.000 rss_delta_mib=0.000
[perfect_drone_full_node-2]  -- [TRAJ_GUARD_CERT] trigger=main_pre status=SAFE gen=17 map=154 map_age=0.014s map_age_limit=0.500s motion_speed=6.916mps samples=144 range=[0.820,1.533] collision_tt=-1.000 ttc=-1.000 p=[0.000,0.000,0.000]
[perfect_drone_full_node-2] Publish local map size: 13547
[perfect_drone_full_node-2] [INFO] [1789407943.044591824] [fsm_node]:  -- [OPTIMIZER_PHASE_MEMORY] optimizer=backup event=begin call=47 rss_mib=3515.547 swap_mib=0.000 variables=18 pieces=2
[perfect_drone_full_node-2] [INFO] [1789407943.046708204] [fsm_node]:  -- [OPTIMIZER_PHASE_MEMORY] optimizer=backup event=end call=47 duration_ms=2.178 iterations=408 ret=1 rss_mib=3515.547 swap_mib=0.000 rss_delta_mib=0.000
[perfect_drone_full_node-2] [INFO] [1789407943.046792861] [fsm_node]:  -- [OPTIMIZER_PHASE_MEMORY] optimizer=backup event=begin call=48 rss_mib=3515.547 swap_mib=0.000 variables=18 pieces=2
[perfect_drone_full_node-2] [INFO] [1789407943.048913716] [fsm_node]:  -- [OPTIMIZER_PHASE_MEMORY] optimizer=backup event=end call=48 duration_ms=2.120 iterations=402 ret=1 rss_mib=3515.547 swap_mib=0.000 rss_delta_mib=0.000
[perfect_drone_full_node-2] [WARN] [1789407943.048947290] [fsm_node]:  -- [SUPER] in [ReplanOnce]: Replan overtime, check parameters, replan dt = 0.141782907.
[perfect_drone_full_node-2] [INFO] [1789407943.081856758] [fsm_node]:  -- [OPTIMIZER_PHASE_MEMORY] optimizer=exp event=begin call=36 rss_mib=3515.547 swap_mib=0.000 variables=9 pieces=3
[perfect_drone_full_node-2] [INFO] [1789407943.085020711] [fsm_node]:  -- [OPTIMIZER_PHASE_MEMORY] optimizer=exp event=end call=36 duration_ms=3.232 iterations=432 ret=1 rss_mib=3515.547 swap_mib=0.000 rss_delta_mib=0.000
[perfect_drone_full_node-2]  -- [TRAJ_GUARD_CERT] trigger=main_pre status=SAFE gen=17 map=155 map_age=0.007s map_age_limit=0.500s motion_speed=6.953mps samples=126 range=[0.910,1.533] collision_tt=-1.000 ttc=-1.000 p=[0.000,0.000,0.000]
[perfect_drone_full_node-2] Publish local map size: 14066
[perfect_drone_full_node-2] [INFO] [1789407943.188117078] [fsm_node]:  -- [OPTIMIZER_PHASE_MEMORY] optimizer=backup event=begin call=49 rss_mib=3515.547 swap_mib=0.000 variables=22 pieces=2
[perfect_drone_full_node-2] [INFO] [1789407943.193765051] [fsm_node]:  -- [OPTIMIZER_PHASE_MEMORY] optimizer=backup event=end call=49 duration_ms=5.681 iterations=841 ret=1 rss_mib=3515.547 swap_mib=0.000 rss_delta_mib=0.000
[perfect_drone_full_node-2] [INFO] [1789407943.193834704] [fsm_node]:  -- [OPTIMIZER_PHASE_MEMORY] optimizer=backup event=begin call=50 rss_mib=3515.547 swap_mib=0.000 variables=22 pieces=2
[perfect_drone_full_node-2] [INFO] [1789407943.195056547] [fsm_node]:  -- [OPTIMIZER_PHASE_MEMORY] optimizer=backup event=end call=50 duration_ms=1.220 iterations=293 ret=1 rss_mib=3515.547 swap_mib=0.000 rss_delta_mib=0.000
[perfect_drone_full_node-2] [WARN] [1789407943.195085988] [fsm_node]:  -- [SUPER] in [ReplanOnce]: Replan overtime, check parameters, replan dt = 0.145965747.
[perfect_drone_full_node-2]  -- [TRAJ_GUARD_CERT] trigger=main_pre status=SAFE gen=17 map=156 map_age=0.008s map_age_limit=0.500s motion_speed=6.945mps samples=106 range=[1.010,1.533] collision_tt=-1.000 ttc=-1.000 p=[0.000,0.000,0.000]
[perfect_drone_full_node-2] Publish local map size: 14614
[perfect_drone_full_node-2] [INFO] [1789407943.224022789] [fsm_node]:  -- [OPTIMIZER_PHASE_MEMORY] optimizer=exp event=begin call=37 rss_mib=3515.934 swap_mib=0.000 variables=9 pieces=3
[perfect_drone_full_node-2] [INFO] [1789407943.227794971] [fsm_node]:  -- [OPTIMIZER_PHASE_MEMORY] optimizer=exp event=end call=37 duration_ms=3.830 iterations=496 ret=1 rss_mib=3515.934 swap_mib=0.000 rss_delta_mib=0.000
[perfect_drone_full_node-2]  -- [TRAJ_GUARD_CERT] trigger=main_pre status=SAFE gen=17 map=157 map_age=0.009s map_age_limit=0.500s motion_speed=6.489mps samples=86 range=[1.110,1.533] collision_tt=-1.000 ttc=-1.000 p=[0.000,0.000,0.000]
[perfect_drone_full_node-2] Publish local map size: 15908
[perfect_drone_full_node-2] [INFO] [1789407943.336411140] [fsm_node]:  -- [OPTIMIZER_PHASE_MEMORY] optimizer=backup event=begin call=51 rss_mib=3516.824 swap_mib=0.000 variables=18 pieces=2
[perfect_drone_full_node-2] [INFO] [1789407943.345343764] [fsm_node]:  -- [OPTIMIZER_PHASE_MEMORY] optimizer=backup event=end call=51 duration_ms=8.987 iterations=1366 ret=1 rss_mib=3516.824 swap_mib=0.000 rss_delta_mib=0.000
[perfect_drone_full_node-2] [INFO] [1789407943.345451186] [fsm_node]:  -- [OPTIMIZER_PHASE_MEMORY] optimizer=backup event=begin call=52 rss_mib=3516.824 swap_mib=0.000 variables=18 pieces=2
[perfect_drone_full_node-2] [INFO] [1789407943.345756051] [fsm_node]:  -- [OPTIMIZER_PHASE_MEMORY] optimizer=backup event=end call=52 duration_ms=0.309 iterations=74 ret=1 rss_mib=3516.824 swap_mib=0.000 rss_delta_mib=0.000
[perfect_drone_full_node-2] [WARN] [1789407943.345788220] [fsm_node]:  -- [SUPER] in [ReplanOnce]: Replan overtime, check parameters, replan dt = 0.150516091.
[perfect_drone_full_node-2] [INFO] [1789407943.377908722] [fsm_node]:  -- [OPTIMIZER_PHASE_MEMORY] optimizer=exp event=begin call=38 rss_mib=3516.824 swap_mib=0.000 variables=13 pieces=4
[perfect_drone_full_node-2] [INFO] [1789407943.379990023] [fsm_node]:  -- [OPTIMIZER_PHASE_MEMORY] optimizer=exp event=end call=38 duration_ms=2.139 iterations=238 ret=1 rss_mib=3516.824 swap_mib=0.000 rss_delta_mib=0.000
[perfect_drone_full_node-2] [WARN] [1789407943.379998439] [fsm_node]:  -- [ExpOpt] Opt failed, Omg or thr or Pos violation.
[perfect_drone_full_node-2] [WARN] [1789407943.380024264] [fsm_node]:  -- [SUPER] OptimizationExpTrajInPolytopes for new path failed
[perfect_drone_full_node-2] [WARN] [1789407943.380033232] [fsm_node]:  -- [SUPER] in [ReplanOnce]: GenerateExpTrajectory failed, force return
[perfect_drone_full_node-2]  -- [TRAJ_GUARD_CERT] trigger=main_pre status=SAFE gen=17 map=158 map_age=0.016s map_age_limit=0.500s motion_speed=5.116mps samples=64 range=[1.220,1.533] collision_tt=-1.000 ttc=-1.000 p=[0.000,0.000,0.000]
[perfect_drone_full_node-2] [33m -- [MINCO] TrajOpt failed, (unknown)[0m
[perfect_drone_full_node-2] [33m -- [SUPER] Minco exp_traj opt failed.[0m
[perfect_drone_full_node-2] [INFO] [1789407943.412559969] [fsm_node]:  -- [OPTIMIZER_PHASE_MEMORY] optimizer=exp event=begin call=39 rss_mib=3516.824 swap_mib=0.000 variables=9 pieces=3
[perfect_drone_full_node-2] [INFO] [1789407943.414431626] [fsm_node]:  -- [OPTIMIZER_PHASE_MEMORY] optimizer=exp event=end call=39 duration_ms=1.938 iterations=275 ret=1 rss_mib=3516.824 swap_mib=0.000 rss_delta_mib=0.000
[perfect_drone_full_node-2] Publish local map size: 18222
[perfect_drone_full_node-2]  -- [TRAJ_GUARD_CERT] trigger=main_pre status=SAFE gen=17 map=159 map_age=0.016s map_age_limit=0.513s motion_speed=3.232mps samples=44 range=[1.320,1.533] collision_tt=-1.000 ttc=-1.000 p=[0.000,0.000,0.000]
[perfect_drone_full_node-2] Publish local map size: 18241
[perfect_drone_full_node-2] [INFO] [1789407943.518188123] [fsm_node]:  -- [OPTIMIZER_PHASE_MEMORY] optimizer=backup event=begin call=53 rss_mib=3518.258 swap_mib=0.000 variables=18 pieces=2
[perfect_drone_full_node-2] [INFO] [1789407943.519481075] [fsm_node]:  -- [OPTIMIZER_PHASE_MEMORY] optimizer=backup event=end call=53 duration_ms=1.330 iterations=291 ret=1 rss_mib=3518.258 swap_mib=0.000 rss_delta_mib=0.000
[perfect_drone_full_node-2] [INFO] [1789407943.519555508] [fsm_node]:  -- [OPTIMIZER_PHASE_MEMORY] optimizer=backup event=begin call=54 rss_mib=3518.258 swap_mib=0.000 variables=18 pieces=2
[perfect_drone_full_node-2] [INFO] [1789407943.519975512] [fsm_node]:  -- [OPTIMIZER_PHASE_MEMORY] optimizer=backup event=end call=54 duration_ms=0.422 iterations=106 ret=1 rss_mib=3518.258 swap_mib=0.000 rss_delta_mib=0.000
[perfect_drone_full_node-2] [WARN] [1789407943.520007326] [fsm_node]:  -- [SUPER] in [ReplanOnce]: Replan overtime, check parameters, replan dt = 0.139882407.
[perfect_drone_full_node-2] [INFO] [1789407943.558449315] [fsm_node]:  -- [OPTIMIZER_PHASE_MEMORY] optimizer=exp event=begin call=40 rss_mib=3518.258 swap_mib=0.000 variables=13 pieces=4
[perfect_drone_full_node-2] [INFO] [1789407943.560766732] [fsm_node]:  -- [OPTIMIZER_PHASE_MEMORY] optimizer=exp event=end call=40 duration_ms=2.384 iterations=256 ret=1 rss_mib=3518.258 swap_mib=0.000 rss_delta_mib=0.000
[perfect_drone_full_node-2]  -- [TRAJ_GUARD_CERT] trigger=main_pre status=SAFE gen=17 map=160 map_age=0.014s map_age_limit=0.550s motion_speed=1.392mps samples=24 range=[1.420,1.533] collision_tt=-1.000 ttc=-1.000 p=[0.000,0.000,0.000]
[perfect_drone_full_node-2] [32m -- [Fsm] Get goal at [0m24.025000000000002 24.025000000000002  1.525000000000000
[perfect_drone_full_node-2] [32m -- [Fsm] Receive click goal at: [24.025000000000002 24.025000000000002  1.525000000000000]; goal yaw: 0.000000000000000 deg[0m
[perfect_drone_full_node-2] Publish local map size: 20116
[perfect_drone_full_node-2] [INFO] [1789407943.663579148] [fsm_node]:  -- [OPTIMIZER_PHASE_MEMORY] optimizer=backup event=begin call=55 rss_mib=3518.285 swap_mib=0.000 variables=18 pieces=2
[perfect_drone_full_node-2] [INFO] [1789407943.670239753] [fsm_node]:  -- [OPTIMIZER_PHASE_MEMORY] optimizer=backup event=end call=55 duration_ms=6.704 iterations=956 ret=1 rss_mib=3518.285 swap_mib=0.000 rss_delta_mib=0.000
[perfect_drone_full_node-2] [INFO] [1789407943.670322263] [fsm_node]:  -- [OPTIMIZER_PHASE_MEMORY] optimizer=backup event=begin call=56 rss_mib=3518.285 swap_mib=0.000 variables=18 pieces=2
[perfect_drone_full_node-2] [INFO] [1789407943.680873067] [fsm_node]:  -- [OPTIMIZER_PHASE_MEMORY] optimizer=backup event=end call=56 duration_ms=10.545 iterations=1467 ret=1 rss_mib=3518.285 swap_mib=0.000 rss_delta_mib=0.000
[perfect_drone_full_node-2] [WARN] [1789407943.680907193] [fsm_node]:  -- [SUPER] in [ReplanOnce]: Replan overtime, check parameters, replan dt = 0.160789349.
[perfect_drone_full_node-2] [INFO] [1789407943.681536163] [fsm_node]:  -- [TRAJ_GUARD_COMMIT] phase=ReplanOnce/no_backup gen=18 map=161 samples=16 range=[1.536,1.603] escape=false footprint_egress=false escape_done_tt=-1.000
[perfect_drone_full_node-2]  -- [TRAJ_GUARD_CERT] trigger=main_pre status=SAFE gen=17 map=161 map_age=0.007s map_age_limit=0.550s motion_speed=0.116mps samples=6 range=[1.510,1.533] collision_tt=-1.000 ttc=-1.000 p=[0.000,0.000,0.000]
[perfect_drone_full_node-2] [32m -- [Fsm] ReplanOnce succeed.[0m
[perfect_drone_full_node-2] [INFO] [1789407943.685688618] [fsm_node]:  -- [TRAJ_GUARD_COMMIT] phase=ReplanOnce/no_backup gen=19 map=161 samples=15 range=[1.540,1.603] escape=false footprint_egress=false escape_done_tt=-1.000
[perfect_drone_full_node-2]  -- [TRAJ_GUARD_CERT] trigger=poly_publish status=SAFE gen=18 map=161 map_age=0.034s map_age_limit=0.550s motion_speed=0.000mps samples=15 range=[1.536,1.603] collision_tt=-1.000 ttc=-1.000 p=[0.000,0.000,0.000]
[perfect_drone_full_node-2] [32m -- [Fsm] ReplanOnce succeed.[0m
[perfect_drone_full_node-2]  -- [TRAJ_GUARD_CERT] trigger=poly_publish status=SAFE gen=19 map=161 map_age=0.038s map_age_limit=0.550s motion_speed=0.074mps samples=14 range=[1.540,1.603] collision_tt=-1.000 ttc=-1.000 p=[0.000,0.000,0.000]
[perfect_drone_full_node-2] Publish local map size: 11608
[perfect_drone_full_node-2] [32m -- [Fsm] ReplanOnce succeed.[0m
[perfect_drone_full_node-2]  -- [TRAJ_GUARD_CERT] trigger=poly_publish status=SAFE gen=19 map=162 map_age=0.007s map_age_limit=0.550s motion_speed=0.000mps samples=1 range=[1.603,1.603] collision_tt=-1.000 ttc=-1.000 p=[0.000,0.000,0.000]
[perfect_drone_full_node-2] [32m -- [Fsm] Traj finish.[0m
[perfect_drone_full_node-2] [WARN] [1789407943.765222990] [fsm_node]:  -- [TRAJ_GUARD_RECOVERY_EPISODE_RESET] reason=horizontal_progress progress=6.735m threshold=2.000m prior_local=0 prior_vertical=0 prior_base=0
[perfect_drone_full_node-2] [INFO] [1789407943.796814882] [fsm_node]:  -- [OPTIMIZER_PHASE_MEMORY] optimizer=exp event=begin call=41 rss_mib=3518.285 swap_mib=0.000 variables=13 pieces=4
[perfect_drone_full_node-2] [INFO] [1789407943.798138301] [fsm_node]:  -- [OPTIMIZER_PHASE_MEMORY] optimizer=exp event=end call=41 duration_ms=1.392 iterations=181 ret=1 rss_mib=3518.285 swap_mib=0.000 rss_delta_mib=0.000
[perfect_drone_full_node-2] [INFO] [1789407943.798183844] [fsm_node]:  -- [SUPER] in [PlanFromRest] GenerateExpTrajectory SUCCESS.
[perfect_drone_full_node-2] [38;2;000;128;000m -- [Fsm]: [PubCmdCallback] change state from [FOLLOW_TRAJ] to [GENERATE_TRAJ].
[perfect_drone_full_node-2] [0mPublish local map size: 11544
[perfect_drone_full_node-2] [INFO] [1789407943.891069964] [fsm_node]:  -- [OPTIMIZER_PHASE_MEMORY] optimizer=backup event=begin call=57 rss_mib=3518.285 swap_mib=0.000 variables=26 pieces=2
[perfect_drone_full_node-2] [INFO] [1789407943.894364760] [fsm_node]:  -- [OPTIMIZER_PHASE_MEMORY] optimizer=backup event=end call=57 duration_ms=3.338 iterations=605 ret=1 rss_mib=3518.285 swap_mib=0.000 rss_delta_mib=0.000
[perfect_drone_full_node-2] [INFO] [1789407943.894472596] [fsm_node]:  -- [OPTIMIZER_PHASE_MEMORY] optimizer=backup event=begin call=58 rss_mib=3518.285 swap_mib=0.000 variables=26 pieces=2
[perfect_drone_full_node-2] [INFO] [1789407943.896836409] [fsm_node]:  -- [OPTIMIZER_PHASE_MEMORY] optimizer=backup event=end call=58 duration_ms=2.360 iterations=502 ret=1 rss_mib=3518.285 swap_mib=0.000 rss_delta_mib=0.000
[perfect_drone_full_node-2] [INFO] [1789407943.897173836] [fsm_node]:  -- [TRAJ_GUARD_COMMIT] phase=PlanFromRest/with_backup gen=20 map=163 samples=278 range=[0.132,1.508] escape=false footprint_egress=false escape_done_tt=-1.000
[perfect_drone_full_node-2]  -- [TRAJ_GUARD_CERT] trigger=poly_publish status=SAFE gen=20 map=163 map_age=0.054s map_age_limit=0.550s motion_speed=0.000mps samples=277 range=[0.132,1.508] collision_tt=-1.000 ttc=-1.000 p=[0.000,0.000,0.000]
[perfect_drone_full_node-2] [38;2;000;128;000m -- [Fsm]: [MainFsmCallback] change state from [GENERATE_TRAJ] to [FOLLOW_TRAJ].
[perfect_drone_full_node-2] [0m[32m -- [Fsm 16.388] Current state: FOLLOW_TRAJ[0m
[perfect_drone_full_node-2] Publish local map size: 14779
[perfect_drone_full_node-2]  -- [TRAJ_GUARD_CERT] trigger=main_pre status=SAFE gen=20 map=164 map_age=0.014s map_age_limit=0.550s motion_speed=1.398mps samples=263 range=[0.200,1.508] collision_tt=-1.000 ttc=-1.000 p=[0.000,0.000,0.000]
[perfect_drone_full_node-2] Publish local map size: 16838
[perfect_drone_full_node-2] [INFO] [1789407944.041130537] [fsm_node]:  -- [OPTIMIZER_PHASE_MEMORY] optimizer=exp event=begin call=42 rss_mib=3519.281 swap_mib=0.000 variables=13 pieces=4
[perfect_drone_full_node-2] [INFO] [1789407944.043512082] [fsm_node]:  -- [OPTIMIZER_PHASE_MEMORY] optimizer=exp event=end call=42 duration_ms=2.453 iterations=312 ret=1 rss_mib=3519.281 swap_mib=0.000 rss_delta_mib=0.000
[perfect_drone_full_node-2]  -- [TRAJ_GUARD_CERT] trigger=main_pre status=SAFE gen=20 map=165 map_age=0.009s map_age_limit=0.510s motion_speed=3.296mps samples=243 range=[0.300,1.508] collision_tt=-1.000 ttc=-1.000 p=[0.000,0.000,0.000]
[perfect_drone_full_node-2] Publish local map size: 16172
[perfect_drone_full_node-2] [INFO] [1789407944.132664378] [fsm_node]:  -- [OPTIMIZER_PHASE_MEMORY] optimizer=backup event=begin call=59 rss_mib=3519.281 swap_mib=0.000 variables=22 pieces=2
[perfect_drone_full_node-2] [INFO] [1789407944.148216567] [fsm_node]:  -- [OPTIMIZER_PHASE_MEMORY] optimizer=backup event=end call=59 duration_ms=15.584 iterations=1959 ret=1 rss_mib=3519.281 swap_mib=0.000 rss_delta_mib=0.000
[perfect_drone_full_node-2] [INFO] [1789407944.148324353] [fsm_node]:  -- [OPTIMIZER_PHASE_MEMORY] optimizer=backup event=begin call=60 rss_mib=3519.281 swap_mib=0.000 variables=22 pieces=2
[perfect_drone_full_node-2] [INFO] [1789407944.153915346] [fsm_node]:  -- [OPTIMIZER_PHASE_MEMORY] optimizer=backup event=end call=60 duration_ms=5.578 iterations=821 ret=1 rss_mib=3519.281 swap_mib=0.000 rss_delta_mib=0.000
[perfect_drone_full_node-2] [WARN] [1789407944.153962807] [fsm_node]:  -- [SUPER] in [ReplanOnce]: Replan overtime, check parameters, replan dt = 0.138662265.
[perfect_drone_full_node-2] [INFO] [1789407944.176966233] [fsm_node]:  -- [OPTIMIZER_PHASE_MEMORY] optimizer=exp event=begin call=43 rss_mib=3519.281 swap_mib=0.000 variables=13 pieces=4
[perfect_drone_full_node-2] [INFO] [1789407944.178839323] [fsm_node]:  -- [OPTIMIZER_PHASE_MEMORY] optimizer=exp event=end call=43 duration_ms=1.921 iterations=215 ret=1 rss_mib=3519.281 swap_mib=0.000 rss_delta_mib=0.000
[perfect_drone_full_node-2]  -- [TRAJ_GUARD_CERT] trigger=replan_post status=SAFE gen=20 map=166 map_age=0.008s map_age_limit=0.500s motion_speed=4.971mps samples=225 range=[0.389,1.508] collision_tt=-1.000 ttc=-1.000 p=[0.000,0.000,0.000]
[perfect_drone_full_node-2] Publish local map size: 14005
[perfect_drone_full_node-2] [INFO] [1789407944.277848684] [fsm_node]:  -- [OPTIMIZER_PHASE_MEMORY] optimizer=backup event=begin call=61 rss_mib=3519.281 swap_mib=0.000 variables=22 pieces=2
[perfect_drone_full_node-2] [INFO] [1789407944.279032408] [fsm_node]:  -- [OPTIMIZER_PHASE_MEMORY] optimizer=backup event=end call=61 duration_ms=1.236 iterations=251 ret=1 rss_mib=3519.281 swap_mib=0.000 rss_delta_mib=0.000
[perfect_drone_full_node-2] [INFO] [1789407944.279110948] [fsm_node]:  -- [OPTIMIZER_PHASE_MEMORY] optimizer=backup event=begin call=62 rss_mib=3519.281 swap_mib=0.000 variables=22 pieces=2
[perfect_drone_full_node-2] [INFO] [1789407944.286044626] [fsm_node]:  -- [OPTIMIZER_PHASE_MEMORY] optimizer=backup event=end call=62 duration_ms=6.903 iterations=983 ret=1 rss_mib=3519.281 swap_mib=0.000 rss_delta_mib=0.000
[perfect_drone_full_node-2] [WARN] [1789407944.286143092] [fsm_node]:  -- [SUPER] in [ReplanOnce]: Replan overtime, check parameters, replan dt = 0.131971323.
[perfect_drone_full_node-2] [INFO] [1789407944.307728133] [fsm_node]:  -- [OPTIMIZER_PHASE_MEMORY] optimizer=exp event=begin call=44 rss_mib=3519.281 swap_mib=0.000 variables=13 pieces=4
[perfect_drone_full_node-2] [INFO] [1789407944.310730797] [fsm_node]:  -- [OPTIMIZER_PHASE_MEMORY] optimizer=exp event=end call=44 duration_ms=3.035 iterations=341 ret=1 rss_mib=3519.281 swap_mib=0.000 rss_delta_mib=0.000
[perfect_drone_full_node-2]  -- [TRAJ_GUARD_CERT] trigger=main_pre status=SAFE gen=20 map=167 map_age=0.009s map_age_limit=0.500s motion_speed=6.261mps samples=205 range=[0.490,1.508] collision_tt=-1.000 ttc=-1.000 p=[0.000,0.000,0.000]
[perfect_drone_full_node-2] Publish local map size: 11502
[perfect_drone_full_node-2] [INFO] [1789407944.410451668] [fsm_node]:  -- [OPTIMIZER_PHASE_MEMORY] optimizer=backup event=begin call=63 rss_mib=3519.281 swap_mib=0.000 variables=22 pieces=2
[perfect_drone_full_node-2] [INFO] [1789407944.411689258] [fsm_node]:  -- [OPTIMIZER_PHASE_MEMORY] optimizer=backup event=end call=63 duration_ms=1.294 iterations=265 ret=1 rss_mib=3519.281 swap_mib=0.000 rss_delta_mib=0.000
[perfect_drone_full_node-2] [INFO] [1789407944.411774744] [fsm_node]:  -- [OPTIMIZER_PHASE_MEMORY] optimizer=backup event=begin call=64 rss_mib=3519.281 swap_mib=0.000 variables=22 pieces=2
[perfect_drone_full_node-2]  -- [TRAJ_GUARD_CERT] trigger=main_pre status=SAFE gen=20 map=168 map_age=0.010s map_age_limit=0.500s motion_speed=6.853mps samples=185 range=[0.590,1.508] collision_tt=-1.000 ttc=-1.000 p=[0.000,0.000,0.000]
[perfect_drone_full_node-2]  -- [MARSIM] Running FPS: 211.370184450365940
[perfect_drone_full_node-2] Publish local map size: 10883
[perfect_drone_full_node-2] [INFO] [1789407944.414066593] [fsm_node]:  -- [OPTIMIZER_PHASE_MEMORY] optimizer=backup event=end call=64 duration_ms=2.290 iterations=476 ret=1 rss_mib=3519.281 swap_mib=0.000 rss_delta_mib=0.000
[perfect_drone_full_node-2] [WARN] [1789407944.414101381] [fsm_node]:  -- [SUPER] in [ReplanOnce]: Replan overtime, check parameters, replan dt = 0.127844955.
[perfect_drone_full_node-2] [INFO] [1789407944.434160541] [fsm_node]:  -- [OPTIMIZER_PHASE_MEMORY] optimizer=exp event=begin call=45 rss_mib=3519.281 swap_mib=0.000 variables=9 pieces=3
[perfect_drone_full_node-2] [INFO] [1789407944.436243460] [fsm_node]:  -- [OPTIMIZER_PHASE_MEMORY] optimizer=exp event=end call=45 duration_ms=2.155 iterations=287 ret=1 rss_mib=3519.281 swap_mib=0.000 rss_delta_mib=0.000
[perfect_drone_full_node-2]  -- [TRAJ_GUARD_CERT] trigger=main_pre status=SAFE gen=20 map=169 map_age=0.010s map_age_limit=0.500s motion_speed=6.996mps samples=165 range=[0.690,1.508] collision_tt=-1.000 ttc=-1.000 p=[0.000,0.000,0.000]
[perfect_drone_full_node-2] Publish local map size: 11084
[perfect_drone_full_node-2] [INFO] [1789407944.534921514] [fsm_node]:  -- [OPTIMIZER_PHASE_MEMORY] optimizer=backup event=begin call=65 rss_mib=3519.281 swap_mib=0.000 variables=44 pieces=2
[perfect_drone_full_node-2] [INFO] [1789407944.536393032] [fsm_node]:  -- [OPTIMIZER_PHASE_MEMORY] optimizer=backup event=end call=65 duration_ms=1.545 iterations=228 ret=1 rss_mib=3519.281 swap_mib=0.000 rss_delta_mib=0.000
[perfect_drone_full_node-2] [INFO] [1789407944.536521551] [fsm_node]:  -- [OPTIMIZER_PHASE_MEMORY] optimizer=backup event=begin call=66 rss_mib=3519.281 swap_mib=0.000 variables=44 pieces=2
[perfect_drone_full_node-2] [INFO] [1789407944.538628376] [fsm_node]:  -- [OPTIMIZER_PHASE_MEMORY] optimizer=backup event=end call=66 duration_ms=2.105 iterations=368 ret=1 rss_mib=3519.281 swap_mib=0.000 rss_delta_mib=0.000
[perfect_drone_full_node-2] [WARN] [1789407944.538670873] [fsm_node]:  -- [SUPER] in [ReplanOnce]: Replan overtime, check parameters, replan dt = 0.124465307.
[perfect_drone_full_node-2] [INFO] [1789407944.562800431] [fsm_node]:  -- [OPTIMIZER_PHASE_MEMORY] optimizer=exp event=begin call=46 rss_mib=3519.281 swap_mib=0.000 variables=13 pieces=4
[perfect_drone_full_node-2] [INFO] [1789407944.565505708] [fsm_node]:  -- [OPTIMIZER_PHASE_MEMORY] optimizer=exp event=end call=46 duration_ms=2.770 iterations=290 ret=1 rss_mib=3519.281 swap_mib=0.000 rss_delta_mib=0.000
[perfect_drone_full_node-2]  -- [TRAJ_GUARD_CERT] trigger=main_pre status=SAFE gen=20 map=170 map_age=0.013s map_age_limit=0.500s motion_speed=6.997mps samples=145 range=[0.790,1.508] collision_tt=-1.000 ttc=-1.000 p=[0.000,0.000,0.000]
[perfect_drone_full_node-2] [32m -- [Fsm] Get goal at [0m24.025000000000002 24.025000000000002  1.525000000000000
[perfect_drone_full_node-2] [32m -- [Fsm] Receive click goal at: [24.025000000000002 24.025000000000002  1.525000000000000]; goal yaw: 0.000000000000000 deg[0m
[perfect_drone_full_node-2] Publish local map size: 12266
[perfect_drone_full_node-2] [INFO] [1789407944.665386550] [fsm_node]:  -- [OPTIMIZER_PHASE_MEMORY] optimizer=backup event=begin call=67 rss_mib=3519.281 swap_mib=0.000 variables=52 pieces=2
[perfect_drone_full_node-2] [INFO] [1789407944.667473404] [fsm_node]:  -- [OPTIMIZER_PHASE_MEMORY] optimizer=backup event=end call=67 duration_ms=2.168 iterations=249 ret=1 rss_mib=3519.281 swap_mib=0.000 rss_delta_mib=0.000
[perfect_drone_full_node-2] [INFO] [1789407944.667645202] [fsm_node]:  -- [OPTIMIZER_PHASE_MEMORY] optimizer=backup event=begin call=68 rss_mib=3519.281 swap_mib=0.000 variables=52 pieces=2
[perfect_drone_full_node-2] [INFO] [1789407944.671789499] [fsm_node]:  -- [OPTIMIZER_PHASE_MEMORY] optimizer=backup event=end call=68 duration_ms=4.132 iterations=466 ret=1 rss_mib=3519.281 swap_mib=0.000 rss_delta_mib=0.000
[perfect_drone_full_node-2] [WARN] [1789407944.671839892] [fsm_node]:  -- [SUPER] in [ReplanOnce]: Replan overtime, check parameters, replan dt = 0.133012669.
[perfect_drone_full_node-2] [INFO] [1789407944.701717541] [fsm_node]:  -- [OPTIMIZER_PHASE_MEMORY] optimizer=exp event=begin call=47 rss_mib=3519.281 swap_mib=0.000 variables=13 pieces=4
[perfect_drone_full_node-2] [INFO] [1789407944.705406999] [fsm_node]:  -- [OPTIMIZER_PHASE_MEMORY] optimizer=exp event=end call=47 duration_ms=3.732 iterations=397 ret=1 rss_mib=3519.281 swap_mib=0.000 rss_delta_mib=0.000
[perfect_drone_full_node-2]  -- [TRAJ_GUARD_CERT] trigger=main_pre status=SAFE gen=20 map=171 map_age=0.006s map_age_limit=0.500s motion_speed=7.000mps samples=127 range=[0.880,1.508] collision_tt=-1.000 ttc=-1.000 p=[0.000,0.000,0.000]
[perfect_drone_full_node-2] Publish local map size: 14993
[perfect_drone_full_node-2]  -- [TRAJ_GUARD_CERT] trigger=main_pre status=SAFE gen=20 map=172 map_age=0.014s map_age_limit=0.500s motion_speed=6.888mps samples=105 range=[0.990,1.508] collision_tt=-1.000 ttc=-1.000 p=[0.000,0.000,0.000]
[perfect_drone_full_node-2] Publish local map size: 18667
[perfect_drone_full_node-2] [INFO] [1789407944.814158659] [fsm_node]:  -- [OPTIMIZER_PHASE_MEMORY] optimizer=backup event=begin call=69 rss_mib=3519.281 swap_mib=0.000 variables=26 pieces=2
[perfect_drone_full_node-2] [INFO] [1789407944.817793668] [fsm_node]:  -- [OPTIMIZER_PHASE_MEMORY] optimizer=backup event=end call=69 duration_ms=3.686 iterations=389 ret=1 rss_mib=3519.281 swap_mib=0.000 rss_delta_mib=0.000
[perfect_drone_full_node-2] [INFO] [1789407944.817961822] [fsm_node]:  -- [OPTIMIZER_PHASE_MEMORY] optimizer=backup event=begin call=70 rss_mib=3519.281 swap_mib=0.000 variables=26 pieces=2
[perfect_drone_full_node-2] [INFO] [1789407944.829068941] [fsm_node]:  -- [OPTIMIZER_PHASE_MEMORY] optimizer=backup event=end call=70 duration_ms=11.044 iterations=1029 ret=1 rss_mib=3519.281 swap_mib=0.000 rss_delta_mib=0.000
[perfect_drone_full_node-2] [WARN] [1789407944.829178584] [fsm_node]:  -- [SUPER] in [ReplanOnce]: Replan overtime, check parameters, replan dt = 0.157219267.
[perfect_drone_full_node-2] [INFO] [1789407944.853735241] [fsm_node]:  -- [OPTIMIZER_PHASE_MEMORY] optimizer=exp event=begin call=48 rss_mib=3519.281 swap_mib=0.000 variables=13 pieces=4
[perfect_drone_full_node-2] [INFO] [1789407944.855212949] [fsm_node]:  -- [OPTIMIZER_PHASE_MEMORY] optimizer=exp event=end call=48 duration_ms=1.537 iterations=156 ret=1 rss_mib=3519.281 swap_mib=0.000 rss_delta_mib=0.000
[perfect_drone_full_node-2]  -- [TRAJ_GUARD_CERT] trigger=main_pre status=SAFE gen=20 map=173 map_age=0.007s map_age_limit=0.500s motion_speed=6.017mps samples=85 range=[1.090,1.508] collision_tt=-1.000 ttc=-1.000 p=[0.000,0.000,0.000]
[perfect_drone_full_node-2] [32m -- [Fsm 17.395] Current state: FOLLOW_TRAJ[0m
[perfect_drone_full_node-2] Publish local map size: 20006
[perfect_drone_full_node-2] [INFO] [1789407944.970274643] [fsm_node]:  -- [OPTIMIZER_PHASE_MEMORY] optimizer=backup event=begin call=71 rss_mib=3519.609 swap_mib=0.000 variables=62 pieces=2
[perfect_drone_full_node-2] [INFO] [1789407945.010660766] [fsm_node]:  -- [OPTIMIZER_PHASE_MEMORY] optimizer=backup event=end call=71 duration_ms=40.374 iterations=711 ret=1 rss_mib=3519.609 swap_mib=0.000 rss_delta_mib=0.000
[perfect_drone_full_node-2] [INFO] [1789407945.011382960] [fsm_node]:  -- [OPTIMIZER_PHASE_MEMORY] optimizer=backup event=begin call=72 rss_mib=3519.609 swap_mib=0.000 variables=62 pieces=2
[perfect_drone_full_node-2]  -- [TRAJ_GUARD_CERT] trigger=main_pre status=SAFE gen=20 map=174 map_age=0.008s map_age_limit=0.500s motion_speed=4.565mps samples=65 range=[1.190,1.508] collision_tt=-1.000 ttc=-1.000 p=[0.000,0.000,0.000]
[perfect_drone_full_node-2] Publish local map size: 18641
[perfect_drone_full_node-2] [INFO] [1789407945.080430202] [fsm_node]:  -- [OPTIMIZER_PHASE_MEMORY] optimizer=backup event=end call=72 duration_ms=69.012 iterations=1190 ret=1 rss_mib=3519.609 swap_mib=0.000 rss_delta_mib=0.000
[perfect_drone_full_node-2] [WARN] [1789407945.080495663] [fsm_node]:  -- [SUPER] in [ReplanOnce]: Replan overtime, check parameters, replan dt = 0.251231881.
[perfect_drone_full_node-2] [INFO] [1789407945.112409164] [fsm_node]:  -- [OPTIMIZER_PHASE_MEMORY] optimizer=exp event=begin call=49 rss_mib=3519.609 swap_mib=0.000 variables=13 pieces=4
[perfect_drone_full_node-2]  -- [TRAJ_GUARD_CERT] trigger=main_pre status=SAFE gen=20 map=175 map_age=0.011s map_age_limit=0.525s motion_speed=2.994mps samples=45 range=[1.290,1.508] collision_tt=-1.000 ttc=-1.000 p=[0.000,0.000,0.000]
[perfect_drone_full_node-2] Publish local map size: 21721
[perfect_drone_full_node-2] [INFO] [1789407945.115616707] [fsm_node]:  -- [OPTIMIZER_PHASE_MEMORY] optimizer=exp event=end call=49 duration_ms=3.264 iterations=364 ret=1 rss_mib=3519.840 swap_mib=0.000 rss_delta_mib=0.230
[perfect_drone_full_node-2]  -- [TRAJ_GUARD_CERT] trigger=main_pre status=SAFE gen=20 map=176 map_age=0.010s map_age_limit=0.550s motion_speed=1.099mps samples=25 range=[1.390,1.508] collision_tt=-1.000 ttc=-1.000 p=[0.000,0.000,0.000]
[perfect_drone_full_node-2] Publish local map size: 19092
[perfect_drone_full_node-2] [INFO] [1789407945.214277815] [fsm_node]:  -- [OPTIMIZER_PHASE_MEMORY] optimizer=backup event=begin call=73 rss_mib=3520.059 swap_mib=0.000 variables=66 pieces=2
[perfect_drone_full_node-2] [INFO] [1789407945.217161152] [fsm_node]:  -- [OPTIMIZER_PHASE_MEMORY] optimizer=backup event=end call=73 duration_ms=2.948 iterations=76 ret=1 rss_mib=3520.641 swap_mib=0.000 rss_delta_mib=0.582
[perfect_drone_full_node-2] [WARN] [1789407945.217169613] [fsm_node]:  -- [BackOpt] Opt failed, Omg or thr or Pos violation.
[perfect_drone_full_node-2] [33m -- [MINCO] TrajOpt failed, (unknown)[0m
[perfect_drone_full_node-2] [33m -- [SUPER] Minco backup_traj opt failed.[0m
[perfect_drone_full_node-2] [INFO] [1789407945.217541743] [fsm_node]:  -- [OPTIMIZER_PHASE_MEMORY] optimizer=backup event=begin call=74 rss_mib=3520.641 swap_mib=0.000 variables=66 pieces=2
[perfect_drone_full_node-2] [INFO] [1789407945.220278625] [fsm_node]:  -- [OPTIMIZER_PHASE_MEMORY] optimizer=backup event=end call=74 duration_ms=2.735 iterations=73 ret=1 rss_mib=3520.641 swap_mib=0.000 rss_delta_mib=0.000
[perfect_drone_full_node-2] [WARN] [1789407945.220288503] [fsm_node]:  -- [BackOpt] Opt failed, Omg or thr or Pos violation.
[perfect_drone_full_node-2] [WARN] [1789407945.220294988] [fsm_node]:  -- [SUPER] OptimizationBakTrajInPolytopes failed, force return
[perfect_drone_full_node-2] [WARN] [1789407945.220303939] [fsm_node]:  -- [SUPER] in [ReplanOnce]: Replan overtime, check parameters, replan dt = 0.139666383.
[perfect_drone_full_node-2] [33m -- [MINCO] TrajOpt failed, (unknown)[0m
[perfect_drone_full_node-2] [33m -- [SUPER] Minco backup_traj opt failed.[0m
[perfect_drone_full_node-2] [INFO] [1789407945.221163367] [fsm_node]:  -- [TRAJ_GUARD_COMMIT] phase=ReplanOnce/no_backup gen=21 map=176 samples=26 range=[1.456,1.573] escape=false footprint_egress=false escape_done_tt=-1.000
[perfect_drone_full_node-2] [32m -- [Fsm] ReplanOnce succeed.[0m
[perfect_drone_full_node-2] [INFO] [1789407945.270150331] [fsm_node]:  -- [TRAJ_GUARD_COMMIT] phase=ReplanOnce/no_backup gen=22 map=177 samples=16 range=[1.505,1.573] escape=false footprint_egress=false escape_done_tt=-1.000
[perfect_drone_full_node-2]  -- [TRAJ_GUARD_CERT] trigger=poly_publish status=SAFE gen=21 map=176 map_age=0.076s map_age_limit=0.550s motion_speed=0.166mps samples=25 range=[1.456,1.573] collision_tt=-1.000 ttc=-1.000 p=[0.000,0.000,0.000]
[perfect_drone_full_node-2]  -- [TRAJ_GUARD_CERT] trigger=main_pre status=SAFE gen=21 map=177 map_age=0.014s map_age_limit=0.550s motion_speed=0.244mps samples=18 range=[1.490,1.573] collision_tt=-1.000 ttc=-1.000 p=[0.000,0.000,0.000]
[perfect_drone_full_node-2] [32m -- [Fsm] ReplanOnce succeed.[0m
[perfect_drone_full_node-2]  -- [TRAJ_GUARD_CERT] trigger=poly_publish status=SAFE gen=22 map=177 map_age=0.029s map_age_limit=0.550s motion_speed=0.127mps samples=15 range=[1.505,1.573] collision_tt=-1.000 ttc=-1.000 p=[0.000,0.000,0.000]
[perfect_drone_full_node-2] Publish local map size: 20790
[perfect_drone_full_node-2] [32m -- [Fsm] ReplanOnce succeed.[0m
[perfect_drone_full_node-2] [32m -- [Fsm] Traj finish.[0m
[perfect_drone_full_node-2] [WARN] [1789407945.355222251] [fsm_node]:  -- [TRAJ_GUARD_RECOVERY_EPISODE_RESET] reason=horizontal_progress progress=6.684m threshold=2.000m prior_local=0 prior_vertical=0 prior_base=0
[perfect_drone_full_node-2] [INFO] [1789407945.379055742] [fsm_node]:  -- [OPTIMIZER_PHASE_MEMORY] optimizer=exp event=begin call=50 rss_mib=3520.641 swap_mib=0.000 variables=17 pieces=5
[perfect_drone_full_node-2] [INFO] [1789407945.384826413] [fsm_node]:  -- [OPTIMIZER_PHASE_MEMORY] optimizer=exp event=end call=50 duration_ms=5.841 iterations=519 ret=1 rss_mib=3520.641 swap_mib=0.000 rss_delta_mib=0.000
[perfect_drone_full_node-2] [INFO] [1789407945.384877340] [fsm_node]:  -- [SUPER] in [PlanFromRest] GenerateExpTrajectory SUCCESS.
[perfect_drone_full_node-2] [INFO] [1789407945.400920853] [fsm_node]:  -- [OPTIMIZER_PHASE_MEMORY] optimizer=backup event=begin call=75 rss_mib=3520.641 swap_mib=0.000 variables=44 pieces=2
[perfect_drone_full_node-2] [INFO] [1789407945.402047768] [fsm_node]:  -- [OPTIMIZER_PHASE_MEMORY] optimizer=backup event=end call=75 duration_ms=1.144 iterations=128 ret=1 rss_mib=3520.641 swap_mib=0.000 rss_delta_mib=0.000
[perfect_drone_full_node-2] [INFO] [1789407945.402160897] [fsm_node]:  -- [OPTIMIZER_PHASE_MEMORY] optimizer=backup event=begin call=76 rss_mib=3520.641 swap_mib=0.000 variables=44 pieces=2
[perfect_drone_full_node-2] [INFO] [1789407945.407493778] [fsm_node]:  -- [OPTIMIZER_PHASE_MEMORY] optimizer=backup event=end call=76 duration_ms=5.329 iterations=508 ret=1 rss_mib=3520.641 swap_mib=0.000 rss_delta_mib=0.000
[perfect_drone_full_node-2] [INFO] [1789407945.407721894] [fsm_node]:  -- [TRAJ_GUARD_COMMIT] phase=PlanFromRest/with_backup gen=23 map=178 samples=213 range=[0.052,1.106] escape=false footprint_egress=false escape_done_tt=-1.000
[perfect_drone_full_node-2] [38;2;000;128;000m -- [Fsm]: [PubCmdCallback] change state from [FOLLOW_TRAJ] to [GENERATE_TRAJ].
[perfect_drone_full_node-2] [0m -- [TRAJ_GUARD_CERT] trigger=poly_publish status=SAFE gen=23 map=178 map_age=0.066s map_age_limit=0.550s motion_speed=0.000mps samples=212 range=[0.052,1.106] collision_tt=-1.000 ttc=-1.000 p=[0.000,0.000,0.000]
[perfect_drone_full_node-2] [38;2;000;128;000m -- [Fsm]: [MainFsmCallback] change state from [GENERATE_TRAJ] to [FOLLOW_TRAJ].
[perfect_drone_full_node-2] [0mPublish local map size: 20447
[perfect_drone_full_node-2]  -- [TRAJ_GUARD_CERT] trigger=main_pre status=SAFE gen=23 map=179 map_age=0.010s map_age_limit=0.550s motion_speed=0.178mps samples=205 range=[0.090,1.106] collision_tt=-1.000 ttc=-1.000 p=[0.000,0.000,0.000]
[perfect_drone_full_node-2] Publish local map size: 22036
[perfect_drone_full_node-2] [INFO] [1789407945.556879313] [fsm_node]:  -- [OPTIMIZER_PHASE_MEMORY] optimizer=exp event=begin call=51 rss_mib=3520.699 swap_mib=0.000 variables=13 pieces=4
[perfect_drone_full_node-2] [INFO] [1789407945.558063144] [fsm_node]:  -- [OPTIMIZER_PHASE_MEMORY] optimizer=exp event=end call=51 duration_ms=1.255 iterations=153 ret=1 rss_mib=3520.699 swap_mib=0.000 rss_delta_mib=0.000
[perfect_drone_full_node-2]  -- [TRAJ_GUARD_CERT] trigger=main_pre status=SAFE gen=23 map=180 map_age=0.014s map_age_limit=0.550s motion_speed=1.352mps samples=183 range=[0.200,1.106] collision_tt=-1.000 ttc=-1.000 p=[0.000,0.000,0.000]
[perfect_drone_full_node-2] Publish local map size: 24625
[perfect_drone_full_node-2] [32m -- [Fsm] Get goal at [0m24.025000000000002 24.025000000000002  1.525000000000000
[perfect_drone_full_node-2] [32m -- [Fsm] Receive click goal at: [24.025000000000002 24.025000000000002  1.525000000000000]; goal yaw: 0.000000000000000 deg[0m
[perfect_drone_full_node-2] [INFO] [1789407945.647027752] [fsm_node]:  -- [OPTIMIZER_PHASE_MEMORY] optimizer=backup event=begin call=77 rss_mib=3520.781 swap_mib=0.000 variables=82 pieces=2
[perfect_drone_full_node-2] [INFO] [1789407945.690704645] [fsm_node]:  -- [OPTIMIZER_PHASE_MEMORY] optimizer=backup event=end call=77 duration_ms=43.707 iterations=1804 ret=1 rss_mib=3520.781 swap_mib=0.000 rss_delta_mib=0.000
[perfect_drone_full_node-2] [INFO] [1789407945.690914932] [fsm_node]:  -- [OPTIMIZER_PHASE_MEMORY] optimizer=backup event=begin call=78 rss_mib=3520.781 swap_mib=0.000 variables=82 pieces=2
[perfect_drone_full_node-2] [INFO] [1789407945.706898909] [fsm_node]:  -- [OPTIMIZER_PHASE_MEMORY] optimizer=backup event=end call=78 duration_ms=15.977 iterations=674 ret=1 rss_mib=3520.781 swap_mib=0.000 rss_delta_mib=0.000
[perfect_drone_full_node-2] [WARN] [1789407945.706940732] [fsm_node]:  -- [SUPER] in [ReplanOnce]: Replan overtime, check parameters, replan dt = 0.173771568.
[perfect_drone_full_node-2]  -- [TRAJ_GUARD_CERT] trigger=main_pre status=SAFE gen=23 map=181 map_age=0.009s map_age_limit=0.544s motion_speed=2.627mps samples=165 range=[0.290,1.106] collision_tt=-1.000 ttc=-1.000 p=[0.000,0.000,0.000]
[perfect_drone_full_node-2] Publish local map size: 24756
[perfect_drone_full_node-2] [INFO] [1789407945.733537051] [fsm_node]:  -- [OPTIMIZER_PHASE_MEMORY] optimizer=exp event=begin call=52 rss_mib=3520.785 swap_mib=0.000 variables=13 pieces=4
[perfect_drone_full_node-2] [INFO] [1789407945.736863990] [fsm_node]:  -- [OPTIMIZER_PHASE_MEMORY] optimizer=exp event=end call=52 duration_ms=3.388 iterations=351 ret=1 rss_mib=3520.785 swap_mib=0.000 rss_delta_mib=0.000
[perfect_drone_full_node-2]  -- [TRAJ_GUARD_CERT] trigger=main_pre status=SAFE gen=23 map=182 map_age=0.013s map_age_limit=0.500s motion_speed=4.001mps samples=143 range=[0.400,1.106] collision_tt=-1.000 ttc=-1.000 p=[0.000,0.000,0.000]
[perfect_drone_full_node-2] Publish local map size: 22059
[perfect_drone_full_node-2] [INFO] [1789407945.841949435] [fsm_node]:  -- [OPTIMIZER_PHASE_MEMORY] optimizer=backup event=begin call=79 rss_mib=3520.785 swap_mib=0.000 variables=18 pieces=2
[perfect_drone_full_node-2] [INFO] [1789407945.848358430] [fsm_node]:  -- [OPTIMIZER_PHASE_MEMORY] optimizer=backup event=end call=79 duration_ms=6.441 iterations=1059 ret=1 rss_mib=3520.785 swap_mib=0.000 rss_delta_mib=0.000
[perfect_drone_full_node-2] [INFO] [1789407945.848457865] [fsm_node]:  -- [OPTIMIZER_PHASE_MEMORY] optimizer=backup event=begin call=80 rss_mib=3520.785 swap_mib=0.000 variables=18 pieces=2
[perfect_drone_full_node-2] [INFO] [1789407945.853974461] [fsm_node]:  -- [OPTIMIZER_PHASE_MEMORY] optimizer=backup event=end call=80 duration_ms=5.517 iterations=864 ret=1 rss_mib=3520.785 swap_mib=0.000 rss_delta_mib=0.000
[perfect_drone_full_node-2] [WARN] [1789407945.854008170] [fsm_node]:  -- [SUPER] in [ReplanOnce]: Replan overtime, check parameters, replan dt = 0.146913596.
[perfect_drone_full_node-2] [INFO] [1789407945.879188600] [fsm_node]:  -- [OPTIMIZER_PHASE_MEMORY] optimizer=exp event=begin call=53 rss_mib=3520.785 swap_mib=0.000 variables=9 pieces=3
[perfect_drone_full_node-2] [INFO] [1789407945.880970490] [fsm_node]:  -- [OPTIMIZER_PHASE_MEMORY] optimizer=exp event=end call=53 duration_ms=1.839 iterations=263 ret=1 rss_mib=3520.785 swap_mib=0.000 rss_delta_mib=0.000
[perfect_drone_full_node-2]  -- [TRAJ_GUARD_CERT] trigger=replan_post status=SAFE gen=23 map=183 map_age=0.012s map_age_limit=0.500s motion_speed=5.208mps samples=123 range=[0.499,1.106] collision_tt=-1.000 ttc=-1.000 p=[0.000,0.000,0.000]
[perfect_drone_full_node-2] Publish local map size: 17048
[perfect_drone_full_node-2] [32m -- [Fsm 18.405] Current state: FOLLOW_TRAJ[0m
[perfect_drone_full_node-2] [INFO] [1789407945.981423568] [fsm_node]:  -- [OPTIMIZER_PHASE_MEMORY] optimizer=backup event=begin call=81 rss_mib=3520.785 swap_mib=0.000 variables=26 pieces=2
[perfect_drone_full_node-2] [INFO] [1789407945.981939300] [fsm_node]:  -- [OPTIMIZER_PHASE_MEMORY] optimizer=backup event=end call=81 duration_ms=0.566 iterations=101 ret=1 rss_mib=3520.785 swap_mib=0.000 rss_delta_mib=0.000
[perfect_drone_full_node-2] [INFO] [1789407945.982055976] [fsm_node]:  -- [OPTIMIZER_PHASE_MEMORY] optimizer=backup event=begin call=82 rss_mib=3520.797 swap_mib=0.000 variables=26 pieces=2
[perfect_drone_full_node-2] [INFO] [1789407945.987088629] [fsm_node]:  -- [OPTIMIZER_PHASE_MEMORY] optimizer=backup event=end call=82 duration_ms=5.029 iterations=703 ret=1 rss_mib=3520.797 swap_mib=0.000 rss_delta_mib=0.000
[perfect_drone_full_node-2] [WARN] [1789407945.987124256] [fsm_node]:  -- [SUPER] in [ReplanOnce]: Replan overtime, check parameters, replan dt = 0.132984646.
[perfect_drone_full_node-2]  -- [TRAJ_GUARD_CERT] trigger=main_pre status=SAFE gen=23 map=184 map_age=0.012s map_age_limit=0.500s motion_speed=6.226mps samples=103 range=[0.600,1.106] collision_tt=-1.000 ttc=-1.000 p=[0.000,0.000,0.000]
[perfect_drone_full_node-2] Publish local map size: 13107
[perfect_drone_full_node-2] [INFO] [1789407946.021240040] [fsm_node]:  -- [OPTIMIZER_PHASE_MEMORY] optimizer=exp event=begin call=54 rss_mib=3520.797 swap_mib=0.000 variables=13 pieces=4
[perfect_drone_full_node-2] [INFO] [1789407946.024117777] [fsm_node]:  -- [OPTIMIZER_PHASE_MEMORY] optimizer=exp event=end call=54 duration_ms=2.938 iterations=318 ret=1 rss_mib=3520.797 swap_mib=0.000 rss_delta_mib=0.000
[perfect_drone_full_node-2]  -- [TRAJ_GUARD_CERT] trigger=main_pre status=SAFE gen=23 map=185 map_age=0.014s map_age_limit=0.500s motion_speed=6.070mps samples=83 range=[0.700,1.106] collision_tt=-1.000 ttc=-1.000 p=[0.000,0.000,0.000]
[perfect_drone_full_node-2] Publish local map size: 12360
[perfect_drone_full_node-2] [INFO] [1789407946.124082999] [fsm_node]:  -- [OPTIMIZER_PHASE_MEMORY] optimizer=backup event=begin call=83 rss_mib=3520.797 swap_mib=0.000 variables=18 pieces=2
[perfect_drone_full_node-2] [INFO] [1789407946.125279666] [fsm_node]:  -- [OPTIMIZER_PHASE_MEMORY] optimizer=backup event=end call=83 duration_ms=1.251 iterations=257 ret=1 rss_mib=3520.797 swap_mib=0.000 rss_delta_mib=0.000
[perfect_drone_full_node-2] [INFO] [1789407946.125358857] [fsm_node]:  -- [OPTIMIZER_PHASE_MEMORY] optimizer=backup event=begin call=84 rss_mib=3520.797 swap_mib=0.000 variables=18 pieces=2
[perfect_drone_full_node-2] [INFO] [1789407946.133829499] [fsm_node]:  -- [OPTIMIZER_PHASE_MEMORY] optimizer=backup event=end call=84 duration_ms=8.455 iterations=1328 ret=1 rss_mib=3520.797 swap_mib=0.000 rss_delta_mib=0.000
[perfect_drone_full_node-2] [WARN] [1789407946.133884606] [fsm_node]:  -- [SUPER] in [ReplanOnce]: Replan overtime, check parameters, replan dt = 0.146675833.
[perfect_drone_full_node-2] [INFO] [1789407946.168538022] [fsm_node]:  -- [OPTIMIZER_PHASE_MEMORY] optimizer=exp event=begin call=55 rss_mib=3520.914 swap_mib=0.000 variables=13 pieces=4
[perfect_drone_full_node-2] [INFO] [1789407946.171376487] [fsm_node]:  -- [OPTIMIZER_PHASE_MEMORY] optimizer=exp event=end call=55 duration_ms=2.905 iterations=329 ret=1 rss_mib=3520.914 swap_mib=0.000 rss_delta_mib=0.000
[perfect_drone_full_node-2]  -- [TRAJ_GUARD_CERT] trigger=main_pre status=SAFE gen=23 map=186 map_age=0.013s map_age_limit=0.500s motion_speed=4.558mps samples=63 range=[0.800,1.106] collision_tt=-1.000 ttc=-1.000 p=[0.000,0.000,0.000]
[perfect_drone_full_node-2] Publish local map size: 15640
[perfect_drone_full_node-2] [INFO] [1789407946.273778568] [fsm_node]:  -- [OPTIMIZER_PHASE_MEMORY] optimizer=backup event=begin call=85 rss_mib=3521.871 swap_mib=0.000 variables=40 pieces=2
[perfect_drone_full_node-2] [INFO] [1789407946.275060143] [fsm_node]:  -- [OPTIMIZER_PHASE_MEMORY] optimizer=backup event=end call=85 duration_ms=1.325 iterations=201 ret=1 rss_mib=3521.891 swap_mib=0.000 rss_delta_mib=0.020
[perfect_drone_full_node-2] [INFO] [1789407946.275185415] [fsm_node]:  -- [OPTIMIZER_PHASE_MEMORY] optimizer=backup event=begin call=86 rss_mib=3521.891 swap_mib=0.000 variables=40 pieces=2
[perfect_drone_full_node-2] [INFO] [1789407946.276406968] [fsm_node]:  -- [OPTIMIZER_PHASE_MEMORY] optimizer=backup event=end call=86 duration_ms=1.222 iterations=215 ret=1 rss_mib=3521.891 swap_mib=0.000 rss_delta_mib=0.000
[perfect_drone_full_node-2] [WARN] [1789407946.276441406] [fsm_node]:  -- [SUPER] in [ReplanOnce]: Replan overtime, check parameters, replan dt = 0.142376523.
[perfect_drone_full_node-2] [INFO] [1789407946.311410471] [fsm_node]:  -- [OPTIMIZER_PHASE_MEMORY] optimizer=exp event=begin call=56 rss_mib=3521.891 swap_mib=0.000 variables=9 pieces=3
[perfect_drone_full_node-2] [INFO] [1789407946.312454482] [fsm_node]:  -- [OPTIMIZER_PHASE_MEMORY] optimizer=exp event=end call=56 duration_ms=1.114 iterations=157 ret=1 rss_mib=3521.891 swap_mib=0.000 rss_delta_mib=0.000
[perfect_drone_full_node-2]  -- [TRAJ_GUARD_CERT] trigger=main_pre status=SAFE gen=23 map=187 map_age=0.013s map_age_limit=0.532s motion_speed=2.866mps samples=43 range=[0.900,1.106] collision_tt=-1.000 ttc=-1.000 p=[0.000,0.000,0.000]
[perfect_drone_full_node-2] Publish local map size: 15247
[perfect_drone_full_node-2] [INFO] [1789407946.411050674] [fsm_node]:  -- [OPTIMIZER_PHASE_MEMORY] optimizer=backup event=begin call=87 rss_mib=3521.891 swap_mib=0.000 variables=18 pieces=2
[perfect_drone_full_node-2]  -- [TRAJ_GUARD_CERT] trigger=main_pre status=SAFE gen=23 map=188 map_age=0.007s map_age_limit=0.550s motion_speed=1.144mps samples=25 range=[0.990,1.106] collision_tt=-1.000 ttc=-1.000 p=[0.000,0.000,0.000]
[perfect_drone_full_node-2] Publish local map size: 10932
[perfect_drone_full_node-2] [INFO] [1789407946.419601913] [fsm_node]:  -- [OPTIMIZER_PHASE_MEMORY] optimizer=backup event=end call=87 duration_ms=8.589 iterations=1235 ret=1 rss_mib=3521.891 swap_mib=0.000 rss_delta_mib=0.000
[perfect_drone_full_node-2] [INFO] [1789407946.419763212] [fsm_node]:  -- [OPTIMIZER_PHASE_MEMORY] optimizer=backup event=begin call=88 rss_mib=3521.891 swap_mib=0.000 variables=18 pieces=2
[perfect_drone_full_node-2] [INFO] [1789407946.433011800] [fsm_node]:  -- [OPTIMIZER_PHASE_MEMORY] optimizer=backup event=end call=88 duration_ms=13.235 iterations=1910 ret=1 rss_mib=3521.891 swap_mib=0.000 rss_delta_mib=0.000
[perfect_drone_full_node-2] [WARN] [1789407946.433058811] [fsm_node]:  -- [SUPER] in [ReplanOnce]: Replan overtime, check parameters, replan dt = 0.156482268.
[perfect_drone_full_node-2] [INFO] [1789407946.460834817] [fsm_node]:  -- [TRAJ_GUARD_COMMIT] phase=ReplanOnce/no_backup gen=24 map=189 samples=116 range=[1.105,1.670] escape=false footprint_egress=false escape_done_tt=-1.000
[perfect_drone_full_node-2]  -- [TRAJ_GUARD_CERT] trigger=main_pre status=SAFE gen=23 map=189 map_age=0.015s map_age_limit=0.550s motion_speed=0.005mps samples=3 range=[1.100,1.106] collision_tt=-1.000 ttc=-1.000 p=[0.000,0.000,0.000]
[perfect_drone_full_node-2] [32m -- [Fsm] ReplanOnce succeed.[0m
[perfect_drone_full_node-2] [INFO] [1789407946.486763798] [fsm_node]:  -- [OPTIMIZER_PHASE_MEMORY] optimizer=exp event=begin call=57 rss_mib=3521.891 swap_mib=0.000 variables=13 pieces=4
[perfect_drone_full_node-2] [INFO] [1789407946.488031122] [fsm_node]:  -- [OPTIMIZER_PHASE_MEMORY] optimizer=exp event=end call=57 duration_ms=1.344 iterations=151 ret=1 rss_mib=3521.891 swap_mib=0.000 rss_delta_mib=0.000
[perfect_drone_full_node-2]  -- [TRAJ_GUARD_CERT] trigger=poly_publish status=SAFE gen=24 map=189 map_age=0.021s map_age_limit=0.550s motion_speed=0.005mps samples=114 range=[1.106,1.670] collision_tt=-1.000 ttc=-1.000 p=[0.000,0.000,0.000]
[perfect_drone_full_node-2] Publish local map size: 11636
[perfect_drone_full_node-2] [INFO] [1789407946.589076505] [fsm_node]:  -- [OPTIMIZER_PHASE_MEMORY] optimizer=backup event=begin call=89 rss_mib=3521.891 swap_mib=0.000 variables=48 pieces=2
[perfect_drone_full_node-2] [INFO] [1789407946.597118967] [fsm_node]:  -- [OPTIMIZER_PHASE_MEMORY] optimizer=backup event=end call=89 duration_ms=8.093 iterations=380 ret=1 rss_mib=3521.891 swap_mib=0.000 rss_delta_mib=0.000
[perfect_drone_full_node-2] [INFO] [1789407946.597324696] [fsm_node]:  -- [OPTIMIZER_PHASE_MEMORY] optimizer=backup event=begin call=90 rss_mib=3521.891 swap_mib=0.000 variables=48 pieces=2
[perfect_drone_full_node-2] [INFO] [1789407946.598999435] [fsm_node]:  -- [OPTIMIZER_PHASE_MEMORY] optimizer=backup event=end call=90 duration_ms=1.675 iterations=82 ret=1 rss_mib=3521.891 swap_mib=0.000 rss_delta_mib=0.000
[perfect_drone_full_node-2] [WARN] [1789407946.599031071] [fsm_node]:  -- [SUPER] in [ReplanOnce]: Replan overtime, check parameters, replan dt = 0.137910186.
[perfect_drone_full_node-2]  -- [TRAJ_GUARD_CERT] trigger=main_pre status=SAFE gen=24 map=190 map_age=0.008s map_age_limit=0.500s motion_speed=5.823mps samples=98 range=[1.190,1.670] collision_tt=-1.000 ttc=-1.000 p=[0.000,0.000,0.000]
[perfect_drone_full_node-2]  -- [MARSIM] Running FPS: 215.025797475704678
[perfect_drone_full_node-2] Publish local map size: 14262
[perfect_drone_full_node-2] [32m -- [Fsm] Get goal at [0m24.025000000000002 24.025000000000002  1.525000000000000
[perfect_drone_full_node-2] [32m -- [Fsm] Receive click goal at: [24.025000000000002 24.025000000000002  1.525000000000000]; goal yaw: 0.000000000000000 deg[0m
[perfect_drone_full_node-2] [INFO] [1789407946.635167472] [fsm_node]:  -- [OPTIMIZER_PHASE_MEMORY] optimizer=exp event=begin call=58 rss_mib=3521.891 swap_mib=0.000 variables=9 pieces=3
[perfect_drone_full_node-2] [INFO] [1789407946.638730098] [fsm_node]:  -- [OPTIMIZER_PHASE_MEMORY] optimizer=exp event=end call=58 duration_ms=3.612 iterations=483 ret=1 rss_mib=3521.891 swap_mib=0.000 rss_delta_mib=0.000
[perfect_drone_full_node-2]  -- [TRAJ_GUARD_CERT] trigger=main_pre status=SAFE gen=24 map=191 map_age=0.015s map_age_limit=0.500s motion_speed=4.936mps samples=74 range=[1.310,1.670] collision_tt=-1.000 ttc=-1.000 p=[0.000,0.000,0.000]
[perfect_drone_full_node-2] Publish local map size: 14292
[perfect_drone_full_node-2] [INFO] [1789407946.741531681] [fsm_node]:  -- [OPTIMIZER_PHASE_MEMORY] optimizer=backup event=begin call=91 rss_mib=3522.148 swap_mib=0.000 variables=50 pieces=2
[perfect_drone_full_node-2] [INFO] [1789407946.770282101] [fsm_node]:  -- [OPTIMIZER_PHASE_MEMORY] optimizer=backup event=end call=91 duration_ms=28.791 iterations=1696 ret=1 rss_mib=3522.148 swap_mib=0.000 rss_delta_mib=0.000
[perfect_drone_full_node-2] [INFO] [1789407946.770454364] [fsm_node]:  -- [OPTIMIZER_PHASE_MEMORY] optimizer=backup event=begin call=92 rss_mib=3522.148 swap_mib=0.000 variables=50 pieces=2
[perfect_drone_full_node-2] [INFO] [1789407946.778854242] [fsm_node]:  -- [OPTIMIZER_PHASE_MEMORY] optimizer=backup event=end call=92 duration_ms=8.398 iterations=588 ret=1 rss_mib=3522.148 swap_mib=0.000 rss_delta_mib=0.000
[perfect_drone_full_node-2] [WARN] [1789407946.778899948] [fsm_node]:  -- [SUPER] in [ReplanOnce]: Replan overtime, check parameters, replan dt = 0.179698109.
[perfect_drone_full_node-2]  -- [TRAJ_GUARD_CERT] trigger=main_pre status=SAFE gen=24 map=192 map_age=0.007s map_age_limit=0.500s motion_speed=3.735mps samples=58 range=[1.390,1.670] collision_tt=-1.000 ttc=-1.000 p=[0.000,0.000,0.000]
[perfect_drone_full_node-2] Publish local map size: 15206
[perfect_drone_full_node-2] [INFO] [1789407946.817257164] [fsm_node]:  -- [OPTIMIZER_PHASE_MEMORY] optimizer=exp event=begin call=59 rss_mib=3522.148 swap_mib=0.000 variables=9 pieces=3
[perfect_drone_full_node-2] [INFO] [1789407946.818412237] [fsm_node]:  -- [OPTIMIZER_PHASE_MEMORY] optimizer=exp event=end call=59 duration_ms=1.227 iterations=172 ret=1 rss_mib=3522.148 swap_mib=0.000 rss_delta_mib=0.000
[perfect_drone_full_node-2]  -- [TRAJ_GUARD_CERT] trigger=main_pre status=SAFE gen=24 map=193 map_age=0.007s map_age_limit=0.550s motion_speed=1.787mps samples=38 range=[1.490,1.670] collision_tt=-1.000 ttc=-1.000 p=[0.000,0.000,0.000]
[perfect_drone_full_node-2] Publish local map size: 15276
[perfect_drone_full_node-2] [32m -- [Fsm 19.405] Current state: FOLLOW_TRAJ[0m
[perfect_drone_full_node-2] [INFO] [1789407946.918418003] [fsm_node]:  -- [OPTIMIZER_PHASE_MEMORY] optimizer=backup event=begin call=93 rss_mib=3522.617 swap_mib=0.000 variables=38 pieces=2
[perfect_drone_full_node-2] [INFO] [1789407946.921951641] [fsm_node]:  -- [OPTIMIZER_PHASE_MEMORY] optimizer=backup event=end call=93 duration_ms=3.564 iterations=457 ret=1 rss_mib=3522.617 swap_mib=0.000 rss_delta_mib=0.000
[perfect_drone_full_node-2] [INFO] [1789407946.922054095] [fsm_node]:  -- [OPTIMIZER_PHASE_MEMORY] optimizer=backup event=begin call=94 rss_mib=3522.617 swap_mib=0.000 variables=38 pieces=2
[perfect_drone_full_node-2] [INFO] [1789407946.934441378] [fsm_node]:  -- [OPTIMIZER_PHASE_MEMORY] optimizer=backup event=end call=94 duration_ms=12.358 iterations=1172 ret=1 rss_mib=3522.617 swap_mib=0.000 rss_delta_mib=0.000
[perfect_drone_full_node-2] [WARN] [1789407946.934537169] [fsm_node]:  -- [SUPER] in [ReplanOnce]: Replan overtime, check parameters, replan dt = 0.155452044.
[perfect_drone_full_node-2] [INFO] [1789407946.935406703] [fsm_node]:  -- [TRAJ_GUARD_COMMIT] phase=ReplanOnce/no_backup gen=25 map=193 samples=21 range=[1.580,1.670] escape=false footprint_egress=false escape_done_tt=-1.000
[perfect_drone_full_node-2] [32m -- [Fsm] ReplanOnce succeed.[0m
[perfect_drone_full_node-2] [INFO] [1789407946.985938392] [fsm_node]:  -- [TRAJ_GUARD_COMMIT] phase=ReplanOnce/no_backup gen=26 map=194 samples=10 range=[1.630,1.670] escape=false footprint_egress=false escape_done_tt=-1.000
[perfect_drone_full_node-2]  -- [TRAJ_GUARD_CERT] trigger=poly_publish status=SAFE gen=25 map=193 map_age=0.098s map_age_limit=0.550s motion_speed=0.310mps samples=20 range=[1.580,1.670] collision_tt=-1.000 ttc=-1.000 p=[0.000,0.000,0.000]
[perfect_drone_full_node-2]  -- [TRAJ_GUARD_CERT] trigger=main_pre status=SAFE gen=25 map=194 map_age=0.007s map_age_limit=0.550s motion_speed=0.310mps samples=18 range=[1.590,1.670] collision_tt=-1.000 ttc=-1.000 p=[0.000,0.000,0.000]
[perfect_drone_full_node-2] [32m -- [Fsm] ReplanOnce succeed.[0m
[perfect_drone_full_node-2]  -- [TRAJ_GUARD_CERT] trigger=poly_publish status=SAFE gen=26 map=194 map_age=0.048s map_age_limit=0.550s motion_speed=0.035mps samples=9 range=[1.631,1.670] collision_tt=-1.000 ttc=-1.000 p=[0.000,0.000,0.000]
[perfect_drone_full_node-2] Publish local map size: 14880
[perfect_drone_full_node-2] [32m -- [Fsm] Traj finish.[0m
[perfect_drone_full_node-2] [WARN] [1789407947.045185114] [fsm_node]:  -- [TRAJ_GUARD_RECOVERY_EPISODE_RESET] reason=horizontal_progress progress=6.573m threshold=2.000m prior_local=0 prior_vertical=0 prior_base=0
[perfect_drone_full_node-2] [INFO] [1789407947.077883783] [fsm_node]:  -- [OPTIMIZER_PHASE_MEMORY] optimizer=exp event=begin call=60 rss_mib=3522.617 swap_mib=0.000 variables=9 pieces=3
[perfect_drone_full_node-2] [INFO] [1789407947.079170139] [fsm_node]:  -- [OPTIMIZER_PHASE_MEMORY] optimizer=exp event=end call=60 duration_ms=1.356 iterations=221 ret=1 rss_mib=3522.617 swap_mib=0.000 rss_delta_mib=0.000
[perfect_drone_full_node-2] [INFO] [1789407947.079214393] [fsm_node]:  -- [SUPER] in [PlanFromRest] GenerateExpTrajectory SUCCESS.
[perfect_drone_full_node-2] [38;2;000;128;000m -- [Fsm]: [PubCmdCallback] change state from [FOLLOW_TRAJ] to [GENERATE_TRAJ].
[perfect_drone_full_node-2] [0mPublish local map size: 14733
[perfect_drone_full_node-2] [INFO] [1789407947.169106509] [fsm_node]:  -- [OPTIMIZER_PHASE_MEMORY] optimizer=backup event=begin call=95 rss_mib=3522.617 swap_mib=0.000 variables=46 pieces=2
[perfect_drone_full_node-2] [INFO] [1789407947.176428083] [fsm_node]:  -- [OPTIMIZER_PHASE_MEMORY] optimizer=backup event=end call=95 duration_ms=7.351 iterations=651 ret=1 rss_mib=3522.617 swap_mib=0.000 rss_delta_mib=0.000
[perfect_drone_full_node-2] [INFO] [1789407947.176540137] [fsm_node]:  -- [OPTIMIZER_PHASE_MEMORY] optimizer=backup event=begin call=96 rss_mib=3522.617 swap_mib=0.000 variables=46 pieces=2
[perfect_drone_full_node-2] [INFO] [1789407947.198582745] [fsm_node]:  -- [OPTIMIZER_PHASE_MEMORY] optimizer=backup event=end call=96 duration_ms=22.033 iterations=1632 ret=1 rss_mib=3522.617 swap_mib=0.000 rss_delta_mib=0.000
[perfect_drone_full_node-2] [INFO] [1789407947.198925954] [fsm_node]:  -- [TRAJ_GUARD_COMMIT] phase=PlanFromRest/with_backup gen=27 map=196 samples=265 range=[0.153,1.466] escape=false footprint_egress=false escape_done_tt=-1.000
[perfect_drone_full_node-2]  -- [TRAJ_GUARD_CERT] trigger=poly_publish status=SAFE gen=27 map=196 map_age=0.066s map_age_limit=0.550s motion_speed=0.000mps samples=264 range=[0.154,1.466] collision_tt=-1.000 ttc=-1.000 p=[0.000,0.000,0.000]
[perfect_drone_full_node-2] [38;2;000;128;000m -- [Fsm]: [MainFsmCallback] change state from [GENERATE_TRAJ] to [FOLLOW_TRAJ].
[perfect_drone_full_node-2] [0mPublish local map size: 15533
[perfect_drone_full_node-2]  -- [TRAJ_GUARD_CERT] trigger=main_pre status=SAFE gen=27 map=197 map_age=0.009s map_age_limit=0.550s motion_speed=1.371mps samples=255 range=[0.200,1.466] collision_tt=-1.000 ttc=-1.000 p=[0.000,0.000,0.000]
[perfect_drone_full_node-2] Publish local map size: 15769
[perfect_drone_full_node-2] [INFO] [1789407947.345971194] [fsm_node]:  -- [OPTIMIZER_PHASE_MEMORY] optimizer=exp event=begin call=61 rss_mib=3522.629 swap_mib=0.000 variables=13 pieces=4
[perfect_drone_full_node-2] [INFO] [1789407947.347310010] [fsm_node]:  -- [OPTIMIZER_PHASE_MEMORY] optimizer=exp event=end call=61 duration_ms=1.413 iterations=170 ret=1 rss_mib=3522.629 swap_mib=0.000 rss_delta_mib=0.000
[perfect_drone_full_node-2]  -- [TRAJ_GUARD_CERT] trigger=main_pre status=SAFE gen=27 map=198 map_age=0.005s map_age_limit=0.512s motion_speed=3.251mps samples=235 range=[0.300,1.466] collision_tt=-1.000 ttc=-1.000 p=[0.000,0.000,0.000]
[perfect_drone_full_node-2] Publish local map size: 16191
[perfect_drone_full_node-2] [INFO] [1789407947.430985220] [fsm_node]:  -- [OPTIMIZER_PHASE_MEMORY] optimizer=backup event=begin call=97 rss_mib=3523.137 swap_mib=0.000 variables=52 pieces=2
[perfect_drone_full_node-2] [INFO] [1789407947.475880684] [fsm_node]:  -- [OPTIMIZER_PHASE_MEMORY] optimizer=backup event=end call=97 duration_ms=44.914 iterations=1346 ret=1 rss_mib=3524.328 swap_mib=0.000 rss_delta_mib=1.191
[perfect_drone_full_node-2] [INFO] [1789407947.476176773] [fsm_node]:  -- [OPTIMIZER_PHASE_MEMORY] optimizer=backup event=begin call=98 rss_mib=3524.328 swap_mib=0.000 variables=52 pieces=2
[perfect_drone_full_node-2] [INFO] [1789407947.486925173] [fsm_node]:  -- [OPTIMIZER_PHASE_MEMORY] optimizer=backup event=end call=98 duration_ms=10.742 iterations=355 ret=1 rss_mib=3524.328 swap_mib=0.000 rss_delta_mib=0.000
[perfect_drone_full_node-2] [WARN] [1789407947.486971699] [fsm_node]:  -- [SUPER] in [ReplanOnce]: Replan overtime, check parameters, replan dt = 0.171621781.
[perfect_drone_full_node-2] [INFO] [1789407947.508433812] [fsm_node]:  -- [OPTIMIZER_PHASE_MEMORY] optimizer=exp event=begin call=62 rss_mib=3524.328 swap_mib=0.000 variables=13 pieces=4
[perfect_drone_full_node-2] [INFO] [1789407947.510758967] [fsm_node]:  -- [OPTIMIZER_PHASE_MEMORY] optimizer=exp event=end call=62 duration_ms=2.366 iterations=276 ret=1 rss_mib=3524.328 swap_mib=0.000 rss_delta_mib=0.000
[perfect_drone_full_node-2]  -- [TRAJ_GUARD_CERT] trigger=main_pre status=SAFE gen=27 map=199 map_age=0.007s map_age_limit=0.500s motion_speed=5.080mps samples=215 range=[0.400,1.466] collision_tt=-1.000 ttc=-1.000 p=[0.000,0.000,0.000]
[perfect_drone_full_node-2] Publish local map size: 15805
[perfect_drone_full_node-2] [INFO] [1789407947.514042227] [perfect_tracking]: [SENSOR_CADENCE_SUMMARY] frames=200 span_s=19.897855 hz=10.001078 raw_published=0 direct_handoffs=200 payload_bytes=151050848 side_entry_v1_enabled=0 side_entry_v1_spawned=0 side_entry_v1_injected_frames=0
[perfect_drone_full_node-2] [INFO] [1789407947.514087051] [perfect_tracking]: [SENSOR_BURST_DROPOUT_SUMMARY] enabled=0 warmup_s=1.000000 period_s=2.000000 duration_s=0.500000 phase_s=0.000000 phase_env_override=0 rendered=200 delivered=200 dropped=0 bursts=0 max_consecutive_dropped=0 max_delivered_gap_s=0.102250 dropped_payload_bytes=0
[perfect_drone_full_node-2] [INFO] [1789407947.606084452] [fsm_node]:  -- [OPTIMIZER_PHASE_MEMORY] optimizer=backup event=begin call=99 rss_mib=3525.797 swap_mib=0.000 variables=18 pieces=2
[perfect_drone_full_node-2] [INFO] [1789407947.607316440] [fsm_node]:  -- [OPTIMIZER_PHASE_MEMORY] optimizer=backup event=end call=99 duration_ms=1.275 iterations=293 ret=1 rss_mib=3525.797 swap_mib=0.000 rss_delta_mib=0.000
[perfect_drone_full_node-2] [INFO] [1789407947.607381009] [fsm_node]:  -- [OPTIMIZER_PHASE_MEMORY] optimizer=backup event=begin call=100 rss_mib=3525.797 swap_mib=0.000 variables=18 pieces=2
[perfect_drone_full_node-2] [INFO] [1789407947.609754970] [fsm_node]:  -- [OPTIMIZER_PHASE_MEMORY] optimizer=backup event=end call=100 duration_ms=2.373 iterations=535 ret=1 rss_mib=3525.797 swap_mib=0.000 rss_delta_mib=0.000
[perfect_drone_full_node-2] [WARN] [1789407947.609786706] [fsm_node]:  -- [SUPER] in [ReplanOnce]: Replan overtime, check parameters, replan dt = 0.122660797.
[perfect_drone_full_node-2]  -- [TRAJ_GUARD_CERT] trigger=main_pre status=SAFE gen=27 map=200 map_age=0.013s map_age_limit=0.500s motion_speed=6.375mps samples=193 range=[0.510,1.466] collision_tt=-1.000 ttc=-1.000 p=[0.000,0.000,0.000]
[perfect_drone_full_node-2] Publish local map size: 16611
[perfect_drone_full_node-2] [32m -- [Fsm] Get goal at [0m24.025000000000002 24.025000000000002  1.525000000000000
[perfect_drone_full_node-2] [32m -- [Fsm] Receive click goal at: [24.025000000000002 24.025000000000002  1.525000000000000]; goal yaw: 0.000000000000000 deg[0m
[perfect_drone_full_node-2] [INFO] [1789407947.633481385] [fsm_node]:  -- [OPTIMIZER_PHASE_MEMORY] optimizer=exp event=begin call=63 rss_mib=3525.797 swap_mib=0.000 variables=13 pieces=4
[perfect_drone_full_node-2] [INFO] [1789407947.635497321] [fsm_node]:  -- [OPTIMIZER_PHASE_MEMORY] optimizer=exp event=end call=63 duration_ms=2.087 iterations=234 ret=1 rss_mib=3525.797 swap_mib=0.000 rss_delta_mib=0.000
[perfect_drone_full_node-2]  -- [TRAJ_GUARD_CERT] trigger=main_pre status=SAFE gen=27 map=201 map_age=0.012s map_age_limit=0.500s motion_speed=6.855mps samples=173 range=[0.610,1.466] collision_tt=-1.000 ttc=-1.000 p=[0.000,0.000,0.000]
[perfect_drone_full_node-2] Publish local map size: 9714
[perfect_drone_full_node-2] [INFO] [1789407947.733542007] [fsm_node]:  -- [OPTIMIZER_PHASE_MEMORY] optimizer=backup event=begin call=101 rss_mib=3525.797 swap_mib=0.000 variables=18 pieces=2
[perfect_drone_full_node-2] [INFO] [1789407947.735313707] [fsm_node]:  -- [OPTIMIZER_PHASE_MEMORY] optimizer=backup event=end call=101 duration_ms=1.824 iterations=408 ret=1 rss_mib=3525.797 swap_mib=0.000 rss_delta_mib=0.000
[perfect_drone_full_node-2] [INFO] [1789407947.735385842] [fsm_node]:  -- [OPTIMIZER_PHASE_MEMORY] optimizer=backup event=begin call=102 rss_mib=3525.797 swap_mib=0.000 variables=18 pieces=2
[perfect_drone_full_node-2] [INFO] [1789407947.737441980] [fsm_node]:  -- [OPTIMIZER_PHASE_MEMORY] optimizer=backup event=end call=102 duration_ms=2.055 iterations=420 ret=1 rss_mib=3525.797 swap_mib=0.000 rss_delta_mib=0.000
[perfect_drone_full_node-2] [WARN] [1789407947.737477116] [fsm_node]:  -- [SUPER] in [ReplanOnce]: Replan overtime, check parameters, replan dt = 0.127401094.
[perfect_drone_full_node-2] [INFO] [1789407947.778901414] [fsm_node]:  -- [OPTIMIZER_PHASE_MEMORY] optimizer=exp event=begin call=64 rss_mib=3526.609 swap_mib=0.000 variables=13 pieces=4
[perfect_drone_full_node-2] [INFO] [1789407947.782132630] [fsm_node]:  -- [OPTIMIZER_PHASE_MEMORY] optimizer=exp event=end call=64 duration_ms=3.284 iterations=362 ret=1 rss_mib=3526.609 swap_mib=0.000 rss_delta_mib=0.000
[perfect_drone_full_node-2]  -- [TRAJ_GUARD_CERT] trigger=main_pre status=SAFE gen=27 map=202 map_age=0.016s map_age_limit=0.500s motion_speed=6.984mps samples=151 range=[0.720,1.466] collision_tt=-1.000 ttc=-1.000 p=[0.000,0.000,0.000]
[perfect_drone_full_node-2] Publish local map size: 8227
[perfect_drone_full_node-2] [INFO] [1789407947.878253889] [fsm_node]:  -- [OPTIMIZER_PHASE_MEMORY] optimizer=backup event=begin call=103 rss_mib=3528.047 swap_mib=0.000 variables=18 pieces=2
[perfect_drone_full_node-2] [INFO] [1789407947.880900354] [fsm_node]:  -- [OPTIMIZER_PHASE_MEMORY] optimizer=backup event=end call=103 duration_ms=2.692 iterations=511 ret=1 rss_mib=3528.047 swap_mib=0.000 rss_delta_mib=0.000
[perfect_drone_full_node-2] [INFO] [1789407947.880978328] [fsm_node]:  -- [OPTIMIZER_PHASE_MEMORY] optimizer=backup event=begin call=104 rss_mib=3528.047 swap_mib=0.000 variables=18 pieces=2
[perfect_drone_full_node-2] [INFO] [1789407947.885763541] [fsm_node]:  -- [OPTIMIZER_PHASE_MEMORY] optimizer=backup event=end call=104 duration_ms=4.784 iterations=707 ret=1 rss_mib=3528.047 swap_mib=0.000 rss_delta_mib=0.000
[perfect_drone_full_node-2] [WARN] [1789407947.885801405] [fsm_node]:  -- [SUPER] in [ReplanOnce]: Replan overtime, check parameters, replan dt = 0.14819819.
[perfect_drone_full_node-2]  -- [TRAJ_GUARD_CERT] trigger=main_pre status=SAFE gen=27 map=203 map_age=0.010s map_age_limit=0.500s motion_speed=7.000mps samples=133 range=[0.810,1.466] collision_tt=-1.000 ttc=-1.000 p=[0.000,0.000,0.000]
[perfect_drone_full_node-2] Publish local map size: 7668
[perfect_drone_full_node-2] [INFO] [1789407947.913890630] [fsm_node]:  -- [OPTIMIZER_PHASE_MEMORY] optimizer=exp event=begin call=65 rss_mib=3528.047 swap_mib=0.000 variables=9 pieces=3
[perfect_drone_full_node-2] [INFO] [1789407947.915715590] [fsm_node]:  -- [OPTIMIZER_PHASE_MEMORY] optimizer=exp event=end call=65 duration_ms=1.893 iterations=266 ret=1 rss_mib=3528.047 swap_mib=0.000 rss_delta_mib=0.000
[perfect_drone_full_node-2] [32m -- [Fsm 20.415] Current state: FOLLOW_TRAJ[0m
[perfect_drone_full_node-2] [WARN] [1789407948.011515312] [fsm_node]:  -- [SUPER] in [ReplanOnce]: Replan overtime, check parameters, replan dt = 0.125568275.
[perfect_drone_full_node-2]  -- [TRAJ_GUARD_CERT] trigger=main_pre status=SAFE gen=27 map=204 map_age=0.010s map_age_limit=0.500s motion_speed=6.986mps samples=113 range=[0.910,1.466] collision_tt=-1.000 ttc=-1.000 p=[0.000,0.000,0.000]
[perfect_drone_full_node-2] Publish local map size: 7382
[perfect_drone_full_node-2] [INFO] [1789407948.032582731] [fsm_node]:  -- [OPTIMIZER_PHASE_MEMORY] optimizer=exp event=begin call=66 rss_mib=3528.047 swap_mib=0.000 variables=9 pieces=3
[perfect_drone_full_node-2] [INFO] [1789407948.037540718] [fsm_node]:  -- [OPTIMIZER_PHASE_MEMORY] optimizer=exp event=end call=66 duration_ms=5.009 iterations=557 ret=1 rss_mib=3528.047 swap_mib=0.000 rss_delta_mib=0.000
[perfect_drone_full_node-2]  -- [TRAJ_GUARD_CERT] trigger=main_pre status=SAFE gen=27 map=205 map_age=0.008s map_age_limit=0.500s motion_speed=6.815mps samples=93 range=[1.010,1.466] collision_tt=-1.000 ttc=-1.000 p=[0.000,0.000,0.000]
[perfect_drone_full_node-2] Publish local map size: 7571
[perfect_drone_full_node-2] [WARN] [1789407948.119594990] [fsm_node]:  -- [SUPER] in [ReplanOnce]: Replan overtime, check parameters, replan dt = 0.10791952.
[perfect_drone_full_node-2] [INFO] [1789407948.141196545] [fsm_node]:  -- [OPTIMIZER_PHASE_MEMORY] optimizer=exp event=begin call=67 rss_mib=3528.047 swap_mib=0.000 variables=5 pieces=2
[perfect_drone_full_node-2] [INFO] [1789407948.141741319] [fsm_node]:  -- [OPTIMIZER_PHASE_MEMORY] optimizer=exp event=end call=67 duration_ms=0.620 iterations=110 ret=1 rss_mib=3528.047 swap_mib=0.000 rss_delta_mib=0.000
[perfect_drone_full_node-2] [INFO] [1789407948.194469998] [fsm_node]:  -- [TRAJ_GUARD_COMMIT] phase=ReplanOnce/no_backup gen=28 map=206 samples=214 range=[0.074,1.134] escape=false footprint_egress=false escape_done_tt=-1.000
[perfect_drone_full_node-2]  -- [TRAJ_GUARD_CERT] trigger=main_pre status=SAFE gen=27 map=206 map_age=0.011s map_age_limit=0.500s motion_speed=6.149mps samples=73 range=[1.110,1.466] collision_tt=-1.000 ttc=-1.000 p=[0.000,0.000,0.000]
[perfect_drone_full_node-2] [32m -- [Fsm] ReplanOnce succeed.[0m
[perfect_drone_full_node-2] [INFO] [1789407948.205833458] [fsm_node]:  -- [OPTIMIZER_PHASE_MEMORY] optimizer=exp event=begin call=68 rss_mib=3528.047 swap_mib=0.000 variables=9 pieces=3
[perfect_drone_full_node-2] [INFO] [1789407948.206550967] [fsm_node]:  -- [OPTIMIZER_PHASE_MEMORY] optimizer=exp event=end call=68 duration_ms=0.776 iterations=109 ret=1 rss_mib=3528.047 swap_mib=0.000 rss_delta_mib=0.000
[perfect_drone_full_node-2]  -- [TRAJ_GUARD_CERT] trigger=poly_publish status=SAFE gen=28 map=206 map_age=0.050s map_age_limit=0.500s motion_speed=5.677mps samples=213 range=[0.075,1.134] collision_tt=-1.000 ttc=-1.000 p=[0.000,0.000,0.000]
[perfect_drone_full_node-2] Publish local map size: 8911
[perfect_drone_full_node-2] [INFO] [1789407948.249827792] [fsm_node]:  -- [TRAJ_GUARD_COMMIT] phase=ReplanOnce/no_backup gen=29 map=207 samples=203 range=[0.055,1.057] escape=false footprint_egress=false escape_done_tt=-1.000
[perfect_drone_full_node-2] [32m -- [Fsm] ReplanOnce succeed.[0m
[perfect_drone_full_node-2] [INFO] [1789407948.260986478] [fsm_node]:  -- [OPTIMIZER_PHASE_MEMORY] optimizer=exp event=begin call=69 rss_mib=3528.047 swap_mib=0.000 variables=9 pieces=3
[perfect_drone_full_node-2] [INFO] [1789407948.261936459] [fsm_node]:  -- [OPTIMIZER_PHASE_MEMORY] optimizer=exp event=end call=69 duration_ms=1.000 iterations=142 ret=1 rss_mib=3528.047 swap_mib=0.000 rss_delta_mib=0.000
[perfect_drone_full_node-2] [INFO] [1789407948.298339690] [fsm_node]:  -- [TRAJ_GUARD_COMMIT] phase=ReplanOnce/no_backup gen=30 map=207 samples=193 range=[0.048,1.000] escape=false footprint_egress=false escape_done_tt=-1.000
[perfect_drone_full_node-2]  -- [TRAJ_GUARD_CERT] trigger=poly_publish status=SAFE gen=29 map=207 map_age=0.008s map_age_limit=0.500s motion_speed=4.758mps samples=202 range=[0.055,1.057] collision_tt=-1.000 ttc=-1.000 p=[0.000,0.000,0.000]
[perfect_drone_full_node-2] [32m -- [Fsm] ReplanOnce succeed.[0m
[perfect_drone_full_node-2]  -- [TRAJ_GUARD_CERT] trigger=poly_publish status=SAFE gen=30 map=207 map_age=0.056s map_age_limit=0.500s motion_speed=4.022mps samples=192 range=[0.048,1.000] collision_tt=-1.000 ttc=-1.000 p=[0.000,0.000,0.000]
[perfect_drone_full_node-2] Publish local map size: 9098
[perfect_drone_full_node-2] [INFO] [1789407948.314527170] [fsm_node]:  -- [OPTIMIZER_PHASE_MEMORY] optimizer=exp event=begin call=70 rss_mib=3528.047 swap_mib=0.000 variables=9 pieces=3
[perfect_drone_full_node-2] [INFO] [1789407948.315381324] [fsm_node]:  -- [OPTIMIZER_PHASE_MEMORY] optimizer=exp event=end call=70 duration_ms=0.907 iterations=130 ret=1 rss_mib=3528.047 swap_mib=0.000 rss_delta_mib=0.000
[perfect_drone_full_node-2] [INFO] [1789407948.348914997] [fsm_node]:  -- [TRAJ_GUARD_COMMIT] phase=ReplanOnce/no_backup gen=31 map=207 samples=180 range=[0.043,0.933] escape=false footprint_egress=false escape_done_tt=-1.000
[perfect_drone_full_node-2] [32m -- [Fsm] ReplanOnce succeed.[0m
[perfect_drone_full_node-2] [INFO] [1789407948.381345740] [fsm_node]:  -- [OPTIMIZER_PHASE_MEMORY] optimizer=exp event=begin call=71 rss_mib=3528.145 swap_mib=0.000 variables=5 pieces=2
[perfect_drone_full_node-2] [INFO] [1789407948.381664319] [fsm_node]:  -- [OPTIMIZER_PHASE_MEMORY] optimizer=exp event=end call=71 duration_ms=0.380 iterations=62 ret=1 rss_mib=3528.145 swap_mib=0.000 rss_delta_mib=0.000
[perfect_drone_full_node-2] [INFO] [1789407948.406903805] [fsm_node]:  -- [TRAJ_GUARD_COMMIT] phase=ReplanOnce/no_backup gen=32 map=208 samples=171 range=[0.036,0.879] escape=false footprint_egress=false escape_done_tt=-1.000
[perfect_drone_full_node-2]  -- [TRAJ_GUARD_CERT] trigger=poly_publish status=SAFE gen=31 map=207 map_age=0.107s map_age_limit=0.500s motion_speed=3.593mps samples=179 range=[0.044,0.933] collision_tt=-1.000 ttc=-1.000 p=[0.000,0.000,0.000]
[perfect_drone_full_node-2]  -- [TRAJ_GUARD_CERT] trigger=main_pre status=SAFE gen=31 map=208 map_age=0.010s map_age_limit=0.500s motion_speed=3.593mps samples=178 range=[0.050,0.933] collision_tt=-1.000 ttc=-1.000 p=[0.000,0.000,0.000]
[perfect_drone_full_node-2] [32m -- [Fsm] ReplanOnce succeed.[0m
[perfect_drone_full_node-2]  -- [TRAJ_GUARD_CERT] trigger=poly_publish status=SAFE gen=32 map=208 map_age=0.062s map_age_limit=0.500s motion_speed=3.594mps samples=170 range=[0.036,0.879] collision_tt=-1.000 ttc=-1.000 p=[0.000,0.000,0.000]
[perfect_drone_full_node-2] Publish local map size: 8567
[perfect_drone_full_node-2] [INFO] [1789407948.445539021] [fsm_node]:  -- [OPTIMIZER_PHASE_MEMORY] optimizer=exp event=begin call=72 rss_mib=3528.145 swap_mib=0.000 variables=5 pieces=2
[perfect_drone_full_node-2] [INFO] [1789407948.445965092] [fsm_node]:  -- [OPTIMIZER_PHASE_MEMORY] optimizer=exp event=end call=72 duration_ms=0.545 iterations=74 ret=1 rss_mib=3528.145 swap_mib=0.000 rss_delta_mib=0.000
[perfect_drone_full_node-2] [INFO] [1789407948.468630035] [fsm_node]:  -- [TRAJ_GUARD_COMMIT] phase=ReplanOnce/no_backup gen=33 map=209 samples=158 range=[0.031,0.810] escape=false footprint_egress=false escape_done_tt=-1.000
[perfect_drone_full_node-2]  -- [TRAJ_GUARD_CERT] trigger=main_pre status=SAFE gen=32 map=209 map_age=0.014s map_age_limit=0.500s motion_speed=3.880mps samples=160 range=[0.084,0.879] collision_tt=-1.000 ttc=-1.000 p=[0.000,0.000,0.000]
[perfect_drone_full_node-2] [32m -- [Fsm] ReplanOnce succeed.[0m
[perfect_drone_full_node-2] [INFO] [1789407948.512641898] [fsm_node]:  -- [OPTIMIZER_PHASE_MEMORY] optimizer=exp event=begin call=73 rss_mib=3528.145 swap_mib=0.000 variables=5 pieces=2
[perfect_drone_full_node-2] [INFO] [1789407948.513031345] [fsm_node]:  -- [OPTIMIZER_PHASE_MEMORY] optimizer=exp event=end call=73 duration_ms=0.463 iterations=80 ret=1 rss_mib=3528.145 swap_mib=0.000 rss_delta_mib=0.000
[perfect_drone_full_node-2]  -- [TRAJ_GUARD_CERT] trigger=poly_publish status=SAFE gen=33 map=209 map_age=0.027s map_age_limit=0.500s motion_speed=4.090mps samples=157 range=[0.031,0.810] collision_tt=-1.000 ttc=-1.000 p=[0.000,0.000,0.000]
[perfect_drone_full_node-2] Publish local map size: 9773
[perfect_drone_full_node-2] [INFO] [1789407948.530902024] [fsm_node]:  -- [TRAJ_GUARD_COMMIT] phase=ReplanOnce/no_backup gen=34 map=209 samples=145 range=[0.028,0.741] escape=false footprint_egress=false escape_done_tt=-1.000
[perfect_drone_full_node-2] [32m -- [Fsm] ReplanOnce succeed.[0m
[perfect_drone_full_node-2] [INFO] [1789407948.578903962] [fsm_node]:  -- [OPTIMIZER_PHASE_MEMORY] optimizer=exp event=begin call=74 rss_mib=3528.145 swap_mib=0.000 variables=5 pieces=2
[perfect_drone_full_node-2] [INFO] [1789407948.579968887] [fsm_node]:  -- [OPTIMIZER_PHASE_MEMORY] optimizer=exp event=end call=74 duration_ms=1.178 iterations=131 ret=1 rss_mib=3528.145 swap_mib=0.000 rss_delta_mib=0.000
[perfect_drone_full_node-2] [INFO] [1789407948.592700461] [fsm_node]:  -- [TRAJ_GUARD_COMMIT] phase=ReplanOnce/no_backup gen=35 map=210 samples=131 range=[0.023,0.667] escape=false footprint_egress=false escape_done_tt=-1.000
[perfect_drone_full_node-2]  -- [TRAJ_GUARD_CERT] trigger=poly_publish status=SAFE gen=34 map=209 map_age=0.089s map_age_limit=0.500s motion_speed=4.867mps samples=144 range=[0.028,0.741] collision_tt=-1.000 ttc=-1.000 p=[0.000,0.000,0.000]
[perfect_drone_full_node-2]  -- [TRAJ_GUARD_CERT] trigger=main_pre status=SAFE gen=34 map=210 map_age=0.014s map_age_limit=0.500s motion_speed=5.135mps samples=139 range=[0.052,0.741] collision_tt=-1.000 ttc=-1.000 p=[0.000,0.000,0.000]
[perfect_drone_full_node-2] [32m -- [Fsm] ReplanOnce succeed.[0m
[perfect_drone_full_node-2]  -- [TRAJ_GUARD_CERT] trigger=poly_publish status=SAFE gen=35 map=210 map_age=0.051s map_age_limit=0.500s motion_speed=5.620mps samples=130 range=[0.023,0.667] collision_tt=-1.000 ttc=-1.000 p=[0.000,0.000,0.000]
[perfect_drone_full_node-2] Publish local map size: 8791
[perfect_drone_full_node-2] [32m -- [Fsm] Get goal at [0m24.025000000000002 24.025000000000002  1.525000000000000
[perfect_drone_full_node-2] [32m -- [Fsm] Receive click goal at: [24.025000000000002 24.025000000000002  1.525000000000000]; goal yaw: 0.000000000000000 deg[0m
[perfect_drone_full_node-2] [INFO] [1789407948.640658814] [fsm_node]:  -- [OPTIMIZER_PHASE_MEMORY] optimizer=exp event=begin call=75 rss_mib=3528.145 swap_mib=0.000 variables=5 pieces=2
[perfect_drone_full_node-2] [INFO] [1789407948.641518665] [fsm_node]:  -- [OPTIMIZER_PHASE_MEMORY] optimizer=exp event=end call=75 duration_ms=0.911 iterations=105 ret=1 rss_mib=3528.145 swap_mib=0.000 rss_delta_mib=0.000
[perfect_drone_full_node-2] [INFO] [1789407948.653269519] [fsm_node]:  -- [TRAJ_GUARD_COMMIT] phase=ReplanOnce/no_backup gen=36 map=211 samples=119 range=[0.018,0.599] escape=false footprint_egress=false escape_done_tt=-1.000
[perfect_drone_full_node-2] [32m -- [Fsm] ReplanOnce succeed.[0m
[perfect_drone_full_node-2] [INFO] [1789407948.710953440] [fsm_node]:  -- [OPTIMIZER_PHASE_MEMORY] optimizer=exp event=begin call=76 rss_mib=3528.145 swap_mib=0.000 variables=5 pieces=2
[perfect_drone_full_node-2] [INFO] [1789407948.713407753] [fsm_node]:  -- [OPTIMIZER_PHASE_MEMORY] optimizer=exp event=end call=76 duration_ms=2.543 iterations=192 ret=1 rss_mib=3528.145 swap_mib=0.000 rss_delta_mib=0.000
[perfect_drone_full_node-2]  -- [TRAJ_GUARD_CERT] trigger=poly_publish status=SAFE gen=36 map=211 map_age=0.013s map_age_limit=0.500s motion_speed=6.127mps samples=118 range=[0.018,0.599] collision_tt=-1.000 ttc=-1.000 p=[0.000,0.000,0.000]
[perfect_drone_full_node-2] Publish local map size: 7919
[perfect_drone_full_node-2] [INFO] [1789407948.723518803] [fsm_node]:  -- [TRAJ_GUARD_COMMIT] phase=ReplanOnce/no_backup gen=37 map=211 samples=104 range=[0.022,0.532] escape=false footprint_egress=false escape_done_tt=-1.000
[perfect_drone_full_node-2] [32m -- [Fsm] ReplanOnce succeed.[0m
[perfect_drone_full_node-2]  -- [TRAJ_GUARD_CERT] trigger=poly_publish status=SAFE gen=37 map=211 map_age=0.083s map_age_limit=0.500s motion_speed=6.276mps samples=103 range=[0.022,0.532] collision_tt=-1.000 ttc=-1.000 p=[0.000,0.000,0.000]
[perfect_drone_full_node-2] [32m -- [Fsm] Get goal at [0m-23.975000000000001  24.025000000000002   1.525000000000000
[perfect_drone_full_node-2] [32m -- [Fsm] Receive click goal at: [-23.975000000000001  24.025000000000002   1.525000000000000]; goal yaw: 0.000000000000000 deg[0m
[perfect_drone_full_node-2] [INFO] [1789407948.783744370] [fsm_node]:  -- [OPTIMIZER_PHASE_MEMORY] optimizer=exp event=begin call=77 rss_mib=3528.145 swap_mib=0.000 variables=13 pieces=4
[perfect_drone_full_node-2] [INFO] [1789407948.786875562] [fsm_node]:  -- [OPTIMIZER_PHASE_MEMORY] optimizer=exp event=end call=77 duration_ms=3.188 iterations=396 ret=1 rss_mib=3528.145 swap_mib=0.000 rss_delta_mib=0.000
[perfect_drone_full_node-2]  -- [TRAJ_GUARD_CERT] trigger=main_pre status=SAFE gen=37 map=212 map_age=0.014s map_age_limit=0.500s motion_speed=6.181mps samples=97 range=[0.054,0.532] collision_tt=-1.000 ttc=-1.000 p=[0.000,0.000,0.000]
[perfect_drone_full_node-2]  -- [MARSIM] Running FPS: 212.019243714636531
[perfect_drone_full_node-2] Publish local map size: 8571
[perfect_drone_full_node-2] [INFO] [1789407948.854096247] [fsm_node]:  -- [TRAJ_GUARD_COMMIT] phase=ReplanOnce/no_backup gen=38 map=213 samples=351 range=[0.087,1.831] escape=false footprint_egress=false escape_done_tt=-1.000
[perfect_drone_full_node-2]  -- [TRAJ_GUARD_CERT] trigger=main_pre status=SAFE gen=37 map=213 map_age=0.007s map_age_limit=0.500s motion_speed=5.389mps samples=79 range=[0.144,0.532] collision_tt=-1.000 ttc=-1.000 p=[0.000,0.000,0.000]
[perfect_drone_full_node-2] [32m -- [Fsm] ReplanOnce succeed.[0m
[perfect_drone_full_node-2] [INFO] [1789407948.871954448] [fsm_node]:  -- [OPTIMIZER_PHASE_MEMORY] optimizer=exp event=begin call=78 rss_mib=3528.145 swap_mib=0.000 variables=13 pieces=4
[perfect_drone_full_node-2] [INFO] [1789407948.873621612] [fsm_node]:  -- [OPTIMIZER_PHASE_MEMORY] optimizer=exp event=end call=78 duration_ms=1.718 iterations=218 ret=1 rss_mib=3528.145 swap_mib=0.000 rss_delta_mib=0.000
[perfect_drone_full_node-2]  -- [TRAJ_GUARD_CERT] trigger=poly_publish status=SAFE gen=38 map=213 map_age=0.016s map_age_limit=0.500s motion_speed=5.389mps samples=350 range=[0.087,1.831] collision_tt=-1.000 ttc=-1.000 p=[0.000,0.000,0.000]
[perfect_drone_full_node-2] Publish local map size: 9345
[perfect_drone_full_node-2] [32m -- [Fsm 21.425] Current state: FOLLOW_TRAJ[0m
[perfect_drone_full_node-2] [WARN] [1789407948.948270812] [fsm_node]:  -- [SUPER] in [ReplanOnce]: Replan overtime, check parameters, replan dt = 0.093934539.
[perfect_drone_full_node-2] [INFO] [1789407948.971710780] [fsm_node]:  -- [OPTIMIZER_PHASE_MEMORY] optimizer=exp event=begin call=79 rss_mib=3528.145 swap_mib=0.000 variables=17 pieces=5
[perfect_drone_full_node-2] [INFO] [1789407948.976289820] [fsm_node]:  -- [OPTIMIZER_PHASE_MEMORY] optimizer=exp event=end call=79 duration_ms=4.611 iterations=392 ret=1 rss_mib=3528.145 swap_mib=0.000 rss_delta_mib=0.000
[perfect_drone_full_node-2] [WARN] [1789407948.976300288] [fsm_node]:  -- [ExpOpt] Opt failed, Omg or thr or Pos violation.
[perfect_drone_full_node-2] [WARN] [1789407948.976332443] [fsm_node]:  -- [SUPER] OptimizationExpTrajInPolytopes for new path failed
[perfect_drone_full_node-2] [WARN] [1789407948.976343431] [fsm_node]:  -- [SUPER] in [ReplanOnce]: GenerateExpTrajectory failed, force return
[perfect_drone_full_node-2]  -- [TRAJ_GUARD_CERT] trigger=main_pre status=SAFE gen=38 map=214 map_age=0.007s map_age_limit=0.500s motion_speed=3.810mps samples=332 range=[0.178,1.831] collision_tt=-1.000 ttc=-1.000 p=[0.000,0.000,0.000]
[perfect_drone_full_node-2] [33m -- [MINCO] TrajOpt failed, (unknown)[0m
[perfect_drone_full_node-2] [33m -- [SUPER] Minco exp_traj opt failed.[0m
[perfect_drone_full_node-2] [INFO] [1789407948.999661097] [fsm_node]:  -- [OPTIMIZER_PHASE_MEMORY] optimizer=exp event=begin call=80 rss_mib=3528.145 swap_mib=0.000 variables=17 pieces=5
[perfect_drone_full_node-2] [INFO] [1789407949.006373727] [fsm_node]:  -- [OPTIMIZER_PHASE_MEMORY] optimizer=exp event=end call=80 duration_ms=6.755 iterations=567 ret=1 rss_mib=3528.145 swap_mib=0.000 rss_delta_mib=0.000
[perfect_drone_full_node-2] Publish local map size: 9521
[perfect_drone_full_node-2] [INFO] [1789407949.093067777] [fsm_node]:  -- [OPTIMIZER_PHASE_MEMORY] optimizer=backup event=begin call=105 rss_mib=3528.145 swap_mib=0.000 variables=18 pieces=2
[perfect_drone_full_node-2] [INFO] [1789407949.094257430] [fsm_node]:  -- [OPTIMIZER_PHASE_MEMORY] optimizer=backup event=end call=105 duration_ms=1.235 iterations=287 ret=1 rss_mib=3528.145 swap_mib=0.000 rss_delta_mib=0.000
[perfect_drone_full_node-2] [INFO] [1789407949.094362009] [fsm_node]:  -- [OPTIMIZER_PHASE_MEMORY] optimizer=backup event=begin call=106 rss_mib=3528.145 swap_mib=0.000 variables=18 pieces=2
[perfect_drone_full_node-2] [INFO] [1789407949.095341838] [fsm_node]:  -- [OPTIMIZER_PHASE_MEMORY] optimizer=backup event=end call=106 duration_ms=0.979 iterations=220 ret=1 rss_mib=3528.145 swap_mib=0.000 rss_delta_mib=0.000
[perfect_drone_full_node-2] [WARN] [1789407949.095377074] [fsm_node]:  -- [SUPER] in [ReplanOnce]: Replan overtime, check parameters, replan dt = 0.118942814.
[perfect_drone_full_node-2]  -- [TRAJ_GUARD_CERT] trigger=main_pre status=SAFE gen=38 map=215 map_age=0.008s map_age_limit=0.550s motion_speed=1.968mps samples=312 range=[0.278,1.831] collision_tt=-1.000 ttc=-1.000 p=[0.000,0.000,0.000]
[perfect_drone_full_node-2] Publish local map size: 9585
[perfect_drone_full_node-2] [INFO] [1789407949.116098289] [fsm_node]:  -- [OPTIMIZER_PHASE_MEMORY] optimizer=exp event=begin call=81 rss_mib=3528.145 swap_mib=0.000 variables=17 pieces=5
[perfect_drone_full_node-2] [INFO] [1789407949.122175177] [fsm_node]:  -- [OPTIMIZER_PHASE_MEMORY] optimizer=exp event=end call=81 duration_ms=6.108 iterations=517 ret=1 rss_mib=3528.145 swap_mib=0.000 rss_delta_mib=0.000
[perfect_drone_full_node-2] [INFO] [1789407949.208436857] [fsm_node]:  -- [OPTIMIZER_PHASE_MEMORY] optimizer=backup event=begin call=107 rss_mib=3528.145 swap_mib=0.000 variables=18 pieces=2
[perfect_drone_full_node-2] [INFO] [1789407949.210772961] [fsm_node]:  -- [OPTIMIZER_PHASE_MEMORY] optimizer=backup event=end call=107 duration_ms=2.386 iterations=470 ret=1 rss_mib=3528.145 swap_mib=0.000 rss_delta_mib=0.000
[perfect_drone_full_node-2] [INFO] [1789407949.210850291] [fsm_node]:  -- [OPTIMIZER_PHASE_MEMORY] optimizer=backup event=begin call=108 rss_mib=3528.145 swap_mib=0.000 variables=18 pieces=2
[perfect_drone_full_node-2] [INFO] [1789407949.211252941] [fsm_node]:  -- [OPTIMIZER_PHASE_MEMORY] optimizer=backup event=end call=108 duration_ms=0.402 iterations=107 ret=1 rss_mib=3528.145 swap_mib=0.000 rss_delta_mib=0.000
[perfect_drone_full_node-2] [WARN] [1789407949.211284193] [fsm_node]:  -- [SUPER] in [ReplanOnce]: Replan overtime, check parameters, replan dt = 0.115754632.
[perfect_drone_full_node-2]  -- [TRAJ_GUARD_CERT] trigger=main_pre status=SAFE gen=38 map=216 map_age=0.008s map_age_limit=0.550s motion_speed=0.962mps samples=292 range=[0.378,1.831] collision_tt=-1.000 ttc=-1.000 p=[0.000,0.000,0.000]
[perfect_drone_full_node-2] Publish local map size: 9619
[perfect_drone_full_node-2] [INFO] [1789407949.231092358] [fsm_node]:  -- [OPTIMIZER_PHASE_MEMORY] optimizer=exp event=begin call=82 rss_mib=3528.145 swap_mib=0.000 variables=17 pieces=5
[perfect_drone_full_node-2] [INFO] [1789407949.236587569] [fsm_node]:  -- [OPTIMIZER_PHASE_MEMORY] optimizer=exp event=end call=82 duration_ms=5.541 iterations=478 ret=1 rss_mib=3528.145 swap_mib=0.000 rss_delta_mib=0.000
[perfect_drone_full_node-2]  -- [TRAJ_GUARD_CERT] trigger=main_pre status=SAFE gen=38 map=217 map_age=0.011s map_age_limit=0.550s motion_speed=2.285mps samples=272 range=[0.478,1.831] collision_tt=-1.000 ttc=-1.000 p=[0.000,0.000,0.000]
[perfect_drone_full_node-2] Publish local map size: 9918
[perfect_drone_full_node-2] [INFO] [1789407949.320975549] [fsm_node]:  -- [OPTIMIZER_PHASE_MEMORY] optimizer=backup event=begin call=109 rss_mib=3528.145 swap_mib=0.000 variables=18 pieces=2
[perfect_drone_full_node-2] [INFO] [1789407949.325805664] [fsm_node]:  -- [OPTIMIZER_PHASE_MEMORY] optimizer=backup event=end call=109 duration_ms=4.887 iterations=751 ret=1 rss_mib=3528.145 swap_mib=0.000 rss_delta_mib=0.000
[perfect_drone_full_node-2] [INFO] [1789407949.325878147] [fsm_node]:  -- [OPTIMIZER_PHASE_MEMORY] optimizer=backup event=begin call=110 rss_mib=3528.145 swap_mib=0.000 variables=18 pieces=2
[perfect_drone_full_node-2] [INFO] [1789407949.326246943] [fsm_node]:  -- [OPTIMIZER_PHASE_MEMORY] optimizer=backup event=end call=110 duration_ms=0.371 iterations=95 ret=1 rss_mib=3528.145 swap_mib=0.000 rss_delta_mib=0.000
[perfect_drone_full_node-2] [WARN] [1789407949.326275863] [fsm_node]:  -- [SUPER] in [ReplanOnce]: Replan overtime, check parameters, replan dt = 0.114838444.
[perfect_drone_full_node-2] [INFO] [1789407949.347502392] [fsm_node]:  -- [OPTIMIZER_PHASE_MEMORY] optimizer=exp event=begin call=83 rss_mib=3528.145 swap_mib=0.000 variables=17 pieces=5
[perfect_drone_full_node-2] [INFO] [1789407949.356217173] [fsm_node]:  -- [OPTIMIZER_PHASE_MEMORY] optimizer=exp event=end call=83 duration_ms=8.765 iterations=691 ret=1 rss_mib=3528.145 swap_mib=0.000 rss_delta_mib=0.000
[perfect_drone_full_node-2]  -- [TRAJ_GUARD_CERT] trigger=main_pre status=SAFE gen=38 map=218 map_age=0.010s map_age_limit=0.500s motion_speed=3.839mps samples=252 range=[0.578,1.831] collision_tt=-1.000 ttc=-1.000 p=[0.000,0.000,0.000]
[perfect_drone_full_node-2] Publish local map size: 10004
[perfect_drone_full_node-2] [INFO] [1789407949.438184454] [fsm_node]:  -- [OPTIMIZER_PHASE_MEMORY] optimizer=backup event=begin call=111 rss_mib=3528.145 swap_mib=0.000 variables=18 pieces=2
[perfect_drone_full_node-2] [INFO] [1789407949.441014166] [fsm_node]:  -- [OPTIMIZER_PHASE_MEMORY] optimizer=backup event=end call=111 duration_ms=2.872 iterations=545 ret=1 rss_mib=3528.145 swap_mib=0.000 rss_delta_mib=0.000
[perfect_drone_full_node-2] [INFO] [1789407949.441090120] [fsm_node]:  -- [OPTIMIZER_PHASE_MEMORY] optimizer=backup event=begin call=112 rss_mib=3528.145 swap_mib=0.000 variables=18 pieces=2
[perfect_drone_full_node-2] [INFO] [1789407949.443506398] [fsm_node]:  -- [OPTIMIZER_PHASE_MEMORY] optimizer=backup event=end call=112 duration_ms=2.411 iterations=462 ret=1 rss_mib=3528.145 swap_mib=0.000 rss_delta_mib=0.000
[perfect_drone_full_node-2] [WARN] [1789407949.443554820] [fsm_node]:  -- [SUPER] in [ReplanOnce]: Replan overtime, check parameters, replan dt = 0.117140204.
[perfect_drone_full_node-2] [INFO] [1789407949.463571896] [fsm_node]:  -- [OPTIMIZER_PHASE_MEMORY] optimizer=exp event=begin call=84 rss_mib=3528.145 swap_mib=0.000 variables=17 pieces=5
[perfect_drone_full_node-2] [INFO] [1789407949.468511120] [fsm_node]:  -- [OPTIMIZER_PHASE_MEMORY] optimizer=exp event=end call=84 duration_ms=4.958 iterations=437 ret=1 rss_mib=3528.145 swap_mib=0.000 rss_delta_mib=0.000
[perfect_drone_full_node-2]  -- [TRAJ_GUARD_CERT] trigger=main_pre status=SAFE gen=38 map=219 map_age=0.005s map_age_limit=0.500s motion_speed=5.182mps samples=232 range=[0.678,1.831] collision_tt=-1.000 ttc=-1.000 p=[0.000,0.000,0.000]
[perfect_drone_full_node-2] Publish local map size: 9747
[perfect_drone_full_node-2] [INFO] [1789407949.552673199] [fsm_node]:  -- [OPTIMIZER_PHASE_MEMORY] optimizer=backup event=begin call=113 rss_mib=3528.145 swap_mib=0.000 variables=18 pieces=2
[perfect_drone_full_node-2] [INFO] [1789407949.553490567] [fsm_node]:  -- [OPTIMIZER_PHASE_MEMORY] optimizer=backup event=end call=113 duration_ms=0.863 iterations=194 ret=1 rss_mib=3528.145 swap_mib=0.000 rss_delta_mib=0.000
[perfect_drone_full_node-2] [INFO] [1789407949.553557721] [fsm_node]:  -- [OPTIMIZER_PHASE_MEMORY] optimizer=backup event=begin call=114 rss_mib=3528.145 swap_mib=0.000 variables=18 pieces=2
[perfect_drone_full_node-2] [INFO] [1789407949.557083097] [fsm_node]:  -- [OPTIMIZER_PHASE_MEMORY] optimizer=backup event=end call=114 duration_ms=3.524 iterations=637 ret=1 rss_mib=3528.145 swap_mib=0.000 rss_delta_mib=0.000
[perfect_drone_full_node-2] [WARN] [1789407949.557112869] [fsm_node]:  -- [SUPER] in [ReplanOnce]: Replan overtime, check parameters, replan dt = 0.113382095.
[perfect_drone_full_node-2] [INFO] [1789407949.574302824] [fsm_node]:  -- [OPTIMIZER_PHASE_MEMORY] optimizer=exp event=begin call=85 rss_mib=3528.145 swap_mib=0.000 variables=17 pieces=5
[perfect_drone_full_node-2] [INFO] [1789407949.578260460] [fsm_node]:  -- [OPTIMIZER_PHASE_MEMORY] optimizer=exp event=end call=85 duration_ms=3.992 iterations=360 ret=1 rss_mib=3528.145 swap_mib=0.000 rss_delta_mib=0.000
[perfect_drone_full_node-2]  -- [TRAJ_GUARD_CERT] trigger=main_pre status=SAFE gen=38 map=220 map_age=0.007s map_age_limit=0.500s motion_speed=6.200mps samples=212 range=[0.778,1.831] collision_tt=-1.000 ttc=-1.000 p=[0.000,0.000,0.000]
[perfect_drone_full_node-2] Publish local map size: 9587
[perfect_drone_full_node-2] [INFO] [1789407949.656618504] [fsm_node]:  -- [OPTIMIZER_PHASE_MEMORY] optimizer=backup event=begin call=115 rss_mib=3528.145 swap_mib=0.000 variables=18 pieces=2
[perfect_drone_full_node-2] [INFO] [1789407949.659722954] [fsm_node]:  -- [OPTIMIZER_PHASE_MEMORY] optimizer=backup event=end call=115 duration_ms=3.153 iterations=666 ret=1 rss_mib=3528.145 swap_mib=0.000 rss_delta_mib=0.000
[perfect_drone_full_node-2] [INFO] [1789407949.659793997] [fsm_node]:  -- [OPTIMIZER_PHASE_MEMORY] optimizer=backup event=begin call=116 rss_mib=3528.145 swap_mib=0.000 variables=18 pieces=2
[perfect_drone_full_node-2] [INFO] [1789407949.662178445] [fsm_node]:  -- [OPTIMIZER_PHASE_MEMORY] optimizer=backup event=end call=116 duration_ms=2.384 iterations=560 ret=1 rss_mib=3528.145 swap_mib=0.000 rss_delta_mib=0.000
[perfect_drone_full_node-2] [WARN] [1789407949.662212169] [fsm_node]:  -- [SUPER] in [ReplanOnce]: Replan overtime, check parameters, replan dt = 0.105027833.
[perfect_drone_full_node-2] [INFO] [1789407949.679238520] [fsm_node]:  -- [OPTIMIZER_PHASE_MEMORY] optimizer=exp event=begin call=86 rss_mib=3528.145 swap_mib=0.000 variables=17 pieces=5
[perfect_drone_full_node-2] [INFO] [1789407949.691174347] [fsm_node]:  -- [OPTIMIZER_PHASE_MEMORY] optimizer=exp event=end call=86 duration_ms=11.993 iterations=932 ret=1 rss_mib=3528.145 swap_mib=0.000 rss_delta_mib=0.000
[perfect_drone_full_node-2]  -- [TRAJ_GUARD_CERT] trigger=main_pre status=SAFE gen=38 map=221 map_age=0.107s map_age_limit=0.500s motion_speed=6.808mps samples=192 range=[0.878,1.831] collision_tt=-1.000 ttc=-1.000 p=[0.000,0.000,0.000]
[perfect_drone_full_node-2] Publish local map size: 9493
[perfect_drone_full_node-2]  -- [TRAJ_GUARD_CERT] trigger=main_pre status=SAFE gen=38 map=222 map_age=0.014s map_age_limit=0.500s motion_speed=7.000mps samples=170 range=[0.988,1.831] collision_tt=-1.000 ttc=-1.000 p=[0.000,0.000,0.000]
[perfect_drone_full_node-2] [32m -- [Fsm] Get goal at [0m-23.975000000000001  24.025000000000002   1.525000000000000
[perfect_drone_full_node-2] [32m -- [Fsm] Receive click goal at: [-23.975000000000001  24.025000000000002   1.525000000000000]; goal yaw: 0.000000000000000 deg[0m
[perfect_drone_full_node-2] [INFO] [1789407949.765646122] [fsm_node]:  -- [OPTIMIZER_PHASE_MEMORY] optimizer=backup event=begin call=117 rss_mib=3528.145 swap_mib=0.000 variables=18 pieces=2
[perfect_drone_full_node-2] [INFO] [1789407949.766594649] [fsm_node]:  -- [OPTIMIZER_PHASE_MEMORY] optimizer=backup event=end call=117 duration_ms=0.983 iterations=231 ret=1 rss_mib=3528.145 swap_mib=0.000 rss_delta_mib=0.000
[perfect_drone_full_node-2] [INFO] [1789407949.766657229] [fsm_node]:  -- [OPTIMIZER_PHASE_MEMORY] optimizer=backup event=begin call=118 rss_mib=3528.145 swap_mib=0.000 variables=18 pieces=2
[perfect_drone_full_node-2] [INFO] [1789407949.770770679] [fsm_node]:  -- [OPTIMIZER_PHASE_MEMORY] optimizer=backup event=end call=118 duration_ms=4.111 iterations=729 ret=1 rss_mib=3528.145 swap_mib=0.000 rss_delta_mib=0.000
[perfect_drone_full_node-2] [WARN] [1789407949.770801853] [fsm_node]:  -- [SUPER] in [ReplanOnce]: Replan overtime, check parameters, replan dt = 0.108453512.
[perfect_drone_full_node-2] [INFO] [1789407949.783498518] [fsm_node]:  -- [OPTIMIZER_PHASE_MEMORY] optimizer=exp event=begin call=87 rss_mib=3528.145 swap_mib=0.000 variables=17 pieces=5
[perfect_drone_full_node-2] [INFO] [1789407949.793493027] [fsm_node]:  -- [OPTIMIZER_PHASE_MEMORY] optimizer=exp event=end call=87 duration_ms=10.042 iterations=849 ret=1 rss_mib=3528.145 swap_mib=0.000 rss_delta_mib=0.000
[perfect_drone_full_node-2] Publish local map size: 9595
[perfect_drone_full_node-2] [INFO] [1789407949.875226603] [fsm_node]:  -- [OPTIMIZER_PHASE_MEMORY] optimizer=backup event=begin call=119 rss_mib=3528.145 swap_mib=0.000 variables=18 pieces=2
[perfect_drone_full_node-2] [INFO] [1789407949.876168503] [fsm_node]:  -- [OPTIMIZER_PHASE_MEMORY] optimizer=backup event=end call=119 duration_ms=0.974 iterations=225 ret=1 rss_mib=3528.145 swap_mib=0.000 rss_delta_mib=0.000
[perfect_drone_full_node-2] [INFO] [1789407949.876233896] [fsm_node]:  -- [OPTIMIZER_PHASE_MEMORY] optimizer=backup event=begin call=120 rss_mib=3528.145 swap_mib=0.000 variables=18 pieces=2
[perfect_drone_full_node-2] [INFO] [1789407949.877689755] [fsm_node]:  -- [OPTIMIZER_PHASE_MEMORY] optimizer=backup event=end call=120 duration_ms=1.451 iterations=331 ret=1 rss_mib=3528.145 swap_mib=0.000 rss_delta_mib=0.000
[perfect_drone_full_node-2] [WARN] [1789407949.877725068] [fsm_node]:  -- [SUPER] in [ReplanOnce]: Replan overtime, check parameters, replan dt = 0.106748527.
[perfect_drone_full_node-2] [INFO] [1789407949.890199141] [fsm_node]:  -- [OPTIMIZER_PHASE_MEMORY] optimizer=exp event=begin call=88 rss_mib=3528.145 swap_mib=0.000 variables=17 pieces=5
[perfect_drone_full_node-2] [INFO] [1789407949.902200143] [fsm_node]:  -- [OPTIMIZER_PHASE_MEMORY] optimizer=exp event=end call=88 duration_ms=12.038 iterations=961 ret=1 rss_mib=3528.145 swap_mib=0.000 rss_delta_mib=0.000
[perfect_drone_full_node-2]  -- [TRAJ_GUARD_CERT] trigger=main_pre status=SAFE gen=38 map=223 map_age=0.006s map_age_limit=0.500s motion_speed=6.924mps samples=152 range=[1.078,1.831] collision_tt=-1.000 ttc=-1.000 p=[0.000,0.000,0.000]
[perfect_drone_full_node-2] Publish local map size: 9302
[perfect_drone_full_node-2] [32m -- [Fsm 22.425] Current state: FOLLOW_TRAJ[0m
[perfect_drone_full_node-2] [INFO] [1789407949.981215300] [fsm_node]:  -- [OPTIMIZER_PHASE_MEMORY] optimizer=backup event=begin call=121 rss_mib=3528.145 swap_mib=0.000 variables=18 pieces=2
[perfect_drone_full_node-2] [INFO] [1789407949.983825969] [fsm_node]:  -- [OPTIMIZER_PHASE_MEMORY] optimizer=backup event=end call=121 duration_ms=2.675 iterations=532 ret=1 rss_mib=3528.145 swap_mib=0.000 rss_delta_mib=0.000
[perfect_drone_full_node-2] [INFO] [1789407949.983896621] [fsm_node]:  -- [OPTIMIZER_PHASE_MEMORY] optimizer=backup event=begin call=122 rss_mib=3528.145 swap_mib=0.000 variables=18 pieces=2
[perfect_drone_full_node-2] [INFO] [1789407949.984447623] [fsm_node]:  -- [OPTIMIZER_PHASE_MEMORY] optimizer=backup event=end call=122 duration_ms=0.552 iterations=140 ret=1 rss_mib=3528.145 swap_mib=0.000 rss_delta_mib=0.000
[perfect_drone_full_node-2] [WARN] [1789407949.984476357] [fsm_node]:  -- [SUPER] in [ReplanOnce]: Replan overtime, check parameters, replan dt = 0.106630953.
[perfect_drone_full_node-2] [INFO] [1789407949.996999518] [fsm_node]:  -- [OPTIMIZER_PHASE_MEMORY] optimizer=exp event=begin call=89 rss_mib=3528.145 swap_mib=0.000 variables=17 pieces=5
[perfect_drone_full_node-2] [INFO] [1789407950.006754811] [fsm_node]:  -- [OPTIMIZER_PHASE_MEMORY] optimizer=exp event=end call=89 duration_ms=9.799 iterations=841 ret=1 rss_mib=3528.145 swap_mib=0.000 rss_delta_mib=0.000
[perfect_drone_full_node-2]  -- [TRAJ_GUARD_CERT] trigger=main_pre status=SAFE gen=38 map=224 map_age=0.015s map_age_limit=0.500s motion_speed=6.774mps samples=130 range=[1.188,1.831] collision_tt=-1.000 ttc=-1.000 p=[0.000,0.000,0.000]
[perfect_drone_full_node-2] Publish local map size: 8950
[perfect_drone_full_node-2] [INFO] [1789407950.084071057] [fsm_node]:  -- [OPTIMIZER_PHASE_MEMORY] optimizer=backup event=begin call=123 rss_mib=3528.145 swap_mib=0.000 variables=18 pieces=2
[perfect_drone_full_node-2] [INFO] [1789407950.085355652] [fsm_node]:  -- [OPTIMIZER_PHASE_MEMORY] optimizer=backup event=end call=123 duration_ms=1.323 iterations=328 ret=1 rss_mib=3528.145 swap_mib=0.000 rss_delta_mib=0.000
[perfect_drone_full_node-2] [INFO] [1789407950.085417902] [fsm_node]:  -- [OPTIMIZER_PHASE_MEMORY] optimizer=backup event=begin call=124 rss_mib=3528.145 swap_mib=0.000 variables=18 pieces=2
[perfect_drone_full_node-2] [INFO] [1789407950.087103931] [fsm_node]:  -- [OPTIMIZER_PHASE_MEMORY] optimizer=backup event=end call=124 duration_ms=1.687 iterations=392 ret=1 rss_mib=3528.145 swap_mib=0.000 rss_delta_mib=0.000
[perfect_drone_full_node-2] [WARN] [1789407950.087131986] [fsm_node]:  -- [SUPER] in [ReplanOnce]: Replan overtime, check parameters, replan dt = 0.102498271.
[perfect_drone_full_node-2] [INFO] [1789407950.099759194] [fsm_node]:  -- [OPTIMIZER_PHASE_MEMORY] optimizer=exp event=begin call=90 rss_mib=3528.145 swap_mib=0.000 variables=17 pieces=5
[perfect_drone_full_node-2] [INFO] [1789407950.103672178] [fsm_node]:  -- [OPTIMIZER_PHASE_MEMORY] optimizer=exp event=end call=90 duration_ms=3.962 iterations=369 ret=1 rss_mib=3528.145 swap_mib=0.000 rss_delta_mib=0.000
[perfect_drone_full_node-2]  -- [TRAJ_GUARD_CERT] trigger=main_pre status=SAFE gen=38 map=225 map_age=0.014s map_age_limit=0.500s motion_speed=6.557mps samples=110 range=[1.288,1.831] collision_tt=-1.000 ttc=-1.000 p=[0.000,0.000,0.000]
[perfect_drone_full_node-2] Publish local map size: 9249
[perfect_drone_full_node-2] [INFO] [1789407950.182264690] [fsm_node]:  -- [OPTIMIZER_PHASE_MEMORY] optimizer=backup event=begin call=125 rss_mib=3528.332 swap_mib=0.000 variables=18 pieces=2
[perfect_drone_full_node-2] [INFO] [1789407950.182978091] [fsm_node]:  -- [OPTIMIZER_PHASE_MEMORY] optimizer=backup event=end call=125 duration_ms=0.745 iterations=171 ret=1 rss_mib=3528.332 swap_mib=0.000 rss_delta_mib=0.000
[perfect_drone_full_node-2] [INFO] [1789407950.183042616] [fsm_node]:  -- [OPTIMIZER_PHASE_MEMORY] optimizer=backup event=begin call=126 rss_mib=3528.332 swap_mib=0.000 variables=18 pieces=2
[perfect_drone_full_node-2] [INFO] [1789407950.184915827] [fsm_node]:  -- [OPTIMIZER_PHASE_MEMORY] optimizer=backup event=end call=126 duration_ms=1.870 iterations=400 ret=1 rss_mib=3528.332 swap_mib=0.000 rss_delta_mib=0.000
[perfect_drone_full_node-2] [WARN] [1789407950.184945409] [fsm_node]:  -- [SUPER] in [ReplanOnce]: Replan overtime, check parameters, replan dt = 0.097692969.
[perfect_drone_full_node-2] [INFO] [1789407950.196840601] [fsm_node]:  -- [OPTIMIZER_PHASE_MEMORY] optimizer=exp event=begin call=91 rss_mib=3528.332 swap_mib=0.000 variables=13 pieces=4
[perfect_drone_full_node-2] [INFO] [1789407950.199119639] [fsm_node]:  -- [OPTIMIZER_PHASE_MEMORY] optimizer=exp event=end call=91 duration_ms=2.318 iterations=266 ret=1 rss_mib=3528.332 swap_mib=0.000 rss_delta_mib=0.000
[perfect_drone_full_node-2]  -- [TRAJ_GUARD_CERT] trigger=main_pre status=SAFE gen=38 map=226 map_age=0.013s map_age_limit=0.500s motion_speed=5.941mps samples=90 range=[1.388,1.831] collision_tt=-1.000 ttc=-1.000 p=[0.000,0.000,0.000]
[perfect_drone_full_node-2] Publish local map size: 10793
[perfect_drone_full_node-2] [INFO] [1789407950.274764191] [fsm_node]:  -- [OPTIMIZER_PHASE_MEMORY] optimizer=backup event=begin call=127 rss_mib=3528.613 swap_mib=0.000 variables=18 pieces=2
[perfect_drone_full_node-2] [INFO] [1789407950.276503712] [fsm_node]:  -- [OPTIMIZER_PHASE_MEMORY] optimizer=backup event=end call=127 duration_ms=1.782 iterations=447 ret=1 rss_mib=3528.613 swap_mib=0.000 rss_delta_mib=0.000
[perfect_drone_full_node-2] [INFO] [1789407950.276569095] [fsm_node]:  -- [OPTIMIZER_PHASE_MEMORY] optimizer=backup event=begin call=128 rss_mib=3528.613 swap_mib=0.000 variables=18 pieces=2
[perfect_drone_full_node-2] [INFO] [1789407950.277552684] [fsm_node]:  -- [OPTIMIZER_PHASE_MEMORY] optimizer=backup event=end call=128 duration_ms=0.980 iterations=250 ret=1 rss_mib=3528.613 swap_mib=0.000 rss_delta_mib=0.000
[perfect_drone_full_node-2] [WARN] [1789407950.277586309] [fsm_node]:  -- [SUPER] in [ReplanOnce]: Replan overtime, check parameters, replan dt = 0.092490601.
[perfect_drone_full_node-2] [INFO] [1789407950.288958393] [fsm_node]:  -- [OPTIMIZER_PHASE_MEMORY] optimizer=exp event=begin call=92 rss_mib=3528.613 swap_mib=0.000 variables=13 pieces=4
[perfect_drone_full_node-2] [INFO] [1789407950.290463850] [fsm_node]:  -- [OPTIMIZER_PHASE_MEMORY] optimizer=exp event=end call=92 duration_ms=1.541 iterations=186 ret=1 rss_mib=3528.613 swap_mib=0.000 rss_delta_mib=0.000
[perfect_drone_full_node-2]  -- [TRAJ_GUARD_CERT] trigger=main_pre status=SAFE gen=38 map=227 map_age=0.013s map_age_limit=0.500s motion_speed=4.613mps samples=70 range=[1.488,1.831] collision_tt=-1.000 ttc=-1.000 p=[0.000,0.000,0.000]
[perfect_drone_full_node-2] Publish local map size: 12466
[perfect_drone_full_node-2] [INFO] [1789407950.363629584] [fsm_node]:  -- [OPTIMIZER_PHASE_MEMORY] optimizer=backup event=begin call=129 rss_mib=3529.273 swap_mib=0.000 variables=18 pieces=2
[perfect_drone_full_node-2] [INFO] [1789407950.364449039] [fsm_node]:  -- [OPTIMIZER_PHASE_MEMORY] optimizer=backup event=end call=129 duration_ms=0.859 iterations=196 ret=1 rss_mib=3529.273 swap_mib=0.000 rss_delta_mib=0.000
[perfect_drone_full_node-2] [INFO] [1789407950.364514626] [fsm_node]:  -- [OPTIMIZER_PHASE_MEMORY] optimizer=backup event=begin call=130 rss_mib=3529.273 swap_mib=0.000 variables=18 pieces=2
[perfect_drone_full_node-2] [INFO] [1789407950.367457780] [fsm_node]:  -- [OPTIMIZER_PHASE_MEMORY] optimizer=backup event=end call=130 duration_ms=2.942 iterations=579 ret=1 rss_mib=3529.273 swap_mib=0.000 rss_delta_mib=0.000
[perfect_drone_full_node-2] [INFO] [1789407950.367821252] [fsm_node]:  -- [TRAJ_GUARD_COMMIT] phase=ReplanOnce/with_backup gen=39 map=228 samples=303 range=[0.090,1.591] escape=false footprint_egress=false escape_done_tt=-1.000
[perfect_drone_full_node-2]  -- [TRAJ_GUARD_CERT] trigger=main_pre status=SAFE gen=38 map=228 map_age=0.011s map_age_limit=0.540s motion_speed=2.706mps samples=50 range=[1.588,1.831] collision_tt=-1.000 ttc=-1.000 p=[0.000,0.000,0.000]
[perfect_drone_full_node-2] [32m -- [Fsm] ReplanOnce succeed.[0m
[perfect_drone_full_node-2] [INFO] [1789407950.387039093] [fsm_node]:  -- [OPTIMIZER_PHASE_MEMORY] optimizer=exp event=begin call=93 rss_mib=3529.273 swap_mib=0.000 variables=17 pieces=5
[perfect_drone_full_node-2] [INFO] [1789407950.389812704] [fsm_node]:  -- [OPTIMIZER_PHASE_MEMORY] optimizer=exp event=end call=93 duration_ms=2.817 iterations=273 ret=1 rss_mib=3529.273 swap_mib=0.000 rss_delta_mib=0.000
[perfect_drone_full_node-2]  -- [TRAJ_GUARD_CERT] trigger=poly_publish status=SAFE gen=39 map=228 map_age=0.023s map_age_limit=0.550s motion_speed=2.309mps samples=302 range=[0.090,1.591] collision_tt=-1.000 ttc=-1.000 p=[0.000,0.000,0.000]
[perfect_drone_full_node-2] Publish local map size: 12469
[perfect_drone_full_node-2] [INFO] [1789407950.472411761] [fsm_node]:  -- [OPTIMIZER_PHASE_MEMORY] optimizer=backup event=begin call=131 rss_mib=3529.273 swap_mib=0.000 variables=18 pieces=2
[perfect_drone_full_node-2] [INFO] [1789407950.475055908] [fsm_node]:  -- [OPTIMIZER_PHASE_MEMORY] optimizer=backup event=end call=131 duration_ms=2.693 iterations=565 ret=1 rss_mib=3529.273 swap_mib=0.000 rss_delta_mib=0.000
[perfect_drone_full_node-2] [INFO] [1789407950.475120906] [fsm_node]:  -- [OPTIMIZER_PHASE_MEMORY] optimizer=backup event=begin call=132 rss_mib=3529.273 swap_mib=0.000 variables=18 pieces=2
[perfect_drone_full_node-2] [INFO] [1789407950.477081131] [fsm_node]:  -- [OPTIMIZER_PHASE_MEMORY] optimizer=backup event=end call=132 duration_ms=1.960 iterations=411 ret=1 rss_mib=3529.273 swap_mib=0.000 rss_delta_mib=0.000
[perfect_drone_full_node-2] [WARN] [1789407950.477113905] [fsm_node]:  -- [SUPER] in [ReplanOnce]: Replan overtime, check parameters, replan dt = 0.109045386.
[perfect_drone_full_node-2] [INFO] [1789407950.495836356] [fsm_node]:  -- [OPTIMIZER_PHASE_MEMORY] optimizer=exp event=begin call=94 rss_mib=3529.273 swap_mib=0.000 variables=17 pieces=5
[perfect_drone_full_node-2] [INFO] [1789407950.501235663] [fsm_node]:  -- [OPTIMIZER_PHASE_MEMORY] optimizer=exp event=end call=94 duration_ms=5.463 iterations=481 ret=1 rss_mib=3529.273 swap_mib=0.000 rss_delta_mib=0.000
[perfect_drone_full_node-2]  -- [TRAJ_GUARD_CERT] trigger=main_pre status=SAFE gen=39 map=229 map_age=0.013s map_age_limit=0.550s motion_speed=0.973mps samples=284 range=[0.177,1.591] collision_tt=-1.000 ttc=-1.000 p=[0.000,0.000,0.000]
[perfect_drone_full_node-2] Publish local map size: 10299
[perfect_drone_full_node-2] [INFO] [1789407950.584680639] [fsm_node]:  -- [OPTIMIZER_PHASE_MEMORY] optimizer=backup event=begin call=133 rss_mib=3529.273 swap_mib=0.000 variables=18 pieces=2
[perfect_drone_full_node-2] [INFO] [1789407950.586299325] [fsm_node]:  -- [OPTIMIZER_PHASE_MEMORY] optimizer=backup event=end call=133 duration_ms=1.665 iterations=350 ret=1 rss_mib=3529.273 swap_mib=0.000 rss_delta_mib=0.000
[perfect_drone_full_node-2] [INFO] [1789407950.586366290] [fsm_node]:  -- [OPTIMIZER_PHASE_MEMORY] optimizer=backup event=begin call=134 rss_mib=3529.273 swap_mib=0.000 variables=18 pieces=2
[perfect_drone_full_node-2] [INFO] [1789407950.586707221] [fsm_node]:  -- [OPTIMIZER_PHASE_MEMORY] optimizer=backup event=end call=134 duration_ms=0.342 iterations=92 ret=1 rss_mib=3529.273 swap_mib=0.000 rss_delta_mib=0.000
[perfect_drone_full_node-2] [WARN] [1789407950.586739156] [fsm_node]:  -- [SUPER] in [ReplanOnce]: Replan overtime, check parameters, replan dt = 0.109492877.
[perfect_drone_full_node-2] [INFO] [1789407950.610513864] [fsm_node]:  -- [OPTIMIZER_PHASE_MEMORY] optimizer=exp event=begin call=95 rss_mib=3529.273 swap_mib=0.000 variables=17 pieces=5
[perfect_drone_full_node-2]  -- [TRAJ_GUARD_CERT] trigger=main_pre status=SAFE gen=39 map=230 map_age=0.010s map_age_limit=0.550s motion_speed=0.770mps samples=264 range=[0.277,1.591] collision_tt=-1.000 ttc=-1.000 p=[0.000,0.000,0.000]
[perfect_drone_full_node-2] Publish local map size: 11578
[perfect_drone_full_node-2] [INFO] [1789407950.615374798] [fsm_node]:  -- [OPTIMIZER_PHASE_MEMORY] optimizer=exp event=end call=95 duration_ms=4.907 iterations=435 ret=1 rss_mib=3529.273 swap_mib=0.000 rss_delta_mib=0.000
[perfect_drone_full_node-2] [INFO] [1789407950.713791759] [fsm_node]:  -- [OPTIMIZER_PHASE_MEMORY] optimizer=backup event=begin call=135 rss_mib=3529.273 swap_mib=0.000 variables=18 pieces=2
[perfect_drone_full_node-2]  -- [TRAJ_GUARD_CERT] trigger=main_pre status=SAFE gen=39 map=231 map_age=0.009s map_age_limit=0.550s motion_speed=2.109mps samples=244 range=[0.377,1.591] collision_tt=-1.000 ttc=-1.000 p=[0.000,0.000,0.000]
[perfect_drone_full_node-2] Publish local map size: 11930
[perfect_drone_full_node-2] [INFO] [1789407950.720012485] [fsm_node]:  -- [OPTIMIZER_PHASE_MEMORY] optimizer=backup event=end call=135 duration_ms=6.293 iterations=824 ret=1 rss_mib=3529.504 swap_mib=0.000 rss_delta_mib=0.230
[perfect_drone_full_node-2] [INFO] [1789407950.720105330] [fsm_node]:  -- [OPTIMIZER_PHASE_MEMORY] optimizer=backup event=begin call=136 rss_mib=3529.504 swap_mib=0.000 variables=18 pieces=2
[perfect_drone_full_node-2] [INFO] [1789407950.720672449] [fsm_node]:  -- [OPTIMIZER_PHASE_MEMORY] optimizer=backup event=end call=136 duration_ms=0.568 iterations=129 ret=1 rss_mib=3529.504 swap_mib=0.000 rss_delta_mib=0.000
[perfect_drone_full_node-2] [WARN] [1789407950.720708627] [fsm_node]:  -- [SUPER] in [ReplanOnce]: Replan overtime, check parameters, replan dt = 0.133815645.
[perfect_drone_full_node-2] [INFO] [1789407950.742535929] [fsm_node]:  -- [OPTIMIZER_PHASE_MEMORY] optimizer=exp event=begin call=96 rss_mib=3529.504 swap_mib=0.000 variables=17 pieces=5
[perfect_drone_full_node-2] [INFO] [1789407950.751391162] [fsm_node]:  -- [OPTIMIZER_PHASE_MEMORY] optimizer=exp event=end call=96 duration_ms=8.906 iterations=580 ret=1 rss_mib=3529.504 swap_mib=0.000 rss_delta_mib=0.000
[perfect_drone_full_node-2] [32m -- [Fsm] Get goal at [0m-23.975000000000001  24.025000000000002   1.525000000000000
[perfect_drone_full_node-2] [32m -- [Fsm] Receive click goal at: [-23.975000000000001  24.025000000000002   1.525000000000000]; goal yaw: 0.000000000000000 deg[0m
[perfect_drone_full_node-2]  -- [TRAJ_GUARD_CERT] trigger=main_pre status=SAFE gen=39 map=232 map_age=0.016s map_age_limit=0.500s motion_speed=4.209mps samples=222 range=[0.487,1.591] collision_tt=-1.000 ttc=-1.000 p=[0.000,0.000,0.000]
[perfect_drone_full_node-2] Publish local map size: 11776
[perfect_drone_full_node-2] [INFO] [1789407950.886494638] [fsm_node]:  -- [OPTIMIZER_PHASE_MEMORY] optimizer=backup event=begin call=137 rss_mib=3529.504 swap_mib=0.000 variables=18 pieces=2
[perfect_drone_full_node-2] [INFO] [1789407950.896840447] [fsm_node]:  -- [OPTIMIZER_PHASE_MEMORY] optimizer=backup event=end call=137 duration_ms=10.392 iterations=991 ret=1 rss_mib=3529.504 swap_mib=0.000 rss_delta_mib=0.000
[perfect_drone_full_node-2] [INFO] [1789407950.896966728] [fsm_node]:  -- [OPTIMIZER_PHASE_MEMORY] optimizer=backup event=begin call=138 rss_mib=3529.504 swap_mib=0.000 variables=18 pieces=2
[perfect_drone_full_node-2] [INFO] [1789407950.899232492] [fsm_node]:  -- [OPTIMIZER_PHASE_MEMORY] optimizer=backup event=end call=138 duration_ms=2.262 iterations=331 ret=1 rss_mib=3529.504 swap_mib=0.000 rss_delta_mib=0.000
[perfect_drone_full_node-2] [WARN] [1789407950.899283547] [fsm_node]:  -- [SUPER] in [ReplanOnce]: Replan overtime, check parameters, replan dt = 0.178405045.
[perfect_drone_full_node-2]  -- [TRAJ_GUARD_CERT] trigger=main_pre status=SAFE gen=39 map=233 map_age=0.010s map_age_limit=0.500s motion_speed=6.043mps samples=198 range=[0.607,1.591] collision_tt=-1.000 ttc=-1.000 p=[0.000,0.000,0.000]
[perfect_drone_full_node-2] Publish local map size: 11824
[perfect_drone_full_node-2] [INFO] [1789407950.917433215] [fsm_node]:  -- [OPTIMIZER_PHASE_MEMORY] optimizer=exp event=begin call=97 rss_mib=3529.504 swap_mib=0.000 variables=13 pieces=4
[perfect_drone_full_node-2] [INFO] [1789407950.922196253] [fsm_node]:  -- [OPTIMIZER_PHASE_MEMORY] optimizer=exp event=end call=97 duration_ms=4.810 iterations=363 ret=1 rss_mib=3529.504 swap_mib=0.000 rss_delta_mib=0.000
[perfect_drone_full_node-2] [32m -- [Fsm 23.435] Current state: FOLLOW_TRAJ[0m
[perfect_drone_full_node-2] [INFO] [1789407951.011141903] [fsm_node]:  -- [OPTIMIZER_PHASE_MEMORY] optimizer=backup event=begin call=139 rss_mib=3529.504 swap_mib=0.000 variables=18 pieces=2
[perfect_drone_full_node-2]  -- [TRAJ_GUARD_CERT] trigger=main_pre status=SAFE gen=39 map=234 map_age=0.006s map_age_limit=0.500s motion_speed=6.702mps samples=182 range=[0.687,1.591] collision_tt=-1.000 ttc=-1.000 p=[0.000,0.000,0.000]
[perfect_drone_full_node-2]  -- [MARSIM] Running FPS: 219.340
[perfect_drone_full_node-2] Publish local map size: 11226
[perfect_drone_full_node-2] [INFO] [1789407951.018912001] [fsm_node]:  -- [OPTIMIZER_PHASE_MEMORY] optimizer=backup event=end call=139 duration_ms=7.837 iterations=1070 ret=1 rss_mib=3529.504 swap_mib=0.000 rss_delta_mib=0.000
[perfect_drone_full_node-2] [INFO] [1789407951.019051794] [fsm_node]:  -- [OPTIMIZER_PHASE_MEMORY] optimizer=backup event=begin call=140 rss_mib=3529.504 swap_mib=0.000 variables=18 pieces=2
[perfect_drone_full_node-2] [INFO] [1789407951.021883252] [fsm_node]:  -- [OPTIMIZER_PHASE_MEMORY] optimizer=backup event=end call=140 duration_ms=2.812 iterations=433 ret=1 rss_mib=3529.504 swap_mib=0.000 rss_delta_mib=0.000
[perfect_drone_full_node-2] [WARN] [1789407951.021940319] [fsm_node]:  -- [SUPER] in [ReplanOnce]: Replan overtime, check parameters, replan dt = 0.122496934.
[perfect_drone_full_node-2] [INFO] [1789407951.037200777] [fsm_node]:  -- [OPTIMIZER_PHASE_MEMORY] optimizer=exp event=begin call=98 rss_mib=3529.504 swap_mib=0.000 variables=13 pieces=4
[perfect_drone_full_node-2] [INFO] [1789407951.054459866] [fsm_node]:  -- [OPTIMIZER_PHASE_MEMORY] optimizer=exp event=end call=98 duration_ms=17.237 iterations=1416 ret=1 rss_mib=3529.504 swap_mib=0.000 rss_delta_mib=0.000
[perfect_drone_full_node-2]  -- [TRAJ_GUARD_CERT] trigger=main_pre status=SAFE gen=39 map=235 map_age=0.007s map_age_limit=0.500s motion_speed=6.980mps samples=164 range=[0.777,1.591] collision_tt=-1.000 ttc=-1.000 p=[0.000,0.000,0.000]
[perfect_drone_full_node-2] Publish local map size: 10088
[perfect_drone_full_node-2] [INFO] [1789407951.143706806] [fsm_node]:  -- [OPTIMIZER_PHASE_MEMORY] optimizer=backup event=begin call=141 rss_mib=3529.504 swap_mib=0.000 variables=18 pieces=2
[perfect_drone_full_node-2] [INFO] [1789407951.145942845] [fsm_node]:  -- [OPTIMIZER_PHASE_MEMORY] optimizer=backup event=end call=141 duration_ms=2.314 iterations=481 ret=1 rss_mib=3529.504 swap_mib=0.000 rss_delta_mib=0.000
[perfect_drone_full_node-2] [INFO] [1789407951.146023493] [fsm_node]:  -- [OPTIMIZER_PHASE_MEMORY] optimizer=backup event=begin call=142 rss_mib=3529.504 swap_mib=0.000 variables=18 pieces=2
[perfect_drone_full_node-2] [INFO] [1789407951.148795153] [fsm_node]:  -- [OPTIMIZER_PHASE_MEMORY] optimizer=backup event=end call=142 duration_ms=2.773 iterations=512 ret=1 rss_mib=3529.504 swap_mib=0.000 rss_delta_mib=0.000
[perfect_drone_full_node-2] [WARN] [1789407951.148826371] [fsm_node]:  -- [SUPER] in [ReplanOnce]: Replan overtime, check parameters, replan dt = 0.126744235.
[perfect_drone_full_node-2] [INFO] [1789407951.162617946] [fsm_node]:  -- [OPTIMIZER_PHASE_MEMORY] optimizer=exp event=begin call=99 rss_mib=3529.504 swap_mib=0.000 variables=13 pieces=4
[perfect_drone_full_node-2] [INFO] [1789407951.167071697] [fsm_node]:  -- [OPTIMIZER_PHASE_MEMORY] optimizer=exp event=end call=99 duration_ms=4.474 iterations=429 ret=1 rss_mib=3529.504 swap_mib=0.000 rss_delta_mib=0.000
[perfect_drone_full_node-2]  -- [TRAJ_GUARD_CERT] trigger=main_pre status=SAFE gen=39 map=236 map_age=0.007s map_age_limit=0.500s motion_speed=6.981mps samples=146 range=[0.867,1.591] collision_tt=-1.000 ttc=-1.000 p=[0.000,0.000,0.000]
[perfect_drone_full_node-2] Publish local map size: 9426
[perfect_drone_full_node-2] [INFO] [1789407951.242012808] [fsm_node]:  -- [OPTIMIZER_PHASE_MEMORY] optimizer=backup event=begin call=143 rss_mib=3529.504 swap_mib=0.000 variables=18 pieces=2
[perfect_drone_full_node-2] [INFO] [1789407951.243228136] [fsm_node]:  -- [OPTIMIZER_PHASE_MEMORY] optimizer=backup event=end call=143 duration_ms=1.270 iterations=230 ret=1 rss_mib=3529.504 swap_mib=0.000 rss_delta_mib=0.000
[perfect_drone_full_node-2] [INFO] [1789407951.243358556] [fsm_node]:  -- [OPTIMIZER_PHASE_MEMORY] optimizer=backup event=begin call=144 rss_mib=3529.504 swap_mib=0.000 variables=18 pieces=2
[perfect_drone_full_node-2] [INFO] [1789407951.244299569] [fsm_node]:  -- [OPTIMIZER_PHASE_MEMORY] optimizer=backup event=end call=144 duration_ms=0.941 iterations=195 ret=1 rss_mib=3529.504 swap_mib=0.000 rss_delta_mib=0.000
[perfect_drone_full_node-2] [WARN] [1789407951.244370181] [fsm_node]:  -- [SUPER] in [ReplanOnce]: Replan overtime, check parameters, replan dt = 0.095393189.
[perfect_drone_full_node-2] [INFO] [1789407951.258575751] [fsm_node]:  -- [OPTIMIZER_PHASE_MEMORY] optimizer=exp event=begin call=100 rss_mib=3529.504 swap_mib=0.000 variables=17 pieces=5
[perfect_drone_full_node-2] [INFO] [1789407951.266563808] [fsm_node]:  -- [OPTIMIZER_PHASE_MEMORY] optimizer=exp event=end call=100 duration_ms=8.017 iterations=646 ret=1 rss_mib=3529.504 swap_mib=0.000 rss_delta_mib=0.000
[perfect_drone_full_node-2]  -- [TRAJ_GUARD_CERT] trigger=replan_post status=SAFE gen=39 map=237 map_age=0.007s map_age_limit=0.500s motion_speed=6.927mps samples=126 range=[0.967,1.591] collision_tt=-1.000 ttc=-1.000 p=[0.000,0.000,0.000]
[perfect_drone_full_node-2] Publish local map size: 8908
[perfect_drone_full_node-2] [INFO] [1789407951.341121004] [fsm_node]:  -- [OPTIMIZER_PHASE_MEMORY] optimizer=backup event=begin call=145 rss_mib=3529.504 swap_mib=0.000 variables=18 pieces=2
[perfect_drone_full_node-2] [INFO] [1789407951.343710222] [fsm_node]:  -- [OPTIMIZER_PHASE_MEMORY] optimizer=backup event=end call=145 duration_ms=2.638 iterations=472 ret=1 rss_mib=3529.504 swap_mib=0.000 rss_delta_mib=0.000
[perfect_drone_full_node-2] [INFO] [1789407951.343845821] [fsm_node]:  -- [OPTIMIZER_PHASE_MEMORY] optimizer=backup event=begin call=146 rss_mib=3529.504 swap_mib=0.000 variables=18 pieces=2
[perfect_drone_full_node-2] [INFO] [1789407951.344954962] [fsm_node]:  -- [OPTIMIZER_PHASE_MEMORY] optimizer=backup event=end call=146 duration_ms=1.114 iterations=222 ret=1 rss_mib=3529.504 swap_mib=0.000 rss_delta_mib=0.000
[perfect_drone_full_node-2] [WARN] [1789407951.345048665] [fsm_node]:  -- [SUPER] in [ReplanOnce]: Replan overtime, check parameters, replan dt = 0.100432936.
[perfect_drone_full_node-2] [INFO] [1789407951.358188397] [fsm_node]:  -- [OPTIMIZER_PHASE_MEMORY] optimizer=exp event=begin call=101 rss_mib=3529.504 swap_mib=0.000 variables=17 pieces=5
[perfect_drone_full_node-2] [INFO] [1789407951.366551620] [fsm_node]:  -- [OPTIMIZER_PHASE_MEMORY] optimizer=exp event=end call=101 duration_ms=8.382 iterations=673 ret=1 rss_mib=3529.504 swap_mib=0.000 rss_delta_mib=0.000
[perfect_drone_full_node-2]  -- [TRAJ_GUARD_CERT] trigger=replan_post status=SAFE gen=39 map=238 map_age=0.009s map_age_limit=0.500s motion_speed=6.969mps samples=106 range=[1.067,1.591] collision_tt=-1.000 ttc=-1.000 p=[0.000,0.000,0.000]
[perfect_drone_full_node-2] Publish local map size: 8701
[perfect_drone_full_node-2] [INFO] [1789407951.437138574] [fsm_node]:  -- [OPTIMIZER_PHASE_MEMORY] optimizer=backup event=begin call=147 rss_mib=3529.504 swap_mib=0.000 variables=18 pieces=2
[perfect_drone_full_node-2] [INFO] [1789407951.443283729] [fsm_node]:  -- [OPTIMIZER_PHASE_MEMORY] optimizer=backup event=end call=147 duration_ms=6.209 iterations=983 ret=1 rss_mib=3529.504 swap_mib=0.000 rss_delta_mib=0.000
[perfect_drone_full_node-2] [INFO] [1789407951.443433833] [fsm_node]:  -- [OPTIMIZER_PHASE_MEMORY] optimizer=backup event=begin call=148 rss_mib=3529.504 swap_mib=0.000 variables=18 pieces=2
[perfect_drone_full_node-2] [INFO] [1789407951.446146389] [fsm_node]:  -- [OPTIMIZER_PHASE_MEMORY] optimizer=backup event=end call=148 duration_ms=2.719 iterations=497 ret=1 rss_mib=3529.504 swap_mib=0.000 rss_delta_mib=0.000
[perfect_drone_full_node-2] [WARN] [1789407951.446212117] [fsm_node]:  -- [SUPER] in [ReplanOnce]: Replan overtime, check parameters, replan dt = 0.10093444.
[perfect_drone_full_node-2] [INFO] [1789407951.458162800] [fsm_node]:  -- [OPTIMIZER_PHASE_MEMORY] optimizer=exp event=begin call=102 rss_mib=3529.504 swap_mib=0.000 variables=17 pieces=5
[perfect_drone_full_node-2] [INFO] [1789407951.462355112] [fsm_node]:  -- [OPTIMIZER_PHASE_MEMORY] optimizer=exp event=end call=102 duration_ms=4.195 iterations=376 ret=1 rss_mib=3529.504 swap_mib=0.000 rss_delta_mib=0.000
[perfect_drone_full_node-2]  -- [TRAJ_GUARD_CERT] trigger=main_pre status=SAFE gen=39 map=239 map_age=0.011s map_age_limit=0.500s motion_speed=6.750mps samples=86 range=[1.167,1.591] collision_tt=-1.000 ttc=-1.000 p=[0.000,0.000,0.000]
[perfect_drone_full_node-2] Publish local map size: 11208
[perfect_drone_full_node-2] [INFO] [1789407951.532922427] [fsm_node]:  -- [OPTIMIZER_PHASE_MEMORY] optimizer=backup event=begin call=149 rss_mib=3529.504 swap_mib=0.000 variables=18 pieces=2
[perfect_drone_full_node-2] [INFO] [1789407951.534379225] [fsm_node]:  -- [OPTIMIZER_PHASE_MEMORY] optimizer=backup event=end call=149 duration_ms=1.509 iterations=277 ret=1 rss_mib=3529.504 swap_mib=0.000 rss_delta_mib=0.000
[perfect_drone_full_node-2] [INFO] [1789407951.534509374] [fsm_node]:  -- [OPTIMIZER_PHASE_MEMORY] optimizer=backup event=begin call=150 rss_mib=3529.504 swap_mib=0.000 variables=18 pieces=2
[perfect_drone_full_node-2] [INFO] [1789407951.535195442] [fsm_node]:  -- [OPTIMIZER_PHASE_MEMORY] optimizer=backup event=end call=150 duration_ms=0.690 iterations=140 ret=1 rss_mib=3529.504 swap_mib=0.000 rss_delta_mib=0.000
[perfect_drone_full_node-2] [INFO] [1789407951.535605760] [fsm_node]:  -- [TRAJ_GUARD_COMMIT] phase=ReplanOnce/with_backup gen=40 map=239 samples=265 range=[0.089,1.401] escape=false footprint_egress=false escape_done_tt=-1.000
[perfect_drone_full_node-2] [32m -- [Fsm] ReplanOnce succeed.[0m
[perfect_drone_full_node-2] [INFO] [1789407951.555570379] [fsm_node]:  -- [OPTIMIZER_PHASE_MEMORY] optimizer=exp event=begin call=103 rss_mib=3529.504 swap_mib=0.000 variables=17 pieces=5
[perfect_drone_full_node-2] [INFO] [1789407951.559972208] [fsm_node]:  -- [OPTIMIZER_PHASE_MEMORY] optimizer=exp event=end call=103 duration_ms=4.442 iterations=383 ret=1 rss_mib=3529.504 swap_mib=0.000 rss_delta_mib=0.000
[perfect_drone_full_node-2]  -- [TRAJ_GUARD_CERT] trigger=poly_publish status=SAFE gen=40 map=239 map_age=0.101s map_age_limit=0.500s motion_speed=5.078mps samples=264 range=[0.089,1.401] collision_tt=-1.000 ttc=-1.000 p=[0.000,0.000,0.000]
[perfect_drone_full_node-2]  -- [TRAJ_GUARD_CERT] trigger=main_pre status=SAFE gen=40 map=240 map_age=0.010s map_age_limit=0.500s motion_speed=5.078mps samples=262 range=[0.099,1.401] collision_tt=-1.000 ttc=-1.000 p=[0.000,0.000,0.000]
[perfect_drone_full_node-2] Publish local map size: 10477
[perfect_drone_full_node-2] [INFO] [1789407951.638592088] [fsm_node]:  -- [OPTIMIZER_PHASE_MEMORY] optimizer=backup event=begin call=151 rss_mib=3529.504 swap_mib=0.000 variables=18 pieces=2
[perfect_drone_full_node-2] [INFO] [1789407951.640192091] [fsm_node]:  -- [OPTIMIZER_PHASE_MEMORY] optimizer=backup event=end call=151 duration_ms=1.645 iterations=303 ret=1 rss_mib=3529.504 swap_mib=0.000 rss_delta_mib=0.000
[perfect_drone_full_node-2] [INFO] [1789407951.640343322] [fsm_node]:  -- [OPTIMIZER_PHASE_MEMORY] optimizer=backup event=begin call=152 rss_mib=3529.504 swap_mib=0.000 variables=18 pieces=2
[perfect_drone_full_node-2] [INFO] [1789407951.642879657] [fsm_node]:  -- [OPTIMIZER_PHASE_MEMORY] optimizer=backup event=end call=152 duration_ms=2.540 iterations=454 ret=1 rss_mib=3529.504 swap_mib=0.000 rss_delta_mib=0.000
[perfect_drone_full_node-2] [WARN] [1789407951.642945347] [fsm_node]:  -- [SUPER] in [ReplanOnce]: Replan overtime, check parameters, replan dt = 0.106962593.
[perfect_drone_full_node-2] [INFO] [1789407951.661374234] [fsm_node]:  -- [OPTIMIZER_PHASE_MEMORY] optimizer=exp event=begin call=104 rss_mib=3529.504 swap_mib=0.000 variables=17 pieces=5
[perfect_drone_full_node-2] [INFO] [1789407951.667897052] [fsm_node]:  -- [OPTIMIZER_PHASE_MEMORY] optimizer=exp event=end call=104 duration_ms=6.542 iterations=554 ret=1 rss_mib=3529.504 swap_mib=0.000 rss_delta_mib=0.000
[perfect_drone_full_node-2]  -- [TRAJ_GUARD_CERT] trigger=replan_post status=SAFE gen=40 map=241 map_age=0.006s map_age_limit=0.504s motion_speed=3.425mps samples=242 range=[0.197,1.401] collision_tt=-1.000 ttc=-1.000 p=[0.000,0.000,0.000]
[perfect_drone_full_node-2] Publish local map size: 8979
[perfect_drone_full_node-2] [INFO] [1789407951.751726162] [fsm_node]:  -- [OPTIMIZER_PHASE_MEMORY] optimizer=backup event=begin call=153 rss_mib=3529.504 swap_mib=0.000 variables=18 pieces=2
[perfect_drone_full_node-2] [INFO] [1789407951.753958471] [fsm_node]:  -- [OPTIMIZER_PHASE_MEMORY] optimizer=backup event=end call=153 duration_ms=2.273 iterations=411 ret=1 rss_mib=3529.504 swap_mib=0.000 rss_delta_mib=0.000
[perfect_drone_full_node-2] [INFO] [1789407951.754083594] [fsm_node]:  -- [OPTIMIZER_PHASE_MEMORY] optimizer=backup event=begin call=154 rss_mib=3529.504 swap_mib=0.000 variables=18 pieces=2
[perfect_drone_full_node-2] [INFO] [1789407951.755679348] [fsm_node]:  -- [OPTIMIZER_PHASE_MEMORY] optimizer=backup event=end call=154 duration_ms=1.598 iterations=322 ret=1 rss_mib=3529.504 swap_mib=0.000 rss_delta_mib=0.000
[perfect_drone_full_node-2] [WARN] [1789407951.755738258] [fsm_node]:  -- [SUPER] in [ReplanOnce]: Replan overtime, check parameters, replan dt = 0.112591433.
[perfect_drone_full_node-2]  -- [TRAJ_GUARD_CERT] trigger=main_pre status=SAFE gen=40 map=242 map_age=0.010s map_age_limit=0.523s motion_speed=3.040mps samples=222 range=[0.299,1.401] collision_tt=-1.000 ttc=-1.000 p=[0.000,0.000,0.000]
[perfect_drone_full_node-2] [32m -- [Fsm] Get goal at [0m-23.975000000000001  24.025000000000002   1.525000000000000
[perfect_drone_full_node-2] [32m -- [Fsm] Receive click goal at: [-23.975000000000001  24.025000000000002   1.525000000000000]; goal yaw: 0.000000000000000 deg[0m
[perfect_drone_full_node-2] [INFO] [1789407951.774513209] [fsm_node]:  -- [OPTIMIZER_PHASE_MEMORY] optimizer=exp event=begin call=105 rss_mib=3529.504 swap_mib=0.000 variables=17 pieces=5
[perfect_drone_full_node-2] [INFO] [1789407951.777625699] [fsm_node]:  -- [OPTIMIZER_PHASE_MEMORY] optimizer=exp event=end call=105 duration_ms=3.128 iterations=269 ret=1 rss_mib=3529.504 swap_mib=0.000 rss_delta_mib=0.000
[perfect_drone_full_node-2] Publish local map size: 11098
[perfect_drone_full_node-2] [INFO] [1789407951.859913347] [fsm_node]:  -- [OPTIMIZER_PHASE_MEMORY] optimizer=backup event=begin call=155 rss_mib=3529.504 swap_mib=0.000 variables=18 pieces=2
[perfect_drone_full_node-2] [INFO] [1789407951.861089876] [fsm_node]:  -- [OPTIMIZER_PHASE_MEMORY] optimizer=backup event=end call=155 duration_ms=1.210 iterations=234 ret=1 rss_mib=3529.504 swap_mib=0.000 rss_delta_mib=0.000
[perfect_drone_full_node-2] [INFO] [1789407951.861226281] [fsm_node]:  -- [OPTIMIZER_PHASE_MEMORY] optimizer=backup event=begin call=156 rss_mib=3529.504 swap_mib=0.000 variables=18 pieces=2
[perfect_drone_full_node-2] [INFO] [1789407951.862844972] [fsm_node]:  -- [OPTIMIZER_PHASE_MEMORY] optimizer=backup event=end call=156 duration_ms=1.624 iterations=359 ret=1 rss_mib=3529.504 swap_mib=0.000 rss_delta_mib=0.000
[perfect_drone_full_node-2] [WARN] [1789407951.862905715] [fsm_node]:  -- [SUPER] in [ReplanOnce]: Replan overtime, check parameters, replan dt = 0.107008277.
[perfect_drone_full_node-2] [INFO] [1789407951.876114249] [fsm_node]:  -- [OPTIMIZER_PHASE_MEMORY] optimizer=exp event=begin call=106 rss_mib=3529.504 swap_mib=0.000 variables=17 pieces=5
[perfect_drone_full_node-2]  -- [TRAJ_GUARD_CERT] trigger=main_pre status=SAFE gen=40 map=243 map_age=0.008s map_age_limit=0.500s motion_speed=4.138mps samples=202 range=[0.399,1.401] collision_tt=-1.000 ttc=-1.000 p=[0.000,0.000,0.000]
[perfect_drone_full_node-2] Publish local map size: 13222
[perfect_drone_full_node-2] [INFO] [1789407951.930440177] [fsm_node]:  -- [OPTIMIZER_PHASE_MEMORY] optimizer=exp event=end call=106 duration_ms=54.304 iterations=4378 ret=-1008 rss_mib=3529.504 swap_mib=0.000 rss_delta_mib=0.000
[perfect_drone_full_node-2] [WARN] [1789407951.930490452] [fsm_node]:  -- [SUPER] OptimizationExpTrajInPolytopes for new path failed
[perfect_drone_full_node-2] [WARN] [1789407951.930501830] [fsm_node]:  -- [SUPER] in [ReplanOnce]: GenerateExpTrajectory failed, force return
[perfect_drone_full_node-2] [33m -- [MINCO] TrajOpt failed, The algorithm routine reaches the maximum number of iterations.[0m
[perfect_drone_full_node-2] [33m -- [SUPER] Minco exp_traj opt failed.[0m
[perfect_drone_full_node-2] [INFO] [1789407951.944562106] [fsm_node]:  -- [OPTIMIZER_PHASE_MEMORY] optimizer=exp event=begin call=107 rss_mib=3529.504 swap_mib=0.000 variables=17 pieces=5
[perfect_drone_full_node-2]  -- [TRAJ_GUARD_CERT] trigger=main_pre status=SAFE gen=40 map=244 map_age=0.006s map_age_limit=0.500s motion_speed=5.697mps samples=182 range=[0.499,1.401] collision_tt=-1.000 ttc=-1.000 p=[0.000,0.000,0.000]
[perfect_drone_full_node-2] [32m -- [Fsm 24.436] Current state: FOLLOW_TRAJ[0m
[perfect_drone_full_node-2] [INFO] [1789407951.953405461] [fsm_node]:  -- [OPTIMIZER_PHASE_MEMORY] optimizer=exp event=end call=107 duration_ms=8.914 iterations=678 ret=1 rss_mib=3529.504 swap_mib=0.000 rss_delta_mib=0.000
[perfect_drone_full_node-2] Publish local map size: 11330
[perfect_drone_full_node-2] [INFO] [1789407952.039631209] [fsm_node]:  -- [OPTIMIZER_PHASE_MEMORY] optimizer=backup event=begin call=157 rss_mib=3529.504 swap_mib=0.000 variables=18 pieces=2
[perfect_drone_full_node-2] [INFO] [1789407952.050424812] [fsm_node]:  -- [OPTIMIZER_PHASE_MEMORY] optimizer=backup event=end call=157 duration_ms=10.825 iterations=1405 ret=1 rss_mib=3529.504 swap_mib=0.000 rss_delta_mib=0.000
[perfect_drone_full_node-2] [INFO] [1789407952.050508887] [fsm_node]:  -- [OPTIMIZER_PHASE_MEMORY] optimizer=backup event=begin call=158 rss_mib=3529.504 swap_mib=0.000 variables=18 pieces=2
[perfect_drone_full_node-2] [INFO] [1789407952.053795142] [fsm_node]:  -- [OPTIMIZER_PHASE_MEMORY] optimizer=backup event=end call=158 duration_ms=3.281 iterations=573 ret=1 rss_mib=3529.504 swap_mib=0.000 rss_delta_mib=0.000
[perfect_drone_full_node-2] [WARN] [1789407952.053834292] [fsm_node]:  -- [SUPER] in [ReplanOnce]: Replan overtime, check parameters, replan dt = 0.123185095.
[perfect_drone_full_node-2] [INFO] [1789407952.066918389] [fsm_node]:  -- [OPTIMIZER_PHASE_MEMORY] optimizer=exp event=begin call=108 rss_mib=3529.504 swap_mib=0.000 variables=17 pieces=5
[perfect_drone_full_node-2] [INFO] [1789407952.075292661] [fsm_node]:  -- [OPTIMIZER_PHASE_MEMORY] optimizer=exp event=end call=108 duration_ms=8.418 iterations=681 ret=1 rss_mib=3529.504 swap_mib=0.000 rss_delta_mib=0.000
[perfect_drone_full_node-2]  -- [TRAJ_GUARD_CERT] trigger=main_pre status=SAFE gen=40 map=245 map_age=0.007s map_age_limit=0.500s motion_speed=6.704mps samples=162 range=[0.599,1.401] collision_tt=-1.000 ttc=-1.000 p=[0.000,0.000,0.000]
[perfect_drone_full_node-2] Publish local map size: 9883
[perfect_drone_full_node-2] [INFO] [1789407952.155408959] [fsm_node]:  -- [OPTIMIZER_PHASE_MEMORY] optimizer=backup event=begin call=159 rss_mib=3529.504 swap_mib=0.000 variables=18 pieces=2
[perfect_drone_full_node-2] [INFO] [1789407952.157111927] [fsm_node]:  -- [OPTIMIZER_PHASE_MEMORY] optimizer=backup event=end call=159 duration_ms=1.747 iterations=390 ret=1 rss_mib=3529.504 swap_mib=0.000 rss_delta_mib=0.000
[perfect_drone_full_node-2] [INFO] [1789407952.157173849] [fsm_node]:  -- [OPTIMIZER_PHASE_MEMORY] optimizer=backup event=begin call=160 rss_mib=3529.504 swap_mib=0.000 variables=18 pieces=2
[perfect_drone_full_node-2] [INFO] [1789407952.159831469] [fsm_node]:  -- [OPTIMIZER_PHASE_MEMORY] optimizer=backup event=end call=160 duration_ms=2.657 iterations=499 ret=1 rss_mib=3529.504 swap_mib=0.000 rss_delta_mib=0.000
[perfect_drone_full_node-2] [WARN] [1789407952.159859985] [fsm_node]:  -- [SUPER] in [ReplanOnce]: Replan overtime, check parameters, replan dt = 0.105832513.
[perfect_drone_full_node-2] [INFO] [1789407952.172275700] [fsm_node]:  -- [OPTIMIZER_PHASE_MEMORY] optimizer=exp event=begin call=109 rss_mib=3529.504 swap_mib=0.000 variables=17 pieces=5
[perfect_drone_full_node-2] [INFO] [1789407952.197710502] [fsm_node]:  -- [OPTIMIZER_PHASE_MEMORY] optimizer=exp event=end call=109 duration_ms=25.446 iterations=2040 ret=1 rss_mib=3529.504 swap_mib=0.000 rss_delta_mib=0.000
[perfect_drone_full_node-2]  -- [TRAJ_GUARD_CERT] trigger=main_pre status=SAFE gen=40 map=246 map_age=0.009s map_age_limit=0.500s motion_speed=6.998mps samples=142 range=[0.699,1.401] collision_tt=-1.000 ttc=-1.000 p=[0.000,0.000,0.000]
[perfect_drone_full_node-2] Publish local map size: 9875
[perfect_drone_full_node-2] [INFO] [1789407952.277000099] [fsm_node]:  -- [OPTIMIZER_PHASE_MEMORY] optimizer=backup event=begin call=161 rss_mib=3529.504 swap_mib=0.000 variables=18 pieces=2
[perfect_drone_full_node-2] [INFO] [1789407952.281354532] [fsm_node]:  -- [OPTIMIZER_PHASE_MEMORY] optimizer=backup event=end call=161 duration_ms=4.394 iterations=736 ret=1 rss_mib=3529.504 swap_mib=0.000 rss_delta_mib=0.000
[perfect_drone_full_node-2] [INFO] [1789407952.281426589] [fsm_node]:  -- [OPTIMIZER_PHASE_MEMORY] optimizer=backup event=begin call=162 rss_mib=3529.504 swap_mib=0.000 variables=18 pieces=2
[perfect_drone_full_node-2] [INFO] [1789407952.282898899] [fsm_node]:  -- [OPTIMIZER_PHASE_MEMORY] optimizer=backup event=end call=162 duration_ms=1.476 iterations=365 ret=1 rss_mib=3529.504 swap_mib=0.000 rss_delta_mib=0.000
[perfect_drone_full_node-2] [WARN] [1789407952.282926491] [fsm_node]:  -- [SUPER] in [ReplanOnce]: Replan overtime, check parameters, replan dt = 0.122877981.
[perfect_drone_full_node-2] [INFO] [1789407952.295259420] [fsm_node]:  -- [OPTIMIZER_PHASE_MEMORY] optimizer=exp event=begin call=110 rss_mib=3529.504 swap_mib=0.000 variables=13 pieces=4
[perfect_drone_full_node-2] [INFO] [1789407952.297006557] [fsm_node]:  -- [OPTIMIZER_PHASE_MEMORY] optimizer=exp event=end call=110 duration_ms=1.795 iterations=213 ret=1 rss_mib=3529.504 swap_mib=0.000 rss_delta_mib=0.000
[perfect_drone_full_node-2]  -- [TRAJ_GUARD_CERT] trigger=main_pre status=SAFE gen=40 map=247 map_age=0.009s map_age_limit=0.500s motion_speed=6.939mps samples=122 range=[0.799,1.401] collision_tt=-1.000 ttc=-1.000 p=[0.000,0.000,0.000]
[perfect_drone_full_node-2] Publish local map size: 11136
[perfect_drone_full_node-2] [INFO] [1789407952.372382664] [fsm_node]:  -- [OPTIMIZER_PHASE_MEMORY] optimizer=backup event=begin call=163 rss_mib=3529.504 swap_mib=0.000 variables=18 pieces=2
[perfect_drone_full_node-2] [INFO] [1789407952.375119250] [fsm_node]:  -- [OPTIMIZER_PHASE_MEMORY] optimizer=backup event=end call=163 duration_ms=2.766 iterations=515 ret=1 rss_mib=3529.504 swap_mib=0.000 rss_delta_mib=0.000
[perfect_drone_full_node-2] [INFO] [1789407952.375188538] [fsm_node]:  -- [OPTIMIZER_PHASE_MEMORY] optimizer=backup event=begin call=164 rss_mib=3529.504 swap_mib=0.000 variables=18 pieces=2
[perfect_drone_full_node-2] [INFO] [1789407952.379058092] [fsm_node]:  -- [OPTIMIZER_PHASE_MEMORY] optimizer=backup event=end call=164 duration_ms=3.864 iterations=696 ret=1 rss_mib=3529.504 swap_mib=0.000 rss_delta_mib=0.000
[perfect_drone_full_node-2] [WARN] [1789407952.379096221] [fsm_node]:  -- [SUPER] in [ReplanOnce]: Replan overtime, check parameters, replan dt = 0.096005123.
[perfect_drone_full_node-2] [INFO] [1789407952.392183749] [fsm_node]:  -- [OPTIMIZER_PHASE_MEMORY] optimizer=exp event=begin call=111 rss_mib=3529.504 swap_mib=0.000 variables=17 pieces=5
[perfect_drone_full_node-2] [INFO] [1789407952.411252910] [fsm_node]:  -- [OPTIMIZER_PHASE_MEMORY] optimizer=exp event=end call=111 duration_ms=19.089 iterations=1602 ret=1 rss_mib=3529.504 swap_mib=0.000 rss_delta_mib=0.000
[perfect_drone_full_node-2]  -- [TRAJ_GUARD_CERT] trigger=main_pre status=SAFE gen=40 map=248 map_age=0.007s map_age_limit=0.500s motion_speed=6.929mps samples=102 range=[0.899,1.401] collision_tt=-1.000 ttc=-1.000 p=[0.000,0.000,0.000]
[perfect_drone_full_node-2] Publish local map size: 12738
[perfect_drone_full_node-2] [INFO] [1789407952.491859153] [fsm_node]:  -- [OPTIMIZER_PHASE_MEMORY] optimizer=backup event=begin call=165 rss_mib=3529.504 swap_mib=0.000 variables=18 pieces=2
[perfect_drone_full_node-2] [INFO] [1789407952.494058299] [fsm_node]:  -- [OPTIMIZER_PHASE_MEMORY] optimizer=backup event=end call=165 duration_ms=2.228 iterations=427 ret=1 rss_mib=3529.504 swap_mib=0.000 rss_delta_mib=0.000
[perfect_drone_full_node-2] [INFO] [1789407952.494156321] [fsm_node]:  -- [OPTIMIZER_PHASE_MEMORY] optimizer=backup event=begin call=166 rss_mib=3529.504 swap_mib=0.000 variables=18 pieces=2
[perfect_drone_full_node-2] [INFO] [1789407952.495315884] [fsm_node]:  -- [OPTIMIZER_PHASE_MEMORY] optimizer=backup event=end call=166 duration_ms=1.163 iterations=305 ret=1 rss_mib=3529.504 swap_mib=0.000 rss_delta_mib=0.000
[perfect_drone_full_node-2] [WARN] [1789407952.495345175] [fsm_node]:  -- [SUPER] in [ReplanOnce]: Replan overtime, check parameters, replan dt = 0.116106726.
[perfect_drone_full_node-2] [INFO] [1789407952.507016461] [fsm_node]:  -- [OPTIMIZER_PHASE_MEMORY] optimizer=exp event=begin call=112 rss_mib=3529.504 swap_mib=0.000 variables=17 pieces=5
[perfect_drone_full_node-2]  -- [TRAJ_GUARD_CERT] trigger=main_pre status=SAFE gen=40 map=249 map_age=0.006s map_age_limit=0.500s motion_speed=6.472mps samples=82 range=[0.999,1.401] collision_tt=-1.000 ttc=-1.000 p=[0.000,0.000,0.000]
[perfect_drone_full_node-2] Publish local map size: 14256
[perfect_drone_full_node-2] [INFO] [1789407952.513737744] [perfect_tracking]: [SENSOR_CADENCE_SUMMARY] frames=250 span_s=24.897550 hz=10.000984 raw_published=0 direct_handoffs=250 payload_bytes=167319776 side_entry_v1_enabled=0 side_entry_v1_spawned=0 side_entry_v1_injected_frames=0
[perfect_drone_full_node-2] [INFO] [1789407952.513782965] [perfect_tracking]: [SENSOR_BURST_DROPOUT_SUMMARY] enabled=0 warmup_s=1.000000 period_s=2.000000 duration_s=0.500000 phase_s=0.000000 phase_env_override=0 rendered=250 delivered=250 dropped=0 bursts=0 max_consecutive_dropped=0 max_delivered_gap_s=0.102250 dropped_payload_bytes=0
[perfect_drone_full_node-2] [INFO] [1789407952.515480398] [fsm_node]:  -- [OPTIMIZER_PHASE_MEMORY] optimizer=exp event=end call=112 duration_ms=8.482 iterations=721 ret=1 rss_mib=3529.504 swap_mib=0.000 rss_delta_mib=0.000
[perfect_drone_full_node-2] [INFO] [1789407952.595016455] [fsm_node]:  -- [OPTIMIZER_PHASE_MEMORY] optimizer=backup event=begin call=167 rss_mib=3529.504 swap_mib=0.000 variables=18 pieces=2
[perfect_drone_full_node-2] [INFO] [1789407952.601504250] [fsm_node]:  -- [OPTIMIZER_PHASE_MEMORY] optimizer=backup event=end call=167 duration_ms=6.523 iterations=1044 ret=1 rss_mib=3529.504 swap_mib=0.000 rss_delta_mib=0.000
[perfect_drone_full_node-2] [INFO] [1789407952.601569679] [fsm_node]:  -- [OPTIMIZER_PHASE_MEMORY] optimizer=backup event=begin call=168 rss_mib=3529.504 swap_mib=0.000 variables=18 pieces=2
[perfect_drone_full_node-2] [INFO] [1789407952.602750855] [fsm_node]:  -- [OPTIMIZER_PHASE_MEMORY] optimizer=backup event=end call=168 duration_ms=1.182 iterations=291 ret=1 rss_mib=3529.504 swap_mib=0.000 rss_delta_mib=0.000
[perfect_drone_full_node-2] [WARN] [1789407952.602781816] [fsm_node]:  -- [SUPER] in [ReplanOnce]: Replan overtime, check parameters, replan dt = 0.107336678.
[perfect_drone_full_node-2]  -- [TRAJ_GUARD_CERT] trigger=main_pre status=SAFE gen=40 map=250 map_age=0.007s map_age_limit=0.500s motion_speed=4.611mps samples=62 range=[1.099,1.401] collision_tt=-1.000 ttc=-1.000 p=[0.000,0.000,0.000]
[perfect_drone_full_node-2] Publish local map size: 13596
[perfect_drone_full_node-2] [INFO] [1789407952.614144189] [fsm_node]:  -- [OPTIMIZER_PHASE_MEMORY] optimizer=exp event=begin call=113 rss_mib=3529.504 swap_mib=0.000 variables=13 pieces=4
[perfect_drone_full_node-2] [INFO] [1789407952.618855921] [fsm_node]:  -- [OPTIMIZER_PHASE_MEMORY] optimizer=exp event=end call=113 duration_ms=4.768 iterations=519 ret=1 rss_mib=3529.504 swap_mib=0.000 rss_delta_mib=0.000
[perfect_drone_full_node-2] [INFO] [1789407952.702989811] [fsm_node]:  -- [OPTIMIZER_PHASE_MEMORY] optimizer=backup event=begin call=169 rss_mib=3529.504 swap_mib=0.000 variables=18 pieces=2
[perfect_drone_full_node-2] [INFO] [1789407952.703825391] [fsm_node]:  -- [OPTIMIZER_PHASE_MEMORY] optimizer=backup event=end call=169 duration_ms=0.867 iterations=204 ret=1 rss_mib=3529.504 swap_mib=0.000 rss_delta_mib=0.000
[perfect_drone_full_node-2] [INFO] [1789407952.703885986] [fsm_node]:  -- [OPTIMIZER_PHASE_MEMORY] optimizer=backup event=begin call=170 rss_mib=3529.504 swap_mib=0.000 variables=18 pieces=2
[perfect_drone_full_node-2] [INFO] [1789407952.705244777] [fsm_node]:  -- [OPTIMIZER_PHASE_MEMORY] optimizer=backup event=end call=170 duration_ms=1.358 iterations=343 ret=1 rss_mib=3529.504 swap_mib=0.000 rss_delta_mib=0.000
[perfect_drone_full_node-2] [WARN] [1789407952.705274284] [fsm_node]:  -- [SUPER] in [ReplanOnce]: Replan overtime, check parameters, replan dt = 0.102328476.
[perfect_drone_full_node-2]  -- [TRAJ_GUARD_CERT] trigger=main_pre status=SAFE gen=40 map=251 map_age=0.008s map_age_limit=0.529s motion_speed=2.919mps samples=42 range=[1.199,1.401] collision_tt=-1.000 ttc=-1.000 p=[0.000,0.000,0.000]
[perfect_drone_full_node-2] Publish local map size: 15341
[perfect_drone_full_node-2] [INFO] [1789407952.716596444] [fsm_node]:  -- [OPTIMIZER_PHASE_MEMORY] optimizer=exp event=begin call=114 rss_mib=3529.504 swap_mib=0.000 variables=13 pieces=4
[perfect_drone_full_node-2] [INFO] [1789407952.719866458] [fsm_node]:  -- [OPTIMIZER_PHASE_MEMORY] optimizer=exp event=end call=114 duration_ms=3.324 iterations=383 ret=1 rss_mib=3529.504 swap_mib=0.000 rss_delta_mib=0.000
[perfect_drone_full_node-2]  -- [TRAJ_GUARD_CERT] trigger=main_pre status=SAFE gen=40 map=252 map_age=0.008s map_age_limit=0.550s motion_speed=1.110mps samples=22 range=[1.299,1.401] collision_tt=-1.000 ttc=-1.000 p=[0.000,0.000,0.000]
[perfect_drone_full_node-2] [32m -- [Fsm] Get goal at [0m-23.975000000000001  24.025000000000002   1.525000000000000
[perfect_drone_full_node-2] [32m -- [Fsm] Receive click goal at: [-23.975000000000001  24.025000000000002   1.525000000000000]; goal yaw: 0.000000000000000 deg[0m
[perfect_drone_full_node-2] [INFO] [1789407952.798650265] [fsm_node]:  -- [OPTIMIZER_PHASE_MEMORY] optimizer=backup event=begin call=171 rss_mib=3529.504 swap_mib=0.000 variables=18 pieces=2
[perfect_drone_full_node-2] [INFO] [1789407952.799139841] [fsm_node]:  -- [OPTIMIZER_PHASE_MEMORY] optimizer=backup event=end call=171 duration_ms=0.531 iterations=99 ret=1 rss_mib=3529.504 swap_mib=0.000 rss_delta_mib=0.000
[perfect_drone_full_node-2] [INFO] [1789407952.799204324] [fsm_node]:  -- [OPTIMIZER_PHASE_MEMORY] optimizer=backup event=begin call=172 rss_mib=3529.504 swap_mib=0.000 variables=18 pieces=2
[perfect_drone_full_node-2] [INFO] [1789407952.799770262] [fsm_node]:  -- [OPTIMIZER_PHASE_MEMORY] optimizer=backup event=end call=172 duration_ms=0.567 iterations=147 ret=1 rss_mib=3529.504 swap_mib=0.000 rss_delta_mib=0.000
[perfect_drone_full_node-2] [WARN] [1789407952.799798798] [fsm_node]:  -- [SUPER] in [ReplanOnce]: Replan overtime, check parameters, replan dt = 0.094395902.
[perfect_drone_full_node-2] [WARN] [1789407952.802576310] [fsm_node]:  -- [TRAJ_GUARD_VIABILITY_SLOWDOWN] phase=ReplanOnce/no_backup gen=41 scale=1.250 retries=1
[perfect_drone_full_node-2] [INFO] [1789407952.802601766] [fsm_node]:  -- [TRAJ_GUARD_COMMIT] phase=ReplanOnce/no_backup gen=41 map=252 samples=140 range=[1.356,2.043] escape=false footprint_egress=false escape_done_tt=-1.000
[perfect_drone_full_node-2] [32m -- [Fsm] ReplanOnce succeed.[0m
[perfect_drone_full_node-2]  -- [TRAJ_GUARD_CERT] trigger=poly_publish status=SAFE gen=41 map=252 map_age=0.066s map_age_limit=0.550s motion_speed=0.189mps samples=139 range=[1.356,2.043] collision_tt=-1.000 ttc=-1.000 p=[0.000,0.000,0.000]
[perfect_drone_full_node-2] Publish local map size: 12960
[perfect_drone_full_node-2] [INFO] [1789407952.874812287] [fsm_node]:  -- [OPTIMIZER_PHASE_MEMORY] optimizer=exp event=begin call=115 rss_mib=3529.504 swap_mib=0.000 variables=17 pieces=5
[perfect_drone_full_node-2] [INFO] [1789407952.878485839] [fsm_node]:  -- [OPTIMIZER_PHASE_MEMORY] optimizer=exp event=end call=115 duration_ms=3.722 iterations=379 ret=1 rss_mib=3529.504 swap_mib=0.000 rss_delta_mib=0.000
[perfect_drone_full_node-2]  -- [TRAJ_GUARD_CERT] trigger=main_pre status=SAFE gen=41 map=253 map_age=0.010s map_age_limit=0.500s motion_speed=5.314mps samples=130 range=[1.399,2.043] collision_tt=-1.000 ttc=-1.000 p=[0.000,0.000,0.000]
[perfect_drone_full_node-2] Publish local map size: 13859
[perfect_drone_full_node-2]  -- [TRAJ_GUARD_CERT] trigger=main_pre status=SAFE gen=41 map=254 map_age=0.010s map_age_limit=0.500s motion_speed=4.705mps samples=110 range=[1.499,2.043] collision_tt=-1.000 ttc=-1.000 p=[0.000,0.000,0.000]
[perfect_drone_full_node-2] [32m -- [Fsm 25.436] Current state: FOLLOW_TRAJ[0m
[perfect_drone_full_node-2] [INFO] [1789407952.948442230] [fsm_node]:  -- [OPTIMIZER_PHASE_MEMORY] optimizer=backup event=begin call=173 rss_mib=3529.504 swap_mib=0.000 variables=18 pieces=2
[perfect_drone_full_node-2] [INFO] [1789407952.949623772] [fsm_node]:  -- [OPTIMIZER_PHASE_MEMORY] optimizer=backup event=end call=173 duration_ms=1.247 iterations=290 ret=1 rss_mib=3529.504 swap_mib=0.000 rss_delta_mib=0.000
[perfect_drone_full_node-2] [INFO] [1789407952.949693380] [fsm_node]:  -- [OPTIMIZER_PHASE_MEMORY] optimizer=backup event=begin call=174 rss_mib=3529.504 swap_mib=0.000 variables=18 pieces=2
[perfect_drone_full_node-2] [INFO] [1789407952.952713590] [fsm_node]:  -- [OPTIMIZER_PHASE_MEMORY] optimizer=backup event=end call=174 duration_ms=3.020 iterations=571 ret=1 rss_mib=3529.504 swap_mib=0.000 rss_delta_mib=0.000
[perfect_drone_full_node-2] [WARN] [1789407952.952744561] [fsm_node]:  -- [SUPER] in [ReplanOnce]: Replan overtime, check parameters, replan dt = 0.093499596.
[perfect_drone_full_node-2] [INFO] [1789407952.964899463] [fsm_node]:  -- [OPTIMIZER_PHASE_MEMORY] optimizer=exp event=begin call=116 rss_mib=3529.504 swap_mib=0.000 variables=13 pieces=4
[perfect_drone_full_node-2] [INFO] [1789407952.966494404] [fsm_node]:  -- [OPTIMIZER_PHASE_MEMORY] optimizer=exp event=end call=116 duration_ms=1.626 iterations=189 ret=1 rss_mib=3529.504 swap_mib=0.000 rss_delta_mib=0.000
[perfect_drone_full_node-2] Publish local map size: 13775
[perfect_drone_full_node-2] [INFO] [1789407953.046128156] [fsm_node]:  -- [OPTIMIZER_PHASE_MEMORY] optimizer=backup event=begin call=175 rss_mib=3529.504 swap_mib=0.000 variables=18 pieces=2
[perfect_drone_full_node-2] [INFO] [1789407953.047634947] [fsm_node]:  -- [OPTIMIZER_PHASE_MEMORY] optimizer=backup event=end call=175 duration_ms=1.557 iterations=327 ret=1 rss_mib=3529.504 swap_mib=0.000 rss_delta_mib=0.000
[perfect_drone_full_node-2] [INFO] [1789407953.047709809] [fsm_node]:  -- [OPTIMIZER_PHASE_MEMORY] optimizer=backup event=begin call=176 rss_mib=3529.504 swap_mib=0.000 variables=18 pieces=2
[perfect_drone_full_node-2] [INFO] [1789407953.050255010] [fsm_node]:  -- [OPTIMIZER_PHASE_MEMORY] optimizer=backup event=end call=176 duration_ms=2.541 iterations=457 ret=1 rss_mib=3529.504 swap_mib=0.000 rss_delta_mib=0.000
[perfect_drone_full_node-2] [WARN] [1789407953.050296782] [fsm_node]:  -- [SUPER] in [ReplanOnce]: Replan overtime, check parameters, replan dt = 0.097401159.
[perfect_drone_full_node-2] [INFO] [1789407953.050826138] [fsm_node]:  -- [TRAJ_GUARD_COMMIT] phase=ReplanOnce/no_backup gen=42 map=255 samples=8 range=[1.604,1.634] escape=false footprint_egress=false escape_done_tt=-1.000
[perfect_drone_full_node-2]  -- [TRAJ_GUARD_CERT] trigger=main_pre status=SAFE gen=41 map=255 map_age=0.008s map_age_limit=0.500s motion_speed=3.738mps samples=90 range=[1.599,2.043] collision_tt=-1.000 ttc=-1.000 p=[0.000,0.000,0.000]
[perfect_drone_full_node-2] [32m -- [Fsm] ReplanOnce succeed.[0m
[perfect_drone_full_node-2] [INFO] [1789407953.057833736] [fsm_node]:  -- [TRAJ_GUARD_COMMIT] phase=ReplanOnce/no_backup gen=43 map=255 samples=7 range=[1.611,1.634] escape=false footprint_egress=false escape_done_tt=-1.000
[perfect_drone_full_node-2]  -- [TRAJ_GUARD_CERT] trigger=poly_publish status=SAFE gen=42 map=255 map_age=0.014s map_age_limit=0.500s motion_speed=3.738mps samples=7 range=[1.604,1.634] collision_tt=-1.000 ttc=-1.000 p=[0.000,0.000,0.000]
[perfect_drone_full_node-2] [32m -- [Fsm] ReplanOnce succeed.[0m
[perfect_drone_full_node-2]  -- [TRAJ_GUARD_CERT] trigger=poly_publish status=SAFE gen=43 map=255 map_age=0.021s map_age_limit=0.550s motion_speed=0.006mps samples=6 range=[1.612,1.634] collision_tt=-1.000 ttc=-1.000 p=[0.000,0.000,0.000]
[perfect_drone_full_node-2] [32m -- [Fsm] Traj finish.[0m
[perfect_drone_full_node-2] [INFO] [1789407953.109161714] [fsm_node]:  -- [OPTIMIZER_PHASE_MEMORY] optimizer=exp event=begin call=117 rss_mib=3529.504 swap_mib=0.000 variables=17 pieces=5
[perfect_drone_full_node-2] [INFO] [1789407953.112958022] [fsm_node]:  -- [OPTIMIZER_PHASE_MEMORY] optimizer=exp event=end call=117 duration_ms=3.821 iterations=396 ret=1 rss_mib=3529.504 swap_mib=0.000 rss_delta_mib=0.000
[perfect_drone_full_node-2] [INFO] [1789407953.113064742] [fsm_node]:  -- [SUPER] in [PlanFromRest] GenerateExpTrajectory SUCCESS.
[perfect_drone_full_node-2] [38;2;000;128;000m -- [Fsm]: [PubCmdCallback] change state from [FOLLOW_TRAJ] to [GENERATE_TRAJ].
[perfect_drone_full_node-2] [0mPublish local map size: 11807
[perfect_drone_full_node-2] [INFO] [1789407953.187936625] [fsm_node]:  -- [OPTIMIZER_PHASE_MEMORY] optimizer=backup event=begin call=177 rss_mib=3529.504 swap_mib=0.000 variables=18 pieces=2
[perfect_drone_full_node-2] [INFO] [1789407953.191868060] [fsm_node]:  -- [OPTIMIZER_PHASE_MEMORY] optimizer=backup event=end call=177 duration_ms=3.965 iterations=830 ret=1 rss_mib=3529.504 swap_mib=0.000 rss_delta_mib=0.000
[perfect_drone_full_node-2] [INFO] [1789407953.191932036] [fsm_node]:  -- [OPTIMIZER_PHASE_MEMORY] optimizer=backup event=begin call=178 rss_mib=3529.504 swap_mib=0.000 variables=18 pieces=2
[perfect_drone_full_node-2] [INFO] [1789407953.194241899] [fsm_node]:  -- [OPTIMIZER_PHASE_MEMORY] optimizer=backup event=end call=178 duration_ms=2.307 iterations=466 ret=1 rss_mib=3529.504 swap_mib=0.000 rss_delta_mib=0.000
[perfect_drone_full_node-2] [INFO] [1789407953.194559793] [fsm_node]:  -- [TRAJ_GUARD_COMMIT] phase=PlanFromRest/with_backup gen=44 map=256 samples=291 range=[0.099,1.542] escape=false footprint_egress=false escape_done_tt=-1.000
[perfect_drone_full_node-2]  -- [TRAJ_GUARD_CERT] trigger=poly_publish status=SAFE gen=44 map=256 map_age=0.059s map_age_limit=0.550s motion_speed=0.000mps samples=290 range=[0.099,1.542] collision_tt=-1.000 ttc=-1.000 p=[0.000,0.000,0.000]
[perfect_drone_full_node-2] [38;2;000;128;000m -- [Fsm]: [MainFsmCallback] change state from [GENERATE_TRAJ] to [FOLLOW_TRAJ].
[perfect_drone_full_node-2] [0m -- [MARSIM] Running FPS: 217.886295937425785
[perfect_drone_full_node-2] Publish local map size: 13213
[perfect_drone_full_node-2]  -- [TRAJ_GUARD_CERT] trigger=main_pre status=SAFE gen=44 map=257 map_age=0.003s map_age_limit=0.550s motion_speed=0.610mps samples=282 range=[0.140,1.542] collision_tt=-1.000 ttc=-1.000 p=[0.000,0.000,0.000]
[perfect_drone_full_node-2] Publish local map size: 14336
[perfect_drone_full_node-2] [INFO] [1789407953.341719113] [fsm_node]:  -- [OPTIMIZER_PHASE_MEMORY] optimizer=exp event=begin call=118 rss_mib=3529.504 swap_mib=0.000 variables=17 pieces=5
[perfect_drone_full_node-2] [INFO] [1789407953.355898275] [fsm_node]:  -- [OPTIMIZER_PHASE_MEMORY] optimizer=exp event=end call=118 duration_ms=14.199 iterations=1296 ret=1 rss_mib=3529.504 swap_mib=0.000 rss_delta_mib=0.000
[perfect_drone_full_node-2]  -- [TRAJ_GUARD_CERT] trigger=main_pre status=SAFE gen=44 map=258 map_age=0.013s map_age_limit=0.545s motion_speed=2.608mps samples=258 range=[0.260,1.542] collision_tt=-1.000 ttc=-1.000 p=[0.000,0.000,0.000]
[perfect_drone_full_node-2] Publish local map size: 14391
[perfect_drone_full_node-2] [INFO] [1789407953.435194678] [fsm_node]:  -- [OPTIMIZER_PHASE_MEMORY] optimizer=backup event=begin call=179 rss_mib=3529.504 swap_mib=0.000 variables=18 pieces=2
[perfect_drone_full_node-2] [INFO] [1789407953.441181422] [fsm_node]:  -- [OPTIMIZER_PHASE_MEMORY] optimizer=backup event=end call=179 duration_ms=6.034 iterations=933 ret=1 rss_mib=3529.504 swap_mib=0.000 rss_delta_mib=0.000
[perfect_drone_full_node-2] [INFO] [1789407953.441292711] [fsm_node]:  -- [OPTIMIZER_PHASE_MEMORY] optimizer=backup event=begin call=180 rss_mib=3529.504 swap_mib=0.000 variables=18 pieces=2
[perfect_drone_full_node-2] [INFO] [1789407953.442404466] [fsm_node]:  -- [OPTIMIZER_PHASE_MEMORY] optimizer=backup event=end call=180 duration_ms=1.115 iterations=276 ret=1 rss_mib=3529.504 swap_mib=0.000 rss_delta_mib=0.000
[perfect_drone_full_node-2] [WARN] [1789407953.442439224] [fsm_node]:  -- [SUPER] in [ReplanOnce]: Replan overtime, check parameters, replan dt = 0.121196966.
[perfect_drone_full_node-2] [INFO] [1789407953.461210044] [fsm_node]:  -- [OPTIMIZER_PHASE_MEMORY] optimizer=exp event=begin call=119 rss_mib=3529.504 swap_mib=0.000 variables=17 pieces=5
[perfect_drone_full_node-2] [INFO] [1789407953.470862119] [fsm_node]:  -- [OPTIMIZER_PHASE_MEMORY] optimizer=exp event=end call=119 duration_ms=9.716 iterations=816 ret=1 rss_mib=3529.504 swap_mib=0.000 rss_delta_mib=0.000
[perfect_drone_full_node-2]  -- [TRAJ_GUARD_CERT] trigger=replan_post status=SAFE gen=44 map=259 map_age=0.006s map_age_limit=0.500s motion_speed=4.323mps samples=240 range=[0.347,1.542] collision_tt=-1.000 ttc=-1.000 p=[0.000,0.000,0.000]
[perfect_drone_full_node-2] Publish local map size: 14904
[perfect_drone_full_node-2] [INFO] [1789407953.554626849] [fsm_node]:  -- [OPTIMIZER_PHASE_MEMORY] optimizer=backup event=begin call=181 rss_mib=3529.504 swap_mib=0.000 variables=18 pieces=2
[perfect_drone_full_node-2] [INFO] [1789407953.556501855] [fsm_node]:  -- [OPTIMIZER_PHASE_MEMORY] optimizer=backup event=end call=181 duration_ms=1.929 iterations=419 ret=1 rss_mib=3529.504 swap_mib=0.000 rss_delta_mib=0.000
[perfect_drone_full_node-2] [INFO] [1789407953.556591990] [fsm_node]:  -- [OPTIMIZER_PHASE_MEMORY] optimizer=backup event=begin call=182 rss_mib=3529.504 swap_mib=0.000 variables=18 pieces=2
[perfect_drone_full_node-2] [INFO] [1789407953.558937242] [fsm_node]:  -- [OPTIMIZER_PHASE_MEMORY] optimizer=backup event=end call=182 duration_ms=2.345 iterations=529 ret=1 rss_mib=3529.504 swap_mib=0.000 rss_delta_mib=0.000
[perfect_drone_full_node-2] [WARN] [1789407953.558976813] [fsm_node]:  -- [SUPER] in [ReplanOnce]: Replan overtime, check parameters, replan dt = 0.11630579.
[perfect_drone_full_node-2] [INFO] [1789407953.577471488] [fsm_node]:  -- [OPTIMIZER_PHASE_MEMORY] optimizer=exp event=begin call=120 rss_mib=3529.504 swap_mib=0.000 variables=17 pieces=5
[perfect_drone_full_node-2] [INFO] [1789407953.600363868] [fsm_node]:  -- [OPTIMIZER_PHASE_MEMORY] optimizer=exp event=end call=120 duration_ms=22.904 iterations=1878 ret=1 rss_mib=3529.504 swap_mib=0.000 rss_delta_mib=0.000
[perfect_drone_full_node-2]  -- [TRAJ_GUARD_CERT] trigger=main_pre status=SAFE gen=44 map=260 map_age=0.007s map_age_limit=0.500s motion_speed=5.737mps samples=220 range=[0.450,1.542] collision_tt=-1.000 ttc=-1.000 p=[0.000,0.000,0.000]
[perfect_drone_full_node-2] Publish local map size: 20815
[perfect_drone_full_node-2] [INFO] [1789407953.694363913] [fsm_node]:  -- [OPTIMIZER_PHASE_MEMORY] optimizer=backup event=begin call=183 rss_mib=3529.504 swap_mib=0.000 variables=18 pieces=2
[perfect_drone_full_node-2] [INFO] [1789407953.697537139] [fsm_node]:  -- [OPTIMIZER_PHASE_MEMORY] optimizer=backup event=end call=183 duration_ms=3.224 iterations=521 ret=1 rss_mib=3529.504 swap_mib=0.000 rss_delta_mib=0.000
[perfect_drone_full_node-2] [INFO] [1789407953.697669229] [fsm_node]:  -- [OPTIMIZER_PHASE_MEMORY] optimizer=backup event=begin call=184 rss_mib=3529.504 swap_mib=0.000 variables=18 pieces=2
[perfect_drone_full_node-2] [INFO] [1789407953.698722978] [fsm_node]:  -- [OPTIMIZER_PHASE_MEMORY] optimizer=backup event=end call=184 duration_ms=1.056 iterations=243 ret=1 rss_mib=3529.504 swap_mib=0.000 rss_delta_mib=0.000
[perfect_drone_full_node-2] [WARN] [1789407953.698759561] [fsm_node]:  -- [SUPER] in [ReplanOnce]: Replan overtime, check parameters, replan dt = 0.13965658.
[perfect_drone_full_node-2]  -- [TRAJ_GUARD_CERT] trigger=main_pre status=SAFE gen=44 map=261 map_age=0.007s map_age_limit=0.500s motion_speed=6.487mps samples=200 range=[0.550,1.542] collision_tt=-1.000 ttc=-1.000 p=[0.000,0.000,0.000]
[perfect_drone_full_node-2] Publish local map size: 21857
[perfect_drone_full_node-2] [INFO] [1789407953.715534807] [fsm_node]:  -- [OPTIMIZER_PHASE_MEMORY] optimizer=exp event=begin call=121 rss_mib=3529.504 swap_mib=0.000 variables=17 pieces=5
[perfect_drone_full_node-2] [INFO] [1789407953.724562409] [fsm_node]:  -- [OPTIMIZER_PHASE_MEMORY] optimizer=exp event=end call=121 duration_ms=9.072 iterations=740 ret=1 rss_mib=3529.504 swap_mib=0.000 rss_delta_mib=0.000
[perfect_drone_full_node-2]  -- [TRAJ_GUARD_CERT] trigger=main_pre status=SAFE gen=44 map=262 map_age=0.013s map_age_limit=0.500s motion_speed=6.856mps samples=178 range=[0.660,1.542] collision_tt=-1.000 ttc=-1.000 p=[0.000,0.000,0.000]
[perfect_drone_full_node-2] [32m -- [Fsm] Get goal at [0m-23.975000000000001  24.025000000000002   1.525000000000000
[perfect_drone_full_node-2] [32m -- [Fsm] Receive click goal at: [-23.975000000000001  24.025000000000002   1.525000000000000]; goal yaw: 0.000000000000000 deg[0m
[perfect_drone_full_node-2] Publish local map size: 13306
[perfect_drone_full_node-2] [INFO] [1789407953.825175955] [fsm_node]:  -- [OPTIMIZER_PHASE_MEMORY] optimizer=backup event=begin call=185 rss_mib=3529.504 swap_mib=0.000 variables=18 pieces=2
[perfect_drone_full_node-2] [INFO] [1789407953.826260874] [fsm_node]:  -- [OPTIMIZER_PHASE_MEMORY] optimizer=backup event=end call=185 duration_ms=1.144 iterations=214 ret=1 rss_mib=3529.504 swap_mib=0.000 rss_delta_mib=0.000
[perfect_drone_full_node-2] [INFO] [1789407953.826358585] [fsm_node]:  -- [OPTIMIZER_PHASE_MEMORY] optimizer=backup event=begin call=186 rss_mib=3529.504 swap_mib=0.000 variables=18 pieces=2
[perfect_drone_full_node-2] [INFO] [1789407953.828737829] [fsm_node]:  -- [OPTIMIZER_PHASE_MEMORY] optimizer=backup event=end call=186 duration_ms=2.377 iterations=427 ret=1 rss_mib=3529.504 swap_mib=0.000 rss_delta_mib=0.000
[perfect_drone_full_node-2] [WARN] [1789407953.828784877] [fsm_node]:  -- [SUPER] in [ReplanOnce]: Replan overtime, check parameters, replan dt = 0.129914224.
[perfect_drone_full_node-2] [INFO] [1789407953.843346522] [fsm_node]:  -- [OPTIMIZER_PHASE_MEMORY] optimizer=exp event=begin call=122 rss_mib=3529.504 swap_mib=0.000 variables=17 pieces=5
[perfect_drone_full_node-2] [INFO] [1789407953.878665904] [fsm_node]:  -- [OPTIMIZER_PHASE_MEMORY] optimizer=exp event=end call=122 duration_ms=35.314 iterations=2513 ret=1 rss_mib=3529.504 swap_mib=0.000 rss_delta_mib=0.000
[perfect_drone_full_node-2]  -- [TRAJ_GUARD_CERT] trigger=main_pre status=SAFE gen=44 map=263 map_age=0.010s map_age_limit=0.500s motion_speed=6.994mps samples=158 range=[0.760,1.542] collision_tt=-1.000 ttc=-1.000 p=[0.000,0.000,0.000]
[perfect_drone_full_node-2] Publish local map size: 10354
[perfect_drone_full_node-2]  -- [TRAJ_GUARD_CERT] trigger=main_pre status=SAFE gen=44 map=264 map_age=0.006s map_age_limit=0.500s motion_speed=6.974mps samples=140 range=[0.850,1.542] collision_tt=-1.000 ttc=-1.000 p=[0.000,0.000,0.000]
[perfect_drone_full_node-2] [32m -- [Fsm 26.445] Current state: FOLLOW_TRAJ[0m
[perfect_drone_full_node-2] [INFO] [1789407953.963301510] [fsm_node]:  -- [OPTIMIZER_PHASE_MEMORY] optimizer=backup event=begin call=187 rss_mib=3529.504 swap_mib=0.000 variables=18 pieces=2
[perfect_drone_full_node-2] [INFO] [1789407953.964571588] [fsm_node]:  -- [OPTIMIZER_PHASE_MEMORY] optimizer=backup event=end call=187 duration_ms=1.327 iterations=285 ret=1 rss_mib=3529.504 swap_mib=0.000 rss_delta_mib=0.000
[perfect_drone_full_node-2] [INFO] [1789407953.964648272] [fsm_node]:  -- [OPTIMIZER_PHASE_MEMORY] optimizer=backup event=begin call=188 rss_mib=3529.504 swap_mib=0.000 variables=18 pieces=2
[perfect_drone_full_node-2] [INFO] [1789407953.966701685] [fsm_node]:  -- [OPTIMIZER_PHASE_MEMORY] optimizer=backup event=end call=188 duration_ms=2.046 iterations=446 ret=1 rss_mib=3529.504 swap_mib=0.000 rss_delta_mib=0.000
[perfect_drone_full_node-2] [WARN] [1789407953.966739866] [fsm_node]:  -- [SUPER] in [ReplanOnce]: Replan overtime, check parameters, replan dt = 0.137821054.
[perfect_drone_full_node-2] [INFO] [1789407953.980939978] [fsm_node]:  -- [OPTIMIZER_PHASE_MEMORY] optimizer=exp event=begin call=123 rss_mib=3529.504 swap_mib=0.000 variables=17 pieces=5
[perfect_drone_full_node-2] [INFO] [1789407954.010687498] [fsm_node]:  -- [OPTIMIZER_PHASE_MEMORY] optimizer=exp event=end call=123 duration_ms=29.783 iterations=2423 ret=1 rss_mib=3529.504 swap_mib=0.000 rss_delta_mib=0.000
[perfect_drone_full_node-2] Publish local map size: 11038
[perfect_drone_full_node-2] [INFO] [1789407954.093192241] [fsm_node]:  -- [OPTIMIZER_PHASE_MEMORY] optimizer=backup event=begin call=189 rss_mib=3529.504 swap_mib=0.000 variables=18 pieces=2
[perfect_drone_full_node-2] [INFO] [1789407954.097536686] [fsm_node]:  -- [OPTIMIZER_PHASE_MEMORY] optimizer=backup event=end call=189 duration_ms=4.379 iterations=766 ret=1 rss_mib=3529.504 swap_mib=0.000 rss_delta_mib=0.000
[perfect_drone_full_node-2] [INFO] [1789407954.097603521] [fsm_node]:  -- [OPTIMIZER_PHASE_MEMORY] optimizer=backup event=begin call=190 rss_mib=3529.504 swap_mib=0.000 variables=18 pieces=2
[perfect_drone_full_node-2] [INFO] [1789407954.099438868] [fsm_node]:  -- [OPTIMIZER_PHASE_MEMORY] optimizer=backup event=end call=190 duration_ms=1.835 iterations=409 ret=1 rss_mib=3529.504 swap_mib=0.000 rss_delta_mib=0.000
[perfect_drone_full_node-2] [WARN] [1789407954.099497634] [fsm_node]:  -- [SUPER] in [ReplanOnce]: Replan overtime, check parameters, replan dt = 0.132589343.
[perfect_drone_full_node-2] [INFO] [1789407954.111526892] [fsm_node]:  -- [OPTIMIZER_PHASE_MEMORY] optimizer=exp event=begin call=124 rss_mib=3529.504 swap_mib=0.000 variables=17 pieces=5
[perfect_drone_full_node-2]  -- [TRAJ_GUARD_CERT] trigger=main_pre status=SAFE gen=44 map=265 map_age=0.015s map_age_limit=0.500s motion_speed=6.912mps samples=118 range=[0.960,1.542] collision_tt=-1.000 ttc=-1.000 p=[0.000,0.000,0.000]
[perfect_drone_full_node-2] Publish local map size: 11871
[perfect_drone_full_node-2] [INFO] [1789407954.117076969] [fsm_node]:  -- [OPTIMIZER_PHASE_MEMORY] optimizer=exp event=end call=124 duration_ms=5.572 iterations=442 ret=1 rss_mib=3529.504 swap_mib=0.000 rss_delta_mib=0.000
[perfect_drone_full_node-2] [INFO] [1789407954.192635373] [fsm_node]:  -- [OPTIMIZER_PHASE_MEMORY] optimizer=backup event=begin call=191 rss_mib=3529.504 swap_mib=0.000 variables=18 pieces=2
[perfect_drone_full_node-2] [INFO] [1789407954.193367977] [fsm_node]:  -- [OPTIMIZER_PHASE_MEMORY] optimizer=backup event=end call=191 duration_ms=0.800 iterations=180 ret=1 rss_mib=3529.504 swap_mib=0.000 rss_delta_mib=0.000
[perfect_drone_full_node-2] [INFO] [1789407954.193446653] [fsm_node]:  -- [OPTIMIZER_PHASE_MEMORY] optimizer=backup event=begin call=192 rss_mib=3529.504 swap_mib=0.000 variables=18 pieces=2
[perfect_drone_full_node-2] [INFO] [1789407954.195504630] [fsm_node]:  -- [OPTIMIZER_PHASE_MEMORY] optimizer=backup event=end call=192 duration_ms=2.061 iterations=448 ret=1 rss_mib=3529.504 swap_mib=0.000 rss_delta_mib=0.000
[perfect_drone_full_node-2] [WARN] [1789407954.195543820] [fsm_node]:  -- [SUPER] in [ReplanOnce]: Replan overtime, check parameters, replan dt = 0.0958781.
[perfect_drone_full_node-2] [INFO] [1789407954.210800765] [fsm_node]:  -- [OPTIMIZER_PHASE_MEMORY] optimizer=exp event=begin call=125 rss_mib=3529.504 swap_mib=0.000 variables=17 pieces=5
[perfect_drone_full_node-2]  -- [TRAJ_GUARD_CERT] trigger=main_pre status=SAFE gen=44 map=266 map_age=0.014s map_age_limit=0.500s motion_speed=6.888mps samples=98 range=[1.060,1.542] collision_tt=-1.000 ttc=-1.000 p=[0.000,0.000,0.000]
[perfect_drone_full_node-2] Publish local map size: 13473
[perfect_drone_full_node-2] [INFO] [1789407954.215157830] [fsm_node]:  -- [OPTIMIZER_PHASE_MEMORY] optimizer=exp event=end call=125 duration_ms=4.400 iterations=425 ret=1 rss_mib=3529.504 swap_mib=0.000 rss_delta_mib=0.000
[perfect_drone_full_node-2] [INFO] [1789407954.292146534] [fsm_node]:  -- [OPTIMIZER_PHASE_MEMORY] optimizer=backup event=begin call=193 rss_mib=3529.504 swap_mib=0.000 variables=18 pieces=2
[perfect_drone_full_node-2] [INFO] [1789407954.292706842] [fsm_node]:  -- [OPTIMIZER_PHASE_MEMORY] optimizer=backup event=end call=193 duration_ms=0.607 iterations=129 ret=1 rss_mib=3529.504 swap_mib=0.000 rss_delta_mib=0.000
[perfect_drone_full_node-2] [INFO] [1789407954.292771608] [fsm_node]:  -- [OPTIMIZER_PHASE_MEMORY] optimizer=backup event=begin call=194 rss_mib=3529.504 swap_mib=0.000 variables=18 pieces=2
[perfect_drone_full_node-2] [INFO] [1789407954.294811176] [fsm_node]:  -- [OPTIMIZER_PHASE_MEMORY] optimizer=backup event=end call=194 duration_ms=2.039 iterations=442 ret=1 rss_mib=3529.504 swap_mib=0.000 rss_delta_mib=0.000
[perfect_drone_full_node-2] [WARN] [1789407954.294847231] [fsm_node]:  -- [SUPER] in [ReplanOnce]: Replan overtime, check parameters, replan dt = 0.099219236.
[perfect_drone_full_node-2] [INFO] [1789407954.306990968] [fsm_node]:  -- [OPTIMIZER_PHASE_MEMORY] optimizer=exp event=begin call=126 rss_mib=3529.504 swap_mib=0.000 variables=17 pieces=5
[perfect_drone_full_node-2] [INFO] [1789407954.310117117] [fsm_node]:  -- [OPTIMIZER_PHASE_MEMORY] optimizer=exp event=end call=126 duration_ms=3.157 iterations=293 ret=1 rss_mib=3529.504 swap_mib=0.000 rss_delta_mib=0.000
[perfect_drone_full_node-2]  -- [TRAJ_GUARD_CERT] trigger=main_pre status=SAFE gen=44 map=267 map_age=0.011s map_age_limit=0.500s motion_speed=6.249mps samples=78 range=[1.160,1.542] collision_tt=-1.000 ttc=-1.000 p=[0.000,0.000,0.000]
[perfect_drone_full_node-2] Publish local map size: 14969
[perfect_drone_full_node-2] [INFO] [1789407954.386672653] [fsm_node]:  -- [OPTIMIZER_PHASE_MEMORY] optimizer=backup event=begin call=195 rss_mib=3529.504 swap_mib=0.000 variables=18 pieces=2
[perfect_drone_full_node-2] [INFO] [1789407954.387612798] [fsm_node]:  -- [OPTIMIZER_PHASE_MEMORY] optimizer=backup event=end call=195 duration_ms=0.977 iterations=231 ret=1 rss_mib=3529.504 swap_mib=0.000 rss_delta_mib=0.000
[perfect_drone_full_node-2] [INFO] [1789407954.387675067] [fsm_node]:  -- [OPTIMIZER_PHASE_MEMORY] optimizer=backup event=begin call=196 rss_mib=3529.504 swap_mib=0.000 variables=18 pieces=2
[perfect_drone_full_node-2] [INFO] [1789407954.390334619] [fsm_node]:  -- [OPTIMIZER_PHASE_MEMORY] optimizer=backup event=end call=196 duration_ms=2.659 iterations=482 ret=1 rss_mib=3529.504 swap_mib=0.000 rss_delta_mib=0.000
[perfect_drone_full_node-2] [WARN] [1789407954.390362873] [fsm_node]:  -- [SUPER] in [ReplanOnce]: Replan overtime, check parameters, replan dt = 0.095325305.
[perfect_drone_full_node-2] [INFO] [1789407954.401790515] [fsm_node]:  -- [OPTIMIZER_PHASE_MEMORY] optimizer=exp event=begin call=127 rss_mib=3529.504 swap_mib=0.000 variables=17 pieces=5
[perfect_drone_full_node-2]  -- [TRAJ_GUARD_CERT] trigger=main_pre status=SAFE gen=44 map=268 map_age=0.011s map_age_limit=0.500s motion_speed=4.366mps samples=58 range=[1.260,1.542] collision_tt=-1.000 ttc=-1.000 p=[0.000,0.000,0.000]
[perfect_drone_full_node-2] Publish local map size: 15925
[perfect_drone_full_node-2] [INFO] [1789407954.421024922] [fsm_node]:  -- [OPTIMIZER_PHASE_MEMORY] optimizer=exp event=end call=127 duration_ms=19.212 iterations=1512 ret=1 rss_mib=3529.504 swap_mib=0.000 rss_delta_mib=0.000
[perfect_drone_full_node-2] [WARN] [1789407954.421092387] [fsm_node]:  -- [ExpOpt] Opt failed, Omg or thr or Pos violation.
[perfect_drone_full_node-2] [WARN] [1789407954.421130331] [fsm_node]:  -- [SUPER] OptimizationExpTrajInPolytopes for new path failed
[perfect_drone_full_node-2] [WARN] [1789407954.421141325] [fsm_node]:  -- [SUPER] in [ReplanOnce]: GenerateExpTrajectory failed, force return
[perfect_drone_full_node-2] [33m -- [MINCO] TrajOpt failed, (unknown)[0m
[perfect_drone_full_node-2] [33m -- [SUPER] Minco exp_traj opt failed.[0m
[perfect_drone_full_node-2] [INFO] [1789407954.457287679] [fsm_node]:  -- [OPTIMIZER_PHASE_MEMORY] optimizer=exp event=begin call=128 rss_mib=3529.504 swap_mib=0.000 variables=17 pieces=5
[perfect_drone_full_node-2] [INFO] [1789407954.472798827] [fsm_node]:  -- [OPTIMIZER_PHASE_MEMORY] optimizer=exp event=end call=128 duration_ms=15.556 iterations=1372 ret=1 rss_mib=3529.504 swap_mib=0.000 rss_delta_mib=0.000
[perfect_drone_full_node-2]  -- [TRAJ_GUARD_CERT] trigger=main_pre status=SAFE gen=44 map=269 map_age=0.013s map_age_limit=0.547s motion_speed=2.558mps samples=38 range=[1.360,1.542] collision_tt=-1.000 ttc=-1.000 p=[0.000,0.000,0.000]
[perfect_drone_full_node-2] Publish local map size: 14785
[perfect_drone_full_node-2] [INFO] [1789407954.552052122] [fsm_node]:  -- [OPTIMIZER_PHASE_MEMORY] optimizer=backup event=begin call=197 rss_mib=3529.504 swap_mib=0.000 variables=18 pieces=2
[perfect_drone_full_node-2] [INFO] [1789407954.562483843] [fsm_node]:  -- [OPTIMIZER_PHASE_MEMORY] optimizer=backup event=end call=197 duration_ms=10.474 iterations=1586 ret=1 rss_mib=3529.504 swap_mib=0.000 rss_delta_mib=0.000
[perfect_drone_full_node-2] [INFO] [1789407954.562585017] [fsm_node]:  -- [OPTIMIZER_PHASE_MEMORY] optimizer=backup event=begin call=198 rss_mib=3529.504 swap_mib=0.000 variables=18 pieces=2
[perfect_drone_full_node-2] [INFO] [1789407954.563809397] [fsm_node]:  -- [OPTIMIZER_PHASE_MEMORY] optimizer=backup event=end call=198 duration_ms=1.225 iterations=299 ret=1 rss_mib=3529.504 swap_mib=0.000 rss_delta_mib=0.000
[perfect_drone_full_node-2] [WARN] [1789407954.563841952] [fsm_node]:  -- [SUPER] in [ReplanOnce]: Replan overtime, check parameters, replan dt = 0.120677663.
[perfect_drone_full_node-2] [INFO] [1789407954.564659556] [fsm_node]:  -- [TRAJ_GUARD_COMMIT] phase=ReplanOnce/no_backup gen=45 map=270 samples=45 range=[1.469,1.682] escape=false footprint_egress=false escape_done_tt=-1.000
[perfect_drone_full_node-2]  -- [TRAJ_GUARD_CERT] trigger=main_pre status=SAFE gen=44 map=270 map_age=0.014s map_age_limit=0.550s motion_speed=0.657mps samples=18 range=[1.460,1.542] collision_tt=-1.000 ttc=-1.000 p=[0.000,0.000,0.000]
[perfect_drone_full_node-2] [32m -- [Fsm] ReplanOnce succeed.[0m
[perfect_drone_full_node-2] [INFO] [1789407954.585660037] [fsm_node]:  -- [OPTIMIZER_PHASE_MEMORY] optimizer=exp event=begin call=129 rss_mib=3529.504 swap_mib=0.000 variables=17 pieces=5
[perfect_drone_full_node-2] [INFO] [1789407954.588474061] [fsm_node]:  -- [OPTIMIZER_PHASE_MEMORY] optimizer=exp event=end call=129 duration_ms=2.866 iterations=281 ret=1 rss_mib=3529.504 swap_mib=0.000 rss_delta_mib=0.000
[perfect_drone_full_node-2]  -- [TRAJ_GUARD_CERT] trigger=poly_publish status=SAFE gen=45 map=270 map_age=0.023s map_age_limit=0.550s motion_speed=0.657mps samples=44 range=[1.470,1.682] collision_tt=-1.000 ttc=-1.000 p=[0.000,0.000,0.000]
[perfect_drone_full_node-2] Publish local map size: 13718
[perfect_drone_full_node-2] [INFO] [1789407954.663427341] [fsm_node]:  -- [OPTIMIZER_PHASE_MEMORY] optimizer=backup event=begin call=199 rss_mib=3529.504 swap_mib=0.000 variables=18 pieces=2
[perfect_drone_full_node-2] [INFO] [1789407954.669689072] [fsm_node]:  -- [OPTIMIZER_PHASE_MEMORY] optimizer=backup event=end call=199 duration_ms=6.293 iterations=1227 ret=1 rss_mib=3529.504 swap_mib=0.000 rss_delta_mib=0.000
[perfect_drone_full_node-2] [INFO] [1789407954.669761235] [fsm_node]:  -- [OPTIMIZER_PHASE_MEMORY] optimizer=backup event=begin call=200 rss_mib=3529.504 swap_mib=0.000 variables=18 pieces=2
[perfect_drone_full_node-2] [INFO] [1789407954.670194657] [fsm_node]:  -- [OPTIMIZER_PHASE_MEMORY] optimizer=backup event=end call=200 duration_ms=0.434 iterations=112 ret=1 rss_mib=3529.504 swap_mib=0.000 rss_delta_mib=0.000
[perfect_drone_full_node-2] [WARN] [1789407954.670223175] [fsm_node]:  -- [SUPER] in [ReplanOnce]: Replan overtime, check parameters, replan dt = 0.094971803.
[perfect_drone_full_node-2] [INFO] [1789407954.681594015] [fsm_node]:  -- [OPTIMIZER_PHASE_MEMORY] optimizer=exp event=begin call=130 rss_mib=3529.504 swap_mib=0.000 variables=17 pieces=5
[perfect_drone_full_node-2] [INFO] [1789407954.688063301] [fsm_node]:  -- [OPTIMIZER_PHASE_MEMORY] optimizer=exp event=end call=130 duration_ms=6.524 iterations=569 ret=1 rss_mib=3529.504 swap_mib=0.000 rss_delta_mib=0.000
[perfect_drone_full_node-2]  -- [TRAJ_GUARD_CERT] trigger=main_pre status=SAFE gen=45 map=271 map_age=0.013s map_age_limit=0.550s motion_speed=0.576mps samples=26 range=[1.560,1.682] collision_tt=-1.000 ttc=-1.000 p=[0.000,0.000,0.000]
[perfect_drone_full_node-2] Publish local map size: 11905
[perfect_drone_full_node-2] [INFO] [1789407954.769188837] [fsm_node]:  -- [OPTIMIZER_PHASE_MEMORY] optimizer=backup event=begin call=201 rss_mib=3529.504 swap_mib=0.000 variables=18 pieces=2
[perfect_drone_full_node-2] [INFO] [1789407954.772253012] [fsm_node]:  -- [OPTIMIZER_PHASE_MEMORY] optimizer=backup event=end call=201 duration_ms=3.101 iterations=574 ret=1 rss_mib=3529.504 swap_mib=0.000 rss_delta_mib=0.000
[perfect_drone_full_node-2] [INFO] [1789407954.772322418] [fsm_node]:  -- [OPTIMIZER_PHASE_MEMORY] optimizer=backup event=begin call=202 rss_mib=3529.504 swap_mib=0.000 variables=18 pieces=2
[perfect_drone_full_node-2] [INFO] [1789407954.772864408] [fsm_node]:  -- [OPTIMIZER_PHASE_MEMORY] optimizer=backup event=end call=202 duration_ms=0.543 iterations=141 ret=1 rss_mib=3529.504 swap_mib=0.000 rss_delta_mib=0.000
[perfect_drone_full_node-2] [WARN] [1789407954.772917870] [fsm_node]:  -- [SUPER] in [ReplanOnce]: Replan overtime, check parameters, replan dt = 0.102560187.
[perfect_drone_full_node-2]  -- [TRAJ_GUARD_CERT] trigger=main_pre status=SAFE gen=45 map=272 map_age=0.014s map_age_limit=0.550s motion_speed=0.012mps samples=6 range=[1.660,1.682] collision_tt=-1.000 ttc=-1.000 p=[0.000,0.000,0.000]
[perfect_drone_full_node-2] [32m -- [Fsm] ReplanOnce succeed.[0m
[perfect_drone_full_node-2] [32m -- [Fsm] ReplanOnce succeed.[0m
[perfect_drone_full_node-2] [32m -- [Fsm] Get goal at [0m-23.975000000000001  24.025000000000002   1.525000000000000
[perfect_drone_full_node-2] [32m -- [Fsm] Receive click goal at: [-23.975000000000001  24.025000000000002   1.525000000000000]; goal yaw: 0.000000000000000 deg[0m
[perfect_drone_full_node-2] [32m -- [Fsm] Traj finish.[0m
[perfect_drone_full_node-2] [WARN] [1789407954.795178972] [fsm_node]:  -- [TRAJ_GUARD_RECOVERY_EPISODE_RESET] reason=horizontal_progress progress=7.100m threshold=2.000m prior_local=0 prior_vertical=0 prior_base=0
[perfect_drone_full_node-2] [INFO] [1789407954.807575196] [fsm_node]:  -- [OPTIMIZER_PHASE_MEMORY] optimizer=exp event=begin call=131 rss_mib=3529.504 swap_mib=0.000 variables=17 pieces=5
[perfect_drone_full_node-2] [38;2;000;128;000m -- [Fsm]: [PubCmdCallback] change state from [FOLLOW_TRAJ] to [GENERATE_TRAJ].
[perfect_drone_full_node-2] [0mPublish local map size: 11448
[perfect_drone_full_node-2] [INFO] [1789407954.816011457] [fsm_node]:  -- [OPTIMIZER_PHASE_MEMORY] optimizer=exp event=end call=131 duration_ms=8.431 iterations=748 ret=1 rss_mib=3529.504 swap_mib=0.000 rss_delta_mib=0.000
[perfect_drone_full_node-2] [INFO] [1789407954.816090052] [fsm_node]:  -- [SUPER] in [PlanFromRest] GenerateExpTrajectory SUCCESS.
[perfect_drone_full_node-2] [INFO] [1789407954.895703217] [fsm_node]:  -- [OPTIMIZER_PHASE_MEMORY] optimizer=backup event=begin call=203 rss_mib=3529.504 swap_mib=0.000 variables=18 pieces=2
[perfect_drone_full_node-2] [INFO] [1789407954.900728052] [fsm_node]:  -- [OPTIMIZER_PHASE_MEMORY] optimizer=backup event=end call=203 duration_ms=5.081 iterations=882 ret=1 rss_mib=3529.504 swap_mib=0.000 rss_delta_mib=0.000
[perfect_drone_full_node-2] [INFO] [1789407954.900807430] [fsm_node]:  -- [OPTIMIZER_PHASE_MEMORY] optimizer=backup event=begin call=204 rss_mib=3529.504 swap_mib=0.000 variables=18 pieces=2
[perfect_drone_full_node-2] [INFO] [1789407954.901280809] [fsm_node]:  -- [OPTIMIZER_PHASE_MEMORY] optimizer=backup event=end call=204 duration_ms=0.475 iterations=128 ret=1 rss_mib=3529.504 swap_mib=0.000 rss_delta_mib=0.000
[perfect_drone_full_node-2] [INFO] [1789407954.901608645] [fsm_node]:  -- [TRAJ_GUARD_COMMIT] phase=PlanFromRest/with_backup gen=46 map=273 samples=278 range=[0.106,1.485] escape=false footprint_egress=false escape_done_tt=-1.000
[perfect_drone_full_node-2]  -- [TRAJ_GUARD_CERT] trigger=poly_publish status=SAFE gen=46 map=273 map_age=0.063s map_age_limit=0.550s motion_speed=0.000mps samples=277 range=[0.106,1.485] collision_tt=-1.000 ttc=-1.000 p=[0.000,0.000,0.000]
[perfect_drone_full_node-2] [38;2;000;128;000m -- [Fsm]: [MainFsmCallback] change state from [GENERATE_TRAJ] to [FOLLOW_TRAJ].
[perfect_drone_full_node-2] [0mPublish local map size: 12836
[perfect_drone_full_node-2]  -- [TRAJ_GUARD_CERT] trigger=main_pre status=SAFE gen=46 map=274 map_age=0.005s map_age_limit=0.550s motion_speed=0.741mps samples=268 range=[0.150,1.485] collision_tt=-1.000 ttc=-1.000 p=[0.000,0.000,0.000]
[perfect_drone_full_node-2] [32m -- [Fsm 27.455] Current state: FOLLOW_TRAJ[0m
[perfect_drone_full_node-2] [INFO] [1789407954.988494196] [fsm_node]:  -- [OPTIMIZER_PHASE_MEMORY] optimizer=exp event=begin call=132 rss_mib=3529.504 swap_mib=0.000 variables=17 pieces=5
[perfect_drone_full_node-2] [INFO] [1789407954.998532728] [fsm_node]:  -- [OPTIMIZER_PHASE_MEMORY] optimizer=exp event=end call=132 duration_ms=10.059 iterations=937 ret=1 rss_mib=3529.504 swap_mib=0.000 rss_delta_mib=0.000
[perfect_drone_full_node-2] [WARN] [1789407954.998554623] [fsm_node]:  -- [ExpOpt] Opt failed, Omg or thr or Pos violation.
[perfect_drone_full_node-2] [WARN] [1789407954.998580466] [fsm_node]:  -- [SUPER] OptimizationExpTrajInPolytopes for new path failed
[perfect_drone_full_node-2] [WARN] [1789407954.998589829] [fsm_node]:  -- [SUPER] in [ReplanOnce]: GenerateExpTrajectory failed, force return
[perfect_drone_full_node-2] [33m -- [MINCO] TrajOpt failed, (unknown)[0m
[perfect_drone_full_node-2] [33m -- [SUPER] Minco exp_traj opt failed.[0m
[perfect_drone_full_node-2] Publish local map size: 13917
[perfect_drone_full_node-2] [INFO] [1789407955.054745794] [fsm_node]:  -- [OPTIMIZER_PHASE_MEMORY] optimizer=exp event=begin call=133 rss_mib=3529.504 swap_mib=0.000 variables=17 pieces=5
[perfect_drone_full_node-2] [INFO] [1789407955.059385598] [fsm_node]:  -- [OPTIMIZER_PHASE_MEMORY] optimizer=exp event=end call=133 duration_ms=4.685 iterations=416 ret=1 rss_mib=3529.504 swap_mib=0.000 rss_delta_mib=0.000
[perfect_drone_full_node-2]  -- [TRAJ_GUARD_CERT] trigger=main_pre status=SAFE gen=46 map=275 map_age=0.006s map_age_limit=0.550s motion_speed=2.442mps samples=248 range=[0.250,1.485] collision_tt=-1.000 ttc=-1.000 p=[0.000,0.000,0.000]
[perfect_drone_full_node-2] Publish local map size: 14056
[perfect_drone_full_node-2] [INFO] [1789407955.146989485] [fsm_node]:  -- [OPTIMIZER_PHASE_MEMORY] optimizer=backup event=begin call=205 rss_mib=3529.504 swap_mib=0.000 variables=18 pieces=2
[perfect_drone_full_node-2] [INFO] [1789407955.148153585] [fsm_node]:  -- [OPTIMIZER_PHASE_MEMORY] optimizer=backup event=end call=205 duration_ms=1.240 iterations=238 ret=1 rss_mib=3529.504 swap_mib=0.000 rss_delta_mib=0.000
[perfect_drone_full_node-2] [INFO] [1789407955.148233418] [fsm_node]:  -- [OPTIMIZER_PHASE_MEMORY] optimizer=backup event=begin call=206 rss_mib=3529.504 swap_mib=0.000 variables=18 pieces=2
[perfect_drone_full_node-2] [INFO] [1789407955.150706904] [fsm_node]:  -- [OPTIMIZER_PHASE_MEMORY] optimizer=backup event=end call=206 duration_ms=2.469 iterations=467 ret=1 rss_mib=3529.504 swap_mib=0.000 rss_delta_mib=0.000
[perfect_drone_full_node-2] [WARN] [1789407955.150745531] [fsm_node]:  -- [SUPER] in [ReplanOnce]: Replan overtime, check parameters, replan dt = 0.113538073.
[perfect_drone_full_node-2] [INFO] [1789407955.169942517] [fsm_node]:  -- [OPTIMIZER_PHASE_MEMORY] optimizer=exp event=begin call=134 rss_mib=3529.504 swap_mib=0.000 variables=17 pieces=5
[perfect_drone_full_node-2] [INFO] [1789407955.173991147] [fsm_node]:  -- [OPTIMIZER_PHASE_MEMORY] optimizer=exp event=end call=134 duration_ms=4.091 iterations=336 ret=1 rss_mib=3529.504 swap_mib=0.000 rss_delta_mib=0.000
[perfect_drone_full_node-2]  -- [TRAJ_GUARD_CERT] trigger=replan_post status=SAFE gen=46 map=276 map_age=0.008s map_age_limit=0.500s motion_speed=4.574mps samples=227 range=[0.356,1.485] collision_tt=-1.000 ttc=-1.000 p=[0.000,0.000,0.000]
[perfect_drone_full_node-2] Publish local map size: 13363
[perfect_drone_full_node-2] [INFO] [1789407955.258408238] [fsm_node]:  -- [OPTIMIZER_PHASE_MEMORY] optimizer=backup event=begin call=207 rss_mib=3529.504 swap_mib=0.000 variables=18 pieces=2
[perfect_drone_full_node-2] [INFO] [1789407955.260259694] [fsm_node]:  -- [OPTIMIZER_PHASE_MEMORY] optimizer=backup event=end call=207 duration_ms=1.905 iterations=412 ret=1 rss_mib=3529.504 swap_mib=0.000 rss_delta_mib=0.000
[perfect_drone_full_node-2] [INFO] [1789407955.260342696] [fsm_node]:  -- [OPTIMIZER_PHASE_MEMORY] optimizer=backup event=begin call=208 rss_mib=3529.504 swap_mib=0.000 variables=18 pieces=2
[perfect_drone_full_node-2] [INFO] [1789407955.262814407] [fsm_node]:  -- [OPTIMIZER_PHASE_MEMORY] optimizer=backup event=end call=208 duration_ms=2.454 iterations=505 ret=1 rss_mib=3529.504 swap_mib=0.000 rss_delta_mib=0.000
[perfect_drone_full_node-2] [WARN] [1789407955.262863558] [fsm_node]:  -- [SUPER] in [ReplanOnce]: Replan overtime, check parameters, replan dt = 0.111912877.
[perfect_drone_full_node-2] [INFO] [1789407955.280314844] [fsm_node]:  -- [OPTIMIZER_PHASE_MEMORY] optimizer=exp event=begin call=135 rss_mib=3529.504 swap_mib=0.000 variables=17 pieces=5
[perfect_drone_full_node-2] [INFO] [1789407955.285771730] [fsm_node]:  -- [OPTIMIZER_PHASE_MEMORY] optimizer=exp event=end call=135 duration_ms=5.518 iterations=437 ret=1 rss_mib=3529.504 swap_mib=0.000 rss_delta_mib=0.000
[perfect_drone_full_node-2]  -- [TRAJ_GUARD_CERT] trigger=main_pre status=SAFE gen=46 map=277 map_age=0.014s map_age_limit=0.500s motion_speed=6.010mps samples=206 range=[0.460,1.485] collision_tt=-1.000 ttc=-1.000 p=[0.000,0.000,0.000]
[perfect_drone_full_node-2] Publish local map size: 12524
[perfect_drone_full_node-2] [INFO] [1789407955.369434064] [fsm_node]:  -- [OPTIMIZER_PHASE_MEMORY] optimizer=backup event=begin call=209 rss_mib=3529.504 swap_mib=0.000 variables=18 pieces=2
[perfect_drone_full_node-2] [INFO] [1789407955.372563527] [fsm_node]:  -- [OPTIMIZER_PHASE_MEMORY] optimizer=backup event=end call=209 duration_ms=3.182 iterations=557 ret=1 rss_mib=3529.504 swap_mib=0.000 rss_delta_mib=0.000
[perfect_drone_full_node-2] [INFO] [1789407955.372638121] [fsm_node]:  -- [OPTIMIZER_PHASE_MEMORY] optimizer=backup event=begin call=210 rss_mib=3529.504 swap_mib=0.000 variables=18 pieces=2
[perfect_drone_full_node-2] [INFO] [1789407955.373990104] [fsm_node]:  -- [OPTIMIZER_PHASE_MEMORY] optimizer=backup event=end call=210 duration_ms=1.353 iterations=340 ret=1 rss_mib=3529.504 swap_mib=0.000 rss_delta_mib=0.000
[perfect_drone_full_node-2] [WARN] [1789407955.374021397] [fsm_node]:  -- [SUPER] in [ReplanOnce]: Replan overtime, check parameters, replan dt = 0.1109688.
[perfect_drone_full_node-2] [INFO] [1789407955.390521283] [fsm_node]:  -- [OPTIMIZER_PHASE_MEMORY] optimizer=exp event=begin call=136 rss_mib=3529.504 swap_mib=0.000 variables=17 pieces=5
[perfect_drone_full_node-2] [INFO] [1789407955.399857272] [fsm_node]:  -- [OPTIMIZER_PHASE_MEMORY] optimizer=exp event=end call=136 duration_ms=9.376 iterations=754 ret=1 rss_mib=3529.504 swap_mib=0.000 rss_delta_mib=0.000
[perfect_drone_full_node-2]  -- [TRAJ_GUARD_CERT] trigger=main_pre status=SAFE gen=46 map=278 map_age=0.013s map_age_limit=0.500s motion_speed=6.759mps samples=186 range=[0.560,1.485] collision_tt=-1.000 ttc=-1.000 p=[0.000,0.000,0.000]
[perfect_drone_full_node-2]  -- [MARSIM] Running FPS: 215.304524811512323
[perfect_drone_full_node-2] Publish local map size: 11934
[perfect_drone_full_node-2] [INFO] [1789407955.473907340] [fsm_node]:  -- [OPTIMIZER_PHASE_MEMORY] optimizer=backup event=begin call=211 rss_mib=3529.707 swap_mib=0.000 variables=18 pieces=2
[perfect_drone_full_node-2] [INFO] [1789407955.474516180] [fsm_node]:  -- [OPTIMIZER_PHASE_MEMORY] optimizer=backup event=end call=211 duration_ms=0.675 iterations=135 ret=1 rss_mib=3529.707 swap_mib=0.000 rss_delta_mib=0.000
[perfect_drone_full_node-2] [INFO] [1789407955.474586726] [fsm_node]:  -- [OPTIMIZER_PHASE_MEMORY] optimizer=backup event=begin call=212 rss_mib=3529.707 swap_mib=0.000 variables=18 pieces=2
[perfect_drone_full_node-2] [INFO] [1789407955.477666437] [fsm_node]:  -- [OPTIMIZER_PHASE_MEMORY] optimizer=backup event=end call=212 duration_ms=3.074 iterations=620 ret=1 rss_mib=3529.707 swap_mib=0.000 rss_delta_mib=0.000
[perfect_drone_full_node-2] [WARN] [1789407955.477709486] [fsm_node]:  -- [SUPER] in [ReplanOnce]: Replan overtime, check parameters, replan dt = 0.103588524.
[perfect_drone_full_node-2] [INFO] [1789407955.493007379] [fsm_node]:  -- [OPTIMIZER_PHASE_MEMORY] optimizer=exp event=begin call=137 rss_mib=3529.707 swap_mib=0.000 variables=17 pieces=5
[perfect_drone_full_node-2]  -- [TRAJ_GUARD_CERT] trigger=main_pre status=SAFE gen=46 map=279 map_age=0.014s map_age_limit=0.500s motion_speed=6.988mps samples=166 range=[0.660,1.485] collision_tt=-1.000 ttc=-1.000 p=[0.000,0.000,0.000]
[perfect_drone_full_node-2] Publish local map size: 11986
[perfect_drone_full_node-2] [INFO] [1789407955.521740558] [fsm_node]:  -- [OPTIMIZER_PHASE_MEMORY] optimizer=exp event=end call=137 duration_ms=28.728 iterations=2312 ret=1 rss_mib=3529.707 swap_mib=0.000 rss_delta_mib=0.000
[perfect_drone_full_node-2] [INFO] [1789407955.596390574] [fsm_node]:  -- [OPTIMIZER_PHASE_MEMORY] optimizer=backup event=begin call=213 rss_mib=3529.707 swap_mib=0.000 variables=18 pieces=2
[perfect_drone_full_node-2] [INFO] [1789407955.598022822] [fsm_node]:  -- [OPTIMIZER_PHASE_MEMORY] optimizer=backup event=end call=213 duration_ms=1.698 iterations=380 ret=1 rss_mib=3529.707 swap_mib=0.000 rss_delta_mib=0.000
[perfect_drone_full_node-2] [INFO] [1789407955.598092798] [fsm_node]:  -- [OPTIMIZER_PHASE_MEMORY] optimizer=backup event=begin call=214 rss_mib=3529.707 swap_mib=0.000 variables=18 pieces=2
[perfect_drone_full_node-2] [INFO] [1789407955.599210111] [fsm_node]:  -- [OPTIMIZER_PHASE_MEMORY] optimizer=backup event=end call=214 duration_ms=1.105 iterations=295 ret=1 rss_mib=3529.707 swap_mib=0.000 rss_delta_mib=0.000
[perfect_drone_full_node-2] [WARN] [1789407955.599272527] [fsm_node]:  -- [SUPER] in [ReplanOnce]: Replan overtime, check parameters, replan dt = 0.121385358.
[perfect_drone_full_node-2] [INFO] [1789407955.612548626] [fsm_node]:  -- [OPTIMIZER_PHASE_MEMORY] optimizer=exp event=begin call=138 rss_mib=3529.707 swap_mib=0.000 variables=17 pieces=5
[perfect_drone_full_node-2]  -- [TRAJ_GUARD_CERT] trigger=main_pre status=SAFE gen=46 map=280 map_age=0.015s map_age_limit=0.500s motion_speed=6.990mps samples=146 range=[0.760,1.485] collision_tt=-1.000 ttc=-1.000 p=[0.000,0.000,0.000]
[perfect_drone_full_node-2] Publish local map size: 11262
[perfect_drone_full_node-2] [INFO] [1789407955.631657197] [fsm_node]:  -- [OPTIMIZER_PHASE_MEMORY] optimizer=exp event=end call=138 duration_ms=19.101 iterations=1512 ret=1 rss_mib=3529.707 swap_mib=0.000 rss_delta_mib=0.000
[perfect_drone_full_node-2] [INFO] [1789407955.703224591] [fsm_node]:  -- [OPTIMIZER_PHASE_MEMORY] optimizer=backup event=begin call=215 rss_mib=3529.707 swap_mib=0.000 variables=18 pieces=2
[perfect_drone_full_node-2] [INFO] [1789407955.703994955] [fsm_node]:  -- [OPTIMIZER_PHASE_MEMORY] optimizer=backup event=end call=215 duration_ms=0.840 iterations=185 ret=1 rss_mib=3529.707 swap_mib=0.000 rss_delta_mib=0.000
[perfect_drone_full_node-2] [INFO] [1789407955.704065196] [fsm_node]:  -- [OPTIMIZER_PHASE_MEMORY] optimizer=backup event=begin call=216 rss_mib=3529.707 swap_mib=0.000 variables=18 pieces=2
[perfect_drone_full_node-2] [INFO] [1789407955.704818956] [fsm_node]:  -- [OPTIMIZER_PHASE_MEMORY] optimizer=backup event=end call=216 duration_ms=0.754 iterations=200 ret=1 rss_mib=3529.707 swap_mib=0.000 rss_delta_mib=0.000
[perfect_drone_full_node-2] [WARN] [1789407955.704853738] [fsm_node]:  -- [SUPER] in [ReplanOnce]: Replan overtime, check parameters, replan dt = 0.105513357.
[perfect_drone_full_node-2]  -- [TRAJ_GUARD_CERT] trigger=main_pre status=SAFE gen=46 map=281 map_age=0.008s map_age_limit=0.500s motion_speed=6.979mps samples=128 range=[0.850,1.485] collision_tt=-1.000 ttc=-1.000 p=[0.000,0.000,0.000]
[perfect_drone_full_node-2] Publish local map size: 11082
[perfect_drone_full_node-2] [INFO] [1789407955.717846649] [fsm_node]:  -- [OPTIMIZER_PHASE_MEMORY] optimizer=exp event=begin call=139 rss_mib=3529.707 swap_mib=0.000 variables=13 pieces=4
[perfect_drone_full_node-2] [INFO] [1789407955.724090582] [fsm_node]:  -- [OPTIMIZER_PHASE_MEMORY] optimizer=exp event=end call=139 duration_ms=6.271 iterations=652 ret=1 rss_mib=3529.707 swap_mib=0.000 rss_delta_mib=0.000
[perfect_drone_full_node-2]  -- [TRAJ_GUARD_CERT] trigger=main_pre status=SAFE gen=46 map=282 map_age=0.007s map_age_limit=0.500s motion_speed=6.999mps samples=108 range=[0.950,1.485] collision_tt=-1.000 ttc=-1.000 p=[0.000,0.000,0.000]
[perfect_drone_full_node-2] [32m -- [Fsm] Get goal at [0m-23.975000000000001  24.025000000000002   1.525000000000000
[perfect_drone_full_node-2] [32m -- [Fsm] Receive click goal at: [-23.975000000000001  24.025000000000002   1.525000000000000]; goal yaw: 0.000000000000000 deg[0m
[perfect_drone_full_node-2] [INFO] [1789407955.800487713] [fsm_node]:  -- [OPTIMIZER_PHASE_MEMORY] optimizer=backup event=begin call=217 rss_mib=3529.707 swap_mib=0.000 variables=18 pieces=2
[perfect_drone_full_node-2] [INFO] [1789407955.802103796] [fsm_node]:  -- [OPTIMIZER_PHASE_MEMORY] optimizer=backup event=end call=217 duration_ms=1.689 iterations=372 ret=1 rss_mib=3529.707 swap_mib=0.000 rss_delta_mib=0.000
[perfect_drone_full_node-2] [INFO] [1789407955.802177860] [fsm_node]:  -- [OPTIMIZER_PHASE_MEMORY] optimizer=backup event=begin call=218 rss_mib=3529.707 swap_mib=0.000 variables=18 pieces=2
[perfect_drone_full_node-2] [INFO] [1789407955.802980494] [fsm_node]:  -- [OPTIMIZER_PHASE_MEMORY] optimizer=backup event=end call=218 duration_ms=0.803 iterations=212 ret=1 rss_mib=3529.707 swap_mib=0.000 rss_delta_mib=0.000
[perfect_drone_full_node-2] [WARN] [1789407955.803009294] [fsm_node]:  -- [SUPER] in [ReplanOnce]: Replan overtime, check parameters, replan dt = 0.098039445.
[perfect_drone_full_node-2] Publish local map size: 12323
[perfect_drone_full_node-2] [INFO] [1789407955.816035020] [fsm_node]:  -- [OPTIMIZER_PHASE_MEMORY] optimizer=exp event=begin call=140 rss_mib=3529.707 swap_mib=0.000 variables=13 pieces=4
[perfect_drone_full_node-2] [INFO] [1789407955.817695358] [fsm_node]:  -- [OPTIMIZER_PHASE_MEMORY] optimizer=exp event=end call=140 duration_ms=1.723 iterations=199 ret=1 rss_mib=3529.707 swap_mib=0.000 rss_delta_mib=0.000
[perfect_drone_full_node-2] [INFO] [1789407955.895572640] [fsm_node]:  -- [OPTIMIZER_PHASE_MEMORY] optimizer=backup event=begin call=219 rss_mib=3529.707 swap_mib=0.000 variables=18 pieces=2
[perfect_drone_full_node-2] [INFO] [1789407955.896249913] [fsm_node]:  -- [OPTIMIZER_PHASE_MEMORY] optimizer=backup event=end call=219 duration_ms=0.747 iterations=158 ret=1 rss_mib=3529.707 swap_mib=0.000 rss_delta_mib=0.000
[perfect_drone_full_node-2] [INFO] [1789407955.896318563] [fsm_node]:  -- [OPTIMIZER_PHASE_MEMORY] optimizer=backup event=begin call=220 rss_mib=3529.707 swap_mib=0.000 variables=18 pieces=2
[perfect_drone_full_node-2] [INFO] [1789407955.897446509] [fsm_node]:  -- [OPTIMIZER_PHASE_MEMORY] optimizer=backup event=end call=220 duration_ms=1.128 iterations=275 ret=1 rss_mib=3529.707 swap_mib=0.000 rss_delta_mib=0.000
[perfect_drone_full_node-2] [WARN] [1789407955.897476457] [fsm_node]:  -- [SUPER] in [ReplanOnce]: Replan overtime, check parameters, replan dt = 0.094289256.
[perfect_drone_full_node-2] [INFO] [1789407955.908612818] [fsm_node]:  -- [OPTIMIZER_PHASE_MEMORY] optimizer=exp event=begin call=141 rss_mib=3529.707 swap_mib=0.000 variables=17 pieces=5
[perfect_drone_full_node-2] [INFO] [1789407955.911123967] [fsm_node]:  -- [OPTIMIZER_PHASE_MEMORY] optimizer=exp event=end call=141 duration_ms=2.545 iterations=241 ret=1 rss_mib=3529.707 swap_mib=0.000 rss_delta_mib=0.000
[perfect_drone_full_node-2]  -- [TRAJ_GUARD_CERT] trigger=main_pre status=SAFE gen=46 map=283 map_age=0.015s map_age_limit=0.500s motion_speed=6.643mps samples=86 range=[1.060,1.485] collision_tt=-1.000 ttc=-1.000 p=[0.000,0.000,0.000]
[perfect_drone_full_node-2] Publish local map size: 13372
[perfect_drone_full_node-2]  -- [TRAJ_GUARD_CERT] trigger=main_pre status=SAFE gen=46 map=284 map_age=0.014s map_age_limit=0.500s motion_speed=4.965mps samples=66 range=[1.160,1.485] collision_tt=-1.000 ttc=-1.000 p=[0.000,0.000,0.000]
[perfect_drone_full_node-2] [32m -- [Fsm 28.465] Current state: FOLLOW_TRAJ[0m
[perfect_drone_full_node-2] [INFO] [1789407955.985277696] [fsm_node]:  -- [OPTIMIZER_PHASE_MEMORY] optimizer=backup event=begin call=221 rss_mib=3529.707 swap_mib=0.000 variables=18 pieces=2
[perfect_drone_full_node-2] [INFO] [1789407955.993352002] [fsm_node]:  -- [OPTIMIZER_PHASE_MEMORY] optimizer=backup event=end call=221 duration_ms=8.108 iterations=1275 ret=1 rss_mib=3529.707 swap_mib=0.000 rss_delta_mib=0.000
[perfect_drone_full_node-2] [INFO] [1789407955.993423802] [fsm_node]:  -- [OPTIMIZER_PHASE_MEMORY] optimizer=backup event=begin call=222 rss_mib=3529.707 swap_mib=0.000 variables=18 pieces=2
[perfect_drone_full_node-2] [INFO] [1789407955.996569258] [fsm_node]:  -- [OPTIMIZER_PHASE_MEMORY] optimizer=backup event=end call=222 duration_ms=3.138 iterations=587 ret=1 rss_mib=3529.711 swap_mib=0.000 rss_delta_mib=0.004
[perfect_drone_full_node-2] [WARN] [1789407955.996610352] [fsm_node]:  -- [SUPER] in [ReplanOnce]: Replan overtime, check parameters, replan dt = 0.098842145.
[perfect_drone_full_node-2] [INFO] [1789407956.007685062] [fsm_node]:  -- [OPTIMIZER_PHASE_MEMORY] optimizer=exp event=begin call=142 rss_mib=3529.711 swap_mib=0.000 variables=13 pieces=4
[perfect_drone_full_node-2] [INFO] [1789407956.011651114] [fsm_node]:  -- [OPTIMIZER_PHASE_MEMORY] optimizer=exp event=end call=142 duration_ms=3.964 iterations=458 ret=1 rss_mib=3529.711 swap_mib=0.000 rss_delta_mib=0.000
[perfect_drone_full_node-2] Publish local map size: 12278
[perfect_drone_full_node-2] [INFO] [1789407956.094567922] [fsm_node]:  -- [OPTIMIZER_PHASE_MEMORY] optimizer=backup event=begin call=223 rss_mib=3529.793 swap_mib=0.000 variables=18 pieces=2
[perfect_drone_full_node-2] [INFO] [1789407956.097599573] [fsm_node]:  -- [OPTIMIZER_PHASE_MEMORY] optimizer=backup event=end call=223 duration_ms=3.088 iterations=566 ret=1 rss_mib=3529.793 swap_mib=0.000 rss_delta_mib=0.000
[perfect_drone_full_node-2] [INFO] [1789407956.097683194] [fsm_node]:  -- [OPTIMIZER_PHASE_MEMORY] optimizer=backup event=begin call=224 rss_mib=3529.793 swap_mib=0.000 variables=18 pieces=2
[perfect_drone_full_node-2] [INFO] [1789407956.100496054] [fsm_node]:  -- [OPTIMIZER_PHASE_MEMORY] optimizer=backup event=end call=224 duration_ms=2.814 iterations=528 ret=1 rss_mib=3529.793 swap_mib=0.000 rss_delta_mib=0.000
[perfect_drone_full_node-2] [WARN] [1789407956.100527375] [fsm_node]:  -- [SUPER] in [ReplanOnce]: Replan overtime, check parameters, replan dt = 0.103765663.
[perfect_drone_full_node-2] [INFO] [1789407956.111770001] [fsm_node]:  -- [OPTIMIZER_PHASE_MEMORY] optimizer=exp event=begin call=143 rss_mib=3529.793 swap_mib=0.000 variables=13 pieces=4
[perfect_drone_full_node-2] [INFO] [1789407956.113172368] [fsm_node]:  -- [OPTIMIZER_PHASE_MEMORY] optimizer=exp event=end call=143 duration_ms=1.471 iterations=170 ret=1 rss_mib=3529.793 swap_mib=0.000 rss_delta_mib=0.000
[perfect_drone_full_node-2]  -- [TRAJ_GUARD_CERT] trigger=main_pre status=SAFE gen=46 map=285 map_age=0.012s map_age_limit=0.522s motion_speed=3.060mps samples=46 range=[1.260,1.485] collision_tt=-1.000 ttc=-1.000 p=[0.000,0.000,0.000]
[perfect_drone_full_node-2] Publish local map size: 13085
[perfect_drone_full_node-2] [INFO] [1789407956.193694269] [fsm_node]:  -- [OPTIMIZER_PHASE_MEMORY] optimizer=backup event=begin call=225 rss_mib=3530.105 swap_mib=0.000 variables=18 pieces=2
[perfect_drone_full_node-2] [INFO] [1789407956.195029377] [fsm_node]:  -- [OPTIMIZER_PHASE_MEMORY] optimizer=backup event=end call=225 duration_ms=1.408 iterations=320 ret=1 rss_mib=3530.105 swap_mib=0.000 rss_delta_mib=0.000
[perfect_drone_full_node-2] [INFO] [1789407956.195128152] [fsm_node]:  -- [OPTIMIZER_PHASE_MEMORY] optimizer=backup event=begin call=226 rss_mib=3530.105 swap_mib=0.000 variables=18 pieces=2
[perfect_drone_full_node-2] [INFO] [1789407956.195849108] [fsm_node]:  -- [OPTIMIZER_PHASE_MEMORY] optimizer=backup event=end call=226 duration_ms=0.719 iterations=184 ret=1 rss_mib=3530.105 swap_mib=0.000 rss_delta_mib=0.000
[perfect_drone_full_node-2] [WARN] [1789407956.195889664] [fsm_node]:  -- [SUPER] in [ReplanOnce]: Replan overtime, check parameters, replan dt = 0.095213656.
[perfect_drone_full_node-2] [INFO] [1789407956.197103229] [fsm_node]:  -- [TRAJ_GUARD_COMMIT] phase=ReplanOnce/no_backup gen=47 map=286 samples=50 range=[1.402,1.641] escape=false footprint_egress=false escape_done_tt=-1.000
[perfect_drone_full_node-2]  -- [TRAJ_GUARD_CERT] trigger=main_pre status=SAFE gen=46 map=286 map_age=0.014s map_age_limit=0.550s motion_speed=1.264mps samples=26 range=[1.360,1.485] collision_tt=-1.000 ttc=-1.000 p=[0.000,0.000,0.000]
[perfect_drone_full_node-2] [32m -- [Fsm] ReplanOnce succeed.[0m
[perfect_drone_full_node-2]  -- [TRAJ_GUARD_CERT] trigger=poly_publish status=SAFE gen=47 map=286 map_age=0.056s map_age_limit=0.550s motion_speed=0.475mps samples=49 range=[1.402,1.641] collision_tt=-1.000 ttc=-1.000 p=[0.000,0.000,0.000]
[perfect_drone_full_node-2] Publish local map size: 12626
[perfect_drone_full_node-2] [INFO] [1789407956.237481840] [fsm_node]:  -- [OPTIMIZER_PHASE_MEMORY] optimizer=exp event=begin call=144 rss_mib=3530.105 swap_mib=0.000 variables=17 pieces=5
[perfect_drone_full_node-2] [INFO] [1789407956.240487407] [fsm_node]:  -- [OPTIMIZER_PHASE_MEMORY] optimizer=exp event=end call=144 duration_ms=3.084 iterations=303 ret=1 rss_mib=3530.105 swap_mib=0.000 rss_delta_mib=0.000
[perfect_drone_full_node-2]  -- [TRAJ_GUARD_CERT] trigger=main_pre status=SAFE gen=47 map=287 map_age=0.006s map_age_limit=0.550s motion_speed=1.588mps samples=40 range=[1.450,1.641] collision_tt=-1.000 ttc=-1.000 p=[0.000,0.000,0.000]
[perfect_drone_full_node-2] Publish local map size: 11853
[perfect_drone_full_node-2] [INFO] [1789407956.314632990] [fsm_node]:  -- [OPTIMIZER_PHASE_MEMORY] optimizer=backup event=begin call=227 rss_mib=3530.109 swap_mib=0.000 variables=18 pieces=2
[perfect_drone_full_node-2] [INFO] [1789407956.317071219] [fsm_node]:  -- [OPTIMIZER_PHASE_MEMORY] optimizer=backup event=end call=227 duration_ms=2.457 iterations=553 ret=1 rss_mib=3530.109 swap_mib=0.000 rss_delta_mib=0.000
[perfect_drone_full_node-2] [INFO] [1789407956.317163480] [fsm_node]:  -- [OPTIMIZER_PHASE_MEMORY] optimizer=backup event=begin call=228 rss_mib=3530.109 swap_mib=0.000 variables=18 pieces=2
[perfect_drone_full_node-2] [INFO] [1789407956.319966261] [fsm_node]:  -- [OPTIMIZER_PHASE_MEMORY] optimizer=backup event=end call=228 duration_ms=2.800 iterations=557 ret=1 rss_mib=3530.109 swap_mib=0.000 rss_delta_mib=0.000
[perfect_drone_full_node-2] [WARN] [1789407956.320002601] [fsm_node]:  -- [SUPER] in [ReplanOnce]: Replan overtime, check parameters, replan dt = 0.094777009.
[perfect_drone_full_node-2] [INFO] [1789407956.332000650] [fsm_node]:  -- [OPTIMIZER_PHASE_MEMORY] optimizer=exp event=begin call=145 rss_mib=3530.109 swap_mib=0.000 variables=17 pieces=5
[perfect_drone_full_node-2] [INFO] [1789407956.345350608] [fsm_node]:  -- [OPTIMIZER_PHASE_MEMORY] optimizer=exp event=end call=145 duration_ms=13.368 iterations=1031 ret=1 rss_mib=3530.109 swap_mib=0.000 rss_delta_mib=0.000
[perfect_drone_full_node-2]  -- [TRAJ_GUARD_CERT] trigger=main_pre status=SAFE gen=47 map=288 map_age=0.015s map_age_limit=0.550s motion_speed=0.221mps samples=18 range=[1.560,1.641] collision_tt=-1.000 ttc=-1.000 p=[0.000,0.000,0.000]
[perfect_drone_full_node-2] Publish local map size: 10425
[perfect_drone_full_node-2] [INFO] [1789407956.424095329] [fsm_node]:  -- [OPTIMIZER_PHASE_MEMORY] optimizer=backup event=begin call=229 rss_mib=3530.488 swap_mib=0.000 variables=18 pieces=2
[perfect_drone_full_node-2] [INFO] [1789407956.426455911] [fsm_node]:  -- [OPTIMIZER_PHASE_MEMORY] optimizer=backup event=end call=229 duration_ms=2.399 iterations=493 ret=1 rss_mib=3530.488 swap_mib=0.000 rss_delta_mib=0.000
[perfect_drone_full_node-2] [INFO] [1789407956.426523935] [fsm_node]:  -- [OPTIMIZER_PHASE_MEMORY] optimizer=backup event=begin call=230 rss_mib=3530.488 swap_mib=0.000 variables=18 pieces=2
[perfect_drone_full_node-2] [INFO] [1789407956.426888748] [fsm_node]:  -- [OPTIMIZER_PHASE_MEMORY] optimizer=backup event=end call=230 duration_ms=0.366 iterations=85 ret=1 rss_mib=3530.488 swap_mib=0.000 rss_delta_mib=0.000
[perfect_drone_full_node-2] [WARN] [1789407956.426919011] [fsm_node]:  -- [SUPER] in [ReplanOnce]: Replan overtime, check parameters, replan dt = 0.106747543.
[perfect_drone_full_node-2] [32m -- [Fsm] ReplanOnce succeed.[0m
[perfect_drone_full_node-2]  -- [TRAJ_GUARD_CERT] trigger=main_pre status=SAFE gen=47 map=289 map_age=0.007s map_age_limit=0.550s motion_speed=0.000mps samples=1 range=[1.641,1.641] collision_tt=-1.000 ttc=-1.000 p=[0.000,0.000,0.000]
[perfect_drone_full_node-2] [32m -- [Fsm] Traj finish.[0m
[perfect_drone_full_node-2] [WARN] [1789407956.455188040] [fsm_node]:  -- [TRAJ_GUARD_RECOVERY_EPISODE_RESET] reason=horizontal_progress progress=7.100m threshold=2.000m prior_local=0 prior_vertical=0 prior_base=0
[perfect_drone_full_node-2] [INFO] [1789407956.465645059] [fsm_node]:  -- [OPTIMIZER_PHASE_MEMORY] optimizer=exp event=begin call=146 rss_mib=3530.770 swap_mib=0.000 variables=17 pieces=5
[perfect_drone_full_node-2] [INFO] [1789407956.469924149] [fsm_node]:  -- [OPTIMIZER_PHASE_MEMORY] optimizer=exp event=end call=146 duration_ms=4.323 iterations=410 ret=1 rss_mib=3530.770 swap_mib=0.000 rss_delta_mib=0.000
[perfect_drone_full_node-2] [INFO] [1789407956.469975118] [fsm_node]:  -- [SUPER] in [PlanFromRest] GenerateExpTrajectory SUCCESS.
[perfect_drone_full_node-2] [38;2;000;128;000m -- [Fsm]: [PubCmdCallback] change state from [FOLLOW_TRAJ] to [GENERATE_TRAJ].
[perfect_drone_full_node-2] [0mPublish local map size: 10328
[perfect_drone_full_node-2] [INFO] [1789407956.546776774] [fsm_node]:  -- [OPTIMIZER_PHASE_MEMORY] optimizer=backup event=begin call=231 rss_mib=3530.770 swap_mib=0.000 variables=18 pieces=2
[perfect_drone_full_node-2] [INFO] [1789407956.547595303] [fsm_node]:  -- [OPTIMIZER_PHASE_MEMORY] optimizer=backup event=end call=231 duration_ms=0.878 iterations=171 ret=1 rss_mib=3530.770 swap_mib=0.000 rss_delta_mib=0.000
[perfect_drone_full_node-2] [INFO] [1789407956.547670851] [fsm_node]:  -- [OPTIMIZER_PHASE_MEMORY] optimizer=backup event=begin call=232 rss_mib=3530.770 swap_mib=0.000 variables=18 pieces=2
[perfect_drone_full_node-2] [INFO] [1789407956.549708813] [fsm_node]:  -- [OPTIMIZER_PHASE_MEMORY] optimizer=backup event=end call=232 duration_ms=2.031 iterations=395 ret=1 rss_mib=3530.770 swap_mib=0.000 rss_delta_mib=0.000
[perfect_drone_full_node-2] [INFO] [1789407956.550122061] [fsm_node]:  -- [TRAJ_GUARD_COMMIT] phase=PlanFromRest/with_backup gen=48 map=290 samples=406 range=[0.095,2.110] escape=false footprint_egress=false escape_done_tt=-1.000
[perfect_drone_full_node-2]  -- [TRAJ_GUARD_CERT] trigger=poly_publish status=SAFE gen=48 map=290 map_age=0.014s map_age_limit=0.550s motion_speed=0.000mps samples=405 range=[0.095,2.110] collision_tt=-1.000 ttc=-1.000 p=[0.000,0.000,0.000]
[perfect_drone_full_node-2] [38;2;000;128;000m -- [Fsm]: [MainFsmCallback] change state from [GENERATE_TRAJ] to [FOLLOW_TRAJ].
[perfect_drone_full_node-2] [0mPublish local map size: 13529
[perfect_drone_full_node-2] [INFO] [1789407956.638753723] [fsm_node]:  -- [OPTIMIZER_PHASE_MEMORY] optimizer=exp event=begin call=147 rss_mib=3531.184 swap_mib=0.000 variables=13 pieces=4
[perfect_drone_full_node-2] [INFO] [1789407956.642024020] [fsm_node]:  -- [OPTIMIZER_PHASE_MEMORY] optimizer=exp event=end call=147 duration_ms=3.333 iterations=403 ret=1 rss_mib=3531.184 swap_mib=0.000 rss_delta_mib=0.000
[perfect_drone_full_node-2]  -- [TRAJ_GUARD_CERT] trigger=main_pre status=SAFE gen=48 map=291 map_age=0.014s map_age_limit=0.550s motion_speed=1.510mps samples=384 range=[0.200,2.110] collision_tt=-1.000 ttc=-1.000 p=[0.000,0.000,0.000]
[perfect_drone_full_node-2] Publish local map size: 14453
[perfect_drone_full_node-2] [INFO] [1789407956.721185482] [fsm_node]:  -- [OPTIMIZER_PHASE_MEMORY] optimizer=backup event=begin call=233 rss_mib=3532.785 swap_mib=0.000 variables=18 pieces=2
[perfect_drone_full_node-2] [INFO] [1789407956.734880445] [fsm_node]:  -- [OPTIMIZER_PHASE_MEMORY] optimizer=backup event=end call=233 duration_ms=13.713 iterations=1960 ret=1 rss_mib=3532.785 swap_mib=0.000 rss_delta_mib=0.000
[perfect_drone_full_node-2] [INFO] [1789407956.734998555] [fsm_node]:  -- [OPTIMIZER_PHASE_MEMORY] optimizer=backup event=begin call=234 rss_mib=3532.785 swap_mib=0.000 variables=18 pieces=2
[perfect_drone_full_node-2] [INFO] [1789407956.752999537] [fsm_node]:  -- [OPTIMIZER_PHASE_MEMORY] optimizer=backup event=end call=234 duration_ms=17.988 iterations=2304 ret=1 rss_mib=3532.785 swap_mib=0.000 rss_delta_mib=0.000
[perfect_drone_full_node-2] [WARN] [1789407956.753047950] [fsm_node]:  -- [SUPER] in [ReplanOnce]: Replan overtime, check parameters, replan dt = 0.13185593.
[perfect_drone_full_node-2] [INFO] [1789407956.771294960] [fsm_node]:  -- [OPTIMIZER_PHASE_MEMORY] optimizer=exp event=begin call=148 rss_mib=3532.785 swap_mib=0.000 variables=13 pieces=4
[perfect_drone_full_node-2] [INFO] [1789407956.773917602] [fsm_node]:  -- [OPTIMIZER_PHASE_MEMORY] optimizer=exp event=end call=148 duration_ms=2.679 iterations=288 ret=1 rss_mib=3532.785 swap_mib=0.000 rss_delta_mib=0.000
[perfect_drone_full_node-2]  -- [TRAJ_GUARD_CERT] trigger=main_pre status=SAFE gen=48 map=292 map_age=0.006s map_age_limit=0.513s motion_speed=3.243mps samples=366 range=[0.290,2.110] collision_tt=-1.000 ttc=-1.000 p=[0.000,0.000,0.000]
[perfect_drone_full_node-2] [32m -- [Fsm] Get goal at [0m-23.975000000000001  24.025000000000002   1.525000000000000
[perfect_drone_full_node-2] [32m -- [Fsm] Receive click goal at: [-23.975000000000001  24.025000000000002   1.525000000000000]; goal yaw: 0.000000000000000 deg[0m
[perfect_drone_full_node-2] Publish local map size: 13602
[perfect_drone_full_node-2] [INFO] [1789407956.866674219] [fsm_node]:  -- [OPTIMIZER_PHASE_MEMORY] optimizer=backup event=begin call=235 rss_mib=3532.789 swap_mib=0.000 variables=18 pieces=2
[perfect_drone_full_node-2] [INFO] [1789407956.869241833] [fsm_node]:  -- [OPTIMIZER_PHASE_MEMORY] optimizer=backup event=end call=235 duration_ms=2.622 iterations=603 ret=1 rss_mib=3532.789 swap_mib=0.000 rss_delta_mib=0.000
[perfect_drone_full_node-2] [INFO] [1789407956.869308895] [fsm_node]:  -- [OPTIMIZER_PHASE_MEMORY] optimizer=backup event=begin call=236 rss_mib=3532.789 swap_mib=0.000 variables=18 pieces=2
[perfect_drone_full_node-2] [INFO] [1789407956.870534891] [fsm_node]:  -- [OPTIMIZER_PHASE_MEMORY] optimizer=backup event=end call=236 duration_ms=1.226 iterations=291 ret=1 rss_mib=3532.789 swap_mib=0.000 rss_delta_mib=0.000
[perfect_drone_full_node-2] [WARN] [1789407956.870563890] [fsm_node]:  -- [SUPER] in [ReplanOnce]: Replan overtime, check parameters, replan dt = 0.117412437.
[perfect_drone_full_node-2] [INFO] [1789407956.883590224] [fsm_node]:  -- [OPTIMIZER_PHASE_MEMORY] optimizer=exp event=begin call=149 rss_mib=3532.789 swap_mib=0.000 variables=17 pieces=5
[perfect_drone_full_node-2] [INFO] [1789407956.905662678] [fsm_node]:  -- [OPTIMIZER_PHASE_MEMORY] optimizer=exp event=end call=149 duration_ms=22.063 iterations=1837 ret=1 rss_mib=3532.793 swap_mib=0.000 rss_delta_mib=0.004
[perfect_drone_full_node-2]  -- [TRAJ_GUARD_CERT] trigger=main_pre status=SAFE gen=48 map=293 map_age=0.006s map_age_limit=0.500s motion_speed=5.049mps samples=346 range=[0.390,2.110] collision_tt=-1.000 ttc=-1.000 p=[0.000,0.000,0.000]
[perfect_drone_full_node-2] Publish local map size: 12605
[perfect_drone_full_node-2]  -- [TRAJ_GUARD_CERT] trigger=main_pre status=SAFE gen=48 map=294 map_age=0.015s map_age_limit=0.500s motion_speed=6.330mps samples=324 range=[0.500,2.110] collision_tt=-1.000 ttc=-1.000 p=[0.000,0.000,0.000]
[perfect_drone_full_node-2] [32m -- [Fsm 29.465] Current state: FOLLOW_TRAJ[0m
[perfect_drone_full_node-2] [INFO] [1789407956.986944470] [fsm_node]:  -- [OPTIMIZER_PHASE_MEMORY] optimizer=backup event=begin call=237 rss_mib=3532.797 swap_mib=0.000 variables=18 pieces=2
[perfect_drone_full_node-2] [INFO] [1789407956.988816946] [fsm_node]:  -- [OPTIMIZER_PHASE_MEMORY] optimizer=backup event=end call=237 duration_ms=1.937 iterations=491 ret=1 rss_mib=3532.797 swap_mib=0.000 rss_delta_mib=0.000
[perfect_drone_full_node-2] [INFO] [1789407956.988885027] [fsm_node]:  -- [OPTIMIZER_PHASE_MEMORY] optimizer=backup event=begin call=238 rss_mib=3532.797 swap_mib=0.000 variables=18 pieces=2
[perfect_drone_full_node-2] [INFO] [1789407956.990734025] [fsm_node]:  -- [OPTIMIZER_PHASE_MEMORY] optimizer=backup event=end call=238 duration_ms=1.847 iterations=463 ret=1 rss_mib=3532.797 swap_mib=0.000 rss_delta_mib=0.000
[perfect_drone_full_node-2] [WARN] [1789407956.990764914] [fsm_node]:  -- [SUPER] in [ReplanOnce]: Replan overtime, check parameters, replan dt = 0.120072807.
[perfect_drone_full_node-2] [INFO] [1789407957.003598008] [fsm_node]:  -- [OPTIMIZER_PHASE_MEMORY] optimizer=exp event=begin call=150 rss_mib=3532.797 swap_mib=0.000 variables=17 pieces=5
[perfect_drone_full_node-2] [INFO] [1789407957.010678096] [fsm_node]:  -- [OPTIMIZER_PHASE_MEMORY] optimizer=exp event=end call=150 duration_ms=7.097 iterations=626 ret=1 rss_mib=3532.797 swap_mib=0.000 rss_delta_mib=0.000
[perfect_drone_full_node-2] Publish local map size: 11749
[perfect_drone_full_node-2] [INFO] [1789407957.091204241] [fsm_node]:  -- [OPTIMIZER_PHASE_MEMORY] optimizer=backup event=begin call=239 rss_mib=3532.797 swap_mib=0.000 variables=18 pieces=2
[perfect_drone_full_node-2] [INFO] [1789407957.092133868] [fsm_node]:  -- [OPTIMIZER_PHASE_MEMORY] optimizer=backup event=end call=239 duration_ms=0.965 iterations=221 ret=1 rss_mib=3532.797 swap_mib=0.000 rss_delta_mib=0.000
[perfect_drone_full_node-2] [INFO] [1789407957.092209112] [fsm_node]:  -- [OPTIMIZER_PHASE_MEMORY] optimizer=backup event=begin call=240 rss_mib=3532.797 swap_mib=0.000 variables=18 pieces=2
[perfect_drone_full_node-2] [INFO] [1789407957.094317120] [fsm_node]:  -- [OPTIMIZER_PHASE_MEMORY] optimizer=backup event=end call=240 duration_ms=2.106 iterations=437 ret=1 rss_mib=3532.797 swap_mib=0.000 rss_delta_mib=0.000
[perfect_drone_full_node-2] [WARN] [1789407957.094355251] [fsm_node]:  -- [SUPER] in [ReplanOnce]: Replan overtime, check parameters, replan dt = 0.103419914.
[perfect_drone_full_node-2] [INFO] [1789407957.106219910] [fsm_node]:  -- [OPTIMIZER_PHASE_MEMORY] optimizer=exp event=begin call=151 rss_mib=3532.801 swap_mib=0.000 variables=17 pieces=5
[perfect_drone_full_node-2]  -- [TRAJ_GUARD_CERT] trigger=main_pre status=SAFE gen=48 map=295 map_age=0.007s map_age_limit=0.500s motion_speed=6.824mps samples=306 range=[0.590,2.110] collision_tt=-1.000 ttc=-1.000 p=[0.000,0.000,0.000]
[perfect_drone_full_node-2] Publish local map size: 11480
[perfect_drone_full_node-2] [INFO] [1789407957.114898237] [fsm_node]:  -- [OPTIMIZER_PHASE_MEMORY] optimizer=exp event=end call=151 duration_ms=8.672 iterations=729 ret=1 rss_mib=3532.801 swap_mib=0.000 rss_delta_mib=0.000
[perfect_drone_full_node-2] [INFO] [1789407957.196499590] [fsm_node]:  -- [OPTIMIZER_PHASE_MEMORY] optimizer=backup event=begin call=241 rss_mib=3532.801 swap_mib=0.000 variables=18 pieces=2
[perfect_drone_full_node-2] [INFO] [1789407957.197255482] [fsm_node]:  -- [OPTIMIZER_PHASE_MEMORY] optimizer=backup event=end call=241 duration_ms=0.821 iterations=173 ret=1 rss_mib=3532.801 swap_mib=0.000 rss_delta_mib=0.000
[perfect_drone_full_node-2] [INFO] [1789407957.197326793] [fsm_node]:  -- [OPTIMIZER_PHASE_MEMORY] optimizer=backup event=begin call=242 rss_mib=3532.801 swap_mib=0.000 variables=18 pieces=2
[perfect_drone_full_node-2] [INFO] [1789407957.199745917] [fsm_node]:  -- [OPTIMIZER_PHASE_MEMORY] optimizer=backup event=end call=242 duration_ms=2.421 iterations=466 ret=1 rss_mib=3532.801 swap_mib=0.000 rss_delta_mib=0.000
[perfect_drone_full_node-2] [WARN] [1789407957.199778996] [fsm_node]:  -- [SUPER] in [ReplanOnce]: Replan overtime, check parameters, replan dt = 0.105261003.
[perfect_drone_full_node-2] [INFO] [1789407957.212298310] [fsm_node]:  -- [OPTIMIZER_PHASE_MEMORY] optimizer=exp event=begin call=152 rss_mib=3532.801 swap_mib=0.000 variables=17 pieces=5
[perfect_drone_full_node-2]  -- [TRAJ_GUARD_CERT] trigger=main_pre status=SAFE gen=48 map=296 map_age=0.006s map_age_limit=0.500s motion_speed=6.995mps samples=286 range=[0.690,2.110] collision_tt=-1.000 ttc=-1.000 p=[0.000,0.000,0.000]
[perfect_drone_full_node-2] Publish local map size: 11718
[perfect_drone_full_node-2] [INFO] [1789407957.215947254] [fsm_node]:  -- [OPTIMIZER_PHASE_MEMORY] optimizer=exp event=end call=152 duration_ms=3.697 iterations=336 ret=1 rss_mib=3532.801 swap_mib=0.000 rss_delta_mib=0.000
[perfect_drone_full_node-2] [INFO] [1789407957.290580007] [fsm_node]:  -- [OPTIMIZER_PHASE_MEMORY] optimizer=backup event=begin call=243 rss_mib=3532.809 swap_mib=0.000 variables=18 pieces=2
[perfect_drone_full_node-2] [INFO] [1789407957.292999090] [fsm_node]:  -- [OPTIMIZER_PHASE_MEMORY] optimizer=backup event=end call=243 duration_ms=2.446 iterations=519 ret=1 rss_mib=3532.809 swap_mib=0.000 rss_delta_mib=0.000
[perfect_drone_full_node-2] [INFO] [1789407957.293059891] [fsm_node]:  -- [OPTIMIZER_PHASE_MEMORY] optimizer=backup event=begin call=244 rss_mib=3532.809 swap_mib=0.000 variables=18 pieces=2
[perfect_drone_full_node-2] [INFO] [1789407957.294527835] [fsm_node]:  -- [OPTIMIZER_PHASE_MEMORY] optimizer=backup event=end call=244 duration_ms=1.466 iterations=341 ret=1 rss_mib=3532.809 swap_mib=0.000 rss_delta_mib=0.000
[perfect_drone_full_node-2] [WARN] [1789407957.294554803] [fsm_node]:  -- [SUPER] in [ReplanOnce]: Replan overtime, check parameters, replan dt = 0.09467842.
[perfect_drone_full_node-2] [INFO] [1789407957.306884647] [fsm_node]:  -- [OPTIMIZER_PHASE_MEMORY] optimizer=exp event=begin call=153 rss_mib=3532.809 swap_mib=0.000 variables=13 pieces=4
[perfect_drone_full_node-2] [INFO] [1789407957.308777171] [fsm_node]:  -- [OPTIMIZER_PHASE_MEMORY] optimizer=exp event=end call=153 duration_ms=1.930 iterations=234 ret=1 rss_mib=3532.809 swap_mib=0.000 rss_delta_mib=0.000
[perfect_drone_full_node-2]  -- [TRAJ_GUARD_CERT] trigger=main_pre status=SAFE gen=48 map=297 map_age=0.009s map_age_limit=0.500s motion_speed=6.979mps samples=266 range=[0.790,2.110] collision_tt=-1.000 ttc=-1.000 p=[0.000,0.000,0.000]
[perfect_drone_full_node-2] Publish local map size: 14519
[perfect_drone_full_node-2] [INFO] [1789407957.393670139] [fsm_node]:  -- [OPTIMIZER_PHASE_MEMORY] optimizer=backup event=begin call=245 rss_mib=3532.809 swap_mib=0.000 variables=18 pieces=2
[perfect_drone_full_node-2] [INFO] [1789407957.396959482] [fsm_node]:  -- [OPTIMIZER_PHASE_MEMORY] optimizer=backup event=end call=245 duration_ms=3.327 iterations=590 ret=1 rss_mib=3532.809 swap_mib=0.000 rss_delta_mib=0.000
[perfect_drone_full_node-2] [INFO] [1789407957.397028808] [fsm_node]:  -- [OPTIMIZER_PHASE_MEMORY] optimizer=backup event=begin call=246 rss_mib=3532.809 swap_mib=0.000 variables=18 pieces=2
[perfect_drone_full_node-2] [INFO] [1789407957.399898527] [fsm_node]:  -- [OPTIMIZER_PHASE_MEMORY] optimizer=backup event=end call=246 duration_ms=2.868 iterations=554 ret=1 rss_mib=3532.809 swap_mib=0.000 rss_delta_mib=0.000
[perfect_drone_full_node-2] [WARN] [1789407957.399931794] [fsm_node]:  -- [SUPER] in [ReplanOnce]: Replan overtime, check parameters, replan dt = 0.105260534.
[perfect_drone_full_node-2] [INFO] [1789407957.413106133] [fsm_node]:  -- [OPTIMIZER_PHASE_MEMORY] optimizer=exp event=begin call=154 rss_mib=3532.812 swap_mib=0.000 variables=13 pieces=4
[perfect_drone_full_node-2]  -- [TRAJ_GUARD_CERT] trigger=main_pre status=SAFE gen=48 map=298 map_age=0.006s map_age_limit=0.500s motion_speed=6.915mps samples=246 range=[0.890,2.110] collision_tt=-1.000 ttc=-1.000 p=[0.000,0.000,0.000]
[perfect_drone_full_node-2] Publish local map size: 14105
[perfect_drone_full_node-2] [INFO] [1789407957.419683286] [fsm_node]:  -- [OPTIMIZER_PHASE_MEMORY] optimizer=exp event=end call=154 duration_ms=6.626 iterations=684 ret=1 rss_mib=3532.812 swap_mib=0.000 rss_delta_mib=0.000
[perfect_drone_full_node-2] [INFO] [1789407957.495205718] [fsm_node]:  -- [OPTIMIZER_PHASE_MEMORY] optimizer=backup event=begin call=247 rss_mib=3532.812 swap_mib=0.000 variables=18 pieces=2
[perfect_drone_full_node-2] [INFO] [1789407957.499891605] [fsm_node]:  -- [OPTIMIZER_PHASE_MEMORY] optimizer=backup event=end call=247 duration_ms=4.717 iterations=853 ret=1 rss_mib=3532.812 swap_mib=0.000 rss_delta_mib=0.000
[perfect_drone_full_node-2] [INFO] [1789407957.499955289] [fsm_node]:  -- [OPTIMIZER_PHASE_MEMORY] optimizer=backup event=begin call=248 rss_mib=3532.812 swap_mib=0.000 variables=18 pieces=2
[perfect_drone_full_node-2] [INFO] [1789407957.503023205] [fsm_node]:  -- [OPTIMIZER_PHASE_MEMORY] optimizer=backup event=end call=248 duration_ms=3.070 iterations=541 ret=1 rss_mib=3532.812 swap_mib=0.000 rss_delta_mib=0.000
[perfect_drone_full_node-2] [WARN] [1789407957.503051871] [fsm_node]:  -- [SUPER] in [ReplanOnce]: Replan overtime, check parameters, replan dt = 0.102988507.
[perfect_drone_full_node-2]  -- [TRAJ_GUARD_CERT] trigger=main_pre status=SAFE gen=48 map=299 map_age=0.011s map_age_limit=0.500s motion_speed=6.178mps samples=224 range=[1.000,2.110] collision_tt=-1.000 ttc=-1.000 p=[0.000,0.000,0.000]
[perfect_drone_full_node-2] Publish local map size: 14322
[perfect_drone_full_node-2] [INFO] [1789407957.513751804] [perfect_tracking]: [SENSOR_CADENCE_SUMMARY] frames=300 span_s=29.897564 hz=10.000815 raw_published=0 direct_handoffs=300 payload_bytes=188599072 side_entry_v1_enabled=0 side_entry_v1_spawned=0 side_entry_v1_injected_frames=0
[perfect_drone_full_node-2] [INFO] [1789407957.513807775] [perfect_tracking]: [SENSOR_BURST_DROPOUT_SUMMARY] enabled=0 warmup_s=1.000000 period_s=2.000000 duration_s=0.500000 phase_s=0.000000 phase_env_override=0 rendered=300 delivered=300 dropped=0 bursts=0 max_consecutive_dropped=0 max_delivered_gap_s=0.102250 dropped_payload_bytes=0
[perfect_drone_full_node-2] [INFO] [1789407957.514897510] [fsm_node]:  -- [OPTIMIZER_PHASE_MEMORY] optimizer=exp event=begin call=155 rss_mib=3532.812 swap_mib=0.000 variables=17 pieces=5
[perfect_drone_full_node-2] [INFO] [1789407957.533268650] [fsm_node]:  -- [OPTIMIZER_PHASE_MEMORY] optimizer=exp event=end call=155 duration_ms=18.399 iterations=1469 ret=1 rss_mib=3532.812 swap_mib=0.000 rss_delta_mib=0.000
[perfect_drone_full_node-2] [WARN] [1789407957.533286700] [fsm_node]:  -- [ExpOpt] Opt failed, Omg or thr or Pos violation.
[perfect_drone_full_node-2] [WARN] [1789407957.533317400] [fsm_node]:  -- [SUPER] OptimizationExpTrajInPolytopes for new path failed
[perfect_drone_full_node-2] [WARN] [1789407957.533329491] [fsm_node]:  -- [SUPER] in [ReplanOnce]: GenerateExpTrajectory failed, force return
[perfect_drone_full_node-2] [33m -- [MINCO] TrajOpt failed, (unknown)[0m
[perfect_drone_full_node-2] [33m -- [SUPER] Minco exp_traj opt failed.[0m
[perfect_drone_full_node-2] [INFO] [1789407957.557396785] [fsm_node]:  -- [OPTIMIZER_PHASE_MEMORY] optimizer=exp event=begin call=156 rss_mib=3532.906 swap_mib=0.000 variables=17 pieces=5
[perfect_drone_full_node-2] [INFO] [1789407957.569572170] [fsm_node]:  -- [OPTIMIZER_PHASE_MEMORY] optimizer=exp event=end call=156 duration_ms=12.220 iterations=1067 ret=1 rss_mib=3532.906 swap_mib=0.000 rss_delta_mib=0.000
[perfect_drone_full_node-2]  -- [TRAJ_GUARD_CERT] trigger=main_pre status=SAFE gen=48 map=300 map_age=0.015s map_age_limit=0.500s motion_speed=4.638mps samples=204 range=[1.100,2.110] collision_tt=-1.000 ttc=-1.000 p=[0.000,0.000,0.000]
[perfect_drone_full_node-2] Publish local map size: 13921
[perfect_drone_full_node-2] [INFO] [1789407957.639434702] [fsm_node]:  -- [OPTIMIZER_PHASE_MEMORY] optimizer=backup event=begin call=249 rss_mib=3533.328 swap_mib=0.000 variables=18 pieces=2
[perfect_drone_full_node-2] [INFO] [1789407957.640512654] [fsm_node]:  -- [OPTIMIZER_PHASE_MEMORY] optimizer=backup event=end call=249 duration_ms=1.110 iterations=255 ret=1 rss_mib=3533.328 swap_mib=0.000 rss_delta_mib=0.000
[perfect_drone_full_node-2] [INFO] [1789407957.640575856] [fsm_node]:  -- [OPTIMIZER_PHASE_MEMORY] optimizer=backup event=begin call=250 rss_mib=3533.328 swap_mib=0.000 variables=18 pieces=2
[perfect_drone_full_node-2] [INFO] [1789407957.644480214] [fsm_node]:  -- [OPTIMIZER_PHASE_MEMORY] optimizer=backup event=end call=250 duration_ms=3.900 iterations=697 ret=1 rss_mib=3533.328 swap_mib=0.000 rss_delta_mib=0.000
[perfect_drone_full_node-2] [WARN] [1789407957.644514156] [fsm_node]:  -- [SUPER] in [ReplanOnce]: Replan overtime, check parameters, replan dt = 0.099196059.
[perfect_drone_full_node-2] [INFO] [1789407957.656975009] [fsm_node]:  -- [OPTIMIZER_PHASE_MEMORY] optimizer=exp event=begin call=157 rss_mib=3533.328 swap_mib=0.000 variables=13 pieces=4
[perfect_drone_full_node-2] [INFO] [1789407957.660296711] [fsm_node]:  -- [OPTIMIZER_PHASE_MEMORY] optimizer=exp event=end call=157 duration_ms=3.362 iterations=386 ret=1 rss_mib=3533.328 swap_mib=0.000 rss_delta_mib=0.000
[perfect_drone_full_node-2]  -- [TRAJ_GUARD_CERT] trigger=replan_post status=SAFE gen=48 map=301 map_age=0.007s map_age_limit=0.531s motion_speed=2.878mps samples=186 range=[1.189,2.110] collision_tt=-1.000 ttc=-1.000 p=[0.000,0.000,0.000]
[perfect_drone_full_node-2]  -- [MARSIM] Running FPS: 221.422994319710796
[perfect_drone_full_node-2] Publish local map size: 13803
[perfect_drone_full_node-2] [INFO] [1789407957.729329233] [fsm_node]:  -- [OPTIMIZER_PHASE_MEMORY] optimizer=backup event=begin call=251 rss_mib=3533.332 swap_mib=0.000 variables=18 pieces=2
[perfect_drone_full_node-2] [INFO] [1789407957.731173745] [fsm_node]:  -- [OPTIMIZER_PHASE_MEMORY] optimizer=backup event=end call=251 duration_ms=1.876 iterations=353 ret=1 rss_mib=3533.332 swap_mib=0.000 rss_delta_mib=0.000
[perfect_drone_full_node-2] [INFO] [1789407957.731234742] [fsm_node]:  -- [OPTIMIZER_PHASE_MEMORY] optimizer=backup event=begin call=252 rss_mib=3533.332 swap_mib=0.000 variables=18 pieces=2
[perfect_drone_full_node-2] [INFO] [1789407957.741499690] [fsm_node]:  -- [OPTIMIZER_PHASE_MEMORY] optimizer=backup event=end call=252 duration_ms=10.255 iterations=1330 ret=1 rss_mib=3533.332 swap_mib=0.000 rss_delta_mib=0.000
[perfect_drone_full_node-2] [WARN] [1789407957.741538800] [fsm_node]:  -- [SUPER] in [ReplanOnce]: Replan overtime, check parameters, replan dt = 0.096827002.
[perfect_drone_full_node-2] [INFO] [1789407957.754736747] [fsm_node]:  -- [OPTIMIZER_PHASE_MEMORY] optimizer=exp event=begin call=158 rss_mib=3533.973 swap_mib=0.000 variables=13 pieces=4
[perfect_drone_full_node-2] [INFO] [1789407957.758422400] [fsm_node]:  -- [OPTIMIZER_PHASE_MEMORY] optimizer=exp event=end call=158 duration_ms=3.746 iterations=412 ret=1 rss_mib=3533.973 swap_mib=0.000 rss_delta_mib=0.000
[perfect_drone_full_node-2]  -- [TRAJ_GUARD_CERT] trigger=main_pre status=SAFE gen=48 map=302 map_age=0.014s map_age_limit=0.550s motion_speed=0.968mps samples=164 range=[1.300,2.110] collision_tt=-1.000 ttc=-1.000 p=[0.000,0.000,0.000]
[perfect_drone_full_node-2] [32m -- [Fsm] Get goal at [0m-23.975000000000001  24.025000000000002   1.525000000000000
[perfect_drone_full_node-2] [32m -- [Fsm] Receive click goal at: [-23.975000000000001  24.025000000000002   1.525000000000000]; goal yaw: 0.000000000000000 deg[0m
[perfect_drone_full_node-2] Publish local map size: 13307
[perfect_drone_full_node-2] [INFO] [1789407957.828791298] [fsm_node]:  -- [OPTIMIZER_PHASE_MEMORY] optimizer=backup event=begin call=253 rss_mib=3534.387 swap_mib=0.000 variables=18 pieces=2
[perfect_drone_full_node-2] [INFO] [1789407957.842648994] [fsm_node]:  -- [OPTIMIZER_PHASE_MEMORY] optimizer=backup event=end call=253 duration_ms=13.864 iterations=1863 ret=1 rss_mib=3534.387 swap_mib=0.000 rss_delta_mib=0.000
[perfect_drone_full_node-2] [INFO] [1789407957.842752531] [fsm_node]:  -- [OPTIMIZER_PHASE_MEMORY] optimizer=backup event=begin call=254 rss_mib=3534.387 swap_mib=0.000 variables=18 pieces=2
[perfect_drone_full_node-2] [INFO] [1789407957.863769888] [fsm_node]:  -- [OPTIMIZER_PHASE_MEMORY] optimizer=backup event=end call=254 duration_ms=21.007 iterations=2675 ret=1 rss_mib=3535.730 swap_mib=0.000 rss_delta_mib=1.344
[perfect_drone_full_node-2] [WARN] [1789407957.863818009] [fsm_node]:  -- [SUPER] in [ReplanOnce]: Replan overtime, check parameters, replan dt = 0.122133803.
[perfect_drone_full_node-2] [INFO] [1789407957.875622377] [fsm_node]:  -- [OPTIMIZER_PHASE_MEMORY] optimizer=exp event=begin call=159 rss_mib=3535.730 swap_mib=0.000 variables=13 pieces=4
[perfect_drone_full_node-2] [INFO] [1789407957.879704098] [fsm_node]:  -- [OPTIMIZER_PHASE_MEMORY] optimizer=exp event=end call=159 duration_ms=4.111 iterations=470 ret=1 rss_mib=3535.730 swap_mib=0.000 rss_delta_mib=0.000
[perfect_drone_full_node-2]  -- [TRAJ_GUARD_CERT] trigger=main_pre status=SAFE gen=48 map=303 map_age=0.104s map_age_limit=0.550s motion_speed=0.650mps samples=146 range=[1.390,2.110] collision_tt=-1.000 ttc=-1.000 p=[0.000,0.000,0.000]
[perfect_drone_full_node-2] Publish local map size: 12361
[perfect_drone_full_node-2] [INFO] [1789407957.952131370] [fsm_node]:  -- [OPTIMIZER_PHASE_MEMORY] optimizer=backup event=begin call=255 rss_mib=3536.199 swap_mib=0.000 variables=18 pieces=2
[perfect_drone_full_node-2] [INFO] [1789407957.952577335] [fsm_node]:  -- [OPTIMIZER_PHASE_MEMORY] optimizer=backup event=end call=255 duration_ms=0.483 iterations=81 ret=1 rss_mib=3536.199 swap_mib=0.000 rss_delta_mib=0.000
[perfect_drone_full_node-2] [WARN] [1789407957.952584915] [fsm_node]:  -- [BackOpt] Opt failed, Omg or thr or Pos violation.
[perfect_drone_full_node-2] [INFO] [1789407957.952630746] [fsm_node]:  -- [OPTIMIZER_PHASE_MEMORY] optimizer=backup event=begin call=256 rss_mib=3536.199 swap_mib=0.000 variables=18 pieces=2
[perfect_drone_full_node-2] [33m -- [MINCO] TrajOpt failed, (unknown)[0m
[perfect_drone_full_node-2] [33m -- [SUPER] Minco backup_traj opt failed.[0m
[perfect_drone_full_node-2] [INFO] [1789407957.953069470] [fsm_node]:  -- [OPTIMIZER_PHASE_MEMORY] optimizer=backup event=end call=256 duration_ms=0.438 iterations=93 ret=1 rss_mib=3536.199 swap_mib=0.000 rss_delta_mib=0.000
[perfect_drone_full_node-2] [WARN] [1789407957.953074905] [fsm_node]:  -- [BackOpt] Opt failed, Omg or thr or Pos violation.
[perfect_drone_full_node-2] [WARN] [1789407957.953081091] [fsm_node]:  -- [SUPER] OptimizationBakTrajInPolytopes failed, force return
[perfect_drone_full_node-2] [WARN] [1789407957.953088423] [fsm_node]:  -- [SUPER] in [ReplanOnce]: generateBackupTrajectory return OPT_FAILED, replan Failed return
[perfect_drone_full_node-2] [33m -- [MINCO] TrajOpt failed, (unknown)[0m
[perfect_drone_full_node-2] [33m -- [SUPER] Minco backup_traj opt failed.[0m
[perfect_drone_full_node-2] [INFO] [1789407957.966372020] [fsm_node]:  -- [OPTIMIZER_PHASE_MEMORY] optimizer=exp event=begin call=160 rss_mib=3536.199 swap_mib=0.000 variables=17 pieces=5
[perfect_drone_full_node-2] [INFO] [1789407957.971669684] [fsm_node]:  -- [OPTIMIZER_PHASE_MEMORY] optimizer=exp event=end call=160 duration_ms=5.324 iterations=446 ret=1 rss_mib=3536.199 swap_mib=0.000 rss_delta_mib=0.000
[perfect_drone_full_node-2]  -- [TRAJ_GUARD_CERT] trigger=replan_post status=SAFE gen=48 map=304 map_age=0.014s map_age_limit=0.550s motion_speed=1.117mps samples=124 range=[1.498,2.110] collision_tt=-1.000 ttc=-1.000 p=[0.000,0.000,0.000]
[perfect_drone_full_node-2] [32m -- [Fsm 30.475] Current state: FOLLOW_TRAJ[0m
[perfect_drone_full_node-2] Publish local map size: 11713
[perfect_drone_full_node-2] [INFO] [1789407958.054376701] [fsm_node]:  -- [OPTIMIZER_PHASE_MEMORY] optimizer=backup event=begin call=257 rss_mib=3536.641 swap_mib=0.000 variables=18 pieces=2
[perfect_drone_full_node-2] [INFO] [1789407958.059945825] [fsm_node]:  -- [OPTIMIZER_PHASE_MEMORY] optimizer=backup event=end call=257 duration_ms=5.607 iterations=818 ret=1 rss_mib=3536.641 swap_mib=0.000 rss_delta_mib=0.000
[perfect_drone_full_node-2] [INFO] [1789407958.060011543] [fsm_node]:  -- [OPTIMIZER_PHASE_MEMORY] optimizer=backup event=begin call=258 rss_mib=3536.641 swap_mib=0.000 variables=18 pieces=2
[perfect_drone_full_node-2] [INFO] [1789407958.061127883] [fsm_node]:  -- [OPTIMIZER_PHASE_MEMORY] optimizer=backup event=end call=258 duration_ms=1.114 iterations=242 ret=1 rss_mib=3536.641 swap_mib=0.000 rss_delta_mib=0.000
[perfect_drone_full_node-2] [WARN] [1789407958.061190295] [fsm_node]:  -- [SUPER] in [ReplanOnce]: Replan overtime, check parameters, replan dt = 0.107905445.
[perfect_drone_full_node-2] [INFO] [1789407958.061770742] [fsm_node]:  -- [TRAJ_GUARD_COMMIT] phase=ReplanOnce/no_backup gen=49 map=305 samples=9 range=[1.606,1.637] escape=false footprint_egress=false escape_done_tt=-1.000
[perfect_drone_full_node-2]  -- [TRAJ_GUARD_CERT] trigger=main_pre status=SAFE gen=48 map=305 map_age=0.008s map_age_limit=0.550s motion_speed=1.105mps samples=106 range=[1.590,2.110] collision_tt=-1.000 ttc=-1.000 p=[0.000,0.000,0.000]
[perfect_drone_full_node-2] [32m -- [Fsm] ReplanOnce succeed.[0m
[perfect_drone_full_node-2] [INFO] [1789407958.073608651] [fsm_node]:  -- [TRAJ_GUARD_COMMIT] phase=ReplanOnce/no_backup gen=50 map=305 samples=6 range=[1.618,1.637] escape=false footprint_egress=false escape_done_tt=-1.000
[perfect_drone_full_node-2]  -- [TRAJ_GUARD_CERT] trigger=poly_publish status=SAFE gen=49 map=305 map_age=0.024s map_age_limit=0.550s motion_speed=1.064mps samples=8 range=[1.607,1.637] collision_tt=-1.000 ttc=-1.000 p=[0.000,0.000,0.000]
[perfect_drone_full_node-2] [32m -- [Fsm] ReplanOnce succeed.[0m
[perfect_drone_full_node-2]  -- [TRAJ_GUARD_CERT] trigger=poly_publish status=SAFE gen=50 map=305 map_age=0.036s map_age_limit=0.550s motion_speed=0.008mps samples=5 range=[1.618,1.637] collision_tt=-1.000 ttc=-1.000 p=[0.000,0.000,0.000]
[perfect_drone_full_node-2] [32m -- [Fsm] Traj finish.[0m
[perfect_drone_full_node-2] [WARN] [1789407958.105142468] [fsm_node]:  -- [TRAJ_GUARD_RECOVERY_EPISODE_RESET] reason=horizontal_progress progress=7.100m threshold=2.000m prior_local=0 prior_vertical=0 prior_base=0
[perfect_drone_full_node-2] [38;2;000;128;000m -- [Fsm]: [PubCmdCallback] change state from [FOLLOW_TRAJ] to [GENERATE_TRAJ].
[perfect_drone_full_node-2] [0mPublish local map size: 10673
[perfect_drone_full_node-2] [INFO] [1789407958.122060431] [fsm_node]:  -- [OPTIMIZER_PHASE_MEMORY] optimizer=exp event=begin call=161 rss_mib=3536.641 swap_mib=0.000 variables=17 pieces=5
[perfect_drone_full_node-2] [INFO] [1789407958.130568408] [fsm_node]:  -- [OPTIMIZER_PHASE_MEMORY] optimizer=exp event=end call=161 duration_ms=8.551 iterations=791 ret=1 rss_mib=3536.641 swap_mib=0.000 rss_delta_mib=0.000
[perfect_drone_full_node-2] [INFO] [1789407958.130622271] [fsm_node]:  -- [SUPER] in [PlanFromRest] GenerateExpTrajectory SUCCESS.
[perfect_drone_full_node-2] [INFO] [1789407958.202995607] [fsm_node]:  -- [OPTIMIZER_PHASE_MEMORY] optimizer=backup event=begin call=259 rss_mib=3536.641 swap_mib=0.000 variables=18 pieces=2
[perfect_drone_full_node-2] [INFO] [1789407958.208627021] [fsm_node]:  -- [OPTIMIZER_PHASE_MEMORY] optimizer=backup event=end call=259 duration_ms=5.662 iterations=956 ret=1 rss_mib=3536.641 swap_mib=0.000 rss_delta_mib=0.000
[perfect_drone_full_node-2] [INFO] [1789407958.208686218] [fsm_node]:  -- [OPTIMIZER_PHASE_MEMORY] optimizer=backup event=begin call=260 rss_mib=3536.641 swap_mib=0.000 variables=18 pieces=2
[perfect_drone_full_node-2] [INFO] [1789407958.209162307] [fsm_node]:  -- [OPTIMIZER_PHASE_MEMORY] optimizer=backup event=end call=260 duration_ms=0.478 iterations=130 ret=1 rss_mib=3536.641 swap_mib=0.000 rss_delta_mib=0.000
[perfect_drone_full_node-2] [INFO] [1789407958.209480016] [fsm_node]:  -- [TRAJ_GUARD_COMMIT] phase=PlanFromRest/with_backup gen=51 map=306 samples=284 range=[0.104,1.513] escape=false footprint_egress=false escape_done_tt=-1.000
[perfect_drone_full_node-2]  -- [TRAJ_GUARD_CERT] trigger=poly_publish status=SAFE gen=51 map=306 map_age=0.071s map_age_limit=0.550s motion_speed=0.000mps samples=283 range=[0.104,1.513] collision_tt=-1.000 ttc=-1.000 p=[0.000,0.000,0.000]
[perfect_drone_full_node-2] [38;2;000;128;000m -- [Fsm]: [MainFsmCallback] change state from [GENERATE_TRAJ] to [FOLLOW_TRAJ].
[perfect_drone_full_node-2] [0mPublish local map size: 10720
[perfect_drone_full_node-2]  -- [TRAJ_GUARD_CERT] trigger=main_pre status=SAFE gen=51 map=307 map_age=0.010s map_age_limit=0.550s motion_speed=0.593mps samples=276 range=[0.140,1.513] collision_tt=-1.000 ttc=-1.000 p=[0.000,0.000,0.000]
[perfect_drone_full_node-2] Publish local map size: 13987
[perfect_drone_full_node-2] [INFO] [1789407958.355012017] [fsm_node]:  -- [OPTIMIZER_PHASE_MEMORY] optimizer=exp event=begin call=162 rss_mib=3537.598 swap_mib=0.000 variables=17 pieces=5
[perfect_drone_full_node-2] [INFO] [1789407958.370402035] [fsm_node]:  -- [OPTIMIZER_PHASE_MEMORY] optimizer=exp event=end call=162 duration_ms=15.356 iterations=1269 ret=1 rss_mib=3537.598 swap_mib=0.000 rss_delta_mib=0.000
[perfect_drone_full_node-2]  -- [TRAJ_GUARD_CERT] trigger=main_pre status=SAFE gen=51 map=308 map_age=0.013s map_age_limit=0.550s motion_speed=2.383mps samples=254 range=[0.250,1.513] collision_tt=-1.000 ttc=-1.000 p=[0.000,0.000,0.000]
[perfect_drone_full_node-2] Publish local map size: 13914
[perfect_drone_full_node-2] [INFO] [1789407958.451926063] [fsm_node]:  -- [OPTIMIZER_PHASE_MEMORY] optimizer=backup event=begin call=261 rss_mib=3538.883 swap_mib=0.000 variables=18 pieces=2
[perfect_drone_full_node-2] [INFO] [1789407958.454463030] [fsm_node]:  -- [OPTIMIZER_PHASE_MEMORY] optimizer=backup event=end call=261 duration_ms=2.593 iterations=495 ret=1 rss_mib=3538.883 swap_mib=0.000 rss_delta_mib=0.000
[perfect_drone_full_node-2] [INFO] [1789407958.454533938] [fsm_node]:  -- [OPTIMIZER_PHASE_MEMORY] optimizer=backup event=begin call=262 rss_mib=3538.883 swap_mib=0.000 variables=18 pieces=2
[perfect_drone_full_node-2] [INFO] [1789407958.458139007] [fsm_node]:  -- [OPTIMIZER_PHASE_MEMORY] optimizer=backup event=end call=262 duration_ms=3.606 iterations=607 ret=1 rss_mib=3538.883 swap_mib=0.000 rss_delta_mib=0.000
[perfect_drone_full_node-2] [WARN] [1789407958.458170836] [fsm_node]:  -- [SUPER] in [ReplanOnce]: Replan overtime, check parameters, replan dt = 0.120971671.
[perfect_drone_full_node-2] [INFO] [1789407958.479407536] [fsm_node]:  -- [OPTIMIZER_PHASE_MEMORY] optimizer=exp event=begin call=163 rss_mib=3538.883 swap_mib=0.000 variables=13 pieces=4
[perfect_drone_full_node-2] [INFO] [1789407958.487031592] [fsm_node]:  -- [OPTIMIZER_PHASE_MEMORY] optimizer=exp event=end call=163 duration_ms=7.684 iterations=699 ret=1 rss_mib=3538.883 swap_mib=0.000 rss_delta_mib=0.000
[perfect_drone_full_node-2]  -- [TRAJ_GUARD_CERT] trigger=main_pre status=SAFE gen=51 map=309 map_age=0.010s map_age_limit=0.500s motion_speed=4.332mps samples=234 range=[0.350,1.513] collision_tt=-1.000 ttc=-1.000 p=[0.000,0.000,0.000]
[perfect_drone_full_node-2] Publish local map size: 12437
[perfect_drone_full_node-2] [INFO] [1789407958.573804877] [fsm_node]:  -- [OPTIMIZER_PHASE_MEMORY] optimizer=backup event=begin call=263 rss_mib=3538.980 swap_mib=0.000 variables=18 pieces=2
[perfect_drone_full_node-2] [INFO] [1789407958.577210759] [fsm_node]:  -- [OPTIMIZER_PHASE_MEMORY] optimizer=backup event=end call=263 duration_ms=3.447 iterations=697 ret=1 rss_mib=3538.980 swap_mib=0.000 rss_delta_mib=0.000
[perfect_drone_full_node-2] [INFO] [1789407958.577318137] [fsm_node]:  -- [OPTIMIZER_PHASE_MEMORY] optimizer=backup event=begin call=264 rss_mib=3538.980 swap_mib=0.000 variables=18 pieces=2
[perfect_drone_full_node-2] [INFO] [1789407958.589985355] [fsm_node]:  -- [OPTIMIZER_PHASE_MEMORY] optimizer=backup event=end call=264 duration_ms=12.665 iterations=1816 ret=1 rss_mib=3538.980 swap_mib=0.000 rss_delta_mib=0.000
[perfect_drone_full_node-2] [WARN] [1789407958.590021094] [fsm_node]:  -- [SUPER] in [ReplanOnce]: Replan overtime, check parameters, replan dt = 0.131595695.
[perfect_drone_full_node-2] [INFO] [1789407958.607316347] [fsm_node]:  -- [OPTIMIZER_PHASE_MEMORY] optimizer=exp event=begin call=164 rss_mib=3538.980 swap_mib=0.000 variables=13 pieces=4
[perfect_drone_full_node-2]  -- [TRAJ_GUARD_CERT] trigger=main_pre status=SAFE gen=51 map=310 map_age=0.013s map_age_limit=0.500s motion_speed=5.840mps samples=214 range=[0.450,1.513] collision_tt=-1.000 ttc=-1.000 p=[0.000,0.000,0.000]
[perfect_drone_full_node-2] Publish local map size: 10771
[perfect_drone_full_node-2] [INFO] [1789407958.621894791] [fsm_node]:  -- [OPTIMIZER_PHASE_MEMORY] optimizer=exp event=end call=164 duration_ms=14.585 iterations=1440 ret=1 rss_mib=3538.980 swap_mib=0.000 rss_delta_mib=0.000
[perfect_drone_full_node-2]  -- [TRAJ_GUARD_CERT] trigger=main_pre status=SAFE gen=51 map=311 map_age=0.007s map_age_limit=0.500s motion_speed=6.608mps samples=196 range=[0.540,1.513] collision_tt=-1.000 ttc=-1.000 p=[0.000,0.000,0.000]
[perfect_drone_full_node-2] Publish local map size: 10274
[perfect_drone_full_node-2] [INFO] [1789407958.717718367] [fsm_node]:  -- [OPTIMIZER_PHASE_MEMORY] optimizer=backup event=begin call=265 rss_mib=3538.984 swap_mib=0.000 variables=18 pieces=2
[perfect_drone_full_node-2] [INFO] [1789407958.731461787] [fsm_node]:  -- [OPTIMIZER_PHASE_MEMORY] optimizer=backup event=end call=265 duration_ms=13.731 iterations=1932 ret=1 rss_mib=3538.984 swap_mib=0.000 rss_delta_mib=0.000
[perfect_drone_full_node-2] [INFO] [1789407958.731550435] [fsm_node]:  -- [OPTIMIZER_PHASE_MEMORY] optimizer=backup event=begin call=266 rss_mib=3538.984 swap_mib=0.000 variables=18 pieces=2
[perfect_drone_full_node-2] [INFO] [1789407958.745639129] [fsm_node]:  -- [OPTIMIZER_PHASE_MEMORY] optimizer=backup event=end call=266 duration_ms=14.074 iterations=1846 ret=1 rss_mib=3538.984 swap_mib=0.000 rss_delta_mib=0.000
[perfect_drone_full_node-2] [WARN] [1789407958.745700989] [fsm_node]:  -- [SUPER] in [ReplanOnce]: Replan overtime, check parameters, replan dt = 0.155533431.
[perfect_drone_full_node-2]  -- [TRAJ_GUARD_CERT] trigger=main_pre status=SAFE gen=51 map=312 map_age=0.006s map_age_limit=0.500s motion_speed=6.951mps samples=176 range=[0.640,1.513] collision_tt=-1.000 ttc=-1.000 p=[0.000,0.000,0.000]
[perfect_drone_full_node-2] [33m Yaw rate too large, 7.236679885488740[0m
[perfect_drone_full_node-2] [INFO] [1789407958.761135745] [fsm_node]:  -- [OPTIMIZER_PHASE_MEMORY] optimizer=exp event=begin call=165 rss_mib=3538.984 swap_mib=0.000 variables=9 pieces=3
[perfect_drone_full_node-2] [INFO] [1789407958.763764162] [fsm_node]:  -- [OPTIMIZER_PHASE_MEMORY] optimizer=exp event=end call=165 duration_ms=2.666 iterations=333 ret=1 rss_mib=3538.984 swap_mib=0.000 rss_delta_mib=0.000
[perfect_drone_full_node-2] Publish local map size: 10093
[perfect_drone_full_node-2] [32m -- [Fsm] Get goal at [0m-23.975000000000001  24.025000000000002   1.525000000000000
[perfect_drone_full_node-2] [32m -- [Fsm] Receive click goal at: [-23.975000000000001  24.025000000000002   1.525000000000000]; goal yaw: 0.000000000000000 deg[0m
[perfect_drone_full_node-2] [INFO] [1789407958.819167496] [fsm_node]:  -- [TRAJ_GUARD_COMMIT] phase=ReplanOnce/no_backup gen=52 map=312 samples=205 range=[0.073,1.086] escape=false footprint_egress=false escape_done_tt=-1.000
[perfect_drone_full_node-2] [32m -- [Fsm] ReplanOnce succeed.[0m
[perfect_drone_full_node-2] [INFO] [1789407958.832710063] [fsm_node]:  -- [OPTIMIZER_PHASE_MEMORY] optimizer=exp event=begin call=166 rss_mib=3538.988 swap_mib=0.000 variables=9 pieces=3
[perfect_drone_full_node-2] [INFO] [1789407958.835906948] [fsm_node]:  -- [OPTIMIZER_PHASE_MEMORY] optimizer=exp event=end call=166 duration_ms=3.261 iterations=428 ret=1 rss_mib=3538.988 swap_mib=0.000 rss_delta_mib=0.000
[perfect_drone_full_node-2] [INFO] [1789407958.883978318] [fsm_node]:  -- [TRAJ_GUARD_COMMIT] phase=ReplanOnce/no_backup gen=53 map=313 samples=193 range=[0.064,1.018] escape=false footprint_egress=false escape_done_tt=-1.000
[perfect_drone_full_node-2]  -- [TRAJ_GUARD_CERT] trigger=poly_publish status=SAFE gen=52 map=312 map_age=0.080s map_age_limit=0.500s motion_speed=7.000mps samples=204 range=[0.073,1.086] collision_tt=-1.000 ttc=-1.000 p=[0.000,0.000,0.000]
[perfect_drone_full_node-2]  -- [TRAJ_GUARD_CERT] trigger=main_pre status=SAFE gen=52 map=313 map_age=0.015s map_age_limit=0.500s motion_speed=6.992mps samples=197 range=[0.109,1.086] collision_tt=-1.000 ttc=-1.000 p=[0.000,0.000,0.000]
[perfect_drone_full_node-2] [32m -- [Fsm] ReplanOnce succeed.[0m
[perfect_drone_full_node-2] [INFO] [1789407958.895400089] [fsm_node]:  -- [OPTIMIZER_PHASE_MEMORY] optimizer=exp event=begin call=167 rss_mib=3538.988 swap_mib=0.000 variables=9 pieces=3
[perfect_drone_full_node-2] [INFO] [1789407958.902946545] [fsm_node]:  -- [OPTIMIZER_PHASE_MEMORY] optimizer=exp event=end call=167 duration_ms=7.608 iterations=907 ret=1 rss_mib=3538.988 swap_mib=0.000 rss_delta_mib=0.000
[perfect_drone_full_node-2]  -- [TRAJ_GUARD_CERT] trigger=poly_publish status=SAFE gen=53 map=313 map_age=0.044s map_age_limit=0.500s motion_speed=6.978mps samples=192 range=[0.065,1.018] collision_tt=-1.000 ttc=-1.000 p=[0.000,0.000,0.000]
[perfect_drone_full_node-2] Publish local map size: 9981
[perfect_drone_full_node-2] [INFO] [1789407958.943351963] [fsm_node]:  -- [TRAJ_GUARD_COMMIT] phase=ReplanOnce/no_backup gen=54 map=313 samples=184 range=[0.059,0.966] escape=false footprint_egress=false escape_done_tt=-1.000
[perfect_drone_full_node-2] [32m -- [Fsm] ReplanOnce succeed.[0m
[perfect_drone_full_node-2] [INFO] [1789407958.954639170] [fsm_node]:  -- [OPTIMIZER_PHASE_MEMORY] optimizer=exp event=begin call=168 rss_mib=3538.992 swap_mib=0.000 variables=9 pieces=3
[perfect_drone_full_node-2] [INFO] [1789407958.958152950] [fsm_node]:  -- [OPTIMIZER_PHASE_MEMORY] optimizer=exp event=end call=168 duration_ms=3.573 iterations=461 ret=1 rss_mib=3538.992 swap_mib=0.000 rss_delta_mib=0.000
[perfect_drone_full_node-2] [WARN] [1789407958.993417665] [fsm_node]:  -- [TRAJ_GUARD_VIABILITY_SLOWDOWN] phase=ReplanOnce/no_backup gen=55 scale=1.250 retries=1
[perfect_drone_full_node-2] [INFO] [1789407958.993472525] [fsm_node]:  -- [TRAJ_GUARD_COMMIT] phase=ReplanOnce/no_backup gen=55 map=314 samples=219 range=[0.050,1.132] escape=false footprint_egress=false escape_done_tt=-1.000
[perfect_drone_full_node-2]  -- [TRAJ_GUARD_CERT] trigger=poly_publish status=SAFE gen=54 map=313 map_age=0.104s map_age_limit=0.500s motion_speed=6.939mps samples=183 range=[0.059,0.966] collision_tt=-1.000 ttc=-1.000 p=[0.000,0.000,0.000]
[perfect_drone_full_node-2]  -- [TRAJ_GUARD_CERT] trigger=main_pre status=SAFE gen=54 map=314 map_age=0.006s map_age_limit=0.500s motion_speed=6.939mps samples=183 range=[0.061,0.966] collision_tt=-1.000 ttc=-1.000 p=[0.000,0.000,0.000]
[perfect_drone_full_node-2] [32m -- [Fsm] ReplanOnce succeed.[0m
[perfect_drone_full_node-2]  -- [TRAJ_GUARD_CERT] trigger=poly_publish status=SAFE gen=55 map=314 map_age=0.054s map_age_limit=0.500s motion_speed=6.820mps samples=218 range=[0.050,1.132] collision_tt=-1.000 ttc=-1.000 p=[0.000,0.000,0.000]
[perfect_drone_full_node-2] [32m -- [Fsm 31.485] Current state: FOLLOW_TRAJ[0m
[perfect_drone_full_node-2] [INFO] [1789407959.007051013] [fsm_node]:  -- [OPTIMIZER_PHASE_MEMORY] optimizer=exp event=begin call=169 rss_mib=3538.996 swap_mib=0.000 variables=9 pieces=3
[perfect_drone_full_node-2] [INFO] [1789407959.009641518] [fsm_node]:  -- [OPTIMIZER_PHASE_MEMORY] optimizer=exp event=end call=169 duration_ms=2.640 iterations=361 ret=1 rss_mib=3538.996 swap_mib=0.000 rss_delta_mib=0.000
[perfect_drone_full_node-2] Publish local map size: 12272
[perfect_drone_full_node-2] [INFO] [1789407959.037587296] [fsm_node]:  -- [TRAJ_GUARD_COMMIT] phase=ReplanOnce/no_backup gen=56 map=314 samples=180 range=[0.040,0.926] escape=false footprint_egress=false escape_done_tt=-1.000
[perfect_drone_full_node-2] [32m -- [Fsm] ReplanOnce succeed.[0m
[perfect_drone_full_node-2] [INFO] [1789407959.071658162] [fsm_node]:  -- [OPTIMIZER_PHASE_MEMORY] optimizer=exp event=begin call=170 rss_mib=3538.996 swap_mib=0.000 variables=5 pieces=2
[perfect_drone_full_node-2] [INFO] [1789407959.072028342] [fsm_node]:  -- [OPTIMIZER_PHASE_MEMORY] optimizer=exp event=end call=170 duration_ms=0.433 iterations=66 ret=1 rss_mib=3538.996 swap_mib=0.000 rss_delta_mib=0.000
[perfect_drone_full_node-2] [INFO] [1789407959.092289486] [fsm_node]:  -- [TRAJ_GUARD_COMMIT] phase=ReplanOnce/no_backup gen=57 map=315 samples=169 range=[0.029,0.861] escape=false footprint_egress=false escape_done_tt=-1.000
[perfect_drone_full_node-2]  -- [TRAJ_GUARD_CERT] trigger=poly_publish status=SAFE gen=56 map=314 map_age=0.098s map_age_limit=0.500s motion_speed=5.387mps samples=179 range=[0.040,0.926] collision_tt=-1.000 ttc=-1.000 p=[0.000,0.000,0.000]
[perfect_drone_full_node-2]  -- [TRAJ_GUARD_CERT] trigger=main_pre status=SAFE gen=56 map=315 map_age=0.014s map_age_limit=0.500s motion_speed=5.373mps samples=175 range=[0.058,0.926] collision_tt=-1.000 ttc=-1.000 p=[0.000,0.000,0.000]
[perfect_drone_full_node-2] [32m -- [Fsm] ReplanOnce succeed.[0m
[perfect_drone_full_node-2]  -- [TRAJ_GUARD_CERT] trigger=poly_publish status=SAFE gen=57 map=315 map_age=0.051s map_age_limit=0.500s motion_speed=5.328mps samples=168 range=[0.029,0.861] collision_tt=-1.000 ttc=-1.000 p=[0.000,0.000,0.000]
[perfect_drone_full_node-2] Publish local map size: 10111
[perfect_drone_full_node-2] [INFO] [1789407959.135235164] [fsm_node]:  -- [OPTIMIZER_PHASE_MEMORY] optimizer=exp event=begin call=171 rss_mib=3539.000 swap_mib=0.000 variables=5 pieces=2
[perfect_drone_full_node-2] [INFO] [1789407959.135653676] [fsm_node]:  -- [OPTIMIZER_PHASE_MEMORY] optimizer=exp event=end call=171 duration_ms=0.460 iterations=94 ret=1 rss_mib=3539.000 swap_mib=0.000 rss_delta_mib=0.000
[perfect_drone_full_node-2] [INFO] [1789407959.151402052] [fsm_node]:  -- [TRAJ_GUARD_COMMIT] phase=ReplanOnce/no_backup gen=58 map=316 samples=157 range=[0.022,0.793] escape=false footprint_egress=false escape_done_tt=-1.000
[perfect_drone_full_node-2]  -- [TRAJ_GUARD_CERT] trigger=main_pre status=SAFE gen=57 map=316 map_age=0.009s map_age_limit=0.500s motion_speed=5.295mps samples=157 range=[0.082,0.861] collision_tt=-1.000 ttc=-1.000 p=[0.000,0.000,0.000]
[perfect_drone_full_node-2] [32m -- [Fsm] ReplanOnce succeed.[0m
[perfect_drone_full_node-2] [INFO] [1789407959.202168127] [fsm_node]:  -- [OPTIMIZER_PHASE_MEMORY] optimizer=exp event=begin call=172 rss_mib=3539.004 swap_mib=0.000 variables=5 pieces=2
[perfect_drone_full_node-2] [INFO] [1789407959.202568814] [fsm_node]:  -- [OPTIMIZER_PHASE_MEMORY] optimizer=exp event=end call=172 duration_ms=0.455 iterations=73 ret=1 rss_mib=3539.004 swap_mib=0.000 rss_delta_mib=0.000
[perfect_drone_full_node-2]  -- [TRAJ_GUARD_CERT] trigger=poly_publish status=SAFE gen=58 map=316 map_age=0.016s map_age_limit=0.500s motion_speed=5.295mps samples=156 range=[0.022,0.793] collision_tt=-1.000 ttc=-1.000 p=[0.000,0.000,0.000]
[perfect_drone_full_node-2] Publish local map size: 9762
[perfect_drone_full_node-2] [INFO] [1789407959.215753251] [fsm_node]:  -- [TRAJ_GUARD_COMMIT] phase=ReplanOnce/no_backup gen=59 map=316 samples=144 range=[0.020,0.728] escape=false footprint_egress=false escape_done_tt=-1.000
[perfect_drone_full_node-2] [32m -- [Fsm] ReplanOnce succeed.[0m
[perfect_drone_full_node-2] [INFO] [1789407959.266302472] [fsm_node]:  -- [OPTIMIZER_PHASE_MEMORY] optimizer=exp event=begin call=173 rss_mib=3539.004 swap_mib=0.000 variables=5 pieces=2
[perfect_drone_full_node-2] [INFO] [1789407959.266693628] [fsm_node]:  -- [OPTIMIZER_PHASE_MEMORY] optimizer=exp event=end call=173 duration_ms=0.452 iterations=76 ret=1 rss_mib=3539.004 swap_mib=0.000 rss_delta_mib=0.000
[perfect_drone_full_node-2] [INFO] [1789407959.276349682] [fsm_node]:  -- [TRAJ_GUARD_COMMIT] phase=ReplanOnce/no_backup gen=60 map=317 samples=132 range=[0.015,0.661] escape=false footprint_egress=false escape_done_tt=-1.000
[perfect_drone_full_node-2]  -- [TRAJ_GUARD_CERT] trigger=poly_publish status=SAFE gen=59 map=316 map_age=0.080s map_age_limit=0.500s motion_speed=5.405mps samples=143 range=[0.021,0.728] collision_tt=-1.000 ttc=-1.000 p=[0.000,0.000,0.000]
[perfect_drone_full_node-2]  -- [TRAJ_GUARD_CERT] trigger=main_pre status=SAFE gen=59 map=317 map_age=0.009s map_age_limit=0.500s motion_speed=5.451mps samples=137 range=[0.050,0.728] collision_tt=-1.000 ttc=-1.000 p=[0.000,0.000,0.000]
[perfect_drone_full_node-2] [32m -- [Fsm] ReplanOnce succeed.[0m
[perfect_drone_full_node-2]  -- [TRAJ_GUARD_CERT] trigger=poly_publish status=SAFE gen=60 map=317 map_age=0.041s map_age_limit=0.500s motion_speed=5.540mps samples=131 range=[0.015,0.661] collision_tt=-1.000 ttc=-1.000 p=[0.000,0.000,0.000]
[perfect_drone_full_node-2] Publish local map size: 10338
[perfect_drone_full_node-2] [INFO] [1789407959.331112582] [fsm_node]:  -- [OPTIMIZER_PHASE_MEMORY] optimizer=exp event=begin call=174 rss_mib=3539.008 swap_mib=0.000 variables=5 pieces=2
[perfect_drone_full_node-2] [INFO] [1789407959.331766322] [fsm_node]:  -- [OPTIMIZER_PHASE_MEMORY] optimizer=exp event=end call=174 duration_ms=0.722 iterations=147 ret=1 rss_mib=3539.008 swap_mib=0.000 rss_delta_mib=0.000
[perfect_drone_full_node-2] [INFO] [1789407959.340060319] [fsm_node]:  -- [TRAJ_GUARD_COMMIT] phase=ReplanOnce/no_backup gen=61 map=317 samples=119 range=[0.013,0.595] escape=false footprint_egress=false escape_done_tt=-1.000
[perfect_drone_full_node-2] [32m -- [Fsm] ReplanOnce succeed.[0m
[perfect_drone_full_node-2] [INFO] [1789407959.396800234] [fsm_node]:  -- [OPTIMIZER_PHASE_MEMORY] optimizer=exp event=begin call=175 rss_mib=3539.008 swap_mib=0.000 variables=1 pieces=1
[perfect_drone_full_node-2] [INFO] [1789407959.396935048] [fsm_node]:  -- [OPTIMIZER_PHASE_MEMORY] optimizer=exp event=end call=175 duration_ms=0.180 iterations=25 ret=1 rss_mib=3539.008 swap_mib=0.000 rss_delta_mib=0.000
[perfect_drone_full_node-2] [INFO] [1789407959.403461407] [fsm_node]:  -- [TRAJ_GUARD_COMMIT] phase=ReplanOnce/no_backup gen=62 map=318 samples=106 range=[0.010,0.528] escape=false footprint_egress=false escape_done_tt=-1.000
[perfect_drone_full_node-2]  -- [TRAJ_GUARD_CERT] trigger=poly_publish status=SAFE gen=61 map=317 map_age=0.104s map_age_limit=0.500s motion_speed=5.646mps samples=118 range=[0.013,0.595] collision_tt=-1.000 ttc=-1.000 p=[0.000,0.000,0.000]
[perfect_drone_full_node-2]  -- [TRAJ_GUARD_CERT] trigger=main_pre status=SAFE gen=61 map=318 map_age=0.013s map_age_limit=0.500s motion_speed=5.659mps samples=115 range=[0.028,0.595] collision_tt=-1.000 ttc=-1.000 p=[0.000,0.000,0.000]
[perfect_drone_full_node-2] [32m -- [Fsm] ReplanOnce succeed.[0m
[perfect_drone_full_node-2]  -- [TRAJ_GUARD_CERT] trigger=poly_publish status=SAFE gen=62 map=318 map_age=0.061s map_age_limit=0.500s motion_speed=5.690mps samples=105 range=[0.010,0.528] collision_tt=-1.000 ttc=-1.000 p=[0.000,0.000,0.000]
[perfect_drone_full_node-2] Publish local map size: 9837
[perfect_drone_full_node-2] [32m -- [Fsm] Get goal at [0m-23.975000000000001 -23.975000000000001   1.525000000000000
[perfect_drone_full_node-2] [32m -- [Fsm] Receive click goal at: [-23.975000000000001 -23.975000000000001   1.525000000000000]; goal yaw: 0.000000000000000 deg[0m
[perfect_drone_full_node-2] [INFO] [1789407959.472927387] [fsm_node]:  -- [OPTIMIZER_PHASE_MEMORY] optimizer=exp event=begin call=176 rss_mib=3539.012 swap_mib=0.000 variables=17 pieces=5
[perfect_drone_full_node-2] [INFO] [1789407959.482672161] [fsm_node]:  -- [OPTIMIZER_PHASE_MEMORY] optimizer=exp event=end call=176 duration_ms=9.749 iterations=876 ret=1 rss_mib=3539.012 swap_mib=0.000 rss_delta_mib=0.000
[perfect_drone_full_node-2]  -- [TRAJ_GUARD_CERT] trigger=main_pre status=SAFE gen=62 map=319 map_age=0.008s map_age_limit=0.500s motion_speed=5.645mps samples=97 range=[0.052,0.528] collision_tt=-1.000 ttc=-1.000 p=[0.000,0.000,0.000]
[perfect_drone_full_node-2] Publish local map size: 9800
[perfect_drone_full_node-2] [INFO] [1789407959.570856297] [fsm_node]:  -- [OPTIMIZER_PHASE_MEMORY] optimizer=backup event=begin call=267 rss_mib=3539.020 swap_mib=0.000 variables=18 pieces=2
[perfect_drone_full_node-2] [INFO] [1789407959.571543610] [fsm_node]:  -- [OPTIMIZER_PHASE_MEMORY] optimizer=backup event=end call=267 duration_ms=0.736 iterations=167 ret=1 rss_mib=3539.020 swap_mib=0.000 rss_delta_mib=0.000
[perfect_drone_full_node-2] [INFO] [1789407959.571606855] [fsm_node]:  -- [OPTIMIZER_PHASE_MEMORY] optimizer=backup event=begin call=268 rss_mib=3539.020 swap_mib=0.000 variables=18 pieces=2
[perfect_drone_full_node-2] [INFO] [1789407959.572528393] [fsm_node]:  -- [OPTIMIZER_PHASE_MEMORY] optimizer=backup event=end call=268 duration_ms=0.922 iterations=215 ret=1 rss_mib=3539.020 swap_mib=0.000 rss_delta_mib=0.000
[perfect_drone_full_node-2] [WARN] [1789407959.572556653] [fsm_node]:  -- [SUPER] in [ReplanOnce]: Replan overtime, check parameters, replan dt = 0.113344308.
[perfect_drone_full_node-2] [INFO] [1789407959.585100885] [fsm_node]:  -- [OPTIMIZER_PHASE_MEMORY] optimizer=exp event=begin call=177 rss_mib=3539.020 swap_mib=0.000 variables=17 pieces=5
[perfect_drone_full_node-2] [INFO] [1789407959.589222223] [fsm_node]:  -- [OPTIMIZER_PHASE_MEMORY] optimizer=exp event=end call=177 duration_ms=4.159 iterations=409 ret=1 rss_mib=3539.020 swap_mib=0.000 rss_delta_mib=0.000
[perfect_drone_full_node-2]  -- [TRAJ_GUARD_CERT] trigger=main_pre status=SAFE gen=62 map=320 map_age=0.007s map_age_limit=0.500s motion_speed=5.021mps samples=77 range=[0.152,0.528] collision_tt=-1.000 ttc=-1.000 p=[0.000,0.000,0.000]
[perfect_drone_full_node-2] Publish local map size: 11486
[perfect_drone_full_node-2] [INFO] [1789407959.667303967] [fsm_node]:  -- [OPTIMIZER_PHASE_MEMORY] optimizer=backup event=begin call=269 rss_mib=3539.020 swap_mib=0.000 variables=18 pieces=2
[perfect_drone_full_node-2] [INFO] [1789407959.673130665] [fsm_node]:  -- [OPTIMIZER_PHASE_MEMORY] optimizer=backup event=end call=269 duration_ms=5.857 iterations=928 ret=1 rss_mib=3539.020 swap_mib=0.000 rss_delta_mib=0.000
[perfect_drone_full_node-2] [INFO] [1789407959.673202171] [fsm_node]:  -- [OPTIMIZER_PHASE_MEMORY] optimizer=backup event=begin call=270 rss_mib=3539.020 swap_mib=0.000 variables=18 pieces=2
[perfect_drone_full_node-2] [INFO] [1789407959.673720784] [fsm_node]:  -- [OPTIMIZER_PHASE_MEMORY] optimizer=backup event=end call=270 duration_ms=0.517 iterations=140 ret=1 rss_mib=3539.020 swap_mib=0.000 rss_delta_mib=0.000
[perfect_drone_full_node-2] [WARN] [1789407959.673752923] [fsm_node]:  -- [SUPER] in [ReplanOnce]: Replan overtime, check parameters, replan dt = 0.101062831.
[perfect_drone_full_node-2] [INFO] [1789407959.686015815] [fsm_node]:  -- [OPTIMIZER_PHASE_MEMORY] optimizer=exp event=begin call=178 rss_mib=3539.020 swap_mib=0.000 variables=17 pieces=5
[perfect_drone_full_node-2] [INFO] [1789407959.690638504] [fsm_node]:  -- [OPTIMIZER_PHASE_MEMORY] optimizer=exp event=end call=178 duration_ms=4.637 iterations=426 ret=1 rss_mib=3539.020 swap_mib=0.000 rss_delta_mib=0.000
[perfect_drone_full_node-2]  -- [TRAJ_GUARD_CERT] trigger=main_pre status=SAFE gen=62 map=321 map_age=0.008s map_age_limit=0.500s motion_speed=3.507mps samples=57 range=[0.252,0.528] collision_tt=-1.000 ttc=-1.000 p=[0.000,0.000,0.000]
[perfect_drone_full_node-2] Publish local map size: 16659
[perfect_drone_full_node-2] [INFO] [1789407959.774350561] [fsm_node]:  -- [OPTIMIZER_PHASE_MEMORY] optimizer=backup event=begin call=271 rss_mib=3539.059 swap_mib=0.000 variables=18 pieces=2
[perfect_drone_full_node-2] [INFO] [1789407959.775554595] [fsm_node]:  -- [OPTIMIZER_PHASE_MEMORY] optimizer=backup event=end call=271 duration_ms=1.229 iterations=317 ret=1 rss_mib=3539.059 swap_mib=0.000 rss_delta_mib=0.000
[perfect_drone_full_node-2] [INFO] [1789407959.775617590] [fsm_node]:  -- [OPTIMIZER_PHASE_MEMORY] optimizer=backup event=begin call=272 rss_mib=3539.059 swap_mib=0.000 variables=18 pieces=2
[perfect_drone_full_node-2] [INFO] [1789407959.779489516] [fsm_node]:  -- [OPTIMIZER_PHASE_MEMORY] optimizer=backup event=end call=272 duration_ms=3.869 iterations=669 ret=1 rss_mib=3539.059 swap_mib=0.000 rss_delta_mib=0.000
[perfect_drone_full_node-2] [WARN] [1789407959.779517612] [fsm_node]:  -- [SUPER] in [ReplanOnce]: Replan overtime, check parameters, replan dt = 0.105605332.
[perfect_drone_full_node-2] [INFO] [1789407959.791362225] [fsm_node]:  -- [OPTIMIZER_PHASE_MEMORY] optimizer=exp event=begin call=179 rss_mib=3539.059 swap_mib=0.000 variables=17 pieces=5
[perfect_drone_full_node-2] [INFO] [1789407959.794582917] [fsm_node]:  -- [OPTIMIZER_PHASE_MEMORY] optimizer=exp event=end call=179 duration_ms=3.255 iterations=311 ret=1 rss_mib=3539.059 swap_mib=0.000 rss_delta_mib=0.000
[perfect_drone_full_node-2]  -- [TRAJ_GUARD_CERT] trigger=main_pre status=SAFE gen=62 map=322 map_age=0.008s map_age_limit=0.550s motion_speed=1.573mps samples=37 range=[0.352,0.528] collision_tt=-1.000 ttc=-1.000 p=[0.000,0.000,0.000]
[perfect_drone_full_node-2] Publish local map size: 11388
[perfect_drone_full_node-2] [INFO] [1789407959.874131897] [fsm_node]:  -- [OPTIMIZER_PHASE_MEMORY] optimizer=backup event=begin call=273 rss_mib=3539.059 swap_mib=0.000 variables=18 pieces=2
[perfect_drone_full_node-2] [INFO] [1789407959.875376851] [fsm_node]:  -- [OPTIMIZER_PHASE_MEMORY] optimizer=backup event=end call=273 duration_ms=1.271 iterations=320 ret=1 rss_mib=3539.062 swap_mib=0.000 rss_delta_mib=0.004
[perfect_drone_full_node-2] [INFO] [1789407959.875439265] [fsm_node]:  -- [OPTIMIZER_PHASE_MEMORY] optimizer=backup event=begin call=274 rss_mib=3539.062 swap_mib=0.000 variables=18 pieces=2
[perfect_drone_full_node-2] [INFO] [1789407959.875850103] [fsm_node]:  -- [OPTIMIZER_PHASE_MEMORY] optimizer=backup event=end call=274 duration_ms=0.411 iterations=102 ret=1 rss_mib=3539.062 swap_mib=0.000 rss_delta_mib=0.000
[perfect_drone_full_node-2] [WARN] [1789407959.875875157] [fsm_node]:  -- [SUPER] in [ReplanOnce]: Replan overtime, check parameters, replan dt = 0.096207211.
[perfect_drone_full_node-2] [INFO] [1789407959.876419650] [fsm_node]:  -- [TRAJ_GUARD_COMMIT] phase=ReplanOnce/no_backup gen=63 map=323 samples=12 range=[0.483,0.528] escape=false footprint_egress=false escape_done_tt=-1.000
[perfect_drone_full_node-2]  -- [TRAJ_GUARD_CERT] trigger=main_pre status=SAFE gen=62 map=323 map_age=0.010s map_age_limit=0.550s motion_speed=0.241mps samples=17 range=[0.452,0.528] collision_tt=-1.000 ttc=-1.000 p=[0.000,0.000,0.000]
[perfect_drone_full_node-2] [32m -- [Fsm] ReplanOnce succeed.[0m
[perfect_drone_full_node-2]  -- [TRAJ_GUARD_CERT] trigger=poly_publish status=SAFE gen=63 map=323 map_age=0.042s map_age_limit=0.550s motion_speed=0.044mps samples=10 range=[0.483,0.528] collision_tt=-1.000 ttc=-1.000 p=[0.000,0.000,0.000]
[perfect_drone_full_node-2]  -- [MARSIM] Running FPS: 209.913615108711895
[perfect_drone_full_node-2] Publish local map size: 7959
[perfect_drone_full_node-2] [32m -- [Fsm] ReplanOnce succeed.[0m
[perfect_drone_full_node-2] [32m -- [Fsm] Traj finish.[0m
[perfect_drone_full_node-2] [INFO] [1789407959.946017449] [fsm_node]:  -- [OPTIMIZER_PHASE_MEMORY] optimizer=exp event=begin call=180 rss_mib=3539.062 swap_mib=0.000 variables=17 pieces=5
[perfect_drone_full_node-2] [INFO] [1789407959.950942835] [fsm_node]:  -- [OPTIMIZER_PHASE_MEMORY] optimizer=exp event=end call=180 duration_ms=5.003 iterations=481 ret=1 rss_mib=3539.062 swap_mib=0.000 rss_delta_mib=0.000
[perfect_drone_full_node-2] [INFO] [1789407959.950991161] [fsm_node]:  -- [SUPER] in [PlanFromRest] GenerateExpTrajectory SUCCESS.
[perfect_drone_full_node-2] [38;2;000;128;000m -- [Fsm]: [PubCmdCallback] change state from [FOLLOW_TRAJ] to [GENERATE_TRAJ].
[perfect_drone_full_node-2] [0mPublish local map size: 7872
[perfect_drone_full_node-2] [INFO] [1789407960.028322272] [fsm_node]:  -- [OPTIMIZER_PHASE_MEMORY] optimizer=backup event=begin call=275 rss_mib=3539.062 swap_mib=0.000 variables=18 pieces=2
[perfect_drone_full_node-2] [INFO] [1789407960.029782255] [fsm_node]:  -- [OPTIMIZER_PHASE_MEMORY] optimizer=backup event=end call=275 duration_ms=1.503 iterations=332 ret=1 rss_mib=3539.062 swap_mib=0.000 rss_delta_mib=0.000
[perfect_drone_full_node-2] [INFO] [1789407960.029858099] [fsm_node]:  -- [OPTIMIZER_PHASE_MEMORY] optimizer=backup event=begin call=276 rss_mib=3539.062 swap_mib=0.000 variables=18 pieces=2
[perfect_drone_full_node-2] [INFO] [1789407960.030278697] [fsm_node]:  -- [OPTIMIZER_PHASE_MEMORY] optimizer=backup event=end call=276 duration_ms=0.421 iterations=107 ret=1 rss_mib=3539.062 swap_mib=0.000 rss_delta_mib=0.000
[perfect_drone_full_node-2] [INFO] [1789407960.030606130] [fsm_node]:  -- [TRAJ_GUARD_COMMIT] phase=PlanFromRest/with_backup gen=64 map=324 samples=275 range=[0.095,1.457] escape=false footprint_egress=false escape_done_tt=-1.000
[perfect_drone_full_node-2]  -- [TRAJ_GUARD_CERT] trigger=poly_publish status=SAFE gen=64 map=324 map_age=0.098s map_age_limit=0.550s motion_speed=0.000mps samples=274 range=[0.095,1.457] collision_tt=-1.000 ttc=-1.000 p=[0.000,0.000,0.000]
[perfect_drone_full_node-2] [38;2;000;128;000m -- [Fsm]: [MainFsmCallback] change state from [GENERATE_TRAJ] to [FOLLOW_TRAJ].
[perfect_drone_full_node-2] [0m[32m -- [Fsm 32.521] Current state: FOLLOW_TRAJ[0m
[perfect_drone_full_node-2]  -- [TRAJ_GUARD_CERT] trigger=main_pre status=SAFE gen=64 map=325 map_age=0.012s map_age_limit=0.550s motion_speed=0.367mps samples=271 range=[0.110,1.457] collision_tt=-1.000 ttc=-1.000 p=[0.000,0.000,0.000]
[perfect_drone_full_node-2] Publish local map size: 12222
[perfect_drone_full_node-2] [INFO] [1789407960.138745864] [fsm_node]:  -- [OPTIMIZER_PHASE_MEMORY] optimizer=exp event=begin call=181 rss_mib=3539.066 swap_mib=0.000 variables=17 pieces=5
[perfect_drone_full_node-2] [INFO] [1789407960.144560821] [fsm_node]:  -- [OPTIMIZER_PHASE_MEMORY] optimizer=exp event=end call=181 duration_ms=5.872 iterations=605 ret=1 rss_mib=3539.066 swap_mib=0.000 rss_delta_mib=0.000
[perfect_drone_full_node-2]  -- [TRAJ_GUARD_CERT] trigger=main_pre status=SAFE gen=64 map=326 map_age=0.011s map_age_limit=0.550s motion_speed=1.791mps samples=251 range=[0.210,1.457] collision_tt=-1.000 ttc=-1.000 p=[0.000,0.000,0.000]
[perfect_drone_full_node-2] Publish local map size: 10740
[perfect_drone_full_node-2] [INFO] [1789407960.233215369] [fsm_node]:  -- [OPTIMIZER_PHASE_MEMORY] optimizer=backup event=begin call=277 rss_mib=3539.066 swap_mib=0.000 variables=18 pieces=2
[perfect_drone_full_node-2] [INFO] [1789407960.234147687] [fsm_node]:  -- [OPTIMIZER_PHASE_MEMORY] optimizer=backup event=end call=277 duration_ms=0.988 iterations=228 ret=1 rss_mib=3539.066 swap_mib=0.000 rss_delta_mib=0.000
[perfect_drone_full_node-2] [INFO] [1789407960.234222903] [fsm_node]:  -- [OPTIMIZER_PHASE_MEMORY] optimizer=backup event=begin call=278 rss_mib=3539.066 swap_mib=0.000 variables=18 pieces=2
[perfect_drone_full_node-2] [INFO] [1789407960.234777178] [fsm_node]:  -- [OPTIMIZER_PHASE_MEMORY] optimizer=backup event=end call=278 duration_ms=0.554 iterations=141 ret=1 rss_mib=3539.066 swap_mib=0.000 rss_delta_mib=0.000
[perfect_drone_full_node-2] [WARN] [1789407960.234812381] [fsm_node]:  -- [SUPER] in [ReplanOnce]: Replan overtime, check parameters, replan dt = 0.115551496.
[perfect_drone_full_node-2] [INFO] [1789407960.253683802] [fsm_node]:  -- [OPTIMIZER_PHASE_MEMORY] optimizer=exp event=begin call=182 rss_mib=3539.066 swap_mib=0.000 variables=17 pieces=5
[perfect_drone_full_node-2] [INFO] [1789407960.260151461] [fsm_node]:  -- [OPTIMIZER_PHASE_MEMORY] optimizer=exp event=end call=182 duration_ms=6.523 iterations=570 ret=1 rss_mib=3539.066 swap_mib=0.000 rss_delta_mib=0.000
[perfect_drone_full_node-2]  -- [TRAJ_GUARD_CERT] trigger=main_pre status=SAFE gen=64 map=327 map_age=0.010s map_age_limit=0.500s motion_speed=3.619mps samples=231 range=[0.310,1.457] collision_tt=-1.000 ttc=-1.000 p=[0.000,0.000,0.000]
[perfect_drone_full_node-2] Publish local map size: 9927
[perfect_drone_full_node-2] [INFO] [1789407960.349165562] [fsm_node]:  -- [OPTIMIZER_PHASE_MEMORY] optimizer=backup event=begin call=279 rss_mib=3539.074 swap_mib=0.000 variables=18 pieces=2
[perfect_drone_full_node-2] [INFO] [1789407960.349968281] [fsm_node]:  -- [OPTIMIZER_PHASE_MEMORY] optimizer=backup event=end call=279 duration_ms=0.843 iterations=184 ret=1 rss_mib=3539.074 swap_mib=0.000 rss_delta_mib=0.000
[perfect_drone_full_node-2] [INFO] [1789407960.350032847] [fsm_node]:  -- [OPTIMIZER_PHASE_MEMORY] optimizer=backup event=begin call=280 rss_mib=3539.074 swap_mib=0.000 variables=18 pieces=2
[perfect_drone_full_node-2] [INFO] [1789407960.353356449] [fsm_node]:  -- [OPTIMIZER_PHASE_MEMORY] optimizer=backup event=end call=280 duration_ms=3.324 iterations=631 ret=1 rss_mib=3539.074 swap_mib=0.000 rss_delta_mib=0.000
[perfect_drone_full_node-2] [WARN] [1789407960.353386914] [fsm_node]:  -- [SUPER] in [ReplanOnce]: Replan overtime, check parameters, replan dt = 0.118372219.
[perfect_drone_full_node-2] [INFO] [1789407960.371157530] [fsm_node]:  -- [OPTIMIZER_PHASE_MEMORY] optimizer=exp event=begin call=183 rss_mib=3539.074 swap_mib=0.000 variables=17 pieces=5
[perfect_drone_full_node-2] [INFO] [1789407960.380349836] [fsm_node]:  -- [OPTIMIZER_PHASE_MEMORY] optimizer=exp event=end call=183 duration_ms=9.237 iterations=772 ret=1 rss_mib=3539.074 swap_mib=0.000 rss_delta_mib=0.000
[perfect_drone_full_node-2]  -- [TRAJ_GUARD_CERT] trigger=main_pre status=SAFE gen=64 map=328 map_age=0.009s map_age_limit=0.500s motion_speed=5.195mps samples=211 range=[0.410,1.457] collision_tt=-1.000 ttc=-1.000 p=[0.000,0.000,0.000]
[perfect_drone_full_node-2] Publish local map size: 10001
[perfect_drone_full_node-2] [32m -- [Fsm] Get goal at [0m-23.975000000000001 -23.975000000000001   1.525000000000000
[perfect_drone_full_node-2] [32m -- [Fsm] Receive click goal at: [-23.975000000000001 -23.975000000000001   1.525000000000000]; goal yaw: 0.000000000000000 deg[0m
[perfect_drone_full_node-2] [INFO] [1789407960.463485990] [fsm_node]:  -- [OPTIMIZER_PHASE_MEMORY] optimizer=backup event=begin call=281 rss_mib=3539.082 swap_mib=0.000 variables=18 pieces=2
[perfect_drone_full_node-2] [INFO] [1789407960.465317477] [fsm_node]:  -- [OPTIMIZER_PHASE_MEMORY] optimizer=backup event=end call=281 duration_ms=1.894 iterations=365 ret=1 rss_mib=3539.082 swap_mib=0.000 rss_delta_mib=0.000
[perfect_drone_full_node-2] [INFO] [1789407960.465390382] [fsm_node]:  -- [OPTIMIZER_PHASE_MEMORY] optimizer=backup event=begin call=282 rss_mib=3539.082 swap_mib=0.000 variables=18 pieces=2
[perfect_drone_full_node-2] [INFO] [1789407960.467409565] [fsm_node]:  -- [OPTIMIZER_PHASE_MEMORY] optimizer=backup event=end call=282 duration_ms=2.018 iterations=407 ret=1 rss_mib=3539.082 swap_mib=0.000 rss_delta_mib=0.000
[perfect_drone_full_node-2] [WARN] [1789407960.467451521] [fsm_node]:  -- [SUPER] in [ReplanOnce]: Replan overtime, check parameters, replan dt = 0.113838682.
[perfect_drone_full_node-2] [INFO] [1789407960.482010416] [fsm_node]:  -- [OPTIMIZER_PHASE_MEMORY] optimizer=exp event=begin call=184 rss_mib=3539.082 swap_mib=0.000 variables=13 pieces=4
[perfect_drone_full_node-2] [INFO] [1789407960.486136315] [fsm_node]:  -- [OPTIMIZER_PHASE_MEMORY] optimizer=exp event=end call=184 duration_ms=4.158 iterations=419 ret=1 rss_mib=3539.082 swap_mib=0.000 rss_delta_mib=0.000
[perfect_drone_full_node-2]  -- [TRAJ_GUARD_CERT] trigger=main_pre status=SAFE gen=64 map=329 map_age=0.009s map_age_limit=0.500s motion_speed=6.306mps samples=191 range=[0.510,1.457] collision_tt=-1.000 ttc=-1.000 p=[0.000,0.000,0.000]
[perfect_drone_full_node-2] Publish local map size: 11007
[perfect_drone_full_node-2] [INFO] [1789407960.567929679] [fsm_node]:  -- [OPTIMIZER_PHASE_MEMORY] optimizer=backup event=begin call=283 rss_mib=3539.082 swap_mib=0.000 variables=18 pieces=2
[perfect_drone_full_node-2] [INFO] [1789407960.568550022] [fsm_node]:  -- [OPTIMIZER_PHASE_MEMORY] optimizer=backup event=end call=283 duration_ms=0.658 iterations=144 ret=1 rss_mib=3539.082 swap_mib=0.000 rss_delta_mib=0.000
[perfect_drone_full_node-2] [INFO] [1789407960.568616045] [fsm_node]:  -- [OPTIMIZER_PHASE_MEMORY] optimizer=backup event=begin call=284 rss_mib=3539.082 swap_mib=0.000 variables=18 pieces=2
[perfect_drone_full_node-2] [INFO] [1789407960.571285040] [fsm_node]:  -- [OPTIMIZER_PHASE_MEMORY] optimizer=backup event=end call=284 duration_ms=2.662 iterations=512 ret=1 rss_mib=3539.082 swap_mib=0.000 rss_delta_mib=0.000
[perfect_drone_full_node-2] [WARN] [1789407960.571318210] [fsm_node]:  -- [SUPER] in [ReplanOnce]: Replan overtime, check parameters, replan dt = 0.103728814.
[perfect_drone_full_node-2] [INFO] [1789407960.584569199] [fsm_node]:  -- [OPTIMIZER_PHASE_MEMORY] optimizer=exp event=begin call=185 rss_mib=3539.086 swap_mib=0.000 variables=13 pieces=4
[perfect_drone_full_node-2] [INFO] [1789407960.587795138] [fsm_node]:  -- [OPTIMIZER_PHASE_MEMORY] optimizer=exp event=end call=185 duration_ms=3.278 iterations=367 ret=1 rss_mib=3539.086 swap_mib=0.000 rss_delta_mib=0.000
[perfect_drone_full_node-2]  -- [TRAJ_GUARD_CERT] trigger=main_pre status=SAFE gen=64 map=330 map_age=0.007s map_age_limit=0.500s motion_speed=6.875mps samples=171 range=[0.610,1.457] collision_tt=-1.000 ttc=-1.000 p=[0.000,0.000,0.000]
[perfect_drone_full_node-2] Publish local map size: 12390
[perfect_drone_full_node-2] [INFO] [1789407960.663429653] [fsm_node]:  -- [OPTIMIZER_PHASE_MEMORY] optimizer=backup event=begin call=285 rss_mib=3539.086 swap_mib=0.000 variables=18 pieces=2
[perfect_drone_full_node-2] [INFO] [1789407960.664788807] [fsm_node]:  -- [OPTIMIZER_PHASE_MEMORY] optimizer=backup event=end call=285 duration_ms=1.398 iterations=317 ret=1 rss_mib=3539.086 swap_mib=0.000 rss_delta_mib=0.000
[perfect_drone_full_node-2] [INFO] [1789407960.664854137] [fsm_node]:  -- [OPTIMIZER_PHASE_MEMORY] optimizer=backup event=begin call=286 rss_mib=3539.086 swap_mib=0.000 variables=18 pieces=2
[perfect_drone_full_node-2] [INFO] [1789407960.665368770] [fsm_node]:  -- [OPTIMIZER_PHASE_MEMORY] optimizer=backup event=end call=286 duration_ms=0.514 iterations=135 ret=1 rss_mib=3539.086 swap_mib=0.000 rss_delta_mib=0.000
[perfect_drone_full_node-2] [WARN] [1789407960.665397511] [fsm_node]:  -- [SUPER] in [ReplanOnce]: Replan overtime, check parameters, replan dt = 0.093958328.
[perfect_drone_full_node-2] [INFO] [1789407960.678761481] [fsm_node]:  -- [OPTIMIZER_PHASE_MEMORY] optimizer=exp event=begin call=186 rss_mib=3539.086 swap_mib=0.000 variables=13 pieces=4
[perfect_drone_full_node-2] [INFO] [1789407960.688267753] [fsm_node]:  -- [OPTIMIZER_PHASE_MEMORY] optimizer=exp event=end call=186 duration_ms=9.541 iterations=927 ret=1 rss_mib=3539.086 swap_mib=0.000 rss_delta_mib=0.000
[perfect_drone_full_node-2]  -- [TRAJ_GUARD_CERT] trigger=main_pre status=SAFE gen=64 map=331 map_age=0.007s map_age_limit=0.500s motion_speed=7.000mps samples=151 range=[0.710,1.457] collision_tt=-1.000 ttc=-1.000 p=[0.000,0.000,0.000]
[perfect_drone_full_node-2] Publish local map size: 11984
[perfect_drone_full_node-2] [INFO] [1789407960.763850942] [fsm_node]:  -- [OPTIMIZER_PHASE_MEMORY] optimizer=backup event=begin call=287 rss_mib=3539.090 swap_mib=0.000 variables=18 pieces=2
[perfect_drone_full_node-2] [INFO] [1789407960.765027923] [fsm_node]:  -- [OPTIMIZER_PHASE_MEMORY] optimizer=backup event=end call=287 duration_ms=1.209 iterations=269 ret=1 rss_mib=3539.090 swap_mib=0.000 rss_delta_mib=0.000
[perfect_drone_full_node-2] [INFO] [1789407960.765098953] [fsm_node]:  -- [OPTIMIZER_PHASE_MEMORY] optimizer=backup event=begin call=288 rss_mib=3539.090 swap_mib=0.000 variables=18 pieces=2
[perfect_drone_full_node-2] [INFO] [1789407960.767269403] [fsm_node]:  -- [OPTIMIZER_PHASE_MEMORY] optimizer=backup event=end call=288 duration_ms=2.170 iterations=425 ret=1 rss_mib=3539.090 swap_mib=0.000 rss_delta_mib=0.000
[perfect_drone_full_node-2] [WARN] [1789407960.767299346] [fsm_node]:  -- [SUPER] in [ReplanOnce]: Replan overtime, check parameters, replan dt = 0.101792307.
[perfect_drone_full_node-2] [INFO] [1789407960.780308223] [fsm_node]:  -- [OPTIMIZER_PHASE_MEMORY] optimizer=exp event=begin call=187 rss_mib=3539.090 swap_mib=0.000 variables=17 pieces=5
[perfect_drone_full_node-2] [INFO] [1789407960.810458927] [fsm_node]:  -- [OPTIMIZER_PHASE_MEMORY] optimizer=exp event=end call=187 duration_ms=30.136 iterations=2369 ret=1 rss_mib=3539.090 swap_mib=0.000 rss_delta_mib=0.000
[perfect_drone_full_node-2]  -- [TRAJ_GUARD_CERT] trigger=main_pre status=SAFE gen=64 map=332 map_age=0.006s map_age_limit=0.500s motion_speed=6.960mps samples=131 range=[0.810,1.457] collision_tt=-1.000 ttc=-1.000 p=[0.000,0.000,0.000]
[perfect_drone_full_node-2] Publish local map size: 10504
[perfect_drone_full_node-2] [INFO] [1789407960.890390011] [fsm_node]:  -- [OPTIMIZER_PHASE_MEMORY] optimizer=backup event=begin call=289 rss_mib=3539.094 swap_mib=0.000 variables=18 pieces=2
[perfect_drone_full_node-2] [INFO] [1789407960.895299207] [fsm_node]:  -- [OPTIMIZER_PHASE_MEMORY] optimizer=backup event=end call=289 duration_ms=4.947 iterations=781 ret=1 rss_mib=3539.094 swap_mib=0.000 rss_delta_mib=0.000
[perfect_drone_full_node-2] [INFO] [1789407960.895376983] [fsm_node]:  -- [OPTIMIZER_PHASE_MEMORY] optimizer=backup event=begin call=290 rss_mib=3539.094 swap_mib=0.000 variables=18 pieces=2
[perfect_drone_full_node-2] [INFO] [1789407960.897526616] [fsm_node]:  -- [OPTIMIZER_PHASE_MEMORY] optimizer=backup event=end call=290 duration_ms=2.149 iterations=408 ret=1 rss_mib=3539.094 swap_mib=0.000 rss_delta_mib=0.000
[perfect_drone_full_node-2] [WARN] [1789407960.897560580] [fsm_node]:  -- [SUPER] in [ReplanOnce]: Replan overtime, check parameters, replan dt = 0.130147686.
[perfect_drone_full_node-2] [INFO] [1789407960.911833113] [fsm_node]:  -- [OPTIMIZER_PHASE_MEMORY] optimizer=exp event=begin call=188 rss_mib=3539.094 swap_mib=0.000 variables=17 pieces=5
[perfect_drone_full_node-2]  -- [TRAJ_GUARD_CERT] trigger=main_pre status=SAFE gen=64 map=333 map_age=0.006s map_age_limit=0.500s motion_speed=6.970mps samples=111 range=[0.910,1.457] collision_tt=-1.000 ttc=-1.000 p=[0.000,0.000,0.000]
[perfect_drone_full_node-2] Publish local map size: 9664
[perfect_drone_full_node-2] [INFO] [1789407960.920281301] [fsm_node]:  -- [OPTIMIZER_PHASE_MEMORY] optimizer=exp event=end call=188 duration_ms=8.498 iterations=646 ret=1 rss_mib=3539.094 swap_mib=0.000 rss_delta_mib=0.000
[perfect_drone_full_node-2] [INFO] [1789407961.001848198] [fsm_node]:  -- [OPTIMIZER_PHASE_MEMORY] optimizer=backup event=begin call=291 rss_mib=3539.094 swap_mib=0.000 variables=18 pieces=2
[perfect_drone_full_node-2] [INFO] [1789407961.002876849] [fsm_node]:  -- [OPTIMIZER_PHASE_MEMORY] optimizer=backup event=end call=291 duration_ms=1.062 iterations=228 ret=1 rss_mib=3539.094 swap_mib=0.000 rss_delta_mib=0.000
[perfect_drone_full_node-2] [INFO] [1789407961.002944966] [fsm_node]:  -- [OPTIMIZER_PHASE_MEMORY] optimizer=backup event=begin call=292 rss_mib=3539.094 swap_mib=0.000 variables=18 pieces=2
[perfect_drone_full_node-2] [INFO] [1789407961.004955710] [fsm_node]:  -- [OPTIMIZER_PHASE_MEMORY] optimizer=backup event=end call=292 duration_ms=2.010 iterations=385 ret=1 rss_mib=3539.094 swap_mib=0.000 rss_delta_mib=0.000
[perfect_drone_full_node-2] [WARN] [1789407961.004985539] [fsm_node]:  -- [SUPER] in [ReplanOnce]: Replan overtime, check parameters, replan dt = 0.107287304.
[perfect_drone_full_node-2]  -- [TRAJ_GUARD_CERT] trigger=main_pre status=SAFE gen=64 map=334 map_age=0.013s map_age_limit=0.500s motion_speed=6.845mps samples=89 range=[1.020,1.457] collision_tt=-1.000 ttc=-1.000 p=[0.000,0.000,0.000]
[perfect_drone_full_node-2] Publish local map size: 11449
[perfect_drone_full_node-2] [INFO] [1789407961.019662564] [fsm_node]:  -- [OPTIMIZER_PHASE_MEMORY] optimizer=exp event=begin call=189 rss_mib=3539.094 swap_mib=0.000 variables=17 pieces=5
[perfect_drone_full_node-2] [INFO] [1789407961.023237925] [fsm_node]:  -- [OPTIMIZER_PHASE_MEMORY] optimizer=exp event=end call=189 duration_ms=3.631 iterations=287 ret=1 rss_mib=3539.094 swap_mib=0.000 rss_delta_mib=0.000
[perfect_drone_full_node-2] [32m -- [Fsm 33.525] Current state: FOLLOW_TRAJ[0m
[perfect_drone_full_node-2]  -- [TRAJ_GUARD_CERT] trigger=main_pre status=SAFE gen=64 map=335 map_age=0.005s map_age_limit=0.500s motion_speed=5.343mps samples=69 range=[1.120,1.457] collision_tt=-1.000 ttc=-1.000 p=[0.000,0.000,0.000]
[perfect_drone_full_node-2] Publish local map size: 10495
[perfect_drone_full_node-2] [INFO] [1789407961.117200431] [fsm_node]:  -- [OPTIMIZER_PHASE_MEMORY] optimizer=backup event=begin call=293 rss_mib=3539.102 swap_mib=0.000 variables=18 pieces=2
[perfect_drone_full_node-2] [INFO] [1789407961.120873163] [fsm_node]:  -- [OPTIMIZER_PHASE_MEMORY] optimizer=backup event=end call=293 duration_ms=3.712 iterations=578 ret=1 rss_mib=3539.102 swap_mib=0.000 rss_delta_mib=0.000
[perfect_drone_full_node-2] [INFO] [1789407961.120983752] [fsm_node]:  -- [OPTIMIZER_PHASE_MEMORY] optimizer=backup event=begin call=294 rss_mib=3539.102 swap_mib=0.000 variables=18 pieces=2
[perfect_drone_full_node-2] [INFO] [1789407961.122722497] [fsm_node]:  -- [OPTIMIZER_PHASE_MEMORY] optimizer=backup event=end call=294 duration_ms=1.739 iterations=372 ret=1 rss_mib=3539.102 swap_mib=0.000 rss_delta_mib=0.000
[perfect_drone_full_node-2] [WARN] [1789407961.122758454] [fsm_node]:  -- [SUPER] in [ReplanOnce]: Replan overtime, check parameters, replan dt = 0.117675313.
[perfect_drone_full_node-2] [INFO] [1789407961.137635492] [fsm_node]:  -- [OPTIMIZER_PHASE_MEMORY] optimizer=exp event=begin call=190 rss_mib=3539.102 swap_mib=0.000 variables=17 pieces=5
[perfect_drone_full_node-2] [INFO] [1789407961.151539121] [fsm_node]:  -- [OPTIMIZER_PHASE_MEMORY] optimizer=exp event=end call=190 duration_ms=13.932 iterations=977 ret=1 rss_mib=3539.102 swap_mib=0.000 rss_delta_mib=0.000
[perfect_drone_full_node-2]  -- [TRAJ_GUARD_CERT] trigger=main_pre status=SAFE gen=64 map=336 map_age=0.009s map_age_limit=0.500s motion_speed=3.491mps samples=49 range=[1.220,1.457] collision_tt=-1.000 ttc=-1.000 p=[0.000,0.000,0.000]
[perfect_drone_full_node-2] Publish local map size: 11483
[perfect_drone_full_node-2] [INFO] [1789407961.259626689] [fsm_node]:  -- [OPTIMIZER_PHASE_MEMORY] optimizer=backup event=begin call=295 rss_mib=3539.105 swap_mib=0.000 variables=18 pieces=2
[perfect_drone_full_node-2] [INFO] [1789407961.260969421] [fsm_node]:  -- [OPTIMIZER_PHASE_MEMORY] optimizer=backup event=end call=295 duration_ms=1.362 iterations=251 ret=1 rss_mib=3539.105 swap_mib=0.000 rss_delta_mib=0.000
[perfect_drone_full_node-2] [INFO] [1789407961.261045100] [fsm_node]:  -- [OPTIMIZER_PHASE_MEMORY] optimizer=backup event=begin call=296 rss_mib=3539.105 swap_mib=0.000 variables=18 pieces=2
[perfect_drone_full_node-2] [INFO] [1789407961.263850127] [fsm_node]:  -- [OPTIMIZER_PHASE_MEMORY] optimizer=backup event=end call=296 duration_ms=2.801 iterations=459 ret=1 rss_mib=3539.105 swap_mib=0.000 rss_delta_mib=0.000
[perfect_drone_full_node-2] [WARN] [1789407961.263888446] [fsm_node]:  -- [SUPER] in [ReplanOnce]: Replan overtime, check parameters, replan dt = 0.140949179.
[perfect_drone_full_node-2] [INFO] [1789407961.279155422] [fsm_node]:  -- [OPTIMIZER_PHASE_MEMORY] optimizer=exp event=begin call=191 rss_mib=3539.105 swap_mib=0.000 variables=17 pieces=5
[perfect_drone_full_node-2] [INFO] [1789407961.286567036] [fsm_node]:  -- [OPTIMIZER_PHASE_MEMORY] optimizer=exp event=end call=191 duration_ms=7.455 iterations=542 ret=1 rss_mib=3539.105 swap_mib=0.000 rss_delta_mib=0.000
[perfect_drone_full_node-2]  -- [TRAJ_GUARD_CERT] trigger=replan_post status=SAFE gen=64 map=337 map_age=0.014s map_age_limit=0.550s motion_speed=1.493mps samples=27 range=[1.329,1.457] collision_tt=-1.000 ttc=-1.000 p=[0.000,0.000,0.000]
[perfect_drone_full_node-2] Publish local map size: 11989
[perfect_drone_full_node-2] [INFO] [1789407961.395034297] [fsm_node]:  -- [OPTIMIZER_PHASE_MEMORY] optimizer=backup event=begin call=297 rss_mib=3539.113 swap_mib=0.000 variables=18 pieces=2
[perfect_drone_full_node-2]  -- [TRAJ_GUARD_CERT] trigger=main_pre status=SAFE gen=64 map=338 map_age=0.009s map_age_limit=0.550s motion_speed=0.130mps samples=9 range=[1.420,1.457] collision_tt=-1.000 ttc=-1.000 p=[0.000,0.000,0.000]
[perfect_drone_full_node-2] [32m -- [Fsm] Traj finish.[0m
[perfect_drone_full_node-2] [INFO] [1789407961.396897674] [fsm_node]:  -- [OPTIMIZER_PHASE_MEMORY] optimizer=backup event=end call=297 duration_ms=1.897 iterations=358 ret=1 rss_mib=3539.113 swap_mib=0.000 rss_delta_mib=0.000
[perfect_drone_full_node-2] [INFO] [1789407961.396978331] [fsm_node]:  -- [OPTIMIZER_PHASE_MEMORY] optimizer=backup event=begin call=298 rss_mib=3539.113 swap_mib=0.000 variables=18 pieces=2
[perfect_drone_full_node-2] [INFO] [1789407961.397575650] [fsm_node]:  -- [OPTIMIZER_PHASE_MEMORY] optimizer=backup event=end call=298 duration_ms=0.598 iterations=119 ret=1 rss_mib=3539.113 swap_mib=0.000 rss_delta_mib=0.000
[perfect_drone_full_node-2] [WARN] [1789407961.397609928] [fsm_node]:  -- [SUPER] in [ReplanOnce]: Replan overtime, check parameters, replan dt = 0.13352114.
[perfect_drone_full_node-2] [WARN] [1789407961.405196903] [fsm_node]:  -- [TRAJ_GUARD_RECOVERY_EPISODE_RESET] reason=horizontal_progress progress=6.138m threshold=2.000m prior_local=0 prior_vertical=0 prior_base=0
[perfect_drone_full_node-2] [38;2;000;128;000m -- [Fsm]: [PubCmdCallback] change state from [FOLLOW_TRAJ] to [GENERATE_TRAJ].
[perfect_drone_full_node-2] [0mPublish local map size: 8675
[perfect_drone_full_node-2] [INFO] [1789407961.422255456] [fsm_node]:  -- [OPTIMIZER_PHASE_MEMORY] optimizer=exp event=begin call=192 rss_mib=3539.113 swap_mib=0.000 variables=17 pieces=5
[perfect_drone_full_node-2] [INFO] [1789407961.428577439] [fsm_node]:  -- [OPTIMIZER_PHASE_MEMORY] optimizer=exp event=end call=192 duration_ms=6.371 iterations=447 ret=1 rss_mib=3539.113 swap_mib=0.000 rss_delta_mib=0.000
[perfect_drone_full_node-2] [INFO] [1789407961.428651995] [fsm_node]:  -- [SUPER] in [PlanFromRest] GenerateExpTrajectory SUCCESS.
[perfect_drone_full_node-2] Publish local map size: 8713
[perfect_drone_full_node-2] [INFO] [1789407961.541798168] [fsm_node]:  -- [OPTIMIZER_PHASE_MEMORY] optimizer=backup event=begin call=299 rss_mib=3539.113 swap_mib=0.000 variables=18 pieces=2
[perfect_drone_full_node-2] [INFO] [1789407961.558468568] [fsm_node]:  -- [OPTIMIZER_PHASE_MEMORY] optimizer=backup event=end call=299 duration_ms=16.723 iterations=1764 ret=1 rss_mib=3539.113 swap_mib=0.000 rss_delta_mib=0.000
[perfect_drone_full_node-2] [INFO] [1789407961.558582171] [fsm_node]:  -- [OPTIMIZER_PHASE_MEMORY] optimizer=backup event=begin call=300 rss_mib=3539.113 swap_mib=0.000 variables=18 pieces=2
[perfect_drone_full_node-2] [INFO] [1789407961.559184147] [fsm_node]:  -- [OPTIMIZER_PHASE_MEMORY] optimizer=backup event=end call=300 duration_ms=0.604 iterations=111 ret=1 rss_mib=3539.113 swap_mib=0.000 rss_delta_mib=0.000
[perfect_drone_full_node-2] [INFO] [1789407961.559609588] [fsm_node]:  -- [TRAJ_GUARD_COMMIT] phase=PlanFromRest/with_backup gen=65 map=340 samples=276 range=[0.154,1.521] escape=false footprint_egress=false escape_done_tt=-1.000
[perfect_drone_full_node-2]  -- [TRAJ_GUARD_CERT] trigger=poly_publish status=SAFE gen=65 map=340 map_age=0.016s map_age_limit=0.550s motion_speed=0.000mps samples=275 range=[0.154,1.521] collision_tt=-1.000 ttc=-1.000 p=[0.000,0.000,0.000]
[perfect_drone_full_node-2] [38;2;000;128;000m -- [Fsm]: [MainFsmCallback] change state from [GENERATE_TRAJ] to [FOLLOW_TRAJ].
[perfect_drone_full_node-2] [0m[32m -- [Fsm] Get goal at [0m-23.975000000000001 -23.975000000000001   1.525000000000000
[perfect_drone_full_node-2] [32m -- [Fsm] Receive click goal at: [-23.975000000000001 -23.975000000000001   1.525000000000000]; goal yaw: 0.000000000000000 deg[0m
[perfect_drone_full_node-2] [INFO] [1789407961.589772653] [fsm_node]:  -- [OPTIMIZER_PHASE_MEMORY] optimizer=exp event=begin call=193 rss_mib=3539.113 swap_mib=0.000 variables=17 pieces=5
[perfect_drone_full_node-2] [INFO] [1789407961.602536139] [fsm_node]:  -- [OPTIMIZER_PHASE_MEMORY] optimizer=exp event=end call=193 duration_ms=12.816 iterations=769 ret=1 rss_mib=3539.113 swap_mib=0.000 rss_delta_mib=0.000
[perfect_drone_full_node-2] Publish local map size: 10510
[perfect_drone_full_node-2]  -- [TRAJ_GUARD_CERT] trigger=main_pre status=SAFE gen=65 map=341 map_age=0.008s map_age_limit=0.548s motion_speed=2.537mps samples=256 range=[0.250,1.521] collision_tt=-1.000 ttc=-1.000 p=[0.000,0.000,0.000]
[perfect_drone_full_node-2] Publish local map size: 10738
[perfect_drone_full_node-2] [INFO] [1789407961.729485725] [fsm_node]:  -- [OPTIMIZER_PHASE_MEMORY] optimizer=backup event=begin call=301 rss_mib=3539.117 swap_mib=0.000 variables=18 pieces=2
[perfect_drone_full_node-2] [INFO] [1789407961.730826566] [fsm_node]:  -- [OPTIMIZER_PHASE_MEMORY] optimizer=backup event=end call=301 duration_ms=1.401 iterations=233 ret=1 rss_mib=3539.117 swap_mib=0.000 rss_delta_mib=0.000
[perfect_drone_full_node-2] [INFO] [1789407961.730923127] [fsm_node]:  -- [OPTIMIZER_PHASE_MEMORY] optimizer=backup event=begin call=302 rss_mib=3539.117 swap_mib=0.000 variables=18 pieces=2
[perfect_drone_full_node-2] [INFO] [1789407961.733783595] [fsm_node]:  -- [OPTIMIZER_PHASE_MEMORY] optimizer=backup event=end call=302 duration_ms=2.861 iterations=460 ret=1 rss_mib=3539.117 swap_mib=0.000 rss_delta_mib=0.000
[perfect_drone_full_node-2] [WARN] [1789407961.733827556] [fsm_node]:  -- [SUPER] in [ReplanOnce]: Replan overtime, check parameters, replan dt = 0.162669249.
[perfect_drone_full_node-2] [INFO] [1789407961.752631583] [fsm_node]:  -- [OPTIMIZER_PHASE_MEMORY] optimizer=exp event=begin call=194 rss_mib=3539.117 swap_mib=0.000 variables=13 pieces=4
[perfect_drone_full_node-2] [INFO] [1789407961.757265106] [fsm_node]:  -- [OPTIMIZER_PHASE_MEMORY] optimizer=exp event=end call=194 duration_ms=4.725 iterations=370 ret=1 rss_mib=3539.117 swap_mib=0.000 rss_delta_mib=0.000
[perfect_drone_full_node-2]  -- [TRAJ_GUARD_CERT] trigger=main_pre status=SAFE gen=65 map=342 map_age=0.007s map_age_limit=0.500s motion_speed=4.413mps samples=236 range=[0.350,1.521] collision_tt=-1.000 ttc=-1.000 p=[0.000,0.000,0.000]
[perfect_drone_full_node-2] Publish local map size: 11221
[perfect_drone_full_node-2] [INFO] [1789407961.878953926] [fsm_node]:  -- [OPTIMIZER_PHASE_MEMORY] optimizer=backup event=begin call=303 rss_mib=3539.125 swap_mib=0.000 variables=18 pieces=2
[perfect_drone_full_node-2] [INFO] [1789407961.884426919] [fsm_node]:  -- [OPTIMIZER_PHASE_MEMORY] optimizer=backup event=end call=303 duration_ms=5.510 iterations=654 ret=1 rss_mib=3539.125 swap_mib=0.000 rss_delta_mib=0.000
[perfect_drone_full_node-2] [INFO] [1789407961.884518655] [fsm_node]:  -- [OPTIMIZER_PHASE_MEMORY] optimizer=backup event=begin call=304 rss_mib=3539.125 swap_mib=0.000 variables=18 pieces=2
[perfect_drone_full_node-2] [INFO] [1789407961.886071368] [fsm_node]:  -- [OPTIMIZER_PHASE_MEMORY] optimizer=backup event=end call=304 duration_ms=1.552 iterations=275 ret=1 rss_mib=3539.125 swap_mib=0.000 rss_delta_mib=0.000
[perfect_drone_full_node-2] [WARN] [1789407961.886111666] [fsm_node]:  -- [SUPER] in [ReplanOnce]: Replan overtime, check parameters, replan dt = 0.15208426.
[perfect_drone_full_node-2] [INFO] [1789407961.906235936] [fsm_node]:  -- [OPTIMIZER_PHASE_MEMORY] optimizer=exp event=begin call=195 rss_mib=3539.125 swap_mib=0.000 variables=17 pieces=5
[perfect_drone_full_node-2]  -- [TRAJ_GUARD_CERT] trigger=main_pre status=SAFE gen=65 map=343 map_age=0.006s map_age_limit=0.500s motion_speed=5.844mps samples=216 range=[0.450,1.521] collision_tt=-1.000 ttc=-1.000 p=[0.000,0.000,0.000]
[perfect_drone_full_node-2] Publish local map size: 11816
[perfect_drone_full_node-2] [INFO] [1789407961.920032292] [fsm_node]:  -- [OPTIMIZER_PHASE_MEMORY] optimizer=exp event=end call=195 duration_ms=13.836 iterations=836 ret=1 rss_mib=3539.340 swap_mib=0.000 rss_delta_mib=0.215
[perfect_drone_full_node-2]  -- [TRAJ_GUARD_CERT] trigger=main_pre status=SAFE gen=65 map=344 map_age=0.014s map_age_limit=0.500s motion_speed=6.727mps samples=194 range=[0.560,1.521] collision_tt=-1.000 ttc=-1.000 p=[0.000,0.000,0.000]
[perfect_drone_full_node-2] Publish local map size: 11345
[perfect_drone_full_node-2] [32m -- [Fsm 34.525] Current state: FOLLOW_TRAJ[0m
[perfect_drone_full_node-2] [INFO] [1789407962.043754550] [fsm_node]:  -- [OPTIMIZER_PHASE_MEMORY] optimizer=backup event=begin call=305 rss_mib=3539.344 swap_mib=0.000 variables=22 pieces=2
[perfect_drone_full_node-2] [INFO] [1789407962.045382244] [fsm_node]:  -- [OPTIMIZER_PHASE_MEMORY] optimizer=backup event=end call=305 duration_ms=1.672 iterations=261 ret=1 rss_mib=3539.344 swap_mib=0.000 rss_delta_mib=0.000
[perfect_drone_full_node-2] [INFO] [1789407962.045494500] [fsm_node]:  -- [OPTIMIZER_PHASE_MEMORY] optimizer=backup event=begin call=306 rss_mib=3539.344 swap_mib=0.000 variables=22 pieces=2
[perfect_drone_full_node-2] [INFO] [1789407962.048758547] [fsm_node]:  -- [OPTIMIZER_PHASE_MEMORY] optimizer=backup event=end call=306 duration_ms=3.263 iterations=460 ret=1 rss_mib=3539.344 swap_mib=0.000 rss_delta_mib=0.000
[perfect_drone_full_node-2] [WARN] [1789407962.048803826] [fsm_node]:  -- [SUPER] in [ReplanOnce]: Replan overtime, check parameters, replan dt = 0.162552936.
[perfect_drone_full_node-2] [INFO] [1789407962.067275558] [fsm_node]:  -- [OPTIMIZER_PHASE_MEMORY] optimizer=exp event=begin call=196 rss_mib=3539.625 swap_mib=0.000 variables=17 pieces=5
[perfect_drone_full_node-2] [INFO] [1789407962.082640795] [fsm_node]:  -- [OPTIMIZER_PHASE_MEMORY] optimizer=exp event=end call=196 duration_ms=15.422 iterations=858 ret=1 rss_mib=3539.625 swap_mib=0.000 rss_delta_mib=0.000
[perfect_drone_full_node-2]  -- [TRAJ_GUARD_CERT] trigger=main_pre status=SAFE gen=65 map=345 map_age=0.013s map_age_limit=0.500s motion_speed=6.988mps samples=174 range=[0.660,1.521] collision_tt=-1.000 ttc=-1.000 p=[0.000,0.000,0.000]
[perfect_drone_full_node-2]  -- [MARSIM] Running FPS: 210.000594874412343
[perfect_drone_full_node-2] Publish local map size: 10716
[perfect_drone_full_node-2] [INFO] [1789407962.190685470] [fsm_node]:  -- [OPTIMIZER_PHASE_MEMORY] optimizer=backup event=begin call=307 rss_mib=3540.426 swap_mib=0.000 variables=18 pieces=2
[perfect_drone_full_node-2] [INFO] [1789407962.195839308] [fsm_node]:  -- [OPTIMIZER_PHASE_MEMORY] optimizer=backup event=end call=307 duration_ms=5.181 iterations=646 ret=1 rss_mib=3540.426 swap_mib=0.000 rss_delta_mib=0.000
[perfect_drone_full_node-2] [INFO] [1789407962.195942909] [fsm_node]:  -- [OPTIMIZER_PHASE_MEMORY] optimizer=backup event=begin call=308 rss_mib=3540.426 swap_mib=0.000 variables=18 pieces=2
[perfect_drone_full_node-2] [INFO] [1789407962.199028174] [fsm_node]:  -- [OPTIMIZER_PHASE_MEMORY] optimizer=backup event=end call=308 duration_ms=3.085 iterations=406 ret=1 rss_mib=3540.426 swap_mib=0.000 rss_delta_mib=0.000
[perfect_drone_full_node-2] [WARN] [1789407962.199070795] [fsm_node]:  -- [SUPER] in [ReplanOnce]: Replan overtime, check parameters, replan dt = 0.150068274.
[perfect_drone_full_node-2]  -- [TRAJ_GUARD_CERT] trigger=main_pre status=SAFE gen=65 map=346 map_age=0.015s map_age_limit=0.500s motion_speed=6.974mps samples=154 range=[0.760,1.521] collision_tt=-1.000 ttc=-1.000 p=[0.000,0.000,0.000]
[perfect_drone_full_node-2] Publish local map size: 10614
[perfect_drone_full_node-2] [INFO] [1789407962.218261718] [fsm_node]:  -- [OPTIMIZER_PHASE_MEMORY] optimizer=exp event=begin call=197 rss_mib=3540.426 swap_mib=0.000 variables=17 pieces=5
[perfect_drone_full_node-2] [INFO] [1789407962.241967567] [fsm_node]:  -- [OPTIMIZER_PHASE_MEMORY] optimizer=exp event=end call=197 duration_ms=23.741 iterations=1299 ret=1 rss_mib=3540.430 swap_mib=0.000 rss_delta_mib=0.004
[perfect_drone_full_node-2]  -- [TRAJ_GUARD_CERT] trigger=main_pre status=SAFE gen=65 map=347 map_age=0.008s map_age_limit=0.500s motion_speed=6.940mps samples=136 range=[0.850,1.521] collision_tt=-1.000 ttc=-1.000 p=[0.000,0.000,0.000]
[perfect_drone_full_node-2] Publish local map size: 11147
[perfect_drone_full_node-2] [INFO] [1789407962.351043955] [fsm_node]:  -- [OPTIMIZER_PHASE_MEMORY] optimizer=backup event=begin call=309 rss_mib=3540.434 swap_mib=0.000 variables=18 pieces=2
[perfect_drone_full_node-2] [INFO] [1789407962.358391418] [fsm_node]:  -- [OPTIMIZER_PHASE_MEMORY] optimizer=backup event=end call=309 duration_ms=7.397 iterations=825 ret=1 rss_mib=3540.434 swap_mib=0.000 rss_delta_mib=0.000
[perfect_drone_full_node-2] [INFO] [1789407962.358487147] [fsm_node]:  -- [OPTIMIZER_PHASE_MEMORY] optimizer=backup event=begin call=310 rss_mib=3540.434 swap_mib=0.000 variables=18 pieces=2
[perfect_drone_full_node-2] [INFO] [1789407962.359372346] [fsm_node]:  -- [OPTIMIZER_PHASE_MEMORY] optimizer=backup event=end call=310 duration_ms=0.885 iterations=157 ret=1 rss_mib=3540.434 swap_mib=0.000 rss_delta_mib=0.000
[perfect_drone_full_node-2] [WARN] [1789407962.359416446] [fsm_node]:  -- [SUPER] in [ReplanOnce]: Replan overtime, check parameters, replan dt = 0.160250857.
[perfect_drone_full_node-2] [INFO] [1789407962.378939185] [fsm_node]:  -- [OPTIMIZER_PHASE_MEMORY] optimizer=exp event=begin call=198 rss_mib=3540.434 swap_mib=0.000 variables=17 pieces=5
[perfect_drone_full_node-2] [INFO] [1789407962.390716945] [fsm_node]:  -- [OPTIMIZER_PHASE_MEMORY] optimizer=exp event=end call=198 duration_ms=11.819 iterations=658 ret=1 rss_mib=3540.438 swap_mib=0.000 rss_delta_mib=0.004
[perfect_drone_full_node-2]  -- [TRAJ_GUARD_CERT] trigger=main_pre status=SAFE gen=65 map=348 map_age=0.008s map_age_limit=0.500s motion_speed=6.980mps samples=116 range=[0.950,1.521] collision_tt=-1.000 ttc=-1.000 p=[0.000,0.000,0.000]
[perfect_drone_full_node-2] Publish local map size: 12183
[perfect_drone_full_node-2] [32m -- [Fsm] Get goal at [0m-23.975000000000001 -23.975000000000001   1.525000000000000
[perfect_drone_full_node-2] [32m -- [Fsm] Receive click goal at: [-23.975000000000001 -23.975000000000001   1.525000000000000]; goal yaw: 0.000000000000000 deg[0m
[perfect_drone_full_node-2] [INFO] [1789407962.506238854] [fsm_node]:  -- [OPTIMIZER_PHASE_MEMORY] optimizer=backup event=begin call=311 rss_mib=3540.438 swap_mib=0.000 variables=18 pieces=2
[perfect_drone_full_node-2] [INFO] [1789407962.509772099] [fsm_node]:  -- [OPTIMIZER_PHASE_MEMORY] optimizer=backup event=end call=311 duration_ms=3.568 iterations=452 ret=1 rss_mib=3540.438 swap_mib=0.000 rss_delta_mib=0.000
[perfect_drone_full_node-2] [INFO] [1789407962.509878018] [fsm_node]:  -- [OPTIMIZER_PHASE_MEMORY] optimizer=backup event=begin call=312 rss_mib=3540.438 swap_mib=0.000 variables=18 pieces=2
[perfect_drone_full_node-2] [INFO] [1789407962.510498245] [fsm_node]:  -- [OPTIMIZER_PHASE_MEMORY] optimizer=backup event=end call=312 duration_ms=0.622 iterations=103 ret=1 rss_mib=3540.438 swap_mib=0.000 rss_delta_mib=0.000
[perfect_drone_full_node-2] [WARN] [1789407962.510540260] [fsm_node]:  -- [SUPER] in [ReplanOnce]: Replan overtime, check parameters, replan dt = 0.150949509.
[perfect_drone_full_node-2]  -- [TRAJ_GUARD_CERT] trigger=main_pre status=SAFE gen=65 map=349 map_age=0.007s map_age_limit=0.500s motion_speed=6.974mps samples=96 range=[1.050,1.521] collision_tt=-1.000 ttc=-1.000 p=[0.000,0.000,0.000]
[perfect_drone_full_node-2] Publish local map size: 14173
[perfect_drone_full_node-2] [INFO] [1789407962.514166409] [perfect_tracking]: [SENSOR_CADENCE_SUMMARY] frames=350 span_s=34.897972 hz=10.000581 raw_published=0 direct_handoffs=350 payload_bytes=206555712 side_entry_v1_enabled=0 side_entry_v1_spawned=0 side_entry_v1_injected_frames=0
[perfect_drone_full_node-2] [INFO] [1789407962.514223235] [perfect_tracking]: [SENSOR_BURST_DROPOUT_SUMMARY] enabled=0 warmup_s=1.000000 period_s=2.000000 duration_s=0.500000 phase_s=0.000000 phase_env_override=0 rendered=350 delivered=350 dropped=0 bursts=0 max_consecutive_dropped=0 max_delivered_gap_s=0.102250 dropped_payload_bytes=0
[perfect_drone_full_node-2] [INFO] [1789407962.529131936] [fsm_node]:  -- [OPTIMIZER_PHASE_MEMORY] optimizer=exp event=begin call=199 rss_mib=3540.844 swap_mib=0.000 variables=17 pieces=5
[perfect_drone_full_node-2] [INFO] [1789407962.534280891] [fsm_node]:  -- [OPTIMIZER_PHASE_MEMORY] optimizer=exp event=end call=199 duration_ms=5.169 iterations=285 ret=1 rss_mib=3540.844 swap_mib=0.000 rss_delta_mib=0.000
[perfect_drone_full_node-2]  -- [TRAJ_GUARD_CERT] trigger=main_pre status=SAFE gen=65 map=350 map_age=0.007s map_age_limit=0.500s motion_speed=5.666mps samples=72 range=[1.170,1.521] collision_tt=-1.000 ttc=-1.000 p=[0.000,0.000,0.000]
[perfect_drone_full_node-2] Publish local map size: 13554
[perfect_drone_full_node-2] [INFO] [1789407962.648778112] [fsm_node]:  -- [OPTIMIZER_PHASE_MEMORY] optimizer=backup event=begin call=313 rss_mib=3540.844 swap_mib=0.000 variables=18 pieces=2
[perfect_drone_full_node-2] [INFO] [1789407962.655135508] [fsm_node]:  -- [OPTIMIZER_PHASE_MEMORY] optimizer=backup event=end call=313 duration_ms=6.402 iterations=720 ret=1 rss_mib=3540.844 swap_mib=0.000 rss_delta_mib=0.000
[perfect_drone_full_node-2] [INFO] [1789407962.655260358] [fsm_node]:  -- [OPTIMIZER_PHASE_MEMORY] optimizer=backup event=begin call=314 rss_mib=3540.844 swap_mib=0.000 variables=18 pieces=2
[perfect_drone_full_node-2] [INFO] [1789407962.659141086] [fsm_node]:  -- [OPTIMIZER_PHASE_MEMORY] optimizer=backup event=end call=314 duration_ms=3.868 iterations=539 ret=1 rss_mib=3540.844 swap_mib=0.000 rss_delta_mib=0.000
[perfect_drone_full_node-2] [WARN] [1789407962.659197499] [fsm_node]:  -- [SUPER] in [ReplanOnce]: Replan overtime, check parameters, replan dt = 0.148488033.
[perfect_drone_full_node-2] [INFO] [1789407962.676691882] [fsm_node]:  -- [OPTIMIZER_PHASE_MEMORY] optimizer=exp event=begin call=200 rss_mib=3540.844 swap_mib=0.000 variables=17 pieces=5
[perfect_drone_full_node-2] [INFO] [1789407962.690003651] [fsm_node]:  -- [OPTIMIZER_PHASE_MEMORY] optimizer=exp event=end call=200 duration_ms=13.366 iterations=727 ret=1 rss_mib=3540.848 swap_mib=0.000 rss_delta_mib=0.004
[perfect_drone_full_node-2]  -- [TRAJ_GUARD_CERT] trigger=main_pre status=SAFE gen=65 map=351 map_age=0.011s map_age_limit=0.500s motion_speed=3.921mps samples=54 range=[1.260,1.521] collision_tt=-1.000 ttc=-1.000 p=[0.000,0.000,0.000]
[perfect_drone_full_node-2] Publish local map size: 12752
[perfect_drone_full_node-2]  -- [TRAJ_GUARD_CERT] trigger=main_pre status=SAFE gen=65 map=352 map_age=0.015s map_age_limit=0.550s motion_speed=2.214mps samples=34 range=[1.360,1.521] collision_tt=-1.000 ttc=-1.000 p=[0.000,0.000,0.000]
[perfect_drone_full_node-2] Publish local map size: 15878
[perfect_drone_full_node-2] [INFO] [1789407962.816544825] [fsm_node]:  -- [OPTIMIZER_PHASE_MEMORY] optimizer=backup event=begin call=315 rss_mib=3540.852 swap_mib=0.000 variables=18 pieces=2
[perfect_drone_full_node-2] [INFO] [1789407962.818106691] [fsm_node]:  -- [OPTIMIZER_PHASE_MEMORY] optimizer=backup event=end call=315 duration_ms=1.596 iterations=236 ret=1 rss_mib=3540.852 swap_mib=0.000 rss_delta_mib=0.000
[perfect_drone_full_node-2] [INFO] [1789407962.818191388] [fsm_node]:  -- [OPTIMIZER_PHASE_MEMORY] optimizer=backup event=begin call=316 rss_mib=3540.852 swap_mib=0.000 variables=18 pieces=2
[perfect_drone_full_node-2] [INFO] [1789407962.819161818] [fsm_node]:  -- [OPTIMIZER_PHASE_MEMORY] optimizer=backup event=end call=316 duration_ms=0.971 iterations=159 ret=1 rss_mib=3540.852 swap_mib=0.000 rss_delta_mib=0.000
[perfect_drone_full_node-2] [WARN] [1789407962.819197091] [fsm_node]:  -- [SUPER] in [ReplanOnce]: Replan overtime, check parameters, replan dt = 0.159891121.
[perfect_drone_full_node-2] [INFO] [1789407962.836725625] [fsm_node]:  -- [OPTIMIZER_PHASE_MEMORY] optimizer=exp event=begin call=201 rss_mib=3540.855 swap_mib=0.000 variables=17 pieces=5
[perfect_drone_full_node-2] [INFO] [1789407962.845242670] [fsm_node]:  -- [OPTIMIZER_PHASE_MEMORY] optimizer=exp event=end call=201 duration_ms=8.536 iterations=479 ret=1 rss_mib=3540.855 swap_mib=0.000 rss_delta_mib=0.000
[perfect_drone_full_node-2]  -- [TRAJ_GUARD_CERT] trigger=main_pre status=SAFE gen=65 map=353 map_age=0.012s map_age_limit=0.550s motion_speed=0.400mps samples=14 range=[1.460,1.521] collision_tt=-1.000 ttc=-1.000 p=[0.000,0.000,0.000]
[perfect_drone_full_node-2] Publish local map size: 11472
[perfect_drone_full_node-2] [32m -- [Fsm] Traj finish.[0m
[perfect_drone_full_node-2] [INFO] [1789407962.964092579] [fsm_node]:  -- [OPTIMIZER_PHASE_MEMORY] optimizer=backup event=begin call=317 rss_mib=3540.855 swap_mib=0.000 variables=18 pieces=2
[perfect_drone_full_node-2] [INFO] [1789407962.982515317] [fsm_node]:  -- [OPTIMIZER_PHASE_MEMORY] optimizer=backup event=end call=317 duration_ms=18.455 iterations=1721 ret=1 rss_mib=3540.855 swap_mib=0.000 rss_delta_mib=0.000
[perfect_drone_full_node-2] [INFO] [1789407962.982627716] [fsm_node]:  -- [OPTIMIZER_PHASE_MEMORY] optimizer=backup event=begin call=318 rss_mib=3540.855 swap_mib=0.000 variables=18 pieces=2
[perfect_drone_full_node-2] [INFO] [1789407962.983558028] [fsm_node]:  -- [OPTIMIZER_PHASE_MEMORY] optimizer=backup event=end call=318 duration_ms=0.930 iterations=155 ret=1 rss_mib=3540.855 swap_mib=0.000 rss_delta_mib=0.000
[perfect_drone_full_node-2] [WARN] [1789407962.983602000] [fsm_node]:  -- [SUPER] in [ReplanOnce]: Replan overtime, check parameters, replan dt = 0.164307602.
[perfect_drone_full_node-2] [WARN] [1789407962.983673957] [fsm_node]:  -- [TRAJ_GUARD_RECOVERY_EPISODE_RESET] reason=horizontal_progress progress=6.620m threshold=2.000m prior_local=0 prior_vertical=0 prior_base=0
[perfect_drone_full_node-2] [INFO] [1789407963.003205196] [fsm_node]:  -- [OPTIMIZER_PHASE_MEMORY] optimizer=exp event=begin call=202 rss_mib=3540.855 swap_mib=0.000 variables=17 pieces=5
[perfect_drone_full_node-2] [38;2;000;128;000m -- [Fsm]: [PubCmdCallback] change state from [FOLLOW_TRAJ] to [GENERATE_TRAJ].
[perfect_drone_full_node-2] [0mPublish local map size: 11084
[perfect_drone_full_node-2] [INFO] [1789407963.020907440] [fsm_node]:  -- [OPTIMIZER_PHASE_MEMORY] optimizer=exp event=end call=202 duration_ms=17.756 iterations=946 ret=1 rss_mib=3540.855 swap_mib=0.000 rss_delta_mib=0.000
[perfect_drone_full_node-2] [INFO] [1789407963.020989894] [fsm_node]:  -- [SUPER] in [PlanFromRest] GenerateExpTrajectory SUCCESS.
[perfect_drone_full_node-2] Publish local map size: 11202
[perfect_drone_full_node-2] [INFO] [1789407963.141522155] [fsm_node]:  -- [OPTIMIZER_PHASE_MEMORY] optimizer=backup event=begin call=319 rss_mib=3540.855 swap_mib=0.000 variables=18 pieces=2
[perfect_drone_full_node-2] [INFO] [1789407963.155200097] [fsm_node]:  -- [OPTIMIZER_PHASE_MEMORY] optimizer=backup event=end call=319 duration_ms=13.696 iterations=1304 ret=1 rss_mib=3540.855 swap_mib=0.000 rss_delta_mib=0.000
[perfect_drone_full_node-2] [INFO] [1789407963.155313495] [fsm_node]:  -- [OPTIMIZER_PHASE_MEMORY] optimizer=backup event=begin call=320 rss_mib=3540.855 swap_mib=0.000 variables=18 pieces=2
[perfect_drone_full_node-2] [INFO] [1789407963.160193727] [fsm_node]:  -- [OPTIMIZER_PHASE_MEMORY] optimizer=backup event=end call=320 duration_ms=4.879 iterations=551 ret=1 rss_mib=3540.855 swap_mib=0.000 rss_delta_mib=0.000
[perfect_drone_full_node-2] [INFO] [1789407963.160686797] [fsm_node]:  -- [TRAJ_GUARD_COMMIT] phase=PlanFromRest/with_backup gen=66 map=356 samples=266 range=[0.177,1.496] escape=false footprint_egress=false escape_done_tt=-1.000
[perfect_drone_full_node-2]  -- [TRAJ_GUARD_CERT] trigger=poly_publish status=SAFE gen=66 map=356 map_age=0.014s map_age_limit=0.550s motion_speed=0.000mps samples=265 range=[0.177,1.496] collision_tt=-1.000 ttc=-1.000 p=[0.000,0.000,0.000]
[perfect_drone_full_node-2] [38;2;000;128;000m -- [Fsm]: [MainFsmCallback] change state from [GENERATE_TRAJ] to [FOLLOW_TRAJ].
[perfect_drone_full_node-2] [0m[32m -- [Fsm 35.651] Current state: FOLLOW_TRAJ[0m
[perfect_drone_full_node-2] Publish local map size: 12921
[perfect_drone_full_node-2]  -- [TRAJ_GUARD_CERT] trigger=main_pre status=SAFE gen=66 map=357 map_age=0.013s map_age_limit=0.525s motion_speed=2.994mps samples=245 range=[0.281,1.496] collision_tt=-1.000 ttc=-1.000 p=[0.000,0.000,0.000]
[perfect_drone_full_node-2] Publish local map size: 12620
[perfect_drone_full_node-2] [INFO] [1789407963.314981450] [fsm_node]:  -- [OPTIMIZER_PHASE_MEMORY] optimizer=exp event=begin call=203 rss_mib=3540.859 swap_mib=0.000 variables=17 pieces=5
[perfect_drone_full_node-2] [INFO] [1789407963.336458275] [fsm_node]:  -- [OPTIMIZER_PHASE_MEMORY] optimizer=exp event=end call=203 duration_ms=21.464 iterations=1157 ret=1 rss_mib=3540.863 swap_mib=0.000 rss_delta_mib=0.004
[perfect_drone_full_node-2]  -- [TRAJ_GUARD_CERT] trigger=main_pre status=SAFE gen=66 map=358 map_age=0.014s map_age_limit=0.500s motion_speed=4.889mps samples=224 range=[0.382,1.496] collision_tt=-1.000 ttc=-1.000 p=[0.000,0.000,0.000]
[perfect_drone_full_node-2] Publish local map size: 11910
[perfect_drone_full_node-2] [32m -- [Fsm] Get goal at [0m-23.975000000000001 -23.975000000000001   1.525000000000000
[perfect_drone_full_node-2] [32m -- [Fsm] Receive click goal at: [-23.975000000000001 -23.975000000000001   1.525000000000000]; goal yaw: 0.000000000000000 deg[0m
[perfect_drone_full_node-2] [INFO] [1789407963.470366479] [fsm_node]:  -- [OPTIMIZER_PHASE_MEMORY] optimizer=backup event=begin call=321 rss_mib=3540.871 swap_mib=0.000 variables=18 pieces=2
[perfect_drone_full_node-2] [INFO] [1789407963.480086415] [fsm_node]:  -- [OPTIMIZER_PHASE_MEMORY] optimizer=backup event=end call=321 duration_ms=9.772 iterations=969 ret=1 rss_mib=3540.871 swap_mib=0.000 rss_delta_mib=0.000
[perfect_drone_full_node-2] [INFO] [1789407963.480190043] [fsm_node]:  -- [OPTIMIZER_PHASE_MEMORY] optimizer=backup event=begin call=322 rss_mib=3540.871 swap_mib=0.000 variables=18 pieces=2
[perfect_drone_full_node-2] [INFO] [1789407963.483116826] [fsm_node]:  -- [OPTIMIZER_PHASE_MEMORY] optimizer=backup event=end call=322 duration_ms=2.925 iterations=383 ret=1 rss_mib=3540.871 swap_mib=0.000 rss_delta_mib=0.000
[perfect_drone_full_node-2] [WARN] [1789407963.483159142] [fsm_node]:  -- [SUPER] in [ReplanOnce]: Replan overtime, check parameters, replan dt = 0.196023967.
[perfect_drone_full_node-2] [INFO] [1789407963.503235362] [fsm_node]:  -- [OPTIMIZER_PHASE_MEMORY] optimizer=exp event=begin call=204 rss_mib=3540.871 swap_mib=0.000 variables=17 pieces=5
[perfect_drone_full_node-2]  -- [TRAJ_GUARD_CERT] trigger=main_pre status=SAFE gen=66 map=359 map_age=0.006s map_age_limit=0.500s motion_speed=6.217mps samples=204 range=[0.481,1.496] collision_tt=-1.000 ttc=-1.000 p=[0.000,0.000,0.000]
[perfect_drone_full_node-2] Publish local map size: 10732
[perfect_drone_full_node-2] [INFO] [1789407963.552955744] [fsm_node]:  -- [OPTIMIZER_PHASE_MEMORY] optimizer=exp event=end call=204 duration_ms=49.720 iterations=2430 ret=1 rss_mib=3540.875 swap_mib=0.000 rss_delta_mib=0.004
[perfect_drone_full_node-2]  -- [TRAJ_GUARD_CERT] trigger=main_pre status=SAFE gen=66 map=360 map_age=0.010s map_age_limit=0.500s motion_speed=6.849mps samples=185 range=[0.581,1.496] collision_tt=-1.000 ttc=-1.000 p=[0.000,0.000,0.000]
[perfect_drone_full_node-2] Publish local map size: 9487
[perfect_drone_full_node-2] [INFO] [1789407963.685303544] [fsm_node]:  -- [OPTIMIZER_PHASE_MEMORY] optimizer=backup event=begin call=323 rss_mib=3540.879 swap_mib=0.000 variables=18 pieces=2
[perfect_drone_full_node-2] [INFO] [1789407963.686485361] [fsm_node]:  -- [OPTIMIZER_PHASE_MEMORY] optimizer=backup event=end call=323 duration_ms=1.252 iterations=178 ret=1 rss_mib=3540.879 swap_mib=0.000 rss_delta_mib=0.000
[perfect_drone_full_node-2] [INFO] [1789407963.686583600] [fsm_node]:  -- [OPTIMIZER_PHASE_MEMORY] optimizer=backup event=begin call=324 rss_mib=3540.879 swap_mib=0.000 variables=18 pieces=2
[perfect_drone_full_node-2] [INFO] [1789407963.689237467] [fsm_node]:  -- [OPTIMIZER_PHASE_MEMORY] optimizer=backup event=end call=324 duration_ms=2.655 iterations=397 ret=1 rss_mib=3540.879 swap_mib=0.000 rss_delta_mib=0.000
[perfect_drone_full_node-2] [WARN] [1789407963.689278937] [fsm_node]:  -- [SUPER] in [ReplanOnce]: Replan overtime, check parameters, replan dt = 0.205948405.
[perfect_drone_full_node-2] [INFO] [1789407963.708593790] [fsm_node]:  -- [OPTIMIZER_PHASE_MEMORY] optimizer=exp event=begin call=205 rss_mib=3540.879 swap_mib=0.000 variables=17 pieces=5
[perfect_drone_full_node-2]  -- [TRAJ_GUARD_CERT] trigger=main_pre status=SAFE gen=66 map=361 map_age=0.009s map_age_limit=0.500s motion_speed=7.000mps samples=165 range=[0.681,1.496] collision_tt=-1.000 ttc=-1.000 p=[0.000,0.000,0.000]
[perfect_drone_full_node-2] Publish local map size: 9325
[perfect_drone_full_node-2] [INFO] [1789407963.736422681] [fsm_node]:  -- [OPTIMIZER_PHASE_MEMORY] optimizer=exp event=end call=205 duration_ms=27.850 iterations=1369 ret=1 rss_mib=3540.879 swap_mib=0.000 rss_delta_mib=0.000
[perfect_drone_full_node-2]  -- [TRAJ_GUARD_CERT] trigger=main_pre status=SAFE gen=66 map=362 map_age=0.015s map_age_limit=0.500s motion_speed=6.971mps samples=143 range=[0.791,1.496] collision_tt=-1.000 ttc=-1.000 p=[0.000,0.000,0.000]
[perfect_drone_full_node-2] Publish local map size: 9224
[perfect_drone_full_node-2] [INFO] [1789407963.858614932] [fsm_node]:  -- [OPTIMIZER_PHASE_MEMORY] optimizer=backup event=begin call=325 rss_mib=3540.891 swap_mib=0.000 variables=18 pieces=2
[perfect_drone_full_node-2] [INFO] [1789407963.860480473] [fsm_node]:  -- [OPTIMIZER_PHASE_MEMORY] optimizer=backup event=end call=325 duration_ms=1.911 iterations=278 ret=1 rss_mib=3540.891 swap_mib=0.000 rss_delta_mib=0.000
[perfect_drone_full_node-2] [INFO] [1789407963.860583497] [fsm_node]:  -- [OPTIMIZER_PHASE_MEMORY] optimizer=backup event=begin call=326 rss_mib=3540.891 swap_mib=0.000 variables=18 pieces=2
[perfect_drone_full_node-2] [INFO] [1789407963.863151949] [fsm_node]:  -- [OPTIMIZER_PHASE_MEMORY] optimizer=backup event=end call=326 duration_ms=2.565 iterations=346 ret=1 rss_mib=3540.891 swap_mib=0.000 rss_delta_mib=0.000
[perfect_drone_full_node-2] [WARN] [1789407963.863205800] [fsm_node]:  -- [SUPER] in [ReplanOnce]: Replan overtime, check parameters, replan dt = 0.173746734.
[perfect_drone_full_node-2] [INFO] [1789407963.883232529] [fsm_node]:  -- [OPTIMIZER_PHASE_MEMORY] optimizer=exp event=begin call=206 rss_mib=3540.891 swap_mib=0.000 variables=17 pieces=5
[perfect_drone_full_node-2] [INFO] [1789407963.903933379] [fsm_node]:  -- [OPTIMIZER_PHASE_MEMORY] optimizer=exp event=end call=206 duration_ms=20.747 iterations=1062 ret=1 rss_mib=3540.891 swap_mib=0.000 rss_delta_mib=0.000
[perfect_drone_full_node-2]  -- [TRAJ_GUARD_CERT] trigger=main_pre status=SAFE gen=66 map=363 map_age=0.013s map_age_limit=0.500s motion_speed=6.978mps samples=123 range=[0.891,1.496] collision_tt=-1.000 ttc=-1.000 p=[0.000,0.000,0.000]
[perfect_drone_full_node-2] Publish local map size: 9140
[perfect_drone_full_node-2]  -- [TRAJ_GUARD_CERT] trigger=main_pre status=SAFE gen=66 map=364 map_age=0.017s map_age_limit=0.500s motion_speed=6.996mps samples=102 range=[0.991,1.496] collision_tt=-1.000 ttc=-1.000 p=[0.000,0.000,0.000]
[perfect_drone_full_node-2] Publish local map size: 9386
[perfect_drone_full_node-2] [INFO] [1789407964.020163507] [fsm_node]:  -- [OPTIMIZER_PHASE_MEMORY] optimizer=backup event=begin call=327 rss_mib=3540.895 swap_mib=0.000 variables=18 pieces=2
[perfect_drone_full_node-2] [INFO] [1789407964.021127044] [fsm_node]:  -- [OPTIMIZER_PHASE_MEMORY] optimizer=backup event=end call=327 duration_ms=1.003 iterations=148 ret=1 rss_mib=3540.895 swap_mib=0.000 rss_delta_mib=0.000
[perfect_drone_full_node-2] [INFO] [1789407964.021220423] [fsm_node]:  -- [OPTIMIZER_PHASE_MEMORY] optimizer=backup event=begin call=328 rss_mib=3540.895 swap_mib=0.000 variables=18 pieces=2
[perfect_drone_full_node-2] [INFO] [1789407964.024637245] [fsm_node]:  -- [OPTIMIZER_PHASE_MEMORY] optimizer=backup event=end call=328 duration_ms=3.417 iterations=460 ret=1 rss_mib=3540.895 swap_mib=0.000 rss_delta_mib=0.000
[perfect_drone_full_node-2] [WARN] [1789407964.024676877] [fsm_node]:  -- [SUPER] in [ReplanOnce]: Replan overtime, check parameters, replan dt = 0.16130291.
[perfect_drone_full_node-2] [INFO] [1789407964.044860555] [fsm_node]:  -- [OPTIMIZER_PHASE_MEMORY] optimizer=exp event=begin call=207 rss_mib=3540.895 swap_mib=0.000 variables=17 pieces=5
[perfect_drone_full_node-2] [INFO] [1789407964.056010874] [fsm_node]:  -- [OPTIMIZER_PHASE_MEMORY] optimizer=exp event=end call=207 duration_ms=11.218 iterations=582 ret=1 rss_mib=3540.895 swap_mib=0.000 rss_delta_mib=0.000
[perfect_drone_full_node-2]  -- [TRAJ_GUARD_CERT] trigger=main_pre status=SAFE gen=66 map=365 map_age=0.015s map_age_limit=0.500s motion_speed=6.594mps samples=83 range=[1.091,1.496] collision_tt=-1.000 ttc=-1.000 p=[0.000,0.000,0.000]
[perfect_drone_full_node-2]  -- [MARSIM] Running FPS: 197.908311019006334
[perfect_drone_full_node-2] Publish local map size: 10880
[perfect_drone_full_node-2] [32m -- [Fsm 36.655] Current state: FOLLOW_TRAJ[0m
[perfect_drone_full_node-2] [INFO] [1789407964.173852177] [fsm_node]:  -- [OPTIMIZER_PHASE_MEMORY] optimizer=backup event=begin call=329 rss_mib=3540.902 swap_mib=0.000 variables=18 pieces=2
[perfect_drone_full_node-2] [INFO] [1789407964.175070716] [fsm_node]:  -- [OPTIMIZER_PHASE_MEMORY] optimizer=backup event=end call=329 duration_ms=1.262 iterations=180 ret=1 rss_mib=3540.902 swap_mib=0.000 rss_delta_mib=0.000
[perfect_drone_full_node-2] [INFO] [1789407964.175170525] [fsm_node]:  -- [OPTIMIZER_PHASE_MEMORY] optimizer=backup event=begin call=330 rss_mib=3540.902 swap_mib=0.000 variables=18 pieces=2
[perfect_drone_full_node-2] [INFO] [1789407964.177164113] [fsm_node]:  -- [OPTIMIZER_PHASE_MEMORY] optimizer=backup event=end call=330 duration_ms=1.994 iterations=295 ret=1 rss_mib=3540.902 swap_mib=0.000 rss_delta_mib=0.000
[perfect_drone_full_node-2] [WARN] [1789407964.177207824] [fsm_node]:  -- [SUPER] in [ReplanOnce]: Replan overtime, check parameters, replan dt = 0.152354718.
[perfect_drone_full_node-2] [INFO] [1789407964.199610021] [fsm_node]:  -- [OPTIMIZER_PHASE_MEMORY] optimizer=exp event=begin call=208 rss_mib=3540.902 swap_mib=0.000 variables=17 pieces=5
[perfect_drone_full_node-2]  -- [TRAJ_GUARD_CERT] trigger=main_pre status=SAFE gen=66 map=366 map_age=0.010s map_age_limit=0.500s motion_speed=4.825mps samples=63 range=[1.191,1.496] collision_tt=-1.000 ttc=-1.000 p=[0.000,0.000,0.000]
[perfect_drone_full_node-2] Publish local map size: 13679
[perfect_drone_full_node-2] [INFO] [1789407964.220323239] [fsm_node]:  -- [OPTIMIZER_PHASE_MEMORY] optimizer=exp event=end call=208 duration_ms=20.728 iterations=1033 ret=1 rss_mib=3541.168 swap_mib=0.000 rss_delta_mib=0.266
[perfect_drone_full_node-2]  -- [TRAJ_GUARD_CERT] trigger=main_pre status=SAFE gen=66 map=367 map_age=0.009s map_age_limit=0.526s motion_speed=2.979mps samples=43 range=[1.291,1.496] collision_tt=-1.000 ttc=-1.000 p=[0.000,0.000,0.000]
[perfect_drone_full_node-2] Publish local map size: 12686
[perfect_drone_full_node-2] [INFO] [1789407964.346445659] [fsm_node]:  -- [OPTIMIZER_PHASE_MEMORY] optimizer=backup event=begin call=331 rss_mib=3541.391 swap_mib=0.000 variables=18 pieces=2
[perfect_drone_full_node-2] [INFO] [1789407964.350398921] [fsm_node]:  -- [OPTIMIZER_PHASE_MEMORY] optimizer=backup event=end call=331 duration_ms=4.030 iterations=473 ret=1 rss_mib=3541.391 swap_mib=0.000 rss_delta_mib=0.000
[perfect_drone_full_node-2] [INFO] [1789407964.350510099] [fsm_node]:  -- [OPTIMIZER_PHASE_MEMORY] optimizer=backup event=begin call=332 rss_mib=3541.391 swap_mib=0.000 variables=18 pieces=2
[perfect_drone_full_node-2] [INFO] [1789407964.352437410] [fsm_node]:  -- [OPTIMIZER_PHASE_MEMORY] optimizer=backup event=end call=332 duration_ms=1.927 iterations=275 ret=1 rss_mib=3541.391 swap_mib=0.000 rss_delta_mib=0.000
[perfect_drone_full_node-2] [WARN] [1789407964.352480239] [fsm_node]:  -- [SUPER] in [ReplanOnce]: Replan overtime, check parameters, replan dt = 0.175098689.
[perfect_drone_full_node-2] [INFO] [1789407964.371696746] [fsm_node]:  -- [OPTIMIZER_PHASE_MEMORY] optimizer=exp event=begin call=209 rss_mib=3541.391 swap_mib=0.000 variables=17 pieces=5
[perfect_drone_full_node-2] [INFO] [1789407964.396697487] [fsm_node]:  -- [OPTIMIZER_PHASE_MEMORY] optimizer=exp event=end call=209 duration_ms=25.043 iterations=1207 ret=1 rss_mib=3541.395 swap_mib=0.000 rss_delta_mib=0.004
[perfect_drone_full_node-2]  -- [TRAJ_GUARD_CERT] trigger=main_pre status=SAFE gen=66 map=368 map_age=0.010s map_age_limit=0.550s motion_speed=1.125mps samples=23 range=[1.391,1.496] collision_tt=-1.000 ttc=-1.000 p=[0.000,0.000,0.000]
[perfect_drone_full_node-2] Publish local map size: 11499
[perfect_drone_full_node-2] [32m -- [Fsm] Get goal at [0m-23.975000000000001 -23.975000000000001   1.525000000000000
[perfect_drone_full_node-2] [32m -- [Fsm] Receive click goal at: [-23.975000000000001 -23.975000000000001   1.525000000000000]; goal yaw: 0.000000000000000 deg[0m
[perfect_drone_full_node-2]  -- [TRAJ_GUARD_CERT] trigger=main_pre status=SAFE gen=66 map=369 map_age=0.010s map_age_limit=0.550s motion_speed=0.006mps samples=2 range=[1.491,1.496] collision_tt=-1.000 ttc=-1.000 p=[0.000,0.000,0.000]
[perfect_drone_full_node-2] [32m -- [Fsm] Traj finish.[0m
[perfect_drone_full_node-2] [38;2;000;128;000m -- [Fsm]: [PubCmdCallback] change state from [FOLLOW_TRAJ] to [GENERATE_TRAJ].
[perfect_drone_full_node-2] [0mPublish local map size: 9803
[perfect_drone_full_node-2] [INFO] [1789407964.524768332] [fsm_node]:  -- [OPTIMIZER_PHASE_MEMORY] optimizer=backup event=begin call=333 rss_mib=3541.406 swap_mib=0.000 variables=18 pieces=2
[perfect_drone_full_node-2] [INFO] [1789407964.543705967] [fsm_node]:  -- [OPTIMIZER_PHASE_MEMORY] optimizer=backup event=end call=333 duration_ms=18.963 iterations=1702 ret=1 rss_mib=3541.406 swap_mib=0.000 rss_delta_mib=0.000
[perfect_drone_full_node-2] [INFO] [1789407964.543833730] [fsm_node]:  -- [OPTIMIZER_PHASE_MEMORY] optimizer=backup event=begin call=334 rss_mib=3541.406 swap_mib=0.000 variables=18 pieces=2
[perfect_drone_full_node-2] [INFO] [1789407964.544767892] [fsm_node]:  -- [OPTIMIZER_PHASE_MEMORY] optimizer=backup event=end call=334 duration_ms=0.932 iterations=147 ret=1 rss_mib=3541.406 swap_mib=0.000 rss_delta_mib=0.000
[perfect_drone_full_node-2] [WARN] [1789407964.544818878] [fsm_node]:  -- [SUPER] in [ReplanOnce]: Replan overtime, check parameters, replan dt = 0.192165311.
[perfect_drone_full_node-2] [WARN] [1789407964.544961826] [fsm_node]:  -- [TRAJ_GUARD_RECOVERY_EPISODE_RESET] reason=horizontal_progress progress=6.571m threshold=2.000m prior_local=0 prior_vertical=0 prior_base=0
[perfect_drone_full_node-2] [INFO] [1789407964.563189891] [fsm_node]:  -- [OPTIMIZER_PHASE_MEMORY] optimizer=exp event=begin call=210 rss_mib=3541.406 swap_mib=0.000 variables=17 pieces=5
[perfect_drone_full_node-2] [INFO] [1789407964.582925644] [fsm_node]:  -- [OPTIMIZER_PHASE_MEMORY] optimizer=exp event=end call=210 duration_ms=19.771 iterations=998 ret=1 rss_mib=3541.406 swap_mib=0.000 rss_delta_mib=0.000
[perfect_drone_full_node-2] [INFO] [1789407964.583033721] [fsm_node]:  -- [SUPER] in [PlanFromRest] GenerateExpTrajectory SUCCESS.
[perfect_drone_full_node-2] Publish local map size: 9838
[perfect_drone_full_node-2] [INFO] [1789407964.712348616] [fsm_node]:  -- [OPTIMIZER_PHASE_MEMORY] optimizer=backup event=begin call=335 rss_mib=3541.406 swap_mib=0.000 variables=18 pieces=2
[perfect_drone_full_node-2] Publish local map size: 9787
[perfect_drone_full_node-2] [INFO] [1789407964.714255660] [fsm_node]:  -- [OPTIMIZER_PHASE_MEMORY] optimizer=backup event=end call=335 duration_ms=1.966 iterations=286 ret=1 rss_mib=3541.406 swap_mib=0.000 rss_delta_mib=0.000
[perfect_drone_full_node-2] [INFO] [1789407964.714360874] [fsm_node]:  -- [OPTIMIZER_PHASE_MEMORY] optimizer=backup event=begin call=336 rss_mib=3541.406 swap_mib=0.000 variables=18 pieces=2
[perfect_drone_full_node-2] [INFO] [1789407964.715104423] [fsm_node]:  -- [OPTIMIZER_PHASE_MEMORY] optimizer=backup event=end call=336 duration_ms=0.745 iterations=118 ret=1 rss_mib=3541.406 swap_mib=0.000 rss_delta_mib=0.000
[perfect_drone_full_node-2] [INFO] [1789407964.715627197] [fsm_node]:  -- [TRAJ_GUARD_COMMIT] phase=PlanFromRest/with_backup gen=67 map=371 samples=272 range=[0.170,1.518] escape=false footprint_egress=false escape_done_tt=-1.000
[perfect_drone_full_node-2]  -- [TRAJ_GUARD_CERT] trigger=poly_publish status=SAFE gen=67 map=371 map_age=0.055s map_age_limit=0.550s motion_speed=0.000mps samples=271 range=[0.171,1.518] collision_tt=-1.000 ttc=-1.000 p=[0.000,0.000,0.000]
[perfect_drone_full_node-2] [38;2;000;128;000m -- [Fsm]: [MainFsmCallback] change state from [GENERATE_TRAJ] to [FOLLOW_TRAJ].
[perfect_drone_full_node-2] [0m -- [TRAJ_GUARD_CERT] trigger=main_pre status=SAFE gen=67 map=372 map_age=0.015s map_age_limit=0.550s motion_speed=2.106mps samples=259 range=[0.230,1.518] collision_tt=-1.000 ttc=-1.000 p=[0.000,0.000,0.000]
[perfect_drone_full_node-2] Publish local map size: 12547
[perfect_drone_full_node-2] [INFO] [1789407964.840452824] [fsm_node]:  -- [OPTIMIZER_PHASE_MEMORY] optimizer=exp event=begin call=211 rss_mib=3541.410 swap_mib=0.000 variables=17 pieces=5
[perfect_drone_full_node-2] [INFO] [1789407964.851727143] [fsm_node]:  -- [OPTIMIZER_PHASE_MEMORY] optimizer=exp event=end call=211 duration_ms=11.334 iterations=610 ret=1 rss_mib=3541.410 swap_mib=0.000 rss_delta_mib=0.000
[perfect_drone_full_node-2]  -- [TRAJ_GUARD_CERT] trigger=main_pre status=SAFE gen=67 map=373 map_age=0.010s map_age_limit=0.500s motion_speed=4.070mps samples=239 range=[0.330,1.518] collision_tt=-1.000 ttc=-1.000 p=[0.000,0.000,0.000]
[perfect_drone_full_node-2] Publish local map size: 12453
[perfect_drone_full_node-2] [INFO] [1789407964.991457244] [fsm_node]:  -- [OPTIMIZER_PHASE_MEMORY] optimizer=backup event=begin call=337 rss_mib=3541.723 swap_mib=0.000 variables=18 pieces=2
[perfect_drone_full_node-2] [INFO] [1789407964.999122866] [fsm_node]:  -- [OPTIMIZER_PHASE_MEMORY] optimizer=backup event=end call=337 duration_ms=7.718 iterations=763 ret=1 rss_mib=3541.723 swap_mib=0.000 rss_delta_mib=0.000
[perfect_drone_full_node-2] [INFO] [1789407964.999226275] [fsm_node]:  -- [OPTIMIZER_PHASE_MEMORY] optimizer=backup event=begin call=338 rss_mib=3541.723 swap_mib=0.000 variables=18 pieces=2
[perfect_drone_full_node-2] [INFO] [1789407965.006949084] [fsm_node]:  -- [OPTIMIZER_PHASE_MEMORY] optimizer=backup event=end call=338 duration_ms=7.697 iterations=781 ret=1 rss_mib=3541.723 swap_mib=0.000 rss_delta_mib=0.000
[perfect_drone_full_node-2] [WARN] [1789407965.007076627] [fsm_node]:  -- [SUPER] in [ReplanOnce]: Replan overtime, check parameters, replan dt = 0.201684997.
[perfect_drone_full_node-2]  -- [TRAJ_GUARD_CERT] trigger=main_pre status=SAFE gen=67 map=374 map_age=0.011s map_age_limit=0.500s motion_speed=5.657mps samples=219 range=[0.430,1.518] collision_tt=-1.000 ttc=-1.000 p=[0.000,0.000,0.000]
[perfect_drone_full_node-2] Publish local map size: 11757
[perfect_drone_full_node-2] [INFO] [1789407965.035126745] [fsm_node]:  -- [OPTIMIZER_PHASE_MEMORY] optimizer=exp event=begin call=212 rss_mib=3541.723 swap_mib=0.000 variables=17 pieces=5
[perfect_drone_full_node-2] [INFO] [1789407965.042438972] [fsm_node]:  -- [OPTIMIZER_PHASE_MEMORY] optimizer=exp event=end call=212 duration_ms=7.346 iterations=397 ret=1 rss_mib=3541.723 swap_mib=0.000 rss_delta_mib=0.000
[perfect_drone_full_node-2]  -- [TRAJ_GUARD_CERT] trigger=main_pre status=SAFE gen=67 map=375 map_age=0.009s map_age_limit=0.500s motion_speed=6.579mps samples=199 range=[0.530,1.518] collision_tt=-1.000 ttc=-1.000 p=[0.000,0.000,0.000]
[perfect_drone_full_node-2] Publish local map size: 10864
[perfect_drone_full_node-2] [32m -- [Fsm 37.655] Current state: FOLLOW_TRAJ[0m
[perfect_drone_full_node-2] [INFO] [1789407965.173841741] [fsm_node]:  -- [OPTIMIZER_PHASE_MEMORY] optimizer=backup event=begin call=339 rss_mib=3541.773 swap_mib=0.000 variables=18 pieces=2
[perfect_drone_full_node-2] [INFO] [1789407965.175965135] [fsm_node]:  -- [OPTIMIZER_PHASE_MEMORY] optimizer=backup event=end call=339 duration_ms=2.198 iterations=303 ret=1 rss_mib=3541.773 swap_mib=0.000 rss_delta_mib=0.000
[perfect_drone_full_node-2] [INFO] [1789407965.176064371] [fsm_node]:  -- [OPTIMIZER_PHASE_MEMORY] optimizer=backup event=begin call=340 rss_mib=3541.773 swap_mib=0.000 variables=18 pieces=2
[perfect_drone_full_node-2] [INFO] [1789407965.176568211] [fsm_node]:  -- [OPTIMIZER_PHASE_MEMORY] optimizer=backup event=end call=340 duration_ms=0.506 iterations=79 ret=1 rss_mib=3541.773 swap_mib=0.000 rss_delta_mib=0.000
[perfect_drone_full_node-2] [WARN] [1789407965.176609915] [fsm_node]:  -- [SUPER] in [ReplanOnce]: Replan overtime, check parameters, replan dt = 0.169401411.
[perfect_drone_full_node-2] [INFO] [1789407965.202068274] [fsm_node]:  -- [OPTIMIZER_PHASE_MEMORY] optimizer=exp event=begin call=213 rss_mib=3541.773 swap_mib=0.000 variables=17 pieces=5
[perfect_drone_full_node-2]  -- [TRAJ_GUARD_CERT] trigger=main_pre status=SAFE gen=67 map=376 map_age=0.011s map_age_limit=0.500s motion_speed=6.938mps samples=179 range=[0.630,1.518] collision_tt=-1.000 ttc=-1.000 p=[0.000,0.000,0.000]
[perfect_drone_full_node-2] Publish local map size: 10775
[perfect_drone_full_node-2] [INFO] [1789407965.223076799] [fsm_node]:  -- [OPTIMIZER_PHASE_MEMORY] optimizer=exp event=end call=213 duration_ms=21.047 iterations=1079 ret=1 rss_mib=3541.773 swap_mib=0.000 rss_delta_mib=0.000
[perfect_drone_full_node-2]  -- [TRAJ_GUARD_CERT] trigger=main_pre status=SAFE gen=67 map=377 map_age=0.101s map_age_limit=0.500s motion_speed=7.000mps samples=161 range=[0.720,1.518] collision_tt=-1.000 ttc=-1.000 p=[0.000,0.000,0.000]
[perfect_drone_full_node-2] Publish local map size: 11401
[perfect_drone_full_node-2] [INFO] [1789407965.338542510] [fsm_node]:  -- [OPTIMIZER_PHASE_MEMORY] optimizer=backup event=begin call=341 rss_mib=3541.785 swap_mib=0.000 variables=18 pieces=2
[perfect_drone_full_node-2] [INFO] [1789407965.362546650] [fsm_node]:  -- [OPTIMIZER_PHASE_MEMORY] optimizer=backup event=end call=341 duration_ms=24.005 iterations=2104 ret=1 rss_mib=3541.785 swap_mib=0.000 rss_delta_mib=0.000
[perfect_drone_full_node-2] [INFO] [1789407965.362701373] [fsm_node]:  -- [OPTIMIZER_PHASE_MEMORY] optimizer=backup event=begin call=342 rss_mib=3541.785 swap_mib=0.000 variables=18 pieces=2
[perfect_drone_full_node-2] [INFO] [1789407965.366587064] [fsm_node]:  -- [OPTIMIZER_PHASE_MEMORY] optimizer=backup event=end call=342 duration_ms=3.884 iterations=522 ret=1 rss_mib=3541.785 swap_mib=0.000 rss_delta_mib=0.000
[perfect_drone_full_node-2] [WARN] [1789407965.366636599] [fsm_node]:  -- [SUPER] in [ReplanOnce]: Replan overtime, check parameters, replan dt = 0.189849525.
[perfect_drone_full_node-2] [INFO] [1789407965.390611872] [fsm_node]:  -- [OPTIMIZER_PHASE_MEMORY] optimizer=exp event=begin call=214 rss_mib=3541.785 swap_mib=0.000 variables=13 pieces=4
[perfect_drone_full_node-2] [INFO] [1789407965.394176850] [fsm_node]:  -- [OPTIMIZER_PHASE_MEMORY] optimizer=exp event=end call=214 duration_ms=3.613 iterations=250 ret=1 rss_mib=3541.785 swap_mib=0.000 rss_delta_mib=0.000
[perfect_drone_full_node-2]  -- [TRAJ_GUARD_CERT] trigger=main_pre status=SAFE gen=67 map=378 map_age=0.009s map_age_limit=0.500s motion_speed=6.990mps samples=141 range=[0.820,1.518] collision_tt=-1.000 ttc=-1.000 p=[0.000,0.000,0.000]
[perfect_drone_full_node-2] Publish local map size: 11923
[perfect_drone_full_node-2] [32m -- [Fsm] Get goal at [0m-23.975000000000001 -23.975000000000001   1.525000000000000
[perfect_drone_full_node-2] [32m -- [Fsm] Receive click goal at: [-23.975000000000001 -23.975000000000001   1.525000000000000]; goal yaw: 0.000000000000000 deg[0m
[perfect_drone_full_node-2]  -- [TRAJ_GUARD_CERT] trigger=main_pre status=SAFE gen=67 map=379 map_age=0.014s map_age_limit=0.500s motion_speed=6.989mps samples=119 range=[0.930,1.518] collision_tt=-1.000 ttc=-1.000 p=[0.000,0.000,0.000]
[perfect_drone_full_node-2] Publish local map size: 12634
[perfect_drone_full_node-2] [INFO] [1789407965.514697461] [fsm_node]:  -- [OPTIMIZER_PHASE_MEMORY] optimizer=backup event=begin call=343 rss_mib=3541.789 swap_mib=0.000 variables=18 pieces=2
[perfect_drone_full_node-2] [INFO] [1789407965.518926557] [fsm_node]:  -- [OPTIMIZER_PHASE_MEMORY] optimizer=backup event=end call=343 duration_ms=4.278 iterations=537 ret=1 rss_mib=3541.789 swap_mib=0.000 rss_delta_mib=0.000
[perfect_drone_full_node-2] [INFO] [1789407965.519025271] [fsm_node]:  -- [OPTIMIZER_PHASE_MEMORY] optimizer=backup event=begin call=344 rss_mib=3541.789 swap_mib=0.000 variables=18 pieces=2
[perfect_drone_full_node-2] [INFO] [1789407965.523516493] [fsm_node]:  -- [OPTIMIZER_PHASE_MEMORY] optimizer=backup event=end call=344 duration_ms=4.491 iterations=505 ret=1 rss_mib=3541.789 swap_mib=0.000 rss_delta_mib=0.000
[perfect_drone_full_node-2] [WARN] [1789407965.523557873] [fsm_node]:  -- [SUPER] in [ReplanOnce]: Replan overtime, check parameters, replan dt = 0.156741869.
[perfect_drone_full_node-2] [INFO] [1789407965.544789640] [fsm_node]:  -- [OPTIMIZER_PHASE_MEMORY] optimizer=exp event=begin call=215 rss_mib=3541.793 swap_mib=0.000 variables=13 pieces=4
[perfect_drone_full_node-2] [INFO] [1789407965.550432391] [fsm_node]:  -- [OPTIMIZER_PHASE_MEMORY] optimizer=exp event=end call=215 duration_ms=5.706 iterations=393 ret=1 rss_mib=3541.793 swap_mib=0.000 rss_delta_mib=0.000
[perfect_drone_full_node-2]  -- [TRAJ_GUARD_CERT] trigger=main_pre status=SAFE gen=67 map=380 map_age=0.009s map_age_limit=0.500s motion_speed=6.928mps samples=101 range=[1.020,1.518] collision_tt=-1.000 ttc=-1.000 p=[0.000,0.000,0.000]
[perfect_drone_full_node-2] Publish local map size: 14349
[perfect_drone_full_node-2] [INFO] [1789407965.677253230] [fsm_node]:  -- [OPTIMIZER_PHASE_MEMORY] optimizer=backup event=begin call=345 rss_mib=3541.801 swap_mib=0.000 variables=18 pieces=2
[perfect_drone_full_node-2] [INFO] [1789407965.681146139] [fsm_node]:  -- [OPTIMIZER_PHASE_MEMORY] optimizer=backup event=end call=345 duration_ms=3.939 iterations=479 ret=1 rss_mib=3541.801 swap_mib=0.000 rss_delta_mib=0.000
[perfect_drone_full_node-2] [INFO] [1789407965.681253545] [fsm_node]:  -- [OPTIMIZER_PHASE_MEMORY] optimizer=backup event=begin call=346 rss_mib=3541.801 swap_mib=0.000 variables=18 pieces=2
[perfect_drone_full_node-2] [INFO] [1789407965.687380850] [fsm_node]:  -- [OPTIMIZER_PHASE_MEMORY] optimizer=backup event=end call=346 duration_ms=6.128 iterations=635 ret=1 rss_mib=3541.801 swap_mib=0.000 rss_delta_mib=0.000
[perfect_drone_full_node-2] [WARN] [1789407965.687429261] [fsm_node]:  -- [SUPER] in [ReplanOnce]: Replan overtime, check parameters, replan dt = 0.163701173.
[perfect_drone_full_node-2] [INFO] [1789407965.707978654] [fsm_node]:  -- [OPTIMIZER_PHASE_MEMORY] optimizer=exp event=begin call=216 rss_mib=3541.801 swap_mib=0.000 variables=17 pieces=5
[perfect_drone_full_node-2]  -- [TRAJ_GUARD_CERT] trigger=main_pre status=SAFE gen=67 map=381 map_age=0.016s map_age_limit=0.500s motion_speed=5.997mps samples=79 range=[1.130,1.518] collision_tt=-1.000 ttc=-1.000 p=[0.000,0.000,0.000]
[perfect_drone_full_node-2] Publish local map size: 15002
[perfect_drone_full_node-2] [INFO] [1789407965.722832479] [fsm_node]:  -- [OPTIMIZER_PHASE_MEMORY] optimizer=exp event=end call=216 duration_ms=14.857 iterations=774 ret=1 rss_mib=3541.801 swap_mib=0.000 rss_delta_mib=0.000
[perfect_drone_full_node-2]  -- [TRAJ_GUARD_CERT] trigger=main_pre status=SAFE gen=67 map=382 map_age=0.012s map_age_limit=0.500s motion_speed=4.401mps samples=61 range=[1.220,1.518] collision_tt=-1.000 ttc=-1.000 p=[0.000,0.000,0.000]
[perfect_drone_full_node-2] Publish local map size: 13942
[perfect_drone_full_node-2] [INFO] [1789407965.852222961] [fsm_node]:  -- [OPTIMIZER_PHASE_MEMORY] optimizer=backup event=begin call=347 rss_mib=3541.805 swap_mib=0.000 variables=18 pieces=2
[perfect_drone_full_node-2] [INFO] [1789407965.854292060] [fsm_node]:  -- [OPTIMIZER_PHASE_MEMORY] optimizer=backup event=end call=347 duration_ms=2.131 iterations=306 ret=1 rss_mib=3541.805 swap_mib=0.000 rss_delta_mib=0.000
[perfect_drone_full_node-2] [INFO] [1789407965.854399038] [fsm_node]:  -- [OPTIMIZER_PHASE_MEMORY] optimizer=backup event=begin call=348 rss_mib=3541.805 swap_mib=0.000 variables=18 pieces=2
[perfect_drone_full_node-2] [INFO] [1789407965.855648710] [fsm_node]:  -- [OPTIMIZER_PHASE_MEMORY] optimizer=backup event=end call=348 duration_ms=1.248 iterations=198 ret=1 rss_mib=3541.805 swap_mib=0.000 rss_delta_mib=0.000
[perfect_drone_full_node-2] [WARN] [1789407965.855701196] [fsm_node]:  -- [SUPER] in [ReplanOnce]: Replan overtime, check parameters, replan dt = 0.168077796.
[perfect_drone_full_node-2] [INFO] [1789407965.875476937] [fsm_node]:  -- [OPTIMIZER_PHASE_MEMORY] optimizer=exp event=begin call=217 rss_mib=3541.809 swap_mib=0.000 variables=17 pieces=5
[perfect_drone_full_node-2] [INFO] [1789407965.884203954] [fsm_node]:  -- [OPTIMIZER_PHASE_MEMORY] optimizer=exp event=end call=217 duration_ms=8.792 iterations=493 ret=1 rss_mib=3541.809 swap_mib=0.000 rss_delta_mib=0.000
[perfect_drone_full_node-2]  -- [TRAJ_GUARD_CERT] trigger=main_pre status=SAFE gen=67 map=383 map_age=0.013s map_age_limit=0.534s motion_speed=2.812mps samples=41 range=[1.320,1.518] collision_tt=-1.000 ttc=-1.000 p=[0.000,0.000,0.000]
[perfect_drone_full_node-2] Publish local map size: 14184
[perfect_drone_full_node-2] [INFO] [1789407966.011712683] [fsm_node]:  -- [OPTIMIZER_PHASE_MEMORY] optimizer=backup event=begin call=349 rss_mib=3541.812 swap_mib=0.000 variables=18 pieces=2
[perfect_drone_full_node-2]  -- [TRAJ_GUARD_CERT] trigger=main_pre status=SAFE gen=67 map=384 map_age=0.014s map_age_limit=0.550s motion_speed=0.909mps samples=21 range=[1.420,1.518] collision_tt=-1.000 ttc=-1.000 p=[0.000,0.000,0.000]
[perfect_drone_full_node-2] Publish local map size: 13637
[perfect_drone_full_node-2] [INFO] [1789407966.014819588] [fsm_node]:  -- [OPTIMIZER_PHASE_MEMORY] optimizer=backup event=end call=349 duration_ms=3.147 iterations=451 ret=1 rss_mib=3541.812 swap_mib=0.000 rss_delta_mib=0.000
[perfect_drone_full_node-2] [INFO] [1789407966.014917790] [fsm_node]:  -- [OPTIMIZER_PHASE_MEMORY] optimizer=backup event=begin call=350 rss_mib=3541.812 swap_mib=0.000 variables=18 pieces=2
[perfect_drone_full_node-2] [INFO] [1789407966.016673932] [fsm_node]:  -- [OPTIMIZER_PHASE_MEMORY] optimizer=backup event=end call=350 duration_ms=1.756 iterations=281 ret=1 rss_mib=3541.812 swap_mib=0.000 rss_delta_mib=0.000
[perfect_drone_full_node-2] [WARN] [1789407966.016713817] [fsm_node]:  -- [SUPER] in [ReplanOnce]: Replan overtime, check parameters, replan dt = 0.160881744.
[perfect_drone_full_node-2] [INFO] [1789407966.017995097] [fsm_node]:  -- [TRAJ_GUARD_COMMIT] phase=ReplanOnce/no_backup gen=68 map=384 samples=34 range=[1.473,1.631] escape=false footprint_egress=false escape_done_tt=-1.000
[perfect_drone_full_node-2] [32m -- [Fsm] ReplanOnce succeed.[0m
[perfect_drone_full_node-2] [INFO] [1789407966.077182993] [fsm_node]:  -- [OPTIMIZER_PHASE_MEMORY] optimizer=exp event=begin call=218 rss_mib=3541.816 swap_mib=0.000 variables=17 pieces=5
[perfect_drone_full_node-2] [INFO] [1789407966.093371542] [fsm_node]:  -- [OPTIMIZER_PHASE_MEMORY] optimizer=exp event=end call=218 duration_ms=16.264 iterations=870 ret=1 rss_mib=3541.816 swap_mib=0.000 rss_delta_mib=0.000
[perfect_drone_full_node-2]  -- [TRAJ_GUARD_CERT] trigger=poly_publish status=SAFE gen=68 map=384 map_age=0.067s map_age_limit=0.550s motion_speed=0.129mps samples=33 range=[1.473,1.631] collision_tt=-1.000 ttc=-1.000 p=[0.000,0.000,0.000]
[perfect_drone_full_node-2]  -- [TRAJ_GUARD_CERT] trigger=main_pre status=SAFE gen=68 map=385 map_age=0.006s map_age_limit=0.550s motion_speed=0.586mps samples=26 range=[1.510,1.631] collision_tt=-1.000 ttc=-1.000 p=[0.000,0.000,0.000]
[perfect_drone_full_node-2]  -- [MARSIM] Running FPS: 197.190802086306292
[perfect_drone_full_node-2] Publish local map size: 12370
[perfect_drone_full_node-2]  -- [TRAJ_GUARD_CERT] trigger=main_pre status=SAFE gen=68 map=386 map_age=0.007s map_age_limit=0.550s motion_speed=0.011mps samples=6 range=[1.610,1.631] collision_tt=-1.000 ttc=-1.000 p=[0.000,0.000,0.000]
[perfect_drone_full_node-2] [32m -- [Fsm 38.665] Current state: FOLLOW_TRAJ[0m
[perfect_drone_full_node-2] [32m -- [Fsm] Traj finish.[0m
[perfect_drone_full_node-2] [38;2;000;128;000m -- [Fsm]: [PubCmdCallback] change state from [FOLLOW_TRAJ] to [GENERATE_TRAJ].
[perfect_drone_full_node-2] [0mPublish local map size: 11824
[perfect_drone_full_node-2] [INFO] [1789407966.219184490] [fsm_node]:  -- [OPTIMIZER_PHASE_MEMORY] optimizer=backup event=begin call=351 rss_mib=3541.828 swap_mib=0.000 variables=18 pieces=2
[perfect_drone_full_node-2] [INFO] [1789407966.221493354] [fsm_node]:  -- [OPTIMIZER_PHASE_MEMORY] optimizer=backup event=end call=351 duration_ms=2.334 iterations=329 ret=1 rss_mib=3541.828 swap_mib=0.000 rss_delta_mib=0.000
[perfect_drone_full_node-2] [INFO] [1789407966.221606293] [fsm_node]:  -- [OPTIMIZER_PHASE_MEMORY] optimizer=backup event=begin call=352 rss_mib=3541.828 swap_mib=0.000 variables=18 pieces=2
[perfect_drone_full_node-2] [INFO] [1789407966.222289880] [fsm_node]:  -- [OPTIMIZER_PHASE_MEMORY] optimizer=backup event=end call=352 duration_ms=0.685 iterations=102 ret=1 rss_mib=3541.828 swap_mib=0.000 rss_delta_mib=0.000
[perfect_drone_full_node-2] [WARN] [1789407966.222336850] [fsm_node]:  -- [SUPER] in [ReplanOnce]: Replan overtime, check parameters, replan dt = 0.163204921.
[perfect_drone_full_node-2] [WARN] [1789407966.222409450] [fsm_node]:  -- [TRAJ_GUARD_RECOVERY_EPISODE_RESET] reason=horizontal_progress progress=7.053m threshold=2.000m prior_local=0 prior_vertical=0 prior_base=0
[perfect_drone_full_node-2] [INFO] [1789407966.243745826] [fsm_node]:  -- [OPTIMIZER_PHASE_MEMORY] optimizer=exp event=begin call=219 rss_mib=3541.828 swap_mib=0.000 variables=17 pieces=5
[perfect_drone_full_node-2] [INFO] [1789407966.252873795] [fsm_node]:  -- [OPTIMIZER_PHASE_MEMORY] optimizer=exp event=end call=219 duration_ms=9.182 iterations=540 ret=1 rss_mib=3541.828 swap_mib=0.000 rss_delta_mib=0.000
[perfect_drone_full_node-2] [INFO] [1789407966.252956296] [fsm_node]:  -- [SUPER] in [PlanFromRest] GenerateExpTrajectory SUCCESS.
[perfect_drone_full_node-2] Publish local map size: 11777
[perfect_drone_full_node-2] [INFO] [1789407966.381116465] [fsm_node]:  -- [OPTIMIZER_PHASE_MEMORY] optimizer=backup event=begin call=353 rss_mib=3541.828 swap_mib=0.000 variables=18 pieces=2
[perfect_drone_full_node-2] [INFO] [1789407966.388214219] [fsm_node]:  -- [OPTIMIZER_PHASE_MEMORY] optimizer=backup event=end call=353 duration_ms=7.167 iterations=814 ret=1 rss_mib=3541.828 swap_mib=0.000 rss_delta_mib=0.000
[perfect_drone_full_node-2] [INFO] [1789407966.388318709] [fsm_node]:  -- [OPTIMIZER_PHASE_MEMORY] optimizer=backup event=begin call=354 rss_mib=3541.828 swap_mib=0.000 variables=18 pieces=2
[perfect_drone_full_node-2] [INFO] [1789407966.390931000] [fsm_node]:  -- [OPTIMIZER_PHASE_MEMORY] optimizer=backup event=end call=354 duration_ms=2.614 iterations=356 ret=1 rss_mib=3541.828 swap_mib=0.000 rss_delta_mib=0.000
[perfect_drone_full_node-2] [INFO] [1789407966.391419095] [fsm_node]:  -- [TRAJ_GUARD_COMMIT] phase=PlanFromRest/with_backup gen=69 map=388 samples=277 range=[0.169,1.541] escape=false footprint_egress=false escape_done_tt=-1.000
[perfect_drone_full_node-2]  -- [TRAJ_GUARD_CERT] trigger=poly_publish status=SAFE gen=69 map=388 map_age=0.046s map_age_limit=0.550s motion_speed=0.000mps samples=276 range=[0.169,1.541] collision_tt=-1.000 ttc=-1.000 p=[0.000,0.000,0.000]
[perfect_drone_full_node-2] [38;2;000;128;000m -- [Fsm]: [MainFsmCallback] change state from [GENERATE_TRAJ] to [FOLLOW_TRAJ].
[perfect_drone_full_node-2] [0mPublish local map size: 13570
[perfect_drone_full_node-2]  -- [TRAJ_GUARD_CERT] trigger=main_pre status=SAFE gen=69 map=389 map_age=0.008s map_age_limit=0.550s motion_speed=1.934mps samples=263 range=[0.233,1.541] collision_tt=-1.000 ttc=-1.000 p=[0.000,0.000,0.000]
[perfect_drone_full_node-2] [32m -- [Fsm] Get goal at [0m-23.975000000000001 -23.975000000000001   1.525000000000000
[perfect_drone_full_node-2] [32m -- [Fsm] Receive click goal at: [-23.975000000000001 -23.975000000000001   1.525000000000000]; goal yaw: 0.000000000000000 deg[0m
[perfect_drone_full_node-2] Publish local map size: 13649
[perfect_drone_full_node-2] [INFO] [1789407966.540853608] [fsm_node]:  -- [OPTIMIZER_PHASE_MEMORY] optimizer=exp event=begin call=220 rss_mib=3541.840 swap_mib=0.000 variables=17 pieces=5
[perfect_drone_full_node-2] [INFO] [1789407966.578441896] [fsm_node]:  -- [OPTIMIZER_PHASE_MEMORY] optimizer=exp event=end call=220 duration_ms=37.630 iterations=2013 ret=1 rss_mib=3541.840 swap_mib=0.000 rss_delta_mib=0.000
[perfect_drone_full_node-2]  -- [TRAJ_GUARD_CERT] trigger=main_pre status=SAFE gen=69 map=390 map_age=0.008s map_age_limit=0.500s motion_speed=3.899mps samples=243 range=[0.333,1.541] collision_tt=-1.000 ttc=-1.000 p=[0.000,0.000,0.000]
[perfect_drone_full_node-2] Publish local map size: 13351
[perfect_drone_full_node-2]  -- [TRAJ_GUARD_CERT] trigger=main_pre status=SAFE gen=69 map=391 map_age=0.011s map_age_limit=0.500s motion_speed=5.604mps samples=223 range=[0.433,1.541] collision_tt=-1.000 ttc=-1.000 p=[0.000,0.000,0.000]
[perfect_drone_full_node-2] Publish local map size: 14861
[perfect_drone_full_node-2] [INFO] [1789407966.740442529] [fsm_node]:  -- [OPTIMIZER_PHASE_MEMORY] optimizer=backup event=begin call=355 rss_mib=3541.844 swap_mib=0.000 variables=18 pieces=2
[perfect_drone_full_node-2] [INFO] [1789407966.741487428] [fsm_node]:  -- [OPTIMIZER_PHASE_MEMORY] optimizer=backup event=end call=355 duration_ms=1.095 iterations=174 ret=1 rss_mib=3541.844 swap_mib=0.000 rss_delta_mib=0.000
[perfect_drone_full_node-2] [INFO] [1789407966.741575146] [fsm_node]:  -- [OPTIMIZER_PHASE_MEMORY] optimizer=backup event=begin call=356 rss_mib=3541.844 swap_mib=0.000 variables=18 pieces=2
[perfect_drone_full_node-2] [INFO] [1789407966.745675721] [fsm_node]:  -- [OPTIMIZER_PHASE_MEMORY] optimizer=backup event=end call=356 duration_ms=4.097 iterations=515 ret=1 rss_mib=3541.844 swap_mib=0.000 rss_delta_mib=0.000
[perfect_drone_full_node-2] [WARN] [1789407966.745723677] [fsm_node]:  -- [SUPER] in [ReplanOnce]: Replan overtime, check parameters, replan dt = 0.224529013.
[perfect_drone_full_node-2] [INFO] [1789407966.765473130] [fsm_node]:  -- [OPTIMIZER_PHASE_MEMORY] optimizer=exp event=begin call=221 rss_mib=3541.844 swap_mib=0.000 variables=17 pieces=5
[perfect_drone_full_node-2] [INFO] [1789407966.781029556] [fsm_node]:  -- [OPTIMIZER_PHASE_MEMORY] optimizer=exp event=end call=221 duration_ms=15.607 iterations=825 ret=1 rss_mib=3541.844 swap_mib=0.000 rss_delta_mib=0.000
[perfect_drone_full_node-2]  -- [TRAJ_GUARD_CERT] trigger=main_pre status=SAFE gen=69 map=392 map_age=0.010s map_age_limit=0.500s motion_speed=6.613mps samples=203 range=[0.533,1.541] collision_tt=-1.000 ttc=-1.000 p=[0.000,0.000,0.000]
[perfect_drone_full_node-2] Publish local map size: 16682
[perfect_drone_full_node-2] [INFO] [1789407966.903839540] [fsm_node]:  -- [OPTIMIZER_PHASE_MEMORY] optimizer=backup event=begin call=357 rss_mib=3541.848 swap_mib=0.000 variables=18 pieces=2
[perfect_drone_full_node-2] [INFO] [1789407966.906184758] [fsm_node]:  -- [OPTIMIZER_PHASE_MEMORY] optimizer=backup event=end call=357 duration_ms=2.383 iterations=351 ret=1 rss_mib=3541.848 swap_mib=0.000 rss_delta_mib=0.000
[perfect_drone_full_node-2] [INFO] [1789407966.906313263] [fsm_node]:  -- [OPTIMIZER_PHASE_MEMORY] optimizer=backup event=begin call=358 rss_mib=3541.848 swap_mib=0.000 variables=18 pieces=2
[perfect_drone_full_node-2] [INFO] [1789407966.911557516] [fsm_node]:  -- [OPTIMIZER_PHASE_MEMORY] optimizer=backup event=end call=358 duration_ms=5.241 iterations=618 ret=1 rss_mib=3541.848 swap_mib=0.000 rss_delta_mib=0.000
[perfect_drone_full_node-2] [WARN] [1789407966.911604509] [fsm_node]:  -- [SUPER] in [ReplanOnce]: Replan overtime, check parameters, replan dt = 0.165714051.
[perfect_drone_full_node-2]  -- [TRAJ_GUARD_CERT] trigger=main_pre status=SAFE gen=69 map=393 map_age=0.012s map_age_limit=0.500s motion_speed=6.991mps samples=181 range=[0.643,1.541] collision_tt=-1.000 ttc=-1.000 p=[0.000,0.000,0.000]
[perfect_drone_full_node-2] Publish local map size: 11620
[perfect_drone_full_node-2] [INFO] [1789407966.930873154] [fsm_node]:  -- [OPTIMIZER_PHASE_MEMORY] optimizer=exp event=begin call=222 rss_mib=3541.852 swap_mib=0.000 variables=17 pieces=5
[perfect_drone_full_node-2] [INFO] [1789407966.946967607] [fsm_node]:  -- [OPTIMIZER_PHASE_MEMORY] optimizer=exp event=end call=222 duration_ms=16.153 iterations=868 ret=1 rss_mib=3541.855 swap_mib=0.000 rss_delta_mib=0.004
[perfect_drone_full_node-2]  -- [TRAJ_GUARD_CERT] trigger=main_pre status=SAFE gen=69 map=394 map_age=0.015s map_age_limit=0.500s motion_speed=6.900mps samples=161 range=[0.743,1.541] collision_tt=-1.000 ttc=-1.000 p=[0.000,0.000,0.000]
[perfect_drone_full_node-2] Publish local map size: 13903
[perfect_drone_full_node-2] [INFO] [1789407967.072418981] [fsm_node]:  -- [OPTIMIZER_PHASE_MEMORY] optimizer=backup event=begin call=359 rss_mib=3541.867 swap_mib=0.000 variables=18 pieces=2
[perfect_drone_full_node-2] [INFO] [1789407967.073659918] [fsm_node]:  -- [OPTIMIZER_PHASE_MEMORY] optimizer=backup event=end call=359 duration_ms=1.290 iterations=204 ret=1 rss_mib=3541.867 swap_mib=0.000 rss_delta_mib=0.000
[perfect_drone_full_node-2] [INFO] [1789407967.073751564] [fsm_node]:  -- [OPTIMIZER_PHASE_MEMORY] optimizer=backup event=begin call=360 rss_mib=3541.867 swap_mib=0.000 variables=18 pieces=2
[perfect_drone_full_node-2] [INFO] [1789407967.076606125] [fsm_node]:  -- [OPTIMIZER_PHASE_MEMORY] optimizer=backup event=end call=360 duration_ms=2.855 iterations=412 ret=1 rss_mib=3541.867 swap_mib=0.000 rss_delta_mib=0.000
[perfect_drone_full_node-2] [WARN] [1789407967.076647793] [fsm_node]:  -- [SUPER] in [ReplanOnce]: Replan overtime, check parameters, replan dt = 0.164875392.
[perfect_drone_full_node-2] [INFO] [1789407967.095814453] [fsm_node]:  -- [OPTIMIZER_PHASE_MEMORY] optimizer=exp event=begin call=223 rss_mib=3541.867 swap_mib=0.000 variables=17 pieces=5
[perfect_drone_full_node-2]  -- [TRAJ_GUARD_CERT] trigger=main_pre status=SAFE gen=69 map=395 map_age=0.009s map_age_limit=0.500s motion_speed=6.639mps samples=141 range=[0.843,1.541] collision_tt=-1.000 ttc=-1.000 p=[0.000,0.000,0.000]
[perfect_drone_full_node-2] Publish local map size: 19197
[perfect_drone_full_node-2] [INFO] [1789407967.116630577] [fsm_node]:  -- [OPTIMIZER_PHASE_MEMORY] optimizer=exp event=end call=223 duration_ms=20.816 iterations=1084 ret=1 rss_mib=3541.867 swap_mib=0.000 rss_delta_mib=0.000
[perfect_drone_full_node-2]  -- [TRAJ_GUARD_CERT] trigger=main_pre status=SAFE gen=69 map=396 map_age=0.014s map_age_limit=0.500s motion_speed=6.672mps samples=121 range=[0.943,1.541] collision_tt=-1.000 ttc=-1.000 p=[0.000,0.000,0.000]
[perfect_drone_full_node-2] [32m -- [Fsm 39.665] Current state: FOLLOW_TRAJ[0m
[perfect_drone_full_node-2] Publish local map size: 16064
[perfect_drone_full_node-2] [INFO] [1789407967.231159962] [fsm_node]:  -- [OPTIMIZER_PHASE_MEMORY] optimizer=backup event=begin call=361 rss_mib=3541.871 swap_mib=0.000 variables=18 pieces=2
[perfect_drone_full_node-2] [INFO] [1789407967.232942260] [fsm_node]:  -- [OPTIMIZER_PHASE_MEMORY] optimizer=backup event=end call=361 duration_ms=1.826 iterations=272 ret=1 rss_mib=3541.871 swap_mib=0.000 rss_delta_mib=0.000
[perfect_drone_full_node-2] [INFO] [1789407967.233034254] [fsm_node]:  -- [OPTIMIZER_PHASE_MEMORY] optimizer=backup event=begin call=362 rss_mib=3541.871 swap_mib=0.000 variables=18 pieces=2
[perfect_drone_full_node-2] [INFO] [1789407967.236032113] [fsm_node]:  -- [OPTIMIZER_PHASE_MEMORY] optimizer=backup event=end call=362 duration_ms=2.998 iterations=439 ret=1 rss_mib=3541.871 swap_mib=0.000 rss_delta_mib=0.000
[perfect_drone_full_node-2] [WARN] [1789407967.236071867] [fsm_node]:  -- [SUPER] in [ReplanOnce]: Replan overtime, check parameters, replan dt = 0.159295721.
[perfect_drone_full_node-2] [INFO] [1789407967.255844775] [fsm_node]:  -- [OPTIMIZER_PHASE_MEMORY] optimizer=exp event=begin call=224 rss_mib=3541.871 swap_mib=0.000 variables=13 pieces=4
[perfect_drone_full_node-2] [INFO] [1789407967.261345919] [fsm_node]:  -- [OPTIMIZER_PHASE_MEMORY] optimizer=exp event=end call=224 duration_ms=5.556 iterations=416 ret=1 rss_mib=3541.871 swap_mib=0.000 rss_delta_mib=0.000
[perfect_drone_full_node-2]  -- [TRAJ_GUARD_CERT] trigger=main_pre status=SAFE gen=69 map=397 map_age=0.012s map_age_limit=0.500s motion_speed=6.971mps samples=101 range=[1.043,1.541] collision_tt=-1.000 ttc=-1.000 p=[0.000,0.000,0.000]
[perfect_drone_full_node-2] Publish local map size: 10919
[perfect_drone_full_node-2] [INFO] [1789407967.408738685] [fsm_node]:  -- [OPTIMIZER_PHASE_MEMORY] optimizer=backup event=begin call=363 rss_mib=3541.883 swap_mib=0.000 variables=18 pieces=2
[perfect_drone_full_node-2] [INFO] [1789407967.409465801] [fsm_node]:  -- [OPTIMIZER_PHASE_MEMORY] optimizer=backup event=end call=363 duration_ms=0.756 iterations=113 ret=1 rss_mib=3541.883 swap_mib=0.000 rss_delta_mib=0.000
[perfect_drone_full_node-2] [INFO] [1789407967.409567942] [fsm_node]:  -- [OPTIMIZER_PHASE_MEMORY] optimizer=backup event=begin call=364 rss_mib=3541.883 swap_mib=0.000 variables=18 pieces=2
[perfect_drone_full_node-2]  -- [TRAJ_GUARD_CERT] trigger=main_pre status=SAFE gen=69 map=398 map_age=0.011s map_age_limit=0.500s motion_speed=6.444mps samples=81 range=[1.143,1.541] collision_tt=-1.000 ttc=-1.000 p=[0.000,0.000,0.000]
[perfect_drone_full_node-2] Publish local map size: 11270
[perfect_drone_full_node-2] [INFO] [1789407967.414251494] [fsm_node]:  -- [OPTIMIZER_PHASE_MEMORY] optimizer=backup event=end call=364 duration_ms=4.678 iterations=570 ret=1 rss_mib=3541.883 swap_mib=0.000 rss_delta_mib=0.000
[perfect_drone_full_node-2] [WARN] [1789407967.414306581] [fsm_node]:  -- [SUPER] in [ReplanOnce]: Replan overtime, check parameters, replan dt = 0.178131112.
[perfect_drone_full_node-2] [INFO] [1789407967.433437962] [fsm_node]:  -- [OPTIMIZER_PHASE_MEMORY] optimizer=exp event=begin call=225 rss_mib=3541.887 swap_mib=0.000 variables=17 pieces=5
[perfect_drone_full_node-2] [INFO] [1789407967.439846617] [fsm_node]:  -- [OPTIMIZER_PHASE_MEMORY] optimizer=exp event=end call=225 duration_ms=6.442 iterations=375 ret=1 rss_mib=3541.887 swap_mib=0.000 rss_delta_mib=0.000
[perfect_drone_full_node-2]  -- [TRAJ_GUARD_CERT] trigger=main_pre status=SAFE gen=69 map=399 map_age=0.016s map_age_limit=0.500s motion_speed=4.438mps samples=59 range=[1.253,1.541] collision_tt=-1.000 ttc=-1.000 p=[0.000,0.000,0.000]
[perfect_drone_full_node-2] [32m -- [Fsm] Get goal at [0m-23.975000000000001 -23.975000000000001   1.525000000000000
[perfect_drone_full_node-2] [32m -- [Fsm] Receive click goal at: [-23.975000000000001 -23.975000000000001   1.525000000000000]; goal yaw: 0.000000000000000 deg[0m
[perfect_drone_full_node-2] Publish local map size: 10058
[perfect_drone_full_node-2] [INFO] [1789407967.513994176] [perfect_tracking]: [SENSOR_CADENCE_SUMMARY] frames=400 span_s=39.897799 hz=10.000552 raw_published=0 direct_handoffs=400 payload_bytes=226249856 side_entry_v1_enabled=0 side_entry_v1_spawned=0 side_entry_v1_injected_frames=0
[perfect_drone_full_node-2] [INFO] [1789407967.514060102] [perfect_tracking]: [SENSOR_BURST_DROPOUT_SUMMARY] enabled=0 warmup_s=1.000000 period_s=2.000000 duration_s=0.500000 phase_s=0.000000 phase_env_override=0 rendered=400 delivered=400 dropped=0 bursts=0 max_consecutive_dropped=0 max_delivered_gap_s=0.102250 dropped_payload_bytes=0
[perfect_drone_full_node-2] [INFO] [1789407967.563178977] [fsm_node]:  -- [OPTIMIZER_PHASE_MEMORY] optimizer=backup event=begin call=365 rss_mib=3541.887 swap_mib=0.000 variables=18 pieces=2
[perfect_drone_full_node-2] [INFO] [1789407967.564190930] [fsm_node]:  -- [OPTIMIZER_PHASE_MEMORY] optimizer=backup event=end call=365 duration_ms=1.056 iterations=153 ret=1 rss_mib=3541.887 swap_mib=0.000 rss_delta_mib=0.000
[perfect_drone_full_node-2] [INFO] [1789407967.564290507] [fsm_node]:  -- [OPTIMIZER_PHASE_MEMORY] optimizer=backup event=begin call=366 rss_mib=3541.887 swap_mib=0.000 variables=18 pieces=2
[perfect_drone_full_node-2] [INFO] [1789407967.565516069] [fsm_node]:  -- [OPTIMIZER_PHASE_MEMORY] optimizer=backup event=end call=366 duration_ms=1.226 iterations=199 ret=1 rss_mib=3541.891 swap_mib=0.000 rss_delta_mib=0.004
[perfect_drone_full_node-2] [WARN] [1789407967.565557580] [fsm_node]:  -- [SUPER] in [ReplanOnce]: Replan overtime, check parameters, replan dt = 0.150967629.
[perfect_drone_full_node-2] [INFO] [1789407967.584299579] [fsm_node]:  -- [OPTIMIZER_PHASE_MEMORY] optimizer=exp event=begin call=226 rss_mib=3541.891 swap_mib=0.000 variables=17 pieces=5
[perfect_drone_full_node-2] [INFO] [1789407967.601852823] [fsm_node]:  -- [OPTIMIZER_PHASE_MEMORY] optimizer=exp event=end call=226 duration_ms=17.558 iterations=917 ret=1 rss_mib=3541.898 swap_mib=0.000 rss_delta_mib=0.008
[perfect_drone_full_node-2]  -- [TRAJ_GUARD_CERT] trigger=main_pre status=SAFE gen=69 map=400 map_age=0.011s map_age_limit=0.533s motion_speed=2.842mps samples=41 range=[1.343,1.541] collision_tt=-1.000 ttc=-1.000 p=[0.000,0.000,0.000]
[perfect_drone_full_node-2] Publish local map size: 11256
[perfect_drone_full_node-2]  -- [TRAJ_GUARD_CERT] trigger=main_pre status=SAFE gen=69 map=401 map_age=0.011s map_age_limit=0.550s motion_speed=0.968mps samples=21 range=[1.443,1.541] collision_tt=-1.000 ttc=-1.000 p=[0.000,0.000,0.000]
[perfect_drone_full_node-2] Publish local map size: 10051
[perfect_drone_full_node-2] [INFO] [1789407967.736130413] [fsm_node]:  -- [OPTIMIZER_PHASE_MEMORY] optimizer=backup event=begin call=367 rss_mib=3541.906 swap_mib=0.000 variables=18 pieces=2
[perfect_drone_full_node-2] [INFO] [1789407967.745247562] [fsm_node]:  -- [OPTIMIZER_PHASE_MEMORY] optimizer=backup event=end call=367 duration_ms=9.123 iterations=887 ret=1 rss_mib=3541.906 swap_mib=0.000 rss_delta_mib=0.000
[perfect_drone_full_node-2] [INFO] [1789407967.745388790] [fsm_node]:  -- [OPTIMIZER_PHASE_MEMORY] optimizer=backup event=begin call=368 rss_mib=3541.906 swap_mib=0.000 variables=18 pieces=2
[perfect_drone_full_node-2] [INFO] [1789407967.753295799] [fsm_node]:  -- [OPTIMIZER_PHASE_MEMORY] optimizer=backup event=end call=368 duration_ms=7.899 iterations=829 ret=1 rss_mib=3541.906 swap_mib=0.000 rss_delta_mib=0.000
[perfect_drone_full_node-2] [WARN] [1789407967.753347341] [fsm_node]:  -- [SUPER] in [ReplanOnce]: Replan overtime, check parameters, replan dt = 0.187624893.
[perfect_drone_full_node-2] [INFO] [1789407967.754092978] [fsm_node]:  -- [TRAJ_GUARD_COMMIT] phase=ReplanOnce/no_backup gen=70 map=401 samples=31 range=[1.532,1.676] escape=false footprint_egress=false escape_done_tt=-1.000
[perfect_drone_full_node-2] [32m -- [Fsm] ReplanOnce succeed.[0m
[perfect_drone_full_node-2] [INFO] [1789407967.793986564] [fsm_node]:  -- [OPTIMIZER_PHASE_MEMORY] optimizer=exp event=begin call=227 rss_mib=3541.906 swap_mib=0.000 variables=17 pieces=5
[perfect_drone_full_node-2] [INFO] [1789407967.804426709] [fsm_node]:  -- [OPTIMIZER_PHASE_MEMORY] optimizer=exp event=end call=227 duration_ms=10.476 iterations=534 ret=1 rss_mib=3541.906 swap_mib=0.000 rss_delta_mib=0.000
[perfect_drone_full_node-2]  -- [TRAJ_GUARD_CERT] trigger=poly_publish status=SAFE gen=70 map=401 map_age=0.100s map_age_limit=0.550s motion_speed=0.010mps samples=30 range=[1.532,1.676] collision_tt=-1.000 ttc=-1.000 p=[0.000,0.000,0.000]
[perfect_drone_full_node-2]  -- [TRAJ_GUARD_CERT] trigger=main_pre status=SAFE gen=70 map=402 map_age=0.011s map_age_limit=0.550s motion_speed=0.630mps samples=28 range=[1.543,1.676] collision_tt=-1.000 ttc=-1.000 p=[0.000,0.000,0.000]
[perfect_drone_full_node-2] Publish local map size: 8326
[perfect_drone_full_node-2]  -- [TRAJ_GUARD_CERT] trigger=main_pre status=SAFE gen=70 map=403 map_age=0.014s map_age_limit=0.550s motion_speed=0.025mps samples=8 range=[1.643,1.676] collision_tt=-1.000 ttc=-1.000 p=[0.000,0.000,0.000]
[perfect_drone_full_node-2] [32m -- [Fsm] Traj finish.[0m
[perfect_drone_full_node-2] [38;2;000;128;000m -- [Fsm]: [PubCmdCallback] change state from [FOLLOW_TRAJ] to [GENERATE_TRAJ].
[perfect_drone_full_node-2] [0mPublish local map size: 7811
[perfect_drone_full_node-2] [INFO] [1789407967.929151347] [fsm_node]:  -- [OPTIMIZER_PHASE_MEMORY] optimizer=backup event=begin call=369 rss_mib=3541.910 swap_mib=0.000 variables=18 pieces=2
[perfect_drone_full_node-2] [INFO] [1789407967.932893879] [fsm_node]:  -- [OPTIMIZER_PHASE_MEMORY] optimizer=backup event=end call=369 duration_ms=3.822 iterations=497 ret=1 rss_mib=3541.910 swap_mib=0.000 rss_delta_mib=0.000
[perfect_drone_full_node-2] [INFO] [1789407967.932997523] [fsm_node]:  -- [OPTIMIZER_PHASE_MEMORY] optimizer=backup event=begin call=370 rss_mib=3541.910 swap_mib=0.000 variables=18 pieces=2
[perfect_drone_full_node-2] [INFO] [1789407967.934112969] [fsm_node]:  -- [OPTIMIZER_PHASE_MEMORY] optimizer=backup event=end call=370 duration_ms=1.116 iterations=183 ret=1 rss_mib=3541.910 swap_mib=0.000 rss_delta_mib=0.000
[perfect_drone_full_node-2] [WARN] [1789407967.934155814] [fsm_node]:  -- [SUPER] in [ReplanOnce]: Replan overtime, check parameters, replan dt = 0.15886314.
[perfect_drone_full_node-2] [WARN] [1789407967.934289924] [fsm_node]:  -- [TRAJ_GUARD_RECOVERY_EPISODE_RESET] reason=horizontal_progress progress=7.100m threshold=2.000m prior_local=0 prior_vertical=0 prior_base=0
[perfect_drone_full_node-2] [INFO] [1789407967.951807537] [fsm_node]:  -- [OPTIMIZER_PHASE_MEMORY] optimizer=exp event=begin call=228 rss_mib=3541.910 swap_mib=0.000 variables=17 pieces=5
[perfect_drone_full_node-2] [INFO] [1789407967.964571005] [fsm_node]:  -- [OPTIMIZER_PHASE_MEMORY] optimizer=exp event=end call=228 duration_ms=12.840 iterations=700 ret=1 rss_mib=3541.910 swap_mib=0.000 rss_delta_mib=0.000
[perfect_drone_full_node-2] [INFO] [1789407967.964640255] [fsm_node]:  -- [SUPER] in [PlanFromRest] GenerateExpTrajectory SUCCESS.
[perfect_drone_full_node-2] Publish local map size: 7825
[perfect_drone_full_node-2] [INFO] [1789407968.089673214] [fsm_node]:  -- [OPTIMIZER_PHASE_MEMORY] optimizer=backup event=begin call=371 rss_mib=3541.910 swap_mib=0.000 variables=18 pieces=2
[perfect_drone_full_node-2] [INFO] [1789407968.094535072] [fsm_node]:  -- [OPTIMIZER_PHASE_MEMORY] optimizer=backup event=end call=371 duration_ms=4.907 iterations=618 ret=1 rss_mib=3541.910 swap_mib=0.000 rss_delta_mib=0.000
[perfect_drone_full_node-2] [INFO] [1789407968.094636627] [fsm_node]:  -- [OPTIMIZER_PHASE_MEMORY] optimizer=backup event=begin call=372 rss_mib=3541.910 swap_mib=0.000 variables=18 pieces=2
[perfect_drone_full_node-2] [INFO] [1789407968.094933194] [fsm_node]:  -- [OPTIMIZER_PHASE_MEMORY] optimizer=backup event=end call=372 duration_ms=0.298 iterations=47 ret=1 rss_mib=3541.910 swap_mib=0.000 rss_delta_mib=0.000
[perfect_drone_full_node-2] [INFO] [1789407968.095424093] [fsm_node]:  -- [TRAJ_GUARD_COMMIT] phase=PlanFromRest/with_backup gen=71 map=405 samples=266 range=[0.161,1.476] escape=false footprint_egress=false escape_done_tt=-1.000
[perfect_drone_full_node-2]  -- [TRAJ_GUARD_CERT] trigger=poly_publish status=SAFE gen=71 map=405 map_age=0.048s map_age_limit=0.550s motion_speed=0.000mps samples=265 range=[0.161,1.476] collision_tt=-1.000 ttc=-1.000 p=[0.000,0.000,0.000]
[perfect_drone_full_node-2] [38;2;000;128;000m -- [Fsm]: [MainFsmCallback] change state from [GENERATE_TRAJ] to [FOLLOW_TRAJ].
[perfect_drone_full_node-2] [0m -- [MARSIM] Running FPS: 197.711061476188462
[perfect_drone_full_node-2] Publish local map size: 9906
[perfect_drone_full_node-2]  -- [TRAJ_GUARD_CERT] trigger=main_pre status=SAFE gen=71 map=406 map_age=0.013s map_age_limit=0.550s motion_speed=2.035mps samples=251 range=[0.231,1.476] collision_tt=-1.000 ttc=-1.000 p=[0.000,0.000,0.000]
[perfect_drone_full_node-2] [32m -- [Fsm 40.675] Current state: FOLLOW_TRAJ[0m
[perfect_drone_full_node-2] [INFO] [1789407968.199409741] [fsm_node]:  -- [OPTIMIZER_PHASE_MEMORY] optimizer=exp event=begin call=229 rss_mib=3541.914 swap_mib=0.000 variables=17 pieces=5
[perfect_drone_full_node-2] [INFO] [1789407968.211665296] [fsm_node]:  -- [OPTIMIZER_PHASE_MEMORY] optimizer=exp event=end call=229 duration_ms=12.302 iterations=659 ret=1 rss_mib=3541.918 swap_mib=0.000 rss_delta_mib=0.004
[perfect_drone_full_node-2] Publish local map size: 10158
[perfect_drone_full_node-2]  -- [TRAJ_GUARD_CERT] trigger=main_pre status=SAFE gen=71 map=407 map_age=0.005s map_age_limit=0.500s motion_speed=3.811mps samples=233 range=[0.321,1.476] collision_tt=-1.000 ttc=-1.000 p=[0.000,0.000,0.000]
[perfect_drone_full_node-2] Publish local map size: 9670
[perfect_drone_full_node-2] [INFO] [1789407968.343478585] [fsm_node]:  -- [OPTIMIZER_PHASE_MEMORY] optimizer=backup event=begin call=373 rss_mib=3541.922 swap_mib=0.000 variables=18 pieces=2
[perfect_drone_full_node-2] [INFO] [1789407968.348209802] [fsm_node]:  -- [OPTIMIZER_PHASE_MEMORY] optimizer=backup event=end call=373 duration_ms=4.775 iterations=567 ret=1 rss_mib=3541.922 swap_mib=0.000 rss_delta_mib=0.000
[perfect_drone_full_node-2] [INFO] [1789407968.348319149] [fsm_node]:  -- [OPTIMIZER_PHASE_MEMORY] optimizer=backup event=begin call=374 rss_mib=3541.922 swap_mib=0.000 variables=18 pieces=2
[perfect_drone_full_node-2] [INFO] [1789407968.351412185] [fsm_node]:  -- [OPTIMIZER_PHASE_MEMORY] optimizer=backup event=end call=374 duration_ms=3.090 iterations=393 ret=1 rss_mib=3541.922 swap_mib=0.000 rss_delta_mib=0.000
[perfect_drone_full_node-2] [WARN] [1789407968.351461726] [fsm_node]:  -- [SUPER] in [ReplanOnce]: Replan overtime, check parameters, replan dt = 0.18027864.
[perfect_drone_full_node-2] [INFO] [1789407968.379910822] [fsm_node]:  -- [OPTIMIZER_PHASE_MEMORY] optimizer=exp event=begin call=230 rss_mib=3541.926 swap_mib=0.000 variables=17 pieces=5
[perfect_drone_full_node-2]  -- [TRAJ_GUARD_CERT] trigger=main_pre status=SAFE gen=71 map=408 map_age=0.014s map_age_limit=0.500s motion_speed=5.634mps samples=211 range=[0.431,1.476] collision_tt=-1.000 ttc=-1.000 p=[0.000,0.000,0.000]
[perfect_drone_full_node-2] Publish local map size: 8563
[perfect_drone_full_node-2] [INFO] [1789407968.424137637] [fsm_node]:  -- [OPTIMIZER_PHASE_MEMORY] optimizer=exp event=end call=230 duration_ms=44.261 iterations=2353 ret=1 rss_mib=3541.926 swap_mib=0.000 rss_delta_mib=0.000
[perfect_drone_full_node-2]  -- [TRAJ_GUARD_CERT] trigger=main_pre status=SAFE gen=71 map=409 map_age=0.011s map_age_limit=0.500s motion_speed=6.585mps samples=191 range=[0.531,1.476] collision_tt=-1.000 ttc=-1.000 p=[0.000,0.000,0.000]
[perfect_drone_full_node-2] [32m -- [Fsm] Get goal at [0m-23.975000000000001 -23.975000000000001   1.525000000000000
[perfect_drone_full_node-2] [32m -- [Fsm] Receive click goal at: [-23.975000000000001 -23.975000000000001   1.525000000000000]; goal yaw: 0.000000000000000 deg[0m
[perfect_drone_full_node-2] Publish local map size: 7308
[perfect_drone_full_node-2] [INFO] [1789407968.557995959] [fsm_node]:  -- [OPTIMIZER_PHASE_MEMORY] optimizer=backup event=begin call=375 rss_mib=3541.930 swap_mib=0.000 variables=18 pieces=2
[perfect_drone_full_node-2] [INFO] [1789407968.558808970] [fsm_node]:  -- [OPTIMIZER_PHASE_MEMORY] optimizer=backup event=end call=375 duration_ms=0.856 iterations=123 ret=1 rss_mib=3541.930 swap_mib=0.000 rss_delta_mib=0.000
[perfect_drone_full_node-2] [INFO] [1789407968.558896393] [fsm_node]:  -- [OPTIMIZER_PHASE_MEMORY] optimizer=backup event=begin call=376 rss_mib=3541.930 swap_mib=0.000 variables=18 pieces=2
[perfect_drone_full_node-2] [INFO] [1789407968.563889262] [fsm_node]:  -- [OPTIMIZER_PHASE_MEMORY] optimizer=backup event=end call=376 duration_ms=4.988 iterations=617 ret=1 rss_mib=3541.930 swap_mib=0.000 rss_delta_mib=0.000
[perfect_drone_full_node-2] [WARN] [1789407968.563973110] [fsm_node]:  -- [SUPER] in [ReplanOnce]: Replan overtime, check parameters, replan dt = 0.21234801.
[perfect_drone_full_node-2] [INFO] [1789407968.583831390] [fsm_node]:  -- [OPTIMIZER_PHASE_MEMORY] optimizer=exp event=begin call=231 rss_mib=3541.930 swap_mib=0.000 variables=13 pieces=4
[perfect_drone_full_node-2] [INFO] [1789407968.591133913] [fsm_node]:  -- [OPTIMIZER_PHASE_MEMORY] optimizer=exp event=end call=231 duration_ms=7.356 iterations=494 ret=1 rss_mib=3541.930 swap_mib=0.000 rss_delta_mib=0.000
[perfect_drone_full_node-2]  -- [TRAJ_GUARD_CERT] trigger=main_pre status=SAFE gen=71 map=410 map_age=0.006s map_age_limit=0.500s motion_speed=6.931mps samples=173 range=[0.621,1.476] collision_tt=-1.000 ttc=-1.000 p=[0.000,0.000,0.000]
[perfect_drone_full_node-2] Publish local map size: 6936
[perfect_drone_full_node-2]  -- [TRAJ_GUARD_CERT] trigger=main_pre status=SAFE gen=71 map=411 map_age=0.015s map_age_limit=0.500s motion_speed=6.999mps samples=151 range=[0.731,1.476] collision_tt=-1.000 ttc=-1.000 p=[0.000,0.000,0.000]
[perfect_drone_full_node-2] Publish local map size: 7272
[perfect_drone_full_node-2] [INFO] [1789407968.715158947] [fsm_node]:  -- [OPTIMIZER_PHASE_MEMORY] optimizer=backup event=begin call=377 rss_mib=3541.934 swap_mib=0.000 variables=18 pieces=2
[perfect_drone_full_node-2] [INFO] [1789407968.716711531] [fsm_node]:  -- [OPTIMIZER_PHASE_MEMORY] optimizer=backup event=end call=377 duration_ms=1.589 iterations=231 ret=1 rss_mib=3541.934 swap_mib=0.000 rss_delta_mib=0.000
[perfect_drone_full_node-2] [INFO] [1789407968.716803381] [fsm_node]:  -- [OPTIMIZER_PHASE_MEMORY] optimizer=backup event=begin call=378 rss_mib=3541.934 swap_mib=0.000 variables=18 pieces=2
[perfect_drone_full_node-2] [INFO] [1789407968.720570066] [fsm_node]:  -- [OPTIMIZER_PHASE_MEMORY] optimizer=backup event=end call=378 duration_ms=3.765 iterations=491 ret=1 rss_mib=3541.934 swap_mib=0.000 rss_delta_mib=0.000
[perfect_drone_full_node-2] [WARN] [1789407968.720617908] [fsm_node]:  -- [SUPER] in [ReplanOnce]: Replan overtime, check parameters, replan dt = 0.156462563.
[perfect_drone_full_node-2] [INFO] [1789407968.740213853] [fsm_node]:  -- [OPTIMIZER_PHASE_MEMORY] optimizer=exp event=begin call=232 rss_mib=3541.934 swap_mib=0.000 variables=13 pieces=4
[perfect_drone_full_node-2] [INFO] [1789407968.746001863] [fsm_node]:  -- [OPTIMIZER_PHASE_MEMORY] optimizer=exp event=end call=232 duration_ms=5.826 iterations=411 ret=1 rss_mib=3541.941 swap_mib=0.000 rss_delta_mib=0.008
[perfect_drone_full_node-2]  -- [TRAJ_GUARD_CERT] trigger=main_post status=SAFE gen=71 map=412 map_age=0.105s map_age_limit=0.500s motion_speed=6.981mps samples=133 range=[0.821,1.476] collision_tt=-1.000 ttc=-1.000 p=[0.000,0.000,0.000]
[perfect_drone_full_node-2] Publish local map size: 7736
[perfect_drone_full_node-2] [INFO] [1789407968.860264727] [fsm_node]:  -- [OPTIMIZER_PHASE_MEMORY] optimizer=backup event=begin call=379 rss_mib=3541.949 swap_mib=0.000 variables=18 pieces=2
[perfect_drone_full_node-2] [INFO] [1789407968.861534110] [fsm_node]:  -- [OPTIMIZER_PHASE_MEMORY] optimizer=backup event=end call=379 duration_ms=1.316 iterations=196 ret=1 rss_mib=3541.949 swap_mib=0.000 rss_delta_mib=0.000
[perfect_drone_full_node-2] [INFO] [1789407968.861630790] [fsm_node]:  -- [OPTIMIZER_PHASE_MEMORY] optimizer=backup event=begin call=380 rss_mib=3541.949 swap_mib=0.000 variables=18 pieces=2
[perfect_drone_full_node-2] [INFO] [1789407968.866609873] [fsm_node]:  -- [OPTIMIZER_PHASE_MEMORY] optimizer=backup event=end call=380 duration_ms=4.977 iterations=578 ret=1 rss_mib=3541.949 swap_mib=0.000 rss_delta_mib=0.000
[perfect_drone_full_node-2] [WARN] [1789407968.866657141] [fsm_node]:  -- [SUPER] in [ReplanOnce]: Replan overtime, check parameters, replan dt = 0.145793961.
[perfect_drone_full_node-2] [INFO] [1789407968.886537729] [fsm_node]:  -- [OPTIMIZER_PHASE_MEMORY] optimizer=exp event=begin call=233 rss_mib=3541.949 swap_mib=0.000 variables=13 pieces=4
[perfect_drone_full_node-2] [INFO] [1789407968.890109719] [fsm_node]:  -- [OPTIMIZER_PHASE_MEMORY] optimizer=exp event=end call=233 duration_ms=3.633 iterations=271 ret=1 rss_mib=3541.949 swap_mib=0.000 rss_delta_mib=0.000
[perfect_drone_full_node-2]  -- [TRAJ_GUARD_CERT] trigger=main_pre status=SAFE gen=71 map=413 map_age=0.015s map_age_limit=0.500s motion_speed=6.997mps samples=111 range=[0.931,1.476] collision_tt=-1.000 ttc=-1.000 p=[0.000,0.000,0.000]
[perfect_drone_full_node-2] Publish local map size: 8234
[perfect_drone_full_node-2] [INFO] [1789407969.008933933] [fsm_node]:  -- [OPTIMIZER_PHASE_MEMORY] optimizer=backup event=begin call=381 rss_mib=3541.953 swap_mib=0.000 variables=18 pieces=2
[perfect_drone_full_node-2]  -- [TRAJ_GUARD_CERT] trigger=main_pre status=SAFE gen=71 map=414 map_age=0.014s map_age_limit=0.500s motion_speed=6.912mps samples=91 range=[1.031,1.476] collision_tt=-1.000 ttc=-1.000 p=[0.000,0.000,0.000]
[perfect_drone_full_node-2] Publish local map size: 11989
[perfect_drone_full_node-2] [INFO] [1789407969.015265531] [fsm_node]:  -- [OPTIMIZER_PHASE_MEMORY] optimizer=backup event=end call=381 duration_ms=6.353 iterations=661 ret=1 rss_mib=3541.953 swap_mib=0.000 rss_delta_mib=0.000
[perfect_drone_full_node-2] [INFO] [1789407969.015435824] [fsm_node]:  -- [OPTIMIZER_PHASE_MEMORY] optimizer=backup event=begin call=382 rss_mib=3541.953 swap_mib=0.000 variables=18 pieces=2
[perfect_drone_full_node-2] [INFO] [1789407969.019237059] [fsm_node]:  -- [OPTIMIZER_PHASE_MEMORY] optimizer=backup event=end call=382 duration_ms=3.810 iterations=495 ret=1 rss_mib=3541.953 swap_mib=0.000 rss_delta_mib=0.000
[perfect_drone_full_node-2] [WARN] [1789407969.019287137] [fsm_node]:  -- [SUPER] in [ReplanOnce]: Replan overtime, check parameters, replan dt = 0.152466687.
[perfect_drone_full_node-2] [INFO] [1789407969.040588293] [fsm_node]:  -- [OPTIMIZER_PHASE_MEMORY] optimizer=exp event=begin call=234 rss_mib=3541.953 swap_mib=0.000 variables=17 pieces=5
[perfect_drone_full_node-2] [INFO] [1789407969.048022161] [fsm_node]:  -- [OPTIMIZER_PHASE_MEMORY] optimizer=exp event=end call=234 duration_ms=7.479 iterations=413 ret=1 rss_mib=3541.953 swap_mib=0.000 rss_delta_mib=0.000
[perfect_drone_full_node-2]  -- [TRAJ_GUARD_CERT] trigger=main_pre status=SAFE gen=71 map=415 map_age=0.008s map_age_limit=0.500s motion_speed=5.574mps samples=71 range=[1.131,1.476] collision_tt=-1.000 ttc=-1.000 p=[0.000,0.000,0.000]
[perfect_drone_full_node-2] Publish local map size: 11637
[perfect_drone_full_node-2] [INFO] [1789407969.172146078] [fsm_node]:  -- [OPTIMIZER_PHASE_MEMORY] optimizer=backup event=begin call=383 rss_mib=3541.957 swap_mib=0.000 variables=18 pieces=2
[perfect_drone_full_node-2] [INFO] [1789407969.174112082] [fsm_node]:  -- [OPTIMIZER_PHASE_MEMORY] optimizer=backup event=end call=383 duration_ms=2.048 iterations=277 ret=1 rss_mib=3541.957 swap_mib=0.000 rss_delta_mib=0.000
[perfect_drone_full_node-2] [INFO] [1789407969.174230734] [fsm_node]:  -- [OPTIMIZER_PHASE_MEMORY] optimizer=backup event=begin call=384 rss_mib=3541.957 swap_mib=0.000 variables=18 pieces=2
[perfect_drone_full_node-2] [INFO] [1789407969.175476599] [fsm_node]:  -- [OPTIMIZER_PHASE_MEMORY] optimizer=backup event=end call=384 duration_ms=1.231 iterations=190 ret=1 rss_mib=3541.957 swap_mib=0.000 rss_delta_mib=0.000
[perfect_drone_full_node-2] [WARN] [1789407969.175537773] [fsm_node]:  -- [SUPER] in [ReplanOnce]: Replan overtime, check parameters, replan dt = 0.156079939.
[perfect_drone_full_node-2]  -- [TRAJ_GUARD_CERT] trigger=main_pre status=SAFE gen=71 map=416 map_age=0.008s map_age_limit=0.500s motion_speed=3.674mps samples=51 range=[1.231,1.476] collision_tt=-1.000 ttc=-1.000 p=[0.000,0.000,0.000]
[perfect_drone_full_node-2] [32m -- [Fsm 41.686] Current state: FOLLOW_TRAJ[0m
[perfect_drone_full_node-2] [INFO] [1789407969.197938561] [fsm_node]:  -- [OPTIMIZER_PHASE_MEMORY] optimizer=exp event=begin call=235 rss_mib=3541.961 swap_mib=0.000 variables=13 pieces=4
[perfect_drone_full_node-2] [INFO] [1789407969.201028656] [fsm_node]:  -- [OPTIMIZER_PHASE_MEMORY] optimizer=exp event=end call=235 duration_ms=3.142 iterations=227 ret=1 rss_mib=3541.961 swap_mib=0.000 rss_delta_mib=0.000
[perfect_drone_full_node-2] Publish local map size: 12061
[perfect_drone_full_node-2]  -- [TRAJ_GUARD_CERT] trigger=main_pre status=SAFE gen=71 map=417 map_age=0.011s map_age_limit=0.550s motion_speed=1.900mps samples=31 range=[1.331,1.476] collision_tt=-1.000 ttc=-1.000 p=[0.000,0.000,0.000]
[perfect_drone_full_node-2] Publish local map size: 12210
[perfect_drone_full_node-2] [INFO] [1789407969.326330231] [fsm_node]:  -- [OPTIMIZER_PHASE_MEMORY] optimizer=backup event=begin call=385 rss_mib=3541.969 swap_mib=0.000 variables=18 pieces=2
[perfect_drone_full_node-2] [INFO] [1789407969.327341526] [fsm_node]:  -- [OPTIMIZER_PHASE_MEMORY] optimizer=backup event=end call=385 duration_ms=1.088 iterations=141 ret=1 rss_mib=3541.969 swap_mib=0.000 rss_delta_mib=0.000
[perfect_drone_full_node-2] [INFO] [1789407969.327457948] [fsm_node]:  -- [OPTIMIZER_PHASE_MEMORY] optimizer=backup event=begin call=386 rss_mib=3541.969 swap_mib=0.000 variables=18 pieces=2
[perfect_drone_full_node-2] [INFO] [1789407969.328051414] [fsm_node]:  -- [OPTIMIZER_PHASE_MEMORY] optimizer=backup event=end call=386 duration_ms=0.595 iterations=89 ret=1 rss_mib=3541.969 swap_mib=0.000 rss_delta_mib=0.000
[perfect_drone_full_node-2] [WARN] [1789407969.328098443] [fsm_node]:  -- [SUPER] in [ReplanOnce]: Replan overtime, check parameters, replan dt = 0.152395426.
[perfect_drone_full_node-2] [INFO] [1789407969.330193580] [fsm_node]:  -- [TRAJ_GUARD_COMMIT] phase=ReplanOnce/no_backup gen=72 map=417 samples=50 range=[1.396,1.635] escape=false footprint_egress=false escape_done_tt=-1.000
[perfect_drone_full_node-2] [32m -- [Fsm] ReplanOnce succeed.[0m
[perfect_drone_full_node-2] [INFO] [1789407969.388865555] [fsm_node]:  -- [OPTIMIZER_PHASE_MEMORY] optimizer=exp event=begin call=236 rss_mib=3541.969 swap_mib=0.000 variables=17 pieces=5
[perfect_drone_full_node-2] [INFO] [1789407969.397701462] [fsm_node]:  -- [OPTIMIZER_PHASE_MEMORY] optimizer=exp event=end call=236 duration_ms=8.896 iterations=504 ret=1 rss_mib=3541.973 swap_mib=0.000 rss_delta_mib=0.004
[perfect_drone_full_node-2]  -- [TRAJ_GUARD_CERT] trigger=poly_publish status=SAFE gen=72 map=417 map_age=0.076s map_age_limit=0.550s motion_speed=0.600mps samples=49 range=[1.396,1.635] collision_tt=-1.000 ttc=-1.000 p=[0.000,0.000,0.000]
[perfect_drone_full_node-2]  -- [TRAJ_GUARD_CERT] trigger=main_pre status=SAFE gen=72 map=418 map_age=0.010s map_age_limit=0.550s motion_speed=1.826mps samples=42 range=[1.431,1.635] collision_tt=-1.000 ttc=-1.000 p=[0.000,0.000,0.000]
[perfect_drone_full_node-2] Publish local map size: 12704
[perfect_drone_full_node-2]  -- [TRAJ_GUARD_CERT] trigger=main_pre status=SAFE gen=72 map=419 map_age=0.010s map_age_limit=0.550s motion_speed=0.407mps samples=22 range=[1.531,1.635] collision_tt=-1.000 ttc=-1.000 p=[0.000,0.000,0.000]
[perfect_drone_full_node-2] [32m -- [Fsm] Get goal at [0m-23.975000000000001 -23.975000000000001   1.525000000000000
[perfect_drone_full_node-2] [32m -- [Fsm] Receive click goal at: [-23.975000000000001 -23.975000000000001   1.525000000000000]; goal yaw: 0.000000000000000 deg[0m
[perfect_drone_full_node-2] Publish local map size: 11734
[perfect_drone_full_node-2] [INFO] [1789407969.523350004] [fsm_node]:  -- [OPTIMIZER_PHASE_MEMORY] optimizer=backup event=begin call=387 rss_mib=3541.977 swap_mib=0.000 variables=18 pieces=2
[perfect_drone_full_node-2] [INFO] [1789407969.525284080] [fsm_node]:  -- [OPTIMIZER_PHASE_MEMORY] optimizer=backup event=end call=387 duration_ms=1.980 iterations=292 ret=1 rss_mib=3541.977 swap_mib=0.000 rss_delta_mib=0.000
[perfect_drone_full_node-2] [INFO] [1789407969.525374026] [fsm_node]:  -- [OPTIMIZER_PHASE_MEMORY] optimizer=backup event=begin call=388 rss_mib=3541.977 swap_mib=0.000 variables=18 pieces=2
[perfect_drone_full_node-2] [INFO] [1789407969.531784441] [fsm_node]:  -- [OPTIMIZER_PHASE_MEMORY] optimizer=backup event=end call=388 duration_ms=6.406 iterations=698 ret=1 rss_mib=3541.977 swap_mib=0.000 rss_delta_mib=0.000
[perfect_drone_full_node-2] [WARN] [1789407969.531828786] [fsm_node]:  -- [SUPER] in [ReplanOnce]: Replan overtime, check parameters, replan dt = 0.172592268.
[perfect_drone_full_node-2] [INFO] [1789407969.532390060] [fsm_node]:  -- [TRAJ_GUARD_COMMIT] phase=ReplanOnce/no_backup gen=73 map=419 samples=10 range=[1.598,1.635] escape=false footprint_egress=false escape_done_tt=-1.000
[perfect_drone_full_node-2] [32m -- [Fsm] ReplanOnce succeed.[0m
[perfect_drone_full_node-2] [INFO] [1789407969.557714218] [fsm_node]:  -- [TRAJ_GUARD_COMMIT] phase=ReplanOnce/no_backup gen=74 map=420 samples=5 range=[1.623,1.635] escape=false footprint_egress=false escape_done_tt=-1.000
[perfect_drone_full_node-2]  -- [TRAJ_GUARD_CERT] trigger=poly_publish status=SAFE gen=73 map=419 map_age=0.077s map_age_limit=0.550s motion_speed=0.030mps samples=9 range=[1.598,1.635] collision_tt=-1.000 ttc=-1.000 p=[0.000,0.000,0.000]
[perfect_drone_full_node-2] [32m -- [Fsm] ReplanOnce succeed.[0m
[perfect_drone_full_node-2]  -- [TRAJ_GUARD_CERT] trigger=poly_publish status=SAFE gen=74 map=420 map_age=0.007s map_age_limit=0.550s motion_speed=0.001mps samples=4 range=[1.623,1.635] collision_tt=-1.000 ttc=-1.000 p=[0.000,0.000,0.000]
[perfect_drone_full_node-2] [32m -- [Fsm] Traj finish.[0m
[perfect_drone_full_node-2] [WARN] [1789407969.585186879] [fsm_node]:  -- [TRAJ_GUARD_RECOVERY_EPISODE_RESET] reason=horizontal_progress progress=7.100m threshold=2.000m prior_local=0 prior_vertical=0 prior_base=0
[perfect_drone_full_node-2] [38;2;000;128;000m -- [Fsm]: [PubCmdCallback] change state from [FOLLOW_TRAJ] to [GENERATE_TRAJ].
[perfect_drone_full_node-2] [0mPublish local map size: 11027
[perfect_drone_full_node-2] [INFO] [1789407969.616584496] [fsm_node]:  -- [OPTIMIZER_PHASE_MEMORY] optimizer=exp event=begin call=237 rss_mib=3541.980 swap_mib=0.000 variables=17 pieces=5
[perfect_drone_full_node-2] [INFO] [1789407969.626884008] [fsm_node]:  -- [OPTIMIZER_PHASE_MEMORY] optimizer=exp event=end call=237 duration_ms=10.360 iterations=576 ret=1 rss_mib=3541.980 swap_mib=0.000 rss_delta_mib=0.000
[perfect_drone_full_node-2] [INFO] [1789407969.626961568] [fsm_node]:  -- [SUPER] in [PlanFromRest] GenerateExpTrajectory SUCCESS.
[perfect_drone_full_node-2] Publish local map size: 11027
[perfect_drone_full_node-2] [INFO] [1789407969.751208309] [fsm_node]:  -- [OPTIMIZER_PHASE_MEMORY] optimizer=backup event=begin call=389 rss_mib=3541.980 swap_mib=0.000 variables=18 pieces=2
[perfect_drone_full_node-2] [INFO] [1789407969.755691600] [fsm_node]:  -- [OPTIMIZER_PHASE_MEMORY] optimizer=backup event=end call=389 duration_ms=4.520 iterations=617 ret=1 rss_mib=3541.980 swap_mib=0.000 rss_delta_mib=0.000
[perfect_drone_full_node-2] [INFO] [1789407969.755783705] [fsm_node]:  -- [OPTIMIZER_PHASE_MEMORY] optimizer=backup event=begin call=390 rss_mib=3541.980 swap_mib=0.000 variables=18 pieces=2
[perfect_drone_full_node-2] [INFO] [1789407969.756602796] [fsm_node]:  -- [OPTIMIZER_PHASE_MEMORY] optimizer=backup event=end call=390 duration_ms=0.820 iterations=130 ret=1 rss_mib=3541.980 swap_mib=0.000 rss_delta_mib=0.000
[perfect_drone_full_node-2] [INFO] [1789407969.757089650] [fsm_node]:  -- [TRAJ_GUARD_COMMIT] phase=PlanFromRest/with_backup gen=75 map=422 samples=272 range=[0.171,1.517] escape=false footprint_egress=false escape_done_tt=-1.000
[perfect_drone_full_node-2]  -- [TRAJ_GUARD_CERT] trigger=poly_publish status=SAFE gen=75 map=422 map_age=0.010s map_age_limit=0.550s motion_speed=0.000mps samples=270 range=[0.172,1.517] collision_tt=-1.000 ttc=-1.000 p=[0.000,0.000,0.000]
[perfect_drone_full_node-2] [38;2;000;128;000m -- [Fsm]: [MainFsmCallback] change state from [GENERATE_TRAJ] to [FOLLOW_TRAJ].
[perfect_drone_full_node-2] [0mPublish local map size: 13290
[perfect_drone_full_node-2]  -- [TRAJ_GUARD_CERT] trigger=main_pre status=SAFE gen=75 map=423 map_age=0.011s map_age_limit=0.516s motion_speed=3.188mps samples=249 range=[0.280,1.517] collision_tt=-1.000 ttc=-1.000 p=[0.000,0.000,0.000]
[perfect_drone_full_node-2] Publish local map size: 13026
[perfect_drone_full_node-2] [INFO] [1789407969.919500729] [fsm_node]:  -- [OPTIMIZER_PHASE_MEMORY] optimizer=exp event=begin call=238 rss_mib=3542.004 swap_mib=0.000 variables=17 pieces=5
[perfect_drone_full_node-2] [INFO] [1789407969.951004257] [fsm_node]:  -- [OPTIMIZER_PHASE_MEMORY] optimizer=exp event=end call=238 duration_ms=31.546 iterations=1645 ret=1 rss_mib=3542.004 swap_mib=0.000 rss_delta_mib=0.000
[perfect_drone_full_node-2]  -- [TRAJ_GUARD_CERT] trigger=main_pre status=SAFE gen=75 map=424 map_age=0.011s map_age_limit=0.500s motion_speed=4.997mps samples=229 range=[0.380,1.517] collision_tt=-1.000 ttc=-1.000 p=[0.000,0.000,0.000]
[perfect_drone_full_node-2] Publish local map size: 12122
[perfect_drone_full_node-2] [INFO] [1789407970.087803575] [fsm_node]:  -- [OPTIMIZER_PHASE_MEMORY] optimizer=backup event=begin call=391 rss_mib=3542.008 swap_mib=0.000 variables=18 pieces=2
[perfect_drone_full_node-2] [INFO] [1789407970.088442739] [fsm_node]:  -- [OPTIMIZER_PHASE_MEMORY] optimizer=backup event=end call=391 duration_ms=0.717 iterations=76 ret=1 rss_mib=3542.008 swap_mib=0.000 rss_delta_mib=0.000
[perfect_drone_full_node-2] [INFO] [1789407970.088546151] [fsm_node]:  -- [OPTIMIZER_PHASE_MEMORY] optimizer=backup event=begin call=392 rss_mib=3542.008 swap_mib=0.000 variables=18 pieces=2
[perfect_drone_full_node-2] [INFO] [1789407970.090011712] [fsm_node]:  -- [OPTIMIZER_PHASE_MEMORY] optimizer=backup event=end call=392 duration_ms=1.464 iterations=209 ret=1 rss_mib=3542.008 swap_mib=0.000 rss_delta_mib=0.000
[perfect_drone_full_node-2] [WARN] [1789407970.090062869] [fsm_node]:  -- [SUPER] in [ReplanOnce]: Replan overtime, check parameters, replan dt = 0.202865651.
[perfect_drone_full_node-2] [INFO] [1789407970.114125722] [fsm_node]:  -- [OPTIMIZER_PHASE_MEMORY] optimizer=exp event=begin call=239 rss_mib=3542.008 swap_mib=0.000 variables=13 pieces=4
[perfect_drone_full_node-2]  -- [TRAJ_GUARD_CERT] trigger=main_pre status=SAFE gen=75 map=425 map_age=0.011s map_age_limit=0.500s motion_speed=6.196mps samples=209 range=[0.480,1.517] collision_tt=-1.000 ttc=-1.000 p=[0.000,0.000,0.000]
[perfect_drone_full_node-2]  -- [MARSIM] Running FPS: 196.396427996758604
[perfect_drone_full_node-2] Publish local map size: 10851
[perfect_drone_full_node-2] [INFO] [1789407970.160986395] [fsm_node]:  -- [OPTIMIZER_PHASE_MEMORY] optimizer=exp event=end call=239 duration_ms=46.852 iterations=2902 ret=1 rss_mib=3542.008 swap_mib=0.000 rss_delta_mib=0.000
[perfect_drone_full_node-2]  -- [TRAJ_GUARD_CERT] trigger=main_pre status=SAFE gen=75 map=426 map_age=0.012s map_age_limit=0.500s motion_speed=6.764mps samples=189 range=[0.580,1.517] collision_tt=-1.000 ttc=-1.000 p=[0.000,0.000,0.000]
[perfect_drone_full_node-2] [32m -- [Fsm 42.695] Current state: FOLLOW_TRAJ[0m
[perfect_drone_full_node-2] Publish local map size: 9613
[perfect_drone_full_node-2] [WARN] [1789407970.280349268] [fsm_node]:  -- [SUPER] in [ReplanOnce]: Replan overtime, check parameters, replan dt = 0.190139711.
[perfect_drone_full_node-2] [INFO] [1789407970.297960788] [fsm_node]:  -- [OPTIMIZER_PHASE_MEMORY] optimizer=exp event=begin call=240 rss_mib=3542.012 swap_mib=0.000 variables=9 pieces=3
[perfect_drone_full_node-2] [INFO] [1789407970.301036862] [fsm_node]:  -- [OPTIMIZER_PHASE_MEMORY] optimizer=exp event=end call=240 duration_ms=3.149 iterations=289 ret=1 rss_mib=3542.012 swap_mib=0.000 rss_delta_mib=0.000
[perfect_drone_full_node-2]  -- [TRAJ_GUARD_CERT] trigger=main_post status=SAFE gen=75 map=427 map_age=0.103s map_age_limit=0.500s motion_speed=6.926mps samples=171 range=[0.670,1.517] collision_tt=-1.000 ttc=-1.000 p=[0.000,0.000,0.000]
[perfect_drone_full_node-2] Publish local map size: 9342
[perfect_drone_full_node-2] [WARN] [1789407970.372122134] [fsm_node]:  -- [SUPER] in [ReplanOnce]: Replan overtime, check parameters, replan dt = 0.091565382.
[perfect_drone_full_node-2] [INFO] [1789407970.388076457] [fsm_node]:  -- [OPTIMIZER_PHASE_MEMORY] optimizer=exp event=begin call=241 rss_mib=3542.020 swap_mib=0.000 variables=9 pieces=3
[perfect_drone_full_node-2] [INFO] [1789407970.391945469] [fsm_node]:  -- [OPTIMIZER_PHASE_MEMORY] optimizer=exp event=end call=241 duration_ms=3.927 iterations=366 ret=1 rss_mib=3542.020 swap_mib=0.000 rss_delta_mib=0.000
[perfect_drone_full_node-2]  -- [TRAJ_GUARD_CERT] trigger=main_pre status=SAFE gen=75 map=428 map_age=0.007s map_age_limit=0.500s motion_speed=6.966mps samples=151 range=[0.770,1.517] collision_tt=-1.000 ttc=-1.000 p=[0.000,0.000,0.000]
[perfect_drone_full_node-2] Publish local map size: 9792
[perfect_drone_full_node-2] [INFO] [1789407970.445504957] [fsm_node]:  -- [TRAJ_GUARD_COMMIT] phase=ReplanOnce/no_backup gen=76 map=428 samples=168 range=[0.073,0.902] escape=false footprint_egress=false escape_done_tt=-1.000
[perfect_drone_full_node-2] [32m -- [Fsm] ReplanOnce succeed.[0m
[perfect_drone_full_node-2] [INFO] [1789407970.459771324] [fsm_node]:  -- [OPTIMIZER_PHASE_MEMORY] optimizer=exp event=begin call=242 rss_mib=3542.020 swap_mib=0.000 variables=5 pieces=2
[perfect_drone_full_node-2] [INFO] [1789407970.460253691] [fsm_node]:  -- [OPTIMIZER_PHASE_MEMORY] optimizer=exp event=end call=242 duration_ms=0.556 iterations=61 ret=1 rss_mib=3542.020 swap_mib=0.000 rss_delta_mib=0.000
[perfect_drone_full_node-2]  -- [TRAJ_GUARD_CERT] trigger=poly_publish status=SAFE gen=76 map=428 map_age=0.097s map_age_limit=0.500s motion_speed=6.996mps samples=167 range=[0.073,0.902] collision_tt=-1.000 ttc=-1.000 p=[0.000,0.000,0.000]
[perfect_drone_full_node-2]  -- [TRAJ_GUARD_CERT] trigger=main_pre status=SAFE gen=76 map=429 map_age=0.014s map_age_limit=0.500s motion_speed=6.998mps samples=163 range=[0.093,0.902] collision_tt=-1.000 ttc=-1.000 p=[0.000,0.000,0.000]
[perfect_drone_full_node-2] [32m -- [Fsm] Get goal at [0m-23.975000000000001 -23.975000000000001   1.525000000000000
[perfect_drone_full_node-2] [32m -- [Fsm] Receive click goal at: [-23.975000000000001 -23.975000000000001   1.525000000000000]; goal yaw: 0.000000000000000 deg[0m
[perfect_drone_full_node-2] [INFO] [1789407970.501909691] [fsm_node]:  -- [TRAJ_GUARD_COMMIT] phase=ReplanOnce/no_backup gen=77 map=429 samples=156 range=[0.056,0.822] escape=false footprint_egress=false escape_done_tt=-1.000
[perfect_drone_full_node-2] [32m -- [Fsm] ReplanOnce succeed.[0m
[perfect_drone_full_node-2] [INFO] [1789407970.512173167] [fsm_node]:  -- [OPTIMIZER_PHASE_MEMORY] optimizer=exp event=begin call=243 rss_mib=3542.023 swap_mib=0.000 variables=5 pieces=2
[perfect_drone_full_node-2] [INFO] [1789407970.512945854] [fsm_node]:  -- [OPTIMIZER_PHASE_MEMORY] optimizer=exp event=end call=243 duration_ms=0.843 iterations=108 ret=1 rss_mib=3542.023 swap_mib=0.000 rss_delta_mib=0.000
[perfect_drone_full_node-2]  -- [TRAJ_GUARD_CERT] trigger=poly_publish status=SAFE gen=77 map=429 map_age=0.051s map_age_limit=0.500s motion_speed=6.999mps samples=155 range=[0.056,0.822] collision_tt=-1.000 ttc=-1.000 p=[0.000,0.000,0.000]
[perfect_drone_full_node-2] Publish local map size: 10626
[perfect_drone_full_node-2] [INFO] [1789407970.550133680] [fsm_node]:  -- [TRAJ_GUARD_COMMIT] phase=ReplanOnce/no_backup gen=78 map=429 samples=146 range=[0.048,0.767] escape=false footprint_egress=false escape_done_tt=-1.000
[perfect_drone_full_node-2] [32m -- [Fsm] ReplanOnce succeed.[0m
[perfect_drone_full_node-2] [INFO] [1789407970.561533182] [fsm_node]:  -- [OPTIMIZER_PHASE_MEMORY] optimizer=exp event=begin call=244 rss_mib=3542.023 swap_mib=0.000 variables=5 pieces=2
[perfect_drone_full_node-2] [INFO] [1789407970.562030327] [fsm_node]:  -- [OPTIMIZER_PHASE_MEMORY] optimizer=exp event=end call=244 duration_ms=0.592 iterations=59 ret=1 rss_mib=3542.023 swap_mib=0.000 rss_delta_mib=0.000
[perfect_drone_full_node-2] [INFO] [1789407970.590339259] [fsm_node]:  -- [TRAJ_GUARD_COMMIT] phase=ReplanOnce/no_backup gen=79 map=430 samples=138 range=[0.040,0.717] escape=false footprint_egress=false escape_done_tt=-1.000
[perfect_drone_full_node-2]  -- [TRAJ_GUARD_CERT] trigger=poly_publish status=SAFE gen=78 map=429 map_age=0.099s map_age_limit=0.500s motion_speed=6.998mps samples=145 range=[0.048,0.767] collision_tt=-1.000 ttc=-1.000 p=[0.000,0.000,0.000]
[perfect_drone_full_node-2]  -- [TRAJ_GUARD_CERT] trigger=main_pre status=SAFE gen=78 map=430 map_age=0.012s map_age_limit=0.500s motion_speed=6.999mps samples=142 range=[0.063,0.767] collision_tt=-1.000 ttc=-1.000 p=[0.000,0.000,0.000]
[perfect_drone_full_node-2] [32m -- [Fsm] ReplanOnce succeed.[0m
[perfect_drone_full_node-2]  -- [TRAJ_GUARD_CERT] trigger=poly_publish status=SAFE gen=79 map=430 map_age=0.037s map_age_limit=0.500s motion_speed=6.998mps samples=137 range=[0.040,0.717] collision_tt=-1.000 ttc=-1.000 p=[0.000,0.000,0.000]
[perfect_drone_full_node-2] Publish local map size: 10261
[perfect_drone_full_node-2] [INFO] [1789407970.620672465] [fsm_node]:  -- [OPTIMIZER_PHASE_MEMORY] optimizer=exp event=begin call=245 rss_mib=3542.035 swap_mib=0.000 variables=5 pieces=2
[perfect_drone_full_node-2] [INFO] [1789407970.621500473] [fsm_node]:  -- [OPTIMIZER_PHASE_MEMORY] optimizer=exp event=end call=245 duration_ms=0.886 iterations=110 ret=1 rss_mib=3542.035 swap_mib=0.000 rss_delta_mib=0.000
[perfect_drone_full_node-2] [INFO] [1789407970.642762629] [fsm_node]:  -- [TRAJ_GUARD_COMMIT] phase=ReplanOnce/no_backup gen=80 map=430 samples=126 range=[0.029,0.646] escape=false footprint_egress=false escape_done_tt=-1.000
[perfect_drone_full_node-2] [32m -- [Fsm] ReplanOnce succeed.[0m
[perfect_drone_full_node-2] [INFO] [1789407970.685162150] [fsm_node]:  -- [OPTIMIZER_PHASE_MEMORY] optimizer=exp event=begin call=246 rss_mib=3542.039 swap_mib=0.000 variables=5 pieces=2
[perfect_drone_full_node-2] [INFO] [1789407970.685698050] [fsm_node]:  -- [OPTIMIZER_PHASE_MEMORY] optimizer=exp event=end call=246 duration_ms=0.617 iterations=53 ret=1 rss_mib=3542.039 swap_mib=0.000 rss_delta_mib=0.000
[perfect_drone_full_node-2] [INFO] [1789407970.700361844] [fsm_node]:  -- [TRAJ_GUARD_COMMIT] phase=ReplanOnce/no_backup gen=81 map=431 samples=115 range=[0.021,0.582] escape=false footprint_egress=false escape_done_tt=-1.000
[perfect_drone_full_node-2]  -- [TRAJ_GUARD_CERT] trigger=poly_publish status=SAFE gen=80 map=430 map_age=0.089s map_age_limit=0.500s motion_speed=6.969mps samples=125 range=[0.030,0.646] collision_tt=-1.000 ttc=-1.000 p=[0.000,0.000,0.000]
[perfect_drone_full_node-2]  -- [TRAJ_GUARD_CERT] trigger=main_pre status=SAFE gen=80 map=431 map_age=0.016s map_age_limit=0.500s motion_speed=6.942mps samples=120 range=[0.052,0.646] collision_tt=-1.000 ttc=-1.000 p=[0.000,0.000,0.000]
[perfect_drone_full_node-2] [32m -- [Fsm] ReplanOnce succeed.[0m
[perfect_drone_full_node-2]  -- [TRAJ_GUARD_CERT] trigger=poly_publish status=SAFE gen=81 map=431 map_age=0.051s map_age_limit=0.500s motion_speed=6.842mps samples=114 range=[0.021,0.582] collision_tt=-1.000 ttc=-1.000 p=[0.000,0.000,0.000]
[perfect_drone_full_node-2] Publish local map size: 10698
[perfect_drone_full_node-2] [INFO] [1789407970.749032813] [fsm_node]:  -- [OPTIMIZER_PHASE_MEMORY] optimizer=exp event=begin call=247 rss_mib=3542.039 swap_mib=0.000 variables=1 pieces=1
[perfect_drone_full_node-2] [INFO] [1789407970.749174857] [fsm_node]:  -- [OPTIMIZER_PHASE_MEMORY] optimizer=exp event=end call=247 duration_ms=0.226 iterations=12 ret=1 rss_mib=3542.039 swap_mib=0.000 rss_delta_mib=0.000
[perfect_drone_full_node-2] [WARN] [1789407970.749183604] [fsm_node]:  -- [ExpOpt] Opt failed, Omg or thr or Pos violation.
[perfect_drone_full_node-2] [WARN] [1789407970.749217379] [fsm_node]:  -- [SUPER] OptimizationExpTrajInPolytopes for new path failed
[perfect_drone_full_node-2] [WARN] [1789407970.749230553] [fsm_node]:  -- [SUPER] in [ReplanOnce]: GenerateExpTrajectory failed, force return
[perfect_drone_full_node-2] [33m -- [MINCO] TrajOpt failed, (unknown)[0m
[perfect_drone_full_node-2] [33m -- [SUPER] Minco exp_traj opt failed.[0m
[perfect_drone_full_node-2]  -- [TRAJ_GUARD_CERT] trigger=main_pre status=SAFE gen=81 map=432 map_age=0.008s map_age_limit=0.500s motion_speed=6.592mps samples=103 range=[0.076,0.582] collision_tt=-1.000 ttc=-1.000 p=[0.000,0.000,0.000]
[perfect_drone_full_node-2] [32m -- [Fsm] Get goal at [0m 24.025000000000002 -23.975000000000001   1.525000000000000
[perfect_drone_full_node-2] [32m -- [Fsm] Receive click goal at: [ 24.025000000000002 -23.975000000000001   1.525000000000000]; goal yaw: 0.000000000000000 deg[0m
[perfect_drone_full_node-2] Publish local map size: 12275
[perfect_drone_full_node-2] [INFO] [1789407970.832069256] [fsm_node]:  -- [OPTIMIZER_PHASE_MEMORY] optimizer=exp event=begin call=248 rss_mib=3542.043 swap_mib=0.000 variables=17 pieces=5
[perfect_drone_full_node-2] [INFO] [1789407970.844243008] [fsm_node]:  -- [OPTIMIZER_PHASE_MEMORY] optimizer=exp event=end call=248 duration_ms=12.213 iterations=699 ret=1 rss_mib=3542.043 swap_mib=0.000 rss_delta_mib=0.000
[perfect_drone_full_node-2]  -- [TRAJ_GUARD_CERT] trigger=main_pre status=SAFE gen=81 map=433 map_age=0.014s map_age_limit=0.500s motion_speed=5.474mps samples=81 range=[0.186,0.582] collision_tt=-1.000 ttc=-1.000 p=[0.000,0.000,0.000]
[perfect_drone_full_node-2] Publish local map size: 12496
[perfect_drone_full_node-2] [INFO] [1789407970.969987171] [fsm_node]:  -- [OPTIMIZER_PHASE_MEMORY] optimizer=backup event=begin call=393 rss_mib=3542.047 swap_mib=0.000 variables=18 pieces=2
[perfect_drone_full_node-2] [INFO] [1789407970.971929514] [fsm_node]:  -- [OPTIMIZER_PHASE_MEMORY] optimizer=backup event=end call=393 duration_ms=2.024 iterations=329 ret=1 rss_mib=3542.047 swap_mib=0.000 rss_delta_mib=0.000
[perfect_drone_full_node-2] [INFO] [1789407970.972060574] [fsm_node]:  -- [OPTIMIZER_PHASE_MEMORY] optimizer=backup event=begin call=394 rss_mib=3542.047 swap_mib=0.000 variables=18 pieces=2
[perfect_drone_full_node-2] [INFO] [1789407970.973506082] [fsm_node]:  -- [OPTIMIZER_PHASE_MEMORY] optimizer=backup event=end call=394 duration_ms=1.394 iterations=185 ret=1 rss_mib=3542.047 swap_mib=0.000 rss_delta_mib=0.000
[perfect_drone_full_node-2] [WARN] [1789407970.973582646] [fsm_node]:  -- [SUPER] in [ReplanOnce]: Replan overtime, check parameters, replan dt = 0.162384964.
[perfect_drone_full_node-2] [INFO] [1789407970.990002580] [fsm_node]:  -- [OPTIMIZER_PHASE_MEMORY] optimizer=exp event=begin call=249 rss_mib=3542.051 swap_mib=0.000 variables=17 pieces=5
[perfect_drone_full_node-2] [INFO] [1789407971.013911403] [fsm_node]:  -- [OPTIMIZER_PHASE_MEMORY] optimizer=exp event=end call=249 duration_ms=23.919 iterations=1361 ret=1 rss_mib=3542.055 swap_mib=0.000 rss_delta_mib=0.004
[perfect_drone_full_node-2]  -- [TRAJ_GUARD_CERT] trigger=main_post status=SAFE gen=81 map=434 map_age=0.104s map_age_limit=0.500s motion_speed=4.019mps samples=63 range=[0.276,0.582] collision_tt=-1.000 ttc=-1.000 p=[0.000,0.000,0.000]
[perfect_drone_full_node-2] Publish local map size: 12537
[perfect_drone_full_node-2]  -- [TRAJ_GUARD_CERT] trigger=main_pre status=SAFE gen=81 map=435 map_age=0.012s map_age_limit=0.550s motion_speed=1.886mps samples=41 range=[0.386,0.582] collision_tt=-1.000 ttc=-1.000 p=[0.000,0.000,0.000]
[perfect_drone_full_node-2] Publish local map size: 12163
[perfect_drone_full_node-2] [INFO] [1789407971.125478114] [fsm_node]:  -- [OPTIMIZER_PHASE_MEMORY] optimizer=backup event=begin call=395 rss_mib=3542.062 swap_mib=0.000 variables=18 pieces=2
[perfect_drone_full_node-2] [INFO] [1789407971.131107754] [fsm_node]:  -- [OPTIMIZER_PHASE_MEMORY] optimizer=backup event=end call=395 duration_ms=5.698 iterations=686 ret=1 rss_mib=3542.062 swap_mib=0.000 rss_delta_mib=0.000
[perfect_drone_full_node-2] [INFO] [1789407971.131219604] [fsm_node]:  -- [OPTIMIZER_PHASE_MEMORY] optimizer=backup event=begin call=396 rss_mib=3542.062 swap_mib=0.000 variables=18 pieces=2
[perfect_drone_full_node-2] [INFO] [1789407971.131766700] [fsm_node]:  -- [OPTIMIZER_PHASE_MEMORY] optimizer=backup event=end call=396 duration_ms=0.549 iterations=96 ret=1 rss_mib=3542.062 swap_mib=0.000 rss_delta_mib=0.000
[perfect_drone_full_node-2] [WARN] [1789407971.131806445] [fsm_node]:  -- [SUPER] in [ReplanOnce]: Replan overtime, check parameters, replan dt = 0.158086431.
[perfect_drone_full_node-2] [INFO] [1789407971.148303196] [fsm_node]:  -- [OPTIMIZER_PHASE_MEMORY] optimizer=exp event=begin call=250 rss_mib=3542.066 swap_mib=0.000 variables=17 pieces=5
[perfect_drone_full_node-2] [INFO] [1789407971.165930915] [fsm_node]:  -- [OPTIMIZER_PHASE_MEMORY] optimizer=exp event=end call=250 duration_ms=17.637 iterations=987 ret=1 rss_mib=3542.066 swap_mib=0.000 rss_delta_mib=0.000
[perfect_drone_full_node-2]  -- [TRAJ_GUARD_CERT] trigger=main_pre status=SAFE gen=81 map=436 map_age=0.006s map_age_limit=0.550s motion_speed=0.503mps samples=23 range=[0.476,0.582] collision_tt=-1.000 ttc=-1.000 p=[0.000,0.000,0.000]
[perfect_drone_full_node-2] Publish local map size: 10839
[perfect_drone_full_node-2] [32m -- [Fsm 43.705] Current state: FOLLOW_TRAJ[0m
[perfect_drone_full_node-2]  -- [TRAJ_GUARD_CERT] trigger=main_pre status=SAFE gen=81 map=437 map_age=0.010s map_age_limit=0.550s motion_speed=0.000mps samples=1 range=[0.582,0.582] collision_tt=-1.000 ttc=-1.000 p=[0.000,0.000,0.000]
[perfect_drone_full_node-2] [32m -- [Fsm] Traj finish.[0m
[perfect_drone_full_node-2] [INFO] [1789407971.286429329] [fsm_node]:  -- [OPTIMIZER_PHASE_MEMORY] optimizer=backup event=begin call=397 rss_mib=3542.070 swap_mib=0.000 variables=18 pieces=2
[perfect_drone_full_node-2] [INFO] [1789407971.292214225] [fsm_node]:  -- [OPTIMIZER_PHASE_MEMORY] optimizer=backup event=end call=397 duration_ms=5.845 iterations=682 ret=1 rss_mib=3542.070 swap_mib=0.000 rss_delta_mib=0.000
[perfect_drone_full_node-2] [INFO] [1789407971.292332901] [fsm_node]:  -- [OPTIMIZER_PHASE_MEMORY] optimizer=backup event=begin call=398 rss_mib=3542.070 swap_mib=0.000 variables=18 pieces=2
[perfect_drone_full_node-2] [INFO] [1789407971.295553485] [fsm_node]:  -- [OPTIMIZER_PHASE_MEMORY] optimizer=backup event=end call=398 duration_ms=3.222 iterations=445 ret=1 rss_mib=3542.070 swap_mib=0.000 rss_delta_mib=0.000
[perfect_drone_full_node-2] [WARN] [1789407971.295601677] [fsm_node]:  -- [SUPER] in [ReplanOnce]: Replan overtime, check parameters, replan dt = 0.163628257.
[perfect_drone_full_node-2] [INFO] [1789407971.313023022] [fsm_node]:  -- [OPTIMIZER_PHASE_MEMORY] optimizer=exp event=begin call=251 rss_mib=3542.070 swap_mib=0.000 variables=17 pieces=5
[perfect_drone_full_node-2] [38;2;000;128;000m -- [Fsm]: [PubCmdCallback] change state from [FOLLOW_TRAJ] to [GENERATE_TRAJ].
[perfect_drone_full_node-2] [0mPublish local map size: 10516
[perfect_drone_full_node-2] [INFO] [1789407971.334071242] [fsm_node]:  -- [OPTIMIZER_PHASE_MEMORY] optimizer=exp event=end call=251 duration_ms=21.100 iterations=1165 ret=1 rss_mib=3542.070 swap_mib=0.000 rss_delta_mib=0.000
[perfect_drone_full_node-2] [INFO] [1789407971.334151812] [fsm_node]:  -- [SUPER] in [PlanFromRest] GenerateExpTrajectory SUCCESS.
[perfect_drone_full_node-2] Publish local map size: 10427
[perfect_drone_full_node-2] [INFO] [1789407971.450761588] [fsm_node]:  -- [OPTIMIZER_PHASE_MEMORY] optimizer=backup event=begin call=399 rss_mib=3542.070 swap_mib=0.000 variables=18 pieces=2
[perfect_drone_full_node-2] [INFO] [1789407971.462924453] [fsm_node]:  -- [OPTIMIZER_PHASE_MEMORY] optimizer=backup event=end call=399 duration_ms=12.191 iterations=1229 ret=1 rss_mib=3542.070 swap_mib=0.000 rss_delta_mib=0.000
[perfect_drone_full_node-2] [INFO] [1789407971.463060345] [fsm_node]:  -- [OPTIMIZER_PHASE_MEMORY] optimizer=backup event=begin call=400 rss_mib=3542.070 swap_mib=0.000 variables=18 pieces=2
[perfect_drone_full_node-2] [INFO] [1789407971.463888927] [fsm_node]:  -- [OPTIMIZER_PHASE_MEMORY] optimizer=backup event=end call=400 duration_ms=0.832 iterations=151 ret=1 rss_mib=3542.070 swap_mib=0.000 rss_delta_mib=0.000
[perfect_drone_full_node-2] [INFO] [1789407971.464422591] [fsm_node]:  -- [TRAJ_GUARD_COMMIT] phase=PlanFromRest/with_backup gen=82 map=439 samples=269 range=[0.168,1.503] escape=false footprint_egress=false escape_done_tt=-1.000
[perfect_drone_full_node-2]  -- [TRAJ_GUARD_CERT] trigger=poly_publish status=SAFE gen=82 map=439 map_age=0.020s map_age_limit=0.550s motion_speed=0.000mps samples=268 range=[0.169,1.503] collision_tt=-1.000 ttc=-1.000 p=[0.000,0.000,0.000]
[perfect_drone_full_node-2] [38;2;000;128;000m -- [Fsm]: [MainFsmCallback] change state from [GENERATE_TRAJ] to [FOLLOW_TRAJ].
[perfect_drone_full_node-2] [0mPublish local map size: 14191
[perfect_drone_full_node-2] [INFO] [1789407971.565771534] [fsm_node]:  -- [OPTIMIZER_PHASE_MEMORY] optimizer=exp event=begin call=252 rss_mib=3542.074 swap_mib=0.000 variables=17 pieces=5
[perfect_drone_full_node-2]  -- [TRAJ_GUARD_CERT] trigger=main_pre status=SAFE gen=82 map=440 map_age=0.013s map_age_limit=0.534s motion_speed=2.824mps samples=248 range=[0.269,1.503] collision_tt=-1.000 ttc=-1.000 p=[0.000,0.000,0.000]
[perfect_drone_full_node-2] Publish local map size: 13814
[perfect_drone_full_node-2] [INFO] [1789407971.618764501] [fsm_node]:  -- [OPTIMIZER_PHASE_MEMORY] optimizer=exp event=end call=252 duration_ms=52.995 iterations=2873 ret=1 rss_mib=3542.074 swap_mib=0.000 rss_delta_mib=0.000
[perfect_drone_full_node-2]  -- [TRAJ_GUARD_CERT] trigger=main_pre status=SAFE gen=82 map=441 map_age=0.013s map_age_limit=0.500s motion_speed=4.732mps samples=228 range=[0.369,1.503] collision_tt=-1.000 ttc=-1.000 p=[0.000,0.000,0.000]
[perfect_drone_full_node-2] Publish local map size: 12128
[perfect_drone_full_node-2] [INFO] [1789407971.762760134] [fsm_node]:  -- [OPTIMIZER_PHASE_MEMORY] optimizer=backup event=begin call=401 rss_mib=3542.520 swap_mib=0.000 variables=18 pieces=2
[perfect_drone_full_node-2] [INFO] [1789407971.764282572] [fsm_node]:  -- [OPTIMIZER_PHASE_MEMORY] optimizer=backup event=end call=401 duration_ms=1.607 iterations=223 ret=1 rss_mib=3542.520 swap_mib=0.000 rss_delta_mib=0.000
[perfect_drone_full_node-2] [INFO] [1789407971.764389173] [fsm_node]:  -- [OPTIMIZER_PHASE_MEMORY] optimizer=backup event=begin call=402 rss_mib=3542.520 swap_mib=0.000 variables=18 pieces=2
[perfect_drone_full_node-2] [INFO] [1789407971.767650470] [fsm_node]:  -- [OPTIMIZER_PHASE_MEMORY] optimizer=backup event=end call=402 duration_ms=3.252 iterations=428 ret=1 rss_mib=3542.520 swap_mib=0.000 rss_delta_mib=0.000
[perfect_drone_full_node-2] [WARN] [1789407971.767702303] [fsm_node]:  -- [SUPER] in [ReplanOnce]: Replan overtime, check parameters, replan dt = 0.230524234.
[perfect_drone_full_node-2] [INFO] [1789407971.793893977] [fsm_node]:  -- [OPTIMIZER_PHASE_MEMORY] optimizer=exp event=begin call=253 rss_mib=3542.520 swap_mib=0.000 variables=17 pieces=5
[perfect_drone_full_node-2]  -- [TRAJ_GUARD_CERT] trigger=main_pre status=SAFE gen=82 map=442 map_age=0.015s map_age_limit=0.500s motion_speed=6.093mps samples=208 range=[0.469,1.503] collision_tt=-1.000 ttc=-1.000 p=[0.000,0.000,0.000]
[perfect_drone_full_node-2] [32m -- [Fsm] Get goal at [0m 24.025000000000002 -23.975000000000001   1.525000000000000
[perfect_drone_full_node-2] [32m -- [Fsm] Receive click goal at: [ 24.025000000000002 -23.975000000000001   1.525000000000000]; goal yaw: 0.000000000000000 deg[0m
[perfect_drone_full_node-2] [INFO] [1789407971.803234141] [fsm_node]:  -- [OPTIMIZER_PHASE_MEMORY] optimizer=exp event=end call=253 duration_ms=9.391 iterations=519 ret=1 rss_mib=3542.520 swap_mib=0.000 rss_delta_mib=0.000
[perfect_drone_full_node-2] Publish local map size: 10327
[perfect_drone_full_node-2]  -- [TRAJ_GUARD_CERT] trigger=main_pre status=SAFE gen=82 map=443 map_age=0.015s map_age_limit=0.500s motion_speed=6.779mps samples=188 range=[0.569,1.503] collision_tt=-1.000 ttc=-1.000 p=[0.000,0.000,0.000]
[perfect_drone_full_node-2] Publish local map size: 9744
[perfect_drone_full_node-2] [INFO] [1789407971.931027075] [fsm_node]:  -- [OPTIMIZER_PHASE_MEMORY] optimizer=backup event=begin call=403 rss_mib=3542.863 swap_mib=0.000 variables=18 pieces=2
[perfect_drone_full_node-2] [INFO] [1789407971.936603184] [fsm_node]:  -- [OPTIMIZER_PHASE_MEMORY] optimizer=backup event=end call=403 duration_ms=5.631 iterations=647 ret=1 rss_mib=3542.863 swap_mib=0.000 rss_delta_mib=0.000
[perfect_drone_full_node-2] [INFO] [1789407971.936708309] [fsm_node]:  -- [OPTIMIZER_PHASE_MEMORY] optimizer=backup event=begin call=404 rss_mib=3542.863 swap_mib=0.000 variables=18 pieces=2
[perfect_drone_full_node-2] [INFO] [1789407971.938521066] [fsm_node]:  -- [OPTIMIZER_PHASE_MEMORY] optimizer=backup event=end call=404 duration_ms=1.815 iterations=294 ret=1 rss_mib=3542.863 swap_mib=0.000 rss_delta_mib=0.000
[perfect_drone_full_node-2] [WARN] [1789407971.938564990] [fsm_node]:  -- [SUPER] in [ReplanOnce]: Replan overtime, check parameters, replan dt = 0.170679109.
[perfect_drone_full_node-2] [INFO] [1789407971.959582695] [fsm_node]:  -- [OPTIMIZER_PHASE_MEMORY] optimizer=exp event=begin call=254 rss_mib=3542.863 swap_mib=0.000 variables=17 pieces=5
[perfect_drone_full_node-2] [INFO] [1789407971.977141885] [fsm_node]:  -- [OPTIMIZER_PHASE_MEMORY] optimizer=exp event=end call=254 duration_ms=17.594 iterations=905 ret=1 rss_mib=3542.863 swap_mib=0.000 rss_delta_mib=0.000
[perfect_drone_full_node-2]  -- [TRAJ_GUARD_CERT] trigger=main_pre status=SAFE gen=82 map=444 map_age=0.012s map_age_limit=0.500s motion_speed=6.989mps samples=168 range=[0.670,1.503] collision_tt=-1.000 ttc=-1.000 p=[0.000,0.000,0.000]
[perfect_drone_full_node-2] Publish local map size: 10210
[perfect_drone_full_node-2] [INFO] [1789407972.100565904] [fsm_node]:  -- [OPTIMIZER_PHASE_MEMORY] optimizer=backup event=begin call=405 rss_mib=3543.488 swap_mib=0.000 variables=18 pieces=2
[perfect_drone_full_node-2] [INFO] [1789407972.102034416] [fsm_node]:  -- [OPTIMIZER_PHASE_MEMORY] optimizer=backup event=end call=405 duration_ms=1.556 iterations=233 ret=1 rss_mib=3543.488 swap_mib=0.000 rss_delta_mib=0.000
[perfect_drone_full_node-2] [INFO] [1789407972.102133251] [fsm_node]:  -- [OPTIMIZER_PHASE_MEMORY] optimizer=backup event=begin call=406 rss_mib=3543.488 swap_mib=0.000 variables=18 pieces=2
[perfect_drone_full_node-2] [INFO] [1789407972.105863201] [fsm_node]:  -- [OPTIMIZER_PHASE_MEMORY] optimizer=backup event=end call=406 duration_ms=3.730 iterations=488 ret=1 rss_mib=3543.488 swap_mib=0.000 rss_delta_mib=0.000
[perfect_drone_full_node-2] [WARN] [1789407972.105908633] [fsm_node]:  -- [SUPER] in [ReplanOnce]: Replan overtime, check parameters, replan dt = 0.167187622.
[perfect_drone_full_node-2]  -- [TRAJ_GUARD_CERT] trigger=main_pre status=SAFE gen=82 map=445 map_age=0.009s map_age_limit=0.500s motion_speed=6.987mps samples=148 range=[0.769,1.503] collision_tt=-1.000 ttc=-1.000 p=[0.000,0.000,0.000]
[perfect_drone_full_node-2] Publish local map size: 10927
[perfect_drone_full_node-2] [INFO] [1789407972.126694591] [fsm_node]:  -- [OPTIMIZER_PHASE_MEMORY] optimizer=exp event=begin call=255 rss_mib=3543.492 swap_mib=0.000 variables=17 pieces=5
[perfect_drone_full_node-2] [INFO] [1789407972.146698511] [fsm_node]:  -- [OPTIMIZER_PHASE_MEMORY] optimizer=exp event=end call=255 duration_ms=20.001 iterations=948 ret=1 rss_mib=3543.496 swap_mib=0.000 rss_delta_mib=0.004
[perfect_drone_full_node-2]  -- [TRAJ_GUARD_CERT] trigger=main_pre status=SAFE gen=82 map=446 map_age=0.007s map_age_limit=0.500s motion_speed=6.975mps samples=128 range=[0.869,1.503] collision_tt=-1.000 ttc=-1.000 p=[0.000,0.000,0.000]
[perfect_drone_full_node-2]  -- [MARSIM] Running FPS: 199.698618648518874
[perfect_drone_full_node-2] Publish local map size: 11167
[perfect_drone_full_node-2] [32m -- [Fsm 44.715] Current state: FOLLOW_TRAJ[0m
[perfect_drone_full_node-2] [INFO] [1789407972.263463918] [fsm_node]:  -- [OPTIMIZER_PHASE_MEMORY] optimizer=backup event=begin call=407 rss_mib=3543.500 swap_mib=0.000 variables=18 pieces=2
[perfect_drone_full_node-2] [INFO] [1789407972.269001810] [fsm_node]:  -- [OPTIMIZER_PHASE_MEMORY] optimizer=backup event=end call=407 duration_ms=5.648 iterations=720 ret=1 rss_mib=3544.156 swap_mib=0.000 rss_delta_mib=0.656
[perfect_drone_full_node-2] [INFO] [1789407972.269103730] [fsm_node]:  -- [OPTIMIZER_PHASE_MEMORY] optimizer=backup event=begin call=408 rss_mib=3544.156 swap_mib=0.000 variables=18 pieces=2
[perfect_drone_full_node-2] [INFO] [1789407972.275905541] [fsm_node]:  -- [OPTIMIZER_PHASE_MEMORY] optimizer=backup event=end call=408 duration_ms=6.802 iterations=709 ret=1 rss_mib=3544.156 swap_mib=0.000 rss_delta_mib=0.000
[perfect_drone_full_node-2] [WARN] [1789407972.275945972] [fsm_node]:  -- [SUPER] in [ReplanOnce]: Replan overtime, check parameters, replan dt = 0.169899389.
[perfect_drone_full_node-2] [INFO] [1789407972.294732582] [fsm_node]:  -- [OPTIMIZER_PHASE_MEMORY] optimizer=exp event=begin call=256 rss_mib=3544.156 swap_mib=0.000 variables=17 pieces=5
[perfect_drone_full_node-2] [INFO] [1789407972.304377784] [fsm_node]:  -- [OPTIMIZER_PHASE_MEMORY] optimizer=exp event=end call=256 duration_ms=9.680 iterations=521 ret=1 rss_mib=3544.160 swap_mib=0.000 rss_delta_mib=0.004
[perfect_drone_full_node-2]  -- [TRAJ_GUARD_CERT] trigger=main_pre status=SAFE gen=82 map=447 map_age=0.008s map_age_limit=0.500s motion_speed=7.000mps samples=108 range=[0.969,1.503] collision_tt=-1.000 ttc=-1.000 p=[0.000,0.000,0.000]
[perfect_drone_full_node-2] Publish local map size: 10968
[perfect_drone_full_node-2]  -- [TRAJ_GUARD_CERT] trigger=main_pre status=SAFE gen=82 map=448 map_age=0.108s map_age_limit=0.500s motion_speed=6.847mps samples=88 range=[1.069,1.503] collision_tt=-1.000 ttc=-1.000 p=[0.000,0.000,0.000]
[perfect_drone_full_node-2] Publish local map size: 12593
[perfect_drone_full_node-2] [INFO] [1789407972.414877523] [fsm_node]:  -- [OPTIMIZER_PHASE_MEMORY] optimizer=backup event=begin call=409 rss_mib=3544.500 swap_mib=0.000 variables=18 pieces=2
[perfect_drone_full_node-2] [INFO] [1789407972.423991132] [fsm_node]:  -- [OPTIMIZER_PHASE_MEMORY] optimizer=backup event=end call=409 duration_ms=9.154 iterations=910 ret=1 rss_mib=3544.500 swap_mib=0.000 rss_delta_mib=0.000
[perfect_drone_full_node-2] [INFO] [1789407972.424150952] [fsm_node]:  -- [OPTIMIZER_PHASE_MEMORY] optimizer=backup event=begin call=410 rss_mib=3544.500 swap_mib=0.000 variables=18 pieces=2
[perfect_drone_full_node-2] [INFO] [1789407972.427423559] [fsm_node]:  -- [OPTIMIZER_PHASE_MEMORY] optimizer=backup event=end call=410 duration_ms=3.258 iterations=426 ret=1 rss_mib=3544.500 swap_mib=0.000 rss_delta_mib=0.000
[perfect_drone_full_node-2] [WARN] [1789407972.427493192] [fsm_node]:  -- [SUPER] in [ReplanOnce]: Replan overtime, check parameters, replan dt = 0.151412287.
[perfect_drone_full_node-2] [INFO] [1789407972.445815521] [fsm_node]:  -- [OPTIMIZER_PHASE_MEMORY] optimizer=exp event=begin call=257 rss_mib=3544.504 swap_mib=0.000 variables=13 pieces=4
[perfect_drone_full_node-2] [INFO] [1789407972.448571553] [fsm_node]:  -- [OPTIMIZER_PHASE_MEMORY] optimizer=exp event=end call=257 duration_ms=2.799 iterations=206 ret=1 rss_mib=3544.504 swap_mib=0.000 rss_delta_mib=0.000
[perfect_drone_full_node-2]  -- [TRAJ_GUARD_CERT] trigger=main_pre status=SAFE gen=82 map=449 map_age=0.013s map_age_limit=0.500s motion_speed=5.176mps samples=66 range=[1.179,1.503] collision_tt=-1.000 ttc=-1.000 p=[0.000,0.000,0.000]
[perfect_drone_full_node-2] Publish local map size: 13291
[perfect_drone_full_node-2] [INFO] [1789407972.514108269] [perfect_tracking]: [SENSOR_CADENCE_SUMMARY] frames=450 span_s=44.897918 hz=10.000464 raw_published=0 direct_handoffs=450 payload_bytes=243391456 side_entry_v1_enabled=0 side_entry_v1_spawned=0 side_entry_v1_injected_frames=0
[perfect_drone_full_node-2] [INFO] [1789407972.514180027] [perfect_tracking]: [SENSOR_BURST_DROPOUT_SUMMARY] enabled=0 warmup_s=1.000000 period_s=2.000000 duration_s=0.500000 phase_s=0.000000 phase_env_override=0 rendered=450 delivered=450 dropped=0 bursts=0 max_consecutive_dropped=0 max_delivered_gap_s=0.102250 dropped_payload_bytes=0
[perfect_drone_full_node-2] [INFO] [1789407972.559393350] [fsm_node]:  -- [OPTIMIZER_PHASE_MEMORY] optimizer=backup event=begin call=411 rss_mib=3545.902 swap_mib=0.000 variables=18 pieces=2
[perfect_drone_full_node-2] [INFO] [1789407972.561491169] [fsm_node]:  -- [OPTIMIZER_PHASE_MEMORY] optimizer=backup event=end call=411 duration_ms=2.177 iterations=324 ret=1 rss_mib=3545.902 swap_mib=0.000 rss_delta_mib=0.000
[perfect_drone_full_node-2] [INFO] [1789407972.561607376] [fsm_node]:  -- [OPTIMIZER_PHASE_MEMORY] optimizer=backup event=begin call=412 rss_mib=3545.902 swap_mib=0.000 variables=18 pieces=2
[perfect_drone_full_node-2] [INFO] [1789407972.566973487] [fsm_node]:  -- [OPTIMIZER_PHASE_MEMORY] optimizer=backup event=end call=412 duration_ms=5.356 iterations=646 ret=1 rss_mib=3545.902 swap_mib=0.000 rss_delta_mib=0.000
[perfect_drone_full_node-2] [WARN] [1789407972.567035710] [fsm_node]:  -- [SUPER] in [ReplanOnce]: Replan overtime, check parameters, replan dt = 0.139274142.
[perfect_drone_full_node-2] [INFO] [1789407972.585134265] [fsm_node]:  -- [OPTIMIZER_PHASE_MEMORY] optimizer=exp event=begin call=258 rss_mib=3545.902 swap_mib=0.000 variables=17 pieces=5
[perfect_drone_full_node-2]  -- [TRAJ_GUARD_CERT] trigger=main_pre status=SAFE gen=82 map=450 map_age=0.013s map_age_limit=0.510s motion_speed=3.307mps samples=46 range=[1.279,1.503] collision_tt=-1.000 ttc=-1.000 p=[0.000,0.000,0.000]
[perfect_drone_full_node-2] Publish local map size: 12867
[perfect_drone_full_node-2] [INFO] [1789407972.621183325] [fsm_node]:  -- [OPTIMIZER_PHASE_MEMORY] optimizer=exp event=end call=258 duration_ms=36.044 iterations=1935 ret=1 rss_mib=3545.910 swap_mib=0.000 rss_delta_mib=0.008
[perfect_drone_full_node-2]  -- [TRAJ_GUARD_CERT] trigger=main_pre status=SAFE gen=82 map=451 map_age=0.014s map_age_limit=0.550s motion_speed=1.427mps samples=26 range=[1.379,1.503] collision_tt=-1.000 ttc=-1.000 p=[0.000,0.000,0.000]
[perfect_drone_full_node-2] Publish local map size: 12220
[perfect_drone_full_node-2] [INFO] [1789407972.741387113] [fsm_node]:  -- [OPTIMIZER_PHASE_MEMORY] optimizer=backup event=begin call=413 rss_mib=3545.914 swap_mib=0.000 variables=18 pieces=2
[perfect_drone_full_node-2] [INFO] [1789407972.743746220] [fsm_node]:  -- [OPTIMIZER_PHASE_MEMORY] optimizer=backup event=end call=413 duration_ms=2.427 iterations=352 ret=1 rss_mib=3545.914 swap_mib=0.000 rss_delta_mib=0.000
[perfect_drone_full_node-2] [INFO] [1789407972.743854100] [fsm_node]:  -- [OPTIMIZER_PHASE_MEMORY] optimizer=backup event=begin call=414 rss_mib=3545.914 swap_mib=0.000 variables=18 pieces=2
[perfect_drone_full_node-2] [INFO] [1789407972.744781374] [fsm_node]:  -- [OPTIMIZER_PHASE_MEMORY] optimizer=backup event=end call=414 duration_ms=0.927 iterations=163 ret=1 rss_mib=3545.914 swap_mib=0.000 rss_delta_mib=0.000
[perfect_drone_full_node-2] [WARN] [1789407972.744827937] [fsm_node]:  -- [SUPER] in [ReplanOnce]: Replan overtime, check parameters, replan dt = 0.177637763.
[perfect_drone_full_node-2] [INFO] [1789407972.746068475] [fsm_node]:  -- [TRAJ_GUARD_COMMIT] phase=ReplanOnce/no_backup gen=83 map=451 samples=41 range=[1.450,1.643] escape=false footprint_egress=false escape_done_tt=-1.000
[perfect_drone_full_node-2] [32m -- [Fsm] ReplanOnce succeed.[0m
[perfect_drone_full_node-2]  -- [TRAJ_GUARD_CERT] trigger=poly_publish status=SAFE gen=83 map=451 map_age=0.085s map_age_limit=0.550s motion_speed=0.178mps samples=40 range=[1.450,1.643] collision_tt=-1.000 ttc=-1.000 p=[0.000,0.000,0.000]
[perfect_drone_full_node-2]  -- [TRAJ_GUARD_CERT] trigger=main_pre status=SAFE gen=83 map=452 map_age=0.016s map_age_limit=0.550s motion_speed=1.113mps samples=34 range=[1.479,1.643] collision_tt=-1.000 ttc=-1.000 p=[0.000,0.000,0.000]
[perfect_drone_full_node-2] [32m -- [Fsm] Get goal at [0m 24.025000000000002 -23.975000000000001   1.525000000000000
[perfect_drone_full_node-2] [32m -- [Fsm] Receive click goal at: [ 24.025000000000002 -23.975000000000001   1.525000000000000]; goal yaw: 0.000000000000000 deg[0m
[perfect_drone_full_node-2] [INFO] [1789407972.809541950] [fsm_node]:  -- [OPTIMIZER_PHASE_MEMORY] optimizer=exp event=begin call=259 rss_mib=3545.914 swap_mib=0.000 variables=17 pieces=5
[perfect_drone_full_node-2] Publish local map size: 11863
[perfect_drone_full_node-2] [INFO] [1789407972.817239834] [fsm_node]:  -- [OPTIMIZER_PHASE_MEMORY] optimizer=exp event=end call=259 duration_ms=7.748 iterations=471 ret=1 rss_mib=3545.914 swap_mib=0.000 rss_delta_mib=0.000
[perfect_drone_full_node-2]  -- [TRAJ_GUARD_CERT] trigger=main_pre status=SAFE gen=83 map=453 map_age=0.009s map_age_limit=0.550s motion_speed=0.171mps samples=16 range=[1.569,1.643] collision_tt=-1.000 ttc=-1.000 p=[0.000,0.000,0.000]
[perfect_drone_full_node-2] Publish local map size: 10457
[perfect_drone_full_node-2] [INFO] [1789407972.940539723] [fsm_node]:  -- [OPTIMIZER_PHASE_MEMORY] optimizer=backup event=begin call=415 rss_mib=3545.918 swap_mib=0.000 variables=18 pieces=2
[perfect_drone_full_node-2] [32m -- [Fsm] Traj finish.[0m
[perfect_drone_full_node-2] [INFO] [1789407972.948006960] [fsm_node]:  -- [OPTIMIZER_PHASE_MEMORY] optimizer=backup event=end call=415 duration_ms=7.488 iterations=883 ret=1 rss_mib=3545.918 swap_mib=0.000 rss_delta_mib=0.000
[perfect_drone_full_node-2] [INFO] [1789407972.948165034] [fsm_node]:  -- [OPTIMIZER_PHASE_MEMORY] optimizer=backup event=begin call=416 rss_mib=3545.918 swap_mib=0.000 variables=18 pieces=2
[perfect_drone_full_node-2] [INFO] [1789407972.948996033] [fsm_node]:  -- [OPTIMIZER_PHASE_MEMORY] optimizer=backup event=end call=416 duration_ms=0.836 iterations=142 ret=1 rss_mib=3545.918 swap_mib=0.000 rss_delta_mib=0.000
[perfect_drone_full_node-2] [WARN] [1789407972.949037812] [fsm_node]:  -- [SUPER] in [ReplanOnce]: Replan overtime, check parameters, replan dt = 0.157924402.
[perfect_drone_full_node-2] [WARN] [1789407972.955129943] [fsm_node]:  -- [TRAJ_GUARD_RECOVERY_EPISODE_RESET] reason=horizontal_progress progress=7.125m threshold=2.000m prior_local=0 prior_vertical=0 prior_base=0
[perfect_drone_full_node-2] [INFO] [1789407972.972274063] [fsm_node]:  -- [OPTIMIZER_PHASE_MEMORY] optimizer=exp event=begin call=260 rss_mib=3545.918 swap_mib=0.000 variables=17 pieces=5
[perfect_drone_full_node-2] [INFO] [1789407972.982029343] [fsm_node]:  -- [OPTIMIZER_PHASE_MEMORY] optimizer=exp event=end call=260 duration_ms=9.807 iterations=572 ret=1 rss_mib=3545.918 swap_mib=0.000 rss_delta_mib=0.000
[perfect_drone_full_node-2] [INFO] [1789407972.982118158] [fsm_node]:  -- [SUPER] in [PlanFromRest] GenerateExpTrajectory SUCCESS.
[perfect_drone_full_node-2] [38;2;000;128;000m -- [Fsm]: [PubCmdCallback] change state from [FOLLOW_TRAJ] to [GENERATE_TRAJ].
[perfect_drone_full_node-2] [0mPublish local map size: 10266
[perfect_drone_full_node-2] [INFO] [1789407973.108345544] [fsm_node]:  -- [OPTIMIZER_PHASE_MEMORY] optimizer=backup event=begin call=417 rss_mib=3545.918 swap_mib=0.000 variables=18 pieces=2
[perfect_drone_full_node-2] [INFO] [1789407973.110812260] [fsm_node]:  -- [OPTIMIZER_PHASE_MEMORY] optimizer=backup event=end call=417 duration_ms=2.514 iterations=366 ret=1 rss_mib=3545.918 swap_mib=0.000 rss_delta_mib=0.000
[perfect_drone_full_node-2] [INFO] [1789407973.110932499] [fsm_node]:  -- [OPTIMIZER_PHASE_MEMORY] optimizer=backup event=begin call=418 rss_mib=3545.918 swap_mib=0.000 variables=18 pieces=2
[perfect_drone_full_node-2] [INFO] [1789407973.111559624] [fsm_node]:  -- [OPTIMIZER_PHASE_MEMORY] optimizer=backup event=end call=418 duration_ms=0.626 iterations=100 ret=1 rss_mib=3545.918 swap_mib=0.000 rss_delta_mib=0.000
[perfect_drone_full_node-2] [INFO] [1789407973.112071977] [fsm_node]:  -- [TRAJ_GUARD_COMMIT] phase=PlanFromRest/with_backup gen=84 map=455 samples=283 range=[0.156,1.560] escape=false footprint_egress=false escape_done_tt=-1.000
[perfect_drone_full_node-2]  -- [TRAJ_GUARD_CERT] trigger=poly_publish status=SAFE gen=84 map=455 map_age=0.061s map_age_limit=0.550s motion_speed=0.000mps samples=282 range=[0.157,1.560] collision_tt=-1.000 ttc=-1.000 p=[0.000,0.000,0.000]
[perfect_drone_full_node-2] [38;2;000;128;000m -- [Fsm]: [MainFsmCallback] change state from [GENERATE_TRAJ] to [FOLLOW_TRAJ].
[perfect_drone_full_node-2] [0mPublish local map size: 10306
[perfect_drone_full_node-2]  -- [TRAJ_GUARD_CERT] trigger=main_pre status=SAFE gen=84 map=456 map_age=0.014s map_age_limit=0.550s motion_speed=2.137mps samples=271 range=[0.210,1.560] collision_tt=-1.000 ttc=-1.000 p=[0.000,0.000,0.000]
[perfect_drone_full_node-2] Publish local map size: 12913
[perfect_drone_full_node-2] [INFO] [1789407973.220631507] [fsm_node]:  -- [OPTIMIZER_PHASE_MEMORY] optimizer=exp event=begin call=261 rss_mib=3545.930 swap_mib=0.000 variables=17 pieces=5
[perfect_drone_full_node-2] [INFO] [1789407973.228751043] [fsm_node]:  -- [OPTIMIZER_PHASE_MEMORY] optimizer=exp event=end call=261 duration_ms=8.165 iterations=465 ret=1 rss_mib=3545.930 swap_mib=0.000 rss_delta_mib=0.000
[perfect_drone_full_node-2] [32m -- [Fsm 45.725] Current state: FOLLOW_TRAJ[0m
[perfect_drone_full_node-2]  -- [TRAJ_GUARD_CERT] trigger=main_pre status=SAFE gen=84 map=457 map_age=0.007s map_age_limit=0.500s motion_speed=3.985mps samples=251 range=[0.310,1.560] collision_tt=-1.000 ttc=-1.000 p=[0.000,0.000,0.000]
[perfect_drone_full_node-2] Publish local map size: 11749
[perfect_drone_full_node-2] [INFO] [1789407973.368557492] [fsm_node]:  -- [OPTIMIZER_PHASE_MEMORY] optimizer=backup event=begin call=419 rss_mib=3545.938 swap_mib=0.000 variables=18 pieces=2
[perfect_drone_full_node-2] [INFO] [1789407973.374935401] [fsm_node]:  -- [OPTIMIZER_PHASE_MEMORY] optimizer=backup event=end call=419 duration_ms=6.440 iterations=737 ret=1 rss_mib=3545.938 swap_mib=0.000 rss_delta_mib=0.000
[perfect_drone_full_node-2] [INFO] [1789407973.375035425] [fsm_node]:  -- [OPTIMIZER_PHASE_MEMORY] optimizer=backup event=begin call=420 rss_mib=3545.938 swap_mib=0.000 variables=18 pieces=2
[perfect_drone_full_node-2] [INFO] [1789407973.377145087] [fsm_node]:  -- [OPTIMIZER_PHASE_MEMORY] optimizer=backup event=end call=420 duration_ms=2.105 iterations=328 ret=1 rss_mib=3545.938 swap_mib=0.000 rss_delta_mib=0.000
[perfect_drone_full_node-2] [WARN] [1789407973.377195141] [fsm_node]:  -- [SUPER] in [ReplanOnce]: Replan overtime, check parameters, replan dt = 0.190048038.
[perfect_drone_full_node-2] [INFO] [1789407973.404717882] [fsm_node]:  -- [OPTIMIZER_PHASE_MEMORY] optimizer=exp event=begin call=262 rss_mib=3545.938 swap_mib=0.000 variables=17 pieces=5
[perfect_drone_full_node-2] [INFO] [1789407973.410389758] [fsm_node]:  -- [OPTIMIZER_PHASE_MEMORY] optimizer=exp event=end call=262 duration_ms=5.723 iterations=352 ret=1 rss_mib=3545.938 swap_mib=0.000 rss_delta_mib=0.000
[perfect_drone_full_node-2]  -- [TRAJ_GUARD_CERT] trigger=main_pre status=SAFE gen=84 map=458 map_age=0.011s map_age_limit=0.500s motion_speed=4.987mps samples=231 range=[0.410,1.560] collision_tt=-1.000 ttc=-1.000 p=[0.000,0.000,0.000]
[perfect_drone_full_node-2] Publish local map size: 10528
[perfect_drone_full_node-2]  -- [TRAJ_GUARD_CERT] trigger=main_pre status=SAFE gen=84 map=459 map_age=0.014s map_age_limit=0.500s motion_speed=5.301mps samples=211 range=[0.510,1.560] collision_tt=-1.000 ttc=-1.000 p=[0.000,0.000,0.000]
[perfect_drone_full_node-2] Publish local map size: 10615
[perfect_drone_full_node-2] [INFO] [1789407973.542239489] [fsm_node]:  -- [OPTIMIZER_PHASE_MEMORY] optimizer=backup event=begin call=421 rss_mib=3545.945 swap_mib=0.000 variables=18 pieces=2
[perfect_drone_full_node-2] [INFO] [1789407973.543671686] [fsm_node]:  -- [OPTIMIZER_PHASE_MEMORY] optimizer=backup event=end call=421 duration_ms=1.493 iterations=218 ret=1 rss_mib=3545.945 swap_mib=0.000 rss_delta_mib=0.000
[perfect_drone_full_node-2] [INFO] [1789407973.543764363] [fsm_node]:  -- [OPTIMIZER_PHASE_MEMORY] optimizer=backup event=begin call=422 rss_mib=3545.945 swap_mib=0.000 variables=18 pieces=2
[perfect_drone_full_node-2] [INFO] [1789407973.544073878] [fsm_node]:  -- [OPTIMIZER_PHASE_MEMORY] optimizer=backup event=end call=422 duration_ms=0.309 iterations=51 ret=1 rss_mib=3545.945 swap_mib=0.000 rss_delta_mib=0.000
[perfect_drone_full_node-2] [WARN] [1789407973.544116932] [fsm_node]:  -- [SUPER] in [ReplanOnce]: Replan overtime, check parameters, replan dt = 0.166778119.
[perfect_drone_full_node-2] [INFO] [1789407973.570737050] [fsm_node]:  -- [OPTIMIZER_PHASE_MEMORY] optimizer=exp event=begin call=263 rss_mib=3545.945 swap_mib=0.000 variables=17 pieces=5
[perfect_drone_full_node-2] [INFO] [1789407973.584000157] [fsm_node]:  -- [OPTIMIZER_PHASE_MEMORY] optimizer=exp event=end call=263 duration_ms=13.277 iterations=716 ret=1 rss_mib=3545.945 swap_mib=0.000 rss_delta_mib=0.000
[perfect_drone_full_node-2]  -- [TRAJ_GUARD_CERT] trigger=main_pre status=SAFE gen=84 map=460 map_age=0.013s map_age_limit=0.500s motion_speed=5.659mps samples=191 range=[0.610,1.560] collision_tt=-1.000 ttc=-1.000 p=[0.000,0.000,0.000]
[perfect_drone_full_node-2] Publish local map size: 11460
[perfect_drone_full_node-2] [INFO] [1789407973.705370693] [fsm_node]:  -- [OPTIMIZER_PHASE_MEMORY] optimizer=backup event=begin call=423 rss_mib=3545.949 swap_mib=0.000 variables=18 pieces=2
[perfect_drone_full_node-2] [INFO] [1789407973.706568421] [fsm_node]:  -- [OPTIMIZER_PHASE_MEMORY] optimizer=backup event=end call=423 duration_ms=1.272 iterations=187 ret=1 rss_mib=3545.949 swap_mib=0.000 rss_delta_mib=0.000
[perfect_drone_full_node-2] [INFO] [1789407973.706662492] [fsm_node]:  -- [OPTIMIZER_PHASE_MEMORY] optimizer=backup event=begin call=424 rss_mib=3545.949 swap_mib=0.000 variables=18 pieces=2
[perfect_drone_full_node-2] [INFO] [1789407973.709060174] [fsm_node]:  -- [OPTIMIZER_PHASE_MEMORY] optimizer=backup event=end call=424 duration_ms=2.399 iterations=367 ret=1 rss_mib=3545.949 swap_mib=0.000 rss_delta_mib=0.000
[perfect_drone_full_node-2] [WARN] [1789407973.709109003] [fsm_node]:  -- [SUPER] in [ReplanOnce]: Replan overtime, check parameters, replan dt = 0.164908482.
[perfect_drone_full_node-2]  -- [TRAJ_GUARD_CERT] trigger=main_pre status=SAFE gen=84 map=461 map_age=0.013s map_age_limit=0.500s motion_speed=6.286mps samples=171 range=[0.710,1.560] collision_tt=-1.000 ttc=-1.000 p=[0.000,0.000,0.000]
[perfect_drone_full_node-2] Publish local map size: 11674
[perfect_drone_full_node-2] [INFO] [1789407973.739474323] [fsm_node]:  -- [OPTIMIZER_PHASE_MEMORY] optimizer=exp event=begin call=264 rss_mib=3545.949 swap_mib=0.000 variables=17 pieces=5
[perfect_drone_full_node-2] [INFO] [1789407973.750539961] [fsm_node]:  -- [OPTIMIZER_PHASE_MEMORY] optimizer=exp event=end call=264 duration_ms=11.082 iterations=584 ret=1 rss_mib=3545.949 swap_mib=0.000 rss_delta_mib=0.000
[perfect_drone_full_node-2]  -- [TRAJ_GUARD_CERT] trigger=main_pre status=SAFE gen=84 map=462 map_age=0.014s map_age_limit=0.500s motion_speed=6.824mps samples=151 range=[0.810,1.560] collision_tt=-1.000 ttc=-1.000 p=[0.000,0.000,0.000]
[perfect_drone_full_node-2] [32m -- [Fsm] Get goal at [0m 24.025000000000002 -23.975000000000001   1.525000000000000
[perfect_drone_full_node-2] [32m -- [Fsm] Receive click goal at: [ 24.025000000000002 -23.975000000000001   1.525000000000000]; goal yaw: 0.000000000000000 deg[0m
[perfect_drone_full_node-2] Publish local map size: 12962
[perfect_drone_full_node-2] [INFO] [1789407973.859827046] [fsm_node]:  -- [OPTIMIZER_PHASE_MEMORY] optimizer=backup event=begin call=425 rss_mib=3545.953 swap_mib=0.000 variables=18 pieces=2
[perfect_drone_full_node-2] [INFO] [1789407973.864279681] [fsm_node]:  -- [OPTIMIZER_PHASE_MEMORY] optimizer=backup event=end call=425 duration_ms=4.494 iterations=457 ret=1 rss_mib=3545.953 swap_mib=0.000 rss_delta_mib=0.000
[perfect_drone_full_node-2] [INFO] [1789407973.864405199] [fsm_node]:  -- [OPTIMIZER_PHASE_MEMORY] optimizer=backup event=begin call=426 rss_mib=3545.953 swap_mib=0.000 variables=18 pieces=2
[perfect_drone_full_node-2] [INFO] [1789407973.867126705] [fsm_node]:  -- [OPTIMIZER_PHASE_MEMORY] optimizer=backup event=end call=426 duration_ms=2.706 iterations=358 ret=1 rss_mib=3545.953 swap_mib=0.000 rss_delta_mib=0.000
[perfect_drone_full_node-2] [WARN] [1789407973.867184912] [fsm_node]:  -- [SUPER] in [ReplanOnce]: Replan overtime, check parameters, replan dt = 0.157953394.
[perfect_drone_full_node-2] [INFO] [1789407973.886924303] [fsm_node]:  -- [OPTIMIZER_PHASE_MEMORY] optimizer=exp event=begin call=265 rss_mib=3545.953 swap_mib=0.000 variables=17 pieces=5
[perfect_drone_full_node-2] [INFO] [1789407973.902278293] [fsm_node]:  -- [OPTIMIZER_PHASE_MEMORY] optimizer=exp event=end call=265 duration_ms=15.368 iterations=793 ret=1 rss_mib=3545.953 swap_mib=0.000 rss_delta_mib=0.000
[perfect_drone_full_node-2]  -- [TRAJ_GUARD_CERT] trigger=main_pre status=SAFE gen=84 map=463 map_age=0.104s map_age_limit=0.500s motion_speed=6.992mps samples=133 range=[0.900,1.560] collision_tt=-1.000 ttc=-1.000 p=[0.000,0.000,0.000]
[perfect_drone_full_node-2] Publish local map size: 16154
[perfect_drone_full_node-2]  -- [TRAJ_GUARD_CERT] trigger=main_pre status=SAFE gen=84 map=464 map_age=0.015s map_age_limit=0.500s motion_speed=6.862mps samples=109 range=[1.020,1.560] collision_tt=-1.000 ttc=-1.000 p=[0.000,0.000,0.000]
[perfect_drone_full_node-2] Publish local map size: 14140
[perfect_drone_full_node-2] [INFO] [1789407974.018368346] [fsm_node]:  -- [OPTIMIZER_PHASE_MEMORY] optimizer=backup event=begin call=427 rss_mib=3545.957 swap_mib=0.000 variables=18 pieces=2
[perfect_drone_full_node-2] [INFO] [1789407974.020734450] [fsm_node]:  -- [OPTIMIZER_PHASE_MEMORY] optimizer=backup event=end call=427 duration_ms=2.436 iterations=336 ret=1 rss_mib=3545.957 swap_mib=0.000 rss_delta_mib=0.000
[perfect_drone_full_node-2] [INFO] [1789407974.020836660] [fsm_node]:  -- [OPTIMIZER_PHASE_MEMORY] optimizer=backup event=begin call=428 rss_mib=3545.957 swap_mib=0.000 variables=18 pieces=2
[perfect_drone_full_node-2] [INFO] [1789407974.024176250] [fsm_node]:  -- [OPTIMIZER_PHASE_MEMORY] optimizer=backup event=end call=428 duration_ms=3.340 iterations=509 ret=1 rss_mib=3545.957 swap_mib=0.000 rss_delta_mib=0.000
[perfect_drone_full_node-2] [WARN] [1789407974.024219783] [fsm_node]:  -- [SUPER] in [ReplanOnce]: Replan overtime, check parameters, replan dt = 0.156899762.
[perfect_drone_full_node-2] [INFO] [1789407974.043676700] [fsm_node]:  -- [OPTIMIZER_PHASE_MEMORY] optimizer=exp event=begin call=266 rss_mib=3545.957 swap_mib=0.000 variables=17 pieces=5
[perfect_drone_full_node-2] [INFO] [1789407974.052927770] [fsm_node]:  -- [OPTIMIZER_PHASE_MEMORY] optimizer=exp event=end call=266 duration_ms=9.285 iterations=534 ret=1 rss_mib=3545.957 swap_mib=0.000 rss_delta_mib=0.000
[perfect_drone_full_node-2]  -- [TRAJ_GUARD_CERT] trigger=main_pre status=SAFE gen=84 map=465 map_age=0.013s map_age_limit=0.500s motion_speed=6.651mps samples=91 range=[1.110,1.560] collision_tt=-1.000 ttc=-1.000 p=[0.000,0.000,0.000]
[perfect_drone_full_node-2] Publish local map size: 13561
[perfect_drone_full_node-2] [INFO] [1789407974.164662092] [fsm_node]:  -- [OPTIMIZER_PHASE_MEMORY] optimizer=backup event=begin call=429 rss_mib=3545.965 swap_mib=0.000 variables=18 pieces=2
[perfect_drone_full_node-2] [INFO] [1789407974.166243014] [fsm_node]:  -- [OPTIMIZER_PHASE_MEMORY] optimizer=backup event=end call=429 duration_ms=1.642 iterations=234 ret=1 rss_mib=3545.965 swap_mib=0.000 rss_delta_mib=0.000
[perfect_drone_full_node-2] [INFO] [1789407974.166365504] [fsm_node]:  -- [OPTIMIZER_PHASE_MEMORY] optimizer=backup event=begin call=430 rss_mib=3545.965 swap_mib=0.000 variables=18 pieces=2
[perfect_drone_full_node-2] [INFO] [1789407974.167167328] [fsm_node]:  -- [OPTIMIZER_PHASE_MEMORY] optimizer=backup event=end call=430 duration_ms=0.805 iterations=135 ret=1 rss_mib=3545.965 swap_mib=0.000 rss_delta_mib=0.000
[perfect_drone_full_node-2] [WARN] [1789407974.167209029] [fsm_node]:  -- [SUPER] in [ReplanOnce]: Replan overtime, check parameters, replan dt = 0.142832517.
[perfect_drone_full_node-2] [INFO] [1789407974.185250977] [fsm_node]:  -- [OPTIMIZER_PHASE_MEMORY] optimizer=exp event=begin call=267 rss_mib=3545.965 swap_mib=0.000 variables=13 pieces=4
[perfect_drone_full_node-2] [INFO] [1789407974.189432313] [fsm_node]:  -- [OPTIMIZER_PHASE_MEMORY] optimizer=exp event=end call=267 duration_ms=4.226 iterations=299 ret=1 rss_mib=3545.965 swap_mib=0.000 rss_delta_mib=0.000
[perfect_drone_full_node-2]  -- [TRAJ_GUARD_CERT] trigger=main_pre status=SAFE gen=84 map=466 map_age=0.011s map_age_limit=0.500s motion_speed=5.638mps samples=71 range=[1.210,1.560] collision_tt=-1.000 ttc=-1.000 p=[0.000,0.000,0.000]
[perfect_drone_full_node-2] Publish local map size: 14283
[perfect_drone_full_node-2] [32m -- [Fsm 46.725] Current state: FOLLOW_TRAJ[0m
[perfect_drone_full_node-2] [INFO] [1789407974.303019124] [fsm_node]:  -- [OPTIMIZER_PHASE_MEMORY] optimizer=backup event=begin call=431 rss_mib=3545.977 swap_mib=0.000 variables=18 pieces=2
[perfect_drone_full_node-2] [INFO] [1789407974.304399652] [fsm_node]:  -- [OPTIMIZER_PHASE_MEMORY] optimizer=backup event=end call=431 duration_ms=1.468 iterations=220 ret=1 rss_mib=3545.977 swap_mib=0.000 rss_delta_mib=0.000
[perfect_drone_full_node-2] [INFO] [1789407974.304506975] [fsm_node]:  -- [OPTIMIZER_PHASE_MEMORY] optimizer=backup event=begin call=432 rss_mib=3545.977 swap_mib=0.000 variables=18 pieces=2
[perfect_drone_full_node-2] [INFO] [1789407974.307901961] [fsm_node]:  -- [OPTIMIZER_PHASE_MEMORY] optimizer=backup event=end call=432 duration_ms=3.381 iterations=434 ret=1 rss_mib=3545.977 swap_mib=0.000 rss_delta_mib=0.000
[perfect_drone_full_node-2] [WARN] [1789407974.307957383] [fsm_node]:  -- [SUPER] in [ReplanOnce]: Replan overtime, check parameters, replan dt = 0.140593498.
[perfect_drone_full_node-2]  -- [TRAJ_GUARD_CERT] trigger=main_pre status=SAFE gen=84 map=467 map_age=0.006s map_age_limit=0.500s motion_speed=3.951mps samples=53 range=[1.300,1.560] collision_tt=-1.000 ttc=-1.000 p=[0.000,0.000,0.000]
[perfect_drone_full_node-2]  -- [MARSIM] Running FPS: 205.612
[perfect_drone_full_node-2] Publish local map size: 13982
[perfect_drone_full_node-2] [INFO] [1789407974.324598209] [fsm_node]:  -- [OPTIMIZER_PHASE_MEMORY] optimizer=exp event=begin call=268 rss_mib=3545.977 swap_mib=0.000 variables=13 pieces=4
[perfect_drone_full_node-2] [INFO] [1789407974.328685972] [fsm_node]:  -- [OPTIMIZER_PHASE_MEMORY] optimizer=exp event=end call=268 duration_ms=4.133 iterations=322 ret=1 rss_mib=3545.977 swap_mib=0.000 rss_delta_mib=0.000
[perfect_drone_full_node-2]  -- [TRAJ_GUARD_CERT] trigger=main_pre status=SAFE gen=84 map=468 map_age=0.015s map_age_limit=0.550s motion_speed=1.972mps samples=31 range=[1.410,1.560] collision_tt=-1.000 ttc=-1.000 p=[0.000,0.000,0.000]
[perfect_drone_full_node-2] Publish local map size: 13487
[perfect_drone_full_node-2] [INFO] [1789407974.448877228] [fsm_node]:  -- [OPTIMIZER_PHASE_MEMORY] optimizer=backup event=begin call=433 rss_mib=3545.984 swap_mib=0.000 variables=18 pieces=2
[perfect_drone_full_node-2] [INFO] [1789407974.455161394] [fsm_node]:  -- [OPTIMIZER_PHASE_MEMORY] optimizer=backup event=end call=433 duration_ms=6.349 iterations=666 ret=1 rss_mib=3545.984 swap_mib=0.000 rss_delta_mib=0.000
[perfect_drone_full_node-2] [INFO] [1789407974.455282276] [fsm_node]:  -- [OPTIMIZER_PHASE_MEMORY] optimizer=backup event=begin call=434 rss_mib=3545.984 swap_mib=0.000 variables=18 pieces=2
[perfect_drone_full_node-2] [INFO] [1789407974.457488423] [fsm_node]:  -- [OPTIMIZER_PHASE_MEMORY] optimizer=backup event=end call=434 duration_ms=2.202 iterations=325 ret=1 rss_mib=3545.984 swap_mib=0.000 rss_delta_mib=0.000
[perfect_drone_full_node-2] [WARN] [1789407974.457540737] [fsm_node]:  -- [SUPER] in [ReplanOnce]: Replan overtime, check parameters, replan dt = 0.149492848.
[perfect_drone_full_node-2] [INFO] [1789407974.458325667] [fsm_node]:  -- [TRAJ_GUARD_COMMIT] phase=ReplanOnce/no_backup gen=85 map=468 samples=38 range=[1.503,1.680] escape=false footprint_egress=false escape_done_tt=-1.000
[perfect_drone_full_node-2] [32m -- [Fsm] ReplanOnce succeed.[0m
[perfect_drone_full_node-2]  -- [TRAJ_GUARD_CERT] trigger=poly_publish status=SAFE gen=85 map=468 map_age=0.108s map_age_limit=0.550s motion_speed=0.242mps samples=37 range=[1.503,1.680] collision_tt=-1.000 ttc=-1.000 p=[0.000,0.000,0.000]
[perfect_drone_full_node-2]  -- [TRAJ_GUARD_CERT] trigger=main_pre status=SAFE gen=85 map=469 map_age=0.009s map_age_limit=0.550s motion_speed=0.242mps samples=35 range=[1.510,1.680] collision_tt=-1.000 ttc=-1.000 p=[0.000,0.000,0.000]
[perfect_drone_full_node-2] Publish local map size: 13912
[perfect_drone_full_node-2] [INFO] [1789407974.523939787] [fsm_node]:  -- [OPTIMIZER_PHASE_MEMORY] optimizer=exp event=begin call=269 rss_mib=3545.988 swap_mib=0.000 variables=17 pieces=5
[perfect_drone_full_node-2] [INFO] [1789407974.542324599] [fsm_node]:  -- [OPTIMIZER_PHASE_MEMORY] optimizer=exp event=end call=269 duration_ms=18.416 iterations=1017 ret=1 rss_mib=3545.988 swap_mib=0.000 rss_delta_mib=0.000
[perfect_drone_full_node-2]  -- [TRAJ_GUARD_CERT] trigger=main_pre status=SAFE gen=85 map=470 map_age=0.016s map_age_limit=0.550s motion_speed=0.177mps samples=15 range=[1.610,1.680] collision_tt=-1.000 ttc=-1.000 p=[0.000,0.000,0.000]
[perfect_drone_full_node-2] Publish local map size: 12628
[perfect_drone_full_node-2] [32m -- [Fsm] Traj finish.[0m
[perfect_drone_full_node-2] [INFO] [1789407974.663111646] [fsm_node]:  -- [OPTIMIZER_PHASE_MEMORY] optimizer=backup event=begin call=435 rss_mib=3545.988 swap_mib=0.000 variables=18 pieces=2
[perfect_drone_full_node-2] [INFO] [1789407974.669588018] [fsm_node]:  -- [OPTIMIZER_PHASE_MEMORY] optimizer=backup event=end call=435 duration_ms=6.559 iterations=766 ret=1 rss_mib=3545.988 swap_mib=0.000 rss_delta_mib=0.000
[perfect_drone_full_node-2] [INFO] [1789407974.669696262] [fsm_node]:  -- [OPTIMIZER_PHASE_MEMORY] optimizer=backup event=begin call=436 rss_mib=3545.988 swap_mib=0.000 variables=18 pieces=2
[perfect_drone_full_node-2] [INFO] [1789407974.676527771] [fsm_node]:  -- [OPTIMIZER_PHASE_MEMORY] optimizer=backup event=end call=436 duration_ms=6.831 iterations=744 ret=1 rss_mib=3545.988 swap_mib=0.000 rss_delta_mib=0.000
[perfect_drone_full_node-2] [WARN] [1789407974.676582407] [fsm_node]:  -- [SUPER] in [ReplanOnce]: Replan overtime, check parameters, replan dt = 0.169450173.
[perfect_drone_full_node-2] [WARN] [1789407974.676623581] [fsm_node]:  -- [TRAJ_GUARD_RECOVERY_EPISODE_RESET] reason=horizontal_progress progress=7.100m threshold=2.000m prior_local=0 prior_vertical=0 prior_base=0
[perfect_drone_full_node-2] [INFO] [1789407974.693702870] [fsm_node]:  -- [OPTIMIZER_PHASE_MEMORY] optimizer=exp event=begin call=270 rss_mib=3545.988 swap_mib=0.000 variables=17 pieces=5
[perfect_drone_full_node-2] [INFO] [1789407974.698029698] [fsm_node]:  -- [OPTIMIZER_PHASE_MEMORY] optimizer=exp event=end call=270 duration_ms=4.391 iterations=275 ret=1 rss_mib=3545.988 swap_mib=0.000 rss_delta_mib=0.000
[perfect_drone_full_node-2] [INFO] [1789407974.698097901] [fsm_node]:  -- [SUPER] in [PlanFromRest] GenerateExpTrajectory SUCCESS.
[perfect_drone_full_node-2] [38;2;000;128;000m -- [Fsm]: [PubCmdCallback] change state from [FOLLOW_TRAJ] to [GENERATE_TRAJ].
[perfect_drone_full_node-2] [0mPublish local map size: 12506
[perfect_drone_full_node-2] Publish local map size: 12515
[perfect_drone_full_node-2] [INFO] [1789407974.825862061] [fsm_node]:  -- [OPTIMIZER_PHASE_MEMORY] optimizer=backup event=begin call=437 rss_mib=3545.988 swap_mib=0.000 variables=18 pieces=2
[perfect_drone_full_node-2] [INFO] [1789407974.837285459] [fsm_node]:  -- [OPTIMIZER_PHASE_MEMORY] optimizer=backup event=end call=437 duration_ms=11.466 iterations=1045 ret=1 rss_mib=3545.988 swap_mib=0.000 rss_delta_mib=0.000
[perfect_drone_full_node-2] [INFO] [1789407974.837439314] [fsm_node]:  -- [OPTIMIZER_PHASE_MEMORY] optimizer=backup event=begin call=438 rss_mib=3545.988 swap_mib=0.000 variables=18 pieces=2
[perfect_drone_full_node-2] [INFO] [1789407974.841721045] [fsm_node]:  -- [OPTIMIZER_PHASE_MEMORY] optimizer=backup event=end call=438 duration_ms=4.280 iterations=482 ret=1 rss_mib=3545.988 swap_mib=0.000 rss_delta_mib=0.000
[perfect_drone_full_node-2] [INFO] [1789407974.842260334] [fsm_node]:  -- [TRAJ_GUARD_COMMIT] phase=PlanFromRest/with_backup gen=86 map=472 samples=270 range=[0.165,1.502] escape=false footprint_egress=false escape_done_tt=-1.000
[perfect_drone_full_node-2]  -- [TRAJ_GUARD_CERT] trigger=poly_publish status=SAFE gen=86 map=472 map_age=0.092s map_age_limit=0.550s motion_speed=0.000mps samples=269 range=[0.166,1.502] collision_tt=-1.000 ttc=-1.000 p=[0.000,0.000,0.000]
[perfect_drone_full_node-2] [38;2;000;128;000m -- [Fsm]: [MainFsmCallback] change state from [GENERATE_TRAJ] to [FOLLOW_TRAJ].
[perfect_drone_full_node-2] [0m[32m -- [Fsm] Get goal at [0m 24.025000000000002 -23.975000000000001   1.525000000000000
[perfect_drone_full_node-2] [32m -- [Fsm] Receive click goal at: [ 24.025000000000002 -23.975000000000001   1.525000000000000]; goal yaw: 0.000000000000000 deg[0m
[perfect_drone_full_node-2]  -- [TRAJ_GUARD_CERT] trigger=main_pre status=SAFE gen=86 map=473 map_age=0.007s map_age_limit=0.550s motion_speed=1.191mps samples=266 range=[0.178,1.502] collision_tt=-1.000 ttc=-1.000 p=[0.000,0.000,0.000]
[perfect_drone_full_node-2] Publish local map size: 15098
[perfect_drone_full_node-2] [INFO] [1789407974.927090546] [fsm_node]:  -- [OPTIMIZER_PHASE_MEMORY] optimizer=exp event=begin call=271 rss_mib=3545.992 swap_mib=0.000 variables=17 pieces=5
[perfect_drone_full_node-2] [INFO] [1789407974.943678886] [fsm_node]:  -- [OPTIMIZER_PHASE_MEMORY] optimizer=exp event=end call=271 duration_ms=16.605 iterations=796 ret=1 rss_mib=3545.992 swap_mib=0.000 rss_delta_mib=0.000
[perfect_drone_full_node-2]  -- [TRAJ_GUARD_CERT] trigger=main_pre status=SAFE gen=86 map=474 map_age=0.015s map_age_limit=0.511s motion_speed=3.272mps samples=244 range=[0.288,1.502] collision_tt=-1.000 ttc=-1.000 p=[0.000,0.000,0.000]
[perfect_drone_full_node-2] Publish local map size: 15103
[perfect_drone_full_node-2] [INFO] [1789407975.076627963] [fsm_node]:  -- [OPTIMIZER_PHASE_MEMORY] optimizer=backup event=begin call=439 rss_mib=3545.996 swap_mib=0.000 variables=18 pieces=2
[perfect_drone_full_node-2] [INFO] [1789407975.085797110] [fsm_node]:  -- [OPTIMIZER_PHASE_MEMORY] optimizer=backup event=end call=439 duration_ms=9.219 iterations=875 ret=1 rss_mib=3545.996 swap_mib=0.000 rss_delta_mib=0.000
[perfect_drone_full_node-2] [INFO] [1789407975.085937520] [fsm_node]:  -- [OPTIMIZER_PHASE_MEMORY] optimizer=backup event=begin call=440 rss_mib=3545.996 swap_mib=0.000 variables=18 pieces=2
[perfect_drone_full_node-2] [INFO] [1789407975.086511321] [fsm_node]:  -- [OPTIMIZER_PHASE_MEMORY] optimizer=backup event=end call=440 duration_ms=0.579 iterations=94 ret=1 rss_mib=3545.996 swap_mib=0.000 rss_delta_mib=0.000
[perfect_drone_full_node-2] [WARN] [1789407975.086553246] [fsm_node]:  -- [SUPER] in [ReplanOnce]: Replan overtime, check parameters, replan dt = 0.183424649.
[perfect_drone_full_node-2] [INFO] [1789407975.107139986] [fsm_node]:  -- [OPTIMIZER_PHASE_MEMORY] optimizer=exp event=begin call=272 rss_mib=3545.996 swap_mib=0.000 variables=17 pieces=5
[perfect_drone_full_node-2]  -- [TRAJ_GUARD_CERT] trigger=main_pre status=SAFE gen=86 map=475 map_age=0.014s map_age_limit=0.500s motion_speed=5.080mps samples=224 range=[0.388,1.502] collision_tt=-1.000 ttc=-1.000 p=[0.000,0.000,0.000]
[perfect_drone_full_node-2] Publish local map size: 14108
[perfect_drone_full_node-2] [INFO] [1789407975.136624939] [fsm_node]:  -- [OPTIMIZER_PHASE_MEMORY] optimizer=exp event=end call=272 duration_ms=29.492 iterations=1499 ret=1 rss_mib=3546.000 swap_mib=0.000 rss_delta_mib=0.004
[perfect_drone_full_node-2]  -- [TRAJ_GUARD_CERT] trigger=main_pre status=SAFE gen=86 map=476 map_age=0.015s map_age_limit=0.500s motion_speed=6.276mps samples=204 range=[0.488,1.502] collision_tt=-1.000 ttc=-1.000 p=[0.000,0.000,0.000]
[perfect_drone_full_node-2] Publish local map size: 12807
[perfect_drone_full_node-2] [32m -- [Fsm 47.725] Current state: FOLLOW_TRAJ[0m
[perfect_drone_full_node-2] [INFO] [1789407975.266969772] [fsm_node]:  -- [OPTIMIZER_PHASE_MEMORY] optimizer=backup event=begin call=441 rss_mib=3546.004 swap_mib=0.000 variables=18 pieces=2
[perfect_drone_full_node-2] [INFO] [1789407975.268841026] [fsm_node]:  -- [OPTIMIZER_PHASE_MEMORY] optimizer=backup event=end call=441 duration_ms=1.956 iterations=303 ret=1 rss_mib=3546.004 swap_mib=0.000 rss_delta_mib=0.000
[perfect_drone_full_node-2] [INFO] [1789407975.268941778] [fsm_node]:  -- [OPTIMIZER_PHASE_MEMORY] optimizer=backup event=begin call=442 rss_mib=3546.004 swap_mib=0.000 variables=18 pieces=2
[perfect_drone_full_node-2] [INFO] [1789407975.271933785] [fsm_node]:  -- [OPTIMIZER_PHASE_MEMORY] optimizer=backup event=end call=442 duration_ms=2.985 iterations=392 ret=1 rss_mib=3546.004 swap_mib=0.000 rss_delta_mib=0.000
[perfect_drone_full_node-2] [WARN] [1789407975.271986093] [fsm_node]:  -- [SUPER] in [ReplanOnce]: Replan overtime, check parameters, replan dt = 0.18526371.
[perfect_drone_full_node-2] [INFO] [1789407975.290298934] [fsm_node]:  -- [OPTIMIZER_PHASE_MEMORY] optimizer=exp event=begin call=273 rss_mib=3546.004 swap_mib=0.000 variables=17 pieces=5
[perfect_drone_full_node-2] [INFO] [1789407975.306388222] [fsm_node]:  -- [OPTIMIZER_PHASE_MEMORY] optimizer=exp event=end call=273 duration_ms=16.094 iterations=840 ret=1 rss_mib=3546.012 swap_mib=0.000 rss_delta_mib=0.008
[perfect_drone_full_node-2]  -- [TRAJ_GUARD_CERT] trigger=main_pre status=SAFE gen=86 map=477 map_age=0.008s map_age_limit=0.500s motion_speed=6.806mps samples=186 range=[0.578,1.502] collision_tt=-1.000 ttc=-1.000 p=[0.000,0.000,0.000]
[perfect_drone_full_node-2] Publish local map size: 12360
[perfect_drone_full_node-2]  -- [TRAJ_GUARD_CERT] trigger=main_pre status=SAFE gen=86 map=478 map_age=0.008s map_age_limit=0.500s motion_speed=6.989mps samples=166 range=[0.678,1.502] collision_tt=-1.000 ttc=-1.000 p=[0.000,0.000,0.000]
[perfect_drone_full_node-2] Publish local map size: 12563
[perfect_drone_full_node-2] [INFO] [1789407975.425451141] [fsm_node]:  -- [OPTIMIZER_PHASE_MEMORY] optimizer=backup event=begin call=443 rss_mib=3546.016 swap_mib=0.000 variables=18 pieces=2
[perfect_drone_full_node-2] [INFO] [1789407975.426676609] [fsm_node]:  -- [OPTIMIZER_PHASE_MEMORY] optimizer=backup event=end call=443 duration_ms=1.323 iterations=185 ret=1 rss_mib=3546.016 swap_mib=0.000 rss_delta_mib=0.000
[perfect_drone_full_node-2] [INFO] [1789407975.426782408] [fsm_node]:  -- [OPTIMIZER_PHASE_MEMORY] optimizer=backup event=begin call=444 rss_mib=3546.016 swap_mib=0.000 variables=18 pieces=2
[perfect_drone_full_node-2] [INFO] [1789407975.430678007] [fsm_node]:  -- [OPTIMIZER_PHASE_MEMORY] optimizer=backup event=end call=444 duration_ms=3.879 iterations=500 ret=1 rss_mib=3546.016 swap_mib=0.000 rss_delta_mib=0.000
[perfect_drone_full_node-2] [WARN] [1789407975.430745556] [fsm_node]:  -- [SUPER] in [ReplanOnce]: Replan overtime, check parameters, replan dt = 0.158668775.
[perfect_drone_full_node-2] [INFO] [1789407975.449376186] [fsm_node]:  -- [OPTIMIZER_PHASE_MEMORY] optimizer=exp event=begin call=274 rss_mib=3546.020 swap_mib=0.000 variables=17 pieces=5
[perfect_drone_full_node-2] [INFO] [1789407975.462801850] [fsm_node]:  -- [OPTIMIZER_PHASE_MEMORY] optimizer=exp event=end call=274 duration_ms=13.416 iterations=694 ret=1 rss_mib=3546.020 swap_mib=0.000 rss_delta_mib=0.000
[perfect_drone_full_node-2]  -- [TRAJ_GUARD_CERT] trigger=main_pre status=SAFE gen=86 map=479 map_age=0.012s map_age_limit=0.500s motion_speed=6.989mps samples=144 range=[0.788,1.502] collision_tt=-1.000 ttc=-1.000 p=[0.000,0.000,0.000]
[perfect_drone_full_node-2] Publish local map size: 11562
[perfect_drone_full_node-2] [INFO] [1789407975.578383225] [fsm_node]:  -- [OPTIMIZER_PHASE_MEMORY] optimizer=backup event=begin call=445 rss_mib=3546.023 swap_mib=0.000 variables=18 pieces=2
[perfect_drone_full_node-2] [INFO] [1789407975.580207336] [fsm_node]:  -- [OPTIMIZER_PHASE_MEMORY] optimizer=backup event=end call=445 duration_ms=1.896 iterations=293 ret=1 rss_mib=3546.023 swap_mib=0.000 rss_delta_mib=0.000
[perfect_drone_full_node-2] [INFO] [1789407975.580311849] [fsm_node]:  -- [OPTIMIZER_PHASE_MEMORY] optimizer=backup event=begin call=446 rss_mib=3546.023 swap_mib=0.000 variables=18 pieces=2
[perfect_drone_full_node-2] [INFO] [1789407975.584426553] [fsm_node]:  -- [OPTIMIZER_PHASE_MEMORY] optimizer=backup event=end call=446 duration_ms=4.113 iterations=534 ret=1 rss_mib=3546.023 swap_mib=0.000 rss_delta_mib=0.000
[perfect_drone_full_node-2] [WARN] [1789407975.584469280] [fsm_node]:  -- [SUPER] in [ReplanOnce]: Replan overtime, check parameters, replan dt = 0.153569992.
[perfect_drone_full_node-2] [INFO] [1789407975.605684347] [fsm_node]:  -- [OPTIMIZER_PHASE_MEMORY] optimizer=exp event=begin call=275 rss_mib=3546.027 swap_mib=0.000 variables=17 pieces=5
[perfect_drone_full_node-2]  -- [TRAJ_GUARD_CERT] trigger=main_pre status=SAFE gen=86 map=480 map_age=0.011s map_age_limit=0.500s motion_speed=6.970mps samples=124 range=[0.888,1.502] collision_tt=-1.000 ttc=-1.000 p=[0.000,0.000,0.000]
[perfect_drone_full_node-2] Publish local map size: 10503
[perfect_drone_full_node-2] [INFO] [1789407975.620224075] [fsm_node]:  -- [OPTIMIZER_PHASE_MEMORY] optimizer=exp event=end call=275 duration_ms=14.544 iterations=772 ret=1 rss_mib=3546.027 swap_mib=0.000 rss_delta_mib=0.000
[perfect_drone_full_node-2]  -- [TRAJ_GUARD_CERT] trigger=main_pre status=SAFE gen=86 map=481 map_age=0.010s map_age_limit=0.500s motion_speed=6.938mps samples=104 range=[0.988,1.502] collision_tt=-1.000 ttc=-1.000 p=[0.000,0.000,0.000]
[perfect_drone_full_node-2] Publish local map size: 9437
[perfect_drone_full_node-2] [INFO] [1789407975.739167107] [fsm_node]:  -- [OPTIMIZER_PHASE_MEMORY] optimizer=backup event=begin call=447 rss_mib=3546.031 swap_mib=0.000 variables=18 pieces=2
[perfect_drone_full_node-2] [INFO] [1789407975.740296263] [fsm_node]:  -- [OPTIMIZER_PHASE_MEMORY] optimizer=backup event=end call=447 duration_ms=1.216 iterations=166 ret=1 rss_mib=3546.031 swap_mib=0.000 rss_delta_mib=0.000
[perfect_drone_full_node-2] [INFO] [1789407975.740399984] [fsm_node]:  -- [OPTIMIZER_PHASE_MEMORY] optimizer=backup event=begin call=448 rss_mib=3546.031 swap_mib=0.000 variables=18 pieces=2
[perfect_drone_full_node-2] [INFO] [1789407975.744329953] [fsm_node]:  -- [OPTIMIZER_PHASE_MEMORY] optimizer=backup event=end call=448 duration_ms=3.929 iterations=523 ret=1 rss_mib=3546.031 swap_mib=0.000 rss_delta_mib=0.000
[perfect_drone_full_node-2] [WARN] [1789407975.744383445] [fsm_node]:  -- [SUPER] in [ReplanOnce]: Replan overtime, check parameters, replan dt = 0.159748976.
[perfect_drone_full_node-2] [INFO] [1789407975.764744916] [fsm_node]:  -- [OPTIMIZER_PHASE_MEMORY] optimizer=exp event=begin call=276 rss_mib=3546.035 swap_mib=0.000 variables=13 pieces=4
[perfect_drone_full_node-2] [INFO] [1789407975.769138614] [fsm_node]:  -- [OPTIMIZER_PHASE_MEMORY] optimizer=exp event=end call=276 duration_ms=4.461 iterations=323 ret=1 rss_mib=3546.035 swap_mib=0.000 rss_delta_mib=0.000
[perfect_drone_full_node-2]  -- [TRAJ_GUARD_CERT] trigger=main_pre status=SAFE gen=86 map=482 map_age=0.010s map_age_limit=0.500s motion_speed=6.643mps samples=84 range=[1.088,1.502] collision_tt=-1.000 ttc=-1.000 p=[0.000,0.000,0.000]
[perfect_drone_full_node-2] [32m -- [Fsm] Get goal at [0m 24.025000000000002 -23.975000000000001   1.525000000000000
[perfect_drone_full_node-2] [32m -- [Fsm] Receive click goal at: [ 24.025000000000002 -23.975000000000001   1.525000000000000]; goal yaw: 0.000000000000000 deg[0m
[perfect_drone_full_node-2] Publish local map size: 10902
[perfect_drone_full_node-2] [INFO] [1789407975.886284371] [fsm_node]:  -- [OPTIMIZER_PHASE_MEMORY] optimizer=backup event=begin call=449 rss_mib=3546.035 swap_mib=0.000 variables=18 pieces=2
[perfect_drone_full_node-2] [INFO] [1789407975.889907247] [fsm_node]:  -- [OPTIMIZER_PHASE_MEMORY] optimizer=backup event=end call=449 duration_ms=3.672 iterations=533 ret=1 rss_mib=3546.035 swap_mib=0.000 rss_delta_mib=0.000
[perfect_drone_full_node-2] [INFO] [1789407975.890009913] [fsm_node]:  -- [OPTIMIZER_PHASE_MEMORY] optimizer=backup event=begin call=450 rss_mib=3546.035 swap_mib=0.000 variables=18 pieces=2
[perfect_drone_full_node-2] [INFO] [1789407975.897872031] [fsm_node]:  -- [OPTIMIZER_PHASE_MEMORY] optimizer=backup event=end call=450 duration_ms=7.854 iterations=795 ret=1 rss_mib=3546.039 swap_mib=0.000 rss_delta_mib=0.004
[perfect_drone_full_node-2] [WARN] [1789407975.897926859] [fsm_node]:  -- [SUPER] in [ReplanOnce]: Replan overtime, check parameters, replan dt = 0.153381627.
[perfect_drone_full_node-2]  -- [TRAJ_GUARD_CERT] trigger=main_pre status=SAFE gen=86 map=483 map_age=0.011s map_age_limit=0.500s motion_speed=5.019mps samples=64 range=[1.188,1.502] collision_tt=-1.000 ttc=-1.000 p=[0.000,0.000,0.000]
[perfect_drone_full_node-2] Publish local map size: 9611
[perfect_drone_full_node-2] [INFO] [1789407975.918052044] [fsm_node]:  -- [OPTIMIZER_PHASE_MEMORY] optimizer=exp event=begin call=277 rss_mib=3546.039 swap_mib=0.000 variables=17 pieces=5
[perfect_drone_full_node-2] [INFO] [1789407975.930539861] [fsm_node]:  -- [OPTIMIZER_PHASE_MEMORY] optimizer=exp event=end call=277 duration_ms=12.509 iterations=706 ret=1 rss_mib=3546.039 swap_mib=0.000 rss_delta_mib=0.000
[perfect_drone_full_node-2]  -- [TRAJ_GUARD_CERT] trigger=main_pre status=SAFE gen=86 map=484 map_age=0.011s map_age_limit=0.518s motion_speed=3.142mps samples=44 range=[1.288,1.502] collision_tt=-1.000 ttc=-1.000 p=[0.000,0.000,0.000]
[perfect_drone_full_node-2] Publish local map size: 9801
[perfect_drone_full_node-2] [INFO] [1789407976.052828529] [fsm_node]:  -- [OPTIMIZER_PHASE_MEMORY] optimizer=backup event=begin call=451 rss_mib=3546.043 swap_mib=0.000 variables=18 pieces=2
[perfect_drone_full_node-2] [INFO] [1789407976.054488983] [fsm_node]:  -- [OPTIMIZER_PHASE_MEMORY] optimizer=backup event=end call=451 duration_ms=1.706 iterations=235 ret=1 rss_mib=3546.043 swap_mib=0.000 rss_delta_mib=0.000
[perfect_drone_full_node-2] [INFO] [1789407976.054606299] [fsm_node]:  -- [OPTIMIZER_PHASE_MEMORY] optimizer=backup event=begin call=452 rss_mib=3546.043 swap_mib=0.000 variables=18 pieces=2
[perfect_drone_full_node-2] [INFO] [1789407976.056450644] [fsm_node]:  -- [OPTIMIZER_PHASE_MEMORY] optimizer=backup event=end call=452 duration_ms=1.838 iterations=273 ret=1 rss_mib=3546.043 swap_mib=0.000 rss_delta_mib=0.000
[perfect_drone_full_node-2] [WARN] [1789407976.056501007] [fsm_node]:  -- [SUPER] in [ReplanOnce]: Replan overtime, check parameters, replan dt = 0.158422434.
[perfect_drone_full_node-2] [INFO] [1789407976.074549702] [fsm_node]:  -- [OPTIMIZER_PHASE_MEMORY] optimizer=exp event=begin call=278 rss_mib=3546.043 swap_mib=0.000 variables=17 pieces=5
[perfect_drone_full_node-2] [INFO] [1789407976.080944413] [fsm_node]:  -- [OPTIMIZER_PHASE_MEMORY] optimizer=exp event=end call=278 duration_ms=6.438 iterations=386 ret=1 rss_mib=3546.043 swap_mib=0.000 rss_delta_mib=0.000
[perfect_drone_full_node-2]  -- [TRAJ_GUARD_CERT] trigger=main_pre status=SAFE gen=86 map=485 map_age=0.011s map_age_limit=0.550s motion_speed=1.229mps samples=24 range=[1.388,1.502] collision_tt=-1.000 ttc=-1.000 p=[0.000,0.000,0.000]
[perfect_drone_full_node-2] Publish local map size: 9804
[perfect_drone_full_node-2]  -- [TRAJ_GUARD_CERT] trigger=main_pre status=SAFE gen=86 map=486 map_age=0.014s map_age_limit=0.550s motion_speed=0.020mps samples=4 range=[1.488,1.502] collision_tt=-1.000 ttc=-1.000 p=[0.000,0.000,0.000]
[perfect_drone_full_node-2] [32m -- [Fsm] Traj finish.[0m
[perfect_drone_full_node-2] [INFO] [1789407976.203136008] [fsm_node]:  -- [OPTIMIZER_PHASE_MEMORY] optimizer=backup event=begin call=453 rss_mib=3546.047 swap_mib=0.000 variables=18 pieces=2
[perfect_drone_full_node-2] [INFO] [1789407976.210198727] [fsm_node]:  -- [OPTIMIZER_PHASE_MEMORY] optimizer=backup event=end call=453 duration_ms=7.122 iterations=840 ret=1 rss_mib=3546.047 swap_mib=0.000 rss_delta_mib=0.000
[perfect_drone_full_node-2] [INFO] [1789407976.210315021] [fsm_node]:  -- [OPTIMIZER_PHASE_MEMORY] optimizer=backup event=begin call=454 rss_mib=3546.047 swap_mib=0.000 variables=18 pieces=2
[perfect_drone_full_node-2] [38;2;000;128;000m -- [Fsm]: [PubCmdCallback] change state from [FOLLOW_TRAJ] to [GENERATE_TRAJ].
[perfect_drone_full_node-2] [0mPublish local map size: 7516
[perfect_drone_full_node-2] [INFO] [1789407976.219419331] [fsm_node]:  -- [OPTIMIZER_PHASE_MEMORY] optimizer=backup event=end call=454 duration_ms=9.093 iterations=936 ret=1 rss_mib=3546.047 swap_mib=0.000 rss_delta_mib=0.000
[perfect_drone_full_node-2] [WARN] [1789407976.219480333] [fsm_node]:  -- [SUPER] in [ReplanOnce]: Replan overtime, check parameters, replan dt = 0.162749568.
[perfect_drone_full_node-2] [WARN] [1789407976.219521847] [fsm_node]:  -- [TRAJ_GUARD_RECOVERY_EPISODE_RESET] reason=horizontal_progress progress=6.598m threshold=2.000m prior_local=0 prior_vertical=0 prior_base=0
[perfect_drone_full_node-2] [INFO] [1789407976.236599484] [fsm_node]:  -- [OPTIMIZER_PHASE_MEMORY] optimizer=exp event=begin call=279 rss_mib=3546.047 swap_mib=0.000 variables=17 pieces=5
[perfect_drone_full_node-2] [INFO] [1789407976.244662952] [fsm_node]:  -- [OPTIMIZER_PHASE_MEMORY] optimizer=exp event=end call=279 duration_ms=8.079 iterations=478 ret=1 rss_mib=3546.047 swap_mib=0.000 rss_delta_mib=0.000
[perfect_drone_full_node-2] [INFO] [1789407976.244746768] [fsm_node]:  -- [SUPER] in [PlanFromRest] GenerateExpTrajectory SUCCESS.
[perfect_drone_full_node-2] Publish local map size: 7440
[perfect_drone_full_node-2] [INFO] [1789407976.368551027] [fsm_node]:  -- [OPTIMIZER_PHASE_MEMORY] optimizer=backup event=begin call=455 rss_mib=3546.047 swap_mib=0.000 variables=18 pieces=2
[perfect_drone_full_node-2] [INFO] [1789407976.371204854] [fsm_node]:  -- [OPTIMIZER_PHASE_MEMORY] optimizer=backup event=end call=455 duration_ms=2.696 iterations=420 ret=1 rss_mib=3546.047 swap_mib=0.000 rss_delta_mib=0.000
[perfect_drone_full_node-2] [INFO] [1789407976.371324937] [fsm_node]:  -- [OPTIMIZER_PHASE_MEMORY] optimizer=backup event=begin call=456 rss_mib=3546.047 swap_mib=0.000 variables=18 pieces=2
[perfect_drone_full_node-2] [INFO] [1789407976.375010947] [fsm_node]:  -- [OPTIMIZER_PHASE_MEMORY] optimizer=backup event=end call=456 duration_ms=3.686 iterations=484 ret=1 rss_mib=3546.047 swap_mib=0.000 rss_delta_mib=0.000
[perfect_drone_full_node-2] [INFO] [1789407976.375542099] [fsm_node]:  -- [TRAJ_GUARD_COMMIT] phase=PlanFromRest/with_backup gen=87 map=488 samples=279 range=[0.156,1.536] escape=false footprint_egress=false escape_done_tt=-1.000
[perfect_drone_full_node-2]  -- [TRAJ_GUARD_CERT] trigger=poly_publish status=SAFE gen=87 map=488 map_age=0.030s map_age_limit=0.550s motion_speed=0.000mps samples=277 range=[0.156,1.536] collision_tt=-1.000 ttc=-1.000 p=[0.000,0.000,0.000]
[perfect_drone_full_node-2] [38;2;000;128;000m -- [Fsm]: [MainFsmCallback] change state from [GENERATE_TRAJ] to [FOLLOW_TRAJ].
[perfect_drone_full_node-2] [0m[32m -- [Fsm 48.866] Current state: FOLLOW_TRAJ[0m
[perfect_drone_full_node-2]  -- [MARSIM] Running FPS: 200.643
[perfect_drone_full_node-2] Publish local map size: 9707
[perfect_drone_full_node-2]  -- [TRAJ_GUARD_CERT] trigger=main_pre status=SAFE gen=87 map=489 map_age=0.014s map_age_limit=0.550s motion_speed=2.458mps samples=260 range=[0.246,1.536] collision_tt=-1.000 ttc=-1.000 p=[0.000,0.000,0.000]
[perfect_drone_full_node-2] Publish local map size: 9804
[perfect_drone_full_node-2] [INFO] [1789407976.516887407] [fsm_node]:  -- [OPTIMIZER_PHASE_MEMORY] optimizer=exp event=begin call=280 rss_mib=3546.051 swap_mib=0.000 variables=17 pieces=5
[perfect_drone_full_node-2] [INFO] [1789407976.539132649] [fsm_node]:  -- [OPTIMIZER_PHASE_MEMORY] optimizer=exp event=end call=280 duration_ms=22.252 iterations=1146 ret=1 rss_mib=3546.051 swap_mib=0.000 rss_delta_mib=0.000
[perfect_drone_full_node-2]  -- [TRAJ_GUARD_CERT] trigger=main_pre status=SAFE gen=87 map=490 map_age=0.015s map_age_limit=0.500s motion_speed=4.406mps samples=240 range=[0.346,1.536] collision_tt=-1.000 ttc=-1.000 p=[0.000,0.000,0.000]
[perfect_drone_full_node-2] Publish local map size: 9276
[perfect_drone_full_node-2] [INFO] [1789407976.675773926] [fsm_node]:  -- [OPTIMIZER_PHASE_MEMORY] optimizer=backup event=begin call=457 rss_mib=3546.062 swap_mib=0.000 variables=18 pieces=2
[perfect_drone_full_node-2] [INFO] [1789407976.682476284] [fsm_node]:  -- [OPTIMIZER_PHASE_MEMORY] optimizer=backup event=end call=457 duration_ms=6.779 iterations=911 ret=1 rss_mib=3546.062 swap_mib=0.000 rss_delta_mib=0.000
[perfect_drone_full_node-2] [INFO] [1789407976.682633698] [fsm_node]:  -- [OPTIMIZER_PHASE_MEMORY] optimizer=backup event=begin call=458 rss_mib=3546.062 swap_mib=0.000 variables=18 pieces=2
[perfect_drone_full_node-2] [INFO] [1789407976.688417257] [fsm_node]:  -- [OPTIMIZER_PHASE_MEMORY] optimizer=backup event=end call=458 duration_ms=5.772 iterations=673 ret=1 rss_mib=3546.062 swap_mib=0.000 rss_delta_mib=0.000
[perfect_drone_full_node-2] [WARN] [1789407976.688485341] [fsm_node]:  -- [SUPER] in [ReplanOnce]: Replan overtime, check parameters, replan dt = 0.201360364.
[perfect_drone_full_node-2]  -- [TRAJ_GUARD_CERT] trigger=main_pre status=SAFE gen=87 map=491 map_age=0.015s map_age_limit=0.500s motion_speed=5.911mps samples=220 range=[0.446,1.536] collision_tt=-1.000 ttc=-1.000 p=[0.000,0.000,0.000]
[perfect_drone_full_node-2] Publish local map size: 8666
[perfect_drone_full_node-2] [INFO] [1789407976.716497682] [fsm_node]:  -- [OPTIMIZER_PHASE_MEMORY] optimizer=exp event=begin call=281 rss_mib=3546.062 swap_mib=0.000 variables=17 pieces=5
[perfect_drone_full_node-2] [INFO] [1789407976.729506681] [fsm_node]:  -- [OPTIMIZER_PHASE_MEMORY] optimizer=exp event=end call=281 duration_ms=13.034 iterations=699 ret=1 rss_mib=3546.062 swap_mib=0.000 rss_delta_mib=0.000
[perfect_drone_full_node-2]  -- [TRAJ_GUARD_CERT] trigger=main_pre status=SAFE gen=87 map=492 map_age=0.013s map_age_limit=0.500s motion_speed=6.755mps samples=200 range=[0.546,1.536] collision_tt=-1.000 ttc=-1.000 p=[0.000,0.000,0.000]
[perfect_drone_full_node-2] [32m -- [Fsm] Get goal at [0m 24.025000000000002 -23.975000000000001   1.525000000000000
[perfect_drone_full_node-2] [32m -- [Fsm] Receive click goal at: [ 24.025000000000002 -23.975000000000001   1.525000000000000]; goal yaw: 0.000000000000000 deg[0m
[perfect_drone_full_node-2] Publish local map size: 8601
[perfect_drone_full_node-2] [INFO] [1789407976.858115795] [fsm_node]:  -- [OPTIMIZER_PHASE_MEMORY] optimizer=backup event=begin call=459 rss_mib=3546.445 swap_mib=0.000 variables=18 pieces=2
[perfect_drone_full_node-2] [INFO] [1789407976.859349535] [fsm_node]:  -- [OPTIMIZER_PHASE_MEMORY] optimizer=backup event=end call=459 duration_ms=1.294 iterations=179 ret=1 rss_mib=3546.445 swap_mib=0.000 rss_delta_mib=0.000
[perfect_drone_full_node-2] [INFO] [1789407976.859467985] [fsm_node]:  -- [OPTIMIZER_PHASE_MEMORY] optimizer=backup event=begin call=460 rss_mib=3546.445 swap_mib=0.000 variables=18 pieces=2
[perfect_drone_full_node-2] [INFO] [1789407976.861233609] [fsm_node]:  -- [OPTIMIZER_PHASE_MEMORY] optimizer=backup event=end call=460 duration_ms=1.766 iterations=280 ret=1 rss_mib=3546.445 swap_mib=0.000 rss_delta_mib=0.000
[perfect_drone_full_node-2] [WARN] [1789407976.861279373] [fsm_node]:  -- [SUPER] in [ReplanOnce]: Replan overtime, check parameters, replan dt = 0.172643646.
[perfect_drone_full_node-2] [INFO] [1789407976.881652142] [fsm_node]:  -- [OPTIMIZER_PHASE_MEMORY] optimizer=exp event=begin call=282 rss_mib=3546.445 swap_mib=0.000 variables=17 pieces=5
[perfect_drone_full_node-2] [INFO] [1789407976.894567217] [fsm_node]:  -- [OPTIMIZER_PHASE_MEMORY] optimizer=exp event=end call=282 duration_ms=12.931 iterations=690 ret=1 rss_mib=3546.445 swap_mib=0.000 rss_delta_mib=0.000
[perfect_drone_full_node-2]  -- [TRAJ_GUARD_CERT] trigger=replan_post status=SAFE gen=87 map=493 map_age=0.008s map_age_limit=0.500s motion_speed=6.999mps samples=180 range=[0.642,1.536] collision_tt=-1.000 ttc=-1.000 p=[0.000,0.000,0.000]
[perfect_drone_full_node-2] Publish local map size: 10251
[perfect_drone_full_node-2]  -- [TRAJ_GUARD_CERT] trigger=main_pre status=SAFE gen=87 map=494 map_age=0.010s map_age_limit=0.500s motion_speed=6.921mps samples=160 range=[0.746,1.536] collision_tt=-1.000 ttc=-1.000 p=[0.000,0.000,0.000]
[perfect_drone_full_node-2] Publish local map size: 11972
[perfect_drone_full_node-2] [INFO] [1789407977.017081947] [fsm_node]:  -- [OPTIMIZER_PHASE_MEMORY] optimizer=backup event=begin call=461 rss_mib=3546.453 swap_mib=0.000 variables=18 pieces=2
[perfect_drone_full_node-2] [INFO] [1789407977.022426233] [fsm_node]:  -- [OPTIMIZER_PHASE_MEMORY] optimizer=backup event=end call=461 duration_ms=5.400 iterations=684 ret=1 rss_mib=3546.453 swap_mib=0.000 rss_delta_mib=0.000
[perfect_drone_full_node-2] [INFO] [1789407977.022525378] [fsm_node]:  -- [OPTIMIZER_PHASE_MEMORY] optimizer=backup event=begin call=462 rss_mib=3546.453 swap_mib=0.000 variables=18 pieces=2
[perfect_drone_full_node-2] [INFO] [1789407977.025399890] [fsm_node]:  -- [OPTIMIZER_PHASE_MEMORY] optimizer=backup event=end call=462 duration_ms=2.876 iterations=396 ret=1 rss_mib=3546.453 swap_mib=0.000 rss_delta_mib=0.000
[perfect_drone_full_node-2] [WARN] [1789407977.025444832] [fsm_node]:  -- [SUPER] in [ReplanOnce]: Replan overtime, check parameters, replan dt = 0.163893433.
[perfect_drone_full_node-2] [INFO] [1789407977.045295896] [fsm_node]:  -- [OPTIMIZER_PHASE_MEMORY] optimizer=exp event=begin call=283 rss_mib=3546.453 swap_mib=0.000 variables=17 pieces=5
[perfect_drone_full_node-2] [INFO] [1789407977.064461502] [fsm_node]:  -- [OPTIMIZER_PHASE_MEMORY] optimizer=exp event=end call=283 duration_ms=19.199 iterations=998 ret=1 rss_mib=3546.453 swap_mib=0.000 rss_delta_mib=0.000
[perfect_drone_full_node-2]  -- [TRAJ_GUARD_CERT] trigger=main_pre status=SAFE gen=87 map=495 map_age=0.018s map_age_limit=0.500s motion_speed=6.905mps samples=138 range=[0.856,1.536] collision_tt=-1.000 ttc=-1.000 p=[0.000,0.000,0.000]
[perfect_drone_full_node-2] Publish local map size: 12008
[perfect_drone_full_node-2] [INFO] [1789407977.191687512] [fsm_node]:  -- [OPTIMIZER_PHASE_MEMORY] optimizer=backup event=begin call=463 rss_mib=3546.461 swap_mib=0.000 variables=18 pieces=2
[perfect_drone_full_node-2] [INFO] [1789407977.192969174] [fsm_node]:  -- [OPTIMIZER_PHASE_MEMORY] optimizer=backup event=end call=463 duration_ms=1.330 iterations=203 ret=1 rss_mib=3546.461 swap_mib=0.000 rss_delta_mib=0.000
[perfect_drone_full_node-2] [INFO] [1789407977.193060599] [fsm_node]:  -- [OPTIMIZER_PHASE_MEMORY] optimizer=backup event=begin call=464 rss_mib=3546.461 swap_mib=0.000 variables=18 pieces=2
[perfect_drone_full_node-2] [INFO] [1789407977.198617144] [fsm_node]:  -- [OPTIMIZER_PHASE_MEMORY] optimizer=backup event=end call=464 duration_ms=5.551 iterations=654 ret=1 rss_mib=3546.461 swap_mib=0.000 rss_delta_mib=0.000
[perfect_drone_full_node-2] [WARN] [1789407977.198704375] [fsm_node]:  -- [SUPER] in [ReplanOnce]: Replan overtime, check parameters, replan dt = 0.172927445.
[perfect_drone_full_node-2]  -- [TRAJ_GUARD_CERT] trigger=main_pre status=SAFE gen=87 map=496 map_age=0.011s map_age_limit=0.500s motion_speed=6.976mps samples=120 range=[0.946,1.536] collision_tt=-1.000 ttc=-1.000 p=[0.000,0.000,0.000]
[perfect_drone_full_node-2] Publish local map size: 9918
[perfect_drone_full_node-2] [INFO] [1789407977.217456656] [fsm_node]:  -- [OPTIMIZER_PHASE_MEMORY] optimizer=exp event=begin call=284 rss_mib=3546.461 swap_mib=0.000 variables=17 pieces=5
[perfect_drone_full_node-2] [INFO] [1789407977.235058459] [fsm_node]:  -- [OPTIMIZER_PHASE_MEMORY] optimizer=exp event=end call=284 duration_ms=17.653 iterations=898 ret=1 rss_mib=3546.461 swap_mib=0.000 rss_delta_mib=0.000
[perfect_drone_full_node-2]  -- [TRAJ_GUARD_CERT] trigger=main_pre status=SAFE gen=87 map=497 map_age=0.015s map_age_limit=0.500s motion_speed=6.828mps samples=100 range=[1.046,1.536] collision_tt=-1.000 ttc=-1.000 p=[0.000,0.000,0.000]
[perfect_drone_full_node-2] Publish local map size: 15890
[perfect_drone_full_node-2] [INFO] [1789407977.361108942] [fsm_node]:  -- [OPTIMIZER_PHASE_MEMORY] optimizer=backup event=begin call=465 rss_mib=3546.469 swap_mib=0.000 variables=18 pieces=2
[perfect_drone_full_node-2] [INFO] [1789407977.365537371] [fsm_node]:  -- [OPTIMIZER_PHASE_MEMORY] optimizer=backup event=end call=465 duration_ms=4.470 iterations=566 ret=1 rss_mib=3546.469 swap_mib=0.000 rss_delta_mib=0.000
[perfect_drone_full_node-2] [INFO] [1789407977.365638346] [fsm_node]:  -- [OPTIMIZER_PHASE_MEMORY] optimizer=backup event=begin call=466 rss_mib=3546.469 swap_mib=0.000 variables=18 pieces=2
[perfect_drone_full_node-2] [INFO] [1789407977.369960535] [fsm_node]:  -- [OPTIMIZER_PHASE_MEMORY] optimizer=backup event=end call=466 duration_ms=4.321 iterations=511 ret=1 rss_mib=3546.469 swap_mib=0.000 rss_delta_mib=0.000
[perfect_drone_full_node-2] [WARN] [1789407977.370003962] [fsm_node]:  -- [SUPER] in [ReplanOnce]: Replan overtime, check parameters, replan dt = 0.171148633.
[perfect_drone_full_node-2]  -- [TRAJ_GUARD_CERT] trigger=main_pre status=SAFE gen=87 map=498 map_age=0.012s map_age_limit=0.500s motion_speed=6.079mps samples=80 range=[1.146,1.536] collision_tt=-1.000 ttc=-1.000 p=[0.000,0.000,0.000]
[perfect_drone_full_node-2] [32m -- [Fsm 49.875] Current state: FOLLOW_TRAJ[0m
[perfect_drone_full_node-2] [INFO] [1789407977.387972407] [fsm_node]:  -- [OPTIMIZER_PHASE_MEMORY] optimizer=exp event=begin call=285 rss_mib=3546.469 swap_mib=0.000 variables=13 pieces=4
[perfect_drone_full_node-2] [INFO] [1789407977.392917924] [fsm_node]:  -- [OPTIMIZER_PHASE_MEMORY] optimizer=exp event=end call=285 duration_ms=4.995 iterations=366 ret=1 rss_mib=3546.469 swap_mib=0.000 rss_delta_mib=0.000
[perfect_drone_full_node-2] Publish local map size: 11029
[perfect_drone_full_node-2]  -- [TRAJ_GUARD_CERT] trigger=main_pre status=SAFE gen=87 map=499 map_age=0.016s map_age_limit=0.500s motion_speed=4.337mps samples=60 range=[1.246,1.536] collision_tt=-1.000 ttc=-1.000 p=[0.000,0.000,0.000]
[perfect_drone_full_node-2] Publish local map size: 8921
[perfect_drone_full_node-2] [INFO] [1789407977.514060908] [perfect_tracking]: [SENSOR_CADENCE_SUMMARY] frames=500 span_s=49.897866 hz=10.000428 raw_published=0 direct_handoffs=500 payload_bytes=262006048 side_entry_v1_enabled=0 side_entry_v1_spawned=0 side_entry_v1_injected_frames=0
[perfect_drone_full_node-2] [INFO] [1789407977.514133245] [perfect_tracking]: [SENSOR_BURST_DROPOUT_SUMMARY] enabled=0 warmup_s=1.000000 period_s=2.000000 duration_s=0.500000 phase_s=0.000000 phase_env_override=0 rendered=500 delivered=500 dropped=0 bursts=0 max_consecutive_dropped=0 max_delivered_gap_s=0.102250 dropped_payload_bytes=0
[perfect_drone_full_node-2] [INFO] [1789407977.520503999] [fsm_node]:  -- [OPTIMIZER_PHASE_MEMORY] optimizer=backup event=begin call=467 rss_mib=3546.477 swap_mib=0.000 variables=18 pieces=2
[perfect_drone_full_node-2] [INFO] [1789407977.523439453] [fsm_node]:  -- [OPTIMIZER_PHASE_MEMORY] optimizer=backup event=end call=467 duration_ms=2.977 iterations=414 ret=1 rss_mib=3546.477 swap_mib=0.000 rss_delta_mib=0.000
[perfect_drone_full_node-2] [INFO] [1789407977.523531307] [fsm_node]:  -- [OPTIMIZER_PHASE_MEMORY] optimizer=backup event=begin call=468 rss_mib=3546.477 swap_mib=0.000 variables=18 pieces=2
[perfect_drone_full_node-2] [INFO] [1789407977.526439980] [fsm_node]:  -- [OPTIMIZER_PHASE_MEMORY] optimizer=backup event=end call=468 duration_ms=2.909 iterations=456 ret=1 rss_mib=3546.477 swap_mib=0.000 rss_delta_mib=0.000
[perfect_drone_full_node-2] [WARN] [1789407977.526484673] [fsm_node]:  -- [SUPER] in [ReplanOnce]: Replan overtime, check parameters, replan dt = 0.156331729.
[perfect_drone_full_node-2] [INFO] [1789407977.543614414] [fsm_node]:  -- [OPTIMIZER_PHASE_MEMORY] optimizer=exp event=begin call=286 rss_mib=3546.477 swap_mib=0.000 variables=17 pieces=5
[perfect_drone_full_node-2] [INFO] [1789407977.565376138] [fsm_node]:  -- [OPTIMIZER_PHASE_MEMORY] optimizer=exp event=end call=286 duration_ms=21.820 iterations=1165 ret=1 rss_mib=3546.480 swap_mib=0.000 rss_delta_mib=0.004
[perfect_drone_full_node-2]  -- [TRAJ_GUARD_CERT] trigger=main_pre status=SAFE gen=87 map=500 map_age=0.008s map_age_limit=0.532s motion_speed=2.854mps samples=42 range=[1.336,1.536] collision_tt=-1.000 ttc=-1.000 p=[0.000,0.000,0.000]
[perfect_drone_full_node-2] Publish local map size: 9666
[perfect_drone_full_node-2] [INFO] [1789407977.692269107] [fsm_node]:  -- [OPTIMIZER_PHASE_MEMORY] optimizer=backup event=begin call=469 rss_mib=3546.480 swap_mib=0.000 variables=18 pieces=2
[perfect_drone_full_node-2] [INFO] [1789407977.697343183] [fsm_node]:  -- [OPTIMIZER_PHASE_MEMORY] optimizer=backup event=end call=469 duration_ms=5.102 iterations=601 ret=1 rss_mib=3546.480 swap_mib=0.000 rss_delta_mib=0.000
[perfect_drone_full_node-2] [INFO] [1789407977.697445106] [fsm_node]:  -- [OPTIMIZER_PHASE_MEMORY] optimizer=backup event=begin call=470 rss_mib=3546.480 swap_mib=0.000 variables=18 pieces=2
[perfect_drone_full_node-2] [INFO] [1789407977.700057121] [fsm_node]:  -- [OPTIMIZER_PHASE_MEMORY] optimizer=backup event=end call=470 duration_ms=2.610 iterations=370 ret=1 rss_mib=3546.480 swap_mib=0.000 rss_delta_mib=0.000
[perfect_drone_full_node-2] [WARN] [1789407977.700133686] [fsm_node]:  -- [SUPER] in [ReplanOnce]: Replan overtime, check parameters, replan dt = 0.173361012.
[perfect_drone_full_node-2] [INFO] [1789407977.701161128] [fsm_node]:  -- [TRAJ_GUARD_COMMIT] phase=ReplanOnce/no_backup gen=88 map=501 samples=36 range=[1.481,1.650] escape=false footprint_egress=false escape_done_tt=-1.000
[perfect_drone_full_node-2]  -- [TRAJ_GUARD_CERT] trigger=main_pre status=SAFE gen=87 map=501 map_age=0.009s map_age_limit=0.550s motion_speed=1.069mps samples=22 range=[1.436,1.536] collision_tt=-1.000 ttc=-1.000 p=[0.000,0.000,0.000]
[perfect_drone_full_node-2] [32m -- [Fsm] ReplanOnce succeed.[0m
[perfect_drone_full_node-2]  -- [TRAJ_GUARD_CERT] trigger=poly_publish status=SAFE gen=88 map=501 map_age=0.055s map_age_limit=0.550s motion_speed=0.277mps samples=35 range=[1.482,1.650] collision_tt=-1.000 ttc=-1.000 p=[0.000,0.000,0.000]
[perfect_drone_full_node-2] Publish local map size: 9092
[perfect_drone_full_node-2] [INFO] [1789407977.758176115] [fsm_node]:  -- [OPTIMIZER_PHASE_MEMORY] optimizer=exp event=begin call=287 rss_mib=3546.484 swap_mib=0.000 variables=17 pieces=5
[perfect_drone_full_node-2] [INFO] [1789407977.766508025] [fsm_node]:  -- [OPTIMIZER_PHASE_MEMORY] optimizer=exp event=end call=287 duration_ms=8.382 iterations=491 ret=1 rss_mib=3546.484 swap_mib=0.000 rss_delta_mib=0.000
[perfect_drone_full_node-2]  -- [TRAJ_GUARD_CERT] trigger=main_pre status=SAFE gen=88 map=502 map_age=0.011s map_age_limit=0.550s motion_speed=0.508mps samples=22 range=[1.546,1.650] collision_tt=-1.000 ttc=-1.000 p=[0.000,0.000,0.000]
[perfect_drone_full_node-2] Publish local map size: 7810
[perfect_drone_full_node-2] [32m -- [Fsm] Get goal at [0m 24.025000000000002 -23.975000000000001   1.525000000000000
[perfect_drone_full_node-2] [32m -- [Fsm] Receive click goal at: [ 24.025000000000002 -23.975000000000001   1.525000000000000]; goal yaw: 0.000000000000000 deg[0m
[perfect_drone_full_node-2]  -- [TRAJ_GUARD_CERT] trigger=main_pre status=SAFE gen=88 map=503 map_age=0.007s map_age_limit=0.550s motion_speed=0.007mps samples=4 range=[1.636,1.650] collision_tt=-1.000 ttc=-1.000 p=[0.000,0.000,0.000]
[perfect_drone_full_node-2] [32m -- [Fsm] Traj finish.[0m
[perfect_drone_full_node-2] [INFO] [1789407977.887114089] [fsm_node]:  -- [OPTIMIZER_PHASE_MEMORY] optimizer=backup event=begin call=471 rss_mib=3546.488 swap_mib=0.000 variables=18 pieces=2
[perfect_drone_full_node-2] [INFO] [1789407977.891886788] [fsm_node]:  -- [OPTIMIZER_PHASE_MEMORY] optimizer=backup event=end call=471 duration_ms=4.803 iterations=714 ret=1 rss_mib=3546.488 swap_mib=0.000 rss_delta_mib=0.000
[perfect_drone_full_node-2] [INFO] [1789407977.891976274] [fsm_node]:  -- [OPTIMIZER_PHASE_MEMORY] optimizer=backup event=begin call=472 rss_mib=3546.488 swap_mib=0.000 variables=18 pieces=2
[perfect_drone_full_node-2] [INFO] [1789407977.893722484] [fsm_node]:  -- [OPTIMIZER_PHASE_MEMORY] optimizer=backup event=end call=472 duration_ms=1.747 iterations=262 ret=1 rss_mib=3546.488 swap_mib=0.000 rss_delta_mib=0.000
[perfect_drone_full_node-2] [WARN] [1789407977.893761059] [fsm_node]:  -- [SUPER] in [ReplanOnce]: Replan overtime, check parameters, replan dt = 0.152593055.
[perfect_drone_full_node-2] [WARN] [1789407977.893856359] [fsm_node]:  -- [TRAJ_GUARD_RECOVERY_EPISODE_RESET] reason=horizontal_progress progress=7.104m threshold=2.000m prior_local=0 prior_vertical=0 prior_base=0
[perfect_drone_full_node-2] [INFO] [1789407977.910981565] [fsm_node]:  -- [OPTIMIZER_PHASE_MEMORY] optimizer=exp event=begin call=288 rss_mib=3546.488 swap_mib=0.000 variables=17 pieces=5
[perfect_drone_full_node-2] [38;2;000;128;000m -- [Fsm]: [PubCmdCallback] change state from [FOLLOW_TRAJ] to [GENERATE_TRAJ].
[perfect_drone_full_node-2] [0mPublish local map size: 7391
[perfect_drone_full_node-2] [INFO] [1789407977.928787786] [fsm_node]:  -- [OPTIMIZER_PHASE_MEMORY] optimizer=exp event=end call=288 duration_ms=17.852 iterations=967 ret=1 rss_mib=3546.488 swap_mib=0.000 rss_delta_mib=0.000
[perfect_drone_full_node-2] [INFO] [1789407977.928870482] [fsm_node]:  -- [SUPER] in [PlanFromRest] GenerateExpTrajectory SUCCESS.
[perfect_drone_full_node-2] Publish local map size: 7417
[perfect_drone_full_node-2] [INFO] [1789407978.048586091] [fsm_node]:  -- [OPTIMIZER_PHASE_MEMORY] optimizer=backup event=begin call=473 rss_mib=3546.488 swap_mib=0.000 variables=18 pieces=2
[perfect_drone_full_node-2] [INFO] [1789407978.054028215] [fsm_node]:  -- [OPTIMIZER_PHASE_MEMORY] optimizer=backup event=end call=473 duration_ms=5.496 iterations=608 ret=1 rss_mib=3546.488 swap_mib=0.000 rss_delta_mib=0.000
[perfect_drone_full_node-2] [INFO] [1789407978.054116414] [fsm_node]:  -- [OPTIMIZER_PHASE_MEMORY] optimizer=backup event=begin call=474 rss_mib=3546.488 swap_mib=0.000 variables=18 pieces=2
[perfect_drone_full_node-2] [INFO] [1789407978.058655138] [fsm_node]:  -- [OPTIMIZER_PHASE_MEMORY] optimizer=backup event=end call=474 duration_ms=4.539 iterations=548 ret=1 rss_mib=3546.488 swap_mib=0.000 rss_delta_mib=0.000
[perfect_drone_full_node-2] [INFO] [1789407978.059139098] [fsm_node]:  -- [TRAJ_GUARD_COMMIT] phase=PlanFromRest/with_backup gen=89 map=505 samples=266 range=[0.165,1.481] escape=false footprint_egress=false escape_done_tt=-1.000
[perfect_drone_full_node-2]  -- [TRAJ_GUARD_CERT] trigger=poly_publish status=SAFE gen=89 map=505 map_age=0.016s map_age_limit=0.550s motion_speed=0.000mps samples=265 range=[0.165,1.481] collision_tt=-1.000 ttc=-1.000 p=[0.000,0.000,0.000]
[perfect_drone_full_node-2] [38;2;000;128;000m -- [Fsm]: [MainFsmCallback] change state from [GENERATE_TRAJ] to [FOLLOW_TRAJ].
[perfect_drone_full_node-2] [0mPublish local map size: 9478
[perfect_drone_full_node-2] [INFO] [1789407978.166205910] [fsm_node]:  -- [OPTIMIZER_PHASE_MEMORY] optimizer=exp event=begin call=289 rss_mib=3546.492 swap_mib=0.000 variables=17 pieces=5
[perfect_drone_full_node-2] [INFO] [1789407978.177826488] [fsm_node]:  -- [OPTIMIZER_PHASE_MEMORY] optimizer=exp event=end call=289 duration_ms=11.679 iterations=652 ret=1 rss_mib=3546.496 swap_mib=0.000 rss_delta_mib=0.004
[perfect_drone_full_node-2]  -- [TRAJ_GUARD_CERT] trigger=main_pre status=SAFE gen=89 map=506 map_age=0.008s map_age_limit=0.529s motion_speed=2.916mps samples=246 range=[0.261,1.481] collision_tt=-1.000 ttc=-1.000 p=[0.000,0.000,0.000]
[perfect_drone_full_node-2] Publish local map size: 8965
[perfect_drone_full_node-2] [INFO] [1789407978.306823105] [fsm_node]:  -- [OPTIMIZER_PHASE_MEMORY] optimizer=backup event=begin call=475 rss_mib=3546.496 swap_mib=0.000 variables=18 pieces=2
[perfect_drone_full_node-2] [INFO] [1789407978.309578463] [fsm_node]:  -- [OPTIMIZER_PHASE_MEMORY] optimizer=backup event=end call=475 duration_ms=2.817 iterations=439 ret=1 rss_mib=3546.496 swap_mib=0.000 rss_delta_mib=0.000
[perfect_drone_full_node-2] [INFO] [1789407978.309695122] [fsm_node]:  -- [OPTIMIZER_PHASE_MEMORY] optimizer=backup event=begin call=476 rss_mib=3546.496 swap_mib=0.000 variables=18 pieces=2
[perfect_drone_full_node-2]  -- [TRAJ_GUARD_CERT] trigger=main_pre status=SAFE gen=89 map=507 map_age=0.011s map_age_limit=0.500s motion_speed=4.708mps samples=226 range=[0.361,1.481] collision_tt=-1.000 ttc=-1.000 p=[0.000,0.000,0.000]
[perfect_drone_full_node-2] Publish local map size: 8072
[perfect_drone_full_node-2] [INFO] [1789407978.315118860] [fsm_node]:  -- [OPTIMIZER_PHASE_MEMORY] optimizer=backup event=end call=476 duration_ms=5.415 iterations=700 ret=1 rss_mib=3546.496 swap_mib=0.000 rss_delta_mib=0.000
[perfect_drone_full_node-2] [WARN] [1789407978.315179476] [fsm_node]:  -- [SUPER] in [ReplanOnce]: Replan overtime, check parameters, replan dt = 0.178046419.
[perfect_drone_full_node-2] [INFO] [1789407978.342788709] [fsm_node]:  -- [OPTIMIZER_PHASE_MEMORY] optimizer=exp event=begin call=290 rss_mib=3546.500 swap_mib=0.000 variables=17 pieces=5
[perfect_drone_full_node-2]  -- [TRAJ_GUARD_CERT] trigger=main_pre status=SAFE gen=89 map=508 map_age=0.010s map_age_limit=0.500s motion_speed=5.805mps samples=206 range=[0.461,1.481] collision_tt=-1.000 ttc=-1.000 p=[0.000,0.000,0.000]
[perfect_drone_full_node-2] [32m -- [Fsm 50.875] Current state: FOLLOW_TRAJ[0m
[perfect_drone_full_node-2] [INFO] [1789407978.392132906] [fsm_node]:  -- [OPTIMIZER_PHASE_MEMORY] optimizer=exp event=end call=290 duration_ms=49.364 iterations=2664 ret=1 rss_mib=3546.500 swap_mib=0.000 rss_delta_mib=0.000
[perfect_drone_full_node-2] Publish local map size: 7357
[perfect_drone_full_node-2]  -- [TRAJ_GUARD_CERT] trigger=main_pre status=SAFE gen=89 map=509 map_age=0.010s map_age_limit=0.500s motion_speed=6.342mps samples=186 range=[0.561,1.481] collision_tt=-1.000 ttc=-1.000 p=[0.000,0.000,0.000]
[perfect_drone_full_node-2]  -- [MARSIM] Running FPS: 202.335
[perfect_drone_full_node-2] Publish local map size: 6773
[perfect_drone_full_node-2] [INFO] [1789407978.518016612] [fsm_node]:  -- [OPTIMIZER_PHASE_MEMORY] optimizer=backup event=begin call=477 rss_mib=3546.508 swap_mib=0.000 variables=18 pieces=2
[perfect_drone_full_node-2] [INFO] [1789407978.520658754] [fsm_node]:  -- [OPTIMIZER_PHASE_MEMORY] optimizer=backup event=end call=477 duration_ms=2.708 iterations=366 ret=1 rss_mib=3546.508 swap_mib=0.000 rss_delta_mib=0.000
[perfect_drone_full_node-2] [INFO] [1789407978.520755731] [fsm_node]:  -- [OPTIMIZER_PHASE_MEMORY] optimizer=backup event=begin call=478 rss_mib=3546.508 swap_mib=0.000 variables=18 pieces=2
[perfect_drone_full_node-2] [INFO] [1789407978.529054442] [fsm_node]:  -- [OPTIMIZER_PHASE_MEMORY] optimizer=backup event=end call=478 duration_ms=8.280 iterations=859 ret=1 rss_mib=3546.508 swap_mib=0.000 rss_delta_mib=0.000
[perfect_drone_full_node-2] [WARN] [1789407978.529116712] [fsm_node]:  -- [SUPER] in [ReplanOnce]: Replan overtime, check parameters, replan dt = 0.213750394.
[perfect_drone_full_node-2] [INFO] [1789407978.552826995] [fsm_node]:  -- [OPTIMIZER_PHASE_MEMORY] optimizer=exp event=begin call=291 rss_mib=3546.516 swap_mib=0.000 variables=17 pieces=5
[perfect_drone_full_node-2] [INFO] [1789407978.567661725] [fsm_node]:  -- [OPTIMIZER_PHASE_MEMORY] optimizer=exp event=end call=291 duration_ms=14.882 iterations=808 ret=1 rss_mib=3546.516 swap_mib=0.000 rss_delta_mib=0.000
[perfect_drone_full_node-2]  -- [TRAJ_GUARD_CERT] trigger=main_pre status=SAFE gen=89 map=510 map_age=0.011s map_age_limit=0.500s motion_speed=6.694mps samples=164 range=[0.671,1.481] collision_tt=-1.000 ttc=-1.000 p=[0.000,0.000,0.000]
[perfect_drone_full_node-2] Publish local map size: 6678
[perfect_drone_full_node-2] [INFO] [1789407978.677926518] [fsm_node]:  -- [OPTIMIZER_PHASE_MEMORY] optimizer=backup event=begin call=479 rss_mib=3546.520 swap_mib=0.000 variables=18 pieces=2
[perfect_drone_full_node-2] [INFO] [1789407978.682883123] [fsm_node]:  -- [OPTIMIZER_PHASE_MEMORY] optimizer=backup event=end call=479 duration_ms=5.013 iterations=617 ret=1 rss_mib=3546.520 swap_mib=0.000 rss_delta_mib=0.000
[perfect_drone_full_node-2] [INFO] [1789407978.682995301] [fsm_node]:  -- [OPTIMIZER_PHASE_MEMORY] optimizer=backup event=begin call=480 rss_mib=3546.520 swap_mib=0.000 variables=18 pieces=2
[perfect_drone_full_node-2] [INFO] [1789407978.684288988] [fsm_node]:  -- [OPTIMIZER_PHASE_MEMORY] optimizer=backup event=end call=480 duration_ms=1.297 iterations=237 ret=1 rss_mib=3546.520 swap_mib=0.000 rss_delta_mib=0.000
[perfect_drone_full_node-2] [WARN] [1789407978.684331360] [fsm_node]:  -- [SUPER] in [ReplanOnce]: Replan overtime, check parameters, replan dt = 0.155067704.
[perfect_drone_full_node-2] [INFO] [1789407978.705308999] [fsm_node]:  -- [OPTIMIZER_PHASE_MEMORY] optimizer=exp event=begin call=292 rss_mib=3546.520 swap_mib=0.000 variables=13 pieces=4
[perfect_drone_full_node-2] [INFO] [1789407978.707834116] [fsm_node]:  -- [OPTIMIZER_PHASE_MEMORY] optimizer=exp event=end call=292 duration_ms=2.583 iterations=206 ret=1 rss_mib=3546.520 swap_mib=0.000 rss_delta_mib=0.000
[perfect_drone_full_node-2]  -- [TRAJ_GUARD_CERT] trigger=main_pre status=SAFE gen=89 map=511 map_age=0.014s map_age_limit=0.500s motion_speed=6.894mps samples=146 range=[0.761,1.481] collision_tt=-1.000 ttc=-1.000 p=[0.000,0.000,0.000]
[perfect_drone_full_node-2] Publish local map size: 6761
[perfect_drone_full_node-2]  -- [TRAJ_GUARD_CERT] trigger=main_pre status=SAFE gen=89 map=512 map_age=0.014s map_age_limit=0.500s motion_speed=6.993mps samples=126 range=[0.861,1.481] collision_tt=-1.000 ttc=-1.000 p=[0.000,0.000,0.000]
[perfect_drone_full_node-2] Publish local map size: 7296
[perfect_drone_full_node-2] [INFO] [1789407978.815935227] [fsm_node]:  -- [OPTIMIZER_PHASE_MEMORY] optimizer=backup event=begin call=481 rss_mib=3546.527 swap_mib=0.000 variables=18 pieces=2
[perfect_drone_full_node-2] [INFO] [1789407978.818908389] [fsm_node]:  -- [OPTIMIZER_PHASE_MEMORY] optimizer=backup event=end call=481 duration_ms=3.046 iterations=434 ret=1 rss_mib=3546.527 swap_mib=0.000 rss_delta_mib=0.000
[perfect_drone_full_node-2] [INFO] [1789407978.819008740] [fsm_node]:  -- [OPTIMIZER_PHASE_MEMORY] optimizer=backup event=begin call=482 rss_mib=3546.527 swap_mib=0.000 variables=18 pieces=2
[perfect_drone_full_node-2] [INFO] [1789407978.819890829] [fsm_node]:  -- [OPTIMIZER_PHASE_MEMORY] optimizer=backup event=end call=482 duration_ms=0.882 iterations=162 ret=1 rss_mib=3546.527 swap_mib=0.000 rss_delta_mib=0.000
[perfect_drone_full_node-2] [WARN] [1789407978.819937692] [fsm_node]:  -- [SUPER] in [ReplanOnce]: Replan overtime, check parameters, replan dt = 0.135487425.
[perfect_drone_full_node-2] [32m -- [Fsm] Get goal at [0m 24.025000000000002 -23.975000000000001   1.525000000000000
[perfect_drone_full_node-2] [32m -- [Fsm] Receive click goal at: [ 24.025000000000002 -23.975000000000001   1.525000000000000]; goal yaw: 0.000000000000000 deg[0m
[perfect_drone_full_node-2] [INFO] [1789407978.839434976] [fsm_node]:  -- [OPTIMIZER_PHASE_MEMORY] optimizer=exp event=begin call=293 rss_mib=3546.527 swap_mib=0.000 variables=13 pieces=4
[perfect_drone_full_node-2] [INFO] [1789407978.842568460] [fsm_node]:  -- [OPTIMIZER_PHASE_MEMORY] optimizer=exp event=end call=293 duration_ms=3.189 iterations=249 ret=1 rss_mib=3546.527 swap_mib=0.000 rss_delta_mib=0.000
[perfect_drone_full_node-2]  -- [TRAJ_GUARD_CERT] trigger=main_pre status=SAFE gen=89 map=513 map_age=0.015s map_age_limit=0.500s motion_speed=6.982mps samples=106 range=[0.961,1.481] collision_tt=-1.000 ttc=-1.000 p=[0.000,0.000,0.000]
[perfect_drone_full_node-2] Publish local map size: 7743
[perfect_drone_full_node-2] [INFO] [1789407978.952647888] [fsm_node]:  -- [OPTIMIZER_PHASE_MEMORY] optimizer=backup event=begin call=483 rss_mib=3546.531 swap_mib=0.000 variables=18 pieces=2
[perfect_drone_full_node-2] [INFO] [1789407978.954245765] [fsm_node]:  -- [OPTIMIZER_PHASE_MEMORY] optimizer=backup event=end call=483 duration_ms=1.668 iterations=275 ret=1 rss_mib=3546.531 swap_mib=0.000 rss_delta_mib=0.000
[perfect_drone_full_node-2] [INFO] [1789407978.954334930] [fsm_node]:  -- [OPTIMIZER_PHASE_MEMORY] optimizer=backup event=begin call=484 rss_mib=3546.531 swap_mib=0.000 variables=18 pieces=2
[perfect_drone_full_node-2] [INFO] [1789407978.961086162] [fsm_node]:  -- [OPTIMIZER_PHASE_MEMORY] optimizer=backup event=end call=484 duration_ms=6.731 iterations=762 ret=1 rss_mib=3546.531 swap_mib=0.000 rss_delta_mib=0.000
[perfect_drone_full_node-2] [WARN] [1789407978.961152943] [fsm_node]:  -- [SUPER] in [ReplanOnce]: Replan overtime, check parameters, replan dt = 0.14104947.
[perfect_drone_full_node-2] [INFO] [1789407978.979396651] [fsm_node]:  -- [OPTIMIZER_PHASE_MEMORY] optimizer=exp event=begin call=294 rss_mib=3546.531 swap_mib=0.000 variables=13 pieces=4
[perfect_drone_full_node-2] [INFO] [1789407978.983176299] [fsm_node]:  -- [OPTIMIZER_PHASE_MEMORY] optimizer=exp event=end call=294 duration_ms=3.837 iterations=291 ret=1 rss_mib=3546.531 swap_mib=0.000 rss_delta_mib=0.000
[perfect_drone_full_node-2]  -- [TRAJ_GUARD_CERT] trigger=main_pre status=SAFE gen=89 map=514 map_age=0.014s map_age_limit=0.500s motion_speed=6.690mps samples=85 range=[1.061,1.481] collision_tt=-1.000 ttc=-1.000 p=[0.000,0.000,0.000]
[perfect_drone_full_node-2] Publish local map size: 8317
[perfect_drone_full_node-2] [INFO] [1789407979.092096469] [fsm_node]:  -- [OPTIMIZER_PHASE_MEMORY] optimizer=backup event=begin call=485 rss_mib=3546.539 swap_mib=0.000 variables=18 pieces=2
[perfect_drone_full_node-2] [INFO] [1789407979.094439195] [fsm_node]:  -- [OPTIMIZER_PHASE_MEMORY] optimizer=backup event=end call=485 duration_ms=2.412 iterations=392 ret=1 rss_mib=3546.539 swap_mib=0.000 rss_delta_mib=0.000
[perfect_drone_full_node-2] [INFO] [1789407979.094540780] [fsm_node]:  -- [OPTIMIZER_PHASE_MEMORY] optimizer=backup event=begin call=486 rss_mib=3546.539 swap_mib=0.000 variables=18 pieces=2
[perfect_drone_full_node-2] [INFO] [1789407979.098281568] [fsm_node]:  -- [OPTIMIZER_PHASE_MEMORY] optimizer=backup event=end call=486 duration_ms=3.741 iterations=509 ret=1 rss_mib=3546.539 swap_mib=0.000 rss_delta_mib=0.000
[perfect_drone_full_node-2] [WARN] [1789407979.098327617] [fsm_node]:  -- [SUPER] in [ReplanOnce]: Replan overtime, check parameters, replan dt = 0.137015634.
[perfect_drone_full_node-2]  -- [TRAJ_GUARD_CERT] trigger=main_pre status=SAFE gen=89 map=515 map_age=0.015s map_age_limit=0.500s motion_speed=5.088mps samples=66 range=[1.161,1.481] collision_tt=-1.000 ttc=-1.000 p=[0.000,0.000,0.000]
[perfect_drone_full_node-2] Publish local map size: 7666
[perfect_drone_full_node-2] [INFO] [1789407979.115737522] [fsm_node]:  -- [OPTIMIZER_PHASE_MEMORY] optimizer=exp event=begin call=295 rss_mib=3546.539 swap_mib=0.000 variables=17 pieces=5
[perfect_drone_full_node-2] [INFO] [1789407979.126460124] [fsm_node]:  -- [OPTIMIZER_PHASE_MEMORY] optimizer=exp event=end call=295 duration_ms=10.769 iterations=641 ret=1 rss_mib=3546.539 swap_mib=0.000 rss_delta_mib=0.000
[perfect_drone_full_node-2]  -- [TRAJ_GUARD_CERT] trigger=main_pre status=SAFE gen=89 map=516 map_age=0.007s map_age_limit=0.506s motion_speed=3.373mps samples=48 range=[1.251,1.481] collision_tt=-1.000 ttc=-1.000 p=[0.000,0.000,0.000]
[perfect_drone_full_node-2] Publish local map size: 7853
[perfect_drone_full_node-2] [INFO] [1789407979.248075955] [fsm_node]:  -- [OPTIMIZER_PHASE_MEMORY] optimizer=backup event=begin call=487 rss_mib=3546.547 swap_mib=0.000 variables=18 pieces=2
[perfect_drone_full_node-2] [INFO] [1789407979.250359324] [fsm_node]:  -- [OPTIMIZER_PHASE_MEMORY] optimizer=backup event=end call=487 duration_ms=2.334 iterations=316 ret=1 rss_mib=3546.547 swap_mib=0.000 rss_delta_mib=0.000
[perfect_drone_full_node-2] [INFO] [1789407979.250450330] [fsm_node]:  -- [OPTIMIZER_PHASE_MEMORY] optimizer=backup event=begin call=488 rss_mib=3546.547 swap_mib=0.000 variables=18 pieces=2
[perfect_drone_full_node-2] [INFO] [1789407979.253028213] [fsm_node]:  -- [OPTIMIZER_PHASE_MEMORY] optimizer=backup event=end call=488 duration_ms=2.578 iterations=377 ret=1 rss_mib=3546.547 swap_mib=0.000 rss_delta_mib=0.000
[perfect_drone_full_node-2] [WARN] [1789407979.253066800] [fsm_node]:  -- [SUPER] in [ReplanOnce]: Replan overtime, check parameters, replan dt = 0.154620221.
[perfect_drone_full_node-2] [INFO] [1789407979.270374281] [fsm_node]:  -- [OPTIMIZER_PHASE_MEMORY] optimizer=exp event=begin call=296 rss_mib=3546.547 swap_mib=0.000 variables=13 pieces=4
[perfect_drone_full_node-2] [INFO] [1789407979.279785247] [fsm_node]:  -- [OPTIMIZER_PHASE_MEMORY] optimizer=exp event=end call=296 duration_ms=9.424 iterations=647 ret=1 rss_mib=3546.547 swap_mib=0.000 rss_delta_mib=0.000
[perfect_drone_full_node-2]  -- [TRAJ_GUARD_CERT] trigger=replan_post status=SAFE gen=89 map=517 map_age=0.012s map_age_limit=0.550s motion_speed=1.234mps samples=26 range=[1.359,1.481] collision_tt=-1.000 ttc=-1.000 p=[0.000,0.000,0.000]
[perfect_drone_full_node-2] Publish local map size: 7517
[perfect_drone_full_node-2]  -- [TRAJ_GUARD_CERT] trigger=main_pre status=SAFE gen=89 map=518 map_age=0.008s map_age_limit=0.550s motion_speed=0.071mps samples=8 range=[1.451,1.481] collision_tt=-1.000 ttc=-1.000 p=[0.000,0.000,0.000]
[perfect_drone_full_node-2] [32m -- [Fsm] Traj finish.[0m
[perfect_drone_full_node-2] [INFO] [1789407979.402772145] [fsm_node]:  -- [OPTIMIZER_PHASE_MEMORY] optimizer=backup event=begin call=489 rss_mib=3546.551 swap_mib=0.000 variables=18 pieces=2
[perfect_drone_full_node-2] [38;2;000;128;000m -- [Fsm]: [PubCmdCallback] change state from [FOLLOW_TRAJ] to [GENERATE_TRAJ].
[perfect_drone_full_node-2] [0mPublish local map size: 6416
[perfect_drone_full_node-2] [INFO] [1789407979.418361651] [fsm_node]:  -- [OPTIMIZER_PHASE_MEMORY] optimizer=backup event=end call=489 duration_ms=15.639 iterations=1486 ret=1 rss_mib=3546.551 swap_mib=0.000 rss_delta_mib=0.000
[perfect_drone_full_node-2] [INFO] [1789407979.418538636] [fsm_node]:  -- [OPTIMIZER_PHASE_MEMORY] optimizer=backup event=begin call=490 rss_mib=3546.551 swap_mib=0.000 variables=18 pieces=2
[perfect_drone_full_node-2] [INFO] [1789407979.422908998] [fsm_node]:  -- [OPTIMIZER_PHASE_MEMORY] optimizer=backup event=end call=490 duration_ms=4.375 iterations=519 ret=1 rss_mib=3546.551 swap_mib=0.000 rss_delta_mib=0.000
[perfect_drone_full_node-2] [WARN] [1789407979.422954135] [fsm_node]:  -- [SUPER] in [ReplanOnce]: Replan overtime, check parameters, replan dt = 0.169719388.
[perfect_drone_full_node-2] [WARN] [1789407979.422987346] [fsm_node]:  -- [TRAJ_GUARD_RECOVERY_EPISODE_RESET] reason=horizontal_progress progress=6.408m threshold=2.000m prior_local=0 prior_vertical=0 prior_base=0
[perfect_drone_full_node-2] [INFO] [1789407979.440285430] [fsm_node]:  -- [OPTIMIZER_PHASE_MEMORY] optimizer=exp event=begin call=297 rss_mib=3546.551 swap_mib=0.000 variables=13 pieces=4
[perfect_drone_full_node-2] [INFO] [1789407979.443552712] [fsm_node]:  -- [OPTIMIZER_PHASE_MEMORY] optimizer=exp event=end call=297 duration_ms=3.323 iterations=258 ret=1 rss_mib=3546.551 swap_mib=0.000 rss_delta_mib=0.000
[perfect_drone_full_node-2] [INFO] [1789407979.443611406] [fsm_node]:  -- [SUPER] in [PlanFromRest] GenerateExpTrajectory SUCCESS.
[perfect_drone_full_node-2] Publish local map size: 6471
[perfect_drone_full_node-2] [INFO] [1789407979.562348374] [fsm_node]:  -- [OPTIMIZER_PHASE_MEMORY] optimizer=backup event=begin call=491 rss_mib=3546.551 swap_mib=0.000 variables=18 pieces=2
[perfect_drone_full_node-2] [INFO] [1789407979.567931912] [fsm_node]:  -- [OPTIMIZER_PHASE_MEMORY] optimizer=backup event=end call=491 duration_ms=5.639 iterations=734 ret=1 rss_mib=3546.551 swap_mib=0.000 rss_delta_mib=0.000
[perfect_drone_full_node-2] [INFO] [1789407979.568048929] [fsm_node]:  -- [OPTIMIZER_PHASE_MEMORY] optimizer=backup event=begin call=492 rss_mib=3546.551 swap_mib=0.000 variables=18 pieces=2
[perfect_drone_full_node-2] [INFO] [1789407979.570808564] [fsm_node]:  -- [OPTIMIZER_PHASE_MEMORY] optimizer=backup event=end call=492 duration_ms=2.762 iterations=397 ret=1 rss_mib=3546.551 swap_mib=0.000 rss_delta_mib=0.000
[perfect_drone_full_node-2] [INFO] [1789407979.571300271] [fsm_node]:  -- [TRAJ_GUARD_COMMIT] phase=PlanFromRest/with_backup gen=90 map=520 samples=287 range=[0.148,1.571] escape=false footprint_egress=false escape_done_tt=-1.000
[perfect_drone_full_node-2]  -- [TRAJ_GUARD_CERT] trigger=poly_publish status=SAFE gen=90 map=520 map_age=0.036s map_age_limit=0.550s motion_speed=0.000mps samples=286 range=[0.148,1.571] collision_tt=-1.000 ttc=-1.000 p=[0.000,0.000,0.000]
[perfect_drone_full_node-2] [38;2;000;128;000m -- [Fsm]: [MainFsmCallback] change state from [GENERATE_TRAJ] to [FOLLOW_TRAJ].
[perfect_drone_full_node-2] [0m[32m -- [Fsm 52.062] Current state: FOLLOW_TRAJ[0m
[perfect_drone_full_node-2] Publish local map size: 7666
[perfect_drone_full_node-2] [INFO] [1789407979.682276727] [fsm_node]:  -- [OPTIMIZER_PHASE_MEMORY] optimizer=exp event=begin call=298 rss_mib=3546.555 swap_mib=0.000 variables=17 pieces=5
[perfect_drone_full_node-2] [INFO] [1789407979.686063364] [fsm_node]:  -- [OPTIMIZER_PHASE_MEMORY] optimizer=exp event=end call=298 duration_ms=3.857 iterations=246 ret=1 rss_mib=3546.555 swap_mib=0.000 rss_delta_mib=0.000
[perfect_drone_full_node-2]  -- [TRAJ_GUARD_CERT] trigger=main_pre status=SAFE gen=90 map=521 map_age=0.007s map_age_limit=0.550s motion_speed=1.652mps samples=271 range=[0.222,1.571] collision_tt=-1.000 ttc=-1.000 p=[0.000,0.000,0.000]
[perfect_drone_full_node-2] Publish local map size: 7895
[perfect_drone_full_node-2]  -- [TRAJ_GUARD_CERT] trigger=main_pre status=SAFE gen=90 map=522 map_age=0.007s map_age_limit=0.500s motion_speed=3.573mps samples=251 range=[0.322,1.571] collision_tt=-1.000 ttc=-1.000 p=[0.000,0.000,0.000]
[perfect_drone_full_node-2] Publish local map size: 7609
[perfect_drone_full_node-2] [INFO] [1789407979.814338053] [fsm_node]:  -- [OPTIMIZER_PHASE_MEMORY] optimizer=backup event=begin call=493 rss_mib=3546.555 swap_mib=0.000 variables=18 pieces=2
[perfect_drone_full_node-2] [INFO] [1789407979.820334947] [fsm_node]:  -- [OPTIMIZER_PHASE_MEMORY] optimizer=backup event=end call=493 duration_ms=6.040 iterations=643 ret=1 rss_mib=3546.555 swap_mib=0.000 rss_delta_mib=0.000
[perfect_drone_full_node-2] [INFO] [1789407979.820468788] [fsm_node]:  -- [OPTIMIZER_PHASE_MEMORY] optimizer=backup event=begin call=494 rss_mib=3546.555 swap_mib=0.000 variables=18 pieces=2
[perfect_drone_full_node-2] [INFO] [1789407979.821046064] [fsm_node]:  -- [OPTIMIZER_PHASE_MEMORY] optimizer=backup event=end call=494 duration_ms=0.582 iterations=103 ret=1 rss_mib=3546.555 swap_mib=0.000 rss_delta_mib=0.000
[perfect_drone_full_node-2] [WARN] [1789407979.821084380] [fsm_node]:  -- [SUPER] in [ReplanOnce]: Replan overtime, check parameters, replan dt = 0.165824823.
[perfect_drone_full_node-2] [32m -- [Fsm] Get goal at [0m 24.025000000000002 -23.975000000000001   1.525000000000000
[perfect_drone_full_node-2] [32m -- [Fsm] Receive click goal at: [ 24.025000000000002 -23.975000000000001   1.525000000000000]; goal yaw: 0.000000000000000 deg[0m
[perfect_drone_full_node-2] [INFO] [1789407979.846657355] [fsm_node]:  -- [OPTIMIZER_PHASE_MEMORY] optimizer=exp event=begin call=299 rss_mib=3546.562 swap_mib=0.000 variables=13 pieces=4
[perfect_drone_full_node-2] [INFO] [1789407979.872696834] [fsm_node]:  -- [OPTIMIZER_PHASE_MEMORY] optimizer=exp event=end call=299 duration_ms=26.057 iterations=1654 ret=1 rss_mib=3546.562 swap_mib=0.000 rss_delta_mib=0.000
[perfect_drone_full_node-2]  -- [TRAJ_GUARD_CERT] trigger=main_pre status=SAFE gen=90 map=523 map_age=0.010s map_age_limit=0.500s motion_speed=5.386mps samples=231 range=[0.422,1.571] collision_tt=-1.000 ttc=-1.000 p=[0.000,0.000,0.000]
[perfect_drone_full_node-2] Publish local map size: 7333
[perfect_drone_full_node-2] [INFO] [1789407980.000814928] [fsm_node]:  -- [OPTIMIZER_PHASE_MEMORY] optimizer=backup event=begin call=495 rss_mib=3546.562 swap_mib=0.000 variables=18 pieces=2
[perfect_drone_full_node-2] [INFO] [1789407980.002536540] [fsm_node]:  -- [OPTIMIZER_PHASE_MEMORY] optimizer=backup event=end call=495 duration_ms=1.800 iterations=289 ret=1 rss_mib=3546.562 swap_mib=0.000 rss_delta_mib=0.000
[perfect_drone_full_node-2] [INFO] [1789407980.002671883] [fsm_node]:  -- [OPTIMIZER_PHASE_MEMORY] optimizer=backup event=begin call=496 rss_mib=3546.562 swap_mib=0.000 variables=18 pieces=2
[perfect_drone_full_node-2] [INFO] [1789407980.007526535] [fsm_node]:  -- [OPTIMIZER_PHASE_MEMORY] optimizer=backup event=end call=496 duration_ms=4.857 iterations=623 ret=1 rss_mib=3546.562 swap_mib=0.000 rss_delta_mib=0.000
[perfect_drone_full_node-2] [WARN] [1789407980.007568972] [fsm_node]:  -- [SUPER] in [ReplanOnce]: Replan overtime, check parameters, replan dt = 0.186331086.
[perfect_drone_full_node-2]  -- [TRAJ_GUARD_CERT] trigger=main_pre status=SAFE gen=90 map=524 map_age=0.008s map_age_limit=0.500s motion_speed=6.552mps samples=211 range=[0.522,1.571] collision_tt=-1.000 ttc=-1.000 p=[0.000,0.000,0.000]
[perfect_drone_full_node-2] Publish local map size: 6975
[perfect_drone_full_node-2] [INFO] [1789407980.026735845] [fsm_node]:  -- [OPTIMIZER_PHASE_MEMORY] optimizer=exp event=begin call=300 rss_mib=3546.562 swap_mib=0.000 variables=17 pieces=5
[perfect_drone_full_node-2] [INFO] [1789407980.068979405] [fsm_node]:  -- [OPTIMIZER_PHASE_MEMORY] optimizer=exp event=end call=300 duration_ms=42.275 iterations=2264 ret=1 rss_mib=3546.562 swap_mib=0.000 rss_delta_mib=0.000
[perfect_drone_full_node-2]  -- [TRAJ_GUARD_CERT] trigger=main_pre status=SAFE gen=90 map=525 map_age=0.008s map_age_limit=0.500s motion_speed=6.978mps samples=191 range=[0.622,1.571] collision_tt=-1.000 ttc=-1.000 p=[0.000,0.000,0.000]
[perfect_drone_full_node-2] Publish local map size: 7370
[perfect_drone_full_node-2] [INFO] [1789407980.184870536] [fsm_node]:  -- [OPTIMIZER_PHASE_MEMORY] optimizer=backup event=begin call=497 rss_mib=3546.562 swap_mib=0.000 variables=18 pieces=2
[perfect_drone_full_node-2] [INFO] [1789407980.192890769] [fsm_node]:  -- [OPTIMIZER_PHASE_MEMORY] optimizer=backup event=end call=497 duration_ms=8.076 iterations=1053 ret=1 rss_mib=3546.562 swap_mib=0.000 rss_delta_mib=0.000
[perfect_drone_full_node-2] [INFO] [1789407980.193005840] [fsm_node]:  -- [OPTIMIZER_PHASE_MEMORY] optimizer=backup event=begin call=498 rss_mib=3546.562 swap_mib=0.000 variables=18 pieces=2
[perfect_drone_full_node-2] [INFO] [1789407980.197415662] [fsm_node]:  -- [OPTIMIZER_PHASE_MEMORY] optimizer=backup event=end call=498 duration_ms=4.396 iterations=539 ret=1 rss_mib=3546.562 swap_mib=0.000 rss_delta_mib=0.000
[perfect_drone_full_node-2] [WARN] [1789407980.197472440] [fsm_node]:  -- [SUPER] in [ReplanOnce]: Replan overtime, check parameters, replan dt = 0.189739079.
[perfect_drone_full_node-2]  -- [TRAJ_GUARD_CERT] trigger=main_pre status=SAFE gen=90 map=526 map_age=0.013s map_age_limit=0.500s motion_speed=6.952mps samples=169 range=[0.732,1.571] collision_tt=-1.000 ttc=-1.000 p=[0.000,0.000,0.000]
[perfect_drone_full_node-2] Publish local map size: 7748
[perfect_drone_full_node-2] [INFO] [1789407980.215717891] [fsm_node]:  -- [OPTIMIZER_PHASE_MEMORY] optimizer=exp event=begin call=301 rss_mib=3546.570 swap_mib=0.000 variables=17 pieces=5
[perfect_drone_full_node-2] [INFO] [1789407980.228285505] [fsm_node]:  -- [OPTIMIZER_PHASE_MEMORY] optimizer=exp event=end call=301 duration_ms=12.585 iterations=688 ret=1 rss_mib=3546.570 swap_mib=0.000 rss_delta_mib=0.000
[perfect_drone_full_node-2]  -- [TRAJ_GUARD_CERT] trigger=main_pre status=SAFE gen=90 map=527 map_age=0.011s map_age_limit=0.500s motion_speed=6.895mps samples=149 range=[0.832,1.571] collision_tt=-1.000 ttc=-1.000 p=[0.000,0.000,0.000]
[perfect_drone_full_node-2] Publish local map size: 7934
[perfect_drone_full_node-2] [INFO] [1789407980.337728188] [fsm_node]:  -- [OPTIMIZER_PHASE_MEMORY] optimizer=backup event=begin call=499 rss_mib=3546.570 swap_mib=0.000 variables=18 pieces=2
[perfect_drone_full_node-2] [INFO] [1789407980.342308799] [fsm_node]:  -- [OPTIMIZER_PHASE_MEMORY] optimizer=backup event=end call=499 duration_ms=4.643 iterations=591 ret=1 rss_mib=3546.570 swap_mib=0.000 rss_delta_mib=0.000
[perfect_drone_full_node-2] [INFO] [1789407980.342415693] [fsm_node]:  -- [OPTIMIZER_PHASE_MEMORY] optimizer=backup event=begin call=500 rss_mib=3546.570 swap_mib=0.000 variables=18 pieces=2
[perfect_drone_full_node-2] [INFO] [1789407980.346580705] [fsm_node]:  -- [OPTIMIZER_PHASE_MEMORY] optimizer=backup event=end call=500 duration_ms=4.154 iterations=506 ret=1 rss_mib=3546.570 swap_mib=0.000 rss_delta_mib=0.000
[perfect_drone_full_node-2] [WARN] [1789407980.346638238] [fsm_node]:  -- [SUPER] in [ReplanOnce]: Replan overtime, check parameters, replan dt = 0.149008709.
[perfect_drone_full_node-2] [INFO] [1789407980.365691488] [fsm_node]:  -- [OPTIMIZER_PHASE_MEMORY] optimizer=exp event=begin call=302 rss_mib=3546.570 swap_mib=0.000 variables=17 pieces=5
[perfect_drone_full_node-2] [INFO] [1789407980.378696219] [fsm_node]:  -- [OPTIMIZER_PHASE_MEMORY] optimizer=exp event=end call=302 duration_ms=13.040 iterations=727 ret=1 rss_mib=3546.570 swap_mib=0.000 rss_delta_mib=0.000
[perfect_drone_full_node-2]  -- [TRAJ_GUARD_CERT] trigger=main_pre status=SAFE gen=90 map=528 map_age=0.012s map_age_limit=0.500s motion_speed=6.958mps samples=129 range=[0.932,1.571] collision_tt=-1.000 ttc=-1.000 p=[0.000,0.000,0.000]
[perfect_drone_full_node-2] Publish local map size: 8022
[perfect_drone_full_node-2] [INFO] [1789407980.489518932] [fsm_node]:  -- [OPTIMIZER_PHASE_MEMORY] optimizer=backup event=begin call=501 rss_mib=3546.570 swap_mib=0.000 variables=18 pieces=2
[perfect_drone_full_node-2] [INFO] [1789407980.490644975] [fsm_node]:  -- [OPTIMIZER_PHASE_MEMORY] optimizer=backup event=end call=501 duration_ms=1.167 iterations=193 ret=1 rss_mib=3546.570 swap_mib=0.000 rss_delta_mib=0.000
[perfect_drone_full_node-2] [INFO] [1789407980.490732724] [fsm_node]:  -- [OPTIMIZER_PHASE_MEMORY] optimizer=backup event=begin call=502 rss_mib=3546.570 swap_mib=0.000 variables=18 pieces=2
[perfect_drone_full_node-2] [INFO] [1789407980.491276347] [fsm_node]:  -- [OPTIMIZER_PHASE_MEMORY] optimizer=backup event=end call=502 duration_ms=0.544 iterations=98 ret=1 rss_mib=3546.570 swap_mib=0.000 rss_delta_mib=0.000
[perfect_drone_full_node-2] [WARN] [1789407980.491314832] [fsm_node]:  -- [SUPER] in [ReplanOnce]: Replan overtime, check parameters, replan dt = 0.144511377.
[perfect_drone_full_node-2]  -- [TRAJ_GUARD_CERT] trigger=main_pre status=SAFE gen=90 map=529 map_age=0.012s map_age_limit=0.500s motion_speed=6.976mps samples=109 range=[1.032,1.571] collision_tt=-1.000 ttc=-1.000 p=[0.000,0.000,0.000]
[perfect_drone_full_node-2] Publish local map size: 8908
[perfect_drone_full_node-2] [INFO] [1789407980.514652052] [fsm_node]:  -- [OPTIMIZER_PHASE_MEMORY] optimizer=exp event=begin call=303 rss_mib=3546.570 swap_mib=0.000 variables=13 pieces=4
[perfect_drone_full_node-2] [INFO] [1789407980.517200990] [fsm_node]:  -- [OPTIMIZER_PHASE_MEMORY] optimizer=exp event=end call=303 duration_ms=2.617 iterations=205 ret=1 rss_mib=3546.570 swap_mib=0.000 rss_delta_mib=0.000
[perfect_drone_full_node-2]  -- [TRAJ_GUARD_CERT] trigger=main_pre status=SAFE gen=90 map=530 map_age=0.008s map_age_limit=0.500s motion_speed=5.821mps samples=89 range=[1.132,1.571] collision_tt=-1.000 ttc=-1.000 p=[0.000,0.000,0.000]
[perfect_drone_full_node-2] [32m -- [Fsm 53.065] Current state: FOLLOW_TRAJ[0m
[perfect_drone_full_node-2]  -- [MARSIM] Running FPS: 201.814
[perfect_drone_full_node-2] Publish local map size: 8347
[perfect_drone_full_node-2] [INFO] [1789407980.628554375] [fsm_node]:  -- [OPTIMIZER_PHASE_MEMORY] optimizer=backup event=begin call=503 rss_mib=3546.570 swap_mib=0.000 variables=18 pieces=2
[perfect_drone_full_node-2] [INFO] [1789407980.639273324] [fsm_node]:  -- [OPTIMIZER_PHASE_MEMORY] optimizer=backup event=end call=503 duration_ms=10.800 iterations=1112 ret=1 rss_mib=3546.570 swap_mib=0.000 rss_delta_mib=0.000
[perfect_drone_full_node-2] [INFO] [1789407980.639381690] [fsm_node]:  -- [OPTIMIZER_PHASE_MEMORY] optimizer=backup event=begin call=504 rss_mib=3546.570 swap_mib=0.000 variables=18 pieces=2
[perfect_drone_full_node-2] [INFO] [1789407980.642516062] [fsm_node]:  -- [OPTIMIZER_PHASE_MEMORY] optimizer=backup event=end call=504 duration_ms=3.134 iterations=440 ret=1 rss_mib=3546.570 swap_mib=0.000 rss_delta_mib=0.000
[perfect_drone_full_node-2] [WARN] [1789407980.642562047] [fsm_node]:  -- [SUPER] in [ReplanOnce]: Replan overtime, check parameters, replan dt = 0.1510472.
[perfect_drone_full_node-2] [INFO] [1789407980.662509783] [fsm_node]:  -- [OPTIMIZER_PHASE_MEMORY] optimizer=exp event=begin call=304 rss_mib=3546.570 swap_mib=0.000 variables=17 pieces=5
[perfect_drone_full_node-2] [INFO] [1789407980.668060480] [fsm_node]:  -- [OPTIMIZER_PHASE_MEMORY] optimizer=exp event=end call=304 duration_ms=5.628 iterations=346 ret=1 rss_mib=3546.570 swap_mib=0.000 rss_delta_mib=0.000
[perfect_drone_full_node-2]  -- [TRAJ_GUARD_CERT] trigger=main_pre status=SAFE gen=90 map=531 map_age=0.009s map_age_limit=0.500s motion_speed=3.946mps samples=69 range=[1.232,1.571] collision_tt=-1.000 ttc=-1.000 p=[0.000,0.000,0.000]
[perfect_drone_full_node-2] Publish local map size: 7749
[perfect_drone_full_node-2] [INFO] [1789407980.782000970] [fsm_node]:  -- [OPTIMIZER_PHASE_MEMORY] optimizer=backup event=begin call=505 rss_mib=3546.574 swap_mib=0.000 variables=18 pieces=2
[perfect_drone_full_node-2] [INFO] [1789407980.783936362] [fsm_node]:  -- [OPTIMIZER_PHASE_MEMORY] optimizer=backup event=end call=505 duration_ms=1.971 iterations=313 ret=1 rss_mib=3546.574 swap_mib=0.000 rss_delta_mib=0.000
[perfect_drone_full_node-2] [INFO] [1789407980.784025256] [fsm_node]:  -- [OPTIMIZER_PHASE_MEMORY] optimizer=backup event=begin call=506 rss_mib=3546.574 swap_mib=0.000 variables=18 pieces=2
[perfect_drone_full_node-2] [INFO] [1789407980.787905682] [fsm_node]:  -- [OPTIMIZER_PHASE_MEMORY] optimizer=backup event=end call=506 duration_ms=3.877 iterations=512 ret=1 rss_mib=3546.574 swap_mib=0.000 rss_delta_mib=0.000
[perfect_drone_full_node-2] [WARN] [1789407980.787953736] [fsm_node]:  -- [SUPER] in [ReplanOnce]: Replan overtime, check parameters, replan dt = 0.145231468.
[perfect_drone_full_node-2] [INFO] [1789407980.808790665] [fsm_node]:  -- [OPTIMIZER_PHASE_MEMORY] optimizer=exp event=begin call=305 rss_mib=3546.574 swap_mib=0.000 variables=17 pieces=5
[perfect_drone_full_node-2]  -- [TRAJ_GUARD_CERT] trigger=main_pre status=SAFE gen=90 map=532 map_age=0.010s map_age_limit=0.522s motion_speed=3.052mps samples=49 range=[1.332,1.571] collision_tt=-1.000 ttc=-1.000 p=[0.000,0.000,0.000]
[perfect_drone_full_node-2] Publish local map size: 8284
[perfect_drone_full_node-2] [INFO] [1789407980.827893587] [fsm_node]:  -- [OPTIMIZER_PHASE_MEMORY] optimizer=exp event=end call=305 duration_ms=19.116 iterations=1068 ret=1 rss_mib=3546.574 swap_mib=0.000 rss_delta_mib=0.000
[perfect_drone_full_node-2] [32m -- [Fsm] Get goal at [0m 24.025000000000002 -23.975000000000001   1.525000000000000
[perfect_drone_full_node-2] [32m -- [Fsm] Receive click goal at: [ 24.025000000000002 -23.975000000000001   1.525000000000000]; goal yaw: 0.000000000000000 deg[0m
[perfect_drone_full_node-2]  -- [TRAJ_GUARD_CERT] trigger=main_pre status=SAFE gen=90 map=533 map_age=0.009s map_age_limit=0.550s motion_speed=1.808mps samples=29 range=[1.432,1.571] collision_tt=-1.000 ttc=-1.000 p=[0.000,0.000,0.000]
[perfect_drone_full_node-2] Publish local map size: 10992
[perfect_drone_full_node-2] [INFO] [1789407980.949148461] [fsm_node]:  -- [OPTIMIZER_PHASE_MEMORY] optimizer=backup event=begin call=507 rss_mib=3546.574 swap_mib=0.000 variables=18 pieces=2
[perfect_drone_full_node-2] [INFO] [1789407980.950960336] [fsm_node]:  -- [OPTIMIZER_PHASE_MEMORY] optimizer=backup event=end call=507 duration_ms=1.853 iterations=298 ret=1 rss_mib=3546.574 swap_mib=0.000 rss_delta_mib=0.000
[perfect_drone_full_node-2] [INFO] [1789407980.951061798] [fsm_node]:  -- [OPTIMIZER_PHASE_MEMORY] optimizer=backup event=begin call=508 rss_mib=3546.574 swap_mib=0.000 variables=18 pieces=2
[perfect_drone_full_node-2] [INFO] [1789407980.954020596] [fsm_node]:  -- [OPTIMIZER_PHASE_MEMORY] optimizer=backup event=end call=508 duration_ms=2.957 iterations=401 ret=1 rss_mib=3546.574 swap_mib=0.000 rss_delta_mib=0.000
[perfect_drone_full_node-2] [WARN] [1789407980.954064434] [fsm_node]:  -- [SUPER] in [ReplanOnce]: Replan overtime, check parameters, replan dt = 0.165913674.
[perfect_drone_full_node-2] [INFO] [1789407980.954705891] [fsm_node]:  -- [TRAJ_GUARD_COMMIT] phase=ReplanOnce/no_backup gen=91 map=534 samples=26 range=[1.532,1.650] escape=false footprint_egress=false escape_done_tt=-1.000
[perfect_drone_full_node-2]  -- [TRAJ_GUARD_CERT] trigger=replan_post status=SAFE gen=90 map=534 map_age=0.007s map_age_limit=0.550s motion_speed=0.150mps samples=9 range=[1.531,1.571] collision_tt=-1.000 ttc=-1.000 p=[0.000,0.000,0.000]
[perfect_drone_full_node-2] [32m -- [Fsm] ReplanOnce succeed.[0m
[perfect_drone_full_node-2] [INFO] [1789407980.975886763] [fsm_node]:  -- [TRAJ_GUARD_COMMIT] phase=ReplanOnce/no_backup gen=92 map=534 samples=22 range=[1.553,1.650] escape=false footprint_egress=false escape_done_tt=-1.000
[perfect_drone_full_node-2]  -- [TRAJ_GUARD_CERT] trigger=poly_publish status=SAFE gen=91 map=534 map_age=0.008s map_age_limit=0.550s motion_speed=0.150mps samples=25 range=[1.532,1.650] collision_tt=-1.000 ttc=-1.000 p=[0.000,0.000,0.000]
[perfect_drone_full_node-2] [32m -- [Fsm] ReplanOnce succeed.[0m
[perfect_drone_full_node-2]  -- [TRAJ_GUARD_CERT] trigger=poly_publish status=SAFE gen=92 map=534 map_age=0.029s map_age_limit=0.550s motion_speed=0.254mps samples=21 range=[1.553,1.650] collision_tt=-1.000 ttc=-1.000 p=[0.000,0.000,0.000]
[perfect_drone_full_node-2] Publish local map size: 6810
[perfect_drone_full_node-2] [INFO] [1789407981.041812997] [fsm_node]:  -- [TRAJ_GUARD_COMMIT] phase=ReplanOnce/no_backup gen=93 map=534 samples=9 range=[1.619,1.650] escape=false footprint_egress=false escape_done_tt=-1.000
[perfect_drone_full_node-2] [32m -- [Fsm] ReplanOnce succeed.[0m
[perfect_drone_full_node-2]  -- [TRAJ_GUARD_CERT] trigger=poly_publish status=SAFE gen=93 map=534 map_age=0.095s map_age_limit=0.550s motion_speed=0.018mps samples=8 range=[1.619,1.650] collision_tt=-1.000 ttc=-1.000 p=[0.000,0.000,0.000]
[perfect_drone_full_node-2]  -- [TRAJ_GUARD_CERT] trigger=main_pre status=SAFE gen=93 map=535 map_age=0.008s map_age_limit=0.550s motion_speed=0.007mps samples=5 range=[1.632,1.650] collision_tt=-1.000 ttc=-1.000 p=[0.000,0.000,0.000]
[perfect_drone_full_node-2] [32m -- [Fsm] Traj finish.[0m
[perfect_drone_full_node-2] [WARN] [1789407981.085093712] [fsm_node]:  -- [TRAJ_GUARD_RECOVERY_EPISODE_RESET] reason=horizontal_progress progress=7.094m threshold=2.000m prior_local=0 prior_vertical=0 prior_base=0
[perfect_drone_full_node-2] [INFO] [1789407981.102327493] [fsm_node]:  -- [OPTIMIZER_PHASE_MEMORY] optimizer=exp event=begin call=306 rss_mib=3546.586 swap_mib=0.000 variables=17 pieces=5
[perfect_drone_full_node-2] [INFO] [1789407981.109592127] [fsm_node]:  -- [OPTIMIZER_PHASE_MEMORY] optimizer=exp event=end call=306 duration_ms=7.305 iterations=455 ret=1 rss_mib=3546.586 swap_mib=0.000 rss_delta_mib=0.000
[perfect_drone_full_node-2] [INFO] [1789407981.109673968] [fsm_node]:  -- [SUPER] in [PlanFromRest] GenerateExpTrajectory SUCCESS.
[perfect_drone_full_node-2] [38;2;000;128;000m -- [Fsm]: [PubCmdCallback] change state from [FOLLOW_TRAJ] to [GENERATE_TRAJ].
[perfect_drone_full_node-2] [0mPublish local map size: 6635
[perfect_drone_full_node-2] Publish local map size: 6612
[perfect_drone_full_node-2] [INFO] [1789407981.227445426] [fsm_node]:  -- [OPTIMIZER_PHASE_MEMORY] optimizer=backup event=begin call=509 rss_mib=3546.586 swap_mib=0.000 variables=18 pieces=2
[perfect_drone_full_node-2] [INFO] [1789407981.257144386] [fsm_node]:  -- [OPTIMIZER_PHASE_MEMORY] optimizer=backup event=end call=509 duration_ms=29.769 iterations=2827 ret=1 rss_mib=3546.586 swap_mib=0.000 rss_delta_mib=0.000
[perfect_drone_full_node-2] [INFO] [1789407981.257274844] [fsm_node]:  -- [OPTIMIZER_PHASE_MEMORY] optimizer=backup event=begin call=510 rss_mib=3546.586 swap_mib=0.000 variables=18 pieces=2
[perfect_drone_full_node-2] [INFO] [1789407981.263477949] [fsm_node]:  -- [OPTIMIZER_PHASE_MEMORY] optimizer=backup event=end call=510 duration_ms=6.190 iterations=708 ret=1 rss_mib=3546.586 swap_mib=0.000 rss_delta_mib=0.000
[perfect_drone_full_node-2] [INFO] [1789407981.263964073] [fsm_node]:  -- [TRAJ_GUARD_COMMIT] phase=PlanFromRest/with_backup gen=94 map=537 samples=263 range=[0.178,1.480] escape=false footprint_egress=false escape_done_tt=-1.000
[perfect_drone_full_node-2]  -- [TRAJ_GUARD_CERT] trigger=poly_publish status=SAFE gen=94 map=537 map_age=0.024s map_age_limit=0.550s motion_speed=0.000mps samples=262 range=[0.179,1.480] collision_tt=-1.000 ttc=-1.000 p=[0.000,0.000,0.000]
[perfect_drone_full_node-2] [38;2;000;128;000m -- [Fsm]: [MainFsmCallback] change state from [GENERATE_TRAJ] to [FOLLOW_TRAJ].
[perfect_drone_full_node-2] [0mPublish local map size: 8763
[perfect_drone_full_node-2] [INFO] [1789407981.397232494] [fsm_node]:  -- [OPTIMIZER_PHASE_MEMORY] optimizer=exp event=begin call=307 rss_mib=3546.586 swap_mib=0.000 variables=13 pieces=4
[perfect_drone_full_node-2] [INFO] [1789407981.404602906] [fsm_node]:  -- [OPTIMIZER_PHASE_MEMORY] optimizer=exp event=end call=307 duration_ms=7.426 iterations=541 ret=1 rss_mib=3546.586 swap_mib=0.000 rss_delta_mib=0.000
[perfect_drone_full_node-2]  -- [TRAJ_GUARD_CERT] trigger=main_pre status=SAFE gen=94 map=538 map_age=0.010s map_age_limit=0.535s motion_speed=2.808mps samples=244 range=[0.270,1.480] collision_tt=-1.000 ttc=-1.000 p=[0.000,0.000,0.000]
[perfect_drone_full_node-2] Publish local map size: 8838
[perfect_drone_full_node-2]  -- [TRAJ_GUARD_CERT] trigger=main_pre status=SAFE gen=94 map=539 map_age=0.015s map_age_limit=0.500s motion_speed=4.879mps samples=222 range=[0.380,1.480] collision_tt=-1.000 ttc=-1.000 p=[0.000,0.000,0.000]
[perfect_drone_full_node-2] Publish local map size: 8277
[perfect_drone_full_node-2] [INFO] [1789407981.533240259] [fsm_node]:  -- [OPTIMIZER_PHASE_MEMORY] optimizer=backup event=begin call=511 rss_mib=3546.586 swap_mib=0.000 variables=18 pieces=2
[perfect_drone_full_node-2] [INFO] [1789407981.533890395] [fsm_node]:  -- [OPTIMIZER_PHASE_MEMORY] optimizer=backup event=end call=511 duration_ms=0.720 iterations=92 ret=1 rss_mib=3546.586 swap_mib=0.000 rss_delta_mib=0.000
[perfect_drone_full_node-2] [WARN] [1789407981.533899349] [fsm_node]:  -- [BackOpt] Opt failed, Omg or thr or Pos violation.
[perfect_drone_full_node-2] [33m -- [MINCO] TrajOpt failed, (unknown)[0m
[perfect_drone_full_node-2] [33m -- [SUPER] Minco backup_traj opt failed.[0m
[perfect_drone_full_node-2] [INFO] [1789407981.533960091] [fsm_node]:  -- [OPTIMIZER_PHASE_MEMORY] optimizer=backup event=begin call=512 rss_mib=3546.586 swap_mib=0.000 variables=18 pieces=2
[perfect_drone_full_node-2] [INFO] [1789407981.557299561] [fsm_node]:  -- [OPTIMIZER_PHASE_MEMORY] optimizer=backup event=end call=512 duration_ms=23.315 iterations=2227 ret=1 rss_mib=3546.586 swap_mib=0.000 rss_delta_mib=0.000
[perfect_drone_full_node-2] [WARN] [1789407981.557355835] [fsm_node]:  -- [SUPER] OptimizationBakTrajInPolytopes failed, force return
[perfect_drone_full_node-2] [WARN] [1789407981.557368459] [fsm_node]:  -- [SUPER] in [ReplanOnce]: Replan overtime, check parameters, replan dt = 0.18628014.
[perfect_drone_full_node-2] [INFO] [1789407981.578438286] [fsm_node]:  -- [OPTIMIZER_PHASE_MEMORY] optimizer=exp event=begin call=308 rss_mib=3546.586 swap_mib=0.000 variables=13 pieces=4
[perfect_drone_full_node-2]  -- [TRAJ_GUARD_CERT] trigger=main_pre status=SAFE gen=94 map=540 map_age=0.009s map_age_limit=0.500s motion_speed=6.079mps samples=204 range=[0.470,1.480] collision_tt=-1.000 ttc=-1.000 p=[0.000,0.000,0.000]
[perfect_drone_full_node-2] [32m -- [Fsm 54.075] Current state: FOLLOW_TRAJ[0m
[perfect_drone_full_node-2] [INFO] [1789407981.588185757] [fsm_node]:  -- [OPTIMIZER_PHASE_MEMORY] optimizer=exp event=end call=308 duration_ms=9.805 iterations=674 ret=1 rss_mib=3546.586 swap_mib=0.000 rss_delta_mib=0.000
[perfect_drone_full_node-2] Publish local map size: 7637
[perfect_drone_full_node-2] [WARN] [1789407981.679047683] [fsm_node]:  -- [SUPER] in [ReplanOnce]: Replan overtime, check parameters, replan dt = 0.121516219.
[perfect_drone_full_node-2] [INFO] [1789407981.696315038] [fsm_node]:  -- [OPTIMIZER_PHASE_MEMORY] optimizer=exp event=begin call=309 rss_mib=3546.586 swap_mib=0.000 variables=9 pieces=3
[perfect_drone_full_node-2] [INFO] [1789407981.699866918] [fsm_node]:  -- [OPTIMIZER_PHASE_MEMORY] optimizer=exp event=end call=309 duration_ms=3.599 iterations=382 ret=1 rss_mib=3546.586 swap_mib=0.000 rss_delta_mib=0.000
[perfect_drone_full_node-2]  -- [TRAJ_GUARD_CERT] trigger=main_pre status=SAFE gen=94 map=541 map_age=0.011s map_age_limit=0.500s motion_speed=6.763mps samples=184 range=[0.570,1.480] collision_tt=-1.000 ttc=-1.000 p=[0.000,0.000,0.000]
[perfect_drone_full_node-2] Publish local map size: 7381
[perfect_drone_full_node-2] [INFO] [1789407981.762155896] [fsm_node]:  -- [TRAJ_GUARD_COMMIT] phase=ReplanOnce/no_backup gen=95 map=542 samples=189 range=[0.083,1.015] escape=false footprint_egress=false escape_done_tt=-1.000
[perfect_drone_full_node-2]  -- [TRAJ_GUARD_CERT] trigger=main_pre status=SAFE gen=94 map=542 map_age=0.013s map_age_limit=0.500s motion_speed=6.972mps samples=164 range=[0.670,1.480] collision_tt=-1.000 ttc=-1.000 p=[0.000,0.000,0.000]
[perfect_drone_full_node-2] [32m -- [Fsm] ReplanOnce succeed.[0m
[perfect_drone_full_node-2] [INFO] [1789407981.776594218] [fsm_node]:  -- [OPTIMIZER_PHASE_MEMORY] optimizer=exp event=begin call=310 rss_mib=3546.586 swap_mib=0.000 variables=9 pieces=3
[perfect_drone_full_node-2] [INFO] [1789407981.780633602] [fsm_node]:  -- [OPTIMIZER_PHASE_MEMORY] optimizer=exp event=end call=310 duration_ms=4.076 iterations=377 ret=1 rss_mib=3546.586 swap_mib=0.000 rss_delta_mib=0.000
[perfect_drone_full_node-2]  -- [TRAJ_GUARD_CERT] trigger=poly_publish status=SAFE gen=95 map=542 map_age=0.020s map_age_limit=0.500s motion_speed=6.972mps samples=188 range=[0.083,1.015] collision_tt=-1.000 ttc=-1.000 p=[0.000,0.000,0.000]
[perfect_drone_full_node-2] Publish local map size: 7665
[perfect_drone_full_node-2] [INFO] [1789407981.828040840] [fsm_node]:  -- [TRAJ_GUARD_COMMIT] phase=ReplanOnce/no_backup gen=96 map=542 samples=169 range=[0.065,0.897] escape=false footprint_egress=false escape_done_tt=-1.000
[perfect_drone_full_node-2] [32m -- [Fsm] ReplanOnce succeed.[0m
[perfect_drone_full_node-2] [INFO] [1789407981.841833135] [fsm_node]:  -- [OPTIMIZER_PHASE_MEMORY] optimizer=exp event=begin call=311 rss_mib=3546.586 swap_mib=0.000 variables=5 pieces=2
[perfect_drone_full_node-2] [INFO] [1789407981.842495302] [fsm_node]:  -- [OPTIMIZER_PHASE_MEMORY] optimizer=exp event=end call=311 duration_ms=0.718 iterations=94 ret=1 rss_mib=3546.586 swap_mib=0.000 rss_delta_mib=0.000
[perfect_drone_full_node-2]  -- [TRAJ_GUARD_CERT] trigger=poly_publish status=SAFE gen=96 map=542 map_age=0.086s map_age_limit=0.500s motion_speed=6.999mps samples=168 range=[0.066,0.897] collision_tt=-1.000 ttc=-1.000 p=[0.000,0.000,0.000]
[perfect_drone_full_node-2] [32m -- [Fsm] Get goal at [0m 24.025000000000002 -23.975000000000001   1.525000000000000
[perfect_drone_full_node-2] [32m -- [Fsm] Receive click goal at: [ 24.025000000000002 -23.975000000000001   1.525000000000000]; goal yaw: 0.000000000000000 deg[0m
[perfect_drone_full_node-2] [INFO] [1789407981.884028170] [fsm_node]:  -- [TRAJ_GUARD_COMMIT] phase=ReplanOnce/no_backup gen=97 map=543 samples=159 range=[0.055,0.836] escape=false footprint_egress=false escape_done_tt=-1.000
[perfect_drone_full_node-2]  -- [TRAJ_GUARD_CERT] trigger=main_pre status=SAFE gen=96 map=543 map_age=0.011s map_age_limit=0.500s motion_speed=6.999mps samples=162 range=[0.093,0.897] collision_tt=-1.000 ttc=-1.000 p=[0.000,0.000,0.000]
[perfect_drone_full_node-2] [32m -- [Fsm] ReplanOnce succeed.[0m
[perfect_drone_full_node-2] [INFO] [1789407981.895270687] [fsm_node]:  -- [OPTIMIZER_PHASE_MEMORY] optimizer=exp event=begin call=312 rss_mib=3546.586 swap_mib=0.000 variables=5 pieces=2
[perfect_drone_full_node-2] [INFO] [1789407981.896374770] [fsm_node]:  -- [OPTIMIZER_PHASE_MEMORY] optimizer=exp event=end call=312 duration_ms=1.181 iterations=156 ret=1 rss_mib=3546.586 swap_mib=0.000 rss_delta_mib=0.000
[perfect_drone_full_node-2]  -- [TRAJ_GUARD_CERT] trigger=poly_publish status=SAFE gen=97 map=543 map_age=0.040s map_age_limit=0.500s motion_speed=6.980mps samples=157 range=[0.056,0.836] collision_tt=-1.000 ttc=-1.000 p=[0.000,0.000,0.000]
[perfect_drone_full_node-2] Publish local map size: 15217
[perfect_drone_full_node-2] [INFO] [1789407981.930681792] [fsm_node]:  -- [TRAJ_GUARD_COMMIT] phase=ReplanOnce/no_backup gen=98 map=543 samples=150 range=[0.046,0.781] escape=false footprint_egress=false escape_done_tt=-1.000
[perfect_drone_full_node-2] [32m -- [Fsm] ReplanOnce succeed.[0m
[perfect_drone_full_node-2] [INFO] [1789407981.941791684] [fsm_node]:  -- [OPTIMIZER_PHASE_MEMORY] optimizer=exp event=begin call=313 rss_mib=3546.586 swap_mib=0.000 variables=5 pieces=2
[perfect_drone_full_node-2] [INFO] [1789407981.942669524] [fsm_node]:  -- [OPTIMIZER_PHASE_MEMORY] optimizer=exp event=end call=313 duration_ms=0.948 iterations=131 ret=1 rss_mib=3546.586 swap_mib=0.000 rss_delta_mib=0.000
[perfect_drone_full_node-2] [INFO] [1789407981.971388011] [fsm_node]:  -- [TRAJ_GUARD_COMMIT] phase=ReplanOnce/no_backup gen=99 map=544 samples=139 range=[0.040,0.721] escape=false footprint_egress=false escape_done_tt=-1.000
[perfect_drone_full_node-2]  -- [TRAJ_GUARD_CERT] trigger=poly_publish status=SAFE gen=98 map=543 map_age=0.087s map_age_limit=0.500s motion_speed=6.925mps samples=148 range=[0.046,0.781] collision_tt=-1.000 ttc=-1.000 p=[0.000,0.000,0.000]
[perfect_drone_full_node-2]  -- [TRAJ_GUARD_CERT] trigger=main_pre status=SAFE gen=98 map=544 map_age=0.007s map_age_limit=0.500s motion_speed=6.905mps samples=144 range=[0.071,0.781] collision_tt=-1.000 ttc=-1.000 p=[0.000,0.000,0.000]
[perfect_drone_full_node-2] [32m -- [Fsm] ReplanOnce succeed.[0m
[perfect_drone_full_node-2] [INFO] [1789407981.982256662] [fsm_node]:  -- [OPTIMIZER_PHASE_MEMORY] optimizer=exp event=begin call=314 rss_mib=3546.586 swap_mib=0.000 variables=5 pieces=2
[perfect_drone_full_node-2] [INFO] [1789407981.983195718] [fsm_node]:  -- [OPTIMIZER_PHASE_MEMORY] optimizer=exp event=end call=314 duration_ms=0.978 iterations=96 ret=1 rss_mib=3546.586 swap_mib=0.000 rss_delta_mib=0.000
[perfect_drone_full_node-2] [INFO] [1789407982.007896935] [fsm_node]:  -- [TRAJ_GUARD_COMMIT] phase=ReplanOnce/no_backup gen=100 map=544 samples=132 range=[0.036,0.683] escape=false footprint_egress=false escape_done_tt=-1.000
[perfect_drone_full_node-2]  -- [TRAJ_GUARD_CERT] trigger=poly_publish status=SAFE gen=99 map=544 map_age=0.023s map_age_limit=0.500s motion_speed=6.888mps samples=138 range=[0.040,0.721] collision_tt=-1.000 ttc=-1.000 p=[0.000,0.000,0.000]
[perfect_drone_full_node-2] [32m -- [Fsm] ReplanOnce succeed.[0m
[perfect_drone_full_node-2]  -- [TRAJ_GUARD_CERT] trigger=poly_publish status=SAFE gen=100 map=544 map_age=0.060s map_age_limit=0.500s motion_speed=6.859mps samples=131 range=[0.036,0.683] collision_tt=-1.000 ttc=-1.000 p=[0.000,0.000,0.000]
[perfect_drone_full_node-2] Publish local map size: 13431
[perfect_drone_full_node-2] [INFO] [1789407982.038151459] [fsm_node]:  -- [OPTIMIZER_PHASE_MEMORY] optimizer=exp event=begin call=315 rss_mib=3546.586 swap_mib=0.000 variables=5 pieces=2
[perfect_drone_full_node-2] [INFO] [1789407982.038551305] [fsm_node]:  -- [OPTIMIZER_PHASE_MEMORY] optimizer=exp event=end call=315 duration_ms=0.477 iterations=46 ret=1 rss_mib=3546.586 swap_mib=0.000 rss_delta_mib=0.000
[perfect_drone_full_node-2] [INFO] [1789407982.057981413] [fsm_node]:  -- [TRAJ_GUARD_COMMIT] phase=ReplanOnce/no_backup gen=101 map=545 samples=123 range=[0.027,0.631] escape=false footprint_egress=false escape_done_tt=-1.000
[perfect_drone_full_node-2]  -- [TRAJ_GUARD_CERT] trigger=main_pre status=SAFE gen=100 map=545 map_age=0.006s map_age_limit=0.500s motion_speed=6.814mps samples=121 range=[0.083,0.683] collision_tt=-1.000 ttc=-1.000 p=[0.000,0.000,0.000]
[perfect_drone_full_node-2] [32m -- [Fsm] ReplanOnce succeed.[0m
[perfect_drone_full_node-2] [INFO] [1789407982.104859747] [fsm_node]:  -- [OPTIMIZER_PHASE_MEMORY] optimizer=exp event=begin call=316 rss_mib=3546.586 swap_mib=0.000 variables=5 pieces=2
[perfect_drone_full_node-2] [INFO] [1789407982.105608302] [fsm_node]:  -- [OPTIMIZER_PHASE_MEMORY] optimizer=exp event=end call=316 duration_ms=0.814 iterations=113 ret=1 rss_mib=3546.586 swap_mib=0.000 rss_delta_mib=0.000
[perfect_drone_full_node-2]  -- [TRAJ_GUARD_CERT] trigger=poly_publish status=SAFE gen=101 map=545 map_age=0.009s map_age_limit=0.500s motion_speed=6.814mps samples=122 range=[0.027,0.631] collision_tt=-1.000 ttc=-1.000 p=[0.000,0.000,0.000]
[perfect_drone_full_node-2] Publish local map size: 10021
[perfect_drone_full_node-2] [INFO] [1789407982.117567113] [fsm_node]:  -- [TRAJ_GUARD_COMMIT] phase=ReplanOnce/no_backup gen=102 map=545 samples=111 range=[0.020,0.565] escape=false footprint_egress=false escape_done_tt=-1.000
[perfect_drone_full_node-2] [32m -- [Fsm] ReplanOnce succeed.[0m
[perfect_drone_full_node-2]  -- [TRAJ_GUARD_CERT] trigger=poly_publish status=SAFE gen=102 map=545 map_age=0.069s map_age_limit=0.500s motion_speed=6.508mps samples=110 range=[0.020,0.565] collision_tt=-1.000 ttc=-1.000 p=[0.000,0.000,0.000]
[perfect_drone_full_node-2]  -- [TRAJ_GUARD_CERT] trigger=main_pre status=SAFE gen=102 map=546 map_age=0.009s map_age_limit=0.500s motion_speed=6.310mps samples=103 range=[0.058,0.565] collision_tt=-1.000 ttc=-1.000 p=[0.000,0.000,0.000]
[perfect_drone_full_node-2] [32m -- [Fsm] Get goal at [0m0.025000000000000 0.025000000000000 1.525000000000000
[perfect_drone_full_node-2] [32m -- [Fsm] Receive click goal at: [0.025000000000000 0.025000000000000 1.525000000000000]; goal yaw: 0.000000000000000 deg[0m
[perfect_drone_full_node-2] [INFO] [1789407982.166719766] [fsm_node]:  -- [OPTIMIZER_PHASE_MEMORY] optimizer=exp event=begin call=317 rss_mib=3546.586 swap_mib=0.000 variables=1 pieces=1
[perfect_drone_full_node-2] [INFO] [1789407982.166883817] [fsm_node]:  -- [OPTIMIZER_PHASE_MEMORY] optimizer=exp event=end call=317 duration_ms=0.212 iterations=25 ret=1 rss_mib=3546.586 swap_mib=0.000 rss_delta_mib=0.000
[perfect_drone_full_node-2] [INFO] [1789407982.175592203] [fsm_node]:  -- [TRAJ_GUARD_COMMIT] phase=ReplanOnce/no_backup gen=103 map=546 samples=100 range=[0.012,0.499] escape=false footprint_egress=false escape_done_tt=-1.000
[perfect_drone_full_node-2] [32m -- [Fsm] ReplanOnce succeed.[0m
[perfect_drone_full_node-2]  -- [TRAJ_GUARD_CERT] trigger=poly_publish status=SAFE gen=103 map=546 map_age=0.030s map_age_limit=0.500s motion_speed=6.088mps samples=99 range=[0.012,0.499] collision_tt=-1.000 ttc=-1.000 p=[0.000,0.000,0.000]
[perfect_drone_full_node-2] Publish local map size: 9186
[perfect_drone_full_node-2] [INFO] [1789407982.234991236] [fsm_node]:  -- [TRAJ_GUARD_COMMIT] phase=ReplanOnce/no_backup gen=104 map=546 samples=88 range=[0.072,0.499] escape=false footprint_egress=false escape_done_tt=-1.000
[perfect_drone_full_node-2] [32m -- [Fsm] ReplanOnce succeed.[0m
[perfect_drone_full_node-2] [INFO] [1789407982.297866930] [fsm_node]:  -- [TRAJ_GUARD_COMMIT] phase=ReplanOnce/no_backup gen=105 map=547 samples=75 range=[0.135,0.499] escape=false footprint_egress=false escape_done_tt=-1.000
[perfect_drone_full_node-2]  -- [TRAJ_GUARD_CERT] trigger=poly_publish status=SAFE gen=104 map=546 map_age=0.089s map_age_limit=0.500s motion_speed=5.645mps samples=87 range=[0.072,0.499] collision_tt=-1.000 ttc=-1.000 p=[0.000,0.000,0.000]
[perfect_drone_full_node-2]  -- [TRAJ_GUARD_CERT] trigger=main_pre status=SAFE gen=104 map=547 map_age=0.012s map_age_limit=0.500s motion_speed=5.433mps samples=83 range=[0.092,0.499] collision_tt=-1.000 ttc=-1.000 p=[0.000,0.000,0.000]
[perfect_drone_full_node-2] [32m -- [Fsm] ReplanOnce succeed.[0m
[perfect_drone_full_node-2]  -- [TRAJ_GUARD_CERT] trigger=poly_publish status=SAFE gen=105 map=547 map_age=0.055s map_age_limit=0.500s motion_speed=4.799mps samples=74 range=[0.135,0.499] collision_tt=-1.000 ttc=-1.000 p=[0.000,0.000,0.000]
[perfect_drone_full_node-2] Publish local map size: 9024
[perfect_drone_full_node-2] [INFO] [1789407982.363058554] [fsm_node]:  -- [TRAJ_GUARD_COMMIT] phase=ReplanOnce/no_backup gen=106 map=548 samples=62 range=[0.200,0.499] escape=false footprint_egress=false escape_done_tt=-1.000
[perfect_drone_full_node-2]  -- [TRAJ_GUARD_CERT] trigger=main_pre status=SAFE gen=105 map=548 map_age=0.015s map_age_limit=0.500s motion_speed=4.004mps samples=63 range=[0.192,0.499] collision_tt=-1.000 ttc=-1.000 p=[0.000,0.000,0.000]
[perfect_drone_full_node-2] [32m -- [Fsm] ReplanOnce succeed.[0m
[perfect_drone_full_node-2]  -- [TRAJ_GUARD_CERT] trigger=poly_publish status=SAFE gen=106 map=548 map_age=0.023s map_age_limit=0.500s motion_speed=4.004mps samples=61 range=[0.200,0.499] collision_tt=-1.000 ttc=-1.000 p=[0.000,0.000,0.000]
[perfect_drone_full_node-2] Publish local map size: 9149
[perfect_drone_full_node-2] [INFO] [1789407982.428045557] [fsm_node]:  -- [TRAJ_GUARD_COMMIT] phase=ReplanOnce/no_backup gen=107 map=548 samples=49 range=[0.265,0.499] escape=false footprint_egress=false escape_done_tt=-1.000
[perfect_drone_full_node-2] [32m -- [Fsm] ReplanOnce succeed.[0m
[perfect_drone_full_node-2] [INFO] [1789407982.494338975] [fsm_node]:  -- [TRAJ_GUARD_COMMIT] phase=ReplanOnce/no_backup gen=108 map=549 samples=36 range=[0.331,0.499] escape=false footprint_egress=false escape_done_tt=-1.000
[perfect_drone_full_node-2]  -- [TRAJ_GUARD_CERT] trigger=poly_publish status=SAFE gen=107 map=548 map_age=0.088s map_age_limit=0.550s motion_speed=2.500mps samples=48 range=[0.265,0.499] collision_tt=-1.000 ttc=-1.000 p=[0.000,0.000,0.000]
[perfect_drone_full_node-2]  -- [TRAJ_GUARD_CERT] trigger=main_pre status=SAFE gen=107 map=549 map_age=0.013s map_age_limit=0.550s motion_speed=2.115mps samples=43 range=[0.292,0.499] collision_tt=-1.000 ttc=-1.000 p=[0.000,0.000,0.000]
[perfect_drone_full_node-2] [32m -- [Fsm] ReplanOnce succeed.[0m
[perfect_drone_full_node-2]  -- [TRAJ_GUARD_CERT] trigger=poly_publish status=SAFE gen=108 map=549 map_age=0.053s map_age_limit=0.550s motion_speed=1.385mps samples=35 range=[0.331,0.499] collision_tt=-1.000 ttc=-1.000 p=[0.000,0.000,0.000]
[perfect_drone_full_node-2] Publish local map size: 8790
[perfect_drone_full_node-2] [INFO] [1789407982.514392780] [perfect_tracking]: [SENSOR_CADENCE_SUMMARY] frames=550 span_s=54.898198 hz=10.000328 raw_published=0 direct_handoffs=550 payload_bytes=275158272 side_entry_v1_enabled=0 side_entry_v1_spawned=0 side_entry_v1_injected_frames=0
[perfect_drone_full_node-2] [INFO] [1789407982.514478117] [perfect_tracking]: [SENSOR_BURST_DROPOUT_SUMMARY] enabled=0 warmup_s=1.000000 period_s=2.000000 duration_s=0.500000 phase_s=0.000000 phase_env_override=0 rendered=550 delivered=550 dropped=0 bursts=0 max_consecutive_dropped=0 max_delivered_gap_s=0.102250 dropped_payload_bytes=0
[perfect_drone_full_node-2] [INFO] [1789407982.559711833] [fsm_node]:  -- [TRAJ_GUARD_COMMIT] phase=ReplanOnce/no_backup gen=109 map=550 samples=23 range=[0.396,0.499] escape=false footprint_egress=false escape_done_tt=-1.000
[perfect_drone_full_node-2]  -- [TRAJ_GUARD_CERT] trigger=main_pre status=SAFE gen=108 map=550 map_age=0.006s map_age_limit=0.550s motion_speed=0.642mps samples=25 range=[0.382,0.499] collision_tt=-1.000 ttc=-1.000 p=[0.000,0.000,0.000]
[perfect_drone_full_node-2] [32m -- [Fsm] ReplanOnce succeed.[0m
[perfect_drone_full_node-2]  -- [TRAJ_GUARD_CERT] trigger=poly_publish status=SAFE gen=109 map=550 map_age=0.020s map_age_limit=0.550s motion_speed=0.419mps samples=22 range=[0.397,0.499] collision_tt=-1.000 ttc=-1.000 p=[0.000,0.000,0.000]
[perfect_drone_full_node-2] [32m -- [Fsm 55.085] Current state: FOLLOW_TRAJ[0m
[perfect_drone_full_node-2]  -- [MARSIM] Running FPS: 196.724
[perfect_drone_full_node-2] Publish local map size: 7735
[perfect_drone_full_node-2] [INFO] [1789407982.625721507] [fsm_node]:  -- [TRAJ_GUARD_COMMIT] phase=ReplanOnce/no_backup gen=110 map=550 samples=10 range=[0.462,0.499] escape=false footprint_egress=false escape_done_tt=-1.000
[perfect_drone_full_node-2] [32m -- [Fsm] ReplanOnce succeed.[0m
[perfect_drone_full_node-2]  -- [TRAJ_GUARD_CERT] trigger=poly_publish status=SAFE gen=110 map=550 map_age=0.086s map_age_limit=0.550s motion_speed=0.023mps samples=9 range=[0.463,0.499] collision_tt=-1.000 ttc=-1.000 p=[0.000,0.000,0.000]
[perfect_drone_full_node-2]  -- [TRAJ_GUARD_CERT] trigger=main_pre status=SAFE gen=110 map=551 map_age=0.006s map_age_limit=0.550s motion_speed=0.009mps samples=5 range=[0.482,0.499] collision_tt=-1.000 ttc=-1.000 p=[0.000,0.000,0.000]
[perfect_drone_full_node-2] [32m -- [Fsm] Traj finish.[0m
[perfect_drone_full_node-2] [INFO] [1789407982.706538241] [fsm_node]:  -- [OPTIMIZER_PHASE_MEMORY] optimizer=exp event=begin call=318 rss_mib=3546.590 swap_mib=0.000 variables=13 pieces=4
[perfect_drone_full_node-2] [INFO] [1789407982.709563768] [fsm_node]:  -- [OPTIMIZER_PHASE_MEMORY] optimizer=exp event=end call=318 duration_ms=3.090 iterations=287 ret=1 rss_mib=3546.590 swap_mib=0.000 rss_delta_mib=0.000
[perfect_drone_full_node-2] [INFO] [1789407982.709629647] [fsm_node]:  -- [SUPER] in [PlanFromRest] GenerateExpTrajectory SUCCESS.
[perfect_drone_full_node-2] [38;2;000;128;000m -- [Fsm]: [PubCmdCallback] change state from [FOLLOW_TRAJ] to [GENERATE_TRAJ].
[perfect_drone_full_node-2] [0mPublish local map size: 7482
[perfect_drone_full_node-2] Publish local map size: 7456
[perfect_drone_full_node-2] [INFO] [1789407982.842953752] [fsm_node]:  -- [OPTIMIZER_PHASE_MEMORY] optimizer=backup event=begin call=513 rss_mib=3546.590 swap_mib=0.000 variables=18 pieces=2
[perfect_drone_full_node-2] [INFO] [1789407982.862343034] [fsm_node]:  -- [OPTIMIZER_PHASE_MEMORY] optimizer=backup event=end call=513 duration_ms=19.432 iterations=2253 ret=1 rss_mib=3546.590 swap_mib=0.000 rss_delta_mib=0.000
[perfect_drone_full_node-2] [INFO] [1789407982.862482933] [fsm_node]:  -- [OPTIMIZER_PHASE_MEMORY] optimizer=backup event=begin call=514 rss_mib=3546.590 swap_mib=0.000 variables=18 pieces=2
[perfect_drone_full_node-2] [INFO] [1789407982.872717266] [fsm_node]:  -- [OPTIMIZER_PHASE_MEMORY] optimizer=backup event=end call=514 duration_ms=10.211 iterations=1099 ret=1 rss_mib=3546.590 swap_mib=0.000 rss_delta_mib=0.000
[perfect_drone_full_node-2] [INFO] [1789407982.873202518] [fsm_node]:  -- [TRAJ_GUARD_COMMIT] phase=PlanFromRest/with_backup gen=111 map=553 samples=261 range=[0.198,1.492] escape=false footprint_egress=false escape_done_tt=-1.000
[perfect_drone_full_node-2]  -- [TRAJ_GUARD_CERT] trigger=poly_publish status=SAFE gen=111 map=553 map_age=0.038s map_age_limit=0.550s motion_speed=0.000mps samples=260 range=[0.198,1.492] collision_tt=-1.000 ttc=-1.000 p=[0.000,0.000,0.000]
[perfect_drone_full_node-2] [38;2;000;128;000m -- [Fsm]: [MainFsmCallback] change state from [GENERATE_TRAJ] to [FOLLOW_TRAJ].
[perfect_drone_full_node-2] [0mPublish local map size: 9102
[perfect_drone_full_node-2] [INFO] [1789407982.985658940] [fsm_node]:  -- [OPTIMIZER_PHASE_MEMORY] optimizer=exp event=begin call=319 rss_mib=3546.594 swap_mib=0.000 variables=13 pieces=4
[perfect_drone_full_node-2] [INFO] [1789407982.987575490] [fsm_node]:  -- [OPTIMIZER_PHASE_MEMORY] optimizer=exp event=end call=319 duration_ms=1.982 iterations=187 ret=1 rss_mib=3546.594 swap_mib=0.000 rss_delta_mib=0.000
[perfect_drone_full_node-2]  -- [TRAJ_GUARD_CERT] trigger=main_pre status=SAFE gen=111 map=554 map_age=0.005s map_age_limit=0.535s motion_speed=2.805mps samples=246 range=[0.270,1.492] collision_tt=-1.000 ttc=-1.000 p=[0.000,0.000,0.000]
[perfect_drone_full_node-2] Publish local map size: 10085
[perfect_drone_full_node-2] [INFO] [1789407983.113270172] [fsm_node]:  -- [OPTIMIZER_PHASE_MEMORY] optimizer=backup event=begin call=515 rss_mib=3546.594 swap_mib=0.000 variables=18 pieces=2
[perfect_drone_full_node-2]  -- [TRAJ_GUARD_CERT] trigger=main_pre status=SAFE gen=111 map=555 map_age=0.007s map_age_limit=0.500s motion_speed=4.673mps samples=226 range=[0.370,1.492] collision_tt=-1.000 ttc=-1.000 p=[0.000,0.000,0.000]
[perfect_drone_full_node-2] Publish local map size: 11460
[perfect_drone_full_node-2] [INFO] [1789407983.115279718] [fsm_node]:  -- [OPTIMIZER_PHASE_MEMORY] optimizer=backup event=end call=515 duration_ms=2.040 iterations=388 ret=1 rss_mib=3546.594 swap_mib=0.000 rss_delta_mib=0.000
[perfect_drone_full_node-2] [INFO] [1789407983.115372743] [fsm_node]:  -- [OPTIMIZER_PHASE_MEMORY] optimizer=backup event=begin call=516 rss_mib=3546.594 swap_mib=0.000 variables=18 pieces=2
[perfect_drone_full_node-2] [INFO] [1789407983.118009330] [fsm_node]:  -- [OPTIMIZER_PHASE_MEMORY] optimizer=backup event=end call=516 duration_ms=2.636 iterations=422 ret=1 rss_mib=3546.594 swap_mib=0.000 rss_delta_mib=0.000
[perfect_drone_full_node-2] [WARN] [1789407983.118046448] [fsm_node]:  -- [SUPER] in [ReplanOnce]: Replan overtime, check parameters, replan dt = 0.162797151.
[perfect_drone_full_node-2] [INFO] [1789407983.146033018] [fsm_node]:  -- [OPTIMIZER_PHASE_MEMORY] optimizer=exp event=begin call=320 rss_mib=3546.594 swap_mib=0.000 variables=9 pieces=3
[perfect_drone_full_node-2] [INFO] [1789407983.147844508] [fsm_node]:  -- [OPTIMIZER_PHASE_MEMORY] optimizer=exp event=end call=320 duration_ms=1.854 iterations=216 ret=1 rss_mib=3546.594 swap_mib=0.000 rss_delta_mib=0.000
[perfect_drone_full_node-2]  -- [TRAJ_GUARD_CERT] trigger=main_pre status=SAFE gen=111 map=556 map_age=0.005s map_age_limit=0.500s motion_speed=6.041mps samples=206 range=[0.470,1.492] collision_tt=-1.000 ttc=-1.000 p=[0.000,0.000,0.000]
[perfect_drone_full_node-2] [32m -- [Fsm] Get goal at [0m0.025000000000000 0.025000000000000 1.525000000000000
[perfect_drone_full_node-2] [32m -- [Fsm] Receive click goal at: [0.025000000000000 0.025000000000000 1.525000000000000]; goal yaw: 0.000000000000000 deg[0m
[perfect_drone_full_node-2] Publish local map size: 9508
[perfect_drone_full_node-2] [INFO] [1789407983.275798793] [fsm_node]:  -- [OPTIMIZER_PHASE_MEMORY] optimizer=backup event=begin call=517 rss_mib=3546.594 swap_mib=0.000 variables=18 pieces=2
[perfect_drone_full_node-2] [INFO] [1789407983.277605438] [fsm_node]:  -- [OPTIMIZER_PHASE_MEMORY] optimizer=backup event=end call=517 duration_ms=1.839 iterations=330 ret=1 rss_mib=3546.594 swap_mib=0.000 rss_delta_mib=0.000
[perfect_drone_full_node-2] [INFO] [1789407983.277698967] [fsm_node]:  -- [OPTIMIZER_PHASE_MEMORY] optimizer=backup event=begin call=518 rss_mib=3546.594 swap_mib=0.000 variables=18 pieces=2
[perfect_drone_full_node-2] [INFO] [1789407983.279603255] [fsm_node]:  -- [OPTIMIZER_PHASE_MEMORY] optimizer=backup event=end call=518 duration_ms=1.903 iterations=342 ret=1 rss_mib=3546.594 swap_mib=0.000 rss_delta_mib=0.000
[perfect_drone_full_node-2] [WARN] [1789407983.279641488] [fsm_node]:  -- [SUPER] in [ReplanOnce]: Replan overtime, check parameters, replan dt = 0.161520796.
[perfect_drone_full_node-2] [INFO] [1789407983.306323392] [fsm_node]:  -- [OPTIMIZER_PHASE_MEMORY] optimizer=exp event=begin call=321 rss_mib=3546.594 swap_mib=0.000 variables=13 pieces=4
[perfect_drone_full_node-2] [INFO] [1789407983.312096901] [fsm_node]:  -- [OPTIMIZER_PHASE_MEMORY] optimizer=exp event=end call=321 duration_ms=5.811 iterations=484 ret=1 rss_mib=3546.594 swap_mib=0.000 rss_delta_mib=0.000
[perfect_drone_full_node-2]  -- [TRAJ_GUARD_CERT] trigger=main_pre status=SAFE gen=111 map=557 map_age=0.014s map_age_limit=0.500s motion_speed=6.815mps samples=184 range=[0.580,1.492] collision_tt=-1.000 ttc=-1.000 p=[0.000,0.000,0.000]
[perfect_drone_full_node-2] Publish local map size: 7083
[perfect_drone_full_node-2]  -- [TRAJ_GUARD_CERT] trigger=main_pre status=SAFE gen=111 map=558 map_age=0.012s map_age_limit=0.500s motion_speed=7.000mps samples=164 range=[0.680,1.492] collision_tt=-1.000 ttc=-1.000 p=[0.000,0.000,0.000]
[perfect_drone_full_node-2] Publish local map size: 6537
[perfect_drone_full_node-2] [INFO] [1789407983.441774982] [fsm_node]:  -- [OPTIMIZER_PHASE_MEMORY] optimizer=backup event=begin call=519 rss_mib=3546.594 swap_mib=0.000 variables=18 pieces=2
[perfect_drone_full_node-2] [INFO] [1789407983.444709817] [fsm_node]:  -- [OPTIMIZER_PHASE_MEMORY] optimizer=backup event=end call=519 duration_ms=2.976 iterations=463 ret=1 rss_mib=3546.594 swap_mib=0.000 rss_delta_mib=0.000
[perfect_drone_full_node-2] [INFO] [1789407983.444846109] [fsm_node]:  -- [OPTIMIZER_PHASE_MEMORY] optimizer=backup event=begin call=520 rss_mib=3546.594 swap_mib=0.000 variables=18 pieces=2
[perfect_drone_full_node-2] [INFO] [1789407983.448657313] [fsm_node]:  -- [OPTIMIZER_PHASE_MEMORY] optimizer=backup event=end call=520 duration_ms=3.797 iterations=574 ret=1 rss_mib=3546.594 swap_mib=0.000 rss_delta_mib=0.000
[perfect_drone_full_node-2] [WARN] [1789407983.448713077] [fsm_node]:  -- [SUPER] in [ReplanOnce]: Replan overtime, check parameters, replan dt = 0.168959252.
[perfect_drone_full_node-2] [INFO] [1789407983.488167073] [fsm_node]:  -- [OPTIMIZER_PHASE_MEMORY] optimizer=exp event=begin call=322 rss_mib=3546.594 swap_mib=0.000 variables=9 pieces=3
[perfect_drone_full_node-2] [INFO] [1789407983.491792915] [fsm_node]:  -- [OPTIMIZER_PHASE_MEMORY] optimizer=exp event=end call=322 duration_ms=3.694 iterations=381 ret=1 rss_mib=3546.594 swap_mib=0.000 rss_delta_mib=0.000
[perfect_drone_full_node-2]  -- [TRAJ_GUARD_CERT] trigger=replan_post status=SAFE gen=111 map=559 map_age=0.008s map_age_limit=0.500s motion_speed=6.961mps samples=145 range=[0.774,1.492] collision_tt=-1.000 ttc=-1.000 p=[0.000,0.000,0.000]
[perfect_drone_full_node-2] Publish local map size: 6455
[perfect_drone_full_node-2]  -- [TRAJ_GUARD_CERT] trigger=main_pre status=SAFE gen=111 map=560 map_age=0.013s map_age_limit=0.500s motion_speed=6.934mps samples=124 range=[0.880,1.492] collision_tt=-1.000 ttc=-1.000 p=[0.000,0.000,0.000]
[perfect_drone_full_node-2] [32m -- [Fsm 56.085] Current state: FOLLOW_TRAJ[0m
[perfect_drone_full_node-2] Publish local map size: 6199
[perfect_drone_full_node-2] [INFO] [1789407983.623391414] [fsm_node]:  -- [OPTIMIZER_PHASE_MEMORY] optimizer=backup event=begin call=521 rss_mib=3546.598 swap_mib=0.000 variables=18 pieces=2
[perfect_drone_full_node-2] [INFO] [1789407983.635101977] [fsm_node]:  -- [OPTIMIZER_PHASE_MEMORY] optimizer=backup event=end call=521 duration_ms=11.741 iterations=1320 ret=1 rss_mib=3546.598 swap_mib=0.000 rss_delta_mib=0.000
[perfect_drone_full_node-2] [INFO] [1789407983.635202784] [fsm_node]:  -- [OPTIMIZER_PHASE_MEMORY] optimizer=backup event=begin call=522 rss_mib=3546.598 swap_mib=0.000 variables=18 pieces=2
[perfect_drone_full_node-2] [INFO] [1789407983.637981162] [fsm_node]:  -- [OPTIMIZER_PHASE_MEMORY] optimizer=backup event=end call=522 duration_ms=2.775 iterations=416 ret=1 rss_mib=3546.598 swap_mib=0.000 rss_delta_mib=0.000
[perfect_drone_full_node-2] [WARN] [1789407983.638024079] [fsm_node]:  -- [SUPER] in [ReplanOnce]: Replan overtime, check parameters, replan dt = 0.189107018.
[perfect_drone_full_node-2] [INFO] [1789407983.675215221] [fsm_node]:  -- [OPTIMIZER_PHASE_MEMORY] optimizer=exp event=begin call=323 rss_mib=3546.598 swap_mib=0.000 variables=9 pieces=3
[perfect_drone_full_node-2] [INFO] [1789407983.678562330] [fsm_node]:  -- [OPTIMIZER_PHASE_MEMORY] optimizer=exp event=end call=323 duration_ms=3.387 iterations=339 ret=1 rss_mib=3546.598 swap_mib=0.000 rss_delta_mib=0.000
[perfect_drone_full_node-2]  -- [TRAJ_GUARD_CERT] trigger=main_pre status=SAFE gen=111 map=561 map_age=0.010s map_age_limit=0.500s motion_speed=6.906mps samples=104 range=[0.980,1.492] collision_tt=-1.000 ttc=-1.000 p=[0.000,0.000,0.000]
[perfect_drone_full_node-2] Publish local map size: 6400
[perfect_drone_full_node-2]  -- [TRAJ_GUARD_CERT] trigger=main_pre status=SAFE gen=111 map=562 map_age=0.010s map_age_limit=0.500s motion_speed=6.588mps samples=84 range=[1.080,1.492] collision_tt=-1.000 ttc=-1.000 p=[0.000,0.000,0.000]
[perfect_drone_full_node-2] Publish local map size: 7336
[perfect_drone_full_node-2] [INFO] [1789407983.819328050] [fsm_node]:  -- [OPTIMIZER_PHASE_MEMORY] optimizer=backup event=begin call=523 rss_mib=3546.602 swap_mib=0.000 variables=18 pieces=2
[perfect_drone_full_node-2] [INFO] [1789407983.825948644] [fsm_node]:  -- [OPTIMIZER_PHASE_MEMORY] optimizer=backup event=end call=523 duration_ms=6.679 iterations=910 ret=1 rss_mib=3546.602 swap_mib=0.000 rss_delta_mib=0.000
[perfect_drone_full_node-2] [INFO] [1789407983.826077294] [fsm_node]:  -- [OPTIMIZER_PHASE_MEMORY] optimizer=backup event=begin call=524 rss_mib=3546.602 swap_mib=0.000 variables=18 pieces=2
[perfect_drone_full_node-2] [INFO] [1789407983.828255674] [fsm_node]:  -- [OPTIMIZER_PHASE_MEMORY] optimizer=backup event=end call=524 duration_ms=2.173 iterations=355 ret=1 rss_mib=3546.602 swap_mib=0.000 rss_delta_mib=0.000
[perfect_drone_full_node-2] [WARN] [1789407983.828304564] [fsm_node]:  -- [SUPER] in [ReplanOnce]: Replan overtime, check parameters, replan dt = 0.190136745.
[perfect_drone_full_node-2] [INFO] [1789407983.864009938] [fsm_node]:  -- [OPTIMIZER_PHASE_MEMORY] optimizer=exp event=begin call=324 rss_mib=3546.602 swap_mib=0.000 variables=13 pieces=4
[perfect_drone_full_node-2] [INFO] [1789407983.865927780] [fsm_node]:  -- [OPTIMIZER_PHASE_MEMORY] optimizer=exp event=end call=324 duration_ms=1.988 iterations=160 ret=1 rss_mib=3546.602 swap_mib=0.000 rss_delta_mib=0.000
[perfect_drone_full_node-2]  -- [TRAJ_GUARD_CERT] trigger=main_pre status=SAFE gen=111 map=563 map_age=0.006s map_age_limit=0.500s motion_speed=5.624mps samples=64 range=[1.180,1.492] collision_tt=-1.000 ttc=-1.000 p=[0.000,0.000,0.000]
[perfect_drone_full_node-2] Publish local map size: 7971
[perfect_drone_full_node-2] [INFO] [1789407984.008986237] [fsm_node]:  -- [OPTIMIZER_PHASE_MEMORY] optimizer=backup event=begin call=525 rss_mib=3546.602 swap_mib=0.000 variables=18 pieces=2
[perfect_drone_full_node-2] [INFO] [1789407984.011790410] [fsm_node]:  -- [OPTIMIZER_PHASE_MEMORY] optimizer=backup event=end call=525 duration_ms=2.843 iterations=462 ret=1 rss_mib=3546.602 swap_mib=0.000 rss_delta_mib=0.000
[perfect_drone_full_node-2] [INFO] [1789407984.011932800] [fsm_node]:  -- [OPTIMIZER_PHASE_MEMORY] optimizer=backup event=begin call=526 rss_mib=3546.602 swap_mib=0.000 variables=18 pieces=2
[perfect_drone_full_node-2]  -- [TRAJ_GUARD_CERT] trigger=main_pre status=SAFE gen=111 map=564 map_age=0.015s map_age_limit=0.500s motion_speed=3.751mps samples=42 range=[1.290,1.492] collision_tt=-1.000 ttc=-1.000 p=[0.000,0.000,0.000]
[perfect_drone_full_node-2] Publish local map size: 8137
[perfect_drone_full_node-2] [INFO] [1789407984.015094284] [fsm_node]:  -- [OPTIMIZER_PHASE_MEMORY] optimizer=backup event=end call=526 duration_ms=3.152 iterations=473 ret=1 rss_mib=3546.602 swap_mib=0.000 rss_delta_mib=0.000
[perfect_drone_full_node-2] [WARN] [1789407984.015174712] [fsm_node]:  -- [SUPER] in [ReplanOnce]: Replan overtime, check parameters, replan dt = 0.186720595.
[perfect_drone_full_node-2] [INFO] [1789407984.045487404] [fsm_node]:  -- [OPTIMIZER_PHASE_MEMORY] optimizer=exp event=begin call=325 rss_mib=3546.602 swap_mib=0.000 variables=9 pieces=3
[perfect_drone_full_node-2] [INFO] [1789407984.048152210] [fsm_node]:  -- [OPTIMIZER_PHASE_MEMORY] optimizer=exp event=end call=325 duration_ms=2.759 iterations=256 ret=1 rss_mib=3546.602 swap_mib=0.000 rss_delta_mib=0.000
[perfect_drone_full_node-2] [WARN] [1789407984.048162457] [fsm_node]:  -- [ExpOpt] Opt failed, Omg or thr or Pos violation.
[perfect_drone_full_node-2] [WARN] [1789407984.048196108] [fsm_node]:  -- [SUPER] OptimizationExpTrajInPolytopes for new path failed
[perfect_drone_full_node-2] [WARN] [1789407984.048209552] [fsm_node]:  -- [SUPER] in [ReplanOnce]: GenerateExpTrajectory failed, force return
[perfect_drone_full_node-2] [33m -- [MINCO] TrajOpt failed, (unknown)[0m
[perfect_drone_full_node-2] [33m -- [SUPER] Minco exp_traj opt failed.[0m
[perfect_drone_full_node-2] [INFO] [1789407984.077855434] [fsm_node]:  -- [TRAJ_GUARD_COMMIT] phase=ReplanOnce/no_backup gen=112 map=565 samples=41 range=[1.403,1.595] escape=false footprint_egress=false escape_done_tt=-1.000
[perfect_drone_full_node-2]  -- [TRAJ_GUARD_CERT] trigger=main_post status=SAFE gen=111 map=565 map_age=0.106s map_age_limit=0.550s motion_speed=1.982mps samples=24 range=[1.380,1.492] collision_tt=-1.000 ttc=-1.000 p=[0.000,0.000,0.000]
[perfect_drone_full_node-2] [32m -- [Fsm] ReplanOnce succeed.[0m
[perfect_drone_full_node-2]  -- [TRAJ_GUARD_CERT] trigger=poly_publish status=SAFE gen=112 map=565 map_age=0.028s map_age_limit=0.550s motion_speed=1.452mps samples=40 range=[1.403,1.595] collision_tt=-1.000 ttc=-1.000 p=[0.000,0.000,0.000]
[perfect_drone_full_node-2] Publish local map size: 7620
[perfect_drone_full_node-2] [INFO] [1789407984.175870866] [fsm_node]:  -- [OPTIMIZER_PHASE_MEMORY] optimizer=exp event=begin call=326 rss_mib=3546.602 swap_mib=0.000 variables=9 pieces=3
[perfect_drone_full_node-2] [INFO] [1789407984.177418324] [fsm_node]:  -- [OPTIMIZER_PHASE_MEMORY] optimizer=exp event=end call=326 duration_ms=1.599 iterations=143 ret=1 rss_mib=3546.602 swap_mib=0.000 rss_delta_mib=0.000
[perfect_drone_full_node-2]  -- [TRAJ_GUARD_CERT] trigger=main_pre status=SAFE gen=112 map=566 map_age=0.012s map_age_limit=0.550s motion_speed=0.400mps samples=23 range=[1.490,1.595] collision_tt=-1.000 ttc=-1.000 p=[0.000,0.000,0.000]
[perfect_drone_full_node-2] [32m -- [Fsm] Get goal at [0m0.025000000000000 0.025000000000000 1.525000000000000
[perfect_drone_full_node-2] [32m -- [Fsm] Receive click goal at: [0.025000000000000 0.025000000000000 1.525000000000000]; goal yaw: 0.000000000000000 deg[0m
[perfect_drone_full_node-2] Publish local map size: 6575
[perfect_drone_full_node-2]  -- [TRAJ_GUARD_CERT] trigger=main_pre status=SAFE gen=112 map=567 map_age=0.010s map_age_limit=0.550s motion_speed=0.006mps samples=5 range=[1.580,1.595] collision_tt=-1.000 ttc=-1.000 p=[0.000,0.000,0.000]
[perfect_drone_full_node-2] [32m -- [Fsm] Traj finish.[0m
[perfect_drone_full_node-2] [38;2;000;128;000m -- [Fsm]: [PubCmdCallback] change state from [FOLLOW_TRAJ] to [GENERATE_TRAJ].
[perfect_drone_full_node-2] [0mPublish local map size: 6284
[perfect_drone_full_node-2] [INFO] [1789407984.325295835] [fsm_node]:  -- [OPTIMIZER_PHASE_MEMORY] optimizer=backup event=begin call=527 rss_mib=3546.605 swap_mib=0.000 variables=18 pieces=2
[perfect_drone_full_node-2] [INFO] [1789407984.325924626] [fsm_node]:  -- [OPTIMIZER_PHASE_MEMORY] optimizer=backup event=end call=527 duration_ms=0.693 iterations=78 ret=1 rss_mib=3546.605 swap_mib=0.000 rss_delta_mib=0.000
[perfect_drone_full_node-2] [WARN] [1789407984.325936563] [fsm_node]:  -- [BackOpt] Opt failed, Omg or thr or Pos violation.
[perfect_drone_full_node-2] [33m -- [MINCO] TrajOpt failed, (unknown)[0m
[perfect_drone_full_node-2] [33m -- [SUPER] Minco backup_traj opt failed.[0m
[perfect_drone_full_node-2] [INFO] [1789407984.326006627] [fsm_node]:  -- [OPTIMIZER_PHASE_MEMORY] optimizer=backup event=begin call=528 rss_mib=3546.605 swap_mib=0.000 variables=18 pieces=2
[perfect_drone_full_node-2] [INFO] [1789407984.326533094] [fsm_node]:  -- [OPTIMIZER_PHASE_MEMORY] optimizer=backup event=end call=528 duration_ms=0.529 iterations=84 ret=1 rss_mib=3546.605 swap_mib=0.000 rss_delta_mib=0.000
[perfect_drone_full_node-2] [WARN] [1789407984.326540593] [fsm_node]:  -- [BackOpt] Opt failed, Omg or thr or Pos violation.
[perfect_drone_full_node-2] [WARN] [1789407984.326547932] [fsm_node]:  -- [SUPER] OptimizationBakTrajInPolytopes failed, force return
[perfect_drone_full_node-2] [WARN] [1789407984.326557978] [fsm_node]:  -- [SUPER] in [ReplanOnce]: Replan overtime, check parameters, replan dt = 0.18347507.
[perfect_drone_full_node-2] [WARN] [1789407984.326591223] [fsm_node]:  -- [TRAJ_GUARD_RECOVERY_EPISODE_RESET] reason=horizontal_progress progress=6.793m threshold=2.000m prior_local=0 prior_vertical=0 prior_base=0
[perfect_drone_full_node-2] [33m -- [MINCO] TrajOpt failed, (unknown)[0m
[perfect_drone_full_node-2] [33m -- [SUPER] Minco backup_traj opt failed.[0m
[perfect_drone_full_node-2] [INFO] [1789407984.360906588] [fsm_node]:  -- [OPTIMIZER_PHASE_MEMORY] optimizer=exp event=begin call=327 rss_mib=3546.605 swap_mib=0.000 variables=9 pieces=3
[perfect_drone_full_node-2] [INFO] [1789407984.363452661] [fsm_node]:  -- [OPTIMIZER_PHASE_MEMORY] optimizer=exp event=end call=327 duration_ms=2.616 iterations=275 ret=1 rss_mib=3546.605 swap_mib=0.000 rss_delta_mib=0.000
[perfect_drone_full_node-2] [INFO] [1789407984.363511790] [fsm_node]:  -- [SUPER] in [PlanFromRest] GenerateExpTrajectory SUCCESS.
[perfect_drone_full_node-2] Publish local map size: 6273
[perfect_drone_full_node-2] [INFO] [1789407984.511310382] [fsm_node]:  -- [OPTIMIZER_PHASE_MEMORY] optimizer=backup event=begin call=529 rss_mib=3546.605 swap_mib=0.000 variables=18 pieces=2
[perfect_drone_full_node-2] Publish local map size: 6288
[perfect_drone_full_node-2] [INFO] [1789407984.517273413] [fsm_node]:  -- [OPTIMIZER_PHASE_MEMORY] optimizer=backup event=end call=529 duration_ms=6.004 iterations=760 ret=1 rss_mib=3546.605 swap_mib=0.000 rss_delta_mib=0.000
[perfect_drone_full_node-2] [INFO] [1789407984.517377149] [fsm_node]:  -- [OPTIMIZER_PHASE_MEMORY] optimizer=backup event=begin call=530 rss_mib=3546.605 swap_mib=0.000 variables=18 pieces=2
[perfect_drone_full_node-2] [INFO] [1789407984.521365884] [fsm_node]:  -- [OPTIMIZER_PHASE_MEMORY] optimizer=backup event=end call=530 duration_ms=3.977 iterations=500 ret=1 rss_mib=3546.605 swap_mib=0.000 rss_delta_mib=0.000
[perfect_drone_full_node-2] [INFO] [1789407984.521834674] [fsm_node]:  -- [TRAJ_GUARD_COMMIT] phase=PlanFromRest/with_backup gen=113 map=569 samples=266 range=[0.195,1.515] escape=false footprint_egress=false escape_done_tt=-1.000
[perfect_drone_full_node-2]  -- [TRAJ_GUARD_CERT] trigger=poly_publish status=SAFE gen=113 map=569 map_age=0.078s map_age_limit=0.550s motion_speed=0.000mps samples=265 range=[0.195,1.515] collision_tt=-1.000 ttc=-1.000 p=[0.000,0.000,0.000]
[perfect_drone_full_node-2] [38;2;000;128;000m -- [Fsm]: [MainFsmCallback] change state from [GENERATE_TRAJ] to [FOLLOW_TRAJ].
[perfect_drone_full_node-2] [0m -- [TRAJ_GUARD_CERT] trigger=main_pre status=SAFE gen=113 map=570 map_age=0.012s map_age_limit=0.550s motion_speed=1.770mps samples=259 range=[0.228,1.515] collision_tt=-1.000 ttc=-1.000 p=[0.000,0.000,0.000]
[perfect_drone_full_node-2] [32m -- [Fsm 57.085] Current state: FOLLOW_TRAJ[0m
[perfect_drone_full_node-2] Publish local map size: 7779
[perfect_drone_full_node-2] [INFO] [1789407984.642911713] [fsm_node]:  -- [OPTIMIZER_PHASE_MEMORY] optimizer=exp event=begin call=328 rss_mib=3546.605 swap_mib=0.000 variables=9 pieces=3
[perfect_drone_full_node-2] [INFO] [1789407984.645578792] [fsm_node]:  -- [OPTIMIZER_PHASE_MEMORY] optimizer=exp event=end call=328 duration_ms=2.730 iterations=251 ret=1 rss_mib=3546.605 swap_mib=0.000 rss_delta_mib=0.000
[perfect_drone_full_node-2]  -- [TRAJ_GUARD_CERT] trigger=main_pre status=SAFE gen=113 map=571 map_age=0.008s map_age_limit=0.500s motion_speed=3.713mps samples=239 range=[0.328,1.515] collision_tt=-1.000 ttc=-1.000 p=[0.000,0.000,0.000]
[perfect_drone_full_node-2]  -- [MARSIM] Running FPS: 206.088411045102305
[perfect_drone_full_node-2] Publish local map size: 7848
[perfect_drone_full_node-2] [INFO] [1789407984.778106450] [fsm_node]:  -- [OPTIMIZER_PHASE_MEMORY] optimizer=backup event=begin call=531 rss_mib=3546.605 swap_mib=0.000 variables=18 pieces=2
[perfect_drone_full_node-2] [INFO] [1789407984.798486440] [fsm_node]:  -- [OPTIMIZER_PHASE_MEMORY] optimizer=backup event=end call=531 duration_ms=20.455 iterations=1955 ret=1 rss_mib=3546.605 swap_mib=0.000 rss_delta_mib=0.000
[perfect_drone_full_node-2] [INFO] [1789407984.798606461] [fsm_node]:  -- [OPTIMIZER_PHASE_MEMORY] optimizer=backup event=begin call=532 rss_mib=3546.605 swap_mib=0.000 variables=18 pieces=2
[perfect_drone_full_node-2] [INFO] [1789407984.804079533] [fsm_node]:  -- [OPTIMIZER_PHASE_MEMORY] optimizer=backup event=end call=532 duration_ms=5.474 iterations=652 ret=1 rss_mib=3546.605 swap_mib=0.000 rss_delta_mib=0.000
[perfect_drone_full_node-2] [WARN] [1789407984.804125994] [fsm_node]:  -- [SUPER] in [ReplanOnce]: Replan overtime, check parameters, replan dt = 0.198787005.
[perfect_drone_full_node-2]  -- [TRAJ_GUARD_CERT] trigger=main_pre status=SAFE gen=113 map=572 map_age=0.008s map_age_limit=0.500s motion_speed=5.502mps samples=219 range=[0.428,1.515] collision_tt=-1.000 ttc=-1.000 p=[0.000,0.000,0.000]
[perfect_drone_full_node-2] Publish local map size: 7760
[perfect_drone_full_node-2] [INFO] [1789407984.837624079] [fsm_node]:  -- [OPTIMIZER_PHASE_MEMORY] optimizer=exp event=begin call=329 rss_mib=3546.605 swap_mib=0.000 variables=9 pieces=3
[perfect_drone_full_node-2] [INFO] [1789407984.841817595] [fsm_node]:  -- [OPTIMIZER_PHASE_MEMORY] optimizer=exp event=end call=329 duration_ms=4.257 iterations=415 ret=1 rss_mib=3546.605 swap_mib=0.000 rss_delta_mib=0.000
[perfect_drone_full_node-2]  -- [TRAJ_GUARD_CERT] trigger=main_pre status=SAFE gen=113 map=573 map_age=0.015s map_age_limit=0.500s motion_speed=6.685mps samples=197 range=[0.538,1.515] collision_tt=-1.000 ttc=-1.000 p=[0.000,0.000,0.000]
[perfect_drone_full_node-2] Publish local map size: 7410
[perfect_drone_full_node-2] [INFO] [1789407984.985149993] [fsm_node]:  -- [OPTIMIZER_PHASE_MEMORY] optimizer=backup event=begin call=533 rss_mib=3546.605 swap_mib=0.000 variables=18 pieces=2
[perfect_drone_full_node-2] [INFO] [1789407984.989409424] [fsm_node]:  -- [OPTIMIZER_PHASE_MEMORY] optimizer=backup event=end call=533 duration_ms=4.298 iterations=572 ret=1 rss_mib=3546.605 swap_mib=0.000 rss_delta_mib=0.000
[perfect_drone_full_node-2] [INFO] [1789407984.989519584] [fsm_node]:  -- [OPTIMIZER_PHASE_MEMORY] optimizer=backup event=begin call=534 rss_mib=3546.605 swap_mib=0.000 variables=18 pieces=2
[perfect_drone_full_node-2] [INFO] [1789407984.993935912] [fsm_node]:  -- [OPTIMIZER_PHASE_MEMORY] optimizer=backup event=end call=534 duration_ms=4.413 iterations=593 ret=1 rss_mib=3546.605 swap_mib=0.000 rss_delta_mib=0.000
[perfect_drone_full_node-2] [WARN] [1789407984.993985117] [fsm_node]:  -- [SUPER] in [ReplanOnce]: Replan overtime, check parameters, replan dt = 0.189730808.
[perfect_drone_full_node-2]  -- [TRAJ_GUARD_CERT] trigger=main_pre status=SAFE gen=113 map=574 map_age=0.016s map_age_limit=0.500s motion_speed=6.997mps samples=177 range=[0.638,1.515] collision_tt=-1.000 ttc=-1.000 p=[0.000,0.000,0.000]
[perfect_drone_full_node-2] Publish local map size: 7433
[perfect_drone_full_node-2] [INFO] [1789407985.027512795] [fsm_node]:  -- [OPTIMIZER_PHASE_MEMORY] optimizer=exp event=begin call=330 rss_mib=3546.605 swap_mib=0.000 variables=9 pieces=3
[perfect_drone_full_node-2] [INFO] [1789407985.029394030] [fsm_node]:  -- [OPTIMIZER_PHASE_MEMORY] optimizer=exp event=end call=330 duration_ms=1.972 iterations=204 ret=1 rss_mib=3546.605 swap_mib=0.000 rss_delta_mib=0.000
[perfect_drone_full_node-2]  -- [TRAJ_GUARD_CERT] trigger=main_pre status=SAFE gen=113 map=575 map_age=0.016s map_age_limit=0.500s motion_speed=6.948mps samples=157 range=[0.738,1.515] collision_tt=-1.000 ttc=-1.000 p=[0.000,0.000,0.000]
[perfect_drone_full_node-2] Publish local map size: 8212
[perfect_drone_full_node-2] [INFO] [1789407985.167064595] [fsm_node]:  -- [OPTIMIZER_PHASE_MEMORY] optimizer=backup event=begin call=535 rss_mib=3546.605 swap_mib=0.000 variables=22 pieces=2
[perfect_drone_full_node-2] [INFO] [1789407985.168469914] [fsm_node]:  -- [OPTIMIZER_PHASE_MEMORY] optimizer=backup event=end call=535 duration_ms=1.453 iterations=231 ret=1 rss_mib=3546.605 swap_mib=0.000 rss_delta_mib=0.000
[perfect_drone_full_node-2] [INFO] [1789407985.168576110] [fsm_node]:  -- [OPTIMIZER_PHASE_MEMORY] optimizer=backup event=begin call=536 rss_mib=3546.605 swap_mib=0.000 variables=22 pieces=2
[perfect_drone_full_node-2] [INFO] [1789407985.169832881] [fsm_node]:  -- [OPTIMIZER_PHASE_MEMORY] optimizer=backup event=end call=536 duration_ms=1.258 iterations=217 ret=1 rss_mib=3546.605 swap_mib=0.000 rss_delta_mib=0.000
[perfect_drone_full_node-2] [WARN] [1789407985.169872167] [fsm_node]:  -- [SUPER] in [ReplanOnce]: Replan overtime, check parameters, replan dt = 0.175746644.
[perfect_drone_full_node-2]  -- [TRAJ_GUARD_CERT] trigger=main_pre status=SAFE gen=113 map=576 map_age=0.013s map_age_limit=0.500s motion_speed=6.917mps samples=137 range=[0.838,1.515] collision_tt=-1.000 ttc=-1.000 p=[0.000,0.000,0.000]
[perfect_drone_full_node-2] [32m -- [Fsm] Get goal at [0m0.025000000000000 0.025000000000000 1.525000000000000
[perfect_drone_full_node-2] [32m -- [Fsm] Receive click goal at: [0.025000000000000 0.025000000000000 1.525000000000000]; goal yaw: 0.000000000000000 deg[0m
[perfect_drone_full_node-2] [INFO] [1789407985.204002771] [fsm_node]:  -- [OPTIMIZER_PHASE_MEMORY] optimizer=exp event=begin call=331 rss_mib=3546.605 swap_mib=0.000 variables=9 pieces=3
[perfect_drone_full_node-2] [INFO] [1789407985.208071485] [fsm_node]:  -- [OPTIMIZER_PHASE_MEMORY] optimizer=exp event=end call=331 duration_ms=4.126 iterations=383 ret=1 rss_mib=3546.605 swap_mib=0.000 rss_delta_mib=0.000
[perfect_drone_full_node-2] Publish local map size: 7922
[perfect_drone_full_node-2]  -- [TRAJ_GUARD_CERT] trigger=main_pre status=SAFE gen=113 map=577 map_age=0.013s map_age_limit=0.500s motion_speed=6.989mps samples=117 range=[0.938,1.515] collision_tt=-1.000 ttc=-1.000 p=[0.000,0.000,0.000]
[perfect_drone_full_node-2] Publish local map size: 7800
[perfect_drone_full_node-2] [INFO] [1789407985.350950459] [fsm_node]:  -- [OPTIMIZER_PHASE_MEMORY] optimizer=backup event=begin call=537 rss_mib=3546.613 swap_mib=0.000 variables=22 pieces=2
[perfect_drone_full_node-2] [INFO] [1789407985.359916619] [fsm_node]:  -- [OPTIMIZER_PHASE_MEMORY] optimizer=backup event=end call=537 duration_ms=9.014 iterations=944 ret=1 rss_mib=3546.613 swap_mib=0.000 rss_delta_mib=0.000
[perfect_drone_full_node-2] [INFO] [1789407985.360027284] [fsm_node]:  -- [OPTIMIZER_PHASE_MEMORY] optimizer=backup event=begin call=538 rss_mib=3546.613 swap_mib=0.000 variables=22 pieces=2
[perfect_drone_full_node-2] [INFO] [1789407985.361569336] [fsm_node]:  -- [OPTIMIZER_PHASE_MEMORY] optimizer=backup event=end call=538 duration_ms=1.539 iterations=267 ret=1 rss_mib=3546.613 swap_mib=0.000 rss_delta_mib=0.000
[perfect_drone_full_node-2] [WARN] [1789407985.361612377] [fsm_node]:  -- [SUPER] in [ReplanOnce]: Replan overtime, check parameters, replan dt = 0.191580186.
[perfect_drone_full_node-2] [INFO] [1789407985.403509785] [fsm_node]:  -- [OPTIMIZER_PHASE_MEMORY] optimizer=exp event=begin call=332 rss_mib=3546.613 swap_mib=0.000 variables=13 pieces=4
[perfect_drone_full_node-2] [INFO] [1789407985.407222691] [fsm_node]:  -- [OPTIMIZER_PHASE_MEMORY] optimizer=exp event=end call=332 duration_ms=3.792 iterations=282 ret=1 rss_mib=3546.613 swap_mib=0.000 rss_delta_mib=0.000
[perfect_drone_full_node-2]  -- [TRAJ_GUARD_CERT] trigger=main_pre status=SAFE gen=113 map=578 map_age=0.009s map_age_limit=0.500s motion_speed=6.943mps samples=99 range=[1.028,1.515] collision_tt=-1.000 ttc=-1.000 p=[0.000,0.000,0.000]
[perfect_drone_full_node-2] Publish local map size: 8545
[perfect_drone_full_node-2]  -- [TRAJ_GUARD_CERT] trigger=main_pre status=SAFE gen=113 map=579 map_age=0.009s map_age_limit=0.500s motion_speed=6.416mps samples=79 range=[1.128,1.515] collision_tt=-1.000 ttc=-1.000 p=[0.000,0.000,0.000]
[perfect_drone_full_node-2] Publish local map size: 8958
[perfect_drone_full_node-2] [INFO] [1789407985.556327838] [fsm_node]:  -- [OPTIMIZER_PHASE_MEMORY] optimizer=backup event=begin call=539 rss_mib=3546.613 swap_mib=0.000 variables=18 pieces=2
[perfect_drone_full_node-2] [INFO] [1789407985.563174347] [fsm_node]:  -- [OPTIMIZER_PHASE_MEMORY] optimizer=backup event=end call=539 duration_ms=6.923 iterations=806 ret=1 rss_mib=3546.613 swap_mib=0.000 rss_delta_mib=0.000
[perfect_drone_full_node-2] [INFO] [1789407985.563291421] [fsm_node]:  -- [OPTIMIZER_PHASE_MEMORY] optimizer=backup event=begin call=540 rss_mib=3546.613 swap_mib=0.000 variables=18 pieces=2
[perfect_drone_full_node-2] [INFO] [1789407985.569518828] [fsm_node]:  -- [OPTIMIZER_PHASE_MEMORY] optimizer=backup event=end call=540 duration_ms=6.227 iterations=741 ret=1 rss_mib=3546.613 swap_mib=0.000 rss_delta_mib=0.000
[perfect_drone_full_node-2] [WARN] [1789407985.569566880] [fsm_node]:  -- [SUPER] in [ReplanOnce]: Replan overtime, check parameters, replan dt = 0.207821326.
[perfect_drone_full_node-2]  -- [TRAJ_GUARD_CERT] trigger=main_pre status=SAFE gen=113 map=580 map_age=0.014s map_age_limit=0.500s motion_speed=5.016mps samples=57 range=[1.238,1.515] collision_tt=-1.000 ttc=-1.000 p=[0.000,0.000,0.000]
[perfect_drone_full_node-2] [32m -- [Fsm 58.095] Current state: FOLLOW_TRAJ[0m
[perfect_drone_full_node-2] [INFO] [1789407985.606410828] [fsm_node]:  -- [OPTIMIZER_PHASE_MEMORY] optimizer=exp event=begin call=333 rss_mib=3546.613 swap_mib=0.000 variables=13 pieces=4
[perfect_drone_full_node-2] [INFO] [1789407985.609976329] [fsm_node]:  -- [OPTIMIZER_PHASE_MEMORY] optimizer=exp event=end call=333 duration_ms=3.635 iterations=274 ret=1 rss_mib=3546.613 swap_mib=0.000 rss_delta_mib=0.000
[perfect_drone_full_node-2] Publish local map size: 9335
[perfect_drone_full_node-2]  -- [TRAJ_GUARD_CERT] trigger=main_pre status=SAFE gen=113 map=581 map_age=0.008s map_age_limit=0.506s motion_speed=3.375mps samples=39 range=[1.328,1.515] collision_tt=-1.000 ttc=-1.000 p=[0.000,0.000,0.000]
[perfect_drone_full_node-2] Publish local map size: 9698
[perfect_drone_full_node-2] [INFO] [1789407985.764823342] [fsm_node]:  -- [OPTIMIZER_PHASE_MEMORY] optimizer=backup event=begin call=541 rss_mib=3546.617 swap_mib=0.000 variables=18 pieces=2
[perfect_drone_full_node-2] [INFO] [1789407985.766340531] [fsm_node]:  -- [OPTIMIZER_PHASE_MEMORY] optimizer=backup event=end call=541 duration_ms=1.562 iterations=257 ret=1 rss_mib=3546.617 swap_mib=0.000 rss_delta_mib=0.000
[perfect_drone_full_node-2] [INFO] [1789407985.766443765] [fsm_node]:  -- [OPTIMIZER_PHASE_MEMORY] optimizer=backup event=begin call=542 rss_mib=3546.617 swap_mib=0.000 variables=18 pieces=2
[perfect_drone_full_node-2] [INFO] [1789407985.772848369] [fsm_node]:  -- [OPTIMIZER_PHASE_MEMORY] optimizer=backup event=end call=542 duration_ms=6.404 iterations=716 ret=1 rss_mib=3546.617 swap_mib=0.000 rss_delta_mib=0.000
[perfect_drone_full_node-2] [WARN] [1789407985.772891768] [fsm_node]:  -- [SUPER] in [ReplanOnce]: Replan overtime, check parameters, replan dt = 0.20315759.
[perfect_drone_full_node-2] [INFO] [1789407985.773843003] [fsm_node]:  -- [TRAJ_GUARD_COMMIT] phase=ReplanOnce/no_backup gen=114 map=582 samples=39 range=[1.447,1.630] escape=false footprint_egress=false escape_done_tt=-1.000
[perfect_drone_full_node-2]  -- [TRAJ_GUARD_CERT] trigger=main_pre status=SAFE gen=113 map=582 map_age=0.015s map_age_limit=0.550s motion_speed=1.376mps samples=17 range=[1.438,1.515] collision_tt=-1.000 ttc=-1.000 p=[0.000,0.000,0.000]
[perfect_drone_full_node-2] [32m -- [Fsm] ReplanOnce succeed.[0m
[perfect_drone_full_node-2]  -- [TRAJ_GUARD_CERT] trigger=poly_publish status=SAFE gen=114 map=582 map_age=0.023s map_age_limit=0.550s motion_speed=1.224mps samples=38 range=[1.447,1.630] collision_tt=-1.000 ttc=-1.000 p=[0.000,0.000,0.000]
[perfect_drone_full_node-2] Publish local map size: 9477
[perfect_drone_full_node-2] [INFO] [1789407985.828900374] [fsm_node]:  -- [OPTIMIZER_PHASE_MEMORY] optimizer=exp event=begin call=334 rss_mib=3546.617 swap_mib=0.000 variables=9 pieces=3
[perfect_drone_full_node-2] [INFO] [1789407985.831978885] [fsm_node]:  -- [OPTIMIZER_PHASE_MEMORY] optimizer=exp event=end call=334 duration_ms=3.159 iterations=319 ret=1 rss_mib=3546.617 swap_mib=0.000 rss_delta_mib=0.000
[perfect_drone_full_node-2]  -- [TRAJ_GUARD_CERT] trigger=main_pre status=SAFE gen=114 map=583 map_age=0.009s map_age_limit=0.550s motion_speed=0.317mps samples=22 range=[1.528,1.630] collision_tt=-1.000 ttc=-1.000 p=[0.000,0.000,0.000]
[perfect_drone_full_node-2] Publish local map size: 8671
[perfect_drone_full_node-2]  -- [TRAJ_GUARD_CERT] trigger=main_pre status=SAFE gen=114 map=584 map_age=0.009s map_age_limit=0.550s motion_speed=0.001mps samples=2 range=[1.628,1.630] collision_tt=-1.000 ttc=-1.000 p=[0.000,0.000,0.000]
[perfect_drone_full_node-2] [32m -- [Fsm] Traj finish.[0m
[perfect_drone_full_node-2] [INFO] [1789407985.986705388] [fsm_node]:  -- [OPTIMIZER_PHASE_MEMORY] optimizer=backup event=begin call=543 rss_mib=3546.617 swap_mib=0.000 variables=18 pieces=2
[perfect_drone_full_node-2] [INFO] [1789407985.987283477] [fsm_node]:  -- [OPTIMIZER_PHASE_MEMORY] optimizer=backup event=end call=543 duration_ms=0.627 iterations=83 ret=1 rss_mib=3546.617 swap_mib=0.000 rss_delta_mib=0.000
[perfect_drone_full_node-2] [WARN] [1789407985.987291721] [fsm_node]:  -- [BackOpt] Opt failed, Omg or thr or Pos violation.
[perfect_drone_full_node-2] [INFO] [1789407985.987360043] [fsm_node]:  -- [OPTIMIZER_PHASE_MEMORY] optimizer=backup event=begin call=544 rss_mib=3546.617 swap_mib=0.000 variables=18 pieces=2
[perfect_drone_full_node-2] [38;2;000;128;000m -- [Fsm]: [PubCmdCallback] change state from [FOLLOW_TRAJ] to [GENERATE_TRAJ].
[perfect_drone_full_node-2] [0m[33m -- [MINCO] TrajOpt failed, (unknown)[0m
[perfect_drone_full_node-2] [33m -- [SUPER] Minco backup_traj opt failed.[0m
[perfect_drone_full_node-2] [INFO] [1789407985.987874985] [fsm_node]:  -- [OPTIMIZER_PHASE_MEMORY] optimizer=backup event=end call=544 duration_ms=0.516 iterations=80 ret=1 rss_mib=3546.617 swap_mib=0.000 rss_delta_mib=0.000
[perfect_drone_full_node-2] [WARN] [1789407985.987882741] [fsm_node]:  -- [BackOpt] Opt failed, Omg or thr or Pos violation.
[perfect_drone_full_node-2] [WARN] [1789407985.987892054] [fsm_node]:  -- [SUPER] OptimizationBakTrajInPolytopes failed, force return
[perfect_drone_full_node-2] [WARN] [1789407985.987903334] [fsm_node]:  -- [SUPER] in [ReplanOnce]: Replan overtime, check parameters, replan dt = 0.194799808.
[perfect_drone_full_node-2] [WARN] [1789407985.987936197] [fsm_node]:  -- [TRAJ_GUARD_RECOVERY_EPISODE_RESET] reason=horizontal_progress progress=6.859m threshold=2.000m prior_local=0 prior_vertical=0 prior_base=0
[perfect_drone_full_node-2] [33m -- [MINCO] TrajOpt failed, (unknown)[0m
[perfect_drone_full_node-2] [33m -- [SUPER] Minco backup_traj opt failed.[0m
[perfect_drone_full_node-2] Publish local map size: 8444
[perfect_drone_full_node-2] [INFO] [1789407986.026792981] [fsm_node]:  -- [OPTIMIZER_PHASE_MEMORY] optimizer=exp event=begin call=335 rss_mib=3546.617 swap_mib=0.000 variables=13 pieces=4
[perfect_drone_full_node-2] [INFO] [1789407986.028841003] [fsm_node]:  -- [OPTIMIZER_PHASE_MEMORY] optimizer=exp event=end call=335 duration_ms=2.123 iterations=165 ret=1 rss_mib=3546.617 swap_mib=0.000 rss_delta_mib=0.000
[perfect_drone_full_node-2] [INFO] [1789407986.028910356] [fsm_node]:  -- [SUPER] in [PlanFromRest] GenerateExpTrajectory SUCCESS.
[perfect_drone_full_node-2] Publish local map size: 8449
[perfect_drone_full_node-2] [INFO] [1789407986.184065347] [fsm_node]:  -- [OPTIMIZER_PHASE_MEMORY] optimizer=backup event=begin call=545 rss_mib=3546.617 swap_mib=0.000 variables=18 pieces=2
[perfect_drone_full_node-2] [INFO] [1789407986.198649564] [fsm_node]:  -- [OPTIMIZER_PHASE_MEMORY] optimizer=backup event=end call=545 duration_ms=14.585 iterations=1485 ret=1 rss_mib=3546.617 swap_mib=0.000 rss_delta_mib=0.000
[perfect_drone_full_node-2] [INFO] [1789407986.198792957] [fsm_node]:  -- [OPTIMIZER_PHASE_MEMORY] optimizer=backup event=begin call=546 rss_mib=3546.617 swap_mib=0.000 variables=18 pieces=2
[perfect_drone_full_node-2] Publish local map size: 8413
[perfect_drone_full_node-2] [INFO] [1789407986.226928889] [fsm_node]:  -- [OPTIMIZER_PHASE_MEMORY] optimizer=backup event=end call=546 duration_ms=28.120 iterations=2563 ret=1 rss_mib=3546.617 swap_mib=0.000 rss_delta_mib=0.000
[perfect_drone_full_node-2] [INFO] [1789407986.227453408] [fsm_node]:  -- [TRAJ_GUARD_COMMIT] phase=PlanFromRest/with_backup gen=115 map=586 samples=255 range=[0.239,1.501] escape=false footprint_egress=false escape_done_tt=-1.000
[perfect_drone_full_node-2]  -- [TRAJ_GUARD_CERT] trigger=poly_publish status=SAFE gen=115 map=586 map_age=0.084s map_age_limit=0.550s motion_speed=0.000mps samples=254 range=[0.240,1.501] collision_tt=-1.000 ttc=-1.000 p=[0.000,0.000,0.000]
[perfect_drone_full_node-2] [38;2;000;128;000m -- [Fsm]: [MainFsmCallback] change state from [GENERATE_TRAJ] to [FOLLOW_TRAJ].
[perfect_drone_full_node-2] [0m[32m -- [Fsm] Get goal at [0m0.025000000000000 0.025000000000000 1.525000000000000
[perfect_drone_full_node-2] [32m -- [Fsm] Receive click goal at: [0.025000000000000 0.025000000000000 1.525000000000000]; goal yaw: 0.000000000000000 deg[0m
[perfect_drone_full_node-2]  -- [TRAJ_GUARD_CERT] trigger=main_pre status=SAFE gen=115 map=587 map_age=0.013s map_age_limit=0.531s motion_speed=2.870mps samples=248 range=[0.267,1.501] collision_tt=-1.000 ttc=-1.000 p=[0.000,0.000,0.000]
[perfect_drone_full_node-2] Publish local map size: 9630
[perfect_drone_full_node-2] [INFO] [1789407986.359162013] [fsm_node]:  -- [OPTIMIZER_PHASE_MEMORY] optimizer=exp event=begin call=336 rss_mib=3546.617 swap_mib=0.000 variables=9 pieces=3
[perfect_drone_full_node-2] [INFO] [1789407986.362171136] [fsm_node]:  -- [OPTIMIZER_PHASE_MEMORY] optimizer=exp event=end call=336 duration_ms=3.083 iterations=300 ret=1 rss_mib=3546.617 swap_mib=0.000 rss_delta_mib=0.000
[perfect_drone_full_node-2]  -- [TRAJ_GUARD_CERT] trigger=main_pre status=SAFE gen=115 map=588 map_age=0.009s map_age_limit=0.500s motion_speed=4.867mps samples=226 range=[0.377,1.501] collision_tt=-1.000 ttc=-1.000 p=[0.000,0.000,0.000]
[perfect_drone_full_node-2] Publish local map size: 9991
[perfect_drone_full_node-2]  -- [TRAJ_GUARD_CERT] trigger=main_pre status=SAFE gen=115 map=589 map_age=0.015s map_age_limit=0.500s motion_speed=6.086mps samples=206 range=[0.477,1.501] collision_tt=-1.000 ttc=-1.000 p=[0.000,0.000,0.000]
[perfect_drone_full_node-2] Publish local map size: 9766
[perfect_drone_full_node-2] [INFO] [1789407986.513931507] [fsm_node]:  -- [OPTIMIZER_PHASE_MEMORY] optimizer=backup event=begin call=547 rss_mib=3546.621 swap_mib=0.000 variables=18 pieces=2
[perfect_drone_full_node-2] [INFO] [1789407986.516990775] [fsm_node]:  -- [OPTIMIZER_PHASE_MEMORY] optimizer=backup event=end call=547 duration_ms=3.135 iterations=490 ret=1 rss_mib=3546.621 swap_mib=0.000 rss_delta_mib=0.000
[perfect_drone_full_node-2] [INFO] [1789407986.517094678] [fsm_node]:  -- [OPTIMIZER_PHASE_MEMORY] optimizer=backup event=begin call=548 rss_mib=3546.621 swap_mib=0.000 variables=18 pieces=2
[perfect_drone_full_node-2] [INFO] [1789407986.521546421] [fsm_node]:  -- [OPTIMIZER_PHASE_MEMORY] optimizer=backup event=end call=548 duration_ms=4.451 iterations=576 ret=1 rss_mib=3546.621 swap_mib=0.000 rss_delta_mib=0.000
[perfect_drone_full_node-2] [WARN] [1789407986.521597876] [fsm_node]:  -- [SUPER] in [ReplanOnce]: Replan overtime, check parameters, replan dt = 0.200427282.
[perfect_drone_full_node-2] [INFO] [1789407986.559598229] [fsm_node]:  -- [OPTIMIZER_PHASE_MEMORY] optimizer=exp event=begin call=337 rss_mib=3546.621 swap_mib=0.000 variables=9 pieces=3
[perfect_drone_full_node-2] [INFO] [1789407986.562496662] [fsm_node]:  -- [OPTIMIZER_PHASE_MEMORY] optimizer=exp event=end call=337 duration_ms=2.960 iterations=289 ret=1 rss_mib=3546.621 swap_mib=0.000 rss_delta_mib=0.000
[perfect_drone_full_node-2]  -- [TRAJ_GUARD_CERT] trigger=main_pre status=SAFE gen=115 map=590 map_age=0.007s map_age_limit=0.500s motion_speed=6.683mps samples=188 range=[0.567,1.501] collision_tt=-1.000 ttc=-1.000 p=[0.000,0.000,0.000]
[perfect_drone_full_node-2] Publish local map size: 8115
[perfect_drone_full_node-2] [32m -- [Fsm 59.105] Current state: FOLLOW_TRAJ[0m
[perfect_drone_full_node-2] [INFO] [1789407986.710820826] [fsm_node]:  -- [OPTIMIZER_PHASE_MEMORY] optimizer=backup event=begin call=549 rss_mib=3546.621 swap_mib=0.000 variables=18 pieces=2
[perfect_drone_full_node-2]  -- [TRAJ_GUARD_CERT] trigger=main_pre status=SAFE gen=115 map=591 map_age=0.007s map_age_limit=0.500s motion_speed=6.949mps samples=168 range=[0.667,1.501] collision_tt=-1.000 ttc=-1.000 p=[0.000,0.000,0.000]
[perfect_drone_full_node-2]  -- [MARSIM] Running FPS: 197.898
[perfect_drone_full_node-2] Publish local map size: 8069
[perfect_drone_full_node-2] [INFO] [1789407986.714975588] [fsm_node]:  -- [OPTIMIZER_PHASE_MEMORY] optimizer=backup event=end call=549 duration_ms=4.203 iterations=691 ret=1 rss_mib=3546.621 swap_mib=0.000 rss_delta_mib=0.000
[perfect_drone_full_node-2] [INFO] [1789407986.715086913] [fsm_node]:  -- [OPTIMIZER_PHASE_MEMORY] optimizer=backup event=begin call=550 rss_mib=3546.621 swap_mib=0.000 variables=18 pieces=2
[perfect_drone_full_node-2] [INFO] [1789407986.716111166] [fsm_node]:  -- [OPTIMIZER_PHASE_MEMORY] optimizer=backup event=end call=550 duration_ms=1.025 iterations=177 ret=1 rss_mib=3546.621 swap_mib=0.000 rss_delta_mib=0.000
[perfect_drone_full_node-2] [WARN] [1789407986.716149148] [fsm_node]:  -- [SUPER] in [ReplanOnce]: Replan overtime, check parameters, replan dt = 0.194361421.
[perfect_drone_full_node-2] [INFO] [1789407986.757391104] [fsm_node]:  -- [OPTIMIZER_PHASE_MEMORY] optimizer=exp event=begin call=338 rss_mib=3546.621 swap_mib=0.000 variables=9 pieces=3
[perfect_drone_full_node-2] [INFO] [1789407986.759676239] [fsm_node]:  -- [OPTIMIZER_PHASE_MEMORY] optimizer=exp event=end call=338 duration_ms=2.360 iterations=230 ret=1 rss_mib=3546.621 swap_mib=0.000 rss_delta_mib=0.000
[perfect_drone_full_node-2]  -- [TRAJ_GUARD_CERT] trigger=main_pre status=SAFE gen=115 map=592 map_age=0.015s map_age_limit=0.500s motion_speed=6.999mps samples=146 range=[0.777,1.501] collision_tt=-1.000 ttc=-1.000 p=[0.000,0.000,0.000]
[perfect_drone_full_node-2] Publish local map size: 8505
[perfect_drone_full_node-2] [INFO] [1789407986.905091233] [fsm_node]:  -- [OPTIMIZER_PHASE_MEMORY] optimizer=backup event=begin call=551 rss_mib=3547.223 swap_mib=0.000 variables=18 pieces=2
[perfect_drone_full_node-2] [INFO] [1789407986.908075464] [fsm_node]:  -- [OPTIMIZER_PHASE_MEMORY] optimizer=backup event=end call=551 duration_ms=3.028 iterations=418 ret=1 rss_mib=3547.223 swap_mib=0.000 rss_delta_mib=0.000
[perfect_drone_full_node-2] [INFO] [1789407986.908172660] [fsm_node]:  -- [OPTIMIZER_PHASE_MEMORY] optimizer=backup event=begin call=552 rss_mib=3547.223 swap_mib=0.000 variables=18 pieces=2
[perfect_drone_full_node-2] [INFO] [1789407986.908644105] [fsm_node]:  -- [OPTIMIZER_PHASE_MEMORY] optimizer=backup event=end call=552 duration_ms=0.472 iterations=76 ret=1 rss_mib=3547.223 swap_mib=0.000 rss_delta_mib=0.000
[perfect_drone_full_node-2] [WARN] [1789407986.908682225] [fsm_node]:  -- [SUPER] in [ReplanOnce]: Replan overtime, check parameters, replan dt = 0.192374617.
[perfect_drone_full_node-2]  -- [TRAJ_GUARD_CERT] trigger=main_pre status=SAFE gen=115 map=593 map_age=0.018s map_age_limit=0.500s motion_speed=6.987mps samples=124 range=[0.887,1.501] collision_tt=-1.000 ttc=-1.000 p=[0.000,0.000,0.000]
[perfect_drone_full_node-2] Publish local map size: 8725
[perfect_drone_full_node-2] [INFO] [1789407986.948184356] [fsm_node]:  -- [OPTIMIZER_PHASE_MEMORY] optimizer=exp event=begin call=339 rss_mib=3547.488 swap_mib=0.000 variables=9 pieces=3
[perfect_drone_full_node-2] [INFO] [1789407986.949919489] [fsm_node]:  -- [OPTIMIZER_PHASE_MEMORY] optimizer=exp event=end call=339 duration_ms=1.816 iterations=181 ret=1 rss_mib=3547.488 swap_mib=0.000 rss_delta_mib=0.000
[perfect_drone_full_node-2]  -- [TRAJ_GUARD_CERT] trigger=main_pre status=SAFE gen=115 map=594 map_age=0.014s map_age_limit=0.500s motion_speed=6.851mps samples=104 range=[0.987,1.501] collision_tt=-1.000 ttc=-1.000 p=[0.000,0.000,0.000]
[perfect_drone_full_node-2] Publish local map size: 10063
[perfect_drone_full_node-2] [INFO] [1789407987.095386155] [fsm_node]:  -- [OPTIMIZER_PHASE_MEMORY] optimizer=backup event=begin call=553 rss_mib=3547.488 swap_mib=0.000 variables=18 pieces=2
[perfect_drone_full_node-2] [INFO] [1789407987.102745150] [fsm_node]:  -- [OPTIMIZER_PHASE_MEMORY] optimizer=backup event=end call=553 duration_ms=7.404 iterations=1038 ret=1 rss_mib=3547.488 swap_mib=0.000 rss_delta_mib=0.000
[perfect_drone_full_node-2] [INFO] [1789407987.102849325] [fsm_node]:  -- [OPTIMIZER_PHASE_MEMORY] optimizer=backup event=begin call=554 rss_mib=3547.488 swap_mib=0.000 variables=18 pieces=2
[perfect_drone_full_node-2] [INFO] [1789407987.105350676] [fsm_node]:  -- [OPTIMIZER_PHASE_MEMORY] optimizer=backup event=end call=554 duration_ms=2.502 iterations=388 ret=1 rss_mib=3547.488 swap_mib=0.000 rss_delta_mib=0.000
[perfect_drone_full_node-2] [WARN] [1789407987.105388669] [fsm_node]:  -- [SUPER] in [ReplanOnce]: Replan overtime, check parameters, replan dt = 0.196509161.
[perfect_drone_full_node-2]  -- [TRAJ_GUARD_CERT] trigger=main_pre status=SAFE gen=115 map=595 map_age=0.015s map_age_limit=0.500s motion_speed=6.404mps samples=84 range=[1.087,1.501] collision_tt=-1.000 ttc=-1.000 p=[0.000,0.000,0.000]
[perfect_drone_full_node-2] Publish local map size: 11729
[perfect_drone_full_node-2] [INFO] [1789407987.146673985] [fsm_node]:  -- [OPTIMIZER_PHASE_MEMORY] optimizer=exp event=begin call=340 rss_mib=3547.551 swap_mib=0.000 variables=9 pieces=3
[perfect_drone_full_node-2] [INFO] [1789407987.149392938] [fsm_node]:  -- [OPTIMIZER_PHASE_MEMORY] optimizer=exp event=end call=340 duration_ms=2.778 iterations=258 ret=1 rss_mib=3547.551 swap_mib=0.000 rss_delta_mib=0.000
[perfect_drone_full_node-2]  -- [TRAJ_GUARD_CERT] trigger=main_pre status=SAFE gen=115 map=596 map_age=0.014s map_age_limit=0.500s motion_speed=5.436mps samples=64 range=[1.187,1.501] collision_tt=-1.000 ttc=-1.000 p=[0.000,0.000,0.000]
[perfect_drone_full_node-2] [32m -- [Fsm] Get goal at [0m0.025000000000000 0.025000000000000 1.525000000000000
[perfect_drone_full_node-2] [32m -- [Fsm] Receive click goal at: [0.025000000000000 0.025000000000000 1.525000000000000]; goal yaw: 0.000000000000000 deg[0m
[perfect_drone_full_node-2] Publish local map size: 10803
[perfect_drone_full_node-2]  -- [TRAJ_GUARD_CERT] trigger=main_pre status=SAFE gen=115 map=597 map_age=0.012s map_age_limit=0.500s motion_speed=4.011mps samples=46 range=[1.277,1.501] collision_tt=-1.000 ttc=-1.000 p=[0.000,0.000,0.000]
[perfect_drone_full_node-2] Publish local map size: 10073
[perfect_drone_full_node-2] [INFO] [1789407987.314520186] [fsm_node]:  -- [OPTIMIZER_PHASE_MEMORY] optimizer=backup event=begin call=555 rss_mib=3547.555 swap_mib=0.000 variables=26 pieces=2
[perfect_drone_full_node-2] [INFO] [1789407987.320283487] [fsm_node]:  -- [OPTIMIZER_PHASE_MEMORY] optimizer=backup event=end call=555 duration_ms=5.839 iterations=791 ret=1 rss_mib=3547.555 swap_mib=0.000 rss_delta_mib=0.000
[perfect_drone_full_node-2] [INFO] [1789407987.320424473] [fsm_node]:  -- [OPTIMIZER_PHASE_MEMORY] optimizer=backup event=begin call=556 rss_mib=3547.555 swap_mib=0.000 variables=26 pieces=2
[perfect_drone_full_node-2] [INFO] [1789407987.323782346] [fsm_node]:  -- [OPTIMIZER_PHASE_MEMORY] optimizer=backup event=end call=556 duration_ms=3.360 iterations=478 ret=1 rss_mib=3547.555 swap_mib=0.000 rss_delta_mib=0.000
[perfect_drone_full_node-2] [WARN] [1789407987.323828610] [fsm_node]:  -- [SUPER] in [ReplanOnce]: Replan overtime, check parameters, replan dt = 0.218284814.
[perfect_drone_full_node-2] [INFO] [1789407987.364299400] [fsm_node]:  -- [OPTIMIZER_PHASE_MEMORY] optimizer=exp event=begin call=341 rss_mib=3547.555 swap_mib=0.000 variables=13 pieces=4
[perfect_drone_full_node-2] [INFO] [1789407987.368752718] [fsm_node]:  -- [OPTIMIZER_PHASE_MEMORY] optimizer=exp event=end call=341 duration_ms=4.516 iterations=320 ret=1 rss_mib=3547.555 swap_mib=0.000 rss_delta_mib=0.000
[perfect_drone_full_node-2] [WARN] [1789407987.368763734] [fsm_node]:  -- [ExpOpt] Opt failed, Omg or thr or Pos violation.
[perfect_drone_full_node-2] [WARN] [1789407987.368794355] [fsm_node]:  -- [SUPER] OptimizationExpTrajInPolytopes for new path failed
[perfect_drone_full_node-2] [WARN] [1789407987.368805887] [fsm_node]:  -- [SUPER] in [ReplanOnce]: GenerateExpTrajectory failed, force return
[perfect_drone_full_node-2]  -- [TRAJ_GUARD_CERT] trigger=main_pre status=SAFE gen=115 map=598 map_age=0.010s map_age_limit=0.550s motion_speed=2.075mps samples=26 range=[1.377,1.501] collision_tt=-1.000 ttc=-1.000 p=[0.000,0.000,0.000]
[perfect_drone_full_node-2] [33m -- [MINCO] TrajOpt failed, (unknown)[0m
[perfect_drone_full_node-2] [33m -- [SUPER] Minco exp_traj opt failed.[0m
[perfect_drone_full_node-2] Publish local map size: 9686
[perfect_drone_full_node-2] [INFO] [1789407987.419255271] [fsm_node]:  -- [OPTIMIZER_PHASE_MEMORY] optimizer=exp event=begin call=342 rss_mib=3547.555 swap_mib=0.000 variables=13 pieces=4
[perfect_drone_full_node-2] [INFO] [1789407987.424600662] [fsm_node]:  -- [OPTIMIZER_PHASE_MEMORY] optimizer=exp event=end call=342 duration_ms=5.424 iterations=389 ret=1 rss_mib=3547.555 swap_mib=0.000 rss_delta_mib=0.000
[perfect_drone_full_node-2] [WARN] [1789407987.424610079] [fsm_node]:  -- [ExpOpt] Opt failed, Omg or thr or Pos violation.
[perfect_drone_full_node-2] [WARN] [1789407987.424642791] [fsm_node]:  -- [SUPER] OptimizationExpTrajInPolytopes for new path failed
[perfect_drone_full_node-2] [WARN] [1789407987.424654974] [fsm_node]:  -- [SUPER] in [ReplanOnce]: GenerateExpTrajectory failed, force return
[perfect_drone_full_node-2] [33m -- [MINCO] TrajOpt failed, (unknown)[0m
[perfect_drone_full_node-2] [33m -- [SUPER] Minco exp_traj opt failed.[0m
[perfect_drone_full_node-2] [INFO] [1789407987.443740856] [fsm_node]:  -- [TRAJ_GUARD_COMMIT] phase=ReplanOnce/no_backup gen=116 map=598 samples=29 range=[1.456,1.588] escape=false footprint_egress=false escape_done_tt=-1.000
[perfect_drone_full_node-2] [32m -- [Fsm] ReplanOnce succeed.[0m
[perfect_drone_full_node-2] [INFO] [1789407987.509797126] [fsm_node]:  -- [TRAJ_GUARD_COMMIT] phase=ReplanOnce/no_backup gen=117 map=599 samples=16 range=[1.522,1.588] escape=false footprint_egress=false escape_done_tt=-1.000
[perfect_drone_full_node-2]  -- [TRAJ_GUARD_CERT] trigger=poly_publish status=SAFE gen=116 map=598 map_age=0.089s map_age_limit=0.550s motion_speed=0.744mps samples=28 range=[1.456,1.588] collision_tt=-1.000 ttc=-1.000 p=[0.000,0.000,0.000]
[perfect_drone_full_node-2]  -- [TRAJ_GUARD_CERT] trigger=main_pre status=SAFE gen=116 map=599 map_age=0.011s map_age_limit=0.550s motion_speed=0.519mps samples=24 range=[1.477,1.588] collision_tt=-1.000 ttc=-1.000 p=[0.000,0.000,0.000]
[perfect_drone_full_node-2] [32m -- [Fsm] ReplanOnce succeed.[0m
[perfect_drone_full_node-2]  -- [TRAJ_GUARD_CERT] trigger=poly_publish status=SAFE gen=117 map=599 map_age=0.056s map_age_limit=0.550s motion_speed=0.127mps samples=15 range=[1.522,1.588] collision_tt=-1.000 ttc=-1.000 p=[0.000,0.000,0.000]
[perfect_drone_full_node-2] Publish local map size: 8648
[perfect_drone_full_node-2] [INFO] [1789407987.514078180] [perfect_tracking]: [SENSOR_CADENCE_SUMMARY] frames=600 span_s=59.897886 hz=10.000353 raw_published=0 direct_handoffs=600 payload_bytes=288532448 side_entry_v1_enabled=0 side_entry_v1_spawned=0 side_entry_v1_injected_frames=0
[perfect_drone_full_node-2] [INFO] [1789407987.514161762] [perfect_tracking]: [SENSOR_BURST_DROPOUT_SUMMARY] enabled=0 warmup_s=1.000000 period_s=2.000000 duration_s=0.500000 phase_s=0.000000 phase_env_override=0 rendered=600 delivered=600 dropped=0 bursts=0 max_consecutive_dropped=0 max_delivered_gap_s=0.102250 dropped_payload_bytes=0
[perfect_drone_full_node-2]  -- [TRAJ_GUARD_CERT] trigger=main_pre status=SAFE gen=117 map=600 map_age=0.013s map_age_limit=0.550s motion_speed=0.004mps samples=4 range=[1.577,1.588] collision_tt=-1.000 ttc=-1.000 p=[0.000,0.000,0.000]
[perfect_drone_full_node-2] [32m -- [Fsm] ReplanOnce succeed.[0m
[perfect_drone_full_node-2] [32m -- [Fsm] Traj finish.[0m
[perfect_drone_full_node-2] [WARN] [1789407987.595090817] [fsm_node]:  -- [TRAJ_GUARD_RECOVERY_EPISODE_RESET] reason=horizontal_progress progress=6.721m threshold=2.000m prior_local=0 prior_vertical=0 prior_base=0
[perfect_drone_full_node-2] [38;2;000;128;000m -- [Fsm]: [PubCmdCallback] change state from [FOLLOW_TRAJ] to [GENERATE_TRAJ].
[perfect_drone_full_node-2] [0mPublish local map size: 8309
[perfect_drone_full_node-2] [INFO] [1789407987.640758558] [fsm_node]:  -- [OPTIMIZER_PHASE_MEMORY] optimizer=exp event=begin call=343 rss_mib=3547.555 swap_mib=0.000 variables=13 pieces=4
[perfect_drone_full_node-2] [INFO] [1789407987.646564951] [fsm_node]:  -- [OPTIMIZER_PHASE_MEMORY] optimizer=exp event=end call=343 duration_ms=5.858 iterations=454 ret=1 rss_mib=3547.555 swap_mib=0.000 rss_delta_mib=0.000
[perfect_drone_full_node-2] [INFO] [1789407987.646641072] [fsm_node]:  -- [SUPER] in [PlanFromRest] GenerateExpTrajectory SUCCESS.
[perfect_drone_full_node-2] Publish local map size: 8261
[perfect_drone_full_node-2] [INFO] [1789407987.797885962] [fsm_node]:  -- [OPTIMIZER_PHASE_MEMORY] optimizer=backup event=begin call=557 rss_mib=3547.555 swap_mib=0.000 variables=26 pieces=2
[perfect_drone_full_node-2] Publish local map size: 8277
[perfect_drone_full_node-2] [INFO] [1789407987.815815547] [fsm_node]:  -- [OPTIMIZER_PHASE_MEMORY] optimizer=backup event=end call=557 duration_ms=17.950 iterations=1676 ret=1 rss_mib=3547.555 swap_mib=0.000 rss_delta_mib=0.000
[perfect_drone_full_node-2] [INFO] [1789407987.815931496] [fsm_node]:  -- [OPTIMIZER_PHASE_MEMORY] optimizer=backup event=begin call=558 rss_mib=3547.555 swap_mib=0.000 variables=26 pieces=2
[perfect_drone_full_node-2] [INFO] [1789407987.841445582] [fsm_node]:  -- [OPTIMIZER_PHASE_MEMORY] optimizer=backup event=end call=558 duration_ms=25.493 iterations=2243 ret=1 rss_mib=3547.555 swap_mib=0.000 rss_delta_mib=0.000
[perfect_drone_full_node-2] [INFO] [1789407987.841926515] [fsm_node]:  -- [TRAJ_GUARD_COMMIT] phase=PlanFromRest/with_backup gen=118 map=602 samples=262 range=[0.246,1.545] escape=false footprint_egress=false escape_done_tt=-1.000
[perfect_drone_full_node-2]  -- [TRAJ_GUARD_CERT] trigger=poly_publish status=SAFE gen=118 map=602 map_age=0.096s map_age_limit=0.550s motion_speed=0.000mps samples=261 range=[0.247,1.545] collision_tt=-1.000 ttc=-1.000 p=[0.000,0.000,0.000]
[perfect_drone_full_node-2] [38;2;000;128;000m -- [Fsm]: [MainFsmCallback] change state from [GENERATE_TRAJ] to [FOLLOW_TRAJ].
[perfect_drone_full_node-2] [0m[32m -- [Fsm 60.332] Current state: FOLLOW_TRAJ[0m
[perfect_drone_full_node-2]  -- [TRAJ_GUARD_CERT] trigger=main_pre status=SAFE gen=118 map=603 map_age=0.009s map_age_limit=0.550s motion_speed=2.449mps samples=259 range=[0.260,1.545] collision_tt=-1.000 ttc=-1.000 p=[0.000,0.000,0.000]
[perfect_drone_full_node-2] Publish local map size: 13113
[perfect_drone_full_node-2] [INFO] [1789407988.009264715] [fsm_node]:  -- [OPTIMIZER_PHASE_MEMORY] optimizer=exp event=begin call=344 rss_mib=3547.598 swap_mib=0.000 variables=9 pieces=3
[perfect_drone_full_node-2] [INFO] [1789407988.012385812] [fsm_node]:  -- [OPTIMIZER_PHASE_MEMORY] optimizer=exp event=end call=344 duration_ms=3.154 iterations=315 ret=1 rss_mib=3547.598 swap_mib=0.000 rss_delta_mib=0.000
[perfect_drone_full_node-2]  -- [TRAJ_GUARD_CERT] trigger=main_pre status=SAFE gen=118 map=604 map_age=0.010s map_age_limit=0.500s motion_speed=4.573mps samples=237 range=[0.370,1.545] collision_tt=-1.000 ttc=-1.000 p=[0.000,0.000,0.000]
[perfect_drone_full_node-2] Publish local map size: 11139
[perfect_drone_full_node-2]  -- [TRAJ_GUARD_CERT] trigger=main_pre status=SAFE gen=118 map=605 map_age=0.009s map_age_limit=0.500s motion_speed=5.983mps samples=217 range=[0.470,1.545] collision_tt=-1.000 ttc=-1.000 p=[0.000,0.000,0.000]
[perfect_drone_full_node-2] Publish local map size: 9586
[perfect_drone_full_node-2] [INFO] [1789407988.160390311] [fsm_node]:  -- [OPTIMIZER_PHASE_MEMORY] optimizer=backup event=begin call=559 rss_mib=3547.598 swap_mib=0.000 variables=18 pieces=2
[perfect_drone_full_node-2] [INFO] [1789407988.162812304] [fsm_node]:  -- [OPTIMIZER_PHASE_MEMORY] optimizer=backup event=end call=559 duration_ms=2.502 iterations=370 ret=1 rss_mib=3547.598 swap_mib=0.000 rss_delta_mib=0.000
[perfect_drone_full_node-2] [INFO] [1789407988.162952107] [fsm_node]:  -- [OPTIMIZER_PHASE_MEMORY] optimizer=backup event=begin call=560 rss_mib=3547.598 swap_mib=0.000 variables=18 pieces=2
[perfect_drone_full_node-2] [INFO] [1789407988.169020337] [fsm_node]:  -- [OPTIMIZER_PHASE_MEMORY] optimizer=backup event=end call=560 duration_ms=6.072 iterations=723 ret=1 rss_mib=3547.598 swap_mib=0.000 rss_delta_mib=0.000
[perfect_drone_full_node-2] [WARN] [1789407988.169059379] [fsm_node]:  -- [SUPER] in [ReplanOnce]: Replan overtime, check parameters, replan dt = 0.197950175.
[perfect_drone_full_node-2]  -- [TRAJ_GUARD_CERT] trigger=main_pre status=SAFE gen=118 map=606 map_age=0.010s map_age_limit=0.500s motion_speed=6.626mps samples=197 range=[0.570,1.545] collision_tt=-1.000 ttc=-1.000 p=[0.000,0.000,0.000]
[perfect_drone_full_node-2] [32m -- [Fsm] Get goal at [0m0.025000000000000 0.025000000000000 1.525000000000000
[perfect_drone_full_node-2] [32m -- [Fsm] Receive click goal at: [0.025000000000000 0.025000000000000 1.525000000000000]; goal yaw: 0.000000000000000 deg[0m
[perfect_drone_full_node-2] [INFO] [1789407988.209801497] [fsm_node]:  -- [OPTIMIZER_PHASE_MEMORY] optimizer=exp event=begin call=345 rss_mib=3547.598 swap_mib=0.000 variables=13 pieces=4
[perfect_drone_full_node-2] Publish local map size: 9163
[perfect_drone_full_node-2] [INFO] [1789407988.224878586] [fsm_node]:  -- [OPTIMIZER_PHASE_MEMORY] optimizer=exp event=end call=345 duration_ms=15.103 iterations=160 ret=1 rss_mib=3547.598 swap_mib=0.000 rss_delta_mib=0.000
[perfect_drone_full_node-2]  -- [TRAJ_GUARD_CERT] trigger=main_pre status=SAFE gen=118 map=607 map_age=0.014s map_age_limit=0.500s motion_speed=6.781mps samples=177 range=[0.670,1.545] collision_tt=-1.000 ttc=-1.000 p=[0.000,0.000,0.000]
[perfect_drone_full_node-2] Publish local map size: 9515
[perfect_drone_full_node-2] [INFO] [1789407988.386020606] [fsm_node]:  -- [OPTIMIZER_PHASE_MEMORY] optimizer=backup event=begin call=561 rss_mib=3547.602 swap_mib=0.000 variables=18 pieces=2
[perfect_drone_full_node-2] [INFO] [1789407988.389278964] [fsm_node]:  -- [OPTIMIZER_PHASE_MEMORY] optimizer=backup event=end call=561 duration_ms=3.316 iterations=518 ret=1 rss_mib=3547.602 swap_mib=0.000 rss_delta_mib=0.000
[perfect_drone_full_node-2] [INFO] [1789407988.389411890] [fsm_node]:  -- [OPTIMIZER_PHASE_MEMORY] optimizer=backup event=begin call=562 rss_mib=3547.602 swap_mib=0.000 variables=18 pieces=2
[perfect_drone_full_node-2] [INFO] [1789407988.391852787] [fsm_node]:  -- [OPTIMIZER_PHASE_MEMORY] optimizer=backup event=end call=562 duration_ms=2.444 iterations=348 ret=1 rss_mib=3547.602 swap_mib=0.000 rss_delta_mib=0.000
[perfect_drone_full_node-2] [WARN] [1789407988.391896624] [fsm_node]:  -- [SUPER] in [ReplanOnce]: Replan overtime, check parameters, replan dt = 0.222752099.
[perfect_drone_full_node-2]  -- [TRAJ_GUARD_CERT] trigger=main_pre status=SAFE gen=118 map=608 map_age=0.012s map_age_limit=0.500s motion_speed=6.877mps samples=157 range=[0.770,1.545] collision_tt=-1.000 ttc=-1.000 p=[0.000,0.000,0.000]
[perfect_drone_full_node-2] Publish local map size: 9975
[perfect_drone_full_node-2] [INFO] [1789407988.437951395] [fsm_node]:  -- [OPTIMIZER_PHASE_MEMORY] optimizer=exp event=begin call=346 rss_mib=3547.602 swap_mib=0.000 variables=13 pieces=4
[perfect_drone_full_node-2] [INFO] [1789407988.443243989] [fsm_node]:  -- [OPTIMIZER_PHASE_MEMORY] optimizer=exp event=end call=346 duration_ms=5.365 iterations=370 ret=1 rss_mib=3547.602 swap_mib=0.000 rss_delta_mib=0.000
[perfect_drone_full_node-2]  -- [TRAJ_GUARD_CERT] trigger=main_pre status=SAFE gen=118 map=609 map_age=0.016s map_age_limit=0.500s motion_speed=6.999mps samples=135 range=[0.880,1.545] collision_tt=-1.000 ttc=-1.000 p=[0.000,0.000,0.000]
[perfect_drone_full_node-2] Publish local map size: 10222
[perfect_drone_full_node-2] [INFO] [1789407988.594365332] [fsm_node]:  -- [OPTIMIZER_PHASE_MEMORY] optimizer=backup event=begin call=563 rss_mib=3547.602 swap_mib=0.000 variables=40 pieces=2
[perfect_drone_full_node-2] [INFO] [1789407988.595785878] [fsm_node]:  -- [OPTIMIZER_PHASE_MEMORY] optimizer=backup event=end call=563 duration_ms=1.476 iterations=160 ret=1 rss_mib=3547.602 swap_mib=0.000 rss_delta_mib=0.000
[perfect_drone_full_node-2] [INFO] [1789407988.595988097] [fsm_node]:  -- [OPTIMIZER_PHASE_MEMORY] optimizer=backup event=begin call=564 rss_mib=3547.602 swap_mib=0.000 variables=40 pieces=2
[perfect_drone_full_node-2] [INFO] [1789407988.597953808] [fsm_node]:  -- [OPTIMIZER_PHASE_MEMORY] optimizer=backup event=end call=564 duration_ms=1.968 iterations=230 ret=1 rss_mib=3547.602 swap_mib=0.000 rss_delta_mib=0.000
[perfect_drone_full_node-2] [WARN] [1789407988.597995050] [fsm_node]:  -- [SUPER] in [ReplanOnce]: Replan overtime, check parameters, replan dt = 0.205935034.
[perfect_drone_full_node-2]  -- [TRAJ_GUARD_CERT] trigger=main_pre status=SAFE gen=118 map=610 map_age=0.012s map_age_limit=0.500s motion_speed=6.908mps samples=115 range=[0.980,1.545] collision_tt=-1.000 ttc=-1.000 p=[0.000,0.000,0.000]
[perfect_drone_full_node-2] Publish local map size: 14210
[perfect_drone_full_node-2] [INFO] [1789407988.636387291] [fsm_node]:  -- [OPTIMIZER_PHASE_MEMORY] optimizer=exp event=begin call=347 rss_mib=3548.070 swap_mib=0.000 variables=13 pieces=4
[perfect_drone_full_node-2] [INFO] [1789407988.644704211] [fsm_node]:  -- [OPTIMIZER_PHASE_MEMORY] optimizer=exp event=end call=347 duration_ms=8.375 iterations=318 ret=1 rss_mib=3548.070 swap_mib=0.000 rss_delta_mib=0.000
[perfect_drone_full_node-2]  -- [TRAJ_GUARD_CERT] trigger=main_pre status=SAFE gen=118 map=611 map_age=0.017s map_age_limit=0.500s motion_speed=6.535mps samples=93 range=[1.090,1.545] collision_tt=-1.000 ttc=-1.000 p=[0.000,0.000,0.000]
[perfect_drone_full_node-2] Publish local map size: 13509
[perfect_drone_full_node-2] [INFO] [1789407988.804848153] [fsm_node]:  -- [OPTIMIZER_PHASE_MEMORY] optimizer=backup event=begin call=565 rss_mib=3548.074 swap_mib=0.000 variables=48 pieces=2
[perfect_drone_full_node-2]  -- [TRAJ_GUARD_CERT] trigger=main_pre status=SAFE gen=118 map=612 map_age=0.014s map_age_limit=0.500s motion_speed=5.980mps samples=75 range=[1.180,1.545] collision_tt=-1.000 ttc=-1.000 p=[0.000,0.000,0.000]
[perfect_drone_full_node-2]  -- [MARSIM] Running FPS: 201.837152518359687
[perfect_drone_full_node-2] Publish local map size: 22846
[perfect_drone_full_node-2] [INFO] [1789407988.821345907] [fsm_node]:  -- [OPTIMIZER_PHASE_MEMORY] optimizer=backup event=end call=565 duration_ms=16.526 iterations=182 ret=1 rss_mib=3548.602 swap_mib=0.000 rss_delta_mib=0.527
[perfect_drone_full_node-2] [INFO] [1789407988.822672995] [fsm_node]:  -- [OPTIMIZER_PHASE_MEMORY] optimizer=backup event=begin call=566 rss_mib=3548.602 swap_mib=0.000 variables=48 pieces=2
[perfect_drone_full_node-2] [INFO] [1789407988.835852772] [fsm_node]:  -- [OPTIMIZER_PHASE_MEMORY] optimizer=backup event=end call=566 duration_ms=13.173 iterations=143 ret=1 rss_mib=3548.602 swap_mib=0.000 rss_delta_mib=0.000
[perfect_drone_full_node-2] [WARN] [1789407988.835911488] [fsm_node]:  -- [SUPER] in [ReplanOnce]: Replan overtime, check parameters, replan dt = 0.237805071.
[perfect_drone_full_node-2] [32m -- [Fsm 61.335] Current state: FOLLOW_TRAJ[0m
[perfect_drone_full_node-2] [INFO] [1789407988.876432592] [fsm_node]:  -- [OPTIMIZER_PHASE_MEMORY] optimizer=exp event=begin call=348 rss_mib=3548.621 swap_mib=0.000 variables=13 pieces=4
[perfect_drone_full_node-2] [INFO] [1789407988.882971352] [fsm_node]:  -- [OPTIMIZER_PHASE_MEMORY] optimizer=exp event=end call=348 duration_ms=6.574 iterations=311 ret=1 rss_mib=3548.621 swap_mib=0.000 rss_delta_mib=0.000
[perfect_drone_full_node-2]  -- [TRAJ_GUARD_CERT] trigger=main_pre status=SAFE gen=118 map=613 map_age=0.012s map_age_limit=0.500s motion_speed=4.823mps samples=55 range=[1.280,1.545] collision_tt=-1.000 ttc=-1.000 p=[0.000,0.000,0.000]
[perfect_drone_full_node-2] Publish local map size: 19840
[perfect_drone_full_node-2] [INFO] [1789407988.996563578] [fsm_node]:  -- [OPTIMIZER_PHASE_MEMORY] optimizer=backup event=begin call=567 rss_mib=3549.594 swap_mib=0.000 variables=46 pieces=2
[perfect_drone_full_node-2] [INFO] [1789407989.000997111] [fsm_node]:  -- [OPTIMIZER_PHASE_MEMORY] optimizer=backup event=end call=567 duration_ms=4.500 iterations=440 ret=1 rss_mib=3549.594 swap_mib=0.000 rss_delta_mib=0.000
[perfect_drone_full_node-2] [INFO] [1789407989.001217915] [fsm_node]:  -- [OPTIMIZER_PHASE_MEMORY] optimizer=backup event=begin call=568 rss_mib=3549.594 swap_mib=0.000 variables=46 pieces=2
[perfect_drone_full_node-2] [INFO] [1789407989.002367945] [fsm_node]:  -- [OPTIMIZER_PHASE_MEMORY] optimizer=backup event=end call=568 duration_ms=1.151 iterations=134 ret=1 rss_mib=3549.594 swap_mib=0.000 rss_delta_mib=0.000
[perfect_drone_full_node-2] [WARN] [1789407989.002418571] [fsm_node]:  -- [SUPER] in [ReplanOnce]: Replan overtime, check parameters, replan dt = 0.166383496.
[perfect_drone_full_node-2]  -- [TRAJ_GUARD_CERT] trigger=main_pre status=SAFE gen=118 map=614 map_age=0.015s map_age_limit=0.524s motion_speed=3.022mps samples=35 range=[1.380,1.545] collision_tt=-1.000 ttc=-1.000 p=[0.000,0.000,0.000]
[perfect_drone_full_node-2] Publish local map size: 18902
[perfect_drone_full_node-2] [INFO] [1789407989.042922817] [fsm_node]:  -- [OPTIMIZER_PHASE_MEMORY] optimizer=exp event=begin call=349 rss_mib=3549.594 swap_mib=0.000 variables=9 pieces=3
[perfect_drone_full_node-2] [INFO] [1789407989.051196746] [fsm_node]:  -- [OPTIMIZER_PHASE_MEMORY] optimizer=exp event=end call=349 duration_ms=8.328 iterations=452 ret=1 rss_mib=3549.594 swap_mib=0.000 rss_delta_mib=0.000
[perfect_drone_full_node-2] [WARN] [1789407989.051221413] [fsm_node]:  -- [ExpOpt] Opt failed, Omg or thr or Pos violation.
[perfect_drone_full_node-2] [WARN] [1789407989.051258156] [fsm_node]:  -- [SUPER] OptimizationExpTrajInPolytopes for new path failed
[perfect_drone_full_node-2] [WARN] [1789407989.051273347] [fsm_node]:  -- [SUPER] in [ReplanOnce]: GenerateExpTrajectory failed, force return
[perfect_drone_full_node-2] [33m -- [MINCO] TrajOpt failed, (unknown)[0m
[perfect_drone_full_node-2] [33m -- [SUPER] Minco exp_traj opt failed.[0m
[perfect_drone_full_node-2] [INFO] [1789407989.051856565] [fsm_node]:  -- [TRAJ_GUARD_COMMIT] phase=ReplanOnce/no_backup gen=119 map=614 samples=38 range=[1.457,1.636] escape=false footprint_egress=false escape_done_tt=-1.000
[perfect_drone_full_node-2] [32m -- [Fsm] ReplanOnce succeed.[0m
[perfect_drone_full_node-2]  -- [TRAJ_GUARD_CERT] trigger=poly_publish status=SAFE gen=119 map=614 map_age=0.092s map_age_limit=0.550s motion_speed=1.486mps samples=37 range=[1.457,1.636] collision_tt=-1.000 ttc=-1.000 p=[0.000,0.000,0.000]
[perfect_drone_full_node-2]  -- [TRAJ_GUARD_CERT] trigger=main_pre status=SAFE gen=119 map=615 map_age=0.015s map_age_limit=0.550s motion_speed=1.153mps samples=33 range=[1.480,1.636] collision_tt=-1.000 ttc=-1.000 p=[0.000,0.000,0.000]
[perfect_drone_full_node-2] Publish local map size: 16557
[perfect_drone_full_node-2] [INFO] [1789407989.133755318] [fsm_node]:  -- [OPTIMIZER_PHASE_MEMORY] optimizer=exp event=begin call=350 rss_mib=3549.594 swap_mib=0.000 variables=9 pieces=3
[perfect_drone_full_node-2] [INFO] [1789407989.140152922] [fsm_node]:  -- [OPTIMIZER_PHASE_MEMORY] optimizer=exp event=end call=350 duration_ms=6.464 iterations=394 ret=1 rss_mib=3549.594 swap_mib=0.000 rss_delta_mib=0.000
[perfect_drone_full_node-2]  -- [TRAJ_GUARD_CERT] trigger=main_pre status=SAFE gen=119 map=616 map_age=0.009s map_age_limit=0.550s motion_speed=0.161mps samples=15 range=[1.570,1.636] collision_tt=-1.000 ttc=-1.000 p=[0.000,0.000,0.000]
[perfect_drone_full_node-2] Publish local map size: 14075
[perfect_drone_full_node-2] [32m -- [Fsm] Get goal at [0m0.025000000000000 0.025000000000000 1.525000000000000
[perfect_drone_full_node-2] [32m -- [Fsm] Receive click goal at: [0.025000000000000 0.025000000000000 1.525000000000000]; goal yaw: 0.000000000000000 deg[0m
[perfect_drone_full_node-2] [INFO] [1789407989.229262351] [fsm_node]:  -- [OPTIMIZER_PHASE_MEMORY] optimizer=backup event=begin call=569 rss_mib=3549.594 swap_mib=0.000 variables=46 pieces=2
[perfect_drone_full_node-2] [32m -- [Fsm] Traj finish.[0m
[perfect_drone_full_node-2] [INFO] [1789407989.272049701] [fsm_node]:  -- [OPTIMIZER_PHASE_MEMORY] optimizer=backup event=end call=569 duration_ms=42.821 iterations=2755 ret=1 rss_mib=3549.594 swap_mib=0.000 rss_delta_mib=0.000
[perfect_drone_full_node-2] [INFO] [1789407989.272274731] [fsm_node]:  -- [OPTIMIZER_PHASE_MEMORY] optimizer=backup event=begin call=570 rss_mib=3549.594 swap_mib=0.000 variables=46 pieces=2
[perfect_drone_full_node-2] [INFO] [1789407989.276161658] [fsm_node]:  -- [OPTIMIZER_PHASE_MEMORY] optimizer=backup event=end call=570 duration_ms=3.888 iterations=402 ret=1 rss_mib=3549.594 swap_mib=0.000 rss_delta_mib=0.000
[perfect_drone_full_node-2] [WARN] [1789407989.276209834] [fsm_node]:  -- [SUPER] in [ReplanOnce]: Replan overtime, check parameters, replan dt = 0.183081974.
[perfect_drone_full_node-2] [WARN] [1789407989.276349698] [fsm_node]:  -- [TRAJ_GUARD_RECOVERY_EPISODE_RESET] reason=horizontal_progress progress=6.788m threshold=2.000m prior_local=0 prior_vertical=0 prior_base=0
[perfect_drone_full_node-2] [38;2;000;128;000m -- [Fsm]: [PubCmdCallback] change state from [FOLLOW_TRAJ] to [GENERATE_TRAJ].
[perfect_drone_full_node-2] [0mPublish local map size: 14084
[perfect_drone_full_node-2] [INFO] [1789407989.315526914] [fsm_node]:  -- [OPTIMIZER_PHASE_MEMORY] optimizer=exp event=begin call=351 rss_mib=3549.594 swap_mib=0.000 variables=9 pieces=3
[perfect_drone_full_node-2] [INFO] [1789407989.320738721] [fsm_node]:  -- [OPTIMIZER_PHASE_MEMORY] optimizer=exp event=end call=351 duration_ms=5.295 iterations=219 ret=1 rss_mib=3549.594 swap_mib=0.000 rss_delta_mib=0.000
[perfect_drone_full_node-2] [INFO] [1789407989.320834172] [fsm_node]:  -- [SUPER] in [PlanFromRest] GenerateExpTrajectory SUCCESS.
[perfect_drone_full_node-2] Publish local map size: 14096
[perfect_drone_full_node-2] [INFO] [1789407989.426257640] [fsm_node]:  -- [OPTIMIZER_PHASE_MEMORY] optimizer=backup event=begin call=571 rss_mib=3550.012 swap_mib=0.000 variables=50 pieces=2
[perfect_drone_full_node-2] [INFO] [1789407989.460311546] [fsm_node]:  -- [OPTIMIZER_PHASE_MEMORY] optimizer=backup event=end call=571 duration_ms=34.062 iterations=616 ret=1 rss_mib=3550.012 swap_mib=0.000 rss_delta_mib=0.000
[perfect_drone_full_node-2] [INFO] [1789407989.460988146] [fsm_node]:  -- [OPTIMIZER_PHASE_MEMORY] optimizer=backup event=begin call=572 rss_mib=3550.012 swap_mib=0.000 variables=50 pieces=2
[perfect_drone_full_node-2] [INFO] [1789407989.480838909] [fsm_node]:  -- [OPTIMIZER_PHASE_MEMORY] optimizer=backup event=end call=572 duration_ms=19.856 iterations=377 ret=1 rss_mib=3550.012 swap_mib=0.000 rss_delta_mib=0.000
[perfect_drone_full_node-2] [INFO] [1789407989.481300610] [fsm_node]:  -- [TRAJ_GUARD_COMMIT] phase=PlanFromRest/with_backup gen=120 map=619 samples=217 range=[0.205,1.276] escape=false footprint_egress=false escape_done_tt=-1.000
[perfect_drone_full_node-2]  -- [TRAJ_GUARD_CERT] trigger=poly_publish status=SAFE gen=120 map=619 map_age=0.030s map_age_limit=0.550s motion_speed=0.000mps samples=216 range=[0.205,1.276] collision_tt=-1.000 ttc=-1.000 p=[0.000,0.000,0.000]
[perfect_drone_full_node-2] [38;2;000;128;000m -- [Fsm]: [MainFsmCallback] change state from [GENERATE_TRAJ] to [FOLLOW_TRAJ].
[perfect_drone_full_node-2] [0mPublish local map size: 20450
[perfect_drone_full_node-2] [INFO] [1789407989.586648572] [fsm_node]:  -- [OPTIMIZER_PHASE_MEMORY] optimizer=exp event=begin call=352 rss_mib=3550.012 swap_mib=0.000 variables=13 pieces=4
[perfect_drone_full_node-2] [INFO] [1789407989.591826758] [fsm_node]:  -- [OPTIMIZER_PHASE_MEMORY] optimizer=exp event=end call=352 duration_ms=5.221 iterations=361 ret=1 rss_mib=3550.012 swap_mib=0.000 rss_delta_mib=0.000
[perfect_drone_full_node-2]  -- [TRAJ_GUARD_CERT] trigger=main_pre status=SAFE gen=120 map=620 map_age=0.007s map_age_limit=0.522s motion_speed=3.055mps samples=199 range=[0.289,1.276] collision_tt=-1.000 ttc=-1.000 p=[0.000,0.000,0.000]
[perfect_drone_full_node-2] Publish local map size: 19616
[perfect_drone_full_node-2]  -- [TRAJ_GUARD_CERT] trigger=main_pre status=SAFE gen=120 map=621 map_age=0.107s map_age_limit=0.500s motion_speed=4.908mps samples=179 range=[0.389,1.276] collision_tt=-1.000 ttc=-1.000 p=[0.000,0.000,0.000]
[perfect_drone_full_node-2] Publish local map size: 18854
[perfect_drone_full_node-2] [INFO] [1789407989.749398709] [fsm_node]:  -- [OPTIMIZER_PHASE_MEMORY] optimizer=backup event=begin call=573 rss_mib=3550.012 swap_mib=0.000 variables=44 pieces=2
[perfect_drone_full_node-2] [INFO] [1789407989.782403434] [fsm_node]:  -- [OPTIMIZER_PHASE_MEMORY] optimizer=backup event=end call=573 duration_ms=33.024 iterations=1246 ret=1 rss_mib=3550.012 swap_mib=0.000 rss_delta_mib=0.000
[perfect_drone_full_node-2] [INFO] [1789407989.782666333] [fsm_node]:  -- [OPTIMIZER_PHASE_MEMORY] optimizer=backup event=begin call=574 rss_mib=3550.012 swap_mib=0.000 variables=44 pieces=2
[perfect_drone_full_node-2]  -- [TRAJ_GUARD_CERT] trigger=main_pre status=SAFE gen=120 map=622 map_age=0.011s map_age_limit=0.500s motion_speed=6.124mps samples=159 range=[0.489,1.276] collision_tt=-1.000 ttc=-1.000 p=[0.000,0.000,0.000]
[perfect_drone_full_node-2] Publish local map size: 21733
[perfect_drone_full_node-2] [INFO] [1789407989.843121924] [fsm_node]:  -- [OPTIMIZER_PHASE_MEMORY] optimizer=backup event=end call=574 duration_ms=60.378 iterations=2177 ret=1 rss_mib=3550.012 swap_mib=0.000 rss_delta_mib=0.000
[perfect_drone_full_node-2] [WARN] [1789407989.843233782] [fsm_node]:  -- [SUPER] in [ReplanOnce]: Replan overtime, check parameters, replan dt = 0.287932009.
[perfect_drone_full_node-2] [32m -- [Fsm 62.335] Current state: FOLLOW_TRAJ[0m
[perfect_drone_full_node-2] [INFO] [1789407989.866369419] [fsm_node]:  -- [OPTIMIZER_PHASE_MEMORY] optimizer=exp event=begin call=353 rss_mib=3550.012 swap_mib=0.000 variables=5 pieces=2
[perfect_drone_full_node-2] [INFO] [1789407989.867874901] [fsm_node]:  -- [OPTIMIZER_PHASE_MEMORY] optimizer=exp event=end call=353 duration_ms=1.566 iterations=219 ret=1 rss_mib=3550.012 swap_mib=0.000 rss_delta_mib=0.000
[perfect_drone_full_node-2]  -- [TRAJ_GUARD_CERT] trigger=main_pre status=SAFE gen=120 map=623 map_age=0.006s map_age_limit=0.500s motion_speed=6.608mps samples=139 range=[0.589,1.276] collision_tt=-1.000 ttc=-1.000 p=[0.000,0.000,0.000]
[perfect_drone_full_node-2] Publish local map size: 27576
[perfect_drone_full_node-2] [WARN] [1789407989.982293179] [fsm_node]:  -- [SUPER] in [ReplanOnce]: Replan overtime, check parameters, replan dt = 0.138907232.
[perfect_drone_full_node-2] [INFO] [1789407989.999920771] [fsm_node]:  -- [OPTIMIZER_PHASE_MEMORY] optimizer=exp event=begin call=354 rss_mib=3550.359 swap_mib=0.000 variables=5 pieces=2
[perfect_drone_full_node-2] [INFO] [1789407990.000391325] [fsm_node]:  -- [OPTIMIZER_PHASE_MEMORY] optimizer=exp event=end call=354 duration_ms=0.532 iterations=51 ret=1 rss_mib=3550.359 swap_mib=0.000 rss_delta_mib=0.000
[perfect_drone_full_node-2]  -- [TRAJ_GUARD_CERT] trigger=main_pre status=SAFE gen=120 map=624 map_age=0.010s map_age_limit=0.500s motion_speed=6.734mps samples=119 range=[0.689,1.276] collision_tt=-1.000 ttc=-1.000 p=[0.000,0.000,0.000]
[perfect_drone_full_node-2] Publish local map size: 27871
[perfect_drone_full_node-2] [WARN] [1789407990.074508378] [fsm_node]:  -- [SUPER] in [ReplanOnce]: Replan overtime, check parameters, replan dt = 0.09206262.
[perfect_drone_full_node-2] [INFO] [1789407990.092629260] [fsm_node]:  -- [OPTIMIZER_PHASE_MEMORY] optimizer=exp event=begin call=355 rss_mib=3550.375 swap_mib=0.000 variables=5 pieces=2
[perfect_drone_full_node-2] [INFO] [1789407990.093174510] [fsm_node]:  -- [OPTIMIZER_PHASE_MEMORY] optimizer=exp event=end call=355 duration_ms=0.613 iterations=75 ret=1 rss_mib=3550.375 swap_mib=0.000 rss_delta_mib=0.000
[perfect_drone_full_node-2]  -- [TRAJ_GUARD_CERT] trigger=main_pre status=SAFE gen=120 map=625 map_age=0.012s map_age_limit=0.500s motion_speed=6.854mps samples=99 range=[0.789,1.276] collision_tt=-1.000 ttc=-1.000 p=[0.000,0.000,0.000]
[perfect_drone_full_node-2] Publish local map size: 25231
[perfect_drone_full_node-2] [INFO] [1789407990.136799602] [fsm_node]:  -- [TRAJ_GUARD_COMMIT] phase=ReplanOnce/no_backup gen=121 map=625 samples=180 range=[0.062,0.952] escape=false footprint_egress=false escape_done_tt=-1.000
[perfect_drone_full_node-2] [32m -- [Fsm] ReplanOnce succeed.[0m
[perfect_drone_full_node-2] [INFO] [1789407990.149013515] [fsm_node]:  -- [OPTIMIZER_PHASE_MEMORY] optimizer=exp event=begin call=356 rss_mib=3550.375 swap_mib=0.000 variables=1 pieces=1
[perfect_drone_full_node-2] [INFO] [1789407990.149377473] [fsm_node]:  -- [OPTIMIZER_PHASE_MEMORY] optimizer=exp event=end call=356 duration_ms=0.439 iterations=92 ret=-1009 rss_mib=3550.375 swap_mib=0.000 rss_delta_mib=0.000
[perfect_drone_full_node-2] [WARN] [1789407990.149417246] [fsm_node]:  -- [SUPER] OptimizationExpTrajInPolytopes for new path failed
[perfect_drone_full_node-2] [WARN] [1789407990.149429366] [fsm_node]:  -- [SUPER] in [ReplanOnce]: GenerateExpTrajectory failed, force return
[perfect_drone_full_node-2]  -- [TRAJ_GUARD_CERT] trigger=poly_publish status=SAFE gen=121 map=625 map_age=0.084s map_age_limit=0.500s motion_speed=6.536mps samples=179 range=[0.062,0.952] collision_tt=-1.000 ttc=-1.000 p=[0.000,0.000,0.000]
[perfect_drone_full_node-2] [33m -- [MINCO] TrajOpt failed, Line search reaches the maximum try number, assumptions not satisfied or precision not achievable.[0m
[perfect_drone_full_node-2] [33m -- [SUPER] Minco exp_traj opt failed.[0m
[perfect_drone_full_node-2] [INFO] [1789407990.160941636] [fsm_node]:  -- [OPTIMIZER_PHASE_MEMORY] optimizer=exp event=begin call=357 rss_mib=3550.375 swap_mib=0.000 variables=1 pieces=1
[perfect_drone_full_node-2] [INFO] [1789407990.161328317] [fsm_node]:  -- [OPTIMIZER_PHASE_MEMORY] optimizer=exp event=end call=357 duration_ms=0.454 iterations=97 ret=-1009 rss_mib=3550.375 swap_mib=0.000 rss_delta_mib=0.000
[perfect_drone_full_node-2] [WARN] [1789407990.161358059] [fsm_node]:  -- [SUPER] OptimizationExpTrajInPolytopes for new path failed
[perfect_drone_full_node-2] [WARN] [1789407990.161369306] [fsm_node]:  -- [SUPER] in [ReplanOnce]: GenerateExpTrajectory failed, force return
[perfect_drone_full_node-2]  -- [TRAJ_GUARD_CERT] trigger=main_pre status=SAFE gen=121 map=626 map_age=0.005s map_age_limit=0.500s motion_speed=6.407mps samples=176 range=[0.080,0.952] collision_tt=-1.000 ttc=-1.000 p=[0.000,0.000,0.000]
[perfect_drone_full_node-2] [33m -- [MINCO] TrajOpt failed, Line search reaches the maximum try number, assumptions not satisfied or precision not achievable.[0m
[perfect_drone_full_node-2] [33m -- [SUPER] Minco exp_traj opt failed.[0m
[perfect_drone_full_node-2] Publish local map size: 30337
[perfect_drone_full_node-2] [32m -- [Fsm] Get goal at [0m0.025000000000000 0.025000000000000 1.525000000000000
[perfect_drone_full_node-2] [32m -- [Fsm] Receive click goal at: [0.025000000000000 0.025000000000000 1.525000000000000]; goal yaw: 0.000000000000000 deg[0m
[perfect_drone_full_node-2] [INFO] [1789407990.228485122] [fsm_node]:  -- [OPTIMIZER_PHASE_MEMORY] optimizer=exp event=begin call=358 rss_mib=3550.527 swap_mib=0.000 variables=1 pieces=1
[perfect_drone_full_node-2] [INFO] [1789407990.228791079] [fsm_node]:  -- [OPTIMIZER_PHASE_MEMORY] optimizer=exp event=end call=358 duration_ms=0.399 iterations=70 ret=1 rss_mib=3550.527 swap_mib=0.000 rss_delta_mib=0.000
[perfect_drone_full_node-2] [INFO] [1789407990.255443233] [fsm_node]:  -- [TRAJ_GUARD_COMMIT] phase=ReplanOnce/no_backup gen=122 map=627 samples=157 range=[0.040,0.813] escape=false footprint_egress=false escape_done_tt=-1.000
[perfect_drone_full_node-2]  -- [TRAJ_GUARD_CERT] trigger=main_pre status=SAFE gen=121 map=627 map_age=0.003s map_age_limit=0.500s motion_speed=4.682mps samples=156 range=[0.180,0.952] collision_tt=-1.000 ttc=-1.000 p=[0.000,0.000,0.000]
[perfect_drone_full_node-2] [32m -- [Fsm] ReplanOnce succeed.[0m
[perfect_drone_full_node-2] [INFO] [1789407990.303567176] [fsm_node]:  -- [TRAJ_GUARD_COMMIT] phase=ReplanOnce/no_backup gen=123 map=627 samples=147 range=[0.088,0.813] escape=false footprint_egress=false escape_done_tt=-1.000
[perfect_drone_full_node-2]  -- [TRAJ_GUARD_CERT] trigger=poly_publish status=SAFE gen=122 map=627 map_age=0.003s map_age_limit=0.500s motion_speed=4.535mps samples=156 range=[0.040,0.813] collision_tt=-1.000 ttc=-1.000 p=[0.000,0.000,0.000]
[perfect_drone_full_node-2] [32m -- [Fsm] ReplanOnce succeed.[0m
[perfect_drone_full_node-2]  -- [TRAJ_GUARD_CERT] trigger=poly_publish status=SAFE gen=123 map=627 map_age=0.052s map_age_limit=0.500s motion_speed=4.111mps samples=146 range=[0.088,0.813] collision_tt=-1.000 ttc=-1.000 p=[0.000,0.000,0.000]
[perfect_drone_full_node-2] Publish local map size: 26850
[perfect_drone_full_node-2] [INFO] [1789407990.366041325] [fsm_node]:  -- [TRAJ_GUARD_COMMIT] phase=ReplanOnce/no_backup gen=124 map=628 samples=135 range=[0.150,0.813] escape=false footprint_egress=false escape_done_tt=-1.000
[perfect_drone_full_node-2]  -- [TRAJ_GUARD_CERT] trigger=main_pre status=SAFE gen=123 map=628 map_age=0.006s map_age_limit=0.500s motion_speed=3.952mps samples=136 range=[0.140,0.813] collision_tt=-1.000 ttc=-1.000 p=[0.000,0.000,0.000]
[perfect_drone_full_node-2] [32m -- [Fsm] ReplanOnce succeed.[0m
[perfect_drone_full_node-2]  -- [TRAJ_GUARD_CERT] trigger=poly_publish status=SAFE gen=124 map=628 map_age=0.017s map_age_limit=0.500s motion_speed=3.992mps samples=134 range=[0.151,0.813] collision_tt=-1.000 ttc=-1.000 p=[0.000,0.000,0.000]
[perfect_drone_full_node-2] Publish local map size: 25264
[perfect_drone_full_node-2] [INFO] [1789407990.430884438] [fsm_node]:  -- [TRAJ_GUARD_COMMIT] phase=ReplanOnce/no_backup gen=125 map=628 samples=122 range=[0.215,0.813] escape=false footprint_egress=false escape_done_tt=-1.000
[perfect_drone_full_node-2] [32m -- [Fsm] ReplanOnce succeed.[0m
[perfect_drone_full_node-2] [INFO] [1789407990.491534341] [fsm_node]:  -- [TRAJ_GUARD_COMMIT] phase=ReplanOnce/no_backup gen=126 map=629 samples=110 range=[0.276,0.813] escape=false footprint_egress=false escape_done_tt=-1.000
[perfect_drone_full_node-2]  -- [TRAJ_GUARD_CERT] trigger=poly_publish status=SAFE gen=125 map=628 map_age=0.082s map_age_limit=0.500s motion_speed=4.352mps samples=121 range=[0.215,0.813] collision_tt=-1.000 ttc=-1.000 p=[0.000,0.000,0.000]
[perfect_drone_full_node-2]  -- [TRAJ_GUARD_CERT] trigger=main_pre status=SAFE gen=125 map=629 map_age=0.005s map_age_limit=0.500s motion_speed=4.515mps samples=116 range=[0.240,0.813] collision_tt=-1.000 ttc=-1.000 p=[0.000,0.000,0.000]
[perfect_drone_full_node-2] [32m -- [Fsm] ReplanOnce succeed.[0m
[perfect_drone_full_node-2]  -- [TRAJ_GUARD_CERT] trigger=poly_publish status=SAFE gen=126 map=629 map_age=0.041s map_age_limit=0.500s motion_speed=4.842mps samples=109 range=[0.276,0.813] collision_tt=-1.000 ttc=-1.000 p=[0.000,0.000,0.000]
[perfect_drone_full_node-2] Publish local map size: 23408
[perfect_drone_full_node-2] [INFO] [1789407990.551975989] [fsm_node]:  -- [TRAJ_GUARD_COMMIT] phase=ReplanOnce/no_backup gen=127 map=629 samples=98 range=[0.336,0.813] escape=false footprint_egress=false escape_done_tt=-1.000
[perfect_drone_full_node-2] [32m -- [Fsm] ReplanOnce succeed.[0m
[perfect_drone_full_node-2]  -- [TRAJ_GUARD_CERT] trigger=poly_publish status=SAFE gen=127 map=630 map_age=0.102s map_age_limit=0.500s motion_speed=5.184mps samples=97 range=[0.337,0.813] collision_tt=-1.000 ttc=-1.000 p=[0.000,0.000,0.000]
[perfect_drone_full_node-2] Publish local map size: 21672
[perfect_drone_full_node-2] [INFO] [1789407990.619228958] [fsm_node]:  -- [TRAJ_GUARD_COMMIT] phase=ReplanOnce/no_backup gen=128 map=630 samples=84 range=[0.404,0.813] escape=false footprint_egress=false escape_done_tt=-1.000
[perfect_drone_full_node-2] [32m -- [Fsm] ReplanOnce succeed.[0m
[perfect_drone_full_node-2] [INFO] [1789407990.680165082] [fsm_node]:  -- [TRAJ_GUARD_COMMIT] phase=ReplanOnce/no_backup gen=129 map=631 samples=72 range=[0.464,0.813] escape=false footprint_egress=false escape_done_tt=-1.000
[perfect_drone_full_node-2]  -- [TRAJ_GUARD_CERT] trigger=poly_publish status=SAFE gen=128 map=630 map_age=0.070s map_age_limit=0.500s motion_speed=5.126mps samples=83 range=[0.404,0.813] collision_tt=-1.000 ttc=-1.000 p=[0.000,0.000,0.000]
[perfect_drone_full_node-2]  -- [TRAJ_GUARD_CERT] trigger=main_pre status=SAFE gen=128 map=631 map_age=0.004s map_age_limit=0.500s motion_speed=4.911mps samples=76 range=[0.440,0.813] collision_tt=-1.000 ttc=-1.000 p=[0.000,0.000,0.000]
[perfect_drone_full_node-2] [32m -- [Fsm] ReplanOnce succeed.[0m
[perfect_drone_full_node-2]  -- [TRAJ_GUARD_CERT] trigger=poly_publish status=SAFE gen=129 map=631 map_age=0.029s map_age_limit=0.500s motion_speed=4.583mps samples=71 range=[0.465,0.813] collision_tt=-1.000 ttc=-1.000 p=[0.000,0.000,0.000]
[perfect_drone_full_node-2] Publish local map size: 24924
[perfect_drone_full_node-2] [INFO] [1789407990.744204196] [fsm_node]:  -- [TRAJ_GUARD_COMMIT] phase=ReplanOnce/no_backup gen=130 map=631 samples=59 range=[0.529,0.813] escape=false footprint_egress=false escape_done_tt=-1.000
[perfect_drone_full_node-2] [32m -- [Fsm] ReplanOnce succeed.[0m
[perfect_drone_full_node-2] [INFO] [1789407990.810696954] [fsm_node]:  -- [TRAJ_GUARD_COMMIT] phase=ReplanOnce/no_backup gen=131 map=632 samples=46 range=[0.595,0.813] escape=false footprint_egress=false escape_done_tt=-1.000
[perfect_drone_full_node-2]  -- [TRAJ_GUARD_CERT] trigger=poly_publish status=SAFE gen=130 map=631 map_age=0.093s map_age_limit=0.500s motion_speed=3.640mps samples=58 range=[0.529,0.813] collision_tt=-1.000 ttc=-1.000 p=[0.000,0.000,0.000]
[perfect_drone_full_node-2]  -- [TRAJ_GUARD_CERT] trigger=main_pre status=SAFE gen=130 map=632 map_age=0.005s map_age_limit=0.502s motion_speed=3.455mps samples=56 range=[0.540,0.813] collision_tt=-1.000 ttc=-1.000 p=[0.000,0.000,0.000]
[perfect_drone_full_node-2] [32m -- [Fsm] ReplanOnce succeed.[0m
[perfect_drone_full_node-2]  -- [TRAJ_GUARD_CERT] trigger=poly_publish status=SAFE gen=131 map=632 map_age=0.060s map_age_limit=0.550s motion_speed=2.273mps samples=45 range=[0.595,0.813] collision_tt=-1.000 ttc=-1.000 p=[0.000,0.000,0.000]
[perfect_drone_full_node-2]  -- [MARSIM] Running FPS: 188.138076754559506
[perfect_drone_full_node-2] Publish local map size: 26013
[perfect_drone_full_node-2]  -- [TRAJ_GUARD_CERT] trigger=main_pre status=SAFE gen=131 map=633 map_age=0.006s map_age_limit=0.550s motion_speed=1.510mps samples=36 range=[0.640,0.813] collision_tt=-1.000 ttc=-1.000 p=[0.000,0.000,0.000]
[perfect_drone_full_node-2] [32m -- [Fsm 63.345] Current state: FOLLOW_TRAJ[0m
[perfect_drone_full_node-2] [INFO] [1789407990.875928931] [fsm_node]:  -- [TRAJ_GUARD_COMMIT] phase=ReplanOnce/no_backup gen=132 map=633 samples=33 range=[0.660,0.813] escape=false footprint_egress=false escape_done_tt=-1.000
[perfect_drone_full_node-2] [32m -- [Fsm] ReplanOnce succeed.[0m
[perfect_drone_full_node-2]  -- [TRAJ_GUARD_CERT] trigger=poly_publish status=SAFE gen=132 map=633 map_age=0.027s map_age_limit=0.550s motion_speed=1.008mps samples=32 range=[0.661,0.813] collision_tt=-1.000 ttc=-1.000 p=[0.000,0.000,0.000]
[perfect_drone_full_node-2] Publish local map size: 23997
[perfect_drone_full_node-2] [INFO] [1789407990.941739097] [fsm_node]:  -- [TRAJ_GUARD_COMMIT] phase=ReplanOnce/no_backup gen=133 map=633 samples=20 range=[0.726,0.813] escape=false footprint_egress=false escape_done_tt=-1.000
[perfect_drone_full_node-2] [32m -- [Fsm] ReplanOnce succeed.[0m
[perfect_drone_full_node-2] [INFO] [1789407991.007906127] [fsm_node]:  -- [TRAJ_GUARD_COMMIT] phase=ReplanOnce/no_backup gen=134 map=634 samples=7 range=[0.792,0.813] escape=false footprint_egress=false escape_done_tt=-1.000
[perfect_drone_full_node-2]  -- [TRAJ_GUARD_CERT] trigger=poly_publish status=SAFE gen=133 map=633 map_age=0.092s map_age_limit=0.550s motion_speed=0.290mps samples=19 range=[0.726,0.813] collision_tt=-1.000 ttc=-1.000 p=[0.000,0.000,0.000]
[perfect_drone_full_node-2]  -- [TRAJ_GUARD_CERT] trigger=main_pre status=SAFE gen=133 map=634 map_age=0.004s map_age_limit=0.550s motion_speed=0.214mps samples=16 range=[0.740,0.813] collision_tt=-1.000 ttc=-1.000 p=[0.000,0.000,0.000]
[perfect_drone_full_node-2] [32m -- [Fsm] ReplanOnce succeed.[0m
[perfect_drone_full_node-2]  -- [TRAJ_GUARD_CERT] trigger=poly_publish status=SAFE gen=134 map=634 map_age=0.057s map_age_limit=0.550s motion_speed=0.006mps samples=6 range=[0.793,0.813] collision_tt=-1.000 ttc=-1.000 p=[0.000,0.000,0.000]
[perfect_drone_full_node-2] Publish local map size: 20418
[perfect_drone_full_node-2] [32m -- [Fsm] Traj finish.[0m
[perfect_drone_full_node-2] [38;2;000;128;000m -- [Fsm]: [PubCmdCallback] change state from [FOLLOW_TRAJ] to [WAIT_GOAL].
[perfect_drone_full_node-2] [0mPublish local map size: 20157
[perfect_drone_full_node-2] Publish local map size: 20506
[perfect_drone_full_node-2] Publish local map size: 20481
[perfect_drone_full_node-2] Publish local map size: 20395
[perfect_drone_full_node-2] Publish local map size: 20157
[perfect_drone_full_node-2] Publish local map size: 20344
[perfect_drone_full_node-2] Publish local map size: 20344
