[INFO] [launch]: All log files can be found below /root/.ros/log/2026-09-15-21-55-31-814748-livox-2433428
[INFO] [launch]: Default logging verbosity is set to INFO
[INFO] [waypoint_mission-1]: process started with pid [2433429]
[INFO] [perfect_drone_frontend_node-2]: process started with pid [2433431]
[INFO] [fsm_node-3]: process started with pid [2433433]
[waypoint_mission-1] [WARN] [1789476932.201839778] [waypoint_mission]:  -- [MissionPlanner] Load config by file name: /root/super_ws/src/SUPER/mission_planner/config/waypoint.yaml
[waypoint_mission-1] [WARN] [1789476932.201916400] [waypoint_mission]:  -- [MissionPlanner] Load data by file name: /root/super_ws/src/SUPER/mission_planner/data/loop24.txt
[fsm_node-3]  -- [Bench] Use sim time is false, begin replay.
[fsm_node-3] Load config file: /root/super_ws/src/SUPER/super_planner/config/static_seedmaps_guard_viability_tight_v7_frontend_risk_enforce.yaml
[fsm_node-3] [0;32m Load param fsm/timer_en success: [0;0m1
[fsm_node-3] [0;32m Load param super_planner/detailed_log_en success: [0;0m0
[fsm_node-3] [0;32m Load param super_planner/detailed_log_max_entries success: [0;0m64
[perfect_drone_frontend_node-2] [INFO] [1789476932.213353157] [native_sector_cpp]: adaptive mode, half-angle 45.0 deg, input /cloud_registered, publish cap 5.00 Hz, commit refresh 0.120 s, full-open extra budget 6000, guard witness disabled radius 0.00 m, direct input enabled, risk verdict /planning/trajectory_risk_verdict, body tier 0.200 m/0.150 s
[fsm_node-3] [0;32m Load param fsm/click_goal_en success: [0;0m1
[perfect_drone_frontend_node-2] [WARN] [1789476932.215534023] [perfect_tracking]:  -- [MissionPlanner] Load config by file name: /root/super_ws/src/SUPER/mars_uav_sim/perfect_drone_sim/config/cyl2_l0005.yaml
[fsm_node-3] [0;32m Load param fsm/click_yaw_en success: [0;0m1
[fsm_node-3] [0;32m Load param fsm/replan_rate success: [0;0m15
[fsm_node-3] [0;32m Load param fsm/click_height success: [0;0m1.5
[fsm_node-3] [0;32m Load param fsm/cmd_topic success: [0;0m/planning/pos_cmd
[fsm_node-3] [0;32m Load param fsm/mpc_cmd_topic success: [0;0m/planning_cmd/poly_traj
[fsm_node-3] [0;32m Load param fsm/click_goal_topic success: [0;0m/planning/click_goal
[fsm_node-3] [0;32m Load param fsm/map_readiness/enable success: [0;0m1
[fsm_node-3] [0;32m Load param fsm/map_readiness/min_accepted_scans success: [0;0m5
[fsm_node-3] [0;32m Load param fsm/map_readiness/min_committed_scans success: [0;0m5
[fsm_node-3] [0;32m Load param fsm/map_readiness/max_commit_lag_scans success: [0;0m5
[fsm_node-3] [0;32m Load param fsm/map_readiness/min_scan_span_s success: [0;0m1
[fsm_node-3] [0;32m Load param fsm/map_readiness/max_cloud_age_s success: [0;0m0.75
[fsm_node-3] [0;32m Load param fsm/map_readiness/max_map_age_s success: [0;0m0.55
[fsm_node-3] [0;32m Load param fsm/trajectory_guard/enable success: [0;0m1
[fsm_node-3] [0;33m Load param fsm/trajectory_guard/same_map_replan_coalesce_enable failed, use default value: [0;0m0
[fsm_node-3] [0;33m Load param fsm/trajectory_guard/same_map_replan_min_interval_s failed, use default value: [0;0m0
[fsm_node-3] [0;32m Load param fsm/trajectory_guard/shadow success: [0;0m0
[fsm_node-3] [0;32m Load param fsm/trajectory_guard/max_map_age_s success: [0;0m0.75
[fsm_node-3] [0;32m Load param fsm/trajectory_guard/brake_trigger_map_age_s success: [0;0m0.55
[fsm_node-3] [0;32m Load param fsm/trajectory_guard/brake_trigger_high_speed_map_age_s success: [0;0m0.5
[fsm_node-3] [0;32m Load param fsm/trajectory_guard/brake_trigger_low_speed_mps success: [0;0m2.5
[fsm_node-3] [0;32m Load param fsm/trajectory_guard/brake_trigger_high_speed_mps success: [0;0m3.5
[fsm_node-3] [0;32m Load param fsm/trajectory_guard/full_refresh_ack_sla_s success: [0;0m0.75
[fsm_node-3] [0;32m Load param fsm/trajectory_guard/raw_cloud/enable success: [0;0m0
[fsm_node-3] [0;32m Load param fsm/trajectory_guard/raw_cloud/source_topic success: [0;0m/cloud_guard_witness
[fsm_node-3] [0;32m Load param fsm/trajectory_guard/raw_cloud/max_age_s success: [0;0m0.75
[fsm_node-3] [0;32m Load param fsm/trajectory_guard/raw_cloud/clearance_m success: [0;0m0.3
[fsm_node-3] [0;32m Load param fsm/trajectory_guard/validation_sample_dt_s success: [0;0m0.005
[fsm_node-3] [0;32m Load param fsm/trajectory_guard/shadow_min_interval_s success: [0;0m0
[fsm_node-3] [0;32m Load param fsm/trajectory_guard/additional_clearance_m success: [0;0m0
[fsm_node-3] [0;33m Load param fsm/trajectory_guard/brake_min_duration_s failed, use default value: [0;0m0.4
[fsm_node-3] [0;32m Load param fsm/trajectory_guard/brake_max_duration_s success: [0;0m3
[fsm_node-3] [0;32m Load param fsm/trajectory_guard/brake_max_acc_mps2 success: [0;0m20
[fsm_node-3] [0;32m Load param fsm/trajectory_guard/brake_max_jerk_mps3 success: [0;0m120
[fsm_node-3] [0;32m Load param fsm/trajectory_guard/brake_command_max_age_s success: [0;0m0.1
[fsm_node-3] [0;32m Load param fsm/trajectory_guard/brake_command_max_position_error_m success: [0;0m0.5
[fsm_node-3] [0;32m Load param fsm/trajectory_guard/brake_command_max_velocity_error_mps success: [0;0m2
[fsm_node-3] [0;32m Load param fsm/trajectory_guard/brake_retry_interval_s success: [0;0m0.1
[fsm_node-3] [0;32m Load param fsm/trajectory_guard/unknown_as_occupied success: [0;0m1
[fsm_node-3] [0;33m Load param fsm/trajectory_guard/raw_cloud/ciri_shadow_en failed, use default value: [0;0m0
[fsm_node-3] [0;32m Load param fsm/trajectory_guard/raw_cloud/accum_window_s success: [0;0m1.5
[fsm_node-3] [0;33m Load param fsm/trajectory_guard/raw_cloud/ciri_min_points failed, use default value: [0;0m200
[fsm_node-3] [0;33m Load param fsm/trajectory_guard/raw_cloud/ciri_voxel_m failed, use default value: [0;0m0.1
[fsm_node-3] [0;32m Load param fsm/trajectory_guard/raw_cloud/near_field_shadow_en success: [0;0m0
[fsm_node-3] [0;32m Load param fsm/trajectory_guard/raw_cloud/near_field_clearance_m success: [0;0m0.2
[fsm_node-3] [0;32m Load param fsm/trajectory_guard/raw_cloud/near_field_horizon_s success: [0;0m1
[fsm_node-3] [0;32m Load param fsm/trajectory_guard/raw_cloud/near_field_sample_dt_s success: [0;0m0.01
[fsm_node-3] [0;32m Load param fsm/trajectory_guard/raw_cloud/near_field_min_interval_s success: [0;0m0.1
[fsm_node-3] [0;32m Load param fsm/trajectory_guard/raw_cloud/near_field_min_points success: [0;0m200
[fsm_node-3] [0;32m Load param fsm/trajectory_guard/raw_cloud/near_field_voxel_m success: [0;0m0
[fsm_node-3] [0;32m Load param fsm/trajectory_guard/raw_cloud/near_field_test_replay_mode success: [0;0m0
[fsm_node-3] [0;32m Load param fsm/trajectory_guard/raw_cloud/near_field_enforce_en success: [0;0m0
[fsm_node-3] [0;32m Load param fsm/trajectory_guard/raw_cloud/near_field_result_max_age_s success: [0;0m0.2
[fsm_node-3] [0;32m Load param fsm/trajectory_guard/raw_cloud/near_field_max_sequence_lag success: [0;0m1
[fsm_node-3] [0;32m Load param fsm/trajectory_guard/raw_cloud/near_field_egress_tolerance_m success: [0;0m0.005
[fsm_node-3] [0;32m Load param fsm/trajectory_guard/raw_cloud/near_field_egress_min_progress_m success: [0;0m0.02
[fsm_node-3] [0;32m Load param fsm/trajectory_guard/frontend_risk/shadow_en success: [0;0m1
[fsm_node-3] [0;32m Load param fsm/trajectory_guard/frontend_risk/enforce_en success: [0;0m1
[fsm_node-3] [0;32m Load param fsm/trajectory_guard/frontend_risk/topic success: [0;0m/planning/trajectory_risk_verdict
[fsm_node-3] [0;32m Load param fsm/trajectory_guard/frontend_risk/result_max_age_s success: [0;0m0.2
[fsm_node-3] [0;32m Load param fsm/trajectory_guard/frontend_risk/source_max_age_s success: [0;0m0.75
[fsm_node-3] [0;32m Load param fsm/trajectory_guard/frontend_risk/current_body_enforce_en success: [0;0m1
[fsm_node-3] [0;32m Load param fsm/trajectory_guard/frontend_risk/current_body_result_max_age_s success: [0;0m0.15
[fsm_node-3] [0;32m Load param fsm/trajectory_guard/frontend_risk/current_body_source_max_age_s success: [0;0m0.2
[fsm_node-3] [0;32m Load param super_planner/yaw_dot_max success: [0;0m3
[fsm_node-3] [0;32m Load param super_planner/visualization_en success: [0;0m0
[fsm_node-3] [0;32m Load param rog_map/resolution success: [0;0m0.05
[fsm_node-3] Load config file: /root/super_ws/src/SUPER/super_planner/config/static_seedmaps_guard_viability_tight_v7_frontend_risk_enforce.yaml
[fsm_node-3] [0;32m Load param rog_map/esdf/resolution success: [0;0m0.1
[fsm_node-3] [0;32m Load param rog_map/esdf/enable success: [0;0m0
[fsm_node-3] [0;32m Load param rog_map/esdf/local_update_box success: [0;0m[5 5 3 ]
[fsm_node-3] [0;32m Load param rog_map/load_pcd_en success: [0;0m0
[fsm_node-3] [0;32m Load param rog_map/map_sliding/enable success: [0;0m0
[fsm_node-3] [0;32m Load param rog_map/map_sliding/threshold success: [0;0m3
[fsm_node-3] [0;32m Load param rog_map/fix_map_origin success: [0;0m[0 0 1.5 ]
[fsm_node-3] [0;32m Load param rog_map/frontier_extraction_en success: [0;0m0
[fsm_node-3] [0;32m Load param rog_map/ros_callback/enable success: [0;0m1
[fsm_node-3] [0;32m Load param rog_map/ros_callback/cloud_topic success: [0;0m/cloud_sector
[fsm_node-3] [0;32m Load param rog_map/ros_callback/cloud_reliable success: [0;0m1
[fsm_node-3] [0;32m Load param rog_map/ros_callback/odom_topic success: [0;0m/lidar_slam/odom
[fsm_node-3] [0;32m Load param rog_map/ros_callback/odom_timeout success: [0;0m2
[fsm_node-3] [0;32m Load param rog_map/visualization/enable success: [0;0m0
[fsm_node-3] [0;32m Load param rog_map/visualization/use_dynamic_reconfigure success: [0;0m0
[fsm_node-3] [0;32m Load param rog_map/visualization/pub_unknown_map_en success: [0;0m0
[fsm_node-3] [0;32m Load param rog_map/visualization/frame_id success: [0;0mworld
[fsm_node-3] [0;32m Load param rog_map/visualization/time_rate success: [0;0m2
[fsm_node-3] [0;32m Load param rog_map/visualization/frame_rate success: [0;0m0
[fsm_node-3] [0;32m Load param rog_map/visualization/range success: [0;0m[15 15 4 ]
[fsm_node-3] [0;32m Load param rog_map/resolution success: [0;0m0.05
[fsm_node-3] [0;32m Load param rog_map/inflation_resolution success: [0;0m0.1
[fsm_node-3] [0;32m Load param rog_map/unk_inflation_en success: [0;0m0
[fsm_node-3] [0;32m Load param rog_map/unk_inflation_step success: [0;0m1
[fsm_node-3] [0;32m Load param rog_map/inflation_step success: [0;0m3
[fsm_node-3] [0;32m Load param rog_map/intensity_thresh success: [0;0m-10
[fsm_node-3] [0;32m Load param rog_map/map_size success: [0;0m[70 70 6 ]
[fsm_node-3] [0;32m Load param rog_map/point_filt_num success: [0;0m1
[fsm_node-3] [0;32m Load param rog_map/raycasting/enable success: [0;0m0
[fsm_node-3] [0;32m Load param rog_map/raycasting/batch_update_size success: [0;0m1
[fsm_node-3] [0;32m Load param rog_map/raycasting/unk_thresh success: [0;0m1
[fsm_node-3] [0;32m Load param rog_map/raycasting/p_hit success: [0;0m0.9
[fsm_node-3] [0;32m Load param rog_map/raycasting/p_miss success: [0;0m0.49
[fsm_node-3] [0;32m Load param rog_map/raycasting/p_min success: [0;0m0.12
[fsm_node-3] [0;32m Load param rog_map/raycasting/p_max success: [0;0m0.98
[fsm_node-3] [0;32m Load param rog_map/raycasting/p_occ success: [0;0m0.85
[fsm_node-3] [0;32m Load param rog_map/raycasting/p_free success: [0;0m0.499
[fsm_node-3] [0;32m Load param rog_map/raycasting/p_free success: [0;0m0.499
[fsm_node-3] [0;32m Load param rog_map/raycasting/ray_range success: [0;0m[0.5 100 ]
[fsm_node-3] [0;33m Load param rog_map/raycasting/observed_mark_range_max failed, use default value: [0;0m10
[fsm_node-3] [0;32m Load param rog_map/raycasting/local_update_box success: [0;0m[100 100 5 ]
[fsm_node-3] [0;32m Load param rog_map/virtual_ground_height success: [0;0m-0.1
[fsm_node-3] [0;32m Load param rog_map/virtual_ceil_height success: [0;0m3.5
[fsm_node-3] [32m -- [RM-Config] inflation_resolution: 0.1[0m
[fsm_node-3]  -- [ROG-Map] Init, resetMapSize: ORIGIN_AT_CORNER.
[fsm_node-3]  -- [ROG-Map] Init, resetMapSize: virtual_ceil_height: 3.1500000000000004, virtual_ground_height: 0.25.
[fsm_node-3] [34m	[ROG] n_free: 1[0m
[fsm_node-3] [34m	[ROG] n_occ: 1[0m
[fsm_node-3] [34m	[ROG] l_hit: 2.19722[0m
[fsm_node-3] [34m	[ROG] l_miss: -0.0400053[0m
[fsm_node-3] [34m	[ROG] l_min: -1.99243[0m
[fsm_node-3] [34m	[ROG] l_max: 3.89182[0m
[fsm_node-3] [34m	[ROG] l_occ: 1.7346[0m
[fsm_node-3] [34m	[ROG] l_free: -0.00399995[0m
[fsm_node-3] [33m -- [Inf-Map] Clear all local map.[0m
[fsm_node-3] [32m -- [CounterMap] Init successfully -- .[0m
[fsm_node-3] [32m	resolution: 0.1[0m
[fsm_node-3] [32m	map_sliding_en: 0[0m
[fsm_node-3] [32m	local_map_size_i: 709 709  69[0m
[fsm_node-3] [32m	local_map_size_d: 70.9 70.9  6.9[0m
[fsm_node-3] [33m -- [Inf-Map] Clear all local map.[0m
[fsm_node-3] [32m -- [InfMap] Init successfully -- .[0m
[fsm_node-3] [32m	resolution: 0.1[0m
[fsm_node-3] [32m	map_sliding_en: 0[0m
[fsm_node-3] [32m	local_map_size_i: 709 709  69[0m
[fsm_node-3] [32m	local_map_size_d: 70.9 70.9  6.9[0m
[fsm_node-3] [ProbMap] virtual_ceil_height: 3.15
[fsm_node-3] [ProbMap] virtual_ground_height: 0.25
[fsm_node-3] [33m -- [ProbMap] Map sliding disabled, set origin to [  0   0 1.5] -- [0m
[perfect_drone_frontend_node-2] [INFO] [1789476933.130924688] [perfect_drone_frontend_config]: raw DDS disabled: renderer -> native front-end uses direct SharedPtr handoff
[fsm_node-3] [33m -- [Prob-Map] Clear all local map.[0m
[fsm_node-3] [32m -- [ProbMap] Init successfully -- .[0m
[fsm_node-3] [32m	resolution: 0.05[0m
[fsm_node-3] [32m	map_sliding_en: 0[0m
[fsm_node-3] [32m	local_map_size_i: 1401 1401  121[0m
[fsm_node-3] [32m	local_map_size_d: 70.05 70.05  6.05[0m
[fsm_node-3] [38;2;000;128;000m -- [ROGMap] Immutable planner snapshot enabled (fixed occupancy-only map).
[fsm_node-3] [0mLoad config file: /root/super_ws/src/SUPER/super_planner/config/static_seedmaps_guard_viability_tight_v7_frontend_risk_enforce.yaml
[fsm_node-3] Load config file: /root/super_ws/src/SUPER/super_planner/config/static_seedmaps_guard_viability_tight_v7_frontend_risk_enforce.yaml
[fsm_node-3] [0;32m Load param traj_opt/switch/print_optimizer_log success: [0;0m0
[fsm_node-3] [0;32m Load param traj_opt/flatness/mass success: [0;0m1.64
[fsm_node-3] [0;32m Load param traj_opt/flatness/dh success: [0;0m0.35
[fsm_node-3] [0;32m Load param traj_opt/flatness/dv success: [0;0m0.35
[fsm_node-3] [0;32m Load param traj_opt/flatness/grav success: [0;0m9.81
[fsm_node-3] [0;32m Load param traj_opt/flatness/cp success: [0;0m0.001
[fsm_node-3] [0;32m Load param traj_opt/flatness/v_eps success: [0;0m0.0001
[fsm_node-3] [0;32m Load param traj_opt/switch/save_log_en success: [0;0m0
[fsm_node-3] [0;32m Load param traj_opt/exp_traj/pos_constraint_type success: [0;0m1
[fsm_node-3] [0;33m Load param traj_opt/exp_traj/piece_num failed, use default value: [0;0m1
[fsm_node-3] [0;33m Load param traj_opt/exp_traj/uniform_time_en failed, use default value: [0;0m0
[fsm_node-3] [0;32m Load param traj_opt/exp_traj/block_energy_cost success: [0;0m0
[fsm_node-3] [0;32m Load param traj_opt/exp_traj/opt_accuracy success: [0;0m5e-06
[fsm_node-3] [0;33m Load param traj_opt/exp_traj/max_iterations failed, use default value: [0;0m2048
[fsm_node-3] [0;32m Load param traj_opt/exp_traj/integral_reso success: [0;0m15
[fsm_node-3] [0;32m Load param traj_opt/exp_traj/smooth_eps success: [0;0m0.01
[fsm_node-3] [0;32m Load param traj_opt/boundary/max_vel success: [0;0m7
[fsm_node-3] [0;32m Load param traj_opt/boundary/max_acc success: [0;0m20
[fsm_node-3] [0;32m Load param traj_opt/boundary/max_jerk success: [0;0m120
[fsm_node-3] [0;32m Load param traj_opt/boundary/max_omg success: [0;0m2.5
[fsm_node-3] [0;32m Load param traj_opt/boundary/max_acc_thr success: [0;0m17
[fsm_node-3] [0;32m Load param traj_opt/boundary/min_acc_thr success: [0;0m6
[fsm_node-3] [0;32m Load param traj_opt/boundary/penna_margin success: [0;0m0.05
[fsm_node-3] [0;33m Load param traj_opt/exp_traj/penna_scale failed, use default value: [0;0m-1
[fsm_node-3] [0;32m Load param traj_opt/exp_traj/penna_t success: [0;0m1e+07
[fsm_node-3] [0;33m Load param traj_opt/exp_traj/penna_ts failed, use default value: [0;0m-1
[fsm_node-3] [0;32m Load param traj_opt/exp_traj/penna_pos success: [0;0m5e+09
[fsm_node-3] [0;32m Load param traj_opt/exp_traj/penna_clr success: [0;0m1e+06
[fsm_node-3] [0;32m Load param traj_opt/exp_traj/clearance_margin success: [0;0m0.1
[fsm_node-3] [0;32m Load param traj_opt/exp_traj/clearance_speed_gate success: [0;0m1.5
[fsm_node-3] [0;32m Load param traj_opt/exp_traj/clearance_speed_transition success: [0;0m0.5
[fsm_node-3] [0;33m Load param traj_opt/exp_traj/penna_passage_center failed, use default value: [0;0m-1
[fsm_node-3] [0;33m Load param traj_opt/exp_traj/passage_center_max_width failed, use default value: [0;0m0
[fsm_node-3] [0;33m Load param traj_opt/exp_traj/passage_center_min_opposition_cos failed, use default value: [0;0m0.9
[fsm_node-3] [0;33m Load param traj_opt/exp_traj/passage_center_min_horizontal_normal failed, use default value: [0;0m0.8
[fsm_node-3] [0;33m Load param traj_opt/exp_traj/passage_center_deadband failed, use default value: [0;0m0.15
[fsm_node-3] [0;33m Load param traj_opt/exp_traj/passage_center_log_en failed, use default value: [0;0m0
[fsm_node-3] [0;32m Load param traj_opt/exp_traj/penna_vel success: [0;0m5e+08
[fsm_node-3] [0;32m Load param traj_opt/exp_traj/penna_acc success: [0;0m5e+08
[fsm_node-3] [0;32m Load param traj_opt/exp_traj/penna_jerk success: [0;0m-5e+08
[fsm_node-3] [0;32m Load param traj_opt/exp_traj/penna_attract success: [0;0m5e+08
[fsm_node-3] [0;32m Load param traj_opt/exp_traj/penna_omg success: [0;0m-1
[fsm_node-3] [0;32m Load param traj_opt/exp_traj/penna_thr success: [0;0m-1
[fsm_node-3] Load config file: /root/super_ws/src/SUPER/super_planner/config/static_seedmaps_guard_viability_tight_v7_frontend_risk_enforce.yaml
[fsm_node-3] [0;32m Load param traj_opt/switch/print_optimizer_log success: [0;0m0
[fsm_node-3] [0;32m Load param traj_opt/flatness/mass success: [0;0m1.64
[fsm_node-3] [0;32m Load param traj_opt/flatness/dh success: [0;0m0.35
[fsm_node-3] [0;32m Load param traj_opt/flatness/dv success: [0;0m0.35
[fsm_node-3] [0;32m Load param traj_opt/flatness/grav success: [0;0m9.81
[fsm_node-3] [0;32m Load param traj_opt/flatness/cp success: [0;0m0.001
[fsm_node-3] [0;32m Load param traj_opt/flatness/v_eps success: [0;0m0.0001
[fsm_node-3] [0;32m Load param traj_opt/switch/save_log_en success: [0;0m0
[fsm_node-3] [0;32m Load param traj_opt/backup_traj/pos_constraint_type success: [0;0m2
[fsm_node-3] [0;32m Load param traj_opt/backup_traj/piece_num success: [0;0m2
[fsm_node-3] [0;32m Load param traj_opt/backup_traj/uniform_time_en success: [0;0m1
[fsm_node-3] [0;32m Load param traj_opt/backup_traj/block_energy_cost success: [0;0m1
[fsm_node-3] [0;32m Load param traj_opt/backup_traj/opt_accuracy success: [0;0m1e-05
[fsm_node-3] [0;33m Load param traj_opt/backup_traj/max_iterations failed, use default value: [0;0m2048
[fsm_node-3] [0;32m Load param traj_opt/backup_traj/integral_reso success: [0;0m12
[fsm_node-3] [0;32m Load param traj_opt/backup_traj/smooth_eps success: [0;0m0.01
[fsm_node-3] [0;32m Load param traj_opt/boundary/max_vel success: [0;0m7
[fsm_node-3] [0;32m Load param traj_opt/boundary/max_acc success: [0;0m20
[fsm_node-3] [0;32m Load param traj_opt/boundary/max_jerk success: [0;0m120
[fsm_node-3] [0;32m Load param traj_opt/boundary/max_omg success: [0;0m2.5
[fsm_node-3] [0;32m Load param traj_opt/boundary/max_acc_thr success: [0;0m17
[fsm_node-3] [0;32m Load param traj_opt/boundary/min_acc_thr success: [0;0m6
[fsm_node-3] [0;32m Load param traj_opt/boundary/penna_margin success: [0;0m0.05
[fsm_node-3] [0;33m Load param traj_opt/backup_traj/penna_scale failed, use default value: [0;0m-1
[fsm_node-3] [0;32m Load param traj_opt/backup_traj/penna_t success: [0;0m100
[fsm_node-3] [0;32m Load param traj_opt/backup_traj/penna_ts success: [0;0m1e+07
[fsm_node-3] [0;32m Load param traj_opt/backup_traj/penna_pos success: [0;0m1e+10
[fsm_node-3] [0;32m Load param traj_opt/backup_traj/penna_clr success: [0;0m1e+06
[fsm_node-3] [0;32m Load param traj_opt/backup_traj/clearance_margin success: [0;0m0.1
[fsm_node-3] [0;32m Load param traj_opt/backup_traj/clearance_speed_gate success: [0;0m1.5
[fsm_node-3] [0;32m Load param traj_opt/backup_traj/clearance_speed_transition success: [0;0m0.5
[fsm_node-3] [0;33m Load param traj_opt/backup_traj/penna_passage_center failed, use default value: [0;0m-1
[fsm_node-3] [0;33m Load param traj_opt/backup_traj/passage_center_max_width failed, use default value: [0;0m0
[fsm_node-3] [0;33m Load param traj_opt/backup_traj/passage_center_min_opposition_cos failed, use default value: [0;0m0.9
[fsm_node-3] [0;33m Load param traj_opt/backup_traj/passage_center_min_horizontal_normal failed, use default value: [0;0m0.8
[fsm_node-3] [0;33m Load param traj_opt/backup_traj/passage_center_deadband failed, use default value: [0;0m0.15
[fsm_node-3] [0;33m Load param traj_opt/backup_traj/passage_center_log_en failed, use default value: [0;0m0
[fsm_node-3] [0;32m Load param traj_opt/backup_traj/penna_vel success: [0;0m1e+08
[fsm_node-3] [0;32m Load param traj_opt/backup_traj/penna_acc success: [0;0m1e+08
[fsm_node-3] [0;32m Load param traj_opt/backup_traj/penna_jerk success: [0;0m-1e+06
[fsm_node-3] [0;33m Load param traj_opt/backup_traj/penna_attract failed, use default value: [0;0m-1
[fsm_node-3] [0;32m Load param traj_opt/backup_traj/penna_omg success: [0;0m-1
[fsm_node-3] [0;32m Load param traj_opt/backup_traj/penna_thr success: [0;0m-1
[fsm_node-3] [0;32m Load param super_planner/print_log success: [0;0m0
[fsm_node-3] [0;32m Load param super_planner/detailed_log_en success: [0;0m0
[fsm_node-3] [0;32m Load param super_planner/visualization_en success: [0;0m0
[fsm_node-3] [0;32m Load param super_planner/backup_traj_en success: [0;0m1
[fsm_node-3] [0;32m Load param super_planner/goal_vel_en success: [0;0m0
[fsm_node-3] [0;32m Load param super_planner/goal_yaw_en success: [0;0m0
[fsm_node-3] [0;32m Load param super_planner/visual_process success: [0;0m0
[fsm_node-3] [0;32m Load param super_planner/use_fov_cut success: [0;0m0
[fsm_node-3] [0;33m Load param super_planner/fov_horizontal_angle failed, use default value: [0;0m-1
[fsm_node-3] [0;33m Load param super_planner/fov_center_heading failed, use default value: [0;0m0
[fsm_node-3] [0;32m Load param super_planner/frontend_in_known_free success: [0;0m0
[fsm_node-3] [0;32m Load param fsm/trajectory_guard/enable success: [0;0m1
[fsm_node-3] [0;32m Load param fsm/trajectory_guard/shadow success: [0;0m0
[fsm_node-3] [0;32m Load param fsm/trajectory_guard/validation_sample_dt_s success: [0;0m0.005
[fsm_node-3] [0;32m Load param fsm/trajectory_guard/shadow_min_interval_s success: [0;0m0
[fsm_node-3] [0;32m Load param fsm/trajectory_guard/additional_clearance_m success: [0;0m0
[fsm_node-3] [0;32m Load param fsm/trajectory_guard/escape_max_duration_s success: [0;0m1
[fsm_node-3] [0;32m Load param fsm/trajectory_guard/unknown_as_occupied success: [0;0m1
[fsm_node-3] [0;32m Load param fsm/trajectory_guard/escape_entry_grace_s success: [0;0m0
[fsm_node-3] [0;32m Load param fsm/trajectory_guard/initial_footprint_egress_enable success: [0;0m1
[fsm_node-3] [0;32m Load param super_planner/safe_corridor_line_max_length success: [0;0m6
[fsm_node-3] [0;32m Load param super_planner/sensing_horizon success: [0;0m-1
[fsm_node-3] [0;32m Load param super_planner/obs_skip_num success: [0;0m2
[fsm_node-3] [0;32m Load param super_planner/replan_forward_dt success: [0;0m0.1
[fsm_node-3] [0;32m Load param super_planner/corridor_bound_dis success: [0;0m0.8
[fsm_node-3] [0;32m Load param super_planner/corridor_line_max_length success: [0;0m1
[fsm_node-3] [0;32m Load param super_planner/planning_horizon success: [0;0m7
[fsm_node-3] [0;32m Load param super_planner/receding_dis success: [0;0m1
[fsm_node-3] [0;32m Load param super_planner/robot_r success: [0;0m0.2
[fsm_node-3] [0;32m Load param super_planner/corridor_use_inflated_obstacles success: [0;0m0
[fsm_node-3] [0;32m Load param super_planner/corridor_use_inflated_seed_lines success: [0;0m0
[fsm_node-3] [0;32m Load param super_planner/corridor_guard_retry_inflated success: [0;0m1
[fsm_node-3] [0;32m Load param super_planner/guard_corridor_retry_alternate_every success: [0;0m4
[fsm_node-3] [0;32m Load param super_planner/guard_topology_reroute/enable success: [0;0m1
[fsm_node-3] [0;32m Load param super_planner/guard_topology_reroute/radius_m success: [0;0m0.8
[fsm_node-3] [0;32m Load param super_planner/guard_topology_reroute/growth_m success: [0;0m0
[fsm_node-3] [0;32m Load param super_planner/guard_topology_reroute/max_radius_m success: [0;0m0.8
[fsm_node-3] [0;32m Load param super_planner/guard_topology_reroute/max_zones success: [0;0m6
[fsm_node-3] [0;32m Load param super_planner/guard_topology_reroute/max_stop_speed_mps success: [0;0m0.2
[fsm_node-3] [0;32m Load param super_planner/guard_topology_reroute/escalate_every_rejects success: [0;0m3
[fsm_node-3] [0;32m Load param super_planner/guard_topology_reroute/collision_merge_m success: [0;0m0.5
[fsm_node-3] [0;32m Load param super_planner/guard_topology_reroute/start_clearance_m success: [0;0m0.3
[fsm_node-3] [0;32m Load param super_planner/guard_topology_reroute/block_spacing_m success: [0;0m1
[fsm_node-3] [0;32m Load param super_planner/guard_topology_reroute/direction_merge_angle_deg success: [0;0m30
[fsm_node-3] [0;32m Load param super_planner/guard_topology_reroute/no_path_reset_attempts success: [0;0m3
[fsm_node-3] [0;32m Load param super_planner/guard_topology_reroute/vertical_recovery_enable success: [0;0m1
[fsm_node-3] [0;32m Load param super_planner/guard_topology_reroute/vertical_recovery_lift_m success: [0;0m0.6
[fsm_node-3] [0;32m Load param super_planner/guard_topology_reroute/vertical_recovery_trigger_distance_m success: [0;0m0.75
[fsm_node-3] [0;32m Load param super_planner/guard_topology_reroute/local_escape_enable success: [0;0m1
[fsm_node-3] [0;32m Load param super_planner/guard_topology_reroute/local_escape_distance_m success: [0;0m0.6
[fsm_node-3] [0;32m Load param super_planner/guard_topology_reroute/local_escape_attempts success: [0;0m4
[fsm_node-3] [0;32m Load param super_planner/guard_topology_reroute/episode_progress_reset_m success: [0;0m2
[fsm_node-3] [0;32m Load param super_planner/guard_topology_reroute/saturation_vertical_attempts success: [0;0m1
[fsm_node-3] [0;32m Load param super_planner/guard_topology_reroute/base_no_path_vertical_attempts success: [0;0m1
[fsm_node-3] [0;32m Load param super_planner/guard_direct_goal_fallback/enable success: [0;0m1
[fsm_node-3] [0;32m Load param super_planner/guard_direct_goal_fallback/max_distance_m success: [0;0m3
[fsm_node-3] [0;32m Load param super_planner/guard_direct_goal_fallback/min_duration_s success: [0;0m1
[fsm_node-3] [0;32m Load param super_planner/guard_viability/enable success: [0;0m1
[fsm_node-3] [0;32m Load param super_planner/guard_viability/horizon_s success: [0;0m2
[fsm_node-3] [0;32m Load param super_planner/guard_viability/sample_dt_s success: [0;0m0.3
[fsm_node-3] [0;32m Load param super_planner/guard_viability/brake_max_acc_mps2 success: [0;0m20
[fsm_node-3] [0;32m Load param super_planner/guard_viability/brake_max_jerk_mps3 success: [0;0m120
[fsm_node-3] [0;32m Load param super_planner/guard_viability/brake_min_duration_s success: [0;0m0.4
[fsm_node-3] [0;32m Load param super_planner/guard_viability/brake_max_duration_s success: [0;0m3
[fsm_node-3] [0;32m Load param super_planner/guard_viability/brake_attempts success: [0;0m12
[fsm_node-3] [0;32m Load param super_planner/guard_viability/speed_scale_step success: [0;0m1.25
[fsm_node-3] [0;32m Load param super_planner/guard_viability/speed_scale_max success: [0;0m3
[fsm_node-3] [0;32m Load param super_planner/guard_viability/max_retries success: [0;0m4
[fsm_node-3] [0;32m Load param super_planner/corridor_min_margin success: [0;0m0.2
[fsm_node-3] [0;32m Load param super_planner/corridor_pref_margin success: [0;0m0.3
[fsm_node-3] [0;32m Load param super_planner/iris_iter_num success: [0;0m2
[fsm_node-3] [0;32m Load param super_planner/yaw_mode success: [0;0m1
[fsm_node-3] [0;32m Load param super_planner/mpc_horizon success: [0;0m15
[fsm_node-3] [0;32m Load param super_planner/yaw_dot_max success: [0;0m3
[fsm_node-3] [0;32m Load param rog_map/resolution success: [0;0m0.05
[fsm_node-3] [INFO] [1789476933.632435111] [fsm_node]:  -- [TRAJ_GUARD] mode=enforce sample_dt=0.0050s shadow_min_interval=0.000s inflation_radius=0.300m robot_r=0.200m additional_clearance=0.000m hard_clearance=0.300m clearance_offsets=0
[fsm_node-3] [38;2;050;205;050m -- [Viz] Set resolution_ to 0.05
[fsm_node-3] [0m[38;2;050;205;050m -- [Viz] Set visualization_en_ to false
[fsm_node-3] [0mLoad config file: /root/super_ws/src/SUPER/super_planner/config/static_seedmaps_guard_viability_tight_v7_frontend_risk_enforce.yaml
[fsm_node-3] [0;32m Load param astar/map_voxel_num success: [0;0m[500 500 100 ]
[fsm_node-3] [0;32m Load param astar/allow_diag success: [0;0m1
[fsm_node-3] [0;32m Load param astar/debug_visualization_en success: [0;0m0
[fsm_node-3] [0;32m Load param astar/heu_type success: [0;0m2
[fsm_node-3] [0;32m Load param astar/visual_process success: [0;0m0
[fsm_node-3] [32m -- [RM] Init Astar-map.[0m
[fsm_node-3] [34m	map index size: 250 250  50[0m
[fsm_node-3] [34m	map vox_num: 501 501 101[0m
[fsm_node-3] [INFO] [1789476935.115365206] [fsm_node]:  -- [FULL_REFRESH_ACK_GATE] listening sla=0.750s
[fsm_node-3] [INFO] [1789476935.116130144] [fsm_node]:  -- [FRONTEND_RISK] listening topic=/planning/trajectory_risk_verdict result_max_age=0.200s source_max_age=0.750s enforce=true body_result_max_age=0.150s body_source_max_age=0.200s body_enforce=true
[fsm_node-3] [33m -- [Fsm] CLICKGOAL ENABLE.[0m
[fsm_node-3] [INFO] [1789476935.117161180] [fsm_node]: [32m -- [Fsm-Test] Begin.[0m
[fsm_node-3] [33m -- [ROS] No odom received, skip cloud callback.[0m
[fsm_node-3] [38;2;000;128;000m -- [Fsm]: [MainFsmCallback] change state from [INIT] to [WAIT_GOAL].
[fsm_node-3] [0m -- [Fsm] MAP_NOT_READY reason=accepted_count,committed_count,scan_span accepted=1 committed=1 version=1 lag=0 span=0.000s cloud_age=0.093s committed_cloud_age=0.093s commit_age=0.081s in_progress=false
[fsm_node-3] [32m -- [Fsm 1.000] Current state: WAIT_GOAL[0m
[fsm_node-3]  -- [Fsm] MAP_READY accepted=8 committed=7 version=7 lag=1 span=1.100s cloud_age=0.003s committed_cloud_age=0.200s commit_age=0.188s in_progress=true
[fsm_node-3] [32m -- [Fsm] Get goal at [0m24.025 24.025  1.525
[fsm_node-3] [32m -- [Fsm] Receive click goal at: [24.025 24.025  1.525]; goal yaw: 0.000 deg[0m
[fsm_node-3] [INFO] [1789476936.268415771] [fsm_node]:  -- [OPTIMIZER_PHASE_MEMORY] optimizer=exp event=begin call=1 rss_mib=3102.223 swap_mib=0.000 variables=9 pieces=3
[fsm_node-3] [INFO] [1789476936.269951903] [fsm_node]:  -- [OPTIMIZER_PHASE_MEMORY] optimizer=exp event=end call=1 duration_ms=1.599 iterations=246 ret=1 rss_mib=3102.230 swap_mib=0.000 rss_delta_mib=0.008
[fsm_node-3] [INFO] [1789476936.270006972] [fsm_node]:  -- [SUPER] in [PlanFromRest] GenerateExpTrajectory SUCCESS.
[fsm_node-3] [INFO] [1789476936.369422578] [fsm_node]:  -- [OPTIMIZER_PHASE_MEMORY] optimizer=backup event=begin call=1 rss_mib=3102.293 swap_mib=0.000 variables=18 pieces=2
[fsm_node-3] [INFO] [1789476936.369967918] [fsm_node]:  -- [OPTIMIZER_PHASE_MEMORY] optimizer=backup event=end call=1 duration_ms=0.606 iterations=91 ret=1 rss_mib=3102.324 swap_mib=0.000 rss_delta_mib=0.031
[fsm_node-3] [WARN] [1789476936.369973937] [fsm_node]:  -- [BackOpt] Opt failed, Omg or thr or Pos violation.
[fsm_node-3] [38;2;000;128;000m -- [Fsm]: [MainFsmCallback] change state from [WAIT_GOAL] to [GENERATE_TRAJ].
[fsm_node-3] [0m[33m -- [MINCO] TrajOpt failed, (unknown)[0m
[fsm_node-3] [33m -- [SUPER] Minco backup_traj opt failed.[0m
[fsm_node-3] [INFO] [1789476936.370028268] [fsm_node]:  -- [OPTIMIZER_PHASE_MEMORY] optimizer=backup event=begin call=2 rss_mib=3102.324 swap_mib=0.000 variables=18 pieces=2
[fsm_node-3] [INFO] [1789476936.370444659] [fsm_node]:  -- [OPTIMIZER_PHASE_MEMORY] optimizer=backup event=end call=2 duration_ms=0.417 iterations=89 ret=1 rss_mib=3102.324 swap_mib=0.000 rss_delta_mib=0.000
[fsm_node-3] [WARN] [1789476936.370449295] [fsm_node]:  -- [BackOpt] Opt failed, Omg or thr or Pos violation.
[fsm_node-3] [WARN] [1789476936.370454364] [fsm_node]:  -- [SUPER] OptimizationBakTrajInPolytopes failed, force return
[fsm_node-3] [WARN] [1789476936.370459903] [fsm_node]:  -- [SUPER] in [PlanFromRest] generateBackupTrajectory return [OPT_FAILED], force return
[fsm_node-3] [33m -- [MINCO] TrajOpt failed, (unknown)[0m
[fsm_node-3] [33m -- [SUPER] Minco backup_traj opt failed.[0m
[fsm_node-3] [33m -- [Fsm] PlanFromRest failed, try replan.[0m
[fsm_node-3] [INFO] [1789476936.399048612] [fsm_node]:  -- [OPTIMIZER_PHASE_MEMORY] optimizer=exp event=begin call=2 rss_mib=3102.391 swap_mib=0.000 variables=9 pieces=3
[fsm_node-3] [INFO] [1789476936.401051961] [fsm_node]:  -- [OPTIMIZER_PHASE_MEMORY] optimizer=exp event=end call=2 duration_ms=2.056 iterations=274 ret=1 rss_mib=3102.391 swap_mib=0.000 rss_delta_mib=0.000
[fsm_node-3] [INFO] [1789476936.401102520] [fsm_node]:  -- [SUPER] in [PlanFromRest] GenerateExpTrajectory SUCCESS.
[fsm_node-3] [INFO] [1789476936.510801635] [fsm_node]:  -- [OPTIMIZER_PHASE_MEMORY] optimizer=backup event=begin call=3 rss_mib=3102.398 swap_mib=0.000 variables=18 pieces=2
[fsm_node-3] [INFO] [1789476936.511301734] [fsm_node]:  -- [OPTIMIZER_PHASE_MEMORY] optimizer=backup event=end call=3 duration_ms=0.565 iterations=85 ret=1 rss_mib=3102.406 swap_mib=0.000 rss_delta_mib=0.008
[fsm_node-3] [WARN] [1789476936.511308164] [fsm_node]:  -- [BackOpt] Opt failed, Omg or thr or Pos violation.
[fsm_node-3] [INFO] [1789476936.511360671] [fsm_node]:  -- [OPTIMIZER_PHASE_MEMORY] optimizer=backup event=begin call=4 rss_mib=3102.406 swap_mib=0.000 variables=18 pieces=2
[fsm_node-3] [33m -- [MINCO] TrajOpt failed, (unknown)[0m
[fsm_node-3] [33m -- [SUPER] Minco backup_traj opt failed.[0m
[fsm_node-3] [INFO] [1789476936.511814771] [fsm_node]:  -- [OPTIMIZER_PHASE_MEMORY] optimizer=backup event=end call=4 duration_ms=0.455 iterations=96 ret=1 rss_mib=3102.406 swap_mib=0.000 rss_delta_mib=0.000
[fsm_node-3] [WARN] [1789476936.511819216] [fsm_node]:  -- [BackOpt] Opt failed, Omg or thr or Pos violation.
[fsm_node-3] [WARN] [1789476936.511824680] [fsm_node]:  -- [SUPER] OptimizationBakTrajInPolytopes failed, force return
[fsm_node-3] [WARN] [1789476936.511829693] [fsm_node]:  -- [SUPER] in [PlanFromRest] generateBackupTrajectory return [OPT_FAILED], force return
[fsm_node-3] [33m -- [MINCO] TrajOpt failed, (unknown)[0m
[fsm_node-3] [33m -- [SUPER] Minco backup_traj opt failed.[0m
[fsm_node-3] [33m -- [Fsm] PlanFromRest failed, try replan.[0m
[fsm_node-3] [INFO] [1789476936.536660390] [fsm_node]:  -- [OPTIMIZER_PHASE_MEMORY] optimizer=exp event=begin call=3 rss_mib=3102.480 swap_mib=0.000 variables=9 pieces=3
[fsm_node-3] [INFO] [1789476936.538126740] [fsm_node]:  -- [OPTIMIZER_PHASE_MEMORY] optimizer=exp event=end call=3 duration_ms=1.516 iterations=204 ret=1 rss_mib=3102.488 swap_mib=0.000 rss_delta_mib=0.008
[fsm_node-3] [INFO] [1789476936.538201116] [fsm_node]:  -- [SUPER] in [PlanFromRest] GenerateExpTrajectory SUCCESS.
[fsm_node-3] [INFO] [1789476936.644069167] [fsm_node]:  -- [OPTIMIZER_PHASE_MEMORY] optimizer=backup event=begin call=5 rss_mib=3102.488 swap_mib=0.000 variables=18 pieces=2
[fsm_node-3] [INFO] [1789476936.648358139] [fsm_node]:  -- [OPTIMIZER_PHASE_MEMORY] optimizer=backup event=end call=5 duration_ms=4.323 iterations=708 ret=1 rss_mib=3102.520 swap_mib=0.000 rss_delta_mib=0.031
[fsm_node-3] [INFO] [1789476936.648441877] [fsm_node]:  -- [OPTIMIZER_PHASE_MEMORY] optimizer=backup event=begin call=6 rss_mib=3102.531 swap_mib=0.000 variables=18 pieces=2
[fsm_node-3] [INFO] [1789476936.658187222] [fsm_node]:  -- [OPTIMIZER_PHASE_MEMORY] optimizer=backup event=end call=6 duration_ms=9.736 iterations=1188 ret=1 rss_mib=3102.531 swap_mib=0.000 rss_delta_mib=0.000
[fsm_node-3] [INFO] [1789476936.658540797] [fsm_node]:  -- [TRAJ_GUARD_COMMIT] phase=PlanFromRest/with_backup gen=1 map=11 samples=273 range=[0.146,1.498] escape=false footprint_egress=false escape_done_tt=-1.000
[fsm_node-3] [INFO] [1789476936.790583350] [fsm_node]:  -- [OPTIMIZER_PHASE_MEMORY] optimizer=exp event=begin call=4 rss_mib=3102.547 swap_mib=0.000 variables=13 pieces=4
[fsm_node-3] [INFO] [1789476936.794290625] [fsm_node]:  -- [OPTIMIZER_PHASE_MEMORY] optimizer=exp event=end call=4 duration_ms=3.747 iterations=434 ret=1 rss_mib=3102.609 swap_mib=0.000 rss_delta_mib=0.062
[fsm_node-3] [INFO] [1789476936.902318091] [fsm_node]:  -- [OPTIMIZER_PHASE_MEMORY] optimizer=backup event=begin call=7 rss_mib=3107.746 swap_mib=0.000 variables=18 pieces=2
[fsm_node-3] [INFO] [1789476936.904261244] [fsm_node]:  -- [OPTIMIZER_PHASE_MEMORY] optimizer=backup event=end call=7 duration_ms=1.997 iterations=404 ret=1 rss_mib=3107.773 swap_mib=0.000 rss_delta_mib=0.027
[fsm_node-3] [INFO] [1789476936.904345812] [fsm_node]:  -- [OPTIMIZER_PHASE_MEMORY] optimizer=backup event=begin call=8 rss_mib=3107.785 swap_mib=0.000 variables=18 pieces=2
[fsm_node-3] [INFO] [1789476936.906755939] [fsm_node]:  -- [OPTIMIZER_PHASE_MEMORY] optimizer=backup event=end call=8 duration_ms=2.412 iterations=431 ret=1 rss_mib=3107.789 swap_mib=0.000 rss_delta_mib=0.004
[fsm_node-3] [WARN] [1789476936.906785309] [fsm_node]:  -- [SUPER] in [ReplanOnce]: Replan overtime, check parameters, replan dt = 0.13967421.
[fsm_node-3] [INFO] [1789476936.932248991] [fsm_node]:  -- [OPTIMIZER_PHASE_MEMORY] optimizer=exp event=begin call=5 rss_mib=3107.797 swap_mib=0.000 variables=9 pieces=3
[fsm_node-3] [INFO] [1789476936.933656523] [fsm_node]:  -- [OPTIMIZER_PHASE_MEMORY] optimizer=exp event=end call=5 duration_ms=1.452 iterations=194 ret=1 rss_mib=3107.840 swap_mib=0.000 rss_delta_mib=0.043
[fsm_node-3] [INFO] [1789476937.041260610] [fsm_node]:  -- [OPTIMIZER_PHASE_MEMORY] optimizer=backup event=begin call=9 rss_mib=3107.859 swap_mib=0.000 variables=18 pieces=2
[fsm_node-3] [INFO] [1789476937.053534039] [fsm_node]:  -- [OPTIMIZER_PHASE_MEMORY] optimizer=backup event=end call=9 duration_ms=12.282 iterations=1557 ret=1 rss_mib=3108.238 swap_mib=0.000 rss_delta_mib=0.379
[fsm_node-3] [INFO] [1789476937.053646994] [fsm_node]:  -- [OPTIMIZER_PHASE_MEMORY] optimizer=backup event=begin call=10 rss_mib=3108.484 swap_mib=0.000 variables=18 pieces=2
[fsm_node-3] [INFO] [1789476937.053950545] [fsm_node]:  -- [OPTIMIZER_PHASE_MEMORY] optimizer=backup event=end call=10 duration_ms=0.307 iterations=70 ret=1 rss_mib=3109.074 swap_mib=0.000 rss_delta_mib=0.590
[fsm_node-3] [WARN] [1789476937.053983567] [fsm_node]:  -- [SUPER] in [ReplanOnce]: Replan overtime, check parameters, replan dt = 0.146939651.
[fsm_node-3] [INFO] [1789476937.080491713] [fsm_node]:  -- [OPTIMIZER_PHASE_MEMORY] optimizer=exp event=begin call=6 rss_mib=3111.367 swap_mib=0.000 variables=13 pieces=4
[fsm_node-3] [INFO] [1789476937.084942390] [fsm_node]:  -- [OPTIMIZER_PHASE_MEMORY] optimizer=exp event=end call=6 duration_ms=4.502 iterations=210 ret=1 rss_mib=3111.402 swap_mib=0.000 rss_delta_mib=0.035
[fsm_node-3]  -- [TRAJ_GUARD_CERT] trigger=poly_publish status=SAFE gen=1 map=11 map_age=0.008s map_age_limit=0.550s motion_speed=0.683mps samples=272 range=[0.146,1.498] collision_tt=-1.000 ttc=-1.000 p=[0.000,0.000,0.000]
[fsm_node-3] [38;2;000;128;000m -- [Fsm]: [MainFsmCallback] change state from [GENERATE_TRAJ] to [FOLLOW_TRAJ].
[fsm_node-3] [0m -- [TRAJ_GUARD_CERT] trigger=main_pre status=SAFE gen=1 map=12 map_age=0.013s map_age_limit=0.500s motion_speed=4.209mps samples=230 range=[0.355,1.498] collision_tt=-1.000 ttc=-1.000 p=[0.000,0.000,0.000]
[fsm_node-3]  -- [TRAJ_GUARD_CERT] trigger=main_pre status=SAFE gen=1 map=13 map_age=0.005s map_age_limit=0.500s motion_speed=6.717mps samples=192 range=[0.545,1.498] collision_tt=-1.000 ttc=-1.000 p=[0.000,0.000,0.000]
[fsm_node-3] [32m -- [Fsm 2.010] Current state: FOLLOW_TRAJ[0m
[fsm_node-3] [INFO] [1789476937.193446771] [fsm_node]:  -- [OPTIMIZER_PHASE_MEMORY] optimizer=backup event=begin call=11 rss_mib=3111.402 swap_mib=0.000 variables=18 pieces=2
[fsm_node-3] [INFO] [1789476937.199648876] [fsm_node]:  -- [OPTIMIZER_PHASE_MEMORY] optimizer=backup event=end call=11 duration_ms=6.239 iterations=1046 ret=1 rss_mib=3111.441 swap_mib=0.000 rss_delta_mib=0.039
[fsm_node-3] [INFO] [1789476937.199755011] [fsm_node]:  -- [OPTIMIZER_PHASE_MEMORY] optimizer=backup event=begin call=12 rss_mib=3111.441 swap_mib=0.000 variables=18 pieces=2
[fsm_node-3] [INFO] [1789476937.204506107] [fsm_node]:  -- [OPTIMIZER_PHASE_MEMORY] optimizer=backup event=end call=12 duration_ms=4.749 iterations=744 ret=1 rss_mib=3111.441 swap_mib=0.000 rss_delta_mib=0.000
[fsm_node-3] [WARN] [1789476937.204543129] [fsm_node]:  -- [SUPER] in [ReplanOnce]: Replan overtime, check parameters, replan dt = 0.150277124.
[perfect_drone_frontend_node-2] [INFO] [1789476937.213954070] [native_sector_cpp]: frames=40 published=22 kept 13.5% (972/7207 pts/input-frame)
[fsm_node-3] [32m -- [Fsm] Get goal at [0m24.025 24.025  1.525
[fsm_node-3] [32m -- [Fsm] Receive click goal at: [24.025 24.025  1.525]; goal yaw: 0.000 deg[0m
[fsm_node-3] [INFO] [1789476937.231129150] [fsm_node]:  -- [OPTIMIZER_PHASE_MEMORY] optimizer=exp event=begin call=7 rss_mib=3111.488 swap_mib=0.000 variables=13 pieces=4
[fsm_node-3] [INFO] [1789476937.232448309] [fsm_node]:  -- [OPTIMIZER_PHASE_MEMORY] optimizer=exp event=end call=7 duration_ms=1.367 iterations=126 ret=1 rss_mib=3111.527 swap_mib=0.000 rss_delta_mib=0.039
[fsm_node-3] [INFO] [1789476937.347636377] [fsm_node]:  -- [OPTIMIZER_PHASE_MEMORY] optimizer=backup event=begin call=13 rss_mib=3119.207 swap_mib=0.000 variables=26 pieces=2
[fsm_node-3] [INFO] [1789476937.351151333] [fsm_node]:  -- [OPTIMIZER_PHASE_MEMORY] optimizer=backup event=end call=13 duration_ms=3.566 iterations=566 ret=1 rss_mib=3119.250 swap_mib=0.000 rss_delta_mib=0.043
[fsm_node-3] [INFO] [1789476937.351271117] [fsm_node]:  -- [OPTIMIZER_PHASE_MEMORY] optimizer=backup event=begin call=14 rss_mib=3119.262 swap_mib=0.000 variables=26 pieces=2
[fsm_node-3] [INFO] [1789476937.352112752] [fsm_node]:  -- [OPTIMIZER_PHASE_MEMORY] optimizer=backup event=end call=14 duration_ms=0.844 iterations=178 ret=1 rss_mib=3119.266 swap_mib=0.000 rss_delta_mib=0.004
[fsm_node-3] [WARN] [1789476937.352151639] [fsm_node]:  -- [SUPER] in [ReplanOnce]: Replan overtime, check parameters, replan dt = 0.147328238.
[fsm_node-3] [INFO] [1789476937.387709527] [fsm_node]:  -- [OPTIMIZER_PHASE_MEMORY] optimizer=exp event=begin call=8 rss_mib=3119.266 swap_mib=0.000 variables=13 pieces=4
[fsm_node-3] [INFO] [1789476937.392116463] [fsm_node]:  -- [OPTIMIZER_PHASE_MEMORY] optimizer=exp event=end call=8 duration_ms=4.447 iterations=387 ret=1 rss_mib=3119.273 swap_mib=0.000 rss_delta_mib=0.008
[fsm_node-3] [INFO] [1789476937.512521233] [fsm_node]:  -- [OPTIMIZER_PHASE_MEMORY] optimizer=backup event=begin call=15 rss_mib=3124.797 swap_mib=0.000 variables=30 pieces=2
[fsm_node-3] [INFO] [1789476937.524773295] [fsm_node]:  -- [OPTIMIZER_PHASE_MEMORY] optimizer=backup event=end call=15 duration_ms=12.313 iterations=1419 ret=1 rss_mib=3124.797 swap_mib=0.000 rss_delta_mib=0.000
[fsm_node-3] [INFO] [1789476937.524882668] [fsm_node]:  -- [OPTIMIZER_PHASE_MEMORY] optimizer=backup event=begin call=16 rss_mib=3124.809 swap_mib=0.000 variables=30 pieces=2
[fsm_node-3] [INFO] [1789476937.527692368] [fsm_node]:  -- [OPTIMIZER_PHASE_MEMORY] optimizer=backup event=end call=16 duration_ms=2.811 iterations=518 ret=1 rss_mib=3124.809 swap_mib=0.000 rss_delta_mib=0.000
[fsm_node-3] [WARN] [1789476937.527725500] [fsm_node]:  -- [SUPER] in [ReplanOnce]: Replan overtime, check parameters, replan dt = 0.175343417.
[fsm_node-3] [INFO] [1789476937.561813703] [fsm_node]:  -- [OPTIMIZER_PHASE_MEMORY] optimizer=exp event=begin call=9 rss_mib=3125.016 swap_mib=0.000 variables=13 pieces=4
[fsm_node-3] [INFO] [1789476937.563848049] [fsm_node]:  -- [OPTIMIZER_PHASE_MEMORY] optimizer=exp event=end call=9 duration_ms=2.110 iterations=202 ret=1 rss_mib=3125.016 swap_mib=0.000 rss_delta_mib=0.000
[fsm_node-3] [INFO] [1789476937.671760875] [fsm_node]:  -- [OPTIMIZER_PHASE_MEMORY] optimizer=backup event=begin call=17 rss_mib=3125.500 swap_mib=0.000 variables=56 pieces=2
[fsm_node-3] [INFO] [1789476937.679219088] [fsm_node]:  -- [OPTIMIZER_PHASE_MEMORY] optimizer=backup event=end call=17 duration_ms=7.472 iterations=147 ret=1 rss_mib=3125.539 swap_mib=0.000 rss_delta_mib=0.039
[fsm_node-3] [INFO] [1789476937.679857444] [fsm_node]:  -- [OPTIMIZER_PHASE_MEMORY] optimizer=backup event=begin call=18 rss_mib=3126.129 swap_mib=0.000 variables=56 pieces=2
[fsm_node-3] [INFO] [1789476937.703273652] [fsm_node]:  -- [OPTIMIZER_PHASE_MEMORY] optimizer=backup event=end call=18 duration_ms=23.406 iterations=465 ret=1 rss_mib=3127.168 swap_mib=0.000 rss_delta_mib=1.039
[fsm_node-3] [WARN] [1789476937.703331996] [fsm_node]:  -- [SUPER] in [ReplanOnce]: Replan overtime, check parameters, replan dt = 0.175295247.
[fsm_node-3] [INFO] [1789476937.731704583] [fsm_node]:  -- [OPTIMIZER_PHASE_MEMORY] optimizer=exp event=begin call=10 rss_mib=3127.168 swap_mib=0.000 variables=13 pieces=4
[fsm_node-3] [INFO] [1789476937.734497674] [fsm_node]:  -- [OPTIMIZER_PHASE_MEMORY] optimizer=exp event=end call=10 duration_ms=2.845 iterations=289 ret=1 rss_mib=3127.176 swap_mib=0.000 rss_delta_mib=0.008
[fsm_node-3] [INFO] [1789476937.840652728] [fsm_node]:  -- [OPTIMIZER_PHASE_MEMORY] optimizer=backup event=begin call=19 rss_mib=3127.648 swap_mib=0.000 variables=26 pieces=2
[fsm_node-3] [INFO] [1789476937.844923642] [fsm_node]:  -- [OPTIMIZER_PHASE_MEMORY] optimizer=backup event=end call=19 duration_ms=4.297 iterations=572 ret=1 rss_mib=3128.148 swap_mib=0.000 rss_delta_mib=0.500
[fsm_node-3] [INFO] [1789476937.845075468] [fsm_node]:  -- [OPTIMIZER_PHASE_MEMORY] optimizer=backup event=begin call=20 rss_mib=3128.160 swap_mib=0.000 variables=26 pieces=2
[fsm_node-3] [INFO] [1789476937.845942115] [fsm_node]:  -- [OPTIMIZER_PHASE_MEMORY] optimizer=backup event=end call=20 duration_ms=0.869 iterations=186 ret=1 rss_mib=3128.160 swap_mib=0.000 rss_delta_mib=0.000
[fsm_node-3] [WARN] [1789476937.845977154] [fsm_node]:  -- [SUPER] in [ReplanOnce]: Replan overtime, check parameters, replan dt = 0.142313169.
[fsm_node-3] [INFO] [1789476937.876335904] [fsm_node]:  -- [OPTIMIZER_PHASE_MEMORY] optimizer=exp event=begin call=11 rss_mib=3128.164 swap_mib=0.000 variables=13 pieces=4
[fsm_node-3] [INFO] [1789476937.898984741] [fsm_node]:  -- [OPTIMIZER_PHASE_MEMORY] optimizer=exp event=end call=11 duration_ms=22.684 iterations=905 ret=1 rss_mib=3128.164 swap_mib=0.000 rss_delta_mib=0.000
[fsm_node-3] [INFO] [1789476938.001219588] [fsm_node]:  -- [OPTIMIZER_PHASE_MEMORY] optimizer=backup event=begin call=21 rss_mib=3128.789 swap_mib=0.000 variables=42 pieces=2
[fsm_node-3] [INFO] [1789476938.004230197] [fsm_node]:  -- [OPTIMIZER_PHASE_MEMORY] optimizer=backup event=end call=21 duration_ms=3.055 iterations=262 ret=1 rss_mib=3128.789 swap_mib=0.000 rss_delta_mib=0.000
[fsm_node-3] [INFO] [1789476938.004403654] [fsm_node]:  -- [OPTIMIZER_PHASE_MEMORY] optimizer=backup event=begin call=22 rss_mib=3128.789 swap_mib=0.000 variables=42 pieces=2
[fsm_node-3] [INFO] [1789476938.005629378] [fsm_node]:  -- [OPTIMIZER_PHASE_MEMORY] optimizer=backup event=end call=22 duration_ms=1.228 iterations=109 ret=1 rss_mib=3128.789 swap_mib=0.000 rss_delta_mib=0.000
[fsm_node-3] [WARN] [1789476938.005661132] [fsm_node]:  -- [SUPER] in [ReplanOnce]: Replan overtime, check parameters, replan dt = 0.159494969.
[fsm_node-3] [INFO] [1789476938.006452789] [fsm_node]:  -- [TRAJ_GUARD_COMMIT] phase=ReplanOnce/no_backup gen=2 map=17 samples=25 range=[1.494,1.608] escape=false footprint_egress=false escape_done_tt=-1.000
[fsm_node-3]  -- [TRAJ_GUARD_CERT] trigger=main_pre status=SAFE gen=1 map=14 map_age=0.016s map_age_limit=0.500s motion_speed=6.898mps samples=144 range=[0.785,1.498] collision_tt=-1.000 ttc=-1.000 p=[0.000,0.000,0.000]
[fsm_node-3]  -- [TRAJ_GUARD_CERT] trigger=main_pre status=SAFE gen=1 map=15 map_age=0.014s map_age_limit=0.500s motion_speed=6.998mps samples=106 range=[0.975,1.498] collision_tt=-1.000 ttc=-1.000 p=[0.000,0.000,0.000]
[fsm_node-3]  -- [TRAJ_GUARD_CERT] trigger=main_pre status=SAFE gen=1 map=16 map_age=0.014s map_age_limit=0.500s motion_speed=5.835mps samples=66 range=[1.175,1.498] collision_tt=-1.000 ttc=-1.000 p=[0.000,0.000,0.000]
[fsm_node-3]  -- [TRAJ_GUARD_CERT] trigger=main_pre status=SAFE gen=1 map=17 map_age=0.009s map_age_limit=0.545s motion_speed=2.593mps samples=30 range=[1.355,1.498] collision_tt=-1.000 ttc=-1.000 p=[0.000,0.000,0.000]
[fsm_node-3] [32m -- [Fsm] ReplanOnce succeed.[0m
[fsm_node-3] [INFO] [1789476938.021649661] [fsm_node]:  -- [TRAJ_GUARD_COMMIT] phase=ReplanOnce/no_backup gen=3 map=17 samples=22 range=[1.509,1.608] escape=false footprint_egress=false escape_done_tt=-1.000
[fsm_node-3]  -- [TRAJ_GUARD_CERT] trigger=poly_publish status=SAFE gen=2 map=17 map_age=0.148s map_age_limit=0.550s motion_speed=0.076mps samples=24 range=[1.494,1.608] collision_tt=-1.000 ttc=-1.000 p=[0.000,0.000,0.000]
[fsm_node-3] [32m -- [Fsm] ReplanOnce succeed.[0m
[fsm_node-3] [INFO] [1789476938.087379147] [fsm_node]:  -- [TRAJ_GUARD_COMMIT] phase=ReplanOnce/no_backup gen=4 map=18 samples=9 range=[1.575,1.608] escape=false footprint_egress=false escape_done_tt=-1.000
[fsm_node-3]  -- [TRAJ_GUARD_CERT] trigger=poly_publish status=SAFE gen=3 map=17 map_age=0.164s map_age_limit=0.550s motion_speed=0.277mps samples=21 range=[1.510,1.608] collision_tt=-1.000 ttc=-1.000 p=[0.000,0.000,0.000]
[fsm_node-3]  -- [TRAJ_GUARD_CERT] trigger=main_pre status=SAFE gen=3 map=18 map_age=0.008s map_age_limit=0.550s motion_speed=0.109mps samples=14 range=[1.545,1.608] collision_tt=-1.000 ttc=-1.000 p=[0.000,0.000,0.000]
[fsm_node-3] [32m -- [Fsm] ReplanOnce succeed.[0m
[fsm_node-3]  -- [TRAJ_GUARD_CERT] trigger=poly_publish status=SAFE gen=4 map=18 map_age=0.038s map_age_limit=0.550s motion_speed=0.012mps samples=8 range=[1.575,1.608] collision_tt=-1.000 ttc=-1.000 p=[0.000,0.000,0.000]
[fsm_node-3] [32m -- [Fsm] Traj finish.[0m
[fsm_node-3] [38;2;000;128;000m -- [Fsm]: [PubCmdCallback] change state from [FOLLOW_TRAJ] to [GENERATE_TRAJ].
[fsm_node-3] [0m[32m -- [Fsm 3.010] Current state: GENERATE_TRAJ[0m
[fsm_node-3] [WARN] [1789476938.137280310] [fsm_node]:  -- [TRAJ_GUARD_RECOVERY_EPISODE_RESET] reason=horizontal_progress progress=6.872m threshold=2.000m prior_local=0 prior_vertical=0 prior_base=0
[perfect_drone_frontend_node-2] [INFO] [1789476938.138430657] [perfect_tracking]: [SENSOR_CADENCE_SUMMARY] frames=50 span_s=4.903438 hz=9.992989 raw_published=0 direct_handoffs=50 payload_bytes=15619008 side_entry_v1_enabled=0 side_entry_v1_spawned=0 side_entry_v1_injected_frames=0
[perfect_drone_frontend_node-2] [INFO] [1789476938.138487980] [perfect_tracking]: [SENSOR_BURST_DROPOUT_SUMMARY] enabled=0 warmup_s=1.000000 period_s=2.000000 duration_s=0.500000 phase_s=0.000000 phase_env_override=0 rendered=50 delivered=50 dropped=0 bursts=0 max_consecutive_dropped=0 max_delivered_gap_s=0.104035 dropped_payload_bytes=0
[fsm_node-3] [INFO] [1789476938.172669865] [fsm_node]:  -- [OPTIMIZER_PHASE_MEMORY] optimizer=exp event=begin call=12 rss_mib=3129.348 swap_mib=0.000 variables=13 pieces=4
[fsm_node-3] [INFO] [1789476938.175981030] [fsm_node]:  -- [OPTIMIZER_PHASE_MEMORY] optimizer=exp event=end call=12 duration_ms=3.374 iterations=304 ret=1 rss_mib=3129.348 swap_mib=0.000 rss_delta_mib=0.000
[fsm_node-3] [INFO] [1789476938.176029800] [fsm_node]:  -- [SUPER] in [PlanFromRest] GenerateExpTrajectory SUCCESS.
[fsm_node-3] [INFO] [1789476938.255346560] [fsm_node]:  -- [OPTIMIZER_PHASE_MEMORY] optimizer=backup event=begin call=23 rss_mib=3129.766 swap_mib=0.000 variables=50 pieces=2
[fsm_node-3] [INFO] [1789476938.261627264] [fsm_node]:  -- [OPTIMIZER_PHASE_MEMORY] optimizer=backup event=end call=23 duration_ms=6.338 iterations=114 ret=1 rss_mib=3129.766 swap_mib=0.000 rss_delta_mib=0.000
[fsm_node-3] [INFO] [1789476938.262200279] [fsm_node]:  -- [OPTIMIZER_PHASE_MEMORY] optimizer=backup event=begin call=24 rss_mib=3129.766 swap_mib=0.000 variables=50 pieces=2
[fsm_node-3] [INFO] [1789476938.280297416] [fsm_node]:  -- [OPTIMIZER_PHASE_MEMORY] optimizer=backup event=end call=24 duration_ms=18.095 iterations=334 ret=1 rss_mib=3129.766 swap_mib=0.000 rss_delta_mib=0.000
[fsm_node-3] [INFO] [1789476938.280630333] [fsm_node]:  -- [TRAJ_GUARD_COMMIT] phase=PlanFromRest/with_backup gen=5 map=19 samples=224 range=[0.143,1.253] escape=false footprint_egress=false escape_done_tt=-1.000
[fsm_node-3]  -- [TRAJ_GUARD_CERT] trigger=poly_publish status=SAFE gen=5 map=19 map_age=0.031s map_age_limit=0.550s motion_speed=0.000mps samples=223 range=[0.143,1.253] collision_tt=-1.000 ttc=-1.000 p=[0.000,0.000,0.000]
[fsm_node-3] [38;2;000;128;000m -- [Fsm]: [MainFsmCallback] change state from [GENERATE_TRAJ] to [FOLLOW_TRAJ].
[fsm_node-3] [0m[32m -- [Fsm] Get goal at [0m24.025000000000002 24.025000000000002  1.525000000000000
[fsm_node-3] [32m -- [Fsm] Receive click goal at: [24.025000000000002 24.025000000000002  1.525000000000000]; goal yaw: 0.000000000000000 deg[0m
[fsm_node-3] [INFO] [1789476938.307644089] [fsm_node]:  -- [OPTIMIZER_PHASE_MEMORY] optimizer=exp event=begin call=13 rss_mib=3129.773 swap_mib=0.000 variables=13 pieces=4
[fsm_node-3] [INFO] [1789476938.310816798] [fsm_node]:  -- [OPTIMIZER_PHASE_MEMORY] optimizer=exp event=end call=13 duration_ms=3.224 iterations=325 ret=1 rss_mib=3129.773 swap_mib=0.000 rss_delta_mib=0.000
[fsm_node-3] [INFO] [1789476938.397949644] [fsm_node]:  -- [OPTIMIZER_PHASE_MEMORY] optimizer=backup event=begin call=25 rss_mib=3130.273 swap_mib=0.000 variables=58 pieces=2
[fsm_node-3] [INFO] [1789476938.406309279] [fsm_node]:  -- [OPTIMIZER_PHASE_MEMORY] optimizer=backup event=end call=25 duration_ms=8.409 iterations=319 ret=1 rss_mib=3130.273 swap_mib=0.000 rss_delta_mib=0.000
[fsm_node-3] [INFO] [1789476938.406538059] [fsm_node]:  -- [OPTIMIZER_PHASE_MEMORY] optimizer=backup event=begin call=26 rss_mib=3130.273 swap_mib=0.000 variables=58 pieces=2
[fsm_node-3] [INFO] [1789476938.419632823] [fsm_node]:  -- [OPTIMIZER_PHASE_MEMORY] optimizer=backup event=end call=26 duration_ms=13.082 iterations=509 ret=1 rss_mib=3130.273 swap_mib=0.000 rss_delta_mib=0.000
[fsm_node-3] [WARN] [1789476938.419680164] [fsm_node]:  -- [SUPER] in [ReplanOnce]: Replan overtime, check parameters, replan dt = 0.134474973.
[fsm_node-3] [INFO] [1789476938.445225150] [fsm_node]:  -- [OPTIMIZER_PHASE_MEMORY] optimizer=exp event=begin call=14 rss_mib=3130.473 swap_mib=0.000 variables=13 pieces=4
[fsm_node-3] [INFO] [1789476938.448085036] [fsm_node]:  -- [OPTIMIZER_PHASE_MEMORY] optimizer=exp event=end call=14 duration_ms=2.918 iterations=279 ret=1 rss_mib=3130.473 swap_mib=0.000 rss_delta_mib=0.000
[fsm_node-3] [INFO] [1789476938.523684353] [fsm_node]:  -- [OPTIMIZER_PHASE_MEMORY] optimizer=backup event=begin call=27 rss_mib=3130.477 swap_mib=0.000 variables=46 pieces=2
[fsm_node-3] [INFO] [1789476938.551891766] [fsm_node]:  -- [OPTIMIZER_PHASE_MEMORY] optimizer=backup event=end call=27 duration_ms=28.256 iterations=1484 ret=1 rss_mib=3130.477 swap_mib=0.000 rss_delta_mib=0.000
[fsm_node-3] [INFO] [1789476938.552085995] [fsm_node]:  -- [OPTIMIZER_PHASE_MEMORY] optimizer=backup event=begin call=28 rss_mib=3130.477 swap_mib=0.000 variables=46 pieces=2
[fsm_node-3] [INFO] [1789476938.556805674] [fsm_node]:  -- [OPTIMIZER_PHASE_MEMORY] optimizer=backup event=end call=28 duration_ms=4.722 iterations=321 ret=1 rss_mib=3130.477 swap_mib=0.000 rss_delta_mib=0.000
[fsm_node-3] [WARN] [1789476938.556837750] [fsm_node]:  -- [SUPER] in [ReplanOnce]: Replan overtime, check parameters, replan dt = 0.136787663.
[fsm_node-3] [INFO] [1789476938.583196811] [fsm_node]:  -- [OPTIMIZER_PHASE_MEMORY] optimizer=exp event=begin call=15 rss_mib=3130.488 swap_mib=0.000 variables=13 pieces=4
[fsm_node-3] [INFO] [1789476938.615583066] [fsm_node]:  -- [OPTIMIZER_PHASE_MEMORY] optimizer=exp event=end call=15 duration_ms=32.414 iterations=2728 ret=1 rss_mib=3130.492 swap_mib=0.000 rss_delta_mib=0.004
[fsm_node-3] [INFO] [1789476938.681277315] [fsm_node]:  -- [OPTIMIZER_PHASE_MEMORY] optimizer=backup event=begin call=29 rss_mib=3130.883 swap_mib=0.000 variables=46 pieces=2
[fsm_node-3] [INFO] [1789476938.683995780] [fsm_node]:  -- [OPTIMIZER_PHASE_MEMORY] optimizer=backup event=end call=29 duration_ms=2.770 iterations=109 ret=1 rss_mib=3130.883 swap_mib=0.000 rss_delta_mib=0.000
[fsm_node-3] [INFO] [1789476938.684199825] [fsm_node]:  -- [OPTIMIZER_PHASE_MEMORY] optimizer=backup event=begin call=30 rss_mib=3130.883 swap_mib=0.000 variables=46 pieces=2
[fsm_node-3] [INFO] [1789476938.695745377] [fsm_node]:  -- [OPTIMIZER_PHASE_MEMORY] optimizer=backup event=end call=30 duration_ms=11.545 iterations=461 ret=1 rss_mib=3130.883 swap_mib=0.000 rss_delta_mib=0.000
[fsm_node-3] [WARN] [1789476938.695778048] [fsm_node]:  -- [SUPER] in [ReplanOnce]: Replan overtime, check parameters, replan dt = 0.138657144.
[fsm_node-3] [INFO] [1789476938.726687940] [fsm_node]:  -- [OPTIMIZER_PHASE_MEMORY] optimizer=exp event=begin call=16 rss_mib=3130.883 swap_mib=0.000 variables=9 pieces=3
[fsm_node-3] [INFO] [1789476938.727778849] [fsm_node]:  -- [OPTIMIZER_PHASE_MEMORY] optimizer=exp event=end call=16 duration_ms=1.124 iterations=178 ret=1 rss_mib=3130.883 swap_mib=0.000 rss_delta_mib=0.000
[fsm_node-3] [INFO] [1789476938.818209368] [fsm_node]:  -- [OPTIMIZER_PHASE_MEMORY] optimizer=backup event=begin call=31 rss_mib=3130.949 swap_mib=0.000 variables=52 pieces=2
[fsm_node-3] [INFO] [1789476938.823931057] [fsm_node]:  -- [OPTIMIZER_PHASE_MEMORY] optimizer=backup event=end call=31 duration_ms=5.741 iterations=367 ret=1 rss_mib=3130.949 swap_mib=0.000 rss_delta_mib=0.000
[fsm_node-3] [INFO] [1789476938.824060433] [fsm_node]:  -- [OPTIMIZER_PHASE_MEMORY] optimizer=backup event=begin call=32 rss_mib=3130.949 swap_mib=0.000 variables=52 pieces=2
[fsm_node-3] [INFO] [1789476938.827344615] [fsm_node]:  -- [OPTIMIZER_PHASE_MEMORY] optimizer=backup event=end call=32 duration_ms=3.285 iterations=222 ret=1 rss_mib=3130.949 swap_mib=0.000 rss_delta_mib=0.000
[fsm_node-3] [WARN] [1789476938.827370658] [fsm_node]:  -- [SUPER] in [ReplanOnce]: Replan overtime, check parameters, replan dt = 0.131291143.
[fsm_node-3] [INFO] [1789476938.861906583] [fsm_node]:  -- [OPTIMIZER_PHASE_MEMORY] optimizer=exp event=begin call=17 rss_mib=3131.051 swap_mib=0.000 variables=13 pieces=4
[fsm_node-3] [INFO] [1789476938.864627900] [fsm_node]:  -- [OPTIMIZER_PHASE_MEMORY] optimizer=exp event=end call=17 duration_ms=2.780 iterations=307 ret=1 rss_mib=3131.059 swap_mib=0.000 rss_delta_mib=0.008
[fsm_node-3] [INFO] [1789476938.962420905] [fsm_node]:  -- [OPTIMIZER_PHASE_MEMORY] optimizer=backup event=begin call=33 rss_mib=3131.148 swap_mib=0.000 variables=26 pieces=2
[fsm_node-3] [INFO] [1789476938.963226851] [fsm_node]:  -- [OPTIMIZER_PHASE_MEMORY] optimizer=backup event=end call=33 duration_ms=0.871 iterations=189 ret=1 rss_mib=3131.148 swap_mib=0.000 rss_delta_mib=0.000
[fsm_node-3] [INFO] [1789476938.963304397] [fsm_node]:  -- [OPTIMIZER_PHASE_MEMORY] optimizer=backup event=begin call=34 rss_mib=3131.160 swap_mib=0.000 variables=26 pieces=2
[fsm_node-3] [INFO] [1789476938.970125642] [fsm_node]:  -- [OPTIMIZER_PHASE_MEMORY] optimizer=backup event=end call=34 duration_ms=6.820 iterations=1099 ret=1 rss_mib=3131.160 swap_mib=0.000 rss_delta_mib=0.000
[fsm_node-3] [WARN] [1789476938.970157836] [fsm_node]:  -- [SUPER] in [ReplanOnce]: Replan overtime, check parameters, replan dt = 0.142588574.
[fsm_node-3] [INFO] [1789476939.001754252] [fsm_node]:  -- [OPTIMIZER_PHASE_MEMORY] optimizer=exp event=begin call=18 rss_mib=3131.160 swap_mib=0.000 variables=13 pieces=4
[fsm_node-3] [INFO] [1789476939.003304256] [fsm_node]:  -- [OPTIMIZER_PHASE_MEMORY] optimizer=exp event=end call=18 duration_ms=1.607 iterations=199 ret=1 rss_mib=3131.160 swap_mib=0.000 rss_delta_mib=0.000
[fsm_node-3] [INFO] [1789476939.096956724] [fsm_node]:  -- [OPTIMIZER_PHASE_MEMORY] optimizer=backup event=begin call=35 rss_mib=3131.430 swap_mib=0.000 variables=42 pieces=2
[fsm_node-3] [INFO] [1789476939.098794750] [fsm_node]:  -- [OPTIMIZER_PHASE_MEMORY] optimizer=backup event=end call=35 duration_ms=1.872 iterations=191 ret=1 rss_mib=3131.430 swap_mib=0.000 rss_delta_mib=0.000
[fsm_node-3] [INFO] [1789476939.098915082] [fsm_node]:  -- [OPTIMIZER_PHASE_MEMORY] optimizer=backup event=begin call=36 rss_mib=3131.430 swap_mib=0.000 variables=42 pieces=2
[fsm_node-3] [INFO] [1789476939.100376254] [fsm_node]:  -- [OPTIMIZER_PHASE_MEMORY] optimizer=backup event=end call=36 duration_ms=1.460 iterations=160 ret=1 rss_mib=3131.430 swap_mib=0.000 rss_delta_mib=0.000
[fsm_node-3] [WARN] [1789476939.100411479] [fsm_node]:  -- [SUPER] in [ReplanOnce]: Replan overtime, check parameters, replan dt = 0.130005407.
[fsm_node-3] [INFO] [1789476939.131533515] [fsm_node]:  -- [OPTIMIZER_PHASE_MEMORY] optimizer=exp event=begin call=19 rss_mib=3131.430 swap_mib=0.000 variables=9 pieces=3
[fsm_node-3] [INFO] [1789476939.133440198] [fsm_node]:  -- [OPTIMIZER_PHASE_MEMORY] optimizer=exp event=end call=19 duration_ms=1.954 iterations=271 ret=1 rss_mib=3131.430 swap_mib=0.000 rss_delta_mib=0.000
[fsm_node-3]  -- [TRAJ_GUARD_CERT] trigger=main_pre status=SAFE gen=5 map=20 map_age=0.008s map_age_limit=0.500s motion_speed=3.670mps samples=186 range=[0.330,1.253] collision_tt=-1.000 ttc=-1.000 p=[0.000,0.000,0.000]
[fsm_node-3]  -- [TRAJ_GUARD_CERT] trigger=main_pre status=SAFE gen=5 map=21 map_age=0.010s map_age_limit=0.500s motion_speed=6.637mps samples=146 range=[0.530,1.253] collision_tt=-1.000 ttc=-1.000 p=[0.000,0.000,0.000]
[fsm_node-3]  -- [TRAJ_GUARD_CERT] trigger=main_pre status=SAFE gen=5 map=22 map_age=0.011s map_age_limit=0.500s motion_speed=6.819mps samples=104 range=[0.740,1.253] collision_tt=-1.000 ttc=-1.000 p=[0.000,0.000,0.000]
[fsm_node-3]  -- [TRAJ_GUARD_CERT] trigger=main_pre status=SAFE gen=5 map=23 map_age=0.011s map_age_limit=0.500s motion_speed=4.885mps samples=64 range=[0.940,1.253] collision_tt=-1.000 ttc=-1.000 p=[0.000,0.000,0.000]
[fsm_node-3] [32m -- [Fsm 4.020] Current state: FOLLOW_TRAJ[0m
[fsm_node-3] [INFO] [1789476939.230565737] [fsm_node]:  -- [OPTIMIZER_PHASE_MEMORY] optimizer=backup event=begin call=37 rss_mib=3131.430 swap_mib=0.000 variables=48 pieces=2
[fsm_node-3] [INFO] [1789476939.233476004] [fsm_node]:  -- [OPTIMIZER_PHASE_MEMORY] optimizer=backup event=end call=37 duration_ms=2.928 iterations=351 ret=1 rss_mib=3131.430 swap_mib=0.000 rss_delta_mib=0.000
[fsm_node-3] [INFO] [1789476939.233661895] [fsm_node]:  -- [OPTIMIZER_PHASE_MEMORY] optimizer=backup event=begin call=38 rss_mib=3131.430 swap_mib=0.000 variables=48 pieces=2
[fsm_node-3] [INFO] [1789476939.234515345] [fsm_node]:  -- [OPTIMIZER_PHASE_MEMORY] optimizer=backup event=end call=38 duration_ms=0.860 iterations=110 ret=1 rss_mib=3131.430 swap_mib=0.000 rss_delta_mib=0.000
[fsm_node-3] [WARN] [1789476939.234544230] [fsm_node]:  -- [SUPER] in [ReplanOnce]: Replan overtime, check parameters, replan dt = 0.133936898.
[fsm_node-3] [32m -- [Fsm] Get goal at [0m24.025 24.025  1.525
[fsm_node-3] [32m -- [Fsm] Receive click goal at: [24.025 24.025  1.525]; goal yaw: 0.000 deg[0m
[fsm_node-3] [INFO] [1789476939.271425185] [fsm_node]:  -- [OPTIMIZER_PHASE_MEMORY] optimizer=exp event=begin call=20 rss_mib=3131.430 swap_mib=0.000 variables=13 pieces=4
[fsm_node-3] [INFO] [1789476939.274522931] [fsm_node]:  -- [OPTIMIZER_PHASE_MEMORY] optimizer=exp event=end call=20 duration_ms=3.152 iterations=330 ret=1 rss_mib=3131.430 swap_mib=0.000 rss_delta_mib=0.000
[fsm_node-3] [INFO] [1789476939.370017651] [fsm_node]:  -- [OPTIMIZER_PHASE_MEMORY] optimizer=backup event=begin call=39 rss_mib=3131.672 swap_mib=0.000 variables=50 pieces=2
[fsm_node-3] [INFO] [1789476939.371636145] [fsm_node]:  -- [OPTIMIZER_PHASE_MEMORY] optimizer=backup event=end call=39 duration_ms=1.653 iterations=241 ret=1 rss_mib=3131.672 swap_mib=0.000 rss_delta_mib=0.000
[fsm_node-3] [INFO] [1789476939.371735529] [fsm_node]:  -- [OPTIMIZER_PHASE_MEMORY] optimizer=backup event=begin call=40 rss_mib=3131.672 swap_mib=0.000 variables=50 pieces=2
[fsm_node-3] [INFO] [1789476939.372936638] [fsm_node]:  -- [OPTIMIZER_PHASE_MEMORY] optimizer=backup event=end call=40 duration_ms=1.202 iterations=182 ret=1 rss_mib=3131.672 swap_mib=0.000 rss_delta_mib=0.000
[fsm_node-3] [WARN] [1789476939.372961621] [fsm_node]:  -- [SUPER] in [ReplanOnce]: Replan overtime, check parameters, replan dt = 0.138208443.
[fsm_node-3] [INFO] [1789476939.378938067] [fsm_node]:  -- [TRAJ_GUARD_COMMIT] phase=ReplanOnce/no_backup gen=6 map=24 samples=76 range=[1.241,1.609] escape=false footprint_egress=false escape_done_tt=-1.000
[fsm_node-3]  -- [TRAJ_GUARD_CERT] trigger=main_pre status=SAFE gen=5 map=24 map_age=0.013s map_age_limit=0.550s motion_speed=1.334mps samples=24 range=[1.140,1.253] collision_tt=-1.000 ttc=-1.000 p=[0.000,0.000,0.000]
[fsm_node-3] [32m -- [Fsm] ReplanOnce succeed.[0m
[fsm_node-3] [INFO] [1789476939.430621906] [fsm_node]:  -- [OPTIMIZER_PHASE_MEMORY] optimizer=exp event=begin call=21 rss_mib=3131.672 swap_mib=0.000 variables=13 pieces=4
[fsm_node-3] [INFO] [1789476939.434051540] [fsm_node]:  -- [OPTIMIZER_PHASE_MEMORY] optimizer=exp event=end call=21 duration_ms=3.484 iterations=392 ret=1 rss_mib=3131.672 swap_mib=0.000 rss_delta_mib=0.000
[fsm_node-3] [INFO] [1789476939.540327091] [fsm_node]:  -- [OPTIMIZER_PHASE_MEMORY] optimizer=backup event=begin call=41 rss_mib=3131.980 swap_mib=0.000 variables=50 pieces=2
[fsm_node-3] [INFO] [1789476939.556044555] [fsm_node]:  -- [OPTIMIZER_PHASE_MEMORY] optimizer=backup event=end call=41 duration_ms=15.775 iterations=376 ret=1 rss_mib=3131.980 swap_mib=0.000 rss_delta_mib=0.000
[fsm_node-3] [INFO] [1789476939.556555989] [fsm_node]:  -- [OPTIMIZER_PHASE_MEMORY] optimizer=backup event=begin call=42 rss_mib=3131.980 swap_mib=0.000 variables=50 pieces=2
[fsm_node-3] [INFO] [1789476939.560712623] [fsm_node]:  -- [OPTIMIZER_PHASE_MEMORY] optimizer=backup event=end call=42 duration_ms=4.159 iterations=104 ret=1 rss_mib=3131.980 swap_mib=0.000 rss_delta_mib=0.000
[fsm_node-3] [WARN] [1789476939.560739126] [fsm_node]:  -- [SUPER] in [ReplanOnce]: Replan overtime, check parameters, replan dt = 0.15351767.
[fsm_node-3] [INFO] [1789476939.583699699] [fsm_node]:  -- [OPTIMIZER_PHASE_MEMORY] optimizer=exp event=begin call=22 rss_mib=3131.980 swap_mib=0.000 variables=9 pieces=3
[fsm_node-3] [INFO] [1789476939.584791377] [fsm_node]:  -- [OPTIMIZER_PHASE_MEMORY] optimizer=exp event=end call=22 duration_ms=1.121 iterations=180 ret=1 rss_mib=3131.980 swap_mib=0.000 rss_delta_mib=0.000
[fsm_node-3] [INFO] [1789476939.635187927] [fsm_node]:  -- [OPTIMIZER_PHASE_MEMORY] optimizer=backup event=begin call=43 rss_mib=3131.980 swap_mib=0.000 variables=30 pieces=2
[fsm_node-3] [INFO] [1789476939.637904055] [fsm_node]:  -- [OPTIMIZER_PHASE_MEMORY] optimizer=backup event=end call=43 duration_ms=2.754 iterations=190 ret=1 rss_mib=3131.980 swap_mib=0.000 rss_delta_mib=0.000
[fsm_node-3] [INFO] [1789476939.638018483] [fsm_node]:  -- [OPTIMIZER_PHASE_MEMORY] optimizer=backup event=begin call=44 rss_mib=3131.980 swap_mib=0.000 variables=30 pieces=2
[fsm_node-3] [INFO] [1789476939.643211544] [fsm_node]:  -- [OPTIMIZER_PHASE_MEMORY] optimizer=backup event=end call=44 duration_ms=5.177 iterations=342 ret=1 rss_mib=3131.980 swap_mib=0.000 rss_delta_mib=0.000
[fsm_node-3] [INFO] [1789476939.643538796] [fsm_node]:  -- [TRAJ_GUARD_COMMIT] phase=ReplanOnce/with_backup gen=7 map=25 samples=251 range=[0.082,1.326] escape=false footprint_egress=false escape_done_tt=-1.000
[fsm_node-3]  -- [TRAJ_GUARD_CERT] trigger=poly_publish status=SAFE gen=6 map=24 map_age=0.115s map_age_limit=0.550s motion_speed=0.004mps samples=75 range=[1.242,1.609] collision_tt=-1.000 ttc=-1.000 p=[0.000,0.000,0.000]
[fsm_node-3]  -- [TRAJ_GUARD_CERT] trigger=main_pre status=SAFE gen=6 map=25 map_age=0.007s map_age_limit=0.513s motion_speed=3.247mps samples=57 range=[1.330,1.609] collision_tt=-1.000 ttc=-1.000 p=[0.000,0.000,0.000]
[fsm_node-3] [32m -- [Fsm] ReplanOnce succeed.[0m
[fsm_node-3] [INFO] [1789476939.665174835] [fsm_node]:  -- [OPTIMIZER_PHASE_MEMORY] optimizer=exp event=begin call=23 rss_mib=3131.980 swap_mib=0.000 variables=13 pieces=4
[fsm_node-3] [INFO] [1789476939.669043449] [fsm_node]:  -- [OPTIMIZER_PHASE_MEMORY] optimizer=exp event=end call=23 duration_ms=3.917 iterations=418 ret=1 rss_mib=3131.980 swap_mib=0.000 rss_delta_mib=0.000
[fsm_node-3] [INFO] [1789476939.734595784] [fsm_node]:  -- [OPTIMIZER_PHASE_MEMORY] optimizer=backup event=begin call=45 rss_mib=3132.445 swap_mib=0.000 variables=44 pieces=2
[fsm_node-3] [INFO] [1789476939.749013424] [fsm_node]:  -- [OPTIMIZER_PHASE_MEMORY] optimizer=backup event=end call=45 duration_ms=14.428 iterations=227 ret=1 rss_mib=3132.520 swap_mib=0.000 rss_delta_mib=0.074
[fsm_node-3] [INFO] [1789476939.750027301] [fsm_node]:  -- [OPTIMIZER_PHASE_MEMORY] optimizer=backup event=begin call=46 rss_mib=3132.520 swap_mib=0.000 variables=44 pieces=2
[fsm_node-3] [INFO] [1789476939.776198533] [fsm_node]:  -- [OPTIMIZER_PHASE_MEMORY] optimizer=backup event=end call=46 duration_ms=26.168 iterations=422 ret=1 rss_mib=3132.520 swap_mib=0.000 rss_delta_mib=0.000
[fsm_node-3] [WARN] [1789476939.776229907] [fsm_node]:  -- [SUPER] in [ReplanOnce]: Replan overtime, check parameters, replan dt = 0.132364177.
[fsm_node-3] [INFO] [1789476939.796129595] [fsm_node]:  -- [OPTIMIZER_PHASE_MEMORY] optimizer=exp event=begin call=24 rss_mib=3132.520 swap_mib=0.000 variables=13 pieces=4
[fsm_node-3] [INFO] [1789476939.797632575] [fsm_node]:  -- [OPTIMIZER_PHASE_MEMORY] optimizer=exp event=end call=24 duration_ms=1.554 iterations=184 ret=1 rss_mib=3132.520 swap_mib=0.000 rss_delta_mib=0.000
[fsm_node-3] [INFO] [1789476939.881270911] [fsm_node]:  -- [OPTIMIZER_PHASE_MEMORY] optimizer=backup event=begin call=47 rss_mib=3132.582 swap_mib=0.000 variables=48 pieces=2
[fsm_node-3] [INFO] [1789476939.882460378] [fsm_node]:  -- [OPTIMIZER_PHASE_MEMORY] optimizer=backup event=end call=47 duration_ms=1.219 iterations=205 ret=1 rss_mib=3132.582 swap_mib=0.000 rss_delta_mib=0.000
[fsm_node-3] [INFO] [1789476939.882601023] [fsm_node]:  -- [OPTIMIZER_PHASE_MEMORY] optimizer=backup event=begin call=48 rss_mib=3132.582 swap_mib=0.000 variables=48 pieces=2
[fsm_node-3] [INFO] [1789476939.892690391] [fsm_node]:  -- [OPTIMIZER_PHASE_MEMORY] optimizer=backup event=end call=48 duration_ms=10.080 iterations=1066 ret=1 rss_mib=3132.582 swap_mib=0.000 rss_delta_mib=0.000
[fsm_node-3] [WARN] [1789476939.892728729] [fsm_node]:  -- [SUPER] in [ReplanOnce]: Replan overtime, check parameters, replan dt = 0.116295126.
[fsm_node-3] [INFO] [1789476939.914914633] [fsm_node]:  -- [OPTIMIZER_PHASE_MEMORY] optimizer=exp event=begin call=25 rss_mib=3132.582 swap_mib=0.000 variables=9 pieces=3
[fsm_node-3] [INFO] [1789476939.917805295] [fsm_node]:  -- [OPTIMIZER_PHASE_MEMORY] optimizer=exp event=end call=25 duration_ms=2.931 iterations=415 ret=1 rss_mib=3132.582 swap_mib=0.000 rss_delta_mib=0.000
[fsm_node-3] [INFO] [1789476939.979128961] [fsm_node]:  -- [OPTIMIZER_PHASE_MEMORY] optimizer=backup event=begin call=49 rss_mib=3132.871 swap_mib=0.000 variables=42 pieces=2
[fsm_node-3] [INFO] [1789476939.979978255] [fsm_node]:  -- [OPTIMIZER_PHASE_MEMORY] optimizer=backup event=end call=49 duration_ms=0.884 iterations=147 ret=1 rss_mib=3132.871 swap_mib=0.000 rss_delta_mib=0.000
[fsm_node-3] [INFO] [1789476939.980091467] [fsm_node]:  -- [OPTIMIZER_PHASE_MEMORY] optimizer=backup event=begin call=50 rss_mib=3132.871 swap_mib=0.000 variables=42 pieces=2
[fsm_node-3] [INFO] [1789476939.981236687] [fsm_node]:  -- [OPTIMIZER_PHASE_MEMORY] optimizer=backup event=end call=50 duration_ms=1.145 iterations=197 ret=1 rss_mib=3132.871 swap_mib=0.000 rss_delta_mib=0.000
[fsm_node-3] [INFO] [1789476939.981504387] [fsm_node]:  -- [TRAJ_GUARD_COMMIT] phase=ReplanOnce/with_backup gen=8 map=27 samples=199 range=[0.088,1.071] escape=false footprint_egress=false escape_done_tt=-1.000
[fsm_node-3]  -- [TRAJ_GUARD_CERT] trigger=poly_publish status=SAFE gen=7 map=25 map_age=0.183s map_age_limit=0.550s motion_speed=0.357mps samples=250 range=[0.083,1.326] collision_tt=-1.000 ttc=-1.000 p=[0.000,0.000,0.000]
[fsm_node-3]  -- [TRAJ_GUARD_CERT] trigger=main_pre status=SAFE gen=7 map=26 map_age=0.006s map_age_limit=0.550s motion_speed=0.209mps samples=245 range=[0.106,1.326] collision_tt=-1.000 ttc=-1.000 p=[0.000,0.000,0.000]
[fsm_node-3]  -- [TRAJ_GUARD_CERT] trigger=main_pre status=SAFE gen=7 map=27 map_age=0.007s map_age_limit=0.550s motion_speed=1.432mps samples=207 range=[0.296,1.326] collision_tt=-1.000 ttc=-1.000 p=[0.000,0.000,0.000]
[fsm_node-3] [32m -- [Fsm] ReplanOnce succeed.[0m
[fsm_node-3] [INFO] [1789476940.001643609] [fsm_node]:  -- [OPTIMIZER_PHASE_MEMORY] optimizer=exp event=begin call=26 rss_mib=3132.871 swap_mib=0.000 variables=9 pieces=3
[fsm_node-3] [INFO] [1789476940.003184215] [fsm_node]:  -- [OPTIMIZER_PHASE_MEMORY] optimizer=exp event=end call=26 duration_ms=1.603 iterations=252 ret=1 rss_mib=3132.871 swap_mib=0.000 rss_delta_mib=0.000
[fsm_node-3] [INFO] [1789476940.102102238] [fsm_node]:  -- [OPTIMIZER_PHASE_MEMORY] optimizer=backup event=begin call=51 rss_mib=3133.203 swap_mib=0.000 variables=44 pieces=2
[fsm_node-3] [INFO] [1789476940.103244490] [fsm_node]:  -- [OPTIMIZER_PHASE_MEMORY] optimizer=backup event=end call=51 duration_ms=1.180 iterations=107 ret=1 rss_mib=3133.203 swap_mib=0.000 rss_delta_mib=0.000
[fsm_node-3] [INFO] [1789476940.103347740] [fsm_node]:  -- [OPTIMIZER_PHASE_MEMORY] optimizer=backup event=begin call=52 rss_mib=3133.203 swap_mib=0.000 variables=44 pieces=2
[fsm_node-3] [INFO] [1789476940.106769695] [fsm_node]:  -- [OPTIMIZER_PHASE_MEMORY] optimizer=backup event=end call=52 duration_ms=3.422 iterations=299 ret=1 rss_mib=3133.203 swap_mib=0.000 rss_delta_mib=0.000
[fsm_node-3] [WARN] [1789476940.106795239] [fsm_node]:  -- [SUPER] in [ReplanOnce]: Replan overtime, check parameters, replan dt = 0.124984117.
[fsm_node-3] [INFO] [1789476940.129117717] [fsm_node]:  -- [OPTIMIZER_PHASE_MEMORY] optimizer=exp event=begin call=27 rss_mib=3133.203 swap_mib=0.000 variables=13 pieces=4
[fsm_node-3] [INFO] [1789476940.131077173] [fsm_node]:  -- [OPTIMIZER_PHASE_MEMORY] optimizer=exp event=end call=27 duration_ms=2.009 iterations=239 ret=1 rss_mib=3133.203 swap_mib=0.000 rss_delta_mib=0.000
[fsm_node-3]  -- [TRAJ_GUARD_CERT] trigger=poly_publish status=SAFE gen=8 map=27 map_age=0.132s map_age_limit=0.500s motion_speed=3.931mps samples=198 range=[0.089,1.071] collision_tt=-1.000 ttc=-1.000 p=[0.000,0.000,0.000]
[fsm_node-3]  -- [TRAJ_GUARD_CERT] trigger=main_pre status=SAFE gen=8 map=28 map_age=0.006s map_age_limit=0.500s motion_speed=5.036mps samples=183 range=[0.164,1.071] collision_tt=-1.000 ttc=-1.000 p=[0.000,0.000,0.000]
[fsm_node-3] [32m -- [Fsm 5.030] Current state: FOLLOW_TRAJ[0m
[fsm_node-3] [INFO] [1789476940.223183190] [fsm_node]:  -- [OPTIMIZER_PHASE_MEMORY] optimizer=backup event=begin call=53 rss_mib=3133.203 swap_mib=0.000 variables=26 pieces=2
[fsm_node-3] [INFO] [1789476940.224108585] [fsm_node]:  -- [OPTIMIZER_PHASE_MEMORY] optimizer=backup event=end call=53 duration_ms=0.962 iterations=233 ret=1 rss_mib=3133.203 swap_mib=0.000 rss_delta_mib=0.000
[fsm_node-3] [INFO] [1789476940.224177082] [fsm_node]:  -- [OPTIMIZER_PHASE_MEMORY] optimizer=backup event=begin call=54 rss_mib=3133.203 swap_mib=0.000 variables=26 pieces=2
[fsm_node-3] [INFO] [1789476940.226706429] [fsm_node]:  -- [OPTIMIZER_PHASE_MEMORY] optimizer=backup event=end call=54 duration_ms=2.529 iterations=535 ret=1 rss_mib=3133.203 swap_mib=0.000 rss_delta_mib=0.000
[fsm_node-3] [WARN] [1789476940.226733100] [fsm_node]:  -- [SUPER] in [ReplanOnce]: Replan overtime, check parameters, replan dt = 0.119675335.
[fsm_node-3] [32m -- [Fsm] Get goal at [0m24.025 24.025  1.525
[fsm_node-3] [32m -- [Fsm] Receive click goal at: [24.025 24.025  1.525]; goal yaw: 0.000 deg[0m
[fsm_node-3] [INFO] [1789476940.250275347] [fsm_node]:  -- [OPTIMIZER_PHASE_MEMORY] optimizer=exp event=begin call=28 rss_mib=3133.203 swap_mib=0.000 variables=13 pieces=4
[fsm_node-3] [INFO] [1789476940.252065466] [fsm_node]:  -- [OPTIMIZER_PHASE_MEMORY] optimizer=exp event=end call=28 duration_ms=1.847 iterations=153 ret=1 rss_mib=3133.203 swap_mib=0.000 rss_delta_mib=0.000
[fsm_node-3] [INFO] [1789476940.350698244] [fsm_node]:  -- [OPTIMIZER_PHASE_MEMORY] optimizer=backup event=begin call=55 rss_mib=3133.203 swap_mib=0.000 variables=26 pieces=2
[fsm_node-3] [INFO] [1789476940.352564168] [fsm_node]:  -- [OPTIMIZER_PHASE_MEMORY] optimizer=backup event=end call=55 duration_ms=1.901 iterations=416 ret=1 rss_mib=3133.203 swap_mib=0.000 rss_delta_mib=0.000
[fsm_node-3] [INFO] [1789476940.352633968] [fsm_node]:  -- [OPTIMIZER_PHASE_MEMORY] optimizer=backup event=begin call=56 rss_mib=3133.203 swap_mib=0.000 variables=26 pieces=2
[fsm_node-3] [INFO] [1789476940.355001150] [fsm_node]:  -- [OPTIMIZER_PHASE_MEMORY] optimizer=backup event=end call=56 duration_ms=2.368 iterations=527 ret=1 rss_mib=3133.203 swap_mib=0.000 rss_delta_mib=0.000
[fsm_node-3] [WARN] [1789476940.355029667] [fsm_node]:  -- [SUPER] in [ReplanOnce]: Replan overtime, check parameters, replan dt = 0.127915706.
[fsm_node-3] [INFO] [1789476940.380254797] [fsm_node]:  -- [OPTIMIZER_PHASE_MEMORY] optimizer=exp event=begin call=29 rss_mib=3133.203 swap_mib=0.000 variables=13 pieces=4
[fsm_node-3] [INFO] [1789476940.383464945] [fsm_node]:  -- [OPTIMIZER_PHASE_MEMORY] optimizer=exp event=end call=29 duration_ms=3.222 iterations=376 ret=1 rss_mib=3133.203 swap_mib=0.000 rss_delta_mib=0.000
[fsm_node-3] [INFO] [1789476940.481665367] [fsm_node]:  -- [OPTIMIZER_PHASE_MEMORY] optimizer=backup event=begin call=57 rss_mib=3133.203 swap_mib=0.000 variables=18 pieces=2
[fsm_node-3] [INFO] [1789476940.482584235] [fsm_node]:  -- [OPTIMIZER_PHASE_MEMORY] optimizer=backup event=end call=57 duration_ms=0.953 iterations=206 ret=1 rss_mib=3133.203 swap_mib=0.000 rss_delta_mib=0.000
[fsm_node-3] [INFO] [1789476940.482654955] [fsm_node]:  -- [OPTIMIZER_PHASE_MEMORY] optimizer=backup event=begin call=58 rss_mib=3133.203 swap_mib=0.000 variables=18 pieces=2
[fsm_node-3] [INFO] [1789476940.483822708] [fsm_node]:  -- [OPTIMIZER_PHASE_MEMORY] optimizer=backup event=end call=58 duration_ms=1.167 iterations=278 ret=1 rss_mib=3133.203 swap_mib=0.000 rss_delta_mib=0.000
[fsm_node-3] [WARN] [1789476940.483850287] [fsm_node]:  -- [SUPER] in [ReplanOnce]: Replan overtime, check parameters, replan dt = 0.128615321.
[fsm_node-3] [INFO] [1789476940.509046921] [fsm_node]:  -- [OPTIMIZER_PHASE_MEMORY] optimizer=exp event=begin call=30 rss_mib=3133.203 swap_mib=0.000 variables=13 pieces=4
[fsm_node-3] [INFO] [1789476940.513936081] [fsm_node]:  -- [OPTIMIZER_PHASE_MEMORY] optimizer=exp event=end call=30 duration_ms=4.936 iterations=465 ret=1 rss_mib=3133.203 swap_mib=0.000 rss_delta_mib=0.000
[fsm_node-3] [INFO] [1789476940.606166690] [fsm_node]:  -- [OPTIMIZER_PHASE_MEMORY] optimizer=backup event=begin call=59 rss_mib=3133.203 swap_mib=0.000 variables=50 pieces=2
[fsm_node-3] [INFO] [1789476940.609172525] [fsm_node]:  -- [OPTIMIZER_PHASE_MEMORY] optimizer=backup event=end call=59 duration_ms=3.040 iterations=74 ret=1 rss_mib=3133.203 swap_mib=0.000 rss_delta_mib=0.000
[fsm_node-3] [INFO] [1789476940.609642268] [fsm_node]:  -- [OPTIMIZER_PHASE_MEMORY] optimizer=backup event=begin call=60 rss_mib=3133.203 swap_mib=0.000 variables=50 pieces=2
[fsm_node-3] [INFO] [1789476940.617764511] [fsm_node]:  -- [OPTIMIZER_PHASE_MEMORY] optimizer=backup event=end call=60 duration_ms=8.115 iterations=194 ret=1 rss_mib=3133.203 swap_mib=0.000 rss_delta_mib=0.000
[fsm_node-3] [WARN] [1789476940.617812944] [fsm_node]:  -- [SUPER] in [ReplanOnce]: Replan overtime, check parameters, replan dt = 0.133634544.
[fsm_node-3] [INFO] [1789476940.640583147] [fsm_node]:  -- [OPTIMIZER_PHASE_MEMORY] optimizer=exp event=begin call=31 rss_mib=3133.203 swap_mib=0.000 variables=13 pieces=4
[fsm_node-3] [INFO] [1789476940.642749263] [fsm_node]:  -- [OPTIMIZER_PHASE_MEMORY] optimizer=exp event=end call=31 duration_ms=2.222 iterations=228 ret=1 rss_mib=3133.203 swap_mib=0.000 rss_delta_mib=0.000
[fsm_node-3] [INFO] [1789476940.734677045] [fsm_node]:  -- [OPTIMIZER_PHASE_MEMORY] optimizer=backup event=begin call=61 rss_mib=3133.203 swap_mib=0.000 variables=44 pieces=2
[fsm_node-3] [INFO] [1789476940.737446455] [fsm_node]:  -- [OPTIMIZER_PHASE_MEMORY] optimizer=backup event=end call=61 duration_ms=2.790 iterations=233 ret=1 rss_mib=3133.203 swap_mib=0.000 rss_delta_mib=0.000
[fsm_node-3] [INFO] [1789476940.737593630] [fsm_node]:  -- [OPTIMIZER_PHASE_MEMORY] optimizer=backup event=begin call=62 rss_mib=3133.203 swap_mib=0.000 variables=44 pieces=2
[fsm_node-3] [INFO] [1789476940.739718344] [fsm_node]:  -- [OPTIMIZER_PHASE_MEMORY] optimizer=backup event=end call=62 duration_ms=2.122 iterations=189 ret=1 rss_mib=3133.203 swap_mib=0.000 rss_delta_mib=0.000
[fsm_node-3] [WARN] [1789476940.739747788] [fsm_node]:  -- [SUPER] in [ReplanOnce]: Replan overtime, check parameters, replan dt = 0.121722137.
[fsm_node-3] [INFO] [1789476940.763786312] [fsm_node]:  -- [OPTIMIZER_PHASE_MEMORY] optimizer=exp event=begin call=32 rss_mib=3133.203 swap_mib=0.000 variables=13 pieces=4
[fsm_node-3] [INFO] [1789476940.767426516] [fsm_node]:  -- [OPTIMIZER_PHASE_MEMORY] optimizer=exp event=end call=32 duration_ms=3.684 iterations=432 ret=1 rss_mib=3133.203 swap_mib=0.000 rss_delta_mib=0.000
[fsm_node-3] [INFO] [1789476940.865042973] [fsm_node]:  -- [OPTIMIZER_PHASE_MEMORY] optimizer=backup event=begin call=63 rss_mib=3133.375 swap_mib=0.000 variables=46 pieces=2
[fsm_node-3] [INFO] [1789476940.868200735] [fsm_node]:  -- [OPTIMIZER_PHASE_MEMORY] optimizer=backup event=end call=63 duration_ms=3.212 iterations=250 ret=1 rss_mib=3133.375 swap_mib=0.000 rss_delta_mib=0.000
[fsm_node-3] [INFO] [1789476940.868326271] [fsm_node]:  -- [OPTIMIZER_PHASE_MEMORY] optimizer=backup event=begin call=64 rss_mib=3133.375 swap_mib=0.000 variables=46 pieces=2
[fsm_node-3] [INFO] [1789476940.869805504] [fsm_node]:  -- [OPTIMIZER_PHASE_MEMORY] optimizer=backup event=end call=64 duration_ms=1.478 iterations=118 ret=1 rss_mib=3133.375 swap_mib=0.000 rss_delta_mib=0.000
[fsm_node-3] [WARN] [1789476940.869837379] [fsm_node]:  -- [SUPER] in [ReplanOnce]: Replan overtime, check parameters, replan dt = 0.129870569.
[fsm_node-3] [INFO] [1789476940.883213937] [fsm_node]:  -- [TRAJ_GUARD_COMMIT] phase=ReplanOnce/no_backup gen=9 map=32 samples=100 range=[0.990,1.477] escape=false footprint_egress=false escape_done_tt=-1.000
[fsm_node-3]  -- [TRAJ_GUARD_CERT] trigger=main_pre status=SAFE gen=8 map=29 map_age=0.005s map_age_limit=0.500s motion_speed=6.363mps samples=143 range=[0.364,1.071] collision_tt=-1.000 ttc=-1.000 p=[0.000,0.000,0.000]
[fsm_node-3]  -- [TRAJ_GUARD_CERT] trigger=main_pre status=SAFE gen=8 map=30 map_age=0.006s map_age_limit=0.500s motion_speed=6.974mps samples=103 range=[0.564,1.071] collision_tt=-1.000 ttc=-1.000 p=[0.000,0.000,0.000]
[fsm_node-3]  -- [TRAJ_GUARD_CERT] trigger=main_pre status=SAFE gen=8 map=31 map_age=0.009s map_age_limit=0.500s motion_speed=4.733mps samples=63 range=[0.764,1.071] collision_tt=-1.000 ttc=-1.000 p=[0.000,0.000,0.000]
[fsm_node-3]  -- [TRAJ_GUARD_CERT] trigger=main_pre status=SAFE gen=8 map=32 map_age=0.009s map_age_limit=0.550s motion_speed=0.934mps samples=23 range=[0.964,1.071] collision_tt=-1.000 ttc=-1.000 p=[0.000,0.000,0.000]
[fsm_node-3] [32m -- [Fsm] ReplanOnce succeed.[0m
[fsm_node-3] [INFO] [1789476940.953448064] [fsm_node]:  -- [OPTIMIZER_PHASE_MEMORY] optimizer=exp event=begin call=33 rss_mib=3133.379 swap_mib=0.000 variables=13 pieces=4
[fsm_node-3] [INFO] [1789476940.955381259] [fsm_node]:  -- [OPTIMIZER_PHASE_MEMORY] optimizer=exp event=end call=33 duration_ms=1.996 iterations=272 ret=1 rss_mib=3133.379 swap_mib=0.000 rss_delta_mib=0.000
[fsm_node-3] [INFO] [1789476941.001258948] [fsm_node]:  -- [OPTIMIZER_PHASE_MEMORY] optimizer=backup event=begin call=65 rss_mib=3133.523 swap_mib=0.000 variables=40 pieces=2
[fsm_node-3] [INFO] [1789476941.001845246] [fsm_node]:  -- [OPTIMIZER_PHASE_MEMORY] optimizer=backup event=end call=65 duration_ms=0.602 iterations=109 ret=1 rss_mib=3133.523 swap_mib=0.000 rss_delta_mib=0.000
[fsm_node-3] [INFO] [1789476941.001950879] [fsm_node]:  -- [OPTIMIZER_PHASE_MEMORY] optimizer=backup event=begin call=66 rss_mib=3133.523 swap_mib=0.000 variables=40 pieces=2
[fsm_node-3] [INFO] [1789476941.003364677] [fsm_node]:  -- [OPTIMIZER_PHASE_MEMORY] optimizer=backup event=end call=66 duration_ms=1.414 iterations=244 ret=1 rss_mib=3133.523 swap_mib=0.000 rss_delta_mib=0.000
[fsm_node-3] [INFO] [1789476941.003587194] [fsm_node]:  -- [TRAJ_GUARD_COMMIT] phase=ReplanOnce/with_backup gen=10 map=32 samples=235 range=[0.078,1.239] escape=false footprint_egress=false escape_done_tt=-1.000
[fsm_node-3]  -- [TRAJ_GUARD_CERT] trigger=poly_publish status=SAFE gen=9 map=32 map_age=0.035s map_age_limit=0.550s motion_speed=0.478mps samples=99 range=[0.990,1.477] collision_tt=-1.000 ttc=-1.000 p=[0.000,0.000,0.000]
[fsm_node-3] [32m -- [Fsm] ReplanOnce succeed.[0m
[fsm_node-3] [INFO] [1789476941.022498626] [fsm_node]:  -- [OPTIMIZER_PHASE_MEMORY] optimizer=exp event=begin call=34 rss_mib=3133.523 swap_mib=0.000 variables=13 pieces=4
[fsm_node-3] [INFO] [1789476941.024674617] [fsm_node]:  -- [OPTIMIZER_PHASE_MEMORY] optimizer=exp event=end call=34 duration_ms=2.220 iterations=298 ret=1 rss_mib=3133.523 swap_mib=0.000 rss_delta_mib=0.000
[fsm_node-3] [INFO] [1789476941.063113839] [fsm_node]:  -- [OPTIMIZER_PHASE_MEMORY] optimizer=backup event=begin call=67 rss_mib=3133.523 swap_mib=0.000 variables=30 pieces=2
[fsm_node-3] [INFO] [1789476941.064371516] [fsm_node]:  -- [OPTIMIZER_PHASE_MEMORY] optimizer=backup event=end call=67 duration_ms=1.287 iterations=305 ret=1 rss_mib=3133.523 swap_mib=0.000 rss_delta_mib=0.000
[fsm_node-3] [INFO] [1789476941.064474617] [fsm_node]:  -- [OPTIMIZER_PHASE_MEMORY] optimizer=backup event=begin call=68 rss_mib=3133.523 swap_mib=0.000 variables=30 pieces=2
[fsm_node-3] [INFO] [1789476941.065846903] [fsm_node]:  -- [OPTIMIZER_PHASE_MEMORY] optimizer=backup event=end call=68 duration_ms=1.373 iterations=303 ret=1 rss_mib=3133.523 swap_mib=0.000 rss_delta_mib=0.000
[fsm_node-3] [ERROR] [1789476941.065926859] [fsm_node]:  -- [TRAJ_GUARD_REJECT] phase=ReplanOnce/with_backup segment=APPENDED_BACKUP status=CLEARANCE_MARGIN gen=11 map=33 from_tt=0.062 collision_tt=0.803 collision_p=[16.650,15.850,0.550] samples=215
[fsm_node-3] [INFO] [1789476941.084200395] [fsm_node]:  -- [OPTIMIZER_PHASE_MEMORY] optimizer=exp event=begin call=35 rss_mib=3133.523 swap_mib=0.000 variables=13 pieces=4
[fsm_node-3] [INFO] [1789476941.086646982] [fsm_node]:  -- [OPTIMIZER_PHASE_MEMORY] optimizer=exp event=end call=35 duration_ms=2.472 iterations=322 ret=1 rss_mib=3133.523 swap_mib=0.000 rss_delta_mib=0.000
[fsm_node-3] [INFO] [1789476941.114172945] [fsm_node]:  -- [OPTIMIZER_PHASE_MEMORY] optimizer=backup event=begin call=69 rss_mib=3133.664 swap_mib=0.000 variables=38 pieces=2
[fsm_node-3] [INFO] [1789476941.116171595] [fsm_node]:  -- [OPTIMIZER_PHASE_MEMORY] optimizer=backup event=end call=69 duration_ms=2.004 iterations=379 ret=1 rss_mib=3133.664 swap_mib=0.000 rss_delta_mib=0.000
[fsm_node-3] [INFO] [1789476941.116266198] [fsm_node]:  -- [OPTIMIZER_PHASE_MEMORY] optimizer=backup event=begin call=70 rss_mib=3133.664 swap_mib=0.000 variables=38 pieces=2
[fsm_node-3] [INFO] [1789476941.118847713] [fsm_node]:  -- [OPTIMIZER_PHASE_MEMORY] optimizer=backup event=end call=70 duration_ms=2.582 iterations=460 ret=1 rss_mib=3133.664 swap_mib=0.000 rss_delta_mib=0.000
[fsm_node-3] [INFO] [1789476941.119073781] [fsm_node]:  -- [TRAJ_GUARD_COMMIT] phase=ReplanOnce/with_backup gen=11 map=33 samples=197 range=[0.053,1.023] escape=false footprint_egress=false escape_done_tt=-1.000
[fsm_node-3]  -- [TRAJ_GUARD_CERT] trigger=poly_publish status=SAFE gen=10 map=32 map_age=0.156s map_age_limit=0.500s motion_speed=4.713mps samples=234 range=[0.079,1.239] collision_tt=-1.000 ttc=-1.000 p=[0.000,0.000,0.000]
[fsm_node-3]  -- [TRAJ_GUARD_CERT] trigger=main_pre status=SAFE gen=10 map=33 map_age=0.003s map_age_limit=0.500s motion_speed=3.966mps samples=225 range=[0.122,1.239] collision_tt=-1.000 ttc=-1.000 p=[0.000,0.000,0.000]
[fsm_node-3] [32m -- [Fsm] ReplanOnce succeed.[0m
[fsm_node-3] [INFO] [1789476941.145626608] [fsm_node]:  -- [OPTIMIZER_PHASE_MEMORY] optimizer=exp event=begin call=36 rss_mib=3133.664 swap_mib=0.000 variables=13 pieces=4
[fsm_node-3] [INFO] [1789476941.147230363] [fsm_node]:  -- [OPTIMIZER_PHASE_MEMORY] optimizer=exp event=end call=36 duration_ms=1.653 iterations=208 ret=1 rss_mib=3133.664 swap_mib=0.000 rss_delta_mib=0.000
[fsm_node-3]  -- [TRAJ_GUARD_CERT] trigger=poly_publish status=SAFE gen=11 map=33 map_age=0.075s map_age_limit=0.546s motion_speed=2.588mps samples=196 range=[0.053,1.023] collision_tt=-1.000 ttc=-1.000 p=[0.000,0.000,0.000]
[fsm_node-3] [32m -- [Fsm 6.040] Current state: FOLLOW_TRAJ[0m
[fsm_node-3] [INFO] [1789476941.175969061] [fsm_node]:  -- [OPTIMIZER_PHASE_MEMORY] optimizer=backup event=begin call=71 rss_mib=3133.664 swap_mib=0.000 variables=50 pieces=2
[fsm_node-3] [INFO] [1789476941.203447664] [fsm_node]:  -- [OPTIMIZER_PHASE_MEMORY] optimizer=backup event=end call=71 duration_ms=27.480 iterations=576 ret=1 rss_mib=3133.664 swap_mib=0.000 rss_delta_mib=0.000
[fsm_node-3] [INFO] [1789476941.204106635] [fsm_node]:  -- [OPTIMIZER_PHASE_MEMORY] optimizer=backup event=begin call=72 rss_mib=3133.664 swap_mib=0.000 variables=50 pieces=2
[fsm_node-3] [INFO] [1789476941.237451015] [fsm_node]:  -- [OPTIMIZER_PHASE_MEMORY] optimizer=backup event=end call=72 duration_ms=33.310 iterations=674 ret=1 rss_mib=3133.664 swap_mib=0.000 rss_delta_mib=0.000
[fsm_node-3] [WARN] [1789476941.237508713] [fsm_node]:  -- [SUPER] in [ReplanOnce]: Replan overtime, check parameters, replan dt = 0.114408215.
[fsm_node-3]  -- [TRAJ_GUARD_CERT] trigger=main_pre status=SAFE gen=11 map=34 map_age=0.010s map_age_limit=0.550s motion_speed=2.397mps samples=168 range=[0.191,1.023] collision_tt=-1.000 ttc=-1.000 p=[0.000,0.000,0.000]
[fsm_node-3] [32m -- [Fsm] Get goal at [0m24.025 24.025  1.525
[fsm_node-3] [32m -- [Fsm] Receive click goal at: [24.025 24.025  1.525]; goal yaw: 0.000 deg[0m
[fsm_node-3] [INFO] [1789476941.259936226] [fsm_node]:  -- [OPTIMIZER_PHASE_MEMORY] optimizer=exp event=begin call=37 rss_mib=3133.664 swap_mib=0.000 variables=13 pieces=4
[fsm_node-3] [INFO] [1789476941.261243588] [fsm_node]:  -- [OPTIMIZER_PHASE_MEMORY] optimizer=exp event=end call=37 duration_ms=1.350 iterations=151 ret=1 rss_mib=3133.664 swap_mib=0.000 rss_delta_mib=0.000
[fsm_node-3] [INFO] [1789476941.286797437] [fsm_node]:  -- [OPTIMIZER_PHASE_MEMORY] optimizer=backup event=begin call=73 rss_mib=3133.664 swap_mib=0.000 variables=36 pieces=2
[fsm_node-3] [INFO] [1789476941.289136301] [fsm_node]:  -- [OPTIMIZER_PHASE_MEMORY] optimizer=backup event=end call=73 duration_ms=2.380 iterations=348 ret=1 rss_mib=3133.664 swap_mib=0.000 rss_delta_mib=0.000
[fsm_node-3] [INFO] [1789476941.289267670] [fsm_node]:  -- [OPTIMIZER_PHASE_MEMORY] optimizer=backup event=begin call=74 rss_mib=3133.664 swap_mib=0.000 variables=36 pieces=2
[fsm_node-3] [INFO] [1789476941.289655842] [fsm_node]:  -- [OPTIMIZER_PHASE_MEMORY] optimizer=backup event=end call=74 duration_ms=0.389 iterations=66 ret=1 rss_mib=3133.664 swap_mib=0.000 rss_delta_mib=0.000
[fsm_node-3] [INFO] [1789476941.289897925] [fsm_node]:  -- [TRAJ_GUARD_COMMIT] phase=ReplanOnce/with_backup gen=12 map=34 samples=175 range=[0.052,0.914] escape=false footprint_egress=false escape_done_tt=-1.000
[fsm_node-3] [32m -- [Fsm] ReplanOnce succeed.[0m
[fsm_node-3] [INFO] [1789476941.312076584] [fsm_node]:  -- [OPTIMIZER_PHASE_MEMORY] optimizer=exp event=begin call=38 rss_mib=3133.664 swap_mib=0.000 variables=13 pieces=4
[fsm_node-3] [INFO] [1789476941.313459001] [fsm_node]:  -- [OPTIMIZER_PHASE_MEMORY] optimizer=exp event=end call=38 duration_ms=1.423 iterations=151 ret=1 rss_mib=3133.664 swap_mib=0.000 rss_delta_mib=0.000
[fsm_node-3] [INFO] [1789476941.347370067] [fsm_node]:  -- [OPTIMIZER_PHASE_MEMORY] optimizer=backup event=begin call=75 rss_mib=3133.668 swap_mib=0.000 variables=38 pieces=2
[fsm_node-3] [INFO] [1789476941.374028721] [fsm_node]:  -- [OPTIMIZER_PHASE_MEMORY] optimizer=backup event=end call=75 duration_ms=26.689 iterations=1128 ret=1 rss_mib=3133.668 swap_mib=0.000 rss_delta_mib=0.000
[fsm_node-3] [INFO] [1789476941.374235069] [fsm_node]:  -- [OPTIMIZER_PHASE_MEMORY] optimizer=backup event=begin call=76 rss_mib=3133.668 swap_mib=0.000 variables=38 pieces=2
[fsm_node-3] [INFO] [1789476941.380520730] [fsm_node]:  -- [OPTIMIZER_PHASE_MEMORY] optimizer=backup event=end call=76 duration_ms=6.287 iterations=313 ret=1 rss_mib=3133.668 swap_mib=0.000 rss_delta_mib=0.000
[fsm_node-3] [WARN] [1789476941.380550710] [fsm_node]:  -- [SUPER] in [ReplanOnce]: Replan overtime, check parameters, replan dt = 0.090390344.
[fsm_node-3] [INFO] [1789476941.399758762] [fsm_node]:  -- [OPTIMIZER_PHASE_MEMORY] optimizer=exp event=begin call=39 rss_mib=3133.668 swap_mib=0.000 variables=13 pieces=4
[fsm_node-3] [INFO] [1789476941.401846092] [fsm_node]:  -- [OPTIMIZER_PHASE_MEMORY] optimizer=exp event=end call=39 duration_ms=2.120 iterations=242 ret=1 rss_mib=3133.668 swap_mib=0.000 rss_delta_mib=0.000
[fsm_node-3] [INFO] [1789476941.498245350] [fsm_node]:  -- [OPTIMIZER_PHASE_MEMORY] optimizer=backup event=begin call=77 rss_mib=3133.668 swap_mib=0.000 variables=52 pieces=2
[fsm_node-3] [INFO] [1789476941.515433587] [fsm_node]:  -- [OPTIMIZER_PHASE_MEMORY] optimizer=backup event=end call=77 duration_ms=17.179 iterations=1168 ret=1 rss_mib=3133.668 swap_mib=0.000 rss_delta_mib=0.000
[fsm_node-3] [INFO] [1789476941.515619567] [fsm_node]:  -- [OPTIMIZER_PHASE_MEMORY] optimizer=backup event=begin call=78 rss_mib=3133.668 swap_mib=0.000 variables=52 pieces=2
[fsm_node-3] [INFO] [1789476941.525032565] [fsm_node]:  -- [OPTIMIZER_PHASE_MEMORY] optimizer=backup event=end call=78 duration_ms=9.388 iterations=685 ret=1 rss_mib=3133.668 swap_mib=0.000 rss_delta_mib=0.000
[fsm_node-3] [WARN] [1789476941.525097201] [fsm_node]:  -- [SUPER] in [ReplanOnce]: Replan overtime, check parameters, replan dt = 0.144327632.
[fsm_node-3] [INFO] [1789476941.546900275] [fsm_node]:  -- [OPTIMIZER_PHASE_MEMORY] optimizer=exp event=begin call=40 rss_mib=3133.668 swap_mib=0.000 variables=9 pieces=3
[fsm_node-3] [INFO] [1789476941.548748172] [fsm_node]:  -- [OPTIMIZER_PHASE_MEMORY] optimizer=exp event=end call=40 duration_ms=1.896 iterations=268 ret=1 rss_mib=3133.668 swap_mib=0.000 rss_delta_mib=0.000
[fsm_node-3] [INFO] [1789476941.641278105] [fsm_node]:  -- [OPTIMIZER_PHASE_MEMORY] optimizer=backup event=begin call=79 rss_mib=3133.820 swap_mib=0.000 variables=30 pieces=2
[fsm_node-3] [INFO] [1789476941.642127351] [fsm_node]:  -- [OPTIMIZER_PHASE_MEMORY] optimizer=backup event=end call=79 duration_ms=0.893 iterations=182 ret=1 rss_mib=3133.820 swap_mib=0.000 rss_delta_mib=0.000
[fsm_node-3] [INFO] [1789476941.642207299] [fsm_node]:  -- [OPTIMIZER_PHASE_MEMORY] optimizer=backup event=begin call=80 rss_mib=3133.820 swap_mib=0.000 variables=30 pieces=2
[fsm_node-3] [INFO] [1789476941.653715267] [fsm_node]:  -- [OPTIMIZER_PHASE_MEMORY] optimizer=backup event=end call=80 duration_ms=11.498 iterations=1441 ret=1 rss_mib=3133.820 swap_mib=0.000 rss_delta_mib=0.000
[fsm_node-3] [WARN] [1789476941.653759001] [fsm_node]:  -- [SUPER] in [ReplanOnce]: Replan overtime, check parameters, replan dt = 0.128324951.
[fsm_node-3] [INFO] [1789476941.674398573] [fsm_node]:  -- [OPTIMIZER_PHASE_MEMORY] optimizer=exp event=begin call=41 rss_mib=3133.820 swap_mib=0.000 variables=13 pieces=4
[fsm_node-3] [INFO] [1789476941.675496773] [fsm_node]:  -- [OPTIMIZER_PHASE_MEMORY] optimizer=exp event=end call=41 duration_ms=1.152 iterations=135 ret=1 rss_mib=3133.820 swap_mib=0.000 rss_delta_mib=0.000
[fsm_node-3] [INFO] [1789476941.761502655] [fsm_node]:  -- [OPTIMIZER_PHASE_MEMORY] optimizer=backup event=begin call=81 rss_mib=3133.820 swap_mib=0.000 variables=30 pieces=2
[fsm_node-3] [INFO] [1789476941.762675468] [fsm_node]:  -- [OPTIMIZER_PHASE_MEMORY] optimizer=backup event=end call=81 duration_ms=1.208 iterations=285 ret=1 rss_mib=3133.820 swap_mib=0.000 rss_delta_mib=0.000
[fsm_node-3] [INFO] [1789476941.762745325] [fsm_node]:  -- [OPTIMIZER_PHASE_MEMORY] optimizer=backup event=begin call=82 rss_mib=3133.820 swap_mib=0.000 variables=30 pieces=2
[fsm_node-3] [INFO] [1789476941.765273287] [fsm_node]:  -- [OPTIMIZER_PHASE_MEMORY] optimizer=backup event=end call=82 duration_ms=2.528 iterations=480 ret=1 rss_mib=3133.820 swap_mib=0.000 rss_delta_mib=0.000
[fsm_node-3] [WARN] [1789476941.765298428] [fsm_node]:  -- [SUPER] in [ReplanOnce]: Replan overtime, check parameters, replan dt = 0.111263846.
[fsm_node-3] [INFO] [1789476941.784105398] [fsm_node]:  -- [OPTIMIZER_PHASE_MEMORY] optimizer=exp event=begin call=42 rss_mib=3133.820 swap_mib=0.000 variables=9 pieces=3
[fsm_node-3] [INFO] [1789476941.786187184] [fsm_node]:  -- [OPTIMIZER_PHASE_MEMORY] optimizer=exp event=end call=42 duration_ms=2.132 iterations=329 ret=1 rss_mib=3133.820 swap_mib=0.000 rss_delta_mib=0.000
[fsm_node-3] [INFO] [1789476941.873957027] [fsm_node]:  -- [OPTIMIZER_PHASE_MEMORY] optimizer=backup event=begin call=83 rss_mib=3137.074 swap_mib=0.000 variables=26 pieces=2
[fsm_node-3] [INFO] [1789476941.880081227] [fsm_node]:  -- [OPTIMIZER_PHASE_MEMORY] optimizer=backup event=end call=83 duration_ms=6.161 iterations=1027 ret=1 rss_mib=3137.074 swap_mib=0.000 rss_delta_mib=0.000
[fsm_node-3] [INFO] [1789476941.880188977] [fsm_node]:  -- [OPTIMIZER_PHASE_MEMORY] optimizer=backup event=begin call=84 rss_mib=3137.074 swap_mib=0.000 variables=26 pieces=2
[fsm_node-3] [INFO] [1789476941.882309594] [fsm_node]:  -- [OPTIMIZER_PHASE_MEMORY] optimizer=backup event=end call=84 duration_ms=2.119 iterations=436 ret=1 rss_mib=3137.074 swap_mib=0.000 rss_delta_mib=0.000
[fsm_node-3] [WARN] [1789476941.882341210] [fsm_node]:  -- [SUPER] in [ReplanOnce]: Replan overtime, check parameters, replan dt = 0.116807541.
[fsm_node-3] [INFO] [1789476941.902905623] [fsm_node]:  -- [OPTIMIZER_PHASE_MEMORY] optimizer=exp event=begin call=43 rss_mib=3137.074 swap_mib=0.000 variables=13 pieces=4
[fsm_node-3] [INFO] [1789476941.904204010] [fsm_node]:  -- [OPTIMIZER_PHASE_MEMORY] optimizer=exp event=end call=43 duration_ms=1.356 iterations=158 ret=1 rss_mib=3137.074 swap_mib=0.000 rss_delta_mib=0.000
[fsm_node-3] [INFO] [1789476941.997169818] [fsm_node]:  -- [OPTIMIZER_PHASE_MEMORY] optimizer=backup event=begin call=85 rss_mib=3137.074 swap_mib=0.000 variables=26 pieces=2
[fsm_node-3] [INFO] [1789476942.021214003] [fsm_node]:  -- [OPTIMIZER_PHASE_MEMORY] optimizer=backup event=end call=85 duration_ms=24.074 iterations=3031 ret=1 rss_mib=3137.074 swap_mib=0.000 rss_delta_mib=0.000
[fsm_node-3] [INFO] [1789476942.021344184] [fsm_node]:  -- [OPTIMIZER_PHASE_MEMORY] optimizer=backup event=begin call=86 rss_mib=3137.074 swap_mib=0.000 variables=26 pieces=2
[fsm_node-3] [INFO] [1789476942.022360776] [fsm_node]:  -- [OPTIMIZER_PHASE_MEMORY] optimizer=backup event=end call=86 duration_ms=1.019 iterations=224 ret=1 rss_mib=3137.074 swap_mib=0.000 rss_delta_mib=0.000
[fsm_node-3] [WARN] [1789476942.022395942] [fsm_node]:  -- [SUPER] in [ReplanOnce]: Replan overtime, check parameters, replan dt = 0.139860747.
[fsm_node-3] [INFO] [1789476942.047378737] [fsm_node]:  -- [OPTIMIZER_PHASE_MEMORY] optimizer=exp event=begin call=44 rss_mib=3137.074 swap_mib=0.000 variables=13 pieces=4
[fsm_node-3] [INFO] [1789476942.049777778] [fsm_node]:  -- [OPTIMIZER_PHASE_MEMORY] optimizer=exp event=end call=44 duration_ms=2.461 iterations=285 ret=1 rss_mib=3137.074 swap_mib=0.000 rss_delta_mib=0.000
[fsm_node-3] [INFO] [1789476942.146014935] [fsm_node]:  -- [OPTIMIZER_PHASE_MEMORY] optimizer=backup event=begin call=87 rss_mib=3137.074 swap_mib=0.000 variables=26 pieces=2
[fsm_node-3] [INFO] [1789476942.156868468] [fsm_node]:  -- [OPTIMIZER_PHASE_MEMORY] optimizer=backup event=end call=87 duration_ms=10.899 iterations=1527 ret=1 rss_mib=3137.074 swap_mib=0.000 rss_delta_mib=0.000
[fsm_node-3] [INFO] [1789476942.156939269] [fsm_node]:  -- [OPTIMIZER_PHASE_MEMORY] optimizer=backup event=begin call=88 rss_mib=3137.074 swap_mib=0.000 variables=26 pieces=2
[fsm_node-3]  -- [TRAJ_GUARD_CERT] trigger=poly_publish status=SAFE gen=12 map=34 map_age=0.043s map_age_limit=0.531s motion_speed=2.882mps samples=174 range=[0.052,0.914] collision_tt=-1.000 ttc=-1.000 p=[0.000,0.000,0.000]
[fsm_node-3]  -- [TRAJ_GUARD_CERT] trigger=main_pre status=SAFE gen=12 map=35 map_age=0.007s map_age_limit=0.500s motion_speed=5.042mps samples=140 range=[0.219,0.914] collision_tt=-1.000 ttc=-1.000 p=[0.000,0.000,0.000]
[fsm_node-3]  -- [TRAJ_GUARD_CERT] trigger=main_pre status=SAFE gen=12 map=36 map_age=0.003s map_age_limit=0.500s motion_speed=6.669mps samples=102 range=[0.409,0.914] collision_tt=-1.000 ttc=-1.000 p=[0.000,0.000,0.000]
[fsm_node-3]  -- [TRAJ_GUARD_CERT] trigger=main_pre status=SAFE gen=12 map=37 map_age=0.009s map_age_limit=0.500s motion_speed=4.322mps samples=58 range=[0.629,0.914] collision_tt=-1.000 ttc=-1.000 p=[0.000,0.000,0.000]
[fsm_node-3]  -- [TRAJ_GUARD_CERT] trigger=main_pre status=SAFE gen=12 map=38 map_age=0.009s map_age_limit=0.550s motion_speed=0.686mps samples=18 range=[0.829,0.914] collision_tt=-1.000 ttc=-1.000 p=[0.000,0.000,0.000]
[fsm_node-3] [32m -- [Fsm] Traj finish.[0m
[fsm_node-3] [INFO] [1789476942.168644066] [fsm_node]:  -- [OPTIMIZER_PHASE_MEMORY] optimizer=backup event=end call=88 duration_ms=11.702 iterations=1565 ret=1 rss_mib=3137.074 swap_mib=0.000 rss_delta_mib=0.000
[fsm_node-3] [WARN] [1789476942.168676603] [fsm_node]:  -- [SUPER] in [ReplanOnce]: Replan overtime, check parameters, replan dt = 0.146004028.
[fsm_node-3] [WARN] [1789476942.168816200] [fsm_node]:  -- [TRAJ_GUARD_RECOVERY_EPISODE_RESET] reason=horizontal_progress progress=17.192m threshold=2.000m prior_local=0 prior_vertical=0 prior_base=0
[fsm_node-3] [INFO] [1789476942.188929745] [fsm_node]:  -- [OPTIMIZER_PHASE_MEMORY] optimizer=exp event=begin call=45 rss_mib=3137.074 swap_mib=0.000 variables=13 pieces=4
[fsm_node-3] [INFO] [1789476942.190348695] [fsm_node]:  -- [OPTIMIZER_PHASE_MEMORY] optimizer=exp event=end call=45 duration_ms=1.445 iterations=189 ret=1 rss_mib=3137.074 swap_mib=0.000 rss_delta_mib=0.000
[fsm_node-3] [INFO] [1789476942.190377907] [fsm_node]:  -- [SUPER] in [PlanFromRest] GenerateExpTrajectory SUCCESS.
[perfect_drone_frontend_node-2] [INFO] [1789476942.213730260] [native_sector_cpp]: frames=90 published=47 kept 24.8% (5513/22246 pts/input-frame)
[fsm_node-3] [INFO] [1789476942.281464181] [fsm_node]:  -- [OPTIMIZER_PHASE_MEMORY] optimizer=backup event=begin call=89 rss_mib=3137.074 swap_mib=0.000 variables=26 pieces=2
[fsm_node-3] [INFO] [1789476942.281842655] [fsm_node]:  -- [OPTIMIZER_PHASE_MEMORY] optimizer=backup event=end call=89 duration_ms=0.414 iterations=68 ret=1 rss_mib=3137.074 swap_mib=0.000 rss_delta_mib=0.000
[fsm_node-3] [WARN] [1789476942.281847062] [fsm_node]:  -- [BackOpt] Opt failed, Omg or thr or Pos violation.
[fsm_node-3] [38;2;000;128;000m -- [Fsm]: [PubCmdCallback] change state from [FOLLOW_TRAJ] to [GENERATE_TRAJ].
[fsm_node-3] [0m[33m -- [MINCO] TrajOpt failed, (unknown)[0m
[fsm_node-3] [33m -- [SUPER] Minco backup_traj opt failed.[0m
[fsm_node-3] [INFO] [1789476942.281924573] [fsm_node]:  -- [OPTIMIZER_PHASE_MEMORY] optimizer=backup event=begin call=90 rss_mib=3137.074 swap_mib=0.000 variables=26 pieces=2
[fsm_node-3] [INFO] [1789476942.298813149] [fsm_node]:  -- [OPTIMIZER_PHASE_MEMORY] optimizer=backup event=end call=90 duration_ms=16.889 iterations=2367 ret=1 rss_mib=3137.074 swap_mib=0.000 rss_delta_mib=0.000
[fsm_node-3] [WARN] [1789476942.298846621] [fsm_node]:  -- [SUPER] OptimizationBakTrajInPolytopes failed, force return
[fsm_node-3] [WARN] [1789476942.298852686] [fsm_node]:  -- [SUPER] in [PlanFromRest] generateBackupTrajectory return [OPT_FAILED], force return
[fsm_node-3] [33m -- [Fsm] PlanFromRest failed, try replan.[0m
[fsm_node-3] [32m -- [Fsm 7.172] Current state: GENERATE_TRAJ[0m
[fsm_node-3] [32m -- [Fsm] Get goal at [0m24.025 24.025  1.525
[fsm_node-3] [32m -- [Fsm] Receive click goal at: [24.025 24.025  1.525]; goal yaw: 0.000 deg[0m
[fsm_node-3] [INFO] [1789476942.318533452] [fsm_node]:  -- [OPTIMIZER_PHASE_MEMORY] optimizer=exp event=begin call=46 rss_mib=3137.074 swap_mib=0.000 variables=13 pieces=4
[fsm_node-3] [INFO] [1789476942.320433270] [fsm_node]:  -- [OPTIMIZER_PHASE_MEMORY] optimizer=exp event=end call=46 duration_ms=1.926 iterations=252 ret=1 rss_mib=3137.074 swap_mib=0.000 rss_delta_mib=0.000
[fsm_node-3] [INFO] [1789476942.320462097] [fsm_node]:  -- [SUPER] in [PlanFromRest] GenerateExpTrajectory SUCCESS.
[fsm_node-3] [INFO] [1789476942.407224835] [fsm_node]:  -- [OPTIMIZER_PHASE_MEMORY] optimizer=backup event=begin call=91 rss_mib=3137.074 swap_mib=0.000 variables=26 pieces=2
[fsm_node-3] [INFO] [1789476942.423559630] [fsm_node]:  -- [OPTIMIZER_PHASE_MEMORY] optimizer=backup event=end call=91 duration_ms=16.339 iterations=2280 ret=1 rss_mib=3137.074 swap_mib=0.000 rss_delta_mib=0.000
[fsm_node-3] [INFO] [1789476942.423654581] [fsm_node]:  -- [OPTIMIZER_PHASE_MEMORY] optimizer=backup event=begin call=92 rss_mib=3137.074 swap_mib=0.000 variables=26 pieces=2
[fsm_node-3] [INFO] [1789476942.435220087] [fsm_node]:  -- [OPTIMIZER_PHASE_MEMORY] optimizer=backup event=end call=92 duration_ms=11.562 iterations=1675 ret=1 rss_mib=3137.074 swap_mib=0.000 rss_delta_mib=0.000
[fsm_node-3] [INFO] [1789476942.435521477] [fsm_node]:  -- [TRAJ_GUARD_COMMIT] phase=PlanFromRest/with_backup gen=13 map=39 samples=273 range=[0.136,1.489] escape=false footprint_egress=false escape_done_tt=-1.000
[fsm_node-3] [INFO] [1789476942.535615106] [fsm_node]:  -- [OPTIMIZER_PHASE_MEMORY] optimizer=exp event=begin call=47 rss_mib=3137.074 swap_mib=0.000 variables=13 pieces=4
[fsm_node-3] [INFO] [1789476942.537216033] [fsm_node]:  -- [OPTIMIZER_PHASE_MEMORY] optimizer=exp event=end call=47 duration_ms=1.650 iterations=212 ret=1 rss_mib=3137.074 swap_mib=0.000 rss_delta_mib=0.000
[fsm_node-3] [INFO] [1789476942.624743303] [fsm_node]:  -- [OPTIMIZER_PHASE_MEMORY] optimizer=backup event=begin call=93 rss_mib=3137.074 swap_mib=0.000 variables=34 pieces=2
[fsm_node-3] [INFO] [1789476942.626405341] [fsm_node]:  -- [OPTIMIZER_PHASE_MEMORY] optimizer=backup event=end call=93 duration_ms=1.718 iterations=368 ret=1 rss_mib=3137.074 swap_mib=0.000 rss_delta_mib=0.000
[fsm_node-3] [INFO] [1789476942.626481037] [fsm_node]:  -- [OPTIMIZER_PHASE_MEMORY] optimizer=backup event=begin call=94 rss_mib=3137.074 swap_mib=0.000 variables=34 pieces=2
[fsm_node-3] [INFO] [1789476942.628441781] [fsm_node]:  -- [OPTIMIZER_PHASE_MEMORY] optimizer=backup event=end call=94 duration_ms=1.956 iterations=383 ret=1 rss_mib=3137.074 swap_mib=0.000 rss_delta_mib=0.000
[fsm_node-3] [WARN] [1789476942.628471775] [fsm_node]:  -- [SUPER] in [ReplanOnce]: Replan overtime, check parameters, replan dt = 0.11938369.
[fsm_node-3] [INFO] [1789476942.650935620] [fsm_node]:  -- [OPTIMIZER_PHASE_MEMORY] optimizer=exp event=begin call=48 rss_mib=3137.074 swap_mib=0.000 variables=13 pieces=4
[fsm_node-3] [INFO] [1789476942.651842584] [fsm_node]:  -- [OPTIMIZER_PHASE_MEMORY] optimizer=exp event=end call=48 duration_ms=0.960 iterations=115 ret=1 rss_mib=3137.074 swap_mib=0.000 rss_delta_mib=0.000
[fsm_node-3] [INFO] [1789476942.744221341] [fsm_node]:  -- [OPTIMIZER_PHASE_MEMORY] optimizer=backup event=begin call=95 rss_mib=3137.074 swap_mib=0.000 variables=22 pieces=2
[fsm_node-3] [INFO] [1789476942.745223624] [fsm_node]:  -- [OPTIMIZER_PHASE_MEMORY] optimizer=backup event=end call=95 duration_ms=1.056 iterations=244 ret=1 rss_mib=3137.074 swap_mib=0.000 rss_delta_mib=0.000
[fsm_node-3] [INFO] [1789476942.745291244] [fsm_node]:  -- [OPTIMIZER_PHASE_MEMORY] optimizer=backup event=begin call=96 rss_mib=3137.074 swap_mib=0.000 variables=22 pieces=2
[fsm_node-3] [INFO] [1789476942.747876416] [fsm_node]:  -- [OPTIMIZER_PHASE_MEMORY] optimizer=backup event=end call=96 duration_ms=2.586 iterations=551 ret=1 rss_mib=3137.074 swap_mib=0.000 rss_delta_mib=0.000
[fsm_node-3] [WARN] [1789476942.747927042] [fsm_node]:  -- [SUPER] in [ReplanOnce]: Replan overtime, check parameters, replan dt = 0.119225033.
[fsm_node-3] [INFO] [1789476942.770556000] [fsm_node]:  -- [OPTIMIZER_PHASE_MEMORY] optimizer=exp event=begin call=49 rss_mib=3137.074 swap_mib=0.000 variables=9 pieces=3
[fsm_node-3] [INFO] [1789476942.771919349] [fsm_node]:  -- [OPTIMIZER_PHASE_MEMORY] optimizer=exp event=end call=49 duration_ms=1.398 iterations=225 ret=1 rss_mib=3137.074 swap_mib=0.000 rss_delta_mib=0.000
[fsm_node-3] [INFO] [1789476942.869151388] [fsm_node]:  -- [OPTIMIZER_PHASE_MEMORY] optimizer=backup event=begin call=97 rss_mib=3137.074 swap_mib=0.000 variables=18 pieces=2
[fsm_node-3] [INFO] [1789476942.873983740] [fsm_node]:  -- [OPTIMIZER_PHASE_MEMORY] optimizer=backup event=end call=97 duration_ms=4.863 iterations=774 ret=1 rss_mib=3137.074 swap_mib=0.000 rss_delta_mib=0.000
[fsm_node-3] [INFO] [1789476942.874058331] [fsm_node]:  -- [OPTIMIZER_PHASE_MEMORY] optimizer=backup event=begin call=98 rss_mib=3137.074 swap_mib=0.000 variables=18 pieces=2
[fsm_node-3] [INFO] [1789476942.874427692] [fsm_node]:  -- [OPTIMIZER_PHASE_MEMORY] optimizer=backup event=end call=98 duration_ms=0.369 iterations=96 ret=1 rss_mib=3137.074 swap_mib=0.000 rss_delta_mib=0.000
[fsm_node-3] [WARN] [1789476942.874457389] [fsm_node]:  -- [SUPER] in [ReplanOnce]: Replan overtime, check parameters, replan dt = 0.126378731.
[fsm_node-3] [INFO] [1789476942.898421289] [fsm_node]:  -- [OPTIMIZER_PHASE_MEMORY] optimizer=exp event=begin call=50 rss_mib=3137.074 swap_mib=0.000 variables=9 pieces=3
[fsm_node-3] [INFO] [1789476942.899213431] [fsm_node]:  -- [OPTIMIZER_PHASE_MEMORY] optimizer=exp event=end call=50 duration_ms=0.854 iterations=116 ret=1 rss_mib=3137.074 swap_mib=0.000 rss_delta_mib=0.000
[fsm_node-3] [INFO] [1789476942.999995287] [fsm_node]:  -- [OPTIMIZER_PHASE_MEMORY] optimizer=backup event=begin call=99 rss_mib=3137.074 swap_mib=0.000 variables=18 pieces=2
[fsm_node-3] [INFO] [1789476943.001512225] [fsm_node]:  -- [OPTIMIZER_PHASE_MEMORY] optimizer=backup event=end call=99 duration_ms=1.553 iterations=339 ret=1 rss_mib=3137.074 swap_mib=0.000 rss_delta_mib=0.000
[fsm_node-3] [INFO] [1789476943.001591836] [fsm_node]:  -- [OPTIMIZER_PHASE_MEMORY] optimizer=backup event=begin call=100 rss_mib=3137.074 swap_mib=0.000 variables=18 pieces=2
[fsm_node-3] [INFO] [1789476943.001933357] [fsm_node]:  -- [OPTIMIZER_PHASE_MEMORY] optimizer=backup event=end call=100 duration_ms=0.343 iterations=86 ret=1 rss_mib=3137.074 swap_mib=0.000 rss_delta_mib=0.000
[fsm_node-3] [WARN] [1789476943.001964702] [fsm_node]:  -- [SUPER] in [ReplanOnce]: Replan overtime, check parameters, replan dt = 0.127229099.
[fsm_node-3] [INFO] [1789476943.025177876] [fsm_node]:  -- [OPTIMIZER_PHASE_MEMORY] optimizer=exp event=begin call=51 rss_mib=3137.074 swap_mib=0.000 variables=9 pieces=3
[fsm_node-3] [INFO] [1789476943.026553251] [fsm_node]:  -- [OPTIMIZER_PHASE_MEMORY] optimizer=exp event=end call=51 duration_ms=1.415 iterations=207 ret=1 rss_mib=3137.074 swap_mib=0.000 rss_delta_mib=0.000
[fsm_node-3] [INFO] [1789476943.131006526] [fsm_node]:  -- [OPTIMIZER_PHASE_MEMORY] optimizer=backup event=begin call=101 rss_mib=3137.074 swap_mib=0.000 variables=18 pieces=2
[perfect_drone_frontend_node-2] [INFO] [1789476943.138877905] [perfect_tracking]: [SENSOR_CADENCE_SUMMARY] frames=100 span_s=9.903897 hz=9.996065 raw_published=0 direct_handoffs=100 payload_bytes=70842688 side_entry_v1_enabled=0 side_entry_v1_spawned=0 side_entry_v1_injected_frames=0
[perfect_drone_frontend_node-2] [INFO] [1789476943.138922310] [perfect_tracking]: [SENSOR_BURST_DROPOUT_SUMMARY] enabled=0 warmup_s=1.000000 period_s=2.000000 duration_s=0.500000 phase_s=0.000000 phase_env_override=0 rendered=100 delivered=100 dropped=0 bursts=0 max_consecutive_dropped=0 max_delivered_gap_s=0.104035 dropped_payload_bytes=0
[fsm_node-3] [INFO] [1789476943.142484014] [fsm_node]:  -- [OPTIMIZER_PHASE_MEMORY] optimizer=backup event=end call=101 duration_ms=11.516 iterations=1517 ret=1 rss_mib=3137.074 swap_mib=0.000 rss_delta_mib=0.000
[fsm_node-3] [INFO] [1789476943.142573255] [fsm_node]:  -- [OPTIMIZER_PHASE_MEMORY] optimizer=backup event=begin call=102 rss_mib=3137.074 swap_mib=0.000 variables=18 pieces=2
[fsm_node-3] [INFO] [1789476943.153430009] [fsm_node]:  -- [OPTIMIZER_PHASE_MEMORY] optimizer=backup event=end call=102 duration_ms=10.853 iterations=1466 ret=1 rss_mib=3137.074 swap_mib=0.000 rss_delta_mib=0.000
[fsm_node-3] [WARN] [1789476943.153472144] [fsm_node]:  -- [SUPER] in [ReplanOnce]: Replan overtime, check parameters, replan dt = 0.151358128.
[fsm_node-3] [INFO] [1789476943.176638759] [fsm_node]:  -- [OPTIMIZER_PHASE_MEMORY] optimizer=exp event=begin call=52 rss_mib=3137.074 swap_mib=0.000 variables=9 pieces=3
[fsm_node-3] [INFO] [1789476943.182707473] [fsm_node]:  -- [OPTIMIZER_PHASE_MEMORY] optimizer=exp event=end call=52 duration_ms=6.097 iterations=701 ret=1 rss_mib=3137.074 swap_mib=0.000 rss_delta_mib=0.000
[fsm_node-3]  -- [TRAJ_GUARD_CERT] trigger=poly_publish status=SAFE gen=13 map=39 map_age=0.183s map_age_limit=0.550s motion_speed=0.000mps samples=272 range=[0.136,1.489] collision_tt=-1.000 ttc=-1.000 p=[0.000,0.000,0.000]
[fsm_node-3] [38;2;000;128;000m -- [Fsm]: [MainFsmCallback] change state from [GENERATE_TRAJ] to [FOLLOW_TRAJ].
[fsm_node-3] [0m -- [TRAJ_GUARD_CERT] trigger=replan_post status=SAFE gen=13 map=40 map_age=0.001s map_age_limit=0.550s motion_speed=0.758mps samples=271 range=[0.144,1.489] collision_tt=-1.000 ttc=-1.000 p=[0.000,0.000,0.000]
[fsm_node-3]  -- [TRAJ_GUARD_CERT] trigger=main_pre status=SAFE gen=13 map=41 map_age=0.010s map_age_limit=0.500s motion_speed=4.575mps samples=228 range=[0.358,1.489] collision_tt=-1.000 ttc=-1.000 p=[0.000,0.000,0.000]
[fsm_node-3]  -- [TRAJ_GUARD_CERT] trigger=main_pre status=SAFE gen=13 map=42 map_age=0.009s map_age_limit=0.500s motion_speed=6.667mps samples=188 range=[0.558,1.489] collision_tt=-1.000 ttc=-1.000 p=[0.000,0.000,0.000]
[fsm_node-3]  -- [TRAJ_GUARD_CERT] trigger=main_pre status=SAFE gen=13 map=43 map_age=0.007s map_age_limit=0.500s motion_speed=7.000mps samples=148 range=[0.758,1.489] collision_tt=-1.000 ttc=-1.000 p=[0.000,0.000,0.000]
[fsm_node-3]  -- [TRAJ_GUARD_CERT] trigger=main_pre status=SAFE gen=13 map=44 map_age=0.003s map_age_limit=0.500s motion_speed=6.952mps samples=108 range=[0.958,1.489] collision_tt=-1.000 ttc=-1.000 p=[0.000,0.000,0.000]
[fsm_node-3] [32m -- [Fsm] Get goal at [0m24.025000000000002 24.025000000000002  1.525000000000000
[fsm_node-3] [32m -- [Fsm] Receive click goal at: [24.025000000000002 24.025000000000002  1.525000000000000]; goal yaw: 0.000000000000000 deg[0m
[fsm_node-3] [INFO] [1789476943.293627813] [fsm_node]:  -- [OPTIMIZER_PHASE_MEMORY] optimizer=backup event=begin call=103 rss_mib=3137.074 swap_mib=0.000 variables=18 pieces=2
[fsm_node-3] [INFO] [1789476943.294074538] [fsm_node]:  -- [OPTIMIZER_PHASE_MEMORY] optimizer=backup event=end call=103 duration_ms=0.504 iterations=78 ret=1 rss_mib=3137.074 swap_mib=0.000 rss_delta_mib=0.000
[fsm_node-3] [WARN] [1789476943.294080883] [fsm_node]:  -- [BackOpt] Opt failed, Omg or thr or Pos violation.
[fsm_node-3] [INFO] [1789476943.294138572] [fsm_node]:  -- [OPTIMIZER_PHASE_MEMORY] optimizer=backup event=begin call=104 rss_mib=3137.074 swap_mib=0.000 variables=18 pieces=2
[fsm_node-3] [33m -- [MINCO] TrajOpt failed, (unknown)[0m
[fsm_node-3] [33m -- [SUPER] Minco backup_traj opt failed.[0m
[fsm_node-3] [INFO] [1789476943.294677589] [fsm_node]:  -- [OPTIMIZER_PHASE_MEMORY] optimizer=backup event=end call=104 duration_ms=0.540 iterations=109 ret=1 rss_mib=3137.074 swap_mib=0.000 rss_delta_mib=0.000
[fsm_node-3] [WARN] [1789476943.294681976] [fsm_node]:  -- [BackOpt] Opt failed, Omg or thr or Pos violation.
[fsm_node-3] [WARN] [1789476943.294688130] [fsm_node]:  -- [SUPER] OptimizationBakTrajInPolytopes failed, force return
[fsm_node-3] [WARN] [1789476943.294696722] [fsm_node]:  -- [SUPER] in [ReplanOnce]: Replan overtime, check parameters, replan dt = 0.140984163.
[fsm_node-3] [33m -- [MINCO] TrajOpt failed, (unknown)[0m
[fsm_node-3] [33m -- [SUPER] Minco backup_traj opt failed.[0m
[fsm_node-3] [32m -- [Fsm 8.180] Current state: FOLLOW_TRAJ[0m
[fsm_node-3] [INFO] [1789476943.312339079] [fsm_node]:  -- [OPTIMIZER_PHASE_MEMORY] optimizer=exp event=begin call=53 rss_mib=3137.074 swap_mib=0.000 variables=5 pieces=2
[fsm_node-3] [INFO] [1789476943.312782327] [fsm_node]:  -- [OPTIMIZER_PHASE_MEMORY] optimizer=exp event=end call=53 duration_ms=0.478 iterations=78 ret=1 rss_mib=3137.074 swap_mib=0.000 rss_delta_mib=0.000
[fsm_node-3] [WARN] [1789476943.398828218] [fsm_node]:  -- [SUPER] in [ReplanOnce]: Replan overtime, check parameters, replan dt = 0.103901993.
[fsm_node-3] [INFO] [1789476943.414894905] [fsm_node]:  -- [OPTIMIZER_PHASE_MEMORY] optimizer=exp event=begin call=54 rss_mib=3137.074 swap_mib=0.000 variables=5 pieces=2
[fsm_node-3] [INFO] [1789476943.415640363] [fsm_node]:  -- [OPTIMIZER_PHASE_MEMORY] optimizer=exp event=end call=54 duration_ms=0.788 iterations=145 ret=1 rss_mib=3137.074 swap_mib=0.000 rss_delta_mib=0.000
[fsm_node-3] [INFO] [1789476943.484341055] [fsm_node]:  -- [TRAJ_GUARD_COMMIT] phase=ReplanOnce/no_backup gen=14 map=45 samples=217 range=[0.085,1.160] escape=false footprint_egress=false escape_done_tt=-1.000
[fsm_node-3]  -- [TRAJ_GUARD_CERT] trigger=main_pre status=SAFE gen=13 map=45 map_age=0.011s map_age_limit=0.500s motion_speed=5.733mps samples=66 range=[1.168,1.489] collision_tt=-1.000 ttc=-1.000 p=[0.000,0.000,0.000]
[fsm_node-3] [32m -- [Fsm] ReplanOnce succeed.[0m
[fsm_node-3] [INFO] [1789476943.499936341] [fsm_node]:  -- [OPTIMIZER_PHASE_MEMORY] optimizer=exp event=begin call=55 rss_mib=3137.074 swap_mib=0.000 variables=5 pieces=2
[fsm_node-3] [INFO] [1789476943.500565900] [fsm_node]:  -- [OPTIMIZER_PHASE_MEMORY] optimizer=exp event=end call=55 duration_ms=0.700 iterations=115 ret=1 rss_mib=3137.074 swap_mib=0.000 rss_delta_mib=0.000
[fsm_node-3] [INFO] [1789476943.556638941] [fsm_node]:  -- [TRAJ_GUARD_COMMIT] phase=ReplanOnce/no_backup gen=15 map=45 samples=204 range=[0.072,1.077] escape=false footprint_egress=false escape_done_tt=-1.000
[fsm_node-3]  -- [TRAJ_GUARD_CERT] trigger=poly_publish status=SAFE gen=14 map=45 map_age=0.028s map_age_limit=0.500s motion_speed=5.461mps samples=216 range=[0.085,1.160] collision_tt=-1.000 ttc=-1.000 p=[0.000,0.000,0.000]
[fsm_node-3] [32m -- [Fsm] ReplanOnce succeed.[0m
[fsm_node-3] [INFO] [1789476943.570486340] [fsm_node]:  -- [OPTIMIZER_PHASE_MEMORY] optimizer=exp event=begin call=56 rss_mib=3137.074 swap_mib=0.000 variables=5 pieces=2
[fsm_node-3] [INFO] [1789476943.571972229] [fsm_node]:  -- [OPTIMIZER_PHASE_MEMORY] optimizer=exp event=end call=56 duration_ms=1.545 iterations=272 ret=1 rss_mib=3137.074 swap_mib=0.000 rss_delta_mib=0.000
[fsm_node-3] [INFO] [1789476943.616827894] [fsm_node]:  -- [TRAJ_GUARD_COMMIT] phase=ReplanOnce/no_backup gen=16 map=45 samples=192 range=[0.059,1.009] escape=false footprint_egress=false escape_done_tt=-1.000
[fsm_node-3]  -- [TRAJ_GUARD_CERT] trigger=poly_publish status=SAFE gen=15 map=45 map_age=0.100s map_age_limit=0.500s motion_speed=4.357mps samples=202 range=[0.072,1.077] collision_tt=-1.000 ttc=-1.000 p=[0.000,0.000,0.000]
[fsm_node-3] [32m -- [Fsm] ReplanOnce succeed.[0m
[fsm_node-3] [INFO] [1789476943.629564067] [fsm_node]:  -- [OPTIMIZER_PHASE_MEMORY] optimizer=exp event=begin call=57 rss_mib=3137.074 swap_mib=0.000 variables=5 pieces=2
[fsm_node-3] [INFO] [1789476943.630010888] [fsm_node]:  -- [OPTIMIZER_PHASE_MEMORY] optimizer=exp event=end call=57 duration_ms=0.502 iterations=78 ret=1 rss_mib=3137.074 swap_mib=0.000 rss_delta_mib=0.000
[fsm_node-3] [INFO] [1789476943.672171626] [fsm_node]:  -- [TRAJ_GUARD_COMMIT] phase=ReplanOnce/no_backup gen=17 map=46 samples=181 range=[0.055,0.947] escape=false footprint_egress=false escape_done_tt=-1.000
[fsm_node-3]  -- [TRAJ_GUARD_CERT] trigger=poly_publish status=SAFE gen=16 map=45 map_age=0.160s map_age_limit=0.500s motion_speed=3.641mps samples=191 range=[0.060,1.009] collision_tt=-1.000 ttc=-1.000 p=[0.000,0.000,0.000]
[fsm_node-3]  -- [TRAJ_GUARD_CERT] trigger=main_pre status=SAFE gen=16 map=46 map_age=0.004s map_age_limit=0.503s motion_speed=3.445mps samples=183 range=[0.100,1.009] collision_tt=-1.000 ttc=-1.000 p=[0.000,0.000,0.000]
[fsm_node-3] [32m -- [Fsm] ReplanOnce succeed.[0m
[fsm_node-3] [INFO] [1789476943.685456853] [fsm_node]:  -- [OPTIMIZER_PHASE_MEMORY] optimizer=exp event=begin call=58 rss_mib=3137.418 swap_mib=0.000 variables=5 pieces=2
[fsm_node-3] [INFO] [1789476943.685936279] [fsm_node]:  -- [OPTIMIZER_PHASE_MEMORY] optimizer=exp event=end call=58 duration_ms=0.537 iterations=76 ret=1 rss_mib=3137.418 swap_mib=0.000 rss_delta_mib=0.000
[fsm_node-3] [INFO] [1789476943.723461542] [fsm_node]:  -- [TRAJ_GUARD_COMMIT] phase=ReplanOnce/no_backup gen=18 map=46 samples=170 range=[0.051,0.887] escape=false footprint_egress=false escape_done_tt=-1.000
[fsm_node-3]  -- [TRAJ_GUARD_CERT] trigger=poly_publish status=SAFE gen=17 map=46 map_age=0.019s map_age_limit=0.503s motion_speed=3.435mps samples=180 range=[0.055,0.947] collision_tt=-1.000 ttc=-1.000 p=[0.000,0.000,0.000]
[fsm_node-3] [32m -- [Fsm] ReplanOnce succeed.[0m
[fsm_node-3] [INFO] [1789476943.734795382] [fsm_node]:  -- [OPTIMIZER_PHASE_MEMORY] optimizer=exp event=begin call=59 rss_mib=3137.418 swap_mib=0.000 variables=1 pieces=1
[fsm_node-3] [INFO] [1789476943.735101443] [fsm_node]:  -- [OPTIMIZER_PHASE_MEMORY] optimizer=exp event=end call=59 duration_ms=0.348 iterations=108 ret=1 rss_mib=3137.418 swap_mib=0.000 rss_delta_mib=0.000
[fsm_node-3] [INFO] [1789476943.768848421] [fsm_node]:  -- [TRAJ_GUARD_COMMIT] phase=ReplanOnce/no_backup gen=19 map=46 samples=162 range=[0.045,0.843] escape=false footprint_egress=false escape_done_tt=-1.000
[fsm_node-3]  -- [TRAJ_GUARD_CERT] trigger=poly_publish status=SAFE gen=18 map=46 map_age=0.070s map_age_limit=0.500s motion_speed=3.619mps samples=169 range=[0.051,0.887] collision_tt=-1.000 ttc=-1.000 p=[0.000,0.000,0.000]
[fsm_node-3] [32m -- [Fsm] ReplanOnce succeed.[0m
[fsm_node-3] [INFO] [1789476943.800147162] [fsm_node]:  -- [TRAJ_GUARD_COMMIT] phase=ReplanOnce/no_backup gen=20 map=46 samples=156 range=[0.076,0.843] escape=false footprint_egress=false escape_done_tt=-1.000
[fsm_node-3]  -- [TRAJ_GUARD_CERT] trigger=poly_publish status=SAFE gen=19 map=46 map_age=0.116s map_age_limit=0.500s motion_speed=4.008mps samples=161 range=[0.045,0.843] collision_tt=-1.000 ttc=-1.000 p=[0.000,0.000,0.000]
[fsm_node-3] [32m -- [Fsm] ReplanOnce succeed.[0m
[fsm_node-3] [INFO] [1789476943.853728199] [fsm_node]:  -- [TRAJ_GUARD_COMMIT] phase=ReplanOnce/no_backup gen=21 map=46 samples=145 range=[0.130,0.843] escape=false footprint_egress=false escape_done_tt=-1.000
[fsm_node-3]  -- [TRAJ_GUARD_CERT] trigger=poly_publish status=SAFE gen=20 map=46 map_age=0.147s map_age_limit=0.500s motion_speed=4.309mps samples=155 range=[0.076,0.843] collision_tt=-1.000 ttc=-1.000 p=[0.000,0.000,0.000]
[fsm_node-3] [32m -- [Fsm] ReplanOnce succeed.[0m
[fsm_node-3] [INFO] [1789476943.916677247] [fsm_node]:  -- [TRAJ_GUARD_COMMIT] phase=ReplanOnce/no_backup gen=22 map=47 samples=133 range=[0.193,0.843] escape=false footprint_egress=false escape_done_tt=-1.000
[fsm_node-3]  -- [TRAJ_GUARD_CERT] trigger=poly_publish status=SAFE gen=21 map=46 map_age=0.200s map_age_limit=0.500s motion_speed=4.862mps samples=144 range=[0.130,0.843] collision_tt=-1.000 ttc=-1.000 p=[0.000,0.000,0.000]
[fsm_node-3]  -- [TRAJ_GUARD_CERT] trigger=main_pre status=SAFE gen=21 map=47 map_age=0.012s map_age_limit=0.500s motion_speed=4.974mps samples=141 range=[0.143,0.843] collision_tt=-1.000 ttc=-1.000 p=[0.000,0.000,0.000]
[fsm_node-3] [32m -- [Fsm] ReplanOnce succeed.[0m
[fsm_node-3] [WARN] [1789476943.976319748] [fsm_node]:  -- [TRAJ_GUARD_VIABILITY_SLOWDOWN] phase=ReplanOnce/no_backup gen=23 scale=1.250 retries=1
[fsm_node-3] [INFO] [1789476943.976362335] [fsm_node]:  -- [TRAJ_GUARD_COMMIT] phase=ReplanOnce/no_backup gen=23 map=47 samples=163 range=[0.252,1.053] escape=false footprint_egress=false escape_done_tt=-1.000
[fsm_node-3]  -- [TRAJ_GUARD_CERT] trigger=poly_publish status=SAFE gen=22 map=47 map_age=0.061s map_age_limit=0.500s motion_speed=5.508mps samples=131 range=[0.193,0.843] collision_tt=-1.000 ttc=-1.000 p=[0.000,0.000,0.000]
[fsm_node-3] [32m -- [Fsm] ReplanOnce succeed.[0m
[fsm_node-3] [INFO] [1789476944.044625287] [fsm_node]:  -- [TRAJ_GUARD_COMMIT] phase=ReplanOnce/no_backup gen=24 map=47 samples=107 range=[0.321,0.843] escape=false footprint_egress=false escape_done_tt=-1.000
[fsm_node-3]  -- [TRAJ_GUARD_CERT] trigger=poly_publish status=SAFE gen=23 map=47 map_age=0.121s map_age_limit=0.500s motion_speed=6.001mps samples=162 range=[0.253,1.053] collision_tt=-1.000 ttc=-1.000 p=[0.000,0.000,0.000]
[fsm_node-3] [32m -- [Fsm] ReplanOnce succeed.[0m
[fsm_node-3]  -- [TRAJ_GUARD_CERT] trigger=poly_publish status=SAFE gen=24 map=47 map_age=0.189s map_age_limit=0.500s motion_speed=4.835mps samples=106 range=[0.321,0.843] collision_tt=-1.000 ttc=-1.000 p=[0.000,0.000,0.000]
[fsm_node-3]  -- [TRAJ_GUARD_CERT] trigger=main_pre status=SAFE gen=24 map=48 map_age=0.006s map_age_limit=0.500s motion_speed=6.193mps samples=103 range=[0.333,0.843] collision_tt=-1.000 ttc=-1.000 p=[0.000,0.000,0.000]
[fsm_node-3] [32m -- [Fsm] Get goal at [0m-23.975000000000001  24.025000000000002   1.525000000000000
[fsm_node-3] [32m -- [Fsm] Receive click goal at: [-23.975000000000001  24.025000000000002   1.525000000000000]; goal yaw: 0.000000000000000 deg[0m
[fsm_node-3] [INFO] [1789476944.110496655] [fsm_node]:  -- [OPTIMIZER_PHASE_MEMORY] optimizer=exp event=begin call=60 rss_mib=3138.762 swap_mib=0.000 variables=13 pieces=4
[fsm_node-3] [INFO] [1789476944.114015393] [fsm_node]:  -- [OPTIMIZER_PHASE_MEMORY] optimizer=exp event=end call=60 duration_ms=3.581 iterations=358 ret=1 rss_mib=3138.762 swap_mib=0.000 rss_delta_mib=0.000
[fsm_node-3] [WARN] [1789476944.205162685] [fsm_node]:  -- [SUPER] in [ReplanOnce]: Replan overtime, check parameters, replan dt = 0.111981313.
[fsm_node-3] [INFO] [1789476944.217850461] [fsm_node]:  -- [OPTIMIZER_PHASE_MEMORY] optimizer=exp event=begin call=61 rss_mib=3138.762 swap_mib=0.000 variables=13 pieces=4
[fsm_node-3] [INFO] [1789476944.221998385] [fsm_node]:  -- [OPTIMIZER_PHASE_MEMORY] optimizer=exp event=end call=61 duration_ms=4.181 iterations=431 ret=1 rss_mib=3138.762 swap_mib=0.000 rss_delta_mib=0.000
[fsm_node-3] [INFO] [1789476944.302408729] [fsm_node]:  -- [OPTIMIZER_PHASE_MEMORY] optimizer=backup event=begin call=105 rss_mib=3138.887 swap_mib=0.000 variables=18 pieces=2
[fsm_node-3] [INFO] [1789476944.302890834] [fsm_node]:  -- [OPTIMIZER_PHASE_MEMORY] optimizer=backup event=end call=105 duration_ms=0.534 iterations=85 ret=1 rss_mib=3138.887 swap_mib=0.000 rss_delta_mib=0.000
[fsm_node-3] [WARN] [1789476944.302896553] [fsm_node]:  -- [BackOpt] Opt failed, Omg or thr or Pos violation.
[fsm_node-3]  -- [TRAJ_GUARD_CERT] trigger=main_pre status=SAFE gen=24 map=49 map_age=0.007s map_age_limit=0.500s motion_speed=3.805mps samples=63 range=[0.533,0.843] collision_tt=-1.000 ttc=-1.000 p=[0.000,0.000,0.000]
[fsm_node-3] [33m -- [MINCO] TrajOpt failed, (unknown)[0m
[fsm_node-3] [33m -- [SUPER] Minco backup_traj opt failed.[0m
[fsm_node-3] [INFO] [1789476944.302944336] [fsm_node]:  -- [OPTIMIZER_PHASE_MEMORY] optimizer=backup event=begin call=106 rss_mib=3138.887 swap_mib=0.000 variables=18 pieces=2
[fsm_node-3] [INFO] [1789476944.303364463] [fsm_node]:  -- [OPTIMIZER_PHASE_MEMORY] optimizer=backup event=end call=106 duration_ms=0.421 iterations=85 ret=1 rss_mib=3138.887 swap_mib=0.000 rss_delta_mib=0.000
[fsm_node-3] [WARN] [1789476944.303369409] [fsm_node]:  -- [BackOpt] Opt failed, Omg or thr or Pos violation.
[fsm_node-3] [WARN] [1789476944.303379290] [fsm_node]:  -- [SUPER] OptimizationBakTrajInPolytopes failed, force return
[fsm_node-3] [WARN] [1789476944.303387633] [fsm_node]:  -- [SUPER] in [ReplanOnce]: Replan overtime, check parameters, replan dt = 0.09806067.
[fsm_node-3] [33m -- [MINCO] TrajOpt failed, (unknown)[0m
[fsm_node-3] [33m -- [SUPER] Minco backup_traj opt failed.[0m
[fsm_node-3] [32m -- [Fsm 9.190] Current state: FOLLOW_TRAJ[0m
[fsm_node-3] [INFO] [1789476944.317051257] [fsm_node]:  -- [OPTIMIZER_PHASE_MEMORY] optimizer=exp event=begin call=62 rss_mib=3138.887 swap_mib=0.000 variables=17 pieces=5
[fsm_node-3] [INFO] [1789476944.325504796] [fsm_node]:  -- [OPTIMIZER_PHASE_MEMORY] optimizer=exp event=end call=62 duration_ms=8.469 iterations=636 ret=1 rss_mib=3138.887 swap_mib=0.000 rss_delta_mib=0.000
[fsm_node-3] [INFO] [1789476944.416027609] [fsm_node]:  -- [OPTIMIZER_PHASE_MEMORY] optimizer=backup event=begin call=107 rss_mib=3138.887 swap_mib=0.000 variables=18 pieces=2
[fsm_node-3] [INFO] [1789476944.419062673] [fsm_node]:  -- [OPTIMIZER_PHASE_MEMORY] optimizer=backup event=end call=107 duration_ms=3.085 iterations=479 ret=1 rss_mib=3138.887 swap_mib=0.000 rss_delta_mib=0.000
[fsm_node-3] [INFO] [1789476944.419140639] [fsm_node]:  -- [OPTIMIZER_PHASE_MEMORY] optimizer=backup event=begin call=108 rss_mib=3138.887 swap_mib=0.000 variables=18 pieces=2
[fsm_node-3] [INFO] [1789476944.422478620] [fsm_node]:  -- [OPTIMIZER_PHASE_MEMORY] optimizer=backup event=end call=108 duration_ms=3.335 iterations=612 ret=1 rss_mib=3138.887 swap_mib=0.000 rss_delta_mib=0.000
[fsm_node-3] [WARN] [1789476944.422518418] [fsm_node]:  -- [SUPER] in [ReplanOnce]: Replan overtime, check parameters, replan dt = 0.118954134.
[fsm_node-3] [INFO] [1789476944.436142336] [fsm_node]:  -- [OPTIMIZER_PHASE_MEMORY] optimizer=exp event=begin call=63 rss_mib=3138.887 swap_mib=0.000 variables=17 pieces=5
[fsm_node-3] [INFO] [1789476944.440711171] [fsm_node]:  -- [OPTIMIZER_PHASE_MEMORY] optimizer=exp event=end call=63 duration_ms=4.589 iterations=349 ret=1 rss_mib=3138.887 swap_mib=0.000 rss_delta_mib=0.000
[fsm_node-3] [INFO] [1789476944.537304791] [fsm_node]:  -- [OPTIMIZER_PHASE_MEMORY] optimizer=backup event=begin call=109 rss_mib=3149.211 swap_mib=0.000 variables=18 pieces=2
[fsm_node-3] [INFO] [1789476944.541310367] [fsm_node]:  -- [OPTIMIZER_PHASE_MEMORY] optimizer=backup event=end call=109 duration_ms=4.068 iterations=712 ret=1 rss_mib=3149.211 swap_mib=0.000 rss_delta_mib=0.000
[fsm_node-3] [INFO] [1789476944.541388806] [fsm_node]:  -- [OPTIMIZER_PHASE_MEMORY] optimizer=backup event=begin call=110 rss_mib=3149.211 swap_mib=0.000 variables=18 pieces=2
[fsm_node-3] [INFO] [1789476944.542045225] [fsm_node]:  -- [OPTIMIZER_PHASE_MEMORY] optimizer=backup event=end call=110 duration_ms=0.656 iterations=151 ret=1 rss_mib=3149.211 swap_mib=0.000 rss_delta_mib=0.000
[fsm_node-3] [WARN] [1789476944.542080160] [fsm_node]:  -- [SUPER] in [ReplanOnce]: Replan overtime, check parameters, replan dt = 0.119393846.
[fsm_node-3] [INFO] [1789476944.542972925] [fsm_node]:  -- [TRAJ_GUARD_COMMIT] phase=ReplanOnce/no_backup gen=25 map=50 samples=7 range=[0.819,0.843] escape=false footprint_egress=false escape_done_tt=-1.000
[fsm_node-3]  -- [TRAJ_GUARD_CERT] trigger=main_pre status=SAFE gen=24 map=50 map_age=0.017s map_age_limit=0.550s motion_speed=0.099mps samples=13 range=[0.783,0.843] collision_tt=-1.000 ttc=-1.000 p=[0.000,0.000,0.000]
[fsm_node-3] [32m -- [Fsm] ReplanOnce succeed.[0m
[fsm_node-3] [INFO] [1789476944.555567319] [fsm_node]:  -- [TRAJ_GUARD_COMMIT] phase=ReplanOnce/no_backup gen=26 map=50 samples=5 range=[0.832,0.843] escape=false footprint_egress=false escape_done_tt=-1.000
[fsm_node-3]  -- [TRAJ_GUARD_CERT] trigger=poly_publish status=SAFE gen=25 map=50 map_age=0.053s map_age_limit=0.550s motion_speed=0.008mps samples=6 range=[0.819,0.843] collision_tt=-1.000 ttc=-1.000 p=[0.000,0.000,0.000]
[fsm_node-3] [32m -- [Fsm] ReplanOnce succeed.[0m
[fsm_node-3]  -- [TRAJ_GUARD_CERT] trigger=poly_publish status=SAFE gen=26 map=50 map_age=0.066s map_age_limit=0.550s motion_speed=0.003mps samples=4 range=[0.832,0.843] collision_tt=-1.000 ttc=-1.000 p=[0.000,0.000,0.000]
[fsm_node-3] [32m -- [Fsm] Traj finish.[0m
[fsm_node-3] [INFO] [1789476944.598516032] [fsm_node]:  -- [OPTIMIZER_PHASE_MEMORY] optimizer=exp event=begin call=64 rss_mib=3149.211 swap_mib=0.000 variables=17 pieces=5
[fsm_node-3] [INFO] [1789476944.602929217] [fsm_node]:  -- [OPTIMIZER_PHASE_MEMORY] optimizer=exp event=end call=64 duration_ms=4.445 iterations=347 ret=1 rss_mib=3149.211 swap_mib=0.000 rss_delta_mib=0.000
[fsm_node-3] [INFO] [1789476944.602993827] [fsm_node]:  -- [SUPER] in [PlanFromRest] GenerateExpTrajectory SUCCESS.
[fsm_node-3] [INFO] [1789476944.697162597] [fsm_node]:  -- [OPTIMIZER_PHASE_MEMORY] optimizer=backup event=begin call=111 rss_mib=3149.211 swap_mib=0.000 variables=18 pieces=2
[fsm_node-3] [INFO] [1789476944.698391320] [fsm_node]:  -- [OPTIMIZER_PHASE_MEMORY] optimizer=backup event=end call=111 duration_ms=1.263 iterations=259 ret=1 rss_mib=3149.211 swap_mib=0.000 rss_delta_mib=0.000
[fsm_node-3] [INFO] [1789476944.698470685] [fsm_node]:  -- [OPTIMIZER_PHASE_MEMORY] optimizer=backup event=begin call=112 rss_mib=3149.211 swap_mib=0.000 variables=18 pieces=2
[fsm_node-3] [INFO] [1789476944.698896330] [fsm_node]:  -- [OPTIMIZER_PHASE_MEMORY] optimizer=backup event=end call=112 duration_ms=0.425 iterations=93 ret=1 rss_mib=3149.211 swap_mib=0.000 rss_delta_mib=0.000
[fsm_node-3] [WARN] [1789476944.699551613] [fsm_node]:  -- [TRAJ_GUARD_VIABILITY_SLOWDOWN] phase=PlanFromRest/with_backup gen=27 scale=1.250 retries=1
[fsm_node-3] [INFO] [1789476944.699586038] [fsm_node]:  -- [TRAJ_GUARD_COMMIT] phase=PlanFromRest/with_backup gen=27 map=51 samples=346 range=[0.122,1.839] escape=false footprint_egress=false escape_done_tt=-1.000
[fsm_node-3] [INFO] [1789476944.842420757] [fsm_node]:  -- [OPTIMIZER_PHASE_MEMORY] optimizer=exp event=begin call=65 rss_mib=3149.211 swap_mib=0.000 variables=17 pieces=5
[fsm_node-3] [INFO] [1789476944.845508942] [fsm_node]:  -- [OPTIMIZER_PHASE_MEMORY] optimizer=exp event=end call=65 duration_ms=3.141 iterations=247 ret=1 rss_mib=3149.211 swap_mib=0.000 rss_delta_mib=0.000
[fsm_node-3] [INFO] [1789476944.942474132] [fsm_node]:  -- [OPTIMIZER_PHASE_MEMORY] optimizer=backup event=begin call=113 rss_mib=3149.523 swap_mib=0.000 variables=18 pieces=2
[fsm_node-3] [INFO] [1789476944.944743696] [fsm_node]:  -- [OPTIMIZER_PHASE_MEMORY] optimizer=backup event=end call=113 duration_ms=2.347 iterations=415 ret=1 rss_mib=3149.523 swap_mib=0.000 rss_delta_mib=0.000
[fsm_node-3] [INFO] [1789476944.944822648] [fsm_node]:  -- [OPTIMIZER_PHASE_MEMORY] optimizer=backup event=begin call=114 rss_mib=3149.523 swap_mib=0.000 variables=18 pieces=2
[fsm_node-3] [INFO] [1789476944.945440004] [fsm_node]:  -- [OPTIMIZER_PHASE_MEMORY] optimizer=backup event=end call=114 duration_ms=0.618 iterations=140 ret=1 rss_mib=3149.523 swap_mib=0.000 rss_delta_mib=0.000
[fsm_node-3] [WARN] [1789476944.945473500] [fsm_node]:  -- [SUPER] in [ReplanOnce]: Replan overtime, check parameters, replan dt = 0.126361387.
[fsm_node-3] [INFO] [1789476944.964457412] [fsm_node]:  -- [OPTIMIZER_PHASE_MEMORY] optimizer=exp event=begin call=66 rss_mib=3149.523 swap_mib=0.000 variables=17 pieces=5
[fsm_node-3] [INFO] [1789476944.970884386] [fsm_node]:  -- [OPTIMIZER_PHASE_MEMORY] optimizer=exp event=end call=66 duration_ms=6.452 iterations=469 ret=1 rss_mib=3149.523 swap_mib=0.000 rss_delta_mib=0.000
[fsm_node-3] [INFO] [1789476945.064592417] [fsm_node]:  -- [OPTIMIZER_PHASE_MEMORY] optimizer=backup event=begin call=115 rss_mib=3149.523 swap_mib=0.000 variables=18 pieces=2
[fsm_node-3] [38;2;000;128;000m -- [Fsm]: [PubCmdCallback] change state from [FOLLOW_TRAJ] to [GENERATE_TRAJ].
[fsm_node-3] [0m -- [TRAJ_GUARD_CERT] trigger=poly_publish status=SAFE gen=27 map=51 map_age=0.024s map_age_limit=0.550s motion_speed=0.000mps samples=345 range=[0.123,1.839] collision_tt=-1.000 ttc=-1.000 p=[0.000,0.000,0.000]
[fsm_node-3] [38;2;000;128;000m -- [Fsm]: [MainFsmCallback] change state from [GENERATE_TRAJ] to [FOLLOW_TRAJ].
[fsm_node-3] [0m -- [TRAJ_GUARD_CERT] trigger=main_pre status=SAFE gen=27 map=52 map_age=0.010s map_age_limit=0.550s motion_speed=2.012mps samples=307 range=[0.310,1.839] collision_tt=-1.000 ttc=-1.000 p=[0.000,0.000,0.000]
[fsm_node-3]  -- [TRAJ_GUARD_CERT] trigger=main_pre status=SAFE gen=27 map=53 map_age=0.011s map_age_limit=0.500s motion_speed=4.007mps samples=271 range=[0.490,1.839] collision_tt=-1.000 ttc=-1.000 p=[0.000,0.000,0.000]
[fsm_node-3] [32m -- [Fsm] Get goal at [0m-23.975000000000001  24.025000000000002   1.525000000000000
[fsm_node-3] [32m -- [Fsm] Receive click goal at: [-23.975000000000001  24.025000000000002   1.525000000000000]; goal yaw: 0.000000000000000 deg[0m
[fsm_node-3] [INFO] [1789476945.072254488] [fsm_node]:  -- [OPTIMIZER_PHASE_MEMORY] optimizer=backup event=end call=115 duration_ms=7.721 iterations=999 ret=1 rss_mib=3149.523 swap_mib=0.000 rss_delta_mib=0.000
[fsm_node-3] [INFO] [1789476945.072336629] [fsm_node]:  -- [OPTIMIZER_PHASE_MEMORY] optimizer=backup event=begin call=116 rss_mib=3149.523 swap_mib=0.000 variables=18 pieces=2
[fsm_node-3] [INFO] [1789476945.074221425] [fsm_node]:  -- [OPTIMIZER_PHASE_MEMORY] optimizer=backup event=end call=116 duration_ms=1.887 iterations=358 ret=1 rss_mib=3149.523 swap_mib=0.000 rss_delta_mib=0.000
[fsm_node-3] [WARN] [1789476945.074252802] [fsm_node]:  -- [SUPER] in [ReplanOnce]: Replan overtime, check parameters, replan dt = 0.128593092.
[fsm_node-3] [INFO] [1789476945.092109489] [fsm_node]:  -- [OPTIMIZER_PHASE_MEMORY] optimizer=exp event=begin call=67 rss_mib=3149.523 swap_mib=0.000 variables=17 pieces=5
[fsm_node-3] [INFO] [1789476945.097214956] [fsm_node]:  -- [OPTIMIZER_PHASE_MEMORY] optimizer=exp event=end call=67 duration_ms=5.140 iterations=389 ret=1 rss_mib=3149.523 swap_mib=0.000 rss_delta_mib=0.000
[fsm_node-3] [INFO] [1789476945.191359232] [fsm_node]:  -- [OPTIMIZER_PHASE_MEMORY] optimizer=backup event=begin call=117 rss_mib=3149.523 swap_mib=0.000 variables=18 pieces=2
[fsm_node-3] [INFO] [1789476945.192379475] [fsm_node]:  -- [OPTIMIZER_PHASE_MEMORY] optimizer=backup event=end call=117 duration_ms=1.060 iterations=211 ret=1 rss_mib=3149.523 swap_mib=0.000 rss_delta_mib=0.000
[fsm_node-3] [INFO] [1789476945.192454430] [fsm_node]:  -- [OPTIMIZER_PHASE_MEMORY] optimizer=backup event=begin call=118 rss_mib=3149.523 swap_mib=0.000 variables=18 pieces=2
[fsm_node-3] [INFO] [1789476945.199701362] [fsm_node]:  -- [OPTIMIZER_PHASE_MEMORY] optimizer=backup event=end call=118 duration_ms=7.243 iterations=988 ret=1 rss_mib=3149.523 swap_mib=0.000 rss_delta_mib=0.000
[fsm_node-3] [WARN] [1789476945.199732590] [fsm_node]:  -- [SUPER] in [ReplanOnce]: Replan overtime, check parameters, replan dt = 0.125193366.
[fsm_node-3] [INFO] [1789476945.217020395] [fsm_node]:  -- [OPTIMIZER_PHASE_MEMORY] optimizer=exp event=begin call=68 rss_mib=3149.523 swap_mib=0.000 variables=13 pieces=4
[fsm_node-3] [INFO] [1789476945.220658687] [fsm_node]:  -- [OPTIMIZER_PHASE_MEMORY] optimizer=exp event=end call=68 duration_ms=3.669 iterations=349 ret=1 rss_mib=3149.523 swap_mib=0.000 rss_delta_mib=0.000
[fsm_node-3] [INFO] [1789476945.312307157] [fsm_node]:  -- [OPTIMIZER_PHASE_MEMORY] optimizer=backup event=begin call=119 rss_mib=3149.523 swap_mib=0.000 variables=18 pieces=2
[fsm_node-3] [INFO] [1789476945.315664328] [fsm_node]:  -- [OPTIMIZER_PHASE_MEMORY] optimizer=backup event=end call=119 duration_ms=3.419 iterations=550 ret=1 rss_mib=3149.523 swap_mib=0.000 rss_delta_mib=0.000
[fsm_node-3] [INFO] [1789476945.315743919] [fsm_node]:  -- [OPTIMIZER_PHASE_MEMORY] optimizer=backup event=begin call=120 rss_mib=3149.523 swap_mib=0.000 variables=18 pieces=2
[fsm_node-3] [INFO] [1789476945.317809041] [fsm_node]:  -- [OPTIMIZER_PHASE_MEMORY] optimizer=backup event=end call=120 duration_ms=2.067 iterations=427 ret=1 rss_mib=3149.523 swap_mib=0.000 rss_delta_mib=0.000
[fsm_node-3] [WARN] [1789476945.317845741] [fsm_node]:  -- [SUPER] in [ReplanOnce]: Replan overtime, check parameters, replan dt = 0.117832973.
[fsm_node-3]  -- [TRAJ_GUARD_CERT] trigger=main_pre status=SAFE gen=27 map=54 map_age=0.004s map_age_limit=0.500s motion_speed=5.290mps samples=233 range=[0.680,1.839] collision_tt=-1.000 ttc=-1.000 p=[0.000,0.000,0.000]
[fsm_node-3] [32m -- [Fsm 10.200] Current state: FOLLOW_TRAJ[0m
[fsm_node-3] [INFO] [1789476945.342398201] [fsm_node]:  -- [OPTIMIZER_PHASE_MEMORY] optimizer=exp event=begin call=69 rss_mib=3149.523 swap_mib=0.000 variables=17 pieces=5
[fsm_node-3] [INFO] [1789476945.349542624] [fsm_node]:  -- [OPTIMIZER_PHASE_MEMORY] optimizer=exp event=end call=69 duration_ms=7.194 iterations=487 ret=1 rss_mib=3149.523 swap_mib=0.000 rss_delta_mib=0.000
[fsm_node-3] [INFO] [1789476945.442598496] [fsm_node]:  -- [OPTIMIZER_PHASE_MEMORY] optimizer=backup event=begin call=121 rss_mib=3149.523 swap_mib=0.000 variables=18 pieces=2
[fsm_node-3] [INFO] [1789476945.444071176] [fsm_node]:  -- [OPTIMIZER_PHASE_MEMORY] optimizer=backup event=end call=121 duration_ms=1.511 iterations=312 ret=1 rss_mib=3149.523 swap_mib=0.000 rss_delta_mib=0.000
[fsm_node-3] [INFO] [1789476945.444142995] [fsm_node]:  -- [OPTIMIZER_PHASE_MEMORY] optimizer=backup event=begin call=122 rss_mib=3149.523 swap_mib=0.000 variables=18 pieces=2
[fsm_node-3] [INFO] [1789476945.445188219] [fsm_node]:  -- [OPTIMIZER_PHASE_MEMORY] optimizer=backup event=end call=122 duration_ms=1.045 iterations=235 ret=1 rss_mib=3149.523 swap_mib=0.000 rss_delta_mib=0.000
[fsm_node-3] [WARN] [1789476945.445221149] [fsm_node]:  -- [SUPER] in [ReplanOnce]: Replan overtime, check parameters, replan dt = 0.127037931.
[fsm_node-3] [INFO] [1789476945.474722979] [fsm_node]:  -- [OPTIMIZER_PHASE_MEMORY] optimizer=exp event=begin call=70 rss_mib=3149.523 swap_mib=0.000 variables=17 pieces=5
[fsm_node-3] [INFO] [1789476945.481553347] [fsm_node]:  -- [OPTIMIZER_PHASE_MEMORY] optimizer=exp event=end call=70 duration_ms=6.888 iterations=495 ret=1 rss_mib=3149.523 swap_mib=0.000 rss_delta_mib=0.000
[fsm_node-3] [INFO] [1789476945.574587499] [fsm_node]:  -- [OPTIMIZER_PHASE_MEMORY] optimizer=backup event=begin call=123 rss_mib=3149.523 swap_mib=0.000 variables=26 pieces=2
[fsm_node-3] [INFO] [1789476945.577185060] [fsm_node]:  -- [OPTIMIZER_PHASE_MEMORY] optimizer=backup event=end call=123 duration_ms=2.654 iterations=423 ret=1 rss_mib=3149.523 swap_mib=0.000 rss_delta_mib=0.000
[fsm_node-3] [INFO] [1789476945.577273047] [fsm_node]:  -- [OPTIMIZER_PHASE_MEMORY] optimizer=backup event=begin call=124 rss_mib=3149.523 swap_mib=0.000 variables=26 pieces=2
[fsm_node-3] [INFO] [1789476945.578056491] [fsm_node]:  -- [OPTIMIZER_PHASE_MEMORY] optimizer=backup event=end call=124 duration_ms=0.784 iterations=156 ret=1 rss_mib=3149.523 swap_mib=0.000 rss_delta_mib=0.000
[fsm_node-3] [WARN] [1789476945.578090244] [fsm_node]:  -- [SUPER] in [ReplanOnce]: Replan overtime, check parameters, replan dt = 0.132574025.
[fsm_node-3] [INFO] [1789476945.605713209] [fsm_node]:  -- [OPTIMIZER_PHASE_MEMORY] optimizer=exp event=begin call=71 rss_mib=3149.523 swap_mib=0.000 variables=13 pieces=4
[fsm_node-3] [INFO] [1789476945.607370006] [fsm_node]:  -- [OPTIMIZER_PHASE_MEMORY] optimizer=exp event=end call=71 duration_ms=1.702 iterations=115 ret=1 rss_mib=3149.523 swap_mib=0.000 rss_delta_mib=0.000
[fsm_node-3] [INFO] [1789476945.701513881] [fsm_node]:  -- [OPTIMIZER_PHASE_MEMORY] optimizer=backup event=begin call=125 rss_mib=3149.523 swap_mib=0.000 variables=26 pieces=2
[fsm_node-3] [INFO] [1789476945.703927095] [fsm_node]:  -- [OPTIMIZER_PHASE_MEMORY] optimizer=backup event=end call=125 duration_ms=2.455 iterations=379 ret=1 rss_mib=3149.523 swap_mib=0.000 rss_delta_mib=0.000
[fsm_node-3] [INFO] [1789476945.704020446] [fsm_node]:  -- [OPTIMIZER_PHASE_MEMORY] optimizer=backup event=begin call=126 rss_mib=3149.523 swap_mib=0.000 variables=26 pieces=2
[fsm_node-3] [INFO] [1789476945.706642555] [fsm_node]:  -- [OPTIMIZER_PHASE_MEMORY] optimizer=backup event=end call=126 duration_ms=2.622 iterations=478 ret=1 rss_mib=3149.523 swap_mib=0.000 rss_delta_mib=0.000
[fsm_node-3] [WARN] [1789476945.706674066] [fsm_node]:  -- [SUPER] in [ReplanOnce]: Replan overtime, check parameters, replan dt = 0.128343332.
[fsm_node-3] [INFO] [1789476945.730513512] [fsm_node]:  -- [OPTIMIZER_PHASE_MEMORY] optimizer=exp event=begin call=72 rss_mib=3149.523 swap_mib=0.000 variables=17 pieces=5
[fsm_node-3] [INFO] [1789476945.740119855] [fsm_node]:  -- [OPTIMIZER_PHASE_MEMORY] optimizer=exp event=end call=72 duration_ms=9.611 iterations=625 ret=1 rss_mib=3149.523 swap_mib=0.000 rss_delta_mib=0.000
[fsm_node-3] [INFO] [1789476945.841904627] [fsm_node]:  -- [OPTIMIZER_PHASE_MEMORY] optimizer=backup event=begin call=127 rss_mib=3149.523 swap_mib=0.000 variables=40 pieces=2
[fsm_node-3] [INFO] [1789476945.854451357] [fsm_node]:  -- [OPTIMIZER_PHASE_MEMORY] optimizer=backup event=end call=127 duration_ms=12.570 iterations=186 ret=1 rss_mib=3149.523 swap_mib=0.000 rss_delta_mib=0.000
[fsm_node-3] [INFO] [1789476945.855337778] [fsm_node]:  -- [OPTIMIZER_PHASE_MEMORY] optimizer=backup event=begin call=128 rss_mib=3149.523 swap_mib=0.000 variables=40 pieces=2
[fsm_node-3] [INFO] [1789476945.879540499] [fsm_node]:  -- [OPTIMIZER_PHASE_MEMORY] optimizer=backup event=end call=128 duration_ms=24.180 iterations=363 ret=1 rss_mib=3149.523 swap_mib=0.000 rss_delta_mib=0.000
[fsm_node-3] [WARN] [1789476945.879613874] [fsm_node]:  -- [SUPER] in [ReplanOnce]: Replan overtime, check parameters, replan dt = 0.172562511.
[fsm_node-3] [INFO] [1789476945.900708770] [fsm_node]:  -- [OPTIMIZER_PHASE_MEMORY] optimizer=exp event=begin call=73 rss_mib=3149.523 swap_mib=0.000 variables=17 pieces=5
[fsm_node-3] [INFO] [1789476945.905717909] [fsm_node]:  -- [OPTIMIZER_PHASE_MEMORY] optimizer=exp event=end call=73 duration_ms=5.061 iterations=373 ret=1 rss_mib=3149.523 swap_mib=0.000 rss_delta_mib=0.000
[fsm_node-3] [INFO] [1789476946.004971585] [fsm_node]:  -- [OPTIMIZER_PHASE_MEMORY] optimizer=backup event=begin call=129 rss_mib=3149.523 swap_mib=0.000 variables=22 pieces=2
[fsm_node-3] [INFO] [1789476946.007736203] [fsm_node]:  -- [OPTIMIZER_PHASE_MEMORY] optimizer=backup event=end call=129 duration_ms=2.816 iterations=404 ret=1 rss_mib=3149.523 swap_mib=0.000 rss_delta_mib=0.000
[fsm_node-3] [INFO] [1789476946.007862823] [fsm_node]:  -- [OPTIMIZER_PHASE_MEMORY] optimizer=backup event=begin call=130 rss_mib=3149.523 swap_mib=0.000 variables=22 pieces=2
[fsm_node-3] [INFO] [1789476946.012982374] [fsm_node]:  -- [OPTIMIZER_PHASE_MEMORY] optimizer=backup event=end call=130 duration_ms=5.113 iterations=632 ret=1 rss_mib=3149.523 swap_mib=0.000 rss_delta_mib=0.000
[fsm_node-3] [WARN] [1789476946.013028583] [fsm_node]:  -- [SUPER] in [ReplanOnce]: Replan overtime, check parameters, replan dt = 0.13308133.
[fsm_node-3] [INFO] [1789476946.034673370] [fsm_node]:  -- [OPTIMIZER_PHASE_MEMORY] optimizer=exp event=begin call=74 rss_mib=3149.523 swap_mib=0.000 variables=17 pieces=5
[fsm_node-3] [INFO] [1789476946.043026356] [fsm_node]:  -- [OPTIMIZER_PHASE_MEMORY] optimizer=exp event=end call=74 duration_ms=8.373 iterations=587 ret=1 rss_mib=3149.523 swap_mib=0.000 rss_delta_mib=0.000
[fsm_node-3]  -- [TRAJ_GUARD_CERT] trigger=main_pre status=SAFE gen=27 map=55 map_age=0.012s map_age_limit=0.500s motion_speed=5.598mps samples=191 range=[0.890,1.839] collision_tt=-1.000 ttc=-1.000 p=[0.000,0.000,0.000]
[fsm_node-3]  -- [TRAJ_GUARD_CERT] trigger=main_pre status=SAFE gen=27 map=56 map_age=0.011s map_age_limit=0.500s motion_speed=5.559mps samples=151 range=[1.090,1.839] collision_tt=-1.000 ttc=-1.000 p=[0.000,0.000,0.000]
[fsm_node-3]  -- [TRAJ_GUARD_CERT] trigger=main_pre status=SAFE gen=27 map=57 map_age=0.004s map_age_limit=0.500s motion_speed=5.503mps samples=113 range=[1.280,1.839] collision_tt=-1.000 ttc=-1.000 p=[0.000,0.000,0.000]
[fsm_node-3]  -- [TRAJ_GUARD_CERT] trigger=main_pre status=SAFE gen=27 map=58 map_age=0.004s map_age_limit=0.502s motion_speed=3.457mps samples=73 range=[1.480,1.839] collision_tt=-1.000 ttc=-1.000 p=[0.000,0.000,0.000]
[fsm_node-3] [32m -- [Fsm] Get goal at [0m-23.975000000000001  24.025000000000002   1.525000000000000
[fsm_node-3] [32m -- [Fsm] Receive click goal at: [-23.975000000000001  24.025000000000002   1.525000000000000]; goal yaw: 0.000000000000000 deg[0m
[fsm_node-3] [INFO] [1789476946.149942188] [fsm_node]:  -- [OPTIMIZER_PHASE_MEMORY] optimizer=backup event=begin call=131 rss_mib=3149.523 swap_mib=0.000 variables=30 pieces=2
[fsm_node-3] [INFO] [1789476946.153042978] [fsm_node]:  -- [OPTIMIZER_PHASE_MEMORY] optimizer=backup event=end call=131 duration_ms=3.139 iterations=469 ret=1 rss_mib=3149.523 swap_mib=0.000 rss_delta_mib=0.000
[fsm_node-3] [INFO] [1789476946.153164722] [fsm_node]:  -- [OPTIMIZER_PHASE_MEMORY] optimizer=backup event=begin call=132 rss_mib=3149.523 swap_mib=0.000 variables=30 pieces=2
[fsm_node-3] [INFO] [1789476946.156202796] [fsm_node]:  -- [OPTIMIZER_PHASE_MEMORY] optimizer=backup event=end call=132 duration_ms=3.041 iterations=430 ret=1 rss_mib=3149.523 swap_mib=0.000 rss_delta_mib=0.000
[fsm_node-3] [WARN] [1789476946.156234744] [fsm_node]:  -- [SUPER] in [ReplanOnce]: Replan overtime, check parameters, replan dt = 0.14286267.
[fsm_node-3] [INFO] [1789476946.156923119] [fsm_node]:  -- [TRAJ_GUARD_COMMIT] phase=ReplanOnce/no_backup gen=28 map=58 samples=17 range=[1.580,1.650] escape=false footprint_egress=false escape_done_tt=-1.000
[fsm_node-3] [32m -- [Fsm] ReplanOnce succeed.[0m
[fsm_node-3] [INFO] [1789476946.206276892] [fsm_node]:  -- [TRAJ_GUARD_COMMIT] phase=ReplanOnce/no_backup gen=29 map=58 samples=7 range=[1.629,1.650] escape=false footprint_egress=false escape_done_tt=-1.000
[fsm_node-3]  -- [TRAJ_GUARD_CERT] trigger=poly_publish status=SAFE gen=28 map=58 map_age=0.104s map_age_limit=0.550s motion_speed=2.344mps samples=15 range=[1.580,1.650] collision_tt=-1.000 ttc=-1.000 p=[0.000,0.000,0.000]
[fsm_node-3] [32m -- [Fsm] ReplanOnce succeed.[0m
[fsm_node-3]  -- [TRAJ_GUARD_CERT] trigger=poly_publish status=SAFE gen=29 map=58 map_age=0.154s map_age_limit=0.550s motion_speed=0.009mps samples=6 range=[1.629,1.650] collision_tt=-1.000 ttc=-1.000 p=[0.000,0.000,0.000]
[fsm_node-3] [32m -- [Fsm] Traj finish.[0m
[fsm_node-3] [WARN] [1789476946.237156489] [fsm_node]:  -- [TRAJ_GUARD_RECOVERY_EPISODE_RESET] reason=horizontal_progress progress=7.075m threshold=2.000m prior_local=0 prior_vertical=0 prior_base=0
[fsm_node-3] [INFO] [1789476946.253233025] [fsm_node]:  -- [OPTIMIZER_PHASE_MEMORY] optimizer=exp event=begin call=75 rss_mib=3149.523 swap_mib=0.000 variables=17 pieces=5
[fsm_node-3] [INFO] [1789476946.261903312] [fsm_node]:  -- [OPTIMIZER_PHASE_MEMORY] optimizer=exp event=end call=75 duration_ms=8.724 iterations=521 ret=1 rss_mib=3149.523 swap_mib=0.000 rss_delta_mib=0.000
[fsm_node-3] [INFO] [1789476946.261954621] [fsm_node]:  -- [SUPER] in [PlanFromRest] GenerateExpTrajectory SUCCESS.
[fsm_node-3] [INFO] [1789476946.318153970] [fsm_node]:  -- [OPTIMIZER_PHASE_MEMORY] optimizer=backup event=begin call=133 rss_mib=3149.523 swap_mib=0.000 variables=44 pieces=2
[fsm_node-3] [INFO] [1789476946.319830177] [fsm_node]:  -- [OPTIMIZER_PHASE_MEMORY] optimizer=backup event=end call=133 duration_ms=1.711 iterations=131 ret=1 rss_mib=3149.523 swap_mib=0.000 rss_delta_mib=0.000
[fsm_node-3] [INFO] [1789476946.319999718] [fsm_node]:  -- [OPTIMIZER_PHASE_MEMORY] optimizer=backup event=begin call=134 rss_mib=3149.523 swap_mib=0.000 variables=44 pieces=2
[fsm_node-3] [INFO] [1789476946.323321168] [fsm_node]:  -- [OPTIMIZER_PHASE_MEMORY] optimizer=backup event=end call=134 duration_ms=3.319 iterations=257 ret=1 rss_mib=3149.523 swap_mib=0.000 rss_delta_mib=0.000
[fsm_node-3] [WARN] [1789476946.323806662] [fsm_node]:  -- [TRAJ_GUARD_VIABILITY_SLOWDOWN] phase=PlanFromRest/with_backup gen=30 scale=1.250 retries=1
[fsm_node-3] [INFO] [1789476946.323816408] [fsm_node]:  -- [TRAJ_GUARD_COMMIT] phase=PlanFromRest/with_backup gen=30 map=59 samples=304 range=[0.086,1.595] escape=false footprint_egress=false escape_done_tt=-1.000
[fsm_node-3] [38;2;000;128;000m -- [Fsm]: [PubCmdCallback] change state from [FOLLOW_TRAJ] to [GENERATE_TRAJ].
[fsm_node-3] [0m -- [TRAJ_GUARD_CERT] trigger=poly_publish status=SAFE gen=30 map=59 map_age=0.067s map_age_limit=0.550s motion_speed=0.000mps samples=303 range=[0.087,1.595] collision_tt=-1.000 ttc=-1.000 p=[0.000,0.000,0.000]
[fsm_node-3] [38;2;000;128;000m -- [Fsm]: [MainFsmCallback] change state from [GENERATE_TRAJ] to [FOLLOW_TRAJ].
[fsm_node-3] [0m[32m -- [Fsm 11.200] Current state: FOLLOW_TRAJ[0m
[fsm_node-3] [INFO] [1789476946.426083942] [fsm_node]:  -- [OPTIMIZER_PHASE_MEMORY] optimizer=exp event=begin call=76 rss_mib=3149.523 swap_mib=0.000 variables=17 pieces=5
[fsm_node-3] [INFO] [1789476946.429901111] [fsm_node]:  -- [OPTIMIZER_PHASE_MEMORY] optimizer=exp event=end call=76 duration_ms=3.861 iterations=320 ret=1 rss_mib=3149.523 swap_mib=0.000 rss_delta_mib=0.000
[fsm_node-3] [INFO] [1789476946.496644704] [fsm_node]:  -- [OPTIMIZER_PHASE_MEMORY] optimizer=backup event=begin call=135 rss_mib=3149.523 swap_mib=0.000 variables=46 pieces=2
[fsm_node-3] [INFO] [1789476946.498216164] [fsm_node]:  -- [OPTIMIZER_PHASE_MEMORY] optimizer=backup event=end call=135 duration_ms=1.616 iterations=175 ret=1 rss_mib=3149.523 swap_mib=0.000 rss_delta_mib=0.000
[fsm_node-3] [INFO] [1789476946.498355289] [fsm_node]:  -- [OPTIMIZER_PHASE_MEMORY] optimizer=backup event=begin call=136 rss_mib=3149.523 swap_mib=0.000 variables=46 pieces=2
[fsm_node-3] [INFO] [1789476946.500031004] [fsm_node]:  -- [OPTIMIZER_PHASE_MEMORY] optimizer=backup event=end call=136 duration_ms=1.677 iterations=190 ret=1 rss_mib=3149.523 swap_mib=0.000 rss_delta_mib=0.000
[fsm_node-3] [WARN] [1789476946.500064260] [fsm_node]:  -- [SUPER] in [ReplanOnce]: Replan overtime, check parameters, replan dt = 0.096988083.
[fsm_node-3] [INFO] [1789476946.517982913] [fsm_node]:  -- [OPTIMIZER_PHASE_MEMORY] optimizer=exp event=begin call=77 rss_mib=3149.523 swap_mib=0.000 variables=17 pieces=5
[fsm_node-3] [INFO] [1789476946.523593023] [fsm_node]:  -- [OPTIMIZER_PHASE_MEMORY] optimizer=exp event=end call=77 duration_ms=5.638 iterations=443 ret=1 rss_mib=3149.523 swap_mib=0.000 rss_delta_mib=0.000
[fsm_node-3] [INFO] [1789476946.593041614] [fsm_node]:  -- [OPTIMIZER_PHASE_MEMORY] optimizer=backup event=begin call=137 rss_mib=3149.523 swap_mib=0.000 variables=46 pieces=2
[fsm_node-3] [INFO] [1789476946.594623385] [fsm_node]:  -- [OPTIMIZER_PHASE_MEMORY] optimizer=backup event=end call=137 duration_ms=1.618 iterations=171 ret=1 rss_mib=3149.523 swap_mib=0.000 rss_delta_mib=0.000
[fsm_node-3] [INFO] [1789476946.594751583] [fsm_node]:  -- [OPTIMIZER_PHASE_MEMORY] optimizer=backup event=begin call=138 rss_mib=3149.523 swap_mib=0.000 variables=46 pieces=2
[fsm_node-3] [INFO] [1789476946.596003666] [fsm_node]:  -- [OPTIMIZER_PHASE_MEMORY] optimizer=backup event=end call=138 duration_ms=1.252 iterations=138 ret=1 rss_mib=3149.523 swap_mib=0.000 rss_delta_mib=0.000
[fsm_node-3] [WARN] [1789476946.596034272] [fsm_node]:  -- [SUPER] in [ReplanOnce]: Replan overtime, check parameters, replan dt = 0.095665398.
[fsm_node-3] [INFO] [1789476946.614012892] [fsm_node]:  -- [OPTIMIZER_PHASE_MEMORY] optimizer=exp event=begin call=78 rss_mib=3149.523 swap_mib=0.000 variables=17 pieces=5
[fsm_node-3] [INFO] [1789476946.619663827] [fsm_node]:  -- [OPTIMIZER_PHASE_MEMORY] optimizer=exp event=end call=78 duration_ms=5.674 iterations=442 ret=1 rss_mib=3149.523 swap_mib=0.000 rss_delta_mib=0.000
[fsm_node-3] [INFO] [1789476946.652176734] [fsm_node]:  -- [OPTIMIZER_PHASE_MEMORY] optimizer=backup event=begin call=139 rss_mib=3149.523 swap_mib=0.000 variables=42 pieces=2
[fsm_node-3] [INFO] [1789476946.655955095] [fsm_node]:  -- [OPTIMIZER_PHASE_MEMORY] optimizer=backup event=end call=139 duration_ms=3.825 iterations=203 ret=1 rss_mib=3149.531 swap_mib=0.000 rss_delta_mib=0.008
[fsm_node-3] [INFO] [1789476946.656111326] [fsm_node]:  -- [OPTIMIZER_PHASE_MEMORY] optimizer=backup event=begin call=140 rss_mib=3149.531 swap_mib=0.000 variables=42 pieces=2
[fsm_node-3] [INFO] [1789476946.670361209] [fsm_node]:  -- [OPTIMIZER_PHASE_MEMORY] optimizer=backup event=end call=140 duration_ms=14.237 iterations=671 ret=1 rss_mib=3149.531 swap_mib=0.000 rss_delta_mib=0.000
[fsm_node-3] [INFO] [1789476946.670695890] [fsm_node]:  -- [TRAJ_GUARD_COMMIT] phase=ReplanOnce/with_backup gen=31 map=61 samples=196 range=[0.074,1.039] escape=false footprint_egress=false escape_done_tt=-1.000
[fsm_node-3]  -- [TRAJ_GUARD_CERT] trigger=main_pre status=SAFE gen=30 map=60 map_age=0.007s map_age_limit=0.550s motion_speed=0.831mps samples=277 range=[0.220,1.595] collision_tt=-1.000 ttc=-1.000 p=[0.000,0.000,0.000]
[fsm_node-3]  -- [TRAJ_GUARD_CERT] trigger=main_pre status=SAFE gen=30 map=61 map_age=0.006s map_age_limit=0.545s motion_speed=2.598mps samples=237 range=[0.420,1.595] collision_tt=-1.000 ttc=-1.000 p=[0.000,0.000,0.000]
[fsm_node-3] [32m -- [Fsm] ReplanOnce succeed.[0m
[fsm_node-3] [INFO] [1789476946.688568010] [fsm_node]:  -- [OPTIMIZER_PHASE_MEMORY] optimizer=exp event=begin call=79 rss_mib=3149.531 swap_mib=0.000 variables=17 pieces=5
[fsm_node-3] [INFO] [1789476946.696359554] [fsm_node]:  -- [OPTIMIZER_PHASE_MEMORY] optimizer=exp event=end call=79 duration_ms=7.776 iterations=565 ret=1 rss_mib=3149.531 swap_mib=0.000 rss_delta_mib=0.000
[fsm_node-3] [INFO] [1789476946.735334201] [fsm_node]:  -- [OPTIMIZER_PHASE_MEMORY] optimizer=backup event=begin call=141 rss_mib=3149.531 swap_mib=0.000 variables=46 pieces=2
[fsm_node-3] [INFO] [1789476946.739163261] [fsm_node]:  -- [OPTIMIZER_PHASE_MEMORY] optimizer=backup event=end call=141 duration_ms=3.854 iterations=174 ret=1 rss_mib=3149.531 swap_mib=0.000 rss_delta_mib=0.000
[fsm_node-3] [INFO] [1789476946.739340001] [fsm_node]:  -- [OPTIMIZER_PHASE_MEMORY] optimizer=backup event=begin call=142 rss_mib=3149.531 swap_mib=0.000 variables=46 pieces=2
[fsm_node-3] [INFO] [1789476946.740801784] [fsm_node]:  -- [OPTIMIZER_PHASE_MEMORY] optimizer=backup event=end call=142 duration_ms=1.462 iterations=67 ret=1 rss_mib=3149.531 swap_mib=0.000 rss_delta_mib=0.000
[fsm_node-3] [INFO] [1789476946.741075729] [fsm_node]:  -- [TRAJ_GUARD_COMMIT] phase=ReplanOnce/with_backup gen=32 map=61 samples=164 range=[0.070,0.875] escape=false footprint_egress=false escape_done_tt=-1.000
[fsm_node-3]  -- [TRAJ_GUARD_CERT] trigger=poly_publish status=SAFE gen=31 map=61 map_age=0.020s map_age_limit=0.536s motion_speed=2.788mps samples=194 range=[0.075,1.039] collision_tt=-1.000 ttc=-1.000 p=[0.000,0.000,0.000]
[fsm_node-3] [32m -- [Fsm] ReplanOnce succeed.[0m
[fsm_node-3] [INFO] [1789476946.762635465] [fsm_node]:  -- [OPTIMIZER_PHASE_MEMORY] optimizer=exp event=begin call=80 rss_mib=3149.531 swap_mib=0.000 variables=17 pieces=5
[fsm_node-3] [INFO] [1789476946.772652238] [fsm_node]:  -- [OPTIMIZER_PHASE_MEMORY] optimizer=exp event=end call=80 duration_ms=10.051 iterations=665 ret=1 rss_mib=3149.531 swap_mib=0.000 rss_delta_mib=0.000
[fsm_node-3] [INFO] [1789476946.847255609] [fsm_node]:  -- [OPTIMIZER_PHASE_MEMORY] optimizer=backup event=begin call=143 rss_mib=3149.531 swap_mib=0.000 variables=60 pieces=2
[fsm_node-3] [INFO] [1789476946.853947482] [fsm_node]:  -- [OPTIMIZER_PHASE_MEMORY] optimizer=backup event=end call=143 duration_ms=6.725 iterations=231 ret=1 rss_mib=3149.531 swap_mib=0.000 rss_delta_mib=0.000
[fsm_node-3] [INFO] [1789476946.854203274] [fsm_node]:  -- [OPTIMIZER_PHASE_MEMORY] optimizer=backup event=begin call=144 rss_mib=3149.531 swap_mib=0.000 variables=60 pieces=2
[fsm_node-3] [INFO] [1789476946.866178154] [fsm_node]:  -- [OPTIMIZER_PHASE_MEMORY] optimizer=backup event=end call=144 duration_ms=11.963 iterations=390 ret=1 rss_mib=3149.531 swap_mib=0.000 rss_delta_mib=0.000
[fsm_node-3] [WARN] [1789476946.866239220] [fsm_node]:  -- [SUPER] in [ReplanOnce]: Replan overtime, check parameters, replan dt = 0.124888069.
[fsm_node-3] [INFO] [1789476946.892693884] [fsm_node]:  -- [OPTIMIZER_PHASE_MEMORY] optimizer=exp event=begin call=81 rss_mib=3149.531 swap_mib=0.000 variables=17 pieces=5
[fsm_node-3] [INFO] [1789476946.945965146] [fsm_node]:  -- [OPTIMIZER_PHASE_MEMORY] optimizer=exp event=end call=81 duration_ms=53.289 iterations=3479 ret=1 rss_mib=3149.531 swap_mib=0.000 rss_delta_mib=0.000
[fsm_node-3] [INFO] [1789476947.047122732] [fsm_node]:  -- [OPTIMIZER_PHASE_MEMORY] optimizer=backup event=begin call=145 rss_mib=3149.531 swap_mib=0.000 variables=48 pieces=2
[fsm_node-3] [INFO] [1789476947.053810972] [fsm_node]:  -- [OPTIMIZER_PHASE_MEMORY] optimizer=backup event=end call=145 duration_ms=6.731 iterations=418 ret=1 rss_mib=3149.625 swap_mib=0.000 rss_delta_mib=0.094
[fsm_node-3] [INFO] [1789476947.053965897] [fsm_node]:  -- [OPTIMIZER_PHASE_MEMORY] optimizer=backup event=begin call=146 rss_mib=3149.625 swap_mib=0.000 variables=48 pieces=2
[fsm_node-3] [INFO] [1789476947.058694137] [fsm_node]:  -- [OPTIMIZER_PHASE_MEMORY] optimizer=backup event=end call=146 duration_ms=4.722 iterations=304 ret=1 rss_mib=3149.625 swap_mib=0.000 rss_delta_mib=0.000
[fsm_node-3] [WARN] [1789476947.058742481] [fsm_node]:  -- [SUPER] in [ReplanOnce]: Replan overtime, check parameters, replan dt = 0.192218093.
[fsm_node-3]  -- [TRAJ_GUARD_CERT] trigger=poly_publish status=SAFE gen=32 map=61 map_age=0.090s map_age_limit=0.501s motion_speed=3.474mps samples=162 range=[0.070,0.875] collision_tt=-1.000 ttc=-1.000 p=[0.000,0.000,0.000]
[fsm_node-3]  -- [TRAJ_GUARD_CERT] trigger=replan_post status=SAFE gen=32 map=62 map_age=0.009s map_age_limit=0.500s motion_speed=4.773mps samples=137 range=[0.195,0.875] collision_tt=-1.000 ttc=-1.000 p=[0.000,0.000,0.000]
[fsm_node-3]  -- [TRAJ_GUARD_CERT] trigger=main_pre status=SAFE gen=32 map=63 map_age=0.010s map_age_limit=0.500s motion_speed=5.750mps samples=97 range=[0.396,0.875] collision_tt=-1.000 ttc=-1.000 p=[0.000,0.000,0.000]
[fsm_node-3] [32m -- [Fsm] Get goal at [0m-23.975000000000001  24.025000000000002   1.525000000000000
[fsm_node-3] [32m -- [Fsm] Receive click goal at: [-23.975000000000001  24.025000000000002   1.525000000000000]; goal yaw: 0.000000000000000 deg[0m
[fsm_node-3] [INFO] [1789476947.082368880] [fsm_node]:  -- [OPTIMIZER_PHASE_MEMORY] optimizer=exp event=begin call=82 rss_mib=3149.625 swap_mib=0.000 variables=17 pieces=5
[fsm_node-3] [INFO] [1789476947.085537282] [fsm_node]:  -- [OPTIMIZER_PHASE_MEMORY] optimizer=exp event=end call=82 duration_ms=3.213 iterations=224 ret=1 rss_mib=3149.625 swap_mib=0.000 rss_delta_mib=0.000
[fsm_node-3] [INFO] [1789476947.186488549] [fsm_node]:  -- [OPTIMIZER_PHASE_MEMORY] optimizer=backup event=begin call=147 rss_mib=3149.707 swap_mib=0.000 variables=26 pieces=2
[fsm_node-3] [INFO] [1789476947.193031458] [fsm_node]:  -- [OPTIMIZER_PHASE_MEMORY] optimizer=backup event=end call=147 duration_ms=6.573 iterations=785 ret=1 rss_mib=3149.707 swap_mib=0.000 rss_delta_mib=0.000
[fsm_node-3] [INFO] [1789476947.193128155] [fsm_node]:  -- [OPTIMIZER_PHASE_MEMORY] optimizer=backup event=begin call=148 rss_mib=3149.707 swap_mib=0.000 variables=26 pieces=2
[fsm_node-3] [INFO] [1789476947.195337606] [fsm_node]:  -- [OPTIMIZER_PHASE_MEMORY] optimizer=backup event=end call=148 duration_ms=2.212 iterations=375 ret=1 rss_mib=3149.707 swap_mib=0.000 rss_delta_mib=0.000
[fsm_node-3] [WARN] [1789476947.195371755] [fsm_node]:  -- [SUPER] in [ReplanOnce]: Replan overtime, check parameters, replan dt = 0.136362122.
[perfect_drone_frontend_node-2] [INFO] [1789476947.213748304] [native_sector_cpp]: frames=140 published=72 kept 22.9% (4655/20360 pts/input-frame)
[fsm_node-3] [INFO] [1789476947.221648376] [fsm_node]:  -- [OPTIMIZER_PHASE_MEMORY] optimizer=exp event=begin call=83 rss_mib=3149.707 swap_mib=0.000 variables=17 pieces=5
[fsm_node-3] [INFO] [1789476947.229667471] [fsm_node]:  -- [OPTIMIZER_PHASE_MEMORY] optimizer=exp event=end call=83 duration_ms=8.054 iterations=527 ret=1 rss_mib=3149.707 swap_mib=0.000 rss_delta_mib=0.000
[fsm_node-3]  -- [TRAJ_GUARD_CERT] trigger=main_pre status=SAFE gen=32 map=64 map_age=0.008s map_age_limit=0.500s motion_speed=3.970mps samples=53 range=[0.616,0.875] collision_tt=-1.000 ttc=-1.000 p=[0.000,0.000,0.000]
[fsm_node-3] [32m -- [Fsm 12.210] Current state: FOLLOW_TRAJ[0m
[fsm_node-3] [INFO] [1789476947.345094748] [fsm_node]:  -- [OPTIMIZER_PHASE_MEMORY] optimizer=backup event=begin call=149 rss_mib=3156.379 swap_mib=0.000 variables=94 pieces=2
[fsm_node-3] [INFO] [1789476947.383187993] [fsm_node]:  -- [OPTIMIZER_PHASE_MEMORY] optimizer=backup event=end call=149 duration_ms=38.133 iterations=243 ret=1 rss_mib=3156.379 swap_mib=0.000 rss_delta_mib=0.000
[fsm_node-3] [INFO] [1789476947.388382964] [fsm_node]:  -- [OPTIMIZER_PHASE_MEMORY] optimizer=backup event=begin call=150 rss_mib=3158.438 swap_mib=0.000 variables=94 pieces=2
[fsm_node-3] [INFO] [1789476947.419684011] [fsm_node]:  -- [OPTIMIZER_PHASE_MEMORY] optimizer=backup event=end call=150 duration_ms=31.277 iterations=200 ret=1 rss_mib=3158.438 swap_mib=0.000 rss_delta_mib=0.000
[fsm_node-3] [WARN] [1789476947.419775575] [fsm_node]:  -- [SUPER] in [ReplanOnce]: Replan overtime, check parameters, replan dt = 0.224201331.
[fsm_node-3] [INFO] [1789476947.441729618] [fsm_node]:  -- [OPTIMIZER_PHASE_MEMORY] optimizer=exp event=begin call=84 rss_mib=3158.438 swap_mib=0.000 variables=17 pieces=5
[fsm_node-3] [INFO] [1789476947.459035844] [fsm_node]:  -- [OPTIMIZER_PHASE_MEMORY] optimizer=exp event=end call=84 duration_ms=17.356 iterations=1100 ret=1 rss_mib=3158.441 swap_mib=0.000 rss_delta_mib=0.004
[fsm_node-3]  -- [TRAJ_GUARD_CERT] trigger=main_pre status=SAFE gen=32 map=65 map_age=0.006s map_age_limit=0.550s motion_speed=0.473mps samples=13 range=[0.816,0.875] collision_tt=-1.000 ttc=-1.000 p=[0.000,0.000,0.000]
[fsm_node-3] [32m -- [Fsm] Traj finish.[0m
[fsm_node-3] [INFO] [1789476947.566727687] [fsm_node]:  -- [OPTIMIZER_PHASE_MEMORY] optimizer=backup event=begin call=151 rss_mib=3158.910 swap_mib=0.000 variables=62 pieces=2
[fsm_node-3] [INFO] [1789476947.592261828] [fsm_node]:  -- [OPTIMIZER_PHASE_MEMORY] optimizer=backup event=end call=151 duration_ms=25.574 iterations=193 ret=1 rss_mib=3158.910 swap_mib=0.000 rss_delta_mib=0.000
[fsm_node-3] [INFO] [1789476947.595371590] [fsm_node]:  -- [OPTIMIZER_PHASE_MEMORY] optimizer=backup event=begin call=152 rss_mib=3158.910 swap_mib=0.000 variables=62 pieces=2
[fsm_node-3] [INFO] [1789476947.631912455] [fsm_node]:  -- [OPTIMIZER_PHASE_MEMORY] optimizer=backup event=end call=152 duration_ms=36.522 iterations=278 ret=1 rss_mib=3158.910 swap_mib=0.000 rss_delta_mib=0.000
[fsm_node-3] [WARN] [1789476947.631992274] [fsm_node]:  -- [SUPER] in [ReplanOnce]: Replan overtime, check parameters, replan dt = 0.21189144.
[fsm_node-3] [WARN] [1789476947.632029808] [fsm_node]:  -- [TRAJ_GUARD_RECOVERY_EPISODE_RESET] reason=horizontal_progress progress=3.649m threshold=2.000m prior_local=0 prior_vertical=0 prior_base=0
[fsm_node-3] [INFO] [1789476947.654150255] [fsm_node]:  -- [OPTIMIZER_PHASE_MEMORY] optimizer=exp event=begin call=85 rss_mib=3158.910 swap_mib=0.000 variables=17 pieces=5
[fsm_node-3] [INFO] [1789476947.656637771] [fsm_node]:  -- [OPTIMIZER_PHASE_MEMORY] optimizer=exp event=end call=85 duration_ms=2.531 iterations=179 ret=1 rss_mib=3158.910 swap_mib=0.000 rss_delta_mib=0.000
[fsm_node-3] [INFO] [1789476947.656689503] [fsm_node]:  -- [SUPER] in [PlanFromRest] GenerateExpTrajectory SUCCESS.
[fsm_node-3] [INFO] [1789476947.763666840] [fsm_node]:  -- [OPTIMIZER_PHASE_MEMORY] optimizer=backup event=begin call=153 rss_mib=3158.910 swap_mib=0.000 variables=56 pieces=2
[fsm_node-3] [INFO] [1789476947.791989928] [fsm_node]:  -- [OPTIMIZER_PHASE_MEMORY] optimizer=backup event=end call=153 duration_ms=28.355 iterations=240 ret=1 rss_mib=3158.910 swap_mib=0.000 rss_delta_mib=0.000
[fsm_node-3] [INFO] [1789476947.794398943] [fsm_node]:  -- [OPTIMIZER_PHASE_MEMORY] optimizer=backup event=begin call=154 rss_mib=3158.910 swap_mib=0.000 variables=56 pieces=2
[fsm_node-3] [INFO] [1789476947.822313168] [fsm_node]:  -- [OPTIMIZER_PHASE_MEMORY] optimizer=backup event=end call=154 duration_ms=27.895 iterations=234 ret=1 rss_mib=3158.910 swap_mib=0.000 rss_delta_mib=0.000
[fsm_node-3] [INFO] [1789476947.822747401] [fsm_node]:  -- [TRAJ_GUARD_COMMIT] phase=PlanFromRest/with_backup gen=33 map=66 samples=246 range=[0.190,1.406] escape=false footprint_egress=false escape_done_tt=-1.000
[fsm_node-3] [INFO] [1789476947.946350703] [fsm_node]:  -- [OPTIMIZER_PHASE_MEMORY] optimizer=exp event=begin call=86 rss_mib=3158.910 swap_mib=0.000 variables=17 pieces=5
[fsm_node-3] [INFO] [1789476947.957464711] [fsm_node]:  -- [OPTIMIZER_PHASE_MEMORY] optimizer=exp event=end call=86 duration_ms=11.176 iterations=750 ret=1 rss_mib=3158.910 swap_mib=0.000 rss_delta_mib=0.000
[fsm_node-3] [INFO] [1789476948.058758265] [fsm_node]:  -- [OPTIMIZER_PHASE_MEMORY] optimizer=backup event=begin call=155 rss_mib=3159.031 swap_mib=0.000 variables=26 pieces=2
[fsm_node-3] [INFO] [1789476948.060491473] [fsm_node]:  -- [OPTIMIZER_PHASE_MEMORY] optimizer=backup event=end call=155 duration_ms=1.768 iterations=279 ret=1 rss_mib=3159.031 swap_mib=0.000 rss_delta_mib=0.000
[fsm_node-3] [INFO] [1789476948.060595230] [fsm_node]:  -- [OPTIMIZER_PHASE_MEMORY] optimizer=backup event=begin call=156 rss_mib=3159.031 swap_mib=0.000 variables=26 pieces=2
[fsm_node-3] [INFO] [1789476948.063254896] [fsm_node]:  -- [OPTIMIZER_PHASE_MEMORY] optimizer=backup event=end call=156 duration_ms=2.656 iterations=392 ret=1 rss_mib=3159.031 swap_mib=0.000 rss_delta_mib=0.000
[fsm_node-3] [WARN] [1789476948.063296773] [fsm_node]:  -- [SUPER] in [ReplanOnce]: Replan overtime, check parameters, replan dt = 0.142182703.
[fsm_node-3] [INFO] [1789476948.084799935] [fsm_node]:  -- [OPTIMIZER_PHASE_MEMORY] optimizer=exp event=begin call=87 rss_mib=3159.031 swap_mib=0.000 variables=17 pieces=5
[fsm_node-3] [38;2;000;128;000m -- [Fsm]: [PubCmdCallback] change state from [FOLLOW_TRAJ] to [GENERATE_TRAJ].
[fsm_node-3] [0m -- [TRAJ_GUARD_CERT] trigger=poly_publish status=SAFE gen=33 map=66 map_age=0.148s map_age_limit=0.550s motion_speed=0.000mps samples=245 range=[0.191,1.406] collision_tt=-1.000 ttc=-1.000 p=[0.000,0.000,0.000]
[fsm_node-3] [38;2;000;128;000m -- [Fsm]: [MainFsmCallback] change state from [GENERATE_TRAJ] to [FOLLOW_TRAJ].
[fsm_node-3] [0m -- [TRAJ_GUARD_CERT] trigger=main_pre status=SAFE gen=33 map=67 map_age=0.009s map_age_limit=0.550s motion_speed=2.234mps samples=234 range=[0.245,1.406] collision_tt=-1.000 ttc=-1.000 p=[0.000,0.000,0.000]
[fsm_node-3]  -- [TRAJ_GUARD_CERT] trigger=replan_post status=SAFE gen=33 map=68 map_age=0.004s map_age_limit=0.500s motion_speed=5.669mps samples=196 range=[0.431,1.406] collision_tt=-1.000 ttc=-1.000 p=[0.000,0.000,0.000]
[fsm_node-3] [32m -- [Fsm] Get goal at [0m-23.975000000000001  24.025000000000002   1.525000000000000
[fsm_node-3] [32m -- [Fsm] Receive click goal at: [-23.975000000000001  24.025000000000002   1.525000000000000]; goal yaw: 0.000000000000000 deg[0m
[fsm_node-3] [INFO] [1789476948.091434090] [fsm_node]:  -- [OPTIMIZER_PHASE_MEMORY] optimizer=exp event=end call=87 duration_ms=6.642 iterations=451 ret=1 rss_mib=3159.031 swap_mib=0.000 rss_delta_mib=0.000
[perfect_drone_frontend_node-2] [INFO] [1789476948.138860730] [perfect_tracking]: [SENSOR_CADENCE_SUMMARY] frames=150 span_s=14.903869 hz=9.997404 raw_published=0 direct_handoffs=150 payload_bytes=103027040 side_entry_v1_enabled=0 side_entry_v1_spawned=0 side_entry_v1_injected_frames=0
[perfect_drone_frontend_node-2] [INFO] [1789476948.138915756] [perfect_tracking]: [SENSOR_BURST_DROPOUT_SUMMARY] enabled=0 warmup_s=1.000000 period_s=2.000000 duration_s=0.500000 phase_s=0.000000 phase_env_override=0 rendered=150 delivered=150 dropped=0 bursts=0 max_consecutive_dropped=0 max_delivered_gap_s=0.104637 dropped_payload_bytes=0
[fsm_node-3] [INFO] [1789476948.192743237] [fsm_node]:  -- [OPTIMIZER_PHASE_MEMORY] optimizer=backup event=begin call=157 rss_mib=3159.031 swap_mib=0.000 variables=22 pieces=2
[fsm_node-3] [INFO] [1789476948.196825011] [fsm_node]:  -- [OPTIMIZER_PHASE_MEMORY] optimizer=backup event=end call=157 duration_ms=4.131 iterations=574 ret=1 rss_mib=3159.031 swap_mib=0.000 rss_delta_mib=0.000
[fsm_node-3] [INFO] [1789476948.196956126] [fsm_node]:  -- [OPTIMIZER_PHASE_MEMORY] optimizer=backup event=begin call=158 rss_mib=3159.031 swap_mib=0.000 variables=22 pieces=2
[fsm_node-3] [INFO] [1789476948.199082846] [fsm_node]:  -- [OPTIMIZER_PHASE_MEMORY] optimizer=backup event=end call=158 duration_ms=2.130 iterations=354 ret=1 rss_mib=3159.031 swap_mib=0.000 rss_delta_mib=0.000
[fsm_node-3] [WARN] [1789476948.199118370] [fsm_node]:  -- [SUPER] in [ReplanOnce]: Replan overtime, check parameters, replan dt = 0.135545677.
[fsm_node-3] [INFO] [1789476948.215064387] [fsm_node]:  -- [OPTIMIZER_PHASE_MEMORY] optimizer=exp event=begin call=88 rss_mib=3159.031 swap_mib=0.000 variables=17 pieces=5
[fsm_node-3] [INFO] [1789476948.241334943] [fsm_node]:  -- [OPTIMIZER_PHASE_MEMORY] optimizer=exp event=end call=88 duration_ms=26.237 iterations=1628 ret=1 rss_mib=3159.031 swap_mib=0.000 rss_delta_mib=0.000
[fsm_node-3] [INFO] [1789476948.341335568] [fsm_node]:  -- [OPTIMIZER_PHASE_MEMORY] optimizer=backup event=begin call=159 rss_mib=3159.031 swap_mib=0.000 variables=18 pieces=2
[fsm_node-3] [INFO] [1789476948.342880030] [fsm_node]:  -- [OPTIMIZER_PHASE_MEMORY] optimizer=backup event=end call=159 duration_ms=1.597 iterations=287 ret=1 rss_mib=3159.031 swap_mib=0.000 rss_delta_mib=0.000
[fsm_node-3] [INFO] [1789476948.342963089] [fsm_node]:  -- [OPTIMIZER_PHASE_MEMORY] optimizer=backup event=begin call=160 rss_mib=3159.031 swap_mib=0.000 variables=18 pieces=2
[fsm_node-3] [INFO] [1789476948.346054826] [fsm_node]:  -- [OPTIMIZER_PHASE_MEMORY] optimizer=backup event=end call=160 duration_ms=3.092 iterations=540 ret=1 rss_mib=3159.031 swap_mib=0.000 rss_delta_mib=0.000
[fsm_node-3] [WARN] [1789476948.346087084] [fsm_node]:  -- [SUPER] in [ReplanOnce]: Replan overtime, check parameters, replan dt = 0.146652833.
[fsm_node-3]  -- [TRAJ_GUARD_CERT] trigger=main_pre status=SAFE gen=33 map=69 map_age=0.003s map_age_limit=0.500s motion_speed=6.956mps samples=158 range=[0.625,1.406] collision_tt=-1.000 ttc=-1.000 p=[0.000,0.000,0.000]
[fsm_node-3] [32m -- [Fsm 13.220] Current state: FOLLOW_TRAJ[0m
[fsm_node-3] [INFO] [1789476948.368605098] [fsm_node]:  -- [OPTIMIZER_PHASE_MEMORY] optimizer=exp event=begin call=89 rss_mib=3159.031 swap_mib=0.000 variables=17 pieces=5
[fsm_node-3] [INFO] [1789476948.377481890] [fsm_node]:  -- [OPTIMIZER_PHASE_MEMORY] optimizer=exp event=end call=89 duration_ms=8.914 iterations=600 ret=1 rss_mib=3159.031 swap_mib=0.000 rss_delta_mib=0.000
[fsm_node-3] [INFO] [1789476948.470431193] [fsm_node]:  -- [OPTIMIZER_PHASE_MEMORY] optimizer=backup event=begin call=161 rss_mib=3159.031 swap_mib=0.000 variables=34 pieces=2
[fsm_node-3] [INFO] [1789476948.471550727] [fsm_node]:  -- [OPTIMIZER_PHASE_MEMORY] optimizer=backup event=end call=161 duration_ms=1.179 iterations=177 ret=1 rss_mib=3159.031 swap_mib=0.000 rss_delta_mib=0.000
[fsm_node-3] [INFO] [1789476948.471652610] [fsm_node]:  -- [OPTIMIZER_PHASE_MEMORY] optimizer=backup event=begin call=162 rss_mib=3159.031 swap_mib=0.000 variables=34 pieces=2
[fsm_node-3] [INFO] [1789476948.475669960] [fsm_node]:  -- [OPTIMIZER_PHASE_MEMORY] optimizer=backup event=end call=162 duration_ms=4.017 iterations=515 ret=1 rss_mib=3159.031 swap_mib=0.000 rss_delta_mib=0.000
[fsm_node-3] [WARN] [1789476948.475709500] [fsm_node]:  -- [SUPER] in [ReplanOnce]: Replan overtime, check parameters, replan dt = 0.129423258.
[fsm_node-3] [INFO] [1789476948.510675584] [fsm_node]:  -- [OPTIMIZER_PHASE_MEMORY] optimizer=exp event=begin call=90 rss_mib=3159.250 swap_mib=0.000 variables=17 pieces=5
[fsm_node-3] [INFO] [1789476948.541822947] [fsm_node]:  -- [OPTIMIZER_PHASE_MEMORY] optimizer=exp event=end call=90 duration_ms=31.159 iterations=2004 ret=1 rss_mib=3159.250 swap_mib=0.000 rss_delta_mib=0.000
[fsm_node-3] [INFO] [1789476948.647179483] [fsm_node]:  -- [OPTIMIZER_PHASE_MEMORY] optimizer=backup event=begin call=163 rss_mib=3159.461 swap_mib=0.000 variables=50 pieces=2
[fsm_node-3] [INFO] [1789476948.670866649] [fsm_node]:  -- [OPTIMIZER_PHASE_MEMORY] optimizer=backup event=end call=163 duration_ms=23.714 iterations=957 ret=1 rss_mib=3159.480 swap_mib=0.000 rss_delta_mib=0.020
[fsm_node-3] [INFO] [1789476948.671080184] [fsm_node]:  -- [OPTIMIZER_PHASE_MEMORY] optimizer=backup event=begin call=164 rss_mib=3159.480 swap_mib=0.000 variables=50 pieces=2
[fsm_node-3] [INFO] [1789476948.699884769] [fsm_node]:  -- [OPTIMIZER_PHASE_MEMORY] optimizer=backup event=end call=164 duration_ms=28.804 iterations=1186 ret=1 rss_mib=3159.480 swap_mib=0.000 rss_delta_mib=0.000
[fsm_node-3] [WARN] [1789476948.699960507] [fsm_node]:  -- [SUPER] in [ReplanOnce]: Replan overtime, check parameters, replan dt = 0.223893423.
[fsm_node-3] [INFO] [1789476948.734734183] [fsm_node]:  -- [OPTIMIZER_PHASE_MEMORY] optimizer=exp event=begin call=91 rss_mib=3159.480 swap_mib=0.000 variables=17 pieces=5
[fsm_node-3] [INFO] [1789476948.755669067] [fsm_node]:  -- [OPTIMIZER_PHASE_MEMORY] optimizer=exp event=end call=91 duration_ms=20.939 iterations=960 ret=1 rss_mib=3159.480 swap_mib=0.000 rss_delta_mib=0.000
[fsm_node-3] [INFO] [1789476948.858745240] [fsm_node]:  -- [OPTIMIZER_PHASE_MEMORY] optimizer=backup event=begin call=165 rss_mib=3159.480 swap_mib=0.000 variables=44 pieces=2
[fsm_node-3] [INFO] [1789476948.862913548] [fsm_node]:  -- [OPTIMIZER_PHASE_MEMORY] optimizer=backup event=end call=165 duration_ms=4.224 iterations=401 ret=1 rss_mib=3159.480 swap_mib=0.000 rss_delta_mib=0.000
[fsm_node-3] [INFO] [1789476948.863110236] [fsm_node]:  -- [OPTIMIZER_PHASE_MEMORY] optimizer=backup event=begin call=166 rss_mib=3159.480 swap_mib=0.000 variables=44 pieces=2
[fsm_node-3] [INFO] [1789476948.864714544] [fsm_node]:  -- [OPTIMIZER_PHASE_MEMORY] optimizer=backup event=end call=166 duration_ms=1.606 iterations=168 ret=1 rss_mib=3159.480 swap_mib=0.000 rss_delta_mib=0.000
[fsm_node-3] [WARN] [1789476948.864751425] [fsm_node]:  -- [SUPER] in [ReplanOnce]: Replan overtime, check parameters, replan dt = 0.164568518.
[fsm_node-3] [INFO] [1789476948.899242951] [fsm_node]:  -- [OPTIMIZER_PHASE_MEMORY] optimizer=exp event=begin call=92 rss_mib=3159.480 swap_mib=0.000 variables=17 pieces=5
[fsm_node-3] [INFO] [1789476948.911444459] [fsm_node]:  -- [OPTIMIZER_PHASE_MEMORY] optimizer=exp event=end call=92 duration_ms=12.251 iterations=572 ret=1 rss_mib=3159.480 swap_mib=0.000 rss_delta_mib=0.000
[fsm_node-3] [INFO] [1789476949.014979417] [fsm_node]:  -- [OPTIMIZER_PHASE_MEMORY] optimizer=backup event=begin call=167 rss_mib=3159.480 swap_mib=0.000 variables=46 pieces=2
[fsm_node-3] [INFO] [1789476949.017056925] [fsm_node]:  -- [OPTIMIZER_PHASE_MEMORY] optimizer=backup event=end call=167 duration_ms=2.115 iterations=228 ret=1 rss_mib=3159.480 swap_mib=0.000 rss_delta_mib=0.000
[fsm_node-3] [INFO] [1789476949.017238551] [fsm_node]:  -- [OPTIMIZER_PHASE_MEMORY] optimizer=backup event=begin call=168 rss_mib=3159.480 swap_mib=0.000 variables=46 pieces=2
[fsm_node-3] [INFO] [1789476949.019327229] [fsm_node]:  -- [OPTIMIZER_PHASE_MEMORY] optimizer=backup event=end call=168 duration_ms=2.092 iterations=249 ret=1 rss_mib=3159.480 swap_mib=0.000 rss_delta_mib=0.000
[fsm_node-3] [WARN] [1789476949.019361433] [fsm_node]:  -- [SUPER] in [ReplanOnce]: Replan overtime, check parameters, replan dt = 0.154285637.
[fsm_node-3] [INFO] [1789476949.022026417] [fsm_node]:  -- [TRAJ_GUARD_COMMIT] phase=ReplanOnce/no_backup gen=34 map=72 samples=47 range=[1.390,1.612] escape=false footprint_egress=false escape_done_tt=-1.000
[fsm_node-3]  -- [TRAJ_GUARD_CERT] trigger=main_pre status=SAFE gen=33 map=70 map_age=0.003s map_age_limit=0.500s motion_speed=6.989mps samples=118 range=[0.825,1.406] collision_tt=-1.000 ttc=-1.000 p=[0.000,0.000,0.000]
[fsm_node-3]  -- [TRAJ_GUARD_CERT] trigger=main_pre status=SAFE gen=33 map=71 map_age=0.006s map_age_limit=0.500s motion_speed=6.029mps samples=76 range=[1.035,1.406] collision_tt=-1.000 ttc=-1.000 p=[0.000,0.000,0.000]
[fsm_node-3]  -- [TRAJ_GUARD_CERT] trigger=replan_post status=SAFE gen=33 map=72 map_age=0.005s map_age_limit=0.550s motion_speed=2.311mps samples=36 range=[1.233,1.406] collision_tt=-1.000 ttc=-1.000 p=[0.000,0.000,0.000]
[fsm_node-3] [32m -- [Fsm] ReplanOnce succeed.[0m
[fsm_node-3] [INFO] [1789476949.068338540] [fsm_node]:  -- [OPTIMIZER_PHASE_MEMORY] optimizer=exp event=begin call=93 rss_mib=3159.480 swap_mib=0.000 variables=13 pieces=4
[fsm_node-3] [INFO] [1789476949.077144343] [fsm_node]:  -- [OPTIMIZER_PHASE_MEMORY] optimizer=exp event=end call=93 duration_ms=8.856 iterations=375 ret=1 rss_mib=3159.480 swap_mib=0.000 rss_delta_mib=0.000
[fsm_node-3]  -- [TRAJ_GUARD_CERT] trigger=poly_publish status=SAFE gen=34 map=72 map_age=0.163s map_age_limit=0.550s motion_speed=0.012mps samples=46 range=[1.390,1.612] collision_tt=-1.000 ttc=-1.000 p=[0.000,0.000,0.000]
[fsm_node-3]  -- [TRAJ_GUARD_CERT] trigger=main_pre status=SAFE gen=34 map=73 map_age=0.007s map_age_limit=0.550s motion_speed=1.397mps samples=37 range=[1.435,1.612] collision_tt=-1.000 ttc=-1.000 p=[0.000,0.000,0.000]
[fsm_node-3] [32m -- [Fsm] Get goal at [0m-23.975000000000001  24.025000000000002   1.525000000000000
[fsm_node-3] [32m -- [Fsm] Receive click goal at: [-23.975000000000001  24.025000000000002   1.525000000000000]; goal yaw: 0.000000000000000 deg[0m
[fsm_node-3] [INFO] [1789476949.184991105] [fsm_node]:  -- [OPTIMIZER_PHASE_MEMORY] optimizer=backup event=begin call=169 rss_mib=3159.480 swap_mib=0.000 variables=34 pieces=2
[fsm_node-3] [INFO] [1789476949.186538744] [fsm_node]:  -- [OPTIMIZER_PHASE_MEMORY] optimizer=backup event=end call=169 duration_ms=1.605 iterations=267 ret=1 rss_mib=3159.480 swap_mib=0.000 rss_delta_mib=0.000
[fsm_node-3] [INFO] [1789476949.186656977] [fsm_node]:  -- [OPTIMIZER_PHASE_MEMORY] optimizer=backup event=begin call=170 rss_mib=3159.480 swap_mib=0.000 variables=34 pieces=2
[fsm_node-3] [INFO] [1789476949.187572218] [fsm_node]:  -- [OPTIMIZER_PHASE_MEMORY] optimizer=backup event=end call=170 duration_ms=0.917 iterations=166 ret=1 rss_mib=3159.480 swap_mib=0.000 rss_delta_mib=0.000
[fsm_node-3] [WARN] [1789476949.187604721] [fsm_node]:  -- [SUPER] in [ReplanOnce]: Replan overtime, check parameters, replan dt = 0.144582574.
[fsm_node-3] [INFO] [1789476949.188531932] [fsm_node]:  -- [TRAJ_GUARD_COMMIT] phase=ReplanOnce/no_backup gen=35 map=73 samples=14 range=[1.556,1.612] escape=false footprint_egress=false escape_done_tt=-1.000
[fsm_node-3] [32m -- [Fsm] ReplanOnce succeed.[0m
[fsm_node-3]  -- [TRAJ_GUARD_CERT] trigger=poly_publish status=SAFE gen=35 map=73 map_age=0.129s map_age_limit=0.550s motion_speed=0.065mps samples=13 range=[1.557,1.612] collision_tt=-1.000 ttc=-1.000 p=[0.000,0.000,0.000]
[fsm_node-3] [32m -- [Fsm] ReplanOnce succeed.[0m
[fsm_node-3] [32m -- [Fsm] Traj finish.[0m
[fsm_node-3] [WARN] [1789476949.256960650] [fsm_node]:  -- [TRAJ_GUARD_RECOVERY_EPISODE_RESET] reason=horizontal_progress progress=6.868m threshold=2.000m prior_local=0 prior_vertical=0 prior_base=0
[fsm_node-3] [INFO] [1789476949.281130956] [fsm_node]:  -- [OPTIMIZER_PHASE_MEMORY] optimizer=exp event=begin call=94 rss_mib=3159.508 swap_mib=0.000 variables=13 pieces=4
[fsm_node-3] [INFO] [1789476949.287036310] [fsm_node]:  -- [OPTIMIZER_PHASE_MEMORY] optimizer=exp event=end call=94 duration_ms=5.966 iterations=231 ret=1 rss_mib=3159.508 swap_mib=0.000 rss_delta_mib=0.000
[fsm_node-3] [INFO] [1789476949.287081976] [fsm_node]:  -- [SUPER] in [PlanFromRest] GenerateExpTrajectory SUCCESS.
[fsm_node-3] [INFO] [1789476949.389028343] [fsm_node]:  -- [OPTIMIZER_PHASE_MEMORY] optimizer=backup event=begin call=171 rss_mib=3159.590 swap_mib=0.000 variables=44 pieces=2
[fsm_node-3] [INFO] [1789476949.412771104] [fsm_node]:  -- [OPTIMIZER_PHASE_MEMORY] optimizer=backup event=end call=171 duration_ms=23.775 iterations=641 ret=1 rss_mib=3159.590 swap_mib=0.000 rss_delta_mib=0.000
[fsm_node-3] [INFO] [1789476949.413089223] [fsm_node]:  -- [OPTIMIZER_PHASE_MEMORY] optimizer=backup event=begin call=172 rss_mib=3159.590 swap_mib=0.000 variables=44 pieces=2
[fsm_node-3] [INFO] [1789476949.416942944] [fsm_node]:  -- [OPTIMIZER_PHASE_MEMORY] optimizer=backup event=end call=172 duration_ms=3.854 iterations=112 ret=1 rss_mib=3159.590 swap_mib=0.000 rss_delta_mib=0.000
[fsm_node-3] [INFO] [1789476949.417339111] [fsm_node]:  -- [TRAJ_GUARD_COMMIT] phase=PlanFromRest/with_backup gen=36 map=74 samples=267 range=[0.160,1.480] escape=false footprint_egress=false escape_done_tt=-1.000
[fsm_node-3] [38;2;000;128;000m -- [Fsm]: [PubCmdCallback] change state from [FOLLOW_TRAJ] to [GENERATE_TRAJ].
[fsm_node-3] [0m -- [TRAJ_GUARD_CERT] trigger=poly_publish status=SAFE gen=36 map=74 map_age=0.162s map_age_limit=0.550s motion_speed=0.000mps samples=266 range=[0.160,1.480] collision_tt=-1.000 ttc=-1.000 p=[0.000,0.000,0.000]
[fsm_node-3] [38;2;000;128;000m -- [Fsm]: [MainFsmCallback] change state from [GENERATE_TRAJ] to [FOLLOW_TRAJ].
[fsm_node-3] [0m[32m -- [Fsm 14.291] Current state: FOLLOW_TRAJ[0m
[fsm_node-3] [INFO] [1789476949.532634803] [fsm_node]:  -- [OPTIMIZER_PHASE_MEMORY] optimizer=exp event=begin call=95 rss_mib=3159.590 swap_mib=0.000 variables=17 pieces=5
[fsm_node-3] [INFO] [1789476949.545749370] [fsm_node]:  -- [OPTIMIZER_PHASE_MEMORY] optimizer=exp event=end call=95 duration_ms=13.154 iterations=868 ret=1 rss_mib=3159.590 swap_mib=0.000 rss_delta_mib=0.000
[fsm_node-3] [INFO] [1789476949.649210571] [fsm_node]:  -- [OPTIMIZER_PHASE_MEMORY] optimizer=backup event=begin call=173 rss_mib=3159.590 swap_mib=0.000 variables=22 pieces=2
[fsm_node-3] [INFO] [1789476949.650622029] [fsm_node]:  -- [OPTIMIZER_PHASE_MEMORY] optimizer=backup event=end call=173 duration_ms=1.471 iterations=260 ret=1 rss_mib=3159.590 swap_mib=0.000 rss_delta_mib=0.000
[fsm_node-3] [INFO] [1789476949.650713050] [fsm_node]:  -- [OPTIMIZER_PHASE_MEMORY] optimizer=backup event=begin call=174 rss_mib=3159.590 swap_mib=0.000 variables=22 pieces=2
[fsm_node-3] [INFO] [1789476949.659733950] [fsm_node]:  -- [OPTIMIZER_PHASE_MEMORY] optimizer=backup event=end call=174 duration_ms=9.004 iterations=1055 ret=1 rss_mib=3159.590 swap_mib=0.000 rss_delta_mib=0.000
[fsm_node-3] [WARN] [1789476949.659791854] [fsm_node]:  -- [SUPER] in [ReplanOnce]: Replan overtime, check parameters, replan dt = 0.154688628.
[fsm_node-3] [INFO] [1789476949.684661448] [fsm_node]:  -- [OPTIMIZER_PHASE_MEMORY] optimizer=exp event=begin call=96 rss_mib=3159.590 swap_mib=0.000 variables=17 pieces=5
[fsm_node-3] [INFO] [1789476949.688297059] [fsm_node]:  -- [OPTIMIZER_PHASE_MEMORY] optimizer=exp event=end call=96 duration_ms=3.681 iterations=278 ret=1 rss_mib=3159.590 swap_mib=0.000 rss_delta_mib=0.000
[fsm_node-3] [INFO] [1789476949.798303349] [fsm_node]:  -- [OPTIMIZER_PHASE_MEMORY] optimizer=backup event=begin call=175 rss_mib=3159.590 swap_mib=0.000 variables=22 pieces=2
[fsm_node-3] [INFO] [1789476949.800576810] [fsm_node]:  -- [OPTIMIZER_PHASE_MEMORY] optimizer=backup event=end call=175 duration_ms=2.316 iterations=399 ret=1 rss_mib=3159.590 swap_mib=0.000 rss_delta_mib=0.000
[fsm_node-3] [INFO] [1789476949.800661986] [fsm_node]:  -- [OPTIMIZER_PHASE_MEMORY] optimizer=backup event=begin call=176 rss_mib=3159.590 swap_mib=0.000 variables=22 pieces=2
[fsm_node-3] [INFO] [1789476949.802357215] [fsm_node]:  -- [OPTIMIZER_PHASE_MEMORY] optimizer=backup event=end call=176 duration_ms=1.694 iterations=304 ret=1 rss_mib=3159.590 swap_mib=0.000 rss_delta_mib=0.000
[fsm_node-3] [WARN] [1789476949.802393337] [fsm_node]:  -- [SUPER] in [ReplanOnce]: Replan overtime, check parameters, replan dt = 0.142350694.
[fsm_node-3] [INFO] [1789476949.824403939] [fsm_node]:  -- [OPTIMIZER_PHASE_MEMORY] optimizer=exp event=begin call=97 rss_mib=3159.590 swap_mib=0.000 variables=17 pieces=5
[fsm_node-3] [INFO] [1789476949.836025303] [fsm_node]:  -- [OPTIMIZER_PHASE_MEMORY] optimizer=exp event=end call=97 duration_ms=11.645 iterations=732 ret=1 rss_mib=3159.590 swap_mib=0.000 rss_delta_mib=0.000
[fsm_node-3] [INFO] [1789476949.927843407] [fsm_node]:  -- [OPTIMIZER_PHASE_MEMORY] optimizer=backup event=begin call=177 rss_mib=3159.590 swap_mib=0.000 variables=42 pieces=2
[fsm_node-3] [INFO] [1789476949.969215451] [fsm_node]:  -- [OPTIMIZER_PHASE_MEMORY] optimizer=backup event=end call=177 duration_ms=41.382 iterations=942 ret=1 rss_mib=3159.590 swap_mib=0.000 rss_delta_mib=0.000
[fsm_node-3] [INFO] [1789476949.969643665] [fsm_node]:  -- [OPTIMIZER_PHASE_MEMORY] optimizer=backup event=begin call=178 rss_mib=3159.590 swap_mib=0.000 variables=42 pieces=2
[fsm_node-3] [INFO] [1789476949.989603958] [fsm_node]:  -- [OPTIMIZER_PHASE_MEMORY] optimizer=backup event=end call=178 duration_ms=19.943 iterations=485 ret=1 rss_mib=3159.590 swap_mib=0.000 rss_delta_mib=0.000
[fsm_node-3] [WARN] [1789476949.989666343] [fsm_node]:  -- [SUPER] in [ReplanOnce]: Replan overtime, check parameters, replan dt = 0.187049828.
[fsm_node-3] [INFO] [1789476950.022429865] [fsm_node]:  -- [OPTIMIZER_PHASE_MEMORY] optimizer=exp event=begin call=98 rss_mib=3159.590 swap_mib=0.000 variables=17 pieces=5
[fsm_node-3] [INFO] [1789476950.028963567] [fsm_node]:  -- [OPTIMIZER_PHASE_MEMORY] optimizer=exp event=end call=98 duration_ms=6.585 iterations=449 ret=1 rss_mib=3159.590 swap_mib=0.000 rss_delta_mib=0.000
[fsm_node-3]  -- [TRAJ_GUARD_CERT] trigger=main_pre status=SAFE gen=36 map=75 map_age=0.010s map_age_limit=0.550s motion_speed=2.031mps samples=254 range=[0.220,1.480] collision_tt=-1.000 ttc=-1.000 p=[0.000,0.000,0.000]
[fsm_node-3]  -- [TRAJ_GUARD_CERT] trigger=replan_post status=SAFE gen=36 map=76 map_age=0.005s map_age_limit=0.500s motion_speed=5.210mps samples=217 range=[0.403,1.480] collision_tt=-1.000 ttc=-1.000 p=[0.000,0.000,0.000]
[fsm_node-3]  -- [TRAJ_GUARD_CERT] trigger=main_pre status=SAFE gen=36 map=77 map_age=0.012s map_age_limit=0.500s motion_speed=6.487mps samples=176 range=[0.610,1.480] collision_tt=-1.000 ttc=-1.000 p=[0.000,0.000,0.000]
[fsm_node-3]  -- [TRAJ_GUARD_CERT] trigger=main_pre status=SAFE gen=36 map=78 map_age=0.016s map_age_limit=0.500s motion_speed=6.998mps samples=130 range=[0.840,1.480] collision_tt=-1.000 ttc=-1.000 p=[0.000,0.000,0.000]
[fsm_node-3] [32m -- [Fsm] Get goal at [0m-23.975000000000001  24.025000000000002   1.525000000000000
[fsm_node-3] [32m -- [Fsm] Receive click goal at: [-23.975000000000001  24.025000000000002   1.525000000000000]; goal yaw: 0.000000000000000 deg[0m
[fsm_node-3] [INFO] [1789476950.125783266] [fsm_node]:  -- [OPTIMIZER_PHASE_MEMORY] optimizer=backup event=begin call=179 rss_mib=3161.840 swap_mib=0.000 variables=26 pieces=2
[fsm_node-3] [INFO] [1789476950.142366305] [fsm_node]:  -- [OPTIMIZER_PHASE_MEMORY] optimizer=backup event=end call=179 duration_ms=16.592 iterations=1808 ret=1 rss_mib=3161.840 swap_mib=0.000 rss_delta_mib=0.000
[fsm_node-3] [INFO] [1789476950.142505807] [fsm_node]:  -- [OPTIMIZER_PHASE_MEMORY] optimizer=backup event=begin call=180 rss_mib=3161.840 swap_mib=0.000 variables=26 pieces=2
[fsm_node-3] [INFO] [1789476950.143183892] [fsm_node]:  -- [OPTIMIZER_PHASE_MEMORY] optimizer=backup event=end call=180 duration_ms=0.683 iterations=128 ret=1 rss_mib=3161.840 swap_mib=0.000 rss_delta_mib=0.000
[fsm_node-3] [WARN] [1789476950.143219786] [fsm_node]:  -- [SUPER] in [ReplanOnce]: Replan overtime, check parameters, replan dt = 0.153261248.
[fsm_node-3] [INFO] [1789476950.179760382] [fsm_node]:  -- [OPTIMIZER_PHASE_MEMORY] optimizer=exp event=begin call=99 rss_mib=3161.840 swap_mib=0.000 variables=17 pieces=5
[fsm_node-3] [INFO] [1789476950.206870225] [fsm_node]:  -- [OPTIMIZER_PHASE_MEMORY] optimizer=exp event=end call=99 duration_ms=27.126 iterations=1401 ret=1 rss_mib=3161.840 swap_mib=0.000 rss_delta_mib=0.000
[fsm_node-3] [INFO] [1789476950.318387161] [fsm_node]:  -- [OPTIMIZER_PHASE_MEMORY] optimizer=backup event=begin call=181 rss_mib=3171.715 swap_mib=0.000 variables=100 pieces=2
[fsm_node-3] [INFO] [1789476950.383586652] [fsm_node]:  -- [OPTIMIZER_PHASE_MEMORY] optimizer=backup event=end call=181 duration_ms=65.229 iterations=394 ret=1 rss_mib=3171.715 swap_mib=0.000 rss_delta_mib=0.000
[fsm_node-3] [INFO] [1789476950.389768339] [fsm_node]:  -- [OPTIMIZER_PHASE_MEMORY] optimizer=backup event=begin call=182 rss_mib=3174.199 swap_mib=0.000 variables=100 pieces=2
[fsm_node-3]  -- [TRAJ_GUARD_CERT] trigger=main_pre status=SAFE gen=36 map=79 map_age=0.012s map_age_limit=0.500s motion_speed=6.772mps samples=90 range=[1.040,1.480] collision_tt=-1.000 ttc=-1.000 p=[0.000,0.000,0.000]
[fsm_node-3] [32m -- [Fsm 15.300] Current state: FOLLOW_TRAJ[0m
[fsm_node-3] [INFO] [1789476950.476683527] [fsm_node]:  -- [OPTIMIZER_PHASE_MEMORY] optimizer=backup event=end call=182 duration_ms=86.891 iterations=511 ret=1 rss_mib=3174.215 swap_mib=0.000 rss_delta_mib=0.016
[fsm_node-3] [WARN] [1789476950.476776977] [fsm_node]:  -- [SUPER] in [ReplanOnce]: Replan overtime, check parameters, replan dt = 0.333330806.
[fsm_node-3] [INFO] [1789476950.514193611] [fsm_node]:  -- [OPTIMIZER_PHASE_MEMORY] optimizer=exp event=begin call=100 rss_mib=3176.277 swap_mib=0.000 variables=17 pieces=5
[fsm_node-3] [INFO] [1789476950.523352344] [fsm_node]:  -- [OPTIMIZER_PHASE_MEMORY] optimizer=exp event=end call=100 duration_ms=9.210 iterations=612 ret=1 rss_mib=3176.277 swap_mib=0.000 rss_delta_mib=0.000
[fsm_node-3] [INFO] [1789476950.642930821] [fsm_node]:  -- [OPTIMIZER_PHASE_MEMORY] optimizer=backup event=begin call=183 rss_mib=3176.277 swap_mib=0.000 variables=42 pieces=2
[fsm_node-3] [INFO] [1789476950.644400371] [fsm_node]:  -- [OPTIMIZER_PHASE_MEMORY] optimizer=backup event=end call=183 duration_ms=1.519 iterations=128 ret=1 rss_mib=3176.277 swap_mib=0.000 rss_delta_mib=0.000
[fsm_node-3] [INFO] [1789476950.644535895] [fsm_node]:  -- [OPTIMIZER_PHASE_MEMORY] optimizer=backup event=begin call=184 rss_mib=3176.277 swap_mib=0.000 variables=42 pieces=2
[fsm_node-3] [INFO] [1789476950.646774050] [fsm_node]:  -- [OPTIMIZER_PHASE_MEMORY] optimizer=backup event=end call=184 duration_ms=2.241 iterations=207 ret=1 rss_mib=3176.277 swap_mib=0.000 rss_delta_mib=0.000
[fsm_node-3] [WARN] [1789476950.646806841] [fsm_node]:  -- [SUPER] in [ReplanOnce]: Replan overtime, check parameters, replan dt = 0.169649343.
[fsm_node-3] [INFO] [1789476950.648798906] [fsm_node]:  -- [TRAJ_GUARD_COMMIT] phase=ReplanOnce/no_backup gen=37 map=80 samples=54 range=[1.392,1.648] escape=false footprint_egress=false escape_done_tt=-1.000
[fsm_node-3]  -- [TRAJ_GUARD_CERT] trigger=main_pre status=SAFE gen=36 map=80 map_age=0.014s map_age_limit=0.508s motion_speed=3.333mps samples=48 range=[1.250,1.480] collision_tt=-1.000 ttc=-1.000 p=[0.000,0.000,0.000]
[fsm_node-3] [32m -- [Fsm] ReplanOnce succeed.[0m
[fsm_node-3] [INFO] [1789476950.724255757] [fsm_node]:  -- [OPTIMIZER_PHASE_MEMORY] optimizer=exp event=begin call=101 rss_mib=3176.277 swap_mib=0.000 variables=17 pieces=5
[fsm_node-3] [INFO] [1789476950.745144889] [fsm_node]:  -- [OPTIMIZER_PHASE_MEMORY] optimizer=exp event=end call=101 duration_ms=20.920 iterations=1342 ret=1 rss_mib=3176.277 swap_mib=0.000 rss_delta_mib=0.000
[fsm_node-3] [INFO] [1789476950.820141995] [fsm_node]:  -- [OPTIMIZER_PHASE_MEMORY] optimizer=backup event=begin call=185 rss_mib=3176.277 swap_mib=0.000 variables=40 pieces=2
[fsm_node-3] [INFO] [1789476950.822238193] [fsm_node]:  -- [OPTIMIZER_PHASE_MEMORY] optimizer=backup event=end call=185 duration_ms=2.115 iterations=279 ret=1 rss_mib=3176.277 swap_mib=0.000 rss_delta_mib=0.000
[fsm_node-3] [INFO] [1789476950.822361800] [fsm_node]:  -- [OPTIMIZER_PHASE_MEMORY] optimizer=backup event=begin call=186 rss_mib=3176.277 swap_mib=0.000 variables=40 pieces=2
[fsm_node-3] [INFO] [1789476950.823396078] [fsm_node]:  -- [OPTIMIZER_PHASE_MEMORY] optimizer=backup event=end call=186 duration_ms=1.036 iterations=149 ret=1 rss_mib=3176.277 swap_mib=0.000 rss_delta_mib=0.000
[fsm_node-3] [WARN] [1789476950.823434582] [fsm_node]:  -- [SUPER] in [ReplanOnce]: Replan overtime, check parameters, replan dt = 0.130428362.
[fsm_node-3] [INFO] [1789476950.824436091] [fsm_node]:  -- [TRAJ_GUARD_COMMIT] phase=ReplanOnce/no_backup gen=38 map=81 samples=19 range=[1.567,1.648] escape=false footprint_egress=false escape_done_tt=-1.000
[fsm_node-3]  -- [TRAJ_GUARD_CERT] trigger=poly_publish status=SAFE gen=37 map=80 map_age=0.155s map_age_limit=0.550s motion_speed=0.672mps samples=53 range=[1.392,1.648] collision_tt=-1.000 ttc=-1.000 p=[0.000,0.000,0.000]
[fsm_node-3]  -- [TRAJ_GUARD_CERT] trigger=main_pre status=SAFE gen=37 map=81 map_age=0.011s map_age_limit=0.550s motion_speed=2.336mps samples=49 range=[1.410,1.648] collision_tt=-1.000 ttc=-1.000 p=[0.000,0.000,0.000]
[fsm_node-3] [32m -- [Fsm] ReplanOnce succeed.[0m
[fsm_node-3] [INFO] [1789476950.825520907] [fsm_node]:  -- [TRAJ_GUARD_COMMIT] phase=ReplanOnce/no_backup gen=39 map=81 samples=18 range=[1.568,1.648] escape=false footprint_egress=false escape_done_tt=-1.000
[fsm_node-3]  -- [TRAJ_GUARD_CERT] trigger=poly_publish status=SAFE gen=38 map=81 map_age=0.168s map_age_limit=0.550s motion_speed=0.185mps samples=18 range=[1.568,1.648] collision_tt=-1.000 ttc=-1.000 p=[0.000,0.000,0.000]
[fsm_node-3] [32m -- [Fsm] ReplanOnce succeed.[0m
[fsm_node-3] [INFO] [1789476950.891845722] [fsm_node]:  -- [TRAJ_GUARD_COMMIT] phase=ReplanOnce/no_backup gen=40 map=82 samples=5 range=[1.635,1.648] escape=false footprint_egress=false escape_done_tt=-1.000
[fsm_node-3]  -- [TRAJ_GUARD_CERT] trigger=poly_publish status=SAFE gen=39 map=81 map_age=0.169s map_age_limit=0.550s motion_speed=0.185mps samples=17 range=[1.569,1.648] collision_tt=-1.000 ttc=-1.000 p=[0.000,0.000,0.000]
[fsm_node-3]  -- [TRAJ_GUARD_CERT] trigger=main_pre status=SAFE gen=39 map=82 map_age=0.005s map_age_limit=0.550s motion_speed=0.059mps samples=11 range=[1.600,1.648] collision_tt=-1.000 ttc=-1.000 p=[0.000,0.000,0.000]
[fsm_node-3] [32m -- [Fsm] ReplanOnce succeed.[0m
[fsm_node-3]  -- [TRAJ_GUARD_CERT] trigger=poly_publish status=SAFE gen=40 map=82 map_age=0.040s map_age_limit=0.550s motion_speed=0.002mps samples=4 range=[1.635,1.648] collision_tt=-1.000 ttc=-1.000 p=[0.000,0.000,0.000]
[fsm_node-3] [32m -- [Fsm] Traj finish.[0m
[fsm_node-3] [WARN] [1789476950.917034347] [fsm_node]:  -- [TRAJ_GUARD_RECOVERY_EPISODE_RESET] reason=horizontal_progress progress=6.818m threshold=2.000m prior_local=0 prior_vertical=0 prior_base=0
[fsm_node-3] [INFO] [1789476950.942869452] [fsm_node]:  -- [OPTIMIZER_PHASE_MEMORY] optimizer=exp event=begin call=102 rss_mib=3176.277 swap_mib=0.000 variables=17 pieces=5
[fsm_node-3] [INFO] [1789476950.948773587] [fsm_node]:  -- [OPTIMIZER_PHASE_MEMORY] optimizer=exp event=end call=102 duration_ms=5.967 iterations=431 ret=1 rss_mib=3176.277 swap_mib=0.000 rss_delta_mib=0.000
[fsm_node-3] [INFO] [1789476950.948822079] [fsm_node]:  -- [SUPER] in [PlanFromRest] GenerateExpTrajectory SUCCESS.
[fsm_node-3] [INFO] [1789476951.051745646] [fsm_node]:  -- [OPTIMIZER_PHASE_MEMORY] optimizer=backup event=begin call=187 rss_mib=3176.277 swap_mib=0.000 variables=40 pieces=2
[fsm_node-3] [INFO] [1789476951.054342608] [fsm_node]:  -- [OPTIMIZER_PHASE_MEMORY] optimizer=backup event=end call=187 duration_ms=2.641 iterations=358 ret=1 rss_mib=3176.277 swap_mib=0.000 rss_delta_mib=0.000
[fsm_node-3] [INFO] [1789476951.054492126] [fsm_node]:  -- [OPTIMIZER_PHASE_MEMORY] optimizer=backup event=begin call=188 rss_mib=3176.277 swap_mib=0.000 variables=40 pieces=2
[fsm_node-3] [INFO] [1789476951.055406384] [fsm_node]:  -- [OPTIMIZER_PHASE_MEMORY] optimizer=backup event=end call=188 duration_ms=0.915 iterations=147 ret=1 rss_mib=3176.277 swap_mib=0.000 rss_delta_mib=0.000
[fsm_node-3] [INFO] [1789476951.055806440] [fsm_node]:  -- [TRAJ_GUARD_COMMIT] phase=PlanFromRest/with_backup gen=41 map=82 samples=254 range=[0.138,1.398] escape=false footprint_egress=false escape_done_tt=-1.000
[fsm_node-3] [38;2;000;128;000m -- [Fsm]: [PubCmdCallback] change state from [FOLLOW_TRAJ] to [GENERATE_TRAJ].
[fsm_node-3] [0m -- [TRAJ_GUARD_CERT] trigger=poly_publish status=SAFE gen=41 map=82 map_age=0.204s map_age_limit=0.550s motion_speed=0.000mps samples=253 range=[0.139,1.398] collision_tt=-1.000 ttc=-1.000 p=[0.000,0.000,0.000]
[fsm_node-3] [38;2;000;128;000m -- [Fsm]: [MainFsmCallback] change state from [GENERATE_TRAJ] to [FOLLOW_TRAJ].
[fsm_node-3] [0m -- [TRAJ_GUARD_CERT] trigger=main_pre status=SAFE gen=41 map=83 map_age=0.011s map_age_limit=0.550s motion_speed=0.837mps samples=251 range=[0.150,1.398] collision_tt=-1.000 ttc=-1.000 p=[0.000,0.000,0.000]
[fsm_node-3] [32m -- [Fsm] Get goal at [0m-23.975000000000001  24.025000000000002   1.525000000000000
[fsm_node-3] [32m -- [Fsm] Receive click goal at: [-23.975000000000001  24.025000000000002   1.525000000000000]; goal yaw: 0.000000000000000 deg[0m
[fsm_node-3] [INFO] [1789476951.181897002] [fsm_node]:  -- [OPTIMIZER_PHASE_MEMORY] optimizer=exp event=begin call=103 rss_mib=3176.277 swap_mib=0.000 variables=17 pieces=5
[fsm_node-3] [INFO] [1789476951.196849558] [fsm_node]:  -- [OPTIMIZER_PHASE_MEMORY] optimizer=exp event=end call=103 duration_ms=14.977 iterations=1012 ret=1 rss_mib=3176.277 swap_mib=0.000 rss_delta_mib=0.000
[fsm_node-3] [INFO] [1789476951.261594471] [fsm_node]:  -- [OPTIMIZER_PHASE_MEMORY] optimizer=backup event=begin call=189 rss_mib=3176.277 swap_mib=0.000 variables=40 pieces=2
[fsm_node-3] [INFO] [1789476951.262604840] [fsm_node]:  -- [OPTIMIZER_PHASE_MEMORY] optimizer=backup event=end call=189 duration_ms=1.068 iterations=116 ret=1 rss_mib=3176.277 swap_mib=0.000 rss_delta_mib=0.000
[fsm_node-3] [INFO] [1789476951.262713154] [fsm_node]:  -- [OPTIMIZER_PHASE_MEMORY] optimizer=backup event=begin call=190 rss_mib=3176.277 swap_mib=0.000 variables=40 pieces=2
[fsm_node-3] [INFO] [1789476951.265991895] [fsm_node]:  -- [OPTIMIZER_PHASE_MEMORY] optimizer=backup event=end call=190 duration_ms=3.267 iterations=341 ret=1 rss_mib=3176.277 swap_mib=0.000 rss_delta_mib=0.000
[fsm_node-3] [WARN] [1789476951.266037163] [fsm_node]:  -- [SUPER] in [ReplanOnce]: Replan overtime, check parameters, replan dt = 0.110926998.
[fsm_node-3] [INFO] [1789476951.283890796] [fsm_node]:  -- [OPTIMIZER_PHASE_MEMORY] optimizer=exp event=begin call=104 rss_mib=3176.277 swap_mib=0.000 variables=17 pieces=5
[fsm_node-3] [INFO] [1789476951.317704247] [fsm_node]:  -- [OPTIMIZER_PHASE_MEMORY] optimizer=exp event=end call=104 duration_ms=33.851 iterations=2306 ret=1 rss_mib=3176.277 swap_mib=0.000 rss_delta_mib=0.000
[fsm_node-3] [INFO] [1789476951.393275998] [fsm_node]:  -- [OPTIMIZER_PHASE_MEMORY] optimizer=backup event=begin call=191 rss_mib=3176.277 swap_mib=0.000 variables=36 pieces=2
[fsm_node-3] [INFO] [1789476951.409285001] [fsm_node]:  -- [OPTIMIZER_PHASE_MEMORY] optimizer=backup event=end call=191 duration_ms=16.021 iterations=1103 ret=1 rss_mib=3176.277 swap_mib=0.000 rss_delta_mib=0.000
[fsm_node-3] [INFO] [1789476951.409493629] [fsm_node]:  -- [OPTIMIZER_PHASE_MEMORY] optimizer=backup event=begin call=192 rss_mib=3176.277 swap_mib=0.000 variables=36 pieces=2
[fsm_node-3] [INFO] [1789476951.413995279] [fsm_node]:  -- [OPTIMIZER_PHASE_MEMORY] optimizer=backup event=end call=192 duration_ms=4.502 iterations=392 ret=1 rss_mib=3176.277 swap_mib=0.000 rss_delta_mib=0.000
[fsm_node-3] [WARN] [1789476951.414033960] [fsm_node]:  -- [SUPER] in [ReplanOnce]: Replan overtime, check parameters, replan dt = 0.147599066.
[fsm_node-3] [INFO] [1789476951.434210822] [fsm_node]:  -- [OPTIMIZER_PHASE_MEMORY] optimizer=exp event=begin call=105 rss_mib=3176.277 swap_mib=0.000 variables=17 pieces=5
[fsm_node-3]  -- [TRAJ_GUARD_CERT] trigger=replan_post status=SAFE gen=41 map=84 map_age=0.011s map_age_limit=0.500s motion_speed=4.527mps samples=211 range=[0.349,1.398] collision_tt=-1.000 ttc=-1.000 p=[0.000,0.000,0.000]
[fsm_node-3] [32m -- [Fsm 16.310] Current state: FOLLOW_TRAJ[0m
[fsm_node-3] [INFO] [1789476951.442142679] [fsm_node]:  -- [OPTIMIZER_PHASE_MEMORY] optimizer=exp event=end call=105 duration_ms=7.934 iterations=511 ret=1 rss_mib=3176.277 swap_mib=0.000 rss_delta_mib=0.000
[fsm_node-3] [INFO] [1789476951.505597506] [fsm_node]:  -- [OPTIMIZER_PHASE_MEMORY] optimizer=backup event=begin call=193 rss_mib=3176.277 swap_mib=0.000 variables=26 pieces=2
[fsm_node-3] [INFO] [1789476951.533592379] [fsm_node]:  -- [OPTIMIZER_PHASE_MEMORY] optimizer=backup event=end call=193 duration_ms=28.009 iterations=2810 ret=1 rss_mib=3176.277 swap_mib=0.000 rss_delta_mib=0.000
[fsm_node-3] [INFO] [1789476951.533778193] [fsm_node]:  -- [OPTIMIZER_PHASE_MEMORY] optimizer=backup event=begin call=194 rss_mib=3176.277 swap_mib=0.000 variables=26 pieces=2
[fsm_node-3] [INFO] [1789476951.538613244] [fsm_node]:  -- [OPTIMIZER_PHASE_MEMORY] optimizer=backup event=end call=194 duration_ms=4.834 iterations=657 ret=1 rss_mib=3176.277 swap_mib=0.000 rss_delta_mib=0.000
[fsm_node-3] [WARN] [1789476951.538651345] [fsm_node]:  -- [SUPER] in [ReplanOnce]: Replan overtime, check parameters, replan dt = 0.124320883.
[fsm_node-3] [INFO] [1789476951.572869581] [fsm_node]:  -- [OPTIMIZER_PHASE_MEMORY] optimizer=exp event=begin call=106 rss_mib=3176.277 swap_mib=0.000 variables=17 pieces=5
[fsm_node-3] [INFO] [1789476951.579119152] [fsm_node]:  -- [OPTIMIZER_PHASE_MEMORY] optimizer=exp event=end call=106 duration_ms=6.296 iterations=430 ret=1 rss_mib=3176.277 swap_mib=0.000 rss_delta_mib=0.000
[fsm_node-3] [INFO] [1789476951.667743834] [fsm_node]:  -- [OPTIMIZER_PHASE_MEMORY] optimizer=backup event=begin call=195 rss_mib=3176.277 swap_mib=0.000 variables=54 pieces=2
[fsm_node-3] [INFO] [1789476951.673404754] [fsm_node]:  -- [OPTIMIZER_PHASE_MEMORY] optimizer=backup event=end call=195 duration_ms=5.712 iterations=233 ret=1 rss_mib=3176.277 swap_mib=0.000 rss_delta_mib=0.000
[fsm_node-3] [INFO] [1789476951.673617394] [fsm_node]:  -- [OPTIMIZER_PHASE_MEMORY] optimizer=backup event=begin call=196 rss_mib=3176.277 swap_mib=0.000 variables=54 pieces=2
[fsm_node-3] [INFO] [1789476951.679776920] [fsm_node]:  -- [OPTIMIZER_PHASE_MEMORY] optimizer=backup event=end call=196 duration_ms=6.159 iterations=251 ret=1 rss_mib=3176.277 swap_mib=0.000 rss_delta_mib=0.000
[fsm_node-3] [WARN] [1789476951.679816185] [fsm_node]:  -- [SUPER] in [ReplanOnce]: Replan overtime, check parameters, replan dt = 0.140885319.
[fsm_node-3] [INFO] [1789476951.714716221] [fsm_node]:  -- [OPTIMIZER_PHASE_MEMORY] optimizer=exp event=begin call=107 rss_mib=3176.277 swap_mib=0.000 variables=17 pieces=5
[fsm_node-3] [INFO] [1789476951.744240452] [fsm_node]:  -- [OPTIMIZER_PHASE_MEMORY] optimizer=exp event=end call=107 duration_ms=29.531 iterations=1316 ret=1 rss_mib=3176.277 swap_mib=0.000 rss_delta_mib=0.000
[fsm_node-3] [INFO] [1789476951.844600848] [fsm_node]:  -- [OPTIMIZER_PHASE_MEMORY] optimizer=backup event=begin call=197 rss_mib=3176.277 swap_mib=0.000 variables=22 pieces=2
[fsm_node-3] [INFO] [1789476951.845468624] [fsm_node]:  -- [OPTIMIZER_PHASE_MEMORY] optimizer=backup event=end call=197 duration_ms=0.914 iterations=155 ret=1 rss_mib=3176.277 swap_mib=0.000 rss_delta_mib=0.000
[fsm_node-3] [INFO] [1789476951.845563856] [fsm_node]:  -- [OPTIMIZER_PHASE_MEMORY] optimizer=backup event=begin call=198 rss_mib=3176.277 swap_mib=0.000 variables=22 pieces=2
[fsm_node-3] [INFO] [1789476951.849128322] [fsm_node]:  -- [OPTIMIZER_PHASE_MEMORY] optimizer=backup event=end call=198 duration_ms=3.563 iterations=501 ret=1 rss_mib=3176.277 swap_mib=0.000 rss_delta_mib=0.000
[fsm_node-3] [WARN] [1789476951.849167681] [fsm_node]:  -- [SUPER] in [ReplanOnce]: Replan overtime, check parameters, replan dt = 0.169106029.
[fsm_node-3] [INFO] [1789476951.884506114] [fsm_node]:  -- [OPTIMIZER_PHASE_MEMORY] optimizer=exp event=begin call=108 rss_mib=3176.277 swap_mib=0.000 variables=17 pieces=5
[fsm_node-3] [INFO] [1789476951.888383132] [fsm_node]:  -- [OPTIMIZER_PHASE_MEMORY] optimizer=exp event=end call=108 duration_ms=3.934 iterations=288 ret=1 rss_mib=3176.277 swap_mib=0.000 rss_delta_mib=0.000
[fsm_node-3] [INFO] [1789476951.991903628] [fsm_node]:  -- [OPTIMIZER_PHASE_MEMORY] optimizer=backup event=begin call=199 rss_mib=3176.277 swap_mib=0.000 variables=56 pieces=2
[fsm_node-3] [INFO] [1789476951.995887914] [fsm_node]:  -- [OPTIMIZER_PHASE_MEMORY] optimizer=backup event=end call=199 duration_ms=4.037 iterations=134 ret=1 rss_mib=3176.277 swap_mib=0.000 rss_delta_mib=0.000
[fsm_node-3] [INFO] [1789476951.996147568] [fsm_node]:  -- [OPTIMIZER_PHASE_MEMORY] optimizer=backup event=begin call=200 rss_mib=3176.277 swap_mib=0.000 variables=56 pieces=2
[fsm_node-3] [INFO] [1789476951.999033234] [fsm_node]:  -- [OPTIMIZER_PHASE_MEMORY] optimizer=backup event=end call=200 duration_ms=2.885 iterations=99 ret=1 rss_mib=3176.277 swap_mib=0.000 rss_delta_mib=0.000
[fsm_node-3] [WARN] [1789476951.999068940] [fsm_node]:  -- [SUPER] in [ReplanOnce]: Replan overtime, check parameters, replan dt = 0.149541879.
[fsm_node-3] [INFO] [1789476952.031469371] [fsm_node]:  -- [OPTIMIZER_PHASE_MEMORY] optimizer=exp event=begin call=109 rss_mib=3176.277 swap_mib=0.000 variables=17 pieces=5
[fsm_node-3] [INFO] [1789476952.037257740] [fsm_node]:  -- [OPTIMIZER_PHASE_MEMORY] optimizer=exp event=end call=109 duration_ms=5.838 iterations=410 ret=1 rss_mib=3176.277 swap_mib=0.000 rss_delta_mib=0.000
[fsm_node-3]  -- [TRAJ_GUARD_CERT] trigger=main_pre status=SAFE gen=41 map=85 map_age=0.005s map_age_limit=0.500s motion_speed=6.591mps samples=173 range=[0.540,1.398] collision_tt=-1.000 ttc=-1.000 p=[0.000,0.000,0.000]
[fsm_node-3]  -- [TRAJ_GUARD_CERT] trigger=main_pre status=SAFE gen=41 map=86 map_age=0.011s map_age_limit=0.500s motion_speed=6.998mps samples=131 range=[0.750,1.398] collision_tt=-1.000 ttc=-1.000 p=[0.000,0.000,0.000]
[fsm_node-3]  -- [TRAJ_GUARD_CERT] trigger=main_pre status=SAFE gen=41 map=87 map_age=0.010s map_age_limit=0.500s motion_speed=6.738mps samples=91 range=[0.950,1.398] collision_tt=-1.000 ttc=-1.000 p=[0.000,0.000,0.000]
[fsm_node-3]  -- [TRAJ_GUARD_CERT] trigger=main_pre status=SAFE gen=41 map=88 map_age=0.009s map_age_limit=0.508s motion_speed=3.332mps samples=47 range=[1.170,1.398] collision_tt=-1.000 ttc=-1.000 p=[0.000,0.000,0.000]
[fsm_node-3] [32m -- [Fsm] Get goal at [0m-23.975000000000001  24.025000000000002   1.525000000000000
[fsm_node-3] [32m -- [Fsm] Receive click goal at: [-23.975000000000001  24.025000000000002   1.525000000000000]; goal yaw: 0.000000000000000 deg[0m
[fsm_node-3] [INFO] [1789476952.123125810] [fsm_node]:  -- [OPTIMIZER_PHASE_MEMORY] optimizer=backup event=begin call=201 rss_mib=3180.938 swap_mib=0.000 variables=48 pieces=2
[fsm_node-3] [INFO] [1789476952.150035567] [fsm_node]:  -- [OPTIMIZER_PHASE_MEMORY] optimizer=backup event=end call=201 duration_ms=26.921 iterations=362 ret=1 rss_mib=3180.938 swap_mib=0.000 rss_delta_mib=0.000
[fsm_node-3] [INFO] [1789476952.150978430] [fsm_node]:  -- [OPTIMIZER_PHASE_MEMORY] optimizer=backup event=begin call=202 rss_mib=3180.938 swap_mib=0.000 variables=48 pieces=2
[fsm_node-3] [INFO] [1789476952.200833627] [fsm_node]:  -- [OPTIMIZER_PHASE_MEMORY] optimizer=backup event=end call=202 duration_ms=49.838 iterations=655 ret=1 rss_mib=3180.938 swap_mib=0.000 rss_delta_mib=0.000
[fsm_node-3] [WARN] [1789476952.200903268] [fsm_node]:  -- [SUPER] in [ReplanOnce]: Replan overtime, check parameters, replan dt = 0.201639742.
[perfect_drone_frontend_node-2] [INFO] [1789476952.213736992] [native_sector_cpp]: frames=190 published=97 kept 24.9% (6221/24944 pts/input-frame)
[fsm_node-3] [INFO] [1789476952.231945784] [fsm_node]:  -- [OPTIMIZER_PHASE_MEMORY] optimizer=exp event=begin call=110 rss_mib=3180.938 swap_mib=0.000 variables=17 pieces=5
[fsm_node-3] [INFO] [1789476952.240385470] [fsm_node]:  -- [OPTIMIZER_PHASE_MEMORY] optimizer=exp event=end call=110 duration_ms=8.494 iterations=433 ret=1 rss_mib=3180.938 swap_mib=0.000 rss_delta_mib=0.000
[fsm_node-3]  -- [TRAJ_GUARD_CERT] trigger=main_pre status=SAFE gen=41 map=89 map_age=0.010s map_age_limit=0.550s motion_speed=0.166mps samples=9 range=[1.360,1.398] collision_tt=-1.000 ttc=-1.000 p=[0.000,0.000,0.000]
[fsm_node-3] [32m -- [Fsm] Traj finish.[0m
[fsm_node-3] [INFO] [1789476952.355809233] [fsm_node]:  -- [OPTIMIZER_PHASE_MEMORY] optimizer=backup event=begin call=203 rss_mib=3180.938 swap_mib=0.000 variables=46 pieces=2
[fsm_node-3] [INFO] [1789476952.359795238] [fsm_node]:  -- [OPTIMIZER_PHASE_MEMORY] optimizer=backup event=end call=203 duration_ms=4.052 iterations=317 ret=1 rss_mib=3180.938 swap_mib=0.000 rss_delta_mib=0.000
[fsm_node-3] [INFO] [1789476952.359956387] [fsm_node]:  -- [OPTIMIZER_PHASE_MEMORY] optimizer=backup event=begin call=204 rss_mib=3180.938 swap_mib=0.000 variables=46 pieces=2
[fsm_node-3] [INFO] [1789476952.370304378] [fsm_node]:  -- [OPTIMIZER_PHASE_MEMORY] optimizer=backup event=end call=204 duration_ms=10.348 iterations=707 ret=1 rss_mib=3180.938 swap_mib=0.000 rss_delta_mib=0.000
[fsm_node-3] [WARN] [1789476952.370340833] [fsm_node]:  -- [SUPER] in [ReplanOnce]: Replan overtime, check parameters, replan dt = 0.169178681.
[fsm_node-3] [WARN] [1789476952.370375643] [fsm_node]:  -- [TRAJ_GUARD_RECOVERY_EPISODE_RESET] reason=horizontal_progress progress=5.902m threshold=2.000m prior_local=0 prior_vertical=0 prior_base=0
[fsm_node-3] [INFO] [1789476952.400794858] [fsm_node]:  -- [OPTIMIZER_PHASE_MEMORY] optimizer=exp event=begin call=111 rss_mib=3180.938 swap_mib=0.000 variables=17 pieces=5
[fsm_node-3] [INFO] [1789476952.407411754] [fsm_node]:  -- [OPTIMIZER_PHASE_MEMORY] optimizer=exp event=end call=111 duration_ms=6.625 iterations=337 ret=1 rss_mib=3180.938 swap_mib=0.000 rss_delta_mib=0.000
[fsm_node-3] [INFO] [1789476952.407493152] [fsm_node]:  -- [SUPER] in [PlanFromRest] GenerateExpTrajectory SUCCESS.
[fsm_node-3] [INFO] [1789476952.497944259] [fsm_node]:  -- [OPTIMIZER_PHASE_MEMORY] optimizer=backup event=begin call=205 rss_mib=3180.938 swap_mib=0.000 variables=46 pieces=2
[fsm_node-3] [INFO] [1789476952.500922520] [fsm_node]:  -- [OPTIMIZER_PHASE_MEMORY] optimizer=backup event=end call=205 duration_ms=3.020 iterations=167 ret=1 rss_mib=3180.938 swap_mib=0.000 rss_delta_mib=0.000
[fsm_node-3] [INFO] [1789476952.501129037] [fsm_node]:  -- [OPTIMIZER_PHASE_MEMORY] optimizer=backup event=begin call=206 rss_mib=3180.938 swap_mib=0.000 variables=46 pieces=2
[fsm_node-3] [INFO] [1789476952.505835096] [fsm_node]:  -- [OPTIMIZER_PHASE_MEMORY] optimizer=backup event=end call=206 duration_ms=4.707 iterations=286 ret=1 rss_mib=3180.938 swap_mib=0.000 rss_delta_mib=0.000
[fsm_node-3] [INFO] [1789476952.506214906] [fsm_node]:  -- [TRAJ_GUARD_COMMIT] phase=PlanFromRest/with_backup gen=42 map=90 samples=245 range=[0.135,1.348] escape=false footprint_egress=false escape_done_tt=-1.000
[fsm_node-3] [38;2;000;128;000m -- [Fsm]: [PubCmdCallback] change state from [FOLLOW_TRAJ] to [GENERATE_TRAJ].
[fsm_node-3] [0m -- [TRAJ_GUARD_CERT] trigger=poly_publish status=SAFE gen=42 map=90 map_age=0.041s map_age_limit=0.550s motion_speed=0.000mps samples=244 range=[0.136,1.348] collision_tt=-1.000 ttc=-1.000 p=[0.000,0.000,0.000]
[fsm_node-3] [38;2;000;128;000m -- [Fsm]: [MainFsmCallback] change state from [GENERATE_TRAJ] to [FOLLOW_TRAJ].
[fsm_node-3] [0m[32m -- [Fsm 17.379] Current state: FOLLOW_TRAJ[0m
[fsm_node-3] [INFO] [1789476952.634416831] [fsm_node]:  -- [OPTIMIZER_PHASE_MEMORY] optimizer=exp event=begin call=112 rss_mib=3180.938 swap_mib=0.000 variables=17 pieces=5
[fsm_node-3] [INFO] [1789476952.652781001] [fsm_node]:  -- [OPTIMIZER_PHASE_MEMORY] optimizer=exp event=end call=112 duration_ms=18.331 iterations=1179 ret=1 rss_mib=3180.938 swap_mib=0.000 rss_delta_mib=0.000
[fsm_node-3] [INFO] [1789476952.763618830] [fsm_node]:  -- [OPTIMIZER_PHASE_MEMORY] optimizer=backup event=begin call=207 rss_mib=3180.938 swap_mib=0.000 variables=18 pieces=2
[fsm_node-3] [INFO] [1789476952.765161020] [fsm_node]:  -- [OPTIMIZER_PHASE_MEMORY] optimizer=backup event=end call=207 duration_ms=1.612 iterations=296 ret=1 rss_mib=3180.938 swap_mib=0.000 rss_delta_mib=0.000
[fsm_node-3] [INFO] [1789476952.765257935] [fsm_node]:  -- [OPTIMIZER_PHASE_MEMORY] optimizer=backup event=begin call=208 rss_mib=3180.938 swap_mib=0.000 variables=18 pieces=2
[fsm_node-3] [INFO] [1789476952.767942903] [fsm_node]:  -- [OPTIMIZER_PHASE_MEMORY] optimizer=backup event=end call=208 duration_ms=2.684 iterations=451 ret=1 rss_mib=3180.938 swap_mib=0.000 rss_delta_mib=0.000
[fsm_node-3] [WARN] [1789476952.767976678] [fsm_node]:  -- [SUPER] in [ReplanOnce]: Replan overtime, check parameters, replan dt = 0.160878792.
[fsm_node-3] [INFO] [1789476952.790061537] [fsm_node]:  -- [OPTIMIZER_PHASE_MEMORY] optimizer=exp event=begin call=113 rss_mib=3180.938 swap_mib=0.000 variables=17 pieces=5
[fsm_node-3] [INFO] [1789476952.803731635] [fsm_node]:  -- [OPTIMIZER_PHASE_MEMORY] optimizer=exp event=end call=113 duration_ms=13.700 iterations=926 ret=1 rss_mib=3180.938 swap_mib=0.000 rss_delta_mib=0.000
[fsm_node-3] [INFO] [1789476952.845696179] [fsm_node]:  -- [OPTIMIZER_PHASE_MEMORY] optimizer=backup event=begin call=209 rss_mib=3180.938 swap_mib=0.000 variables=38 pieces=2
[fsm_node-3] [INFO] [1789476952.848448102] [fsm_node]:  -- [OPTIMIZER_PHASE_MEMORY] optimizer=backup event=end call=209 duration_ms=2.800 iterations=236 ret=1 rss_mib=3180.938 swap_mib=0.000 rss_delta_mib=0.000
[fsm_node-3] [INFO] [1789476952.848596990] [fsm_node]:  -- [OPTIMIZER_PHASE_MEMORY] optimizer=backup event=begin call=210 rss_mib=3180.938 swap_mib=0.000 variables=38 pieces=2
[fsm_node-3] [INFO] [1789476952.851780320] [fsm_node]:  -- [OPTIMIZER_PHASE_MEMORY] optimizer=backup event=end call=210 duration_ms=3.139 iterations=243 ret=1 rss_mib=3180.938 swap_mib=0.000 rss_delta_mib=0.000
[fsm_node-3] [INFO] [1789476952.852094962] [fsm_node]:  -- [TRAJ_GUARD_COMMIT] phase=ReplanOnce/with_backup gen=43 map=91 samples=169 range=[0.084,0.917] escape=false footprint_egress=false escape_done_tt=-1.000
[fsm_node-3]  -- [TRAJ_GUARD_CERT] trigger=main_pre status=SAFE gen=42 map=91 map_age=0.005s map_age_limit=0.514s motion_speed=3.223mps samples=214 range=[0.287,1.348] collision_tt=-1.000 ttc=-1.000 p=[0.000,0.000,0.000]
[fsm_node-3] [32m -- [Fsm] ReplanOnce succeed.[0m
[fsm_node-3] [INFO] [1789476952.872134584] [fsm_node]:  -- [OPTIMIZER_PHASE_MEMORY] optimizer=exp event=begin call=114 rss_mib=3180.938 swap_mib=0.000 variables=17 pieces=5
[fsm_node-3] [INFO] [1789476952.882492525] [fsm_node]:  -- [OPTIMIZER_PHASE_MEMORY] optimizer=exp event=end call=114 duration_ms=10.387 iterations=690 ret=1 rss_mib=3180.938 swap_mib=0.000 rss_delta_mib=0.000
[fsm_node-3] [INFO] [1789476952.971091725] [fsm_node]:  -- [OPTIMIZER_PHASE_MEMORY] optimizer=backup event=begin call=211 rss_mib=3180.938 swap_mib=0.000 variables=52 pieces=2
[fsm_node-3] [INFO] [1789476953.063833077] [fsm_node]:  -- [OPTIMIZER_PHASE_MEMORY] optimizer=backup event=end call=211 duration_ms=92.736 iterations=1690 ret=1 rss_mib=3180.941 swap_mib=0.000 rss_delta_mib=0.004
[fsm_node-3] [INFO] [1789476953.064484974] [fsm_node]:  -- [OPTIMIZER_PHASE_MEMORY] optimizer=backup event=begin call=212 rss_mib=3180.941 swap_mib=0.000 variables=52 pieces=2
[fsm_node-3] [INFO] [1789476953.082152376] [fsm_node]:  -- [OPTIMIZER_PHASE_MEMORY] optimizer=backup event=end call=212 duration_ms=17.631 iterations=342 ret=1 rss_mib=3180.941 swap_mib=0.000 rss_delta_mib=0.000
[fsm_node-3] [WARN] [1789476953.082232904] [fsm_node]:  -- [SUPER] in [ReplanOnce]: Replan overtime, check parameters, replan dt = 0.229836261.
[fsm_node-3] [INFO] [1789476953.100029529] [fsm_node]:  -- [OPTIMIZER_PHASE_MEMORY] optimizer=exp event=begin call=115 rss_mib=3180.941 swap_mib=0.000 variables=13 pieces=4
[fsm_node-3] [INFO] [1789476953.102779117] [fsm_node]:  -- [OPTIMIZER_PHASE_MEMORY] optimizer=exp event=end call=115 duration_ms=2.786 iterations=261 ret=1 rss_mib=3180.941 swap_mib=0.000 rss_delta_mib=0.000
[fsm_node-3]  -- [TRAJ_GUARD_CERT] trigger=poly_publish status=SAFE gen=43 map=91 map_age=0.201s map_age_limit=0.500s motion_speed=6.064mps samples=168 range=[0.084,0.917] collision_tt=-1.000 ttc=-1.000 p=[0.000,0.000,0.000]
[fsm_node-3]  -- [TRAJ_GUARD_CERT] trigger=main_pre status=SAFE gen=43 map=92 map_age=0.005s map_age_limit=0.500s motion_speed=6.064mps samples=167 range=[0.089,0.917] collision_tt=-1.000 ttc=-1.000 p=[0.000,0.000,0.000]
[fsm_node-3]  -- [TRAJ_GUARD_CERT] trigger=main_pre status=SAFE gen=43 map=93 map_age=0.005s map_age_limit=0.500s motion_speed=6.521mps samples=125 range=[0.299,0.917] collision_tt=-1.000 ttc=-1.000 p=[0.000,0.000,0.000]
[fsm_node-3] [32m -- [Fsm] Get goal at [0m-23.975000000000001  24.025000000000002   1.525000000000000
[fsm_node-3] [32m -- [Fsm] Receive click goal at: [-23.975000000000001  24.025000000000002   1.525000000000000]; goal yaw: 0.000000000000000 deg[0m
[perfect_drone_frontend_node-2] [INFO] [1789476953.138616640] [perfect_tracking]: [SENSOR_CADENCE_SUMMARY] frames=200 span_s=19.903626 hz=9.998178 raw_published=0 direct_handoffs=200 payload_bytes=163694304 side_entry_v1_enabled=0 side_entry_v1_spawned=0 side_entry_v1_injected_frames=0
[perfect_drone_frontend_node-2] [INFO] [1789476953.138667176] [perfect_tracking]: [SENSOR_BURST_DROPOUT_SUMMARY] enabled=0 warmup_s=1.000000 period_s=2.000000 duration_s=0.500000 phase_s=0.000000 phase_env_override=0 rendered=200 delivered=200 dropped=0 bursts=0 max_consecutive_dropped=0 max_delivered_gap_s=0.104637 dropped_payload_bytes=0
[fsm_node-3] [INFO] [1789476953.208866869] [fsm_node]:  -- [OPTIMIZER_PHASE_MEMORY] optimizer=backup event=begin call=213 rss_mib=3180.941 swap_mib=0.000 variables=54 pieces=2
[fsm_node-3] [INFO] [1789476953.221803543] [fsm_node]:  -- [OPTIMIZER_PHASE_MEMORY] optimizer=backup event=end call=213 duration_ms=12.959 iterations=507 ret=1 rss_mib=3180.941 swap_mib=0.000 rss_delta_mib=0.000
[fsm_node-3] [INFO] [1789476953.222027584] [fsm_node]:  -- [OPTIMIZER_PHASE_MEMORY] optimizer=backup event=begin call=214 rss_mib=3180.941 swap_mib=0.000 variables=54 pieces=2
[fsm_node-3] [INFO] [1789476953.226710178] [fsm_node]:  -- [OPTIMIZER_PHASE_MEMORY] optimizer=backup event=end call=214 duration_ms=4.683 iterations=194 ret=1 rss_mib=3180.941 swap_mib=0.000 rss_delta_mib=0.000
[fsm_node-3] [WARN] [1789476953.226745408] [fsm_node]:  -- [SUPER] in [ReplanOnce]: Replan overtime, check parameters, replan dt = 0.144304933.
[fsm_node-3] [INFO] [1789476953.242062030] [fsm_node]:  -- [OPTIMIZER_PHASE_MEMORY] optimizer=exp event=begin call=116 rss_mib=3180.941 swap_mib=0.000 variables=17 pieces=5
[fsm_node-3] [INFO] [1789476953.245215357] [fsm_node]:  -- [OPTIMIZER_PHASE_MEMORY] optimizer=exp event=end call=116 duration_ms=3.216 iterations=230 ret=1 rss_mib=3180.941 swap_mib=0.000 rss_delta_mib=0.000
[fsm_node-3] [INFO] [1789476953.341023642] [fsm_node]:  -- [OPTIMIZER_PHASE_MEMORY] optimizer=backup event=begin call=215 rss_mib=3180.941 swap_mib=0.000 variables=30 pieces=2
[fsm_node-3] [INFO] [1789476953.343412486] [fsm_node]:  -- [OPTIMIZER_PHASE_MEMORY] optimizer=backup event=end call=215 duration_ms=2.420 iterations=395 ret=1 rss_mib=3180.941 swap_mib=0.000 rss_delta_mib=0.000
[fsm_node-3] [INFO] [1789476953.343510351] [fsm_node]:  -- [OPTIMIZER_PHASE_MEMORY] optimizer=backup event=begin call=216 rss_mib=3180.941 swap_mib=0.000 variables=30 pieces=2
[fsm_node-3] [INFO] [1789476953.344446164] [fsm_node]:  -- [OPTIMIZER_PHASE_MEMORY] optimizer=backup event=end call=216 duration_ms=0.938 iterations=184 ret=1 rss_mib=3180.941 swap_mib=0.000 rss_delta_mib=0.000
[fsm_node-3] [WARN] [1789476953.344479933] [fsm_node]:  -- [SUPER] in [ReplanOnce]: Replan overtime, check parameters, replan dt = 0.117380311.
[fsm_node-3] [INFO] [1789476953.359374394] [fsm_node]:  -- [OPTIMIZER_PHASE_MEMORY] optimizer=exp event=begin call=117 rss_mib=3180.941 swap_mib=0.000 variables=13 pieces=4
[fsm_node-3] [INFO] [1789476953.365178844] [fsm_node]:  -- [OPTIMIZER_PHASE_MEMORY] optimizer=exp event=end call=117 duration_ms=5.821 iterations=531 ret=1 rss_mib=3180.941 swap_mib=0.000 rss_delta_mib=0.000
[fsm_node-3] [INFO] [1789476953.456573366] [fsm_node]:  -- [OPTIMIZER_PHASE_MEMORY] optimizer=backup event=begin call=217 rss_mib=3180.941 swap_mib=0.000 variables=46 pieces=2
[fsm_node-3] [INFO] [1789476953.460613013] [fsm_node]:  -- [OPTIMIZER_PHASE_MEMORY] optimizer=backup event=end call=217 duration_ms=4.072 iterations=211 ret=1 rss_mib=3180.941 swap_mib=0.000 rss_delta_mib=0.000
[fsm_node-3] [INFO] [1789476953.460773260] [fsm_node]:  -- [OPTIMIZER_PHASE_MEMORY] optimizer=backup event=begin call=218 rss_mib=3180.941 swap_mib=0.000 variables=46 pieces=2
[fsm_node-3] [INFO] [1789476953.471408344] [fsm_node]:  -- [OPTIMIZER_PHASE_MEMORY] optimizer=backup event=end call=218 duration_ms=10.632 iterations=539 ret=1 rss_mib=3180.941 swap_mib=0.000 rss_delta_mib=0.000
[fsm_node-3] [WARN] [1789476953.471459256] [fsm_node]:  -- [SUPER] in [ReplanOnce]: Replan overtime, check parameters, replan dt = 0.126664381.
[fsm_node-3] [INFO] [1789476953.486620162] [fsm_node]:  -- [OPTIMIZER_PHASE_MEMORY] optimizer=exp event=begin call=118 rss_mib=3180.941 swap_mib=0.000 variables=17 pieces=5
[fsm_node-3] [INFO] [1789476953.494452315] [fsm_node]:  -- [OPTIMIZER_PHASE_MEMORY] optimizer=exp event=end call=118 duration_ms=7.852 iterations=558 ret=1 rss_mib=3180.941 swap_mib=0.000 rss_delta_mib=0.000
[fsm_node-3]  -- [TRAJ_GUARD_CERT] trigger=main_pre status=SAFE gen=43 map=94 map_age=0.007s map_age_limit=0.500s motion_speed=4.584mps samples=87 range=[0.489,0.917] collision_tt=-1.000 ttc=-1.000 p=[0.000,0.000,0.000]
[fsm_node-3]  -- [TRAJ_GUARD_CERT] trigger=main_pre status=SAFE gen=43 map=95 map_age=0.004s map_age_limit=0.525s motion_speed=2.999mps samples=47 range=[0.689,0.917] collision_tt=-1.000 ttc=-1.000 p=[0.000,0.000,0.000]
[fsm_node-3] [32m -- [Fsm 18.380] Current state: FOLLOW_TRAJ[0m
[fsm_node-3] [INFO] [1789476953.591973665] [fsm_node]:  -- [OPTIMIZER_PHASE_MEMORY] optimizer=backup event=begin call=219 rss_mib=3180.941 swap_mib=0.000 variables=60 pieces=2
[fsm_node-3] [INFO] [1789476953.600787117] [fsm_node]:  -- [OPTIMIZER_PHASE_MEMORY] optimizer=backup event=end call=219 duration_ms=8.846 iterations=564 ret=1 rss_mib=3180.941 swap_mib=0.000 rss_delta_mib=0.000
[fsm_node-3] [INFO] [1789476953.600936619] [fsm_node]:  -- [OPTIMIZER_PHASE_MEMORY] optimizer=backup event=begin call=220 rss_mib=3180.941 swap_mib=0.000 variables=60 pieces=2
[fsm_node-3] [INFO] [1789476953.604456631] [fsm_node]:  -- [OPTIMIZER_PHASE_MEMORY] optimizer=backup event=end call=220 duration_ms=3.513 iterations=284 ret=1 rss_mib=3180.941 swap_mib=0.000 rss_delta_mib=0.000
[fsm_node-3] [WARN] [1789476953.604494264] [fsm_node]:  -- [SUPER] in [ReplanOnce]: Replan overtime, check parameters, replan dt = 0.132814209.
[fsm_node-3] [INFO] [1789476953.643515974] [fsm_node]:  -- [TRAJ_GUARD_COMMIT] phase=ReplanOnce/no_backup gen=44 map=95 samples=154 range=[0.875,1.634] escape=false footprint_egress=false escape_done_tt=-1.000
[fsm_node-3] [32m -- [Fsm] ReplanOnce succeed.[0m
[fsm_node-3] [INFO] [1789476953.680441740] [fsm_node]:  -- [OPTIMIZER_PHASE_MEMORY] optimizer=exp event=begin call=119 rss_mib=3180.941 swap_mib=0.000 variables=17 pieces=5
[fsm_node-3] [INFO] [1789476953.691656609] [fsm_node]:  -- [OPTIMIZER_PHASE_MEMORY] optimizer=exp event=end call=119 duration_ms=11.280 iterations=749 ret=1 rss_mib=3180.941 swap_mib=0.000 rss_delta_mib=0.000
[fsm_node-3] [INFO] [1789476953.794919462] [fsm_node]:  -- [OPTIMIZER_PHASE_MEMORY] optimizer=backup event=begin call=221 rss_mib=3180.941 swap_mib=0.000 variables=18 pieces=2
[fsm_node-3] [INFO] [1789476953.795819552] [fsm_node]:  -- [OPTIMIZER_PHASE_MEMORY] optimizer=backup event=end call=221 duration_ms=0.932 iterations=182 ret=1 rss_mib=3180.941 swap_mib=0.000 rss_delta_mib=0.000
[fsm_node-3] [INFO] [1789476953.795901997] [fsm_node]:  -- [OPTIMIZER_PHASE_MEMORY] optimizer=backup event=begin call=222 rss_mib=3180.941 swap_mib=0.000 variables=18 pieces=2
[fsm_node-3] [INFO] [1789476953.798091804] [fsm_node]:  -- [OPTIMIZER_PHASE_MEMORY] optimizer=backup event=end call=222 duration_ms=2.189 iterations=400 ret=1 rss_mib=3180.941 swap_mib=0.000 rss_delta_mib=0.000
[fsm_node-3] [WARN] [1789476953.798126274] [fsm_node]:  -- [SUPER] in [ReplanOnce]: Replan overtime, check parameters, replan dt = 0.135198482.
[fsm_node-3] [INFO] [1789476953.814049910] [fsm_node]:  -- [OPTIMIZER_PHASE_MEMORY] optimizer=exp event=begin call=120 rss_mib=3180.941 swap_mib=0.000 variables=13 pieces=4
[fsm_node-3] [INFO] [1789476953.825921068] [fsm_node]:  -- [OPTIMIZER_PHASE_MEMORY] optimizer=exp event=end call=120 duration_ms=11.897 iterations=919 ret=1 rss_mib=3180.941 swap_mib=0.000 rss_delta_mib=0.000
[fsm_node-3] [INFO] [1789476953.925570924] [fsm_node]:  -- [OPTIMIZER_PHASE_MEMORY] optimizer=backup event=begin call=223 rss_mib=3180.941 swap_mib=0.000 variables=18 pieces=2
[fsm_node-3] [INFO] [1789476953.927006028] [fsm_node]:  -- [OPTIMIZER_PHASE_MEMORY] optimizer=backup event=end call=223 duration_ms=1.478 iterations=252 ret=1 rss_mib=3180.941 swap_mib=0.000 rss_delta_mib=0.000
[fsm_node-3] [INFO] [1789476953.927091099] [fsm_node]:  -- [OPTIMIZER_PHASE_MEMORY] optimizer=backup event=begin call=224 rss_mib=3180.941 swap_mib=0.000 variables=18 pieces=2
[fsm_node-3] [INFO] [1789476953.928117686] [fsm_node]:  -- [OPTIMIZER_PHASE_MEMORY] optimizer=backup event=end call=224 duration_ms=1.027 iterations=214 ret=1 rss_mib=3180.941 swap_mib=0.000 rss_delta_mib=0.000
[fsm_node-3] [WARN] [1789476953.928152014] [fsm_node]:  -- [SUPER] in [ReplanOnce]: Replan overtime, check parameters, replan dt = 0.129847984.
[fsm_node-3] [INFO] [1789476953.943767897] [fsm_node]:  -- [OPTIMIZER_PHASE_MEMORY] optimizer=exp event=begin call=121 rss_mib=3180.941 swap_mib=0.000 variables=17 pieces=5
[fsm_node-3] [INFO] [1789476953.950190386] [fsm_node]:  -- [OPTIMIZER_PHASE_MEMORY] optimizer=exp event=end call=121 duration_ms=6.468 iterations=459 ret=1 rss_mib=3180.941 swap_mib=0.000 rss_delta_mib=0.000
[fsm_node-3] [INFO] [1789476954.043725087] [fsm_node]:  -- [OPTIMIZER_PHASE_MEMORY] optimizer=backup event=begin call=225 rss_mib=3180.941 swap_mib=0.000 variables=18 pieces=2
[fsm_node-3] [INFO] [1789476954.045932739] [fsm_node]:  -- [OPTIMIZER_PHASE_MEMORY] optimizer=backup event=end call=225 duration_ms=2.264 iterations=394 ret=1 rss_mib=3180.941 swap_mib=0.000 rss_delta_mib=0.000
[fsm_node-3] [INFO] [1789476954.046021571] [fsm_node]:  -- [OPTIMIZER_PHASE_MEMORY] optimizer=backup event=begin call=226 rss_mib=3180.941 swap_mib=0.000 variables=18 pieces=2
[fsm_node-3] [INFO] [1789476954.047774306] [fsm_node]:  -- [OPTIMIZER_PHASE_MEMORY] optimizer=backup event=end call=226 duration_ms=1.749 iterations=351 ret=1 rss_mib=3180.941 swap_mib=0.000 rss_delta_mib=0.000
[fsm_node-3] [WARN] [1789476954.047814141] [fsm_node]:  -- [SUPER] in [ReplanOnce]: Replan overtime, check parameters, replan dt = 0.11937519.
[fsm_node-3] [INFO] [1789476954.063035737] [fsm_node]:  -- [OPTIMIZER_PHASE_MEMORY] optimizer=exp event=begin call=122 rss_mib=3180.941 swap_mib=0.000 variables=13 pieces=4
[fsm_node-3] [INFO] [1789476954.066215577] [fsm_node]:  -- [OPTIMIZER_PHASE_MEMORY] optimizer=exp event=end call=122 duration_ms=3.215 iterations=298 ret=1 rss_mib=3180.941 swap_mib=0.000 rss_delta_mib=0.000
[fsm_node-3]  -- [TRAJ_GUARD_CERT] trigger=poly_publish status=SAFE gen=44 map=95 map_age=0.190s map_age_limit=0.550s motion_speed=0.306mps samples=153 range=[0.875,1.634] collision_tt=-1.000 ttc=-1.000 p=[0.000,0.000,0.000]
[fsm_node-3]  -- [TRAJ_GUARD_CERT] trigger=main_pre status=SAFE gen=44 map=96 map_age=0.007s map_age_limit=0.500s motion_speed=5.952mps samples=150 range=[0.889,1.634] collision_tt=-1.000 ttc=-1.000 p=[0.000,0.000,0.000]
[fsm_node-3]  -- [TRAJ_GUARD_CERT] trigger=main_pre status=SAFE gen=44 map=97 map_age=0.011s map_age_limit=0.500s motion_speed=6.730mps samples=111 range=[1.089,1.634] collision_tt=-1.000 ttc=-1.000 p=[0.000,0.000,0.000]
[fsm_node-3]  -- [TRAJ_GUARD_CERT] trigger=main_pre status=SAFE gen=44 map=98 map_age=0.010s map_age_limit=0.500s motion_speed=4.615mps samples=71 range=[1.289,1.634] collision_tt=-1.000 ttc=-1.000 p=[0.000,0.000,0.000]
[fsm_node-3] [32m -- [Fsm] Get goal at [0m-23.975000000000001  24.025000000000002   1.525000000000000
[fsm_node-3] [32m -- [Fsm] Receive click goal at: [-23.975000000000001  24.025000000000002   1.525000000000000]; goal yaw: 0.000000000000000 deg[0m
[fsm_node-3] [INFO] [1789476954.156625365] [fsm_node]:  -- [OPTIMIZER_PHASE_MEMORY] optimizer=backup event=begin call=227 rss_mib=3180.941 swap_mib=0.000 variables=18 pieces=2
[fsm_node-3] [INFO] [1789476954.169025862] [fsm_node]:  -- [OPTIMIZER_PHASE_MEMORY] optimizer=backup event=end call=227 duration_ms=12.428 iterations=1445 ret=1 rss_mib=3180.941 swap_mib=0.000 rss_delta_mib=0.000
[fsm_node-3] [INFO] [1789476954.169106696] [fsm_node]:  -- [OPTIMIZER_PHASE_MEMORY] optimizer=backup event=begin call=228 rss_mib=3180.941 swap_mib=0.000 variables=18 pieces=2
[fsm_node-3] [INFO] [1789476954.170054149] [fsm_node]:  -- [OPTIMIZER_PHASE_MEMORY] optimizer=backup event=end call=228 duration_ms=0.947 iterations=182 ret=1 rss_mib=3180.941 swap_mib=0.000 rss_delta_mib=0.000
[fsm_node-3] [WARN] [1789476954.170093230] [fsm_node]:  -- [SUPER] in [ReplanOnce]: Replan overtime, check parameters, replan dt = 0.122083268.
[fsm_node-3] [INFO] [1789476954.184691608] [fsm_node]:  -- [OPTIMIZER_PHASE_MEMORY] optimizer=exp event=begin call=123 rss_mib=3180.941 swap_mib=0.000 variables=17 pieces=5
[fsm_node-3] [INFO] [1789476954.192382816] [fsm_node]:  -- [OPTIMIZER_PHASE_MEMORY] optimizer=exp event=end call=123 duration_ms=7.708 iterations=540 ret=1 rss_mib=3180.941 swap_mib=0.000 rss_delta_mib=0.000
[fsm_node-3] [INFO] [1789476954.288977661] [fsm_node]:  -- [OPTIMIZER_PHASE_MEMORY] optimizer=backup event=begin call=229 rss_mib=3181.098 swap_mib=0.000 variables=18 pieces=2
[fsm_node-3] [INFO] [1789476954.291557766] [fsm_node]:  -- [OPTIMIZER_PHASE_MEMORY] optimizer=backup event=end call=229 duration_ms=2.655 iterations=474 ret=1 rss_mib=3181.098 swap_mib=0.000 rss_delta_mib=0.000
[fsm_node-3] [INFO] [1789476954.291641971] [fsm_node]:  -- [OPTIMIZER_PHASE_MEMORY] optimizer=backup event=begin call=230 rss_mib=3181.098 swap_mib=0.000 variables=18 pieces=2
[fsm_node-3] [INFO] [1789476954.292058384] [fsm_node]:  -- [OPTIMIZER_PHASE_MEMORY] optimizer=backup event=end call=230 duration_ms=0.418 iterations=84 ret=1 rss_mib=3181.098 swap_mib=0.000 rss_delta_mib=0.000
[fsm_node-3] [WARN] [1789476954.292093743] [fsm_node]:  -- [SUPER] in [ReplanOnce]: Replan overtime, check parameters, replan dt = 0.121722654.
[fsm_node-3] [INFO] [1789476954.309018521] [fsm_node]:  -- [OPTIMIZER_PHASE_MEMORY] optimizer=exp event=begin call=124 rss_mib=3181.098 swap_mib=0.000 variables=17 pieces=5
[fsm_node-3] [INFO] [1789476954.324287407] [fsm_node]:  -- [OPTIMIZER_PHASE_MEMORY] optimizer=exp event=end call=124 duration_ms=15.302 iterations=917 ret=1 rss_mib=3181.098 swap_mib=0.000 rss_delta_mib=0.000
[fsm_node-3]  -- [TRAJ_GUARD_CERT] trigger=main_pre status=SAFE gen=44 map=99 map_age=0.015s map_age_limit=0.550s motion_speed=0.787mps samples=26 range=[1.509,1.634] collision_tt=-1.000 ttc=-1.000 p=[0.000,0.000,0.000]
[fsm_node-3] [32m -- [Fsm] Traj finish.[0m
[fsm_node-3] [INFO] [1789476954.422739437] [fsm_node]:  -- [OPTIMIZER_PHASE_MEMORY] optimizer=backup event=begin call=231 rss_mib=3181.098 swap_mib=0.000 variables=18 pieces=2
[fsm_node-3] [INFO] [1789476954.424586530] [fsm_node]:  -- [OPTIMIZER_PHASE_MEMORY] optimizer=backup event=end call=231 duration_ms=1.875 iterations=389 ret=1 rss_mib=3181.098 swap_mib=0.000 rss_delta_mib=0.000
[fsm_node-3] [INFO] [1789476954.424661216] [fsm_node]:  -- [OPTIMIZER_PHASE_MEMORY] optimizer=backup event=begin call=232 rss_mib=3181.098 swap_mib=0.000 variables=18 pieces=2
[fsm_node-3] [INFO] [1789476954.425131487] [fsm_node]:  -- [OPTIMIZER_PHASE_MEMORY] optimizer=backup event=end call=232 duration_ms=0.473 iterations=100 ret=1 rss_mib=3181.098 swap_mib=0.000 rss_delta_mib=0.000
[fsm_node-3] [WARN] [1789476954.425157235] [fsm_node]:  -- [SUPER] in [ReplanOnce]: Replan overtime, check parameters, replan dt = 0.132768269.
[fsm_node-3] [WARN] [1789476954.425306055] [fsm_node]:  -- [TRAJ_GUARD_RECOVERY_EPISODE_RESET] reason=horizontal_progress progress=8.339m threshold=2.000m prior_local=0 prior_vertical=0 prior_base=0
[fsm_node-3] [INFO] [1789476954.439550060] [fsm_node]:  -- [OPTIMIZER_PHASE_MEMORY] optimizer=exp event=begin call=125 rss_mib=3181.098 swap_mib=0.000 variables=17 pieces=5
[fsm_node-3] [INFO] [1789476954.460019226] [fsm_node]:  -- [OPTIMIZER_PHASE_MEMORY] optimizer=exp event=end call=125 duration_ms=20.497 iterations=1355 ret=1 rss_mib=3181.098 swap_mib=0.000 rss_delta_mib=0.000
[fsm_node-3] [INFO] [1789476954.460093109] [fsm_node]:  -- [SUPER] in [PlanFromRest] GenerateExpTrajectory SUCCESS.
[fsm_node-3] [INFO] [1789476954.561168383] [fsm_node]:  -- [OPTIMIZER_PHASE_MEMORY] optimizer=backup event=begin call=233 rss_mib=3181.098 swap_mib=0.000 variables=18 pieces=2
[fsm_node-3] [INFO] [1789476954.568160661] [fsm_node]:  -- [OPTIMIZER_PHASE_MEMORY] optimizer=backup event=end call=233 duration_ms=7.053 iterations=910 ret=1 rss_mib=3181.098 swap_mib=0.000 rss_delta_mib=0.000
[fsm_node-3] [INFO] [1789476954.568242779] [fsm_node]:  -- [OPTIMIZER_PHASE_MEMORY] optimizer=backup event=begin call=234 rss_mib=3181.098 swap_mib=0.000 variables=18 pieces=2
[fsm_node-3] [INFO] [1789476954.569407427] [fsm_node]:  -- [OPTIMIZER_PHASE_MEMORY] optimizer=backup event=end call=234 duration_ms=1.166 iterations=230 ret=1 rss_mib=3181.098 swap_mib=0.000 rss_delta_mib=0.000
[fsm_node-3] [INFO] [1789476954.569825786] [fsm_node]:  -- [TRAJ_GUARD_COMMIT] phase=PlanFromRest/with_backup gen=45 map=100 samples=278 range=[0.144,1.523] escape=false footprint_egress=false escape_done_tt=-1.000
[fsm_node-3] [38;2;000;128;000m -- [Fsm]: [PubCmdCallback] change state from [FOLLOW_TRAJ] to [GENERATE_TRAJ].
[fsm_node-3] [0m -- [TRAJ_GUARD_CERT] trigger=poly_publish status=SAFE gen=45 map=100 map_age=0.110s map_age_limit=0.550s motion_speed=0.000mps samples=277 range=[0.145,1.523] collision_tt=-1.000 ttc=-1.000 p=[0.000,0.000,0.000]
[fsm_node-3] [38;2;000;128;000m -- [Fsm]: [MainFsmCallback] change state from [GENERATE_TRAJ] to [FOLLOW_TRAJ].
[fsm_node-3] [0m[32m -- [Fsm 19.443] Current state: FOLLOW_TRAJ[0m
[fsm_node-3] [INFO] [1789476954.677041976] [fsm_node]:  -- [OPTIMIZER_PHASE_MEMORY] optimizer=exp event=begin call=126 rss_mib=3183.758 swap_mib=0.000 variables=17 pieces=5
[fsm_node-3] [INFO] [1789476954.687223750] [fsm_node]:  -- [OPTIMIZER_PHASE_MEMORY] optimizer=exp event=end call=126 duration_ms=10.228 iterations=722 ret=1 rss_mib=3183.758 swap_mib=0.000 rss_delta_mib=0.000
[fsm_node-3] [INFO] [1789476954.784182559] [fsm_node]:  -- [OPTIMIZER_PHASE_MEMORY] optimizer=backup event=begin call=235 rss_mib=3183.758 swap_mib=0.000 variables=18 pieces=2
[fsm_node-3] [INFO] [1789476954.785244530] [fsm_node]:  -- [OPTIMIZER_PHASE_MEMORY] optimizer=backup event=end call=235 duration_ms=1.115 iterations=219 ret=1 rss_mib=3183.758 swap_mib=0.000 rss_delta_mib=0.000
[fsm_node-3] [INFO] [1789476954.785320672] [fsm_node]:  -- [OPTIMIZER_PHASE_MEMORY] optimizer=backup event=begin call=236 rss_mib=3183.758 swap_mib=0.000 variables=18 pieces=2
[fsm_node-3] [INFO] [1789476954.786190743] [fsm_node]:  -- [OPTIMIZER_PHASE_MEMORY] optimizer=backup event=end call=236 duration_ms=0.870 iterations=194 ret=1 rss_mib=3183.758 swap_mib=0.000 rss_delta_mib=0.000
[fsm_node-3] [WARN] [1789476954.786224975] [fsm_node]:  -- [SUPER] in [ReplanOnce]: Replan overtime, check parameters, replan dt = 0.133300836.
[fsm_node-3] [INFO] [1789476954.807555955] [fsm_node]:  -- [OPTIMIZER_PHASE_MEMORY] optimizer=exp event=begin call=127 rss_mib=3183.758 swap_mib=0.000 variables=17 pieces=5
[fsm_node-3] [INFO] [1789476954.815429834] [fsm_node]:  -- [OPTIMIZER_PHASE_MEMORY] optimizer=exp event=end call=127 duration_ms=7.889 iterations=541 ret=1 rss_mib=3183.758 swap_mib=0.000 rss_delta_mib=0.000
[fsm_node-3] [INFO] [1789476954.913047863] [fsm_node]:  -- [OPTIMIZER_PHASE_MEMORY] optimizer=backup event=begin call=237 rss_mib=3183.758 swap_mib=0.000 variables=18 pieces=2
[fsm_node-3] [INFO] [1789476954.914030642] [fsm_node]:  -- [OPTIMIZER_PHASE_MEMORY] optimizer=backup event=end call=237 duration_ms=1.027 iterations=145 ret=1 rss_mib=3183.758 swap_mib=0.000 rss_delta_mib=0.000
[fsm_node-3] [INFO] [1789476954.914176645] [fsm_node]:  -- [OPTIMIZER_PHASE_MEMORY] optimizer=backup event=begin call=238 rss_mib=3183.758 swap_mib=0.000 variables=18 pieces=2
[fsm_node-3] [INFO] [1789476954.917110254] [fsm_node]:  -- [OPTIMIZER_PHASE_MEMORY] optimizer=backup event=end call=238 duration_ms=2.927 iterations=432 ret=1 rss_mib=3183.758 swap_mib=0.000 rss_delta_mib=0.000
[fsm_node-3] [WARN] [1789476954.917187165] [fsm_node]:  -- [SUPER] in [ReplanOnce]: Replan overtime, check parameters, replan dt = 0.130789043.
[fsm_node-3] [INFO] [1789476954.942529306] [fsm_node]:  -- [OPTIMIZER_PHASE_MEMORY] optimizer=exp event=begin call=128 rss_mib=3183.758 swap_mib=0.000 variables=17 pieces=5
[fsm_node-3] [INFO] [1789476954.947169203] [fsm_node]:  -- [OPTIMIZER_PHASE_MEMORY] optimizer=exp event=end call=128 duration_ms=4.688 iterations=333 ret=1 rss_mib=3183.758 swap_mib=0.000 rss_delta_mib=0.000
[fsm_node-3] [INFO] [1789476955.039471738] [fsm_node]:  -- [OPTIMIZER_PHASE_MEMORY] optimizer=backup event=begin call=239 rss_mib=3183.758 swap_mib=0.000 variables=18 pieces=2
[fsm_node-3] [INFO] [1789476955.051803443] [fsm_node]:  -- [OPTIMIZER_PHASE_MEMORY] optimizer=backup event=end call=239 duration_ms=12.325 iterations=1361 ret=1 rss_mib=3183.758 swap_mib=0.000 rss_delta_mib=0.000
[fsm_node-3] [INFO] [1789476955.051902788] [fsm_node]:  -- [OPTIMIZER_PHASE_MEMORY] optimizer=backup event=begin call=240 rss_mib=3183.758 swap_mib=0.000 variables=18 pieces=2
[fsm_node-3] [INFO] [1789476955.055388784] [fsm_node]:  -- [OPTIMIZER_PHASE_MEMORY] optimizer=backup event=end call=240 duration_ms=3.483 iterations=514 ret=1 rss_mib=3183.758 swap_mib=0.000 rss_delta_mib=0.000
[fsm_node-3] [WARN] [1789476955.055431633] [fsm_node]:  -- [SUPER] in [ReplanOnce]: Replan overtime, check parameters, replan dt = 0.138027755.
[fsm_node-3] [INFO] [1789476955.081204491] [fsm_node]:  -- [OPTIMIZER_PHASE_MEMORY] optimizer=exp event=begin call=129 rss_mib=3183.758 swap_mib=0.000 variables=17 pieces=5
[fsm_node-3] [INFO] [1789476955.089676457] [fsm_node]:  -- [OPTIMIZER_PHASE_MEMORY] optimizer=exp event=end call=129 duration_ms=8.516 iterations=560 ret=1 rss_mib=3183.758 swap_mib=0.000 rss_delta_mib=0.000
[fsm_node-3]  -- [TRAJ_GUARD_CERT] trigger=main_pre status=SAFE gen=45 map=101 map_age=0.014s map_age_limit=0.540s motion_speed=2.699mps samples=256 range=[0.252,1.523] collision_tt=-1.000 ttc=-1.000 p=[0.000,0.000,0.000]
[fsm_node-3]  -- [TRAJ_GUARD_CERT] trigger=main_pre status=SAFE gen=45 map=102 map_age=0.011s map_age_limit=0.500s motion_speed=5.639mps samples=220 range=[0.432,1.523] collision_tt=-1.000 ttc=-1.000 p=[0.000,0.000,0.000]
[fsm_node-3]  -- [TRAJ_GUARD_CERT] trigger=replan_post status=SAFE gen=45 map=103 map_age=0.006s map_age_limit=0.500s motion_speed=6.839mps samples=180 range=[0.630,1.523] collision_tt=-1.000 ttc=-1.000 p=[0.000,0.000,0.000]
[fsm_node-3] [32m -- [Fsm] Get goal at [0m-23.975000000000001  24.025000000000002   1.525000000000000
[fsm_node-3] [32m -- [Fsm] Receive click goal at: [-23.975000000000001  24.025000000000002   1.525000000000000]; goal yaw: 0.000000000000000 deg[0m
[fsm_node-3] [INFO] [1789476955.180314459] [fsm_node]:  -- [OPTIMIZER_PHASE_MEMORY] optimizer=backup event=begin call=241 rss_mib=3183.758 swap_mib=0.000 variables=18 pieces=2
[fsm_node-3] [INFO] [1789476955.186376029] [fsm_node]:  -- [OPTIMIZER_PHASE_MEMORY] optimizer=backup event=end call=241 duration_ms=6.087 iterations=821 ret=1 rss_mib=3183.758 swap_mib=0.000 rss_delta_mib=0.000
[fsm_node-3] [INFO] [1789476955.186452232] [fsm_node]:  -- [OPTIMIZER_PHASE_MEMORY] optimizer=backup event=begin call=242 rss_mib=3183.758 swap_mib=0.000 variables=18 pieces=2
[fsm_node-3] [INFO] [1789476955.188831621] [fsm_node]:  -- [OPTIMIZER_PHASE_MEMORY] optimizer=backup event=end call=242 duration_ms=2.380 iterations=450 ret=1 rss_mib=3183.758 swap_mib=0.000 rss_delta_mib=0.000
[fsm_node-3] [WARN] [1789476955.188860064] [fsm_node]:  -- [SUPER] in [ReplanOnce]: Replan overtime, check parameters, replan dt = 0.133044422.
[fsm_node-3] [INFO] [1789476955.217529816] [fsm_node]:  -- [OPTIMIZER_PHASE_MEMORY] optimizer=exp event=begin call=130 rss_mib=3183.758 swap_mib=0.000 variables=13 pieces=4
[fsm_node-3] [INFO] [1789476955.224427310] [fsm_node]:  -- [OPTIMIZER_PHASE_MEMORY] optimizer=exp event=end call=130 duration_ms=6.931 iterations=598 ret=1 rss_mib=3183.758 swap_mib=0.000 rss_delta_mib=0.000
[fsm_node-3] [INFO] [1789476955.319041166] [fsm_node]:  -- [OPTIMIZER_PHASE_MEMORY] optimizer=backup event=begin call=243 rss_mib=3183.758 swap_mib=0.000 variables=18 pieces=2
[fsm_node-3] [INFO] [1789476955.320631072] [fsm_node]:  -- [OPTIMIZER_PHASE_MEMORY] optimizer=backup event=end call=243 duration_ms=1.619 iterations=288 ret=1 rss_mib=3183.758 swap_mib=0.000 rss_delta_mib=0.000
[fsm_node-3] [INFO] [1789476955.320715958] [fsm_node]:  -- [OPTIMIZER_PHASE_MEMORY] optimizer=backup event=begin call=244 rss_mib=3183.758 swap_mib=0.000 variables=18 pieces=2
[fsm_node-3] [INFO] [1789476955.332743684] [fsm_node]:  -- [OPTIMIZER_PHASE_MEMORY] optimizer=backup event=end call=244 duration_ms=12.024 iterations=1337 ret=1 rss_mib=3183.758 swap_mib=0.000 rss_delta_mib=0.000
[fsm_node-3] [WARN] [1789476955.332789160] [fsm_node]:  -- [SUPER] in [ReplanOnce]: Replan overtime, check parameters, replan dt = 0.14373293.
[fsm_node-3]  -- [TRAJ_GUARD_CERT] trigger=main_pre status=SAFE gen=45 map=104 map_age=0.009s map_age_limit=0.500s motion_speed=6.943mps samples=138 range=[0.842,1.523] collision_tt=-1.000 ttc=-1.000 p=[0.000,0.000,0.000]
[fsm_node-3] [33m Yaw rate too large, 10.411146105115298[0m
[fsm_node-3] [INFO] [1789476955.354098007] [fsm_node]:  -- [OPTIMIZER_PHASE_MEMORY] optimizer=exp event=begin call=131 rss_mib=3183.758 swap_mib=0.000 variables=9 pieces=3
[fsm_node-3] [INFO] [1789476955.356640954] [fsm_node]:  -- [OPTIMIZER_PHASE_MEMORY] optimizer=exp event=end call=131 duration_ms=2.597 iterations=311 ret=1 rss_mib=3183.758 swap_mib=0.000 rss_delta_mib=0.000
[fsm_node-3] [WARN] [1789476955.439579841] [fsm_node]:  -- [SUPER] in [ReplanOnce]: Replan overtime, check parameters, replan dt = 0.10646828.
[fsm_node-3] [INFO] [1789476955.454883539] [fsm_node]:  -- [OPTIMIZER_PHASE_MEMORY] optimizer=exp event=begin call=132 rss_mib=3183.758 swap_mib=0.000 variables=9 pieces=3
[fsm_node-3] [INFO] [1789476955.456921674] [fsm_node]:  -- [OPTIMIZER_PHASE_MEMORY] optimizer=exp event=end call=132 duration_ms=2.072 iterations=230 ret=1 rss_mib=3183.758 swap_mib=0.000 rss_delta_mib=0.000
[fsm_node-3] [INFO] [1789476955.515475992] [fsm_node]:  -- [TRAJ_GUARD_COMMIT] phase=ReplanOnce/no_backup gen=46 map=105 samples=222 range=[0.075,1.174] escape=false footprint_egress=false escape_done_tt=-1.000
[fsm_node-3]  -- [TRAJ_GUARD_CERT] trigger=main_pre status=SAFE gen=45 map=105 map_age=0.003s map_age_limit=0.500s motion_speed=6.584mps samples=100 range=[1.032,1.523] collision_tt=-1.000 ttc=-1.000 p=[0.000,0.000,0.000]
[fsm_node-3] [32m -- [Fsm] ReplanOnce succeed.[0m
[fsm_node-3] [INFO] [1789476955.530862868] [fsm_node]:  -- [OPTIMIZER_PHASE_MEMORY] optimizer=exp event=begin call=133 rss_mib=3183.758 swap_mib=0.000 variables=9 pieces=3
[fsm_node-3] [INFO] [1789476955.536761761] [fsm_node]:  -- [OPTIMIZER_PHASE_MEMORY] optimizer=exp event=end call=133 duration_ms=5.937 iterations=621 ret=1 rss_mib=3183.758 swap_mib=0.000 rss_delta_mib=0.000
[fsm_node-3]  -- [TRAJ_GUARD_CERT] trigger=poly_publish status=SAFE gen=46 map=105 map_age=0.062s map_age_limit=0.500s motion_speed=6.426mps samples=221 range=[0.076,1.174] collision_tt=-1.000 ttc=-1.000 p=[0.000,0.000,0.000]
[fsm_node-3] [32m -- [Fsm 20.450] Current state: FOLLOW_TRAJ[0m
[fsm_node-3] [INFO] [1789476955.588269397] [fsm_node]:  -- [TRAJ_GUARD_COMMIT] phase=ReplanOnce/no_backup gen=47 map=105 samples=204 range=[0.072,1.079] escape=false footprint_egress=false escape_done_tt=-1.000
[fsm_node-3] [32m -- [Fsm] ReplanOnce succeed.[0m
[fsm_node-3] [INFO] [1789476955.602776275] [fsm_node]:  -- [OPTIMIZER_PHASE_MEMORY] optimizer=exp event=begin call=134 rss_mib=3183.758 swap_mib=0.000 variables=9 pieces=3
[fsm_node-3] [INFO] [1789476955.608968701] [fsm_node]:  -- [OPTIMIZER_PHASE_MEMORY] optimizer=exp event=end call=134 duration_ms=6.247 iterations=643 ret=1 rss_mib=3183.758 swap_mib=0.000 rss_delta_mib=0.000
[fsm_node-3] [INFO] [1789476955.650479712] [fsm_node]:  -- [TRAJ_GUARD_COMMIT] phase=ReplanOnce/no_backup gen=48 map=105 samples=193 range=[0.062,1.015] escape=false footprint_egress=false escape_done_tt=-1.000
[fsm_node-3]  -- [TRAJ_GUARD_CERT] trigger=poly_publish status=SAFE gen=47 map=105 map_age=0.134s map_age_limit=0.500s motion_speed=5.602mps samples=203 range=[0.072,1.079] collision_tt=-1.000 ttc=-1.000 p=[0.000,0.000,0.000]
[fsm_node-3] [32m -- [Fsm] ReplanOnce succeed.[0m
[fsm_node-3] [INFO] [1789476955.664028426] [fsm_node]:  -- [OPTIMIZER_PHASE_MEMORY] optimizer=exp event=begin call=135 rss_mib=3183.758 swap_mib=0.000 variables=9 pieces=3
[fsm_node-3] [INFO] [1789476955.666056872] [fsm_node]:  -- [OPTIMIZER_PHASE_MEMORY] optimizer=exp event=end call=135 duration_ms=2.095 iterations=244 ret=1 rss_mib=3183.758 swap_mib=0.000 rss_delta_mib=0.000
[fsm_node-3] [INFO] [1789476955.700859439] [fsm_node]:  -- [TRAJ_GUARD_COMMIT] phase=ReplanOnce/no_backup gen=49 map=106 samples=182 range=[0.050,0.950] escape=false footprint_egress=false escape_done_tt=-1.000
[fsm_node-3]  -- [TRAJ_GUARD_CERT] trigger=poly_publish status=SAFE gen=48 map=105 map_age=0.197s map_age_limit=0.500s motion_speed=4.828mps samples=192 range=[0.062,1.015] collision_tt=-1.000 ttc=-1.000 p=[0.000,0.000,0.000]
[fsm_node-3]  -- [TRAJ_GUARD_CERT] trigger=main_pre status=SAFE gen=48 map=106 map_age=0.011s map_age_limit=0.500s motion_speed=4.723mps samples=189 range=[0.078,1.015] collision_tt=-1.000 ttc=-1.000 p=[0.000,0.000,0.000]
[fsm_node-3] [32m -- [Fsm] ReplanOnce succeed.[0m
[fsm_node-3] [INFO] [1789476955.721148501] [fsm_node]:  -- [OPTIMIZER_PHASE_MEMORY] optimizer=exp event=begin call=136 rss_mib=3183.758 swap_mib=0.000 variables=9 pieces=3
[fsm_node-3] [INFO] [1789476955.722617810] [fsm_node]:  -- [OPTIMIZER_PHASE_MEMORY] optimizer=exp event=end call=136 duration_ms=1.502 iterations=192 ret=1 rss_mib=3183.758 swap_mib=0.000 rss_delta_mib=0.000
[fsm_node-3] [INFO] [1789476955.751901037] [fsm_node]:  -- [TRAJ_GUARD_COMMIT] phase=ReplanOnce/no_backup gen=50 map=106 samples=171 range=[0.043,0.888] escape=false footprint_egress=false escape_done_tt=-1.000
[fsm_node-3]  -- [TRAJ_GUARD_CERT] trigger=poly_publish status=SAFE gen=49 map=106 map_age=0.045s map_age_limit=0.500s motion_speed=4.427mps samples=181 range=[0.050,0.950] collision_tt=-1.000 ttc=-1.000 p=[0.000,0.000,0.000]
[fsm_node-3] [32m -- [Fsm] ReplanOnce succeed.[0m
[fsm_node-3] [INFO] [1789476955.787394182] [fsm_node]:  -- [OPTIMIZER_PHASE_MEMORY] optimizer=exp event=begin call=137 rss_mib=3183.758 swap_mib=0.000 variables=5 pieces=2
[fsm_node-3] [INFO] [1789476955.787742978] [fsm_node]:  -- [OPTIMIZER_PHASE_MEMORY] optimizer=exp event=end call=137 duration_ms=0.408 iterations=55 ret=1 rss_mib=3183.758 swap_mib=0.000 rss_delta_mib=0.000
[fsm_node-3] [INFO] [1789476955.812528898] [fsm_node]:  -- [TRAJ_GUARD_COMMIT] phase=ReplanOnce/no_backup gen=51 map=106 samples=160 range=[0.037,0.825] escape=false footprint_egress=false escape_done_tt=-1.000
[fsm_node-3]  -- [TRAJ_GUARD_CERT] trigger=poly_publish status=SAFE gen=50 map=106 map_age=0.096s map_age_limit=0.500s motion_speed=4.383mps samples=170 range=[0.043,0.888] collision_tt=-1.000 ttc=-1.000 p=[0.000,0.000,0.000]
[fsm_node-3] [32m -- [Fsm] ReplanOnce succeed.[0m
[fsm_node-3] [INFO] [1789476955.850352046] [fsm_node]:  -- [OPTIMIZER_PHASE_MEMORY] optimizer=exp event=begin call=138 rss_mib=3183.758 swap_mib=0.000 variables=5 pieces=2
[fsm_node-3] [INFO] [1789476955.851210940] [fsm_node]:  -- [OPTIMIZER_PHASE_MEMORY] optimizer=exp event=end call=138 duration_ms=0.902 iterations=153 ret=1 rss_mib=3183.758 swap_mib=0.000 rss_delta_mib=0.000
[fsm_node-3] [INFO] [1789476955.872985300] [fsm_node]:  -- [TRAJ_GUARD_COMMIT] phase=ReplanOnce/no_backup gen=52 map=107 samples=148 range=[0.032,0.758] escape=false footprint_egress=false escape_done_tt=-1.000
[fsm_node-3]  -- [TRAJ_GUARD_CERT] trigger=poly_publish status=SAFE gen=51 map=106 map_age=0.157s map_age_limit=0.500s motion_speed=4.731mps samples=159 range=[0.038,0.825] collision_tt=-1.000 ttc=-1.000 p=[0.000,0.000,0.000]
[fsm_node-3]  -- [TRAJ_GUARD_CERT] trigger=main_pre status=SAFE gen=51 map=107 map_age=0.011s map_age_limit=0.500s motion_speed=5.145mps samples=148 range=[0.092,0.825] collision_tt=-1.000 ttc=-1.000 p=[0.000,0.000,0.000]
[fsm_node-3] [32m -- [Fsm] ReplanOnce succeed.[0m
[fsm_node-3] [INFO] [1789476955.919440705] [fsm_node]:  -- [OPTIMIZER_PHASE_MEMORY] optimizer=exp event=begin call=139 rss_mib=3183.758 swap_mib=0.000 variables=5 pieces=2
[fsm_node-3] [INFO] [1789476955.920388944] [fsm_node]:  -- [OPTIMIZER_PHASE_MEMORY] optimizer=exp event=end call=139 duration_ms=1.013 iterations=173 ret=1 rss_mib=3183.758 swap_mib=0.000 rss_delta_mib=0.000
[fsm_node-3] [INFO] [1789476955.937349170] [fsm_node]:  -- [TRAJ_GUARD_COMMIT] phase=ReplanOnce/no_backup gen=53 map=107 samples=133 range=[0.030,0.684] escape=false footprint_egress=false escape_done_tt=-1.000
[fsm_node-3]  -- [TRAJ_GUARD_CERT] trigger=poly_publish status=SAFE gen=52 map=107 map_age=0.017s map_age_limit=0.500s motion_speed=5.145mps samples=147 range=[0.032,0.758] collision_tt=-1.000 ttc=-1.000 p=[0.000,0.000,0.000]
[fsm_node-3] [32m -- [Fsm] ReplanOnce succeed.[0m
[fsm_node-3] [INFO] [1789476955.978186035] [fsm_node]:  -- [OPTIMIZER_PHASE_MEMORY] optimizer=exp event=begin call=140 rss_mib=3183.758 swap_mib=0.000 variables=5 pieces=2
[fsm_node-3] [INFO] [1789476955.978690334] [fsm_node]:  -- [OPTIMIZER_PHASE_MEMORY] optimizer=exp event=end call=140 duration_ms=0.558 iterations=81 ret=1 rss_mib=3183.758 swap_mib=0.000 rss_delta_mib=0.000
[fsm_node-3] [INFO] [1789476955.992134222] [fsm_node]:  -- [TRAJ_GUARD_COMMIT] phase=ReplanOnce/no_backup gen=54 map=107 samples=123 range=[0.019,0.620] escape=false footprint_egress=false escape_done_tt=-1.000
[fsm_node-3]  -- [TRAJ_GUARD_CERT] trigger=poly_publish status=SAFE gen=53 map=107 map_age=0.081s map_age_limit=0.500s motion_speed=5.700mps samples=132 range=[0.030,0.684] collision_tt=-1.000 ttc=-1.000 p=[0.000,0.000,0.000]
[fsm_node-3] [32m -- [Fsm] ReplanOnce succeed.[0m
[fsm_node-3] [INFO] [1789476956.046574764] [fsm_node]:  -- [OPTIMIZER_PHASE_MEMORY] optimizer=exp event=begin call=141 rss_mib=3183.758 swap_mib=0.000 variables=5 pieces=2
[fsm_node-3] [INFO] [1789476956.047952442] [fsm_node]:  -- [OPTIMIZER_PHASE_MEMORY] optimizer=exp event=end call=141 duration_ms=1.453 iterations=216 ret=1 rss_mib=3183.758 swap_mib=0.000 rss_delta_mib=0.000
[fsm_node-3] [INFO] [1789476956.057168923] [fsm_node]:  -- [TRAJ_GUARD_COMMIT] phase=ReplanOnce/no_backup gen=55 map=107 samples=109 range=[0.018,0.553] escape=false footprint_egress=false escape_done_tt=-1.000
[fsm_node-3]  -- [TRAJ_GUARD_CERT] trigger=poly_publish status=SAFE gen=54 map=107 map_age=0.136s map_age_limit=0.500s motion_speed=5.918mps samples=122 range=[0.019,0.620] collision_tt=-1.000 ttc=-1.000 p=[0.000,0.000,0.000]
[fsm_node-3] [32m -- [Fsm] ReplanOnce succeed.[0m
[fsm_node-3]  -- [TRAJ_GUARD_CERT] trigger=poly_publish status=SAFE gen=55 map=107 map_age=0.201s map_age_limit=0.500s motion_speed=6.023mps samples=108 range=[0.018,0.553] collision_tt=-1.000 ttc=-1.000 p=[0.000,0.000,0.000]
[fsm_node-3]  -- [TRAJ_GUARD_CERT] trigger=replan_post status=SAFE gen=55 map=108 map_age=0.201s map_age_limit=0.500s motion_speed=6.023mps samples=108 range=[0.018,0.553] collision_tt=-1.000 ttc=-1.000 p=[0.000,0.000,0.000]
[fsm_node-3] [32m -- [Fsm] Get goal at [0m-23.975000000000001 -23.975000000000001   1.525000000000000
[fsm_node-3] [32m -- [Fsm] Receive click goal at: [-23.975000000000001 -23.975000000000001   1.525000000000000]; goal yaw: 0.000000000000000 deg[0m
[fsm_node-3] [INFO] [1789476956.127047238] [fsm_node]:  -- [OPTIMIZER_PHASE_MEMORY] optimizer=exp event=begin call=142 rss_mib=3183.758 swap_mib=0.000 variables=17 pieces=5
[fsm_node-3] [INFO] [1789476956.134121111] [fsm_node]:  -- [OPTIMIZER_PHASE_MEMORY] optimizer=exp event=end call=142 duration_ms=7.121 iterations=547 ret=1 rss_mib=3183.758 swap_mib=0.000 rss_delta_mib=0.000
[fsm_node-3] [INFO] [1789476956.239688742] [fsm_node]:  -- [OPTIMIZER_PHASE_MEMORY] optimizer=backup event=begin call=245 rss_mib=3183.758 swap_mib=0.000 variables=18 pieces=2
[fsm_node-3] [INFO] [1789476956.242150046] [fsm_node]:  -- [OPTIMIZER_PHASE_MEMORY] optimizer=backup event=end call=245 duration_ms=2.487 iterations=518 ret=1 rss_mib=3183.758 swap_mib=0.000 rss_delta_mib=0.000
[fsm_node-3] [INFO] [1789476956.242220862] [fsm_node]:  -- [OPTIMIZER_PHASE_MEMORY] optimizer=backup event=begin call=246 rss_mib=3183.758 swap_mib=0.000 variables=18 pieces=2
[fsm_node-3] [INFO] [1789476956.242672722] [fsm_node]:  -- [OPTIMIZER_PHASE_MEMORY] optimizer=backup event=end call=246 duration_ms=0.453 iterations=99 ret=1 rss_mib=3183.758 swap_mib=0.000 rss_delta_mib=0.000
[fsm_node-3] [WARN] [1789476956.242700456] [fsm_node]:  -- [SUPER] in [ReplanOnce]: Replan overtime, check parameters, replan dt = 0.137799772.
[fsm_node-3] [INFO] [1789476956.257526150] [fsm_node]:  -- [OPTIMIZER_PHASE_MEMORY] optimizer=exp event=begin call=143 rss_mib=3183.758 swap_mib=0.000 variables=17 pieces=5
[fsm_node-3] [INFO] [1789476956.265640359] [fsm_node]:  -- [OPTIMIZER_PHASE_MEMORY] optimizer=exp event=end call=143 duration_ms=8.166 iterations=611 ret=1 rss_mib=3183.758 swap_mib=0.000 rss_delta_mib=0.000
[fsm_node-3] [INFO] [1789476956.357126467] [fsm_node]:  -- [OPTIMIZER_PHASE_MEMORY] optimizer=backup event=begin call=247 rss_mib=3183.758 swap_mib=0.000 variables=18 pieces=2
[fsm_node-3] [INFO] [1789476956.362712055] [fsm_node]:  -- [OPTIMIZER_PHASE_MEMORY] optimizer=backup event=end call=247 duration_ms=5.610 iterations=798 ret=1 rss_mib=3183.758 swap_mib=0.000 rss_delta_mib=0.000
[fsm_node-3] [INFO] [1789476956.362777917] [fsm_node]:  -- [OPTIMIZER_PHASE_MEMORY] optimizer=backup event=begin call=248 rss_mib=3183.758 swap_mib=0.000 variables=18 pieces=2
[fsm_node-3] [INFO] [1789476956.366408215] [fsm_node]:  -- [OPTIMIZER_PHASE_MEMORY] optimizer=backup event=end call=248 duration_ms=3.631 iterations=563 ret=1 rss_mib=3183.758 swap_mib=0.000 rss_delta_mib=0.000
[fsm_node-3] [WARN] [1789476956.366437608] [fsm_node]:  -- [SUPER] in [ReplanOnce]: Replan overtime, check parameters, replan dt = 0.123504715.
[fsm_node-3] [INFO] [1789476956.381046016] [fsm_node]:  -- [OPTIMIZER_PHASE_MEMORY] optimizer=exp event=begin call=144 rss_mib=3183.758 swap_mib=0.000 variables=17 pieces=5
[fsm_node-3] [INFO] [1789476956.392590670] [fsm_node]:  -- [OPTIMIZER_PHASE_MEMORY] optimizer=exp event=end call=144 duration_ms=11.553 iterations=835 ret=1 rss_mib=3183.758 swap_mib=0.000 rss_delta_mib=0.000
[fsm_node-3] [INFO] [1789476956.487950177] [fsm_node]:  -- [OPTIMIZER_PHASE_MEMORY] optimizer=backup event=begin call=249 rss_mib=3183.758 swap_mib=0.000 variables=18 pieces=2
[fsm_node-3] [INFO] [1789476956.491655930] [fsm_node]:  -- [OPTIMIZER_PHASE_MEMORY] optimizer=backup event=end call=249 duration_ms=3.763 iterations=622 ret=1 rss_mib=3183.758 swap_mib=0.000 rss_delta_mib=0.000
[fsm_node-3] [INFO] [1789476956.491733476] [fsm_node]:  -- [OPTIMIZER_PHASE_MEMORY] optimizer=backup event=begin call=250 rss_mib=3183.758 swap_mib=0.000 variables=18 pieces=2
[fsm_node-3] [INFO] [1789476956.492269498] [fsm_node]:  -- [OPTIMIZER_PHASE_MEMORY] optimizer=backup event=end call=250 duration_ms=0.538 iterations=118 ret=1 rss_mib=3183.758 swap_mib=0.000 rss_delta_mib=0.000
[fsm_node-3] [WARN] [1789476956.492300402] [fsm_node]:  -- [SUPER] in [ReplanOnce]: Replan overtime, check parameters, replan dt = 0.125593013.
[fsm_node-3] [INFO] [1789476956.492708239] [fsm_node]:  -- [TRAJ_GUARD_COMMIT] phase=ReplanOnce/no_backup gen=56 map=110 samples=22 range=[0.454,0.553] escape=false footprint_egress=false escape_done_tt=-1.000
[fsm_node-3]  -- [TRAJ_GUARD_CERT] trigger=main_pre status=SAFE gen=55 map=109 map_age=0.003s map_age_limit=0.500s motion_speed=4.529mps samples=68 range=[0.218,0.553] collision_tt=-1.000 ttc=-1.000 p=[0.000,0.000,0.000]
[fsm_node-3]  -- [TRAJ_GUARD_CERT] trigger=main_pre status=SAFE gen=55 map=110 map_age=0.007s map_age_limit=0.550s motion_speed=0.758mps samples=26 range=[0.428,0.553] collision_tt=-1.000 ttc=-1.000 p=[0.000,0.000,0.000]
[fsm_node-3] [32m -- [Fsm] ReplanOnce succeed.[0m
[fsm_node-3] [INFO] [1789476956.501154497] [fsm_node]:  -- [TRAJ_GUARD_COMMIT] phase=ReplanOnce/no_backup gen=57 map=110 samples=21 range=[0.462,0.553] escape=false footprint_egress=false escape_done_tt=-1.000
[fsm_node-3]  -- [TRAJ_GUARD_CERT] trigger=poly_publish status=SAFE gen=56 map=110 map_age=0.033s map_age_limit=0.550s motion_speed=0.405mps samples=21 range=[0.454,0.553] collision_tt=-1.000 ttc=-1.000 p=[0.000,0.000,0.000]
[fsm_node-3] [32m -- [Fsm] ReplanOnce succeed.[0m
[fsm_node-3] [INFO] [1789476956.568019875] [fsm_node]:  -- [TRAJ_GUARD_COMMIT] phase=ReplanOnce/no_backup gen=58 map=110 samples=7 range=[0.529,0.553] escape=false footprint_egress=false escape_done_tt=-1.000
[fsm_node-3]  -- [TRAJ_GUARD_CERT] trigger=poly_publish status=SAFE gen=57 map=110 map_age=0.041s map_age_limit=0.550s motion_speed=0.314mps samples=20 range=[0.462,0.553] collision_tt=-1.000 ttc=-1.000 p=[0.000,0.000,0.000]
[fsm_node-3] [32m -- [Fsm] ReplanOnce succeed.[0m
[fsm_node-3]  -- [TRAJ_GUARD_CERT] trigger=poly_publish status=SAFE gen=58 map=110 map_age=0.108s map_age_limit=0.550s motion_speed=0.007mps samples=6 range=[0.529,0.553] collision_tt=-1.000 ttc=-1.000 p=[0.000,0.000,0.000]
[fsm_node-3] [32m -- [Fsm 21.450] Current state: FOLLOW_TRAJ[0m
[fsm_node-3] [32m -- [Fsm] Traj finish.[0m
[fsm_node-3] [INFO] [1789476956.626755717] [fsm_node]:  -- [OPTIMIZER_PHASE_MEMORY] optimizer=exp event=begin call=145 rss_mib=3183.758 swap_mib=0.000 variables=17 pieces=5
[fsm_node-3] [INFO] [1789476956.631162652] [fsm_node]:  -- [OPTIMIZER_PHASE_MEMORY] optimizer=exp event=end call=145 duration_ms=4.436 iterations=361 ret=1 rss_mib=3183.758 swap_mib=0.000 rss_delta_mib=0.000
[fsm_node-3] [INFO] [1789476956.631225373] [fsm_node]:  -- [SUPER] in [PlanFromRest] GenerateExpTrajectory SUCCESS.
[fsm_node-3] [INFO] [1789476956.727672982] [fsm_node]:  -- [OPTIMIZER_PHASE_MEMORY] optimizer=backup event=begin call=251 rss_mib=3188.293 swap_mib=0.000 variables=18 pieces=2
[fsm_node-3] [INFO] [1789476956.736739610] [fsm_node]:  -- [OPTIMIZER_PHASE_MEMORY] optimizer=backup event=end call=251 duration_ms=9.104 iterations=1271 ret=1 rss_mib=3188.293 swap_mib=0.000 rss_delta_mib=0.000
[fsm_node-3] [INFO] [1789476956.736854930] [fsm_node]:  -- [OPTIMIZER_PHASE_MEMORY] optimizer=backup event=begin call=252 rss_mib=3188.293 swap_mib=0.000 variables=18 pieces=2
[fsm_node-3] [INFO] [1789476956.737385263] [fsm_node]:  -- [OPTIMIZER_PHASE_MEMORY] optimizer=backup event=end call=252 duration_ms=0.535 iterations=125 ret=1 rss_mib=3188.293 swap_mib=0.000 rss_delta_mib=0.000
[fsm_node-3] [INFO] [1789476956.737761927] [fsm_node]:  -- [TRAJ_GUARD_COMMIT] phase=PlanFromRest/with_backup gen=59 map=111 samples=278 range=[0.130,1.509] escape=false footprint_egress=false escape_done_tt=-1.000
[fsm_node-3] [INFO] [1789476956.857894378] [fsm_node]:  -- [OPTIMIZER_PHASE_MEMORY] optimizer=exp event=begin call=146 rss_mib=3188.293 swap_mib=0.000 variables=17 pieces=5
[fsm_node-3] [INFO] [1789476956.862436270] [fsm_node]:  -- [OPTIMIZER_PHASE_MEMORY] optimizer=exp event=end call=146 duration_ms=4.596 iterations=355 ret=1 rss_mib=3188.293 swap_mib=0.000 rss_delta_mib=0.000
[fsm_node-3] [INFO] [1789476956.967321723] [fsm_node]:  -- [OPTIMIZER_PHASE_MEMORY] optimizer=backup event=begin call=253 rss_mib=3189.734 swap_mib=0.000 variables=18 pieces=2
[fsm_node-3] [INFO] [1789476956.970801970] [fsm_node]:  -- [OPTIMIZER_PHASE_MEMORY] optimizer=backup event=end call=253 duration_ms=3.533 iterations=581 ret=1 rss_mib=3189.734 swap_mib=0.000 rss_delta_mib=0.000
[fsm_node-3] [INFO] [1789476956.970896212] [fsm_node]:  -- [OPTIMIZER_PHASE_MEMORY] optimizer=backup event=begin call=254 rss_mib=3189.734 swap_mib=0.000 variables=18 pieces=2
[fsm_node-3] [INFO] [1789476956.971620189] [fsm_node]:  -- [OPTIMIZER_PHASE_MEMORY] optimizer=backup event=end call=254 duration_ms=0.724 iterations=165 ret=1 rss_mib=3189.734 swap_mib=0.000 rss_delta_mib=0.000
[fsm_node-3] [WARN] [1789476956.971657669] [fsm_node]:  -- [SUPER] in [ReplanOnce]: Replan overtime, check parameters, replan dt = 0.140668462.
[fsm_node-3] [INFO] [1789476956.991611425] [fsm_node]:  -- [OPTIMIZER_PHASE_MEMORY] optimizer=exp event=begin call=147 rss_mib=3189.734 swap_mib=0.000 variables=17 pieces=5
[fsm_node-3] [INFO] [1789476956.996907498] [fsm_node]:  -- [OPTIMIZER_PHASE_MEMORY] optimizer=exp event=end call=147 duration_ms=5.337 iterations=424 ret=1 rss_mib=3189.734 swap_mib=0.000 rss_delta_mib=0.000
[fsm_node-3] [INFO] [1789476957.092395085] [fsm_node]:  -- [OPTIMIZER_PHASE_MEMORY] optimizer=backup event=begin call=255 rss_mib=3190.609 swap_mib=0.000 variables=18 pieces=2
[fsm_node-3] [INFO] [1789476957.093548112] [fsm_node]:  -- [OPTIMIZER_PHASE_MEMORY] optimizer=backup event=end call=255 duration_ms=1.228 iterations=207 ret=1 rss_mib=3190.609 swap_mib=0.000 rss_delta_mib=0.000
[fsm_node-3] [INFO] [1789476957.093626087] [fsm_node]:  -- [OPTIMIZER_PHASE_MEMORY] optimizer=backup event=begin call=256 rss_mib=3190.609 swap_mib=0.000 variables=18 pieces=2
[fsm_node-3] [INFO] [1789476957.095891735] [fsm_node]:  -- [OPTIMIZER_PHASE_MEMORY] optimizer=backup event=end call=256 duration_ms=2.267 iterations=410 ret=1 rss_mib=3190.609 swap_mib=0.000 rss_delta_mib=0.000
[fsm_node-3] [WARN] [1789476957.095923815] [fsm_node]:  -- [SUPER] in [ReplanOnce]: Replan overtime, check parameters, replan dt = 0.124014365.
[fsm_node-3] [38;2;000;128;000m -- [Fsm]: [PubCmdCallback] change state from [FOLLOW_TRAJ] to [GENERATE_TRAJ].
[fsm_node-3] [0m -- [TRAJ_GUARD_CERT] trigger=poly_publish status=SAFE gen=59 map=111 map_age=0.055s map_age_limit=0.550s motion_speed=0.000mps samples=277 range=[0.131,1.509] collision_tt=-1.000 ttc=-1.000 p=[0.000,0.000,0.000]
[fsm_node-3] [38;2;000;128;000m -- [Fsm]: [MainFsmCallback] change state from [GENERATE_TRAJ] to [FOLLOW_TRAJ].
[fsm_node-3] [0m -- [TRAJ_GUARD_CERT] trigger=main_pre status=SAFE gen=59 map=112 map_age=0.012s map_age_limit=0.504s motion_speed=3.412mps samples=245 range=[0.290,1.509] collision_tt=-1.000 ttc=-1.000 p=[0.000,0.000,0.000]
[fsm_node-3]  -- [TRAJ_GUARD_CERT] trigger=replan_post status=SAFE gen=59 map=113 map_age=0.011s map_age_limit=0.500s motion_speed=6.199mps samples=205 range=[0.489,1.509] collision_tt=-1.000 ttc=-1.000 p=[0.000,0.000,0.000]
[fsm_node-3] [32m -- [Fsm] Get goal at [0m-23.975000000000001 -23.975000000000001   1.525000000000000
[fsm_node-3] [32m -- [Fsm] Receive click goal at: [-23.975000000000001 -23.975000000000001   1.525000000000000]; goal yaw: 0.000000000000000 deg[0m
[fsm_node-3] [INFO] [1789476957.116040577] [fsm_node]:  -- [OPTIMIZER_PHASE_MEMORY] optimizer=exp event=begin call=148 rss_mib=3190.609 swap_mib=0.000 variables=17 pieces=5
[fsm_node-3] [INFO] [1789476957.123890706] [fsm_node]:  -- [OPTIMIZER_PHASE_MEMORY] optimizer=exp event=end call=148 duration_ms=7.888 iterations=558 ret=1 rss_mib=3190.609 swap_mib=0.000 rss_delta_mib=0.000
[fsm_node-3] [INFO] [1789476957.208793053] [fsm_node]:  -- [OPTIMIZER_PHASE_MEMORY] optimizer=backup event=begin call=257 rss_mib=3190.609 swap_mib=0.000 variables=18 pieces=2
[fsm_node-3] [INFO] [1789476957.210764730] [fsm_node]:  -- [OPTIMIZER_PHASE_MEMORY] optimizer=backup event=end call=257 duration_ms=2.010 iterations=353 ret=1 rss_mib=3190.609 swap_mib=0.000 rss_delta_mib=0.000
[fsm_node-3] [INFO] [1789476957.210842024] [fsm_node]:  -- [OPTIMIZER_PHASE_MEMORY] optimizer=backup event=begin call=258 rss_mib=3190.609 swap_mib=0.000 variables=18 pieces=2
[perfect_drone_frontend_node-2] [INFO] [1789476957.213597894] [native_sector_cpp]: frames=240 published=122 kept 23.8% (5910/24783 pts/input-frame)
[fsm_node-3] [INFO] [1789476957.216009473] [fsm_node]:  -- [OPTIMIZER_PHASE_MEMORY] optimizer=backup event=end call=258 duration_ms=5.166 iterations=723 ret=1 rss_mib=3190.609 swap_mib=0.000 rss_delta_mib=0.000
[fsm_node-3] [WARN] [1789476957.216045115] [fsm_node]:  -- [SUPER] in [ReplanOnce]: Replan overtime, check parameters, replan dt = 0.119713345.
[fsm_node-3] [INFO] [1789476957.246014995] [fsm_node]:  -- [OPTIMIZER_PHASE_MEMORY] optimizer=exp event=begin call=149 rss_mib=3190.609 swap_mib=0.000 variables=17 pieces=5
[fsm_node-3] [INFO] [1789476957.253886417] [fsm_node]:  -- [OPTIMIZER_PHASE_MEMORY] optimizer=exp event=end call=149 duration_ms=7.909 iterations=525 ret=1 rss_mib=3190.609 swap_mib=0.000 rss_delta_mib=0.000
[fsm_node-3] [INFO] [1789476957.340646841] [fsm_node]:  -- [OPTIMIZER_PHASE_MEMORY] optimizer=backup event=begin call=259 rss_mib=3190.609 swap_mib=0.000 variables=18 pieces=2
[fsm_node-3] [INFO] [1789476957.352391555] [fsm_node]:  -- [OPTIMIZER_PHASE_MEMORY] optimizer=backup event=end call=259 duration_ms=11.786 iterations=1351 ret=1 rss_mib=3190.609 swap_mib=0.000 rss_delta_mib=0.000
[fsm_node-3] [INFO] [1789476957.352490455] [fsm_node]:  -- [OPTIMIZER_PHASE_MEMORY] optimizer=backup event=begin call=260 rss_mib=3190.609 swap_mib=0.000 variables=18 pieces=2
[fsm_node-3] [INFO] [1789476957.355259987] [fsm_node]:  -- [OPTIMIZER_PHASE_MEMORY] optimizer=backup event=end call=260 duration_ms=2.772 iterations=459 ret=1 rss_mib=3190.609 swap_mib=0.000 rss_delta_mib=0.000
[fsm_node-3] [WARN] [1789476957.355296546] [fsm_node]:  -- [SUPER] in [ReplanOnce]: Replan overtime, check parameters, replan dt = 0.138960026.
[fsm_node-3] [INFO] [1789476957.391131536] [fsm_node]:  -- [OPTIMIZER_PHASE_MEMORY] optimizer=exp event=begin call=150 rss_mib=3190.609 swap_mib=0.000 variables=17 pieces=5
[fsm_node-3] [INFO] [1789476957.398772814] [fsm_node]:  -- [OPTIMIZER_PHASE_MEMORY] optimizer=exp event=end call=150 duration_ms=7.689 iterations=512 ret=1 rss_mib=3190.609 swap_mib=0.000 rss_delta_mib=0.000
[fsm_node-3] [INFO] [1789476957.490010578] [fsm_node]:  -- [OPTIMIZER_PHASE_MEMORY] optimizer=backup event=begin call=261 rss_mib=3190.609 swap_mib=0.000 variables=26 pieces=2
[fsm_node-3] [INFO] [1789476957.490457276] [fsm_node]:  -- [OPTIMIZER_PHASE_MEMORY] optimizer=backup event=end call=261 duration_ms=0.503 iterations=75 ret=1 rss_mib=3190.609 swap_mib=0.000 rss_delta_mib=0.000
[fsm_node-3] [INFO] [1789476957.490548042] [fsm_node]:  -- [OPTIMIZER_PHASE_MEMORY] optimizer=backup event=begin call=262 rss_mib=3190.609 swap_mib=0.000 variables=26 pieces=2
[fsm_node-3] [INFO] [1789476957.493471083] [fsm_node]:  -- [OPTIMIZER_PHASE_MEMORY] optimizer=backup event=end call=262 duration_ms=2.922 iterations=460 ret=1 rss_mib=3190.609 swap_mib=0.000 rss_delta_mib=0.000
[fsm_node-3] [WARN] [1789476957.493506654] [fsm_node]:  -- [SUPER] in [ReplanOnce]: Replan overtime, check parameters, replan dt = 0.137990088.
[fsm_node-3] [INFO] [1789476957.520915449] [fsm_node]:  -- [OPTIMIZER_PHASE_MEMORY] optimizer=exp event=begin call=151 rss_mib=3190.609 swap_mib=0.000 variables=13 pieces=4
[fsm_node-3] [INFO] [1789476957.523378337] [fsm_node]:  -- [OPTIMIZER_PHASE_MEMORY] optimizer=exp event=end call=151 duration_ms=2.493 iterations=226 ret=1 rss_mib=3190.609 swap_mib=0.000 rss_delta_mib=0.000
[fsm_node-3]  -- [TRAJ_GUARD_CERT] trigger=main_pre status=SAFE gen=59 map=114 map_age=0.004s map_age_limit=0.500s motion_speed=6.925mps samples=173 range=[0.650,1.509] collision_tt=-1.000 ttc=-1.000 p=[0.000,0.000,0.000]
[fsm_node-3]  -- [TRAJ_GUARD_CERT] trigger=main_pre status=SAFE gen=59 map=115 map_age=0.003s map_age_limit=0.500s motion_speed=6.995mps samples=133 range=[0.850,1.509] collision_tt=-1.000 ttc=-1.000 p=[0.000,0.000,0.000]
[fsm_node-3] [32m -- [Fsm 22.460] Current state: FOLLOW_TRAJ[0m
[fsm_node-3] [INFO] [1789476957.618590284] [fsm_node]:  -- [OPTIMIZER_PHASE_MEMORY] optimizer=backup event=begin call=263 rss_mib=3190.609 swap_mib=0.000 variables=38 pieces=2
[fsm_node-3] [INFO] [1789476957.621194035] [fsm_node]:  -- [OPTIMIZER_PHASE_MEMORY] optimizer=backup event=end call=263 duration_ms=2.659 iterations=292 ret=1 rss_mib=3190.609 swap_mib=0.000 rss_delta_mib=0.000
[fsm_node-3] [INFO] [1789476957.621366731] [fsm_node]:  -- [OPTIMIZER_PHASE_MEMORY] optimizer=backup event=begin call=264 rss_mib=3190.609 swap_mib=0.000 variables=38 pieces=2
[fsm_node-3] [INFO] [1789476957.623719125] [fsm_node]:  -- [OPTIMIZER_PHASE_MEMORY] optimizer=backup event=end call=264 duration_ms=2.354 iterations=265 ret=1 rss_mib=3190.609 swap_mib=0.000 rss_delta_mib=0.000
[fsm_node-3] [WARN] [1789476957.623752853] [fsm_node]:  -- [SUPER] in [ReplanOnce]: Replan overtime, check parameters, replan dt = 0.129966916.
[fsm_node-3] [INFO] [1789476957.646022484] [fsm_node]:  -- [OPTIMIZER_PHASE_MEMORY] optimizer=exp event=begin call=152 rss_mib=3190.609 swap_mib=0.000 variables=17 pieces=5
[fsm_node-3] [INFO] [1789476957.714198623] [fsm_node]:  -- [OPTIMIZER_PHASE_MEMORY] optimizer=exp event=end call=152 duration_ms=68.182 iterations=4449 ret=-1008 rss_mib=3190.609 swap_mib=0.000 rss_delta_mib=0.000
[fsm_node-3] [WARN] [1789476957.714268222] [fsm_node]:  -- [SUPER] OptimizationExpTrajInPolytopes for new path failed
[fsm_node-3] [WARN] [1789476957.714280226] [fsm_node]:  -- [SUPER] in [ReplanOnce]: GenerateExpTrajectory failed, force return
[fsm_node-3]  -- [TRAJ_GUARD_CERT] trigger=main_pre status=SAFE gen=59 map=116 map_age=0.011s map_age_limit=0.500s motion_speed=6.898mps samples=91 range=[1.060,1.509] collision_tt=-1.000 ttc=-1.000 p=[0.000,0.000,0.000]
[fsm_node-3] [33m -- [MINCO] TrajOpt failed, The algorithm routine reaches the maximum number of iterations.[0m
[fsm_node-3] [33m -- [SUPER] Minco exp_traj opt failed.[0m
[fsm_node-3] [INFO] [1789476957.738914763] [fsm_node]:  -- [OPTIMIZER_PHASE_MEMORY] optimizer=exp event=begin call=153 rss_mib=3190.609 swap_mib=0.000 variables=17 pieces=5
[fsm_node-3] [INFO] [1789476957.743259470] [fsm_node]:  -- [OPTIMIZER_PHASE_MEMORY] optimizer=exp event=end call=153 duration_ms=4.379 iterations=299 ret=1 rss_mib=3190.609 swap_mib=0.000 rss_delta_mib=0.000
[fsm_node-3] [INFO] [1789476957.841234082] [fsm_node]:  -- [OPTIMIZER_PHASE_MEMORY] optimizer=backup event=begin call=265 rss_mib=3190.609 swap_mib=0.000 variables=26 pieces=2
[fsm_node-3] [INFO] [1789476957.843258653] [fsm_node]:  -- [OPTIMIZER_PHASE_MEMORY] optimizer=backup event=end call=265 duration_ms=2.087 iterations=337 ret=1 rss_mib=3190.609 swap_mib=0.000 rss_delta_mib=0.000
[fsm_node-3] [INFO] [1789476957.843391978] [fsm_node]:  -- [OPTIMIZER_PHASE_MEMORY] optimizer=backup event=begin call=266 rss_mib=3190.609 swap_mib=0.000 variables=26 pieces=2
[fsm_node-3] [INFO] [1789476957.859160525] [fsm_node]:  -- [OPTIMIZER_PHASE_MEMORY] optimizer=backup event=end call=266 duration_ms=15.721 iterations=1730 ret=1 rss_mib=3190.609 swap_mib=0.000 rss_delta_mib=0.000
[fsm_node-3] [WARN] [1789476957.859228365] [fsm_node]:  -- [SUPER] in [ReplanOnce]: Replan overtime, check parameters, replan dt = 0.144664179.
[fsm_node-3] [INFO] [1789476957.879745387] [fsm_node]:  -- [OPTIMIZER_PHASE_MEMORY] optimizer=exp event=begin call=154 rss_mib=3190.609 swap_mib=0.000 variables=17 pieces=5
[fsm_node-3] [INFO] [1789476957.895574657] [fsm_node]:  -- [OPTIMIZER_PHASE_MEMORY] optimizer=exp event=end call=154 duration_ms=15.863 iterations=1069 ret=1 rss_mib=3190.609 swap_mib=0.000 rss_delta_mib=0.000
[fsm_node-3] [INFO] [1789476957.983108496] [fsm_node]:  -- [OPTIMIZER_PHASE_MEMORY] optimizer=backup event=begin call=267 rss_mib=3190.609 swap_mib=0.000 variables=46 pieces=2
[fsm_node-3] [INFO] [1789476957.984387247] [fsm_node]:  -- [OPTIMIZER_PHASE_MEMORY] optimizer=backup event=end call=267 duration_ms=1.333 iterations=182 ret=1 rss_mib=3190.609 swap_mib=0.000 rss_delta_mib=0.000
[fsm_node-3] [INFO] [1789476957.984533723] [fsm_node]:  -- [OPTIMIZER_PHASE_MEMORY] optimizer=backup event=begin call=268 rss_mib=3190.609 swap_mib=0.000 variables=46 pieces=2
[fsm_node-3] [INFO] [1789476957.985779234] [fsm_node]:  -- [OPTIMIZER_PHASE_MEMORY] optimizer=backup event=end call=268 duration_ms=1.246 iterations=170 ret=1 rss_mib=3190.609 swap_mib=0.000 rss_delta_mib=0.000
[fsm_node-3] [WARN] [1789476957.985812783] [fsm_node]:  -- [SUPER] in [ReplanOnce]: Replan overtime, check parameters, replan dt = 0.126282374.
[fsm_node-3] [INFO] [1789476958.006575435] [fsm_node]:  -- [OPTIMIZER_PHASE_MEMORY] optimizer=exp event=begin call=155 rss_mib=3190.609 swap_mib=0.000 variables=17 pieces=5
[fsm_node-3] [INFO] [1789476958.011623404] [fsm_node]:  -- [OPTIMIZER_PHASE_MEMORY] optimizer=exp event=end call=155 duration_ms=5.099 iterations=372 ret=1 rss_mib=3190.609 swap_mib=0.000 rss_delta_mib=0.000
[fsm_node-3] [INFO] [1789476958.091573170] [fsm_node]:  -- [OPTIMIZER_PHASE_MEMORY] optimizer=backup event=begin call=269 rss_mib=3190.609 swap_mib=0.000 variables=34 pieces=2
[fsm_node-3] [INFO] [1789476958.093435376] [fsm_node]:  -- [OPTIMIZER_PHASE_MEMORY] optimizer=backup event=end call=269 duration_ms=1.883 iterations=273 ret=1 rss_mib=3190.609 swap_mib=0.000 rss_delta_mib=0.000
[fsm_node-3] [INFO] [1789476958.093542694] [fsm_node]:  -- [OPTIMIZER_PHASE_MEMORY] optimizer=backup event=begin call=270 rss_mib=3190.609 swap_mib=0.000 variables=34 pieces=2
[fsm_node-3] [INFO] [1789476958.096588500] [fsm_node]:  -- [OPTIMIZER_PHASE_MEMORY] optimizer=backup event=end call=270 duration_ms=3.046 iterations=415 ret=1 rss_mib=3190.609 swap_mib=0.000 rss_delta_mib=0.000
[fsm_node-3] [WARN] [1789476958.096621675] [fsm_node]:  -- [SUPER] in [ReplanOnce]: Replan overtime, check parameters, replan dt = 0.110633594.
[fsm_node-3] [INFO] [1789476958.097831965] [fsm_node]:  -- [TRAJ_GUARD_COMMIT] phase=ReplanOnce/no_backup gen=60 map=118 samples=34 range=[1.491,1.649] escape=false footprint_egress=false escape_done_tt=-1.000
[fsm_node-3]  -- [TRAJ_GUARD_CERT] trigger=main_pre status=SAFE gen=59 map=117 map_age=0.008s map_age_limit=0.500s motion_speed=3.765mps samples=51 range=[1.260,1.509] collision_tt=-1.000 ttc=-1.000 p=[0.000,0.000,0.000]
[fsm_node-3]  -- [TRAJ_GUARD_CERT] trigger=main_pre status=SAFE gen=59 map=118 map_age=0.004s map_age_limit=0.550s motion_speed=0.331mps samples=13 range=[1.450,1.509] collision_tt=-1.000 ttc=-1.000 p=[0.000,0.000,0.000]
[fsm_node-3] [32m -- [Fsm] ReplanOnce succeed.[0m
[fsm_node-3]  -- [TRAJ_GUARD_CERT] trigger=poly_publish status=SAFE gen=60 map=118 map_age=0.045s map_age_limit=0.550s motion_speed=0.010mps samples=33 range=[1.491,1.649] collision_tt=-1.000 ttc=-1.000 p=[0.000,0.000,0.000]
[fsm_node-3] [32m -- [Fsm] Get goal at [0m-23.975000000000001 -23.975000000000001   1.525000000000000
[fsm_node-3] [32m -- [Fsm] Receive click goal at: [-23.975000000000001 -23.975000000000001   1.525000000000000]; goal yaw: 0.000000000000000 deg[0m
[perfect_drone_frontend_node-2] [INFO] [1789476958.138501268] [perfect_tracking]: [SENSOR_CADENCE_SUMMARY] frames=250 span_s=24.903507 hz=9.998592 raw_published=0 direct_handoffs=250 payload_bytes=195486816 side_entry_v1_enabled=0 side_entry_v1_spawned=0 side_entry_v1_injected_frames=0
[perfect_drone_frontend_node-2] [INFO] [1789476958.138564490] [perfect_tracking]: [SENSOR_BURST_DROPOUT_SUMMARY] enabled=0 warmup_s=1.000000 period_s=2.000000 duration_s=0.500000 phase_s=0.000000 phase_env_override=0 rendered=250 delivered=250 dropped=0 bursts=0 max_consecutive_dropped=0 max_delivered_gap_s=0.104637 dropped_payload_bytes=0
[fsm_node-3] [INFO] [1789476958.179799713] [fsm_node]:  -- [OPTIMIZER_PHASE_MEMORY] optimizer=exp event=begin call=156 rss_mib=3190.609 swap_mib=0.000 variables=17 pieces=5
[fsm_node-3] [INFO] [1789476958.184104237] [fsm_node]:  -- [OPTIMIZER_PHASE_MEMORY] optimizer=exp event=end call=156 duration_ms=4.366 iterations=323 ret=1 rss_mib=3190.609 swap_mib=0.000 rss_delta_mib=0.000
[fsm_node-3]  -- [TRAJ_GUARD_CERT] trigger=main_pre status=SAFE gen=60 map=119 map_age=0.003s map_age_limit=0.550s motion_speed=0.000mps samples=1 range=[1.649,1.649] collision_tt=-1.000 ttc=-1.000 p=[0.000,0.000,0.000]
[fsm_node-3] [32m -- [Fsm] Traj finish.[0m
[fsm_node-3] [INFO] [1789476958.284518917] [fsm_node]:  -- [OPTIMIZER_PHASE_MEMORY] optimizer=backup event=begin call=271 rss_mib=3190.609 swap_mib=0.000 variables=26 pieces=2
[fsm_node-3] [INFO] [1789476958.292396681] [fsm_node]:  -- [OPTIMIZER_PHASE_MEMORY] optimizer=backup event=end call=271 duration_ms=7.917 iterations=958 ret=1 rss_mib=3190.609 swap_mib=0.000 rss_delta_mib=0.000
[fsm_node-3] [INFO] [1789476958.292510846] [fsm_node]:  -- [OPTIMIZER_PHASE_MEMORY] optimizer=backup event=begin call=272 rss_mib=3190.609 swap_mib=0.000 variables=26 pieces=2
[fsm_node-3] [INFO] [1789476958.296828698] [fsm_node]:  -- [OPTIMIZER_PHASE_MEMORY] optimizer=backup event=end call=272 duration_ms=4.318 iterations=580 ret=1 rss_mib=3190.609 swap_mib=0.000 rss_delta_mib=0.000
[fsm_node-3] [WARN] [1789476958.296860176] [fsm_node]:  -- [SUPER] in [ReplanOnce]: Replan overtime, check parameters, replan dt = 0.145968239.
[fsm_node-3] [WARN] [1789476958.297024988] [fsm_node]:  -- [TRAJ_GUARD_RECOVERY_EPISODE_RESET] reason=horizontal_progress progress=7.075m threshold=2.000m prior_local=0 prior_vertical=0 prior_base=0
[fsm_node-3] [INFO] [1789476958.318229329] [fsm_node]:  -- [OPTIMIZER_PHASE_MEMORY] optimizer=exp event=begin call=157 rss_mib=3190.609 swap_mib=0.000 variables=13 pieces=4
[fsm_node-3] [INFO] [1789476958.322521937] [fsm_node]:  -- [OPTIMIZER_PHASE_MEMORY] optimizer=exp event=end call=157 duration_ms=4.330 iterations=402 ret=1 rss_mib=3190.609 swap_mib=0.000 rss_delta_mib=0.000
[fsm_node-3] [INFO] [1789476958.322559560] [fsm_node]:  -- [SUPER] in [PlanFromRest] GenerateExpTrajectory SUCCESS.
[fsm_node-3] [INFO] [1789476958.376833793] [fsm_node]:  -- [OPTIMIZER_PHASE_MEMORY] optimizer=backup event=begin call=273 rss_mib=3190.609 swap_mib=0.000 variables=40 pieces=2
[fsm_node-3] [INFO] [1789476958.379548993] [fsm_node]:  -- [OPTIMIZER_PHASE_MEMORY] optimizer=backup event=end call=273 duration_ms=2.729 iterations=402 ret=1 rss_mib=3190.609 swap_mib=0.000 rss_delta_mib=0.000
[fsm_node-3] [INFO] [1789476958.379678046] [fsm_node]:  -- [OPTIMIZER_PHASE_MEMORY] optimizer=backup event=begin call=274 rss_mib=3190.609 swap_mib=0.000 variables=40 pieces=2
[fsm_node-3] [INFO] [1789476958.381427369] [fsm_node]:  -- [OPTIMIZER_PHASE_MEMORY] optimizer=backup event=end call=274 duration_ms=1.745 iterations=258 ret=1 rss_mib=3190.609 swap_mib=0.000 rss_delta_mib=0.000
[fsm_node-3] [INFO] [1789476958.381736601] [fsm_node]:  -- [TRAJ_GUARD_COMMIT] phase=PlanFromRest/with_backup gen=61 map=119 samples=228 range=[0.084,1.213] escape=false footprint_egress=false escape_done_tt=-1.000
[fsm_node-3] [INFO] [1789476958.503835439] [fsm_node]:  -- [OPTIMIZER_PHASE_MEMORY] optimizer=exp event=begin call=158 rss_mib=3190.609 swap_mib=0.000 variables=17 pieces=5
[fsm_node-3] [INFO] [1789476958.509031259] [fsm_node]:  -- [OPTIMIZER_PHASE_MEMORY] optimizer=exp event=end call=158 duration_ms=5.251 iterations=393 ret=1 rss_mib=3190.609 swap_mib=0.000 rss_delta_mib=0.000
[fsm_node-3] [38;2;000;128;000m -- [Fsm]: [PubCmdCallback] change state from [FOLLOW_TRAJ] to [GENERATE_TRAJ].
[fsm_node-3] [0m -- [TRAJ_GUARD_CERT] trigger=poly_publish status=SAFE gen=61 map=119 map_age=0.128s map_age_limit=0.550s motion_speed=0.000mps samples=227 range=[0.085,1.213] collision_tt=-1.000 ttc=-1.000 p=[0.000,0.000,0.000]
[fsm_node-3] [38;2;000;128;000m -- [Fsm]: [MainFsmCallback] change state from [GENERATE_TRAJ] to [FOLLOW_TRAJ].
[fsm_node-3] [0m -- [TRAJ_GUARD_CERT] trigger=main_pre status=SAFE gen=61 map=120 map_age=0.007s map_age_limit=0.550s motion_speed=0.761mps samples=212 range=[0.160,1.213] collision_tt=-1.000 ttc=-1.000 p=[0.000,0.000,0.000]
[fsm_node-3] [32m -- [Fsm 23.460] Current state: FOLLOW_TRAJ[0m
[fsm_node-3] [INFO] [1789476958.606324943] [fsm_node]:  -- [OPTIMIZER_PHASE_MEMORY] optimizer=backup event=begin call=275 rss_mib=3190.609 swap_mib=0.000 variables=30 pieces=2
[fsm_node-3] [INFO] [1789476958.609623716] [fsm_node]:  -- [OPTIMIZER_PHASE_MEMORY] optimizer=backup event=end call=275 duration_ms=3.349 iterations=522 ret=1 rss_mib=3190.609 swap_mib=0.000 rss_delta_mib=0.000
[fsm_node-3] [INFO] [1789476958.609718381] [fsm_node]:  -- [OPTIMIZER_PHASE_MEMORY] optimizer=backup event=begin call=276 rss_mib=3190.609 swap_mib=0.000 variables=30 pieces=2
[fsm_node-3] [INFO] [1789476958.611417083] [fsm_node]:  -- [OPTIMIZER_PHASE_MEMORY] optimizer=backup event=end call=276 duration_ms=1.698 iterations=293 ret=1 rss_mib=3190.609 swap_mib=0.000 rss_delta_mib=0.000
[fsm_node-3] [WARN] [1789476958.611448838] [fsm_node]:  -- [SUPER] in [ReplanOnce]: Replan overtime, check parameters, replan dt = 0.130642586.
[fsm_node-3] [INFO] [1789476958.631347950] [fsm_node]:  -- [OPTIMIZER_PHASE_MEMORY] optimizer=exp event=begin call=159 rss_mib=3190.609 swap_mib=0.000 variables=17 pieces=5
[fsm_node-3] [INFO] [1789476958.648762803] [fsm_node]:  -- [OPTIMIZER_PHASE_MEMORY] optimizer=exp event=end call=159 duration_ms=17.421 iterations=1210 ret=1 rss_mib=3190.609 swap_mib=0.000 rss_delta_mib=0.000
[fsm_node-3] [INFO] [1789476958.729241707] [fsm_node]:  -- [OPTIMIZER_PHASE_MEMORY] optimizer=backup event=begin call=277 rss_mib=3190.609 swap_mib=0.000 variables=58 pieces=2
[fsm_node-3] [INFO] [1789476958.733892606] [fsm_node]:  -- [OPTIMIZER_PHASE_MEMORY] optimizer=backup event=end call=277 duration_ms=4.688 iterations=441 ret=1 rss_mib=3190.609 swap_mib=0.000 rss_delta_mib=0.000
[fsm_node-3] [INFO] [1789476958.734057216] [fsm_node]:  -- [OPTIMIZER_PHASE_MEMORY] optimizer=backup event=begin call=278 rss_mib=3190.609 swap_mib=0.000 variables=58 pieces=2
[fsm_node-3] [INFO] [1789476958.738030335] [fsm_node]:  -- [OPTIMIZER_PHASE_MEMORY] optimizer=backup event=end call=278 duration_ms=3.936 iterations=373 ret=1 rss_mib=3190.609 swap_mib=0.000 rss_delta_mib=0.000
[fsm_node-3] [WARN] [1789476958.738093920] [fsm_node]:  -- [SUPER] in [ReplanOnce]: Replan overtime, check parameters, replan dt = 0.12647839.
[fsm_node-3] [INFO] [1789476958.764237574] [fsm_node]:  -- [OPTIMIZER_PHASE_MEMORY] optimizer=exp event=begin call=160 rss_mib=3190.609 swap_mib=0.000 variables=17 pieces=5
[fsm_node-3] [INFO] [1789476958.783349123] [fsm_node]:  -- [OPTIMIZER_PHASE_MEMORY] optimizer=exp event=end call=160 duration_ms=19.130 iterations=1239 ret=1 rss_mib=3190.609 swap_mib=0.000 rss_delta_mib=0.000
[fsm_node-3] [INFO] [1789476958.835173798] [fsm_node]:  -- [OPTIMIZER_PHASE_MEMORY] optimizer=backup event=begin call=279 rss_mib=3190.609 swap_mib=0.000 variables=38 pieces=2
[fsm_node-3] [INFO] [1789476958.836274186] [fsm_node]:  -- [OPTIMIZER_PHASE_MEMORY] optimizer=backup event=end call=279 duration_ms=1.146 iterations=160 ret=1 rss_mib=3190.609 swap_mib=0.000 rss_delta_mib=0.000
[fsm_node-3] [INFO] [1789476958.836365705] [fsm_node]:  -- [OPTIMIZER_PHASE_MEMORY] optimizer=backup event=begin call=280 rss_mib=3190.609 swap_mib=0.000 variables=38 pieces=2
[fsm_node-3] [INFO] [1789476958.843811989] [fsm_node]:  -- [OPTIMIZER_PHASE_MEMORY] optimizer=backup event=end call=280 duration_ms=7.428 iterations=775 ret=1 rss_mib=3190.609 swap_mib=0.000 rss_delta_mib=0.000
[fsm_node-3] [WARN] [1789476958.843863590] [fsm_node]:  -- [SUPER] in [ReplanOnce]: Replan overtime, check parameters, replan dt = 0.105481803.
[fsm_node-3] [INFO] [1789476958.869055120] [fsm_node]:  -- [OPTIMIZER_PHASE_MEMORY] optimizer=exp event=begin call=161 rss_mib=3190.609 swap_mib=0.000 variables=17 pieces=5
[fsm_node-3] [INFO] [1789476958.875720193] [fsm_node]:  -- [OPTIMIZER_PHASE_MEMORY] optimizer=exp event=end call=161 duration_ms=6.706 iterations=487 ret=1 rss_mib=3190.609 swap_mib=0.000 rss_delta_mib=0.000
[fsm_node-3] [INFO] [1789476958.913133099] [fsm_node]:  -- [OPTIMIZER_PHASE_MEMORY] optimizer=backup event=begin call=281 rss_mib=3190.609 swap_mib=0.000 variables=18 pieces=2
[fsm_node-3] [INFO] [1789476958.916287823] [fsm_node]:  -- [OPTIMIZER_PHASE_MEMORY] optimizer=backup event=end call=281 duration_ms=3.182 iterations=472 ret=1 rss_mib=3190.609 swap_mib=0.000 rss_delta_mib=0.000
[fsm_node-3] [INFO] [1789476958.916374360] [fsm_node]:  -- [OPTIMIZER_PHASE_MEMORY] optimizer=backup event=begin call=282 rss_mib=3190.609 swap_mib=0.000 variables=18 pieces=2
[fsm_node-3] [INFO] [1789476958.916763465] [fsm_node]:  -- [OPTIMIZER_PHASE_MEMORY] optimizer=backup event=end call=282 duration_ms=0.388 iterations=70 ret=1 rss_mib=3190.609 swap_mib=0.000 rss_delta_mib=0.000
[fsm_node-3] [INFO] [1789476958.917027911] [fsm_node]:  -- [TRAJ_GUARD_COMMIT] phase=ReplanOnce/with_backup gen=62 map=122 samples=158 range=[0.073,0.852] escape=false footprint_egress=false escape_done_tt=-1.000
[fsm_node-3]  -- [TRAJ_GUARD_CERT] trigger=main_pre status=SAFE gen=61 map=121 map_age=0.005s map_age_limit=0.500s motion_speed=4.238mps samples=172 range=[0.360,1.213] collision_tt=-1.000 ttc=-1.000 p=[0.000,0.000,0.000]
[fsm_node-3]  -- [TRAJ_GUARD_CERT] trigger=main_pre status=SAFE gen=61 map=122 map_age=0.011s map_age_limit=0.500s motion_speed=6.865mps samples=130 range=[0.570,1.213] collision_tt=-1.000 ttc=-1.000 p=[0.000,0.000,0.000]
[fsm_node-3] [32m -- [Fsm] ReplanOnce succeed.[0m
[fsm_node-3] [INFO] [1789476958.936766253] [fsm_node]:  -- [OPTIMIZER_PHASE_MEMORY] optimizer=exp event=begin call=162 rss_mib=3190.609 swap_mib=0.000 variables=17 pieces=5
[fsm_node-3] [INFO] [1789476958.941992833] [fsm_node]:  -- [OPTIMIZER_PHASE_MEMORY] optimizer=exp event=end call=162 duration_ms=5.250 iterations=397 ret=1 rss_mib=3190.609 swap_mib=0.000 rss_delta_mib=0.000
[fsm_node-3] [INFO] [1789476959.045945429] [fsm_node]:  -- [OPTIMIZER_PHASE_MEMORY] optimizer=backup event=begin call=283 rss_mib=3190.777 swap_mib=0.000 variables=50 pieces=2
[fsm_node-3] [INFO] [1789476959.048247176] [fsm_node]:  -- [OPTIMIZER_PHASE_MEMORY] optimizer=backup event=end call=283 duration_ms=2.347 iterations=221 ret=1 rss_mib=3190.777 swap_mib=0.000 rss_delta_mib=0.000
[fsm_node-3] [INFO] [1789476959.048379119] [fsm_node]:  -- [OPTIMIZER_PHASE_MEMORY] optimizer=backup event=begin call=284 rss_mib=3190.777 swap_mib=0.000 variables=50 pieces=2
[fsm_node-3] [INFO] [1789476959.052735267] [fsm_node]:  -- [OPTIMIZER_PHASE_MEMORY] optimizer=backup event=end call=284 duration_ms=4.354 iterations=365 ret=1 rss_mib=3190.777 swap_mib=0.000 rss_delta_mib=0.000
[fsm_node-3] [WARN] [1789476959.052775731] [fsm_node]:  -- [SUPER] in [ReplanOnce]: Replan overtime, check parameters, replan dt = 0.135434434.
[fsm_node-3] [INFO] [1789476959.071365648] [fsm_node]:  -- [OPTIMIZER_PHASE_MEMORY] optimizer=exp event=begin call=163 rss_mib=3190.777 swap_mib=0.000 variables=17 pieces=5
[fsm_node-3] [INFO] [1789476959.076564012] [fsm_node]:  -- [OPTIMIZER_PHASE_MEMORY] optimizer=exp event=end call=163 duration_ms=5.283 iterations=383 ret=1 rss_mib=3190.777 swap_mib=0.000 rss_delta_mib=0.000
[fsm_node-3]  -- [TRAJ_GUARD_CERT] trigger=poly_publish status=SAFE gen=62 map=122 map_age=0.061s map_age_limit=0.500s motion_speed=6.943mps samples=157 range=[0.073,0.852] collision_tt=-1.000 ttc=-1.000 p=[0.000,0.000,0.000]
[fsm_node-3]  -- [TRAJ_GUARD_CERT] trigger=main_pre status=SAFE gen=62 map=123 map_age=0.008s map_age_limit=0.500s motion_speed=6.546mps samples=125 range=[0.233,0.852] collision_tt=-1.000 ttc=-1.000 p=[0.000,0.000,0.000]
[fsm_node-3] [32m -- [Fsm] Get goal at [0m-23.975000000000001 -23.975000000000001   1.525000000000000
[fsm_node-3] [32m -- [Fsm] Receive click goal at: [-23.975000000000001 -23.975000000000001   1.525000000000000]; goal yaw: 0.000000000000000 deg[0m
[fsm_node-3] [INFO] [1789476959.185810010] [fsm_node]:  -- [OPTIMIZER_PHASE_MEMORY] optimizer=backup event=begin call=285 rss_mib=3190.777 swap_mib=0.000 variables=22 pieces=2
[fsm_node-3] [INFO] [1789476959.186966761] [fsm_node]:  -- [OPTIMIZER_PHASE_MEMORY] optimizer=backup event=end call=285 duration_ms=1.192 iterations=214 ret=1 rss_mib=3190.777 swap_mib=0.000 rss_delta_mib=0.000
[fsm_node-3] [INFO] [1789476959.187065369] [fsm_node]:  -- [OPTIMIZER_PHASE_MEMORY] optimizer=backup event=begin call=286 rss_mib=3190.777 swap_mib=0.000 variables=22 pieces=2
[fsm_node-3] [INFO] [1789476959.190644568] [fsm_node]:  -- [OPTIMIZER_PHASE_MEMORY] optimizer=backup event=end call=286 duration_ms=3.579 iterations=518 ret=1 rss_mib=3190.777 swap_mib=0.000 rss_delta_mib=0.000
[fsm_node-3] [WARN] [1789476959.190681681] [fsm_node]:  -- [SUPER] in [ReplanOnce]: Replan overtime, check parameters, replan dt = 0.137579966.
[fsm_node-3] [INFO] [1789476959.206596132] [fsm_node]:  -- [OPTIMIZER_PHASE_MEMORY] optimizer=exp event=begin call=164 rss_mib=3190.777 swap_mib=0.000 variables=13 pieces=4
[fsm_node-3] [INFO] [1789476959.209259219] [fsm_node]:  -- [OPTIMIZER_PHASE_MEMORY] optimizer=exp event=end call=164 duration_ms=2.688 iterations=259 ret=1 rss_mib=3190.777 swap_mib=0.000 rss_delta_mib=0.000
[fsm_node-3] [INFO] [1789476959.307892967] [fsm_node]:  -- [OPTIMIZER_PHASE_MEMORY] optimizer=backup event=begin call=287 rss_mib=3190.777 swap_mib=0.000 variables=38 pieces=2
[fsm_node-3] [INFO] [1789476959.309551362] [fsm_node]:  -- [OPTIMIZER_PHASE_MEMORY] optimizer=backup event=end call=287 duration_ms=1.702 iterations=241 ret=1 rss_mib=3190.777 swap_mib=0.000 rss_delta_mib=0.000
[fsm_node-3] [INFO] [1789476959.309664656] [fsm_node]:  -- [OPTIMIZER_PHASE_MEMORY] optimizer=backup event=begin call=288 rss_mib=3190.777 swap_mib=0.000 variables=38 pieces=2
[fsm_node-3] [INFO] [1789476959.313148326] [fsm_node]:  -- [OPTIMIZER_PHASE_MEMORY] optimizer=backup event=end call=288 duration_ms=3.485 iterations=529 ret=1 rss_mib=3190.777 swap_mib=0.000 rss_delta_mib=0.000
[fsm_node-3] [WARN] [1789476959.313181423] [fsm_node]:  -- [SUPER] in [ReplanOnce]: Replan overtime, check parameters, replan dt = 0.122293268.
[fsm_node-3] [INFO] [1789476959.328844487] [fsm_node]:  -- [OPTIMIZER_PHASE_MEMORY] optimizer=exp event=begin call=165 rss_mib=3190.777 swap_mib=0.000 variables=17 pieces=5
[fsm_node-3] [INFO] [1789476959.332701129] [fsm_node]:  -- [OPTIMIZER_PHASE_MEMORY] optimizer=exp event=end call=165 duration_ms=3.885 iterations=297 ret=1 rss_mib=3190.777 swap_mib=0.000 rss_delta_mib=0.000
[fsm_node-3] [INFO] [1789476959.416568421] [fsm_node]:  -- [OPTIMIZER_PHASE_MEMORY] optimizer=backup event=begin call=289 rss_mib=3190.777 swap_mib=0.000 variables=26 pieces=2
[fsm_node-3] [INFO] [1789476959.418683627] [fsm_node]:  -- [OPTIMIZER_PHASE_MEMORY] optimizer=backup event=end call=289 duration_ms=2.170 iterations=342 ret=1 rss_mib=3190.777 swap_mib=0.000 rss_delta_mib=0.000
[fsm_node-3] [INFO] [1789476959.418796337] [fsm_node]:  -- [OPTIMIZER_PHASE_MEMORY] optimizer=backup event=begin call=290 rss_mib=3190.777 swap_mib=0.000 variables=26 pieces=2
[fsm_node-3] [INFO] [1789476959.420036513] [fsm_node]:  -- [OPTIMIZER_PHASE_MEMORY] optimizer=backup event=end call=290 duration_ms=1.242 iterations=213 ret=1 rss_mib=3190.777 swap_mib=0.000 rss_delta_mib=0.000
[fsm_node-3] [WARN] [1789476959.420069693] [fsm_node]:  -- [SUPER] in [ReplanOnce]: Replan overtime, check parameters, replan dt = 0.106631522.
[fsm_node-3] [INFO] [1789476959.435130187] [fsm_node]:  -- [OPTIMIZER_PHASE_MEMORY] optimizer=exp event=begin call=166 rss_mib=3190.777 swap_mib=0.000 variables=17 pieces=5
[fsm_node-3] [INFO] [1789476959.474667266] [fsm_node]:  -- [OPTIMIZER_PHASE_MEMORY] optimizer=exp event=end call=166 duration_ms=39.529 iterations=2547 ret=1 rss_mib=3190.777 swap_mib=0.000 rss_delta_mib=0.000
[fsm_node-3] [INFO] [1789476959.571987906] [fsm_node]:  -- [OPTIMIZER_PHASE_MEMORY] optimizer=backup event=begin call=291 rss_mib=3190.777 swap_mib=0.000 variables=22 pieces=2
[fsm_node-3] [INFO] [1789476959.574214613] [fsm_node]:  -- [OPTIMIZER_PHASE_MEMORY] optimizer=backup event=end call=291 duration_ms=2.286 iterations=389 ret=1 rss_mib=3190.777 swap_mib=0.000 rss_delta_mib=0.000
[fsm_node-3] [INFO] [1789476959.574303340] [fsm_node]:  -- [OPTIMIZER_PHASE_MEMORY] optimizer=backup event=begin call=292 rss_mib=3190.777 swap_mib=0.000 variables=22 pieces=2
[fsm_node-3] [INFO] [1789476959.577744813] [fsm_node]:  -- [OPTIMIZER_PHASE_MEMORY] optimizer=backup event=end call=292 duration_ms=3.440 iterations=489 ret=1 rss_mib=3190.777 swap_mib=0.000 rss_delta_mib=0.000
[fsm_node-3] [WARN] [1789476959.577781954] [fsm_node]:  -- [SUPER] in [ReplanOnce]: Replan overtime, check parameters, replan dt = 0.157356479.
[fsm_node-3]  -- [TRAJ_GUARD_CERT] trigger=main_pre status=SAFE gen=62 map=124 map_age=0.007s map_age_limit=0.500s motion_speed=6.531mps samples=85 range=[0.433,0.852] collision_tt=-1.000 ttc=-1.000 p=[0.000,0.000,0.000]
[fsm_node-3]  -- [TRAJ_GUARD_CERT] trigger=main_post status=SAFE gen=62 map=125 map_age=0.003s map_age_limit=0.532s motion_speed=2.861mps samples=43 range=[0.643,0.852] collision_tt=-1.000 ttc=-1.000 p=[0.000,0.000,0.000]
[fsm_node-3] [32m -- [Fsm 24.460] Current state: FOLLOW_TRAJ[0m
[fsm_node-3] [INFO] [1789476959.592451059] [fsm_node]:  -- [OPTIMIZER_PHASE_MEMORY] optimizer=exp event=begin call=167 rss_mib=3190.777 swap_mib=0.000 variables=17 pieces=5
[fsm_node-3] [INFO] [1789476959.597304539] [fsm_node]:  -- [OPTIMIZER_PHASE_MEMORY] optimizer=exp event=end call=167 duration_ms=4.885 iterations=363 ret=1 rss_mib=3190.777 swap_mib=0.000 rss_delta_mib=0.000
[fsm_node-3] [INFO] [1789476959.692125265] [fsm_node]:  -- [OPTIMIZER_PHASE_MEMORY] optimizer=backup event=begin call=293 rss_mib=3190.781 swap_mib=0.000 variables=22 pieces=2
[fsm_node-3] [INFO] [1789476959.696383521] [fsm_node]:  -- [OPTIMIZER_PHASE_MEMORY] optimizer=backup event=end call=293 duration_ms=4.302 iterations=630 ret=1 rss_mib=3190.781 swap_mib=0.000 rss_delta_mib=0.000
[fsm_node-3] [INFO] [1789476959.696469595] [fsm_node]:  -- [OPTIMIZER_PHASE_MEMORY] optimizer=backup event=begin call=294 rss_mib=3190.781 swap_mib=0.000 variables=22 pieces=2
[fsm_node-3] [INFO] [1789476959.696998701] [fsm_node]:  -- [OPTIMIZER_PHASE_MEMORY] optimizer=backup event=end call=294 duration_ms=0.528 iterations=107 ret=1 rss_mib=3190.781 swap_mib=0.000 rss_delta_mib=0.000
[fsm_node-3] [WARN] [1789476959.697038545] [fsm_node]:  -- [SUPER] in [ReplanOnce]: Replan overtime, check parameters, replan dt = 0.118880926.
[fsm_node-3]  -- [TRAJ_GUARD_CERT] trigger=main_pre status=SAFE gen=62 map=126 map_age=0.011s map_age_limit=0.550s motion_speed=0.088mps samples=7 range=[0.823,0.852] collision_tt=-1.000 ttc=-1.000 p=[0.000,0.000,0.000]
[fsm_node-3] [32m -- [Fsm] Traj finish.[0m
[fsm_node-3] [WARN] [1789476959.706821584] [fsm_node]:  -- [TRAJ_GUARD_RECOVERY_EPISODE_RESET] reason=horizontal_progress progress=5.495m threshold=2.000m prior_local=0 prior_vertical=0 prior_base=0
[fsm_node-3] [INFO] [1789476959.721240370] [fsm_node]:  -- [OPTIMIZER_PHASE_MEMORY] optimizer=exp event=begin call=168 rss_mib=3190.781 swap_mib=0.000 variables=17 pieces=5
[fsm_node-3] [INFO] [1789476959.724292051] [fsm_node]:  -- [OPTIMIZER_PHASE_MEMORY] optimizer=exp event=end call=168 duration_ms=3.086 iterations=237 ret=1 rss_mib=3190.781 swap_mib=0.000 rss_delta_mib=0.000
[fsm_node-3] [INFO] [1789476959.724361477] [fsm_node]:  -- [SUPER] in [PlanFromRest] GenerateExpTrajectory SUCCESS.
[fsm_node-3] [INFO] [1789476959.801624792] [fsm_node]:  -- [OPTIMIZER_PHASE_MEMORY] optimizer=backup event=begin call=295 rss_mib=3190.781 swap_mib=0.000 variables=36 pieces=2
[fsm_node-3] [INFO] [1789476959.803036660] [fsm_node]:  -- [OPTIMIZER_PHASE_MEMORY] optimizer=backup event=end call=295 duration_ms=1.445 iterations=204 ret=1 rss_mib=3190.781 swap_mib=0.000 rss_delta_mib=0.000
[fsm_node-3] [INFO] [1789476959.803153695] [fsm_node]:  -- [OPTIMIZER_PHASE_MEMORY] optimizer=backup event=begin call=296 rss_mib=3190.781 swap_mib=0.000 variables=36 pieces=2
[fsm_node-3] [INFO] [1789476959.804961648] [fsm_node]:  -- [OPTIMIZER_PHASE_MEMORY] optimizer=backup event=end call=296 duration_ms=1.809 iterations=266 ret=1 rss_mib=3190.781 swap_mib=0.000 rss_delta_mib=0.000
[fsm_node-3] [WARN] [1789476959.805542085] [fsm_node]:  -- [TRAJ_GUARD_VIABILITY_SLOWDOWN] phase=PlanFromRest/with_backup gen=63 scale=1.250 retries=1
[fsm_node-3] [INFO] [1789476959.805551875] [fsm_node]:  -- [TRAJ_GUARD_COMMIT] phase=PlanFromRest/with_backup gen=63 map=126 samples=315 range=[0.098,1.663] escape=false footprint_egress=false escape_done_tt=-1.000
[fsm_node-3] [INFO] [1789476959.955352437] [fsm_node]:  -- [OPTIMIZER_PHASE_MEMORY] optimizer=exp event=begin call=169 rss_mib=3190.781 swap_mib=0.000 variables=17 pieces=5
[fsm_node-3] [INFO] [1789476959.963457244] [fsm_node]:  -- [OPTIMIZER_PHASE_MEMORY] optimizer=exp event=end call=169 duration_ms=8.110 iterations=550 ret=1 rss_mib=3190.781 swap_mib=0.000 rss_delta_mib=0.000
[fsm_node-3] [INFO] [1789476960.064369347] [fsm_node]:  -- [OPTIMIZER_PHASE_MEMORY] optimizer=backup event=begin call=297 rss_mib=3190.906 swap_mib=0.000 variables=18 pieces=2
[fsm_node-3] [INFO] [1789476960.065064287] [fsm_node]:  -- [OPTIMIZER_PHASE_MEMORY] optimizer=backup event=end call=297 duration_ms=0.758 iterations=126 ret=1 rss_mib=3190.906 swap_mib=0.000 rss_delta_mib=0.000
[fsm_node-3] [INFO] [1789476960.065154054] [fsm_node]:  -- [OPTIMIZER_PHASE_MEMORY] optimizer=backup event=begin call=298 rss_mib=3190.906 swap_mib=0.000 variables=18 pieces=2
[fsm_node-3] [INFO] [1789476960.071519272] [fsm_node]:  -- [OPTIMIZER_PHASE_MEMORY] optimizer=backup event=end call=298 duration_ms=6.354 iterations=800 ret=1 rss_mib=3190.906 swap_mib=0.000 rss_delta_mib=0.000
[fsm_node-3] [WARN] [1789476960.071571287] [fsm_node]:  -- [SUPER] in [ReplanOnce]: Replan overtime, check parameters, replan dt = 0.138654875.
[fsm_node-3] [INFO] [1789476960.092816986] [fsm_node]:  -- [OPTIMIZER_PHASE_MEMORY] optimizer=exp event=begin call=170 rss_mib=3190.906 swap_mib=0.000 variables=17 pieces=5
[fsm_node-3] [INFO] [1789476960.096775589] [fsm_node]:  -- [OPTIMIZER_PHASE_MEMORY] optimizer=exp event=end call=170 duration_ms=3.999 iterations=305 ret=1 rss_mib=3190.906 swap_mib=0.000 rss_delta_mib=0.000
[fsm_node-3] [38;2;000;128;000m -- [Fsm]: [PubCmdCallback] change state from [FOLLOW_TRAJ] to [GENERATE_TRAJ].
[fsm_node-3] [0m -- [TRAJ_GUARD_CERT] trigger=poly_publish status=SAFE gen=63 map=126 map_age=0.150s map_age_limit=0.550s motion_speed=0.000mps samples=314 range=[0.099,1.663] collision_tt=-1.000 ttc=-1.000 p=[0.000,0.000,0.000]
[fsm_node-3] [38;2;000;128;000m -- [Fsm]: [MainFsmCallback] change state from [GENERATE_TRAJ] to [FOLLOW_TRAJ].
[fsm_node-3] [0m -- [TRAJ_GUARD_CERT] trigger=main_pre status=SAFE gen=63 map=127 map_age=0.005s map_age_limit=0.550s motion_speed=0.365mps samples=304 range=[0.150,1.663] collision_tt=-1.000 ttc=-1.000 p=[0.000,0.000,0.000]
[fsm_node-3]  -- [TRAJ_GUARD_CERT] trigger=replan_post status=SAFE gen=63 map=128 map_age=0.005s map_age_limit=0.535s motion_speed=2.795mps samples=261 range=[0.365,1.663] collision_tt=-1.000 ttc=-1.000 p=[0.000,0.000,0.000]
[fsm_node-3] [32m -- [Fsm] Get goal at [0m-23.975000000000001 -23.975000000000001   1.525000000000000
[fsm_node-3] [32m -- [Fsm] Receive click goal at: [-23.975000000000001 -23.975000000000001   1.525000000000000]; goal yaw: 0.000000000000000 deg[0m
[fsm_node-3] [INFO] [1789476960.198992007] [fsm_node]:  -- [OPTIMIZER_PHASE_MEMORY] optimizer=backup event=begin call=299 rss_mib=3190.906 swap_mib=0.000 variables=18 pieces=2
[fsm_node-3] [INFO] [1789476960.199698261] [fsm_node]:  -- [OPTIMIZER_PHASE_MEMORY] optimizer=backup event=end call=299 duration_ms=0.773 iterations=130 ret=1 rss_mib=3190.906 swap_mib=0.000 rss_delta_mib=0.000
[fsm_node-3] [INFO] [1789476960.199788150] [fsm_node]:  -- [OPTIMIZER_PHASE_MEMORY] optimizer=backup event=begin call=300 rss_mib=3190.906 swap_mib=0.000 variables=18 pieces=2
[fsm_node-3] [INFO] [1789476960.203851867] [fsm_node]:  -- [OPTIMIZER_PHASE_MEMORY] optimizer=backup event=end call=300 duration_ms=4.064 iterations=578 ret=1 rss_mib=3190.906 swap_mib=0.000 rss_delta_mib=0.000
[fsm_node-3] [WARN] [1789476960.203886400] [fsm_node]:  -- [SUPER] in [ReplanOnce]: Replan overtime, check parameters, replan dt = 0.131962869.
[fsm_node-3] [INFO] [1789476960.218925939] [fsm_node]:  -- [OPTIMIZER_PHASE_MEMORY] optimizer=exp event=begin call=171 rss_mib=3190.906 swap_mib=0.000 variables=17 pieces=5
[fsm_node-3] [INFO] [1789476960.225538165] [fsm_node]:  -- [OPTIMIZER_PHASE_MEMORY] optimizer=exp event=end call=171 duration_ms=6.642 iterations=465 ret=1 rss_mib=3190.906 swap_mib=0.000 rss_delta_mib=0.000
[fsm_node-3] [INFO] [1789476960.324328237] [fsm_node]:  -- [OPTIMIZER_PHASE_MEMORY] optimizer=backup event=begin call=301 rss_mib=3190.938 swap_mib=0.000 variables=22 pieces=2
[fsm_node-3] [INFO] [1789476960.325566068] [fsm_node]:  -- [OPTIMIZER_PHASE_MEMORY] optimizer=backup event=end call=301 duration_ms=1.300 iterations=234 ret=1 rss_mib=3190.938 swap_mib=0.000 rss_delta_mib=0.000
[fsm_node-3] [INFO] [1789476960.325648118] [fsm_node]:  -- [OPTIMIZER_PHASE_MEMORY] optimizer=backup event=begin call=302 rss_mib=3190.938 swap_mib=0.000 variables=22 pieces=2
[fsm_node-3] [INFO] [1789476960.330253581] [fsm_node]:  -- [OPTIMIZER_PHASE_MEMORY] optimizer=backup event=end call=302 duration_ms=4.605 iterations=670 ret=1 rss_mib=3190.938 swap_mib=0.000 rss_delta_mib=0.000
[fsm_node-3] [WARN] [1789476960.330290285] [fsm_node]:  -- [SUPER] in [ReplanOnce]: Replan overtime, check parameters, replan dt = 0.126027059.
[fsm_node-3] [INFO] [1789476960.362677105] [fsm_node]:  -- [OPTIMIZER_PHASE_MEMORY] optimizer=exp event=begin call=172 rss_mib=3190.938 swap_mib=0.000 variables=17 pieces=5
[fsm_node-3] [INFO] [1789476960.382950286] [fsm_node]:  -- [OPTIMIZER_PHASE_MEMORY] optimizer=exp event=end call=172 duration_ms=20.317 iterations=1302 ret=1 rss_mib=3190.938 swap_mib=0.000 rss_delta_mib=0.000
[fsm_node-3] [INFO] [1789476960.481681562] [fsm_node]:  -- [OPTIMIZER_PHASE_MEMORY] optimizer=backup event=begin call=303 rss_mib=3190.938 swap_mib=0.000 variables=22 pieces=2
[fsm_node-3] [INFO] [1789476960.483762858] [fsm_node]:  -- [OPTIMIZER_PHASE_MEMORY] optimizer=backup event=end call=303 duration_ms=2.120 iterations=397 ret=1 rss_mib=3190.938 swap_mib=0.000 rss_delta_mib=0.000
[fsm_node-3] [INFO] [1789476960.483851539] [fsm_node]:  -- [OPTIMIZER_PHASE_MEMORY] optimizer=backup event=begin call=304 rss_mib=3190.938 swap_mib=0.000 variables=22 pieces=2
[fsm_node-3] [INFO] [1789476960.486532739] [fsm_node]:  -- [OPTIMIZER_PHASE_MEMORY] optimizer=backup event=end call=304 duration_ms=2.682 iterations=430 ret=1 rss_mib=3190.938 swap_mib=0.000 rss_delta_mib=0.000
[fsm_node-3] [WARN] [1789476960.486568693] [fsm_node]:  -- [SUPER] in [ReplanOnce]: Replan overtime, check parameters, replan dt = 0.155944166.
[fsm_node-3] [INFO] [1789476960.520995601] [fsm_node]:  -- [OPTIMIZER_PHASE_MEMORY] optimizer=exp event=begin call=173 rss_mib=3190.938 swap_mib=0.000 variables=21 pieces=6
[fsm_node-3] [INFO] [1789476960.531175029] [fsm_node]:  -- [OPTIMIZER_PHASE_MEMORY] optimizer=exp event=end call=173 duration_ms=10.199 iterations=550 ret=1 rss_mib=3190.938 swap_mib=0.000 rss_delta_mib=0.000
[fsm_node-3]  -- [TRAJ_GUARD_CERT] trigger=main_pre status=SAFE gen=63 map=129 map_age=0.004s map_age_limit=0.500s motion_speed=4.657mps samples=224 range=[0.550,1.663] collision_tt=-1.000 ttc=-1.000 p=[0.000,0.000,0.000]
[fsm_node-3]  -- [TRAJ_GUARD_CERT] trigger=main_pre status=SAFE gen=63 map=130 map_age=0.010s map_age_limit=0.500s motion_speed=5.564mps samples=182 range=[0.760,1.663] collision_tt=-1.000 ttc=-1.000 p=[0.000,0.000,0.000]
[fsm_node-3] [32m -- [Fsm 25.470] Current state: FOLLOW_TRAJ[0m
[fsm_node-3] [INFO] [1789476960.622963417] [fsm_node]:  -- [OPTIMIZER_PHASE_MEMORY] optimizer=backup event=begin call=305 rss_mib=3191.035 swap_mib=0.000 variables=52 pieces=2
[fsm_node-3] [INFO] [1789476960.644455211] [fsm_node]:  -- [OPTIMIZER_PHASE_MEMORY] optimizer=backup event=end call=305 duration_ms=21.506 iterations=743 ret=1 rss_mib=3191.035 swap_mib=0.000 rss_delta_mib=0.000
[fsm_node-3] [INFO] [1789476960.644704114] [fsm_node]:  -- [OPTIMIZER_PHASE_MEMORY] optimizer=backup event=begin call=306 rss_mib=3191.035 swap_mib=0.000 variables=52 pieces=2
[fsm_node-3] [INFO] [1789476960.649175502] [fsm_node]:  -- [OPTIMIZER_PHASE_MEMORY] optimizer=backup event=end call=306 duration_ms=4.469 iterations=179 ret=1 rss_mib=3191.035 swap_mib=0.000 rss_delta_mib=0.000
[fsm_node-3] [WARN] [1789476960.649217006] [fsm_node]:  -- [SUPER] in [ReplanOnce]: Replan overtime, check parameters, replan dt = 0.162419738.
[fsm_node-3] [INFO] [1789476960.674007603] [fsm_node]:  -- [OPTIMIZER_PHASE_MEMORY] optimizer=exp event=begin call=174 rss_mib=3191.035 swap_mib=0.000 variables=17 pieces=5
[fsm_node-3] [INFO] [1789476960.684921362] [fsm_node]:  -- [OPTIMIZER_PHASE_MEMORY] optimizer=exp event=end call=174 duration_ms=10.962 iterations=730 ret=1 rss_mib=3191.035 swap_mib=0.000 rss_delta_mib=0.000
[fsm_node-3] [INFO] [1789476960.784525765] [fsm_node]:  -- [OPTIMIZER_PHASE_MEMORY] optimizer=backup event=begin call=307 rss_mib=3191.035 swap_mib=0.000 variables=56 pieces=2
[fsm_node-3] [INFO] [1789476960.819368301] [fsm_node]:  -- [OPTIMIZER_PHASE_MEMORY] optimizer=backup event=end call=307 duration_ms=34.877 iterations=1561 ret=1 rss_mib=3191.035 swap_mib=0.000 rss_delta_mib=0.000
[fsm_node-3] [INFO] [1789476960.819559611] [fsm_node]:  -- [OPTIMIZER_PHASE_MEMORY] optimizer=backup event=begin call=308 rss_mib=3191.035 swap_mib=0.000 variables=56 pieces=2
[fsm_node-3] [INFO] [1789476960.822970118] [fsm_node]:  -- [OPTIMIZER_PHASE_MEMORY] optimizer=backup event=end call=308 duration_ms=3.412 iterations=213 ret=1 rss_mib=3191.035 swap_mib=0.000 rss_delta_mib=0.000
[fsm_node-3] [WARN] [1789476960.823034293] [fsm_node]:  -- [SUPER] in [ReplanOnce]: Replan overtime, check parameters, replan dt = 0.17344774.
[fsm_node-3] [INFO] [1789476960.846464480] [fsm_node]:  -- [OPTIMIZER_PHASE_MEMORY] optimizer=exp event=begin call=175 rss_mib=3191.035 swap_mib=0.000 variables=13 pieces=4
[fsm_node-3] [INFO] [1789476960.848598223] [fsm_node]:  -- [OPTIMIZER_PHASE_MEMORY] optimizer=exp event=end call=175 duration_ms=2.191 iterations=173 ret=1 rss_mib=3191.035 swap_mib=0.000 rss_delta_mib=0.000
[fsm_node-3] [INFO] [1789476960.952431049] [fsm_node]:  -- [OPTIMIZER_PHASE_MEMORY] optimizer=backup event=begin call=309 rss_mib=3191.035 swap_mib=0.000 variables=44 pieces=2
[fsm_node-3] [INFO] [1789476960.953642786] [fsm_node]:  -- [OPTIMIZER_PHASE_MEMORY] optimizer=backup event=end call=309 duration_ms=1.278 iterations=154 ret=1 rss_mib=3191.035 swap_mib=0.000 rss_delta_mib=0.000
[fsm_node-3] [INFO] [1789476960.953796352] [fsm_node]:  -- [OPTIMIZER_PHASE_MEMORY] optimizer=backup event=begin call=310 rss_mib=3191.035 swap_mib=0.000 variables=44 pieces=2
[fsm_node-3] [INFO] [1789476960.955105211] [fsm_node]:  -- [OPTIMIZER_PHASE_MEMORY] optimizer=backup event=end call=310 duration_ms=1.310 iterations=177 ret=1 rss_mib=3191.035 swap_mib=0.000 rss_delta_mib=0.000
[fsm_node-3] [WARN] [1789476960.955140144] [fsm_node]:  -- [SUPER] in [ReplanOnce]: Replan overtime, check parameters, replan dt = 0.131866961.
[fsm_node-3] [INFO] [1789476960.976560150] [fsm_node]:  -- [OPTIMIZER_PHASE_MEMORY] optimizer=exp event=begin call=176 rss_mib=3191.035 swap_mib=0.000 variables=13 pieces=4
[fsm_node-3] [INFO] [1789476960.980743223] [fsm_node]:  -- [OPTIMIZER_PHASE_MEMORY] optimizer=exp event=end call=176 duration_ms=4.218 iterations=381 ret=1 rss_mib=3191.035 swap_mib=0.000 rss_delta_mib=0.000
[fsm_node-3] [INFO] [1789476961.082829490] [fsm_node]:  -- [OPTIMIZER_PHASE_MEMORY] optimizer=backup event=begin call=311 rss_mib=3191.035 swap_mib=0.000 variables=42 pieces=2
[fsm_node-3] [INFO] [1789476961.084052803] [fsm_node]:  -- [OPTIMIZER_PHASE_MEMORY] optimizer=backup event=end call=311 duration_ms=1.296 iterations=165 ret=1 rss_mib=3191.035 swap_mib=0.000 rss_delta_mib=0.000
[fsm_node-3] [INFO] [1789476961.084214369] [fsm_node]:  -- [OPTIMIZER_PHASE_MEMORY] optimizer=backup event=begin call=312 rss_mib=3191.035 swap_mib=0.000 variables=42 pieces=2
[fsm_node-3] [INFO] [1789476961.086803188] [fsm_node]:  -- [OPTIMIZER_PHASE_MEMORY] optimizer=backup event=end call=312 duration_ms=2.588 iterations=387 ret=1 rss_mib=3191.035 swap_mib=0.000 rss_delta_mib=0.000
[fsm_node-3] [WARN] [1789476961.086843235] [fsm_node]:  -- [SUPER] in [ReplanOnce]: Replan overtime, check parameters, replan dt = 0.131480738.
[fsm_node-3] [INFO] [1789476961.111072705] [fsm_node]:  -- [OPTIMIZER_PHASE_MEMORY] optimizer=exp event=begin call=177 rss_mib=3191.035 swap_mib=0.000 variables=13 pieces=4
[fsm_node-3] [INFO] [1789476961.119407857] [fsm_node]:  -- [OPTIMIZER_PHASE_MEMORY] optimizer=exp event=end call=177 duration_ms=8.353 iterations=610 ret=1 rss_mib=3191.035 swap_mib=0.000 rss_delta_mib=0.000
[fsm_node-3]  -- [TRAJ_GUARD_CERT] trigger=main_pre status=SAFE gen=63 map=131 map_age=0.008s map_age_limit=0.500s motion_speed=5.472mps samples=142 range=[0.960,1.663] collision_tt=-1.000 ttc=-1.000 p=[0.000,0.000,0.000]
[fsm_node-3]  -- [TRAJ_GUARD_CERT] trigger=main_pre status=SAFE gen=63 map=132 map_age=0.009s map_age_limit=0.500s motion_speed=5.197mps samples=102 range=[1.160,1.663] collision_tt=-1.000 ttc=-1.000 p=[0.000,0.000,0.000]
[fsm_node-3]  -- [TRAJ_GUARD_CERT] trigger=main_pre status=SAFE gen=63 map=133 map_age=0.005s map_age_limit=0.537s motion_speed=2.764mps samples=60 range=[1.370,1.663] collision_tt=-1.000 ttc=-1.000 p=[0.000,0.000,0.000]
[fsm_node-3] [32m -- [Fsm] Get goal at [0m-23.975000000000001 -23.975000000000001   1.525000000000000
[fsm_node-3] [32m -- [Fsm] Receive click goal at: [-23.975000000000001 -23.975000000000001   1.525000000000000]; goal yaw: 0.000000000000000 deg[0m
[fsm_node-3] [INFO] [1789476961.221328019] [fsm_node]:  -- [OPTIMIZER_PHASE_MEMORY] optimizer=backup event=begin call=313 rss_mib=3191.035 swap_mib=0.000 variables=38 pieces=2
[fsm_node-3] [INFO] [1789476961.223197736] [fsm_node]:  -- [OPTIMIZER_PHASE_MEMORY] optimizer=backup event=end call=313 duration_ms=1.930 iterations=213 ret=1 rss_mib=3191.035 swap_mib=0.000 rss_delta_mib=0.000
[fsm_node-3] [INFO] [1789476961.223316314] [fsm_node]:  -- [OPTIMIZER_PHASE_MEMORY] optimizer=backup event=begin call=314 rss_mib=3191.035 swap_mib=0.000 variables=38 pieces=2
[fsm_node-3] [INFO] [1789476961.225772118] [fsm_node]:  -- [OPTIMIZER_PHASE_MEMORY] optimizer=backup event=end call=314 duration_ms=2.458 iterations=294 ret=1 rss_mib=3191.035 swap_mib=0.000 rss_delta_mib=0.000
[fsm_node-3] [WARN] [1789476961.225816305] [fsm_node]:  -- [SUPER] in [ReplanOnce]: Replan overtime, check parameters, replan dt = 0.138854487.
[fsm_node-3] [INFO] [1789476961.246976100] [fsm_node]:  -- [OPTIMIZER_PHASE_MEMORY] optimizer=exp event=begin call=178 rss_mib=3191.035 swap_mib=0.000 variables=17 pieces=5
[fsm_node-3] [INFO] [1789476961.255983804] [fsm_node]:  -- [OPTIMIZER_PHASE_MEMORY] optimizer=exp event=end call=178 duration_ms=9.074 iterations=607 ret=1 rss_mib=3191.035 swap_mib=0.000 rss_delta_mib=0.000
[fsm_node-3] [INFO] [1789476961.351945242] [fsm_node]:  -- [OPTIMIZER_PHASE_MEMORY] optimizer=backup event=begin call=315 rss_mib=3191.094 swap_mib=0.000 variables=38 pieces=2
[fsm_node-3] [INFO] [1789476961.355382841] [fsm_node]:  -- [OPTIMIZER_PHASE_MEMORY] optimizer=backup event=end call=315 duration_ms=3.500 iterations=565 ret=1 rss_mib=3191.094 swap_mib=0.000 rss_delta_mib=0.000
[fsm_node-3] [INFO] [1789476961.355568958] [fsm_node]:  -- [OPTIMIZER_PHASE_MEMORY] optimizer=backup event=begin call=316 rss_mib=3191.094 swap_mib=0.000 variables=38 pieces=2
[fsm_node-3] [INFO] [1789476961.357388840] [fsm_node]:  -- [OPTIMIZER_PHASE_MEMORY] optimizer=backup event=end call=316 duration_ms=1.816 iterations=291 ret=1 rss_mib=3191.094 swap_mib=0.000 rss_delta_mib=0.000
[fsm_node-3] [WARN] [1789476961.357440847] [fsm_node]:  -- [SUPER] in [ReplanOnce]: Replan overtime, check parameters, replan dt = 0.131349.
[fsm_node-3]  -- [TRAJ_GUARD_CERT] trigger=main_post status=SAFE gen=63 map=134 map_age=0.206s map_age_limit=0.550s motion_speed=0.322mps samples=20 range=[1.570,1.663] collision_tt=-1.000 ttc=-1.000 p=[0.000,0.000,0.000]
[fsm_node-3] [32m -- [Fsm] ReplanOnce succeed.[0m
[fsm_node-3] [32m -- [Fsm] Traj finish.[0m
[fsm_node-3] [WARN] [1789476961.386802149] [fsm_node]:  -- [TRAJ_GUARD_RECOVERY_EPISODE_RESET] reason=horizontal_progress progress=5.371m threshold=2.000m prior_local=0 prior_vertical=0 prior_base=0
[fsm_node-3] [INFO] [1789476961.409780307] [fsm_node]:  -- [OPTIMIZER_PHASE_MEMORY] optimizer=exp event=begin call=179 rss_mib=3191.094 swap_mib=0.000 variables=13 pieces=4
[fsm_node-3] [INFO] [1789476961.414756763] [fsm_node]:  -- [OPTIMIZER_PHASE_MEMORY] optimizer=exp event=end call=179 duration_ms=5.015 iterations=419 ret=1 rss_mib=3191.094 swap_mib=0.000 rss_delta_mib=0.000
[fsm_node-3] [INFO] [1789476961.414806169] [fsm_node]:  -- [SUPER] in [PlanFromRest] GenerateExpTrajectory SUCCESS.
[fsm_node-3] [INFO] [1789476961.513247328] [fsm_node]:  -- [OPTIMIZER_PHASE_MEMORY] optimizer=backup event=begin call=317 rss_mib=3191.094 swap_mib=0.000 variables=44 pieces=2
[fsm_node-3] [INFO] [1789476961.515027224] [fsm_node]:  -- [OPTIMIZER_PHASE_MEMORY] optimizer=backup event=end call=317 duration_ms=1.819 iterations=258 ret=1 rss_mib=3191.094 swap_mib=0.000 rss_delta_mib=0.000
[fsm_node-3] [INFO] [1789476961.515193172] [fsm_node]:  -- [OPTIMIZER_PHASE_MEMORY] optimizer=backup event=begin call=318 rss_mib=3191.094 swap_mib=0.000 variables=44 pieces=2
[fsm_node-3] [INFO] [1789476961.515973862] [fsm_node]:  -- [OPTIMIZER_PHASE_MEMORY] optimizer=backup event=end call=318 duration_ms=0.782 iterations=114 ret=1 rss_mib=3191.094 swap_mib=0.000 rss_delta_mib=0.000
[fsm_node-3] [INFO] [1789476961.516338010] [fsm_node]:  -- [TRAJ_GUARD_COMMIT] phase=PlanFromRest/with_backup gen=64 map=135 samples=266 range=[0.129,1.444] escape=false footprint_egress=false escape_done_tt=-1.000
[fsm_node-3] [38;2;000;128;000m -- [Fsm]: [PubCmdCallback] change state from [FOLLOW_TRAJ] to [GENERATE_TRAJ].
[fsm_node-3] [0m -- [TRAJ_GUARD_CERT] trigger=poly_publish status=SAFE gen=64 map=135 map_age=0.052s map_age_limit=0.550s motion_speed=0.000mps samples=264 range=[0.130,1.444] collision_tt=-1.000 ttc=-1.000 p=[0.000,0.000,0.000]
[fsm_node-3] [38;2;000;128;000m -- [Fsm]: [MainFsmCallback] change state from [GENERATE_TRAJ] to [FOLLOW_TRAJ].
[fsm_node-3] [0m[32m -- [Fsm 26.480] Current state: FOLLOW_TRAJ[0m
[fsm_node-3] [INFO] [1789476961.610532040] [fsm_node]:  -- [OPTIMIZER_PHASE_MEMORY] optimizer=exp event=begin call=180 rss_mib=3191.094 swap_mib=0.000 variables=17 pieces=5
[fsm_node-3] [INFO] [1789476961.620873400] [fsm_node]:  -- [OPTIMIZER_PHASE_MEMORY] optimizer=exp event=end call=180 duration_ms=10.374 iterations=718 ret=1 rss_mib=3191.094 swap_mib=0.000 rss_delta_mib=0.000
[fsm_node-3] [INFO] [1789476961.723153111] [fsm_node]:  -- [OPTIMIZER_PHASE_MEMORY] optimizer=backup event=begin call=319 rss_mib=3191.094 swap_mib=0.000 variables=22 pieces=2
[fsm_node-3] [INFO] [1789476961.725138194] [fsm_node]:  -- [OPTIMIZER_PHASE_MEMORY] optimizer=backup event=end call=319 duration_ms=2.045 iterations=335 ret=1 rss_mib=3191.094 swap_mib=0.000 rss_delta_mib=0.000
[fsm_node-3] [INFO] [1789476961.725230625] [fsm_node]:  -- [OPTIMIZER_PHASE_MEMORY] optimizer=backup event=begin call=320 rss_mib=3191.094 swap_mib=0.000 variables=22 pieces=2
[fsm_node-3] [INFO] [1789476961.735701815] [fsm_node]:  -- [OPTIMIZER_PHASE_MEMORY] optimizer=backup event=end call=320 duration_ms=10.464 iterations=1304 ret=1 rss_mib=3191.094 swap_mib=0.000 rss_delta_mib=0.000
[fsm_node-3] [WARN] [1789476961.735745892] [fsm_node]:  -- [SUPER] in [ReplanOnce]: Replan overtime, check parameters, replan dt = 0.152918422.
[fsm_node-3] [INFO] [1789476961.758080192] [fsm_node]:  -- [OPTIMIZER_PHASE_MEMORY] optimizer=exp event=begin call=181 rss_mib=3191.094 swap_mib=0.000 variables=17 pieces=5
[fsm_node-3] [INFO] [1789476961.766254550] [fsm_node]:  -- [OPTIMIZER_PHASE_MEMORY] optimizer=exp event=end call=181 duration_ms=8.217 iterations=571 ret=1 rss_mib=3191.094 swap_mib=0.000 rss_delta_mib=0.000
[fsm_node-3] [INFO] [1789476961.842063964] [fsm_node]:  -- [OPTIMIZER_PHASE_MEMORY] optimizer=backup event=begin call=321 rss_mib=3191.094 swap_mib=0.000 variables=34 pieces=2
[fsm_node-3] [INFO] [1789476961.844410822] [fsm_node]:  -- [OPTIMIZER_PHASE_MEMORY] optimizer=backup event=end call=321 duration_ms=2.404 iterations=142 ret=1 rss_mib=3191.094 swap_mib=0.000 rss_delta_mib=0.000
[fsm_node-3] [INFO] [1789476961.844565910] [fsm_node]:  -- [OPTIMIZER_PHASE_MEMORY] optimizer=backup event=begin call=322 rss_mib=3191.094 swap_mib=0.000 variables=34 pieces=2
[fsm_node-3] [INFO] [1789476961.847290719] [fsm_node]:  -- [OPTIMIZER_PHASE_MEMORY] optimizer=backup event=end call=322 duration_ms=2.724 iterations=166 ret=1 rss_mib=3191.094 swap_mib=0.000 rss_delta_mib=0.000
[fsm_node-3] [WARN] [1789476961.847329696] [fsm_node]:  -- [SUPER] in [ReplanOnce]: Replan overtime, check parameters, replan dt = 0.111405583.
[fsm_node-3] [INFO] [1789476961.871100330] [fsm_node]:  -- [OPTIMIZER_PHASE_MEMORY] optimizer=exp event=begin call=182 rss_mib=3191.094 swap_mib=0.000 variables=17 pieces=5
[fsm_node-3] [INFO] [1789476961.875567597] [fsm_node]:  -- [OPTIMIZER_PHASE_MEMORY] optimizer=exp event=end call=182 duration_ms=4.519 iterations=337 ret=1 rss_mib=3191.094 swap_mib=0.000 rss_delta_mib=0.000
[fsm_node-3] [INFO] [1789476961.931931065] [fsm_node]:  -- [OPTIMIZER_PHASE_MEMORY] optimizer=backup event=begin call=323 rss_mib=3191.094 swap_mib=0.000 variables=48 pieces=2
[fsm_node-3] [INFO] [1789476961.933736068] [fsm_node]:  -- [OPTIMIZER_PHASE_MEMORY] optimizer=backup event=end call=323 duration_ms=1.850 iterations=173 ret=1 rss_mib=3191.094 swap_mib=0.000 rss_delta_mib=0.000
[fsm_node-3] [INFO] [1789476961.933866602] [fsm_node]:  -- [OPTIMIZER_PHASE_MEMORY] optimizer=backup event=begin call=324 rss_mib=3191.094 swap_mib=0.000 variables=48 pieces=2
[fsm_node-3] [INFO] [1789476961.938072214] [fsm_node]:  -- [OPTIMIZER_PHASE_MEMORY] optimizer=backup event=end call=324 duration_ms=4.200 iterations=401 ret=1 rss_mib=3191.094 swap_mib=0.000 rss_delta_mib=0.000
[fsm_node-3] [WARN] [1789476961.938116074] [fsm_node]:  -- [SUPER] in [ReplanOnce]: Replan overtime, check parameters, replan dt = 0.090506579.
[fsm_node-3] [INFO] [1789476961.959566701] [fsm_node]:  -- [OPTIMIZER_PHASE_MEMORY] optimizer=exp event=begin call=183 rss_mib=3191.094 swap_mib=0.000 variables=17 pieces=5
[fsm_node-3] [INFO] [1789476961.986689026] [fsm_node]:  -- [OPTIMIZER_PHASE_MEMORY] optimizer=exp event=end call=183 duration_ms=27.111 iterations=1759 ret=1 rss_mib=3191.094 swap_mib=0.000 rss_delta_mib=0.000
[fsm_node-3] [INFO] [1789476962.056655867] [fsm_node]:  -- [OPTIMIZER_PHASE_MEMORY] optimizer=backup event=begin call=325 rss_mib=3191.160 swap_mib=0.000 variables=34 pieces=2
[fsm_node-3] [INFO] [1789476962.066142046] [fsm_node]:  -- [OPTIMIZER_PHASE_MEMORY] optimizer=backup event=end call=325 duration_ms=9.542 iterations=535 ret=1 rss_mib=3191.160 swap_mib=0.000 rss_delta_mib=0.000
[fsm_node-3] [INFO] [1789476962.066341147] [fsm_node]:  -- [OPTIMIZER_PHASE_MEMORY] optimizer=backup event=begin call=326 rss_mib=3191.160 swap_mib=0.000 variables=34 pieces=2
[fsm_node-3] [INFO] [1789476962.074645990] [fsm_node]:  -- [OPTIMIZER_PHASE_MEMORY] optimizer=backup event=end call=326 duration_ms=8.290 iterations=488 ret=1 rss_mib=3191.160 swap_mib=0.000 rss_delta_mib=0.000
[fsm_node-3] [WARN] [1789476962.074703873] [fsm_node]:  -- [SUPER] in [ReplanOnce]: Replan overtime, check parameters, replan dt = 0.136404023.
[fsm_node-3] [INFO] [1789476962.103473879] [fsm_node]:  -- [OPTIMIZER_PHASE_MEMORY] optimizer=exp event=begin call=184 rss_mib=3191.160 swap_mib=0.000 variables=17 pieces=5
[fsm_node-3] [INFO] [1789476962.108246247] [fsm_node]:  -- [OPTIMIZER_PHASE_MEMORY] optimizer=exp event=end call=184 duration_ms=4.809 iterations=334 ret=1 rss_mib=3191.160 swap_mib=0.000 rss_delta_mib=0.000
[fsm_node-3]  -- [TRAJ_GUARD_CERT] trigger=main_pre status=SAFE gen=64 map=136 map_age=0.002s map_age_limit=0.532s motion_speed=2.850mps samples=236 range=[0.270,1.444] collision_tt=-1.000 ttc=-1.000 p=[0.000,0.000,0.000]
[fsm_node-3]  -- [TRAJ_GUARD_CERT] trigger=main_pre status=SAFE gen=64 map=137 map_age=0.010s map_age_limit=0.500s motion_speed=5.972mps samples=194 range=[0.480,1.444] collision_tt=-1.000 ttc=-1.000 p=[0.000,0.000,0.000]
[fsm_node-3]  -- [TRAJ_GUARD_CERT] trigger=main_pre status=SAFE gen=64 map=138 map_age=0.005s map_age_limit=0.500s motion_speed=6.850mps samples=156 range=[0.670,1.444] collision_tt=-1.000 ttc=-1.000 p=[0.000,0.000,0.000]
[fsm_node-3] [32m -- [Fsm] Get goal at [0m-23.975000000000001 -23.975000000000001   1.525000000000000
[fsm_node-3] [32m -- [Fsm] Receive click goal at: [-23.975000000000001 -23.975000000000001   1.525000000000000]; goal yaw: 0.000000000000000 deg[0m
[fsm_node-3] [INFO] [1789476962.163794907] [fsm_node]:  -- [OPTIMIZER_PHASE_MEMORY] optimizer=backup event=begin call=327 rss_mib=3191.160 swap_mib=0.000 variables=42 pieces=2
[fsm_node-3] [INFO] [1789476962.172758387] [fsm_node]:  -- [OPTIMIZER_PHASE_MEMORY] optimizer=backup event=end call=327 duration_ms=8.984 iterations=648 ret=1 rss_mib=3191.160 swap_mib=0.000 rss_delta_mib=0.000
[fsm_node-3] [INFO] [1789476962.172943883] [fsm_node]:  -- [OPTIMIZER_PHASE_MEMORY] optimizer=backup event=begin call=328 rss_mib=3191.160 swap_mib=0.000 variables=42 pieces=2
[fsm_node-3] [INFO] [1789476962.180382969] [fsm_node]:  -- [OPTIMIZER_PHASE_MEMORY] optimizer=backup event=end call=328 duration_ms=7.435 iterations=550 ret=1 rss_mib=3191.160 swap_mib=0.000 rss_delta_mib=0.000
[fsm_node-3] [WARN] [1789476962.180429691] [fsm_node]:  -- [SUPER] in [ReplanOnce]: Replan overtime, check parameters, replan dt = 0.10553431.
[perfect_drone_frontend_node-2] [INFO] [1789476962.213582090] [native_sector_cpp]: frames=290 published=147 kept 24.0% (6193/25835 pts/input-frame)
[fsm_node-3] [INFO] [1789476962.219102387] [fsm_node]:  -- [OPTIMIZER_PHASE_MEMORY] optimizer=exp event=begin call=185 rss_mib=3191.160 swap_mib=0.000 variables=17 pieces=5
[fsm_node-3] [INFO] [1789476962.225550703] [fsm_node]:  -- [OPTIMIZER_PHASE_MEMORY] optimizer=exp event=end call=185 duration_ms=6.470 iterations=436 ret=1 rss_mib=3191.160 swap_mib=0.000 rss_delta_mib=0.000
[fsm_node-3] [INFO] [1789476962.327402167] [fsm_node]:  -- [OPTIMIZER_PHASE_MEMORY] optimizer=backup event=begin call=329 rss_mib=3191.324 swap_mib=0.000 variables=52 pieces=2
[fsm_node-3] [INFO] [1789476962.351925128] [fsm_node]:  -- [OPTIMIZER_PHASE_MEMORY] optimizer=backup event=end call=329 duration_ms=24.559 iterations=867 ret=1 rss_mib=3191.324 swap_mib=0.000 rss_delta_mib=0.000
[fsm_node-3] [INFO] [1789476962.352164061] [fsm_node]:  -- [OPTIMIZER_PHASE_MEMORY] optimizer=backup event=begin call=330 rss_mib=3191.324 swap_mib=0.000 variables=52 pieces=2
[fsm_node-3] [INFO] [1789476962.372574690] [fsm_node]:  -- [OPTIMIZER_PHASE_MEMORY] optimizer=backup event=end call=330 duration_ms=20.411 iterations=689 ret=1 rss_mib=3191.324 swap_mib=0.000 rss_delta_mib=0.000
[fsm_node-3] [WARN] [1789476962.372615211] [fsm_node]:  -- [SUPER] in [ReplanOnce]: Replan overtime, check parameters, replan dt = 0.191887647.
[fsm_node-3] [INFO] [1789476962.401221175] [fsm_node]:  -- [OPTIMIZER_PHASE_MEMORY] optimizer=exp event=begin call=186 rss_mib=3191.324 swap_mib=0.000 variables=17 pieces=5
[fsm_node-3] [INFO] [1789476962.408455083] [fsm_node]:  -- [OPTIMIZER_PHASE_MEMORY] optimizer=exp event=end call=186 duration_ms=7.259 iterations=490 ret=1 rss_mib=3191.324 swap_mib=0.000 rss_delta_mib=0.000
[fsm_node-3] [INFO] [1789476962.511611569] [fsm_node]:  -- [OPTIMIZER_PHASE_MEMORY] optimizer=backup event=begin call=331 rss_mib=3191.324 swap_mib=0.000 variables=58 pieces=2
[fsm_node-3] [INFO] [1789476962.515171245] [fsm_node]:  -- [OPTIMIZER_PHASE_MEMORY] optimizer=backup event=end call=331 duration_ms=3.614 iterations=209 ret=1 rss_mib=3191.324 swap_mib=0.000 rss_delta_mib=0.000
[fsm_node-3] [INFO] [1789476962.515378985] [fsm_node]:  -- [OPTIMIZER_PHASE_MEMORY] optimizer=backup event=begin call=332 rss_mib=3191.324 swap_mib=0.000 variables=58 pieces=2
[fsm_node-3] [INFO] [1789476962.529007188] [fsm_node]:  -- [OPTIMIZER_PHASE_MEMORY] optimizer=backup event=end call=332 duration_ms=13.607 iterations=672 ret=1 rss_mib=3191.324 swap_mib=0.000 rss_delta_mib=0.000
[fsm_node-3] [WARN] [1789476962.529069508] [fsm_node]:  -- [SUPER] in [ReplanOnce]: Replan overtime, check parameters, replan dt = 0.156187685.
[fsm_node-3] [INFO] [1789476962.556311122] [fsm_node]:  -- [OPTIMIZER_PHASE_MEMORY] optimizer=exp event=begin call=187 rss_mib=3191.324 swap_mib=0.000 variables=17 pieces=5
[fsm_node-3] [INFO] [1789476962.567638327] [fsm_node]:  -- [OPTIMIZER_PHASE_MEMORY] optimizer=exp event=end call=187 duration_ms=11.367 iterations=774 ret=1 rss_mib=3191.324 swap_mib=0.000 rss_delta_mib=0.000
[fsm_node-3]  -- [TRAJ_GUARD_CERT] trigger=main_pre status=SAFE gen=64 map=139 map_age=0.007s map_age_limit=0.500s motion_speed=6.927mps samples=112 range=[0.890,1.444] collision_tt=-1.000 ttc=-1.000 p=[0.000,0.000,0.000]
[fsm_node-3]  -- [TRAJ_GUARD_CERT] trigger=main_post status=SAFE gen=64 map=140 map_age=0.198s map_age_limit=0.500s motion_speed=5.884mps samples=74 range=[1.080,1.444] collision_tt=-1.000 ttc=-1.000 p=[0.000,0.000,0.000]
[fsm_node-3] [32m -- [Fsm 27.490] Current state: FOLLOW_TRAJ[0m
[fsm_node-3] [INFO] [1789476962.668034379] [fsm_node]:  -- [OPTIMIZER_PHASE_MEMORY] optimizer=backup event=begin call=333 rss_mib=3191.324 swap_mib=0.000 variables=52 pieces=2
[fsm_node-3] [INFO] [1789476962.680682337] [fsm_node]:  -- [OPTIMIZER_PHASE_MEMORY] optimizer=backup event=end call=333 duration_ms=12.705 iterations=961 ret=1 rss_mib=3191.324 swap_mib=0.000 rss_delta_mib=0.000
[fsm_node-3] [INFO] [1789476962.680833374] [fsm_node]:  -- [OPTIMIZER_PHASE_MEMORY] optimizer=backup event=begin call=334 rss_mib=3191.324 swap_mib=0.000 variables=52 pieces=2
[fsm_node-3] [INFO] [1789476962.682522985] [fsm_node]:  -- [OPTIMIZER_PHASE_MEMORY] optimizer=backup event=end call=334 duration_ms=1.692 iterations=198 ret=1 rss_mib=3191.324 swap_mib=0.000 rss_delta_mib=0.000
[fsm_node-3] [WARN] [1789476962.682561040] [fsm_node]:  -- [SUPER] in [ReplanOnce]: Replan overtime, check parameters, replan dt = 0.153312999.
[fsm_node-3] [INFO] [1789476962.712491857] [fsm_node]:  -- [OPTIMIZER_PHASE_MEMORY] optimizer=exp event=begin call=188 rss_mib=3191.324 swap_mib=0.000 variables=17 pieces=5
[fsm_node-3] [INFO] [1789476962.718823035] [fsm_node]:  -- [OPTIMIZER_PHASE_MEMORY] optimizer=exp event=end call=188 duration_ms=6.360 iterations=435 ret=1 rss_mib=3191.324 swap_mib=0.000 rss_delta_mib=0.000
[fsm_node-3] [INFO] [1789476962.801525270] [fsm_node]:  -- [OPTIMIZER_PHASE_MEMORY] optimizer=backup event=begin call=335 rss_mib=3191.324 swap_mib=0.000 variables=44 pieces=2
[fsm_node-3] [INFO] [1789476962.803294919] [fsm_node]:  -- [OPTIMIZER_PHASE_MEMORY] optimizer=backup event=end call=335 duration_ms=1.827 iterations=129 ret=1 rss_mib=3191.324 swap_mib=0.000 rss_delta_mib=0.000
[fsm_node-3] [INFO] [1789476962.803446973] [fsm_node]:  -- [OPTIMIZER_PHASE_MEMORY] optimizer=backup event=begin call=336 rss_mib=3191.324 swap_mib=0.000 variables=44 pieces=2
[fsm_node-3] [INFO] [1789476962.810438757] [fsm_node]:  -- [OPTIMIZER_PHASE_MEMORY] optimizer=backup event=end call=336 duration_ms=6.980 iterations=503 ret=1 rss_mib=3191.324 swap_mib=0.000 rss_delta_mib=0.000
[fsm_node-3] [WARN] [1789476962.810479503] [fsm_node]:  -- [SUPER] in [ReplanOnce]: Replan overtime, check parameters, replan dt = 0.1275884.
[fsm_node-3] [INFO] [1789476962.811657302] [fsm_node]:  -- [TRAJ_GUARD_COMMIT] phase=ReplanOnce/no_backup gen=65 map=141 samples=45 range=[1.425,1.639] escape=false footprint_egress=false escape_done_tt=-1.000
[fsm_node-3]  -- [TRAJ_GUARD_CERT] trigger=main_pre status=SAFE gen=64 map=141 map_age=0.007s map_age_limit=0.550s motion_speed=2.090mps samples=34 range=[1.280,1.444] collision_tt=-1.000 ttc=-1.000 p=[0.000,0.000,0.000]
[fsm_node-3] [32m -- [Fsm] ReplanOnce succeed.[0m
[fsm_node-3] [INFO] [1789476962.861370897] [fsm_node]:  -- [OPTIMIZER_PHASE_MEMORY] optimizer=exp event=begin call=189 rss_mib=3191.324 swap_mib=0.000 variables=13 pieces=4
[fsm_node-3] [INFO] [1789476962.866056908] [fsm_node]:  -- [OPTIMIZER_PHASE_MEMORY] optimizer=exp event=end call=189 duration_ms=4.734 iterations=411 ret=1 rss_mib=3191.324 swap_mib=0.000 rss_delta_mib=0.000
[fsm_node-3] [INFO] [1789476962.973010865] [fsm_node]:  -- [OPTIMIZER_PHASE_MEMORY] optimizer=backup event=begin call=337 rss_mib=3191.324 swap_mib=0.000 variables=36 pieces=2
[fsm_node-3] [INFO] [1789476962.977257440] [fsm_node]:  -- [OPTIMIZER_PHASE_MEMORY] optimizer=backup event=end call=337 duration_ms=4.315 iterations=444 ret=1 rss_mib=3191.324 swap_mib=0.000 rss_delta_mib=0.000
[fsm_node-3] [INFO] [1789476962.977376569] [fsm_node]:  -- [OPTIMIZER_PHASE_MEMORY] optimizer=backup event=begin call=338 rss_mib=3191.324 swap_mib=0.000 variables=36 pieces=2
[fsm_node-3] [INFO] [1789476962.983903795] [fsm_node]:  -- [OPTIMIZER_PHASE_MEMORY] optimizer=backup event=end call=338 duration_ms=6.498 iterations=551 ret=1 rss_mib=3191.324 swap_mib=0.000 rss_delta_mib=0.000
[fsm_node-3] [WARN] [1789476962.983968416] [fsm_node]:  -- [SUPER] in [ReplanOnce]: Replan overtime, check parameters, replan dt = 0.146973132.
[fsm_node-3] [INFO] [1789476962.984824627] [fsm_node]:  -- [TRAJ_GUARD_COMMIT] phase=ReplanOnce/no_backup gen=66 map=142 samples=11 range=[1.598,1.639] escape=false footprint_egress=false escape_done_tt=-1.000
[fsm_node-3]  -- [TRAJ_GUARD_CERT] trigger=poly_publish status=SAFE gen=65 map=141 map_age=0.152s map_age_limit=0.550s motion_speed=0.018mps samples=44 range=[1.425,1.639] collision_tt=-1.000 ttc=-1.000 p=[0.000,0.000,0.000]
[fsm_node-3]  -- [TRAJ_GUARD_CERT] trigger=main_pre status=SAFE gen=65 map=142 map_age=0.010s map_age_limit=0.550s motion_speed=0.977mps samples=33 range=[1.480,1.639] collision_tt=-1.000 ttc=-1.000 p=[0.000,0.000,0.000]
[fsm_node-3] [32m -- [Fsm] ReplanOnce succeed.[0m
[fsm_node-3]  -- [TRAJ_GUARD_CERT] trigger=poly_publish status=SAFE gen=66 map=142 map_age=0.128s map_age_limit=0.550s motion_speed=0.036mps samples=10 range=[1.598,1.639] collision_tt=-1.000 ttc=-1.000 p=[0.000,0.000,0.000]
[fsm_node-3] [32m -- [Fsm] Traj finish.[0m
[fsm_node-3] [WARN] [1789476963.036767535] [fsm_node]:  -- [TRAJ_GUARD_RECOVERY_EPISODE_RESET] reason=horizontal_progress progress=6.842m threshold=2.000m prior_local=0 prior_vertical=0 prior_base=0
[fsm_node-3] [INFO] [1789476963.057693361] [fsm_node]:  -- [OPTIMIZER_PHASE_MEMORY] optimizer=exp event=begin call=190 rss_mib=3191.324 swap_mib=0.000 variables=17 pieces=5
[fsm_node-3] [INFO] [1789476963.062653532] [fsm_node]:  -- [OPTIMIZER_PHASE_MEMORY] optimizer=exp event=end call=190 duration_ms=5.024 iterations=362 ret=1 rss_mib=3191.324 swap_mib=0.000 rss_delta_mib=0.000
[fsm_node-3] [INFO] [1789476963.062701908] [fsm_node]:  -- [SUPER] in [PlanFromRest] GenerateExpTrajectory SUCCESS.
[perfect_drone_frontend_node-2] [INFO] [1789476963.138451112] [perfect_tracking]: [SENSOR_CADENCE_SUMMARY] frames=300 span_s=29.903459 hz=9.998843 raw_published=0 direct_handoffs=300 payload_bytes=251583232 side_entry_v1_enabled=0 side_entry_v1_spawned=0 side_entry_v1_injected_frames=0
[perfect_drone_frontend_node-2] [INFO] [1789476963.138514885] [perfect_tracking]: [SENSOR_BURST_DROPOUT_SUMMARY] enabled=0 warmup_s=1.000000 period_s=2.000000 duration_s=0.500000 phase_s=0.000000 phase_env_override=0 rendered=300 delivered=300 dropped=0 bursts=0 max_consecutive_dropped=0 max_delivered_gap_s=0.113815 dropped_payload_bytes=0
[fsm_node-3] [INFO] [1789476963.138731112] [fsm_node]:  -- [OPTIMIZER_PHASE_MEMORY] optimizer=backup event=begin call=339 rss_mib=3191.324 swap_mib=0.000 variables=44 pieces=2
[fsm_node-3] [INFO] [1789476963.140444085] [fsm_node]:  -- [OPTIMIZER_PHASE_MEMORY] optimizer=backup event=end call=339 duration_ms=1.760 iterations=196 ret=1 rss_mib=3191.324 swap_mib=0.000 rss_delta_mib=0.000
[fsm_node-3] [INFO] [1789476963.140610537] [fsm_node]:  -- [OPTIMIZER_PHASE_MEMORY] optimizer=backup event=begin call=340 rss_mib=3191.324 swap_mib=0.000 variables=44 pieces=2
[fsm_node-3] [INFO] [1789476963.142239163] [fsm_node]:  -- [OPTIMIZER_PHASE_MEMORY] optimizer=backup event=end call=340 duration_ms=1.601 iterations=166 ret=1 rss_mib=3191.324 swap_mib=0.000 rss_delta_mib=0.000
[fsm_node-3] [INFO] [1789476963.142626578] [fsm_node]:  -- [TRAJ_GUARD_COMMIT] phase=PlanFromRest/with_backup gen=67 map=143 samples=240 range=[0.106,1.292] escape=false footprint_egress=false escape_done_tt=-1.000
[fsm_node-3] [38;2;000;128;000m -- [Fsm]: [PubCmdCallback] change state from [FOLLOW_TRAJ] to [GENERATE_TRAJ].
[fsm_node-3] [0m -- [TRAJ_GUARD_CERT] trigger=poly_publish status=SAFE gen=67 map=143 map_age=0.090s map_age_limit=0.550s motion_speed=0.000mps samples=239 range=[0.106,1.292] collision_tt=-1.000 ttc=-1.000 p=[0.000,0.000,0.000]
[fsm_node-3] [38;2;000;128;000m -- [Fsm]: [MainFsmCallback] change state from [GENERATE_TRAJ] to [FOLLOW_TRAJ].
[fsm_node-3] [0m[32m -- [Fsm] Get goal at [0m-23.975000000000001 -23.975000000000001   1.525000000000000
[fsm_node-3] [32m -- [Fsm] Receive click goal at: [-23.975000000000001 -23.975000000000001   1.525000000000000]; goal yaw: 0.000000000000000 deg[0m
[fsm_node-3] [INFO] [1789476963.189075730] [fsm_node]:  -- [OPTIMIZER_PHASE_MEMORY] optimizer=exp event=begin call=191 rss_mib=3191.324 swap_mib=0.000 variables=17 pieces=5
[fsm_node-3] [INFO] [1789476963.213857042] [fsm_node]:  -- [OPTIMIZER_PHASE_MEMORY] optimizer=exp event=end call=191 duration_ms=24.779 iterations=669 ret=1 rss_mib=3191.324 swap_mib=0.000 rss_delta_mib=0.000
[fsm_node-3] [INFO] [1789476963.289493696] [fsm_node]:  -- [OPTIMIZER_PHASE_MEMORY] optimizer=backup event=begin call=341 rss_mib=3191.324 swap_mib=0.000 variables=34 pieces=2
[fsm_node-3] [INFO] [1789476963.290327305] [fsm_node]:  -- [OPTIMIZER_PHASE_MEMORY] optimizer=backup event=end call=341 duration_ms=0.902 iterations=138 ret=1 rss_mib=3191.324 swap_mib=0.000 rss_delta_mib=0.000
[fsm_node-3] [INFO] [1789476963.290482092] [fsm_node]:  -- [OPTIMIZER_PHASE_MEMORY] optimizer=backup event=begin call=342 rss_mib=3191.324 swap_mib=0.000 variables=34 pieces=2
[fsm_node-3] [INFO] [1789476963.293708000] [fsm_node]:  -- [OPTIMIZER_PHASE_MEMORY] optimizer=backup event=end call=342 duration_ms=3.222 iterations=518 ret=1 rss_mib=3191.324 swap_mib=0.000 rss_delta_mib=0.000
[fsm_node-3] [WARN] [1789476963.293747821] [fsm_node]:  -- [SUPER] in [ReplanOnce]: Replan overtime, check parameters, replan dt = 0.126843604.
[fsm_node-3] [INFO] [1789476963.310154084] [fsm_node]:  -- [OPTIMIZER_PHASE_MEMORY] optimizer=exp event=begin call=192 rss_mib=3191.324 swap_mib=0.000 variables=17 pieces=5
[fsm_node-3] [INFO] [1789476963.340622337] [fsm_node]:  -- [OPTIMIZER_PHASE_MEMORY] optimizer=exp event=end call=192 duration_ms=30.461 iterations=2020 ret=1 rss_mib=3191.324 swap_mib=0.000 rss_delta_mib=0.000
[fsm_node-3] [INFO] [1789476963.415111657] [fsm_node]:  -- [OPTIMIZER_PHASE_MEMORY] optimizer=backup event=begin call=343 rss_mib=3191.324 swap_mib=0.000 variables=36 pieces=2
[fsm_node-3] [INFO] [1789476963.421606630] [fsm_node]:  -- [OPTIMIZER_PHASE_MEMORY] optimizer=backup event=end call=343 duration_ms=6.526 iterations=660 ret=1 rss_mib=3191.324 swap_mib=0.000 rss_delta_mib=0.000
[fsm_node-3] [INFO] [1789476963.421729074] [fsm_node]:  -- [OPTIMIZER_PHASE_MEMORY] optimizer=backup event=begin call=344 rss_mib=3191.324 swap_mib=0.000 variables=36 pieces=2
[fsm_node-3] [INFO] [1789476963.425138558] [fsm_node]:  -- [OPTIMIZER_PHASE_MEMORY] optimizer=backup event=end call=344 duration_ms=3.412 iterations=397 ret=1 rss_mib=3191.324 swap_mib=0.000 rss_delta_mib=0.000
[fsm_node-3] [WARN] [1789476963.425168224] [fsm_node]:  -- [SUPER] in [ReplanOnce]: Replan overtime, check parameters, replan dt = 0.13125274.
[fsm_node-3] [INFO] [1789476963.442244568] [fsm_node]:  -- [OPTIMIZER_PHASE_MEMORY] optimizer=exp event=begin call=193 rss_mib=3191.324 swap_mib=0.000 variables=17 pieces=5
[fsm_node-3] [INFO] [1789476963.451801933] [fsm_node]:  -- [OPTIMIZER_PHASE_MEMORY] optimizer=exp event=end call=193 duration_ms=9.591 iterations=615 ret=1 rss_mib=3191.324 swap_mib=0.000 rss_delta_mib=0.000
[fsm_node-3] [INFO] [1789476963.509900825] [fsm_node]:  -- [OPTIMIZER_PHASE_MEMORY] optimizer=backup event=begin call=345 rss_mib=3191.324 swap_mib=0.000 variables=22 pieces=2
[fsm_node-3] [INFO] [1789476963.511334784] [fsm_node]:  -- [OPTIMIZER_PHASE_MEMORY] optimizer=backup event=end call=345 duration_ms=1.456 iterations=204 ret=1 rss_mib=3191.324 swap_mib=0.000 rss_delta_mib=0.000
[fsm_node-3] [INFO] [1789476963.511481493] [fsm_node]:  -- [OPTIMIZER_PHASE_MEMORY] optimizer=backup event=begin call=346 rss_mib=3191.324 swap_mib=0.000 variables=22 pieces=2
[fsm_node-3] [INFO] [1789476963.511980219] [fsm_node]:  -- [OPTIMIZER_PHASE_MEMORY] optimizer=backup event=end call=346 duration_ms=0.505 iterations=102 ret=1 rss_mib=3191.324 swap_mib=0.000 rss_delta_mib=0.000
[fsm_node-3] [INFO] [1789476963.512295387] [fsm_node]:  -- [TRAJ_GUARD_COMMIT] phase=ReplanOnce/with_backup gen=68 map=145 samples=186 range=[0.087,1.003] escape=false footprint_egress=false escape_done_tt=-1.000
[fsm_node-3]  -- [TRAJ_GUARD_CERT] trigger=main_pre status=SAFE gen=67 map=144 map_age=0.005s map_age_limit=0.550s motion_speed=1.972mps samples=216 range=[0.220,1.292] collision_tt=-1.000 ttc=-1.000 p=[0.000,0.000,0.000]
[fsm_node-3]  -- [TRAJ_GUARD_CERT] trigger=main_pre status=SAFE gen=67 map=145 map_age=0.005s map_age_limit=0.500s motion_speed=5.538mps samples=176 range=[0.420,1.292] collision_tt=-1.000 ttc=-1.000 p=[0.000,0.000,0.000]
[fsm_node-3] [32m -- [Fsm] ReplanOnce succeed.[0m
[fsm_node-3] [INFO] [1789476963.535318014] [fsm_node]:  -- [OPTIMIZER_PHASE_MEMORY] optimizer=exp event=begin call=194 rss_mib=3191.324 swap_mib=0.000 variables=17 pieces=5
[fsm_node-3] [INFO] [1789476963.540300661] [fsm_node]:  -- [OPTIMIZER_PHASE_MEMORY] optimizer=exp event=end call=194 duration_ms=5.013 iterations=357 ret=1 rss_mib=3191.324 swap_mib=0.000 rss_delta_mib=0.000
[fsm_node-3] [INFO] [1789476963.586293154] [fsm_node]:  -- [OPTIMIZER_PHASE_MEMORY] optimizer=backup event=begin call=347 rss_mib=3191.324 swap_mib=0.000 variables=18 pieces=2
[fsm_node-3] [INFO] [1789476963.587361855] [fsm_node]:  -- [OPTIMIZER_PHASE_MEMORY] optimizer=backup event=end call=347 duration_ms=1.115 iterations=190 ret=1 rss_mib=3191.324 swap_mib=0.000 rss_delta_mib=0.000
[fsm_node-3] [INFO] [1789476963.587465376] [fsm_node]:  -- [OPTIMIZER_PHASE_MEMORY] optimizer=backup event=begin call=348 rss_mib=3191.324 swap_mib=0.000 variables=18 pieces=2
[fsm_node-3] [INFO] [1789476963.592639557] [fsm_node]:  -- [OPTIMIZER_PHASE_MEMORY] optimizer=backup event=end call=348 duration_ms=5.151 iterations=690 ret=1 rss_mib=3191.324 swap_mib=0.000 rss_delta_mib=0.000
[fsm_node-3] [INFO] [1789476963.592939816] [fsm_node]:  -- [TRAJ_GUARD_COMMIT] phase=ReplanOnce/with_backup gen=69 map=145 samples=173 range=[0.080,0.932] escape=false footprint_egress=false escape_done_tt=-1.000
[fsm_node-3]  -- [TRAJ_GUARD_CERT] trigger=poly_publish status=SAFE gen=68 map=145 map_age=0.060s map_age_limit=0.500s motion_speed=6.237mps samples=185 range=[0.087,1.003] collision_tt=-1.000 ttc=-1.000 p=[0.000,0.000,0.000]
[fsm_node-3] [32m -- [Fsm] ReplanOnce succeed.[0m
[fsm_node-3]  -- [TRAJ_GUARD_CERT] trigger=poly_publish status=SAFE gen=69 map=145 map_age=0.141s map_age_limit=0.500s motion_speed=6.806mps samples=172 range=[0.080,0.932] collision_tt=-1.000 ttc=-1.000 p=[0.000,0.000,0.000]
[fsm_node-3] [32m -- [Fsm 28.489790916442871] Current state: FOLLOW_TRAJ[0m
[fsm_node-3] [INFO] [1789476963.616985044] [fsm_node]:  -- [OPTIMIZER_PHASE_MEMORY] optimizer=exp event=begin call=195 rss_mib=3191.324 swap_mib=0.000 variables=17 pieces=5
[fsm_node-3] [INFO] [1789476963.634764477] [fsm_node]:  -- [OPTIMIZER_PHASE_MEMORY] optimizer=exp event=end call=195 duration_ms=17.776 iterations=914 ret=1 rss_mib=3191.324 swap_mib=0.000 rss_delta_mib=0.000
[fsm_node-3] [INFO] [1789476963.729944097] [fsm_node]:  -- [OPTIMIZER_PHASE_MEMORY] optimizer=backup event=begin call=349 rss_mib=3191.324 swap_mib=0.000 variables=64 pieces=2
[fsm_node-3] [INFO] [1789476963.734163067] [fsm_node]:  -- [OPTIMIZER_PHASE_MEMORY] optimizer=backup event=end call=349 duration_ms=4.274 iterations=223 ret=1 rss_mib=3191.324 swap_mib=0.000 rss_delta_mib=0.000
[fsm_node-3] [INFO] [1789476963.734354933] [fsm_node]:  -- [OPTIMIZER_PHASE_MEMORY] optimizer=backup event=begin call=350 rss_mib=3191.324 swap_mib=0.000 variables=64 pieces=2
[fsm_node-3] [INFO] [1789476963.738963179] [fsm_node]:  -- [OPTIMIZER_PHASE_MEMORY] optimizer=backup event=end call=350 duration_ms=4.601 iterations=242 ret=1 rss_mib=3191.324 swap_mib=0.000 rss_delta_mib=0.000
[fsm_node-3] [WARN] [1789476963.739005038] [fsm_node]:  -- [SUPER] in [ReplanOnce]: Replan overtime, check parameters, replan dt = 0.145724765.
[fsm_node-3] [INFO] [1789476963.763219971] [fsm_node]:  -- [OPTIMIZER_PHASE_MEMORY] optimizer=exp event=begin call=196 rss_mib=3191.324 swap_mib=0.000 variables=17 pieces=5
[fsm_node-3] [INFO] [1789476963.776829422] [fsm_node]:  -- [OPTIMIZER_PHASE_MEMORY] optimizer=exp event=end call=196 duration_ms=13.647 iterations=916 ret=1 rss_mib=3191.324 swap_mib=0.000 rss_delta_mib=0.000
[fsm_node-3] [INFO] [1789476963.870993465] [fsm_node]:  -- [OPTIMIZER_PHASE_MEMORY] optimizer=backup event=begin call=351 rss_mib=3191.324 swap_mib=0.000 variables=34 pieces=2
[fsm_node-3] [INFO] [1789476963.873303903] [fsm_node]:  -- [OPTIMIZER_PHASE_MEMORY] optimizer=backup event=end call=351 duration_ms=2.369 iterations=345 ret=1 rss_mib=3191.324 swap_mib=0.000 rss_delta_mib=0.000
[fsm_node-3] [INFO] [1789476963.873407752] [fsm_node]:  -- [OPTIMIZER_PHASE_MEMORY] optimizer=backup event=begin call=352 rss_mib=3191.324 swap_mib=0.000 variables=34 pieces=2
[fsm_node-3] [INFO] [1789476963.873932311] [fsm_node]:  -- [OPTIMIZER_PHASE_MEMORY] optimizer=backup event=end call=352 duration_ms=0.524 iterations=93 ret=1 rss_mib=3191.324 swap_mib=0.000 rss_delta_mib=0.000
[fsm_node-3] [WARN] [1789476963.873968534] [fsm_node]:  -- [SUPER] in [ReplanOnce]: Replan overtime, check parameters, replan dt = 0.134664879.
[fsm_node-3] [INFO] [1789476963.898501415] [fsm_node]:  -- [OPTIMIZER_PHASE_MEMORY] optimizer=exp event=begin call=197 rss_mib=3191.324 swap_mib=0.000 variables=17 pieces=5
[fsm_node-3] [INFO] [1789476963.942163349] [fsm_node]:  -- [OPTIMIZER_PHASE_MEMORY] optimizer=exp event=end call=197 duration_ms=43.666 iterations=2744 ret=1 rss_mib=3191.324 swap_mib=0.000 rss_delta_mib=0.000
[fsm_node-3] [INFO] [1789476964.048927645] [fsm_node]:  -- [OPTIMIZER_PHASE_MEMORY] optimizer=backup event=begin call=353 rss_mib=3191.324 swap_mib=0.000 variables=48 pieces=2
[fsm_node-3] [INFO] [1789476964.052266684] [fsm_node]:  -- [OPTIMIZER_PHASE_MEMORY] optimizer=backup event=end call=353 duration_ms=3.373 iterations=162 ret=1 rss_mib=3191.324 swap_mib=0.000 rss_delta_mib=0.000
[fsm_node-3] [INFO] [1789476964.052502119] [fsm_node]:  -- [OPTIMIZER_PHASE_MEMORY] optimizer=backup event=begin call=354 rss_mib=3191.324 swap_mib=0.000 variables=48 pieces=2
[fsm_node-3] [INFO] [1789476964.055194528] [fsm_node]:  -- [OPTIMIZER_PHASE_MEMORY] optimizer=backup event=end call=354 duration_ms=2.697 iterations=133 ret=1 rss_mib=3191.324 swap_mib=0.000 rss_delta_mib=0.000
[fsm_node-3] [WARN] [1789476964.055233258] [fsm_node]:  -- [SUPER] in [ReplanOnce]: Replan overtime, check parameters, replan dt = 0.180887596.
[fsm_node-3] [INFO] [1789476964.078662391] [fsm_node]:  -- [OPTIMIZER_PHASE_MEMORY] optimizer=exp event=begin call=198 rss_mib=3191.324 swap_mib=0.000 variables=17 pieces=5
[fsm_node-3] [INFO] [1789476964.084445599] [fsm_node]:  -- [OPTIMIZER_PHASE_MEMORY] optimizer=exp event=end call=198 duration_ms=5.818 iterations=419 ret=1 rss_mib=3191.324 swap_mib=0.000 rss_delta_mib=0.000
[fsm_node-3]  -- [TRAJ_GUARD_CERT] trigger=main_pre status=SAFE gen=69 map=146 map_age=0.003s map_age_limit=0.500s motion_speed=6.979mps samples=159 range=[0.144,0.932] collision_tt=-1.000 ttc=-1.000 p=[0.000,0.000,0.000]
[fsm_node-3]  -- [TRAJ_GUARD_CERT] trigger=replan_post status=SAFE gen=69 map=147 map_age=0.008s map_age_limit=0.500s motion_speed=6.741mps samples=116 range=[0.361,0.932] collision_tt=-1.000 ttc=-1.000 p=[0.000,0.000,0.000]
[fsm_node-3]  -- [TRAJ_GUARD_CERT] trigger=main_pre status=SAFE gen=69 map=148 map_age=0.005s map_age_limit=0.500s motion_speed=5.654mps samples=77 range=[0.554,0.932] collision_tt=-1.000 ttc=-1.000 p=[0.000,0.000,0.000]
[fsm_node-3] [32m -- [Fsm] Get goal at [0m-23.975000000000001 -23.975000000000001   1.525000000000000
[fsm_node-3] [32m -- [Fsm] Receive click goal at: [-23.975000000000001 -23.975000000000001   1.525000000000000]; goal yaw: 0.000000000000000 deg[0m
[fsm_node-3] [INFO] [1789476964.174843999] [fsm_node]:  -- [OPTIMIZER_PHASE_MEMORY] optimizer=backup event=begin call=355 rss_mib=3191.324 swap_mib=0.000 variables=40 pieces=2
[fsm_node-3] [INFO] [1789476964.177380785] [fsm_node]:  -- [OPTIMIZER_PHASE_MEMORY] optimizer=backup event=end call=355 duration_ms=2.597 iterations=288 ret=1 rss_mib=3191.324 swap_mib=0.000 rss_delta_mib=0.000
[fsm_node-3] [INFO] [1789476964.177498290] [fsm_node]:  -- [OPTIMIZER_PHASE_MEMORY] optimizer=backup event=begin call=356 rss_mib=3191.324 swap_mib=0.000 variables=40 pieces=2
[fsm_node-3] [INFO] [1789476964.180934133] [fsm_node]:  -- [OPTIMIZER_PHASE_MEMORY] optimizer=backup event=end call=356 duration_ms=3.434 iterations=367 ret=1 rss_mib=3191.324 swap_mib=0.000 rss_delta_mib=0.000
[fsm_node-3] [WARN] [1789476964.180973064] [fsm_node]:  -- [SUPER] in [ReplanOnce]: Replan overtime, check parameters, replan dt = 0.125523131.
[fsm_node-3] [INFO] [1789476964.202346473] [fsm_node]:  -- [OPTIMIZER_PHASE_MEMORY] optimizer=exp event=begin call=199 rss_mib=3191.324 swap_mib=0.000 variables=17 pieces=5
[fsm_node-3] [INFO] [1789476964.207038076] [fsm_node]:  -- [OPTIMIZER_PHASE_MEMORY] optimizer=exp event=end call=199 duration_ms=4.763 iterations=342 ret=1 rss_mib=3191.324 swap_mib=0.000 rss_delta_mib=0.000
[fsm_node-3] [INFO] [1789476964.312864658] [fsm_node]:  -- [OPTIMIZER_PHASE_MEMORY] optimizer=backup event=begin call=357 rss_mib=3191.324 swap_mib=0.000 variables=22 pieces=2
[fsm_node-3] [INFO] [1789476964.317095080] [fsm_node]:  -- [OPTIMIZER_PHASE_MEMORY] optimizer=backup event=end call=357 duration_ms=4.277 iterations=540 ret=1 rss_mib=3191.324 swap_mib=0.000 rss_delta_mib=0.000
[fsm_node-3] [INFO] [1789476964.317253188] [fsm_node]:  -- [OPTIMIZER_PHASE_MEMORY] optimizer=backup event=begin call=358 rss_mib=3191.324 swap_mib=0.000 variables=22 pieces=2
[fsm_node-3] [INFO] [1789476964.321051146] [fsm_node]:  -- [OPTIMIZER_PHASE_MEMORY] optimizer=backup event=end call=358 duration_ms=3.798 iterations=524 ret=1 rss_mib=3191.324 swap_mib=0.000 rss_delta_mib=0.000
[fsm_node-3] [WARN] [1789476964.321096238] [fsm_node]:  -- [SUPER] in [ReplanOnce]: Replan overtime, check parameters, replan dt = 0.139966446.
[fsm_node-3] [INFO] [1789476964.345261532] [fsm_node]:  -- [OPTIMIZER_PHASE_MEMORY] optimizer=exp event=begin call=200 rss_mib=3191.324 swap_mib=0.000 variables=17 pieces=5
[fsm_node-3] [INFO] [1789476964.349997455] [fsm_node]:  -- [OPTIMIZER_PHASE_MEMORY] optimizer=exp event=end call=200 duration_ms=4.794 iterations=335 ret=1 rss_mib=3191.324 swap_mib=0.000 rss_delta_mib=0.000
[fsm_node-3]  -- [TRAJ_GUARD_CERT] trigger=main_post status=SAFE gen=69 map=149 map_age=0.225s map_age_limit=0.550s motion_speed=1.785mps samples=33 range=[0.774,0.932] collision_tt=-1.000 ttc=-1.000 p=[0.000,0.000,0.000]
[fsm_node-3] [32m -- [Fsm] Traj finish.[0m
[fsm_node-3] [INFO] [1789476964.460214960] [fsm_node]:  -- [OPTIMIZER_PHASE_MEMORY] optimizer=backup event=begin call=359 rss_mib=3191.324 swap_mib=0.000 variables=22 pieces=2
[fsm_node-3] [INFO] [1789476964.470398710] [fsm_node]:  -- [OPTIMIZER_PHASE_MEMORY] optimizer=backup event=end call=359 duration_ms=10.184 iterations=1109 ret=1 rss_mib=3191.324 swap_mib=0.000 rss_delta_mib=0.000
[fsm_node-3] [INFO] [1789476964.470596824] [fsm_node]:  -- [OPTIMIZER_PHASE_MEMORY] optimizer=backup event=begin call=360 rss_mib=3191.324 swap_mib=0.000 variables=22 pieces=2
[fsm_node-3] [INFO] [1789476964.472225223] [fsm_node]:  -- [OPTIMIZER_PHASE_MEMORY] optimizer=backup event=end call=360 duration_ms=1.606 iterations=227 ret=1 rss_mib=3191.324 swap_mib=0.000 rss_delta_mib=0.000
[fsm_node-3] [WARN] [1789476964.472320544] [fsm_node]:  -- [SUPER] in [ReplanOnce]: Replan overtime, check parameters, replan dt = 0.151019104.
[fsm_node-3] [WARN] [1789476964.472358738] [fsm_node]:  -- [TRAJ_GUARD_RECOVERY_EPISODE_RESET] reason=horizontal_progress progress=5.711m threshold=2.000m prior_local=0 prior_vertical=0 prior_base=0
[fsm_node-3] [INFO] [1789476964.496550723] [fsm_node]:  -- [OPTIMIZER_PHASE_MEMORY] optimizer=exp event=begin call=201 rss_mib=3191.324 swap_mib=0.000 variables=17 pieces=5
[fsm_node-3] [INFO] [1789476964.504337230] [fsm_node]:  -- [OPTIMIZER_PHASE_MEMORY] optimizer=exp event=end call=201 duration_ms=7.830 iterations=523 ret=1 rss_mib=3191.324 swap_mib=0.000 rss_delta_mib=0.000
[fsm_node-3] [INFO] [1789476964.504386980] [fsm_node]:  -- [SUPER] in [PlanFromRest] GenerateExpTrajectory SUCCESS.
[fsm_node-3] [INFO] [1789476964.614790858] [fsm_node]:  -- [OPTIMIZER_PHASE_MEMORY] optimizer=backup event=begin call=361 rss_mib=3191.324 swap_mib=0.000 variables=22 pieces=2
[fsm_node-3] [INFO] [1789476964.618744185] [fsm_node]:  -- [OPTIMIZER_PHASE_MEMORY] optimizer=backup event=end call=361 duration_ms=4.008 iterations=588 ret=1 rss_mib=3191.324 swap_mib=0.000 rss_delta_mib=0.000
[fsm_node-3] [INFO] [1789476964.618871274] [fsm_node]:  -- [OPTIMIZER_PHASE_MEMORY] optimizer=backup event=begin call=362 rss_mib=3191.324 swap_mib=0.000 variables=22 pieces=2
[fsm_node-3] [INFO] [1789476964.623713261] [fsm_node]:  -- [OPTIMIZER_PHASE_MEMORY] optimizer=backup event=end call=362 duration_ms=4.842 iterations=649 ret=1 rss_mib=3191.324 swap_mib=0.000 rss_delta_mib=0.000
[fsm_node-3] [INFO] [1789476964.624103929] [fsm_node]:  -- [TRAJ_GUARD_COMMIT] phase=PlanFromRest/with_backup gen=70 map=150 samples=280 range=[0.151,1.537] escape=false footprint_egress=false escape_done_tt=-1.000
[fsm_node-3] [38;2;000;128;000m -- [Fsm]: [PubCmdCallback] change state from [FOLLOW_TRAJ] to [GENERATE_TRAJ].
[fsm_node-3] [0m -- [TRAJ_GUARD_CERT] trigger=poly_publish status=SAFE gen=70 map=150 map_age=0.156s map_age_limit=0.550s motion_speed=0.000mps samples=278 range=[0.152,1.537] collision_tt=-1.000 ttc=-1.000 p=[0.000,0.000,0.000]
[fsm_node-3] [38;2;000;128;000m -- [Fsm]: [MainFsmCallback] change state from [GENERATE_TRAJ] to [FOLLOW_TRAJ].
[fsm_node-3] [0m[32m -- [Fsm 29.497] Current state: FOLLOW_TRAJ[0m
[fsm_node-3] [INFO] [1789476964.783995861] [fsm_node]:  -- [OPTIMIZER_PHASE_MEMORY] optimizer=exp event=begin call=202 rss_mib=3191.324 swap_mib=0.000 variables=17 pieces=5
[fsm_node-3] [INFO] [1789476964.795215243] [fsm_node]:  -- [OPTIMIZER_PHASE_MEMORY] optimizer=exp event=end call=202 duration_ms=11.275 iterations=775 ret=1 rss_mib=3191.324 swap_mib=0.000 rss_delta_mib=0.000
[fsm_node-3] [INFO] [1789476964.901275175] [fsm_node]:  -- [OPTIMIZER_PHASE_MEMORY] optimizer=backup event=begin call=363 rss_mib=3191.324 swap_mib=0.000 variables=22 pieces=2
[fsm_node-3] [INFO] [1789476964.903405077] [fsm_node]:  -- [OPTIMIZER_PHASE_MEMORY] optimizer=backup event=end call=363 duration_ms=2.170 iterations=404 ret=1 rss_mib=3191.324 swap_mib=0.000 rss_delta_mib=0.000
[fsm_node-3] [INFO] [1789476964.903496561] [fsm_node]:  -- [OPTIMIZER_PHASE_MEMORY] optimizer=backup event=begin call=364 rss_mib=3191.324 swap_mib=0.000 variables=22 pieces=2
[fsm_node-3] [INFO] [1789476964.904124833] [fsm_node]:  -- [OPTIMIZER_PHASE_MEMORY] optimizer=backup event=end call=364 duration_ms=0.629 iterations=128 ret=1 rss_mib=3191.324 swap_mib=0.000 rss_delta_mib=0.000
[fsm_node-3] [WARN] [1789476964.904157435] [fsm_node]:  -- [SUPER] in [ReplanOnce]: Replan overtime, check parameters, replan dt = 0.153141391.
[fsm_node-3] [INFO] [1789476964.925971998] [fsm_node]:  -- [OPTIMIZER_PHASE_MEMORY] optimizer=exp event=begin call=203 rss_mib=3191.324 swap_mib=0.000 variables=17 pieces=5
[fsm_node-3] [INFO] [1789476964.938881027] [fsm_node]:  -- [OPTIMIZER_PHASE_MEMORY] optimizer=exp event=end call=203 duration_ms=12.932 iterations=858 ret=1 rss_mib=3191.324 swap_mib=0.000 rss_delta_mib=0.000
[fsm_node-3] [INFO] [1789476965.038049299] [fsm_node]:  -- [OPTIMIZER_PHASE_MEMORY] optimizer=backup event=begin call=365 rss_mib=3191.324 swap_mib=0.000 variables=22 pieces=2
[fsm_node-3] [INFO] [1789476965.039179034] [fsm_node]:  -- [OPTIMIZER_PHASE_MEMORY] optimizer=backup event=end call=365 duration_ms=1.159 iterations=228 ret=1 rss_mib=3191.324 swap_mib=0.000 rss_delta_mib=0.000
[fsm_node-3] [INFO] [1789476965.039260804] [fsm_node]:  -- [OPTIMIZER_PHASE_MEMORY] optimizer=backup event=begin call=366 rss_mib=3191.324 swap_mib=0.000 variables=22 pieces=2
[fsm_node-3] [INFO] [1789476965.044171844] [fsm_node]:  -- [OPTIMIZER_PHASE_MEMORY] optimizer=backup event=end call=366 duration_ms=4.904 iterations=642 ret=1 rss_mib=3191.324 swap_mib=0.000 rss_delta_mib=0.000
[fsm_node-3] [WARN] [1789476965.044208723] [fsm_node]:  -- [SUPER] in [ReplanOnce]: Replan overtime, check parameters, replan dt = 0.139763378.
[fsm_node-3] [INFO] [1789476965.070500949] [fsm_node]:  -- [OPTIMIZER_PHASE_MEMORY] optimizer=exp event=begin call=204 rss_mib=3191.324 swap_mib=0.000 variables=17 pieces=5
[fsm_node-3] [INFO] [1789476965.076623165] [fsm_node]:  -- [OPTIMIZER_PHASE_MEMORY] optimizer=exp event=end call=204 duration_ms=6.162 iterations=445 ret=1 rss_mib=3191.324 swap_mib=0.000 rss_delta_mib=0.000
[fsm_node-3]  -- [TRAJ_GUARD_CERT] trigger=main_pre status=SAFE gen=70 map=151 map_age=0.005s map_age_limit=0.550s motion_speed=1.373mps samples=270 range=[0.194,1.537] collision_tt=-1.000 ttc=-1.000 p=[0.000,0.000,0.000]
[fsm_node-3]  -- [TRAJ_GUARD_CERT] trigger=main_pre status=SAFE gen=70 map=152 map_age=0.009s map_age_limit=0.500s motion_speed=5.113mps samples=230 range=[0.394,1.537] collision_tt=-1.000 ttc=-1.000 p=[0.000,0.000,0.000]
[fsm_node-3]  -- [TRAJ_GUARD_CERT] trigger=main_pre status=SAFE gen=70 map=153 map_age=0.007s map_age_limit=0.500s motion_speed=6.848mps samples=192 range=[0.584,1.537] collision_tt=-1.000 ttc=-1.000 p=[0.000,0.000,0.000]
[fsm_node-3] [32m -- [Fsm] Get goal at [0m-23.975000000000001 -23.975000000000001   1.525000000000000
[fsm_node-3] [32m -- [Fsm] Receive click goal at: [-23.975000000000001 -23.975000000000001   1.525000000000000]; goal yaw: 0.000000000000000 deg[0m
[fsm_node-3] [INFO] [1789476965.178074718] [fsm_node]:  -- [OPTIMIZER_PHASE_MEMORY] optimizer=backup event=begin call=367 rss_mib=3191.324 swap_mib=0.000 variables=18 pieces=2
[fsm_node-3] [INFO] [1789476965.178852044] [fsm_node]:  -- [OPTIMIZER_PHASE_MEMORY] optimizer=backup event=end call=367 duration_ms=0.803 iterations=164 ret=1 rss_mib=3191.324 swap_mib=0.000 rss_delta_mib=0.000
[fsm_node-3] [INFO] [1789476965.178923691] [fsm_node]:  -- [OPTIMIZER_PHASE_MEMORY] optimizer=backup event=begin call=368 rss_mib=3191.324 swap_mib=0.000 variables=18 pieces=2
[fsm_node-3] [INFO] [1789476965.181481992] [fsm_node]:  -- [OPTIMIZER_PHASE_MEMORY] optimizer=backup event=end call=368 duration_ms=2.558 iterations=444 ret=1 rss_mib=3191.324 swap_mib=0.000 rss_delta_mib=0.000
[fsm_node-3] [WARN] [1789476965.181510191] [fsm_node]:  -- [SUPER] in [ReplanOnce]: Replan overtime, check parameters, replan dt = 0.136929165.
[fsm_node-3] [INFO] [1789476965.196657431] [fsm_node]:  -- [OPTIMIZER_PHASE_MEMORY] optimizer=exp event=begin call=205 rss_mib=3191.324 swap_mib=0.000 variables=17 pieces=5
[fsm_node-3] [INFO] [1789476965.236390365] [fsm_node]:  -- [OPTIMIZER_PHASE_MEMORY] optimizer=exp event=end call=205 duration_ms=39.745 iterations=2632 ret=1 rss_mib=3191.324 swap_mib=0.000 rss_delta_mib=0.000
[fsm_node-3] [INFO] [1789476965.336628649] [fsm_node]:  -- [OPTIMIZER_PHASE_MEMORY] optimizer=backup event=begin call=369 rss_mib=3191.324 swap_mib=0.000 variables=18 pieces=2
[fsm_node-3] [INFO] [1789476965.337268577] [fsm_node]:  -- [OPTIMIZER_PHASE_MEMORY] optimizer=backup event=end call=369 duration_ms=0.671 iterations=130 ret=1 rss_mib=3191.324 swap_mib=0.000 rss_delta_mib=0.000
[fsm_node-3] [INFO] [1789476965.337339572] [fsm_node]:  -- [OPTIMIZER_PHASE_MEMORY] optimizer=backup event=begin call=370 rss_mib=3191.324 swap_mib=0.000 variables=18 pieces=2
[fsm_node-3] [INFO] [1789476965.340880791] [fsm_node]:  -- [OPTIMIZER_PHASE_MEMORY] optimizer=backup event=end call=370 duration_ms=3.536 iterations=542 ret=1 rss_mib=3191.324 swap_mib=0.000 rss_delta_mib=0.000
[fsm_node-3] [WARN] [1789476965.340917269] [fsm_node]:  -- [SUPER] in [ReplanOnce]: Replan overtime, check parameters, replan dt = 0.159074463.
[fsm_node-3] [INFO] [1789476965.356978112] [fsm_node]:  -- [OPTIMIZER_PHASE_MEMORY] optimizer=exp event=begin call=206 rss_mib=3191.324 swap_mib=0.000 variables=13 pieces=4
[fsm_node-3] [INFO] [1789476965.370000464] [fsm_node]:  -- [OPTIMIZER_PHASE_MEMORY] optimizer=exp event=end call=206 duration_ms=13.057 iterations=1093 ret=1 rss_mib=3191.324 swap_mib=0.000 rss_delta_mib=0.000
[fsm_node-3] [INFO] [1789476965.473704349] [fsm_node]:  -- [OPTIMIZER_PHASE_MEMORY] optimizer=backup event=begin call=371 rss_mib=3191.324 swap_mib=0.000 variables=18 pieces=2
[fsm_node-3] [INFO] [1789476965.481693007] [fsm_node]:  -- [OPTIMIZER_PHASE_MEMORY] optimizer=backup event=end call=371 duration_ms=8.015 iterations=1047 ret=1 rss_mib=3191.324 swap_mib=0.000 rss_delta_mib=0.000
[fsm_node-3] [INFO] [1789476965.481783088] [fsm_node]:  -- [OPTIMIZER_PHASE_MEMORY] optimizer=backup event=begin call=372 rss_mib=3191.324 swap_mib=0.000 variables=18 pieces=2
[fsm_node-3] [INFO] [1789476965.484086008] [fsm_node]:  -- [OPTIMIZER_PHASE_MEMORY] optimizer=backup event=end call=372 duration_ms=2.301 iterations=387 ret=1 rss_mib=3191.324 swap_mib=0.000 rss_delta_mib=0.000
[fsm_node-3] [WARN] [1789476965.484128860] [fsm_node]:  -- [SUPER] in [ReplanOnce]: Replan overtime, check parameters, replan dt = 0.142961467.
[fsm_node-3] [INFO] [1789476965.498947419] [fsm_node]:  -- [OPTIMIZER_PHASE_MEMORY] optimizer=exp event=begin call=207 rss_mib=3191.324 swap_mib=0.000 variables=17 pieces=5
[fsm_node-3] [INFO] [1789476965.510031646] [fsm_node]:  -- [OPTIMIZER_PHASE_MEMORY] optimizer=exp event=end call=207 duration_ms=11.123 iterations=790 ret=1 rss_mib=3191.324 swap_mib=0.000 rss_delta_mib=0.000
[fsm_node-3] [INFO] [1789476965.610436367] [fsm_node]:  -- [OPTIMIZER_PHASE_MEMORY] optimizer=backup event=begin call=373 rss_mib=3191.324 swap_mib=0.000 variables=18 pieces=2
[fsm_node-3] [INFO] [1789476965.611928099] [fsm_node]:  -- [OPTIMIZER_PHASE_MEMORY] optimizer=backup event=end call=373 duration_ms=1.513 iterations=313 ret=1 rss_mib=3191.324 swap_mib=0.000 rss_delta_mib=0.000
[fsm_node-3] [INFO] [1789476965.612002473] [fsm_node]:  -- [OPTIMIZER_PHASE_MEMORY] optimizer=backup event=begin call=374 rss_mib=3191.324 swap_mib=0.000 variables=18 pieces=2
[fsm_node-3] [INFO] [1789476965.614253108] [fsm_node]:  -- [OPTIMIZER_PHASE_MEMORY] optimizer=backup event=end call=374 duration_ms=2.249 iterations=441 ret=1 rss_mib=3191.324 swap_mib=0.000 rss_delta_mib=0.000
[fsm_node-3] [WARN] [1789476965.614285166] [fsm_node]:  -- [SUPER] in [ReplanOnce]: Replan overtime, check parameters, replan dt = 0.129940093.
[fsm_node-3]  -- [TRAJ_GUARD_CERT] trigger=main_pre status=SAFE gen=70 map=154 map_age=0.007s map_age_limit=0.500s motion_speed=6.929mps samples=152 range=[0.784,1.537] collision_tt=-1.000 ttc=-1.000 p=[0.000,0.000,0.000]
[fsm_node-3]  -- [TRAJ_GUARD_CERT] trigger=main_pre status=SAFE gen=70 map=155 map_age=0.005s map_age_limit=0.500s motion_speed=6.999mps samples=112 range=[0.984,1.537] collision_tt=-1.000 ttc=-1.000 p=[0.000,0.000,0.000]
[fsm_node-3] [32m -- [Fsm 30.500] Current state: FOLLOW_TRAJ[0m
[fsm_node-3] [INFO] [1789476965.628917334] [fsm_node]:  -- [OPTIMIZER_PHASE_MEMORY] optimizer=exp event=begin call=208 rss_mib=3191.324 swap_mib=0.000 variables=17 pieces=5
[fsm_node-3] [INFO] [1789476965.634705105] [fsm_node]:  -- [OPTIMIZER_PHASE_MEMORY] optimizer=exp event=end call=208 duration_ms=5.825 iterations=431 ret=1 rss_mib=3191.324 swap_mib=0.000 rss_delta_mib=0.000
[fsm_node-3] [INFO] [1789476965.726896504] [fsm_node]:  -- [OPTIMIZER_PHASE_MEMORY] optimizer=backup event=begin call=375 rss_mib=3191.324 swap_mib=0.000 variables=18 pieces=2
[fsm_node-3] [INFO] [1789476965.729439592] [fsm_node]:  -- [OPTIMIZER_PHASE_MEMORY] optimizer=backup event=end call=375 duration_ms=2.560 iterations=434 ret=1 rss_mib=3191.324 swap_mib=0.000 rss_delta_mib=0.000
[fsm_node-3] [INFO] [1789476965.729511260] [fsm_node]:  -- [OPTIMIZER_PHASE_MEMORY] optimizer=backup event=begin call=376 rss_mib=3191.324 swap_mib=0.000 variables=18 pieces=2
[fsm_node-3] [INFO] [1789476965.731143737] [fsm_node]:  -- [OPTIMIZER_PHASE_MEMORY] optimizer=backup event=end call=376 duration_ms=1.627 iterations=342 ret=1 rss_mib=3191.324 swap_mib=0.000 rss_delta_mib=0.000
[fsm_node-3] [WARN] [1789476965.731174548] [fsm_node]:  -- [SUPER] in [ReplanOnce]: Replan overtime, check parameters, replan dt = 0.116680547.
[fsm_node-3] [INFO] [1789476965.745332807] [fsm_node]:  -- [OPTIMIZER_PHASE_MEMORY] optimizer=exp event=begin call=209 rss_mib=3191.324 swap_mib=0.000 variables=17 pieces=5
[fsm_node-3] [INFO] [1789476965.760486810] [fsm_node]:  -- [OPTIMIZER_PHASE_MEMORY] optimizer=exp event=end call=209 duration_ms=15.207 iterations=1059 ret=1 rss_mib=3191.324 swap_mib=0.000 rss_delta_mib=0.000
[fsm_node-3] [INFO] [1789476965.854121251] [fsm_node]:  -- [OPTIMIZER_PHASE_MEMORY] optimizer=backup event=begin call=377 rss_mib=3191.324 swap_mib=0.000 variables=18 pieces=2
[fsm_node-3] [INFO] [1789476965.858865661] [fsm_node]:  -- [OPTIMIZER_PHASE_MEMORY] optimizer=backup event=end call=377 duration_ms=4.783 iterations=667 ret=1 rss_mib=3191.324 swap_mib=0.000 rss_delta_mib=0.000
[fsm_node-3] [INFO] [1789476965.858941409] [fsm_node]:  -- [OPTIMIZER_PHASE_MEMORY] optimizer=backup event=begin call=378 rss_mib=3191.324 swap_mib=0.000 variables=18 pieces=2
[fsm_node-3] [INFO] [1789476965.861969649] [fsm_node]:  -- [OPTIMIZER_PHASE_MEMORY] optimizer=backup event=end call=378 duration_ms=3.027 iterations=488 ret=1 rss_mib=3191.324 swap_mib=0.000 rss_delta_mib=0.000
[fsm_node-3] [WARN] [1789476965.862001214] [fsm_node]:  -- [SUPER] in [ReplanOnce]: Replan overtime, check parameters, replan dt = 0.130591471.
[fsm_node-3] [INFO] [1789476965.875692063] [fsm_node]:  -- [OPTIMIZER_PHASE_MEMORY] optimizer=exp event=begin call=210 rss_mib=3191.324 swap_mib=0.000 variables=17 pieces=5
[fsm_node-3] [INFO] [1789476965.891924431] [fsm_node]:  -- [OPTIMIZER_PHASE_MEMORY] optimizer=exp event=end call=210 duration_ms=16.244 iterations=1101 ret=1 rss_mib=3191.324 swap_mib=0.000 rss_delta_mib=0.000
[fsm_node-3] [INFO] [1789476965.984309974] [fsm_node]:  -- [OPTIMIZER_PHASE_MEMORY] optimizer=backup event=begin call=379 rss_mib=3191.324 swap_mib=0.000 variables=18 pieces=2
[fsm_node-3] [INFO] [1789476965.987028930] [fsm_node]:  -- [OPTIMIZER_PHASE_MEMORY] optimizer=backup event=end call=379 duration_ms=2.783 iterations=506 ret=1 rss_mib=3191.324 swap_mib=0.000 rss_delta_mib=0.000
[fsm_node-3] [INFO] [1789476965.987104866] [fsm_node]:  -- [OPTIMIZER_PHASE_MEMORY] optimizer=backup event=begin call=380 rss_mib=3191.324 swap_mib=0.000 variables=18 pieces=2
[fsm_node-3] [INFO] [1789476965.988066759] [fsm_node]:  -- [OPTIMIZER_PHASE_MEMORY] optimizer=backup event=end call=380 duration_ms=0.963 iterations=207 ret=1 rss_mib=3191.324 swap_mib=0.000 rss_delta_mib=0.000
[fsm_node-3] [WARN] [1789476965.988098109] [fsm_node]:  -- [SUPER] in [ReplanOnce]: Replan overtime, check parameters, replan dt = 0.125798773.
[fsm_node-3] [INFO] [1789476965.989173646] [fsm_node]:  -- [TRAJ_GUARD_COMMIT] phase=ReplanOnce/no_backup gen=71 map=157 samples=24 range=[1.517,1.625] escape=false footprint_egress=false escape_done_tt=-1.000
[fsm_node-3]  -- [TRAJ_GUARD_CERT] trigger=main_pre status=SAFE gen=70 map=156 map_age=0.011s map_age_limit=0.500s motion_speed=5.305mps samples=72 range=[1.184,1.537] collision_tt=-1.000 ttc=-1.000 p=[0.000,0.000,0.000]
[fsm_node-3]  -- [TRAJ_GUARD_CERT] trigger=main_pre status=SAFE gen=70 map=157 map_age=0.003s map_age_limit=0.550s motion_speed=2.155mps samples=34 range=[1.374,1.537] collision_tt=-1.000 ttc=-1.000 p=[0.000,0.000,0.000]
[fsm_node-3] [32m -- [Fsm] ReplanOnce succeed.[0m
[fsm_node-3] [INFO] [1789476966.005127962] [fsm_node]:  -- [TRAJ_GUARD_COMMIT] phase=ReplanOnce/no_backup gen=72 map=157 samples=21 range=[1.533,1.625] escape=false footprint_egress=false escape_done_tt=-1.000
[fsm_node-3]  -- [TRAJ_GUARD_CERT] trigger=poly_publish status=SAFE gen=71 map=157 map_age=0.146s map_age_limit=0.550s motion_speed=0.017mps samples=23 range=[1.517,1.625] collision_tt=-1.000 ttc=-1.000 p=[0.000,0.000,0.000]
[fsm_node-3] [32m -- [Fsm] ReplanOnce succeed.[0m
[fsm_node-3] [INFO] [1789476966.072084968] [fsm_node]:  -- [TRAJ_GUARD_COMMIT] phase=ReplanOnce/no_backup gen=73 map=158 samples=8 range=[1.599,1.625] escape=false footprint_egress=false escape_done_tt=-1.000
[fsm_node-3]  -- [TRAJ_GUARD_CERT] trigger=poly_publish status=SAFE gen=72 map=157 map_age=0.162s map_age_limit=0.550s motion_speed=0.293mps samples=20 range=[1.533,1.625] collision_tt=-1.000 ttc=-1.000 p=[0.000,0.000,0.000]
[fsm_node-3]  -- [TRAJ_GUARD_CERT] trigger=main_pre status=SAFE gen=72 map=158 map_age=0.008s map_age_limit=0.550s motion_speed=0.045mps samples=10 range=[1.584,1.625] collision_tt=-1.000 ttc=-1.000 p=[0.000,0.000,0.000]
[fsm_node-3] [32m -- [Fsm] ReplanOnce succeed.[0m
[fsm_node-3]  -- [TRAJ_GUARD_CERT] trigger=poly_publish status=SAFE gen=73 map=158 map_age=0.023s map_age_limit=0.550s motion_speed=0.011mps samples=7 range=[1.600,1.625] collision_tt=-1.000 ttc=-1.000 p=[0.000,0.000,0.000]
[fsm_node-3] [32m -- [Fsm] Traj finish.[0m
[fsm_node-3] [WARN] [1789476966.116718925] [fsm_node]:  -- [TRAJ_GUARD_RECOVERY_EPISODE_RESET] reason=horizontal_progress progress=6.818m threshold=2.000m prior_local=0 prior_vertical=0 prior_base=0
[fsm_node-3] [INFO] [1789476966.129874522] [fsm_node]:  -- [OPTIMIZER_PHASE_MEMORY] optimizer=exp event=begin call=211 rss_mib=3191.324 swap_mib=0.000 variables=17 pieces=5
[fsm_node-3] [INFO] [1789476966.140367012] [fsm_node]:  -- [OPTIMIZER_PHASE_MEMORY] optimizer=exp event=end call=211 duration_ms=10.520 iterations=772 ret=1 rss_mib=3191.324 swap_mib=0.000 rss_delta_mib=0.000
[fsm_node-3] [INFO] [1789476966.140435421] [fsm_node]:  -- [SUPER] in [PlanFromRest] GenerateExpTrajectory SUCCESS.
[fsm_node-3] [INFO] [1789476966.231453122] [fsm_node]:  -- [OPTIMIZER_PHASE_MEMORY] optimizer=backup event=begin call=381 rss_mib=3191.324 swap_mib=0.000 variables=18 pieces=2
[fsm_node-3] [INFO] [1789476966.241430845] [fsm_node]:  -- [OPTIMIZER_PHASE_MEMORY] optimizer=backup event=end call=381 duration_ms=10.008 iterations=1372 ret=1 rss_mib=3191.324 swap_mib=0.000 rss_delta_mib=0.000
[fsm_node-3] [INFO] [1789476966.241533674] [fsm_node]:  -- [OPTIMIZER_PHASE_MEMORY] optimizer=backup event=begin call=382 rss_mib=3191.324 swap_mib=0.000 variables=18 pieces=2
[fsm_node-3] [INFO] [1789476966.242161735] [fsm_node]:  -- [OPTIMIZER_PHASE_MEMORY] optimizer=backup event=end call=382 duration_ms=0.627 iterations=145 ret=1 rss_mib=3191.324 swap_mib=0.000 rss_delta_mib=0.000
[fsm_node-3] [INFO] [1789476966.242518344] [fsm_node]:  -- [TRAJ_GUARD_COMMIT] phase=PlanFromRest/with_backup gen=74 map=158 samples=276 range=[0.125,1.491] escape=false footprint_egress=false escape_done_tt=-1.000
[fsm_node-3] [38;2;000;128;000m -- [Fsm]: [PubCmdCallback] change state from [FOLLOW_TRAJ] to [GENERATE_TRAJ].
[fsm_node-3] [0m -- [TRAJ_GUARD_CERT] trigger=poly_publish status=SAFE gen=74 map=158 map_age=0.194s map_age_limit=0.550s motion_speed=0.000mps samples=275 range=[0.126,1.491] collision_tt=-1.000 ttc=-1.000 p=[0.000,0.000,0.000]
[fsm_node-3] [38;2;000;128;000m -- [Fsm]: [MainFsmCallback] change state from [GENERATE_TRAJ] to [FOLLOW_TRAJ].
[fsm_node-3] [0m[32m -- [Fsm] Get goal at [0m-23.975000000000001 -23.975000000000001   1.525000000000000
[fsm_node-3] [32m -- [Fsm] Receive click goal at: [-23.975000000000001 -23.975000000000001   1.525000000000000]; goal yaw: 0.000000000000000 deg[0m
[fsm_node-3] [INFO] [1789476966.283870466] [fsm_node]:  -- [OPTIMIZER_PHASE_MEMORY] optimizer=exp event=begin call=212 rss_mib=3191.324 swap_mib=0.000 variables=17 pieces=5
[fsm_node-3] [INFO] [1789476966.292953253] [fsm_node]:  -- [OPTIMIZER_PHASE_MEMORY] optimizer=exp event=end call=212 duration_ms=9.113 iterations=648 ret=1 rss_mib=3191.324 swap_mib=0.000 rss_delta_mib=0.000
[fsm_node-3] [INFO] [1789476966.387971902] [fsm_node]:  -- [OPTIMIZER_PHASE_MEMORY] optimizer=backup event=begin call=383 rss_mib=3191.324 swap_mib=0.000 variables=18 pieces=2
[fsm_node-3] [INFO] [1789476966.391569905] [fsm_node]:  -- [OPTIMIZER_PHASE_MEMORY] optimizer=backup event=end call=383 duration_ms=3.659 iterations=629 ret=1 rss_mib=3191.324 swap_mib=0.000 rss_delta_mib=0.000
[fsm_node-3] [INFO] [1789476966.391646303] [fsm_node]:  -- [OPTIMIZER_PHASE_MEMORY] optimizer=backup event=begin call=384 rss_mib=3191.324 swap_mib=0.000 variables=18 pieces=2
[fsm_node-3] [INFO] [1789476966.393069990] [fsm_node]:  -- [OPTIMIZER_PHASE_MEMORY] optimizer=backup event=end call=384 duration_ms=1.425 iterations=297 ret=1 rss_mib=3191.324 swap_mib=0.000 rss_delta_mib=0.000
[fsm_node-3] [WARN] [1789476966.393104593] [fsm_node]:  -- [SUPER] in [ReplanOnce]: Replan overtime, check parameters, replan dt = 0.124373794.
[fsm_node-3] [INFO] [1789476966.407855852] [fsm_node]:  -- [OPTIMIZER_PHASE_MEMORY] optimizer=exp event=begin call=213 rss_mib=3191.324 swap_mib=0.000 variables=17 pieces=5
[fsm_node-3] [INFO] [1789476966.418472334] [fsm_node]:  -- [OPTIMIZER_PHASE_MEMORY] optimizer=exp event=end call=213 duration_ms=10.643 iterations=746 ret=1 rss_mib=3191.324 swap_mib=0.000 rss_delta_mib=0.000
[fsm_node-3] [INFO] [1789476966.515474927] [fsm_node]:  -- [OPTIMIZER_PHASE_MEMORY] optimizer=backup event=begin call=385 rss_mib=3191.324 swap_mib=0.000 variables=18 pieces=2
[fsm_node-3] [INFO] [1789476966.522251590] [fsm_node]:  -- [OPTIMIZER_PHASE_MEMORY] optimizer=backup event=end call=385 duration_ms=6.807 iterations=907 ret=1 rss_mib=3191.324 swap_mib=0.000 rss_delta_mib=0.000
[fsm_node-3] [INFO] [1789476966.522329883] [fsm_node]:  -- [OPTIMIZER_PHASE_MEMORY] optimizer=backup event=begin call=386 rss_mib=3191.324 swap_mib=0.000 variables=18 pieces=2
[fsm_node-3] [INFO] [1789476966.524655561] [fsm_node]:  -- [OPTIMIZER_PHASE_MEMORY] optimizer=backup event=end call=386 duration_ms=2.319 iterations=390 ret=1 rss_mib=3191.324 swap_mib=0.000 rss_delta_mib=0.000
[fsm_node-3] [WARN] [1789476966.524696801] [fsm_node]:  -- [SUPER] in [ReplanOnce]: Replan overtime, check parameters, replan dt = 0.131368632.
[fsm_node-3] [INFO] [1789476966.544664529] [fsm_node]:  -- [OPTIMIZER_PHASE_MEMORY] optimizer=exp event=begin call=214 rss_mib=3191.328 swap_mib=0.000 variables=17 pieces=5
[fsm_node-3] [INFO] [1789476966.552622647] [fsm_node]:  -- [OPTIMIZER_PHASE_MEMORY] optimizer=exp event=end call=214 duration_ms=8.014 iterations=565 ret=1 rss_mib=3191.328 swap_mib=0.000 rss_delta_mib=0.000
[fsm_node-3]  -- [TRAJ_GUARD_CERT] trigger=main_pre status=SAFE gen=74 map=159 map_age=0.004s map_age_limit=0.550s motion_speed=0.000mps samples=274 range=[0.130,1.491] collision_tt=-1.000 ttc=-1.000 p=[0.000,0.000,0.000]
[fsm_node-3]  -- [TRAJ_GUARD_CERT] trigger=main_pre status=SAFE gen=74 map=160 map_age=0.002s map_age_limit=0.500s motion_speed=4.066mps samples=234 range=[0.330,1.491] collision_tt=-1.000 ttc=-1.000 p=[0.000,0.000,0.000]
[fsm_node-3] [32m -- [Fsm 31.500] Current state: FOLLOW_TRAJ[0m
[fsm_node-3] [INFO] [1789476966.649690530] [fsm_node]:  -- [OPTIMIZER_PHASE_MEMORY] optimizer=backup event=begin call=387 rss_mib=3191.328 swap_mib=0.000 variables=18 pieces=2
[fsm_node-3] [INFO] [1789476966.652893431] [fsm_node]:  -- [OPTIMIZER_PHASE_MEMORY] optimizer=backup event=end call=387 duration_ms=3.245 iterations=582 ret=1 rss_mib=3191.328 swap_mib=0.000 rss_delta_mib=0.000
[fsm_node-3] [INFO] [1789476966.652983762] [fsm_node]:  -- [OPTIMIZER_PHASE_MEMORY] optimizer=backup event=begin call=388 rss_mib=3191.328 swap_mib=0.000 variables=18 pieces=2
[fsm_node-3] [INFO] [1789476966.655562384] [fsm_node]:  -- [OPTIMIZER_PHASE_MEMORY] optimizer=backup event=end call=388 duration_ms=2.579 iterations=439 ret=1 rss_mib=3191.328 swap_mib=0.000 rss_delta_mib=0.000
[fsm_node-3] [WARN] [1789476966.655593697] [fsm_node]:  -- [SUPER] in [ReplanOnce]: Replan overtime, check parameters, replan dt = 0.130649601.
[fsm_node-3] [INFO] [1789476966.682415362] [fsm_node]:  -- [OPTIMIZER_PHASE_MEMORY] optimizer=exp event=begin call=215 rss_mib=3191.332 swap_mib=0.000 variables=13 pieces=4
[fsm_node-3] [INFO] [1789476966.687543801] [fsm_node]:  -- [OPTIMIZER_PHASE_MEMORY] optimizer=exp event=end call=215 duration_ms=5.190 iterations=458 ret=1 rss_mib=3191.332 swap_mib=0.000 rss_delta_mib=0.000
[fsm_node-3] [INFO] [1789476966.782887887] [fsm_node]:  -- [OPTIMIZER_PHASE_MEMORY] optimizer=backup event=begin call=389 rss_mib=3191.332 swap_mib=0.000 variables=18 pieces=2
[fsm_node-3] [INFO] [1789476966.784489576] [fsm_node]:  -- [OPTIMIZER_PHASE_MEMORY] optimizer=backup event=end call=389 duration_ms=1.623 iterations=312 ret=1 rss_mib=3191.332 swap_mib=0.000 rss_delta_mib=0.000
[fsm_node-3] [INFO] [1789476966.784568215] [fsm_node]:  -- [OPTIMIZER_PHASE_MEMORY] optimizer=backup event=begin call=390 rss_mib=3191.332 swap_mib=0.000 variables=18 pieces=2
[fsm_node-3] [INFO] [1789476966.786429533] [fsm_node]:  -- [OPTIMIZER_PHASE_MEMORY] optimizer=backup event=end call=390 duration_ms=1.854 iterations=371 ret=1 rss_mib=3191.332 swap_mib=0.000 rss_delta_mib=0.000
[fsm_node-3] [WARN] [1789476966.786467494] [fsm_node]:  -- [SUPER] in [ReplanOnce]: Replan overtime, check parameters, replan dt = 0.130504387.
[fsm_node-3] [INFO] [1789476966.816084909] [fsm_node]:  -- [OPTIMIZER_PHASE_MEMORY] optimizer=exp event=begin call=216 rss_mib=3191.336 swap_mib=0.000 variables=13 pieces=4
[fsm_node-3] [INFO] [1789476966.823707243] [fsm_node]:  -- [OPTIMIZER_PHASE_MEMORY] optimizer=exp event=end call=216 duration_ms=7.670 iterations=622 ret=1 rss_mib=3191.336 swap_mib=0.000 rss_delta_mib=0.000
[fsm_node-3] [INFO] [1789476966.914331679] [fsm_node]:  -- [OPTIMIZER_PHASE_MEMORY] optimizer=backup event=begin call=391 rss_mib=3191.336 swap_mib=0.000 variables=18 pieces=2
[fsm_node-3] [INFO] [1789476966.916738438] [fsm_node]:  -- [OPTIMIZER_PHASE_MEMORY] optimizer=backup event=end call=391 duration_ms=2.443 iterations=494 ret=1 rss_mib=3191.336 swap_mib=0.000 rss_delta_mib=0.000
[fsm_node-3] [INFO] [1789476966.916815468] [fsm_node]:  -- [OPTIMIZER_PHASE_MEMORY] optimizer=backup event=begin call=392 rss_mib=3191.336 swap_mib=0.000 variables=18 pieces=2
[fsm_node-3] [INFO] [1789476966.919422578] [fsm_node]:  -- [OPTIMIZER_PHASE_MEMORY] optimizer=backup event=end call=392 duration_ms=2.600 iterations=419 ret=1 rss_mib=3191.336 swap_mib=0.000 rss_delta_mib=0.000
[fsm_node-3] [WARN] [1789476966.919459209] [fsm_node]:  -- [SUPER] in [ReplanOnce]: Replan overtime, check parameters, replan dt = 0.132686661.
[fsm_node-3] [INFO] [1789476966.958232315] [fsm_node]:  -- [OPTIMIZER_PHASE_MEMORY] optimizer=exp event=begin call=217 rss_mib=3191.340 swap_mib=0.000 variables=17 pieces=5
[fsm_node-3] [INFO] [1789476966.981974390] [fsm_node]:  -- [OPTIMIZER_PHASE_MEMORY] optimizer=exp event=end call=217 duration_ms=23.796 iterations=1583 ret=1 rss_mib=3191.340 swap_mib=0.000 rss_delta_mib=0.000
[fsm_node-3] [INFO] [1789476967.071097508] [fsm_node]:  -- [OPTIMIZER_PHASE_MEMORY] optimizer=backup event=begin call=393 rss_mib=3191.340 swap_mib=0.000 variables=18 pieces=2
[fsm_node-3] [INFO] [1789476967.077031359] [fsm_node]:  -- [OPTIMIZER_PHASE_MEMORY] optimizer=backup event=end call=393 duration_ms=5.966 iterations=900 ret=1 rss_mib=3191.340 swap_mib=0.000 rss_delta_mib=0.000
[fsm_node-3] [INFO] [1789476967.077117603] [fsm_node]:  -- [OPTIMIZER_PHASE_MEMORY] optimizer=backup event=begin call=394 rss_mib=3191.340 swap_mib=0.000 variables=18 pieces=2
[fsm_node-3] [INFO] [1789476967.079852884] [fsm_node]:  -- [OPTIMIZER_PHASE_MEMORY] optimizer=backup event=end call=394 duration_ms=2.725 iterations=465 ret=1 rss_mib=3191.340 swap_mib=0.000 rss_delta_mib=0.000
[fsm_node-3] [WARN] [1789476967.079892172] [fsm_node]:  -- [SUPER] in [ReplanOnce]: Replan overtime, check parameters, replan dt = 0.160131046.
[fsm_node-3] [INFO] [1789476967.112013624] [fsm_node]:  -- [OPTIMIZER_PHASE_MEMORY] optimizer=exp event=begin call=218 rss_mib=3191.344 swap_mib=0.000 variables=13 pieces=4
[fsm_node-3] [INFO] [1789476967.116404619] [fsm_node]:  -- [OPTIMIZER_PHASE_MEMORY] optimizer=exp event=end call=218 duration_ms=4.430 iterations=215 ret=1 rss_mib=3191.344 swap_mib=0.000 rss_delta_mib=0.000
[fsm_node-3]  -- [TRAJ_GUARD_CERT] trigger=replan_post status=SAFE gen=74 map=161 map_age=0.005s map_age_limit=0.500s motion_speed=6.675mps samples=192 range=[0.539,1.491] collision_tt=-1.000 ttc=-1.000 p=[0.000,0.000,0.000]
[fsm_node-3]  -- [TRAJ_GUARD_CERT] trigger=main_pre status=SAFE gen=74 map=162 map_age=0.008s map_age_limit=0.500s motion_speed=6.982mps samples=148 range=[0.760,1.491] collision_tt=-1.000 ttc=-1.000 p=[0.000,0.000,0.000]
[fsm_node-3]  -- [TRAJ_GUARD_CERT] trigger=main_pre status=SAFE gen=74 map=163 map_age=0.013s map_age_limit=0.500s motion_speed=7.000mps samples=106 range=[0.970,1.491] collision_tt=-1.000 ttc=-1.000 p=[0.000,0.000,0.000]
[fsm_node-3] [32m -- [Fsm] Get goal at [0m-23.975000000000001 -23.975000000000001   1.525000000000000
[fsm_node-3] [32m -- [Fsm] Receive click goal at: [-23.975000000000001 -23.975000000000001   1.525000000000000]; goal yaw: 0.000000000000000 deg[0m
[fsm_node-3] [INFO] [1789476967.208467540] [fsm_node]:  -- [OPTIMIZER_PHASE_MEMORY] optimizer=backup event=begin call=395 rss_mib=3191.344 swap_mib=0.000 variables=18 pieces=2
[fsm_node-3] [INFO] [1789476967.208977615] [fsm_node]:  -- [OPTIMIZER_PHASE_MEMORY] optimizer=backup event=end call=395 duration_ms=0.576 iterations=80 ret=1 rss_mib=3191.344 swap_mib=0.000 rss_delta_mib=0.000
[fsm_node-3] [WARN] [1789476967.208985049] [fsm_node]:  -- [BackOpt] Opt failed, Omg or thr or Pos violation.
[fsm_node-3] [33m -- [MINCO] TrajOpt failed, (unknown)[0m
[fsm_node-3] [33m -- [SUPER] Minco backup_traj opt failed.[0m
[fsm_node-3] [INFO] [1789476967.209045899] [fsm_node]:  -- [OPTIMIZER_PHASE_MEMORY] optimizer=backup event=begin call=396 rss_mib=3191.344 swap_mib=0.000 variables=18 pieces=2
[perfect_drone_frontend_node-2] [INFO] [1789476967.213680958] [native_sector_cpp]: frames=340 published=172 kept 23.2% (6239/26845 pts/input-frame)
[fsm_node-3] [INFO] [1789476967.233508867] [fsm_node]:  -- [OPTIMIZER_PHASE_MEMORY] optimizer=backup event=end call=396 duration_ms=24.446 iterations=2842 ret=1 rss_mib=3191.344 swap_mib=0.000 rss_delta_mib=0.000
[fsm_node-3] [WARN] [1789476967.233552948] [fsm_node]:  -- [SUPER] OptimizationBakTrajInPolytopes failed, force return
[fsm_node-3] [WARN] [1789476967.233563293] [fsm_node]:  -- [SUPER] in [ReplanOnce]: Replan overtime, check parameters, replan dt = 0.153424237.
[fsm_node-3] [INFO] [1789476967.254250298] [fsm_node]:  -- [OPTIMIZER_PHASE_MEMORY] optimizer=exp event=begin call=219 rss_mib=3191.348 swap_mib=0.000 variables=9 pieces=3
[fsm_node-3] [INFO] [1789476967.255354489] [fsm_node]:  -- [OPTIMIZER_PHASE_MEMORY] optimizer=exp event=end call=219 duration_ms=1.161 iterations=140 ret=1 rss_mib=3191.348 swap_mib=0.000 rss_delta_mib=0.000
[fsm_node-3] [WARN] [1789476967.334147545] [fsm_node]:  -- [SUPER] in [ReplanOnce]: Replan overtime, check parameters, replan dt = 0.10037263.
[fsm_node-3] [INFO] [1789476967.354931407] [fsm_node]:  -- [OPTIMIZER_PHASE_MEMORY] optimizer=exp event=begin call=220 rss_mib=3191.348 swap_mib=0.000 variables=9 pieces=3
[fsm_node-3] [INFO] [1789476967.358195469] [fsm_node]:  -- [OPTIMIZER_PHASE_MEMORY] optimizer=exp event=end call=220 duration_ms=3.305 iterations=378 ret=1 rss_mib=3191.348 swap_mib=0.000 rss_delta_mib=0.000
[fsm_node-3] [INFO] [1789476967.414772886] [fsm_node]:  -- [TRAJ_GUARD_COMMIT] phase=ReplanOnce/no_backup gen=75 map=164 samples=265 range=[0.080,1.395] escape=false footprint_egress=false escape_done_tt=-1.000
[fsm_node-3]  -- [TRAJ_GUARD_CERT] trigger=main_pre status=SAFE gen=74 map=164 map_age=0.014s map_age_limit=0.500s motion_speed=4.950mps samples=64 range=[1.180,1.491] collision_tt=-1.000 ttc=-1.000 p=[0.000,0.000,0.000]
[fsm_node-3] [32m -- [Fsm] ReplanOnce succeed.[0m
[fsm_node-3] [INFO] [1789476967.431156802] [fsm_node]:  -- [OPTIMIZER_PHASE_MEMORY] optimizer=exp event=begin call=221 rss_mib=3191.352 swap_mib=0.000 variables=9 pieces=3
[fsm_node-3] [INFO] [1789476967.438486565] [fsm_node]:  -- [OPTIMIZER_PHASE_MEMORY] optimizer=exp event=end call=221 duration_ms=7.376 iterations=759 ret=1 rss_mib=3191.352 swap_mib=0.000 rss_delta_mib=0.000
[fsm_node-3] [WARN] [1789476967.505446852] [fsm_node]:  -- [SUPER] in [ReplanOnce]: Replan overtime, check parameters, replan dt = 0.090300119.
[fsm_node-3] [INFO] [1789476967.527029723] [fsm_node]:  -- [OPTIMIZER_PHASE_MEMORY] optimizer=exp event=begin call=222 rss_mib=3191.352 swap_mib=0.000 variables=9 pieces=3
[fsm_node-3] [INFO] [1789476967.529125453] [fsm_node]:  -- [OPTIMIZER_PHASE_MEMORY] optimizer=exp event=end call=222 duration_ms=2.155 iterations=258 ret=1 rss_mib=3191.352 swap_mib=0.000 rss_delta_mib=0.000
[fsm_node-3] [INFO] [1789476967.581636746] [fsm_node]:  -- [TRAJ_GUARD_COMMIT] phase=ReplanOnce/no_backup gen=76 map=165 samples=234 range=[0.076,1.233] escape=false footprint_egress=false escape_done_tt=-1.000
[fsm_node-3]  -- [TRAJ_GUARD_CERT] trigger=poly_publish status=SAFE gen=75 map=164 map_age=0.132s map_age_limit=0.540s motion_speed=2.691mps samples=264 range=[0.080,1.395] collision_tt=-1.000 ttc=-1.000 p=[0.000,0.000,0.000]
[fsm_node-3]  -- [TRAJ_GUARD_CERT] trigger=main_pre status=SAFE gen=75 map=165 map_age=0.012s map_age_limit=0.550s motion_speed=1.759mps samples=254 range=[0.132,1.395] collision_tt=-1.000 ttc=-1.000 p=[0.000,0.000,0.000]
[fsm_node-3] [32m -- [Fsm] ReplanOnce succeed.[0m
[fsm_node-3] [INFO] [1789476967.598313355] [fsm_node]:  -- [OPTIMIZER_PHASE_MEMORY] optimizer=exp event=begin call=223 rss_mib=3191.355 swap_mib=0.000 variables=9 pieces=3
[fsm_node-3] [INFO] [1789476967.600956843] [fsm_node]:  -- [OPTIMIZER_PHASE_MEMORY] optimizer=exp event=end call=223 duration_ms=2.679 iterations=348 ret=1 rss_mib=3191.355 swap_mib=0.000 rss_delta_mib=0.000
[fsm_node-3]  -- [TRAJ_GUARD_CERT] trigger=poly_publish status=SAFE gen=76 map=165 map_age=0.127s map_age_limit=0.550s motion_speed=0.603mps samples=233 range=[0.076,1.233] collision_tt=-1.000 ttc=-1.000 p=[0.000,0.000,0.000]
[fsm_node-3] [32m -- [Fsm 32.510] Current state: FOLLOW_TRAJ[0m
[fsm_node-3] [INFO] [1789476967.655556979] [fsm_node]:  -- [TRAJ_GUARD_COMMIT] phase=ReplanOnce/no_backup gen=77 map=165 samples=223 range=[0.073,1.176] escape=false footprint_egress=false escape_done_tt=-1.000
[fsm_node-3] [32m -- [Fsm] ReplanOnce succeed.[0m
[fsm_node-3] [INFO] [1789476967.672469250] [fsm_node]:  -- [OPTIMIZER_PHASE_MEMORY] optimizer=exp event=begin call=224 rss_mib=3191.355 swap_mib=0.000 variables=9 pieces=3
[fsm_node-3] [INFO] [1789476967.674324048] [fsm_node]:  -- [OPTIMIZER_PHASE_MEMORY] optimizer=exp event=end call=224 duration_ms=1.909 iterations=232 ret=1 rss_mib=3191.355 swap_mib=0.000 rss_delta_mib=0.000
[fsm_node-3] [INFO] [1789476967.727976516] [fsm_node]:  -- [TRAJ_GUARD_COMMIT] phase=ReplanOnce/no_backup gen=78 map=166 samples=239 range=[0.072,1.253] escape=false footprint_egress=false escape_done_tt=-1.000
[fsm_node-3]  -- [TRAJ_GUARD_CERT] trigger=poly_publish status=SAFE gen=77 map=165 map_age=0.201s map_age_limit=0.550s motion_speed=1.159mps samples=222 range=[0.074,1.176] collision_tt=-1.000 ttc=-1.000 p=[0.000,0.000,0.000]
[fsm_node-3]  -- [TRAJ_GUARD_CERT] trigger=main_pre status=SAFE gen=77 map=166 map_age=0.013s map_age_limit=0.550s motion_speed=1.292mps samples=220 range=[0.085,1.176] collision_tt=-1.000 ttc=-1.000 p=[0.000,0.000,0.000]
[fsm_node-3] [32m -- [Fsm] ReplanOnce succeed.[0m
[fsm_node-3] [INFO] [1789476967.744848179] [fsm_node]:  -- [OPTIMIZER_PHASE_MEMORY] optimizer=exp event=begin call=225 rss_mib=3191.359 swap_mib=0.000 variables=9 pieces=3
[fsm_node-3] [INFO] [1789476967.748690284] [fsm_node]:  -- [OPTIMIZER_PHASE_MEMORY] optimizer=exp event=end call=225 duration_ms=3.901 iterations=431 ret=1 rss_mib=3191.359 swap_mib=0.000 rss_delta_mib=0.000
[fsm_node-3] [INFO] [1789476967.800523518] [fsm_node]:  -- [TRAJ_GUARD_COMMIT] phase=ReplanOnce/no_backup gen=79 map=166 samples=234 range=[0.072,1.230] escape=false footprint_egress=false escape_done_tt=-1.000
[fsm_node-3]  -- [TRAJ_GUARD_CERT] trigger=poly_publish status=SAFE gen=78 map=166 map_age=0.074s map_age_limit=0.550s motion_speed=2.472mps samples=238 range=[0.072,1.253] collision_tt=-1.000 ttc=-1.000 p=[0.000,0.000,0.000]
[fsm_node-3] [32m -- [Fsm] ReplanOnce succeed.[0m
[fsm_node-3] [INFO] [1789476967.816925892] [fsm_node]:  -- [OPTIMIZER_PHASE_MEMORY] optimizer=exp event=begin call=226 rss_mib=3191.359 swap_mib=0.000 variables=9 pieces=3
[fsm_node-3] [INFO] [1789476967.821242096] [fsm_node]:  -- [OPTIMIZER_PHASE_MEMORY] optimizer=exp event=end call=226 duration_ms=4.373 iterations=478 ret=1 rss_mib=3191.359 swap_mib=0.000 rss_delta_mib=0.000
[fsm_node-3] [INFO] [1789476967.871401661] [fsm_node]:  -- [TRAJ_GUARD_COMMIT] phase=ReplanOnce/no_backup gen=80 map=167 samples=190 range=[0.070,1.008] escape=false footprint_egress=false escape_done_tt=-1.000
[fsm_node-3]  -- [TRAJ_GUARD_CERT] trigger=poly_publish status=SAFE gen=79 map=166 map_age=0.147s map_age_limit=0.500s motion_speed=3.838mps samples=233 range=[0.072,1.230] collision_tt=-1.000 ttc=-1.000 p=[0.000,0.000,0.000]
[fsm_node-3]  -- [TRAJ_GUARD_CERT] trigger=main_pre status=SAFE gen=79 map=167 map_age=0.008s map_age_limit=0.500s motion_speed=4.893mps samples=220 range=[0.138,1.230] collision_tt=-1.000 ttc=-1.000 p=[0.000,0.000,0.000]
[fsm_node-3] [32m -- [Fsm] ReplanOnce succeed.[0m
[fsm_node-3] [INFO] [1789476967.885533443] [fsm_node]:  -- [OPTIMIZER_PHASE_MEMORY] optimizer=exp event=begin call=227 rss_mib=3191.363 swap_mib=0.000 variables=9 pieces=3
[fsm_node-3] [INFO] [1789476967.887950990] [fsm_node]:  -- [OPTIMIZER_PHASE_MEMORY] optimizer=exp event=end call=227 duration_ms=2.478 iterations=288 ret=1 rss_mib=3191.363 swap_mib=0.000 rss_delta_mib=0.000
[fsm_node-3] [INFO] [1789476967.932863177] [fsm_node]:  -- [TRAJ_GUARD_COMMIT] phase=ReplanOnce/no_backup gen=81 map=167 samples=177 range=[0.061,0.936] escape=false footprint_egress=false escape_done_tt=-1.000
[fsm_node-3]  -- [TRAJ_GUARD_CERT] trigger=poly_publish status=SAFE gen=80 map=167 map_age=0.013s map_age_limit=0.500s motion_speed=4.893mps samples=189 range=[0.071,1.008] collision_tt=-1.000 ttc=-1.000 p=[0.000,0.000,0.000]
[fsm_node-3] [32m -- [Fsm] ReplanOnce succeed.[0m
[fsm_node-3] [INFO] [1789476967.947492328] [fsm_node]:  -- [OPTIMIZER_PHASE_MEMORY] optimizer=exp event=begin call=228 rss_mib=3191.363 swap_mib=0.000 variables=5 pieces=2
[fsm_node-3] [INFO] [1789476967.949203491] [fsm_node]:  -- [OPTIMIZER_PHASE_MEMORY] optimizer=exp event=end call=228 duration_ms=1.779 iterations=277 ret=1 rss_mib=3191.363 swap_mib=0.000 rss_delta_mib=0.000
[fsm_node-3] [INFO] [1789476967.984259739] [fsm_node]:  -- [TRAJ_GUARD_COMMIT] phase=ReplanOnce/no_backup gen=82 map=167 samples=168 range=[0.051,0.877] escape=false footprint_egress=false escape_done_tt=-1.000
[fsm_node-3]  -- [TRAJ_GUARD_CERT] trigger=poly_publish status=SAFE gen=81 map=167 map_age=0.074s map_age_limit=0.500s motion_speed=5.765mps samples=176 range=[0.061,0.936] collision_tt=-1.000 ttc=-1.000 p=[0.000,0.000,0.000]
[fsm_node-3] [32m -- [Fsm] ReplanOnce succeed.[0m
[fsm_node-3] [INFO] [1789476967.995968700] [fsm_node]:  -- [OPTIMIZER_PHASE_MEMORY] optimizer=exp event=begin call=229 rss_mib=3191.367 swap_mib=0.000 variables=5 pieces=2
[fsm_node-3] [INFO] [1789476967.996854204] [fsm_node]:  -- [OPTIMIZER_PHASE_MEMORY] optimizer=exp event=end call=229 duration_ms=0.933 iterations=159 ret=1 rss_mib=3191.367 swap_mib=0.000 rss_delta_mib=0.000
[fsm_node-3] [INFO] [1789476968.027667422] [fsm_node]:  -- [TRAJ_GUARD_COMMIT] phase=ReplanOnce/no_backup gen=83 map=167 samples=159 range=[0.043,0.824] escape=false footprint_egress=false escape_done_tt=-1.000
[fsm_node-3]  -- [TRAJ_GUARD_CERT] trigger=poly_publish status=SAFE gen=82 map=167 map_age=0.126s map_age_limit=0.500s motion_speed=6.099mps samples=167 range=[0.051,0.877] collision_tt=-1.000 ttc=-1.000 p=[0.000,0.000,0.000]
[fsm_node-3] [32m -- [Fsm] ReplanOnce succeed.[0m
[fsm_node-3] [INFO] [1789476968.060867959] [fsm_node]:  -- [OPTIMIZER_PHASE_MEMORY] optimizer=exp event=begin call=230 rss_mib=3191.367 swap_mib=0.000 variables=5 pieces=2
[fsm_node-3] [INFO] [1789476968.061711590] [fsm_node]:  -- [OPTIMIZER_PHASE_MEMORY] optimizer=exp event=end call=230 duration_ms=0.914 iterations=145 ret=1 rss_mib=3191.367 swap_mib=0.000 rss_delta_mib=0.000
[fsm_node-3] [INFO] [1789476968.086965352] [fsm_node]:  -- [TRAJ_GUARD_COMMIT] phase=ReplanOnce/no_backup gen=84 map=168 samples=147 range=[0.036,0.759] escape=false footprint_egress=false escape_done_tt=-1.000
[fsm_node-3]  -- [TRAJ_GUARD_CERT] trigger=poly_publish status=SAFE gen=83 map=167 map_age=0.169s map_age_limit=0.500s motion_speed=6.253mps samples=158 range=[0.043,0.824] collision_tt=-1.000 ttc=-1.000 p=[0.000,0.000,0.000]
[fsm_node-3]  -- [TRAJ_GUARD_CERT] trigger=main_pre status=SAFE gen=83 map=168 map_age=0.004s map_age_limit=0.500s motion_speed=6.276mps samples=152 range=[0.072,0.824] collision_tt=-1.000 ttc=-1.000 p=[0.000,0.000,0.000]
[fsm_node-3] [32m -- [Fsm] ReplanOnce succeed.[0m
[fsm_node-3] [INFO] [1789476968.128385740] [fsm_node]:  -- [OPTIMIZER_PHASE_MEMORY] optimizer=exp event=begin call=231 rss_mib=3191.371 swap_mib=0.000 variables=1 pieces=1
[fsm_node-3] [INFO] [1789476968.128626757] [fsm_node]:  -- [OPTIMIZER_PHASE_MEMORY] optimizer=exp event=end call=231 duration_ms=0.280 iterations=80 ret=1 rss_mib=3191.371 swap_mib=0.000 rss_delta_mib=0.000
[perfect_drone_frontend_node-2] [INFO] [1789476968.138128443] [perfect_tracking]: [SENSOR_CADENCE_SUMMARY] frames=350 span_s=34.903136 hz=9.999101 raw_published=0 direct_handoffs=350 payload_bytes=296423168 side_entry_v1_enabled=0 side_entry_v1_spawned=0 side_entry_v1_injected_frames=0
[perfect_drone_frontend_node-2] [INFO] [1789476968.138185521] [perfect_tracking]: [SENSOR_BURST_DROPOUT_SUMMARY] enabled=0 warmup_s=1.000000 period_s=2.000000 duration_s=0.500000 phase_s=0.000000 phase_env_override=0 rendered=350 delivered=350 dropped=0 bursts=0 max_consecutive_dropped=0 max_delivered_gap_s=0.113815 dropped_payload_bytes=0
[fsm_node-3] [INFO] [1789476968.148678064] [fsm_node]:  -- [TRAJ_GUARD_COMMIT] phase=ReplanOnce/no_backup gen=85 map=168 samples=134 range=[0.032,0.691] escape=false footprint_egress=false escape_done_tt=-1.000
[fsm_node-3]  -- [TRAJ_GUARD_CERT] trigger=main_post status=SAFE gen=84 map=168 map_age=0.035s map_age_limit=0.500s motion_speed=6.280mps samples=146 range=[0.036,0.759] collision_tt=-1.000 ttc=-1.000 p=[0.000,0.000,0.000]
[fsm_node-3] [32m -- [Fsm] ReplanOnce succeed.[0m
[fsm_node-3]  -- [TRAJ_GUARD_CERT] trigger=poly_publish status=SAFE gen=85 map=168 map_age=0.096s map_age_limit=0.500s motion_speed=6.238mps samples=133 range=[0.032,0.691] collision_tt=-1.000 ttc=-1.000 p=[0.000,0.000,0.000]
[fsm_node-3] [32m -- [Fsm] Get goal at [0m-23.975000000000001 -23.975000000000001   1.525000000000000
[fsm_node-3] [32m -- [Fsm] Receive click goal at: [-23.975000000000001 -23.975000000000001   1.525000000000000]; goal yaw: 0.000000000000000 deg[0m
[fsm_node-3] [INFO] [1789476968.189230069] [fsm_node]:  -- [OPTIMIZER_PHASE_MEMORY] optimizer=exp event=begin call=232 rss_mib=3191.371 swap_mib=0.000 variables=1 pieces=1
[fsm_node-3] [INFO] [1789476968.189485787] [fsm_node]:  -- [OPTIMIZER_PHASE_MEMORY] optimizer=exp event=end call=232 duration_ms=0.305 iterations=71 ret=1 rss_mib=3191.371 swap_mib=0.000 rss_delta_mib=0.000
[fsm_node-3] [INFO] [1789476968.204553181] [fsm_node]:  -- [TRAJ_GUARD_COMMIT] phase=ReplanOnce/no_backup gen=86 map=168 samples=123 range=[0.022,0.625] escape=false footprint_egress=false escape_done_tt=-1.000
[fsm_node-3] [32m -- [Fsm] ReplanOnce succeed.[0m
[fsm_node-3] [WARN] [1789476968.260917369] [fsm_node]:  -- [TRAJ_GUARD_VIABILITY_SLOWDOWN] phase=ReplanOnce/no_backup gen=87 scale=1.250 retries=1
[fsm_node-3] [INFO] [1789476968.260967757] [fsm_node]:  -- [TRAJ_GUARD_COMMIT] phase=ReplanOnce/no_backup gen=87 map=169 samples=143 range=[0.078,0.782] escape=false footprint_egress=false escape_done_tt=-1.000
[fsm_node-3]  -- [TRAJ_GUARD_CERT] trigger=poly_publish status=SAFE gen=86 map=168 map_age=0.152s map_age_limit=0.500s motion_speed=6.191mps samples=122 range=[0.022,0.625] collision_tt=-1.000 ttc=-1.000 p=[0.000,0.000,0.000]
[fsm_node-3] [32m -- [Fsm] ReplanOnce succeed.[0m
[fsm_node-3]  -- [TRAJ_GUARD_CERT] trigger=poly_publish status=SAFE gen=87 map=169 map_age=0.007s map_age_limit=0.500s motion_speed=6.111mps samples=142 range=[0.078,0.782] collision_tt=-1.000 ttc=-1.000 p=[0.000,0.000,0.000]
[fsm_node-3] [32m -- [Fsm] Get goal at [0m 24.025000000000002 -23.975000000000001   1.525000000000000
[fsm_node-3] [32m -- [Fsm] Receive click goal at: [ 24.025000000000002 -23.975000000000001   1.525000000000000]; goal yaw: 0.000000000000000 deg[0m
[fsm_node-3] [INFO] [1789476968.331130062] [fsm_node]:  -- [TRAJ_GUARD_COMMIT] phase=ReplanOnce/no_backup gen=88 map=169 samples=98 range=[0.148,0.625] escape=false footprint_egress=false escape_done_tt=-1.000
[fsm_node-3] [32m -- [Fsm] ReplanOnce succeed.[0m
[fsm_node-3] [INFO] [1789476968.384688303] [fsm_node]:  -- [TRAJ_GUARD_COMMIT] phase=ReplanOnce/no_backup gen=89 map=169 samples=87 range=[0.202,0.625] escape=false footprint_egress=false escape_done_tt=-1.000
[fsm_node-3]  -- [TRAJ_GUARD_CERT] trigger=poly_publish status=SAFE gen=88 map=169 map_age=0.077s map_age_limit=0.500s motion_speed=4.804mps samples=97 range=[0.148,0.625] collision_tt=-1.000 ttc=-1.000 p=[0.000,0.000,0.000]
[fsm_node-3] [32m -- [Fsm] ReplanOnce succeed.[0m
[fsm_node-3] [INFO] [1789476968.450184552] [fsm_node]:  -- [TRAJ_GUARD_COMMIT] phase=ReplanOnce/no_backup gen=90 map=169 samples=74 range=[0.267,0.625] escape=false footprint_egress=false escape_done_tt=-1.000
[fsm_node-3]  -- [TRAJ_GUARD_CERT] trigger=poly_publish status=SAFE gen=89 map=169 map_age=0.131s map_age_limit=0.500s motion_speed=5.539mps samples=86 range=[0.202,0.625] collision_tt=-1.000 ttc=-1.000 p=[0.000,0.000,0.000]
[fsm_node-3] [32m -- [Fsm] ReplanOnce succeed.[0m
[fsm_node-3] [INFO] [1789476968.515937850] [fsm_node]:  -- [TRAJ_GUARD_COMMIT] phase=ReplanOnce/no_backup gen=91 map=170 samples=61 range=[0.333,0.625] escape=false footprint_egress=false escape_done_tt=-1.000
[fsm_node-3]  -- [TRAJ_GUARD_CERT] trigger=poly_publish status=SAFE gen=90 map=169 map_age=0.196s map_age_limit=0.500s motion_speed=4.703mps samples=73 range=[0.267,0.625] collision_tt=-1.000 ttc=-1.000 p=[0.000,0.000,0.000]
[fsm_node-3]  -- [TRAJ_GUARD_CERT] trigger=main_pre status=SAFE gen=90 map=170 map_age=0.011s map_age_limit=0.500s motion_speed=4.549mps samples=70 range=[0.284,0.625] collision_tt=-1.000 ttc=-1.000 p=[0.000,0.000,0.000]
[fsm_node-3] [32m -- [Fsm] ReplanOnce succeed.[0m
[fsm_node-3] [INFO] [1789476968.580223869] [fsm_node]:  -- [TRAJ_GUARD_COMMIT] phase=ReplanOnce/no_backup gen=92 map=170 samples=48 range=[0.397,0.625] escape=false footprint_egress=false escape_done_tt=-1.000
[fsm_node-3]  -- [TRAJ_GUARD_CERT] trigger=poly_publish status=SAFE gen=91 map=170 map_age=0.061s map_age_limit=0.500s motion_speed=3.680mps samples=60 range=[0.333,0.625] collision_tt=-1.000 ttc=-1.000 p=[0.000,0.000,0.000]
[fsm_node-3] [32m -- [Fsm] ReplanOnce succeed.[0m
[fsm_node-3]  -- [TRAJ_GUARD_CERT] trigger=poly_publish status=SAFE gen=92 map=170 map_age=0.125s map_age_limit=0.550s motion_speed=2.310mps samples=47 range=[0.398,0.625] collision_tt=-1.000 ttc=-1.000 p=[0.000,0.000,0.000]
[fsm_node-3] [32m -- [Fsm 33.510] Current state: FOLLOW_TRAJ[0m
[fsm_node-3] [INFO] [1789476968.645924306] [fsm_node]:  -- [TRAJ_GUARD_COMMIT] phase=ReplanOnce/no_backup gen=93 map=170 samples=35 range=[0.463,0.625] escape=false footprint_egress=false escape_done_tt=-1.000
[fsm_node-3] [32m -- [Fsm] ReplanOnce succeed.[0m
[fsm_node-3] [INFO] [1789476968.711766924] [fsm_node]:  -- [TRAJ_GUARD_COMMIT] phase=ReplanOnce/no_backup gen=94 map=171 samples=22 range=[0.529,0.625] escape=false footprint_egress=false escape_done_tt=-1.000
[fsm_node-3]  -- [TRAJ_GUARD_CERT] trigger=poly_publish status=SAFE gen=93 map=170 map_age=0.191s map_age_limit=0.550s motion_speed=1.216mps samples=34 range=[0.463,0.625] collision_tt=-1.000 ttc=-1.000 p=[0.000,0.000,0.000]
[fsm_node-3]  -- [TRAJ_GUARD_CERT] trigger=main_pre status=SAFE gen=93 map=171 map_age=0.005s map_age_limit=0.550s motion_speed=0.913mps samples=30 range=[0.484,0.625] collision_tt=-1.000 ttc=-1.000 p=[0.000,0.000,0.000]
[fsm_node-3] [32m -- [Fsm] ReplanOnce succeed.[0m
[fsm_node-3] [INFO] [1789476968.778024475] [fsm_node]:  -- [TRAJ_GUARD_COMMIT] phase=ReplanOnce/no_backup gen=95 map=171 samples=9 range=[0.595,0.625] escape=false footprint_egress=false escape_done_tt=-1.000
[fsm_node-3]  -- [TRAJ_GUARD_CERT] trigger=poly_publish status=SAFE gen=94 map=171 map_age=0.050s map_age_limit=0.550s motion_speed=0.334mps samples=21 range=[0.529,0.625] collision_tt=-1.000 ttc=-1.000 p=[0.000,0.000,0.000]
[fsm_node-3] [32m -- [Fsm] ReplanOnce succeed.[0m
[fsm_node-3]  -- [TRAJ_GUARD_CERT] trigger=poly_publish status=SAFE gen=95 map=171 map_age=0.117s map_age_limit=0.550s motion_speed=0.013mps samples=7 range=[0.595,0.625] collision_tt=-1.000 ttc=-1.000 p=[0.000,0.000,0.000]
[fsm_node-3] [32m -- [Fsm] Traj finish.[0m
[fsm_node-3] [INFO] [1789476968.845152119] [fsm_node]:  -- [OPTIMIZER_PHASE_MEMORY] optimizer=exp event=begin call=233 rss_mib=3191.387 swap_mib=0.000 variables=17 pieces=5
[fsm_node-3] [INFO] [1789476968.850928125] [fsm_node]:  -- [OPTIMIZER_PHASE_MEMORY] optimizer=exp event=end call=233 duration_ms=5.810 iterations=527 ret=1 rss_mib=3191.387 swap_mib=0.000 rss_delta_mib=0.000
[fsm_node-3] [INFO] [1789476968.850988922] [fsm_node]:  -- [SUPER] in [PlanFromRest] GenerateExpTrajectory SUCCESS.
[fsm_node-3] [INFO] [1789476968.927016687] [fsm_node]:  -- [OPTIMIZER_PHASE_MEMORY] optimizer=backup event=begin call=397 rss_mib=3191.387 swap_mib=0.000 variables=18 pieces=2
[fsm_node-3] [INFO] [1789476968.933126532] [fsm_node]:  -- [OPTIMIZER_PHASE_MEMORY] optimizer=backup event=end call=397 duration_ms=6.143 iterations=1026 ret=1 rss_mib=3191.387 swap_mib=0.000 rss_delta_mib=0.000
[fsm_node-3] [INFO] [1789476968.933226121] [fsm_node]:  -- [OPTIMIZER_PHASE_MEMORY] optimizer=backup event=begin call=398 rss_mib=3191.387 swap_mib=0.000 variables=18 pieces=2
[fsm_node-3] [INFO] [1789476968.933651678] [fsm_node]:  -- [OPTIMIZER_PHASE_MEMORY] optimizer=backup event=end call=398 duration_ms=0.425 iterations=118 ret=1 rss_mib=3191.387 swap_mib=0.000 rss_delta_mib=0.000
[fsm_node-3] [INFO] [1789476968.933967290] [fsm_node]:  -- [TRAJ_GUARD_COMMIT] phase=PlanFromRest/with_backup gen=96 map=172 samples=283 range=[0.107,1.507] escape=false footprint_egress=false escape_done_tt=-1.000
[fsm_node-3] [INFO] [1789476969.059284820] [fsm_node]:  -- [OPTIMIZER_PHASE_MEMORY] optimizer=exp event=begin call=234 rss_mib=3191.391 swap_mib=0.000 variables=17 pieces=5
[fsm_node-3] [INFO] [1789476969.067813637] [fsm_node]:  -- [OPTIMIZER_PHASE_MEMORY] optimizer=exp event=end call=234 duration_ms=8.567 iterations=729 ret=1 rss_mib=3191.391 swap_mib=0.000 rss_delta_mib=0.000
[fsm_node-3] [INFO] [1789476969.156197338] [fsm_node]:  -- [OPTIMIZER_PHASE_MEMORY] optimizer=backup event=begin call=399 rss_mib=3191.395 swap_mib=0.000 variables=18 pieces=2
[fsm_node-3] [INFO] [1789476969.158393960] [fsm_node]:  -- [OPTIMIZER_PHASE_MEMORY] optimizer=backup event=end call=399 duration_ms=2.254 iterations=550 ret=1 rss_mib=3191.395 swap_mib=0.000 rss_delta_mib=0.000
[fsm_node-3] [INFO] [1789476969.158471251] [fsm_node]:  -- [OPTIMIZER_PHASE_MEMORY] optimizer=backup event=begin call=400 rss_mib=3191.395 swap_mib=0.000 variables=18 pieces=2
[fsm_node-3] [INFO] [1789476969.160825185] [fsm_node]:  -- [OPTIMIZER_PHASE_MEMORY] optimizer=backup event=end call=400 duration_ms=2.354 iterations=495 ret=1 rss_mib=3191.395 swap_mib=0.000 rss_delta_mib=0.000
[fsm_node-3] [WARN] [1789476969.160855131] [fsm_node]:  -- [SUPER] in [ReplanOnce]: Replan overtime, check parameters, replan dt = 0.12003371.
[fsm_node-3] [INFO] [1789476969.181147744] [fsm_node]:  -- [OPTIMIZER_PHASE_MEMORY] optimizer=exp event=begin call=235 rss_mib=3191.395 swap_mib=0.000 variables=17 pieces=5
[fsm_node-3] [INFO] [1789476969.184473926] [fsm_node]:  -- [OPTIMIZER_PHASE_MEMORY] optimizer=exp event=end call=235 duration_ms=3.359 iterations=310 ret=1 rss_mib=3191.395 swap_mib=0.000 rss_delta_mib=0.000
[fsm_node-3] [INFO] [1789476969.272215738] [fsm_node]:  -- [OPTIMIZER_PHASE_MEMORY] optimizer=backup event=begin call=401 rss_mib=3191.398 swap_mib=0.000 variables=18 pieces=2
[fsm_node-3] [INFO] [1789476969.273606259] [fsm_node]:  -- [OPTIMIZER_PHASE_MEMORY] optimizer=backup event=end call=401 duration_ms=1.452 iterations=305 ret=1 rss_mib=3191.398 swap_mib=0.000 rss_delta_mib=0.000
[fsm_node-3] [INFO] [1789476969.273680277] [fsm_node]:  -- [OPTIMIZER_PHASE_MEMORY] optimizer=backup event=begin call=402 rss_mib=3191.398 swap_mib=0.000 variables=18 pieces=2
[fsm_node-3] [INFO] [1789476969.276072708] [fsm_node]:  -- [OPTIMIZER_PHASE_MEMORY] optimizer=backup event=end call=402 duration_ms=2.394 iterations=482 ret=1 rss_mib=3191.398 swap_mib=0.000 rss_delta_mib=0.000
[fsm_node-3] [WARN] [1789476969.276102957] [fsm_node]:  -- [SUPER] in [ReplanOnce]: Replan overtime, check parameters, replan dt = 0.114977179.
[fsm_node-3] [INFO] [1789476969.294939589] [fsm_node]:  -- [OPTIMIZER_PHASE_MEMORY] optimizer=exp event=begin call=236 rss_mib=3191.398 swap_mib=0.000 variables=17 pieces=5
[fsm_node-3] [INFO] [1789476969.306840003] [fsm_node]:  -- [OPTIMIZER_PHASE_MEMORY] optimizer=exp event=end call=236 duration_ms=11.938 iterations=931 ret=1 rss_mib=3191.398 swap_mib=0.000 rss_delta_mib=0.000
[fsm_node-3] [38;2;000;128;000m -- [Fsm]: [PubCmdCallback] change state from [FOLLOW_TRAJ] to [GENERATE_TRAJ].
[fsm_node-3] [0m -- [TRAJ_GUARD_CERT] trigger=poly_publish status=SAFE gen=96 map=172 map_age=0.086s map_age_limit=0.550s motion_speed=0.000mps samples=281 range=[0.107,1.507] collision_tt=-1.000 ttc=-1.000 p=[0.000,0.000,0.000]
[fsm_node-3] [38;2;000;128;000m -- [Fsm]: [MainFsmCallback] change state from [GENERATE_TRAJ] to [FOLLOW_TRAJ].
[fsm_node-3] [0m -- [TRAJ_GUARD_CERT] trigger=main_pre status=SAFE gen=96 map=173 map_age=0.011s map_age_limit=0.550s motion_speed=2.205mps samples=255 range=[0.240,1.507] collision_tt=-1.000 ttc=-1.000 p=[0.000,0.000,0.000]
[fsm_node-3]  -- [TRAJ_GUARD_CERT] trigger=main_pre status=SAFE gen=96 map=174 map_age=0.006s map_age_limit=0.500s motion_speed=5.624mps samples=217 range=[0.430,1.507] collision_tt=-1.000 ttc=-1.000 p=[0.000,0.000,0.000]
[fsm_node-3] [32m -- [Fsm] Get goal at [0m 24.025000000000002 -23.975000000000001   1.525000000000000
[fsm_node-3] [32m -- [Fsm] Receive click goal at: [ 24.025000000000002 -23.975000000000001   1.525000000000000]; goal yaw: 0.000000000000000 deg[0m
[fsm_node-3] [INFO] [1789476969.394052574] [fsm_node]:  -- [OPTIMIZER_PHASE_MEMORY] optimizer=backup event=begin call=403 rss_mib=3191.402 swap_mib=0.000 variables=18 pieces=2
[fsm_node-3] [INFO] [1789476969.395927198] [fsm_node]:  -- [OPTIMIZER_PHASE_MEMORY] optimizer=backup event=end call=403 duration_ms=1.953 iterations=383 ret=1 rss_mib=3191.402 swap_mib=0.000 rss_delta_mib=0.000
[fsm_node-3] [INFO] [1789476969.396006305] [fsm_node]:  -- [OPTIMIZER_PHASE_MEMORY] optimizer=backup event=begin call=404 rss_mib=3191.402 swap_mib=0.000 variables=18 pieces=2
[fsm_node-3] [INFO] [1789476969.396660901] [fsm_node]:  -- [OPTIMIZER_PHASE_MEMORY] optimizer=backup event=end call=404 duration_ms=0.656 iterations=159 ret=1 rss_mib=3191.402 swap_mib=0.000 rss_delta_mib=0.000
[fsm_node-3] [WARN] [1789476969.396691129] [fsm_node]:  -- [SUPER] in [ReplanOnce]: Replan overtime, check parameters, replan dt = 0.120246734.
[fsm_node-3] [INFO] [1789476969.427204373] [fsm_node]:  -- [OPTIMIZER_PHASE_MEMORY] optimizer=exp event=begin call=237 rss_mib=3191.402 swap_mib=0.000 variables=17 pieces=5
[fsm_node-3] [INFO] [1789476969.456250112] [fsm_node]:  -- [OPTIMIZER_PHASE_MEMORY] optimizer=exp event=end call=237 duration_ms=29.053 iterations=2174 ret=1 rss_mib=3191.402 swap_mib=0.000 rss_delta_mib=0.000
[fsm_node-3] [INFO] [1789476969.549578350] [fsm_node]:  -- [OPTIMIZER_PHASE_MEMORY] optimizer=backup event=begin call=405 rss_mib=3193.715 swap_mib=0.000 variables=18 pieces=2
[fsm_node-3] [INFO] [1789476969.552919423] [fsm_node]:  -- [OPTIMIZER_PHASE_MEMORY] optimizer=backup event=end call=405 duration_ms=3.380 iterations=628 ret=1 rss_mib=3193.715 swap_mib=0.000 rss_delta_mib=0.000
[fsm_node-3] [INFO] [1789476969.552991774] [fsm_node]:  -- [OPTIMIZER_PHASE_MEMORY] optimizer=backup event=begin call=406 rss_mib=3193.715 swap_mib=0.000 variables=18 pieces=2
[fsm_node-3] [INFO] [1789476969.553723764] [fsm_node]:  -- [OPTIMIZER_PHASE_MEMORY] optimizer=backup event=end call=406 duration_ms=0.732 iterations=168 ret=1 rss_mib=3193.715 swap_mib=0.000 rss_delta_mib=0.000
[fsm_node-3] [WARN] [1789476969.553752254] [fsm_node]:  -- [SUPER] in [ReplanOnce]: Replan overtime, check parameters, replan dt = 0.156715831.
[fsm_node-3] [INFO] [1789476969.584850664] [fsm_node]:  -- [OPTIMIZER_PHASE_MEMORY] optimizer=exp event=begin call=238 rss_mib=3193.715 swap_mib=0.000 variables=17 pieces=5
[fsm_node-3] [INFO] [1789476969.596971907] [fsm_node]:  -- [OPTIMIZER_PHASE_MEMORY] optimizer=exp event=end call=238 duration_ms=12.173 iterations=778 ret=1 rss_mib=3193.715 swap_mib=0.000 rss_delta_mib=0.000
[fsm_node-3]  -- [TRAJ_GUARD_CERT] trigger=main_pre status=SAFE gen=96 map=175 map_age=0.017s map_age_limit=0.500s motion_speed=6.992mps samples=169 range=[0.670,1.507] collision_tt=-1.000 ttc=-1.000 p=[0.000,0.000,0.000]
[fsm_node-3] [32m -- [Fsm 34.520] Current state: FOLLOW_TRAJ[0m
[fsm_node-3] [INFO] [1789476969.688597428] [fsm_node]:  -- [OPTIMIZER_PHASE_MEMORY] optimizer=backup event=begin call=407 rss_mib=3194.039 swap_mib=0.000 variables=26 pieces=2
[fsm_node-3] [INFO] [1789476969.689435206] [fsm_node]:  -- [OPTIMIZER_PHASE_MEMORY] optimizer=backup event=end call=407 duration_ms=0.883 iterations=164 ret=1 rss_mib=3194.320 swap_mib=0.000 rss_delta_mib=0.281
[fsm_node-3] [INFO] [1789476969.689525559] [fsm_node]:  -- [OPTIMIZER_PHASE_MEMORY] optimizer=backup event=begin call=408 rss_mib=3194.320 swap_mib=0.000 variables=26 pieces=2
[fsm_node-3] [INFO] [1789476969.692108030] [fsm_node]:  -- [OPTIMIZER_PHASE_MEMORY] optimizer=backup event=end call=408 duration_ms=2.580 iterations=430 ret=1 rss_mib=3194.320 swap_mib=0.000 rss_delta_mib=0.000
[fsm_node-3] [WARN] [1789476969.692139006] [fsm_node]:  -- [SUPER] in [ReplanOnce]: Replan overtime, check parameters, replan dt = 0.138130435.
[fsm_node-3] [INFO] [1789476969.720974834] [fsm_node]:  -- [OPTIMIZER_PHASE_MEMORY] optimizer=exp event=begin call=239 rss_mib=3194.320 swap_mib=0.000 variables=17 pieces=5
[fsm_node-3] [INFO] [1789476969.726699864] [fsm_node]:  -- [OPTIMIZER_PHASE_MEMORY] optimizer=exp event=end call=239 duration_ms=5.756 iterations=420 ret=1 rss_mib=3194.320 swap_mib=0.000 rss_delta_mib=0.000
[fsm_node-3] [INFO] [1789476969.818675128] [fsm_node]:  -- [OPTIMIZER_PHASE_MEMORY] optimizer=backup event=begin call=409 rss_mib=3194.324 swap_mib=0.000 variables=26 pieces=2
[fsm_node-3] [INFO] [1789476969.821361883] [fsm_node]:  -- [OPTIMIZER_PHASE_MEMORY] optimizer=backup event=end call=409 duration_ms=2.748 iterations=465 ret=1 rss_mib=3194.324 swap_mib=0.000 rss_delta_mib=0.000
[fsm_node-3] [INFO] [1789476969.821494716] [fsm_node]:  -- [OPTIMIZER_PHASE_MEMORY] optimizer=backup event=begin call=410 rss_mib=3194.324 swap_mib=0.000 variables=26 pieces=2
[fsm_node-3] [INFO] [1789476969.821976145] [fsm_node]:  -- [OPTIMIZER_PHASE_MEMORY] optimizer=backup event=end call=410 duration_ms=0.486 iterations=102 ret=1 rss_mib=3194.324 swap_mib=0.000 rss_delta_mib=0.000
[fsm_node-3] [WARN] [1789476969.822007909] [fsm_node]:  -- [SUPER] in [ReplanOnce]: Replan overtime, check parameters, replan dt = 0.129634031.
[fsm_node-3] [INFO] [1789476969.848854964] [fsm_node]:  -- [OPTIMIZER_PHASE_MEMORY] optimizer=exp event=begin call=240 rss_mib=3194.324 swap_mib=0.000 variables=17 pieces=5
[fsm_node-3] [INFO] [1789476969.907490973] [fsm_node]:  -- [OPTIMIZER_PHASE_MEMORY] optimizer=exp event=end call=240 duration_ms=58.644 iterations=4006 ret=-1008 rss_mib=3194.387 swap_mib=0.000 rss_delta_mib=0.062
[fsm_node-3] [WARN] [1789476969.907541291] [fsm_node]:  -- [SUPER] OptimizationExpTrajInPolytopes for new path failed
[fsm_node-3] [WARN] [1789476969.907553480] [fsm_node]:  -- [SUPER] in [ReplanOnce]: GenerateExpTrajectory failed, force return
[fsm_node-3]  -- [TRAJ_GUARD_CERT] trigger=replan_post status=SAFE gen=96 map=176 map_age=0.011s map_age_limit=0.500s motion_speed=6.962mps samples=130 range=[0.865,1.507] collision_tt=-1.000 ttc=-1.000 p=[0.000,0.000,0.000]
[fsm_node-3]  -- [TRAJ_GUARD_CERT] trigger=main_pre status=SAFE gen=96 map=177 map_age=0.010s map_age_limit=0.500s motion_speed=6.856mps samples=91 range=[1.060,1.507] collision_tt=-1.000 ttc=-1.000 p=[0.000,0.000,0.000]
[fsm_node-3] [33m -- [MINCO] TrajOpt failed, The algorithm routine reaches the maximum number of iterations.[0m
[fsm_node-3] [33m -- [SUPER] Minco exp_traj opt failed.[0m
[fsm_node-3] [INFO] [1789476969.931758402] [fsm_node]:  -- [OPTIMIZER_PHASE_MEMORY] optimizer=exp event=begin call=241 rss_mib=3194.387 swap_mib=0.000 variables=17 pieces=5
[fsm_node-3] [INFO] [1789476969.963417491] [fsm_node]:  -- [OPTIMIZER_PHASE_MEMORY] optimizer=exp event=end call=241 duration_ms=31.659 iterations=2123 ret=1 rss_mib=3194.391 swap_mib=0.000 rss_delta_mib=0.004
[fsm_node-3] [WARN] [1789476969.963441183] [fsm_node]:  -- [ExpOpt] Opt failed, Omg or thr or Pos violation.
[fsm_node-3] [WARN] [1789476969.963472076] [fsm_node]:  -- [SUPER] OptimizationExpTrajInPolytopes for new path failed
[fsm_node-3] [WARN] [1789476969.963482041] [fsm_node]:  -- [SUPER] in [ReplanOnce]: GenerateExpTrajectory failed, force return
[fsm_node-3] [33m -- [MINCO] TrajOpt failed, (unknown)[0m
[fsm_node-3] [33m -- [SUPER] Minco exp_traj opt failed.[0m
[fsm_node-3] [INFO] [1789476969.989615427] [fsm_node]:  -- [OPTIMIZER_PHASE_MEMORY] optimizer=exp event=begin call=242 rss_mib=3194.391 swap_mib=0.000 variables=17 pieces=5
[fsm_node-3] [INFO] [1789476969.993175190] [fsm_node]:  -- [OPTIMIZER_PHASE_MEMORY] optimizer=exp event=end call=242 duration_ms=3.747 iterations=275 ret=1 rss_mib=3194.391 swap_mib=0.000 rss_delta_mib=0.000
[fsm_node-3] [INFO] [1789476970.096975149] [fsm_node]:  -- [OPTIMIZER_PHASE_MEMORY] optimizer=backup event=begin call=411 rss_mib=3194.797 swap_mib=0.000 variables=38 pieces=2
[fsm_node-3] [INFO] [1789476970.099606481] [fsm_node]:  -- [OPTIMIZER_PHASE_MEMORY] optimizer=backup event=end call=411 duration_ms=2.697 iterations=326 ret=1 rss_mib=3194.797 swap_mib=0.000 rss_delta_mib=0.000
[fsm_node-3] [INFO] [1789476970.099731345] [fsm_node]:  -- [OPTIMIZER_PHASE_MEMORY] optimizer=backup event=begin call=412 rss_mib=3194.797 swap_mib=0.000 variables=38 pieces=2
[fsm_node-3] [INFO] [1789476970.101030390] [fsm_node]:  -- [OPTIMIZER_PHASE_MEMORY] optimizer=backup event=end call=412 duration_ms=1.296 iterations=165 ret=1 rss_mib=3194.797 swap_mib=0.000 rss_delta_mib=0.000
[fsm_node-3] [WARN] [1789476970.101070287] [fsm_node]:  -- [SUPER] in [ReplanOnce]: Replan overtime, check parameters, replan dt = 0.136395069.
[fsm_node-3] [INFO] [1789476970.125661579] [fsm_node]:  -- [OPTIMIZER_PHASE_MEMORY] optimizer=exp event=begin call=243 rss_mib=3194.801 swap_mib=0.000 variables=13 pieces=4
[fsm_node-3] [INFO] [1789476970.129081505] [fsm_node]:  -- [OPTIMIZER_PHASE_MEMORY] optimizer=exp event=end call=243 duration_ms=3.453 iterations=334 ret=1 rss_mib=3194.801 swap_mib=0.000 rss_delta_mib=0.000
[fsm_node-3] [INFO] [1789476970.187631923] [fsm_node]:  -- [OPTIMIZER_PHASE_MEMORY] optimizer=backup event=begin call=413 rss_mib=3195.059 swap_mib=0.000 variables=38 pieces=2
[fsm_node-3] [INFO] [1789476970.194182784] [fsm_node]:  -- [OPTIMIZER_PHASE_MEMORY] optimizer=backup event=end call=413 duration_ms=6.585 iterations=247 ret=1 rss_mib=3195.059 swap_mib=0.000 rss_delta_mib=0.000
[fsm_node-3] [INFO] [1789476970.194390370] [fsm_node]:  -- [OPTIMIZER_PHASE_MEMORY] optimizer=backup event=begin call=414 rss_mib=3195.059 swap_mib=0.000 variables=38 pieces=2
[fsm_node-3] [INFO] [1789476970.198165996] [fsm_node]:  -- [OPTIMIZER_PHASE_MEMORY] optimizer=backup event=end call=414 duration_ms=3.774 iterations=143 ret=1 rss_mib=3195.059 swap_mib=0.000 rss_delta_mib=0.000
[fsm_node-3] [WARN] [1789476970.198229959] [fsm_node]:  -- [SUPER] in [ReplanOnce]: Replan overtime, check parameters, replan dt = 0.096865467.
[fsm_node-3] [INFO] [1789476970.222799985] [fsm_node]:  -- [OPTIMIZER_PHASE_MEMORY] optimizer=exp event=begin call=244 rss_mib=3195.062 swap_mib=0.000 variables=17 pieces=5
[fsm_node-3] [INFO] [1789476970.227777937] [fsm_node]:  -- [OPTIMIZER_PHASE_MEMORY] optimizer=exp event=end call=244 duration_ms=5.026 iterations=372 ret=1 rss_mib=3195.062 swap_mib=0.000 rss_delta_mib=0.000
[fsm_node-3] [INFO] [1789476970.296987481] [fsm_node]:  -- [OPTIMIZER_PHASE_MEMORY] optimizer=backup event=begin call=415 rss_mib=3195.066 swap_mib=0.000 variables=42 pieces=2
[fsm_node-3] [INFO] [1789476970.298699376] [fsm_node]:  -- [OPTIMIZER_PHASE_MEMORY] optimizer=backup event=end call=415 duration_ms=1.753 iterations=250 ret=1 rss_mib=3195.066 swap_mib=0.000 rss_delta_mib=0.000
[fsm_node-3] [INFO] [1789476970.298832844] [fsm_node]:  -- [OPTIMIZER_PHASE_MEMORY] optimizer=backup event=begin call=416 rss_mib=3195.066 swap_mib=0.000 variables=42 pieces=2
[fsm_node-3] [INFO] [1789476970.300523008] [fsm_node]:  -- [OPTIMIZER_PHASE_MEMORY] optimizer=backup event=end call=416 duration_ms=1.692 iterations=235 ret=1 rss_mib=3195.066 swap_mib=0.000 rss_delta_mib=0.000
[fsm_node-3] [WARN] [1789476970.300553496] [fsm_node]:  -- [SUPER] in [ReplanOnce]: Replan overtime, check parameters, replan dt = 0.102111122.
[fsm_node-3] [INFO] [1789476970.301406002] [fsm_node]:  -- [TRAJ_GUARD_COMMIT] phase=ReplanOnce/no_backup gen=97 map=179 samples=38 range=[1.474,1.651] escape=false footprint_egress=false escape_done_tt=-1.000
[fsm_node-3]  -- [TRAJ_GUARD_CERT] trigger=main_post status=SAFE gen=96 map=178 map_age=0.181s map_age_limit=0.500s motion_speed=4.081mps samples=57 range=[1.230,1.507] collision_tt=-1.000 ttc=-1.000 p=[0.000,0.000,0.000]
[fsm_node-3]  -- [TRAJ_GUARD_CERT] trigger=main_pre status=SAFE gen=96 map=179 map_age=0.011s map_age_limit=0.550s motion_speed=0.458mps samples=15 range=[1.440,1.507] collision_tt=-1.000 ttc=-1.000 p=[0.000,0.000,0.000]
[fsm_node-3] [32m -- [Fsm] ReplanOnce succeed.[0m
[fsm_node-3]  -- [TRAJ_GUARD_CERT] trigger=poly_publish status=SAFE gen=97 map=179 map_age=0.046s map_age_limit=0.550s motion_speed=0.070mps samples=37 range=[1.475,1.651] collision_tt=-1.000 ttc=-1.000 p=[0.000,0.000,0.000]
[fsm_node-3] [32m -- [Fsm] Get goal at [0m 24.025000000000002 -23.975000000000001   1.525000000000000
[fsm_node-3] [32m -- [Fsm] Receive click goal at: [ 24.025000000000002 -23.975000000000001   1.525000000000000]; goal yaw: 0.000000000000000 deg[0m
[fsm_node-3] [INFO] [1789476970.390659170] [fsm_node]:  -- [OPTIMIZER_PHASE_MEMORY] optimizer=exp event=begin call=245 rss_mib=3195.070 swap_mib=0.000 variables=13 pieces=4
[fsm_node-3] [INFO] [1789476970.395300625] [fsm_node]:  -- [OPTIMIZER_PHASE_MEMORY] optimizer=exp event=end call=245 duration_ms=4.713 iterations=417 ret=1 rss_mib=3195.070 swap_mib=0.000 rss_delta_mib=0.000
[fsm_node-3] [INFO] [1789476970.458329797] [fsm_node]:  -- [OPTIMIZER_PHASE_MEMORY] optimizer=backup event=begin call=417 rss_mib=3195.070 swap_mib=0.000 variables=34 pieces=2
[fsm_node-3] [INFO] [1789476970.459317613] [fsm_node]:  -- [OPTIMIZER_PHASE_MEMORY] optimizer=backup event=end call=417 duration_ms=1.049 iterations=119 ret=1 rss_mib=3195.070 swap_mib=0.000 rss_delta_mib=0.000
[fsm_node-3] [INFO] [1789476970.459428833] [fsm_node]:  -- [OPTIMIZER_PHASE_MEMORY] optimizer=backup event=begin call=418 rss_mib=3195.070 swap_mib=0.000 variables=34 pieces=2
[fsm_node-3] [INFO] [1789476970.462720344] [fsm_node]:  -- [OPTIMIZER_PHASE_MEMORY] optimizer=backup event=end call=418 duration_ms=3.296 iterations=392 ret=1 rss_mib=3195.070 swap_mib=0.000 rss_delta_mib=0.000
[fsm_node-3] [WARN] [1789476970.462755647] [fsm_node]:  -- [SUPER] in [ReplanOnce]: Replan overtime, check parameters, replan dt = 0.101832122.
[fsm_node-3] [INFO] [1789476970.463706593] [fsm_node]:  -- [TRAJ_GUARD_COMMIT] phase=ReplanOnce/no_backup gen=98 map=180 samples=5 range=[1.637,1.651] escape=false footprint_egress=false escape_done_tt=-1.000
[fsm_node-3]  -- [TRAJ_GUARD_CERT] trigger=main_pre status=SAFE gen=97 map=180 map_age=0.007s map_age_limit=0.550s motion_speed=0.011mps samples=6 range=[1.630,1.651] collision_tt=-1.000 ttc=-1.000 p=[0.000,0.000,0.000]
[fsm_node-3] [32m -- [Fsm] ReplanOnce succeed.[0m
[fsm_node-3]  -- [TRAJ_GUARD_CERT] trigger=poly_publish status=SAFE gen=98 map=180 map_age=0.014s map_age_limit=0.550s motion_speed=0.011mps samples=4 range=[1.637,1.651] collision_tt=-1.000 ttc=-1.000 p=[0.000,0.000,0.000]
[fsm_node-3] [32m -- [Fsm] Traj finish.[0m
[fsm_node-3] [WARN] [1789476970.496797223] [fsm_node]:  -- [TRAJ_GUARD_RECOVERY_EPISODE_RESET] reason=horizontal_progress progress=7.125m threshold=2.000m prior_local=0 prior_vertical=0 prior_base=0
[fsm_node-3] [INFO] [1789476970.521373741] [fsm_node]:  -- [OPTIMIZER_PHASE_MEMORY] optimizer=exp event=begin call=246 rss_mib=3195.070 swap_mib=0.000 variables=13 pieces=4
[fsm_node-3] [INFO] [1789476970.524847176] [fsm_node]:  -- [OPTIMIZER_PHASE_MEMORY] optimizer=exp event=end call=246 duration_ms=3.515 iterations=332 ret=1 rss_mib=3195.070 swap_mib=0.000 rss_delta_mib=0.000
[fsm_node-3] [INFO] [1789476970.524902351] [fsm_node]:  -- [SUPER] in [PlanFromRest] GenerateExpTrajectory SUCCESS.
[fsm_node-3] [INFO] [1789476970.615229748] [fsm_node]:  -- [OPTIMIZER_PHASE_MEMORY] optimizer=backup event=begin call=419 rss_mib=3195.070 swap_mib=0.000 variables=30 pieces=2
[fsm_node-3] [INFO] [1789476970.616455881] [fsm_node]:  -- [OPTIMIZER_PHASE_MEMORY] optimizer=backup event=end call=419 duration_ms=1.279 iterations=203 ret=1 rss_mib=3195.070 swap_mib=0.000 rss_delta_mib=0.000
[fsm_node-3] [INFO] [1789476970.616558025] [fsm_node]:  -- [OPTIMIZER_PHASE_MEMORY] optimizer=backup event=begin call=420 rss_mib=3195.070 swap_mib=0.000 variables=30 pieces=2
[fsm_node-3] [INFO] [1789476970.618624760] [fsm_node]:  -- [OPTIMIZER_PHASE_MEMORY] optimizer=backup event=end call=420 duration_ms=2.062 iterations=336 ret=1 rss_mib=3195.070 swap_mib=0.000 rss_delta_mib=0.000
[fsm_node-3] [INFO] [1789476970.619004573] [fsm_node]:  -- [TRAJ_GUARD_COMMIT] phase=PlanFromRest/with_backup gen=99 map=180 samples=259 range=[0.122,1.406] escape=false footprint_egress=false escape_done_tt=-1.000
[fsm_node-3] [38;2;000;128;000m -- [Fsm]: [PubCmdCallback] change state from [FOLLOW_TRAJ] to [GENERATE_TRAJ].
[fsm_node-3] [0m -- [TRAJ_GUARD_CERT] trigger=poly_publish status=SAFE gen=99 map=180 map_age=0.170s map_age_limit=0.550s motion_speed=0.000mps samples=258 range=[0.122,1.406] collision_tt=-1.000 ttc=-1.000 p=[0.000,0.000,0.000]
[fsm_node-3] [38;2;000;128;000m -- [Fsm]: [MainFsmCallback] change state from [GENERATE_TRAJ] to [FOLLOW_TRAJ].
[fsm_node-3] [0m -- [TRAJ_GUARD_CERT] trigger=main_pre status=SAFE gen=99 map=181 map_age=0.007s map_age_limit=0.550s motion_speed=0.785mps samples=251 range=[0.160,1.406] collision_tt=-1.000 ttc=-1.000 p=[0.000,0.000,0.000]
[fsm_node-3] [32m -- [Fsm 35.530] Current state: FOLLOW_TRAJ[0m
[fsm_node-3] [INFO] [1789476970.719339195] [fsm_node]:  -- [OPTIMIZER_PHASE_MEMORY] optimizer=exp event=begin call=247 rss_mib=3195.074 swap_mib=0.000 variables=17 pieces=5
[fsm_node-3] [INFO] [1789476970.725887138] [fsm_node]:  -- [OPTIMIZER_PHASE_MEMORY] optimizer=exp event=end call=247 duration_ms=6.607 iterations=514 ret=1 rss_mib=3195.074 swap_mib=0.000 rss_delta_mib=0.000
[fsm_node-3] [WARN] [1789476970.725894646] [fsm_node]:  -- [ExpOpt] Opt failed, Omg or thr or Pos violation.
[fsm_node-3] [WARN] [1789476970.725917279] [fsm_node]:  -- [SUPER] OptimizationExpTrajInPolytopes for new path failed
[fsm_node-3] [WARN] [1789476970.725925212] [fsm_node]:  -- [SUPER] in [ReplanOnce]: GenerateExpTrajectory failed, force return
[fsm_node-3] [33m -- [MINCO] TrajOpt failed, (unknown)[0m
[fsm_node-3] [33m -- [SUPER] Minco exp_traj opt failed.[0m
[fsm_node-3] [INFO] [1789476970.786058185] [fsm_node]:  -- [OPTIMIZER_PHASE_MEMORY] optimizer=exp event=begin call=248 rss_mib=3195.074 swap_mib=0.000 variables=17 pieces=5
[fsm_node-3] [INFO] [1789476970.824013671] [fsm_node]:  -- [OPTIMIZER_PHASE_MEMORY] optimizer=exp event=end call=248 duration_ms=37.975 iterations=2625 ret=1 rss_mib=3195.078 swap_mib=0.000 rss_delta_mib=0.004
[fsm_node-3] [INFO] [1789476970.923036948] [fsm_node]:  -- [OPTIMIZER_PHASE_MEMORY] optimizer=backup event=begin call=421 rss_mib=3195.078 swap_mib=0.000 variables=48 pieces=2
[fsm_node-3] [INFO] [1789476970.933214903] [fsm_node]:  -- [OPTIMIZER_PHASE_MEMORY] optimizer=backup event=end call=421 duration_ms=10.230 iterations=662 ret=1 rss_mib=3195.078 swap_mib=0.000 rss_delta_mib=0.000
[fsm_node-3] [INFO] [1789476970.933347890] [fsm_node]:  -- [OPTIMIZER_PHASE_MEMORY] optimizer=backup event=begin call=422 rss_mib=3195.078 swap_mib=0.000 variables=48 pieces=2
[fsm_node-3] [INFO] [1789476970.935524522] [fsm_node]:  -- [OPTIMIZER_PHASE_MEMORY] optimizer=backup event=end call=422 duration_ms=2.177 iterations=188 ret=1 rss_mib=3195.078 swap_mib=0.000 rss_delta_mib=0.000
[fsm_node-3] [WARN] [1789476970.935561437] [fsm_node]:  -- [SUPER] in [ReplanOnce]: Replan overtime, check parameters, replan dt = 0.178486534.
[fsm_node-3] [INFO] [1789476970.957965761] [fsm_node]:  -- [OPTIMIZER_PHASE_MEMORY] optimizer=exp event=begin call=249 rss_mib=3195.082 swap_mib=0.000 variables=17 pieces=5
[fsm_node-3] [INFO] [1789476970.972006254] [fsm_node]:  -- [OPTIMIZER_PHASE_MEMORY] optimizer=exp event=end call=249 duration_ms=14.085 iterations=996 ret=1 rss_mib=3195.082 swap_mib=0.000 rss_delta_mib=0.000
[fsm_node-3] [INFO] [1789476971.064192974] [fsm_node]:  -- [OPTIMIZER_PHASE_MEMORY] optimizer=backup event=begin call=423 rss_mib=3195.102 swap_mib=0.000 variables=30 pieces=2
[fsm_node-3] [INFO] [1789476971.066783109] [fsm_node]:  -- [OPTIMIZER_PHASE_MEMORY] optimizer=backup event=end call=423 duration_ms=2.639 iterations=410 ret=1 rss_mib=3195.102 swap_mib=0.000 rss_delta_mib=0.000
[fsm_node-3] [INFO] [1789476971.066930141] [fsm_node]:  -- [OPTIMIZER_PHASE_MEMORY] optimizer=backup event=begin call=424 rss_mib=3195.102 swap_mib=0.000 variables=30 pieces=2
[fsm_node-3] [INFO] [1789476971.070591394] [fsm_node]:  -- [OPTIMIZER_PHASE_MEMORY] optimizer=backup event=end call=424 duration_ms=3.668 iterations=586 ret=1 rss_mib=3195.102 swap_mib=0.000 rss_delta_mib=0.000
[fsm_node-3] [WARN] [1789476971.070634788] [fsm_node]:  -- [SUPER] in [ReplanOnce]: Replan overtime, check parameters, replan dt = 0.134890923.
[fsm_node-3] [INFO] [1789476971.093696517] [fsm_node]:  -- [OPTIMIZER_PHASE_MEMORY] optimizer=exp event=begin call=250 rss_mib=3195.105 swap_mib=0.000 variables=17 pieces=5
[fsm_node-3] [INFO] [1789476971.102197103] [fsm_node]:  -- [OPTIMIZER_PHASE_MEMORY] optimizer=exp event=end call=250 duration_ms=8.522 iterations=597 ret=1 rss_mib=3195.105 swap_mib=0.000 rss_delta_mib=0.000
[fsm_node-3] [INFO] [1789476971.206804787] [fsm_node]:  -- [OPTIMIZER_PHASE_MEMORY] optimizer=backup event=begin call=425 rss_mib=3195.105 swap_mib=0.000 variables=30 pieces=2
[fsm_node-3] [INFO] [1789476971.208497687] [fsm_node]:  -- [OPTIMIZER_PHASE_MEMORY] optimizer=backup event=end call=425 duration_ms=1.748 iterations=311 ret=1 rss_mib=3195.105 swap_mib=0.000 rss_delta_mib=0.000
[fsm_node-3] [INFO] [1789476971.208663028] [fsm_node]:  -- [OPTIMIZER_PHASE_MEMORY] optimizer=backup event=begin call=426 rss_mib=3195.105 swap_mib=0.000 variables=30 pieces=2
[fsm_node-3] [INFO] [1789476971.211359237] [fsm_node]:  -- [OPTIMIZER_PHASE_MEMORY] optimizer=backup event=end call=426 duration_ms=2.694 iterations=431 ret=1 rss_mib=3195.105 swap_mib=0.000 rss_delta_mib=0.000
[fsm_node-3] [WARN] [1789476971.211399611] [fsm_node]:  -- [SUPER] in [ReplanOnce]: Replan overtime, check parameters, replan dt = 0.140651416.
[fsm_node-3] [INFO] [1789476971.236316792] [fsm_node]:  -- [OPTIMIZER_PHASE_MEMORY] optimizer=exp event=begin call=251 rss_mib=3195.109 swap_mib=0.000 variables=17 pieces=5
[fsm_node-3] [INFO] [1789476971.244395232] [fsm_node]:  -- [OPTIMIZER_PHASE_MEMORY] optimizer=exp event=end call=251 duration_ms=8.091 iterations=565 ret=1 rss_mib=3195.109 swap_mib=0.000 rss_delta_mib=0.000
[fsm_node-3]  -- [TRAJ_GUARD_CERT] trigger=main_pre status=SAFE gen=99 map=182 map_age=0.010s map_age_limit=0.500s motion_speed=4.586mps samples=209 range=[0.370,1.406] collision_tt=-1.000 ttc=-1.000 p=[0.000,0.000,0.000]
[fsm_node-3]  -- [TRAJ_GUARD_CERT] trigger=main_pre status=SAFE gen=99 map=183 map_age=0.011s map_age_limit=0.500s motion_speed=6.642mps samples=169 range=[0.570,1.406] collision_tt=-1.000 ttc=-1.000 p=[0.000,0.000,0.000]
[fsm_node-3]  -- [TRAJ_GUARD_CERT] trigger=main_pre status=SAFE gen=99 map=184 map_age=0.008s map_age_limit=0.500s motion_speed=6.827mps samples=127 range=[0.780,1.406] collision_tt=-1.000 ttc=-1.000 p=[0.000,0.000,0.000]
[fsm_node-3] [32m -- [Fsm] Get goal at [0m 24.025000000000002 -23.975000000000001   1.525000000000000
[fsm_node-3] [32m -- [Fsm] Receive click goal at: [ 24.025000000000002 -23.975000000000001   1.525000000000000]; goal yaw: 0.000000000000000 deg[0m
[fsm_node-3] [INFO] [1789476971.347506802] [fsm_node]:  -- [OPTIMIZER_PHASE_MEMORY] optimizer=backup event=begin call=427 rss_mib=3195.121 swap_mib=0.000 variables=26 pieces=2
[fsm_node-3] [INFO] [1789476971.349047213] [fsm_node]:  -- [OPTIMIZER_PHASE_MEMORY] optimizer=backup event=end call=427 duration_ms=1.588 iterations=279 ret=1 rss_mib=3195.121 swap_mib=0.000 rss_delta_mib=0.000
[fsm_node-3] [INFO] [1789476971.349176380] [fsm_node]:  -- [OPTIMIZER_PHASE_MEMORY] optimizer=backup event=begin call=428 rss_mib=3195.121 swap_mib=0.000 variables=26 pieces=2
[fsm_node-3] [INFO] [1789476971.350338844] [fsm_node]:  -- [OPTIMIZER_PHASE_MEMORY] optimizer=backup event=end call=428 duration_ms=1.163 iterations=225 ret=1 rss_mib=3195.121 swap_mib=0.000 rss_delta_mib=0.000
[fsm_node-3] [WARN] [1789476971.350372172] [fsm_node]:  -- [SUPER] in [ReplanOnce]: Replan overtime, check parameters, replan dt = 0.138739138.
[fsm_node-3] [INFO] [1789476971.375263811] [fsm_node]:  -- [OPTIMIZER_PHASE_MEMORY] optimizer=exp event=begin call=252 rss_mib=3195.125 swap_mib=0.000 variables=17 pieces=5
[fsm_node-3] [INFO] [1789476971.383457262] [fsm_node]:  -- [OPTIMIZER_PHASE_MEMORY] optimizer=exp event=end call=252 duration_ms=8.227 iterations=575 ret=1 rss_mib=3195.125 swap_mib=0.000 rss_delta_mib=0.000
[fsm_node-3] [INFO] [1789476971.481396384] [fsm_node]:  -- [OPTIMIZER_PHASE_MEMORY] optimizer=backup event=begin call=429 rss_mib=3195.125 swap_mib=0.000 variables=34 pieces=2
[fsm_node-3] [INFO] [1789476971.488962254] [fsm_node]:  -- [OPTIMIZER_PHASE_MEMORY] optimizer=backup event=end call=429 duration_ms=7.599 iterations=926 ret=1 rss_mib=3195.125 swap_mib=0.000 rss_delta_mib=0.000
[fsm_node-3] [INFO] [1789476971.489117725] [fsm_node]:  -- [OPTIMIZER_PHASE_MEMORY] optimizer=backup event=begin call=430 rss_mib=3195.125 swap_mib=0.000 variables=34 pieces=2
[fsm_node-3] [INFO] [1789476971.492773869] [fsm_node]:  -- [OPTIMIZER_PHASE_MEMORY] optimizer=backup event=end call=430 duration_ms=3.654 iterations=470 ret=1 rss_mib=3195.125 swap_mib=0.000 rss_delta_mib=0.000
[fsm_node-3] [WARN] [1789476971.492812330] [fsm_node]:  -- [SUPER] in [ReplanOnce]: Replan overtime, check parameters, replan dt = 0.142092385.
[fsm_node-3] [INFO] [1789476971.514499611] [fsm_node]:  -- [OPTIMIZER_PHASE_MEMORY] optimizer=exp event=begin call=253 rss_mib=3195.125 swap_mib=0.000 variables=17 pieces=5
[fsm_node-3] [INFO] [1789476971.518198255] [fsm_node]:  -- [OPTIMIZER_PHASE_MEMORY] optimizer=exp event=end call=253 duration_ms=3.747 iterations=283 ret=1 rss_mib=3195.129 swap_mib=0.000 rss_delta_mib=0.004
[fsm_node-3] [INFO] [1789476971.617833777] [fsm_node]:  -- [OPTIMIZER_PHASE_MEMORY] optimizer=backup event=begin call=431 rss_mib=3195.129 swap_mib=0.000 variables=22 pieces=2
[fsm_node-3] [INFO] [1789476971.620432390] [fsm_node]:  -- [OPTIMIZER_PHASE_MEMORY] optimizer=backup event=end call=431 duration_ms=2.653 iterations=414 ret=1 rss_mib=3195.129 swap_mib=0.000 rss_delta_mib=0.000
[fsm_node-3] [INFO] [1789476971.620548591] [fsm_node]:  -- [OPTIMIZER_PHASE_MEMORY] optimizer=backup event=begin call=432 rss_mib=3195.129 swap_mib=0.000 variables=22 pieces=2
[fsm_node-3] [INFO] [1789476971.620955562] [fsm_node]:  -- [OPTIMIZER_PHASE_MEMORY] optimizer=backup event=end call=432 duration_ms=0.408 iterations=81 ret=1 rss_mib=3195.129 swap_mib=0.000 rss_delta_mib=0.000
[fsm_node-3] [WARN] [1789476971.621018357] [fsm_node]:  -- [SUPER] in [ReplanOnce]: Replan overtime, check parameters, replan dt = 0.128000844.
[fsm_node-3] [INFO] [1789476971.642549411] [fsm_node]:  -- [OPTIMIZER_PHASE_MEMORY] optimizer=exp event=begin call=254 rss_mib=3195.129 swap_mib=0.000 variables=17 pieces=5
[fsm_node-3] [INFO] [1789476971.650892477] [fsm_node]:  -- [OPTIMIZER_PHASE_MEMORY] optimizer=exp event=end call=254 duration_ms=8.382 iterations=565 ret=1 rss_mib=3195.129 swap_mib=0.000 rss_delta_mib=0.000
[fsm_node-3]  -- [TRAJ_GUARD_CERT] trigger=main_pre status=SAFE gen=99 map=185 map_age=0.008s map_age_limit=0.500s motion_speed=6.805mps samples=89 range=[0.970,1.406] collision_tt=-1.000 ttc=-1.000 p=[0.000,0.000,0.000]
[fsm_node-3] [32m -- [Fsm 36.530] Current state: FOLLOW_TRAJ[0m
[fsm_node-3] [INFO] [1789476971.751715025] [fsm_node]:  -- [OPTIMIZER_PHASE_MEMORY] optimizer=backup event=begin call=433 rss_mib=3195.133 swap_mib=0.000 variables=22 pieces=2
[fsm_node-3] [INFO] [1789476971.753991768] [fsm_node]:  -- [OPTIMIZER_PHASE_MEMORY] optimizer=backup event=end call=433 duration_ms=2.346 iterations=411 ret=1 rss_mib=3195.133 swap_mib=0.000 rss_delta_mib=0.000
[fsm_node-3] [INFO] [1789476971.754120009] [fsm_node]:  -- [OPTIMIZER_PHASE_MEMORY] optimizer=backup event=begin call=434 rss_mib=3195.133 swap_mib=0.000 variables=22 pieces=2
[fsm_node-3] [INFO] [1789476971.762045696] [fsm_node]:  -- [OPTIMIZER_PHASE_MEMORY] optimizer=backup event=end call=434 duration_ms=7.908 iterations=962 ret=1 rss_mib=3195.133 swap_mib=0.000 rss_delta_mib=0.000
[fsm_node-3] [WARN] [1789476971.762095032] [fsm_node]:  -- [SUPER] in [ReplanOnce]: Replan overtime, check parameters, replan dt = 0.140913704.
[fsm_node-3] [INFO] [1789476971.784904212] [fsm_node]:  -- [OPTIMIZER_PHASE_MEMORY] optimizer=exp event=begin call=255 rss_mib=3195.133 swap_mib=0.000 variables=17 pieces=5
[fsm_node-3] [INFO] [1789476971.792328760] [fsm_node]:  -- [OPTIMIZER_PHASE_MEMORY] optimizer=exp event=end call=255 duration_ms=7.470 iterations=541 ret=1 rss_mib=3195.133 swap_mib=0.000 rss_delta_mib=0.000
[fsm_node-3] [INFO] [1789476971.894583376] [fsm_node]:  -- [OPTIMIZER_PHASE_MEMORY] optimizer=backup event=begin call=435 rss_mib=3195.137 swap_mib=0.000 variables=34 pieces=2
[fsm_node-3] [INFO] [1789476971.895955589] [fsm_node]:  -- [OPTIMIZER_PHASE_MEMORY] optimizer=backup event=end call=435 duration_ms=1.417 iterations=228 ret=1 rss_mib=3195.137 swap_mib=0.000 rss_delta_mib=0.000
[fsm_node-3] [INFO] [1789476971.896093672] [fsm_node]:  -- [OPTIMIZER_PHASE_MEMORY] optimizer=backup event=begin call=436 rss_mib=3195.137 swap_mib=0.000 variables=34 pieces=2
[fsm_node-3] [INFO] [1789476971.896845107] [fsm_node]:  -- [OPTIMIZER_PHASE_MEMORY] optimizer=backup event=end call=436 duration_ms=0.752 iterations=133 ret=1 rss_mib=3195.137 swap_mib=0.000 rss_delta_mib=0.000
[fsm_node-3] [WARN] [1789476971.896877824] [fsm_node]:  -- [SUPER] in [ReplanOnce]: Replan overtime, check parameters, replan dt = 0.134448423.
[fsm_node-3] [INFO] [1789476971.900358269] [fsm_node]:  -- [TRAJ_GUARD_COMMIT] phase=ReplanOnce/no_backup gen=100 map=187 samples=54 range=[1.403,1.661] escape=false footprint_egress=false escape_done_tt=-1.000
[fsm_node-3]  -- [TRAJ_GUARD_CERT] trigger=main_pre status=SAFE gen=99 map=186 map_age=0.008s map_age_limit=0.512s motion_speed=3.267mps samples=47 range=[1.180,1.406] collision_tt=-1.000 ttc=-1.000 p=[0.000,0.000,0.000]
[fsm_node-3]  -- [TRAJ_GUARD_CERT] trigger=main_pre status=SAFE gen=99 map=187 map_age=0.006s map_age_limit=0.550s motion_speed=0.101mps samples=9 range=[1.370,1.406] collision_tt=-1.000 ttc=-1.000 p=[0.000,0.000,0.000]
[fsm_node-3] [32m -- [Fsm] ReplanOnce succeed.[0m
[fsm_node-3] [INFO] [1789476971.970827906] [fsm_node]:  -- [OPTIMIZER_PHASE_MEMORY] optimizer=exp event=begin call=256 rss_mib=3195.141 swap_mib=0.000 variables=17 pieces=5
[fsm_node-3] [INFO] [1789476971.980310380] [fsm_node]:  -- [OPTIMIZER_PHASE_MEMORY] optimizer=exp event=end call=256 duration_ms=9.550 iterations=664 ret=1 rss_mib=3195.141 swap_mib=0.000 rss_delta_mib=0.000
[fsm_node-3] [INFO] [1789476972.037593323] [fsm_node]:  -- [OPTIMIZER_PHASE_MEMORY] optimizer=backup event=begin call=437 rss_mib=3195.141 swap_mib=0.000 variables=38 pieces=2
[fsm_node-3] [INFO] [1789476972.077773738] [fsm_node]:  -- [OPTIMIZER_PHASE_MEMORY] optimizer=backup event=end call=437 duration_ms=40.222 iterations=773 ret=1 rss_mib=3195.145 swap_mib=0.000 rss_delta_mib=0.004
[fsm_node-3] [INFO] [1789476972.078372529] [fsm_node]:  -- [OPTIMIZER_PHASE_MEMORY] optimizer=backup event=begin call=438 rss_mib=3195.145 swap_mib=0.000 variables=38 pieces=2
[fsm_node-3] [INFO] [1789476972.083328329] [fsm_node]:  -- [OPTIMIZER_PHASE_MEMORY] optimizer=backup event=end call=438 duration_ms=4.958 iterations=98 ret=1 rss_mib=3195.145 swap_mib=0.000 rss_delta_mib=0.000
[fsm_node-3] [WARN] [1789476972.083364293] [fsm_node]:  -- [SUPER] in [ReplanOnce]: Replan overtime, check parameters, replan dt = 0.138541374.
[fsm_node-3] [INFO] [1789476972.084216778] [fsm_node]:  -- [TRAJ_GUARD_COMMIT] phase=ReplanOnce/no_backup gen=101 map=188 samples=17 range=[1.587,1.661] escape=false footprint_egress=false escape_done_tt=-1.000
[fsm_node-3]  -- [TRAJ_GUARD_CERT] trigger=poly_publish status=SAFE gen=100 map=187 map_age=0.039s map_age_limit=0.550s motion_speed=0.000mps samples=53 range=[1.404,1.661] collision_tt=-1.000 ttc=-1.000 p=[0.000,0.000,0.000]
[fsm_node-3]  -- [TRAJ_GUARD_CERT] trigger=main_post status=SAFE gen=100 map=188 map_age=0.004s map_age_limit=0.550s motion_speed=0.270mps samples=20 range=[1.570,1.661] collision_tt=-1.000 ttc=-1.000 p=[0.000,0.000,0.000]
[fsm_node-3] [32m -- [Fsm] ReplanOnce succeed.[0m
[fsm_node-3] [INFO] [1789476972.143052348] [fsm_node]:  -- [TRAJ_GUARD_COMMIT] phase=ReplanOnce/no_backup gen=102 map=188 samples=6 range=[1.646,1.661] escape=false footprint_egress=false escape_done_tt=-1.000
[fsm_node-3]  -- [TRAJ_GUARD_CERT] trigger=poly_publish status=SAFE gen=101 map=188 map_age=0.021s map_age_limit=0.550s motion_speed=0.198mps samples=16 range=[1.587,1.661] collision_tt=-1.000 ttc=-1.000 p=[0.000,0.000,0.000]
[fsm_node-3] [32m -- [Fsm] ReplanOnce succeed.[0m
[fsm_node-3]  -- [TRAJ_GUARD_CERT] trigger=poly_publish status=SAFE gen=102 map=188 map_age=0.080s map_age_limit=0.550s motion_speed=0.004mps samples=4 range=[1.646,1.661] collision_tt=-1.000 ttc=-1.000 p=[0.000,0.000,0.000]
[fsm_node-3] [32m -- [Fsm] Traj finish.[0m
[fsm_node-3] [WARN] [1789476972.176687467] [fsm_node]:  -- [TRAJ_GUARD_RECOVERY_EPISODE_RESET] reason=horizontal_progress progress=6.818m threshold=2.000m prior_local=0 prior_vertical=0 prior_base=0
[fsm_node-3] [INFO] [1789476972.200051205] [fsm_node]:  -- [OPTIMIZER_PHASE_MEMORY] optimizer=exp event=begin call=257 rss_mib=3195.145 swap_mib=0.000 variables=17 pieces=5
[fsm_node-3] [INFO] [1789476972.206724566] [fsm_node]:  -- [OPTIMIZER_PHASE_MEMORY] optimizer=exp event=end call=257 duration_ms=6.709 iterations=494 ret=1 rss_mib=3195.145 swap_mib=0.000 rss_delta_mib=0.000
[fsm_node-3] [INFO] [1789476972.206783615] [fsm_node]:  -- [SUPER] in [PlanFromRest] GenerateExpTrajectory SUCCESS.
[perfect_drone_frontend_node-2] [INFO] [1789476972.213423057] [native_sector_cpp]: frames=390 published=197 kept 23.4% (6107/26084 pts/input-frame)
[fsm_node-3] [INFO] [1789476972.246273977] [fsm_node]:  -- [OPTIMIZER_PHASE_MEMORY] optimizer=backup event=begin call=439 rss_mib=3195.145 swap_mib=0.000 variables=32 pieces=2
[fsm_node-3] [INFO] [1789476972.249124202] [fsm_node]:  -- [OPTIMIZER_PHASE_MEMORY] optimizer=backup event=end call=439 duration_ms=2.882 iterations=131 ret=1 rss_mib=3195.145 swap_mib=0.000 rss_delta_mib=0.000
[fsm_node-3] [INFO] [1789476972.249344967] [fsm_node]:  -- [OPTIMIZER_PHASE_MEMORY] optimizer=backup event=begin call=440 rss_mib=3195.145 swap_mib=0.000 variables=32 pieces=2
[fsm_node-3] [INFO] [1789476972.261512451] [fsm_node]:  -- [OPTIMIZER_PHASE_MEMORY] optimizer=backup event=end call=440 duration_ms=12.143 iterations=542 ret=1 rss_mib=3195.145 swap_mib=0.000 rss_delta_mib=0.000
[fsm_node-3] [INFO] [1789476972.261868693] [fsm_node]:  -- [TRAJ_GUARD_COMMIT] phase=PlanFromRest/with_backup gen=103 map=189 samples=202 range=[0.085,1.084] escape=false footprint_egress=false escape_done_tt=-1.000
[fsm_node-3] [38;2;000;128;000m -- [Fsm]: [PubCmdCallback] change state from [FOLLOW_TRAJ] to [GENERATE_TRAJ].
[fsm_node-3] [0m -- [TRAJ_GUARD_CERT] trigger=poly_publish status=SAFE gen=103 map=189 map_age=0.015s map_age_limit=0.550s motion_speed=0.000mps samples=201 range=[0.085,1.084] collision_tt=-1.000 ttc=-1.000 p=[0.000,0.000,0.000]
[fsm_node-3] [38;2;000;128;000m -- [Fsm]: [MainFsmCallback] change state from [GENERATE_TRAJ] to [FOLLOW_TRAJ].
[fsm_node-3] [0m[32m -- [Fsm] Get goal at [0m 24.025000000000002 -23.975000000000001   1.525000000000000
[fsm_node-3] [32m -- [Fsm] Receive click goal at: [ 24.025000000000002 -23.975000000000001   1.525000000000000]; goal yaw: 0.000000000000000 deg[0m
[fsm_node-3] [INFO] [1789476972.364106302] [fsm_node]:  -- [OPTIMIZER_PHASE_MEMORY] optimizer=exp event=begin call=258 rss_mib=3195.148 swap_mib=0.000 variables=17 pieces=5
[fsm_node-3] [INFO] [1789476972.368938131] [fsm_node]:  -- [OPTIMIZER_PHASE_MEMORY] optimizer=exp event=end call=258 duration_ms=4.886 iterations=390 ret=1 rss_mib=3195.148 swap_mib=0.000 rss_delta_mib=0.000
[fsm_node-3] [INFO] [1789476972.432028848] [fsm_node]:  -- [OPTIMIZER_PHASE_MEMORY] optimizer=backup event=begin call=441 rss_mib=3195.148 swap_mib=0.000 variables=38 pieces=2
[fsm_node-3] [INFO] [1789476972.468887166] [fsm_node]:  -- [OPTIMIZER_PHASE_MEMORY] optimizer=backup event=end call=441 duration_ms=36.853 iterations=678 ret=1 rss_mib=3195.152 swap_mib=0.000 rss_delta_mib=0.004
[fsm_node-3] [INFO] [1789476972.469501538] [fsm_node]:  -- [OPTIMIZER_PHASE_MEMORY] optimizer=backup event=begin call=442 rss_mib=3195.152 swap_mib=0.000 variables=38 pieces=2
[fsm_node-3] [INFO] [1789476972.498584596] [fsm_node]:  -- [OPTIMIZER_PHASE_MEMORY] optimizer=backup event=end call=442 duration_ms=29.051 iterations=548 ret=1 rss_mib=3195.152 swap_mib=0.000 rss_delta_mib=0.000
[fsm_node-3] [WARN] [1789476972.498662625] [fsm_node]:  -- [SUPER] in [ReplanOnce]: Replan overtime, check parameters, replan dt = 0.15800732.
[fsm_node-3] [INFO] [1789476972.529608847] [fsm_node]:  -- [OPTIMIZER_PHASE_MEMORY] optimizer=exp event=begin call=259 rss_mib=3195.152 swap_mib=0.000 variables=17 pieces=5
[fsm_node-3] [INFO] [1789476972.535836747] [fsm_node]:  -- [OPTIMIZER_PHASE_MEMORY] optimizer=exp event=end call=259 duration_ms=6.269 iterations=442 ret=1 rss_mib=3195.152 swap_mib=0.000 rss_delta_mib=0.000
[fsm_node-3] [INFO] [1789476972.609018663] [fsm_node]:  -- [OPTIMIZER_PHASE_MEMORY] optimizer=backup event=begin call=443 rss_mib=3195.156 swap_mib=0.000 variables=58 pieces=2
[fsm_node-3] [INFO] [1789476972.612627961] [fsm_node]:  -- [OPTIMIZER_PHASE_MEMORY] optimizer=backup event=end call=443 duration_ms=3.645 iterations=115 ret=1 rss_mib=3195.156 swap_mib=0.000 rss_delta_mib=0.000
[fsm_node-3] [INFO] [1789476972.612889697] [fsm_node]:  -- [OPTIMIZER_PHASE_MEMORY] optimizer=backup event=begin call=444 rss_mib=3195.156 swap_mib=0.000 variables=58 pieces=2
[fsm_node-3] [INFO] [1789476972.627986735] [fsm_node]:  -- [OPTIMIZER_PHASE_MEMORY] optimizer=backup event=end call=444 duration_ms=15.066 iterations=465 ret=1 rss_mib=3195.156 swap_mib=0.000 rss_delta_mib=0.000
[fsm_node-3] [WARN] [1789476972.628089172] [fsm_node]:  -- [SUPER] in [ReplanOnce]: Replan overtime, check parameters, replan dt = 0.12915243.
[fsm_node-3]  -- [TRAJ_GUARD_CERT] trigger=main_pre status=SAFE gen=103 map=190 map_age=0.010s map_age_limit=0.500s motion_speed=3.502mps samples=160 range=[0.290,1.084] collision_tt=-1.000 ttc=-1.000 p=[0.000,0.000,0.000]
[fsm_node-3]  -- [TRAJ_GUARD_CERT] trigger=main_pre status=SAFE gen=103 map=191 map_age=0.008s map_age_limit=0.500s motion_speed=6.056mps samples=120 range=[0.490,1.084] collision_tt=-1.000 ttc=-1.000 p=[0.000,0.000,0.000]
[fsm_node-3] [32m -- [Fsm 37.540] Current state: FOLLOW_TRAJ[0m
[fsm_node-3] [INFO] [1789476972.669905373] [fsm_node]:  -- [OPTIMIZER_PHASE_MEMORY] optimizer=exp event=begin call=260 rss_mib=3195.156 swap_mib=0.000 variables=17 pieces=5
[fsm_node-3] [INFO] [1789476972.696145474] [fsm_node]:  -- [OPTIMIZER_PHASE_MEMORY] optimizer=exp event=end call=260 duration_ms=26.268 iterations=1690 ret=1 rss_mib=3195.156 swap_mib=0.000 rss_delta_mib=0.000
[fsm_node-3] [INFO] [1789476972.813214393] [fsm_node]:  -- [OPTIMIZER_PHASE_MEMORY] optimizer=backup event=begin call=445 rss_mib=3195.270 swap_mib=0.000 variables=64 pieces=2
[fsm_node-3] [INFO] [1789476972.815680144] [fsm_node]:  -- [OPTIMIZER_PHASE_MEMORY] optimizer=backup event=end call=445 duration_ms=2.510 iterations=187 ret=1 rss_mib=3195.270 swap_mib=0.000 rss_delta_mib=0.000
[fsm_node-3] [INFO] [1789476972.815815086] [fsm_node]:  -- [OPTIMIZER_PHASE_MEMORY] optimizer=backup event=begin call=446 rss_mib=3195.270 swap_mib=0.000 variables=64 pieces=2
[fsm_node-3] [INFO] [1789476972.820172501] [fsm_node]:  -- [OPTIMIZER_PHASE_MEMORY] optimizer=backup event=end call=446 duration_ms=4.358 iterations=374 ret=1 rss_mib=3195.270 swap_mib=0.000 rss_delta_mib=0.000
[fsm_node-3] [WARN] [1789476972.820205170] [fsm_node]:  -- [SUPER] in [ReplanOnce]: Replan overtime, check parameters, replan dt = 0.191839813.
[fsm_node-3] [INFO] [1789476972.854430683] [fsm_node]:  -- [OPTIMIZER_PHASE_MEMORY] optimizer=exp event=begin call=261 rss_mib=3195.270 swap_mib=0.000 variables=17 pieces=5
[fsm_node-3] [INFO] [1789476972.872405879] [fsm_node]:  -- [OPTIMIZER_PHASE_MEMORY] optimizer=exp event=end call=261 duration_ms=18.025 iterations=1203 ret=1 rss_mib=3195.270 swap_mib=0.000 rss_delta_mib=0.000
[fsm_node-3] [INFO] [1789476972.979179874] [fsm_node]:  -- [OPTIMIZER_PHASE_MEMORY] optimizer=backup event=begin call=447 rss_mib=3195.273 swap_mib=0.000 variables=52 pieces=2
[fsm_node-3] [INFO] [1789476973.003190427] [fsm_node]:  -- [OPTIMIZER_PHASE_MEMORY] optimizer=backup event=end call=447 duration_ms=24.045 iterations=245 ret=1 rss_mib=3195.273 swap_mib=0.000 rss_delta_mib=0.000
[fsm_node-3] [INFO] [1789476973.004983821] [fsm_node]:  -- [OPTIMIZER_PHASE_MEMORY] optimizer=backup event=begin call=448 rss_mib=3195.273 swap_mib=0.000 variables=52 pieces=2
[fsm_node-3] [INFO] [1789476973.028503249] [fsm_node]:  -- [OPTIMIZER_PHASE_MEMORY] optimizer=backup event=end call=448 duration_ms=23.517 iterations=243 ret=1 rss_mib=3195.277 swap_mib=0.000 rss_delta_mib=0.004
[fsm_node-3] [WARN] [1789476973.028549098] [fsm_node]:  -- [SUPER] in [ReplanOnce]: Replan overtime, check parameters, replan dt = 0.208021848.
[fsm_node-3] [INFO] [1789476973.059100496] [fsm_node]:  -- [OPTIMIZER_PHASE_MEMORY] optimizer=exp event=begin call=262 rss_mib=3195.277 swap_mib=0.000 variables=17 pieces=5
[fsm_node-3] [INFO] [1789476973.085343815] [fsm_node]:  -- [OPTIMIZER_PHASE_MEMORY] optimizer=exp event=end call=262 duration_ms=26.300 iterations=1459 ret=1 rss_mib=3195.277 swap_mib=0.000 rss_delta_mib=0.000
[fsm_node-3] [WARN] [1789476973.085359307] [fsm_node]:  -- [ExpOpt] Opt failed, Omg or thr or Pos violation.
[fsm_node-3] [WARN] [1789476973.085387270] [fsm_node]:  -- [SUPER] OptimizationExpTrajInPolytopes for new path failed
[fsm_node-3] [WARN] [1789476973.085400473] [fsm_node]:  -- [SUPER] in [ReplanOnce]: GenerateExpTrajectory failed, force return
[fsm_node-3]  -- [TRAJ_GUARD_CERT] trigger=main_pre status=SAFE gen=103 map=192 map_age=0.005s map_age_limit=0.500s motion_speed=5.462mps samples=80 range=[0.690,1.084] collision_tt=-1.000 ttc=-1.000 p=[0.000,0.000,0.000]
[fsm_node-3]  -- [TRAJ_GUARD_CERT] trigger=main_pre status=SAFE gen=103 map=193 map_age=0.007s map_age_limit=0.539s motion_speed=2.723mps samples=40 range=[0.890,1.084] collision_tt=-1.000 ttc=-1.000 p=[0.000,0.000,0.000]
[fsm_node-3] [33m -- [MINCO] TrajOpt failed, (unknown)[0m
[fsm_node-3] [33m -- [SUPER] Minco exp_traj opt failed.[0m
[fsm_node-3] [INFO] [1789476973.118715099] [fsm_node]:  -- [OPTIMIZER_PHASE_MEMORY] optimizer=exp event=begin call=263 rss_mib=3195.277 swap_mib=0.000 variables=17 pieces=5
[fsm_node-3] [INFO] [1789476973.124463982] [fsm_node]:  -- [OPTIMIZER_PHASE_MEMORY] optimizer=exp event=end call=263 duration_ms=5.784 iterations=416 ret=1 rss_mib=3195.277 swap_mib=0.000 rss_delta_mib=0.000
[perfect_drone_frontend_node-2] [INFO] [1789476973.138443157] [perfect_tracking]: [SENSOR_CADENCE_SUMMARY] frames=400 span_s=39.903451 hz=9.999135 raw_published=0 direct_handoffs=400 payload_bytes=338900896 side_entry_v1_enabled=0 side_entry_v1_spawned=0 side_entry_v1_injected_frames=0
[perfect_drone_frontend_node-2] [INFO] [1789476973.138493961] [perfect_tracking]: [SENSOR_BURST_DROPOUT_SUMMARY] enabled=0 warmup_s=1.000000 period_s=2.000000 duration_s=0.500000 phase_s=0.000000 phase_env_override=0 rendered=400 delivered=400 dropped=0 bursts=0 max_consecutive_dropped=0 max_delivered_gap_s=0.113815 dropped_payload_bytes=0
[fsm_node-3] [INFO] [1789476973.231349591] [fsm_node]:  -- [OPTIMIZER_PHASE_MEMORY] optimizer=backup event=begin call=449 rss_mib=3195.281 swap_mib=0.000 variables=26 pieces=2
[fsm_node-3] [INFO] [1789476973.231891487] [fsm_node]:  -- [OPTIMIZER_PHASE_MEMORY] optimizer=backup event=end call=449 duration_ms=0.598 iterations=93 ret=1 rss_mib=3195.281 swap_mib=0.000 rss_delta_mib=0.000
[fsm_node-3] [INFO] [1789476973.231979852] [fsm_node]:  -- [OPTIMIZER_PHASE_MEMORY] optimizer=backup event=begin call=450 rss_mib=3195.281 swap_mib=0.000 variables=26 pieces=2
[fsm_node-3] [INFO] [1789476973.237322494] [fsm_node]:  -- [OPTIMIZER_PHASE_MEMORY] optimizer=backup event=end call=450 duration_ms=5.341 iterations=687 ret=1 rss_mib=3195.281 swap_mib=0.000 rss_delta_mib=0.000
[fsm_node-3] [WARN] [1789476973.237357049] [fsm_node]:  -- [SUPER] in [ReplanOnce]: Replan overtime, check parameters, replan dt = 0.151623199.
[fsm_node-3] [INFO] [1789476973.263125830] [fsm_node]:  -- [TRAJ_GUARD_COMMIT] phase=ReplanOnce/no_backup gen=104 map=194 samples=105 range=[1.086,1.601] escape=false footprint_egress=false escape_done_tt=-1.000
[fsm_node-3] [32m -- [Fsm] ReplanOnce succeed.[0m
[fsm_node-3] [INFO] [1789476973.290636988] [fsm_node]:  -- [OPTIMIZER_PHASE_MEMORY] optimizer=exp event=begin call=264 rss_mib=3195.281 swap_mib=0.000 variables=17 pieces=5
[fsm_node-3] [INFO] [1789476973.292938238] [fsm_node]:  -- [OPTIMIZER_PHASE_MEMORY] optimizer=exp event=end call=264 duration_ms=2.373 iterations=169 ret=1 rss_mib=3195.281 swap_mib=0.000 rss_delta_mib=0.000
[fsm_node-3] [INFO] [1789476973.342323338] [fsm_node]:  -- [OPTIMIZER_PHASE_MEMORY] optimizer=backup event=begin call=451 rss_mib=3195.285 swap_mib=0.000 variables=36 pieces=2
[fsm_node-3] [INFO] [1789476973.346193719] [fsm_node]:  -- [OPTIMIZER_PHASE_MEMORY] optimizer=backup event=end call=451 duration_ms=3.928 iterations=299 ret=1 rss_mib=3195.285 swap_mib=0.000 rss_delta_mib=0.000
[fsm_node-3] [INFO] [1789476973.346312971] [fsm_node]:  -- [OPTIMIZER_PHASE_MEMORY] optimizer=backup event=begin call=452 rss_mib=3195.285 swap_mib=0.000 variables=36 pieces=2
[fsm_node-3] [INFO] [1789476973.351046645] [fsm_node]:  -- [OPTIMIZER_PHASE_MEMORY] optimizer=backup event=end call=452 duration_ms=4.734 iterations=347 ret=1 rss_mib=3195.285 swap_mib=0.000 rss_delta_mib=0.000
[fsm_node-3] [INFO] [1789476973.351355079] [fsm_node]:  -- [TRAJ_GUARD_COMMIT] phase=ReplanOnce/with_backup gen=105 map=194 samples=200 range=[0.086,1.073] escape=false footprint_egress=false escape_done_tt=-1.000
[fsm_node-3]  -- [TRAJ_GUARD_CERT] trigger=poly_publish status=SAFE gen=104 map=194 map_age=0.006s map_age_limit=0.550s motion_speed=0.000mps samples=104 range=[1.086,1.601] collision_tt=-1.000 ttc=-1.000 p=[0.000,0.000,0.000]
[fsm_node-3] [32m -- [Fsm] ReplanOnce succeed.[0m
[fsm_node-3]  -- [TRAJ_GUARD_CERT] trigger=poly_publish status=SAFE gen=105 map=194 map_age=0.094s map_age_limit=0.500s motion_speed=5.755mps samples=199 range=[0.087,1.073] collision_tt=-1.000 ttc=-1.000 p=[0.000,0.000,0.000]
[fsm_node-3] [32m -- [Fsm] Get goal at [0m 24.025000000000002 -23.975000000000001   1.525000000000000
[fsm_node-3] [32m -- [Fsm] Receive click goal at: [ 24.025000000000002 -23.975000000000001   1.525000000000000]; goal yaw: 0.000000000000000 deg[0m
[fsm_node-3] [INFO] [1789476973.369487098] [fsm_node]:  -- [OPTIMIZER_PHASE_MEMORY] optimizer=exp event=begin call=265 rss_mib=3195.285 swap_mib=0.000 variables=17 pieces=5
[fsm_node-3] [INFO] [1789476973.374489147] [fsm_node]:  -- [OPTIMIZER_PHASE_MEMORY] optimizer=exp event=end call=265 duration_ms=5.037 iterations=394 ret=1 rss_mib=3195.285 swap_mib=0.000 rss_delta_mib=0.000
[fsm_node-3] [INFO] [1789476973.423549709] [fsm_node]:  -- [OPTIMIZER_PHASE_MEMORY] optimizer=backup event=begin call=453 rss_mib=3195.285 swap_mib=0.000 variables=30 pieces=2
[fsm_node-3] [INFO] [1789476973.426484486] [fsm_node]:  -- [OPTIMIZER_PHASE_MEMORY] optimizer=backup event=end call=453 duration_ms=2.966 iterations=418 ret=1 rss_mib=3195.285 swap_mib=0.000 rss_delta_mib=0.000
[fsm_node-3] [INFO] [1789476973.426582648] [fsm_node]:  -- [OPTIMIZER_PHASE_MEMORY] optimizer=backup event=begin call=454 rss_mib=3195.285 swap_mib=0.000 variables=30 pieces=2
[fsm_node-3] [INFO] [1789476973.428338932] [fsm_node]:  -- [OPTIMIZER_PHASE_MEMORY] optimizer=backup event=end call=454 duration_ms=1.756 iterations=304 ret=1 rss_mib=3195.285 swap_mib=0.000 rss_delta_mib=0.000
[fsm_node-3] [WARN] [1789476973.428866961] [fsm_node]:  -- [TRAJ_GUARD_VIABILITY_SLOWDOWN] phase=ReplanOnce/with_backup gen=106 scale=1.250 retries=1
[fsm_node-3] [INFO] [1789476973.428877143] [fsm_node]:  -- [TRAJ_GUARD_COMMIT] phase=ReplanOnce/with_backup gen=106 map=194 samples=263 range=[0.077,1.381] escape=false footprint_egress=false escape_done_tt=-1.000
[fsm_node-3] [32m -- [Fsm] ReplanOnce succeed.[0m
[fsm_node-3] [INFO] [1789476973.449740267] [fsm_node]:  -- [OPTIMIZER_PHASE_MEMORY] optimizer=exp event=begin call=266 rss_mib=3195.289 swap_mib=0.000 variables=17 pieces=5
[fsm_node-3] [INFO] [1789476973.454372269] [fsm_node]:  -- [OPTIMIZER_PHASE_MEMORY] optimizer=exp event=end call=266 duration_ms=4.689 iterations=343 ret=1 rss_mib=3195.289 swap_mib=0.000 rss_delta_mib=0.000
[fsm_node-3] [INFO] [1789476973.538293025] [fsm_node]:  -- [OPTIMIZER_PHASE_MEMORY] optimizer=backup event=begin call=455 rss_mib=3195.289 swap_mib=0.000 variables=38 pieces=2
[fsm_node-3] [INFO] [1789476973.542055190] [fsm_node]:  -- [OPTIMIZER_PHASE_MEMORY] optimizer=backup event=end call=455 duration_ms=3.811 iterations=183 ret=1 rss_mib=3195.289 swap_mib=0.000 rss_delta_mib=0.000
[fsm_node-3] [INFO] [1789476973.542250320] [fsm_node]:  -- [OPTIMIZER_PHASE_MEMORY] optimizer=backup event=begin call=456 rss_mib=3195.289 swap_mib=0.000 variables=38 pieces=2
[fsm_node-3] [INFO] [1789476973.555868535] [fsm_node]:  -- [OPTIMIZER_PHASE_MEMORY] optimizer=backup event=end call=456 duration_ms=13.606 iterations=581 ret=1 rss_mib=3195.289 swap_mib=0.000 rss_delta_mib=0.000
[fsm_node-3] [WARN] [1789476973.555919873] [fsm_node]:  -- [SUPER] in [ReplanOnce]: Replan overtime, check parameters, replan dt = 0.126643438.
[fsm_node-3] [INFO] [1789476973.576917022] [fsm_node]:  -- [OPTIMIZER_PHASE_MEMORY] optimizer=exp event=begin call=267 rss_mib=3195.289 swap_mib=0.000 variables=17 pieces=5
[fsm_node-3] [INFO] [1789476973.582354697] [fsm_node]:  -- [OPTIMIZER_PHASE_MEMORY] optimizer=exp event=end call=267 duration_ms=5.462 iterations=411 ret=1 rss_mib=3195.289 swap_mib=0.000 rss_delta_mib=0.000
[fsm_node-3] [INFO] [1789476973.613512193] [fsm_node]:  -- [OPTIMIZER_PHASE_MEMORY] optimizer=backup event=begin call=457 rss_mib=3195.293 swap_mib=0.000 variables=30 pieces=2
[fsm_node-3] [INFO] [1789476973.614804032] [fsm_node]:  -- [OPTIMIZER_PHASE_MEMORY] optimizer=backup event=end call=457 duration_ms=1.350 iterations=228 ret=1 rss_mib=3195.293 swap_mib=0.000 rss_delta_mib=0.000
[fsm_node-3] [INFO] [1789476973.614927925] [fsm_node]:  -- [OPTIMIZER_PHASE_MEMORY] optimizer=backup event=begin call=458 rss_mib=3195.293 swap_mib=0.000 variables=30 pieces=2
[fsm_node-3] [INFO] [1789476973.618044042] [fsm_node]:  -- [OPTIMIZER_PHASE_MEMORY] optimizer=backup event=end call=458 duration_ms=3.116 iterations=430 ret=1 rss_mib=3195.293 swap_mib=0.000 rss_delta_mib=0.000
[fsm_node-3] [INFO] [1789476973.618307269] [fsm_node]:  -- [TRAJ_GUARD_COMMIT] phase=ReplanOnce/with_backup gen=107 map=195 samples=175 range=[0.062,0.925] escape=false footprint_egress=false escape_done_tt=-1.000
[fsm_node-3]  -- [TRAJ_GUARD_CERT] trigger=poly_publish status=SAFE gen=106 map=194 map_age=0.172s map_age_limit=0.500s motion_speed=4.807mps samples=262 range=[0.077,1.381] collision_tt=-1.000 ttc=-1.000 p=[0.000,0.000,0.000]
[fsm_node-3]  -- [TRAJ_GUARD_CERT] trigger=main_pre status=SAFE gen=106 map=195 map_age=0.012s map_age_limit=0.500s motion_speed=3.766mps samples=255 range=[0.115,1.381] collision_tt=-1.000 ttc=-1.000 p=[0.000,0.000,0.000]
[fsm_node-3] [32m -- [Fsm] ReplanOnce succeed.[0m
[fsm_node-3] [INFO] [1789476973.638871297] [fsm_node]:  -- [OPTIMIZER_PHASE_MEMORY] optimizer=exp event=begin call=268 rss_mib=3195.293 swap_mib=0.000 variables=17 pieces=5
[fsm_node-3] [INFO] [1789476973.651303557] [fsm_node]:  -- [OPTIMIZER_PHASE_MEMORY] optimizer=exp event=end call=268 duration_ms=12.417 iterations=535 ret=1 rss_mib=3195.293 swap_mib=0.000 rss_delta_mib=0.000
[fsm_node-3]  -- [TRAJ_GUARD_CERT] trigger=poly_publish status=SAFE gen=107 map=195 map_age=0.164s map_age_limit=0.520s motion_speed=3.097mps samples=174 range=[0.062,0.925] collision_tt=-1.000 ttc=-1.000 p=[0.000,0.000,0.000]
[fsm_node-3]  -- [TRAJ_GUARD_CERT] trigger=main_pre status=SAFE gen=107 map=196 map_age=0.004s map_age_limit=0.519s motion_speed=3.122mps samples=167 range=[0.100,0.925] collision_tt=-1.000 ttc=-1.000 p=[0.000,0.000,0.000]
[fsm_node-3] [32m -- [Fsm 38.540] Current state: FOLLOW_TRAJ[0m
[fsm_node-3] [INFO] [1789476973.687776706] [fsm_node]:  -- [OPTIMIZER_PHASE_MEMORY] optimizer=backup event=begin call=459 rss_mib=3195.293 swap_mib=0.000 variables=40 pieces=2
[fsm_node-3] [INFO] [1789476973.694947959] [fsm_node]:  -- [OPTIMIZER_PHASE_MEMORY] optimizer=backup event=end call=459 duration_ms=7.197 iterations=603 ret=1 rss_mib=3195.293 swap_mib=0.000 rss_delta_mib=0.000
[fsm_node-3] [INFO] [1789476973.695084780] [fsm_node]:  -- [OPTIMIZER_PHASE_MEMORY] optimizer=backup event=begin call=460 rss_mib=3195.293 swap_mib=0.000 variables=40 pieces=2
[fsm_node-3] [INFO] [1789476973.700629616] [fsm_node]:  -- [OPTIMIZER_PHASE_MEMORY] optimizer=backup event=end call=460 duration_ms=5.544 iterations=495 ret=1 rss_mib=3195.293 swap_mib=0.000 rss_delta_mib=0.000
[fsm_node-3] [INFO] [1789476973.700935512] [fsm_node]:  -- [TRAJ_GUARD_COMMIT] phase=ReplanOnce/with_backup gen=108 map=196 samples=186 range=[0.082,1.001] escape=false footprint_egress=false escape_done_tt=-1.000
[fsm_node-3] [32m -- [Fsm] ReplanOnce succeed.[0m
[fsm_node-3] [INFO] [1789476973.724481965] [fsm_node]:  -- [OPTIMIZER_PHASE_MEMORY] optimizer=exp event=begin call=269 rss_mib=3195.293 swap_mib=0.000 variables=17 pieces=5
[fsm_node-3] [INFO] [1789476973.728057172] [fsm_node]:  -- [OPTIMIZER_PHASE_MEMORY] optimizer=exp event=end call=269 duration_ms=3.609 iterations=268 ret=1 rss_mib=3195.293 swap_mib=0.000 rss_delta_mib=0.000
[fsm_node-3] [INFO] [1789476973.761231618] [fsm_node]:  -- [OPTIMIZER_PHASE_MEMORY] optimizer=backup event=begin call=461 rss_mib=3195.297 swap_mib=0.000 variables=44 pieces=2
[fsm_node-3] [INFO] [1789476973.764468593] [fsm_node]:  -- [OPTIMIZER_PHASE_MEMORY] optimizer=backup event=end call=461 duration_ms=3.261 iterations=282 ret=1 rss_mib=3195.297 swap_mib=0.000 rss_delta_mib=0.000
[fsm_node-3] [INFO] [1789476973.764596508] [fsm_node]:  -- [OPTIMIZER_PHASE_MEMORY] optimizer=backup event=begin call=462 rss_mib=3195.297 swap_mib=0.000 variables=44 pieces=2
[fsm_node-3] [INFO] [1789476973.769318783] [fsm_node]:  -- [OPTIMIZER_PHASE_MEMORY] optimizer=backup event=end call=462 duration_ms=4.721 iterations=373 ret=1 rss_mib=3195.297 swap_mib=0.000 rss_delta_mib=0.000
[fsm_node-3] [INFO] [1789476973.769636889] [fsm_node]:  -- [TRAJ_GUARD_COMMIT] phase=ReplanOnce/with_backup gen=109 map=196 samples=187 range=[0.068,0.990] escape=false footprint_egress=false escape_done_tt=-1.000
[fsm_node-3]  -- [TRAJ_GUARD_CERT] trigger=poly_publish status=SAFE gen=108 map=196 map_age=0.048s map_age_limit=0.511s motion_speed=3.280mps samples=185 range=[0.082,1.001] collision_tt=-1.000 ttc=-1.000 p=[0.000,0.000,0.000]
[fsm_node-3] [32m -- [Fsm] ReplanOnce succeed.[0m
[fsm_node-3] [INFO] [1789476973.792220651] [fsm_node]:  -- [OPTIMIZER_PHASE_MEMORY] optimizer=exp event=begin call=270 rss_mib=3195.297 swap_mib=0.000 variables=17 pieces=5
[fsm_node-3] [INFO] [1789476973.807532917] [fsm_node]:  -- [OPTIMIZER_PHASE_MEMORY] optimizer=exp event=end call=270 duration_ms=15.331 iterations=918 ret=1 rss_mib=3195.297 swap_mib=0.000 rss_delta_mib=0.000
[fsm_node-3] [INFO] [1789476973.838030457] [fsm_node]:  -- [OPTIMIZER_PHASE_MEMORY] optimizer=backup event=begin call=463 rss_mib=3195.297 swap_mib=0.000 variables=42 pieces=2
[fsm_node-3] [INFO] [1789476973.840847496] [fsm_node]:  -- [OPTIMIZER_PHASE_MEMORY] optimizer=backup event=end call=463 duration_ms=2.844 iterations=192 ret=1 rss_mib=3195.297 swap_mib=0.000 rss_delta_mib=0.000
[fsm_node-3] [INFO] [1789476973.840983018] [fsm_node]:  -- [OPTIMIZER_PHASE_MEMORY] optimizer=backup event=begin call=464 rss_mib=3195.297 swap_mib=0.000 variables=42 pieces=2
[fsm_node-3] [INFO] [1789476973.844220700] [fsm_node]:  -- [OPTIMIZER_PHASE_MEMORY] optimizer=backup event=end call=464 duration_ms=3.227 iterations=226 ret=1 rss_mib=3195.297 swap_mib=0.000 rss_delta_mib=0.000
[fsm_node-3] [INFO] [1789476973.844536763] [fsm_node]:  -- [TRAJ_GUARD_COMMIT] phase=ReplanOnce/with_backup gen=110 map=196 samples=170 range=[0.074,0.911] escape=false footprint_egress=false escape_done_tt=-1.000
[fsm_node-3]  -- [TRAJ_GUARD_CERT] trigger=poly_publish status=SAFE gen=109 map=196 map_age=0.117s map_age_limit=0.500s motion_speed=3.730mps samples=186 range=[0.068,0.990] collision_tt=-1.000 ttc=-1.000 p=[0.000,0.000,0.000]
[fsm_node-3] [32m -- [Fsm] ReplanOnce succeed.[0m
[fsm_node-3] [INFO] [1789476973.865322330] [fsm_node]:  -- [OPTIMIZER_PHASE_MEMORY] optimizer=exp event=begin call=271 rss_mib=3195.297 swap_mib=0.000 variables=17 pieces=5
[fsm_node-3] [INFO] [1789476973.872129254] [fsm_node]:  -- [OPTIMIZER_PHASE_MEMORY] optimizer=exp event=end call=271 duration_ms=6.880 iterations=480 ret=1 rss_mib=3195.301 swap_mib=0.000 rss_delta_mib=0.004
[fsm_node-3] [INFO] [1789476973.974416458] [fsm_node]:  -- [OPTIMIZER_PHASE_MEMORY] optimizer=backup event=begin call=465 rss_mib=3195.301 swap_mib=0.000 variables=38 pieces=2
[fsm_node-3] [INFO] [1789476973.975790441] [fsm_node]:  -- [OPTIMIZER_PHASE_MEMORY] optimizer=backup event=end call=465 duration_ms=1.422 iterations=231 ret=1 rss_mib=3195.301 swap_mib=0.000 rss_delta_mib=0.000
[fsm_node-3] [INFO] [1789476973.975888668] [fsm_node]:  -- [OPTIMIZER_PHASE_MEMORY] optimizer=backup event=begin call=466 rss_mib=3195.301 swap_mib=0.000 variables=38 pieces=2
[fsm_node-3] [INFO] [1789476973.978285940] [fsm_node]:  -- [OPTIMIZER_PHASE_MEMORY] optimizer=backup event=end call=466 duration_ms=2.397 iterations=381 ret=1 rss_mib=3195.301 swap_mib=0.000 rss_delta_mib=0.000
[fsm_node-3] [WARN] [1789476973.978316918] [fsm_node]:  -- [SUPER] in [ReplanOnce]: Replan overtime, check parameters, replan dt = 0.133415495.
[fsm_node-3] [INFO] [1789476973.997776973] [fsm_node]:  -- [OPTIMIZER_PHASE_MEMORY] optimizer=exp event=begin call=272 rss_mib=3195.301 swap_mib=0.000 variables=17 pieces=5
[fsm_node-3] [INFO] [1789476974.010296125] [fsm_node]:  -- [OPTIMIZER_PHASE_MEMORY] optimizer=exp event=end call=272 duration_ms=12.536 iterations=792 ret=1 rss_mib=3195.305 swap_mib=0.000 rss_delta_mib=0.004
[fsm_node-3] [INFO] [1789476974.123097009] [fsm_node]:  -- [OPTIMIZER_PHASE_MEMORY] optimizer=backup event=begin call=467 rss_mib=3195.305 swap_mib=0.000 variables=30 pieces=2
[fsm_node-3] [INFO] [1789476974.123692404] [fsm_node]:  -- [OPTIMIZER_PHASE_MEMORY] optimizer=backup event=end call=467 duration_ms=0.643 iterations=98 ret=1 rss_mib=3195.305 swap_mib=0.000 rss_delta_mib=0.000
[fsm_node-3] [INFO] [1789476974.123837589] [fsm_node]:  -- [OPTIMIZER_PHASE_MEMORY] optimizer=backup event=begin call=468 rss_mib=3195.305 swap_mib=0.000 variables=30 pieces=2
[fsm_node-3] [INFO] [1789476974.127359112] [fsm_node]:  -- [OPTIMIZER_PHASE_MEMORY] optimizer=backup event=end call=468 duration_ms=3.522 iterations=501 ret=1 rss_mib=3195.305 swap_mib=0.000 rss_delta_mib=0.000
[fsm_node-3] [WARN] [1789476974.127393266] [fsm_node]:  -- [SUPER] in [ReplanOnce]: Replan overtime, check parameters, replan dt = 0.148759617.
[fsm_node-3] [INFO] [1789476974.144876059] [fsm_node]:  -- [OPTIMIZER_PHASE_MEMORY] optimizer=exp event=begin call=273 rss_mib=3195.305 swap_mib=0.000 variables=17 pieces=5
[fsm_node-3] [INFO] [1789476974.195200094] [fsm_node]:  -- [OPTIMIZER_PHASE_MEMORY] optimizer=exp event=end call=273 duration_ms=50.359 iterations=3239 ret=1 rss_mib=3195.309 swap_mib=0.000 rss_delta_mib=0.004
[fsm_node-3] [INFO] [1789476974.317351235] [fsm_node]:  -- [OPTIMIZER_PHASE_MEMORY] optimizer=backup event=begin call=469 rss_mib=3195.312 swap_mib=0.000 variables=30 pieces=2
[fsm_node-3] [INFO] [1789476974.318562539] [fsm_node]:  -- [OPTIMIZER_PHASE_MEMORY] optimizer=backup event=end call=469 duration_ms=1.245 iterations=193 ret=1 rss_mib=3195.312 swap_mib=0.000 rss_delta_mib=0.000
[fsm_node-3] [INFO] [1789476974.318670437] [fsm_node]:  -- [OPTIMIZER_PHASE_MEMORY] optimizer=backup event=begin call=470 rss_mib=3195.312 swap_mib=0.000 variables=30 pieces=2
[fsm_node-3] [INFO] [1789476974.318962132] [fsm_node]:  -- [OPTIMIZER_PHASE_MEMORY] optimizer=backup event=end call=470 duration_ms=0.293 iterations=54 ret=1 rss_mib=3195.312 swap_mib=0.000 rss_delta_mib=0.000
[fsm_node-3] [WARN] [1789476974.318996206] [fsm_node]:  -- [SUPER] in [ReplanOnce]: Replan overtime, check parameters, replan dt = 0.191413359.
[fsm_node-3] [INFO] [1789476974.334334749] [fsm_node]:  -- [OPTIMIZER_PHASE_MEMORY] optimizer=exp event=begin call=274 rss_mib=3195.312 swap_mib=0.000 variables=17 pieces=5
[fsm_node-3] [INFO] [1789476974.339671259] [fsm_node]:  -- [OPTIMIZER_PHASE_MEMORY] optimizer=exp event=end call=274 duration_ms=5.354 iterations=388 ret=1 rss_mib=3195.312 swap_mib=0.000 rss_delta_mib=0.000
[fsm_node-3]  -- [TRAJ_GUARD_CERT] trigger=poly_publish status=SAFE gen=110 map=196 map_age=0.192s map_age_limit=0.500s motion_speed=4.380mps samples=169 range=[0.075,0.911] collision_tt=-1.000 ttc=-1.000 p=[0.000,0.000,0.000]
[fsm_node-3]  -- [TRAJ_GUARD_CERT] trigger=main_pre status=SAFE gen=110 map=197 map_age=0.004s map_age_limit=0.500s motion_speed=4.572mps samples=164 range=[0.097,0.911] collision_tt=-1.000 ttc=-1.000 p=[0.000,0.000,0.000]
[fsm_node-3]  -- [TRAJ_GUARD_CERT] trigger=main_pre status=SAFE gen=110 map=198 map_age=0.007s map_age_limit=0.500s motion_speed=6.183mps samples=122 range=[0.307,0.911] collision_tt=-1.000 ttc=-1.000 p=[0.000,0.000,0.000]
[fsm_node-3]  -- [TRAJ_GUARD_CERT] trigger=main_pre status=SAFE gen=110 map=199 map_age=0.009s map_age_limit=0.500s motion_speed=6.463mps samples=82 range=[0.507,0.911] collision_tt=-1.000 ttc=-1.000 p=[0.000,0.000,0.000]
[fsm_node-3] [32m -- [Fsm] Get goal at [0m 24.025000000000002 -23.975000000000001   1.525000000000000
[fsm_node-3] [32m -- [Fsm] Receive click goal at: [ 24.025000000000002 -23.975000000000001   1.525000000000000]; goal yaw: 0.000000000000000 deg[0m
[fsm_node-3] [INFO] [1789476974.441066021] [fsm_node]:  -- [OPTIMIZER_PHASE_MEMORY] optimizer=backup event=begin call=471 rss_mib=3195.312 swap_mib=0.000 variables=38 pieces=2
[fsm_node-3] [INFO] [1789476974.444327654] [fsm_node]:  -- [OPTIMIZER_PHASE_MEMORY] optimizer=backup event=end call=471 duration_ms=3.312 iterations=193 ret=1 rss_mib=3195.312 swap_mib=0.000 rss_delta_mib=0.000
[fsm_node-3] [INFO] [1789476974.444497539] [fsm_node]:  -- [OPTIMIZER_PHASE_MEMORY] optimizer=backup event=begin call=472 rss_mib=3195.312 swap_mib=0.000 variables=38 pieces=2
[fsm_node-3] [INFO] [1789476974.446085870] [fsm_node]:  -- [OPTIMIZER_PHASE_MEMORY] optimizer=backup event=end call=472 duration_ms=1.589 iterations=96 ret=1 rss_mib=3195.312 swap_mib=0.000 rss_delta_mib=0.000
[fsm_node-3] [WARN] [1789476974.446132641] [fsm_node]:  -- [SUPER] in [ReplanOnce]: Replan overtime, check parameters, replan dt = 0.126932784.
[fsm_node-3] [INFO] [1789476974.461145284] [fsm_node]:  -- [OPTIMIZER_PHASE_MEMORY] optimizer=exp event=begin call=275 rss_mib=3195.316 swap_mib=0.000 variables=17 pieces=5
[fsm_node-3] [INFO] [1789476974.476832322] [fsm_node]:  -- [OPTIMIZER_PHASE_MEMORY] optimizer=exp event=end call=275 duration_ms=15.718 iterations=985 ret=1 rss_mib=3195.316 swap_mib=0.000 rss_delta_mib=0.000
[fsm_node-3] [WARN] [1789476974.476849298] [fsm_node]:  -- [ExpOpt] Opt failed, Omg or thr or Pos violation.
[fsm_node-3] [WARN] [1789476974.476878249] [fsm_node]:  -- [SUPER] OptimizationExpTrajInPolytopes for new path failed
[fsm_node-3] [WARN] [1789476974.476889867] [fsm_node]:  -- [SUPER] in [ReplanOnce]: GenerateExpTrajectory failed, force return
[fsm_node-3] [33m -- [MINCO] TrajOpt failed, (unknown)[0m
[fsm_node-3] [33m -- [SUPER] Minco exp_traj opt failed.[0m
[fsm_node-3] [INFO] [1789476974.493478307] [fsm_node]:  -- [OPTIMIZER_PHASE_MEMORY] optimizer=exp event=begin call=276 rss_mib=3195.316 swap_mib=0.000 variables=17 pieces=5
[fsm_node-3] [INFO] [1789476974.497838482] [fsm_node]:  -- [OPTIMIZER_PHASE_MEMORY] optimizer=exp event=end call=276 duration_ms=4.420 iterations=329 ret=1 rss_mib=3195.316 swap_mib=0.000 rss_delta_mib=0.000
[fsm_node-3] [INFO] [1789476974.595431723] [fsm_node]:  -- [OPTIMIZER_PHASE_MEMORY] optimizer=backup event=begin call=473 rss_mib=3195.316 swap_mib=0.000 variables=40 pieces=2
[fsm_node-3] [INFO] [1789476974.598820842] [fsm_node]:  -- [OPTIMIZER_PHASE_MEMORY] optimizer=backup event=end call=473 duration_ms=3.433 iterations=182 ret=1 rss_mib=3195.320 swap_mib=0.000 rss_delta_mib=0.004
[fsm_node-3] [INFO] [1789476974.598992736] [fsm_node]:  -- [OPTIMIZER_PHASE_MEMORY] optimizer=backup event=begin call=474 rss_mib=3195.320 swap_mib=0.000 variables=40 pieces=2
[fsm_node-3] [INFO] [1789476974.600420109] [fsm_node]:  -- [OPTIMIZER_PHASE_MEMORY] optimizer=backup event=end call=474 duration_ms=1.426 iterations=75 ret=1 rss_mib=3195.320 swap_mib=0.000 rss_delta_mib=0.000
[fsm_node-3] [WARN] [1789476974.600457101] [fsm_node]:  -- [SUPER] in [ReplanOnce]: Replan overtime, check parameters, replan dt = 0.123383375.
[fsm_node-3] [INFO] [1789476974.635020491] [fsm_node]:  -- [TRAJ_GUARD_COMMIT] phase=ReplanOnce/no_backup gen=111 map=200 samples=129 range=[0.865,1.496] escape=false footprint_egress=false escape_done_tt=-1.000
[fsm_node-3]  -- [TRAJ_GUARD_CERT] trigger=main_pre status=SAFE gen=110 map=200 map_age=0.015s map_age_limit=0.543s motion_speed=2.637mps samples=38 range=[0.727,0.911] collision_tt=-1.000 ttc=-1.000 p=[0.000,0.000,0.000]
[fsm_node-3] [32m -- [Fsm] ReplanOnce succeed.[0m
[fsm_node-3]  -- [TRAJ_GUARD_CERT] trigger=poly_publish status=SAFE gen=111 map=200 map_age=0.154s map_age_limit=0.550s motion_speed=0.208mps samples=128 range=[0.865,1.496] collision_tt=-1.000 ttc=-1.000 p=[0.000,0.000,0.000]
[fsm_node-3]  -- [TRAJ_GUARD_CERT] trigger=main_pre status=SAFE gen=111 map=201 map_age=0.012s map_age_limit=0.500s motion_speed=6.953mps samples=119 range=[0.907,1.496] collision_tt=-1.000 ttc=-1.000 p=[0.000,0.000,0.000]
[fsm_node-3] [32m -- [Fsm 39.550] Current state: FOLLOW_TRAJ[0m
[fsm_node-3] [INFO] [1789476974.677891917] [fsm_node]:  -- [OPTIMIZER_PHASE_MEMORY] optimizer=exp event=begin call=277 rss_mib=3195.320 swap_mib=0.000 variables=17 pieces=5
[fsm_node-3] [INFO] [1789476974.693660343] [fsm_node]:  -- [OPTIMIZER_PHASE_MEMORY] optimizer=exp event=end call=277 duration_ms=15.834 iterations=1019 ret=1 rss_mib=3195.320 swap_mib=0.000 rss_delta_mib=0.000
[fsm_node-3] [INFO] [1789476974.796436331] [fsm_node]:  -- [OPTIMIZER_PHASE_MEMORY] optimizer=backup event=begin call=475 rss_mib=3195.324 swap_mib=0.000 variables=26 pieces=2
[fsm_node-3] [INFO] [1789476974.797700192] [fsm_node]:  -- [OPTIMIZER_PHASE_MEMORY] optimizer=backup event=end call=475 duration_ms=1.298 iterations=236 ret=1 rss_mib=3195.324 swap_mib=0.000 rss_delta_mib=0.000
[fsm_node-3] [INFO] [1789476974.797786109] [fsm_node]:  -- [OPTIMIZER_PHASE_MEMORY] optimizer=backup event=begin call=476 rss_mib=3195.324 swap_mib=0.000 variables=26 pieces=2
[fsm_node-3] [INFO] [1789476974.806906332] [fsm_node]:  -- [OPTIMIZER_PHASE_MEMORY] optimizer=backup event=end call=476 duration_ms=9.112 iterations=1051 ret=1 rss_mib=3195.324 swap_mib=0.000 rss_delta_mib=0.000
[fsm_node-3] [WARN] [1789476974.806947090] [fsm_node]:  -- [SUPER] in [ReplanOnce]: Replan overtime, check parameters, replan dt = 0.156314329.
[fsm_node-3] [INFO] [1789476974.835972800] [fsm_node]:  -- [OPTIMIZER_PHASE_MEMORY] optimizer=exp event=begin call=278 rss_mib=3195.324 swap_mib=0.000 variables=17 pieces=5
[fsm_node-3] [INFO] [1789476974.842199258] [fsm_node]:  -- [OPTIMIZER_PHASE_MEMORY] optimizer=exp event=end call=278 duration_ms=6.229 iterations=395 ret=1 rss_mib=3195.324 swap_mib=0.000 rss_delta_mib=0.000
[fsm_node-3] [INFO] [1789476974.944583879] [fsm_node]:  -- [OPTIMIZER_PHASE_MEMORY] optimizer=backup event=begin call=477 rss_mib=3195.328 swap_mib=0.000 variables=58 pieces=2
[fsm_node-3] [INFO] [1789476974.952157396] [fsm_node]:  -- [OPTIMIZER_PHASE_MEMORY] optimizer=backup event=end call=477 duration_ms=7.608 iterations=254 ret=1 rss_mib=3195.328 swap_mib=0.000 rss_delta_mib=0.000
[fsm_node-3] [INFO] [1789476974.952432962] [fsm_node]:  -- [OPTIMIZER_PHASE_MEMORY] optimizer=backup event=begin call=478 rss_mib=3195.328 swap_mib=0.000 variables=58 pieces=2
[fsm_node-3] [INFO] [1789476974.955234112] [fsm_node]:  -- [OPTIMIZER_PHASE_MEMORY] optimizer=backup event=end call=478 duration_ms=2.811 iterations=96 ret=1 rss_mib=3195.328 swap_mib=0.000 rss_delta_mib=0.000
[fsm_node-3] [WARN] [1789476974.955268927] [fsm_node]:  -- [SUPER] in [ReplanOnce]: Replan overtime, check parameters, replan dt = 0.148130455.
[fsm_node-3] [INFO] [1789476974.984185006] [fsm_node]:  -- [OPTIMIZER_PHASE_MEMORY] optimizer=exp event=begin call=279 rss_mib=3195.328 swap_mib=0.000 variables=17 pieces=5
[fsm_node-3] [INFO] [1789476974.991673509] [fsm_node]:  -- [OPTIMIZER_PHASE_MEMORY] optimizer=exp event=end call=279 duration_ms=7.508 iterations=510 ret=1 rss_mib=3195.328 swap_mib=0.000 rss_delta_mib=0.000
[fsm_node-3] [INFO] [1789476975.098845343] [fsm_node]:  -- [OPTIMIZER_PHASE_MEMORY] optimizer=backup event=begin call=479 rss_mib=3195.852 swap_mib=0.000 variables=56 pieces=2
[fsm_node-3] [INFO] [1789476975.106751002] [fsm_node]:  -- [OPTIMIZER_PHASE_MEMORY] optimizer=backup event=end call=479 duration_ms=7.935 iterations=611 ret=1 rss_mib=3195.852 swap_mib=0.000 rss_delta_mib=0.000
[fsm_node-3] [INFO] [1789476975.106910568] [fsm_node]:  -- [OPTIMIZER_PHASE_MEMORY] optimizer=backup event=begin call=480 rss_mib=3195.852 swap_mib=0.000 variables=56 pieces=2
[fsm_node-3] [INFO] [1789476975.107892733] [fsm_node]:  -- [OPTIMIZER_PHASE_MEMORY] optimizer=backup event=end call=480 duration_ms=0.988 iterations=109 ret=1 rss_mib=3195.852 swap_mib=0.000 rss_delta_mib=0.000
[fsm_node-3] [WARN] [1789476975.107927682] [fsm_node]:  -- [SUPER] in [ReplanOnce]: Replan overtime, check parameters, replan dt = 0.152303675.
[fsm_node-3] [INFO] [1789476975.138118130] [fsm_node]:  -- [OPTIMIZER_PHASE_MEMORY] optimizer=exp event=begin call=280 rss_mib=3195.852 swap_mib=0.000 variables=17 pieces=5
[fsm_node-3] [INFO] [1789476975.153754176] [fsm_node]:  -- [OPTIMIZER_PHASE_MEMORY] optimizer=exp event=end call=280 duration_ms=15.647 iterations=962 ret=1 rss_mib=3195.852 swap_mib=0.000 rss_delta_mib=0.000
[fsm_node-3]  -- [TRAJ_GUARD_CERT] trigger=main_pre status=SAFE gen=111 map=202 map_age=0.007s map_age_limit=0.500s motion_speed=5.273mps samples=79 range=[1.107,1.496] collision_tt=-1.000 ttc=-1.000 p=[0.000,0.000,0.000]
[fsm_node-3]  -- [TRAJ_GUARD_CERT] trigger=main_pre status=SAFE gen=111 map=203 map_age=0.008s map_age_limit=0.550s motion_speed=1.794mps samples=41 range=[1.297,1.496] collision_tt=-1.000 ttc=-1.000 p=[0.000,0.000,0.000]
[fsm_node-3]  -- [TRAJ_GUARD_CERT] trigger=main_pre status=SAFE gen=111 map=204 map_age=0.006s map_age_limit=0.550s motion_speed=0.003mps samples=3 range=[1.487,1.496] collision_tt=-1.000 ttc=-1.000 p=[0.000,0.000,0.000]
[fsm_node-3] [32m -- [Fsm] Traj finish.[0m
[fsm_node-3] [INFO] [1789476975.277953104] [fsm_node]:  -- [OPTIMIZER_PHASE_MEMORY] optimizer=backup event=begin call=481 rss_mib=3202.043 swap_mib=0.000 variables=96 pieces=2
[fsm_node-3] [INFO] [1789476975.347171565] [fsm_node]:  -- [OPTIMIZER_PHASE_MEMORY] optimizer=backup event=end call=481 duration_ms=69.212 iterations=387 ret=1 rss_mib=3202.043 swap_mib=0.000 rss_delta_mib=0.000
[fsm_node-3] [INFO] [1789476975.354254842] [fsm_node]:  -- [OPTIMIZER_PHASE_MEMORY] optimizer=backup event=begin call=482 rss_mib=3204.445 swap_mib=0.000 variables=96 pieces=2
[fsm_node-3] [INFO] [1789476975.403234871] [fsm_node]:  -- [OPTIMIZER_PHASE_MEMORY] optimizer=backup event=end call=482 duration_ms=48.970 iterations=273 ret=1 rss_mib=3204.445 swap_mib=0.000 rss_delta_mib=0.000
[fsm_node-3] [WARN] [1789476975.403327432] [fsm_node]:  -- [SUPER] in [ReplanOnce]: Replan overtime, check parameters, replan dt = 0.295059801.
[fsm_node-3] [WARN] [1789476975.403504538] [fsm_node]:  -- [TRAJ_GUARD_RECOVERY_EPISODE_RESET] reason=horizontal_progress progress=14.317m threshold=2.000m prior_local=0 prior_vertical=0 prior_base=0
[fsm_node-3] [INFO] [1789476975.433158221] [fsm_node]:  -- [OPTIMIZER_PHASE_MEMORY] optimizer=exp event=begin call=281 rss_mib=3204.445 swap_mib=0.000 variables=17 pieces=5
[fsm_node-3] [INFO] [1789476975.448765484] [fsm_node]:  -- [OPTIMIZER_PHASE_MEMORY] optimizer=exp event=end call=281 duration_ms=15.595 iterations=1014 ret=1 rss_mib=3204.445 swap_mib=0.000 rss_delta_mib=0.000
[fsm_node-3] [INFO] [1789476975.448848940] [fsm_node]:  -- [SUPER] in [PlanFromRest] GenerateExpTrajectory SUCCESS.
[fsm_node-3] [INFO] [1789476975.561318088] [fsm_node]:  -- [OPTIMIZER_PHASE_MEMORY] optimizer=backup event=begin call=483 rss_mib=3204.445 swap_mib=0.000 variables=54 pieces=2
[fsm_node-3] [INFO] [1789476975.627565126] [fsm_node]:  -- [OPTIMIZER_PHASE_MEMORY] optimizer=backup event=end call=483 duration_ms=66.250 iterations=2142 ret=1 rss_mib=3204.445 swap_mib=0.000 rss_delta_mib=0.000
[fsm_node-3] [INFO] [1789476975.627849063] [fsm_node]:  -- [OPTIMIZER_PHASE_MEMORY] optimizer=backup event=begin call=484 rss_mib=3204.445 swap_mib=0.000 variables=54 pieces=2
[fsm_node-3] [INFO] [1789476975.634703645] [fsm_node]:  -- [OPTIMIZER_PHASE_MEMORY] optimizer=backup event=end call=484 duration_ms=6.832 iterations=275 ret=1 rss_mib=3204.445 swap_mib=0.000 rss_delta_mib=0.000
[fsm_node-3] [INFO] [1789476975.635183472] [fsm_node]:  -- [TRAJ_GUARD_COMMIT] phase=PlanFromRest/with_backup gen=112 map=205 samples=292 range=[0.231,1.679] escape=false footprint_egress=false escape_done_tt=-1.000
[fsm_node-3] [38;2;000;128;000m -- [Fsm]: [PubCmdCallback] change state from [FOLLOW_TRAJ] to [GENERATE_TRAJ].
[fsm_node-3] [0m -- [TRAJ_GUARD_CERT] trigger=poly_publish status=SAFE gen=112 map=205 map_age=0.186s map_age_limit=0.550s motion_speed=0.000mps samples=291 range=[0.232,1.679] collision_tt=-1.000 ttc=-1.000 p=[0.000,0.000,0.000]
[fsm_node-3] [38;2;000;128;000m -- [Fsm]: [MainFsmCallback] change state from [GENERATE_TRAJ] to [FOLLOW_TRAJ].
[fsm_node-3] [0m[32m -- [Fsm] Get goal at [0m 24.025000000000002 -23.975000000000001   1.525000000000000
[fsm_node-3] [32m -- [Fsm] Receive click goal at: [ 24.025000000000002 -23.975000000000001   1.525000000000000]; goal yaw: 0.000000000000000 deg[0m
[fsm_node-3] [INFO] [1789476975.686531241] [fsm_node]:  -- [OPTIMIZER_PHASE_MEMORY] optimizer=exp event=begin call=282 rss_mib=3204.527 swap_mib=0.000 variables=17 pieces=5
[fsm_node-3]  -- [TRAJ_GUARD_CERT] trigger=main_pre status=SAFE gen=112 map=206 map_age=0.012s map_age_limit=0.542s motion_speed=2.652mps samples=285 range=[0.263,1.679] collision_tt=-1.000 ttc=-1.000 p=[0.000,0.000,0.000]
[fsm_node-3] [32m -- [Fsm 40.559] Current state: FOLLOW_TRAJ[0m
[fsm_node-3] [INFO] [1789476975.716404805] [fsm_node]:  -- [OPTIMIZER_PHASE_MEMORY] optimizer=exp event=end call=282 duration_ms=29.906 iterations=1827 ret=1 rss_mib=3204.531 swap_mib=0.000 rss_delta_mib=0.004
[fsm_node-3] [INFO] [1789476975.833239493] [fsm_node]:  -- [OPTIMIZER_PHASE_MEMORY] optimizer=backup event=begin call=485 rss_mib=3204.535 swap_mib=0.000 variables=54 pieces=2
[fsm_node-3] [INFO] [1789476975.858063983] [fsm_node]:  -- [OPTIMIZER_PHASE_MEMORY] optimizer=backup event=end call=485 duration_ms=24.839 iterations=287 ret=1 rss_mib=3204.535 swap_mib=0.000 rss_delta_mib=0.000
[fsm_node-3] [INFO] [1789476975.859419105] [fsm_node]:  -- [OPTIMIZER_PHASE_MEMORY] optimizer=backup event=begin call=486 rss_mib=3204.535 swap_mib=0.000 variables=54 pieces=2
[fsm_node-3] [INFO] [1789476975.869907850] [fsm_node]:  -- [OPTIMIZER_PHASE_MEMORY] optimizer=backup event=end call=486 duration_ms=10.457 iterations=124 ret=1 rss_mib=3204.535 swap_mib=0.000 rss_delta_mib=0.000
[fsm_node-3] [WARN] [1789476975.869991197] [fsm_node]:  -- [SUPER] in [ReplanOnce]: Replan overtime, check parameters, replan dt = 0.229261232.
[fsm_node-3] [INFO] [1789476975.906115923] [fsm_node]:  -- [OPTIMIZER_PHASE_MEMORY] optimizer=exp event=begin call=283 rss_mib=3204.535 swap_mib=0.000 variables=17 pieces=5
[fsm_node-3] [INFO] [1789476975.929525499] [fsm_node]:  -- [OPTIMIZER_PHASE_MEMORY] optimizer=exp event=end call=283 duration_ms=23.430 iterations=1488 ret=1 rss_mib=3204.535 swap_mib=0.000 rss_delta_mib=0.000
[fsm_node-3] [INFO] [1789476976.048358602] [fsm_node]:  -- [OPTIMIZER_PHASE_MEMORY] optimizer=backup event=begin call=487 rss_mib=3204.598 swap_mib=0.000 variables=40 pieces=2
[fsm_node-3] [INFO] [1789476976.079502709] [fsm_node]:  -- [OPTIMIZER_PHASE_MEMORY] optimizer=backup event=end call=487 duration_ms=31.148 iterations=1755 ret=1 rss_mib=3204.598 swap_mib=0.000 rss_delta_mib=0.000
[fsm_node-3] [INFO] [1789476976.079727239] [fsm_node]:  -- [OPTIMIZER_PHASE_MEMORY] optimizer=backup event=begin call=488 rss_mib=3204.598 swap_mib=0.000 variables=40 pieces=2
[fsm_node-3] [INFO] [1789476976.082816036] [fsm_node]:  -- [OPTIMIZER_PHASE_MEMORY] optimizer=backup event=end call=488 duration_ms=3.070 iterations=231 ret=1 rss_mib=3204.598 swap_mib=0.000 rss_delta_mib=0.000
[fsm_node-3] [WARN] [1789476976.082878376] [fsm_node]:  -- [SUPER] in [ReplanOnce]: Replan overtime, check parameters, replan dt = 0.212552739.
[fsm_node-3] [INFO] [1789476976.106136962] [fsm_node]:  -- [OPTIMIZER_PHASE_MEMORY] optimizer=exp event=begin call=284 rss_mib=3204.648 swap_mib=0.000 variables=13 pieces=4
[fsm_node-3] [INFO] [1789476976.114130362] [fsm_node]:  -- [OPTIMIZER_PHASE_MEMORY] optimizer=exp event=end call=284 duration_ms=8.003 iterations=643 ret=1 rss_mib=3204.648 swap_mib=0.000 rss_delta_mib=0.000
[fsm_node-3]  -- [TRAJ_GUARD_CERT] trigger=main_pre status=SAFE gen=112 map=207 map_age=0.003s map_age_limit=0.500s motion_speed=5.872mps samples=247 range=[0.453,1.679] collision_tt=-1.000 ttc=-1.000 p=[0.000,0.000,0.000]
[fsm_node-3]  -- [TRAJ_GUARD_CERT] trigger=main_post status=SAFE gen=112 map=208 map_age=0.003s map_age_limit=0.500s motion_speed=6.988mps samples=207 range=[0.653,1.679] collision_tt=-1.000 ttc=-1.000 p=[0.000,0.000,0.000]
[fsm_node-3] [33m -- [CIRI] WARNING! The problem is not feasible, the min dis to obstacle is only: 0.186715082087808[0m
[fsm_node-3] [33m	 box_min =   6.725000000000001 -25.614386732315438   0.475000000000000[0m
[fsm_node-3] [33m	 box_max = 12.647451120636799 -22.275000000000002   2.092278748803587[0m
[fsm_node-3] [33m	 seed line =  7.525000000000000 -23.075000000000003   1.075000000000000 -->  11.847451120636798 -24.814386732315437   1.492278748803587[0m
[fsm_node-3] [WARN] [1789476976.212407673] [fsm_node]:  -- [SUPER] GeneratePolytopeFromLine failed, force return
[fsm_node-3] [WARN] [1789476976.212456356] [fsm_node]:  -- [SUPER] in [ReplanOnce]: Replan overtime, check parameters, replan dt = 0.129285602.
[fsm_node-3] [INFO] [1789476976.231416703] [fsm_node]:  -- [OPTIMIZER_PHASE_MEMORY] optimizer=exp event=begin call=285 rss_mib=3204.977 swap_mib=0.000 variables=13 pieces=4
[fsm_node-3] [INFO] [1789476976.236073627] [fsm_node]:  -- [OPTIMIZER_PHASE_MEMORY] optimizer=exp event=end call=285 duration_ms=4.716 iterations=426 ret=1 rss_mib=3204.977 swap_mib=0.000 rss_delta_mib=0.000
[fsm_node-3] [INFO] [1789476976.295014063] [fsm_node]:  -- [OPTIMIZER_PHASE_MEMORY] optimizer=backup event=begin call=489 rss_mib=3204.980 swap_mib=0.000 variables=30 pieces=2
[fsm_node-3] [INFO] [1789476976.299996479] [fsm_node]:  -- [OPTIMIZER_PHASE_MEMORY] optimizer=backup event=end call=489 duration_ms=5.031 iterations=345 ret=1 rss_mib=3204.980 swap_mib=0.000 rss_delta_mib=0.000
[fsm_node-3] [INFO] [1789476976.300164469] [fsm_node]:  -- [OPTIMIZER_PHASE_MEMORY] optimizer=backup event=begin call=490 rss_mib=3204.980 swap_mib=0.000 variables=30 pieces=2
[fsm_node-3] [INFO] [1789476976.314281716] [fsm_node]:  -- [OPTIMIZER_PHASE_MEMORY] optimizer=backup event=end call=490 duration_ms=14.085 iterations=805 ret=1 rss_mib=3204.980 swap_mib=0.000 rss_delta_mib=0.000
[fsm_node-3] [WARN] [1789476976.314345219] [fsm_node]:  -- [SUPER] in [ReplanOnce]: Replan overtime, check parameters, replan dt = 0.101688236.
[fsm_node-3] [INFO] [1789476976.332035994] [fsm_node]:  -- [OPTIMIZER_PHASE_MEMORY] optimizer=exp event=begin call=286 rss_mib=3204.980 swap_mib=0.000 variables=17 pieces=5
[fsm_node-3] [INFO] [1789476976.338540446] [fsm_node]:  -- [OPTIMIZER_PHASE_MEMORY] optimizer=exp event=end call=286 duration_ms=6.531 iterations=451 ret=1 rss_mib=3204.980 swap_mib=0.000 rss_delta_mib=0.000
[fsm_node-3]  -- [TRAJ_GUARD_CERT] trigger=main_pre status=SAFE gen=112 map=209 map_age=0.004s map_age_limit=0.500s motion_speed=6.770mps samples=167 range=[0.853,1.679] collision_tt=-1.000 ttc=-1.000 p=[0.000,0.000,0.000]
[fsm_node-3] [32m -- [Fsm] Get goal at [0m 24.025000000000002 -23.975000000000001   1.525000000000000
[fsm_node-3] [32m -- [Fsm] Receive click goal at: [ 24.025000000000002 -23.975000000000001   1.525000000000000]; goal yaw: 0.000000000000000 deg[0m
[fsm_node-3] [INFO] [1789476976.385234136] [fsm_node]:  -- [OPTIMIZER_PHASE_MEMORY] optimizer=backup event=begin call=491 rss_mib=3204.980 swap_mib=0.000 variables=34 pieces=2
[fsm_node-3] [INFO] [1789476976.416231250] [fsm_node]:  -- [OPTIMIZER_PHASE_MEMORY] optimizer=backup event=end call=491 duration_ms=30.980 iterations=526 ret=1 rss_mib=3204.984 swap_mib=0.000 rss_delta_mib=0.004
[fsm_node-3] [INFO] [1789476976.416879344] [fsm_node]:  -- [OPTIMIZER_PHASE_MEMORY] optimizer=backup event=begin call=492 rss_mib=3204.984 swap_mib=0.000 variables=34 pieces=2
[fsm_node-3] [INFO] [1789476976.435847882] [fsm_node]:  -- [OPTIMIZER_PHASE_MEMORY] optimizer=backup event=end call=492 duration_ms=18.942 iterations=334 ret=1 rss_mib=3204.984 swap_mib=0.000 rss_delta_mib=0.000
[fsm_node-3] [WARN] [1789476976.435911730] [fsm_node]:  -- [SUPER] in [ReplanOnce]: Replan overtime, check parameters, replan dt = 0.121222926.
[fsm_node-3] [INFO] [1789476976.452681540] [fsm_node]:  -- [OPTIMIZER_PHASE_MEMORY] optimizer=exp event=begin call=287 rss_mib=3205.113 swap_mib=0.000 variables=17 pieces=5
[fsm_node-3] [INFO] [1789476976.459203831] [fsm_node]:  -- [OPTIMIZER_PHASE_MEMORY] optimizer=exp event=end call=287 duration_ms=6.572 iterations=452 ret=1 rss_mib=3205.113 swap_mib=0.000 rss_delta_mib=0.000
[fsm_node-3] [INFO] [1789476976.513021687] [fsm_node]:  -- [OPTIMIZER_PHASE_MEMORY] optimizer=backup event=begin call=493 rss_mib=3205.113 swap_mib=0.000 variables=32 pieces=2
[fsm_node-3] [INFO] [1789476976.518620046] [fsm_node]:  -- [OPTIMIZER_PHASE_MEMORY] optimizer=backup event=end call=493 duration_ms=5.658 iterations=218 ret=1 rss_mib=3205.113 swap_mib=0.000 rss_delta_mib=0.000
[fsm_node-3] [INFO] [1789476976.518824917] [fsm_node]:  -- [OPTIMIZER_PHASE_MEMORY] optimizer=backup event=begin call=494 rss_mib=3205.113 swap_mib=0.000 variables=32 pieces=2
[fsm_node-3] [INFO] [1789476976.532029018] [fsm_node]:  -- [OPTIMIZER_PHASE_MEMORY] optimizer=backup event=end call=494 duration_ms=13.153 iterations=483 ret=1 rss_mib=3205.113 swap_mib=0.000 rss_delta_mib=0.000
[fsm_node-3] [WARN] [1789476976.532106188] [fsm_node]:  -- [SUPER] in [ReplanOnce]: Replan overtime, check parameters, replan dt = 0.095923584.
[fsm_node-3] [INFO] [1789476976.548962588] [fsm_node]:  -- [OPTIMIZER_PHASE_MEMORY] optimizer=exp event=begin call=288 rss_mib=3205.113 swap_mib=0.000 variables=17 pieces=5
[fsm_node-3] [INFO] [1789476976.553572394] [fsm_node]:  -- [OPTIMIZER_PHASE_MEMORY] optimizer=exp event=end call=288 duration_ms=4.659 iterations=326 ret=1 rss_mib=3205.113 swap_mib=0.000 rss_delta_mib=0.000
[fsm_node-3] [INFO] [1789476976.678194228] [fsm_node]:  -- [OPTIMIZER_PHASE_MEMORY] optimizer=backup event=begin call=495 rss_mib=3205.391 swap_mib=0.000 variables=26 pieces=2
[fsm_node-3] [INFO] [1789476976.680295817] [fsm_node]:  -- [OPTIMIZER_PHASE_MEMORY] optimizer=backup event=end call=495 duration_ms=2.158 iterations=336 ret=1 rss_mib=3205.391 swap_mib=0.000 rss_delta_mib=0.000
[fsm_node-3] [INFO] [1789476976.680409155] [fsm_node]:  -- [OPTIMIZER_PHASE_MEMORY] optimizer=backup event=begin call=496 rss_mib=3205.391 swap_mib=0.000 variables=26 pieces=2
[fsm_node-3] [INFO] [1789476976.685180014] [fsm_node]:  -- [OPTIMIZER_PHASE_MEMORY] optimizer=backup event=end call=496 duration_ms=4.737 iterations=744 ret=1 rss_mib=3205.391 swap_mib=0.000 rss_delta_mib=0.000
[fsm_node-3] [WARN] [1789476976.685247271] [fsm_node]:  -- [SUPER] in [ReplanOnce]: Replan overtime, check parameters, replan dt = 0.152930402.
[fsm_node-3]  -- [TRAJ_GUARD_CERT] trigger=main_pre status=SAFE gen=112 map=210 map_age=0.009s map_age_limit=0.500s motion_speed=6.361mps samples=121 range=[1.083,1.679] collision_tt=-1.000 ttc=-1.000 p=[0.000,0.000,0.000]
[fsm_node-3]  -- [TRAJ_GUARD_CERT] trigger=replan_post status=SAFE gen=112 map=211 map_age=0.008s map_age_limit=0.500s motion_speed=4.581mps samples=81 range=[1.282,1.679] collision_tt=-1.000 ttc=-1.000 p=[0.000,0.000,0.000]
[fsm_node-3] [32m -- [Fsm 41.560] Current state: FOLLOW_TRAJ[0m
[fsm_node-3] [INFO] [1789476976.700985459] [fsm_node]:  -- [OPTIMIZER_PHASE_MEMORY] optimizer=exp event=begin call=289 rss_mib=3205.395 swap_mib=0.000 variables=13 pieces=4
[fsm_node-3] [INFO] [1789476976.704363277] [fsm_node]:  -- [OPTIMIZER_PHASE_MEMORY] optimizer=exp event=end call=289 duration_ms=3.408 iterations=317 ret=1 rss_mib=3205.395 swap_mib=0.000 rss_delta_mib=0.000
[fsm_node-3] [INFO] [1789476976.819361562] [fsm_node]:  -- [OPTIMIZER_PHASE_MEMORY] optimizer=backup event=begin call=497 rss_mib=3205.395 swap_mib=0.000 variables=22 pieces=2
[fsm_node-3] [INFO] [1789476976.822450890] [fsm_node]:  -- [OPTIMIZER_PHASE_MEMORY] optimizer=backup event=end call=497 duration_ms=3.122 iterations=465 ret=1 rss_mib=3205.395 swap_mib=0.000 rss_delta_mib=0.000
[fsm_node-3] [INFO] [1789476976.822577748] [fsm_node]:  -- [OPTIMIZER_PHASE_MEMORY] optimizer=backup event=begin call=498 rss_mib=3205.395 swap_mib=0.000 variables=22 pieces=2
[fsm_node-3] [INFO] [1789476976.826383385] [fsm_node]:  -- [OPTIMIZER_PHASE_MEMORY] optimizer=backup event=end call=498 duration_ms=3.811 iterations=558 ret=1 rss_mib=3205.395 swap_mib=0.000 rss_delta_mib=0.000
[fsm_node-3] [WARN] [1789476976.826423624] [fsm_node]:  -- [SUPER] in [ReplanOnce]: Replan overtime, check parameters, replan dt = 0.140818115.
[fsm_node-3] [INFO] [1789476976.840908221] [fsm_node]:  -- [OPTIMIZER_PHASE_MEMORY] optimizer=exp event=begin call=290 rss_mib=3205.398 swap_mib=0.000 variables=17 pieces=5
[fsm_node-3] [INFO] [1789476976.855292126] [fsm_node]:  -- [OPTIMIZER_PHASE_MEMORY] optimizer=exp event=end call=290 duration_ms=14.398 iterations=941 ret=1 rss_mib=3205.398 swap_mib=0.000 rss_delta_mib=0.000
[fsm_node-3] [INFO] [1789476976.963532279] [fsm_node]:  -- [OPTIMIZER_PHASE_MEMORY] optimizer=backup event=begin call=499 rss_mib=3205.398 swap_mib=0.000 variables=18 pieces=2
[fsm_node-3] [INFO] [1789476976.964606398] [fsm_node]:  -- [OPTIMIZER_PHASE_MEMORY] optimizer=backup event=end call=499 duration_ms=1.139 iterations=205 ret=1 rss_mib=3205.398 swap_mib=0.000 rss_delta_mib=0.000
[fsm_node-3] [INFO] [1789476976.964697238] [fsm_node]:  -- [OPTIMIZER_PHASE_MEMORY] optimizer=backup event=begin call=500 rss_mib=3205.398 swap_mib=0.000 variables=18 pieces=2
[fsm_node-3] [INFO] [1789476976.966368296] [fsm_node]:  -- [OPTIMIZER_PHASE_MEMORY] optimizer=backup event=end call=500 duration_ms=1.673 iterations=297 ret=1 rss_mib=3205.398 swap_mib=0.000 rss_delta_mib=0.000
[fsm_node-3] [WARN] [1789476976.966402515] [fsm_node]:  -- [SUPER] in [ReplanOnce]: Replan overtime, check parameters, replan dt = 0.139752159.
[fsm_node-3] [INFO] [1789476976.982035405] [fsm_node]:  -- [OPTIMIZER_PHASE_MEMORY] optimizer=exp event=begin call=291 rss_mib=3205.402 swap_mib=0.000 variables=17 pieces=5
[fsm_node-3] [INFO] [1789476976.992418591] [fsm_node]:  -- [OPTIMIZER_PHASE_MEMORY] optimizer=exp event=end call=291 duration_ms=10.390 iterations=662 ret=1 rss_mib=3205.402 swap_mib=0.000 rss_delta_mib=0.000
[fsm_node-3]  -- [TRAJ_GUARD_CERT] trigger=main_pre status=SAFE gen=112 map=212 map_age=0.008s map_age_limit=0.543s motion_speed=2.641mps samples=43 range=[1.473,1.679] collision_tt=-1.000 ttc=-1.000 p=[0.000,0.000,0.000]
[fsm_node-3]  -- [TRAJ_GUARD_CERT] trigger=main_pre status=SAFE gen=112 map=213 map_age=0.010s map_age_limit=0.550s motion_speed=0.057mps samples=7 range=[1.653,1.679] collision_tt=-1.000 ttc=-1.000 p=[0.000,0.000,0.000]
[fsm_node-3] [32m -- [Fsm] Traj finish.[0m
[fsm_node-3] [INFO] [1789476977.094077008] [fsm_node]:  -- [OPTIMIZER_PHASE_MEMORY] optimizer=backup event=begin call=501 rss_mib=3205.402 swap_mib=0.000 variables=18 pieces=2
[fsm_node-3] [INFO] [1789476977.098363302] [fsm_node]:  -- [OPTIMIZER_PHASE_MEMORY] optimizer=backup event=end call=501 duration_ms=4.334 iterations=660 ret=1 rss_mib=3205.402 swap_mib=0.000 rss_delta_mib=0.000
[fsm_node-3] [INFO] [1789476977.098466467] [fsm_node]:  -- [OPTIMIZER_PHASE_MEMORY] optimizer=backup event=begin call=502 rss_mib=3205.402 swap_mib=0.000 variables=18 pieces=2
[fsm_node-3] [INFO] [1789476977.100134565] [fsm_node]:  -- [OPTIMIZER_PHASE_MEMORY] optimizer=backup event=end call=502 duration_ms=1.668 iterations=304 ret=1 rss_mib=3205.402 swap_mib=0.000 rss_delta_mib=0.000
[fsm_node-3] [WARN] [1789476977.100173316] [fsm_node]:  -- [SUPER] in [ReplanOnce]: Replan overtime, check parameters, replan dt = 0.13341517.
[fsm_node-3] [WARN] [1789476977.100204873] [fsm_node]:  -- [TRAJ_GUARD_RECOVERY_EPISODE_RESET] reason=horizontal_progress progress=6.656m threshold=2.000m prior_local=0 prior_vertical=0 prior_base=0
[fsm_node-3] [INFO] [1789476977.114961074] [fsm_node]:  -- [OPTIMIZER_PHASE_MEMORY] optimizer=exp event=begin call=292 rss_mib=3205.402 swap_mib=0.000 variables=17 pieces=5
[fsm_node-3] [INFO] [1789476977.125559751] [fsm_node]:  -- [OPTIMIZER_PHASE_MEMORY] optimizer=exp event=end call=292 duration_ms=10.635 iterations=718 ret=1 rss_mib=3205.402 swap_mib=0.000 rss_delta_mib=0.000
[fsm_node-3] [INFO] [1789476977.125611658] [fsm_node]:  -- [SUPER] in [PlanFromRest] GenerateExpTrajectory SUCCESS.
[perfect_drone_frontend_node-2] [INFO] [1789476977.213385529] [native_sector_cpp]: frames=440 published=222 kept 24.2% (6725/27751 pts/input-frame)
[fsm_node-3] [INFO] [1789476977.227604497] [fsm_node]:  -- [OPTIMIZER_PHASE_MEMORY] optimizer=backup event=begin call=503 rss_mib=3205.402 swap_mib=0.000 variables=18 pieces=2
[fsm_node-3] [INFO] [1789476977.232756645] [fsm_node]:  -- [OPTIMIZER_PHASE_MEMORY] optimizer=backup event=end call=503 duration_ms=5.172 iterations=888 ret=1 rss_mib=3205.402 swap_mib=0.000 rss_delta_mib=0.000
[fsm_node-3] [INFO] [1789476977.232838155] [fsm_node]:  -- [OPTIMIZER_PHASE_MEMORY] optimizer=backup event=begin call=504 rss_mib=3205.402 swap_mib=0.000 variables=18 pieces=2
[fsm_node-3] [INFO] [1789476977.233270603] [fsm_node]:  -- [OPTIMIZER_PHASE_MEMORY] optimizer=backup event=end call=504 duration_ms=0.434 iterations=94 ret=1 rss_mib=3205.402 swap_mib=0.000 rss_delta_mib=0.000
[fsm_node-3] [INFO] [1789476977.233653793] [fsm_node]:  -- [TRAJ_GUARD_COMMIT] phase=PlanFromRest/with_backup gen=113 map=213 samples=279 range=[0.133,1.514] escape=false footprint_egress=false escape_done_tt=-1.000
[fsm_node-3] [INFO] [1789476977.383199043] [fsm_node]:  -- [OPTIMIZER_PHASE_MEMORY] optimizer=exp event=begin call=293 rss_mib=3205.406 swap_mib=0.000 variables=17 pieces=5
[fsm_node-3] [38;2;000;128;000m -- [Fsm]: [PubCmdCallback] change state from [FOLLOW_TRAJ] to [GENERATE_TRAJ].
[fsm_node-3] [0m -- [TRAJ_GUARD_CERT] trigger=poly_publish status=SAFE gen=113 map=213 map_age=0.187s map_age_limit=0.550s motion_speed=0.000mps samples=278 range=[0.133,1.514] collision_tt=-1.000 ttc=-1.000 p=[0.000,0.000,0.000]
[fsm_node-3] [38;2;000;128;000m -- [Fsm]: [MainFsmCallback] change state from [GENERATE_TRAJ] to [FOLLOW_TRAJ].
[fsm_node-3] [0m -- [TRAJ_GUARD_CERT] trigger=main_post status=SAFE gen=113 map=214 map_age=0.200s map_age_limit=0.550s motion_speed=0.910mps samples=275 range=[0.147,1.514] collision_tt=-1.000 ttc=-1.000 p=[0.000,0.000,0.000]
[fsm_node-3] [32m -- [Fsm] Get goal at [0m 24.025000000000002 -23.975000000000001   1.525000000000000
[fsm_node-3] [32m -- [Fsm] Receive click goal at: [ 24.025000000000002 -23.975000000000001   1.525000000000000]; goal yaw: 0.000000000000000 deg[0m
[fsm_node-3] [INFO] [1789476977.390888979] [fsm_node]:  -- [OPTIMIZER_PHASE_MEMORY] optimizer=exp event=end call=293 duration_ms=7.717 iterations=526 ret=1 rss_mib=3205.406 swap_mib=0.000 rss_delta_mib=0.000
[fsm_node-3] [INFO] [1789476977.496371726] [fsm_node]:  -- [OPTIMIZER_PHASE_MEMORY] optimizer=backup event=begin call=505 rss_mib=3205.410 swap_mib=0.000 variables=18 pieces=2
[fsm_node-3] [INFO] [1789476977.506688329] [fsm_node]:  -- [OPTIMIZER_PHASE_MEMORY] optimizer=backup event=end call=505 duration_ms=10.366 iterations=1269 ret=1 rss_mib=3205.410 swap_mib=0.000 rss_delta_mib=0.000
[fsm_node-3] [INFO] [1789476977.506778893] [fsm_node]:  -- [OPTIMIZER_PHASE_MEMORY] optimizer=backup event=begin call=506 rss_mib=3205.410 swap_mib=0.000 variables=18 pieces=2
[fsm_node-3] [INFO] [1789476977.507475908] [fsm_node]:  -- [OPTIMIZER_PHASE_MEMORY] optimizer=backup event=end call=506 duration_ms=0.698 iterations=148 ret=1 rss_mib=3205.410 swap_mib=0.000 rss_delta_mib=0.000
[fsm_node-3] [WARN] [1789476977.507510262] [fsm_node]:  -- [SUPER] in [ReplanOnce]: Replan overtime, check parameters, replan dt = 0.150537718.
[fsm_node-3] [INFO] [1789476977.528624145] [fsm_node]:  -- [OPTIMIZER_PHASE_MEMORY] optimizer=exp event=begin call=294 rss_mib=3205.410 swap_mib=0.000 variables=17 pieces=5
[fsm_node-3] [INFO] [1789476977.545030406] [fsm_node]:  -- [OPTIMIZER_PHASE_MEMORY] optimizer=exp event=end call=294 duration_ms=16.450 iterations=1098 ret=1 rss_mib=3205.410 swap_mib=0.000 rss_delta_mib=0.000
[fsm_node-3] [INFO] [1789476977.643181897] [fsm_node]:  -- [OPTIMIZER_PHASE_MEMORY] optimizer=backup event=begin call=507 rss_mib=3205.414 swap_mib=0.000 variables=18 pieces=2
[fsm_node-3] [INFO] [1789476977.644994803] [fsm_node]:  -- [OPTIMIZER_PHASE_MEMORY] optimizer=backup event=end call=507 duration_ms=1.861 iterations=242 ret=1 rss_mib=3205.414 swap_mib=0.000 rss_delta_mib=0.000
[fsm_node-3] [INFO] [1789476977.645126889] [fsm_node]:  -- [OPTIMIZER_PHASE_MEMORY] optimizer=backup event=begin call=508 rss_mib=3205.414 swap_mib=0.000 variables=18 pieces=2
[fsm_node-3] [INFO] [1789476977.647343137] [fsm_node]:  -- [OPTIMIZER_PHASE_MEMORY] optimizer=backup event=end call=508 duration_ms=2.203 iterations=299 ret=1 rss_mib=3205.414 swap_mib=0.000 rss_delta_mib=0.000
[fsm_node-3] [WARN] [1789476977.647403151] [fsm_node]:  -- [SUPER] in [ReplanOnce]: Replan overtime, check parameters, replan dt = 0.139591594.
[fsm_node-3] [INFO] [1789476977.670181788] [fsm_node]:  -- [OPTIMIZER_PHASE_MEMORY] optimizer=exp event=begin call=295 rss_mib=3205.414 swap_mib=0.000 variables=17 pieces=5
[fsm_node-3] [INFO] [1789476977.689149889] [fsm_node]:  -- [OPTIMIZER_PHASE_MEMORY] optimizer=exp event=end call=295 duration_ms=18.996 iterations=1227 ret=1 rss_mib=3205.414 swap_mib=0.000 rss_delta_mib=0.000
[fsm_node-3]  -- [TRAJ_GUARD_CERT] trigger=main_pre status=SAFE gen=113 map=215 map_age=0.007s map_age_limit=0.500s motion_speed=4.609mps samples=233 range=[0.356,1.514] collision_tt=-1.000 ttc=-1.000 p=[0.000,0.000,0.000]
[fsm_node-3]  -- [TRAJ_GUARD_CERT] trigger=main_pre status=SAFE gen=113 map=216 map_age=0.007s map_age_limit=0.500s motion_speed=6.709mps samples=193 range=[0.556,1.514] collision_tt=-1.000 ttc=-1.000 p=[0.000,0.000,0.000]
[fsm_node-3] [32m -- [Fsm 42.570] Current state: FOLLOW_TRAJ[0m
[fsm_node-3] [INFO] [1789476977.787475791] [fsm_node]:  -- [OPTIMIZER_PHASE_MEMORY] optimizer=backup event=begin call=509 rss_mib=3205.418 swap_mib=0.000 variables=18 pieces=2
[fsm_node-3] [INFO] [1789476977.793750785] [fsm_node]:  -- [OPTIMIZER_PHASE_MEMORY] optimizer=backup event=end call=509 duration_ms=6.340 iterations=821 ret=1 rss_mib=3205.418 swap_mib=0.000 rss_delta_mib=0.000
[fsm_node-3] [INFO] [1789476977.793833081] [fsm_node]:  -- [OPTIMIZER_PHASE_MEMORY] optimizer=backup event=begin call=510 rss_mib=3205.418 swap_mib=0.000 variables=18 pieces=2
[fsm_node-3] [INFO] [1789476977.800146600] [fsm_node]:  -- [OPTIMIZER_PHASE_MEMORY] optimizer=backup event=end call=510 duration_ms=6.315 iterations=867 ret=1 rss_mib=3205.418 swap_mib=0.000 rss_delta_mib=0.000
[fsm_node-3] [WARN] [1789476977.800180860] [fsm_node]:  -- [SUPER] in [ReplanOnce]: Replan overtime, check parameters, replan dt = 0.152487749.
[fsm_node-3] [INFO] [1789476977.825516428] [fsm_node]:  -- [OPTIMIZER_PHASE_MEMORY] optimizer=exp event=begin call=296 rss_mib=3205.418 swap_mib=0.000 variables=17 pieces=5
[fsm_node-3] [INFO] [1789476977.877140323] [fsm_node]:  -- [OPTIMIZER_PHASE_MEMORY] optimizer=exp event=end call=296 duration_ms=51.627 iterations=3464 ret=1 rss_mib=3205.422 swap_mib=0.000 rss_delta_mib=0.004
[fsm_node-3] [INFO] [1789476977.975226537] [fsm_node]:  -- [OPTIMIZER_PHASE_MEMORY] optimizer=backup event=begin call=511 rss_mib=3205.422 swap_mib=0.000 variables=18 pieces=2
[fsm_node-3] [INFO] [1789476977.983386001] [fsm_node]:  -- [OPTIMIZER_PHASE_MEMORY] optimizer=backup event=end call=511 duration_ms=8.177 iterations=1005 ret=1 rss_mib=3205.426 swap_mib=0.000 rss_delta_mib=0.004
[fsm_node-3] [INFO] [1789476977.983479118] [fsm_node]:  -- [OPTIMIZER_PHASE_MEMORY] optimizer=backup event=begin call=512 rss_mib=3205.426 swap_mib=0.000 variables=18 pieces=2
[fsm_node-3] [INFO] [1789476977.984361240] [fsm_node]:  -- [OPTIMIZER_PHASE_MEMORY] optimizer=backup event=end call=512 duration_ms=0.882 iterations=196 ret=1 rss_mib=3205.426 swap_mib=0.000 rss_delta_mib=0.000
[fsm_node-3] [WARN] [1789476977.984399163] [fsm_node]:  -- [SUPER] in [ReplanOnce]: Replan overtime, check parameters, replan dt = 0.183885575.
[fsm_node-3] [INFO] [1789476978.013259542] [fsm_node]:  -- [OPTIMIZER_PHASE_MEMORY] optimizer=exp event=begin call=297 rss_mib=3205.426 swap_mib=0.000 variables=17 pieces=5
[fsm_node-3] [INFO] [1789476978.022000563] [fsm_node]:  -- [OPTIMIZER_PHASE_MEMORY] optimizer=exp event=end call=297 duration_ms=8.769 iterations=577 ret=1 rss_mib=3205.426 swap_mib=0.000 rss_delta_mib=0.000
[fsm_node-3] [INFO] [1789476978.111646804] [fsm_node]:  -- [OPTIMIZER_PHASE_MEMORY] optimizer=backup event=begin call=513 rss_mib=3205.426 swap_mib=0.000 variables=18 pieces=2
[fsm_node-3] [INFO] [1789476978.112429018] [fsm_node]:  -- [OPTIMIZER_PHASE_MEMORY] optimizer=backup event=end call=513 duration_ms=0.823 iterations=160 ret=1 rss_mib=3205.426 swap_mib=0.000 rss_delta_mib=0.000
[fsm_node-3] [INFO] [1789476978.112509130] [fsm_node]:  -- [OPTIMIZER_PHASE_MEMORY] optimizer=backup event=begin call=514 rss_mib=3205.426 swap_mib=0.000 variables=18 pieces=2
[fsm_node-3] [INFO] [1789476978.115332689] [fsm_node]:  -- [OPTIMIZER_PHASE_MEMORY] optimizer=backup event=end call=514 duration_ms=2.824 iterations=467 ret=1 rss_mib=3205.426 swap_mib=0.000 rss_delta_mib=0.000
[fsm_node-3] [WARN] [1789476978.115368053] [fsm_node]:  -- [SUPER] in [ReplanOnce]: Replan overtime, check parameters, replan dt = 0.130690151.
[perfect_drone_frontend_node-2] [INFO] [1789476978.138125726] [perfect_tracking]: [SENSOR_CADENCE_SUMMARY] frames=450 span_s=44.903133 hz=9.999302 raw_published=0 direct_handoffs=450 payload_bytes=399547744 side_entry_v1_enabled=0 side_entry_v1_spawned=0 side_entry_v1_injected_frames=0
[perfect_drone_frontend_node-2] [INFO] [1789476978.138192874] [perfect_tracking]: [SENSOR_BURST_DROPOUT_SUMMARY] enabled=0 warmup_s=1.000000 period_s=2.000000 duration_s=0.500000 phase_s=0.000000 phase_env_override=0 rendered=450 delivered=450 dropped=0 bursts=0 max_consecutive_dropped=0 max_delivered_gap_s=0.113815 dropped_payload_bytes=0
[fsm_node-3] [INFO] [1789476978.141312188] [fsm_node]:  -- [OPTIMIZER_PHASE_MEMORY] optimizer=exp event=begin call=298 rss_mib=3205.430 swap_mib=0.000 variables=17 pieces=5
[fsm_node-3] [INFO] [1789476978.157726490] [fsm_node]:  -- [OPTIMIZER_PHASE_MEMORY] optimizer=exp event=end call=298 duration_ms=16.455 iterations=1129 ret=1 rss_mib=3205.430 swap_mib=0.000 rss_delta_mib=0.000
[fsm_node-3] [INFO] [1789476978.244110153] [fsm_node]:  -- [OPTIMIZER_PHASE_MEMORY] optimizer=backup event=begin call=515 rss_mib=3205.430 swap_mib=0.000 variables=18 pieces=2
[fsm_node-3] [INFO] [1789476978.245767426] [fsm_node]:  -- [OPTIMIZER_PHASE_MEMORY] optimizer=backup event=end call=515 duration_ms=1.701 iterations=296 ret=1 rss_mib=3205.430 swap_mib=0.000 rss_delta_mib=0.000
[fsm_node-3] [INFO] [1789476978.245842116] [fsm_node]:  -- [OPTIMIZER_PHASE_MEMORY] optimizer=backup event=begin call=516 rss_mib=3205.430 swap_mib=0.000 variables=18 pieces=2
[fsm_node-3] [INFO] [1789476978.250245812] [fsm_node]:  -- [OPTIMIZER_PHASE_MEMORY] optimizer=backup event=end call=516 duration_ms=4.399 iterations=642 ret=1 rss_mib=3205.430 swap_mib=0.000 rss_delta_mib=0.000
[fsm_node-3] [WARN] [1789476978.250285418] [fsm_node]:  -- [SUPER] in [ReplanOnce]: Replan overtime, check parameters, replan dt = 0.134679358.
[fsm_node-3] [INFO] [1789476978.282164032] [fsm_node]:  -- [OPTIMIZER_PHASE_MEMORY] optimizer=exp event=begin call=299 rss_mib=3205.434 swap_mib=0.000 variables=13 pieces=4
[fsm_node-3] [INFO] [1789476978.286354712] [fsm_node]:  -- [OPTIMIZER_PHASE_MEMORY] optimizer=exp event=end call=299 duration_ms=4.252 iterations=406 ret=1 rss_mib=3205.434 swap_mib=0.000 rss_delta_mib=0.000
[fsm_node-3] [INFO] [1789476978.376401155] [fsm_node]:  -- [OPTIMIZER_PHASE_MEMORY] optimizer=backup event=begin call=517 rss_mib=3205.434 swap_mib=0.000 variables=18 pieces=2
[fsm_node-3] [INFO] [1789476978.385288064] [fsm_node]:  -- [OPTIMIZER_PHASE_MEMORY] optimizer=backup event=end call=517 duration_ms=8.900 iterations=1177 ret=1 rss_mib=3205.434 swap_mib=0.000 rss_delta_mib=0.000
[fsm_node-3] [INFO] [1789476978.385376608] [fsm_node]:  -- [OPTIMIZER_PHASE_MEMORY] optimizer=backup event=begin call=518 rss_mib=3205.434 swap_mib=0.000 variables=18 pieces=2
[fsm_node-3]  -- [TRAJ_GUARD_CERT] trigger=main_pre status=SAFE gen=113 map=217 map_age=0.010s map_age_limit=0.500s motion_speed=6.974mps samples=153 range=[0.756,1.514] collision_tt=-1.000 ttc=-1.000 p=[0.000,0.000,0.000]
[fsm_node-3]  -- [TRAJ_GUARD_CERT] trigger=main_pre status=SAFE gen=113 map=218 map_age=0.005s map_age_limit=0.500s motion_speed=6.742mps samples=113 range=[0.956,1.514] collision_tt=-1.000 ttc=-1.000 p=[0.000,0.000,0.000]
[fsm_node-3]  -- [TRAJ_GUARD_CERT] trigger=replan_post status=SAFE gen=113 map=219 map_age=0.004s map_age_limit=0.500s motion_speed=5.606mps samples=74 range=[1.150,1.514] collision_tt=-1.000 ttc=-1.000 p=[0.000,0.000,0.000]
[fsm_node-3] [32m -- [Fsm] Get goal at [0m 24.025000000000002 -23.975000000000001   1.525000000000000
[fsm_node-3] [32m -- [Fsm] Receive click goal at: [ 24.025000000000002 -23.975000000000001   1.525000000000000]; goal yaw: 0.000000000000000 deg[0m
[fsm_node-3] [INFO] [1789476978.388212404] [fsm_node]:  -- [OPTIMIZER_PHASE_MEMORY] optimizer=backup event=end call=518 duration_ms=2.835 iterations=472 ret=1 rss_mib=3205.434 swap_mib=0.000 rss_delta_mib=0.000
[fsm_node-3] [WARN] [1789476978.388243840] [fsm_node]:  -- [SUPER] in [ReplanOnce]: Replan overtime, check parameters, replan dt = 0.137510156.
[fsm_node-3] [INFO] [1789476978.427328874] [fsm_node]:  -- [OPTIMIZER_PHASE_MEMORY] optimizer=exp event=begin call=300 rss_mib=3205.438 swap_mib=0.000 variables=13 pieces=4
[fsm_node-3] [INFO] [1789476978.432442216] [fsm_node]:  -- [OPTIMIZER_PHASE_MEMORY] optimizer=exp event=end call=300 duration_ms=5.151 iterations=482 ret=1 rss_mib=3205.438 swap_mib=0.000 rss_delta_mib=0.000
[fsm_node-3] [INFO] [1789476978.530821443] [fsm_node]:  -- [OPTIMIZER_PHASE_MEMORY] optimizer=backup event=begin call=519 rss_mib=3205.438 swap_mib=0.000 variables=18 pieces=2
[fsm_node-3] [INFO] [1789476978.531431761] [fsm_node]:  -- [OPTIMIZER_PHASE_MEMORY] optimizer=backup event=end call=519 duration_ms=0.660 iterations=99 ret=1 rss_mib=3205.438 swap_mib=0.000 rss_delta_mib=0.000
[fsm_node-3] [INFO] [1789476978.531541195] [fsm_node]:  -- [OPTIMIZER_PHASE_MEMORY] optimizer=backup event=begin call=520 rss_mib=3205.438 swap_mib=0.000 variables=18 pieces=2
[fsm_node-3] [INFO] [1789476978.533227935] [fsm_node]:  -- [OPTIMIZER_PHASE_MEMORY] optimizer=backup event=end call=520 duration_ms=1.689 iterations=299 ret=1 rss_mib=3205.438 swap_mib=0.000 rss_delta_mib=0.000
[fsm_node-3] [WARN] [1789476978.533261032] [fsm_node]:  -- [SUPER] in [ReplanOnce]: Replan overtime, check parameters, replan dt = 0.144769405.
[fsm_node-3] [INFO] [1789476978.534772493] [fsm_node]:  -- [TRAJ_GUARD_COMMIT] phase=ReplanOnce/no_backup gen=114 map=220 samples=45 range=[1.434,1.648] escape=false footprint_egress=false escape_done_tt=-1.000
[fsm_node-3]  -- [TRAJ_GUARD_CERT] trigger=main_pre status=SAFE gen=113 map=220 map_age=0.001s map_age_limit=0.550s motion_speed=2.328mps samples=35 range=[1.346,1.514] collision_tt=-1.000 ttc=-1.000 p=[0.000,0.000,0.000]
[fsm_node-3] [32m -- [Fsm] ReplanOnce succeed.[0m
[fsm_node-3] [INFO] [1789476978.575777544] [fsm_node]:  -- [OPTIMIZER_PHASE_MEMORY] optimizer=exp event=begin call=301 rss_mib=3205.441 swap_mib=0.000 variables=17 pieces=5
[fsm_node-3] [INFO] [1789476978.582972834] [fsm_node]:  -- [OPTIMIZER_PHASE_MEMORY] optimizer=exp event=end call=301 duration_ms=7.238 iterations=540 ret=1 rss_mib=3205.441 swap_mib=0.000 rss_delta_mib=0.000
[fsm_node-3] [INFO] [1789476978.672104338] [fsm_node]:  -- [OPTIMIZER_PHASE_MEMORY] optimizer=backup event=begin call=521 rss_mib=3205.441 swap_mib=0.000 variables=18 pieces=2
[fsm_node-3] [INFO] [1789476978.674132402] [fsm_node]:  -- [OPTIMIZER_PHASE_MEMORY] optimizer=backup event=end call=521 duration_ms=2.078 iterations=306 ret=1 rss_mib=3205.441 swap_mib=0.000 rss_delta_mib=0.000
[fsm_node-3] [INFO] [1789476978.674236921] [fsm_node]:  -- [OPTIMIZER_PHASE_MEMORY] optimizer=backup event=begin call=522 rss_mib=3205.441 swap_mib=0.000 variables=18 pieces=2
[fsm_node-3] [INFO] [1789476978.688100279] [fsm_node]:  -- [OPTIMIZER_PHASE_MEMORY] optimizer=backup event=end call=522 duration_ms=13.848 iterations=1549 ret=1 rss_mib=3205.441 swap_mib=0.000 rss_delta_mib=0.000
[fsm_node-3] [WARN] [1789476978.688152974] [fsm_node]:  -- [SUPER] in [ReplanOnce]: Replan overtime, check parameters, replan dt = 0.143583516.
[fsm_node-3] [INFO] [1789476978.688767187] [fsm_node]:  -- [TRAJ_GUARD_COMMIT] phase=ReplanOnce/no_backup gen=115 map=221 samples=14 range=[1.588,1.648] escape=false footprint_egress=false escape_done_tt=-1.000
[fsm_node-3]  -- [TRAJ_GUARD_CERT] trigger=poly_publish status=SAFE gen=114 map=220 map_age=0.090s map_age_limit=0.550s motion_speed=0.690mps samples=44 range=[1.435,1.648] collision_tt=-1.000 ttc=-1.000 p=[0.000,0.000,0.000]
[fsm_node-3]  -- [TRAJ_GUARD_CERT] trigger=main_pre status=SAFE gen=114 map=221 map_age=0.013s map_age_limit=0.550s motion_speed=0.127mps samples=14 range=[1.586,1.648] collision_tt=-1.000 ttc=-1.000 p=[0.000,0.000,0.000]
[fsm_node-3] [32m -- [Fsm] ReplanOnce succeed.[0m
[fsm_node-3]  -- [TRAJ_GUARD_CERT] trigger=poly_publish status=SAFE gen=115 map=221 map_age=0.015s map_age_limit=0.550s motion_speed=0.127mps samples=13 range=[1.589,1.648] collision_tt=-1.000 ttc=-1.000 p=[0.000,0.000,0.000]
[fsm_node-3] [32m -- [Fsm 43.580] Current state: FOLLOW_TRAJ[0m
[fsm_node-3] [32m -- [Fsm] ReplanOnce succeed.[0m
[fsm_node-3] [32m -- [Fsm] Traj finish.[0m
[fsm_node-3] [WARN] [1789476978.766790671] [fsm_node]:  -- [TRAJ_GUARD_RECOVERY_EPISODE_RESET] reason=horizontal_progress progress=7.145m threshold=2.000m prior_local=0 prior_vertical=0 prior_base=0
[fsm_node-3] [INFO] [1789476978.799915304] [fsm_node]:  -- [OPTIMIZER_PHASE_MEMORY] optimizer=exp event=begin call=302 rss_mib=3205.445 swap_mib=0.000 variables=17 pieces=5
[fsm_node-3] [INFO] [1789476978.805775418] [fsm_node]:  -- [OPTIMIZER_PHASE_MEMORY] optimizer=exp event=end call=302 duration_ms=5.899 iterations=474 ret=1 rss_mib=3205.445 swap_mib=0.000 rss_delta_mib=0.000
[fsm_node-3] [INFO] [1789476978.805829126] [fsm_node]:  -- [SUPER] in [PlanFromRest] GenerateExpTrajectory SUCCESS.
[fsm_node-3] [INFO] [1789476978.896942227] [fsm_node]:  -- [OPTIMIZER_PHASE_MEMORY] optimizer=backup event=begin call=523 rss_mib=3205.445 swap_mib=0.000 variables=18 pieces=2
[fsm_node-3] [INFO] [1789476978.897462890] [fsm_node]:  -- [OPTIMIZER_PHASE_MEMORY] optimizer=backup event=end call=523 duration_ms=0.584 iterations=83 ret=1 rss_mib=3205.445 swap_mib=0.000 rss_delta_mib=0.000
[fsm_node-3] [WARN] [1789476978.897469438] [fsm_node]:  -- [BackOpt] Opt failed, Omg or thr or Pos violation.
[fsm_node-3] [INFO] [1789476978.897534801] [fsm_node]:  -- [OPTIMIZER_PHASE_MEMORY] optimizer=backup event=begin call=524 rss_mib=3205.445 swap_mib=0.000 variables=18 pieces=2
[fsm_node-3] [38;2;000;128;000m -- [Fsm]: [PubCmdCallback] change state from [FOLLOW_TRAJ] to [GENERATE_TRAJ].
[fsm_node-3] [0m[33m -- [MINCO] TrajOpt failed, (unknown)[0m
[fsm_node-3] [33m -- [SUPER] Minco backup_traj opt failed.[0m
[fsm_node-3] [INFO] [1789476978.897975574] [fsm_node]:  -- [OPTIMIZER_PHASE_MEMORY] optimizer=backup event=end call=524 duration_ms=0.443 iterations=83 ret=1 rss_mib=3205.445 swap_mib=0.000 rss_delta_mib=0.000
[fsm_node-3] [WARN] [1789476978.897981082] [fsm_node]:  -- [BackOpt] Opt failed, Omg or thr or Pos violation.
[fsm_node-3] [WARN] [1789476978.897987448] [fsm_node]:  -- [SUPER] OptimizationBakTrajInPolytopes failed, force return
[fsm_node-3] [WARN] [1789476978.897994157] [fsm_node]:  -- [SUPER] in [PlanFromRest] generateBackupTrajectory return [OPT_FAILED], force return
[fsm_node-3] [33m -- [MINCO] TrajOpt failed, (unknown)[0m
[fsm_node-3] [33m -- [SUPER] Minco backup_traj opt failed.[0m
[fsm_node-3] [33m -- [Fsm] PlanFromRest failed, try replan.[0m
[fsm_node-3] [INFO] [1789476978.926837022] [fsm_node]:  -- [OPTIMIZER_PHASE_MEMORY] optimizer=exp event=begin call=303 rss_mib=3205.445 swap_mib=0.000 variables=17 pieces=5
[fsm_node-3] [INFO] [1789476978.934226420] [fsm_node]:  -- [OPTIMIZER_PHASE_MEMORY] optimizer=exp event=end call=303 duration_ms=7.417 iterations=573 ret=1 rss_mib=3205.445 swap_mib=0.000 rss_delta_mib=0.000
[fsm_node-3] [INFO] [1789476978.934282425] [fsm_node]:  -- [SUPER] in [PlanFromRest] GenerateExpTrajectory SUCCESS.
[fsm_node-3] [INFO] [1789476979.025289524] [fsm_node]:  -- [OPTIMIZER_PHASE_MEMORY] optimizer=backup event=begin call=525 rss_mib=3205.445 swap_mib=0.000 variables=18 pieces=2
[fsm_node-3] [INFO] [1789476979.033196641] [fsm_node]:  -- [OPTIMIZER_PHASE_MEMORY] optimizer=backup event=end call=525 duration_ms=7.947 iterations=1144 ret=1 rss_mib=3205.445 swap_mib=0.000 rss_delta_mib=0.000
[fsm_node-3] [INFO] [1789476979.033278062] [fsm_node]:  -- [OPTIMIZER_PHASE_MEMORY] optimizer=backup event=begin call=526 rss_mib=3205.445 swap_mib=0.000 variables=18 pieces=2
[fsm_node-3] [INFO] [1789476979.052466163] [fsm_node]:  -- [OPTIMIZER_PHASE_MEMORY] optimizer=backup event=end call=526 duration_ms=19.177 iterations=2190 ret=1 rss_mib=3205.445 swap_mib=0.000 rss_delta_mib=0.000
[fsm_node-3] [INFO] [1789476979.052863427] [fsm_node]:  -- [TRAJ_GUARD_COMMIT] phase=PlanFromRest/with_backup gen=116 map=222 samples=253 range=[0.154,1.406] escape=false footprint_egress=false escape_done_tt=-1.000
[fsm_node-3] [INFO] [1789476979.160863848] [fsm_node]:  -- [OPTIMIZER_PHASE_MEMORY] optimizer=exp event=begin call=304 rss_mib=3205.449 swap_mib=0.000 variables=13 pieces=4
[fsm_node-3] [INFO] [1789476979.165791289] [fsm_node]:  -- [OPTIMIZER_PHASE_MEMORY] optimizer=exp event=end call=304 duration_ms=4.992 iterations=459 ret=1 rss_mib=3205.449 swap_mib=0.000 rss_delta_mib=0.000
[fsm_node-3] [WARN] [1789476979.259232286] [fsm_node]:  -- [SUPER] in [ReplanOnce]: Replan overtime, check parameters, replan dt = 0.12063237.
[fsm_node-3] [INFO] [1789476979.278201840] [fsm_node]:  -- [OPTIMIZER_PHASE_MEMORY] optimizer=exp event=begin call=305 rss_mib=3205.453 swap_mib=0.000 variables=13 pieces=4
[fsm_node-3] [INFO] [1789476979.284908185] [fsm_node]:  -- [OPTIMIZER_PHASE_MEMORY] optimizer=exp event=end call=305 duration_ms=6.762 iterations=575 ret=1 rss_mib=3205.453 swap_mib=0.000 rss_delta_mib=0.000
[fsm_node-3] [WARN] [1789476979.360685654] [fsm_node]:  -- [SUPER] in [ReplanOnce]: Replan overtime, check parameters, replan dt = 0.101084307.
[fsm_node-3] [INFO] [1789476979.375350673] [fsm_node]:  -- [OPTIMIZER_PHASE_MEMORY] optimizer=exp event=begin call=306 rss_mib=3205.453 swap_mib=0.000 variables=9 pieces=3
[fsm_node-3] [INFO] [1789476979.388902757] [fsm_node]:  -- [OPTIMIZER_PHASE_MEMORY] optimizer=exp event=end call=306 duration_ms=13.594 iterations=1414 ret=1 rss_mib=3205.453 swap_mib=0.000 rss_delta_mib=0.000
[fsm_node-3]  -- [TRAJ_GUARD_CERT] trigger=poly_publish status=SAFE gen=116 map=222 map_age=0.186s map_age_limit=0.550s motion_speed=0.000mps samples=252 range=[0.155,1.406] collision_tt=-1.000 ttc=-1.000 p=[0.000,0.000,0.000]
[fsm_node-3] [38;2;000;128;000m -- [Fsm]: [MainFsmCallback] change state from [GENERATE_TRAJ] to [FOLLOW_TRAJ].
[fsm_node-3] [0m -- [TRAJ_GUARD_CERT] trigger=replan_post status=SAFE gen=116 map=223 map_age=0.007s map_age_limit=0.550s motion_speed=1.231mps samples=248 range=[0.174,1.406] collision_tt=-1.000 ttc=-1.000 p=[0.000,0.000,0.000]
[fsm_node-3]  -- [TRAJ_GUARD_CERT] trigger=replan_post status=SAFE gen=116 map=224 map_age=0.003s map_age_limit=0.500s motion_speed=4.789mps samples=210 range=[0.361,1.406] collision_tt=-1.000 ttc=-1.000 p=[0.000,0.000,0.000]
[fsm_node-3] [32m -- [Fsm] Get goal at [0m 24.025000000000002 -23.975000000000001   1.525000000000000
[fsm_node-3] [32m -- [Fsm] Receive click goal at: [ 24.025000000000002 -23.975000000000001   1.525000000000000]; goal yaw: 0.000000000000000 deg[0m
[fsm_node-3] [WARN] [1789476979.454323041] [fsm_node]:  -- [SUPER] in [ReplanOnce]: Replan overtime, check parameters, replan dt = 0.093393069.
[fsm_node-3] [INFO] [1789476979.469516498] [fsm_node]:  -- [OPTIMIZER_PHASE_MEMORY] optimizer=exp event=begin call=307 rss_mib=3205.457 swap_mib=0.000 variables=9 pieces=3
[fsm_node-3] [INFO] [1789476979.471452853] [fsm_node]:  -- [OPTIMIZER_PHASE_MEMORY] optimizer=exp event=end call=307 duration_ms=1.991 iterations=245 ret=1 rss_mib=3205.457 swap_mib=0.000 rss_delta_mib=0.000
[fsm_node-3] [INFO] [1789476979.520057085] [fsm_node]:  -- [TRAJ_GUARD_COMMIT] phase=ReplanOnce/no_backup gen=117 map=225 samples=179 range=[0.065,0.950] escape=false footprint_egress=false escape_done_tt=-1.000
[fsm_node-3]  -- [TRAJ_GUARD_CERT] trigger=replan_post status=SAFE gen=116 map=225 map_age=0.002s map_age_limit=0.500s motion_speed=6.666mps samples=171 range=[0.556,1.406] collision_tt=-1.000 ttc=-1.000 p=[0.000,0.000,0.000]
[fsm_node-3] [32m -- [Fsm] ReplanOnce succeed.[0m
[fsm_node-3] [INFO] [1789476979.531580663] [fsm_node]:  -- [OPTIMIZER_PHASE_MEMORY] optimizer=exp event=begin call=308 rss_mib=3205.457 swap_mib=0.000 variables=9 pieces=3
[fsm_node-3] [INFO] [1789476979.537488446] [fsm_node]:  -- [OPTIMIZER_PHASE_MEMORY] optimizer=exp event=end call=308 duration_ms=5.957 iterations=641 ret=1 rss_mib=3205.457 swap_mib=0.000 rss_delta_mib=0.000
[fsm_node-3] [INFO] [1789476979.580810525] [fsm_node]:  -- [TRAJ_GUARD_COMMIT] phase=ReplanOnce/no_backup gen=118 map=225 samples=175 range=[0.060,0.921] escape=false footprint_egress=false escape_done_tt=-1.000
[fsm_node-3]  -- [TRAJ_GUARD_CERT] trigger=poly_publish status=SAFE gen=117 map=225 map_age=0.068s map_age_limit=0.500s motion_speed=6.896mps samples=178 range=[0.066,0.950] collision_tt=-1.000 ttc=-1.000 p=[0.000,0.000,0.000]
[fsm_node-3] [32m -- [Fsm] ReplanOnce succeed.[0m
[fsm_node-3] [INFO] [1789476979.593011026] [fsm_node]:  -- [OPTIMIZER_PHASE_MEMORY] optimizer=exp event=begin call=309 rss_mib=3205.461 swap_mib=0.000 variables=5 pieces=2
[fsm_node-3] [INFO] [1789476979.593411585] [fsm_node]:  -- [OPTIMIZER_PHASE_MEMORY] optimizer=exp event=end call=309 duration_ms=0.451 iterations=71 ret=1 rss_mib=3205.461 swap_mib=0.000 rss_delta_mib=0.000
[fsm_node-3] [INFO] [1789476979.627420162] [fsm_node]:  -- [TRAJ_GUARD_COMMIT] phase=ReplanOnce/no_backup gen=119 map=225 samples=157 range=[0.046,0.819] escape=false footprint_egress=false escape_done_tt=-1.000
[fsm_node-3]  -- [TRAJ_GUARD_CERT] trigger=poly_publish status=SAFE gen=118 map=225 map_age=0.129s map_age_limit=0.500s motion_speed=6.982mps samples=174 range=[0.060,0.921] collision_tt=-1.000 ttc=-1.000 p=[0.000,0.000,0.000]
[fsm_node-3] [32m -- [Fsm] ReplanOnce succeed.[0m
[fsm_node-3] [INFO] [1789476979.636948669] [fsm_node]:  -- [OPTIMIZER_PHASE_MEMORY] optimizer=exp event=begin call=310 rss_mib=3205.461 swap_mib=0.000 variables=5 pieces=2
[fsm_node-3] [INFO] [1789476979.637284285] [fsm_node]:  -- [OPTIMIZER_PHASE_MEMORY] optimizer=exp event=end call=310 duration_ms=0.390 iterations=53 ret=1 rss_mib=3205.461 swap_mib=0.000 rss_delta_mib=0.000
[fsm_node-3] [INFO] [1789476979.666448769] [fsm_node]:  -- [TRAJ_GUARD_COMMIT] phase=ReplanOnce/no_backup gen=120 map=226 samples=150 range=[0.038,0.774] escape=false footprint_egress=false escape_done_tt=-1.000
[fsm_node-3]  -- [TRAJ_GUARD_CERT] trigger=poly_publish status=SAFE gen=119 map=225 map_age=0.175s map_age_limit=0.500s motion_speed=6.997mps samples=156 range=[0.046,0.819] collision_tt=-1.000 ttc=-1.000 p=[0.000,0.000,0.000]
[fsm_node-3]  -- [TRAJ_GUARD_CERT] trigger=main_pre status=SAFE gen=119 map=226 map_age=0.006s map_age_limit=0.500s motion_speed=6.998mps samples=150 range=[0.076,0.819] collision_tt=-1.000 ttc=-1.000 p=[0.000,0.000,0.000]
[fsm_node-3] [32m -- [Fsm] ReplanOnce succeed.[0m
[fsm_node-3] [INFO] [1789476979.675148842] [fsm_node]:  -- [OPTIMIZER_PHASE_MEMORY] optimizer=exp event=begin call=311 rss_mib=3205.461 swap_mib=0.000 variables=5 pieces=2
[fsm_node-3] [INFO] [1789476979.675835647] [fsm_node]:  -- [OPTIMIZER_PHASE_MEMORY] optimizer=exp event=end call=311 duration_ms=0.728 iterations=125 ret=1 rss_mib=3205.461 swap_mib=0.000 rss_delta_mib=0.000
[fsm_node-3] [INFO] [1789476979.702281351] [fsm_node]:  -- [TRAJ_GUARD_COMMIT] phase=ReplanOnce/no_backup gen=121 map=226 samples=142 range=[0.035,0.733] escape=false footprint_egress=false escape_done_tt=-1.000
[fsm_node-3]  -- [TRAJ_GUARD_CERT] trigger=poly_publish status=SAFE gen=120 map=226 map_age=0.016s map_age_limit=0.500s motion_speed=6.998mps samples=149 range=[0.039,0.774] collision_tt=-1.000 ttc=-1.000 p=[0.000,0.000,0.000]
[fsm_node-3] [32m -- [Fsm] ReplanOnce succeed.[0m
[fsm_node-3]  -- [TRAJ_GUARD_CERT] trigger=poly_publish status=SAFE gen=121 map=226 map_age=0.052s map_age_limit=0.500s motion_speed=6.976mps samples=141 range=[0.036,0.733] collision_tt=-1.000 ttc=-1.000 p=[0.000,0.000,0.000]
[fsm_node-3] [32m -- [Fsm 44.589] Current state: FOLLOW_TRAJ[0m
[fsm_node-3] [INFO] [1789476979.740966449] [fsm_node]:  -- [OPTIMIZER_PHASE_MEMORY] optimizer=exp event=begin call=312 rss_mib=3205.465 swap_mib=0.000 variables=5 pieces=2
[fsm_node-3] [INFO] [1789476979.741757757] [fsm_node]:  -- [OPTIMIZER_PHASE_MEMORY] optimizer=exp event=end call=312 duration_ms=0.848 iterations=141 ret=1 rss_mib=3205.465 swap_mib=0.000 rss_delta_mib=0.000
[fsm_node-3] [INFO] [1789476979.761023291] [fsm_node]:  -- [TRAJ_GUARD_COMMIT] phase=ReplanOnce/no_backup gen=122 map=226 samples=130 range=[0.028,0.665] escape=false footprint_egress=false escape_done_tt=-1.000
[fsm_node-3] [32m -- [Fsm] ReplanOnce succeed.[0m
[fsm_node-3] [INFO] [1789476979.805675327] [fsm_node]:  -- [OPTIMIZER_PHASE_MEMORY] optimizer=exp event=begin call=313 rss_mib=3205.465 swap_mib=0.000 variables=5 pieces=2
[fsm_node-3] [INFO] [1789476979.806406205] [fsm_node]:  -- [OPTIMIZER_PHASE_MEMORY] optimizer=exp event=end call=313 duration_ms=0.838 iterations=99 ret=1 rss_mib=3205.465 swap_mib=0.000 rss_delta_mib=0.000
[fsm_node-3] [INFO] [1789476979.821719945] [fsm_node]:  -- [TRAJ_GUARD_COMMIT] phase=ReplanOnce/no_backup gen=123 map=226 samples=115 range=[0.023,0.588] escape=false footprint_egress=false escape_done_tt=-1.000
[fsm_node-3]  -- [TRAJ_GUARD_CERT] trigger=poly_publish status=SAFE gen=122 map=226 map_age=0.110s map_age_limit=0.500s motion_speed=6.881mps samples=129 range=[0.028,0.665] collision_tt=-1.000 ttc=-1.000 p=[0.000,0.000,0.000]
[fsm_node-3] [32m -- [Fsm] ReplanOnce succeed.[0m
[fsm_node-3] [INFO] [1789476979.869077161] [fsm_node]:  -- [OPTIMIZER_PHASE_MEMORY] optimizer=exp event=begin call=314 rss_mib=3205.469 swap_mib=0.000 variables=1 pieces=1
[fsm_node-3] [INFO] [1789476979.869241044] [fsm_node]:  -- [OPTIMIZER_PHASE_MEMORY] optimizer=exp event=end call=314 duration_ms=0.251 iterations=22 ret=1 rss_mib=3205.469 swap_mib=0.000 rss_delta_mib=0.000
[fsm_node-3] [INFO] [1789476979.880052435] [fsm_node]:  -- [TRAJ_GUARD_COMMIT] phase=ReplanOnce/no_backup gen=124 map=227 samples=105 range=[0.015,0.528] escape=false footprint_egress=false escape_done_tt=-1.000
[fsm_node-3]  -- [TRAJ_GUARD_CERT] trigger=poly_publish status=SAFE gen=123 map=226 map_age=0.171s map_age_limit=0.500s motion_speed=6.744mps samples=114 range=[0.023,0.588] collision_tt=-1.000 ttc=-1.000 p=[0.000,0.000,0.000]
[fsm_node-3]  -- [TRAJ_GUARD_CERT] trigger=main_pre status=SAFE gen=123 map=227 map_age=0.003s map_age_limit=0.500s motion_speed=6.642mps samples=107 range=[0.058,0.588] collision_tt=-1.000 ttc=-1.000 p=[0.000,0.000,0.000]
[fsm_node-3] [32m -- [Fsm] ReplanOnce succeed.[0m
[fsm_node-3]  -- [TRAJ_GUARD_CERT] trigger=poly_publish status=SAFE gen=124 map=227 map_age=0.027s map_age_limit=0.500s motion_speed=6.501mps samples=104 range=[0.015,0.528] collision_tt=-1.000 ttc=-1.000 p=[0.000,0.000,0.000]
[fsm_node-3] [32m -- [Fsm] Get goal at [0m0.025000000000000 0.025000000000000 1.525000000000000
[fsm_node-3] [32m -- [Fsm] Receive click goal at: [0.025000000000000 0.025000000000000 1.525000000000000]; goal yaw: 0.000000000000000 deg[0m
[fsm_node-3] [INFO] [1789476979.965011973] [fsm_node]:  -- [OPTIMIZER_PHASE_MEMORY] optimizer=exp event=begin call=315 rss_mib=3205.469 swap_mib=0.000 variables=9 pieces=3
[fsm_node-3] [INFO] [1789476979.966989899] [fsm_node]:  -- [OPTIMIZER_PHASE_MEMORY] optimizer=exp event=end call=315 duration_ms=2.042 iterations=266 ret=1 rss_mib=3205.469 swap_mib=0.000 rss_delta_mib=0.000
[fsm_node-3] [WARN] [1789476980.077619370] [fsm_node]:  -- [SUPER] in [ReplanOnce]: Replan overtime, check parameters, replan dt = 0.146948415.
[fsm_node-3] [INFO] [1789476980.101368004] [fsm_node]:  -- [OPTIMIZER_PHASE_MEMORY] optimizer=exp event=begin call=316 rss_mib=3205.473 swap_mib=0.000 variables=13 pieces=4
[fsm_node-3] [INFO] [1789476980.104203228] [fsm_node]:  -- [OPTIMIZER_PHASE_MEMORY] optimizer=exp event=end call=316 duration_ms=2.885 iterations=298 ret=1 rss_mib=3205.473 swap_mib=0.000 rss_delta_mib=0.000
[fsm_node-3] [INFO] [1789476980.217287084] [fsm_node]:  -- [OPTIMIZER_PHASE_MEMORY] optimizer=backup event=begin call=527 rss_mib=3205.477 swap_mib=0.000 variables=18 pieces=2
[fsm_node-3] [INFO] [1789476980.217748407] [fsm_node]:  -- [OPTIMIZER_PHASE_MEMORY] optimizer=backup event=end call=527 duration_ms=0.497 iterations=81 ret=1 rss_mib=3205.477 swap_mib=0.000 rss_delta_mib=0.000
[fsm_node-3] [WARN] [1789476980.217778469] [fsm_node]:  -- [BackOpt] Opt failed, Omg or thr or Pos violation.
[fsm_node-3] [INFO] [1789476980.217838298] [fsm_node]:  -- [OPTIMIZER_PHASE_MEMORY] optimizer=backup event=begin call=528 rss_mib=3205.477 swap_mib=0.000 variables=18 pieces=2
[fsm_node-3]  -- [TRAJ_GUARD_CERT] trigger=main_pre status=SAFE gen=124 map=228 map_age=0.003s map_age_limit=0.500s motion_speed=4.583mps samples=69 range=[0.192,0.528] collision_tt=-1.000 ttc=-1.000 p=[0.000,0.000,0.000]
[fsm_node-3] [33m -- [MINCO] TrajOpt failed, (unknown)[0m
[fsm_node-3] [33m -- [SUPER] Minco backup_traj opt failed.[0m
[fsm_node-3] [INFO] [1789476980.218260390] [fsm_node]:  -- [OPTIMIZER_PHASE_MEMORY] optimizer=backup event=end call=528 duration_ms=0.424 iterations=88 ret=1 rss_mib=3205.477 swap_mib=0.000 rss_delta_mib=0.000
[fsm_node-3] [WARN] [1789476980.218265855] [fsm_node]:  -- [BackOpt] Opt failed, Omg or thr or Pos violation.
[fsm_node-3] [WARN] [1789476980.218271178] [fsm_node]:  -- [SUPER] OptimizationBakTrajInPolytopes failed, force return
[fsm_node-3] [WARN] [1789476980.218279505] [fsm_node]:  -- [SUPER] in [ReplanOnce]: Replan overtime, check parameters, replan dt = 0.140444769.
[fsm_node-3] [33m -- [MINCO] TrajOpt failed, (unknown)[0m
[fsm_node-3] [33m -- [SUPER] Minco backup_traj opt failed.[0m
[fsm_node-3] [INFO] [1789476980.243409031] [fsm_node]:  -- [OPTIMIZER_PHASE_MEMORY] optimizer=exp event=begin call=317 rss_mib=3205.477 swap_mib=0.000 variables=13 pieces=4
[fsm_node-3] [INFO] [1789476980.247843214] [fsm_node]:  -- [OPTIMIZER_PHASE_MEMORY] optimizer=exp event=end call=317 duration_ms=4.485 iterations=428 ret=1 rss_mib=3205.477 swap_mib=0.000 rss_delta_mib=0.000
[fsm_node-3] [INFO] [1789476980.364557834] [fsm_node]:  -- [OPTIMIZER_PHASE_MEMORY] optimizer=backup event=begin call=529 rss_mib=3205.480 swap_mib=0.000 variables=18 pieces=2
[fsm_node-3] [INFO] [1789476980.382271203] [fsm_node]:  -- [OPTIMIZER_PHASE_MEMORY] optimizer=backup event=end call=529 duration_ms=17.755 iterations=2245 ret=1 rss_mib=3205.480 swap_mib=0.000 rss_delta_mib=0.000
[fsm_node-3] [INFO] [1789476980.382356741] [fsm_node]:  -- [OPTIMIZER_PHASE_MEMORY] optimizer=backup event=begin call=530 rss_mib=3205.480 swap_mib=0.000 variables=18 pieces=2
[fsm_node-3]  -- [TRAJ_GUARD_CERT] trigger=main_pre status=SAFE gen=124 map=229 map_age=0.006s map_age_limit=0.550s motion_speed=0.891mps samples=29 range=[0.392,0.528] collision_tt=-1.000 ttc=-1.000 p=[0.000,0.000,0.000]
[fsm_node-3] [32m -- [Fsm] Traj finish.[0m
[fsm_node-3] [INFO] [1789476980.400348085] [fsm_node]:  -- [OPTIMIZER_PHASE_MEMORY] optimizer=backup event=end call=530 duration_ms=17.960 iterations=2115 ret=1 rss_mib=3205.480 swap_mib=0.000 rss_delta_mib=0.000
[fsm_node-3] [WARN] [1789476980.400406978] [fsm_node]:  -- [SUPER] in [ReplanOnce]: Replan overtime, check parameters, replan dt = 0.181965343.
[fsm_node-3] [INFO] [1789476980.434731565] [fsm_node]:  -- [OPTIMIZER_PHASE_MEMORY] optimizer=exp event=begin call=318 rss_mib=3205.480 swap_mib=0.000 variables=13 pieces=4
[fsm_node-3] [INFO] [1789476980.438723716] [fsm_node]:  -- [OPTIMIZER_PHASE_MEMORY] optimizer=exp event=end call=318 duration_ms=4.060 iterations=399 ret=1 rss_mib=3205.480 swap_mib=0.000 rss_delta_mib=0.000
[fsm_node-3] [INFO] [1789476980.438769638] [fsm_node]:  -- [SUPER] in [PlanFromRest] GenerateExpTrajectory SUCCESS.
[fsm_node-3] [INFO] [1789476980.556402758] [fsm_node]:  -- [OPTIMIZER_PHASE_MEMORY] optimizer=backup event=begin call=531 rss_mib=3205.480 swap_mib=0.000 variables=18 pieces=2
[fsm_node-3] [INFO] [1789476980.565839136] [fsm_node]:  -- [OPTIMIZER_PHASE_MEMORY] optimizer=backup event=end call=531 duration_ms=9.484 iterations=1214 ret=1 rss_mib=3205.480 swap_mib=0.000 rss_delta_mib=0.000
[fsm_node-3] [INFO] [1789476980.565930933] [fsm_node]:  -- [OPTIMIZER_PHASE_MEMORY] optimizer=backup event=begin call=532 rss_mib=3205.480 swap_mib=0.000 variables=18 pieces=2
[fsm_node-3] [INFO] [1789476980.584473010] [fsm_node]:  -- [OPTIMIZER_PHASE_MEMORY] optimizer=backup event=end call=532 duration_ms=18.521 iterations=2244 ret=1 rss_mib=3205.480 swap_mib=0.000 rss_delta_mib=0.000
[fsm_node-3] [INFO] [1789476980.584888915] [fsm_node]:  -- [TRAJ_GUARD_COMMIT] phase=PlanFromRest/with_backup gen=125 map=230 samples=265 range=[0.178,1.490] escape=false footprint_egress=false escape_done_tt=-1.000
[fsm_node-3] [38;2;000;128;000m -- [Fsm]: [PubCmdCallback] change state from [FOLLOW_TRAJ] to [GENERATE_TRAJ].
[fsm_node-3] [0m -- [TRAJ_GUARD_CERT] trigger=poly_publish status=SAFE gen=125 map=230 map_age=0.134s map_age_limit=0.550s motion_speed=0.000mps samples=264 range=[0.178,1.490] collision_tt=-1.000 ttc=-1.000 p=[0.000,0.000,0.000]
[fsm_node-3] [38;2;000;128;000m -- [Fsm]: [MainFsmCallback] change state from [GENERATE_TRAJ] to [FOLLOW_TRAJ].
[fsm_node-3] [0m -- [TRAJ_GUARD_CERT] trigger=main_pre status=SAFE gen=125 map=231 map_age=0.004s map_age_limit=0.550s motion_speed=2.468mps samples=249 range=[0.250,1.490] collision_tt=-1.000 ttc=-1.000 p=[0.000,0.000,0.000]
[fsm_node-3] [32m -- [Fsm 45.590] Current state: FOLLOW_TRAJ[0m
[fsm_node-3] [INFO] [1789476980.752686374] [fsm_node]:  -- [OPTIMIZER_PHASE_MEMORY] optimizer=exp event=begin call=319 rss_mib=3205.488 swap_mib=0.000 variables=13 pieces=4
[fsm_node-3] [INFO] [1789476980.754890830] [fsm_node]:  -- [OPTIMIZER_PHASE_MEMORY] optimizer=exp event=end call=319 duration_ms=2.247 iterations=233 ret=1 rss_mib=3205.488 swap_mib=0.000 rss_delta_mib=0.000
[fsm_node-3] [INFO] [1789476980.863087060] [fsm_node]:  -- [OPTIMIZER_PHASE_MEMORY] optimizer=backup event=begin call=533 rss_mib=3205.488 swap_mib=0.000 variables=18 pieces=2
[fsm_node-3] [INFO] [1789476980.869532810] [fsm_node]:  -- [OPTIMIZER_PHASE_MEMORY] optimizer=backup event=end call=533 duration_ms=6.493 iterations=987 ret=1 rss_mib=3205.488 swap_mib=0.000 rss_delta_mib=0.000
[fsm_node-3] [INFO] [1789476980.869632731] [fsm_node]:  -- [OPTIMIZER_PHASE_MEMORY] optimizer=backup event=begin call=534 rss_mib=3205.488 swap_mib=0.000 variables=18 pieces=2
[fsm_node-3] [INFO] [1789476980.873278912] [fsm_node]:  -- [OPTIMIZER_PHASE_MEMORY] optimizer=backup event=end call=534 duration_ms=3.646 iterations=586 ret=1 rss_mib=3205.488 swap_mib=0.000 rss_delta_mib=0.000
[fsm_node-3] [WARN] [1789476980.873312619] [fsm_node]:  -- [SUPER] in [ReplanOnce]: Replan overtime, check parameters, replan dt = 0.150690448.
[fsm_node-3] [INFO] [1789476980.900372598] [fsm_node]:  -- [OPTIMIZER_PHASE_MEMORY] optimizer=exp event=begin call=320 rss_mib=3205.492 swap_mib=0.000 variables=9 pieces=3
[fsm_node-3] [INFO] [1789476980.901202857] [fsm_node]:  -- [OPTIMIZER_PHASE_MEMORY] optimizer=exp event=end call=320 duration_ms=0.884 iterations=106 ret=1 rss_mib=3205.492 swap_mib=0.000 rss_delta_mib=0.000
[fsm_node-3]  -- [TRAJ_GUARD_CERT] trigger=main_pre status=SAFE gen=125 map=232 map_age=0.009s map_age_limit=0.500s motion_speed=5.938mps samples=207 range=[0.460,1.490] collision_tt=-1.000 ttc=-1.000 p=[0.000,0.000,0.000]
[fsm_node-3] [32m -- [Fsm] Get goal at [0m0.025000000000000 0.025000000000000 1.525000000000000
[fsm_node-3] [32m -- [Fsm] Receive click goal at: [0.025000000000000 0.025000000000000 1.525000000000000]; goal yaw: 0.000000000000000 deg[0m
[fsm_node-3] [INFO] [1789476981.011684204] [fsm_node]:  -- [OPTIMIZER_PHASE_MEMORY] optimizer=backup event=begin call=535 rss_mib=3205.492 swap_mib=0.000 variables=18 pieces=2
[fsm_node-3] [INFO] [1789476981.017181592] [fsm_node]:  -- [OPTIMIZER_PHASE_MEMORY] optimizer=backup event=end call=535 duration_ms=5.562 iterations=846 ret=1 rss_mib=3205.492 swap_mib=0.000 rss_delta_mib=0.000
[fsm_node-3] [INFO] [1789476981.017271804] [fsm_node]:  -- [OPTIMIZER_PHASE_MEMORY] optimizer=backup event=begin call=536 rss_mib=3205.492 swap_mib=0.000 variables=18 pieces=2
[fsm_node-3] [INFO] [1789476981.017507317] [fsm_node]:  -- [OPTIMIZER_PHASE_MEMORY] optimizer=backup event=end call=536 duration_ms=0.238 iterations=51 ret=1 rss_mib=3205.492 swap_mib=0.000 rss_delta_mib=0.000
[fsm_node-3] [WARN] [1789476981.017542116] [fsm_node]:  -- [SUPER] in [ReplanOnce]: Replan overtime, check parameters, replan dt = 0.143930402.
[fsm_node-3] [INFO] [1789476981.045145515] [fsm_node]:  -- [OPTIMIZER_PHASE_MEMORY] optimizer=exp event=begin call=321 rss_mib=3205.496 swap_mib=0.000 variables=13 pieces=4
[fsm_node-3] [INFO] [1789476981.047950784] [fsm_node]:  -- [OPTIMIZER_PHASE_MEMORY] optimizer=exp event=end call=321 duration_ms=2.862 iterations=279 ret=1 rss_mib=3205.496 swap_mib=0.000 rss_delta_mib=0.000
[fsm_node-3] [INFO] [1789476981.164472636] [fsm_node]:  -- [OPTIMIZER_PHASE_MEMORY] optimizer=backup event=begin call=537 rss_mib=3205.500 swap_mib=0.000 variables=18 pieces=2
[fsm_node-3] [INFO] [1789476981.174600351] [fsm_node]:  -- [OPTIMIZER_PHASE_MEMORY] optimizer=backup event=end call=537 duration_ms=10.181 iterations=1307 ret=1 rss_mib=3205.500 swap_mib=0.000 rss_delta_mib=0.000
[fsm_node-3] [INFO] [1789476981.174683392] [fsm_node]:  -- [OPTIMIZER_PHASE_MEMORY] optimizer=backup event=begin call=538 rss_mib=3205.500 swap_mib=0.000 variables=18 pieces=2
[fsm_node-3] [INFO] [1789476981.175666241] [fsm_node]:  -- [OPTIMIZER_PHASE_MEMORY] optimizer=backup event=end call=538 duration_ms=0.985 iterations=223 ret=1 rss_mib=3205.500 swap_mib=0.000 rss_delta_mib=0.000
[fsm_node-3] [WARN] [1789476981.175696623] [fsm_node]:  -- [SUPER] in [ReplanOnce]: Replan overtime, check parameters, replan dt = 0.157862785.
[fsm_node-3] [INFO] [1789476981.208354961] [fsm_node]:  -- [OPTIMIZER_PHASE_MEMORY] optimizer=exp event=begin call=322 rss_mib=3205.504 swap_mib=0.000 variables=13 pieces=4
[fsm_node-3] [INFO] [1789476981.211495254] [fsm_node]:  -- [OPTIMIZER_PHASE_MEMORY] optimizer=exp event=end call=322 duration_ms=3.192 iterations=295 ret=1 rss_mib=3205.504 swap_mib=0.000 rss_delta_mib=0.000
[fsm_node-3] [INFO] [1789476981.327448061] [fsm_node]:  -- [OPTIMIZER_PHASE_MEMORY] optimizer=backup event=begin call=539 rss_mib=3205.508 swap_mib=0.000 variables=30 pieces=2
[fsm_node-3] [INFO] [1789476981.338884699] [fsm_node]:  -- [OPTIMIZER_PHASE_MEMORY] optimizer=backup event=end call=539 duration_ms=11.491 iterations=1281 ret=1 rss_mib=3205.508 swap_mib=0.000 rss_delta_mib=0.000
[fsm_node-3] [INFO] [1789476981.338995024] [fsm_node]:  -- [OPTIMIZER_PHASE_MEMORY] optimizer=backup event=begin call=540 rss_mib=3205.508 swap_mib=0.000 variables=30 pieces=2
[fsm_node-3] [INFO] [1789476981.342111973] [fsm_node]:  -- [OPTIMIZER_PHASE_MEMORY] optimizer=backup event=end call=540 duration_ms=3.116 iterations=464 ret=1 rss_mib=3205.508 swap_mib=0.000 rss_delta_mib=0.000
[fsm_node-3] [WARN] [1789476981.342171625] [fsm_node]:  -- [SUPER] in [ReplanOnce]: Replan overtime, check parameters, replan dt = 0.166226089.
[fsm_node-3] [INFO] [1789476981.381879090] [fsm_node]:  -- [OPTIMIZER_PHASE_MEMORY] optimizer=exp event=begin call=323 rss_mib=3205.508 swap_mib=0.000 variables=13 pieces=4
[fsm_node-3] [INFO] [1789476981.384800502] [fsm_node]:  -- [OPTIMIZER_PHASE_MEMORY] optimizer=exp event=end call=323 duration_ms=2.963 iterations=282 ret=1 rss_mib=3205.508 swap_mib=0.000 rss_delta_mib=0.000
[fsm_node-3] [INFO] [1789476981.510658770] [fsm_node]:  -- [OPTIMIZER_PHASE_MEMORY] optimizer=backup event=begin call=541 rss_mib=3205.516 swap_mib=0.000 variables=48 pieces=2
[fsm_node-3] [INFO] [1789476981.514760183] [fsm_node]:  -- [OPTIMIZER_PHASE_MEMORY] optimizer=backup event=end call=541 duration_ms=4.169 iterations=138 ret=1 rss_mib=3205.516 swap_mib=0.000 rss_delta_mib=0.000
[fsm_node-3] [INFO] [1789476981.515016699] [fsm_node]:  -- [OPTIMIZER_PHASE_MEMORY] optimizer=backup event=begin call=542 rss_mib=3205.516 swap_mib=0.000 variables=48 pieces=2
[fsm_node-3] [INFO] [1789476981.531751654] [fsm_node]:  -- [OPTIMIZER_PHASE_MEMORY] optimizer=backup event=end call=542 duration_ms=16.702 iterations=521 ret=1 rss_mib=3205.516 swap_mib=0.000 rss_delta_mib=0.000
[fsm_node-3] [WARN] [1789476981.531816587] [fsm_node]:  -- [SUPER] in [ReplanOnce]: Replan overtime, check parameters, replan dt = 0.189307699.
[fsm_node-3] [INFO] [1789476981.562221227] [fsm_node]:  -- [OPTIMIZER_PHASE_MEMORY] optimizer=exp event=begin call=324 rss_mib=3205.516 swap_mib=0.000 variables=13 pieces=4
[fsm_node-3] [INFO] [1789476981.566748130] [fsm_node]:  -- [OPTIMIZER_PHASE_MEMORY] optimizer=exp event=end call=324 duration_ms=4.575 iterations=394 ret=1 rss_mib=3205.516 swap_mib=0.000 rss_delta_mib=0.000
[fsm_node-3] [INFO] [1789476981.686867635] [fsm_node]:  -- [OPTIMIZER_PHASE_MEMORY] optimizer=backup event=begin call=543 rss_mib=3205.891 swap_mib=0.000 variables=44 pieces=2
[fsm_node-3] [INFO] [1789476981.695347389] [fsm_node]:  -- [OPTIMIZER_PHASE_MEMORY] optimizer=backup event=end call=543 duration_ms=8.561 iterations=185 ret=1 rss_mib=3205.891 swap_mib=0.000 rss_delta_mib=0.000
[fsm_node-3] [INFO] [1789476981.695814393] [fsm_node]:  -- [OPTIMIZER_PHASE_MEMORY] optimizer=backup event=begin call=544 rss_mib=3205.891 swap_mib=0.000 variables=44 pieces=2
[fsm_node-3] [INFO] [1789476981.709457874] [fsm_node]:  -- [OPTIMIZER_PHASE_MEMORY] optimizer=backup event=end call=544 duration_ms=13.644 iterations=289 ret=1 rss_mib=3205.891 swap_mib=0.000 rss_delta_mib=0.000
[fsm_node-3] [WARN] [1789476981.709494088] [fsm_node]:  -- [SUPER] in [ReplanOnce]: Replan overtime, check parameters, replan dt = 0.176792005.
[fsm_node-3]  -- [TRAJ_GUARD_CERT] trigger=main_pre status=SAFE gen=125 map=233 map_age=0.010s map_age_limit=0.500s motion_speed=6.963mps samples=167 range=[0.660,1.490] collision_tt=-1.000 ttc=-1.000 p=[0.000,0.000,0.000]
[fsm_node-3]  -- [TRAJ_GUARD_CERT] trigger=main_pre status=SAFE gen=125 map=234 map_age=0.016s map_age_limit=0.500s motion_speed=6.999mps samples=121 range=[0.890,1.490] collision_tt=-1.000 ttc=-1.000 p=[0.000,0.000,0.000]
[fsm_node-3]  -- [TRAJ_GUARD_CERT] trigger=main_pre status=SAFE gen=125 map=235 map_age=0.007s map_age_limit=0.500s motion_speed=6.599mps samples=83 range=[1.080,1.490] collision_tt=-1.000 ttc=-1.000 p=[0.000,0.000,0.000]
[fsm_node-3]  -- [TRAJ_GUARD_CERT] trigger=main_pre status=SAFE gen=125 map=236 map_age=0.015s map_age_limit=0.500s motion_speed=3.682mps samples=41 range=[1.290,1.490] collision_tt=-1.000 ttc=-1.000 p=[0.000,0.000,0.000]
[fsm_node-3] [32m -- [Fsm 46.599] Current state: FOLLOW_TRAJ[0m
[fsm_node-3] [INFO] [1789476981.741491718] [fsm_node]:  -- [OPTIMIZER_PHASE_MEMORY] optimizer=exp event=begin call=325 rss_mib=3205.891 swap_mib=0.000 variables=17 pieces=5
[fsm_node-3] [INFO] [1789476981.747306997] [fsm_node]:  -- [OPTIMIZER_PHASE_MEMORY] optimizer=exp event=end call=325 duration_ms=5.880 iterations=431 ret=1 rss_mib=3205.891 swap_mib=0.000 rss_delta_mib=0.000
[fsm_node-3] [INFO] [1789476981.819277652] [fsm_node]:  -- [OPTIMIZER_PHASE_MEMORY] optimizer=backup event=begin call=545 rss_mib=3205.895 swap_mib=0.000 variables=36 pieces=2
[fsm_node-3] [INFO] [1789476981.824460304] [fsm_node]:  -- [OPTIMIZER_PHASE_MEMORY] optimizer=backup event=end call=545 duration_ms=5.210 iterations=190 ret=1 rss_mib=3205.895 swap_mib=0.000 rss_delta_mib=0.000
[fsm_node-3] [INFO] [1789476981.824674714] [fsm_node]:  -- [OPTIMIZER_PHASE_MEMORY] optimizer=backup event=begin call=546 rss_mib=3205.895 swap_mib=0.000 variables=36 pieces=2
[fsm_node-3] [INFO] [1789476981.841920891] [fsm_node]:  -- [OPTIMIZER_PHASE_MEMORY] optimizer=backup event=end call=546 duration_ms=17.230 iterations=606 ret=1 rss_mib=3205.895 swap_mib=0.000 rss_delta_mib=0.000
[fsm_node-3] [WARN] [1789476981.841969442] [fsm_node]:  -- [SUPER] in [ReplanOnce]: Replan overtime, check parameters, replan dt = 0.132225615.
[fsm_node-3] [INFO] [1789476981.842830040] [fsm_node]:  -- [TRAJ_GUARD_COMMIT] phase=ReplanOnce/no_backup gen=126 map=236 samples=34 range=[1.436,1.593] escape=false footprint_egress=false escape_done_tt=-1.000
[fsm_node-3] [32m -- [Fsm] ReplanOnce succeed.[0m
[fsm_node-3] [INFO] [1789476981.875363229] [fsm_node]:  -- [OPTIMIZER_PHASE_MEMORY] optimizer=exp event=begin call=326 rss_mib=3205.895 swap_mib=0.000 variables=13 pieces=4
[fsm_node-3] [INFO] [1789476981.880184786] [fsm_node]:  -- [OPTIMIZER_PHASE_MEMORY] optimizer=exp event=end call=326 duration_ms=4.876 iterations=398 ret=1 rss_mib=3205.895 swap_mib=0.000 rss_delta_mib=0.000
[fsm_node-3]  -- [TRAJ_GUARD_CERT] trigger=poly_publish status=SAFE gen=126 map=236 map_age=0.161s map_age_limit=0.550s motion_speed=0.942mps samples=33 range=[1.436,1.593] collision_tt=-1.000 ttc=-1.000 p=[0.000,0.000,0.000]
[fsm_node-3]  -- [TRAJ_GUARD_CERT] trigger=main_pre status=SAFE gen=126 map=237 map_age=0.004s map_age_limit=0.550s motion_speed=0.808mps samples=30 range=[1.450,1.593] collision_tt=-1.000 ttc=-1.000 p=[0.000,0.000,0.000]
[fsm_node-3] [32m -- [Fsm] Get goal at [0m0.025000000000000 0.025000000000000 1.525000000000000
[fsm_node-3] [32m -- [Fsm] Receive click goal at: [0.025000000000000 0.025000000000000 1.525000000000000]; goal yaw: 0.000000000000000 deg[0m
[fsm_node-3] [INFO] [1789476981.953139127] [fsm_node]:  -- [OPTIMIZER_PHASE_MEMORY] optimizer=backup event=begin call=547 rss_mib=3205.898 swap_mib=0.000 variables=44 pieces=2
[fsm_node-3] [INFO] [1789476981.957445297] [fsm_node]:  -- [OPTIMIZER_PHASE_MEMORY] optimizer=backup event=end call=547 duration_ms=4.354 iterations=127 ret=1 rss_mib=3205.898 swap_mib=0.000 rss_delta_mib=0.000
[fsm_node-3] [INFO] [1789476981.957724517] [fsm_node]:  -- [OPTIMIZER_PHASE_MEMORY] optimizer=backup event=begin call=548 rss_mib=3205.898 swap_mib=0.000 variables=44 pieces=2
[fsm_node-3] [INFO] [1789476981.966627817] [fsm_node]:  -- [OPTIMIZER_PHASE_MEMORY] optimizer=backup event=end call=548 duration_ms=8.898 iterations=260 ret=1 rss_mib=3205.898 swap_mib=0.000 rss_delta_mib=0.000
[fsm_node-3] [WARN] [1789476981.966675093] [fsm_node]:  -- [SUPER] in [ReplanOnce]: Replan overtime, check parameters, replan dt = 0.122083997.
[fsm_node-3] [INFO] [1789476981.967133046] [fsm_node]:  -- [TRAJ_GUARD_COMMIT] phase=ReplanOnce/no_backup gen=127 map=237 samples=9 range=[1.560,1.593] escape=false footprint_egress=false escape_done_tt=-1.000
[fsm_node-3] [32m -- [Fsm] ReplanOnce succeed.[0m
[fsm_node-3] [INFO] [1789476981.977308069] [fsm_node]:  -- [TRAJ_GUARD_COMMIT] phase=ReplanOnce/no_backup gen=128 map=237 samples=7 range=[1.570,1.593] escape=false footprint_egress=false escape_done_tt=-1.000
[fsm_node-3]  -- [TRAJ_GUARD_CERT] trigger=poly_publish status=SAFE gen=127 map=237 map_age=0.115s map_age_limit=0.550s motion_speed=0.012mps samples=8 range=[1.560,1.593] collision_tt=-1.000 ttc=-1.000 p=[0.000,0.000,0.000]
[fsm_node-3] [32m -- [Fsm] ReplanOnce succeed.[0m
[fsm_node-3]  -- [TRAJ_GUARD_CERT] trigger=poly_publish status=SAFE gen=128 map=237 map_age=0.125s map_age_limit=0.550s motion_speed=0.004mps samples=6 range=[1.571,1.593] collision_tt=-1.000 ttc=-1.000 p=[0.000,0.000,0.000]
[fsm_node-3] [32m -- [Fsm] Traj finish.[0m
[fsm_node-3] [WARN] [1789476982.016722282] [fsm_node]:  -- [TRAJ_GUARD_RECOVERY_EPISODE_RESET] reason=horizontal_progress progress=6.793m threshold=2.000m prior_local=0 prior_vertical=0 prior_base=0
[fsm_node-3] [INFO] [1789476982.049164891] [fsm_node]:  -- [OPTIMIZER_PHASE_MEMORY] optimizer=exp event=begin call=327 rss_mib=3205.898 swap_mib=0.000 variables=13 pieces=4
[fsm_node-3] [INFO] [1789476982.053919556] [fsm_node]:  -- [OPTIMIZER_PHASE_MEMORY] optimizer=exp event=end call=327 duration_ms=4.792 iterations=380 ret=1 rss_mib=3205.898 swap_mib=0.000 rss_delta_mib=0.000
[fsm_node-3] [INFO] [1789476982.053972765] [fsm_node]:  -- [SUPER] in [PlanFromRest] GenerateExpTrajectory SUCCESS.
[fsm_node-3] [INFO] [1789476982.126968023] [fsm_node]:  -- [OPTIMIZER_PHASE_MEMORY] optimizer=backup event=begin call=549 rss_mib=3205.898 swap_mib=0.000 variables=44 pieces=2
[fsm_node-3] [INFO] [1789476982.136093308] [fsm_node]:  -- [OPTIMIZER_PHASE_MEMORY] optimizer=backup event=end call=549 duration_ms=9.154 iterations=135 ret=1 rss_mib=3205.898 swap_mib=0.000 rss_delta_mib=0.000
[fsm_node-3] [INFO] [1789476982.137034469] [fsm_node]:  -- [OPTIMIZER_PHASE_MEMORY] optimizer=backup event=begin call=550 rss_mib=3205.898 swap_mib=0.000 variables=44 pieces=2
[fsm_node-3] [INFO] [1789476982.153192118] [fsm_node]:  -- [OPTIMIZER_PHASE_MEMORY] optimizer=backup event=end call=550 duration_ms=16.152 iterations=238 ret=1 rss_mib=3205.898 swap_mib=0.000 rss_delta_mib=0.000
[fsm_node-3] [INFO] [1789476982.153542458] [fsm_node]:  -- [TRAJ_GUARD_COMMIT] phase=PlanFromRest/with_backup gen=129 map=238 samples=219 range=[0.136,1.220] escape=false footprint_egress=false escape_done_tt=-1.000
[perfect_drone_frontend_node-2] [INFO] [1789476982.213894185] [native_sector_cpp]: frames=490 published=247 kept 24.0% (6404/26653 pts/input-frame)
[fsm_node-3] [INFO] [1789476982.270133041] [fsm_node]:  -- [OPTIMIZER_PHASE_MEMORY] optimizer=exp event=begin call=328 rss_mib=3205.902 swap_mib=0.000 variables=13 pieces=4
[fsm_node-3] [INFO] [1789476982.273351451] [fsm_node]:  -- [OPTIMIZER_PHASE_MEMORY] optimizer=exp event=end call=328 duration_ms=3.270 iterations=324 ret=1 rss_mib=3205.902 swap_mib=0.000 rss_delta_mib=0.000
[fsm_node-3] [INFO] [1789476982.388465486] [fsm_node]:  -- [OPTIMIZER_PHASE_MEMORY] optimizer=backup event=begin call=551 rss_mib=3205.934 swap_mib=0.000 variables=46 pieces=2
[fsm_node-3] [INFO] [1789476982.390244694] [fsm_node]:  -- [OPTIMIZER_PHASE_MEMORY] optimizer=backup event=end call=551 duration_ms=1.829 iterations=244 ret=1 rss_mib=3205.934 swap_mib=0.000 rss_delta_mib=0.000
[fsm_node-3] [INFO] [1789476982.390416564] [fsm_node]:  -- [OPTIMIZER_PHASE_MEMORY] optimizer=backup event=begin call=552 rss_mib=3205.934 swap_mib=0.000 variables=46 pieces=2
[fsm_node-3] [INFO] [1789476982.392490822] [fsm_node]:  -- [OPTIMIZER_PHASE_MEMORY] optimizer=backup event=end call=552 duration_ms=2.071 iterations=273 ret=1 rss_mib=3205.934 swap_mib=0.000 rss_delta_mib=0.000
[fsm_node-3] [WARN] [1789476982.392559534] [fsm_node]:  -- [SUPER] in [ReplanOnce]: Replan overtime, check parameters, replan dt = 0.151968115.
[fsm_node-3] [INFO] [1789476982.420093741] [fsm_node]:  -- [OPTIMIZER_PHASE_MEMORY] optimizer=exp event=begin call=329 rss_mib=3205.934 swap_mib=0.000 variables=13 pieces=4
[fsm_node-3] [INFO] [1789476982.421821734] [fsm_node]:  -- [OPTIMIZER_PHASE_MEMORY] optimizer=exp event=end call=329 duration_ms=1.758 iterations=175 ret=1 rss_mib=3205.934 swap_mib=0.000 rss_delta_mib=0.000
[fsm_node-3] [INFO] [1789476982.491464470] [fsm_node]:  -- [OPTIMIZER_PHASE_MEMORY] optimizer=backup event=begin call=553 rss_mib=3205.938 swap_mib=0.000 variables=34 pieces=2
[fsm_node-3] [INFO] [1789476982.501048124] [fsm_node]:  -- [OPTIMIZER_PHASE_MEMORY] optimizer=backup event=end call=553 duration_ms=9.645 iterations=1037 ret=1 rss_mib=3205.938 swap_mib=0.000 rss_delta_mib=0.000
[fsm_node-3] [INFO] [1789476982.501196750] [fsm_node]:  -- [OPTIMIZER_PHASE_MEMORY] optimizer=backup event=begin call=554 rss_mib=3205.938 swap_mib=0.000 variables=34 pieces=2
[fsm_node-3] [INFO] [1789476982.505932643] [fsm_node]:  -- [OPTIMIZER_PHASE_MEMORY] optimizer=backup event=end call=554 duration_ms=4.731 iterations=568 ret=1 rss_mib=3205.938 swap_mib=0.000 rss_delta_mib=0.000
[fsm_node-3] [WARN] [1789476982.505980393] [fsm_node]:  -- [SUPER] in [ReplanOnce]: Replan overtime, check parameters, replan dt = 0.113239138.
[fsm_node-3] [INFO] [1789476982.536078231] [fsm_node]:  -- [OPTIMIZER_PHASE_MEMORY] optimizer=exp event=begin call=330 rss_mib=3205.938 swap_mib=0.000 variables=13 pieces=4
[fsm_node-3] [INFO] [1789476982.539034272] [fsm_node]:  -- [OPTIMIZER_PHASE_MEMORY] optimizer=exp event=end call=330 duration_ms=3.006 iterations=211 ret=1 rss_mib=3205.938 swap_mib=0.000 rss_delta_mib=0.000
[fsm_node-3] [INFO] [1789476982.663803153] [fsm_node]:  -- [OPTIMIZER_PHASE_MEMORY] optimizer=backup event=begin call=555 rss_mib=3205.992 swap_mib=0.000 variables=66 pieces=2
[fsm_node-3] [INFO] [1789476982.683530545] [fsm_node]:  -- [OPTIMIZER_PHASE_MEMORY] optimizer=backup event=end call=555 duration_ms=19.739 iterations=336 ret=1 rss_mib=3205.992 swap_mib=0.000 rss_delta_mib=0.000
[fsm_node-3] [INFO] [1789476982.684218343] [fsm_node]:  -- [OPTIMIZER_PHASE_MEMORY] optimizer=backup event=begin call=556 rss_mib=3205.992 swap_mib=0.000 variables=66 pieces=2
[fsm_node-3] [INFO] [1789476982.692560111] [fsm_node]:  -- [OPTIMIZER_PHASE_MEMORY] optimizer=backup event=end call=556 duration_ms=8.320 iterations=139 ret=1 rss_mib=3205.992 swap_mib=0.000 rss_delta_mib=0.000
[fsm_node-3] [WARN] [1789476982.692620324] [fsm_node]:  -- [SUPER] in [ReplanOnce]: Replan overtime, check parameters, replan dt = 0.186426535.
[fsm_node-3] [38;2;000;128;000m -- [Fsm]: [PubCmdCallback] change state from [FOLLOW_TRAJ] to [GENERATE_TRAJ].
[fsm_node-3] [0m -- [TRAJ_GUARD_CERT] trigger=poly_publish status=SAFE gen=129 map=238 map_age=0.104s map_age_limit=0.550s motion_speed=0.000mps samples=218 range=[0.137,1.220] collision_tt=-1.000 ttc=-1.000 p=[0.000,0.000,0.000]
[fsm_node-3] [38;2;000;128;000m -- [Fsm]: [MainFsmCallback] change state from [GENERATE_TRAJ] to [FOLLOW_TRAJ].
[fsm_node-3] [0m -- [TRAJ_GUARD_CERT] trigger=main_pre status=SAFE gen=129 map=239 map_age=0.009s map_age_limit=0.550s motion_speed=2.093mps samples=196 range=[0.250,1.220] collision_tt=-1.000 ttc=-1.000 p=[0.000,0.000,0.000]
[fsm_node-3]  -- [TRAJ_GUARD_CERT] trigger=main_pre status=SAFE gen=129 map=240 map_age=0.004s map_age_limit=0.500s motion_speed=5.587mps samples=158 range=[0.440,1.220] collision_tt=-1.000 ttc=-1.000 p=[0.000,0.000,0.000]
[fsm_node-3]  -- [TRAJ_GUARD_CERT] trigger=main_pre status=SAFE gen=129 map=241 map_age=0.012s map_age_limit=0.500s motion_speed=6.998mps samples=116 range=[0.650,1.220] collision_tt=-1.000 ttc=-1.000 p=[0.000,0.000,0.000]
[fsm_node-3] [32m -- [Fsm 47.600] Current state: FOLLOW_TRAJ[0m
[fsm_node-3] [INFO] [1789476982.733492414] [fsm_node]:  -- [OPTIMIZER_PHASE_MEMORY] optimizer=exp event=begin call=331 rss_mib=3205.992 swap_mib=0.000 variables=17 pieces=5
[fsm_node-3] [INFO] [1789476982.738221490] [fsm_node]:  -- [OPTIMIZER_PHASE_MEMORY] optimizer=exp event=end call=331 duration_ms=4.748 iterations=343 ret=1 rss_mib=3205.992 swap_mib=0.000 rss_delta_mib=0.000
[fsm_node-3] [INFO] [1789476982.867024983] [fsm_node]:  -- [OPTIMIZER_PHASE_MEMORY] optimizer=backup event=begin call=557 rss_mib=3205.996 swap_mib=0.000 variables=30 pieces=2
[fsm_node-3] [INFO] [1789476982.869336377] [fsm_node]:  -- [OPTIMIZER_PHASE_MEMORY] optimizer=backup event=end call=557 duration_ms=2.365 iterations=394 ret=1 rss_mib=3205.996 swap_mib=0.000 rss_delta_mib=0.000
[fsm_node-3] [INFO] [1789476982.869443830] [fsm_node]:  -- [OPTIMIZER_PHASE_MEMORY] optimizer=backup event=begin call=558 rss_mib=3205.996 swap_mib=0.000 variables=30 pieces=2
[fsm_node-3] [INFO] [1789476982.870104538] [fsm_node]:  -- [OPTIMIZER_PHASE_MEMORY] optimizer=backup event=end call=558 duration_ms=0.663 iterations=121 ret=1 rss_mib=3205.996 swap_mib=0.000 rss_delta_mib=0.000
[fsm_node-3] [WARN] [1789476982.870138980] [fsm_node]:  -- [SUPER] in [ReplanOnce]: Replan overtime, check parameters, replan dt = 0.17728923.
[fsm_node-3] [INFO] [1789476982.914802301] [fsm_node]:  -- [OPTIMIZER_PHASE_MEMORY] optimizer=exp event=begin call=332 rss_mib=3205.996 swap_mib=0.000 variables=13 pieces=4
[fsm_node-3]  -- [TRAJ_GUARD_CERT] trigger=main_pre status=SAFE gen=129 map=242 map_age=0.006s map_age_limit=0.500s motion_speed=6.032mps samples=76 range=[0.850,1.220] collision_tt=-1.000 ttc=-1.000 p=[0.000,0.000,0.000]
[fsm_node-3] [32m -- [Fsm] Get goal at [0m0.025000000000000 0.025000000000000 1.525000000000000
[fsm_node-3] [32m -- [Fsm] Receive click goal at: [0.025000000000000 0.025000000000000 1.525000000000000]; goal yaw: 0.000000000000000 deg[0m
[fsm_node-3] [INFO] [1789476982.918627134] [fsm_node]:  -- [OPTIMIZER_PHASE_MEMORY] optimizer=exp event=end call=332 duration_ms=3.885 iterations=350 ret=1 rss_mib=3205.996 swap_mib=0.000 rss_delta_mib=0.000
[fsm_node-3] [INFO] [1789476983.047799879] [fsm_node]:  -- [OPTIMIZER_PHASE_MEMORY] optimizer=backup event=begin call=559 rss_mib=3206.578 swap_mib=0.000 variables=30 pieces=2
[fsm_node-3] [INFO] [1789476983.054958688] [fsm_node]:  -- [OPTIMIZER_PHASE_MEMORY] optimizer=backup event=end call=559 duration_ms=7.174 iterations=727 ret=1 rss_mib=3207.594 swap_mib=0.000 rss_delta_mib=1.016
[fsm_node-3] [INFO] [1789476983.055092875] [fsm_node]:  -- [OPTIMIZER_PHASE_MEMORY] optimizer=backup event=begin call=560 rss_mib=3207.594 swap_mib=0.000 variables=30 pieces=2
[fsm_node-3] [INFO] [1789476983.055828539] [fsm_node]:  -- [OPTIMIZER_PHASE_MEMORY] optimizer=backup event=end call=560 duration_ms=0.740 iterations=132 ret=1 rss_mib=3207.594 swap_mib=0.000 rss_delta_mib=0.000
[fsm_node-3] [WARN] [1789476983.055862403] [fsm_node]:  -- [SUPER] in [ReplanOnce]: Replan overtime, check parameters, replan dt = 0.18553696.
[fsm_node-3] [INFO] [1789476983.101285237] [fsm_node]:  -- [OPTIMIZER_PHASE_MEMORY] optimizer=exp event=begin call=333 rss_mib=3207.594 swap_mib=0.000 variables=17 pieces=5
[fsm_node-3] [INFO] [1789476983.105492265] [fsm_node]:  -- [OPTIMIZER_PHASE_MEMORY] optimizer=exp event=end call=333 duration_ms=4.260 iterations=317 ret=1 rss_mib=3207.594 swap_mib=0.000 rss_delta_mib=0.000
[perfect_drone_frontend_node-2] [INFO] [1789476983.138428126] [perfect_tracking]: [SENSOR_CADENCE_SUMMARY] frames=500 span_s=49.903446 hz=9.999310 raw_published=0 direct_handoffs=500 payload_bytes=428534976 side_entry_v1_enabled=0 side_entry_v1_spawned=0 side_entry_v1_injected_frames=0
[perfect_drone_frontend_node-2] [INFO] [1789476983.138477671] [perfect_tracking]: [SENSOR_BURST_DROPOUT_SUMMARY] enabled=0 warmup_s=1.000000 period_s=2.000000 duration_s=0.500000 phase_s=0.000000 phase_env_override=0 rendered=500 delivered=500 dropped=0 bursts=0 max_consecutive_dropped=0 max_delivered_gap_s=0.113815 dropped_payload_bytes=0
[fsm_node-3] [INFO] [1789476983.239254005] [fsm_node]:  -- [OPTIMIZER_PHASE_MEMORY] optimizer=backup event=begin call=561 rss_mib=3207.750 swap_mib=0.000 variables=38 pieces=2
[fsm_node-3] [INFO] [1789476983.246545489] [fsm_node]:  -- [OPTIMIZER_PHASE_MEMORY] optimizer=backup event=end call=561 duration_ms=7.341 iterations=123 ret=1 rss_mib=3207.750 swap_mib=0.000 rss_delta_mib=0.000
[fsm_node-3]  -- [TRAJ_GUARD_CERT] trigger=main_pre status=SAFE gen=129 map=243 map_age=0.007s map_age_limit=0.550s motion_speed=2.166mps samples=33 range=[1.060,1.220] collision_tt=-1.000 ttc=-1.000 p=[0.000,0.000,0.000]
[fsm_node-3] [32m -- [Fsm] Traj finish.[0m
[fsm_node-3] [INFO] [1789476983.247235736] [fsm_node]:  -- [OPTIMIZER_PHASE_MEMORY] optimizer=backup event=begin call=562 rss_mib=3207.750 swap_mib=0.000 variables=38 pieces=2
[fsm_node-3] [INFO] [1789476983.254266389] [fsm_node]:  -- [OPTIMIZER_PHASE_MEMORY] optimizer=backup event=end call=562 duration_ms=7.017 iterations=120 ret=1 rss_mib=3207.750 swap_mib=0.000 rss_delta_mib=0.000
[fsm_node-3] [WARN] [1789476983.254316989] [fsm_node]:  -- [SUPER] in [ReplanOnce]: Replan overtime, check parameters, replan dt = 0.198257701.
[fsm_node-3] [WARN] [1789476983.256515994] [fsm_node]:  -- [TRAJ_GUARD_RECOVERY_EPISODE_RESET] reason=horizontal_progress progress=4.498m threshold=2.000m prior_local=0 prior_vertical=0 prior_base=0
[fsm_node-3] [INFO] [1789476983.297614117] [fsm_node]:  -- [OPTIMIZER_PHASE_MEMORY] optimizer=exp event=begin call=334 rss_mib=3207.750 swap_mib=0.000 variables=13 pieces=4
[fsm_node-3] [INFO] [1789476983.300514649] [fsm_node]:  -- [OPTIMIZER_PHASE_MEMORY] optimizer=exp event=end call=334 duration_ms=2.944 iterations=272 ret=1 rss_mib=3207.750 swap_mib=0.000 rss_delta_mib=0.000
[fsm_node-3] [INFO] [1789476983.300559686] [fsm_node]:  -- [SUPER] in [PlanFromRest] GenerateExpTrajectory SUCCESS.
[fsm_node-3] [INFO] [1789476983.420539954] [fsm_node]:  -- [OPTIMIZER_PHASE_MEMORY] optimizer=backup event=begin call=563 rss_mib=3207.750 swap_mib=0.000 variables=44 pieces=2
[fsm_node-3] [INFO] [1789476983.429562203] [fsm_node]:  -- [OPTIMIZER_PHASE_MEMORY] optimizer=backup event=end call=563 duration_ms=9.056 iterations=175 ret=1 rss_mib=3207.750 swap_mib=0.000 rss_delta_mib=0.000
[fsm_node-3] [INFO] [1789476983.430106847] [fsm_node]:  -- [OPTIMIZER_PHASE_MEMORY] optimizer=backup event=begin call=564 rss_mib=3207.750 swap_mib=0.000 variables=44 pieces=2
[fsm_node-3] [INFO] [1789476983.459713472] [fsm_node]:  -- [OPTIMIZER_PHASE_MEMORY] optimizer=backup event=end call=564 duration_ms=29.594 iterations=547 ret=1 rss_mib=3207.750 swap_mib=0.000 rss_delta_mib=0.000
[fsm_node-3] [INFO] [1789476983.460116667] [fsm_node]:  -- [TRAJ_GUARD_COMMIT] phase=PlanFromRest/with_backup gen=130 map=244 samples=245 range=[0.203,1.418] escape=false footprint_egress=false escape_done_tt=-1.000
[fsm_node-3] [INFO] [1789476983.593604770] [fsm_node]:  -- [OPTIMIZER_PHASE_MEMORY] optimizer=exp event=begin call=335 rss_mib=3207.754 swap_mib=0.000 variables=13 pieces=4
[fsm_node-3] [INFO] [1789476983.596359981] [fsm_node]:  -- [OPTIMIZER_PHASE_MEMORY] optimizer=exp event=end call=335 duration_ms=2.819 iterations=265 ret=1 rss_mib=3207.754 swap_mib=0.000 rss_delta_mib=0.000
[fsm_node-3] [INFO] [1789476983.715906655] [fsm_node]:  -- [OPTIMIZER_PHASE_MEMORY] optimizer=backup event=begin call=565 rss_mib=3207.758 swap_mib=0.000 variables=38 pieces=2
[fsm_node-3] [INFO] [1789476983.718876170] [fsm_node]:  -- [OPTIMIZER_PHASE_MEMORY] optimizer=backup event=end call=565 duration_ms=3.032 iterations=91 ret=1 rss_mib=3207.758 swap_mib=0.000 rss_delta_mib=0.000
[fsm_node-3] [INFO] [1789476983.719140385] [fsm_node]:  -- [OPTIMIZER_PHASE_MEMORY] optimizer=backup event=begin call=566 rss_mib=3207.758 swap_mib=0.000 variables=38 pieces=2
[fsm_node-3] [INFO] [1789476983.732249828] [fsm_node]:  -- [OPTIMIZER_PHASE_MEMORY] optimizer=backup event=end call=566 duration_ms=13.105 iterations=415 ret=1 rss_mib=3207.758 swap_mib=0.000 rss_delta_mib=0.000
[fsm_node-3] [WARN] [1789476983.732289312] [fsm_node]:  -- [SUPER] in [ReplanOnce]: Replan overtime, check parameters, replan dt = 0.171622179.
[fsm_node-3] [38;2;000;128;000m -- [Fsm]: [PubCmdCallback] change state from [FOLLOW_TRAJ] to [GENERATE_TRAJ].
[fsm_node-3] [0m -- [TRAJ_GUARD_CERT] trigger=poly_publish status=SAFE gen=130 map=244 map_age=0.207s map_age_limit=0.550s motion_speed=0.000mps samples=244 range=[0.204,1.418] collision_tt=-1.000 ttc=-1.000 p=[0.000,0.000,0.000]
[fsm_node-3] [38;2;000;128;000m -- [Fsm]: [MainFsmCallback] change state from [GENERATE_TRAJ] to [FOLLOW_TRAJ].
[fsm_node-3] [0m -- [TRAJ_GUARD_CERT] trigger=main_pre status=SAFE gen=130 map=245 map_age=0.010s map_age_limit=0.550s motion_speed=1.705mps samples=241 range=[0.220,1.418] collision_tt=-1.000 ttc=-1.000 p=[0.000,0.000,0.000]
[fsm_node-3]  -- [TRAJ_GUARD_CERT] trigger=main_pre status=SAFE gen=130 map=246 map_age=0.011s map_age_limit=0.500s motion_speed=5.549mps samples=199 range=[0.430,1.418] collision_tt=-1.000 ttc=-1.000 p=[0.000,0.000,0.000]
[fsm_node-3] [32m -- [Fsm 48.609] Current state: FOLLOW_TRAJ[0m
[fsm_node-3] [INFO] [1789476983.758815572] [fsm_node]:  -- [OPTIMIZER_PHASE_MEMORY] optimizer=exp event=begin call=336 rss_mib=3207.758 swap_mib=0.000 variables=9 pieces=3
[fsm_node-3] [INFO] [1789476983.760184350] [fsm_node]:  -- [OPTIMIZER_PHASE_MEMORY] optimizer=exp event=end call=336 duration_ms=1.425 iterations=174 ret=1 rss_mib=3207.758 swap_mib=0.000 rss_delta_mib=0.000
[fsm_node-3] [INFO] [1789476983.867557199] [fsm_node]:  -- [OPTIMIZER_PHASE_MEMORY] optimizer=backup event=begin call=567 rss_mib=3207.762 swap_mib=0.000 variables=46 pieces=2
[fsm_node-3] [INFO] [1789476983.873779186] [fsm_node]:  -- [OPTIMIZER_PHASE_MEMORY] optimizer=backup event=end call=567 duration_ms=6.274 iterations=175 ret=1 rss_mib=3207.762 swap_mib=0.000 rss_delta_mib=0.000
[fsm_node-3] [INFO] [1789476983.874151797] [fsm_node]:  -- [OPTIMIZER_PHASE_MEMORY] optimizer=backup event=begin call=568 rss_mib=3207.762 swap_mib=0.000 variables=46 pieces=2
[fsm_node-3] [INFO] [1789476983.892588008] [fsm_node]:  -- [OPTIMIZER_PHASE_MEMORY] optimizer=backup event=end call=568 duration_ms=18.431 iterations=504 ret=1 rss_mib=3207.762 swap_mib=0.000 rss_delta_mib=0.000
[fsm_node-3] [WARN] [1789476983.892629566] [fsm_node]:  -- [SUPER] in [ReplanOnce]: Replan overtime, check parameters, replan dt = 0.160099032.
[fsm_node-3] [INFO] [1789476983.920715983] [fsm_node]:  -- [OPTIMIZER_PHASE_MEMORY] optimizer=exp event=begin call=337 rss_mib=3207.766 swap_mib=0.000 variables=9 pieces=3
[fsm_node-3] [INFO] [1789476983.922115069] [fsm_node]:  -- [OPTIMIZER_PHASE_MEMORY] optimizer=exp event=end call=337 duration_ms=1.442 iterations=178 ret=1 rss_mib=3207.766 swap_mib=0.000 rss_delta_mib=0.000
[fsm_node-3]  -- [TRAJ_GUARD_CERT] trigger=main_pre status=SAFE gen=130 map=247 map_age=0.014s map_age_limit=0.500s motion_speed=6.920mps samples=161 range=[0.620,1.418] collision_tt=-1.000 ttc=-1.000 p=[0.000,0.000,0.000]
[fsm_node-3] [32m -- [Fsm] Get goal at [0m0.025000000000000 0.025000000000000 1.525000000000000
[fsm_node-3] [32m -- [Fsm] Receive click goal at: [0.025000000000000 0.025000000000000 1.525000000000000]; goal yaw: 0.000000000000000 deg[0m
[fsm_node-3] [INFO] [1789476984.049480224] [fsm_node]:  -- [OPTIMIZER_PHASE_MEMORY] optimizer=backup event=begin call=569 rss_mib=3207.770 swap_mib=0.000 variables=42 pieces=2
[fsm_node-3] [INFO] [1789476984.056076970] [fsm_node]:  -- [OPTIMIZER_PHASE_MEMORY] optimizer=backup event=end call=569 duration_ms=6.620 iterations=367 ret=1 rss_mib=3207.770 swap_mib=0.000 rss_delta_mib=0.000
[fsm_node-3] [INFO] [1789476984.056247025] [fsm_node]:  -- [OPTIMIZER_PHASE_MEMORY] optimizer=backup event=begin call=570 rss_mib=3207.770 swap_mib=0.000 variables=42 pieces=2
[fsm_node-3] [INFO] [1789476984.057939365] [fsm_node]:  -- [OPTIMIZER_PHASE_MEMORY] optimizer=backup event=end call=570 duration_ms=1.693 iterations=97 ret=1 rss_mib=3207.770 swap_mib=0.000 rss_delta_mib=0.000
[fsm_node-3] [WARN] [1789476984.057972708] [fsm_node]:  -- [SUPER] in [ReplanOnce]: Replan overtime, check parameters, replan dt = 0.165120639.
[fsm_node-3] [INFO] [1789476984.105483269] [fsm_node]:  -- [OPTIMIZER_PHASE_MEMORY] optimizer=exp event=begin call=338 rss_mib=3207.770 swap_mib=0.000 variables=13 pieces=4
[fsm_node-3] [INFO] [1789476984.110638557] [fsm_node]:  -- [OPTIMIZER_PHASE_MEMORY] optimizer=exp event=end call=338 duration_ms=5.190 iterations=385 ret=1 rss_mib=3207.770 swap_mib=0.000 rss_delta_mib=0.000
[fsm_node-3] [INFO] [1789476984.257724856] [fsm_node]:  -- [OPTIMIZER_PHASE_MEMORY] optimizer=backup event=begin call=571 rss_mib=3207.773 swap_mib=0.000 variables=54 pieces=2
[fsm_node-3] [INFO] [1789476984.261176023] [fsm_node]:  -- [OPTIMIZER_PHASE_MEMORY] optimizer=backup event=end call=571 duration_ms=3.520 iterations=277 ret=1 rss_mib=3207.773 swap_mib=0.000 rss_delta_mib=0.000
[fsm_node-3] [INFO] [1789476984.261308448] [fsm_node]:  -- [OPTIMIZER_PHASE_MEMORY] optimizer=backup event=begin call=572 rss_mib=3207.773 swap_mib=0.000 variables=54 pieces=2
[fsm_node-3] [INFO] [1789476984.266816346] [fsm_node]:  -- [OPTIMIZER_PHASE_MEMORY] optimizer=backup event=end call=572 duration_ms=5.509 iterations=362 ret=1 rss_mib=3207.773 swap_mib=0.000 rss_delta_mib=0.000
[fsm_node-3] [WARN] [1789476984.266856860] [fsm_node]:  -- [SUPER] in [ReplanOnce]: Replan overtime, check parameters, replan dt = 0.208558638.
[fsm_node-3] [INFO] [1789476984.321747541] [fsm_node]:  -- [OPTIMIZER_PHASE_MEMORY] optimizer=exp event=begin call=339 rss_mib=3207.777 swap_mib=0.000 variables=13 pieces=4
[fsm_node-3] [INFO] [1789476984.327707960] [fsm_node]:  -- [OPTIMIZER_PHASE_MEMORY] optimizer=exp event=end call=339 duration_ms=6.019 iterations=464 ret=1 rss_mib=3207.777 swap_mib=0.000 rss_delta_mib=0.000
[fsm_node-3] [INFO] [1789476984.461934161] [fsm_node]:  -- [OPTIMIZER_PHASE_MEMORY] optimizer=backup event=begin call=573 rss_mib=3207.777 swap_mib=0.000 variables=22 pieces=2
[fsm_node-3] [INFO] [1789476984.465357671] [fsm_node]:  -- [OPTIMIZER_PHASE_MEMORY] optimizer=backup event=end call=573 duration_ms=3.457 iterations=488 ret=1 rss_mib=3207.777 swap_mib=0.000 rss_delta_mib=0.000
[fsm_node-3] [INFO] [1789476984.465449679] [fsm_node]:  -- [OPTIMIZER_PHASE_MEMORY] optimizer=backup event=begin call=574 rss_mib=3207.777 swap_mib=0.000 variables=22 pieces=2
[fsm_node-3] [INFO] [1789476984.470625625] [fsm_node]:  -- [OPTIMIZER_PHASE_MEMORY] optimizer=backup event=end call=574 duration_ms=5.176 iterations=679 ret=1 rss_mib=3207.781 swap_mib=0.000 rss_delta_mib=0.004
[fsm_node-3] [WARN] [1789476984.470656665] [fsm_node]:  -- [SUPER] in [ReplanOnce]: Replan overtime, check parameters, replan dt = 0.203604962.
[fsm_node-3] [INFO] [1789476984.529421546] [fsm_node]:  -- [OPTIMIZER_PHASE_MEMORY] optimizer=exp event=begin call=340 rss_mib=3207.781 swap_mib=0.000 variables=17 pieces=5
[fsm_node-3] [INFO] [1789476984.538546514] [fsm_node]:  -- [OPTIMIZER_PHASE_MEMORY] optimizer=exp event=end call=340 duration_ms=9.165 iterations=551 ret=1 rss_mib=3207.781 swap_mib=0.000 rss_delta_mib=0.000
[fsm_node-3] [INFO] [1789476984.676635667] [fsm_node]:  -- [OPTIMIZER_PHASE_MEMORY] optimizer=backup event=begin call=575 rss_mib=3207.844 swap_mib=0.000 variables=52 pieces=2
[fsm_node-3]  -- [TRAJ_GUARD_CERT] trigger=main_pre status=SAFE gen=130 map=248 map_age=0.003s map_age_limit=0.500s motion_speed=6.996mps samples=125 range=[0.800,1.418] collision_tt=-1.000 ttc=-1.000 p=[0.000,0.000,0.000]
[fsm_node-3]  -- [TRAJ_GUARD_CERT] trigger=main_pre status=SAFE gen=130 map=249 map_age=0.003s map_age_limit=0.500s motion_speed=6.740mps samples=85 range=[1.000,1.418] collision_tt=-1.000 ttc=-1.000 p=[0.000,0.000,0.000]
[fsm_node-3]  -- [TRAJ_GUARD_CERT] trigger=main_pre status=SAFE gen=130 map=250 map_age=0.003s map_age_limit=0.515s motion_speed=3.194mps samples=45 range=[1.200,1.418] collision_tt=-1.000 ttc=-1.000 p=[0.000,0.000,0.000]
[fsm_node-3]  -- [TRAJ_GUARD_CERT] trigger=main_pre status=SAFE gen=130 map=251 map_age=0.002s map_age_limit=0.550s motion_speed=0.031mps samples=5 range=[1.400,1.418] collision_tt=-1.000 ttc=-1.000 p=[0.000,0.000,0.000]
[fsm_node-3] [32m -- [Fsm] Traj finish.[0m
[fsm_node-3] [INFO] [1789476984.705556471] [fsm_node]:  -- [OPTIMIZER_PHASE_MEMORY] optimizer=backup event=end call=575 duration_ms=28.959 iterations=962 ret=1 rss_mib=3207.844 swap_mib=0.000 rss_delta_mib=0.000
[fsm_node-3] [INFO] [1789476984.705823634] [fsm_node]:  -- [OPTIMIZER_PHASE_MEMORY] optimizer=backup event=begin call=576 rss_mib=3207.844 swap_mib=0.000 variables=52 pieces=2
[fsm_node-3] [INFO] [1789476984.715978376] [fsm_node]:  -- [OPTIMIZER_PHASE_MEMORY] optimizer=backup event=end call=576 duration_ms=10.154 iterations=395 ret=1 rss_mib=3207.844 swap_mib=0.000 rss_delta_mib=0.000
[fsm_node-3] [WARN] [1789476984.716017391] [fsm_node]:  -- [SUPER] in [ReplanOnce]: Replan overtime, check parameters, replan dt = 0.245135306.
[fsm_node-3] [WARN] [1789476984.716178978] [fsm_node]:  -- [TRAJ_GUARD_RECOVERY_EPISODE_RESET] reason=horizontal_progress progress=5.978m threshold=2.000m prior_local=0 prior_vertical=0 prior_base=0
[fsm_node-3] [INFO] [1789476984.768314142] [fsm_node]:  -- [OPTIMIZER_PHASE_MEMORY] optimizer=exp event=begin call=341 rss_mib=3207.844 swap_mib=0.000 variables=13 pieces=4
[fsm_node-3] [INFO] [1789476984.770711976] [fsm_node]:  -- [OPTIMIZER_PHASE_MEMORY] optimizer=exp event=end call=341 duration_ms=2.459 iterations=210 ret=1 rss_mib=3207.844 swap_mib=0.000 rss_delta_mib=0.000
[fsm_node-3] [INFO] [1789476984.770765185] [fsm_node]:  -- [SUPER] in [PlanFromRest] GenerateExpTrajectory SUCCESS.
[fsm_node-3] [INFO] [1789476984.901768609] [fsm_node]:  -- [OPTIMIZER_PHASE_MEMORY] optimizer=backup event=begin call=577 rss_mib=3207.844 swap_mib=0.000 variables=48 pieces=2
[fsm_node-3] [INFO] [1789476984.904206985] [fsm_node]:  -- [OPTIMIZER_PHASE_MEMORY] optimizer=backup event=end call=577 duration_ms=2.482 iterations=187 ret=1 rss_mib=3207.844 swap_mib=0.000 rss_delta_mib=0.000
[fsm_node-3] [INFO] [1789476984.904402551] [fsm_node]:  -- [OPTIMIZER_PHASE_MEMORY] optimizer=backup event=begin call=578 rss_mib=3207.844 swap_mib=0.000 variables=48 pieces=2
[fsm_node-3] [INFO] [1789476984.905799224] [fsm_node]:  -- [OPTIMIZER_PHASE_MEMORY] optimizer=backup event=end call=578 duration_ms=1.398 iterations=111 ret=1 rss_mib=3207.844 swap_mib=0.000 rss_delta_mib=0.000
[fsm_node-3] [INFO] [1789476984.906219681] [fsm_node]:  -- [TRAJ_GUARD_COMMIT] phase=PlanFromRest/with_backup gen=131 map=252 samples=255 range=[0.190,1.452] escape=false footprint_egress=false escape_done_tt=-1.000
[fsm_node-3] [38;2;000;128;000m -- [Fsm]: [PubCmdCallback] change state from [FOLLOW_TRAJ] to [GENERATE_TRAJ].
[fsm_node-3] [0m -- [TRAJ_GUARD_CERT] trigger=poly_publish status=SAFE gen=131 map=252 map_age=0.058s map_age_limit=0.550s motion_speed=0.000mps samples=254 range=[0.190,1.452] collision_tt=-1.000 ttc=-1.000 p=[0.000,0.000,0.000]
[fsm_node-3] [38;2;000;128;000m -- [Fsm]: [MainFsmCallback] change state from [GENERATE_TRAJ] to [FOLLOW_TRAJ].
[fsm_node-3] [0m[32m -- [Fsm 49.779] Current state: FOLLOW_TRAJ[0m
[fsm_node-3] [32m -- [Fsm] Get goal at [0m0.025 0.025 1.525
[fsm_node-3] [32m -- [Fsm] Receive click goal at: [0.025 0.025 1.525]; goal yaw: 0.000 deg[0m
[fsm_node-3] [INFO] [1789476984.988841187] [fsm_node]:  -- [OPTIMIZER_PHASE_MEMORY] optimizer=exp event=begin call=342 rss_mib=3207.848 swap_mib=0.000 variables=13 pieces=4
[fsm_node-3] [INFO] [1789476984.991887440] [fsm_node]:  -- [OPTIMIZER_PHASE_MEMORY] optimizer=exp event=end call=342 duration_ms=3.113 iterations=264 ret=1 rss_mib=3207.848 swap_mib=0.000 rss_delta_mib=0.000
[fsm_node-3] [INFO] [1789476985.122748787] [fsm_node]:  -- [OPTIMIZER_PHASE_MEMORY] optimizer=backup event=begin call=579 rss_mib=3207.848 swap_mib=0.000 variables=42 pieces=2
[fsm_node-3] [INFO] [1789476985.129258401] [fsm_node]:  -- [OPTIMIZER_PHASE_MEMORY] optimizer=backup event=end call=579 duration_ms=6.566 iterations=294 ret=1 rss_mib=3207.852 swap_mib=0.000 rss_delta_mib=0.004
[fsm_node-3] [INFO] [1789476985.129469894] [fsm_node]:  -- [OPTIMIZER_PHASE_MEMORY] optimizer=backup event=begin call=580 rss_mib=3207.852 swap_mib=0.000 variables=42 pieces=2
[fsm_node-3] [INFO] [1789476985.138677244] [fsm_node]:  -- [OPTIMIZER_PHASE_MEMORY] optimizer=backup event=end call=580 duration_ms=9.188 iterations=393 ret=1 rss_mib=3207.852 swap_mib=0.000 rss_delta_mib=0.000
[fsm_node-3] [WARN] [1789476985.138731252] [fsm_node]:  -- [SUPER] in [ReplanOnce]: Replan overtime, check parameters, replan dt = 0.191935479.
[fsm_node-3] [INFO] [1789476985.168190095] [fsm_node]:  -- [OPTIMIZER_PHASE_MEMORY] optimizer=exp event=begin call=343 rss_mib=3207.852 swap_mib=0.000 variables=13 pieces=4
[fsm_node-3] [INFO] [1789476985.172102538] [fsm_node]:  -- [OPTIMIZER_PHASE_MEMORY] optimizer=exp event=end call=343 duration_ms=3.955 iterations=345 ret=1 rss_mib=3207.852 swap_mib=0.000 rss_delta_mib=0.000
[fsm_node-3] [INFO] [1789476985.284293433] [fsm_node]:  -- [OPTIMIZER_PHASE_MEMORY] optimizer=backup event=begin call=581 rss_mib=3207.855 swap_mib=0.000 variables=46 pieces=2
[fsm_node-3] [INFO] [1789476985.292483445] [fsm_node]:  -- [OPTIMIZER_PHASE_MEMORY] optimizer=backup event=end call=581 duration_ms=8.237 iterations=105 ret=1 rss_mib=3207.855 swap_mib=0.000 rss_delta_mib=0.000
[fsm_node-3] [INFO] [1789476985.293576951] [fsm_node]:  -- [OPTIMIZER_PHASE_MEMORY] optimizer=backup event=begin call=582 rss_mib=3207.855 swap_mib=0.000 variables=46 pieces=2
[fsm_node-3] [INFO] [1789476985.310458994] [fsm_node]:  -- [OPTIMIZER_PHASE_MEMORY] optimizer=backup event=end call=582 duration_ms=16.882 iterations=220 ret=1 rss_mib=3207.855 swap_mib=0.000 rss_delta_mib=0.000
[fsm_node-3] [WARN] [1789476985.310497342] [fsm_node]:  -- [SUPER] in [ReplanOnce]: Replan overtime, check parameters, replan dt = 0.171574231.
[fsm_node-3] [INFO] [1789476985.343422933] [fsm_node]:  -- [OPTIMIZER_PHASE_MEMORY] optimizer=exp event=begin call=344 rss_mib=3207.855 swap_mib=0.000 variables=13 pieces=4
[fsm_node-3] [INFO] [1789476985.347864579] [fsm_node]:  -- [OPTIMIZER_PHASE_MEMORY] optimizer=exp event=end call=344 duration_ms=4.506 iterations=389 ret=1 rss_mib=3207.855 swap_mib=0.000 rss_delta_mib=0.000
[fsm_node-3] [INFO] [1789476985.405590884] [fsm_node]:  -- [OPTIMIZER_PHASE_MEMORY] optimizer=backup event=begin call=583 rss_mib=3207.855 swap_mib=0.000 variables=34 pieces=2
[fsm_node-3] [INFO] [1789476985.407363983] [fsm_node]:  -- [OPTIMIZER_PHASE_MEMORY] optimizer=backup event=end call=583 duration_ms=1.811 iterations=165 ret=1 rss_mib=3207.859 swap_mib=0.000 rss_delta_mib=0.004
[fsm_node-3] [INFO] [1789476985.407504055] [fsm_node]:  -- [OPTIMIZER_PHASE_MEMORY] optimizer=backup event=begin call=584 rss_mib=3207.859 swap_mib=0.000 variables=34 pieces=2
[fsm_node-3] [INFO] [1789476985.409754804] [fsm_node]:  -- [OPTIMIZER_PHASE_MEMORY] optimizer=backup event=end call=584 duration_ms=2.254 iterations=244 ret=1 rss_mib=3207.859 swap_mib=0.000 rss_delta_mib=0.000
[fsm_node-3] [WARN] [1789476985.409786085] [fsm_node]:  -- [SUPER] in [ReplanOnce]: Replan overtime, check parameters, replan dt = 0.099091577.
[fsm_node-3] [INFO] [1789476985.441098379] [fsm_node]:  -- [OPTIMIZER_PHASE_MEMORY] optimizer=exp event=begin call=345 rss_mib=3207.859 swap_mib=0.000 variables=9 pieces=3
[fsm_node-3] [INFO] [1789476985.443242815] [fsm_node]:  -- [OPTIMIZER_PHASE_MEMORY] optimizer=exp event=end call=345 duration_ms=2.212 iterations=249 ret=1 rss_mib=3207.859 swap_mib=0.000 rss_delta_mib=0.000
[fsm_node-3] [INFO] [1789476985.531511166] [fsm_node]:  -- [OPTIMIZER_PHASE_MEMORY] optimizer=backup event=begin call=585 rss_mib=3207.859 swap_mib=0.000 variables=42 pieces=2
[fsm_node-3] [INFO] [1789476985.532526139] [fsm_node]:  -- [OPTIMIZER_PHASE_MEMORY] optimizer=backup event=end call=585 duration_ms=1.074 iterations=137 ret=1 rss_mib=3207.859 swap_mib=0.000 rss_delta_mib=0.000
[fsm_node-3] [INFO] [1789476985.532626264] [fsm_node]:  -- [OPTIMIZER_PHASE_MEMORY] optimizer=backup event=begin call=586 rss_mib=3207.859 swap_mib=0.000 variables=42 pieces=2
[fsm_node-3] [INFO] [1789476985.536534844] [fsm_node]:  -- [OPTIMIZER_PHASE_MEMORY] optimizer=backup event=end call=586 duration_ms=3.909 iterations=488 ret=1 rss_mib=3207.859 swap_mib=0.000 rss_delta_mib=0.000
[fsm_node-3] [WARN] [1789476985.536573383] [fsm_node]:  -- [SUPER] in [ReplanOnce]: Replan overtime, check parameters, replan dt = 0.12654301.
[fsm_node-3] [INFO] [1789476985.575834005] [fsm_node]:  -- [OPTIMIZER_PHASE_MEMORY] optimizer=exp event=begin call=346 rss_mib=3207.863 swap_mib=0.000 variables=13 pieces=4
[fsm_node-3] [INFO] [1789476985.578742761] [fsm_node]:  -- [OPTIMIZER_PHASE_MEMORY] optimizer=exp event=end call=346 duration_ms=2.959 iterations=280 ret=1 rss_mib=3207.863 swap_mib=0.000 rss_delta_mib=0.000
[fsm_node-3] [INFO] [1789476985.703712341] [fsm_node]:  -- [OPTIMIZER_PHASE_MEMORY] optimizer=backup event=begin call=587 rss_mib=3207.863 swap_mib=0.000 variables=26 pieces=2
[fsm_node-3] [INFO] [1789476985.707196479] [fsm_node]:  -- [OPTIMIZER_PHASE_MEMORY] optimizer=backup event=end call=587 duration_ms=3.551 iterations=507 ret=1 rss_mib=3207.867 swap_mib=0.000 rss_delta_mib=0.004
[fsm_node-3] [INFO] [1789476985.707296205] [fsm_node]:  -- [OPTIMIZER_PHASE_MEMORY] optimizer=backup event=begin call=588 rss_mib=3207.867 swap_mib=0.000 variables=26 pieces=2
[fsm_node-3] [INFO] [1789476985.707890606] [fsm_node]:  -- [OPTIMIZER_PHASE_MEMORY] optimizer=backup event=end call=588 duration_ms=0.597 iterations=104 ret=1 rss_mib=3207.867 swap_mib=0.000 rss_delta_mib=0.000
[fsm_node-3] [WARN] [1789476985.707924893] [fsm_node]:  -- [SUPER] in [ReplanOnce]: Replan overtime, check parameters, replan dt = 0.171182046.
[fsm_node-3] [INFO] [1789476985.738627739] [fsm_node]:  -- [OPTIMIZER_PHASE_MEMORY] optimizer=exp event=begin call=347 rss_mib=3207.867 swap_mib=0.000 variables=9 pieces=3
[fsm_node-3] [INFO] [1789476985.739684385] [fsm_node]:  -- [OPTIMIZER_PHASE_MEMORY] optimizer=exp event=end call=347 duration_ms=1.116 iterations=127 ret=1 rss_mib=3207.867 swap_mib=0.000 rss_delta_mib=0.000
[fsm_node-3] [INFO] [1789476985.865442446] [fsm_node]:  -- [OPTIMIZER_PHASE_MEMORY] optimizer=backup event=begin call=589 rss_mib=3207.871 swap_mib=0.000 variables=26 pieces=2
[fsm_node-3] [INFO] [1789476985.870590652] [fsm_node]:  -- [OPTIMIZER_PHASE_MEMORY] optimizer=backup event=end call=589 duration_ms=5.187 iterations=656 ret=1 rss_mib=3207.871 swap_mib=0.000 rss_delta_mib=0.000
[fsm_node-3] [INFO] [1789476985.870728826] [fsm_node]:  -- [OPTIMIZER_PHASE_MEMORY] optimizer=backup event=begin call=590 rss_mib=3207.871 swap_mib=0.000 variables=26 pieces=2
[fsm_node-3] [INFO] [1789476985.872678014] [fsm_node]:  -- [OPTIMIZER_PHASE_MEMORY] optimizer=backup event=end call=590 duration_ms=1.946 iterations=337 ret=1 rss_mib=3207.871 swap_mib=0.000 rss_delta_mib=0.000
[fsm_node-3] [WARN] [1789476985.872714643] [fsm_node]:  -- [SUPER] in [ReplanOnce]: Replan overtime, check parameters, replan dt = 0.164562603.
[fsm_node-3] [INFO] [1789476985.906291353] [fsm_node]:  -- [OPTIMIZER_PHASE_MEMORY] optimizer=exp event=begin call=348 rss_mib=3207.871 swap_mib=0.000 variables=13 pieces=4
[fsm_node-3] [INFO] [1789476985.908232015] [fsm_node]:  -- [OPTIMIZER_PHASE_MEMORY] optimizer=exp event=end call=348 duration_ms=1.992 iterations=186 ret=1 rss_mib=3207.871 swap_mib=0.000 rss_delta_mib=0.000
[fsm_node-3]  -- [TRAJ_GUARD_CERT] trigger=main_pre status=SAFE gen=131 map=253 map_age=0.007s map_age_limit=0.500s motion_speed=4.163mps samples=224 range=[0.340,1.452] collision_tt=-1.000 ttc=-1.000 p=[0.000,0.000,0.000]
[fsm_node-3]  -- [TRAJ_GUARD_CERT] trigger=main_pre status=SAFE gen=131 map=254 map_age=0.003s map_age_limit=0.500s motion_speed=6.510mps samples=184 range=[0.540,1.452] collision_tt=-1.000 ttc=-1.000 p=[0.000,0.000,0.000]
[fsm_node-3]  -- [TRAJ_GUARD_CERT] trigger=main_pre status=SAFE gen=131 map=255 map_age=0.006s map_age_limit=0.500s motion_speed=6.970mps samples=142 range=[0.750,1.452] collision_tt=-1.000 ttc=-1.000 p=[0.000,0.000,0.000]
[fsm_node-3]  -- [TRAJ_GUARD_CERT] trigger=main_pre status=SAFE gen=131 map=256 map_age=0.008s map_age_limit=0.500s motion_speed=6.795mps samples=102 range=[0.950,1.452] collision_tt=-1.000 ttc=-1.000 p=[0.000,0.000,0.000]
[fsm_node-3]  -- [TRAJ_GUARD_CERT] trigger=replan_post status=SAFE gen=131 map=257 map_age=0.007s map_age_limit=0.500s motion_speed=4.628mps samples=61 range=[1.157,1.452] collision_tt=-1.000 ttc=-1.000 p=[0.000,0.000,0.000]
[fsm_node-3] [32m -- [Fsm 50.789] Current state: FOLLOW_TRAJ[0m
[fsm_node-3] [32m -- [Fsm] Get goal at [0m0.025 0.025 1.525
[fsm_node-3] [32m -- [Fsm] Receive click goal at: [0.025 0.025 1.525]; goal yaw: 0.000 deg[0m
[fsm_node-3] [INFO] [1789476986.036258687] [fsm_node]:  -- [OPTIMIZER_PHASE_MEMORY] optimizer=backup event=begin call=591 rss_mib=3207.875 swap_mib=0.000 variables=34 pieces=2
[fsm_node-3] [INFO] [1789476986.040578768] [fsm_node]:  -- [OPTIMIZER_PHASE_MEMORY] optimizer=backup event=end call=591 duration_ms=4.358 iterations=652 ret=1 rss_mib=3207.875 swap_mib=0.000 rss_delta_mib=0.000
[fsm_node-3] [INFO] [1789476986.040799498] [fsm_node]:  -- [OPTIMIZER_PHASE_MEMORY] optimizer=backup event=begin call=592 rss_mib=3207.875 swap_mib=0.000 variables=34 pieces=2
[fsm_node-3] [INFO] [1789476986.044906873] [fsm_node]:  -- [OPTIMIZER_PHASE_MEMORY] optimizer=backup event=end call=592 duration_ms=4.113 iterations=506 ret=1 rss_mib=3207.875 swap_mib=0.000 rss_delta_mib=0.000
[fsm_node-3] [WARN] [1789476986.044949417] [fsm_node]:  -- [SUPER] in [ReplanOnce]: Replan overtime, check parameters, replan dt = 0.171960206.
[fsm_node-3] [INFO] [1789476986.079670352] [fsm_node]:  -- [OPTIMIZER_PHASE_MEMORY] optimizer=exp event=begin call=349 rss_mib=3207.875 swap_mib=0.000 variables=13 pieces=4
[fsm_node-3] [INFO] [1789476986.081850597] [fsm_node]:  -- [OPTIMIZER_PHASE_MEMORY] optimizer=exp event=end call=349 duration_ms=2.213 iterations=219 ret=1 rss_mib=3207.875 swap_mib=0.000 rss_delta_mib=0.000
[fsm_node-3]  -- [TRAJ_GUARD_CERT] trigger=main_pre status=SAFE gen=131 map=258 map_age=0.002s map_age_limit=0.550s motion_speed=1.447mps samples=26 range=[1.330,1.452] collision_tt=-1.000 ttc=-1.000 p=[0.000,0.000,0.000]
[fsm_node-3] [32m -- [Fsm] Traj finish.[0m
[fsm_node-3] [INFO] [1789476986.211589970] [fsm_node]:  -- [OPTIMIZER_PHASE_MEMORY] optimizer=backup event=begin call=593 rss_mib=3207.879 swap_mib=0.000 variables=30 pieces=2
[fsm_node-3] [INFO] [1789476986.212106586] [fsm_node]:  -- [OPTIMIZER_PHASE_MEMORY] optimizer=backup event=end call=593 duration_ms=0.567 iterations=77 ret=1 rss_mib=3207.879 swap_mib=0.000 rss_delta_mib=0.000
[fsm_node-3] [WARN] [1789476986.212113925] [fsm_node]:  -- [BackOpt] Opt failed, Omg or thr or Pos violation.
[fsm_node-3] [38;2;000;128;000m -- [Fsm]: [PubCmdCallback] change state from [FOLLOW_TRAJ] to [GENERATE_TRAJ].
[fsm_node-3] [0m[33m -- [MINCO] TrajOpt failed, (unknown)[0m
[fsm_node-3] [33m -- [SUPER] Minco backup_traj opt failed.[0m
[fsm_node-3] [INFO] [1789476986.212183900] [fsm_node]:  -- [OPTIMIZER_PHASE_MEMORY] optimizer=backup event=begin call=594 rss_mib=3207.879 swap_mib=0.000 variables=30 pieces=2
[fsm_node-3] [INFO] [1789476986.232718641] [fsm_node]:  -- [OPTIMIZER_PHASE_MEMORY] optimizer=backup event=end call=594 duration_ms=20.531 iterations=2059 ret=1 rss_mib=3207.879 swap_mib=0.000 rss_delta_mib=0.000
[fsm_node-3] [WARN] [1789476986.232755368] [fsm_node]:  -- [SUPER] OptimizationBakTrajInPolytopes failed, force return
[fsm_node-3] [WARN] [1789476986.232766200] [fsm_node]:  -- [SUPER] in [ReplanOnce]: Replan overtime, check parameters, replan dt = 0.187634081.
[fsm_node-3] [WARN] [1789476986.232927181] [fsm_node]:  -- [TRAJ_GUARD_RECOVERY_EPISODE_RESET] reason=horizontal_progress progress=6.084m threshold=2.000m prior_local=0 prior_vertical=0 prior_base=0
[fsm_node-3] [INFO] [1789476986.273116060] [fsm_node]:  -- [OPTIMIZER_PHASE_MEMORY] optimizer=exp event=begin call=350 rss_mib=3207.879 swap_mib=0.000 variables=13 pieces=4
[fsm_node-3] [INFO] [1789476986.275836477] [fsm_node]:  -- [OPTIMIZER_PHASE_MEMORY] optimizer=exp event=end call=350 duration_ms=2.785 iterations=263 ret=1 rss_mib=3207.879 swap_mib=0.000 rss_delta_mib=0.000
[fsm_node-3] [INFO] [1789476986.275887263] [fsm_node]:  -- [SUPER] in [PlanFromRest] GenerateExpTrajectory SUCCESS.
[fsm_node-3] [INFO] [1789476986.405650242] [fsm_node]:  -- [OPTIMIZER_PHASE_MEMORY] optimizer=backup event=begin call=595 rss_mib=3207.879 swap_mib=0.000 variables=30 pieces=2
[fsm_node-3] [INFO] [1789476986.410632934] [fsm_node]:  -- [OPTIMIZER_PHASE_MEMORY] optimizer=backup event=end call=595 duration_ms=5.019 iterations=573 ret=1 rss_mib=3207.879 swap_mib=0.000 rss_delta_mib=0.000
[fsm_node-3] [INFO] [1789476986.410754989] [fsm_node]:  -- [OPTIMIZER_PHASE_MEMORY] optimizer=backup event=begin call=596 rss_mib=3207.879 swap_mib=0.000 variables=30 pieces=2
[fsm_node-3] [INFO] [1789476986.442563810] [fsm_node]:  -- [OPTIMIZER_PHASE_MEMORY] optimizer=backup event=end call=596 duration_ms=31.782 iterations=3205 ret=1 rss_mib=3207.879 swap_mib=0.000 rss_delta_mib=0.000
[fsm_node-3] [INFO] [1789476986.443028681] [fsm_node]:  -- [TRAJ_GUARD_COMMIT] phase=PlanFromRest/with_backup gen=132 map=259 samples=259 range=[0.210,1.493] escape=false footprint_egress=false escape_done_tt=-1.000
[fsm_node-3] [INFO] [1789476986.560232778] [fsm_node]:  -- [OPTIMIZER_PHASE_MEMORY] optimizer=exp event=begin call=351 rss_mib=3207.883 swap_mib=0.000 variables=9 pieces=3
[fsm_node-3] [INFO] [1789476986.561572191] [fsm_node]:  -- [OPTIMIZER_PHASE_MEMORY] optimizer=exp event=end call=351 duration_ms=1.407 iterations=170 ret=1 rss_mib=3207.883 swap_mib=0.000 rss_delta_mib=0.000
[fsm_node-3] [INFO] [1789476986.697195544] [fsm_node]:  -- [OPTIMIZER_PHASE_MEMORY] optimizer=backup event=begin call=597 rss_mib=3207.887 swap_mib=0.000 variables=26 pieces=2
[fsm_node-3] [INFO] [1789476986.699964637] [fsm_node]:  -- [OPTIMIZER_PHASE_MEMORY] optimizer=backup event=end call=597 duration_ms=2.825 iterations=445 ret=1 rss_mib=3207.887 swap_mib=0.000 rss_delta_mib=0.000
[fsm_node-3] [INFO] [1789476986.700086363] [fsm_node]:  -- [OPTIMIZER_PHASE_MEMORY] optimizer=backup event=begin call=598 rss_mib=3207.887 swap_mib=0.000 variables=26 pieces=2
[fsm_node-3] [INFO] [1789476986.700463261] [fsm_node]:  -- [OPTIMIZER_PHASE_MEMORY] optimizer=backup event=end call=598 duration_ms=0.379 iterations=77 ret=1 rss_mib=3207.887 swap_mib=0.000 rss_delta_mib=0.000
[fsm_node-3] [WARN] [1789476986.700493374] [fsm_node]:  -- [SUPER] in [ReplanOnce]: Replan overtime, check parameters, replan dt = 0.169751848.
[fsm_node-3] [INFO] [1789476986.726340470] [fsm_node]:  -- [OPTIMIZER_PHASE_MEMORY] optimizer=exp event=begin call=352 rss_mib=3207.887 swap_mib=0.000 variables=13 pieces=4
[fsm_node-3] [INFO] [1789476986.728887269] [fsm_node]:  -- [OPTIMIZER_PHASE_MEMORY] optimizer=exp event=end call=352 duration_ms=2.583 iterations=253 ret=1 rss_mib=3207.887 swap_mib=0.000 rss_delta_mib=0.000
[fsm_node-3] [INFO] [1789476986.853291517] [fsm_node]:  -- [OPTIMIZER_PHASE_MEMORY] optimizer=backup event=begin call=599 rss_mib=3207.891 swap_mib=0.000 variables=22 pieces=2
[fsm_node-3] [INFO] [1789476986.854407829] [fsm_node]:  -- [OPTIMIZER_PHASE_MEMORY] optimizer=backup event=end call=599 duration_ms=1.173 iterations=216 ret=1 rss_mib=3207.891 swap_mib=0.000 rss_delta_mib=0.000
[fsm_node-3] [INFO] [1789476986.854498701] [fsm_node]:  -- [OPTIMIZER_PHASE_MEMORY] optimizer=backup event=begin call=600 rss_mib=3207.891 swap_mib=0.000 variables=22 pieces=2
[fsm_node-3] [INFO] [1789476986.855126134] [fsm_node]:  -- [OPTIMIZER_PHASE_MEMORY] optimizer=backup event=end call=600 duration_ms=0.630 iterations=136 ret=1 rss_mib=3207.891 swap_mib=0.000 rss_delta_mib=0.000
[fsm_node-3] [WARN] [1789476986.855159004] [fsm_node]:  -- [SUPER] in [ReplanOnce]: Replan overtime, check parameters, replan dt = 0.15449877.
[fsm_node-3] [INFO] [1789476986.882070082] [fsm_node]:  -- [OPTIMIZER_PHASE_MEMORY] optimizer=exp event=begin call=353 rss_mib=3207.891 swap_mib=0.000 variables=13 pieces=4
[fsm_node-3] [INFO] [1789476986.885025682] [fsm_node]:  -- [OPTIMIZER_PHASE_MEMORY] optimizer=exp event=end call=353 duration_ms=3.019 iterations=289 ret=1 rss_mib=3207.891 swap_mib=0.000 rss_delta_mib=0.000
[fsm_node-3]  -- [TRAJ_GUARD_CERT] trigger=poly_publish status=SAFE gen=132 map=259 map_age=0.199s map_age_limit=0.550s motion_speed=0.000mps samples=258 range=[0.210,1.493] collision_tt=-1.000 ttc=-1.000 p=[0.000,0.000,0.000]
[fsm_node-3] [38;2;000;128;000m -- [Fsm]: [MainFsmCallback] change state from [GENERATE_TRAJ] to [FOLLOW_TRAJ].
[fsm_node-3] [0m -- [TRAJ_GUARD_CERT] trigger=main_pre status=SAFE gen=132 map=260 map_age=0.009s map_age_limit=0.550s motion_speed=1.979mps samples=255 range=[0.224,1.493] collision_tt=-1.000 ttc=-1.000 p=[0.000,0.000,0.000]
[fsm_node-3]  -- [TRAJ_GUARD_CERT] trigger=main_pre status=SAFE gen=132 map=261 map_age=0.010s map_age_limit=0.500s motion_speed=5.542mps samples=215 range=[0.424,1.493] collision_tt=-1.000 ttc=-1.000 p=[0.000,0.000,0.000]
[fsm_node-3]  -- [TRAJ_GUARD_CERT] trigger=replan_post status=SAFE gen=132 map=262 map_age=0.007s map_age_limit=0.500s motion_speed=6.925mps samples=176 range=[0.622,1.493] collision_tt=-1.000 ttc=-1.000 p=[0.000,0.000,0.000]
[fsm_node-3] [32m -- [Fsm 51.799] Current state: FOLLOW_TRAJ[0m
[fsm_node-3] [32m -- [Fsm] Get goal at [0m0.025 0.025 1.525
[fsm_node-3] [32m -- [Fsm] Receive click goal at: [0.025 0.025 1.525]; goal yaw: 0.000 deg[0m
[fsm_node-3] [INFO] [1789476987.008861116] [fsm_node]:  -- [OPTIMIZER_PHASE_MEMORY] optimizer=backup event=begin call=601 rss_mib=3207.895 swap_mib=0.000 variables=18 pieces=2
[fsm_node-3] [INFO] [1789476987.010764936] [fsm_node]:  -- [OPTIMIZER_PHASE_MEMORY] optimizer=backup event=end call=601 duration_ms=1.964 iterations=350 ret=1 rss_mib=3207.895 swap_mib=0.000 rss_delta_mib=0.000
[fsm_node-3] [INFO] [1789476987.010858773] [fsm_node]:  -- [OPTIMIZER_PHASE_MEMORY] optimizer=backup event=begin call=602 rss_mib=3207.895 swap_mib=0.000 variables=18 pieces=2
[fsm_node-3] [INFO] [1789476987.011174481] [fsm_node]:  -- [OPTIMIZER_PHASE_MEMORY] optimizer=backup event=end call=602 duration_ms=0.315 iterations=67 ret=1 rss_mib=3207.895 swap_mib=0.000 rss_delta_mib=0.000
[fsm_node-3] [WARN] [1789476987.011208017] [fsm_node]:  -- [SUPER] in [ReplanOnce]: Replan overtime, check parameters, replan dt = 0.155784139.
[fsm_node-3] [INFO] [1789476987.050085785] [fsm_node]:  -- [OPTIMIZER_PHASE_MEMORY] optimizer=exp event=begin call=354 rss_mib=3207.895 swap_mib=0.000 variables=9 pieces=3
[fsm_node-3] [INFO] [1789476987.051513192] [fsm_node]:  -- [OPTIMIZER_PHASE_MEMORY] optimizer=exp event=end call=354 duration_ms=1.473 iterations=175 ret=1 rss_mib=3207.895 swap_mib=0.000 rss_delta_mib=0.000
[fsm_node-3] [INFO] [1789476987.176826365] [fsm_node]:  -- [OPTIMIZER_PHASE_MEMORY] optimizer=backup event=begin call=603 rss_mib=3207.898 swap_mib=0.000 variables=18 pieces=2
[fsm_node-3] [INFO] [1789476987.178250128] [fsm_node]:  -- [OPTIMIZER_PHASE_MEMORY] optimizer=backup event=end call=603 duration_ms=1.492 iterations=266 ret=1 rss_mib=3207.898 swap_mib=0.000 rss_delta_mib=0.000
[fsm_node-3] [INFO] [1789476987.178341270] [fsm_node]:  -- [OPTIMIZER_PHASE_MEMORY] optimizer=backup event=begin call=604 rss_mib=3207.898 swap_mib=0.000 variables=18 pieces=2
[fsm_node-3] [INFO] [1789476987.178810868] [fsm_node]:  -- [OPTIMIZER_PHASE_MEMORY] optimizer=backup event=end call=604 duration_ms=0.470 iterations=95 ret=1 rss_mib=3207.898 swap_mib=0.000 rss_delta_mib=0.000
[fsm_node-3] [WARN] [1789476987.178870275] [fsm_node]:  -- [SUPER] in [ReplanOnce]: Replan overtime, check parameters, replan dt = 0.167338016.
[fsm_node-3] [INFO] [1789476987.211634106] [fsm_node]:  -- [OPTIMIZER_PHASE_MEMORY] optimizer=exp event=begin call=355 rss_mib=3207.898 swap_mib=0.000 variables=9 pieces=3
[perfect_drone_frontend_node-2] [INFO] [1789476987.213188470] [native_sector_cpp]: frames=540 published=272 kept 24.2% (6586/27206 pts/input-frame)
[fsm_node-3] [INFO] [1789476987.214035036] [fsm_node]:  -- [OPTIMIZER_PHASE_MEMORY] optimizer=exp event=end call=355 duration_ms=2.457 iterations=295 ret=1 rss_mib=3207.898 swap_mib=0.000 rss_delta_mib=0.000
[fsm_node-3] [INFO] [1789476987.334371641] [fsm_node]:  -- [OPTIMIZER_PHASE_MEMORY] optimizer=backup event=begin call=605 rss_mib=3207.902 swap_mib=0.000 variables=18 pieces=2
[fsm_node-3] [INFO] [1789476987.334893156] [fsm_node]:  -- [OPTIMIZER_PHASE_MEMORY] optimizer=backup event=end call=605 duration_ms=0.587 iterations=84 ret=1 rss_mib=3207.902 swap_mib=0.000 rss_delta_mib=0.000
[fsm_node-3] [WARN] [1789476987.334899922] [fsm_node]:  -- [BackOpt] Opt failed, Omg or thr or Pos violation.
[fsm_node-3]  -- [TRAJ_GUARD_CERT] trigger=main_pre status=SAFE gen=132 map=263 map_age=0.006s map_age_limit=0.500s motion_speed=6.984mps samples=135 range=[0.824,1.493] collision_tt=-1.000 ttc=-1.000 p=[0.000,0.000,0.000]
[fsm_node-3]  -- [TRAJ_GUARD_CERT] trigger=main_pre status=SAFE gen=132 map=264 map_age=0.007s map_age_limit=0.500s motion_speed=6.881mps samples=95 range=[1.023,1.493] collision_tt=-1.000 ttc=-1.000 p=[0.000,0.000,0.000]
[fsm_node-3] [33m -- [MINCO] TrajOpt failed, (unknown)[0m
[fsm_node-3] [33m -- [SUPER] Minco backup_traj opt failed.[0m
[fsm_node-3] [INFO] [1789476987.334967434] [fsm_node]:  -- [OPTIMIZER_PHASE_MEMORY] optimizer=backup event=begin call=606 rss_mib=3207.902 swap_mib=0.000 variables=18 pieces=2
[fsm_node-3] [INFO] [1789476987.335466418] [fsm_node]:  -- [OPTIMIZER_PHASE_MEMORY] optimizer=backup event=end call=606 duration_ms=0.500 iterations=94 ret=1 rss_mib=3207.902 swap_mib=0.000 rss_delta_mib=0.000
[fsm_node-3] [WARN] [1789476987.335471561] [fsm_node]:  -- [BackOpt] Opt failed, Omg or thr or Pos violation.
[fsm_node-3] [WARN] [1789476987.335477551] [fsm_node]:  -- [SUPER] OptimizationBakTrajInPolytopes failed, force return
[fsm_node-3] [WARN] [1789476987.335485974] [fsm_node]:  -- [SUPER] in [ReplanOnce]: Replan overtime, check parameters, replan dt = 0.156363826.
[fsm_node-3] [33m -- [MINCO] TrajOpt failed, (unknown)[0m
[fsm_node-3] [33m -- [SUPER] Minco backup_traj opt failed.[0m
[fsm_node-3] [INFO] [1789476987.356968248] [fsm_node]:  -- [OPTIMIZER_PHASE_MEMORY] optimizer=exp event=begin call=356 rss_mib=3207.902 swap_mib=0.000 variables=5 pieces=2
[fsm_node-3] [INFO] [1789476987.357924197] [fsm_node]:  -- [OPTIMIZER_PHASE_MEMORY] optimizer=exp event=end call=356 duration_ms=1.011 iterations=165 ret=1 rss_mib=3207.902 swap_mib=0.000 rss_delta_mib=0.000
[fsm_node-3] [WARN] [1789476987.449418766] [fsm_node]:  -- [SUPER] in [ReplanOnce]: Replan overtime, check parameters, replan dt = 0.113665542.
[fsm_node-3] [INFO] [1789476987.466753484] [fsm_node]:  -- [OPTIMIZER_PHASE_MEMORY] optimizer=exp event=begin call=357 rss_mib=3207.906 swap_mib=0.000 variables=9 pieces=3
[fsm_node-3] [INFO] [1789476987.472727998] [fsm_node]:  -- [OPTIMIZER_PHASE_MEMORY] optimizer=exp event=end call=357 duration_ms=5.991 iterations=647 ret=1 rss_mib=3207.906 swap_mib=0.000 rss_delta_mib=0.000
[fsm_node-3] [WARN] [1789476987.472762720] [fsm_node]:  -- [ExpOpt] Opt failed, Omg or thr or Pos violation.
[fsm_node-3]  -- [TRAJ_GUARD_CERT] trigger=main_pre status=SAFE gen=132 map=265 map_age=0.009s map_age_limit=0.500s motion_speed=4.957mps samples=55 range=[1.224,1.493] collision_tt=-1.000 ttc=-1.000 p=[0.000,0.000,0.000]
[fsm_node-3] [33m -- [MINCO] TrajOpt failed, (unknown)[0m
[fsm_node-3] [33m -- [SUPER] Minco exp_traj opt failed.[0m
[fsm_node-3] [WARN] [1789476987.472801833] [fsm_node]:  -- [SUPER] OptimizationExpTrajInPolytopes for new path failed
[fsm_node-3] [WARN] [1789476987.472815808] [fsm_node]:  -- [SUPER] in [ReplanOnce]: GenerateExpTrajectory failed, force return
[fsm_node-3] [INFO] [1789476987.489693026] [fsm_node]:  -- [OPTIMIZER_PHASE_MEMORY] optimizer=exp event=begin call=358 rss_mib=3207.906 swap_mib=0.000 variables=5 pieces=2
[fsm_node-3] [INFO] [1789476987.492340444] [fsm_node]:  -- [OPTIMIZER_PHASE_MEMORY] optimizer=exp event=end call=358 duration_ms=2.667 iterations=382 ret=1 rss_mib=3207.906 swap_mib=0.000 rss_delta_mib=0.000
[fsm_node-3] [WARN] [1789476987.564443942] [fsm_node]:  -- [SUPER] in [ReplanOnce]: Replan overtime, check parameters, replan dt = 0.091306015.
[fsm_node-3] [INFO] [1789476987.581461738] [fsm_node]:  -- [OPTIMIZER_PHASE_MEMORY] optimizer=exp event=begin call=359 rss_mib=3207.910 swap_mib=0.000 variables=9 pieces=3
[fsm_node-3] [INFO] [1789476987.593720188] [fsm_node]:  -- [OPTIMIZER_PHASE_MEMORY] optimizer=exp event=end call=359 duration_ms=12.299 iterations=1189 ret=1 rss_mib=3207.910 swap_mib=0.000 rss_delta_mib=0.000
[fsm_node-3] [INFO] [1789476987.653605777] [fsm_node]:  -- [TRAJ_GUARD_COMMIT] phase=ReplanOnce/no_backup gen=133 map=265 samples=298 range=[0.089,1.568] escape=false footprint_egress=false escape_done_tt=-1.000
[fsm_node-3] [32m -- [Fsm] ReplanOnce succeed.[0m
[fsm_node-3] [INFO] [1789476987.671767952] [fsm_node]:  -- [OPTIMIZER_PHASE_MEMORY] optimizer=exp event=begin call=360 rss_mib=3207.910 swap_mib=0.000 variables=5 pieces=2
[fsm_node-3] [INFO] [1789476987.672382191] [fsm_node]:  -- [OPTIMIZER_PHASE_MEMORY] optimizer=exp event=end call=360 duration_ms=0.684 iterations=111 ret=1 rss_mib=3207.910 swap_mib=0.000 rss_delta_mib=0.000
[fsm_node-3] [INFO] [1789476987.726041432] [fsm_node]:  -- [TRAJ_GUARD_COMMIT] phase=ReplanOnce/no_backup gen=134 map=266 samples=302 range=[0.072,1.570] escape=false footprint_egress=false escape_done_tt=-1.000
[fsm_node-3]  -- [TRAJ_GUARD_CERT] trigger=poly_publish status=SAFE gen=133 map=265 map_age=0.206s map_age_limit=0.550s motion_speed=1.200mps samples=297 range=[0.089,1.568] collision_tt=-1.000 ttc=-1.000 p=[0.000,0.000,0.000]
[fsm_node-3]  -- [TRAJ_GUARD_CERT] trigger=main_pre status=SAFE gen=133 map=266 map_age=0.013s map_age_limit=0.550s motion_speed=0.656mps samples=291 range=[0.122,1.568] collision_tt=-1.000 ttc=-1.000 p=[0.000,0.000,0.000]
[fsm_node-3] [32m -- [Fsm] ReplanOnce succeed.[0m
[fsm_node-3] [INFO] [1789476987.744680153] [fsm_node]:  -- [OPTIMIZER_PHASE_MEMORY] optimizer=exp event=begin call=361 rss_mib=3207.914 swap_mib=0.000 variables=5 pieces=2
[fsm_node-3] [INFO] [1789476987.745642327] [fsm_node]:  -- [OPTIMIZER_PHASE_MEMORY] optimizer=exp event=end call=361 duration_ms=1.018 iterations=176 ret=1 rss_mib=3207.914 swap_mib=0.000 rss_delta_mib=0.000
[fsm_node-3] [WARN] [1789476987.803966498] [fsm_node]:  -- [TRAJ_VELOCITY_SLOWDOWN] phase=ReplanOnce/no_backup gen=135 before=7.011146 after=6.993007 limit=7.000000 scale=1.002594
[fsm_node-3] [INFO] [1789476987.804319497] [fsm_node]:  -- [TRAJ_GUARD_COMMIT] phase=ReplanOnce/no_backup gen=135 map=266 samples=270 range=[0.077,1.415] escape=false footprint_egress=false escape_done_tt=-1.000
[fsm_node-3]  -- [TRAJ_GUARD_CERT] trigger=poly_publish status=SAFE gen=134 map=266 map_age=0.053s map_age_limit=0.550s motion_speed=0.218mps samples=301 range=[0.072,1.570] collision_tt=-1.000 ttc=-1.000 p=[0.000,0.000,0.000]
[fsm_node-3] [32m -- [Fsm] ReplanOnce succeed.[0m
[fsm_node-3] [INFO] [1789476987.824730989] [fsm_node]:  -- [OPTIMIZER_PHASE_MEMORY] optimizer=exp event=begin call=362 rss_mib=3207.914 swap_mib=0.000 variables=5 pieces=2
[fsm_node-3] [INFO] [1789476987.825191586] [fsm_node]:  -- [OPTIMIZER_PHASE_MEMORY] optimizer=exp event=end call=362 duration_ms=0.508 iterations=80 ret=1 rss_mib=3207.914 swap_mib=0.000 rss_delta_mib=0.000
[fsm_node-3] [INFO] [1789476987.879532189] [fsm_node]:  -- [TRAJ_GUARD_COMMIT] phase=ReplanOnce/no_backup gen=136 map=267 samples=253 range=[0.074,1.325] escape=false footprint_egress=false escape_done_tt=-1.000
[fsm_node-3]  -- [TRAJ_GUARD_CERT] trigger=poly_publish status=SAFE gen=135 map=266 map_age=0.131s map_age_limit=0.550s motion_speed=1.142mps samples=269 range=[0.078,1.415] collision_tt=-1.000 ttc=-1.000 p=[0.000,0.000,0.000]
[fsm_node-3]  -- [TRAJ_GUARD_CERT] trigger=main_pre status=SAFE gen=135 map=267 map_age=0.009s map_age_limit=0.550s motion_speed=1.249mps samples=255 range=[0.150,1.415] collision_tt=-1.000 ttc=-1.000 p=[0.000,0.000,0.000]
[fsm_node-3] [32m -- [Fsm] ReplanOnce succeed.[0m
[fsm_node-3] [INFO] [1789476987.897199444] [fsm_node]:  -- [OPTIMIZER_PHASE_MEMORY] optimizer=exp event=begin call=363 rss_mib=3207.918 swap_mib=0.000 variables=5 pieces=2
[fsm_node-3] [INFO] [1789476987.899320732] [fsm_node]:  -- [OPTIMIZER_PHASE_MEMORY] optimizer=exp event=end call=363 duration_ms=2.179 iterations=367 ret=1 rss_mib=3207.918 swap_mib=0.000 rss_delta_mib=0.000
[fsm_node-3]  -- [TRAJ_GUARD_CERT] trigger=poly_publish status=SAFE gen=136 map=267 map_age=0.012s map_age_limit=0.550s motion_speed=1.249mps samples=252 range=[0.075,1.325] collision_tt=-1.000 ttc=-1.000 p=[0.000,0.000,0.000]
[fsm_node-3] [32m -- [Fsm 52.799] Current state: FOLLOW_TRAJ[0m
[fsm_node-3] [32m -- [Fsm] Get goal at [0m0.025 0.025 1.525
[fsm_node-3] [32m -- [Fsm] Receive click goal at: [0.025 0.025 1.525]; goal yaw: 0.000 deg[0m
[fsm_node-3] [INFO] [1789476987.955448389] [fsm_node]:  -- [TRAJ_GUARD_COMMIT] phase=ReplanOnce/no_backup gen=137 map=267 samples=237 range=[0.075,1.247] escape=false footprint_egress=false escape_done_tt=-1.000
[fsm_node-3] [32m -- [Fsm] ReplanOnce succeed.[0m
[fsm_node-3] [INFO] [1789476987.973471089] [fsm_node]:  -- [OPTIMIZER_PHASE_MEMORY] optimizer=exp event=begin call=364 rss_mib=3207.918 swap_mib=0.000 variables=5 pieces=2
[fsm_node-3] [INFO] [1789476987.974249790] [fsm_node]:  -- [OPTIMIZER_PHASE_MEMORY] optimizer=exp event=end call=364 duration_ms=0.845 iterations=141 ret=1 rss_mib=3207.918 swap_mib=0.000 rss_delta_mib=0.000
[fsm_node-3] [WARN] [1789476988.030438238] [fsm_node]:  -- [TRAJ_VELOCITY_SLOWDOWN] phase=ReplanOnce/no_backup gen=138 before=7.011923 after=6.993007 limit=7.000000 scale=1.002705
[fsm_node-3] [INFO] [1789476988.030771329] [fsm_node]:  -- [TRAJ_GUARD_COMMIT] phase=ReplanOnce/no_backup gen=138 map=267 samples=222 range=[0.075,1.174] escape=false footprint_egress=false escape_done_tt=-1.000
[fsm_node-3]  -- [TRAJ_GUARD_CERT] trigger=poly_publish status=SAFE gen=137 map=267 map_age=0.088s map_age_limit=0.550s motion_speed=0.704mps samples=236 range=[0.076,1.247] collision_tt=-1.000 ttc=-1.000 p=[0.000,0.000,0.000]
[fsm_node-3] [32m -- [Fsm] ReplanOnce succeed.[0m
[fsm_node-3] [INFO] [1789476988.047882352] [fsm_node]:  -- [OPTIMIZER_PHASE_MEMORY] optimizer=exp event=begin call=365 rss_mib=3207.922 swap_mib=0.000 variables=5 pieces=2
[fsm_node-3] [INFO] [1789476988.048954805] [fsm_node]:  -- [OPTIMIZER_PHASE_MEMORY] optimizer=exp event=end call=365 duration_ms=1.133 iterations=199 ret=1 rss_mib=3207.922 swap_mib=0.000 rss_delta_mib=0.000
[fsm_node-3] [INFO] [1789476988.108224659] [fsm_node]:  -- [TRAJ_GUARD_COMMIT] phase=ReplanOnce/no_backup gen=139 map=268 samples=208 range=[0.077,1.105] escape=false footprint_egress=false escape_done_tt=-1.000
[fsm_node-3]  -- [TRAJ_GUARD_CERT] trigger=poly_publish status=SAFE gen=138 map=267 map_age=0.164s map_age_limit=0.550s motion_speed=0.802mps samples=221 range=[0.075,1.174] collision_tt=-1.000 ttc=-1.000 p=[0.000,0.000,0.000]
[fsm_node-3]  -- [TRAJ_GUARD_CERT] trigger=main_pre status=SAFE gen=138 map=268 map_age=0.009s map_age_limit=0.550s motion_speed=1.396mps samples=212 range=[0.121,1.174] collision_tt=-1.000 ttc=-1.000 p=[0.000,0.000,0.000]
[fsm_node-3] [32m -- [Fsm] ReplanOnce succeed.[0m
[fsm_node-3] [INFO] [1789476988.125964482] [fsm_node]:  -- [OPTIMIZER_PHASE_MEMORY] optimizer=exp event=begin call=366 rss_mib=3207.922 swap_mib=0.000 variables=5 pieces=2
[fsm_node-3] [INFO] [1789476988.127232677] [fsm_node]:  -- [OPTIMIZER_PHASE_MEMORY] optimizer=exp event=end call=366 duration_ms=1.322 iterations=234 ret=1 rss_mib=3207.926 swap_mib=0.000 rss_delta_mib=0.004
[perfect_drone_frontend_node-2] [INFO] [1789476988.137850216] [perfect_tracking]: [SENSOR_CADENCE_SUMMARY] frames=550 span_s=54.902857 hz=9.999480 raw_published=0 direct_handoffs=550 payload_bytes=474420320 side_entry_v1_enabled=0 side_entry_v1_spawned=0 side_entry_v1_injected_frames=0
[perfect_drone_frontend_node-2] [INFO] [1789476988.137901943] [perfect_tracking]: [SENSOR_BURST_DROPOUT_SUMMARY] enabled=0 warmup_s=1.000000 period_s=2.000000 duration_s=0.500000 phase_s=0.000000 phase_env_override=0 rendered=550 delivered=550 dropped=0 bursts=0 max_consecutive_dropped=0 max_delivered_gap_s=0.113815 dropped_payload_bytes=0
[fsm_node-3] [INFO] [1789476988.180578494] [fsm_node]:  -- [TRAJ_GUARD_COMMIT] phase=ReplanOnce/no_backup gen=140 map=268 samples=193 range=[0.072,1.025] escape=false footprint_egress=false escape_done_tt=-1.000
[fsm_node-3]  -- [TRAJ_GUARD_CERT] trigger=poly_publish status=SAFE gen=139 map=268 map_age=0.041s map_age_limit=0.550s motion_speed=2.061mps samples=207 range=[0.077,1.105] collision_tt=-1.000 ttc=-1.000 p=[0.000,0.000,0.000]
[fsm_node-3] [32m -- [Fsm] ReplanOnce succeed.[0m
[fsm_node-3] [INFO] [1789476988.195320125] [fsm_node]:  -- [OPTIMIZER_PHASE_MEMORY] optimizer=exp event=begin call=367 rss_mib=3207.926 swap_mib=0.000 variables=5 pieces=2
[fsm_node-3] [INFO] [1789476988.196007138] [fsm_node]:  -- [OPTIMIZER_PHASE_MEMORY] optimizer=exp event=end call=367 duration_ms=0.722 iterations=121 ret=1 rss_mib=3207.926 swap_mib=0.000 rss_delta_mib=0.000
[fsm_node-3] [INFO] [1789476988.246085149] [fsm_node]:  -- [TRAJ_GUARD_COMMIT] phase=ReplanOnce/no_backup gen=141 map=268 samples=180 range=[0.065,0.950] escape=false footprint_egress=false escape_done_tt=-1.000
[fsm_node-3]  -- [TRAJ_GUARD_CERT] trigger=poly_publish status=SAFE gen=140 map=268 map_age=0.114s map_age_limit=0.512s motion_speed=3.254mps samples=192 range=[0.072,1.025] collision_tt=-1.000 ttc=-1.000 p=[0.000,0.000,0.000]
[fsm_node-3] [32m -- [Fsm] ReplanOnce succeed.[0m
[fsm_node-3] [INFO] [1789476988.264036060] [fsm_node]:  -- [OPTIMIZER_PHASE_MEMORY] optimizer=exp event=begin call=368 rss_mib=3207.926 swap_mib=0.000 variables=5 pieces=2
[fsm_node-3] [INFO] [1789476988.264932794] [fsm_node]:  -- [OPTIMIZER_PHASE_MEMORY] optimizer=exp event=end call=368 duration_ms=0.952 iterations=166 ret=1 rss_mib=3207.926 swap_mib=0.000 rss_delta_mib=0.000
[fsm_node-3] [INFO] [1789476988.308201785] [fsm_node]:  -- [TRAJ_GUARD_COMMIT] phase=ReplanOnce/no_backup gen=142 map=269 samples=167 range=[0.061,0.884] escape=false footprint_egress=false escape_done_tt=-1.000
[fsm_node-3]  -- [TRAJ_GUARD_CERT] trigger=poly_publish status=SAFE gen=141 map=268 map_age=0.179s map_age_limit=0.500s motion_speed=4.200mps samples=179 range=[0.065,0.950] collision_tt=-1.000 ttc=-1.000 p=[0.000,0.000,0.000]
[fsm_node-3]  -- [TRAJ_GUARD_CERT] trigger=main_pre status=SAFE gen=141 map=269 map_age=0.006s map_age_limit=0.500s motion_speed=4.347mps samples=176 range=[0.076,0.950] collision_tt=-1.000 ttc=-1.000 p=[0.000,0.000,0.000]
[fsm_node-3] [32m -- [Fsm] ReplanOnce succeed.[0m
[fsm_node-3] [INFO] [1789476988.323969856] [fsm_node]:  -- [OPTIMIZER_PHASE_MEMORY] optimizer=exp event=begin call=369 rss_mib=3207.930 swap_mib=0.000 variables=1 pieces=1
[fsm_node-3] [INFO] [1789476988.324185953] [fsm_node]:  -- [OPTIMIZER_PHASE_MEMORY] optimizer=exp event=end call=369 duration_ms=0.256 iterations=69 ret=1 rss_mib=3207.930 swap_mib=0.000 rss_delta_mib=0.000
[fsm_node-3] [INFO] [1789476988.361372123] [fsm_node]:  -- [TRAJ_GUARD_COMMIT] phase=ReplanOnce/no_backup gen=143 map=269 samples=157 range=[0.049,0.821] escape=false footprint_egress=false escape_done_tt=-1.000
[fsm_node-3]  -- [TRAJ_GUARD_CERT] trigger=poly_publish status=SAFE gen=142 map=269 map_age=0.057s map_age_limit=0.500s motion_speed=5.180mps samples=166 range=[0.062,0.884] collision_tt=-1.000 ttc=-1.000 p=[0.000,0.000,0.000]
[fsm_node-3] [32m -- [Fsm] ReplanOnce succeed.[0m
[fsm_node-3] [INFO] [1789476988.408670985] [fsm_node]:  -- [TRAJ_GUARD_COMMIT] phase=ReplanOnce/no_backup gen=144 map=269 samples=148 range=[0.096,0.821] escape=false footprint_egress=false escape_done_tt=-1.000
[fsm_node-3]  -- [TRAJ_GUARD_CERT] trigger=poly_publish status=SAFE gen=143 map=269 map_age=0.110s map_age_limit=0.500s motion_speed=5.786mps samples=156 range=[0.049,0.821] collision_tt=-1.000 ttc=-1.000 p=[0.000,0.000,0.000]
[fsm_node-3] [32m -- [Fsm] ReplanOnce succeed.[0m
[fsm_node-3] [INFO] [1789476988.468327231] [fsm_node]:  -- [TRAJ_GUARD_COMMIT] phase=ReplanOnce/no_backup gen=145 map=270 samples=136 range=[0.156,0.821] escape=false footprint_egress=false escape_done_tt=-1.000
[fsm_node-3]  -- [TRAJ_GUARD_CERT] trigger=poly_publish status=SAFE gen=144 map=269 map_age=0.158s map_age_limit=0.500s motion_speed=6.286mps samples=146 range=[0.096,0.821] collision_tt=-1.000 ttc=-1.000 p=[0.000,0.000,0.000]
[fsm_node-3]  -- [TRAJ_GUARD_CERT] trigger=main_pre status=SAFE gen=144 map=270 map_age=0.011s map_age_limit=0.500s motion_speed=6.597mps samples=137 range=[0.144,0.821] collision_tt=-1.000 ttc=-1.000 p=[0.000,0.000,0.000]
[fsm_node-3] [32m -- [Fsm] ReplanOnce succeed.[0m
[fsm_node-3] [WARN] [1789476988.532121126] [fsm_node]:  -- [TRAJ_GUARD_VIABILITY_SLOWDOWN] phase=ReplanOnce/no_backup gen=146 scale=1.250 retries=1
[fsm_node-3] [INFO] [1789476988.532174117] [fsm_node]:  -- [TRAJ_GUARD_COMMIT] phase=ReplanOnce/no_backup gen=146 map=270 samples=164 range=[0.219,1.026] escape=false footprint_egress=false escape_done_tt=-1.000
[fsm_node-3]  -- [TRAJ_GUARD_CERT] trigger=poly_publish status=SAFE gen=145 map=270 map_age=0.023s map_age_limit=0.500s motion_speed=6.716mps samples=135 range=[0.156,0.821] collision_tt=-1.000 ttc=-1.000 p=[0.000,0.000,0.000]
[fsm_node-3] [32m -- [Fsm] ReplanOnce succeed.[0m
[fsm_node-3] [INFO] [1789476988.598184842] [fsm_node]:  -- [TRAJ_GUARD_COMMIT] phase=ReplanOnce/no_backup gen=147 map=270 samples=110 range=[0.285,0.821] escape=false footprint_egress=false escape_done_tt=-1.000
[fsm_node-3]  -- [TRAJ_GUARD_CERT] trigger=poly_publish status=SAFE gen=146 map=270 map_age=0.087s map_age_limit=0.500s motion_speed=6.905mps samples=163 range=[0.220,1.026] collision_tt=-1.000 ttc=-1.000 p=[0.000,0.000,0.000]
[fsm_node-3] [32m -- [Fsm] ReplanOnce succeed.[0m
[fsm_node-3] [INFO] [1789476988.649135932] [fsm_node]:  -- [TRAJ_GUARD_COMMIT] phase=ReplanOnce/no_backup gen=148 map=271 samples=99 range=[0.336,0.821] escape=false footprint_egress=false escape_done_tt=-1.000
[fsm_node-3]  -- [TRAJ_GUARD_CERT] trigger=poly_publish status=SAFE gen=147 map=270 map_age=0.153s map_age_limit=0.500s motion_speed=5.527mps samples=109 range=[0.286,0.821] collision_tt=-1.000 ttc=-1.000 p=[0.000,0.000,0.000]
[fsm_node-3]  -- [TRAJ_GUARD_CERT] trigger=main_pre status=SAFE gen=147 map=271 map_age=0.002s map_age_limit=0.500s motion_speed=6.451mps samples=99 range=[0.334,0.821] collision_tt=-1.000 ttc=-1.000 p=[0.000,0.000,0.000]
[fsm_node-3] [32m -- [Fsm] ReplanOnce succeed.[0m
[fsm_node-3] [INFO] [1789476988.712909655] [fsm_node]:  -- [TRAJ_GUARD_COMMIT] phase=ReplanOnce/no_backup gen=149 map=271 samples=87 range=[0.400,0.821] escape=false footprint_egress=false escape_done_tt=-1.000
[fsm_node-3]  -- [TRAJ_GUARD_CERT] trigger=poly_publish status=SAFE gen=148 map=271 map_age=0.005s map_age_limit=0.500s motion_speed=6.451mps samples=98 range=[0.337,0.821] collision_tt=-1.000 ttc=-1.000 p=[0.000,0.000,0.000]
[fsm_node-3] [32m -- [Fsm] ReplanOnce succeed.[0m
[fsm_node-3] [INFO] [1789476988.779163128] [fsm_node]:  -- [TRAJ_GUARD_COMMIT] phase=ReplanOnce/no_backup gen=150 map=271 samples=73 range=[0.466,0.821] escape=false footprint_egress=false escape_done_tt=-1.000
[fsm_node-3]  -- [TRAJ_GUARD_CERT] trigger=poly_publish status=SAFE gen=149 map=271 map_age=0.068s map_age_limit=0.500s motion_speed=5.590mps samples=86 range=[0.400,0.821] collision_tt=-1.000 ttc=-1.000 p=[0.000,0.000,0.000]
[fsm_node-3] [32m -- [Fsm] ReplanOnce succeed.[0m
[fsm_node-3] [WARN] [1789476988.841719047] [fsm_node]:  -- [TRAJ_GUARD_VIABILITY_SLOWDOWN] phase=ReplanOnce/no_backup gen=151 scale=1.250 retries=1
[fsm_node-3] [INFO] [1789476988.841774856] [fsm_node]:  -- [TRAJ_GUARD_COMMIT] phase=ReplanOnce/no_backup gen=151 map=271 samples=102 range=[0.529,1.026] escape=false footprint_egress=false escape_done_tt=-1.000
[fsm_node-3]  -- [TRAJ_GUARD_CERT] trigger=poly_publish status=SAFE gen=150 map=271 map_age=0.135s map_age_limit=0.500s motion_speed=4.370mps samples=72 range=[0.467,0.821] collision_tt=-1.000 ttc=-1.000 p=[0.000,0.000,0.000]
[fsm_node-3] [32m -- [Fsm] ReplanOnce succeed.[0m
[fsm_node-3] [INFO] [1789476988.909376224] [fsm_node]:  -- [TRAJ_GUARD_COMMIT] phase=ReplanOnce/no_backup gen=152 map=272 samples=47 range=[0.597,0.821] escape=false footprint_egress=false escape_done_tt=-1.000
[fsm_node-3]  -- [TRAJ_GUARD_CERT] trigger=poly_publish status=SAFE gen=151 map=271 map_age=0.197s map_age_limit=0.516s motion_speed=3.181mps samples=101 range=[0.529,1.026] collision_tt=-1.000 ttc=-1.000 p=[0.000,0.000,0.000]
[fsm_node-3]  -- [TRAJ_GUARD_CERT] trigger=main_pre status=SAFE gen=151 map=272 map_age=0.002s map_age_limit=0.500s motion_speed=4.039mps samples=98 range=[0.544,1.026] collision_tt=-1.000 ttc=-1.000 p=[0.000,0.000,0.000]
[fsm_node-3] [32m -- [Fsm] ReplanOnce succeed.[0m
[fsm_node-3]  -- [TRAJ_GUARD_CERT] trigger=poly_publish status=SAFE gen=152 map=272 map_age=0.055s map_age_limit=0.509s motion_speed=3.323mps samples=46 range=[0.597,0.821] collision_tt=-1.000 ttc=-1.000 p=[0.000,0.000,0.000]
[fsm_node-3] [32m -- [Fsm 53.799] Current state: FOLLOW_TRAJ[0m
[fsm_node-3] [INFO] [1789476988.973983188] [fsm_node]:  -- [TRAJ_GUARD_COMMIT] phase=ReplanOnce/no_backup gen=153 map=272 samples=34 range=[0.661,0.821] escape=false footprint_egress=false escape_done_tt=-1.000
[fsm_node-3] [32m -- [Fsm] ReplanOnce succeed.[0m
[fsm_node-3] [INFO] [1789476989.038682973] [fsm_node]:  -- [TRAJ_GUARD_COMMIT] phase=ReplanOnce/no_backup gen=154 map=272 samples=22 range=[0.726,0.821] escape=false footprint_egress=false escape_done_tt=-1.000
[fsm_node-3]  -- [TRAJ_GUARD_CERT] trigger=poly_publish status=SAFE gen=153 map=272 map_age=0.120s map_age_limit=0.550s motion_speed=0.899mps samples=33 range=[0.662,0.821] collision_tt=-1.000 ttc=-1.000 p=[0.000,0.000,0.000]
[fsm_node-3] [32m -- [Fsm] ReplanOnce succeed.[0m
