sample,header_ns,receipt_ns,elapsed_s,phase,x,y,z,vx,vy,vz,clearance_m
1,1791274188914108234,20121848017277,3.941485293998994,warmup,8.6753022,18.9734347,2.685578,0.0,0.0,0.0,0.2498906144918635
2,1791274188924164969,20121857702126,3.9511701429983077,warmup,8.6753022,18.9734347,2.685578,0.0,0.0,0.0,0.2498906144918635
3,1791274188934131087,20121867346969,3.9608149859996047,warmup,8.6753022,18.9734347,2.685578,0.0,0.0,0.0,0.2498906144918635
4,1791274188944266225,20121877589568,3.9710575850003806,warmup,8.6753022,18.9734347,2.685578,0.0,0.0,0.0,0.2498906144918635
5,1791274188954262471,20121887573799,3.9810418159977417,warmup,8.6753022,18.9734347,2.685578,0.0,0.0,0.0,0.2498906144918635
6,1791274188964321550,20121897893428,3.9913614449978922,warmup,8.6753022,18.9734347,2.685578,0.0,0.0,0.0,0.2498906144918635
7,1791274188974343734,20121908119844,4.00158786099928,warmup,8.6753022,18.9734347,2.685578,0.0,0.0,0.0,0.2498906144918635
8,1791274188984152717,20121917854180,4.0113221969986625,primary_goal,8.6753022,18.9734347,2.685578,0.0,0.0,0.0,0.2498906144918635
9,1791274188994331410,20121928235636,4.021703653001168,primary_goal,8.6753022,18.9734347,2.685578,0.0,0.0,0.0,0.2498906144918635
10,1791274189004325872,20121938320480,4.03178849699907,primary_goal,8.6753022,18.9734347,2.685578,0.0,0.0,0.0,0.2498906144918635
11,1791274189014276549,20121947833480,4.0413014969999494,primary_goal,8.6753022,18.9734347,2.685578,0.0,0.0,0.0,0.2498906144918635
12,1791274189024240346,20121957489800,4.050957816998562,primary_goal,8.6753022,18.9734347,2.685578,0.0,0.0,0.0,0.2498906144918635
13,1791274189034201528,20121967381920,4.060849936999148,primary_goal,8.6753022,18.9734347,2.685578,0.0,0.0,0.0,0.2498906144918635
14,1791274189044190894,20121977459239,4.070927255997958,primary_goal,8.6753022,18.9734347,2.685578,0.0,0.0,0.0,0.2498906144918635
15,1791274189054224475,20121987331569,4.080799585997738,primary_goal,8.6753022,18.9734347,2.685578,0.0,0.0,0.0,0.2498906144918635
16,1791274189064220819,20121997269875,4.0907378919982875,primary_goal,8.6753022,18.9734347,2.685578,0.0,0.0,0.0,0.2498906144918635
17,1791274189074245920,20122007737718,4.101205734998075,primary_goal,8.6753022,18.9734347,2.685578,0.0,0.0,0.0,0.2498906144918635
18,1791274189084282385,20122018350961,4.111818977999064,primary_goal,8.6753022,18.9734347,2.685578,0.0,0.0,0.0,0.2498906144918635
19,1791274189094304122,20122028465727,4.121933743997943,primary_goal,8.6753022,18.9734347,2.685578,0.0,0.0,0.0,0.2498906144918635
20,1791274189104301121,20122038410591,4.131878608000989,primary_goal,8.6753022,18.9734347,2.685578,0.0,0.0,0.0,0.2498906144918635
21,1791274189114292796,20122048204294,4.141672310997819,primary_goal,8.6753022,18.9734347,2.685578,0.0,0.0,0.0,0.2498906144918635
22,1791274189124158559,20122057514907,4.1509829239985265,primary_goal,8.6753022,18.9734347,2.685578,0.0,0.0,0.0,0.2498906144918635
23,1791274189134163546,20122067505313,4.160973329999251,primary_goal,8.6753022,18.9734347,2.685578,0.0,0.0,0.0,0.2498906144918635
24,1791274189144195686,20122077544010,4.171012026999961,primary_goal,8.6753022,18.9734347,2.685578,0.0,0.0,0.0,0.2498906144918635
25,1791274189154158673,20122087560668,4.181028684997727,primary_goal,8.6753022,18.9734347,2.685578,0.0,0.0,0.0,0.2498906144918635
26,1791274189164176272,20122097827991,4.191296008000791,primary_goal,8.6753022,18.9734347,2.685578,0.0,0.0,0.0,0.2498906144918635
27,1791274189174281499,20122108089142,4.201557158998185,primary_goal,8.6753022,18.9734347,2.685578,0.0,0.0,0.0,0.2498906144918635
28,1791274189184308920,20122118649138,4.21211715499885,primary_goal,8.6753022,18.9734347,2.685578,0.0,0.0,0.0,0.2498906144918635
29,1791274189194226901,20122127861419,4.221329436000815,primary_goal,8.6753022,18.9734347,2.685578,0.0,0.0,0.0,0.2498906144918635
30,1791274189204321603,20122138339594,4.231807610998658,primary_goal,8.6753022,18.9734347,2.685578,0.0,0.0,0.0,0.2498906144918635
31,1791274189214280436,20122148200982,4.241668998998648,primary_goal,8.6753022,18.9734347,2.685578,0.0,0.0,0.0,0.2498906144918635
32,1791274189224148572,20122157519172,4.250987188999716,primary_goal,8.6753022,18.9734347,2.685578,0.0,0.0,0.0,0.2498906144918635
33,1791274189234172710,20122167461540,4.260929557000054,primary_goal,8.6753022,18.9734347,2.685578,0.0,0.0,0.0,0.2498906144918635
34,1791274189244212902,20122177490016,4.2709580330010795,primary_goal,8.6753022,18.9734347,2.685578,0.0,0.0,0.0,0.2498906144918635
35,1791274189254192254,20122187529703,4.280997719997686,primary_goal,8.6753022,18.9734347,2.685578,0.0,0.0,0.0,0.2498906144918635
36,1791274189264271916,20122197873263,4.291341280000779,primary_goal,8.6753022,18.9734347,2.685578,0.0,0.0,0.0,0.2498906144918635
37,1791274189274200321,20122207835895,4.30130391199782,primary_goal,8.6753022,18.9734347,2.685578,0.0,0.0,0.0,0.2498906144918635
38,1791274189284232371,20122217955813,4.311423830000422,primary_goal,8.6753022,18.9734347,2.685578,0.0,0.0,0.0,0.2498906144918635
39,1791274189294290683,20122228685181,4.322153197997977,primary_goal,8.6753022,18.9734347,2.685578,0.0,0.0,0.0,0.2498906144918635
40,1791274189304227341,20122238219627,4.33168764400034,primary_goal,8.6753022,18.9734347,2.685578,0.0,0.0,0.0,0.2498906144918635
41,1791274189314182868,20122247928062,4.341396078998514,primary_goal,8.6753022,18.9734347,2.685578,0.0,0.0,0.0,0.2498906144918635
42,1791274189324126855,20122257447394,4.350915410999733,primary_goal,8.6753022,18.9734347,2.685578,0.0,0.0,0.0,0.2498906144918635
43,1791274189334164384,20122267478766,4.360946782999235,primary_goal,8.6753022,18.9734347,2.685578,0.0,0.0,0.0,0.2498906144918635
44,1791274189344151454,20122277548556,4.371016573000816,primary_goal,8.6753022,18.9734347,2.685578,0.0,0.0,0.0,0.2498906144918635
45,1791274189354194738,20122287991029,4.381459045998781,primary_goal,8.6753022,18.9734347,2.685578,0.0,0.0,0.0,0.2498906144918635
46,1791274189364156933,20122297871299,4.391339316000085,primary_goal,8.6753022,18.9734347,2.685578,0.0,0.0,0.0,0.2498906144918635
47,1791274189374100303,20122307837267,4.4013052839982265,primary_goal,8.6753022,18.9734347,2.685578,0.0,0.0,0.0,0.2498906144918635
48,1791274189384182185,20122318385300,4.41185331700035,primary_goal,8.6753022,18.9734347,2.685578,0.0,0.0,0.0,0.2498906144918635
49,1791274189394229412,20122327845715,4.421313732000272,primary_goal,8.6753022,18.9734347,2.685578,0.0,0.0,0.0,0.2498906144918635
50,1791274189404204335,20122338045477,4.431513494000683,primary_goal,8.6753022,18.9734347,2.685578,0.0,0.0,0.0,0.2498906144918635
51,1791274189414167665,20122348091678,4.441559694998432,primary_goal,8.6753022,18.9734347,2.685578,0.0,0.0,0.0,0.2498906144918635
52,1791274189424116103,20122357510032,4.450978049000696,primary_goal,8.6753022,18.9734347,2.685578,0.0,0.0,0.0,0.2498906144918635
53,1791274189434120859,20122367644792,4.461112809000042,primary_goal,8.6753022,18.9734347,2.685578,0.0,0.0,0.0,0.2498906144918635
54,1791274189444116356,20122377851130,4.471319147000031,primary_goal,8.6753022,18.9734347,2.685578,0.0,0.0,0.0,0.2498906144918635
55,1791274189454152705,20122387964266,4.481432282998867,primary_goal,8.6753022,18.9734347,2.685578,0.0,0.0,0.0,0.2498906144918635
56,1791274189464173728,20122398160586,4.491628602998389,primary_goal,8.6753022,18.9734347,2.685578,0.0,0.0,0.0,0.2498906144918635
57,1791274189474139772,20122407913300,4.501381317000778,primary_goal,8.6753022,18.9734347,2.685578,0.0,0.0,0.0,0.2498906144918635
58,1791274189484015197,20122417937953,4.511405969999032,primary_goal,8.6753022,18.9734347,2.685578,0.0,0.0,0.0,0.2498906144918635
59,1791274189494159290,20122427796121,4.521264137998514,primary_goal,8.6753022,18.9734347,2.685578,0.0,0.0,0.0,0.2498906144918635
60,1791274189504065232,20122437829770,4.531297786998039,primary_goal,8.6753022,18.9734347,2.685578,0.0,0.0,0.0,0.2498906144918635
61,1791274189514089220,20122448073903,4.541541919999872,primary_goal,8.6753022,18.9734347,2.685578,0.0,0.0,0.0,0.2498906144918635
62,1791274189524094288,20122458014385,4.5514824019992375,primary_goal,8.6753022,18.9734347,2.685578,0.0,0.0,0.0,0.2498906144918635
63,1791274189534075201,20122467819488,4.5612875049992,primary_goal,8.6753022,18.9734347,2.685578,0.0,0.0,0.0,0.2498906144918635
64,1791274189544053462,20122477541110,4.571009127001162,primary_goal,8.6753022,18.9734347,2.685578,0.0,0.0,0.0,0.2498906144918635
65,1791274189554022086,20122487412095,4.580880112000159,primary_goal,8.6753022,18.9734347,2.685578,0.0,0.0,0.0,0.2498906144918635
66,1791274189564026469,20122497413535,4.590881551997882,primary_goal,8.6753022,18.9734347,2.685578,0.0,0.0,0.0,0.2498906144918635
67,1791274189574093944,20122507351558,4.60081957500006,primary_goal,8.6753022,18.9734347,2.685578,0.0,0.0,0.0,0.2498906144918635
68,1791274189584110235,20122517502690,4.610970706999069,primary_goal,8.6753022,18.9734347,2.685578,0.0,0.0,0.0,0.2498906144918635
69,1791274189594136473,20122527785958,4.621253974997671,primary_goal,8.6753022,18.9734347,2.685578,0.0,0.0,0.0,0.2498906144918635
70,1791274189604118762,20122537445419,4.630913435998082,primary_goal,8.6753022,18.9734347,2.685578,0.0,0.0,0.0,0.2498906144918635
71,1791274189614068809,20122547901869,4.641369885997847,primary_goal,8.6753022,18.9734347,2.685578,0.0,0.0,0.0,0.2498906144918635
72,1791274189624077045,20122557302733,4.650770749998628,primary_goal,8.6753022,18.9734347,2.685578,0.0,0.0,0.0,0.2498906144918635
73,1791274189634110442,20122567605371,4.661073388000659,primary_goal,8.6753022,18.9734347,2.685578,0.0,0.0,0.0,0.2498906144918635
74,1791274189644105654,20122577572093,4.671040109999012,primary_goal,8.6753022,18.9734347,2.685578,0.0,0.0,0.0,0.2498906144918635
75,1791274189654102754,20122587668435,4.681136451999919,primary_goal,8.6753022,18.9734347,2.685578,0.0,0.0,0.0,0.2498906144918635
76,1791274189664114724,20122598026025,4.691494041999249,primary_goal,8.6753022,18.9734347,2.685578,0.0,0.0,0.0,0.2498906144918635
77,1791274189674033821,20122607619855,4.701087871999334,primary_goal,8.6753022,18.9734347,2.685578,0.0,0.0,0.0,0.2498906144918635
78,1791274189684139375,20122617618601,4.711086618000991,primary_goal,8.6753022,18.9734347,2.685578,0.0,0.0,0.0,0.2498906144918635
79,1791274189694118251,20122627755985,4.721224001998053,primary_goal,8.6753022,18.9734347,2.685578,0.0,0.0,0.0,0.2498906144918635
80,1791274189704111245,20122637788629,4.731256645998656,primary_goal,8.6753022,18.9734347,2.685578,0.0,0.0,0.0,0.2498906144918635
81,1791274189714083022,20122647860752,4.741328768999665,primary_goal,8.6753022,18.9734347,2.685578,0.0,0.0,0.0,0.2498906144918635
82,1791274189724080640,20122657511206,4.750979223001195,primary_goal,8.6753022,18.9734347,2.685578,0.0,0.0,0.0,0.2498906144918635
83,1791274189734099452,20122667507682,4.760975698998664,primary_goal,8.6753022,18.9734347,2.685578,0.0,0.0,0.0,0.2498906144918635
84,1791274189744085645,20122677405103,4.770873120000033,primary_goal,8.6753022,18.9734347,2.685578,0.0,0.0,0.0,0.2498906144918635
85,1791274189754056420,20122687386106,4.7808541230006085,primary_goal,8.6753022,18.9734347,2.685578,0.0,0.0,0.0,0.2498906144918635
86,1791274189764021659,20122697575381,4.791043397999601,primary_goal,8.6753022,18.9734347,2.685578,0.0,0.0,0.0,0.2498906144918635
87,1791274189774034572,20122707843815,4.801311831997737,primary_goal,8.6753022,18.9734347,2.685578,0.0,0.0,0.0,0.2498906144918635
88,1791274189784089800,20122717743668,4.811211684998852,primary_goal,8.6753022,18.9734347,2.685578,0.0,0.0,0.0,0.2498906144918635
89,1791274189794111423,20122727736114,4.821204130999831,primary_goal,8.6753022,18.9734347,2.685578,0.0,0.0,0.0,0.2498906144918635
90,1791274189804003075,20122738369475,4.831837491998158,primary_goal,8.6753022,18.9734347,2.685578,0.0,0.0,0.0,0.2498906144918635
91,1791274189814111762,20122747912600,4.841380616999231,primary_goal,8.6753022,18.9734347,2.685578,0.0,0.0,0.0,0.2498906144918635
92,1791274189824038072,20122757406897,4.850874913998268,primary_goal,8.6753022,18.9734347,2.685578,0.0,0.0,0.0,0.2498906144918635
93,1791274189834072434,20122767444596,4.8609126129995275,primary_goal,8.6753022,18.9734347,2.685578,0.0,0.0,0.0,0.2498906144918635
94,1791274189844046599,20122777363715,4.870831731997896,primary_goal,8.6753022,18.9734347,2.685578,0.0,0.0,0.0,0.2498906144918635
95,1791274189853984001,20122787505866,4.88097388299866,primary_goal,8.6753022,18.9734347,2.685578,0.0,0.0,0.0,0.2498906144918635
96,1791274189864018776,20122797796906,4.891264923000563,primary_goal,8.6753022,18.9734347,2.685578,0.0,0.0,0.0,0.2498906144918635
97,1791274189874022683,20122807810038,4.901278055000148,primary_goal,8.6753022,18.9734347,2.685578,0.0,0.0,0.0,0.2498906144918635
98,1791274189884049599,20122817876211,4.911344227999507,primary_goal,8.6753022,18.9734347,2.685578,0.0,0.0,0.0,0.2498906144918635
99,1791274189894113551,20122827790584,4.921258600999863,primary_goal,8.6753022,18.9734347,2.685578,0.0,0.0,0.0,0.2498906144918635
100,1791274189904122398,20122838411906,4.9318799229986325,primary_goal,8.6753022,18.9734347,2.685578,0.0,0.0,0.0,0.2498906144918635
101,1791274189914009538,20122848047280,4.941515296999569,primary_goal,8.6753022,18.9734347,2.685578,0.0,0.0,0.0,0.2498906144918635
102,1791274189924029324,20122857268632,4.950736648999737,primary_goal,8.6753022,18.9734347,2.685578,0.0,0.0,0.0,0.2498906144918635
103,1791274189934028688,20122867203073,4.960671090000687,primary_goal,8.6753022,18.9734347,2.685578,0.0,0.0,0.0,0.2498906144918635
104,1791274189944025562,20122877234362,4.970702378999704,primary_goal,8.6753022,18.9734347,2.685578,0.0,0.0,0.0,0.2498906144918635
105,1791274189953916954,20122887116890,4.980584906999866,primary_goal,8.6753022,18.9734347,2.685578,0.0,0.0,0.0,0.2498906144918635
106,1791274189963930787,20122897149857,4.990617873998417,primary_goal,8.6753022,18.9734347,2.685578,0.0,0.0,0.0,0.2498906144918635
107,1791274189973943181,20122907112394,5.000580411000556,primary_goal,8.6753022,18.9734347,2.685578,0.0,0.0,0.0,0.2498906144918635
108,1791274189983947239,20122917591733,5.011059749998822,primary_goal,8.6753022,18.9734347,2.685578,0.0,0.0,0.0,0.2498906144918635
109,1791274189993957184,20122927484939,5.020952955997927,primary_goal,8.6753022,18.9734347,2.685578,0.0,0.0,0.0,0.2498906144918635
110,1791274190003953908,20122937949013,5.031417030000739,primary_goal,8.6753022,18.9734347,2.685578,0.0,0.0,0.0,0.2498906144918635
111,1791274190014071413,20122947921365,5.041389382000489,primary_goal,8.6753022,18.9734347,2.685578,0.0,0.0,0.0,0.2498906144918635
112,1791274190024023005,20122957331242,5.050799258999177,primary_goal,8.6753022,18.9734347,2.685578,0.0,0.0,0.0,0.2498906144918635
113,1791274190033943243,20122967549751,5.061017767999147,primary_goal,8.6753022,18.9734347,2.685578,0.0,0.0,0.0,0.2498906144918635
114,1791274190044006821,20122977279031,5.070747048001067,primary_goal,8.6753022,18.9734347,2.685578,0.0,0.0,0.0,0.2498906144918635
115,1791274190053958268,20122987284229,5.080752245998156,primary_goal,8.6753022,18.9734347,2.685578,0.0,0.0,0.0,0.2498906144918635
116,1791274190063966231,20122997579537,5.091047554000397,primary_goal,8.6753022,18.9734347,2.685578,0.0,0.0,0.0,0.2498906144918635
117,1791274190073962913,20123007561834,5.101029851000931,primary_goal,8.6753022,18.9734347,2.685578,0.0,0.0,0.0,0.2498906144918635
118,1791274190084005106,20123017978958,5.111446974999126,primary_goal,8.6753022,18.9734347,2.685578,0.0,0.0,0.0,0.2498906144918635
119,1791274190094078589,20123028023753,5.1214917699981015,primary_goal,8.6753022,18.9734347,2.685578,0.0,0.0,0.0,0.2498906144918635
120,1791274190104064427,20123037718277,5.131186293998326,primary_goal,8.6753022,18.9734347,2.685578,0.0,0.0,0.0,0.2498906144918635
121,1791274190113926871,20123047530339,5.140998356000637,primary_goal,8.6753022,18.9734347,2.685578,0.0,0.0,0.0,0.2498906144918635
122,1791274190123927131,20123057116690,5.150584707000235,primary_goal,8.6753022,18.9734347,2.685578,0.0,0.0,0.0,0.2498906144918635
123,1791274190134020559,20123067178130,5.1606461470000795,primary_goal,8.6753022,18.9734347,2.685578,0.0,0.0,0.0,0.2498906144918635
124,1791274190143998023,20123077131543,5.170599559998664,primary_goal,8.6753022,18.9734347,2.685578,0.0,0.0,0.0,0.2498906144918635
125,1791274190154003371,20123087269645,5.180737661998137,primary_goal,8.6753022,18.9734347,2.685578,0.0,0.0,0.0,0.2498906144918635
126,1791274190163968151,20123097683217,5.191151234001154,primary_goal,8.6753022,18.9734347,2.685578,0.0,0.0,0.0,0.2498906144918635
127,1791274190173944508,20123107483438,5.200951455000904,primary_goal,8.6753022,18.9734347,2.685578,0.0,0.0,0.0,0.2498906144918635
128,1791274190184031172,20123117633278,5.211101295000844,primary_goal,8.6753022,18.9734347,2.685578,0.0,0.0,0.0,0.2498906144918635
129,1791274190194055467,20123127962141,5.221430157998839,primary_goal,8.6753022,18.9734347,2.685578,0.0,0.0,0.0,0.2498906144918635
130,1791274190204027643,20123137599581,5.231067598000664,primary_goal,8.6753022,18.9734347,2.685578,0.0,0.0,0.0,0.2498906144918635
131,1791274190214017345,20123147703250,5.241171267000027,primary_goal,8.6753022,18.9734347,2.685578,0.0,0.0,0.0,0.2498906144918635
132,1791274190223907673,20123157252924,5.250720940999599,primary_goal,8.6753022,18.9734347,2.685578,0.0,0.0,0.0,0.2498906144918635
133,1791274190233969213,20123167305946,5.260773963000247,primary_goal,8.6753022,18.9734347,2.685578,0.0,0.0,0.0,0.2498906144918635
134,1791274190243953028,20123177235078,5.270703095000499,primary_goal,8.6753022,18.9734347,2.685578,0.0,0.0,0.0,0.2498906144918635
135,1791274190253983874,20123187311505,5.280779521999648,primary_goal,8.6753022,18.9734347,2.685578,0.0,0.0,0.0,0.2498906144918635
136,1791274190264037846,20123197586664,5.291054680998059,primary_goal,8.6753022,18.9734347,2.685578,0.0,0.0,0.0,0.2498906144918635
137,1791274190273970180,20123207674713,5.30114273000072,primary_goal,8.6753022,18.9734347,2.685578,0.0,0.0,0.0,0.2498906144918635
138,1791274190283922079,20123217515395,5.310983412000496,primary_goal,8.6753022,18.9734347,2.685578,0.0,0.0,0.0,0.2498906144918635
139,1791274190293943577,20123227776989,5.3212450059982075,primary_goal,8.6753022,18.9734347,2.685578,0.0,0.0,0.0,0.2498906144918635
140,1791274190303907921,20123237577862,5.331045879000158,primary_goal,8.6753022,18.9734347,2.685578,0.0,0.0,0.0,0.2498906144918635
141,1791274190313895166,20123247806171,5.341274187998351,primary_goal,8.6753022,18.9734347,2.685578,0.0,0.0,0.0,0.2498906144918635
142,1791274190323888106,20123257194576,5.35066259299856,primary_goal,8.6753022,18.9734347,2.685578,0.0,0.0,0.0,0.2498906144918635
143,1791274190333950697,20123267261418,5.360729435000394,primary_goal,8.6753022,18.9734347,2.685578,0.0,0.0,0.0,0.2498906144918635
144,1791274190343933301,20123277315050,5.370783066999138,primary_goal,8.6753022,18.9734347,2.685578,0.0,0.0,0.0,0.2498906144918635
145,1791274190353928232,20123287428739,5.380896755999856,primary_goal,8.6753022,18.9734347,2.685578,0.0,0.0,0.0,0.2498906144918635
146,1791274190363925748,20123297593137,5.391061153997725,primary_goal,8.6753022,18.9734347,2.685578,0.0,0.0,0.0,0.2498906144918635
147,1791274190373955913,20123307679509,5.401147525997658,primary_goal,8.6753022,18.9734347,2.685578,0.0,0.0,0.0,0.2498906144918635
148,1791274190383933632,20123317702087,5.411170103998302,primary_goal,8.6753022,18.9734347,2.685578,0.0,0.0,0.0,0.2498906144918635
149,1791274190393967554,20123327909367,5.421377383998333,primary_goal,8.6753022,18.9734347,2.685578,0.0,0.0,0.0,0.2498906144918635
150,1791274190404026212,20123338058528,5.431526544998633,primary_goal,8.6753022,18.9734347,2.685578,0.0,0.0,0.0,0.2498906144918635
151,1791274190413936729,20123347780532,5.441248548999283,primary_goal,8.6753022,18.9734347,2.685578,0.0,0.0,0.0,0.2498906144918635
152,1791274190423937252,20123357191810,5.450659826998162,primary_goal,8.6753022,18.9734347,2.685578,0.0,0.0,0.0,0.2498906144918635
153,1791274190433933479,20123367354640,5.460822656998062,primary_goal,8.6753022,18.9734347,2.685578,0.0,0.0,0.0,0.2498906144918635
154,1791274190443864680,20123377127696,5.470595712999057,primary_goal,8.6753022,18.9734347,2.685578,0.0,0.0,0.0,0.2498906144918635
155,1791274190453945061,20123387343312,5.480811328998243,primary_goal,8.6753022,18.9734347,2.685578,0.0,0.0,0.0,0.2498906144918635
156,1791274190463906558,20123397489315,5.490957332000107,primary_goal,8.6753022,18.9734347,2.685578,0.0,0.0,0.0,0.2498906144918635
157,1791274190473982207,20123407654626,5.50112264299969,primary_goal,8.6753022,18.9734347,2.685578,0.0,0.0,0.0,0.2498906144918635
158,1791274190483985953,20123417759181,5.511227197999688,primary_goal,8.6753022,18.9734347,2.685578,0.0,0.0,0.0,0.2498906144918635
159,1791274190493944654,20123427884177,5.521352193998609,primary_goal,8.6753022,18.9734347,2.685578,0.0,0.0,0.0,0.2498906144918635
160,1791274190504001657,20123437843101,5.531311118000303,primary_goal,8.6753022,18.9734347,2.685578,0.0,0.0,0.0,0.2498906144918635
161,1791274190513982636,20123447626640,5.54109465700094,primary_goal,8.6753022,18.9734347,2.685578,0.0,0.0,0.0,0.2498906144918635
162,1791274190523849301,20123457153860,5.550621876998775,primary_goal,8.6753022,18.9734347,2.685578,0.0,0.0,0.0,0.2498906144918635
163,1791274190533956433,20123467161188,5.560629204999714,primary_goal,8.6753022,18.9734347,2.685578,0.0,0.0,0.0,0.2498906144918635
164,1791274190543925950,20123477282544,5.57075056100075,primary_goal,8.6753022,18.9734347,2.685578,0.0,0.0,0.0,0.2498906144918635
165,1791274190553960252,20123487527191,5.580995207998058,primary_goal,8.6753022,18.9734347,2.685578,0.0,0.0,0.0,0.2498906144918635
166,1791274190564004609,20123497947050,5.591415066999616,primary_goal,8.6753022,18.9734347,2.685578,0.0,0.0,0.0,0.2498906144918635
167,1791274190573952141,20123507451410,5.6009194270009175,primary_goal,8.6753022,18.9734347,2.685578,0.0,0.0,0.0,0.2498906144918635
168,1791274190583900920,20123517223111,5.610691128000326,primary_goal,8.6753022,18.9734347,2.685578,0.0,0.0,0.0,0.2498906144918635
169,1791274190593876865,20123527286898,5.6207549149985425,primary_goal,8.6753022,18.9734347,2.685578,0.0,0.0,0.0,0.2498906144918635
170,1791274190603959410,20123537745276,5.631213292999746,primary_goal,8.6753022,18.9734347,2.685578,0.0,0.0,0.0,0.2498906144918635
171,1791274190613883091,20123547765335,5.64123335199838,primary_goal,8.6753022,18.9734347,2.685578,0.0,0.0,0.0,0.2498906144918635
172,1791274190623903336,20123557178728,5.650646744998085,primary_goal,8.6753022,18.9734347,2.685578,0.0,0.0,0.0,0.2498906144918635
173,1791274190633922744,20123567317279,5.66078529600054,primary_goal,8.6753022,18.9734347,2.685578,0.0,0.0,0.0,0.2498906144918635
174,1791274190643908290,20123577194796,5.670662812997762,primary_goal,8.6753022,18.9734347,2.685578,0.0,0.0,0.0,0.2498906144918635
175,1791274190653892664,20123587004048,5.680472064999776,primary_goal,8.6753022,18.9734347,2.685578,0.0,0.0,0.0,0.2498906144918635
176,1791274190663826645,20123597032622,5.690500639000675,primary_goal,8.6753022,18.9734347,2.685578,0.0,0.0,0.0,0.2498906144918635
177,1791274190673886566,20123607110622,5.700578639000014,primary_goal,8.6753022,18.9734347,2.685578,0.0,0.0,0.0,0.2498906144918635
178,1791274190683821416,20123617102943,5.710570960000041,primary_goal,8.6753022,18.9734347,2.685578,0.0,0.0,0.0,0.2498906144918635
179,1791274190693881195,20123627107839,5.720575855997595,primary_goal,8.6753022,18.9734347,2.685578,0.0,0.0,0.0,0.2498906144918635
180,1791274190703887536,20123637117928,5.730585944998893,primary_goal,8.6753022,18.9734347,2.685578,0.0,0.0,0.0,0.2498906144918635
181,1791274190713900067,20123647490054,5.740958071000932,primary_goal,8.6753022,18.9734347,2.685578,0.0,0.0,0.0,0.2498906144918635
182,1791274190723815643,20123657122953,5.7505909700012126,primary_goal,8.6753022,18.9734347,2.685578,0.0,0.0,0.0,0.2498906144918635
183,1791274190733905878,20123667294495,5.760762511999928,primary_goal,8.6753022,18.9734347,2.685578,0.0,0.0,0.0,0.2498906144918635
184,1791274190743886293,20123677127907,5.7705959240011,primary_goal,8.6753022,18.9734347,2.685578,0.0,0.0,0.0,0.2498906144918635
185,1791274190753882625,20123687182463,5.780650479999167,primary_goal,8.6753022,18.9734347,2.685578,0.0,0.0,0.0,0.2498906144918635
186,1791274190763933044,20123697400814,5.790868830998079,primary_goal,8.6753022,18.9734347,2.685578,0.0,0.0,0.0,0.2498906144918635
187,1791274190773864988,20123707580158,5.8010481749988685,primary_goal,8.6753022,18.9734347,2.685578,0.0,0.0,0.0,0.2498906144918635
188,1791274190783891299,20123717061608,5.810529624999617,primary_goal,8.6753022,18.9734347,2.685578,0.0,0.0,0.0,0.2498906144918635
189,1791274190793873198,20123727034109,5.820502126000065,primary_goal,8.6753022,18.9734347,2.685578,0.0,0.0,0.0,0.2498906144918635
190,1791274190803870119,20123737039299,5.830507316000876,primary_goal,8.6753022,18.9734347,2.685578,0.0,0.0,0.0,0.2498906144918635
191,1791274190813805856,20123747214750,5.840682767000544,primary_goal,8.6753022,18.9734347,2.685578,0.0,0.0,0.0,0.2498906144918635
192,1791274190823986634,20123757297468,5.850765485000011,primary_goal,8.6753022,18.9734347,2.685578,0.0,0.0,0.0,0.2498906144918635
193,1791274190833856669,20123767020920,5.8604889369999,primary_goal,8.6753022,18.9734347,2.685578,0.0,0.0,0.0,0.2498906144918635
194,1791274190843849256,20123777054535,5.870522551998874,primary_goal,8.6753022,18.9734347,2.685578,0.0,0.0,0.0,0.2498906144918635
195,1791274190853864328,20123787061271,5.880529287998797,primary_goal,8.6753022,18.9734347,2.685578,0.0,0.0,0.0,0.2498906144918635
196,1791274190863884582,20123797255234,5.8907232509991445,primary_goal,8.6753022,18.9734347,2.685578,0.0,0.0,0.0,0.2498906144918635
197,1791274190873882320,20123807631805,5.901099822000106,primary_goal,8.6753022,18.9734347,2.685578,0.0,0.0,0.0,0.2498906144918635
198,1791274190883840146,20123817509043,5.910977060000732,primary_goal,8.6753022,18.9734347,2.685578,0.0,0.0,0.0,0.2498906144918635
199,1791274190893868777,20123827613480,5.92108149699925,primary_goal,8.6753022,18.9734347,2.685578,0.0,0.0,0.0,0.2498906144918635
200,1791274190903938405,20123837845721,5.931313737997698,primary_goal,8.6753022,18.9734347,2.685578,0.0,0.0,0.0,0.2498906144918635
201,1791274190913894466,20123847579047,5.9410470639995765,primary_goal,8.6753022,18.9734347,2.685578,0.0,0.0,0.0,0.2498906144918635
202,1791274190923843939,20123857093671,5.950561687997833,primary_goal,8.6753022,18.9734347,2.685578,0.0,0.0,0.0,0.2498906144918635
203,1791274190933868919,20123867056740,5.960524756999803,primary_goal,8.6753022,18.9734347,2.685578,0.0,0.0,0.0,0.2498906144918635
204,1791274190943860785,20123877088240,5.970556256997952,primary_goal,8.6753022,18.9734347,2.685578,0.0,0.0,0.0,0.2498906144918635
205,1791274190953861378,20123887462394,5.980930410998553,primary_goal,8.6753022,18.9734347,2.685578,0.0,0.0,0.0,0.2498906144918635
206,1791274190963883520,20123897400683,5.990868699998828,primary_goal,8.6753022,18.9734347,2.685578,0.0,0.0,0.0,0.2498906144918635
207,1791274190973863129,20123907338427,6.000806444000773,primary_goal,8.6753022,18.9734347,2.685578,0.0,0.0,0.0,0.2498906144918635
208,1791274190983854381,20123917168329,6.010636345999956,primary_goal,8.6753022,18.9734347,2.685578,0.0,0.0,0.0,0.2498906144918635
209,1791274190993768165,20123927144183,6.020612199998141,primary_goal,8.6753022,18.9734347,2.685578,0.0,0.0,0.0,0.2498906144918635
210,1791274191003783894,20123937228164,6.030696180998348,primary_goal,8.6753022,18.9734347,2.685578,0.0,0.0,0.0,0.2498906144918635
211,1791274191013790103,20123947436164,6.040904180998041,primary_goal,8.6753022,18.9734347,2.685578,0.0,0.0,0.0,0.2498906144918635
212,1791274191023830160,20123957018583,6.0504866000010225,primary_goal,8.6753022,18.9734347,2.685578,0.0,0.0,0.0,0.2498906144918635
213,1791274191033856262,20123967026949,6.060494966000988,primary_goal,8.6753022,18.9734347,2.685578,0.0,0.0,0.0,0.2498906144918635
214,1791274191043770695,20123977043955,6.070511972000531,primary_goal,8.6753022,18.9734347,2.685578,0.0,0.0,0.0,0.2498906144918635
215,1791274191053772819,20123986911284,6.080379300998175,primary_goal,8.6753022,18.9734347,2.685578,0.0,0.0,0.0,0.2498906144918635
216,1791274191063757726,20123996886524,6.090354541000124,primary_goal,8.6753022,18.9734347,2.685578,0.0,0.0,0.0,0.2498906144918635
217,1791274191073756121,20124006898209,6.100366226000915,primary_goal,8.6753022,18.9734347,2.685578,0.0,0.0,0.0,0.2498906144918635
218,1791274191083771093,20124016903435,6.1103714519995265,primary_goal,8.6753022,18.9734347,2.685578,0.0,0.0,0.0,0.2498906144918635
219,1791274191093765379,20124026912540,6.120380557000317,primary_goal,8.6753022,18.9734347,2.685578,0.0,0.0,0.0,0.2498906144918635
220,1791274191103755731,20124037215864,6.130683880997822,primary_goal,8.6753022,18.9734347,2.685578,0.0,0.0,0.0,0.2498906144918635
221,1791274191113750063,20124047184961,6.140652977999707,primary_goal,8.6753022,18.9734347,2.685578,0.0,0.0,0.0,0.2498906144918635
222,1791274191123767568,20124056963297,6.150431313999434,primary_goal,8.6753022,18.9734347,2.685578,0.0,0.0,0.0,0.2498906144918635
223,1791274191133756477,20124066883506,6.1603515229980985,primary_goal,8.6753022,18.9734347,2.685578,0.0,0.0,0.0,0.2498906144918635
224,1791274191143747357,20124076882981,6.170350997999776,primary_goal,8.6753022,18.9734347,2.685578,0.0,0.0,0.0,0.2498906144918635
225,1791274191153731395,20124086840902,6.180308918999799,primary_goal,8.6753022,18.9734347,2.685578,0.0,0.0,0.0,0.2498906144918635
226,1791274191163743708,20124096871090,6.190339107000909,primary_goal,8.6753022,18.9734347,2.685578,0.0,0.0,0.0,0.2498906144918635
227,1791274191173711002,20124106862120,6.200330136998673,primary_goal,8.6753022,18.9734347,2.685578,0.0,0.0,0.0,0.2498906144918635
228,1791274191183732948,20124116840431,6.210308448000433,primary_goal,8.6753022,18.9734347,2.685578,0.0,0.0,0.0,0.2498906144918635
229,1791274191193837012,20124126960728,6.22042874500039,primary_goal,8.6753022,18.9734347,2.685578,0.0,0.0,0.0,0.2498906144918635
230,1791274191203790423,20124136940028,6.230408044997603,primary_goal,8.6753022,18.9734347,2.685578,0.0,0.0,0.0,0.2498906144918635
231,1791274191213760942,20124147368310,6.240836327000579,primary_goal,8.6753022,18.9734347,2.685578,0.0,0.0,0.0,0.2498906144918635
232,1791274191223834280,20124156975889,6.250443905999418,primary_goal,8.6753022,18.9734347,2.685578,0.0,0.0,0.0,0.2498906144918635
233,1791274191233730566,20124166966643,6.260434659998282,primary_goal,8.6753022,18.9734347,2.685578,0.0,0.0,0.0,0.2498906144918635
234,1791274191243729593,20124177318344,6.27078636099759,primary_goal,8.6753022,18.9734347,2.685578,0.0,0.0,0.0,0.2498906144918635
235,1791274191253733524,20124187107313,6.280575329998101,primary_goal,8.6753022,18.9734347,2.685578,0.0,0.0,0.0,0.2498906144918635
236,1791274191263712165,20124196894889,6.290362905998336,primary_goal,8.6753022,18.9734347,2.685578,0.0,0.0,0.0,0.2498906144918635
237,1791274191273673147,20124206818956,6.300286973000766,primary_goal,8.6753022,18.9734347,2.685578,0.0,0.0,0.0,0.2498906144918635
238,1791274191283720752,20124217153851,6.310621868000453,primary_goal,8.6753022,18.9734347,2.685578,0.0,0.0,0.0,0.2498906144918635
239,1791274191293685007,20124227005551,6.320473568001034,primary_goal,8.6753022,18.9734347,2.685578,0.0,0.0,0.0,0.2498906144918635
240,1791274191303726205,20124237138720,6.330606736999471,primary_goal,8.6753022,18.9734347,2.685578,0.0,0.0,0.0,0.2498906144918635
241,1791274191313770313,20124247428073,6.340896089997841,primary_goal,8.6753022,18.9734347,2.685578,0.0,0.0,0.0,0.2498906144918635
242,1791274191323800831,20124257230836,6.350698852998903,primary_goal,8.6753022,18.9734347,2.685578,0.0,0.0,0.0,0.2498906144918635
243,1791274191333736933,20124267075620,6.360543636998045,primary_goal,8.6753022,18.9734347,2.685578,0.0,0.0,0.0,0.2498906144918635
244,1791274191343736418,20124277301108,6.370769124998333,primary_goal,8.6753022,18.9734347,2.685578,0.0,0.0,0.0,0.2498906144918635
245,1791274191353752276,20124287494724,6.380962741000985,primary_goal,8.6753022,18.9734347,2.685578,0.0,0.0,0.0,0.2498906144918635
246,1791274191363733557,20124297477013,6.390945029997965,primary_goal,8.6753022,18.9734347,2.685578,0.0,0.0,0.0,0.2498906144918635
247,1791274191373724593,20124307502747,6.400970763999794,primary_goal,8.6753022,18.9734347,2.685578,0.0,0.0,0.0,0.2498906144918635
248,1791274191383738632,20124317364238,6.41083225499824,primary_goal,8.6753022,18.9734347,2.685578,0.0,0.0,0.0,0.2498906144918635
249,1791274191393675269,20124327274437,6.420742453999992,primary_goal,8.6753022,18.9734347,2.685578,0.0,0.0,0.0,0.2498906144918635
250,1791274191403667662,20124337072279,6.430540295998071,primary_goal,8.6753022,18.9734347,2.685578,0.0,0.0,0.0,0.2498906144918635
251,1791274191413727623,20124347375579,6.440843595999468,primary_goal,8.6753022,18.9734347,2.685578,0.0,0.0,0.0,0.2498906144918635
252,1791274191423701498,20124357009553,6.450477570000658,primary_goal,8.6753022,18.9734347,2.685578,0.0,0.0,0.0,0.2498906144918635
253,1791274191433692127,20124367030352,6.460498369000561,primary_goal,8.6753022,18.9734347,2.685578,0.0,0.0,0.0,0.2498906144918635
254,1791274191443707324,20124377185871,6.470653887998196,primary_goal,8.6753022,18.9734347,2.685578,0.0,0.0,0.0,0.2498906144918635
255,1791274191453693968,20124386886736,6.480354752999119,primary_goal,8.6753022,18.9734347,2.685578,0.0,0.0,0.0,0.2498906144918635
256,1791274191463643190,20124396749451,6.490217467999173,primary_goal,8.6753022,18.9734347,2.685578,0.0,0.0,0.0,0.2498906144918635
257,1791274191473716893,20124407246619,6.500714636000339,primary_goal,8.6753022,18.9734347,2.685578,0.0,0.0,0.0,0.2498906144918635
258,1791274191483687589,20124417127397,6.5105954139980895,primary_goal,8.6753022,18.9734347,2.685578,0.0,0.0,0.0,0.2498906144918635
259,1791274191493798330,20124427736281,6.521204297998338,primary_goal,8.6753022,18.9734347,2.685578,0.0,0.0,0.0,0.2498906144918635
260,1791274191503771763,20124437787009,6.531255025998689,primary_goal,8.6753022,18.9734347,2.685578,0.0,0.0,0.0,0.2498906144918635
261,1791274191513733396,20124447432184,6.540900200998294,primary_goal,8.6753022,18.9734347,2.685578,0.0,0.0,0.0,0.2498906144918635
262,1791274191523676144,20124456850019,6.550318035999226,primary_goal,8.6753022,18.9734347,2.685578,0.0,0.0,0.0,0.2498906144918635
263,1791274191533772777,20124466942472,6.5604104890007875,primary_goal,8.6753022,18.9734347,2.685578,0.0,0.0,0.0,0.2498906144918635
264,1791274191543709353,20124477065767,6.570533784000872,primary_goal,8.6753022,18.9734347,2.685578,0.0,0.0,0.0,0.2498906144918635
265,1791274191553736026,20124487304988,6.580773005000083,primary_goal,8.6753022,18.9734347,2.685578,0.0,0.0,0.0,0.2498906144918635
266,1791274191563737838,20124497591975,6.591059991998918,primary_goal,8.6753022,18.9734347,2.685578,0.0,0.0,0.0,0.2498906144918635
267,1791274191573703601,20124507458209,6.600926225997682,primary_goal,8.6753022,18.9734347,2.685578,0.0,0.0,0.0,0.2498906144918635
268,1791274191583751511,20124517495276,6.610963292998349,primary_goal,8.6753022,18.9734347,2.685578,0.0,0.0,0.0,0.2498906144918635
269,1791274191593754563,20124527696914,6.62116493099893,primary_goal,8.6753022,18.9734347,2.685578,0.0,0.0,0.0,0.2498906144918635
270,1791274191603752425,20124537691526,6.631159542997921,primary_goal,8.6753022,18.9734347,2.685578,0.0,0.0,0.0,0.2498906144918635
271,1791274191613735867,20124547461440,6.640929457000311,primary_goal,8.6753022,18.9734347,2.685578,0.0,0.0,0.0,0.2498906144918635
272,1791274191623702440,20124557088463,6.650556479999068,primary_goal,8.6753022,18.9734347,2.685578,0.0,0.0,0.0,0.2498906144918635
273,1791274191633734909,20124566983688,6.660451705000014,primary_goal,8.6753022,18.9734347,2.685578,0.0,0.0,0.0,0.2498906144918635
274,1791274191643735295,20124577011022,6.670479038999474,primary_goal,8.6753022,18.9734347,2.685578,0.0,0.0,0.0,0.2498906144918635
275,1791274191653706177,20124587128606,6.680596622998564,primary_goal,8.6753022,18.9734347,2.685578,0.0,0.0,0.0,0.2498906144918635
276,1791274191663672216,20124597146649,6.690614666000329,primary_goal,8.6753022,18.9734347,2.685578,0.0,0.0,0.0,0.2498906144918635
277,1791274191673697820,20124607537590,6.701005606999388,primary_goal,8.6753022,18.9734347,2.685578,0.0,0.0,0.0,0.2498906144918635
278,1791274191683686409,20124617143660,6.710611677000998,primary_goal,8.6753022,18.9734347,2.685578,0.0,0.0,0.0,0.2498906144918635
279,1791274191693731108,20124627420566,6.720888583000487,primary_goal,8.6753022,18.9734347,2.685578,0.0,0.0,0.0,0.2498906144918635
280,1791274191703759423,20124637153645,6.730621661998157,primary_goal,8.6753022,18.9734347,2.685578,0.0,0.0,0.0,0.2498906144918635
281,1791274191713641179,20124647093188,6.740561204998812,primary_goal,8.6753022,18.9734347,2.685578,0.0,0.0,0.0,0.2498906144918635
282,1791274191723709891,20124656877787,6.750345804000972,primary_goal,8.6753022,18.9734347,2.685578,0.0,0.0,0.0,0.2498906144918635
283,1791274191733700572,20124666811015,6.760279031997925,primary_goal,8.6753022,18.9734347,2.685578,0.0,0.0,0.0,0.2498906144918635
284,1791274191743640716,20124676761213,6.770229229998222,primary_goal,8.6753022,18.9734347,2.685578,0.0,0.0,0.0,0.2498906144918635
285,1791274191753595093,20124686688212,6.780156229000568,primary_goal,8.6753022,18.9734347,2.685578,0.0,0.0,0.0,0.2498906144918635
286,1791274191763652078,20124696741880,6.79020989700075,primary_goal,8.6753022,18.9734347,2.685578,0.0,0.0,0.0,0.2498906144918635
287,1791274191773594825,20124706703625,6.80017164200035,primary_goal,8.6753022,18.9734347,2.685578,0.0,0.0,0.0,0.2498906144918635
288,1791274191783710334,20124716873147,6.81034116400042,primary_goal,8.6753022,18.9734347,2.685578,0.0,0.0,0.0,0.2498906144918635
289,1791274191793732979,20124727133767,6.820601783998427,primary_goal,8.6753022,18.9734347,2.685578,0.0,0.0,0.0,0.2498906144918635
290,1791274191803706352,20124737645724,6.831113740998262,primary_goal,8.6753022,18.9734347,2.685578,0.0,0.0,0.0,0.2498906144918635
291,1791274191813658857,20124747596894,6.841064911001013,primary_goal,8.6753022,18.9734347,2.685578,0.0,0.0,0.0,0.2498906144918635
292,1791274191823596558,20124756767469,6.850235485999292,primary_goal,8.6753022,18.9734347,2.685578,0.0,0.0,0.0,0.2498906144918635
293,1791274191833695938,20124766837394,6.86030541099899,primary_goal,8.6753022,18.9734347,2.685578,0.0,0.0,0.0,0.2498906144918635
294,1791274191843588559,20124776759876,6.870227892999537,primary_goal,8.6753022,18.9734347,2.685578,0.0,0.0,0.0,0.2498906144918635
295,1791274191853710472,20124787113739,6.880581755998719,primary_goal,8.6753022,18.9734347,2.685578,0.0,0.0,0.0,0.2498906144918635
296,1791274191863774235,20124797735609,6.891203626000788,primary_goal,8.6753022,18.9734347,2.685578,0.0,0.0,0.0,0.2498906144918635
297,1791274191873740683,20124807394867,6.900862883998343,primary_goal,8.6753022,18.9734347,2.685578,0.0,0.0,0.0,0.2498906144918635
298,1791274191883623498,20124817071606,6.910539623000659,primary_goal,8.6753022,18.9734347,2.685578,0.0,0.0,0.0,0.2498906144918635
299,1791274191893620751,20124827153195,6.920621212000697,primary_goal,8.6753022,18.9734347,2.685578,0.0,0.0,0.0,0.2498906144918635
300,1791274191903774346,20124837721157,6.931189173999883,primary_goal,8.6753022,18.9734347,2.685578,0.0,0.0,0.0,0.2498906144918635
301,1791274191913646592,20124847475640,6.94094365699857,primary_goal,8.6753022,18.9734347,2.685578,0.0,0.0,0.0,0.2498906144918635
302,1791274191923691767,20124857017556,6.95048557300106,primary_goal,8.6753022,18.9734347,2.685578,0.0,0.0,0.0,0.2498906144918635
303,1791274191933684873,20124866856635,6.960324651998235,primary_goal,8.6753022,18.9734347,2.685578,0.0,0.0,0.0,0.2498906144918635
304,1791274191943686466,20124876919530,6.970387547000428,primary_goal,8.6753022,18.9734347,2.685578,0.0,0.0,0.0,0.2498906144918635
305,1791274191953667046,20124886841733,6.9803097500007425,primary_goal,8.6753022,18.9734347,2.685578,0.0,0.0,0.0,0.2498906144918635
306,1791274191963727583,20124897124996,6.990593013000762,primary_goal,8.6753022,18.9734347,2.685578,0.0,0.0,0.0,0.2498906144918635
307,1791274191973730025,20124907434653,7.00090266999905,primary_goal,8.6753022,18.9734347,2.685578,0.0,0.0,0.0,0.2498906144918635
308,1791274191983724691,20124917518637,7.01098665400059,primary_goal,8.6753022,18.9734347,2.685578,0.0,0.0,0.0,0.2498906144918635
309,1791274191993735100,20124927578524,7.0210465409982135,primary_goal,8.6753022,18.9734347,2.685578,0.0,0.0,0.0,0.2498906144918635
310,1791274192003707653,20124937301849,7.0307698659999005,primary_goal,8.6753022,18.9734347,2.685578,0.0,0.0,0.0,0.2498906144918635
311,1791274192013633434,20124947377697,7.04084571400017,primary_goal,8.6753022,18.9734347,2.685578,0.0,0.0,0.0,0.2498906144918635
312,1791274192023654223,20124956839309,7.05030732600062,primary_goal,8.6753022,18.9734347,2.685578,0.0,0.0,0.0,0.2498906144918635
313,1791274192033629303,20124966869542,7.0603375589998905,primary_goal,8.6753022,18.9734347,2.685578,0.0,0.0,0.0,0.2498906144918635
314,1791274192043677739,20124977060399,7.0705284159994335,primary_goal,8.6753022,18.9734347,2.685578,0.0,0.0,0.0,0.2498906144918635
315,1791274192053683103,20124987233913,7.0807019300009415,primary_goal,8.6753022,18.9734347,2.685578,0.0,0.0,0.0,0.2498906144918635
316,1791274192063728273,20124997278417,7.090746433997992,primary_goal,8.6753022,18.9734347,2.685578,0.0,0.0,0.0,0.2498906144918635
317,1791274192073699979,20125007352106,7.100820122999721,primary_goal,8.6753022,18.9734347,2.685578,0.0,0.0,0.0,0.2498906144918635
318,1791274192083721822,20125017497233,7.110965249998117,primary_goal,8.6753022,18.9734347,2.685578,0.0,0.0,0.0,0.2498906144918635
319,1791274192093642593,20125027626748,7.121094764999725,primary_goal,8.6753022,18.9734347,2.685578,0.0,0.0,0.0,0.2498906144918635
320,1791274192103785862,20125037891746,7.131359762999637,primary_goal,8.6753022,18.9734347,2.685578,0.0,0.0,0.0,0.2498906144918635
321,1791274192113704151,20125047542723,7.141010740000638,primary_goal,8.6753022,18.9734347,2.685578,0.0,0.0,0.0,0.2498906144918635
322,1791274192123660182,20125057146775,7.150614792000852,primary_goal,8.6753022,18.9734347,2.685578,0.0,0.0,0.0,0.2498906144918635
323,1791274192133639001,20125066874028,7.160342045001016,primary_goal,8.6753022,18.9734347,2.685578,0.0,0.0,0.0,0.2498906144918635
324,1791274192143642706,20125076945304,7.170413321000524,primary_goal,8.6753022,18.9734347,2.685578,0.0,0.0,0.0,0.2498906144918635
325,1791274192153652100,20125087118216,7.180586233000213,primary_goal,8.6753022,18.9734347,2.685578,0.0,0.0,0.0,0.2498906144918635
326,1791274192163593408,20125097283153,7.190751170001022,primary_goal,8.6753022,18.9734347,2.685578,0.0,0.0,0.0,0.2498906144918635
327,1791274192173667817,20125106930965,7.200398982000479,primary_goal,8.6753022,18.9734347,2.685578,0.0,0.0,0.0,0.2498906144918635
328,1791274192183651974,20125116905554,7.210373571000673,primary_goal,8.6753022,18.9734347,2.685578,0.0,0.0,0.0,0.2498906144918635
329,1791274192193572096,20125126842972,7.2203109889996995,primary_goal,8.6753022,18.9734347,2.685578,0.0,0.0,0.0,0.2498906144918635
330,1791274192203535952,20125136730595,7.230198612000095,primary_goal,8.6753022,18.9734347,2.685578,0.0,0.0,0.0,0.2498906144918635
331,1791274192213558293,20125147153682,7.240621698998439,primary_goal,8.6753022,18.9734347,2.685578,0.0,0.0,0.0,0.2498906144918635
332,1791274192223647303,20125156993935,7.250461952000478,primary_goal,8.6753022,18.9734347,2.685578,0.0,0.0,0.0,0.2498906144918635
333,1791274192233647958,20125166908681,7.260376697999163,primary_goal,8.6753022,18.9734347,2.685578,0.0,0.0,0.0,0.2498906144918635
334,1791274192243654654,20125176966094,7.270434111000213,primary_goal,8.6753022,18.9734347,2.685578,0.0,0.0,0.0,0.2498906144918635
335,1791274192253612991,20125186849609,7.280317625998578,primary_goal,8.6753022,18.9734347,2.685578,0.0,0.0,0.0,0.2498906144918635
336,1791274192263587162,20125196854134,7.290322150998691,primary_goal,8.675302199999924,18.973434700000016,2.685577999999982,-2.1773937473951586e-09,4.981146839464963e-10,-5.210020031852411e-10,0.24989061449186128
337,1791274192273586661,20125206810438,7.300278455000807,primary_goal,8.675300331463992,18.973435109770975,2.6855775555643615,-0.0007440222102256934,0.00016132956550190137,-0.00017669149006076248,0.2498905854548465
338,1791274192283590198,20125216924871,7.3103928880009335,primary_goal,8.675273392834416,18.97344073170633,2.685571191048876,-0.005671739033869599,0.0011584750862706546,-0.0013362292990738356,0.2498904472409032
339,1791274192293640142,20125227186032,7.320654048999131,primary_goal,8.675160662483895,18.97346288089105,2.685544763474668,-0.018327540634946377,0.0035021171754259384,-0.004281793606180953,0.24989122680591042
340,1791274192303691644,20125237722172,7.331190189001063,primary_goal,8.674872184298563,18.973515789348877,2.6854776973999286,-0.04128045259181781,0.007324946673096123,-0.009560365264150552,0.24989698048408077
341,1791274192313672916,20125247343654,7.340811670997937,primary_goal,8.674294385993786,18.973613828214457,2.6853445477021833,-0.07649420651700747,0.012488106230109066,-0.017554804658263458,0.24991654838024552
342,1791274192323600667,20125256873975,7.350341991997993,primary_goal,8.673302740930032,18.973767883964776,2.6851181307568743,-0.12504027806994178,0.018574427609187847,-0.028424222991425545,0.24996488560535507
343,1791274192333636307,20125266976010,7.3604440269991755,primary_goal,8.671753305084463,18.973985431338242,2.6847677680711133,-0.18790840631282787,0.02502788474405294,-0.04229132196905823,0.25006520996280907
344,1791274192343628408,20125276961540,7.370429556998715,primary_goal,8.669504387255905,18.974266066237902,2.684264386489606,-0.2652074106254022,0.03107829673219573,-0.059067396718515734,0.25024976362025014
345,1791274192353624170,20125286944751,7.380412767997768,primary_goal,8.666384684986998,18.974604277265055,2.683573550107173,-0.3574680299511904,0.035872614587583104,-0.07873969659247534,0.25056462712681754
346,1791274192363605699,20125296749340,7.390217356998619,primary_goal,8.662297494857995,18.97497747797776,2.682678620575772,-0.46274559965371365,0.03835723589719784,-0.10075869411232943,0.2510609441289113
347,1791274192373601378,20125306807007,7.400275023999711,primary_goal,8.657113112035738,18.975358651059327,2.681556772144908,-0.5802154420815987,0.0375437673580587,-0.1248162980022764,0.2518055800444819
348,1791274192383588428,20125316699324,7.410167341000488,primary_goal,8.650678789210641,18.975712039081355,2.680181647185423,-0.7093719585260765,0.03237047082617226,-0.15066144467011472,0.2528850087148102
349,1791274192393590032,20125326684513,7.420152529997722,primary_goal,8.64289693236844,18.975987693363532,2.6785402126660225,-0.8484691243045154,0.021767507111833884,-0.17778878155021205,0.25439460167672384
350,1791274192403589235,20125336689170,7.430157186998258,primary_goal,8.633689880460391,18.976125833277486,2.6766248629624863,-0.9956018804258606,0.004724907234430996,-0.20567102418599215,0.256441913828309
351,1791274192413487922,20125346879763,7.440347780000593,primary_goal,8.622907168353558,18.976056152212745,2.674414398334652,-1.150035891843708,-0.019915646298448317,-0.23400366788932533,0.2591704421015992
352,1791274192423484400,20125356679817,7.450147833998926,primary_goal,8.61065274926966,18.97570132029404,2.6719408842901875,-1.3076240828484076,-0.052682180930483935,-0.2618708288264538,0.2626745405873973
353,1791274192433582045,20125366764555,7.4602325720006775,primary_goal,8.596783463683922,18.974973045145276,2.669186908246876,-1.4679236868536447,-0.09463154818344366,-0.28904786932558985,0.26712652929116215
354,1791274192443584012,20125376798543,7.470266559997981,primary_goal,8.581268418428442,18.973773370775717,2.6661593621319475,-1.6290030644771325,-0.1465364929815412,-0.3150468130277378,0.27268602419275517
355,1791274192453574884,20125386676094,7.48014411099939,primary_goal,8.564257224883374,18.972014788608043,2.6629006692776445,-1.787470813175526,-0.2084525574302061,-0.33918092152443824,0.27945149989147505
356,1791274192463578730,20125396656578,7.490124594998633,primary_goal,8.545569842072476,18.969570046025073,2.6593906769752422,-1.9432878576749444,-0.2815525869203965,-0.36130365172396345,0.28765706705070676
357,1791274192473473964,20125406801672,7.500269689000561,primary_goal,8.52558032237766,18.96637816744176,2.655713932111006,-2.0919702117310015,-0.3647827376209797,-0.3806599512443015,0.2972965405482419
358,1791274192483469675,20125416626957,7.510094974000822,primary_goal,8.503710891036652,18.96221666621744,2.6517809176214593,-2.2362487382914464,-0.4609996644190637,-0.3974558028180165,0.3088277121978937
359,1791274192493572176,20125426765376,7.5202333929992164,primary_goal,8.480719354961877,18.957095085103607,2.647744968939624,-2.3697745139863224,-0.5672388297757598,-0.4108151174618329,0.3220252859788845
360,1791274192503569234,20125436791129,7.530259145998571,primary_goal,8.456401885693692,18.950846327565497,2.643585302216589,-2.493004095665297,-0.684611328469843,-0.42071836742081486,0.33714833572328623
361,1791274192513580151,20125447095690,7.540563706999819,primary_goal,8.43081419824921,18.943340629438534,2.6393290217375536,-2.6046685695443266,-0.8130587029552744,-0.4269530974095243,0.3543211321791759
362,1791274192523469721,20125456676051,7.55014406799819,primary_goal,8.404414681622232,18.93458018881822,2.6350680219889897,-2.702208072235213,-0.950337634009945,-0.429327118026257,0.3733638784649435
363,1791274192533463527,20125466677954,7.560145970997837,primary_goal,8.376923959769796,18.924332802105535,2.6307733409181524,-2.786142882002986,-1.09790555014213,-0.4278068053106797,0.3946001978936177
364,1791274192543462026,20125476627308,7.570095324997965,primary_goal,8.348555312001047,18.912514664285027,2.626496940280355,-2.8550969208721635,-1.2546322308319766,-0.42230900342219124,0.4105127497306719
365,1791274192553458043,20125486554414,7.580022431000543,primary_goal,8.31992585770357,18.89925367145018,2.622345698539405,-2.9074501055465913,-1.4169236683056636,-0.4130046703815995,0.40791269871502206
366,1791274192563571198,20125496816923,7.590284940000856,primary_goal,8.2903728931034,18.88408788957189,2.6182399478749927,-2.944075979715281,-1.5883516977966647,-0.39969522948690994,0.4048034950045633
367,1791274192573562335,20125506779671,7.60024768799849,primary_goal,8.261113370975812,18.867507288334167,2.6143621292383488,-2.963417591429222,-1.761562616158518,-0.38301728738899854,0.40127681738069615
368,1791274192583556580,20125516770639,7.610238655997819,primary_goal,8.231455759615956,18.849003461510765,2.610631138613547,-2.966140836065698,-1.9402523162222094,-0.36273028981822963,0.397218102243392
369,1791274192593550443,20125526752057,7.620220074000827,primary_goal,8.201839447674816,18.82869052229216,2.6071160177091603,-2.9508210713347722,-2.1196179130017954,-0.3397739355108229,0.39264544179297894
370,1791274192603548864,20125536759049,7.630227065998042,primary_goal,8.172547371231975,18.80667560311056,2.6038330946814723,-2.909949277649434,-2.285332485036598,-0.3181945919515887,0.3876017684592194
371,1791274192613558162,20125547031457,7.640499474000535,primary_goal,8.143815541115327,18.783126097896503,2.6007444275807328,-2.8375150624750427,-2.424882609440183,-0.3011355093605739,0.3821753405385057
372,1791274192623549280,20125556723534,7.650191550997988,primary_goal,8.115898746656777,18.758275871842812,2.5977913281098663,-2.7319489606683924,-2.5317971858326764,-0.2894708759935491,0.3764683409021489
373,1791274192633541164,20125566812924,7.660280940999655,primary_goal,8.08926318720417,18.732597929393705,2.5949377808465046,-2.596159282102599,-2.603539334586058,-0.2824987918579015,0.3566514913960234
374,1791274192643540993,20125576774774,7.6702427909986,primary_goal,8.064089880858841,18.7063434483178,2.592134971777203,-2.4346271438918463,-2.6419193696291954,-0.27832486306626575,0.3363942585643877
375,1791274192653539184,20125586730494,7.680198510999617,primary_goal,8.040642318275742,18.67986822568193,2.5893710751608636,-2.2541022953174896,-2.6505995694655877,-0.27450543457995763,0.3187673957627523
376,1791274192663438723,20125596632549,7.690100566000183,primary_goal,8.01878899832974,18.653082104176633,2.5866187200898896,-2.0592523767388915,-2.6342958176039777,-0.26830704008373596,0.3037007465645309
377,1791274192673437715,20125606554061,7.700022077999165,primary_goal,7.999557709754886,18.62743014162537,2.5840375286522868,-1.8666622884511452,-2.599855873558418,-0.25770497810791226,0.29182007454047193
378,1791274192683436514,20125616633561,7.710101577999012,primary_goal,7.9817199096371425,18.601444486747365,2.5815205916697326,-1.6711352176356342,-2.550502023485215,-0.24007159055786165,0.28227280592274623
379,1791274192693434184,20125626554265,7.720022281999263,primary_goal,7.965968249025061,18.576267173629134,2.579244063729764,-1.4864508907543446,-2.492266276934071,-0.21461127954351614,0.2753507938933845
380,1791274192703432346,20125636548526,7.730016542998783,primary_goal,7.9519763799234555,18.551667494340123,2.5772612069151086,-1.315125765713425,-2.4279358904159607,-0.1806371311242943,0.2707239836688979
381,1791274192713434759,20125646918665,7.740386681998643,primary_goal,7.939531905631312,18.527564065724974,2.5756492993479996,-1.1597524889173403,-2.359055727495801,-0.13824429965020313,0.26814025518668744
382,1791274192723430203,20125656613057,7.7500810739984445,primary_goal,7.928702964035588,18.50449820361419,2.5745132346148436,-1.0252047471274761,-2.287632214438795,-0.08967605878511775,0.26735976719032556
383,1791274192733430759,20125666628118,7.7600961349999125,primary_goal,7.919040291555996,18.48197665180263,2.573881547615479,-0.9084620260723717,-2.2111919152714603,-0.03594507611855868,0.2680662733270745
384,1791274192743428770,20125676606309,7.770074325999303,primary_goal,7.9104462819715335,18.460226196902866,2.5738007500785716,-0.8094284059259609,-2.1281873255848405,0.019910740255079995,0.269993899887124
385,1791274192753423910,20125686534117,7.780002134000824,primary_goal,7.902805863217616,18.439466680857603,2.574272781948705,-0.7263019482311406,-2.0364383636397347,0.07437469533249674,0.2728498892230082
386,1791274192763539772,20125696751836,7.790219852999144,primary_goal,7.895911563032774,18.41962450671082,2.575272261470678,-0.6551710513718596,-1.932176721328576,0.12465480989731577,0.276396137081177
387,1791274192773419291,20125706575762,7.8000437789996795,primary_goal,7.889681318289497,18.400896872216077,2.57673959355516,-0.5928272451096213,-1.8130183390851757,0.1675265594584212,0.2803826614816887
388,1791274192783448990,20125716693735,7.8101617520005675,primary_goal,7.884089989112198,18.383584804284784,2.578570385304818,-0.5363800750526729,-1.6785232453621204,0.20020161072933443,0.28045523803747757
389,1791274192793516534,20125726753314,7.82022133099963,primary_goal,7.879005566929642,18.367567761758927,2.580686181728651,-0.4820076947703588,-1.526195157075568,0.22143008075401271,0.27642452184633254
390,1791274192803513787,20125736730843,7.830198859999655,primary_goal,7.874410291287366,18.352990436579248,2.5829783812204035,-0.4273381408609766,-1.3563006983509653,0.23002249237619513,0.2729661204763563
391,1791274192813418287,20125746899681,7.840367697997863,primary_goal,7.870418457895604,18.340344833982428,2.585263502181404,-0.37237320759497955,-1.1760641767197129,0.22586301372137862,0.2701558902991001
392,1791274192823526226,20125756773281,7.850241297997854,primary_goal,7.8669645394447585,18.3294864715898,2.5874599959637643,-0.31578436417317207,-0.9871771685496862,0.21009734227053783,0.2679043500732787
393,1791274192833509738,20125766763880,7.860231897000631,primary_goal,7.864094790130728,18.320572932820145,2.589439646647808,-0.258750149115878,-0.7977545377924161,0.18487606708386528,0.2661829731643595
394,1791274192843512173,20125776776253,7.870244269997784,primary_goal,7.861786049863583,18.313508981260988,2.591136072078521,-0.20229860842586544,-0.613647979713176,0.15282293625417626,0.26491166966069063
395,1791274192853506000,20125786737113,7.880205130000832,primary_goal,7.860037628492833,18.30824886981744,2.5924856521097523,-0.1489927949428372,-0.44408811586452546,0.1175439486681771,0.2640270869299714
396,1791274192863510356,20125796722119,7.890190136000456,primary_goal,7.858794182164352,18.3045739667721,2.593483164312575,-0.10094259119257815,-0.2954341066792184,0.08240305225821665,0.26344704170203354
397,1791274192873498874,20125806641419,7.900109435999184,primary_goal,7.857994101608068,18.30225190757495,2.5941447693222237,-0.06078304589041755,-0.17466382152043347,0.050972375162643024,0.2631012189310104
398,1791274192883497865,20125816629104,7.910097120999126,primary_goal,7.857546605497755,18.300976324093956,2.594523762776539,-0.03045664860249675,-0.08594597433058282,0.026090570466865137,0.26292097814701093
399,1791274192893505439,20125826838280,7.920306297000934,primary_goal,7.857348901040247,18.300422525002713,2.594694375781913,-0.011154358899076788,-0.030929416943455523,0.009716756115341951,0.26284635791153915
400,1791274192903508934,20125836731565,7.93019958199875,primary_goal,7.857290807950121,18.300262462838486,2.5947452465848313,-0.0018979940783725446,-0.005172888188935687,0.0016758947841746252,0.26282570497448493
401,1791274192913396630,20125846890507,7.940358523999748,primary_goal,7.857285216837347,18.300247283076956,2.59475019650833,-5.267842440481729e-06,-1.4127240351768933e-05,4.700398248846938e-06,0.26282382076534777
402,1791274192923494341,20125856710689,7.9501787059998605,primary_goal,7.857285214796056,18.300247277605344,2.5947501983302628,3.1086244689504383e-15,4.440892098500626e-15,0.0,0.26282382010936506
403,1791274192933505759,20125866667550,7.9601355669983604,primary_goal,7.857285214796056,18.300247277605344,2.5947501983302628,3.1086244689504383e-15,4.440892098500626e-15,0.0,0.26282382010936506
404,1791274192943522242,20125876742549,7.970210565999878,primary_goal,7.857285214796056,18.300247277605344,2.5947501983302628,3.1086244689504383e-15,4.440892098500626e-15,0.0,0.26282382010936506
405,1791274192953491569,20125886755181,7.980223197999294,primary_goal,7.857285214796056,18.300247277605344,2.5947501983302628,3.1086244689504383e-15,4.440892098500626e-15,0.0,0.26282382010936506
406,1791274192963516676,20125896967842,7.990435858999263,primary_goal,7.857285214796056,18.300247277605344,2.5947501983302628,3.1086244689504383e-15,4.440892098500626e-15,0.0,0.26282382010936506
407,1791274192973551287,20125907145911,8.00061392799762,primary_goal,7.857285214796056,18.300247277605344,2.5947501983302628,3.1086244689504383e-15,4.440892098500626e-15,0.0,0.26282382010936506
408,1791274192983556812,20125917309460,8.010777477000374,primary_goal,7.857285214796056,18.300247277605344,2.5947501983302628,3.1086244689504383e-15,4.440892098500626e-15,0.0,0.26282382010936506
409,1791274192993570766,20125927533789,8.021001805998822,primary_goal,7.857285214796056,18.300247277605344,2.5947501983302628,3.1086244689504383e-15,4.440892098500626e-15,0.0,0.26282382010936506
410,1791274193003518550,20125936992621,8.030460637997749,primary_goal,7.857285214796056,18.300247277605344,2.5947501983302628,3.1086244689504383e-15,4.440892098500626e-15,0.0,0.26282382010936506
411,1791274193013554004,20125947314058,8.040782075000607,primary_goal,7.857285214796056,18.300247277605344,2.5947501983302628,3.1086244689504383e-15,4.440892098500626e-15,0.0,0.26282382010936506
412,1791274193023396614,20125956552399,8.050020415998006,primary_goal,7.857285214796056,18.300247277605344,2.5947501983302628,3.1086244689504383e-15,4.440892098500626e-15,0.0,0.26282382010936506
413,1791274193033409421,20125966836430,8.060304447000817,primary_goal,7.857285214796056,18.300247277605344,2.5947501983302628,3.1086244689504383e-15,4.440892098500626e-15,0.0,0.26282382010936506
414,1791274193043443609,20125976892277,8.070360294001148,primary_goal,7.857285214796056,18.300247277605344,2.5947501983302628,3.1086244689504383e-15,4.440892098500626e-15,0.0,0.26282382010936506
415,1791274193053532534,20125986841854,8.080309870998462,primary_goal,7.857285214796056,18.300247277605344,2.5947501983302628,3.1086244689504383e-15,4.440892098500626e-15,0.0,0.26282382010936506
416,1791274193063377009,20125996796513,8.09026453000115,primary_goal,7.857285214796056,18.300247277605344,2.5947501983302628,3.1086244689504383e-15,4.440892098500626e-15,0.0,0.26282382010936506
417,1791274193073430425,20126006879447,8.100347463998332,primary_goal,7.857285214796056,18.300247277605344,2.5947501983302628,3.1086244689504383e-15,4.440892098500626e-15,0.0,0.26282382010936506
418,1791274193083493456,20126017304077,8.110772093998094,primary_goal,7.857285214796056,18.300247277605344,2.5947501983302628,3.1086244689504383e-15,4.440892098500626e-15,0.0,0.26282382010936506
419,1791274193093467514,20126027449051,8.120917067997652,primary_goal,7.857285214796056,18.300247277605344,2.5947501983302628,3.1086244689504383e-15,4.440892098500626e-15,0.0,0.26282382010936506
420,1791274193103556458,20126037523599,8.130991615998937,primary_goal,7.857285214796056,18.300247277605344,2.5947501983302628,3.1086244689504383e-15,4.440892098500626e-15,0.0,0.26282382010936506
421,1791274193113533338,20126047339640,8.14080765700055,primary_goal,7.857285214796056,18.300247277605344,2.5947501983302628,3.1086244689504383e-15,4.440892098500626e-15,0.0,0.26282382010936506
422,1791274193123469568,20126056734665,8.150202681998053,primary_goal,7.857285214796056,18.300247277605344,2.5947501983302628,3.1086244689504383e-15,4.440892098500626e-15,0.0,0.26282382010936506
423,1791274193133473083,20126066678955,8.160146972000803,primary_goal,7.857285214796056,18.300247277605344,2.5947501983302628,3.1086244689504383e-15,4.440892098500626e-15,0.0,0.26282382010936506
424,1791274193143396664,20126076724761,8.170192777997727,primary_goal,7.857285214796056,18.300247277605344,2.5947501983302628,3.1086244689504383e-15,4.440892098500626e-15,0.0,0.26282382010936506
425,1791274193153465424,20126086735838,8.180203854997671,primary_goal,7.857285214796056,18.300247277605344,2.5947501983302628,3.1086244689504383e-15,4.440892098500626e-15,0.0,0.26282382010936506
426,1791274193163445032,20126096705363,8.190173380000488,primary_goal,7.857285214796056,18.300247277605344,2.5947501983302628,3.1086244689504383e-15,4.440892098500626e-15,0.0,0.26282382010936506
427,1791274193173501513,20126107133832,8.200601848999213,primary_goal,7.857285214796056,18.300247277605344,2.5947501983302628,3.1086244689504383e-15,4.440892098500626e-15,0.0,0.26282382010936506
428,1791274193183521144,20126117696789,8.211164805998123,primary_goal,7.857285214796056,18.300247277605344,2.5947501983302628,0.0,0.0,0.0,0.26282382010936506
429,1791274193193538192,20126127490381,8.22095839800022,primary_goal,7.857285214796056,18.300247277605344,2.5947501983302628,0.0,0.0,0.0,0.26282382010936506
430,1791274193203416658,20126137163907,8.230631923997862,primary_goal,7.857285214796056,18.300247277605344,2.5947501983302628,0.0,0.0,0.0,0.26282382010936506
431,1791274193213485263,20126147209509,8.240677525998763,primary_goal,7.857285214796056,18.300247277605344,2.5947501983302628,0.0,0.0,0.0,0.26282382010936506
432,1791274193223348910,20126156578301,8.250046318000386,primary_goal,7.857285214796056,18.300247277605344,2.5947501983302628,0.0,0.0,0.0,0.26282382010936506
433,1791274193233439245,20126166657954,8.26012597099907,primary_goal,7.857285214796056,18.300247277605344,2.5947501983302628,0.0,0.0,0.0,0.26282382010936506
434,1791274193243448688,20126176712436,8.270180453000648,primary_goal,7.857285214796056,18.300247277605344,2.5947501983302628,0.0,0.0,0.0,0.26282382010936506
435,1791274193253444860,20126186568238,8.280036255000596,primary_goal,7.857285214796056,18.300247277605344,2.5947501983302628,0.0,0.0,0.0,0.26282382010936506
436,1791274193263334225,20126196498449,8.289966465999896,primary_goal,7.857285214796056,18.300247277605344,2.5947501983302628,0.0,0.0,0.0,0.26282382010936506
437,1791274193273435422,20126206646602,8.300114618999942,primary_goal,7.857285214796056,18.300247277605344,2.5947501983302628,0.0,0.0,0.0,0.26282382010936506
438,1791274193283453974,20126216553622,8.310021639001206,primary_goal,7.857285214796056,18.300247277605344,2.5947501983302628,0.0,0.0,0.0,0.26282382010936506
439,1791274193293433138,20126226572611,8.320040628001152,primary_goal,7.857285214796056,18.300247277605344,2.5947501983302628,0.0,0.0,0.0,0.26282382010936506
440,1791274193303434847,20126236624379,8.33009239599778,primary_goal,7.857285214796056,18.300247277605344,2.5947501983302628,0.0,0.0,0.0,0.26282382010936506
441,1791274193313458401,20126246987353,8.34045536999838,primary_goal,7.857285214796056,18.300247277605344,2.5947501983302628,0.0,0.0,0.0,0.26282382010936506
442,1791274193323424228,20126256663127,8.350131143997714,primary_goal,7.857285214796056,18.300247277605344,2.5947501983302628,0.0,0.0,0.0,0.26282382010936506
443,1791274193333425981,20126266614974,8.360082990999217,primary_goal,7.857285214796056,18.300247277605344,2.5947501983302628,0.0,0.0,0.0,0.26282382010936506
444,1791274193343321477,20126276939256,8.370407272999728,primary_goal,7.857285214796056,18.300247277605344,2.5947501983302628,0.0,0.0,0.0,0.26282382010936506
445,1791274193353425580,20126286715178,8.380183195000427,primary_goal,7.857285214796056,18.300247277605344,2.5947501983302628,0.0,0.0,0.0,0.26282382010936506
446,1791274193363421494,20126296661893,8.390129909999814,primary_goal,7.857285214796056,18.300247277605344,2.5947501983302628,0.0,0.0,0.0,0.26282382010936506
447,1791274193373304568,20126306731684,8.4001997009982,primary_goal,7.857285214796056,18.300247277605344,2.5947501983302628,0.0,0.0,0.0,0.26282382010936506
448,1791274193383301127,20126316469443,8.409937460000947,primary_goal,7.857285214796056,18.300247277605344,2.5947501983302628,0.0,0.0,0.0,0.26282382010936506
449,1791274193393430362,20126326608613,8.42007662999822,primary_goal,7.857285214796056,18.300247277605344,2.5947501983302628,0.0,0.0,0.0,0.26282382010936506
450,1791274193403411083,20126336583118,8.430051135001122,primary_goal,7.857285214796056,18.300247277605344,2.5947501983302628,0.0,0.0,0.0,0.26282382010936506
451,1791274193413420405,20126346767367,8.440235383997788,primary_goal,7.857285214796056,18.300247277605344,2.5947501983302628,0.0,0.0,0.0,0.26282382010936506
452,1791274193423411207,20126356672663,8.450140680000914,primary_goal,7.857285214796056,18.300247277605344,2.5947501983302628,0.0,0.0,0.0,0.26282382010936506
453,1791274193433301793,20126366638083,8.460106099999393,primary_goal,7.857285214796056,18.300247277605344,2.5947501983302628,0.0,0.0,0.0,0.26282382010936506
454,1791274193443473661,20126377112207,8.470580223998695,primary_goal,7.857285214796056,18.300247277605344,2.5947501983302623,-3.130780226153983e-11,-5.544564582658833e-11,-2.026902532025402e-11,0.26282382010936506
455,1791274193453483551,20126387199748,8.480667764997634,primary_goal,7.857284669015103,18.300246306110367,2.5947498462261183,-0.00021719567377145304,-0.0003871167035930474,-0.0001399944267106768,0.2628238671342202
456,1791274193463508266,20126397378739,8.490846755998064,primary_goal,7.857276513897171,18.300231706659318,2.594744605762983,-0.0017018348356432143,-0.003053946527860421,-0.0010917957635276357,0.2628245322550276
457,1791274193473533445,20126407764657,8.501232673999766,primary_goal,7.857242317448225,18.300170083641216,2.5947227303114104,-0.005527756786203085,-0.009990110401451271,-0.003529066389130972,0.2628271416860603
458,1791274193483549731,20126417817709,8.511285725999187,primary_goal,7.8571563227202,18.300014033559872,2.5946679818922496,-0.01238366968315519,-0.022543343994182546,-0.007866955264857001,0.2628332356804129
459,1791274193493459861,20126427409656,8.520877672999632,primary_goal,7.856983534759824,18.29969817824302,2.5945585257624764,-0.02299164615801613,-0.042173187292942,-0.014530449128053012,0.2628445374706237
460,1791274193503565076,20126437880955,8.53134897199925,primary_goal,7.856686026659867,18.29915014187601,2.5943710457414446,-0.0377262790428377,-0.06974944687330513,-0.023714907624778143,0.2628624191944245
461,1791274193513487952,20126447337393,8.540805410000758,primary_goal,7.85621289723303,18.298271510373603,2.594074528120193,-0.057206855242388804,-0.1066544738855147,-0.035757165123631265,0.2628884960271087
462,1791274193523290614,20126456635450,8.550103466997825,primary_goal,7.855532444164914,18.29699713523421,2.593650510066782,-0.08102932855493045,-0.1523767411759237,-0.05035314345700969,0.2629229920849904
463,1791274193533411320,20126466753622,8.560221638999792,primary_goal,7.85458487181058,18.295206734545307,2.593063549920701,-0.10971164122756477,-0.20819999820495244,-0.067760088455321,0.26296759132997444
464,1791274193543483359,20126477045419,8.570513435999601,primary_goal,7.853310877473424,18.292776936882056,2.5922793478949617,-0.14342147716354864,-0.2748114822048865,-0.08800682373264611,0.26302419993758624
465,1791274193553389937,20126486529382,8.579997398999694,primary_goal,7.851707299544701,18.28968850841071,2.591298730776701,-0.18088863816828082,-0.35006598372671444,-0.11025944890729833,0.263093295955597
466,1791274193563335849,20126496516480,8.589984497000842,primary_goal,7.849691655741838,18.28576655200497,2.5900745502712206,-0.22280102851135944,-0.4357442039222583,-0.1348515420123888,0.2631805204523721
467,1791274193573286180,20126506530299,8.599998315999983,primary_goal,7.84727024760437,18.281004292429724,2.5886144514107254,-0.2678723239651474,-0.5296550367639797,-0.16094861027701804,0.2632900245959701
468,1791274193583328499,20126516476414,8.60994443099844,primary_goal,7.84433882994318,18.27517343210113,2.58686013518496,-0.3169135606002252,-0.6339898175085306,-0.18893200515562575,0.26343427636889044
469,1791274193593386755,20126526439715,8.619907731997955,primary_goal,7.840885378369206,18.26822114139213,2.584809946689968,-0.3689499486004364,-0.7472763263982631,-0.2181424157785735,0.2636260963975789
470,1791274193603386629,20126536595641,8.630063657998107,primary_goal,7.8369334577691205,18.26016415950551,2.5824835818182295,-0.42270847458738453,-0.8673068064369979,-0.2477739731440632,0.26388071622563486
471,1791274193613406099,20126546830178,8.64029819499774,primary_goal,7.8324062230847025,18.25081036383835,2.5798422214211927,-0.4783723287413106,-0.9951062229635769,-0.2778317778255026,0.2642253222298349
472,1791274193623374858,20126556655355,8.650123372000962,primary_goal,7.827362182738971,18.24024112570229,2.576926955348042,-0.5344423860986394,-1.1278817484540093,-0.3074095592124195,0.2646834408070366
473,1791274193633273443,20126566534484,8.660002501001145,primary_goal,7.8217465039359,18.2282981429558,2.573713498981273,-0.5908487213535216,-1.2661332617063743,-0.3363763166716201,0.26529405275299595
474,1791274193643384218,20126576608199,8.67007621599987,primary_goal,7.815519742629031,18.21484457371672,2.570188116164333,-0.6472236174766317,-1.4097928868529728,-0.36442689247215876,0.26610491081676274
475,1791274193653385713,20126586606319,8.680074335999961,primary_goal,7.808812160950548,18.200107497930702,2.566433292856417,-0.7017973830712705,-1.555127065894272,-0.39058014952022485,0.2671469475943173
476,1791274193663393448,20126596569919,8.69003793599768,primary_goal,7.8015171134092824,18.183792472763617,2.562398680495438,-0.7548988223846267,-1.7038384158015842,-0.41489171667661856,0.2684915639295709
477,1791274193673304158,20126606581664,8.700049680999655,primary_goal,7.793775353298294,18.166148243821137,2.558172072357486,-0.8049958292306658,-1.8525343169256194,-0.43655362557634897,0.2701738812253864
478,1791274193683403166,20126616807088,8.710275105000619,primary_goal,7.785415573534878,18.146706133125715,2.553671416857936,-0.85263863847477,-2.003956703444521,-0.4556735814357356,0.27230296222188294
479,1791274193693447233,20126626920217,8.720388233999984,primary_goal,7.776711472194106,18.12602024926902,2.549055690961078,-0.8957861421344244,-2.152752808519541,-0.4713062573580704,0.27488412201707185
480,1791274193703272594,20126636872350,8.73034036700119,primary_goal,7.767549389001436,18.103736915625593,2.5442758306959337,-0.9346467761500958,-2.300691980918161,-0.48342179756002457,0.2780255257684439
481,1791274193713263754,20126646720214,8.740188231000502,primary_goal,7.758102374801961,18.080184438390546,2.539434137492807,-0.9681198212993233,-2.444828976489271,-0.49155177061681227,0.2817466246505898
482,1791274193723254495,20126656483919,8.749951935998979,primary_goal,7.748174791001529,18.054762283066175,2.5344448745815793,-0.9965463044805896,-2.587925713339377,-0.49554009327584425,0.2862158961594888
483,1791274193733371061,20126666604713,8.760072729997773,primary_goal,7.738185475626893,18.028449533929344,2.5295356943319933,-1.0196123077561206,-2.7238517203025148,-0.4948357815474865,0.2913297809990722
484,1791274193743444251,20126677008138,8.770476154997596,primary_goal,7.738185475626893,18.028449533929344,2.5295356943319933,-1.0196123077561206,-2.7238517203025148,-0.4948357815474865,0.2913297809990722
485,1791274193753466642,20126687215606,8.780683623001096,primary_goal,7.717338867194688,17.971134880659022,2.5197330451136097,-1.054657086927021,-2.981300181799647,-0.47828946502101605,0.3042032444110749
486,1791274193763283887,20126697057126,8.790525142998376,primary_goal,7.706640352391687,17.94047076191888,2.5149865303757624,-1.0665269548259233,-3.098853352676728,-0.4622372830646879,0.31207955932007553
487,1791274193773393963,20126706988646,8.80045666300066,primary_goal,7.696095990002102,17.90942420063251,2.5105315801723966,-1.0741376762505705,-3.204468809301089,-0.44168097563953584,0.32075779619856787
488,1791274193783313180,20126716970749,8.810438765998697,primary_goal,7.685262173446689,17.87666611163722,2.506211369548793,-1.0775489245226495,-3.302041300068104,-0.4158587197841268,0.3306745628056928
489,1791274193793406735,20126727695126,8.821163142998557,primary_goal,7.674514735360277,17.843288172239596,2.502209518061816,-1.0762840365340338,-3.387606071160958,-0.38568451912206086,0.3415664020503412
490,1791274193803535559,20126737929515,8.831397531997936,primary_goal,7.6636492417615605,17.80861334217423,2.4984796342883806,-1.070001586023939,-3.4625007330893935,-0.35066729324794843,0.3536991938329101
491,1791274193813365603,20126747141254,8.840609270999266,primary_goal,7.653058876705221,17.773858928204945,2.4951798840910633,-1.0586783051616646,-3.524026783529065,-0.31221673167586306,0.36666477739629916
492,1791274193823355830,20126756618320,8.850086336999084,primary_goal,7.642573396450273,17.738436341954195,2.4922723747342714,-1.0419693419332372,-3.5735075307077846,-0.2699303362442108,0.3806703590504052
493,1791274193833346563,20126766628609,8.860096625998267,primary_goal,7.632301159813763,17.70264868991263,2.489808147486565,-1.0197561253572411,-3.610595442585993,-0.22435410043844992,0.39558586363090037
494,1791274193843297954,20126776738743,8.870206759998837,primary_goal,7.62222852862618,17.666369729961893,2.487804311713002,-0.9916886521670564,-3.6355537344846054,-0.17551862875487434,0.41143992776199795
495,1791274193853265185,20126786489721,8.879957737997756,primary_goal,7.62222852862618,17.666369729961893,2.487804311713002,-0.9916886521670564,-3.6355537344846054,-0.17551862875487434,0.41143992776199795
496,1791274193863226503,20126796386851,8.889854868000839,primary_goal,7.603052056673689,17.5932780567234,2.485326966309953,-0.9176260597464139,-3.6492542801385284,-0.07015282159821289,0.4453895599526933
497,1791274193873386993,20126806619657,8.900087673999224,primary_goal,7.59410019480929,17.55682565248554,2.484901727647561,-0.8715537800644689,-3.6386609969516086,-0.014615324949056471,0.4631953724165054
498,1791274193883226384,20126816439365,8.909907381999801,primary_goal,7.585647524157999,17.520568362221237,2.485038964608077,-0.8193633072115942,-3.6170667780071097,0.042286078910850164,0.48139097735656583
499,1791274193893283887,20126826668744,8.920136761000322,primary_goal,7.577737106703798,17.4845318452001,2.485751372435821,-0.7608921439008952,-3.584928606962566,0.10025351965806975,0.4998814357321943
500,1791274193903327210,20126836608810,8.930076827000448,primary_goal,7.5705160905382485,17.449239707308795,2.4870302378803393,-0.6969041395096122,-3.543323281050788,0.1581630739037962,0.5183062908196452
501,1791274193913232246,20126846800808,8.940268825001112,primary_goal,7.563816315247887,17.413611092485464,2.48893270016683,-0.6251477680209817,-3.491279820498257,0.21753107366475247,0.5371428331690797
502,1791274193923262072,20126856630928,8.9500989449989,primary_goal,7.55804462457891,17.379614795889434,2.491350061011964,-0.5495351581230277,-3.432278885128918,0.27479234325852103,0.5552559506188484
503,1791274193933381345,20126866706760,8.960174776999338,primary_goal,7.552897106392896,17.34517536341822,2.49443133367514,-0.4653189242535855,-3.363215341153967,0.3331534373675339,0.5736556173681255
504,1791274193943251142,20126876722737,8.970190754000214,primary_goal,7.548676412761247,17.311842563399342,2.498054787680359,-0.37595487282600143,-3.2874144001310706,0.3897067199117289,0.5914201765249165
505,1791274193953355753,20126886850953,8.980318969999644,primary_goal,7.545371245170725,17.27919098152136,2.502253178446701,-0.28031944733201936,-3.2045143299022616,0.4448765995731822,0.60868227654805
506,1791274193963317813,20126896636979,8.99010499599899,primary_goal,7.543095611712037,17.24806758740811,2.506890950421337,-0.18106581858998086,-3.1173699467872495,0.49695289799734543,0.6249091873121475
507,1791274193973257716,20126906475327,8.999943343998893,primary_goal,7.541810547562595,17.217292400456607,2.512127545077448,-0.07445783981447159,-3.0231879111601194,0.5476246725456045,0.640630187904931
508,1791274193983423523,20126916754040,9.010222057000647,primary_goal,7.541618434787678,17.187710023509336,2.517813010937535,0.0366985171199743,-2.9248742285772473,0.5952059422959963,0.6553257135120285
509,1791274193993333999,20126926618077,9.020086093998543,primary_goal,7.542573244644976,17.15883845220789,2.5240223103700594,0.1542059323862136,-2.8212294900888613,0.6401857573641676,0.6691531072860353
510,1791274194003307022,20126936546759,9.030014775999007,primary_goal,7.5447302299570005,17.13106528378596,2.5306571054045874,0.27653421047431703,-2.7139518630225936,0.6816661770645924,0.6818436719847261
511,1791274194013375135,20126947054179,9.040522195999074,primary_goal,7.548120954071758,17.104498872957432,2.537658167904964,0.40301454380052626,-2.603911482378467,0.7192396657754071,0.6932828104718571
512,1791274194023317700,20126956627142,9.050095159000193,primary_goal,7.552803049067397,17.07901976919553,2.5450227150517617,0.5340244012473864,-2.4910077906896104,0.7528385145846016,0.7034606230637774
513,1791274194033234494,20126966530100,9.059998116998031,primary_goal,7.5588657508344586,17.054505583713688,2.552760088971621,0.670143766900701,-2.374931343445436,0.7823573073255752,0.7123554570127257
514,1791274194043267484,20126976725701,9.070193717998336,primary_goal,7.566141091105991,17.031668997713982,2.560593965772292,0.8069820133298401,-2.259515465647562,0.8067932019772249,0.7196769136177708
515,1791274194053524592,20126987226786,9.08069480300037,primary_goal,7.575204821757317,17.00902448398413,2.56901451594466,0.953551783007181,-2.1372639430552245,0.8274244615391974,0.7258170522452869
516,1791274194063355293,20126997056783,9.090524799998093,primary_goal,7.5852681430831685,16.98861262573045,2.5772171176050565,1.0963185749542916,-2.019462578706932,0.8422451924261771,0.7301882589224102
517,1791274194073342650,20127006647425,9.10011544200097,primary_goal,7.5969551077557,16.9690436740456,2.5856844625807214,1.244166154031053,-1.8986708783699573,0.8523137424664906,0.7331127395169628
518,1791274194083336839,20127016533030,9.110001046999969,primary_goal,7.6101255312216995,16.950691600262587,2.5942236053287155,1.3942272340885682,-1.7771576351930019,0.8572174684101379,0.734474304399199
519,1791274194093302086,20127026474461,9.119942477998848,primary_goal,7.624652847625483,16.93371772323401,2.602701824079566,1.5446468391165478,-1.656258682372439,0.8569061281674771,0.7342631479804622
520,1791274194103290562,20127036460049,9.129928065998683,primary_goal,7.640818724779373,16.917811202311917,2.611223593963011,1.6977776028462943,-1.5338844156687268,0.8513348072462322,0.7324648455844995
521,1791274194113304937,20127046762982,9.140230999000778,primary_goal,7.658563303431755,16.903091412667308,2.6196844443223912,1.8522854836267586,-1.4108707610541409,0.8404348851799782,0.7290573418523758
522,1791274194123331837,20127056630177,9.150098194000748,primary_goal,7.677847470371689,16.889607954738274,2.628006457798923,2.0072720549281753,-1.2876514226761897,0.8242418516713569,0.7240458526574189
523,1791274194133330684,20127066618198,9.160086215000774,primary_goal,7.6989628296641355,16.87720545670886,2.636244896009876,2.164355883107486,-1.1626143724251148,0.8024955114330642,0.7173398981249237
524,1791274194143301979,20127076681671,9.170149687997764,primary_goal,7.72129672270962,16.86623535022268,2.6441126387689007,2.3185680135358515,-1.0393579287851114,0.7759347836130625,0.7068083291192804
525,1791274194153276976,20127086518522,9.179986538998492,primary_goal,7.745332977308869,16.85643142893385,2.6517418748179233,2.4729627065179476,-0.9150564989233471,0.7441524547150429,0.6812519753267599
526,1791274194163235792,20127096401747,9.189869763999013,primary_goal,7.770470539632017,16.848008696899598,2.6589086070903982,2.623433696469911,-0.7926189655703245,0.7081355798576187,0.6555277741611552
527,1791274194173332811,20127106398359,9.199866375998681,primary_goal,7.797769115764921,16.84062108355887,2.6658802923065097,2.7630804990842095,-0.6668054101661518,0.6698364454313004,0.6285850441245455
528,1791274194183403759,20127116896863,9.21036488000027,primary_goal,7.826484072603944,16.83445173400669,2.672562760696708,2.845475902544908,-0.5414246488647316,0.6403415455746609,0.6011885758245095
529,1791274194193240115,20127126773077,9.220241094000812,primary_goal,7.854069134638775,16.82977179048504,2.678664586633522,2.849383688027064,-0.42807408504591893,0.6238073272041568,0.5756494113847244
530,1791274194203315812,20127136820863,9.230288880000444,primary_goal,7.882378850892277,16.826023978845292,2.68487776949203,2.778592456410024,-0.32073528849320176,0.6148449558334911,0.5501464161775911
531,1791274194213338428,20127146922937,9.240390954000759,primary_goal,7.909584731146769,16.82328593899748,2.6909990694585897,2.6466478897126184,-0.22905474800931216,0.6073318393891453,0.5262622240447794
532,1791274194223219351,20127156558574,9.25002659099846,primary_goal,7.935365300426174,16.821365031070144,2.697047268650738,2.4735240838537216,-0.15628478548837027,0.5933243903526727,0.5041593282681656
533,1791274194233308397,20127166563960,9.260031976999016,primary_goal,7.959148046669917,16.82007548323782,2.702857020071704,2.2826845374230187,-0.10530119179644529,0.5662822091268049,0.4841904969072652
534,1791274194243269599,20127176631863,9.27009987999918,primary_goal,7.9807920341324445,16.81919595726827,2.708259000454585,2.092776895443845,-0.07583528823151275,0.5225200816798048,0.4663201686193445
535,1791274194253430837,20127186995263,9.280463279999822,primary_goal,8.001117466756238,16.818494537052675,2.7132635542010117,1.908351058588984,-0.06518085204427213,0.459039834558014,0.44973322781209973
536,1791274194263327646,20127197132350,9.29060036699957,primary_goal,8.019402001567798,16.81782721384895,2.717484408600484,1.7412213037584934,-0.07003966938843215,0.3806734047988197,0.4348936157882392
537,1791274194273310249,20127207053175,9.300521191998996,primary_goal,8.0360480974398,16.817059045978812,2.720859105060319,1.5861721554383785,-0.08453495182081894,0.29257298576393764,0.42137223244323446
538,1791274194283261441,20127216407750,9.30987576699772,primary_goal,8.050990532373078,16.81613645998242,2.7233093751553223,1.4370195620094364,-0.10217238845836549,0.20354307687029147,0.4091605537907123
539,1791274194293252527,20127226378785,9.31984680199821,primary_goal,8.064565960657735,16.815036035488372,2.7249151340928943,1.2811487309544873,-0.11742141101321452,0.11986300816568929,0.39795844153088383
540,1791274194303261822,20127236348947,9.329816964000202,primary_goal,8.076523660192745,16.813816877901118,2.7257476632315574,1.1128396953733741,-0.12540530271275582,0.0497422642197826,0.3879767907711406
541,1791274194313286916,20127246853721,9.340321738000057,primary_goal,8.086641150188834,16.81257791559115,2.7259701311476747,0.9312187857690281,-0.12345118281336975,-0.0014494783125688104,0.3794299393266975
542,1791274194323282923,20127256523764,9.349991781000426,primary_goal,8.095103935416411,16.81137897879665,2.725776838738315,0.7326614072429553,-0.11074993243506441,-0.03303497951532496,0.3721976408448286
543,1791274194333257116,20127266620077,9.360088093999366,primary_goal,8.101422673453445,16.810374489912526,2.7253755541995908,0.5358494066174296,-0.08962088803604565,-0.04453001079155905,0.366739239923129
544,1791274194343272775,20127276418734,9.369886750999285,primary_goal,8.10583184609515,16.80960764277191,2.7249390541807323,0.3510454261729675,-0.0636164422294414,-0.04088169273677772,0.362893632368449
545,1791274194353297080,20127286528839,9.379996855997888,primary_goal,8.108535780273545,16.80910251088944,2.724587704865329,0.19415744396784607,-0.037523202201779265,-0.028258763136337572,0.3605149859896503
546,1791274194363155211,20127296520081,9.389988097998867,primary_goal,8.109866959590066,16.808839238900212,2.724379302966653,0.08167129707537935,-0.016615465649796518,-0.013920661918702393,0.359335077970166
547,1791274194373357776,20127307322213,9.400790229999984,primary_goal,8.110328796310307,16.808743666128603,2.7242965928008696,0.018908053919652,-0.0040121097173713705,-0.0036326406056496063,0.3589230549007773
548,1791274194383329516,20127317573103,9.411041119998117,primary_goal,8.110396810099727,16.808729086707814,2.724283156709683,0.0004640720765936024,-0.00010192452856006007,-9.782957884829635e-05,0.35886205144142064
549,1791274194393484150,20127327971844,9.421439860998362,primary_goal,8.110397256024118,16.808728988537478,2.7242830621195107,-1.7763568394002505e-15,-1.3322676295501878e-15,-4.440892098500626e-16,0.3588616497951615
550,1791274194403206209,20127337656202,9.431124218997866,primary_goal,8.110397256024118,16.808728988537478,2.7242830621195107,-1.7763568394002505e-15,-1.3322676295501878e-15,-4.440892098500626e-16,0.3588616497951615
551,1791274194413243419,20127347040069,9.440508085997863,primary_goal,8.110397256024118,16.808728988537478,2.7242830621195107,-1.7763568394002505e-15,-1.3322676295501878e-15,-4.440892098500626e-16,0.3588616497951615
552,1791274194423291762,20127356530626,9.449998642998253,primary_goal,8.110397256024118,16.808728988537478,2.7242830621195107,-1.7763568394002505e-15,-1.3322676295501878e-15,-4.440892098500626e-16,0.3588616497951615
553,1791274194433250512,20127366355376,9.459823393000988,primary_goal,8.110397256024118,16.808728988537478,2.7242830621195107,-1.7763568394002505e-15,-1.3322676295501878e-15,-4.440892098500626e-16,0.3588616497951615
554,1791274194443245600,20127376419460,9.469887477000157,primary_goal,8.110397256024118,16.808728988537478,2.7242830621195107,-1.7763568394002505e-15,-1.3322676295501878e-15,-4.440892098500626e-16,0.3588616497951615
555,1791274194453268155,20127386394274,9.479862290998426,primary_goal,8.110397256024118,16.808728988537478,2.7242830621195107,-1.7763568394002505e-15,-1.3322676295501878e-15,-4.440892098500626e-16,0.3588616497951615
556,1791274194463251647,20127396329488,9.489797505000752,primary_goal,8.110397256024118,16.808728988537478,2.7242830621195107,-1.7763568394002505e-15,-1.3322676295501878e-15,-4.440892098500626e-16,0.3588616497951615
557,1791274194473166116,20127406514914,9.499982930999977,primary_goal,8.110397256024118,16.808728988537478,2.7242830621195107,-1.7763568394002505e-15,-1.3322676295501878e-15,-4.440892098500626e-16,0.3588616497951615
558,1791274194483333097,20127416754175,9.510222191998764,primary_goal,8.110397256024118,16.808728988537478,2.7242830621195107,-1.7763568394002505e-15,-1.3322676295501878e-15,-4.440892098500626e-16,0.3588616497951615
559,1791274194493160761,20127426682631,9.520150648000708,primary_goal,8.110397256024118,16.808728988537478,2.7242830621195107,-1.7763568394002505e-15,-1.3322676295501878e-15,-4.440892098500626e-16,0.3588616497951615
560,1791274194503345305,20127437036015,9.530504031998134,primary_goal,8.110397256024118,16.808728988537478,2.7242830621195107,-1.7763568394002505e-15,-1.3322676295501878e-15,-4.440892098500626e-16,0.3588616497951615
561,1791274194513217032,20127447019111,9.540487128000677,primary_goal,8.110397256024118,16.808728988537478,2.7242830621195107,-1.7763568394002505e-15,-1.3322676295501878e-15,-4.440892098500626e-16,0.3588616497951615
562,1791274194523284846,20127456529701,9.549997718000668,primary_goal,8.110397256024118,16.808728988537478,2.7242830621195107,-1.7763568394002505e-15,-1.3322676295501878e-15,-4.440892098500626e-16,0.3588616497951615
563,1791274194533252481,20127466344536,9.559812552997755,primary_goal,8.110397256024118,16.808728988537478,2.7242830621195107,-1.7763568394002505e-15,-1.3322676295501878e-15,-4.440892098500626e-16,0.3588616497951615
564,1791274194543195095,20127476508103,9.569976119997591,primary_goal,8.110397256024118,16.808728988537478,2.7242830621195107,-1.7763568394002505e-15,-1.3322676295501878e-15,-4.440892098500626e-16,0.3588616497951615
565,1791274194553446699,20127486976873,9.580444889998034,primary_goal,8.110397256024118,16.808728988537478,2.7242830621195107,-1.7763568394002505e-15,-1.3322676295501878e-15,-4.440892098500626e-16,0.3588616497951615
566,1791274194563284527,20127497031140,9.590499156998703,primary_goal,8.110397256024118,16.808728988537478,2.7242830621195107,-1.7763568394002505e-15,-1.3322676295501878e-15,-4.440892098500626e-16,0.3588616497951615
567,1791274194573269407,20127506928864,9.600396881000052,primary_goal,8.110397256024118,16.808728988537478,2.7242830621195107,-1.7763568394002505e-15,-1.3322676295501878e-15,-4.440892098500626e-16,0.3588616497951615
568,1791274194583334191,20127517148656,9.61061667299873,primary_goal,8.110397256024118,16.808728988537478,2.7242830621195107,-1.7763568394002505e-15,-1.3322676295501878e-15,-4.440892098500626e-16,0.3588616497951615
569,1791274194593421129,20127527924218,9.621392234999803,primary_goal,8.110397256024118,16.808728988537478,2.7242830621195107,-1.7763568394002505e-15,-1.3322676295501878e-15,-4.440892098500626e-16,0.3588616497951615
570,1791274194603437864,20127537933988,9.631402004997653,primary_goal,8.110397256024118,16.808728988537478,2.7242830621195107,-1.7763568394002505e-15,-1.3322676295501878e-15,-4.440892098500626e-16,0.3588616497951615
571,1791274194613334039,20127547152664,9.640620680998836,primary_goal,8.110397256024118,16.808728988537478,2.7242830621195107,-1.7763568394002505e-15,-1.3322676295501878e-15,-4.440892098500626e-16,0.3588616497951615
572,1791274194623272033,20127556540584,9.650008600998262,primary_goal,8.110397256024118,16.808728988537478,2.7242830621195107,-1.7763568394002505e-15,-1.3322676295501878e-15,-4.440892098500626e-16,0.3588616497951615
573,1791274194633273790,20127566541258,9.66000927499772,primary_goal,8.110397256024118,16.808728988537478,2.7242830621195107,-1.7763568394002505e-15,-1.3322676295501878e-15,-4.440892098500626e-16,0.3588616497951615
574,1791274194643301576,20127576993355,9.670461371999409,primary_goal,8.110397256024118,16.808728988537478,2.7242830621195107,-1.7763568394002505e-15,-1.3322676295501878e-15,-4.440892098500626e-16,0.3588616497951615
575,1791274194653366078,20127587075992,9.680544008999277,primary_goal,8.110397256024118,16.808728988537478,2.7242830621195107,-1.7763568394002505e-15,-1.3322676295501878e-15,-4.440892098500626e-16,0.3588616497951615
576,1791274194663316763,20127597217955,9.69068597200021,primary_goal,8.110397256024118,16.808728988537478,2.7242830621195107,0.0,0.0,0.0,0.3588616497951615
577,1791274194673101190,20127606341980,9.699809997000557,primary_goal,8.110397256024118,16.808728988537478,2.7242830621195107,0.0,0.0,0.0,0.3588616497951615
578,1791274194683128101,20127616487268,9.709955284997704,primary_goal,8.110397256024118,16.808728988537478,2.7242830621195107,0.0,0.0,0.0,0.3588616497951615
579,1791274194693188763,20127626420267,9.719888283998444,primary_goal,8.110397256024118,16.808728988537478,2.7242830621195107,0.0,0.0,0.0,0.3588616497951615
580,1791274194703191065,20127636317480,9.729785496998375,primary_goal,8.110397256024118,16.808728988537478,2.7242830621195107,0.0,0.0,0.0,0.3588616497951615
581,1791274194713092300,20127646492658,9.739960675000475,primary_goal,8.110397256024118,16.808728988537478,2.7242830621195107,0.0,0.0,0.0,0.3588616497951615
582,1791274194723177850,20127656537196,9.750005212998076,primary_goal,8.110397256024118,16.808728988537478,2.7242830621195107,-1.4624298807373495e-11,-4.892566252602076e-12,-1.1732076813452424e-12,0.3588616497951615
583,1791274194733181908,20127666895528,9.760363544999564,primary_goal,8.110396450831226,16.80872871423005,2.72428299735368,-0.00031797850219670134,-0.00010882625433096601,-2.559401490773311e-05,0.3588620798719279
584,1791274194743118614,20127676356492,9.76982450899959,primary_goal,8.110385080107864,16.80872476452358,2.724282080097315,-0.002399317971684037,-0.0008401248918901063,-0.00019378346374356972,0.3588681036760963
585,1791274194753127950,20127686423051,9.779891067999415,primary_goal,8.110337288447827,16.80870779615839,2.724278211916273,-0.007801464470071206,-0.00279634205511981,-0.0006323714392232212,0.3588931828715051
586,1791274194763116471,20127696629651,9.790097667999362,primary_goal,8.110214173033409,16.808663072319508,2.724268211319748,-0.017716854031448123,-0.006502178198003868,-0.0014414870366436258,0.35895713620153863
587,1791274194773127823,20127707135694,9.800603710998985,primary_goal,8.109964820869395,16.808570339773752,2.724247879782363,-0.03317720965355194,-0.012471976376870655,-0.0027099791989489454,0.35908529671358597
588,1791274194783131269,20127717295005,9.810763022000174,primary_goal,8.109518438540963,16.80840025707097,2.724211336146783,-0.055462511511894685,-0.02137465881510031,-0.004549270323584171,0.3593121919914614
589,1791274194793266944,20127727703328,9.821171345000039,primary_goal,8.108830152436761,16.80813148540286,2.7241547520675415,-0.08406285504089604,-0.033204905357755686,-0.00692465116921314,0.35965811995893254
590,1791274194803105559,20127736546784,9.83001480099847,primary_goal,8.107825975258914,16.80772956653778,2.7240718398298456,-0.11966121446223738,-0.04845995714114514,-0.009900950275854269,0.36015714950030436
591,1791274194813246424,20127746671215,9.840139232001093,primary_goal,8.106426093620493,16.80715501822872,2.7239557289087264,-0.16269622142447185,-0.06758667120560528,-0.013524732996618544,0.3608449985561834
592,1791274194823089459,20127756283045,9.849751061999996,primary_goal,8.10456296124871,16.806370524130305,2.723800456071663,-0.21298469067066372,-0.09079487817340968,-0.017791856726432808,0.36175025245881026
593,1791274194833090362,20127766296146,9.859764163000364,primary_goal,8.102161233665111,16.805332574444215,2.7235992943950724,-0.27046436451544686,-0.11837387702673521,-0.02270953780288867,0.3629044491034789
594,1791274194843233001,20127776459979,9.869927995998296,primary_goal,8.099116110457306,16.803981003603663,2.723342895382035,-0.335544940890355,-0.150889696671848,-0.028327532913692617,0.36435232011931035
595,1791274194853217571,20127786399507,9.879867523999565,primary_goal,8.09542082497534,16.80229571497335,2.7230300261885603,-0.40651234915989376,-0.18786587364684942,-0.03451324080627963,0.36609163062224964
596,1791274194863205721,20127796445324,9.889913340997737,primary_goal,8.090981470211293,16.800214507113647,2.7226519759074708,-0.4835357772545998,-0.22977679678737795,-0.04129729200922243,0.36816162897640975
597,1791274194873231440,20127806835843,9.90030385999853,primary_goal,8.085702439110241,16.79766880992617,2.722199662218046,-0.5665677028673218,-0.27705266897767117,-0.04869445142378248,0.3706021038961533
598,1791274194883213973,20127816880128,9.910348145000171,primary_goal,8.079551439726444,16.79461560395949,2.7216692196696295,-0.6544990530696445,-0.3295536246003716,-0.056626633380184144,0.3734240833383659
599,1791274194893268823,20127827131120,9.920599136999954,primary_goal,8.07253530445001,16.791028880932863,2.7210600462149475,-0.7458790933023389,-0.38688622477092316,-0.06498328489411703,0.3766222123019702
600,1791274194903279773,20127836961073,9.930429089999961,primary_goal,8.064688182888835,16.786896001727627,2.72037387132174,-0.8392081246192066,-0.4485362520545547,-0.07364602931625741,0.380180699366851
601,1791274194913224631,20127847087368,9.940555385001062,primary_goal,8.055739472068558,16.78203655859213,2.7195854160089348,-0.9363593185093405,-0.5163668274341233,-0.08283580691867364,0.38422316640470505
602,1791274194923147942,20127856436843,9.94990486000097,primary_goal,8.045968085159846,16.7765599770292,2.718716874330921,-1.0328307682616062,-0.588107634631188,-0.09225987446055739,0.3886255999058434
603,1791274194933151405,20127866393236,9.959861252998962,primary_goal,8.03517100437103,16.770306391849672,2.7177465742508207,-1.1294545161962626,-0.665178814478602,-0.10214218465955918,0.39348213124689696
604,1791274194943100669,20127876541914,9.970009930999367,primary_goal,8.023388727201034,16.76324254978066,2.716672988751779,-1.224676283535561,-0.7471939122042299,-0.1124677155036029,0.39877792985859445
605,1791274194953238110,20127886496361,9.97996437799884,primary_goal,8.010501720510693,16.755230752489734,2.715478513735978,-1.3183430455151384,-0.8348909922933563,-0.12336672282504715,0.4045716548103457
606,1791274194963202888,20127896426355,9.98989437199998,primary_goal,7.997000532847575,16.746516040164906,2.7142015733803384,-1.4063074785916598,-0.924925651803175,-0.13446764881278914,0.4106493182172652
607,1791274194973176365,20127906753498,10.000221514997975,primary_goal,7.9826472907570905,16.736888236794908,2.7128122649365705,-1.4898563408853256,-1.0189209363847882,-0.14601626950918942,0.4171261041648548
608,1791274194983203483,20127916814893,10.01028290999966,primary_goal,7.967200179301199,16.726103495009053,2.7112769609824254,-1.5696453130309445,-1.1184013889556712,-0.15824353130601132,0.4241221416423295
609,1791274194993203905,20127926813525,10.020281541997974,primary_goal,7.95121740901894,16.714475211882938,2.709640800354124,-1.6423485521124814,-1.219755985127791,-0.17075014011601938,0.43139722966317157
610,1791274195003155155,20127936453168,10.029921184999694,primary_goal,7.934468548161381,16.70176607458565,2.7078699638464316,-1.7088504384064112,-1.3244663551406686,-0.1837626434168847,0.439070154203216
611,1791274195013078966,20127946577855,10.04004587199961,primary_goal,7.917020416835628,16.68794148346752,2.7059591189578334,-1.7685259555071688,-1.4320964943399075,-0.19727215450314792,0.44712723545983585
612,1791274195023130017,20127956341976,10.049809993000963,primary_goal,7.899252441252837,16.67323074090265,2.703938550242999,-1.820020260293296,-1.5403262135833566,-0.21102809989064716,0.4554100525309492
613,1791274195033133984,20127966366323,10.059834339997906,primary_goal,7.88070234055888,16.657165788076718,2.701742292920292,-1.8644826650333781,-1.6519657960440073,-0.22543070970230095,0.46415395482271665
614,1791274195043072692,20127976418621,10.069886638000753,primary_goal,7.861647283312081,16.63987935340043,2.699386559123101,-1.9008437419636648,-1.7653049831805272,-0.2403076993580124,0.47325244475983047
615,1791274195053143350,20127986735624,10.080203640998661,primary_goal,7.842828063174791,16.621988349733105,2.6969525982829903,-1.9279336049302391,-1.8759835600327897,-0.25511593837786545,0.482368948191137
616,1791274195063125782,20127996336280,10.089804297000228,primary_goal,7.823301357857903,16.602516774073358,2.6943045701776525,-1.947113552559746,-1.9895565120059684,-0.2706337805569105,0.4919819548250765
617,1791274195073087117,20128006337721,10.099805737998395,primary_goal,7.803807321844314,16.582097587346233,2.6915251969922296,-1.9574176222025537,-2.101687862793704,-0.28631078127280507,0.5017533096277862
618,1791274195083059809,20128016361545,10.109829561999504,primary_goal,7.784274040157487,16.56058589947912,2.688591097626323,-1.9589968175294743,-2.2128070883058477,-0.3022336243717982,0.5117393282414717
619,1791274195093147071,20128026649351,10.120117367998319,primary_goal,7.7647489953516216,16.537949488535276,2.685493905343631,-1.951834117665579,-2.322639706887632,-0.31839248288767635,0.521938646534134
620,1791274195103164362,20128036823978,10.130291994999425,primary_goal,7.745155788661789,16.51399573324609,2.682202827896199,-1.9357548273462049,-2.4315912727434883,-0.3348790358311182,0.5324177461733597
621,1791274195113192820,20128046960386,10.140428402999532,primary_goal,7.7258453489530625,16.48905659172959,2.6787601534053738,-1.9109209906797149,-2.537852124212766,-0.3510242816715922,0.543013507820743
622,1791274195123110495,20128056230360,10.149698377001187,primary_goal,7.707030338638655,16.46334639527178,2.675201324829217,-1.8776613047267787,-2.6407401822408283,-0.36550616144964304,0.5536235969930163
623,1791274195133112067,20128066349979,10.15981799599831,primary_goal,7.68847858108517,16.436461737050696,2.67148814985342,-1.8354936570678895,-2.7419694664493988,-0.3774623622918074,0.5643950725686484
624,1791274195143142860,20128076556384,10.170024400998955,primary_goal,7.670273072053834,16.408389450817644,2.6676468890895086,-1.7843009445243798,-2.841458059429981,-0.3859406785102678,0.5753028239491149
625,1791274195153139081,20128086286697,10.179754713997681,primary_goal,7.6527093520243055,16.379471858443747,2.663760265255225,-1.7247733016493578,-2.9379024302177448,-0.39012979037704176,0.5861870320003899
626,1791274195163069218,20128096215019,10.189683035998314,primary_goal,7.635830802492321,16.34968960590251,2.6598663035115266,-1.657069492383249,-3.0313109846957493,-0.38957240310803803,0.5970326019361458
627,1791274195173066186,20128106441365,10.199909381997713,primary_goal,7.619679023596681,16.31901096989192,2.6560055490963967,-1.5813055316792621,-3.1216499224454695,-0.38394869935674314,0.6078270285830298
628,1791274195183168156,20128116867952,10.21033596900088,primary_goal,7.604367384634705,16.287544879854913,2.6522382723096305,-1.4979638175403291,-3.208434521197293,-0.3731096918754389,0.6185091303387369
629,1791274195193215204,20128127096664,10.220564680999814,primary_goal,7.589766181623302,16.254869461038187,2.64856551009356,-1.4060659843350922,-3.2925328781385366,-0.3567825827550036,0.6291935570287694
630,1791274195203107833,20128136501597,10.229969613999856,primary_goal,7.576048923686415,16.221170007946718,2.6450640141193595,-1.3062266596048742,-3.3730676406456266,-0.33498475250845827,0.6397869662569524
631,1791274195213122345,20128146620606,10.240088622998883,primary_goal,7.5636788090055935,16.187544964898,2.641886911477662,-1.202068097179063,-3.447327702138305,-0.3087116124415942,0.6499359228902342
632,1791274195223099742,20128156293638,10.24976165499902,primary_goal,7.55219039419028,16.15263977548052,2.63894722530081,-1.0896911519392793,-3.5181150693032732,-0.2772009363662638,0.6600368032512585
633,1791274195233133403,20128166321606,10.25978962299996,primary_goal,7.541892694097445,16.117173530138686,2.636354421969883,-0.9715690030167329,-3.583577314740133,-0.24133125152709406,0.6698574197669336
634,1791274195243140360,20128176455827,10.269923844000004,primary_goal,7.532788562872596,16.08101613810604,2.63413682345475,-0.8475148643137589,-3.643690899531141,-0.20135164210348913,0.6794208654549998
635,1791274195253096181,20128186223335,10.279691351999645,primary_goal,7.524960298762259,16.04432680715987,2.632339201449879,-0.7183018154407307,-3.6979070385961346,-0.1578541779804214,0.688672480566658
636,1791274195263094896,20128196282608,10.289750625001034,primary_goal,7.5184087264489365,16.006874434418993,2.6309844036626227,-0.5833120755114751,-3.7462344548036692,-0.11100317254671213,0.6976562153530237
637,1791274195273095421,20128206226522,10.299694539000484,primary_goal,7.513319770212586,15.969663333069613,2.6301254077370966,-0.4464238124562393,-3.7872349590890133,-0.06257335774995905,0.7061301148886958
638,1791274195283022589,20128216088888,10.309556904998317,primary_goal,7.509566583264882,15.931630006832817,2.629752911787616,-0.3039453757221094,-3.82189529765435,-0.011698025946685576,0.7143329812544255
639,1791274195293072332,20128226197495,10.319665512000938,primary_goal,7.507246404376153,15.89306192360224,2.6298981709288607,-0.1570659699842944,-3.849517389852825,0.04075865257578057,0.722183647806153
640,1791274195303106772,20128236201242,10.329669259001093,primary_goal,7.5064187919702015,15.85413486008538,2.63057753533163,-0.006585276654828661,-3.8696262046933922,0.09402141943699874,0.7296333894086589
641,1791274195313085422,20128246497126,10.339965143000882,primary_goal,7.507101003820337,15.815630131776278,2.6317698954451187,0.1443598863035259,-3.8812553115568433,0.1457370688182149,0.7365342645994157
642,1791274195323073640,20128256221181,10.349689197999396,primary_goal,7.509308105178769,15.776880011786995,2.6334724145801425,0.298367338031318,-3.8836164952123524,0.19486685867157466,0.7430048962376583
643,1791274195333078633,20128266246573,10.359714589998475,primary_goal,7.513044100880093,15.73831291036575,2.6356342693122223,0.4537587079435046,-3.875802143280534,0.23931840358101078,0.7489619260886284
644,1791274195343077936,20128276402240,10.369870257000002,primary_goal,7.518407302342316,15.699406597125268,2.6382442052218127,0.6126902311354957,-3.856937428190906,0.27847228219014786,0.7544644115774282
645,1791274195353105725,20128286318650,10.37978666699928,primary_goal,7.525386383710374,15.660695176148964,2.6412186806810554,0.7730520804525612,-3.8266269612971113,0.3108628718637274,0.7594063732737388
646,1791274195363081429,20128296451125,10.38991914199869,primary_goal,7.533928403653226,15.62257749822405,2.64446206670785,0.9332044823398339,-3.7850235913781747,0.33571224271267247,0.7637162991920918
647,1791274195372995460,20128306515395,10.399983412000438,primary_goal,7.5439904609300905,15.585225429937527,2.6478886851234495,1.0924055841186862,-3.7324826841716283,0.3528427410782648,0.7673585219324928
648,1791274195383041697,20128316749569,10.410217585998907,primary_goal,7.555636484534923,15.548442391921654,2.651448797196303,1.2514932397893392,-3.668919796674848,0.36244346232802777,0.7703278475896449
649,1791274195393068062,20128326906605,10.420374622000963,primary_goal,7.569003759136623,15.511980080815981,2.6551044843765053,1.411603692893277,-3.5938885211408578,0.36467315809725764,0.7726000315256663
650,1791274195403101439,20128336316762,10.429784779000329,primary_goal,7.583872325379076,15.476549420635505,2.6587231849729487,1.569652889004218,-3.509050220525724,0.35981746968694,0.7740905890222205
651,1791274195413085811,20128346604608,10.44007262499872,primary_goal,7.6003165448116325,15.44200147852431,2.66226163623362,1.726304998669561,-3.41450515617582,0.3484231300387725,0.7747749356241209
652,1791274195423074181,20128356388014,10.44985603099849,primary_goal,7.618309459910362,15.408451883118882,2.6656554393262475,1.881057750289681,-3.310978810507675,0.3311333642073016,0.7746129766342598
653,1791274195433058974,20128366313451,10.459781467998255,primary_goal,7.637866197014161,15.375928030678661,2.6688550848456742,2.0338108928640333,-3.1989980710826607,0.3086394229272846,0.7735661267931246
654,1791274195443065376,20128376478287,10.469946303997858,primary_goal,7.65897169407344,15.344511177689883,2.6718120276521433,2.184216989321162,-3.0792954124623058,0.28172167257499325,0.7715970223624784
655,1791274195453059917,20128386334159,10.479802175999794,primary_goal,7.681657908807101,15.314212415031577,2.674490912849777,2.3322685073425613,-2.9523620737314142,0.2511450684973083,0.7686648566569996
656,1791274195463053253,20128396294408,10.489762425000663,primary_goal,7.70557320431134,15.285494889751032,2.6768271753789854,2.475696474666003,-2.820807804791507,0.21823012704672587,0.7647945590143417
657,1791274195473059760,20128406288885,10.499756901997898,primary_goal,7.731021264930005,15.2579854446107,2.6788352273591394,2.6163626326454312,-2.683595308803345,0.18339892888175918,0.7599195386075273
658,1791274195483047528,20128416278547,10.509746563999215,primary_goal,7.757873434889044,15.231853946508691,2.68049086174345,2.753450187077716,-2.5420722891137433,0.14765006552985027,0.7540403190033307
659,1791274195493054193,20128426278414,10.519746431000385,primary_goal,7.786074666670569,15.207157740072576,2.6817879431679787,2.8866875721607697,-2.397140248305292,0.11185036220309191,0.7471549549723493
660,1791274195503047012,20128436281068,10.529749084998912,primary_goal,7.8155833496831155,15.183928324068344,2.682730018245547,3.0159319631695274,-2.249588435705621,0.07680252226085338,0.7392657019214277
661,1791274195513071499,20128446680464,10.54014848099905,primary_goal,7.84651217081909,15.162085029462716,2.6833306040864593,3.1416916666590575,-2.0994236305716654,0.0430921803551409,0.7303353094194256
662,1791274195523044037,20128456333430,10.549801446999481,primary_goal,7.8786288628613494,15.141789271541532,2.683602869998632,3.2630906490272342,-1.9482939727019848,0.0116277947520953,0.7204310912069054
663,1791274195533049236,20128466323299,10.559791315998154,primary_goal,7.911853385642902,15.123059489872894,2.6835736286311827,3.3800207881095217,-1.7969984490224504,-0.01696395511658655,0.7095906466441664
664,1791274195543078168,20128476589609,10.570057625998743,primary_goal,7.946210904457549,15.105850687825251,2.683274792401638,3.4927717233097573,-1.6458012197955463,-0.042228465071662,0.6978233936327674
665,1791274195553036417,20128486310317,10.579778333998547,primary_goal,7.981601344156889,15.09018170077948,2.6827431447498773,3.601229245790895,-1.4954722073628415,-0.06369376937425375,0.6851865721683363
666,1791274195563041036,20128496235230,10.589703246998397,primary_goal,8.017899302061787,15.07606392065039,2.6820209259475583,3.7052812746044794,-1.3467895948697501,-0.08099345228261334,0.6717563992707556
667,1791274195573076456,20128506349569,10.599817586000427,primary_goal,8.055477665691448,15.063332769715762,2.681141628422934,3.80610945069971,-1.1985372761652369,-0.094031026656734,0.6574261553155487
668,1791274195583032717,20128516351042,10.609819058998255,primary_goal,8.094023175660288,15.0520603651577,2.680154466836061,3.894569410926943,-1.0566192928918032,-0.10252763936154527,0.642368701143218
669,1791274195593036280,20128526171182,10.619639198997902,primary_goal,8.133190057128102,15.042159702454283,2.6791078950427547,3.950992865049317,-0.9315855813624669,-0.10656834470374521,0.6268797123585643
670,1791274195603027981,20128536207782,10.629675798998505,primary_goal,8.173123714818233,15.033313994984852,2.678030831738371,3.963735869961783,-0.8272234915879858,-0.10644511117782689,0.6111482969627218
671,1791274195613052916,20128546428142,10.639896158998454,primary_goal,8.212348312027178,15.02551777691033,2.6769900219486815,3.9286864461217497,-0.7465329491576467,-0.10261403086403455,0.5960153823829482
672,1791274195622958124,20128556179327,10.649647343998367,primary_goal,8.251288852308905,15.018372158769015,2.675996110057694,3.8472725786509536,-0.6845783419170316,-0.09555916883946418,0.5815405830189473
673,1791274195632963168,20128566148188,10.65961620500093,primary_goal,8.289134968061703,15.01178162823492,2.6750879961553933,3.7256255335546147,-0.6371367370604535,-0.08591703032455546,0.5681901503171056
674,1791274195643036008,20128576347494,10.669815510998887,primary_goal,8.325914378544041,15.005565331744249,2.6742799580196066,3.570441249874972,-0.5976595568898315,-0.07420011781211891,0.5560393069876048
675,1791274195653037626,20128586284046,10.679752062998887,primary_goal,8.360755829102796,14.99977297059149,2.673601809265507,3.3937538666471974,-0.5604334005788909,-0.061239632304749096,0.5453636798204831
676,1791274195663032188,20128596428572,10.689896588999545,primary_goal,8.393528659297363,14.994405008530416,2.6730606901171114,3.2055724433944848,-0.5196502298746065,-0.047680344302372564,0.5360860095130116
677,1791274195673052053,20128606594281,10.700062297997647,primary_goal,8.424918952723427,14.989400712024874,2.672649463993032,3.010101719911198,-0.4694785362168371,-0.03377563755852033,0.5278503653164226
678,1791274195683078789,20128616637231,10.710105247999309,primary_goal,8.45385065587138,14.985033729125792,2.672380537451901,2.821373114518856,-0.408459104383508,-0.02052804370389859,0.5207161758356063
679,1791274195693085104,20128626730567,10.720198584000173,primary_goal,8.481484285267943,14.981268923530862,2.6722375142856643,2.6377283147693475,-0.3327544761603341,-0.007902240835288527,0.5141413832942816
680,1791274195702995005,20128637249531,10.73071754799821,primary_goal,8.506805349772934,14.97838899169874,2.672215428648911,2.4696733269446614,-0.24605125129638905,0.00321973913830132,0.5081136601002985
681,1791274195713074461,20128646947096,10.740415112999472,primary_goal,8.530882978076962,14.97639284149369,2.6722985843251967,2.3109904796733556,-0.14904375019723357,0.013018802289547078,0.5021506807124108
682,1791274195722933617,20128656180545,10.749648561999493,primary_goal,8.552913511477515,14.975410627356828,2.672467321254701,2.166712162020857,-0.050194441252551805,0.020991114378310274,0.49629053562880027
683,1791274195733017122,20128666252279,10.759720295998704,primary_goal,8.574027083448922,14.975415884807735,2.6727124625301584,2.0292393624973504,0.05092522157925423,0.027408587457492174,0.4901227621045547
684,1791274195742931319,20128676406436,10.76987445299892,primary_goal,8.593479998979644,14.97639864001887,2.673007643523366,1.903302358014825,0.1468263781660918,0.031946386300472064,0.4838028303387835
685,1791274195753035141,20128686342620,10.779810636999173,primary_goal,8.612232767121066,14.97836780217403,2.673348737856895,1.7826467021036503,0.23868695657514874,0.03475692482848515,0.47699501109823034
686,1791274195762956753,20128696115838,10.789583854999364,primary_goal,8.629446107695136,14.98115751216243,2.673701309105584,1.6727028282397376,0.3193802582732774,0.035693037023623,0.4700252964346034
687,1791274195772958653,20128706506637,10.799974654000835,primary_goal,8.645515761697972,14.984675477882117,2.6740524822124043,1.5709957575963622,0.3884498733858044,0.034879624562809235,0.46282748134739266
688,1791274195782974291,20128716485415,10.80995343199902,primary_goal,8.660820901840088,14.988878291103084,2.674391766570541,1.4752889287058002,0.4454093206682475,0.03234257423776602,0.45531618914347066
689,1791274195792992921,20128726279259,10.819747276000271,primary_goal,8.675105950754853,14.993548475798821,2.674695321825004,1.3874002708782969,0.4876263209022863,0.028203738041617597,0.4477276784257033
690,1791274195802938374,20128736080739,10.829548755998985,primary_goal,8.688564594896114,14.998571035434951,2.674950220253139,1.3063825849269635,0.5146120563337068,0.022551448390534138,0.44010264088445855
691,1791274195812963151,20128746367570,10.839835586997651,primary_goal,8.701119904124369,15.003729704789906,2.675139974456221,1.232968217422901,0.5256561490958339,0.015595199238892054,0.43264236084627944
692,1791274195822927242,20128756065415,10.849533431999589,primary_goal,8.713220369883487,15.00902569877649,2.6752562638117534,1.1649108776633246,0.5205448267034717,0.007239245503543945,0.42524134043278944
693,1791274195832997300,20128766357747,10.859825764000561,primary_goal,8.724549095135828,15.014132231391278,2.675282662011198,1.1044007161711566,0.49916401166142005,-0.002122070355966951,0.4182631326575678
694,1791274195843019241,20128776323741,10.869791757999337,primary_goal,8.735461568125977,15.01901264498891,2.675208949578143,1.0499540663615445,0.46109151352077654,-0.012566743564560322,0.4116692587899024
695,1791274195853015087,20128786228425,10.87969644199984,primary_goal,8.745654610540111,15.023342771588338,2.6750300808756142,1.0034430461590367,0.40821271880489496,-0.02355655333836176,0.4058172741533896
696,1791274195863017333,20128796271765,10.889739782000106,primary_goal,8.755464404828386,15.02708945001803,2.67473742152679,0.9636147541058554,0.34020344791201956,-0.0351744550319364,0.4006775691916586
697,1791274195872953513,20128806540777,10.900008794000314,primary_goal,8.764923140809184,15.030089454781807,2.674326083856236,0.930757758526713,0.25797507934805747,-0.04720791727948242,0.39640133481838186
698,1791274195882946487,20128816731761,10.91019977799806,primary_goal,8.774054552398933,15.032194895506743,2.673795513002289,0.9051123153019405,0.16295719442286347,-0.05941625263293149,0.3931271652096215
699,1791274195892930158,20128826777796,10.920245812998473,primary_goal,8.782976679159189,15.03329452715071,2.673142218657541,0.8866272883200296,0.05581523115735177,-0.07168230236803459,0.39094721002199634
700,1791274195902935223,20128836570915,10.930038931997842,primary_goal,8.791885107762253,15.033262081612781,2.672354254809263,0.8750921554749338,-0.06390535963893229,-0.08400878313932593,0.38996382424797454
701,1791274195912963242,20128846848768,10.940316784999595,primary_goal,8.800530522535118,15.032010102788455,2.6714625262340945,0.8698718851368011,-0.1899343674464664,-0.09583139491256157,0.39029241730043557
702,1791274195922902119,20128856194192,10.949662209000962,primary_goal,8.80916809024381,15.029466947364854,2.6704528976630306,0.869633843984918,-0.3229770383317896,-0.10734785054207183,0.391977076937797
703,1791274195932911437,20128866158827,10.959626844000013,primary_goal,8.817869475639311,15.025552125973872,2.6693245777997805,0.8735624972925685,-0.4617073697817906,-0.11854829381489519,0.39509440137934687
704,1791274195942982003,20128876458953,10.969926969999506,primary_goal,8.826701669004184,15.020183268958748,2.668075493796656,0.8810344589275538,-0.604967977583908,-0.12945421132142437,0.3997253109023586
705,1791274195952986749,20128886247389,10.979715405999741,primary_goal,8.826701669004184,15.020183268958748,2.668075493796656,0.8810344589275538,-0.604967977583908,-0.12945421132142437,0.3997253109023586
706,1791274195962885859,20128896177182,10.989645198998915,primary_goal,8.844583994718606,15.005156114284638,2.6652703723233313,0.9042719439689642,-0.8941112815168026,-0.15012996687995944,0.4134864736049077
707,1791274195972898171,20128906317487,10.999785503998282,primary_goal,8.853582593713742,14.995629260463701,2.6637397683726616,0.9190814796211617,-1.0356651385560225,-0.1599219363268627,0.4224938643029687
708,1791274195983002239,20128916759507,11.010227523998765,primary_goal,8.862922506676576,14.984481437044948,2.662079671232515,0.9361807999964988,-1.1778652932442475,-0.16976248580139094,0.42410679577046845
709,1791274195992945821,20128926294716,11.01976273299806,primary_goal,8.872458412224812,14.971898002436102,2.6603181300475627,0.9552221263097229,-1.3169400417547497,-0.17957538384907876,0.4215226073620672
710,1791274196002908242,20128936019382,11.029487398998754,primary_goal,8.881969305925484,14.958269869239004,2.658501307506482,0.97566378116095,-1.4486168380727016,-0.1892367356313638,0.4196828425777132
711,1791274196012902326,20128946383579,11.039851596000517,primary_goal,8.891855690818772,14.943107896059633,2.6565555279211712,0.9983699919960812,-1.5773635691381043,-0.19925995015084877,0.41852520373783125
712,1791274196022911098,20128956073380,11.049541396998393,primary_goal,8.90201632627747,14.926624631814029,2.6545002867715723,1.0232266403054966,-1.7005579987279644,-0.20965255215323592,0.4181018887106213
713,1791274196032869818,20128966139503,11.059607520001009,primary_goal,8.912360376461175,14.909070376368728,2.652354612956273,1.0501224673885994,-1.8161803444167357,-0.22043165210524107,0.41842427118078523
714,1791274196042862544,20128976108732,11.06957674899968,primary_goal,8.923026968005384,14.890322720231808,2.6500894522755103,1.0795636666809865,-1.924948246871197,-0.23184882120436245,0.4194972714176248
715,1791274196052930481,20128986104358,11.079572374997952,primary_goal,8.933856573949539,14.870788903888803,2.6477382399696836,1.111257279469743,-2.024585053592719,-0.24382815561094384,0.421290906909
716,1791274196062894147,20128996250611,11.089718627998082,primary_goal,8.945334179176404,14.849717481381182,2.645192761418704,1.146850790605519,-2.118571019365401,-0.25700811390597084,0.423887002710507
717,1791274196072955958,20129006460022,11.099928038998769,primary_goal,8.956945107630649,14.828191684870957,2.6425644061626596,1.1849542415711851,-2.201919960335881,-0.2708820850904775,0.42715212325581925
718,1791274196083028701,20129016779123,11.110247140000865,primary_goal,8.969094867739296,14.805616224635573,2.6397595418250073,1.227049287209239,-2.277118594280696,-0.28599282540931215,0.43115618768873326
719,1791274196093065973,20129026807617,11.120275633998972,primary_goal,8.981551168804247,14.782582248656613,2.636829048095688,1.2724928675787057,-2.3422243148246986,-0.30209968440657825,0.4357772861410227
720,1791274196103088780,20129037071711,11.130539728001168,primary_goal,8.994415713479311,14.759064210898474,2.633747529931367,1.3218839761280514,-2.3977198798291606,-0.31939238062097075,0.44098504442281644
721,1791274196112911508,20129046555289,11.140023305997602,primary_goal,9.007944590057049,14.734773197303639,2.6304504256585433,1.376727845022227,-2.444494840599686,-0.3383202989308893,0.4468172877693561
722,1791274196122978084,20129056216590,11.149684607000381,primary_goal,9.022012317532402,14.710126063143976,2.6269654665534308,1.436897403205523,-2.4818695815894145,-0.3587071518679888,0.4531422516366485
723,1791274196132964729,20129066207441,11.159675457998674,primary_goal,9.036679104663586,14.685204481945883,2.6232772319602344,1.5027867910982415,-2.509970342305034,-0.38051540319233407,0.4598939430715871
724,1791274196142983448,20129076350474,11.169818490998296,primary_goal,9.052085686434577,14.65996496783341,2.619351211255541,1.5750220576480454,-2.5289483846432295,-0.40374047400812724,0.46703883654542094
725,1791274196152946563,20129086209633,11.179677649997757,primary_goal,9.068119702587659,14.634777113975066,2.61521961826285,1.6528971042067975,-2.5386553698222287,-0.4279217476343222,0.474422706550404
726,1791274196162901204,20129096056039,11.189524056000664,primary_goal,9.085250043789602,14.609111794830246,2.6107670722926857,1.738427135475962,-2.5391957148975837,-0.4534065297945113,0.48215428726642034
727,1791274196172904101,20129106306793,11.199774810000235,primary_goal,9.10300359260584,14.583866264744792,2.6061252781687076,1.8288515799876408,-2.530516838710843,-0.4790884036438513,0.4899148836918192
728,1791274196183046497,20129116878016,11.21034603299995,primary_goal,9.121681618570337,14.558759869402293,2.6012278163371763,1.925172831092748,-2.5126973812083526,-0.5049872115413407,0.497739664787927
729,1791274196192890977,20129126046903,11.219514919997891,primary_goal,9.141523705611077,14.533659415882752,2.5960266577666973,2.028067222657101,-2.485466676884852,-0.5309642611632884,0.5056253896685412
730,1791274196202881581,20129136329993,11.229798010001105,primary_goal,9.16228634991771,14.509039527194425,2.590603548397767,2.1356454522439914,-2.449233449897057,-0.5562317974667977,0.5133799214426884
731,1791274196212897795,20129146324729,11.239792746000603,primary_goal,9.184201758212636,14.484768071031468,2.5849186148466985,2.248439428990853,-2.403774260332521,-0.5806195958526771,0.5210047602742696
732,1791274196222871858,20129156280120,11.249748137001006,primary_goal,9.207195774546536,14.461068332943855,2.579014622857306,2.365372114528621,-2.349418715601103,-0.6035956196746826,0.5283938694720125
733,1791274196232877608,20129166067406,11.259535422999761,primary_goal,9.231458161575409,14.437879264758694,2.5728691599040747,2.486693059670493,-2.285918019442349,-0.624912600194389,0.5355345344223452
734,1791274196242896100,20129176301780,11.269769796999753,primary_goal,9.231458161575409,14.437879264758694,2.5728691599040747,2.486693059670493,-2.285918019442349,-0.624912600194389,0.5355345344223452
735,1791274196252818497,20129186193160,11.27966117699907,primary_goal,9.283424072747815,14.393848997826293,2.560061123964792,2.7378491550698647,-2.1334399767713528,-0.6606734189749978,0.5487188981380429
736,1791274196262841274,20129195986929,11.28945494599975,primary_goal,9.311421359800386,14.372975506268038,2.553389145055078,2.867699694507629,-2.0441580163843236,-0.6746003158756764,0.5547344590253573
737,1791274196272812962,20129205989436,11.299457452998467,primary_goal,9.341054747882492,14.352821205650882,2.546517950438994,3.0007472233346313,-1.9455572445986042,-0.6855272474553784,0.5603571304517692
738,1791274196282915923,20129216200642,11.309668658999726,primary_goal,9.371382321723011,14.334089021555723,2.539698629377278,3.1321714931023266,-1.8411592969476738,-0.6928920947355748,0.5653889527447122
739,1791274196292808477,20129226049025,11.31951704200037,primary_goal,9.403783702323752,14.316018587435876,2.5326592619447825,3.267290244861617,-1.7265627241121098,-0.6967817382379362,0.5700348746614756
740,1791274196302872339,20129236432241,11.329900257998816,primary_goal,9.43673149186719,14.299534783105186,2.525768491347318,3.3991485353861193,-1.6075411459402893,-0.6968328693952308,0.5740651878540928
741,1791274196312933761,20129246605828,11.340073845000006,primary_goal,9.47195790033143,14.28385113751162,2.518704276405386,3.5340744612828994,-1.4782259570199918,-0.6928830784838685,0.577686118184469
742,1791274196322909537,20129256375912,11.34984392899787,primary_goal,9.507314784366262,14.26996842736523,2.511932002540489,3.663379195701233,-1.3469193570205171,-0.6851119123175712,0.5806898998975891
743,1791274196332899571,20129266049075,11.359517091997986,primary_goal,9.544981513258156,14.257070708490273,2.505069515671574,3.7945993133854596,-1.2059674590150442,-0.6730202798642377,0.5832843439157929
744,1791274196342928100,20129276454057,11.369922073998168,primary_goal,9.583554852704712,14.245735229980717,2.498418485303003,3.9222410060126855,-1.0610302642993878,-0.6569535017995338,0.5853842625636383
745,1791274196352936870,20129286029422,11.37949743900026,primary_goal,9.623949879461595,14.235747791231145,2.491860411502478,4.04888601351302,-0.9091234239369623,-0.6365432814957385,0.587073613933214
746,1791274196362915565,20129296078581,11.38954659799856,primary_goal,9.664327706250726,14.227555381560341,2.4857179919523458,4.168589612969468,-0.7576231884596836,-0.6131444302080432,0.5883323084261751
747,1791274196372871212,20129306341570,11.399809587001073,primary_goal,9.706763569243583,14.220743366064406,2.479691100460266,4.287324351301561,-0.5993253929247271,-0.5879046423135657,0.5892866464106985
748,1791274196382844835,20129316370947,11.409838963998482,primary_goal,9.750309992398856,14.215541062776497,2.4739203624845962,4.402035700392909,-0.438430075930626,-0.5641342163848142,0.5899713653802083
749,1791274196392913523,20129326744540,11.420212557000923,primary_goal,9.79508039762042,14.211956353121709,2.4683595858955245,4.512876641201015,-0.27515655337255956,-0.5440250525153916,0.5904661435588117
750,1791274196402971505,20129336939616,11.430407633000868,primary_goal,9.840854425647935,14.210020533094099,2.4629845809267548,4.619219093859498,-0.11093183872105944,-0.5294292797687012,0.590857289149846
751,1791274196412892848,20129346561580,11.44002959700083,primary_goal,9.88701626293725,14.209726717412261,2.4577952905768172,4.719763427908113,0.051506032284527874,-0.5216801390740421,0.5912387774588619
752,1791274196422856622,20129356016083,11.44948409999779,primary_goal,9.934958889773116,14.21107415721838,2.452558674186347,4.817528476998603,0.21646240233050482,-0.5214768911670488,0.5917303116911996
753,1791274196432888881,20129366270360,11.459738376997848,primary_goal,9.98338844647838,14.21403907260654,2.447333715892567,4.909856941499966,0.3788906288859177,-0.5294552665787374,0.5924360630712424
754,1791274196442842295,20129376211783,11.46967980000045,primary_goal,10.0329330209627,14.21863725494828,2.4419638874983542,4.998079304804864,0.5403965111528327,-0.5458982335259984,0.593488951881334
755,1791274196452885785,20129386369960,11.479837976999988,primary_goal,10.082962987384734,14.224788114886126,2.4364294942747806,5.081210756717927,0.6984496126168734,-0.5705337965225031,0.5950050734363044
756,1791274196462898472,20129396067877,11.489535894001165,primary_goal,10.135029346108047,14.232698565348445,2.4304662996071262,5.161817926258142,0.8573390404502945,-0.6040562928353872,0.5971849355614092
757,1791274196472817257,20129405946580,11.499414596997667,primary_goal,10.18661861964298,14.241960573242368,2.4242785931808086,5.236164799426337,1.0089583336993728,-0.6443824259794071,0.6000659572887406
758,1791274196482912784,20129416327510,11.509795526999369,primary_goal,10.238643923303469,14.252646603754682,2.4176927213461976,5.305972193700329,1.1558513310490899,-0.691301028946026,0.6038101264473843
759,1791274196492889638,20129426450888,11.51991890499994,primary_goal,10.292675550408982,14.265084769452047,2.410428004327932,5.373374184015868,1.301905024289791,-0.7456404679888372,0.6087035577400126
760,1791274196502911076,20129436369122,11.529837138998118,primary_goal,10.346866806119827,14.278842489450241,2.4026597224881754,5.436139007214156,1.4416497803493218,-0.8047877249762383,0.6147493885007547
761,1791274196512883456,20129446648503,11.540116519998264,primary_goal,10.40153949593071,14.293937988389803,2.3942964528979354,5.494915609635467,1.5757459530102746,-0.8680500945551353,0.6221074190691678
762,1791274196522820298,20129456122020,11.549590037000598,primary_goal,10.456207306457788,14.310170535459648,2.3853802170557428,5.54945840867168,1.7028957297432161,-0.9337985008865927,0.6308228845399091
763,1791274196532816914,20129466093884,11.559561900998233,primary_goal,10.51190125179665,14.327797268585595,2.375712002086035,5.600998706648483,1.8253205238006163,-1.0022265722687675,0.6411847434664246
764,1791274196542831890,20129476135029,11.56960304599852,primary_goal,10.56817397053033,14.346644244554348,2.3653390610815,5.6492537720807805,1.9417809052829307,-1.0717444293045368,0.6532509868859933
765,1791274196552886253,20129486296830,11.579764846999751,primary_goal,10.56817397053033,14.346644244554348,2.3653390610815,5.6492537720807805,1.9417809052829307,-1.0717444293045368,0.6532509868859933
766,1791274196562815221,20129495985915,11.589453931999742,primary_goal,10.68197979231592,14.38763399964893,2.342534841308788,5.736206461370119,2.155274157037545,-1.2093774162373097,0.6828092739846059
767,1791274196572811270,20129506205236,11.59967325300022,primary_goal,10.739413391652963,14.409624379528974,2.3301329752609403,5.77498796140296,2.25104023324541,-1.2761323662472301,0.7004420395614637
768,1791274196582863905,20129516489092,11.60995710899806,primary_goal,10.797414170666281,14.43260802114215,2.317028112746351,5.8108752087451565,2.3387740921527613,-1.3414157360278594,0.7201469198463317
769,1791274196592895216,20129526877148,11.62034516499989,primary_goal,10.855950739487222,14.456504917473433,2.303233429308998,5.8440302897108145,2.417879966985539,-1.4049205806053886,0.7419911904831842
770,1791274196602883384,20129536890454,11.630358471000363,primary_goal,10.914832325634471,14.481161111624196,2.288805844023931,5.874614424234529,2.4878404993292604,-1.466156073775184,0.7659580354174231
771,1791274196612849028,20129546694738,11.640162755000347,primary_goal,10.973777327079338,14.506373755322683,2.273835732179062,5.902814528944241,2.548373969158033,-1.524559190206795,0.7919488691466565
772,1791274196622813223,20129556112731,11.649580747998698,primary_goal,11.032652507566711,14.531997160536823,2.2583864478915476,5.928920669917708,2.5996526261081163,-1.5797497157296727,0.8198851059935128
773,1791274196632800041,20129566061846,11.65952986299817,primary_goal,11.091743642179926,14.558072102849026,2.242413199505664,5.953377576579875,2.6423192050300752,-1.631732188592606,0.8498759851035951
774,1791274196642825204,20129576132306,11.669600322999031,primary_goal,11.151512707189758,14.584728218462176,2.2258157990784193,5.976625283013749,2.6770363737277965,-1.6805805716415578,0.8821527566898837
775,1791274196652796250,20129586209209,11.679677225998603,primary_goal,11.211365624127655,14.611628217382195,2.208789072526099,5.998643376343462,2.703902422511479,-1.7254869302643183,0.9163717237599025
776,1791274196662854506,20129596272125,11.68974014199921,primary_goal,11.27132728831222,14.638712284319737,2.1913649594395817,6.019620830092426,2.7235503999482793,-1.7662087385871834,0.952485694585417
777,1791274196672801375,20129606094431,11.699562448000506,primary_goal,11.331610438669598,14.66601207791049,2.1735213360485295,6.039756618255658,2.7366755586985625,-1.8026146208750464,0.9905629995720906
778,1791274196682794472,20129616519828,11.709987844998977,primary_goal,11.391944929239497,14.693346957576914,2.155381012655,6.059043633679803,2.743890759204483,-1.834285961054484,0.9970552551852854
779,1791274196692821809,20129626390757,11.719858773998567,primary_goal,11.452533193492142,14.720756862518991,2.1369290151125706,6.077594452130927,2.7459303169489924,-1.8610980607507448,0.9691356023600084
780,1791274196702839972,20129636438399,11.729906415999722,primary_goal,11.513869735359622,14.748419321955879,2.118059619433644,6.0955629855629905,2.7434610372018504,-1.8829689231497178,0.943071146662376
781,1791274196712783928,20129646501451,11.73996946799889,primary_goal,11.575163415055377,14.775938574574187,2.0990653465463374,6.1126991990591355,2.7372198508411585,-1.8993727020438782,0.9193109222638027
782,1791274196722783571,20129656242169,11.749710185998993,primary_goal,11.635929616334064,14.80306973924333,2.080150891033802,6.1288531758108205,2.7280696066557106,-1.910131330888548,0.8980833274254685
783,1791274196732783485,20129666061896,11.759529913000733,primary_goal,11.697194877171285,14.830249888198908,2.0610503160185427,6.1442554095012785,2.7166041325913906,-1.9153328725463146,0.8790988417967567
784,1791274196742797189,20129676235600,11.769703616999323,primary_goal,11.758743045009629,14.857365856758578,2.0418848718905838,6.158778319001695,2.7035491627838972,-1.9147803023068775,0.8625395010207861
785,1791274196752759671,20129686106904,11.77957492099813,primary_goal,11.758743045009629,14.857365856758578,2.0418848718905838,6.158778319001695,2.7035491627838972,-1.9147803023068775,0.8625395010207861
786,1791274196762836374,20129696085880,11.789553897000587,primary_goal,11.882360790957764,14.9112338296876,2.0036833948020796,6.184745794504376,2.6755344167504633,-1.89597596858941,0.8371485053294774
787,1791274196772810111,20129706184957,11.799652973997581,primary_goal,11.944139224501981,14.937867510324828,1.984849057389227,6.195813696521674,2.662206406916156,-1.8775163510200954,0.8285146325539852
788,1791274196782837072,20129716551251,11.81001926799945,primary_goal,12.006336270167449,14.964509464720887,1.9661357499281626,6.205520869484377,2.6502834190774505,-1.8527138260840175,0.8226245564972399
789,1791274196792827207,20129726504924,11.819972941000742,primary_goal,12.068167198897356,14.990848198382228,1.9478365251092764,6.2137437777651705,2.6405766800652875,-1.8218792796235412,0.819602077276737
790,1791274196802836387,20129736848131,11.830316147999838,primary_goal,12.130341645620412,15.01721690032216,1.9297979329646417,6.220640618150118,2.633538746879514,-1.7847321351396983,0.819448938084929
791,1791274196812807428,20129746522523,11.839990540000144,primary_goal,12.19262167838839,15.04354903188235,1.9121493003843948,6.226272731315992,2.629697405335867,-1.741472071680595,0.7860751047867436
792,1791274196822779758,20129755977411,11.849445428000763,primary_goal,12.254769485938528,15.069783294492042,1.8950130201171158,6.230741202519509,2.6294419143489844,-1.692436820575566,0.7533885716727773
793,1791274196832743226,20129765804373,11.859272390000115,primary_goal,12.316809522015198,15.095971921895119,1.8784332412100857,6.234178265357865,2.6330354180315165,-1.6378454836411966,0.7232013193829618
794,1791274196842789095,20129776230254,11.869698270998924,primary_goal,12.37949178508152,15.122475718764022,1.8622691627231502,6.236726944605221,2.6407707038072066,-1.5772030881686385,0.6952973487995675
795,1791274196852751351,20129785929619,11.87939763599934,primary_goal,12.37949178508152,15.122475718764022,1.8622691627231502,6.236726944605221,2.6407707038072066,-1.5772030881686385,0.6952973487995675
796,1791274196862782151,20129795910206,11.889378223000676,primary_goal,12.50419086104294,15.175514724680994,1.8320682076017574,6.239376242787627,2.6688024168479147,-1.4412306758011353,0.6479981577703915
797,1791274196872780162,20129805940514,11.899408531000518,primary_goal,12.566543070315639,15.202282346307845,1.8180372283266768,6.239583535719072,2.689122167713978,-1.3661641423325699,0.6286615787643599
798,1791274196882826105,20129816087296,11.909555312999146,primary_goal,12.628889192624229,15.229271583131013,1.8047791302396252,6.239046706700609,2.7135187115499035,-1.2867905909572923,0.6123332551433087
799,1791274196892793238,20129826104366,11.919572382998012,primary_goal,12.691432781888162,15.256615139736878,1.792294483425103,6.237715697356447,2.741919507203239,-1.2031461374025603,0.599059515059172
800,1791274196902824052,20129836425674,11.929893690998142,primary_goal,12.754039018534733,15.284297899970548,1.7806527727423973,6.23551054097789,2.774062994587462,-1.1157088486874551,0.5889613543585517
801,1791274196912766063,20129846635837,11.940103853998153,primary_goal,12.816878346734423,15.312438028010435,1.7698631031489402,6.232313675005698,2.809791847894156,-1.0245454635371836,0.5820919421078199
802,1791274196922702257,20129855965038,11.949433055000554,primary_goal,12.878140149976531,15.340250235682074,1.760238169254262,6.228129416802608,2.8476731934994657,-0.9327130140369821,0.5785840604840042
803,1791274196932729266,20129865915951,11.959383967998292,primary_goal,12.940479702964009,15.368970342959816,1.7513775645343321,6.22265773070439,2.888989907502814,-0.8365981293568242,0.5782675771250889
804,1791274196942763252,20129876149776,11.969617792998179,primary_goal,13.002529571546122,15.398008863389157,1.7435181221668952,6.2158594835668834,2.932550287293761,-0.7385930298847384,0.5812130692987061
805,1791274196952784374,20129885959457,11.97942747399793,primary_goal,13.06616934298001,15.428291353280349,1.7364751433511432,6.2073443105614095,2.979385609645191,-0.6360111510873339,0.5875947282912193
806,1791274196962735872,20129895780282,11.989248298999883,primary_goal,13.127517705061363,15.45799043213062,1.7306805675278039,6.197528281680728,3.026251809218951,-0.5354873424971149,0.596931936778631
807,1791274196972742793,20129906155195,11.999623211999278,primary_goal,13.189265190842837,15.48841027396062,1.7258505957710948,6.1859388002259275,3.07477836513298,-0.43303461908251634,0.609434056221756
808,1791274196982826093,20129916534225,12.010002242001065,primary_goal,13.250529172672076,15.519137186129841,1.7220654385441965,6.172646163370978,3.1239359342283177,-0.33046453572283113,0.6248484339768068
809,1791274196992912687,20129926688610,12.020156627000688,primary_goal,13.313102747204898,15.55110227929291,1.7192458125932328,6.157141543318967,3.1748502835560926,-0.22511907119531976,0.6436037822945702
810,1791274197002877189,20129936924696,12.030392713000765,primary_goal,13.375302630629053,15.583477257483635,1.7174994523691227,6.139737620479354,3.2258476106704257,-0.12019004575042619,0.6651678179940552
811,1791274197012860836,20129946245406,12.039713423000649,primary_goal,13.435987147947339,15.61565644403612,1.7168161470848413,6.120809526740381,3.275685094728343,-0.017975568269309794,0.6889130385837634
812,1791274197022807325,20129955923559,12.049391575998015,primary_goal,13.496745592436866,15.64847495379473,1.7171444657754966,6.099933972299849,3.3254012396679724,0.0838320660675056,0.7152614935718224
813,1791274197032717062,20129965831727,12.059299743999873,primary_goal,13.55736736081836,15.68182928125345,1.7184812607173605,6.077284362249968,3.374583671328512,0.18443722868574206,0.7440117932612602
814,1791274197042715644,20129975887054,12.069355070998427,primary_goal,13.617985032565626,15.71579908920536,1.7208219683839319,6.052948387955881,3.4231157191501835,0.2836427278021692,0.775110952339715
815,1791274197052782124,20129986278744,12.079746760999114,primary_goal,13.678324810589134,15.750233116386754,1.724141975355984,6.02717466161532,3.470571175884296,0.3806566426764428,0.8082960399988826
816,1791274197062816485,20129995911422,12.089379438999458,primary_goal,13.739238770718087,15.78562650216929,1.7284856479942559,5.999714582647913,3.5174118989124863,0.4765358535666474,0.8439461463804545
817,1791274197072673345,20130005877615,12.099345631999313,primary_goal,13.798486045476828,15.82066237253882,1.7336551461850722,5.971737283793216,3.561762022267046,0.5675706623559746,0.8805935054727199
818,1791274197082737683,20130016378133,12.109846150000521,primary_goal,13.857768754545178,15.856322132375428,1.7397470249550289,5.942609439220606,3.604779618018089,0.6562781446223641,0.9191159493510583
819,1791274197092819853,20130026355133,12.11982314999841,primary_goal,13.916565471006681,15.892283333744613,1.746682999352507,5.91271647515518,3.645951905289055,0.7417574709649294,0.9590654557454832
820,1791274197102693955,20130035922137,12.129390154001157,primary_goal,13.975437819824874,15.928879464993308,1.7545045908581618,5.881900766092598,3.6855507799228664,0.8247367449208804,1.0007214830105369
821,1791274197112698937,20130046309943,12.139777960001084,primary_goal,14.034281208000392,15.96604058227108,1.7631826117076668,5.850335359994932,3.723379937535407,0.904979239102994,1.0439322850991146
822,1791274197122728680,20130056070836,12.149538852998376,primary_goal,14.092476742340732,16.003358535719418,1.772594174816306,5.818485153099787,3.7589628416354435,0.9816261358814997,1.0881421325366931
823,1791274197132804034,20130066129662,12.15959767899767,primary_goal,14.151046737903416,16.04147584770504,1.7828811886747975,5.785918486824488,3.792841783008712,1.0560009631689868,1.1340467947999116
824,1791274197142679061,20130076077034,12.16954505099784,primary_goal,14.209264925294212,16.07990951570414,1.7938985203963023,5.753164933255027,3.8245144337598043,1.127153398018781,1.181011784778685
825,1791274197152827315,20130086235810,12.179703826997866,primary_goal,14.265822347198634,16.11775576094558,1.8053401900646209,5.721103697530589,3.8533080564373425,1.1936117013651568,1.196702711948918
826,1791274197162681759,20130095998771,12.189466788000573,primary_goal,14.265822347198634,16.11775576094558,1.8053401900646209,5.721103697530589,3.8533080564373425,1.1936117013651568,1.196702711948918
827,1791274197172728722,20130106053583,12.19952159999957,primary_goal,14.380344306294948,16.19587171362351,1.8306643075470197,5.655966175224808,3.90546529554892,1.3201147030342726,1.228007088658655
828,1791274197182738594,20130116070374,12.209538390998205,primary_goal,14.436022546318203,16.234537343123506,1.8439827627701308,5.624448621392399,3.927796376568367,1.3777095078975918,1.2461844880838462
829,1791274197192853078,20130126355337,12.219823354000255,primary_goal,14.492957232339485,16.27451816689004,1.858256775894937,5.592502936200792,3.9485709903146597,1.4339528632500336,1.2667504666945026
830,1791274197202893638,20130136656148,12.230124164998415,primary_goal,14.548310906031677,16.313800295620513,1.8727498405614575,5.561853702040775,3.9667798676792594,1.4860534721459278,1.2886402673197406
831,1791274197212729923,20130146411660,12.239879676999408,primary_goal,14.603630180485503,16.353444888950172,1.8878199169368974,5.53176314435829,3.983040797406012,1.5355611262226998,1.3123555613661304
832,1791274197222709546,20130155811296,12.249279313000443,primary_goal,14.658544715403101,16.393162762589956,1.9033380714997157,5.5026414361327465,3.9973440787440495,1.5820549753454838,1.3376846438787318
833,1791274197232675419,20130165844993,12.25931300999946,primary_goal,14.713254179778644,16.433071867750584,1.919326068955796,5.474867311188478,4.010004089576,1.6252764835989866,1.3646555505654712
834,1791274197242683768,20130175996104,12.269464121000055,primary_goal,14.767698302608405,16.47310190019475,1.9357271439957082,5.448949216925094,4.021264004888681,1.6647110089918176,1.3931792534717335
835,1791274197252709459,20130186228959,12.279696975998377,primary_goal,14.822147149136871,16.513425563469834,1.9525798597344828,5.425159943815652,4.03139152922209,1.7001302928612338,1.423345565372432
836,1791274197262649111,20130195901229,12.289369245998387,primary_goal,14.822147149136871,16.513425563469834,1.9525798597344828,5.425159943815652,4.03139152922209,1.7001302928612338,1.423345565372432
837,1791274197272649753,20130205796377,12.299264393997873,primary_goal,14.930293070181955,16.594276270698433,1.9872023034566582,5.385487307234578,4.048790037113094,1.7570739139537868,1.4879575989276221
838,1791274197282727708,20130216031594,12.309499610997591,primary_goal,14.984221403932521,16.634918516773464,2.004933547038457,5.369917031808732,4.056366073103111,1.7782120771401813,1.5224224642212147
839,1791274197292739723,20130226087039,12.319555055997625,primary_goal,15.038469769720491,16.675983263290902,2.023005429475955,5.357269525947534,4.063374107847536,1.7943028354324317,1.5585364776483341
840,1791274197302803162,20130236535528,12.330003545001091,primary_goal,15.091376774137514,16.716180626836323,2.040798201736997,5.347906260841538,4.069679694568767,1.8048528234477423,1.5951059369507166
841,1791274197312685858,20130246018065,12.339486082000803,primary_goal,15.145158391170412,16.757164698205383,2.058992562030313,5.3413993733915115,4.075598208186818,1.810280328559663,1.6335956697055332
842,1791274197322662207,20130255740497,12.349208513998747,primary_goal,15.198558755835256,16.79795295058407,2.0771022645502395,5.337895971361956,4.081011630724482,1.8103475975815218,1.6730753888804377
843,1791274197332667423,20130265774095,12.359242112001084,primary_goal,15.25183793317439,16.838716121503058,2.095152163271252,5.337247372854777,4.085965183286785,1.805141663082185,1.7136694659298948
844,1791274197342751213,20130276169084,12.36963710100099,primary_goal,15.305306352075645,16.87966597540841,2.1131852126651336,5.339326956693614,4.090487018447071,1.7946802967279445,1.7555660584688682
845,1791274197352735923,20130286258030,12.379726046998258,primary_goal,15.358971741014324,16.92078379778425,2.1311418536589106,5.34400298815355,4.094563100268175,1.7790066446458095,1.7987325016438984
846,1791274197362751139,20130295921038,12.389389054998901,primary_goal,15.41224093836718,16.96159137712969,2.148765785097233,5.351023517569492,4.098133612238394,1.7584611638786725,1.8426347722537468
847,1791274197372659354,20130305921997,12.399390013997618,primary_goal,15.46568311742443,17.00250249741825,2.1661905578719938,5.360242871090287,4.1012168552821455,1.7330275280027632,1.8876849571087837
848,1791274197382656075,20130316036754,12.409504770999774,primary_goal,15.519130036421917,17.043367447575704,2.1833071202029934,5.3714231915891135,4.1037742855201165,1.7029621093330924,1.9336964917506314
849,1791274197392662621,20130326281555,12.419749572,primary_goal,15.572611269736193,17.08418957139072,2.2000750390243895,5.384344126426133,4.10577863197932,1.668467723990168,1.9806468826108012
850,1791274197402665930,20130336239364,12.429707381001208,primary_goal,15.626424491296696,17.125177612867578,2.2165375593226377,5.398860410453898,4.107206794347698,1.6295535208196765,2.027173474120031
851,1791274197412743454,20130345955013,12.43942302999858,primary_goal,15.68085547093785,17.166530432440073,2.232727646938908,5.414849146423916,4.1080226242627,1.586169148205554,2.0153561166145266
852,1791274197422637344,20130355960413,12.449428429998079,primary_goal,15.734812333720736,17.207403226240164,2.248279183518069,5.4317963887364975,4.1081431363047125,1.5393659773963742,2.0054004200859232
853,1791274197432651270,20130365983532,12.459451548998913,primary_goal,15.789366643217805,17.248592455427357,2.263461298213725,5.44992728346409,4.107423212356651,1.488239946342885,1.997141750243127
854,1791274197442718522,20130376138605,12.469606621998537,primary_goal,15.84425886742525,17.28988319497773,2.278150612954284,5.469063291736223,4.1057149884006705,1.4330198159013756,1.9906896384782777
855,1791274197452622669,20130386114648,12.479582665000635,primary_goal,15.898675158735807,17.330648519505086,2.2920968083524054,5.488788281496389,4.102950378537651,1.3746894519210076,1.9861517004658535
856,1791274197462667746,20130396163115,12.489631132000795,primary_goal,15.95378872036092,17.371751115190744,2.3055642338943247,5.509392258146817,4.098993597332571,1.3121812356134228,1.9834557069248013
857,1791274197472642920,20130405919652,12.49938766899868,primary_goal,16.009843568159017,17.413349627613307,2.3185525512558685,5.530843860325986,4.0937302992785005,1.245334525027658,1.9826842616810951
858,1791274197482710448,20130416006845,12.509474861999479,primary_goal,16.064241436508546,17.45350630172295,2.3304475236447812,5.551991928708983,4.087408412863915,1.177608948824642,1.9838387926580052
859,1791274197492673713,20130426260104,12.51972812099848,primary_goal,16.12023964132197,17.494613308255506,2.341939981092966,5.573950410497749,4.079652772387092,1.1052935164801991,1.9869826900263272
860,1791274197502765255,20130436614058,12.530082074998063,primary_goal,16.175908638003794,17.535234948571055,2.3525897768160293,5.595819771928434,4.070708631376934,1.0311547519485755,1.9920656128050507
861,1791274197512621602,20130446041695,12.539509711998107,primary_goal,16.23288056230844,17.576545399355155,2.362673746314182,5.6180910621920175,4.060320211231008,0.9533562524368064,1.9992729031811833
862,1791274197522701633,20130455995384,12.54946340099923,primary_goal,16.28768193187752,17.616023698857514,2.371585545946619,5.639272456370309,4.049200016290019,0.8770689581508828,2.008099525921426
863,1791274197532629155,20130465906974,12.559374991000368,primary_goal,16.34482193360748,17.65690998186606,2.380048567974052,5.660970643439848,4.036494419306347,0.7964162348297125,2.019253611850316
864,1791274197542642284,20130476037204,12.569505220999417,primary_goal,16.40150865168862,17.69718734571818,2.3876059818206445,5.681980213065567,4.022846755764627,0.7156909697225929,2.0322547454778492
865,1791274197552593808,20130485963498,12.57943151499785,primary_goal,16.458174270202253,17.737162655606205,2.394327782162691,5.702352056056498,4.008253062300392,0.6346891298680231,2.0471403933159653
866,1791274197562723896,20130496039821,12.589507837998099,primary_goal,16.515151333882763,17.77706612670067,2.4002527055154537,5.722096220865823,3.992715140248943,0.5533268583403422,2.0639704460585473
867,1791274197572586840,20130505784952,12.5992529690011,primary_goal,16.57385603396163,17.81787312296151,2.4054926213176686,5.741565540696369,3.975906362745457,0.4699886295617513,2.083215683067617
868,1791274197582626096,20130515937898,12.609405914998206,primary_goal,16.630264499629583,17.85679188391365,2.4097135914723995,5.7593577413197,3.95909621953575,0.390745860998664,2.1034798075193577
869,1791274197592660089,20130526106190,12.61957420699764,primary_goal,16.687410468181547,17.89592993635021,2.4131921462246257,5.776400387847175,3.9415166264530077,0.31164835564398846,2.1257269895154267
870,1791274197602641565,20130536195444,12.629663461000746,primary_goal,16.745903964151275,17.93569289183767,2.41594078114331,5.792765007132235,3.9230645872750984,0.23225454070416515,2.1502329153439272
871,1791274197612747925,20130546369935,12.639837951999652,primary_goal,16.804256947095368,17.975065169412673,2.417886890275331,5.807955947519572,3.9043191597902625,0.15494751976466994,2.1763684602305164
872,1791274197622683141,20130555931314,12.649399330999586,primary_goal,16.862089129892823,18.01380254649793,2.419055352096283,5.821770103084222,3.8857319039851093,0.08032249271871035,2.203874131023625
873,1791274197632637111,20130565825718,12.659293734999665,primary_goal,16.91986820824346,18.052235303807564,2.4194900887159494,5.834128102187236,3.867679358319082,0.007663189540345378,2.232885788880889
874,1791274197642606254,20130575946164,12.66941418100032,primary_goal,16.978433699332676,18.090935897285842,2.419205529318345,5.845000382963245,3.8503788485099455,-0.06412739788362068,2.263787883902731
875,1791274197652615685,20130585859803,12.679327819998434,primary_goal,17.03696255357278,18.129379971500537,2.4182126376931556,5.8540567275686834,3.8344872993947408,-0.13406249192281428,2.2961069723344645
876,1791274197662637605,20130596105062,12.689573078998365,primary_goal,17.096718441661928,18.168420166334975,2.41648872136142,5.861321418169585,3.820040350199372,-0.20363718875105305,2.3104992621629674
877,1791274197672626904,20130605868100,12.699336116998893,primary_goal,17.154960185238483,18.20629920441748,2.414136762125407,5.866395277047711,3.8079474172285965,-0.2696952534512794,2.251089975054072
878,1791274197682701077,20130616065362,12.709533378998458,primary_goal,17.212937212468436,18.243871277902254,2.41115439051699,5.869428901404751,3.7980536814293915,-0.33374013633702204,2.1923980231334825
879,1791274197692641172,20130625971677,12.719439693999448,primary_goal,17.27136944837769,18.281637805682756,2.4075182082594755,5.8704265960545925,3.790389635334566,-0.3965512723033892,2.1337195517398104
880,1791274197702600513,20130635842064,12.729310080998403,primary_goal,17.33042263369517,18.31974067137849,2.4032170547417233,5.869334818412595,3.7850952235295994,-0.458238289347746,2.074928330585193
881,1791274197712597167,20130645885920,12.739353936998668,primary_goal,17.389655711396834,18.357932772786725,2.3982868166995033,5.866143127052673,3.7823143606734466,-0.518271522305829,2.016505623998037
882,1791274197722664960,20130656034230,12.749502246999327,primary_goal,17.44768496855519,18.395360338239904,2.3928743435796864,5.8610246919372475,3.7820600792440215,-0.575254476480038,1.959837376756606
883,1791274197732669387,20130665824314,12.759292331000324,primary_goal,17.505690394758535,18.43282085340473,2.386903476620982,5.854001581584488,3.7842270176561112,-0.6303540289017219,1.903792853949647
884,1791274197742666330,20130675935482,12.769403498998145,primary_goal,17.564789213368346,18.471074268285804,2.3802596229724666,5.844968994497915,3.7888688042057588,-0.6845205834430788,1.8473552867758405
885,1791274197752670113,20130686091946,12.779559963000793,primary_goal,17.623231325118056,18.50902458004312,2.3731495096668156,5.834274120720205,3.7957901251096464,-0.7360625773035042,1.7922548023691875
886,1791274197762719953,20130696154209,12.789622225998755,primary_goal,17.682021844447025,18.54735820832933,2.36547185965632,5.821864863507155,3.8049787942859856,-0.7858103245854546,1.737596251958269
887,1791274197772664935,20130705731897,12.799199913999473,primary_goal,17.739519119889128,18.58503265069456,2.3574702671550853,5.80825567415151,3.815992615311033,-0.8323509669411655,1.6849496743025159
888,1791274197782675092,20130716248241,12.809716257997934,primary_goal,17.797549423412104,18.6232706192257,2.3489176561699527,5.793186124527823,3.828987234439629,-0.8771268657440902,1.6326957601904837
889,1791274197792699807,20130726238697,12.81970671399904,primary_goal,17.855632485635184,18.661786405384454,2.339895727140839,5.77691703774691,3.843709598206034,-0.9196535245904657,1.5813564360984305
890,1791274197802735426,20130736603003,12.830071019998286,primary_goal,17.913488154775624,18.700418018667836,2.33046909127285,5.759700589010406,3.8598898352183713,-0.9596541687617403,1.5312581083461863
891,1791274197812585011,20130746404847,12.839872863998607,primary_goal,17.971130159474107,18.739193400916232,2.3206604050220054,5.741732042877141,3.877297102093022,-0.9970804496369248,1.4824667400725888
892,1791274197822543733,20130755732101,12.849200117998407,primary_goal,18.027855430743372,18.777648162728628,2.310622100976566,5.7235739945216535,3.895290890117711,-1.0314259471779228,1.4356383532754722
893,1791274197832541512,20130765800884,12.859268901000178,primary_goal,18.085007270817627,18.816699073386495,2.3001441377454572,5.705196954414219,3.9137962694327744,-1.06340249483211,1.389748398415888
894,1791274197842551878,20130775968373,12.869436389999464,primary_goal,18.14188720093992,18.855872917054718,2.2893776730347866,5.687178782298897,3.932149321275585,-1.0925010337113537,1.3454674049442248
895,1791274197852547583,20130786061072,12.879529089001153,primary_goal,18.19881319913728,18.895383173627902,2.278290968799811,5.669732061824061,3.950061674874099,-1.118818208482833,1.3026488665093978
896,1791274197862690133,20130796016612,12.889484628998616,primary_goal,18.25604713025458,18.935404776127346,2.2668584227830038,5.6530621714265346,3.9672629796881504,-1.142390871564095,1.2612243191914438
897,1791274197872531959,20130805745149,12.899213165997935,primary_goal,18.31168536781138,18.974582320063583,2.2554981658140063,5.637927364293852,3.9829178093104125,-1.1624992645042753,1.222629567138809
898,1791274197882595885,20130815789080,12.909257096998772,primary_goal,18.36821443961693,19.014642559530067,2.2437367432815334,5.623832257303829,3.997494308809692,-1.1800851647505857,1.1852233394775382
899,1791274197892589263,20130826080231,12.919548247999046,primary_goal,18.42390967974954,19.054341276395515,2.2319622738759093,5.6113743783609955,4.010337672140672,-1.1946184498433514,1.1502633438071836
900,1791274197902714599,20130836504497,12.929972514000838,primary_goal,18.480601374945564,19.094957718932843,2.219817852082227,5.600289919887896,4.021686785771132,-1.20659549455584,1.1167254339776784
901,1791274197912529051,20130846094130,12.939562146999378,primary_goal,18.53583134675255,19.13470010328766,2.2078618997664536,5.591146129184975,4.030934397133707,-1.2155793724411255,1.0861491802888794
902,1791274197922635642,20130855977845,12.949445861999266,primary_goal,18.59211773393496,19.17534767026691,2.1955810355235563,5.583589096347571,4.038415538418506,-1.2220750764660935,1.057226650220709
903,1791274197932647981,20130865960837,12.95942885399927,primary_goal,18.647882413848777,19.215730622212078,2.183347909582037,5.577911186108522,4.043817160149007,-1.2259429184820219,1.030903993607356
904,1791274197942661518,20130876132948,12.9696009649997,primary_goal,18.703715133633057,19.25624127548803,2.171063066266309,5.574062500728207,4.047172791751285,-1.2273490111343226,1.006971276259374
905,1791274197952537048,20130886119159,12.979587175999768,primary_goal,18.759426907782593,19.29670853759671,2.1587962368186457,5.5720641766210335,4.048451316814266,-1.2263971571810446,0.9855940932121705
906,1791274197962627238,20130895854844,12.989322860998072,primary_goal,18.815728331462843,19.337614434184925,2.146418385984539,5.571905256587103,4.047642879574384,-1.2231624539398094,0.9666109547747104
907,1791274197972640508,20130905853134,12.999321151000913,primary_goal,18.870986380690034,19.377738770321944,2.134313907229728,5.57354222767404,4.044816275396863,-1.217888103563712,0.9506069100800876
908,1791274197982524946,20130915869059,13.00933707600052,primary_goal,18.92668150385424,19.418123823499233,2.1221820571843657,5.576948472799753,4.039966927482086,-1.210595869222105,0.9371632025934589
909,1791274197992571925,20130925974022,13.019442038999841,primary_goal,18.9820452879535,19.458180384727047,2.110212940756072,5.582028430946667,4.033208311022315,-1.2015123219341073,0.9265117101042941
910,1791274198002659568,20130936419928,13.029887944998336,primary_goal,19.038405693514797,19.498836009935225,2.0981426942605483,5.588868020434787,4.024410047140783,-1.1905248282499254,0.9184707494103796
911,1791274198012650506,20130946340191,13.039808207999158,primary_goal,19.094452387570147,19.539112869630156,2.086274045557371,5.597287955632801,4.013776688971314,-1.1779535274891186,0.9132869551026215
912,1791274198022509563,20130955832548,13.049300564998703,primary_goal,19.150093403937895,19.578916864120433,2.07464395665031,5.607360026164929,4.00111035782332,-1.1636476848065083,0.9109054903899712
913,1791274198032506367,20130965840045,13.059308061998308,primary_goal,19.206179932224202,19.618821699665,2.063097599806177,5.619382040142525,3.9859052824073125,-1.1471253716449077,0.9112626393632139
914,1791274198042542161,20130975887550,13.069355567000457,primary_goal,19.26241794807625,19.658576388500087,2.0517234959743003,5.633396988194972,3.9679872250140344,-1.128277029354446,0.9143498471358982
915,1791274198052560132,20130985992311,13.079460328001005,primary_goal,19.318503108905702,19.697926021640036,2.0406092127220337,5.649345628012898,3.947327346831726,-1.1071328720329456,0.9200811004276255
916,1791274198062734971,20130996342761,13.089810777997627,primary_goal,19.376344476123563,19.73815494434457,2.029413681013126,5.667819078681119,3.923053258179538,-1.0828803845662722,0.9286761279640103
917,1791274198072604483,20131006420958,13.099888975000795,primary_goal,19.432611387286006,19.776904931191694,2.0188083799122487,5.687681735919681,3.8965743703394913,-1.056984435604867,0.93955088047714
918,1791274198082510545,20131015780461,13.109248477998335,primary_goal,19.489375609911804,19.815575623740138,2.008418435971925,5.7094916784060405,3.867086570127866,-1.0286979561111302,0.9529208625012502
919,1791274198092532423,20131025917689,13.119385705998866,primary_goal,19.546606374967123,19.854099548210755,1.9982790137168807,5.733131469384697,3.8346789820140996,-0.998173558153463,0.9687180504032089
920,1791274198102524672,20131035810413,13.129278429998521,primary_goal,19.604276666741846,19.89241451746886,1.9884220351083266,5.7584511401603775,3.7994963392623626,-0.9656157822858138,0.9868603212558826
921,1791274198112497583,20131046095748,13.139563764998456,primary_goal,19.6613574294346,19.929810313722818,1.9790375978415595,5.7847999132653785,3.762403897192048,-0.931878821026736,1.0068847026308432
922,1791274198122511319,20131055878485,13.14934650199939,primary_goal,19.71898761732673,19.96700931710281,1.96995027677771,5.812495998729955,3.7229223271114456,-0.8965822934550972,1.0290570824005687
923,1791274198132552201,20131065829831,13.159297848000278,primary_goal,19.77733424748079,20.004080656603616,1.9611553506300319,5.841438543410433,3.6811562379711726,-0.8598962247700905,1.0533743042433343
924,1791274198142512044,20131075936740,13.16940475699812,primary_goal,19.836269019403314,20.040907043519297,1.9526909806555177,5.871369316350492,3.637446585758246,-0.8221992670011575,1.0797143681275296
925,1791274198152562487,20131085956345,13.179424361998826,primary_goal,19.89538172400315,20.077208958970683,1.9446256190657483,5.901868316646355,3.592390415727617,-0.7840771135933954,1.1078013111707787
926,1791274198162593613,20131095895544,13.189363560999482,primary_goal,19.954870880088585,20.113093060749744,1.936935714202073,5.932823106932471,3.5461488612127674,-0.7457327698339938,1.1376311815581306
927,1791274198172484775,20131105724338,13.199192354997649,primary_goal,20.014180503428314,20.148219222436204,1.9296892065165676,5.963734639859971,3.499475408225649,-0.7078488428758468,1.168819648227171
928,1791274198182527818,20131116312783,13.209780799999862,primary_goal,20.073852872433218,20.1829085466672,1.9228123222128997,5.994685684601886,3.452261301465088,-0.6703922530733061,1.2015531162799507
929,1791274198192525808,20131126311410,13.219779426999594,primary_goal,20.13379173257799,20.217101933361278,1.9163100482390425,6.025436581936339,3.404890637107468,-0.6337297860921578,1.2357027480995861
930,1791274198202541504,20131136015860,13.229483876999439,primary_goal,20.194285412830364,20.250961698101168,1.910143685380618,6.055953435167987,3.3574397013169515,-0.5979847653821737,1.271368619379179
931,1791274198212558415,20131146282115,13.239750132001063,primary_goal,20.254710437623565,20.28414552967027,1.904362941662832,6.085647288023982,3.310476316132396,-0.5638787201059405,1.308115313434518
932,1791274198222606130,20131155953821,13.249421837997943,primary_goal,20.315957581492256,20.31714344646605,1.898865694606278,6.114401567632277,3.2624084135661438,-0.5315666357194148,1.3464246451342243
933,1791274198232478853,20131165702508,13.259170524997899,primary_goal,20.377079167277774,20.34943694409259,1.8937128645368726,6.141544171239658,3.212685995137141,-0.5021837240696347,1.3856362699443363
934,1791274198242506658,20131175899586,13.26936760299941,primary_goal,20.43815019600456,20.381057891235223,1.888861670597072,6.167279483540712,3.159933428203576,-0.4761558576403356,1.4257005458221184
935,1791274198252527745,20131185894183,13.279362199999014,primary_goal,20.500390148192853,20.412593791732977,1.8841838881737232,6.192505958120886,3.101718680790742,-0.4534285732386856,1.4673362439778657
936,1791274198262582367,20131195863565,13.289331582000159,primary_goal,20.500390148192853,20.412593791732977,1.8841838881737232,6.192505958120886,3.101718680790742,-0.4534285732386856,1.4673362439778657
937,1791274198272531761,20131206119223,13.2995872399988,primary_goal,20.625144718261915,20.47352686985768,1.8754452242368582,6.242399326282434,2.96711334897325,-0.42039768709559744,1.5527646896203178
938,1791274198282473339,20131215974233,13.309442249999847,primary_goal,20.686618358518153,20.502316783369672,1.8713656915904773,6.2678830420387035,2.8904727279578903,-0.41050045709584443,1.5955840498007212
939,1791274198292470085,20131225943869,13.319411886001035,primary_goal,20.750150133272975,20.531118461233252,1.8672469794045705,6.295603578583898,2.803589023901003,-0.40470043009522505,1.6401673411936948
940,1791274198302591337,20131236027904,13.329495920999761,primary_goal,20.813683903988114,20.55887647170438,1.8631829814492793,6.325163755005527,2.7089455577610186,-0.4032938284563726,1.6849612600721546
941,1791274198312510380,20131246399284,13.339867300997867,primary_goal,20.87692788942048,20.585396123765964,1.8591499622552703,6.356687694817523,2.6074373356884544,-0.4060706868055475,1.7296412410349709
942,1791274198322567771,20131255890918,13.349358935000055,primary_goal,20.94024819943196,20.610769510446683,1.8550854629435003,6.390443043097018,2.4992603823699633,-0.41277138282057335,1.774361654420394
943,1791274198332454022,20131265638548,13.35910656499982,primary_goal,21.00426329817742,20.635165818247863,1.8509129906190183,6.426718485577347,2.384304169949781,-0.42321587555012957,1.8194701811872982
944,1791274198342571451,20131275908684,13.369376701000874,primary_goal,21.068716431802283,20.65841037740728,1.8466144868757488,6.4651751513178235,2.264223122400902,-0.4370894484533069,1.8647121386556702
945,1791274198352682454,20131286139574,13.379607590999512,primary_goal,21.133676644898333,20.680472329919386,1.8421536869741424,6.50549629959113,2.140353471860282,-0.4540678039105985,1.9100811147737249
946,1791274198362448887,20131295880152,13.389348168999277,primary_goal,21.19975648271305,20.701500274843728,1.8374576721410965,6.547588281425699,2.0131602690053283,-0.47397264560430313,1.9559661444445184
947,1791274198372495180,20131305687486,13.399155503000657,primary_goal,21.26492813427159,20.7208545069603,1.832648672850788,6.589553575501181,1.8883123972745037,-0.4957489934614958,2.0009499856809354
948,1791274198382570918,20131315925441,13.409393457997794,primary_goal,21.330776287389142,20.739045339791,1.8275938678293433,6.631736092172115,1.7645526793157909,-0.5194538586895262,2.046140554666442
949,1791274198392567476,20131325912880,13.419380896997609,primary_goal,21.397732426611835,20.756188836378954,1.8222391478686406,6.673673589806247,1.6429493150155354,-0.5448460382522862,2.0918555742563156
950,1791274198402605990,20131336303879,13.429771896000602,primary_goal,21.46433555270829,20.77195878466307,1.8166887865540655,6.713687938593357,1.5279221005496075,-0.5709416838586324,2.1371426292893827
951,1791274198412587147,20131346288127,13.439756143998238,primary_goal,21.531640007839137,20.786683865334663,1.8108479585627317,6.751554115731434,1.4195507746880545,-0.5976876724127836,2.1419554412336996
952,1791274198422542646,20131355778646,13.44924666299994,primary_goal,21.599091750454342,20.80032951083382,1.8047590749428826,6.785934543705511,1.3209969616050907,-0.6243644708454859,2.1115108449573046
953,1791274198432536639,20131365755225,13.459223242000007,primary_goal,21.667006688602353,20.813074082788756,1.7983927517579597,6.816050946359038,1.2336828241072582,-0.650644247973837,2.0814337499005973
954,1791274198442555229,20131375977930,13.469445947001077,primary_goal,21.735259024765305,20.82502109841607,1.7917618947971143,6.840982732173384,1.159314492880267,-0.6760793699538329,2.0519145408189665
955,1791274198452544642,20131385987987,13.479456003999076,primary_goal,21.804009281672386,20.836339551271923,1.7848543192358746,6.859994102910151,1.098939379253158,-0.7003769113530666,2.02303987159078
956,1791274198462542172,20131395820428,13.489288444998238,primary_goal,21.873275976990026,20.847182649705257,1.7776727469641185,6.872333607771914,1.053527867818994,-0.723226402958127,1.994981088437554
957,1791274198472539285,20131405784432,13.499252449000778,primary_goal,21.941630143497083,20.857498281467443,1.770378041564097,6.877267276738398,1.0242615385644076,-0.7439329930232857,1.968477168599567
958,1791274198482448176,20131415765391,13.509233408,primary_goal,22.010177537294414,20.867627109877755,1.762867184498163,6.874513149345105,1.0105643340262886,-0.7626627629099118,1.9432585475876307
959,1791274198492590441,20131426258622,13.51972663899869,primary_goal,22.078978028233376,20.87774466937117,1.7551441312492084,6.863563259972075,1.0125227647137465,-0.779246070997183,1.9195031064430828
960,1791274198502575579,20131436370436,13.529838452999684,primary_goal,22.14796083889066,20.88800992647208,1.7472280620347784,6.8439544187904,1.0300593467148553,-0.7935049139026649,1.8974448612193704
961,1791274198512450504,20131445977145,13.539445161997719,primary_goal,22.215954255837175,20.89841155867311,1.7392694263728354,6.815809862364846,1.0622419384230708,-0.8051243316141989,1.8776231989926642
962,1791274198522421795,20131455647410,13.549115426998469,primary_goal,22.2834165145525,20.909170319129306,1.731232610383359,6.778900526811925,1.1083162598089433,-0.8141707930125966,1.8600348513988785
963,1791274198532420027,20131465627192,13.55909520899877,primary_goal,22.35096573790192,20.920538439446542,1.723058146551936,6.732656301491356,1.1679888537561933,-0.820674160650119,1.8446936146228905
964,1791274198542426072,20131475823600,13.569291617001,primary_goal,22.418045104385808,20.93257254988246,1.7148271425386568,6.677224155130349,1.2399897749273043,-0.824537868261136,1.8319011698911003
965,1791274198552528316,20131485951459,13.579419475998293,primary_goal,22.484669151538164,20.945412698114346,1.7065525912239314,6.612477164926412,1.323332512725471,-0.8257620306777547,1.8217963266655224
966,1791274198562538319,20131495794420,13.589262436998979,primary_goal,22.551031546493643,20.95923318500265,1.698224306506582,6.5380672878831945,1.4172564195395128,-0.8243460826008787,1.8144969565378803
967,1791274198572516653,20131505778466,13.599246482997842,primary_goal,22.616658302077678,20.974061044435288,1.6899156866713425,6.454425406638976,1.5199718609430535,-0.8203195958658036,1.8101768087864836
968,1791274198582447822,20131515920169,13.609388185999705,primary_goal,22.679566483380416,20.98949653753001,1.6818944474121058,6.364544835578142,1.6267327878162057,-0.8139755087303213,1.8089083919731708
969,1791274198592573939,20131526558292,13.620026308999513,primary_goal,22.74293494163699,21.006392000656742,1.673769125933674,6.2640716397792255,1.7415526561447037,-0.8050966743328803,1.8106352599296291
970,1791274198602579306,20131536523987,13.629992004000087,primary_goal,22.804620229238672,21.024271002912887,1.665826197997882,6.156357745361645,1.85936785664376,-0.7940280345517149,1.8153639106076402
971,1791274198612552420,20131546582111,13.64005012800044,primary_goal,22.86605127737445,21.043614246645323,1.6578936195367586,6.039377991059087,1.9814640526845089,-0.7806026753540664,1.823206049700192
972,1791274198622404026,20131555649243,13.649117259999912,primary_goal,22.925329437956215,21.063859269433316,1.6502283875465533,5.9175806793691805,2.102510037440625,-0.7653550872123706,1.8338665840975203
