# .PCD v0.7 - Point Cloud Data file format
VERSION 0.7
FIELDS x y z
SIZE 4 4 4
TYPE F F F
COUNT 1 1 1
WIDTH 6200
HEIGHT 1
VIEWPOINT 0 0 0 1 0 0 0
POINTS 6200
DATA ascii
21.5790 21.8790 0.0000
21.5727 21.9287 0.0000
21.5543 21.9754 0.0000
21.5248 22.0159 0.0000
21.4862 22.0479 0.0000
21.4408 22.0692 0.0000
21.3916 22.0786 0.0000
21.3415 22.0755 0.0000
21.2938 22.0600 0.0000
21.2515 22.0331 0.0000
21.2172 21.9966 0.0000
21.1930 21.9526 0.0000
21.1806 21.9041 0.0000
21.1806 21.8539 0.0000
21.1930 21.8054 0.0000
21.2172 21.7614 0.0000
21.2515 21.7249 0.0000
21.2938 21.6980 0.0000
21.3415 21.6825 0.0000
21.3916 21.6794 0.0000
21.4408 21.6888 0.0000
21.4862 21.7101 0.0000
21.5248 21.7421 0.0000
21.5543 21.7826 0.0000
21.5727 21.8293 0.0000
21.5790 21.8790 0.1000
21.5727 21.9287 0.1000
21.5543 21.9754 0.1000
21.5248 22.0159 0.1000
21.4862 22.0479 0.1000
21.4408 22.0692 0.1000
21.3916 22.0786 0.1000
21.3415 22.0755 0.1000
21.2938 22.0600 0.1000
21.2515 22.0331 0.1000
21.2172 21.9966 0.1000
21.1930 21.9526 0.1000
21.1806 21.9041 0.1000
21.1806 21.8539 0.1000
21.1930 21.8054 0.1000
21.2172 21.7614 0.1000
21.2515 21.7249 0.1000
21.2938 21.6980 0.1000
21.3415 21.6825 0.1000
21.3916 21.6794 0.1000
21.4408 21.6888 0.1000
21.4862 21.7101 0.1000
21.5248 21.7421 0.1000
21.5543 21.7826 0.1000
21.5727 21.8293 0.1000
21.5790 21.8790 0.2000
21.5727 21.9287 0.2000
21.5543 21.9754 0.2000
21.5248 22.0159 0.2000
21.4862 22.0479 0.2000
21.4408 22.0692 0.2000
21.3916 22.0786 0.2000
21.3415 22.0755 0.2000
21.2938 22.0600 0.2000
21.2515 22.0331 0.2000
21.2172 21.9966 0.2000
21.1930 21.9526 0.2000
21.1806 21.9041 0.2000
21.1806 21.8539 0.2000
21.1930 21.8054 0.2000
21.2172 21.7614 0.2000
21.2515 21.7249 0.2000
21.2938 21.6980 0.2000
21.3415 21.6825 0.2000
21.3916 21.6794 0.2000
21.4408 21.6888 0.2000
21.4862 21.7101 0.2000
21.5248 21.7421 0.2000
21.5543 21.7826 0.2000
21.5727 21.8293 0.2000
21.5790 21.8790 0.3000
21.5727 21.9287 0.3000
21.5543 21.9754 0.3000
21.5248 22.0159 0.3000
21.4862 22.0479 0.3000
21.4408 22.0692 0.3000
21.3916 22.0786 0.3000
21.3415 22.0755 0.3000
21.2938 22.0600 0.3000
21.2515 22.0331 0.3000
21.2172 21.9966 0.3000
21.1930 21.9526 0.3000
21.1806 21.9041 0.3000
21.1806 21.8539 0.3000
21.1930 21.8054 0.3000
21.2172 21.7614 0.3000
21.2515 21.7249 0.3000
21.2938 21.6980 0.3000
21.3415 21.6825 0.3000
21.3916 21.6794 0.3000
21.4408 21.6888 0.3000
21.4862 21.7101 0.3000
21.5248 21.7421 0.3000
21.5543 21.7826 0.3000
21.5727 21.8293 0.3000
21.5790 21.8790 0.4000
21.5727 21.9287 0.4000
21.5543 21.9754 0.4000
21.5248 22.0159 0.4000
21.4862 22.0479 0.4000
21.4408 22.0692 0.4000
21.3916 22.0786 0.4000
21.3415 22.0755 0.4000
21.2938 22.0600 0.4000
21.2515 22.0331 0.4000
21.2172 21.9966 0.4000
21.1930 21.9526 0.4000
21.1806 21.9041 0.4000
21.1806 21.8539 0.4000
21.1930 21.8054 0.4000
21.2172 21.7614 0.4000
21.2515 21.7249 0.4000
21.2938 21.6980 0.4000
21.3415 21.6825 0.4000
21.3916 21.6794 0.4000
21.4408 21.6888 0.4000
21.4862 21.7101 0.4000
21.5248 21.7421 0.4000
21.5543 21.7826 0.4000
21.5727 21.8293 0.4000
21.5790 21.8790 0.5000
21.5727 21.9287 0.5000
21.5543 21.9754 0.5000
21.5248 22.0159 0.5000
21.4862 22.0479 0.5000
21.4408 22.0692 0.5000
21.3916 22.0786 0.5000
21.3415 22.0755 0.5000
21.2938 22.0600 0.5000
21.2515 22.0331 0.5000
21.2172 21.9966 0.5000
21.1930 21.9526 0.5000
21.1806 21.9041 0.5000
21.1806 21.8539 0.5000
21.1930 21.8054 0.5000
21.2172 21.7614 0.5000
21.2515 21.7249 0.5000
21.2938 21.6980 0.5000
21.3415 21.6825 0.5000
21.3916 21.6794 0.5000
21.4408 21.6888 0.5000
21.4862 21.7101 0.5000
21.5248 21.7421 0.5000
21.5543 21.7826 0.5000
21.5727 21.8293 0.5000
21.5790 21.8790 0.6000
21.5727 21.9287 0.6000
21.5543 21.9754 0.6000
21.5248 22.0159 0.6000
21.4862 22.0479 0.6000
21.4408 22.0692 0.6000
21.3916 22.0786 0.6000
21.3415 22.0755 0.6000
21.2938 22.0600 0.6000
21.2515 22.0331 0.6000
21.2172 21.9966 0.6000
21.1930 21.9526 0.6000
21.1806 21.9041 0.6000
21.1806 21.8539 0.6000
21.1930 21.8054 0.6000
21.2172 21.7614 0.6000
21.2515 21.7249 0.6000
21.2938 21.6980 0.6000
21.3415 21.6825 0.6000
21.3916 21.6794 0.6000
21.4408 21.6888 0.6000
21.4862 21.7101 0.6000
21.5248 21.7421 0.6000
21.5543 21.7826 0.6000
21.5727 21.8293 0.6000
21.5790 21.8790 0.7000
21.5727 21.9287 0.7000
21.5543 21.9754 0.7000
21.5248 22.0159 0.7000
21.4862 22.0479 0.7000
21.4408 22.0692 0.7000
21.3916 22.0786 0.7000
21.3415 22.0755 0.7000
21.2938 22.0600 0.7000
21.2515 22.0331 0.7000
21.2172 21.9966 0.7000
21.1930 21.9526 0.7000
21.1806 21.9041 0.7000
21.1806 21.8539 0.7000
21.1930 21.8054 0.7000
21.2172 21.7614 0.7000
21.2515 21.7249 0.7000
21.2938 21.6980 0.7000
21.3415 21.6825 0.7000
21.3916 21.6794 0.7000
21.4408 21.6888 0.7000
21.4862 21.7101 0.7000
21.5248 21.7421 0.7000
21.5543 21.7826 0.7000
21.5727 21.8293 0.7000
21.5790 21.8790 0.8000
21.5727 21.9287 0.8000
21.5543 21.9754 0.8000
21.5248 22.0159 0.8000
21.4862 22.0479 0.8000
21.4408 22.0692 0.8000
21.3916 22.0786 0.8000
21.3415 22.0755 0.8000
21.2938 22.0600 0.8000
21.2515 22.0331 0.8000
21.2172 21.9966 0.8000
21.1930 21.9526 0.8000
21.1806 21.9041 0.8000
21.1806 21.8539 0.8000
21.1930 21.8054 0.8000
21.2172 21.7614 0.8000
21.2515 21.7249 0.8000
21.2938 21.6980 0.8000
21.3415 21.6825 0.8000
21.3916 21.6794 0.8000
21.4408 21.6888 0.8000
21.4862 21.7101 0.8000
21.5248 21.7421 0.8000
21.5543 21.7826 0.8000
21.5727 21.8293 0.8000
21.5790 21.8790 0.9000
21.5727 21.9287 0.9000
21.5543 21.9754 0.9000
21.5248 22.0159 0.9000
21.4862 22.0479 0.9000
21.4408 22.0692 0.9000
21.3916 22.0786 0.9000
21.3415 22.0755 0.9000
21.2938 22.0600 0.9000
21.2515 22.0331 0.9000
21.2172 21.9966 0.9000
21.1930 21.9526 0.9000
21.1806 21.9041 0.9000
21.1806 21.8539 0.9000
21.1930 21.8054 0.9000
21.2172 21.7614 0.9000
21.2515 21.7249 0.9000
21.2938 21.6980 0.9000
21.3415 21.6825 0.9000
21.3916 21.6794 0.9000
21.4408 21.6888 0.9000
21.4862 21.7101 0.9000
21.5248 21.7421 0.9000
21.5543 21.7826 0.9000
21.5727 21.8293 0.9000
21.5790 21.8790 1.0000
21.5727 21.9287 1.0000
21.5543 21.9754 1.0000
21.5248 22.0159 1.0000
21.4862 22.0479 1.0000
21.4408 22.0692 1.0000
21.3916 22.0786 1.0000
21.3415 22.0755 1.0000
21.2938 22.0600 1.0000
21.2515 22.0331 1.0000
21.2172 21.9966 1.0000
21.1930 21.9526 1.0000
21.1806 21.9041 1.0000
21.1806 21.8539 1.0000
21.1930 21.8054 1.0000
21.2172 21.7614 1.0000
21.2515 21.7249 1.0000
21.2938 21.6980 1.0000
21.3415 21.6825 1.0000
21.3916 21.6794 1.0000
21.4408 21.6888 1.0000
21.4862 21.7101 1.0000
21.5248 21.7421 1.0000
21.5543 21.7826 1.0000
21.5727 21.8293 1.0000
21.5790 21.8790 1.1000
21.5727 21.9287 1.1000
21.5543 21.9754 1.1000
21.5248 22.0159 1.1000
21.4862 22.0479 1.1000
21.4408 22.0692 1.1000
21.3916 22.0786 1.1000
21.3415 22.0755 1.1000
21.2938 22.0600 1.1000
21.2515 22.0331 1.1000
21.2172 21.9966 1.1000
21.1930 21.9526 1.1000
21.1806 21.9041 1.1000
21.1806 21.8539 1.1000
21.1930 21.8054 1.1000
21.2172 21.7614 1.1000
21.2515 21.7249 1.1000
21.2938 21.6980 1.1000
21.3415 21.6825 1.1000
21.3916 21.6794 1.1000
21.4408 21.6888 1.1000
21.4862 21.7101 1.1000
21.5248 21.7421 1.1000
21.5543 21.7826 1.1000
21.5727 21.8293 1.1000
21.5790 21.8790 1.2000
21.5727 21.9287 1.2000
21.5543 21.9754 1.2000
21.5248 22.0159 1.2000
21.4862 22.0479 1.2000
21.4408 22.0692 1.2000
21.3916 22.0786 1.2000
21.3415 22.0755 1.2000
21.2938 22.0600 1.2000
21.2515 22.0331 1.2000
21.2172 21.9966 1.2000
21.1930 21.9526 1.2000
21.1806 21.9041 1.2000
21.1806 21.8539 1.2000
21.1930 21.8054 1.2000
21.2172 21.7614 1.2000
21.2515 21.7249 1.2000
21.2938 21.6980 1.2000
21.3415 21.6825 1.2000
21.3916 21.6794 1.2000
21.4408 21.6888 1.2000
21.4862 21.7101 1.2000
21.5248 21.7421 1.2000
21.5543 21.7826 1.2000
21.5727 21.8293 1.2000
21.5790 21.8790 1.3000
21.5727 21.9287 1.3000
21.5543 21.9754 1.3000
21.5248 22.0159 1.3000
21.4862 22.0479 1.3000
21.4408 22.0692 1.3000
21.3916 22.0786 1.3000
21.3415 22.0755 1.3000
21.2938 22.0600 1.3000
21.2515 22.0331 1.3000
21.2172 21.9966 1.3000
21.1930 21.9526 1.3000
21.1806 21.9041 1.3000
21.1806 21.8539 1.3000
21.1930 21.8054 1.3000
21.2172 21.7614 1.3000
21.2515 21.7249 1.3000
21.2938 21.6980 1.3000
21.3415 21.6825 1.3000
21.3916 21.6794 1.3000
21.4408 21.6888 1.3000
21.4862 21.7101 1.3000
21.5248 21.7421 1.3000
21.5543 21.7826 1.3000
21.5727 21.8293 1.3000
21.5790 21.8790 1.4000
21.5727 21.9287 1.4000
21.5543 21.9754 1.4000
21.5248 22.0159 1.4000
21.4862 22.0479 1.4000
21.4408 22.0692 1.4000
21.3916 22.0786 1.4000
21.3415 22.0755 1.4000
21.2938 22.0600 1.4000
21.2515 22.0331 1.4000
21.2172 21.9966 1.4000
21.1930 21.9526 1.4000
21.1806 21.9041 1.4000
21.1806 21.8539 1.4000
21.1930 21.8054 1.4000
21.2172 21.7614 1.4000
21.2515 21.7249 1.4000
21.2938 21.6980 1.4000
21.3415 21.6825 1.4000
21.3916 21.6794 1.4000
21.4408 21.6888 1.4000
21.4862 21.7101 1.4000
21.5248 21.7421 1.4000
21.5543 21.7826 1.4000
21.5727 21.8293 1.4000
21.5790 21.8790 1.5000
21.5727 21.9287 1.5000
21.5543 21.9754 1.5000
21.5248 22.0159 1.5000
21.4862 22.0479 1.5000
21.4408 22.0692 1.5000
21.3916 22.0786 1.5000
21.3415 22.0755 1.5000
21.2938 22.0600 1.5000
21.2515 22.0331 1.5000
21.2172 21.9966 1.5000
21.1930 21.9526 1.5000
21.1806 21.9041 1.5000
21.1806 21.8539 1.5000
21.1930 21.8054 1.5000
21.2172 21.7614 1.5000
21.2515 21.7249 1.5000
21.2938 21.6980 1.5000
21.3415 21.6825 1.5000
21.3916 21.6794 1.5000
21.4408 21.6888 1.5000
21.4862 21.7101 1.5000
21.5248 21.7421 1.5000
21.5543 21.7826 1.5000
21.5727 21.8293 1.5000
21.5790 21.8790 1.6000
21.5727 21.9287 1.6000
21.5543 21.9754 1.6000
21.5248 22.0159 1.6000
21.4862 22.0479 1.6000
21.4408 22.0692 1.6000
21.3916 22.0786 1.6000
21.3415 22.0755 1.6000
21.2938 22.0600 1.6000
21.2515 22.0331 1.6000
21.2172 21.9966 1.6000
21.1930 21.9526 1.6000
21.1806 21.9041 1.6000
21.1806 21.8539 1.6000
21.1930 21.8054 1.6000
21.2172 21.7614 1.6000
21.2515 21.7249 1.6000
21.2938 21.6980 1.6000
21.3415 21.6825 1.6000
21.3916 21.6794 1.6000
21.4408 21.6888 1.6000
21.4862 21.7101 1.6000
21.5248 21.7421 1.6000
21.5543 21.7826 1.6000
21.5727 21.8293 1.6000
21.5790 21.8790 1.7000
21.5727 21.9287 1.7000
21.5543 21.9754 1.7000
21.5248 22.0159 1.7000
21.4862 22.0479 1.7000
21.4408 22.0692 1.7000
21.3916 22.0786 1.7000
21.3415 22.0755 1.7000
21.2938 22.0600 1.7000
21.2515 22.0331 1.7000
21.2172 21.9966 1.7000
21.1930 21.9526 1.7000
21.1806 21.9041 1.7000
21.1806 21.8539 1.7000
21.1930 21.8054 1.7000
21.2172 21.7614 1.7000
21.2515 21.7249 1.7000
21.2938 21.6980 1.7000
21.3415 21.6825 1.7000
21.3916 21.6794 1.7000
21.4408 21.6888 1.7000
21.4862 21.7101 1.7000
21.5248 21.7421 1.7000
21.5543 21.7826 1.7000
21.5727 21.8293 1.7000
21.5790 21.8790 1.8000
21.5727 21.9287 1.8000
21.5543 21.9754 1.8000
21.5248 22.0159 1.8000
21.4862 22.0479 1.8000
21.4408 22.0692 1.8000
21.3916 22.0786 1.8000
21.3415 22.0755 1.8000
21.2938 22.0600 1.8000
21.2515 22.0331 1.8000
21.2172 21.9966 1.8000
21.1930 21.9526 1.8000
21.1806 21.9041 1.8000
21.1806 21.8539 1.8000
21.1930 21.8054 1.8000
21.2172 21.7614 1.8000
21.2515 21.7249 1.8000
21.2938 21.6980 1.8000
21.3415 21.6825 1.8000
21.3916 21.6794 1.8000
21.4408 21.6888 1.8000
21.4862 21.7101 1.8000
21.5248 21.7421 1.8000
21.5543 21.7826 1.8000
21.5727 21.8293 1.8000
21.5790 21.8790 1.9000
21.5727 21.9287 1.9000
21.5543 21.9754 1.9000
21.5248 22.0159 1.9000
21.4862 22.0479 1.9000
21.4408 22.0692 1.9000
21.3916 22.0786 1.9000
21.3415 22.0755 1.9000
21.2938 22.0600 1.9000
21.2515 22.0331 1.9000
21.2172 21.9966 1.9000
21.1930 21.9526 1.9000
21.1806 21.9041 1.9000
21.1806 21.8539 1.9000
21.1930 21.8054 1.9000
21.2172 21.7614 1.9000
21.2515 21.7249 1.9000
21.2938 21.6980 1.9000
21.3415 21.6825 1.9000
21.3916 21.6794 1.9000
21.4408 21.6888 1.9000
21.4862 21.7101 1.9000
21.5248 21.7421 1.9000
21.5543 21.7826 1.9000
21.5727 21.8293 1.9000
21.5790 21.8790 2.0000
21.5727 21.9287 2.0000
21.5543 21.9754 2.0000
21.5248 22.0159 2.0000
21.4862 22.0479 2.0000
21.4408 22.0692 2.0000
21.3916 22.0786 2.0000
21.3415 22.0755 2.0000
21.2938 22.0600 2.0000
21.2515 22.0331 2.0000
21.2172 21.9966 2.0000
21.1930 21.9526 2.0000
21.1806 21.9041 2.0000
21.1806 21.8539 2.0000
21.1930 21.8054 2.0000
21.2172 21.7614 2.0000
21.2515 21.7249 2.0000
21.2938 21.6980 2.0000
21.3415 21.6825 2.0000
21.3916 21.6794 2.0000
21.4408 21.6888 2.0000
21.4862 21.7101 2.0000
21.5248 21.7421 2.0000
21.5543 21.7826 2.0000
21.5727 21.8293 2.0000
21.5790 21.8790 2.1000
21.5727 21.9287 2.1000
21.5543 21.9754 2.1000
21.5248 22.0159 2.1000
21.4862 22.0479 2.1000
21.4408 22.0692 2.1000
21.3916 22.0786 2.1000
21.3415 22.0755 2.1000
21.2938 22.0600 2.1000
21.2515 22.0331 2.1000
21.2172 21.9966 2.1000
21.1930 21.9526 2.1000
21.1806 21.9041 2.1000
21.1806 21.8539 2.1000
21.1930 21.8054 2.1000
21.2172 21.7614 2.1000
21.2515 21.7249 2.1000
21.2938 21.6980 2.1000
21.3415 21.6825 2.1000
21.3916 21.6794 2.1000
21.4408 21.6888 2.1000
21.4862 21.7101 2.1000
21.5248 21.7421 2.1000
21.5543 21.7826 2.1000
21.5727 21.8293 2.1000
21.5790 21.8790 2.2000
21.5727 21.9287 2.2000
21.5543 21.9754 2.2000
21.5248 22.0159 2.2000
21.4862 22.0479 2.2000
21.4408 22.0692 2.2000
21.3916 22.0786 2.2000
21.3415 22.0755 2.2000
21.2938 22.0600 2.2000
21.2515 22.0331 2.2000
21.2172 21.9966 2.2000
21.1930 21.9526 2.2000
21.1806 21.9041 2.2000
21.1806 21.8539 2.2000
21.1930 21.8054 2.2000
21.2172 21.7614 2.2000
21.2515 21.7249 2.2000
21.2938 21.6980 2.2000
21.3415 21.6825 2.2000
21.3916 21.6794 2.2000
21.4408 21.6888 2.2000
21.4862 21.7101 2.2000
21.5248 21.7421 2.2000
21.5543 21.7826 2.2000
21.5727 21.8293 2.2000
21.5790 21.8790 2.3000
21.5727 21.9287 2.3000
21.5543 21.9754 2.3000
21.5248 22.0159 2.3000
21.4862 22.0479 2.3000
21.4408 22.0692 2.3000
21.3916 22.0786 2.3000
21.3415 22.0755 2.3000
21.2938 22.0600 2.3000
21.2515 22.0331 2.3000
21.2172 21.9966 2.3000
21.1930 21.9526 2.3000
21.1806 21.9041 2.3000
21.1806 21.8539 2.3000
21.1930 21.8054 2.3000
21.2172 21.7614 2.3000
21.2515 21.7249 2.3000
21.2938 21.6980 2.3000
21.3415 21.6825 2.3000
21.3916 21.6794 2.3000
21.4408 21.6888 2.3000
21.4862 21.7101 2.3000
21.5248 21.7421 2.3000
21.5543 21.7826 2.3000
21.5727 21.8293 2.3000
21.5790 21.8790 2.4000
21.5727 21.9287 2.4000
21.5543 21.9754 2.4000
21.5248 22.0159 2.4000
21.4862 22.0479 2.4000
21.4408 22.0692 2.4000
21.3916 22.0786 2.4000
21.3415 22.0755 2.4000
21.2938 22.0600 2.4000
21.2515 22.0331 2.4000
21.2172 21.9966 2.4000
21.1930 21.9526 2.4000
21.1806 21.9041 2.4000
21.1806 21.8539 2.4000
21.1930 21.8054 2.4000
21.2172 21.7614 2.4000
21.2515 21.7249 2.4000
21.2938 21.6980 2.4000
21.3415 21.6825 2.4000
21.3916 21.6794 2.4000
21.4408 21.6888 2.4000
21.4862 21.7101 2.4000
21.5248 21.7421 2.4000
21.5543 21.7826 2.4000
21.5727 21.8293 2.4000
21.5790 21.8790 2.5000
21.5727 21.9287 2.5000
21.5543 21.9754 2.5000
21.5248 22.0159 2.5000
21.4862 22.0479 2.5000
21.4408 22.0692 2.5000
21.3916 22.0786 2.5000
21.3415 22.0755 2.5000
21.2938 22.0600 2.5000
21.2515 22.0331 2.5000
21.2172 21.9966 2.5000
21.1930 21.9526 2.5000
21.1806 21.9041 2.5000
21.1806 21.8539 2.5000
21.1930 21.8054 2.5000
21.2172 21.7614 2.5000
21.2515 21.7249 2.5000
21.2938 21.6980 2.5000
21.3415 21.6825 2.5000
21.3916 21.6794 2.5000
21.4408 21.6888 2.5000
21.4862 21.7101 2.5000
21.5248 21.7421 2.5000
21.5543 21.7826 2.5000
21.5727 21.8293 2.5000
21.5790 21.8790 2.6000
21.5727 21.9287 2.6000
21.5543 21.9754 2.6000
21.5248 22.0159 2.6000
21.4862 22.0479 2.6000
21.4408 22.0692 2.6000
21.3916 22.0786 2.6000
21.3415 22.0755 2.6000
21.2938 22.0600 2.6000
21.2515 22.0331 2.6000
21.2172 21.9966 2.6000
21.1930 21.9526 2.6000
21.1806 21.9041 2.6000
21.1806 21.8539 2.6000
21.1930 21.8054 2.6000
21.2172 21.7614 2.6000
21.2515 21.7249 2.6000
21.2938 21.6980 2.6000
21.3415 21.6825 2.6000
21.3916 21.6794 2.6000
21.4408 21.6888 2.6000
21.4862 21.7101 2.6000
21.5248 21.7421 2.6000
21.5543 21.7826 2.6000
21.5727 21.8293 2.6000
21.5790 21.8790 2.7000
21.5727 21.9287 2.7000
21.5543 21.9754 2.7000
21.5248 22.0159 2.7000
21.4862 22.0479 2.7000
21.4408 22.0692 2.7000
21.3916 22.0786 2.7000
21.3415 22.0755 2.7000
21.2938 22.0600 2.7000
21.2515 22.0331 2.7000
21.2172 21.9966 2.7000
21.1930 21.9526 2.7000
21.1806 21.9041 2.7000
21.1806 21.8539 2.7000
21.1930 21.8054 2.7000
21.2172 21.7614 2.7000
21.2515 21.7249 2.7000
21.2938 21.6980 2.7000
21.3415 21.6825 2.7000
21.3916 21.6794 2.7000
21.4408 21.6888 2.7000
21.4862 21.7101 2.7000
21.5248 21.7421 2.7000
21.5543 21.7826 2.7000
21.5727 21.8293 2.7000
21.5790 21.8790 2.8000
21.5727 21.9287 2.8000
21.5543 21.9754 2.8000
21.5248 22.0159 2.8000
21.4862 22.0479 2.8000
21.4408 22.0692 2.8000
21.3916 22.0786 2.8000
21.3415 22.0755 2.8000
21.2938 22.0600 2.8000
21.2515 22.0331 2.8000
21.2172 21.9966 2.8000
21.1930 21.9526 2.8000
21.1806 21.9041 2.8000
21.1806 21.8539 2.8000
21.1930 21.8054 2.8000
21.2172 21.7614 2.8000
21.2515 21.7249 2.8000
21.2938 21.6980 2.8000
21.3415 21.6825 2.8000
21.3916 21.6794 2.8000
21.4408 21.6888 2.8000
21.4862 21.7101 2.8000
21.5248 21.7421 2.8000
21.5543 21.7826 2.8000
21.5727 21.8293 2.8000
21.5790 21.8790 2.9000
21.5727 21.9287 2.9000
21.5543 21.9754 2.9000
21.5248 22.0159 2.9000
21.4862 22.0479 2.9000
21.4408 22.0692 2.9000
21.3916 22.0786 2.9000
21.3415 22.0755 2.9000
21.2938 22.0600 2.9000
21.2515 22.0331 2.9000
21.2172 21.9966 2.9000
21.1930 21.9526 2.9000
21.1806 21.9041 2.9000
21.1806 21.8539 2.9000
21.1930 21.8054 2.9000
21.2172 21.7614 2.9000
21.2515 21.7249 2.9000
21.2938 21.6980 2.9000
21.3415 21.6825 2.9000
21.3916 21.6794 2.9000
21.4408 21.6888 2.9000
21.4862 21.7101 2.9000
21.5248 21.7421 2.9000
21.5543 21.7826 2.9000
21.5727 21.8293 2.9000
21.5790 21.8790 3.0000
21.5727 21.9287 3.0000
21.5543 21.9754 3.0000
21.5248 22.0159 3.0000
21.4862 22.0479 3.0000
21.4408 22.0692 3.0000
21.3916 22.0786 3.0000
21.3415 22.0755 3.0000
21.2938 22.0600 3.0000
21.2515 22.0331 3.0000
21.2172 21.9966 3.0000
21.1930 21.9526 3.0000
21.1806 21.9041 3.0000
21.1806 21.8539 3.0000
21.1930 21.8054 3.0000
21.2172 21.7614 3.0000
21.2515 21.7249 3.0000
21.2938 21.6980 3.0000
21.3415 21.6825 3.0000
21.3916 21.6794 3.0000
21.4408 21.6888 3.0000
21.4862 21.7101 3.0000
21.5248 21.7421 3.0000
21.5543 21.7826 3.0000
21.5727 21.8293 3.0000
20.9790 21.8790 0.0000
20.9727 21.9287 0.0000
20.9543 21.9754 0.0000
20.9248 22.0159 0.0000
20.8862 22.0479 0.0000
20.8408 22.0692 0.0000
20.7916 22.0786 0.0000
20.7415 22.0755 0.0000
20.6938 22.0600 0.0000
20.6515 22.0331 0.0000
20.6172 21.9966 0.0000
20.5930 21.9526 0.0000
20.5806 21.9041 0.0000
20.5806 21.8539 0.0000
20.5930 21.8054 0.0000
20.6172 21.7614 0.0000
20.6515 21.7249 0.0000
20.6938 21.6980 0.0000
20.7415 21.6825 0.0000
20.7916 21.6794 0.0000
20.8408 21.6888 0.0000
20.8862 21.7101 0.0000
20.9248 21.7421 0.0000
20.9543 21.7826 0.0000
20.9727 21.8293 0.0000
20.9790 21.8790 0.1000
20.9727 21.9287 0.1000
20.9543 21.9754 0.1000
20.9248 22.0159 0.1000
20.8862 22.0479 0.1000
20.8408 22.0692 0.1000
20.7916 22.0786 0.1000
20.7415 22.0755 0.1000
20.6938 22.0600 0.1000
20.6515 22.0331 0.1000
20.6172 21.9966 0.1000
20.5930 21.9526 0.1000
20.5806 21.9041 0.1000
20.5806 21.8539 0.1000
20.5930 21.8054 0.1000
20.6172 21.7614 0.1000
20.6515 21.7249 0.1000
20.6938 21.6980 0.1000
20.7415 21.6825 0.1000
20.7916 21.6794 0.1000
20.8408 21.6888 0.1000
20.8862 21.7101 0.1000
20.9248 21.7421 0.1000
20.9543 21.7826 0.1000
20.9727 21.8293 0.1000
20.9790 21.8790 0.2000
20.9727 21.9287 0.2000
20.9543 21.9754 0.2000
20.9248 22.0159 0.2000
20.8862 22.0479 0.2000
20.8408 22.0692 0.2000
20.7916 22.0786 0.2000
20.7415 22.0755 0.2000
20.6938 22.0600 0.2000
20.6515 22.0331 0.2000
20.6172 21.9966 0.2000
20.5930 21.9526 0.2000
20.5806 21.9041 0.2000
20.5806 21.8539 0.2000
20.5930 21.8054 0.2000
20.6172 21.7614 0.2000
20.6515 21.7249 0.2000
20.6938 21.6980 0.2000
20.7415 21.6825 0.2000
20.7916 21.6794 0.2000
20.8408 21.6888 0.2000
20.8862 21.7101 0.2000
20.9248 21.7421 0.2000
20.9543 21.7826 0.2000
20.9727 21.8293 0.2000
20.9790 21.8790 0.3000
20.9727 21.9287 0.3000
20.9543 21.9754 0.3000
20.9248 22.0159 0.3000
20.8862 22.0479 0.3000
20.8408 22.0692 0.3000
20.7916 22.0786 0.3000
20.7415 22.0755 0.3000
20.6938 22.0600 0.3000
20.6515 22.0331 0.3000
20.6172 21.9966 0.3000
20.5930 21.9526 0.3000
20.5806 21.9041 0.3000
20.5806 21.8539 0.3000
20.5930 21.8054 0.3000
20.6172 21.7614 0.3000
20.6515 21.7249 0.3000
20.6938 21.6980 0.3000
20.7415 21.6825 0.3000
20.7916 21.6794 0.3000
20.8408 21.6888 0.3000
20.8862 21.7101 0.3000
20.9248 21.7421 0.3000
20.9543 21.7826 0.3000
20.9727 21.8293 0.3000
20.9790 21.8790 0.4000
20.9727 21.9287 0.4000
20.9543 21.9754 0.4000
20.9248 22.0159 0.4000
20.8862 22.0479 0.4000
20.8408 22.0692 0.4000
20.7916 22.0786 0.4000
20.7415 22.0755 0.4000
20.6938 22.0600 0.4000
20.6515 22.0331 0.4000
20.6172 21.9966 0.4000
20.5930 21.9526 0.4000
20.5806 21.9041 0.4000
20.5806 21.8539 0.4000
20.5930 21.8054 0.4000
20.6172 21.7614 0.4000
20.6515 21.7249 0.4000
20.6938 21.6980 0.4000
20.7415 21.6825 0.4000
20.7916 21.6794 0.4000
20.8408 21.6888 0.4000
20.8862 21.7101 0.4000
20.9248 21.7421 0.4000
20.9543 21.7826 0.4000
20.9727 21.8293 0.4000
20.9790 21.8790 0.5000
20.9727 21.9287 0.5000
20.9543 21.9754 0.5000
20.9248 22.0159 0.5000
20.8862 22.0479 0.5000
20.8408 22.0692 0.5000
20.7916 22.0786 0.5000
20.7415 22.0755 0.5000
20.6938 22.0600 0.5000
20.6515 22.0331 0.5000
20.6172 21.9966 0.5000
20.5930 21.9526 0.5000
20.5806 21.9041 0.5000
20.5806 21.8539 0.5000
20.5930 21.8054 0.5000
20.6172 21.7614 0.5000
20.6515 21.7249 0.5000
20.6938 21.6980 0.5000
20.7415 21.6825 0.5000
20.7916 21.6794 0.5000
20.8408 21.6888 0.5000
20.8862 21.7101 0.5000
20.9248 21.7421 0.5000
20.9543 21.7826 0.5000
20.9727 21.8293 0.5000
20.9790 21.8790 0.6000
20.9727 21.9287 0.6000
20.9543 21.9754 0.6000
20.9248 22.0159 0.6000
20.8862 22.0479 0.6000
20.8408 22.0692 0.6000
20.7916 22.0786 0.6000
20.7415 22.0755 0.6000
20.6938 22.0600 0.6000
20.6515 22.0331 0.6000
20.6172 21.9966 0.6000
20.5930 21.9526 0.6000
20.5806 21.9041 0.6000
20.5806 21.8539 0.6000
20.5930 21.8054 0.6000
20.6172 21.7614 0.6000
20.6515 21.7249 0.6000
20.6938 21.6980 0.6000
20.7415 21.6825 0.6000
20.7916 21.6794 0.6000
20.8408 21.6888 0.6000
20.8862 21.7101 0.6000
20.9248 21.7421 0.6000
20.9543 21.7826 0.6000
20.9727 21.8293 0.6000
20.9790 21.8790 0.7000
20.9727 21.9287 0.7000
20.9543 21.9754 0.7000
20.9248 22.0159 0.7000
20.8862 22.0479 0.7000
20.8408 22.0692 0.7000
20.7916 22.0786 0.7000
20.7415 22.0755 0.7000
20.6938 22.0600 0.7000
20.6515 22.0331 0.7000
20.6172 21.9966 0.7000
20.5930 21.9526 0.7000
20.5806 21.9041 0.7000
20.5806 21.8539 0.7000
20.5930 21.8054 0.7000
20.6172 21.7614 0.7000
20.6515 21.7249 0.7000
20.6938 21.6980 0.7000
20.7415 21.6825 0.7000
20.7916 21.6794 0.7000
20.8408 21.6888 0.7000
20.8862 21.7101 0.7000
20.9248 21.7421 0.7000
20.9543 21.7826 0.7000
20.9727 21.8293 0.7000
20.9790 21.8790 0.8000
20.9727 21.9287 0.8000
20.9543 21.9754 0.8000
20.9248 22.0159 0.8000
20.8862 22.0479 0.8000
20.8408 22.0692 0.8000
20.7916 22.0786 0.8000
20.7415 22.0755 0.8000
20.6938 22.0600 0.8000
20.6515 22.0331 0.8000
20.6172 21.9966 0.8000
20.5930 21.9526 0.8000
20.5806 21.9041 0.8000
20.5806 21.8539 0.8000
20.5930 21.8054 0.8000
20.6172 21.7614 0.8000
20.6515 21.7249 0.8000
20.6938 21.6980 0.8000
20.7415 21.6825 0.8000
20.7916 21.6794 0.8000
20.8408 21.6888 0.8000
20.8862 21.7101 0.8000
20.9248 21.7421 0.8000
20.9543 21.7826 0.8000
20.9727 21.8293 0.8000
20.9790 21.8790 0.9000
20.9727 21.9287 0.9000
20.9543 21.9754 0.9000
20.9248 22.0159 0.9000
20.8862 22.0479 0.9000
20.8408 22.0692 0.9000
20.7916 22.0786 0.9000
20.7415 22.0755 0.9000
20.6938 22.0600 0.9000
20.6515 22.0331 0.9000
20.6172 21.9966 0.9000
20.5930 21.9526 0.9000
20.5806 21.9041 0.9000
20.5806 21.8539 0.9000
20.5930 21.8054 0.9000
20.6172 21.7614 0.9000
20.6515 21.7249 0.9000
20.6938 21.6980 0.9000
20.7415 21.6825 0.9000
20.7916 21.6794 0.9000
20.8408 21.6888 0.9000
20.8862 21.7101 0.9000
20.9248 21.7421 0.9000
20.9543 21.7826 0.9000
20.9727 21.8293 0.9000
20.9790 21.8790 1.0000
20.9727 21.9287 1.0000
20.9543 21.9754 1.0000
20.9248 22.0159 1.0000
20.8862 22.0479 1.0000
20.8408 22.0692 1.0000
20.7916 22.0786 1.0000
20.7415 22.0755 1.0000
20.6938 22.0600 1.0000
20.6515 22.0331 1.0000
20.6172 21.9966 1.0000
20.5930 21.9526 1.0000
20.5806 21.9041 1.0000
20.5806 21.8539 1.0000
20.5930 21.8054 1.0000
20.6172 21.7614 1.0000
20.6515 21.7249 1.0000
20.6938 21.6980 1.0000
20.7415 21.6825 1.0000
20.7916 21.6794 1.0000
20.8408 21.6888 1.0000
20.8862 21.7101 1.0000
20.9248 21.7421 1.0000
20.9543 21.7826 1.0000
20.9727 21.8293 1.0000
20.9790 21.8790 1.1000
20.9727 21.9287 1.1000
20.9543 21.9754 1.1000
20.9248 22.0159 1.1000
20.8862 22.0479 1.1000
20.8408 22.0692 1.1000
20.7916 22.0786 1.1000
20.7415 22.0755 1.1000
20.6938 22.0600 1.1000
20.6515 22.0331 1.1000
20.6172 21.9966 1.1000
20.5930 21.9526 1.1000
20.5806 21.9041 1.1000
20.5806 21.8539 1.1000
20.5930 21.8054 1.1000
20.6172 21.7614 1.1000
20.6515 21.7249 1.1000
20.6938 21.6980 1.1000
20.7415 21.6825 1.1000
20.7916 21.6794 1.1000
20.8408 21.6888 1.1000
20.8862 21.7101 1.1000
20.9248 21.7421 1.1000
20.9543 21.7826 1.1000
20.9727 21.8293 1.1000
20.9790 21.8790 1.2000
20.9727 21.9287 1.2000
20.9543 21.9754 1.2000
20.9248 22.0159 1.2000
20.8862 22.0479 1.2000
20.8408 22.0692 1.2000
20.7916 22.0786 1.2000
20.7415 22.0755 1.2000
20.6938 22.0600 1.2000
20.6515 22.0331 1.2000
20.6172 21.9966 1.2000
20.5930 21.9526 1.2000
20.5806 21.9041 1.2000
20.5806 21.8539 1.2000
20.5930 21.8054 1.2000
20.6172 21.7614 1.2000
20.6515 21.7249 1.2000
20.6938 21.6980 1.2000
20.7415 21.6825 1.2000
20.7916 21.6794 1.2000
20.8408 21.6888 1.2000
20.8862 21.7101 1.2000
20.9248 21.7421 1.2000
20.9543 21.7826 1.2000
20.9727 21.8293 1.2000
20.9790 21.8790 1.3000
20.9727 21.9287 1.3000
20.9543 21.9754 1.3000
20.9248 22.0159 1.3000
20.8862 22.0479 1.3000
20.8408 22.0692 1.3000
20.7916 22.0786 1.3000
20.7415 22.0755 1.3000
20.6938 22.0600 1.3000
20.6515 22.0331 1.3000
20.6172 21.9966 1.3000
20.5930 21.9526 1.3000
20.5806 21.9041 1.3000
20.5806 21.8539 1.3000
20.5930 21.8054 1.3000
20.6172 21.7614 1.3000
20.6515 21.7249 1.3000
20.6938 21.6980 1.3000
20.7415 21.6825 1.3000
20.7916 21.6794 1.3000
20.8408 21.6888 1.3000
20.8862 21.7101 1.3000
20.9248 21.7421 1.3000
20.9543 21.7826 1.3000
20.9727 21.8293 1.3000
20.9790 21.8790 1.4000
20.9727 21.9287 1.4000
20.9543 21.9754 1.4000
20.9248 22.0159 1.4000
20.8862 22.0479 1.4000
20.8408 22.0692 1.4000
20.7916 22.0786 1.4000
20.7415 22.0755 1.4000
20.6938 22.0600 1.4000
20.6515 22.0331 1.4000
20.6172 21.9966 1.4000
20.5930 21.9526 1.4000
20.5806 21.9041 1.4000
20.5806 21.8539 1.4000
20.5930 21.8054 1.4000
20.6172 21.7614 1.4000
20.6515 21.7249 1.4000
20.6938 21.6980 1.4000
20.7415 21.6825 1.4000
20.7916 21.6794 1.4000
20.8408 21.6888 1.4000
20.8862 21.7101 1.4000
20.9248 21.7421 1.4000
20.9543 21.7826 1.4000
20.9727 21.8293 1.4000
20.9790 21.8790 1.5000
20.9727 21.9287 1.5000
20.9543 21.9754 1.5000
20.9248 22.0159 1.5000
20.8862 22.0479 1.5000
20.8408 22.0692 1.5000
20.7916 22.0786 1.5000
20.7415 22.0755 1.5000
20.6938 22.0600 1.5000
20.6515 22.0331 1.5000
20.6172 21.9966 1.5000
20.5930 21.9526 1.5000
20.5806 21.9041 1.5000
20.5806 21.8539 1.5000
20.5930 21.8054 1.5000
20.6172 21.7614 1.5000
20.6515 21.7249 1.5000
20.6938 21.6980 1.5000
20.7415 21.6825 1.5000
20.7916 21.6794 1.5000
20.8408 21.6888 1.5000
20.8862 21.7101 1.5000
20.9248 21.7421 1.5000
20.9543 21.7826 1.5000
20.9727 21.8293 1.5000
20.9790 21.8790 1.6000
20.9727 21.9287 1.6000
20.9543 21.9754 1.6000
20.9248 22.0159 1.6000
20.8862 22.0479 1.6000
20.8408 22.0692 1.6000
20.7916 22.0786 1.6000
20.7415 22.0755 1.6000
20.6938 22.0600 1.6000
20.6515 22.0331 1.6000
20.6172 21.9966 1.6000
20.5930 21.9526 1.6000
20.5806 21.9041 1.6000
20.5806 21.8539 1.6000
20.5930 21.8054 1.6000
20.6172 21.7614 1.6000
20.6515 21.7249 1.6000
20.6938 21.6980 1.6000
20.7415 21.6825 1.6000
20.7916 21.6794 1.6000
20.8408 21.6888 1.6000
20.8862 21.7101 1.6000
20.9248 21.7421 1.6000
20.9543 21.7826 1.6000
20.9727 21.8293 1.6000
20.9790 21.8790 1.7000
20.9727 21.9287 1.7000
20.9543 21.9754 1.7000
20.9248 22.0159 1.7000
20.8862 22.0479 1.7000
20.8408 22.0692 1.7000
20.7916 22.0786 1.7000
20.7415 22.0755 1.7000
20.6938 22.0600 1.7000
20.6515 22.0331 1.7000
20.6172 21.9966 1.7000
20.5930 21.9526 1.7000
20.5806 21.9041 1.7000
20.5806 21.8539 1.7000
20.5930 21.8054 1.7000
20.6172 21.7614 1.7000
20.6515 21.7249 1.7000
20.6938 21.6980 1.7000
20.7415 21.6825 1.7000
20.7916 21.6794 1.7000
20.8408 21.6888 1.7000
20.8862 21.7101 1.7000
20.9248 21.7421 1.7000
20.9543 21.7826 1.7000
20.9727 21.8293 1.7000
20.9790 21.8790 1.8000
20.9727 21.9287 1.8000
20.9543 21.9754 1.8000
20.9248 22.0159 1.8000
20.8862 22.0479 1.8000
20.8408 22.0692 1.8000
20.7916 22.0786 1.8000
20.7415 22.0755 1.8000
20.6938 22.0600 1.8000
20.6515 22.0331 1.8000
20.6172 21.9966 1.8000
20.5930 21.9526 1.8000
20.5806 21.9041 1.8000
20.5806 21.8539 1.8000
20.5930 21.8054 1.8000
20.6172 21.7614 1.8000
20.6515 21.7249 1.8000
20.6938 21.6980 1.8000
20.7415 21.6825 1.8000
20.7916 21.6794 1.8000
20.8408 21.6888 1.8000
20.8862 21.7101 1.8000
20.9248 21.7421 1.8000
20.9543 21.7826 1.8000
20.9727 21.8293 1.8000
20.9790 21.8790 1.9000
20.9727 21.9287 1.9000
20.9543 21.9754 1.9000
20.9248 22.0159 1.9000
20.8862 22.0479 1.9000
20.8408 22.0692 1.9000
20.7916 22.0786 1.9000
20.7415 22.0755 1.9000
20.6938 22.0600 1.9000
20.6515 22.0331 1.9000
20.6172 21.9966 1.9000
20.5930 21.9526 1.9000
20.5806 21.9041 1.9000
20.5806 21.8539 1.9000
20.5930 21.8054 1.9000
20.6172 21.7614 1.9000
20.6515 21.7249 1.9000
20.6938 21.6980 1.9000
20.7415 21.6825 1.9000
20.7916 21.6794 1.9000
20.8408 21.6888 1.9000
20.8862 21.7101 1.9000
20.9248 21.7421 1.9000
20.9543 21.7826 1.9000
20.9727 21.8293 1.9000
20.9790 21.8790 2.0000
20.9727 21.9287 2.0000
20.9543 21.9754 2.0000
20.9248 22.0159 2.0000
20.8862 22.0479 2.0000
20.8408 22.0692 2.0000
20.7916 22.0786 2.0000
20.7415 22.0755 2.0000
20.6938 22.0600 2.0000
20.6515 22.0331 2.0000
20.6172 21.9966 2.0000
20.5930 21.9526 2.0000
20.5806 21.9041 2.0000
20.5806 21.8539 2.0000
20.5930 21.8054 2.0000
20.6172 21.7614 2.0000
20.6515 21.7249 2.0000
20.6938 21.6980 2.0000
20.7415 21.6825 2.0000
20.7916 21.6794 2.0000
20.8408 21.6888 2.0000
20.8862 21.7101 2.0000
20.9248 21.7421 2.0000
20.9543 21.7826 2.0000
20.9727 21.8293 2.0000
20.9790 21.8790 2.1000
20.9727 21.9287 2.1000
20.9543 21.9754 2.1000
20.9248 22.0159 2.1000
20.8862 22.0479 2.1000
20.8408 22.0692 2.1000
20.7916 22.0786 2.1000
20.7415 22.0755 2.1000
20.6938 22.0600 2.1000
20.6515 22.0331 2.1000
20.6172 21.9966 2.1000
20.5930 21.9526 2.1000
20.5806 21.9041 2.1000
20.5806 21.8539 2.1000
20.5930 21.8054 2.1000
20.6172 21.7614 2.1000
20.6515 21.7249 2.1000
20.6938 21.6980 2.1000
20.7415 21.6825 2.1000
20.7916 21.6794 2.1000
20.8408 21.6888 2.1000
20.8862 21.7101 2.1000
20.9248 21.7421 2.1000
20.9543 21.7826 2.1000
20.9727 21.8293 2.1000
20.9790 21.8790 2.2000
20.9727 21.9287 2.2000
20.9543 21.9754 2.2000
20.9248 22.0159 2.2000
20.8862 22.0479 2.2000
20.8408 22.0692 2.2000
20.7916 22.0786 2.2000
20.7415 22.0755 2.2000
20.6938 22.0600 2.2000
20.6515 22.0331 2.2000
20.6172 21.9966 2.2000
20.5930 21.9526 2.2000
20.5806 21.9041 2.2000
20.5806 21.8539 2.2000
20.5930 21.8054 2.2000
20.6172 21.7614 2.2000
20.6515 21.7249 2.2000
20.6938 21.6980 2.2000
20.7415 21.6825 2.2000
20.7916 21.6794 2.2000
20.8408 21.6888 2.2000
20.8862 21.7101 2.2000
20.9248 21.7421 2.2000
20.9543 21.7826 2.2000
20.9727 21.8293 2.2000
20.9790 21.8790 2.3000
20.9727 21.9287 2.3000
20.9543 21.9754 2.3000
20.9248 22.0159 2.3000
20.8862 22.0479 2.3000
20.8408 22.0692 2.3000
20.7916 22.0786 2.3000
20.7415 22.0755 2.3000
20.6938 22.0600 2.3000
20.6515 22.0331 2.3000
20.6172 21.9966 2.3000
20.5930 21.9526 2.3000
20.5806 21.9041 2.3000
20.5806 21.8539 2.3000
20.5930 21.8054 2.3000
20.6172 21.7614 2.3000
20.6515 21.7249 2.3000
20.6938 21.6980 2.3000
20.7415 21.6825 2.3000
20.7916 21.6794 2.3000
20.8408 21.6888 2.3000
20.8862 21.7101 2.3000
20.9248 21.7421 2.3000
20.9543 21.7826 2.3000
20.9727 21.8293 2.3000
20.9790 21.8790 2.4000
20.9727 21.9287 2.4000
20.9543 21.9754 2.4000
20.9248 22.0159 2.4000
20.8862 22.0479 2.4000
20.8408 22.0692 2.4000
20.7916 22.0786 2.4000
20.7415 22.0755 2.4000
20.6938 22.0600 2.4000
20.6515 22.0331 2.4000
20.6172 21.9966 2.4000
20.5930 21.9526 2.4000
20.5806 21.9041 2.4000
20.5806 21.8539 2.4000
20.5930 21.8054 2.4000
20.6172 21.7614 2.4000
20.6515 21.7249 2.4000
20.6938 21.6980 2.4000
20.7415 21.6825 2.4000
20.7916 21.6794 2.4000
20.8408 21.6888 2.4000
20.8862 21.7101 2.4000
20.9248 21.7421 2.4000
20.9543 21.7826 2.4000
20.9727 21.8293 2.4000
20.9790 21.8790 2.5000
20.9727 21.9287 2.5000
20.9543 21.9754 2.5000
20.9248 22.0159 2.5000
20.8862 22.0479 2.5000
20.8408 22.0692 2.5000
20.7916 22.0786 2.5000
20.7415 22.0755 2.5000
20.6938 22.0600 2.5000
20.6515 22.0331 2.5000
20.6172 21.9966 2.5000
20.5930 21.9526 2.5000
20.5806 21.9041 2.5000
20.5806 21.8539 2.5000
20.5930 21.8054 2.5000
20.6172 21.7614 2.5000
20.6515 21.7249 2.5000
20.6938 21.6980 2.5000
20.7415 21.6825 2.5000
20.7916 21.6794 2.5000
20.8408 21.6888 2.5000
20.8862 21.7101 2.5000
20.9248 21.7421 2.5000
20.9543 21.7826 2.5000
20.9727 21.8293 2.5000
20.9790 21.8790 2.6000
20.9727 21.9287 2.6000
20.9543 21.9754 2.6000
20.9248 22.0159 2.6000
20.8862 22.0479 2.6000
20.8408 22.0692 2.6000
20.7916 22.0786 2.6000
20.7415 22.0755 2.6000
20.6938 22.0600 2.6000
20.6515 22.0331 2.6000
20.6172 21.9966 2.6000
20.5930 21.9526 2.6000
20.5806 21.9041 2.6000
20.5806 21.8539 2.6000
20.5930 21.8054 2.6000
20.6172 21.7614 2.6000
20.6515 21.7249 2.6000
20.6938 21.6980 2.6000
20.7415 21.6825 2.6000
20.7916 21.6794 2.6000
20.8408 21.6888 2.6000
20.8862 21.7101 2.6000
20.9248 21.7421 2.6000
20.9543 21.7826 2.6000
20.9727 21.8293 2.6000
20.9790 21.8790 2.7000
20.9727 21.9287 2.7000
20.9543 21.9754 2.7000
20.9248 22.0159 2.7000
20.8862 22.0479 2.7000
20.8408 22.0692 2.7000
20.7916 22.0786 2.7000
20.7415 22.0755 2.7000
20.6938 22.0600 2.7000
20.6515 22.0331 2.7000
20.6172 21.9966 2.7000
20.5930 21.9526 2.7000
20.5806 21.9041 2.7000
20.5806 21.8539 2.7000
20.5930 21.8054 2.7000
20.6172 21.7614 2.7000
20.6515 21.7249 2.7000
20.6938 21.6980 2.7000
20.7415 21.6825 2.7000
20.7916 21.6794 2.7000
20.8408 21.6888 2.7000
20.8862 21.7101 2.7000
20.9248 21.7421 2.7000
20.9543 21.7826 2.7000
20.9727 21.8293 2.7000
20.9790 21.8790 2.8000
20.9727 21.9287 2.8000
20.9543 21.9754 2.8000
20.9248 22.0159 2.8000
20.8862 22.0479 2.8000
20.8408 22.0692 2.8000
20.7916 22.0786 2.8000
20.7415 22.0755 2.8000
20.6938 22.0600 2.8000
20.6515 22.0331 2.8000
20.6172 21.9966 2.8000
20.5930 21.9526 2.8000
20.5806 21.9041 2.8000
20.5806 21.8539 2.8000
20.5930 21.8054 2.8000
20.6172 21.7614 2.8000
20.6515 21.7249 2.8000
20.6938 21.6980 2.8000
20.7415 21.6825 2.8000
20.7916 21.6794 2.8000
20.8408 21.6888 2.8000
20.8862 21.7101 2.8000
20.9248 21.7421 2.8000
20.9543 21.7826 2.8000
20.9727 21.8293 2.8000
20.9790 21.8790 2.9000
20.9727 21.9287 2.9000
20.9543 21.9754 2.9000
20.9248 22.0159 2.9000
20.8862 22.0479 2.9000
20.8408 22.0692 2.9000
20.7916 22.0786 2.9000
20.7415 22.0755 2.9000
20.6938 22.0600 2.9000
20.6515 22.0331 2.9000
20.6172 21.9966 2.9000
20.5930 21.9526 2.9000
20.5806 21.9041 2.9000
20.5806 21.8539 2.9000
20.5930 21.8054 2.9000
20.6172 21.7614 2.9000
20.6515 21.7249 2.9000
20.6938 21.6980 2.9000
20.7415 21.6825 2.9000
20.7916 21.6794 2.9000
20.8408 21.6888 2.9000
20.8862 21.7101 2.9000
20.9248 21.7421 2.9000
20.9543 21.7826 2.9000
20.9727 21.8293 2.9000
20.9790 21.8790 3.0000
20.9727 21.9287 3.0000
20.9543 21.9754 3.0000
20.9248 22.0159 3.0000
20.8862 22.0479 3.0000
20.8408 22.0692 3.0000
20.7916 22.0786 3.0000
20.7415 22.0755 3.0000
20.6938 22.0600 3.0000
20.6515 22.0331 3.0000
20.6172 21.9966 3.0000
20.5930 21.9526 3.0000
20.5806 21.9041 3.0000
20.5806 21.8539 3.0000
20.5930 21.8054 3.0000
20.6172 21.7614 3.0000
20.6515 21.7249 3.0000
20.6938 21.6980 3.0000
20.7415 21.6825 3.0000
20.7916 21.6794 3.0000
20.8408 21.6888 3.0000
20.8862 21.7101 3.0000
20.9248 21.7421 3.0000
20.9543 21.7826 3.0000
20.9727 21.8293 3.0000
-20.8000 23.5000 0.0000
-20.8063 23.5497 0.0000
-20.8247 23.5964 0.0000
-20.8542 23.6369 0.0000
-20.8928 23.6689 0.0000
-20.9382 23.6902 0.0000
-20.9874 23.6996 0.0000
-21.0375 23.6965 0.0000
-21.0852 23.6810 0.0000
-21.1275 23.6541 0.0000
-21.1618 23.6176 0.0000
-21.1860 23.5736 0.0000
-21.1984 23.5251 0.0000
-21.1984 23.4749 0.0000
-21.1860 23.4264 0.0000
-21.1618 23.3824 0.0000
-21.1275 23.3459 0.0000
-21.0852 23.3190 0.0000
-21.0375 23.3035 0.0000
-20.9874 23.3004 0.0000
-20.9382 23.3098 0.0000
-20.8928 23.3311 0.0000
-20.8542 23.3631 0.0000
-20.8247 23.4036 0.0000
-20.8063 23.4503 0.0000
-20.8000 23.5000 0.1000
-20.8063 23.5497 0.1000
-20.8247 23.5964 0.1000
-20.8542 23.6369 0.1000
-20.8928 23.6689 0.1000
-20.9382 23.6902 0.1000
-20.9874 23.6996 0.1000
-21.0375 23.6965 0.1000
-21.0852 23.6810 0.1000
-21.1275 23.6541 0.1000
-21.1618 23.6176 0.1000
-21.1860 23.5736 0.1000
-21.1984 23.5251 0.1000
-21.1984 23.4749 0.1000
-21.1860 23.4264 0.1000
-21.1618 23.3824 0.1000
-21.1275 23.3459 0.1000
-21.0852 23.3190 0.1000
-21.0375 23.3035 0.1000
-20.9874 23.3004 0.1000
-20.9382 23.3098 0.1000
-20.8928 23.3311 0.1000
-20.8542 23.3631 0.1000
-20.8247 23.4036 0.1000
-20.8063 23.4503 0.1000
-20.8000 23.5000 0.2000
-20.8063 23.5497 0.2000
-20.8247 23.5964 0.2000
-20.8542 23.6369 0.2000
-20.8928 23.6689 0.2000
-20.9382 23.6902 0.2000
-20.9874 23.6996 0.2000
-21.0375 23.6965 0.2000
-21.0852 23.6810 0.2000
-21.1275 23.6541 0.2000
-21.1618 23.6176 0.2000
-21.1860 23.5736 0.2000
-21.1984 23.5251 0.2000
-21.1984 23.4749 0.2000
-21.1860 23.4264 0.2000
-21.1618 23.3824 0.2000
-21.1275 23.3459 0.2000
-21.0852 23.3190 0.2000
-21.0375 23.3035 0.2000
-20.9874 23.3004 0.2000
-20.9382 23.3098 0.2000
-20.8928 23.3311 0.2000
-20.8542 23.3631 0.2000
-20.8247 23.4036 0.2000
-20.8063 23.4503 0.2000
-20.8000 23.5000 0.3000
-20.8063 23.5497 0.3000
-20.8247 23.5964 0.3000
-20.8542 23.6369 0.3000
-20.8928 23.6689 0.3000
-20.9382 23.6902 0.3000
-20.9874 23.6996 0.3000
-21.0375 23.6965 0.3000
-21.0852 23.6810 0.3000
-21.1275 23.6541 0.3000
-21.1618 23.6176 0.3000
-21.1860 23.5736 0.3000
-21.1984 23.5251 0.3000
-21.1984 23.4749 0.3000
-21.1860 23.4264 0.3000
-21.1618 23.3824 0.3000
-21.1275 23.3459 0.3000
-21.0852 23.3190 0.3000
-21.0375 23.3035 0.3000
-20.9874 23.3004 0.3000
-20.9382 23.3098 0.3000
-20.8928 23.3311 0.3000
-20.8542 23.3631 0.3000
-20.8247 23.4036 0.3000
-20.8063 23.4503 0.3000
-20.8000 23.5000 0.4000
-20.8063 23.5497 0.4000
-20.8247 23.5964 0.4000
-20.8542 23.6369 0.4000
-20.8928 23.6689 0.4000
-20.9382 23.6902 0.4000
-20.9874 23.6996 0.4000
-21.0375 23.6965 0.4000
-21.0852 23.6810 0.4000
-21.1275 23.6541 0.4000
-21.1618 23.6176 0.4000
-21.1860 23.5736 0.4000
-21.1984 23.5251 0.4000
-21.1984 23.4749 0.4000
-21.1860 23.4264 0.4000
-21.1618 23.3824 0.4000
-21.1275 23.3459 0.4000
-21.0852 23.3190 0.4000
-21.0375 23.3035 0.4000
-20.9874 23.3004 0.4000
-20.9382 23.3098 0.4000
-20.8928 23.3311 0.4000
-20.8542 23.3631 0.4000
-20.8247 23.4036 0.4000
-20.8063 23.4503 0.4000
-20.8000 23.5000 0.5000
-20.8063 23.5497 0.5000
-20.8247 23.5964 0.5000
-20.8542 23.6369 0.5000
-20.8928 23.6689 0.5000
-20.9382 23.6902 0.5000
-20.9874 23.6996 0.5000
-21.0375 23.6965 0.5000
-21.0852 23.6810 0.5000
-21.1275 23.6541 0.5000
-21.1618 23.6176 0.5000
-21.1860 23.5736 0.5000
-21.1984 23.5251 0.5000
-21.1984 23.4749 0.5000
-21.1860 23.4264 0.5000
-21.1618 23.3824 0.5000
-21.1275 23.3459 0.5000
-21.0852 23.3190 0.5000
-21.0375 23.3035 0.5000
-20.9874 23.3004 0.5000
-20.9382 23.3098 0.5000
-20.8928 23.3311 0.5000
-20.8542 23.3631 0.5000
-20.8247 23.4036 0.5000
-20.8063 23.4503 0.5000
-20.8000 23.5000 0.6000
-20.8063 23.5497 0.6000
-20.8247 23.5964 0.6000
-20.8542 23.6369 0.6000
-20.8928 23.6689 0.6000
-20.9382 23.6902 0.6000
-20.9874 23.6996 0.6000
-21.0375 23.6965 0.6000
-21.0852 23.6810 0.6000
-21.1275 23.6541 0.6000
-21.1618 23.6176 0.6000
-21.1860 23.5736 0.6000
-21.1984 23.5251 0.6000
-21.1984 23.4749 0.6000
-21.1860 23.4264 0.6000
-21.1618 23.3824 0.6000
-21.1275 23.3459 0.6000
-21.0852 23.3190 0.6000
-21.0375 23.3035 0.6000
-20.9874 23.3004 0.6000
-20.9382 23.3098 0.6000
-20.8928 23.3311 0.6000
-20.8542 23.3631 0.6000
-20.8247 23.4036 0.6000
-20.8063 23.4503 0.6000
-20.8000 23.5000 0.7000
-20.8063 23.5497 0.7000
-20.8247 23.5964 0.7000
-20.8542 23.6369 0.7000
-20.8928 23.6689 0.7000
-20.9382 23.6902 0.7000
-20.9874 23.6996 0.7000
-21.0375 23.6965 0.7000
-21.0852 23.6810 0.7000
-21.1275 23.6541 0.7000
-21.1618 23.6176 0.7000
-21.1860 23.5736 0.7000
-21.1984 23.5251 0.7000
-21.1984 23.4749 0.7000
-21.1860 23.4264 0.7000
-21.1618 23.3824 0.7000
-21.1275 23.3459 0.7000
-21.0852 23.3190 0.7000
-21.0375 23.3035 0.7000
-20.9874 23.3004 0.7000
-20.9382 23.3098 0.7000
-20.8928 23.3311 0.7000
-20.8542 23.3631 0.7000
-20.8247 23.4036 0.7000
-20.8063 23.4503 0.7000
-20.8000 23.5000 0.8000
-20.8063 23.5497 0.8000
-20.8247 23.5964 0.8000
-20.8542 23.6369 0.8000
-20.8928 23.6689 0.8000
-20.9382 23.6902 0.8000
-20.9874 23.6996 0.8000
-21.0375 23.6965 0.8000
-21.0852 23.6810 0.8000
-21.1275 23.6541 0.8000
-21.1618 23.6176 0.8000
-21.1860 23.5736 0.8000
-21.1984 23.5251 0.8000
-21.1984 23.4749 0.8000
-21.1860 23.4264 0.8000
-21.1618 23.3824 0.8000
-21.1275 23.3459 0.8000
-21.0852 23.3190 0.8000
-21.0375 23.3035 0.8000
-20.9874 23.3004 0.8000
-20.9382 23.3098 0.8000
-20.8928 23.3311 0.8000
-20.8542 23.3631 0.8000
-20.8247 23.4036 0.8000
-20.8063 23.4503 0.8000
-20.8000 23.5000 0.9000
-20.8063 23.5497 0.9000
-20.8247 23.5964 0.9000
-20.8542 23.6369 0.9000
-20.8928 23.6689 0.9000
-20.9382 23.6902 0.9000
-20.9874 23.6996 0.9000
-21.0375 23.6965 0.9000
-21.0852 23.6810 0.9000
-21.1275 23.6541 0.9000
-21.1618 23.6176 0.9000
-21.1860 23.5736 0.9000
-21.1984 23.5251 0.9000
-21.1984 23.4749 0.9000
-21.1860 23.4264 0.9000
-21.1618 23.3824 0.9000
-21.1275 23.3459 0.9000
-21.0852 23.3190 0.9000
-21.0375 23.3035 0.9000
-20.9874 23.3004 0.9000
-20.9382 23.3098 0.9000
-20.8928 23.3311 0.9000
-20.8542 23.3631 0.9000
-20.8247 23.4036 0.9000
-20.8063 23.4503 0.9000
-20.8000 23.5000 1.0000
-20.8063 23.5497 1.0000
-20.8247 23.5964 1.0000
-20.8542 23.6369 1.0000
-20.8928 23.6689 1.0000
-20.9382 23.6902 1.0000
-20.9874 23.6996 1.0000
-21.0375 23.6965 1.0000
-21.0852 23.6810 1.0000
-21.1275 23.6541 1.0000
-21.1618 23.6176 1.0000
-21.1860 23.5736 1.0000
-21.1984 23.5251 1.0000
-21.1984 23.4749 1.0000
-21.1860 23.4264 1.0000
-21.1618 23.3824 1.0000
-21.1275 23.3459 1.0000
-21.0852 23.3190 1.0000
-21.0375 23.3035 1.0000
-20.9874 23.3004 1.0000
-20.9382 23.3098 1.0000
-20.8928 23.3311 1.0000
-20.8542 23.3631 1.0000
-20.8247 23.4036 1.0000
-20.8063 23.4503 1.0000
-20.8000 23.5000 1.1000
-20.8063 23.5497 1.1000
-20.8247 23.5964 1.1000
-20.8542 23.6369 1.1000
-20.8928 23.6689 1.1000
-20.9382 23.6902 1.1000
-20.9874 23.6996 1.1000
-21.0375 23.6965 1.1000
-21.0852 23.6810 1.1000
-21.1275 23.6541 1.1000
-21.1618 23.6176 1.1000
-21.1860 23.5736 1.1000
-21.1984 23.5251 1.1000
-21.1984 23.4749 1.1000
-21.1860 23.4264 1.1000
-21.1618 23.3824 1.1000
-21.1275 23.3459 1.1000
-21.0852 23.3190 1.1000
-21.0375 23.3035 1.1000
-20.9874 23.3004 1.1000
-20.9382 23.3098 1.1000
-20.8928 23.3311 1.1000
-20.8542 23.3631 1.1000
-20.8247 23.4036 1.1000
-20.8063 23.4503 1.1000
-20.8000 23.5000 1.2000
-20.8063 23.5497 1.2000
-20.8247 23.5964 1.2000
-20.8542 23.6369 1.2000
-20.8928 23.6689 1.2000
-20.9382 23.6902 1.2000
-20.9874 23.6996 1.2000
-21.0375 23.6965 1.2000
-21.0852 23.6810 1.2000
-21.1275 23.6541 1.2000
-21.1618 23.6176 1.2000
-21.1860 23.5736 1.2000
-21.1984 23.5251 1.2000
-21.1984 23.4749 1.2000
-21.1860 23.4264 1.2000
-21.1618 23.3824 1.2000
-21.1275 23.3459 1.2000
-21.0852 23.3190 1.2000
-21.0375 23.3035 1.2000
-20.9874 23.3004 1.2000
-20.9382 23.3098 1.2000
-20.8928 23.3311 1.2000
-20.8542 23.3631 1.2000
-20.8247 23.4036 1.2000
-20.8063 23.4503 1.2000
-20.8000 23.5000 1.3000
-20.8063 23.5497 1.3000
-20.8247 23.5964 1.3000
-20.8542 23.6369 1.3000
-20.8928 23.6689 1.3000
-20.9382 23.6902 1.3000
-20.9874 23.6996 1.3000
-21.0375 23.6965 1.3000
-21.0852 23.6810 1.3000
-21.1275 23.6541 1.3000
-21.1618 23.6176 1.3000
-21.1860 23.5736 1.3000
-21.1984 23.5251 1.3000
-21.1984 23.4749 1.3000
-21.1860 23.4264 1.3000
-21.1618 23.3824 1.3000
-21.1275 23.3459 1.3000
-21.0852 23.3190 1.3000
-21.0375 23.3035 1.3000
-20.9874 23.3004 1.3000
-20.9382 23.3098 1.3000
-20.8928 23.3311 1.3000
-20.8542 23.3631 1.3000
-20.8247 23.4036 1.3000
-20.8063 23.4503 1.3000
-20.8000 23.5000 1.4000
-20.8063 23.5497 1.4000
-20.8247 23.5964 1.4000
-20.8542 23.6369 1.4000
-20.8928 23.6689 1.4000
-20.9382 23.6902 1.4000
-20.9874 23.6996 1.4000
-21.0375 23.6965 1.4000
-21.0852 23.6810 1.4000
-21.1275 23.6541 1.4000
-21.1618 23.6176 1.4000
-21.1860 23.5736 1.4000
-21.1984 23.5251 1.4000
-21.1984 23.4749 1.4000
-21.1860 23.4264 1.4000
-21.1618 23.3824 1.4000
-21.1275 23.3459 1.4000
-21.0852 23.3190 1.4000
-21.0375 23.3035 1.4000
-20.9874 23.3004 1.4000
-20.9382 23.3098 1.4000
-20.8928 23.3311 1.4000
-20.8542 23.3631 1.4000
-20.8247 23.4036 1.4000
-20.8063 23.4503 1.4000
-20.8000 23.5000 1.5000
-20.8063 23.5497 1.5000
-20.8247 23.5964 1.5000
-20.8542 23.6369 1.5000
-20.8928 23.6689 1.5000
-20.9382 23.6902 1.5000
-20.9874 23.6996 1.5000
-21.0375 23.6965 1.5000
-21.0852 23.6810 1.5000
-21.1275 23.6541 1.5000
-21.1618 23.6176 1.5000
-21.1860 23.5736 1.5000
-21.1984 23.5251 1.5000
-21.1984 23.4749 1.5000
-21.1860 23.4264 1.5000
-21.1618 23.3824 1.5000
-21.1275 23.3459 1.5000
-21.0852 23.3190 1.5000
-21.0375 23.3035 1.5000
-20.9874 23.3004 1.5000
-20.9382 23.3098 1.5000
-20.8928 23.3311 1.5000
-20.8542 23.3631 1.5000
-20.8247 23.4036 1.5000
-20.8063 23.4503 1.5000
-20.8000 23.5000 1.6000
-20.8063 23.5497 1.6000
-20.8247 23.5964 1.6000
-20.8542 23.6369 1.6000
-20.8928 23.6689 1.6000
-20.9382 23.6902 1.6000
-20.9874 23.6996 1.6000
-21.0375 23.6965 1.6000
-21.0852 23.6810 1.6000
-21.1275 23.6541 1.6000
-21.1618 23.6176 1.6000
-21.1860 23.5736 1.6000
-21.1984 23.5251 1.6000
-21.1984 23.4749 1.6000
-21.1860 23.4264 1.6000
-21.1618 23.3824 1.6000
-21.1275 23.3459 1.6000
-21.0852 23.3190 1.6000
-21.0375 23.3035 1.6000
-20.9874 23.3004 1.6000
-20.9382 23.3098 1.6000
-20.8928 23.3311 1.6000
-20.8542 23.3631 1.6000
-20.8247 23.4036 1.6000
-20.8063 23.4503 1.6000
-20.8000 23.5000 1.7000
-20.8063 23.5497 1.7000
-20.8247 23.5964 1.7000
-20.8542 23.6369 1.7000
-20.8928 23.6689 1.7000
-20.9382 23.6902 1.7000
-20.9874 23.6996 1.7000
-21.0375 23.6965 1.7000
-21.0852 23.6810 1.7000
-21.1275 23.6541 1.7000
-21.1618 23.6176 1.7000
-21.1860 23.5736 1.7000
-21.1984 23.5251 1.7000
-21.1984 23.4749 1.7000
-21.1860 23.4264 1.7000
-21.1618 23.3824 1.7000
-21.1275 23.3459 1.7000
-21.0852 23.3190 1.7000
-21.0375 23.3035 1.7000
-20.9874 23.3004 1.7000
-20.9382 23.3098 1.7000
-20.8928 23.3311 1.7000
-20.8542 23.3631 1.7000
-20.8247 23.4036 1.7000
-20.8063 23.4503 1.7000
-20.8000 23.5000 1.8000
-20.8063 23.5497 1.8000
-20.8247 23.5964 1.8000
-20.8542 23.6369 1.8000
-20.8928 23.6689 1.8000
-20.9382 23.6902 1.8000
-20.9874 23.6996 1.8000
-21.0375 23.6965 1.8000
-21.0852 23.6810 1.8000
-21.1275 23.6541 1.8000
-21.1618 23.6176 1.8000
-21.1860 23.5736 1.8000
-21.1984 23.5251 1.8000
-21.1984 23.4749 1.8000
-21.1860 23.4264 1.8000
-21.1618 23.3824 1.8000
-21.1275 23.3459 1.8000
-21.0852 23.3190 1.8000
-21.0375 23.3035 1.8000
-20.9874 23.3004 1.8000
-20.9382 23.3098 1.8000
-20.8928 23.3311 1.8000
-20.8542 23.3631 1.8000
-20.8247 23.4036 1.8000
-20.8063 23.4503 1.8000
-20.8000 23.5000 1.9000
-20.8063 23.5497 1.9000
-20.8247 23.5964 1.9000
-20.8542 23.6369 1.9000
-20.8928 23.6689 1.9000
-20.9382 23.6902 1.9000
-20.9874 23.6996 1.9000
-21.0375 23.6965 1.9000
-21.0852 23.6810 1.9000
-21.1275 23.6541 1.9000
-21.1618 23.6176 1.9000
-21.1860 23.5736 1.9000
-21.1984 23.5251 1.9000
-21.1984 23.4749 1.9000
-21.1860 23.4264 1.9000
-21.1618 23.3824 1.9000
-21.1275 23.3459 1.9000
-21.0852 23.3190 1.9000
-21.0375 23.3035 1.9000
-20.9874 23.3004 1.9000
-20.9382 23.3098 1.9000
-20.8928 23.3311 1.9000
-20.8542 23.3631 1.9000
-20.8247 23.4036 1.9000
-20.8063 23.4503 1.9000
-20.8000 23.5000 2.0000
-20.8063 23.5497 2.0000
-20.8247 23.5964 2.0000
-20.8542 23.6369 2.0000
-20.8928 23.6689 2.0000
-20.9382 23.6902 2.0000
-20.9874 23.6996 2.0000
-21.0375 23.6965 2.0000
-21.0852 23.6810 2.0000
-21.1275 23.6541 2.0000
-21.1618 23.6176 2.0000
-21.1860 23.5736 2.0000
-21.1984 23.5251 2.0000
-21.1984 23.4749 2.0000
-21.1860 23.4264 2.0000
-21.1618 23.3824 2.0000
-21.1275 23.3459 2.0000
-21.0852 23.3190 2.0000
-21.0375 23.3035 2.0000
-20.9874 23.3004 2.0000
-20.9382 23.3098 2.0000
-20.8928 23.3311 2.0000
-20.8542 23.3631 2.0000
-20.8247 23.4036 2.0000
-20.8063 23.4503 2.0000
-20.8000 23.5000 2.1000
-20.8063 23.5497 2.1000
-20.8247 23.5964 2.1000
-20.8542 23.6369 2.1000
-20.8928 23.6689 2.1000
-20.9382 23.6902 2.1000
-20.9874 23.6996 2.1000
-21.0375 23.6965 2.1000
-21.0852 23.6810 2.1000
-21.1275 23.6541 2.1000
-21.1618 23.6176 2.1000
-21.1860 23.5736 2.1000
-21.1984 23.5251 2.1000
-21.1984 23.4749 2.1000
-21.1860 23.4264 2.1000
-21.1618 23.3824 2.1000
-21.1275 23.3459 2.1000
-21.0852 23.3190 2.1000
-21.0375 23.3035 2.1000
-20.9874 23.3004 2.1000
-20.9382 23.3098 2.1000
-20.8928 23.3311 2.1000
-20.8542 23.3631 2.1000
-20.8247 23.4036 2.1000
-20.8063 23.4503 2.1000
-20.8000 23.5000 2.2000
-20.8063 23.5497 2.2000
-20.8247 23.5964 2.2000
-20.8542 23.6369 2.2000
-20.8928 23.6689 2.2000
-20.9382 23.6902 2.2000
-20.9874 23.6996 2.2000
-21.0375 23.6965 2.2000
-21.0852 23.6810 2.2000
-21.1275 23.6541 2.2000
-21.1618 23.6176 2.2000
-21.1860 23.5736 2.2000
-21.1984 23.5251 2.2000
-21.1984 23.4749 2.2000
-21.1860 23.4264 2.2000
-21.1618 23.3824 2.2000
-21.1275 23.3459 2.2000
-21.0852 23.3190 2.2000
-21.0375 23.3035 2.2000
-20.9874 23.3004 2.2000
-20.9382 23.3098 2.2000
-20.8928 23.3311 2.2000
-20.8542 23.3631 2.2000
-20.8247 23.4036 2.2000
-20.8063 23.4503 2.2000
-20.8000 23.5000 2.3000
-20.8063 23.5497 2.3000
-20.8247 23.5964 2.3000
-20.8542 23.6369 2.3000
-20.8928 23.6689 2.3000
-20.9382 23.6902 2.3000
-20.9874 23.6996 2.3000
-21.0375 23.6965 2.3000
-21.0852 23.6810 2.3000
-21.1275 23.6541 2.3000
-21.1618 23.6176 2.3000
-21.1860 23.5736 2.3000
-21.1984 23.5251 2.3000
-21.1984 23.4749 2.3000
-21.1860 23.4264 2.3000
-21.1618 23.3824 2.3000
-21.1275 23.3459 2.3000
-21.0852 23.3190 2.3000
-21.0375 23.3035 2.3000
-20.9874 23.3004 2.3000
-20.9382 23.3098 2.3000
-20.8928 23.3311 2.3000
-20.8542 23.3631 2.3000
-20.8247 23.4036 2.3000
-20.8063 23.4503 2.3000
-20.8000 23.5000 2.4000
-20.8063 23.5497 2.4000
-20.8247 23.5964 2.4000
-20.8542 23.6369 2.4000
-20.8928 23.6689 2.4000
-20.9382 23.6902 2.4000
-20.9874 23.6996 2.4000
-21.0375 23.6965 2.4000
-21.0852 23.6810 2.4000
-21.1275 23.6541 2.4000
-21.1618 23.6176 2.4000
-21.1860 23.5736 2.4000
-21.1984 23.5251 2.4000
-21.1984 23.4749 2.4000
-21.1860 23.4264 2.4000
-21.1618 23.3824 2.4000
-21.1275 23.3459 2.4000
-21.0852 23.3190 2.4000
-21.0375 23.3035 2.4000
-20.9874 23.3004 2.4000
-20.9382 23.3098 2.4000
-20.8928 23.3311 2.4000
-20.8542 23.3631 2.4000
-20.8247 23.4036 2.4000
-20.8063 23.4503 2.4000
-20.8000 23.5000 2.5000
-20.8063 23.5497 2.5000
-20.8247 23.5964 2.5000
-20.8542 23.6369 2.5000
-20.8928 23.6689 2.5000
-20.9382 23.6902 2.5000
-20.9874 23.6996 2.5000
-21.0375 23.6965 2.5000
-21.0852 23.6810 2.5000
-21.1275 23.6541 2.5000
-21.1618 23.6176 2.5000
-21.1860 23.5736 2.5000
-21.1984 23.5251 2.5000
-21.1984 23.4749 2.5000
-21.1860 23.4264 2.5000
-21.1618 23.3824 2.5000
-21.1275 23.3459 2.5000
-21.0852 23.3190 2.5000
-21.0375 23.3035 2.5000
-20.9874 23.3004 2.5000
-20.9382 23.3098 2.5000
-20.8928 23.3311 2.5000
-20.8542 23.3631 2.5000
-20.8247 23.4036 2.5000
-20.8063 23.4503 2.5000
-20.8000 23.5000 2.6000
-20.8063 23.5497 2.6000
-20.8247 23.5964 2.6000
-20.8542 23.6369 2.6000
-20.8928 23.6689 2.6000
-20.9382 23.6902 2.6000
-20.9874 23.6996 2.6000
-21.0375 23.6965 2.6000
-21.0852 23.6810 2.6000
-21.1275 23.6541 2.6000
-21.1618 23.6176 2.6000
-21.1860 23.5736 2.6000
-21.1984 23.5251 2.6000
-21.1984 23.4749 2.6000
-21.1860 23.4264 2.6000
-21.1618 23.3824 2.6000
-21.1275 23.3459 2.6000
-21.0852 23.3190 2.6000
-21.0375 23.3035 2.6000
-20.9874 23.3004 2.6000
-20.9382 23.3098 2.6000
-20.8928 23.3311 2.6000
-20.8542 23.3631 2.6000
-20.8247 23.4036 2.6000
-20.8063 23.4503 2.6000
-20.8000 23.5000 2.7000
-20.8063 23.5497 2.7000
-20.8247 23.5964 2.7000
-20.8542 23.6369 2.7000
-20.8928 23.6689 2.7000
-20.9382 23.6902 2.7000
-20.9874 23.6996 2.7000
-21.0375 23.6965 2.7000
-21.0852 23.6810 2.7000
-21.1275 23.6541 2.7000
-21.1618 23.6176 2.7000
-21.1860 23.5736 2.7000
-21.1984 23.5251 2.7000
-21.1984 23.4749 2.7000
-21.1860 23.4264 2.7000
-21.1618 23.3824 2.7000
-21.1275 23.3459 2.7000
-21.0852 23.3190 2.7000
-21.0375 23.3035 2.7000
-20.9874 23.3004 2.7000
-20.9382 23.3098 2.7000
-20.8928 23.3311 2.7000
-20.8542 23.3631 2.7000
-20.8247 23.4036 2.7000
-20.8063 23.4503 2.7000
-20.8000 23.5000 2.8000
-20.8063 23.5497 2.8000
-20.8247 23.5964 2.8000
-20.8542 23.6369 2.8000
-20.8928 23.6689 2.8000
-20.9382 23.6902 2.8000
-20.9874 23.6996 2.8000
-21.0375 23.6965 2.8000
-21.0852 23.6810 2.8000
-21.1275 23.6541 2.8000
-21.1618 23.6176 2.8000
-21.1860 23.5736 2.8000
-21.1984 23.5251 2.8000
-21.1984 23.4749 2.8000
-21.1860 23.4264 2.8000
-21.1618 23.3824 2.8000
-21.1275 23.3459 2.8000
-21.0852 23.3190 2.8000
-21.0375 23.3035 2.8000
-20.9874 23.3004 2.8000
-20.9382 23.3098 2.8000
-20.8928 23.3311 2.8000
-20.8542 23.3631 2.8000
-20.8247 23.4036 2.8000
-20.8063 23.4503 2.8000
-20.8000 23.5000 2.9000
-20.8063 23.5497 2.9000
-20.8247 23.5964 2.9000
-20.8542 23.6369 2.9000
-20.8928 23.6689 2.9000
-20.9382 23.6902 2.9000
-20.9874 23.6996 2.9000
-21.0375 23.6965 2.9000
-21.0852 23.6810 2.9000
-21.1275 23.6541 2.9000
-21.1618 23.6176 2.9000
-21.1860 23.5736 2.9000
-21.1984 23.5251 2.9000
-21.1984 23.4749 2.9000
-21.1860 23.4264 2.9000
-21.1618 23.3824 2.9000
-21.1275 23.3459 2.9000
-21.0852 23.3190 2.9000
-21.0375 23.3035 2.9000
-20.9874 23.3004 2.9000
-20.9382 23.3098 2.9000
-20.8928 23.3311 2.9000
-20.8542 23.3631 2.9000
-20.8247 23.4036 2.9000
-20.8063 23.4503 2.9000
-20.8000 23.5000 3.0000
-20.8063 23.5497 3.0000
-20.8247 23.5964 3.0000
-20.8542 23.6369 3.0000
-20.8928 23.6689 3.0000
-20.9382 23.6902 3.0000
-20.9874 23.6996 3.0000
-21.0375 23.6965 3.0000
-21.0852 23.6810 3.0000
-21.1275 23.6541 3.0000
-21.1618 23.6176 3.0000
-21.1860 23.5736 3.0000
-21.1984 23.5251 3.0000
-21.1984 23.4749 3.0000
-21.1860 23.4264 3.0000
-21.1618 23.3824 3.0000
-21.1275 23.3459 3.0000
-21.0852 23.3190 3.0000
-21.0375 23.3035 3.0000
-20.9874 23.3004 3.0000
-20.9382 23.3098 3.0000
-20.8928 23.3311 3.0000
-20.8542 23.3631 3.0000
-20.8247 23.4036 3.0000
-20.8063 23.4503 3.0000
-20.8000 22.9000 0.0000
-20.8063 22.9497 0.0000
-20.8247 22.9964 0.0000
-20.8542 23.0369 0.0000
-20.8928 23.0689 0.0000
-20.9382 23.0902 0.0000
-20.9874 23.0996 0.0000
-21.0375 23.0965 0.0000
-21.0852 23.0810 0.0000
-21.1275 23.0541 0.0000
-21.1618 23.0176 0.0000
-21.1860 22.9736 0.0000
-21.1984 22.9251 0.0000
-21.1984 22.8749 0.0000
-21.1860 22.8264 0.0000
-21.1618 22.7824 0.0000
-21.1275 22.7459 0.0000
-21.0852 22.7190 0.0000
-21.0375 22.7035 0.0000
-20.9874 22.7004 0.0000
-20.9382 22.7098 0.0000
-20.8928 22.7311 0.0000
-20.8542 22.7631 0.0000
-20.8247 22.8036 0.0000
-20.8063 22.8503 0.0000
-20.8000 22.9000 0.1000
-20.8063 22.9497 0.1000
-20.8247 22.9964 0.1000
-20.8542 23.0369 0.1000
-20.8928 23.0689 0.1000
-20.9382 23.0902 0.1000
-20.9874 23.0996 0.1000
-21.0375 23.0965 0.1000
-21.0852 23.0810 0.1000
-21.1275 23.0541 0.1000
-21.1618 23.0176 0.1000
-21.1860 22.9736 0.1000
-21.1984 22.9251 0.1000
-21.1984 22.8749 0.1000
-21.1860 22.8264 0.1000
-21.1618 22.7824 0.1000
-21.1275 22.7459 0.1000
-21.0852 22.7190 0.1000
-21.0375 22.7035 0.1000
-20.9874 22.7004 0.1000
-20.9382 22.7098 0.1000
-20.8928 22.7311 0.1000
-20.8542 22.7631 0.1000
-20.8247 22.8036 0.1000
-20.8063 22.8503 0.1000
-20.8000 22.9000 0.2000
-20.8063 22.9497 0.2000
-20.8247 22.9964 0.2000
-20.8542 23.0369 0.2000
-20.8928 23.0689 0.2000
-20.9382 23.0902 0.2000
-20.9874 23.0996 0.2000
-21.0375 23.0965 0.2000
-21.0852 23.0810 0.2000
-21.1275 23.0541 0.2000
-21.1618 23.0176 0.2000
-21.1860 22.9736 0.2000
-21.1984 22.9251 0.2000
-21.1984 22.8749 0.2000
-21.1860 22.8264 0.2000
-21.1618 22.7824 0.2000
-21.1275 22.7459 0.2000
-21.0852 22.7190 0.2000
-21.0375 22.7035 0.2000
-20.9874 22.7004 0.2000
-20.9382 22.7098 0.2000
-20.8928 22.7311 0.2000
-20.8542 22.7631 0.2000
-20.8247 22.8036 0.2000
-20.8063 22.8503 0.2000
-20.8000 22.9000 0.3000
-20.8063 22.9497 0.3000
-20.8247 22.9964 0.3000
-20.8542 23.0369 0.3000
-20.8928 23.0689 0.3000
-20.9382 23.0902 0.3000
-20.9874 23.0996 0.3000
-21.0375 23.0965 0.3000
-21.0852 23.0810 0.3000
-21.1275 23.0541 0.3000
-21.1618 23.0176 0.3000
-21.1860 22.9736 0.3000
-21.1984 22.9251 0.3000
-21.1984 22.8749 0.3000
-21.1860 22.8264 0.3000
-21.1618 22.7824 0.3000
-21.1275 22.7459 0.3000
-21.0852 22.7190 0.3000
-21.0375 22.7035 0.3000
-20.9874 22.7004 0.3000
-20.9382 22.7098 0.3000
-20.8928 22.7311 0.3000
-20.8542 22.7631 0.3000
-20.8247 22.8036 0.3000
-20.8063 22.8503 0.3000
-20.8000 22.9000 0.4000
-20.8063 22.9497 0.4000
-20.8247 22.9964 0.4000
-20.8542 23.0369 0.4000
-20.8928 23.0689 0.4000
-20.9382 23.0902 0.4000
-20.9874 23.0996 0.4000
-21.0375 23.0965 0.4000
-21.0852 23.0810 0.4000
-21.1275 23.0541 0.4000
-21.1618 23.0176 0.4000
-21.1860 22.9736 0.4000
-21.1984 22.9251 0.4000
-21.1984 22.8749 0.4000
-21.1860 22.8264 0.4000
-21.1618 22.7824 0.4000
-21.1275 22.7459 0.4000
-21.0852 22.7190 0.4000
-21.0375 22.7035 0.4000
-20.9874 22.7004 0.4000
-20.9382 22.7098 0.4000
-20.8928 22.7311 0.4000
-20.8542 22.7631 0.4000
-20.8247 22.8036 0.4000
-20.8063 22.8503 0.4000
-20.8000 22.9000 0.5000
-20.8063 22.9497 0.5000
-20.8247 22.9964 0.5000
-20.8542 23.0369 0.5000
-20.8928 23.0689 0.5000
-20.9382 23.0902 0.5000
-20.9874 23.0996 0.5000
-21.0375 23.0965 0.5000
-21.0852 23.0810 0.5000
-21.1275 23.0541 0.5000
-21.1618 23.0176 0.5000
-21.1860 22.9736 0.5000
-21.1984 22.9251 0.5000
-21.1984 22.8749 0.5000
-21.1860 22.8264 0.5000
-21.1618 22.7824 0.5000
-21.1275 22.7459 0.5000
-21.0852 22.7190 0.5000
-21.0375 22.7035 0.5000
-20.9874 22.7004 0.5000
-20.9382 22.7098 0.5000
-20.8928 22.7311 0.5000
-20.8542 22.7631 0.5000
-20.8247 22.8036 0.5000
-20.8063 22.8503 0.5000
-20.8000 22.9000 0.6000
-20.8063 22.9497 0.6000
-20.8247 22.9964 0.6000
-20.8542 23.0369 0.6000
-20.8928 23.0689 0.6000
-20.9382 23.0902 0.6000
-20.9874 23.0996 0.6000
-21.0375 23.0965 0.6000
-21.0852 23.0810 0.6000
-21.1275 23.0541 0.6000
-21.1618 23.0176 0.6000
-21.1860 22.9736 0.6000
-21.1984 22.9251 0.6000
-21.1984 22.8749 0.6000
-21.1860 22.8264 0.6000
-21.1618 22.7824 0.6000
-21.1275 22.7459 0.6000
-21.0852 22.7190 0.6000
-21.0375 22.7035 0.6000
-20.9874 22.7004 0.6000
-20.9382 22.7098 0.6000
-20.8928 22.7311 0.6000
-20.8542 22.7631 0.6000
-20.8247 22.8036 0.6000
-20.8063 22.8503 0.6000
-20.8000 22.9000 0.7000
-20.8063 22.9497 0.7000
-20.8247 22.9964 0.7000
-20.8542 23.0369 0.7000
-20.8928 23.0689 0.7000
-20.9382 23.0902 0.7000
-20.9874 23.0996 0.7000
-21.0375 23.0965 0.7000
-21.0852 23.0810 0.7000
-21.1275 23.0541 0.7000
-21.1618 23.0176 0.7000
-21.1860 22.9736 0.7000
-21.1984 22.9251 0.7000
-21.1984 22.8749 0.7000
-21.1860 22.8264 0.7000
-21.1618 22.7824 0.7000
-21.1275 22.7459 0.7000
-21.0852 22.7190 0.7000
-21.0375 22.7035 0.7000
-20.9874 22.7004 0.7000
-20.9382 22.7098 0.7000
-20.8928 22.7311 0.7000
-20.8542 22.7631 0.7000
-20.8247 22.8036 0.7000
-20.8063 22.8503 0.7000
-20.8000 22.9000 0.8000
-20.8063 22.9497 0.8000
-20.8247 22.9964 0.8000
-20.8542 23.0369 0.8000
-20.8928 23.0689 0.8000
-20.9382 23.0902 0.8000
-20.9874 23.0996 0.8000
-21.0375 23.0965 0.8000
-21.0852 23.0810 0.8000
-21.1275 23.0541 0.8000
-21.1618 23.0176 0.8000
-21.1860 22.9736 0.8000
-21.1984 22.9251 0.8000
-21.1984 22.8749 0.8000
-21.1860 22.8264 0.8000
-21.1618 22.7824 0.8000
-21.1275 22.7459 0.8000
-21.0852 22.7190 0.8000
-21.0375 22.7035 0.8000
-20.9874 22.7004 0.8000
-20.9382 22.7098 0.8000
-20.8928 22.7311 0.8000
-20.8542 22.7631 0.8000
-20.8247 22.8036 0.8000
-20.8063 22.8503 0.8000
-20.8000 22.9000 0.9000
-20.8063 22.9497 0.9000
-20.8247 22.9964 0.9000
-20.8542 23.0369 0.9000
-20.8928 23.0689 0.9000
-20.9382 23.0902 0.9000
-20.9874 23.0996 0.9000
-21.0375 23.0965 0.9000
-21.0852 23.0810 0.9000
-21.1275 23.0541 0.9000
-21.1618 23.0176 0.9000
-21.1860 22.9736 0.9000
-21.1984 22.9251 0.9000
-21.1984 22.8749 0.9000
-21.1860 22.8264 0.9000
-21.1618 22.7824 0.9000
-21.1275 22.7459 0.9000
-21.0852 22.7190 0.9000
-21.0375 22.7035 0.9000
-20.9874 22.7004 0.9000
-20.9382 22.7098 0.9000
-20.8928 22.7311 0.9000
-20.8542 22.7631 0.9000
-20.8247 22.8036 0.9000
-20.8063 22.8503 0.9000
-20.8000 22.9000 1.0000
-20.8063 22.9497 1.0000
-20.8247 22.9964 1.0000
-20.8542 23.0369 1.0000
-20.8928 23.0689 1.0000
-20.9382 23.0902 1.0000
-20.9874 23.0996 1.0000
-21.0375 23.0965 1.0000
-21.0852 23.0810 1.0000
-21.1275 23.0541 1.0000
-21.1618 23.0176 1.0000
-21.1860 22.9736 1.0000
-21.1984 22.9251 1.0000
-21.1984 22.8749 1.0000
-21.1860 22.8264 1.0000
-21.1618 22.7824 1.0000
-21.1275 22.7459 1.0000
-21.0852 22.7190 1.0000
-21.0375 22.7035 1.0000
-20.9874 22.7004 1.0000
-20.9382 22.7098 1.0000
-20.8928 22.7311 1.0000
-20.8542 22.7631 1.0000
-20.8247 22.8036 1.0000
-20.8063 22.8503 1.0000
-20.8000 22.9000 1.1000
-20.8063 22.9497 1.1000
-20.8247 22.9964 1.1000
-20.8542 23.0369 1.1000
-20.8928 23.0689 1.1000
-20.9382 23.0902 1.1000
-20.9874 23.0996 1.1000
-21.0375 23.0965 1.1000
-21.0852 23.0810 1.1000
-21.1275 23.0541 1.1000
-21.1618 23.0176 1.1000
-21.1860 22.9736 1.1000
-21.1984 22.9251 1.1000
-21.1984 22.8749 1.1000
-21.1860 22.8264 1.1000
-21.1618 22.7824 1.1000
-21.1275 22.7459 1.1000
-21.0852 22.7190 1.1000
-21.0375 22.7035 1.1000
-20.9874 22.7004 1.1000
-20.9382 22.7098 1.1000
-20.8928 22.7311 1.1000
-20.8542 22.7631 1.1000
-20.8247 22.8036 1.1000
-20.8063 22.8503 1.1000
-20.8000 22.9000 1.2000
-20.8063 22.9497 1.2000
-20.8247 22.9964 1.2000
-20.8542 23.0369 1.2000
-20.8928 23.0689 1.2000
-20.9382 23.0902 1.2000
-20.9874 23.0996 1.2000
-21.0375 23.0965 1.2000
-21.0852 23.0810 1.2000
-21.1275 23.0541 1.2000
-21.1618 23.0176 1.2000
-21.1860 22.9736 1.2000
-21.1984 22.9251 1.2000
-21.1984 22.8749 1.2000
-21.1860 22.8264 1.2000
-21.1618 22.7824 1.2000
-21.1275 22.7459 1.2000
-21.0852 22.7190 1.2000
-21.0375 22.7035 1.2000
-20.9874 22.7004 1.2000
-20.9382 22.7098 1.2000
-20.8928 22.7311 1.2000
-20.8542 22.7631 1.2000
-20.8247 22.8036 1.2000
-20.8063 22.8503 1.2000
-20.8000 22.9000 1.3000
-20.8063 22.9497 1.3000
-20.8247 22.9964 1.3000
-20.8542 23.0369 1.3000
-20.8928 23.0689 1.3000
-20.9382 23.0902 1.3000
-20.9874 23.0996 1.3000
-21.0375 23.0965 1.3000
-21.0852 23.0810 1.3000
-21.1275 23.0541 1.3000
-21.1618 23.0176 1.3000
-21.1860 22.9736 1.3000
-21.1984 22.9251 1.3000
-21.1984 22.8749 1.3000
-21.1860 22.8264 1.3000
-21.1618 22.7824 1.3000
-21.1275 22.7459 1.3000
-21.0852 22.7190 1.3000
-21.0375 22.7035 1.3000
-20.9874 22.7004 1.3000
-20.9382 22.7098 1.3000
-20.8928 22.7311 1.3000
-20.8542 22.7631 1.3000
-20.8247 22.8036 1.3000
-20.8063 22.8503 1.3000
-20.8000 22.9000 1.4000
-20.8063 22.9497 1.4000
-20.8247 22.9964 1.4000
-20.8542 23.0369 1.4000
-20.8928 23.0689 1.4000
-20.9382 23.0902 1.4000
-20.9874 23.0996 1.4000
-21.0375 23.0965 1.4000
-21.0852 23.0810 1.4000
-21.1275 23.0541 1.4000
-21.1618 23.0176 1.4000
-21.1860 22.9736 1.4000
-21.1984 22.9251 1.4000
-21.1984 22.8749 1.4000
-21.1860 22.8264 1.4000
-21.1618 22.7824 1.4000
-21.1275 22.7459 1.4000
-21.0852 22.7190 1.4000
-21.0375 22.7035 1.4000
-20.9874 22.7004 1.4000
-20.9382 22.7098 1.4000
-20.8928 22.7311 1.4000
-20.8542 22.7631 1.4000
-20.8247 22.8036 1.4000
-20.8063 22.8503 1.4000
-20.8000 22.9000 1.5000
-20.8063 22.9497 1.5000
-20.8247 22.9964 1.5000
-20.8542 23.0369 1.5000
-20.8928 23.0689 1.5000
-20.9382 23.0902 1.5000
-20.9874 23.0996 1.5000
-21.0375 23.0965 1.5000
-21.0852 23.0810 1.5000
-21.1275 23.0541 1.5000
-21.1618 23.0176 1.5000
-21.1860 22.9736 1.5000
-21.1984 22.9251 1.5000
-21.1984 22.8749 1.5000
-21.1860 22.8264 1.5000
-21.1618 22.7824 1.5000
-21.1275 22.7459 1.5000
-21.0852 22.7190 1.5000
-21.0375 22.7035 1.5000
-20.9874 22.7004 1.5000
-20.9382 22.7098 1.5000
-20.8928 22.7311 1.5000
-20.8542 22.7631 1.5000
-20.8247 22.8036 1.5000
-20.8063 22.8503 1.5000
-20.8000 22.9000 1.6000
-20.8063 22.9497 1.6000
-20.8247 22.9964 1.6000
-20.8542 23.0369 1.6000
-20.8928 23.0689 1.6000
-20.9382 23.0902 1.6000
-20.9874 23.0996 1.6000
-21.0375 23.0965 1.6000
-21.0852 23.0810 1.6000
-21.1275 23.0541 1.6000
-21.1618 23.0176 1.6000
-21.1860 22.9736 1.6000
-21.1984 22.9251 1.6000
-21.1984 22.8749 1.6000
-21.1860 22.8264 1.6000
-21.1618 22.7824 1.6000
-21.1275 22.7459 1.6000
-21.0852 22.7190 1.6000
-21.0375 22.7035 1.6000
-20.9874 22.7004 1.6000
-20.9382 22.7098 1.6000
-20.8928 22.7311 1.6000
-20.8542 22.7631 1.6000
-20.8247 22.8036 1.6000
-20.8063 22.8503 1.6000
-20.8000 22.9000 1.7000
-20.8063 22.9497 1.7000
-20.8247 22.9964 1.7000
-20.8542 23.0369 1.7000
-20.8928 23.0689 1.7000
-20.9382 23.0902 1.7000
-20.9874 23.0996 1.7000
-21.0375 23.0965 1.7000
-21.0852 23.0810 1.7000
-21.1275 23.0541 1.7000
-21.1618 23.0176 1.7000
-21.1860 22.9736 1.7000
-21.1984 22.9251 1.7000
-21.1984 22.8749 1.7000
-21.1860 22.8264 1.7000
-21.1618 22.7824 1.7000
-21.1275 22.7459 1.7000
-21.0852 22.7190 1.7000
-21.0375 22.7035 1.7000
-20.9874 22.7004 1.7000
-20.9382 22.7098 1.7000
-20.8928 22.7311 1.7000
-20.8542 22.7631 1.7000
-20.8247 22.8036 1.7000
-20.8063 22.8503 1.7000
-20.8000 22.9000 1.8000
-20.8063 22.9497 1.8000
-20.8247 22.9964 1.8000
-20.8542 23.0369 1.8000
-20.8928 23.0689 1.8000
-20.9382 23.0902 1.8000
-20.9874 23.0996 1.8000
-21.0375 23.0965 1.8000
-21.0852 23.0810 1.8000
-21.1275 23.0541 1.8000
-21.1618 23.0176 1.8000
-21.1860 22.9736 1.8000
-21.1984 22.9251 1.8000
-21.1984 22.8749 1.8000
-21.1860 22.8264 1.8000
-21.1618 22.7824 1.8000
-21.1275 22.7459 1.8000
-21.0852 22.7190 1.8000
-21.0375 22.7035 1.8000
-20.9874 22.7004 1.8000
-20.9382 22.7098 1.8000
-20.8928 22.7311 1.8000
-20.8542 22.7631 1.8000
-20.8247 22.8036 1.8000
-20.8063 22.8503 1.8000
-20.8000 22.9000 1.9000
-20.8063 22.9497 1.9000
-20.8247 22.9964 1.9000
-20.8542 23.0369 1.9000
-20.8928 23.0689 1.9000
-20.9382 23.0902 1.9000
-20.9874 23.0996 1.9000
-21.0375 23.0965 1.9000
-21.0852 23.0810 1.9000
-21.1275 23.0541 1.9000
-21.1618 23.0176 1.9000
-21.1860 22.9736 1.9000
-21.1984 22.9251 1.9000
-21.1984 22.8749 1.9000
-21.1860 22.8264 1.9000
-21.1618 22.7824 1.9000
-21.1275 22.7459 1.9000
-21.0852 22.7190 1.9000
-21.0375 22.7035 1.9000
-20.9874 22.7004 1.9000
-20.9382 22.7098 1.9000
-20.8928 22.7311 1.9000
-20.8542 22.7631 1.9000
-20.8247 22.8036 1.9000
-20.8063 22.8503 1.9000
-20.8000 22.9000 2.0000
-20.8063 22.9497 2.0000
-20.8247 22.9964 2.0000
-20.8542 23.0369 2.0000
-20.8928 23.0689 2.0000
-20.9382 23.0902 2.0000
-20.9874 23.0996 2.0000
-21.0375 23.0965 2.0000
-21.0852 23.0810 2.0000
-21.1275 23.0541 2.0000
-21.1618 23.0176 2.0000
-21.1860 22.9736 2.0000
-21.1984 22.9251 2.0000
-21.1984 22.8749 2.0000
-21.1860 22.8264 2.0000
-21.1618 22.7824 2.0000
-21.1275 22.7459 2.0000
-21.0852 22.7190 2.0000
-21.0375 22.7035 2.0000
-20.9874 22.7004 2.0000
-20.9382 22.7098 2.0000
-20.8928 22.7311 2.0000
-20.8542 22.7631 2.0000
-20.8247 22.8036 2.0000
-20.8063 22.8503 2.0000
-20.8000 22.9000 2.1000
-20.8063 22.9497 2.1000
-20.8247 22.9964 2.1000
-20.8542 23.0369 2.1000
-20.8928 23.0689 2.1000
-20.9382 23.0902 2.1000
-20.9874 23.0996 2.1000
-21.0375 23.0965 2.1000
-21.0852 23.0810 2.1000
-21.1275 23.0541 2.1000
-21.1618 23.0176 2.1000
-21.1860 22.9736 2.1000
-21.1984 22.9251 2.1000
-21.1984 22.8749 2.1000
-21.1860 22.8264 2.1000
-21.1618 22.7824 2.1000
-21.1275 22.7459 2.1000
-21.0852 22.7190 2.1000
-21.0375 22.7035 2.1000
-20.9874 22.7004 2.1000
-20.9382 22.7098 2.1000
-20.8928 22.7311 2.1000
-20.8542 22.7631 2.1000
-20.8247 22.8036 2.1000
-20.8063 22.8503 2.1000
-20.8000 22.9000 2.2000
-20.8063 22.9497 2.2000
-20.8247 22.9964 2.2000
-20.8542 23.0369 2.2000
-20.8928 23.0689 2.2000
-20.9382 23.0902 2.2000
-20.9874 23.0996 2.2000
-21.0375 23.0965 2.2000
-21.0852 23.0810 2.2000
-21.1275 23.0541 2.2000
-21.1618 23.0176 2.2000
-21.1860 22.9736 2.2000
-21.1984 22.9251 2.2000
-21.1984 22.8749 2.2000
-21.1860 22.8264 2.2000
-21.1618 22.7824 2.2000
-21.1275 22.7459 2.2000
-21.0852 22.7190 2.2000
-21.0375 22.7035 2.2000
-20.9874 22.7004 2.2000
-20.9382 22.7098 2.2000
-20.8928 22.7311 2.2000
-20.8542 22.7631 2.2000
-20.8247 22.8036 2.2000
-20.8063 22.8503 2.2000
-20.8000 22.9000 2.3000
-20.8063 22.9497 2.3000
-20.8247 22.9964 2.3000
-20.8542 23.0369 2.3000
-20.8928 23.0689 2.3000
-20.9382 23.0902 2.3000
-20.9874 23.0996 2.3000
-21.0375 23.0965 2.3000
-21.0852 23.0810 2.3000
-21.1275 23.0541 2.3000
-21.1618 23.0176 2.3000
-21.1860 22.9736 2.3000
-21.1984 22.9251 2.3000
-21.1984 22.8749 2.3000
-21.1860 22.8264 2.3000
-21.1618 22.7824 2.3000
-21.1275 22.7459 2.3000
-21.0852 22.7190 2.3000
-21.0375 22.7035 2.3000
-20.9874 22.7004 2.3000
-20.9382 22.7098 2.3000
-20.8928 22.7311 2.3000
-20.8542 22.7631 2.3000
-20.8247 22.8036 2.3000
-20.8063 22.8503 2.3000
-20.8000 22.9000 2.4000
-20.8063 22.9497 2.4000
-20.8247 22.9964 2.4000
-20.8542 23.0369 2.4000
-20.8928 23.0689 2.4000
-20.9382 23.0902 2.4000
-20.9874 23.0996 2.4000
-21.0375 23.0965 2.4000
-21.0852 23.0810 2.4000
-21.1275 23.0541 2.4000
-21.1618 23.0176 2.4000
-21.1860 22.9736 2.4000
-21.1984 22.9251 2.4000
-21.1984 22.8749 2.4000
-21.1860 22.8264 2.4000
-21.1618 22.7824 2.4000
-21.1275 22.7459 2.4000
-21.0852 22.7190 2.4000
-21.0375 22.7035 2.4000
-20.9874 22.7004 2.4000
-20.9382 22.7098 2.4000
-20.8928 22.7311 2.4000
-20.8542 22.7631 2.4000
-20.8247 22.8036 2.4000
-20.8063 22.8503 2.4000
-20.8000 22.9000 2.5000
-20.8063 22.9497 2.5000
-20.8247 22.9964 2.5000
-20.8542 23.0369 2.5000
-20.8928 23.0689 2.5000
-20.9382 23.0902 2.5000
-20.9874 23.0996 2.5000
-21.0375 23.0965 2.5000
-21.0852 23.0810 2.5000
-21.1275 23.0541 2.5000
-21.1618 23.0176 2.5000
-21.1860 22.9736 2.5000
-21.1984 22.9251 2.5000
-21.1984 22.8749 2.5000
-21.1860 22.8264 2.5000
-21.1618 22.7824 2.5000
-21.1275 22.7459 2.5000
-21.0852 22.7190 2.5000
-21.0375 22.7035 2.5000
-20.9874 22.7004 2.5000
-20.9382 22.7098 2.5000
-20.8928 22.7311 2.5000
-20.8542 22.7631 2.5000
-20.8247 22.8036 2.5000
-20.8063 22.8503 2.5000
-20.8000 22.9000 2.6000
-20.8063 22.9497 2.6000
-20.8247 22.9964 2.6000
-20.8542 23.0369 2.6000
-20.8928 23.0689 2.6000
-20.9382 23.0902 2.6000
-20.9874 23.0996 2.6000
-21.0375 23.0965 2.6000
-21.0852 23.0810 2.6000
-21.1275 23.0541 2.6000
-21.1618 23.0176 2.6000
-21.1860 22.9736 2.6000
-21.1984 22.9251 2.6000
-21.1984 22.8749 2.6000
-21.1860 22.8264 2.6000
-21.1618 22.7824 2.6000
-21.1275 22.7459 2.6000
-21.0852 22.7190 2.6000
-21.0375 22.7035 2.6000
-20.9874 22.7004 2.6000
-20.9382 22.7098 2.6000
-20.8928 22.7311 2.6000
-20.8542 22.7631 2.6000
-20.8247 22.8036 2.6000
-20.8063 22.8503 2.6000
-20.8000 22.9000 2.7000
-20.8063 22.9497 2.7000
-20.8247 22.9964 2.7000
-20.8542 23.0369 2.7000
-20.8928 23.0689 2.7000
-20.9382 23.0902 2.7000
-20.9874 23.0996 2.7000
-21.0375 23.0965 2.7000
-21.0852 23.0810 2.7000
-21.1275 23.0541 2.7000
-21.1618 23.0176 2.7000
-21.1860 22.9736 2.7000
-21.1984 22.9251 2.7000
-21.1984 22.8749 2.7000
-21.1860 22.8264 2.7000
-21.1618 22.7824 2.7000
-21.1275 22.7459 2.7000
-21.0852 22.7190 2.7000
-21.0375 22.7035 2.7000
-20.9874 22.7004 2.7000
-20.9382 22.7098 2.7000
-20.8928 22.7311 2.7000
-20.8542 22.7631 2.7000
-20.8247 22.8036 2.7000
-20.8063 22.8503 2.7000
-20.8000 22.9000 2.8000
-20.8063 22.9497 2.8000
-20.8247 22.9964 2.8000
-20.8542 23.0369 2.8000
-20.8928 23.0689 2.8000
-20.9382 23.0902 2.8000
-20.9874 23.0996 2.8000
-21.0375 23.0965 2.8000
-21.0852 23.0810 2.8000
-21.1275 23.0541 2.8000
-21.1618 23.0176 2.8000
-21.1860 22.9736 2.8000
-21.1984 22.9251 2.8000
-21.1984 22.8749 2.8000
-21.1860 22.8264 2.8000
-21.1618 22.7824 2.8000
-21.1275 22.7459 2.8000
-21.0852 22.7190 2.8000
-21.0375 22.7035 2.8000
-20.9874 22.7004 2.8000
-20.9382 22.7098 2.8000
-20.8928 22.7311 2.8000
-20.8542 22.7631 2.8000
-20.8247 22.8036 2.8000
-20.8063 22.8503 2.8000
-20.8000 22.9000 2.9000
-20.8063 22.9497 2.9000
-20.8247 22.9964 2.9000
-20.8542 23.0369 2.9000
-20.8928 23.0689 2.9000
-20.9382 23.0902 2.9000
-20.9874 23.0996 2.9000
-21.0375 23.0965 2.9000
-21.0852 23.0810 2.9000
-21.1275 23.0541 2.9000
-21.1618 23.0176 2.9000
-21.1860 22.9736 2.9000
-21.1984 22.9251 2.9000
-21.1984 22.8749 2.9000
-21.1860 22.8264 2.9000
-21.1618 22.7824 2.9000
-21.1275 22.7459 2.9000
-21.0852 22.7190 2.9000
-21.0375 22.7035 2.9000
-20.9874 22.7004 2.9000
-20.9382 22.7098 2.9000
-20.8928 22.7311 2.9000
-20.8542 22.7631 2.9000
-20.8247 22.8036 2.9000
-20.8063 22.8503 2.9000
-20.8000 22.9000 3.0000
-20.8063 22.9497 3.0000
-20.8247 22.9964 3.0000
-20.8542 23.0369 3.0000
-20.8928 23.0689 3.0000
-20.9382 23.0902 3.0000
-20.9874 23.0996 3.0000
-21.0375 23.0965 3.0000
-21.0852 23.0810 3.0000
-21.1275 23.0541 3.0000
-21.1618 23.0176 3.0000
-21.1860 22.9736 3.0000
-21.1984 22.9251 3.0000
-21.1984 22.8749 3.0000
-21.1860 22.8264 3.0000
-21.1618 22.7824 3.0000
-21.1275 22.7459 3.0000
-21.0852 22.7190 3.0000
-21.0375 22.7035 3.0000
-20.9874 22.7004 3.0000
-20.9382 22.7098 3.0000
-20.8928 22.7311 3.0000
-20.8542 22.7631 3.0000
-20.8247 22.8036 3.0000
-20.8063 22.8503 3.0000
-23.3000 -21.0000 0.0000
-23.3063 -20.9503 0.0000
-23.3247 -20.9036 0.0000
-23.3542 -20.8631 0.0000
-23.3928 -20.8311 0.0000
-23.4382 -20.8098 0.0000
-23.4874 -20.8004 0.0000
-23.5375 -20.8035 0.0000
-23.5852 -20.8190 0.0000
-23.6275 -20.8459 0.0000
-23.6618 -20.8824 0.0000
-23.6860 -20.9264 0.0000
-23.6984 -20.9749 0.0000
-23.6984 -21.0251 0.0000
-23.6860 -21.0736 0.0000
-23.6618 -21.1176 0.0000
-23.6275 -21.1541 0.0000
-23.5852 -21.1810 0.0000
-23.5375 -21.1965 0.0000
-23.4874 -21.1996 0.0000
-23.4382 -21.1902 0.0000
-23.3928 -21.1689 0.0000
-23.3542 -21.1369 0.0000
-23.3247 -21.0964 0.0000
-23.3063 -21.0497 0.0000
-23.3000 -21.0000 0.1000
-23.3063 -20.9503 0.1000
-23.3247 -20.9036 0.1000
-23.3542 -20.8631 0.1000
-23.3928 -20.8311 0.1000
-23.4382 -20.8098 0.1000
-23.4874 -20.8004 0.1000
-23.5375 -20.8035 0.1000
-23.5852 -20.8190 0.1000
-23.6275 -20.8459 0.1000
-23.6618 -20.8824 0.1000
-23.6860 -20.9264 0.1000
-23.6984 -20.9749 0.1000
-23.6984 -21.0251 0.1000
-23.6860 -21.0736 0.1000
-23.6618 -21.1176 0.1000
-23.6275 -21.1541 0.1000
-23.5852 -21.1810 0.1000
-23.5375 -21.1965 0.1000
-23.4874 -21.1996 0.1000
-23.4382 -21.1902 0.1000
-23.3928 -21.1689 0.1000
-23.3542 -21.1369 0.1000
-23.3247 -21.0964 0.1000
-23.3063 -21.0497 0.1000
-23.3000 -21.0000 0.2000
-23.3063 -20.9503 0.2000
-23.3247 -20.9036 0.2000
-23.3542 -20.8631 0.2000
-23.3928 -20.8311 0.2000
-23.4382 -20.8098 0.2000
-23.4874 -20.8004 0.2000
-23.5375 -20.8035 0.2000
-23.5852 -20.8190 0.2000
-23.6275 -20.8459 0.2000
-23.6618 -20.8824 0.2000
-23.6860 -20.9264 0.2000
-23.6984 -20.9749 0.2000
-23.6984 -21.0251 0.2000
-23.6860 -21.0736 0.2000
-23.6618 -21.1176 0.2000
-23.6275 -21.1541 0.2000
-23.5852 -21.1810 0.2000
-23.5375 -21.1965 0.2000
-23.4874 -21.1996 0.2000
-23.4382 -21.1902 0.2000
-23.3928 -21.1689 0.2000
-23.3542 -21.1369 0.2000
-23.3247 -21.0964 0.2000
-23.3063 -21.0497 0.2000
-23.3000 -21.0000 0.3000
-23.3063 -20.9503 0.3000
-23.3247 -20.9036 0.3000
-23.3542 -20.8631 0.3000
-23.3928 -20.8311 0.3000
-23.4382 -20.8098 0.3000
-23.4874 -20.8004 0.3000
-23.5375 -20.8035 0.3000
-23.5852 -20.8190 0.3000
-23.6275 -20.8459 0.3000
-23.6618 -20.8824 0.3000
-23.6860 -20.9264 0.3000
-23.6984 -20.9749 0.3000
-23.6984 -21.0251 0.3000
-23.6860 -21.0736 0.3000
-23.6618 -21.1176 0.3000
-23.6275 -21.1541 0.3000
-23.5852 -21.1810 0.3000
-23.5375 -21.1965 0.3000
-23.4874 -21.1996 0.3000
-23.4382 -21.1902 0.3000
-23.3928 -21.1689 0.3000
-23.3542 -21.1369 0.3000
-23.3247 -21.0964 0.3000
-23.3063 -21.0497 0.3000
-23.3000 -21.0000 0.4000
-23.3063 -20.9503 0.4000
-23.3247 -20.9036 0.4000
-23.3542 -20.8631 0.4000
-23.3928 -20.8311 0.4000
-23.4382 -20.8098 0.4000
-23.4874 -20.8004 0.4000
-23.5375 -20.8035 0.4000
-23.5852 -20.8190 0.4000
-23.6275 -20.8459 0.4000
-23.6618 -20.8824 0.4000
-23.6860 -20.9264 0.4000
-23.6984 -20.9749 0.4000
-23.6984 -21.0251 0.4000
-23.6860 -21.0736 0.4000
-23.6618 -21.1176 0.4000
-23.6275 -21.1541 0.4000
-23.5852 -21.1810 0.4000
-23.5375 -21.1965 0.4000
-23.4874 -21.1996 0.4000
-23.4382 -21.1902 0.4000
-23.3928 -21.1689 0.4000
-23.3542 -21.1369 0.4000
-23.3247 -21.0964 0.4000
-23.3063 -21.0497 0.4000
-23.3000 -21.0000 0.5000
-23.3063 -20.9503 0.5000
-23.3247 -20.9036 0.5000
-23.3542 -20.8631 0.5000
-23.3928 -20.8311 0.5000
-23.4382 -20.8098 0.5000
-23.4874 -20.8004 0.5000
-23.5375 -20.8035 0.5000
-23.5852 -20.8190 0.5000
-23.6275 -20.8459 0.5000
-23.6618 -20.8824 0.5000
-23.6860 -20.9264 0.5000
-23.6984 -20.9749 0.5000
-23.6984 -21.0251 0.5000
-23.6860 -21.0736 0.5000
-23.6618 -21.1176 0.5000
-23.6275 -21.1541 0.5000
-23.5852 -21.1810 0.5000
-23.5375 -21.1965 0.5000
-23.4874 -21.1996 0.5000
-23.4382 -21.1902 0.5000
-23.3928 -21.1689 0.5000
-23.3542 -21.1369 0.5000
-23.3247 -21.0964 0.5000
-23.3063 -21.0497 0.5000
-23.3000 -21.0000 0.6000
-23.3063 -20.9503 0.6000
-23.3247 -20.9036 0.6000
-23.3542 -20.8631 0.6000
-23.3928 -20.8311 0.6000
-23.4382 -20.8098 0.6000
-23.4874 -20.8004 0.6000
-23.5375 -20.8035 0.6000
-23.5852 -20.8190 0.6000
-23.6275 -20.8459 0.6000
-23.6618 -20.8824 0.6000
-23.6860 -20.9264 0.6000
-23.6984 -20.9749 0.6000
-23.6984 -21.0251 0.6000
-23.6860 -21.0736 0.6000
-23.6618 -21.1176 0.6000
-23.6275 -21.1541 0.6000
-23.5852 -21.1810 0.6000
-23.5375 -21.1965 0.6000
-23.4874 -21.1996 0.6000
-23.4382 -21.1902 0.6000
-23.3928 -21.1689 0.6000
-23.3542 -21.1369 0.6000
-23.3247 -21.0964 0.6000
-23.3063 -21.0497 0.6000
-23.3000 -21.0000 0.7000
-23.3063 -20.9503 0.7000
-23.3247 -20.9036 0.7000
-23.3542 -20.8631 0.7000
-23.3928 -20.8311 0.7000
-23.4382 -20.8098 0.7000
-23.4874 -20.8004 0.7000
-23.5375 -20.8035 0.7000
-23.5852 -20.8190 0.7000
-23.6275 -20.8459 0.7000
-23.6618 -20.8824 0.7000
-23.6860 -20.9264 0.7000
-23.6984 -20.9749 0.7000
-23.6984 -21.0251 0.7000
-23.6860 -21.0736 0.7000
-23.6618 -21.1176 0.7000
-23.6275 -21.1541 0.7000
-23.5852 -21.1810 0.7000
-23.5375 -21.1965 0.7000
-23.4874 -21.1996 0.7000
-23.4382 -21.1902 0.7000
-23.3928 -21.1689 0.7000
-23.3542 -21.1369 0.7000
-23.3247 -21.0964 0.7000
-23.3063 -21.0497 0.7000
-23.3000 -21.0000 0.8000
-23.3063 -20.9503 0.8000
-23.3247 -20.9036 0.8000
-23.3542 -20.8631 0.8000
-23.3928 -20.8311 0.8000
-23.4382 -20.8098 0.8000
-23.4874 -20.8004 0.8000
-23.5375 -20.8035 0.8000
-23.5852 -20.8190 0.8000
-23.6275 -20.8459 0.8000
-23.6618 -20.8824 0.8000
-23.6860 -20.9264 0.8000
-23.6984 -20.9749 0.8000
-23.6984 -21.0251 0.8000
-23.6860 -21.0736 0.8000
-23.6618 -21.1176 0.8000
-23.6275 -21.1541 0.8000
-23.5852 -21.1810 0.8000
-23.5375 -21.1965 0.8000
-23.4874 -21.1996 0.8000
-23.4382 -21.1902 0.8000
-23.3928 -21.1689 0.8000
-23.3542 -21.1369 0.8000
-23.3247 -21.0964 0.8000
-23.3063 -21.0497 0.8000
-23.3000 -21.0000 0.9000
-23.3063 -20.9503 0.9000
-23.3247 -20.9036 0.9000
-23.3542 -20.8631 0.9000
-23.3928 -20.8311 0.9000
-23.4382 -20.8098 0.9000
-23.4874 -20.8004 0.9000
-23.5375 -20.8035 0.9000
-23.5852 -20.8190 0.9000
-23.6275 -20.8459 0.9000
-23.6618 -20.8824 0.9000
-23.6860 -20.9264 0.9000
-23.6984 -20.9749 0.9000
-23.6984 -21.0251 0.9000
-23.6860 -21.0736 0.9000
-23.6618 -21.1176 0.9000
-23.6275 -21.1541 0.9000
-23.5852 -21.1810 0.9000
-23.5375 -21.1965 0.9000
-23.4874 -21.1996 0.9000
-23.4382 -21.1902 0.9000
-23.3928 -21.1689 0.9000
-23.3542 -21.1369 0.9000
-23.3247 -21.0964 0.9000
-23.3063 -21.0497 0.9000
-23.3000 -21.0000 1.0000
-23.3063 -20.9503 1.0000
-23.3247 -20.9036 1.0000
-23.3542 -20.8631 1.0000
-23.3928 -20.8311 1.0000
-23.4382 -20.8098 1.0000
-23.4874 -20.8004 1.0000
-23.5375 -20.8035 1.0000
-23.5852 -20.8190 1.0000
-23.6275 -20.8459 1.0000
-23.6618 -20.8824 1.0000
-23.6860 -20.9264 1.0000
-23.6984 -20.9749 1.0000
-23.6984 -21.0251 1.0000
-23.6860 -21.0736 1.0000
-23.6618 -21.1176 1.0000
-23.6275 -21.1541 1.0000
-23.5852 -21.1810 1.0000
-23.5375 -21.1965 1.0000
-23.4874 -21.1996 1.0000
-23.4382 -21.1902 1.0000
-23.3928 -21.1689 1.0000
-23.3542 -21.1369 1.0000
-23.3247 -21.0964 1.0000
-23.3063 -21.0497 1.0000
-23.3000 -21.0000 1.1000
-23.3063 -20.9503 1.1000
-23.3247 -20.9036 1.1000
-23.3542 -20.8631 1.1000
-23.3928 -20.8311 1.1000
-23.4382 -20.8098 1.1000
-23.4874 -20.8004 1.1000
-23.5375 -20.8035 1.1000
-23.5852 -20.8190 1.1000
-23.6275 -20.8459 1.1000
-23.6618 -20.8824 1.1000
-23.6860 -20.9264 1.1000
-23.6984 -20.9749 1.1000
-23.6984 -21.0251 1.1000
-23.6860 -21.0736 1.1000
-23.6618 -21.1176 1.1000
-23.6275 -21.1541 1.1000
-23.5852 -21.1810 1.1000
-23.5375 -21.1965 1.1000
-23.4874 -21.1996 1.1000
-23.4382 -21.1902 1.1000
-23.3928 -21.1689 1.1000
-23.3542 -21.1369 1.1000
-23.3247 -21.0964 1.1000
-23.3063 -21.0497 1.1000
-23.3000 -21.0000 1.2000
-23.3063 -20.9503 1.2000
-23.3247 -20.9036 1.2000
-23.3542 -20.8631 1.2000
-23.3928 -20.8311 1.2000
-23.4382 -20.8098 1.2000
-23.4874 -20.8004 1.2000
-23.5375 -20.8035 1.2000
-23.5852 -20.8190 1.2000
-23.6275 -20.8459 1.2000
-23.6618 -20.8824 1.2000
-23.6860 -20.9264 1.2000
-23.6984 -20.9749 1.2000
-23.6984 -21.0251 1.2000
-23.6860 -21.0736 1.2000
-23.6618 -21.1176 1.2000
-23.6275 -21.1541 1.2000
-23.5852 -21.1810 1.2000
-23.5375 -21.1965 1.2000
-23.4874 -21.1996 1.2000
-23.4382 -21.1902 1.2000
-23.3928 -21.1689 1.2000
-23.3542 -21.1369 1.2000
-23.3247 -21.0964 1.2000
-23.3063 -21.0497 1.2000
-23.3000 -21.0000 1.3000
-23.3063 -20.9503 1.3000
-23.3247 -20.9036 1.3000
-23.3542 -20.8631 1.3000
-23.3928 -20.8311 1.3000
-23.4382 -20.8098 1.3000
-23.4874 -20.8004 1.3000
-23.5375 -20.8035 1.3000
-23.5852 -20.8190 1.3000
-23.6275 -20.8459 1.3000
-23.6618 -20.8824 1.3000
-23.6860 -20.9264 1.3000
-23.6984 -20.9749 1.3000
-23.6984 -21.0251 1.3000
-23.6860 -21.0736 1.3000
-23.6618 -21.1176 1.3000
-23.6275 -21.1541 1.3000
-23.5852 -21.1810 1.3000
-23.5375 -21.1965 1.3000
-23.4874 -21.1996 1.3000
-23.4382 -21.1902 1.3000
-23.3928 -21.1689 1.3000
-23.3542 -21.1369 1.3000
-23.3247 -21.0964 1.3000
-23.3063 -21.0497 1.3000
-23.3000 -21.0000 1.4000
-23.3063 -20.9503 1.4000
-23.3247 -20.9036 1.4000
-23.3542 -20.8631 1.4000
-23.3928 -20.8311 1.4000
-23.4382 -20.8098 1.4000
-23.4874 -20.8004 1.4000
-23.5375 -20.8035 1.4000
-23.5852 -20.8190 1.4000
-23.6275 -20.8459 1.4000
-23.6618 -20.8824 1.4000
-23.6860 -20.9264 1.4000
-23.6984 -20.9749 1.4000
-23.6984 -21.0251 1.4000
-23.6860 -21.0736 1.4000
-23.6618 -21.1176 1.4000
-23.6275 -21.1541 1.4000
-23.5852 -21.1810 1.4000
-23.5375 -21.1965 1.4000
-23.4874 -21.1996 1.4000
-23.4382 -21.1902 1.4000
-23.3928 -21.1689 1.4000
-23.3542 -21.1369 1.4000
-23.3247 -21.0964 1.4000
-23.3063 -21.0497 1.4000
-23.3000 -21.0000 1.5000
-23.3063 -20.9503 1.5000
-23.3247 -20.9036 1.5000
-23.3542 -20.8631 1.5000
-23.3928 -20.8311 1.5000
-23.4382 -20.8098 1.5000
-23.4874 -20.8004 1.5000
-23.5375 -20.8035 1.5000
-23.5852 -20.8190 1.5000
-23.6275 -20.8459 1.5000
-23.6618 -20.8824 1.5000
-23.6860 -20.9264 1.5000
-23.6984 -20.9749 1.5000
-23.6984 -21.0251 1.5000
-23.6860 -21.0736 1.5000
-23.6618 -21.1176 1.5000
-23.6275 -21.1541 1.5000
-23.5852 -21.1810 1.5000
-23.5375 -21.1965 1.5000
-23.4874 -21.1996 1.5000
-23.4382 -21.1902 1.5000
-23.3928 -21.1689 1.5000
-23.3542 -21.1369 1.5000
-23.3247 -21.0964 1.5000
-23.3063 -21.0497 1.5000
-23.3000 -21.0000 1.6000
-23.3063 -20.9503 1.6000
-23.3247 -20.9036 1.6000
-23.3542 -20.8631 1.6000
-23.3928 -20.8311 1.6000
-23.4382 -20.8098 1.6000
-23.4874 -20.8004 1.6000
-23.5375 -20.8035 1.6000
-23.5852 -20.8190 1.6000
-23.6275 -20.8459 1.6000
-23.6618 -20.8824 1.6000
-23.6860 -20.9264 1.6000
-23.6984 -20.9749 1.6000
-23.6984 -21.0251 1.6000
-23.6860 -21.0736 1.6000
-23.6618 -21.1176 1.6000
-23.6275 -21.1541 1.6000
-23.5852 -21.1810 1.6000
-23.5375 -21.1965 1.6000
-23.4874 -21.1996 1.6000
-23.4382 -21.1902 1.6000
-23.3928 -21.1689 1.6000
-23.3542 -21.1369 1.6000
-23.3247 -21.0964 1.6000
-23.3063 -21.0497 1.6000
-23.3000 -21.0000 1.7000
-23.3063 -20.9503 1.7000
-23.3247 -20.9036 1.7000
-23.3542 -20.8631 1.7000
-23.3928 -20.8311 1.7000
-23.4382 -20.8098 1.7000
-23.4874 -20.8004 1.7000
-23.5375 -20.8035 1.7000
-23.5852 -20.8190 1.7000
-23.6275 -20.8459 1.7000
-23.6618 -20.8824 1.7000
-23.6860 -20.9264 1.7000
-23.6984 -20.9749 1.7000
-23.6984 -21.0251 1.7000
-23.6860 -21.0736 1.7000
-23.6618 -21.1176 1.7000
-23.6275 -21.1541 1.7000
-23.5852 -21.1810 1.7000
-23.5375 -21.1965 1.7000
-23.4874 -21.1996 1.7000
-23.4382 -21.1902 1.7000
-23.3928 -21.1689 1.7000
-23.3542 -21.1369 1.7000
-23.3247 -21.0964 1.7000
-23.3063 -21.0497 1.7000
-23.3000 -21.0000 1.8000
-23.3063 -20.9503 1.8000
-23.3247 -20.9036 1.8000
-23.3542 -20.8631 1.8000
-23.3928 -20.8311 1.8000
-23.4382 -20.8098 1.8000
-23.4874 -20.8004 1.8000
-23.5375 -20.8035 1.8000
-23.5852 -20.8190 1.8000
-23.6275 -20.8459 1.8000
-23.6618 -20.8824 1.8000
-23.6860 -20.9264 1.8000
-23.6984 -20.9749 1.8000
-23.6984 -21.0251 1.8000
-23.6860 -21.0736 1.8000
-23.6618 -21.1176 1.8000
-23.6275 -21.1541 1.8000
-23.5852 -21.1810 1.8000
-23.5375 -21.1965 1.8000
-23.4874 -21.1996 1.8000
-23.4382 -21.1902 1.8000
-23.3928 -21.1689 1.8000
-23.3542 -21.1369 1.8000
-23.3247 -21.0964 1.8000
-23.3063 -21.0497 1.8000
-23.3000 -21.0000 1.9000
-23.3063 -20.9503 1.9000
-23.3247 -20.9036 1.9000
-23.3542 -20.8631 1.9000
-23.3928 -20.8311 1.9000
-23.4382 -20.8098 1.9000
-23.4874 -20.8004 1.9000
-23.5375 -20.8035 1.9000
-23.5852 -20.8190 1.9000
-23.6275 -20.8459 1.9000
-23.6618 -20.8824 1.9000
-23.6860 -20.9264 1.9000
-23.6984 -20.9749 1.9000
-23.6984 -21.0251 1.9000
-23.6860 -21.0736 1.9000
-23.6618 -21.1176 1.9000
-23.6275 -21.1541 1.9000
-23.5852 -21.1810 1.9000
-23.5375 -21.1965 1.9000
-23.4874 -21.1996 1.9000
-23.4382 -21.1902 1.9000
-23.3928 -21.1689 1.9000
-23.3542 -21.1369 1.9000
-23.3247 -21.0964 1.9000
-23.3063 -21.0497 1.9000
-23.3000 -21.0000 2.0000
-23.3063 -20.9503 2.0000
-23.3247 -20.9036 2.0000
-23.3542 -20.8631 2.0000
-23.3928 -20.8311 2.0000
-23.4382 -20.8098 2.0000
-23.4874 -20.8004 2.0000
-23.5375 -20.8035 2.0000
-23.5852 -20.8190 2.0000
-23.6275 -20.8459 2.0000
-23.6618 -20.8824 2.0000
-23.6860 -20.9264 2.0000
-23.6984 -20.9749 2.0000
-23.6984 -21.0251 2.0000
-23.6860 -21.0736 2.0000
-23.6618 -21.1176 2.0000
-23.6275 -21.1541 2.0000
-23.5852 -21.1810 2.0000
-23.5375 -21.1965 2.0000
-23.4874 -21.1996 2.0000
-23.4382 -21.1902 2.0000
-23.3928 -21.1689 2.0000
-23.3542 -21.1369 2.0000
-23.3247 -21.0964 2.0000
-23.3063 -21.0497 2.0000
-23.3000 -21.0000 2.1000
-23.3063 -20.9503 2.1000
-23.3247 -20.9036 2.1000
-23.3542 -20.8631 2.1000
-23.3928 -20.8311 2.1000
-23.4382 -20.8098 2.1000
-23.4874 -20.8004 2.1000
-23.5375 -20.8035 2.1000
-23.5852 -20.8190 2.1000
-23.6275 -20.8459 2.1000
-23.6618 -20.8824 2.1000
-23.6860 -20.9264 2.1000
-23.6984 -20.9749 2.1000
-23.6984 -21.0251 2.1000
-23.6860 -21.0736 2.1000
-23.6618 -21.1176 2.1000
-23.6275 -21.1541 2.1000
-23.5852 -21.1810 2.1000
-23.5375 -21.1965 2.1000
-23.4874 -21.1996 2.1000
-23.4382 -21.1902 2.1000
-23.3928 -21.1689 2.1000
-23.3542 -21.1369 2.1000
-23.3247 -21.0964 2.1000
-23.3063 -21.0497 2.1000
-23.3000 -21.0000 2.2000
-23.3063 -20.9503 2.2000
-23.3247 -20.9036 2.2000
-23.3542 -20.8631 2.2000
-23.3928 -20.8311 2.2000
-23.4382 -20.8098 2.2000
-23.4874 -20.8004 2.2000
-23.5375 -20.8035 2.2000
-23.5852 -20.8190 2.2000
-23.6275 -20.8459 2.2000
-23.6618 -20.8824 2.2000
-23.6860 -20.9264 2.2000
-23.6984 -20.9749 2.2000
-23.6984 -21.0251 2.2000
-23.6860 -21.0736 2.2000
-23.6618 -21.1176 2.2000
-23.6275 -21.1541 2.2000
-23.5852 -21.1810 2.2000
-23.5375 -21.1965 2.2000
-23.4874 -21.1996 2.2000
-23.4382 -21.1902 2.2000
-23.3928 -21.1689 2.2000
-23.3542 -21.1369 2.2000
-23.3247 -21.0964 2.2000
-23.3063 -21.0497 2.2000
-23.3000 -21.0000 2.3000
-23.3063 -20.9503 2.3000
-23.3247 -20.9036 2.3000
-23.3542 -20.8631 2.3000
-23.3928 -20.8311 2.3000
-23.4382 -20.8098 2.3000
-23.4874 -20.8004 2.3000
-23.5375 -20.8035 2.3000
-23.5852 -20.8190 2.3000
-23.6275 -20.8459 2.3000
-23.6618 -20.8824 2.3000
-23.6860 -20.9264 2.3000
-23.6984 -20.9749 2.3000
-23.6984 -21.0251 2.3000
-23.6860 -21.0736 2.3000
-23.6618 -21.1176 2.3000
-23.6275 -21.1541 2.3000
-23.5852 -21.1810 2.3000
-23.5375 -21.1965 2.3000
-23.4874 -21.1996 2.3000
-23.4382 -21.1902 2.3000
-23.3928 -21.1689 2.3000
-23.3542 -21.1369 2.3000
-23.3247 -21.0964 2.3000
-23.3063 -21.0497 2.3000
-23.3000 -21.0000 2.4000
-23.3063 -20.9503 2.4000
-23.3247 -20.9036 2.4000
-23.3542 -20.8631 2.4000
-23.3928 -20.8311 2.4000
-23.4382 -20.8098 2.4000
-23.4874 -20.8004 2.4000
-23.5375 -20.8035 2.4000
-23.5852 -20.8190 2.4000
-23.6275 -20.8459 2.4000
-23.6618 -20.8824 2.4000
-23.6860 -20.9264 2.4000
-23.6984 -20.9749 2.4000
-23.6984 -21.0251 2.4000
-23.6860 -21.0736 2.4000
-23.6618 -21.1176 2.4000
-23.6275 -21.1541 2.4000
-23.5852 -21.1810 2.4000
-23.5375 -21.1965 2.4000
-23.4874 -21.1996 2.4000
-23.4382 -21.1902 2.4000
-23.3928 -21.1689 2.4000
-23.3542 -21.1369 2.4000
-23.3247 -21.0964 2.4000
-23.3063 -21.0497 2.4000
-23.3000 -21.0000 2.5000
-23.3063 -20.9503 2.5000
-23.3247 -20.9036 2.5000
-23.3542 -20.8631 2.5000
-23.3928 -20.8311 2.5000
-23.4382 -20.8098 2.5000
-23.4874 -20.8004 2.5000
-23.5375 -20.8035 2.5000
-23.5852 -20.8190 2.5000
-23.6275 -20.8459 2.5000
-23.6618 -20.8824 2.5000
-23.6860 -20.9264 2.5000
-23.6984 -20.9749 2.5000
-23.6984 -21.0251 2.5000
-23.6860 -21.0736 2.5000
-23.6618 -21.1176 2.5000
-23.6275 -21.1541 2.5000
-23.5852 -21.1810 2.5000
-23.5375 -21.1965 2.5000
-23.4874 -21.1996 2.5000
-23.4382 -21.1902 2.5000
-23.3928 -21.1689 2.5000
-23.3542 -21.1369 2.5000
-23.3247 -21.0964 2.5000
-23.3063 -21.0497 2.5000
-23.3000 -21.0000 2.6000
-23.3063 -20.9503 2.6000
-23.3247 -20.9036 2.6000
-23.3542 -20.8631 2.6000
-23.3928 -20.8311 2.6000
-23.4382 -20.8098 2.6000
-23.4874 -20.8004 2.6000
-23.5375 -20.8035 2.6000
-23.5852 -20.8190 2.6000
-23.6275 -20.8459 2.6000
-23.6618 -20.8824 2.6000
-23.6860 -20.9264 2.6000
-23.6984 -20.9749 2.6000
-23.6984 -21.0251 2.6000
-23.6860 -21.0736 2.6000
-23.6618 -21.1176 2.6000
-23.6275 -21.1541 2.6000
-23.5852 -21.1810 2.6000
-23.5375 -21.1965 2.6000
-23.4874 -21.1996 2.6000
-23.4382 -21.1902 2.6000
-23.3928 -21.1689 2.6000
-23.3542 -21.1369 2.6000
-23.3247 -21.0964 2.6000
-23.3063 -21.0497 2.6000
-23.3000 -21.0000 2.7000
-23.3063 -20.9503 2.7000
-23.3247 -20.9036 2.7000
-23.3542 -20.8631 2.7000
-23.3928 -20.8311 2.7000
-23.4382 -20.8098 2.7000
-23.4874 -20.8004 2.7000
-23.5375 -20.8035 2.7000
-23.5852 -20.8190 2.7000
-23.6275 -20.8459 2.7000
-23.6618 -20.8824 2.7000
-23.6860 -20.9264 2.7000
-23.6984 -20.9749 2.7000
-23.6984 -21.0251 2.7000
-23.6860 -21.0736 2.7000
-23.6618 -21.1176 2.7000
-23.6275 -21.1541 2.7000
-23.5852 -21.1810 2.7000
-23.5375 -21.1965 2.7000
-23.4874 -21.1996 2.7000
-23.4382 -21.1902 2.7000
-23.3928 -21.1689 2.7000
-23.3542 -21.1369 2.7000
-23.3247 -21.0964 2.7000
-23.3063 -21.0497 2.7000
-23.3000 -21.0000 2.8000
-23.3063 -20.9503 2.8000
-23.3247 -20.9036 2.8000
-23.3542 -20.8631 2.8000
-23.3928 -20.8311 2.8000
-23.4382 -20.8098 2.8000
-23.4874 -20.8004 2.8000
-23.5375 -20.8035 2.8000
-23.5852 -20.8190 2.8000
-23.6275 -20.8459 2.8000
-23.6618 -20.8824 2.8000
-23.6860 -20.9264 2.8000
-23.6984 -20.9749 2.8000
-23.6984 -21.0251 2.8000
-23.6860 -21.0736 2.8000
-23.6618 -21.1176 2.8000
-23.6275 -21.1541 2.8000
-23.5852 -21.1810 2.8000
-23.5375 -21.1965 2.8000
-23.4874 -21.1996 2.8000
-23.4382 -21.1902 2.8000
-23.3928 -21.1689 2.8000
-23.3542 -21.1369 2.8000
-23.3247 -21.0964 2.8000
-23.3063 -21.0497 2.8000
-23.3000 -21.0000 2.9000
-23.3063 -20.9503 2.9000
-23.3247 -20.9036 2.9000
-23.3542 -20.8631 2.9000
-23.3928 -20.8311 2.9000
-23.4382 -20.8098 2.9000
-23.4874 -20.8004 2.9000
-23.5375 -20.8035 2.9000
-23.5852 -20.8190 2.9000
-23.6275 -20.8459 2.9000
-23.6618 -20.8824 2.9000
-23.6860 -20.9264 2.9000
-23.6984 -20.9749 2.9000
-23.6984 -21.0251 2.9000
-23.6860 -21.0736 2.9000
-23.6618 -21.1176 2.9000
-23.6275 -21.1541 2.9000
-23.5852 -21.1810 2.9000
-23.5375 -21.1965 2.9000
-23.4874 -21.1996 2.9000
-23.4382 -21.1902 2.9000
-23.3928 -21.1689 2.9000
-23.3542 -21.1369 2.9000
-23.3247 -21.0964 2.9000
-23.3063 -21.0497 2.9000
-23.3000 -21.0000 3.0000
-23.3063 -20.9503 3.0000
-23.3247 -20.9036 3.0000
-23.3542 -20.8631 3.0000
-23.3928 -20.8311 3.0000
-23.4382 -20.8098 3.0000
-23.4874 -20.8004 3.0000
-23.5375 -20.8035 3.0000
-23.5852 -20.8190 3.0000
-23.6275 -20.8459 3.0000
-23.6618 -20.8824 3.0000
-23.6860 -20.9264 3.0000
-23.6984 -20.9749 3.0000
-23.6984 -21.0251 3.0000
-23.6860 -21.0736 3.0000
-23.6618 -21.1176 3.0000
-23.6275 -21.1541 3.0000
-23.5852 -21.1810 3.0000
-23.5375 -21.1965 3.0000
-23.4874 -21.1996 3.0000
-23.4382 -21.1902 3.0000
-23.3928 -21.1689 3.0000
-23.3542 -21.1369 3.0000
-23.3247 -21.0964 3.0000
-23.3063 -21.0497 3.0000
-22.7000 -21.0000 0.0000
-22.7063 -20.9503 0.0000
-22.7247 -20.9036 0.0000
-22.7542 -20.8631 0.0000
-22.7928 -20.8311 0.0000
-22.8382 -20.8098 0.0000
-22.8874 -20.8004 0.0000
-22.9375 -20.8035 0.0000
-22.9852 -20.8190 0.0000
-23.0275 -20.8459 0.0000
-23.0618 -20.8824 0.0000
-23.0860 -20.9264 0.0000
-23.0984 -20.9749 0.0000
-23.0984 -21.0251 0.0000
-23.0860 -21.0736 0.0000
-23.0618 -21.1176 0.0000
-23.0275 -21.1541 0.0000
-22.9852 -21.1810 0.0000
-22.9375 -21.1965 0.0000
-22.8874 -21.1996 0.0000
-22.8382 -21.1902 0.0000
-22.7928 -21.1689 0.0000
-22.7542 -21.1369 0.0000
-22.7247 -21.0964 0.0000
-22.7063 -21.0497 0.0000
-22.7000 -21.0000 0.1000
-22.7063 -20.9503 0.1000
-22.7247 -20.9036 0.1000
-22.7542 -20.8631 0.1000
-22.7928 -20.8311 0.1000
-22.8382 -20.8098 0.1000
-22.8874 -20.8004 0.1000
-22.9375 -20.8035 0.1000
-22.9852 -20.8190 0.1000
-23.0275 -20.8459 0.1000
-23.0618 -20.8824 0.1000
-23.0860 -20.9264 0.1000
-23.0984 -20.9749 0.1000
-23.0984 -21.0251 0.1000
-23.0860 -21.0736 0.1000
-23.0618 -21.1176 0.1000
-23.0275 -21.1541 0.1000
-22.9852 -21.1810 0.1000
-22.9375 -21.1965 0.1000
-22.8874 -21.1996 0.1000
-22.8382 -21.1902 0.1000
-22.7928 -21.1689 0.1000
-22.7542 -21.1369 0.1000
-22.7247 -21.0964 0.1000
-22.7063 -21.0497 0.1000
-22.7000 -21.0000 0.2000
-22.7063 -20.9503 0.2000
-22.7247 -20.9036 0.2000
-22.7542 -20.8631 0.2000
-22.7928 -20.8311 0.2000
-22.8382 -20.8098 0.2000
-22.8874 -20.8004 0.2000
-22.9375 -20.8035 0.2000
-22.9852 -20.8190 0.2000
-23.0275 -20.8459 0.2000
-23.0618 -20.8824 0.2000
-23.0860 -20.9264 0.2000
-23.0984 -20.9749 0.2000
-23.0984 -21.0251 0.2000
-23.0860 -21.0736 0.2000
-23.0618 -21.1176 0.2000
-23.0275 -21.1541 0.2000
-22.9852 -21.1810 0.2000
-22.9375 -21.1965 0.2000
-22.8874 -21.1996 0.2000
-22.8382 -21.1902 0.2000
-22.7928 -21.1689 0.2000
-22.7542 -21.1369 0.2000
-22.7247 -21.0964 0.2000
-22.7063 -21.0497 0.2000
-22.7000 -21.0000 0.3000
-22.7063 -20.9503 0.3000
-22.7247 -20.9036 0.3000
-22.7542 -20.8631 0.3000
-22.7928 -20.8311 0.3000
-22.8382 -20.8098 0.3000
-22.8874 -20.8004 0.3000
-22.9375 -20.8035 0.3000
-22.9852 -20.8190 0.3000
-23.0275 -20.8459 0.3000
-23.0618 -20.8824 0.3000
-23.0860 -20.9264 0.3000
-23.0984 -20.9749 0.3000
-23.0984 -21.0251 0.3000
-23.0860 -21.0736 0.3000
-23.0618 -21.1176 0.3000
-23.0275 -21.1541 0.3000
-22.9852 -21.1810 0.3000
-22.9375 -21.1965 0.3000
-22.8874 -21.1996 0.3000
-22.8382 -21.1902 0.3000
-22.7928 -21.1689 0.3000
-22.7542 -21.1369 0.3000
-22.7247 -21.0964 0.3000
-22.7063 -21.0497 0.3000
-22.7000 -21.0000 0.4000
-22.7063 -20.9503 0.4000
-22.7247 -20.9036 0.4000
-22.7542 -20.8631 0.4000
-22.7928 -20.8311 0.4000
-22.8382 -20.8098 0.4000
-22.8874 -20.8004 0.4000
-22.9375 -20.8035 0.4000
-22.9852 -20.8190 0.4000
-23.0275 -20.8459 0.4000
-23.0618 -20.8824 0.4000
-23.0860 -20.9264 0.4000
-23.0984 -20.9749 0.4000
-23.0984 -21.0251 0.4000
-23.0860 -21.0736 0.4000
-23.0618 -21.1176 0.4000
-23.0275 -21.1541 0.4000
-22.9852 -21.1810 0.4000
-22.9375 -21.1965 0.4000
-22.8874 -21.1996 0.4000
-22.8382 -21.1902 0.4000
-22.7928 -21.1689 0.4000
-22.7542 -21.1369 0.4000
-22.7247 -21.0964 0.4000
-22.7063 -21.0497 0.4000
-22.7000 -21.0000 0.5000
-22.7063 -20.9503 0.5000
-22.7247 -20.9036 0.5000
-22.7542 -20.8631 0.5000
-22.7928 -20.8311 0.5000
-22.8382 -20.8098 0.5000
-22.8874 -20.8004 0.5000
-22.9375 -20.8035 0.5000
-22.9852 -20.8190 0.5000
-23.0275 -20.8459 0.5000
-23.0618 -20.8824 0.5000
-23.0860 -20.9264 0.5000
-23.0984 -20.9749 0.5000
-23.0984 -21.0251 0.5000
-23.0860 -21.0736 0.5000
-23.0618 -21.1176 0.5000
-23.0275 -21.1541 0.5000
-22.9852 -21.1810 0.5000
-22.9375 -21.1965 0.5000
-22.8874 -21.1996 0.5000
-22.8382 -21.1902 0.5000
-22.7928 -21.1689 0.5000
-22.7542 -21.1369 0.5000
-22.7247 -21.0964 0.5000
-22.7063 -21.0497 0.5000
-22.7000 -21.0000 0.6000
-22.7063 -20.9503 0.6000
-22.7247 -20.9036 0.6000
-22.7542 -20.8631 0.6000
-22.7928 -20.8311 0.6000
-22.8382 -20.8098 0.6000
-22.8874 -20.8004 0.6000
-22.9375 -20.8035 0.6000
-22.9852 -20.8190 0.6000
-23.0275 -20.8459 0.6000
-23.0618 -20.8824 0.6000
-23.0860 -20.9264 0.6000
-23.0984 -20.9749 0.6000
-23.0984 -21.0251 0.6000
-23.0860 -21.0736 0.6000
-23.0618 -21.1176 0.6000
-23.0275 -21.1541 0.6000
-22.9852 -21.1810 0.6000
-22.9375 -21.1965 0.6000
-22.8874 -21.1996 0.6000
-22.8382 -21.1902 0.6000
-22.7928 -21.1689 0.6000
-22.7542 -21.1369 0.6000
-22.7247 -21.0964 0.6000
-22.7063 -21.0497 0.6000
-22.7000 -21.0000 0.7000
-22.7063 -20.9503 0.7000
-22.7247 -20.9036 0.7000
-22.7542 -20.8631 0.7000
-22.7928 -20.8311 0.7000
-22.8382 -20.8098 0.7000
-22.8874 -20.8004 0.7000
-22.9375 -20.8035 0.7000
-22.9852 -20.8190 0.7000
-23.0275 -20.8459 0.7000
-23.0618 -20.8824 0.7000
-23.0860 -20.9264 0.7000
-23.0984 -20.9749 0.7000
-23.0984 -21.0251 0.7000
-23.0860 -21.0736 0.7000
-23.0618 -21.1176 0.7000
-23.0275 -21.1541 0.7000
-22.9852 -21.1810 0.7000
-22.9375 -21.1965 0.7000
-22.8874 -21.1996 0.7000
-22.8382 -21.1902 0.7000
-22.7928 -21.1689 0.7000
-22.7542 -21.1369 0.7000
-22.7247 -21.0964 0.7000
-22.7063 -21.0497 0.7000
-22.7000 -21.0000 0.8000
-22.7063 -20.9503 0.8000
-22.7247 -20.9036 0.8000
-22.7542 -20.8631 0.8000
-22.7928 -20.8311 0.8000
-22.8382 -20.8098 0.8000
-22.8874 -20.8004 0.8000
-22.9375 -20.8035 0.8000
-22.9852 -20.8190 0.8000
-23.0275 -20.8459 0.8000
-23.0618 -20.8824 0.8000
-23.0860 -20.9264 0.8000
-23.0984 -20.9749 0.8000
-23.0984 -21.0251 0.8000
-23.0860 -21.0736 0.8000
-23.0618 -21.1176 0.8000
-23.0275 -21.1541 0.8000
-22.9852 -21.1810 0.8000
-22.9375 -21.1965 0.8000
-22.8874 -21.1996 0.8000
-22.8382 -21.1902 0.8000
-22.7928 -21.1689 0.8000
-22.7542 -21.1369 0.8000
-22.7247 -21.0964 0.8000
-22.7063 -21.0497 0.8000
-22.7000 -21.0000 0.9000
-22.7063 -20.9503 0.9000
-22.7247 -20.9036 0.9000
-22.7542 -20.8631 0.9000
-22.7928 -20.8311 0.9000
-22.8382 -20.8098 0.9000
-22.8874 -20.8004 0.9000
-22.9375 -20.8035 0.9000
-22.9852 -20.8190 0.9000
-23.0275 -20.8459 0.9000
-23.0618 -20.8824 0.9000
-23.0860 -20.9264 0.9000
-23.0984 -20.9749 0.9000
-23.0984 -21.0251 0.9000
-23.0860 -21.0736 0.9000
-23.0618 -21.1176 0.9000
-23.0275 -21.1541 0.9000
-22.9852 -21.1810 0.9000
-22.9375 -21.1965 0.9000
-22.8874 -21.1996 0.9000
-22.8382 -21.1902 0.9000
-22.7928 -21.1689 0.9000
-22.7542 -21.1369 0.9000
-22.7247 -21.0964 0.9000
-22.7063 -21.0497 0.9000
-22.7000 -21.0000 1.0000
-22.7063 -20.9503 1.0000
-22.7247 -20.9036 1.0000
-22.7542 -20.8631 1.0000
-22.7928 -20.8311 1.0000
-22.8382 -20.8098 1.0000
-22.8874 -20.8004 1.0000
-22.9375 -20.8035 1.0000
-22.9852 -20.8190 1.0000
-23.0275 -20.8459 1.0000
-23.0618 -20.8824 1.0000
-23.0860 -20.9264 1.0000
-23.0984 -20.9749 1.0000
-23.0984 -21.0251 1.0000
-23.0860 -21.0736 1.0000
-23.0618 -21.1176 1.0000
-23.0275 -21.1541 1.0000
-22.9852 -21.1810 1.0000
-22.9375 -21.1965 1.0000
-22.8874 -21.1996 1.0000
-22.8382 -21.1902 1.0000
-22.7928 -21.1689 1.0000
-22.7542 -21.1369 1.0000
-22.7247 -21.0964 1.0000
-22.7063 -21.0497 1.0000
-22.7000 -21.0000 1.1000
-22.7063 -20.9503 1.1000
-22.7247 -20.9036 1.1000
-22.7542 -20.8631 1.1000
-22.7928 -20.8311 1.1000
-22.8382 -20.8098 1.1000
-22.8874 -20.8004 1.1000
-22.9375 -20.8035 1.1000
-22.9852 -20.8190 1.1000
-23.0275 -20.8459 1.1000
-23.0618 -20.8824 1.1000
-23.0860 -20.9264 1.1000
-23.0984 -20.9749 1.1000
-23.0984 -21.0251 1.1000
-23.0860 -21.0736 1.1000
-23.0618 -21.1176 1.1000
-23.0275 -21.1541 1.1000
-22.9852 -21.1810 1.1000
-22.9375 -21.1965 1.1000
-22.8874 -21.1996 1.1000
-22.8382 -21.1902 1.1000
-22.7928 -21.1689 1.1000
-22.7542 -21.1369 1.1000
-22.7247 -21.0964 1.1000
-22.7063 -21.0497 1.1000
-22.7000 -21.0000 1.2000
-22.7063 -20.9503 1.2000
-22.7247 -20.9036 1.2000
-22.7542 -20.8631 1.2000
-22.7928 -20.8311 1.2000
-22.8382 -20.8098 1.2000
-22.8874 -20.8004 1.2000
-22.9375 -20.8035 1.2000
-22.9852 -20.8190 1.2000
-23.0275 -20.8459 1.2000
-23.0618 -20.8824 1.2000
-23.0860 -20.9264 1.2000
-23.0984 -20.9749 1.2000
-23.0984 -21.0251 1.2000
-23.0860 -21.0736 1.2000
-23.0618 -21.1176 1.2000
-23.0275 -21.1541 1.2000
-22.9852 -21.1810 1.2000
-22.9375 -21.1965 1.2000
-22.8874 -21.1996 1.2000
-22.8382 -21.1902 1.2000
-22.7928 -21.1689 1.2000
-22.7542 -21.1369 1.2000
-22.7247 -21.0964 1.2000
-22.7063 -21.0497 1.2000
-22.7000 -21.0000 1.3000
-22.7063 -20.9503 1.3000
-22.7247 -20.9036 1.3000
-22.7542 -20.8631 1.3000
-22.7928 -20.8311 1.3000
-22.8382 -20.8098 1.3000
-22.8874 -20.8004 1.3000
-22.9375 -20.8035 1.3000
-22.9852 -20.8190 1.3000
-23.0275 -20.8459 1.3000
-23.0618 -20.8824 1.3000
-23.0860 -20.9264 1.3000
-23.0984 -20.9749 1.3000
-23.0984 -21.0251 1.3000
-23.0860 -21.0736 1.3000
-23.0618 -21.1176 1.3000
-23.0275 -21.1541 1.3000
-22.9852 -21.1810 1.3000
-22.9375 -21.1965 1.3000
-22.8874 -21.1996 1.3000
-22.8382 -21.1902 1.3000
-22.7928 -21.1689 1.3000
-22.7542 -21.1369 1.3000
-22.7247 -21.0964 1.3000
-22.7063 -21.0497 1.3000
-22.7000 -21.0000 1.4000
-22.7063 -20.9503 1.4000
-22.7247 -20.9036 1.4000
-22.7542 -20.8631 1.4000
-22.7928 -20.8311 1.4000
-22.8382 -20.8098 1.4000
-22.8874 -20.8004 1.4000
-22.9375 -20.8035 1.4000
-22.9852 -20.8190 1.4000
-23.0275 -20.8459 1.4000
-23.0618 -20.8824 1.4000
-23.0860 -20.9264 1.4000
-23.0984 -20.9749 1.4000
-23.0984 -21.0251 1.4000
-23.0860 -21.0736 1.4000
-23.0618 -21.1176 1.4000
-23.0275 -21.1541 1.4000
-22.9852 -21.1810 1.4000
-22.9375 -21.1965 1.4000
-22.8874 -21.1996 1.4000
-22.8382 -21.1902 1.4000
-22.7928 -21.1689 1.4000
-22.7542 -21.1369 1.4000
-22.7247 -21.0964 1.4000
-22.7063 -21.0497 1.4000
-22.7000 -21.0000 1.5000
-22.7063 -20.9503 1.5000
-22.7247 -20.9036 1.5000
-22.7542 -20.8631 1.5000
-22.7928 -20.8311 1.5000
-22.8382 -20.8098 1.5000
-22.8874 -20.8004 1.5000
-22.9375 -20.8035 1.5000
-22.9852 -20.8190 1.5000
-23.0275 -20.8459 1.5000
-23.0618 -20.8824 1.5000
-23.0860 -20.9264 1.5000
-23.0984 -20.9749 1.5000
-23.0984 -21.0251 1.5000
-23.0860 -21.0736 1.5000
-23.0618 -21.1176 1.5000
-23.0275 -21.1541 1.5000
-22.9852 -21.1810 1.5000
-22.9375 -21.1965 1.5000
-22.8874 -21.1996 1.5000
-22.8382 -21.1902 1.5000
-22.7928 -21.1689 1.5000
-22.7542 -21.1369 1.5000
-22.7247 -21.0964 1.5000
-22.7063 -21.0497 1.5000
-22.7000 -21.0000 1.6000
-22.7063 -20.9503 1.6000
-22.7247 -20.9036 1.6000
-22.7542 -20.8631 1.6000
-22.7928 -20.8311 1.6000
-22.8382 -20.8098 1.6000
-22.8874 -20.8004 1.6000
-22.9375 -20.8035 1.6000
-22.9852 -20.8190 1.6000
-23.0275 -20.8459 1.6000
-23.0618 -20.8824 1.6000
-23.0860 -20.9264 1.6000
-23.0984 -20.9749 1.6000
-23.0984 -21.0251 1.6000
-23.0860 -21.0736 1.6000
-23.0618 -21.1176 1.6000
-23.0275 -21.1541 1.6000
-22.9852 -21.1810 1.6000
-22.9375 -21.1965 1.6000
-22.8874 -21.1996 1.6000
-22.8382 -21.1902 1.6000
-22.7928 -21.1689 1.6000
-22.7542 -21.1369 1.6000
-22.7247 -21.0964 1.6000
-22.7063 -21.0497 1.6000
-22.7000 -21.0000 1.7000
-22.7063 -20.9503 1.7000
-22.7247 -20.9036 1.7000
-22.7542 -20.8631 1.7000
-22.7928 -20.8311 1.7000
-22.8382 -20.8098 1.7000
-22.8874 -20.8004 1.7000
-22.9375 -20.8035 1.7000
-22.9852 -20.8190 1.7000
-23.0275 -20.8459 1.7000
-23.0618 -20.8824 1.7000
-23.0860 -20.9264 1.7000
-23.0984 -20.9749 1.7000
-23.0984 -21.0251 1.7000
-23.0860 -21.0736 1.7000
-23.0618 -21.1176 1.7000
-23.0275 -21.1541 1.7000
-22.9852 -21.1810 1.7000
-22.9375 -21.1965 1.7000
-22.8874 -21.1996 1.7000
-22.8382 -21.1902 1.7000
-22.7928 -21.1689 1.7000
-22.7542 -21.1369 1.7000
-22.7247 -21.0964 1.7000
-22.7063 -21.0497 1.7000
-22.7000 -21.0000 1.8000
-22.7063 -20.9503 1.8000
-22.7247 -20.9036 1.8000
-22.7542 -20.8631 1.8000
-22.7928 -20.8311 1.8000
-22.8382 -20.8098 1.8000
-22.8874 -20.8004 1.8000
-22.9375 -20.8035 1.8000
-22.9852 -20.8190 1.8000
-23.0275 -20.8459 1.8000
-23.0618 -20.8824 1.8000
-23.0860 -20.9264 1.8000
-23.0984 -20.9749 1.8000
-23.0984 -21.0251 1.8000
-23.0860 -21.0736 1.8000
-23.0618 -21.1176 1.8000
-23.0275 -21.1541 1.8000
-22.9852 -21.1810 1.8000
-22.9375 -21.1965 1.8000
-22.8874 -21.1996 1.8000
-22.8382 -21.1902 1.8000
-22.7928 -21.1689 1.8000
-22.7542 -21.1369 1.8000
-22.7247 -21.0964 1.8000
-22.7063 -21.0497 1.8000
-22.7000 -21.0000 1.9000
-22.7063 -20.9503 1.9000
-22.7247 -20.9036 1.9000
-22.7542 -20.8631 1.9000
-22.7928 -20.8311 1.9000
-22.8382 -20.8098 1.9000
-22.8874 -20.8004 1.9000
-22.9375 -20.8035 1.9000
-22.9852 -20.8190 1.9000
-23.0275 -20.8459 1.9000
-23.0618 -20.8824 1.9000
-23.0860 -20.9264 1.9000
-23.0984 -20.9749 1.9000
-23.0984 -21.0251 1.9000
-23.0860 -21.0736 1.9000
-23.0618 -21.1176 1.9000
-23.0275 -21.1541 1.9000
-22.9852 -21.1810 1.9000
-22.9375 -21.1965 1.9000
-22.8874 -21.1996 1.9000
-22.8382 -21.1902 1.9000
-22.7928 -21.1689 1.9000
-22.7542 -21.1369 1.9000
-22.7247 -21.0964 1.9000
-22.7063 -21.0497 1.9000
-22.7000 -21.0000 2.0000
-22.7063 -20.9503 2.0000
-22.7247 -20.9036 2.0000
-22.7542 -20.8631 2.0000
-22.7928 -20.8311 2.0000
-22.8382 -20.8098 2.0000
-22.8874 -20.8004 2.0000
-22.9375 -20.8035 2.0000
-22.9852 -20.8190 2.0000
-23.0275 -20.8459 2.0000
-23.0618 -20.8824 2.0000
-23.0860 -20.9264 2.0000
-23.0984 -20.9749 2.0000
-23.0984 -21.0251 2.0000
-23.0860 -21.0736 2.0000
-23.0618 -21.1176 2.0000
-23.0275 -21.1541 2.0000
-22.9852 -21.1810 2.0000
-22.9375 -21.1965 2.0000
-22.8874 -21.1996 2.0000
-22.8382 -21.1902 2.0000
-22.7928 -21.1689 2.0000
-22.7542 -21.1369 2.0000
-22.7247 -21.0964 2.0000
-22.7063 -21.0497 2.0000
-22.7000 -21.0000 2.1000
-22.7063 -20.9503 2.1000
-22.7247 -20.9036 2.1000
-22.7542 -20.8631 2.1000
-22.7928 -20.8311 2.1000
-22.8382 -20.8098 2.1000
-22.8874 -20.8004 2.1000
-22.9375 -20.8035 2.1000
-22.9852 -20.8190 2.1000
-23.0275 -20.8459 2.1000
-23.0618 -20.8824 2.1000
-23.0860 -20.9264 2.1000
-23.0984 -20.9749 2.1000
-23.0984 -21.0251 2.1000
-23.0860 -21.0736 2.1000
-23.0618 -21.1176 2.1000
-23.0275 -21.1541 2.1000
-22.9852 -21.1810 2.1000
-22.9375 -21.1965 2.1000
-22.8874 -21.1996 2.1000
-22.8382 -21.1902 2.1000
-22.7928 -21.1689 2.1000
-22.7542 -21.1369 2.1000
-22.7247 -21.0964 2.1000
-22.7063 -21.0497 2.1000
-22.7000 -21.0000 2.2000
-22.7063 -20.9503 2.2000
-22.7247 -20.9036 2.2000
-22.7542 -20.8631 2.2000
-22.7928 -20.8311 2.2000
-22.8382 -20.8098 2.2000
-22.8874 -20.8004 2.2000
-22.9375 -20.8035 2.2000
-22.9852 -20.8190 2.2000
-23.0275 -20.8459 2.2000
-23.0618 -20.8824 2.2000
-23.0860 -20.9264 2.2000
-23.0984 -20.9749 2.2000
-23.0984 -21.0251 2.2000
-23.0860 -21.0736 2.2000
-23.0618 -21.1176 2.2000
-23.0275 -21.1541 2.2000
-22.9852 -21.1810 2.2000
-22.9375 -21.1965 2.2000
-22.8874 -21.1996 2.2000
-22.8382 -21.1902 2.2000
-22.7928 -21.1689 2.2000
-22.7542 -21.1369 2.2000
-22.7247 -21.0964 2.2000
-22.7063 -21.0497 2.2000
-22.7000 -21.0000 2.3000
-22.7063 -20.9503 2.3000
-22.7247 -20.9036 2.3000
-22.7542 -20.8631 2.3000
-22.7928 -20.8311 2.3000
-22.8382 -20.8098 2.3000
-22.8874 -20.8004 2.3000
-22.9375 -20.8035 2.3000
-22.9852 -20.8190 2.3000
-23.0275 -20.8459 2.3000
-23.0618 -20.8824 2.3000
-23.0860 -20.9264 2.3000
-23.0984 -20.9749 2.3000
-23.0984 -21.0251 2.3000
-23.0860 -21.0736 2.3000
-23.0618 -21.1176 2.3000
-23.0275 -21.1541 2.3000
-22.9852 -21.1810 2.3000
-22.9375 -21.1965 2.3000
-22.8874 -21.1996 2.3000
-22.8382 -21.1902 2.3000
-22.7928 -21.1689 2.3000
-22.7542 -21.1369 2.3000
-22.7247 -21.0964 2.3000
-22.7063 -21.0497 2.3000
-22.7000 -21.0000 2.4000
-22.7063 -20.9503 2.4000
-22.7247 -20.9036 2.4000
-22.7542 -20.8631 2.4000
-22.7928 -20.8311 2.4000
-22.8382 -20.8098 2.4000
-22.8874 -20.8004 2.4000
-22.9375 -20.8035 2.4000
-22.9852 -20.8190 2.4000
-23.0275 -20.8459 2.4000
-23.0618 -20.8824 2.4000
-23.0860 -20.9264 2.4000
-23.0984 -20.9749 2.4000
-23.0984 -21.0251 2.4000
-23.0860 -21.0736 2.4000
-23.0618 -21.1176 2.4000
-23.0275 -21.1541 2.4000
-22.9852 -21.1810 2.4000
-22.9375 -21.1965 2.4000
-22.8874 -21.1996 2.4000
-22.8382 -21.1902 2.4000
-22.7928 -21.1689 2.4000
-22.7542 -21.1369 2.4000
-22.7247 -21.0964 2.4000
-22.7063 -21.0497 2.4000
-22.7000 -21.0000 2.5000
-22.7063 -20.9503 2.5000
-22.7247 -20.9036 2.5000
-22.7542 -20.8631 2.5000
-22.7928 -20.8311 2.5000
-22.8382 -20.8098 2.5000
-22.8874 -20.8004 2.5000
-22.9375 -20.8035 2.5000
-22.9852 -20.8190 2.5000
-23.0275 -20.8459 2.5000
-23.0618 -20.8824 2.5000
-23.0860 -20.9264 2.5000
-23.0984 -20.9749 2.5000
-23.0984 -21.0251 2.5000
-23.0860 -21.0736 2.5000
-23.0618 -21.1176 2.5000
-23.0275 -21.1541 2.5000
-22.9852 -21.1810 2.5000
-22.9375 -21.1965 2.5000
-22.8874 -21.1996 2.5000
-22.8382 -21.1902 2.5000
-22.7928 -21.1689 2.5000
-22.7542 -21.1369 2.5000
-22.7247 -21.0964 2.5000
-22.7063 -21.0497 2.5000
-22.7000 -21.0000 2.6000
-22.7063 -20.9503 2.6000
-22.7247 -20.9036 2.6000
-22.7542 -20.8631 2.6000
-22.7928 -20.8311 2.6000
-22.8382 -20.8098 2.6000
-22.8874 -20.8004 2.6000
-22.9375 -20.8035 2.6000
-22.9852 -20.8190 2.6000
-23.0275 -20.8459 2.6000
-23.0618 -20.8824 2.6000
-23.0860 -20.9264 2.6000
-23.0984 -20.9749 2.6000
-23.0984 -21.0251 2.6000
-23.0860 -21.0736 2.6000
-23.0618 -21.1176 2.6000
-23.0275 -21.1541 2.6000
-22.9852 -21.1810 2.6000
-22.9375 -21.1965 2.6000
-22.8874 -21.1996 2.6000
-22.8382 -21.1902 2.6000
-22.7928 -21.1689 2.6000
-22.7542 -21.1369 2.6000
-22.7247 -21.0964 2.6000
-22.7063 -21.0497 2.6000
-22.7000 -21.0000 2.7000
-22.7063 -20.9503 2.7000
-22.7247 -20.9036 2.7000
-22.7542 -20.8631 2.7000
-22.7928 -20.8311 2.7000
-22.8382 -20.8098 2.7000
-22.8874 -20.8004 2.7000
-22.9375 -20.8035 2.7000
-22.9852 -20.8190 2.7000
-23.0275 -20.8459 2.7000
-23.0618 -20.8824 2.7000
-23.0860 -20.9264 2.7000
-23.0984 -20.9749 2.7000
-23.0984 -21.0251 2.7000
-23.0860 -21.0736 2.7000
-23.0618 -21.1176 2.7000
-23.0275 -21.1541 2.7000
-22.9852 -21.1810 2.7000
-22.9375 -21.1965 2.7000
-22.8874 -21.1996 2.7000
-22.8382 -21.1902 2.7000
-22.7928 -21.1689 2.7000
-22.7542 -21.1369 2.7000
-22.7247 -21.0964 2.7000
-22.7063 -21.0497 2.7000
-22.7000 -21.0000 2.8000
-22.7063 -20.9503 2.8000
-22.7247 -20.9036 2.8000
-22.7542 -20.8631 2.8000
-22.7928 -20.8311 2.8000
-22.8382 -20.8098 2.8000
-22.8874 -20.8004 2.8000
-22.9375 -20.8035 2.8000
-22.9852 -20.8190 2.8000
-23.0275 -20.8459 2.8000
-23.0618 -20.8824 2.8000
-23.0860 -20.9264 2.8000
-23.0984 -20.9749 2.8000
-23.0984 -21.0251 2.8000
-23.0860 -21.0736 2.8000
-23.0618 -21.1176 2.8000
-23.0275 -21.1541 2.8000
-22.9852 -21.1810 2.8000
-22.9375 -21.1965 2.8000
-22.8874 -21.1996 2.8000
-22.8382 -21.1902 2.8000
-22.7928 -21.1689 2.8000
-22.7542 -21.1369 2.8000
-22.7247 -21.0964 2.8000
-22.7063 -21.0497 2.8000
-22.7000 -21.0000 2.9000
-22.7063 -20.9503 2.9000
-22.7247 -20.9036 2.9000
-22.7542 -20.8631 2.9000
-22.7928 -20.8311 2.9000
-22.8382 -20.8098 2.9000
-22.8874 -20.8004 2.9000
-22.9375 -20.8035 2.9000
-22.9852 -20.8190 2.9000
-23.0275 -20.8459 2.9000
-23.0618 -20.8824 2.9000
-23.0860 -20.9264 2.9000
-23.0984 -20.9749 2.9000
-23.0984 -21.0251 2.9000
-23.0860 -21.0736 2.9000
-23.0618 -21.1176 2.9000
-23.0275 -21.1541 2.9000
-22.9852 -21.1810 2.9000
-22.9375 -21.1965 2.9000
-22.8874 -21.1996 2.9000
-22.8382 -21.1902 2.9000
-22.7928 -21.1689 2.9000
-22.7542 -21.1369 2.9000
-22.7247 -21.0964 2.9000
-22.7063 -21.0497 2.9000
-22.7000 -21.0000 3.0000
-22.7063 -20.9503 3.0000
-22.7247 -20.9036 3.0000
-22.7542 -20.8631 3.0000
-22.7928 -20.8311 3.0000
-22.8382 -20.8098 3.0000
-22.8874 -20.8004 3.0000
-22.9375 -20.8035 3.0000
-22.9852 -20.8190 3.0000
-23.0275 -20.8459 3.0000
-23.0618 -20.8824 3.0000
-23.0860 -20.9264 3.0000
-23.0984 -20.9749 3.0000
-23.0984 -21.0251 3.0000
-23.0860 -21.0736 3.0000
-23.0618 -21.1176 3.0000
-23.0275 -21.1541 3.0000
-22.9852 -21.1810 3.0000
-22.9375 -21.1965 3.0000
-22.8874 -21.1996 3.0000
-22.8382 -21.1902 3.0000
-22.7928 -21.1689 3.0000
-22.7542 -21.1369 3.0000
-22.7247 -21.0964 3.0000
-22.7063 -21.0497 3.0000
20.8460 -23.6460 0.0000
20.8397 -23.5963 0.0000
20.8213 -23.5496 0.0000
20.7918 -23.5091 0.0000
20.7532 -23.4771 0.0000
20.7078 -23.4558 0.0000
20.6586 -23.4464 0.0000
20.6085 -23.4495 0.0000
20.5608 -23.4650 0.0000
20.5185 -23.4919 0.0000
20.4842 -23.5284 0.0000
20.4600 -23.5724 0.0000
20.4476 -23.6209 0.0000
20.4476 -23.6711 0.0000
20.4600 -23.7196 0.0000
20.4842 -23.7636 0.0000
20.5185 -23.8001 0.0000
20.5608 -23.8270 0.0000
20.6085 -23.8425 0.0000
20.6586 -23.8456 0.0000
20.7078 -23.8362 0.0000
20.7532 -23.8149 0.0000
20.7918 -23.7829 0.0000
20.8213 -23.7424 0.0000
20.8397 -23.6957 0.0000
20.8460 -23.6460 0.1000
20.8397 -23.5963 0.1000
20.8213 -23.5496 0.1000
20.7918 -23.5091 0.1000
20.7532 -23.4771 0.1000
20.7078 -23.4558 0.1000
20.6586 -23.4464 0.1000
20.6085 -23.4495 0.1000
20.5608 -23.4650 0.1000
20.5185 -23.4919 0.1000
20.4842 -23.5284 0.1000
20.4600 -23.5724 0.1000
20.4476 -23.6209 0.1000
20.4476 -23.6711 0.1000
20.4600 -23.7196 0.1000
20.4842 -23.7636 0.1000
20.5185 -23.8001 0.1000
20.5608 -23.8270 0.1000
20.6085 -23.8425 0.1000
20.6586 -23.8456 0.1000
20.7078 -23.8362 0.1000
20.7532 -23.8149 0.1000
20.7918 -23.7829 0.1000
20.8213 -23.7424 0.1000
20.8397 -23.6957 0.1000
20.8460 -23.6460 0.2000
20.8397 -23.5963 0.2000
20.8213 -23.5496 0.2000
20.7918 -23.5091 0.2000
20.7532 -23.4771 0.2000
20.7078 -23.4558 0.2000
20.6586 -23.4464 0.2000
20.6085 -23.4495 0.2000
20.5608 -23.4650 0.2000
20.5185 -23.4919 0.2000
20.4842 -23.5284 0.2000
20.4600 -23.5724 0.2000
20.4476 -23.6209 0.2000
20.4476 -23.6711 0.2000
20.4600 -23.7196 0.2000
20.4842 -23.7636 0.2000
20.5185 -23.8001 0.2000
20.5608 -23.8270 0.2000
20.6085 -23.8425 0.2000
20.6586 -23.8456 0.2000
20.7078 -23.8362 0.2000
20.7532 -23.8149 0.2000
20.7918 -23.7829 0.2000
20.8213 -23.7424 0.2000
20.8397 -23.6957 0.2000
20.8460 -23.6460 0.3000
20.8397 -23.5963 0.3000
20.8213 -23.5496 0.3000
20.7918 -23.5091 0.3000
20.7532 -23.4771 0.3000
20.7078 -23.4558 0.3000
20.6586 -23.4464 0.3000
20.6085 -23.4495 0.3000
20.5608 -23.4650 0.3000
20.5185 -23.4919 0.3000
20.4842 -23.5284 0.3000
20.4600 -23.5724 0.3000
20.4476 -23.6209 0.3000
20.4476 -23.6711 0.3000
20.4600 -23.7196 0.3000
20.4842 -23.7636 0.3000
20.5185 -23.8001 0.3000
20.5608 -23.8270 0.3000
20.6085 -23.8425 0.3000
20.6586 -23.8456 0.3000
20.7078 -23.8362 0.3000
20.7532 -23.8149 0.3000
20.7918 -23.7829 0.3000
20.8213 -23.7424 0.3000
20.8397 -23.6957 0.3000
20.8460 -23.6460 0.4000
20.8397 -23.5963 0.4000
20.8213 -23.5496 0.4000
20.7918 -23.5091 0.4000
20.7532 -23.4771 0.4000
20.7078 -23.4558 0.4000
20.6586 -23.4464 0.4000
20.6085 -23.4495 0.4000
20.5608 -23.4650 0.4000
20.5185 -23.4919 0.4000
20.4842 -23.5284 0.4000
20.4600 -23.5724 0.4000
20.4476 -23.6209 0.4000
20.4476 -23.6711 0.4000
20.4600 -23.7196 0.4000
20.4842 -23.7636 0.4000
20.5185 -23.8001 0.4000
20.5608 -23.8270 0.4000
20.6085 -23.8425 0.4000
20.6586 -23.8456 0.4000
20.7078 -23.8362 0.4000
20.7532 -23.8149 0.4000
20.7918 -23.7829 0.4000
20.8213 -23.7424 0.4000
20.8397 -23.6957 0.4000
20.8460 -23.6460 0.5000
20.8397 -23.5963 0.5000
20.8213 -23.5496 0.5000
20.7918 -23.5091 0.5000
20.7532 -23.4771 0.5000
20.7078 -23.4558 0.5000
20.6586 -23.4464 0.5000
20.6085 -23.4495 0.5000
20.5608 -23.4650 0.5000
20.5185 -23.4919 0.5000
20.4842 -23.5284 0.5000
20.4600 -23.5724 0.5000
20.4476 -23.6209 0.5000
20.4476 -23.6711 0.5000
20.4600 -23.7196 0.5000
20.4842 -23.7636 0.5000
20.5185 -23.8001 0.5000
20.5608 -23.8270 0.5000
20.6085 -23.8425 0.5000
20.6586 -23.8456 0.5000
20.7078 -23.8362 0.5000
20.7532 -23.8149 0.5000
20.7918 -23.7829 0.5000
20.8213 -23.7424 0.5000
20.8397 -23.6957 0.5000
20.8460 -23.6460 0.6000
20.8397 -23.5963 0.6000
20.8213 -23.5496 0.6000
20.7918 -23.5091 0.6000
20.7532 -23.4771 0.6000
20.7078 -23.4558 0.6000
20.6586 -23.4464 0.6000
20.6085 -23.4495 0.6000
20.5608 -23.4650 0.6000
20.5185 -23.4919 0.6000
20.4842 -23.5284 0.6000
20.4600 -23.5724 0.6000
20.4476 -23.6209 0.6000
20.4476 -23.6711 0.6000
20.4600 -23.7196 0.6000
20.4842 -23.7636 0.6000
20.5185 -23.8001 0.6000
20.5608 -23.8270 0.6000
20.6085 -23.8425 0.6000
20.6586 -23.8456 0.6000
20.7078 -23.8362 0.6000
20.7532 -23.8149 0.6000
20.7918 -23.7829 0.6000
20.8213 -23.7424 0.6000
20.8397 -23.6957 0.6000
20.8460 -23.6460 0.7000
20.8397 -23.5963 0.7000
20.8213 -23.5496 0.7000
20.7918 -23.5091 0.7000
20.7532 -23.4771 0.7000
20.7078 -23.4558 0.7000
20.6586 -23.4464 0.7000
20.6085 -23.4495 0.7000
20.5608 -23.4650 0.7000
20.5185 -23.4919 0.7000
20.4842 -23.5284 0.7000
20.4600 -23.5724 0.7000
20.4476 -23.6209 0.7000
20.4476 -23.6711 0.7000
20.4600 -23.7196 0.7000
20.4842 -23.7636 0.7000
20.5185 -23.8001 0.7000
20.5608 -23.8270 0.7000
20.6085 -23.8425 0.7000
20.6586 -23.8456 0.7000
20.7078 -23.8362 0.7000
20.7532 -23.8149 0.7000
20.7918 -23.7829 0.7000
20.8213 -23.7424 0.7000
20.8397 -23.6957 0.7000
20.8460 -23.6460 0.8000
20.8397 -23.5963 0.8000
20.8213 -23.5496 0.8000
20.7918 -23.5091 0.8000
20.7532 -23.4771 0.8000
20.7078 -23.4558 0.8000
20.6586 -23.4464 0.8000
20.6085 -23.4495 0.8000
20.5608 -23.4650 0.8000
20.5185 -23.4919 0.8000
20.4842 -23.5284 0.8000
20.4600 -23.5724 0.8000
20.4476 -23.6209 0.8000
20.4476 -23.6711 0.8000
20.4600 -23.7196 0.8000
20.4842 -23.7636 0.8000
20.5185 -23.8001 0.8000
20.5608 -23.8270 0.8000
20.6085 -23.8425 0.8000
20.6586 -23.8456 0.8000
20.7078 -23.8362 0.8000
20.7532 -23.8149 0.8000
20.7918 -23.7829 0.8000
20.8213 -23.7424 0.8000
20.8397 -23.6957 0.8000
20.8460 -23.6460 0.9000
20.8397 -23.5963 0.9000
20.8213 -23.5496 0.9000
20.7918 -23.5091 0.9000
20.7532 -23.4771 0.9000
20.7078 -23.4558 0.9000
20.6586 -23.4464 0.9000
20.6085 -23.4495 0.9000
20.5608 -23.4650 0.9000
20.5185 -23.4919 0.9000
20.4842 -23.5284 0.9000
20.4600 -23.5724 0.9000
20.4476 -23.6209 0.9000
20.4476 -23.6711 0.9000
20.4600 -23.7196 0.9000
20.4842 -23.7636 0.9000
20.5185 -23.8001 0.9000
20.5608 -23.8270 0.9000
20.6085 -23.8425 0.9000
20.6586 -23.8456 0.9000
20.7078 -23.8362 0.9000
20.7532 -23.8149 0.9000
20.7918 -23.7829 0.9000
20.8213 -23.7424 0.9000
20.8397 -23.6957 0.9000
20.8460 -23.6460 1.0000
20.8397 -23.5963 1.0000
20.8213 -23.5496 1.0000
20.7918 -23.5091 1.0000
20.7532 -23.4771 1.0000
20.7078 -23.4558 1.0000
20.6586 -23.4464 1.0000
20.6085 -23.4495 1.0000
20.5608 -23.4650 1.0000
20.5185 -23.4919 1.0000
20.4842 -23.5284 1.0000
20.4600 -23.5724 1.0000
20.4476 -23.6209 1.0000
20.4476 -23.6711 1.0000
20.4600 -23.7196 1.0000
20.4842 -23.7636 1.0000
20.5185 -23.8001 1.0000
20.5608 -23.8270 1.0000
20.6085 -23.8425 1.0000
20.6586 -23.8456 1.0000
20.7078 -23.8362 1.0000
20.7532 -23.8149 1.0000
20.7918 -23.7829 1.0000
20.8213 -23.7424 1.0000
20.8397 -23.6957 1.0000
20.8460 -23.6460 1.1000
20.8397 -23.5963 1.1000
20.8213 -23.5496 1.1000
20.7918 -23.5091 1.1000
20.7532 -23.4771 1.1000
20.7078 -23.4558 1.1000
20.6586 -23.4464 1.1000
20.6085 -23.4495 1.1000
20.5608 -23.4650 1.1000
20.5185 -23.4919 1.1000
20.4842 -23.5284 1.1000
20.4600 -23.5724 1.1000
20.4476 -23.6209 1.1000
20.4476 -23.6711 1.1000
20.4600 -23.7196 1.1000
20.4842 -23.7636 1.1000
20.5185 -23.8001 1.1000
20.5608 -23.8270 1.1000
20.6085 -23.8425 1.1000
20.6586 -23.8456 1.1000
20.7078 -23.8362 1.1000
20.7532 -23.8149 1.1000
20.7918 -23.7829 1.1000
20.8213 -23.7424 1.1000
20.8397 -23.6957 1.1000
20.8460 -23.6460 1.2000
20.8397 -23.5963 1.2000
20.8213 -23.5496 1.2000
20.7918 -23.5091 1.2000
20.7532 -23.4771 1.2000
20.7078 -23.4558 1.2000
20.6586 -23.4464 1.2000
20.6085 -23.4495 1.2000
20.5608 -23.4650 1.2000
20.5185 -23.4919 1.2000
20.4842 -23.5284 1.2000
20.4600 -23.5724 1.2000
20.4476 -23.6209 1.2000
20.4476 -23.6711 1.2000
20.4600 -23.7196 1.2000
20.4842 -23.7636 1.2000
20.5185 -23.8001 1.2000
20.5608 -23.8270 1.2000
20.6085 -23.8425 1.2000
20.6586 -23.8456 1.2000
20.7078 -23.8362 1.2000
20.7532 -23.8149 1.2000
20.7918 -23.7829 1.2000
20.8213 -23.7424 1.2000
20.8397 -23.6957 1.2000
20.8460 -23.6460 1.3000
20.8397 -23.5963 1.3000
20.8213 -23.5496 1.3000
20.7918 -23.5091 1.3000
20.7532 -23.4771 1.3000
20.7078 -23.4558 1.3000
20.6586 -23.4464 1.3000
20.6085 -23.4495 1.3000
20.5608 -23.4650 1.3000
20.5185 -23.4919 1.3000
20.4842 -23.5284 1.3000
20.4600 -23.5724 1.3000
20.4476 -23.6209 1.3000
20.4476 -23.6711 1.3000
20.4600 -23.7196 1.3000
20.4842 -23.7636 1.3000
20.5185 -23.8001 1.3000
20.5608 -23.8270 1.3000
20.6085 -23.8425 1.3000
20.6586 -23.8456 1.3000
20.7078 -23.8362 1.3000
20.7532 -23.8149 1.3000
20.7918 -23.7829 1.3000
20.8213 -23.7424 1.3000
20.8397 -23.6957 1.3000
20.8460 -23.6460 1.4000
20.8397 -23.5963 1.4000
20.8213 -23.5496 1.4000
20.7918 -23.5091 1.4000
20.7532 -23.4771 1.4000
20.7078 -23.4558 1.4000
20.6586 -23.4464 1.4000
20.6085 -23.4495 1.4000
20.5608 -23.4650 1.4000
20.5185 -23.4919 1.4000
20.4842 -23.5284 1.4000
20.4600 -23.5724 1.4000
20.4476 -23.6209 1.4000
20.4476 -23.6711 1.4000
20.4600 -23.7196 1.4000
20.4842 -23.7636 1.4000
20.5185 -23.8001 1.4000
20.5608 -23.8270 1.4000
20.6085 -23.8425 1.4000
20.6586 -23.8456 1.4000
20.7078 -23.8362 1.4000
20.7532 -23.8149 1.4000
20.7918 -23.7829 1.4000
20.8213 -23.7424 1.4000
20.8397 -23.6957 1.4000
20.8460 -23.6460 1.5000
20.8397 -23.5963 1.5000
20.8213 -23.5496 1.5000
20.7918 -23.5091 1.5000
20.7532 -23.4771 1.5000
20.7078 -23.4558 1.5000
20.6586 -23.4464 1.5000
20.6085 -23.4495 1.5000
20.5608 -23.4650 1.5000
20.5185 -23.4919 1.5000
20.4842 -23.5284 1.5000
20.4600 -23.5724 1.5000
20.4476 -23.6209 1.5000
20.4476 -23.6711 1.5000
20.4600 -23.7196 1.5000
20.4842 -23.7636 1.5000
20.5185 -23.8001 1.5000
20.5608 -23.8270 1.5000
20.6085 -23.8425 1.5000
20.6586 -23.8456 1.5000
20.7078 -23.8362 1.5000
20.7532 -23.8149 1.5000
20.7918 -23.7829 1.5000
20.8213 -23.7424 1.5000
20.8397 -23.6957 1.5000
20.8460 -23.6460 1.6000
20.8397 -23.5963 1.6000
20.8213 -23.5496 1.6000
20.7918 -23.5091 1.6000
20.7532 -23.4771 1.6000
20.7078 -23.4558 1.6000
20.6586 -23.4464 1.6000
20.6085 -23.4495 1.6000
20.5608 -23.4650 1.6000
20.5185 -23.4919 1.6000
20.4842 -23.5284 1.6000
20.4600 -23.5724 1.6000
20.4476 -23.6209 1.6000
20.4476 -23.6711 1.6000
20.4600 -23.7196 1.6000
20.4842 -23.7636 1.6000
20.5185 -23.8001 1.6000
20.5608 -23.8270 1.6000
20.6085 -23.8425 1.6000
20.6586 -23.8456 1.6000
20.7078 -23.8362 1.6000
20.7532 -23.8149 1.6000
20.7918 -23.7829 1.6000
20.8213 -23.7424 1.6000
20.8397 -23.6957 1.6000
20.8460 -23.6460 1.7000
20.8397 -23.5963 1.7000
20.8213 -23.5496 1.7000
20.7918 -23.5091 1.7000
20.7532 -23.4771 1.7000
20.7078 -23.4558 1.7000
20.6586 -23.4464 1.7000
20.6085 -23.4495 1.7000
20.5608 -23.4650 1.7000
20.5185 -23.4919 1.7000
20.4842 -23.5284 1.7000
20.4600 -23.5724 1.7000
20.4476 -23.6209 1.7000
20.4476 -23.6711 1.7000
20.4600 -23.7196 1.7000
20.4842 -23.7636 1.7000
20.5185 -23.8001 1.7000
20.5608 -23.8270 1.7000
20.6085 -23.8425 1.7000
20.6586 -23.8456 1.7000
20.7078 -23.8362 1.7000
20.7532 -23.8149 1.7000
20.7918 -23.7829 1.7000
20.8213 -23.7424 1.7000
20.8397 -23.6957 1.7000
20.8460 -23.6460 1.8000
20.8397 -23.5963 1.8000
20.8213 -23.5496 1.8000
20.7918 -23.5091 1.8000
20.7532 -23.4771 1.8000
20.7078 -23.4558 1.8000
20.6586 -23.4464 1.8000
20.6085 -23.4495 1.8000
20.5608 -23.4650 1.8000
20.5185 -23.4919 1.8000
20.4842 -23.5284 1.8000
20.4600 -23.5724 1.8000
20.4476 -23.6209 1.8000
20.4476 -23.6711 1.8000
20.4600 -23.7196 1.8000
20.4842 -23.7636 1.8000
20.5185 -23.8001 1.8000
20.5608 -23.8270 1.8000
20.6085 -23.8425 1.8000
20.6586 -23.8456 1.8000
20.7078 -23.8362 1.8000
20.7532 -23.8149 1.8000
20.7918 -23.7829 1.8000
20.8213 -23.7424 1.8000
20.8397 -23.6957 1.8000
20.8460 -23.6460 1.9000
20.8397 -23.5963 1.9000
20.8213 -23.5496 1.9000
20.7918 -23.5091 1.9000
20.7532 -23.4771 1.9000
20.7078 -23.4558 1.9000
20.6586 -23.4464 1.9000
20.6085 -23.4495 1.9000
20.5608 -23.4650 1.9000
20.5185 -23.4919 1.9000
20.4842 -23.5284 1.9000
20.4600 -23.5724 1.9000
20.4476 -23.6209 1.9000
20.4476 -23.6711 1.9000
20.4600 -23.7196 1.9000
20.4842 -23.7636 1.9000
20.5185 -23.8001 1.9000
20.5608 -23.8270 1.9000
20.6085 -23.8425 1.9000
20.6586 -23.8456 1.9000
20.7078 -23.8362 1.9000
20.7532 -23.8149 1.9000
20.7918 -23.7829 1.9000
20.8213 -23.7424 1.9000
20.8397 -23.6957 1.9000
20.8460 -23.6460 2.0000
20.8397 -23.5963 2.0000
20.8213 -23.5496 2.0000
20.7918 -23.5091 2.0000
20.7532 -23.4771 2.0000
20.7078 -23.4558 2.0000
20.6586 -23.4464 2.0000
20.6085 -23.4495 2.0000
20.5608 -23.4650 2.0000
20.5185 -23.4919 2.0000
20.4842 -23.5284 2.0000
20.4600 -23.5724 2.0000
20.4476 -23.6209 2.0000
20.4476 -23.6711 2.0000
20.4600 -23.7196 2.0000
20.4842 -23.7636 2.0000
20.5185 -23.8001 2.0000
20.5608 -23.8270 2.0000
20.6085 -23.8425 2.0000
20.6586 -23.8456 2.0000
20.7078 -23.8362 2.0000
20.7532 -23.8149 2.0000
20.7918 -23.7829 2.0000
20.8213 -23.7424 2.0000
20.8397 -23.6957 2.0000
20.8460 -23.6460 2.1000
20.8397 -23.5963 2.1000
20.8213 -23.5496 2.1000
20.7918 -23.5091 2.1000
20.7532 -23.4771 2.1000
20.7078 -23.4558 2.1000
20.6586 -23.4464 2.1000
20.6085 -23.4495 2.1000
20.5608 -23.4650 2.1000
20.5185 -23.4919 2.1000
20.4842 -23.5284 2.1000
20.4600 -23.5724 2.1000
20.4476 -23.6209 2.1000
20.4476 -23.6711 2.1000
20.4600 -23.7196 2.1000
20.4842 -23.7636 2.1000
20.5185 -23.8001 2.1000
20.5608 -23.8270 2.1000
20.6085 -23.8425 2.1000
20.6586 -23.8456 2.1000
20.7078 -23.8362 2.1000
20.7532 -23.8149 2.1000
20.7918 -23.7829 2.1000
20.8213 -23.7424 2.1000
20.8397 -23.6957 2.1000
20.8460 -23.6460 2.2000
20.8397 -23.5963 2.2000
20.8213 -23.5496 2.2000
20.7918 -23.5091 2.2000
20.7532 -23.4771 2.2000
20.7078 -23.4558 2.2000
20.6586 -23.4464 2.2000
20.6085 -23.4495 2.2000
20.5608 -23.4650 2.2000
20.5185 -23.4919 2.2000
20.4842 -23.5284 2.2000
20.4600 -23.5724 2.2000
20.4476 -23.6209 2.2000
20.4476 -23.6711 2.2000
20.4600 -23.7196 2.2000
20.4842 -23.7636 2.2000
20.5185 -23.8001 2.2000
20.5608 -23.8270 2.2000
20.6085 -23.8425 2.2000
20.6586 -23.8456 2.2000
20.7078 -23.8362 2.2000
20.7532 -23.8149 2.2000
20.7918 -23.7829 2.2000
20.8213 -23.7424 2.2000
20.8397 -23.6957 2.2000
20.8460 -23.6460 2.3000
20.8397 -23.5963 2.3000
20.8213 -23.5496 2.3000
20.7918 -23.5091 2.3000
20.7532 -23.4771 2.3000
20.7078 -23.4558 2.3000
20.6586 -23.4464 2.3000
20.6085 -23.4495 2.3000
20.5608 -23.4650 2.3000
20.5185 -23.4919 2.3000
20.4842 -23.5284 2.3000
20.4600 -23.5724 2.3000
20.4476 -23.6209 2.3000
20.4476 -23.6711 2.3000
20.4600 -23.7196 2.3000
20.4842 -23.7636 2.3000
20.5185 -23.8001 2.3000
20.5608 -23.8270 2.3000
20.6085 -23.8425 2.3000
20.6586 -23.8456 2.3000
20.7078 -23.8362 2.3000
20.7532 -23.8149 2.3000
20.7918 -23.7829 2.3000
20.8213 -23.7424 2.3000
20.8397 -23.6957 2.3000
20.8460 -23.6460 2.4000
20.8397 -23.5963 2.4000
20.8213 -23.5496 2.4000
20.7918 -23.5091 2.4000
20.7532 -23.4771 2.4000
20.7078 -23.4558 2.4000
20.6586 -23.4464 2.4000
20.6085 -23.4495 2.4000
20.5608 -23.4650 2.4000
20.5185 -23.4919 2.4000
20.4842 -23.5284 2.4000
20.4600 -23.5724 2.4000
20.4476 -23.6209 2.4000
20.4476 -23.6711 2.4000
20.4600 -23.7196 2.4000
20.4842 -23.7636 2.4000
20.5185 -23.8001 2.4000
20.5608 -23.8270 2.4000
20.6085 -23.8425 2.4000
20.6586 -23.8456 2.4000
20.7078 -23.8362 2.4000
20.7532 -23.8149 2.4000
20.7918 -23.7829 2.4000
20.8213 -23.7424 2.4000
20.8397 -23.6957 2.4000
20.8460 -23.6460 2.5000
20.8397 -23.5963 2.5000
20.8213 -23.5496 2.5000
20.7918 -23.5091 2.5000
20.7532 -23.4771 2.5000
20.7078 -23.4558 2.5000
20.6586 -23.4464 2.5000
20.6085 -23.4495 2.5000
20.5608 -23.4650 2.5000
20.5185 -23.4919 2.5000
20.4842 -23.5284 2.5000
20.4600 -23.5724 2.5000
20.4476 -23.6209 2.5000
20.4476 -23.6711 2.5000
20.4600 -23.7196 2.5000
20.4842 -23.7636 2.5000
20.5185 -23.8001 2.5000
20.5608 -23.8270 2.5000
20.6085 -23.8425 2.5000
20.6586 -23.8456 2.5000
20.7078 -23.8362 2.5000
20.7532 -23.8149 2.5000
20.7918 -23.7829 2.5000
20.8213 -23.7424 2.5000
20.8397 -23.6957 2.5000
20.8460 -23.6460 2.6000
20.8397 -23.5963 2.6000
20.8213 -23.5496 2.6000
20.7918 -23.5091 2.6000
20.7532 -23.4771 2.6000
20.7078 -23.4558 2.6000
20.6586 -23.4464 2.6000
20.6085 -23.4495 2.6000
20.5608 -23.4650 2.6000
20.5185 -23.4919 2.6000
20.4842 -23.5284 2.6000
20.4600 -23.5724 2.6000
20.4476 -23.6209 2.6000
20.4476 -23.6711 2.6000
20.4600 -23.7196 2.6000
20.4842 -23.7636 2.6000
20.5185 -23.8001 2.6000
20.5608 -23.8270 2.6000
20.6085 -23.8425 2.6000
20.6586 -23.8456 2.6000
20.7078 -23.8362 2.6000
20.7532 -23.8149 2.6000
20.7918 -23.7829 2.6000
20.8213 -23.7424 2.6000
20.8397 -23.6957 2.6000
20.8460 -23.6460 2.7000
20.8397 -23.5963 2.7000
20.8213 -23.5496 2.7000
20.7918 -23.5091 2.7000
20.7532 -23.4771 2.7000
20.7078 -23.4558 2.7000
20.6586 -23.4464 2.7000
20.6085 -23.4495 2.7000
20.5608 -23.4650 2.7000
20.5185 -23.4919 2.7000
20.4842 -23.5284 2.7000
20.4600 -23.5724 2.7000
20.4476 -23.6209 2.7000
20.4476 -23.6711 2.7000
20.4600 -23.7196 2.7000
20.4842 -23.7636 2.7000
20.5185 -23.8001 2.7000
20.5608 -23.8270 2.7000
20.6085 -23.8425 2.7000
20.6586 -23.8456 2.7000
20.7078 -23.8362 2.7000
20.7532 -23.8149 2.7000
20.7918 -23.7829 2.7000
20.8213 -23.7424 2.7000
20.8397 -23.6957 2.7000
20.8460 -23.6460 2.8000
20.8397 -23.5963 2.8000
20.8213 -23.5496 2.8000
20.7918 -23.5091 2.8000
20.7532 -23.4771 2.8000
20.7078 -23.4558 2.8000
20.6586 -23.4464 2.8000
20.6085 -23.4495 2.8000
20.5608 -23.4650 2.8000
20.5185 -23.4919 2.8000
20.4842 -23.5284 2.8000
20.4600 -23.5724 2.8000
20.4476 -23.6209 2.8000
20.4476 -23.6711 2.8000
20.4600 -23.7196 2.8000
20.4842 -23.7636 2.8000
20.5185 -23.8001 2.8000
20.5608 -23.8270 2.8000
20.6085 -23.8425 2.8000
20.6586 -23.8456 2.8000
20.7078 -23.8362 2.8000
20.7532 -23.8149 2.8000
20.7918 -23.7829 2.8000
20.8213 -23.7424 2.8000
20.8397 -23.6957 2.8000
20.8460 -23.6460 2.9000
20.8397 -23.5963 2.9000
20.8213 -23.5496 2.9000
20.7918 -23.5091 2.9000
20.7532 -23.4771 2.9000
20.7078 -23.4558 2.9000
20.6586 -23.4464 2.9000
20.6085 -23.4495 2.9000
20.5608 -23.4650 2.9000
20.5185 -23.4919 2.9000
20.4842 -23.5284 2.9000
20.4600 -23.5724 2.9000
20.4476 -23.6209 2.9000
20.4476 -23.6711 2.9000
20.4600 -23.7196 2.9000
20.4842 -23.7636 2.9000
20.5185 -23.8001 2.9000
20.5608 -23.8270 2.9000
20.6085 -23.8425 2.9000
20.6586 -23.8456 2.9000
20.7078 -23.8362 2.9000
20.7532 -23.8149 2.9000
20.7918 -23.7829 2.9000
20.8213 -23.7424 2.9000
20.8397 -23.6957 2.9000
20.8460 -23.6460 3.0000
20.8397 -23.5963 3.0000
20.8213 -23.5496 3.0000
20.7918 -23.5091 3.0000
20.7532 -23.4771 3.0000
20.7078 -23.4558 3.0000
20.6586 -23.4464 3.0000
20.6085 -23.4495 3.0000
20.5608 -23.4650 3.0000
20.5185 -23.4919 3.0000
20.4842 -23.5284 3.0000
20.4600 -23.5724 3.0000
20.4476 -23.6209 3.0000
20.4476 -23.6711 3.0000
20.4600 -23.7196 3.0000
20.4842 -23.7636 3.0000
20.5185 -23.8001 3.0000
20.5608 -23.8270 3.0000
20.6085 -23.8425 3.0000
20.6586 -23.8456 3.0000
20.7078 -23.8362 3.0000
20.7532 -23.8149 3.0000
20.7918 -23.7829 3.0000
20.8213 -23.7424 3.0000
20.8397 -23.6957 3.0000
20.4220 -23.2220 0.0000
20.4157 -23.1723 0.0000
20.3973 -23.1256 0.0000
20.3678 -23.0851 0.0000
20.3292 -23.0531 0.0000
20.2838 -23.0318 0.0000
20.2346 -23.0224 0.0000
20.1845 -23.0255 0.0000
20.1368 -23.0410 0.0000
20.0945 -23.0679 0.0000
20.0602 -23.1044 0.0000
20.0360 -23.1484 0.0000
20.0236 -23.1969 0.0000
20.0236 -23.2471 0.0000
20.0360 -23.2956 0.0000
20.0602 -23.3396 0.0000
20.0945 -23.3761 0.0000
20.1368 -23.4030 0.0000
20.1845 -23.4185 0.0000
20.2346 -23.4216 0.0000
20.2838 -23.4122 0.0000
20.3292 -23.3909 0.0000
20.3678 -23.3589 0.0000
20.3973 -23.3184 0.0000
20.4157 -23.2717 0.0000
20.4220 -23.2220 0.1000
20.4157 -23.1723 0.1000
20.3973 -23.1256 0.1000
20.3678 -23.0851 0.1000
20.3292 -23.0531 0.1000
20.2838 -23.0318 0.1000
20.2346 -23.0224 0.1000
20.1845 -23.0255 0.1000
20.1368 -23.0410 0.1000
20.0945 -23.0679 0.1000
20.0602 -23.1044 0.1000
20.0360 -23.1484 0.1000
20.0236 -23.1969 0.1000
20.0236 -23.2471 0.1000
20.0360 -23.2956 0.1000
20.0602 -23.3396 0.1000
20.0945 -23.3761 0.1000
20.1368 -23.4030 0.1000
20.1845 -23.4185 0.1000
20.2346 -23.4216 0.1000
20.2838 -23.4122 0.1000
20.3292 -23.3909 0.1000
20.3678 -23.3589 0.1000
20.3973 -23.3184 0.1000
20.4157 -23.2717 0.1000
20.4220 -23.2220 0.2000
20.4157 -23.1723 0.2000
20.3973 -23.1256 0.2000
20.3678 -23.0851 0.2000
20.3292 -23.0531 0.2000
20.2838 -23.0318 0.2000
20.2346 -23.0224 0.2000
20.1845 -23.0255 0.2000
20.1368 -23.0410 0.2000
20.0945 -23.0679 0.2000
20.0602 -23.1044 0.2000
20.0360 -23.1484 0.2000
20.0236 -23.1969 0.2000
20.0236 -23.2471 0.2000
20.0360 -23.2956 0.2000
20.0602 -23.3396 0.2000
20.0945 -23.3761 0.2000
20.1368 -23.4030 0.2000
20.1845 -23.4185 0.2000
20.2346 -23.4216 0.2000
20.2838 -23.4122 0.2000
20.3292 -23.3909 0.2000
20.3678 -23.3589 0.2000
20.3973 -23.3184 0.2000
20.4157 -23.2717 0.2000
20.4220 -23.2220 0.3000
20.4157 -23.1723 0.3000
20.3973 -23.1256 0.3000
20.3678 -23.0851 0.3000
20.3292 -23.0531 0.3000
20.2838 -23.0318 0.3000
20.2346 -23.0224 0.3000
20.1845 -23.0255 0.3000
20.1368 -23.0410 0.3000
20.0945 -23.0679 0.3000
20.0602 -23.1044 0.3000
20.0360 -23.1484 0.3000
20.0236 -23.1969 0.3000
20.0236 -23.2471 0.3000
20.0360 -23.2956 0.3000
20.0602 -23.3396 0.3000
20.0945 -23.3761 0.3000
20.1368 -23.4030 0.3000
20.1845 -23.4185 0.3000
20.2346 -23.4216 0.3000
20.2838 -23.4122 0.3000
20.3292 -23.3909 0.3000
20.3678 -23.3589 0.3000
20.3973 -23.3184 0.3000
20.4157 -23.2717 0.3000
20.4220 -23.2220 0.4000
20.4157 -23.1723 0.4000
20.3973 -23.1256 0.4000
20.3678 -23.0851 0.4000
20.3292 -23.0531 0.4000
20.2838 -23.0318 0.4000
20.2346 -23.0224 0.4000
20.1845 -23.0255 0.4000
20.1368 -23.0410 0.4000
20.0945 -23.0679 0.4000
20.0602 -23.1044 0.4000
20.0360 -23.1484 0.4000
20.0236 -23.1969 0.4000
20.0236 -23.2471 0.4000
20.0360 -23.2956 0.4000
20.0602 -23.3396 0.4000
20.0945 -23.3761 0.4000
20.1368 -23.4030 0.4000
20.1845 -23.4185 0.4000
20.2346 -23.4216 0.4000
20.2838 -23.4122 0.4000
20.3292 -23.3909 0.4000
20.3678 -23.3589 0.4000
20.3973 -23.3184 0.4000
20.4157 -23.2717 0.4000
20.4220 -23.2220 0.5000
20.4157 -23.1723 0.5000
20.3973 -23.1256 0.5000
20.3678 -23.0851 0.5000
20.3292 -23.0531 0.5000
20.2838 -23.0318 0.5000
20.2346 -23.0224 0.5000
20.1845 -23.0255 0.5000
20.1368 -23.0410 0.5000
20.0945 -23.0679 0.5000
20.0602 -23.1044 0.5000
20.0360 -23.1484 0.5000
20.0236 -23.1969 0.5000
20.0236 -23.2471 0.5000
20.0360 -23.2956 0.5000
20.0602 -23.3396 0.5000
20.0945 -23.3761 0.5000
20.1368 -23.4030 0.5000
20.1845 -23.4185 0.5000
20.2346 -23.4216 0.5000
20.2838 -23.4122 0.5000
20.3292 -23.3909 0.5000
20.3678 -23.3589 0.5000
20.3973 -23.3184 0.5000
20.4157 -23.2717 0.5000
20.4220 -23.2220 0.6000
20.4157 -23.1723 0.6000
20.3973 -23.1256 0.6000
20.3678 -23.0851 0.6000
20.3292 -23.0531 0.6000
20.2838 -23.0318 0.6000
20.2346 -23.0224 0.6000
20.1845 -23.0255 0.6000
20.1368 -23.0410 0.6000
20.0945 -23.0679 0.6000
20.0602 -23.1044 0.6000
20.0360 -23.1484 0.6000
20.0236 -23.1969 0.6000
20.0236 -23.2471 0.6000
20.0360 -23.2956 0.6000
20.0602 -23.3396 0.6000
20.0945 -23.3761 0.6000
20.1368 -23.4030 0.6000
20.1845 -23.4185 0.6000
20.2346 -23.4216 0.6000
20.2838 -23.4122 0.6000
20.3292 -23.3909 0.6000
20.3678 -23.3589 0.6000
20.3973 -23.3184 0.6000
20.4157 -23.2717 0.6000
20.4220 -23.2220 0.7000
20.4157 -23.1723 0.7000
20.3973 -23.1256 0.7000
20.3678 -23.0851 0.7000
20.3292 -23.0531 0.7000
20.2838 -23.0318 0.7000
20.2346 -23.0224 0.7000
20.1845 -23.0255 0.7000
20.1368 -23.0410 0.7000
20.0945 -23.0679 0.7000
20.0602 -23.1044 0.7000
20.0360 -23.1484 0.7000
20.0236 -23.1969 0.7000
20.0236 -23.2471 0.7000
20.0360 -23.2956 0.7000
20.0602 -23.3396 0.7000
20.0945 -23.3761 0.7000
20.1368 -23.4030 0.7000
20.1845 -23.4185 0.7000
20.2346 -23.4216 0.7000
20.2838 -23.4122 0.7000
20.3292 -23.3909 0.7000
20.3678 -23.3589 0.7000
20.3973 -23.3184 0.7000
20.4157 -23.2717 0.7000
20.4220 -23.2220 0.8000
20.4157 -23.1723 0.8000
20.3973 -23.1256 0.8000
20.3678 -23.0851 0.8000
20.3292 -23.0531 0.8000
20.2838 -23.0318 0.8000
20.2346 -23.0224 0.8000
20.1845 -23.0255 0.8000
20.1368 -23.0410 0.8000
20.0945 -23.0679 0.8000
20.0602 -23.1044 0.8000
20.0360 -23.1484 0.8000
20.0236 -23.1969 0.8000
20.0236 -23.2471 0.8000
20.0360 -23.2956 0.8000
20.0602 -23.3396 0.8000
20.0945 -23.3761 0.8000
20.1368 -23.4030 0.8000
20.1845 -23.4185 0.8000
20.2346 -23.4216 0.8000
20.2838 -23.4122 0.8000
20.3292 -23.3909 0.8000
20.3678 -23.3589 0.8000
20.3973 -23.3184 0.8000
20.4157 -23.2717 0.8000
20.4220 -23.2220 0.9000
20.4157 -23.1723 0.9000
20.3973 -23.1256 0.9000
20.3678 -23.0851 0.9000
20.3292 -23.0531 0.9000
20.2838 -23.0318 0.9000
20.2346 -23.0224 0.9000
20.1845 -23.0255 0.9000
20.1368 -23.0410 0.9000
20.0945 -23.0679 0.9000
20.0602 -23.1044 0.9000
20.0360 -23.1484 0.9000
20.0236 -23.1969 0.9000
20.0236 -23.2471 0.9000
20.0360 -23.2956 0.9000
20.0602 -23.3396 0.9000
20.0945 -23.3761 0.9000
20.1368 -23.4030 0.9000
20.1845 -23.4185 0.9000
20.2346 -23.4216 0.9000
20.2838 -23.4122 0.9000
20.3292 -23.3909 0.9000
20.3678 -23.3589 0.9000
20.3973 -23.3184 0.9000
20.4157 -23.2717 0.9000
20.4220 -23.2220 1.0000
20.4157 -23.1723 1.0000
20.3973 -23.1256 1.0000
20.3678 -23.0851 1.0000
20.3292 -23.0531 1.0000
20.2838 -23.0318 1.0000
20.2346 -23.0224 1.0000
20.1845 -23.0255 1.0000
20.1368 -23.0410 1.0000
20.0945 -23.0679 1.0000
20.0602 -23.1044 1.0000
20.0360 -23.1484 1.0000
20.0236 -23.1969 1.0000
20.0236 -23.2471 1.0000
20.0360 -23.2956 1.0000
20.0602 -23.3396 1.0000
20.0945 -23.3761 1.0000
20.1368 -23.4030 1.0000
20.1845 -23.4185 1.0000
20.2346 -23.4216 1.0000
20.2838 -23.4122 1.0000
20.3292 -23.3909 1.0000
20.3678 -23.3589 1.0000
20.3973 -23.3184 1.0000
20.4157 -23.2717 1.0000
20.4220 -23.2220 1.1000
20.4157 -23.1723 1.1000
20.3973 -23.1256 1.1000
20.3678 -23.0851 1.1000
20.3292 -23.0531 1.1000
20.2838 -23.0318 1.1000
20.2346 -23.0224 1.1000
20.1845 -23.0255 1.1000
20.1368 -23.0410 1.1000
20.0945 -23.0679 1.1000
20.0602 -23.1044 1.1000
20.0360 -23.1484 1.1000
20.0236 -23.1969 1.1000
20.0236 -23.2471 1.1000
20.0360 -23.2956 1.1000
20.0602 -23.3396 1.1000
20.0945 -23.3761 1.1000
20.1368 -23.4030 1.1000
20.1845 -23.4185 1.1000
20.2346 -23.4216 1.1000
20.2838 -23.4122 1.1000
20.3292 -23.3909 1.1000
20.3678 -23.3589 1.1000
20.3973 -23.3184 1.1000
20.4157 -23.2717 1.1000
20.4220 -23.2220 1.2000
20.4157 -23.1723 1.2000
20.3973 -23.1256 1.2000
20.3678 -23.0851 1.2000
20.3292 -23.0531 1.2000
20.2838 -23.0318 1.2000
20.2346 -23.0224 1.2000
20.1845 -23.0255 1.2000
20.1368 -23.0410 1.2000
20.0945 -23.0679 1.2000
20.0602 -23.1044 1.2000
20.0360 -23.1484 1.2000
20.0236 -23.1969 1.2000
20.0236 -23.2471 1.2000
20.0360 -23.2956 1.2000
20.0602 -23.3396 1.2000
20.0945 -23.3761 1.2000
20.1368 -23.4030 1.2000
20.1845 -23.4185 1.2000
20.2346 -23.4216 1.2000
20.2838 -23.4122 1.2000
20.3292 -23.3909 1.2000
20.3678 -23.3589 1.2000
20.3973 -23.3184 1.2000
20.4157 -23.2717 1.2000
20.4220 -23.2220 1.3000
20.4157 -23.1723 1.3000
20.3973 -23.1256 1.3000
20.3678 -23.0851 1.3000
20.3292 -23.0531 1.3000
20.2838 -23.0318 1.3000
20.2346 -23.0224 1.3000
20.1845 -23.0255 1.3000
20.1368 -23.0410 1.3000
20.0945 -23.0679 1.3000
20.0602 -23.1044 1.3000
20.0360 -23.1484 1.3000
20.0236 -23.1969 1.3000
20.0236 -23.2471 1.3000
20.0360 -23.2956 1.3000
20.0602 -23.3396 1.3000
20.0945 -23.3761 1.3000
20.1368 -23.4030 1.3000
20.1845 -23.4185 1.3000
20.2346 -23.4216 1.3000
20.2838 -23.4122 1.3000
20.3292 -23.3909 1.3000
20.3678 -23.3589 1.3000
20.3973 -23.3184 1.3000
20.4157 -23.2717 1.3000
20.4220 -23.2220 1.4000
20.4157 -23.1723 1.4000
20.3973 -23.1256 1.4000
20.3678 -23.0851 1.4000
20.3292 -23.0531 1.4000
20.2838 -23.0318 1.4000
20.2346 -23.0224 1.4000
20.1845 -23.0255 1.4000
20.1368 -23.0410 1.4000
20.0945 -23.0679 1.4000
20.0602 -23.1044 1.4000
20.0360 -23.1484 1.4000
20.0236 -23.1969 1.4000
20.0236 -23.2471 1.4000
20.0360 -23.2956 1.4000
20.0602 -23.3396 1.4000
20.0945 -23.3761 1.4000
20.1368 -23.4030 1.4000
20.1845 -23.4185 1.4000
20.2346 -23.4216 1.4000
20.2838 -23.4122 1.4000
20.3292 -23.3909 1.4000
20.3678 -23.3589 1.4000
20.3973 -23.3184 1.4000
20.4157 -23.2717 1.4000
20.4220 -23.2220 1.5000
20.4157 -23.1723 1.5000
20.3973 -23.1256 1.5000
20.3678 -23.0851 1.5000
20.3292 -23.0531 1.5000
20.2838 -23.0318 1.5000
20.2346 -23.0224 1.5000
20.1845 -23.0255 1.5000
20.1368 -23.0410 1.5000
20.0945 -23.0679 1.5000
20.0602 -23.1044 1.5000
20.0360 -23.1484 1.5000
20.0236 -23.1969 1.5000
20.0236 -23.2471 1.5000
20.0360 -23.2956 1.5000
20.0602 -23.3396 1.5000
20.0945 -23.3761 1.5000
20.1368 -23.4030 1.5000
20.1845 -23.4185 1.5000
20.2346 -23.4216 1.5000
20.2838 -23.4122 1.5000
20.3292 -23.3909 1.5000
20.3678 -23.3589 1.5000
20.3973 -23.3184 1.5000
20.4157 -23.2717 1.5000
20.4220 -23.2220 1.6000
20.4157 -23.1723 1.6000
20.3973 -23.1256 1.6000
20.3678 -23.0851 1.6000
20.3292 -23.0531 1.6000
20.2838 -23.0318 1.6000
20.2346 -23.0224 1.6000
20.1845 -23.0255 1.6000
20.1368 -23.0410 1.6000
20.0945 -23.0679 1.6000
20.0602 -23.1044 1.6000
20.0360 -23.1484 1.6000
20.0236 -23.1969 1.6000
20.0236 -23.2471 1.6000
20.0360 -23.2956 1.6000
20.0602 -23.3396 1.6000
20.0945 -23.3761 1.6000
20.1368 -23.4030 1.6000
20.1845 -23.4185 1.6000
20.2346 -23.4216 1.6000
20.2838 -23.4122 1.6000
20.3292 -23.3909 1.6000
20.3678 -23.3589 1.6000
20.3973 -23.3184 1.6000
20.4157 -23.2717 1.6000
20.4220 -23.2220 1.7000
20.4157 -23.1723 1.7000
20.3973 -23.1256 1.7000
20.3678 -23.0851 1.7000
20.3292 -23.0531 1.7000
20.2838 -23.0318 1.7000
20.2346 -23.0224 1.7000
20.1845 -23.0255 1.7000
20.1368 -23.0410 1.7000
20.0945 -23.0679 1.7000
20.0602 -23.1044 1.7000
20.0360 -23.1484 1.7000
20.0236 -23.1969 1.7000
20.0236 -23.2471 1.7000
20.0360 -23.2956 1.7000
20.0602 -23.3396 1.7000
20.0945 -23.3761 1.7000
20.1368 -23.4030 1.7000
20.1845 -23.4185 1.7000
20.2346 -23.4216 1.7000
20.2838 -23.4122 1.7000
20.3292 -23.3909 1.7000
20.3678 -23.3589 1.7000
20.3973 -23.3184 1.7000
20.4157 -23.2717 1.7000
20.4220 -23.2220 1.8000
20.4157 -23.1723 1.8000
20.3973 -23.1256 1.8000
20.3678 -23.0851 1.8000
20.3292 -23.0531 1.8000
20.2838 -23.0318 1.8000
20.2346 -23.0224 1.8000
20.1845 -23.0255 1.8000
20.1368 -23.0410 1.8000
20.0945 -23.0679 1.8000
20.0602 -23.1044 1.8000
20.0360 -23.1484 1.8000
20.0236 -23.1969 1.8000
20.0236 -23.2471 1.8000
20.0360 -23.2956 1.8000
20.0602 -23.3396 1.8000
20.0945 -23.3761 1.8000
20.1368 -23.4030 1.8000
20.1845 -23.4185 1.8000
20.2346 -23.4216 1.8000
20.2838 -23.4122 1.8000
20.3292 -23.3909 1.8000
20.3678 -23.3589 1.8000
20.3973 -23.3184 1.8000
20.4157 -23.2717 1.8000
20.4220 -23.2220 1.9000
20.4157 -23.1723 1.9000
20.3973 -23.1256 1.9000
20.3678 -23.0851 1.9000
20.3292 -23.0531 1.9000
20.2838 -23.0318 1.9000
20.2346 -23.0224 1.9000
20.1845 -23.0255 1.9000
20.1368 -23.0410 1.9000
20.0945 -23.0679 1.9000
20.0602 -23.1044 1.9000
20.0360 -23.1484 1.9000
20.0236 -23.1969 1.9000
20.0236 -23.2471 1.9000
20.0360 -23.2956 1.9000
20.0602 -23.3396 1.9000
20.0945 -23.3761 1.9000
20.1368 -23.4030 1.9000
20.1845 -23.4185 1.9000
20.2346 -23.4216 1.9000
20.2838 -23.4122 1.9000
20.3292 -23.3909 1.9000
20.3678 -23.3589 1.9000
20.3973 -23.3184 1.9000
20.4157 -23.2717 1.9000
20.4220 -23.2220 2.0000
20.4157 -23.1723 2.0000
20.3973 -23.1256 2.0000
20.3678 -23.0851 2.0000
20.3292 -23.0531 2.0000
20.2838 -23.0318 2.0000
20.2346 -23.0224 2.0000
20.1845 -23.0255 2.0000
20.1368 -23.0410 2.0000
20.0945 -23.0679 2.0000
20.0602 -23.1044 2.0000
20.0360 -23.1484 2.0000
20.0236 -23.1969 2.0000
20.0236 -23.2471 2.0000
20.0360 -23.2956 2.0000
20.0602 -23.3396 2.0000
20.0945 -23.3761 2.0000
20.1368 -23.4030 2.0000
20.1845 -23.4185 2.0000
20.2346 -23.4216 2.0000
20.2838 -23.4122 2.0000
20.3292 -23.3909 2.0000
20.3678 -23.3589 2.0000
20.3973 -23.3184 2.0000
20.4157 -23.2717 2.0000
20.4220 -23.2220 2.1000
20.4157 -23.1723 2.1000
20.3973 -23.1256 2.1000
20.3678 -23.0851 2.1000
20.3292 -23.0531 2.1000
20.2838 -23.0318 2.1000
20.2346 -23.0224 2.1000
20.1845 -23.0255 2.1000
20.1368 -23.0410 2.1000
20.0945 -23.0679 2.1000
20.0602 -23.1044 2.1000
20.0360 -23.1484 2.1000
20.0236 -23.1969 2.1000
20.0236 -23.2471 2.1000
20.0360 -23.2956 2.1000
20.0602 -23.3396 2.1000
20.0945 -23.3761 2.1000
20.1368 -23.4030 2.1000
20.1845 -23.4185 2.1000
20.2346 -23.4216 2.1000
20.2838 -23.4122 2.1000
20.3292 -23.3909 2.1000
20.3678 -23.3589 2.1000
20.3973 -23.3184 2.1000
20.4157 -23.2717 2.1000
20.4220 -23.2220 2.2000
20.4157 -23.1723 2.2000
20.3973 -23.1256 2.2000
20.3678 -23.0851 2.2000
20.3292 -23.0531 2.2000
20.2838 -23.0318 2.2000
20.2346 -23.0224 2.2000
20.1845 -23.0255 2.2000
20.1368 -23.0410 2.2000
20.0945 -23.0679 2.2000
20.0602 -23.1044 2.2000
20.0360 -23.1484 2.2000
20.0236 -23.1969 2.2000
20.0236 -23.2471 2.2000
20.0360 -23.2956 2.2000
20.0602 -23.3396 2.2000
20.0945 -23.3761 2.2000
20.1368 -23.4030 2.2000
20.1845 -23.4185 2.2000
20.2346 -23.4216 2.2000
20.2838 -23.4122 2.2000
20.3292 -23.3909 2.2000
20.3678 -23.3589 2.2000
20.3973 -23.3184 2.2000
20.4157 -23.2717 2.2000
20.4220 -23.2220 2.3000
20.4157 -23.1723 2.3000
20.3973 -23.1256 2.3000
20.3678 -23.0851 2.3000
20.3292 -23.0531 2.3000
20.2838 -23.0318 2.3000
20.2346 -23.0224 2.3000
20.1845 -23.0255 2.3000
20.1368 -23.0410 2.3000
20.0945 -23.0679 2.3000
20.0602 -23.1044 2.3000
20.0360 -23.1484 2.3000
20.0236 -23.1969 2.3000
20.0236 -23.2471 2.3000
20.0360 -23.2956 2.3000
20.0602 -23.3396 2.3000
20.0945 -23.3761 2.3000
20.1368 -23.4030 2.3000
20.1845 -23.4185 2.3000
20.2346 -23.4216 2.3000
20.2838 -23.4122 2.3000
20.3292 -23.3909 2.3000
20.3678 -23.3589 2.3000
20.3973 -23.3184 2.3000
20.4157 -23.2717 2.3000
20.4220 -23.2220 2.4000
20.4157 -23.1723 2.4000
20.3973 -23.1256 2.4000
20.3678 -23.0851 2.4000
20.3292 -23.0531 2.4000
20.2838 -23.0318 2.4000
20.2346 -23.0224 2.4000
20.1845 -23.0255 2.4000
20.1368 -23.0410 2.4000
20.0945 -23.0679 2.4000
20.0602 -23.1044 2.4000
20.0360 -23.1484 2.4000
20.0236 -23.1969 2.4000
20.0236 -23.2471 2.4000
20.0360 -23.2956 2.4000
20.0602 -23.3396 2.4000
20.0945 -23.3761 2.4000
20.1368 -23.4030 2.4000
20.1845 -23.4185 2.4000
20.2346 -23.4216 2.4000
20.2838 -23.4122 2.4000
20.3292 -23.3909 2.4000
20.3678 -23.3589 2.4000
20.3973 -23.3184 2.4000
20.4157 -23.2717 2.4000
20.4220 -23.2220 2.5000
20.4157 -23.1723 2.5000
20.3973 -23.1256 2.5000
20.3678 -23.0851 2.5000
20.3292 -23.0531 2.5000
20.2838 -23.0318 2.5000
20.2346 -23.0224 2.5000
20.1845 -23.0255 2.5000
20.1368 -23.0410 2.5000
20.0945 -23.0679 2.5000
20.0602 -23.1044 2.5000
20.0360 -23.1484 2.5000
20.0236 -23.1969 2.5000
20.0236 -23.2471 2.5000
20.0360 -23.2956 2.5000
20.0602 -23.3396 2.5000
20.0945 -23.3761 2.5000
20.1368 -23.4030 2.5000
20.1845 -23.4185 2.5000
20.2346 -23.4216 2.5000
20.2838 -23.4122 2.5000
20.3292 -23.3909 2.5000
20.3678 -23.3589 2.5000
20.3973 -23.3184 2.5000
20.4157 -23.2717 2.5000
20.4220 -23.2220 2.6000
20.4157 -23.1723 2.6000
20.3973 -23.1256 2.6000
20.3678 -23.0851 2.6000
20.3292 -23.0531 2.6000
20.2838 -23.0318 2.6000
20.2346 -23.0224 2.6000
20.1845 -23.0255 2.6000
20.1368 -23.0410 2.6000
20.0945 -23.0679 2.6000
20.0602 -23.1044 2.6000
20.0360 -23.1484 2.6000
20.0236 -23.1969 2.6000
20.0236 -23.2471 2.6000
20.0360 -23.2956 2.6000
20.0602 -23.3396 2.6000
20.0945 -23.3761 2.6000
20.1368 -23.4030 2.6000
20.1845 -23.4185 2.6000
20.2346 -23.4216 2.6000
20.2838 -23.4122 2.6000
20.3292 -23.3909 2.6000
20.3678 -23.3589 2.6000
20.3973 -23.3184 2.6000
20.4157 -23.2717 2.6000
20.4220 -23.2220 2.7000
20.4157 -23.1723 2.7000
20.3973 -23.1256 2.7000
20.3678 -23.0851 2.7000
20.3292 -23.0531 2.7000
20.2838 -23.0318 2.7000
20.2346 -23.0224 2.7000
20.1845 -23.0255 2.7000
20.1368 -23.0410 2.7000
20.0945 -23.0679 2.7000
20.0602 -23.1044 2.7000
20.0360 -23.1484 2.7000
20.0236 -23.1969 2.7000
20.0236 -23.2471 2.7000
20.0360 -23.2956 2.7000
20.0602 -23.3396 2.7000
20.0945 -23.3761 2.7000
20.1368 -23.4030 2.7000
20.1845 -23.4185 2.7000
20.2346 -23.4216 2.7000
20.2838 -23.4122 2.7000
20.3292 -23.3909 2.7000
20.3678 -23.3589 2.7000
20.3973 -23.3184 2.7000
20.4157 -23.2717 2.7000
20.4220 -23.2220 2.8000
20.4157 -23.1723 2.8000
20.3973 -23.1256 2.8000
20.3678 -23.0851 2.8000
20.3292 -23.0531 2.8000
20.2838 -23.0318 2.8000
20.2346 -23.0224 2.8000
20.1845 -23.0255 2.8000
20.1368 -23.0410 2.8000
20.0945 -23.0679 2.8000
20.0602 -23.1044 2.8000
20.0360 -23.1484 2.8000
20.0236 -23.1969 2.8000
20.0236 -23.2471 2.8000
20.0360 -23.2956 2.8000
20.0602 -23.3396 2.8000
20.0945 -23.3761 2.8000
20.1368 -23.4030 2.8000
20.1845 -23.4185 2.8000
20.2346 -23.4216 2.8000
20.2838 -23.4122 2.8000
20.3292 -23.3909 2.8000
20.3678 -23.3589 2.8000
20.3973 -23.3184 2.8000
20.4157 -23.2717 2.8000
20.4220 -23.2220 2.9000
20.4157 -23.1723 2.9000
20.3973 -23.1256 2.9000
20.3678 -23.0851 2.9000
20.3292 -23.0531 2.9000
20.2838 -23.0318 2.9000
20.2346 -23.0224 2.9000
20.1845 -23.0255 2.9000
20.1368 -23.0410 2.9000
20.0945 -23.0679 2.9000
20.0602 -23.1044 2.9000
20.0360 -23.1484 2.9000
20.0236 -23.1969 2.9000
20.0236 -23.2471 2.9000
20.0360 -23.2956 2.9000
20.0602 -23.3396 2.9000
20.0945 -23.3761 2.9000
20.1368 -23.4030 2.9000
20.1845 -23.4185 2.9000
20.2346 -23.4216 2.9000
20.2838 -23.4122 2.9000
20.3292 -23.3909 2.9000
20.3678 -23.3589 2.9000
20.3973 -23.3184 2.9000
20.4157 -23.2717 2.9000
20.4220 -23.2220 3.0000
20.4157 -23.1723 3.0000
20.3973 -23.1256 3.0000
20.3678 -23.0851 3.0000
20.3292 -23.0531 3.0000
20.2838 -23.0318 3.0000
20.2346 -23.0224 3.0000
20.1845 -23.0255 3.0000
20.1368 -23.0410 3.0000
20.0945 -23.0679 3.0000
20.0602 -23.1044 3.0000
20.0360 -23.1484 3.0000
20.0236 -23.1969 3.0000
20.0236 -23.2471 3.0000
20.0360 -23.2956 3.0000
20.0602 -23.3396 3.0000
20.0945 -23.3761 3.0000
20.1368 -23.4030 3.0000
20.1845 -23.4185 3.0000
20.2346 -23.4216 3.0000
20.2838 -23.4122 3.0000
20.3292 -23.3909 3.0000
20.3678 -23.3589 3.0000
20.3973 -23.3184 3.0000
20.4157 -23.2717 3.0000
