[INFO] [launch]: All log files can be found below /root/.ros/log/2026-09-16-20-33-58-518401-livox-3372011
[INFO] [launch]: Default logging verbosity is set to INFO
[INFO] [waypoint_mission-1]: process started with pid [3372016]
[INFO] [perfect_drone_full_node-2]: process started with pid [3372018]
[waypoint_mission-1] [WARN] [1789558438.567953449] [waypoint_mission]:  -- [MissionPlanner] Load config by file name: /root/super_ws/src/SUPER/mission_planner/config/waypoint.yaml
[waypoint_mission-1] [WARN] [1789558438.568038580] [waypoint_mission]:  -- [MissionPlanner] Load data by file name: /root/super_ws/src/SUPER/mission_planner/data/loop24.txt
[waypoint_mission-1] [INFO] [1789558438.572258323] [waypoint_mission]: [MISSION_GOAL_IDENTITY_SETTINGS] enabled=1 executor=single callbacks_serialized=1 timers_qos_unchanged=1
[perfect_drone_full_node-2] [INFO] [1789558438.652213094] [perfect_drone_full_config]: [COMMON_EXECUTOR_SETTINGS] side_threads=3 default_threads=10
[perfect_drone_full_node-2] [INFO] [1789558438.652322167] [perfect_drone_full_config]: [STATIC_PC_EXECUTOR_SETTINGS] dedicated=1 single_thread=1 timer_geometry_qos_unchanged=1
[perfect_drone_full_node-2] Load config file: /root/super_ws/install/super_planner/share/super_planner/config/static_seedmaps_guard_viability_tight_v7.yaml
[perfect_drone_full_node-2] [0;32m Load param fsm/timer_en success: [0;0m1
[perfect_drone_full_node-2] [0;32m Load param super_planner/detailed_log_en success: [0;0m0
[perfect_drone_full_node-2] [0;32m Load param super_planner/detailed_log_max_entries success: [0;0m64
[perfect_drone_full_node-2] [0;32m Load param fsm/click_goal_en success: [0;0m1
[perfect_drone_full_node-2] [0;32m Load param fsm/click_yaw_en success: [0;0m1
[perfect_drone_full_node-2] [0;32m Load param fsm/replan_rate success: [0;0m15
[perfect_drone_full_node-2] [0;32m Load param fsm/click_height success: [0;0m1.5
[perfect_drone_full_node-2] [0;32m Load param fsm/cmd_topic success: [0;0m/planning/pos_cmd
[perfect_drone_full_node-2] [0;32m Load param fsm/mpc_cmd_topic success: [0;0m/planning_cmd/poly_traj
[perfect_drone_full_node-2] [0;32m Load param fsm/click_goal_topic success: [0;0m/planning/click_goal
[perfect_drone_full_node-2] [0;32m Load param fsm/map_readiness/enable success: [0;0m1
[perfect_drone_full_node-2] [0;32m Load param fsm/map_readiness/min_accepted_scans success: [0;0m5
[perfect_drone_full_node-2] [0;32m Load param fsm/map_readiness/min_committed_scans success: [0;0m5
[perfect_drone_full_node-2] [0;32m Load param fsm/map_readiness/max_commit_lag_scans success: [0;0m5
[perfect_drone_full_node-2] [0;32m Load param fsm/map_readiness/min_scan_span_s success: [0;0m1
[perfect_drone_full_node-2] [0;32m Load param fsm/map_readiness/max_cloud_age_s success: [0;0m0.75
[perfect_drone_full_node-2] [0;32m Load param fsm/map_readiness/max_map_age_s success: [0;0m0.55
[perfect_drone_full_node-2] [0;32m Load param fsm/trajectory_guard/enable success: [0;0m1
[perfect_drone_full_node-2] [0;33m Load param fsm/event_recovery/enable failed, use default value: [0;0m0
[perfect_drone_full_node-2] [0;33m Load param fsm/trajectory_guard/same_map_replan_coalesce_enable failed, use default value: [0;0m0
[perfect_drone_full_node-2] [0;33m Load param fsm/trajectory_guard/same_map_replan_min_interval_s failed, use default value: [0;0m0
[perfect_drone_full_node-2] [0;32m Load param fsm/trajectory_guard/shadow success: [0;0m0
[perfect_drone_full_node-2] [0;32m Load param fsm/trajectory_guard/max_map_age_s success: [0;0m0.75
[perfect_drone_full_node-2] [0;32m Load param fsm/trajectory_guard/brake_trigger_map_age_s success: [0;0m0.55
[perfect_drone_full_node-2] [0;32m Load param fsm/trajectory_guard/brake_trigger_high_speed_map_age_s success: [0;0m0.5
[perfect_drone_full_node-2] [0;32m Load param fsm/trajectory_guard/brake_trigger_low_speed_mps success: [0;0m2.5
[perfect_drone_full_node-2] [0;32m Load param fsm/trajectory_guard/brake_trigger_high_speed_mps success: [0;0m3.5
[perfect_drone_full_node-2] [0;33m Load param fsm/trajectory_guard/full_refresh_ack_sla_s failed, use default value: [0;0m0
[perfect_drone_full_node-2] [0;32m Load param fsm/trajectory_guard/raw_cloud/enable success: [0;0m0
[perfect_drone_full_node-2] [0;33m Load param fsm/trajectory_guard/raw_cloud/source_topic failed, use default value: [0;0m
[perfect_drone_full_node-2] [0;32m Load param fsm/trajectory_guard/raw_cloud/max_age_s success: [0;0m0.75
[perfect_drone_full_node-2] [0;32m Load param fsm/trajectory_guard/raw_cloud/clearance_m success: [0;0m0.3
[perfect_drone_full_node-2] [0;32m Load param fsm/trajectory_guard/validation_sample_dt_s success: [0;0m0.005
[perfect_drone_full_node-2] [0;32m Load param fsm/trajectory_guard/shadow_min_interval_s success: [0;0m0
[perfect_drone_full_node-2] [0;32m Load param fsm/trajectory_guard/additional_clearance_m success: [0;0m0
[perfect_drone_full_node-2] [0;33m Load param fsm/trajectory_guard/brake_min_duration_s failed, use default value: [0;0m0.4
[perfect_drone_full_node-2] [0;32m Load param fsm/trajectory_guard/brake_max_duration_s success: [0;0m3
[perfect_drone_full_node-2] [0;32m Load param fsm/trajectory_guard/brake_max_acc_mps2 success: [0;0m20
[perfect_drone_full_node-2] [0;32m Load param fsm/trajectory_guard/brake_max_jerk_mps3 success: [0;0m120
[perfect_drone_full_node-2] [0;32m Load param fsm/trajectory_guard/brake_command_max_age_s success: [0;0m0.1
[perfect_drone_full_node-2] [0;32m Load param fsm/trajectory_guard/brake_command_max_position_error_m success: [0;0m0.5
[perfect_drone_full_node-2] [0;32m Load param fsm/trajectory_guard/brake_command_max_velocity_error_mps success: [0;0m2
[perfect_drone_full_node-2] [0;32m Load param fsm/trajectory_guard/brake_retry_interval_s success: [0;0m0.1
[perfect_drone_full_node-2] [0;32m Load param fsm/trajectory_guard/unknown_as_occupied success: [0;0m1
[perfect_drone_full_node-2] [0;33m Load param fsm/trajectory_guard/raw_cloud/ciri_shadow_en failed, use default value: [0;0m0
[perfect_drone_full_node-2] [0;33m Load param fsm/trajectory_guard/raw_cloud/accum_window_s failed, use default value: [0;0m1.5
[perfect_drone_full_node-2] [0;33m Load param fsm/trajectory_guard/raw_cloud/ciri_min_points failed, use default value: [0;0m200
[perfect_drone_full_node-2] [0;33m Load param fsm/trajectory_guard/raw_cloud/ciri_voxel_m failed, use default value: [0;0m0.1
[perfect_drone_full_node-2] [0;33m Load param fsm/trajectory_guard/raw_cloud/near_field_shadow_en failed, use default value: [0;0m0
[perfect_drone_full_node-2] [0;33m Load param fsm/trajectory_guard/raw_cloud/near_field_clearance_m failed, use default value: [0;0m0.2
[perfect_drone_full_node-2] [0;33m Load param fsm/trajectory_guard/raw_cloud/near_field_horizon_s failed, use default value: [0;0m1
[perfect_drone_full_node-2] [0;33m Load param fsm/trajectory_guard/raw_cloud/near_field_sample_dt_s failed, use default value: [0;0m0.01
[perfect_drone_full_node-2] [0;33m Load param fsm/trajectory_guard/raw_cloud/near_field_min_interval_s failed, use default value: [0;0m0.1
[perfect_drone_full_node-2] [0;33m Load param fsm/trajectory_guard/raw_cloud/near_field_min_points failed, use default value: [0;0m200
[perfect_drone_full_node-2] [0;33m Load param fsm/trajectory_guard/raw_cloud/near_field_voxel_m failed, use default value: [0;0m0
[perfect_drone_full_node-2] [0;33m Load param fsm/trajectory_guard/raw_cloud/near_field_test_replay_mode failed, use default value: [0;0m0
[perfect_drone_full_node-2] [0;33m Load param fsm/trajectory_guard/raw_cloud/near_field_enforce_en failed, use default value: [0;0m0
[perfect_drone_full_node-2] [0;33m Load param fsm/trajectory_guard/raw_cloud/near_field_result_max_age_s failed, use default value: [0;0m0.2
[perfect_drone_full_node-2] [0;33m Load param fsm/trajectory_guard/raw_cloud/near_field_max_sequence_lag failed, use default value: [0;0m1
[perfect_drone_full_node-2] [0;33m Load param fsm/trajectory_guard/raw_cloud/near_field_egress_tolerance_m failed, use default value: [0;0m0.005
[perfect_drone_full_node-2] [0;33m Load param fsm/trajectory_guard/raw_cloud/near_field_egress_min_progress_m failed, use default value: [0;0m0.02
[perfect_drone_full_node-2] [0;33m Load param fsm/trajectory_guard/frontend_risk/shadow_en failed, use default value: [0;0m0
[perfect_drone_full_node-2] [0;33m Load param fsm/trajectory_guard/frontend_risk/enforce_en failed, use default value: [0;0m0
[perfect_drone_full_node-2] [0;33m Load param fsm/trajectory_guard/frontend_risk/topic failed, use default value: [0;0m/planning/trajectory_risk_verdict
[perfect_drone_full_node-2] [0;33m Load param fsm/trajectory_guard/frontend_risk/result_max_age_s failed, use default value: [0;0m0.2
[perfect_drone_full_node-2] [0;33m Load param fsm/trajectory_guard/frontend_risk/source_max_age_s failed, use default value: [0;0m0.75
[perfect_drone_full_node-2] [0;33m Load param fsm/trajectory_guard/frontend_risk/current_body_enforce_en failed, use default value: [0;0m0
[perfect_drone_full_node-2] [0;33m Load param fsm/trajectory_guard/frontend_risk/current_body_result_max_age_s failed, use default value: [0;0m0.15
[perfect_drone_full_node-2] [0;33m Load param fsm/trajectory_guard/frontend_risk/current_body_source_max_age_s failed, use default value: [0;0m0.2
[perfect_drone_full_node-2] [0;32m Load param super_planner/yaw_dot_max success: [0;0m3
[perfect_drone_full_node-2] [0;32m Load param super_planner/visualization_en success: [0;0m0
[perfect_drone_full_node-2] [0;32m Load param rog_map/resolution success: [0;0m0.05
[perfect_drone_full_node-2] Load config file: /root/super_ws/install/super_planner/share/super_planner/config/static_seedmaps_guard_viability_tight_v7.yaml
[perfect_drone_full_node-2] [0;32m Load param rog_map/esdf/resolution success: [0;0m0.1
[perfect_drone_full_node-2] [0;32m Load param rog_map/esdf/enable success: [0;0m0
[perfect_drone_full_node-2] [0;32m Load param rog_map/esdf/local_update_box success: [0;0m[5 5 3 ]
[perfect_drone_full_node-2] [0;32m Load param rog_map/load_pcd_en success: [0;0m0
[perfect_drone_full_node-2] [0;32m Load param rog_map/map_sliding/enable success: [0;0m0
[perfect_drone_full_node-2] [0;32m Load param rog_map/map_sliding/threshold success: [0;0m3
[perfect_drone_full_node-2] [0;32m Load param rog_map/fix_map_origin success: [0;0m[0 0 1.5 ]
[perfect_drone_full_node-2] [0;32m Load param rog_map/frontier_extraction_en success: [0;0m0
[perfect_drone_full_node-2] [0;32m Load param rog_map/ros_callback/enable success: [0;0m1
[perfect_drone_full_node-2] [0;32m Load param rog_map/ros_callback/cloud_topic success: [0;0m/cloud_registered
[perfect_drone_full_node-2] [0;33m Load param rog_map/ros_callback/cloud_reliable failed, use default value: [0;0m0
[perfect_drone_full_node-2] [0;32m Load param rog_map/ros_callback/odom_topic success: [0;0m/lidar_slam/odom
[perfect_drone_full_node-2] [0;32m Load param rog_map/ros_callback/odom_timeout success: [0;0m2
[perfect_drone_full_node-2] [0;32m Load param rog_map/visualization/enable success: [0;0m0
[perfect_drone_full_node-2] [0;32m Load param rog_map/visualization/use_dynamic_reconfigure success: [0;0m0
[perfect_drone_full_node-2] [0;32m Load param rog_map/visualization/pub_unknown_map_en success: [0;0m0
[perfect_drone_full_node-2] [0;32m Load param rog_map/visualization/frame_id success: [0;0mworld
[perfect_drone_full_node-2] [0;32m Load param rog_map/visualization/time_rate success: [0;0m2
[perfect_drone_full_node-2] [0;32m Load param rog_map/visualization/frame_rate success: [0;0m0
[perfect_drone_full_node-2] [0;32m Load param rog_map/visualization/range success: [0;0m[15 15 4 ]
[perfect_drone_full_node-2] [0;32m Load param rog_map/resolution success: [0;0m0.05
[perfect_drone_full_node-2] [0;32m Load param rog_map/inflation_resolution success: [0;0m0.1
[perfect_drone_full_node-2] [0;32m Load param rog_map/unk_inflation_en success: [0;0m0
[perfect_drone_full_node-2] [0;32m Load param rog_map/unk_inflation_step success: [0;0m1
[perfect_drone_full_node-2] [0;32m Load param rog_map/inflation_step success: [0;0m3
[perfect_drone_full_node-2] [0;32m Load param rog_map/intensity_thresh success: [0;0m-10
[perfect_drone_full_node-2] [0;32m Load param rog_map/map_size success: [0;0m[70 70 6 ]
[perfect_drone_full_node-2] [0;32m Load param rog_map/point_filt_num success: [0;0m1
[perfect_drone_full_node-2] [0;32m Load param rog_map/raycasting/enable success: [0;0m0
[perfect_drone_full_node-2] [0;32m Load param rog_map/raycasting/batch_update_size success: [0;0m1
[perfect_drone_full_node-2] [0;32m Load param rog_map/raycasting/unk_thresh success: [0;0m1
[perfect_drone_full_node-2] [0;32m Load param rog_map/raycasting/p_hit success: [0;0m0.9
[perfect_drone_full_node-2] [0;32m Load param rog_map/raycasting/p_miss success: [0;0m0.49
[perfect_drone_full_node-2] [0;32m Load param rog_map/raycasting/p_min success: [0;0m0.12
[perfect_drone_full_node-2] [0;32m Load param rog_map/raycasting/p_max success: [0;0m0.98
[perfect_drone_full_node-2] [0;32m Load param rog_map/raycasting/p_occ success: [0;0m0.85
[perfect_drone_full_node-2] [0;32m Load param rog_map/raycasting/p_free success: [0;0m0.499
[perfect_drone_full_node-2] [0;32m Load param rog_map/raycasting/p_free success: [0;0m0.499
[perfect_drone_full_node-2] [0;32m Load param rog_map/raycasting/ray_range success: [0;0m[0.5 100 ]
[perfect_drone_full_node-2] [0;33m Load param rog_map/raycasting/observed_mark_range_max failed, use default value: [0;0m10
[perfect_drone_full_node-2] [0;32m Load param rog_map/raycasting/local_update_box success: [0;0m[100 100 5 ]
[perfect_drone_full_node-2] [0;32m Load param rog_map/virtual_ground_height success: [0;0m-0.1
[perfect_drone_full_node-2] [0;32m Load param rog_map/virtual_ceil_height success: [0;0m3.5
[perfect_drone_full_node-2] [32m -- [RM-Config] inflation_resolution: 0.1[0m
[perfect_drone_full_node-2]  -- [ROG-Map] Init, resetMapSize: ORIGIN_AT_CORNER.
[perfect_drone_full_node-2]  -- [ROG-Map] Init, resetMapSize: virtual_ceil_height: 3.1500000000000004, virtual_ground_height: 0.25.
[perfect_drone_full_node-2] [34m	[ROG] n_free: 1[0m
[perfect_drone_full_node-2] [34m	[ROG] n_occ: 1[0m
[perfect_drone_full_node-2] [34m	[ROG] l_hit: 2.19722[0m
[perfect_drone_full_node-2] [34m	[ROG] l_miss: -0.0400053[0m
[perfect_drone_full_node-2] [34m	[ROG] l_min: -1.99243[0m
[perfect_drone_full_node-2] [34m	[ROG] l_max: 3.89182[0m
[perfect_drone_full_node-2] [34m	[ROG] l_occ: 1.7346[0m
[perfect_drone_full_node-2] [34m	[ROG] l_free: -0.00399995[0m
[perfect_drone_full_node-2] [33m -- [Inf-Map] Clear all local map.[0m
[perfect_drone_full_node-2] [32m -- [CounterMap] Init successfully -- .[0m
[perfect_drone_full_node-2] [32m	resolution: 0.1[0m
[perfect_drone_full_node-2] [32m	map_sliding_en: 0[0m
[perfect_drone_full_node-2] [32m	local_map_size_i: 709 709  69[0m
[perfect_drone_full_node-2] [32m	local_map_size_d: 70.9 70.9  6.9[0m
[perfect_drone_full_node-2] [33m -- [Inf-Map] Clear all local map.[0m
[perfect_drone_full_node-2] [32m -- [InfMap] Init successfully -- .[0m
[perfect_drone_full_node-2] [32m	resolution: 0.1[0m
[perfect_drone_full_node-2] [32m	map_sliding_en: 0[0m
[perfect_drone_full_node-2] [32m	local_map_size_i: 709 709  69[0m
[perfect_drone_full_node-2] [32m	local_map_size_d: 70.9 70.9  6.9[0m
[perfect_drone_full_node-2] [ProbMap] virtual_ceil_height: 3.15
[perfect_drone_full_node-2] [ProbMap] virtual_ground_height: 0.25
[perfect_drone_full_node-2] [33m -- [ProbMap] Map sliding disabled, set origin to [  0   0 1.5] -- [0m
[perfect_drone_full_node-2] [33m -- [Prob-Map] Clear all local map.[0m
[perfect_drone_full_node-2] [32m -- [ProbMap] Init successfully -- .[0m
[perfect_drone_full_node-2] [32m	resolution: 0.05[0m
[perfect_drone_full_node-2] [32m	map_sliding_en: 0[0m
[perfect_drone_full_node-2] [32m	local_map_size_i: 1401 1401  121[0m
[perfect_drone_full_node-2] [32m	local_map_size_d: 70.05 70.05  6.05[0m
[perfect_drone_full_node-2] [THREAD_CPU_ROLE] version=1 pid=3372018 tid=3372045 role=map_update_worker
[perfect_drone_full_node-2] [38;2;000;128;000m -- [ROGMap] Immutable planner snapshot enabled (fixed occupancy-only map).
[perfect_drone_full_node-2] [0m -- [ROG_MAP_OCCUPIED_BOX_SCAN] fast=true compare=false immutable=true comparison_overhead=false
[perfect_drone_full_node-2]  -- [ROG_MAP_SNAPSHOT_LINE_QUERY] enabled=true immutable=true active=true changed_publication=reject
[perfect_drone_full_node-2]  -- [ROG_MAP_SNAPSHOT_NEIGHBOR_CACHE] enabled=true immutable=true line_query=true active=true entries=4096 max_neighbors=512 bytes_per_thread=88136 publication_check=required
[perfect_drone_full_node-2] Load config file: /root/super_ws/install/super_planner/share/super_planner/config/static_seedmaps_guard_viability_tight_v7.yaml
[perfect_drone_full_node-2] Load config file: /root/super_ws/install/super_planner/share/super_planner/config/static_seedmaps_guard_viability_tight_v7.yaml
[perfect_drone_full_node-2] [0;32m Load param traj_opt/switch/print_optimizer_log success: [0;0m0
[perfect_drone_full_node-2] [0;32m Load param traj_opt/flatness/mass success: [0;0m1.64
[perfect_drone_full_node-2] [0;32m Load param traj_opt/flatness/dh success: [0;0m0.35
[perfect_drone_full_node-2] [0;32m Load param traj_opt/flatness/dv success: [0;0m0.35
[perfect_drone_full_node-2] [0;32m Load param traj_opt/flatness/grav success: [0;0m9.81
[perfect_drone_full_node-2] [0;32m Load param traj_opt/flatness/cp success: [0;0m0.001
[perfect_drone_full_node-2] [0;32m Load param traj_opt/flatness/v_eps success: [0;0m0.0001
[perfect_drone_full_node-2] [0;32m Load param traj_opt/switch/save_log_en success: [0;0m0
[perfect_drone_full_node-2] [0;32m Load param traj_opt/exp_traj/pos_constraint_type success: [0;0m1
[perfect_drone_full_node-2] [0;33m Load param traj_opt/exp_traj/piece_num failed, use default value: [0;0m1
[perfect_drone_full_node-2] [0;33m Load param traj_opt/exp_traj/uniform_time_en failed, use default value: [0;0m0
[perfect_drone_full_node-2] [0;32m Load param traj_opt/exp_traj/block_energy_cost success: [0;0m0
[perfect_drone_full_node-2] [0;32m Load param traj_opt/exp_traj/opt_accuracy success: [0;0m5e-06
[perfect_drone_full_node-2] [0;33m Load param traj_opt/exp_traj/max_iterations failed, use default value: [0;0m2048
[perfect_drone_full_node-2] [0;32m Load param traj_opt/exp_traj/integral_reso success: [0;0m15
[perfect_drone_full_node-2] [0;32m Load param traj_opt/exp_traj/smooth_eps success: [0;0m0.01
[perfect_drone_full_node-2] [0;32m Load param traj_opt/boundary/max_vel success: [0;0m7
[perfect_drone_full_node-2] [0;32m Load param traj_opt/boundary/max_acc success: [0;0m20
[perfect_drone_full_node-2] [0;32m Load param traj_opt/boundary/max_jerk success: [0;0m120
[perfect_drone_full_node-2] [0;32m Load param traj_opt/boundary/max_omg success: [0;0m2.5
[perfect_drone_full_node-2] [0;32m Load param traj_opt/boundary/max_acc_thr success: [0;0m17
[perfect_drone_full_node-2] [0;32m Load param traj_opt/boundary/min_acc_thr success: [0;0m6
[perfect_drone_full_node-2] [0;32m Load param traj_opt/boundary/penna_margin success: [0;0m0.05
[perfect_drone_full_node-2] [0;33m Load param traj_opt/exp_traj/penna_scale failed, use default value: [0;0m-1
[perfect_drone_full_node-2] [0;32m Load param traj_opt/exp_traj/penna_t success: [0;0m1e+07
[perfect_drone_full_node-2] [0;33m Load param traj_opt/exp_traj/penna_ts failed, use default value: [0;0m-1
[perfect_drone_full_node-2] [0;32m Load param traj_opt/exp_traj/penna_pos success: [0;0m5e+09
[perfect_drone_full_node-2] [0;32m Load param traj_opt/exp_traj/penna_clr success: [0;0m1e+06
[perfect_drone_full_node-2] [0;32m Load param traj_opt/exp_traj/clearance_margin success: [0;0m0.1
[perfect_drone_full_node-2] [0;32m Load param traj_opt/exp_traj/clearance_speed_gate success: [0;0m1.5
[perfect_drone_full_node-2] [0;32m Load param traj_opt/exp_traj/clearance_speed_transition success: [0;0m0.5
[perfect_drone_full_node-2] [0;33m Load param traj_opt/exp_traj/penna_passage_center failed, use default value: [0;0m-1
[perfect_drone_full_node-2] [0;33m Load param traj_opt/exp_traj/passage_center_max_width failed, use default value: [0;0m0
[perfect_drone_full_node-2] [0;33m Load param traj_opt/exp_traj/passage_center_min_opposition_cos failed, use default value: [0;0m0.9
[perfect_drone_full_node-2] [0;33m Load param traj_opt/exp_traj/passage_center_min_horizontal_normal failed, use default value: [0;0m0.8
[perfect_drone_full_node-2] [0;33m Load param traj_opt/exp_traj/passage_center_deadband failed, use default value: [0;0m0.15
[perfect_drone_full_node-2] [0;33m Load param traj_opt/exp_traj/passage_center_log_en failed, use default value: [0;0m0
[perfect_drone_full_node-2] [0;32m Load param traj_opt/exp_traj/penna_vel success: [0;0m5e+08
[perfect_drone_full_node-2] [0;32m Load param traj_opt/exp_traj/penna_acc success: [0;0m5e+08
[perfect_drone_full_node-2] [0;32m Load param traj_opt/exp_traj/penna_jerk success: [0;0m-5e+08
[perfect_drone_full_node-2] [0;32m Load param traj_opt/exp_traj/penna_attract success: [0;0m5e+08
[perfect_drone_full_node-2] [0;32m Load param traj_opt/exp_traj/penna_omg success: [0;0m-1
[perfect_drone_full_node-2] [0;32m Load param traj_opt/exp_traj/penna_thr success: [0;0m-1
[perfect_drone_full_node-2] Load config file: /root/super_ws/install/super_planner/share/super_planner/config/static_seedmaps_guard_viability_tight_v7.yaml
[perfect_drone_full_node-2] [0;32m Load param traj_opt/switch/print_optimizer_log success: [0;0m0
[perfect_drone_full_node-2] [0;32m Load param traj_opt/flatness/mass success: [0;0m1.64
[perfect_drone_full_node-2] [0;32m Load param traj_opt/flatness/dh success: [0;0m0.35
[perfect_drone_full_node-2] [0;32m Load param traj_opt/flatness/dv success: [0;0m0.35
[perfect_drone_full_node-2] [0;32m Load param traj_opt/flatness/grav success: [0;0m9.81
[perfect_drone_full_node-2] [0;32m Load param traj_opt/flatness/cp success: [0;0m0.001
[perfect_drone_full_node-2] [0;32m Load param traj_opt/flatness/v_eps success: [0;0m0.0001
[perfect_drone_full_node-2] [0;32m Load param traj_opt/switch/save_log_en success: [0;0m0
[perfect_drone_full_node-2] [0;32m Load param traj_opt/backup_traj/pos_constraint_type success: [0;0m2
[perfect_drone_full_node-2] [0;32m Load param traj_opt/backup_traj/piece_num success: [0;0m2
[perfect_drone_full_node-2] [0;32m Load param traj_opt/backup_traj/uniform_time_en success: [0;0m1
[perfect_drone_full_node-2] [0;32m Load param traj_opt/backup_traj/block_energy_cost success: [0;0m1
[perfect_drone_full_node-2] [0;32m Load param traj_opt/backup_traj/opt_accuracy success: [0;0m1e-05
[perfect_drone_full_node-2] [0;33m Load param traj_opt/backup_traj/max_iterations failed, use default value: [0;0m2048
[perfect_drone_full_node-2] [0;32m Load param traj_opt/backup_traj/integral_reso success: [0;0m12
[perfect_drone_full_node-2] [0;32m Load param traj_opt/backup_traj/smooth_eps success: [0;0m0.01
[perfect_drone_full_node-2] [0;32m Load param traj_opt/boundary/max_vel success: [0;0m7
[perfect_drone_full_node-2] [0;32m Load param traj_opt/boundary/max_acc success: [0;0m20
[perfect_drone_full_node-2] [0;32m Load param traj_opt/boundary/max_jerk success: [0;0m120
[perfect_drone_full_node-2] [0;32m Load param traj_opt/boundary/max_omg success: [0;0m2.5
[perfect_drone_full_node-2] [0;32m Load param traj_opt/boundary/max_acc_thr success: [0;0m17
[perfect_drone_full_node-2] [0;32m Load param traj_opt/boundary/min_acc_thr success: [0;0m6
[perfect_drone_full_node-2] [0;32m Load param traj_opt/boundary/penna_margin success: [0;0m0.05
[perfect_drone_full_node-2] [0;33m Load param traj_opt/backup_traj/penna_scale failed, use default value: [0;0m-1
[perfect_drone_full_node-2] [0;32m Load param traj_opt/backup_traj/penna_t success: [0;0m100
[perfect_drone_full_node-2] [0;32m Load param traj_opt/backup_traj/penna_ts success: [0;0m1e+07
[perfect_drone_full_node-2] [0;32m Load param traj_opt/backup_traj/penna_pos success: [0;0m1e+10
[perfect_drone_full_node-2] [0;32m Load param traj_opt/backup_traj/penna_clr success: [0;0m1e+06
[perfect_drone_full_node-2] [0;32m Load param traj_opt/backup_traj/clearance_margin success: [0;0m0.1
[perfect_drone_full_node-2] [0;32m Load param traj_opt/backup_traj/clearance_speed_gate success: [0;0m1.5
[perfect_drone_full_node-2] [0;32m Load param traj_opt/backup_traj/clearance_speed_transition success: [0;0m0.5
[perfect_drone_full_node-2] [0;33m Load param traj_opt/backup_traj/penna_passage_center failed, use default value: [0;0m-1
[perfect_drone_full_node-2] [0;33m Load param traj_opt/backup_traj/passage_center_max_width failed, use default value: [0;0m0
[perfect_drone_full_node-2] [0;33m Load param traj_opt/backup_traj/passage_center_min_opposition_cos failed, use default value: [0;0m0.9
[perfect_drone_full_node-2] [0;33m Load param traj_opt/backup_traj/passage_center_min_horizontal_normal failed, use default value: [0;0m0.8
[perfect_drone_full_node-2] [0;33m Load param traj_opt/backup_traj/passage_center_deadband failed, use default value: [0;0m0.15
[perfect_drone_full_node-2] [0;33m Load param traj_opt/backup_traj/passage_center_log_en failed, use default value: [0;0m0
[perfect_drone_full_node-2] [0;32m Load param traj_opt/backup_traj/penna_vel success: [0;0m1e+08
[perfect_drone_full_node-2] [0;32m Load param traj_opt/backup_traj/penna_acc success: [0;0m1e+08
[perfect_drone_full_node-2] [0;32m Load param traj_opt/backup_traj/penna_jerk success: [0;0m-1e+06
[perfect_drone_full_node-2] [0;33m Load param traj_opt/backup_traj/penna_attract failed, use default value: [0;0m-1
[perfect_drone_full_node-2] [0;32m Load param traj_opt/backup_traj/penna_omg success: [0;0m-1
[perfect_drone_full_node-2] [0;32m Load param traj_opt/backup_traj/penna_thr success: [0;0m-1
[perfect_drone_full_node-2] [0;32m Load param super_planner/print_log success: [0;0m0
[perfect_drone_full_node-2] [0;32m Load param super_planner/detailed_log_en success: [0;0m0
[perfect_drone_full_node-2] [0;32m Load param super_planner/visualization_en success: [0;0m0
[perfect_drone_full_node-2] [0;32m Load param super_planner/backup_traj_en success: [0;0m1
[perfect_drone_full_node-2] [0;32m Load param super_planner/goal_vel_en success: [0;0m0
[perfect_drone_full_node-2] [0;32m Load param super_planner/goal_yaw_en success: [0;0m0
[perfect_drone_full_node-2] [0;32m Load param super_planner/visual_process success: [0;0m0
[perfect_drone_full_node-2] [0;32m Load param super_planner/use_fov_cut success: [0;0m0
[perfect_drone_full_node-2] [0;33m Load param super_planner/fov_horizontal_angle failed, use default value: [0;0m-1
[perfect_drone_full_node-2] [0;33m Load param super_planner/fov_center_heading failed, use default value: [0;0m0
[perfect_drone_full_node-2] [0;32m Load param super_planner/frontend_in_known_free success: [0;0m0
[perfect_drone_full_node-2] [0;32m Load param fsm/trajectory_guard/enable success: [0;0m1
[perfect_drone_full_node-2] [0;32m Load param fsm/trajectory_guard/shadow success: [0;0m0
[perfect_drone_full_node-2] [0;32m Load param fsm/trajectory_guard/validation_sample_dt_s success: [0;0m0.005
[perfect_drone_full_node-2] [0;32m Load param fsm/trajectory_guard/shadow_min_interval_s success: [0;0m0
[perfect_drone_full_node-2] [0;32m Load param fsm/trajectory_guard/additional_clearance_m success: [0;0m0
[perfect_drone_full_node-2] [0;32m Load param fsm/trajectory_guard/escape_max_duration_s success: [0;0m1
[perfect_drone_full_node-2] [0;32m Load param fsm/trajectory_guard/unknown_as_occupied success: [0;0m1
[perfect_drone_full_node-2] [0;32m Load param fsm/trajectory_guard/escape_entry_grace_s success: [0;0m0
[perfect_drone_full_node-2] [0;32m Load param fsm/trajectory_guard/initial_footprint_egress_enable success: [0;0m1
[perfect_drone_full_node-2] [0;32m Load param super_planner/safe_corridor_line_max_length success: [0;0m6
[perfect_drone_full_node-2] [0;32m Load param super_planner/sensing_horizon success: [0;0m-1
[perfect_drone_full_node-2] [0;32m Load param super_planner/obs_skip_num success: [0;0m2
[perfect_drone_full_node-2] [0;32m Load param super_planner/replan_forward_dt success: [0;0m0.1
[perfect_drone_full_node-2] [0;32m Load param super_planner/corridor_bound_dis success: [0;0m0.8
[perfect_drone_full_node-2] [0;32m Load param super_planner/corridor_line_max_length success: [0;0m1
[perfect_drone_full_node-2] [0;32m Load param super_planner/planning_horizon success: [0;0m7
[perfect_drone_full_node-2] [0;32m Load param super_planner/receding_dis success: [0;0m1
[perfect_drone_full_node-2] [0;32m Load param super_planner/robot_r success: [0;0m0.2
[perfect_drone_full_node-2] [0;32m Load param super_planner/corridor_use_inflated_obstacles success: [0;0m0
[perfect_drone_full_node-2] [0;32m Load param super_planner/corridor_use_inflated_seed_lines success: [0;0m0
[perfect_drone_full_node-2] [0;32m Load param super_planner/corridor_guard_retry_inflated success: [0;0m1
[perfect_drone_full_node-2] [0;32m Load param super_planner/guard_corridor_retry_alternate_every success: [0;0m4
[perfect_drone_full_node-2] [0;32m Load param super_planner/guard_topology_reroute/enable success: [0;0m1
[perfect_drone_full_node-2] [0;32m Load param super_planner/guard_topology_reroute/radius_m success: [0;0m0.8
[perfect_drone_full_node-2] [0;32m Load param super_planner/guard_topology_reroute/growth_m success: [0;0m0
[perfect_drone_full_node-2] [0;32m Load param super_planner/guard_topology_reroute/max_radius_m success: [0;0m0.8
[perfect_drone_full_node-2] [0;32m Load param super_planner/guard_topology_reroute/max_zones success: [0;0m6
[perfect_drone_full_node-2] [0;32m Load param super_planner/guard_topology_reroute/max_stop_speed_mps success: [0;0m0.2
[perfect_drone_full_node-2] [0;32m Load param super_planner/guard_topology_reroute/escalate_every_rejects success: [0;0m3
[perfect_drone_full_node-2] [0;32m Load param super_planner/guard_topology_reroute/collision_merge_m success: [0;0m0.5
[perfect_drone_full_node-2] [0;32m Load param super_planner/guard_topology_reroute/start_clearance_m success: [0;0m0.3
[perfect_drone_full_node-2] [0;32m Load param super_planner/guard_topology_reroute/block_spacing_m success: [0;0m1
[perfect_drone_full_node-2] [0;32m Load param super_planner/guard_topology_reroute/direction_merge_angle_deg success: [0;0m30
[perfect_drone_full_node-2] [0;32m Load param super_planner/guard_topology_reroute/no_path_reset_attempts success: [0;0m3
[perfect_drone_full_node-2] [0;32m Load param super_planner/guard_topology_reroute/vertical_recovery_enable success: [0;0m1
[perfect_drone_full_node-2] [0;32m Load param super_planner/guard_topology_reroute/vertical_recovery_lift_m success: [0;0m0.6
[perfect_drone_full_node-2] [0;32m Load param super_planner/guard_topology_reroute/vertical_recovery_trigger_distance_m success: [0;0m0.75
[perfect_drone_full_node-2] [0;32m Load param super_planner/guard_topology_reroute/local_escape_enable success: [0;0m1
[perfect_drone_full_node-2] [0;32m Load param super_planner/guard_topology_reroute/local_escape_distance_m success: [0;0m0.6
[perfect_drone_full_node-2] [0;32m Load param super_planner/guard_topology_reroute/local_escape_attempts success: [0;0m4
[perfect_drone_full_node-2] [0;32m Load param super_planner/guard_topology_reroute/episode_progress_reset_m success: [0;0m2
[perfect_drone_full_node-2] [0;32m Load param super_planner/guard_topology_reroute/saturation_vertical_attempts success: [0;0m1
[perfect_drone_full_node-2] [0;32m Load param super_planner/guard_topology_reroute/base_no_path_vertical_attempts success: [0;0m1
[perfect_drone_full_node-2] [0;32m Load param super_planner/guard_direct_goal_fallback/enable success: [0;0m1
[perfect_drone_full_node-2] [0;32m Load param super_planner/guard_direct_goal_fallback/max_distance_m success: [0;0m3
[perfect_drone_full_node-2] [0;32m Load param super_planner/guard_direct_goal_fallback/min_duration_s success: [0;0m1
[perfect_drone_full_node-2] [0;32m Load param super_planner/guard_viability/enable success: [0;0m1
[perfect_drone_full_node-2] [0;32m Load param super_planner/guard_viability/horizon_s success: [0;0m2
[perfect_drone_full_node-2] [0;32m Load param super_planner/guard_viability/sample_dt_s success: [0;0m0.3
[perfect_drone_full_node-2] [0;32m Load param super_planner/guard_viability/brake_max_acc_mps2 success: [0;0m20
[perfect_drone_full_node-2] [0;32m Load param super_planner/guard_viability/brake_max_jerk_mps3 success: [0;0m120
[perfect_drone_full_node-2] [0;32m Load param super_planner/guard_viability/brake_min_duration_s success: [0;0m0.4
[perfect_drone_full_node-2] [0;32m Load param super_planner/guard_viability/brake_max_duration_s success: [0;0m3
[perfect_drone_full_node-2] [0;32m Load param super_planner/guard_viability/brake_attempts success: [0;0m12
[perfect_drone_full_node-2] [0;32m Load param super_planner/guard_viability/speed_scale_step success: [0;0m1.25
[perfect_drone_full_node-2] [0;32m Load param super_planner/guard_viability/speed_scale_max success: [0;0m3
[perfect_drone_full_node-2] [0;32m Load param super_planner/guard_viability/max_retries success: [0;0m4
[perfect_drone_full_node-2] [0;32m Load param super_planner/corridor_min_margin success: [0;0m0.2
[perfect_drone_full_node-2] [0;32m Load param super_planner/corridor_pref_margin success: [0;0m0.3
[perfect_drone_full_node-2] [0;32m Load param super_planner/iris_iter_num success: [0;0m2
[perfect_drone_full_node-2] [0;32m Load param super_planner/yaw_mode success: [0;0m1
[perfect_drone_full_node-2] [0;32m Load param super_planner/mpc_horizon success: [0;0m15
[perfect_drone_full_node-2] [0;32m Load param super_planner/yaw_dot_max success: [0;0m3
[perfect_drone_full_node-2] [0;32m Load param rog_map/resolution success: [0;0m0.05
[perfect_drone_full_node-2] [INFO] [1789558439.997131808] [fsm_node]:  -- [BACKUP_DIAGNOSTIC_REPLAY] skip=true operational_solve=unchanged init_log=retained
[perfect_drone_full_node-2] [INFO] [1789558439.997250568] [fsm_node]: [OPT_CLEARANCE_GATE_FIRST] optimizer=exp enabled=1 objective_unchanged=1
[perfect_drone_full_node-2] [INFO] [1789558439.997258413] [fsm_node]: [OPT_CLEARANCE_GATE_FIRST] optimizer=backup enabled=1 objective_unchanged=1
[perfect_drone_full_node-2] [INFO] [1789558439.997268478] [fsm_node]:  -- [TRAJ_GUARD] mode=enforce sample_dt=0.0050s shadow_min_interval=0.000s inflation_radius=0.300m robot_r=0.200m additional_clearance=0.000m hard_clearance=0.300m clearance_offsets=0
[perfect_drone_full_node-2] [38;2;050;205;050m -- [Viz] Set resolution_ to 0.05
[perfect_drone_full_node-2] [0m[38;2;050;205;050m -- [Viz] Set visualization_en_ to false
[perfect_drone_full_node-2] [0mLoad config file: /root/super_ws/install/super_planner/share/super_planner/config/static_seedmaps_guard_viability_tight_v7.yaml
[perfect_drone_full_node-2] [0;32m Load param astar/map_voxel_num success: [0;0m[500 500 100 ]
[perfect_drone_full_node-2] [0;32m Load param astar/allow_diag success: [0;0m1
[perfect_drone_full_node-2] [0;32m Load param astar/debug_visualization_en success: [0;0m0
[perfect_drone_full_node-2] [0;32m Load param astar/heu_type success: [0;0m2
[perfect_drone_full_node-2] [0;32m Load param astar/visual_process success: [0;0m0
[perfect_drone_full_node-2] [32m -- [RM] Init Astar-map.[0m
[perfect_drone_full_node-2] [34m	map index size: 250 250  50[0m
[perfect_drone_full_node-2] [34m	map vox_num: 501 501 101[0m
[perfect_drone_full_node-2] [33m -- [Fsm] CLICKGOAL ENABLE.[0m
[perfect_drone_full_node-2] [INFO] [1789558441.586504337] [fsm_node]:  -- [GOAL_RETRANSMIT_IDENTITY] enabled=true role=receiver guarded_demand=true identity=creation_stamp_raw_pose_frame default_off=true
[perfect_drone_full_node-2] [INFO] [1789558441.586550107] [fsm_node]:  -- [GUARDED_DEMAND_REPLAN] enabled=true max_dispatch_interval=0.25 demand_timer_hz=15 guard_command_hz=100 legacy_coalescer=bypassed stop_policy=sampled_unknown_allowed_clearance_margin_allowed
[perfect_drone_full_node-2] [WARN] [1789558441.586986702] [perfect_tracking]:  -- [MissionPlanner] Load config by file name: /root/super_ws/src/SUPER/mars_uav_sim/perfect_drone_sim/config/seed5.yaml
[perfect_drone_full_node-2] Load config file: /root/super_ws/src/SUPER/mars_uav_sim/perfect_drone_sim/config/seed5.yaml
[perfect_drone_full_node-2] [0;32m Load param mesh_resource success: [0;0mpackage://perfect_drone_sim/meshes/yunque-M.dae
[perfect_drone_full_node-2] [0;32m Load param init_position/x success: [0;0m0
[perfect_drone_full_node-2] [0;32m Load param init_position/y success: [0;0m0
[perfect_drone_full_node-2] [0;32m Load param init_position/z success: [0;0m1.5
[perfect_drone_full_node-2] [0;32m Load param init_yaw success: [0;0m0
[perfect_drone_full_node-2] [0;32m Load param sensing_rate success: [0;0m10
[perfect_drone_full_node-2] Load config file: /root/super_ws/src/SUPER/mars_uav_sim/perfect_drone_sim/config/seed5.yaml
[perfect_drone_full_node-2] [0;33m Load param side_entry_v1/enabled failed, use default value: [0;0m0
[perfect_drone_full_node-2] [0;33m Load param side_entry_v2/enabled failed, use default value: [0;0m0
[perfect_drone_full_node-2] [0;33m Load param side_entry_v3/enabled failed, use default value: [0;0m0
[perfect_drone_full_node-2] [0;33m Load param side_entry_v4/enabled failed, use default value: [0;0m0
[perfect_drone_full_node-2] [0;33m Load param side_entry_v5/enabled failed, use default value: [0;0m0
[perfect_drone_full_node-2] [0;33m Load param side_entry_v6/enabled failed, use default value: [0;0m0
[perfect_drone_full_node-2] [0;33m Load param side_entry_v7/enabled failed, use default value: [0;0m0
[perfect_drone_full_node-2] [0;33m Load param side_entry_v0/speed_min_mps failed, use default value: [0;0m2
[perfect_drone_full_node-2] [0;33m Load param side_entry_v0/yaw_velocity_mismatch_min_deg failed, use default value: [0;0m50
[perfect_drone_full_node-2] [0;33m Load param side_entry_v0/require_yaw_velocity_mismatch failed, use default value: [0;0m1
[perfect_drone_full_node-2] [0;33m Load param side_entry_v0/hold_s failed, use default value: [0;0m0.02
[perfect_drone_full_node-2] [0;33m Load param side_entry_v0/qualifying_samples failed, use default value: [0;0m0
[perfect_drone_full_node-2] [0;33m Load param side_entry_v0/prediction_s failed, use default value: [0;0m0.8
[perfect_drone_full_node-2] [0;33m Load param side_entry_v0/require_velocity_inside failed, use default value: [0;0m1
[perfect_drone_full_node-2] [0;33m Load param side_entry_v0/fixed_center_enabled failed, use default value: [0;0m0
[perfect_drone_full_node-2] [0;33m Load param side_entry_v0/fixed_center_x failed, use default value: [0;0m22.5
[perfect_drone_full_node-2] [0;33m Load param side_entry_v0/fixed_center_y failed, use default value: [0;0m23
[perfect_drone_full_node-2] [0;33m Load param side_entry_v0/trigger_distance_min_m failed, use default value: [0;0m0.8
[perfect_drone_full_node-2] [0;33m Load param side_entry_v0/trigger_distance_max_m failed, use default value: [0;0m3.5
[perfect_drone_full_node-2] [0;33m Load param side_entry_v0/trigger_waypoint_x failed, use default value: [0;0m24
[perfect_drone_full_node-2] [0;33m Load param side_entry_v0/trigger_waypoint_y failed, use default value: [0;0m24
[perfect_drone_full_node-2] [0;33m Load param side_entry_v0/trigger_waypoint_radius_m failed, use default value: [0;0m2
[perfect_drone_full_node-2] [0;33m Load param side_entry_v0/trap_waypoint_radius_m failed, use default value: [0;0m2
[perfect_drone_full_node-2] [0;33m Load param side_entry_v0/sector_half_angle_deg failed, use default value: [0;0m45
[perfect_drone_full_node-2] [0;33m Load param side_entry_v0/angular_margin_deg failed, use default value: [0;0m2
[perfect_drone_full_node-2] [0;33m Load param side_entry_v0/max_nudge_deg failed, use default value: [0;0m20
[perfect_drone_full_node-2] [0;33m Load param side_entry_v0/radius_m failed, use default value: [0;0m0.25
[perfect_drone_full_node-2] [0;33m Load param side_entry_v0/height_m failed, use default value: [0;0m3
[perfect_drone_full_node-2] [0;33m Load param side_entry_v0/point_spacing_m failed, use default value: [0;0m0.05
[perfect_drone_full_node-2] [0;33m Load param side_entry_v0/z_spacing_m failed, use default value: [0;0m0.1
[perfect_drone_full_node-2] [0;33m Load param side_entry_v0/sensing_horizon_m failed, use default value: [0;0m15
[perfect_drone_full_node-2] [0;33m Load param side_entry_v0/intensity failed, use default value: [0;0m14545
[perfect_drone_full_node-2] Load config file: /root/super_ws/src/SUPER/mars_uav_sim/perfect_drone_sim/config/seed5.yaml
[perfect_drone_full_node-2] [0;33m Load param sensor_burst_dropout/enabled failed, use default value: [0;0m0
[perfect_drone_full_node-2] [0;33m Load param sensor_burst_dropout/warmup_s failed, use default value: [0;0m1
[perfect_drone_full_node-2] [0;33m Load param sensor_burst_dropout/period_s failed, use default value: [0;0m2
[perfect_drone_full_node-2] [0;33m Load param sensor_burst_dropout/duration_s failed, use default value: [0;0m0.5
[perfect_drone_full_node-2] [0;33m Load param sensor_burst_dropout/phase_s failed, use default value: [0;0m0
[perfect_drone_full_node-2] Load config file: /root/super_ws/src/SUPER/mars_uav_sim/perfect_drone_sim/config/seed5.yaml
[perfect_drone_full_node-2] [0;32m Load param sensing_blind success: [0;0m0.1
[perfect_drone_full_node-2] [0;32m Load param sensing_horizon success: [0;0m15
[perfect_drone_full_node-2] [0;32m Load param sensing_rate success: [0;0m10
[perfect_drone_full_node-2] [0;32m Load param lidar_type success: [0;0m2
[perfect_drone_full_node-2] [0;32m Load param pcd_name success: [0;0mseed_maps/seed5.pcd
[perfect_drone_full_node-2] [0;32m Load param is_360lidar success: [0;0m1
[perfect_drone_full_node-2] [0;32m Load param polar_resolution success: [0;0m0.4
[perfect_drone_full_node-2] [0;33m Load param fx failed, use default value: [0;0m250
[perfect_drone_full_node-2] [0;33m Load param fy failed, use default value: [0;0m250
[perfect_drone_full_node-2] [0;33m Load param line_number failed, use default value: [0;0m64
[perfect_drone_full_node-2] [0;32m Load param downsample_res success: [0;0m0.1
[perfect_drone_full_node-2] [0;33m Load param yaw_fov failed, use default value: [0;0m360
[perfect_drone_full_node-2] [0;32m Load param vertical_fov success: [0;0m178
[perfect_drone_full_node-2] [0;32m Load param depth_image_en success: [0;0m0
[perfect_drone_full_node-2] [0;33m Load param inf_point_en failed, use default value: [0;0m0
[perfect_drone_full_node-2] [0;32m Load param print_time_consumption success: [0;0m0
[perfect_drone_full_node-2] GLAD init success
[perfect_drone_full_node-2] Load shader frome: /root/super_ws/src/SUPER/mars_uav_sim/marsim_render/config/pattern/360camera.vs
[perfect_drone_full_node-2] Now initing the point cloud data: 
[perfect_drone_full_node-2] Number of points = 63.55X 10000
[perfect_drone_full_node-2] Load data finish 
[perfect_drone_full_node-2] ========== OpenGL Info ==========
[perfect_drone_full_node-2] Vendor: NVIDIA Corporation
[perfect_drone_full_node-2] Renderer: NVIDIA GeForce RTX 3050 Ti Laptop GPU/PCIe/SSE2
[perfect_drone_full_node-2] OpenGL Version: 3.3.0 NVIDIA 550.144.03
[perfect_drone_full_node-2] GLSL Version: 3.30 NVIDIA via Cg compiler
[perfect_drone_full_node-2] ========== OpenGL Info ==========
[perfect_drone_full_node-2] [INFO] [1789558442.296643623] [perfect_tracking]: [STATIC_PC_DURABLE_SETTINGS] enabled=1 actual_qos=1 reliability=reliable durability=transient_local history=keep_last depth=1 intra_process=disabled publication_schedule=latched_once other_qos_unchanged=1
[perfect_drone_full_node-2] [INFO] [1789558442.296706045] [perfect_tracking]: [STATIC_PC_POLL_SETTINGS] poll_ms=0 bootstrap_once=1 complete_geometry=1 qos_unchanged=0
[perfect_drone_full_node-2] [INFO] [1789558442.317040915] [perfect_tracking]: [STATIC_PC_LATCHED_SERIALIZATION] point_step=32 tail_zeroed_bytes=12 declared_fields_and_homogeneous_bytes_unchanged=1
[perfect_drone_full_node-2] [INFO] [1789558442.326941562] [perfect_tracking]: [STATIC_PC_LATCHED_PUBLICATION] publications=1 points=635500 bytes=20336000 stamp_ns=1789558442314527267 timers_created=0 poll_callbacks=0 complete_geometry=1
[perfect_drone_full_node-2] [INFO] [1789558442.326980383] [perfect_drone_full_config]: [HEADLESS_PARAMETER_SETTINGS] enabled=1 mode=full nodes=3 parameter_services_nodes=0 parameter_event_publisher_nodes=0 local_parameters_preserved=1 default_off=1
[perfect_drone_full_node-2] [INFO] [1789558442.326989452] [perfect_drone_full_config]: Full raw DDS disabled: renderer -> ROG-Map uses direct latest-only SharedPtr handoff
[perfect_drone_full_node-2] [INFO] [1789558442.327083018] [perfect_drone_full_config]: [STATIC_PC_EXECUTOR_KIND] cached_entities=0 executor=single callbacks_qos_cadence_unchanged=1 mode=full
[perfect_drone_full_node-2] [THREAD_CPU_ROLE] version=1 pid=3372018 tid=3372018 role=sim_render_executor
[perfect_drone_full_node-2] [THREAD_CPU_ROLE] version=1 pid=3372018 tid=3372101 role=sim_static_cloud_executor
[waypoint_mission-1] [INFO] [1789558442.330153233] [waypoint_mission]: [MISSION_GOAL_IDENTITY] stamp_ns=1789558442330150729 new_intent=1 new_identity=1 supported=1 waypoint=0
[perfect_drone_full_node-2] [INFO] [1789558442.402215857] [perfect_tracking]: [SENSOR_ACQUISITION_FRAME] frame=1 cycle=0 full=1 stamp_ns=1789558442396800971 width=900 height=445 readback_pixels=801000 conversion_rays=115200 generated_points=14758 bytes=472256 half_angle_deg=45.000
[perfect_drone_full_node-2] [38;2;000;128;000m -- [Fsm]: [MainFsmCallback] change state from [INIT] to [WAIT_GOAL].
[perfect_drone_full_node-2] [0m -- [Fsm] MAP_NOT_READY reason=accepted_count,committed_count,map_version,scan_span,accepted_cloud_age,committed_cloud_age,map_age accepted=0 committed=0 version=0 lag=0 span=0.000s cloud_age=infs committed_cloud_age=infs commit_age=infs in_progress=false
[perfect_drone_full_node-2] Publish local map size: 14758
[perfect_drone_full_node-2] [INFO] [1789558442.500122055] [perfect_tracking]: [SENSOR_ACQUISITION_FRAME] frame=2 cycle=0 full=1 stamp_ns=1789558442496800846 width=900 height=445 readback_pixels=801000 conversion_rays=115200 generated_points=14726 bytes=471232 half_angle_deg=45.000
[perfect_drone_full_node-2] Publish local map size: 14726
[perfect_drone_full_node-2] [INFO] [1789558442.510696256] [fsm_node]:  -- [DEMAND_REPLAN] checks=1 skips=0 renewals=0 reason=NOT_ORDINARY gen=0 map=1 required_until=0.000 checked_until=0.000
[perfect_drone_full_node-2] [INFO] [1789558442.510763268] [fsm_node]:  -- [DEMAND_REPLAN_REASONS] checks=1 counted=1 max_dispatch_interval=0.25 final_counts=DISABLED=0,INVALID_POLICY=0,NOT_ORDINARY=1,NEW_GOAL=0,RECOVERY_PENDING=0,SAFETY_PENDING=0,FAILURE_OR_REJECTION=0,NO_SUCCESSFUL_LEASE=0,STALE_OR_UNCERTIFIED_MAP=0,TRAJECTORY_MISMATCH=0,CLOCK_INVALID=0,DISPATCH_DEADLINE=0,ON_BACKUP=0,INSUFFICIENT_GEOMETRY=0,INSUFFICIENT_MOTION_HORIZON=0,NEED_VIABILITY_RENEWAL=0,VIABILITY_RENEWAL_REJECTED=0,EVIDENCE_CHANGED=0,SKIP=0
[perfect_drone_full_node-2] [INFO] [1789558442.608237225] [perfect_tracking]: [SENSOR_ACQUISITION_FRAME] frame=3 cycle=0 full=1 stamp_ns=1789558442597438646 width=900 height=445 readback_pixels=801000 conversion_rays=115200 generated_points=14722 bytes=471104 half_angle_deg=45.000
[perfect_drone_full_node-2] Publish local map size: 14722
[perfect_drone_full_node-2] [INFO] [1789558442.701198449] [perfect_tracking]: [SENSOR_ACQUISITION_FRAME] frame=4 cycle=0 full=1 stamp_ns=1789558442696799979 width=900 height=445 readback_pixels=801000 conversion_rays=115200 generated_points=14711 bytes=470752 half_angle_deg=45.000
[perfect_drone_full_node-2] Publish local map size: 14711
[perfect_drone_full_node-2] [INFO] [1789558442.799866386] [perfect_tracking]: [SENSOR_ACQUISITION_FRAME] frame=5 cycle=0 full=1 stamp_ns=1789558442796914207 width=900 height=445 readback_pixels=801000 conversion_rays=115200 generated_points=14683 bytes=469856 half_angle_deg=45.000
[perfect_drone_full_node-2] Publish local map size: 14683
[perfect_drone_full_node-2] [INFO] [1789558442.899886669] [perfect_tracking]: [SENSOR_ACQUISITION_FRAME] frame=6 cycle=0 full=1 stamp_ns=1789558442896916746 width=900 height=445 readback_pixels=801000 conversion_rays=115200 generated_points=14775 bytes=472800 half_angle_deg=45.000
[perfect_drone_full_node-2] Publish local map size: 14775
[perfect_drone_full_node-2] [INFO] [1789558442.999759078] [perfect_tracking]: [SENSOR_ACQUISITION_FRAME] frame=7 cycle=0 full=1 stamp_ns=1789558442996829863 width=900 height=445 readback_pixels=801000 conversion_rays=115200 generated_points=14754 bytes=472128 half_angle_deg=45.000
[perfect_drone_full_node-2] Publish local map size: 14754
[perfect_drone_full_node-2] [INFO] [1789558443.099015709] [perfect_tracking]: [SENSOR_ACQUISITION_FRAME] frame=8 cycle=0 full=1 stamp_ns=1789558443096799889 width=900 height=445 readback_pixels=801000 conversion_rays=115200 generated_points=14714 bytes=470848 half_angle_deg=45.000
[perfect_drone_full_node-2] Publish local map size: 14714
[perfect_drone_full_node-2] [INFO] [1789558443.200444766] [perfect_tracking]: [SENSOR_ACQUISITION_FRAME] frame=9 cycle=0 full=1 stamp_ns=1789558443196803771 width=900 height=445 readback_pixels=801000 conversion_rays=115200 generated_points=14688 bytes=470016 half_angle_deg=45.000
[perfect_drone_full_node-2] Publish local map size: 14688
[perfect_drone_full_node-2] [INFO] [1789558443.300407054] [perfect_tracking]: [SENSOR_ACQUISITION_FRAME] frame=10 cycle=0 full=1 stamp_ns=1789558443296963106 width=900 height=445 readback_pixels=801000 conversion_rays=115200 generated_points=14727 bytes=471264 half_angle_deg=45.000
[perfect_drone_full_node-2] Publish local map size: 14727
[waypoint_mission-1] [INFO] [1789558443.330270386] [waypoint_mission]: [MISSION_GOAL_IDENTITY] stamp_ns=1789558442330150729 new_intent=0 new_identity=0 supported=1 waypoint=0
[perfect_drone_full_node-2] [32m -- [Fsm 1.009] Current state: WAIT_GOAL[0m
[perfect_drone_full_node-2] [INFO] [1789558443.399747823] [perfect_tracking]: [SENSOR_ACQUISITION_FRAME] frame=11 cycle=0 full=1 stamp_ns=1789558443396917911 width=900 height=445 readback_pixels=801000 conversion_rays=115200 generated_points=14756 bytes=472192 half_angle_deg=45.000
[perfect_drone_full_node-2]  -- [Fsm] MAP_NOT_READY reason=scan_span accepted=10 committed=10 version=10 lag=0 span=0.898s cloud_age=0.056s committed_cloud_age=0.056s commit_age=0.025s in_progress=false
[perfect_drone_full_node-2] Publish local map size: 14756
[perfect_drone_full_node-2] [INFO] [1789558443.501504926] [perfect_tracking]: [SENSOR_ACQUISITION_FRAME] frame=12 cycle=0 full=1 stamp_ns=1789558443496935575 width=900 height=445 readback_pixels=801000 conversion_rays=115200 generated_points=14727 bytes=471264 half_angle_deg=45.000
[perfect_drone_full_node-2] Publish local map size: 14727
[perfect_drone_full_node-2]  -- [Fsm] MAP_READY accepted=12 committed=11 version=11 lag=1 span=1.099s cloud_age=0.005s committed_cloud_age=0.107s commit_age=0.076s in_progress=true
[perfect_drone_full_node-2] [32m -- [Fsm] Get goal at [0m24.025 24.025  1.525
[perfect_drone_full_node-2] [32m -- [Fsm] Receive click goal at: [24.025 24.025  1.525]; goal yaw: 0.000 deg[0m
[perfect_drone_full_node-2] [OPT_CLEARANCE_GATE_SKIP] optimizer=exp gate=0
[perfect_drone_full_node-2] [INFO] [1789558443.536690167] [fsm_node]:  -- [SUPER] in [PlanFromRest] GenerateExpTrajectory SUCCESS.
[perfect_drone_full_node-2] [OPT_CLEARANCE_GATE_SKIP] optimizer=backup gate=0
[perfect_drone_full_node-2] [WARN] [1789558443.543856505] [fsm_node]:  -- [TRAJ_VELOCITY_SLOWDOWN] phase=PlanFromRest/with_backup gen=1 before=7.007729 after=6.993007 limit=7.000000 scale=1.002105
[perfect_drone_full_node-2] [INFO] [1789558443.544081518] [fsm_node]:  -- [TRAJ_GUARD_COMMIT] phase=PlanFromRest/with_backup gen=1 map=12 samples=234 range=[0.027,1.187] escape=false footprint_egress=false escape_done_tt=-1.000
[perfect_drone_full_node-2] [INFO] [1789558443.599777295] [perfect_tracking]: [SENSOR_ACQUISITION_FRAME] frame=13 cycle=0 full=1 stamp_ns=1789558443596956166 width=900 height=445 readback_pixels=801000 conversion_rays=115200 generated_points=15503 bytes=496096 half_angle_deg=45.000
[perfect_drone_full_node-2] [38;2;000;128;000m -- [Fsm]: [MainFsmCallback] change state from [WAIT_GOAL] to [GENERATE_TRAJ].
[perfect_drone_full_node-2] [0m -- [TRAJ_GUARD_CERT] trigger=poly_publish status=SAFE gen=1 map=12 map_age=0.011s map_age_limit=0.550s motion_speed=0.006mps samples=233 range=[0.027,1.187] collision_tt=-1.000 ttc=-1.000 p=[0.000,0.000,0.000]
[perfect_drone_full_node-2] [38;2;000;128;000m -- [Fsm]: [MainFsmCallback] change state from [GENERATE_TRAJ] to [FOLLOW_TRAJ].
[perfect_drone_full_node-2] [0mPublish local map size: 15503
[perfect_drone_full_node-2] [INFO] [1789558443.641298276] [fsm_node]:  -- [TRAJ_GUARD_COMMIT] phase=ReplanOnce/with_backup gen=2 map=12 samples=282 range=[0.008,1.408] escape=false footprint_egress=false escape_done_tt=-1.000
[perfect_drone_full_node-2] [32m -- [Fsm] ReplanOnce succeed.[0m
[perfect_drone_full_node-2] [INFO] [1789558443.699730183] [perfect_tracking]: [SENSOR_ACQUISITION_FRAME] frame=14 cycle=0 full=1 stamp_ns=1789558443696953162 width=900 height=445 readback_pixels=801000 conversion_rays=115200 generated_points=17987 bytes=575584 half_angle_deg=45.000
[perfect_drone_full_node-2]  -- [TRAJ_GUARD_CERT] trigger=poly_publish status=SAFE gen=2 map=12 map_age=0.108s map_age_limit=0.550s motion_speed=0.399mps samples=281 range=[0.009,1.408] collision_tt=-1.000 ttc=-1.000 p=[0.000,0.000,0.000]
[perfect_drone_full_node-2]  -- [TRAJ_GUARD_CERT] trigger=main_pre status=SAFE gen=2 map=13 map_age=0.017s map_age_limit=0.550s motion_speed=0.493mps samples=278 range=[0.024,1.408] collision_tt=-1.000 ttc=-1.000 p=[0.000,0.000,0.000]
[perfect_drone_full_node-2] Publish local map size: 17987
[perfect_drone_full_node-2] [INFO] [1789558443.705882291] [fsm_node]:  -- [TRAJ_GUARD_COMMIT] phase=ReplanOnce/with_backup gen=3 map=13 samples=273 range=[0.007,1.359] escape=false footprint_egress=false escape_done_tt=-1.000
[perfect_drone_full_node-2] [32m -- [Fsm] ReplanOnce succeed.[0m
[perfect_drone_full_node-2] [INFO] [1789558443.799659652] [perfect_tracking]: [SENSOR_ACQUISITION_FRAME] frame=15 cycle=0 full=1 stamp_ns=1789558443796854117 width=900 height=445 readback_pixels=801000 conversion_rays=115200 generated_points=19389 bytes=620448 half_angle_deg=45.000
[perfect_drone_full_node-2]  -- [TRAJ_GUARD_CERT] trigger=poly_publish status=SAFE gen=3 map=13 map_age=0.066s map_age_limit=0.550s motion_speed=1.099mps samples=272 range=[0.007,1.359] collision_tt=-1.000 ttc=-1.000 p=[0.000,0.000,0.000]
[perfect_drone_full_node-2]  -- [TRAJ_GUARD_CERT] trigger=main_pre status=SAFE gen=3 map=14 map_age=0.015s map_age_limit=0.550s motion_speed=1.921mps samples=262 range=[0.058,1.359] collision_tt=-1.000 ttc=-1.000 p=[0.000,0.000,0.000]
[perfect_drone_full_node-2] Publish local map size: 19389
[perfect_drone_full_node-2] [INFO] [1789558443.900724336] [perfect_tracking]: [SENSOR_ACQUISITION_FRAME] frame=16 cycle=0 full=1 stamp_ns=1789558443896976261 width=900 height=445 readback_pixels=801000 conversion_rays=115200 generated_points=22035 bytes=705120 half_angle_deg=45.000
[perfect_drone_full_node-2]  -- [TRAJ_GUARD_CERT] trigger=main_pre status=SAFE gen=3 map=15 map_age=0.015s map_age_limit=0.500s motion_speed=3.852mps samples=242 range=[0.158,1.359] collision_tt=-1.000 ttc=-1.000 p=[0.000,0.000,0.000]
[perfect_drone_full_node-2] Publish local map size: 22035
[perfect_drone_full_node-2] [WARN] [1789558443.903389655] [fsm_node]:  -- [TRAJ_GUARD_VIABILITY_SLOWDOWN] phase=ReplanOnce/with_backup gen=4 scale=1.250 retries=1
[perfect_drone_full_node-2] [INFO] [1789558443.903430576] [fsm_node]:  -- [TRAJ_GUARD_COMMIT] phase=ReplanOnce/with_backup gen=4 map=15 samples=314 range=[0.006,1.566] escape=false footprint_egress=false escape_done_tt=-1.000
[perfect_drone_full_node-2] [32m -- [Fsm] ReplanOnce succeed.[0m
[perfect_drone_full_node-2] [INFO] [1789558444.000710081] [perfect_tracking]: [SENSOR_ACQUISITION_FRAME] frame=17 cycle=0 full=1 stamp_ns=1789558443996906735 width=900 height=445 readback_pixels=801000 conversion_rays=115200 generated_points=20444 bytes=654208 half_angle_deg=45.000
[perfect_drone_full_node-2]  -- [TRAJ_GUARD_CERT] trigger=poly_publish status=SAFE gen=4 map=15 map_age=0.062s map_age_limit=0.500s motion_speed=4.731mps samples=313 range=[0.006,1.566] collision_tt=-1.000 ttc=-1.000 p=[0.000,0.000,0.000]
[perfect_drone_full_node-2]  -- [TRAJ_GUARD_CERT] trigger=main_pre status=SAFE gen=4 map=16 map_age=0.013s map_age_limit=0.500s motion_speed=4.252mps samples=303 range=[0.060,1.566] collision_tt=-1.000 ttc=-1.000 p=[0.000,0.000,0.000]
[perfect_drone_full_node-2] Publish local map size: 20444
[perfect_drone_full_node-2] [INFO] [1789558444.100381232] [perfect_tracking]: [SENSOR_ACQUISITION_FRAME] frame=18 cycle=0 full=1 stamp_ns=1789558444096854078 width=900 height=445 readback_pixels=801000 conversion_rays=115200 generated_points=18631 bytes=596192 half_angle_deg=45.000
[perfect_drone_full_node-2]  -- [TRAJ_GUARD_CERT] trigger=main_pre status=SAFE gen=4 map=17 map_age=0.012s map_age_limit=0.500s motion_speed=4.936mps samples=283 range=[0.160,1.566] collision_tt=-1.000 ttc=-1.000 p=[0.000,0.000,0.000]
[perfect_drone_full_node-2] Publish local map size: 18631
[perfect_drone_full_node-2] [INFO] [1789558444.121911855] [fsm_node]:  -- [TRAJ_GUARD_COMMIT] phase=ReplanOnce/with_backup gen=5 map=17 samples=230 range=[0.027,1.165] escape=false footprint_egress=false escape_done_tt=-1.000
[perfect_drone_full_node-2] [32m -- [Fsm] ReplanOnce succeed.[0m
[perfect_drone_full_node-2] [INFO] [1789558444.200626389] [perfect_tracking]: [SENSOR_ACQUISITION_FRAME] frame=19 cycle=0 full=1 stamp_ns=1789558444196822701 width=900 height=445 readback_pixels=801000 conversion_rays=115200 generated_points=16025 bytes=512800 half_angle_deg=45.000
[perfect_drone_full_node-2]  -- [TRAJ_GUARD_CERT] trigger=poly_publish status=SAFE gen=5 map=17 map_age=0.077s map_age_limit=0.500s motion_speed=5.255mps samples=229 range=[0.027,1.165] collision_tt=-1.000 ttc=-1.000 p=[0.000,0.000,0.000]
[perfect_drone_full_node-2]  -- [TRAJ_GUARD_CERT] trigger=main_pre status=SAFE gen=5 map=18 map_age=0.013s map_age_limit=0.500s motion_speed=5.357mps samples=222 range=[0.062,1.165] collision_tt=-1.000 ttc=-1.000 p=[0.000,0.000,0.000]
[perfect_drone_full_node-2] Publish local map size: 16025
[perfect_drone_full_node-2] [INFO] [1789558444.300780681] [perfect_tracking]: [SENSOR_ACQUISITION_FRAME] frame=20 cycle=0 full=1 stamp_ns=1789558444296883111 width=900 height=445 readback_pixels=801000 conversion_rays=115200 generated_points=17564 bytes=562048 half_angle_deg=45.000
[perfect_drone_full_node-2]  -- [TRAJ_GUARD_CERT] trigger=main_pre status=SAFE gen=5 map=19 map_age=0.016s map_age_limit=0.500s motion_speed=5.580mps samples=202 range=[0.162,1.165] collision_tt=-1.000 ttc=-1.000 p=[0.000,0.000,0.000]
[perfect_drone_full_node-2] Publish local map size: 17564
[perfect_drone_full_node-2] [ERROR] [1789558444.309321244] [fsm_node]:  -- [TRAJ_GUARD_REJECT] phase=ReplanOnce/with_backup segment=APPENDED_BACKUP status=CLEARANCE_MARGIN gen=6 map=19 from_tt=0.016 collision_tt=0.871 collision_p=[5.739,5.612,0.856] samples=218
[waypoint_mission-1] [INFO] [1789558444.330272052] [waypoint_mission]: [MISSION_GOAL_IDENTITY] stamp_ns=1789558442330150729 new_intent=0 new_identity=0 supported=1 waypoint=0
[perfect_drone_full_node-2] [32m -- [Fsm 2.009] Current state: FOLLOW_TRAJ[0m
[perfect_drone_full_node-2] [32m -- [Fsm] Get goal at [0m24.025 24.025  1.525
[perfect_drone_full_node-2] [32m -- [Fsm] Receive click goal at: [24.025 24.025  1.525]; goal yaw: 0.000 deg[0m
[perfect_drone_full_node-2] [ERROR] [1789558444.380958659] [fsm_node]:  -- [TRAJ_GUARD_REJECT] phase=ReplanOnce/with_backup segment=APPENDED_BACKUP status=CLEARANCE_MARGIN gen=6 map=20 from_tt=0.022 collision_tt=0.832 collision_p=[5.850,5.350,0.550] samples=239
[perfect_drone_full_node-2] [INFO] [1789558444.399889147] [perfect_tracking]: [SENSOR_ACQUISITION_FRAME] frame=21 cycle=0 full=1 stamp_ns=1789558444396822697 width=900 height=445 readback_pixels=801000 conversion_rays=115200 generated_points=20515 bytes=656480 half_angle_deg=45.000
[perfect_drone_full_node-2]  -- [TRAJ_GUARD_CERT] trigger=main_pre status=SAFE gen=5 map=20 map_age=0.016s map_age_limit=0.500s motion_speed=5.953mps samples=182 range=[0.262,1.165] collision_tt=-1.000 ttc=-1.000 p=[0.000,0.000,0.000]
[perfect_drone_full_node-2] Publish local map size: 20515
[perfect_drone_full_node-2] [INFO] [1789558444.447082524] [fsm_node]:  -- [TRAJ_GUARD_COMMIT] phase=ReplanOnce/with_backup gen=6 map=20 samples=223 range=[0.022,1.124] escape=false footprint_egress=false escape_done_tt=-1.000
[perfect_drone_full_node-2] [32m -- [Fsm] ReplanOnce succeed.[0m
[perfect_drone_full_node-2] [INFO] [1789558444.501212247] [perfect_tracking]: [SENSOR_ACQUISITION_FRAME] frame=22 cycle=0 full=1 stamp_ns=1789558444496873067 width=900 height=445 readback_pixels=801000 conversion_rays=115200 generated_points=20631 bytes=660192 half_angle_deg=45.000
[perfect_drone_full_node-2]  -- [TRAJ_GUARD_CERT] trigger=poly_publish status=SAFE gen=6 map=20 map_age=0.106s map_age_limit=0.500s motion_speed=6.518mps samples=222 range=[0.022,1.124] collision_tt=-1.000 ttc=-1.000 p=[0.000,0.000,0.000]
[perfect_drone_full_node-2]  -- [TRAJ_GUARD_CERT] trigger=main_pre status=SAFE gen=6 map=21 map_age=0.017s map_age_limit=0.500s motion_speed=6.518mps samples=220 range=[0.032,1.124] collision_tt=-1.000 ttc=-1.000 p=[0.000,0.000,0.000]
[perfect_drone_full_node-2] Publish local map size: 20631
[perfect_drone_full_node-2] [INFO] [1789558444.600521080] [perfect_tracking]: [SENSOR_ACQUISITION_FRAME] frame=23 cycle=0 full=1 stamp_ns=1789558444596870841 width=900 height=445 readback_pixels=801000 conversion_rays=115200 generated_points=21830 bytes=698560 half_angle_deg=45.000
[perfect_drone_full_node-2]  -- [TRAJ_GUARD_CERT] trigger=main_pre status=SAFE gen=6 map=22 map_age=0.015s map_age_limit=0.500s motion_speed=6.918mps samples=200 range=[0.132,1.124] collision_tt=-1.000 ttc=-1.000 p=[0.000,0.000,0.000]
[perfect_drone_full_node-2] Publish local map size: 21830
[perfect_drone_full_node-2] [INFO] [1789558444.638323247] [fsm_node]:  -- [TRAJ_GUARD_COMMIT] phase=ReplanOnce/with_backup gen=7 map=22 samples=165 range=[0.015,0.826] escape=false footprint_egress=false escape_done_tt=-1.000
[perfect_drone_full_node-2] [32m -- [Fsm] ReplanOnce succeed.[0m
[perfect_drone_full_node-2] [INFO] [1789558444.700667357] [perfect_tracking]: [SENSOR_ACQUISITION_FRAME] frame=24 cycle=0 full=1 stamp_ns=1789558444696866622 width=900 height=445 readback_pixels=801000 conversion_rays=115200 generated_points=23370 bytes=747840 half_angle_deg=45.000
[perfect_drone_full_node-2]  -- [TRAJ_GUARD_CERT] trigger=poly_publish status=SAFE gen=7 map=22 map_age=0.097s map_age_limit=0.500s motion_speed=6.999mps samples=164 range=[0.016,0.826] collision_tt=-1.000 ttc=-1.000 p=[0.000,0.000,0.000]
[perfect_drone_full_node-2]  -- [TRAJ_GUARD_CERT] trigger=main_pre status=SAFE gen=7 map=23 map_age=0.011s map_age_limit=0.500s motion_speed=6.999mps samples=162 range=[0.024,0.826] collision_tt=-1.000 ttc=-1.000 p=[0.000,0.000,0.000]
[perfect_drone_full_node-2] Publish local map size: 23370
[perfect_drone_full_node-2] [INFO] [1789558444.801163686] [perfect_tracking]: [SENSOR_ACQUISITION_FRAME] frame=25 cycle=0 full=1 stamp_ns=1789558444796855680 width=900 height=445 readback_pixels=801000 conversion_rays=115200 generated_points=24473 bytes=783136 half_angle_deg=45.000
[perfect_drone_full_node-2]  -- [TRAJ_GUARD_CERT] trigger=main_pre status=SAFE gen=7 map=24 map_age=0.013s map_age_limit=0.500s motion_speed=6.853mps samples=142 range=[0.124,0.826] collision_tt=-1.000 ttc=-1.000 p=[0.000,0.000,0.000]
[perfect_drone_full_node-2] Publish local map size: 24473
[perfect_drone_full_node-2] [ERROR] [1789558444.855618677] [fsm_node]:  -- [TRAJ_GUARD_REJECT] phase=ReplanOnce/with_backup segment=EXP status=CLEARANCE_MARGIN gen=8 map=25 from_tt=0.035 collision_tt=0.300 collision_p=[5.779,5.601,0.848] samples=173
[perfect_drone_full_node-2] [WARN] [1789558444.897481257] [fsm_node]:  -- [SUPER] Retrying EXP with inflated guard corridor.
[perfect_drone_full_node-2]  -- [TRAJ_GUARD_CERT] trigger=main_pre status=SAFE gen=7 map=25 map_age=0.011s map_age_limit=0.500s motion_speed=6.760mps samples=122 range=[0.224,0.826] collision_tt=-1.000 ttc=-1.000 p=[0.000,0.000,0.000]
[perfect_drone_full_node-2]  -- [MARSIM] Running FPS: 256.595979770644078
[perfect_drone_full_node-2] Publish local map size: 27384
[perfect_drone_full_node-2] [INFO] [1789558444.900110698] [perfect_tracking]: [SENSOR_ACQUISITION_FRAME] frame=26 cycle=0 full=1 stamp_ns=1789558444896960436 width=900 height=445 readback_pixels=801000 conversion_rays=115200 generated_points=27384 bytes=876288 half_angle_deg=45.000
[perfect_drone_full_node-2] [INFO] [1789558444.942333757] [fsm_node]:  -- [TRAJ_GUARD_COMMIT] phase=ReplanOnce/with_backup gen=8 map=26 samples=137 range=[0.055,0.726] escape=false footprint_egress=false escape_done_tt=-1.000
[perfect_drone_full_node-2]  -- [TRAJ_GUARD_CERT] trigger=main_pre status=SAFE gen=7 map=26 map_age=0.011s map_age_limit=0.500s motion_speed=6.860mps samples=104 range=[0.314,0.826] collision_tt=-1.000 ttc=-1.000 p=[0.000,0.000,0.000]
[perfect_drone_full_node-2] [32m -- [Fsm] ReplanOnce succeed.[0m
[perfect_drone_full_node-2] [ERROR] [1789558444.981467385] [fsm_node]:  -- [TRAJ_GUARD_REJECT] phase=ReplanOnce/with_backup segment=APPENDED_BACKUP status=CLEARANCE_MARGIN gen=9 map=26 from_tt=0.028 collision_tt=0.973 collision_p=[8.458,8.203,0.665] samples=227
[perfect_drone_full_node-2] [INFO] [1789558445.000120837] [perfect_tracking]: [SENSOR_ACQUISITION_FRAME] frame=27 cycle=0 full=1 stamp_ns=1789558444996837350 width=900 height=445 readback_pixels=801000 conversion_rays=115200 generated_points=36333 bytes=1162656 half_angle_deg=45.000
[perfect_drone_full_node-2]  -- [TRAJ_GUARD_CERT] trigger=poly_publish status=SAFE gen=8 map=26 map_age=0.016s map_age_limit=0.500s motion_speed=6.863mps samples=136 range=[0.056,0.726] collision_tt=-1.000 ttc=-1.000 p=[0.000,0.000,0.000]
[perfect_drone_full_node-2] Publish local map size: 36333
[perfect_drone_full_node-2] [INFO] [1789558445.082181712] [fsm_node]:  -- [TRAJ_GUARD_COMMIT] phase=ReplanOnce/with_backup gen=9 map=27 samples=189 range=[0.063,0.994] escape=false footprint_egress=false escape_done_tt=-1.000
[perfect_drone_full_node-2]  -- [TRAJ_GUARD_CERT] trigger=main_pre status=SAFE gen=8 map=27 map_age=0.010s map_age_limit=0.500s motion_speed=6.487mps samples=117 range=[0.150,0.726] collision_tt=-1.000 ttc=-1.000 p=[0.000,0.000,0.000]
[perfect_drone_full_node-2] [32m -- [Fsm] ReplanOnce succeed.[0m
[perfect_drone_full_node-2] [INFO] [1789558445.100256431] [perfect_tracking]: [SENSOR_ACQUISITION_FRAME] frame=28 cycle=0 full=1 stamp_ns=1789558445096878204 width=900 height=445 readback_pixels=801000 conversion_rays=115200 generated_points=49585 bytes=1586720 half_angle_deg=45.000
[perfect_drone_full_node-2]  -- [TRAJ_GUARD_CERT] trigger=poly_publish status=SAFE gen=9 map=27 map_age=0.055s map_age_limit=0.500s motion_speed=5.654mps samples=188 range=[0.064,0.994] collision_tt=-1.000 ttc=-1.000 p=[0.000,0.000,0.000]
[perfect_drone_full_node-2] Publish local map size: 49585
[perfect_drone_full_node-2] [INFO] [1789558445.203612501] [perfect_tracking]: [SENSOR_ACQUISITION_FRAME] frame=29 cycle=0 full=1 stamp_ns=1789558445196866015 width=900 height=445 readback_pixels=801000 conversion_rays=115200 generated_points=57055 bytes=1825760 half_angle_deg=45.000
[perfect_drone_full_node-2]  -- [TRAJ_GUARD_CERT] trigger=main_pre status=SAFE gen=9 map=28 map_age=0.008s map_age_limit=0.500s motion_speed=4.743mps samples=177 range=[0.118,0.994] collision_tt=-1.000 ttc=-1.000 p=[0.000,0.000,0.000]
[perfect_drone_full_node-2] Publish local map size: 57055
[perfect_drone_full_node-2] [INFO] [1789558445.266980429] [fsm_node]:  -- [TRAJ_GUARD_COMMIT] phase=ReplanOnce/with_backup gen=10 map=29 samples=183 range=[0.050,0.950] escape=false footprint_egress=false escape_done_tt=-1.000
[perfect_drone_full_node-2]  -- [TRAJ_GUARD_CERT] trigger=main_pre status=SAFE gen=9 map=29 map_age=0.014s map_age_limit=0.500s motion_speed=3.812mps samples=155 range=[0.228,0.994] collision_tt=-1.000 ttc=-1.000 p=[0.000,0.000,0.000]
[perfect_drone_full_node-2] [32m -- [Fsm] ReplanOnce succeed.[0m
[perfect_drone_full_node-2] [INFO] [1789558445.301521033] [perfect_tracking]: [SENSOR_ACQUISITION_FRAME] frame=30 cycle=0 full=1 stamp_ns=1789558445296881571 width=900 height=445 readback_pixels=801000 conversion_rays=115200 generated_points=46734 bytes=1495488 half_angle_deg=45.000
[perfect_drone_full_node-2]  -- [TRAJ_GUARD_CERT] trigger=poly_publish status=SAFE gen=10 map=29 map_age=0.034s map_age_limit=0.500s motion_speed=3.845mps samples=182 range=[0.050,0.950] collision_tt=-1.000 ttc=-1.000 p=[0.000,0.000,0.000]
[perfect_drone_full_node-2] Publish local map size: 46734
[perfect_drone_full_node-2]  -- [TRAJ_GUARD_CERT] trigger=main_pre status=SAFE gen=10 map=30 map_age=0.007s map_age_limit=0.500s motion_speed=4.091mps samples=168 range=[0.120,0.950] collision_tt=-1.000 ttc=-1.000 p=[0.000,0.000,0.000]
[perfect_drone_full_node-2] [32m -- [Fsm 3.009] Current state: FOLLOW_TRAJ[0m
[waypoint_mission-1] [INFO] [1789558445.340251710] [waypoint_mission]: [MISSION_GOAL_IDENTITY] stamp_ns=1789558442330150729 new_intent=0 new_identity=0 supported=1 waypoint=0
[perfect_drone_full_node-2] [INFO] [1789558445.340605807] [fsm_node]:  -- [GOAL_RETRANSMIT_COALESCED] stamp_ns=1789558442330150729 generation=10 map=30 queued_revision=3 accepted_revision=2 coalesced_total=1
[perfect_drone_full_node-2] [INFO] [1789558445.403052204] [perfect_tracking]: [SENSOR_ACQUISITION_FRAME] frame=31 cycle=0 full=1 stamp_ns=1789558445396866049 width=900 height=445 readback_pixels=801000 conversion_rays=115200 generated_points=46770 bytes=1496640 half_angle_deg=45.000
[perfect_drone_full_node-2] Publish local map size: 46770
[perfect_drone_full_node-2] [WARN] [1789558445.435931834] [fsm_node]:  -- [TRAJ_GUARD_VIABILITY_SLOWDOWN] phase=ReplanOnce/with_backup gen=11 scale=1.250 retries=1
[perfect_drone_full_node-2] [INFO] [1789558445.436020573] [fsm_node]:  -- [TRAJ_GUARD_COMMIT] phase=ReplanOnce/with_backup gen=11 map=30 samples=322 range=[0.021,1.620] escape=false footprint_egress=false escape_done_tt=-1.000
[perfect_drone_full_node-2] [32m -- [Fsm] ReplanOnce succeed.[0m
[perfect_drone_full_node-2] [INFO] [1789558445.502104202] [perfect_tracking]: [SENSOR_ACQUISITION_FRAME] frame=32 cycle=0 full=1 stamp_ns=1789558445496913695 width=900 height=445 readback_pixels=801000 conversion_rays=115200 generated_points=43428 bytes=1389696 half_angle_deg=45.000
[perfect_drone_full_node-2]  -- [TRAJ_GUARD_CERT] trigger=poly_publish status=SAFE gen=11 map=30 map_age=0.106s map_age_limit=0.500s motion_speed=4.501mps samples=321 range=[0.021,1.620] collision_tt=-1.000 ttc=-1.000 p=[0.000,0.000,0.000]
[perfect_drone_full_node-2]  -- [TRAJ_GUARD_CERT] trigger=main_pre status=SAFE gen=11 map=31 map_age=0.013s map_age_limit=0.500s motion_speed=3.619mps samples=319 range=[0.032,1.620] collision_tt=-1.000 ttc=-1.000 p=[0.000,0.000,0.000]
[perfect_drone_full_node-2] Publish local map size: 43428
[perfect_drone_full_node-2] [INFO] [1789558445.603225738] [perfect_tracking]: [SENSOR_ACQUISITION_FRAME] frame=33 cycle=0 full=1 stamp_ns=1789558445596927512 width=900 height=445 readback_pixels=801000 conversion_rays=115200 generated_points=40835 bytes=1306720 half_angle_deg=45.000
[perfect_drone_full_node-2]  -- [TRAJ_GUARD_CERT] trigger=main_pre status=SAFE gen=11 map=32 map_age=0.014s map_age_limit=0.500s motion_speed=3.946mps samples=299 range=[0.132,1.620] collision_tt=-1.000 ttc=-1.000 p=[0.000,0.000,0.000]
[perfect_drone_full_node-2] Publish local map size: 40835
[perfect_drone_full_node-2] [ERROR] [1789558445.628901078] [fsm_node]:  -- [TRAJ_GUARD_REJECT] phase=ReplanOnce/with_backup segment=EXP status=CLEARANCE_MARGIN gen=12 map=32 from_tt=0.016 collision_tt=0.681 collision_p=[10.450,8.750,0.550] samples=264
[perfect_drone_full_node-2] [WARN] [1789558445.679431159] [fsm_node]:  -- [SUPER] Retrying EXP with inflated guard corridor.
[perfect_drone_full_node-2] [ERROR] [1789558445.694048174] [fsm_node]:  -- [TRAJ_GUARD_REJECT] phase=ReplanOnce/with_backup segment=APPENDED_BACKUP status=CLEARANCE_MARGIN gen=12 map=33 from_tt=0.015 collision_tt=0.485 collision_p=[9.550,8.250,0.550] samples=181
[perfect_drone_full_node-2] [INFO] [1789558445.700122044] [perfect_tracking]: [SENSOR_ACQUISITION_FRAME] frame=34 cycle=0 full=1 stamp_ns=1789558445696890502 width=900 height=445 readback_pixels=801000 conversion_rays=115200 generated_points=40111 bytes=1283552 half_angle_deg=45.000
[perfect_drone_full_node-2]  -- [TRAJ_GUARD_CERT] trigger=main_pre status=SAFE gen=11 map=33 map_age=0.013s map_age_limit=0.500s motion_speed=4.446mps samples=279 range=[0.232,1.620] collision_tt=-1.000 ttc=-1.000 p=[0.000,0.000,0.000]
[perfect_drone_full_node-2] Publish local map size: 40111
[perfect_drone_full_node-2] [WARN] [1789558445.745491381] [fsm_node]:  -- [SUPER] Retrying EXP with inflated guard corridor.
[perfect_drone_full_node-2] [INFO] [1789558445.753310537] [fsm_node]:  -- [TRAJ_GUARD_COMMIT] phase=ReplanOnce/with_backup gen=12 map=34 samples=260 range=[0.008,1.297] escape=false footprint_egress=false escape_done_tt=-1.000
[perfect_drone_full_node-2]  -- [TRAJ_GUARD_CERT] trigger=main_pre status=SAFE gen=11 map=34 map_age=0.011s map_age_limit=0.500s motion_speed=4.895mps samples=261 range=[0.322,1.620] collision_tt=-1.000 ttc=-1.000 p=[0.000,0.000,0.000]
[perfect_drone_full_node-2] [32m -- [Fsm] ReplanOnce succeed.[0m
[perfect_drone_full_node-2] [INFO] [1789558445.801720629] [perfect_tracking]: [SENSOR_ACQUISITION_FRAME] frame=35 cycle=0 full=1 stamp_ns=1789558445796863515 width=900 height=445 readback_pixels=801000 conversion_rays=115200 generated_points=36890 bytes=1180480 half_angle_deg=45.000
[perfect_drone_full_node-2]  -- [TRAJ_GUARD_CERT] trigger=poly_publish status=SAFE gen=12 map=34 map_age=0.028s map_age_limit=0.500s motion_speed=4.983mps samples=259 range=[0.008,1.297] collision_tt=-1.000 ttc=-1.000 p=[0.000,0.000,0.000]
[perfect_drone_full_node-2] Publish local map size: 36890
[perfect_drone_full_node-2] [INFO] [1789558445.902158634] [perfect_tracking]: [SENSOR_ACQUISITION_FRAME] frame=36 cycle=0 full=1 stamp_ns=1789558445896905312 width=900 height=445 readback_pixels=801000 conversion_rays=115200 generated_points=31592 bytes=1010944 half_angle_deg=45.000
[perfect_drone_full_node-2]  -- [TRAJ_GUARD_CERT] trigger=main_pre status=SAFE gen=12 map=35 map_age=0.012s map_age_limit=0.500s motion_speed=5.322mps samples=241 range=[0.102,1.297] collision_tt=-1.000 ttc=-1.000 p=[0.000,0.000,0.000]
[perfect_drone_full_node-2] Publish local map size: 31592
[perfect_drone_full_node-2] [ERROR] [1789558445.952809235] [fsm_node]:  -- [TRAJ_GUARD_REJECT] phase=ReplanOnce/with_backup segment=APPENDED_BACKUP status=CLEARANCE_MARGIN gen=13 map=36 from_tt=0.010 collision_tt=0.920 collision_p=[13.350,10.650,0.550] samples=236
[perfect_drone_full_node-2] [INFO] [1789558446.000186392] [perfect_tracking]: [SENSOR_ACQUISITION_FRAME] frame=37 cycle=0 full=1 stamp_ns=1789558445996860934 width=900 height=445 readback_pixels=801000 conversion_rays=115200 generated_points=30671 bytes=981472 half_angle_deg=45.000
[perfect_drone_full_node-2]  -- [TRAJ_GUARD_CERT] trigger=main_pre status=SAFE gen=12 map=36 map_age=0.012s map_age_limit=0.500s motion_speed=5.700mps samples=221 range=[0.202,1.297] collision_tt=-1.000 ttc=-1.000 p=[0.000,0.000,0.000]
[perfect_drone_full_node-2] Publish local map size: 30671
[perfect_drone_full_node-2] [INFO] [1789558446.020234949] [fsm_node]:  -- [TRAJ_GUARD_COMMIT] phase=ReplanOnce/with_backup gen=13 map=36 samples=243 range=[0.011,1.215] escape=false footprint_egress=false escape_done_tt=-1.000
[perfect_drone_full_node-2] [32m -- [Fsm] ReplanOnce succeed.[0m
[perfect_drone_full_node-2] [INFO] [1789558446.100207374] [perfect_tracking]: [SENSOR_ACQUISITION_FRAME] frame=38 cycle=0 full=1 stamp_ns=1789558446096874493 width=900 height=445 readback_pixels=801000 conversion_rays=115200 generated_points=28519 bytes=912608 half_angle_deg=45.000
[perfect_drone_full_node-2]  -- [TRAJ_GUARD_CERT] trigger=poly_publish status=SAFE gen=13 map=36 map_age=0.085s map_age_limit=0.500s motion_speed=6.201mps samples=242 range=[0.012,1.215] collision_tt=-1.000 ttc=-1.000 p=[0.000,0.000,0.000]
[perfect_drone_full_node-2]  -- [TRAJ_GUARD_CERT] trigger=main_pre status=SAFE gen=13 map=37 map_age=0.014s map_age_limit=0.500s motion_speed=6.332mps samples=237 range=[0.038,1.215] collision_tt=-1.000 ttc=-1.000 p=[0.000,0.000,0.000]
[perfect_drone_full_node-2] Publish local map size: 28519
[perfect_drone_full_node-2] [INFO] [1789558446.200579756] [perfect_tracking]: [SENSOR_ACQUISITION_FRAME] frame=39 cycle=0 full=1 stamp_ns=1789558446196911916 width=900 height=445 readback_pixels=801000 conversion_rays=115200 generated_points=25533 bytes=817056 half_angle_deg=45.000
[perfect_drone_full_node-2]  -- [TRAJ_GUARD_CERT] trigger=main_pre status=SAFE gen=13 map=38 map_age=0.010s map_age_limit=0.500s motion_speed=6.826mps samples=217 range=[0.138,1.215] collision_tt=-1.000 ttc=-1.000 p=[0.000,0.000,0.000]
[perfect_drone_full_node-2] Publish local map size: 25533
[perfect_drone_full_node-2] [INFO] [1789558446.223610738] [fsm_node]:  -- [TRAJ_GUARD_COMMIT] phase=ReplanOnce/with_backup gen=14 map=38 samples=233 range=[0.016,1.170] escape=false footprint_egress=false escape_done_tt=-1.000
[perfect_drone_full_node-2] [32m -- [Fsm] ReplanOnce succeed.[0m
[perfect_drone_full_node-2] [INFO] [1789558446.301599365] [perfect_tracking]: [SENSOR_ACQUISITION_FRAME] frame=40 cycle=0 full=1 stamp_ns=1789558446296914444 width=900 height=445 readback_pixels=801000 conversion_rays=115200 generated_points=25549 bytes=817568 half_angle_deg=45.000
[perfect_drone_full_node-2]  -- [TRAJ_GUARD_CERT] trigger=poly_publish status=SAFE gen=14 map=38 map_age=0.087s map_age_limit=0.500s motion_speed=6.949mps samples=232 range=[0.017,1.170] collision_tt=-1.000 ttc=-1.000 p=[0.000,0.000,0.000]
[perfect_drone_full_node-2]  -- [TRAJ_GUARD_CERT] trigger=main_pre status=SAFE gen=14 map=39 map_age=0.009s map_age_limit=0.500s motion_speed=6.968mps samples=226 range=[0.050,1.170] collision_tt=-1.000 ttc=-1.000 p=[0.000,0.000,0.000]
[perfect_drone_full_node-2] Publish local map size: 25549
[waypoint_mission-1] [INFO] [1789558446.340337468] [waypoint_mission]: [MISSION_GOAL_IDENTITY] stamp_ns=1789558442330150729 new_intent=0 new_identity=0 supported=1 waypoint=0
[perfect_drone_full_node-2] [INFO] [1789558446.340639760] [fsm_node]:  -- [GOAL_RETRANSMIT_COALESCED] stamp_ns=1789558442330150729 generation=14 map=39 queued_revision=3 accepted_revision=2 coalesced_total=2
[perfect_drone_full_node-2]  -- [TRAJ_GUARD_CERT] trigger=main_pre status=SAFE gen=14 map=40 map_age=0.010s map_age_limit=0.500s motion_speed=7.000mps samples=208 range=[0.140,1.170] collision_tt=-1.000 ttc=-1.000 p=[0.000,0.000,0.000]
[perfect_drone_full_node-2] [32m -- [Fsm 4.019] Current state: FOLLOW_TRAJ[0m
[perfect_drone_full_node-2] [INFO] [1789558446.401474391] [perfect_tracking]: [SENSOR_ACQUISITION_FRAME] frame=41 cycle=0 full=1 stamp_ns=1789558446397000181 width=900 height=445 readback_pixels=801000 conversion_rays=115200 generated_points=27679 bytes=885728 half_angle_deg=45.000
[perfect_drone_full_node-2] Publish local map size: 27679
[perfect_drone_full_node-2] [INFO] [1789558446.417189823] [fsm_node]:  -- [TRAJ_GUARD_COMMIT] phase=ReplanOnce/with_backup gen=15 map=40 samples=242 range=[0.012,1.208] escape=false footprint_egress=false escape_done_tt=-1.000
[perfect_drone_full_node-2] [32m -- [Fsm] ReplanOnce succeed.[0m
[perfect_drone_full_node-2] [INFO] [1789558446.501649164] [perfect_tracking]: [SENSOR_ACQUISITION_FRAME] frame=42 cycle=0 full=1 stamp_ns=1789558446496877270 width=900 height=445 readback_pixels=801000 conversion_rays=115200 generated_points=32773 bytes=1048736 half_angle_deg=45.000
[perfect_drone_full_node-2]  -- [TRAJ_GUARD_CERT] trigger=poly_publish status=SAFE gen=15 map=40 map_age=0.080s map_age_limit=0.500s motion_speed=6.963mps samples=241 range=[0.012,1.208] collision_tt=-1.000 ttc=-1.000 p=[0.000,0.000,0.000]
[perfect_drone_full_node-2]  -- [TRAJ_GUARD_CERT] trigger=main_pre status=SAFE gen=15 map=41 map_age=0.012s map_age_limit=0.500s motion_speed=6.953mps samples=235 range=[0.042,1.208] collision_tt=-1.000 ttc=-1.000 p=[0.000,0.000,0.000]
[perfect_drone_full_node-2] Publish local map size: 32773
[perfect_drone_full_node-2] [INFO] [1789558446.602806675] [perfect_tracking]: [SENSOR_ACQUISITION_FRAME] frame=43 cycle=0 full=1 stamp_ns=1789558446597007169 width=900 height=445 readback_pixels=801000 conversion_rays=115200 generated_points=38412 bytes=1229184 half_angle_deg=45.000
[perfect_drone_full_node-2]  -- [TRAJ_GUARD_CERT] trigger=main_pre status=SAFE gen=15 map=42 map_age=0.009s map_age_limit=0.500s motion_speed=6.959mps samples=215 range=[0.142,1.208] collision_tt=-1.000 ttc=-1.000 p=[0.000,0.000,0.000]
[perfect_drone_full_node-2] Publish local map size: 38412
[perfect_drone_full_node-2] [INFO] [1789558446.622638502] [fsm_node]:  -- [TRAJ_GUARD_COMMIT] phase=ReplanOnce/with_backup gen=16 map=42 samples=228 range=[0.019,1.146] escape=false footprint_egress=false escape_done_tt=-1.000
[perfect_drone_full_node-2] [32m -- [Fsm] ReplanOnce succeed.[0m
[perfect_drone_full_node-2] [INFO] [1789558446.702611032] [perfect_tracking]: [SENSOR_ACQUISITION_FRAME] frame=44 cycle=0 full=1 stamp_ns=1789558446696958591 width=900 height=445 readback_pixels=801000 conversion_rays=115200 generated_points=41295 bytes=1321440 half_angle_deg=45.000
[perfect_drone_full_node-2]  -- [TRAJ_GUARD_CERT] trigger=poly_publish status=SAFE gen=16 map=42 map_age=0.085s map_age_limit=0.500s motion_speed=6.992mps samples=227 range=[0.020,1.146] collision_tt=-1.000 ttc=-1.000 p=[0.000,0.000,0.000]
[perfect_drone_full_node-2]  -- [TRAJ_GUARD_CERT] trigger=main_pre status=SAFE gen=16 map=43 map_age=0.010s map_age_limit=0.500s motion_speed=6.997mps samples=222 range=[0.044,1.146] collision_tt=-1.000 ttc=-1.000 p=[0.000,0.000,0.000]
[perfect_drone_full_node-2] Publish local map size: 41295
[perfect_drone_full_node-2] [INFO] [1789558446.801556070] [perfect_tracking]: [SENSOR_ACQUISITION_FRAME] frame=45 cycle=0 full=1 stamp_ns=1789558446797026733 width=900 height=445 readback_pixels=801000 conversion_rays=115200 generated_points=28101 bytes=899232 half_angle_deg=45.000
[perfect_drone_full_node-2]  -- [TRAJ_GUARD_CERT] trigger=main_pre status=SAFE gen=16 map=44 map_age=0.009s map_age_limit=0.500s motion_speed=6.984mps samples=202 range=[0.144,1.146] collision_tt=-1.000 ttc=-1.000 p=[0.000,0.000,0.000]
[perfect_drone_full_node-2] Publish local map size: 28101
[perfect_drone_full_node-2] [INFO] [1789558446.811747469] [fsm_node]:  -- [TRAJ_GUARD_COMMIT] phase=ReplanOnce/with_backup gen=17 map=44 samples=249 range=[0.011,1.243] escape=false footprint_egress=false escape_done_tt=-1.000
[perfect_drone_full_node-2] [32m -- [Fsm] ReplanOnce succeed.[0m
[perfect_drone_full_node-2] [INFO] [1789558446.901274232] [perfect_tracking]: [SENSOR_ACQUISITION_FRAME] frame=46 cycle=0 full=1 stamp_ns=1789558446896975673 width=900 height=445 readback_pixels=801000 conversion_rays=115200 generated_points=23691 bytes=758112 half_angle_deg=45.000
[perfect_drone_full_node-2]  -- [TRAJ_GUARD_CERT] trigger=poly_publish status=SAFE gen=17 map=44 map_age=0.074s map_age_limit=0.500s motion_speed=6.976mps samples=248 range=[0.011,1.243] collision_tt=-1.000 ttc=-1.000 p=[0.000,0.000,0.000]
[perfect_drone_full_node-2]  -- [TRAJ_GUARD_CERT] trigger=main_pre status=SAFE gen=17 map=45 map_age=0.009s map_age_limit=0.500s motion_speed=6.980mps samples=241 range=[0.046,1.243] collision_tt=-1.000 ttc=-1.000 p=[0.000,0.000,0.000]
[perfect_drone_full_node-2] Publish local map size: 23691
[perfect_drone_full_node-2] [INFO] [1789558447.001509500] [perfect_tracking]: [SENSOR_ACQUISITION_FRAME] frame=47 cycle=0 full=1 stamp_ns=1789558446996943886 width=900 height=445 readback_pixels=801000 conversion_rays=115200 generated_points=22243 bytes=711776 half_angle_deg=45.000
[perfect_drone_full_node-2]  -- [TRAJ_GUARD_CERT] trigger=main_pre status=SAFE gen=17 map=46 map_age=0.011s map_age_limit=0.500s motion_speed=6.995mps samples=221 range=[0.146,1.243] collision_tt=-1.000 ttc=-1.000 p=[0.000,0.000,0.000]
[perfect_drone_full_node-2] Publish local map size: 22243
[perfect_drone_full_node-2] [INFO] [1789558447.011757358] [fsm_node]:  -- [TRAJ_GUARD_COMMIT] phase=ReplanOnce/with_backup gen=18 map=46 samples=246 range=[0.013,1.231] escape=false footprint_egress=false escape_done_tt=-1.000
[perfect_drone_full_node-2] [32m -- [Fsm] ReplanOnce succeed.[0m
[perfect_drone_full_node-2] [INFO] [1789558447.101709441] [perfect_tracking]: [SENSOR_ACQUISITION_FRAME] frame=48 cycle=0 full=1 stamp_ns=1789558447096926816 width=900 height=445 readback_pixels=801000 conversion_rays=115200 generated_points=24175 bytes=773600 half_angle_deg=45.000
[perfect_drone_full_node-2]  -- [TRAJ_GUARD_CERT] trigger=poly_publish status=SAFE gen=18 map=46 map_age=0.076s map_age_limit=0.500s motion_speed=7.000mps samples=245 range=[0.013,1.231] collision_tt=-1.000 ttc=-1.000 p=[0.000,0.000,0.000]
[perfect_drone_full_node-2]  -- [TRAJ_GUARD_CERT] trigger=main_pre status=SAFE gen=18 map=47 map_age=0.015s map_age_limit=0.500s motion_speed=6.998mps samples=238 range=[0.048,1.231] collision_tt=-1.000 ttc=-1.000 p=[0.000,0.000,0.000]
[perfect_drone_full_node-2] Publish local map size: 24175
[perfect_drone_full_node-2] [INFO] [1789558447.199599617] [perfect_tracking]: [SENSOR_ACQUISITION_FRAME] frame=49 cycle=0 full=1 stamp_ns=1789558447196878618 width=900 height=445 readback_pixels=801000 conversion_rays=115200 generated_points=26928 bytes=861696 half_angle_deg=45.000
[perfect_drone_full_node-2]  -- [TRAJ_GUARD_CERT] trigger=main_pre status=SAFE gen=18 map=48 map_age=0.015s map_age_limit=0.500s motion_speed=6.946mps samples=218 range=[0.148,1.231] collision_tt=-1.000 ttc=-1.000 p=[0.000,0.000,0.000]
[perfect_drone_full_node-2] Publish local map size: 26928
[perfect_drone_full_node-2] [INFO] [1789558447.204343475] [fsm_node]:  -- [TRAJ_GUARD_COMMIT] phase=ReplanOnce/with_backup gen=19 map=48 samples=235 range=[0.007,1.169] escape=false footprint_egress=false escape_done_tt=-1.000
[perfect_drone_full_node-2] [32m -- [Fsm] ReplanOnce succeed.[0m
[perfect_drone_full_node-2]  -- [TRAJ_GUARD_CERT] trigger=poly_publish status=SAFE gen=19 map=48 map_age=0.073s map_age_limit=0.500s motion_speed=6.926mps samples=234 range=[0.008,1.169] collision_tt=-1.000 ttc=-1.000 p=[0.000,0.000,0.000]
[perfect_drone_full_node-2]  -- [TRAJ_GUARD_CERT] trigger=main_pre status=SAFE gen=19 map=49 map_age=0.014s map_age_limit=0.500s motion_speed=6.930mps samples=227 range=[0.040,1.169] collision_tt=-1.000 ttc=-1.000 p=[0.000,0.000,0.000]
[perfect_drone_full_node-2]  -- [MARSIM] Running FPS: 227.648297380916745
[perfect_drone_full_node-2] [INFO] [1789558447.303381807] [perfect_tracking]: [SENSOR_ACQUISITION_FRAME] frame=50 cycle=0 full=1 stamp_ns=1789558447296964078 width=900 height=445 readback_pixels=801000 conversion_rays=115200 generated_points=29010 bytes=928320 half_angle_deg=45.000
[perfect_drone_full_node-2] [INFO] [1789558447.303490655] [perfect_tracking]: [STATIC_PC_LATCHED_SUMMARY] enabled=1 publications=1 points=635500 bytes=20336000 stamp_ns=1789558442314527267 timers_created=0 poll_callbacks=0
[perfect_drone_full_node-2] [INFO] [1789558447.303504961] [perfect_tracking]: [SENSOR_CADENCE_SUMMARY] frames=50 span_s=4.901166 hz=9.997620 raw_published=0 direct_handoffs=50 payload_bytes=41485888 side_entry_v1_enabled=0 side_entry_v1_spawned=0 side_entry_v1_injected_frames=0
[perfect_drone_full_node-2] [INFO] [1789558447.303519212] [perfect_tracking]: [SENSOR_BURST_DROPOUT_SUMMARY] enabled=0 warmup_s=1.000000 period_s=2.000000 duration_s=0.500000 phase_s=0.000000 phase_env_override=0 rendered=50 delivered=50 dropped=0 bursts=0 max_consecutive_dropped=0 max_delivered_gap_s=0.108116 dropped_payload_bytes=0
[perfect_drone_full_node-2] Publish local map size: 29010
[perfect_drone_full_node-2] [THREAD_CPU_PROFILE] version=1 pid=3372018 steady_ns=1070283219454393 final=0 stage=map_cloud_enqueue calls=50 inclusive_cpu_s=0.000302942 exclusive_cpu_s=0.000302942 clock_errors=0
[perfect_drone_full_node-2] [THREAD_CPU_PROFILE] version=1 pid=3372018 steady_ns=1070283219454393 final=0 stage=map_worker calls=49 inclusive_cpu_s=2.093402343 exclusive_cpu_s=0.000373979 clock_errors=0
[perfect_drone_full_node-2] [THREAD_CPU_PROFILE] version=1 pid=3372018 steady_ns=1070283219454393 final=0 stage=map_ros_to_pcl calls=50 inclusive_cpu_s=0.026667723 exclusive_cpu_s=0.026667723 clock_errors=0
[perfect_drone_full_node-2] [THREAD_CPU_PROFILE] version=1 pid=3372018 steady_ns=1070283219454393 final=0 stage=map_prob_update calls=50 inclusive_cpu_s=1.786988517 exclusive_cpu_s=1.786988517 clock_errors=0
[perfect_drone_full_node-2] [THREAD_CPU_PROFILE] version=1 pid=3372018 steady_ns=1070283219454393 final=0 stage=map_snapshot_commit_health calls=49 inclusive_cpu_s=0.304681587 exclusive_cpu_s=0.304681587 clock_errors=0
[perfect_drone_full_node-2] [THREAD_CPU_PROFILE] version=1 pid=3372018 steady_ns=1070283219454393 final=0 stage=map_ack_and_log calls=49 inclusive_cpu_s=0.003440345 exclusive_cpu_s=0.003440345 clock_errors=0
[perfect_drone_full_node-2] [THREAD_CPU_PROFILE] version=1 pid=3372018 steady_ns=1070283219454393 final=0 stage=fsm_main_callback calls=500 inclusive_cpu_s=0.041426643 exclusive_cpu_s=0.002246290 clock_errors=0
[perfect_drone_full_node-2] [THREAD_CPU_PROFILE] version=1 pid=3372018 steady_ns=1070283219454393 final=0 stage=fsm_main_core calls=500 inclusive_cpu_s=0.031933742 exclusive_cpu_s=0.002430469 clock_errors=0
[perfect_drone_full_node-2] [THREAD_CPU_PROFILE] version=1 pid=3372018 steady_ns=1070283219454393 final=0 stage=fsm_replan_callback calls=77 inclusive_cpu_s=0.512250432 exclusive_cpu_s=0.001056963 clock_errors=0
[perfect_drone_full_node-2] [THREAD_CPU_PROFILE] version=1 pid=3372018 steady_ns=1070283219454393 final=0 stage=fsm_replan_core calls=42 inclusive_cpu_s=0.506401984 exclusive_cpu_s=0.000980348 clock_errors=0
[perfect_drone_full_node-2] [THREAD_CPU_PROFILE] version=1 pid=3372018 steady_ns=1070283219454393 final=0 stage=fsm_command_callback calls=501 inclusive_cpu_s=0.027842781 exclusive_cpu_s=0.027842781 clock_errors=0
[perfect_drone_full_node-2] [THREAD_CPU_PROFILE] version=1 pid=3372018 steady_ns=1070283219454393 final=0 stage=guard_certificate calls=806 inclusive_cpu_s=0.008401430 exclusive_cpu_s=0.003931793 clock_errors=0
[perfect_drone_full_node-2] [THREAD_CPU_PROFILE] version=1 pid=3372018 steady_ns=1070283219454393 final=0 stage=planner_generate_exp calls=26 inclusive_cpu_s=0.321274875 exclusive_cpu_s=0.001951309 clock_errors=0
[perfect_drone_full_node-2] [THREAD_CPU_PROFILE] version=1 pid=3372018 steady_ns=1070283219454393 final=0 stage=planner_generate_backup calls=26 inclusive_cpu_s=0.203399128 exclusive_cpu_s=0.074052257 clock_errors=0
[perfect_drone_full_node-2] [THREAD_CPU_PROFILE] version=1 pid=3372018 steady_ns=1070283219454393 final=0 stage=planner_commit calls=26 inclusive_cpu_s=0.006584339 exclusive_cpu_s=0.001777329 clock_errors=0
[perfect_drone_full_node-2] [THREAD_CPU_PROFILE] version=1 pid=3372018 steady_ns=1070283219454393 final=0 stage=planner_validate_geometry calls=306 inclusive_cpu_s=0.013022270 exclusive_cpu_s=0.013022270 clock_errors=0
[perfect_drone_full_node-2] [THREAD_CPU_PROFILE] version=1 pid=3372018 steady_ns=1070283219454393 final=0 stage=planner_stop_viability calls=42 inclusive_cpu_s=0.007605274 exclusive_cpu_s=0.000820526 clock_errors=0
[perfect_drone_full_node-2] [THREAD_CPU_PROFILE] version=1 pid=3372018 steady_ns=1070283219454393 final=0 stage=planner_path_search calls=26 inclusive_cpu_s=0.112021617 exclusive_cpu_s=0.112021617 clock_errors=0
[perfect_drone_full_node-2] [THREAD_CPU_PROFILE] version=1 pid=3372018 steady_ns=1070283219454393 final=0 stage=planner_exp_optimize calls=26 inclusive_cpu_s=0.165950517 exclusive_cpu_s=0.165950517 clock_errors=0
[perfect_drone_full_node-2] [THREAD_CPU_PROFILE] version=1 pid=3372018 steady_ns=1070283219454393 final=0 stage=planner_backup_optimize calls=26 inclusive_cpu_s=0.129346871 exclusive_cpu_s=0.129346871 clock_errors=0
[perfect_drone_full_node-2] [THREAD_CPU_PROFILE] version=1 pid=3372018 steady_ns=1070283219454393 final=0 stage=planner_corridor_search calls=26 inclusive_cpu_s=0.041351432 exclusive_cpu_s=0.041351432 clock_errors=0
[perfect_drone_full_node-2] [THREAD_CPU_PROFILE] version=1 pid=3372018 steady_ns=1070283219454393 final=0 stage=planner_velocity_extrema calls=46 inclusive_cpu_s=0.000363824 exclusive_cpu_s=0.000363824 clock_errors=0
[perfect_drone_full_node-2] [THREAD_CPU_PROFILE] version=1 pid=3372018 steady_ns=1070283219454393 final=0 stage=planner_visualize_path calls=380 inclusive_cpu_s=0.002232774 exclusive_cpu_s=0.002232774 clock_errors=0
[perfect_drone_full_node-2] [THREAD_CPU_PROFILE] version=1 pid=3372018 steady_ns=1070283219454393 final=0 stage=fsm_poly_publish calls=19 inclusive_cpu_s=0.001433793 exclusive_cpu_s=0.000140486 clock_errors=0
[perfect_drone_full_node-2] [THREAD_CPU_PROFILE] version=1 pid=3372018 steady_ns=1070283219454393 final=0 stage=sim_odom_callback calls=501 inclusive_cpu_s=0.046561745 exclusive_cpu_s=0.046561745 clock_errors=0
[perfect_drone_full_node-2] [THREAD_CPU_PROFILE] version=1 pid=3372018 steady_ns=1070283219454393 final=0 stage=sim_render_callback calls=50 inclusive_cpu_s=0.209190135 exclusive_cpu_s=0.208887193 clock_errors=0
[perfect_drone_full_node-2] [THREAD_CPU_PROFILE] version=1 pid=3372018 steady_ns=1070283219454393 final=0 stage=map_odom_callback calls=476 inclusive_cpu_s=0.003602545 exclusive_cpu_s=0.003602545 clock_errors=0
[waypoint_mission-1] [INFO] [1789558447.350332329] [waypoint_mission]: [MISSION_GOAL_IDENTITY] stamp_ns=1789558442330150729 new_intent=0 new_identity=0 supported=1 waypoint=0
[perfect_drone_full_node-2] [INFO] [1789558447.350675327] [fsm_node]:  -- [GOAL_RETRANSMIT_COALESCED] stamp_ns=1789558442330150729 generation=19 map=50 queued_revision=3 accepted_revision=2 coalesced_total=3
[perfect_drone_full_node-2]  -- [TRAJ_GUARD_CERT] trigger=main_pre status=SAFE gen=19 map=50 map_age=0.015s map_age_limit=0.500s motion_speed=6.980mps samples=205 range=[0.150,1.169] collision_tt=-1.000 ttc=-1.000 p=[0.000,0.000,0.000]
[perfect_drone_full_node-2] [32m -- [Fsm 5.029] Current state: FOLLOW_TRAJ[0m
[perfect_drone_full_node-2] [INFO] [1789558447.401689660] [perfect_tracking]: [SENSOR_ACQUISITION_FRAME] frame=51 cycle=0 full=1 stamp_ns=1789558447397049720 width=900 height=445 readback_pixels=801000 conversion_rays=115200 generated_points=31442 bytes=1006144 half_angle_deg=45.000
[perfect_drone_full_node-2] Publish local map size: 31442
[perfect_drone_full_node-2] [INFO] [1789558447.418777260] [fsm_node]:  -- [TRAJ_GUARD_COMMIT] phase=ReplanOnce/with_backup gen=20 map=50 samples=242 range=[0.024,1.222] escape=false footprint_egress=false escape_done_tt=-1.000
[perfect_drone_full_node-2] [32m -- [Fsm] ReplanOnce succeed.[0m
[perfect_drone_full_node-2] [INFO] [1789558447.501372647] [perfect_tracking]: [SENSOR_ACQUISITION_FRAME] frame=52 cycle=0 full=1 stamp_ns=1789558447496942322 width=900 height=445 readback_pixels=801000 conversion_rays=115200 generated_points=34831 bytes=1114592 half_angle_deg=45.000
[perfect_drone_full_node-2]  -- [TRAJ_GUARD_CERT] trigger=poly_publish status=SAFE gen=20 map=50 map_age=0.087s map_age_limit=0.500s motion_speed=6.999mps samples=241 range=[0.024,1.222] collision_tt=-1.000 ttc=-1.000 p=[0.000,0.000,0.000]
[perfect_drone_full_node-2]  -- [TRAJ_GUARD_CERT] trigger=main_pre status=SAFE gen=20 map=51 map_age=0.007s map_age_limit=0.500s motion_speed=6.999mps samples=237 range=[0.042,1.222] collision_tt=-1.000 ttc=-1.000 p=[0.000,0.000,0.000]
[perfect_drone_full_node-2] Publish local map size: 34831
[perfect_drone_full_node-2] [INFO] [1789558447.527014824] [fsm_node]:  -- [DEMAND_REPLAN] checks=75 skips=32 renewals=22 reason=SKIP gen=20 map=51 required_until=0.338 checked_until=1.222
[perfect_drone_full_node-2] [INFO] [1789558447.527090736] [fsm_node]:  -- [DEMAND_REPLAN_REASONS] checks=75 counted=75 max_dispatch_interval=0.25 final_counts=DISABLED=0,INVALID_POLICY=0,NOT_ORDINARY=17,NEW_GOAL=3,RECOVERY_PENDING=0,SAFETY_PENDING=0,FAILURE_OR_REJECTION=5,NO_SUCCESSFUL_LEASE=0,STALE_OR_UNCERTIFIED_MAP=1,TRAJECTORY_MISMATCH=0,CLOCK_INVALID=0,DISPATCH_DEADLINE=15,ON_BACKUP=0,INSUFFICIENT_GEOMETRY=0,INSUFFICIENT_MOTION_HORIZON=1,NEED_VIABILITY_RENEWAL=0,VIABILITY_RENEWAL_REJECTED=1,EVIDENCE_CHANGED=0,SKIP=32
[perfect_drone_full_node-2] [INFO] [1789558447.601361226] [perfect_tracking]: [SENSOR_ACQUISITION_FRAME] frame=53 cycle=0 full=1 stamp_ns=1789558447596912234 width=900 height=445 readback_pixels=801000 conversion_rays=115200 generated_points=27454 bytes=878528 half_angle_deg=45.000
[perfect_drone_full_node-2]  -- [TRAJ_GUARD_CERT] trigger=main_pre status=SAFE gen=20 map=52 map_age=0.010s map_age_limit=0.500s motion_speed=6.999mps samples=215 range=[0.152,1.222] collision_tt=-1.000 ttc=-1.000 p=[0.000,0.000,0.000]
[perfect_drone_full_node-2] Publish local map size: 27454
[perfect_drone_full_node-2] [INFO] [1789558447.607210789] [fsm_node]:  -- [TRAJ_GUARD_COMMIT] phase=ReplanOnce/with_backup gen=21 map=52 samples=246 range=[0.014,1.229] escape=false footprint_egress=false escape_done_tt=-1.000
[perfect_drone_full_node-2] [32m -- [Fsm] ReplanOnce succeed.[0m
[perfect_drone_full_node-2] [INFO] [1789558447.702438437] [perfect_tracking]: [SENSOR_ACQUISITION_FRAME] frame=54 cycle=0 full=1 stamp_ns=1789558447696919083 width=900 height=445 readback_pixels=801000 conversion_rays=115200 generated_points=24311 bytes=777952 half_angle_deg=45.000
[perfect_drone_full_node-2]  -- [TRAJ_GUARD_CERT] trigger=poly_publish status=SAFE gen=21 map=52 map_age=0.070s map_age_limit=0.500s motion_speed=6.999mps samples=245 range=[0.014,1.229] collision_tt=-1.000 ttc=-1.000 p=[0.000,0.000,0.000]
[perfect_drone_full_node-2]  -- [TRAJ_GUARD_CERT] trigger=main_pre status=SAFE gen=21 map=53 map_age=0.011s map_age_limit=0.500s motion_speed=6.995mps samples=237 range=[0.054,1.229] collision_tt=-1.000 ttc=-1.000 p=[0.000,0.000,0.000]
[perfect_drone_full_node-2] Publish local map size: 24311
[perfect_drone_full_node-2] [INFO] [1789558447.801803814] [perfect_tracking]: [SENSOR_ACQUISITION_FRAME] frame=55 cycle=0 full=1 stamp_ns=1789558447796918105 width=900 height=445 readback_pixels=801000 conversion_rays=115200 generated_points=23123 bytes=739936 half_angle_deg=45.000
[perfect_drone_full_node-2]  -- [TRAJ_GUARD_CERT] trigger=main_pre status=SAFE gen=21 map=54 map_age=0.011s map_age_limit=0.500s motion_speed=6.938mps samples=217 range=[0.154,1.229] collision_tt=-1.000 ttc=-1.000 p=[0.000,0.000,0.000]
[perfect_drone_full_node-2] Publish local map size: 23123
[perfect_drone_full_node-2] [INFO] [1789558447.807244233] [fsm_node]:  -- [TRAJ_GUARD_COMMIT] phase=ReplanOnce/with_backup gen=22 map=54 samples=249 range=[0.016,1.249] escape=false footprint_egress=false escape_done_tt=-1.000
[perfect_drone_full_node-2] [32m -- [Fsm] ReplanOnce succeed.[0m
[perfect_drone_full_node-2] [INFO] [1789558447.902165945] [perfect_tracking]: [SENSOR_ACQUISITION_FRAME] frame=56 cycle=0 full=1 stamp_ns=1789558447897067140 width=900 height=445 readback_pixels=801000 conversion_rays=115200 generated_points=23412 bytes=749184 half_angle_deg=45.000
[perfect_drone_full_node-2]  -- [TRAJ_GUARD_CERT] trigger=poly_publish status=SAFE gen=22 map=54 map_age=0.071s map_age_limit=0.500s motion_speed=6.884mps samples=248 range=[0.016,1.249] collision_tt=-1.000 ttc=-1.000 p=[0.000,0.000,0.000]
[perfect_drone_full_node-2]  -- [TRAJ_GUARD_CERT] trigger=main_pre status=SAFE gen=22 map=55 map_age=0.012s map_age_limit=0.500s motion_speed=6.876mps samples=240 range=[0.056,1.249] collision_tt=-1.000 ttc=-1.000 p=[0.000,0.000,0.000]
[perfect_drone_full_node-2] Publish local map size: 23412
[perfect_drone_full_node-2] [INFO] [1789558448.001706030] [perfect_tracking]: [SENSOR_ACQUISITION_FRAME] frame=57 cycle=0 full=1 stamp_ns=1789558447996923114 width=900 height=445 readback_pixels=801000 conversion_rays=115200 generated_points=24525 bytes=784800 half_angle_deg=45.000
[perfect_drone_full_node-2]  -- [TRAJ_GUARD_CERT] trigger=main_pre status=SAFE gen=22 map=56 map_age=0.011s map_age_limit=0.500s motion_speed=6.945mps samples=220 range=[0.156,1.249] collision_tt=-1.000 ttc=-1.000 p=[0.000,0.000,0.000]
[perfect_drone_full_node-2] Publish local map size: 24525
[perfect_drone_full_node-2] [INFO] [1789558448.006738993] [fsm_node]:  -- [TRAJ_GUARD_COMMIT] phase=ReplanOnce/with_backup gen=23 map=56 samples=246 range=[0.017,1.233] escape=false footprint_egress=false escape_done_tt=-1.000
[perfect_drone_full_node-2] [32m -- [Fsm] ReplanOnce succeed.[0m
[perfect_drone_full_node-2] [INFO] [1789558448.102520812] [perfect_tracking]: [SENSOR_ACQUISITION_FRAME] frame=58 cycle=0 full=1 stamp_ns=1789558448096941849 width=900 height=445 readback_pixels=801000 conversion_rays=115200 generated_points=27161 bytes=869152 half_angle_deg=45.000
[perfect_drone_full_node-2]  -- [TRAJ_GUARD_CERT] trigger=poly_publish status=SAFE gen=23 map=56 map_age=0.071s map_age_limit=0.500s motion_speed=6.994mps samples=245 range=[0.018,1.233] collision_tt=-1.000 ttc=-1.000 p=[0.000,0.000,0.000]
[perfect_drone_full_node-2]  -- [TRAJ_GUARD_CERT] trigger=main_pre status=SAFE gen=23 map=57 map_age=0.010s map_age_limit=0.500s motion_speed=6.999mps samples=237 range=[0.058,1.233] collision_tt=-1.000 ttc=-1.000 p=[0.000,0.000,0.000]
[perfect_drone_full_node-2] Publish local map size: 27161
[perfect_drone_full_node-2] [INFO] [1789558448.199150020] [fsm_node]:  -- [TRAJ_GUARD_COMMIT] phase=ReplanOnce/with_backup gen=24 map=58 samples=243 range=[0.012,1.213] escape=false footprint_egress=false escape_done_tt=-1.000
[perfect_drone_full_node-2]  -- [TRAJ_GUARD_CERT] trigger=main_pre status=SAFE gen=23 map=58 map_age=0.009s map_age_limit=0.500s motion_speed=6.938mps samples=217 range=[0.158,1.233] collision_tt=-1.000 ttc=-1.000 p=[0.000,0.000,0.000]
[perfect_drone_full_node-2] [32m -- [Fsm] ReplanOnce succeed.[0m
[perfect_drone_full_node-2] [INFO] [1789558448.200361976] [perfect_tracking]: [SENSOR_ACQUISITION_FRAME] frame=59 cycle=0 full=1 stamp_ns=1789558448196948835 width=900 height=445 readback_pixels=801000 conversion_rays=115200 generated_points=36499 bytes=1167968 half_angle_deg=45.000
[perfect_drone_full_node-2]  -- [TRAJ_GUARD_CERT] trigger=poly_publish status=SAFE gen=24 map=58 map_age=0.062s map_age_limit=0.500s motion_speed=6.916mps samples=242 range=[0.012,1.213] collision_tt=-1.000 ttc=-1.000 p=[0.000,0.000,0.000]
[perfect_drone_full_node-2] Publish local map size: 36499
[perfect_drone_full_node-2] [INFO] [1789558448.258637293] [fsm_node]:  -- [TRAJ_GUARD_COMMIT] phase=ReplanOnce/with_backup gen=25 map=59 samples=245 range=[0.006,1.220] escape=false footprint_egress=false escape_done_tt=-1.000
[perfect_drone_full_node-2]  -- [TRAJ_GUARD_CERT] trigger=main_pre status=SAFE gen=24 map=59 map_age=0.014s map_age_limit=0.500s motion_speed=6.927mps samples=230 range=[0.070,1.213] collision_tt=-1.000 ttc=-1.000 p=[0.000,0.000,0.000]
[perfect_drone_full_node-2] [32m -- [Fsm] ReplanOnce succeed.[0m
[perfect_drone_full_node-2] [INFO] [1789558448.302075436] [perfect_tracking]: [SENSOR_ACQUISITION_FRAME] frame=60 cycle=0 full=1 stamp_ns=1789558448296963526 width=900 height=445 readback_pixels=801000 conversion_rays=115200 generated_points=37106 bytes=1187392 half_angle_deg=45.000
[perfect_drone_full_node-2]  -- [TRAJ_GUARD_CERT] trigger=poly_publish status=SAFE gen=25 map=59 map_age=0.016s map_age_limit=0.500s motion_speed=6.932mps samples=244 range=[0.006,1.220] collision_tt=-1.000 ttc=-1.000 p=[0.000,0.000,0.000]
[perfect_drone_full_node-2] Publish local map size: 37106
[waypoint_mission-1] [INFO] [1789558448.350447840] [waypoint_mission]: [MISSION_GOAL_IDENTITY] stamp_ns=1789558442330150729 new_intent=0 new_identity=0 supported=1 waypoint=0
[perfect_drone_full_node-2]  -- [TRAJ_GUARD_CERT] trigger=main_pre status=SAFE gen=25 map=60 map_age=0.017s map_age_limit=0.500s motion_speed=6.982mps samples=225 range=[0.104,1.220] collision_tt=-1.000 ttc=-1.000 p=[0.000,0.000,0.000]
[perfect_drone_full_node-2] [32m -- [Fsm 6.029] Current state: FOLLOW_TRAJ[0m
[perfect_drone_full_node-2] [32m -- [Fsm] Get goal at [0m24.025 24.025  1.525
[perfect_drone_full_node-2] [32m -- [Fsm] Receive click goal at: [24.025 24.025  1.525]; goal yaw: 0.000 deg[0m
[perfect_drone_full_node-2] [INFO] [1789558448.400801707] [perfect_tracking]: [SENSOR_ACQUISITION_FRAME] frame=61 cycle=0 full=1 stamp_ns=1789558448396956017 width=900 height=445 readback_pixels=801000 conversion_rays=115200 generated_points=18954 bytes=606528 half_angle_deg=45.000
[perfect_drone_full_node-2] Publish local map size: 18954
[perfect_drone_full_node-2] [INFO] [1789558448.414184627] [fsm_node]:  -- [TRAJ_GUARD_COMMIT] phase=ReplanOnce/with_backup gen=26 map=60 samples=243 range=[0.029,1.233] escape=false footprint_egress=false escape_done_tt=-1.000
[perfect_drone_full_node-2] [32m -- [Fsm] ReplanOnce succeed.[0m
[perfect_drone_full_node-2] [INFO] [1789558448.502078101] [perfect_tracking]: [SENSOR_ACQUISITION_FRAME] frame=62 cycle=0 full=1 stamp_ns=1789558448496922685 width=900 height=445 readback_pixels=801000 conversion_rays=115200 generated_points=14625 bytes=468000 half_angle_deg=45.000
[perfect_drone_full_node-2]  -- [TRAJ_GUARD_CERT] trigger=poly_publish status=SAFE gen=26 map=60 map_age=0.074s map_age_limit=0.500s motion_speed=6.999mps samples=242 range=[0.029,1.233] collision_tt=-1.000 ttc=-1.000 p=[0.000,0.000,0.000]
[perfect_drone_full_node-2]  -- [TRAJ_GUARD_CERT] trigger=main_pre status=SAFE gen=26 map=61 map_age=0.010s map_age_limit=0.500s motion_speed=6.999mps samples=236 range=[0.062,1.233] collision_tt=-1.000 ttc=-1.000 p=[0.000,0.000,0.000]
[perfect_drone_full_node-2] Publish local map size: 14625
[perfect_drone_full_node-2] [INFO] [1789558448.592394319] [fsm_node]:  -- [TRAJ_GUARD_COMMIT] phase=ReplanOnce/no_backup gen=27 map=62 samples=225 range=[0.009,1.123] escape=false footprint_egress=false escape_done_tt=-1.000
[perfect_drone_full_node-2]  -- [TRAJ_GUARD_CERT] trigger=main_pre status=SAFE gen=26 map=62 map_age=0.007s map_age_limit=0.500s motion_speed=6.957mps samples=216 range=[0.162,1.233] collision_tt=-1.000 ttc=-1.000 p=[0.000,0.000,0.000]
[perfect_drone_full_node-2] [32m -- [Fsm] ReplanOnce succeed.[0m
[perfect_drone_full_node-2] [INFO] [1789558448.601362922] [perfect_tracking]: [SENSOR_ACQUISITION_FRAME] frame=63 cycle=0 full=1 stamp_ns=1789558448596997503 width=900 height=445 readback_pixels=801000 conversion_rays=115200 generated_points=14447 bytes=462304 half_angle_deg=45.000
[perfect_drone_full_node-2]  -- [TRAJ_GUARD_CERT] trigger=poly_publish status=SAFE gen=27 map=62 map_age=0.052s map_age_limit=0.500s motion_speed=6.931mps samples=224 range=[0.010,1.123] collision_tt=-1.000 ttc=-1.000 p=[0.000,0.000,0.000]
[perfect_drone_full_node-2] Publish local map size: 14447
[perfect_drone_full_node-2] [INFO] [1789558448.701647594] [perfect_tracking]: [SENSOR_ACQUISITION_FRAME] frame=64 cycle=0 full=1 stamp_ns=1789558448697081072 width=900 height=445 readback_pixels=801000 conversion_rays=115200 generated_points=14535 bytes=465120 half_angle_deg=45.000
[perfect_drone_full_node-2]  -- [TRAJ_GUARD_CERT] trigger=main_pre status=SAFE gen=27 map=63 map_age=0.010s map_age_limit=0.500s motion_speed=6.915mps samples=213 range=[0.064,1.123] collision_tt=-1.000 ttc=-1.000 p=[0.000,0.000,0.000]
[perfect_drone_full_node-2] Publish local map size: 14535
[perfect_drone_full_node-2] [INFO] [1789558448.801154308] [perfect_tracking]: [SENSOR_ACQUISITION_FRAME] frame=65 cycle=0 full=1 stamp_ns=1789558448796966810 width=900 height=445 readback_pixels=801000 conversion_rays=115200 generated_points=13079 bytes=418528 half_angle_deg=45.000
[perfect_drone_full_node-2]  -- [TRAJ_GUARD_CERT] trigger=main_pre status=SAFE gen=27 map=64 map_age=0.010s map_age_limit=0.500s motion_speed=6.924mps samples=193 range=[0.164,1.123] collision_tt=-1.000 ttc=-1.000 p=[0.000,0.000,0.000]
[perfect_drone_full_node-2] Publish local map size: 13079
[perfect_drone_full_node-2] [INFO] [1789558448.805369833] [fsm_node]:  -- [TRAJ_GUARD_COMMIT] phase=ReplanOnce/no_backup gen=28 map=64 samples=186 range=[0.024,0.940] escape=false footprint_egress=false escape_done_tt=-1.000
[perfect_drone_full_node-2] [32m -- [Fsm] ReplanOnce succeed.[0m
[perfect_drone_full_node-2] [INFO] [1789558448.902470127] [perfect_tracking]: [SENSOR_ACQUISITION_FRAME] frame=66 cycle=0 full=1 stamp_ns=1789558448896937238 width=900 height=445 readback_pixels=801000 conversion_rays=115200 generated_points=12868 bytes=411776 half_angle_deg=45.000
[perfect_drone_full_node-2]  -- [TRAJ_GUARD_CERT] trigger=poly_publish status=SAFE gen=28 map=64 map_age=0.068s map_age_limit=0.500s motion_speed=6.920mps samples=185 range=[0.025,0.940] collision_tt=-1.000 ttc=-1.000 p=[0.000,0.000,0.000]
[perfect_drone_full_node-2]  -- [TRAJ_GUARD_CERT] trigger=main_pre status=SAFE gen=28 map=65 map_age=0.011s map_age_limit=0.500s motion_speed=6.907mps samples=176 range=[0.066,0.940] collision_tt=-1.000 ttc=-1.000 p=[0.000,0.000,0.000]
[perfect_drone_full_node-2] Publish local map size: 12868
[perfect_drone_full_node-2] [INFO] [1789558448.980614004] [fsm_node]:  -- [TRAJ_GUARD_COMMIT] phase=ReplanOnce/no_backup gen=29 map=66 samples=147 range=[0.002,0.726] escape=false footprint_egress=false escape_done_tt=-1.000
[perfect_drone_full_node-2]  -- [TRAJ_GUARD_CERT] trigger=main_pre status=SAFE gen=28 map=66 map_age=0.008s map_age_limit=0.500s motion_speed=6.905mps samples=156 range=[0.166,0.940] collision_tt=-1.000 ttc=-1.000 p=[0.000,0.000,0.000]
[perfect_drone_full_node-2] [32m -- [Fsm] ReplanOnce succeed.[0m
[perfect_drone_full_node-2] [INFO] [1789558449.002632182] [perfect_tracking]: [SENSOR_ACQUISITION_FRAME] frame=67 cycle=0 full=1 stamp_ns=1789558448996938618 width=900 height=445 readback_pixels=801000 conversion_rays=115200 generated_points=13054 bytes=417728 half_angle_deg=45.000
[perfect_drone_full_node-2]  -- [TRAJ_GUARD_CERT] trigger=poly_publish status=SAFE gen=29 map=66 map_age=0.042s map_age_limit=0.500s motion_speed=6.938mps samples=146 range=[0.002,0.726] collision_tt=-1.000 ttc=-1.000 p=[0.000,0.000,0.000]
[perfect_drone_full_node-2] Publish local map size: 13054
[perfect_drone_full_node-2] [INFO] [1789558449.101463670] [perfect_tracking]: [SENSOR_ACQUISITION_FRAME] frame=68 cycle=0 full=1 stamp_ns=1789558449097090013 width=900 height=445 readback_pixels=801000 conversion_rays=115200 generated_points=23389 bytes=748448 half_angle_deg=45.000
[perfect_drone_full_node-2]  -- [TRAJ_GUARD_CERT] trigger=main_pre status=SAFE gen=29 map=67 map_age=0.108s map_age_limit=0.500s motion_speed=6.979mps samples=133 range=[0.068,0.726] collision_tt=-1.000 ttc=-1.000 p=[0.000,0.000,0.000]
[perfect_drone_full_node-2] Publish local map size: 23389
[perfect_drone_full_node-2] [INFO] [1789558449.177812398] [fsm_node]:  -- [TRAJ_GUARD_COMMIT] phase=ReplanOnce/no_backup gen=30 map=68 samples=108 range=[0.000,0.528] escape=false footprint_egress=false escape_done_tt=-1.000
[perfect_drone_full_node-2]  -- [TRAJ_GUARD_CERT] trigger=main_pre status=SAFE gen=29 map=68 map_age=0.008s map_age_limit=0.500s motion_speed=6.834mps samples=113 range=[0.168,0.726] collision_tt=-1.000 ttc=-1.000 p=[0.000,0.000,0.000]
[perfect_drone_full_node-2] [32m -- [Fsm] ReplanOnce succeed.[0m
[waypoint_mission-1] [INFO] [1789558449.200395072] [waypoint_mission]: [MISSION_GOAL_IDENTITY] stamp_ns=1789558449200392163 new_intent=1 new_identity=1 supported=1 waypoint=1
[perfect_drone_full_node-2] [INFO] [1789558449.201306106] [perfect_tracking]: [SENSOR_ACQUISITION_FRAME] frame=69 cycle=0 full=1 stamp_ns=1789558449197049454 width=900 height=445 readback_pixels=801000 conversion_rays=115200 generated_points=16946 bytes=542272 half_angle_deg=45.000
[perfect_drone_full_node-2]  -- [TRAJ_GUARD_CERT] trigger=poly_publish status=SAFE gen=30 map=68 map_age=0.039s map_age_limit=0.500s motion_speed=6.621mps samples=107 range=[0.001,0.528] collision_tt=-1.000 ttc=-1.000 p=[0.000,0.000,0.000]
[perfect_drone_full_node-2] Publish local map size: 16946
[perfect_drone_full_node-2] [32m -- [Fsm] Get goal at [0m-23.975000000000001  24.025000000000002   1.525000000000000
[perfect_drone_full_node-2] [32m -- [Fsm] Receive click goal at: [-23.975000000000001  24.025000000000002   1.525000000000000]; goal yaw: 0.000000000000000 deg[0m
[perfect_drone_full_node-2] [WARN] [1789558449.263676162] [fsm_node]:  -- [TRAJ_GUARD_VIABILITY_SLOWDOWN] phase=ReplanOnce/with_backup gen=31 scale=1.250 retries=1
[perfect_drone_full_node-2] [INFO] [1789558449.263752233] [fsm_node]:  -- [TRAJ_GUARD_COMMIT] phase=ReplanOnce/with_backup gen=31 map=69 samples=551 range=[0.020,2.765] escape=false footprint_egress=false escape_done_tt=-1.000
[perfect_drone_full_node-2]  -- [TRAJ_GUARD_CERT] trigger=main_pre status=SAFE gen=30 map=69 map_age=0.008s map_age_limit=0.500s motion_speed=6.099mps samples=93 range=[0.070,0.528] collision_tt=-1.000 ttc=-1.000 p=[0.000,0.000,0.000]
[perfect_drone_full_node-2] [32m -- [Fsm] ReplanOnce succeed.[0m
[perfect_drone_full_node-2] [INFO] [1789558449.300980487] [perfect_tracking]: [SENSOR_ACQUISITION_FRAME] frame=70 cycle=0 full=1 stamp_ns=1789558449296947131 width=900 height=445 readback_pixels=801000 conversion_rays=115200 generated_points=14824 bytes=474368 half_angle_deg=45.000
[perfect_drone_full_node-2]  -- [TRAJ_GUARD_CERT] trigger=poly_publish status=SAFE gen=31 map=69 map_age=0.025s map_age_limit=0.500s motion_speed=5.875mps samples=550 range=[0.021,2.765] collision_tt=-1.000 ttc=-1.000 p=[0.000,0.000,0.000]
[perfect_drone_full_node-2] Publish local map size: 14824
[perfect_drone_full_node-2]  -- [TRAJ_GUARD_CERT] trigger=main_pre status=SAFE gen=31 map=70 map_age=0.014s map_age_limit=0.500s motion_speed=4.036mps samples=534 range=[0.104,2.765] collision_tt=-1.000 ttc=-1.000 p=[0.000,0.000,0.000]
[perfect_drone_full_node-2] [32m -- [Fsm 7.039] Current state: FOLLOW_TRAJ[0m
[perfect_drone_full_node-2] [INFO] [1789558449.401059783] [perfect_tracking]: [SENSOR_ACQUISITION_FRAME] frame=71 cycle=0 full=1 stamp_ns=1789558449396947326 width=900 height=445 readback_pixels=801000 conversion_rays=115200 generated_points=15191 bytes=486112 half_angle_deg=45.000
[perfect_drone_full_node-2] Publish local map size: 15191
[perfect_drone_full_node-2] [INFO] [1789558449.458477628] [fsm_node]:  -- [TRAJ_GUARD_COMMIT] phase=ReplanOnce/with_backup gen=32 map=71 samples=424 range=[0.017,2.125] escape=false footprint_egress=false escape_done_tt=-1.000
[perfect_drone_full_node-2]  -- [TRAJ_GUARD_CERT] trigger=main_pre status=SAFE gen=31 map=71 map_age=0.014s map_age_limit=0.526s motion_speed=2.972mps samples=514 range=[0.204,2.765] collision_tt=-1.000 ttc=-1.000 p=[0.000,0.000,0.000]
[perfect_drone_full_node-2] [32m -- [Fsm] ReplanOnce succeed.[0m
[perfect_drone_full_node-2] [INFO] [1789558449.501781576] [perfect_tracking]: [SENSOR_ACQUISITION_FRAME] frame=72 cycle=0 full=1 stamp_ns=1789558449497005748 width=900 height=445 readback_pixels=801000 conversion_rays=115200 generated_points=16603 bytes=531296 half_angle_deg=45.000
[perfect_drone_full_node-2]  -- [TRAJ_GUARD_CERT] trigger=poly_publish status=SAFE gen=32 map=71 map_age=0.026s map_age_limit=0.538s motion_speed=2.745mps samples=423 range=[0.018,2.125] collision_tt=-1.000 ttc=-1.000 p=[0.000,0.000,0.000]
[perfect_drone_full_node-2] Publish local map size: 16603
[perfect_drone_full_node-2]  -- [TRAJ_GUARD_CERT] trigger=main_pre status=SAFE gen=32 map=72 map_age=0.010s map_age_limit=0.550s motion_speed=1.824mps samples=405 range=[0.106,2.125] collision_tt=-1.000 ttc=-1.000 p=[0.000,0.000,0.000]
[perfect_drone_full_node-2]  -- [MARSIM] Running FPS: 219.932640560815230
[perfect_drone_full_node-2] [INFO] [1789558449.602274160] [perfect_tracking]: [SENSOR_ACQUISITION_FRAME] frame=73 cycle=0 full=1 stamp_ns=1789558449596992526 width=900 height=445 readback_pixels=801000 conversion_rays=115200 generated_points=18744 bytes=599808 half_angle_deg=45.000
[perfect_drone_full_node-2] Publish local map size: 18744
[perfect_drone_full_node-2] [WARN] [1789558449.667208554] [fsm_node]:  -- [TRAJ_GUARD_VIABILITY_SLOWDOWN] phase=ReplanOnce/with_backup gen=33 scale=1.250 retries=1
[perfect_drone_full_node-2] [INFO] [1789558449.667263922] [fsm_node]:  -- [TRAJ_GUARD_COMMIT] phase=ReplanOnce/with_backup gen=33 map=73 samples=345 range=[0.028,1.740] escape=false footprint_egress=false escape_done_tt=-1.000
[perfect_drone_full_node-2]  -- [TRAJ_GUARD_CERT] trigger=main_pre status=SAFE gen=32 map=73 map_age=0.010s map_age_limit=0.550s motion_speed=1.099mps samples=385 range=[0.206,2.125] collision_tt=-1.000 ttc=-1.000 p=[0.000,0.000,0.000]
[perfect_drone_full_node-2] [32m -- [Fsm] ReplanOnce succeed.[0m
[perfect_drone_full_node-2] [INFO] [1789558449.700169403] [perfect_tracking]: [SENSOR_ACQUISITION_FRAME] frame=74 cycle=0 full=1 stamp_ns=1789558449696971024 width=900 height=445 readback_pixels=801000 conversion_rays=115200 generated_points=16541 bytes=529312 half_angle_deg=45.000
[perfect_drone_full_node-2]  -- [TRAJ_GUARD_CERT] trigger=poly_publish status=SAFE gen=33 map=73 map_age=0.031s map_age_limit=0.550s motion_speed=1.259mps samples=344 range=[0.028,1.740] collision_tt=-1.000 ttc=-1.000 p=[0.000,0.000,0.000]
[perfect_drone_full_node-2] Publish local map size: 16541
[perfect_drone_full_node-2] [INFO] [1789558449.802586402] [perfect_tracking]: [SENSOR_ACQUISITION_FRAME] frame=75 cycle=0 full=1 stamp_ns=1789558449797017027 width=900 height=445 readback_pixels=801000 conversion_rays=115200 generated_points=16776 bytes=536832 half_angle_deg=45.000
[perfect_drone_full_node-2]  -- [TRAJ_GUARD_CERT] trigger=main_pre status=SAFE gen=33 map=74 map_age=0.007s map_age_limit=0.550s motion_speed=1.462mps samples=330 range=[0.098,1.740] collision_tt=-1.000 ttc=-1.000 p=[0.000,0.000,0.000]
[perfect_drone_full_node-2] Publish local map size: 16776
[perfect_drone_full_node-2] [ERROR] [1789558449.850643731] [fsm_node]:  -- [TRAJ_GUARD_REJECT] phase=ReplanOnce/with_backup segment=APPENDED_BACKUP status=CLEARANCE_MARGIN gen=34 map=75 from_tt=0.013 collision_tt=1.243 collision_p=[17.195,24.734,1.616] samples=272
[perfect_drone_full_node-2] [INFO] [1789558449.901577851] [perfect_tracking]: [SENSOR_ACQUISITION_FRAME] frame=76 cycle=0 full=1 stamp_ns=1789558449896957634 width=900 height=445 readback_pixels=801000 conversion_rays=115200 generated_points=17357 bytes=555424 half_angle_deg=45.000
[perfect_drone_full_node-2]  -- [TRAJ_GUARD_CERT] trigger=main_pre status=SAFE gen=33 map=75 map_age=0.012s map_age_limit=0.535s motion_speed=2.802mps samples=308 range=[0.208,1.740] collision_tt=-1.000 ttc=-1.000 p=[0.000,0.000,0.000]
[perfect_drone_full_node-2] Publish local map size: 17357
[perfect_drone_full_node-2] [INFO] [1789558449.921702493] [fsm_node]:  -- [TRAJ_GUARD_COMMIT] phase=ReplanOnce/with_backup gen=34 map=75 samples=254 range=[0.019,1.275] escape=false footprint_egress=false escape_done_tt=-1.000
[perfect_drone_full_node-2] [32m -- [Fsm] ReplanOnce succeed.[0m
[perfect_drone_full_node-2] [INFO] [1789558450.001693243] [perfect_tracking]: [SENSOR_ACQUISITION_FRAME] frame=77 cycle=0 full=1 stamp_ns=1789558449996985575 width=900 height=445 readback_pixels=801000 conversion_rays=115200 generated_points=17615 bytes=563680 half_angle_deg=45.000
[perfect_drone_full_node-2]  -- [TRAJ_GUARD_CERT] trigger=poly_publish status=SAFE gen=34 map=75 map_age=0.086s map_age_limit=0.500s motion_speed=3.792mps samples=253 range=[0.019,1.275] collision_tt=-1.000 ttc=-1.000 p=[0.000,0.000,0.000]
[perfect_drone_full_node-2]  -- [TRAJ_GUARD_CERT] trigger=main_pre status=SAFE gen=34 map=76 map_age=0.011s map_age_limit=0.500s motion_speed=4.021mps samples=248 range=[0.044,1.275] collision_tt=-1.000 ttc=-1.000 p=[0.000,0.000,0.000]
[perfect_drone_full_node-2] Publish local map size: 17615
[perfect_drone_full_node-2] [INFO] [1789558450.101685898] [perfect_tracking]: [SENSOR_ACQUISITION_FRAME] frame=78 cycle=0 full=1 stamp_ns=1789558450097012250 width=900 height=445 readback_pixels=801000 conversion_rays=115200 generated_points=19351 bytes=619232 half_angle_deg=45.000
[perfect_drone_full_node-2]  -- [TRAJ_GUARD_CERT] trigger=main_pre status=SAFE gen=34 map=77 map_age=0.013s map_age_limit=0.500s motion_speed=4.966mps samples=228 range=[0.144,1.275] collision_tt=-1.000 ttc=-1.000 p=[0.000,0.000,0.000]
[perfect_drone_full_node-2] Publish local map size: 19351
[perfect_drone_full_node-2] [INFO] [1789558450.111557910] [fsm_node]:  -- [TRAJ_GUARD_COMMIT] phase=ReplanOnce/with_backup gen=35 map=77 samples=205 range=[0.010,1.022] escape=false footprint_egress=false escape_done_tt=-1.000
[perfect_drone_full_node-2] [32m -- [Fsm] ReplanOnce succeed.[0m
[waypoint_mission-1] [INFO] [1789558450.200427917] [waypoint_mission]: [MISSION_GOAL_IDENTITY] stamp_ns=1789558449200392163 new_intent=0 new_identity=0 supported=1 waypoint=1
[perfect_drone_full_node-2] [INFO] [1789558450.200984844] [fsm_node]:  -- [GOAL_RETRANSMIT_COALESCED] stamp_ns=1789558449200392163 generation=35 map=78 queued_revision=5 accepted_revision=4 coalesced_total=4
[perfect_drone_full_node-2] [INFO] [1789558450.202594000] [perfect_tracking]: [SENSOR_ACQUISITION_FRAME] frame=79 cycle=0 full=1 stamp_ns=1789558450197109098 width=900 height=445 readback_pixels=801000 conversion_rays=115200 generated_points=21163 bytes=677216 half_angle_deg=45.000
[perfect_drone_full_node-2]  -- [TRAJ_GUARD_CERT] trigger=poly_publish status=SAFE gen=35 map=77 map_age=0.078s map_age_limit=0.500s motion_speed=5.518mps samples=204 range=[0.011,1.022] collision_tt=-1.000 ttc=-1.000 p=[0.000,0.000,0.000]
[perfect_drone_full_node-2]  -- [TRAJ_GUARD_CERT] trigger=main_pre status=SAFE gen=35 map=78 map_age=0.011s map_age_limit=0.500s motion_speed=5.754mps samples=197 range=[0.046,1.022] collision_tt=-1.000 ttc=-1.000 p=[0.000,0.000,0.000]
[perfect_drone_full_node-2] Publish local map size: 21163
[perfect_drone_full_node-2] [INFO] [1789558450.301929822] [perfect_tracking]: [SENSOR_ACQUISITION_FRAME] frame=80 cycle=0 full=1 stamp_ns=1789558450297109565 width=900 height=445 readback_pixels=801000 conversion_rays=115200 generated_points=19512 bytes=624384 half_angle_deg=45.000
[perfect_drone_full_node-2]  -- [TRAJ_GUARD_CERT] trigger=main_pre status=SAFE gen=35 map=79 map_age=0.006s map_age_limit=0.500s motion_speed=6.439mps samples=177 range=[0.146,1.022] collision_tt=-1.000 ttc=-1.000 p=[0.000,0.000,0.000]
[perfect_drone_full_node-2] Publish local map size: 19512
[perfect_drone_full_node-2] [INFO] [1789558450.343974881] [fsm_node]:  -- [TRAJ_GUARD_COMMIT] phase=ReplanOnce/with_backup gen=36 map=79 samples=165 range=[0.045,0.856] escape=false footprint_egress=false escape_done_tt=-1.000
[perfect_drone_full_node-2] [32m -- [Fsm] ReplanOnce succeed.[0m
[perfect_drone_full_node-2]  -- [TRAJ_GUARD_CERT] trigger=poly_publish status=SAFE gen=36 map=79 map_age=0.103s map_age_limit=0.500s motion_speed=6.783mps samples=164 range=[0.045,0.856] collision_tt=-1.000 ttc=-1.000 p=[0.000,0.000,0.000]
[perfect_drone_full_node-2]  -- [TRAJ_GUARD_CERT] trigger=main_pre status=SAFE gen=36 map=80 map_age=0.007s map_age_limit=0.500s motion_speed=6.783mps samples=163 range=[0.048,0.856] collision_tt=-1.000 ttc=-1.000 p=[0.000,0.000,0.000]
[perfect_drone_full_node-2] [32m -- [Fsm 8.039] Current state: FOLLOW_TRAJ[0m
[perfect_drone_full_node-2] [INFO] [1789558450.401199841] [perfect_tracking]: [SENSOR_ACQUISITION_FRAME] frame=81 cycle=0 full=1 stamp_ns=1789558450397070489 width=900 height=445 readback_pixels=801000 conversion_rays=115200 generated_points=19380 bytes=620160 half_angle_deg=45.000
[perfect_drone_full_node-2] Publish local map size: 19380
[perfect_drone_full_node-2] [INFO] [1789558450.503039994] [perfect_tracking]: [SENSOR_ACQUISITION_FRAME] frame=82 cycle=0 full=1 stamp_ns=1789558450497081976 width=900 height=445 readback_pixels=801000 conversion_rays=115200 generated_points=21123 bytes=675936 half_angle_deg=45.000
[perfect_drone_full_node-2]  -- [TRAJ_GUARD_CERT] trigger=main_pre status=SAFE gen=36 map=81 map_age=0.004s map_age_limit=0.500s motion_speed=6.976mps samples=145 range=[0.138,0.856] collision_tt=-1.000 ttc=-1.000 p=[0.000,0.000,0.000]
[perfect_drone_full_node-2] Publish local map size: 21123
[perfect_drone_full_node-2] [INFO] [1789558450.521960820] [fsm_node]:  -- [TRAJ_GUARD_COMMIT] phase=ReplanOnce/with_backup gen=37 map=81 samples=146 range=[0.025,0.741] escape=false footprint_egress=false escape_done_tt=-1.000
[perfect_drone_full_node-2] [32m -- [Fsm] ReplanOnce succeed.[0m
[perfect_drone_full_node-2] [INFO] [1789558450.600566122] [perfect_tracking]: [SENSOR_ACQUISITION_FRAME] frame=83 cycle=0 full=1 stamp_ns=1789558450597087565 width=900 height=445 readback_pixels=801000 conversion_rays=115200 generated_points=26146 bytes=836672 half_angle_deg=45.000
[perfect_drone_full_node-2]  -- [TRAJ_GUARD_CERT] trigger=poly_publish status=SAFE gen=37 map=81 map_age=0.089s map_age_limit=0.500s motion_speed=6.977mps samples=145 range=[0.025,0.741] collision_tt=-1.000 ttc=-1.000 p=[0.000,0.000,0.000]
[perfect_drone_full_node-2]  -- [TRAJ_GUARD_CERT] trigger=main_pre status=SAFE gen=37 map=82 map_age=0.012s map_age_limit=0.500s motion_speed=6.950mps samples=140 range=[0.050,0.741] collision_tt=-1.000 ttc=-1.000 p=[0.000,0.000,0.000]
[perfect_drone_full_node-2] Publish local map size: 26146
[perfect_drone_full_node-2] [INFO] [1789558450.702593456] [perfect_tracking]: [SENSOR_ACQUISITION_FRAME] frame=84 cycle=0 full=1 stamp_ns=1789558450696990803 width=900 height=445 readback_pixels=801000 conversion_rays=115200 generated_points=41357 bytes=1323424 half_angle_deg=45.000
[perfect_drone_full_node-2]  -- [TRAJ_GUARD_CERT] trigger=main_pre status=SAFE gen=37 map=83 map_age=0.009s map_age_limit=0.500s motion_speed=6.644mps samples=122 range=[0.140,0.741] collision_tt=-1.000 ttc=-1.000 p=[0.000,0.000,0.000]
[perfect_drone_full_node-2] Publish local map size: 41357
[perfect_drone_full_node-2] [WARN] [1789558450.723646947] [fsm_node]:  -- [TRAJ_GUARD_VIABILITY_SLOWDOWN] phase=ReplanOnce/with_backup gen=38 scale=1.250 retries=1
[perfect_drone_full_node-2] [INFO] [1789558450.723712145] [fsm_node]:  -- [TRAJ_GUARD_COMMIT] phase=ReplanOnce/with_backup gen=38 map=83 samples=311 range=[0.028,1.569] escape=false footprint_egress=false escape_done_tt=-1.000
[perfect_drone_full_node-2] [32m -- [Fsm] ReplanOnce succeed.[0m
[perfect_drone_full_node-2] [INFO] [1789558450.799913716] [perfect_tracking]: [SENSOR_ACQUISITION_FRAME] frame=85 cycle=0 full=1 stamp_ns=1789558450797093973 width=900 height=445 readback_pixels=801000 conversion_rays=115200 generated_points=41345 bytes=1323040 half_angle_deg=45.000
[perfect_drone_full_node-2]  -- [TRAJ_GUARD_CERT] trigger=poly_publish status=SAFE gen=38 map=83 map_age=0.096s map_age_limit=0.500s motion_speed=6.059mps samples=310 range=[0.029,1.569] collision_tt=-1.000 ttc=-1.000 p=[0.000,0.000,0.000]
[perfect_drone_full_node-2]  -- [TRAJ_GUARD_CERT] trigger=main_pre status=SAFE gen=38 map=84 map_age=0.007s map_age_limit=0.500s motion_speed=4.829mps samples=307 range=[0.042,1.569] collision_tt=-1.000 ttc=-1.000 p=[0.000,0.000,0.000]
[perfect_drone_full_node-2] Publish local map size: 41345
[perfect_drone_full_node-2] [INFO] [1789558450.900509732] [perfect_tracking]: [SENSOR_ACQUISITION_FRAME] frame=86 cycle=0 full=1 stamp_ns=1789558450897010308 width=900 height=445 readback_pixels=801000 conversion_rays=115200 generated_points=35071 bytes=1122272 half_angle_deg=45.000
[perfect_drone_full_node-2]  -- [TRAJ_GUARD_CERT] trigger=main_pre status=SAFE gen=38 map=85 map_age=0.004s map_age_limit=0.500s motion_speed=4.563mps samples=289 range=[0.132,1.569] collision_tt=-1.000 ttc=-1.000 p=[0.000,0.000,0.000]
[perfect_drone_full_node-2] Publish local map size: 35071
[perfect_drone_full_node-2] [INFO] [1789558450.910584997] [fsm_node]:  -- [TRAJ_GUARD_COMMIT] phase=ReplanOnce/with_backup gen=39 map=85 samples=240 range=[0.017,1.206] escape=false footprint_egress=false escape_done_tt=-1.000
[perfect_drone_full_node-2] [32m -- [Fsm] ReplanOnce succeed.[0m
[perfect_drone_full_node-2] [INFO] [1789558451.000287190] [perfect_tracking]: [SENSOR_ACQUISITION_FRAME] frame=87 cycle=0 full=1 stamp_ns=1789558450996998868 width=900 height=445 readback_pixels=801000 conversion_rays=115200 generated_points=28755 bytes=920160 half_angle_deg=45.000
[perfect_drone_full_node-2]  -- [TRAJ_GUARD_CERT] trigger=poly_publish status=SAFE gen=39 map=85 map_age=0.087s map_age_limit=0.500s motion_speed=4.457mps samples=239 range=[0.018,1.206] collision_tt=-1.000 ttc=-1.000 p=[0.000,0.000,0.000]
[perfect_drone_full_node-2]  -- [TRAJ_GUARD_CERT] trigger=main_pre status=SAFE gen=39 map=86 map_age=0.015s map_age_limit=0.500s motion_speed=4.459mps samples=232 range=[0.054,1.206] collision_tt=-1.000 ttc=-1.000 p=[0.000,0.000,0.000]
[perfect_drone_full_node-2] Publish local map size: 28755
[perfect_drone_full_node-2] [INFO] [1789558451.101028250] [perfect_tracking]: [SENSOR_ACQUISITION_FRAME] frame=88 cycle=0 full=1 stamp_ns=1789558451096987979 width=900 height=445 readback_pixels=801000 conversion_rays=115200 generated_points=27971 bytes=895072 half_angle_deg=45.000
[perfect_drone_full_node-2]  -- [TRAJ_GUARD_CERT] trigger=main_pre status=SAFE gen=39 map=87 map_age=0.011s map_age_limit=0.500s motion_speed=4.587mps samples=212 range=[0.154,1.206] collision_tt=-1.000 ttc=-1.000 p=[0.000,0.000,0.000]
[perfect_drone_full_node-2] Publish local map size: 27971
[perfect_drone_full_node-2] [INFO] [1789558451.138489787] [fsm_node]:  -- [TRAJ_GUARD_COMMIT] phase=ReplanOnce/with_backup gen=40 map=88 samples=262 range=[0.047,1.346] escape=false footprint_egress=false escape_done_tt=-1.000
[perfect_drone_full_node-2]  -- [TRAJ_GUARD_CERT] trigger=main_pre status=SAFE gen=39 map=88 map_age=0.008s map_age_limit=0.500s motion_speed=4.834mps samples=194 range=[0.244,1.206] collision_tt=-1.000 ttc=-1.000 p=[0.000,0.000,0.000]
[perfect_drone_full_node-2] [32m -- [Fsm] ReplanOnce succeed.[0m
[waypoint_mission-1] [INFO] [1789558451.200502103] [waypoint_mission]: [MISSION_GOAL_IDENTITY] stamp_ns=1789558449200392163 new_intent=0 new_identity=0 supported=1 waypoint=1
[perfect_drone_full_node-2] [INFO] [1789558451.200910412] [fsm_node]:  -- [GOAL_RETRANSMIT_COALESCED] stamp_ns=1789558449200392163 generation=40 map=88 queued_revision=5 accepted_revision=4 coalesced_total=5
[perfect_drone_full_node-2] [INFO] [1789558451.202236699] [perfect_tracking]: [SENSOR_ACQUISITION_FRAME] frame=89 cycle=0 full=1 stamp_ns=1789558451196985265 width=900 height=445 readback_pixels=801000 conversion_rays=115200 generated_points=38077 bytes=1218464 half_angle_deg=45.000
[perfect_drone_full_node-2]  -- [TRAJ_GUARD_CERT] trigger=poly_publish status=SAFE gen=40 map=88 map_age=0.009s map_age_limit=0.500s motion_speed=4.867mps samples=261 range=[0.048,1.346] collision_tt=-1.000 ttc=-1.000 p=[0.000,0.000,0.000]
[perfect_drone_full_node-2] Publish local map size: 38077
[perfect_drone_full_node-2] [INFO] [1789558451.300014992] [perfect_tracking]: [SENSOR_ACQUISITION_FRAME] frame=90 cycle=0 full=1 stamp_ns=1789558451297022972 width=900 height=445 readback_pixels=801000 conversion_rays=115200 generated_points=38281 bytes=1224992 half_angle_deg=45.000
[perfect_drone_full_node-2]  -- [TRAJ_GUARD_CERT] trigger=main_pre status=SAFE gen=40 map=89 map_age=0.015s map_age_limit=0.500s motion_speed=5.203mps samples=239 range=[0.156,1.346] collision_tt=-1.000 ttc=-1.000 p=[0.000,0.000,0.000]
[perfect_drone_full_node-2] Publish local map size: 38281
[perfect_drone_full_node-2] [INFO] [1789558451.304865236] [fsm_node]:  -- [TRAJ_GUARD_COMMIT] phase=ReplanOnce/with_backup gen=41 map=89 samples=242 range=[0.016,1.213] escape=false footprint_egress=false escape_done_tt=-1.000
[perfect_drone_full_node-2] [32m -- [Fsm] ReplanOnce succeed.[0m
[perfect_drone_full_node-2]  -- [TRAJ_GUARD_CERT] trigger=poly_publish status=SAFE gen=41 map=89 map_age=0.073s map_age_limit=0.500s motion_speed=5.427mps samples=241 range=[0.016,1.213] collision_tt=-1.000 ttc=-1.000 p=[0.000,0.000,0.000]
[perfect_drone_full_node-2]  -- [TRAJ_GUARD_CERT] trigger=main_pre status=SAFE gen=41 map=90 map_age=0.008s map_age_limit=0.500s motion_speed=5.553mps samples=234 range=[0.048,1.213] collision_tt=-1.000 ttc=-1.000 p=[0.000,0.000,0.000]
[perfect_drone_full_node-2] [32m -- [Fsm 9.039] Current state: FOLLOW_TRAJ[0m
[perfect_drone_full_node-2] [INFO] [1789558451.401677000] [perfect_tracking]: [SENSOR_ACQUISITION_FRAME] frame=91 cycle=0 full=1 stamp_ns=1789558451397125222 width=900 height=445 readback_pixels=801000 conversion_rays=115200 generated_points=42121 bytes=1347872 half_angle_deg=45.000
[perfect_drone_full_node-2] Publish local map size: 42121
[perfect_drone_full_node-2] [INFO] [1789558451.500373946] [perfect_tracking]: [SENSOR_ACQUISITION_FRAME] frame=92 cycle=0 full=1 stamp_ns=1789558451497033949 width=900 height=445 readback_pixels=801000 conversion_rays=115200 generated_points=37674 bytes=1205568 half_angle_deg=45.000
[perfect_drone_full_node-2]  -- [TRAJ_GUARD_CERT] trigger=main_pre status=SAFE gen=41 map=91 map_age=0.008s map_age_limit=0.500s motion_speed=6.093mps samples=214 range=[0.148,1.213] collision_tt=-1.000 ttc=-1.000 p=[0.000,0.000,0.000]
[perfect_drone_full_node-2] Publish local map size: 37674
[perfect_drone_full_node-2] [INFO] [1789558451.526381850] [fsm_node]:  -- [TRAJ_GUARD_COMMIT] phase=ReplanOnce/with_backup gen=42 map=91 samples=227 range=[0.039,1.161] escape=false footprint_egress=false escape_done_tt=-1.000
[perfect_drone_full_node-2] [32m -- [Fsm] ReplanOnce succeed.[0m
[perfect_drone_full_node-2] [INFO] [1789558451.602431192] [perfect_tracking]: [SENSOR_ACQUISITION_FRAME] frame=93 cycle=0 full=1 stamp_ns=1789558451597112121 width=900 height=445 readback_pixels=801000 conversion_rays=115200 generated_points=27693 bytes=886176 half_angle_deg=45.000
[perfect_drone_full_node-2]  -- [TRAJ_GUARD_CERT] trigger=poly_publish status=SAFE gen=42 map=91 map_age=0.098s map_age_limit=0.500s motion_speed=6.604mps samples=226 range=[0.039,1.161] collision_tt=-1.000 ttc=-1.000 p=[0.000,0.000,0.000]
[perfect_drone_full_node-2]  -- [TRAJ_GUARD_CERT] trigger=main_pre status=SAFE gen=42 map=92 map_age=0.009s map_age_limit=0.500s motion_speed=6.650mps samples=224 range=[0.050,1.161] collision_tt=-1.000 ttc=-1.000 p=[0.000,0.000,0.000]
[perfect_drone_full_node-2] Publish local map size: 27693
[perfect_drone_full_node-2] [INFO] [1789558451.699333467] [fsm_node]:  -- [TRAJ_GUARD_COMMIT] phase=ReplanOnce/with_backup gen=43 map=93 samples=184 range=[0.014,0.921] escape=false footprint_egress=false escape_done_tt=-1.000
[perfect_drone_full_node-2]  -- [TRAJ_GUARD_CERT] trigger=main_pre status=SAFE gen=42 map=93 map_age=0.007s map_age_limit=0.500s motion_speed=6.950mps samples=204 range=[0.150,1.161] collision_tt=-1.000 ttc=-1.000 p=[0.000,0.000,0.000]
[perfect_drone_full_node-2] [32m -- [Fsm] ReplanOnce succeed.[0m
[perfect_drone_full_node-2] [INFO] [1789558451.700034555] [perfect_tracking]: [SENSOR_ACQUISITION_FRAME] frame=94 cycle=0 full=1 stamp_ns=1789558451697100133 width=900 height=445 readback_pixels=801000 conversion_rays=115200 generated_points=20292 bytes=649344 half_angle_deg=45.000
[perfect_drone_full_node-2]  -- [TRAJ_GUARD_CERT] trigger=poly_publish status=SAFE gen=43 map=93 map_age=0.070s map_age_limit=0.500s motion_speed=7.000mps samples=183 range=[0.014,0.921] collision_tt=-1.000 ttc=-1.000 p=[0.000,0.000,0.000]
[perfect_drone_full_node-2] Publish local map size: 20292
[perfect_drone_full_node-2] [INFO] [1789558451.801195002] [perfect_tracking]: [SENSOR_ACQUISITION_FRAME] frame=95 cycle=0 full=1 stamp_ns=1789558451797025686 width=900 height=445 readback_pixels=801000 conversion_rays=115200 generated_points=23605 bytes=755360 half_angle_deg=45.000
[perfect_drone_full_node-2]  -- [TRAJ_GUARD_CERT] trigger=main_pre status=SAFE gen=43 map=94 map_age=0.014s map_age_limit=0.500s motion_speed=6.990mps samples=175 range=[0.052,0.921] collision_tt=-1.000 ttc=-1.000 p=[0.000,0.000,0.000]
[perfect_drone_full_node-2] Publish local map size: 23605
[perfect_drone_full_node-2] [INFO] [1789558451.901129350] [perfect_tracking]: [SENSOR_ACQUISITION_FRAME] frame=96 cycle=0 full=1 stamp_ns=1789558451896987389 width=900 height=445 readback_pixels=801000 conversion_rays=115200 generated_points=28592 bytes=914944 half_angle_deg=45.000
[perfect_drone_full_node-2]  -- [TRAJ_GUARD_CERT] trigger=main_pre status=SAFE gen=43 map=95 map_age=0.010s map_age_limit=0.500s motion_speed=6.884mps samples=155 range=[0.152,0.921] collision_tt=-1.000 ttc=-1.000 p=[0.000,0.000,0.000]
[perfect_drone_full_node-2] Publish local map size: 28592
[perfect_drone_full_node-2] [INFO] [1789558451.912491811] [fsm_node]:  -- [TRAJ_GUARD_COMMIT] phase=ReplanOnce/with_backup gen=44 map=95 samples=214 range=[0.029,1.089] escape=false footprint_egress=false escape_done_tt=-1.000
[perfect_drone_full_node-2] [32m -- [Fsm] ReplanOnce succeed.[0m
[perfect_drone_full_node-2]  -- [TRAJ_GUARD_CERT] trigger=poly_publish status=SAFE gen=44 map=95 map_age=0.086s map_age_limit=0.500s motion_speed=6.856mps samples=213 range=[0.030,1.089] collision_tt=-1.000 ttc=-1.000 p=[0.000,0.000,0.000]
[perfect_drone_full_node-2]  -- [TRAJ_GUARD_CERT] trigger=main_pre status=SAFE gen=44 map=96 map_age=0.009s map_age_limit=0.500s motion_speed=6.862mps samples=209 range=[0.054,1.089] collision_tt=-1.000 ttc=-1.000 p=[0.000,0.000,0.000]
[perfect_drone_full_node-2]  -- [MARSIM] Running FPS: 239.632521132518036
[perfect_drone_full_node-2] [INFO] [1789558452.003003261] [perfect_tracking]: [SENSOR_ACQUISITION_FRAME] frame=97 cycle=0 full=1 stamp_ns=1789558451997015880 width=900 height=445 readback_pixels=801000 conversion_rays=115200 generated_points=37921 bytes=1213472 half_angle_deg=45.000
[perfect_drone_full_node-2] Publish local map size: 37921
[perfect_drone_full_node-2] [INFO] [1789558452.100432343] [perfect_tracking]: [SENSOR_ACQUISITION_FRAME] frame=98 cycle=0 full=1 stamp_ns=1789558452097105448 width=900 height=445 readback_pixels=801000 conversion_rays=115200 generated_points=45415 bytes=1453280 half_angle_deg=45.000
[perfect_drone_full_node-2]  -- [TRAJ_GUARD_CERT] trigger=main_pre status=SAFE gen=44 map=97 map_age=0.006s map_age_limit=0.500s motion_speed=6.903mps samples=188 range=[0.154,1.089] collision_tt=-1.000 ttc=-1.000 p=[0.000,0.000,0.000]
[perfect_drone_full_node-2] Publish local map size: 45415
[perfect_drone_full_node-2] [INFO] [1789558452.122719845] [fsm_node]:  -- [TRAJ_GUARD_COMMIT] phase=ReplanOnce/with_backup gen=45 map=97 samples=240 range=[0.041,1.230] escape=false footprint_egress=false escape_done_tt=-1.000
[perfect_drone_full_node-2] [32m -- [Fsm] ReplanOnce succeed.[0m
[waypoint_mission-1] [INFO] [1789558452.200531931] [waypoint_mission]: [MISSION_GOAL_IDENTITY] stamp_ns=1789558449200392163 new_intent=0 new_identity=0 supported=1 waypoint=1
[perfect_drone_full_node-2] [INFO] [1789558452.200986935] [fsm_node]:  -- [GOAL_RETRANSMIT_COALESCED] stamp_ns=1789558449200392163 generation=45 map=98 queued_revision=5 accepted_revision=4 coalesced_total=6
[perfect_drone_full_node-2] [INFO] [1789558452.201889399] [perfect_tracking]: [SENSOR_ACQUISITION_FRAME] frame=99 cycle=0 full=1 stamp_ns=1789558452197020289 width=900 height=445 readback_pixels=801000 conversion_rays=115200 generated_points=35674 bytes=1141568 half_angle_deg=45.000
[perfect_drone_full_node-2]  -- [TRAJ_GUARD_CERT] trigger=poly_publish status=SAFE gen=45 map=97 map_age=0.092s map_age_limit=0.500s motion_speed=6.866mps samples=239 range=[0.042,1.230] collision_tt=-1.000 ttc=-1.000 p=[0.000,0.000,0.000]
[perfect_drone_full_node-2]  -- [TRAJ_GUARD_CERT] trigger=main_pre status=SAFE gen=45 map=98 map_age=0.012s map_age_limit=0.500s motion_speed=6.862mps samples=236 range=[0.056,1.230] collision_tt=-1.000 ttc=-1.000 p=[0.000,0.000,0.000]
[perfect_drone_full_node-2] Publish local map size: 35674
[perfect_drone_full_node-2] [INFO] [1789558452.300737097] [perfect_tracking]: [SENSOR_ACQUISITION_FRAME] frame=100 cycle=0 full=1 stamp_ns=1789558452296997450 width=900 height=445 readback_pixels=801000 conversion_rays=115200 generated_points=25889 bytes=828448 half_angle_deg=45.000
[perfect_drone_full_node-2] [INFO] [1789558452.300836091] [perfect_tracking]: [STATIC_PC_LATCHED_SUMMARY] enabled=1 publications=1 points=635500 bytes=20336000 stamp_ns=1789558442314527267 timers_created=0 poll_callbacks=0
[perfect_drone_full_node-2] [INFO] [1789558452.300843486] [perfect_tracking]: [SENSOR_CADENCE_SUMMARY] frames=100 span_s=9.898523 hz=10.001492 raw_published=0 direct_handoffs=100 payload_bytes=82056128 side_entry_v1_enabled=0 side_entry_v1_spawned=0 side_entry_v1_injected_frames=0
[perfect_drone_full_node-2] [INFO] [1789558452.300850086] [perfect_tracking]: [SENSOR_BURST_DROPOUT_SUMMARY] enabled=0 warmup_s=1.000000 period_s=2.000000 duration_s=0.500000 phase_s=0.000000 phase_env_override=0 rendered=100 delivered=100 dropped=0 bursts=0 max_consecutive_dropped=0 max_delivered_gap_s=0.108116 dropped_payload_bytes=0
[perfect_drone_full_node-2]  -- [TRAJ_GUARD_CERT] trigger=main_pre status=SAFE gen=45 map=99 map_age=0.010s map_age_limit=0.500s motion_speed=6.877mps samples=216 range=[0.156,1.230] collision_tt=-1.000 ttc=-1.000 p=[0.000,0.000,0.000]
[perfect_drone_full_node-2] Publish local map size: 25889
[perfect_drone_full_node-2] [INFO] [1789558452.312591833] [fsm_node]:  -- [TRAJ_GUARD_COMMIT] phase=ReplanOnce/with_backup gen=46 map=99 samples=268 range=[0.033,1.363] escape=false footprint_egress=false escape_done_tt=-1.000
[perfect_drone_full_node-2] [32m -- [Fsm] ReplanOnce succeed.[0m
[perfect_drone_full_node-2] [THREAD_CPU_PROFILE] version=1 pid=3372018 steady_ns=1070288219645497 final=0 stage=map_cloud_enqueue calls=100 inclusive_cpu_s=0.000604728 exclusive_cpu_s=0.000604728 clock_errors=0
[perfect_drone_full_node-2] [THREAD_CPU_PROFILE] version=1 pid=3372018 steady_ns=1070288219645497 final=0 stage=map_worker calls=100 inclusive_cpu_s=3.997230733 exclusive_cpu_s=0.000771882 clock_errors=0
[perfect_drone_full_node-2] [THREAD_CPU_PROFILE] version=1 pid=3372018 steady_ns=1070288219645497 final=0 stage=map_ros_to_pcl calls=100 inclusive_cpu_s=0.055071406 exclusive_cpu_s=0.055071406 clock_errors=0
[perfect_drone_full_node-2] [THREAD_CPU_PROFILE] version=1 pid=3372018 steady_ns=1070288219645497 final=0 stage=map_prob_update calls=100 inclusive_cpu_s=3.352015670 exclusive_cpu_s=3.352015670 clock_errors=0
[perfect_drone_full_node-2] [THREAD_CPU_PROFILE] version=1 pid=3372018 steady_ns=1070288219645497 final=0 stage=map_snapshot_commit_health calls=100 inclusive_cpu_s=0.582054749 exclusive_cpu_s=0.582054749 clock_errors=0
[perfect_drone_full_node-2] [THREAD_CPU_PROFILE] version=1 pid=3372018 steady_ns=1070288219645497 final=0 stage=map_ack_and_log calls=100 inclusive_cpu_s=0.007317026 exclusive_cpu_s=0.007317026 clock_errors=0
[perfect_drone_full_node-2] [THREAD_CPU_PROFILE] version=1 pid=3372018 steady_ns=1070288219645497 final=0 stage=fsm_main_callback calls=1000 inclusive_cpu_s=0.060006710 exclusive_cpu_s=0.005158612 clock_errors=0
[perfect_drone_full_node-2] [THREAD_CPU_PROFILE] version=1 pid=3372018 steady_ns=1070288219645497 final=0 stage=fsm_main_core calls=1000 inclusive_cpu_s=0.036950415 exclusive_cpu_s=0.004371612 clock_errors=0
[perfect_drone_full_node-2] [THREAD_CPU_PROFILE] version=1 pid=3372018 steady_ns=1070288219645497 final=0 stage=fsm_replan_callback calls=152 inclusive_cpu_s=1.127096345 exclusive_cpu_s=0.002456858 clock_errors=0
[perfect_drone_full_node-2] [THREAD_CPU_PROFILE] version=1 pid=3372018 steady_ns=1070288219645497 final=0 stage=fsm_replan_core calls=70 inclusive_cpu_s=1.113032298 exclusive_cpu_s=0.002281240 clock_errors=0
[perfect_drone_full_node-2] [THREAD_CPU_PROFILE] version=1 pid=3372018 steady_ns=1070288219645497 final=0 stage=fsm_command_callback calls=1001 inclusive_cpu_s=0.067176833 exclusive_cpu_s=0.067176833 clock_errors=0
[perfect_drone_full_node-2] [THREAD_CPU_PROFILE] version=1 pid=3372018 steady_ns=1070288219645497 final=0 stage=guard_certificate calls=1861 inclusive_cpu_s=0.020699737 exclusive_cpu_s=0.009635933 clock_errors=0
[perfect_drone_full_node-2] [THREAD_CPU_PROFILE] version=1 pid=3372018 steady_ns=1070288219645497 final=0 stage=planner_generate_exp calls=54 inclusive_cpu_s=0.717145495 exclusive_cpu_s=0.004273070 clock_errors=0
[perfect_drone_full_node-2] [THREAD_CPU_PROFILE] version=1 pid=3372018 steady_ns=1070288219645497 final=0 stage=planner_generate_backup calls=54 inclusive_cpu_s=0.402097833 exclusive_cpu_s=0.165466533 clock_errors=0
[perfect_drone_full_node-2] [THREAD_CPU_PROFILE] version=1 pid=3372018 steady_ns=1070288219645497 final=0 stage=planner_commit calls=54 inclusive_cpu_s=0.015296725 exclusive_cpu_s=0.003989258 clock_errors=0
[perfect_drone_full_node-2] [THREAD_CPU_PROFILE] version=1 pid=3372018 steady_ns=1070288219645497 final=0 stage=planner_validate_geometry calls=743 inclusive_cpu_s=0.031471273 exclusive_cpu_s=0.031471273 clock_errors=0
[perfect_drone_full_node-2] [THREAD_CPU_PROFILE] version=1 pid=3372018 steady_ns=1070288219645497 final=0 stage=planner_stop_viability calls=101 inclusive_cpu_s=0.018499522 exclusive_cpu_s=0.002005782 clock_errors=0
[perfect_drone_full_node-2] [THREAD_CPU_PROFILE] version=1 pid=3372018 steady_ns=1070288219645497 final=0 stage=planner_path_search calls=50 inclusive_cpu_s=0.174121098 exclusive_cpu_s=0.174121098 clock_errors=0
[perfect_drone_full_node-2] [THREAD_CPU_PROFILE] version=1 pid=3372018 steady_ns=1070288219645497 final=0 stage=planner_exp_optimize calls=54 inclusive_cpu_s=0.445377663 exclusive_cpu_s=0.445377663 clock_errors=0
[perfect_drone_full_node-2] [THREAD_CPU_PROFILE] version=1 pid=3372018 steady_ns=1070288219645497 final=0 stage=planner_backup_optimize calls=50 inclusive_cpu_s=0.236631300 exclusive_cpu_s=0.236631300 clock_errors=0
[perfect_drone_full_node-2] [THREAD_CPU_PROFILE] version=1 pid=3372018 steady_ns=1070288219645497 final=0 stage=planner_corridor_search calls=54 inclusive_cpu_s=0.093373664 exclusive_cpu_s=0.093373664 clock_errors=0
[perfect_drone_full_node-2] [THREAD_CPU_PROFILE] version=1 pid=3372018 steady_ns=1070288219645497 final=0 stage=planner_velocity_extrema calls=101 inclusive_cpu_s=0.000849041 exclusive_cpu_s=0.000849041 clock_errors=0
[perfect_drone_full_node-2] [THREAD_CPU_PROFILE] version=1 pid=3372018 steady_ns=1070288219645497 final=0 stage=planner_visualize_path calls=880 inclusive_cpu_s=0.005308304 exclusive_cpu_s=0.005308304 clock_errors=0
[perfect_drone_full_node-2] [THREAD_CPU_PROFILE] version=1 pid=3372018 steady_ns=1070288219645497 final=0 stage=fsm_poly_publish calls=46 inclusive_cpu_s=0.003481504 exclusive_cpu_s=0.000331814 clock_errors=0
[perfect_drone_full_node-2] [THREAD_CPU_PROFILE] version=1 pid=3372018 steady_ns=1070288219645497 final=0 stage=sim_odom_callback calls=1001 inclusive_cpu_s=0.098357096 exclusive_cpu_s=0.098357096 clock_errors=0
[perfect_drone_full_node-2] [THREAD_CPU_PROFILE] version=1 pid=3372018 steady_ns=1070288219645497 final=0 stage=sim_render_callback calls=100 inclusive_cpu_s=0.439441046 exclusive_cpu_s=0.438836318 clock_errors=0
[perfect_drone_full_node-2] [THREAD_CPU_PROFILE] version=1 pid=3372018 steady_ns=1070288219645497 final=0 stage=map_odom_callback calls=949 inclusive_cpu_s=0.007607510 exclusive_cpu_s=0.007607510 clock_errors=0
[perfect_drone_full_node-2]  -- [TRAJ_GUARD_CERT] trigger=poly_publish status=SAFE gen=46 map=99 map_age=0.086s map_age_limit=0.500s motion_speed=6.932mps samples=267 range=[0.034,1.363] collision_tt=-1.000 ttc=-1.000 p=[0.000,0.000,0.000]
[perfect_drone_full_node-2]  -- [TRAJ_GUARD_CERT] trigger=main_pre status=SAFE gen=46 map=100 map_age=0.005s map_age_limit=0.500s motion_speed=6.943mps samples=265 range=[0.048,1.363] collision_tt=-1.000 ttc=-1.000 p=[0.000,0.000,0.000]
[perfect_drone_full_node-2] [32m -- [Fsm 10.049] Current state: FOLLOW_TRAJ[0m
[perfect_drone_full_node-2] [INFO] [1789558452.401821466] [perfect_tracking]: [SENSOR_ACQUISITION_FRAME] frame=101 cycle=0 full=1 stamp_ns=1789558452397048013 width=900 height=445 readback_pixels=801000 conversion_rays=115200 generated_points=29622 bytes=947904 half_angle_deg=45.000
[perfect_drone_full_node-2] Publish local map size: 29622
[perfect_drone_full_node-2] [INFO] [1789558452.490998925] [fsm_node]:  -- [TRAJ_GUARD_COMMIT] phase=ReplanOnce/with_backup gen=47 map=101 samples=219 range=[0.014,1.097] escape=false footprint_egress=false escape_done_tt=-1.000
[perfect_drone_full_node-2]  -- [TRAJ_GUARD_CERT] trigger=main_pre status=SAFE gen=46 map=101 map_age=0.012s map_age_limit=0.500s motion_speed=6.947mps samples=243 range=[0.158,1.363] collision_tt=-1.000 ttc=-1.000 p=[0.000,0.000,0.000]
[perfect_drone_full_node-2] [32m -- [Fsm] ReplanOnce succeed.[0m
[perfect_drone_full_node-2] [INFO] [1789558452.499869033] [perfect_tracking]: [SENSOR_ACQUISITION_FRAME] frame=102 cycle=0 full=1 stamp_ns=1789558452497106387 width=900 height=445 readback_pixels=801000 conversion_rays=115200 generated_points=35520 bytes=1136640 half_angle_deg=45.000
[perfect_drone_full_node-2]  -- [TRAJ_GUARD_CERT] trigger=poly_publish status=SAFE gen=47 map=101 map_age=0.066s map_age_limit=0.500s motion_speed=6.641mps samples=218 range=[0.014,1.097] collision_tt=-1.000 ttc=-1.000 p=[0.000,0.000,0.000]
[perfect_drone_full_node-2] Publish local map size: 35520
[perfect_drone_full_node-2] [INFO] [1789558452.543211630] [fsm_node]:  -- [DEMAND_REPLAN] checks=151 skips=80 renewals=52 reason=SKIP gen=47 map=102 required_until=0.272 checked_until=1.097
[perfect_drone_full_node-2] [INFO] [1789558452.543284462] [fsm_node]:  -- [DEMAND_REPLAN_REASONS] checks=151 counted=151 max_dispatch_interval=0.25 final_counts=DISABLED=0,INVALID_POLICY=0,NOT_ORDINARY=17,NEW_GOAL=5,RECOVERY_PENDING=0,SAFETY_PENDING=0,FAILURE_OR_REJECTION=6,NO_SUCCESSFUL_LEASE=0,STALE_OR_UNCERTIFIED_MAP=3,TRAJECTORY_MISMATCH=0,CLOCK_INVALID=0,DISPATCH_DEADLINE=38,ON_BACKUP=0,INSUFFICIENT_GEOMETRY=0,INSUFFICIENT_MOTION_HORIZON=1,NEED_VIABILITY_RENEWAL=0,VIABILITY_RENEWAL_REJECTED=1,EVIDENCE_CHANGED=0,SKIP=80
[perfect_drone_full_node-2] [INFO] [1789558452.602488894] [perfect_tracking]: [SENSOR_ACQUISITION_FRAME] frame=103 cycle=0 full=1 stamp_ns=1789558452597041692 width=900 height=445 readback_pixels=801000 conversion_rays=115200 generated_points=40315 bytes=1290080 half_angle_deg=45.000
[perfect_drone_full_node-2]  -- [TRAJ_GUARD_CERT] trigger=main_pre status=SAFE gen=47 map=102 map_age=0.011s map_age_limit=0.500s motion_speed=6.369mps samples=209 range=[0.060,1.097] collision_tt=-1.000 ttc=-1.000 p=[0.000,0.000,0.000]
[perfect_drone_full_node-2] Publish local map size: 40315
[perfect_drone_full_node-2] [INFO] [1789558452.700292284] [perfect_tracking]: [SENSOR_ACQUISITION_FRAME] frame=104 cycle=0 full=1 stamp_ns=1789558452697128135 width=900 height=445 readback_pixels=801000 conversion_rays=115200 generated_points=44697 bytes=1430304 half_angle_deg=45.000
[perfect_drone_full_node-2]  -- [TRAJ_GUARD_CERT] trigger=main_pre status=SAFE gen=47 map=103 map_age=0.015s map_age_limit=0.500s motion_speed=5.753mps samples=187 range=[0.170,1.097] collision_tt=-1.000 ttc=-1.000 p=[0.000,0.000,0.000]
[perfect_drone_full_node-2] Publish local map size: 44697
[perfect_drone_full_node-2] [WARN] [1789558452.716839511] [fsm_node]:  -- [TRAJ_GUARD_VIABILITY_SLOWDOWN] phase=ReplanOnce/with_backup gen=48 scale=1.250 retries=1
[perfect_drone_full_node-2] [INFO] [1789558452.716911874] [fsm_node]:  -- [TRAJ_GUARD_COMMIT] phase=ReplanOnce/with_backup gen=48 map=103 samples=301 range=[0.042,1.536] escape=false footprint_egress=false escape_done_tt=-1.000
[perfect_drone_full_node-2] [32m -- [Fsm] ReplanOnce succeed.[0m
[perfect_drone_full_node-2] [INFO] [1789558452.802800385] [perfect_tracking]: [SENSOR_ACQUISITION_FRAME] frame=105 cycle=0 full=1 stamp_ns=1789558452797152272 width=900 height=445 readback_pixels=801000 conversion_rays=115200 generated_points=41236 bytes=1319552 half_angle_deg=45.000
[perfect_drone_full_node-2]  -- [TRAJ_GUARD_CERT] trigger=poly_publish status=SAFE gen=48 map=103 map_age=0.085s map_age_limit=0.500s motion_speed=5.461mps samples=300 range=[0.042,1.536] collision_tt=-1.000 ttc=-1.000 p=[0.000,0.000,0.000]
[perfect_drone_full_node-2]  -- [TRAJ_GUARD_CERT] trigger=main_pre status=SAFE gen=48 map=104 map_age=0.010s map_age_limit=0.500s motion_speed=4.343mps samples=296 range=[0.062,1.536] collision_tt=-1.000 ttc=-1.000 p=[0.000,0.000,0.000]
[perfect_drone_full_node-2] Publish local map size: 41236
[perfect_drone_full_node-2] [WARN] [1789558452.885607269] [fsm_node]:  -- [TRAJ_GUARD_VIABILITY_SLOWDOWN] phase=ReplanOnce/with_backup gen=49 scale=1.250 retries=1
[perfect_drone_full_node-2] [INFO] [1789558452.885673379] [fsm_node]:  -- [TRAJ_GUARD_COMMIT] phase=ReplanOnce/with_backup gen=49 map=105 samples=336 range=[0.012,1.679] escape=false footprint_egress=false escape_done_tt=-1.000
[perfect_drone_full_node-2]  -- [TRAJ_GUARD_CERT] trigger=main_pre status=SAFE gen=48 map=105 map_age=0.008s map_age_limit=0.500s motion_speed=4.292mps samples=276 range=[0.162,1.536] collision_tt=-1.000 ttc=-1.000 p=[0.000,0.000,0.000]
[perfect_drone_full_node-2] [32m -- [Fsm] ReplanOnce succeed.[0m
[perfect_drone_full_node-2] [INFO] [1789558452.900114374] [perfect_tracking]: [SENSOR_ACQUISITION_FRAME] frame=106 cycle=0 full=1 stamp_ns=1789558452897119486 width=900 height=445 readback_pixels=801000 conversion_rays=115200 generated_points=32096 bytes=1027072 half_angle_deg=45.000
[perfect_drone_full_node-2]  -- [TRAJ_GUARD_CERT] trigger=poly_publish status=SAFE gen=49 map=105 map_age=0.057s map_age_limit=0.500s motion_speed=4.393mps samples=335 range=[0.013,1.679] collision_tt=-1.000 ttc=-1.000 p=[0.000,0.000,0.000]
[perfect_drone_full_node-2] Publish local map size: 32096
[perfect_drone_full_node-2] [INFO] [1789558453.000589547] [perfect_tracking]: [SENSOR_ACQUISITION_FRAME] frame=107 cycle=0 full=1 stamp_ns=1789558452997131756 width=900 height=445 readback_pixels=801000 conversion_rays=115200 generated_points=28267 bytes=904544 half_angle_deg=45.000
[perfect_drone_full_node-2]  -- [TRAJ_GUARD_CERT] trigger=main_pre status=SAFE gen=49 map=106 map_age=0.009s map_age_limit=0.500s motion_speed=3.611mps samples=324 range=[0.064,1.679] collision_tt=-1.000 ttc=-1.000 p=[0.000,0.000,0.000]
[perfect_drone_full_node-2] Publish local map size: 28267
[perfect_drone_full_node-2] [INFO] [1789558453.081031792] [fsm_node]:  -- [TRAJ_GUARD_COMMIT] phase=ReplanOnce/with_backup gen=50 map=107 samples=280 range=[0.010,1.398] escape=false footprint_egress=false escape_done_tt=-1.000
[perfect_drone_full_node-2]  -- [TRAJ_GUARD_CERT] trigger=main_pre status=SAFE gen=49 map=107 map_age=0.007s map_age_limit=0.500s motion_speed=3.892mps samples=304 range=[0.164,1.679] collision_tt=-1.000 ttc=-1.000 p=[0.000,0.000,0.000]
[perfect_drone_full_node-2] [32m -- [Fsm] ReplanOnce succeed.[0m
[perfect_drone_full_node-2] [INFO] [1789558453.101161877] [perfect_tracking]: [SENSOR_ACQUISITION_FRAME] frame=108 cycle=0 full=1 stamp_ns=1789558453097118233 width=900 height=445 readback_pixels=801000 conversion_rays=115200 generated_points=25031 bytes=800992 half_angle_deg=45.000
[perfect_drone_full_node-2]  -- [TRAJ_GUARD_CERT] trigger=poly_publish status=SAFE gen=50 map=107 map_age=0.051s map_age_limit=0.500s motion_speed=4.089mps samples=279 range=[0.010,1.398] collision_tt=-1.000 ttc=-1.000 p=[0.000,0.000,0.000]
[perfect_drone_full_node-2] Publish local map size: 25031
[perfect_drone_full_node-2] [INFO] [1789558453.202080245] [perfect_tracking]: [SENSOR_ACQUISITION_FRAME] frame=109 cycle=0 full=1 stamp_ns=1789558453197158539 width=900 height=445 readback_pixels=801000 conversion_rays=115200 generated_points=23484 bytes=751488 half_angle_deg=45.000
[perfect_drone_full_node-2]  -- [TRAJ_GUARD_CERT] trigger=main_pre status=SAFE gen=50 map=108 map_age=0.014s map_age_limit=0.500s motion_speed=4.405mps samples=266 range=[0.076,1.398] collision_tt=-1.000 ttc=-1.000 p=[0.000,0.000,0.000]
[perfect_drone_full_node-2] Publish local map size: 23484
[waypoint_mission-1] [INFO] [1789558453.210447421] [waypoint_mission]: [MISSION_GOAL_IDENTITY] stamp_ns=1789558449200392163 new_intent=0 new_identity=0 supported=1 waypoint=1
[perfect_drone_full_node-2] [INFO] [1789558453.210813659] [fsm_node]:  -- [GOAL_RETRANSMIT_COALESCED] stamp_ns=1789558449200392163 generation=50 map=108 queued_revision=5 accepted_revision=4 coalesced_total=7
[perfect_drone_full_node-2] [INFO] [1789558453.288189097] [fsm_node]:  -- [TRAJ_GUARD_COMMIT] phase=ReplanOnce/with_backup gen=51 map=109 samples=263 range=[0.019,1.322] escape=false footprint_egress=false escape_done_tt=-1.000
[perfect_drone_full_node-2]  -- [TRAJ_GUARD_CERT] trigger=main_pre status=SAFE gen=50 map=109 map_age=0.005s map_age_limit=0.500s motion_speed=4.965mps samples=248 range=[0.166,1.398] collision_tt=-1.000 ttc=-1.000 p=[0.000,0.000,0.000]
[perfect_drone_full_node-2] [32m -- [Fsm] ReplanOnce succeed.[0m
[perfect_drone_full_node-2] [INFO] [1789558453.299844696] [perfect_tracking]: [SENSOR_ACQUISITION_FRAME] frame=110 cycle=0 full=1 stamp_ns=1789558453297021347 width=900 height=445 readback_pixels=801000 conversion_rays=115200 generated_points=22186 bytes=709952 half_angle_deg=45.000
[perfect_drone_full_node-2]  -- [TRAJ_GUARD_CERT] trigger=poly_publish status=SAFE gen=51 map=109 map_age=0.056s map_age_limit=0.500s motion_speed=5.370mps samples=262 range=[0.019,1.322] collision_tt=-1.000 ttc=-1.000 p=[0.000,0.000,0.000]
[perfect_drone_full_node-2] Publish local map size: 22186
[perfect_drone_full_node-2] [INFO] [1789558453.345565832] [fsm_node]:  -- [TRAJ_GUARD_COMMIT] phase=ReplanOnce/with_backup gen=52 map=110 samples=262 range=[0.010,1.308] escape=false footprint_egress=false escape_done_tt=-1.000
[perfect_drone_full_node-2]  -- [TRAJ_GUARD_CERT] trigger=main_pre status=SAFE gen=51 map=110 map_age=0.009s map_age_limit=0.500s motion_speed=5.620mps samples=252 range=[0.068,1.322] collision_tt=-1.000 ttc=-1.000 p=[0.000,0.000,0.000]
[perfect_drone_full_node-2] [32m -- [Fsm] ReplanOnce succeed.[0m
[perfect_drone_full_node-2]  -- [TRAJ_GUARD_CERT] trigger=poly_publish status=SAFE gen=52 map=110 map_age=0.018s map_age_limit=0.500s motion_speed=5.674mps samples=261 range=[0.011,1.308] collision_tt=-1.000 ttc=-1.000 p=[0.000,0.000,0.000]
[perfect_drone_full_node-2] [32m -- [Fsm 11.049] Current state: FOLLOW_TRAJ[0m
[perfect_drone_full_node-2] [INFO] [1789558453.402254027] [perfect_tracking]: [SENSOR_ACQUISITION_FRAME] frame=111 cycle=0 full=1 stamp_ns=1789558453397052354 width=900 height=445 readback_pixels=801000 conversion_rays=115200 generated_points=21496 bytes=687872 half_angle_deg=45.000
[perfect_drone_full_node-2] Publish local map size: 21496
[perfect_drone_full_node-2] [INFO] [1789558453.411499677] [fsm_node]:  -- [TRAJ_GUARD_COMMIT] phase=ReplanOnce/with_backup gen=53 map=110 samples=258 range=[0.010,1.288] escape=false footprint_egress=false escape_done_tt=-1.000
[perfect_drone_full_node-2] [32m -- [Fsm] ReplanOnce succeed.[0m
[perfect_drone_full_node-2] [INFO] [1789558453.501318547] [perfect_tracking]: [SENSOR_ACQUISITION_FRAME] frame=112 cycle=0 full=1 stamp_ns=1789558453497134530 width=900 height=445 readback_pixels=801000 conversion_rays=115200 generated_points=30606 bytes=979392 half_angle_deg=45.000
[perfect_drone_full_node-2]  -- [TRAJ_GUARD_CERT] trigger=poly_publish status=SAFE gen=53 map=110 map_age=0.084s map_age_limit=0.500s motion_speed=5.934mps samples=257 range=[0.010,1.288] collision_tt=-1.000 ttc=-1.000 p=[0.000,0.000,0.000]
[perfect_drone_full_node-2]  -- [TRAJ_GUARD_CERT] trigger=main_pre status=SAFE gen=53 map=111 map_age=0.014s map_age_limit=0.500s motion_speed=5.988mps samples=250 range=[0.046,1.288] collision_tt=-1.000 ttc=-1.000 p=[0.000,0.000,0.000]
[perfect_drone_full_node-2] Publish local map size: 30606
[perfect_drone_full_node-2] [INFO] [1789558453.601033476] [perfect_tracking]: [SENSOR_ACQUISITION_FRAME] frame=113 cycle=0 full=1 stamp_ns=1789558453597133290 width=900 height=445 readback_pixels=801000 conversion_rays=115200 generated_points=30910 bytes=989120 half_angle_deg=45.000
[perfect_drone_full_node-2]  -- [TRAJ_GUARD_CERT] trigger=main_pre status=SAFE gen=53 map=112 map_age=0.014s map_age_limit=0.500s motion_speed=6.050mps samples=230 range=[0.146,1.288] collision_tt=-1.000 ttc=-1.000 p=[0.000,0.000,0.000]
[perfect_drone_full_node-2] Publish local map size: 30910
[perfect_drone_full_node-2] [INFO] [1789558453.610118053] [fsm_node]:  -- [TRAJ_GUARD_COMMIT] phase=ReplanOnce/with_backup gen=54 map=112 samples=225 range=[0.011,1.123] escape=false footprint_egress=false escape_done_tt=-1.000
[perfect_drone_full_node-2] [32m -- [Fsm] ReplanOnce succeed.[0m
[perfect_drone_full_node-2] [INFO] [1789558453.690637289] [fsm_node]:  -- [TRAJ_GUARD_COMMIT] phase=ReplanOnce/with_backup gen=55 map=113 samples=239 range=[0.025,1.209] escape=false footprint_egress=false escape_done_tt=-1.000
[perfect_drone_full_node-2]  -- [TRAJ_GUARD_CERT] trigger=poly_publish status=SAFE gen=54 map=112 map_age=0.077s map_age_limit=0.500s motion_speed=6.163mps samples=224 range=[0.011,1.123] collision_tt=-1.000 ttc=-1.000 p=[0.000,0.000,0.000]
[perfect_drone_full_node-2]  -- [TRAJ_GUARD_CERT] trigger=main_pre status=SAFE gen=54 map=113 map_age=0.007s map_age_limit=0.500s motion_speed=6.226mps samples=219 range=[0.038,1.123] collision_tt=-1.000 ttc=-1.000 p=[0.000,0.000,0.000]
[perfect_drone_full_node-2] [32m -- [Fsm] ReplanOnce succeed.[0m
[perfect_drone_full_node-2] [INFO] [1789558453.700086266] [perfect_tracking]: [SENSOR_ACQUISITION_FRAME] frame=114 cycle=0 full=1 stamp_ns=1789558453697029053 width=900 height=445 readback_pixels=801000 conversion_rays=115200 generated_points=42237 bytes=1351584 half_angle_deg=45.000
[perfect_drone_full_node-2]  -- [TRAJ_GUARD_CERT] trigger=poly_publish status=SAFE gen=55 map=113 map_age=0.061s map_age_limit=0.500s motion_speed=6.461mps samples=238 range=[0.026,1.209] collision_tt=-1.000 ttc=-1.000 p=[0.000,0.000,0.000]
[perfect_drone_full_node-2] Publish local map size: 42237
[perfect_drone_full_node-2] [INFO] [1789558453.800789217] [perfect_tracking]: [SENSOR_ACQUISITION_FRAME] frame=115 cycle=0 full=1 stamp_ns=1789558453797145874 width=900 height=445 readback_pixels=801000 conversion_rays=115200 generated_points=34434 bytes=1101888 half_angle_deg=45.000
[perfect_drone_full_node-2]  -- [TRAJ_GUARD_CERT] trigger=main_pre status=SAFE gen=55 map=114 map_age=0.007s map_age_limit=0.500s motion_speed=6.622mps samples=229 range=[0.072,1.209] collision_tt=-1.000 ttc=-1.000 p=[0.000,0.000,0.000]
[perfect_drone_full_node-2] Publish local map size: 34434
[perfect_drone_full_node-2] [INFO] [1789558453.880021611] [fsm_node]:  -- [TRAJ_GUARD_COMMIT] phase=ReplanOnce/with_backup gen=56 map=115 samples=238 range=[0.017,1.196] escape=false footprint_egress=false escape_done_tt=-1.000
[perfect_drone_full_node-2]  -- [TRAJ_GUARD_CERT] trigger=main_pre status=SAFE gen=55 map=115 map_age=0.006s map_age_limit=0.500s motion_speed=6.910mps samples=209 range=[0.172,1.209] collision_tt=-1.000 ttc=-1.000 p=[0.000,0.000,0.000]
[perfect_drone_full_node-2] [32m -- [Fsm] ReplanOnce succeed.[0m
[perfect_drone_full_node-2] [INFO] [1789558453.901040384] [perfect_tracking]: [SENSOR_ACQUISITION_FRAME] frame=116 cycle=0 full=1 stamp_ns=1789558453897127911 width=900 height=445 readback_pixels=801000 conversion_rays=115200 generated_points=41565 bytes=1330080 half_angle_deg=45.000
[perfect_drone_full_node-2]  -- [TRAJ_GUARD_CERT] trigger=poly_publish status=SAFE gen=56 map=115 map_age=0.050s map_age_limit=0.500s motion_speed=6.958mps samples=237 range=[0.017,1.196] collision_tt=-1.000 ttc=-1.000 p=[0.000,0.000,0.000]
[perfect_drone_full_node-2] Publish local map size: 41565
[perfect_drone_full_node-2] [INFO] [1789558454.001297782] [perfect_tracking]: [SENSOR_ACQUISITION_FRAME] frame=117 cycle=0 full=1 stamp_ns=1789558453997136971 width=900 height=445 readback_pixels=801000 conversion_rays=115200 generated_points=39286 bytes=1257152 half_angle_deg=45.000
[perfect_drone_full_node-2]  -- [TRAJ_GUARD_CERT] trigger=main_pre status=SAFE gen=56 map=116 map_age=0.014s map_age_limit=0.500s motion_speed=6.974mps samples=224 range=[0.084,1.196] collision_tt=-1.000 ttc=-1.000 p=[0.000,0.000,0.000]
[perfect_drone_full_node-2] Publish local map size: 39286
[perfect_drone_full_node-2] [INFO] [1789558454.077675218] [fsm_node]:  -- [TRAJ_GUARD_COMMIT] phase=ReplanOnce/with_backup gen=57 map=117 samples=222 range=[0.016,1.114] escape=false footprint_egress=false escape_done_tt=-1.000
[perfect_drone_full_node-2]  -- [TRAJ_GUARD_CERT] trigger=main_pre status=SAFE gen=56 map=117 map_age=0.012s map_age_limit=0.500s motion_speed=6.994mps samples=204 range=[0.184,1.196] collision_tt=-1.000 ttc=-1.000 p=[0.000,0.000,0.000]
[perfect_drone_full_node-2] [32m -- [Fsm] ReplanOnce succeed.[0m
[perfect_drone_full_node-2] [INFO] [1789558454.100402807] [perfect_tracking]: [SENSOR_ACQUISITION_FRAME] frame=118 cycle=0 full=1 stamp_ns=1789558454097037786 width=900 height=445 readback_pixels=801000 conversion_rays=115200 generated_points=24404 bytes=780928 half_angle_deg=45.000
[perfect_drone_full_node-2]  -- [TRAJ_GUARD_CERT] trigger=poly_publish status=SAFE gen=57 map=117 map_age=0.043s map_age_limit=0.500s motion_speed=6.995mps samples=221 range=[0.016,1.114] collision_tt=-1.000 ttc=-1.000 p=[0.000,0.000,0.000]
[perfect_drone_full_node-2] Publish local map size: 24404
[perfect_drone_full_node-2] [INFO] [1789558454.182086286] [fsm_node]:  -- [TRAJ_GUARD_COMMIT] phase=ReplanOnce/with_backup gen=58 map=118 samples=223 range=[0.055,1.158] escape=false footprint_egress=false escape_done_tt=-1.000
[perfect_drone_full_node-2]  -- [TRAJ_GUARD_CERT] trigger=main_pre status=SAFE gen=57 map=118 map_age=0.014s map_age_limit=0.500s motion_speed=6.992mps samples=207 range=[0.086,1.114] collision_tt=-1.000 ttc=-1.000 p=[0.000,0.000,0.000]
[perfect_drone_full_node-2] [32m -- [Fsm] ReplanOnce succeed.[0m
[perfect_drone_full_node-2] [INFO] [1789558454.199841674] [perfect_tracking]: [SENSOR_ACQUISITION_FRAME] frame=119 cycle=0 full=1 stamp_ns=1789558454197064738 width=900 height=445 readback_pixels=801000 conversion_rays=115200 generated_points=21441 bytes=686112 half_angle_deg=45.000
[perfect_drone_full_node-2]  -- [TRAJ_GUARD_CERT] trigger=poly_publish status=SAFE gen=58 map=118 map_age=0.049s map_age_limit=0.500s motion_speed=6.992mps samples=222 range=[0.055,1.158] collision_tt=-1.000 ttc=-1.000 p=[0.000,0.000,0.000]
[perfect_drone_full_node-2] Publish local map size: 21441
[waypoint_mission-1] [INFO] [1789558454.220493090] [waypoint_mission]: [MISSION_GOAL_IDENTITY] stamp_ns=1789558449200392163 new_intent=0 new_identity=0 supported=1 waypoint=1
[perfect_drone_full_node-2] [INFO] [1789558454.221014782] [fsm_node]:  -- [GOAL_RETRANSMIT_COALESCED] stamp_ns=1789558449200392163 generation=58 map=118 queued_revision=5 accepted_revision=4 coalesced_total=8
[perfect_drone_full_node-2] [INFO] [1789558454.302399425] [perfect_tracking]: [SENSOR_ACQUISITION_FRAME] frame=120 cycle=0 full=1 stamp_ns=1789558454297103704 width=900 height=445 readback_pixels=801000 conversion_rays=115200 generated_points=20848 bytes=667136 half_angle_deg=45.000
[perfect_drone_full_node-2]  -- [TRAJ_GUARD_CERT] trigger=main_pre status=SAFE gen=58 map=119 map_age=0.008s map_age_limit=0.500s motion_speed=6.992mps samples=211 range=[0.110,1.158] collision_tt=-1.000 ttc=-1.000 p=[0.000,0.000,0.000]
[perfect_drone_full_node-2] Publish local map size: 20848
[perfect_drone_full_node-2] [INFO] [1789558454.374219273] [fsm_node]:  -- [TRAJ_GUARD_COMMIT] phase=ReplanOnce/with_backup gen=59 map=120 samples=217 range=[0.049,1.122] escape=false footprint_egress=false escape_done_tt=-1.000
[perfect_drone_full_node-2]  -- [TRAJ_GUARD_CERT] trigger=main_pre status=SAFE gen=58 map=120 map_age=0.010s map_age_limit=0.500s motion_speed=6.912mps samples=189 range=[0.220,1.158] collision_tt=-1.000 ttc=-1.000 p=[0.000,0.000,0.000]
[perfect_drone_full_node-2] [32m -- [Fsm] ReplanOnce succeed.[0m
[perfect_drone_full_node-2]  -- [TRAJ_GUARD_CERT] trigger=poly_publish status=SAFE gen=59 map=120 map_age=0.037s map_age_limit=0.500s motion_speed=6.905mps samples=216 range=[0.049,1.122] collision_tt=-1.000 ttc=-1.000 p=[0.000,0.000,0.000]
[perfect_drone_full_node-2] [32m -- [Fsm 12.059] Current state: FOLLOW_TRAJ[0m
[perfect_drone_full_node-2] [INFO] [1789558454.400056932] [perfect_tracking]: [SENSOR_ACQUISITION_FRAME] frame=121 cycle=0 full=1 stamp_ns=1789558454397064517 width=900 height=445 readback_pixels=801000 conversion_rays=115200 generated_points=23041 bytes=737312 half_angle_deg=45.000
[perfect_drone_full_node-2] Publish local map size: 23041
[perfect_drone_full_node-2] [INFO] [1789558454.501144440] [perfect_tracking]: [SENSOR_ACQUISITION_FRAME] frame=122 cycle=0 full=1 stamp_ns=1789558454497059859 width=900 height=445 readback_pixels=801000 conversion_rays=115200 generated_points=26897 bytes=860704 half_angle_deg=45.000
[perfect_drone_full_node-2]  -- [TRAJ_GUARD_CERT] trigger=main_pre status=SAFE gen=59 map=121 map_age=0.014s map_age_limit=0.500s motion_speed=6.918mps samples=201 range=[0.122,1.122] collision_tt=-1.000 ttc=-1.000 p=[0.000,0.000,0.000]
[perfect_drone_full_node-2] Publish local map size: 26897
[perfect_drone_full_node-2] [INFO] [1789558454.583753942] [fsm_node]:  -- [TRAJ_GUARD_COMMIT] phase=ReplanOnce/with_backup gen=60 map=122 samples=157 range=[0.061,0.834] escape=false footprint_egress=false escape_done_tt=-1.000
[perfect_drone_full_node-2]  -- [TRAJ_GUARD_CERT] trigger=main_pre status=SAFE gen=59 map=122 map_age=0.009s map_age_limit=0.500s motion_speed=6.954mps samples=181 range=[0.222,1.122] collision_tt=-1.000 ttc=-1.000 p=[0.000,0.000,0.000]
[perfect_drone_full_node-2] [32m -- [Fsm] ReplanOnce succeed.[0m
[perfect_drone_full_node-2] [INFO] [1789558454.599857001] [perfect_tracking]: [SENSOR_ACQUISITION_FRAME] frame=123 cycle=0 full=1 stamp_ns=1789558454597037704 width=900 height=445 readback_pixels=801000 conversion_rays=115200 generated_points=28373 bytes=907936 half_angle_deg=45.000
[perfect_drone_full_node-2]  -- [TRAJ_GUARD_CERT] trigger=poly_publish status=SAFE gen=60 map=122 map_age=0.046s map_age_limit=0.500s motion_speed=6.974mps samples=156 range=[0.061,0.834] collision_tt=-1.000 ttc=-1.000 p=[0.000,0.000,0.000]
[perfect_drone_full_node-2] Publish local map size: 28373
[perfect_drone_full_node-2]  -- [TRAJ_GUARD_CERT] trigger=main_pre status=SAFE gen=60 map=123 map_age=0.011s map_age_limit=0.500s motion_speed=6.993mps samples=145 range=[0.114,0.834] collision_tt=-1.000 ttc=-1.000 p=[0.000,0.000,0.000]
[perfect_drone_full_node-2]  -- [MARSIM] Running FPS: 268.853107593908476
[perfect_drone_full_node-2] [INFO] [1789558454.701591618] [perfect_tracking]: [SENSOR_ACQUISITION_FRAME] frame=124 cycle=0 full=1 stamp_ns=1789558454697060303 width=900 height=445 readback_pixels=801000 conversion_rays=115200 generated_points=25122 bytes=803904 half_angle_deg=45.000
[perfect_drone_full_node-2] Publish local map size: 25122
[perfect_drone_full_node-2] [INFO] [1789558454.744498954] [fsm_node]:  -- [TRAJ_GUARD_COMMIT] phase=ReplanOnce/with_backup gen=61 map=124 samples=120 range=[0.023,0.612] escape=false footprint_egress=false escape_done_tt=-1.000
[perfect_drone_full_node-2]  -- [TRAJ_GUARD_CERT] trigger=main_pre status=SAFE gen=60 map=124 map_age=0.005s map_age_limit=0.500s motion_speed=6.719mps samples=125 range=[0.214,0.834] collision_tt=-1.000 ttc=-1.000 p=[0.000,0.000,0.000]
[perfect_drone_full_node-2] [32m -- [Fsm] ReplanOnce succeed.[0m
[perfect_drone_full_node-2] [INFO] [1789558454.800799010] [perfect_tracking]: [SENSOR_ACQUISITION_FRAME] frame=125 cycle=0 full=1 stamp_ns=1789558454797042299 width=900 height=445 readback_pixels=801000 conversion_rays=115200 generated_points=35259 bytes=1128288 half_angle_deg=45.000
[perfect_drone_full_node-2]  -- [TRAJ_GUARD_CERT] trigger=poly_publish status=SAFE gen=61 map=124 map_age=0.013s map_age_limit=0.500s motion_speed=6.653mps samples=119 range=[0.023,0.612] collision_tt=-1.000 ttc=-1.000 p=[0.000,0.000,0.000]
[perfect_drone_full_node-2] Publish local map size: 35259
[perfect_drone_full_node-2] [33m Yaw rate too large, 6.795477032825508[0m
[perfect_drone_full_node-2] [INFO] [1789558454.814982828] [fsm_node]:  -- [TRAJ_GUARD_COMMIT] phase=ReplanOnce/with_backup gen=62 map=124 samples=154 range=[0.028,0.783] escape=false footprint_egress=false escape_done_tt=-1.000
[perfect_drone_full_node-2] [32m -- [Fsm] ReplanOnce succeed.[0m
[perfect_drone_full_node-2] [INFO] [1789558454.902947398] [perfect_tracking]: [SENSOR_ACQUISITION_FRAME] frame=126 cycle=0 full=1 stamp_ns=1789558454897060780 width=900 height=445 readback_pixels=801000 conversion_rays=115200 generated_points=47053 bytes=1505696 half_angle_deg=45.000
[perfect_drone_full_node-2]  -- [TRAJ_GUARD_CERT] trigger=poly_publish status=SAFE gen=62 map=124 map_age=0.083s map_age_limit=0.500s motion_speed=6.030mps samples=153 range=[0.028,0.783] collision_tt=-1.000 ttc=-1.000 p=[0.000,0.000,0.000]
[perfect_drone_full_node-2]  -- [TRAJ_GUARD_CERT] trigger=main_pre status=SAFE gen=62 map=125 map_age=0.008s map_age_limit=0.500s motion_speed=5.815mps samples=148 range=[0.050,0.783] collision_tt=-1.000 ttc=-1.000 p=[0.000,0.000,0.000]
[perfect_drone_full_node-2] Publish local map size: 47053
[perfect_drone_full_node-2] [ERROR] [1789558454.997356435] [fsm_node]:  -- [TRAJ_GUARD_REJECT] phase=ReplanOnce/with_backup segment=APPENDED_BACKUP status=CLEARANCE_MARGIN gen=63 map=126 from_tt=0.012 collision_tt=0.622 collision_p=[-6.406,23.477,1.128] samples=167
[perfect_drone_full_node-2] [INFO] [1789558455.000245667] [perfect_tracking]: [SENSOR_ACQUISITION_FRAME] frame=127 cycle=0 full=1 stamp_ns=1789558454997083022 width=900 height=445 readback_pixels=801000 conversion_rays=115200 generated_points=38906 bytes=1244992 half_angle_deg=45.000
[perfect_drone_full_node-2]  -- [TRAJ_GUARD_CERT] trigger=main_pre status=SAFE gen=62 map=126 map_age=0.012s map_age_limit=0.500s motion_speed=4.864mps samples=126 range=[0.160,0.783] collision_tt=-1.000 ttc=-1.000 p=[0.000,0.000,0.000]
[perfect_drone_full_node-2] Publish local map size: 38906
[perfect_drone_full_node-2] [INFO] [1789558455.066770672] [fsm_node]:  -- [TRAJ_GUARD_COMMIT] phase=ReplanOnce/with_backup gen=63 map=127 samples=216 range=[0.015,1.084] escape=false footprint_egress=false escape_done_tt=-1.000
[perfect_drone_full_node-2]  -- [TRAJ_GUARD_CERT] trigger=main_pre status=SAFE gen=62 map=127 map_age=0.010s map_age_limit=0.500s motion_speed=4.183mps samples=108 range=[0.250,0.783] collision_tt=-1.000 ttc=-1.000 p=[0.000,0.000,0.000]
[perfect_drone_full_node-2] [32m -- [Fsm] ReplanOnce succeed.[0m
[perfect_drone_full_node-2] [INFO] [1789558455.100996993] [perfect_tracking]: [SENSOR_ACQUISITION_FRAME] frame=128 cycle=0 full=1 stamp_ns=1789558455097094959 width=900 height=445 readback_pixels=801000 conversion_rays=115200 generated_points=49212 bytes=1574784 half_angle_deg=45.000
[perfect_drone_full_node-2]  -- [TRAJ_GUARD_CERT] trigger=poly_publish status=SAFE gen=63 map=127 map_age=0.040s map_age_limit=0.500s motion_speed=3.879mps samples=215 range=[0.016,1.084] collision_tt=-1.000 ttc=-1.000 p=[0.000,0.000,0.000]
[perfect_drone_full_node-2] Publish local map size: 49212
[perfect_drone_full_node-2] [INFO] [1789558455.202424058] [perfect_tracking]: [SENSOR_ACQUISITION_FRAME] frame=129 cycle=0 full=1 stamp_ns=1789558455197070936 width=900 height=445 readback_pixels=801000 conversion_rays=115200 generated_points=48079 bytes=1538528 half_angle_deg=45.000
[perfect_drone_full_node-2]  -- [TRAJ_GUARD_CERT] trigger=main_pre status=SAFE gen=63 map=128 map_age=0.009s map_age_limit=0.523s motion_speed=3.048mps samples=201 range=[0.086,1.084] collision_tt=-1.000 ttc=-1.000 p=[0.000,0.000,0.000]
[perfect_drone_full_node-2] Publish local map size: 48079
[waypoint_mission-1] [INFO] [1789558455.230421932] [waypoint_mission]: [MISSION_GOAL_IDENTITY] stamp_ns=1789558449200392163 new_intent=0 new_identity=0 supported=1 waypoint=1
[perfect_drone_full_node-2] [INFO] [1789558455.230720203] [fsm_node]:  -- [GOAL_RETRANSMIT_COALESCED] stamp_ns=1789558449200392163 generation=63 map=128 queued_revision=5 accepted_revision=4 coalesced_total=9
[perfect_drone_full_node-2] [INFO] [1789558455.256109510] [fsm_node]:  -- [TRAJ_GUARD_COMMIT] phase=ReplanOnce/with_backup gen=64 map=129 samples=154 range=[0.007,0.767] escape=false footprint_egress=false escape_done_tt=-1.000
[perfect_drone_full_node-2]  -- [TRAJ_GUARD_CERT] trigger=main_pre status=SAFE gen=63 map=129 map_age=0.014s map_age_limit=0.550s motion_speed=1.897mps samples=179 range=[0.196,1.084] collision_tt=-1.000 ttc=-1.000 p=[0.000,0.000,0.000]
[perfect_drone_full_node-2] [32m -- [Fsm] ReplanOnce succeed.[0m
[perfect_drone_full_node-2] [INFO] [1789558455.301418972] [perfect_tracking]: [SENSOR_ACQUISITION_FRAME] frame=130 cycle=0 full=1 stamp_ns=1789558455297095064 width=900 height=445 readback_pixels=801000 conversion_rays=115200 generated_points=56134 bytes=1796288 half_angle_deg=45.000
[perfect_drone_full_node-2]  -- [TRAJ_GUARD_CERT] trigger=poly_publish status=SAFE gen=64 map=129 map_age=0.023s map_age_limit=0.550s motion_speed=1.877mps samples=153 range=[0.007,0.767] collision_tt=-1.000 ttc=-1.000 p=[0.000,0.000,0.000]
[perfect_drone_full_node-2] Publish local map size: 56134
[perfect_drone_full_node-2] [INFO] [1789558455.326499878] [fsm_node]:  -- [TRAJ_GUARD_COMMIT] phase=ReplanOnce/with_backup gen=65 map=129 samples=318 range=[0.011,1.591] escape=false footprint_egress=false escape_done_tt=-1.000
[perfect_drone_full_node-2] [32m -- [Fsm] ReplanOnce succeed.[0m
[perfect_drone_full_node-2] [INFO] [1789558455.391335904] [fsm_node]:  -- [TRAJ_GUARD_COMMIT] phase=ReplanOnce/with_backup gen=66 map=130 samples=173 range=[0.010,0.864] escape=false footprint_egress=false escape_done_tt=-1.000
[perfect_drone_full_node-2]  -- [TRAJ_GUARD_CERT] trigger=poly_publish status=SAFE gen=65 map=129 map_age=0.094s map_age_limit=0.550s motion_speed=2.501mps samples=317 range=[0.011,1.591] collision_tt=-1.000 ttc=-1.000 p=[0.000,0.000,0.000]
[perfect_drone_full_node-2]  -- [TRAJ_GUARD_CERT] trigger=main_pre status=SAFE gen=65 map=130 map_age=0.008s map_age_limit=0.542s motion_speed=2.666mps samples=315 range=[0.022,1.591] collision_tt=-1.000 ttc=-1.000 p=[0.000,0.000,0.000]
[perfect_drone_full_node-2] [32m -- [Fsm] ReplanOnce succeed.[0m
[perfect_drone_full_node-2]  -- [TRAJ_GUARD_CERT] trigger=poly_publish status=SAFE gen=66 map=130 map_age=0.062s map_age_limit=0.500s motion_speed=3.775mps samples=172 range=[0.010,0.864] collision_tt=-1.000 ttc=-1.000 p=[0.000,0.000,0.000]
[perfect_drone_full_node-2] [32m -- [Fsm 13.069] Current state: FOLLOW_TRAJ[0m
[perfect_drone_full_node-2] [INFO] [1789558455.400192943] [perfect_tracking]: [SENSOR_ACQUISITION_FRAME] frame=131 cycle=0 full=1 stamp_ns=1789558455397056133 width=900 height=445 readback_pixels=801000 conversion_rays=115200 generated_points=51842 bytes=1658944 half_angle_deg=45.000
[perfect_drone_full_node-2] Publish local map size: 51842
[perfect_drone_full_node-2] [INFO] [1789558455.502674267] [perfect_tracking]: [SENSOR_ACQUISITION_FRAME] frame=132 cycle=0 full=1 stamp_ns=1789558455497127991 width=900 height=445 readback_pixels=801000 conversion_rays=115200 generated_points=44636 bytes=1428352 half_angle_deg=45.000
[perfect_drone_full_node-2]  -- [TRAJ_GUARD_CERT] trigger=main_pre status=SAFE gen=66 map=131 map_age=0.008s map_age_limit=0.500s motion_speed=4.497mps samples=163 range=[0.056,0.864] collision_tt=-1.000 ttc=-1.000 p=[0.000,0.000,0.000]
[perfect_drone_full_node-2] Publish local map size: 44636
[perfect_drone_full_node-2] [INFO] [1789558455.600810925] [perfect_tracking]: [SENSOR_ACQUISITION_FRAME] frame=133 cycle=0 full=1 stamp_ns=1789558455597092025 width=900 height=445 readback_pixels=801000 conversion_rays=115200 generated_points=41465 bytes=1326880 half_angle_deg=45.000
[perfect_drone_full_node-2]  -- [TRAJ_GUARD_CERT] trigger=main_pre status=SAFE gen=66 map=132 map_age=0.012s map_age_limit=0.500s motion_speed=5.947mps samples=143 range=[0.156,0.864] collision_tt=-1.000 ttc=-1.000 p=[0.000,0.000,0.000]
[perfect_drone_full_node-2] Publish local map size: 41465
[perfect_drone_full_node-2] [INFO] [1789558455.612007231] [fsm_node]:  -- [TRAJ_GUARD_COMMIT] phase=ReplanOnce/with_backup gen=67 map=132 samples=248 range=[0.033,1.261] escape=false footprint_egress=false escape_done_tt=-1.000
[perfect_drone_full_node-2] [32m -- [Fsm] ReplanOnce succeed.[0m
[perfect_drone_full_node-2] [INFO] [1789558455.700490659] [perfect_tracking]: [SENSOR_ACQUISITION_FRAME] frame=134 cycle=0 full=1 stamp_ns=1789558455697190544 width=900 height=445 readback_pixels=801000 conversion_rays=115200 generated_points=30085 bytes=962720 half_angle_deg=45.000
[perfect_drone_full_node-2]  -- [TRAJ_GUARD_CERT] trigger=poly_publish status=SAFE gen=67 map=132 map_age=0.087s map_age_limit=0.500s motion_speed=6.520mps samples=247 range=[0.033,1.261] collision_tt=-1.000 ttc=-1.000 p=[0.000,0.000,0.000]
[perfect_drone_full_node-2]  -- [TRAJ_GUARD_CERT] trigger=main_pre status=SAFE gen=67 map=133 map_age=0.006s map_age_limit=0.500s motion_speed=6.559mps samples=244 range=[0.048,1.261] collision_tt=-1.000 ttc=-1.000 p=[0.000,0.000,0.000]
[perfect_drone_full_node-2] Publish local map size: 30085
[perfect_drone_full_node-2] [INFO] [1789558455.801174963] [perfect_tracking]: [SENSOR_ACQUISITION_FRAME] frame=135 cycle=0 full=1 stamp_ns=1789558455797123288 width=900 height=445 readback_pixels=801000 conversion_rays=115200 generated_points=24691 bytes=790112 half_angle_deg=45.000
[perfect_drone_full_node-2]  -- [TRAJ_GUARD_CERT] trigger=main_pre status=SAFE gen=67 map=134 map_age=0.009s map_age_limit=0.500s motion_speed=6.770mps samples=222 range=[0.158,1.261] collision_tt=-1.000 ttc=-1.000 p=[0.000,0.000,0.000]
[perfect_drone_full_node-2] Publish local map size: 24691
[perfect_drone_full_node-2] [INFO] [1789558455.821149478] [fsm_node]:  -- [TRAJ_GUARD_COMMIT] phase=ReplanOnce/with_backup gen=68 map=134 samples=233 range=[0.044,1.194] escape=false footprint_egress=false escape_done_tt=-1.000
[perfect_drone_full_node-2] [32m -- [Fsm] ReplanOnce succeed.[0m
[perfect_drone_full_node-2] [INFO] [1789558455.902130383] [perfect_tracking]: [SENSOR_ACQUISITION_FRAME] frame=136 cycle=0 full=1 stamp_ns=1789558455897110268 width=900 height=445 readback_pixels=801000 conversion_rays=115200 generated_points=28987 bytes=927584 half_angle_deg=45.000
[perfect_drone_full_node-2]  -- [TRAJ_GUARD_CERT] trigger=poly_publish status=SAFE gen=68 map=134 map_age=0.093s map_age_limit=0.500s motion_speed=6.943mps samples=231 range=[0.044,1.194] collision_tt=-1.000 ttc=-1.000 p=[0.000,0.000,0.000]
[perfect_drone_full_node-2]  -- [TRAJ_GUARD_CERT] trigger=main_pre status=SAFE gen=68 map=135 map_age=0.007s map_age_limit=0.500s motion_speed=6.960mps samples=228 range=[0.060,1.194] collision_tt=-1.000 ttc=-1.000 p=[0.000,0.000,0.000]
[perfect_drone_full_node-2] Publish local map size: 28987
[perfect_drone_full_node-2] [INFO] [1789558456.000324807] [perfect_tracking]: [SENSOR_ACQUISITION_FRAME] frame=137 cycle=0 full=1 stamp_ns=1789558455997060381 width=900 height=445 readback_pixels=801000 conversion_rays=115200 generated_points=33280 bytes=1064960 half_angle_deg=45.000
[perfect_drone_full_node-2]  -- [TRAJ_GUARD_CERT] trigger=main_pre status=SAFE gen=68 map=136 map_age=0.007s map_age_limit=0.500s motion_speed=6.924mps samples=208 range=[0.160,1.194] collision_tt=-1.000 ttc=-1.000 p=[0.000,0.000,0.000]
[perfect_drone_full_node-2] Publish local map size: 33280
[perfect_drone_full_node-2] [ERROR] [1789558456.008456257] [fsm_node]:  -- [TRAJ_GUARD_REJECT] phase=ReplanOnce/with_backup segment=APPENDED_BACKUP status=CLEARANCE_MARGIN gen=69 map=136 from_tt=0.033 collision_tt=0.918 collision_p=[-13.583,25.796,1.157] samples=208
[perfect_drone_full_node-2] [ERROR] [1789558456.063506397] [fsm_node]:  -- [TRAJ_GUARD_REJECT] phase=ReplanOnce/with_backup segment=APPENDED_BACKUP status=CLEARANCE_MARGIN gen=69 map=137 from_tt=0.022 collision_tt=0.837 collision_p=[-13.800,25.803,1.300] samples=205
[perfect_drone_full_node-2] [INFO] [1789558456.100956301] [perfect_tracking]: [SENSOR_ACQUISITION_FRAME] frame=138 cycle=0 full=1 stamp_ns=1789558456097136844 width=900 height=445 readback_pixels=801000 conversion_rays=115200 generated_points=36717 bytes=1174944 half_angle_deg=45.000
[perfect_drone_full_node-2]  -- [TRAJ_GUARD_CERT] trigger=main_pre status=SAFE gen=68 map=137 map_age=0.009s map_age_limit=0.500s motion_speed=6.519mps samples=188 range=[0.260,1.194] collision_tt=-1.000 ttc=-1.000 p=[0.000,0.000,0.000]
[perfect_drone_full_node-2] Publish local map size: 36717
[perfect_drone_full_node-2] [WARN] [1789558456.151940698] [fsm_node]:  -- [BackOpt] Opt failed, Omg or thr or Pos violation.
[perfect_drone_full_node-2] [WARN] [1789558456.152009018] [fsm_node]:  -- [SUPER] OptimizationBakTrajInPolytopes failed, force return
[perfect_drone_full_node-2] [WARN] [1789558456.152017371] [fsm_node]:  -- [SUPER] in [ReplanOnce]: generateBackupTrajectory return OPT_FAILED, replan Failed return
[perfect_drone_full_node-2]  -- [TRAJ_GUARD_CERT] trigger=main_pre status=SAFE gen=68 map=138 map_age=0.009s map_age_limit=0.500s motion_speed=6.317mps samples=168 range=[0.360,1.194] collision_tt=-1.000 ttc=-1.000 p=[0.000,0.000,0.000]
[perfect_drone_full_node-2] [33m -- [MINCO] TrajOpt failed, (unknown)[0m
[perfect_drone_full_node-2] [33m -- [SUPER] Minco backup_traj opt failed.[0m
[perfect_drone_full_node-2] [INFO] [1789558456.200912328] [perfect_tracking]: [SENSOR_ACQUISITION_FRAME] frame=139 cycle=0 full=1 stamp_ns=1789558456197109583 width=900 height=445 readback_pixels=801000 conversion_rays=115200 generated_points=44596 bytes=1427072 half_angle_deg=45.000
[perfect_drone_full_node-2] Publish local map size: 44596
[perfect_drone_full_node-2] [ERROR] [1789558456.203778714] [fsm_node]:  -- [TRAJ_GUARD_REJECT] phase=ReplanOnce/with_backup segment=APPENDED_BACKUP status=CLEARANCE_MARGIN gen=69 map=138 from_tt=0.031 collision_tt=0.661 collision_p=[-13.594,25.788,1.301] samples=175
[waypoint_mission-1] [INFO] [1789558456.230456880] [waypoint_mission]: [MISSION_GOAL_IDENTITY] stamp_ns=1789558449200392163 new_intent=0 new_identity=0 supported=1 waypoint=1
[perfect_drone_full_node-2]  -- [TRAJ_GUARD_CERT] trigger=main_pre status=SAFE gen=68 map=139 map_age=0.007s map_age_limit=0.500s motion_speed=6.509mps samples=148 range=[0.460,1.194] collision_tt=-1.000 ttc=-1.000 p=[0.000,0.000,0.000]
[perfect_drone_full_node-2] [32m -- [Fsm] Get goal at [0m-23.975000000000001  24.025000000000002   1.525000000000000
[perfect_drone_full_node-2] [32m -- [Fsm] Receive click goal at: [-23.975000000000001  24.025000000000002   1.525000000000000]; goal yaw: 0.000000000000000 deg[0m
[perfect_drone_full_node-2] [ERROR] [1789558456.293448453] [fsm_node]:  -- [TRAJ_GUARD_REJECT] phase=ReplanOnce/with_backup segment=APPENDED_BACKUP status=CLEARANCE_MARGIN gen=69 map=139 from_tt=0.054 collision_tt=0.544 collision_p=[-13.509,25.783,1.301] samples=162
[perfect_drone_full_node-2] [INFO] [1789558456.300764629] [perfect_tracking]: [SENSOR_ACQUISITION_FRAME] frame=140 cycle=0 full=1 stamp_ns=1789558456297116019 width=900 height=445 readback_pixels=801000 conversion_rays=115200 generated_points=37281 bytes=1192992 half_angle_deg=45.000
[perfect_drone_full_node-2] Publish local map size: 37281
[perfect_drone_full_node-2] [ERROR] [1789558456.330121461] [fsm_node]:  -- [TRAJ_GUARD_REJECT] phase=ReplanOnce/with_backup segment=APPENDED_BACKUP status=CLEARANCE_MARGIN gen=69 map=139 from_tt=0.025 collision_tt=0.470 collision_p=[-13.386,25.698,1.515] samples=149
[perfect_drone_full_node-2]  -- [TRAJ_GUARD_CERT] trigger=main_pre status=SAFE gen=68 map=140 map_age=0.008s map_age_limit=0.500s motion_speed=6.824mps samples=128 range=[0.560,1.194] collision_tt=-1.000 ttc=-1.000 p=[0.000,0.000,0.000]
[perfect_drone_full_node-2] [32m -- [Fsm 14.069] Current state: FOLLOW_TRAJ[0m
[perfect_drone_full_node-2] [INFO] [1789558456.400608648] [perfect_tracking]: [SENSOR_ACQUISITION_FRAME] frame=141 cycle=0 full=1 stamp_ns=1789558456397089882 width=900 height=445 readback_pixels=801000 conversion_rays=115200 generated_points=23510 bytes=752320 half_angle_deg=45.000
[perfect_drone_full_node-2] Publish local map size: 23510
[perfect_drone_full_node-2] [ERROR] [1789558456.452898025] [fsm_node]:  -- [TRAJ_GUARD_REJECT] phase=ReplanOnce/with_backup segment=APPENDED_BACKUP status=CLEARANCE_MARGIN gen=69 map=141 from_tt=0.082 collision_tt=0.497 collision_p=[-13.617,25.928,1.327] samples=219
[perfect_drone_full_node-2] [ERROR] [1789558456.492299395] [fsm_node]:  -- [TRAJ_GUARD_REJECT] phase=ReplanOnce/with_backup segment=EXP_TO_BACKUP_STITCH status=CLEARANCE_MARGIN gen=69 map=141 from_tt=0.039 collision_tt=0.494 collision_p=[-13.601,25.984,1.128] samples=168
[perfect_drone_full_node-2] [INFO] [1789558456.501521728] [perfect_tracking]: [SENSOR_ACQUISITION_FRAME] frame=142 cycle=0 full=1 stamp_ns=1789558456497098681 width=900 height=445 readback_pixels=801000 conversion_rays=115200 generated_points=23263 bytes=744416 half_angle_deg=45.000
[perfect_drone_full_node-2]  -- [TRAJ_GUARD_CERT] trigger=main_pre status=SAFE gen=68 map=141 map_age=0.007s map_age_limit=0.500s motion_speed=6.981mps samples=108 range=[0.660,1.194] collision_tt=-1.000 ttc=-1.000 p=[0.000,0.000,0.000]
[perfect_drone_full_node-2] Publish local map size: 23263
[perfect_drone_full_node-2] [ERROR] [1789558456.589460493] [fsm_node]:  -- [TRAJ_GUARD_REJECT] phase=ReplanOnce/with_backup segment=APPENDED_BACKUP status=CLEARANCE_MARGIN gen=69 map=142 from_tt=0.086 collision_tt=0.501 collision_p=[-13.805,25.831,0.947] samples=137
[perfect_drone_full_node-2] [INFO] [1789558456.600654761] [perfect_tracking]: [SENSOR_ACQUISITION_FRAME] frame=143 cycle=0 full=1 stamp_ns=1789558456597208360 width=900 height=445 readback_pixels=801000 conversion_rays=115200 generated_points=30743 bytes=983776 half_angle_deg=45.000
[perfect_drone_full_node-2]  -- [TRAJ_GUARD_CERT] trigger=main_pre status=SAFE gen=68 map=142 map_age=0.007s map_age_limit=0.500s motion_speed=6.458mps samples=88 range=[0.760,1.194] collision_tt=-1.000 ttc=-1.000 p=[0.000,0.000,0.000]
[perfect_drone_full_node-2] Publish local map size: 30743
[perfect_drone_full_node-2] [ERROR] [1789558456.616686665] [fsm_node]:  -- [TRAJ_GUARD_REJECT] phase=ReplanOnce/with_backup segment=EXP_TO_BACKUP_STITCH status=CLEARANCE_MARGIN gen=69 map=142 from_tt=0.027 collision_tt=0.352 collision_p=[-13.525,25.800,1.178] samples=127
[perfect_drone_full_node-2] [ERROR] [1789558456.657252741] [fsm_node]:  -- [TRAJ_GUARD_REJECT] phase=ReplanOnce/with_backup segment=APPENDED_BACKUP status=CLEARANCE_MARGIN gen=69 map=143 from_tt=0.022 collision_tt=0.422 collision_p=[-13.603,25.791,1.059] samples=142
[perfect_drone_full_node-2] [INFO] [1789558456.699513752] [perfect_tracking]: [SENSOR_ACQUISITION_FRAME] frame=144 cycle=0 full=1 stamp_ns=1789558456697122161 width=900 height=445 readback_pixels=801000 conversion_rays=115200 generated_points=35573 bytes=1138336 half_angle_deg=45.000
[perfect_drone_full_node-2]  -- [TRAJ_GUARD_CERT] trigger=main_pre status=SAFE gen=68 map=143 map_age=0.006s map_age_limit=0.500s motion_speed=4.734mps samples=68 range=[0.860,1.194] collision_tt=-1.000 ttc=-1.000 p=[0.000,0.000,0.000]
[perfect_drone_full_node-2] Publish local map size: 35573
[perfect_drone_full_node-2] [ERROR] [1789558456.714731497] [fsm_node]:  -- [TRAJ_GUARD_REJECT] phase=ReplanOnce/with_backup segment=EXP status=CLEARANCE_MARGIN gen=69 map=143 from_tt=0.014 collision_tt=0.374 collision_p=[-13.390,25.799,1.305] samples=183
[perfect_drone_full_node-2] [WARN] [1789558456.777070709] [fsm_node]:  -- [SUPER] Retrying EXP with inflated guard corridor.
[perfect_drone_full_node-2] [WARN] [1789558456.780368606] [fsm_node]:  -- [ExpOpt] Opt failed, Omg or thr or Pos violation.
[perfect_drone_full_node-2] [WARN] [1789558456.780431143] [fsm_node]:  -- [SUPER] OptimizationExpTrajInPolytopes for new path failed
[perfect_drone_full_node-2] [WARN] [1789558456.780441666] [fsm_node]:  -- [SUPER] in [ReplanOnce]: GenerateExpTrajectory failed, force return
[perfect_drone_full_node-2]  -- [TRAJ_GUARD_CERT] trigger=main_pre status=SAFE gen=68 map=144 map_age=0.005s map_age_limit=0.501s motion_speed=3.472mps samples=50 range=[0.950,1.194] collision_tt=-1.000 ttc=-1.000 p=[0.000,0.000,0.000]
[perfect_drone_full_node-2] [33m -- [MINCO] TrajOpt failed, (unknown)[0m
[perfect_drone_full_node-2] [33m -- [SUPER] Minco exp_traj opt failed.[0m
[perfect_drone_full_node-2] [INFO] [1789558456.801400714] [perfect_tracking]: [SENSOR_ACQUISITION_FRAME] frame=145 cycle=0 full=1 stamp_ns=1789558456797118462 width=900 height=445 readback_pixels=801000 conversion_rays=115200 generated_points=41848 bytes=1339136 half_angle_deg=45.000
[perfect_drone_full_node-2] Publish local map size: 41848
[perfect_drone_full_node-2] [WARN] [1789558456.840942734] [fsm_node]:  -- [SUPER] Retrying EXP with inflated guard corridor.
[perfect_drone_full_node-2] [ERROR] [1789558456.856542964] [fsm_node]:  -- [TRAJ_GUARD_REJECT] phase=ReplanOnce/with_backup segment=EXP status=CLEARANCE_MARGIN gen=69 map=145 from_tt=0.023 collision_tt=0.343 collision_p=[-13.506,25.790,1.330] samples=161
[perfect_drone_full_node-2] [ERROR] [1789558456.899694498] [fsm_node]:  -- [TRAJ_GUARD_REJECT] phase=ReplanOnce/no_backup segment=EXP status=CLEARANCE_MARGIN gen=69 map=145 from_tt=1.122 collision_tt=1.122 collision_p=[-14.145,25.761,1.464] samples=59
[perfect_drone_full_node-2] [INFO] [1789558456.899785972] [perfect_tracking]: [SENSOR_ACQUISITION_FRAME] frame=146 cycle=0 full=1 stamp_ns=1789558456897131348 width=900 height=445 readback_pixels=801000 conversion_rays=115200 generated_points=42377 bytes=1356064 half_angle_deg=45.000
[perfect_drone_full_node-2]  -- [TRAJ_GUARD_CERT] trigger=main_pre status=SAFE gen=68 map=145 map_age=0.012s map_age_limit=0.550s motion_speed=1.608mps samples=28 range=[1.060,1.194] collision_tt=-1.000 ttc=-1.000 p=[0.000,0.000,0.000]
[perfect_drone_full_node-2] Publish local map size: 42377
[perfect_drone_full_node-2] [INFO] [1789558456.965954239] [fsm_node]:  -- [TRAJ_GUARD_COMMIT] phase=ReplanOnce/no_backup gen=69 map=146 samples=46 range=[1.189,1.405] escape=false footprint_egress=false escape_done_tt=-1.000
[perfect_drone_full_node-2]  -- [TRAJ_GUARD_CERT] trigger=main_pre status=SAFE gen=68 map=146 map_age=0.008s map_age_limit=0.550s motion_speed=0.173mps samples=10 range=[1.150,1.194] collision_tt=-1.000 ttc=-1.000 p=[0.000,0.000,0.000]
[perfect_drone_full_node-2] [32m -- [Fsm] ReplanOnce succeed.[0m
[perfect_drone_full_node-2] [INFO] [1789558457.001060411] [perfect_tracking]: [SENSOR_ACQUISITION_FRAME] frame=147 cycle=0 full=1 stamp_ns=1789558456997089757 width=900 height=445 readback_pixels=801000 conversion_rays=115200 generated_points=50880 bytes=1628160 half_angle_deg=45.000
[perfect_drone_full_node-2]  -- [TRAJ_GUARD_CERT] trigger=poly_publish status=SAFE gen=69 map=146 map_age=0.047s map_age_limit=0.550s motion_speed=0.004mps samples=45 range=[1.189,1.405] collision_tt=-1.000 ttc=-1.000 p=[0.000,0.000,0.000]
[perfect_drone_full_node-2] Publish local map size: 50880
[perfect_drone_full_node-2] [INFO] [1789558457.053053659] [fsm_node]:  -- [TRAJ_GUARD_COMMIT] phase=ReplanOnce/with_backup gen=70 map=147 samples=244 range=[0.022,1.231] escape=false footprint_egress=false escape_done_tt=-1.000
[perfect_drone_full_node-2]  -- [TRAJ_GUARD_CERT] trigger=main_pre status=SAFE gen=69 map=147 map_age=0.009s map_age_limit=0.550s motion_speed=1.001mps samples=30 range=[1.260,1.405] collision_tt=-1.000 ttc=-1.000 p=[0.000,0.000,0.000]
[perfect_drone_full_node-2] [32m -- [Fsm] ReplanOnce succeed.[0m
[perfect_drone_full_node-2] [INFO] [1789558457.100875446] [perfect_tracking]: [SENSOR_ACQUISITION_FRAME] frame=148 cycle=0 full=1 stamp_ns=1789558457097131479 width=900 height=445 readback_pixels=801000 conversion_rays=115200 generated_points=44730 bytes=1431360 half_angle_deg=45.000
[perfect_drone_full_node-2]  -- [TRAJ_GUARD_CERT] trigger=poly_publish status=SAFE gen=70 map=147 map_age=0.025s map_age_limit=0.550s motion_speed=0.725mps samples=243 range=[0.022,1.231] collision_tt=-1.000 ttc=-1.000 p=[0.000,0.000,0.000]
[perfect_drone_full_node-2] Publish local map size: 44730
[perfect_drone_full_node-2] [INFO] [1789558457.201123729] [perfect_tracking]: [SENSOR_ACQUISITION_FRAME] frame=149 cycle=0 full=1 stamp_ns=1789558457197101606 width=900 height=445 readback_pixels=801000 conversion_rays=115200 generated_points=40623 bytes=1299936 half_angle_deg=45.000
[perfect_drone_full_node-2]  -- [TRAJ_GUARD_CERT] trigger=main_pre status=SAFE gen=70 map=148 map_age=0.012s map_age_limit=0.550s motion_speed=0.069mps samples=226 range=[0.106,1.231] collision_tt=-1.000 ttc=-1.000 p=[0.000,0.000,0.000]
[perfect_drone_full_node-2] Publish local map size: 40623
[waypoint_mission-1] [INFO] [1789558457.230516227] [waypoint_mission]: [MISSION_GOAL_IDENTITY] stamp_ns=1789558449200392163 new_intent=0 new_identity=0 supported=1 waypoint=1
[perfect_drone_full_node-2]  -- [TRAJ_GUARD_CERT] trigger=main_pre status=SAFE gen=70 map=149 map_age=0.013s map_age_limit=0.550s motion_speed=0.273mps samples=206 range=[0.206,1.231] collision_tt=-1.000 ttc=-1.000 p=[0.000,0.000,0.000]
[perfect_drone_full_node-2] [32m -- [Fsm] Get goal at [0m-23.975000000000001  24.025000000000002   1.525000000000000
[perfect_drone_full_node-2] [32m -- [Fsm] Receive click goal at: [-23.975000000000001  24.025000000000002   1.525000000000000]; goal yaw: 0.000000000000000 deg[0m
[perfect_drone_full_node-2] [INFO] [1789558457.254898789] [fsm_node]:  -- [TRAJ_GUARD_COMMIT] phase=ReplanOnce/with_backup gen=71 map=149 samples=223 range=[0.026,1.128] escape=false footprint_egress=false escape_done_tt=-1.000
[perfect_drone_full_node-2] [32m -- [Fsm] ReplanOnce succeed.[0m
[perfect_drone_full_node-2] [INFO] [1789558457.302941861] [perfect_tracking]: [SENSOR_ACQUISITION_FRAME] frame=150 cycle=0 full=1 stamp_ns=1789558457297151373 width=900 height=445 readback_pixels=801000 conversion_rays=115200 generated_points=46871 bytes=1499872 half_angle_deg=45.000
[perfect_drone_full_node-2] [INFO] [1789558457.303030336] [perfect_tracking]: [STATIC_PC_LATCHED_SUMMARY] enabled=1 publications=1 points=635500 bytes=20336000 stamp_ns=1789558442314527267 timers_created=0 poll_callbacks=0
[perfect_drone_full_node-2] [INFO] [1789558457.303039235] [perfect_tracking]: [SENSOR_CADENCE_SUMMARY] frames=150 span_s=14.900727 hz=9.999512 raw_published=0 direct_handoffs=150 payload_bytes=138432288 side_entry_v1_enabled=0 side_entry_v1_spawned=0 side_entry_v1_injected_frames=0
[perfect_drone_full_node-2] [INFO] [1789558457.303047314] [perfect_tracking]: [SENSOR_BURST_DROPOUT_SUMMARY] enabled=0 warmup_s=1.000000 period_s=2.000000 duration_s=0.500000 phase_s=0.000000 phase_env_override=0 rendered=150 delivered=150 dropped=0 bursts=0 max_consecutive_dropped=0 max_delivered_gap_s=0.108116 dropped_payload_bytes=0
[perfect_drone_full_node-2]  -- [TRAJ_GUARD_CERT] trigger=poly_publish status=SAFE gen=71 map=149 map_age=0.031s map_age_limit=0.550s motion_speed=0.445mps samples=222 range=[0.026,1.128] collision_tt=-1.000 ttc=-1.000 p=[0.000,0.000,0.000]
[perfect_drone_full_node-2] Publish local map size: 46871
[perfect_drone_full_node-2] [INFO] [1789558457.308790119] [fsm_node]:  -- [TRAJ_GUARD_COMMIT] phase=ReplanOnce/with_backup gen=72 map=149 samples=217 range=[0.013,1.087] escape=false footprint_egress=false escape_done_tt=-1.000
[perfect_drone_full_node-2] [32m -- [Fsm] ReplanOnce succeed.[0m
[perfect_drone_full_node-2] [THREAD_CPU_PROFILE] version=1 pid=3372018 steady_ns=1070293219645761 final=0 stage=map_cloud_enqueue calls=150 inclusive_cpu_s=0.000891966 exclusive_cpu_s=0.000891966 clock_errors=0
[perfect_drone_full_node-2] [THREAD_CPU_PROFILE] version=1 pid=3372018 steady_ns=1070293219645761 final=0 stage=map_worker calls=150 inclusive_cpu_s=5.653250794 exclusive_cpu_s=0.001117116 clock_errors=0
[perfect_drone_full_node-2] [THREAD_CPU_PROFILE] version=1 pid=3372018 steady_ns=1070293219645761 final=0 stage=map_ros_to_pcl calls=150 inclusive_cpu_s=0.091832118 exclusive_cpu_s=0.091832118 clock_errors=0
[perfect_drone_full_node-2] [THREAD_CPU_PROFILE] version=1 pid=3372018 steady_ns=1070293219645761 final=0 stage=map_prob_update calls=150 inclusive_cpu_s=4.711643059 exclusive_cpu_s=4.711643059 clock_errors=0
[perfect_drone_full_node-2] [THREAD_CPU_PROFILE] version=1 pid=3372018 steady_ns=1070293219645761 final=0 stage=map_snapshot_commit_health calls=150 inclusive_cpu_s=0.837656200 exclusive_cpu_s=0.837656200 clock_errors=0
[perfect_drone_full_node-2] [THREAD_CPU_PROFILE] version=1 pid=3372018 steady_ns=1070293219645761 final=0 stage=map_ack_and_log calls=150 inclusive_cpu_s=0.011002301 exclusive_cpu_s=0.011002301 clock_errors=0
[perfect_drone_full_node-2] [THREAD_CPU_PROFILE] version=1 pid=3372018 steady_ns=1070293219645761 final=0 stage=fsm_main_callback calls=1500 inclusive_cpu_s=0.075641786 exclusive_cpu_s=0.007646148 clock_errors=0
[perfect_drone_full_node-2] [THREAD_CPU_PROFILE] version=1 pid=3372018 steady_ns=1070293219645761 final=0 stage=fsm_main_core calls=1500 inclusive_cpu_s=0.041254481 exclusive_cpu_s=0.005981808 clock_errors=0
[perfect_drone_full_node-2] [THREAD_CPU_PROFILE] version=1 pid=3372018 steady_ns=1070293219645761 final=0 stage=fsm_replan_callback calls=228 inclusive_cpu_s=2.257085758 exclusive_cpu_s=0.003606452 clock_errors=0
[perfect_drone_full_node-2] [THREAD_CPU_PROFILE] version=1 pid=3372018 steady_ns=1070293219645761 final=0 stage=fsm_replan_core calls=112 inclusive_cpu_s=2.235531164 exclusive_cpu_s=0.004185137 clock_errors=0
[perfect_drone_full_node-2] [THREAD_CPU_PROFILE] version=1 pid=3372018 steady_ns=1070293219645761 final=0 stage=fsm_command_callback calls=1501 inclusive_cpu_s=0.102103049 exclusive_cpu_s=0.102103049 clock_errors=0
[perfect_drone_full_node-2] [THREAD_CPU_PROFILE] version=1 pid=3372018 steady_ns=1070293219645761 final=0 stage=guard_certificate calls=2929 inclusive_cpu_s=0.031128525 exclusive_cpu_s=0.014810518 clock_errors=0
[perfect_drone_full_node-2] [THREAD_CPU_PROFILE] version=1 pid=3372018 steady_ns=1070293219645761 final=0 stage=planner_generate_exp calls=96 inclusive_cpu_s=1.374955751 exclusive_cpu_s=0.007166179 clock_errors=0
[perfect_drone_full_node-2] [THREAD_CPU_PROFILE] version=1 pid=3372018 steady_ns=1070293219645761 final=0 stage=planner_generate_backup calls=95 inclusive_cpu_s=0.853595732 exclusive_cpu_s=0.279248870 clock_errors=0
[perfect_drone_full_node-2] [THREAD_CPU_PROFILE] version=1 pid=3372018 steady_ns=1070293219645761 final=0 stage=planner_commit calls=94 inclusive_cpu_s=0.024623066 exclusive_cpu_s=0.007090332 clock_errors=0
[perfect_drone_full_node-2] [THREAD_CPU_PROFILE] version=1 pid=3372018 steady_ns=1070293219645761 final=0 stage=planner_validate_geometry calls=1147 inclusive_cpu_s=0.047776519 exclusive_cpu_s=0.047776519 clock_errors=0
[perfect_drone_full_node-2] [THREAD_CPU_PROFILE] version=1 pid=3372018 steady_ns=1070293219645761 final=0 stage=planner_stop_viability calls=157 inclusive_cpu_s=0.028265834 exclusive_cpu_s=0.003133063 clock_errors=0
[perfect_drone_full_node-2] [THREAD_CPU_PROFILE] version=1 pid=3372018 steady_ns=1070293219645761 final=0 stage=planner_path_search calls=90 inclusive_cpu_s=0.317313027 exclusive_cpu_s=0.317313027 clock_errors=0
[perfect_drone_full_node-2] [THREAD_CPU_PROFILE] version=1 pid=3372018 steady_ns=1070293219645761 final=0 stage=planner_exp_optimize calls=94 inclusive_cpu_s=0.886759711 exclusive_cpu_s=0.886759711 clock_errors=0
[perfect_drone_full_node-2] [THREAD_CPU_PROFILE] version=1 pid=3372018 steady_ns=1070293219645761 final=0 stage=planner_backup_optimize calls=89 inclusive_cpu_s=0.574346862 exclusive_cpu_s=0.574346862 clock_errors=0
[perfect_drone_full_node-2] [THREAD_CPU_PROFILE] version=1 pid=3372018 steady_ns=1070293219645761 final=0 stage=planner_corridor_search calls=94 inclusive_cpu_s=0.163716834 exclusive_cpu_s=0.163716834 clock_errors=0
[perfect_drone_full_node-2] [THREAD_CPU_PROFILE] version=1 pid=3372018 steady_ns=1070293219645761 final=0 stage=planner_velocity_extrema calls=167 inclusive_cpu_s=0.001423468 exclusive_cpu_s=0.001423468 clock_errors=0
[perfect_drone_full_node-2] [THREAD_CPU_PROFILE] version=1 pid=3372018 steady_ns=1070293219645761 final=0 stage=planner_visualize_path calls=1380 inclusive_cpu_s=0.008002174 exclusive_cpu_s=0.008002174 clock_errors=0
[perfect_drone_full_node-2] [THREAD_CPU_PROFILE] version=1 pid=3372018 steady_ns=1070293219645761 final=0 stage=fsm_poly_publish calls=72 inclusive_cpu_s=0.005441977 exclusive_cpu_s=0.000520442 clock_errors=0
[perfect_drone_full_node-2] [THREAD_CPU_PROFILE] version=1 pid=3372018 steady_ns=1070293219645761 final=0 stage=sim_odom_callback calls=1501 inclusive_cpu_s=0.144153881 exclusive_cpu_s=0.144153881 clock_errors=0
[perfect_drone_full_node-2] [THREAD_CPU_PROFILE] version=1 pid=3372018 steady_ns=1070293219645761 final=0 stage=sim_render_callback calls=150 inclusive_cpu_s=0.642655205 exclusive_cpu_s=0.641763239 clock_errors=0
[perfect_drone_full_node-2] [THREAD_CPU_PROFILE] version=1 pid=3372018 steady_ns=1070293219645761 final=0 stage=map_odom_callback calls=1417 inclusive_cpu_s=0.010936608 exclusive_cpu_s=0.010936608 clock_errors=0
[perfect_drone_full_node-2]  -- [TRAJ_GUARD_CERT] trigger=poly_publish status=SAFE gen=72 map=149 map_age=0.085s map_age_limit=0.550s motion_speed=1.207mps samples=216 range=[0.014,1.087] collision_tt=-1.000 ttc=-1.000 p=[0.000,0.000,0.000]
[perfect_drone_full_node-2]  -- [TRAJ_GUARD_CERT] trigger=main_pre status=SAFE gen=72 map=150 map_age=0.011s map_age_limit=0.550s motion_speed=1.530mps samples=210 range=[0.042,1.087] collision_tt=-1.000 ttc=-1.000 p=[0.000,0.000,0.000]
[perfect_drone_full_node-2]  -- [MARSIM] Running FPS: 268.031302045536449
[perfect_drone_full_node-2] [INFO] [1789558457.401007169] [perfect_tracking]: [SENSOR_ACQUISITION_FRAME] frame=151 cycle=0 full=1 stamp_ns=1789558457397107485 width=900 height=445 readback_pixels=801000 conversion_rays=115200 generated_points=45146 bytes=1444672 half_angle_deg=45.000
[perfect_drone_full_node-2] Publish local map size: 45146
[perfect_drone_full_node-2] [32m -- [Fsm 15.079] Current state: FOLLOW_TRAJ[0m
[perfect_drone_full_node-2] [INFO] [1789558457.502170866] [perfect_tracking]: [SENSOR_ACQUISITION_FRAME] frame=152 cycle=0 full=1 stamp_ns=1789558457497221426 width=900 height=445 readback_pixels=801000 conversion_rays=115200 generated_points=42309 bytes=1353888 half_angle_deg=45.000
[perfect_drone_full_node-2]  -- [TRAJ_GUARD_CERT] trigger=main_pre status=SAFE gen=72 map=151 map_age=0.010s map_age_limit=0.505s motion_speed=3.404mps samples=190 range=[0.142,1.087] collision_tt=-1.000 ttc=-1.000 p=[0.000,0.000,0.000]
[perfect_drone_full_node-2] Publish local map size: 42309
[perfect_drone_full_node-2] [INFO] [1789558457.507547510] [fsm_node]:  -- [TRAJ_GUARD_COMMIT] phase=ReplanOnce/with_backup gen=73 map=151 samples=205 range=[0.014,1.029] escape=false footprint_egress=false escape_done_tt=-1.000
[perfect_drone_full_node-2] [32m -- [Fsm] ReplanOnce succeed.[0m
[perfect_drone_full_node-2] [INFO] [1789558457.559252767] [fsm_node]:  -- [DEMAND_REPLAN] checks=227 skips=113 renewals=80 reason=VIABILITY_RENEWAL_REJECTED gen=73 map=152 required_until=0.272 checked_until=0.366
[perfect_drone_full_node-2] [INFO] [1789558457.559393746] [fsm_node]:  -- [DEMAND_REPLAN_REASONS] checks=227 counted=227 max_dispatch_interval=0.25 final_counts=DISABLED=0,INVALID_POLICY=0,NOT_ORDINARY=17,NEW_GOAL=18,RECOVERY_PENDING=0,SAFETY_PENDING=0,FAILURE_OR_REJECTION=10,NO_SUCCESSFUL_LEASE=0,STALE_OR_UNCERTIFIED_MAP=5,TRAJECTORY_MISMATCH=0,CLOCK_INVALID=0,DISPATCH_DEADLINE=54,ON_BACKUP=0,INSUFFICIENT_GEOMETRY=1,INSUFFICIENT_MOTION_HORIZON=4,NEED_VIABILITY_RENEWAL=0,VIABILITY_RENEWAL_REJECTED=5,EVIDENCE_CHANGED=0,SKIP=113
[perfect_drone_full_node-2] [INFO] [1789558457.599193504] [fsm_node]:  -- [TRAJ_GUARD_COMMIT] phase=ReplanOnce/with_backup gen=74 map=152 samples=170 range=[0.040,0.875] escape=false footprint_egress=false escape_done_tt=-1.000
[perfect_drone_full_node-2]  -- [TRAJ_GUARD_CERT] trigger=poly_publish status=SAFE gen=73 map=151 map_age=0.081s map_age_limit=0.500s motion_speed=4.852mps samples=204 range=[0.014,1.029] collision_tt=-1.000 ttc=-1.000 p=[0.000,0.000,0.000]
[perfect_drone_full_node-2]  -- [TRAJ_GUARD_CERT] trigger=main_pre status=SAFE gen=73 map=152 map_age=0.011s map_age_limit=0.500s motion_speed=5.171mps samples=199 range=[0.044,1.029] collision_tt=-1.000 ttc=-1.000 p=[0.000,0.000,0.000]
[perfect_drone_full_node-2] [32m -- [Fsm] ReplanOnce succeed.[0m
[perfect_drone_full_node-2] [INFO] [1789558457.600316964] [perfect_tracking]: [SENSOR_ACQUISITION_FRAME] frame=153 cycle=0 full=1 stamp_ns=1789558457597102467 width=900 height=445 readback_pixels=801000 conversion_rays=115200 generated_points=40502 bytes=1296064 half_angle_deg=45.000
[perfect_drone_full_node-2]  -- [TRAJ_GUARD_CERT] trigger=poly_publish status=SAFE gen=74 map=152 map_age=0.073s map_age_limit=0.500s motion_speed=6.083mps samples=169 range=[0.040,0.875] collision_tt=-1.000 ttc=-1.000 p=[0.000,0.000,0.000]
[perfect_drone_full_node-2] Publish local map size: 40502
[perfect_drone_full_node-2] [INFO] [1789558457.703638716] [perfect_tracking]: [SENSOR_ACQUISITION_FRAME] frame=154 cycle=0 full=1 stamp_ns=1789558457697222249 width=900 height=445 readback_pixels=801000 conversion_rays=115200 generated_points=36143 bytes=1156576 half_angle_deg=45.000
[perfect_drone_full_node-2]  -- [TRAJ_GUARD_CERT] trigger=main_pre status=SAFE gen=74 map=153 map_age=0.011s map_age_limit=0.500s motion_speed=6.352mps samples=161 range=[0.078,0.875] collision_tt=-1.000 ttc=-1.000 p=[0.000,0.000,0.000]
[perfect_drone_full_node-2] Publish local map size: 36143
[perfect_drone_full_node-2] [INFO] [1789558457.771708810] [fsm_node]:  -- [TRAJ_GUARD_COMMIT] phase=ReplanOnce/with_backup gen=75 map=154 samples=257 range=[0.014,1.289] escape=false footprint_egress=false escape_done_tt=-1.000
[perfect_drone_full_node-2]  -- [TRAJ_GUARD_CERT] trigger=main_pre status=SAFE gen=74 map=154 map_age=0.008s map_age_limit=0.500s motion_speed=6.290mps samples=139 range=[0.188,0.875] collision_tt=-1.000 ttc=-1.000 p=[0.000,0.000,0.000]
[perfect_drone_full_node-2] [32m -- [Fsm] ReplanOnce succeed.[0m
[perfect_drone_full_node-2] [INFO] [1789558457.802458406] [perfect_tracking]: [SENSOR_ACQUISITION_FRAME] frame=155 cycle=0 full=1 stamp_ns=1789558457797147468 width=900 height=445 readback_pixels=801000 conversion_rays=115200 generated_points=31390 bytes=1004480 half_angle_deg=45.000
[perfect_drone_full_node-2]  -- [TRAJ_GUARD_CERT] trigger=poly_publish status=SAFE gen=75 map=154 map_age=0.033s map_age_limit=0.500s motion_speed=6.048mps samples=256 range=[0.015,1.289] collision_tt=-1.000 ttc=-1.000 p=[0.000,0.000,0.000]
[perfect_drone_full_node-2] Publish local map size: 31390
[perfect_drone_full_node-2] [INFO] [1789558457.837322209] [fsm_node]:  -- [TRAJ_GUARD_COMMIT] phase=ReplanOnce/with_backup gen=76 map=154 samples=257 range=[0.014,1.286] escape=false footprint_egress=false escape_done_tt=-1.000
[perfect_drone_full_node-2] [32m -- [Fsm] ReplanOnce succeed.[0m
[perfect_drone_full_node-2] [INFO] [1789558457.903816610] [perfect_tracking]: [SENSOR_ACQUISITION_FRAME] frame=156 cycle=0 full=1 stamp_ns=1789558457897135272 width=900 height=445 readback_pixels=801000 conversion_rays=115200 generated_points=33105 bytes=1059360 half_angle_deg=45.000
[perfect_drone_full_node-2]  -- [TRAJ_GUARD_CERT] trigger=poly_publish status=SAFE gen=76 map=154 map_age=0.099s map_age_limit=0.500s motion_speed=5.462mps samples=256 range=[0.014,1.286] collision_tt=-1.000 ttc=-1.000 p=[0.000,0.000,0.000]
[perfect_drone_full_node-2]  -- [TRAJ_GUARD_CERT] trigger=main_pre status=SAFE gen=76 map=155 map_age=0.009s map_age_limit=0.500s motion_speed=5.462mps samples=254 range=[0.024,1.286] collision_tt=-1.000 ttc=-1.000 p=[0.000,0.000,0.000]
[perfect_drone_full_node-2] Publish local map size: 33105
[perfect_drone_full_node-2] [INFO] [1789558458.002719028] [perfect_tracking]: [SENSOR_ACQUISITION_FRAME] frame=157 cycle=0 full=1 stamp_ns=1789558457997175328 width=900 height=445 readback_pixels=801000 conversion_rays=115200 generated_points=22938 bytes=734016 half_angle_deg=45.000
[perfect_drone_full_node-2]  -- [TRAJ_GUARD_CERT] trigger=main_pre status=SAFE gen=76 map=156 map_age=0.006s map_age_limit=0.500s motion_speed=5.263mps samples=234 range=[0.124,1.286] collision_tt=-1.000 ttc=-1.000 p=[0.000,0.000,0.000]
[perfect_drone_full_node-2] Publish local map size: 22938
[perfect_drone_full_node-2] [INFO] [1789558458.039851176] [fsm_node]:  -- [TRAJ_GUARD_COMMIT] phase=ReplanOnce/with_backup gen=77 map=156 samples=257 range=[0.018,1.289] escape=false footprint_egress=false escape_done_tt=-1.000
[perfect_drone_full_node-2] [32m -- [Fsm] ReplanOnce succeed.[0m
[perfect_drone_full_node-2] [INFO] [1789558458.102439742] [perfect_tracking]: [SENSOR_ACQUISITION_FRAME] frame=158 cycle=0 full=1 stamp_ns=1789558458097134862 width=900 height=445 readback_pixels=801000 conversion_rays=115200 generated_points=19578 bytes=626496 half_angle_deg=45.000
[perfect_drone_full_node-2]  -- [TRAJ_GUARD_CERT] trigger=poly_publish status=SAFE gen=77 map=156 map_age=0.099s map_age_limit=0.500s motion_speed=5.898mps samples=255 range=[0.019,1.289] collision_tt=-1.000 ttc=-1.000 p=[0.000,0.000,0.000]
[perfect_drone_full_node-2]  -- [TRAJ_GUARD_CERT] trigger=main_pre status=SAFE gen=77 map=157 map_age=0.008s map_age_limit=0.500s motion_speed=5.898mps samples=254 range=[0.026,1.289] collision_tt=-1.000 ttc=-1.000 p=[0.000,0.000,0.000]
[perfect_drone_full_node-2] Publish local map size: 19578
[perfect_drone_full_node-2] [INFO] [1789558458.202754902] [perfect_tracking]: [SENSOR_ACQUISITION_FRAME] frame=159 cycle=0 full=1 stamp_ns=1789558458197147574 width=900 height=445 readback_pixels=801000 conversion_rays=115200 generated_points=16696 bytes=534272 half_angle_deg=45.000
[perfect_drone_full_node-2]  -- [TRAJ_GUARD_CERT] trigger=main_pre status=SAFE gen=77 map=158 map_age=0.010s map_age_limit=0.500s motion_speed=6.517mps samples=234 range=[0.126,1.289] collision_tt=-1.000 ttc=-1.000 p=[0.000,0.000,0.000]
[perfect_drone_full_node-2] Publish local map size: 16696
[perfect_drone_full_node-2] [INFO] [1789558458.238421778] [fsm_node]:  -- [TRAJ_GUARD_COMMIT] phase=ReplanOnce/no_backup gen=78 map=158 samples=236 range=[0.019,1.188] escape=false footprint_egress=false escape_done_tt=-1.000
[perfect_drone_full_node-2] [32m -- [Fsm] ReplanOnce succeed.[0m
[waypoint_mission-1] [INFO] [1789558458.240501304] [waypoint_mission]: [MISSION_GOAL_IDENTITY] stamp_ns=1789558449200392163 new_intent=0 new_identity=0 supported=1 waypoint=1
[perfect_drone_full_node-2]  -- [TRAJ_GUARD_CERT] trigger=poly_publish status=SAFE gen=78 map=158 map_age=0.101s map_age_limit=0.500s motion_speed=6.785mps samples=235 range=[0.019,1.188] collision_tt=-1.000 ttc=-1.000 p=[0.000,0.000,0.000]
[perfect_drone_full_node-2]  -- [TRAJ_GUARD_CERT] trigger=main_pre status=SAFE gen=78 map=159 map_age=0.014s map_age_limit=0.500s motion_speed=6.785mps samples=233 range=[0.028,1.188] collision_tt=-1.000 ttc=-1.000 p=[0.000,0.000,0.000]
[perfect_drone_full_node-2] [32m -- [Fsm] Get goal at [0m-23.975000000000001  24.025000000000002   1.525000000000000
[perfect_drone_full_node-2] [32m -- [Fsm] Receive click goal at: [-23.975000000000001  24.025000000000002   1.525000000000000]; goal yaw: 0.000000000000000 deg[0m
[perfect_drone_full_node-2] [INFO] [1789558458.300820229] [perfect_tracking]: [SENSOR_ACQUISITION_FRAME] frame=160 cycle=0 full=1 stamp_ns=1789558458297126339 width=900 height=445 readback_pixels=801000 conversion_rays=115200 generated_points=26222 bytes=839104 half_angle_deg=45.000
[perfect_drone_full_node-2] Publish local map size: 26222
[perfect_drone_full_node-2] [INFO] [1789558458.306109121] [fsm_node]:  -- [TRAJ_GUARD_COMMIT] phase=ReplanOnce/no_backup gen=79 map=159 samples=222 range=[0.021,1.117] escape=false footprint_egress=false escape_done_tt=-1.000
[perfect_drone_full_node-2] [32m -- [Fsm] ReplanOnce succeed.[0m
[perfect_drone_full_node-2] [INFO] [1789558458.402270992] [perfect_tracking]: [SENSOR_ACQUISITION_FRAME] frame=161 cycle=0 full=1 stamp_ns=1789558458397160830 width=900 height=445 readback_pixels=801000 conversion_rays=115200 generated_points=21830 bytes=698560 half_angle_deg=45.000
[perfect_drone_full_node-2]  -- [TRAJ_GUARD_CERT] trigger=poly_publish status=SAFE gen=79 map=159 map_age=0.073s map_age_limit=0.500s motion_speed=6.756mps samples=221 range=[0.021,1.117] collision_tt=-1.000 ttc=-1.000 p=[0.000,0.000,0.000]
[perfect_drone_full_node-2]  -- [TRAJ_GUARD_CERT] trigger=main_pre status=SAFE gen=79 map=160 map_age=0.008s map_age_limit=0.500s motion_speed=6.748mps samples=215 range=[0.052,1.117] collision_tt=-1.000 ttc=-1.000 p=[0.000,0.000,0.000]
[perfect_drone_full_node-2] Publish local map size: 21830
[perfect_drone_full_node-2] [32m -- [Fsm 16.089] Current state: FOLLOW_TRAJ[0m
[perfect_drone_full_node-2] [INFO] [1789558458.487386449] [fsm_node]:  -- [TRAJ_GUARD_COMMIT] phase=ReplanOnce/no_backup gen=80 map=161 samples=183 range=[0.004,0.907] escape=false footprint_egress=false escape_done_tt=-1.000
[perfect_drone_full_node-2]  -- [TRAJ_GUARD_CERT] trigger=main_pre status=SAFE gen=79 map=161 map_age=0.013s map_age_limit=0.500s motion_speed=6.951mps samples=193 range=[0.162,1.117] collision_tt=-1.000 ttc=-1.000 p=[0.000,0.000,0.000]
[perfect_drone_full_node-2] [32m -- [Fsm] ReplanOnce succeed.[0m
[perfect_drone_full_node-2] [INFO] [1789558458.500111837] [perfect_tracking]: [SENSOR_ACQUISITION_FRAME] frame=162 cycle=0 full=1 stamp_ns=1789558458497219129 width=900 height=445 readback_pixels=801000 conversion_rays=115200 generated_points=18089 bytes=578848 half_angle_deg=45.000
[perfect_drone_full_node-2]  -- [TRAJ_GUARD_CERT] trigger=poly_publish status=SAFE gen=80 map=161 map_age=0.054s map_age_limit=0.500s motion_speed=7.000mps samples=182 range=[0.004,0.907] collision_tt=-1.000 ttc=-1.000 p=[0.000,0.000,0.000]
[perfect_drone_full_node-2] Publish local map size: 18089
[perfect_drone_full_node-2] [INFO] [1789558458.602474957] [perfect_tracking]: [SENSOR_ACQUISITION_FRAME] frame=163 cycle=0 full=1 stamp_ns=1789558458597190055 width=900 height=445 readback_pixels=801000 conversion_rays=115200 generated_points=17727 bytes=567264 half_angle_deg=45.000
[perfect_drone_full_node-2]  -- [TRAJ_GUARD_CERT] trigger=main_pre status=SAFE gen=80 map=162 map_age=0.010s map_age_limit=0.500s motion_speed=6.985mps samples=172 range=[0.054,0.907] collision_tt=-1.000 ttc=-1.000 p=[0.000,0.000,0.000]
[perfect_drone_full_node-2] Publish local map size: 17727
[perfect_drone_full_node-2] [INFO] [1789558458.684653339] [fsm_node]:  -- [TRAJ_GUARD_COMMIT] phase=ReplanOnce/no_backup gen=81 map=163 samples=144 range=[0.003,0.712] escape=false footprint_egress=false escape_done_tt=-1.000
[perfect_drone_full_node-2]  -- [TRAJ_GUARD_CERT] trigger=main_pre status=SAFE gen=80 map=163 map_age=0.012s map_age_limit=0.500s motion_speed=6.913mps samples=150 range=[0.164,0.907] collision_tt=-1.000 ttc=-1.000 p=[0.000,0.000,0.000]
[perfect_drone_full_node-2] [32m -- [Fsm] ReplanOnce succeed.[0m
[perfect_drone_full_node-2] [INFO] [1789558458.702820334] [perfect_tracking]: [SENSOR_ACQUISITION_FRAME] frame=164 cycle=0 full=1 stamp_ns=1789558458697210280 width=900 height=445 readback_pixels=801000 conversion_rays=115200 generated_points=16773 bytes=536736 half_angle_deg=45.000
[perfect_drone_full_node-2]  -- [TRAJ_GUARD_CERT] trigger=poly_publish status=SAFE gen=81 map=163 map_age=0.050s map_age_limit=0.500s motion_speed=6.906mps samples=143 range=[0.004,0.712] collision_tt=-1.000 ttc=-1.000 p=[0.000,0.000,0.000]
[perfect_drone_full_node-2] Publish local map size: 16773
[perfect_drone_full_node-2] [INFO] [1789558458.801668490] [perfect_tracking]: [SENSOR_ACQUISITION_FRAME] frame=165 cycle=0 full=1 stamp_ns=1789558458797277077 width=900 height=445 readback_pixels=801000 conversion_rays=115200 generated_points=14934 bytes=477888 half_angle_deg=45.000
[perfect_drone_full_node-2]  -- [TRAJ_GUARD_CERT] trigger=main_pre status=SAFE gen=81 map=164 map_age=0.012s map_age_limit=0.500s motion_speed=6.869mps samples=131 range=[0.066,0.712] collision_tt=-1.000 ttc=-1.000 p=[0.000,0.000,0.000]
[perfect_drone_full_node-2] Publish local map size: 14934
[perfect_drone_full_node-2] [INFO] [1789558458.879802783] [fsm_node]:  -- [TRAJ_GUARD_COMMIT] phase=ReplanOnce/no_backup gen=82 map=165 samples=105 range=[0.198,0.712] escape=false footprint_egress=false escape_done_tt=-1.000
[perfect_drone_full_node-2]  -- [TRAJ_GUARD_CERT] trigger=main_pre status=SAFE gen=81 map=165 map_age=0.015s map_age_limit=0.500s motion_speed=6.641mps samples=111 range=[0.166,0.712] collision_tt=-1.000 ttc=-1.000 p=[0.000,0.000,0.000]
[perfect_drone_full_node-2] [32m -- [Fsm] ReplanOnce succeed.[0m
[waypoint_mission-1] [INFO] [1789558458.900684617] [waypoint_mission]: [MISSION_GOAL_IDENTITY] stamp_ns=1789558458900680590 new_intent=1 new_identity=1 supported=1 waypoint=2
[perfect_drone_full_node-2] [INFO] [1789558458.901619071] [perfect_tracking]: [SENSOR_ACQUISITION_FRAME] frame=166 cycle=0 full=1 stamp_ns=1789558458897251688 width=900 height=445 readback_pixels=801000 conversion_rays=115200 generated_points=14320 bytes=458240 half_angle_deg=45.000
[perfect_drone_full_node-2]  -- [TRAJ_GUARD_CERT] trigger=poly_publish status=SAFE gen=82 map=165 map_age=0.048s map_age_limit=0.500s motion_speed=6.445mps samples=104 range=[0.199,0.712] collision_tt=-1.000 ttc=-1.000 p=[0.000,0.000,0.000]
[perfect_drone_full_node-2] Publish local map size: 14320
[perfect_drone_full_node-2] [32m -- [Fsm] Get goal at [0m-23.975000000000001 -23.975000000000001   1.525000000000000
[perfect_drone_full_node-2] [32m -- [Fsm] Receive click goal at: [-23.975000000000001 -23.975000000000001   1.525000000000000]; goal yaw: 0.000000000000000 deg[0m
[perfect_drone_full_node-2] [INFO] [1789558458.951656597] [fsm_node]:  -- [TRAJ_GUARD_COMMIT] phase=ReplanOnce/with_backup gen=83 map=166 samples=300 range=[0.006,1.492] escape=false footprint_egress=false escape_done_tt=-1.000
[perfect_drone_full_node-2]  -- [TRAJ_GUARD_CERT] trigger=main_pre status=SAFE gen=82 map=166 map_age=0.014s map_age_limit=0.500s motion_speed=5.970mps samples=91 range=[0.266,0.712] collision_tt=-1.000 ttc=-1.000 p=[0.000,0.000,0.000]
[perfect_drone_full_node-2] [32m -- [Fsm] ReplanOnce succeed.[0m
[perfect_drone_full_node-2] [INFO] [1789558459.001836604] [perfect_tracking]: [SENSOR_ACQUISITION_FRAME] frame=167 cycle=0 full=1 stamp_ns=1789558458997193269 width=900 height=445 readback_pixels=801000 conversion_rays=115200 generated_points=16596 bytes=531072 half_angle_deg=45.000
[perfect_drone_full_node-2]  -- [TRAJ_GUARD_CERT] trigger=poly_publish status=SAFE gen=83 map=166 map_age=0.019s map_age_limit=0.500s motion_speed=5.864mps samples=299 range=[0.006,1.492] collision_tt=-1.000 ttc=-1.000 p=[0.000,0.000,0.000]
[perfect_drone_full_node-2] Publish local map size: 16596
[perfect_drone_full_node-2] [INFO] [1789558459.100364853] [perfect_tracking]: [SENSOR_ACQUISITION_FRAME] frame=168 cycle=0 full=1 stamp_ns=1789558459097183551 width=900 height=445 readback_pixels=801000 conversion_rays=115200 generated_points=22682 bytes=725824 half_angle_deg=45.000
[perfect_drone_full_node-2]  -- [TRAJ_GUARD_CERT] trigger=main_pre status=SAFE gen=83 map=167 map_age=0.005s map_age_limit=0.500s motion_speed=4.746mps samples=282 range=[0.092,1.492] collision_tt=-1.000 ttc=-1.000 p=[0.000,0.000,0.000]
[perfect_drone_full_node-2] Publish local map size: 22682
[perfect_drone_full_node-2] [INFO] [1789558459.165130326] [fsm_node]:  -- [TRAJ_GUARD_COMMIT] phase=ReplanOnce/with_backup gen=84 map=168 samples=291 range=[0.022,1.465] escape=false footprint_egress=false escape_done_tt=-1.000
[perfect_drone_full_node-2]  -- [TRAJ_GUARD_CERT] trigger=main_pre status=SAFE gen=83 map=168 map_age=0.011s map_age_limit=0.529s motion_speed=2.912mps samples=262 range=[0.192,1.492] collision_tt=-1.000 ttc=-1.000 p=[0.000,0.000,0.000]
[perfect_drone_full_node-2] [32m -- [Fsm] ReplanOnce succeed.[0m
[perfect_drone_full_node-2] [INFO] [1789558459.201123727] [perfect_tracking]: [SENSOR_ACQUISITION_FRAME] frame=169 cycle=0 full=1 stamp_ns=1789558459197216656 width=900 height=445 readback_pixels=801000 conversion_rays=115200 generated_points=22923 bytes=733536 half_angle_deg=45.000
[perfect_drone_full_node-2]  -- [TRAJ_GUARD_CERT] trigger=poly_publish status=SAFE gen=84 map=168 map_age=0.039s map_age_limit=0.550s motion_speed=2.447mps samples=290 range=[0.022,1.465] collision_tt=-1.000 ttc=-1.000 p=[0.000,0.000,0.000]
[perfect_drone_full_node-2] Publish local map size: 22923
[perfect_drone_full_node-2] [INFO] [1789558459.301833920] [perfect_tracking]: [SENSOR_ACQUISITION_FRAME] frame=170 cycle=0 full=1 stamp_ns=1789558459297161124 width=900 height=445 readback_pixels=801000 conversion_rays=115200 generated_points=22423 bytes=717536 half_angle_deg=45.000
[perfect_drone_full_node-2]  -- [TRAJ_GUARD_CERT] trigger=main_pre status=SAFE gen=84 map=169 map_age=0.006s map_age_limit=0.550s motion_speed=2.196mps samples=276 range=[0.094,1.465] collision_tt=-1.000 ttc=-1.000 p=[0.000,0.000,0.000]
[perfect_drone_full_node-2] Publish local map size: 22423
[perfect_drone_full_node-2] [WARN] [1789558459.359768349] [fsm_node]:  -- [TRAJ_GUARD_VIABILITY_SLOWDOWN] phase=ReplanOnce/with_backup gen=85 scale=1.250 retries=1
[perfect_drone_full_node-2] [INFO] [1789558459.359823674] [fsm_node]:  -- [TRAJ_GUARD_COMMIT] phase=ReplanOnce/with_backup gen=85 map=170 samples=337 range=[0.018,1.690] escape=false footprint_egress=false escape_done_tt=-1.000
[perfect_drone_full_node-2]  -- [TRAJ_GUARD_CERT] trigger=main_pre status=SAFE gen=84 map=170 map_age=0.005s map_age_limit=0.500s motion_speed=3.746mps samples=256 range=[0.194,1.465] collision_tt=-1.000 ttc=-1.000 p=[0.000,0.000,0.000]
[perfect_drone_full_node-2] [32m -- [Fsm] ReplanOnce succeed.[0m
[perfect_drone_full_node-2] [INFO] [1789558459.402319792] [perfect_tracking]: [SENSOR_ACQUISITION_FRAME] frame=171 cycle=0 full=1 stamp_ns=1789558459397162065 width=900 height=445 readback_pixels=801000 conversion_rays=115200 generated_points=14383 bytes=460256 half_angle_deg=45.000
[perfect_drone_full_node-2]  -- [TRAJ_GUARD_CERT] trigger=poly_publish status=SAFE gen=85 map=170 map_age=0.028s map_age_limit=0.500s motion_speed=4.326mps samples=336 range=[0.019,1.690] collision_tt=-1.000 ttc=-1.000 p=[0.000,0.000,0.000]
[perfect_drone_full_node-2] Publish local map size: 14383
[perfect_drone_full_node-2] [32m -- [Fsm 17.099] Current state: FOLLOW_TRAJ[0m
[perfect_drone_full_node-2] [INFO] [1789558459.500049690] [perfect_tracking]: [SENSOR_ACQUISITION_FRAME] frame=172 cycle=0 full=1 stamp_ns=1789558459497241285 width=900 height=445 readback_pixels=801000 conversion_rays=115200 generated_points=13626 bytes=436032 half_angle_deg=45.000
[perfect_drone_full_node-2]  -- [TRAJ_GUARD_CERT] trigger=main_pre status=SAFE gen=85 map=171 map_age=0.005s map_age_limit=0.500s motion_speed=4.227mps samples=320 range=[0.096,1.690] collision_tt=-1.000 ttc=-1.000 p=[0.000,0.000,0.000]
[perfect_drone_full_node-2] Publish local map size: 13626
[perfect_drone_full_node-2] [WARN] [1789558459.551837417] [fsm_node]:  -- [TRAJ_GUARD_VIABILITY_SLOWDOWN] phase=ReplanOnce/with_backup gen=86 scale=1.250 retries=1
[perfect_drone_full_node-2] [INFO] [1789558459.551889657] [fsm_node]:  -- [TRAJ_GUARD_COMMIT] phase=ReplanOnce/with_backup gen=86 map=172 samples=338 range=[0.012,1.692] escape=false footprint_egress=false escape_done_tt=-1.000
[perfect_drone_full_node-2]  -- [TRAJ_GUARD_CERT] trigger=main_pre status=SAFE gen=85 map=172 map_age=0.011s map_age_limit=0.500s motion_speed=5.103mps samples=300 range=[0.196,1.690] collision_tt=-1.000 ttc=-1.000 p=[0.000,0.000,0.000]
[perfect_drone_full_node-2] [32m -- [Fsm] ReplanOnce succeed.[0m
[perfect_drone_full_node-2] [INFO] [1789558459.601268536] [perfect_tracking]: [SENSOR_ACQUISITION_FRAME] frame=173 cycle=0 full=1 stamp_ns=1789558459597186943 width=900 height=445 readback_pixels=801000 conversion_rays=115200 generated_points=13593 bytes=434976 half_angle_deg=45.000
[perfect_drone_full_node-2]  -- [TRAJ_GUARD_CERT] trigger=poly_publish status=SAFE gen=86 map=172 map_age=0.026s map_age_limit=0.500s motion_speed=5.228mps samples=337 range=[0.013,1.692] collision_tt=-1.000 ttc=-1.000 p=[0.000,0.000,0.000]
[perfect_drone_full_node-2] Publish local map size: 13593
[perfect_drone_full_node-2]  -- [TRAJ_GUARD_CERT] trigger=main_pre status=SAFE gen=86 map=173 map_age=0.013s map_age_limit=0.500s motion_speed=4.423mps samples=318 range=[0.108,1.692] collision_tt=-1.000 ttc=-1.000 p=[0.000,0.000,0.000]
[perfect_drone_full_node-2]  -- [MARSIM] Running FPS: 221.791716999323512
[perfect_drone_full_node-2] Publish local map size: 14777
[perfect_drone_full_node-2] [INFO] [1789558459.701884551] [perfect_tracking]: [SENSOR_ACQUISITION_FRAME] frame=174 cycle=0 full=1 stamp_ns=1789558459697169719 width=900 height=445 readback_pixels=801000 conversion_rays=115200 generated_points=14777 bytes=472864 half_angle_deg=45.000
[perfect_drone_full_node-2] [INFO] [1789558459.745811267] [fsm_node]:  -- [TRAJ_GUARD_COMMIT] phase=ReplanOnce/with_backup gen=87 map=174 samples=252 range=[0.008,1.255] escape=false footprint_egress=false escape_done_tt=-1.000
[perfect_drone_full_node-2] [32m -- [Fsm] ReplanOnce succeed.[0m
[perfect_drone_full_node-2] [INFO] [1789558459.801646932] [perfect_tracking]: [SENSOR_ACQUISITION_FRAME] frame=175 cycle=0 full=1 stamp_ns=1789558459797249936 width=900 height=445 readback_pixels=801000 conversion_rays=115200 generated_points=17136 bytes=548352 half_angle_deg=45.000
[perfect_drone_full_node-2]  -- [TRAJ_GUARD_CERT] trigger=poly_publish status=SAFE gen=87 map=174 map_age=0.011s map_age_limit=0.500s motion_speed=4.508mps samples=251 range=[0.008,1.255] collision_tt=-1.000 ttc=-1.000 p=[0.000,0.000,0.000]
[perfect_drone_full_node-2] Publish local map size: 17136
[waypoint_mission-1] [INFO] [1789558459.900683945] [waypoint_mission]: [MISSION_GOAL_IDENTITY] stamp_ns=1789558458900680590 new_intent=0 new_identity=0 supported=1 waypoint=2
[perfect_drone_full_node-2] [INFO] [1789558459.901078151] [fsm_node]:  -- [GOAL_RETRANSMIT_COALESCED] stamp_ns=1789558458900680590 generation=87 map=175 queued_revision=9 accepted_revision=8 coalesced_total=10
[perfect_drone_full_node-2] [INFO] [1789558459.901569535] [perfect_tracking]: [SENSOR_ACQUISITION_FRAME] frame=176 cycle=0 full=1 stamp_ns=1789558459897261560 width=900 height=445 readback_pixels=801000 conversion_rays=115200 generated_points=21178 bytes=677696 half_angle_deg=45.000
[perfect_drone_full_node-2]  -- [TRAJ_GUARD_CERT] trigger=main_pre status=SAFE gen=87 map=175 map_age=0.013s map_age_limit=0.500s motion_speed=4.627mps samples=230 range=[0.110,1.255] collision_tt=-1.000 ttc=-1.000 p=[0.000,0.000,0.000]
[perfect_drone_full_node-2] Publish local map size: 21178
[perfect_drone_full_node-2] [INFO] [1789558459.947483914] [fsm_node]:  -- [TRAJ_GUARD_COMMIT] phase=ReplanOnce/with_backup gen=88 map=176 samples=253 range=[0.012,1.264] escape=false footprint_egress=false escape_done_tt=-1.000
[perfect_drone_full_node-2]  -- [TRAJ_GUARD_CERT] trigger=main_pre status=SAFE gen=87 map=176 map_age=0.011s map_age_limit=0.500s motion_speed=4.907mps samples=211 range=[0.210,1.255] collision_tt=-1.000 ttc=-1.000 p=[0.000,0.000,0.000]
[perfect_drone_full_node-2] [32m -- [Fsm] ReplanOnce succeed.[0m
[perfect_drone_full_node-2] [INFO] [1789558460.001137804] [perfect_tracking]: [SENSOR_ACQUISITION_FRAME] frame=177 cycle=0 full=1 stamp_ns=1789558459997195459 width=900 height=445 readback_pixels=801000 conversion_rays=115200 generated_points=28159 bytes=901088 half_angle_deg=45.000
[perfect_drone_full_node-2]  -- [TRAJ_GUARD_CERT] trigger=poly_publish status=SAFE gen=88 map=176 map_age=0.011s map_age_limit=0.500s motion_speed=4.907mps samples=252 range=[0.012,1.264] collision_tt=-1.000 ttc=-1.000 p=[0.000,0.000,0.000]
[perfect_drone_full_node-2] Publish local map size: 28159
[perfect_drone_full_node-2] [INFO] [1789558460.102134835] [perfect_tracking]: [SENSOR_ACQUISITION_FRAME] frame=178 cycle=0 full=1 stamp_ns=1789558460097175115 width=900 height=445 readback_pixels=801000 conversion_rays=115200 generated_points=29882 bytes=956224 half_angle_deg=45.000
[perfect_drone_full_node-2]  -- [TRAJ_GUARD_CERT] trigger=main_pre status=SAFE gen=88 map=177 map_age=0.013s map_age_limit=0.500s motion_speed=5.452mps samples=232 range=[0.112,1.264] collision_tt=-1.000 ttc=-1.000 p=[0.000,0.000,0.000]
[perfect_drone_full_node-2] Publish local map size: 29882
[perfect_drone_full_node-2] [INFO] [1789558460.152984952] [fsm_node]:  -- [TRAJ_GUARD_COMMIT] phase=ReplanOnce/with_backup gen=89 map=178 samples=177 range=[0.020,0.893] escape=false footprint_egress=false escape_done_tt=-1.000
[perfect_drone_full_node-2]  -- [TRAJ_GUARD_CERT] trigger=main_pre status=SAFE gen=88 map=178 map_age=0.010s map_age_limit=0.500s motion_speed=6.060mps samples=212 range=[0.212,1.264] collision_tt=-1.000 ttc=-1.000 p=[0.000,0.000,0.000]
[perfect_drone_full_node-2] [32m -- [Fsm] ReplanOnce succeed.[0m
[perfect_drone_full_node-2] [INFO] [1789558460.201330459] [perfect_tracking]: [SENSOR_ACQUISITION_FRAME] frame=179 cycle=0 full=1 stamp_ns=1789558460197276515 width=900 height=445 readback_pixels=801000 conversion_rays=115200 generated_points=31679 bytes=1013728 half_angle_deg=45.000
[perfect_drone_full_node-2]  -- [TRAJ_GUARD_CERT] trigger=poly_publish status=SAFE gen=89 map=178 map_age=0.016s map_age_limit=0.500s motion_speed=6.060mps samples=176 range=[0.020,0.893] collision_tt=-1.000 ttc=-1.000 p=[0.000,0.000,0.000]
[perfect_drone_full_node-2] Publish local map size: 31679
[perfect_drone_full_node-2] [INFO] [1789558460.302425696] [perfect_tracking]: [SENSOR_ACQUISITION_FRAME] frame=180 cycle=0 full=1 stamp_ns=1789558460297208686 width=900 height=445 readback_pixels=801000 conversion_rays=115200 generated_points=21199 bytes=678368 half_angle_deg=45.000
[perfect_drone_full_node-2]  -- [TRAJ_GUARD_CERT] trigger=main_pre status=SAFE gen=89 map=179 map_age=0.011s map_age_limit=0.500s motion_speed=6.719mps samples=157 range=[0.114,0.893] collision_tt=-1.000 ttc=-1.000 p=[0.000,0.000,0.000]
[perfect_drone_full_node-2] Publish local map size: 21199
[perfect_drone_full_node-2] [WARN] [1789558460.355800841] [fsm_node]:  -- [TRAJ_GUARD_VIABILITY_SLOWDOWN] phase=ReplanOnce/with_backup gen=90 scale=1.250 retries=1
[perfect_drone_full_node-2] [INFO] [1789558460.355854749] [fsm_node]:  -- [TRAJ_GUARD_COMMIT] phase=ReplanOnce/with_backup gen=90 map=180 samples=315 range=[0.024,1.588] escape=false footprint_egress=false escape_done_tt=-1.000
[perfect_drone_full_node-2]  -- [TRAJ_GUARD_CERT] trigger=main_pre status=SAFE gen=89 map=180 map_age=0.012s map_age_limit=0.500s motion_speed=7.000mps samples=137 range=[0.214,0.893] collision_tt=-1.000 ttc=-1.000 p=[0.000,0.000,0.000]
[perfect_drone_full_node-2] [32m -- [Fsm] ReplanOnce succeed.[0m
[perfect_drone_full_node-2] [INFO] [1789558460.402789270] [perfect_tracking]: [SENSOR_ACQUISITION_FRAME] frame=181 cycle=0 full=1 stamp_ns=1789558460397237713 width=900 height=445 readback_pixels=801000 conversion_rays=115200 generated_points=21457 bytes=686624 half_angle_deg=45.000
[perfect_drone_full_node-2]  -- [TRAJ_GUARD_CERT] trigger=poly_publish status=SAFE gen=90 map=180 map_age=0.021s map_age_limit=0.500s motion_speed=6.996mps samples=314 range=[0.025,1.588] collision_tt=-1.000 ttc=-1.000 p=[0.000,0.000,0.000]
[perfect_drone_full_node-2] Publish local map size: 21457
[perfect_drone_full_node-2] [32m -- [Fsm 18.099] Current state: FOLLOW_TRAJ[0m
[perfect_drone_full_node-2] [INFO] [1789558460.502727511] [perfect_tracking]: [SENSOR_ACQUISITION_FRAME] frame=182 cycle=0 full=1 stamp_ns=1789558460497209274 width=900 height=445 readback_pixels=801000 conversion_rays=115200 generated_points=23505 bytes=752160 half_angle_deg=45.000
[perfect_drone_full_node-2]  -- [TRAJ_GUARD_CERT] trigger=main_pre status=SAFE gen=90 map=181 map_age=0.005s map_age_limit=0.500s motion_speed=5.498mps samples=298 range=[0.106,1.588] collision_tt=-1.000 ttc=-1.000 p=[0.000,0.000,0.000]
[perfect_drone_full_node-2] Publish local map size: 23505
[perfect_drone_full_node-2] [INFO] [1789558460.538766374] [fsm_node]:  -- [TRAJ_GUARD_COMMIT] phase=ReplanOnce/with_backup gen=91 map=181 samples=265 range=[0.009,1.322] escape=false footprint_egress=false escape_done_tt=-1.000
[perfect_drone_full_node-2] [32m -- [Fsm] ReplanOnce succeed.[0m
[perfect_drone_full_node-2] [INFO] [1789558460.601033401] [perfect_tracking]: [SENSOR_ACQUISITION_FRAME] frame=183 cycle=0 full=1 stamp_ns=1789558460597212255 width=900 height=445 readback_pixels=801000 conversion_rays=115200 generated_points=25157 bytes=805024 half_angle_deg=45.000
[perfect_drone_full_node-2]  -- [TRAJ_GUARD_CERT] trigger=poly_publish status=SAFE gen=91 map=181 map_age=0.107s map_age_limit=0.500s motion_speed=5.194mps samples=264 range=[0.010,1.322] collision_tt=-1.000 ttc=-1.000 p=[0.000,0.000,0.000]
[perfect_drone_full_node-2]  -- [TRAJ_GUARD_CERT] trigger=main_pre status=SAFE gen=91 map=182 map_age=0.011s map_age_limit=0.500s motion_speed=5.194mps samples=262 range=[0.018,1.322] collision_tt=-1.000 ttc=-1.000 p=[0.000,0.000,0.000]
[perfect_drone_full_node-2] Publish local map size: 25157
[perfect_drone_full_node-2] [INFO] [1789558460.701833333] [perfect_tracking]: [SENSOR_ACQUISITION_FRAME] frame=184 cycle=0 full=1 stamp_ns=1789558460697172266 width=900 height=445 readback_pixels=801000 conversion_rays=115200 generated_points=24565 bytes=786080 half_angle_deg=45.000
[perfect_drone_full_node-2]  -- [TRAJ_GUARD_CERT] trigger=main_pre status=SAFE gen=91 map=183 map_age=0.006s map_age_limit=0.500s motion_speed=4.951mps samples=244 range=[0.108,1.322] collision_tt=-1.000 ttc=-1.000 p=[0.000,0.000,0.000]
[perfect_drone_full_node-2] Publish local map size: 24565
[perfect_drone_full_node-2] [INFO] [1789558460.743322443] [fsm_node]:  -- [TRAJ_GUARD_COMMIT] phase=ReplanOnce/with_backup gen=92 map=184 samples=222 range=[0.016,1.112] escape=false footprint_egress=false escape_done_tt=-1.000
[perfect_drone_full_node-2] [32m -- [Fsm] ReplanOnce succeed.[0m
[perfect_drone_full_node-2] [INFO] [1789558460.802310254] [perfect_tracking]: [SENSOR_ACQUISITION_FRAME] frame=185 cycle=0 full=1 stamp_ns=1789558460797284010 width=900 height=445 readback_pixels=801000 conversion_rays=115200 generated_points=24881 bytes=796192 half_angle_deg=45.000
[perfect_drone_full_node-2]  -- [TRAJ_GUARD_CERT] trigger=poly_publish status=SAFE gen=92 map=184 map_age=0.007s map_age_limit=0.500s motion_speed=5.146mps samples=221 range=[0.016,1.112] collision_tt=-1.000 ttc=-1.000 p=[0.000,0.000,0.000]
[perfect_drone_full_node-2] Publish local map size: 24881
[perfect_drone_full_node-2] [INFO] [1789558460.901917877] [perfect_tracking]: [SENSOR_ACQUISITION_FRAME] frame=186 cycle=0 full=1 stamp_ns=1789558460897295172 width=900 height=445 readback_pixels=801000 conversion_rays=115200 generated_points=29907 bytes=957024 half_angle_deg=45.000
[perfect_drone_full_node-2]  -- [TRAJ_GUARD_CERT] trigger=main_pre status=SAFE gen=92 map=185 map_age=0.010s map_age_limit=0.500s motion_speed=5.852mps samples=200 range=[0.120,1.112] collision_tt=-1.000 ttc=-1.000 p=[0.000,0.000,0.000]
[perfect_drone_full_node-2] Publish local map size: 29907
[waypoint_mission-1] [INFO] [1789558460.910600777] [waypoint_mission]: [MISSION_GOAL_IDENTITY] stamp_ns=1789558458900680590 new_intent=0 new_identity=0 supported=1 waypoint=2
[perfect_drone_full_node-2] [INFO] [1789558460.910895084] [fsm_node]:  -- [GOAL_RETRANSMIT_COALESCED] stamp_ns=1789558458900680590 generation=92 map=185 queued_revision=9 accepted_revision=8 coalesced_total=11
[perfect_drone_full_node-2] [INFO] [1789558460.943743866] [fsm_node]:  -- [TRAJ_GUARD_COMMIT] phase=ReplanOnce/with_backup gen=93 map=186 samples=224 range=[0.018,1.126] escape=false footprint_egress=false escape_done_tt=-1.000
[perfect_drone_full_node-2] [32m -- [Fsm] ReplanOnce succeed.[0m
[perfect_drone_full_node-2] [INFO] [1789558461.001369781] [perfect_tracking]: [SENSOR_ACQUISITION_FRAME] frame=187 cycle=0 full=1 stamp_ns=1789558460997214509 width=900 height=445 readback_pixels=801000 conversion_rays=115200 generated_points=38935 bytes=1245920 half_angle_deg=45.000
[perfect_drone_full_node-2]  -- [TRAJ_GUARD_CERT] trigger=poly_publish status=SAFE gen=93 map=186 map_age=0.007s map_age_limit=0.500s motion_speed=6.505mps samples=223 range=[0.019,1.126] collision_tt=-1.000 ttc=-1.000 p=[0.000,0.000,0.000]
[perfect_drone_full_node-2] Publish local map size: 38935
[perfect_drone_full_node-2] [INFO] [1789558461.019585033] [fsm_node]:  -- [TRAJ_GUARD_COMMIT] phase=ReplanOnce/with_backup gen=94 map=186 samples=235 range=[0.028,1.192] escape=false footprint_egress=false escape_done_tt=-1.000
[perfect_drone_full_node-2] [32m -- [Fsm] ReplanOnce succeed.[0m
[perfect_drone_full_node-2] [INFO] [1789558461.101091686] [perfect_tracking]: [SENSOR_ACQUISITION_FRAME] frame=188 cycle=0 full=1 stamp_ns=1789558461097212407 width=900 height=445 readback_pixels=801000 conversion_rays=115200 generated_points=19768 bytes=632576 half_angle_deg=45.000
[perfect_drone_full_node-2]  -- [TRAJ_GUARD_CERT] trigger=poly_publish status=SAFE gen=94 map=186 map_age=0.083s map_age_limit=0.500s motion_speed=6.807mps samples=234 range=[0.028,1.192] collision_tt=-1.000 ttc=-1.000 p=[0.000,0.000,0.000]
[perfect_drone_full_node-2]  -- [TRAJ_GUARD_CERT] trigger=main_pre status=SAFE gen=94 map=187 map_age=0.014s map_age_limit=0.500s motion_speed=6.859mps samples=229 range=[0.056,1.192] collision_tt=-1.000 ttc=-1.000 p=[0.000,0.000,0.000]
[perfect_drone_full_node-2] Publish local map size: 19768
[perfect_drone_full_node-2] [INFO] [1789558461.201390616] [perfect_tracking]: [SENSOR_ACQUISITION_FRAME] frame=189 cycle=0 full=1 stamp_ns=1789558461197215582 width=900 height=445 readback_pixels=801000 conversion_rays=115200 generated_points=22159 bytes=709088 half_angle_deg=45.000
[perfect_drone_full_node-2]  -- [TRAJ_GUARD_CERT] trigger=main_pre status=SAFE gen=94 map=188 map_age=0.015s map_age_limit=0.500s motion_speed=6.978mps samples=209 range=[0.156,1.192] collision_tt=-1.000 ttc=-1.000 p=[0.000,0.000,0.000]
[perfect_drone_full_node-2] Publish local map size: 22159
[perfect_drone_full_node-2] [ERROR] [1789558461.223373897] [fsm_node]:  -- [TRAJ_GUARD_REJECT] phase=ReplanOnce/with_backup segment=EXP status=CLEARANCE_MARGIN gen=95 map=188 from_tt=0.034 collision_tt=0.584 collision_p=[-23.289,10.428,2.853] samples=228
[perfect_drone_full_node-2] [WARN] [1789558461.255717019] [fsm_node]:  -- [SUPER] Retrying EXP with inflated guard corridor.
[perfect_drone_full_node-2] [INFO] [1789558461.273440450] [fsm_node]:  -- [TRAJ_GUARD_COMMIT] phase=ReplanOnce/with_backup gen=95 map=189 samples=239 range=[0.018,1.199] escape=false footprint_egress=false escape_done_tt=-1.000
[perfect_drone_full_node-2]  -- [TRAJ_GUARD_CERT] trigger=main_pre status=SAFE gen=94 map=189 map_age=0.014s map_age_limit=0.500s motion_speed=6.768mps samples=189 range=[0.256,1.192] collision_tt=-1.000 ttc=-1.000 p=[0.000,0.000,0.000]
[perfect_drone_full_node-2] [32m -- [Fsm] ReplanOnce succeed.[0m
[perfect_drone_full_node-2] [INFO] [1789558461.301025120] [perfect_tracking]: [SENSOR_ACQUISITION_FRAME] frame=190 cycle=0 full=1 stamp_ns=1789558461297206688 width=900 height=445 readback_pixels=801000 conversion_rays=115200 generated_points=23616 bytes=755712 half_angle_deg=45.000
[perfect_drone_full_node-2]  -- [TRAJ_GUARD_CERT] trigger=poly_publish status=SAFE gen=95 map=189 map_age=0.041s map_age_limit=0.500s motion_speed=6.752mps samples=238 range=[0.018,1.199] collision_tt=-1.000 ttc=-1.000 p=[0.000,0.000,0.000]
[perfect_drone_full_node-2] Publish local map size: 23616
[perfect_drone_full_node-2] [INFO] [1789558461.402440656] [perfect_tracking]: [SENSOR_ACQUISITION_FRAME] frame=191 cycle=0 full=1 stamp_ns=1789558461397304000 width=900 height=445 readback_pixels=801000 conversion_rays=115200 generated_points=24510 bytes=784320 half_angle_deg=45.000
[perfect_drone_full_node-2]  -- [TRAJ_GUARD_CERT] trigger=main_pre status=SAFE gen=95 map=190 map_age=0.009s map_age_limit=0.500s motion_speed=6.844mps samples=225 range=[0.082,1.199] collision_tt=-1.000 ttc=-1.000 p=[0.000,0.000,0.000]
[perfect_drone_full_node-2] Publish local map size: 24510
[perfect_drone_full_node-2] [32m -- [Fsm 19.099] Current state: FOLLOW_TRAJ[0m
[perfect_drone_full_node-2] [ERROR] [1789558461.480871329] [fsm_node]:  -- [TRAJ_GUARD_REJECT] phase=ReplanOnce/with_backup segment=APPENDED_BACKUP status=CLEARANCE_MARGIN gen=96 map=191 from_tt=0.027 collision_tt=0.737 collision_p=[-23.234,7.870,2.449] samples=241
[perfect_drone_full_node-2] [INFO] [1789558461.500578349] [perfect_tracking]: [SENSOR_ACQUISITION_FRAME] frame=192 cycle=0 full=1 stamp_ns=1789558461497402302 width=900 height=445 readback_pixels=801000 conversion_rays=115200 generated_points=26785 bytes=857120 half_angle_deg=45.000
[perfect_drone_full_node-2]  -- [TRAJ_GUARD_CERT] trigger=main_pre status=SAFE gen=95 map=191 map_age=0.006s map_age_limit=0.500s motion_speed=6.989mps samples=205 range=[0.182,1.199] collision_tt=-1.000 ttc=-1.000 p=[0.000,0.000,0.000]
[perfect_drone_full_node-2] Publish local map size: 26785
[perfect_drone_full_node-2] [ERROR] [1789558461.533523294] [fsm_node]:  -- [TRAJ_GUARD_REJECT] phase=ReplanOnce/with_backup segment=EXP status=CLEARANCE_MARGIN gen=96 map=191 from_tt=0.014 collision_tt=0.664 collision_p=[-23.195,8.595,2.437] samples=248
[perfect_drone_full_node-2] [WARN] [1789558461.593840433] [fsm_node]:  -- [SUPER] Retrying EXP with inflated guard corridor.
[perfect_drone_full_node-2] [INFO] [1789558461.601295991] [perfect_tracking]: [SENSOR_ACQUISITION_FRAME] frame=193 cycle=0 full=1 stamp_ns=1789558461597179644 width=900 height=445 readback_pixels=801000 conversion_rays=115200 generated_points=26027 bytes=832864 half_angle_deg=45.000
[perfect_drone_full_node-2]  -- [TRAJ_GUARD_CERT] trigger=main_pre status=SAFE gen=95 map=192 map_age=0.009s map_age_limit=0.500s motion_speed=6.726mps samples=185 range=[0.282,1.199] collision_tt=-1.000 ttc=-1.000 p=[0.000,0.000,0.000]
[perfect_drone_full_node-2] Publish local map size: 26027
[perfect_drone_full_node-2] [ERROR] [1789558461.613625175] [fsm_node]:  -- [TRAJ_GUARD_REJECT] phase=ReplanOnce/with_backup segment=APPENDED_BACKUP status=CLEARANCE_MARGIN gen=96 map=192 from_tt=0.028 collision_tt=1.083 collision_p=[-23.311,8.359,2.851] samples=257
[perfect_drone_full_node-2] [WARN] [1789558461.653639648] [fsm_node]:  -- [SUPER] Retrying EXP with inflated guard corridor.
[perfect_drone_full_node-2] [ERROR] [1789558461.661416880] [fsm_node]:  -- [TRAJ_GUARD_REJECT] phase=ReplanOnce/with_backup segment=EXP status=CLEARANCE_MARGIN gen=96 map=193 from_tt=0.010 collision_tt=0.560 collision_p=[-23.344,8.082,2.682] samples=258
[perfect_drone_full_node-2] [INFO] [1789558461.701393850] [perfect_tracking]: [SENSOR_ACQUISITION_FRAME] frame=194 cycle=0 full=1 stamp_ns=1789558461697304077 width=900 height=445 readback_pixels=801000 conversion_rays=115200 generated_points=30605 bytes=979360 half_angle_deg=45.000
[perfect_drone_full_node-2]  -- [TRAJ_GUARD_CERT] trigger=main_pre status=SAFE gen=95 map=193 map_age=0.014s map_age_limit=0.500s motion_speed=6.035mps samples=163 range=[0.392,1.199] collision_tt=-1.000 ttc=-1.000 p=[0.000,0.000,0.000]
[perfect_drone_full_node-2] Publish local map size: 30605
[perfect_drone_full_node-2] [WARN] [1789558461.720095238] [fsm_node]:  -- [SUPER] Retrying EXP with inflated guard corridor.
[perfect_drone_full_node-2] [ERROR] [1789558461.728218284] [fsm_node]:  -- [TRAJ_GUARD_REJECT] phase=ReplanOnce/with_backup segment=EXP status=CLEARANCE_MARGIN gen=96 map=193 from_tt=0.011 collision_tt=0.501 collision_p=[-23.325,8.081,2.593] samples=259
[perfect_drone_full_node-2] [WARN] [1789558461.783700580] [fsm_node]:  -- [SUPER] Guard corridor retry: alternating back to normal corridor generator this attempt.
[perfect_drone_full_node-2] [INFO] [1789558461.801064535] [perfect_tracking]: [SENSOR_ACQUISITION_FRAME] frame=195 cycle=0 full=1 stamp_ns=1789558461797296173 width=900 height=445 readback_pixels=801000 conversion_rays=115200 generated_points=36197 bytes=1158304 half_angle_deg=45.000
[perfect_drone_full_node-2]  -- [TRAJ_GUARD_CERT] trigger=main_pre status=SAFE gen=95 map=194 map_age=0.011s map_age_limit=0.500s motion_speed=5.263mps samples=143 range=[0.492,1.199] collision_tt=-1.000 ttc=-1.000 p=[0.000,0.000,0.000]
[perfect_drone_full_node-2] Publish local map size: 36197
[perfect_drone_full_node-2] [ERROR] [1789558461.827257707] [fsm_node]:  -- [TRAJ_GUARD_REJECT] phase=ReplanOnce/with_backup segment=APPENDED_BACKUP status=CLEARANCE_MARGIN gen=96 map=194 from_tt=0.044 collision_tt=0.574 collision_p=[-23.196,8.348,2.069] samples=129
[perfect_drone_full_node-2] [WARN] [1789558461.849604644] [fsm_node]:  -- [SUPER] Retrying EXP with inflated guard corridor.
[perfect_drone_full_node-2] [ERROR] [1789558461.886053318] [fsm_node]:  -- [TRAJ_GUARD_REJECT] phase=ReplanOnce/with_backup segment=APPENDED_BACKUP status=CLEARANCE_MARGIN gen=96 map=195 from_tt=0.037 collision_tt=0.412 collision_p=[-23.311,8.100,2.154] samples=135
[perfect_drone_full_node-2] [INFO] [1789558461.900553178] [perfect_tracking]: [SENSOR_ACQUISITION_FRAME] frame=196 cycle=0 full=1 stamp_ns=1789558461897299879 width=900 height=445 readback_pixels=801000 conversion_rays=115200 generated_points=33386 bytes=1068352 half_angle_deg=45.000
[perfect_drone_full_node-2]  -- [TRAJ_GUARD_CERT] trigger=main_pre status=SAFE gen=95 map=195 map_age=0.007s map_age_limit=0.500s motion_speed=5.253mps samples=125 range=[0.582,1.199] collision_tt=-1.000 ttc=-1.000 p=[0.000,0.000,0.000]
[perfect_drone_full_node-2] Publish local map size: 33386
[perfect_drone_full_node-2] [WARN] [1789558461.915429226] [fsm_node]:  -- [SUPER] Retrying EXP with inflated guard corridor.
[waypoint_mission-1] [INFO] [1789558461.920661190] [waypoint_mission]: [MISSION_GOAL_IDENTITY] stamp_ns=1789558458900680590 new_intent=0 new_identity=0 supported=1 waypoint=2
[perfect_drone_full_node-2] [32m -- [Fsm] Get goal at [0m-23.975000000000001 -23.975000000000001   1.525000000000000
[perfect_drone_full_node-2] [32m -- [Fsm] Receive click goal at: [-23.975000000000001 -23.975000000000001   1.525000000000000]; goal yaw: 0.000000000000000 deg[0m
[perfect_drone_full_node-2] [ERROR] [1789558461.982473872] [fsm_node]:  -- [TRAJ_GUARD_REJECT] phase=ReplanOnce/with_backup segment=EXP status=CLEARANCE_MARGIN gen=96 map=196 from_tt=0.067 collision_tt=0.362 collision_p=[-23.330,8.100,2.249] samples=261
[perfect_drone_full_node-2] [WARN] [1789558461.982973253] [fsm_node]:  -- [SUPER] Retrying EXP with inflated guard corridor.
[perfect_drone_full_node-2] [INFO] [1789558462.000448689] [perfect_tracking]: [SENSOR_ACQUISITION_FRAME] frame=197 cycle=0 full=1 stamp_ns=1789558461997231811 width=900 height=445 readback_pixels=801000 conversion_rays=115200 generated_points=36236 bytes=1159552 half_angle_deg=45.000
[perfect_drone_full_node-2]  -- [TRAJ_GUARD_CERT] trigger=main_pre status=SAFE gen=95 map=196 map_age=0.008s map_age_limit=0.500s motion_speed=5.809mps samples=105 range=[0.682,1.199] collision_tt=-1.000 ttc=-1.000 p=[0.000,0.000,0.000]
[perfect_drone_full_node-2] Publish local map size: 36236
[perfect_drone_full_node-2] [INFO] [1789558462.039349441] [fsm_node]:  -- [TRAJ_GUARD_COMMIT] phase=ReplanOnce/with_backup gen=96 map=197 samples=269 range=[0.056,1.390] escape=false footprint_egress=false escape_done_tt=-1.000
[perfect_drone_full_node-2]  -- [TRAJ_GUARD_CERT] trigger=main_pre status=SAFE gen=95 map=197 map_age=0.008s map_age_limit=0.500s motion_speed=5.870mps samples=85 range=[0.782,1.199] collision_tt=-1.000 ttc=-1.000 p=[0.000,0.000,0.000]
[perfect_drone_full_node-2] [32m -- [Fsm] ReplanOnce succeed.[0m
[perfect_drone_full_node-2] [INFO] [1789558462.102856973] [perfect_tracking]: [SENSOR_ACQUISITION_FRAME] frame=198 cycle=0 full=1 stamp_ns=1789558462097308351 width=900 height=445 readback_pixels=801000 conversion_rays=115200 generated_points=36101 bytes=1155232 half_angle_deg=45.000
[perfect_drone_full_node-2]  -- [TRAJ_GUARD_CERT] trigger=poly_publish status=SAFE gen=96 map=197 map_age=0.010s map_age_limit=0.500s motion_speed=5.791mps samples=268 range=[0.057,1.390] collision_tt=-1.000 ttc=-1.000 p=[0.000,0.000,0.000]
[perfect_drone_full_node-2] Publish local map size: 36101
[perfect_drone_full_node-2] [INFO] [1789558462.199791624] [fsm_node]:  -- [TRAJ_GUARD_COMMIT] phase=ReplanOnce/with_backup gen=97 map=198 samples=388 range=[0.020,1.950] escape=false footprint_egress=false escape_done_tt=-1.000
[perfect_drone_full_node-2]  -- [TRAJ_GUARD_CERT] trigger=main_pre status=SAFE gen=96 map=198 map_age=0.005s map_age_limit=0.500s motion_speed=4.608mps samples=249 range=[0.155,1.390] collision_tt=-1.000 ttc=-1.000 p=[0.000,0.000,0.000]
[perfect_drone_full_node-2] [32m -- [Fsm] ReplanOnce succeed.[0m
[perfect_drone_full_node-2]  -- [TRAJ_GUARD_CERT] trigger=poly_publish status=SAFE gen=97 map=198 map_age=0.067s map_age_limit=0.500s motion_speed=3.916mps samples=387 range=[0.021,1.950] collision_tt=-1.000 ttc=-1.000 p=[0.000,0.000,0.000]
[perfect_drone_full_node-2]  -- [MARSIM] Running FPS: 243.261041535966598
[perfect_drone_full_node-2] Publish local map size: 45321
[perfect_drone_full_node-2] [INFO] [1789558462.200335927] [perfect_tracking]: [SENSOR_ACQUISITION_FRAME] frame=199 cycle=0 full=1 stamp_ns=1789558462197316936 width=900 height=445 readback_pixels=801000 conversion_rays=115200 generated_points=45321 bytes=1450272 half_angle_deg=45.000
[perfect_drone_full_node-2] [INFO] [1789558462.302338320] [perfect_tracking]: [SENSOR_ACQUISITION_FRAME] frame=200 cycle=0 full=1 stamp_ns=1789558462297271316 width=900 height=445 readback_pixels=801000 conversion_rays=115200 generated_points=39581 bytes=1266592 half_angle_deg=45.000
[perfect_drone_full_node-2] [INFO] [1789558462.302442864] [perfect_tracking]: [STATIC_PC_LATCHED_SUMMARY] enabled=1 publications=1 points=635500 bytes=20336000 stamp_ns=1789558442314527267 timers_created=0 poll_callbacks=0
[perfect_drone_full_node-2] [INFO] [1789558462.302453041] [perfect_tracking]: [SENSOR_CADENCE_SUMMARY] frames=200 span_s=19.900124 hz=9.999938 raw_published=0 direct_handoffs=200 payload_bytes=179924672 side_entry_v1_enabled=0 side_entry_v1_spawned=0 side_entry_v1_injected_frames=0
[perfect_drone_full_node-2] [INFO] [1789558462.302463963] [perfect_tracking]: [SENSOR_BURST_DROPOUT_SUMMARY] enabled=0 warmup_s=1.000000 period_s=2.000000 duration_s=0.500000 phase_s=0.000000 phase_env_override=0 rendered=200 delivered=200 dropped=0 bursts=0 max_consecutive_dropped=0 max_delivered_gap_s=0.108116 dropped_payload_bytes=0
[perfect_drone_full_node-2]  -- [TRAJ_GUARD_CERT] trigger=main_pre status=SAFE gen=97 map=199 map_age=0.012s map_age_limit=0.500s motion_speed=3.832mps samples=380 range=[0.058,1.950] collision_tt=-1.000 ttc=-1.000 p=[0.000,0.000,0.000]
[perfect_drone_full_node-2] Publish local map size: 39581
[perfect_drone_full_node-2] [THREAD_CPU_PROFILE] version=1 pid=3372018 steady_ns=1070298219779225 final=0 stage=map_cloud_enqueue calls=200 inclusive_cpu_s=0.001204771 exclusive_cpu_s=0.001204771 clock_errors=0
[perfect_drone_full_node-2] [THREAD_CPU_PROFILE] version=1 pid=3372018 steady_ns=1070298219779225 final=0 stage=map_worker calls=200 inclusive_cpu_s=7.472218020 exclusive_cpu_s=0.001499771 clock_errors=0
[perfect_drone_full_node-2] [THREAD_CPU_PROFILE] version=1 pid=3372018 steady_ns=1070298219779225 final=0 stage=map_ros_to_pcl calls=200 inclusive_cpu_s=0.123195459 exclusive_cpu_s=0.123195459 clock_errors=0
[perfect_drone_full_node-2] [THREAD_CPU_PROFILE] version=1 pid=3372018 steady_ns=1070298219779225 final=0 stage=map_prob_update calls=200 inclusive_cpu_s=6.221158482 exclusive_cpu_s=6.221158482 clock_errors=0
[perfect_drone_full_node-2] [THREAD_CPU_PROFILE] version=1 pid=3372018 steady_ns=1070298219779225 final=0 stage=map_snapshot_commit_health calls=200 inclusive_cpu_s=1.111604045 exclusive_cpu_s=1.111604045 clock_errors=0
[perfect_drone_full_node-2] [THREAD_CPU_PROFILE] version=1 pid=3372018 steady_ns=1070298219779225 final=0 stage=map_ack_and_log calls=200 inclusive_cpu_s=0.014760263 exclusive_cpu_s=0.014760263 clock_errors=0
[perfect_drone_full_node-2] [THREAD_CPU_PROFILE] version=1 pid=3372018 steady_ns=1070298219779225 final=0 stage=fsm_main_callback calls=2000 inclusive_cpu_s=0.093307082 exclusive_cpu_s=0.010517627 clock_errors=0
[perfect_drone_full_node-2] [THREAD_CPU_PROFILE] version=1 pid=3372018 steady_ns=1070298219779225 final=0 stage=fsm_main_core calls=2000 inclusive_cpu_s=0.046248407 exclusive_cpu_s=0.007917079 clock_errors=0
[perfect_drone_full_node-2] [THREAD_CPU_PROFILE] version=1 pid=3372018 steady_ns=1070298219779225 final=0 stage=fsm_replan_callback calls=304 inclusive_cpu_s=2.989772918 exclusive_cpu_s=0.005120261 clock_errors=0
[perfect_drone_full_node-2] [THREAD_CPU_PROFILE] version=1 pid=3372018 steady_ns=1070298219779225 final=0 stage=fsm_replan_core calls=146 inclusive_cpu_s=2.955770682 exclusive_cpu_s=0.005730379 clock_errors=0
[perfect_drone_full_node-2] [THREAD_CPU_PROFILE] version=1 pid=3372018 steady_ns=1070298219779225 final=0 stage=fsm_command_callback calls=2001 inclusive_cpu_s=0.138459074 exclusive_cpu_s=0.138459074 clock_errors=0
[perfect_drone_full_node-2] [THREAD_CPU_PROFILE] version=1 pid=3372018 steady_ns=1070298219779225 final=0 stage=guard_certificate calls=3988 inclusive_cpu_s=0.042498609 exclusive_cpu_s=0.020239604 clock_errors=0
[perfect_drone_full_node-2] [THREAD_CPU_PROFILE] version=1 pid=3372018 steady_ns=1070298219779225 final=0 stage=planner_generate_exp calls=130 inclusive_cpu_s=1.827197898 exclusive_cpu_s=0.009952930 clock_errors=0
[perfect_drone_full_node-2] [THREAD_CPU_PROFILE] version=1 pid=3372018 steady_ns=1070298219779225 final=0 stage=planner_generate_backup calls=129 inclusive_cpu_s=1.108795538 exclusive_cpu_s=0.374679460 clock_errors=0
[perfect_drone_full_node-2] [THREAD_CPU_PROFILE] version=1 pid=3372018 steady_ns=1070298219779225 final=0 stage=planner_commit calls=128 inclusive_cpu_s=0.033932728 exclusive_cpu_s=0.009630372 clock_errors=0
[perfect_drone_full_node-2] [THREAD_CPU_PROFILE] version=1 pid=3372018 steady_ns=1070298219779225 final=0 stage=planner_validate_geometry calls=1619 inclusive_cpu_s=0.069384162 exclusive_cpu_s=0.069384162 clock_errors=0
[perfect_drone_full_node-2] [THREAD_CPU_PROFILE] version=1 pid=3372018 steady_ns=1070298219779225 final=0 stage=planner_stop_viability calls=223 inclusive_cpu_s=0.043488636 exclusive_cpu_s=0.004839188 clock_errors=0
[perfect_drone_full_node-2] [THREAD_CPU_PROFILE] version=1 pid=3372018 steady_ns=1070298219779225 final=0 stage=planner_path_search calls=120 inclusive_cpu_s=0.371459544 exclusive_cpu_s=0.371459544 clock_errors=0
[perfect_drone_full_node-2] [THREAD_CPU_PROFILE] version=1 pid=3372018 steady_ns=1070298219779225 final=0 stage=planner_exp_optimize calls=127 inclusive_cpu_s=1.229686283 exclusive_cpu_s=1.229686283 clock_errors=0
[perfect_drone_full_node-2] [THREAD_CPU_PROFILE] version=1 pid=3372018 steady_ns=1070298219779225 final=0 stage=planner_backup_optimize calls=118 inclusive_cpu_s=0.734116078 exclusive_cpu_s=0.734116078 clock_errors=0
[perfect_drone_full_node-2] [THREAD_CPU_PROFILE] version=1 pid=3372018 steady_ns=1070298219779225 final=0 stage=planner_corridor_search calls=127 inclusive_cpu_s=0.216099141 exclusive_cpu_s=0.216099141 clock_errors=0
[perfect_drone_full_node-2] [THREAD_CPU_PROFILE] version=1 pid=3372018 steady_ns=1070298219779225 final=0 stage=planner_velocity_extrema calls=226 inclusive_cpu_s=0.001942476 exclusive_cpu_s=0.001942476 clock_errors=0
[perfect_drone_full_node-2] [THREAD_CPU_PROFILE] version=1 pid=3372018 steady_ns=1070298219779225 final=0 stage=planner_visualize_path calls=1880 inclusive_cpu_s=0.011060829 exclusive_cpu_s=0.011060829 clock_errors=0
[perfect_drone_full_node-2] [THREAD_CPU_PROFILE] version=1 pid=3372018 steady_ns=1070298219779225 final=0 stage=fsm_poly_publish calls=97 inclusive_cpu_s=0.007384638 exclusive_cpu_s=0.000704587 clock_errors=0
[perfect_drone_full_node-2] [THREAD_CPU_PROFILE] version=1 pid=3372018 steady_ns=1070298219779225 final=0 stage=sim_odom_callback calls=2001 inclusive_cpu_s=0.195364265 exclusive_cpu_s=0.195364265 clock_errors=0
[perfect_drone_full_node-2] [THREAD_CPU_PROFILE] version=1 pid=3372018 steady_ns=1070298219779225 final=0 stage=sim_render_callback calls=200 inclusive_cpu_s=0.871245938 exclusive_cpu_s=0.870041167 clock_errors=0
[perfect_drone_full_node-2] [THREAD_CPU_PROFILE] version=1 pid=3372018 steady_ns=1070298219779225 final=0 stage=map_odom_callback calls=1893 inclusive_cpu_s=0.014930946 exclusive_cpu_s=0.014930946 clock_errors=0
[perfect_drone_full_node-2] [ERROR] [1789558462.399966504] [fsm_node]:  -- [TRAJ_GUARD_REJECT] phase=ReplanOnce/with_backup segment=EXP status=CLEARANCE_MARGIN gen=98 map=200 from_tt=0.023 collision_tt=0.523 collision_p=[-23.335,4.607,2.854] samples=198
[perfect_drone_full_node-2] [INFO] [1789558462.401193613] [perfect_tracking]: [SENSOR_ACQUISITION_FRAME] frame=201 cycle=0 full=1 stamp_ns=1789558462397311881 width=900 height=445 readback_pixels=801000 conversion_rays=115200 generated_points=49525 bytes=1584800 half_angle_deg=45.000
[perfect_drone_full_node-2]  -- [TRAJ_GUARD_CERT] trigger=main_pre status=SAFE gen=97 map=200 map_age=0.009s map_age_limit=0.500s motion_speed=4.278mps samples=360 range=[0.158,1.950] collision_tt=-1.000 ttc=-1.000 p=[0.000,0.000,0.000]
[perfect_drone_full_node-2] Publish local map size: 49525
[perfect_drone_full_node-2] [32m -- [Fsm 20.099] Current state: FOLLOW_TRAJ[0m
[perfect_drone_full_node-2] [WARN] [1789558462.443657562] [fsm_node]:  -- [SUPER] Retrying EXP with inflated guard corridor.
[perfect_drone_full_node-2] [INFO] [1789558462.457628688] [fsm_node]:  -- [TRAJ_GUARD_COMMIT] phase=ReplanOnce/with_backup gen=98 map=201 samples=243 range=[0.014,1.216] escape=false footprint_egress=false escape_done_tt=-1.000
[perfect_drone_full_node-2]  -- [TRAJ_GUARD_CERT] trigger=main_pre status=SAFE gen=97 map=201 map_age=0.009s map_age_limit=0.500s motion_speed=5.310mps samples=340 range=[0.258,1.950] collision_tt=-1.000 ttc=-1.000 p=[0.000,0.000,0.000]
[perfect_drone_full_node-2] [32m -- [Fsm] ReplanOnce succeed.[0m
[perfect_drone_full_node-2] [INFO] [1789558462.502536463] [perfect_tracking]: [SENSOR_ACQUISITION_FRAME] frame=202 cycle=0 full=1 stamp_ns=1789558462497260411 width=900 height=445 readback_pixels=801000 conversion_rays=115200 generated_points=44483 bytes=1423456 half_angle_deg=45.000
[perfect_drone_full_node-2]  -- [TRAJ_GUARD_CERT] trigger=poly_publish status=SAFE gen=98 map=201 map_age=0.030s map_age_limit=0.500s motion_speed=5.660mps samples=242 range=[0.014,1.216] collision_tt=-1.000 ttc=-1.000 p=[0.000,0.000,0.000]
[perfect_drone_full_node-2] Publish local map size: 44483
[perfect_drone_full_node-2] [INFO] [1789558462.575398892] [fsm_node]:  -- [DEMAND_REPLAN] checks=303 skips=155 renewals=118 reason=SKIP gen=98 map=202 required_until=0.338 checked_until=1.216
[perfect_drone_full_node-2] [INFO] [1789558462.575470616] [fsm_node]:  -- [DEMAND_REPLAN_REASONS] checks=303 counted=303 max_dispatch_interval=0.25 final_counts=DISABLED=0,INVALID_POLICY=0,NOT_ORDINARY=17,NEW_GOAL=21,RECOVERY_PENDING=0,SAFETY_PENDING=0,FAILURE_OR_REJECTION=19,NO_SUCCESSFUL_LEASE=0,STALE_OR_UNCERTIFIED_MAP=5,TRAJECTORY_MISMATCH=0,CLOCK_INVALID=0,DISPATCH_DEADLINE=74,ON_BACKUP=0,INSUFFICIENT_GEOMETRY=1,INSUFFICIENT_MOTION_HORIZON=4,NEED_VIABILITY_RENEWAL=0,VIABILITY_RENEWAL_REJECTED=7,EVIDENCE_CHANGED=0,SKIP=155
[perfect_drone_full_node-2] [INFO] [1789558462.601351884] [perfect_tracking]: [SENSOR_ACQUISITION_FRAME] frame=203 cycle=0 full=1 stamp_ns=1789558462597318887 width=900 height=445 readback_pixels=801000 conversion_rays=115200 generated_points=32765 bytes=1048480 half_angle_deg=45.000
[perfect_drone_full_node-2]  -- [TRAJ_GUARD_CERT] trigger=main_pre status=SAFE gen=98 map=202 map_age=0.006s map_age_limit=0.500s motion_speed=6.475mps samples=224 range=[0.104,1.216] collision_tt=-1.000 ttc=-1.000 p=[0.000,0.000,0.000]
[perfect_drone_full_node-2] Publish local map size: 32765
[perfect_drone_full_node-2] [INFO] [1789558462.668661873] [fsm_node]:  -- [TRAJ_GUARD_COMMIT] phase=ReplanOnce/with_backup gen=99 map=203 samples=217 range=[0.027,1.101] escape=false footprint_egress=false escape_done_tt=-1.000
[perfect_drone_full_node-2]  -- [TRAJ_GUARD_CERT] trigger=main_pre status=SAFE gen=98 map=203 map_age=0.009s map_age_limit=0.500s motion_speed=6.915mps samples=206 range=[0.194,1.216] collision_tt=-1.000 ttc=-1.000 p=[0.000,0.000,0.000]
[perfect_drone_full_node-2] [32m -- [Fsm] ReplanOnce succeed.[0m
[perfect_drone_full_node-2] [INFO] [1789558462.700759475] [perfect_tracking]: [SENSOR_ACQUISITION_FRAME] frame=204 cycle=0 full=1 stamp_ns=1789558462697293028 width=900 height=445 readback_pixels=801000 conversion_rays=115200 generated_points=30375 bytes=972000 half_angle_deg=45.000
[perfect_drone_full_node-2]  -- [TRAJ_GUARD_CERT] trigger=poly_publish status=SAFE gen=99 map=203 map_age=0.041s map_age_limit=0.500s motion_speed=6.975mps samples=216 range=[0.028,1.101] collision_tt=-1.000 ttc=-1.000 p=[0.000,0.000,0.000]
[perfect_drone_full_node-2] Publish local map size: 30375
[perfect_drone_full_node-2] [INFO] [1789558462.724489270] [fsm_node]:  -- [TRAJ_GUARD_COMMIT] phase=ReplanOnce/with_backup gen=100 map=203 samples=226 range=[0.017,1.136] escape=false footprint_egress=false escape_done_tt=-1.000
[perfect_drone_full_node-2] [32m -- [Fsm] ReplanOnce succeed.[0m
[perfect_drone_full_node-2] [INFO] [1789558462.802550093] [perfect_tracking]: [SENSOR_ACQUISITION_FRAME] frame=205 cycle=0 full=1 stamp_ns=1789558462797458020 width=900 height=445 readback_pixels=801000 conversion_rays=115200 generated_points=29306 bytes=937792 half_angle_deg=45.000
[perfect_drone_full_node-2]  -- [TRAJ_GUARD_CERT] trigger=poly_publish status=SAFE gen=100 map=203 map_age=0.097s map_age_limit=0.500s motion_speed=6.999mps samples=225 range=[0.017,1.136] collision_tt=-1.000 ttc=-1.000 p=[0.000,0.000,0.000]
[perfect_drone_full_node-2]  -- [TRAJ_GUARD_CERT] trigger=main_pre status=SAFE gen=100 map=204 map_age=0.007s map_age_limit=0.500s motion_speed=7.000mps samples=223 range=[0.029,1.136] collision_tt=-1.000 ttc=-1.000 p=[0.000,0.000,0.000]
[perfect_drone_full_node-2] Publish local map size: 29306
[perfect_drone_full_node-2] [INFO] [1789558462.902604408] [perfect_tracking]: [SENSOR_ACQUISITION_FRAME] frame=206 cycle=0 full=1 stamp_ns=1789558462897253376 width=900 height=445 readback_pixels=801000 conversion_rays=115200 generated_points=38579 bytes=1234528 half_angle_deg=45.000
[perfect_drone_full_node-2]  -- [TRAJ_GUARD_CERT] trigger=main_pre status=SAFE gen=100 map=205 map_age=0.011s map_age_limit=0.500s motion_speed=6.957mps samples=201 range=[0.139,1.136] collision_tt=-1.000 ttc=-1.000 p=[0.000,0.000,0.000]
[perfect_drone_full_node-2] Publish local map size: 38579
[waypoint_mission-1] [INFO] [1789558462.920734659] [waypoint_mission]: [MISSION_GOAL_IDENTITY] stamp_ns=1789558458900680590 new_intent=0 new_identity=0 supported=1 waypoint=2
[perfect_drone_full_node-2] [INFO] [1789558462.921124934] [fsm_node]:  -- [GOAL_RETRANSMIT_COALESCED] stamp_ns=1789558458900680590 generation=100 map=205 queued_revision=10 accepted_revision=9 coalesced_total=12
[perfect_drone_full_node-2] [INFO] [1789558462.928597132] [fsm_node]:  -- [TRAJ_GUARD_COMMIT] phase=ReplanOnce/with_backup gen=101 map=205 samples=240 range=[0.023,1.213] escape=false footprint_egress=false escape_done_tt=-1.000
[perfect_drone_full_node-2] [32m -- [Fsm] ReplanOnce succeed.[0m
[perfect_drone_full_node-2] [INFO] [1789558463.003022866] [perfect_tracking]: [SENSOR_ACQUISITION_FRAME] frame=207 cycle=0 full=1 stamp_ns=1789558462997284623 width=900 height=445 readback_pixels=801000 conversion_rays=115200 generated_points=39518 bytes=1264576 half_angle_deg=45.000
[perfect_drone_full_node-2]  -- [TRAJ_GUARD_CERT] trigger=poly_publish status=SAFE gen=101 map=205 map_age=0.092s map_age_limit=0.500s motion_speed=6.929mps samples=239 range=[0.023,1.213] collision_tt=-1.000 ttc=-1.000 p=[0.000,0.000,0.000]
[perfect_drone_full_node-2]  -- [TRAJ_GUARD_CERT] trigger=main_pre status=SAFE gen=101 map=206 map_age=0.006s map_age_limit=0.500s motion_speed=6.932mps samples=236 range=[0.042,1.213] collision_tt=-1.000 ttc=-1.000 p=[0.000,0.000,0.000]
[perfect_drone_full_node-2] Publish local map size: 39518
[perfect_drone_full_node-2] [INFO] [1789558463.101498102] [perfect_tracking]: [SENSOR_ACQUISITION_FRAME] frame=208 cycle=0 full=1 stamp_ns=1789558463097270033 width=900 height=445 readback_pixels=801000 conversion_rays=115200 generated_points=27790 bytes=889280 half_angle_deg=45.000
[perfect_drone_full_node-2]  -- [TRAJ_GUARD_CERT] trigger=main_pre status=SAFE gen=101 map=207 map_age=0.014s map_age_limit=0.500s motion_speed=6.985mps samples=214 range=[0.152,1.213] collision_tt=-1.000 ttc=-1.000 p=[0.000,0.000,0.000]
[perfect_drone_full_node-2] Publish local map size: 27790
[perfect_drone_full_node-2] [INFO] [1789558463.123962984] [fsm_node]:  -- [TRAJ_GUARD_COMMIT] phase=ReplanOnce/with_backup gen=102 map=207 samples=191 range=[0.021,0.961] escape=false footprint_egress=false escape_done_tt=-1.000
[perfect_drone_full_node-2] [32m -- [Fsm] ReplanOnce succeed.[0m
[perfect_drone_full_node-2] [INFO] [1789558463.202822918] [perfect_tracking]: [SENSOR_ACQUISITION_FRAME] frame=209 cycle=0 full=1 stamp_ns=1789558463197267583 width=900 height=445 readback_pixels=801000 conversion_rays=115200 generated_points=28883 bytes=924256 half_angle_deg=45.000
[perfect_drone_full_node-2]  -- [TRAJ_GUARD_CERT] trigger=poly_publish status=SAFE gen=102 map=207 map_age=0.081s map_age_limit=0.500s motion_speed=6.797mps samples=190 range=[0.021,0.961] collision_tt=-1.000 ttc=-1.000 p=[0.000,0.000,0.000]
[perfect_drone_full_node-2]  -- [TRAJ_GUARD_CERT] trigger=main_pre status=SAFE gen=102 map=208 map_age=0.007s map_age_limit=0.500s motion_speed=6.709mps samples=185 range=[0.044,0.961] collision_tt=-1.000 ttc=-1.000 p=[0.000,0.000,0.000]
[perfect_drone_full_node-2] Publish local map size: 28883
[perfect_drone_full_node-2] [INFO] [1789558463.301949677] [perfect_tracking]: [SENSOR_ACQUISITION_FRAME] frame=210 cycle=0 full=1 stamp_ns=1789558463297264885 width=900 height=445 readback_pixels=801000 conversion_rays=115200 generated_points=36648 bytes=1172736 half_angle_deg=45.000
[perfect_drone_full_node-2]  -- [TRAJ_GUARD_CERT] trigger=main_pre status=SAFE gen=102 map=209 map_age=0.011s map_age_limit=0.500s motion_speed=6.380mps samples=165 range=[0.144,0.961] collision_tt=-1.000 ttc=-1.000 p=[0.000,0.000,0.000]
[perfect_drone_full_node-2] Publish local map size: 36648
[perfect_drone_full_node-2] [INFO] [1789558463.314086889] [fsm_node]:  -- [TRAJ_GUARD_COMMIT] phase=ReplanOnce/with_backup gen=103 map=209 samples=170 range=[0.013,0.850] escape=false footprint_egress=false escape_done_tt=-1.000
[perfect_drone_full_node-2] [32m -- [Fsm] ReplanOnce succeed.[0m
[perfect_drone_full_node-2] [INFO] [1789558463.402601935] [perfect_tracking]: [SENSOR_ACQUISITION_FRAME] frame=211 cycle=0 full=1 stamp_ns=1789558463397353829 width=900 height=445 readback_pixels=801000 conversion_rays=115200 generated_points=42101 bytes=1347232 half_angle_deg=45.000
[perfect_drone_full_node-2]  -- [TRAJ_GUARD_CERT] trigger=poly_publish status=SAFE gen=103 map=209 map_age=0.078s map_age_limit=0.500s motion_speed=6.478mps samples=169 range=[0.013,0.850] collision_tt=-1.000 ttc=-1.000 p=[0.000,0.000,0.000]
[perfect_drone_full_node-2]  -- [TRAJ_GUARD_CERT] trigger=main_pre status=SAFE gen=103 map=210 map_age=0.005s map_age_limit=0.500s motion_speed=6.541mps samples=164 range=[0.036,0.850] collision_tt=-1.000 ttc=-1.000 p=[0.000,0.000,0.000]
[perfect_drone_full_node-2] Publish local map size: 42101
[perfect_drone_full_node-2] [32m -- [Fsm 21.099] Current state: FOLLOW_TRAJ[0m
[perfect_drone_full_node-2] [INFO] [1789558463.457853370] [fsm_node]:  -- [TRAJ_GUARD_COMMIT] phase=ReplanOnce/with_backup gen=104 map=211 samples=153 range=[0.024,0.779] escape=false footprint_egress=false escape_done_tt=-1.000
[perfect_drone_full_node-2]  -- [TRAJ_GUARD_CERT] trigger=main_pre status=SAFE gen=103 map=211 map_age=0.014s map_age_limit=0.500s motion_speed=6.875mps samples=142 range=[0.146,0.850] collision_tt=-1.000 ttc=-1.000 p=[0.000,0.000,0.000]
[perfect_drone_full_node-2] [32m -- [Fsm] ReplanOnce succeed.[0m
[perfect_drone_full_node-2] [INFO] [1789558463.501269895] [perfect_tracking]: [SENSOR_ACQUISITION_FRAME] frame=212 cycle=0 full=1 stamp_ns=1789558463497340592 width=900 height=445 readback_pixels=801000 conversion_rays=115200 generated_points=57054 bytes=1825728 half_angle_deg=45.000
[perfect_drone_full_node-2]  -- [TRAJ_GUARD_CERT] trigger=poly_publish status=SAFE gen=104 map=211 map_age=0.024s map_age_limit=0.500s motion_speed=6.912mps samples=152 range=[0.025,0.779] collision_tt=-1.000 ttc=-1.000 p=[0.000,0.000,0.000]
[perfect_drone_full_node-2] Publish local map size: 57054
[perfect_drone_full_node-2] [INFO] [1789558463.586203703] [fsm_node]:  -- [TRAJ_GUARD_COMMIT] phase=ReplanOnce/with_backup gen=105 map=212 samples=223 range=[0.021,1.122] escape=false footprint_egress=false escape_done_tt=-1.000
[perfect_drone_full_node-2]  -- [TRAJ_GUARD_CERT] trigger=main_pre status=SAFE gen=104 map=212 map_age=0.008s map_age_limit=0.500s motion_speed=6.984mps samples=137 range=[0.104,0.779] collision_tt=-1.000 ttc=-1.000 p=[0.000,0.000,0.000]
[perfect_drone_full_node-2] [32m -- [Fsm] ReplanOnce succeed.[0m
[perfect_drone_full_node-2] [INFO] [1789558463.602049989] [perfect_tracking]: [SENSOR_ACQUISITION_FRAME] frame=213 cycle=0 full=1 stamp_ns=1789558463597347915 width=900 height=445 readback_pixels=801000 conversion_rays=115200 generated_points=51679 bytes=1653728 half_angle_deg=45.000
[perfect_drone_full_node-2]  -- [TRAJ_GUARD_CERT] trigger=poly_publish status=SAFE gen=105 map=212 map_age=0.057s map_age_limit=0.500s motion_speed=6.990mps samples=222 range=[0.021,1.122] collision_tt=-1.000 ttc=-1.000 p=[0.000,0.000,0.000]
[perfect_drone_full_node-2] Publish local map size: 51679
[perfect_drone_full_node-2] [INFO] [1789558463.702881864] [perfect_tracking]: [SENSOR_ACQUISITION_FRAME] frame=214 cycle=0 full=1 stamp_ns=1789558463697410639 width=900 height=445 readback_pixels=801000 conversion_rays=115200 generated_points=44937 bytes=1437984 half_angle_deg=45.000
[perfect_drone_full_node-2]  -- [TRAJ_GUARD_CERT] trigger=main_pre status=SAFE gen=105 map=213 map_age=0.010s map_age_limit=0.500s motion_speed=6.911mps samples=212 range=[0.072,1.122] collision_tt=-1.000 ttc=-1.000 p=[0.000,0.000,0.000]
[perfect_drone_full_node-2] Publish local map size: 44937
[perfect_drone_full_node-2] [INFO] [1789558463.801010941] [perfect_tracking]: [SENSOR_ACQUISITION_FRAME] frame=215 cycle=0 full=1 stamp_ns=1789558463797341676 width=900 height=445 readback_pixels=801000 conversion_rays=115200 generated_points=33463 bytes=1070816 half_angle_deg=45.000
[perfect_drone_full_node-2]  -- [TRAJ_GUARD_CERT] trigger=main_pre status=SAFE gen=105 map=214 map_age=0.012s map_age_limit=0.500s motion_speed=6.706mps samples=190 range=[0.182,1.122] collision_tt=-1.000 ttc=-1.000 p=[0.000,0.000,0.000]
[perfect_drone_full_node-2] Publish local map size: 33463
[perfect_drone_full_node-2] [INFO] [1789558463.806155657] [fsm_node]:  -- [TRAJ_GUARD_COMMIT] phase=ReplanOnce/with_backup gen=106 map=214 samples=241 range=[0.043,1.235] escape=false footprint_egress=false escape_done_tt=-1.000
[perfect_drone_full_node-2] [32m -- [Fsm] ReplanOnce succeed.[0m
[perfect_drone_full_node-2] [INFO] [1789558463.902794151] [perfect_tracking]: [SENSOR_ACQUISITION_FRAME] frame=216 cycle=0 full=1 stamp_ns=1789558463897390665 width=900 height=445 readback_pixels=801000 conversion_rays=115200 generated_points=29371 bytes=939872 half_angle_deg=45.000
[perfect_drone_full_node-2]  -- [TRAJ_GUARD_CERT] trigger=poly_publish status=SAFE gen=106 map=214 map_age=0.071s map_age_limit=0.500s motion_speed=6.785mps samples=240 range=[0.043,1.235] collision_tt=-1.000 ttc=-1.000 p=[0.000,0.000,0.000]
[perfect_drone_full_node-2]  -- [TRAJ_GUARD_CERT] trigger=main_pre status=SAFE gen=106 map=215 map_age=0.008s map_age_limit=0.500s motion_speed=6.845mps samples=234 range=[0.074,1.235] collision_tt=-1.000 ttc=-1.000 p=[0.000,0.000,0.000]
[perfect_drone_full_node-2] Publish local map size: 29371
[waypoint_mission-1] [INFO] [1789558463.930645946] [waypoint_mission]: [MISSION_GOAL_IDENTITY] stamp_ns=1789558458900680590 new_intent=0 new_identity=0 supported=1 waypoint=2
[perfect_drone_full_node-2] [INFO] [1789558463.931109814] [fsm_node]:  -- [GOAL_RETRANSMIT_COALESCED] stamp_ns=1789558458900680590 generation=106 map=215 queued_revision=10 accepted_revision=9 coalesced_total=13
[perfect_drone_full_node-2] [INFO] [1789558463.981667255] [fsm_node]:  -- [TRAJ_GUARD_COMMIT] phase=ReplanOnce/with_backup gen=107 map=216 samples=246 range=[0.020,1.239] escape=false footprint_egress=false escape_done_tt=-1.000
[perfect_drone_full_node-2]  -- [TRAJ_GUARD_CERT] trigger=main_pre status=SAFE gen=106 map=216 map_age=0.015s map_age_limit=0.500s motion_speed=6.976mps samples=212 range=[0.184,1.235] collision_tt=-1.000 ttc=-1.000 p=[0.000,0.000,0.000]
[perfect_drone_full_node-2] [32m -- [Fsm] ReplanOnce succeed.[0m
[perfect_drone_full_node-2] [INFO] [1789558464.000581878] [perfect_tracking]: [SENSOR_ACQUISITION_FRAME] frame=217 cycle=0 full=1 stamp_ns=1789558463997338988 width=900 height=445 readback_pixels=801000 conversion_rays=115200 generated_points=29236 bytes=935552 half_angle_deg=45.000
[perfect_drone_full_node-2]  -- [TRAJ_GUARD_CERT] trigger=poly_publish status=SAFE gen=107 map=216 map_age=0.049s map_age_limit=0.500s motion_speed=6.980mps samples=245 range=[0.020,1.239] collision_tt=-1.000 ttc=-1.000 p=[0.000,0.000,0.000]
[perfect_drone_full_node-2] Publish local map size: 29236
[perfect_drone_full_node-2] [INFO] [1789558464.103062543] [perfect_tracking]: [SENSOR_ACQUISITION_FRAME] frame=218 cycle=0 full=1 stamp_ns=1789558464097382317 width=900 height=445 readback_pixels=801000 conversion_rays=115200 generated_points=29425 bytes=941600 half_angle_deg=45.000
[perfect_drone_full_node-2]  -- [TRAJ_GUARD_CERT] trigger=main_pre status=SAFE gen=107 map=217 map_age=0.009s map_age_limit=0.500s motion_speed=6.984mps samples=234 range=[0.076,1.239] collision_tt=-1.000 ttc=-1.000 p=[0.000,0.000,0.000]
[perfect_drone_full_node-2] Publish local map size: 29425
[perfect_drone_full_node-2] [INFO] [1789558464.172071529] [fsm_node]:  -- [TRAJ_GUARD_COMMIT] phase=ReplanOnce/with_backup gen=108 map=218 samples=246 range=[0.013,1.230] escape=false footprint_egress=false escape_done_tt=-1.000
[perfect_drone_full_node-2]  -- [TRAJ_GUARD_CERT] trigger=main_pre status=SAFE gen=107 map=218 map_age=0.014s map_age_limit=0.500s motion_speed=7.000mps samples=212 range=[0.186,1.239] collision_tt=-1.000 ttc=-1.000 p=[0.000,0.000,0.000]
[perfect_drone_full_node-2] [32m -- [Fsm] ReplanOnce succeed.[0m
[perfect_drone_full_node-2] [INFO] [1789558464.201943993] [perfect_tracking]: [SENSOR_ACQUISITION_FRAME] frame=219 cycle=0 full=1 stamp_ns=1789558464197358432 width=900 height=445 readback_pixels=801000 conversion_rays=115200 generated_points=47333 bytes=1514656 half_angle_deg=45.000
[perfect_drone_full_node-2]  -- [TRAJ_GUARD_CERT] trigger=poly_publish status=SAFE gen=108 map=218 map_age=0.039s map_age_limit=0.500s motion_speed=6.997mps samples=245 range=[0.013,1.230] collision_tt=-1.000 ttc=-1.000 p=[0.000,0.000,0.000]
[perfect_drone_full_node-2] Publish local map size: 47333
[perfect_drone_full_node-2] [INFO] [1789558464.300977325] [perfect_tracking]: [SENSOR_ACQUISITION_FRAME] frame=220 cycle=0 full=1 stamp_ns=1789558464297355943 width=900 height=445 readback_pixels=801000 conversion_rays=115200 generated_points=44741 bytes=1431712 half_angle_deg=45.000
[perfect_drone_full_node-2]  -- [TRAJ_GUARD_CERT] trigger=main_pre status=SAFE gen=108 map=219 map_age=0.010s map_age_limit=0.500s motion_speed=6.987mps samples=230 range=[0.088,1.230] collision_tt=-1.000 ttc=-1.000 p=[0.000,0.000,0.000]
[perfect_drone_full_node-2] Publish local map size: 44741
[perfect_drone_full_node-2] [INFO] [1789558464.368542260] [fsm_node]:  -- [TRAJ_GUARD_COMMIT] phase=ReplanOnce/with_backup gen=109 map=220 samples=201 range=[0.011,1.002] escape=false footprint_egress=false escape_done_tt=-1.000
[perfect_drone_full_node-2]  -- [TRAJ_GUARD_CERT] trigger=main_pre status=SAFE gen=108 map=220 map_age=0.011s map_age_limit=0.500s motion_speed=6.925mps samples=210 range=[0.188,1.230] collision_tt=-1.000 ttc=-1.000 p=[0.000,0.000,0.000]
[perfect_drone_full_node-2] [32m -- [Fsm] ReplanOnce succeed.[0m
[perfect_drone_full_node-2] [INFO] [1789558464.402103402] [perfect_tracking]: [SENSOR_ACQUISITION_FRAME] frame=221 cycle=0 full=1 stamp_ns=1789558464397375611 width=900 height=445 readback_pixels=801000 conversion_rays=115200 generated_points=37831 bytes=1210592 half_angle_deg=45.000
[perfect_drone_full_node-2]  -- [TRAJ_GUARD_CERT] trigger=poly_publish status=SAFE gen=109 map=220 map_age=0.033s map_age_limit=0.500s motion_speed=6.815mps samples=200 range=[0.011,1.002] collision_tt=-1.000 ttc=-1.000 p=[0.000,0.000,0.000]
[perfect_drone_full_node-2] Publish local map size: 37831
[perfect_drone_full_node-2] [32m -- [Fsm 22.109] Current state: FOLLOW_TRAJ[0m
[perfect_drone_full_node-2]  -- [TRAJ_GUARD_CERT] trigger=main_pre status=SAFE gen=109 map=221 map_age=0.012s map_age_limit=0.500s motion_speed=6.428mps samples=184 range=[0.090,1.002] collision_tt=-1.000 ttc=-1.000 p=[0.000,0.000,0.000]
[perfect_drone_full_node-2]  -- [MARSIM] Running FPS: 222.320
[perfect_drone_full_node-2] [INFO] [1789558464.503773092] [perfect_tracking]: [SENSOR_ACQUISITION_FRAME] frame=222 cycle=0 full=1 stamp_ns=1789558464497431376 width=900 height=445 readback_pixels=801000 conversion_rays=115200 generated_points=39338 bytes=1258816 half_angle_deg=45.000
[perfect_drone_full_node-2] Publish local map size: 39338
[perfect_drone_full_node-2] [INFO] [1789558464.579206463] [fsm_node]:  -- [TRAJ_GUARD_COMMIT] phase=ReplanOnce/with_backup gen=110 map=222 samples=152 range=[0.024,0.773] escape=false footprint_egress=false escape_done_tt=-1.000
[perfect_drone_full_node-2]  -- [TRAJ_GUARD_CERT] trigger=main_pre status=SAFE gen=109 map=222 map_age=0.012s map_age_limit=0.500s motion_speed=6.192mps samples=164 range=[0.190,1.002] collision_tt=-1.000 ttc=-1.000 p=[0.000,0.000,0.000]
[perfect_drone_full_node-2] [32m -- [Fsm] ReplanOnce succeed.[0m
[perfect_drone_full_node-2] [INFO] [1789558464.600358033] [perfect_tracking]: [SENSOR_ACQUISITION_FRAME] frame=223 cycle=0 full=1 stamp_ns=1789558464597355019 width=900 height=445 readback_pixels=801000 conversion_rays=115200 generated_points=36383 bytes=1164256 half_angle_deg=45.000
[perfect_drone_full_node-2]  -- [TRAJ_GUARD_CERT] trigger=poly_publish status=SAFE gen=110 map=222 map_age=0.044s map_age_limit=0.500s motion_speed=6.338mps samples=151 range=[0.024,0.773] collision_tt=-1.000 ttc=-1.000 p=[0.000,0.000,0.000]
[perfect_drone_full_node-2] Publish local map size: 36383
[perfect_drone_full_node-2] [INFO] [1789558464.701716566] [perfect_tracking]: [SENSOR_ACQUISITION_FRAME] frame=224 cycle=0 full=1 stamp_ns=1789558464697393146 width=900 height=445 readback_pixels=801000 conversion_rays=115200 generated_points=27938 bytes=894016 half_angle_deg=45.000
[perfect_drone_full_node-2]  -- [TRAJ_GUARD_CERT] trigger=main_pre status=SAFE gen=110 map=223 map_age=0.014s map_age_limit=0.500s motion_speed=6.676mps samples=138 range=[0.092,0.773] collision_tt=-1.000 ttc=-1.000 p=[0.000,0.000,0.000]
[perfect_drone_full_node-2] Publish local map size: 27938
[perfect_drone_full_node-2] [INFO] [1789558464.706774545] [fsm_node]:  -- [TRAJ_GUARD_COMMIT] phase=ReplanOnce/with_backup gen=111 map=223 samples=247 range=[0.019,1.242] escape=false footprint_egress=false escape_done_tt=-1.000
[perfect_drone_full_node-2] [32m -- [Fsm] ReplanOnce succeed.[0m
[perfect_drone_full_node-2] [INFO] [1789558464.759083391] [fsm_node]:  -- [TRAJ_GUARD_COMMIT] phase=ReplanOnce/with_backup gen=112 map=224 samples=128 range=[0.006,0.633] escape=false footprint_egress=false escape_done_tt=-1.000
[perfect_drone_full_node-2]  -- [TRAJ_GUARD_CERT] trigger=poly_publish status=SAFE gen=111 map=223 map_age=0.074s map_age_limit=0.500s motion_speed=6.929mps samples=246 range=[0.019,1.242] collision_tt=-1.000 ttc=-1.000 p=[0.000,0.000,0.000]
[perfect_drone_full_node-2]  -- [TRAJ_GUARD_CERT] trigger=main_pre status=SAFE gen=111 map=224 map_age=0.014s map_age_limit=0.500s motion_speed=6.963mps samples=238 range=[0.060,1.242] collision_tt=-1.000 ttc=-1.000 p=[0.000,0.000,0.000]
[perfect_drone_full_node-2] [32m -- [Fsm] ReplanOnce succeed.[0m
[perfect_drone_full_node-2] [INFO] [1789558464.801939790] [perfect_tracking]: [SENSOR_ACQUISITION_FRAME] frame=225 cycle=0 full=1 stamp_ns=1789558464797284271 width=900 height=445 readback_pixels=801000 conversion_rays=115200 generated_points=35964 bytes=1150848 half_angle_deg=45.000
[perfect_drone_full_node-2]  -- [TRAJ_GUARD_CERT] trigger=poly_publish status=SAFE gen=112 map=224 map_age=0.026s map_age_limit=0.500s motion_speed=6.939mps samples=127 range=[0.006,0.633] collision_tt=-1.000 ttc=-1.000 p=[0.000,0.000,0.000]
[perfect_drone_full_node-2] Publish local map size: 35964
[perfect_drone_full_node-2] [INFO] [1789558464.852057234] [fsm_node]:  -- [TRAJ_GUARD_COMMIT] phase=ReplanOnce/with_backup gen=113 map=225 samples=171 range=[0.033,0.876] escape=false footprint_egress=false escape_done_tt=-1.000
[perfect_drone_full_node-2]  -- [TRAJ_GUARD_CERT] trigger=main_pre status=SAFE gen=112 map=225 map_age=0.011s map_age_limit=0.500s motion_speed=6.636mps samples=109 range=[0.094,0.633] collision_tt=-1.000 ttc=-1.000 p=[0.000,0.000,0.000]
[perfect_drone_full_node-2] [32m -- [Fsm] ReplanOnce succeed.[0m
[perfect_drone_full_node-2] [INFO] [1789558464.900265542] [perfect_tracking]: [SENSOR_ACQUISITION_FRAME] frame=226 cycle=0 full=1 stamp_ns=1789558464897292860 width=900 height=445 readback_pixels=801000 conversion_rays=115200 generated_points=38887 bytes=1244384 half_angle_deg=45.000
[perfect_drone_full_node-2]  -- [TRAJ_GUARD_CERT] trigger=poly_publish status=SAFE gen=113 map=225 map_age=0.016s map_age_limit=0.500s motion_speed=6.636mps samples=170 range=[0.033,0.876] collision_tt=-1.000 ttc=-1.000 p=[0.000,0.000,0.000]
[perfect_drone_full_node-2] Publish local map size: 38887
[waypoint_mission-1] [INFO] [1789558464.930759052] [waypoint_mission]: [MISSION_GOAL_IDENTITY] stamp_ns=1789558458900680590 new_intent=0 new_identity=0 supported=1 waypoint=2
[perfect_drone_full_node-2] [INFO] [1789558464.931229289] [fsm_node]:  -- [GOAL_RETRANSMIT_COALESCED] stamp_ns=1789558458900680590 generation=113 map=225 queued_revision=10 accepted_revision=9 coalesced_total=14
[perfect_drone_full_node-2] [INFO] [1789558465.003367890] [perfect_tracking]: [SENSOR_ACQUISITION_FRAME] frame=227 cycle=0 full=1 stamp_ns=1789558464997313585 width=900 height=445 readback_pixels=801000 conversion_rays=115200 generated_points=49493 bytes=1583776 half_angle_deg=45.000
[perfect_drone_full_node-2]  -- [TRAJ_GUARD_CERT] trigger=main_pre status=SAFE gen=113 map=226 map_age=0.013s map_age_limit=0.500s motion_speed=5.863mps samples=151 range=[0.128,0.876] collision_tt=-1.000 ttc=-1.000 p=[0.000,0.000,0.000]
[perfect_drone_full_node-2] Publish local map size: 49493
[perfect_drone_full_node-2] [WARN] [1789558465.029271733] [fsm_node]:  -- [TRAJ_GUARD_VIABILITY_SLOWDOWN] phase=ReplanOnce/with_backup gen=114 scale=1.250 retries=1
[perfect_drone_full_node-2] [INFO] [1789558465.029351058] [fsm_node]:  -- [TRAJ_GUARD_COMMIT] phase=ReplanOnce/with_backup gen=114 map=226 samples=313 range=[0.012,1.564] escape=false footprint_egress=false escape_done_tt=-1.000
[perfect_drone_full_node-2] [32m -- [Fsm] ReplanOnce succeed.[0m
[perfect_drone_full_node-2] [INFO] [1789558465.102269699] [perfect_tracking]: [SENSOR_ACQUISITION_FRAME] frame=228 cycle=0 full=1 stamp_ns=1789558465097290056 width=900 height=445 readback_pixels=801000 conversion_rays=115200 generated_points=39889 bytes=1276448 half_angle_deg=45.000
[perfect_drone_full_node-2]  -- [TRAJ_GUARD_CERT] trigger=poly_publish status=SAFE gen=114 map=226 map_age=0.095s map_age_limit=0.500s motion_speed=5.629mps samples=312 range=[0.012,1.564] collision_tt=-1.000 ttc=-1.000 p=[0.000,0.000,0.000]
[perfect_drone_full_node-2]  -- [TRAJ_GUARD_CERT] trigger=main_pre status=SAFE gen=114 map=227 map_age=0.009s map_age_limit=0.500s motion_speed=4.517mps samples=308 range=[0.030,1.564] collision_tt=-1.000 ttc=-1.000 p=[0.000,0.000,0.000]
[perfect_drone_full_node-2] Publish local map size: 39889
[perfect_drone_full_node-2] [INFO] [1789558465.201365702] [perfect_tracking]: [SENSOR_ACQUISITION_FRAME] frame=229 cycle=0 full=1 stamp_ns=1789558465197393884 width=900 height=445 readback_pixels=801000 conversion_rays=115200 generated_points=33966 bytes=1086912 half_angle_deg=45.000
[perfect_drone_full_node-2]  -- [TRAJ_GUARD_CERT] trigger=main_pre status=SAFE gen=114 map=228 map_age=0.006s map_age_limit=0.500s motion_speed=4.829mps samples=290 range=[0.120,1.564] collision_tt=-1.000 ttc=-1.000 p=[0.000,0.000,0.000]
[perfect_drone_full_node-2] Publish local map size: 33966
[perfect_drone_full_node-2] [INFO] [1789558465.222038885] [fsm_node]:  -- [TRAJ_GUARD_COMMIT] phase=ReplanOnce/with_backup gen=115 map=228 samples=257 range=[0.007,1.280] escape=false footprint_egress=false escape_done_tt=-1.000
[perfect_drone_full_node-2] [32m -- [Fsm] ReplanOnce succeed.[0m
[perfect_drone_full_node-2] [INFO] [1789558465.301268612] [perfect_tracking]: [SENSOR_ACQUISITION_FRAME] frame=230 cycle=0 full=1 stamp_ns=1789558465297344146 width=900 height=445 readback_pixels=801000 conversion_rays=115200 generated_points=32662 bytes=1045184 half_angle_deg=45.000
[perfect_drone_full_node-2]  -- [TRAJ_GUARD_CERT] trigger=poly_publish status=SAFE gen=115 map=228 map_age=0.090s map_age_limit=0.500s motion_speed=5.149mps samples=256 range=[0.007,1.280] collision_tt=-1.000 ttc=-1.000 p=[0.000,0.000,0.000]
[perfect_drone_full_node-2]  -- [TRAJ_GUARD_CERT] trigger=main_pre status=SAFE gen=115 map=229 map_age=0.008s map_age_limit=0.500s motion_speed=5.178mps samples=253 range=[0.022,1.280] collision_tt=-1.000 ttc=-1.000 p=[0.000,0.000,0.000]
[perfect_drone_full_node-2] Publish local map size: 32662
[perfect_drone_full_node-2] [INFO] [1789558465.402640176] [perfect_tracking]: [SENSOR_ACQUISITION_FRAME] frame=231 cycle=0 full=1 stamp_ns=1789558465397326218 width=900 height=445 readback_pixels=801000 conversion_rays=115200 generated_points=30824 bytes=986368 half_angle_deg=45.000
[perfect_drone_full_node-2]  -- [TRAJ_GUARD_CERT] trigger=main_pre status=SAFE gen=115 map=230 map_age=0.009s map_age_limit=0.500s motion_speed=5.424mps samples=233 range=[0.122,1.280] collision_tt=-1.000 ttc=-1.000 p=[0.000,0.000,0.000]
[perfect_drone_full_node-2] Publish local map size: 30824
[perfect_drone_full_node-2] [INFO] [1789558465.433251304] [fsm_node]:  -- [TRAJ_GUARD_COMMIT] phase=ReplanOnce/with_backup gen=116 map=230 samples=367 range=[0.020,1.844] escape=false footprint_egress=false escape_done_tt=-1.000
[perfect_drone_full_node-2] [32m -- [Fsm] ReplanOnce succeed.[0m
[perfect_drone_full_node-2]  -- [TRAJ_GUARD_CERT] trigger=poly_publish status=SAFE gen=116 map=230 map_age=0.105s map_age_limit=0.500s motion_speed=5.756mps samples=366 range=[0.020,1.844] collision_tt=-1.000 ttc=-1.000 p=[0.000,0.000,0.000]
[perfect_drone_full_node-2]  -- [TRAJ_GUARD_CERT] trigger=main_pre status=SAFE gen=116 map=231 map_age=0.008s map_age_limit=0.500s motion_speed=5.756mps samples=366 range=[0.024,1.844] collision_tt=-1.000 ttc=-1.000 p=[0.000,0.000,0.000]
[perfect_drone_full_node-2] [32m -- [Fsm 23.110] Current state: FOLLOW_TRAJ[0m
[perfect_drone_full_node-2] [INFO] [1789558465.502662078] [perfect_tracking]: [SENSOR_ACQUISITION_FRAME] frame=232 cycle=0 full=1 stamp_ns=1789558465497364600 width=900 height=445 readback_pixels=801000 conversion_rays=115200 generated_points=31299 bytes=1001568 half_angle_deg=45.000
[perfect_drone_full_node-2] Publish local map size: 31299
[perfect_drone_full_node-2] [INFO] [1789558465.602391785] [perfect_tracking]: [SENSOR_ACQUISITION_FRAME] frame=233 cycle=0 full=1 stamp_ns=1789558465597396653 width=900 height=445 readback_pixels=801000 conversion_rays=115200 generated_points=33749 bytes=1079968 half_angle_deg=45.000
[perfect_drone_full_node-2]  -- [TRAJ_GUARD_CERT] trigger=main_pre status=SAFE gen=116 map=232 map_age=0.008s map_age_limit=0.500s motion_speed=6.213mps samples=346 range=[0.124,1.844] collision_tt=-1.000 ttc=-1.000 p=[0.000,0.000,0.000]
[perfect_drone_full_node-2] Publish local map size: 33749
[perfect_drone_full_node-2] [INFO] [1789558465.635133033] [fsm_node]:  -- [TRAJ_GUARD_COMMIT] phase=ReplanOnce/with_backup gen=117 map=232 samples=237 range=[0.024,1.198] escape=false footprint_egress=false escape_done_tt=-1.000
[perfect_drone_full_node-2] [32m -- [Fsm] ReplanOnce succeed.[0m
[perfect_drone_full_node-2] [INFO] [1789558465.701559365] [perfect_tracking]: [SENSOR_ACQUISITION_FRAME] frame=234 cycle=0 full=1 stamp_ns=1789558465697289731 width=900 height=445 readback_pixels=801000 conversion_rays=115200 generated_points=27871 bytes=891872 half_angle_deg=45.000
[perfect_drone_full_node-2]  -- [TRAJ_GUARD_CERT] trigger=poly_publish status=SAFE gen=117 map=233 map_age=0.005s map_age_limit=0.500s motion_speed=6.618mps samples=236 range=[0.024,1.198] collision_tt=-1.000 ttc=-1.000 p=[0.000,0.000,0.000]
[perfect_drone_full_node-2] Publish local map size: 27871
[perfect_drone_full_node-2] [INFO] [1789558465.802482744] [perfect_tracking]: [SENSOR_ACQUISITION_FRAME] frame=235 cycle=0 full=1 stamp_ns=1789558465797322118 width=900 height=445 readback_pixels=801000 conversion_rays=115200 generated_points=27054 bytes=865728 half_angle_deg=45.000
[perfect_drone_full_node-2]  -- [TRAJ_GUARD_CERT] trigger=main_pre status=SAFE gen=117 map=234 map_age=0.010s map_age_limit=0.500s motion_speed=6.919mps samples=216 range=[0.126,1.198] collision_tt=-1.000 ttc=-1.000 p=[0.000,0.000,0.000]
[perfect_drone_full_node-2] Publish local map size: 27054
[perfect_drone_full_node-2] [INFO] [1789558465.833614034] [fsm_node]:  -- [TRAJ_GUARD_COMMIT] phase=ReplanOnce/with_backup gen=118 map=235 samples=232 range=[0.024,1.174] escape=false footprint_egress=false escape_done_tt=-1.000
[perfect_drone_full_node-2] [32m -- [Fsm] ReplanOnce succeed.[0m
[perfect_drone_full_node-2] [INFO] [1789558465.902425237] [perfect_tracking]: [SENSOR_ACQUISITION_FRAME] frame=236 cycle=0 full=1 stamp_ns=1789558465897402050 width=900 height=445 readback_pixels=801000 conversion_rays=115200 generated_points=23688 bytes=758016 half_angle_deg=45.000
[perfect_drone_full_node-2]  -- [TRAJ_GUARD_CERT] trigger=poly_publish status=SAFE gen=118 map=235 map_age=0.006s map_age_limit=0.500s motion_speed=6.994mps samples=231 range=[0.025,1.174] collision_tt=-1.000 ttc=-1.000 p=[0.000,0.000,0.000]
[perfect_drone_full_node-2] Publish local map size: 23688
[waypoint_mission-1] [INFO] [1789558465.940777283] [waypoint_mission]: [MISSION_GOAL_IDENTITY] stamp_ns=1789558458900680590 new_intent=0 new_identity=0 supported=1 waypoint=2
[perfect_drone_full_node-2] [INFO] [1789558465.941231749] [fsm_node]:  -- [GOAL_RETRANSMIT_COALESCED] stamp_ns=1789558458900680590 generation=118 map=236 queued_revision=10 accepted_revision=9 coalesced_total=15
[perfect_drone_full_node-2] [INFO] [1789558466.001967959] [perfect_tracking]: [SENSOR_ACQUISITION_FRAME] frame=237 cycle=0 full=1 stamp_ns=1789558465997426305 width=900 height=445 readback_pixels=801000 conversion_rays=115200 generated_points=24743 bytes=791776 half_angle_deg=45.000
[perfect_drone_full_node-2]  -- [TRAJ_GUARD_CERT] trigger=main_pre status=SAFE gen=118 map=236 map_age=0.006s map_age_limit=0.500s motion_speed=6.994mps samples=211 range=[0.128,1.174] collision_tt=-1.000 ttc=-1.000 p=[0.000,0.000,0.000]
[perfect_drone_full_node-2] Publish local map size: 24743
[perfect_drone_full_node-2] [INFO] [1789558466.033131772] [fsm_node]:  -- [TRAJ_GUARD_COMMIT] phase=ReplanOnce/with_backup gen=119 map=236 samples=240 range=[0.025,1.214] escape=false footprint_egress=false escape_done_tt=-1.000
[perfect_drone_full_node-2] [32m -- [Fsm] ReplanOnce succeed.[0m
[perfect_drone_full_node-2] [INFO] [1789558466.102361681] [perfect_tracking]: [SENSOR_ACQUISITION_FRAME] frame=238 cycle=0 full=1 stamp_ns=1789558466097306393 width=900 height=445 readback_pixels=801000 conversion_rays=115200 generated_points=37789 bytes=1209248 half_angle_deg=45.000
[perfect_drone_full_node-2]  -- [TRAJ_GUARD_CERT] trigger=poly_publish status=SAFE gen=119 map=236 map_age=0.102s map_age_limit=0.500s motion_speed=6.808mps samples=239 range=[0.026,1.214] collision_tt=-1.000 ttc=-1.000 p=[0.000,0.000,0.000]
[perfect_drone_full_node-2]  -- [TRAJ_GUARD_CERT] trigger=main_pre status=SAFE gen=119 map=237 map_age=0.013s map_age_limit=0.500s motion_speed=6.775mps samples=236 range=[0.040,1.214] collision_tt=-1.000 ttc=-1.000 p=[0.000,0.000,0.000]
[perfect_drone_full_node-2] Publish local map size: 37789
[perfect_drone_full_node-2] [INFO] [1789558466.201995828] [perfect_tracking]: [SENSOR_ACQUISITION_FRAME] frame=239 cycle=0 full=1 stamp_ns=1789558466197311816 width=900 height=445 readback_pixels=801000 conversion_rays=115200 generated_points=37122 bytes=1187904 half_angle_deg=45.000
[perfect_drone_full_node-2]  -- [TRAJ_GUARD_CERT] trigger=main_pre status=SAFE gen=119 map=238 map_age=0.012s map_age_limit=0.500s motion_speed=6.468mps samples=216 range=[0.140,1.214] collision_tt=-1.000 ttc=-1.000 p=[0.000,0.000,0.000]
[perfect_drone_full_node-2] Publish local map size: 37122
[perfect_drone_full_node-2] [INFO] [1789558466.219141946] [fsm_node]:  -- [TRAJ_GUARD_COMMIT] phase=ReplanOnce/with_backup gen=120 map=238 samples=192 range=[0.014,0.962] escape=false footprint_egress=false escape_done_tt=-1.000
[perfect_drone_full_node-2] [32m -- [Fsm] ReplanOnce succeed.[0m
[perfect_drone_full_node-2] [INFO] [1789558466.303000493] [perfect_tracking]: [SENSOR_ACQUISITION_FRAME] frame=240 cycle=0 full=1 stamp_ns=1789558466297333902 width=900 height=445 readback_pixels=801000 conversion_rays=115200 generated_points=37250 bytes=1192000 half_angle_deg=45.000
[perfect_drone_full_node-2]  -- [TRAJ_GUARD_CERT] trigger=poly_publish status=SAFE gen=120 map=238 map_age=0.084s map_age_limit=0.500s motion_speed=6.406mps samples=191 range=[0.014,0.962] collision_tt=-1.000 ttc=-1.000 p=[0.000,0.000,0.000]
[perfect_drone_full_node-2]  -- [TRAJ_GUARD_CERT] trigger=main_pre status=SAFE gen=120 map=239 map_age=0.012s map_age_limit=0.500s motion_speed=6.425mps samples=186 range=[0.042,0.962] collision_tt=-1.000 ttc=-1.000 p=[0.000,0.000,0.000]
[perfect_drone_full_node-2] Publish local map size: 37250
[perfect_drone_full_node-2] [INFO] [1789558466.402555265] [perfect_tracking]: [SENSOR_ACQUISITION_FRAME] frame=241 cycle=0 full=1 stamp_ns=1789558466397320369 width=900 height=445 readback_pixels=801000 conversion_rays=115200 generated_points=31555 bytes=1009760 half_angle_deg=45.000
[perfect_drone_full_node-2]  -- [TRAJ_GUARD_CERT] trigger=main_pre status=SAFE gen=120 map=240 map_age=0.009s map_age_limit=0.500s motion_speed=6.660mps samples=165 range=[0.142,0.962] collision_tt=-1.000 ttc=-1.000 p=[0.000,0.000,0.000]
[perfect_drone_full_node-2] Publish local map size: 31555
[perfect_drone_full_node-2] [WARN] [1789558466.425051832] [fsm_node]:  -- [TRAJ_GUARD_VIABILITY_SLOWDOWN] phase=ReplanOnce/with_backup gen=121 scale=1.250 retries=1
[perfect_drone_full_node-2] [INFO] [1789558466.425120198] [fsm_node]:  -- [TRAJ_GUARD_COMMIT] phase=ReplanOnce/with_backup gen=121 map=240 samples=186 range=[0.022,0.939] escape=false footprint_egress=false escape_done_tt=-1.000
[perfect_drone_full_node-2] [32m -- [Fsm] ReplanOnce succeed.[0m
[perfect_drone_full_node-2]  -- [TRAJ_GUARD_CERT] trigger=poly_publish status=SAFE gen=121 map=240 map_age=0.087s map_age_limit=0.500s motion_speed=6.745mps samples=185 range=[0.022,0.939] collision_tt=-1.000 ttc=-1.000 p=[0.000,0.000,0.000]
[perfect_drone_full_node-2] [32m -- [Fsm 24.119] Current state: FOLLOW_TRAJ[0m
[perfect_drone_full_node-2] [INFO] [1789558466.501769963] [perfect_tracking]: [SENSOR_ACQUISITION_FRAME] frame=242 cycle=0 full=1 stamp_ns=1789558466497426239 width=900 height=445 readback_pixels=801000 conversion_rays=115200 generated_points=27284 bytes=873088 half_angle_deg=45.000
[perfect_drone_full_node-2]  -- [TRAJ_GUARD_CERT] trigger=main_pre status=SAFE gen=121 map=241 map_age=0.015s map_age_limit=0.500s motion_speed=5.367mps samples=178 range=[0.054,0.939] collision_tt=-1.000 ttc=-1.000 p=[0.000,0.000,0.000]
[perfect_drone_full_node-2] Publish local map size: 27284
[perfect_drone_full_node-2] [INFO] [1789558466.602269035] [perfect_tracking]: [SENSOR_ACQUISITION_FRAME] frame=243 cycle=0 full=1 stamp_ns=1789558466597328770 width=900 height=445 readback_pixels=801000 conversion_rays=115200 generated_points=28829 bytes=922528 half_angle_deg=45.000
[perfect_drone_full_node-2]  -- [TRAJ_GUARD_CERT] trigger=main_pre status=SAFE gen=121 map=242 map_age=0.006s map_age_limit=0.500s motion_speed=5.153mps samples=162 range=[0.134,0.939] collision_tt=-1.000 ttc=-1.000 p=[0.000,0.000,0.000]
[perfect_drone_full_node-2] Publish local map size: 28829
[perfect_drone_full_node-2] [INFO] [1789558466.623178133] [fsm_node]:  -- [TRAJ_GUARD_COMMIT] phase=ReplanOnce/with_backup gen=122 map=242 samples=218 range=[0.022,1.100] escape=false footprint_egress=false escape_done_tt=-1.000
[perfect_drone_full_node-2] [32m -- [Fsm] ReplanOnce succeed.[0m
[perfect_drone_full_node-2] [INFO] [1789558466.700046616] [perfect_tracking]: [SENSOR_ACQUISITION_FRAME] frame=244 cycle=0 full=1 stamp_ns=1789558466697337280 width=900 height=445 readback_pixels=801000 conversion_rays=115200 generated_points=32395 bytes=1036640 half_angle_deg=45.000
[perfect_drone_full_node-2]  -- [TRAJ_GUARD_CERT] trigger=poly_publish status=SAFE gen=122 map=242 map_age=0.092s map_age_limit=0.500s motion_speed=4.741mps samples=217 range=[0.022,1.100] collision_tt=-1.000 ttc=-1.000 p=[0.000,0.000,0.000]
[perfect_drone_full_node-2]  -- [TRAJ_GUARD_CERT] trigger=main_pre status=SAFE gen=122 map=243 map_age=0.014s map_age_limit=0.500s motion_speed=4.636mps samples=212 range=[0.046,1.100] collision_tt=-1.000 ttc=-1.000 p=[0.000,0.000,0.000]
[perfect_drone_full_node-2] Publish local map size: 32395
[perfect_drone_full_node-2]  -- [TRAJ_GUARD_CERT] trigger=main_pre status=SAFE gen=122 map=244 map_age=0.016s map_age_limit=0.500s motion_speed=4.164mps samples=192 range=[0.146,1.100] collision_tt=-1.000 ttc=-1.000 p=[0.000,0.000,0.000]
[perfect_drone_full_node-2]  -- [MARSIM] Running FPS: 226.145817190741724
[perfect_drone_full_node-2] [INFO] [1789558466.802948563] [perfect_tracking]: [SENSOR_ACQUISITION_FRAME] frame=245 cycle=0 full=1 stamp_ns=1789558466797394003 width=900 height=445 readback_pixels=801000 conversion_rays=115200 generated_points=36241 bytes=1159712 half_angle_deg=45.000
[perfect_drone_full_node-2] Publish local map size: 36241
[perfect_drone_full_node-2] [INFO] [1789558466.810665194] [fsm_node]:  -- [TRAJ_GUARD_COMMIT] phase=ReplanOnce/no_backup gen=123 map=244 samples=243 range=[0.011,1.213] escape=false footprint_egress=false escape_done_tt=-1.000
[perfect_drone_full_node-2] [32m -- [Fsm] ReplanOnce succeed.[0m
[perfect_drone_full_node-2] [INFO] [1789558466.903316999] [perfect_tracking]: [SENSOR_ACQUISITION_FRAME] frame=246 cycle=0 full=1 stamp_ns=1789558466897364595 width=900 height=445 readback_pixels=801000 conversion_rays=115200 generated_points=32241 bytes=1031712 half_angle_deg=45.000
[perfect_drone_full_node-2]  -- [TRAJ_GUARD_CERT] trigger=poly_publish status=SAFE gen=123 map=244 map_age=0.080s map_age_limit=0.500s motion_speed=4.086mps samples=242 range=[0.011,1.213] collision_tt=-1.000 ttc=-1.000 p=[0.000,0.000,0.000]
[perfect_drone_full_node-2]  -- [TRAJ_GUARD_CERT] trigger=main_pre status=SAFE gen=123 map=245 map_age=0.009s map_age_limit=0.500s motion_speed=4.192mps samples=234 range=[0.048,1.213] collision_tt=-1.000 ttc=-1.000 p=[0.000,0.000,0.000]
[perfect_drone_full_node-2] Publish local map size: 32241
[waypoint_mission-1] [INFO] [1789558466.950664976] [waypoint_mission]: [MISSION_GOAL_IDENTITY] stamp_ns=1789558458900680590 new_intent=0 new_identity=0 supported=1 waypoint=2
[perfect_drone_full_node-2] [INFO] [1789558466.950980882] [fsm_node]:  -- [GOAL_RETRANSMIT_COALESCED] stamp_ns=1789558458900680590 generation=123 map=246 queued_revision=10 accepted_revision=9 coalesced_total=16
[perfect_drone_full_node-2] [INFO] [1789558467.002862238] [perfect_tracking]: [SENSOR_ACQUISITION_FRAME] frame=247 cycle=0 full=1 stamp_ns=1789558466997314672 width=900 height=445 readback_pixels=801000 conversion_rays=115200 generated_points=30935 bytes=989920 half_angle_deg=45.000
[perfect_drone_full_node-2]  -- [TRAJ_GUARD_CERT] trigger=main_pre status=SAFE gen=123 map=246 map_age=0.011s map_age_limit=0.500s motion_speed=5.123mps samples=214 range=[0.148,1.213] collision_tt=-1.000 ttc=-1.000 p=[0.000,0.000,0.000]
[perfect_drone_full_node-2] Publish local map size: 30935
[perfect_drone_full_node-2] [INFO] [1789558467.006559727] [fsm_node]:  -- [TRAJ_GUARD_COMMIT] phase=ReplanOnce/no_backup gen=124 map=246 samples=211 range=[0.009,1.053] escape=false footprint_egress=false escape_done_tt=-1.000
[perfect_drone_full_node-2] [32m -- [Fsm] ReplanOnce succeed.[0m
[perfect_drone_full_node-2] [INFO] [1789558467.102086757] [perfect_tracking]: [SENSOR_ACQUISITION_FRAME] frame=248 cycle=0 full=1 stamp_ns=1789558467097321693 width=900 height=445 readback_pixels=801000 conversion_rays=115200 generated_points=26588 bytes=850816 half_angle_deg=45.000
[perfect_drone_full_node-2]  -- [TRAJ_GUARD_CERT] trigger=poly_publish status=SAFE gen=124 map=246 map_age=0.070s map_age_limit=0.500s motion_speed=5.840mps samples=210 range=[0.009,1.053] collision_tt=-1.000 ttc=-1.000 p=[0.000,0.000,0.000]
[perfect_drone_full_node-2]  -- [TRAJ_GUARD_CERT] trigger=main_pre status=SAFE gen=124 map=247 map_age=0.014s map_age_limit=0.500s motion_speed=6.246mps samples=202 range=[0.050,1.053] collision_tt=-1.000 ttc=-1.000 p=[0.000,0.000,0.000]
[perfect_drone_full_node-2] Publish local map size: 26588
[perfect_drone_full_node-2] [INFO] [1789558467.201952102] [perfect_tracking]: [SENSOR_ACQUISITION_FRAME] frame=249 cycle=0 full=1 stamp_ns=1789558467197337066 width=900 height=445 readback_pixels=801000 conversion_rays=115200 generated_points=20680 bytes=661760 half_angle_deg=45.000
[perfect_drone_full_node-2]  -- [TRAJ_GUARD_CERT] trigger=main_pre status=SAFE gen=124 map=248 map_age=0.013s map_age_limit=0.500s motion_speed=6.833mps samples=182 range=[0.150,1.053] collision_tt=-1.000 ttc=-1.000 p=[0.000,0.000,0.000]
[perfect_drone_full_node-2] Publish local map size: 20680
[perfect_drone_full_node-2] [INFO] [1789558467.202511330] [fsm_node]:  -- [TRAJ_GUARD_COMMIT] phase=ReplanOnce/no_backup gen=125 map=248 samples=187 range=[0.007,0.930] escape=false footprint_egress=false escape_done_tt=-1.000
[perfect_drone_full_node-2] [32m -- [Fsm] ReplanOnce succeed.[0m
[perfect_drone_full_node-2] [INFO] [1789558467.302210129] [perfect_tracking]: [SENSOR_ACQUISITION_FRAME] frame=250 cycle=0 full=1 stamp_ns=1789558467297426144 width=900 height=445 readback_pixels=801000 conversion_rays=115200 generated_points=20716 bytes=662912 half_angle_deg=45.000
[perfect_drone_full_node-2] [INFO] [1789558467.302315117] [perfect_tracking]: [STATIC_PC_LATCHED_SUMMARY] enabled=1 publications=1 points=635500 bytes=20336000 stamp_ns=1789558442314527267 timers_created=0 poll_callbacks=0
[perfect_drone_full_node-2] [INFO] [1789558467.302330304] [perfect_tracking]: [SENSOR_CADENCE_SUMMARY] frames=250 span_s=24.899995 hz=10.000002 raw_published=0 direct_handoffs=250 payload_bytes=235553984 side_entry_v1_enabled=0 side_entry_v1_spawned=0 side_entry_v1_injected_frames=0
[perfect_drone_full_node-2] [INFO] [1789558467.302347930] [perfect_tracking]: [SENSOR_BURST_DROPOUT_SUMMARY] enabled=0 warmup_s=1.000000 period_s=2.000000 duration_s=0.500000 phase_s=0.000000 phase_env_override=0 rendered=250 delivered=250 dropped=0 bursts=0 max_consecutive_dropped=0 max_delivered_gap_s=0.108116 dropped_payload_bytes=0
[perfect_drone_full_node-2]  -- [TRAJ_GUARD_CERT] trigger=poly_publish status=SAFE gen=125 map=248 map_age=0.069s map_age_limit=0.500s motion_speed=6.908mps samples=186 range=[0.007,0.930] collision_tt=-1.000 ttc=-1.000 p=[0.000,0.000,0.000]
[perfect_drone_full_node-2]  -- [TRAJ_GUARD_CERT] trigger=main_pre status=SAFE gen=125 map=249 map_age=0.007s map_age_limit=0.500s motion_speed=6.878mps samples=179 range=[0.042,0.930] collision_tt=-1.000 ttc=-1.000 p=[0.000,0.000,0.000]
[perfect_drone_full_node-2] Publish local map size: 20716
[perfect_drone_full_node-2] [THREAD_CPU_PROFILE] version=1 pid=3372018 steady_ns=1070303219938673 final=0 stage=map_cloud_enqueue calls=250 inclusive_cpu_s=0.001538292 exclusive_cpu_s=0.001538292 clock_errors=0
[perfect_drone_full_node-2] [THREAD_CPU_PROFILE] version=1 pid=3372018 steady_ns=1070303219938673 final=0 stage=map_worker calls=249 inclusive_cpu_s=9.275892928 exclusive_cpu_s=0.001876871 clock_errors=0
[perfect_drone_full_node-2] [THREAD_CPU_PROFILE] version=1 pid=3372018 steady_ns=1070303219938673 final=0 stage=map_ros_to_pcl calls=250 inclusive_cpu_s=0.160187694 exclusive_cpu_s=0.160187694 clock_errors=0
[perfect_drone_full_node-2] [THREAD_CPU_PROFILE] version=1 pid=3372018 steady_ns=1070303219938673 final=0 stage=map_prob_update calls=250 inclusive_cpu_s=7.749260010 exclusive_cpu_s=7.749260010 clock_errors=0
[perfect_drone_full_node-2] [THREAD_CPU_PROFILE] version=1 pid=3372018 steady_ns=1070303219938673 final=0 stage=map_snapshot_commit_health calls=249 inclusive_cpu_s=1.378997937 exclusive_cpu_s=1.378997937 clock_errors=0
[perfect_drone_full_node-2] [THREAD_CPU_PROFILE] version=1 pid=3372018 steady_ns=1070303219938673 final=0 stage=map_ack_and_log calls=249 inclusive_cpu_s=0.018347941 exclusive_cpu_s=0.018347941 clock_errors=0
[perfect_drone_full_node-2] [THREAD_CPU_PROFILE] version=1 pid=3372018 steady_ns=1070303219938673 final=0 stage=fsm_main_callback calls=2500 inclusive_cpu_s=0.109094804 exclusive_cpu_s=0.013081880 clock_errors=0
[perfect_drone_full_node-2] [THREAD_CPU_PROFILE] version=1 pid=3372018 steady_ns=1070303219938673 final=0 stage=fsm_main_core calls=2500 inclusive_cpu_s=0.050832765 exclusive_cpu_s=0.009606613 clock_errors=0
[perfect_drone_full_node-2] [THREAD_CPU_PROFILE] version=1 pid=3372018 steady_ns=1070303219938673 final=0 stage=fsm_replan_callback calls=380 inclusive_cpu_s=3.554068885 exclusive_cpu_s=0.006431033 clock_errors=0
[perfect_drone_full_node-2] [THREAD_CPU_PROFILE] version=1 pid=3372018 steady_ns=1070303219938673 final=0 stage=fsm_replan_core calls=175 inclusive_cpu_s=3.509691174 exclusive_cpu_s=0.007178470 clock_errors=0
[perfect_drone_full_node-2] [THREAD_CPU_PROFILE] version=1 pid=3372018 steady_ns=1070303219938673 final=0 stage=fsm_command_callback calls=2501 inclusive_cpu_s=0.175009645 exclusive_cpu_s=0.175009645 clock_errors=0
[perfect_drone_full_node-2] [THREAD_CPU_PROFILE] version=1 pid=3372018 steady_ns=1070303219938673 final=0 stage=guard_certificate calls=5045 inclusive_cpu_s=0.052637916 exclusive_cpu_s=0.025328448 clock_errors=0
[perfect_drone_full_node-2] [THREAD_CPU_PROFILE] version=1 pid=3372018 steady_ns=1070303219938673 final=0 stage=planner_generate_exp calls=159 inclusive_cpu_s=2.225753046 exclusive_cpu_s=0.012039072 clock_errors=0
[perfect_drone_full_node-2] [THREAD_CPU_PROFILE] version=1 pid=3372018 steady_ns=1070303219938673 final=0 stage=planner_generate_backup calls=158 inclusive_cpu_s=1.252849959 exclusive_cpu_s=0.453263352 clock_errors=0
[perfect_drone_full_node-2] [THREAD_CPU_PROFILE] version=1 pid=3372018 steady_ns=1070303219938673 final=0 stage=planner_commit calls=157 inclusive_cpu_s=0.041894245 exclusive_cpu_s=0.011904970 clock_errors=0
[perfect_drone_full_node-2] [THREAD_CPU_PROFILE] version=1 pid=3372018 steady_ns=1070303219938673 final=0 stage=planner_validate_geometry calls=2070 inclusive_cpu_s=0.087467115 exclusive_cpu_s=0.087467115 clock_errors=0
[perfect_drone_full_node-2] [THREAD_CPU_PROFILE] version=1 pid=3372018 steady_ns=1070303219938673 final=0 stage=planner_stop_viability calls=291 inclusive_cpu_s=0.056276973 exclusive_cpu_s=0.006305582 clock_errors=0
[perfect_drone_full_node-2] [THREAD_CPU_PROFILE] version=1 pid=3372018 steady_ns=1070303219938673 final=0 stage=planner_path_search calls=147 inclusive_cpu_s=0.423984963 exclusive_cpu_s=0.423984963 clock_errors=0
[perfect_drone_full_node-2] [THREAD_CPU_PROFILE] version=1 pid=3372018 steady_ns=1070303219938673 final=0 stage=planner_exp_optimize calls=156 inclusive_cpu_s=1.528345473 exclusive_cpu_s=1.528345473 clock_errors=0
[perfect_drone_full_node-2] [THREAD_CPU_PROFILE] version=1 pid=3372018 steady_ns=1070303219938673 final=0 stage=planner_backup_optimize calls=144 inclusive_cpu_s=0.799586607 exclusive_cpu_s=0.799586607 clock_errors=0
[perfect_drone_full_node-2] [THREAD_CPU_PROFILE] version=1 pid=3372018 steady_ns=1070303219938673 final=0 stage=planner_corridor_search calls=156 inclusive_cpu_s=0.261383538 exclusive_cpu_s=0.261383538 clock_errors=0
[perfect_drone_full_node-2] [THREAD_CPU_PROFILE] version=1 pid=3372018 steady_ns=1070303219938673 final=0 stage=planner_velocity_extrema calls=283 inclusive_cpu_s=0.002398252 exclusive_cpu_s=0.002398252 clock_errors=0
[perfect_drone_full_node-2] [THREAD_CPU_PROFILE] version=1 pid=3372018 steady_ns=1070303219938673 final=0 stage=planner_visualize_path calls=2380 inclusive_cpu_s=0.013955653 exclusive_cpu_s=0.013955653 clock_errors=0
[perfect_drone_full_node-2] [THREAD_CPU_PROFILE] version=1 pid=3372018 steady_ns=1070303219938673 final=0 stage=fsm_poly_publish calls=125 inclusive_cpu_s=0.009285953 exclusive_cpu_s=0.000902668 clock_errors=0
[perfect_drone_full_node-2] [THREAD_CPU_PROFILE] version=1 pid=3372018 steady_ns=1070303219938673 final=0 stage=sim_odom_callback calls=2501 inclusive_cpu_s=0.245306607 exclusive_cpu_s=0.245306607 clock_errors=0
[perfect_drone_full_node-2] [THREAD_CPU_PROFILE] version=1 pid=3372018 steady_ns=1070303219938673 final=0 stage=sim_render_callback calls=250 inclusive_cpu_s=1.112636984 exclusive_cpu_s=1.111098692 clock_errors=0
[perfect_drone_full_node-2] [THREAD_CPU_PROFILE] version=1 pid=3372018 steady_ns=1070303219938673 final=0 stage=map_odom_callback calls=2371 inclusive_cpu_s=0.018695076 exclusive_cpu_s=0.018695076 clock_errors=0
[perfect_drone_full_node-2] [INFO] [1789558467.396953542] [fsm_node]:  -- [TRAJ_GUARD_COMMIT] phase=ReplanOnce/no_backup gen=126 map=250 samples=140 range=[0.003,0.689] escape=false footprint_egress=false escape_done_tt=-1.000
[perfect_drone_full_node-2]  -- [TRAJ_GUARD_CERT] trigger=main_pre status=SAFE gen=125 map=250 map_age=0.012s map_age_limit=0.500s motion_speed=6.505mps samples=157 range=[0.152,0.930] collision_tt=-1.000 ttc=-1.000 p=[0.000,0.000,0.000]
[perfect_drone_full_node-2] [32m -- [Fsm] ReplanOnce succeed.[0m
[perfect_drone_full_node-2] [INFO] [1789558467.400893078] [perfect_tracking]: [SENSOR_ACQUISITION_FRAME] frame=251 cycle=0 full=1 stamp_ns=1789558467397305269 width=900 height=445 readback_pixels=801000 conversion_rays=115200 generated_points=34577 bytes=1106464 half_angle_deg=45.000
[perfect_drone_full_node-2]  -- [TRAJ_GUARD_CERT] trigger=poly_publish status=SAFE gen=126 map=250 map_age=0.062s map_age_limit=0.500s motion_speed=6.339mps samples=139 range=[0.004,0.689] collision_tt=-1.000 ttc=-1.000 p=[0.000,0.000,0.000]
[perfect_drone_full_node-2] Publish local map size: 34577
[perfect_drone_full_node-2]  -- [TRAJ_GUARD_CERT] trigger=main_pre status=SAFE gen=126 map=251 map_age=0.013s map_age_limit=0.500s motion_speed=6.230mps samples=129 range=[0.054,0.689] collision_tt=-1.000 ttc=-1.000 p=[0.000,0.000,0.000]
[perfect_drone_full_node-2] [32m -- [Fsm 25.119] Current state: FOLLOW_TRAJ[0m
[perfect_drone_full_node-2] [INFO] [1789558467.503293114] [perfect_tracking]: [SENSOR_ACQUISITION_FRAME] frame=252 cycle=0 full=1 stamp_ns=1789558467497455466 width=900 height=445 readback_pixels=801000 conversion_rays=115200 generated_points=31904 bytes=1020928 half_angle_deg=45.000
[perfect_drone_full_node-2] Publish local map size: 31904
[waypoint_mission-1] [INFO] [1789558467.550892871] [waypoint_mission]: [MISSION_GOAL_IDENTITY] stamp_ns=1789558467550889581 new_intent=1 new_identity=1 supported=1 waypoint=3
[perfect_drone_full_node-2]  -- [TRAJ_GUARD_CERT] trigger=main_pre status=SAFE gen=126 map=252 map_age=0.012s map_age_limit=0.500s motion_speed=5.935mps samples=109 range=[0.154,0.689] collision_tt=-1.000 ttc=-1.000 p=[0.000,0.000,0.000]
[perfect_drone_full_node-2] [32m -- [Fsm] Get goal at [0m 24.025 -23.975   1.525
[perfect_drone_full_node-2] [32m -- [Fsm] Receive click goal at: [ 24.025 -23.975   1.525]; goal yaw: 0.000 deg[0m
[perfect_drone_full_node-2] [INFO] [1789558467.591287038] [fsm_node]:  -- [DEMAND_REPLAN] checks=379 skips=202 renewals=155 reason=NEW_GOAL gen=126 map=252 required_until=0.000 checked_until=0.689
[perfect_drone_full_node-2] [INFO] [1789558467.591396191] [fsm_node]:  -- [DEMAND_REPLAN_REASONS] checks=379 counted=379 max_dispatch_interval=0.25 final_counts=DISABLED=0,INVALID_POLICY=0,NOT_ORDINARY=17,NEW_GOAL=22,RECOVERY_PENDING=0,SAFETY_PENDING=0,FAILURE_OR_REJECTION=19,NO_SUCCESSFUL_LEASE=0,STALE_OR_UNCERTIFIED_MAP=5,TRAJECTORY_MISMATCH=0,CLOCK_INVALID=0,DISPATCH_DEADLINE=96,ON_BACKUP=1,INSUFFICIENT_GEOMETRY=1,INSUFFICIENT_MOTION_HORIZON=8,NEED_VIABILITY_RENEWAL=0,VIABILITY_RENEWAL_REJECTED=8,EVIDENCE_CHANGED=0,SKIP=202
[perfect_drone_full_node-2] [INFO] [1789558467.602452254] [perfect_tracking]: [SENSOR_ACQUISITION_FRAME] frame=253 cycle=0 full=1 stamp_ns=1789558467597429585 width=900 height=445 readback_pixels=801000 conversion_rays=115200 generated_points=30174 bytes=965568 half_angle_deg=45.000
[perfect_drone_full_node-2] Publish local map size: 30174
[perfect_drone_full_node-2] [INFO] [1789558467.628325179] [fsm_node]:  -- [TRAJ_GUARD_COMMIT] phase=ReplanOnce/with_backup gen=127 map=252 samples=338 range=[0.037,1.715] escape=false footprint_egress=false escape_done_tt=-1.000
[perfect_drone_full_node-2] [32m -- [Fsm] ReplanOnce succeed.[0m
[perfect_drone_full_node-2] [INFO] [1789558467.673920179] [fsm_node]:  -- [TRAJ_GUARD_COMMIT] phase=ReplanOnce/with_backup gen=128 map=253 samples=312 range=[0.016,1.562] escape=false footprint_egress=false escape_done_tt=-1.000
[perfect_drone_full_node-2]  -- [TRAJ_GUARD_CERT] trigger=poly_publish status=SAFE gen=127 map=252 map_age=0.093s map_age_limit=0.500s motion_speed=5.236mps samples=337 range=[0.037,1.715] collision_tt=-1.000 ttc=-1.000 p=[0.000,0.000,0.000]
[perfect_drone_full_node-2]  -- [TRAJ_GUARD_CERT] trigger=main_pre status=SAFE gen=127 map=253 map_age=0.012s map_age_limit=0.500s motion_speed=5.137mps samples=333 range=[0.056,1.715] collision_tt=-1.000 ttc=-1.000 p=[0.000,0.000,0.000]
[perfect_drone_full_node-2] [32m -- [Fsm] ReplanOnce succeed.[0m
[perfect_drone_full_node-2] [INFO] [1789558467.701224819] [perfect_tracking]: [SENSOR_ACQUISITION_FRAME] frame=254 cycle=0 full=1 stamp_ns=1789558467697365065 width=900 height=445 readback_pixels=801000 conversion_rays=115200 generated_points=22509 bytes=720288 half_angle_deg=45.000
[perfect_drone_full_node-2]  -- [TRAJ_GUARD_CERT] trigger=poly_publish status=SAFE gen=128 map=253 map_age=0.039s map_age_limit=0.500s motion_speed=4.825mps samples=311 range=[0.016,1.562] collision_tt=-1.000 ttc=-1.000 p=[0.000,0.000,0.000]
[perfect_drone_full_node-2] Publish local map size: 22509
[perfect_drone_full_node-2] [INFO] [1789558467.803285085] [perfect_tracking]: [SENSOR_ACQUISITION_FRAME] frame=255 cycle=0 full=1 stamp_ns=1789558467797357820 width=900 height=445 readback_pixels=801000 conversion_rays=115200 generated_points=19534 bytes=625088 half_angle_deg=45.000
[perfect_drone_full_node-2]  -- [TRAJ_GUARD_CERT] trigger=main_pre status=SAFE gen=128 map=254 map_age=0.004s map_age_limit=0.500s motion_speed=4.132mps samples=298 range=[0.080,1.562] collision_tt=-1.000 ttc=-1.000 p=[0.000,0.000,0.000]
[perfect_drone_full_node-2] Publish local map size: 19534
[perfect_drone_full_node-2] [WARN] [1789558467.864360050] [fsm_node]:  -- [TRAJ_GUARD_VIABILITY_SLOWDOWN] phase=ReplanOnce/with_backup gen=129 scale=1.250 retries=1
[perfect_drone_full_node-2] [INFO] [1789558467.864424798] [fsm_node]:  -- [TRAJ_GUARD_COMMIT] phase=ReplanOnce/with_backup gen=129 map=255 samples=358 range=[0.009,1.784] escape=false footprint_egress=false escape_done_tt=-1.000
[perfect_drone_full_node-2]  -- [TRAJ_GUARD_CERT] trigger=main_pre status=SAFE gen=128 map=255 map_age=0.010s map_age_limit=0.530s motion_speed=2.894mps samples=276 range=[0.190,1.562] collision_tt=-1.000 ttc=-1.000 p=[0.000,0.000,0.000]
[perfect_drone_full_node-2] [32m -- [Fsm] ReplanOnce succeed.[0m
[perfect_drone_full_node-2] [INFO] [1789558467.902248567] [perfect_tracking]: [SENSOR_ACQUISITION_FRAME] frame=256 cycle=0 full=1 stamp_ns=1789558467897461104 width=900 height=445 readback_pixels=801000 conversion_rays=115200 generated_points=17728 bytes=567296 half_angle_deg=45.000
[perfect_drone_full_node-2]  -- [TRAJ_GUARD_CERT] trigger=poly_publish status=SAFE gen=129 map=255 map_age=0.027s map_age_limit=0.539s motion_speed=2.728mps samples=356 range=[0.009,1.784] collision_tt=-1.000 ttc=-1.000 p=[0.000,0.000,0.000]
[perfect_drone_full_node-2] Publish local map size: 17728
[perfect_drone_full_node-2] [INFO] [1789558468.003031825] [perfect_tracking]: [SENSOR_ACQUISITION_FRAME] frame=257 cycle=0 full=1 stamp_ns=1789558467997470839 width=900 height=445 readback_pixels=801000 conversion_rays=115200 generated_points=17249 bytes=551968 half_angle_deg=45.000
[perfect_drone_full_node-2]  -- [TRAJ_GUARD_CERT] trigger=main_pre status=SAFE gen=129 map=256 map_age=0.004s map_age_limit=0.550s motion_speed=1.991mps samples=342 range=[0.082,1.784] collision_tt=-1.000 ttc=-1.000 p=[0.000,0.000,0.000]
[perfect_drone_full_node-2] Publish local map size: 17249
[perfect_drone_full_node-2] [INFO] [1789558468.063648094] [fsm_node]:  -- [TRAJ_GUARD_COMMIT] phase=ReplanOnce/with_backup gen=130 map=257 samples=277 range=[0.010,1.380] escape=false footprint_egress=false escape_done_tt=-1.000
[perfect_drone_full_node-2]  -- [TRAJ_GUARD_CERT] trigger=main_pre status=SAFE gen=129 map=257 map_age=0.003s map_age_limit=0.550s motion_speed=2.363mps samples=322 range=[0.182,1.784] collision_tt=-1.000 ttc=-1.000 p=[0.000,0.000,0.000]
[perfect_drone_full_node-2] [32m -- [Fsm] ReplanOnce succeed.[0m
[perfect_drone_full_node-2] [INFO] [1789558468.102647445] [perfect_tracking]: [SENSOR_ACQUISITION_FRAME] frame=258 cycle=0 full=1 stamp_ns=1789558468097373180 width=900 height=445 readback_pixels=801000 conversion_rays=115200 generated_points=16615 bytes=531680 half_angle_deg=45.000
[perfect_drone_full_node-2]  -- [TRAJ_GUARD_CERT] trigger=poly_publish status=SAFE gen=130 map=257 map_age=0.030s map_age_limit=0.545s motion_speed=2.607mps samples=276 range=[0.010,1.380] collision_tt=-1.000 ttc=-1.000 p=[0.000,0.000,0.000]
[perfect_drone_full_node-2] Publish local map size: 16615
[perfect_drone_full_node-2] [INFO] [1789558468.201494229] [perfect_tracking]: [SENSOR_ACQUISITION_FRAME] frame=259 cycle=0 full=1 stamp_ns=1789558468197441876 width=900 height=445 readback_pixels=801000 conversion_rays=115200 generated_points=16242 bytes=519744 half_angle_deg=45.000
[perfect_drone_full_node-2]  -- [TRAJ_GUARD_CERT] trigger=main_pre status=SAFE gen=130 map=258 map_age=0.012s map_age_limit=0.505s motion_speed=3.407mps samples=259 range=[0.094,1.380] collision_tt=-1.000 ttc=-1.000 p=[0.000,0.000,0.000]
[perfect_drone_full_node-2] Publish local map size: 16242
[perfect_drone_full_node-2] [INFO] [1789558468.202615559] [fsm_node]:  -- [TRAJ_GUARD_COMMIT] phase=ReplanOnce/with_backup gen=131 map=258 samples=262 range=[0.017,1.316] escape=false footprint_egress=false escape_done_tt=-1.000
[perfect_drone_full_node-2] [32m -- [Fsm] ReplanOnce succeed.[0m
[perfect_drone_full_node-2] [INFO] [1789558468.268776107] [fsm_node]:  -- [TRAJ_GUARD_COMMIT] phase=ReplanOnce/with_backup gen=132 map=259 samples=268 range=[0.017,1.342] escape=false footprint_egress=false escape_done_tt=-1.000
[perfect_drone_full_node-2]  -- [TRAJ_GUARD_CERT] trigger=poly_publish status=SAFE gen=131 map=258 map_age=0.067s map_age_limit=0.500s motion_speed=4.046mps samples=261 range=[0.017,1.316] collision_tt=-1.000 ttc=-1.000 p=[0.000,0.000,0.000]
[perfect_drone_full_node-2]  -- [TRAJ_GUARD_CERT] trigger=main_pre status=SAFE gen=131 map=259 map_age=0.102s map_age_limit=0.500s motion_speed=4.378mps samples=254 range=[0.052,1.316] collision_tt=-1.000 ttc=-1.000 p=[0.000,0.000,0.000]
[perfect_drone_full_node-2] [32m -- [Fsm] ReplanOnce succeed.[0m
[perfect_drone_full_node-2] [INFO] [1789558468.302816352] [perfect_tracking]: [SENSOR_ACQUISITION_FRAME] frame=260 cycle=0 full=1 stamp_ns=1789558468297381924 width=900 height=445 readback_pixels=801000 conversion_rays=115200 generated_points=16600 bytes=531200 half_angle_deg=45.000
[perfect_drone_full_node-2]  -- [TRAJ_GUARD_CERT] trigger=poly_publish status=SAFE gen=132 map=259 map_age=0.037s map_age_limit=0.500s motion_speed=4.829mps samples=267 range=[0.017,1.342] collision_tt=-1.000 ttc=-1.000 p=[0.000,0.000,0.000]
[perfect_drone_full_node-2] Publish local map size: 16600
[perfect_drone_full_node-2] [INFO] [1789558468.403764883] [perfect_tracking]: [SENSOR_ACQUISITION_FRAME] frame=261 cycle=0 full=1 stamp_ns=1789558468397476204 width=900 height=445 readback_pixels=801000 conversion_rays=115200 generated_points=16419 bytes=525408 half_angle_deg=45.000
[perfect_drone_full_node-2]  -- [TRAJ_GUARD_CERT] trigger=main_pre status=SAFE gen=132 map=260 map_age=0.015s map_age_limit=0.500s motion_speed=5.607mps samples=251 range=[0.096,1.342] collision_tt=-1.000 ttc=-1.000 p=[0.000,0.000,0.000]
[perfect_drone_full_node-2] Publish local map size: 16419
[perfect_drone_full_node-2]  -- [TRAJ_GUARD_CERT] trigger=main_pre status=SAFE gen=132 map=261 map_age=0.012s map_age_limit=0.500s motion_speed=6.483mps samples=231 range=[0.196,1.342] collision_tt=-1.000 ttc=-1.000 p=[0.000,0.000,0.000]
[perfect_drone_full_node-2] [32m -- [Fsm 26.120] Current state: FOLLOW_TRAJ[0m
[perfect_drone_full_node-2] [INFO] [1789558468.472801850] [fsm_node]:  -- [TRAJ_GUARD_COMMIT] phase=ReplanOnce/with_backup gen=133 map=261 samples=266 range=[0.023,1.341] escape=false footprint_egress=false escape_done_tt=-1.000
[perfect_drone_full_node-2] [32m -- [Fsm] ReplanOnce succeed.[0m
[perfect_drone_full_node-2] [INFO] [1789558468.500836737] [perfect_tracking]: [SENSOR_ACQUISITION_FRAME] frame=262 cycle=0 full=1 stamp_ns=1789558468497378298 width=900 height=445 readback_pixels=801000 conversion_rays=115200 generated_points=16149 bytes=516768 half_angle_deg=45.000
[perfect_drone_full_node-2]  -- [TRAJ_GUARD_CERT] trigger=poly_publish status=SAFE gen=133 map=261 map_age=0.037s map_age_limit=0.500s motion_speed=6.663mps samples=265 range=[0.024,1.341] collision_tt=-1.000 ttc=-1.000 p=[0.000,0.000,0.000]
[perfect_drone_full_node-2] Publish local map size: 16149
[waypoint_mission-1] [INFO] [1789558468.560720557] [waypoint_mission]: [MISSION_GOAL_IDENTITY] stamp_ns=1789558467550889581 new_intent=0 new_identity=0 supported=1 waypoint=3
[perfect_drone_full_node-2] [INFO] [1789558468.561103984] [fsm_node]:  -- [GOAL_RETRANSMIT_COALESCED] stamp_ns=1789558467550889581 generation=133 map=262 queued_revision=11 accepted_revision=10 coalesced_total=17
[perfect_drone_full_node-2] [INFO] [1789558468.600716829] [perfect_tracking]: [SENSOR_ACQUISITION_FRAME] frame=263 cycle=0 full=1 stamp_ns=1789558468597331670 width=900 height=445 readback_pixels=801000 conversion_rays=115200 generated_points=16193 bytes=518176 half_angle_deg=45.000
[perfect_drone_full_node-2]  -- [TRAJ_GUARD_CERT] trigger=main_pre status=SAFE gen=133 map=262 map_age=0.007s map_age_limit=0.500s motion_speed=6.907mps samples=252 range=[0.088,1.341] collision_tt=-1.000 ttc=-1.000 p=[0.000,0.000,0.000]
[perfect_drone_full_node-2] Publish local map size: 16193
[perfect_drone_full_node-2] [INFO] [1789558468.614278755] [fsm_node]:  -- [TRAJ_GUARD_COMMIT] phase=ReplanOnce/with_backup gen=134 map=262 samples=269 range=[0.033,1.365] escape=false footprint_egress=false escape_done_tt=-1.000
[perfect_drone_full_node-2] [32m -- [Fsm] ReplanOnce succeed.[0m
[perfect_drone_full_node-2] [INFO] [1789558468.700861429] [perfect_tracking]: [SENSOR_ACQUISITION_FRAME] frame=264 cycle=0 full=1 stamp_ns=1789558468697436311 width=900 height=445 readback_pixels=801000 conversion_rays=115200 generated_points=34324 bytes=1098368 half_angle_deg=45.000
[perfect_drone_full_node-2]  -- [TRAJ_GUARD_CERT] trigger=poly_publish status=SAFE gen=134 map=262 map_age=0.084s map_age_limit=0.500s motion_speed=7.000mps samples=268 range=[0.033,1.365] collision_tt=-1.000 ttc=-1.000 p=[0.000,0.000,0.000]
[perfect_drone_full_node-2]  -- [TRAJ_GUARD_CERT] trigger=main_pre status=SAFE gen=134 map=263 map_age=0.006s map_age_limit=0.500s motion_speed=6.994mps samples=263 range=[0.056,1.365] collision_tt=-1.000 ttc=-1.000 p=[0.000,0.000,0.000]
[perfect_drone_full_node-2] Publish local map size: 34324
[perfect_drone_full_node-2] [INFO] [1789558468.800901556] [perfect_tracking]: [SENSOR_ACQUISITION_FRAME] frame=265 cycle=0 full=1 stamp_ns=1789558468797336560 width=900 height=445 readback_pixels=801000 conversion_rays=115200 generated_points=33819 bytes=1082208 half_angle_deg=45.000
[perfect_drone_full_node-2]  -- [TRAJ_GUARD_CERT] trigger=main_pre status=SAFE gen=134 map=264 map_age=0.008s map_age_limit=0.500s motion_speed=6.975mps samples=241 range=[0.166,1.365] collision_tt=-1.000 ttc=-1.000 p=[0.000,0.000,0.000]
[perfect_drone_full_node-2] Publish local map size: 33819
[perfect_drone_full_node-2] [INFO] [1789558468.819262796] [fsm_node]:  -- [TRAJ_GUARD_COMMIT] phase=ReplanOnce/with_backup gen=135 map=264 samples=224 range=[0.040,1.145] escape=false footprint_egress=false escape_done_tt=-1.000
[perfect_drone_full_node-2] [32m -- [Fsm] ReplanOnce succeed.[0m
[perfect_drone_full_node-2] [INFO] [1789558468.904132175] [perfect_tracking]: [SENSOR_ACQUISITION_FRAME] frame=266 cycle=0 full=1 stamp_ns=1789558468897359399 width=900 height=445 readback_pixels=801000 conversion_rays=115200 generated_points=35038 bytes=1121216 half_angle_deg=45.000
[perfect_drone_full_node-2]  -- [TRAJ_GUARD_CERT] trigger=poly_publish status=SAFE gen=135 map=264 map_age=0.080s map_age_limit=0.500s motion_speed=6.997mps samples=222 range=[0.040,1.145] collision_tt=-1.000 ttc=-1.000 p=[0.000,0.000,0.000]
[perfect_drone_full_node-2]  -- [TRAJ_GUARD_CERT] trigger=main_pre status=SAFE gen=135 map=265 map_age=0.004s map_age_limit=0.500s motion_speed=6.999mps samples=219 range=[0.058,1.145] collision_tt=-1.000 ttc=-1.000 p=[0.000,0.000,0.000]
[perfect_drone_full_node-2] Publish local map size: 35038
[perfect_drone_full_node-2]  -- [TRAJ_GUARD_CERT] trigger=main_pre status=SAFE gen=135 map=266 map_age=0.007s map_age_limit=0.500s motion_speed=6.938mps samples=197 range=[0.168,1.145] collision_tt=-1.000 ttc=-1.000 p=[0.000,0.000,0.000]
[perfect_drone_full_node-2]  -- [MARSIM] Running FPS: 214.536430753110807
[perfect_drone_full_node-2] [INFO] [1789558469.001660521] [perfect_tracking]: [SENSOR_ACQUISITION_FRAME] frame=267 cycle=0 full=1 stamp_ns=1789558468997354396 width=900 height=445 readback_pixels=801000 conversion_rays=115200 generated_points=33533 bytes=1073056 half_angle_deg=45.000
[perfect_drone_full_node-2] Publish local map size: 33533
[perfect_drone_full_node-2] [INFO] [1789558469.030587272] [fsm_node]:  -- [TRAJ_GUARD_COMMIT] phase=ReplanOnce/with_backup gen=136 map=266 samples=219 range=[0.052,1.137] escape=false footprint_egress=false escape_done_tt=-1.000
[perfect_drone_full_node-2] [32m -- [Fsm] ReplanOnce succeed.[0m
[perfect_drone_full_node-2] [INFO] [1789558469.102058962] [perfect_tracking]: [SENSOR_ACQUISITION_FRAME] frame=268 cycle=0 full=1 stamp_ns=1789558469097521869 width=900 height=445 readback_pixels=801000 conversion_rays=115200 generated_points=26840 bytes=858880 half_angle_deg=45.000
[perfect_drone_full_node-2]  -- [TRAJ_GUARD_CERT] trigger=poly_publish status=SAFE gen=136 map=266 map_age=0.091s map_age_limit=0.500s motion_speed=6.885mps samples=218 range=[0.053,1.137] collision_tt=-1.000 ttc=-1.000 p=[0.000,0.000,0.000]
[perfect_drone_full_node-2]  -- [TRAJ_GUARD_CERT] trigger=main_pre status=SAFE gen=136 map=267 map_age=0.016s map_age_limit=0.500s motion_speed=6.890mps samples=213 range=[0.079,1.137] collision_tt=-1.000 ttc=-1.000 p=[0.000,0.000,0.000]
[perfect_drone_full_node-2] Publish local map size: 26840
[perfect_drone_full_node-2] [INFO] [1789558469.143980437] [fsm_node]:  -- [TRAJ_GUARD_COMMIT] phase=ReplanOnce/with_backup gen=137 map=267 samples=181 range=[0.034,0.928] escape=false footprint_egress=false escape_done_tt=-1.000
[perfect_drone_full_node-2] [32m -- [Fsm] ReplanOnce succeed.[0m
[perfect_drone_full_node-2] [INFO] [1789558469.203255265] [perfect_tracking]: [SENSOR_ACQUISITION_FRAME] frame=269 cycle=0 full=1 stamp_ns=1789558469197474622 width=900 height=445 readback_pixels=801000 conversion_rays=115200 generated_points=22290 bytes=713280 half_angle_deg=45.000
[perfect_drone_full_node-2]  -- [TRAJ_GUARD_CERT] trigger=poly_publish status=SAFE gen=137 map=267 map_age=0.102s map_age_limit=0.500s motion_speed=6.933mps samples=180 range=[0.035,0.928] collision_tt=-1.000 ttc=-1.000 p=[0.000,0.000,0.000]
[perfect_drone_full_node-2]  -- [TRAJ_GUARD_CERT] trigger=main_pre status=SAFE gen=137 map=268 map_age=0.015s map_age_limit=0.500s motion_speed=6.930mps samples=177 range=[0.048,0.928] collision_tt=-1.000 ttc=-1.000 p=[0.000,0.000,0.000]
[perfect_drone_full_node-2] Publish local map size: 22290
[perfect_drone_full_node-2] [INFO] [1789558469.302751374] [perfect_tracking]: [SENSOR_ACQUISITION_FRAME] frame=270 cycle=0 full=1 stamp_ns=1789558469297384411 width=900 height=445 readback_pixels=801000 conversion_rays=115200 generated_points=22136 bytes=708352 half_angle_deg=45.000
[perfect_drone_full_node-2]  -- [TRAJ_GUARD_CERT] trigger=main_pre status=SAFE gen=137 map=269 map_age=0.015s map_age_limit=0.500s motion_speed=6.879mps samples=157 range=[0.148,0.928] collision_tt=-1.000 ttc=-1.000 p=[0.000,0.000,0.000]
[perfect_drone_full_node-2] Publish local map size: 22136
[perfect_drone_full_node-2] [INFO] [1789558469.318189018] [fsm_node]:  -- [TRAJ_GUARD_COMMIT] phase=ReplanOnce/with_backup gen=138 map=269 samples=153 range=[0.010,0.762] escape=false footprint_egress=false escape_done_tt=-1.000
[perfect_drone_full_node-2] [32m -- [Fsm] ReplanOnce succeed.[0m
[perfect_drone_full_node-2] [INFO] [1789558469.402640742] [perfect_tracking]: [SENSOR_ACQUISITION_FRAME] frame=271 cycle=0 full=1 stamp_ns=1789558469397390020 width=900 height=445 readback_pixels=801000 conversion_rays=115200 generated_points=21376 bytes=684032 half_angle_deg=45.000
[perfect_drone_full_node-2]  -- [TRAJ_GUARD_CERT] trigger=poly_publish status=SAFE gen=138 map=269 map_age=0.076s map_age_limit=0.500s motion_speed=6.914mps samples=152 range=[0.011,0.762] collision_tt=-1.000 ttc=-1.000 p=[0.000,0.000,0.000]
[perfect_drone_full_node-2]  -- [TRAJ_GUARD_CERT] trigger=main_pre status=SAFE gen=138 map=270 map_age=0.007s map_age_limit=0.500s motion_speed=6.918mps samples=146 range=[0.040,0.762] collision_tt=-1.000 ttc=-1.000 p=[0.000,0.000,0.000]
[perfect_drone_full_node-2] Publish local map size: 21376
[perfect_drone_full_node-2] [INFO] [1789558469.456943035] [fsm_node]:  -- [TRAJ_GUARD_COMMIT] phase=ReplanOnce/with_backup gen=139 map=271 samples=170 range=[0.017,0.857] escape=false footprint_egress=false escape_done_tt=-1.000
[perfect_drone_full_node-2]  -- [TRAJ_GUARD_CERT] trigger=main_pre status=SAFE gen=138 map=271 map_age=0.011s map_age_limit=0.500s motion_speed=6.726mps samples=126 range=[0.140,0.762] collision_tt=-1.000 ttc=-1.000 p=[0.000,0.000,0.000]
[perfect_drone_full_node-2] [32m -- [Fsm] ReplanOnce succeed.[0m
[perfect_drone_full_node-2]  -- [TRAJ_GUARD_CERT] trigger=poly_publish status=SAFE gen=139 map=271 map_age=0.021s map_age_limit=0.500s motion_speed=6.688mps samples=169 range=[0.018,0.857] collision_tt=-1.000 ttc=-1.000 p=[0.000,0.000,0.000]
[perfect_drone_full_node-2] [32m -- [Fsm 27.129] Current state: FOLLOW_TRAJ[0m
[perfect_drone_full_node-2] [INFO] [1789558469.502213462] [perfect_tracking]: [SENSOR_ACQUISITION_FRAME] frame=272 cycle=0 full=1 stamp_ns=1789558469497353676 width=900 height=445 readback_pixels=801000 conversion_rays=115200 generated_points=29823 bytes=954336 half_angle_deg=45.000
[perfect_drone_full_node-2] Publish local map size: 29823
[waypoint_mission-1] [INFO] [1789558469.560843456] [waypoint_mission]: [MISSION_GOAL_IDENTITY] stamp_ns=1789558467550889581 new_intent=0 new_identity=0 supported=1 waypoint=3
[perfect_drone_full_node-2] [INFO] [1789558469.561208925] [fsm_node]:  -- [GOAL_RETRANSMIT_COALESCED] stamp_ns=1789558467550889581 generation=139 map=272 queued_revision=11 accepted_revision=10 coalesced_total=18
[perfect_drone_full_node-2] [INFO] [1789558469.602358101] [perfect_tracking]: [SENSOR_ACQUISITION_FRAME] frame=273 cycle=0 full=1 stamp_ns=1789558469597421256 width=900 height=445 readback_pixels=801000 conversion_rays=115200 generated_points=40033 bytes=1281056 half_angle_deg=45.000
[perfect_drone_full_node-2]  -- [TRAJ_GUARD_CERT] trigger=main_pre status=SAFE gen=139 map=272 map_age=0.010s map_age_limit=0.500s motion_speed=6.340mps samples=151 range=[0.108,0.857] collision_tt=-1.000 ttc=-1.000 p=[0.000,0.000,0.000]
[perfect_drone_full_node-2] Publish local map size: 40033
[perfect_drone_full_node-2] [INFO] [1789558469.700602436] [perfect_tracking]: [SENSOR_ACQUISITION_FRAME] frame=274 cycle=0 full=1 stamp_ns=1789558469697487933 width=900 height=445 readback_pixels=801000 conversion_rays=115200 generated_points=40260 bytes=1288320 half_angle_deg=45.000
[perfect_drone_full_node-2]  -- [TRAJ_GUARD_CERT] trigger=main_pre status=SAFE gen=139 map=273 map_age=0.007s map_age_limit=0.500s motion_speed=6.222mps samples=131 range=[0.208,0.857] collision_tt=-1.000 ttc=-1.000 p=[0.000,0.000,0.000]
[perfect_drone_full_node-2] Publish local map size: 40260
[perfect_drone_full_node-2] [INFO] [1789558469.701182708] [fsm_node]:  -- [TRAJ_GUARD_COMMIT] phase=ReplanOnce/with_backup gen=140 map=273 samples=235 range=[0.064,1.225] escape=false footprint_egress=false escape_done_tt=-1.000
[perfect_drone_full_node-2] [32m -- [Fsm] ReplanOnce succeed.[0m
[perfect_drone_full_node-2] [INFO] [1789558469.804295115] [perfect_tracking]: [SENSOR_ACQUISITION_FRAME] frame=275 cycle=0 full=1 stamp_ns=1789558469797503838 width=900 height=445 readback_pixels=801000 conversion_rays=115200 generated_points=33145 bytes=1060640 half_angle_deg=45.000
[perfect_drone_full_node-2]  -- [TRAJ_GUARD_CERT] trigger=poly_publish status=SAFE gen=140 map=273 map_age=0.061s map_age_limit=0.500s motion_speed=6.303mps samples=234 range=[0.064,1.225] collision_tt=-1.000 ttc=-1.000 p=[0.000,0.000,0.000]
[perfect_drone_full_node-2]  -- [TRAJ_GUARD_CERT] trigger=main_pre status=SAFE gen=140 map=274 map_age=0.012s map_age_limit=0.500s motion_speed=6.428mps samples=224 range=[0.110,1.225] collision_tt=-1.000 ttc=-1.000 p=[0.000,0.000,0.000]
[perfect_drone_full_node-2] Publish local map size: 33145
[perfect_drone_full_node-2] [INFO] [1789558469.852883255] [fsm_node]:  -- [TRAJ_GUARD_COMMIT] phase=ReplanOnce/with_backup gen=141 map=275 samples=225 range=[0.017,1.128] escape=false footprint_egress=false escape_done_tt=-1.000
[perfect_drone_full_node-2]  -- [TRAJ_GUARD_CERT] trigger=main_pre status=SAFE gen=140 map=275 map_age=0.009s map_age_limit=0.500s motion_speed=6.805mps samples=204 range=[0.210,1.225] collision_tt=-1.000 ttc=-1.000 p=[0.000,0.000,0.000]
[perfect_drone_full_node-2] [32m -- [Fsm] ReplanOnce succeed.[0m
[perfect_drone_full_node-2] [INFO] [1789558469.903492860] [perfect_tracking]: [SENSOR_ACQUISITION_FRAME] frame=276 cycle=0 full=1 stamp_ns=1789558469897406718 width=900 height=445 readback_pixels=801000 conversion_rays=115200 generated_points=27636 bytes=884352 half_angle_deg=45.000
[perfect_drone_full_node-2]  -- [TRAJ_GUARD_CERT] trigger=poly_publish status=SAFE gen=141 map=275 map_age=0.014s map_age_limit=0.500s motion_speed=6.833mps samples=224 range=[0.017,1.128] collision_tt=-1.000 ttc=-1.000 p=[0.000,0.000,0.000]
[perfect_drone_full_node-2] Publish local map size: 27636
[perfect_drone_full_node-2] [INFO] [1789558469.914080028] [fsm_node]:  -- [TRAJ_GUARD_COMMIT] phase=ReplanOnce/with_backup gen=142 map=275 samples=232 range=[0.012,1.160] escape=false footprint_egress=false escape_done_tt=-1.000
[perfect_drone_full_node-2] [32m -- [Fsm] ReplanOnce succeed.[0m
[perfect_drone_full_node-2] [INFO] [1789558470.003453668] [perfect_tracking]: [SENSOR_ACQUISITION_FRAME] frame=277 cycle=0 full=1 stamp_ns=1789558469997392183 width=900 height=445 readback_pixels=801000 conversion_rays=115200 generated_points=37201 bytes=1190432 half_angle_deg=45.000
[perfect_drone_full_node-2]  -- [TRAJ_GUARD_CERT] trigger=poly_publish status=SAFE gen=142 map=275 map_age=0.075s map_age_limit=0.500s motion_speed=6.896mps samples=231 range=[0.013,1.160] collision_tt=-1.000 ttc=-1.000 p=[0.000,0.000,0.000]
[perfect_drone_full_node-2]  -- [TRAJ_GUARD_CERT] trigger=main_pre status=SAFE gen=142 map=276 map_age=0.006s map_age_limit=0.500s motion_speed=6.871mps samples=226 range=[0.036,1.160] collision_tt=-1.000 ttc=-1.000 p=[0.000,0.000,0.000]
[perfect_drone_full_node-2] Publish local map size: 37201
[perfect_drone_full_node-2] [INFO] [1789558470.103862206] [perfect_tracking]: [SENSOR_ACQUISITION_FRAME] frame=278 cycle=0 full=1 stamp_ns=1789558470097474379 width=900 height=445 readback_pixels=801000 conversion_rays=115200 generated_points=42419 bytes=1357408 half_angle_deg=45.000
[perfect_drone_full_node-2]  -- [TRAJ_GUARD_CERT] trigger=main_pre status=SAFE gen=142 map=277 map_age=0.013s map_age_limit=0.500s motion_speed=6.424mps samples=204 range=[0.146,1.160] collision_tt=-1.000 ttc=-1.000 p=[0.000,0.000,0.000]
[perfect_drone_full_node-2] Publish local map size: 42419
[perfect_drone_full_node-2] [INFO] [1789558470.130118916] [fsm_node]:  -- [TRAJ_GUARD_COMMIT] phase=ReplanOnce/with_backup gen=143 map=277 samples=199 range=[0.030,1.012] escape=false footprint_egress=false escape_done_tt=-1.000
[perfect_drone_full_node-2] [32m -- [Fsm] ReplanOnce succeed.[0m
[perfect_drone_full_node-2] [INFO] [1789558470.202935747] [perfect_tracking]: [SENSOR_ACQUISITION_FRAME] frame=279 cycle=0 full=1 stamp_ns=1789558470197627416 width=900 height=445 readback_pixels=801000 conversion_rays=115200 generated_points=32906 bytes=1052992 half_angle_deg=45.000
[perfect_drone_full_node-2]  -- [TRAJ_GUARD_CERT] trigger=poly_publish status=SAFE gen=143 map=277 map_age=0.096s map_age_limit=0.500s motion_speed=6.144mps samples=198 range=[0.031,1.012] collision_tt=-1.000 ttc=-1.000 p=[0.000,0.000,0.000]
[perfect_drone_full_node-2]  -- [TRAJ_GUARD_CERT] trigger=main_pre status=SAFE gen=143 map=278 map_age=0.011s map_age_limit=0.500s motion_speed=6.130mps samples=194 range=[0.048,1.012] collision_tt=-1.000 ttc=-1.000 p=[0.000,0.000,0.000]
[perfect_drone_full_node-2] Publish local map size: 32906
[perfect_drone_full_node-2] [INFO] [1789558470.302932887] [perfect_tracking]: [SENSOR_ACQUISITION_FRAME] frame=280 cycle=0 full=1 stamp_ns=1789558470297424551 width=900 height=445 readback_pixels=801000 conversion_rays=115200 generated_points=28158 bytes=901056 half_angle_deg=45.000
[perfect_drone_full_node-2]  -- [TRAJ_GUARD_CERT] trigger=main_pre status=SAFE gen=143 map=279 map_age=0.101s map_age_limit=0.500s motion_speed=6.047mps samples=176 range=[0.138,1.012] collision_tt=-1.000 ttc=-1.000 p=[0.000,0.000,0.000]
[perfect_drone_full_node-2] Publish local map size: 28158
[perfect_drone_full_node-2] [INFO] [1789558470.318570013] [fsm_node]:  -- [TRAJ_GUARD_COMMIT] phase=ReplanOnce/with_backup gen=144 map=279 samples=238 range=[0.020,1.196] escape=false footprint_egress=false escape_done_tt=-1.000
[perfect_drone_full_node-2] [32m -- [Fsm] ReplanOnce succeed.[0m
[perfect_drone_full_node-2] [INFO] [1789558470.404219142] [perfect_tracking]: [SENSOR_ACQUISITION_FRAME] frame=281 cycle=0 full=1 stamp_ns=1789558470397480738 width=900 height=445 readback_pixels=801000 conversion_rays=115200 generated_points=43718 bytes=1398976 half_angle_deg=45.000
[perfect_drone_full_node-2]  -- [TRAJ_GUARD_CERT] trigger=poly_publish status=SAFE gen=144 map=279 map_age=0.087s map_age_limit=0.500s motion_speed=6.089mps samples=237 range=[0.021,1.196] collision_tt=-1.000 ttc=-1.000 p=[0.000,0.000,0.000]
[perfect_drone_full_node-2]  -- [TRAJ_GUARD_CERT] trigger=main_pre status=SAFE gen=144 map=280 map_age=0.007s map_age_limit=0.500s motion_speed=6.108mps samples=233 range=[0.039,1.196] collision_tt=-1.000 ttc=-1.000 p=[0.000,0.000,0.000]
[perfect_drone_full_node-2] Publish local map size: 43718
[perfect_drone_full_node-2]  -- [TRAJ_GUARD_CERT] trigger=main_pre status=SAFE gen=144 map=281 map_age=0.016s map_age_limit=0.500s motion_speed=6.497mps samples=209 range=[0.160,1.196] collision_tt=-1.000 ttc=-1.000 p=[0.000,0.000,0.000]
[perfect_drone_full_node-2] [32m -- [Fsm 28.130] Current state: FOLLOW_TRAJ[0m
[perfect_drone_full_node-2] [INFO] [1789558470.502812533] [perfect_tracking]: [SENSOR_ACQUISITION_FRAME] frame=282 cycle=0 full=1 stamp_ns=1789558470497392063 width=900 height=445 readback_pixels=801000 conversion_rays=115200 generated_points=36221 bytes=1159072 half_angle_deg=45.000
[perfect_drone_full_node-2] Publish local map size: 36221
[perfect_drone_full_node-2] [INFO] [1789558470.514998992] [fsm_node]:  -- [TRAJ_GUARD_COMMIT] phase=ReplanOnce/with_backup gen=145 map=281 samples=242 range=[0.019,1.214] escape=false footprint_egress=false escape_done_tt=-1.000
[perfect_drone_full_node-2] [32m -- [Fsm] ReplanOnce succeed.[0m
[waypoint_mission-1] [INFO] [1789558470.560958728] [waypoint_mission]: [MISSION_GOAL_IDENTITY] stamp_ns=1789558467550889581 new_intent=0 new_identity=0 supported=1 waypoint=3
[perfect_drone_full_node-2] [INFO] [1789558470.561620918] [fsm_node]:  -- [GOAL_RETRANSMIT_COALESCED] stamp_ns=1789558467550889581 generation=145 map=282 queued_revision=11 accepted_revision=10 coalesced_total=19
[perfect_drone_full_node-2] [INFO] [1789558470.602757276] [perfect_tracking]: [SENSOR_ACQUISITION_FRAME] frame=283 cycle=0 full=1 stamp_ns=1789558470597487421 width=900 height=445 readback_pixels=801000 conversion_rays=115200 generated_points=29021 bytes=928672 half_angle_deg=45.000
[perfect_drone_full_node-2]  -- [TRAJ_GUARD_CERT] trigger=poly_publish status=SAFE gen=145 map=281 map_age=0.074s map_age_limit=0.500s motion_speed=6.694mps samples=241 range=[0.019,1.214] collision_tt=-1.000 ttc=-1.000 p=[0.000,0.000,0.000]
[perfect_drone_full_node-2]  -- [TRAJ_GUARD_CERT] trigger=main_pre status=SAFE gen=145 map=282 map_age=0.006s map_age_limit=0.500s motion_speed=6.751mps samples=236 range=[0.042,1.214] collision_tt=-1.000 ttc=-1.000 p=[0.000,0.000,0.000]
[perfect_drone_full_node-2] Publish local map size: 29021
[perfect_drone_full_node-2] [INFO] [1789558470.701461928] [perfect_tracking]: [SENSOR_ACQUISITION_FRAME] frame=284 cycle=0 full=1 stamp_ns=1789558470697478496 width=900 height=445 readback_pixels=801000 conversion_rays=115200 generated_points=29600 bytes=947200 half_angle_deg=45.000
[perfect_drone_full_node-2]  -- [TRAJ_GUARD_CERT] trigger=main_pre status=SAFE gen=145 map=283 map_age=0.012s map_age_limit=0.500s motion_speed=6.959mps samples=214 range=[0.152,1.214] collision_tt=-1.000 ttc=-1.000 p=[0.000,0.000,0.000]
[perfect_drone_full_node-2] Publish local map size: 29600
[perfect_drone_full_node-2] [INFO] [1789558470.707867562] [fsm_node]:  -- [TRAJ_GUARD_COMMIT] phase=ReplanOnce/with_backup gen=146 map=283 samples=240 range=[0.014,1.200] escape=false footprint_egress=false escape_done_tt=-1.000
[perfect_drone_full_node-2] [32m -- [Fsm] ReplanOnce succeed.[0m
[perfect_drone_full_node-2] [INFO] [1789558470.800548494] [perfect_tracking]: [SENSOR_ACQUISITION_FRAME] frame=285 cycle=0 full=1 stamp_ns=1789558470797367550 width=900 height=445 readback_pixels=801000 conversion_rays=115200 generated_points=34852 bytes=1115264 half_angle_deg=45.000
[perfect_drone_full_node-2]  -- [TRAJ_GUARD_CERT] trigger=poly_publish status=SAFE gen=146 map=283 map_age=0.073s map_age_limit=0.500s motion_speed=6.962mps samples=239 range=[0.014,1.200] collision_tt=-1.000 ttc=-1.000 p=[0.000,0.000,0.000]
[perfect_drone_full_node-2]  -- [TRAJ_GUARD_CERT] trigger=main_pre status=SAFE gen=146 map=284 map_age=0.016s map_age_limit=0.500s motion_speed=6.959mps samples=231 range=[0.054,1.200] collision_tt=-1.000 ttc=-1.000 p=[0.000,0.000,0.000]
[perfect_drone_full_node-2] Publish local map size: 34852
[perfect_drone_full_node-2] [INFO] [1789558470.900592748] [perfect_tracking]: [SENSOR_ACQUISITION_FRAME] frame=286 cycle=0 full=1 stamp_ns=1789558470897406227 width=900 height=445 readback_pixels=801000 conversion_rays=115200 generated_points=25137 bytes=804384 half_angle_deg=45.000
[perfect_drone_full_node-2]  -- [TRAJ_GUARD_CERT] trigger=main_pre status=SAFE gen=146 map=285 map_age=0.009s map_age_limit=0.500s motion_speed=6.989mps samples=213 range=[0.144,1.200] collision_tt=-1.000 ttc=-1.000 p=[0.000,0.000,0.000]
[perfect_drone_full_node-2] Publish local map size: 25137
[perfect_drone_full_node-2] [INFO] [1789558470.910915313] [fsm_node]:  -- [TRAJ_GUARD_COMMIT] phase=ReplanOnce/with_backup gen=147 map=285 samples=233 range=[0.019,1.170] escape=false footprint_egress=false escape_done_tt=-1.000
[perfect_drone_full_node-2] [32m -- [Fsm] ReplanOnce succeed.[0m
[perfect_drone_full_node-2] [INFO] [1789558471.001981205] [perfect_tracking]: [SENSOR_ACQUISITION_FRAME] frame=287 cycle=0 full=1 stamp_ns=1789558470997394549 width=900 height=445 readback_pixels=801000 conversion_rays=115200 generated_points=22575 bytes=722400 half_angle_deg=45.000
[perfect_drone_full_node-2]  -- [TRAJ_GUARD_CERT] trigger=poly_publish status=SAFE gen=147 map=285 map_age=0.082s map_age_limit=0.500s motion_speed=6.998mps samples=232 range=[0.020,1.170] collision_tt=-1.000 ttc=-1.000 p=[0.000,0.000,0.000]
[perfect_drone_full_node-2]  -- [TRAJ_GUARD_CERT] trigger=main_pre status=SAFE gen=147 map=286 map_age=0.008s map_age_limit=0.500s motion_speed=6.993mps samples=226 range=[0.046,1.170] collision_tt=-1.000 ttc=-1.000 p=[0.000,0.000,0.000]
[perfect_drone_full_node-2] Publish local map size: 22575
[perfect_drone_full_node-2]  -- [TRAJ_GUARD_CERT] trigger=main_pre status=SAFE gen=147 map=287 map_age=0.014s map_age_limit=0.500s motion_speed=6.966mps samples=204 range=[0.156,1.170] collision_tt=-1.000 ttc=-1.000 p=[0.000,0.000,0.000]
[perfect_drone_full_node-2]  -- [MARSIM] Running FPS: 207.028860503391854
[perfect_drone_full_node-2] [INFO] [1789558471.100926097] [perfect_tracking]: [SENSOR_ACQUISITION_FRAME] frame=288 cycle=0 full=1 stamp_ns=1789558471097420605 width=900 height=445 readback_pixels=801000 conversion_rays=115200 generated_points=23971 bytes=767072 half_angle_deg=45.000
[perfect_drone_full_node-2] Publish local map size: 23971
[perfect_drone_full_node-2] [INFO] [1789558471.115785443] [fsm_node]:  -- [TRAJ_GUARD_COMMIT] phase=ReplanOnce/with_backup gen=148 map=287 samples=253 range=[0.026,1.280] escape=false footprint_egress=false escape_done_tt=-1.000
[perfect_drone_full_node-2] [32m -- [Fsm] ReplanOnce succeed.[0m
[perfect_drone_full_node-2] [INFO] [1789558471.202233509] [perfect_tracking]: [SENSOR_ACQUISITION_FRAME] frame=289 cycle=0 full=1 stamp_ns=1789558471197411364 width=900 height=445 readback_pixels=801000 conversion_rays=115200 generated_points=22381 bytes=716192 half_angle_deg=45.000
[perfect_drone_full_node-2]  -- [TRAJ_GUARD_CERT] trigger=poly_publish status=SAFE gen=148 map=287 map_age=0.082s map_age_limit=0.500s motion_speed=6.956mps samples=252 range=[0.027,1.280] collision_tt=-1.000 ttc=-1.000 p=[0.000,0.000,0.000]
[perfect_drone_full_node-2]  -- [TRAJ_GUARD_CERT] trigger=main_pre status=SAFE gen=148 map=288 map_age=0.005s map_age_limit=0.500s motion_speed=6.963mps samples=248 range=[0.048,1.280] collision_tt=-1.000 ttc=-1.000 p=[0.000,0.000,0.000]
[perfect_drone_full_node-2] Publish local map size: 22381
[perfect_drone_full_node-2] [INFO] [1789558471.300860272] [perfect_tracking]: [SENSOR_ACQUISITION_FRAME] frame=290 cycle=0 full=1 stamp_ns=1789558471297420241 width=900 height=445 readback_pixels=801000 conversion_rays=115200 generated_points=34638 bytes=1108416 half_angle_deg=45.000
[perfect_drone_full_node-2]  -- [TRAJ_GUARD_CERT] trigger=main_pre status=SAFE gen=148 map=289 map_age=0.012s map_age_limit=0.500s motion_speed=6.944mps samples=226 range=[0.158,1.280] collision_tt=-1.000 ttc=-1.000 p=[0.000,0.000,0.000]
[perfect_drone_full_node-2] Publish local map size: 34638
[perfect_drone_full_node-2] [INFO] [1789558471.326200081] [fsm_node]:  -- [TRAJ_GUARD_COMMIT] phase=ReplanOnce/with_backup gen=149 map=289 samples=223 range=[0.038,1.139] escape=false footprint_egress=false escape_done_tt=-1.000
[perfect_drone_full_node-2] [32m -- [Fsm] ReplanOnce succeed.[0m
[perfect_drone_full_node-2] [WARN] [1789558471.364933927] [fsm_node]:  -- [TRAJ_GUARD_VIABILITY_SLOWDOWN] phase=ReplanOnce/with_backup gen=150 scale=1.250 retries=1
[perfect_drone_full_node-2] [INFO] [1789558471.364991497] [fsm_node]:  -- [TRAJ_GUARD_COMMIT] phase=ReplanOnce/with_backup gen=150 map=290 samples=291 range=[0.011,1.454] escape=false footprint_egress=false escape_done_tt=-1.000
[perfect_drone_full_node-2]  -- [TRAJ_GUARD_CERT] trigger=poly_publish status=SAFE gen=149 map=289 map_age=0.091s map_age_limit=0.500s motion_speed=6.442mps samples=222 range=[0.038,1.139] collision_tt=-1.000 ttc=-1.000 p=[0.000,0.000,0.000]
[perfect_drone_full_node-2]  -- [TRAJ_GUARD_CERT] trigger=main_pre status=SAFE gen=149 map=290 map_age=0.016s map_age_limit=0.500s motion_speed=6.291mps samples=217 range=[0.060,1.139] collision_tt=-1.000 ttc=-1.000 p=[0.000,0.000,0.000]
[perfect_drone_full_node-2] [32m -- [Fsm] ReplanOnce succeed.[0m
[perfect_drone_full_node-2] [INFO] [1789558471.403581851] [perfect_tracking]: [SENSOR_ACQUISITION_FRAME] frame=291 cycle=0 full=1 stamp_ns=1789558471397502650 width=900 height=445 readback_pixels=801000 conversion_rays=115200 generated_points=38004 bytes=1216128 half_angle_deg=45.000
[perfect_drone_full_node-2]  -- [TRAJ_GUARD_CERT] trigger=poly_publish status=SAFE gen=150 map=290 map_age=0.033s map_age_limit=0.500s motion_speed=6.158mps samples=290 range=[0.012,1.454] collision_tt=-1.000 ttc=-1.000 p=[0.000,0.000,0.000]
[perfect_drone_full_node-2] Publish local map size: 38004
[perfect_drone_full_node-2]  -- [TRAJ_GUARD_CERT] trigger=main_pre status=SAFE gen=150 map=291 map_age=0.009s map_age_limit=0.500s motion_speed=4.726mps samples=273 range=[0.094,1.454] collision_tt=-1.000 ttc=-1.000 p=[0.000,0.000,0.000]
[perfect_drone_full_node-2] [32m -- [Fsm 29.139] Current state: FOLLOW_TRAJ[0m
[perfect_drone_full_node-2] [INFO] [1789558471.502810772] [perfect_tracking]: [SENSOR_ACQUISITION_FRAME] frame=292 cycle=0 full=1 stamp_ns=1789558471497427967 width=900 height=445 readback_pixels=801000 conversion_rays=115200 generated_points=35705 bytes=1142560 half_angle_deg=45.000
[perfect_drone_full_node-2] Publish local map size: 35705
[perfect_drone_full_node-2] [INFO] [1789558471.560997382] [fsm_node]:  -- [TRAJ_GUARD_COMMIT] phase=ReplanOnce/with_backup gen=151 map=292 samples=248 range=[0.009,1.239] escape=false footprint_egress=false escape_done_tt=-1.000
[perfect_drone_full_node-2]  -- [TRAJ_GUARD_CERT] trigger=main_pre status=SAFE gen=150 map=292 map_age=0.015s map_age_limit=0.500s motion_speed=4.826mps samples=253 range=[0.194,1.454] collision_tt=-1.000 ttc=-1.000 p=[0.000,0.000,0.000]
[perfect_drone_full_node-2] [32m -- [Fsm] ReplanOnce succeed.[0m
[waypoint_mission-1] [INFO] [1789558471.570762615] [waypoint_mission]: [MISSION_GOAL_IDENTITY] stamp_ns=1789558467550889581 new_intent=0 new_identity=0 supported=1 waypoint=3
[perfect_drone_full_node-2] [INFO] [1789558471.571066111] [fsm_node]:  -- [GOAL_RETRANSMIT_COALESCED] stamp_ns=1789558467550889581 generation=151 map=292 queued_revision=11 accepted_revision=10 coalesced_total=20
[perfect_drone_full_node-2] [INFO] [1789558471.603094893] [perfect_tracking]: [SENSOR_ACQUISITION_FRAME] frame=293 cycle=0 full=1 stamp_ns=1789558471597436247 width=900 height=445 readback_pixels=801000 conversion_rays=115200 generated_points=28013 bytes=896416 half_angle_deg=45.000
[perfect_drone_full_node-2]  -- [TRAJ_GUARD_CERT] trigger=poly_publish status=SAFE gen=151 map=292 map_age=0.028s map_age_limit=0.500s motion_speed=4.874mps samples=247 range=[0.009,1.239] collision_tt=-1.000 ttc=-1.000 p=[0.000,0.000,0.000]
[perfect_drone_full_node-2] Publish local map size: 28013
[perfect_drone_full_node-2] [INFO] [1789558471.703397326] [perfect_tracking]: [SENSOR_ACQUISITION_FRAME] frame=294 cycle=0 full=1 stamp_ns=1789558471697509289 width=900 height=445 readback_pixels=801000 conversion_rays=115200 generated_points=24105 bytes=771360 half_angle_deg=45.000
[perfect_drone_full_node-2]  -- [TRAJ_GUARD_CERT] trigger=main_pre status=SAFE gen=151 map=293 map_age=0.013s map_age_limit=0.500s motion_speed=5.085mps samples=230 range=[0.096,1.239] collision_tt=-1.000 ttc=-1.000 p=[0.000,0.000,0.000]
[perfect_drone_full_node-2] Publish local map size: 24105
[perfect_drone_full_node-2] [INFO] [1789558471.775217931] [fsm_node]:  -- [TRAJ_GUARD_COMMIT] phase=ReplanOnce/with_backup gen=152 map=294 samples=230 range=[0.026,1.162] escape=false footprint_egress=false escape_done_tt=-1.000
[perfect_drone_full_node-2]  -- [TRAJ_GUARD_CERT] trigger=main_pre status=SAFE gen=151 map=294 map_age=0.012s map_age_limit=0.500s motion_speed=5.442mps samples=210 range=[0.196,1.239] collision_tt=-1.000 ttc=-1.000 p=[0.000,0.000,0.000]
[perfect_drone_full_node-2] [32m -- [Fsm] ReplanOnce succeed.[0m
[perfect_drone_full_node-2] [INFO] [1789558471.800776789] [perfect_tracking]: [SENSOR_ACQUISITION_FRAME] frame=295 cycle=0 full=1 stamp_ns=1789558471797402543 width=900 height=445 readback_pixels=801000 conversion_rays=115200 generated_points=26223 bytes=839136 half_angle_deg=45.000
[perfect_drone_full_node-2]  -- [TRAJ_GUARD_CERT] trigger=poly_publish status=SAFE gen=152 map=294 map_age=0.040s map_age_limit=0.500s motion_speed=5.604mps samples=229 range=[0.026,1.162] collision_tt=-1.000 ttc=-1.000 p=[0.000,0.000,0.000]
[perfect_drone_full_node-2] Publish local map size: 26223
[perfect_drone_full_node-2] [INFO] [1789558471.902149133] [perfect_tracking]: [SENSOR_ACQUISITION_FRAME] frame=296 cycle=0 full=1 stamp_ns=1789558471897443079 width=900 height=445 readback_pixels=801000 conversion_rays=115200 generated_points=31570 bytes=1010240 half_angle_deg=45.000
[perfect_drone_full_node-2]  -- [TRAJ_GUARD_CERT] trigger=main_pre status=SAFE gen=152 map=295 map_age=0.012s map_age_limit=0.500s motion_speed=5.992mps samples=216 range=[0.088,1.162] collision_tt=-1.000 ttc=-1.000 p=[0.000,0.000,0.000]
[perfect_drone_full_node-2] Publish local map size: 31570
[perfect_drone_full_node-2] [INFO] [1789558471.966681286] [fsm_node]:  -- [TRAJ_GUARD_COMMIT] phase=ReplanOnce/with_backup gen=153 map=296 samples=242 range=[0.019,1.217] escape=false footprint_egress=false escape_done_tt=-1.000
[perfect_drone_full_node-2]  -- [TRAJ_GUARD_CERT] trigger=main_pre status=SAFE gen=152 map=296 map_age=0.012s map_age_limit=0.500s motion_speed=6.703mps samples=194 range=[0.198,1.162] collision_tt=-1.000 ttc=-1.000 p=[0.000,0.000,0.000]
[perfect_drone_full_node-2] [32m -- [Fsm] ReplanOnce succeed.[0m
[perfect_drone_full_node-2] [INFO] [1789558472.000754479] [perfect_tracking]: [SENSOR_ACQUISITION_FRAME] frame=297 cycle=0 full=1 stamp_ns=1789558471997431830 width=900 height=445 readback_pixels=801000 conversion_rays=115200 generated_points=23559 bytes=753888 half_angle_deg=45.000
[perfect_drone_full_node-2]  -- [TRAJ_GUARD_CERT] trigger=poly_publish status=SAFE gen=153 map=296 map_age=0.032s map_age_limit=0.500s motion_speed=6.791mps samples=241 range=[0.019,1.217] collision_tt=-1.000 ttc=-1.000 p=[0.000,0.000,0.000]
[perfect_drone_full_node-2] Publish local map size: 23559
[perfect_drone_full_node-2] [INFO] [1789558472.100828360] [perfect_tracking]: [SENSOR_ACQUISITION_FRAME] frame=298 cycle=0 full=1 stamp_ns=1789558472097457815 width=900 height=445 readback_pixels=801000 conversion_rays=115200 generated_points=21988 bytes=703616 half_angle_deg=45.000
[perfect_drone_full_node-2]  -- [TRAJ_GUARD_CERT] trigger=main_pre status=SAFE gen=153 map=297 map_age=0.009s map_age_limit=0.500s motion_speed=6.955mps samples=227 range=[0.090,1.217] collision_tt=-1.000 ttc=-1.000 p=[0.000,0.000,0.000]
[perfect_drone_full_node-2] Publish local map size: 21988
[perfect_drone_full_node-2] [INFO] [1789558472.178329446] [fsm_node]:  -- [TRAJ_GUARD_COMMIT] phase=ReplanOnce/with_backup gen=154 map=298 samples=218 range=[0.033,1.109] escape=false footprint_egress=false escape_done_tt=-1.000
[perfect_drone_full_node-2]  -- [TRAJ_GUARD_CERT] trigger=main_pre status=SAFE gen=153 map=298 map_age=0.010s map_age_limit=0.500s motion_speed=6.959mps samples=207 range=[0.190,1.217] collision_tt=-1.000 ttc=-1.000 p=[0.000,0.000,0.000]
[perfect_drone_full_node-2] [32m -- [Fsm] ReplanOnce succeed.[0m
[perfect_drone_full_node-2] [INFO] [1789558472.200278732] [perfect_tracking]: [SENSOR_ACQUISITION_FRAME] frame=299 cycle=0 full=1 stamp_ns=1789558472197509887 width=900 height=445 readback_pixels=801000 conversion_rays=115200 generated_points=24720 bytes=791040 half_angle_deg=45.000
[perfect_drone_full_node-2]  -- [TRAJ_GUARD_CERT] trigger=poly_publish status=SAFE gen=154 map=298 map_age=0.051s map_age_limit=0.500s motion_speed=6.935mps samples=217 range=[0.033,1.109] collision_tt=-1.000 ttc=-1.000 p=[0.000,0.000,0.000]
[perfect_drone_full_node-2] Publish local map size: 24720
[perfect_drone_full_node-2] [INFO] [1789558472.300630394] [perfect_tracking]: [SENSOR_ACQUISITION_FRAME] frame=300 cycle=0 full=1 stamp_ns=1789558472297478713 width=900 height=445 readback_pixels=801000 conversion_rays=115200 generated_points=24234 bytes=775488 half_angle_deg=45.000
[perfect_drone_full_node-2] [INFO] [1789558472.300705650] [perfect_tracking]: [STATIC_PC_LATCHED_SUMMARY] enabled=1 publications=1 points=635500 bytes=20336000 stamp_ns=1789558442314527267 timers_created=0 poll_callbacks=0
[perfect_drone_full_node-2] [INFO] [1789558472.300713014] [perfect_tracking]: [SENSOR_CADENCE_SUMMARY] frames=300 span_s=29.898416 hz=10.000530 raw_published=0 direct_handoffs=300 payload_bytes=280132064 side_entry_v1_enabled=0 side_entry_v1_spawned=0 side_entry_v1_injected_frames=0
[perfect_drone_full_node-2] [INFO] [1789558472.300719867] [perfect_tracking]: [SENSOR_BURST_DROPOUT_SUMMARY] enabled=0 warmup_s=1.000000 period_s=2.000000 duration_s=0.500000 phase_s=0.000000 phase_env_override=0 rendered=300 delivered=300 dropped=0 bursts=0 max_consecutive_dropped=0 max_delivered_gap_s=0.108116 dropped_payload_bytes=0
[perfect_drone_full_node-2]  -- [TRAJ_GUARD_CERT] trigger=main_pre status=SAFE gen=154 map=299 map_age=0.008s map_age_limit=0.500s motion_speed=6.948mps samples=205 range=[0.092,1.109] collision_tt=-1.000 ttc=-1.000 p=[0.000,0.000,0.000]
[perfect_drone_full_node-2] Publish local map size: 24234
[perfect_drone_full_node-2] [WARN] [1789558472.311877318] [fsm_node]:  -- [TRAJ_GUARD_VIABILITY_SLOWDOWN] phase=ReplanOnce/with_backup gen=155 scale=1.250 retries=1
[perfect_drone_full_node-2] [INFO] [1789558472.311926133] [fsm_node]:  -- [TRAJ_GUARD_COMMIT] phase=ReplanOnce/with_backup gen=155 map=299 samples=276 range=[0.034,1.399] escape=false footprint_egress=false escape_done_tt=-1.000
[perfect_drone_full_node-2] [32m -- [Fsm] ReplanOnce succeed.[0m
[perfect_drone_full_node-2] [THREAD_CPU_PROFILE] version=1 pid=3372018 steady_ns=1070308219972822 final=0 stage=map_cloud_enqueue calls=300 inclusive_cpu_s=0.001875752 exclusive_cpu_s=0.001875752 clock_errors=0
[perfect_drone_full_node-2] [THREAD_CPU_PROFILE] version=1 pid=3372018 steady_ns=1070308219972822 final=0 stage=map_worker calls=299 inclusive_cpu_s=11.147508296 exclusive_cpu_s=0.002240647 clock_errors=0
[perfect_drone_full_node-2] [THREAD_CPU_PROFILE] version=1 pid=3372018 steady_ns=1070308219972822 final=0 stage=map_ros_to_pcl calls=300 inclusive_cpu_s=0.193296988 exclusive_cpu_s=0.193296988 clock_errors=0
[perfect_drone_full_node-2] [THREAD_CPU_PROFILE] version=1 pid=3372018 steady_ns=1070308219972822 final=0 stage=map_prob_update calls=300 inclusive_cpu_s=9.319680366 exclusive_cpu_s=9.319680366 clock_errors=0
[perfect_drone_full_node-2] [THREAD_CPU_PROFILE] version=1 pid=3372018 steady_ns=1070308219972822 final=0 stage=map_snapshot_commit_health calls=299 inclusive_cpu_s=1.640908055 exclusive_cpu_s=1.640908055 clock_errors=0
[perfect_drone_full_node-2] [THREAD_CPU_PROFILE] version=1 pid=3372018 steady_ns=1070308219972822 final=0 stage=map_ack_and_log calls=299 inclusive_cpu_s=0.022005170 exclusive_cpu_s=0.022005170 clock_errors=0
[perfect_drone_full_node-2] [THREAD_CPU_PROFILE] version=1 pid=3372018 steady_ns=1070308219972822 final=0 stage=fsm_main_callback calls=3000 inclusive_cpu_s=0.126430597 exclusive_cpu_s=0.015785442 clock_errors=0
[perfect_drone_full_node-2] [THREAD_CPU_PROFILE] version=1 pid=3372018 steady_ns=1070308219972822 final=0 stage=fsm_main_core calls=3000 inclusive_cpu_s=0.055498828 exclusive_cpu_s=0.011379427 clock_errors=0
[perfect_drone_full_node-2] [THREAD_CPU_PROFILE] version=1 pid=3372018 steady_ns=1070308219972822 final=0 stage=fsm_replan_callback calls=455 inclusive_cpu_s=4.287427576 exclusive_cpu_s=0.007908284 clock_errors=0
[perfect_drone_full_node-2] [THREAD_CPU_PROFILE] version=1 pid=3372018 steady_ns=1070308219972822 final=0 stage=fsm_replan_core calls=205 inclusive_cpu_s=4.230764168 exclusive_cpu_s=0.008705617 clock_errors=0
[perfect_drone_full_node-2] [THREAD_CPU_PROFILE] version=1 pid=3372018 steady_ns=1070308219972822 final=0 stage=fsm_command_callback calls=3001 inclusive_cpu_s=0.209398552 exclusive_cpu_s=0.209398552 clock_errors=0
[perfect_drone_full_node-2] [THREAD_CPU_PROFILE] version=1 pid=3372018 steady_ns=1070308219972822 final=0 stage=guard_certificate calls=6105 inclusive_cpu_s=0.064379665 exclusive_cpu_s=0.030932533 clock_errors=0
[perfect_drone_full_node-2] [THREAD_CPU_PROFILE] version=1 pid=3372018 steady_ns=1070308219972822 final=0 stage=planner_generate_exp calls=189 inclusive_cpu_s=2.643865465 exclusive_cpu_s=0.014504558 clock_errors=0
[perfect_drone_full_node-2] [THREAD_CPU_PROFILE] version=1 pid=3372018 steady_ns=1070308219972822 final=0 stage=planner_generate_backup calls=188 inclusive_cpu_s=1.543056115 exclusive_cpu_s=0.555469471 clock_errors=0
[perfect_drone_full_node-2] [THREAD_CPU_PROFILE] version=1 pid=3372018 steady_ns=1070308219972822 final=0 stage=planner_commit calls=187 inclusive_cpu_s=0.050897774 exclusive_cpu_s=0.014039474 clock_errors=0
[perfect_drone_full_node-2] [THREAD_CPU_PROFILE] version=1 pid=3372018 steady_ns=1070308219972822 final=0 stage=planner_validate_geometry calls=2551 inclusive_cpu_s=0.109173834 exclusive_cpu_s=0.109173834 clock_errors=0
[perfect_drone_full_node-2] [THREAD_CPU_PROFILE] version=1 pid=3372018 steady_ns=1070308219972822 final=0 stage=planner_stop_viability calls=366 inclusive_cpu_s=0.071430805 exclusive_cpu_s=0.008132019 clock_errors=0
[perfect_drone_full_node-2] [THREAD_CPU_PROFILE] version=1 pid=3372018 steady_ns=1070308219972822 final=0 stage=planner_path_search calls=175 inclusive_cpu_s=0.467638565 exclusive_cpu_s=0.467638565 clock_errors=0
[perfect_drone_full_node-2] [THREAD_CPU_PROFILE] version=1 pid=3372018 steady_ns=1070308219972822 final=0 stage=planner_exp_optimize calls=186 inclusive_cpu_s=1.850330942 exclusive_cpu_s=1.850330942 clock_errors=0
[perfect_drone_full_node-2] [THREAD_CPU_PROFILE] version=1 pid=3372018 steady_ns=1070308219972822 final=0 stage=planner_backup_optimize calls=173 inclusive_cpu_s=0.987586644 exclusive_cpu_s=0.987586644 clock_errors=0
[perfect_drone_full_node-2] [THREAD_CPU_PROFILE] version=1 pid=3372018 steady_ns=1070308219972822 final=0 stage=planner_corridor_search calls=186 inclusive_cpu_s=0.311391400 exclusive_cpu_s=0.311391400 clock_errors=0
[perfect_drone_full_node-2] [THREAD_CPU_PROFILE] version=1 pid=3372018 steady_ns=1070308219972822 final=0 stage=planner_velocity_extrema calls=343 inclusive_cpu_s=0.002921109 exclusive_cpu_s=0.002921109 clock_errors=0
[perfect_drone_full_node-2] [THREAD_CPU_PROFILE] version=1 pid=3372018 steady_ns=1070308219972822 final=0 stage=planner_visualize_path calls=2880 inclusive_cpu_s=0.016848902 exclusive_cpu_s=0.016848902 clock_errors=0
[perfect_drone_full_node-2] [THREAD_CPU_PROFILE] version=1 pid=3372018 steady_ns=1070308219972822 final=0 stage=fsm_poly_publish calls=155 inclusive_cpu_s=0.011509696 exclusive_cpu_s=0.001109952 clock_errors=0
[perfect_drone_full_node-2] [THREAD_CPU_PROFILE] version=1 pid=3372018 steady_ns=1070308219972822 final=0 stage=sim_odom_callback calls=3001 inclusive_cpu_s=0.298206254 exclusive_cpu_s=0.298206254 clock_errors=0
[perfect_drone_full_node-2] [THREAD_CPU_PROFILE] version=1 pid=3372018 steady_ns=1070308219972822 final=0 stage=sim_render_callback calls=300 inclusive_cpu_s=1.356826997 exclusive_cpu_s=1.354951245 clock_errors=0
[perfect_drone_full_node-2] [THREAD_CPU_PROFILE] version=1 pid=3372018 steady_ns=1070308219972822 final=0 stage=map_odom_callback calls=2853 inclusive_cpu_s=0.022030556 exclusive_cpu_s=0.022030556 clock_errors=0
[perfect_drone_full_node-2] [INFO] [1789558472.369258902] [fsm_node]:  -- [TRAJ_GUARD_COMMIT] phase=ReplanOnce/with_backup gen=156 map=300 samples=223 range=[0.025,1.127] escape=false footprint_egress=false escape_done_tt=-1.000
[perfect_drone_full_node-2]  -- [TRAJ_GUARD_CERT] trigger=poly_publish status=SAFE gen=155 map=299 map_age=0.082s map_age_limit=0.500s motion_speed=6.989mps samples=274 range=[0.034,1.399] collision_tt=-1.000 ttc=-1.000 p=[0.000,0.000,0.000]
[perfect_drone_full_node-2]  -- [TRAJ_GUARD_CERT] trigger=main_pre status=SAFE gen=155 map=300 map_age=0.016s map_age_limit=0.500s motion_speed=5.582mps samples=267 range=[0.070,1.399] collision_tt=-1.000 ttc=-1.000 p=[0.000,0.000,0.000]
[perfect_drone_full_node-2] [32m -- [Fsm] ReplanOnce succeed.[0m
[perfect_drone_full_node-2] [INFO] [1789558472.401389648] [perfect_tracking]: [SENSOR_ACQUISITION_FRAME] frame=301 cycle=0 full=1 stamp_ns=1789558472397447750 width=900 height=445 readback_pixels=801000 conversion_rays=115200 generated_points=25730 bytes=823360 half_angle_deg=45.000
[perfect_drone_full_node-2]  -- [TRAJ_GUARD_CERT] trigger=poly_publish status=SAFE gen=156 map=300 map_age=0.038s map_age_limit=0.500s motion_speed=5.556mps samples=222 range=[0.026,1.127] collision_tt=-1.000 ttc=-1.000 p=[0.000,0.000,0.000]
[perfect_drone_full_node-2] Publish local map size: 25730
[perfect_drone_full_node-2]  -- [TRAJ_GUARD_CERT] trigger=main_pre status=SAFE gen=156 map=301 map_age=0.013s map_age_limit=0.500s motion_speed=5.463mps samples=206 range=[0.104,1.127] collision_tt=-1.000 ttc=-1.000 p=[0.000,0.000,0.000]
[perfect_drone_full_node-2] [32m -- [Fsm 30.140] Current state: FOLLOW_TRAJ[0m
[perfect_drone_full_node-2] [INFO] [1789558472.501851473] [perfect_tracking]: [SENSOR_ACQUISITION_FRAME] frame=302 cycle=0 full=1 stamp_ns=1789558472497474356 width=900 height=445 readback_pixels=801000 conversion_rays=115200 generated_points=27544 bytes=881408 half_angle_deg=45.000
[perfect_drone_full_node-2] Publish local map size: 27544
[perfect_drone_full_node-2] [INFO] [1789558472.559902071] [fsm_node]:  -- [TRAJ_GUARD_COMMIT] phase=ReplanOnce/with_backup gen=157 map=302 samples=214 range=[0.018,1.076] escape=false footprint_egress=false escape_done_tt=-1.000
[perfect_drone_full_node-2]  -- [TRAJ_GUARD_CERT] trigger=main_pre status=SAFE gen=156 map=302 map_age=0.014s map_age_limit=0.500s motion_speed=5.484mps samples=186 range=[0.204,1.127] collision_tt=-1.000 ttc=-1.000 p=[0.000,0.000,0.000]
[perfect_drone_full_node-2] [32m -- [Fsm] ReplanOnce succeed.[0m
[waypoint_mission-1] [INFO] [1789558472.570869199] [waypoint_mission]: [MISSION_GOAL_IDENTITY] stamp_ns=1789558467550889581 new_intent=0 new_identity=0 supported=1 waypoint=3
[perfect_drone_full_node-2] [INFO] [1789558472.571203285] [fsm_node]:  -- [GOAL_RETRANSMIT_COALESCED] stamp_ns=1789558467550889581 generation=157 map=302 queued_revision=11 accepted_revision=10 coalesced_total=21
[perfect_drone_full_node-2] [INFO] [1789558472.600494275] [perfect_tracking]: [SENSOR_ACQUISITION_FRAME] frame=303 cycle=0 full=1 stamp_ns=1789558472597439558 width=900 height=445 readback_pixels=801000 conversion_rays=115200 generated_points=23242 bytes=743744 half_angle_deg=45.000
[perfect_drone_full_node-2]  -- [TRAJ_GUARD_CERT] trigger=poly_publish status=SAFE gen=157 map=302 map_age=0.026s map_age_limit=0.500s motion_speed=5.529mps samples=213 range=[0.018,1.076] collision_tt=-1.000 ttc=-1.000 p=[0.000,0.000,0.000]
[perfect_drone_full_node-2] Publish local map size: 23242
[perfect_drone_full_node-2] [INFO] [1789558472.607667032] [fsm_node]:  -- [DEMAND_REPLAN] checks=455 skips=247 renewals=198 reason=INSUFFICIENT_MOTION_HORIZON gen=157 map=302 required_until=0.272 checked_until=1.127
[perfect_drone_full_node-2] [INFO] [1789558472.607716932] [fsm_node]:  -- [DEMAND_REPLAN_REASONS] checks=455 counted=455 max_dispatch_interval=0.25 final_counts=DISABLED=0,INVALID_POLICY=0,NOT_ORDINARY=17,NEW_GOAL=22,RECOVERY_PENDING=0,SAFETY_PENDING=0,FAILURE_OR_REJECTION=19,NO_SUCCESSFUL_LEASE=0,STALE_OR_UNCERTIFIED_MAP=7,TRAJECTORY_MISMATCH=0,CLOCK_INVALID=0,DISPATCH_DEADLINE=115,ON_BACKUP=1,INSUFFICIENT_GEOMETRY=1,INSUFFICIENT_MOTION_HORIZON=10,NEED_VIABILITY_RENEWAL=0,VIABILITY_RENEWAL_REJECTED=16,EVIDENCE_CHANGED=0,SKIP=247
[perfect_drone_full_node-2]  -- [TRAJ_GUARD_CERT] trigger=main_pre status=SAFE gen=157 map=303 map_age=0.007s map_age_limit=0.500s motion_speed=5.752mps samples=198 range=[0.096,1.076] collision_tt=-1.000 ttc=-1.000 p=[0.000,0.000,0.000]
[perfect_drone_full_node-2] [33m Yaw rate too large, 7.928849551932799[0m
[perfect_drone_full_node-2] [INFO] [1789558472.644685994] [fsm_node]:  -- [TRAJ_GUARD_COMMIT] phase=ReplanOnce/with_backup gen=158 map=303 samples=173 range=[0.037,0.888] escape=false footprint_egress=false escape_done_tt=-1.000
[perfect_drone_full_node-2] [32m -- [Fsm] ReplanOnce succeed.[0m
[perfect_drone_full_node-2] [INFO] [1789558472.701546775] [perfect_tracking]: [SENSOR_ACQUISITION_FRAME] frame=304 cycle=0 full=1 stamp_ns=1789558472697492099 width=900 height=445 readback_pixels=801000 conversion_rays=115200 generated_points=20053 bytes=641696 half_angle_deg=45.000
[perfect_drone_full_node-2]  -- [TRAJ_GUARD_CERT] trigger=poly_publish status=SAFE gen=158 map=303 map_age=0.014s map_age_limit=0.500s motion_speed=5.787mps samples=172 range=[0.037,0.888] collision_tt=-1.000 ttc=-1.000 p=[0.000,0.000,0.000]
[perfect_drone_full_node-2] Publish local map size: 20053
[perfect_drone_full_node-2] [INFO] [1789558472.802821962] [perfect_tracking]: [SENSOR_ACQUISITION_FRAME] frame=305 cycle=0 full=1 stamp_ns=1789558472797417026 width=900 height=445 readback_pixels=801000 conversion_rays=115200 generated_points=24395 bytes=780640 half_angle_deg=45.000
[perfect_drone_full_node-2]  -- [TRAJ_GUARD_CERT] trigger=main_pre status=SAFE gen=158 map=304 map_age=0.013s map_age_limit=0.500s motion_speed=6.166mps samples=151 range=[0.140,0.888] collision_tt=-1.000 ttc=-1.000 p=[0.000,0.000,0.000]
[perfect_drone_full_node-2] Publish local map size: 24395
[perfect_drone_full_node-2] [INFO] [1789558472.821182805] [fsm_node]:  -- [TRAJ_GUARD_COMMIT] phase=ReplanOnce/with_backup gen=159 map=304 samples=146 range=[0.016,0.734] escape=false footprint_egress=false escape_done_tt=-1.000
[perfect_drone_full_node-2] [32m -- [Fsm] ReplanOnce succeed.[0m
[perfect_drone_full_node-2] [INFO] [1789558472.901998716] [perfect_tracking]: [SENSOR_ACQUISITION_FRAME] frame=306 cycle=0 full=1 stamp_ns=1789558472897535050 width=900 height=445 readback_pixels=801000 conversion_rays=115200 generated_points=21071 bytes=674272 half_angle_deg=45.000
[perfect_drone_full_node-2]  -- [TRAJ_GUARD_CERT] trigger=poly_publish status=SAFE gen=159 map=304 map_age=0.087s map_age_limit=0.500s motion_speed=6.387mps samples=145 range=[0.016,0.734] collision_tt=-1.000 ttc=-1.000 p=[0.000,0.000,0.000]
[perfect_drone_full_node-2]  -- [TRAJ_GUARD_CERT] trigger=main_pre status=SAFE gen=159 map=305 map_age=0.010s map_age_limit=0.500s motion_speed=6.384mps samples=140 range=[0.042,0.734] collision_tt=-1.000 ttc=-1.000 p=[0.000,0.000,0.000]
[perfect_drone_full_node-2] Publish local map size: 21071
[perfect_drone_full_node-2] [INFO] [1789558473.002275630] [perfect_tracking]: [SENSOR_ACQUISITION_FRAME] frame=307 cycle=0 full=1 stamp_ns=1789558472997520429 width=900 height=445 readback_pixels=801000 conversion_rays=115200 generated_points=26053 bytes=833696 half_angle_deg=45.000
[perfect_drone_full_node-2]  -- [TRAJ_GUARD_CERT] trigger=main_pre status=SAFE gen=159 map=306 map_age=0.007s map_age_limit=0.500s motion_speed=5.937mps samples=122 range=[0.132,0.734] collision_tt=-1.000 ttc=-1.000 p=[0.000,0.000,0.000]
[perfect_drone_full_node-2] Publish local map size: 26053
[perfect_drone_full_node-2] [ERROR] [1789558473.039355803] [fsm_node]:  -- [TRAJ_GUARD_REJECT] phase=ReplanOnce/with_backup segment=APPENDED_BACKUP status=CLEARANCE_MARGIN gen=160 map=307 from_tt=0.036 collision_tt=0.461 collision_p=[6.802,-25.065,1.730] samples=147
[perfect_drone_full_node-2] [INFO] [1789558473.090858091] [fsm_node]:  -- [TRAJ_GUARD_COMMIT] phase=ReplanOnce/with_backup gen=160 map=307 samples=145 range=[0.021,0.735] escape=false footprint_egress=false escape_done_tt=-1.000
[perfect_drone_full_node-2]  -- [TRAJ_GUARD_CERT] trigger=main_pre status=SAFE gen=159 map=307 map_age=0.007s map_age_limit=0.500s motion_speed=4.967mps samples=102 range=[0.232,0.734] collision_tt=-1.000 ttc=-1.000 p=[0.000,0.000,0.000]
[perfect_drone_full_node-2] [32m -- [Fsm] ReplanOnce succeed.[0m
[perfect_drone_full_node-2] [INFO] [1789558473.100921199] [perfect_tracking]: [SENSOR_ACQUISITION_FRAME] frame=308 cycle=0 full=1 stamp_ns=1789558473097521773 width=900 height=445 readback_pixels=801000 conversion_rays=115200 generated_points=28300 bytes=905600 half_angle_deg=45.000
[perfect_drone_full_node-2]  -- [TRAJ_GUARD_CERT] trigger=poly_publish status=SAFE gen=160 map=307 map_age=0.060s map_age_limit=0.500s motion_speed=4.573mps samples=144 range=[0.021,0.735] collision_tt=-1.000 ttc=-1.000 p=[0.000,0.000,0.000]
[perfect_drone_full_node-2] Publish local map size: 28300
[perfect_drone_full_node-2] [INFO] [1789558473.156867987] [fsm_node]:  -- [TRAJ_GUARD_COMMIT] phase=ReplanOnce/with_backup gen=161 map=308 samples=122 range=[0.021,0.619] escape=false footprint_egress=false escape_done_tt=-1.000
[perfect_drone_full_node-2]  -- [TRAJ_GUARD_CERT] trigger=main_pre status=SAFE gen=160 map=308 map_age=0.015s map_age_limit=0.500s motion_speed=4.492mps samples=135 range=[0.068,0.735] collision_tt=-1.000 ttc=-1.000 p=[0.000,0.000,0.000]
[perfect_drone_full_node-2] [32m -- [Fsm] ReplanOnce succeed.[0m
[perfect_drone_full_node-2] [INFO] [1789558473.204843187] [perfect_tracking]: [SENSOR_ACQUISITION_FRAME] frame=309 cycle=0 full=1 stamp_ns=1789558473197667385 width=900 height=445 readback_pixels=801000 conversion_rays=115200 generated_points=34798 bytes=1113536 half_angle_deg=45.000
[perfect_drone_full_node-2]  -- [TRAJ_GUARD_CERT] trigger=poly_publish status=SAFE gen=161 map=308 map_age=0.034s map_age_limit=0.500s motion_speed=4.503mps samples=121 range=[0.022,0.619] collision_tt=-1.000 ttc=-1.000 p=[0.000,0.000,0.000]
[perfect_drone_full_node-2] Publish local map size: 34798
[perfect_drone_full_node-2] [INFO] [1789558473.228104171] [fsm_node]:  -- [TRAJ_GUARD_COMMIT] phase=ReplanOnce/with_backup gen=162 map=308 samples=106 range=[0.026,0.543] escape=false footprint_egress=false escape_done_tt=-1.000
[perfect_drone_full_node-2] [32m -- [Fsm] ReplanOnce succeed.[0m
[perfect_drone_full_node-2] [INFO] [1789558473.283140929] [fsm_node]:  -- [TRAJ_GUARD_COMMIT] phase=ReplanOnce/with_backup gen=163 map=309 samples=105 range=[0.015,0.525] escape=false footprint_egress=false escape_done_tt=-1.000
[perfect_drone_full_node-2]  -- [TRAJ_GUARD_CERT] trigger=poly_publish status=SAFE gen=162 map=308 map_age=0.105s map_age_limit=0.500s motion_speed=4.739mps samples=105 range=[0.027,0.543] collision_tt=-1.000 ttc=-1.000 p=[0.000,0.000,0.000]
[perfect_drone_full_node-2]  -- [TRAJ_GUARD_CERT] trigger=main_pre status=SAFE gen=162 map=309 map_age=0.011s map_age_limit=0.500s motion_speed=4.739mps samples=103 range=[0.036,0.543] collision_tt=-1.000 ttc=-1.000 p=[0.000,0.000,0.000]
[perfect_drone_full_node-2] [32m -- [Fsm] ReplanOnce succeed.[0m
[perfect_drone_full_node-2] [INFO] [1789558473.302780761] [perfect_tracking]: [SENSOR_ACQUISITION_FRAME] frame=310 cycle=0 full=1 stamp_ns=1789558473297434499 width=900 height=445 readback_pixels=801000 conversion_rays=115200 generated_points=32280 bytes=1032960 half_angle_deg=45.000
[perfect_drone_full_node-2]  -- [TRAJ_GUARD_CERT] trigger=poly_publish status=SAFE gen=163 map=309 map_age=0.056s map_age_limit=0.500s motion_speed=4.871mps samples=103 range=[0.015,0.525] collision_tt=-1.000 ttc=-1.000 p=[0.000,0.000,0.000]
[perfect_drone_full_node-2] Publish local map size: 32280
[perfect_drone_full_node-2] [WARN] [1789558473.355604027] [fsm_node]:  -- [TRAJ_GUARD_VIABILITY_SLOWDOWN] phase=ReplanOnce/with_backup gen=164 scale=1.250 retries=1
[perfect_drone_full_node-2] [INFO] [1789558473.355673040] [fsm_node]:  -- [TRAJ_GUARD_COMMIT] phase=ReplanOnce/with_backup gen=164 map=310 samples=141 range=[0.022,0.713] escape=false footprint_egress=false escape_done_tt=-1.000
[perfect_drone_full_node-2]  -- [TRAJ_GUARD_CERT] trigger=main_pre status=SAFE gen=163 map=310 map_age=0.007s map_age_limit=0.500s motion_speed=4.934mps samples=95 range=[0.060,0.525] collision_tt=-1.000 ttc=-1.000 p=[0.000,0.000,0.000]
[perfect_drone_full_node-2] [32m -- [Fsm] ReplanOnce succeed.[0m
[perfect_drone_full_node-2] [INFO] [1789558473.403290280] [perfect_tracking]: [SENSOR_ACQUISITION_FRAME] frame=311 cycle=0 full=1 stamp_ns=1789558473397487591 width=900 height=445 readback_pixels=801000 conversion_rays=115200 generated_points=42895 bytes=1372640 half_angle_deg=45.000
[perfect_drone_full_node-2]  -- [TRAJ_GUARD_CERT] trigger=poly_publish status=SAFE gen=164 map=310 map_age=0.036s map_age_limit=0.500s motion_speed=4.959mps samples=140 range=[0.022,0.713] collision_tt=-1.000 ttc=-1.000 p=[0.000,0.000,0.000]
[perfect_drone_full_node-2] Publish local map size: 42895
[perfect_drone_full_node-2] [INFO] [1789558473.414566669] [fsm_node]:  -- [TRAJ_GUARD_COMMIT] phase=ReplanOnce/with_backup gen=165 map=310 samples=124 range=[0.015,0.623] escape=false footprint_egress=false escape_done_tt=-1.000
[perfect_drone_full_node-2] [32m -- [Fsm] ReplanOnce succeed.[0m
[perfect_drone_full_node-2]  -- [TRAJ_GUARD_CERT] trigger=poly_publish status=SAFE gen=165 map=310 map_age=0.095s map_age_limit=0.500s motion_speed=3.958mps samples=123 range=[0.015,0.623] collision_tt=-1.000 ttc=-1.000 p=[0.000,0.000,0.000]
[perfect_drone_full_node-2]  -- [TRAJ_GUARD_CERT] trigger=main_pre status=SAFE gen=165 map=311 map_age=0.004s map_age_limit=0.500s motion_speed=3.950mps samples=120 range=[0.028,0.623] collision_tt=-1.000 ttc=-1.000 p=[0.000,0.000,0.000]
[perfect_drone_full_node-2] [32m -- [Fsm 31.149] Current state: FOLLOW_TRAJ[0m
[perfect_drone_full_node-2] [INFO] [1789558473.481343930] [fsm_node]:  -- [TRAJ_GUARD_COMMIT] phase=ReplanOnce/with_backup gen=166 map=311 samples=244 range=[0.016,1.224] escape=false footprint_egress=false escape_done_tt=-1.000
[perfect_drone_full_node-2] [32m -- [Fsm] ReplanOnce succeed.[0m
[perfect_drone_full_node-2]  -- [TRAJ_GUARD_CERT] trigger=poly_publish status=SAFE gen=166 map=311 map_age=0.058s map_age_limit=0.500s motion_speed=3.915mps samples=243 range=[0.016,1.224] collision_tt=-1.000 ttc=-1.000 p=[0.000,0.000,0.000]
[perfect_drone_full_node-2]  -- [MARSIM] Running FPS: 231.096
[perfect_drone_full_node-2] [INFO] [1789558473.502702941] [perfect_tracking]: [SENSOR_ACQUISITION_FRAME] frame=312 cycle=0 full=1 stamp_ns=1789558473497487611 width=900 height=445 readback_pixels=801000 conversion_rays=115200 generated_points=44837 bytes=1434784 half_angle_deg=45.000
[perfect_drone_full_node-2] Publish local map size: 44837
[perfect_drone_full_node-2] [INFO] [1789558473.563935971] [fsm_node]:  -- [TRAJ_GUARD_COMMIT] phase=ReplanOnce/with_backup gen=167 map=312 samples=248 range=[0.032,1.257] escape=false footprint_egress=false escape_done_tt=-1.000
[perfect_drone_full_node-2]  -- [TRAJ_GUARD_CERT] trigger=main_pre status=SAFE gen=166 map=312 map_age=0.013s map_age_limit=0.500s motion_speed=3.891mps samples=232 range=[0.072,1.224] collision_tt=-1.000 ttc=-1.000 p=[0.000,0.000,0.000]
[perfect_drone_full_node-2] [32m -- [Fsm] ReplanOnce succeed.[0m
[waypoint_mission-1] [INFO] [1789558473.570923594] [waypoint_mission]: [MISSION_GOAL_IDENTITY] stamp_ns=1789558467550889581 new_intent=0 new_identity=0 supported=1 waypoint=3
[perfect_drone_full_node-2] [INFO] [1789558473.571164233] [fsm_node]:  -- [GOAL_RETRANSMIT_COALESCED] stamp_ns=1789558467550889581 generation=167 map=312 queued_revision=11 accepted_revision=10 coalesced_total=22
[perfect_drone_full_node-2] [INFO] [1789558473.603178581] [perfect_tracking]: [SENSOR_ACQUISITION_FRAME] frame=313 cycle=0 full=1 stamp_ns=1789558473597559341 width=900 height=445 readback_pixels=801000 conversion_rays=115200 generated_points=47328 bytes=1514496 half_angle_deg=45.000
[perfect_drone_full_node-2]  -- [TRAJ_GUARD_CERT] trigger=poly_publish status=SAFE gen=167 map=312 map_age=0.040s map_age_limit=0.500s motion_speed=3.921mps samples=246 range=[0.033,1.257] collision_tt=-1.000 ttc=-1.000 p=[0.000,0.000,0.000]
[perfect_drone_full_node-2] Publish local map size: 47328
[perfect_drone_full_node-2] [INFO] [1789558473.702870640] [perfect_tracking]: [SENSOR_ACQUISITION_FRAME] frame=314 cycle=0 full=1 stamp_ns=1789558473697511695 width=900 height=445 readback_pixels=801000 conversion_rays=115200 generated_points=45728 bytes=1463296 half_angle_deg=45.000
[perfect_drone_full_node-2]  -- [TRAJ_GUARD_CERT] trigger=main_pre status=SAFE gen=167 map=313 map_age=0.010s map_age_limit=0.500s motion_speed=4.264mps samples=232 range=[0.106,1.257] collision_tt=-1.000 ttc=-1.000 p=[0.000,0.000,0.000]
[perfect_drone_full_node-2] Publish local map size: 45728
[perfect_drone_full_node-2] [INFO] [1789558473.739792969] [fsm_node]:  -- [TRAJ_GUARD_COMMIT] phase=ReplanOnce/with_backup gen=168 map=313 samples=208 range=[0.010,1.036] escape=false footprint_egress=false escape_done_tt=-1.000
[perfect_drone_full_node-2] [32m -- [Fsm] ReplanOnce succeed.[0m
[perfect_drone_full_node-2] [INFO] [1789558473.802621152] [perfect_tracking]: [SENSOR_ACQUISITION_FRAME] frame=315 cycle=0 full=1 stamp_ns=1789558473797575505 width=900 height=445 readback_pixels=801000 conversion_rays=115200 generated_points=47212 bytes=1510784 half_angle_deg=45.000
[perfect_drone_full_node-2]  -- [TRAJ_GUARD_CERT] trigger=poly_publish status=SAFE gen=168 map=313 map_age=0.112s map_age_limit=0.500s motion_speed=5.340mps samples=207 range=[0.011,1.036] collision_tt=-1.000 ttc=-1.000 p=[0.000,0.000,0.000]
[perfect_drone_full_node-2]  -- [TRAJ_GUARD_CERT] trigger=main_pre status=SAFE gen=168 map=314 map_age=0.014s map_age_limit=0.500s motion_speed=5.340mps samples=205 range=[0.018,1.036] collision_tt=-1.000 ttc=-1.000 p=[0.000,0.000,0.000]
[perfect_drone_full_node-2] Publish local map size: 47212
[perfect_drone_full_node-2] [INFO] [1789558473.900378131] [perfect_tracking]: [SENSOR_ACQUISITION_FRAME] frame=316 cycle=0 full=1 stamp_ns=1789558473897478378 width=900 height=445 readback_pixels=801000 conversion_rays=115200 generated_points=32226 bytes=1031232 half_angle_deg=45.000
[perfect_drone_full_node-2]  -- [TRAJ_GUARD_CERT] trigger=main_pre status=SAFE gen=168 map=315 map_age=0.007s map_age_limit=0.500s motion_speed=6.156mps samples=187 range=[0.108,1.036] collision_tt=-1.000 ttc=-1.000 p=[0.000,0.000,0.000]
[perfect_drone_full_node-2] Publish local map size: 32226
[perfect_drone_full_node-2] [INFO] [1789558473.982959433] [fsm_node]:  -- [TRAJ_GUARD_COMMIT] phase=ReplanOnce/with_backup gen=169 map=316 samples=254 range=[0.055,1.314] escape=false footprint_egress=false escape_done_tt=-1.000
[perfect_drone_full_node-2]  -- [TRAJ_GUARD_CERT] trigger=main_pre status=SAFE gen=168 map=316 map_age=0.012s map_age_limit=0.500s motion_speed=6.715mps samples=167 range=[0.208,1.036] collision_tt=-1.000 ttc=-1.000 p=[0.000,0.000,0.000]
[perfect_drone_full_node-2] [32m -- [Fsm] ReplanOnce succeed.[0m
[perfect_drone_full_node-2] [INFO] [1789558474.001943986] [perfect_tracking]: [SENSOR_ACQUISITION_FRAME] frame=317 cycle=0 full=1 stamp_ns=1789558473997514017 width=900 height=445 readback_pixels=801000 conversion_rays=115200 generated_points=22898 bytes=732736 half_angle_deg=45.000
[perfect_drone_full_node-2]  -- [TRAJ_GUARD_CERT] trigger=poly_publish status=SAFE gen=169 map=316 map_age=0.057s map_age_limit=0.500s motion_speed=6.860mps samples=253 range=[0.055,1.314] collision_tt=-1.000 ttc=-1.000 p=[0.000,0.000,0.000]
[perfect_drone_full_node-2] Publish local map size: 22898
[perfect_drone_full_node-2] [INFO] [1789558474.103658456] [perfect_tracking]: [SENSOR_ACQUISITION_FRAME] frame=318 cycle=0 full=1 stamp_ns=1789558474097557504 width=900 height=445 readback_pixels=801000 conversion_rays=115200 generated_points=22075 bytes=706400 half_angle_deg=45.000
[perfect_drone_full_node-2]  -- [TRAJ_GUARD_CERT] trigger=main_pre status=SAFE gen=169 map=317 map_age=0.011s map_age_limit=0.500s motion_speed=6.930mps samples=242 range=[0.110,1.314] collision_tt=-1.000 ttc=-1.000 p=[0.000,0.000,0.000]
[perfect_drone_full_node-2] Publish local map size: 22075
[perfect_drone_full_node-2] [INFO] [1789558474.143032905] [fsm_node]:  -- [TRAJ_GUARD_COMMIT] phase=ReplanOnce/with_backup gen=170 map=318 samples=201 range=[0.017,1.009] escape=false footprint_egress=false escape_done_tt=-1.000
[perfect_drone_full_node-2] [32m -- [Fsm] ReplanOnce succeed.[0m
[perfect_drone_full_node-2] [INFO] [1789558474.203446865] [perfect_tracking]: [SENSOR_ACQUISITION_FRAME] frame=319 cycle=0 full=1 stamp_ns=1789558474197590151 width=900 height=445 readback_pixels=801000 conversion_rays=115200 generated_points=20496 bytes=655872 half_angle_deg=45.000
[perfect_drone_full_node-2]  -- [TRAJ_GUARD_CERT] trigger=poly_publish status=SAFE gen=170 map=318 map_age=0.007s map_age_limit=0.500s motion_speed=6.987mps samples=200 range=[0.018,1.009] collision_tt=-1.000 ttc=-1.000 p=[0.000,0.000,0.000]
[perfect_drone_full_node-2] Publish local map size: 20496
[perfect_drone_full_node-2] [INFO] [1789558474.303234416] [perfect_tracking]: [SENSOR_ACQUISITION_FRAME] frame=320 cycle=0 full=1 stamp_ns=1789558474297575927 width=900 height=445 readback_pixels=801000 conversion_rays=115200 generated_points=31352 bytes=1003264 half_angle_deg=45.000
[perfect_drone_full_node-2]  -- [TRAJ_GUARD_CERT] trigger=main_pre status=SAFE gen=170 map=319 map_age=0.006s map_age_limit=0.500s motion_speed=6.946mps samples=181 range=[0.112,1.009] collision_tt=-1.000 ttc=-1.000 p=[0.000,0.000,0.000]
[perfect_drone_full_node-2] Publish local map size: 31352
[perfect_drone_full_node-2] [INFO] [1789558474.401375928] [perfect_tracking]: [SENSOR_ACQUISITION_FRAME] frame=321 cycle=0 full=1 stamp_ns=1789558474397562249 width=900 height=445 readback_pixels=801000 conversion_rays=115200 generated_points=39223 bytes=1255136 half_angle_deg=45.000
[perfect_drone_full_node-2]  -- [TRAJ_GUARD_CERT] trigger=main_pre status=SAFE gen=170 map=320 map_age=0.013s map_age_limit=0.500s motion_speed=6.342mps samples=159 range=[0.222,1.009] collision_tt=-1.000 ttc=-1.000 p=[0.000,0.000,0.000]
[perfect_drone_full_node-2] Publish local map size: 39223
[perfect_drone_full_node-2] [WARN] [1789558474.462326958] [fsm_node]:  -- [SUPER] in [ReplanOnce]: Replan overtime, check parameters, replan dt = 0.138799514.
[perfect_drone_full_node-2]  -- [TRAJ_GUARD_CERT] trigger=main_pre status=SAFE gen=170 map=321 map_age=0.016s map_age_limit=0.500s motion_speed=5.802mps samples=139 range=[0.322,1.009] collision_tt=-1.000 ttc=-1.000 p=[0.000,0.000,0.000]
[perfect_drone_full_node-2] [32m -- [Fsm 32.150] Current state: FOLLOW_TRAJ[0m
[perfect_drone_full_node-2] [INFO] [1789558474.487361707] [fsm_node]:  -- [TRAJ_GUARD_COMMIT] phase=ReplanOnce/with_backup gen=171 map=321 samples=134 range=[0.025,0.683] escape=false footprint_egress=false escape_done_tt=-1.000
[perfect_drone_full_node-2] [32m -- [Fsm] ReplanOnce succeed.[0m
[perfect_drone_full_node-2] [INFO] [1789558474.501333958] [perfect_tracking]: [SENSOR_ACQUISITION_FRAME] frame=322 cycle=0 full=1 stamp_ns=1789558474497475570 width=900 height=445 readback_pixels=801000 conversion_rays=115200 generated_points=35053 bytes=1121696 half_angle_deg=45.000
[perfect_drone_full_node-2]  -- [TRAJ_GUARD_CERT] trigger=poly_publish status=SAFE gen=171 map=321 map_age=0.056s map_age_limit=0.500s motion_speed=5.753mps samples=133 range=[0.025,0.683] collision_tt=-1.000 ttc=-1.000 p=[0.000,0.000,0.000]
[perfect_drone_full_node-2] Publish local map size: 35053
[waypoint_mission-1] [INFO] [1789558474.580813095] [waypoint_mission]: [MISSION_GOAL_IDENTITY] stamp_ns=1789558467550889581 new_intent=0 new_identity=0 supported=1 waypoint=3
[perfect_drone_full_node-2] [INFO] [1789558474.581121148] [fsm_node]:  -- [GOAL_RETRANSMIT_COALESCED] stamp_ns=1789558467550889581 generation=171 map=322 queued_revision=11 accepted_revision=10 coalesced_total=23
[perfect_drone_full_node-2] [INFO] [1789558474.602153398] [perfect_tracking]: [SENSOR_ACQUISITION_FRAME] frame=323 cycle=0 full=1 stamp_ns=1789558474597567202 width=900 height=445 readback_pixels=801000 conversion_rays=115200 generated_points=28018 bytes=896576 half_angle_deg=45.000
[perfect_drone_full_node-2]  -- [TRAJ_GUARD_CERT] trigger=main_pre status=SAFE gen=171 map=322 map_age=0.008s map_age_limit=0.500s motion_speed=5.770mps samples=123 range=[0.075,0.683] collision_tt=-1.000 ttc=-1.000 p=[0.000,0.000,0.000]
[perfect_drone_full_node-2] Publish local map size: 28018
[perfect_drone_full_node-2] [INFO] [1789558474.688652621] [fsm_node]:  -- [TRAJ_GUARD_COMMIT] phase=ReplanOnce/with_backup gen=172 map=323 samples=97 range=[0.035,0.509] escape=false footprint_egress=false escape_done_tt=-1.000
[perfect_drone_full_node-2]  -- [TRAJ_GUARD_CERT] trigger=main_pre status=SAFE gen=171 map=323 map_age=0.009s map_age_limit=0.500s motion_speed=5.660mps samples=103 range=[0.175,0.683] collision_tt=-1.000 ttc=-1.000 p=[0.000,0.000,0.000]
[perfect_drone_full_node-2] [32m -- [Fsm] ReplanOnce succeed.[0m
[perfect_drone_full_node-2] [INFO] [1789558474.700335565] [perfect_tracking]: [SENSOR_ACQUISITION_FRAME] frame=324 cycle=0 full=1 stamp_ns=1789558474697445693 width=900 height=445 readback_pixels=801000 conversion_rays=115200 generated_points=30888 bytes=988416 half_angle_deg=45.000
[perfect_drone_full_node-2]  -- [TRAJ_GUARD_CERT] trigger=poly_publish status=SAFE gen=172 map=323 map_age=0.061s map_age_limit=0.500s motion_speed=5.359mps samples=96 range=[0.035,0.509] collision_tt=-1.000 ttc=-1.000 p=[0.000,0.000,0.000]
[perfect_drone_full_node-2] Publish local map size: 30888
[perfect_drone_full_node-2] [INFO] [1789558474.800932335] [perfect_tracking]: [SENSOR_ACQUISITION_FRAME] frame=325 cycle=0 full=1 stamp_ns=1789558474797453361 width=900 height=445 readback_pixels=801000 conversion_rays=115200 generated_points=41294 bytes=1321408 half_angle_deg=45.000
[perfect_drone_full_node-2]  -- [TRAJ_GUARD_CERT] trigger=main_pre status=SAFE gen=172 map=324 map_age=0.008s map_age_limit=0.500s motion_speed=5.048mps samples=87 range=[0.084,0.509] collision_tt=-1.000 ttc=-1.000 p=[0.000,0.000,0.000]
[perfect_drone_full_node-2] Publish local map size: 41294
[perfect_drone_full_node-2]  -- [TRAJ_GUARD_CERT] trigger=main_pre status=SAFE gen=172 map=325 map_age=0.012s map_age_limit=0.500s motion_speed=4.004mps samples=67 range=[0.184,0.509] collision_tt=-1.000 ttc=-1.000 p=[0.000,0.000,0.000]
[perfect_drone_full_node-2] [33m -- [MINCO] TrajOpt failed, The algorithm routine reaches the maximum number of iterations.[0m
[perfect_drone_full_node-2] [33m -- [SUPER] Minco exp_traj opt failed.[0m
[perfect_drone_full_node-2] [WARN] [1789558474.851166742] [fsm_node]:  -- [SUPER] OptimizationExpTrajInPolytopes for new path failed
[perfect_drone_full_node-2] [WARN] [1789558474.851213953] [fsm_node]:  -- [SUPER] in [ReplanOnce]: GenerateExpTrajectory failed, force return
[perfect_drone_full_node-2] [INFO] [1789558474.882919219] [fsm_node]:  -- [TRAJ_GUARD_COMMIT] phase=ReplanOnce/with_backup gen=173 map=325 samples=237 range=[0.031,1.203] escape=false footprint_egress=false escape_done_tt=-1.000
[perfect_drone_full_node-2] [32m -- [Fsm] ReplanOnce succeed.[0m
[perfect_drone_full_node-2] [INFO] [1789558474.900693844] [perfect_tracking]: [SENSOR_ACQUISITION_FRAME] frame=326 cycle=0 full=1 stamp_ns=1789558474897561535 width=900 height=445 readback_pixels=801000 conversion_rays=115200 generated_points=46528 bytes=1488896 half_angle_deg=45.000
[perfect_drone_full_node-2]  -- [TRAJ_GUARD_CERT] trigger=poly_publish status=SAFE gen=173 map=325 map_age=0.057s map_age_limit=0.502s motion_speed=3.456mps samples=236 range=[0.032,1.203] collision_tt=-1.000 ttc=-1.000 p=[0.000,0.000,0.000]
[perfect_drone_full_node-2] Publish local map size: 46528
[perfect_drone_full_node-2] [WARN] [1789558474.928537785] [fsm_node]:  -- [ExpOpt] Opt failed, Omg or thr or Pos violation.
[perfect_drone_full_node-2] [WARN] [1789558474.928594696] [fsm_node]:  -- [SUPER] OptimizationExpTrajInPolytopes for new path failed
[perfect_drone_full_node-2] [WARN] [1789558474.928604212] [fsm_node]:  -- [SUPER] in [ReplanOnce]: GenerateExpTrajectory failed, force return
[perfect_drone_full_node-2] [33m -- [MINCO] TrajOpt failed, (unknown)[0m
[perfect_drone_full_node-2] [33m -- [SUPER] Minco exp_traj opt failed.[0m
[perfect_drone_full_node-2] [INFO] [1789558474.937612294] [fsm_node]:  -- [TRAJ_GUARD_RECOVERY_SIGNAL] active=true
[perfect_drone_full_node-2] [ERROR] [1789558474.938677253] [fsm_node]:  -- [TRAJ_GUARD_BRAKE_REJECTED] trigger=main_pre_uncertified searched=[0.400,3.000]s speed0=3.124 initial_source=fresh_command cmd_age=0.010s cmd_pos_err=0.031 cmd_vel_err=inf motion_speed=inf motion_dt=infs motion_pose_speed=inf motion_twist_speed=3.161 motion_disagreement=inf motion_source=none motion_gen=173/0 motion_gen_continuous=false last_dynamics_ok=false max_vel=8.653 vel_limit=7.000 max_acc=0.000 max_jerk=0.000 last_path_status=CLEARANCE_MARGIN last_map=326 map_age=0.013s raw_status=DISABLED raw_cloud=0 raw_age=0.000s ciri_shadow=DISABLED ciri_shadow_result=0 ciri_shadow_queued=0 ciri_shadow_age=infs; no brake command published
[perfect_drone_full_node-2] [ERROR] [1789558474.948010881] [fsm_node]:  -- [TRAJ_GUARD_BRAKE_REJECTED] trigger=emergency_stop_retry searched=[0.400,3.000]s speed0=3.124 initial_source=fresh_command cmd_age=0.020s cmd_pos_err=0.000 cmd_vel_err=0.000 motion_speed=3.124 motion_dt=0.010s motion_pose_speed=3.106 motion_twist_speed=3.124 motion_disagreement=0.097 motion_source=odom_twist motion_gen=173/173 motion_gen_continuous=true last_dynamics_ok=false max_vel=8.653 vel_limit=7.000 max_acc=0.000 max_jerk=0.000 last_path_status=CLEARANCE_MARGIN last_map=326 map_age=0.022s raw_status=DISABLED raw_cloud=0 raw_age=0.000s ciri_shadow=DISABLED ciri_shadow_result=0 ciri_shadow_queued=0 ciri_shadow_age=infs; no brake command published
[perfect_drone_full_node-2] [INFO] [1789558475.003406916] [perfect_tracking]: [SENSOR_ACQUISITION_FRAME] frame=327 cycle=0 full=1 stamp_ns=1789558474997456526 width=900 height=445 readback_pixels=801000 conversion_rays=115200 generated_points=49845 bytes=1595040 half_angle_deg=45.000
[perfect_drone_full_node-2]  -- [TRAJ_GUARD_CERT] trigger=main_pre status=CLEARANCE_MARGIN gen=173 map=326 map_age=0.012s map_age_limit=0.519s motion_speed=3.124mps samples=225 range=[0.086,1.203] collision_tt=0.511 ttc=0.425 p=[15.037,-25.206,2.502]
[perfect_drone_full_node-2] [38;2;000;128;000m -- [Fsm]: [TrajectoryGuardFailClosed] change state from [FOLLOW_TRAJ] to [EMER_STOP].
[perfect_drone_full_node-2] [0mPublish local map size: 49845
[perfect_drone_full_node-2] [ERROR] [1789558475.047683173] [fsm_node]:  -- [TRAJ_GUARD_BRAKE_REJECTED] trigger=emergency_stop_retry searched=[0.400,3.000]s speed0=0.000 initial_source=position_difference cmd_age=0.120s cmd_pos_err=0.000 cmd_vel_err=3.124 motion_speed=0.000 motion_dt=0.100s motion_pose_speed=0.000 motion_twist_speed=3.124 motion_disagreement=3.124 motion_source=position_difference motion_gen=173/173 motion_gen_continuous=true last_dynamics_ok=true max_vel=0.000 vel_limit=7.000 max_acc=0.000 max_jerk=0.000 last_path_status=SAFE last_map=327 map_age=0.019s raw_status=DISABLED raw_cloud=0 raw_age=infs ciri_shadow=DISABLED ciri_shadow_result=0 ciri_shadow_queued=0 ciri_shadow_age=infs; no brake command published
[perfect_drone_full_node-2] [INFO] [1789558475.103081892] [perfect_tracking]: [SENSOR_ACQUISITION_FRAME] frame=328 cycle=0 full=1 stamp_ns=1789558475097578226 width=900 height=445 readback_pixels=801000 conversion_rays=115200 generated_points=49826 bytes=1594432 half_angle_deg=45.000
[perfect_drone_full_node-2] Publish local map size: 49826
[perfect_drone_full_node-2] [ERROR] [1789558475.157658418] [fsm_node]:  -- [TRAJ_GUARD_BRAKE_REJECTED] trigger=emergency_stop_retry searched=[0.400,3.000]s speed0=0.000 initial_source=position_difference cmd_age=0.230s cmd_pos_err=0.000 cmd_vel_err=3.124 motion_speed=0.000 motion_dt=0.110s motion_pose_speed=0.000 motion_twist_speed=3.124 motion_disagreement=3.124 motion_source=position_difference motion_gen=173/173 motion_gen_continuous=true last_dynamics_ok=true max_vel=0.000 vel_limit=7.000 max_acc=0.000 max_jerk=0.000 last_path_status=SAFE last_map=328 map_age=0.026s raw_status=DISABLED raw_cloud=0 raw_age=infs ciri_shadow=DISABLED ciri_shadow_result=0 ciri_shadow_queued=0 ciri_shadow_age=infs; no brake command published
[perfect_drone_full_node-2] [INFO] [1789558475.204029039] [perfect_tracking]: [SENSOR_ACQUISITION_FRAME] frame=329 cycle=0 full=1 stamp_ns=1789558475197492862 width=900 height=445 readback_pixels=801000 conversion_rays=115200 generated_points=49803 bytes=1593696 half_angle_deg=45.000
[perfect_drone_full_node-2] Publish local map size: 49803
[perfect_drone_full_node-2] [ERROR] [1789558475.257820556] [fsm_node]:  -- [TRAJ_GUARD_BRAKE_REJECTED] trigger=emergency_stop_retry searched=[0.400,3.000]s speed0=0.000 initial_source=position_difference cmd_age=0.330s cmd_pos_err=0.000 cmd_vel_err=3.124 motion_speed=0.000 motion_dt=0.100s motion_pose_speed=0.000 motion_twist_speed=3.124 motion_disagreement=3.124 motion_source=position_difference motion_gen=173/173 motion_gen_continuous=true last_dynamics_ok=true max_vel=0.000 vel_limit=7.000 max_acc=0.000 max_jerk=0.000 last_path_status=SAFE last_map=329 map_age=0.029s raw_status=DISABLED raw_cloud=0 raw_age=infs ciri_shadow=DISABLED ciri_shadow_result=0 ciri_shadow_queued=0 ciri_shadow_age=infs; no brake command published
[perfect_drone_full_node-2] [INFO] [1789558475.303862073] [perfect_tracking]: [SENSOR_ACQUISITION_FRAME] frame=330 cycle=0 full=1 stamp_ns=1789558475297487973 width=900 height=445 readback_pixels=801000 conversion_rays=115200 generated_points=49938 bytes=1598016 half_angle_deg=45.000
[perfect_drone_full_node-2] Publish local map size: 49938
[perfect_drone_full_node-2] [WARN] [1789558475.367835557] [fsm_node]:  -- [TRAJ_GUARD_STATIONARY_HOLD] trigger=emergency_stop_retry stable_for=0.320s displacement=0.000m action=publish_certified_hold
[perfect_drone_full_node-2] [ERROR] [1789558475.367966494] [fsm_node]:  -- [TRAJ_GUARD_BRAKE] trigger=emergency_stop_retry duration=0.400s speed0=0.000 initial_source=position_difference cmd_age=0.440s cmd_pos_err=0.000 cmd_vel_err=3.124 motion_speed=0.000 motion_dt=0.110s motion_pose_speed=0.000 motion_twist_speed=3.124 motion_disagreement=3.124 motion_source=position_difference motion_gen=173/173 motion_gen_continuous=true max_vel=0.000 vel_limit=7.000 max_acc=0.000 max_jerk=0.000 dynamics_ok=true path_status=SAFE map=330 map_age=0.039s raw_status=DISABLED raw_cloud=0 raw_age=0.000s ciri_shadow=DISABLED ciri_shadow_result=0 ciri_shadow_queued=0 ciri_shadow_age=infs stop=[14.378,-24.721,2.296]
[perfect_drone_full_node-2] [INFO] [1789558475.399190046] [fsm_node]:  -- [SUPER] in [PlanFromRest] GenerateExpTrajectory SUCCESS.
[perfect_drone_full_node-2] [INFO] [1789558475.400639482] [perfect_tracking]: [SENSOR_ACQUISITION_FRAME] frame=331 cycle=0 full=1 stamp_ns=1789558475397576702 width=900 height=445 readback_pixels=801000 conversion_rays=115200 generated_points=34516 bytes=1104512 half_angle_deg=45.000
[perfect_drone_full_node-2] [38;2;000;128;000m -- [Fsm]: [TrajectoryGuard] change state from [EMER_STOP] to [EMER_STOP].
[perfect_drone_full_node-2] [0m[38;2;000;128;000m -- [Fsm]: [TrajectoryGuardRecovery] change state from [EMER_STOP] to [GENERATE_TRAJ].
[perfect_drone_full_node-2] [0mPublish local map size: 34516
[perfect_drone_full_node-2] [WARN] [1789558475.406888562] [fsm_node]:  -- [TRAJ_GUARD_REROUTE_ARM] zone=0 zones=1 gen=174 rejects=1 center=[15.079,-25.569,2.296] radius=0.800 start_distance=1.100 collision=[14.650,-25.050,2.350] stop_source=odom direction_source=exp_collision branch=0 depth=0 direction_dot=1.000 odom_speed=0.000 action=block_rejected_route
[perfect_drone_full_node-2] [ERROR] [1789558475.406918023] [fsm_node]:  -- [TRAJ_GUARD_REJECT] phase=PlanFromRest/with_backup segment=EXP status=CLEARANCE_MARGIN gen=174 map=330 from_tt=0.029 collision_tt=0.319 collision_p=[14.650,-25.050,2.350] samples=196
[perfect_drone_full_node-2] [33m -- [Fsm] PlanFromRest failed, try replan.[0m
[perfect_drone_full_node-2] [INFO] [1789558475.503810277] [perfect_tracking]: [SENSOR_ACQUISITION_FRAME] frame=332 cycle=0 full=1 stamp_ns=1789558475497494334 width=900 height=445 readback_pixels=801000 conversion_rays=115200 generated_points=34572 bytes=1106304 half_angle_deg=45.000
[perfect_drone_full_node-2] Publish local map size: 34572
[waypoint_mission-1] [INFO] [1789558475.580854223] [waypoint_mission]: [MISSION_GOAL_IDENTITY] stamp_ns=1789558467550889581 new_intent=0 new_identity=0 supported=1 waypoint=3
[perfect_drone_full_node-2] [INFO] [1789558475.603220229] [perfect_tracking]: [SENSOR_ACQUISITION_FRAME] frame=333 cycle=0 full=1 stamp_ns=1789558475597466053 width=900 height=445 readback_pixels=801000 conversion_rays=115200 generated_points=34411 bytes=1101152 half_angle_deg=45.000
[perfect_drone_full_node-2] Publish local map size: 34411
[perfect_drone_full_node-2]  -- [MARSIM] Running FPS: 214.747392593286264
[perfect_drone_full_node-2] [INFO] [1789558475.702604821] [perfect_tracking]: [SENSOR_ACQUISITION_FRAME] frame=334 cycle=0 full=1 stamp_ns=1789558475697524760 width=900 height=445 readback_pixels=801000 conversion_rays=115200 generated_points=34509 bytes=1104288 half_angle_deg=45.000
[perfect_drone_full_node-2] Publish local map size: 34509
[perfect_drone_full_node-2] [INFO] [1789558475.802623511] [perfect_tracking]: [SENSOR_ACQUISITION_FRAME] frame=335 cycle=0 full=1 stamp_ns=1789558475797556738 width=900 height=445 readback_pixels=801000 conversion_rays=115200 generated_points=34510 bytes=1104320 half_angle_deg=45.000
[perfect_drone_full_node-2] Publish local map size: 34510
[perfect_drone_full_node-2] [32m -- [Fsm 33.560] Current state: GENERATE_TRAJ[0m
[perfect_drone_full_node-2] [32m -- [Fsm] Get goal at [0m 24.025 -23.975   1.525
[perfect_drone_full_node-2] [32m -- [Fsm] Receive click goal at: [ 24.025 -23.975   1.525]; goal yaw: 0.000 deg[0m
[perfect_drone_full_node-2] [WARN] [1789558475.887623562] [fsm_node]:  -- [TRAJ_GUARD_REROUTE_SEARCH] zones=1 start=[14.375,-24.725,2.275]
[perfect_drone_full_node-2] [WARN] [1789558475.894012596] [fsm_node]:  -- [SUPER] Retrying EXP with inflated guard corridor.
[perfect_drone_full_node-2] [INFO] [1789558475.901083160] [perfect_tracking]: [SENSOR_ACQUISITION_FRAME] frame=336 cycle=0 full=1 stamp_ns=1789558475897485335 width=900 height=445 readback_pixels=801000 conversion_rays=115200 generated_points=34469 bytes=1103008 half_angle_deg=45.000
[perfect_drone_full_node-2] Publish local map size: 34469
[perfect_drone_full_node-2] [INFO] [1789558475.903964790] [fsm_node]:  -- [SUPER] in [PlanFromRest] GenerateExpTrajectory SUCCESS.
[perfect_drone_full_node-2] [INFO] [1789558475.906089486] [fsm_node]:  -- [TRAJ_GUARD_COMMIT] phase=PlanFromRest/with_backup gen=174 map=335 samples=188 range=[0.018,0.945] escape=false footprint_egress=false escape_done_tt=-1.000
[perfect_drone_full_node-2] [INFO] [1789558475.906219572] [fsm_node]:  -- [TRAJ_GUARD_RECOVERY_SIGNAL] active=false
[perfect_drone_full_node-2] [INFO] [1789558475.906225376] [fsm_node]:  -- [TRAJ_GUARD_RECOVERED] trigger=emergency_stop_retry gen=174 map=335
[perfect_drone_full_node-2] [INFO] [1789558475.991250992] [fsm_node]:  -- [TRAJ_GUARD_COMMIT] phase=ReplanOnce/with_backup gen=175 map=336 samples=182 range=[0.018,0.915] escape=false footprint_egress=false escape_done_tt=-1.000
[perfect_drone_full_node-2]  -- [TRAJ_GUARD_CERT] trigger=poly_publish status=SAFE gen=174 map=335 map_age=0.083s map_age_limit=0.550s motion_speed=0.000mps samples=187 range=[0.019,0.945] collision_tt=-1.000 ttc=-1.000 p=[0.000,0.000,0.000]
[perfect_drone_full_node-2] [38;2;000;128;000m -- [Fsm]: [MainFsmCallback] change state from [GENERATE_TRAJ] to [FOLLOW_TRAJ].
[perfect_drone_full_node-2] [0m -- [TRAJ_GUARD_CERT] trigger=main_pre status=SAFE gen=174 map=336 map_age=0.008s map_age_limit=0.550s motion_speed=0.009mps samples=182 range=[0.040,0.945] collision_tt=-1.000 ttc=-1.000 p=[0.000,0.000,0.000]
[perfect_drone_full_node-2] [32m -- [Fsm] ReplanOnce succeed.[0m
[perfect_drone_full_node-2] [INFO] [1789558476.001496259] [perfect_tracking]: [SENSOR_ACQUISITION_FRAME] frame=337 cycle=0 full=1 stamp_ns=1789558475997565910 width=900 height=445 readback_pixels=801000 conversion_rays=115200 generated_points=43318 bytes=1386176 half_angle_deg=45.000
[perfect_drone_full_node-2]  -- [TRAJ_GUARD_CERT] trigger=poly_publish status=SAFE gen=175 map=336 map_age=0.072s map_age_limit=0.550s motion_speed=0.247mps samples=181 range=[0.018,0.915] collision_tt=-1.000 ttc=-1.000 p=[0.000,0.000,0.000]
[perfect_drone_full_node-2] Publish local map size: 43318
[perfect_drone_full_node-2] [INFO] [1789558476.101809919] [perfect_tracking]: [SENSOR_ACQUISITION_FRAME] frame=338 cycle=0 full=1 stamp_ns=1789558476097695514 width=900 height=445 readback_pixels=801000 conversion_rays=115200 generated_points=47667 bytes=1525344 half_angle_deg=45.000
[perfect_drone_full_node-2]  -- [TRAJ_GUARD_CERT] trigger=main_pre status=SAFE gen=175 map=337 map_age=0.008s map_age_limit=0.550s motion_speed=0.482mps samples=174 range=[0.054,0.915] collision_tt=-1.000 ttc=-1.000 p=[0.000,0.000,0.000]
[perfect_drone_full_node-2] Publish local map size: 47667
[perfect_drone_full_node-2] [INFO] [1789558476.199494656] [fsm_node]:  -- [TRAJ_GUARD_COMMIT] phase=ReplanOnce/with_backup gen=176 map=338 samples=146 range=[0.028,0.744] escape=false footprint_egress=false escape_done_tt=-1.000
[perfect_drone_full_node-2]  -- [TRAJ_GUARD_CERT] trigger=main_pre status=SAFE gen=175 map=338 map_age=0.013s map_age_limit=0.550s motion_speed=1.919mps samples=152 range=[0.164,0.915] collision_tt=-1.000 ttc=-1.000 p=[0.000,0.000,0.000]
[perfect_drone_full_node-2] [32m -- [Fsm] ReplanOnce succeed.[0m
[perfect_drone_full_node-2] [INFO] [1789558476.200683413] [perfect_tracking]: [SENSOR_ACQUISITION_FRAME] frame=339 cycle=0 full=1 stamp_ns=1789558476197550075 width=900 height=445 readback_pixels=801000 conversion_rays=115200 generated_points=46116 bytes=1475712 half_angle_deg=45.000
[perfect_drone_full_node-2]  -- [TRAJ_GUARD_CERT] trigger=poly_publish status=SAFE gen=176 map=338 map_age=0.075s map_age_limit=0.514s motion_speed=3.226mps samples=145 range=[0.028,0.744] collision_tt=-1.000 ttc=-1.000 p=[0.000,0.000,0.000]
[perfect_drone_full_node-2] Publish local map size: 46116
[perfect_drone_full_node-2] [INFO] [1789558476.303314477] [perfect_tracking]: [SENSOR_ACQUISITION_FRAME] frame=340 cycle=0 full=1 stamp_ns=1789558476297488136 width=900 height=445 readback_pixels=801000 conversion_rays=115200 generated_points=39146 bytes=1252672 half_angle_deg=45.000
[perfect_drone_full_node-2]  -- [TRAJ_GUARD_CERT] trigger=main_pre status=SAFE gen=176 map=339 map_age=0.013s map_age_limit=0.500s motion_speed=3.788mps samples=137 range=[0.066,0.744] collision_tt=-1.000 ttc=-1.000 p=[0.000,0.000,0.000]
[perfect_drone_full_node-2] Publish local map size: 39146
[perfect_drone_full_node-2] [INFO] [1789558476.321787054] [fsm_node]:  -- [TRAJ_GUARD_COMMIT] phase=ReplanOnce/with_backup gen=177 map=339 samples=154 range=[0.018,0.774] escape=false footprint_egress=false escape_done_tt=-1.000
[perfect_drone_full_node-2] [32m -- [Fsm] ReplanOnce succeed.[0m
[perfect_drone_full_node-2] [INFO] [1789558476.402548132] [perfect_tracking]: [SENSOR_ACQUISITION_FRAME] frame=341 cycle=0 full=1 stamp_ns=1789558476397536748 width=900 height=445 readback_pixels=801000 conversion_rays=115200 generated_points=50863 bytes=1627616 half_angle_deg=45.000
[perfect_drone_full_node-2]  -- [TRAJ_GUARD_CERT] trigger=poly_publish status=SAFE gen=177 map=339 map_age=0.097s map_age_limit=0.500s motion_speed=5.025mps samples=153 range=[0.018,0.774] collision_tt=-1.000 ttc=-1.000 p=[0.000,0.000,0.000]
[perfect_drone_full_node-2]  -- [TRAJ_GUARD_CERT] trigger=main_pre status=SAFE gen=177 map=340 map_age=0.010s map_age_limit=0.500s motion_speed=5.114mps samples=150 range=[0.034,0.774] collision_tt=-1.000 ttc=-1.000 p=[0.000,0.000,0.000]
[perfect_drone_full_node-2] Publish local map size: 50863
[perfect_drone_full_node-2] [INFO] [1789558476.467971298] [fsm_node]:  -- [TRAJ_GUARD_COMMIT] phase=ReplanOnce/with_backup gen=178 map=341 samples=261 range=[0.032,1.324] escape=false footprint_egress=false escape_done_tt=-1.000
[perfect_drone_full_node-2]  -- [TRAJ_GUARD_CERT] trigger=main_pre status=SAFE gen=177 map=341 map_age=0.009s map_age_limit=0.500s motion_speed=5.552mps samples=130 range=[0.134,0.774] collision_tt=-1.000 ttc=-1.000 p=[0.000,0.000,0.000]
[perfect_drone_full_node-2] [32m -- [Fsm] ReplanOnce succeed.[0m
[perfect_drone_full_node-2] [INFO] [1789558476.501632930] [perfect_tracking]: [SENSOR_ACQUISITION_FRAME] frame=342 cycle=0 full=1 stamp_ns=1789558476497561873 width=900 height=445 readback_pixels=801000 conversion_rays=115200 generated_points=41629 bytes=1332128 half_angle_deg=45.000
[perfect_drone_full_node-2]  -- [TRAJ_GUARD_CERT] trigger=poly_publish status=SAFE gen=178 map=341 map_age=0.040s map_age_limit=0.500s motion_speed=5.563mps samples=260 range=[0.033,1.324] collision_tt=-1.000 ttc=-1.000 p=[0.000,0.000,0.000]
[perfect_drone_full_node-2] Publish local map size: 41629
[waypoint_mission-1] [INFO] [1789558476.581018768] [waypoint_mission]: [MISSION_GOAL_IDENTITY] stamp_ns=1789558467550889581 new_intent=0 new_identity=0 supported=1 waypoint=3
[perfect_drone_full_node-2] [INFO] [1789558476.581563657] [fsm_node]:  -- [GOAL_RETRANSMIT_COALESCED] stamp_ns=1789558467550889581 generation=178 map=342 queued_revision=12 accepted_revision=11 coalesced_total=24
[perfect_drone_full_node-2] [INFO] [1789558476.603929871] [perfect_tracking]: [SENSOR_ACQUISITION_FRAME] frame=343 cycle=0 full=1 stamp_ns=1789558476597573033 width=900 height=445 readback_pixels=801000 conversion_rays=115200 generated_points=42106 bytes=1347392 half_angle_deg=45.000
[perfect_drone_full_node-2]  -- [TRAJ_GUARD_CERT] trigger=main_pre status=SAFE gen=178 map=342 map_age=0.010s map_age_limit=0.500s motion_speed=5.450mps samples=246 range=[0.102,1.324] collision_tt=-1.000 ttc=-1.000 p=[0.000,0.000,0.000]
[perfect_drone_full_node-2] Publish local map size: 42106
[perfect_drone_full_node-2] [INFO] [1789558476.642225726] [fsm_node]:  -- [TRAJ_GUARD_COMMIT] phase=ReplanOnce/with_backup gen=179 map=343 samples=224 range=[0.009,1.117] escape=false footprint_egress=false escape_done_tt=-1.000
[perfect_drone_full_node-2] [32m -- [Fsm] ReplanOnce succeed.[0m
[perfect_drone_full_node-2] [INFO] [1789558476.700973491] [perfect_tracking]: [SENSOR_ACQUISITION_FRAME] frame=344 cycle=0 full=1 stamp_ns=1789558476697562307 width=900 height=445 readback_pixels=801000 conversion_rays=115200 generated_points=34685 bytes=1109920 half_angle_deg=45.000
[perfect_drone_full_node-2]  -- [TRAJ_GUARD_CERT] trigger=poly_publish status=SAFE gen=179 map=343 map_age=0.008s map_age_limit=0.500s motion_speed=5.025mps samples=223 range=[0.009,1.117] collision_tt=-1.000 ttc=-1.000 p=[0.000,0.000,0.000]
[perfect_drone_full_node-2] Publish local map size: 34685
[perfect_drone_full_node-2] [INFO] [1789558476.712615217] [fsm_node]:  -- [TRAJ_GUARD_COMMIT] phase=ReplanOnce/with_backup gen=180 map=343 samples=238 range=[0.013,1.192] escape=false footprint_egress=false escape_done_tt=-1.000
[perfect_drone_full_node-2] [32m -- [Fsm] ReplanOnce succeed.[0m
[perfect_drone_full_node-2] [INFO] [1789558476.802749730] [perfect_tracking]: [SENSOR_ACQUISITION_FRAME] frame=345 cycle=0 full=1 stamp_ns=1789558476797597931 width=900 height=445 readback_pixels=801000 conversion_rays=115200 generated_points=38303 bytes=1225696 half_angle_deg=45.000
[perfect_drone_full_node-2]  -- [TRAJ_GUARD_CERT] trigger=poly_publish status=SAFE gen=180 map=343 map_age=0.078s map_age_limit=0.500s motion_speed=4.803mps samples=237 range=[0.013,1.192] collision_tt=-1.000 ttc=-1.000 p=[0.000,0.000,0.000]
[perfect_drone_full_node-2]  -- [TRAJ_GUARD_CERT] trigger=main_pre status=SAFE gen=180 map=344 map_age=0.008s map_age_limit=0.500s motion_speed=4.781mps samples=232 range=[0.038,1.192] collision_tt=-1.000 ttc=-1.000 p=[0.000,0.000,0.000]
[perfect_drone_full_node-2] Publish local map size: 38303
[perfect_drone_full_node-2]  -- [TRAJ_GUARD_CERT] trigger=main_pre status=SAFE gen=180 map=345 map_age=0.014s map_age_limit=0.500s motion_speed=5.113mps samples=210 range=[0.148,1.192] collision_tt=-1.000 ttc=-1.000 p=[0.000,0.000,0.000]
[perfect_drone_full_node-2] [32m -- [Fsm 34.560] Current state: FOLLOW_TRAJ[0m
[perfect_drone_full_node-2] [INFO] [1789558476.901298375] [perfect_tracking]: [SENSOR_ACQUISITION_FRAME] frame=346 cycle=0 full=1 stamp_ns=1789558476897498525 width=900 height=445 readback_pixels=801000 conversion_rays=115200 generated_points=37388 bytes=1196416 half_angle_deg=45.000
[perfect_drone_full_node-2] Publish local map size: 37388
[perfect_drone_full_node-2] [INFO] [1789558476.913189287] [fsm_node]:  -- [TRAJ_GUARD_COMMIT] phase=ReplanOnce/with_backup gen=181 map=345 samples=241 range=[0.015,1.205] escape=false footprint_egress=false escape_done_tt=-1.000
[perfect_drone_full_node-2] [32m -- [Fsm] ReplanOnce succeed.[0m
[perfect_drone_full_node-2] [INFO] [1789558477.000901352] [perfect_tracking]: [SENSOR_ACQUISITION_FRAME] frame=347 cycle=0 full=1 stamp_ns=1789558476997516898 width=900 height=445 readback_pixels=801000 conversion_rays=115200 generated_points=27841 bytes=890912 half_angle_deg=45.000
[perfect_drone_full_node-2]  -- [TRAJ_GUARD_CERT] trigger=poly_publish status=SAFE gen=181 map=345 map_age=0.080s map_age_limit=0.500s motion_speed=5.680mps samples=239 range=[0.015,1.205] collision_tt=-1.000 ttc=-1.000 p=[0.000,0.000,0.000]
[perfect_drone_full_node-2]  -- [TRAJ_GUARD_CERT] trigger=main_pre status=SAFE gen=181 map=346 map_age=0.009s map_age_limit=0.500s motion_speed=5.858mps samples=235 range=[0.040,1.205] collision_tt=-1.000 ttc=-1.000 p=[0.000,0.000,0.000]
[perfect_drone_full_node-2] Publish local map size: 27841
[perfect_drone_full_node-2] [INFO] [1789558477.101992818] [perfect_tracking]: [SENSOR_ACQUISITION_FRAME] frame=348 cycle=0 full=1 stamp_ns=1789558477097522996 width=900 height=445 readback_pixels=801000 conversion_rays=115200 generated_points=24517 bytes=784544 half_angle_deg=45.000
[perfect_drone_full_node-2]  -- [TRAJ_GUARD_CERT] trigger=main_pre status=SAFE gen=181 map=347 map_age=0.008s map_age_limit=0.500s motion_speed=6.602mps samples=215 range=[0.140,1.205] collision_tt=-1.000 ttc=-1.000 p=[0.000,0.000,0.000]
[perfect_drone_full_node-2] Publish local map size: 24517
[perfect_drone_full_node-2] [WARN] [1789558477.110986719] [fsm_node]:  -- [BackOpt] Opt failed, Omg or thr or Pos violation.
[perfect_drone_full_node-2] [WARN] [1789558477.111038298] [fsm_node]:  -- [SUPER] OptimizationBakTrajInPolytopes failed, force return
[perfect_drone_full_node-2] [WARN] [1789558477.111045249] [fsm_node]:  -- [SUPER] in [ReplanOnce]: generateBackupTrajectory return OPT_FAILED, replan Failed return
[perfect_drone_full_node-2] [33m -- [MINCO] TrajOpt failed, (unknown)[0m
[perfect_drone_full_node-2] [33m -- [SUPER] Minco backup_traj opt failed.[0m
[perfect_drone_full_node-2] [INFO] [1789558477.177535536] [fsm_node]:  -- [TRAJ_GUARD_COMMIT] phase=ReplanOnce/no_backup gen=182 map=348 samples=261 range=[0.016,1.307] escape=false footprint_egress=false escape_done_tt=-1.000
[perfect_drone_full_node-2]  -- [TRAJ_GUARD_CERT] trigger=main_pre status=SAFE gen=181 map=348 map_age=0.007s map_age_limit=0.500s motion_speed=6.936mps samples=195 range=[0.240,1.205] collision_tt=-1.000 ttc=-1.000 p=[0.000,0.000,0.000]
[perfect_drone_full_node-2] [32m -- [Fsm] ReplanOnce succeed.[0m
[perfect_drone_full_node-2] [INFO] [1789558477.201240662] [perfect_tracking]: [SENSOR_ACQUISITION_FRAME] frame=349 cycle=0 full=1 stamp_ns=1789558477197631897 width=900 height=445 readback_pixels=801000 conversion_rays=115200 generated_points=22052 bytes=705664 half_angle_deg=45.000
[perfect_drone_full_node-2]  -- [TRAJ_GUARD_CERT] trigger=main_pre status=SAFE gen=182 map=348 map_age=0.047s map_age_limit=0.500s motion_speed=6.971mps samples=260 range=[0.016,1.307] collision_tt=-1.000 ttc=-1.000 p=[0.000,0.000,0.000]
[perfect_drone_full_node-2] Publish local map size: 22052
[perfect_drone_full_node-2] [INFO] [1789558477.302986409] [perfect_tracking]: [SENSOR_ACQUISITION_FRAME] frame=350 cycle=0 full=1 stamp_ns=1789558477297521244 width=900 height=445 readback_pixels=801000 conversion_rays=115200 generated_points=19935 bytes=637920 half_angle_deg=45.000
[perfect_drone_full_node-2] [INFO] [1789558477.303119875] [perfect_tracking]: [STATIC_PC_LATCHED_SUMMARY] enabled=1 publications=1 points=635500 bytes=20336000 stamp_ns=1789558442314527267 timers_created=0 poll_callbacks=0
[perfect_drone_full_node-2] [INFO] [1789558477.303134492] [perfect_tracking]: [SENSOR_CADENCE_SUMMARY] frames=350 span_s=34.900771 hz=9.999779 raw_published=0 direct_handoffs=350 payload_bytes=336563488 side_entry_v1_enabled=0 side_entry_v1_spawned=0 side_entry_v1_injected_frames=0
[perfect_drone_full_node-2] [INFO] [1789558477.303150056] [perfect_tracking]: [SENSOR_BURST_DROPOUT_SUMMARY] enabled=0 warmup_s=1.000000 period_s=2.000000 duration_s=0.500000 phase_s=0.000000 phase_env_override=0 rendered=350 delivered=350 dropped=0 bursts=0 max_consecutive_dropped=0 max_delivered_gap_s=0.108116 dropped_payload_bytes=0
[perfect_drone_full_node-2]  -- [TRAJ_GUARD_CERT] trigger=main_pre status=SAFE gen=182 map=349 map_age=0.015s map_age_limit=0.500s motion_speed=6.977mps samples=246 range=[0.086,1.307] collision_tt=-1.000 ttc=-1.000 p=[0.000,0.000,0.000]
[perfect_drone_full_node-2] Publish local map size: 19935
[perfect_drone_full_node-2] [THREAD_CPU_PROFILE] version=1 pid=3372018 steady_ns=1070313220044546 final=0 stage=map_cloud_enqueue calls=350 inclusive_cpu_s=0.002180787 exclusive_cpu_s=0.002180787 clock_errors=0
[perfect_drone_full_node-2] [THREAD_CPU_PROFILE] version=1 pid=3372018 steady_ns=1070313220044546 final=0 stage=map_worker calls=349 inclusive_cpu_s=12.708958823 exclusive_cpu_s=0.002644182 clock_errors=0
[perfect_drone_full_node-2] [THREAD_CPU_PROFILE] version=1 pid=3372018 steady_ns=1070313220044546 final=0 stage=map_ros_to_pcl calls=350 inclusive_cpu_s=0.233375277 exclusive_cpu_s=0.233375277 clock_errors=0
[perfect_drone_full_node-2] [THREAD_CPU_PROFILE] version=1 pid=3372018 steady_ns=1070313220044546 final=0 stage=map_prob_update calls=349 inclusive_cpu_s=10.552338378 exclusive_cpu_s=10.552338378 clock_errors=0
[perfect_drone_full_node-2] [THREAD_CPU_PROFILE] version=1 pid=3372018 steady_ns=1070313220044546 final=0 stage=map_snapshot_commit_health calls=349 inclusive_cpu_s=1.895490172 exclusive_cpu_s=1.895490172 clock_errors=0
[perfect_drone_full_node-2] [THREAD_CPU_PROFILE] version=1 pid=3372018 steady_ns=1070313220044546 final=0 stage=map_ack_and_log calls=349 inclusive_cpu_s=0.025804163 exclusive_cpu_s=0.025804163 clock_errors=0
[perfect_drone_full_node-2] [THREAD_CPU_PROFILE] version=1 pid=3372018 steady_ns=1070313220044546 final=0 stage=fsm_main_callback calls=3499 inclusive_cpu_s=0.191931309 exclusive_cpu_s=0.018142441 clock_errors=0
[perfect_drone_full_node-2] [THREAD_CPU_PROFILE] version=1 pid=3372018 steady_ns=1070313220044546 final=0 stage=fsm_main_core calls=3406 inclusive_cpu_s=0.107659889 exclusive_cpu_s=0.013280949 clock_errors=0
[perfect_drone_full_node-2] [THREAD_CPU_PROFILE] version=1 pid=3372018 steady_ns=1070313220044546 final=0 stage=fsm_replan_callback calls=530 inclusive_cpu_s=5.155722505 exclusive_cpu_s=0.009070928 clock_errors=0
[perfect_drone_full_node-2] [THREAD_CPU_PROFILE] version=1 pid=3372018 steady_ns=1070313220044546 final=0 stage=fsm_replan_core calls=237 inclusive_cpu_s=5.091131305 exclusive_cpu_s=0.010279038 clock_errors=0
[perfect_drone_full_node-2] [THREAD_CPU_PROFILE] version=1 pid=3372018 steady_ns=1070313220044546 final=0 stage=fsm_command_callback calls=3501 inclusive_cpu_s=0.241327655 exclusive_cpu_s=0.241327655 clock_errors=0
[perfect_drone_full_node-2] [THREAD_CPU_PROFILE] version=1 pid=3372018 steady_ns=1070313220044546 final=0 stage=guard_certificate calls=6975 inclusive_cpu_s=0.073096036 exclusive_cpu_s=0.035250435 clock_errors=0
[perfect_drone_full_node-2] [THREAD_CPU_PROFILE] version=1 pid=3372018 steady_ns=1070313220044546 final=0 stage=guard_brake calls=6 inclusive_cpu_s=0.003116506 exclusive_cpu_s=0.000977617 clock_errors=0
[perfect_drone_full_node-2] [THREAD_CPU_PROFILE] version=1 pid=3372018 steady_ns=1070313220044546 final=0 stage=guard_recover calls=51 inclusive_cpu_s=0.048485072 exclusive_cpu_s=0.000386737 clock_errors=0
[perfect_drone_full_node-2] [THREAD_CPU_PROFILE] version=1 pid=3372018 steady_ns=1070313220044546 final=0 stage=planner_generate_exp calls=222 inclusive_cpu_s=3.224197733 exclusive_cpu_s=0.016700384 clock_errors=0
[perfect_drone_full_node-2] [THREAD_CPU_PROFILE] version=1 pid=3372018 steady_ns=1070313220044546 final=0 stage=planner_generate_backup calls=219 inclusive_cpu_s=1.860788316 exclusive_cpu_s=0.633144999 clock_errors=0
[perfect_drone_full_node-2] [THREAD_CPU_PROFILE] version=1 pid=3372018 steady_ns=1070313220044546 final=0 stage=planner_commit calls=216 inclusive_cpu_s=0.057842929 exclusive_cpu_s=0.016192872 clock_errors=0
[perfect_drone_full_node-2] [THREAD_CPU_PROFILE] version=1 pid=3372018 steady_ns=1070313220044546 final=0 stage=planner_validate_geometry calls=2920 inclusive_cpu_s=0.125779587 exclusive_cpu_s=0.125779587 clock_errors=0
[perfect_drone_full_node-2] [THREAD_CPU_PROFILE] version=1 pid=3372018 steady_ns=1070313220044546 final=0 stage=planner_stop_viability calls=420 inclusive_cpu_s=0.081235042 exclusive_cpu_s=0.009380811 clock_errors=0
[perfect_drone_full_node-2] [THREAD_CPU_PROFILE] version=1 pid=3372018 steady_ns=1070313220044546 final=0 stage=planner_path_search calls=208 inclusive_cpu_s=0.620051543 exclusive_cpu_s=0.620051543 clock_errors=0
[perfect_drone_full_node-2] [THREAD_CPU_PROFILE] version=1 pid=3372018 steady_ns=1070313220044546 final=0 stage=planner_exp_optimize calls=219 inclusive_cpu_s=2.216683605 exclusive_cpu_s=2.216683605 clock_errors=0
[perfect_drone_full_node-2] [THREAD_CPU_PROFILE] version=1 pid=3372018 steady_ns=1070313220044546 final=0 stage=planner_backup_optimize calls=203 inclusive_cpu_s=1.227643317 exclusive_cpu_s=1.227643317 clock_errors=0
[perfect_drone_full_node-2] [THREAD_CPU_PROFILE] version=1 pid=3372018 steady_ns=1070313220044546 final=0 stage=planner_corridor_search calls=219 inclusive_cpu_s=0.370762201 exclusive_cpu_s=0.370762201 clock_errors=0
[perfect_drone_full_node-2] [THREAD_CPU_PROFILE] version=1 pid=3372018 steady_ns=1070313220044546 final=0 stage=planner_velocity_extrema calls=400 inclusive_cpu_s=0.003343669 exclusive_cpu_s=0.003343669 clock_errors=0
[perfect_drone_full_node-2] [THREAD_CPU_PROFILE] version=1 pid=3372018 steady_ns=1070313220044546 final=0 stage=planner_visualize_path calls=3284 inclusive_cpu_s=0.019262121 exclusive_cpu_s=0.019262121 clock_errors=0
[perfect_drone_full_node-2] [THREAD_CPU_PROFILE] version=1 pid=3372018 steady_ns=1070313220044546 final=0 stage=fsm_poly_publish calls=183 inclusive_cpu_s=0.013145922 exclusive_cpu_s=0.001320560 clock_errors=0
[perfect_drone_full_node-2] [THREAD_CPU_PROFILE] version=1 pid=3372018 steady_ns=1070313220044546 final=0 stage=sim_odom_callback calls=3501 inclusive_cpu_s=0.350138708 exclusive_cpu_s=0.350138708 clock_errors=0
[perfect_drone_full_node-2] [THREAD_CPU_PROFILE] version=1 pid=3372018 steady_ns=1070313220044546 final=0 stage=sim_render_callback calls=350 inclusive_cpu_s=1.596775341 exclusive_cpu_s=1.594594554 clock_errors=0
[perfect_drone_full_node-2] [THREAD_CPU_PROFILE] version=1 pid=3372018 steady_ns=1070313220044546 final=0 stage=map_odom_callback calls=3329 inclusive_cpu_s=0.025718006 exclusive_cpu_s=0.025718006 clock_errors=0
[perfect_drone_full_node-2] [WARN] [1789558477.367272699] [fsm_node]:  -- [TRAJ_VELOCITY_SLOWDOWN] phase=ReplanOnce/no_backup gen=183 before=7.007599 after=6.993007 limit=7.000000 scale=1.002087
[perfect_drone_full_node-2] [INFO] [1789558477.367573956] [fsm_node]:  -- [TRAJ_GUARD_COMMIT] phase=ReplanOnce/no_backup gen=183 map=350 samples=222 range=[0.008,1.107] escape=false footprint_egress=false escape_done_tt=-1.000
[perfect_drone_full_node-2]  -- [TRAJ_GUARD_CERT] trigger=main_pre status=SAFE gen=182 map=350 map_age=0.008s map_age_limit=0.500s motion_speed=6.988mps samples=226 range=[0.186,1.307] collision_tt=-1.000 ttc=-1.000 p=[0.000,0.000,0.000]
[perfect_drone_full_node-2] [32m -- [Fsm] ReplanOnce succeed.[0m
[perfect_drone_full_node-2] [INFO] [1789558477.402267289] [perfect_tracking]: [SENSOR_ACQUISITION_FRAME] frame=351 cycle=0 full=1 stamp_ns=1789558477397624389 width=900 height=445 readback_pixels=801000 conversion_rays=115200 generated_points=18368 bytes=587776 half_angle_deg=45.000
[perfect_drone_full_node-2]  -- [TRAJ_GUARD_CERT] trigger=poly_publish status=SAFE gen=183 map=350 map_age=0.028s map_age_limit=0.500s motion_speed=6.994mps samples=221 range=[0.008,1.107] collision_tt=-1.000 ttc=-1.000 p=[0.000,0.000,0.000]
[perfect_drone_full_node-2] Publish local map size: 18368
[perfect_drone_full_node-2] [INFO] [1789558477.502867228] [perfect_tracking]: [SENSOR_ACQUISITION_FRAME] frame=352 cycle=0 full=1 stamp_ns=1789558477497575796 width=900 height=445 readback_pixels=801000 conversion_rays=115200 generated_points=25736 bytes=823552 half_angle_deg=45.000
[perfect_drone_full_node-2]  -- [TRAJ_GUARD_CERT] trigger=main_pre status=SAFE gen=183 map=351 map_age=0.011s map_age_limit=0.500s motion_speed=6.975mps samples=205 range=[0.088,1.107] collision_tt=-1.000 ttc=-1.000 p=[0.000,0.000,0.000]
[perfect_drone_full_node-2] Publish local map size: 25736
[perfect_drone_full_node-2] [INFO] [1789558477.560611997] [fsm_node]:  -- [TRAJ_GUARD_COMMIT] phase=ReplanOnce/no_backup gen=184 map=352 samples=183 range=[0.003,0.906] escape=false footprint_egress=false escape_done_tt=-1.000
[perfect_drone_full_node-2]  -- [TRAJ_GUARD_CERT] trigger=main_pre status=SAFE gen=183 map=352 map_age=0.010s map_age_limit=0.500s motion_speed=6.891mps samples=185 range=[0.188,1.107] collision_tt=-1.000 ttc=-1.000 p=[0.000,0.000,0.000]
[perfect_drone_full_node-2] [32m -- [Fsm] ReplanOnce succeed.[0m
[waypoint_mission-1] [INFO] [1789558477.590871605] [waypoint_mission]: [MISSION_GOAL_IDENTITY] stamp_ns=1789558467550889581 new_intent=0 new_identity=0 supported=1 waypoint=3
[perfect_drone_full_node-2] [INFO] [1789558477.591255194] [fsm_node]:  -- [GOAL_RETRANSMIT_COALESCED] stamp_ns=1789558467550889581 generation=184 map=352 queued_revision=12 accepted_revision=11 coalesced_total=25
[perfect_drone_full_node-2] [INFO] [1789558477.601561705] [perfect_tracking]: [SENSOR_ACQUISITION_FRAME] frame=353 cycle=0 full=1 stamp_ns=1789558477597521703 width=900 height=445 readback_pixels=801000 conversion_rays=115200 generated_points=28658 bytes=917056 half_angle_deg=45.000
[perfect_drone_full_node-2]  -- [TRAJ_GUARD_CERT] trigger=poly_publish status=SAFE gen=184 map=352 map_age=0.023s map_age_limit=0.500s motion_speed=6.879mps samples=182 range=[0.003,0.906] collision_tt=-1.000 ttc=-1.000 p=[0.000,0.000,0.000]
[perfect_drone_full_node-2] Publish local map size: 28658
[perfect_drone_full_node-2] [INFO] [1789558477.623770888] [fsm_node]:  -- [DEMAND_REPLAN] checks=516 skips=277 renewals=225 reason=SKIP gen=184 map=352 required_until=0.272 checked_until=0.906
[perfect_drone_full_node-2] [INFO] [1789558477.623841810] [fsm_node]:  -- [DEMAND_REPLAN_REASONS] checks=516 counted=516 max_dispatch_interval=0.25 final_counts=DISABLED=0,INVALID_POLICY=0,NOT_ORDINARY=18,NEW_GOAL=23,RECOVERY_PENDING=0,SAFETY_PENDING=0,FAILURE_OR_REJECTION=23,NO_SUCCESSFUL_LEASE=0,STALE_OR_UNCERTIFIED_MAP=10,TRAJECTORY_MISMATCH=0,CLOCK_INVALID=0,DISPATCH_DEADLINE=128,ON_BACKUP=1,INSUFFICIENT_GEOMETRY=1,INSUFFICIENT_MOTION_HORIZON=18,NEED_VIABILITY_RENEWAL=0,VIABILITY_RENEWAL_REJECTED=17,EVIDENCE_CHANGED=0,SKIP=277
[perfect_drone_full_node-2] [INFO] [1789558477.701132497] [perfect_tracking]: [SENSOR_ACQUISITION_FRAME] frame=354 cycle=0 full=1 stamp_ns=1789558477697562512 width=900 height=445 readback_pixels=801000 conversion_rays=115200 generated_points=25209 bytes=806688 half_angle_deg=45.000
[perfect_drone_full_node-2]  -- [TRAJ_GUARD_CERT] trigger=main_pre status=SAFE gen=184 map=353 map_age=0.013s map_age_limit=0.500s motion_speed=6.864mps samples=165 range=[0.090,0.906] collision_tt=-1.000 ttc=-1.000 p=[0.000,0.000,0.000]
[perfect_drone_full_node-2] Publish local map size: 25209
[perfect_drone_full_node-2] [INFO] [1789558477.757586801] [fsm_node]:  -- [TRAJ_GUARD_COMMIT] phase=ReplanOnce/no_backup gen=185 map=354 samples=144 range=[0.002,0.707] escape=false footprint_egress=false escape_done_tt=-1.000
[perfect_drone_full_node-2]  -- [TRAJ_GUARD_CERT] trigger=main_pre status=SAFE gen=184 map=354 map_age=0.013s map_age_limit=0.500s motion_speed=6.939mps samples=145 range=[0.190,0.906] collision_tt=-1.000 ttc=-1.000 p=[0.000,0.000,0.000]
[perfect_drone_full_node-2] [32m -- [Fsm] ReplanOnce succeed.[0m
[perfect_drone_full_node-2] [INFO] [1789558477.800642622] [perfect_tracking]: [SENSOR_ACQUISITION_FRAME] frame=355 cycle=0 full=1 stamp_ns=1789558477797544291 width=900 height=445 readback_pixels=801000 conversion_rays=115200 generated_points=20102 bytes=643264 half_angle_deg=45.000
[perfect_drone_full_node-2]  -- [TRAJ_GUARD_CERT] trigger=poly_publish status=SAFE gen=185 map=354 map_age=0.023s map_age_limit=0.500s motion_speed=6.963mps samples=142 range=[0.002,0.707] collision_tt=-1.000 ttc=-1.000 p=[0.000,0.000,0.000]
[perfect_drone_full_node-2] Publish local map size: 20102
[perfect_drone_full_node-2]  -- [TRAJ_GUARD_CERT] trigger=main_pre status=SAFE gen=185 map=355 map_age=0.004s map_age_limit=0.500s motion_speed=6.995mps samples=126 range=[0.082,0.707] collision_tt=-1.000 ttc=-1.000 p=[0.000,0.000,0.000]
[perfect_drone_full_node-2] [32m -- [Fsm 35.560] Current state: FOLLOW_TRAJ[0m
[perfect_drone_full_node-2] [INFO] [1789558477.902394712] [perfect_tracking]: [SENSOR_ACQUISITION_FRAME] frame=356 cycle=0 full=1 stamp_ns=1789558477897616411 width=900 height=445 readback_pixels=801000 conversion_rays=115200 generated_points=15449 bytes=494368 half_angle_deg=45.000
[perfect_drone_full_node-2] Publish local map size: 15449
[waypoint_mission-1] [INFO] [1789558477.951106198] [waypoint_mission]: [MISSION_GOAL_IDENTITY] stamp_ns=1789558477951104356 new_intent=1 new_identity=1 supported=1 waypoint=4
[perfect_drone_full_node-2] [INFO] [1789558477.954057047] [fsm_node]:  -- [TRAJ_GUARD_COMMIT] phase=ReplanOnce/no_backup gen=186 map=356 samples=104 range=[0.198,0.707] escape=false footprint_egress=false escape_done_tt=-1.000
[perfect_drone_full_node-2]  -- [TRAJ_GUARD_CERT] trigger=main_pre status=SAFE gen=185 map=356 map_age=0.010s map_age_limit=0.500s motion_speed=6.629mps samples=105 range=[0.192,0.707] collision_tt=-1.000 ttc=-1.000 p=[0.000,0.000,0.000]
[perfect_drone_full_node-2] [32m -- [Fsm] ReplanOnce succeed.[0m
[perfect_drone_full_node-2]  -- [TRAJ_GUARD_CERT] trigger=poly_publish status=SAFE gen=186 map=356 map_age=0.016s map_age_limit=0.500s motion_speed=6.560mps samples=103 range=[0.199,0.707] collision_tt=-1.000 ttc=-1.000 p=[0.000,0.000,0.000]
[perfect_drone_full_node-2] [32m -- [Fsm] Get goal at [0m0.025 0.025 1.525
[perfect_drone_full_node-2] [32m -- [Fsm] Receive click goal at: [0.025 0.025 1.525]; goal yaw: 0.000 deg[0m
[perfect_drone_full_node-2] [INFO] [1789558478.000446080] [perfect_tracking]: [SENSOR_ACQUISITION_FRAME] frame=357 cycle=0 full=1 stamp_ns=1789558477997553674 width=900 height=445 readback_pixels=801000 conversion_rays=115200 generated_points=14913 bytes=477216 half_angle_deg=45.000
[perfect_drone_full_node-2] Publish local map size: 14913
[perfect_drone_full_node-2] [INFO] [1789558478.034066093] [fsm_node]:  -- [TRAJ_GUARD_COMMIT] phase=ReplanOnce/with_backup gen=187 map=356 samples=311 range=[0.014,1.556] escape=false footprint_egress=false escape_done_tt=-1.000
[perfect_drone_full_node-2] [32m -- [Fsm] ReplanOnce succeed.[0m
[perfect_drone_full_node-2] [INFO] [1789558478.102207501] [perfect_tracking]: [SENSOR_ACQUISITION_FRAME] frame=358 cycle=0 full=1 stamp_ns=1789558478097595956 width=900 height=445 readback_pixels=801000 conversion_rays=115200 generated_points=14346 bytes=459072 half_angle_deg=45.000
[perfect_drone_full_node-2]  -- [TRAJ_GUARD_CERT] trigger=poly_publish status=SAFE gen=187 map=356 map_age=0.096s map_age_limit=0.500s motion_speed=5.739mps samples=310 range=[0.015,1.556] collision_tt=-1.000 ttc=-1.000 p=[0.000,0.000,0.000]
[perfect_drone_full_node-2]  -- [TRAJ_GUARD_CERT] trigger=main_pre status=SAFE gen=187 map=357 map_age=0.006s map_age_limit=0.500s motion_speed=5.739mps samples=309 range=[0.018,1.556] collision_tt=-1.000 ttc=-1.000 p=[0.000,0.000,0.000]
[perfect_drone_full_node-2] Publish local map size: 14346
[perfect_drone_full_node-2]  -- [TRAJ_GUARD_CERT] trigger=main_pre status=SAFE gen=187 map=358 map_age=0.010s map_age_limit=0.500s motion_speed=3.914mps samples=287 range=[0.128,1.556] collision_tt=-1.000 ttc=-1.000 p=[0.000,0.000,0.000]
[perfect_drone_full_node-2]  -- [MARSIM] Running FPS: 240.315688685790349
[perfect_drone_full_node-2] Publish local map size: 13586
[perfect_drone_full_node-2] [INFO] [1789558478.202843763] [perfect_tracking]: [SENSOR_ACQUISITION_FRAME] frame=359 cycle=0 full=1 stamp_ns=1789558478197528946 width=900 height=445 readback_pixels=801000 conversion_rays=115200 generated_points=13586 bytes=434752 half_angle_deg=45.000
[perfect_drone_full_node-2] [INFO] [1789558478.237260322] [fsm_node]:  -- [TRAJ_GUARD_COMMIT] phase=ReplanOnce/with_backup gen=188 map=358 samples=295 range=[0.019,1.479] escape=false footprint_egress=false escape_done_tt=-1.000
[perfect_drone_full_node-2] [32m -- [Fsm] ReplanOnce succeed.[0m
[perfect_drone_full_node-2] [INFO] [1789558478.303126114] [perfect_tracking]: [SENSOR_ACQUISITION_FRAME] frame=360 cycle=0 full=1 stamp_ns=1789558478297538232 width=900 height=445 readback_pixels=801000 conversion_rays=115200 generated_points=13056 bytes=417792 half_angle_deg=45.000
[perfect_drone_full_node-2]  -- [TRAJ_GUARD_CERT] trigger=poly_publish status=SAFE gen=188 map=358 map_age=0.100s map_age_limit=0.550s motion_speed=2.236mps samples=293 range=[0.020,1.479] collision_tt=-1.000 ttc=-1.000 p=[0.000,0.000,0.000]
[perfect_drone_full_node-2]  -- [TRAJ_GUARD_CERT] trigger=main_pre status=SAFE gen=188 map=359 map_age=0.012s map_age_limit=0.550s motion_speed=2.081mps samples=291 range=[0.030,1.479] collision_tt=-1.000 ttc=-1.000 p=[0.000,0.000,0.000]
[perfect_drone_full_node-2] Publish local map size: 13056
[perfect_drone_full_node-2] [INFO] [1789558478.403066889] [perfect_tracking]: [SENSOR_ACQUISITION_FRAME] frame=361 cycle=0 full=1 stamp_ns=1789558478397640396 width=900 height=445 readback_pixels=801000 conversion_rays=115200 generated_points=13939 bytes=446048 half_angle_deg=45.000
[perfect_drone_full_node-2]  -- [TRAJ_GUARD_CERT] trigger=main_pre status=SAFE gen=188 map=360 map_age=0.014s map_age_limit=0.550s motion_speed=1.882mps samples=271 range=[0.130,1.479] collision_tt=-1.000 ttc=-1.000 p=[0.000,0.000,0.000]
[perfect_drone_full_node-2] Publish local map size: 13939
[perfect_drone_full_node-2] [INFO] [1789558478.422157717] [fsm_node]:  -- [TRAJ_GUARD_COMMIT] phase=ReplanOnce/with_backup gen=189 map=360 samples=259 range=[0.006,1.289] escape=false footprint_egress=false escape_done_tt=-1.000
[perfect_drone_full_node-2] [32m -- [Fsm] ReplanOnce succeed.[0m
[perfect_drone_full_node-2] [INFO] [1789558478.501443777] [perfect_tracking]: [SENSOR_ACQUISITION_FRAME] frame=362 cycle=0 full=1 stamp_ns=1789558478497657031 width=900 height=445 readback_pixels=801000 conversion_rays=115200 generated_points=15705 bytes=502560 half_angle_deg=45.000
[perfect_drone_full_node-2]  -- [TRAJ_GUARD_CERT] trigger=poly_publish status=SAFE gen=189 map=360 map_age=0.089s map_age_limit=0.515s motion_speed=3.201mps samples=258 range=[0.007,1.289] collision_tt=-1.000 ttc=-1.000 p=[0.000,0.000,0.000]
[perfect_drone_full_node-2]  -- [TRAJ_GUARD_CERT] trigger=main_pre status=SAFE gen=189 map=361 map_age=0.013s map_age_limit=0.500s motion_speed=3.575mps samples=253 range=[0.032,1.289] collision_tt=-1.000 ttc=-1.000 p=[0.000,0.000,0.000]
[perfect_drone_full_node-2] Publish local map size: 15705
[perfect_drone_full_node-2] [INFO] [1789558478.602781669] [perfect_tracking]: [SENSOR_ACQUISITION_FRAME] frame=363 cycle=0 full=1 stamp_ns=1789558478597590774 width=900 height=445 readback_pixels=801000 conversion_rays=115200 generated_points=16420 bytes=525440 half_angle_deg=45.000
[perfect_drone_full_node-2]  -- [TRAJ_GUARD_CERT] trigger=main_pre status=SAFE gen=189 map=362 map_age=0.005s map_age_limit=0.500s motion_speed=5.124mps samples=235 range=[0.122,1.289] collision_tt=-1.000 ttc=-1.000 p=[0.000,0.000,0.000]
[perfect_drone_full_node-2] Publish local map size: 16420
[perfect_drone_full_node-2] [INFO] [1789558478.620335286] [fsm_node]:  -- [TRAJ_GUARD_COMMIT] phase=ReplanOnce/with_backup gen=190 map=362 samples=249 range=[0.006,1.239] escape=false footprint_egress=false escape_done_tt=-1.000
[perfect_drone_full_node-2] [32m -- [Fsm] ReplanOnce succeed.[0m
[perfect_drone_full_node-2] [INFO] [1789558478.701757505] [perfect_tracking]: [SENSOR_ACQUISITION_FRAME] frame=364 cycle=0 full=1 stamp_ns=1789558478697568945 width=900 height=445 readback_pixels=801000 conversion_rays=115200 generated_points=15529 bytes=496928 half_angle_deg=45.000
[perfect_drone_full_node-2]  -- [TRAJ_GUARD_CERT] trigger=poly_publish status=SAFE gen=190 map=362 map_age=0.088s map_age_limit=0.500s motion_speed=6.237mps samples=248 range=[0.007,1.239] collision_tt=-1.000 ttc=-1.000 p=[0.000,0.000,0.000]
[perfect_drone_full_node-2]  -- [TRAJ_GUARD_CERT] trigger=main_pre status=SAFE gen=190 map=363 map_age=0.010s map_age_limit=0.500s motion_speed=6.409mps samples=243 range=[0.034,1.239] collision_tt=-1.000 ttc=-1.000 p=[0.000,0.000,0.000]
[perfect_drone_full_node-2] Publish local map size: 15529
[perfect_drone_full_node-2] [INFO] [1789558478.751104804] [fsm_node]:  -- [TRAJ_GUARD_COMMIT] phase=ReplanOnce/with_backup gen=191 map=364 samples=248 range=[0.005,1.231] escape=false footprint_egress=false escape_done_tt=-1.000
[perfect_drone_full_node-2]  -- [TRAJ_GUARD_CERT] trigger=main_pre status=SAFE gen=190 map=364 map_age=0.009s map_age_limit=0.500s motion_speed=6.898mps samples=223 range=[0.134,1.239] collision_tt=-1.000 ttc=-1.000 p=[0.000,0.000,0.000]
[perfect_drone_full_node-2] [32m -- [Fsm] ReplanOnce succeed.[0m
[perfect_drone_full_node-2] [INFO] [1789558478.802627736] [perfect_tracking]: [SENSOR_ACQUISITION_FRAME] frame=365 cycle=0 full=1 stamp_ns=1789558478797678853 width=900 height=445 readback_pixels=801000 conversion_rays=115200 generated_points=13977 bytes=447264 half_angle_deg=45.000
[perfect_drone_full_node-2]  -- [TRAJ_GUARD_CERT] trigger=poly_publish status=SAFE gen=191 map=364 map_age=0.012s map_age_limit=0.500s motion_speed=6.921mps samples=247 range=[0.006,1.231] collision_tt=-1.000 ttc=-1.000 p=[0.000,0.000,0.000]
[perfect_drone_full_node-2] Publish local map size: 13977
[perfect_drone_full_node-2]  -- [TRAJ_GUARD_CERT] trigger=main_pre status=SAFE gen=191 map=365 map_age=0.004s map_age_limit=0.500s motion_speed=6.999mps samples=229 range=[0.092,1.231] collision_tt=-1.000 ttc=-1.000 p=[0.000,0.000,0.000]
[perfect_drone_full_node-2] [32m -- [Fsm 36.570] Current state: FOLLOW_TRAJ[0m
[perfect_drone_full_node-2] [INFO] [1789558478.900583154] [perfect_tracking]: [SENSOR_ACQUISITION_FRAME] frame=366 cycle=0 full=1 stamp_ns=1789558478897573444 width=900 height=445 readback_pixels=801000 conversion_rays=115200 generated_points=14920 bytes=477440 half_angle_deg=45.000
[perfect_drone_full_node-2] Publish local map size: 14920
[waypoint_mission-1] [INFO] [1789558478.960895886] [waypoint_mission]: [MISSION_GOAL_IDENTITY] stamp_ns=1789558477951104356 new_intent=0 new_identity=0 supported=1 waypoint=4
[perfect_drone_full_node-2] [INFO] [1789558478.961187446] [fsm_node]:  -- [GOAL_RETRANSMIT_COALESCED] stamp_ns=1789558477951104356 generation=191 map=366 queued_revision=13 accepted_revision=12 coalesced_total=26
[perfect_drone_full_node-2] [INFO] [1789558478.961336244] [fsm_node]:  -- [TRAJ_GUARD_COMMIT] phase=ReplanOnce/with_backup gen=192 map=366 samples=218 range=[0.017,1.093] escape=false footprint_egress=false escape_done_tt=-1.000
[perfect_drone_full_node-2]  -- [TRAJ_GUARD_CERT] trigger=main_pre status=SAFE gen=191 map=366 map_age=0.004s map_age_limit=0.500s motion_speed=6.989mps samples=209 range=[0.192,1.231] collision_tt=-1.000 ttc=-1.000 p=[0.000,0.000,0.000]
[perfect_drone_full_node-2] [32m -- [Fsm] ReplanOnce succeed.[0m
[perfect_drone_full_node-2] [INFO] [1789558479.001695756] [perfect_tracking]: [SENSOR_ACQUISITION_FRAME] frame=367 cycle=0 full=1 stamp_ns=1789558478997589445 width=900 height=445 readback_pixels=801000 conversion_rays=115200 generated_points=15634 bytes=500288 half_angle_deg=45.000
[perfect_drone_full_node-2]  -- [TRAJ_GUARD_CERT] trigger=poly_publish status=SAFE gen=192 map=366 map_age=0.028s map_age_limit=0.500s motion_speed=6.991mps samples=217 range=[0.018,1.093] collision_tt=-1.000 ttc=-1.000 p=[0.000,0.000,0.000]
[perfect_drone_full_node-2] Publish local map size: 15634
[perfect_drone_full_node-2] [INFO] [1789558479.102483191] [perfect_tracking]: [SENSOR_ACQUISITION_FRAME] frame=368 cycle=0 full=1 stamp_ns=1789558479097562141 width=900 height=445 readback_pixels=801000 conversion_rays=115200 generated_points=16163 bytes=517216 half_angle_deg=45.000
[perfect_drone_full_node-2]  -- [TRAJ_GUARD_CERT] trigger=main_pre status=SAFE gen=192 map=367 map_age=0.009s map_age_limit=0.500s motion_speed=7.000mps samples=201 range=[0.094,1.093] collision_tt=-1.000 ttc=-1.000 p=[0.000,0.000,0.000]
[perfect_drone_full_node-2] Publish local map size: 16163
[perfect_drone_full_node-2] [ERROR] [1789558479.154169181] [fsm_node]:  -- [TRAJ_GUARD_REJECT] phase=ReplanOnce/with_backup segment=APPENDED_BACKUP status=CLEARANCE_MARGIN gen=193 map=368 from_tt=0.012 collision_tt=0.822 collision_p=[17.363,-16.893,2.375] samples=199
[perfect_drone_full_node-2] [INFO] [1789558479.202788052] [perfect_tracking]: [SENSOR_ACQUISITION_FRAME] frame=369 cycle=0 full=1 stamp_ns=1789558479197666936 width=900 height=445 readback_pixels=801000 conversion_rays=115200 generated_points=16800 bytes=537600 half_angle_deg=45.000
[perfect_drone_full_node-2]  -- [TRAJ_GUARD_CERT] trigger=main_pre status=SAFE gen=192 map=368 map_age=0.007s map_age_limit=0.500s motion_speed=6.971mps samples=181 range=[0.194,1.093] collision_tt=-1.000 ttc=-1.000 p=[0.000,0.000,0.000]
[perfect_drone_full_node-2] Publish local map size: 16800
[perfect_drone_full_node-2] [INFO] [1789558479.222025434] [fsm_node]:  -- [TRAJ_GUARD_COMMIT] phase=ReplanOnce/with_backup gen=193 map=368 samples=195 range=[0.014,0.978] escape=false footprint_egress=false escape_done_tt=-1.000
[perfect_drone_full_node-2] [32m -- [Fsm] ReplanOnce succeed.[0m
[perfect_drone_full_node-2] [INFO] [1789558479.303390116] [perfect_tracking]: [SENSOR_ACQUISITION_FRAME] frame=370 cycle=0 full=1 stamp_ns=1789558479297616357 width=900 height=445 readback_pixels=801000 conversion_rays=115200 generated_points=17255 bytes=552160 half_angle_deg=45.000
[perfect_drone_full_node-2]  -- [TRAJ_GUARD_CERT] trigger=poly_publish status=SAFE gen=193 map=368 map_age=0.092s map_age_limit=0.500s motion_speed=6.951mps samples=194 range=[0.014,0.978] collision_tt=-1.000 ttc=-1.000 p=[0.000,0.000,0.000]
[perfect_drone_full_node-2]  -- [TRAJ_GUARD_CERT] trigger=main_pre status=SAFE gen=193 map=369 map_age=0.012s map_age_limit=0.500s motion_speed=6.954mps samples=189 range=[0.040,0.978] collision_tt=-1.000 ttc=-1.000 p=[0.000,0.000,0.000]
[perfect_drone_full_node-2] Publish local map size: 17255
[perfect_drone_full_node-2] [INFO] [1789558479.403222464] [perfect_tracking]: [SENSOR_ACQUISITION_FRAME] frame=371 cycle=0 full=1 stamp_ns=1789558479397555796 width=900 height=445 readback_pixels=801000 conversion_rays=115200 generated_points=16831 bytes=538592 half_angle_deg=45.000
[perfect_drone_full_node-2]  -- [TRAJ_GUARD_CERT] trigger=main_pre status=SAFE gen=193 map=370 map_age=0.011s map_age_limit=0.500s motion_speed=6.993mps samples=169 range=[0.140,0.978] collision_tt=-1.000 ttc=-1.000 p=[0.000,0.000,0.000]
[perfect_drone_full_node-2] Publish local map size: 16831
[perfect_drone_full_node-2] [INFO] [1789558479.434548348] [fsm_node]:  -- [TRAJ_GUARD_COMMIT] phase=ReplanOnce/with_backup gen=194 map=370 samples=163 range=[0.029,0.831] escape=false footprint_egress=false escape_done_tt=-1.000
[perfect_drone_full_node-2] [32m -- [Fsm] ReplanOnce succeed.[0m
[perfect_drone_full_node-2] [INFO] [1789558479.502204341] [perfect_tracking]: [SENSOR_ACQUISITION_FRAME] frame=372 cycle=0 full=1 stamp_ns=1789558479497570976 width=900 height=445 readback_pixels=801000 conversion_rays=115200 generated_points=17168 bytes=549376 half_angle_deg=45.000
[perfect_drone_full_node-2]  -- [TRAJ_GUARD_CERT] trigger=poly_publish status=SAFE gen=194 map=370 map_age=0.098s map_age_limit=0.500s motion_speed=6.982mps samples=162 range=[0.029,0.831] collision_tt=-1.000 ttc=-1.000 p=[0.000,0.000,0.000]
[perfect_drone_full_node-2]  -- [TRAJ_GUARD_CERT] trigger=main_pre status=SAFE gen=194 map=371 map_age=0.014s map_age_limit=0.500s motion_speed=6.973mps samples=159 range=[0.042,0.831] collision_tt=-1.000 ttc=-1.000 p=[0.000,0.000,0.000]
[perfect_drone_full_node-2] Publish local map size: 17168
[perfect_drone_full_node-2] [INFO] [1789558479.602012465] [perfect_tracking]: [SENSOR_ACQUISITION_FRAME] frame=373 cycle=0 full=1 stamp_ns=1789558479597560336 width=900 height=445 readback_pixels=801000 conversion_rays=115200 generated_points=22263 bytes=712416 half_angle_deg=45.000
[perfect_drone_full_node-2]  -- [TRAJ_GUARD_CERT] trigger=main_pre status=SAFE gen=194 map=372 map_age=0.009s map_age_limit=0.500s motion_speed=6.735mps samples=139 range=[0.142,0.831] collision_tt=-1.000 ttc=-1.000 p=[0.000,0.000,0.000]
[perfect_drone_full_node-2] Publish local map size: 22263
[perfect_drone_full_node-2] [ERROR] [1789558479.658969439] [fsm_node]:  -- [TRAJ_GUARD_REJECT] phase=ReplanOnce/with_backup segment=APPENDED_BACKUP status=CLEARANCE_MARGIN gen=195 map=373 from_tt=0.055 collision_tt=0.435 collision_p=[16.895,-16.241,2.100] samples=156
[perfect_drone_full_node-2] [INFO] [1789558479.700970701] [perfect_tracking]: [SENSOR_ACQUISITION_FRAME] frame=374 cycle=0 full=1 stamp_ns=1789558479697670940 width=900 height=445 readback_pixels=801000 conversion_rays=115200 generated_points=24791 bytes=793312 half_angle_deg=45.000
[perfect_drone_full_node-2]  -- [TRAJ_GUARD_CERT] trigger=main_pre status=SAFE gen=194 map=373 map_age=0.013s map_age_limit=0.500s motion_speed=6.374mps samples=119 range=[0.242,0.831] collision_tt=-1.000 ttc=-1.000 p=[0.000,0.000,0.000]
[perfect_drone_full_node-2] Publish local map size: 24791
[perfect_drone_full_node-2] [ERROR] [1789558479.731893066] [fsm_node]:  -- [TRAJ_GUARD_REJECT] phase=ReplanOnce/with_backup segment=EXP status=CLEARANCE_MARGIN gen=195 map=373 from_tt=0.062 collision_tt=0.422 collision_p=[17.148,-16.297,2.117] samples=161
[perfect_drone_full_node-2] [WARN] [1789558479.752474339] [fsm_node]:  -- [SUPER] Retrying EXP with inflated guard corridor.
[perfect_drone_full_node-2] [INFO] [1789558479.766515753] [fsm_node]:  -- [TRAJ_GUARD_COMMIT] phase=ReplanOnce/with_backup gen=195 map=374 samples=137 range=[0.031,0.702] escape=false footprint_egress=false escape_done_tt=-1.000
[perfect_drone_full_node-2]  -- [TRAJ_GUARD_CERT] trigger=main_pre status=SAFE gen=194 map=374 map_age=0.011s map_age_limit=0.500s motion_speed=6.181mps samples=99 range=[0.342,0.831] collision_tt=-1.000 ttc=-1.000 p=[0.000,0.000,0.000]
[perfect_drone_full_node-2] [32m -- [Fsm] ReplanOnce succeed.[0m
[perfect_drone_full_node-2] [INFO] [1789558479.802365929] [perfect_tracking]: [SENSOR_ACQUISITION_FRAME] frame=375 cycle=0 full=1 stamp_ns=1789558479797579232 width=900 height=445 readback_pixels=801000 conversion_rays=115200 generated_points=33076 bytes=1058432 half_angle_deg=45.000
[perfect_drone_full_node-2]  -- [TRAJ_GUARD_CERT] trigger=poly_publish status=SAFE gen=195 map=374 map_age=0.030s map_age_limit=0.500s motion_speed=6.169mps samples=136 range=[0.031,0.702] collision_tt=-1.000 ttc=-1.000 p=[0.000,0.000,0.000]
[perfect_drone_full_node-2] Publish local map size: 33076
[perfect_drone_full_node-2] [INFO] [1789558479.826609845] [fsm_node]:  -- [TRAJ_GUARD_COMMIT] phase=ReplanOnce/with_backup gen=196 map=374 samples=180 range=[0.025,0.914] escape=false footprint_egress=false escape_done_tt=-1.000
[perfect_drone_full_node-2] [32m -- [Fsm] ReplanOnce succeed.[0m
[perfect_drone_full_node-2]  -- [TRAJ_GUARD_CERT] trigger=poly_publish status=SAFE gen=196 map=374 map_age=0.090s map_age_limit=0.500s motion_speed=6.148mps samples=179 range=[0.025,0.914] collision_tt=-1.000 ttc=-1.000 p=[0.000,0.000,0.000]
[perfect_drone_full_node-2]  -- [TRAJ_GUARD_CERT] trigger=main_pre status=SAFE gen=196 map=375 map_age=0.012s map_age_limit=0.500s motion_speed=6.091mps samples=175 range=[0.046,0.914] collision_tt=-1.000 ttc=-1.000 p=[0.000,0.000,0.000]
[perfect_drone_full_node-2] [32m -- [Fsm 37.570] Current state: FOLLOW_TRAJ[0m
[perfect_drone_full_node-2] [INFO] [1789558479.903855916] [perfect_tracking]: [SENSOR_ACQUISITION_FRAME] frame=376 cycle=0 full=1 stamp_ns=1789558479897591775 width=900 height=445 readback_pixels=801000 conversion_rays=115200 generated_points=37397 bytes=1196704 half_angle_deg=45.000
[perfect_drone_full_node-2] Publish local map size: 37397
[waypoint_mission-1] [INFO] [1789558479.961118514] [waypoint_mission]: [MISSION_GOAL_IDENTITY] stamp_ns=1789558477951104356 new_intent=0 new_identity=0 supported=1 waypoint=4
[perfect_drone_full_node-2] [INFO] [1789558479.961521012] [fsm_node]:  -- [GOAL_RETRANSMIT_COALESCED] stamp_ns=1789558477951104356 generation=196 map=376 queued_revision=13 accepted_revision=12 coalesced_total=27
[perfect_drone_full_node-2] [INFO] [1789558480.002161626] [perfect_tracking]: [SENSOR_ACQUISITION_FRAME] frame=377 cycle=0 full=1 stamp_ns=1789558479997608469 width=900 height=445 readback_pixels=801000 conversion_rays=115200 generated_points=38936 bytes=1245952 half_angle_deg=45.000
[perfect_drone_full_node-2]  -- [TRAJ_GUARD_CERT] trigger=main_pre status=SAFE gen=196 map=376 map_age=0.004s map_age_limit=0.500s motion_speed=5.343mps samples=157 range=[0.136,0.914] collision_tt=-1.000 ttc=-1.000 p=[0.000,0.000,0.000]
[perfect_drone_full_node-2] Publish local map size: 38936
[perfect_drone_full_node-2] [ERROR] [1789558480.033395615] [fsm_node]:  -- [TRAJ_GUARD_REJECT] phase=ReplanOnce/with_backup segment=NOT_APPLICABLE status=VERSION_CHANGED gen=197 map=377 from_tt=0.034 collision_tt=-1.000 collision_p=[0.000,0.000,0.000] samples=267
[perfect_drone_full_node-2] [INFO] [1789558480.101365267] [perfect_tracking]: [SENSOR_ACQUISITION_FRAME] frame=378 cycle=0 full=1 stamp_ns=1789558480097610861 width=900 height=445 readback_pixels=801000 conversion_rays=115200 generated_points=37399 bytes=1196768 half_angle_deg=45.000
[perfect_drone_full_node-2]  -- [TRAJ_GUARD_CERT] trigger=replan_post status=SAFE gen=196 map=377 map_age=0.005s map_age_limit=0.500s motion_speed=4.868mps samples=138 range=[0.232,0.914] collision_tt=-1.000 ttc=-1.000 p=[0.000,0.000,0.000]
[perfect_drone_full_node-2] Publish local map size: 37399
[perfect_drone_full_node-2] [ERROR] [1789558480.130560144] [fsm_node]:  -- [TRAJ_GUARD_REJECT] phase=ReplanOnce/with_backup segment=NOT_APPLICABLE status=VERSION_CHANGED gen=197 map=378 from_tt=0.065 collision_tt=-1.000 collision_p=[0.000,0.000,0.000] samples=263
[perfect_drone_full_node-2] [INFO] [1789558480.152684430] [fsm_node]:  -- [TRAJ_GUARD_COMMIT] phase=ReplanOnce/with_backup gen=197 map=378 samples=232 range=[0.021,1.167] escape=false footprint_egress=false escape_done_tt=-1.000
[perfect_drone_full_node-2]  -- [TRAJ_GUARD_CERT] trigger=replan_post status=SAFE gen=196 map=378 map_age=0.005s map_age_limit=0.500s motion_speed=4.937mps samples=118 range=[0.329,0.914] collision_tt=-1.000 ttc=-1.000 p=[0.000,0.000,0.000]
[perfect_drone_full_node-2] [32m -- [Fsm] ReplanOnce succeed.[0m
[perfect_drone_full_node-2] [INFO] [1789558480.202948234] [perfect_tracking]: [SENSOR_ACQUISITION_FRAME] frame=379 cycle=0 full=1 stamp_ns=1789558480197698318 width=900 height=445 readback_pixels=801000 conversion_rays=115200 generated_points=38525 bytes=1232800 half_angle_deg=45.000
[perfect_drone_full_node-2]  -- [TRAJ_GUARD_CERT] trigger=poly_publish status=SAFE gen=197 map=378 map_age=0.027s map_age_limit=0.500s motion_speed=4.967mps samples=231 range=[0.021,1.167] collision_tt=-1.000 ttc=-1.000 p=[0.000,0.000,0.000]
[perfect_drone_full_node-2] Publish local map size: 38525
[perfect_drone_full_node-2] [INFO] [1789558480.304698430] [perfect_tracking]: [SENSOR_ACQUISITION_FRAME] frame=380 cycle=0 full=1 stamp_ns=1789558480297675558 width=900 height=445 readback_pixels=801000 conversion_rays=115200 generated_points=35234 bytes=1127488 half_angle_deg=45.000
[perfect_drone_full_node-2]  -- [TRAJ_GUARD_CERT] trigger=main_pre status=SAFE gen=197 map=379 map_age=0.015s map_age_limit=0.500s motion_speed=5.136mps samples=212 range=[0.116,1.167] collision_tt=-1.000 ttc=-1.000 p=[0.000,0.000,0.000]
[perfect_drone_full_node-2] Publish local map size: 35234
[perfect_drone_full_node-2] [ERROR] [1789558480.344252490] [fsm_node]:  -- [TRAJ_GUARD_REJECT] phase=ReplanOnce/with_backup segment=EXP status=CLEARANCE_MARGIN gen=198 map=379 from_tt=0.015 collision_tt=0.615 collision_p=[14.777,-11.613,2.855] samples=226
[perfect_drone_full_node-2] [WARN] [1789558480.397621018] [fsm_node]:  -- [SUPER] Retrying EXP with inflated guard corridor.
[perfect_drone_full_node-2]  -- [TRAJ_GUARD_CERT] trigger=main_pre status=SAFE gen=197 map=380 map_age=0.007s map_age_limit=0.500s motion_speed=5.606mps samples=192 range=[0.216,1.167] collision_tt=-1.000 ttc=-1.000 p=[0.000,0.000,0.000]
[perfect_drone_full_node-2]  -- [MARSIM] Running FPS: 211.439711061099388
[perfect_drone_full_node-2] [INFO] [1789558480.403489350] [perfect_tracking]: [SENSOR_ACQUISITION_FRAME] frame=381 cycle=0 full=1 stamp_ns=1789558480397591950 width=900 height=445 readback_pixels=801000 conversion_rays=115200 generated_points=27954 bytes=894528 half_angle_deg=45.000
[perfect_drone_full_node-2] Publish local map size: 27954
[perfect_drone_full_node-2] [INFO] [1789558480.416925023] [fsm_node]:  -- [TRAJ_GUARD_COMMIT] phase=ReplanOnce/with_backup gen=198 map=380 samples=200 range=[0.021,1.007] escape=false footprint_egress=false escape_done_tt=-1.000
[perfect_drone_full_node-2] [32m -- [Fsm] ReplanOnce succeed.[0m
[perfect_drone_full_node-2] [INFO] [1789558480.486946977] [fsm_node]:  -- [TRAJ_GUARD_COMMIT] phase=ReplanOnce/with_backup gen=199 map=381 samples=188 range=[0.025,0.952] escape=false footprint_egress=false escape_done_tt=-1.000
[perfect_drone_full_node-2]  -- [TRAJ_GUARD_CERT] trigger=poly_publish status=SAFE gen=198 map=380 map_age=0.076s map_age_limit=0.500s motion_speed=5.949mps samples=199 range=[0.021,1.007] collision_tt=-1.000 ttc=-1.000 p=[0.000,0.000,0.000]
[perfect_drone_full_node-2]  -- [TRAJ_GUARD_CERT] trigger=main_pre status=SAFE gen=198 map=381 map_age=0.011s map_age_limit=0.500s motion_speed=6.067mps samples=192 range=[0.052,1.007] collision_tt=-1.000 ttc=-1.000 p=[0.000,0.000,0.000]
[perfect_drone_full_node-2] [32m -- [Fsm] ReplanOnce succeed.[0m
[perfect_drone_full_node-2] [INFO] [1789558480.500866462] [perfect_tracking]: [SENSOR_ACQUISITION_FRAME] frame=382 cycle=0 full=1 stamp_ns=1789558480497700435 width=900 height=445 readback_pixels=801000 conversion_rays=115200 generated_points=31014 bytes=992448 half_angle_deg=45.000
[perfect_drone_full_node-2]  -- [TRAJ_GUARD_CERT] trigger=poly_publish status=SAFE gen=199 map=381 map_age=0.050s map_age_limit=0.500s motion_speed=6.217mps samples=187 range=[0.025,0.952] collision_tt=-1.000 ttc=-1.000 p=[0.000,0.000,0.000]
[perfect_drone_full_node-2] Publish local map size: 31014
[perfect_drone_full_node-2] [INFO] [1789558480.603642657] [perfect_tracking]: [SENSOR_ACQUISITION_FRAME] frame=383 cycle=0 full=1 stamp_ns=1789558480597585869 width=900 height=445 readback_pixels=801000 conversion_rays=115200 generated_points=39197 bytes=1254304 half_angle_deg=45.000
[perfect_drone_full_node-2]  -- [TRAJ_GUARD_CERT] trigger=main_pre status=SAFE gen=199 map=382 map_age=0.014s map_age_limit=0.500s motion_speed=6.449mps samples=175 range=[0.086,0.952] collision_tt=-1.000 ttc=-1.000 p=[0.000,0.000,0.000]
[perfect_drone_full_node-2] Publish local map size: 39197
[perfect_drone_full_node-2] [INFO] [1789558480.676678382] [fsm_node]:  -- [TRAJ_GUARD_COMMIT] phase=ReplanOnce/with_backup gen=200 map=383 samples=159 range=[0.017,0.798] escape=false footprint_egress=false escape_done_tt=-1.000
[perfect_drone_full_node-2]  -- [TRAJ_GUARD_CERT] trigger=main_pre status=SAFE gen=199 map=383 map_age=0.010s map_age_limit=0.500s motion_speed=6.808mps samples=155 range=[0.186,0.952] collision_tt=-1.000 ttc=-1.000 p=[0.000,0.000,0.000]
[perfect_drone_full_node-2] [32m -- [Fsm] ReplanOnce succeed.[0m
[perfect_drone_full_node-2] [INFO] [1789558480.701250635] [perfect_tracking]: [SENSOR_ACQUISITION_FRAME] frame=384 cycle=0 full=1 stamp_ns=1789558480697582913 width=900 height=445 readback_pixels=801000 conversion_rays=115200 generated_points=32309 bytes=1033888 half_angle_deg=45.000
[perfect_drone_full_node-2]  -- [TRAJ_GUARD_CERT] trigger=poly_publish status=SAFE gen=200 map=383 map_age=0.039s map_age_limit=0.500s motion_speed=6.910mps samples=158 range=[0.017,0.798] collision_tt=-1.000 ttc=-1.000 p=[0.000,0.000,0.000]
[perfect_drone_full_node-2] Publish local map size: 32309
[perfect_drone_full_node-2] [INFO] [1789558480.801420069] [perfect_tracking]: [SENSOR_ACQUISITION_FRAME] frame=385 cycle=0 full=1 stamp_ns=1789558480797586166 width=900 height=445 readback_pixels=801000 conversion_rays=115200 generated_points=39743 bytes=1271776 half_angle_deg=45.000
[perfect_drone_full_node-2]  -- [TRAJ_GUARD_CERT] trigger=main_pre status=SAFE gen=200 map=384 map_age=0.013s map_age_limit=0.500s motion_speed=6.995mps samples=143 range=[0.088,0.798] collision_tt=-1.000 ttc=-1.000 p=[0.000,0.000,0.000]
[perfect_drone_full_node-2] Publish local map size: 39743
[perfect_drone_full_node-2] [INFO] [1789558480.823757208] [fsm_node]:  -- [TRAJ_GUARD_COMMIT] phase=ReplanOnce/with_backup gen=201 map=384 samples=264 range=[0.032,1.337] escape=false footprint_egress=false escape_done_tt=-1.000
[perfect_drone_full_node-2] [32m -- [Fsm] ReplanOnce succeed.[0m
[perfect_drone_full_node-2]  -- [TRAJ_GUARD_CERT] trigger=poly_publish status=SAFE gen=201 map=384 map_age=0.090s map_age_limit=0.500s motion_speed=6.817mps samples=262 range=[0.032,1.337] collision_tt=-1.000 ttc=-1.000 p=[0.000,0.000,0.000]
[perfect_drone_full_node-2]  -- [TRAJ_GUARD_CERT] trigger=main_pre status=SAFE gen=201 map=385 map_age=0.007s map_age_limit=0.500s motion_speed=6.793mps samples=260 range=[0.046,1.337] collision_tt=-1.000 ttc=-1.000 p=[0.000,0.000,0.000]
[perfect_drone_full_node-2] [32m -- [Fsm 38.570] Current state: FOLLOW_TRAJ[0m
[perfect_drone_full_node-2] [INFO] [1789558480.903636351] [perfect_tracking]: [SENSOR_ACQUISITION_FRAME] frame=386 cycle=0 full=1 stamp_ns=1789558480897701608 width=900 height=445 readback_pixels=801000 conversion_rays=115200 generated_points=44091 bytes=1410912 half_angle_deg=45.000
[perfect_drone_full_node-2] Publish local map size: 44091
[waypoint_mission-1] [INFO] [1789558480.971021502] [waypoint_mission]: [MISSION_GOAL_IDENTITY] stamp_ns=1789558477951104356 new_intent=0 new_identity=0 supported=1 waypoint=4
[perfect_drone_full_node-2] [INFO] [1789558480.971334356] [fsm_node]:  -- [GOAL_RETRANSMIT_COALESCED] stamp_ns=1789558477951104356 generation=201 map=386 queued_revision=13 accepted_revision=12 coalesced_total=28
[perfect_drone_full_node-2] [INFO] [1789558480.998365184] [fsm_node]:  -- [TRAJ_GUARD_COMMIT] phase=ReplanOnce/with_backup gen=202 map=386 samples=244 range=[0.009,1.216] escape=false footprint_egress=false escape_done_tt=-1.000
[perfect_drone_full_node-2]  -- [TRAJ_GUARD_CERT] trigger=main_pre status=SAFE gen=201 map=386 map_age=0.011s map_age_limit=0.500s motion_speed=6.745mps samples=238 range=[0.156,1.337] collision_tt=-1.000 ttc=-1.000 p=[0.000,0.000,0.000]
[perfect_drone_full_node-2] [32m -- [Fsm] ReplanOnce succeed.[0m
[perfect_drone_full_node-2] [INFO] [1789558481.000986854] [perfect_tracking]: [SENSOR_ACQUISITION_FRAME] frame=387 cycle=0 full=1 stamp_ns=1789558480997580413 width=900 height=445 readback_pixels=801000 conversion_rays=115200 generated_points=44445 bytes=1422240 half_angle_deg=45.000
[perfect_drone_full_node-2]  -- [TRAJ_GUARD_CERT] trigger=poly_publish status=SAFE gen=202 map=386 map_age=0.062s map_age_limit=0.500s motion_speed=6.835mps samples=243 range=[0.009,1.216] collision_tt=-1.000 ttc=-1.000 p=[0.000,0.000,0.000]
[perfect_drone_full_node-2] Publish local map size: 44445
[perfect_drone_full_node-2] [INFO] [1789558481.101129277] [perfect_tracking]: [SENSOR_ACQUISITION_FRAME] frame=388 cycle=0 full=1 stamp_ns=1789558481097598503 width=900 height=445 readback_pixels=801000 conversion_rays=115200 generated_points=29863 bytes=955616 half_angle_deg=45.000
[perfect_drone_full_node-2]  -- [TRAJ_GUARD_CERT] trigger=main_pre status=SAFE gen=202 map=387 map_age=0.008s map_age_limit=0.500s motion_speed=6.881mps samples=235 range=[0.048,1.216] collision_tt=-1.000 ttc=-1.000 p=[0.000,0.000,0.000]
[perfect_drone_full_node-2] Publish local map size: 29863
[perfect_drone_full_node-2] [ERROR] [1789558481.199845297] [fsm_node]:  -- [TRAJ_GUARD_REJECT] phase=ReplanOnce/with_backup segment=APPENDED_BACKUP status=CLEARANCE_MARGIN gen=203 map=388 from_tt=0.012 collision_tt=0.792 collision_p=[9.850,-6.650,0.550] samples=234
[perfect_drone_full_node-2] [INFO] [1789558481.201209479] [perfect_tracking]: [SENSOR_ACQUISITION_FRAME] frame=389 cycle=0 full=1 stamp_ns=1789558481197578940 width=900 height=445 readback_pixels=801000 conversion_rays=115200 generated_points=23379 bytes=748128 half_angle_deg=45.000
[perfect_drone_full_node-2]  -- [TRAJ_GUARD_CERT] trigger=main_pre status=SAFE gen=202 map=388 map_age=0.013s map_age_limit=0.500s motion_speed=6.965mps samples=213 range=[0.158,1.216] collision_tt=-1.000 ttc=-1.000 p=[0.000,0.000,0.000]
[perfect_drone_full_node-2] Publish local map size: 23379
[perfect_drone_full_node-2] [INFO] [1789558481.263654811] [fsm_node]:  -- [TRAJ_GUARD_COMMIT] phase=ReplanOnce/with_backup gen=203 map=389 samples=220 range=[0.010,1.099] escape=false footprint_egress=false escape_done_tt=-1.000
[perfect_drone_full_node-2]  -- [TRAJ_GUARD_CERT] trigger=main_pre status=SAFE gen=202 map=389 map_age=0.014s map_age_limit=0.500s motion_speed=6.940mps samples=193 range=[0.258,1.216] collision_tt=-1.000 ttc=-1.000 p=[0.000,0.000,0.000]
[perfect_drone_full_node-2] [32m -- [Fsm] ReplanOnce succeed.[0m
[perfect_drone_full_node-2] [INFO] [1789558481.302967043] [perfect_tracking]: [SENSOR_ACQUISITION_FRAME] frame=390 cycle=0 full=1 stamp_ns=1789558481297638222 width=900 height=445 readback_pixels=801000 conversion_rays=115200 generated_points=24148 bytes=772736 half_angle_deg=45.000
[perfect_drone_full_node-2]  -- [TRAJ_GUARD_CERT] trigger=poly_publish status=SAFE gen=203 map=389 map_age=0.030s map_age_limit=0.500s motion_speed=6.931mps samples=219 range=[0.010,1.099] collision_tt=-1.000 ttc=-1.000 p=[0.000,0.000,0.000]
[perfect_drone_full_node-2] Publish local map size: 24148
[perfect_drone_full_node-2] [INFO] [1789558481.402638706] [perfect_tracking]: [SENSOR_ACQUISITION_FRAME] frame=391 cycle=0 full=1 stamp_ns=1789558481397761170 width=900 height=445 readback_pixels=801000 conversion_rays=115200 generated_points=29598 bytes=947136 half_angle_deg=45.000
[perfect_drone_full_node-2]  -- [TRAJ_GUARD_CERT] trigger=main_pre status=SAFE gen=203 map=390 map_age=0.008s map_age_limit=0.500s motion_speed=6.914mps samples=202 range=[0.094,1.099] collision_tt=-1.000 ttc=-1.000 p=[0.000,0.000,0.000]
[perfect_drone_full_node-2] Publish local map size: 29598
[perfect_drone_full_node-2] [INFO] [1789558481.469934132] [fsm_node]:  -- [TRAJ_GUARD_COMMIT] phase=ReplanOnce/with_backup gen=204 map=391 samples=220 range=[0.018,1.103] escape=false footprint_egress=false escape_done_tt=-1.000
[perfect_drone_full_node-2]  -- [TRAJ_GUARD_CERT] trigger=main_pre status=SAFE gen=203 map=391 map_age=0.012s map_age_limit=0.500s motion_speed=6.937mps samples=182 range=[0.194,1.099] collision_tt=-1.000 ttc=-1.000 p=[0.000,0.000,0.000]
[perfect_drone_full_node-2] [32m -- [Fsm] ReplanOnce succeed.[0m
[perfect_drone_full_node-2] [INFO] [1789558481.502937861] [perfect_tracking]: [SENSOR_ACQUISITION_FRAME] frame=392 cycle=0 full=1 stamp_ns=1789558481497593787 width=900 height=445 readback_pixels=801000 conversion_rays=115200 generated_points=38232 bytes=1223424 half_angle_deg=45.000
[perfect_drone_full_node-2]  -- [TRAJ_GUARD_CERT] trigger=poly_publish status=SAFE gen=204 map=391 map_age=0.035s map_age_limit=0.500s motion_speed=6.947mps samples=218 range=[0.018,1.103] collision_tt=-1.000 ttc=-1.000 p=[0.000,0.000,0.000]
[perfect_drone_full_node-2] Publish local map size: 38232
[perfect_drone_full_node-2] [INFO] [1789558481.530769804] [fsm_node]:  -- [TRAJ_GUARD_COMMIT] phase=ReplanOnce/with_backup gen=205 map=391 samples=199 range=[0.013,0.997] escape=false footprint_egress=false escape_done_tt=-1.000
[perfect_drone_full_node-2] [32m -- [Fsm] ReplanOnce succeed.[0m
[perfect_drone_full_node-2] [INFO] [1789558481.603070610] [perfect_tracking]: [SENSOR_ACQUISITION_FRAME] frame=393 cycle=0 full=1 stamp_ns=1789558481597619216 width=900 height=445 readback_pixels=801000 conversion_rays=115200 generated_points=25825 bytes=826400 half_angle_deg=45.000
[perfect_drone_full_node-2]  -- [TRAJ_GUARD_CERT] trigger=poly_publish status=SAFE gen=205 map=391 map_age=0.095s map_age_limit=0.500s motion_speed=6.973mps samples=198 range=[0.013,0.997] collision_tt=-1.000 ttc=-1.000 p=[0.000,0.000,0.000]
[perfect_drone_full_node-2]  -- [TRAJ_GUARD_CERT] trigger=main_pre status=SAFE gen=205 map=392 map_age=0.011s map_age_limit=0.500s motion_speed=6.977mps samples=195 range=[0.030,0.997] collision_tt=-1.000 ttc=-1.000 p=[0.000,0.000,0.000]
[perfect_drone_full_node-2] Publish local map size: 25825
[perfect_drone_full_node-2] [INFO] [1789558481.703227180] [perfect_tracking]: [SENSOR_ACQUISITION_FRAME] frame=394 cycle=0 full=1 stamp_ns=1789558481697740554 width=900 height=445 readback_pixels=801000 conversion_rays=115200 generated_points=23360 bytes=747520 half_angle_deg=45.000
[perfect_drone_full_node-2]  -- [TRAJ_GUARD_CERT] trigger=main_pre status=SAFE gen=205 map=393 map_age=0.004s map_age_limit=0.500s motion_speed=7.000mps samples=177 range=[0.119,0.997] collision_tt=-1.000 ttc=-1.000 p=[0.000,0.000,0.000]
[perfect_drone_full_node-2] Publish local map size: 23360
[perfect_drone_full_node-2] [INFO] [1789558481.727435991] [fsm_node]:  -- [TRAJ_GUARD_COMMIT] phase=ReplanOnce/with_backup gen=206 map=393 samples=222 range=[0.012,1.107] escape=false footprint_egress=false escape_done_tt=-1.000
[perfect_drone_full_node-2] [32m -- [Fsm] ReplanOnce succeed.[0m
[perfect_drone_full_node-2] [INFO] [1789558481.801399838] [perfect_tracking]: [SENSOR_ACQUISITION_FRAME] frame=395 cycle=0 full=1 stamp_ns=1789558481797615459 width=900 height=445 readback_pixels=801000 conversion_rays=115200 generated_points=26205 bytes=838560 half_angle_deg=45.000
[perfect_drone_full_node-2]  -- [TRAJ_GUARD_CERT] trigger=poly_publish status=SAFE gen=206 map=393 map_age=0.094s map_age_limit=0.500s motion_speed=6.996mps samples=221 range=[0.012,1.107] collision_tt=-1.000 ttc=-1.000 p=[0.000,0.000,0.000]
[perfect_drone_full_node-2]  -- [TRAJ_GUARD_CERT] trigger=main_pre status=SAFE gen=206 map=394 map_age=0.011s map_age_limit=0.500s motion_speed=6.996mps samples=217 range=[0.032,1.107] collision_tt=-1.000 ttc=-1.000 p=[0.000,0.000,0.000]
[perfect_drone_full_node-2] Publish local map size: 26205
[perfect_drone_full_node-2] [INFO] [1789558481.902866340] [perfect_tracking]: [SENSOR_ACQUISITION_FRAME] frame=396 cycle=0 full=1 stamp_ns=1789558481897643773 width=900 height=445 readback_pixels=801000 conversion_rays=115200 generated_points=37325 bytes=1194400 half_angle_deg=45.000
[perfect_drone_full_node-2]  -- [TRAJ_GUARD_CERT] trigger=main_pre status=SAFE gen=206 map=395 map_age=0.014s map_age_limit=0.500s motion_speed=7.000mps samples=197 range=[0.132,1.107] collision_tt=-1.000 ttc=-1.000 p=[0.000,0.000,0.000]
[perfect_drone_full_node-2] Publish local map size: 37325
[perfect_drone_full_node-2] [32m -- [Fsm 39.580] Current state: FOLLOW_TRAJ[0m
[perfect_drone_full_node-2] [INFO] [1789558481.924097422] [fsm_node]:  -- [TRAJ_GUARD_COMMIT] phase=ReplanOnce/with_backup gen=207 map=395 samples=222 range=[0.010,1.107] escape=false footprint_egress=false escape_done_tt=-1.000
[perfect_drone_full_node-2] [32m -- [Fsm] ReplanOnce succeed.[0m
[waypoint_mission-1] [INFO] [1789558481.981007345] [waypoint_mission]: [MISSION_GOAL_IDENTITY] stamp_ns=1789558477951104356 new_intent=0 new_identity=0 supported=1 waypoint=4
[perfect_drone_full_node-2] [INFO] [1789558481.981422442] [fsm_node]:  -- [GOAL_RETRANSMIT_COALESCED] stamp_ns=1789558477951104356 generation=207 map=396 queued_revision=13 accepted_revision=12 coalesced_total=29
[perfect_drone_full_node-2] [INFO] [1789558482.002591848] [perfect_tracking]: [SENSOR_ACQUISITION_FRAME] frame=397 cycle=0 full=1 stamp_ns=1789558481997714667 width=900 height=445 readback_pixels=801000 conversion_rays=115200 generated_points=50505 bytes=1616160 half_angle_deg=45.000
[perfect_drone_full_node-2]  -- [TRAJ_GUARD_CERT] trigger=poly_publish status=SAFE gen=207 map=395 map_age=0.091s map_age_limit=0.500s motion_speed=6.973mps samples=221 range=[0.011,1.107] collision_tt=-1.000 ttc=-1.000 p=[0.000,0.000,0.000]
[perfect_drone_full_node-2]  -- [TRAJ_GUARD_CERT] trigger=main_pre status=SAFE gen=207 map=396 map_age=0.014s map_age_limit=0.500s motion_speed=6.959mps samples=214 range=[0.044,1.107] collision_tt=-1.000 ttc=-1.000 p=[0.000,0.000,0.000]
[perfect_drone_full_node-2] Publish local map size: 50505
[perfect_drone_full_node-2] [INFO] [1789558482.101407589] [perfect_tracking]: [SENSOR_ACQUISITION_FRAME] frame=398 cycle=0 full=1 stamp_ns=1789558482097598642 width=900 height=445 readback_pixels=801000 conversion_rays=115200 generated_points=37529 bytes=1200928 half_angle_deg=45.000
[perfect_drone_full_node-2]  -- [TRAJ_GUARD_CERT] trigger=main_pre status=SAFE gen=207 map=397 map_age=0.008s map_age_limit=0.500s motion_speed=6.960mps samples=196 range=[0.134,1.107] collision_tt=-1.000 ttc=-1.000 p=[0.000,0.000,0.000]
[perfect_drone_full_node-2] Publish local map size: 37529
[perfect_drone_full_node-2] [INFO] [1789558482.134217452] [fsm_node]:  -- [TRAJ_GUARD_COMMIT] phase=ReplanOnce/with_backup gen=208 map=397 samples=215 range=[0.022,1.087] escape=false footprint_egress=false escape_done_tt=-1.000
[perfect_drone_full_node-2] [32m -- [Fsm] ReplanOnce succeed.[0m
[perfect_drone_full_node-2] [INFO] [1789558482.202459272] [perfect_tracking]: [SENSOR_ACQUISITION_FRAME] frame=399 cycle=0 full=1 stamp_ns=1789558482197649324 width=900 height=445 readback_pixels=801000 conversion_rays=115200 generated_points=26033 bytes=833056 half_angle_deg=45.000
[perfect_drone_full_node-2]  -- [TRAJ_GUARD_CERT] trigger=poly_publish status=SAFE gen=208 map=397 map_age=0.095s map_age_limit=0.500s motion_speed=6.959mps samples=214 range=[0.023,1.087] collision_tt=-1.000 ttc=-1.000 p=[0.000,0.000,0.000]
[perfect_drone_full_node-2]  -- [TRAJ_GUARD_CERT] trigger=main_pre status=SAFE gen=208 map=398 map_age=0.010s map_age_limit=0.500s motion_speed=6.959mps samples=212 range=[0.036,1.087] collision_tt=-1.000 ttc=-1.000 p=[0.000,0.000,0.000]
[perfect_drone_full_node-2] Publish local map size: 26033
[perfect_drone_full_node-2] [INFO] [1789558482.302471651] [perfect_tracking]: [SENSOR_ACQUISITION_FRAME] frame=400 cycle=0 full=1 stamp_ns=1789558482297719798 width=900 height=445 readback_pixels=801000 conversion_rays=115200 generated_points=24789 bytes=793248 half_angle_deg=45.000
[perfect_drone_full_node-2] [INFO] [1789558482.302577807] [perfect_tracking]: [STATIC_PC_LATCHED_SUMMARY] enabled=1 publications=1 points=635500 bytes=20336000 stamp_ns=1789558442314527267 timers_created=0 poll_callbacks=0
[perfect_drone_full_node-2] [INFO] [1789558482.302589303] [perfect_tracking]: [SENSOR_CADENCE_SUMMARY] frames=400 span_s=39.900257 hz=9.999935 raw_published=0 direct_handoffs=400 payload_bytes=378257216 side_entry_v1_enabled=0 side_entry_v1_spawned=0 side_entry_v1_injected_frames=0
[perfect_drone_full_node-2] [INFO] [1789558482.302602788] [perfect_tracking]: [SENSOR_BURST_DROPOUT_SUMMARY] enabled=0 warmup_s=1.000000 period_s=2.000000 duration_s=0.500000 phase_s=0.000000 phase_env_override=0 rendered=400 delivered=400 dropped=0 bursts=0 max_consecutive_dropped=0 max_delivered_gap_s=0.108116 dropped_payload_bytes=0
[perfect_drone_full_node-2]  -- [TRAJ_GUARD_CERT] trigger=main_pre status=SAFE gen=208 map=399 map_age=0.009s map_age_limit=0.500s motion_speed=6.993mps samples=192 range=[0.136,1.087] collision_tt=-1.000 ttc=-1.000 p=[0.000,0.000,0.000]
[perfect_drone_full_node-2] Publish local map size: 24789
[perfect_drone_full_node-2] [INFO] [1789558482.330051957] [fsm_node]:  -- [TRAJ_GUARD_COMMIT] phase=ReplanOnce/with_backup gen=209 map=399 samples=256 range=[0.020,1.289] escape=false footprint_egress=false escape_done_tt=-1.000
[perfect_drone_full_node-2] [32m -- [Fsm] ReplanOnce succeed.[0m
[perfect_drone_full_node-2] [THREAD_CPU_PROFILE] version=1 pid=3372018 steady_ns=1070318220132667 final=0 stage=map_cloud_enqueue calls=400 inclusive_cpu_s=0.002493184 exclusive_cpu_s=0.002493184 clock_errors=0
[perfect_drone_full_node-2] [THREAD_CPU_PROFILE] version=1 pid=3372018 steady_ns=1070318220132667 final=0 stage=map_worker calls=399 inclusive_cpu_s=14.620884122 exclusive_cpu_s=0.003022226 clock_errors=0
[perfect_drone_full_node-2] [THREAD_CPU_PROFILE] version=1 pid=3372018 steady_ns=1070318220132667 final=0 stage=map_ros_to_pcl calls=400 inclusive_cpu_s=0.266987930 exclusive_cpu_s=0.266987930 clock_errors=0
[perfect_drone_full_node-2] [THREAD_CPU_PROFILE] version=1 pid=3372018 steady_ns=1070318220132667 final=0 stage=map_prob_update calls=399 inclusive_cpu_s=12.147122145 exclusive_cpu_s=12.147122145 clock_errors=0
[perfect_drone_full_node-2] [THREAD_CPU_PROFILE] version=1 pid=3372018 steady_ns=1070318220132667 final=0 stage=map_snapshot_commit_health calls=399 inclusive_cpu_s=2.175014507 exclusive_cpu_s=2.175014507 clock_errors=0
[perfect_drone_full_node-2] [THREAD_CPU_PROFILE] version=1 pid=3372018 steady_ns=1070318220132667 final=0 stage=map_ack_and_log calls=399 inclusive_cpu_s=0.029366244 exclusive_cpu_s=0.029366244 clock_errors=0
[perfect_drone_full_node-2] [THREAD_CPU_PROFILE] version=1 pid=3372018 steady_ns=1070318220132667 final=0 stage=fsm_main_callback calls=3999 inclusive_cpu_s=0.208001310 exclusive_cpu_s=0.020780037 clock_errors=0
[perfect_drone_full_node-2] [THREAD_CPU_PROFILE] version=1 pid=3372018 steady_ns=1070318220132667 final=0 stage=fsm_main_core calls=3906 inclusive_cpu_s=0.112404871 exclusive_cpu_s=0.015074011 clock_errors=0
[perfect_drone_full_node-2] [THREAD_CPU_PROFILE] version=1 pid=3372018 steady_ns=1070318220132667 final=0 stage=fsm_replan_callback calls=606 inclusive_cpu_s=5.841704153 exclusive_cpu_s=0.010526877 clock_errors=0
[perfect_drone_full_node-2] [THREAD_CPU_PROFILE] version=1 pid=3372018 steady_ns=1070318220132667 final=0 stage=fsm_replan_core calls=271 inclusive_cpu_s=5.766725577 exclusive_cpu_s=0.011884826 clock_errors=0
[perfect_drone_full_node-2] [THREAD_CPU_PROFILE] version=1 pid=3372018 steady_ns=1070318220132667 final=0 stage=fsm_command_callback calls=4001 inclusive_cpu_s=0.278786739 exclusive_cpu_s=0.278786739 clock_errors=0
[perfect_drone_full_node-2] [THREAD_CPU_PROFILE] version=1 pid=3372018 steady_ns=1070318220132667 final=0 stage=guard_certificate calls=8036 inclusive_cpu_s=0.083337594 exclusive_cpu_s=0.040479827 clock_errors=0
[perfect_drone_full_node-2] [THREAD_CPU_PROFILE] version=1 pid=3372018 steady_ns=1070318220132667 final=0 stage=guard_brake calls=6 inclusive_cpu_s=0.003116506 exclusive_cpu_s=0.000977617 clock_errors=0
[perfect_drone_full_node-2] [THREAD_CPU_PROFILE] version=1 pid=3372018 steady_ns=1070318220132667 final=0 stage=guard_recover calls=51 inclusive_cpu_s=0.048485072 exclusive_cpu_s=0.000386737 clock_errors=0
[perfect_drone_full_node-2] [THREAD_CPU_PROFILE] version=1 pid=3372018 steady_ns=1070318220132667 final=0 stage=planner_generate_exp calls=256 inclusive_cpu_s=3.605053636 exclusive_cpu_s=0.018954703 clock_errors=0
[perfect_drone_full_node-2] [THREAD_CPU_PROFILE] version=1 pid=3372018 steady_ns=1070318220132667 final=0 stage=planner_generate_backup calls=253 inclusive_cpu_s=2.143268159 exclusive_cpu_s=0.742206920 clock_errors=0
[perfect_drone_full_node-2] [THREAD_CPU_PROFILE] version=1 pid=3372018 steady_ns=1070318220132667 final=0 stage=planner_commit calls=250 inclusive_cpu_s=0.066631125 exclusive_cpu_s=0.019022171 clock_errors=0
[perfect_drone_full_node-2] [THREAD_CPU_PROFILE] version=1 pid=3372018 steady_ns=1070318220132667 final=0 stage=planner_validate_geometry calls=3351 inclusive_cpu_s=0.143810559 exclusive_cpu_s=0.143810559 clock_errors=0
[perfect_drone_full_node-2] [THREAD_CPU_PROFILE] version=1 pid=3372018 steady_ns=1070318220132667 final=0 stage=planner_stop_viability calls=484 inclusive_cpu_s=0.093718224 exclusive_cpu_s=0.010866496 clock_errors=0
[perfect_drone_full_node-2] [THREAD_CPU_PROFILE] version=1 pid=3372018 steady_ns=1070318220132667 final=0 stage=planner_path_search calls=238 inclusive_cpu_s=0.763424891 exclusive_cpu_s=0.763424891 clock_errors=0
[perfect_drone_full_node-2] [THREAD_CPU_PROFILE] version=1 pid=3372018 steady_ns=1070318220132667 final=0 stage=planner_exp_optimize calls=252 inclusive_cpu_s=2.388614092 exclusive_cpu_s=2.388614092 clock_errors=0
[perfect_drone_full_node-2] [THREAD_CPU_PROFILE] version=1 pid=3372018 steady_ns=1070318220132667 final=0 stage=planner_backup_optimize calls=233 inclusive_cpu_s=1.401061239 exclusive_cpu_s=1.401061239 clock_errors=0
[perfect_drone_full_node-2] [THREAD_CPU_PROFILE] version=1 pid=3372018 steady_ns=1070318220132667 final=0 stage=planner_corridor_search calls=252 inclusive_cpu_s=0.434059950 exclusive_cpu_s=0.434059950 clock_errors=0
[perfect_drone_full_node-2] [THREAD_CPU_PROFILE] version=1 pid=3372018 steady_ns=1070318220132667 final=0 stage=planner_velocity_extrema calls=462 inclusive_cpu_s=0.003836374 exclusive_cpu_s=0.003836374 clock_errors=0
[perfect_drone_full_node-2] [THREAD_CPU_PROFILE] version=1 pid=3372018 steady_ns=1070318220132667 final=0 stage=planner_visualize_path calls=3784 inclusive_cpu_s=0.022214041 exclusive_cpu_s=0.022214041 clock_errors=0
[perfect_drone_full_node-2] [THREAD_CPU_PROFILE] version=1 pid=3372018 steady_ns=1070318220132667 final=0 stage=fsm_poly_publish calls=210 inclusive_cpu_s=0.015010464 exclusive_cpu_s=0.001524095 clock_errors=0
[perfect_drone_full_node-2] [THREAD_CPU_PROFILE] version=1 pid=3372018 steady_ns=1070318220132667 final=0 stage=sim_odom_callback calls=4001 inclusive_cpu_s=0.401474684 exclusive_cpu_s=0.401474684 clock_errors=0
[perfect_drone_full_node-2] [THREAD_CPU_PROFILE] version=1 pid=3372018 steady_ns=1070318220132667 final=0 stage=sim_render_callback calls=400 inclusive_cpu_s=1.835350678 exclusive_cpu_s=1.832857494 clock_errors=0
[perfect_drone_full_node-2] [THREAD_CPU_PROFILE] version=1 pid=3372018 steady_ns=1070318220132667 final=0 stage=map_odom_callback calls=3814 inclusive_cpu_s=0.029431833 exclusive_cpu_s=0.029431833 clock_errors=0
[perfect_drone_full_node-2] [INFO] [1789558482.402120154] [perfect_tracking]: [SENSOR_ACQUISITION_FRAME] frame=401 cycle=0 full=1 stamp_ns=1789558482397641420 width=900 height=445 readback_pixels=801000 conversion_rays=115200 generated_points=29910 bytes=957120 half_angle_deg=45.000
[perfect_drone_full_node-2]  -- [TRAJ_GUARD_CERT] trigger=poly_publish status=SAFE gen=209 map=399 map_age=0.092s map_age_limit=0.500s motion_speed=6.991mps samples=255 range=[0.021,1.289] collision_tt=-1.000 ttc=-1.000 p=[0.000,0.000,0.000]
[perfect_drone_full_node-2]  -- [TRAJ_GUARD_CERT] trigger=main_pre status=SAFE gen=209 map=400 map_age=0.009s map_age_limit=0.500s motion_speed=6.989mps samples=252 range=[0.038,1.289] collision_tt=-1.000 ttc=-1.000 p=[0.000,0.000,0.000]
[perfect_drone_full_node-2] Publish local map size: 29910
[perfect_drone_full_node-2] [INFO] [1789558482.455673019] [fsm_node]:  -- [TRAJ_GUARD_COMMIT] phase=ReplanOnce/with_backup gen=210 map=401 samples=245 range=[0.014,1.224] escape=false footprint_egress=false escape_done_tt=-1.000
[perfect_drone_full_node-2]  -- [TRAJ_GUARD_CERT] trigger=main_pre status=SAFE gen=209 map=401 map_age=0.012s map_age_limit=0.500s motion_speed=6.994mps samples=232 range=[0.138,1.289] collision_tt=-1.000 ttc=-1.000 p=[0.000,0.000,0.000]
[perfect_drone_full_node-2] [32m -- [Fsm] ReplanOnce succeed.[0m
[perfect_drone_full_node-2] [INFO] [1789558482.502141778] [perfect_tracking]: [SENSOR_ACQUISITION_FRAME] frame=402 cycle=0 full=1 stamp_ns=1789558482497726949 width=900 height=445 readback_pixels=801000 conversion_rays=115200 generated_points=26738 bytes=855616 half_angle_deg=45.000
[perfect_drone_full_node-2]  -- [TRAJ_GUARD_CERT] trigger=poly_publish status=SAFE gen=210 map=401 map_age=0.020s map_age_limit=0.500s motion_speed=6.996mps samples=244 range=[0.014,1.224] collision_tt=-1.000 ttc=-1.000 p=[0.000,0.000,0.000]
[perfect_drone_full_node-2] Publish local map size: 26738
[perfect_drone_full_node-2] [INFO] [1789558482.601361078] [perfect_tracking]: [SENSOR_ACQUISITION_FRAME] frame=403 cycle=0 full=1 stamp_ns=1789558482597616006 width=900 height=445 readback_pixels=801000 conversion_rays=115200 generated_points=22653 bytes=724896 half_angle_deg=45.000
[perfect_drone_full_node-2]  -- [TRAJ_GUARD_CERT] trigger=main_pre status=SAFE gen=210 map=402 map_age=0.010s map_age_limit=0.500s motion_speed=6.988mps samples=225 range=[0.106,1.224] collision_tt=-1.000 ttc=-1.000 p=[0.000,0.000,0.000]
[perfect_drone_full_node-2] Publish local map size: 22653
[perfect_drone_full_node-2] [INFO] [1789558482.639538879] [fsm_node]:  -- [DEMAND_REPLAN] checks=592 skips=319 renewals=262 reason=DISPATCH_DEADLINE gen=210 map=402 required_until=0.000 checked_until=1.224
[perfect_drone_full_node-2] [INFO] [1789558482.639606006] [fsm_node]:  -- [DEMAND_REPLAN_REASONS] checks=592 counted=592 max_dispatch_interval=0.25 final_counts=DISABLED=0,INVALID_POLICY=0,NOT_ORDINARY=18,NEW_GOAL=25,RECOVERY_PENDING=0,SAFETY_PENDING=0,FAILURE_OR_REJECTION=30,NO_SUCCESSFUL_LEASE=0,STALE_OR_UNCERTIFIED_MAP=12,TRAJECTORY_MISMATCH=0,CLOCK_INVALID=0,DISPATCH_DEADLINE=147,ON_BACKUP=1,INSUFFICIENT_GEOMETRY=1,INSUFFICIENT_MOTION_HORIZON=20,NEED_VIABILITY_RENEWAL=0,VIABILITY_RENEWAL_REJECTED=19,EVIDENCE_CHANGED=0,SKIP=319
[perfect_drone_full_node-2] [INFO] [1789558482.648491226] [fsm_node]:  -- [TRAJ_GUARD_COMMIT] phase=ReplanOnce/with_backup gen=211 map=402 samples=247 range=[0.009,1.233] escape=false footprint_egress=false escape_done_tt=-1.000
[perfect_drone_full_node-2] [32m -- [Fsm] ReplanOnce succeed.[0m
[perfect_drone_full_node-2] [INFO] [1789558482.700707741] [perfect_tracking]: [SENSOR_ACQUISITION_FRAME] frame=404 cycle=0 full=1 stamp_ns=1789558482697610339 width=900 height=445 readback_pixels=801000 conversion_rays=115200 generated_points=17376 bytes=556032 half_angle_deg=45.000
[perfect_drone_full_node-2]  -- [TRAJ_GUARD_CERT] trigger=poly_publish status=SAFE gen=211 map=403 map_age=0.008s map_age_limit=0.500s motion_speed=6.959mps samples=246 range=[0.009,1.233] collision_tt=-1.000 ttc=-1.000 p=[0.000,0.000,0.000]
[perfect_drone_full_node-2] Publish local map size: 17376
[perfect_drone_full_node-2]  -- [TRAJ_GUARD_CERT] trigger=main_pre status=SAFE gen=211 map=404 map_age=0.012s map_age_limit=0.500s motion_speed=6.996mps samples=227 range=[0.108,1.233] collision_tt=-1.000 ttc=-1.000 p=[0.000,0.000,0.000]
[perfect_drone_full_node-2]  -- [MARSIM] Running FPS: 233.098981121439778
[perfect_drone_full_node-2] [INFO] [1789558482.802593676] [perfect_tracking]: [SENSOR_ACQUISITION_FRAME] frame=405 cycle=0 full=1 stamp_ns=1789558482797617836 width=900 height=445 readback_pixels=801000 conversion_rays=115200 generated_points=15089 bytes=482848 half_angle_deg=45.000
[perfect_drone_full_node-2] Publish local map size: 15089
[perfect_drone_full_node-2] [INFO] [1789558482.846024348] [fsm_node]:  -- [TRAJ_GUARD_COMMIT] phase=ReplanOnce/with_backup gen=212 map=405 samples=218 range=[0.008,1.083] escape=false footprint_egress=false escape_done_tt=-1.000
[perfect_drone_full_node-2] [32m -- [Fsm] ReplanOnce succeed.[0m
[perfect_drone_full_node-2] [INFO] [1789558482.903298905] [perfect_tracking]: [SENSOR_ACQUISITION_FRAME] frame=406 cycle=0 full=1 stamp_ns=1789558482897651741 width=900 height=445 readback_pixels=801000 conversion_rays=115200 generated_points=14879 bytes=476128 half_angle_deg=45.000
[perfect_drone_full_node-2]  -- [TRAJ_GUARD_CERT] trigger=poly_publish status=SAFE gen=212 map=405 map_age=0.008s map_age_limit=0.500s motion_speed=6.983mps samples=217 range=[0.008,1.083] collision_tt=-1.000 ttc=-1.000 p=[0.000,0.000,0.000]
[perfect_drone_full_node-2] Publish local map size: 14879
[perfect_drone_full_node-2] [32m -- [Fsm 40.580] Current state: FOLLOW_TRAJ[0m
[waypoint_mission-1] [INFO] [1789558482.991127826] [waypoint_mission]: [MISSION_GOAL_IDENTITY] stamp_ns=1789558477951104356 new_intent=0 new_identity=0 supported=1 waypoint=4
[perfect_drone_full_node-2] [INFO] [1789558482.991538596] [fsm_node]:  -- [GOAL_RETRANSMIT_COALESCED] stamp_ns=1789558477951104356 generation=212 map=406 queued_revision=13 accepted_revision=12 coalesced_total=30
[perfect_drone_full_node-2] [INFO] [1789558483.001634456] [perfect_tracking]: [SENSOR_ACQUISITION_FRAME] frame=407 cycle=0 full=1 stamp_ns=1789558482997639793 width=900 height=445 readback_pixels=801000 conversion_rays=115200 generated_points=15210 bytes=486720 half_angle_deg=45.000
[perfect_drone_full_node-2]  -- [TRAJ_GUARD_CERT] trigger=main_pre status=SAFE gen=212 map=406 map_age=0.017s map_age_limit=0.500s motion_speed=6.877mps samples=194 range=[0.120,1.083] collision_tt=-1.000 ttc=-1.000 p=[0.000,0.000,0.000]
[perfect_drone_full_node-2] Publish local map size: 15210
[perfect_drone_full_node-2] [INFO] [1789558483.037581470] [fsm_node]:  -- [TRAJ_GUARD_COMMIT] phase=ReplanOnce/no_backup gen=213 map=406 samples=198 range=[0.002,0.981] escape=false footprint_egress=false escape_done_tt=-1.000
[perfect_drone_full_node-2] [32m -- [Fsm] ReplanOnce succeed.[0m
[perfect_drone_full_node-2] [INFO] [1789558483.102244737] [perfect_tracking]: [SENSOR_ACQUISITION_FRAME] frame=408 cycle=0 full=1 stamp_ns=1789558483097644177 width=900 height=445 readback_pixels=801000 conversion_rays=115200 generated_points=14893 bytes=476576 half_angle_deg=45.000
[perfect_drone_full_node-2]  -- [TRAJ_GUARD_CERT] trigger=poly_publish status=SAFE gen=213 map=406 map_age=0.097s map_age_limit=0.500s motion_speed=6.806mps samples=197 range=[0.002,0.981] collision_tt=-1.000 ttc=-1.000 p=[0.000,0.000,0.000]
[perfect_drone_full_node-2]  -- [TRAJ_GUARD_CERT] trigger=main_pre status=SAFE gen=213 map=407 map_age=0.008s map_age_limit=0.500s motion_speed=6.806mps samples=195 range=[0.012,0.981] collision_tt=-1.000 ttc=-1.000 p=[0.000,0.000,0.000]
[perfect_drone_full_node-2] Publish local map size: 14893
[perfect_drone_full_node-2] [INFO] [1789558483.201316795] [perfect_tracking]: [SENSOR_ACQUISITION_FRAME] frame=409 cycle=0 full=1 stamp_ns=1789558483197656081 width=900 height=445 readback_pixels=801000 conversion_rays=115200 generated_points=14620 bytes=467840 half_angle_deg=45.000
[perfect_drone_full_node-2]  -- [TRAJ_GUARD_CERT] trigger=main_pre status=SAFE gen=213 map=408 map_age=0.009s map_age_limit=0.500s motion_speed=6.851mps samples=175 range=[0.112,0.981] collision_tt=-1.000 ttc=-1.000 p=[0.000,0.000,0.000]
[perfect_drone_full_node-2] Publish local map size: 14620
[perfect_drone_full_node-2] [INFO] [1789558483.235113141] [fsm_node]:  -- [TRAJ_GUARD_COMMIT] phase=ReplanOnce/no_backup gen=214 map=408 samples=159 range=[0.001,0.785] escape=false footprint_egress=false escape_done_tt=-1.000
[perfect_drone_full_node-2] [32m -- [Fsm] ReplanOnce succeed.[0m
[perfect_drone_full_node-2] [INFO] [1789558483.303010030] [perfect_tracking]: [SENSOR_ACQUISITION_FRAME] frame=410 cycle=0 full=1 stamp_ns=1789558483297638451 width=900 height=445 readback_pixels=801000 conversion_rays=115200 generated_points=14287 bytes=457184 half_angle_deg=45.000
[perfect_drone_full_node-2]  -- [TRAJ_GUARD_CERT] trigger=poly_publish status=SAFE gen=214 map=408 map_age=0.096s map_age_limit=0.500s motion_speed=6.940mps samples=158 range=[0.002,0.785] collision_tt=-1.000 ttc=-1.000 p=[0.000,0.000,0.000]
[perfect_drone_full_node-2]  -- [TRAJ_GUARD_CERT] trigger=main_pre status=SAFE gen=214 map=409 map_age=0.004s map_age_limit=0.500s motion_speed=6.940mps samples=158 range=[0.004,0.785] collision_tt=-1.000 ttc=-1.000 p=[0.000,0.000,0.000]
[perfect_drone_full_node-2] Publish local map size: 14287
[perfect_drone_full_node-2] [INFO] [1789558483.402497495] [perfect_tracking]: [SENSOR_ACQUISITION_FRAME] frame=411 cycle=0 full=1 stamp_ns=1789558483397647527 width=900 height=445 readback_pixels=801000 conversion_rays=115200 generated_points=14439 bytes=462048 half_angle_deg=45.000
[perfect_drone_full_node-2]  -- [TRAJ_GUARD_CERT] trigger=main_pre status=SAFE gen=214 map=410 map_age=0.009s map_age_limit=0.500s motion_speed=7.000mps samples=136 range=[0.114,0.785] collision_tt=-1.000 ttc=-1.000 p=[0.000,0.000,0.000]
[perfect_drone_full_node-2] Publish local map size: 14439
[perfect_drone_full_node-2] [WARN] [1789558483.432183464] [fsm_node]:  -- [TRAJ_GUARD_VIABILITY_SLOWDOWN] phase=ReplanOnce/no_backup gen=215 scale=1.250 retries=1
[perfect_drone_full_node-2] [INFO] [1789558483.432247822] [fsm_node]:  -- [TRAJ_GUARD_COMMIT] phase=ReplanOnce/no_backup gen=215 map=410 samples=159 range=[0.198,0.982] escape=false footprint_egress=false escape_done_tt=-1.000
[perfect_drone_full_node-2] [32m -- [Fsm] ReplanOnce succeed.[0m
[perfect_drone_full_node-2] [INFO] [1789558483.501785919] [perfect_tracking]: [SENSOR_ACQUISITION_FRAME] frame=412 cycle=0 full=1 stamp_ns=1789558483497658565 width=900 height=445 readback_pixels=801000 conversion_rays=115200 generated_points=14559 bytes=465888 half_angle_deg=45.000
[perfect_drone_full_node-2]  -- [TRAJ_GUARD_CERT] trigger=poly_publish status=SAFE gen=215 map=410 map_age=0.093s map_age_limit=0.500s motion_speed=6.904mps samples=158 range=[0.199,0.982] collision_tt=-1.000 ttc=-1.000 p=[0.000,0.000,0.000]
[perfect_drone_full_node-2]  -- [TRAJ_GUARD_CERT] trigger=main_pre status=SAFE gen=215 map=411 map_age=0.009s map_age_limit=0.500s motion_speed=5.570mps samples=155 range=[0.214,0.982] collision_tt=-1.000 ttc=-1.000 p=[0.000,0.000,0.000]
[perfect_drone_full_node-2] Publish local map size: 14559
[perfect_drone_full_node-2] [INFO] [1789558483.599939565] [perfect_tracking]: [SENSOR_ACQUISITION_FRAME] frame=413 cycle=0 full=1 stamp_ns=1789558483597629170 width=900 height=445 readback_pixels=801000 conversion_rays=115200 generated_points=15676 bytes=501632 half_angle_deg=45.000
[perfect_drone_full_node-2]  -- [TRAJ_GUARD_CERT] trigger=main_pre status=SAFE gen=215 map=412 map_age=0.010s map_age_limit=0.500s motion_speed=5.377mps samples=135 range=[0.314,0.982] collision_tt=-1.000 ttc=-1.000 p=[0.000,0.000,0.000]
[perfect_drone_full_node-2] Publish local map size: 15676
[perfect_drone_full_node-2] [INFO] [1789558483.630611014] [fsm_node]:  -- [TRAJ_GUARD_COMMIT] phase=ReplanOnce/no_backup gen=216 map=412 samples=80 range=[0.397,0.785] escape=false footprint_egress=false escape_done_tt=-1.000
[perfect_drone_full_node-2] [32m -- [Fsm] ReplanOnce succeed.[0m
[perfect_drone_full_node-2] [INFO] [1789558483.702679498] [perfect_tracking]: [SENSOR_ACQUISITION_FRAME] frame=414 cycle=0 full=1 stamp_ns=1789558483697643862 width=900 height=445 readback_pixels=801000 conversion_rays=115200 generated_points=21610 bytes=691520 half_angle_deg=45.000
[perfect_drone_full_node-2]  -- [TRAJ_GUARD_CERT] trigger=poly_publish status=SAFE gen=216 map=412 map_age=0.093s map_age_limit=0.500s motion_speed=4.941mps samples=79 range=[0.397,0.785] collision_tt=-1.000 ttc=-1.000 p=[0.000,0.000,0.000]
[perfect_drone_full_node-2]  -- [TRAJ_GUARD_CERT] trigger=main_pre status=SAFE gen=216 map=413 map_age=0.012s map_age_limit=0.500s motion_speed=4.964mps samples=76 range=[0.414,0.785] collision_tt=-1.000 ttc=-1.000 p=[0.000,0.000,0.000]
[perfect_drone_full_node-2] Publish local map size: 21610
[perfect_drone_full_node-2] [INFO] [1789558483.802957367] [perfect_tracking]: [SENSOR_ACQUISITION_FRAME] frame=415 cycle=0 full=1 stamp_ns=1789558483797670974 width=900 height=445 readback_pixels=801000 conversion_rays=115200 generated_points=21758 bytes=696256 half_angle_deg=45.000
[perfect_drone_full_node-2]  -- [TRAJ_GUARD_CERT] trigger=main_pre status=SAFE gen=216 map=414 map_age=0.013s map_age_limit=0.532s motion_speed=2.867mps samples=54 range=[0.524,0.785] collision_tt=-1.000 ttc=-1.000 p=[0.000,0.000,0.000]
[perfect_drone_full_node-2] Publish local map size: 21758
[perfect_drone_full_node-2] [INFO] [1789558483.827925125] [fsm_node]:  -- [TRAJ_GUARD_COMMIT] phase=ReplanOnce/no_backup gen=217 map=414 samples=41 range=[0.594,0.785] escape=false footprint_egress=false escape_done_tt=-1.000
[perfect_drone_full_node-2] [32m -- [Fsm] ReplanOnce succeed.[0m
[perfect_drone_full_node-2] [INFO] [1789558483.893742003] [fsm_node]:  -- [TRAJ_GUARD_COMMIT] phase=ReplanOnce/no_backup gen=218 map=415 samples=28 range=[0.660,0.785] escape=false footprint_egress=false escape_done_tt=-1.000
[perfect_drone_full_node-2]  -- [TRAJ_GUARD_CERT] trigger=poly_publish status=SAFE gen=217 map=414 map_age=0.084s map_age_limit=0.550s motion_speed=1.375mps samples=40 range=[0.594,0.785] collision_tt=-1.000 ttc=-1.000 p=[0.000,0.000,0.000]
[perfect_drone_full_node-2]  -- [TRAJ_GUARD_CERT] trigger=main_pre status=SAFE gen=217 map=415 map_age=0.015s map_age_limit=0.550s motion_speed=1.064mps samples=34 range=[0.624,0.785] collision_tt=-1.000 ttc=-1.000 p=[0.000,0.000,0.000]
[perfect_drone_full_node-2] [32m -- [Fsm] ReplanOnce succeed.[0m
[perfect_drone_full_node-2] [INFO] [1789558483.902986956] [perfect_tracking]: [SENSOR_ACQUISITION_FRAME] frame=416 cycle=0 full=1 stamp_ns=1789558483897765647 width=900 height=445 readback_pixels=801000 conversion_rays=115200 generated_points=17864 bytes=571648 half_angle_deg=45.000
[perfect_drone_full_node-2]  -- [TRAJ_GUARD_CERT] trigger=poly_publish status=SAFE gen=218 map=415 map_age=0.051s map_age_limit=0.550s motion_speed=0.555mps samples=27 range=[0.660,0.785] collision_tt=-1.000 ttc=-1.000 p=[0.000,0.000,0.000]
[perfect_drone_full_node-2] Publish local map size: 17864
[perfect_drone_full_node-2] [32m -- [Fsm 41.590] Current state: FOLLOW_TRAJ[0m
[perfect_drone_full_node-2] [INFO] [1789558483.959889986] [fsm_node]:  -- [TRAJ_GUARD_COMMIT] phase=ReplanOnce/no_backup gen=219 map=416 samples=14 range=[0.726,0.785] escape=false footprint_egress=false escape_done_tt=-1.000
[perfect_drone_full_node-2]  -- [TRAJ_GUARD_CERT] trigger=main_pre status=SAFE gen=218 map=416 map_age=0.008s map_age_limit=0.550s motion_speed=0.157mps samples=16 range=[0.714,0.785] collision_tt=-1.000 ttc=-1.000 p=[0.000,0.000,0.000]
[perfect_drone_full_node-2] [32m -- [Fsm] ReplanOnce succeed.[0m
[perfect_drone_full_node-2] [INFO] [1789558484.002404043] [perfect_tracking]: [SENSOR_ACQUISITION_FRAME] frame=417 cycle=0 full=1 stamp_ns=1789558483997688015 width=900 height=445 readback_pixels=801000 conversion_rays=115200 generated_points=14835 bytes=474720 half_angle_deg=45.000
[perfect_drone_full_node-2]  -- [TRAJ_GUARD_CERT] trigger=poly_publish status=SAFE gen=219 map=416 map_age=0.020s map_age_limit=0.550s motion_speed=0.071mps samples=13 range=[0.726,0.785] collision_tt=-1.000 ttc=-1.000 p=[0.000,0.000,0.000]
[perfect_drone_full_node-2] Publish local map size: 14835
[perfect_drone_full_node-2] [32m -- [Fsm] ReplanOnce succeed.[0m
[perfect_drone_full_node-2] [32m -- [Fsm] Traj finish.[0m
[perfect_drone_full_node-2] [INFO] [1789558484.100507215] [perfect_tracking]: [SENSOR_ACQUISITION_FRAME] frame=418 cycle=0 full=1 stamp_ns=1789558484097673479 width=900 height=445 readback_pixels=801000 conversion_rays=115200 generated_points=14693 bytes=470176 half_angle_deg=45.000
[perfect_drone_full_node-2] [38;2;000;128;000m -- [Fsm]: [PubCmdCallback] change state from [FOLLOW_TRAJ] to [WAIT_GOAL].
[perfect_drone_full_node-2] [0mPublish local map size: 14693
[perfect_drone_full_node-2] [INFO] [1789558484.200100217] [perfect_tracking]: [SENSOR_ACQUISITION_FRAME] frame=419 cycle=0 full=1 stamp_ns=1789558484197638439 width=900 height=445 readback_pixels=801000 conversion_rays=115200 generated_points=14679 bytes=469728 half_angle_deg=45.000
[perfect_drone_full_node-2] Publish local map size: 14679
