map,run,mode,campaign_sequence_index,mode_order_position,experiment_profile,filter_profile,filter_backend,success,run_valid,monitor_type,monitor_flight_cpu_pct,live_cloud_enabled,preflight_ready,preflight_cloud_messages,preflight_odom_messages,goal_messages,position_command_messages,trajectory_flag2_messages,trajectory_flag3_messages,guard_stop_detected,guard_stop_time_s,full_refresh_ack_timeouts,full_refresh_recovery_gate_arms,full_refresh_recovery_targets,full_refresh_recovery_acks,full_refresh_ack_timeout_recoveries,guard_topology_reroute_arms,guard_topology_reroute_searches,guard_base_no_path_local_escape_arms,guard_base_no_path_test_injections,guard_base_no_path_forced_failures,guard_local_escape_test_injections,guard_local_escape_direction_skips,guard_local_escape_direction_rejections,guard_local_escape_commits,guard_local_escape_rejections,guard_initial_footprint_egress_commits,guard_initial_footprint_test_injections,guard_brake_successes,guard_brake_rejections,guard_brake_stationary_defers,trajectory_velocity_slowdowns,trajectory_velocity_rejections,guard_brake_main_pre_successes,guard_brake_retry_successes,guard_brake_ack_timeout_successes,guard_main_pre_map_stale,guard_recoveries,guard_recovery_active_duration_s,guard_recovery_active_duration_mean_s,guard_recovery_active_duration_max_s,shadow_safe_candidates,shadow_unsafe_candidates,shadow_skipped_candidates,shadow_validated_candidates,shadow_geometric_unsafe,shadow_map_race,shadow_other_indeterminate,shadow_unsafe_exp,shadow_unsafe_appended_backup,shadow_unsafe_carry_backup,shadow_unsafe_stitch,shadow_validation_ms_mean,shadow_validation_ms_max,shadow_contact_events_with_epoch,shadow_contacts_with_prior_unsafe,shadow_contacts_without_prior_unsafe,shadow_geometric_unsafe_followed_by_contact,shadow_geometric_unsafe_not_followed_by_contact,shadow_nearest_prediction_error_s,shadow_correlated_segments,first_position_command_s,first_trajectory_flag2_s,first_trajectory_flag3_s,max_position_command_gap_s,first_motion_s,start_pose_error_m,start_pose_valid,odom_gap_limit_s,max_odom_gap_s,odom_gap_valid,mission_time_s,waypoints_reached,n_waypoints,collisions,min_clearance_m,static_pcd_enabled,static_pcd_point_count,static_pcd_collisions,static_pcd_min_distance_m,static_pcd_clearance_m,static_pcd_contact_r015,static_pcd_contact_r020,static_pcd_contact_r025,static_pcd_episodes_r015,static_pcd_episodes_r020,static_pcd_episodes_r025,contact_event_count,safety_contact_source,safety_collisions,live_only_contact_event_count,static_confirmed_live_contact_event_count,first_contact_kind,first_contact_time_s,first_contact_distance_m,first_contact_x,first_contact_y,first_contact_z,first_contact_speed_mps,first_contact_nearest_x,first_contact_nearest_y,first_contact_nearest_z,first_contact_static_distance_m,first_contact_static_clearance_m,first_contact_static_confirmed,first_contact_live_point_static_distance_m,forensics_json,samples,clearance_samples,final_x,final_y,final_z,min_x,max_x,min_y,max_y,path_length_m,max_speed_mps,max_odom_speed_3d_mps,max_command_speed_mps,max_command_horizontal_speed_mps,speed_limit_mps,speed_tolerance_mps,speed_limit_valid,speed_exceedance_count,command_speed_exceedance_count,odom_speed_exceedance_count,first_speed_exceedance_kind,first_speed_exceedance_time_s,first_speed_exceedance_mps,first_speed_exceedance_trajectory_id,first_speed_exceedance_trajectory_flag,closest_final_goal_distance_m,observed_open_time_s,observed_open_x,observed_open_y,observed_close_time_s,observed_close_x,observed_close_y,trap_collisions,trap_min_surface_distance_m,trap_clearance_m,trap_x,trap_y,trigger_x,trigger_y,trigger_mismatch_deg,trap_count,trap_spacing_m,trap_start_offset_m,trap_first_distance_m,trap_last_distance_m,trigger_speed_mps,trap_input_time_s,trap_kept_time_s,trap_keep_delay_s,input_body_relative_deg,input_velocity_relative_deg,kept_body_relative_deg,kept_velocity_relative_deg,trigger_trap_distance_m,trigger_trap_body_relative_deg,trigger_trap_velocity_relative_deg,trigger_trap_angular_radius_deg,trigger_predicted_x,trigger_predicted_y,trigger_trap_nudge_deg,trigger_trap_nudge_lateral_m,event,valid_spawn,invalid_reasons,spawn_time_s,spawn_wall_time_s,trigger_evaluation_time_s,trigger_evaluation_wall_time_s,side,trigger_threshold_x,trigger_z,trigger_yaw_deg,trigger_velocity_yaw_deg,trigger_cruise_duration_s,trigger_cruise_qualified,min_trigger_speed_mps,min_cruise_s,max_trigger_abs_y_m,max_trigger_velocity_yaw_deg,trigger_abs_y_diagnostic_ok,trigger_velocity_yaw_diagnostic_ok,wall_x,blocker_x,blocker_y,wall_y_min,wall_y_max,short_endpoint_y,short_endpoint_x,long_endpoint_y,long_endpoint_x,short_endpoint_inner_edge_deg,long_endpoint_inner_edge_deg,barrier_frame,local_blocker_forward_m,local_short_endpoint_forward_m,local_short_endpoint_lateral_m,local_long_endpoint_forward_m,local_long_endpoint_lateral_m,wall_radius_m,wall_height_m,wall_cylinder_count,wall_center_spacing_m,wall_point_count,horizon_m,intensity,matched_prefix,filter_half_angle_deg,filter_reliable_output,filter_stall_v,filter_stall_t,filter_resume_v,filter_resume_t,filter_velocity_yaw_update_v,filter_frames,filter_cloud_input_callbacks,filter_cloud_worker_overwrites,filter_published_frames,filter_rate_limited_frames,filter_max_publish_hz,filter_map_commit_topic,filter_map_commit_refresh_age_s,filter_map_commit_refresh_min_interval_s,filter_map_commit_pre_stale_full_age_s,filter_map_commit_pre_stale_ack_retry_age_s,filter_full_refresh_generation_ack_en,filter_map_process_ack_topic,filter_full_refresh_request_topic,filter_map_commit_status_count,filter_map_commit_version,filter_commit_refresh_frames,filter_pre_stale_full_refresh_frames,filter_pre_stale_full_refresh_ack_count,filter_pre_stale_full_refresh_pending_ack,filter_pre_stale_full_refresh_pending_ack_count,filter_pre_stale_full_refresh_pending_ack_max,filter_pre_stale_full_refresh_ack_committed_count,filter_pre_stale_full_refresh_superseded_count,filter_pre_stale_full_refresh_ack_retry_frames,filter_pre_stale_full_refresh_ack_retry_suppressed_frames,filter_pre_stale_full_refresh_version_advance_count,filter_pre_stale_full_refresh_pending_version_advance,filter_full_refresh_request_count,filter_full_refresh_request_sequence,filter_full_refresh_duplicate_stamp_count,filter_map_process_ack_status_count,filter_map_process_ack_malformed_count,filter_last_map_process_ack_scan_seq,filter_last_map_process_ack_stamp_ns,filter_last_map_process_ack_version,filter_pre_stale_full_refresh_same_version_suppressed_frames,filter_pre_stale_full_refresh_trigger_age_mean_s,filter_pre_stale_full_refresh_trigger_age_max_s,filter_pre_stale_full_refresh_ack_latency_mean_s,filter_pre_stale_full_refresh_ack_latency_max_s,filter_map_commit_age_mean_s,filter_map_commit_age_max_s,filter_full_open_extra_max_points,filter_full_open_extra_candidates,filter_full_open_extra_kept,filter_publish_duty_pct,filter_input_points,filter_kept_points,filter_kept_pct,filter_armed,filter_armed_duty_pct,filter_open,filter_open_duty_pct,filter_open_point_duty_pct,filter_recovery_active,filter_open_burst_s,filter_open_cooldown_s,filter_near_field_radius_m,filter_near_field_speed_gain_s,filter_near_field_max_radius_m,filter_max_effective_near_field_radius_m,filter_arm_transitions,filter_open_transitions,filter_close_transitions,filter_first_transition_time_s,filter_first_arm_time_s,filter_first_stall_candidate_time_s,filter_first_open_stall_start_time_s,filter_first_open_time_s,filter_first_open_delay_s,filter_first_close_time_s,filter_first_open_duration_s,filter_stall_candidate_count,filter_max_stall_candidate_duration_s,filter_min_armed_closed_speed_mps,filter_replan_guard_en,filter_replan_guard_bounded,filter_replan_guard_active,filter_replan_guard_burst_s,filter_replan_guard_cooldown_s,filter_replan_fail_streak_open,filter_replan_ok_streak_close,filter_replan_guard_open,filter_replan_guard_open_transitions,filter_replan_guard_close_transitions,filter_effective_full_open_transitions,filter_effective_full_close_transitions,filter_replan_guard_open_duty_pct,filter_replan_status_count,filter_replan_fail_count,filter_max_replan_fail_streak,filter_first_replan_guard_open_time_s,filter_first_effective_full_open_time_s,filter_trajectory_guard_topic,filter_trajectory_guard_hold_s,filter_trajectory_guard_active_max_publish_hz,filter_trajectory_guard_ack_retry_age_s,filter_trajectory_guard_active,filter_trajectory_guard_open,filter_trajectory_guard_status_count,filter_trajectory_guard_active_count,filter_trajectory_guard_open_transitions,filter_trajectory_guard_close_transitions,filter_trajectory_guard_refresh_frames,filter_trajectory_guard_full_refresh_pending_ack,filter_trajectory_guard_full_refresh_pending_ack_max,filter_trajectory_guard_full_refresh_ack_count,filter_trajectory_guard_full_refresh_ack_committed_count,filter_trajectory_guard_full_refresh_superseded_count,filter_trajectory_guard_full_refresh_ack_retry_frames,filter_trajectory_guard_full_refresh_abandoned_count,filter_trajectory_guard_full_refresh_ack_latency_mean_s,filter_trajectory_guard_full_refresh_ack_latency_max_s,filter_test_drop_first_trajectory_guard_full_cloud,filter_test_dropped_trajectory_guard_full_clouds,filter_trajectory_guard_open_duty_pct,filter_trajectory_guard_active_frames,filter_trajectory_guard_hold_only_frames,filter_trajectory_guard_active_published_frames,filter_trajectory_guard_hold_only_published_frames,filter_trajectory_guard_active_duty_pct,filter_trajectory_guard_hold_only_duty_pct,filter_first_trajectory_guard_open_time_s,recovery_triggered,recovery_reclosed,recovery_spawn_after_arm,recovery_open_after_spawn,recovery_open_during_hold,recovery_success,mission_driver_phase,mission_driver_start_delay_s,mission_driver_approach_radius_m,mission_driver_hold_low_speed_s,mission_driver_low_speed_v,mission_driver_approach_start_time_s,mission_driver_approach_start_wall_time_s,mission_driver_approach_start_speed_mps,mission_driver_hold_start_time_s,mission_driver_hold_start_wall_time_s,mission_driver_hold_start_speed_mps,mission_driver_hold_start_distance_m,mission_driver_release_time_s,mission_driver_release_wall_time_s,mission_driver_release_speed_mps,mission_driver_release_low_speed_duration_s,pts_mean,map_perf_frames,map_frames_s,map_points_s,map_payload_bytes_mean,map_payload_bytes_total,map_payload_mib_s,map_payload_mbps,map_point_step_mean,total_ms_mean,raycast_ms_mean,update_ms_mean,inflation_ms_mean,kept_pct,fsm_cpu_pct,filter_cpu_pct,monitor_cpu_pct,attempt_count,retry_count,first_attempt_success,retry_reasons,oom_kill_delta,fsm_peak_rss_mib,fsm_peak_pss_mib,fsm_peak_swap_mib,system_min_available_mib,system_peak_swap_used_mib,cgroup_peak_memory_mib,cgroup_peak_swap_mib,memory_psi_some_avg10_max,memory_psi_full_avg10_max,memory_trace_csv,perf_log_generation_ready,perf_window_valid,perf_trace_csv,perf_row_start,perf_row_end,input_distance_m,kept_distance_m
seed1,1,full,1,1,,strict-burst,direct,True,True,,,,,,,,,,,,,0,0,0,0,0,2,2,0,0,0,0,0,0,0,0,0,0,2,9,0,1,0,0,2,0,0,2,22.557921648025513,11.278960824012756,22.04305076599121,,,,,,,,,,,,,,,,,,,,,,,,,,,,,,,57.28,5,5,0,0.501,True,241490,0,0.538,0.338,,,,,,,0,static_pcd,0,0,0,,,,,,,,,,,,,,,../../tmp/counterbalanced_map_worker_3mode_seed1_10_n10_artifacts_20260828/seed1_run1_full.json,5727,4320,1.148,-0.882,0.972,-25.328,24.025,-24.889,25.328,225.161,7.0,7.001846,7.001846,7.000209,7.0,0.01,True,0,0,0,,,,,,0.191,,,,,,,0,,,,,,,,,,,,,,,,,,,,,,,,,,,,,,,,,,,,,,,,,,,,,,,,,,,,,,,,,,,,,,,,,,,,,,,,,,,,,,,,,,,,,,,,,,,,,,,,,,,,,,,,,,,,,,,,,,,,,,,,,,,,,,,,,,,,,,,,,,,,,,,,,,,,,,,,,,,,,,,,,,,,,,,,,,,,,,,,,,,,,,,,,,,,,,,,,,,,,,,,,,,,,,,,,,,,,,,,,,,,,,,,,,,15358.124031007752,516,9.008379888268156,138351.8156424581,491459.96899224806,253593344.0,4.222162342604312,35.418064804469275,32.0,30.246257751937986,19.134708565891472,11.109933662790699,1.2993144244186046,,125.24830716811961,,26.20653122488969,1,0,True,,0,3188.7734375,3165.759765625,0.0,5149.2109375,2047.23046875,8880.4453125,704.33203125,0.0,0.0,../../tmp/counterbalanced_map_worker_3mode_seed1_10_n10_artifacts_20260828/seed1_run1_full.attempt1.memory.csv,True,True,../../tmp/counterbalanced_map_worker_3mode_seed1_10_n10_artifacts_20260828/seed1_run1_full.attempt1.performance.csv,4,520,,
seed1,1,sector,2,2,,strict-burst,cpp,True,True,,,,,,,,,,,,,0,0,0,0,0,3,3,0,0,0,0,0,0,0,0,0,0,6,18,0,0,0,2,4,0,3,6,3.9129526615142822,0.652158776919047,1.2260503768920898,,,,,,,,,,,,,,,,,,,,,,,,,,,,,,,59.91,5,5,0,0.421,True,241490,0,0.5,0.3,,,,,,,0,static_pcd,0,0,0,,,,,,,,,,,,,,,../../tmp/counterbalanced_map_worker_3mode_seed1_10_n10_artifacts_20260828/seed1_run1_sector.json,5990,4820,1.056,-0.993,1.408,-24.758,24.025,-24.248,25.438,221.529,7.0,7.000447,7.000447,6.999922,7.0,0.01,True,0,0,0,,,,,,0.0,,,,,,,0,,,,,,,,,,,,,,,,,,,,,,,,,,,,,,,,,,,,,,,,,,,,,,,,,,,,,,,,,,,,,,,,,,,,,,,,,,60,True,0.6,1.2,1.5,2,0.2,509,509,0,509,0,0,/rog_map/commit_version,0.12,0.1,0,0,False,/rog_map/cloud_process_ack,/sector/full_refresh_request,0,0,0,0,0,False,0,0,0,0,0,0,0,False,0,0,0,0,0,0,0,0,0,0,0,0,0,0,0,6000,0,0,100,7998951,3688998,46.119,False,0,False,0,0,False,0,0,1.5,0,1.5,1.5,0,0,0,,,,,,,,,0,0,,False,False,False,0,0,5,15,False,0,0,0,0,0,0,0,0,,,/planning/trajectory_guard_recovery_active,2.5,0,0,False,False,0,0,0,0,0,False,0,0,0,0,0,0,0,0,False,0,0,0,0,0,0,0,0,,,,,,,,,,,,,,,,,,,,,,,,7506.354297693921,477,7.961942914371558,59765.1644132866,150127.0859538784,71610620.0,1.1399300463349646,9.562426306125856,20.0,11.6729593081761,7.476165513626834,4.195185813417191,0.8090235450733753,46.119,102.6136085549967,2.582000199107096,26.967113600234033,1,0,True,,0,3176.99609375,3152.71875,0.0,5073.62890625,2047.1484375,8909.19140625,704.32421875,0.0,0.0,../../tmp/counterbalanced_map_worker_3mode_seed1_10_n10_artifacts_20260828/seed1_run1_sector.attempt1.memory.csv,True,True,../../tmp/counterbalanced_map_worker_3mode_seed1_10_n10_artifacts_20260828/seed1_run1_sector.attempt1.performance.csv,0,477,,
seed1,1,adaptive,3,3,,strict-burst,cpp,True,True,,,,,,,,,,,,,0,11,11,11,0,3,2,0,0,0,0,0,0,0,0,0,0,11,37,0,0,0,2,8,0,8,11,11.001515626907349,1.0001377842643044,2.90569806098938,,,,,,,,,,,,,,,,,,,,,,,,,,,,,,,61.82,5,5,0,0.346,True,241490,0,0.346,0.146,,,,,,,0,static_pcd,0,0,0,,,,,,,,,,,,,,,../../tmp/counterbalanced_map_worker_3mode_seed1_10_n10_artifacts_20260828/seed1_run1_adaptive.json,6181,4920,1.247,-0.507,2.171,-27.002,24.025,-25.13,27.496,224.659,7.0,7.005131,7.005131,7.000389,7.0,0.01,True,0,0,0,,,,,,0.0,1787889426.351534,1.87,1.692,1787889427.05378,4.412,4.844,0,,,,,,,,,,,,,,,,,,,,,,,,,,,,,,,,,,,,,,,,,,,,,,,,,,,,,,,,,,,,,,,,,,,,,,,,,,60,True,0.6,1.2,1.5,2,1.5,492,492,0,317,175,5,/rog_map/commit_version,0.12,0.1,0.25,0,True,/rog_map/cloud_process_ack,/sector/full_refresh_request,303,303,43,46,46,False,0,1,46,0,0,0,46,False,57,57,0,303,0,303,1787889487348931417,303,0,0.322577,0.479037,0.041467,0.079251,0.142138,0.863565,6000,844552,643931,64.431,7582088,3890059,51.306,True,78.252,True,52.642,56.924,False,0.6,1.4,1.5,0.2,3,2.899702,1,0,0,1787889434.46,1787889434.46,1787889434.74,,,,,,40,1.189906,0,True,True,False,0.6,1.4,3,15,False,23,23,16,15,19.715,423,258,8,1787889426.35,1787889426.35,/planning/trajectory_guard_recovery_active,2.5,0,0,False,True,23,11,5,4,11,False,1,11,11,0,0,0,0.036332,0.046981,False,0,40.041,69,128,52,85,14.024,26.016,1787889441.39,,,,,,,,,,,,,,,,,,,,,,,12680.60396039604,303,4.901326431575542,62151.779359430606,296359.801980198,89797020.0,1.3852654749889737,11.620449045616304,22.257425742574256,21.733761650165015,13.210903201320132,8.521173811881189,1.597437105610561,51.306,97.31164699727694,2.663782336453318,25.35376144769066,1,0,True,,0,3184.5859375,3160.1513671875,0.0,5057.23828125,2047.12890625,8915.3671875,704.32421875,0.0,0.0,../../tmp/counterbalanced_map_worker_3mode_seed1_10_n10_artifacts_20260828/seed1_run1_adaptive.attempt1.memory.csv,True,True,../../tmp/counterbalanced_map_worker_3mode_seed1_10_n10_artifacts_20260828/seed1_run1_adaptive.attempt1.performance.csv,0,303,,
seed1,2,sector,4,1,,strict-burst,cpp,True,True,,,,,,,,,,,,,0,0,0,0,0,1,1,0,0,0,0,0,0,0,0,0,0,4,5,0,1,0,3,1,0,3,4,3.2265918254852295,0.8066479563713074,0.9786303043365479,,,,,,,,,,,,,,,,,,,,,,,,,,,,,,,58.33,5,5,0,0.394,True,241490,0,0.427,0.227,,,,,,,0,static_pcd,0,0,0,,,,,,,,,,,,,,,../../tmp/counterbalanced_map_worker_3mode_seed1_10_n10_artifacts_20260828/seed1_run2_sector.json,5832,4620,1.092,-0.955,1.599,-26.674,24.027,-24.267,24.813,224.904,7.0,7.002639,7.002639,6.999797,7.0,0.01,True,0,0,0,,,,,,0.0,,,,,,,0,,,,,,,,,,,,,,,,,,,,,,,,,,,,,,,,,,,,,,,,,,,,,,,,,,,,,,,,,,,,,,,,,,,,,,,,,,60,True,0.6,1.2,1.5,2,0.2,505,505,0,505,0,0,/rog_map/commit_version,0.12,0.1,0,0,False,/rog_map/cloud_process_ack,/sector/full_refresh_request,0,0,0,0,0,False,0,0,0,0,0,0,0,False,0,0,0,0,0,0,0,0,0,0,0,0,0,0,0,6000,0,0,100,7720309,3553423,46.027,False,0,False,0,0,False,0,0,1.5,0,1.5,1.5,0,0,0,,,,,,,,,0,0,,False,False,False,0,0,5,15,False,0,0,0,0,0,0,0,0,,,/planning/trajectory_guard_recovery_active,2.5,0,0,False,False,0,0,0,0,0,False,0,0,0,0,0,0,0,0,False,0,0,0,0,0,0,0,0,,,,,,,,,,,,,,,,,,,,,,,,7250.400419287212,477,8.17761014915138,59290.94805417453,145008.00838574424,69168820.0,1.1308850870928675,9.486551688667925,20.0,11.366813270440252,7.267893773584905,4.097511289308176,0.7938935199161425,46.027,102.18804215765185,2.5397099410896193,24.810181474958323,1,0,True,,0,3175.4140625,3151.3505859375,0.0,5036.90234375,2047.09375,8905.55078125,704.32421875,0.0,0.0,../../tmp/counterbalanced_map_worker_3mode_seed1_10_n10_artifacts_20260828/seed1_run2_sector.attempt1.memory.csv,True,True,../../tmp/counterbalanced_map_worker_3mode_seed1_10_n10_artifacts_20260828/seed1_run2_sector.attempt1.performance.csv,0,477,,
seed1,2,adaptive,5,2,,strict-burst,cpp,True,True,,,,,,,,,,,,,0,5,5,5,0,1,1,0,0,0,0,0,0,0,0,0,0,5,5,0,15,0,4,1,0,4,5,4.379582166671753,0.8759164333343505,1.1795363426208496,,,,,,,,,,,,,,,,,,,,,,,,,,,,,,,57.84,5,5,0,0.4,True,241490,0,0.503,0.303,,,,,,,0,static_pcd,0,0,0,,,,,,,,,,,,,,,../../tmp/counterbalanced_map_worker_3mode_seed1_10_n10_artifacts_20260828/seed1_run2_adaptive.json,5783,4400,1.113,-0.911,1.345,-26.613,24.025,-24.418,25.213,224.515,7.001,7.002601,7.002601,7.000903,7.0,0.01,True,0,0,0,,,,,,0.0,1787889565.89341,2.096,2.096,1787889572.512892,16.914,17.444,0,,,,,,,,,,,,,,,,,,,,,,,,,,,,,,,,,,,,,,,,,,,,,,,,,,,,,,,,,,,,,,,,,,,,,,,,,,60,True,0.6,1.2,1.5,2,1.5,528,528,0,332,196,5,/rog_map/commit_version,0.12,0.1,0.25,0,True,/rog_map/cloud_process_ack,/sector/full_refresh_request,319,319,46,23,23,False,0,1,23,0,0,0,23,False,28,28,0,319,0,319,1787889623714220725,319,0,0.321416,0.51414,0.042628,0.087334,0.129555,0.982652,6000,741063,573580,62.879,7772637,3487203,44.865,True,47.348,False,39.773,44.447,False,0.6,1.4,1.5,0.2,3,2.89807,1,0,0,1787889594.36,1787889594.36,1787889594.63,,,,,,23,0.669777,0,True,True,False,0.6,1.4,3,15,False,23,23,19,19,21.78,404,255,10,1787889565.89,1787889565.89,/planning/trajectory_guard_recovery_active,2.5,0,0,False,False,11,5,3,3,5,False,1,5,5,0,0,0,0.042986,0.04477,False,0,22.727,35,85,25,53,6.629,16.098,1787889566.24,,,,,,,,,,,,,,,,,,,,,,,10792.420062695925,319,5.51521438450899,59522.510373443976,236709.9686520376,75510480.0,1.245027755800619,10.44404979253112,21.053291536050157,20.07644724137931,12.253204231974921,7.821560526645769,1.5028826112852665,44.865,100.46873942835569,2.753712537306577,26.20063015271737,1,0,True,,0,3183.43359375,3159.298828125,0.0,5020.890625,2047.078125,8913.9453125,704.32421875,0.0,0.0,../../tmp/counterbalanced_map_worker_3mode_seed1_10_n10_artifacts_20260828/seed1_run2_adaptive.attempt1.memory.csv,True,True,../../tmp/counterbalanced_map_worker_3mode_seed1_10_n10_artifacts_20260828/seed1_run2_adaptive.attempt1.performance.csv,0,319,,
seed1,2,full,6,3,,strict-burst,direct,True,True,,,,,,,,,,,,,0,0,0,0,0,7,11,0,0,0,0,0,0,0,0,0,0,8,24,0,2,0,3,5,0,2,8,9.026527643203735,1.128315955400467,2.3915271759033203,,,,,,,,,,,,,,,,,,,,,,,,,,,,,,,64.5,5,5,0,0.458,True,241490,0,0.505,0.305,,,,,,,0,static_pcd,0,0,0,,,,,,,,,,,,,,,../../tmp/counterbalanced_map_worker_3mode_seed1_10_n10_artifacts_20260828/seed1_run2_full.json,6449,5039,1.149,-0.963,1.079,-24.618,24.025,-24.358,27.901,226.498,7.0,7.000438,7.000438,6.999717,7.0,0.01,True,0,0,0,,,,,,0.351,,,,,,,0,,,,,,,,,,,,,,,,,,,,,,,,,,,,,,,,,,,,,,,,,,,,,,,,,,,,,,,,,,,,,,,,,,,,,,,,,,,,,,,,,,,,,,,,,,,,,,,,,,,,,,,,,,,,,,,,,,,,,,,,,,,,,,,,,,,,,,,,,,,,,,,,,,,,,,,,,,,,,,,,,,,,,,,,,,,,,,,,,,,,,,,,,,,,,,,,,,,,,,,,,,,,,,,,,,,,,,,,,,,,,,,,,,,15678.904214559387,522,8.093023255813954,126889.73643410853,501724.9310344828,261900414.0,3.872367415317269,32.48377227906977,32.0,32.13186800766284,20.77305038314176,11.357017796934866,1.3114995172413793,,117.53180975738842,,26.488190826377075,1,0,True,,0,3192.26171875,3169.046875,0.0,5067.2109375,2047.0703125,8907.0234375,704.32421875,0.0,0.0,../../tmp/counterbalanced_map_worker_3mode_seed1_10_n10_artifacts_20260828/seed1_run2_full.attempt1.memory.csv,True,True,../../tmp/counterbalanced_map_worker_3mode_seed1_10_n10_artifacts_20260828/seed1_run2_full.attempt1.performance.csv,4,526,,
seed1,3,adaptive,7,1,,strict-burst,cpp,True,True,,,,,,,,,,,,,0,15,15,15,0,1,0,0,0,0,0,0,0,0,0,0,0,15,37,0,1,0,3,9,0,12,15,10.091026544570923,0.6727351029713948,1.1603093147277832,,,,,,,,,,,,,,,,,,,,,,,,,,,,,,,61.77,5,5,0,0.388,True,241490,0,0.477,0.277,,,,,,,0,static_pcd,0,0,0,,,,,,,,,,,,,,,../../tmp/counterbalanced_map_worker_3mode_seed1_10_n10_artifacts_20260828/seed1_run3_adaptive.json,6176,4800,1.116,-0.982,1.777,-25.693,24.071,-25.652,25.561,225.859,7.0,7.001168,7.001168,7.000263,7.0,0.01,True,0,0,0,,,,,,0.0,1787889708.374164,1.976,1.867,1787889709.047627,2.589,3.107,0,,,,,,,,,,,,,,,,,,,,,,,,,,,,,,,,,,,,,,,,,,,,,,,,,,,,,,,,,,,,,,,,,,,,,,,,,,60,True,0.6,1.2,1.5,2,1.5,473,473,0,303,170,5,/rog_map/commit_version,0.12,0.1,0.25,0,True,/rog_map/cloud_process_ack,/sector/full_refresh_request,291,291,41,35,35,False,0,1,35,0,0,0,35,False,50,50,0,291,0,291,1787889769546122572,291,0,0.333443,0.4712,0.041644,0.070187,0.147702,0.964111,6000,739015,605314,64.059,6996074,3577102,51.13,True,69.345,True,51.586,54.713,False,0.6,1.4,1.5,0.2,3,2.898311,1,0,0,1787889724.56,1787889724.56,1787889725.35,,,,,,36,0.639951,0,True,True,False,0.6,1.4,3,15,False,23,23,18,17,21.987,407,242,9,1787889708.37,1787889708.37,/planning/trajectory_guard_recovery_active,2.5,0,0,False,True,31,15,6,5,15,False,1,15,15,0,0,0,0.041659,0.049715,False,0,36.786,55,119,43,77,11.628,25.159,1787889710.27,,,,,,,,,,,,,,,,,,,,,,,12151.518900343643,291,4.711024769305488,57246.10652420268,285303.93127147766,83023444.0,1.2818087453843707,10.752591096001295,22.061855670103093,22.05652171821306,13.318657800687285,8.736218316151202,1.652023766323024,51.13,91.97511635297802,2.6823046367741217,23.19862335504546,1,0,True,,0,3182.62109375,3158.400390625,0.0,5074.2109375,2046.6953125,8888.33203125,704.32421875,0.0,0.0,../../tmp/counterbalanced_map_worker_3mode_seed1_10_n10_artifacts_20260828/seed1_run3_adaptive.attempt1.memory.csv,True,True,../../tmp/counterbalanced_map_worker_3mode_seed1_10_n10_artifacts_20260828/seed1_run3_adaptive.attempt1.performance.csv,0,291,,
seed1,3,full,8,2,,strict-burst,direct,True,True,,,,,,,,,,,,,0,0,0,0,0,1,1,0,0,0,0,0,0,0,0,0,0,6,20,0,0,0,1,4,0,3,6,26.263245582580566,4.377207597096761,22.050350427627563,,,,,,,,,,,,,,,,,,,,,,,,,,,,,,,57.33,5,5,0,0.432,True,241490,0,0.484,0.284,,,,,,,0,static_pcd,0,0,0,,,,,,,,,,,,,,,../../tmp/counterbalanced_map_worker_3mode_seed1_10_n10_artifacts_20260828/seed1_run3_full.json,5732,4419,1.21,-0.864,1.494,-26.598,24.025,-26.422,24.025,223.101,7.002,7.001961,7.001961,7.001819,7.0,0.01,True,0,0,0,,,,,,0.641,,,,,,,0,,,,,,,,,,,,,,,,,,,,,,,,,,,,,,,,,,,,,,,,,,,,,,,,,,,,,,,,,,,,,,,,,,,,,,,,,,,,,,,,,,,,,,,,,,,,,,,,,,,,,,,,,,,,,,,,,,,,,,,,,,,,,,,,,,,,,,,,,,,,,,,,,,,,,,,,,,,,,,,,,,,,,,,,,,,,,,,,,,,,,,,,,,,,,,,,,,,,,,,,,,,,,,,,,,,,,,,,,,,,,,,,,,,14920.935760171305,467,8.145822431536718,121543.2932147218,477469.9443254818,222978464.0,3.7092069462500548,31.11508306296878,32.0,31.98410471092077,20.378844967880084,11.603639807280514,1.4183384839400428,,121.36953234967513,,24.295226115066395,1,0,True,,0,3188.78125,3165.8369140625,0.0,5050.14453125,2046.6953125,8900.8515625,704.32421875,0.0,0.0,../../tmp/counterbalanced_map_worker_3mode_seed1_10_n10_artifacts_20260828/seed1_run3_full.attempt1.memory.csv,True,True,../../tmp/counterbalanced_map_worker_3mode_seed1_10_n10_artifacts_20260828/seed1_run3_full.attempt1.performance.csv,4,471,,
seed1,3,sector,9,3,,strict-burst,cpp,True,True,,,,,,,,,,,,,0,0,0,0,0,2,2,0,0,0,0,0,0,0,0,0,0,12,41,0,0,0,2,9,0,9,12,18.813798666000366,1.5678165555000305,11.122386455535889,,,,,,,,,,,,,,,,,,,,,,,,,,,,,,,61.95,5,5,0,0.399,True,241490,0,0.478,0.278,,,,,,,0,static_pcd,0,0,0,,,,,,,,,,,,,,,../../tmp/counterbalanced_map_worker_3mode_seed1_10_n10_artifacts_20260828/seed1_run3_sector.json,6194,4940,1.128,-0.917,1.109,-24.668,24.278,-24.222,24.969,223.361,7.0,7.001418,7.001418,6.999882,7.0,0.01,True,0,0,0,,,,,,0.0,,,,,,,0,,,,,,,,,,,,,,,,,,,,,,,,,,,,,,,,,,,,,,,,,,,,,,,,,,,,,,,,,,,,,,,,,,,,,,,,,,60,True,0.6,1.2,1.5,2,0.2,497,497,0,497,0,0,/rog_map/commit_version,0.12,0.1,0,0,False,/rog_map/cloud_process_ack,/sector/full_refresh_request,0,0,0,0,0,False,0,0,0,0,0,0,0,False,0,0,0,0,0,0,0,0,0,0,0,0,0,0,0,6000,0,0,100,7936161,3630290,45.744,False,0,False,0,0,False,0,0,1.5,0,1.5,1.5,0,0,0,,,,,,,,,0,0,,False,False,False,0,0,5,15,False,0,0,0,0,0,0,0,0,,,/planning/trajectory_guard_recovery_active,2.5,0,0,False,False,0,0,0,0,0,False,0,0,0,0,0,0,0,0,False,0,0,0,0,0,0,0,0,,,,,,,,,,,,,,,,,,,,,,,,7527.485106382978,470,7.586763518966908,57109.24939467312,150549.70212765958,70758360.0,1.0892724875387787,9.1374799031477,20.0,11.511343468085105,7.3481325106382975,4.161567331914894,0.8128442468085106,45.744,93.27074601140883,2.622347168223507,,1,0,True,,0,3175.890625,3151.8642578125,0.0,5046.1875,2046.6796875,8909.546875,704.32421875,0.0,0.0,../../tmp/counterbalanced_map_worker_3mode_seed1_10_n10_artifacts_20260828/seed1_run3_sector.attempt1.memory.csv,True,True,../../tmp/counterbalanced_map_worker_3mode_seed1_10_n10_artifacts_20260828/seed1_run3_sector.attempt1.performance.csv,0,470,,
seed1,4,full,10,1,,strict-burst,direct,True,True,,,,,,,,,,,,,0,0,0,0,0,1,1,0,0,0,0,0,0,0,0,0,0,4,18,0,0,0,0,4,0,4,4,7.153073072433472,1.788268268108368,4.449220895767212,,,,,,,,,,,,,,,,,,,,,,,,,,,,,,,54.78,5,5,0,0.37,True,241490,0,0.387,0.187,,,,,,,0,static_pcd,0,0,0,,,,,,,,,,,,,,,../../tmp/counterbalanced_map_worker_3mode_seed1_10_n10_artifacts_20260828/seed1_run4_full.json,5477,4150,1.159,-0.831,0.965,-24.553,24.025,-24.467,24.025,222.748,7.0,7.001621,7.001621,6.999966,7.0,0.01,True,0,0,0,,,,,,0.0,,,,,,,0,,,,,,,,,,,,,,,,,,,,,,,,,,,,,,,,,,,,,,,,,,,,,,,,,,,,,,,,,,,,,,,,,,,,,,,,,,,,,,,,,,,,,,,,,,,,,,,,,,,,,,,,,,,,,,,,,,,,,,,,,,,,,,,,,,,,,,,,,,,,,,,,,,,,,,,,,,,,,,,,,,,,,,,,,,,,,,,,,,,,,,,,,,,,,,,,,,,,,,,,,,,,,,,,,,,,,,,,,,,,,,,,,,,15487.649769585254,434,7.922599488864549,122702.44614822928,495604.8064516129,215092486.0,3.7445815909122104,31.411827090178896,32.0,32.839803917050695,20.629848156682026,12.208258548387098,1.5148599677419354,,123.47138885447443,,24.92727724482688,1,0,True,,0,3187.59375,3164.54296875,0.0,5077.859375,2046.66015625,8888.3203125,704.32421875,0.0,0.0,../../tmp/counterbalanced_map_worker_3mode_seed1_10_n10_artifacts_20260828/seed1_run4_full.attempt1.memory.csv,True,True,../../tmp/counterbalanced_map_worker_3mode_seed1_10_n10_artifacts_20260828/seed1_run4_full.attempt1.performance.csv,3,437,,
seed1,4,sector,11,2,,strict-burst,cpp,True,True,,,,,,,,,,,,,0,0,0,0,0,2,2,0,0,0,0,0,0,0,0,0,0,7,17,0,0,0,2,4,0,5,7,4.824910402297974,0.6892729146139962,1.2164480686187744,,,,,,,,,,,,,,,,,,,,,,,,,,,,,,,59.57,5,5,0,0.404,True,241490,0,0.5,0.3,,,,,,,0,static_pcd,0,0,0,,,,,,,,,,,,,,,../../tmp/counterbalanced_map_worker_3mode_seed1_10_n10_artifacts_20260828/seed1_run4_sector.json,5956,4760,1.381,-0.479,1.545,-26.563,24.025,-25.711,24.557,223.672,6.999,7.000583,7.000583,6.998821,7.0,0.01,True,0,0,0,,,,,,0.0,,,,,,,0,,,,,,,,,,,,,,,,,,,,,,,,,,,,,,,,,,,,,,,,,,,,,,,,,,,,,,,,,,,,,,,,,,,,,,,,,,60,True,0.6,1.2,1.5,2,0.2,511,511,0,511,0,0,/rog_map/commit_version,0.12,0.1,0,0,False,/rog_map/cloud_process_ack,/sector/full_refresh_request,0,0,0,0,0,False,0,0,0,0,0,0,0,False,0,0,0,0,0,0,0,0,0,0,0,0,0,0,0,6000,0,0,100,7618360,3435214,45.091,False,0,False,0,0,False,0,0,1.5,0,1.5,1.5,0,0,0,,,,,,,,,0,0,,False,False,False,0,0,5,15,False,0,0,0,0,0,0,0,0,,,/planning/trajectory_guard_recovery_active,2.5,0,0,False,False,0,0,0,0,0,False,0,0,0,0,0,0,0,0,False,0,0,0,0,0,0,0,0,,,,,,,,,,,,,,,,,,,,,,,,6913.927536231884,483,8.108108108108109,56058.871915393654,138278.5507246377,66788540.0,1.0692381270483713,8.969419506462984,20.0,11.465850289855071,7.352638612836438,4.1117125548654245,0.7796429917184265,45.091,97.61737850140777,2.492095732979629,25.310502971330916,1,0,True,,0,3174.43359375,3150.201171875,0.0,5062.171875,2046.65625,8903.078125,704.32421875,0.0,0.0,../../tmp/counterbalanced_map_worker_3mode_seed1_10_n10_artifacts_20260828/seed1_run4_sector.attempt1.memory.csv,True,True,../../tmp/counterbalanced_map_worker_3mode_seed1_10_n10_artifacts_20260828/seed1_run4_sector.attempt1.performance.csv,0,483,,
seed1,4,adaptive,12,3,,strict-burst,cpp,True,True,,,,,,,,,,,,,0,12,12,12,0,7,11,0,0,0,0,0,0,0,0,0,0,12,34,0,0,0,4,8,0,8,12,12.22072696685791,1.018393913904826,3.5610451698303223,,,,,,,,,,,,,,,,,,,,,,,,,,,,,,,69.11,5,5,0,0.392,True,241490,0,0.409,0.209,,,,,,,0,static_pcd,0,0,0,,,,,,,,,,,,,,,../../tmp/counterbalanced_map_worker_3mode_seed1_10_n10_artifacts_20260828/seed1_run4_adaptive.json,6910,5600,1.101,-0.965,1.559,-25.486,24.025,-25.607,27.863,227.53,6.999,7.001947,7.001947,6.999162,7.0,0.01,True,0,0,0,,,,,,0.0,1787890053.693151,0.897,0.659,1787890054.38712,2.556,3.009,0,,,,,,,,,,,,,,,,,,,,,,,,,,,,,,,,,,,,,,,,,,,,,,,,,,,,,,,,,,,,,,,,,,,,,,,,,,60,True,0.6,1.2,1.5,2,1.5,562,562,0,355,207,5,/rog_map/commit_version,0.12,0.1,0.25,0,True,/rog_map/cloud_process_ack,/sector/full_refresh_request,342,342,50,50,50,False,0,1,50,0,0,0,50,False,62,62,0,342,0,342,1787890122083443070,342,0,0.327987,0.485974,0.040403,0.076187,0.13881,0.772705,6000,931713,743465,63.167,8537691,4292452,50.276,True,13.701,False,56.228,61.71,False,0.6,1.4,1.5,0.2,3,2.899603,1,0,0,1787890113.42,1787890113.42,1787890113.72,,,,,,6,0.829909,0,True,True,False,0.6,1.4,3,15,False,28,28,21,21,20.996,446,277,10,1787890053.69,1787890053.69,/planning/trajectory_guard_recovery_active,2.5,0,0,False,False,25,12,6,6,12,False,1,12,12,0,0,0,0.041898,0.059611,False,0,43.06,96,146,71,95,17.082,25.979,1787890055.42,,,,,,,,,,,,,,,,,,,,,,,12421.1432748538,342,4.9486326146722615,61467.67472145855,295710.84210526315,101133108.0,1.395572965387635,11.706914542034438,22.17543859649123,21.924464649122807,13.472858391812865,8.449814239766082,1.4640714385964912,50.276,94.50731781781967,2.6733486634011907,23.17880948043822,1,0,True,,0,3190.0859375,3166.0576171875,0.0,5031.94921875,2046.65625,8939.78125,704.32421875,0.0,0.0,../../tmp/counterbalanced_map_worker_3mode_seed1_10_n10_artifacts_20260828/seed1_run4_adaptive.attempt1.memory.csv,True,True,../../tmp/counterbalanced_map_worker_3mode_seed1_10_n10_artifacts_20260828/seed1_run4_adaptive.attempt1.performance.csv,0,342,,
seed1,5,sector,13,1,,strict-burst,cpp,True,True,,,,,,,,,,,,,0,0,0,0,0,0,0,0,0,0,0,0,0,0,0,0,0,12,29,0,0,0,5,7,0,10,12,10.519601821899414,0.8766334851582845,1.2747080326080322,,,,,,,,,,,,,,,,,,,,,,,,,,,,,,,60.67,5,5,0,0.378,True,241490,0,0.439,0.239,,,,,,,0,static_pcd,0,0,0,,,,,,,,,,,,,,,../../tmp/counterbalanced_map_worker_3mode_seed1_10_n10_artifacts_20260828/seed1_run5_sector.json,6067,4480,1.381,-0.573,1.492,-24.732,24.038,-24.554,25.381,223.409,7.0,7.001271,7.001271,7.000163,7.0,0.01,True,0,0,0,,,,,,0.0,,,,,,,0,,,,,,,,,,,,,,,,,,,,,,,,,,,,,,,,,,,,,,,,,,,,,,,,,,,,,,,,,,,,,,,,,,,,,,,,,,60,True,0.6,1.2,1.5,2,0.2,465,465,0,465,0,0,/rog_map/commit_version,0.12,0.1,0,0,False,/rog_map/cloud_process_ack,/sector/full_refresh_request,0,0,0,0,0,False,0,0,0,0,0,0,0,False,0,0,0,0,0,0,0,0,0,0,0,0,0,0,0,6000,0,0,100,6740047,2937028,43.576,False,0,False,0,0,False,0,0,1.5,0,1.5,1.5,0,0,0,,,,,,,,,0,0,,False,False,False,0,0,5,15,False,0,0,0,0,0,0,0,0,,,/planning/trajectory_guard_recovery_active,2.5,0,0,False,False,0,0,0,0,0,False,0,0,0,0,0,0,0,0,False,0,0,0,0,0,0,0,0,,,,,,,,,,,,,,,,,,,,,,,,6508.678899082569,436,7.18641832866326,46774.08933575078,130173.57798165138,56755680.0,0.8921449534559399,7.483854293720126,20.0,11.137274633027523,7.040906353211009,4.094774479357798,0.7951901123853211,43.576,89.47573029988351,2.3982493647917478,20.977145262445074,1,0,True,,0,3173.33984375,3149.17578125,0.0,5020.234375,2045.58203125,8903.296875,703.265625,0.0,0.0,../../tmp/counterbalanced_map_worker_3mode_seed1_10_n10_artifacts_20260828/seed1_run5_sector.attempt1.memory.csv,True,True,../../tmp/counterbalanced_map_worker_3mode_seed1_10_n10_artifacts_20260828/seed1_run5_sector.attempt1.performance.csv,0,436,,
seed1,5,adaptive,14,2,,strict-burst,cpp,True,True,,,,,,,,,,,,,0,5,5,5,0,1,1,0,0,0,0,0,0,0,0,0,0,5,9,0,0,0,3,2,0,3,5,3.781787633895874,0.7563575267791748,1.054314374923706,,,,,,,,,,,,,,,,,,,,,,,,,,,,,,,57.39,5,5,0,0.398,True,241490,0,0.5,0.3,,,,,,,0,static_pcd,0,0,0,,,,,,,,,,,,,,,../../tmp/counterbalanced_map_worker_3mode_seed1_10_n10_artifacts_20260828/seed1_run5_adaptive.json,5738,4520,1.054,-1.033,1.474,-25.868,24.025,-24.945,25.315,224.541,6.995,7.00226,7.00226,6.99499,7.0,0.01,True,0,0,0,,,,,,0.182,1787890203.989133,2.967,3.459,1787890208.72219,13.062,13.854,0,,,,,,,,,,,,,,,,,,,,,,,,,,,,,,,,,,,,,,,,,,,,,,,,,,,,,,,,,,,,,,,,,,,,,,,,,,60,True,0.6,1.2,1.5,2,1.5,488,488,0,309,179,5,/rog_map/commit_version,0.12,0.1,0.25,0,True,/rog_map/cloud_process_ack,/sector/full_refresh_request,297,297,47,40,40,False,0,1,40,0,0,0,40,False,45,45,0,297,0,297,1787890260618785049,297,0,0.343806,0.480285,0.045306,0.084119,0.136939,0.585761,6000,516366,417933,63.32,7599037,3556141,46.797,True,38.115,False,34.631,39.304,False,0.6,1.4,1.5,0.2,3,2.898823,1,0,0,1787890237.97,1787890237.97,1787890238.15,,,,,,16,0.539886,0,True,True,False,0.6,1.4,3,15,False,23,23,19,19,20.902,417,258,10,1787890205.58,1787890203.99,/planning/trajectory_guard_recovery_active,2.5,0,0,False,False,11,5,3,3,5,False,1,5,5,0,0,0,0.041509,0.063557,False,0,17.623,33,53,25,39,6.762,10.861,1787890203.99,,,,,,,,,,,,,,,,,,,,,,,11863.905405405405,296,5.157692977870709,61190.38159958181,275247.9256756757,81473386.0,1.3538783010777582,11.357154347447292,21.824324324324323,20.146316824324327,12.152905168918918,7.991770631756757,1.6091909054054052,46.797,103.31531050447649,2.717490849916554,26.732672351587293,1,0,True,,0,3185.03515625,3160.9755859375,0.0,5003.9375,2045.578125,8947.203125,703.265625,0.0,0.0,../../tmp/counterbalanced_map_worker_3mode_seed1_10_n10_artifacts_20260828/seed1_run5_adaptive.attempt1.memory.csv,True,True,../../tmp/counterbalanced_map_worker_3mode_seed1_10_n10_artifacts_20260828/seed1_run5_adaptive.attempt1.performance.csv,1,297,,
seed1,5,full,15,3,,strict-burst,direct,True,True,,,,,,,,,,,,,0,0,0,0,0,4,5,0,0,0,0,0,0,0,0,0,0,11,17,0,0,0,6,4,0,8,11,11.132136583328247,1.0120124166662043,2.003082513809204,,,,,,,,,,,,,,,,,,,,,,,,,,,,,,,62.35,5,5,0,0.437,True,241490,0,0.476,0.276,,,,,,,0,static_pcd,0,0,0,,,,,,,,,,,,,,,../../tmp/counterbalanced_map_worker_3mode_seed1_10_n10_artifacts_20260828/seed1_run5_full.json,6234,4800,1.227,-0.832,1.334,-25.539,24.026,-24.249,25.371,222.101,6.999,7.002625,7.002625,6.999205,7.0,0.01,True,0,0,0,,,,,,0.293,,,,,,,0,,,,,,,,,,,,,,,,,,,,,,,,,,,,,,,,,,,,,,,,,,,,,,,,,,,,,,,,,,,,,,,,,,,,,,,,,,,,,,,,,,,,,,,,,,,,,,,,,,,,,,,,,,,,,,,,,,,,,,,,,,,,,,,,,,,,,,,,,,,,,,,,,,,,,,,,,,,,,,,,,,,,,,,,,,,,,,,,,,,,,,,,,,,,,,,,,,,,,,,,,,,,,,,,,,,,,,,,,,,,,,,,,,,15563.590163934427,488,7.826784282277465,121812.86287089014,498034.87295081967,243041018.0,3.717433467519312,31.18409212510024,32.0,30.768478893442623,19.539041598360654,11.227772786885247,1.3376812786885246,,111.91735742022452,,24.224121064431927,1,0,True,,0,3189.4296875,3166.7373046875,0.0,5064.69140625,2045.5703125,8903.5234375,703.265625,0.0,0.0,../../tmp/counterbalanced_map_worker_3mode_seed1_10_n10_artifacts_20260828/seed1_run5_full.attempt1.memory.csv,True,True,../../tmp/counterbalanced_map_worker_3mode_seed1_10_n10_artifacts_20260828/seed1_run5_full.attempt1.performance.csv,3,491,,
seed1,6,adaptive,16,1,,strict-burst,cpp,True,True,,,,,,,,,,,,,0,10,10,10,0,3,3,0,0,0,0,0,0,0,0,0,0,9,22,0,0,0,5,4,0,7,9,7.507608413696289,0.834178712632921,2.154898166656494,,,,,,,,,,,,,,,,,,,,,,,,,,,,,,,59.64,5,5,0,0.42,True,241490,0,0.435,0.235,,,,,,,0,static_pcd,0,0,0,,,,,,,,,,,,,,,../../tmp/counterbalanced_map_worker_3mode_seed1_10_n10_artifacts_20260828/seed1_run6_adaptive.json,5964,4809,0.87,-0.793,1.726,-26.418,24.025,-23.976,24.025,224.296,6.999,7.002351,7.002351,6.999359,7.0,0.01,True,0,0,0,,,,,,0.0,1787890342.9946,0.0,0.0,1787890354.001584,20.789,20.948,0,,,,,,,,,,,,,,,,,,,,,,,,,,,,,,,,,,,,,,,,,,,,,,,,,,,,,,,,,,,,,,,,,,,,,,,,,,60,True,0.6,1.2,1.5,2,1.5,486,486,0,320,166,5,/rog_map/commit_version,0.12,0.1,0.25,0,True,/rog_map/cloud_process_ack,/sector/full_refresh_request,306,306,44,35,35,False,0,1,35,0,0,0,35,False,45,45,0,306,0,306,1787890402199611447,306,0,0.323511,0.545143,0.042008,0.062043,0.134968,0.786013,6000,929086,771820,65.844,7373043,3977278,53.944,True,76.132,True,61.934,67.223,False,0.6,1.4,1.5,0.2,3,2.899161,1,0,0,1787890354.81,1787890354.81,1787890355.13,,,,,,38,0.960169,0,True,True,False,0.6,1.4,3,15,False,25,25,13,12,21.811,392,261,8,1787890343.56,1787890342.99,/planning/trajectory_guard_recovery_active,2.5,0,0,True,True,20,10,6,5,10,False,1,10,10,0,0,0,0.04359,0.066547,False,0,53.292,142,117,98,77,29.218,24.074,1787890342.99,,,,,,,,,,,,,,,,,,,,,,,12822.460784313726,306,5.130784708249497,65789.28571428571,293209.67320261436,89722160.0,1.4347035480297148,12.03516566063045,21.764705882352942,23.989331111111113,14.363985196078431,9.623826830065358,1.6849422647058823,53.944,101.91697837391152,2.6905103005739797,24.201203935715434,1,0,True,,0,3186.4453125,3162.1708984375,0.0,5024.484375,2045.55859375,8947.421875,703.265625,0.0,0.0,../../tmp/counterbalanced_map_worker_3mode_seed1_10_n10_artifacts_20260828/seed1_run6_adaptive.attempt1.memory.csv,True,True,../../tmp/counterbalanced_map_worker_3mode_seed1_10_n10_artifacts_20260828/seed1_run6_adaptive.attempt1.performance.csv,0,306,,
seed1,6,full,17,2,,strict-burst,direct,True,True,,,,,,,,,,,,,0,0,0,0,0,5,5,0,0,0,0,0,0,0,0,0,0,7,24,0,0,0,1,5,0,2,7,7.151606321334839,1.0216580459049769,3.3950247764587402,,,,,,,,,,,,,,,,,,,,,,,,,,,,,,,60.45,5,5,0,0.458,True,241490,0,0.511,0.311,,,,,,,0,static_pcd,0,0,0,,,,,,,,,,,,,,,../../tmp/counterbalanced_map_worker_3mode_seed1_10_n10_artifacts_20260828/seed1_run6_full.json,6044,4360,1.236,-0.827,1.682,-24.895,24.025,-25.693,25.133,226.692,7.0,7.003287,7.003287,6.999997,7.0,0.01,True,0,0,0,,,,,,0.0,,,,,,,0,,,,,,,,,,,,,,,,,,,,,,,,,,,,,,,,,,,,,,,,,,,,,,,,,,,,,,,,,,,,,,,,,,,,,,,,,,,,,,,,,,,,,,,,,,,,,,,,,,,,,,,,,,,,,,,,,,,,,,,,,,,,,,,,,,,,,,,,,,,,,,,,,,,,,,,,,,,,,,,,,,,,,,,,,,,,,,,,,,,,,,,,,,,,,,,,,,,,,,,,,,,,,,,,,,,,,,,,,,,,,,,,,,,15626.832075471699,530,8.767576509511994,137009.4458229942,500058.62641509436,265031072.0,4.18119646676618,35.07441813068652,32.0,32.43118528301887,20.814088113207546,11.615128283018867,1.343385316981132,,124.05419504485167,,27.577677383339893,1,0,True,,0,3188.984375,3165.79296875,0.0,4999.0234375,2045.54296875,8924.8125,703.265625,0.0,0.0,../../tmp/counterbalanced_map_worker_3mode_seed1_10_n10_artifacts_20260828/seed1_run6_full.attempt1.memory.csv,True,True,../../tmp/counterbalanced_map_worker_3mode_seed1_10_n10_artifacts_20260828/seed1_run6_full.attempt1.performance.csv,3,533,,
seed1,6,sector,18,3,,strict-burst,cpp,True,True,,,,,,,,,,,,,0,0,0,0,0,1,0,0,0,0,0,0,0,0,0,0,0,3,1,0,0,0,2,0,0,2,3,25.688358783721924,8.56278626124064,23.98770022392273,,,,,,,,,,,,,,,,,,,,,,,,,,,,,,,57.15,5,5,0,0.391,True,241490,0,0.402,0.202,,,,,,,0,static_pcd,0,0,0,,,,,,,,,,,,,,,../../tmp/counterbalanced_map_worker_3mode_seed1_10_n10_artifacts_20260828/seed1_run6_sector.json,5714,4540,1.167,-0.891,1.853,-24.804,24.025,-24.159,25.28,225.432,7.0,7.001066,7.001067,6.999648,7.0,0.01,True,0,0,0,,,,,,0.0,,,,,,,0,,,,,,,,,,,,,,,,,,,,,,,,,,,,,,,,,,,,,,,,,,,,,,,,,,,,,,,,,,,,,,,,,,,,,,,,,,60,True,0.6,1.2,1.5,2,0.2,517,517,0,517,0,0,/rog_map/commit_version,0.12,0.1,0,0,False,/rog_map/cloud_process_ack,/sector/full_refresh_request,0,0,0,0,0,False,0,0,0,0,0,0,0,False,0,0,0,0,0,0,0,0,0,0,0,0,0,0,0,6000,0,0,100,8079475,3640806,45.062,False,0,False,0,0,False,0,0,1.5,0,1.5,1.5,0,0,0,,,,,,,,,0,0,,False,False,False,0,0,5,15,False,0,0,0,0,0,0,0,0,,,/planning/trajectory_guard_recovery_active,2.5,0,0,False,False,0,0,0,0,0,False,0,0,0,0,0,0,0,0,False,0,0,0,0,0,0,0,0,,,,,,,,,,,,,,,,,,,,,,,,7241.702040816326,490,8.57392825896763,62089.833770778656,144834.04081632654,70968680.0,1.1842695955425007,9.934373403324585,20.0,11.174996469387755,7.073657693877552,4.099803142857143,0.7790395285714286,45.062,101.08797145945462,2.4818564615781935,24.05066327065787,1,0,True,,0,3175.9609375,3151.6943359375,0.0,5020.90625,2045.53515625,8912.703125,703.265625,0.0,0.0,../../tmp/counterbalanced_map_worker_3mode_seed1_10_n10_artifacts_20260828/seed1_run6_sector.attempt1.memory.csv,True,True,../../tmp/counterbalanced_map_worker_3mode_seed1_10_n10_artifacts_20260828/seed1_run6_sector.attempt1.performance.csv,0,490,,
seed1,7,full,19,1,,strict-burst,direct,True,True,,,,,,,,,,,,,0,0,0,0,0,4,4,0,0,0,0,0,0,0,0,0,0,6,19,0,0,0,2,4,0,3,6,6.476307392120361,1.0793845653533936,2.2681174278259277,,,,,,,,,,,,,,,,,,,,,,,,,,,,,,,59.19,5,5,0,0.356,True,241490,0,0.433,0.233,,,,,,,0,static_pcd,0,0,0,,,,,,,,,,,,,,,../../tmp/counterbalanced_map_worker_3mode_seed1_10_n10_artifacts_20260828/seed1_run7_full.json,5918,4750,1.192,-0.884,1.17,-24.884,24.025,-26.049,24.737,223.341,6.999,7.00097,7.00097,6.999379,7.0,0.01,True,0,0,0,,,,,,0.235,,,,,,,0,,,,,,,,,,,,,,,,,,,,,,,,,,,,,,,,,,,,,,,,,,,,,,,,,,,,,,,,,,,,,,,,,,,,,,,,,,,,,,,,,,,,,,,,,,,,,,,,,,,,,,,,,,,,,,,,,,,,,,,,,,,,,,,,,,,,,,,,,,,,,,,,,,,,,,,,,,,,,,,,,,,,,,,,,,,,,,,,,,,,,,,,,,,,,,,,,,,,,,,,,,,,,,,,,,,,,,,,,,,,,,,,,,,15943.79831932773,476,8.04189896942051,128218.41527285015,510201.5504201681,242855938.0,3.9129155373770677,32.82391458016557,32.0,32.07842584033614,20.378424789915965,11.698128529411765,1.4160626953781512,,120.19981402190044,,,1,0,True,,0,3193.13671875,3170.2529296875,0.0,5041.1171875,2045.53515625,8921.71875,703.265625,0.0,0.0,../../tmp/counterbalanced_map_worker_3mode_seed1_10_n10_artifacts_20260828/seed1_run7_full.attempt1.memory.csv,True,True,../../tmp/counterbalanced_map_worker_3mode_seed1_10_n10_artifacts_20260828/seed1_run7_full.attempt1.performance.csv,4,480,,
seed1,7,sector,20,2,,strict-burst,cpp,True,True,,,,,,,,,,,,,0,0,0,0,0,2,2,0,0,0,0,0,0,0,0,0,0,4,14,0,1,0,1,3,0,2,4,2.954399347305298,0.7385998368263245,0.9295053482055664,,,,,,,,,,,,,,,,,,,,,,,,,,,,,,,59.16,5,5,0,0.391,True,241490,0,0.409,0.209,,,,,,,0,static_pcd,0,0,0,,,,,,,,,,,,,,,../../tmp/counterbalanced_map_worker_3mode_seed1_10_n10_artifacts_20260828/seed1_run7_sector.json,5915,4550,1.189,-0.849,1.853,-25.619,24.025,-24.256,25.491,225.221,7.0,7.002151,7.002151,7.000094,7.0,0.01,True,0,0,0,,,,,,0.0,,,,,,,0,,,,,,,,,,,,,,,,,,,,,,,,,,,,,,,,,,,,,,,,,,,,,,,,,,,,,,,,,,,,,,,,,,,,,,,,,,60,True,0.6,1.2,1.5,2,0.2,503,503,0,503,0,0,/rog_map/commit_version,0.12,0.1,0,0,False,/rog_map/cloud_process_ack,/sector/full_refresh_request,0,0,0,0,0,False,0,0,0,0,0,0,0,False,0,0,0,0,0,0,0,0,0,0,0,0,0,0,0,6000,0,0,100,7996606,3678523,46.001,False,0,False,0,0,False,0,0,1.5,0,1.5,1.5,0,0,0,,,,,,,,,0,0,,False,False,False,0,0,5,15,False,0,0,0,0,0,0,0,0,,,/planning/trajectory_guard_recovery_active,2.5,0,0,False,False,0,0,0,0,0,False,0,0,0,0,0,0,0,0,False,0,0,0,0,0,0,0,0,,,,,,,,,,,,,,,,,,,,,,,,7533.930672268908,476,8.045977011494253,60617.832995267076,150678.61344537814,71723020.0,1.156193408875791,9.698853279242732,20.0,11.488337878151262,7.32140231092437,4.165407882352941,0.8086645882352941,46.001,102.41964445775339,2.570006105633529,24.815300181377225,1,0,True,,0,3179.25390625,3155.123046875,0.0,5018.33984375,2045.38671875,8944.0390625,703.265625,0.0,0.0,../../tmp/counterbalanced_map_worker_3mode_seed1_10_n10_artifacts_20260828/seed1_run7_sector.attempt1.memory.csv,True,True,../../tmp/counterbalanced_map_worker_3mode_seed1_10_n10_artifacts_20260828/seed1_run7_sector.attempt1.performance.csv,0,476,,
seed1,7,adaptive,21,3,,strict-burst,cpp,True,True,,,,,,,,,,,,,0,13,13,13,0,0,0,0,0,0,0,0,0,0,0,0,0,13,49,0,0,0,2,11,0,11,13,8.016778230667114,0.6166752485128549,1.158595085144043,,,,,,,,,,,,,,,,,,,,,,,,,,,,,,,59.1,5,5,0,0.426,True,241490,0,0.485,0.285,,,,,,,0,static_pcd,0,0,0,,,,,,,,,,,,,,,../../tmp/counterbalanced_map_worker_3mode_seed1_10_n10_artifacts_20260828/seed1_run7_adaptive.json,5909,4480,1.133,-0.955,1.57,-26.582,24.042,-24.165,24.865,222.927,7.0,7.000717,7.000716,6.999938,7.0,0.01,True,0,0,0,,,,,,0.114,1787890689.039037,2.662,3.313,1787890698.868055,23.92,22.959,0,,,,,,,,,,,,,,,,,,,,,,,,,,,,,,,,,,,,,,,,,,,,,,,,,,,,,,,,,,,,,,,,,,,,,,,,,,60,True,0.6,1.2,1.5,2,1.5,453,453,0,293,160,5,/rog_map/commit_version,0.12,0.1,0.25,0,True,/rog_map/cloud_process_ack,/sector/full_refresh_request,280,280,38,45,45,False,0,1,45,0,0,0,45,False,58,58,0,280,0,280,1787890747667025969,280,0,0.335407,0.487988,0.042135,0.083604,0.147551,0.968491,6000,776925,613540,64.68,6707506,3537397,52.738,True,46.137,False,53.201,57.852,False,0.6,1.4,1.5,0.2,3,2.899072,1,0,0,1787890719.09,1787890719.09,1787890719.45,,,,,,23,0.770314,0,True,True,False,0.6,1.4,3,15,False,24,24,18,18,21.634,391,249,8,1787890690.77,1787890689.04,/planning/trajectory_guard_recovery_active,2.5,0,0,False,False,27,13,5,5,13,False,1,13,13,0,0,0,0.043649,0.063971,False,0,38.852,46,130,38,82,10.155,28.698,1787890689.04,,,,,,,,,,,,,,,,,,,,,,,12511.397849462366,279,4.720812182741117,59063.95939086294,301816.55913978495,84206820.0,1.3588135617638601,11.398554314720812,22.49462365591398,23.44357741935484,14.200244121863799,9.241576917562723,1.7308016523297491,52.738,96.5654187228258,2.708641766800205,25.414067593056092,1,0,True,,0,3183.3203125,3159.046875,0.0,4977.3671875,2045.3828125,8961.921875,703.265625,0.0,0.0,../../tmp/counterbalanced_map_worker_3mode_seed1_10_n10_artifacts_20260828/seed1_run7_adaptive.attempt1.memory.csv,True,True,../../tmp/counterbalanced_map_worker_3mode_seed1_10_n10_artifacts_20260828/seed1_run7_adaptive.attempt1.performance.csv,1,280,,
seed1,8,sector,22,1,,strict-burst,cpp,True,True,,,,,,,,,,,,,0,0,0,0,0,0,0,0,0,0,0,0,0,0,0,0,0,3,10,0,0,0,1,2,0,2,3,1.913400650024414,0.6378002166748047,0.8550839424133301,,,,,,,,,,,,,,,,,,,,,,,,,,,,,,,57.94,5,5,0,0.405,True,241490,0,0.492,0.292,,,,,,,0,static_pcd,0,0,0,,,,,,,,,,,,,,,../../tmp/counterbalanced_map_worker_3mode_seed1_10_n10_artifacts_20260828/seed1_run8_sector.json,5793,4480,1.077,-0.976,1.564,-26.651,24.128,-25.405,26.371,225.189,7.0,7.003016,7.003016,7.000189,7.0,0.01,True,0,0,0,,,,,,0.0,,,,,,,0,,,,,,,,,,,,,,,,,,,,,,,,,,,,,,,,,,,,,,,,,,,,,,,,,,,,,,,,,,,,,,,,,,,,,,,,,,60,True,0.6,1.2,1.5,2,0.2,523,523,0,523,0,0,/rog_map/commit_version,0.12,0.1,0,0,False,/rog_map/cloud_process_ack,/sector/full_refresh_request,0,0,0,0,0,False,0,0,0,0,0,0,0,False,0,0,0,0,0,0,0,0,0,0,0,0,0,0,0,6000,0,0,100,7737652,3436808,44.417,False,0,False,0,0,False,0,0,1.5,0,1.5,1.5,0,0,0,,,,,,,,,0,0,,False,False,False,0,0,5,15,False,0,0,0,0,0,0,0,0,,,/planning/trajectory_guard_recovery_active,2.5,0,0,False,False,0,0,0,0,0,False,0,0,0,0,0,0,0,0,False,0,0,0,0,0,0,0,0,,,,,,,,,,,,,,,,,,,,,,,,6749.537373737374,495,8.543320676561962,57663.46220227822,134990.74747474748,66820420.0,1.0998432579475064,9.226153952364516,20.0,11.374925353535353,7.259359696969697,4.113992193939394,0.7776747131313131,44.417,105.4884412933641,2.5185101176806977,23.86231782059832,1,0,True,,0,3175.6953125,3151.37109375,0.0,4899.77734375,2045.0546875,8913.03125,703.265625,0.0,0.0,../../tmp/counterbalanced_map_worker_3mode_seed1_10_n10_artifacts_20260828/seed1_run8_sector.attempt1.memory.csv,True,True,../../tmp/counterbalanced_map_worker_3mode_seed1_10_n10_artifacts_20260828/seed1_run8_sector.attempt1.performance.csv,0,495,,
seed1,8,adaptive,23,2,,strict-burst,cpp,True,True,,,,,,,,,,,,,0,13,13,13,0,3,4,0,0,0,0,0,0,0,0,0,0,13,26,0,0,0,6,6,0,10,13,12.041336059570312,0.9262566199669471,1.4922394752502441,,,,,,,,,,,,,,,,,,,,,,,,,,,,,,,63.29,5,5,0,0.414,True,241490,0,0.503,0.303,,,,,,,0,static_pcd,0,0,0,,,,,,,,,,,,,,,../../tmp/counterbalanced_map_worker_3mode_seed1_10_n10_artifacts_20260828/seed1_run8_adaptive.json,6328,5190,1.097,-0.98,0.808,-25.038,24.025,-24.158,26.208,223.691,7.0,7.002487,7.002486,6.999897,7.0,0.01,True,0,0,0,,,,,,0.66,1787890825.919,1.755,1.523,1787890837.838208,22.353,23.54,0,,,,,,,,,,,,,,,,,,,,,,,,,,,,,,,,,,,,,,,,,,,,,,,,,,,,,,,,,,,,,,,,,,,,,,,,,,60,True,0.6,1.2,1.5,2,1.5,512,512,0,326,186,5,/rog_map/commit_version,0.12,0.1,0.25,0,True,/rog_map/cloud_process_ack,/sector/full_refresh_request,314,314,49,47,47,False,0,1,47,0,0,0,47,False,60,60,0,314,0,314,1787890889533741061,314,0,0.330029,0.557583,0.041738,0.075665,0.140098,1.157534,6000,919093,698068,63.672,7891825,3985926,50.507,False,0,True,57.617,63.282,False,0.6,1.4,1.5,0.2,3,2.89992,0,0,0,,,,,,,,,0,0,,True,True,False,0.6,1.4,3,15,False,25,25,17,16,22.656,412,275,9,1787890825.92,1787890825.92,/planning/trajectory_guard_recovery_active,2.5,0,0,False,True,27,13,6,5,13,False,1,13,13,0,0,0,0.043817,0.067566,False,0,44.336,93,134,64,90,18.164,26.172,1787890827.09,,,,,,,,,,,,,,,,,,,,,,,12592.654952076677,313,4.945489018802339,62276.8367830621,297889.5079872204,93239416.0,1.4049618631050398,11.785674324537842,22.30031948881789,22.746376038338656,13.827843035143768,8.916810702875399,1.5905812396166135,50.507,94.03118454687875,2.685067969364269,23.48981532219285,1,0,True,,0,3186.91015625,3162.8837890625,0.0,5048.78515625,2045.046875,8883.9609375,703.265625,0.0,0.0,../../tmp/counterbalanced_map_worker_3mode_seed1_10_n10_artifacts_20260828/seed1_run8_adaptive.attempt1.memory.csv,True,True,../../tmp/counterbalanced_map_worker_3mode_seed1_10_n10_artifacts_20260828/seed1_run8_adaptive.attempt1.performance.csv,1,314,,
seed1,8,full,24,3,,strict-burst,direct,True,True,,,,,,,,,,,,,0,0,0,0,0,3,3,0,0,0,0,0,0,0,0,0,0,12,39,0,0,0,2,9,0,8,12,13.068532943725586,1.089044411977132,5.998039245605469,,,,,,,,,,,,,,,,,,,,,,,,,,,,,,,60.67,5,5,0,0.367,True,241490,0,0.384,0.184,,,,,,,0,static_pcd,0,0,0,,,,,,,,,,,,,,,../../tmp/counterbalanced_map_worker_3mode_seed1_10_n10_artifacts_20260828/seed1_run8_full.json,6067,4690,0.884,-0.867,1.741,-23.979,24.103,-26.124,24.549,226.847,7.001,7.004432,7.004432,7.000511,7.0,0.01,True,0,0,0,,,,,,0.0,,,,,,,0,,,,,,,,,,,,,,,,,,,,,,,,,,,,,,,,,,,,,,,,,,,,,,,,,,,,,,,,,,,,,,,,,,,,,,,,,,,,,,,,,,,,,,,,,,,,,,,,,,,,,,,,,,,,,,,,,,,,,,,,,,,,,,,,,,,,,,,,,,,,,,,,,,,,,,,,,,,,,,,,,,,,,,,,,,,,,,,,,,,,,,,,,,,,,,,,,,,,,,,,,,,,,,,,,,,,,,,,,,,,,,,,,,,15255.75615212528,447,7.367727047964397,112400.24723916268,488184.1744966443,218218326.0,3.430183169200036,28.774461974616777,32.0,31.68154093959732,19.95521498881432,11.7246896196868,1.4380758053691276,,113.8223901054564,,23.39101471353437,1,0,True,,0,3187.015625,3164.234375,0.0,5056.37890625,2045.00390625,8870.6875,703.265625,0.0,0.0,../../tmp/counterbalanced_map_worker_3mode_seed1_10_n10_artifacts_20260828/seed1_run8_full.attempt1.memory.csv,True,True,../../tmp/counterbalanced_map_worker_3mode_seed1_10_n10_artifacts_20260828/seed1_run8_full.attempt1.performance.csv,4,451,,
seed1,9,adaptive,25,1,,strict-burst,cpp,True,True,,,,,,,,,,,,,0,6,6,6,0,1,1,0,0,0,0,0,0,0,0,0,0,6,19,0,0,0,2,4,0,3,6,20.008722066879272,3.3347870111465454,16.349744081497192,,,,,,,,,,,,,,,,,,,,,,,,,,,,,,,58.51,5,5,0,0.402,True,241490,0,0.499,0.299,,,,,,,0,static_pcd,0,0,0,,,,,,,,,,,,,,,../../tmp/counterbalanced_map_worker_3mode_seed1_10_n10_artifacts_20260828/seed1_run9_adaptive.json,5851,4560,1.192,-0.826,2.047,-26.652,24.025,-24.216,25.477,223.263,7.0,7.001074,7.001074,7.000081,7.0,0.01,True,0,0,0,,,,,,0.408,1787890969.843476,1.907,1.751,1787890973.926782,11.75,12.85,0,,,,,,,,,,,,,,,,,,,,,,,,,,,,,,,,,,,,,,,,,,,,,,,,,,,,,,,,,,,,,,,,,,,,,,,,,,60,True,0.6,1.2,1.5,2,1.5,515,515,0,320,195,5,/rog_map/commit_version,0.12,0.1,0.25,0,True,/rog_map/cloud_process_ack,/sector/full_refresh_request,308,308,45,35,35,False,0,1,35,0,0,0,35,False,41,41,0,308,0,308,1787891028122191117,308,0,0.324736,0.556359,0.042865,0.085383,0.130321,0.689534,6000,961131,773369,62.136,8066064,4015082,49.777,True,64.66,True,57.67,60.066,False,0.6,1.4,1.5,0.2,3,2.900016,1,0,0,1787890989.08,1787890989.08,1787890989.61,,,,,,29,1.039728,0,True,True,False,0.6,1.4,3,15,False,24,24,15,14,22.913,430,244,10,1787890969.84,1787890969.84,/planning/trajectory_guard_recovery_active,2.5,0,0,False,True,13,6,4,3,6,False,1,6,6,0,0,0,0.042023,0.061803,False,0,46.796,172,69,109,44,33.398,13.398,1787890970.2,,,,,,,,,,,,,,,,,,,,,,,12933.736156351792,307,5.246966330541788,67862.87814048881,291700.7557003257,89552132.0,1.459640544655995,12.244352350025638,21.60260586319218,22.593938729641696,13.821408143322476,8.770712798045603,1.6223121856677525,49.777,102.02926040510324,2.7684474797170027,22.976290239648844,1,0,True,,0,3184.39453125,3160.3603515625,0.0,5025.9765625,2044.9765625,8894.7734375,703.265625,0.0,0.0,../../tmp/counterbalanced_map_worker_3mode_seed1_10_n10_artifacts_20260828/seed1_run9_adaptive.attempt1.memory.csv,True,True,../../tmp/counterbalanced_map_worker_3mode_seed1_10_n10_artifacts_20260828/seed1_run9_adaptive.attempt1.performance.csv,1,308,,
seed1,9,full,26,2,,strict-burst,direct,True,True,,,,,,,,,,,,,0,0,0,0,0,2,2,0,0,0,0,0,0,0,0,0,0,13,25,0,0,0,6,6,0,11,13,14.166232347488403,1.089710180576031,2.2572646141052246,,,,,,,,,,,,,,,,,,,,,,,,,,,,,,,63.9,5,5,0,0.411,True,241490,0,0.469,0.269,,,,,,,0,static_pcd,0,0,0,,,,,,,,,,,,,,,../../tmp/counterbalanced_map_worker_3mode_seed1_10_n10_artifacts_20260828/seed1_run9_full.json,6390,4990,1.218,-0.826,1.211,-24.514,24.025,-24.509,25.326,225.155,6.999,7.001585,7.001586,6.999329,7.0,0.01,True,0,0,0,,,,,,0.088,,,,,,,0,,,,,,,,,,,,,,,,,,,,,,,,,,,,,,,,,,,,,,,,,,,,,,,,,,,,,,,,,,,,,,,,,,,,,,,,,,,,,,,,,,,,,,,,,,,,,,,,,,,,,,,,,,,,,,,,,,,,,,,,,,,,,,,,,,,,,,,,,,,,,,,,,,,,,,,,,,,,,,,,,,,,,,,,,,,,,,,,,,,,,,,,,,,,,,,,,,,,,,,,,,,,,,,,,,,,,,,,,,,,,,,,,,,15995.773930753565,491,7.683881064162755,122909.62441314555,511864.8024439919,251325618.0,3.750904333983229,31.464866103286386,32.0,31.140004073319755,19.944551731160896,11.193670448065173,1.3340483441955193,,105.77035782631395,,21.16019533513852,1,0,True,,0,3193.03125,3170.08984375,0.0,5013.4140625,2044.921875,8882.48828125,703.25390625,0.0,0.0,../../tmp/counterbalanced_map_worker_3mode_seed1_10_n10_artifacts_20260828/seed1_run9_full.attempt1.memory.csv,True,True,../../tmp/counterbalanced_map_worker_3mode_seed1_10_n10_artifacts_20260828/seed1_run9_full.attempt1.performance.csv,3,494,,
seed1,9,sector,27,3,,strict-burst,cpp,True,True,,,,,,,,,,,,,0,0,0,0,0,2,1,0,0,0,0,0,0,0,0,0,0,12,28,0,1,0,4,7,0,11,12,8.620682954788208,0.7183902462323507,1.0446057319641113,,,,,,,,,,,,,,,,,,,,,,,,,,,,,,,60.75,5,5,0,0.402,True,241490,0,0.512,0.312,,,,,,,0,static_pcd,0,0,0,,,,,,,,,,,,,,,../../tmp/counterbalanced_map_worker_3mode_seed1_10_n10_artifacts_20260828/seed1_run9_sector.json,6074,4810,1.086,-0.93,1.268,-25.042,24.025,-24.162,27.293,223.32,7.0,7.005606,7.005606,6.999565,7.0,0.01,True,0,0,0,,,,,,0.0,,,,,,,0,,,,,,,,,,,,,,,,,,,,,,,,,,,,,,,,,,,,,,,,,,,,,,,,,,,,,,,,,,,,,,,,,,,,,,,,,,60,True,0.6,1.2,1.5,2,0.2,460,460,0,460,0,0,/rog_map/commit_version,0.12,0.1,0,0,False,/rog_map/cloud_process_ack,/sector/full_refresh_request,0,0,0,0,0,False,0,0,0,0,0,0,0,False,0,0,0,0,0,0,0,0,0,0,0,0,0,0,0,6000,0,0,100,7188283,3201100,44.532,False,0,False,0,0,False,0,0,1.5,0,1.5,1.5,0,0,0,,,,,,,,,0,0,,False,False,False,0,0,5,15,False,0,0,0,0,0,0,0,0,,,/planning/trajectory_guard_recovery_active,2.5,0,0,False,False,0,0,0,0,0,False,0,0,0,0,0,0,0,0,False,0,0,0,0,0,0,0,0,,,,,,,,,,,,,,,,,,,,,,,,7179.5103926097,433,7.127572016460905,51172.477366255145,143590.207852194,62174560.0,0.9760375474215535,8.187596378600823,20.0,11.475504364896075,7.391756812933026,4.082267538106236,0.8068648221709007,44.532,92.25698761970385,2.4784958499726404,26.20116104157611,1,0,True,,0,3176.1796875,3152.126953125,0.0,4965.01953125,2044.91796875,8910.203125,703.25390625,0.0,0.0,../../tmp/counterbalanced_map_worker_3mode_seed1_10_n10_artifacts_20260828/seed1_run9_sector.attempt1.memory.csv,True,True,../../tmp/counterbalanced_map_worker_3mode_seed1_10_n10_artifacts_20260828/seed1_run9_sector.attempt1.performance.csv,1,434,,
seed1,10,full,28,1,,strict-burst,direct,True,True,,,,,,,,,,,,,0,0,0,0,0,3,3,0,0,0,0,0,0,0,0,0,0,9,21,0,0,0,3,5,0,7,9,33.46807312965393,3.71867479218377,26.259461879730225,,,,,,,,,,,,,,,,,,,,,,,,,,,,,,,64.01,5,5,0,0.435,True,241490,0,0.533,0.333,,,,,,,0,static_pcd,0,0,0,,,,,,,,,,,,,,,../../tmp/counterbalanced_map_worker_3mode_seed1_10_n10_artifacts_20260828/seed1_run10_full.json,6400,5210,1.113,-0.985,1.718,-24.543,24.025,-24.181,24.074,224.538,6.999,7.005328,7.005328,6.999398,7.0,0.01,True,0,0,0,,,,,,0.547,,,,,,,0,,,,,,,,,,,,,,,,,,,,,,,,,,,,,,,,,,,,,,,,,,,,,,,,,,,,,,,,,,,,,,,,,,,,,,,,,,,,,,,,,,,,,,,,,,,,,,,,,,,,,,,,,,,,,,,,,,,,,,,,,,,,,,,,,,,,,,,,,,,,,,,,,,,,,,,,,,,,,,,,,,,,,,,,,,,,,,,,,,,,,,,,,,,,,,,,,,,,,,,,,,,,,,,,,,,,,,,,,,,,,,,,,,,15497.966,500,7.811279487580065,121058.94391501327,495934.896,247967448.0,3.694425659465745,30.991088642399625,32.0,31.721019199999997,20.1241874,11.594886820000001,1.347064714,,112.91928354789798,,23.452884618792528,1,0,True,,0,3190.6484375,3167.84765625,0.0,5007.12890625,2044.8828125,8900.0390625,703.25390625,0.0,0.0,../../tmp/counterbalanced_map_worker_3mode_seed1_10_n10_artifacts_20260828/seed1_run10_full.attempt1.memory.csv,True,True,../../tmp/counterbalanced_map_worker_3mode_seed1_10_n10_artifacts_20260828/seed1_run10_full.attempt1.performance.csv,4,504,,
seed1,10,sector,29,2,,strict-burst,cpp,True,True,,,,,,,,,,,,,0,0,0,0,0,4,3,0,0,0,0,0,0,0,0,0,0,15,26,0,0,0,8,6,0,12,15,14.002728939056396,0.9335152626037597,1.7934792041778564,,,,,,,,,,,,,,,,,,,,,,,,,,,,,,,63.73,5,5,0,0.404,True,241490,0,0.467,0.267,,,,,,,0,static_pcd,0,0,0,,,,,,,,,,,,,,,../../tmp/counterbalanced_map_worker_3mode_seed1_10_n10_artifacts_20260828/seed1_run10_sector.json,6373,4950,1.271,-0.758,1.927,-24.019,24.025,-24.438,26.198,224.917,7.001,7.001683,7.001683,7.001278,7.0,0.01,True,0,0,0,,,,,,0.0,,,,,,,0,,,,,,,,,,,,,,,,,,,,,,,,,,,,,,,,,,,,,,,,,,,,,,,,,,,,,,,,,,,,,,,,,,,,,,,,,,60,True,0.6,1.2,1.5,2,0.2,476,476,0,476,0,0,/rog_map/commit_version,0.12,0.1,0,0,False,/rog_map/cloud_process_ack,/sector/full_refresh_request,0,0,0,0,0,False,0,0,0,0,0,0,0,False,0,0,0,0,0,0,0,0,0,0,0,0,0,0,0,6000,0,0,100,7206883,3158220,43.822,False,0,False,0,0,False,0,0,1.5,0,1.5,1.5,0,0,0,,,,,,,,,0,0,,False,False,False,0,0,5,15,False,0,0,0,0,0,0,0,0,,,/planning/trajectory_guard_recovery_active,2.5,0,0,False,False,0,0,0,0,0,False,0,0,0,0,0,0,0,0,False,0,0,0,0,0,0,0,0,,,,,,,,,,,,,,,,,,,,,,,,6820.6,450,7.061038757257179,48160.520947748315,136412.0,61385400.0,0.9185890378522552,7.705683351639731,20.0,10.922859377777778,6.996724911111111,3.9245131333333334,0.7591019466666667,43.822,84.55775050041272,2.517670663144144,,1,0,True,,0,3177.75,3153.765625,0.0,5000.31640625,2044.87109375,8913.6484375,703.25390625,0.0,0.0,../../tmp/counterbalanced_map_worker_3mode_seed1_10_n10_artifacts_20260828/seed1_run10_sector.attempt1.memory.csv,True,True,../../tmp/counterbalanced_map_worker_3mode_seed1_10_n10_artifacts_20260828/seed1_run10_sector.attempt1.performance.csv,0,450,,
seed1,10,adaptive,30,3,,strict-burst,cpp,True,True,,,,,,,,,,,,,0,9,9,9,0,1,0,0,0,0,0,0,0,0,0,0,0,9,30,0,2,0,3,6,0,7,9,18.212027549743652,2.0235586166381836,12.106656551361084,,,,,,,,,,,,,,,,,,,,,,,,,,,,,,,59.95,5,5,0,0.408,True,241490,0,0.517,0.317,,,,,,,0,static_pcd,0,0,0,,,,,,,,,,,,,,,../../tmp/counterbalanced_map_worker_3mode_seed1_10_n10_artifacts_20260828/seed1_run10_adaptive.json,5994,4490,1.214,-0.794,1.567,-24.94,24.025,-26.133,25.498,223.557,7.0,7.001507,7.001508,6.999971,7.0,0.01,True,0,0,0,,,,,,0.862,1787891331.020804,1.941,1.809,1787891337.002879,13.071,13.403,0,,,,,,,,,,,,,,,,,,,,,,,,,,,,,,,,,,,,,,,,,,,,,,,,,,,,,,,,,,,,,,,,,,,,,,,,,,60,True,0.6,1.2,1.5,2,1.5,489,489,0,308,181,5,/rog_map/commit_version,0.12,0.1,0.25,0,True,/rog_map/cloud_process_ack,/sector/full_refresh_request,296,296,39,48,48,False,0,1,48,0,0,0,48,False,57,57,0,296,0,296,1787891391300100823,296,0,0.340912,0.555176,0.042049,0.088692,0.138216,0.888442,6000,989189,776203,62.986,7525919,3963549,52.665,True,68.916,False,66.053,71.378,False,0.6,1.4,1.5,0.2,3,2.899626,1,0,0,1787891346.44,1787891346.44,1787891347.99,,,,,,34,0.539884,0,True,True,False,0.6,1.4,3,15,False,24,24,14,14,20.654,408,249,9,1787891331.02,1787891331.02,/planning/trajectory_guard_recovery_active,2.5,0,0,False,False,19,9,7,7,9,False,1,9,9,0,0,0,0.043564,0.059253,False,0,56.851,140,138,89,90,28.63,28.221,1787891331.51,,,,,,,,,,,,,,,,,,,,,,,13285.166101694915,295,4.920767306088407,65373.21100917431,315678.45423728816,93125144.0,1.4814188164209106,12.427041734778982,22.318644067796612,24.44136888135593,14.892566474576272,9.547164406779661,1.7267454101694915,52.665,98.49042620425644,2.771871032333239,25.718581170519013,1,0,True,,0,3184.92578125,3161.091796875,0.0,4855.4609375,2044.86328125,8924.90625,703.25390625,0.0,0.0,../../tmp/counterbalanced_map_worker_3mode_seed1_10_n10_artifacts_20260828/seed1_run10_adaptive.attempt1.memory.csv,True,True,../../tmp/counterbalanced_map_worker_3mode_seed1_10_n10_artifacts_20260828/seed1_run10_adaptive.attempt1.performance.csv,1,296,,
seed2,1,sector,31,1,,strict-burst,cpp,True,True,,,,,,,,,,,,,0,0,0,0,0,2,2,0,0,0,0,0,0,0,0,0,0,5,18,0,0,0,1,4,0,3,5,3.9703803062438965,0.7940760612487793,1.4153563976287842,,,,,,,,,,,,,,,,,,,,,,,,,,,,,,,59.39,5,5,0,0.386,True,241490,0,0.426,0.226,,,,,,,0,static_pcd,0,0,0,,,,,,,,,,,,,,,../../tmp/counterbalanced_map_worker_3mode_seed1_10_n10_artifacts_20260828/seed2_run1_sector.json,5931,4720,0.997,-1.119,1.667,-24.959,24.025,-24.981,24.794,225.191,7.001,7.00293,7.00293,7.000842,7.0,0.01,True,0,0,0,,,,,,0.0,,,,,,,0,,,,,,,,,,,,,,,,,,,,,,,,,,,,,,,,,,,,,,,,,,,,,,,,,,,,,,,,,,,,,,,,,,,,,,,,,,60,True,0.6,1.2,1.5,2,0.2,501,501,0,501,0,0,/rog_map/commit_version,0.12,0.1,0,0,False,/rog_map/cloud_process_ack,/sector/full_refresh_request,0,0,0,0,0,False,0,0,0,0,0,0,0,False,0,0,0,0,0,0,0,0,0,0,0,0,0,0,0,6000,0,0,100,7825582,3407013,43.537,False,0,False,0,0,False,0,0,1.5,0,1.5,1.5,0,0,0,,,,,,,,,0,0,,False,False,False,0,0,5,15,False,0,0,0,0,0,0,0,0,,,/planning/trajectory_guard_recovery_active,2.5,0,0,False,False,0,0,0,0,0,False,0,0,0,0,0,0,0,0,False,0,0,0,0,0,0,0,0,,,,,,,,,,,,,,,,,,,,,,,,7038.493670886076,474,7.981141606331032,56175.2146826065,140769.8734177215,66724920.0,1.071457189228182,8.98803434921704,20.0,11.266803375527426,7.236560569620253,4.028625864978903,0.7841249092827004,43.537,97.30975454248654,2.5758299775176394,24.934463909690322,1,0,True,,0,3175.58203125,3151.376953125,0.0,5002.32421875,2044.80078125,8861.59375,703.25390625,0.0,0.0,../../tmp/counterbalanced_map_worker_3mode_seed1_10_n10_artifacts_20260828/seed2_run1_sector.attempt1.memory.csv,True,True,../../tmp/counterbalanced_map_worker_3mode_seed1_10_n10_artifacts_20260828/seed2_run1_sector.attempt1.performance.csv,0,474,,
seed2,1,adaptive,32,2,,strict-burst,cpp,True,True,,,,,,,,,,,,,0,11,11,11,0,1,1,0,0,0,0,0,0,0,0,0,0,11,34,0,1,0,3,8,0,8,11,6.971517086029053,0.6337742805480957,1.1129536628723145,,,,,,,,,,,,,,,,,,,,,,,,,,,,,,,60.27,5,5,0,0.412,True,241490,0,0.496,0.296,,,,,,,0,static_pcd,0,0,0,,,,,,,,,,,,,,,../../tmp/counterbalanced_map_worker_3mode_seed1_10_n10_artifacts_20260828/seed2_run1_adaptive.json,6022,5038,1.004,-1.07,1.779,-24.516,24.025,-24.946,24.233,221.264,7.0,7.001527,7.001528,7.000202,7.0,0.01,True,0,0,0,,,,,,0.0,1787891471.361746,3.424,3.581,1787891471.999711,4.65,4.85,0,,,,,,,,,,,,,,,,,,,,,,,,,,,,,,,,,,,,,,,,,,,,,,,,,,,,,,,,,,,,,,,,,,,,,,,,,,60,True,0.6,1.2,1.5,2,1.5,476,476,0,294,182,5,/rog_map/commit_version,0.12,0.1,0.25,0,True,/rog_map/cloud_process_ack,/sector/full_refresh_request,281,281,38,52,52,False,0,1,52,0,0,0,52,False,63,63,0,281,0,281,1787891530997889848,281,0,0.32225,0.484514,0.044293,0.069366,0.143837,0.879784,6000,742358,594861,61.765,7157374,3495661,48.84,True,39.286,False,55.462,59.613,False,0.6,1.4,1.5,0.2,3,2.899865,1,0,0,1787891507.83,1787891507.83,1787891507.96,,,,,,15,0.850016,0,True,True,False,0.6,1.4,3,15,False,24,24,20,20,21.008,390,245,8,1787891471.36,1787891471.36,/planning/trajectory_guard_recovery_active,2.5,0,0,False,False,23,11,8,8,11,False,1,11,11,0,0,0,0.046801,0.071297,False,0,43.277,49,157,35,101,10.294,32.983,1787891472.72,,,,,,,,,,,,,,,,,,,,,,,12318.97508896797,281,4.662352745976439,57435.40733366517,296202.5693950178,83232922.0,1.3170250537721042,11.048006902273103,22.690391459074732,24.753217864768686,14.951909323843417,9.799610071174378,1.841928053380783,48.84,97.80831309298115,2.788478634576801,24.673626431396332,1,0,True,,0,3182.7265625,3158.869140625,0.0,4947.625,2044.7890625,8853.5390625,703.25390625,0.0,0.0,../../tmp/counterbalanced_map_worker_3mode_seed1_10_n10_artifacts_20260828/seed2_run1_adaptive.attempt1.memory.csv,True,True,../../tmp/counterbalanced_map_worker_3mode_seed1_10_n10_artifacts_20260828/seed2_run1_adaptive.attempt1.performance.csv,0,281,,
seed2,1,full,33,3,,strict-burst,direct,True,True,,,,,,,,,,,,,0,0,0,0,0,2,2,0,0,0,0,0,0,0,0,0,0,10,18,0,1,0,5,4,0,7,10,9.808058738708496,0.9808058738708496,1.7588825225830078,,,,,,,,,,,,,,,,,,,,,,,,,,,,,,,59.78,5,5,0,0.416,True,241490,0,0.496,0.296,,,,,,,0,static_pcd,0,0,0,,,,,,,,,,,,,,,../../tmp/counterbalanced_map_worker_3mode_seed1_10_n10_artifacts_20260828/seed2_run1_full.json,5977,4960,0.981,-1.087,1.847,-25.059,24.025,-25.666,24.623,222.019,7.0,7.001463,7.001463,7.000238,7.0,0.01,True,0,0,0,,,,,,0.636,,,,,,,0,,,,,,,,,,,,,,,,,,,,,,,,,,,,,,,,,,,,,,,,,,,,,,,,,,,,,,,,,,,,,,,,,,,,,,,,,,,,,,,,,,,,,,,,,,,,,,,,,,,,,,,,,,,,,,,,,,,,,,,,,,,,,,,,,,,,,,,,,,,,,,,,,,,,,,,,,,,,,,,,,,,,,,,,,,,,,,,,,,,,,,,,,,,,,,,,,,,,,,,,,,,,,,,,,,,,,,,,,,,,,,,,,,,15693.266666666666,435,7.276681164268986,114194.89795918367,502184.53793103446,218450274.0,3.484951751851924,29.233894145199063,32.0,31.85837356321839,20.119962758620687,11.736715425287356,1.4666122482758621,,109.40630907735525,,24.180184391733263,1,0,True,,0,3187.60546875,3164.80078125,0.0,4948.3203125,2044.77734375,8856.22265625,703.25390625,0.0,0.0,../../tmp/counterbalanced_map_worker_3mode_seed1_10_n10_artifacts_20260828/seed2_run1_full.attempt1.memory.csv,True,True,../../tmp/counterbalanced_map_worker_3mode_seed1_10_n10_artifacts_20260828/seed2_run1_full.attempt1.performance.csv,4,439,,
seed2,2,adaptive,34,1,,strict-burst,cpp,True,True,,,,,,,,,,,,,0,11,11,11,0,0,0,0,0,0,0,0,0,0,0,0,0,11,12,0,0,0,8,3,0,10,11,9.272680759429932,0.8429709781299938,1.2098863124847412,,,,,,,,,,,,,,,,,,,,,,,,,,,,,,,59.28,5,5,0,0.39,True,241490,0,0.449,0.249,,,,,,,0,static_pcd,0,0,0,,,,,,,,,,,,,,,../../tmp/counterbalanced_map_worker_3mode_seed1_10_n10_artifacts_20260828/seed2_run2_adaptive.json,5928,4850,1.094,-0.977,1.23,-24.465,24.025,-25.447,24.129,220.561,6.999,7.003267,7.003267,6.999031,7.0,0.01,True,0,0,0,,,,,,0.212,1787891614.66058,10.327,12.82,1787891613.850914,8.805,9.705,0,,,,,,,,,,,,,,,,,,,,,,,,,,,,,,,,,,,,,,,,,,,,,,,,,,,,,,,,,,,,,,,,,,,,,,,,,,60,True,0.6,1.2,1.5,2,1.5,472,472,0,299,173,5,/rog_map/commit_version,0.12,0.1,0.25,0,True,/rog_map/cloud_process_ack,/sector/full_refresh_request,287,287,41,47,47,False,0,1,47,0,0,0,47,False,58,58,0,287,0,287,1787891669448618210,287,0,0.360133,0.487454,0.041737,0.061239,0.141628,0.587538,6000,797588,641420,63.347,7034905,3553836,50.517,False,0,False,55.508,57.17,False,0.6,1.4,1.5,0.2,3,2.899734,0,0,0,,,,,,,,,0,0,,True,True,False,0.6,1.4,3,15,False,22,22,16,16,18.22,367,245,14,1787891612.03,1787891610.08,/planning/trajectory_guard_recovery_active,2.5,0,0,False,False,23,11,4,4,11,False,1,11,11,0,0,0,0.043035,0.06365,False,0,43.644,85,121,56,82,18.008,25.636,1787891610.08,,,,,,,,,,,,,,,,,,,,,,,12273.170731707318,287,4.841430499325236,59419.70310391363,289627.47038327524,83123084.0,1.337252872997289,11.217690148448042,22.425087108013937,23.79424773519164,14.363990522648082,9.428640662020905,1.7360509651567944,50.517,95.88730340764961,2.7240787115315896,24.202479071569897,1,0,True,,0,3184.35546875,3160.1533203125,0.0,4911.19140625,2044.76953125,8891.15234375,703.25390625,0.0,0.0,../../tmp/counterbalanced_map_worker_3mode_seed1_10_n10_artifacts_20260828/seed2_run2_adaptive.attempt1.memory.csv,True,True,../../tmp/counterbalanced_map_worker_3mode_seed1_10_n10_artifacts_20260828/seed2_run2_adaptive.attempt1.performance.csv,0,287,,
seed2,2,full,35,2,,strict-burst,direct,True,True,,,,,,,,,,,,,0,0,0,0,0,0,0,0,0,0,0,0,0,0,0,0,0,3,9,0,0,0,1,2,0,2,3,11.398028373718262,3.7993427912394204,9.69629955291748,,,,,,,,,,,,,,,,,,,,,,,,,,,,,,,53.55,5,5,0,0.451,True,241490,0,0.49,0.29,,,,,,,0,static_pcd,0,0,0,,,,,,,,,,,,,,,../../tmp/counterbalanced_map_worker_3mode_seed1_10_n10_artifacts_20260828/seed2_run2_full.json,5349,4300,1.042,-0.971,1.468,-25.062,24.025,-25.359,24.559,220.76,6.999,7.000683,7.000683,6.998816,7.0,0.01,True,0,0,0,,,,,,0.0,,,,,,,0,,,,,,,,,,,,,,,,,,,,,,,,,,,,,,,,,,,,,,,,,,,,,,,,,,,,,,,,,,,,,,,,,,,,,,,,,,,,,,,,,,,,,,,,,,,,,,,,,,,,,,,,,,,,,,,,,,,,,,,,,,,,,,,,,,,,,,,,,,,,,,,,,,,,,,,,,,,,,,,,,,,,,,,,,,,,,,,,,,,,,,,,,,,,,,,,,,,,,,,,,,,,,,,,,,,,,,,,,,,,,,,,,,,15873.256959314775,467,8.720821661998134,138427.8431372549,507944.22698072804,237209954.0,4.22448255323451,35.43752814192344,32.0,32.78832398286938,20.571511563169164,12.214745995717344,1.433205676659529,,123.23718423177966,,26.51418146930038,1,0,True,,0,3191.02734375,3168.076171875,0.0,4922.52734375,2044.75390625,8881.07421875,703.25390625,0.0,0.0,../../tmp/counterbalanced_map_worker_3mode_seed1_10_n10_artifacts_20260828/seed2_run2_full.attempt1.memory.csv,True,True,../../tmp/counterbalanced_map_worker_3mode_seed1_10_n10_artifacts_20260828/seed2_run2_full.attempt1.performance.csv,2,469,,
seed2,2,sector,36,3,,strict-burst,cpp,True,True,,,,,,,,,,,,,0,0,0,0,0,2,6,0,0,0,0,0,0,0,0,0,0,6,14,0,0,0,3,3,0,6,6,15.939074754714966,2.656512459119161,11.664294481277466,,,,,,,,,,,,,,,,,,,,,,,,,,,,,,,57.6,5,5,0,0.409,True,241490,0,0.477,0.277,,,,,,,0,static_pcd,0,0,0,,,,,,,,,,,,,,,../../tmp/counterbalanced_map_worker_3mode_seed1_10_n10_artifacts_20260828/seed2_run2_sector.json,5759,4590,0.76,-0.838,1.367,-24.764,24.025,-24.996,24.912,222.525,7.0,7.001578,7.001578,7.000287,7.0,0.01,True,0,0,0,,,,,,1.132,,,,,,,0,,,,,,,,,,,,,,,,,,,,,,,,,,,,,,,,,,,,,,,,,,,,,,,,,,,,,,,,,,,,,,,,,,,,,,,,,,60,True,0.6,1.2,1.5,2,0.2,460,460,0,460,0,0,/rog_map/commit_version,0.12,0.1,0,0,False,/rog_map/cloud_process_ack,/sector/full_refresh_request,0,0,0,0,0,False,0,0,0,0,0,0,0,False,0,0,0,0,0,0,0,0,0,0,0,0,0,0,0,6000,0,0,100,7137155,3088788,43.278,False,0,False,0,0,False,0,0,1.5,0,1.5,1.5,0,0,0,,,,,,,,,0,0,,False,False,False,0,0,5,15,False,0,0,0,0,0,0,0,0,,,/planning/trajectory_guard_recovery_active,2.5,0,0,False,False,0,0,0,0,0,False,0,0,0,0,0,0,0,0,False,0,0,0,0,0,0,0,0,,,,,,,,,,,,,,,,,,,,,,,,6960.002304147465,434,7.534722222222222,52441.684027777774,139200.0460829493,60412820.0,1.0002457433276706,8.390669444444445,20.0,11.614566705069125,7.392093410138249,4.220956495391705,0.8224301566820277,43.278,98.60828882300288,2.5269160407420928,24.72268366365285,1,0,True,,0,3174.29296875,3150.2216796875,0.0,4941.38671875,2044.75390625,8848.6328125,703.25390625,0.0,0.0,../../tmp/counterbalanced_map_worker_3mode_seed1_10_n10_artifacts_20260828/seed2_run2_sector.attempt1.memory.csv,True,True,../../tmp/counterbalanced_map_worker_3mode_seed1_10_n10_artifacts_20260828/seed2_run2_sector.attempt1.performance.csv,2,436,,
seed2,3,full,37,1,,strict-burst,direct,True,True,,,,,,,,,,,,,0,0,0,0,0,1,1,0,0,0,0,0,0,0,0,0,0,4,14,0,0,0,1,3,0,3,4,2.717055559158325,0.6792638897895813,1.1194570064544678,,,,,,,,,,,,,,,,,,,,,,,,,,,,,,,53.5,5,5,0,0.403,True,241490,0,0.519,0.319,,,,,,,0,static_pcd,0,0,0,,,,,,,,,,,,,,,../../tmp/counterbalanced_map_worker_3mode_seed1_10_n10_artifacts_20260828/seed2_run3_full.json,5350,4330,1.058,-0.969,1.741,-25.095,24.025,-25.762,24.222,218.91,6.999,7.002713,7.002713,6.998545,7.0,0.01,True,0,0,0,,,,,,0.359,,,,,,,0,,,,,,,,,,,,,,,,,,,,,,,,,,,,,,,,,,,,,,,,,,,,,,,,,,,,,,,,,,,,,,,,,,,,,,,,,,,,,,,,,,,,,,,,,,,,,,,,,,,,,,,,,,,,,,,,,,,,,,,,,,,,,,,,,,,,,,,,,,,,,,,,,,,,,,,,,,,,,,,,,,,,,,,,,,,,,,,,,,,,,,,,,,,,,,,,,,,,,,,,,,,,,,,,,,,,,,,,,,,,,,,,,,,15764.615034168564,439,8.205607476635514,129358.24299065421,504467.68109339406,221461312.0,3.9477002865800235,33.11571020560748,32.0,32.28491753986332,20.578007289293847,11.705123735763097,1.5069559544419135,,123.01354721203322,,24.533463755527563,1,0,True,,0,3186.0546875,3163.3857421875,0.0,4946.609375,2044.74609375,8866.45703125,703.25390625,0.0,0.0,../../tmp/counterbalanced_map_worker_3mode_seed1_10_n10_artifacts_20260828/seed2_run3_full.attempt1.memory.csv,True,True,../../tmp/counterbalanced_map_worker_3mode_seed1_10_n10_artifacts_20260828/seed2_run3_full.attempt1.performance.csv,5,444,,
seed2,3,sector,38,2,,strict-burst,cpp,True,True,,,,,,,,,,,,,0,0,0,0,0,0,0,0,0,0,0,0,0,0,0,0,0,7,5,0,0,0,5,1,0,5,7,6.935115337371826,0.9907307624816895,1.3426322937011719,,,,,,,,,,,,,,,,,,,,,,,,,,,,,,,56.04,5,5,0,0.535,True,241490,0,0.628,0.428,,,,,,,0,static_pcd,0,0,0,,,,,,,,,,,,,,,../../tmp/counterbalanced_map_worker_3mode_seed1_10_n10_artifacts_20260828/seed2_run3_sector.json,5603,4540,1.124,-0.944,1.337,-24.976,24.025,-25.253,24.229,221.2,7.0,7.002402,7.002401,6.999977,7.0,0.01,True,0,0,0,,,,,,0.0,,,,,,,0,,,,,,,,,,,,,,,,,,,,,,,,,,,,,,,,,,,,,,,,,,,,,,,,,,,,,,,,,,,,,,,,,,,,,,,,,,60,True,0.6,1.2,1.5,2,0.2,442,442,0,442,0,0,/rog_map/commit_version,0.12,0.1,0,0,False,/rog_map/cloud_process_ack,/sector/full_refresh_request,0,0,0,0,0,False,0,0,0,0,0,0,0,False,0,0,0,0,0,0,0,0,0,0,0,0,0,0,0,6000,0,0,100,6713630,2895800,43.133,False,0,False,0,0,False,0,0,1.5,0,1.5,1.5,0,0,0,,,,,,,,,0,0,,False,False,False,0,0,5,15,False,0,0,0,0,0,0,0,0,,,/planning/trajectory_guard_recovery_active,2.5,0,0,False,False,0,0,0,0,0,False,0,0,0,0,0,0,0,0,False,0,0,0,0,0,0,0,0,,,,,,,,,,,,,,,,,,,,,,,,6807.30843373494,415,7.4054246966452535,50411.009992862244,136146.1686746988,56500660.0,0.9615137098858307,8.065761598857959,20.0,11.685259180722891,7.405925108433735,4.277859151807229,0.8437140530120482,43.133,96.92275852667606,2.409009939818536,25.85257745443239,1,0,True,,0,3172.203125,3148.234375,0.0,4939.5859375,2044.73046875,8866.84375,703.25390625,0.0,0.0,../../tmp/counterbalanced_map_worker_3mode_seed1_10_n10_artifacts_20260828/seed2_run3_sector.attempt1.memory.csv,True,True,../../tmp/counterbalanced_map_worker_3mode_seed1_10_n10_artifacts_20260828/seed2_run3_sector.attempt1.performance.csv,2,417,,
seed2,3,adaptive,39,3,,strict-burst,cpp,True,True,,,,,,,,,,,,,0,14,14,14,0,0,0,0,0,0,0,0,0,0,0,0,0,14,31,0,2,0,6,7,0,10,14,9.853566884994507,0.7038262060710362,1.1675992012023926,,,,,,,,,,,,,,,,,,,,,,,,,,,,,,,62.1,5,5,0,0.44,True,241490,0,0.52,0.32,,,,,,,0,static_pcd,0,0,0,,,,,,,,,,,,,,,../../tmp/counterbalanced_map_worker_3mode_seed1_10_n10_artifacts_20260828/seed2_run3_adaptive.json,6205,5110,1.152,-0.918,1.969,-24.763,24.025,-25.1,24.259,221.305,7.001,7.002268,7.002268,7.001192,7.0,0.01,True,0,0,0,,,,,,0.0,1787891940.77016,3.592,3.747,1787891941.383712,4.103,4.344,0,,,,,,,,,,,,,,,,,,,,,,,,,,,,,,,,,,,,,,,,,,,,,,,,,,,,,,,,,,,,,,,,,,,,,,,,,,60,True,0.6,1.2,1.5,2,1.5,470,470,0,300,170,5,/rog_map/commit_version,0.12,0.1,0.25,0,True,/rog_map/cloud_process_ack,/sector/full_refresh_request,288,288,39,48,48,False,0,1,48,0,0,0,48,False,62,62,0,288,0,288,1787892002482677037,288,0,0.34641,0.768689,0.044277,0.072806,0.148253,0.865973,6000,867459,665683,63.83,7143513,3636828,50.911,True,72.34,False,59.787,63.592,False,0.6,1.4,1.5,0.2,3,2.899694,1,1,1,1787891953.63,1787891953.63,1787891953.76,1787891963.57,1787891964.77,1.200124,1787891971.18,6.409933,31,1.200124,0,True,True,False,0.6,1.4,3,15,False,23,23,14,14,18.936,385,242,8,1787891940.77,1787891940.77,/planning/trajectory_guard_recovery_active,2.5,0,0,False,False,29,14,4,4,14,False,1,14,14,0,0,0,0.041209,0.050628,False,0,50.426,74,163,55,110,15.745,34.681,1787891942.61,,,,,,,,,,,,,,,,,,,,,,,12553.30662020906,287,4.6215780998389695,58016.086956521736,299600.0557491289,85985216.0,1.320481354103764,11.077000450885668,22.592334494773517,24.314001289198607,14.768378118466899,9.5437793728223,1.7486642787456446,50.911,96.63000992628028,2.750060751513602,26.47753210713062,1,0,True,,0,3185.88671875,3161.775390625,0.0,4725.72265625,2044.7109375,8883.73828125,703.25390625,0.0,0.0,../../tmp/counterbalanced_map_worker_3mode_seed1_10_n10_artifacts_20260828/seed2_run3_adaptive.attempt1.memory.csv,True,True,../../tmp/counterbalanced_map_worker_3mode_seed1_10_n10_artifacts_20260828/seed2_run3_adaptive.attempt1.performance.csv,1,288,,
seed2,4,sector,40,1,,strict-burst,cpp,True,True,,,,,,,,,,,,,0,0,0,0,0,1,2,0,0,0,0,0,0,0,0,0,0,5,14,0,1,0,1,3,0,2,5,3.9397308826446533,0.7879461765289306,1.14204740524292,,,,,,,,,,,,,,,,,,,,,,,,,,,,,,,57.24,5,5,0,0.426,True,241490,0,0.493,0.293,,,,,,,0,static_pcd,0,0,0,,,,,,,,,,,,,,,../../tmp/counterbalanced_map_worker_3mode_seed1_10_n10_artifacts_20260828/seed2_run4_sector.json,5723,4650,0.926,-0.892,1.433,-25.271,24.025,-25.365,24.421,223.384,7.0,7.003004,7.003003,6.999982,7.0,0.01,True,0,0,0,,,,,,0.731,,,,,,,0,,,,,,,,,,,,,,,,,,,,,,,,,,,,,,,,,,,,,,,,,,,,,,,,,,,,,,,,,,,,,,,,,,,,,,,,,,60,True,0.6,1.2,1.5,2,0.2,512,512,0,512,0,0,/rog_map/commit_version,0.12,0.1,0,0,False,/rog_map/cloud_process_ack,/sector/full_refresh_request,0,0,0,0,0,False,0,0,0,0,0,0,0,False,0,0,0,0,0,0,0,0,0,0,0,0,0,0,0,6000,0,0,100,8116897,3405599,41.957,False,0,False,0,0,False,0,0,1.5,0,1.5,1.5,0,0,0,,,,,,,,,0,0,,False,False,False,0,0,5,15,False,0,0,0,0,0,0,0,0,,,/planning/trajectory_guard_recovery_active,2.5,0,0,False,False,0,0,0,0,0,False,0,0,0,0,0,0,0,0,False,0,0,0,0,0,0,0,0,,,,,,,,,,,,,,,,,,,,,,,,6885.115702479339,484,8.455625436757511,58217.95946890286,137702.31404958677,66647920.0,1.1104194539814543,9.314873515024459,20.0,11.586286301652892,7.36817555785124,4.216487719008264,0.7791410413223141,41.957,101.29383217189313,2.6360000739568914,25.164683757191327,1,0,True,,0,3173.39453125,3149.0859375,0.0,4885.37109375,2044.70703125,8779.55078125,703.25390625,0.0,0.0,../../tmp/counterbalanced_map_worker_3mode_seed1_10_n10_artifacts_20260828/seed2_run4_sector.attempt1.memory.csv,True,True,../../tmp/counterbalanced_map_worker_3mode_seed1_10_n10_artifacts_20260828/seed2_run4_sector.attempt1.performance.csv,2,486,,
seed2,4,adaptive,41,2,,strict-burst,cpp,True,True,,,,,,,,,,,,,0,8,8,8,0,0,0,0,0,0,0,0,0,0,0,0,0,8,30,0,0,0,1,7,0,7,8,4.752937078475952,0.594117134809494,1.3926935195922852,,,,,,,,,,,,,,,,,,,,,,,,,,,,,,,56.54,5,5,0,0.404,True,241490,0,0.496,0.296,,,,,,,0,static_pcd,0,0,0,,,,,,,,,,,,,,,../../tmp/counterbalanced_map_worker_3mode_seed1_10_n10_artifacts_20260828/seed2_run4_adaptive.json,5651,4550,1.066,-0.969,1.328,-25.053,24.025,-25.144,24.088,220.76,7.0,7.001101,7.001101,7.000001,7.0,0.01,True,0,0,0,,,,,,0.0,1787892079.993547,3.252,3.394,1787892080.676057,4.072,4.302,0,,,,,,,,,,,,,,,,,,,,,,,,,,,,,,,,,,,,,,,,,,,,,,,,,,,,,,,,,,,,,,,,,,,,,,,,,,60,True,0.6,1.2,1.5,2,1.5,476,476,0,294,182,5,/rog_map/commit_version,0.12,0.1,0.25,0,True,/rog_map/cloud_process_ack,/sector/full_refresh_request,281,281,38,35,35,False,0,1,35,0,0,0,35,False,43,43,0,281,0,281,1787892135674662010,281,0,0.318406,0.485025,0.043162,0.070402,0.137679,0.869014,6000,656399,520221,61.765,7586979,3564972,46.988,True,47.269,True,45.378,50.494,False,0.6,1.4,1.5,0.2,3,2.899846,1,0,0,1787892105.94,1787892105.94,1787892106.13,,,,,,22,1.129871,0,True,True,False,0.6,1.4,3,15,False,21,21,18,17,22.479,385,238,9,1787892079.99,1787892079.99,/planning/trajectory_guard_recovery_active,2.5,0,0,False,True,17,8,6,5,8,False,1,8,8,0,0,0,0.042703,0.051714,False,0,30.252,28,116,24,74,5.882,24.37,1787892090.79,,,,,,,,,,,,,,,,,,,,,,,12599.925,280,4.952246197382384,62397.930668553236,289984.0071428571,81195522.0,1.3695451704739765,11.488577573399363,21.84285714285714,22.13375314285714,13.361048357142858,8.770963285714286,1.708564142857143,46.988,101.94239646629866,2.8039708775899452,25.21003637418337,1,0,True,,0,3186.24609375,3162.091796875,0.0,4869.08984375,2044.70703125,8817.58203125,703.25390625,0.0,0.0,../../tmp/counterbalanced_map_worker_3mode_seed1_10_n10_artifacts_20260828/seed2_run4_adaptive.attempt1.memory.csv,True,True,../../tmp/counterbalanced_map_worker_3mode_seed1_10_n10_artifacts_20260828/seed2_run4_adaptive.attempt1.performance.csv,1,281,,
seed2,4,full,42,3,,strict-burst,direct,True,True,,,,,,,,,,,,,0,0,0,0,0,3,4,0,0,0,0,0,0,0,0,0,0,17,39,0,0,0,6,8,0,11,17,15.043453216552734,0.8849090127383962,1.291419506072998,,,,,,,,,,,,,,,,,,,,,,,,,,,,,,,66.36,5,5,0,0.396,True,241490,0,0.476,0.276,,,,,,,0,static_pcd,0,0,0,,,,,,,,,,,,,,,../../tmp/counterbalanced_map_worker_3mode_seed1_10_n10_artifacts_20260828/seed2_run4_full.json,6631,5460,1.137,-0.914,1.786,-26.657,24.025,-25.501,24.385,225.756,7.0,7.005476,7.005476,7.00046,7.0,0.01,True,0,0,0,,,,,,0.0,,,,,,,0,,,,,,,,,,,,,,,,,,,,,,,,,,,,,,,,,,,,,,,,,,,,,,,,,,,,,,,,,,,,,,,,,,,,,,,,,,,,,,,,,,,,,,,,,,,,,,,,,,,,,,,,,,,,,,,,,,,,,,,,,,,,,,,,,,,,,,,,,,,,,,,,,,,,,,,,,,,,,,,,,,,,,,,,,,,,,,,,,,,,,,,,,,,,,,,,,,,,,,,,,,,,,,,,,,,,,,,,,,,,,,,,,,,14981.399122807017,456,6.871609403254973,102946.3230861965,479404.77192982455,218608576.0,3.1416724574644928,26.354258710066304,32.0,30.24235504385965,19.019408114035087,11.221294342105264,1.3540606359649123,,99.67081707824063,,22.034534209387893,1,0,True,,0,3191.26953125,3168.30859375,0.0,4896.31640625,2044.69140625,8791.234375,703.25390625,0.0,0.0,../../tmp/counterbalanced_map_worker_3mode_seed1_10_n10_artifacts_20260828/seed2_run4_full.attempt1.memory.csv,True,True,../../tmp/counterbalanced_map_worker_3mode_seed1_10_n10_artifacts_20260828/seed2_run4_full.attempt1.performance.csv,4,460,,
seed2,5,adaptive,43,1,,strict-burst,cpp,True,True,,,,,,,,,,,,,0,7,7,7,0,2,2,0,0,0,0,0,0,0,0,0,0,7,18,0,0,0,3,4,0,5,7,5.186213970184326,0.7408877100263324,1.1190681457519531,,,,,,,,,,,,,,,,,,,,,,,,,,,,,,,56.34,5,5,0,0.404,True,241490,0,0.513,0.313,,,,,,,0,static_pcd,0,0,0,,,,,,,,,,,,,,,../../tmp/counterbalanced_map_worker_3mode_seed1_10_n10_artifacts_20260828/seed2_run5_adaptive.json,5634,4490,1.036,-1.078,1.789,-25.976,24.025,-25.263,24.654,219.65,7.0,7.000318,7.000318,6.999711,7.0,0.01,True,0,0,0,,,,,,0.683,1787892222.362022,3.208,3.343,1787892223.055775,4.065,4.311,0,,,,,,,,,,,,,,,,,,,,,,,,,,,,,,,,,,,,,,,,,,,,,,,,,,,,,,,,,,,,,,,,,,,,,,,,,,60,True,0.6,1.2,1.5,2,1.5,481,481,0,297,184,5,/rog_map/commit_version,0.12,0.1,0.25,0,True,/rog_map/cloud_process_ack,/sector/full_refresh_request,285,285,35,42,42,False,0,1,42,0,0,0,42,False,49,49,0,285,0,285,1787892278253700141,285,0,0.31699,0.55663,0.042857,0.068164,0.135898,0.687998,6000,722374,554625,61.746,7397587,3431969,46.393,True,39.501,True,47.817,51.542,False,0.6,1.4,1.5,0.2,3,2.899127,1,0,0,1787892253.2,1787892253.2,1787892253.86,,,,,,21,0.560091,0,True,True,False,0.6,1.4,3,15,False,24,24,20,19,22.453,379,240,8,1787892222.36,1787892222.36,/planning/trajectory_guard_recovery_active,2.5,0,0,False,True,15,7,5,4,7,False,1,7,7,0,0,0,0.042548,0.052439,False,0,31.393,39,112,27,67,8.108,23.285,1787892223.09,,,,,,,,,,,,,,,,,,,,,,,11997.565371024735,283,5.023074192403266,60264.660986865456,280367.03886925796,79343872.0,1.3430637715765885,11.266435498757543,22.07773851590106,22.0856525795053,13.233339752650176,8.850590070671378,1.6977415053003535,46.393,100.28019791607962,2.6981106182452335,24.391004901054007,1,0,True,,0,3184.19140625,3159.9765625,0.0,4824.72265625,2044.6640625,8819.765625,703.25390625,0.0,0.0,../../tmp/counterbalanced_map_worker_3mode_seed1_10_n10_artifacts_20260828/seed2_run5_adaptive.attempt1.memory.csv,True,True,../../tmp/counterbalanced_map_worker_3mode_seed1_10_n10_artifacts_20260828/seed2_run5_adaptive.attempt1.performance.csv,2,285,,
seed2,5,full,44,2,,strict-burst,direct,True,True,,,,,,,,,,,,,0,0,0,0,0,1,1,0,0,0,0,0,0,0,0,0,0,2,9,0,0,0,0,2,0,1,2,1.0841951370239258,0.5420975685119629,0.6212689876556396,,,,,,,,,,,,,,,,,,,,,,,,,,,,,,,52.66,5,5,0,0.467,True,241490,0,0.51,0.31,,,,,,,0,static_pcd,0,0,0,,,,,,,,,,,,,,,../../tmp/counterbalanced_map_worker_3mode_seed1_10_n10_artifacts_20260828/seed2_run5_full.json,5265,4280,0.896,-0.852,1.43,-24.954,24.025,-25.379,24.156,219.205,7.001,7.000681,7.000681,7.000675,7.0,0.01,True,0,0,0,,,,,,1.236,,,,,,,0,,,,,,,,,,,,,,,,,,,,,,,,,,,,,,,,,,,,,,,,,,,,,,,,,,,,,,,,,,,,,,,,,,,,,,,,,,,,,,,,,,,,,,,,,,,,,,,,,,,,,,,,,,,,,,,,,,,,,,,,,,,,,,,,,,,,,,,,,,,,,,,,,,,,,,,,,,,,,,,,,,,,,,,,,,,,,,,,,,,,,,,,,,,,,,,,,,,,,,,,,,,,,,,,,,,,,,,,,,,,,,,,,,,16447.53164556962,474,9.001139384732245,148046.52487656666,526321.0168776371,249476162.0,4.518021425275444,37.89991067223699,32.0,32.19470886075949,20.682063502109706,11.510805210970464,1.440651812236287,,126.28255118672864,,26.641610582612046,1,0,True,,0,3189.0390625,3165.89453125,0.0,4864.4296875,2044.6484375,8798.640625,703.25390625,0.0,0.0,../../tmp/counterbalanced_map_worker_3mode_seed1_10_n10_artifacts_20260828/seed2_run5_full.attempt1.memory.csv,True,True,../../tmp/counterbalanced_map_worker_3mode_seed1_10_n10_artifacts_20260828/seed2_run5_full.attempt1.performance.csv,4,478,,
seed2,5,sector,45,3,,strict-burst,cpp,True,True,,,,,,,,,,,,,0,0,0,0,0,0,0,0,0,0,0,0,0,0,0,0,0,7,16,0,0,0,3,4,0,7,7,4.8412909507751465,0.691612992967878,1.0781590938568115,,,,,,,,,,,,,,,,,,,,,,,,,,,,,,,56.53,5,5,0,0.523,True,241490,0,0.602,0.402,,,,,,,0,static_pcd,0,0,0,,,,,,,,,,,,,,,../../tmp/counterbalanced_map_worker_3mode_seed1_10_n10_artifacts_20260828/seed2_run5_sector.json,5648,4640,1.025,-1.051,1.427,-25.1,24.025,-25.049,24.24,220.55,7.0,7.00094,7.00094,7.000244,7.0,0.01,True,0,0,0,,,,,,0.0,,,,,,,0,,,,,,,,,,,,,,,,,,,,,,,,,,,,,,,,,,,,,,,,,,,,,,,,,,,,,,,,,,,,,,,,,,,,,,,,,,60,True,0.6,1.2,1.5,2,0.2,462,462,0,462,0,0,/rog_map/commit_version,0.12,0.1,0,0,False,/rog_map/cloud_process_ack,/sector/full_refresh_request,0,0,0,0,0,False,0,0,0,0,0,0,0,False,0,0,0,0,0,0,0,0,0,0,0,0,0,0,0,6000,0,0,100,7166767,3124284,43.594,False,0,False,0,0,False,0,0,1.5,0,1.5,1.5,0,0,0,,,,,,,,,0,0,,False,False,False,0,0,5,15,False,0,0,0,0,0,0,0,0,,,/planning/trajectory_guard_recovery_active,2.5,0,0,False,False,0,0,0,0,0,False,0,0,0,0,0,0,0,0,False,0,0,0,0,0,0,0,0,,,,,,,,,,,,,,,,,,,,,,,,7019.579310344828,435,7.695029188041747,54015.86768087741,140391.58620689655,61070340.0,1.0302709137130244,8.642538828940387,20.0,11.584278413793104,7.36329924137931,4.219368712643678,0.8405802827586207,43.594,100.04028784312071,2.4745736841222348,24.37156931410386,1,0,True,,0,3176.328125,3152.466796875,0.0,4877.7890625,2044.640625,8803.19921875,703.25390625,0.0,0.0,../../tmp/counterbalanced_map_worker_3mode_seed1_10_n10_artifacts_20260828/seed2_run5_sector.attempt1.memory.csv,True,True,../../tmp/counterbalanced_map_worker_3mode_seed1_10_n10_artifacts_20260828/seed2_run5_sector.attempt1.performance.csv,0,435,,
seed2,6,full,46,1,,strict-burst,direct,True,True,,,,,,,,,,,,,0,0,0,0,0,0,0,0,0,0,0,0,0,0,0,0,0,2,5,0,0,0,0,1,0,0,2,1.689399003982544,0.844699501991272,1.0678362846374512,,,,,,,,,,,,,,,,,,,,,,,,,,,,,,,53.77,5,5,0,0.418,True,241490,0,0.532,0.332,,,,,,,0,static_pcd,0,0,0,,,,,,,,,,,,,,,../../tmp/counterbalanced_map_worker_3mode_seed1_10_n10_artifacts_20260828/seed2_run6_full.json,5376,4490,1.0,-1.114,1.91,-24.989,24.025,-25.315,24.137,217.106,6.999,7.000782,7.000782,6.9995,7.0,0.01,True,0,0,0,,,,,,1.497,,,,,,,0,,,,,,,,,,,,,,,,,,,,,,,,,,,,,,,,,,,,,,,,,,,,,,,,,,,,,,,,,,,,,,,,,,,,,,,,,,,,,,,,,,,,,,,,,,,,,,,,,,,,,,,,,,,,,,,,,,,,,,,,,,,,,,,,,,,,,,,,,,,,,,,,,,,,,,,,,,,,,,,,,,,,,,,,,,,,,,,,,,,,,,,,,,,,,,,,,,,,,,,,,,,,,,,,,,,,,,,,,,,,,,,,,,,15741.622270742359,458,8.517760833178352,134083.37362841732,503731.9126637555,230709216.0,4.09189982996879,34.325343648874835,32.0,32.0284962882096,20.44966462882096,11.576933034934497,1.4618754716157205,,125.5090452647976,,26.697741177695306,1,0,True,,0,3186.234375,3163.3330078125,0.0,4889.875,2044.62109375,8783.04296875,703.25390625,0.0,0.0,../../tmp/counterbalanced_map_worker_3mode_seed1_10_n10_artifacts_20260828/seed2_run6_full.attempt1.memory.csv,True,True,../../tmp/counterbalanced_map_worker_3mode_seed1_10_n10_artifacts_20260828/seed2_run6_full.attempt1.performance.csv,4,462,,
seed2,6,sector,47,2,,strict-burst,cpp,True,True,,,,,,,,,,,,,0,0,0,0,0,3,3,0,0,0,0,0,0,0,0,0,0,4,14,0,0,0,1,3,0,2,4,2.7330708503723145,0.6832677125930786,1.0615389347076416,,,,,,,,,,,,,,,,,,,,,,,,,,,,,,,54.63,5,5,0,0.493,True,241490,0,0.532,0.332,,,,,,,0,static_pcd,0,0,0,,,,,,,,,,,,,,,../../tmp/counterbalanced_map_worker_3mode_seed1_10_n10_artifacts_20260828/seed2_run6_sector.json,5462,4560,0.731,-1.207,1.868,-25.768,24.025,-25.192,24.134,224.655,7.001,7.001203,7.001203,7.000529,7.0,0.01,True,0,0,0,,,,,,0.781,,,,,,,0,,,,,,,,,,,,,,,,,,,,,,,,,,,,,,,,,,,,,,,,,,,,,,,,,,,,,,,,,,,,,,,,,,,,,,,,,,60,True,0.6,1.2,1.5,2,0.2,487,487,0,487,0,0,/rog_map/commit_version,0.12,0.1,0,0,False,/rog_map/cloud_process_ack,/sector/full_refresh_request,0,0,0,0,0,False,0,0,0,0,0,0,0,False,0,0,0,0,0,0,0,0,0,0,0,0,0,0,0,6000,0,0,100,7622417,3243625,42.554,False,0,False,0,0,False,0,0,1.5,0,1.5,1.5,0,0,0,,,,,,,,,0,0,,False,False,False,0,0,5,15,False,0,0,0,0,0,0,0,0,,,/planning/trajectory_guard_recovery_active,2.5,0,0,False,False,0,0,0,0,0,False,0,0,0,0,0,0,0,0,False,0,0,0,0,0,0,0,0,,,,,,,,,,,,,,,,,,,,,,,,6897.517391304348,460,8.420281896393922,58079.04082006223,137950.34782608695,63457160.0,1.1077697910320707,9.292646531209957,20.0,11.577427304347825,7.397948326086957,4.177857506521739,0.8098728543478261,42.554,103.457399510104,2.60668577324471,25.73844729894527,1,0,True,,0,3174.9453125,3151.013671875,0.0,4885.09375,2044.62109375,8792.99609375,703.25390625,0.0,0.0,../../tmp/counterbalanced_map_worker_3mode_seed1_10_n10_artifacts_20260828/seed2_run6_sector.attempt1.memory.csv,True,True,../../tmp/counterbalanced_map_worker_3mode_seed1_10_n10_artifacts_20260828/seed2_run6_sector.attempt1.performance.csv,2,462,,
seed2,6,adaptive,48,3,,strict-burst,cpp,True,True,,,,,,,,,,,,,0,10,10,10,0,2,2,0,0,0,0,0,0,0,0,0,0,10,29,0,0,0,3,7,0,9,10,8.495583057403564,0.8495583057403564,1.9403650760650635,,,,,,,,,,,,,,,,,,,,,,,,,,,,,,,61.44,5,5,0,0.344,True,241490,0,0.35,0.15,,,,,,,0,static_pcd,0,0,0,,,,,,,,,,,,,,,../../tmp/counterbalanced_map_worker_3mode_seed1_10_n10_artifacts_20260828/seed2_run6_adaptive.json,6143,5080,0.792,-1.226,1.273,-25.817,24.025,-24.504,24.025,223.165,7.0,7.00105,7.001051,7.000245,7.0,0.01,True,0,0,0,,,,,,0.885,1787892546.75135,3.422,3.573,1787892547.39149,4.65,4.85,0,,,,,,,,,,,,,,,,,,,,,,,,,,,,,,,,,,,,,,,,,,,,,,,,,,,,,,,,,,,,,,,,,,,,,,,,,,60,True,0.6,1.2,1.5,2,1.5,484,484,0,310,174,5,/rog_map/commit_version,0.12,0.1,0.25,0,True,/rog_map/cloud_process_ack,/sector/full_refresh_request,297,297,42,52,52,False,0,1,52,0,0,0,52,False,62,62,0,297,0,297,1787892607691068228,297,0,0.350621,0.651241,0.042737,0.079225,0.143158,0.685004,6000,732937,553834,64.05,7715719,3800828,49.261,True,71.281,True,48.347,55.036,True,0.6,1.4,1.5,0.2,3,2.899015,1,1,0,1787892559.95,1787892559.95,1787892560.21,1787892602.99,1787892604.2,1.209968,,,36,1.209968,0,True,True,False,0.6,1.4,3,15,False,24,24,17,16,20.455,409,258,9,1787892546.75,1787892546.75,/planning/trajectory_guard_recovery_active,2.5,0,0,False,True,21,10,4,3,10,False,1,10,10,0,0,0,0.046666,0.058914,False,0,36.57,56,121,41,78,11.57,25,1787892550.06,,,,,,,,,,,,,,,,,,,,,,,12693.300675675675,296,4.817708333333334,61152.620442708336,305060.4121621622,90297882.0,1.4016075991094112,11.75753671875,22.513513513513512,23.08773844594595,13.83443287162162,9.251427837837838,1.6484518006756756,49.261,94.71057350062087,2.7147216458883676,21.485106208210556,1,0,True,,0,3187.23046875,3163.095703125,0.0,4828.515625,2044.609375,8811.796875,703.25390625,0.0,0.0,../../tmp/counterbalanced_map_worker_3mode_seed1_10_n10_artifacts_20260828/seed2_run6_adaptive.attempt1.memory.csv,True,True,../../tmp/counterbalanced_map_worker_3mode_seed1_10_n10_artifacts_20260828/seed2_run6_adaptive.attempt1.performance.csv,1,297,,
seed2,7,sector,49,1,,strict-burst,cpp,True,True,,,,,,,,,,,,,0,0,0,0,0,1,1,0,0,0,0,0,0,0,0,0,0,3,5,0,0,0,2,1,0,2,3,2.697089195251465,0.8990297317504883,1.3612689971923828,,,,,,,,,,,,,,,,,,,,,,,,,,,,,,,55.63,5,5,0,0.408,True,241490,0,0.489,0.289,,,,,,,0,static_pcd,0,0,0,,,,,,,,,,,,,,,../../tmp/counterbalanced_map_worker_3mode_seed1_10_n10_artifacts_20260828/seed2_run7_sector.json,5561,4498,0.768,-1.27,1.342,-25.146,24.025,-25.298,24.206,222.858,7.002,7.00226,7.00226,7.001966,7.0,0.01,True,0,0,0,,,,,,0.0,,,,,,,0,,,,,,,,,,,,,,,,,,,,,,,,,,,,,,,,,,,,,,,,,,,,,,,,,,,,,,,,,,,,,,,,,,,,,,,,,,60,True,0.6,1.2,1.5,2,0.2,483,483,0,483,0,0,/rog_map/commit_version,0.12,0.1,0,0,False,/rog_map/cloud_process_ack,/sector/full_refresh_request,0,0,0,0,0,False,0,0,0,0,0,0,0,False,0,0,0,0,0,0,0,0,0,0,0,0,0,0,0,6000,0,0,100,7391218,3207500,43.396,False,0,False,0,0,False,0,0,1.5,0,1.5,1.5,0,0,0,,,,,,,,,0,0,,False,False,False,0,0,5,15,False,0,0,0,0,0,0,0,0,,,/planning/trajectory_guard_recovery_active,2.5,0,0,False,False,0,0,0,0,0,False,0,0,0,0,0,0,0,0,False,0,0,0,0,0,0,0,0,,,,,,,,,,,,,,,,,,,,,,,,6878.800438596491,456,8.197015998561927,56385.637246090235,137576.00877192983,62734660.0,1.0754706811159178,9.021701959374438,20.0,11.57000322368421,7.377322061403508,4.190830010964913,0.8086361096491228,43.396,103.89372608582515,2.5584533737273847,25.990474520168835,1,0,True,,0,3173.9296875,3150.103515625,0.0,4864.03515625,2044.59375,8805.1953125,703.24609375,0.0,0.0,../../tmp/counterbalanced_map_worker_3mode_seed1_10_n10_artifacts_20260828/seed2_run7_sector.attempt1.memory.csv,True,True,../../tmp/counterbalanced_map_worker_3mode_seed1_10_n10_artifacts_20260828/seed2_run7_sector.attempt1.performance.csv,2,458,,
seed2,7,adaptive,50,2,,strict-burst,cpp,True,True,,,,,,,,,,,,,0,13,13,13,0,1,1,0,0,0,0,0,0,0,0,0,0,13,33,0,0,0,5,8,0,11,13,10.596212148666382,0.8150932422051063,1.6793277263641357,,,,,,,,,,,,,,,,,,,,,,,,,,,,,,,61.7,5,5,0,0.433,True,241490,0,0.466,0.266,,,,,,,0,static_pcd,0,0,0,,,,,,,,,,,,,,,../../tmp/counterbalanced_map_worker_3mode_seed1_10_n10_artifacts_20260828/seed2_run7_adaptive.json,6169,5020,1.052,-1.035,2.137,-24.477,24.025,-23.975,24.672,222.298,6.999,7.003015,7.003015,6.999451,7.0,0.01,True,0,0,0,,,,,,0.781,1787892693.874575,21.603,23.564,1787892692.728885,23.039,23.474,0,,,,,,,,,,,,,,,,,,,,,,,,,,,,,,,,,,,,,,,,,,,,,,,,,,,,,,,,,,,,,,,,,,,,,,,,,,60,True,0.6,1.2,1.5,2,1.5,473,473,0,308,165,5,/rog_map/commit_version,0.12,0.1,0.25,0,True,/rog_map/cloud_process_ack,/sector/full_refresh_request,297,297,40,49,49,False,0,1,49,0,0,0,49,False,62,62,0,297,0,297,1787892746128822312,297,0,0.344993,0.485152,0.041798,0.06517,0.14542,0.687817,6000,928323,721697,65.116,7091847,3700244,52.176,True,6.131,False,61.945,63.795,False,0.6,1.4,1.5,0.2,3,2.897575,1,0,0,1787892743.4,1787892743.4,1787892743.88,,,,,,2,0.65993,0,True,True,False,0.6,1.4,3,15,False,25,25,16,16,19.45,397,243,8,1787892684.69,1787892683.55,/planning/trajectory_guard_recovery_active,2.5,0,0,False,False,27,13,6,6,13,False,1,13,13,0,0,0,0.042655,0.060142,False,0,52.22,85,162,62,104,17.97,34.249,1787892683.55,,,,,,,,,,,,,,,,,,,,,,,12427.847457627118,295,4.781199351701782,59420.016207455425,297010.01355932205,87617954.0,1.3542786448276216,11.360512674230145,22.522033898305086,23.970331898305083,14.507171220338982,9.461398271186441,1.6834475423728814,52.176,94.11290032580203,2.718556687943416,24.610991096074162,1,0,True,,0,3184.20703125,3160.0234375,0.0,4846.49609375,2044.56640625,8839.41015625,703.24609375,0.0,0.0,../../tmp/counterbalanced_map_worker_3mode_seed1_10_n10_artifacts_20260828/seed2_run7_adaptive.attempt1.memory.csv,True,True,../../tmp/counterbalanced_map_worker_3mode_seed1_10_n10_artifacts_20260828/seed2_run7_adaptive.attempt1.performance.csv,2,297,,
seed2,7,full,51,3,,strict-burst,direct,True,True,,,,,,,,,,,,,0,0,0,0,0,3,3,0,0,0,0,0,0,0,0,0,0,4,18,0,2,0,0,4,0,2,4,2.6539876461029053,0.6634969115257263,1.0094578266143799,,,,,,,,,,,,,,,,,,,,,,,,,,,,,,,53.88,5,5,0,0.461,True,241490,0,0.488,0.288,,,,,,,0,static_pcd,0,0,0,,,,,,,,,,,,,,,../../tmp/counterbalanced_map_worker_3mode_seed1_10_n10_artifacts_20260828/seed2_run7_full.json,5387,4260,1.072,-0.993,1.432,-24.956,24.025,-25.017,24.388,218.737,7.0,7.001194,7.001194,6.999606,7.0,0.01,True,0,0,0,,,,,,1.461,,,,,,,0,,,,,,,,,,,,,,,,,,,,,,,,,,,,,,,,,,,,,,,,,,,,,,,,,,,,,,,,,,,,,,,,,,,,,,,,,,,,,,,,,,,,,,,,,,,,,,,,,,,,,,,,,,,,,,,,,,,,,,,,,,,,,,,,,,,,,,,,,,,,,,,,,,,,,,,,,,,,,,,,,,,,,,,,,,,,,,,,,,,,,,,,,,,,,,,,,,,,,,,,,,,,,,,,,,,,,,,,,,,,,,,,,,,15556.672727272728,440,8.166295471417966,127040.38604305864,497813.5272727273,219037952.0,3.8769649060992015,32.52233882702301,32.0,32.35416409090909,20.53300068181818,11.819225022727272,1.4952442795454544,,122.64696050683226,,23.669716648999277,1,0,True,,0,3188.20703125,3165.1728515625,0.0,4887.26953125,2044.5625,8791.91796875,703.24609375,0.0,0.0,../../tmp/counterbalanced_map_worker_3mode_seed1_10_n10_artifacts_20260828/seed2_run7_full.attempt1.memory.csv,True,True,../../tmp/counterbalanced_map_worker_3mode_seed1_10_n10_artifacts_20260828/seed2_run7_full.attempt1.performance.csv,5,445,,
seed2,8,adaptive,52,1,,strict-burst,cpp,True,True,,,,,,,,,,,,,0,1,1,1,0,1,1,0,0,0,0,0,0,0,0,0,0,1,5,0,1,0,0,1,0,0,1,0.5984141826629639,0.5984141826629639,0.5984141826629639,,,,,,,,,,,,,,,,,,,,,,,,,,,,,,,54.38,5,5,0,0.447,True,241490,0,0.534,0.334,,,,,,,0,static_pcd,0,0,0,,,,,,,,,,,,,,,../../tmp/counterbalanced_map_worker_3mode_seed1_10_n10_artifacts_20260828/seed2_run8_adaptive.json,5437,4390,1.081,-0.99,2.046,-25.017,24.025,-25.157,24.689,220.261,7.003,7.003235,7.003235,7.002678,7.0,0.01,True,0,0,0,,,,,,0.939,1787892820.539007,3.344,3.486,1787892821.204015,4.177,4.399,0,,,,,,,,,,,,,,,,,,,,,,,,,,,,,,,,,,,,,,,,,,,,,,,,,,,,,,,,,,,,,,,,,,,,,,,,,,60,True,0.6,1.2,1.5,2,1.5,525,525,0,313,212,5,/rog_map/commit_version,0.12,0.1,0.25,0,True,/rog_map/cloud_process_ack,/sector/full_refresh_request,301,301,42,28,28,False,0,1,28,0,0,0,28,False,29,29,0,301,0,301,1787892875301520526,301,0,0.308768,0.47583,0.046665,0.064601,0.128038,0.47583,6000,460846,352198,59.619,8303552,3331675,40.123,True,27.238,False,24.571,26.577,False,0.6,1.4,1.5,0.2,3,2.899945,1,0,0,1787892859.43,1787892859.43,1787892859.81,,,,,,11,0.749952,0,True,True,False,0.6,1.4,3,15,False,23,23,22,22,21.905,380,249,9,1787892820.54,1787892820.54,/planning/trajectory_guard_recovery_active,2.5,0,0,False,False,3,1,1,1,1,False,1,1,1,0,0,0,0.038117,0.038117,False,0,4.952,6,20,4,12,1.143,3.81,1787892822.56,,,,,,,,,,,,,,,,,,,,,,,10992.123333333333,300,5.516734093416697,60640.621552041186,243329.1,72998730.0,1.2801951807884224,10.739055535123207,21.16,20.017445266666666,11.5554589,8.4603669,1.5479200433333333,40.123,108.49603977191109,2.7997127786832015,25.59454790726024,1,0,True,,0,3181.703125,3157.2841796875,0.0,4820.4921875,2044.5625,8812.828125,703.24609375,0.0,0.0,../../tmp/counterbalanced_map_worker_3mode_seed1_10_n10_artifacts_20260828/seed2_run8_adaptive.attempt1.memory.csv,True,True,../../tmp/counterbalanced_map_worker_3mode_seed1_10_n10_artifacts_20260828/seed2_run8_adaptive.attempt1.performance.csv,1,301,,
seed2,8,full,53,2,,strict-burst,direct,True,True,,,,,,,,,,,,,0,0,0,0,0,0,0,0,0,0,0,0,0,0,0,0,0,10,34,0,0,0,3,7,0,10,10,7.253611326217651,0.7253611326217652,1.319441318511963,,,,,,,,,,,,,,,,,,,,,,,,,,,,,,,59.24,5,5,0,0.445,True,241490,0,0.531,0.331,,,,,,,0,static_pcd,0,0,0,,,,,,,,,,,,,,,../../tmp/counterbalanced_map_worker_3mode_seed1_10_n10_artifacts_20260828/seed2_run8_full.json,5923,4940,0.981,-1.052,1.561,-25.751,24.025,-25.793,24.287,221.537,7.0,7.003172,7.003172,7.000257,7.0,0.01,True,0,0,0,,,,,,0.393,,,,,,,0,,,,,,,,,,,,,,,,,,,,,,,,,,,,,,,,,,,,,,,,,,,,,,,,,,,,,,,,,,,,,,,,,,,,,,,,,,,,,,,,,,,,,,,,,,,,,,,,,,,,,,,,,,,,,,,,,,,,,,,,,,,,,,,,,,,,,,,,,,,,,,,,,,,,,,,,,,,,,,,,,,,,,,,,,,,,,,,,,,,,,,,,,,,,,,,,,,,,,,,,,,,,,,,,,,,,,,,,,,,,,,,,,,,15435.818181818182,407,6.870357866306549,106049.5948683322,493946.171990172,201036092.0,3.236376732124983,27.148695746117486,32.0,31.977973955773955,20.27904176904177,11.697248378378378,1.5455845085995086,,110.04723790697821,,25.85001854885312,1,0,True,,0,3187.75390625,3164.763671875,0.0,4826.93359375,2044.55859375,8811.109375,703.24609375,0.0,0.0,../../tmp/counterbalanced_map_worker_3mode_seed1_10_n10_artifacts_20260828/seed2_run8_full.attempt1.memory.csv,True,True,../../tmp/counterbalanced_map_worker_3mode_seed1_10_n10_artifacts_20260828/seed2_run8_full.attempt1.performance.csv,5,412,,
seed2,8,sector,54,3,,strict-burst,cpp,True,True,,,,,,,,,,,,,0,0,0,0,0,2,2,0,0,0,0,0,0,0,0,0,0,7,20,0,0,0,3,4,0,5,7,5.218387842178345,0.7454839774540493,1.3753869533538818,,,,,,,,,,,,,,,,,,,,,,,,,,,,,,,56.92,5,5,0,0.441,True,241490,0,0.516,0.316,,,,,,,0,static_pcd,0,0,0,,,,,,,,,,,,,,,../../tmp/counterbalanced_map_worker_3mode_seed1_10_n10_artifacts_20260828/seed2_run8_sector.json,5691,4670,1.047,-1.028,1.804,-24.939,24.025,-25.343,24.089,220.62,7.0,7.002369,7.002369,6.999738,7.0,0.01,True,0,0,0,,,,,,0.548,,,,,,,0,,,,,,,,,,,,,,,,,,,,,,,,,,,,,,,,,,,,,,,,,,,,,,,,,,,,,,,,,,,,,,,,,,,,,,,,,,60,True,0.6,1.2,1.5,2,0.2,443,443,0,443,0,0,/rog_map/commit_version,0.12,0.1,0,0,False,/rog_map/cloud_process_ack,/sector/full_refresh_request,0,0,0,0,0,False,0,0,0,0,0,0,0,False,0,0,0,0,0,0,0,0,0,0,0,0,0,0,0,6000,0,0,100,6691353,2882215,43.074,False,0,False,0,0,False,0,0,1.5,0,1.5,1.5,0,0,0,,,,,,,,,0,0,,False,False,False,0,0,5,15,False,0,0,0,0,0,0,0,0,,,/planning/trajectory_guard_recovery_active,2.5,0,0,False,False,0,0,0,0,0,False,0,0,0,0,0,0,0,0,False,0,0,0,0,0,0,0,0,,,,,,,,,,,,,,,,,,,,,,,,6758.288461538462,416,7.308503162333099,49392.97259311314,135165.76923076922,56228960.0,0.9420961874601963,7.902875614898102,20.0,11.634757500000001,7.431157956730769,4.201906697115384,0.8136485745192308,43.074,97.03172382878627,2.4310174274044054,23.531030417796785,1,0,True,,0,3172.359375,3148.17578125,0.0,4865.24609375,2044.5546875,8810.765625,703.24609375,0.0,0.0,../../tmp/counterbalanced_map_worker_3mode_seed1_10_n10_artifacts_20260828/seed2_run8_sector.attempt1.memory.csv,True,True,../../tmp/counterbalanced_map_worker_3mode_seed1_10_n10_artifacts_20260828/seed2_run8_sector.attempt1.performance.csv,2,418,,
seed2,9,full,55,1,,strict-burst,direct,True,True,,,,,,,,,,,,,0,0,0,0,0,0,0,0,0,0,0,0,0,0,0,0,0,7,13,0,0,0,2,4,0,5,7,6.324892520904541,0.9035560744149345,1.1766018867492676,,,,,,,,,,,,,,,,,,,,,,,,,,,,,,,56.63,5,5,0,0.49,True,241490,0,0.543,0.343,,,,,,,0,static_pcd,0,0,0,,,,,,,,,,,,,,,../../tmp/counterbalanced_map_worker_3mode_seed1_10_n10_artifacts_20260828/seed2_run9_full.json,5662,4570,1.111,-0.992,1.256,-25.127,24.025,-25.297,24.795,219.657,7.0,7.001277,7.001277,6.999974,7.0,0.01,True,0,0,0,,,,,,0.297,,,,,,,0,,,,,,,,,,,,,,,,,,,,,,,,,,,,,,,,,,,,,,,,,,,,,,,,,,,,,,,,,,,,,,,,,,,,,,,,,,,,,,,,,,,,,,,,,,,,,,,,,,,,,,,,,,,,,,,,,,,,,,,,,,,,,,,,,,,,,,,,,,,,,,,,,,,,,,,,,,,,,,,,,,,,,,,,,,,,,,,,,,,,,,,,,,,,,,,,,,,,,,,,,,,,,,,,,,,,,,,,,,,,,,,,,,,15908.92970521542,441,7.787391841779975,123889.06939784565,509085.7551020408,224506818.0,3.7807943878631884,31.715602048384245,32.0,33.7967873015873,20.323053287981857,13.471961043083901,1.4799266167800453,,118.55597893497026,,23.759688145708594,1,0,True,,0,3188.03515625,3165.0556640625,0.0,4850.88671875,2044.54296875,8824.1171875,703.24609375,0.0,0.0,../../tmp/counterbalanced_map_worker_3mode_seed1_10_n10_artifacts_20260828/seed2_run9_full.attempt1.memory.csv,True,True,../../tmp/counterbalanced_map_worker_3mode_seed1_10_n10_artifacts_20260828/seed2_run9_full.attempt1.performance.csv,5,446,,
seed2,9,sector,56,2,,strict-burst,cpp,True,True,,,,,,,,,,,,,0,0,0,0,0,2,2,0,0,0,0,0,0,0,0,0,0,6,14,0,0,0,2,3,0,3,6,4.54872989654541,0.758121649424235,1.1002559661865234,,,,,,,,,,,,,,,,,,,,,,,,,,,,,,,60.49,5,5,0,0.45,True,241490,0,0.494,0.294,,,,,,,0,static_pcd,0,0,0,,,,,,,,,,,,,,,../../tmp/counterbalanced_map_worker_3mode_seed1_10_n10_artifacts_20260828/seed2_run9_sector.json,6040,4740,0.985,-1.08,1.954,-24.916,24.025,-25.109,24.203,223.151,7.0,7.001667,7.001667,7.000432,7.0,0.01,True,0,0,0,,,,,,0.0,,,,,,,0,,,,,,,,,,,,,,,,,,,,,,,,,,,,,,,,,,,,,,,,,,,,,,,,,,,,,,,,,,,,,,,,,,,,,,,,,,60,True,0.6,1.2,1.5,2,0.2,512,512,0,512,0,0,/rog_map/commit_version,0.12,0.1,0,0,False,/rog_map/cloud_process_ack,/sector/full_refresh_request,0,0,0,0,0,False,0,0,0,0,0,0,0,False,0,0,0,0,0,0,0,0,0,0,0,0,0,0,0,6000,0,0,100,7642571,3187056,41.701,False,0,False,0,0,False,0,0,1.5,0,1.5,1.5,0,0,0,,,,,,,,,0,0,,False,False,False,0,0,5,15,False,0,0,0,0,0,0,0,0,,,/planning/trajectory_guard_recovery_active,2.5,0,0,False,False,0,0,0,0,0,False,0,0,0,0,0,0,0,0,False,0,0,0,0,0,0,0,0,,,,,,,,,,,,,,,,,,,,,,,,6441.714285714285,483,7.984790874524714,51435.741444866915,128834.28571428571,62226960.0,0.9810589112256416,8.229718631178708,20.0,11.485533581780539,7.407326231884058,4.076378710144928,0.7618582525879917,41.701,96.93780476558074,2.5040552127438933,26.148265264153327,1,0,True,,0,3173.078125,3149.0029296875,0.0,4814.59375,2044.53125,8832.14453125,703.24609375,0.0,0.0,../../tmp/counterbalanced_map_worker_3mode_seed1_10_n10_artifacts_20260828/seed2_run9_sector.attempt1.memory.csv,True,True,../../tmp/counterbalanced_map_worker_3mode_seed1_10_n10_artifacts_20260828/seed2_run9_sector.attempt1.performance.csv,0,483,,
seed2,9,adaptive,57,3,,strict-burst,cpp,True,True,,,,,,,,,,,,,0,13,13,13,0,3,7,0,0,0,0,0,0,0,0,0,0,13,26,0,7,0,5,7,0,11,13,12.927452087402344,0.9944193913386419,4.140660285949707,,,,,,,,,,,,,,,,,,,,,,,,,,,,,,,64.1,5,5,0,0.468,True,241490,0,0.554,0.354,,,,,,,0,static_pcd,0,0,0,,,,,,,,,,,,,,,../../tmp/counterbalanced_map_worker_3mode_seed1_10_n10_artifacts_20260828/seed2_run9_adaptive.json,6404,5230,0.84,-1.077,1.544,-24.862,24.026,-25.38,24.366,224.407,7.001,7.002391,7.002391,7.000516,7.0,0.01,True,0,0,0,,,,,,0.0,1787893158.262252,3.721,3.88,1787893158.940679,4.65,4.85,0,,,,,,,,,,,,,,,,,,,,,,,,,,,,,,,,,,,,,,,,,,,,,,,,,,,,,,,,,,,,,,,,,,,,,,,,,,60,True,0.6,1.2,1.5,2,1.5,513,513,0,325,188,5,/rog_map/commit_version,0.12,0.1,0.25,0,True,/rog_map/cloud_process_ack,/sector/full_refresh_request,312,312,39,42,42,False,0,1,42,0,0,0,42,False,55,55,0,312,0,312,1787893222143523303,312,0,0.314681,0.480394,0.045693,0.087101,0.139346,0.949883,6000,1097577,826106,63.353,7854207,4014467,51.112,False,0,False,60.234,63.603,False,0.6,1.4,1.5,0.2,3,2.899723,0,0,0,,,,,,,,,0,0,,True,True,False,0.6,1.4,3,15,False,23,23,17,17,21.442,385,251,8,1787893158.26,1787893158.26,/planning/trajectory_guard_recovery_active,2.5,0,0,False,False,27,13,6,6,13,False,1,13,13,0,0,0,0.042047,0.05217,False,0,48.733,97,153,67,103,18.908,29.825,1787893161.43,,,,,,,,,,,,,,,,,,,,,,,12757.673076923076,312,4.867394695787832,62096.63026521062,298240.1153846154,93050916.0,1.3844035679762152,11.613218845553822,22.115384615384617,25.649068589743592,14.734425608974359,10.912910961538461,1.661781532051282,51.112,94.4821292271282,2.786868374162583,25.830849684810495,1,0,True,,0,3183.67578125,3159.296875,0.0,4815.07421875,2044.52734375,8817.55078125,703.24609375,0.0,0.0,../../tmp/counterbalanced_map_worker_3mode_seed1_10_n10_artifacts_20260828/seed2_run9_adaptive.attempt1.memory.csv,True,True,../../tmp/counterbalanced_map_worker_3mode_seed1_10_n10_artifacts_20260828/seed2_run9_adaptive.attempt1.performance.csv,0,312,,
seed2,10,sector,58,1,,strict-burst,cpp,True,True,,,,,,,,,,,,,0,0,0,0,0,2,2,0,0,0,0,0,0,0,0,0,0,6,15,0,0,0,3,3,0,5,6,7.264086961746216,1.210681160291036,2.8132119178771973,,,,,,,,,,,,,,,,,,,,,,,,,,,,,,,56.99,5,5,0,0.403,True,241490,0,0.406,0.206,,,,,,,0,static_pcd,0,0,0,,,,,,,,,,,,,,,../../tmp/counterbalanced_map_worker_3mode_seed1_10_n10_artifacts_20260828/seed2_run10_sector.json,5698,4570,1.048,-1.011,1.526,-25.633,24.025,-25.382,24.495,222.387,7.001,7.000932,7.000932,7.000517,7.0,0.01,True,0,0,0,,,,,,0.939,,,,,,,0,,,,,,,,,,,,,,,,,,,,,,,,,,,,,,,,,,,,,,,,,,,,,,,,,,,,,,,,,,,,,,,,,,,,,,,,,,60,True,0.6,1.2,1.5,2,0.2,452,452,0,452,0,0,/rog_map/commit_version,0.12,0.1,0,0,False,/rog_map/cloud_process_ack,/sector/full_refresh_request,0,0,0,0,0,False,0,0,0,0,0,0,0,False,0,0,0,0,0,0,0,0,0,0,0,0,0,0,0,6000,0,0,100,6818213,2839754,41.65,False,0,False,0,0,False,0,0,1.5,0,1.5,1.5,0,0,0,,,,,,,,,0,0,,False,False,False,0,0,5,15,False,0,0,0,0,0,0,0,0,,,/planning/trajectory_guard_recovery_active,2.5,0,0,False,False,0,0,0,0,0,False,0,0,0,0,0,0,0,0,False,0,0,0,0,0,0,0,0,,,,,,,,,,,,,,,,,,,,,,,,6515.2635294117645,425,7.457448675206177,48587.24337603088,130305.27058823529,55379740.0,0.926728122254007,7.773958940164941,20.0,11.502243529411764,7.28197425882353,4.218697207058824,0.8257348447058823,41.65,98.2931972343205,2.4500496082697882,24.76162038379501,1,0,True,,0,3173.99609375,3150.115234375,0.0,4820.3125,2044.51953125,8838.5859375,703.24609375,0.0,0.0,../../tmp/counterbalanced_map_worker_3mode_seed1_10_n10_artifacts_20260828/seed2_run10_sector.attempt1.memory.csv,True,True,../../tmp/counterbalanced_map_worker_3mode_seed1_10_n10_artifacts_20260828/seed2_run10_sector.attempt1.performance.csv,2,427,,
seed2,10,adaptive,59,2,,strict-burst,cpp,True,True,,,,,,,,,,,,,0,7,7,7,0,1,1,0,0,0,0,0,0,0,0,0,0,7,25,0,1,0,1,6,0,6,7,3.9910218715667725,0.570145981652396,1.0564711093902588,,,,,,,,,,,,,,,,,,,,,,,,,,,,,,,58.5,5,5,0,0.434,True,241490,0,0.49,0.29,,,,,,,0,static_pcd,0,0,0,,,,,,,,,,,,,,,../../tmp/counterbalanced_map_worker_3mode_seed1_10_n10_artifacts_20260828/seed2_run10_adaptive.json,5836,4717,1.02,-1.048,1.293,-25.187,24.025,-24.892,24.262,222.532,7.0,7.00104,7.001041,6.999823,7.0,0.01,True,0,0,0,,,,,,0.0,1787893300.048176,3.297,3.442,1787893300.718102,4.081,4.295,0,,,,,,,,,,,,,,,,,,,,,,,,,,,,,,,,,,,,,,,,,,,,,,,,,,,,,,,,,,,,,,,,,,,,,,,,,,60,True,0.6,1.2,1.5,2,1.5,465,465,0,304,161,5,/rog_map/commit_version,0.12,0.1,0.25,0,True,/rog_map/cloud_process_ack,/sector/full_refresh_request,291,291,46,48,48,False,0,1,48,0,0,0,48,False,55,55,0,291,0,291,1787893357415920648,291,0,0.33623,0.486131,0.043747,0.06643,0.140209,0.668602,6000,665635,546521,65.376,7032649,3586360,50.996,False,0,True,45.806,48.823,False,0.6,1.4,1.5,0.2,3,2.898744,0,0,0,,,,,,,,,0,0,,True,True,False,0.6,1.4,3,15,False,24,24,21,20,22.581,428,237,10,1787893300.05,1787893300.05,/planning/trajectory_guard_recovery_active,2.5,0,0,False,True,15,7,7,6,7,False,1,7,7,0,0,0,0.040837,0.045692,False,0,31.183,25,120,20,84,5.376,25.806,1787893300.72,,,,,,,,,,,,,,,,,,,,,,,12207.323024054982,291,4.9743589743589745,60723.606837606836,287258.04810996563,83592092.0,1.3627287383772368,11.431397196581196,22.2680412371134,22.679012096219928,13.673211958762886,9.00413587628866,1.7205573264604812,50.996,97.92541276307594,2.7405281248278617,24.790547502176544,1,0,True,,0,3183.38671875,3159.126953125,0.0,4814.65234375,2044.51953125,8844.51953125,703.24609375,0.0,0.0,../../tmp/counterbalanced_map_worker_3mode_seed1_10_n10_artifacts_20260828/seed2_run10_adaptive.attempt1.memory.csv,True,True,../../tmp/counterbalanced_map_worker_3mode_seed1_10_n10_artifacts_20260828/seed2_run10_adaptive.attempt1.performance.csv,0,291,,
seed2,10,full,60,3,,strict-burst,direct,True,True,,,,,,,,,,,,,0,0,0,0,0,2,2,0,0,0,0,0,0,0,0,0,0,4,10,0,3,0,1,2,0,1,4,3.005175828933716,0.751293957233429,1.0148954391479492,,,,,,,,,,,,,,,,,,,,,,,,,,,,,,,54.31,5,5,0,0.439,True,241490,0,0.556,0.356,,,,,,,0,static_pcd,0,0,0,,,,,,,,,,,,,,,../../tmp/counterbalanced_map_worker_3mode_seed1_10_n10_artifacts_20260828/seed2_run10_full.json,5430,4500,1.101,-1.011,1.599,-24.534,24.025,-25.47,24.084,219.864,7.0,7.002642,7.002642,6.999834,7.0,0.01,True,0,0,0,,,,,,1.476,,,,,,,0,,,,,,,,,,,,,,,,,,,,,,,,,,,,,,,,,,,,,,,,,,,,,,,,,,,,,,,,,,,,,,,,,,,,,,,,,,,,,,,,,,,,,,,,,,,,,,,,,,,,,,,,,,,,,,,,,,,,,,,,,,,,,,,,,,,,,,,,,,,,,,,,,,,,,,,,,,,,,,,,,,,,,,,,,,,,,,,,,,,,,,,,,,,,,,,,,,,,,,,,,,,,,,,,,,,,,,,,,,,,,,,,,,,15967.600867678959,461,8.48830786227214,135537.91198674278,510963.2321041215,235554050.0,4.136288853074454,34.69770576321119,32.0,32.30261323210412,20.601753145336225,11.69902568329718,1.4727635292841648,,124.06447543743677,,25.734563010990694,1,0,True,,0,3189.60546875,3166.5166015625,0.0,4801.8828125,2044.5078125,8845.03515625,703.24609375,0.0,0.0,../../tmp/counterbalanced_map_worker_3mode_seed1_10_n10_artifacts_20260828/seed2_run10_full.attempt1.memory.csv,True,True,../../tmp/counterbalanced_map_worker_3mode_seed1_10_n10_artifacts_20260828/seed2_run10_full.attempt1.performance.csv,5,466,,
seed3,1,adaptive,61,1,,strict-burst,cpp,True,True,,,,,,,,,,,,,0,22,22,22,0,4,4,0,0,0,0,0,0,0,0,0,0,22,33,0,1,0,11,7,0,16,22,32.201866149902344,1.4637211886319248,13.112894773483276,,,,,,,,,,,,,,,,,,,,,,,,,,,,,,,70.64,5,5,0,0.418,True,444850,0,0.466,0.266,,,,,,,0,static_pcd,0,0,0,,,,,,,,,,,,,,,../../tmp/counterbalanced_map_worker_3mode_seed1_10_n10_artifacts_20260828/seed3_run1_adaptive.json,7062,5937,1.477,-0.206,1.927,-23.975,24.025,-26.797,24.896,228.749,7.0,7.002099,7.002099,6.999996,7.0,0.01,True,0,0,0,,,,,,0.938,1787893431.536365,2.521,2.806,1787893475.669107,-17.84,-23.019,0,,,,,,,,,,,,,,,,,,,,,,,,,,,,,,,,,,,,,,,,,,,,,,,,,,,,,,,,,,,,,,,,,,,,,,,,,,60,True,0.6,1.2,1.5,2,1.5,440,440,0,304,136,5,/rog_map/commit_version,0.12,0.1,0.25,0,True,/rog_map/cloud_process_ack,/sector/full_refresh_request,293,293,30,68,68,False,0,1,68,0,0,0,68,False,90,90,0,293,0,293,1787893501962557657,293,0,0.345259,0.563046,0.048067,0.086676,0.163494,0.748636,6000,1487872,909521,69.091,9747720,5712422,58.603,True,21.364,False,83.636,85.686,False,0.6,1.4,1.5,0.2,3,2.898079,1,0,0,1787893486.41,1787893486.41,1787893487.01,,,,,,10,0.930092,0,True,True,False,0.6,1.4,3,15,False,24,24,4,4,17.045,392,224,8,1787893431.54,1787893431.54,/planning/trajectory_guard_recovery_active,2.5,0,0,False,False,45,22,4,4,22,False,1,22,22,0,0,0,0.048458,0.069787,False,0,79.545,195,155,146,105,44.318,35.227,1787893432.03,,,,,,,,,,,,,,,,,,,,,,,19465.463917525773,291,4.119479048697622,80187.57078142696,485048.3505154639,141149070.0,1.9055810142076435,15.985172140430352,23.711340206185568,31.71186587628866,19.45331006872852,12.256635051546393,2.370262326460481,58.603,85.01861557618854,2.9172281485589124,26.191584490687934,1,0,True,,0,3193.34375,3169.267578125,0.0,4724.3125,2044.48828125,8934.56640625,703.24609375,0.0,0.0,../../tmp/counterbalanced_map_worker_3mode_seed1_10_n10_artifacts_20260828/seed3_run1_adaptive.attempt1.memory.csv,True,True,../../tmp/counterbalanced_map_worker_3mode_seed1_10_n10_artifacts_20260828/seed3_run1_adaptive.attempt1.performance.csv,2,293,,
seed3,1,full,62,2,,strict-burst,direct,True,True,,,,,,,,,,,,,0,0,0,0,0,1,1,0,0,0,0,0,0,0,0,0,0,11,25,0,0,0,5,6,0,10,11,7.7662506103515625,0.7060227827592329,1.1366939544677734,,,,,,,,,,,,,,,,,,,,,,,,,,,,,,,59.9,5,5,0,0.4,True,444850,0,0.499,0.299,,,,,,,0,static_pcd,0,0,0,,,,,,,,,,,,,,,../../tmp/counterbalanced_map_worker_3mode_seed1_10_n10_artifacts_20260828/seed3_run1_full.json,5988,5159,0.896,-1.2,2.033,-24.029,24.025,-25.127,26.716,223.129,7.0,7.000598,7.000598,6.999818,7.0,0.01,True,0,0,0,,,,,,0.73,,,,,,,0,,,,,,,,,,,,,,,,,,,,,,,,,,,,,,,,,,,,,,,,,,,,,,,,,,,,,,,,,,,,,,,,,,,,,,,,,,,,,,,,,,,,,,,,,,,,,,,,,,,,,,,,,,,,,,,,,,,,,,,,,,,,,,,,,,,,,,,,,,,,,,,,,,,,,,,,,,,,,,,,,,,,,,,,,,,,,,,,,,,,,,,,,,,,,,,,,,,,,,,,,,,,,,,,,,,,,,,,,,,,,,,,,,,23295.867684478373,393,6.56093489148581,152842.67111853088,745467.7302798983,292968818.0,4.664387933797948,39.12772193656094,32.0,37.6115748091603,24.062602798982187,13.54704669211196,2.1235274147582697,,111.3305116623916,,,1,0,True,,0,3195.11328125,3172.1689453125,0.0,4771.46875,2044.48828125,8803.37890625,703.24609375,0.0,0.0,../../tmp/counterbalanced_map_worker_3mode_seed1_10_n10_artifacts_20260828/seed3_run1_full.attempt1.memory.csv,True,True,../../tmp/counterbalanced_map_worker_3mode_seed1_10_n10_artifacts_20260828/seed3_run1_full.attempt1.performance.csv,4,397,,
seed3,1,sector,63,3,,strict-burst,cpp,True,True,,,,,,,,,,,,,0,0,0,0,0,2,4,0,0,0,0,0,0,0,0,0,0,11,36,0,1,0,3,8,0,8,11,8.021355390548706,0.7292141264135187,1.5065796375274658,,,,,,,,,,,,,,,,,,,,,,,,,,,,,,,61.4,5,5,0,0.418,True,444850,0,0.47,0.27,,,,,,,0,static_pcd,0,0,0,,,,,,,,,,,,,,,../../tmp/counterbalanced_map_worker_3mode_seed1_10_n10_artifacts_20260828/seed3_run1_sector.json,6138,4872,0.725,-1.268,1.606,-23.98,24.025,-25.194,24.371,225.353,7.0,7.001187,7.001187,7.00033,7.0,0.01,True,0,0,0,,,,,,0.0,,,,,,,0,,,,,,,,,,,,,,,,,,,,,,,,,,,,,,,,,,,,,,,,,,,,,,,,,,,,,,,,,,,,,,,,,,,,,,,,,,60,True,0.6,1.2,1.5,2,0.2,406,406,0,406,0,0,/rog_map/commit_version,0.12,0.1,0,0,False,/rog_map/cloud_process_ack,/sector/full_refresh_request,0,0,0,0,0,False,0,0,0,0,0,0,0,False,0,0,0,0,0,0,0,0,0,0,0,0,0,0,0,6000,0,0,100,9140593,4210283,46.061,False,0,False,0,0,False,0,0,1.5,0,1.5,1.5,0,0,0,,,,,,,,,0,0,,False,False,False,0,0,5,15,False,0,0,0,0,0,0,0,0,,,/planning/trajectory_guard_recovery_active,2.5,0,0,False,False,0,0,0,0,0,False,0,0,0,0,0,0,0,0,False,0,0,0,0,0,0,0,0,,,,,,,,,,,,,,,,,,,,,,,,10808.24409448819,381,6.205211726384365,67067.44299674267,216164.88188976378,82358820.0,1.279209957060674,10.730790879478826,20.0,13.22829160104987,8.4614943832021,4.7652179790026254,1.138376154855643,46.061,94.85097249272272,2.526608822833821,25.291592791915992,1,0,True,,0,3178.45703125,3154.224609375,0.0,4743.90625,2044.48828125,8842.5078125,703.24609375,0.0,0.0,../../tmp/counterbalanced_map_worker_3mode_seed1_10_n10_artifacts_20260828/seed3_run1_sector.attempt1.memory.csv,True,True,../../tmp/counterbalanced_map_worker_3mode_seed1_10_n10_artifacts_20260828/seed3_run1_sector.attempt1.performance.csv,0,381,,
seed3,2,full,64,1,,strict-burst,direct,True,True,,,,,,,,,,,,,0,0,0,0,0,4,4,0,0,0,0,0,0,0,0,0,0,30,50,0,0,0,17,11,0,25,30,30.352840900421143,1.0117613633473714,2.98276686668396,,,,,,,,,,,,,,,,,,,,,,,,,,,,,,,73.63,5,5,0,0.428,True,444850,0,0.503,0.303,,,,,,,0,static_pcd,0,0,0,,,,,,,,,,,,,,,../../tmp/counterbalanced_map_worker_3mode_seed1_10_n10_artifacts_20260828/seed3_run2_full.json,7361,6496,0.701,-1.255,1.491,-26.777,24.025,-24.145,25.341,225.04,7.001,7.00106,7.00106,7.000905,7.0,0.01,True,0,0,0,,,,,,1.0,,,,,,,0,,,,,,,,,,,,,,,,,,,,,,,,,,,,,,,,,,,,,,,,,,,,,,,,,,,,,,,,,,,,,,,,,,,,,,,,,,,,,,,,,,,,,,,,,,,,,,,,,,,,,,,,,,,,,,,,,,,,,,,,,,,,,,,,,,,,,,,,,,,,,,,,,,,,,,,,,,,,,,,,,,,,,,,,,,,,,,,,,,,,,,,,,,,,,,,,,,,,,,,,,,,,,,,,,,,,,,,,,,,,,,,,,,,22173.901333333335,375,5.093032731223686,112932.40526959121,709564.8746666666,266086828.0,3.4464236560859356,28.91069705283173,32.0,34.61057706666667,21.892210133333332,12.716622533333332,1.9538927973333335,,81.14499155717105,,27.04945912618688,1,0,True,,0,3192.3984375,3169.6064453125,0.0,4746.52734375,2044.48046875,8831.15234375,703.24609375,0.0,0.0,../../tmp/counterbalanced_map_worker_3mode_seed1_10_n10_artifacts_20260828/seed3_run2_full.attempt1.memory.csv,True,True,../../tmp/counterbalanced_map_worker_3mode_seed1_10_n10_artifacts_20260828/seed3_run2_full.attempt1.performance.csv,4,379,,
seed3,2,sector,65,2,,strict-burst,cpp,True,True,,,,,,,,,,,,,0,0,0,0,0,0,0,0,0,0,0,0,0,0,0,0,0,19,31,0,0,0,12,7,0,18,19,15.800440073013306,0.8316021091059634,1.2877771854400635,,,,,,,,,,,,,,,,,,,,,,,,,,,,,,,64.44,5,5,0,0.387,True,444850,0,0.507,0.307,,,,,,,0,static_pcd,0,0,0,,,,,,,,,,,,,,,../../tmp/counterbalanced_map_worker_3mode_seed1_10_n10_artifacts_20260828/seed3_run2_sector.json,6442,5052,0.596,-1.314,1.472,-24.201,24.025,-25.197,24.176,223.799,7.0,7.00143,7.00143,7.000005,7.0,0.01,True,0,0,0,,,,,,0.0,,,,,,,0,,,,,,,,,,,,,,,,,,,,,,,,,,,,,,,,,,,,,,,,,,,,,,,,,,,,,,,,,,,,,,,,,,,,,,,,,,60,True,0.6,1.2,1.5,2,0.2,389,389,0,389,0,0,/rog_map/commit_version,0.12,0.1,0,0,False,/rog_map/cloud_process_ack,/sector/full_refresh_request,0,0,0,0,0,False,0,0,0,0,0,0,0,False,0,0,0,0,0,0,0,0,0,0,0,0,0,0,0,6000,0,0,100,8433706,3654497,43.332,False,0,False,0,0,False,0,0,1.5,0,1.5,1.5,0,0,0,,,,,,,,,0,0,,False,False,False,0,0,5,15,False,0,0,0,0,0,0,0,0,,,/planning/trajectory_guard_recovery_active,2.5,0,0,False,False,0,0,0,0,0,False,0,0,0,0,0,0,0,0,False,0,0,0,0,0,0,0,0,,,,,,,,,,,,,,,,,,,,,,,,9802.986225895316,363,5.633147113594041,55221.663563004346,196059.72451790635,71169680.0,1.0532696449852819,8.835466170080695,20.0,13.998401212121212,8.99146170798898,5.005264876033057,1.184163214876033,43.332,83.6062384090411,2.5911025268555408,26.960068898006963,1,0,True,,0,3177.4765625,3153.4208984375,0.0,4584.66015625,2044.47265625,8839.59375,703.24609375,0.0,0.0,../../tmp/counterbalanced_map_worker_3mode_seed1_10_n10_artifacts_20260828/seed3_run2_sector.attempt1.memory.csv,True,True,../../tmp/counterbalanced_map_worker_3mode_seed1_10_n10_artifacts_20260828/seed3_run2_sector.attempt1.performance.csv,0,363,,
seed3,2,adaptive,66,3,,strict-burst,cpp,True,True,,,,,,,,,,,,,0,15,15,15,0,3,3,0,0,0,0,0,0,0,0,0,0,15,42,0,3,0,5,9,0,12,15,11.832908153533936,0.788860543568929,1.6316704750061035,,,,,,,,,,,,,,,,,,,,,,,,,,,,,,,63.26,5,5,0,0.433,True,444850,0,0.528,0.328,,,,,,,0,static_pcd,0,0,0,,,,,,,,,,,,,,,../../tmp/counterbalanced_map_worker_3mode_seed1_10_n10_artifacts_20260828/seed3_run2_adaptive.json,6324,5211,1.463,-0.322,1.199,-24.67,24.152,-24.858,24.181,225.663,7.0,7.001383,7.001383,7.000255,7.0,0.01,True,0,0,0,,,,,,0.0,1787893811.604942,3.136,3.531,1787893823.797256,23.845,23.679,0,,,,,,,,,,,,,,,,,,,,,,,,,,,,,,,,,,,,,,,,,,,,,,,,,,,,,,,,,,,,,,,,,,,,,,,,,,60,True,0.6,1.2,1.5,2,1.5,413,413,0,279,134,5,/rog_map/commit_version,0.12,0.1,0.25,0,True,/rog_map/cloud_process_ack,/sector/full_refresh_request,267,267,28,59,59,False,0,1,59,0,0,0,59,False,74,74,0,267,0,267,1787893874397774549,267,0,0.326009,0.755444,0.05326,0.08943,0.1603,0.946857,6000,956360,602843,67.554,8761166,4799569,54.782,True,60.533,False,58.354,61.747,False,0.6,1.4,1.5,0.2,3,2.900051,1,0,0,1787893832.84,1787893832.84,1787893833.27,,,,,,31,0.589992,0,True,True,False,0.6,1.4,3,15,False,24,24,15,15,20.581,386,245,10,1787893811.6,1787893811.6,/planning/trajectory_guard_recovery_active,2.5,0,0,False,False,31,15,6,6,15,False,1,15,15,0,0,0,0.049712,0.076054,False,0,48.184,56,143,43,105,13.559,34.625,1787893811.97,,,,,,,,,,,,,,,,,,,,,,,17809.992509363296,267,4.220676572873854,75170.21814732849,443904.7715355805,118522574.0,1.786783666426797,14.988627758457161,23.325842696629213,30.704380411985017,17.462797490636703,13.239705992509364,2.4884199775280895,54.782,97.04267741630018,2.7677531980681067,25.16148108219736,1,0,True,,0,3191.1796875,3166.96484375,0.0,4769.08984375,2044.45703125,8765.04296875,703.24609375,0.0,0.0,../../tmp/counterbalanced_map_worker_3mode_seed1_10_n10_artifacts_20260828/seed3_run2_adaptive.attempt1.memory.csv,True,True,../../tmp/counterbalanced_map_worker_3mode_seed1_10_n10_artifacts_20260828/seed3_run2_adaptive.attempt1.performance.csv,0,267,,
seed3,3,sector,67,1,,strict-burst,cpp,True,True,,,,,,,,,,,,,0,0,0,0,0,1,1,0,0,0,0,0,0,0,0,0,0,6,10,0,1,0,4,2,0,6,6,5.3492350578308105,0.8915391763051351,1.2033329010009766,,,,,,,,,,,,,,,,,,,,,,,,,,,,,,,56.38,5,5,0,0.417,True,444850,0,0.467,0.267,,,,,,,0,static_pcd,0,0,0,,,,,,,,,,,,,,,../../tmp/counterbalanced_map_worker_3mode_seed1_10_n10_artifacts_20260828/seed3_run3_sector.json,5636,4741,1.408,-0.124,1.727,-23.976,24.025,-23.976,26.345,220.371,7.0,7.004001,7.004001,7.00011,7.0,0.01,True,0,0,0,,,,,,1.414,,,,,,,0,,,,,,,,,,,,,,,,,,,,,,,,,,,,,,,,,,,,,,,,,,,,,,,,,,,,,,,,,,,,,,,,,,,,,,,,,,60,True,0.6,1.2,1.5,2,0.2,403,403,0,403,0,0,/rog_map/commit_version,0.12,0.1,0,0,False,/rog_map/cloud_process_ack,/sector/full_refresh_request,0,0,0,0,0,False,0,0,0,0,0,0,0,False,0,0,0,0,0,0,0,0,0,0,0,0,0,0,0,6000,0,0,100,8784401,3819661,43.482,False,0,False,0,0,False,0,0,1.5,0,1.5,1.5,0,0,0,,,,,,,,,0,0,,False,False,False,0,0,5,15,False,0,0,0,0,0,0,0,0,,,/planning/trajectory_guard_recovery_active,2.5,0,0,False,False,0,0,0,0,0,False,0,0,0,0,0,0,0,0,False,0,0,0,0,0,0,0,0,,,,,,,,,,,,,,,,,,,,,,,,9877.050397877983,377,6.686768357573607,66045.54806669032,197541.0079575597,74472960.0,1.2597188580835401,10.56728769067045,20.0,13.593291405835544,8.816730344827587,4.775012679045093,1.1346325198938991,43.482,97.17194729324828,2.5910803899118426,23.71267407479703,1,0,True,,0,3176.25390625,3151.8125,0.0,4807.83984375,2044.44921875,8753.56640625,703.2421875,0.0,0.0,../../tmp/counterbalanced_map_worker_3mode_seed1_10_n10_artifacts_20260828/seed3_run3_sector.attempt1.memory.csv,True,True,../../tmp/counterbalanced_map_worker_3mode_seed1_10_n10_artifacts_20260828/seed3_run3_sector.attempt1.performance.csv,1,378,,
seed3,3,adaptive,68,2,,strict-burst,cpp,True,True,,,,,,,,,,,,,0,13,13,13,0,3,3,0,0,0,0,0,0,0,0,0,0,13,31,0,1,0,6,7,0,10,13,10.739893674850464,0.8261456672961895,1.2041962146759033,,,,,,,,,,,,,,,,,,,,,,,,,,,,,,,62.22,5,5,0,0.452,True,444850,0,0.508,0.308,,,,,,,0,static_pcd,0,0,0,,,,,,,,,,,,,,,../../tmp/counterbalanced_map_worker_3mode_seed1_10_n10_artifacts_20260828/seed3_run3_adaptive.json,6220,5135,0.857,-1.198,1.273,-24.172,24.025,-23.975,26.376,221.861,7.0,7.00329,7.00329,6.999632,7.0,0.01,True,0,0,0,,,,,,0.995,1787893951.675288,2.879,3.225,1787893955.527195,12.144,12.694,0,,,,,,,,,,,,,,,,,,,,,,,,,,,,,,,,,,,,,,,,,,,,,,,,,,,,,,,,,,,,,,,,,,,,,,,,,,60,True,0.6,1.2,1.5,2,1.5,452,452,0,302,150,5,/rog_map/commit_version,0.12,0.1,0.25,0,True,/rog_map/cloud_process_ack,/sector/full_refresh_request,291,291,37,53,53,False,0,1,53,0,0,0,53,False,66,66,0,291,0,291,1787894013625364649,291,0,0.348393,0.490379,0.049851,0.07279,0.143208,0.65826,6000,1292857,785656,66.814,9971621,5273917,52.889,True,54.646,True,66.372,68.895,False,0.6,1.4,1.5,0.2,3,2.899471,1,0,0,1787893977.33,1787893977.33,1787893977.59,,,,,,28,0.939956,0,True,True,False,0.6,1.4,3,15,False,25,25,19,18,20.796,395,263,11,1787893951.67,1787893951.67,/planning/trajectory_guard_recovery_active,2.5,0,0,False,True,27,13,9,8,13,False,1,13,13,0,0,0,0.05068,0.083782,False,0,55.088,80,169,55,119,17.699,37.389,1787893952.1,,,,,,,,,,,,,,,,,,,,,,,18095.159722222223,288,4.628736740597879,83757.7306332369,433445.09722222225,124832188.0,1.9133598771519846,16.050425972356155,22.75,30.1057365625,17.21303909722222,12.890918854166667,2.354531513888889,52.889,97.78361275265524,2.8662631385705084,25.10190880171574,1,0,True,,0,3190.4296875,3166.19921875,0.0,4780.109375,2044.44921875,8766.36328125,703.2421875,0.0,0.0,../../tmp/counterbalanced_map_worker_3mode_seed1_10_n10_artifacts_20260828/seed3_run3_adaptive.attempt1.memory.csv,True,True,../../tmp/counterbalanced_map_worker_3mode_seed1_10_n10_artifacts_20260828/seed3_run3_adaptive.attempt1.performance.csv,2,290,,
seed3,3,full,69,3,,strict-burst,direct,True,True,,,,,,,,,,,,,0,0,0,0,0,4,8,0,0,0,0,0,0,0,0,0,0,19,25,0,2,0,12,6,0,15,18,19.403828859329224,1.0779904921849568,2.49120831489563,,,,,,,,,,,,,,,,,,,,,,,,,,,,,,,69.45,5,5,0,0.412,True,444850,0,0.491,0.291,,,,,,,0,static_pcd,0,0,0,,,,,,,,,,,,,,,../../tmp/counterbalanced_map_worker_3mode_seed1_10_n10_artifacts_20260828/seed3_run3_full.json,6943,5851,0.626,-1.336,1.874,-24.0,24.025,-27.678,25.306,225.033,7.001,7.002637,7.002637,7.000807,7.0,0.01,True,0,0,0,,,,,,1.059,,,,,,,0,,,,,,,,,,,,,,,,,,,,,,,,,,,,,,,,,,,,,,,,,,,,,,,,,,,,,,,,,,,,,,,,,,,,,,,,,,,,,,,,,,,,,,,,,,,,,,,,,,,,,,,,,,,,,,,,,,,,,,,,,,,,,,,,,,,,,,,,,,,,,,,,,,,,,,,,,,,,,,,,,,,,,,,,,,,,,,,,,,,,,,,,,,,,,,,,,,,,,,,,,,,,,,,,,,,,,,,,,,,,,,,,,,,22857.009523809524,420,6.047516198704104,138228.13534917205,731424.4190476191,307198256.0,4.21838857871839,35.386408178545715,32.0,35.47239738095239,22.604723571428572,12.8658545,1.9352165190476192,,96.17392617264429,,23.429033678191765,1,0,True,,0,3202.99609375,3179.806640625,0.0,4747.5546875,2044.44921875,8762.046875,703.2421875,0.0,0.0,../../tmp/counterbalanced_map_worker_3mode_seed1_10_n10_artifacts_20260828/seed3_run3_full.attempt1.memory.csv,True,True,../../tmp/counterbalanced_map_worker_3mode_seed1_10_n10_artifacts_20260828/seed3_run3_full.attempt1.performance.csv,5,425,,
seed3,4,adaptive,70,1,,strict-burst,cpp,True,True,,,,,,,,,,,,,0,7,7,7,0,1,6,0,0,0,0,0,0,0,0,0,0,7,22,0,0,0,2,5,0,5,7,8.570125102996826,1.2243035861424036,3.5072946548461914,,,,,,,,,,,,,,,,,,,,,,,,,,,,,,,62.53,5,5,0,0.4,True,444850,0,0.459,0.259,,,,,,,0,static_pcd,0,0,0,,,,,,,,,,,,,,,../../tmp/counterbalanced_map_worker_3mode_seed1_10_n10_artifacts_20260828/seed3_run4_adaptive.json,6251,5341,0.658,-1.341,1.996,-26.643,24.025,-25.278,24.272,224.603,7.0,7.002964,7.002963,7.000062,7.0,0.01,True,0,0,0,,,,,,1.236,1787894103.011882,2.699,3.014,1787894103.69692,4.55,5.15,0,,,,,,,,,,,,,,,,,,,,,,,,,,,,,,,,,,,,,,,,,,,,,,,,,,,,,,,,,,,,,,,,,,,,,,,,,,60,True,0.6,1.2,1.5,2,1.5,479,479,0,309,170,5,/rog_map/commit_version,0.12,0.1,0.25,0,True,/rog_map/cloud_process_ack,/sector/full_refresh_request,298,298,30,48,48,False,0,1,48,0,0,0,48,False,55,55,0,298,0,298,1787894165993400807,298,0,0.346737,0.483689,0.048854,0.079529,0.144861,0.666027,6000,1015693,626595,64.509,10594646,5228066,49.346,False,0,False,45.72,48.631,False,0.6,1.4,1.5,0.2,3,2.899657,0,0,0,,,,,,,,,0,0,,True,True,False,0.6,1.4,3,15,False,24,24,23,23,22.756,453,249,9,1787894103.01,1787894103.01,/planning/trajectory_guard_recovery_active,2.5,0,0,False,False,15,7,4,4,7,False,1,7,7,0,0,0,0.043732,0.057758,False,0,27.766,53,80,37,48,11.065,16.701,1787894108.66,,,,,,,,,,,,,,,,,,,,,,,17500.317567567567,296,4.733727810650888,82841.73996481688,407126.1824324324,120509350.0,1.8379445383305857,15.417796257796258,22.22972972972973,25.693046250000002,15.619569560810811,10.071620236486487,2.1432684256756755,49.346,95.85544663918935,2.9874121123776725,24.890596514169054,1,0,True,,0,3189.7890625,3165.5390625,0.0,4732.7265625,2044.43359375,8787.078125,703.2421875,0.0,0.0,../../tmp/counterbalanced_map_worker_3mode_seed1_10_n10_artifacts_20260828/seed3_run4_adaptive.attempt1.memory.csv,True,True,../../tmp/counterbalanced_map_worker_3mode_seed1_10_n10_artifacts_20260828/seed3_run4_adaptive.attempt1.performance.csv,2,298,,
seed3,4,full,71,2,,strict-burst,direct,True,True,,,,,,,,,,,,,0,0,0,0,0,3,3,0,0,0,0,0,0,0,0,0,0,24,57,0,1,0,10,12,0,21,24,19.757317781448364,0.8232215742270151,1.8621652126312256,,,,,,,,,,,,,,,,,,,,,,,,,,,,,,,69.27,5,5,0,0.397,True,444850,0,0.499,0.299,,,,,,,0,static_pcd,0,0,0,,,,,,,,,,,,,,,../../tmp/counterbalanced_map_worker_3mode_seed1_10_n10_artifacts_20260828/seed3_run4_full.json,6925,5685,1.335,-0.653,1.08,-23.975,24.025,-24.735,27.118,220.526,7.001,7.001362,7.001362,7.000829,7.0,0.01,True,0,0,0,,,,,,1.486,,,,,,,0,,,,,,,,,,,,,,,,,,,,,,,,,,,,,,,,,,,,,,,,,,,,,,,,,,,,,,,,,,,,,,,,,,,,,,,,,,,,,,,,,,,,,,,,,,,,,,,,,,,,,,,,,,,,,,,,,,,,,,,,,,,,,,,,,,,,,,,,,,,,,,,,,,,,,,,,,,,,,,,,,,,,,,,,,,,,,,,,,,,,,,,,,,,,,,,,,,,,,,,,,,,,,,,,,,,,,,,,,,,,,,,,,,,22033.916897506926,361,5.211491266060344,114829.56546845677,705085.324099723,254535802.0,3.504320152638467,29.396368066984266,32.0,38.58056371191135,22.804629362880885,15.774156371191134,2.129108709141274,,94.8015415916086,,24.39966587491178,1,0,True,,0,3193.99609375,3170.908203125,0.0,4759.93359375,2044.08984375,8756.69921875,703.2421875,0.0,0.0,../../tmp/counterbalanced_map_worker_3mode_seed1_10_n10_artifacts_20260828/seed3_run4_full.attempt1.memory.csv,True,True,../../tmp/counterbalanced_map_worker_3mode_seed1_10_n10_artifacts_20260828/seed3_run4_full.attempt1.performance.csv,4,365,,
seed3,4,sector,72,3,,strict-burst,cpp,True,True,,,,,,,,,,,,,0,0,0,0,0,3,3,0,0,0,0,0,0,0,0,0,0,20,34,0,0,0,8,8,0,15,20,16.50623321533203,0.8253116607666016,1.251371145248413,,,,,,,,,,,,,,,,,,,,,,,,,,,,,,,69.09,5,5,0,0.338,True,444850,0,0.454,0.254,,,,,,,0,static_pcd,0,0,0,,,,,,,,,,,,,,,../../tmp/counterbalanced_map_worker_3mode_seed1_10_n10_artifacts_20260828/seed3_run4_sector.json,6907,5740,0.738,-1.296,1.794,-25.097,24.086,-24.13,26.125,225.272,7.0,7.000518,7.000518,6.999967,7.0,0.01,True,0,0,0,,,,,,0.0,,,,,,,0,,,,,,,,,,,,,,,,,,,,,,,,,,,,,,,,,,,,,,,,,,,,,,,,,,,,,,,,,,,,,,,,,,,,,,,,,,60,True,0.6,1.2,1.5,2,0.2,399,399,0,399,0,0,/rog_map/commit_version,0.12,0.1,0,0,False,/rog_map/cloud_process_ack,/sector/full_refresh_request,0,0,0,0,0,False,0,0,0,0,0,0,0,False,0,0,0,0,0,0,0,0,0,0,0,0,0,0,0,6000,0,0,100,8770278,3962300,45.179,False,0,False,0,0,False,0,0,1.5,0,1.5,1.5,0,0,0,,,,,,,,,0,0,,False,False,False,0,0,5,15,False,0,0,0,0,0,0,0,0,,,/planning/trajectory_guard_recovery_active,2.5,0,0,False,False,0,0,0,0,0,False,0,0,0,0,0,0,0,0,False,0,0,0,0,0,0,0,0,,,,,,,,,,,,,,,,,,,,,,,,10347.48128342246,374,5.413229121435808,56013.28701693443,206949.6256684492,77399160.0,1.0683686641108405,8.96212592270951,20.0,13.189282780748664,8.491739465240641,4.695885668449198,1.1063483556149734,45.179,83.37628517758178,2.5871725914480077,25.637655987429277,1,0,True,,0,3179.78515625,3155.6708984375,0.0,4781.51171875,2044.07421875,8739.42578125,703.23046875,0.0,0.0,../../tmp/counterbalanced_map_worker_3mode_seed1_10_n10_artifacts_20260828/seed3_run4_sector.attempt1.memory.csv,True,True,../../tmp/counterbalanced_map_worker_3mode_seed1_10_n10_artifacts_20260828/seed3_run4_sector.attempt1.performance.csv,0,374,,
seed3,5,full,73,1,,strict-burst,direct,True,True,,,,,,,,,,,,,0,0,0,0,0,3,3,0,0,0,0,0,0,0,0,0,0,18,26,0,1,0,12,6,0,16,18,15.95874547958374,0.8865969710879855,1.8302347660064697,,,,,,,,,,,,,,,,,,,,,,,,,,,,,,,66.24,5,5,0,0.403,True,444850,0,0.484,0.284,,,,,,,0,static_pcd,0,0,0,,,,,,,,,,,,,,,../../tmp/counterbalanced_map_worker_3mode_seed1_10_n10_artifacts_20260828/seed3_run5_full.json,6622,5601,0.883,-1.205,1.826,-24.037,24.025,-23.975,24.492,222.1,7.0,7.001526,7.001526,7.000481,7.0,0.01,True,0,0,0,,,,,,1.18,,,,,,,0,,,,,,,,,,,,,,,,,,,,,,,,,,,,,,,,,,,,,,,,,,,,,,,,,,,,,,,,,,,,,,,,,,,,,,,,,,,,,,,,,,,,,,,,,,,,,,,,,,,,,,,,,,,,,,,,,,,,,,,,,,,,,,,,,,,,,,,,,,,,,,,,,,,,,,,,,,,,,,,,,,,,,,,,,,,,,,,,,,,,,,,,,,,,,,,,,,,,,,,,,,,,,,,,,,,,,,,,,,,,,,,,,,,22382.409547738695,398,6.008454106280194,134483.68055555556,716237.1608040201,285062390.0,4.104116544631369,34.42782487922706,32.0,39.81496658291457,24.089050753768845,15.724075854271355,2.060535942211055,,102.69441549083939,,24.87007757279719,1,0,True,,0,3195.81640625,3172.9111328125,0.0,4703.1953125,2044.0703125,8759.95703125,703.23046875,0.0,0.0,../../tmp/counterbalanced_map_worker_3mode_seed1_10_n10_artifacts_20260828/seed3_run5_full.attempt1.memory.csv,True,True,../../tmp/counterbalanced_map_worker_3mode_seed1_10_n10_artifacts_20260828/seed3_run5_full.attempt1.performance.csv,4,402,,
seed3,5,sector,74,2,,strict-burst,cpp,True,True,,,,,,,,,,,,,0,0,0,0,0,1,1,0,0,0,0,0,0,0,0,0,0,10,25,0,1,0,4,6,0,9,10,8.645751237869263,0.8645751237869262,2.10982084274292,,,,,,,,,,,,,,,,,,,,,,,,,,,,,,,61.53,5,5,0,0.404,True,444850,0,0.472,0.272,,,,,,,0,static_pcd,0,0,0,,,,,,,,,,,,,,,../../tmp/counterbalanced_map_worker_3mode_seed1_10_n10_artifacts_20260828/seed3_run5_sector.json,6151,5245,0.854,-1.209,2.124,-24.311,24.025,-24.22,26.29,221.474,7.0,7.003695,7.003695,6.999603,7.0,0.01,True,0,0,0,,,,,,0.0,,,,,,,0,,,,,,,,,,,,,,,,,,,,,,,,,,,,,,,,,,,,,,,,,,,,,,,,,,,,,,,,,,,,,,,,,,,,,,,,,,60,True,0.6,1.2,1.5,2,0.2,434,434,0,434,0,0,/rog_map/commit_version,0.12,0.1,0,0,False,/rog_map/cloud_process_ack,/sector/full_refresh_request,0,0,0,0,0,False,0,0,0,0,0,0,0,False,0,0,0,0,0,0,0,0,0,0,0,0,0,0,0,6000,0,0,100,9771936,4424056,45.273,False,0,False,0,0,False,0,0,1.5,0,1.5,1.5,0,0,0,,,,,,,,,0,0,,False,False,False,0,0,5,15,False,0,0,0,0,0,0,0,0,,,/planning/trajectory_guard_recovery_active,2.5,0,0,False,False,0,0,0,0,0,False,0,0,0,0,0,0,0,0,False,0,0,0,0,0,0,0,0,,,,,,,,,,,,,,,,,,,,,,,,10574.219512195123,410,6.6634162197302125,70460.42580854868,211484.39024390245,86708600.0,1.343925968333219,11.273668129367787,20.0,13.505205512195122,8.641531707317075,4.861981951219512,1.1577925292682927,45.273,95.59521668279041,2.6424704532993224,24.77615787721309,1,0,True,,0,3177.7421875,3153.412109375,0.0,4714.73046875,2035.37890625,8766.39453125,703.23046875,0.0,0.0,../../tmp/counterbalanced_map_worker_3mode_seed1_10_n10_artifacts_20260828/seed3_run5_sector.attempt1.memory.csv,True,True,../../tmp/counterbalanced_map_worker_3mode_seed1_10_n10_artifacts_20260828/seed3_run5_sector.attempt1.performance.csv,0,410,,
seed3,5,adaptive,75,3,,strict-burst,cpp,True,True,,,,,,,,,,,,,0,22,22,22,0,2,2,0,0,0,0,0,0,0,0,0,0,22,42,0,1,0,10,10,0,19,22,16.496039628982544,0.7498199831355702,1.1923933029174805,,,,,,,,,,,,,,,,,,,,,,,,,,,,,,,63.77,5,5,0,0.336,True,444850,0,0.427,0.227,,,,,,,0,static_pcd,0,0,0,,,,,,,,,,,,,,,../../tmp/counterbalanced_map_worker_3mode_seed1_10_n10_artifacts_20260828/seed3_run5_adaptive.json,6375,5123,1.48,-0.245,1.053,-26.05,24.025,-24.976,26.214,223.931,7.0,7.002417,7.002417,6.999588,7.0,0.01,True,0,0,0,,,,,,0.0,1787894482.485749,3.499,3.932,1787894488.275232,17.716,17.992,0,,,,,,,,,,,,,,,,,,,,,,,,,,,,,,,,,,,,,,,,,,,,,,,,,,,,,,,,,,,,,,,,,,,,,,,,,,60,True,0.6,1.2,1.5,2,1.5,423,423,0,292,131,5,/rog_map/commit_version,0.12,0.1,0.25,0,True,/rog_map/cloud_process_ack,/sector/full_refresh_request,281,281,33,64,64,False,0,1,64,0,0,0,64,False,86,86,0,281,0,281,1787894546176718468,281,1,0.346599,0.651463,0.048716,0.106552,0.158108,0.678973,6000,1146492,721476,69.031,9052144,5182770,57.255,False,0,False,71.395,74.615,False,0.6,1.4,1.5,0.2,3,2.899189,0,0,0,,,,,,,,,0,0,,True,True,False,0.6,1.4,3,15,False,23,23,10,10,18.44,361,212,8,1787894482.49,1787894482.49,/planning/trajectory_guard_recovery_active,2.5,0,0,False,False,45,22,6,6,22,False,1,22,22,0,0,0,0.049938,0.084773,False,0,66.903,123,160,92,114,29.078,37.825,1787894482.75,,,,,,,,,,,,,,,,,,,,,,,18351.675,280,4.390779363336992,80578.1558726674,459400.55,128632154.0,1.9236816925484315,16.13701163556531,23.685714285714287,29.813455785714286,18.007628035714287,11.803915392857142,2.3864845214285713,57.255,86.86547477864804,2.913162246653475,,1,0,True,,0,3188.59765625,3164.2587890625,0.0,4696.67578125,2035.375,8793.859375,703.2265625,0.0,0.0,../../tmp/counterbalanced_map_worker_3mode_seed1_10_n10_artifacts_20260828/seed3_run5_adaptive.attempt1.memory.csv,True,True,../../tmp/counterbalanced_map_worker_3mode_seed1_10_n10_artifacts_20260828/seed3_run5_adaptive.attempt1.performance.csv,1,281,,
seed3,6,sector,76,1,,strict-burst,cpp,True,True,,,,,,,,,,,,,0,0,0,0,0,2,2,0,0,0,0,0,0,0,0,0,0,13,36,0,1,0,5,8,0,9,13,9.623426914215088,0.740263608785776,1.5834250450134277,,,,,,,,,,,,,,,,,,,,,,,,,,,,,,,59.87,5,5,0,0.408,True,444850,0,0.494,0.294,,,,,,,0,static_pcd,0,0,0,,,,,,,,,,,,,,,../../tmp/counterbalanced_map_worker_3mode_seed1_10_n10_artifacts_20260828/seed3_run6_sector.json,5985,5179,0.605,-1.328,1.892,-25.483,24.025,-25.295,26.406,223.021,7.0,7.002164,7.002164,7.000172,7.0,0.01,True,0,0,0,,,,,,1.459,,,,,,,0,,,,,,,,,,,,,,,,,,,,,,,,,,,,,,,,,,,,,,,,,,,,,,,,,,,,,,,,,,,,,,,,,,,,,,,,,,60,True,0.6,1.2,1.5,2,0.2,409,409,0,409,0,0,/rog_map/commit_version,0.12,0.1,0,0,False,/rog_map/cloud_process_ack,/sector/full_refresh_request,0,0,0,0,0,False,0,0,0,0,0,0,0,False,0,0,0,0,0,0,0,0,0,0,0,0,0,0,0,6000,0,0,100,9327779,4312473,46.233,False,0,False,0,0,False,0,0,1.5,0,1.5,1.5,0,0,0,,,,,,,,,0,0,,False,False,False,0,0,5,15,False,0,0,0,0,0,0,0,0,,,/planning/trajectory_guard_recovery_active,2.5,0,0,False,False,0,0,0,0,0,False,0,0,0,0,0,0,0,0,False,0,0,0,0,0,0,0,0,,,,,,,,,,,,,,,,,,,,,,,,11009.033942558746,383,6.397193920160348,70426.92500417572,220180.67885117495,84329200.0,1.3432869911990302,11.268308000668114,20.0,13.181832532637076,8.577465117493473,4.602761958224543,1.0860918825065276,46.233,94.78542035717714,2.656039315194363,24.42893567582916,1,0,True,,0,3175.7265625,3151.8388671875,0.0,4722.9609375,2035.36328125,8772.2578125,703.2265625,0.0,0.0,../../tmp/counterbalanced_map_worker_3mode_seed1_10_n10_artifacts_20260828/seed3_run6_sector.attempt1.memory.csv,True,True,../../tmp/counterbalanced_map_worker_3mode_seed1_10_n10_artifacts_20260828/seed3_run6_sector.attempt1.performance.csv,2,385,,
seed3,6,adaptive,77,2,,strict-burst,cpp,True,True,,,,,,,,,,,,,0,23,23,23,0,2,5,0,0,0,0,0,0,0,0,0,0,23,35,0,1,0,15,7,0,20,22,23.125391006469727,1.0511541366577148,2.556159496307373,,,,,,,,,,,,,,,,,,,,,,,,,,,,,,,72.27,5,5,0,0.411,True,444850,0,0.495,0.295,,,,,,,0,static_pcd,0,0,0,,,,,,,,,,,,,,,../../tmp/counterbalanced_map_worker_3mode_seed1_10_n10_artifacts_20260828/seed3_run6_adaptive.json,7225,6022,0.78,-1.248,1.662,-24.368,24.025,-25.636,26.484,225.064,7.0,7.001206,7.001206,6.999982,7.0,0.01,True,0,0,0,,,,,,0.0,1787894626.838082,2.967,3.329,1787894636.773124,23.425,23.473,0,,,,,,,,,,,,,,,,,,,,,,,,,,,,,,,,,,,,,,,,,,,,,,,,,,,,,,,,,,,,,,,,,,,,,,,,,,60,True,0.6,1.2,1.5,2,1.5,425,425,0,290,135,5,/rog_map/commit_version,0.12,0.1,0.25,0,True,/rog_map/cloud_process_ack,/sector/full_refresh_request,278,278,27,65,65,False,0,1,65,0,0,0,65,False,88,88,0,278,0,278,1787894698673611281,278,0,0.35126,0.962924,0.04523,0.092411,0.18006,1.26767,6000,1127566,674773,68.235,9127230,5047239,55.299,True,39.059,True,69.176,71.474,True,0.6,1.4,1.5,0.2,3,2.899221,1,1,0,1787894670.68,1787894670.68,1787894670.9,1787894689.76,1787894690.97,1.209865,,,15,1.209865,0,True,True,False,0.6,1.4,3,15,False,28,28,12,11,20.471,368,231,8,1787894626.84,1787894626.84,/planning/trajectory_guard_recovery_active,2.5,0,0,True,True,46,23,8,7,23,False,1,23,23,0,0,0,0.048945,0.076293,False,0,61.412,122,139,92,99,28.706,32.706,1787894627.25,,,,,,,,,,,,,,,,,,,,,,,17996.179856115108,278,3.8466860384668604,69225.65379825654,453559.86330935254,126089642.0,1.6638778627405395,13.957619150408192,23.798561151079138,28.449452769784173,17.19568514388489,11.251990179856115,2.314132920863309,55.299,80.97550966197043,2.8473042389213323,25.941053825673425,1,0,True,,0,3193.8203125,3169.8525390625,0.0,4692.90625,2035.359375,8794.390625,703.2265625,0.0,0.0,../../tmp/counterbalanced_map_worker_3mode_seed1_10_n10_artifacts_20260828/seed3_run6_adaptive.attempt1.memory.csv,True,True,../../tmp/counterbalanced_map_worker_3mode_seed1_10_n10_artifacts_20260828/seed3_run6_adaptive.attempt1.performance.csv,0,278,,
seed3,6,full,78,3,,strict-burst,direct,True,True,,,,,,,,,,,,,0,0,0,0,0,3,3,0,0,0,0,0,0,0,0,0,0,18,35,0,0,0,8,8,0,13,18,14.71762204170227,0.8176456689834595,1.2927772998809814,,,,,,,,,,,,,,,,,,,,,,,,,,,,,,,67.62,5,5,0,0.403,True,444850,0,0.452,0.252,,,,,,,0,static_pcd,0,0,0,,,,,,,,,,,,,,,../../tmp/counterbalanced_map_worker_3mode_seed1_10_n10_artifacts_20260828/seed3_run6_full.json,6760,5699,0.752,-1.246,1.722,-23.999,24.025,-25.389,26.683,234.512,7.0,7.000889,7.000889,7.00031,7.0,0.01,True,0,0,0,,,,,,0.633,,,,,,,0,,,,,,,,,,,,,,,,,,,,,,,,,,,,,,,,,,,,,,,,,,,,,,,,,,,,,,,,,,,,,,,,,,,,,,,,,,,,,,,,,,,,,,,,,,,,,,,,,,,,,,,,,,,,,,,,,,,,,,,,,,,,,,,,,,,,,,,,,,,,,,,,,,,,,,,,,,,,,,,,,,,,,,,,,,,,,,,,,,,,,,,,,,,,,,,,,,,,,,,,,,,,,,,,,,,,,,,,,,,,,,,,,,,23035.869565217392,414,6.122448979591836,141035.93611357585,737147.8357487923,305179204.0,4.304075255192303,36.1052001183082,32.0,36.93422149758454,23.562109903381643,13.370223961352657,2.019586717391304,,104.93171127489647,,24.728808504134665,1,0,True,,0,3195.52734375,3172.6494140625,0.0,4711.6328125,2035.359375,8772.94140625,703.2265625,0.0,0.0,../../tmp/counterbalanced_map_worker_3mode_seed1_10_n10_artifacts_20260828/seed3_run6_full.attempt1.memory.csv,True,True,../../tmp/counterbalanced_map_worker_3mode_seed1_10_n10_artifacts_20260828/seed3_run6_full.attempt1.performance.csv,4,418,,
seed3,7,adaptive,79,1,,strict-burst,cpp,True,True,,,,,,,,,,,,,0,16,16,16,0,6,10,0,0,0,0,0,0,0,0,0,0,16,35,0,2,0,7,8,0,15,16,16.812095642089844,1.0507559776306152,3.146348476409912,,,,,,,,,,,,,,,,,,,,,,,,,,,,,,,68.65,5,5,0,0.489,True,444850,0,0.54,0.34,,,,,,,0,static_pcd,0,0,0,,,,,,,,,,,,,,,../../tmp/counterbalanced_map_worker_3mode_seed1_10_n10_artifacts_20260828/seed3_run7_adaptive.json,6863,5918,0.517,-1.33,1.834,-24.03,24.025,-24.366,26.374,225.881,7.0,7.002267,7.002267,6.999935,7.0,0.01,True,0,0,0,,,,,,0.0,1787894786.529138,2.834,3.173,1787894794.383401,20.453,18.969,0,,,,,,,,,,,,,,,,,,,,,,,,,,,,,,,,,,,,,,,,,,,,,,,,,,,,,,,,,,,,,,,,,,,,,,,,,,60,True,0.6,1.2,1.5,2,1.5,464,464,0,310,154,5,/rog_map/commit_version,0.12,0.1,0.25,0,True,/rog_map/cloud_process_ack,/sector/full_refresh_request,297,297,37,67,67,False,0,1,67,0,0,0,67,False,83,83,0,297,0,297,1787894854282129282,297,0,0.339657,0.480159,0.047237,0.085125,0.154377,0.932937,6000,1267010,759863,66.81,10724020,5779985,53.898,False,0,False,70.474,73.377,False,0.6,1.4,1.5,0.2,3,2.896935,0,0,0,,,,,,,,,0,0,,True,True,False,0.6,1.4,3,15,False,27,27,13,13,17.241,387,253,9,1787894786.53,1787894786.53,/planning/trajectory_guard_recovery_active,2.5,0,0,False,False,33,16,7,7,16,False,1,16,16,0,0,0,0.049265,0.066436,False,0,64.44,105,194,75,134,22.629,41.81,1787894786.95,,,,,,,,,,,,,,,,,,,,,,,19287.88888888889,297,4.326292789512017,83445.05462490895,468871.3468013468,139254790.0,1.9345042485003043,16.22779781500364,23.353535353535353,28.864008215488216,17.598401313131312,11.263997003367004,2.2661100572390573,53.898,88.56074426622425,2.8679749526827822,,1,0,True,,0,3199.75,3175.6435546875,0.0,4689.69140625,2035.328125,8804.140625,703.2265625,0.0,0.0,../../tmp/counterbalanced_map_worker_3mode_seed1_10_n10_artifacts_20260828/seed3_run7_adaptive.attempt1.memory.csv,True,True,../../tmp/counterbalanced_map_worker_3mode_seed1_10_n10_artifacts_20260828/seed3_run7_adaptive.attempt1.performance.csv,0,297,,
seed3,7,full,80,2,,strict-burst,direct,True,True,,,,,,,,,,,,,0,0,0,0,0,4,4,0,0,0,0,0,0,0,0,0,0,13,39,0,0,0,4,9,0,10,13,9.724841356277466,0.7480647197136512,1.1440014839172363,,,,,,,,,,,,,,,,,,,,,,,,,,,,,,,62.91,5,5,0,0.432,True,444850,0,0.512,0.312,,,,,,,0,static_pcd,0,0,0,,,,,,,,,,,,,,,../../tmp/counterbalanced_map_worker_3mode_seed1_10_n10_artifacts_20260828/seed3_run7_full.json,6289,5553,0.657,-1.345,1.251,-26.429,24.025,-24.169,24.948,226.381,7.0,7.001342,7.001342,6.999649,7.0,0.01,True,0,0,0,,,,,,0.226,,,,,,,0,,,,,,,,,,,,,,,,,,,,,,,,,,,,,,,,,,,,,,,,,,,,,,,,,,,,,,,,,,,,,,,,,,,,,,,,,,,,,,,,,,,,,,,,,,,,,,,,,,,,,,,,,,,,,,,,,,,,,,,,,,,,,,,,,,,,,,,,,,,,,,,,,,,,,,,,,,,,,,,,,,,,,,,,,,,,,,,,,,,,,,,,,,,,,,,,,,,,,,,,,,,,,,,,,,,,,,,,,,,,,,,,,,,23466.0,436,6.930535685900493,162631.95040534096,750911.9770642202,327397622.0,4.963133100522681,41.63377803210936,32.0,37.57619701834863,23.959618348623852,13.614828853211009,1.9583857545871557,,114.12862755945737,,27.4180966079658,1,0,True,,0,3200.4609375,3177.4814453125,0.0,4698.234375,2035.32421875,8783.5859375,703.2265625,0.0,0.0,../../tmp/counterbalanced_map_worker_3mode_seed1_10_n10_artifacts_20260828/seed3_run7_full.attempt1.memory.csv,True,True,../../tmp/counterbalanced_map_worker_3mode_seed1_10_n10_artifacts_20260828/seed3_run7_full.attempt1.performance.csv,3,439,,
seed3,7,sector,81,3,,strict-burst,cpp,True,True,,,,,,,,,,,,,0,0,0,0,0,3,3,0,0,0,0,0,0,0,0,0,0,21,41,0,0,0,11,9,0,17,21,17.6876277923584,0.8422679901123047,1.796083688735962,,,,,,,,,,,,,,,,,,,,,,,,,,,,,,,68.09,5,5,0,0.403,True,444850,0,0.471,0.271,,,,,,,0,static_pcd,0,0,0,,,,,,,,,,,,,,,../../tmp/counterbalanced_map_worker_3mode_seed1_10_n10_artifacts_20260828/seed3_run7_sector.json,6808,5740,1.467,0.078,1.625,-24.077,24.025,-24.141,26.555,226.356,7.0,7.002035,7.002034,6.999956,7.0,0.01,True,0,0,0,,,,,,1.363,,,,,,,0,,,,,,,,,,,,,,,,,,,,,,,,,,,,,,,,,,,,,,,,,,,,,,,,,,,,,,,,,,,,,,,,,,,,,,,,,,60,True,0.6,1.2,1.5,2,0.2,405,405,0,405,0,0,/rog_map/commit_version,0.12,0.1,0,0,False,/rog_map/cloud_process_ack,/sector/full_refresh_request,0,0,0,0,0,False,0,0,0,0,0,0,0,False,0,0,0,0,0,0,0,0,0,0,0,0,0,0,0,6000,0,0,100,9062718,4071219,44.923,False,0,False,0,0,False,0,0,1.5,0,1.5,1.5,0,0,0,,,,,,,,,0,0,,False,False,False,0,0,5,15,False,0,0,0,0,0,0,0,0,,,/planning/trajectory_guard_recovery_active,2.5,0,0,False,False,0,0,0,0,0,False,0,0,0,0,0,0,0,0,False,0,0,0,0,0,0,0,0,,,,,,,,,,,,,,,,,,,,,,,,10488.67018469657,379,5.566162432075195,58381.641944485236,209773.4036939314,79504120.0,1.1135414494416283,9.341062711117639,20.0,13.615000263852243,8.880987150395779,4.732203588390501,1.1130935778364117,44.923,82.90443530377505,2.539196486764151,22.468496727246297,1,0,True,,0,3180.95703125,3156.84375,0.0,4698.56640625,2035.3046875,8767.52734375,703.2109375,0.0,0.0,../../tmp/counterbalanced_map_worker_3mode_seed1_10_n10_artifacts_20260828/seed3_run7_sector.attempt1.memory.csv,True,True,../../tmp/counterbalanced_map_worker_3mode_seed1_10_n10_artifacts_20260828/seed3_run7_sector.attempt1.performance.csv,3,382,,
seed3,8,full,82,1,,strict-burst,direct,True,True,,,,,,,,,,,,,0,0,0,0,0,4,4,0,0,0,0,0,0,0,0,0,0,27,42,0,0,0,16,10,0,26,27,23.262163400650024,0.8615616074314824,1.764026165008545,,,,,,,,,,,,,,,,,,,,,,,,,,,,,,,69.24,5,5,0,0.533,True,444850,0,0.495,0.295,,,,,,,0,static_pcd,0,0,0,,,,,,,,,,,,,,,../../tmp/counterbalanced_map_worker_3mode_seed1_10_n10_artifacts_20260828/seed3_run8_full.json,6922,6106,0.669,-1.323,2.128,-23.975,24.025,-25.526,27.158,221.043,7.0,7.001857,7.001857,6.999942,7.0,0.01,True,0,0,0,,,,,,1.483,,,,,,,0,,,,,,,,,,,,,,,,,,,,,,,,,,,,,,,,,,,,,,,,,,,,,,,,,,,,,,,,,,,,,,,,,,,,,,,,,,,,,,,,,,,,,,,,,,,,,,,,,,,,,,,,,,,,,,,,,,,,,,,,,,,,,,,,,,,,,,,,,,,,,,,,,,,,,,,,,,,,,,,,,,,,,,,,,,,,,,,,,,,,,,,,,,,,,,,,,,,,,,,,,,,,,,,,,,,,,,,,,,,,,,,,,,,21966.85904255319,376,5.430387059503178,119288.54708261121,702939.4308510638,264305226.0,3.6403972519952257,30.537865511265167,32.0,35.32398962765958,22.131789095744683,13.190353670212765,2.003000643617021,,89.0270577678589,,23.325758622371364,1,0,True,,0,3195.52734375,3172.716796875,0.0,4734.0078125,2035.30078125,8755.88671875,703.2109375,0.0,0.0,../../tmp/counterbalanced_map_worker_3mode_seed1_10_n10_artifacts_20260828/seed3_run8_full.attempt1.memory.csv,True,True,../../tmp/counterbalanced_map_worker_3mode_seed1_10_n10_artifacts_20260828/seed3_run8_full.attempt1.performance.csv,5,381,,
seed3,8,sector,83,2,,strict-burst,cpp,True,True,,,,,,,,,,,,,0,0,0,0,0,5,5,0,0,0,0,0,0,0,0,0,0,16,45,0,1,0,6,9,0,12,16,16.101814031600952,1.0063633769750595,2.861598491668701,,,,,,,,,,,,,,,,,,,,,,,,,,,,,,,64.29,5,5,0,0.456,True,444850,0,0.488,0.288,,,,,,,0,static_pcd,0,0,0,,,,,,,,,,,,,,,../../tmp/counterbalanced_map_worker_3mode_seed1_10_n10_artifacts_20260828/seed3_run8_sector.json,6428,5398,0.814,-1.2,1.21,-26.648,24.025,-24.175,24.336,221.599,7.005,7.006565,7.006565,7.004811,7.0,0.01,True,0,0,0,,,,,,1.237,,,,,,,0,,,,,,,,,,,,,,,,,,,,,,,,,,,,,,,,,,,,,,,,,,,,,,,,,,,,,,,,,,,,,,,,,,,,,,,,,,60,True,0.6,1.2,1.5,2,0.2,385,385,0,385,0,0,/rog_map/commit_version,0.12,0.1,0,0,False,/rog_map/cloud_process_ack,/sector/full_refresh_request,0,0,0,0,0,False,0,0,0,0,0,0,0,False,0,0,0,0,0,0,0,0,0,0,0,0,0,0,0,6000,0,0,100,8299878,3759768,45.299,False,0,False,0,0,False,0,0,1.5,0,1.5,1.5,0,0,0,,,,,,,,,0,0,,False,False,False,0,0,5,15,False,0,0,0,0,0,0,0,0,,,/planning/trajectory_guard_recovery_active,2.5,0,0,False,False,0,0,0,0,0,False,0,0,0,0,0,0,0,0,False,0,0,0,0,0,0,0,0,,,,,,,,,,,,,,,,,,,,,,,,10191.100278551532,359,5.584072172966247,56907.83947736817,203822.00557103063,73172100.0,1.0854308982347138,9.105254316378906,20.0,13.741300724233984,8.768693760445682,4.970979052924791,1.1656627604456824,45.299,88.9397502868487,2.486685121251619,24.92152142172112,1,0,True,,0,3178.53125,3154.703125,0.0,4722.96875,2035.296875,8797.84765625,703.2109375,0.0,0.0,../../tmp/counterbalanced_map_worker_3mode_seed1_10_n10_artifacts_20260828/seed3_run8_sector.attempt1.memory.csv,True,True,../../tmp/counterbalanced_map_worker_3mode_seed1_10_n10_artifacts_20260828/seed3_run8_sector.attempt1.performance.csv,1,360,,
seed3,8,adaptive,84,3,,strict-burst,cpp,True,True,,,,,,,,,,,,,0,27,27,27,0,4,4,0,0,0,0,0,0,0,0,0,0,27,69,0,0,0,9,15,0,19,27,23.516791105270386,0.8709922631581625,1.9196650981903076,,,,,,,,,,,,,,,,,,,,,,,,,,,,,,,70.63,5,5,0,0.382,True,444850,0,0.48,0.28,,,,,,,0,static_pcd,0,0,0,,,,,,,,,,,,,,,../../tmp/counterbalanced_map_worker_3mode_seed1_10_n10_artifacts_20260828/seed3_run8_adaptive.json,7058,6158,0.801,-1.243,1.944,-25.37,24.025,-24.09,24.245,224.693,6.999,7.001637,7.001637,6.999476,7.0,0.01,True,0,0,0,,,,,,0.0,1787895170.096385,3.179,3.577,1787895170.773308,4.55,5.15,0,,,,,,,,,,,,,,,,,,,,,,,,,,,,,,,,,,,,,,,,,,,,,,,,,,,,,,,,,,,,,,,,,,,,,,,,,,60,True,0.6,1.2,1.5,2,1.5,391,391,0,284,107,5,/rog_map/commit_version,0.12,0.1,0.25,0,True,/rog_map/cloud_process_ack,/sector/full_refresh_request,271,271,29,68,68,False,0,1,68,0,0,0,68,False,95,95,0,271,0,271,1787895239969932829,271,0,0.343116,0.839442,0.047136,0.090549,0.185996,0.86863,6000,1016366,643925,72.634,8365041,5101824,60.99,True,24.552,True,73.146,76.172,False,0.6,1.4,1.5,0.2,3,2.898722,1,0,0,1787895223.36,1787895223.36,1787895223.45,,,,,,12,1.199739,0,True,True,False,0.6,1.4,3,15,False,23,23,12,11,17.136,389,224,7,1787895170.1,1787895170.1,/planning/trajectory_guard_recovery_active,2.5,0,0,False,True,55,27,6,5,27,False,1,27,27,0,0,0,0.048805,0.062625,False,0,66.752,110,151,89,105,28.133,38.619,1787895172.15,,,,,,,,,,,,,,,,,,,,,,,18648.90036900369,271,3.8368965029024498,71553.90060880646,479974.036900369,130072964.0,1.7562968289060565,14.732885629335977,24.206642066420663,29.774769003690036,17.89846236162362,11.87426745387454,2.391961143911439,60.99,79.89271098829218,2.7850646435341346,24.57125739394648,1,0,True,,0,3191.44921875,3167.2568359375,0.0,4719.296875,2035.2890625,8786.00390625,703.2109375,0.0,0.0,../../tmp/counterbalanced_map_worker_3mode_seed1_10_n10_artifacts_20260828/seed3_run8_adaptive.attempt1.memory.csv,True,True,../../tmp/counterbalanced_map_worker_3mode_seed1_10_n10_artifacts_20260828/seed3_run8_adaptive.attempt1.performance.csv,0,271,,
seed3,9,sector,85,1,,strict-burst,cpp,True,True,,,,,,,,,,,,,0,0,0,0,0,2,2,0,0,0,0,0,0,0,0,0,0,7,19,0,0,0,3,4,0,6,7,5.155461072921753,0.7364944389888218,1.2572641372680664,,,,,,,,,,,,,,,,,,,,,,,,,,,,,,,59.15,5,5,0,0.419,True,444850,0,0.481,0.281,,,,,,,0,static_pcd,0,0,0,,,,,,,,,,,,,,,../../tmp/counterbalanced_map_worker_3mode_seed1_10_n10_artifacts_20260828/seed3_run9_sector.json,5913,4932,0.762,-1.227,1.936,-24.415,24.025,-24.1,24.685,225.741,7.001,7.001803,7.001803,7.001008,7.0,0.01,True,0,0,0,,,,,,0.0,,,,,,,0,,,,,,,,,,,,,,,,,,,,,,,,,,,,,,,,,,,,,,,,,,,,,,,,,,,,,,,,,,,,,,,,,,,,,,,,,,60,True,0.6,1.2,1.5,2,0.2,424,424,0,424,0,0,/rog_map/commit_version,0.12,0.1,0,0,False,/rog_map/cloud_process_ack,/sector/full_refresh_request,0,0,0,0,0,False,0,0,0,0,0,0,0,False,0,0,0,0,0,0,0,0,0,0,0,0,0,0,0,6000,0,0,100,9782435,4575664,46.774,False,0,False,0,0,False,0,0,1.5,0,1.5,1.5,0,0,0,,,,,,,,,0,0,,False,False,False,0,0,5,15,False,0,0,0,0,0,0,0,0,,,/planning/trajectory_guard_recovery_active,2.5,0,0,False,False,0,0,0,0,0,False,0,0,0,0,0,0,0,0,False,0,0,0,0,0,0,0,0,,,,,,,,,,,,,,,,,,,,,,,,11252.75879396985,398,6.728655959425191,75715.94251901945,225055.175879397,89571960.0,1.4441669944576156,12.11455080304311,20.0,13.592994020100502,8.690449296482413,4.900770351758793,1.162434379396985,46.774,99.38060664095393,2.6625279734966814,25.66417107127879,1,0,True,,0,3181.09765625,3157.2333984375,0.0,4670.1484375,2035.28515625,8807.69921875,703.2109375,0.0,0.0,../../tmp/counterbalanced_map_worker_3mode_seed1_10_n10_artifacts_20260828/seed3_run9_sector.attempt1.memory.csv,True,True,../../tmp/counterbalanced_map_worker_3mode_seed1_10_n10_artifacts_20260828/seed3_run9_sector.attempt1.performance.csv,0,398,,
seed3,9,adaptive,86,2,,strict-burst,cpp,True,True,,,,,,,,,,,,,0,19,19,19,0,3,2,0,0,0,0,0,0,0,0,0,0,19,36,0,0,0,9,8,0,15,19,17.78610849380493,0.9361109733581543,1.6933801174163818,,,,,,,,,,,,,,,,,,,,,,,,,,,,,,,64.41,5,5,0,0.448,True,444850,0,0.512,0.312,,,,,,,0,static_pcd,0,0,0,,,,,,,,,,,,,,,../../tmp/counterbalanced_map_worker_3mode_seed1_10_n10_artifacts_20260828/seed3_run9_adaptive.json,6440,5357,0.621,-1.323,1.78,-24.49,24.025,-25.395,26.273,221.344,7.001,7.005439,7.005439,7.001193,7.0,0.01,True,0,0,0,,,,,,1.461,1787895319.400843,2.967,3.329,1787895320.120273,3.921,4.417,0,,,,,,,,,,,,,,,,,,,,,,,,,,,,,,,,,,,,,,,,,,,,,,,,,,,,,,,,,,,,,,,,,,,,,,,,,,60,True,0.6,1.2,1.5,2,1.5,393,393,0,272,121,5,/rog_map/commit_version,0.12,0.1,0.25,0,True,/rog_map/cloud_process_ack,/sector/full_refresh_request,261,261,30,66,66,False,0,1,66,0,0,0,66,False,85,85,0,261,0,261,1787895383410719810,261,0,0.336524,0.551032,0.048916,0.09845,0.16873,1.075674,6000,1195413,721788,69.211,8468632,4918946,58.084,False,0,True,78.117,79.715,False,0.6,1.4,1.5,0.2,3,2.897983,0,0,0,,,,,,,,,0,0,,True,True,False,0.6,1.4,3,15,False,23,23,11,10,17.557,342,212,9,1787895319.4,1787895319.4,/planning/trajectory_guard_recovery_active,2.5,0,0,False,True,39,19,6,5,19,False,1,19,19,0,0,0,0.050809,0.069517,False,0,73.282,105,183,81,119,26.718,46.565,1787895322.26,,,,,,,,,,,,,,,,,,,,,,,18748.634615384617,260,4.036640273249495,75681.4935569011,474158.54615384614,123281222.0,1.8253397782421543,15.31205986648036,23.923076923076923,31.061624038461538,18.56737076923077,12.49237476923077,2.5187246346153844,58.084,86.60066111474997,2.83136998780298,26.25005079339909,1,0,True,,0,3190.546875,3166.296875,0.0,4708.37109375,2035.25,8787.8984375,703.18359375,0.0,0.0,../../tmp/counterbalanced_map_worker_3mode_seed1_10_n10_artifacts_20260828/seed3_run9_adaptive.attempt1.memory.csv,True,True,../../tmp/counterbalanced_map_worker_3mode_seed1_10_n10_artifacts_20260828/seed3_run9_adaptive.attempt1.performance.csv,1,261,,
seed3,9,full,87,3,,strict-burst,direct,True,True,,,,,,,,,,,,,0,0,0,0,0,4,6,0,0,0,0,0,0,0,0,0,0,14,27,0,0,0,7,6,0,10,14,14.63074779510498,1.04505341393607,3.5537338256835938,,,,,,,,,,,,,,,,,,,,,,,,,,,,,,,67.55,5,5,0,0.459,True,444850,0,0.519,0.319,,,,,,,0,static_pcd,0,0,0,,,,,,,,,,,,,,,../../tmp/counterbalanced_map_worker_3mode_seed1_10_n10_artifacts_20260828/seed3_run9_full.json,6753,5963,0.781,-1.204,1.803,-24.151,24.025,-24.064,25.934,223.029,7.0,7.003773,7.003773,6.999958,7.0,0.01,True,0,0,0,,,,,,1.435,,,,,,,0,,,,,,,,,,,,,,,,,,,,,,,,,,,,,,,,,,,,,,,,,,,,,,,,,,,,,,,,,,,,,,,,,,,,,,,,,,,,,,,,,,,,,,,,,,,,,,,,,,,,,,,,,,,,,,,,,,,,,,,,,,,,,,,,,,,,,,,,,,,,,,,,,,,,,,,,,,,,,,,,,,,,,,,,,,,,,,,,,,,,,,,,,,,,,,,,,,,,,,,,,,,,,,,,,,,,,,,,,,,,,,,,,,,23736.375598086124,418,6.188008882309401,146880.90303478905,759564.0669856459,317497780.0,4.482449715795736,37.60151354552184,32.0,41.49146339712919,26.76321196172249,14.72632605263158,2.2226918995215312,,107.73468930743846,,29.26672846077046,1,0,True,,0,3196.3125,3173.1953125,0.0,4554.04296875,2035.4921875,8788.0546875,703.18359375,0.0,0.0,../../tmp/counterbalanced_map_worker_3mode_seed1_10_n10_artifacts_20260828/seed3_run9_full.attempt1.memory.csv,True,True,../../tmp/counterbalanced_map_worker_3mode_seed1_10_n10_artifacts_20260828/seed3_run9_full.attempt1.performance.csv,5,423,,
seed3,10,adaptive,88,1,,strict-burst,cpp,True,True,,,,,,,,,,,,,0,16,16,16,0,6,7,0,0,0,0,0,0,0,0,0,0,16,32,0,0,0,7,7,0,13,16,16.89589548110962,1.0559934675693512,2.238696336746216,,,,,,,,,,,,,,,,,,,,,,,,,,,,,,,68.0,5,5,0,0.424,True,444850,0,0.501,0.301,,,,,,,0,static_pcd,0,0,0,,,,,,,,,,,,,,,../../tmp/counterbalanced_map_worker_3mode_seed1_10_n10_artifacts_20260828/seed3_run10_adaptive.json,6798,5566,1.344,-0.582,1.299,-24.106,24.025,-25.258,24.384,227.96,7.0,7.002313,7.002313,6.999972,7.0,0.01,True,0,0,0,,,,,,0.0,1787895471.413521,2.969,3.33,1787895483.944799,21.065,23.506,0,,,,,,,,,,,,,,,,,,,,,,,,,,,,,,,,,,,,,,,,,,,,,,,,,,,,,,,,,,,,,,,,,,,,,,,,,,60,True,0.6,1.2,1.5,2,1.5,471,471,0,314,157,5,/rog_map/commit_version,0.12,0.1,0.25,0,True,/rog_map/cloud_process_ack,/sector/full_refresh_request,302,302,40,56,56,False,0,1,56,0,0,0,56,False,72,72,0,302,0,302,1787895539341573613,302,1,0.335127,0.556632,0.047873,0.105399,0.157199,0.973556,6000,1025965,584847,66.667,10898670,5573079,51.135,False,0,False,54.14,56.436,False,0.6,1.4,1.5,0.2,3,2.899385,0,0,0,,,,,,,,,0,0,,True,True,False,0.6,1.4,3,15,False,25,25,16,16,18.896,418,250,9,1787895471.41,1787895471.41,/planning/trajectory_guard_recovery_active,2.5,0,0,False,False,33,16,5,5,16,False,1,16,16,0,0,0,0.04876,0.067807,False,0,41.826,92,105,70,71,19.533,22.293,1787895471.82,,,,,,,,,,,,,,,,,,,,,,,18307.2119205298,302,4.4411764705882355,81305.55882352941,439771.119205298,132810878.0,1.8626224012935864,15.624809176470588,22.86092715231788,26.162094403973512,15.98486857615894,10.175156754966887,2.1333568741721853,51.135,87.59555230643153,2.783475474856964,24.570348183784986,1,0,True,,0,3195.94140625,3171.69140625,0.0,4634.01953125,2035.484375,8611.4296875,703.18359375,0.0,0.0,../../tmp/counterbalanced_map_worker_3mode_seed1_10_n10_artifacts_20260828/seed3_run10_adaptive.attempt1.memory.csv,True,True,../../tmp/counterbalanced_map_worker_3mode_seed1_10_n10_artifacts_20260828/seed3_run10_adaptive.attempt1.performance.csv,0,302,,
seed3,10,full,89,2,,strict-burst,direct,True,True,,,,,,,,,,,,,0,0,0,0,0,4,7,0,0,0,0,0,0,0,0,0,0,12,31,0,5,0,5,7,0,9,12,11.037528991699219,0.9197940826416016,2.5779850482940674,,,,,,,,,,,,,,,,,,,,,,,,,,,,,,,65.92,5,5,0,0.427,True,444850,0,0.505,0.305,,,,,,,0,static_pcd,0,0,0,,,,,,,,,,,,,,,../../tmp/counterbalanced_map_worker_3mode_seed1_10_n10_artifacts_20260828/seed3_run10_full.json,6590,5859,0.72,-1.277,1.79,-24.81,24.025,-24.469,25.977,222.949,7.0,7.001952,7.001953,6.999605,7.0,0.01,True,0,0,0,,,,,,1.466,,,,,,,0,,,,,,,,,,,,,,,,,,,,,,,,,,,,,,,,,,,,,,,,,,,,,,,,,,,,,,,,,,,,,,,,,,,,,,,,,,,,,,,,,,,,,,,,,,,,,,,,,,,,,,,,,,,,,,,,,,,,,,,,,,,,,,,,,,,,,,,,,,,,,,,,,,,,,,,,,,,,,,,,,,,,,,,,,,,,,,,,,,,,,,,,,,,,,,,,,,,,,,,,,,,,,,,,,,,,,,,,,,,,,,,,,,,23525.755760368662,434,6.58373786407767,154887.40898058252,752824.1889400922,326725698.0,4.726788633078047,39.65117694174757,32.0,37.167844239631336,23.796806912442396,13.369146451612904,1.9909175069124425,,110.45790377051024,,26.370799038772724,1,0,True,,0,3200.96875,3177.9912109375,0.0,4670.3203125,2035.39453125,8584.5625,703.18359375,0.0,0.0,../../tmp/counterbalanced_map_worker_3mode_seed1_10_n10_artifacts_20260828/seed3_run10_full.attempt1.memory.csv,True,True,../../tmp/counterbalanced_map_worker_3mode_seed1_10_n10_artifacts_20260828/seed3_run10_full.attempt1.performance.csv,4,438,,
seed3,10,sector,90,3,,strict-burst,cpp,True,True,,,,,,,,,,,,,0,0,0,0,0,0,0,0,0,0,0,0,0,0,0,0,0,15,15,0,0,0,12,3,0,13,15,14.40920376777649,0.9606135845184326,1.2911362648010254,,,,,,,,,,,,,,,,,,,,,,,,,,,,,,,63.04,5,5,0,0.429,True,444850,0,0.448,0.248,,,,,,,0,static_pcd,0,0,0,,,,,,,,,,,,,,,../../tmp/counterbalanced_map_worker_3mode_seed1_10_n10_artifacts_20260828/seed3_run10_sector.json,6302,5055,0.648,-1.303,1.996,-24.255,24.025,-25.164,26.914,223.96,7.0,7.002177,7.002177,7.000026,7.0,0.01,True,0,0,0,,,,,,0.0,,,,,,,0,,,,,,,,,,,,,,,,,,,,,,,,,,,,,,,,,,,,,,,,,,,,,,,,,,,,,,,,,,,,,,,,,,,,,,,,,,60,True,0.6,1.2,1.5,2,0.2,414,414,0,414,0,0,/rog_map/commit_version,0.12,0.1,0,0,False,/rog_map/cloud_process_ack,/sector/full_refresh_request,0,0,0,0,0,False,0,0,0,0,0,0,0,False,0,0,0,0,0,0,0,0,0,0,0,0,0,0,0,6000,0,0,100,9143630,4181960,45.736,False,0,False,0,0,False,0,0,1.5,0,1.5,1.5,0,0,0,,,,,,,,,0,0,,False,False,False,0,0,5,15,False,0,0,0,0,0,0,0,0,,,/planning/trajectory_guard_recovery_active,2.5,0,0,False,False,0,0,0,0,0,False,0,0,0,0,0,0,0,0,False,0,0,0,0,0,0,0,0,,,,,,,,,,,,,,,,,,,,,,,,10563.269430051814,386,6.123096446700508,64679.91751269036,211265.38860103628,81548440.0,1.2336715223825523,10.348786802030457,20.0,14.043804559585492,8.766946709844559,5.275112435233161,1.0781669119170985,45.736,84.69956067048223,2.616231544682457,23.99548323987964,1,0,True,,0,3175.171875,3151.3037109375,0.0,4713.87109375,2035.39453125,8587.78515625,703.18359375,0.0,0.0,../../tmp/counterbalanced_map_worker_3mode_seed1_10_n10_artifacts_20260828/seed3_run10_sector.attempt1.memory.csv,True,True,../../tmp/counterbalanced_map_worker_3mode_seed1_10_n10_artifacts_20260828/seed3_run10_sector.attempt1.performance.csv,0,386,,
seed4,1,full,91,1,,strict-burst,direct,True,True,,,,,,,,,,,,,0,0,0,0,0,8,12,0,0,0,0,0,0,0,0,0,0,29,60,0,3,0,14,14,0,21,29,28.171314001083374,0.9714246207270129,3.0014920234680176,,,,,,,,,,,,,,,,,,,,,,,,,,,,,,,80.51,5,5,0,0.427,True,444850,0,0.49,0.29,,,,,,,0,static_pcd,0,0,0,,,,,,,,,,,,,,,../../tmp/counterbalanced_map_worker_3mode_seed1_10_n10_artifacts_20260828/seed4_run1_full.json,8049,6880,1.152,-0.942,1.777,-26.692,24.025,-24.532,26.085,231.193,7.002,7.001787,7.001787,7.00178,7.0,0.01,True,0,0,0,,,,,,1.489,,,,,,,0,,,,,,,,,,,,,,,,,,,,,,,,,,,,,,,,,,,,,,,,,,,,,,,,,,,,,,,,,,,,,,,,,,,,,,,,,,,,,,,,,,,,,,,,,,,,,,,,,,,,,,,,,,,,,,,,,,,,,,,,,,,,,,,,,,,,,,,,,,,,,,,,,,,,,,,,,,,,,,,,,,,,,,,,,,,,,,,,,,,,,,,,,,,,,,,,,,,,,,,,,,,,,,,,,,,,,,,,,,,,,,,,,,,23946.138321995466,441,5.477580424791951,131166.89852192273,766276.4217687075,337927902.0,4.002896049365895,33.57872582287914,32.0,34.033133560090704,21.80740045351474,12.22386253968254,1.8077303537414966,,87.65135289705746,,25.169777470191004,1,0,True,,0,3209.953125,3186.9052734375,0.0,4697.53515625,2035.37109375,8576.78515625,703.18359375,0.0,0.0,../../tmp/counterbalanced_map_worker_3mode_seed1_10_n10_artifacts_20260828/seed4_run1_full.attempt1.memory.csv,True,True,../../tmp/counterbalanced_map_worker_3mode_seed1_10_n10_artifacts_20260828/seed4_run1_full.attempt1.performance.csv,5,446,,
seed4,1,sector,92,2,,strict-burst,cpp,True,True,,,,,,,,,,,,,0,0,0,0,0,5,9,0,0,0,0,0,0,0,0,0,0,30,63,0,1,0,16,14,0,28,30,29.291440963745117,0.9763813654581706,2.990116596221924,,,,,,,,,,,,,,,,,,,,,,,,,,,,,,,77.71,5,5,0,0.391,True,444850,0,0.47,0.27,,,,,,,0,static_pcd,0,0,0,,,,,,,,,,,,,,,../../tmp/counterbalanced_map_worker_3mode_seed1_10_n10_artifacts_20260828/seed4_run1_sector.json,7769,7097,1.227,-0.837,2.051,-25.231,24.025,-24.385,26.27,226.98,7.002,7.002571,7.002571,7.002385,7.0,0.01,True,0,0,0,,,,,,0.0,,,,,,,0,,,,,,,,,,,,,,,,,,,,,,,,,,,,,,,,,,,,,,,,,,,,,,,,,,,,,,,,,,,,,,,,,,,,,,,,,,60,True,0.6,1.2,1.5,2,0.2,410,410,0,410,0,0,/rog_map/commit_version,0.12,0.1,0,0,False,/rog_map/cloud_process_ack,/sector/full_refresh_request,0,0,0,0,0,False,0,0,0,0,0,0,0,False,0,0,0,0,0,0,0,0,0,0,0,0,0,0,0,6000,0,0,100,9526170,4881367,51.242,False,0,False,0,0,False,0,0,1.5,0,1.5,1.5,0,0,0,,,,,,,,,0,0,,False,False,False,0,0,5,15,False,0,0,0,0,0,0,0,0,,,/planning/trajectory_guard_recovery_active,2.5,0,0,False,False,0,0,0,0,0,False,0,0,0,0,0,0,0,0,False,0,0,0,0,0,0,0,0,,,,,,,,,,,,,,,,,,,,,,,,12460.395833333334,384,4.941448976965642,61572.41024321195,249207.91666666666,95695840.0,1.1744005249636067,9.85158563891391,20.0,13.711293020833333,8.91334265625,4.796330286458334,1.0988985364583332,51.242,73.46178168131935,2.6317466802472445,25.388728849385068,1,0,True,,0,3188.5,3164.0615234375,0.0,4721.5625,2035.28125,8569.44921875,703.18359375,0.0,0.0,../../tmp/counterbalanced_map_worker_3mode_seed1_10_n10_artifacts_20260828/seed4_run1_sector.attempt1.memory.csv,True,True,../../tmp/counterbalanced_map_worker_3mode_seed1_10_n10_artifacts_20260828/seed4_run1_sector.attempt1.performance.csv,0,384,,
seed4,1,adaptive,93,3,,strict-burst,cpp,True,True,,,,,,,,,,,,,0,24,24,24,0,4,4,0,0,0,0,0,0,0,0,0,0,24,53,0,1,0,11,12,0,19,24,19.65814208984375,0.8190892537434896,1.2530772686004639,,,,,,,,,,,,,,,,,,,,,,,,,,,,,,,70.12,5,5,0,0.403,True,444850,0,0.421,0.221,,,,,,,0,static_pcd,0,0,0,,,,,,,,,,,,,,,../../tmp/counterbalanced_map_worker_3mode_seed1_10_n10_artifacts_20260828/seed4_run1_adaptive.json,7008,6038,1.188,-0.912,1.726,-26.26,24.025,-24.614,26.341,225.863,7.002,7.003844,7.003844,7.002391,7.0,0.01,True,0,0,0,,,,,,0.0,1787895877.907803,2.351,3.455,1787895878.854052,4.155,4.905,0,,,,,,,,,,,,,,,,,,,,,,,,,,,,,,,,,,,,,,,,,,,,,,,,,,,,,,,,,,,,,,,,,,,,,,,,,,60,True,0.6,1.2,1.5,2,1.5,484,484,0,323,161,5,/rog_map/commit_version,0.12,0.1,0.25,0,True,/rog_map/cloud_process_ack,/sector/full_refresh_request,311,311,36,62,62,False,0,1,62,0,0,0,62,False,86,86,0,311,0,311,1787895947951775953,311,0,0.329558,0.565448,0.047576,0.099832,0.151303,0.93218,6000,1353622,857864,66.736,11144354,6415797,57.57,True,40.083,False,73.14,77.429,False,0.6,1.4,1.5,0.2,3,2.897908,1,0,0,1787895922.1,1787895922.1,1787895922.26,,,,,,19,1.09001,0,True,True,False,0.6,1.4,3,15,False,22,22,11,11,15.496,423,228,7,1787895877.91,1787895877.91,/planning/trajectory_guard_recovery_active,2.5,0,0,False,False,49,24,5,5,24,False,1,24,24,0,0,0,0.047032,0.063076,False,0,67.355,117,209,88,142,24.174,43.182,1787895878.93,,,,,,,,,,,,,,,,,,,,,,,20485.02572347267,311,4.435253850541928,90856.28921848259,495647.47909967846,154146366.0,2.0964836027033313,17.586579121505988,23.318327974276528,29.650249003215436,17.209592636655948,12.438807684887461,2.1916120128617362,57.57,86.42339681374649,2.9189816570544123,26.274875040778543,1,0,True,,0,3197.82421875,3173.9296875,0.0,4679.27734375,2035.265625,8587.90234375,703.18359375,0.0,0.0,../../tmp/counterbalanced_map_worker_3mode_seed1_10_n10_artifacts_20260828/seed4_run1_adaptive.attempt1.memory.csv,True,True,../../tmp/counterbalanced_map_worker_3mode_seed1_10_n10_artifacts_20260828/seed4_run1_adaptive.attempt1.performance.csv,0,311,,
seed4,2,sector,94,1,,strict-burst,cpp,True,True,,,,,,,,,,,,,0,0,0,0,0,4,5,0,0,0,0,0,0,0,0,0,0,21,44,0,0,0,10,10,0,17,21,18.305706024169922,0.8717002868652344,2.1858808994293213,,,,,,,,,,,,,,,,,,,,,,,,,,,,,,,69.06,5,5,0,0.367,True,444850,0,0.406,0.206,,,,,,,0,static_pcd,0,0,0,,,,,,,,,,,,,,,../../tmp/counterbalanced_map_worker_3mode_seed1_10_n10_artifacts_20260828/seed4_run2_sector.json,6904,6080,1.401,-0.383,0.948,-24.519,24.227,-24.21,24.796,230.002,7.0,7.004188,7.004188,7.000304,7.0,0.01,True,0,0,0,,,,,,0.227,,,,,,,0,,,,,,,,,,,,,,,,,,,,,,,,,,,,,,,,,,,,,,,,,,,,,,,,,,,,,,,,,,,,,,,,,,,,,,,,,,60,True,0.6,1.2,1.5,2,0.2,383,383,0,383,0,0,/rog_map/commit_version,0.12,0.1,0,0,False,/rog_map/cloud_process_ack,/sector/full_refresh_request,0,0,0,0,0,False,0,0,0,0,0,0,0,False,0,0,0,0,0,0,0,0,0,0,0,0,0,0,0,6000,0,0,100,8868756,4517126,50.933,False,0,False,0,0,False,0,0,1.5,0,1.5,1.5,0,0,0,,,,,,,,,0,0,,False,False,False,0,0,5,15,False,0,0,0,0,0,0,0,0,,,/planning/trajectory_guard_recovery_active,2.5,0,0,False,False,0,0,0,0,0,False,0,0,0,0,0,0,0,0,False,0,0,0,0,0,0,0,0,,,,,,,,,,,,,,,,,,,,,,,,12356.164804469274,358,5.183898059658268,64053.09875470605,247123.29608938546,88470140.0,1.2217159033719263,10.248495800752968,20.0,13.448364692737432,8.693117597765363,4.753588016759776,1.1280013994413407,50.933,81.14239253257668,2.5415653243656786,,1,0,True,,0,3185.453125,3161.5986328125,0.0,4665.453125,2035.25,8610.6328125,703.171875,0.0,0.0,../../tmp/counterbalanced_map_worker_3mode_seed1_10_n10_artifacts_20260828/seed4_run2_sector.attempt1.memory.csv,True,True,../../tmp/counterbalanced_map_worker_3mode_seed1_10_n10_artifacts_20260828/seed4_run2_sector.attempt1.performance.csv,2,360,,
seed4,2,adaptive,95,2,,strict-burst,cpp,True,True,,,,,,,,,,,,,0,31,31,31,0,4,4,0,0,0,0,0,0,0,0,0,0,31,65,0,0,0,12,16,0,26,31,28.27567744255066,0.9121186271790536,1.621971607208252,,,,,,,,,,,,,,,,,,,,,,,,,,,,,,,74.24,5,5,0,0.454,True,444850,0,0.537,0.337,,,,,,,0,static_pcd,0,0,0,,,,,,,,,,,,,,,../../tmp/counterbalanced_map_worker_3mode_seed1_10_n10_artifacts_20260828/seed4_run2_adaptive.json,7422,5868,0.994,-0.902,1.849,-25.969,24.025,-24.786,26.121,224.885,7.0,7.002157,7.002157,7.000308,7.0,0.01,True,0,0,0,,,,,,0.121,1787896037.898825,1.684,2.663,1787896042.100955,11.749,12.641,0,,,,,,,,,,,,,,,,,,,,,,,,,,,,,,,,,,,,,,,,,,,,,,,,,,,,,,,,,,,,,,,,,,,,,,,,,,60,True,0.6,1.2,1.5,2,1.5,438,438,0,299,139,5,/rog_map/commit_version,0.12,0.1,0.25,0,True,/rog_map/cloud_process_ack,/sector/full_refresh_request,287,287,30,80,80,False,0,1,80,0,0,0,80,False,111,111,0,287,0,287,1787896112198821486,287,0,0.359405,0.743123,0.044955,0.097435,0.177845,0.849854,6000,1236590,765324,68.265,9232719,5623997,60.914,True,35.845,True,83.562,88.252,True,0.6,1.4,1.5,0.2,3,2.898549,1,1,0,1787896083.9,1787896083.9,1787896083.98,1787896094.33,1787896095.54,1.209954,,,8,1.209954,0,True,True,False,0.6,1.4,3,15,False,24,24,5,4,15.525,363,215,8,1787896037.9,1787896037.9,/planning/trajectory_guard_recovery_active,2.5,0,0,False,True,63,31,6,5,31,False,1,31,31,0,0,0,0.046044,0.059301,False,0,79.452,166,182,121,123,37.9,41.553,1787896038.79,,,,,,,,,,,,,,,,,,,,,,,19494.013986013986,286,3.8523706896551726,75098.16810344828,506010.7902097902,144719086.0,1.8590365761312946,15.594729094827587,24.657342657342657,29.50795076923077,17.86454244755245,11.641473706293707,2.254562674825175,60.914,74.69777817329107,2.790356969251469,24.22791303075347,1,0,True,,0,3193.68359375,3169.6943359375,0.0,4648.6015625,2035.25,8606.6015625,703.171875,0.0,0.0,../../tmp/counterbalanced_map_worker_3mode_seed1_10_n10_artifacts_20260828/seed4_run2_adaptive.attempt1.memory.csv,True,True,../../tmp/counterbalanced_map_worker_3mode_seed1_10_n10_artifacts_20260828/seed4_run2_adaptive.attempt1.performance.csv,1,287,,
seed4,2,full,96,3,,strict-burst,direct,True,True,,,,,,,,,,,,,0,0,0,0,0,2,2,0,0,0,0,0,0,0,0,0,0,14,18,0,0,0,10,4,0,13,14,16.583908319473267,1.1845648799623762,3.246192216873169,,,,,,,,,,,,,,,,,,,,,,,,,,,,,,,66.36,5,5,0,0.399,True,444850,0,0.484,0.284,,,,,,,0,static_pcd,0,0,0,,,,,,,,,,,,,,,../../tmp/counterbalanced_map_worker_3mode_seed1_10_n10_artifacts_20260828/seed4_run2_full.json,6634,6050,1.145,-0.875,1.259,-24.377,24.025,-24.084,26.356,225.018,6.998,7.001865,7.001865,6.998061,7.0,0.01,True,0,0,0,,,,,,1.441,,,,,,,0,,,,,,,,,,,,,,,,,,,,,,,,,,,,,,,,,,,,,,,,,,,,,,,,,,,,,,,,,,,,,,,,,,,,,,,,,,,,,,,,,,,,,,,,,,,,,,,,,,,,,,,,,,,,,,,,,,,,,,,,,,,,,,,,,,,,,,,,,,,,,,,,,,,,,,,,,,,,,,,,,,,,,,,,,,,,,,,,,,,,,,,,,,,,,,,,,,,,,,,,,,,,,,,,,,,,,,,,,,,,,,,,,,,24992.881188118812,404,6.088004822182038,152156.78119349005,799772.1782178218,323107960.0,4.643456342351085,38.95213502109705,32.0,38.38773985148515,23.1372599009901,15.248709158415842,2.0532497970297032,,103.58817207540552,,26.0391756975336,1,0,True,,0,3199.9765625,3176.9697265625,0.0,4593.1015625,2047.95703125,8609.04296875,703.171875,0.0,0.0,../../tmp/counterbalanced_map_worker_3mode_seed1_10_n10_artifacts_20260828/seed4_run2_full.attempt1.memory.csv,True,True,../../tmp/counterbalanced_map_worker_3mode_seed1_10_n10_artifacts_20260828/seed4_run2_full.attempt1.performance.csv,5,409,,
seed4,3,adaptive,97,1,,strict-burst,cpp,True,True,,,,,,,,,,,,,0,15,15,15,0,4,5,0,0,0,0,0,0,0,0,0,0,15,60,0,0,0,2,13,0,12,15,16.139503955841064,1.0759669303894044,3.708815574645996,,,,,,,,,,,,,,,,,,,,,,,,,,,,,,,64.35,5,5,0,0.397,True,444850,0,0.454,0.254,,,,,,,0,static_pcd,0,0,0,,,,,,,,,,,,,,,../../tmp/counterbalanced_map_worker_3mode_seed1_10_n10_artifacts_20260828/seed4_run3_adaptive.json,6434,5696,1.385,-0.426,1.095,-24.437,24.025,-24.056,26.243,224.188,7.0,7.003873,7.003873,7.000249,7.0,0.01,True,0,0,0,,,,,,0.0,1787896198.887891,1.75,2.775,1787896202.674528,12.05,12.65,0,,,,,,,,,,,,,,,,,,,,,,,,,,,,,,,,,,,,,,,,,,,,,,,,,,,,,,,,,,,,,,,,,,,,,,,,,,60,True,0.6,1.2,1.5,2,1.5,448,448,0,302,146,5,/rog_map/commit_version,0.12,0.1,0.25,0,True,/rog_map/cloud_process_ack,/sector/full_refresh_request,291,291,36,55,55,False,0,1,55,0,0,0,55,False,70,70,0,291,0,291,1787896263171021384,291,0,0.34862,0.764307,0.047269,0.06933,0.150087,0.9514,6000,1313252,814295,67.411,10374867,5952500,57.374,True,70.089,False,69.866,74.693,False,0.6,1.4,1.5,0.2,3,2.897511,1,1,1,1787896215.22,1787896215.22,1787896215.56,1787896228.26,1787896229.47,1.210059,1787896246.84,17.369706,25,1.210059,0,True,True,False,0.6,1.4,3,15,False,25,25,16,16,20.759,407,259,11,1787896198.89,1787896198.89,/planning/trajectory_guard_recovery_active,2.5,0,0,False,False,31,15,9,9,15,False,1,15,15,0,0,0,0.052934,0.120486,False,0,60.938,85,188,66,126,18.973,41.964,1787896199.01,,,,,,,,,,,,,,,,,,,,,,,20313.83848797251,291,4.522144522144522,91862.11344211345,492753.0171821306,143391128.0,2.125072820110662,17.826402859362858,22.88659793814433,28.90898505154639,17.483544570446735,11.42360996563574,2.376706209621993,57.374,96.13948640756462,2.887606572020055,24.831500575125073,1,0,True,,0,3195.78125,3171.7705078125,0.0,4567.69140625,2047.9453125,8636.578125,703.16796875,0.0,0.0,../../tmp/counterbalanced_map_worker_3mode_seed1_10_n10_artifacts_20260828/seed4_run3_adaptive.attempt1.memory.csv,True,True,../../tmp/counterbalanced_map_worker_3mode_seed1_10_n10_artifacts_20260828/seed4_run3_adaptive.attempt1.performance.csv,0,291,,
seed4,3,full,98,2,,strict-burst,direct,True,True,,,,,,,,,,,,,0,0,0,0,0,6,6,0,0,0,0,0,0,0,0,0,0,23,58,0,1,0,10,13,0,20,23,19.47250461578369,0.8466306354688562,1.6218245029449463,,,,,,,,,,,,,,,,,,,,,,,,,,,,,,,70.13,5,5,0,0.391,True,444850,0,0.455,0.255,,,,,,,0,static_pcd,0,0,0,,,,,,,,,,,,,,,../../tmp/counterbalanced_map_worker_3mode_seed1_10_n10_artifacts_20260828/seed4_run3_full.json,7011,6130,1.306,-0.714,1.469,-24.431,24.025,-24.367,25.142,223.559,7.0,7.001041,7.001041,7.000284,7.0,0.01,True,0,0,0,,,,,,1.488,,,,,,,0,,,,,,,,,,,,,,,,,,,,,,,,,,,,,,,,,,,,,,,,,,,,,,,,,,,,,,,,,,,,,,,,,,,,,,,,,,,,,,,,,,,,,,,,,,,,,,,,,,,,,,,,,,,,,,,,,,,,,,,,,,,,,,,,,,,,,,,,,,,,,,,,,,,,,,,,,,,,,,,,,,,,,,,,,,,,,,,,,,,,,,,,,,,,,,,,,,,,,,,,,,,,,,,,,,,,,,,,,,,,,,,,,,,24510.884910485933,391,5.575360045629545,136657.00841294738,784348.2813299233,306680178.0,4.170440740189607,34.984192556680455,32.0,37.38659488491049,22.386909207161125,14.997664987212277,2.0184035524296675,,98.25558247758768,,22.60400005516601,1,0,True,,0,3201.26953125,3178.58203125,0.0,4593.55078125,2047.94140625,8594.62890625,703.16796875,0.0,0.0,../../tmp/counterbalanced_map_worker_3mode_seed1_10_n10_artifacts_20260828/seed4_run3_full.attempt1.memory.csv,True,True,../../tmp/counterbalanced_map_worker_3mode_seed1_10_n10_artifacts_20260828/seed4_run3_full.attempt1.performance.csv,4,395,,
seed4,3,sector,99,3,,strict-burst,cpp,True,True,,,,,,,,,,,,,0,0,0,0,0,4,4,0,0,0,0,0,0,0,0,0,0,17,44,0,0,0,8,9,0,14,17,24.251188039779663,1.4265404729282154,7.048302412033081,,,,,,,,,,,,,,,,,,,,,,,,,,,,,,,67.36,5,5,0,0.367,True,444850,0,0.429,0.229,,,,,,,0,static_pcd,0,0,0,,,,,,,,,,,,,,,../../tmp/counterbalanced_map_worker_3mode_seed1_10_n10_artifacts_20260828/seed4_run3_sector.json,6733,5910,1.246,-0.677,1.436,-24.085,24.025,-24.101,26.41,231.912,7.0,7.001656,7.001656,7.000181,7.0,0.01,True,0,0,0,,,,,,0.0,,,,,,,0,,,,,,,,,,,,,,,,,,,,,,,,,,,,,,,,,,,,,,,,,,,,,,,,,,,,,,,,,,,,,,,,,,,,,,,,,,60,True,0.6,1.2,1.5,2,0.2,405,405,0,405,0,0,/rog_map/commit_version,0.12,0.1,0,0,False,/rog_map/cloud_process_ack,/sector/full_refresh_request,0,0,0,0,0,False,0,0,0,0,0,0,0,False,0,0,0,0,0,0,0,0,0,0,0,0,0,0,0,6000,0,0,100,9167904,4398726,47.98,False,0,False,0,0,False,0,0,1.5,0,1.5,1.5,0,0,0,,,,,,,,,0,0,,False,False,False,0,0,5,15,False,0,0,0,0,0,0,0,0,,,/planning/trajectory_guard_recovery_active,2.5,0,0,False,False,0,0,0,0,0,False,0,0,0,0,0,0,0,0,False,0,0,0,0,0,0,0,0,,,,,,,,,,,,,,,,,,,,,,,,11329.228947368421,380,5.641330166270784,63911.921021377675,226584.57894736843,86102140.0,1.2190231518054517,10.225907363420427,20.0,13.288410842105263,8.561351210526315,4.725498842105263,1.125757960526316,47.98,84.4167580877286,2.624028645939232,,1,0,True,,0,3181.20703125,3157.185546875,0.0,4575.71484375,2047.9375,8611.1953125,703.16796875,0.0,0.0,../../tmp/counterbalanced_map_worker_3mode_seed1_10_n10_artifacts_20260828/seed4_run3_sector.attempt1.memory.csv,True,True,../../tmp/counterbalanced_map_worker_3mode_seed1_10_n10_artifacts_20260828/seed4_run3_sector.attempt1.performance.csv,0,380,,
seed4,4,full,100,1,,strict-burst,direct,True,True,,,,,,,,,,,,,0,0,0,0,0,7,9,0,0,0,0,0,0,0,0,0,0,17,40,0,0,0,8,8,0,13,17,15.189743518829346,0.8935143246370203,2.349902868270874,,,,,,,,,,,,,,,,,,,,,,,,,,,,,,,66.93,5,5,0,0.41,True,444850,0,0.446,0.246,,,,,,,0,static_pcd,0,0,0,,,,,,,,,,,,,,,../../tmp/counterbalanced_map_worker_3mode_seed1_10_n10_artifacts_20260828/seed4_run4_full.json,6691,5820,1.3,-0.694,1.132,-25.279,24.027,-24.113,24.185,225.461,7.001,7.001894,7.001894,7.000902,7.0,0.01,True,0,0,0,,,,,,1.474,,,,,,,0,,,,,,,,,,,,,,,,,,,,,,,,,,,,,,,,,,,,,,,,,,,,,,,,,,,,,,,,,,,,,,,,,,,,,,,,,,,,,,,,,,,,,,,,,,,,,,,,,,,,,,,,,,,,,,,,,,,,,,,,,,,,,,,,,,,,,,,,,,,,,,,,,,,,,,,,,,,,,,,,,,,,,,,,,,,,,,,,,,,,,,,,,,,,,,,,,,,,,,,,,,,,,,,,,,,,,,,,,,,,,,,,,,,23260.06796116505,412,6.1556850440758994,143181.6524727327,744322.0582524271,306660688.0,4.36955658145929,36.65449729568205,32.0,36.21407014563107,23.05412160194175,13.157987281553398,1.996476087378641,,103.772619348628,,22.94626457109484,1,0,True,,0,3202.97265625,3179.7705078125,0.0,4607.16796875,2047.93359375,8586.8046875,703.16796875,0.0,0.0,../../tmp/counterbalanced_map_worker_3mode_seed1_10_n10_artifacts_20260828/seed4_run4_full.attempt1.memory.csv,True,True,../../tmp/counterbalanced_map_worker_3mode_seed1_10_n10_artifacts_20260828/seed4_run4_full.attempt1.performance.csv,5,417,,
seed4,4,sector,101,2,,strict-burst,cpp,True,True,,,,,,,,,,,,,0,0,0,0,0,4,4,0,0,0,0,0,0,0,0,0,0,12,25,0,0,0,6,5,0,8,12,10.287815570831299,0.8573179642359415,1.6860942840576172,,,,,,,,,,,,,,,,,,,,,,,,,,,,,,,66.74,5,5,0,0.378,True,444850,0,0.444,0.244,,,,,,,0,static_pcd,0,0,0,,,,,,,,,,,,,,,../../tmp/counterbalanced_map_worker_3mode_seed1_10_n10_artifacts_20260828/seed4_run4_sector.json,6671,5710,1.066,-1.016,1.474,-24.438,24.025,-24.428,24.576,232.23,7.0,7.001949,7.002456,6.999923,7.0,0.01,True,0,0,0,,,,,,0.0,,,,,,,0,,,,,,,,,,,,,,,,,,,,,,,,,,,,,,,,,,,,,,,,,,,,,,,,,,,,,,,,,,,,,,,,,,,,,,,,,,60,True,0.6,1.2,1.5,2,0.2,438,438,0,438,0,0,/rog_map/commit_version,0.12,0.1,0,0,False,/rog_map/cloud_process_ack,/sector/full_refresh_request,0,0,0,0,0,False,0,0,0,0,0,0,0,False,0,0,0,0,0,0,0,0,0,0,0,0,0,0,0,6000,0,0,100,10923496,5569812,50.989,False,0,False,0,0,False,0,0,1.5,0,1.5,1.5,0,0,0,,,,,,,,,0,0,,False,False,False,0,0,5,15,False,0,0,0,0,0,0,0,0,,,/planning/trajectory_guard_recovery_active,2.5,0,0,False,False,0,0,0,0,0,False,0,0,0,0,0,0,0,0,False,0,0,0,0,0,0,0,0,,,,,,,,,,,,,,,,,,,,,,,,13259.547215496368,413,6.188192987713515,82052.63709919089,265190.94430992735,109523860.0,1.5650298518980197,13.128421935870543,20.0,13.546513535108959,8.768305907990316,4.775996319612591,1.1265412082324455,50.989,91.68696876175571,2.5808411664005413,22.127596291932942,1,0,True,,0,3198.1015625,3173.951171875,0.0,4575.80078125,2047.91796875,8612.66015625,703.16796875,0.0,0.0,../../tmp/counterbalanced_map_worker_3mode_seed1_10_n10_artifacts_20260828/seed4_run4_sector.attempt1.memory.csv,True,True,../../tmp/counterbalanced_map_worker_3mode_seed1_10_n10_artifacts_20260828/seed4_run4_sector.attempt1.performance.csv,1,414,,
seed4,4,adaptive,102,3,,strict-burst,cpp,True,True,,,,,,,,,,,,,0,22,22,22,0,7,9,0,0,0,0,0,0,0,0,0,0,22,41,0,0,0,12,10,0,21,22,22.109721660614014,1.0049873482097278,2.3890044689178467,,,,,,,,,,,,,,,,,,,,,,,,,,,,,,,74.11,5,5,0,0.393,True,444850,0,0.462,0.262,,,,,,,0,static_pcd,0,0,0,,,,,,,,,,,,,,,../../tmp/counterbalanced_map_worker_3mode_seed1_10_n10_artifacts_20260828/seed4_run4_adaptive.json,7406,6310,1.317,-0.604,1.744,-25.407,24.025,-25.102,25.124,229.462,7.0,7.005332,7.005332,7.000285,7.0,0.01,True,0,0,0,,,,,,0.0,1787896585.809474,2.203,3.326,1787896590.485023,12.859,13.321,0,,,,,,,,,,,,,,,,,,,,,,,,,,,,,,,,,,,,,,,,,,,,,,,,,,,,,,,,,,,,,,,,,,,,,,,,,,60,True,0.6,1.2,1.5,2,1.5,518,518,0,346,172,5,/rog_map/commit_version,0.12,0.1,0.25,0,True,/rog_map/cloud_process_ack,/sector/full_refresh_request,334,334,40,67,67,False,0,1,67,0,0,0,67,False,89,89,0,334,0,334,1787896659783344670,334,0,0.345996,0.567262,0.044561,0.06194,0.152104,0.676876,6000,1365592,805091,66.795,11968782,6520953,54.483,True,61.969,True,63.707,64.878,False,0.6,1.4,1.5,0.2,3,2.899966,1,0,0,1787896611.36,1787896611.36,1787896611.46,,,,,,31,1.179721,0,True,True,False,0.6,1.4,3,15,False,25,25,16,15,19.305,442,257,8,1787896585.92,1787896585.81,/planning/trajectory_guard_recovery_active,2.5,0,0,False,True,45,22,6,5,22,False,1,22,22,0,0,0,0.047604,0.103442,False,0,53.282,147,129,107,95,28.378,24.903,1787896585.81,,,,,,,,,,,,,,,,,,,,,,,19389.21856287425,334,4.5068141951153695,87383.6054513561,477341.502994012,159432062.0,2.051629506693953,17.210315692888948,23.197604790419163,26.959675089820358,16.5216598502994,10.436111796407186,2.0428519281437127,54.483,85.47806880576174,2.9934546449484376,23.859066401678696,1,0,True,,0,3203.83203125,3179.7900390625,0.0,4622.84375,2047.91015625,8627.8046875,703.16796875,0.0,0.0,../../tmp/counterbalanced_map_worker_3mode_seed1_10_n10_artifacts_20260828/seed4_run4_adaptive.attempt1.memory.csv,True,True,../../tmp/counterbalanced_map_worker_3mode_seed1_10_n10_artifacts_20260828/seed4_run4_adaptive.attempt1.performance.csv,0,334,,
seed4,5,sector,103,1,,strict-burst,cpp,True,True,,,,,,,,,,,,,0,0,0,0,0,4,4,0,0,0,0,0,0,0,0,0,0,18,34,0,0,0,10,7,0,15,18,17.447927713394165,0.969329317410787,2.8673157691955566,,,,,,,,,,,,,,,,,,,,,,,,,,,,,,,68.95,5,5,0,0.378,True,444850,0,0.468,0.268,,,,,,,0,static_pcd,0,0,0,,,,,,,,,,,,,,,../../tmp/counterbalanced_map_worker_3mode_seed1_10_n10_artifacts_20260828/seed4_run5_sector.json,6889,5970,1.017,-1.067,1.979,-24.429,24.025,-24.537,25.776,228.533,7.0,7.001288,7.001288,6.999755,7.0,0.01,True,0,0,0,,,,,,0.0,,,,,,,0,,,,,,,,,,,,,,,,,,,,,,,,,,,,,,,,,,,,,,,,,,,,,,,,,,,,,,,,,,,,,,,,,,,,,,,,,,60,True,0.6,1.2,1.5,2,0.2,421,421,0,421,0,0,/rog_map/commit_version,0.12,0.1,0,0,False,/rog_map/cloud_process_ack,/sector/full_refresh_request,0,0,0,0,0,False,0,0,0,0,0,0,0,False,0,0,0,0,0,0,0,0,0,0,0,0,0,0,0,6000,0,0,100,10103587,4967421,49.165,False,0,False,0,0,False,0,0,1.5,0,1.5,1.5,0,0,0,,,,,,,,,0,0,,False,False,False,0,0,5,15,False,0,0,0,0,0,0,0,0,,,/planning/trajectory_guard_recovery_active,2.5,0,0,False,False,0,0,0,0,0,False,0,0,0,0,0,0,0,0,False,0,0,0,0,0,0,0,0,,,,,,,,,,,,,,,,,,,,,,,,12264.665829145728,398,5.772298767222625,70795.31544597534,245293.3165829146,97626740.0,1.3503134812541073,11.327250471356054,20.0,13.235207437185931,8.5974508040201,4.63601135678392,1.1048026055276383,49.165,82.94849971441526,2.7022093451968368,25.335939156673145,1,0,True,,0,3190.45703125,3166.0703125,0.0,4649.62890625,2047.91015625,8617.4453125,703.16796875,0.0,0.0,../../tmp/counterbalanced_map_worker_3mode_seed1_10_n10_artifacts_20260828/seed4_run5_sector.attempt1.memory.csv,True,True,../../tmp/counterbalanced_map_worker_3mode_seed1_10_n10_artifacts_20260828/seed4_run5_sector.attempt1.performance.csv,0,398,,
seed4,5,adaptive,104,2,,strict-burst,cpp,True,True,,,,,,,,,,,,,0,28,28,28,0,3,4,0,0,0,0,0,0,0,0,0,0,28,62,0,1,0,10,14,0,19,28,25.83442211151123,0.9226579325539725,2.027226686477661,,,,,,,,,,,,,,,,,,,,,,,,,,,,,,,73.68,5,5,0,0.417,True,444850,0,0.431,0.231,,,,,,,0,static_pcd,0,0,0,,,,,,,,,,,,,,,../../tmp/counterbalanced_map_worker_3mode_seed1_10_n10_artifacts_20260828/seed4_run5_adaptive.json,7366,6480,1.048,-0.707,1.288,-25.758,24.025,-25.035,25.217,227.614,7.0,7.005378,7.005378,7.000415,7.0,0.01,True,0,0,0,,,,,,1.118,1787896751.058522,7.491,8.672,1787896749.630526,3.498,4.222,0,,,,,,,,,,,,,,,,,,,,,,,,,,,,,,,,,,,,,,,,,,,,,,,,,,,,,,,,,,,,,,,,,,,,,,,,,,60,True,0.6,1.2,1.5,2,1.5,413,413,0,291,122,5,/rog_map/commit_version,0.12,0.1,0.25,0,True,/rog_map/cloud_process_ack,/sector/full_refresh_request,281,281,27,77,77,False,0,1,77,0,0,0,77,False,105,105,0,281,0,281,1787896822628608154,281,0,0.35689,0.66122,0.046549,0.088722,0.182287,0.86408,6000,1134133,707983,70.46,9588741,6005309,62.629,True,52.542,True,77.482,80.126,True,0.6,1.4,1.5,0.2,3,2.899488,1,1,0,1787896776.43,1787896776.43,1787896776.58,1787896818.01,1787896819.22,1.209723,,,29,1.209723,0,True,True,False,0.6,1.4,3,15,False,21,21,11,10,16.707,421,225,6,1787896748.99,1787896748.99,/planning/trajectory_guard_recovery_active,2.5,0,0,False,True,57,28,6,5,28,False,1,28,28,0,0,0,0.046122,0.057448,False,0,71.913,124,173,100,116,30.024,41.889,1787896754.33,,,,,,,,,,,,,,,,,,,,,,,21363.279569892475,279,3.786644951140065,80895.15472312702,551237.4695340502,153795254.0,1.9906431015876163,16.698724647122692,24.516129032258064,30.489352974910393,18.496579892473118,11.990962724014338,2.4026005913978494,62.629,80.74790307297681,2.887564827476685,25.06065105225363,1,0,True,,0,3198.0703125,3173.7587890625,0.0,4644.875,2047.8828125,8600.7421875,703.16796875,0.0,0.0,../../tmp/counterbalanced_map_worker_3mode_seed1_10_n10_artifacts_20260828/seed4_run5_adaptive.attempt1.memory.csv,True,True,../../tmp/counterbalanced_map_worker_3mode_seed1_10_n10_artifacts_20260828/seed4_run5_adaptive.attempt1.performance.csv,2,281,,
seed4,5,full,105,3,,strict-burst,direct,True,True,,,,,,,,,,,,,0,0,0,0,0,3,3,0,0,0,0,0,0,0,0,0,0,27,56,0,0,0,14,13,0,24,27,20.584122896194458,0.7623749220812762,1.3143117427825928,,,,,,,,,,,,,,,,,,,,,,,,,,,,,,,70.67,5,5,0,0.375,True,444850,0,0.482,0.282,,,,,,,0,static_pcd,0,0,0,,,,,,,,,,,,,,,../../tmp/counterbalanced_map_worker_3mode_seed1_10_n10_artifacts_20260828/seed4_run5_full.json,7065,6199,1.052,-0.985,1.063,-24.565,24.025,-24.308,25.395,228.018,7.001,7.000663,7.000664,7.000546,7.0,0.01,True,0,0,0,,,,,,1.268,,,,,,,0,,,,,,,,,,,,,,,,,,,,,,,,,,,,,,,,,,,,,,,,,,,,,,,,,,,,,,,,,,,,,,,,,,,,,,,,,,,,,,,,,,,,,,,,,,,,,,,,,,,,,,,,,,,,,,,,,,,,,,,,,,,,,,,,,,,,,,,,,,,,,,,,,,,,,,,,,,,,,,,,,,,,,,,,,,,,,,,,,,,,,,,,,,,,,,,,,,,,,,,,,,,,,,,,,,,,,,,,,,,,,,,,,,,24983.263852242744,379,5.362954577614263,133984.10924013017,799464.5435356201,302997062.0,4.088871034044887,34.299936267157214,32.0,35.18884432717678,22.232341688654355,12.95463277044855,2.055140279683377,,93.2780637954112,,24.53381249664707,1,0,True,,0,3196.64453125,3173.7802734375,0.0,4649.24609375,2047.8828125,8609.73828125,703.16796875,0.0,0.0,../../tmp/counterbalanced_map_worker_3mode_seed1_10_n10_artifacts_20260828/seed4_run5_full.attempt1.memory.csv,True,True,../../tmp/counterbalanced_map_worker_3mode_seed1_10_n10_artifacts_20260828/seed4_run5_full.attempt1.performance.csv,6,385,,
seed4,6,adaptive,106,1,,strict-burst,cpp,True,True,,,,,,,,,,,,,0,14,14,14,0,4,4,0,0,0,0,0,0,0,0,0,0,14,24,0,1,0,8,5,0,11,14,18.736952304840088,1.3383537360600062,7.0815489292144775,,,,,,,,,,,,,,,,,,,,,,,,,,,,,,,66.04,5,5,0,0.409,True,444850,0,0.463,0.263,,,,,,,0,static_pcd,0,0,0,,,,,,,,,,,,,,,../../tmp/counterbalanced_map_worker_3mode_seed1_10_n10_artifacts_20260828/seed4_run6_adaptive.json,6603,5730,1.375,-0.503,1.527,-25.51,24.025,-24.42,26.111,227.304,7.0,7.001269,7.001269,7.000061,7.0,0.01,True,0,0,0,,,,,,0.534,1787896913.220579,2.031,2.95,1787896914.06103,3.684,4.415,0,,,,,,,,,,,,,,,,,,,,,,,,,,,,,,,,,,,,,,,,,,,,,,,,,,,,,,,,,,,,,,,,,,,,,,,,,,60,True,0.6,1.2,1.5,2,1.5,440,440,0,293,147,5,/rog_map/commit_version,0.12,0.1,0.25,0,True,/rog_map/cloud_process_ack,/sector/full_refresh_request,282,282,36,66,66,False,0,1,66,0,0,0,66,False,80,80,0,282,0,282,1787896979256476476,282,0,0.329084,0.65967,0.047979,0.09482,0.159358,0.968209,6000,1077771,656640,66.591,10343925,5721264,55.31,True,36.591,False,65.227,72.235,True,0.6,1.4,1.5,0.2,3,2.898633,1,1,0,1787896952.93,1787896952.93,1787896953.02,1787896968.92,1787896970.13,1.209693,,,12,1.209693,0,True,True,False,0.6,1.4,3,15,False,24,24,13,13,20.909,446,254,9,1787896913.22,1787896913.22,/planning/trajectory_guard_recovery_active,2.5,0,0,False,False,29,14,6,6,14,False,1,14,14,0,0,0,0.045756,0.055136,False,0,54.318,112,127,81,85,25.455,28.864,1787896918.3,,,,,,,,,,,,,,,,,,,,,,,20200.391459074734,281,4.254996971532404,85952.60448213204,500912.83274021355,140756506.0,2.0326448310006393,17.051060690490612,23.416370106761565,28.26105491103203,17.10680537366548,11.152478612099644,2.3658466761565835,55.31,93.4937784181967,2.86682093442966,24.39653455037478,1,0,True,,0,3202.01953125,3177.814453125,0.0,4625.60546875,2047.875,8648.140625,703.16796875,0.0,0.0,../../tmp/counterbalanced_map_worker_3mode_seed1_10_n10_artifacts_20260828/seed4_run6_adaptive.attempt1.memory.csv,True,True,../../tmp/counterbalanced_map_worker_3mode_seed1_10_n10_artifacts_20260828/seed4_run6_adaptive.attempt1.performance.csv,1,282,,
seed4,6,full,107,2,,strict-burst,direct,True,True,,,,,,,,,,,,,0,0,0,0,0,10,16,0,0,0,0,0,0,0,0,0,0,24,47,0,0,0,12,10,0,20,24,26.672203063964844,1.1113417943318684,2.556784152984619,,,,,,,,,,,,,,,,,,,,,,,,,,,,,,,81.89,5,5,0,0.4,True,444850,0,0.466,0.266,,,,,,,0,static_pcd,0,0,0,,,,,,,,,,,,,,,../../tmp/counterbalanced_map_worker_3mode_seed1_10_n10_artifacts_20260828/seed4_run6_full.json,8187,7169,1.46,-0.043,1.389,-25.638,24.124,-26.251,25.998,233.994,7.0,7.001515,7.001515,7.000024,7.0,0.01,True,0,0,0,,,,,,0.762,,,,,,,0,,,,,,,,,,,,,,,,,,,,,,,,,,,,,,,,,,,,,,,,,,,,,,,,,,,,,,,,,,,,,,,,,,,,,,,,,,,,,,,,,,,,,,,,,,,,,,,,,,,,,,,,,,,,,,,,,,,,,,,,,,,,,,,,,,,,,,,,,,,,,,,,,,,,,,,,,,,,,,,,,,,,,,,,,,,,,,,,,,,,,,,,,,,,,,,,,,,,,,,,,,,,,,,,,,,,,,,,,,,,,,,,,,,23180.477124183006,459,5.605079985346196,129928.42837953352,741775.2418300654,340474836.0,3.9651008239813175,33.261676492856274,32.0,34.36356078431373,22.040144444444444,12.321549150326797,1.8020440675381264,,91.36688852652983,,22.46731990817261,1,0,True,,0,3214.62109375,3191.7080078125,0.0,4616.12890625,2047.8671875,8647.6484375,703.16796875,0.0,0.0,../../tmp/counterbalanced_map_worker_3mode_seed1_10_n10_artifacts_20260828/seed4_run6_full.attempt1.memory.csv,True,True,../../tmp/counterbalanced_map_worker_3mode_seed1_10_n10_artifacts_20260828/seed4_run6_full.attempt1.performance.csv,5,464,,
seed4,6,sector,108,3,,strict-burst,cpp,True,True,,,,,,,,,,,,,0,0,0,0,0,6,8,0,0,0,0,0,0,0,0,0,0,15,32,0,0,0,8,7,0,8,15,13.279435873031616,0.8852957248687744,1.9277970790863037,,,,,,,,,,,,,,,,,,,,,,,,,,,,,,,68.62,5,5,0,0.358,True,444850,0,0.396,0.196,,,,,,,0,static_pcd,0,0,0,,,,,,,,,,,,,,,../../tmp/counterbalanced_map_worker_3mode_seed1_10_n10_artifacts_20260828/seed4_run6_sector.json,6860,6130,1.165,-0.859,1.701,-25.465,25.379,-25.048,26.945,233.324,6.999,7.000961,7.000961,6.998622,7.0,0.01,True,0,0,0,,,,,,0.513,,,,,,,0,,,,,,,,,,,,,,,,,,,,,,,,,,,,,,,,,,,,,,,,,,,,,,,,,,,,,,,,,,,,,,,,,,,,,,,,,,60,True,0.6,1.2,1.5,2,0.2,463,463,0,463,0,0,/rog_map/commit_version,0.12,0.1,0,0,False,/rog_map/cloud_process_ack,/sector/full_refresh_request,0,0,0,0,0,False,0,0,0,0,0,0,0,False,0,0,0,0,0,0,0,0,0,0,0,0,0,0,0,6000,0,0,100,11324353,5795388,51.176,False,0,False,0,0,False,0,0,1.5,0,1.5,1.5,0,0,0,,,,,,,,,0,0,,False,False,False,0,0,5,15,False,0,0,0,0,0,0,0,0,,,/planning/trajectory_guard_recovery_active,2.5,0,0,False,False,0,0,0,0,0,False,0,0,0,0,0,0,0,0,False,0,0,0,0,0,0,0,0,,,,,,,,,,,,,,,,,,,,,,,,13038.933638443936,437,6.368405712620227,83037.2194695424,260778.67276887872,113960280.0,1.5838092702778321,13.285955115126784,20.0,13.200375125858123,8.561237162471395,4.637357070938215,1.0512811784897025,51.176,88.22188333604926,2.771570514271778,23.990401521971062,1,0,True,,0,3191.03515625,3167.041015625,0.0,4624.390625,2047.86328125,8642.78125,703.16796875,0.0,0.0,../../tmp/counterbalanced_map_worker_3mode_seed1_10_n10_artifacts_20260828/seed4_run6_sector.attempt1.memory.csv,True,True,../../tmp/counterbalanced_map_worker_3mode_seed1_10_n10_artifacts_20260828/seed4_run6_sector.attempt1.performance.csv,2,439,,
seed4,7,full,109,1,,strict-burst,direct,True,True,,,,,,,,,,,,,0,0,0,0,0,6,6,0,0,0,0,0,0,0,0,0,0,16,32,0,0,0,8,7,0,11,16,14.879521608352661,0.9299701005220413,2.045254707336426,,,,,,,,,,,,,,,,,,,,,,,,,,,,,,,67.06,5,5,0,0.393,True,444850,0,0.397,0.197,,,,,,,0,static_pcd,0,0,0,,,,,,,,,,,,,,,../../tmp/counterbalanced_map_worker_3mode_seed1_10_n10_artifacts_20260828/seed4_run7_full.json,6704,6010,1.401,-0.397,1.762,-24.561,24.025,-25.941,25.162,228.541,6.999,7.006954,7.006954,6.999433,7.0,0.01,True,0,0,0,,,,,,1.031,,,,,,,0,,,,,,,,,,,,,,,,,,,,,,,,,,,,,,,,,,,,,,,,,,,,,,,,,,,,,,,,,,,,,,,,,,,,,,,,,,,,,,,,,,,,,,,,,,,,,,,,,,,,,,,,,,,,,,,,,,,,,,,,,,,,,,,,,,,,,,,,,,,,,,,,,,,,,,,,,,,,,,,,,,,,,,,,,,,,,,,,,,,,,,,,,,,,,,,,,,,,,,,,,,,,,,,,,,,,,,,,,,,,,,,,,,,24431.330166270785,421,6.277960035788846,153378.91440501044,781802.5605700712,329138878.0,4.680752974640175,39.26500184909037,32.0,35.86517102137767,22.864145605700713,12.999254703087887,1.9738147220902613,,103.16318949753975,,,1,0,True,,0,3207.2109375,3184.2275390625,0.0,4667.859375,2047.828125,8633.8125,703.16796875,0.0,0.0,../../tmp/counterbalanced_map_worker_3mode_seed1_10_n10_artifacts_20260828/seed4_run7_full.attempt1.memory.csv,True,True,../../tmp/counterbalanced_map_worker_3mode_seed1_10_n10_artifacts_20260828/seed4_run7_full.attempt1.performance.csv,4,425,,
seed4,7,sector,110,2,,strict-burst,cpp,True,True,,,,,,,,,,,,,0,0,0,0,0,5,5,0,0,0,0,0,0,0,0,0,0,25,57,0,1,0,12,13,0,19,25,21.210623264312744,0.8484249305725098,4.206692218780518,,,,,,,,,,,,,,,,,,,,,,,,,,,,,,,72.47,5,5,0,0.314,True,444850,0,0.439,0.239,,,,,,,0,static_pcd,0,0,0,,,,,,,,,,,,,,,../../tmp/counterbalanced_map_worker_3mode_seed1_10_n10_artifacts_20260828/seed4_run7_sector.json,7245,6610,0.983,-0.836,1.869,-23.975,24.028,-24.064,25.212,230.496,7.001,7.002807,7.002807,7.001109,7.0,0.01,True,0,0,0,,,,,,1.147,,,,,,,0,,,,,,,,,,,,,,,,,,,,,,,,,,,,,,,,,,,,,,,,,,,,,,,,,,,,,,,,,,,,,,,,,,,,,,,,,,60,True,0.6,1.2,1.5,2,0.2,437,437,0,437,0,0,/rog_map/commit_version,0.12,0.1,0,0,False,/rog_map/cloud_process_ack,/sector/full_refresh_request,0,0,0,0,0,False,0,0,0,0,0,0,0,False,0,0,0,0,0,0,0,0,0,0,0,0,0,0,0,6000,0,0,100,10184996,4907935,48.188,False,0,False,0,0,False,0,0,1.5,0,1.5,1.5,0,0,0,,,,,,,,,0,0,,False,False,False,0,0,5,15,False,0,0,0,0,0,0,0,0,,,/planning/trajectory_guard_recovery_active,2.5,0,0,False,False,0,0,0,0,0,False,0,0,0,0,0,0,0,0,False,0,0,0,0,0,0,0,0,,,,,,,,,,,,,,,,,,,,,,,,11704.52798053528,411,5.671312267145026,66380.03311715192,234090.5596107056,96211220.0,1.266098654120482,10.620805298744308,20.0,13.026336569343066,8.377506009732361,4.647205717761557,1.0476077323600974,48.188,83.95884289208536,2.5900693281748746,24.12607692232371,1,0,True,,0,3182.1484375,3157.939453125,0.0,4687.72265625,2047.8203125,8623.953125,703.16796875,0.0,0.0,../../tmp/counterbalanced_map_worker_3mode_seed1_10_n10_artifacts_20260828/seed4_run7_sector.attempt1.memory.csv,True,True,../../tmp/counterbalanced_map_worker_3mode_seed1_10_n10_artifacts_20260828/seed4_run7_sector.attempt1.performance.csv,2,413,,
seed4,7,adaptive,111,3,,strict-burst,cpp,True,True,,,,,,,,,,,,,0,21,21,21,0,4,5,0,0,0,0,0,0,0,0,0,0,21,42,0,1,0,11,9,0,17,21,19.349687576293945,0.9214136941092355,2.060072898864746,,,,,,,,,,,,,,,,,,,,,,,,,,,,,,,70.67,5,5,0,0.403,True,444850,0,0.504,0.304,,,,,,,0,static_pcd,0,0,0,,,,,,,,,,,,,,,../../tmp/counterbalanced_map_worker_3mode_seed1_10_n10_artifacts_20260828/seed4_run7_adaptive.json,7062,6280,1.107,-0.917,1.372,-23.975,24.025,-24.392,25.731,227.324,7.0,7.005659,7.005659,7.00033,7.0,0.01,True,0,0,0,,,,,,0.0,1787897320.303262,2.11,3.236,1787897335.599334,16.604,24.38,0,,,,,,,,,,,,,,,,,,,,,,,,,,,,,,,,,,,,,,,,,,,,,,,,,,,,,,,,,,,,,,,,,,,,,,,,,,60,True,0.6,1.2,1.5,2,1.5,425,425,0,290,135,5,/rog_map/commit_version,0.12,0.1,0.25,0,True,/rog_map/cloud_process_ack,/sector/full_refresh_request,278,278,29,61,61,False,0,1,61,0,0,0,61,False,82,82,0,278,0,278,1787897390097678896,278,0,0.368526,1.358065,0.046546,0.062423,0.172959,1.358065,6000,1219227,740107,68.235,9608480,5407496,56.278,False,0,True,70.118,74.191,False,0.6,1.4,1.5,0.2,3,2.89997,0,0,0,,,,,,,,,0,0,,True,True,False,0.6,1.4,3,15,False,23,23,13,12,18.353,420,241,10,1787897320.3,1787897320.3,/planning/trajectory_guard_recovery_active,2.5,0,0,False,True,43,21,8,7,21,False,1,21,21,0,0,0,0.051608,0.090144,False,0,64,103,169,79,117,24.235,39.765,1787897320.32,,,,,,,,,,,,,,,,,,,,,,,19289.719424460432,278,3.9337767086458184,75881.44898825527,475688.3021582734,132241348.0,1.7845645557455925,14.970012508843922,23.53956834532374,29.082725575539566,17.430355395683453,11.650502338129497,2.3765541510791364,56.278,83.33220535966734,2.9142933584586146,27.457601772865107,1,0,True,,0,3196.3125,3172.2119140625,0.0,4595.6796875,2047.8125,8651.546875,703.16796875,0.0,0.0,../../tmp/counterbalanced_map_worker_3mode_seed1_10_n10_artifacts_20260828/seed4_run7_adaptive.attempt1.memory.csv,True,True,../../tmp/counterbalanced_map_worker_3mode_seed1_10_n10_artifacts_20260828/seed4_run7_adaptive.attempt1.performance.csv,0,278,,
seed4,8,sector,112,1,,strict-burst,cpp,True,True,,,,,,,,,,,,,0,0,0,0,0,4,4,0,0,0,0,0,0,0,0,0,0,21,50,0,1,0,10,11,0,14,21,17.019233226776123,0.8104396774655297,1.8511700630187988,,,,,,,,,,,,,,,,,,,,,,,,,,,,,,,68.04,5,5,0,0.412,True,444850,0,0.43,0.23,,,,,,,0,static_pcd,0,0,0,,,,,,,,,,,,,,,../../tmp/counterbalanced_map_worker_3mode_seed1_10_n10_artifacts_20260828/seed4_run8_sector.json,6802,5770,1.013,-0.939,1.721,-24.51,24.186,-24.47,26.435,226.313,7.0,7.001606,7.001605,6.999976,7.0,0.01,True,0,0,0,,,,,,0.0,,,,,,,0,,,,,,,,,,,,,,,,,,,,,,,,,,,,,,,,,,,,,,,,,,,,,,,,,,,,,,,,,,,,,,,,,,,,,,,,,,60,True,0.6,1.2,1.5,2,0.2,452,452,0,452,0,0,/rog_map/commit_version,0.12,0.1,0,0,False,/rog_map/cloud_process_ack,/sector/full_refresh_request,0,0,0,0,0,False,0,0,0,0,0,0,0,False,0,0,0,0,0,0,0,0,0,0,0,0,0,0,0,6000,0,0,100,10502901,5090841,48.471,False,0,False,0,0,False,0,0,1.5,0,1.5,1.5,0,0,0,,,,,,,,,0,0,,False,False,False,0,0,5,15,False,0,0,0,0,0,0,0,0,,,/planning/trajectory_guard_recovery_active,2.5,0,0,False,False,0,0,0,0,0,False,0,0,0,0,0,0,0,0,False,0,0,0,0,0,0,0,0,,,,,,,,,,,,,,,,,,,,,,,,11684.523364485982,428,6.290417401528512,73500.5291005291,233690.4672897196,100019520.0,1.4019113369088954,11.760084656084654,20.0,13.752011658878505,8.57141679906542,5.1788875,1.064016593457944,48.471,84.6082359942188,2.6710145568797623,25.272002833315774,1,0,True,,0,3184.1796875,3159.9443359375,0.0,4651.109375,2047.80859375,8620.921875,703.16796875,0.0,0.0,../../tmp/counterbalanced_map_worker_3mode_seed1_10_n10_artifacts_20260828/seed4_run8_sector.attempt1.memory.csv,True,True,../../tmp/counterbalanced_map_worker_3mode_seed1_10_n10_artifacts_20260828/seed4_run8_sector.attempt1.performance.csv,0,428,,
seed4,8,adaptive,113,2,,strict-burst,cpp,True,True,,,,,,,,,,,,,0,23,23,23,0,2,2,0,0,0,0,0,0,0,0,0,0,23,41,0,0,0,12,9,0,18,23,19.895939350128174,0.8650408413099206,1.7962276935577393,,,,,,,,,,,,,,,,,,,,,,,,,,,,,,,66.03,5,5,0,0.378,True,444850,0,0.48,0.28,,,,,,,0,static_pcd,0,0,0,,,,,,,,,,,,,,,../../tmp/counterbalanced_map_worker_3mode_seed1_10_n10_artifacts_20260828/seed4_run8_adaptive.json,6598,5740,1.269,-0.757,1.497,-24.483,24.318,-24.377,24.599,225.918,7.0,7.002282,7.002282,7.000406,7.0,0.01,True,0,0,0,,,,,,0.0,1787897478.884865,1.684,2.662,1787897483.792171,15.276,15.206,0,,,,,,,,,,,,,,,,,,,,,,,,,,,,,,,,,,,,,,,,,,,,,,,,,,,,,,,,,,,,,,,,,,,,,,,,,,60,True,0.6,1.2,1.5,2,1.5,413,413,0,282,131,5,/rog_map/commit_version,0.12,0.1,0.25,0,True,/rog_map/cloud_process_ack,/sector/full_refresh_request,270,270,32,54,54,False,0,1,54,0,0,0,54,False,77,77,0,270,0,270,1787897544893320529,270,0,0.356061,0.966336,0.048729,0.094217,0.16831,1.083693,6000,1115263,682962,68.281,9883689,5776017,58.44,True,63.68,True,67.797,73.636,False,0.6,1.4,1.5,0.2,3,2.899299,1,0,0,1787897498.97,1787897498.97,1787897499.1,,,,,,33,1.180023,0,True,True,False,0.6,1.4,3,15,False,25,25,8,7,21.55,395,219,9,1787897478.88,1787897478.88,/planning/trajectory_guard_recovery_active,2.5,0,0,False,True,47,23,5,4,23,False,1,23,23,0,0,0,0.048109,0.066311,False,0,60.775,114,137,85,97,27.603,33.172,1787897479.12,,,,,,,,,,,,,,,,,,,,,,,21226.15925925926,270,4.08905043162199,86794.83568075117,522849.8740740741,141169466.0,2.0389170677720028,17.103676026048763,23.42222222222222,28.88704548148148,17.311694037037036,11.57364262962963,2.4426745888888886,58.44,82.75331092899867,2.8784340445890626,25.97113337624211,1,0,True,,0,3192.125,3167.9013671875,0.0,4655.078125,2047.80078125,8653.015625,703.16796875,0.0,0.0,../../tmp/counterbalanced_map_worker_3mode_seed1_10_n10_artifacts_20260828/seed4_run8_adaptive.attempt1.memory.csv,True,True,../../tmp/counterbalanced_map_worker_3mode_seed1_10_n10_artifacts_20260828/seed4_run8_adaptive.attempt1.performance.csv,0,270,,
seed4,8,full,114,3,,strict-burst,direct,True,True,,,,,,,,,,,,,0,0,0,0,0,1,1,0,0,0,0,0,0,0,0,0,0,4,15,0,0,0,1,3,0,3,4,16.835719108581543,4.208929777145386,14.28094220161438,,,,,,,,,,,,,,,,,,,,,,,,,,,,,,,58.86,5,5,0,0.409,True,444850,0,0.429,0.229,,,,,,,0,static_pcd,0,0,0,,,,,,,,,,,,,,,../../tmp/counterbalanced_map_worker_3mode_seed1_10_n10_artifacts_20260828/seed4_run8_full.json,5884,4970,0.988,-1.106,2.118,-25.2,24.025,-24.297,26.079,225.221,6.999,7.002715,7.002715,6.999334,7.0,0.01,True,0,0,0,,,,,,1.089,,,,,,,0,,,,,,,,,,,,,,,,,,,,,,,,,,,,,,,,,,,,,,,,,,,,,,,,,,,,,,,,,,,,,,,,,,,,,,,,,,,,,,,,,,,,,,,,,,,,,,,,,,,,,,,,,,,,,,,,,,,,,,,,,,,,,,,,,,,,,,,,,,,,,,,,,,,,,,,,,,,,,,,,,,,,,,,,,,,,,,,,,,,,,,,,,,,,,,,,,,,,,,,,,,,,,,,,,,,,,,,,,,,,,,,,,,,24246.11111111111,441,7.492354740061162,181660.46551138294,775875.5192743764,342161104.0,5.543837189228811,46.50507699626232,32.0,37.367341269841276,24.06717732426304,13.297972358276644,2.0229010997732426,,124.73851569813434,,24.823308152410586,1,0,True,,0,3195.671875,3172.85546875,0.0,4670.7890625,2047.796875,8626.06640625,703.16796875,0.0,0.0,../../tmp/counterbalanced_map_worker_3mode_seed1_10_n10_artifacts_20260828/seed4_run8_full.attempt1.memory.csv,True,True,../../tmp/counterbalanced_map_worker_3mode_seed1_10_n10_artifacts_20260828/seed4_run8_full.attempt1.performance.csv,4,445,,
seed4,9,adaptive,115,1,,strict-burst,cpp,True,True,,,,,,,,,,,,,0,40,40,40,0,4,4,0,0,0,0,0,0,0,0,0,0,40,69,0,0,0,23,15,0,38,40,34.71684265136719,0.8679210662841796,1.8444445133209229,,,,,,,,,,,,,,,,,,,,,,,,,,,,,,,83.98,5,5,0,0.357,True,444850,0,0.409,0.209,,,,,,,0,static_pcd,0,0,0,,,,,,,,,,,,,,,../../tmp/counterbalanced_map_worker_3mode_seed1_10_n10_artifacts_20260828/seed4_run9_adaptive.json,8396,7560,0.499,-1.355,1.962,-24.417,24.025,-24.306,26.38,231.503,7.0,7.001303,7.001303,7.000223,7.0,0.01,True,0,0,0,,,,,,0.215,1787897624.321534,2.403,3.495,1787897662.27439,-24.341,16.43,0,,,,,,,,,,,,,,,,,,,,,,,,,,,,,,,,,,,,,,,,,,,,,,,,,,,,,,,,,,,,,,,,,,,,,,,,,,60,True,0.6,1.2,1.5,2,1.5,425,425,0,316,109,5,/rog_map/commit_version,0.12,0.1,0.25,0,True,/rog_map/cloud_process_ack,/sector/full_refresh_request,306,306,27,84,84,False,0,1,84,0,0,0,84,False,124,124,0,306,0,306,1787897707767720535,306,0,0.35019,0.560779,0.045781,0.065366,0.197523,1.17678,6000,1331186,800436,74.353,10281249,6829630,66.428,False,0,True,84.471,88.092,False,0.6,1.4,1.5,0.2,3,2.899505,0,0,0,,,,,,,,,0,0,,True,True,False,0.6,1.4,3,15,False,21,21,6,5,14.824,431,211,8,1787897624.32,1787897624.32,/planning/trajectory_guard_recovery_active,2.5,0,0,False,True,81,40,4,3,40,False,1,40,40,0,0,0,0.048712,0.091115,False,0,83.059,163,190,138,134,38.353,44.706,1787897624.39,,,,,,,,,,,,,,,,,,,,,,,22379.280528052805,303,3.608001905215527,80744.48678256727,585777.5841584158,177490608.0,2.0155779263268596,16.907893117408904,24.91089108910891,31.249392244224424,18.185245907590758,13.062235346534653,2.19823399009901,66.428,69.97189711959206,2.9721598085735668,25.60893265683974,1,0,True,,0,3205.9296875,3181.6669921875,0.0,4651.66015625,2047.78125,8629.54296875,703.15234375,0.0,0.0,../../tmp/counterbalanced_map_worker_3mode_seed1_10_n10_artifacts_20260828/seed4_run9_adaptive.attempt1.memory.csv,True,True,../../tmp/counterbalanced_map_worker_3mode_seed1_10_n10_artifacts_20260828/seed4_run9_adaptive.attempt1.performance.csv,3,306,,
seed4,9,full,116,2,,strict-burst,direct,True,True,,,,,,,,,,,,,0,0,0,0,0,5,5,0,0,0,0,0,0,0,0,0,0,12,27,0,0,0,5,6,0,8,12,10.771615266799927,0.8976346055666605,1.5223653316497803,,,,,,,,,,,,,,,,,,,,,,,,,,,,,,,62.77,5,5,0,0.429,True,444850,0,0.484,0.284,,,,,,,0,static_pcd,0,0,0,,,,,,,,,,,,,,,../../tmp/counterbalanced_map_worker_3mode_seed1_10_n10_artifacts_20260828/seed4_run9_full.json,6275,5480,1.36,-0.469,1.807,-25.184,24.025,-24.64,27.748,226.0,7.0,7.001304,7.001304,6.999857,7.0,0.01,True,0,0,0,,,,,,0.975,,,,,,,0,,,,,,,,,,,,,,,,,,,,,,,,,,,,,,,,,,,,,,,,,,,,,,,,,,,,,,,,,,,,,,,,,,,,,,,,,,,,,,,,,,,,,,,,,,,,,,,,,,,,,,,,,,,,,,,,,,,,,,,,,,,,,,,,,,,,,,,,,,,,,,,,,,,,,,,,,,,,,,,,,,,,,,,,,,,,,,,,,,,,,,,,,,,,,,,,,,,,,,,,,,,,,,,,,,,,,,,,,,,,,,,,,,,23775.428571428572,441,7.025649195475546,167037.82061494343,760813.6689342404,335518828.0,5.0975894365831795,42.76167952843715,32.0,37.62946326530612,24.28381179138322,13.343545170068028,1.9783070453514737,,112.72201951036516,,,1,0,True,,0,3198.31640625,3175.37109375,0.0,4694.7890625,2047.77734375,8603.140625,703.15234375,0.0,0.0,../../tmp/counterbalanced_map_worker_3mode_seed1_10_n10_artifacts_20260828/seed4_run9_full.attempt1.memory.csv,True,True,../../tmp/counterbalanced_map_worker_3mode_seed1_10_n10_artifacts_20260828/seed4_run9_full.attempt1.performance.csv,4,445,,
seed4,9,sector,117,3,,strict-burst,cpp,True,True,,,,,,,,,,,,,0,0,0,0,0,4,4,0,0,0,0,0,0,0,0,0,0,19,53,0,0,0,6,13,0,17,19,15.603271484375,0.8212248149671053,2.6596519947052,,,,,,,,,,,,,,,,,,,,,,,,,,,,,,,69.45,5,5,0,0.417,True,444850,0,0.474,0.274,,,,,,,0,static_pcd,0,0,0,,,,,,,,,,,,,,,../../tmp/counterbalanced_map_worker_3mode_seed1_10_n10_artifacts_20260828/seed4_run9_sector.json,6943,6140,1.076,-0.996,1.062,-25.087,24.025,-24.284,25.002,227.932,7.0,7.002007,7.002006,7.000101,7.0,0.01,True,0,0,0,,,,,,0.748,,,,,,,0,,,,,,,,,,,,,,,,,,,,,,,,,,,,,,,,,,,,,,,,,,,,,,,,,,,,,,,,,,,,,,,,,,,,,,,,,,60,True,0.6,1.2,1.5,2,0.2,404,404,0,404,0,0,/rog_map/commit_version,0.12,0.1,0,0,False,/rog_map/cloud_process_ack,/sector/full_refresh_request,0,0,0,0,0,False,0,0,0,0,0,0,0,False,0,0,0,0,0,0,0,0,0,0,0,0,0,0,0,6000,0,0,100,9845244,5107718,51.88,False,0,False,0,0,False,0,0,1.5,0,1.5,1.5,0,0,0,,,,,,,,,0,0,,False,False,False,0,0,5,15,False,0,0,0,0,0,0,0,0,,,/planning/trajectory_guard_recovery_active,2.5,0,0,False,False,0,0,0,0,0,False,0,0,0,0,0,0,0,0,False,0,0,0,0,0,0,0,0,,,,,,,,,,,,,,,,,,,,,,,,13250.52380952381,378,5.442764578833693,72119.48164146868,265010.4761904762,100173960.0,1.375569947080015,11.53911706263499,20.0,13.364900291005291,8.589954285714287,4.773277513227513,1.1741849603174603,51.88,86.67754015492828,2.6422027064390248,23.830134628612427,1,0,True,,0,3187.16015625,3163.201171875,0.0,4686.62890625,2047.7734375,8622.73046875,703.15234375,0.0,0.0,../../tmp/counterbalanced_map_worker_3mode_seed1_10_n10_artifacts_20260828/seed4_run9_sector.attempt1.memory.csv,True,True,../../tmp/counterbalanced_map_worker_3mode_seed1_10_n10_artifacts_20260828/seed4_run9_sector.attempt1.performance.csv,0,378,,
seed4,10,full,118,1,,strict-burst,direct,True,True,,,,,,,,,,,,,0,0,0,0,0,3,3,0,0,0,0,0,0,0,0,0,0,15,19,0,0,0,11,4,0,13,15,16.944748878479004,1.1296499252319336,2.356396436691284,,,,,,,,,,,,,,,,,,,,,,,,,,,,,,,67.44,5,5,0,0.341,True,444850,0,0.425,0.225,,,,,,,0,static_pcd,0,0,0,,,,,,,,,,,,,,,../../tmp/counterbalanced_map_worker_3mode_seed1_10_n10_artifacts_20260828/seed4_run10_full.json,6742,6100,1.168,-0.879,1.845,-24.433,24.43,-24.277,26.324,227.258,7.0,7.00284,7.00284,7.000019,7.0,0.01,True,0,0,0,,,,,,1.462,,,,,,,0,,,,,,,,,,,,,,,,,,,,,,,,,,,,,,,,,,,,,,,,,,,,,,,,,,,,,,,,,,,,,,,,,,,,,,,,,,,,,,,,,,,,,,,,,,,,,,,,,,,,,,,,,,,,,,,,,,,,,,,,,,,,,,,,,,,,,,,,,,,,,,,,,,,,,,,,,,,,,,,,,,,,,,,,,,,,,,,,,,,,,,,,,,,,,,,,,,,,,,,,,,,,,,,,,,,,,,,,,,,,,,,,,,,24873.90147783251,406,6.020166073546856,149745.0177935943,795964.9310344828,323161762.0,4.56985576014219,38.33472858837485,32.0,35.99645985221675,22.882781527093595,13.1119178817734,2.0303410837438425,,100.55570148505106,,24.104360604317318,1,0,True,,0,3198.8359375,3175.6494140625,0.0,4684.3125,2047.76171875,8619.06640625,703.15234375,0.0,0.0,../../tmp/counterbalanced_map_worker_3mode_seed1_10_n10_artifacts_20260828/seed4_run10_full.attempt1.memory.csv,True,True,../../tmp/counterbalanced_map_worker_3mode_seed1_10_n10_artifacts_20260828/seed4_run10_full.attempt1.performance.csv,4,410,,
seed4,10,sector,119,2,,strict-burst,cpp,True,True,,,,,,,,,,,,,0,0,0,0,0,3,3,0,0,0,0,0,0,0,0,0,0,25,56,0,2,0,12,13,0,20,25,18.60599637031555,0.7442398548126221,1.5463874340057373,,,,,,,,,,,,,,,,,,,,,,,,,,,,,,,67.23,5,5,0,0.352,True,444850,0,0.435,0.235,,,,,,,0,static_pcd,0,0,0,,,,,,,,,,,,,,,../../tmp/counterbalanced_map_worker_3mode_seed1_10_n10_artifacts_20260828/seed4_run10_sector.json,6719,5760,1.461,-0.223,1.427,-23.975,24.025,-27.118,24.025,223.566,7.0,7.000627,7.000626,7.000199,7.0,0.01,True,0,0,0,,,,,,0.0,,,,,,,0,,,,,,,,,,,,,,,,,,,,,,,,,,,,,,,,,,,,,,,,,,,,,,,,,,,,,,,,,,,,,,,,,,,,,,,,,,60,True,0.6,1.2,1.5,2,0.2,387,387,0,387,0,0,/rog_map/commit_version,0.12,0.1,0,0,False,/rog_map/cloud_process_ack,/sector/full_refresh_request,0,0,0,0,0,False,0,0,0,0,0,0,0,False,0,0,0,0,0,0,0,0,0,0,0,0,0,0,0,6000,0,0,100,8609504,4187204,48.635,False,0,False,0,0,False,0,0,1.5,0,1.5,1.5,0,0,0,,,,,,,,,0,0,,False,False,False,0,0,5,15,False,0,0,0,0,0,0,0,0,,,/planning/trajectory_guard_recovery_active,2.5,0,0,False,False,0,0,0,0,0,False,0,0,0,0,0,0,0,0,False,0,0,0,0,0,0,0,0,,,,,,,,,,,,,,,,,,,,,,,,11308.245856353591,362,5.3845009668302835,60889.26074669046,226164.91712707182,81871700.0,1.1613704823816386,9.742281719470473,20.0,12.7510482320442,8.239724779005526,4.509649281767955,1.0703369999999999,48.635,80.34993857655196,2.541266746221356,25.6624685625148,1,0,True,,0,3179.0078125,3155.001953125,0.0,4609.171875,2047.7578125,8661.81640625,703.15234375,0.0,0.0,../../tmp/counterbalanced_map_worker_3mode_seed1_10_n10_artifacts_20260828/seed4_run10_sector.attempt1.memory.csv,True,True,../../tmp/counterbalanced_map_worker_3mode_seed1_10_n10_artifacts_20260828/seed4_run10_sector.attempt1.performance.csv,0,362,,
seed4,10,adaptive,120,3,,strict-burst,cpp,True,True,,,,,,,,,,,,,0,14,14,14,0,4,7,0,0,0,0,0,0,0,0,0,0,14,45,0,0,0,5,9,0,13,14,14.930763244628906,1.0664830889020647,3.2711548805236816,,,,,,,,,,,,,,,,,,,,,,,,,,,,,,,66.13,5,5,0,0.379,True,444850,0,0.484,0.284,,,,,,,0,static_pcd,0,0,0,,,,,,,,,,,,,,,../../tmp/counterbalanced_map_worker_3mode_seed1_10_n10_artifacts_20260828/seed4_run10_adaptive.json,6611,5738,1.279,-0.724,1.611,-24.478,24.349,-24.414,25.209,227.639,7.002,7.00231,7.00231,7.002161,7.0,0.01,True,0,0,0,,,,,,0.775,1787898025.967166,1.652,2.604,1787898029.276236,11.089,11.388,0,,,,,,,,,,,,,,,,,,,,,,,,,,,,,,,,,,,,,,,,,,,,,,,,,,,,,,,,,,,,,,,,,,,,,,,,,,60,True,0.6,1.2,1.5,2,1.5,428,428,0,287,141,5,/rog_map/commit_version,0.12,0.1,0.25,0,True,/rog_map/cloud_process_ack,/sector/full_refresh_request,276,276,30,73,73,False,0,1,73,0,0,0,73,False,87,87,0,276,0,276,1787898092174061454,276,0,0.350371,0.564256,0.047741,0.067326,0.162604,0.859188,6000,993349,620697,67.056,10271994,5844677,56.899,True,12.617,False,62.85,65.284,False,0.6,1.4,1.5,0.2,3,2.898045,1,0,0,1787898085.22,1787898085.22,1787898085.4,,,,,,7,0.840015,0,True,True,False,0.6,1.4,3,15,False,25,25,17,17,19.86,418,266,9,1787898025.97,1787898025.97,/planning/trajectory_guard_recovery_active,2.5,0,0,False,False,29,14,8,8,14,False,1,14,14,0,0,0,0.050694,0.09732,False,0,54.206,92,140,65,95,21.495,32.71,1787898026.1,,,,,,,,,,,,,,,,,,,,,,,21153.167883211678,274,4.143353999697566,87645.0627551792,527482.4452554744,144530190.0,2.084299563712618,17.484371994556177,23.81021897810219,29.458263248175182,17.768646459854015,11.687725839416059,2.465314193430657,56.899,93.31775670441213,2.8543289271651724,22.47172578687615,1,0,True,,0,3199.97265625,3175.7890625,0.0,4602.3046875,2047.7578125,8678.34765625,703.15234375,0.0,0.0,../../tmp/counterbalanced_map_worker_3mode_seed1_10_n10_artifacts_20260828/seed4_run10_adaptive.attempt1.memory.csv,True,True,../../tmp/counterbalanced_map_worker_3mode_seed1_10_n10_artifacts_20260828/seed4_run10_adaptive.attempt1.performance.csv,2,276,,
seed5,1,sector,121,1,,strict-burst,cpp,True,True,,,,,,,,,,,,,0,0,0,0,0,5,7,0,0,0,0,0,0,0,0,0,0,29,62,0,2,0,13,15,0,26,29,24.885722160339355,0.8581283503565295,2.5122861862182617,,,,,,,,,,,,,,,,,,,,,,,,,,,,,,,72.97,5,5,0,0.381,True,635500,0,0.401,0.201,,,,,,,0,static_pcd,0,0,0,,,,,,,,,,,,,,,../../tmp/counterbalanced_map_worker_3mode_seed1_10_n10_artifacts_20260828/seed5_run1_sector.json,7296,6160,1.039,-1.063,2.054,-28.278,24.025,-25.231,27.817,226.96,7.0,7.001833,7.001833,6.999979,7.0,0.01,True,0,0,0,,,,,,1.456,,,,,,,0,,,,,,,,,,,,,,,,,,,,,,,,,,,,,,,,,,,,,,,,,,,,,,,,,,,,,,,,,,,,,,,,,,,,,,,,,,60,True,0.6,1.2,1.5,2,0.2,416,416,0,416,0,0,/rog_map/commit_version,0.12,0.1,0,0,False,/rog_map/cloud_process_ack,/sector/full_refresh_request,0,0,0,0,0,False,0,0,0,0,0,0,0,False,0,0,0,0,0,0,0,0,0,0,0,0,0,0,0,6000,0,0,100,10883831,5255386,48.286,False,0,False,0,0,False,0,0,1.5,0,1.5,1.5,0,0,0,,,,,,,,,0,0,,False,False,False,0,0,5,15,False,0,0,0,0,0,0,0,0,,,/planning/trajectory_guard_recovery_active,2.5,0,0,False,False,0,0,0,0,0,False,0,0,0,0,0,0,0,0,False,0,0,0,0,0,0,0,0,,,,,,,,,,,,,,,,,,,,,,,,13166.535714285714,392,5.372070713992052,70731.5609154447,263330.71428571426,103225640.0,1.3490974600876753,11.317049746471154,20.0,14.288419056122448,9.28065112244898,5.006094260204081,1.224245625,48.286,73.49880534003056,2.661037046189901,24.48655948979081,1,0,True,,0,3183.90625,3159.796875,0.0,4587.41015625,2047.7421875,8702.1640625,703.15234375,0.0,0.0,../../tmp/counterbalanced_map_worker_3mode_seed1_10_n10_artifacts_20260828/seed5_run1_sector.attempt1.memory.csv,True,True,../../tmp/counterbalanced_map_worker_3mode_seed1_10_n10_artifacts_20260828/seed5_run1_sector.attempt1.performance.csv,1,393,,
seed5,1,adaptive,122,2,,strict-burst,cpp,True,True,,,,,,,,,,,,,0,25,25,25,0,6,6,0,0,0,0,0,0,0,0,0,0,25,55,0,1,0,12,11,0,20,25,25.849281311035156,1.0339712524414062,2.953662633895874,,,,,,,,,,,,,,,,,,,,,,,,,,,,,,,75.88,5,5,0,0.44,True,635500,0,0.494,0.294,,,,,,,0,static_pcd,0,0,0,,,,,,,,,,,,,,,../../tmp/counterbalanced_map_worker_3mode_seed1_10_n10_artifacts_20260828/seed5_run1_adaptive.json,7587,6380,1.032,-1.083,2.043,-24.371,24.025,-27.39,27.814,231.28,7.0,7.000597,7.000598,7.000023,7.0,0.01,True,0,0,0,,,,,,0.0,1787898186.07597,3.291,3.322,1787898201.66556,22.122,23.703,0,,,,,,,,,,,,,,,,,,,,,,,,,,,,,,,,,,,,,,,,,,,,,,,,,,,,,,,,,,,,,,,,,,,,,,,,,,60,True,0.6,1.2,1.5,2,1.5,481,481,0,328,153,5,/rog_map/commit_version,0.12,0.1,0.25,0,True,/rog_map/cloud_process_ack,/sector/full_refresh_request,317,317,27,57,57,False,0,1,57,0,0,0,57,False,82,82,0,317,0,317,1787898262167245558,317,0,0.359773,0.830951,0.048491,0.074242,0.160428,1.480778,6000,1840153,991128,68.191,12842649,7235386,56.339,True,40.333,False,75.884,81.858,False,0.6,1.4,1.5,0.2,3,2.900005,1,0,0,1787898231.43,1787898231.43,1787898231.64,,,,,,21,1.059813,0,True,True,False,0.6,1.4,3,15,False,25,25,11,11,17.879,411,252,8,1787898186.08,1787898186.08,/planning/trajectory_guard_recovery_active,2.5,0,0,False,False,51,25,8,8,25,False,1,25,25,0,0,0,0.053044,0.085546,False,0,73.181,144,208,113,137,29.938,43.243,1787898186.39,,,,,,,,,,,,,,,,,,,,,,,22688.435331230285,317,4.177648919346336,94784.31734317343,550046.9905362776,174364896.0,2.1914512783084725,18.38322572482868,23.104100946372238,32.15414438485804,19.44324063091483,12.709022744479496,2.6310116088328073,56.339,86.0092980731561,2.9897118969630667,27.080071196263464,1,0,True,,0,3201.63671875,3177.505859375,0.0,4568.05078125,2047.73046875,8694.171875,703.15234375,0.0,0.0,../../tmp/counterbalanced_map_worker_3mode_seed1_10_n10_artifacts_20260828/seed5_run1_adaptive.attempt1.memory.csv,True,True,../../tmp/counterbalanced_map_worker_3mode_seed1_10_n10_artifacts_20260828/seed5_run1_adaptive.attempt1.performance.csv,0,317,,
seed5,1,full,123,3,,strict-burst,direct,True,True,,,,,,,,,,,,,0,0,0,0,0,4,4,0,0,0,0,0,0,0,0,0,0,12,19,0,0,0,7,4,0,7,12,10.884052753448486,0.9070043961207072,1.406137228012085,,,,,,,,,,,,,,,,,,,,,,,,,,,,,,,63.1,5,5,0,0.37,True,635500,0,0.385,0.185,,,,,,,0,static_pcd,0,0,0,,,,,,,,,,,,,,,../../tmp/counterbalanced_map_worker_3mode_seed1_10_n10_artifacts_20260828/seed5_run1_full.json,6309,5060,0.986,-1.0,1.538,-27.738,24.025,-28.159,25.852,226.837,7.0,7.00119,7.00119,6.999804,7.0,0.01,True,0,0,0,,,,,,1.404,,,,,,,0,,,,,,,,,,,,,,,,,,,,,,,,,,,,,,,,,,,,,,,,,,,,,,,,,,,,,,,,,,,,,,,,,,,,,,,,,,,,,,,,,,,,,,,,,,,,,,,,,,,,,,,,,,,,,,,,,,,,,,,,,,,,,,,,,,,,,,,,,,,,,,,,,,,,,,,,,,,,,,,,,,,,,,,,,,,,,,,,,,,,,,,,,,,,,,,,,,,,,,,,,,,,,,,,,,,,,,,,,,,,,,,,,,,26661.83910891089,404,6.4025356576862125,170703.37559429478,853178.8762376237,344684266.0,5.209453752037085,43.700065419968304,32.0,40.732148762376234,25.910296039603963,14.819821113861385,2.4644962896039604,,111.31656225642975,,24.62657779853739,1,0,True,,0,3201.125,3178.1494140625,0.0,4561.25,2047.99609375,8702.5625,703.15234375,0.0,0.0,../../tmp/counterbalanced_map_worker_3mode_seed1_10_n10_artifacts_20260828/seed5_run1_full.attempt1.memory.csv,True,True,../../tmp/counterbalanced_map_worker_3mode_seed1_10_n10_artifacts_20260828/seed5_run1_full.attempt1.performance.csv,5,409,,
seed5,2,adaptive,124,1,,strict-burst,cpp,True,True,,,,,,,,,,,,,0,27,27,27,0,3,3,0,0,0,0,0,0,0,0,0,0,27,57,0,2,0,14,13,0,24,27,25.670530796051025,0.9507603998537417,3.3511853218078613,,,,,,,,,,,,,,,,,,,,,,,,,,,,,,,68.97,5,5,0,0.377,True,635500,0,0.452,0.252,,,,,,,0,static_pcd,0,0,0,,,,,,,,,,,,,,,../../tmp/counterbalanced_map_worker_3mode_seed1_10_n10_artifacts_20260828/seed5_run2_adaptive.json,6896,5590,1.138,-0.968,1.745,-27.72,24.225,-24.658,24.574,224.558,6.999,7.001752,7.001752,6.99892,7.0,0.01,True,0,0,0,,,,,,1.494,1787898367.004405,-5.588,22.811,1787898366.080314,-1.459,23.876,0,,,,,,,,,,,,,,,,,,,,,,,,,,,,,,,,,,,,,,,,,,,,,,,,,,,,,,,,,,,,,,,,,,,,,,,,,,60,True,0.6,1.2,1.5,2,1.5,416,416,0,286,130,5,/rog_map/commit_version,0.12,0.1,0.25,0,True,/rog_map/cloud_process_ack,/sector/full_refresh_request,275,275,27,63,63,False,0,1,63,0,0,0,63,False,90,90,0,275,0,275,1787898414578405733,275,1,0.355819,0.644705,0.051774,0.117005,0.171337,0.875902,6000,1379124,742539,68.75,10766633,6222673,57.796,True,68.51,False,75,80.143,False,0.6,1.4,1.5,0.2,3,2.899125,1,0,0,1787898364.84,1787898364.84,1787898364.94,,,,,,38,0.850089,0,True,True,False,0.6,1.4,3,15,False,19,19,6,6,16.346,381,219,9,1787898345.77,1787898345.77,/planning/trajectory_guard_recovery_active,2.5,0,0,False,False,55,27,4,4,27,False,1,27,27,0,0,0,0.050256,0.070951,False,0,70.673,148,146,111,102,35.577,35.096,1787898345.92,,,,,,,,,,,,,,,,,,,,,,,22538.74087591241,274,3.972741771784834,89540.59736117153,569627.2554744525,156077868.0,2.158147804422864,18.10385593736407,23.94160583941606,31.566512992700734,19.012910583941604,12.551677700729925,2.709733208029197,57.796,80.5962980288185,2.856019600774652,23.19220760316196,1,0,True,,0,3198.41015625,3174.2421875,0.0,4518.83203125,2047.9921875,8747.73828125,703.15234375,0.0,0.0,../../tmp/counterbalanced_map_worker_3mode_seed1_10_n10_artifacts_20260828/seed5_run2_adaptive.attempt1.memory.csv,True,True,../../tmp/counterbalanced_map_worker_3mode_seed1_10_n10_artifacts_20260828/seed5_run2_adaptive.attempt1.performance.csv,1,275,,
seed5,2,full,125,2,,strict-burst,direct,True,True,,,,,,,,,,,,,0,0,0,0,0,7,10,0,0,0,0,0,0,0,0,0,0,12,29,0,0,0,6,6,0,8,12,13.374128818511963,1.1145107348759968,2.048978567123413,,,,,,,,,,,,,,,,,,,,,,,,,,,,,,,67.72,5,5,0,0.36,True,635500,0,0.365,0.165,,,,,,,0,static_pcd,0,0,0,,,,,,,,,,,,,,,../../tmp/counterbalanced_map_worker_3mode_seed1_10_n10_artifacts_20260828/seed5_run2_full.json,6771,5400,1.01,-1.066,1.872,-24.554,24.025,-24.83,28.075,231.251,7.001,7.001588,7.001588,7.001302,7.0,0.01,True,0,0,0,,,,,,1.468,,,,,,,0,,,,,,,,,,,,,,,,,,,,,,,,,,,,,,,,,,,,,,,,,,,,,,,,,,,,,,,,,,,,,,,,,,,,,,,,,,,,,,,,,,,,,,,,,,,,,,,,,,,,,,,,,,,,,,,,,,,,,,,,,,,,,,,,,,,,,,,,,,,,,,,,,,,,,,,,,,,,,,,,,,,,,,,,,,,,,,,,,,,,,,,,,,,,,,,,,,,,,,,,,,,,,,,,,,,,,,,,,,,,,,,,,,,28459.42694063927,438,6.467808623744832,184070.12699350266,910701.6484018265,398887322.0,5.617374396507231,47.12195180153574,32.0,40.47107808219178,25.910512328767126,14.558751529680366,2.376960139269406,,110.45113582496705,,26.131700013817827,1,0,True,,0,3205.18359375,3182.3662109375,0.0,4620.765625,2047.98046875,8653.22265625,703.15234375,0.0,0.0,../../tmp/counterbalanced_map_worker_3mode_seed1_10_n10_artifacts_20260828/seed5_run2_full.attempt1.memory.csv,True,True,../../tmp/counterbalanced_map_worker_3mode_seed1_10_n10_artifacts_20260828/seed5_run2_full.attempt1.performance.csv,5,443,,
seed5,2,sector,126,3,,strict-burst,cpp,True,True,,,,,,,,,,,,,0,0,0,0,0,2,2,0,0,0,0,0,0,0,0,0,0,11,28,0,2,0,4,6,0,7,11,12.175262212753296,1.1068420193412087,3.6767828464508057,,,,,,,,,,,,,,,,,,,,,,,,,,,,,,,62.14,5,5,0,0.404,True,635500,0,0.436,0.236,,,,,,,0,static_pcd,0,0,0,,,,,,,,,,,,,,,../../tmp/counterbalanced_map_worker_3mode_seed1_10_n10_artifacts_20260828/seed5_run2_sector.json,6213,4760,0.855,-1.208,1.768,-25.696,24.025,-24.897,24.49,225.69,7.001,7.003261,7.003261,7.001336,7.0,0.01,True,0,0,0,,,,,,0.0,,,,,,,0,,,,,,,,,,,,,,,,,,,,,,,,,,,,,,,,,,,,,,,,,,,,,,,,,,,,,,,,,,,,,,,,,,,,,,,,,,60,True,0.6,1.2,1.5,2,0.2,413,413,0,413,0,0,/rog_map/commit_version,0.12,0.1,0,0,False,/rog_map/cloud_process_ack,/sector/full_refresh_request,0,0,0,0,0,False,0,0,0,0,0,0,0,False,0,0,0,0,0,0,0,0,0,0,0,0,0,0,0,6000,0,0,100,11116372,5273013,47.435,False,0,False,0,0,False,0,0,1.5,0,1.5,1.5,0,0,0,,,,,,,,,0,0,,False,False,False,0,0,5,15,False,0,0,0,0,0,0,0,0,,,/planning/trajectory_guard_recovery_active,2.5,0,0,False,False,0,0,0,0,0,False,0,0,0,0,0,0,0,0,False,0,0,0,0,0,0,0,0,,,,,,,,,,,,,,,,,,,,,,,,13333.546391752578,388,6.243965239781139,83254.20019311232,266670.92783505155,103468320.0,1.5879478491423098,13.320672030897972,20.0,15.065482628865979,9.652106340206185,5.411487963917526,1.379376574742268,47.435,94.75636628117418,2.818877234890971,24.85847992958634,1,0,True,,0,3180.140625,3155.7294921875,0.0,4581.2109375,2047.9765625,8662.109375,703.15234375,0.0,0.0,../../tmp/counterbalanced_map_worker_3mode_seed1_10_n10_artifacts_20260828/seed5_run2_sector.attempt1.memory.csv,True,True,../../tmp/counterbalanced_map_worker_3mode_seed1_10_n10_artifacts_20260828/seed5_run2_sector.attempt1.performance.csv,0,388,,
seed5,3,full,127,1,,strict-burst,direct,True,True,,,,,,,,,,,,,0,0,0,0,0,7,10,0,0,0,0,0,0,0,0,0,0,25,43,0,2,0,14,9,0,18,25,23.934095859527588,0.9573638343811035,1.5379672050476074,,,,,,,,,,,,,,,,,,,,,,,,,,,,,,,71.39,5,5,0,0.379,True,635500,0,0.48,0.28,,,,,,,0,static_pcd,0,0,0,,,,,,,,,,,,,,,../../tmp/counterbalanced_map_worker_3mode_seed1_10_n10_artifacts_20260828/seed5_run3_full.json,7138,5839,0.857,-1.178,1.778,-24.959,24.025,-25.623,24.59,220.237,7.0,7.001396,7.001395,6.999895,7.0,0.01,True,0,0,0,,,,,,1.456,,,,,,,0,,,,,,,,,,,,,,,,,,,,,,,,,,,,,,,,,,,,,,,,,,,,,,,,,,,,,,,,,,,,,,,,,,,,,,,,,,,,,,,,,,,,,,,,,,,,,,,,,,,,,,,,,,,,,,,,,,,,,,,,,,,,,,,,,,,,,,,,,,,,,,,,,,,,,,,,,,,,,,,,,,,,,,,,,,,,,,,,,,,,,,,,,,,,,,,,,,,,,,,,,,,,,,,,,,,,,,,,,,,,,,,,,,,28378.616136919314,409,5.729093710603726,162583.75122566186,908115.6968215159,371419320.0,4.961662223015467,41.62143941728533,32.0,39.18843887530563,24.94524327628362,14.241248410757947,2.316715347188264,,95.34566059831579,,25.071737033918993,1,0,True,,0,3211.68359375,3188.650390625,0.0,4600.6875,2047.9765625,8625.7890625,703.15234375,0.0,0.0,../../tmp/counterbalanced_map_worker_3mode_seed1_10_n10_artifacts_20260828/seed5_run3_full.attempt1.memory.csv,True,True,../../tmp/counterbalanced_map_worker_3mode_seed1_10_n10_artifacts_20260828/seed5_run3_full.attempt1.performance.csv,4,413,,
seed5,3,sector,128,2,,strict-burst,cpp,True,True,,,,,,,,,,,,,0,0,0,0,0,6,7,0,0,0,0,0,0,0,0,0,0,16,47,0,1,0,6,10,0,11,16,14.609147787094116,0.9130717366933823,1.4558749198913574,,,,,,,,,,,,,,,,,,,,,,,,,,,,,,,66.17,5,5,0,0.411,True,635500,0,0.475,0.275,,,,,,,0,static_pcd,0,0,0,,,,,,,,,,,,,,,../../tmp/counterbalanced_map_worker_3mode_seed1_10_n10_artifacts_20260828/seed5_run3_sector.json,6616,5340,1.088,-1.022,1.92,-28.074,24.025,-26.101,26.36,225.265,7.0,7.001878,7.001878,6.999822,7.0,0.01,True,0,0,0,,,,,,1.493,,,,,,,0,,,,,,,,,,,,,,,,,,,,,,,,,,,,,,,,,,,,,,,,,,,,,,,,,,,,,,,,,,,,,,,,,,,,,,,,,,60,True,0.6,1.2,1.5,2,0.2,437,437,0,437,0,0,/rog_map/commit_version,0.12,0.1,0,0,False,/rog_map/cloud_process_ack,/sector/full_refresh_request,0,0,0,0,0,False,0,0,0,0,0,0,0,False,0,0,0,0,0,0,0,0,0,0,0,0,0,0,0,6000,0,0,100,11528120,5463455,47.392,False,0,False,0,0,False,0,0,1.5,0,1.5,1.5,0,0,0,,,,,,,,,0,0,,False,False,False,0,0,5,15,False,0,0,0,0,0,0,0,0,,,/planning/trajectory_guard_recovery_active,2.5,0,0,False,False,0,0,0,0,0,False,0,0,0,0,0,0,0,0,False,0,0,0,0,0,0,0,0,,,,,,,,,,,,,,,,,,,,,,,,12978.881642512077,414,6.256611757594076,81203.82348496297,259577.63285024156,107465140.0,1.548840017031917,12.992611757594075,20.0,14.924383429951689,9.210534806763286,5.712012753623188,1.199741541062802,47.392,87.4556826160788,2.75202770658952,23.858281486796763,1,0,True,,0,3184.58203125,3160.4716796875,0.0,4590.11328125,2047.96484375,8666.36328125,703.15234375,0.0,0.0,../../tmp/counterbalanced_map_worker_3mode_seed1_10_n10_artifacts_20260828/seed5_run3_sector.attempt1.memory.csv,True,True,../../tmp/counterbalanced_map_worker_3mode_seed1_10_n10_artifacts_20260828/seed5_run3_sector.attempt1.performance.csv,1,415,,
seed5,3,adaptive,129,3,,strict-burst,cpp,True,True,,,,,,,,,,,,,0,21,21,21,0,3,3,0,0,0,0,0,0,0,0,0,0,21,52,0,1,0,8,12,0,15,21,15.205089807510376,0.7240518955957322,1.5088419914245605,,,,,,,,,,,,,,,,,,,,,,,,,,,,,,,68.4,5,5,0,0.42,True,635500,0,0.492,0.292,,,,,,,0,static_pcd,0,0,0,,,,,,,,,,,,,,,../../tmp/counterbalanced_map_worker_3mode_seed1_10_n10_artifacts_20260828/seed5_run3_adaptive.json,6839,5740,0.997,-1.108,1.601,-24.871,24.031,-25.99,24.679,225.476,7.0,7.003828,7.003828,6.999948,7.0,0.01,True,0,0,0,,,,,,0.0,1787898732.226632,3.652,3.718,1787898741.328402,21.458,19.15,0,,,,,,,,,,,,,,,,,,,,,,,,,,,,,,,,,,,,,,,,,,,,,,,,,,,,,,,,,,,,,,,,,,,,,,,,,,60,True,0.6,1.2,1.5,2,1.5,457,457,0,307,150,5,/rog_map/commit_version,0.12,0.1,0.25,0,True,/rog_map/cloud_process_ack,/sector/full_refresh_request,295,295,30,65,65,False,0,1,65,0,0,0,65,False,86,86,0,295,0,295,1787898799928922840,295,0,0.334867,0.742335,0.051248,0.073298,0.152489,0.851393,6000,1602151,820255,67.177,12481866,6794043,54.431,False,0,False,72.21,78.638,False,0.6,1.4,1.5,0.2,3,2.899957,0,0,0,,,,,,,,,0,0,,True,True,False,0.6,1.4,3,15,False,24,24,13,13,19.912,428,252,8,1787898732.23,1787898732.23,/planning/trajectory_guard_recovery_active,2.5,0,0,False,False,43,21,7,7,21,False,1,21,21,0,0,0,0.053125,0.085061,False,0,65.208,100,198,76,133,21.882,43.326,1787898732.46,,,,,,,,,,,,,,,,,,,,,,,22862.681355932204,295,4.312865497076023,98603.66959064327,568316.7864406779,167653452.0,2.337526187562106,19.60859087719298,23.498305084745763,32.15484186440678,19.395117593220338,12.757821186440678,2.782727986440678,54.431,93.3604662546143,3.055585639245071,25.022249419527423,1,0,True,,0,3197.7109375,3173.4658203125,0.0,4588.8515625,2047.96484375,8683.55859375,703.15234375,0.0,0.0,../../tmp/counterbalanced_map_worker_3mode_seed1_10_n10_artifacts_20260828/seed5_run3_adaptive.attempt1.memory.csv,True,True,../../tmp/counterbalanced_map_worker_3mode_seed1_10_n10_artifacts_20260828/seed5_run3_adaptive.attempt1.performance.csv,0,295,,
seed5,4,sector,130,1,,strict-burst,cpp,True,True,,,,,,,,,,,,,0,0,0,0,0,7,9,0,0,0,0,0,0,0,0,0,0,19,23,0,1,0,11,6,0,14,19,23.212411403656006,1.2217058633503162,3.5011520385742188,,,,,,,,,,,,,,,,,,,,,,,,,,,,,,,74.29,5,5,0,0.392,True,635500,0,0.478,0.278,,,,,,,0,static_pcd,0,0,0,,,,,,,,,,,,,,,../../tmp/counterbalanced_map_worker_3mode_seed1_10_n10_artifacts_20260828/seed5_run4_sector.json,7428,6178,1.019,-1.055,1.891,-25.86,24.056,-24.586,24.71,231.491,7.0,7.000543,7.000543,7.000139,7.0,0.01,True,0,0,0,,,,,,0.0,,,,,,,0,,,,,,,,,,,,,,,,,,,,,,,,,,,,,,,,,,,,,,,,,,,,,,,,,,,,,,,,,,,,,,,,,,,,,,,,,,60,True,0.6,1.2,1.5,2,0.2,469,469,0,469,0,0,/rog_map/commit_version,0.12,0.1,0,0,False,/rog_map/cloud_process_ack,/sector/full_refresh_request,0,0,0,0,0,False,0,0,0,0,0,0,0,False,0,0,0,0,0,0,0,0,0,0,0,0,0,0,0,6000,0,0,100,12583354,5960932,47.372,False,0,False,0,0,False,0,0,1.5,0,1.5,1.5,0,0,0,,,,,,,,,0,0,,False,False,False,0,0,5,15,False,0,0,0,0,0,0,0,0,,,/planning/trajectory_guard_recovery_active,2.5,0,0,False,False,0,0,0,0,0,False,0,0,0,0,0,0,0,0,False,0,0,0,0,0,0,0,0,,,,,,,,,,,,,,,,,,,,,,,,13183.883146067416,445,5.990039036209449,78971.97469376765,263677.6629213483,117336560.0,1.5062708796266109,12.635515951002825,20.0,13.907118449438201,8.988465325842697,4.917039438202247,1.1698571191011236,47.372,79.69793825770509,2.6773097370401944,26.520003553203928,1,0,True,,0,3190.0390625,3166.0419921875,0.0,4492.23828125,2047.9609375,8707.1875,703.15234375,0.0,0.0,../../tmp/counterbalanced_map_worker_3mode_seed1_10_n10_artifacts_20260828/seed5_run4_sector.attempt1.memory.csv,True,True,../../tmp/counterbalanced_map_worker_3mode_seed1_10_n10_artifacts_20260828/seed5_run4_sector.attempt1.performance.csv,0,445,,
seed5,4,adaptive,131,2,,strict-burst,cpp,True,True,,,,,,,,,,,,,0,26,26,26,0,8,11,0,0,0,0,0,0,0,0,0,0,26,61,0,1,0,11,14,0,22,26,23.5885910987854,0.9072535037994385,2.8434438705444336,,,,,,,,,,,,,,,,,,,,,,,,,,,,,,,76.66,5,5,0,0.41,True,635500,0,0.482,0.282,,,,,,,0,static_pcd,0,0,0,,,,,,,,,,,,,,,../../tmp/counterbalanced_map_worker_3mode_seed1_10_n10_artifacts_20260828/seed5_run4_adaptive.json,7665,6340,1.037,-1.003,1.438,-24.452,24.025,-27.569,25.366,235.916,7.001,7.001167,7.001168,7.000678,7.0,0.01,True,0,0,0,,,,,,0.0,1787898895.095473,3.29,3.322,1787898907.582827,14.645,18.517,0,,,,,,,,,,,,,,,,,,,,,,,,,,,,,,,,,,,,,,,,,,,,,,,,,,,,,,,,,,,,,,,,,,,,,,,,,,60,True,0.6,1.2,1.5,2,1.5,435,435,0,310,125,5,/rog_map/commit_version,0.12,0.1,0.25,0,True,/rog_map/cloud_process_ack,/sector/full_refresh_request,299,299,31,78,78,False,0,1,78,0,0,0,78,False,104,104,0,299,0,299,1787898971179303340,299,0,0.361467,0.748409,0.050276,0.082942,0.176143,0.952026,6000,1626116,845060,71.264,11473607,6928307,60.385,False,0,False,79.31,84.458,False,0.6,1.4,1.5,0.2,3,2.89995,0,0,0,,,,,,,,,0,0,,True,True,False,0.6,1.4,3,15,False,26,26,14,14,19.31,426,259,8,1787898895.09,1787898895.09,/planning/trajectory_guard_recovery_active,2.5,0,0,False,False,53,26,9,9,26,False,1,26,26,0,0,0,0.050871,0.078633,False,0,73.793,117,204,91,144,26.897,46.897,1787898895.41,,,,,,,,,,,,,,,,,,,,,,,23027.274247491638,299,3.90033915992695,89814.17949386903,586795.0301003344,175451714.0,2.182674059630249,18.309597078006785,24.17391304347826,32.47300481605351,19.56634976588629,12.90481304347826,2.7220628762541805,60.385,85.01100630098539,2.962926813910114,26.048446599290877,1,0,True,,0,3200.25,3175.94140625,0.0,4545.4453125,2047.95703125,8633.265625,703.15234375,0.0,0.0,../../tmp/counterbalanced_map_worker_3mode_seed1_10_n10_artifacts_20260828/seed5_run4_adaptive.attempt1.memory.csv,True,True,../../tmp/counterbalanced_map_worker_3mode_seed1_10_n10_artifacts_20260828/seed5_run4_adaptive.attempt1.performance.csv,0,299,,
seed5,4,full,132,3,,strict-burst,direct,True,True,,,,,,,,,,,,,0,0,0,0,0,3,6,0,0,0,0,0,0,0,0,0,0,3,9,0,15,0,1,2,0,2,3,4.566715240478516,1.5222384134928386,2.5819828510284424,,,,,,,,,,,,,,,,,,,,,,,,,,,,,,,62.39,5,5,0,0.366,True,635500,0,0.443,0.243,,,,,,,0,static_pcd,0,0,0,,,,,,,,,,,,,,,../../tmp/counterbalanced_map_worker_3mode_seed1_10_n10_artifacts_20260828/seed5_run4_full.json,6238,4900,0.907,-1.177,1.961,-24.81,24.026,-24.437,25.752,228.251,7.0,7.001508,7.001508,7.000252,7.0,0.01,True,0,0,0,,,,,,1.485,,,,,,,0,,,,,,,,,,,,,,,,,,,,,,,,,,,,,,,,,,,,,,,,,,,,,,,,,,,,,,,,,,,,,,,,,,,,,,,,,,,,,,,,,,,,,,,,,,,,,,,,,,,,,,,,,,,,,,,,,,,,,,,,,,,,,,,,,,,,,,,,,,,,,,,,,,,,,,,,,,,,,,,,,,,,,,,,,,,,,,,,,,,,,,,,,,,,,,,,,,,,,,,,,,,,,,,,,,,,,,,,,,,,,,,,,,,27325.20206185567,485,7.773681679756371,212417.42266388843,874406.3134020618,424087062.0,6.482464160115162,54.37885071325533,32.0,42.38189092783505,27.538777113402062,14.84138212371134,2.2728791134020616,,127.43482691947801,,26.274775518715913,1,0,True,,0,3202.02734375,3179.0615234375,0.0,4549.53125,2047.953125,8642.62890625,703.15234375,0.0,0.0,../../tmp/counterbalanced_map_worker_3mode_seed1_10_n10_artifacts_20260828/seed5_run4_full.attempt1.memory.csv,True,True,../../tmp/counterbalanced_map_worker_3mode_seed1_10_n10_artifacts_20260828/seed5_run4_full.attempt1.performance.csv,4,489,,
seed5,5,adaptive,133,1,,strict-burst,cpp,True,True,,,,,,,,,,,,,0,33,33,33,0,11,17,0,0,0,0,0,0,0,0,0,0,33,55,0,2,0,20,12,0,29,33,38.001222133636475,1.151552185867772,3.4225544929504395,,,,,,,,,,,,,,,,,,,,,,,,,,,,,,,88.76,5,5,0,0.41,True,635500,0,0.432,0.232,,,,,,,0,static_pcd,0,0,0,,,,,,,,,,,,,,,../../tmp/counterbalanced_map_worker_3mode_seed1_10_n10_artifacts_20260828/seed5_run5_adaptive.json,8875,7730,0.676,-1.325,1.893,-24.775,24.025,-26.027,26.024,240.098,7.0,7.004415,7.004415,7.00043,7.0,0.01,True,0,0,0,,,,,,0.0,1787899053.919714,3.428,3.472,1787899054.570348,4.864,4.545,0,,,,,,,,,,,,,,,,,,,,,,,,,,,,,,,,,,,,,,,,,,,,,,,,,,,,,,,,,,,,,,,,,,,,,,,,,,60,True,0.6,1.2,1.5,2,1.5,509,509,0,363,146,5,/rog_map/commit_version,0.12,0.1,0.25,0,True,/rog_map/cloud_process_ack,/sector/full_refresh_request,352,352,36,98,98,False,0,1,98,0,0,0,98,False,131,131,0,352,0,352,1787899142364324338,352,1,0.344063,0.676049,0.048815,0.127927,0.174339,0.858765,6000,1926357,993991,71.316,13909805,8420536,60.537,False,0,True,84.283,87.07,False,0.6,1.4,1.5,0.2,3,2.899486,0,0,0,,,,,,,,,0,0,,True,True,False,0.6,1.4,3,15,False,32,32,7,6,19.843,443,267,8,1787899053.92,1787899053.92,/planning/trajectory_guard_recovery_active,2.5,0,0,False,True,67,33,4,3,33,False,1,33,33,0,0,0,0.049519,0.069389,False,0,81.532,215,200,163,146,42.24,39.293,1787899057.13,,,,,,,,,,,,,,,,,,,,,,,23799.386363636364,352,3.9657503379900856,94382.42451554754,609710.7897727273,214618198.0,2.305947085015674,19.34368616493916,24.46590909090909,31.564818579545456,19.377419886363636,12.185555539772727,2.3836550795454547,60.537,76.05364127201932,3.044657564050821,25.387515779333587,1,0,True,,0,3211.3046875,3187.048828125,0.0,4562.60546875,2047.953125,8628.8984375,703.15234375,0.0,0.0,../../tmp/counterbalanced_map_worker_3mode_seed1_10_n10_artifacts_20260828/seed5_run5_adaptive.attempt1.memory.csv,True,True,../../tmp/counterbalanced_map_worker_3mode_seed1_10_n10_artifacts_20260828/seed5_run5_adaptive.attempt1.performance.csv,0,352,,
seed5,5,full,134,2,,strict-burst,direct,True,True,,,,,,,,,,,,,0,0,0,0,0,2,2,0,0,0,0,0,0,0,0,0,0,26,60,0,1,0,12,14,0,21,26,20.78023886680603,0.7992399564156165,1.274573802947998,,,,,,,,,,,,,,,,,,,,,,,,,,,,,,,67.88,5,5,0,0.379,True,635500,0,0.484,0.284,,,,,,,0,static_pcd,0,0,0,,,,,,,,,,,,,,,../../tmp/counterbalanced_map_worker_3mode_seed1_10_n10_artifacts_20260828/seed5_run5_full.json,6787,5520,1.06,-1.022,1.529,-24.23,24.026,-27.743,25.034,222.201,7.0,7.003217,7.003217,6.999514,7.0,0.01,True,0,0,0,,,,,,1.473,,,,,,,0,,,,,,,,,,,,,,,,,,,,,,,,,,,,,,,,,,,,,,,,,,,,,,,,,,,,,,,,,,,,,,,,,,,,,,,,,,,,,,,,,,,,,,,,,,,,,,,,,,,,,,,,,,,,,,,,,,,,,,,,,,,,,,,,,,,,,,,,,,,,,,,,,,,,,,,,,,,,,,,,,,,,,,,,,,,,,,,,,,,,,,,,,,,,,,,,,,,,,,,,,,,,,,,,,,,,,,,,,,,,,,,,,,,26971.99723756906,362,5.3329404832056575,143840.0559811432,863103.8839779006,312443606.0,4.389650005414757,36.82305315262227,32.0,39.51710303867404,24.80849779005525,14.706662182320443,2.505139292817679,,93.27830758074728,,24.838313873011423,1,0,True,,0,3196.4375,3173.4384765625,0.0,4540.73046875,2047.953125,8590.515625,703.15234375,0.0,0.0,../../tmp/counterbalanced_map_worker_3mode_seed1_10_n10_artifacts_20260828/seed5_run5_full.attempt1.memory.csv,True,True,../../tmp/counterbalanced_map_worker_3mode_seed1_10_n10_artifacts_20260828/seed5_run5_full.attempt1.performance.csv,4,366,,
seed5,5,sector,135,3,,strict-burst,cpp,True,True,,,,,,,,,,,,,0,0,0,0,0,1,1,0,0,0,0,0,0,0,0,0,0,17,42,0,3,0,7,10,0,16,17,12.999507427215576,0.7646769074832692,1.4210636615753174,,,,,,,,,,,,,,,,,,,,,,,,,,,,,,,63.45,5,5,0,0.361,True,635500,0,0.404,0.204,,,,,,,0,static_pcd,0,0,0,,,,,,,,,,,,,,,../../tmp/counterbalanced_map_worker_3mode_seed1_10_n10_artifacts_20260828/seed5_run5_sector.json,6345,5190,1.03,-1.001,1.367,-24.579,24.184,-26.136,24.506,225.942,7.0,7.00089,7.00089,6.999769,7.0,0.01,True,0,0,0,,,,,,0.0,,,,,,,0,,,,,,,,,,,,,,,,,,,,,,,,,,,,,,,,,,,,,,,,,,,,,,,,,,,,,,,,,,,,,,,,,,,,,,,,,,60,True,0.6,1.2,1.5,2,0.2,375,375,0,375,0,0,/rog_map/commit_version,0.12,0.1,0,0,False,/rog_map/cloud_process_ack,/sector/full_refresh_request,0,0,0,0,0,False,0,0,0,0,0,0,0,False,0,0,0,0,0,0,0,0,0,0,0,0,0,0,0,6000,0,0,100,10390238,5073486,48.829,False,0,False,0,0,False,0,0,1.5,0,1.5,1.5,0,0,0,,,,,,,,,0,0,,False,False,False,0,0,5,15,False,0,0,0,0,0,0,0,0,,,/planning/trajectory_guard_recovery_active,2.5,0,0,False,False,0,0,0,0,0,False,0,0,0,0,0,0,0,0,False,0,0,0,0,0,0,0,0,,,,,,,,,,,,,,,,,,,,,,,,14157.068181818182,352,5.5476753349093775,78538.81796690307,283141.36363636365,99665760.0,1.4980090707188238,12.566210874704492,20.0,15.107009119318182,9.700008295454547,5.405280255681818,1.3765538238636363,48.829,87.12816756225136,3.1543952086163656,24.872321945779778,1,0,True,,0,3182.80859375,3158.4833984375,0.0,4586.4140625,2047.953125,8608.90625,703.15234375,0.0,0.0,../../tmp/counterbalanced_map_worker_3mode_seed1_10_n10_artifacts_20260828/seed5_run5_sector.attempt1.memory.csv,True,True,../../tmp/counterbalanced_map_worker_3mode_seed1_10_n10_artifacts_20260828/seed5_run5_sector.attempt1.performance.csv,0,352,,
seed5,6,full,136,1,,strict-burst,direct,True,True,,,,,,,,,,,,,0,0,0,0,0,4,4,0,0,0,0,0,0,0,0,0,0,11,26,0,1,0,4,6,0,8,11,9.457849502563477,0.8598045002330433,1.5970547199249268,,,,,,,,,,,,,,,,,,,,,,,,,,,,,,,62.68,5,5,0,0.379,True,635500,0,0.393,0.193,,,,,,,0,static_pcd,0,0,0,,,,,,,,,,,,,,,../../tmp/counterbalanced_map_worker_3mode_seed1_10_n10_artifacts_20260828/seed5_run6_full.json,6268,5040,1.035,-0.995,1.721,-25.08,24.025,-24.998,25.692,226.596,7.0,7.002163,7.002163,7.000185,7.0,0.01,True,0,0,0,,,,,,1.436,,,,,,,0,,,,,,,,,,,,,,,,,,,,,,,,,,,,,,,,,,,,,,,,,,,,,,,,,,,,,,,,,,,,,,,,,,,,,,,,,,,,,,,,,,,,,,,,,,,,,,,,,,,,,,,,,,,,,,,,,,,,,,,,,,,,,,,,,,,,,,,,,,,,,,,,,,,,,,,,,,,,,,,,,,,,,,,,,,,,,,,,,,,,,,,,,,,,,,,,,,,,,,,,,,,,,,,,,,,,,,,,,,,,,,,,,,,26909.82706766917,399,6.365666879387365,171298.99489470327,861114.4310776943,343584658.0,5.227630246423503,43.85254090619017,32.0,41.24562431077694,26.36597969924812,14.877761553884712,2.437052275689223,,112.9281923857197,,24.08701864154197,1,0,True,,0,3202.80859375,3179.5693359375,0.0,4587.9921875,2047.94921875,8603.1875,703.15234375,0.0,0.0,../../tmp/counterbalanced_map_worker_3mode_seed1_10_n10_artifacts_20260828/seed5_run6_full.attempt1.memory.csv,True,True,../../tmp/counterbalanced_map_worker_3mode_seed1_10_n10_artifacts_20260828/seed5_run6_full.attempt1.performance.csv,4,403,,
seed5,6,sector,137,2,,strict-burst,cpp,True,True,,,,,,,,,,,,,0,0,0,0,0,2,2,0,0,0,0,0,0,0,0,0,0,23,48,0,1,0,11,12,0,22,23,19.306098222732544,0.8393955749014149,1.930079698562622,,,,,,,,,,,,,,,,,,,,,,,,,,,,,,,67.36,5,5,0,0.411,True,635500,0,0.276,0.076,,,,,,,0,static_pcd,0,0,0,,,,,,,,,,,,,,,../../tmp/counterbalanced_map_worker_3mode_seed1_10_n10_artifacts_20260828/seed5_run6_sector.json,6735,5230,0.888,-1.136,1.849,-24.86,24.025,-25.006,24.813,223.269,7.001,7.001501,7.0015,7.000945,7.0,0.01,True,0,0,0,,,,,,1.442,,,,,,,0,,,,,,,,,,,,,,,,,,,,,,,,,,,,,,,,,,,,,,,,,,,,,,,,,,,,,,,,,,,,,,,,,,,,,,,,,,60,True,0.6,1.2,1.5,2,0.2,376,376,0,376,0,0,/rog_map/commit_version,0.12,0.1,0,0,False,/rog_map/cloud_process_ack,/sector/full_refresh_request,0,0,0,0,0,False,0,0,0,0,0,0,0,False,0,0,0,0,0,0,0,0,0,0,0,0,0,0,0,6000,0,0,100,9840143,4616342,46.913,False,0,False,0,0,False,0,0,1.5,0,1.5,1.5,0,0,0,,,,,,,,,0,0,,False,False,False,0,0,5,15,False,0,0,0,0,0,0,0,0,,,/planning/trajectory_guard_recovery_active,2.5,0,0,False,False,0,0,0,0,0,False,0,0,0,0,0,0,0,0,False,0,0,0,0,0,0,0,0,,,,,,,,,,,,,,,,,,,,,,,,12872.68945868946,351,5.210807600950119,67077.1080760095,257453.78917378918,90366280.0,1.2793943038179303,10.732337292161521,20.0,14.546438005698006,9.484754159544158,5.059819715099715,1.2717600655270656,46.913,78.372296940601,2.56961601980175,24.97325009669856,1,0,True,,0,3180.5390625,3156.3193359375,0.0,4569.75,2047.9140625,8615.00390625,703.15234375,0.0,0.0,../../tmp/counterbalanced_map_worker_3mode_seed1_10_n10_artifacts_20260828/seed5_run6_sector.attempt1.memory.csv,True,True,../../tmp/counterbalanced_map_worker_3mode_seed1_10_n10_artifacts_20260828/seed5_run6_sector.attempt1.performance.csv,2,353,,
seed5,6,adaptive,138,3,,strict-burst,cpp,True,True,,,,,,,,,,,,,0,32,32,32,0,7,7,0,0,0,0,0,0,0,0,0,0,32,72,0,2,0,15,17,0,32,32,27.88572597503662,0.8714289367198944,2.6306817531585693,,,,,,,,,,,,,,,,,,,,,,,,,,,,,,,76.28,5,5,0,0.423,True,635500,0,0.516,0.316,,,,,,,0,static_pcd,0,0,0,,,,,,,,,,,,,,,../../tmp/counterbalanced_map_worker_3mode_seed1_10_n10_artifacts_20260828/seed5_run6_adaptive.json,7627,6370,0.98,-1.053,1.966,-25.378,24.025,-27.91,24.637,227.819,6.999,7.003466,7.003466,6.99892,7.0,0.01,True,0,0,0,,,,,,1.438,1787899466.9412,19.693,16.799,1787899466.866811,19.43,16.488,0,,,,,,,,,,,,,,,,,,,,,,,,,,,,,,,,,,,,,,,,,,,,,,,,,,,,,,,,,,,,,,,,,,,,,,,,,,60,True,0.6,1.2,1.5,2,1.5,411,411,0,302,109,5,/rog_map/commit_version,0.12,0.1,0.25,0,True,/rog_map/cloud_process_ack,/sector/full_refresh_request,292,292,31,72,72,False,0,1,72,0,0,0,72,False,104,104,0,292,0,292,1787899531963404083,292,1,0.364562,0.755267,0.052478,0.128422,0.186144,1.277614,6000,1497474,796287,73.479,10874567,6879354,63.261,True,25.791,False,81.752,88.095,False,0.6,1.4,1.5,0.2,3,2.894036,1,0,0,1787899512.15,1787899512.15,1787899512.26,,,,,,14,0.700094,0,True,True,False,0.6,1.4,3,15,False,24,24,6,6,14.842,396,224,9,1787899455.75,1787899455.75,/planning/trajectory_guard_recovery_active,2.5,0,0,False,False,65,32,5,5,32,False,1,32,32,0,0,0,0.048795,0.072221,False,0,80.049,139,190,118,135,33.82,46.229,1787899456.09,,,,,,,,,,,,,,,,,,,,,,,23492.103092783505,291,3.8148925013109594,89619.8479286838,598809.649484536,174253608.0,2.1785683074295052,18.275155532249606,24.288659793814432,31.48658824742268,18.956210652920962,12.52851701030928,2.6504210824742267,63.261,77.76105625318338,2.926838369511694,25.00784541114074,1,0,True,,0,3198.328125,3174.259765625,0.0,4468.4140625,2047.9140625,8711.92578125,703.15234375,0.0,0.0,../../tmp/counterbalanced_map_worker_3mode_seed1_10_n10_artifacts_20260828/seed5_run6_adaptive.attempt1.memory.csv,True,True,../../tmp/counterbalanced_map_worker_3mode_seed1_10_n10_artifacts_20260828/seed5_run6_adaptive.attempt1.performance.csv,1,292,,
seed5,7,sector,139,1,,strict-burst,cpp,True,True,,,,,,,,,,,,,0,0,0,0,0,1,1,0,0,0,0,0,0,0,0,0,0,19,37,0,1,0,9,9,0,16,18,14.673494577407837,0.8151941431893243,1.4902215003967285,,,,,,,,,,,,,,,,,,,,,,,,,,,,,,,64.57,5,5,0,0.434,True,635500,0,0.504,0.304,,,,,,,0,static_pcd,0,0,0,,,,,,,,,,,,,,,../../tmp/counterbalanced_map_worker_3mode_seed1_10_n10_artifacts_20260828/seed5_run7_sector.json,6456,5260,0.987,-1.085,1.652,-24.96,24.025,-27.811,25.347,222.822,7.0,7.004741,7.004741,7.000381,7.0,0.01,True,0,0,0,,,,,,0.0,,,,,,,0,,,,,,,,,,,,,,,,,,,,,,,,,,,,,,,,,,,,,,,,,,,,,,,,,,,,,,,,,,,,,,,,,,,,,,,,,,60,True,0.6,1.2,1.5,2,0.2,430,430,0,430,0,0,/rog_map/commit_version,0.12,0.1,0,0,False,/rog_map/cloud_process_ack,/sector/full_refresh_request,0,0,0,0,0,False,0,0,0,0,0,0,0,False,0,0,0,0,0,0,0,0,0,0,0,0,0,0,0,6000,0,0,100,11279242,5466592,48.466,False,0,False,0,0,False,0,0,1.5,0,1.5,1.5,0,0,0,,,,,,,,,0,0,,False,False,False,0,0,5,15,False,0,0,0,0,0,0,0,0,,,/planning/trajectory_guard_recovery_active,2.5,0,0,False,False,0,0,0,0,0,False,0,0,0,0,0,0,0,0,False,0,0,0,0,0,0,0,0,,,,,,,,,,,,,,,,,,,,,,,,13232.72906403941,406,6.287749728976306,83204.08858603067,264654.5812807882,107449760.0,1.5869920460897573,13.312654173764907,20.0,14.596259802955666,9.458656477832513,5.135942093596059,1.259546647783251,48.466,88.33098198064813,2.8647327944711276,28.296382589981487,1,0,True,,0,3177.36328125,3153.1103515625,0.0,4519.5546875,2047.90234375,8655.6015625,703.15234375,0.0,0.0,../../tmp/counterbalanced_map_worker_3mode_seed1_10_n10_artifacts_20260828/seed5_run7_sector.attempt1.memory.csv,True,True,../../tmp/counterbalanced_map_worker_3mode_seed1_10_n10_artifacts_20260828/seed5_run7_sector.attempt1.performance.csv,0,406,,
seed5,7,adaptive,140,2,,strict-burst,cpp,True,True,,,,,,,,,,,,,0,11,11,11,0,3,3,0,0,0,0,0,0,0,0,0,0,11,40,0,1,0,3,8,0,9,11,28.225605964660645,2.565964178605513,16.118849754333496,,,,,,,,,,,,,,,,,,,,,,,,,,,,,,,65.37,5,5,0,0.376,True,635500,0,0.474,0.274,,,,,,,0,static_pcd,0,0,0,,,,,,,,,,,,,,,../../tmp/counterbalanced_map_worker_3mode_seed1_10_n10_artifacts_20260828/seed5_run7_adaptive.json,6537,5430,0.903,-0.889,1.928,-24.548,24.025,-24.998,25.426,228.429,7.0,7.001113,7.001113,6.999972,7.0,0.01,True,0,0,0,,,,,,0.0,1787899616.865015,3.152,3.172,1787899617.474717,4.709,4.429,0,,,,,,,,,,,,,,,,,,,,,,,,,,,,,,,,,,,,,,,,,,,,,,,,,,,,,,,,,,,,,,,,,,,,,,,,,,60,True,0.6,1.2,1.5,2,1.5,435,435,0,290,145,5,/rog_map/commit_version,0.12,0.1,0.25,0,True,/rog_map/cloud_process_ack,/sector/full_refresh_request,279,279,38,65,65,False,0,1,65,0,0,0,65,False,76,76,0,279,0,279,1787899681672391334,279,1,0.346698,0.672419,0.054116,0.126889,0.153829,1.421026,6000,1390985,736397,66.667,11606385,6334186,54.575,False,0,False,71.494,76.212,False,0.6,1.4,1.5,0.2,3,2.899674,0,0,0,,,,,,,,,0,0,,True,True,False,0.6,1.4,3,15,False,23,23,14,14,20,413,258,9,1787899616.86,1787899616.86,/planning/trajectory_guard_recovery_active,2.5,0,0,False,False,23,11,6,6,11,False,1,11,11,0,0,0,0.048096,0.058379,False,0,64.138,163,116,116,78,37.471,26.667,1787899617.71,,,,,,,,,,,,,,,,,,,,,,,22548.508960573476,279,4.268012849931161,96237.32599051551,549002.4086021505,153171672.0,2.2346013398715363,18.74519467645709,23.268817204301076,32.115620537634406,19.25132770609319,12.862307491039425,2.8655004695340502,54.575,96.12288214580298,3.030012846751491,24.12716846048032,1,0,True,,0,3198.3671875,3174.2255859375,0.0,4554.27734375,2047.8984375,8645.140625,703.15234375,0.0,0.0,../../tmp/counterbalanced_map_worker_3mode_seed1_10_n10_artifacts_20260828/seed5_run7_adaptive.attempt1.memory.csv,True,True,../../tmp/counterbalanced_map_worker_3mode_seed1_10_n10_artifacts_20260828/seed5_run7_adaptive.attempt1.performance.csv,0,279,,
seed5,7,full,141,3,,strict-burst,direct,True,True,,,,,,,,,,,,,0,0,0,0,0,6,8,0,0,0,0,0,0,0,0,0,0,21,47,0,2,0,9,11,0,18,21,36.86805319786072,1.7556215808505105,11.857122898101807,,,,,,,,,,,,,,,,,,,,,,,,,,,,,,,75.04,5,5,0,0.41,True,635500,0,0.479,0.279,,,,,,,0,static_pcd,0,0,0,,,,,,,,,,,,,,,../../tmp/counterbalanced_map_worker_3mode_seed1_10_n10_artifacts_20260828/seed5_run7_full.json,7503,5750,0.985,-1.099,1.552,-25.774,24.025,-27.682,24.473,226.95,7.0,7.001645,7.001645,7.000401,7.0,0.01,True,0,0,0,,,,,,1.475,,,,,,,0,,,,,,,,,,,,,,,,,,,,,,,,,,,,,,,,,,,,,,,,,,,,,,,,,,,,,,,,,,,,,,,,,,,,,,,,,,,,,,,,,,,,,,,,,,,,,,,,,,,,,,,,,,,,,,,,,,,,,,,,,,,,,,,,,,,,,,,,,,,,,,,,,,,,,,,,,,,,,,,,,,,,,,,,,,,,,,,,,,,,,,,,,,,,,,,,,,,,,,,,,,,,,,,,,,,,,,,,,,,,,,,,,,,25923.742203742204,481,6.409914712153517,166168.9765458422,829559.8087318087,399018268.0,5.071075079537658,42.53926098081023,32.0,39.605753222453224,25.462071933471936,14.141836486486486,2.071939388773389,,100.04409067121173,,24.59018002538925,1,0,True,,0,3204.6640625,3181.5634765625,0.0,4543.47265625,2047.89453125,8637.265625,703.15234375,0.0,0.0,../../tmp/counterbalanced_map_worker_3mode_seed1_10_n10_artifacts_20260828/seed5_run7_full.attempt1.memory.csv,True,True,../../tmp/counterbalanced_map_worker_3mode_seed1_10_n10_artifacts_20260828/seed5_run7_full.attempt1.performance.csv,4,485,,
seed5,8,adaptive,142,1,,strict-burst,cpp,True,True,,,,,,,,,,,,,0,17,17,17,0,3,3,0,0,0,0,0,0,0,0,0,0,17,34,0,3,0,9,8,0,15,17,14.868597507476807,0.8746233827927533,1.6764192581176758,,,,,,,,,,,,,,,,,,,,,,,,,,,,,,,66.06,5,5,0,0.386,True,635500,0,0.484,0.284,,,,,,,0,static_pcd,0,0,0,,,,,,,,,,,,,,,../../tmp/counterbalanced_map_worker_3mode_seed1_10_n10_artifacts_20260828/seed5_run8_adaptive.json,6606,5450,0.971,-1.133,1.601,-25.53,24.029,-24.844,24.358,224.526,7.0,7.001012,7.001012,7.0,7.0,0.01,True,0,0,0,,,,,,0.0,1787899778.006064,2.823,2.822,1787899788.488169,24.022,24.021,0,,,,,,,,,,,,,,,,,,,,,,,,,,,,,,,,,,,,,,,,,,,,,,,,,,,,,,,,,,,,,,,,,,,,,,,,,,60,True,0.6,1.2,1.5,2,1.5,408,408,0,286,122,5,/rog_map/commit_version,0.12,0.1,0.25,0,True,/rog_map/cloud_process_ack,/sector/full_refresh_request,273,273,34,66,66,False,0,1,66,0,0,0,66,False,83,83,0,273,0,273,1787899843588119009,273,0,0.349964,0.567788,0.054054,0.128574,0.165164,0.967486,6000,1197466,624999,70.098,10797318,6176179,57.201,False,0,False,62.5,69.607,False,0.6,1.4,1.5,0.2,3,2.899191,0,0,0,,,,,,,,,0,0,,True,True,False,0.6,1.4,3,15,False,22,22,15,15,20.098,417,232,10,1787899778,1787899778,/planning/trajectory_guard_recovery_active,2.5,0,0,False,False,35,17,7,7,17,False,1,17,17,0,0,0,0.049862,0.073816,False,0,51.716,57,154,53,108,13.971,37.745,1787899778.19,,,,,,,,,,,,,,,,,,,,,,,22436.78021978022,273,4.132606721162579,92722.38873751136,562054.380952381,153440846.0,2.215146744139368,18.581997699061457,23.64835164835165,31.603413699633702,18.78714989010989,12.814390622710622,2.9147092197802196,57.201,90.81908802937657,2.934805827353234,26.527701741916097,1,0,True,,0,3197.7421875,3173.375,0.0,4513.12109375,2047.890625,8644.2109375,703.15234375,0.0,0.0,../../tmp/counterbalanced_map_worker_3mode_seed1_10_n10_artifacts_20260828/seed5_run8_adaptive.attempt1.memory.csv,True,True,../../tmp/counterbalanced_map_worker_3mode_seed1_10_n10_artifacts_20260828/seed5_run8_adaptive.attempt1.performance.csv,0,273,,
seed5,8,full,143,2,,strict-burst,direct,True,True,,,,,,,,,,,,,0,0,0,0,0,5,5,0,0,0,0,0,0,0,0,0,0,24,62,0,4,0,10,14,0,17,24,18.018239974975586,0.750759998957316,1.2070798873901367,,,,,,,,,,,,,,,,,,,,,,,,,,,,,,,69.91,5,5,0,0.446,True,635500,0,0.515,0.315,,,,,,,0,static_pcd,0,0,0,,,,,,,,,,,,,,,../../tmp/counterbalanced_map_worker_3mode_seed1_10_n10_artifacts_20260828/seed5_run8_full.json,6990,5610,1.024,-1.065,1.917,-24.825,24.025,-24.824,24.923,227.065,7.0,7.0031,7.0031,7.00024,7.0,0.01,True,0,0,0,,,,,,1.456,,,,,,,0,,,,,,,,,,,,,,,,,,,,,,,,,,,,,,,,,,,,,,,,,,,,,,,,,,,,,,,,,,,,,,,,,,,,,,,,,,,,,,,,,,,,,,,,,,,,,,,,,,,,,,,,,,,,,,,,,,,,,,,,,,,,,,,,,,,,,,,,,,,,,,,,,,,,,,,,,,,,,,,,,,,,,,,,,,,,,,,,,,,,,,,,,,,,,,,,,,,,,,,,,,,,,,,,,,,,,,,,,,,,,,,,,,,27465.33830845771,402,5.750250321842369,157932.5704477185,878890.9104477612,353314146.0,4.819720020929882,40.430741925332576,32.0,40.395484079601985,25.56593606965174,14.827670920398011,2.3559288233830844,,100.61362867132294,,25.84921350370539,1,0,True,,0,3201.2578125,3178.2705078125,0.0,4543.91015625,2047.87890625,8699.68359375,703.15234375,0.0,0.0,../../tmp/counterbalanced_map_worker_3mode_seed1_10_n10_artifacts_20260828/seed5_run8_full.attempt1.memory.csv,True,True,../../tmp/counterbalanced_map_worker_3mode_seed1_10_n10_artifacts_20260828/seed5_run8_full.attempt1.performance.csv,4,406,,
seed5,8,sector,144,3,,strict-burst,cpp,True,True,,,,,,,,,,,,,0,0,0,0,0,4,4,0,0,0,0,0,0,0,0,0,0,23,39,0,1,0,14,9,0,21,23,24.23804235458374,1.0538279284601626,1.8898942470550537,,,,,,,,,,,,,,,,,,,,,,,,,,,,,,,72.9,5,5,0,0.342,True,635500,0,0.457,0.257,,,,,,,0,static_pcd,0,0,0,,,,,,,,,,,,,,,../../tmp/counterbalanced_map_worker_3mode_seed1_10_n10_artifacts_20260828/seed5_run8_sector.json,7289,6180,0.927,-1.115,1.665,-27.102,24.025,-24.908,27.836,229.545,7.001,7.00206,7.00206,7.001218,7.0,0.01,True,0,0,0,,,,,,1.45,,,,,,,0,,,,,,,,,,,,,,,,,,,,,,,,,,,,,,,,,,,,,,,,,,,,,,,,,,,,,,,,,,,,,,,,,,,,,,,,,,60,True,0.6,1.2,1.5,2,0.2,384,384,0,384,0,0,/rog_map/commit_version,0.12,0.1,0,0,False,/rog_map/cloud_process_ack,/sector/full_refresh_request,0,0,0,0,0,False,0,0,0,0,0,0,0,False,0,0,0,0,0,0,0,0,0,0,0,0,0,0,0,6000,0,0,100,10187360,4780649,46.927,False,0,False,0,0,False,0,0,1.5,0,1.5,1.5,0,0,0,,,,,,,,,0,0,,False,False,False,0,0,5,15,False,0,0,0,0,0,0,0,0,,,/planning/trajectory_guard_recovery_active,2.5,0,0,False,False,0,0,0,0,0,False,0,0,0,0,0,0,0,0,False,0,0,0,0,0,0,0,0,,,,,,,,,,,,,,,,,,,,,,,,13039.328690807799,359,4.924554183813442,64212.88065843621,260786.573816156,93622380.0,1.2247635013282052,10.274060905349794,20.0,13.78493077994429,8.855141643454038,4.928194568245126,1.2759672841225627,46.927,74.0555598254332,2.5925352922248734,,1,0,True,,0,3188.203125,3164.04296875,0.0,4558.828125,2047.84765625,8681.828125,703.15234375,0.0,0.0,../../tmp/counterbalanced_map_worker_3mode_seed1_10_n10_artifacts_20260828/seed5_run8_sector.attempt1.memory.csv,True,True,../../tmp/counterbalanced_map_worker_3mode_seed1_10_n10_artifacts_20260828/seed5_run8_sector.attempt1.performance.csv,2,361,,
seed5,9,full,145,1,,strict-burst,direct,True,True,,,,,,,,,,,,,0,0,0,0,0,3,5,0,0,0,0,0,0,0,0,0,0,6,11,0,1,0,4,2,0,5,6,6.340088605880737,1.0566814343134563,2.32948899269104,,,,,,,,,,,,,,,,,,,,,,,,,,,,,,,61.28,5,5,0,0.409,True,635500,0,0.5,0.3,,,,,,,0,static_pcd,0,0,0,,,,,,,,,,,,,,,../../tmp/counterbalanced_map_worker_3mode_seed1_10_n10_artifacts_20260828/seed5_run9_full.json,6128,4680,1.014,-1.065,1.643,-24.423,24.212,-24.84,26.145,224.195,7.001,7.006308,7.006307,7.000944,7.0,0.01,True,0,0,0,,,,,,1.47,,,,,,,0,,,,,,,,,,,,,,,,,,,,,,,,,,,,,,,,,,,,,,,,,,,,,,,,,,,,,,,,,,,,,,,,,,,,,,,,,,,,,,,,,,,,,,,,,,,,,,,,,,,,,,,,,,,,,,,,,,,,,,,,,,,,,,,,,,,,,,,,,,,,,,,,,,,,,,,,,,,,,,,,,,,,,,,,,,,,,,,,,,,,,,,,,,,,,,,,,,,,,,,,,,,,,,,,,,,,,,,,,,,,,,,,,,,27845.37020316027,443,7.22911227154047,201297.30744125327,891051.8103837472,394735952.0,6.143106057189463,51.53210861618799,32.0,43.689865688487586,28.283418058690746,15.404565079006773,2.444559151241535,,125.1674442895113,,28.024026156610073,1,0,True,,0,3200.78125,3177.9892578125,0.0,4534.296875,2047.84765625,8678.92578125,703.15234375,0.0,0.0,../../tmp/counterbalanced_map_worker_3mode_seed1_10_n10_artifacts_20260828/seed5_run9_full.attempt1.memory.csv,True,True,../../tmp/counterbalanced_map_worker_3mode_seed1_10_n10_artifacts_20260828/seed5_run9_full.attempt1.performance.csv,5,448,,
seed5,9,sector,146,2,,strict-burst,cpp,True,True,,,,,,,,,,,,,0,0,0,0,0,2,2,0,0,0,0,0,0,0,0,0,0,13,40,0,3,0,2,10,0,9,13,8.291553020477295,0.6378117708059458,1.1476528644561768,,,,,,,,,,,,,,,,,,,,,,,,,,,,,,,61.39,5,5,0,0.415,True,635500,0,0.506,0.306,,,,,,,0,static_pcd,0,0,0,,,,,,,,,,,,,,,../../tmp/counterbalanced_map_worker_3mode_seed1_10_n10_artifacts_20260828/seed5_run9_sector.json,6138,4950,1.015,-1.023,1.962,-24.606,24.025,-25.601,25.932,223.474,7.0,7.005644,7.005644,6.99988,7.0,0.01,True,0,0,0,,,,,,0.0,,,,,,,0,,,,,,,,,,,,,,,,,,,,,,,,,,,,,,,,,,,,,,,,,,,,,,,,,,,,,,,,,,,,,,,,,,,,,,,,,,60,True,0.6,1.2,1.5,2,0.2,416,416,0,416,0,0,/rog_map/commit_version,0.12,0.1,0,0,False,/rog_map/cloud_process_ack,/sector/full_refresh_request,0,0,0,0,0,False,0,0,0,0,0,0,0,False,0,0,0,0,0,0,0,0,0,0,0,0,0,0,0,6000,0,0,100,11430115,5471121,47.866,False,0,False,0,0,False,0,0,1.5,0,1.5,1.5,0,0,0,,,,,,,,,0,0,,False,False,False,0,0,5,15,False,0,0,0,0,0,0,0,0,,,/planning/trajectory_guard_recovery_active,2.5,0,0,False,False,0,0,0,0,0,False,0,0,0,0,0,0,0,0,False,0,0,0,0,0,0,0,0,,,,,,,,,,,,,,,,,,,,,,,,13716.880102040815,392,6.385404789053592,87587.83189444535,274337.60204081633,107540340.0,1.6706053141488142,14.014053103111255,20.0,14.777794642857144,9.568606683673469,5.2074668112244895,1.3305131607142857,47.866,96.24689168803651,2.685174473099893,24.90927554525674,1,0,True,,0,3179.0078125,3154.94140625,0.0,4601.8125,2047.83984375,8613.92578125,703.15234375,0.0,0.0,../../tmp/counterbalanced_map_worker_3mode_seed1_10_n10_artifacts_20260828/seed5_run9_sector.attempt1.memory.csv,True,True,../../tmp/counterbalanced_map_worker_3mode_seed1_10_n10_artifacts_20260828/seed5_run9_sector.attempt1.performance.csv,0,392,,
seed5,9,adaptive,147,3,,strict-burst,cpp,True,True,,,,,,,,,,,,,0,30,30,30,0,8,10,0,0,0,0,0,0,0,0,0,0,30,52,0,1,0,18,11,0,28,30,35.65491199493408,1.1884970664978027,5.088382720947266,,,,,,,,,,,,,,,,,,,,,,,,,,,,,,,79.23,5,5,0,0.371,True,635500,0,0.404,0.204,,,,,,,0,static_pcd,0,0,0,,,,,,,,,,,,,,,../../tmp/counterbalanced_map_worker_3mode_seed1_10_n10_artifacts_20260828/seed5_run9_adaptive.json,7922,6650,0.867,-0.862,1.526,-24.726,24.025,-24.213,26.199,233.621,7.0,7.003946,7.003946,7.000077,7.0,0.01,True,0,0,0,,,,,,0.0,1787900160.840426,3.428,3.472,1787900174.200571,13.691,14.461,0,,,,,,,,,,,,,,,,,,,,,,,,,,,,,,,,,,,,,,,,,,,,,,,,,,,,,,,,,,,,,,,,,,,,,,,,,,60,True,0.6,1.2,1.5,2,1.5,461,461,0,322,139,5,/rog_map/commit_version,0.12,0.1,0.25,0,True,/rog_map/cloud_process_ack,/sector/full_refresh_request,311,311,29,70,70,False,0,1,70,0,0,0,70,False,100,100,0,311,0,311,1787900239996075017,311,0,0.358503,0.754689,0.049846,0.130668,0.175104,0.889587,6000,1780859,892635,69.848,12316975,7032983,57.1,False,0,True,78.525,82.257,False,0.6,1.4,1.5,0.2,3,2.900015,0,0,0,,,,,,,,,0,0,,True,True,False,0.6,1.4,3,15,False,24,24,11,10,17.137,398,236,11,1787900160.84,1787900160.84,/planning/trajectory_guard_recovery_active,2.5,0,0,False,True,61,30,6,5,30,False,1,30,30,0,0,0,0.051598,0.068861,False,0,73.753,173,167,139,114,37.527,36.226,1787900161.12,,,,,,,,,,,,,,,,,,,,,,,22475.340836012863,311,3.9252808279692033,88222.02448567461,561778.3601286174,174713070.0,2.102983309346047,17.641102612646726,23.858520900321544,31.805419099678453,19.247559839228295,12.555982186495177,2.582880491961415,57.1,80.10113699828811,2.9846050454319832,25.639613426243216,1,0,True,,0,3204.85546875,3180.892578125,0.0,4568.37890625,2047.83203125,8682.68359375,703.15234375,0.0,0.0,../../tmp/counterbalanced_map_worker_3mode_seed1_10_n10_artifacts_20260828/seed5_run9_adaptive.attempt1.memory.csv,True,True,../../tmp/counterbalanced_map_worker_3mode_seed1_10_n10_artifacts_20260828/seed5_run9_adaptive.attempt1.performance.csv,0,311,,
seed5,10,sector,148,1,,strict-burst,cpp,True,True,,,,,,,,,,,,,0,0,0,0,0,3,3,0,0,0,0,0,0,0,0,0,0,13,25,0,3,0,7,6,0,11,13,12.626150369644165,0.9712423361264743,2.099062204360962,,,,,,,,,,,,,,,,,,,,,,,,,,,,,,,65.27,5,5,0,0.44,True,635500,0,0.494,0.294,,,,,,,0,static_pcd,0,0,0,,,,,,,,,,,,,,,../../tmp/counterbalanced_map_worker_3mode_seed1_10_n10_artifacts_20260828/seed5_run10_sector.json,6526,5240,0.958,-1.146,1.916,-24.141,24.025,-25.731,26.506,227.734,7.0,7.001322,7.001322,6.999998,7.0,0.01,True,0,0,0,,,,,,0.0,,,,,,,0,,,,,,,,,,,,,,,,,,,,,,,,,,,,,,,,,,,,,,,,,,,,,,,,,,,,,,,,,,,,,,,,,,,,,,,,,,60,True,0.6,1.2,1.5,2,0.2,472,472,0,472,0,0,/rog_map/commit_version,0.12,0.1,0,0,False,/rog_map/cloud_process_ack,/sector/full_refresh_request,0,0,0,0,0,False,0,0,0,0,0,0,0,False,0,0,0,0,0,0,0,0,0,0,0,0,0,0,0,6000,0,0,100,13091578,6163356,47.079,False,0,False,0,0,False,0,0,1.5,0,1.5,1.5,0,0,0,,,,,,,,,0,0,,False,False,False,0,0,5,15,False,0,0,0,0,0,0,0,0,,,/planning/trajectory_guard_recovery_active,2.5,0,0,False,False,0,0,0,0,0,False,0,0,0,0,0,0,0,0,False,0,0,0,0,0,0,0,0,,,,,,,,,,,,,,,,,,,,,,,,13547.4375,448,6.863796537459783,92986.85460395282,270948.75,121385040.0,1.7735834999838413,14.87789673663245,20.0,14.332763973214286,9.259773415178572,5.071323390625,1.2131590669642858,47.079,91.01883101323064,2.927835835513014,25.63614708636419,1,0,True,,0,3183.140625,3159.15234375,0.0,4597.4140625,2047.83203125,8663.5390625,703.15234375,0.0,0.0,../../tmp/counterbalanced_map_worker_3mode_seed1_10_n10_artifacts_20260828/seed5_run10_sector.attempt1.memory.csv,True,True,../../tmp/counterbalanced_map_worker_3mode_seed1_10_n10_artifacts_20260828/seed5_run10_sector.attempt1.performance.csv,0,448,,
seed5,10,adaptive,149,2,,strict-burst,cpp,True,True,,,,,,,,,,,,,0,33,33,33,0,1,1,0,0,0,0,0,0,0,0,0,0,33,57,0,1,0,17,14,0,31,33,27.434505701065063,0.8313486576080322,1.8541767597198486,,,,,,,,,,,,,,,,,,,,,,,,,,,,,,,72.92,5,5,0,0.444,True,635500,0,0.497,0.297,,,,,,,0,static_pcd,0,0,0,,,,,,,,,,,,,,,../../tmp/counterbalanced_map_worker_3mode_seed1_10_n10_artifacts_20260828/seed5_run10_adaptive.json,7291,6220,0.849,-0.895,1.877,-25.536,24.025,-25.312,25.014,225.225,6.998,7.002279,7.002279,6.998008,7.0,0.01,True,0,0,0,,,,,,1.233,1787900348.577845,-8.634,24.608,1787900348.51433,-8.609,24.593,0,,,,,,,,,,,,,,,,,,,,,,,,,,,,,,,,,,,,,,,,,,,,,,,,,,,,,,,,,,,,,,,,,,,,,,,,,,60,True,0.6,1.2,1.5,2,1.5,384,384,0,268,116,5,/rog_map/commit_version,0.12,0.1,0.25,0,True,/rog_map/cloud_process_ack,/sector/full_refresh_request,258,258,21,80,80,False,0,1,80,0,0,0,80,False,113,113,0,258,0,258,1787900398807475366,258,0,0.342894,0.658756,0.051693,0.110163,0.193862,1.36539,6000,1285104,647037,69.792,9829875,6025143,61.294,True,69.271,True,85.417,90.095,True,0.6,1.4,1.5,0.2,3,2.899326,1,1,0,1787900347.88,1787900347.88,1787900348.52,1787900357.7,1787900358.9,1.200214,,,8,1.200214,0,True,True,False,0.6,1.4,3,15,False,26,26,7,6,20.313,355,203,8,1787900329.06,1787900325.24,/planning/trajectory_guard_recovery_active,2.5,0,0,False,True,67,33,6,5,33,False,1,33,33,0,0,0,0.052851,0.092422,False,0,77.865,120,179,101,121,31.25,46.615,1787900325.24,,,,,,,,,,,,,,,,,,,,,,,23351.89453125,256,3.5106966538672517,81981.41799232035,623948.0546875,159730702.0,2.089016292360675,17.5239387822271,25.296875,34.73490515625,20.6397656640625,14.093317187499999,3.02749853515625,61.294,77.08013638133112,2.87303921866319,24.73372842678751,1,0,True,,0,3195.85546875,3171.7919921875,0.0,4411.3125,2047.83203125,8677.5,703.15234375,0.0,0.0,../../tmp/counterbalanced_map_worker_3mode_seed1_10_n10_artifacts_20260828/seed5_run10_adaptive.attempt1.memory.csv,True,True,../../tmp/counterbalanced_map_worker_3mode_seed1_10_n10_artifacts_20260828/seed5_run10_adaptive.attempt1.performance.csv,2,258,,
seed5,10,full,150,3,,strict-burst,direct,True,True,,,,,,,,,,,,,0,0,0,0,0,4,4,0,0,0,0,0,0,0,0,0,0,15,24,0,3,0,10,5,0,13,15,14.49733829498291,0.9664892196655274,1.3435957431793213,,,,,,,,,,,,,,,,,,,,,,,,,,,,,,,65.08,5,5,0,0.441,True,635500,0,0.511,0.311,,,,,,,0,static_pcd,0,0,0,,,,,,,,,,,,,,,../../tmp/counterbalanced_map_worker_3mode_seed1_10_n10_artifacts_20260828/seed5_run10_full.json,6507,5230,0.969,-1.124,1.709,-27.119,24.025,-25.038,24.651,222.815,7.0,7.002385,7.002385,7.000032,7.0,0.01,True,0,0,0,,,,,,1.484,,,,,,,0,,,,,,,,,,,,,,,,,,,,,,,,,,,,,,,,,,,,,,,,,,,,,,,,,,,,,,,,,,,,,,,,,,,,,,,,,,,,,,,,,,,,,,,,,,,,,,,,,,,,,,,,,,,,,,,,,,,,,,,,,,,,,,,,,,,,,,,,,,,,,,,,,,,,,,,,,,,,,,,,,,,,,,,,,,,,,,,,,,,,,,,,,,,,,,,,,,,,,,,,,,,,,,,,,,,,,,,,,,,,,,,,,,,27359.585365853658,410,6.299938537185003,172363.7062077443,875506.756097561,358957770.0,5.260123016648155,44.125110018438846,32.0,41.59271756097561,26.66242195121951,14.928394853658537,2.4624263365853656,,106.50973140050448,,27.733515534509223,1,0,True,,0,3200.19921875,3177.126953125,0.0,4498.43359375,2047.83203125,8636.55078125,703.15234375,0.0,0.0,../../tmp/counterbalanced_map_worker_3mode_seed1_10_n10_artifacts_20260828/seed5_run10_full.attempt1.memory.csv,True,True,../../tmp/counterbalanced_map_worker_3mode_seed1_10_n10_artifacts_20260828/seed5_run10_full.attempt1.performance.csv,4,414,,
seed6,1,adaptive,151,1,,strict-burst,cpp,True,True,,,,,,,,,,,,,0,20,20,20,0,3,2,0,0,0,0,0,0,0,0,0,0,20,33,0,0,0,9,8,0,16,20,20.095082998275757,1.0047541499137878,3.37404465675354,,,,,,,,,,,,,,,,,,,,,,,,,,,,,,,72.76,5,5,0,0.385,True,635500,0,0.494,0.294,,,,,,,0,static_pcd,0,0,0,,,,,,,,,,,,,,,../../tmp/counterbalanced_map_worker_3mode_seed1_10_n10_artifacts_20260828/seed6_run1_adaptive.json,7276,6465,0.696,-1.313,1.606,-24.511,24.025,-25.493,29.12,230.594,7.0,7.000818,7.000818,7.000073,7.0,0.01,True,0,0,0,,,,,,0.636,1787900484.378698,2.679,3.047,1787900501.748556,19.471,23.61,0,,,,,,,,,,,,,,,,,,,,,,,,,,,,,,,,,,,,,,,,,,,,,,,,,,,,,,,,,,,,,,,,,,,,,,,,,,60,True,0.6,1.2,1.5,2,1.5,460,460,0,320,140,5,/rog_map/commit_version,0.12,0.1,0.25,0,True,/rog_map/cloud_process_ack,/sector/full_refresh_request,309,309,34,72,72,False,0,1,72,0,0,0,72,False,92,92,0,309,0,309,1787900557548194449,309,0,0.350741,0.84782,0.04948,0.070135,0.162714,0.882456,6000,1506497,788455,69.565,13560522,7871256,58.045,False,0,False,72.174,79.445,False,0.6,1.4,1.5,0.2,3,2.899284,0,0,0,,,,,,,,,0,0,,True,True,False,0.6,1.4,3,15,False,25,25,15,15,19.565,453,264,9,1787900484.38,1787900484.38,/planning/trajectory_guard_recovery_active,2.5,0,0,False,False,41,20,7,7,20,False,1,20,20,0,0,0,0.050635,0.088542,False,0,66.304,107,198,86,131,23.261,43.043,1787900484.58,,,,,,,,,,,,,,,,,,,,,,,25346.334415584417,308,4.233095107201759,107293.44420010994,627441.5454545454,193251996.0,2.532977806204554,21.248157888949972,23.584415584415584,29.719595194805194,18.040743376623375,11.67708275974026,2.606814155844156,58.045,91.01460793053182,3.0700414021263596,24.854663165775964,1,0,True,,0,3199.37890625,3175.3544921875,0.0,4449.953125,2047.828125,8701.13671875,703.15234375,0.0,0.0,../../tmp/counterbalanced_map_worker_3mode_seed1_10_n10_artifacts_20260828/seed6_run1_adaptive.attempt1.memory.csv,True,True,../../tmp/counterbalanced_map_worker_3mode_seed1_10_n10_artifacts_20260828/seed6_run1_adaptive.attempt1.performance.csv,1,309,,
seed6,1,full,152,2,,strict-burst,direct,True,True,,,,,,,,,,,,,0,0,0,0,0,6,6,0,0,0,0,0,0,0,0,0,0,24,46,0,0,0,13,9,0,20,24,22.98276400566101,0.9576151669025421,2.1467373371124268,,,,,,,,,,,,,,,,,,,,,,,,,,,,,,,74.98,5,5,0,0.399,True,635500,0,0.43,0.23,,,,,,,0,static_pcd,0,0,0,,,,,,,,,,,,,,,../../tmp/counterbalanced_map_worker_3mode_seed1_10_n10_artifacts_20260828/seed6_run1_full.json,7498,6692,0.939,-1.011,1.905,-24.433,24.136,-25.026,25.42,231.403,6.996,7.00158,7.001581,6.99553,7.0,0.01,True,0,0,0,,,,,,1.38,,,,,,,0,,,,,,,,,,,,,,,,,,,,,,,,,,,,,,,,,,,,,,,,,,,,,,,,,,,,,,,,,,,,,,,,,,,,,,,,,,,,,,,,,,,,,,,,,,,,,,,,,,,,,,,,,,,,,,,,,,,,,,,,,,,,,,,,,,,,,,,,,,,,,,,,,,,,,,,,,,,,,,,,,,,,,,,,,,,,,,,,,,,,,,,,,,,,,,,,,,,,,,,,,,,,,,,,,,,,,,,,,,,,,,,,,,,29496.85861182519,389,5.188050146705788,153031.18164843958,943899.5321336761,367176918.0,4.670141321336406,39.175984849293144,32.0,40.43310694087403,24.457456041131106,15.973869768637535,2.398207321336761,,91.93938958559977,,25.60675576364976,1,0,True,,0,3200.22265625,3177.3310546875,0.0,4477.109375,2047.828125,8660.09765625,703.15234375,0.0,0.0,../../tmp/counterbalanced_map_worker_3mode_seed1_10_n10_artifacts_20260828/seed6_run1_full.attempt1.memory.csv,True,True,../../tmp/counterbalanced_map_worker_3mode_seed1_10_n10_artifacts_20260828/seed6_run1_full.attempt1.performance.csv,5,394,,
seed6,1,sector,153,3,,strict-burst,cpp,True,True,,,,,,,,,,,,,0,0,0,0,0,5,6,0,0,0,0,0,0,0,0,0,0,32,66,0,0,0,15,15,0,26,32,27.89966917037964,0.8718646615743637,1.8800652027130127,,,,,,,,,,,,,,,,,,,,,,,,,,,,,,,78.52,5,5,0,0.387,True,635500,0,0.435,0.235,,,,,,,0,static_pcd,0,0,0,,,,,,,,,,,,,,,../../tmp/counterbalanced_map_worker_3mode_seed1_10_n10_artifacts_20260828/seed6_run1_sector.json,7852,6836,0.924,-1.111,1.898,-24.692,24.025,-25.278,29.052,232.272,7.0,7.00118,7.00118,6.999959,7.0,0.01,True,0,0,0,,,,,,0.464,,,,,,,0,,,,,,,,,,,,,,,,,,,,,,,,,,,,,,,,,,,,,,,,,,,,,,,,,,,,,,,,,,,,,,,,,,,,,,,,,,60,True,0.6,1.2,1.5,2,0.2,426,426,0,426,0,0,/rog_map/commit_version,0.12,0.1,0,0,False,/rog_map/cloud_process_ack,/sector/full_refresh_request,0,0,0,0,0,False,0,0,0,0,0,0,0,False,0,0,0,0,0,0,0,0,0,0,0,0,0,0,0,6000,0,0,100,11648352,5783783,49.653,False,0,False,0,0,False,0,0,1.5,0,1.5,1.5,0,0,0,,,,,,,,,0,0,,False,False,False,0,0,5,15,False,0,0,0,0,0,0,0,0,,,/planning/trajectory_guard_recovery_active,2.5,0,0,False,False,0,0,0,0,0,False,0,0,0,0,0,0,0,0,False,0,0,0,0,0,0,0,0,,,,,,,,,,,,,,,,,,,,,,,,14044.58064516129,403,5.1324503311258285,72083.11258278145,280891.6129032258,113199320.0,1.3748762623363773,11.533298013245034,20.0,13.840453399503723,9.175824888337468,4.662960347394541,1.1339959553349876,49.653,73.48031905710155,2.7219913953190433,24.204533106787807,1,0,True,,0,3184.421875,3160.3076171875,0.0,4481.109375,2047.81640625,8659.0546875,703.15234375,0.0,0.0,../../tmp/counterbalanced_map_worker_3mode_seed1_10_n10_artifacts_20260828/seed6_run1_sector.attempt1.memory.csv,True,True,../../tmp/counterbalanced_map_worker_3mode_seed1_10_n10_artifacts_20260828/seed6_run1_sector.attempt1.performance.csv,0,403,,
seed6,2,full,154,1,,strict-burst,direct,True,True,,,,,,,,,,,,,0,0,0,0,0,5,5,0,0,0,0,0,0,0,0,0,0,9,14,0,0,0,4,3,0,4,9,8.650664567947388,0.9611849519941542,1.576303243637085,,,,,,,,,,,,,,,,,,,,,,,,,,,,,,,66.42,5,5,0,0.414,True,635500,0,0.46,0.26,,,,,,,0,static_pcd,0,0,0,,,,,,,,,,,,,,,../../tmp/counterbalanced_map_worker_3mode_seed1_10_n10_artifacts_20260828/seed6_run2_full.json,6641,5710,1.282,-0.0,1.831,-23.985,24.239,-25.298,24.465,231.369,7.0,7.000464,7.000464,7.000045,7.0,0.01,True,0,0,0,,,,,,1.282,,,,,,,0,,,,,,,,,,,,,,,,,,,,,,,,,,,,,,,,,,,,,,,,,,,,,,,,,,,,,,,,,,,,,,,,,,,,,,,,,,,,,,,,,,,,,,,,,,,,,,,,,,,,,,,,,,,,,,,,,,,,,,,,,,,,,,,,,,,,,,,,,,,,,,,,,,,,,,,,,,,,,,,,,,,,,,,,,,,,,,,,,,,,,,,,,,,,,,,,,,,,,,,,,,,,,,,,,,,,,,,,,,,,,,,,,,,31572.105263157893,437,6.57934357121349,207723.72779283347,1010307.3775743707,441504324.0,6.339225148766991,53.177274796747966,32.0,40.97316315789474,26.404210068649885,14.567112265446225,2.487387121281465,,118.13102701446608,,25.27773873990356,1,0,True,,0,3207.35546875,3184.474609375,0.0,4544.87109375,2047.81640625,8625.9140625,703.15234375,0.0,0.0,../../tmp/counterbalanced_map_worker_3mode_seed1_10_n10_artifacts_20260828/seed6_run2_full.attempt1.memory.csv,True,True,../../tmp/counterbalanced_map_worker_3mode_seed1_10_n10_artifacts_20260828/seed6_run2_full.attempt1.performance.csv,4,441,,
seed6,2,sector,155,2,,strict-burst,cpp,True,True,,,,,,,,,,,,,0,0,0,0,0,5,7,0,0,0,0,0,0,0,0,0,0,13,35,0,0,0,5,7,0,9,13,19.53726625442505,1.5028666349557729,4.787484884262085,,,,,,,,,,,,,,,,,,,,,,,,,,,,,,,65.85,5,5,0,0.385,True,635500,0,0.417,0.217,,,,,,,0,static_pcd,0,0,0,,,,,,,,,,,,,,,../../tmp/counterbalanced_map_worker_3mode_seed1_10_n10_artifacts_20260828/seed6_run2_sector.json,6584,5385,1.13,-0.986,0.659,-24.38,24.025,-27.766,24.848,226.473,7.001,7.000919,7.000919,7.000599,7.0,0.01,True,0,0,0,,,,,,1.499,,,,,,,0,,,,,,,,,,,,,,,,,,,,,,,,,,,,,,,,,,,,,,,,,,,,,,,,,,,,,,,,,,,,,,,,,,,,,,,,,,60,True,0.6,1.2,1.5,2,0.2,428,428,0,428,0,0,/rog_map/commit_version,0.12,0.1,0,0,False,/rog_map/cloud_process_ack,/sector/full_refresh_request,0,0,0,0,0,False,0,0,0,0,0,0,0,False,0,0,0,0,0,0,0,0,0,0,0,0,0,0,0,6000,0,0,100,12028090,5710360,47.475,False,0,False,0,0,False,0,0,1.5,0,1.5,1.5,0,0,0,,,,,,,,,0,0,,False,False,False,0,0,5,15,False,0,0,0,0,0,0,0,0,,,/planning/trajectory_guard_recovery_active,2.5,0,0,False,False,0,0,0,0,0,False,0,0,0,0,0,0,0,0,False,0,0,0,0,0,0,0,0,,,,,,,,,,,,,,,,,,,,,,,,13814.710396039603,404,6.135155656795749,84755.39863325741,276294.2079207921,111622860.0,1.6165809370662196,13.560863781321187,20.0,13.576007722772276,8.797751658415843,4.776433935643564,1.2343751386138613,47.475,88.40873197213398,2.750526415021596,24.4056351564769,1,0,True,,0,3181.28125,3157.1513671875,0.0,4533.5390625,2047.8125,8633.6171875,703.15234375,0.0,0.0,../../tmp/counterbalanced_map_worker_3mode_seed1_10_n10_artifacts_20260828/seed6_run2_sector.attempt1.memory.csv,True,True,../../tmp/counterbalanced_map_worker_3mode_seed1_10_n10_artifacts_20260828/seed6_run2_sector.attempt1.performance.csv,2,406,,
seed6,2,adaptive,156,3,,strict-burst,cpp,True,True,,,,,,,,,,,,,0,19,19,19,0,6,8,0,0,0,0,0,0,0,0,0,0,19,32,0,0,0,12,7,0,14,19,18.603152990341187,0.9791133152811151,3.530282974243164,,,,,,,,,,,,,,,,,,,,,,,,,,,,,,,70.32,5,5,0,0.405,True,635500,0,0.457,0.257,,,,,,,0,static_pcd,0,0,0,,,,,,,,,,,,,,,../../tmp/counterbalanced_map_worker_3mode_seed1_10_n10_artifacts_20260828/seed6_run2_adaptive.json,7031,6288,0.813,-1.231,1.458,-27.368,24.046,-26.464,29.372,234.534,6.999,7.003666,7.003667,6.999371,7.0,0.01,True,0,0,0,,,,,,0.0,1787900894.865847,3.103,4.18,1787900909.055661,23.311,21.022,0,,,,,,,,,,,,,,,,,,,,,,,,,,,,,,,,,,,,,,,,,,,,,,,,,,,,,,,,,,,,,,,,,,,,,,,,,,60,True,0.6,1.2,1.5,2,1.5,455,455,0,314,141,5,/rog_map/commit_version,0.12,0.1,0.25,0,True,/rog_map/cloud_process_ack,/sector/full_refresh_request,303,303,27,62,62,False,0,1,62,0,0,0,62,False,81,81,0,303,0,303,1787900964756034055,303,1,0.349055,0.504888,0.055844,0.137048,0.155015,0.659313,6000,1594077,833058,69.011,13562876,7727070,56.972,True,74.505,False,67.473,71.807,False,0.6,1.4,1.5,0.2,3,2.898454,1,0,0,1787900908.58,1787900908.58,1787900908.88,,,,,,40,0.810035,0,True,True,False,0.6,1.4,3,15,False,23,23,13,13,18.901,457,252,9,1787900894.87,1787900894.87,/planning/trajectory_guard_recovery_active,2.5,0,0,False,False,39,19,6,6,19,False,1,19,19,0,0,0,0.050274,0.064025,False,0,59.341,112,158,87,108,24.615,34.725,1787900895.4,,,,,,,,,,,,,,,,,,,,,,,25306.55115511551,303,4.3088737201365195,109042.7332195677,611280.9834983498,185218138.0,2.511913838782544,21.07146052332196,23.207920792079207,33.80080333333333,20.017608712871287,13.781356600660066,2.70564003630363,56.972,91.28278656600843,3.13361813272608,25.96039836673248,1,0,True,,0,3199.58203125,3175.3095703125,0.0,4476.55859375,2047.80859375,8658.93359375,703.15234375,0.0,0.0,../../tmp/counterbalanced_map_worker_3mode_seed1_10_n10_artifacts_20260828/seed6_run2_adaptive.attempt1.memory.csv,True,True,../../tmp/counterbalanced_map_worker_3mode_seed1_10_n10_artifacts_20260828/seed6_run2_adaptive.attempt1.performance.csv,0,303,,
seed6,3,sector,157,1,,strict-burst,cpp,True,True,,,,,,,,,,,,,0,0,0,0,0,3,3,0,0,0,0,0,0,0,0,0,0,22,37,0,2,0,12,9,0,19,22,20.788805961608887,0.9449457255276766,2.449108839035034,,,,,,,,,,,,,,,,,,,,,,,,,,,,,,,70.44,5,5,0,0.361,True,635500,0,0.402,0.202,,,,,,,0,static_pcd,0,0,0,,,,,,,,,,,,,,,../../tmp/counterbalanced_map_worker_3mode_seed1_10_n10_artifacts_20260828/seed6_run3_sector.json,7043,6304,0.968,-1.117,2.139,-26.421,24.025,-26.354,25.127,230.222,7.0,7.0007,7.0007,6.999802,7.0,0.01,True,0,0,0,,,,,,1.478,,,,,,,0,,,,,,,,,,,,,,,,,,,,,,,,,,,,,,,,,,,,,,,,,,,,,,,,,,,,,,,,,,,,,,,,,,,,,,,,,,60,True,0.6,1.2,1.5,2,0.2,395,395,0,395,0,0,/rog_map/commit_version,0.12,0.1,0,0,False,/rog_map/cloud_process_ack,/sector/full_refresh_request,0,0,0,0,0,False,0,0,0,0,0,0,0,False,0,0,0,0,0,0,0,0,0,0,0,0,0,0,0,6000,0,0,100,10984971,5532116,50.361,False,0,False,0,0,False,0,0,1.5,0,1.5,1.5,0,0,0,,,,,,,,,0,0,,False,False,False,0,0,5,15,False,0,0,0,0,0,0,0,0,,,/planning/trajectory_guard_recovery_active,2.5,0,0,False,False,0,0,0,0,0,False,0,0,0,0,0,0,0,0,False,0,0,0,0,0,0,0,0,,,,,,,,,,,,,,,,,,,,,,,,14589.659459459459,370,5.2526973310618965,76635.06530380466,291793.1891891892,107963480.0,1.4616978703270846,12.261610448608744,20.0,14.112409081081081,9.203750864864865,4.906897648648649,1.287977527027027,50.361,80.42968407277465,2.6925370296885163,23.636801110899018,1,0,True,,0,3181.46875,3157.4169921875,0.0,4492.578125,2047.8046875,8642.74609375,703.15234375,0.0,0.0,../../tmp/counterbalanced_map_worker_3mode_seed1_10_n10_artifacts_20260828/seed6_run3_sector.attempt1.memory.csv,True,True,../../tmp/counterbalanced_map_worker_3mode_seed1_10_n10_artifacts_20260828/seed6_run3_sector.attempt1.performance.csv,2,372,,
seed6,3,adaptive,158,2,,strict-burst,cpp,True,True,,,,,,,,,,,,,0,21,21,21,0,2,2,0,0,0,0,0,0,0,0,0,0,21,47,0,1,0,10,11,0,18,21,16.40482521057129,0.7811821528843471,1.4424941539764404,,,,,,,,,,,,,,,,,,,,,,,,,,,,,,,67.08,5,5,0,0.364,True,635500,0,0.465,0.265,,,,,,,0,static_pcd,0,0,0,,,,,,,,,,,,,,,../../tmp/counterbalanced_map_worker_3mode_seed1_10_n10_artifacts_20260828/seed6_run3_adaptive.json,6707,5949,0.809,-1.25,1.632,-25.23,24.181,-24.329,27.208,224.651,7.001,7.0018,7.0018,7.001229,7.0,0.01,True,0,0,0,,,,,,1.489,1787901058.486921,5.563,7.567,1787901057.23197,3.772,4.927,0,,,,,,,,,,,,,,,,,,,,,,,,,,,,,,,,,,,,,,,,,,,,,,,,,,,,,,,,,,,,,,,,,,,,,,,,,,60,True,0.6,1.2,1.5,2,1.5,416,416,0,285,131,5,/rog_map/commit_version,0.12,0.1,0.25,0,True,/rog_map/cloud_process_ack,/sector/full_refresh_request,275,275,24,68,68,False,0,1,68,0,0,0,68,False,89,89,0,275,0,275,1787901123632850249,275,0,0.328942,0.481463,0.053137,0.108484,0.164577,0.760488,6000,1265580,687152,68.51,12036780,7122548,59.173,True,50.721,True,70.192,75.751,False,0.6,1.4,1.5,0.2,3,2.898747,1,0,0,1787901087.44,1787901087.44,1787901087.55,,,,,,29,1.089892,0,True,True,False,0.6,1.4,3,15,False,24,24,11,10,20.192,409,237,10,1787901056.46,1787901056.46,/planning/trajectory_guard_recovery_active,2.5,0,0,False,True,43,21,6,5,21,False,1,21,21,0,0,0,0.051534,0.075808,False,0,61.298,99,156,75,107,23.798,37.5,1787901059.08,,,,,,,,,,,,,,,,,,,,,,,25853.34432234432,273,4.069767441860465,105217.09898628504,639656.9816849817,174626356.0,2.4826575832560294,20.826041264162193,23.912087912087912,31.75560893772894,19.1522058974359,12.60155695970696,2.944664882783883,59.173,90.66884939227101,2.993149916456691,26.05342682172635,1,0,True,,0,3198.64453125,3174.4345703125,0.0,4364.51953125,2047.8046875,8667.71484375,703.15234375,0.0,0.0,../../tmp/counterbalanced_map_worker_3mode_seed1_10_n10_artifacts_20260828/seed6_run3_adaptive.attempt1.memory.csv,True,True,../../tmp/counterbalanced_map_worker_3mode_seed1_10_n10_artifacts_20260828/seed6_run3_adaptive.attempt1.performance.csv,2,275,,
seed6,3,full,159,3,,strict-burst,direct,True,True,,,,,,,,,,,,,0,0,0,0,0,5,4,0,0,0,0,0,0,0,0,0,0,16,34,0,0,0,8,8,0,10,16,13.471580028533936,0.841973751783371,1.2101757526397705,,,,,,,,,,,,,,,,,,,,,,,,,,,,,,,69.63,5,5,0,0.403,True,635500,0,0.468,0.268,,,,,,,0,static_pcd,0,0,0,,,,,,,,,,,,,,,../../tmp/counterbalanced_map_worker_3mode_seed1_10_n10_artifacts_20260828/seed6_run3_full.json,6962,6269,0.85,-1.231,1.68,-24.955,24.028,-25.45,27.083,228.214,7.0,7.004172,7.004172,7.000062,7.0,0.01,True,0,0,0,,,,,,1.496,,,,,,,0,,,,,,,,,,,,,,,,,,,,,,,,,,,,,,,,,,,,,,,,,,,,,,,,,,,,,,,,,,,,,,,,,,,,,,,,,,,,,,,,,,,,,,,,,,,,,,,,,,,,,,,,,,,,,,,,,,,,,,,,,,,,,,,,,,,,,,,,,,,,,,,,,,,,,,,,,,,,,,,,,,,,,,,,,,,,,,,,,,,,,,,,,,,,,,,,,,,,,,,,,,,,,,,,,,,,,,,,,,,,,,,,,,,30256.95754716981,424,6.089329312078128,184244.57848628465,968222.4905660377,410526336.0,5.622697441498816,47.1666047393365,32.0,37.9086945754717,24.461529009433963,13.445246721698114,2.2501744858490564,,104.32412151705093,,23.046150004484694,1,0,True,,0,3207.76953125,3184.8857421875,0.0,4494.88671875,2047.80078125,8574.28515625,703.15234375,0.0,0.0,../../tmp/counterbalanced_map_worker_3mode_seed1_10_n10_artifacts_20260828/seed6_run3_full.attempt1.memory.csv,True,True,../../tmp/counterbalanced_map_worker_3mode_seed1_10_n10_artifacts_20260828/seed6_run3_full.attempt1.performance.csv,3,427,,
seed6,4,adaptive,160,1,,strict-burst,cpp,True,True,,,,,,,,,,,,,0,34,34,34,0,7,7,0,0,0,0,0,0,0,0,0,0,34,56,0,0,0,19,14,0,32,33,30.513115406036377,0.9246398607889811,2.0048859119415283,,,,,,,,,,,,,,,,,,,,,,,,,,,,,,,78.12,5,5,0,0.404,True,635500,0,0.483,0.283,,,,,,,0,static_pcd,0,0,0,,,,,,,,,,,,,,,../../tmp/counterbalanced_map_worker_3mode_seed1_10_n10_artifacts_20260828/seed6_run4_adaptive.json,7811,6874,0.81,-1.228,1.923,-27.663,24.025,-26.743,26.823,229.044,7.001,7.001721,7.001721,7.001429,7.0,0.01,True,0,0,0,,,,,,0.0,1787901214.463105,2.654,2.983,1787901227.856257,21.432,23.456,0,,,,,,,,,,,,,,,,,,,,,,,,,,,,,,,,,,,,,,,,,,,,,,,,,,,,,,,,,,,,,,,,,,,,,,,,,,60,True,0.6,1.2,1.5,2,1.5,451,451,0,307,144,5,/rog_map/commit_version,0.12,0.1,0.25,0,True,/rog_map/cloud_process_ack,/sector/full_refresh_request,295,295,24,73,73,False,0,1,73,0,0,0,73,False,107,107,0,295,0,295,1787901292760608709,295,0,0.374439,1.260653,0.045745,0.074761,0.181486,1.342167,6000,1548588,771030,68.071,12239645,7160359,58.501,False,0,True,76.718,82.334,False,0.6,1.4,1.5,0.2,3,2.893914,0,0,0,,,,,,,,,0,0,,True,True,False,0.6,1.4,3,15,False,24,24,11,10,17.738,376,213,10,1787901214.46,1787901214.46,/planning/trajectory_guard_recovery_active,2.5,0,0,True,True,68,34,6,5,34,False,1,34,34,0,0,0,0.0496,0.097018,False,0,71.397,150,172,121,112,33.259,38.137,1787901214.69,,,,,,,,,,,,,,,,,,,,,,,24059.501694915256,295,3.7762416794674856,90854.4930875576,620733.9118644068,183116504.0,2.235451955643911,18.752330158730157,24.352542372881356,29.394170847457627,18.012747898305086,11.379629830508476,2.511414416949153,58.501,72.59663011038707,2.9828041960784217,26.824331847189548,1,0,True,,0,3200.0546875,3176.1552734375,0.0,4397.59375,2047.78515625,8637.6953125,703.15234375,0.0,0.0,../../tmp/counterbalanced_map_worker_3mode_seed1_10_n10_artifacts_20260828/seed6_run4_adaptive.attempt1.memory.csv,True,True,../../tmp/counterbalanced_map_worker_3mode_seed1_10_n10_artifacts_20260828/seed6_run4_adaptive.attempt1.performance.csv,0,295,,
seed6,4,full,161,2,,strict-burst,direct,True,True,,,,,,,,,,,,,0,0,0,0,0,3,3,0,0,0,0,0,0,0,0,0,0,19,30,0,2,0,12,7,0,16,19,16.9512197971344,0.8921694630070737,1.450371265411377,,,,,,,,,,,,,,,,,,,,,,,,,,,,,,,71.93,5,5,0,0.402,True,635500,0,0.477,0.277,,,,,,,0,static_pcd,0,0,0,,,,,,,,,,,,,,,../../tmp/counterbalanced_map_worker_3mode_seed1_10_n10_artifacts_20260828/seed6_run4_full.json,7192,6295,0.746,-1.05,1.676,-25.631,24.286,-26.674,27.456,234.022,7.0,7.001529,7.001529,7.000221,7.0,0.01,True,0,0,0,,,,,,1.288,,,,,,,0,,,,,,,,,,,,,,,,,,,,,,,,,,,,,,,,,,,,,,,,,,,,,,,,,,,,,,,,,,,,,,,,,,,,,,,,,,,,,,,,,,,,,,,,,,,,,,,,,,,,,,,,,,,,,,,,,,,,,,,,,,,,,,,,,,,,,,,,,,,,,,,,,,,,,,,,,,,,,,,,,,,,,,,,,,,,,,,,,,,,,,,,,,,,,,,,,,,,,,,,,,,,,,,,,,,,,,,,,,,,,,,,,,,30468.26161369193,409,5.686083692478798,173245.08549979146,974984.3325183374,398768592.0,5.287020219378323,44.35074010843875,32.0,37.56688459657702,24.23341466992665,13.331606674816625,2.289762650366748,,97.44406487709061,,23.763859888983777,1,0,True,,0,3204.1796875,3181.2373046875,0.0,4481.28515625,2047.7734375,8578.15234375,703.15234375,0.0,0.0,../../tmp/counterbalanced_map_worker_3mode_seed1_10_n10_artifacts_20260828/seed6_run4_full.attempt1.memory.csv,True,True,../../tmp/counterbalanced_map_worker_3mode_seed1_10_n10_artifacts_20260828/seed6_run4_full.attempt1.performance.csv,4,413,,
seed6,4,sector,162,3,,strict-burst,cpp,True,True,,,,,,,,,,,,,0,0,0,0,0,7,9,0,0,0,0,0,0,0,0,0,0,14,29,0,0,0,6,6,0,8,14,17.435760498046875,1.2454114641462053,4.700124502182007,,,,,,,,,,,,,,,,,,,,,,,,,,,,,,,69.84,5,5,0,0.429,True,635500,0,0.458,0.258,,,,,,,0,static_pcd,0,0,0,,,,,,,,,,,,,,,../../tmp/counterbalanced_map_worker_3mode_seed1_10_n10_artifacts_20260828/seed6_run4_sector.json,6982,6160,0.44,-1.393,2.299,-24.786,23.263,-25.358,26.675,228.447,7.0,7.002916,7.002916,7.000142,7.0,0.01,True,0,0,0,,,,,,0.0,,,,,,,0,,,,,,,,,,,,,,,,,,,,,,,,,,,,,,,,,,,,,,,,,,,,,,,,,,,,,,,,,,,,,,,,,,,,,,,,,,60,True,0.6,1.2,1.5,2,0.2,443,443,0,443,0,0,/rog_map/commit_version,0.12,0.1,0,0,False,/rog_map/cloud_process_ack,/sector/full_refresh_request,0,0,0,0,0,False,0,0,0,0,0,0,0,False,0,0,0,0,0,0,0,0,0,0,0,0,0,0,0,6000,0,0,100,13348776,7049960,52.814,False,0,False,0,0,False,0,0,1.5,0,1.5,1.5,0,0,0,,,,,,,,,0,0,,False,False,False,0,0,5,15,False,0,0,0,0,0,0,0,0,,,/planning/trajectory_guard_recovery_active,2.5,0,0,False,False,0,0,0,0,0,False,0,0,0,0,0,0,0,0,False,0,0,0,0,0,0,0,0,,,,,,,,,,,,,,,,,,,,,,,,16517.286396181385,419,5.99942726231386,99094.25830469644,330345.7279236277,138414860.0,1.890072980970315,15.855081328751432,20.0,14.157155322195704,9.232982983293557,4.922473484486874,1.236979890214797,52.814,91.23318344303713,2.842700205129987,25.48330715137042,1,0,True,,0,3192.08984375,3167.646484375,0.0,4493.25,2047.7734375,8593.296875,703.15234375,0.0,0.0,../../tmp/counterbalanced_map_worker_3mode_seed1_10_n10_artifacts_20260828/seed6_run4_sector.attempt1.memory.csv,True,True,../../tmp/counterbalanced_map_worker_3mode_seed1_10_n10_artifacts_20260828/seed6_run4_sector.attempt1.performance.csv,0,419,,
seed6,5,full,163,1,,strict-burst,direct,True,True,,,,,,,,,,,,,0,0,0,0,0,5,7,0,0,0,0,0,0,0,0,0,0,14,33,0,0,0,7,7,0,9,14,12.252656936645508,0.8751897811889648,2.13861083984375,,,,,,,,,,,,,,,,,,,,,,,,,,,,,,,66.74,5,5,0,0.365,True,635500,0,0.473,0.273,,,,,,,0,static_pcd,0,0,0,,,,,,,,,,,,,,,../../tmp/counterbalanced_map_worker_3mode_seed1_10_n10_artifacts_20260828/seed6_run5_full.json,6673,5899,0.768,-1.244,1.494,-27.182,24.025,-25.425,29.752,226.397,7.0,7.002133,7.002134,6.999679,7.0,0.01,True,0,0,0,,,,,,1.462,,,,,,,0,,,,,,,,,,,,,,,,,,,,,,,,,,,,,,,,,,,,,,,,,,,,,,,,,,,,,,,,,,,,,,,,,,,,,,,,,,,,,,,,,,,,,,,,,,,,,,,,,,,,,,,,,,,,,,,,,,,,,,,,,,,,,,,,,,,,,,,,,,,,,,,,,,,,,,,,,,,,,,,,,,,,,,,,,,,,,,,,,,,,,,,,,,,,,,,,,,,,,,,,,,,,,,,,,,,,,,,,,,,,,,,,,,,30289.053299492385,394,5.903506143242434,178811.61222655082,969249.7868020304,381884416.0,5.456897803041654,45.77577656577765,32.0,38.55457918781726,24.970708883248733,13.58206459390863,2.421479487309645,,105.54012185646262,,,1,0,True,,0,3206.28515625,3183.3046875,0.0,4457.0546875,2047.7734375,8626.203125,703.15234375,0.0,0.0,../../tmp/counterbalanced_map_worker_3mode_seed1_10_n10_artifacts_20260828/seed6_run5_full.attempt1.memory.csv,True,True,../../tmp/counterbalanced_map_worker_3mode_seed1_10_n10_artifacts_20260828/seed6_run5_full.attempt1.performance.csv,5,399,,
seed6,5,sector,164,2,,strict-burst,cpp,True,True,,,,,,,,,,,,,0,0,0,0,0,7,10,0,0,0,0,0,0,0,0,0,0,44,67,0,1,0,26,16,0,40,44,43.313881158828735,0.9844063899733804,3.5413126945495605,,,,,,,,,,,,,,,,,,,,,,,,,,,,,,,90.97,5,5,0,0.401,True,635500,0,0.48,0.28,,,,,,,0,static_pcd,0,0,0,,,,,,,,,,,,,,,../../tmp/counterbalanced_map_worker_3mode_seed1_10_n10_artifacts_20260828/seed6_run5_sector.json,9096,8000,0.639,-1.34,1.831,-24.437,24.026,-26.57,26.775,230.41,7.0,7.001301,7.001301,7.000042,7.0,0.01,True,0,0,0,,,,,,1.484,,,,,,,0,,,,,,,,,,,,,,,,,,,,,,,,,,,,,,,,,,,,,,,,,,,,,,,,,,,,,,,,,,,,,,,,,,,,,,,,,,60,True,0.6,1.2,1.5,2,0.2,438,438,0,438,0,0,/rog_map/commit_version,0.12,0.1,0,0,False,/rog_map/cloud_process_ack,/sector/full_refresh_request,0,0,0,0,0,False,0,0,0,0,0,0,0,False,0,0,0,0,0,0,0,0,0,0,0,0,0,0,0,6000,0,0,100,12141227,6081819,50.092,False,0,False,0,0,False,0,0,1.5,0,1.5,1.5,0,0,0,,,,,,,,,0,0,,False,False,False,0,0,5,15,False,0,0,0,0,0,0,0,0,,,/planning/trajectory_guard_recovery_active,2.5,0,0,False,False,0,0,0,0,0,False,0,0,0,0,0,0,0,0,False,0,0,0,0,0,0,0,0,,,,,,,,,,,,,,,,,,,,,,,,14378.265700483093,414,4.550950862921843,65434.780696933056,287565.31400966184,119052040.0,1.2480693950068102,10.469564911509288,20.0,13.309914806763285,8.914702053140097,4.3935256521739126,1.0855762173913044,50.092,62.90079758724563,2.721654743158433,25.57991659918452,1,0,True,,0,3193.171875,3169.240234375,0.0,4319.24609375,2047.76953125,8619.578125,703.15234375,0.0,0.0,../../tmp/counterbalanced_map_worker_3mode_seed1_10_n10_artifacts_20260828/seed6_run5_sector.attempt1.memory.csv,True,True,../../tmp/counterbalanced_map_worker_3mode_seed1_10_n10_artifacts_20260828/seed6_run5_sector.attempt1.performance.csv,1,415,,
seed6,5,adaptive,165,3,,strict-burst,cpp,True,True,,,,,,,,,,,,,0,35,35,35,0,8,9,0,0,0,0,0,0,0,0,0,0,35,68,0,0,0,19,16,0,31,34,33.80972957611084,0.9944038110620835,1.9709157943725586,,,,,,,,,,,,,,,,,,,,,,,,,,,,,,,84.09,5,5,0,0.373,True,635500,0,0.482,0.282,,,,,,,0,static_pcd,0,0,0,,,,,,,,,,,,,,,../../tmp/counterbalanced_map_worker_3mode_seed1_10_n10_artifacts_20260828/seed6_run5_adaptive.json,8408,7229,0.816,-1.204,1.656,-25.581,24.025,-26.69,27.467,234.229,6.995,7.000378,7.000378,6.994712,7.0,0.01,True,0,0,0,,,,,,0.0,1787901643.440268,3.008,3.938,1787901655.271271,20.094,16.893,0,,,,,,,,,,,,,,,,,,,,,,,,,,,,,,,,,,,,,,,,,,,,,,,,,,,,,,,,,,,,,,,,,,,,,,,,,,60,True,0.6,1.2,1.5,2,1.5,470,470,0,338,132,5,/rog_map/commit_version,0.12,0.1,0.25,0,True,/rog_map/cloud_process_ack,/sector/full_refresh_request,327,327,28,85,85,False,0,1,85,0,0,0,85,False,120,120,0,327,0,327,1787901727071059907,327,1,0.330436,0.663573,0.048431,0.118471,0.179461,1.057256,6000,1752121,932528,71.915,13295725,8327115,62.63,True,67.66,True,81.277,85.289,True,0.6,1.4,1.5,0.2,3,2.89688,1,1,0,1787901664.42,1787901664.42,1787901664.63,1787901669.46,1787901670.67,1.2008,,,5,1.2008,0,True,True,False,0.6,1.4,3,15,False,25,25,9,8,16.809,438,242,9,1787901643.44,1787901643.44,/planning/trajectory_guard_recovery_active,2.5,0,0,True,True,70,35,6,5,35,False,1,35,35,0,0,0,0.049468,0.077089,False,0,76.383,191,168,152,117,40.638,35.745,1787901643.51,,,,,,,,,,,,,,,,,,,,,,,25345.184049079755,326,3.8767986680937088,98258.17576406231,642925.6257668711,209593754.0,2.3770267578662114,19.939945677250563,24.41717791411043,31.692363588957058,19.441813803680983,12.248731319018404,2.552058472392638,62.63,77.81926969154888,3.0310355499880717,26.04951244821801,1,0,True,,0,3205.06640625,3180.884765625,0.0,4383.9765625,2047.765625,8638.5703125,703.15234375,0.0,0.0,../../tmp/counterbalanced_map_worker_3mode_seed1_10_n10_artifacts_20260828/seed6_run5_adaptive.attempt1.memory.csv,True,True,../../tmp/counterbalanced_map_worker_3mode_seed1_10_n10_artifacts_20260828/seed6_run5_adaptive.attempt1.performance.csv,1,327,,
seed6,6,sector,166,1,,strict-burst,cpp,True,True,,,,,,,,,,,,,0,0,0,0,0,5,5,0,0,0,0,0,0,0,0,0,0,23,39,0,0,0,13,8,0,19,23,23.981865882873535,1.0426898209945015,4.324301481246948,,,,,,,,,,,,,,,,,,,,,,,,,,,,,,,72.81,5,5,0,0.337,True,635500,0,0.434,0.234,,,,,,,0,static_pcd,0,0,0,,,,,,,,,,,,,,,../../tmp/counterbalanced_map_worker_3mode_seed1_10_n10_artifacts_20260828/seed6_run6_sector.json,7280,6499,0.672,-1.321,1.741,-24.677,24.025,-25.089,29.11,231.355,7.0,7.000733,7.000734,7.000264,7.0,0.01,True,0,0,0,,,,,,1.482,,,,,,,0,,,,,,,,,,,,,,,,,,,,,,,,,,,,,,,,,,,,,,,,,,,,,,,,,,,,,,,,,,,,,,,,,,,,,,,,,,60,True,0.6,1.2,1.5,2,0.2,406,406,0,406,0,0,/rog_map/commit_version,0.12,0.1,0,0,False,/rog_map/cloud_process_ack,/sector/full_refresh_request,0,0,0,0,0,False,0,0,0,0,0,0,0,False,0,0,0,0,0,0,0,0,0,0,0,0,0,0,0,6000,0,0,100,11692991,6209488,53.104,False,0,False,0,0,False,0,0,1.5,0,1.5,1.5,0,0,0,,,,,,,,,0,0,,False,False,False,0,0,5,15,False,0,0,0,0,0,0,0,0,,,/planning/trajectory_guard_recovery_active,2.5,0,0,False,False,0,0,0,0,0,False,0,0,0,0,0,0,0,0,False,0,0,0,0,0,0,0,0,,,,,,,,,,,,,,,,,,,,,,,,15916.939790575916,382,5.246532069770636,83508.73506386485,318338.7958115183,121605420.0,1.592802716519639,13.361397610218376,20.0,14.124669319371728,9.234551492146597,4.888386492146597,1.265084445026178,53.104,80.89886645041989,2.7419568779785553,25.305906362493722,1,0,True,,0,3184.109375,3159.9599609375,0.0,4396.64453125,2047.5234375,8614.57421875,703.15234375,0.0,0.0,../../tmp/counterbalanced_map_worker_3mode_seed1_10_n10_artifacts_20260828/seed6_run6_sector.attempt1.memory.csv,True,True,../../tmp/counterbalanced_map_worker_3mode_seed1_10_n10_artifacts_20260828/seed6_run6_sector.attempt1.performance.csv,2,384,,
seed6,6,adaptive,167,2,,strict-burst,cpp,True,True,,,,,,,,,,,,,0,15,15,15,0,2,2,0,0,0,0,0,0,0,0,0,0,15,33,0,1,0,7,8,0,13,14,11.270355701446533,0.805025407246181,1.5644545555114746,,,,,,,,,,,,,,,,,,,,,,,,,,,,,,,64.78,5,5,0,0.373,True,635500,0,0.423,0.223,,,,,,,0,static_pcd,0,0,0,,,,,,,,,,,,,,,../../tmp/counterbalanced_map_worker_3mode_seed1_10_n10_artifacts_20260828/seed6_run6_adaptive.json,6477,5489,0.72,-1.294,1.408,-24.195,24.025,-25.071,27.538,225.354,7.0,7.00206,7.00206,7.000234,7.0,0.01,True,0,0,0,,,,,,0.784,1787901821.005555,2.236,2.941,1787901832.433547,24.025,24.025,0,,,,,,,,,,,,,,,,,,,,,,,,,,,,,,,,,,,,,,,,,,,,,,,,,,,,,,,,,,,,,,,,,,,,,,,,,,60,True,0.6,1.2,1.5,2,1.5,397,397,0,278,119,5,/rog_map/commit_version,0.12,0.1,0.25,0,True,/rog_map/cloud_process_ack,/sector/full_refresh_request,267,267,25,65,65,False,0,1,65,0,0,0,65,False,80,80,0,267,0,267,1787901885434557935,267,0,0.344863,0.561827,0.053086,0.103197,0.164474,1.080558,6000,1198588,667038,70.025,11710957,7105013,60.67,True,0.504,True,65.491,70.838,False,0.6,1.4,1.5,0.2,3,2.899996,1,0,0,1787901885.02,1787901885.02,1787901885.09,,,,,,1,0.050209,0.080325,True,True,False,0.6,1.4,3,15,False,25,25,15,14,18.64,423,258,8,1787901821.01,1787901821.01,/planning/trajectory_guard_recovery_active,2.5,0,0,True,True,30,15,7,6,15,True,1,14,14,0,0,0,0.054259,0.068873,False,0,56.675,63,162,51,113,15.869,40.806,1787901821.5,,,,,,,,,,,,,,,,,,,,,,,26501.935849056605,265,4.090768755788823,108413.29113924051,647023.8037735849,171461308.0,2.524208794335003,21.17459808582896,23.577358490566038,32.04540090566037,19.291293132075474,12.752189433962265,2.9983217358490566,60.67,97.86382989941221,3.1366975495467226,26.086464141081013,1,0,True,,0,3197.97265625,3174.0009765625,0.0,4392.01171875,2047.36328125,8594.32421875,703.15234375,0.0,0.0,../../tmp/counterbalanced_map_worker_3mode_seed1_10_n10_artifacts_20260828/seed6_run6_adaptive.attempt1.memory.csv,True,True,../../tmp/counterbalanced_map_worker_3mode_seed1_10_n10_artifacts_20260828/seed6_run6_adaptive.attempt1.performance.csv,2,267,,
seed6,6,full,168,3,,strict-burst,direct,True,True,,,,,,,,,,,,,0,0,0,0,0,6,11,0,0,0,0,0,0,0,0,0,0,28,62,0,2,0,14,13,0,23,28,27.860515356063843,0.9950184055737087,2.020798921585083,,,,,,,,,,,,,,,,,,,,,,,,,,,,,,,77.99,5,5,0,0.353,True,635500,0,0.442,0.242,,,,,,,0,static_pcd,0,0,0,,,,,,,,,,,,,,,../../tmp/counterbalanced_map_worker_3mode_seed1_10_n10_artifacts_20260828/seed6_run6_full.json,7798,6749,0.771,-1.263,1.339,-24.025,24.025,-26.455,26.528,229.946,7.001,7.002355,7.002355,7.001087,7.0,0.01,True,0,0,0,,,,,,1.479,,,,,,,0,,,,,,,,,,,,,,,,,,,,,,,,,,,,,,,,,,,,,,,,,,,,,,,,,,,,,,,,,,,,,,,,,,,,,,,,,,,,,,,,,,,,,,,,,,,,,,,,,,,,,,,,,,,,,,,,,,,,,,,,,,,,,,,,,,,,,,,,,,,,,,,,,,,,,,,,,,,,,,,,,,,,,,,,,,,,,,,,,,,,,,,,,,,,,,,,,,,,,,,,,,,,,,,,,,,,,,,,,,,,,,,,,,,30859.36523929471,397,5.090396204641621,157086.39569175537,987499.7430730478,392037398.0,4.793896621917361,40.214119553788954,32.0,37.56019143576826,23.189848110831235,14.36857153652393,2.233661677581864,,87.9654627230072,,21.357723073956542,1,0,True,,0,3209.34765625,3186.208984375,0.0,4441.953125,2047.359375,8543.57421875,703.15234375,0.0,0.0,../../tmp/counterbalanced_map_worker_3mode_seed1_10_n10_artifacts_20260828/seed6_run6_full.attempt1.memory.csv,True,True,../../tmp/counterbalanced_map_worker_3mode_seed1_10_n10_artifacts_20260828/seed6_run6_full.attempt1.performance.csv,5,402,,
seed6,7,adaptive,169,1,,strict-burst,cpp,True,True,,,,,,,,,,,,,0,35,35,35,0,5,9,0,0,0,0,0,0,0,0,0,0,35,62,0,1,0,21,14,0,31,35,31.905179262161255,0.9115765503474644,3.0526556968688965,,,,,,,,,,,,,,,,,,,,,,,,,,,,,,,85.6,5,5,0,0.335,True,635500,0,0.397,0.197,,,,,,,0,static_pcd,0,0,0,,,,,,,,,,,,,,,../../tmp/counterbalanced_map_worker_3mode_seed1_10_n10_artifacts_20260828/seed6_run7_adaptive.json,8560,7505,0.674,-1.312,1.993,-25.549,24.025,-26.578,29.358,232.584,6.999,7.000227,7.000228,6.998709,7.0,0.01,True,0,0,0,,,,,,0.943,1787902000.694193,23.9,23.893,1787901999.661521,20.202,20.433,0,,,,,,,,,,,,,,,,,,,,,,,,,,,,,,,,,,,,,,,,,,,,,,,,,,,,,,,,,,,,,,,,,,,,,,,,,,60,True,0.6,1.2,1.5,2,1.5,483,483,0,345,138,5,/rog_map/commit_version,0.12,0.1,0.25,0,True,/rog_map/cloud_process_ack,/sector/full_refresh_request,335,335,37,84,84,False,0,1,84,0,0,0,84,False,119,119,0,335,0,335,1787902070460854656,335,1,0.349177,0.8574,0.044753,0.105012,0.180939,1.161692,6000,1619455,856386,71.429,13937451,8519288,61.125,True,31.884,True,77.226,84.763,False,0.6,1.4,1.5,0.2,3,2.899609,1,0,0,1787902045.05,1787902045.05,1787902045.4,,,,,,19,0.990236,0,True,True,False,0.6,1.4,3,15,False,26,26,13,12,17.391,441,240,9,1787901984.7,1787901984.7,/planning/trajectory_guard_recovery_active,2.5,0,0,False,True,71,35,7,6,35,False,1,35,35,0,0,0,0.046931,0.071032,False,0,72.464,159,191,128,132,32.919,39.545,1787901985.04,,,,,,,,,,,,,,,,,,,,,,,25389.4984984985,333,3.890186915887851,98769.8948598131,647567.3993993994,215639944.0,2.402456497477594,20.153265794392524,24.28828828828829,29.401245435435435,17.949684294294293,11.449647837837837,2.432386651651652,61.125,77.31717860744033,3.0611420035365433,24.093770715548196,1,0,True,,0,3205.51171875,3181.3662109375,0.0,4304.6796875,2047.29296875,8686.08203125,703.15234375,0.0,0.0,../../tmp/counterbalanced_map_worker_3mode_seed1_10_n10_artifacts_20260828/seed6_run7_adaptive.attempt1.memory.csv,True,True,../../tmp/counterbalanced_map_worker_3mode_seed1_10_n10_artifacts_20260828/seed6_run7_adaptive.attempt1.performance.csv,2,335,,
seed6,7,full,170,2,,strict-burst,direct,True,True,,,,,,,,,,,,,0,0,0,0,0,7,7,0,0,0,0,0,0,0,0,0,0,23,56,0,1,0,11,12,0,17,23,23.72402858734131,1.0314795037974482,4.091818332672119,,,,,,,,,,,,,,,,,,,,,,,,,,,,,,,73.64,5,5,0,0.404,True,635500,0,0.469,0.269,,,,,,,0,static_pcd,0,0,0,,,,,,,,,,,,,,,../../tmp/counterbalanced_map_worker_3mode_seed1_10_n10_artifacts_20260828/seed6_run7_full.json,7363,6222,0.918,-1.186,1.879,-26.872,24.025,-26.325,27.172,231.16,7.001,7.002469,7.002469,7.000634,7.0,0.01,True,0,0,0,,,,,,1.183,,,,,,,0,,,,,,,,,,,,,,,,,,,,,,,,,,,,,,,,,,,,,,,,,,,,,,,,,,,,,,,,,,,,,,,,,,,,,,,,,,,,,,,,,,,,,,,,,,,,,,,,,,,,,,,,,,,,,,,,,,,,,,,,,,,,,,,,,,,,,,,,,,,,,,,,,,,,,,,,,,,,,,,,,,,,,,,,,,,,,,,,,,,,,,,,,,,,,,,,,,,,,,,,,,,,,,,,,,,,,,,,,,,,,,,,,,,29726.691211401427,421,5.717001629549158,169947.54209668658,951254.1140142517,400477982.0,5.186387367186373,43.50657055947855,32.0,37.56056128266033,24.186518289786225,13.372267767220903,2.3056253610451307,,100.08865122141553,,23.091388292257495,1,0,True,,0,3204.15625,3181.0390625,0.0,4391.859375,2047.2734375,8584.5625,703.15234375,0.0,0.0,../../tmp/counterbalanced_map_worker_3mode_seed1_10_n10_artifacts_20260828/seed6_run7_full.attempt1.memory.csv,True,True,../../tmp/counterbalanced_map_worker_3mode_seed1_10_n10_artifacts_20260828/seed6_run7_full.attempt1.performance.csv,3,424,,
seed6,7,sector,171,3,,strict-burst,cpp,True,True,,,,,,,,,,,,,0,0,0,0,0,2,2,0,0,0,0,0,0,0,0,0,0,42,90,0,0,0,19,20,0,33,42,32.44390654563904,0.772473965372358,1.4217708110809326,,,,,,,,,,,,,,,,,,,,,,,,,,,,,,,81.68,5,5,0,0.351,True,635500,0,0.446,0.246,,,,,,,0,static_pcd,0,0,0,,,,,,,,,,,,,,,../../tmp/counterbalanced_map_worker_3mode_seed1_10_n10_artifacts_20260828/seed6_run7_sector.json,8167,7110,0.827,-1.193,1.773,-24.624,24.025,-26.772,26.775,231.16,7.0,7.000621,7.000621,7.000369,7.0,0.01,True,0,0,0,,,,,,0.0,,,,,,,0,,,,,,,,,,,,,,,,,,,,,,,,,,,,,,,,,,,,,,,,,,,,,,,,,,,,,,,,,,,,,,,,,,,,,,,,,,60,True,0.6,1.2,1.5,2,0.2,411,411,0,411,0,0,/rog_map/commit_version,0.12,0.1,0,0,False,/rog_map/cloud_process_ack,/sector/full_refresh_request,0,0,0,0,0,False,0,0,0,0,0,0,0,False,0,0,0,0,0,0,0,0,0,0,0,0,0,0,0,6000,0,0,100,11598848,5752150,49.592,False,0,False,0,0,False,0,0,1.5,0,1.5,1.5,0,0,0,,,,,,,,,0,0,,False,False,False,0,0,5,15,False,0,0,0,0,0,0,0,0,,,/planning/trajectory_guard_recovery_active,2.5,0,0,False,False,0,0,0,0,0,False,0,0,0,0,0,0,0,0,False,0,0,0,0,0,0,0,0,,,,,,,,,,,,,,,,,,,,,,,,14557.354922279792,386,4.725759059745347,68794.55190989225,291147.0984455959,112382780.0,1.3121519453028156,11.007128305582762,20.0,13.660915544041451,8.996272849740933,4.662903264248705,1.1943782357512953,49.592,68.25243242957488,2.7622600313452765,23.586773184008727,1,0,True,,0,3184.23828125,3160.2255859375,0.0,4403.98046875,2047.24609375,8555.63671875,703.15234375,0.0,0.0,../../tmp/counterbalanced_map_worker_3mode_seed1_10_n10_artifacts_20260828/seed6_run7_sector.attempt1.memory.csv,True,True,../../tmp/counterbalanced_map_worker_3mode_seed1_10_n10_artifacts_20260828/seed6_run7_sector.attempt1.performance.csv,0,386,,
seed6,8,full,172,1,,strict-burst,direct,True,True,,,,,,,,,,,,,0,0,0,0,0,7,8,0,0,0,0,0,0,0,0,0,0,22,44,0,2,0,11,9,0,15,22,20.930078744888306,0.9513672156767412,1.6449425220489502,,,,,,,,,,,,,,,,,,,,,,,,,,,,,,,75.97,5,5,0,0.396,True,635500,0,0.487,0.287,,,,,,,0,static_pcd,0,0,0,,,,,,,,,,,,,,,../../tmp/counterbalanced_map_worker_3mode_seed1_10_n10_artifacts_20260828/seed6_run8_full.json,7596,6816,0.876,-1.186,1.663,-24.206,24.478,-26.44,29.581,233.146,7.0,7.001035,7.001035,7.000114,7.0,0.01,True,0,0,0,,,,,,1.115,,,,,,,0,,,,,,,,,,,,,,,,,,,,,,,,,,,,,,,,,,,,,,,,,,,,,,,,,,,,,,,,,,,,,,,,,,,,,,,,,,,,,,,,,,,,,,,,,,,,,,,,,,,,,,,,,,,,,,,,,,,,,,,,,,,,,,,,,,,,,,,,,,,,,,,,,,,,,,,,,,,,,,,,,,,,,,,,,,,,,,,,,,,,,,,,,,,,,,,,,,,,,,,,,,,,,,,,,,,,,,,,,,,,,,,,,,,30712.252983293554,419,5.515335000658155,169388.36382782678,982792.1957040572,411789930.0,5.169323153820291,43.36342556272212,32.0,38.08773914081146,24.51158568019093,13.574289594272075,2.361009875894988,,99.47334967362205,,26.484679502101468,1,0,True,,0,3208.140625,3185.248046875,0.0,4356.8828125,2047.2421875,8592.71484375,703.15234375,0.0,0.0,../../tmp/counterbalanced_map_worker_3mode_seed1_10_n10_artifacts_20260828/seed6_run8_full.attempt1.memory.csv,True,True,../../tmp/counterbalanced_map_worker_3mode_seed1_10_n10_artifacts_20260828/seed6_run8_full.attempt1.performance.csv,4,423,,
seed6,8,sector,173,2,,strict-burst,cpp,True,True,,,,,,,,,,,,,0,0,0,0,0,3,5,0,0,0,0,0,0,0,0,0,0,12,32,0,2,0,5,6,0,7,12,15.561616897583008,1.2968014081319172,4.214264869689941,,,,,,,,,,,,,,,,,,,,,,,,,,,,,,,66.71,5,5,0,0.398,True,635500,0,0.459,0.259,,,,,,,0,static_pcd,0,0,0,,,,,,,,,,,,,,,../../tmp/counterbalanced_map_worker_3mode_seed1_10_n10_artifacts_20260828/seed6_run8_sector.json,6670,5898,0.84,-1.176,1.829,-24.61,24.159,-27.622,26.053,224.43,7.0,7.00588,7.00588,6.999559,7.0,0.01,True,0,0,0,,,,,,1.445,,,,,,,0,,,,,,,,,,,,,,,,,,,,,,,,,,,,,,,,,,,,,,,,,,,,,,,,,,,,,,,,,,,,,,,,,,,,,,,,,,60,True,0.6,1.2,1.5,2,0.2,458,458,0,458,0,0,/rog_map/commit_version,0.12,0.1,0,0,False,/rog_map/cloud_process_ack,/sector/full_refresh_request,0,0,0,0,0,False,0,0,0,0,0,0,0,False,0,0,0,0,0,0,0,0,0,0,0,0,0,0,0,6000,0,0,100,13353796,6548848,49.041,False,0,False,0,0,False,0,0,1.5,0,1.5,1.5,0,0,0,,,,,,,,,0,0,,False,False,False,0,0,5,15,False,0,0,0,0,0,0,0,0,,,/planning/trajectory_guard_recovery_active,2.5,0,0,False,False,0,0,0,0,0,False,0,0,0,0,0,0,0,0,False,0,0,0,0,0,0,0,0,,,,,,,,,,,,,,,,,,,,,,,,14813.480369515011,433,6.49078099235497,96151.05681307151,296269.60739030025,128284740.0,1.8339358675588897,15.384169090091442,20.0,13.972038337182449,9.160199445727484,4.810292217090069,1.230958050808314,49.041,91.47599063399657,2.920495464461342,24.24983551298528,1,0,True,,0,3185.1484375,3160.8486328125,0.0,4390.23046875,2047.2421875,8579.7421875,703.15234375,0.0,0.0,../../tmp/counterbalanced_map_worker_3mode_seed1_10_n10_artifacts_20260828/seed6_run8_sector.attempt1.memory.csv,True,True,../../tmp/counterbalanced_map_worker_3mode_seed1_10_n10_artifacts_20260828/seed6_run8_sector.attempt1.performance.csv,2,435,,
seed6,8,adaptive,174,3,,strict-burst,cpp,True,True,,,,,,,,,,,,,0,41,41,41,0,5,7,0,0,0,0,0,0,0,0,0,0,41,73,0,1,0,24,17,0,39,41,42.92508625984192,1.0469533234107784,2.919018268585205,,,,,,,,,,,,,,,,,,,,,,,,,,,,,,,88.87,5,5,0,0.315,True,635500,0,0.42,0.22,,,,,,,0,static_pcd,0,0,0,,,,,,,,,,,,,,,../../tmp/counterbalanced_map_worker_3mode_seed1_10_n10_artifacts_20260828/seed6_run8_adaptive.json,8887,7369,0.755,-1.295,1.673,-24.123,24.025,-26.873,26.632,226.771,7.001,7.001291,7.001291,7.000738,7.0,0.01,True,0,0,0,,,,,,1.499,1787902421.966543,8.051,10.264,1787902420.2152,4.45,5.05,0,,,,,,,,,,,,,,,,,,,,,,,,,,,,,,,,,,,,,,,,,,,,,,,,,,,,,,,,,,,,,,,,,,,,,,,,,,60,True,0.6,1.2,1.5,2,1.5,396,396,0,295,101,5,/rog_map/commit_version,0.12,0.1,0.25,0,True,/rog_map/cloud_process_ack,/sector/full_refresh_request,285,285,19,91,91,False,0,1,91,0,0,0,91,False,132,132,0,285,0,285,1787902508111855126,285,1,0.384364,1.166775,0.047172,0.101441,0.226267,1.449482,6000,1310488,689911,74.495,11160157,7494340,67.153,True,65.404,True,84.848,89.21,True,0.6,1.4,1.5,0.2,3,2.899854,1,1,0,1787902442.78,1787902442.78,1787902443.21,1787902448.12,1787902449.32,1.20013,,,4,1.20013,0,True,True,False,0.6,1.4,3,15,False,25,25,7,6,15.657,403,223,9,1787902419.46,1787902419.46,/planning/trajectory_guard_recovery_active,2.5,0,0,False,True,83,41,5,4,41,False,1,41,41,0,0,0,0.048444,0.070331,False,0,80.051,173,144,141,106,43.687,36.364,1787902422.5,,,,,,,,,,,,,,,,,,,,,,,26253.551236749117,283,3.1844266906717675,83602.50928322268,697300.2402826855,197335968.0,2.117635246818562,17.764011972544164,25.597173144876326,32.94126816254417,19.03913035335689,13.900304876325087,2.6753865936395758,67.153,67.80153845655082,2.846172587841092,25.41394745666243,1,0,True,,0,3200.7109375,3176.4453125,0.0,4350.53125,2047.19140625,8598.91015625,703.1484375,0.0,0.0,../../tmp/counterbalanced_map_worker_3mode_seed1_10_n10_artifacts_20260828/seed6_run8_adaptive.attempt1.memory.csv,True,True,../../tmp/counterbalanced_map_worker_3mode_seed1_10_n10_artifacts_20260828/seed6_run8_adaptive.attempt1.performance.csv,2,285,,
seed6,9,sector,175,1,,strict-burst,cpp,True,True,,,,,,,,,,,,,0,0,0,0,0,5,5,0,0,0,0,0,0,0,0,0,0,8,32,0,9,0,1,6,0,3,8,17.45841097831726,2.1823013722896576,12.046940803527832,,,,,,,,,,,,,,,,,,,,,,,,,,,,,,,65.18,5,5,0,0.37,True,635500,0,0.451,0.251,,,,,,,0,static_pcd,0,0,0,,,,,,,,,,,,,,,../../tmp/counterbalanced_map_worker_3mode_seed1_10_n10_artifacts_20260828/seed6_run9_sector.json,6517,5660,0.623,-1.106,1.82,-24.547,24.025,-25.104,26.169,230.208,7.0,7.00092,7.00092,7.000205,7.0,0.01,True,0,0,0,,,,,,1.27,,,,,,,0,,,,,,,,,,,,,,,,,,,,,,,,,,,,,,,,,,,,,,,,,,,,,,,,,,,,,,,,,,,,,,,,,,,,,,,,,,60,True,0.6,1.2,1.5,2,0.2,422,422,0,422,0,0,/rog_map/commit_version,0.12,0.1,0,0,False,/rog_map/cloud_process_ack,/sector/full_refresh_request,0,0,0,0,0,False,0,0,0,0,0,0,0,False,0,0,0,0,0,0,0,0,0,0,0,0,0,0,0,6000,0,0,100,12197909,6138977,50.328,False,0,False,0,0,False,0,0,1.5,0,1.5,1.5,0,0,0,,,,,,,,,0,0,,False,False,False,0,0,5,15,False,0,0,0,0,0,0,0,0,,,/planning/trajectory_guard_recovery_active,2.5,0,0,False,False,0,0,0,0,0,False,0,0,0,0,0,0,0,0,False,0,0,0,0,0,0,0,0,,,,,,,,,,,,,,,,,,,,,,,,15099.899497487437,398,6.106167536054004,92202.51610923595,301997.98994974873,120195200.0,1.758623430428237,14.752402577477753,20.0,14.386969974874372,9.243865226130653,5.141486005025126,1.3470552939698492,50.328,100.45556354689894,2.7865843906535455,24.44262257317176,1,0,True,,0,3187.875,3163.7421875,0.0,4376.96875,2047.01171875,8592.9921875,703.1484375,0.0,0.0,../../tmp/counterbalanced_map_worker_3mode_seed1_10_n10_artifacts_20260828/seed6_run9_sector.attempt1.memory.csv,True,True,../../tmp/counterbalanced_map_worker_3mode_seed1_10_n10_artifacts_20260828/seed6_run9_sector.attempt1.performance.csv,1,399,,
seed6,9,adaptive,176,2,,strict-burst,cpp,True,True,,,,,,,,,,,,,0,18,18,18,0,6,6,0,0,0,0,0,0,0,0,0,0,18,41,0,0,0,7,9,0,11,17,19.06986117362976,1.12175653962528,5.692042589187622,,,,,,,,,,,,,,,,,,,,,,,,,,,,,,,70.48,5,5,0,0.404,True,635500,0,0.426,0.226,,,,,,,0,static_pcd,0,0,0,,,,,,,,,,,,,,,../../tmp/counterbalanced_map_worker_3mode_seed1_10_n10_artifacts_20260828/seed6_run9_adaptive.json,7047,6210,0.481,-1.396,1.88,-24.223,24.025,-27.56,29.409,232.824,7.0,7.002585,7.002585,6.999899,7.0,0.01,True,0,0,0,,,,,,1.477,1787902593.910373,2.513,3.43,1787902594.674054,3.647,4.808,0,,,,,,,,,,,,,,,,,,,,,,,,,,,,,,,,,,,,,,,,,,,,,,,,,,,,,,,,,,,,,,,,,,,,,,,,,,60,True,0.6,1.2,1.5,2,1.5,427,427,0,300,127,5,/rog_map/commit_version,0.12,0.1,0.25,0,True,/rog_map/cloud_process_ack,/sector/full_refresh_request,288,288,33,71,71,False,0,1,71,0,0,0,71,False,89,89,0,288,0,288,1787902664171914230,288,0,0.339861,0.757857,0.049586,0.098281,0.168328,0.945791,6000,1473019,789742,70.258,11620658,6845955,58.912,False,0,True,75.41,80.671,False,0.6,1.4,1.5,0.2,3,2.89998,0,0,0,,,,,,,,,0,0,,True,True,False,0.6,1.4,3,15,False,26,26,13,12,19.204,427,259,10,1787902593.91,1787902593.91,/planning/trajectory_guard_recovery_active,2.5,0,0,True,True,36,18,9,8,18,False,1,18,18,0,0,0,0.049402,0.070712,False,0,68.384,102,190,87,127,23.888,44.496,1787902595.64,,,,,,,,,,,,,,,,,,,,,,,23595.4181184669,287,4.072077185017026,96082.36379114642,586314.5365853659,168272272.0,2.276914642022227,19.10014438138479,23.721254355400696,30.36668111498258,18.365667979094077,11.999245853658536,2.7456404111498256,58.912,93.2133966009901,2.8220464981556934,22.957481591857054,1,0,True,,0,3198.3125,3174.115234375,0.0,4363.3125,2047.00390625,8607.3359375,703.1484375,0.0,0.0,../../tmp/counterbalanced_map_worker_3mode_seed1_10_n10_artifacts_20260828/seed6_run9_adaptive.attempt1.memory.csv,True,True,../../tmp/counterbalanced_map_worker_3mode_seed1_10_n10_artifacts_20260828/seed6_run9_adaptive.attempt1.performance.csv,1,288,,
seed6,9,full,177,3,,strict-burst,direct,True,True,,,,,,,,,,,,,0,0,0,0,0,4,4,0,0,0,0,0,0,0,0,0,0,5,23,0,0,0,1,4,0,3,5,30.378167629241943,6.075633525848389,14.308846473693848,,,,,,,,,,,,,,,,,,,,,,,,,,,,,,,61.93,5,5,0,0.436,True,635500,0,0.473,0.273,,,,,,,0,static_pcd,0,0,0,,,,,,,,,,,,,,,../../tmp/counterbalanced_map_worker_3mode_seed1_10_n10_artifacts_20260828/seed6_run9_full.json,6192,5340,0.55,-1.352,1.474,-24.69,24.025,-25.226,26.624,226.556,7.0,7.001574,7.001573,6.99991,7.0,0.01,True,0,0,0,,,,,,0.971,,,,,,,0,,,,,,,,,,,,,,,,,,,,,,,,,,,,,,,,,,,,,,,,,,,,,,,,,,,,,,,,,,,,,,,,,,,,,,,,,,,,,,,,,,,,,,,,,,,,,,,,,,,,,,,,,,,,,,,,,,,,,,,,,,,,,,,,,,,,,,,,,,,,,,,,,,,,,,,,,,,,,,,,,,,,,,,,,,,,,,,,,,,,,,,,,,,,,,,,,,,,,,,,,,,,,,,,,,,,,,,,,,,,,,,,,,,31289.70588235294,476,7.6860972065234945,240495.72097529468,1001270.6134453781,476604812.0,7.339347138382517,61.56690611981269,32.0,40.34414390756302,26.404421638655464,13.937752373949579,2.2960193088235297,,126.70736764659321,,27.465887103550063,1,0,True,,0,3213.609375,3190.65234375,0.0,4420.0625,2046.99609375,8549.8203125,703.14453125,0.0,0.0,../../tmp/counterbalanced_map_worker_3mode_seed1_10_n10_artifacts_20260828/seed6_run9_full.attempt1.memory.csv,True,True,../../tmp/counterbalanced_map_worker_3mode_seed1_10_n10_artifacts_20260828/seed6_run9_full.attempt1.performance.csv,4,480,,
seed6,10,adaptive,178,1,,strict-burst,cpp,True,True,,,,,,,,,,,,,0,27,27,27,0,5,8,0,0,0,0,0,0,0,0,0,0,27,48,0,5,0,16,11,0,24,27,25.795836448669434,0.9554013499507198,1.964698076248169,,,,,,,,,,,,,,,,,,,,,,,,,,,,,,,76.25,5,5,0,0.423,True,635500,0,0.496,0.296,,,,,,,0,static_pcd,0,0,0,,,,,,,,,,,,,,,../../tmp/counterbalanced_map_worker_3mode_seed1_10_n10_artifacts_20260828/seed6_run10_adaptive.json,7624,6490,0.746,-1.249,2.027,-27.187,24.025,-26.702,29.723,231.858,7.0,7.001482,7.001482,7.000341,7.0,0.01,True,0,0,0,,,,,,1.004,1787902748.768116,5.074,7.197,1787902748.221031,4.954,6.006,0,,,,,,,,,,,,,,,,,,,,,,,,,,,,,,,,,,,,,,,,,,,,,,,,,,,,,,,,,,,,,,,,,,,,,,,,,,60,True,0.6,1.2,1.5,2,1.5,468,468,0,337,131,5,/rog_map/commit_version,0.12,0.1,0.25,0,True,/rog_map/cloud_process_ack,/sector/full_refresh_request,326,326,38,59,59,False,0,1,59,0,0,0,59,False,86,86,0,326,0,326,1787902823317521264,326,1,0.365752,1.162019,0.048926,0.10499,0.167932,1.162019,6000,1655695,879239,72.009,13062936,7751902,59.343,True,35.684,True,69.658,73.645,True,0.6,1.4,1.5,0.2,3,2.899828,1,1,0,1787902795.52,1787902795.52,1787902795.61,1787902802.83,1787902804.04,1.209934,,,6,1.209934,0,True,True,False,0.6,1.4,3,15,False,25,25,13,12,19.444,415,242,9,1787902747.02,1787902747.02,/planning/trajectory_guard_recovery_active,2.5,0,0,False,True,55,27,5,4,27,False,1,27,27,0,0,0,0.048034,0.069137,False,0,61.325,155,132,121,103,33.12,28.205,1787902748.77,,,,,,,,,,,,,,,,,,,,,,,23597.291411042945,326,4.275409836065574,100888.09180327869,568860.9570552147,185448672.0,2.3194443999743855,19.45690984918033,23.165644171779142,27.91575493865031,17.14130291411043,10.77254963190184,2.387728309815951,59.343,79.33655494723094,3.09744225941814,24.782879105127048,1,0,True,,0,3201.24609375,3177.0126953125,0.0,4332.12109375,2046.72265625,8609.75,703.14453125,0.0,0.0,../../tmp/counterbalanced_map_worker_3mode_seed1_10_n10_artifacts_20260828/seed6_run10_adaptive.attempt1.memory.csv,True,True,../../tmp/counterbalanced_map_worker_3mode_seed1_10_n10_artifacts_20260828/seed6_run10_adaptive.attempt1.performance.csv,0,326,,
seed6,10,full,179,2,,strict-burst,direct,True,True,,,,,,,,,,,,,0,0,0,0,0,5,9,0,0,0,0,0,0,0,0,0,0,16,53,0,0,0,7,9,0,12,16,16.25752544403076,1.0160953402519226,3.057868242263794,,,,,,,,,,,,,,,,,,,,,,,,,,,,,,,72.54,5,5,0,0.386,True,635500,0,0.484,0.284,,,,,,,0,static_pcd,0,0,0,,,,,,,,,,,,,,,../../tmp/counterbalanced_map_worker_3mode_seed1_10_n10_artifacts_20260828/seed6_run10_full.json,7253,6484,0.718,-1.309,1.357,-24.752,24.025,-25.523,26.757,224.936,7.001,7.002094,7.002094,7.000682,7.0,0.01,True,0,0,0,,,,,,1.493,,,,,,,0,,,,,,,,,,,,,,,,,,,,,,,,,,,,,,,,,,,,,,,,,,,,,,,,,,,,,,,,,,,,,,,,,,,,,,,,,,,,,,,,,,,,,,,,,,,,,,,,,,,,,,,,,,,,,,,,,,,,,,,,,,,,,,,,,,,,,,,,,,,,,,,,,,,,,,,,,,,,,,,,,,,,,,,,,,,,,,,,,,,,,,,,,,,,,,,,,,,,,,,,,,,,,,,,,,,,,,,,,,,,,,,,,,,30297.915525114156,438,6.038047973531844,182940.26743865453,969533.3470319635,424655606.0,5.5828941929987845,46.83271089054315,32.0,38.48965684931507,24.913721917808218,13.574104497716895,2.292758883561644,,105.95645233999518,,26.774355455938824,1,0,True,,0,3204.296875,3181.3134765625,0.0,4395.51171875,2046.72265625,8589.12109375,703.14453125,0.0,0.0,../../tmp/counterbalanced_map_worker_3mode_seed1_10_n10_artifacts_20260828/seed6_run10_full.attempt1.memory.csv,True,True,../../tmp/counterbalanced_map_worker_3mode_seed1_10_n10_artifacts_20260828/seed6_run10_full.attempt1.performance.csv,5,443,,
seed6,10,sector,180,3,,strict-burst,cpp,True,True,,,,,,,,,,,,,0,0,0,0,0,6,5,0,0,0,0,0,0,0,0,0,0,17,25,0,0,0,9,6,0,13,17,15.832726001739502,0.9313368236317354,1.5801339149475098,,,,,,,,,,,,,,,,,,,,,,,,,,,,,,,69.28,5,5,0,0.458,True,635500,0,0.516,0.316,,,,,,,0,static_pcd,0,0,0,,,,,,,,,,,,,,,../../tmp/counterbalanced_map_worker_3mode_seed1_10_n10_artifacts_20260828/seed6_run10_sector.json,6927,5800,0.839,-1.214,1.698,-27.236,24.025,-26.435,25.18,231.109,7.0,7.003156,7.003156,7.000321,7.0,0.01,True,0,0,0,,,,,,0.0,,,,,,,0,,,,,,,,,,,,,,,,,,,,,,,,,,,,,,,,,,,,,,,,,,,,,,,,,,,,,,,,,,,,,,,,,,,,,,,,,,60,True,0.6,1.2,1.5,2,0.2,428,428,0,428,0,0,/rog_map/commit_version,0.12,0.1,0,0,False,/rog_map/cloud_process_ack,/sector/full_refresh_request,0,0,0,0,0,False,0,0,0,0,0,0,0,False,0,0,0,0,0,0,0,0,0,0,0,0,0,0,0,6000,0,0,100,12058094,5859265,48.592,False,0,False,0,0,False,0,0,1.5,0,1.5,1.5,0,0,0,,,,,,,,,0,0,,False,False,False,0,0,5,15,False,0,0,0,0,0,0,0,0,,,/planning/trajectory_guard_recovery_active,2.5,0,0,False,False,0,0,0,0,0,False,0,0,0,0,0,0,0,0,False,0,0,0,0,0,0,0,0,,,,,,,,,,,,,,,,,,,,,,,,14226.987562189055,402,5.802540415704388,82552.67032332563,284539.75124378107,114384980.0,1.574567228762162,13.208427251732102,20.0,13.195038258706466,8.573789825870646,4.619611393034826,1.197436736318408,48.592,84.79534589455805,2.7785030874619254,27.553708512998853,1,0,True,,0,3179.1484375,3155.10546875,0.0,4397.6640625,2046.71875,8606.1953125,703.14453125,0.0,0.0,../../tmp/counterbalanced_map_worker_3mode_seed1_10_n10_artifacts_20260828/seed6_run10_sector.attempt1.memory.csv,True,True,../../tmp/counterbalanced_map_worker_3mode_seed1_10_n10_artifacts_20260828/seed6_run10_sector.attempt1.performance.csv,0,402,,
seed7,1,full,181,1,,strict-burst,direct,True,True,,,,,,,,,,,,,0,0,0,0,0,9,13,0,0,0,0,0,0,0,0,0,0,33,56,0,0,0,20,12,0,29,33,34.82864260673523,1.05541341232531,4.726961612701416,,,,,,,,,,,,,,,,,,,,,,,,,,,,,,,82.64,5,5,0,0.42,True,838860,0,0.422,0.222,,,,,,,0,static_pcd,0,0,0,,,,,,,,,,,,,,,../../tmp/counterbalanced_map_worker_3mode_seed1_10_n10_artifacts_20260828/seed7_run1_full.json,8263,7380,1.212,0.839,1.567,-26.727,24.249,-25.687,27.291,234.922,6.997,7.000721,7.000721,6.996719,7.0,0.01,True,0,0,0,,,,,,0.908,,,,,,,0,,,,,,,,,,,,,,,,,,,,,,,,,,,,,,,,,,,,,,,,,,,,,,,,,,,,,,,,,,,,,,,,,,,,,,,,,,,,,,,,,,,,,,,,,,,,,,,,,,,,,,,,,,,,,,,,,,,,,,,,,,,,,,,,,,,,,,,,,,,,,,,,,,,,,,,,,,,,,,,,,,,,,,,,,,,,,,,,,,,,,,,,,,,,,,,,,,,,,,,,,,,,,,,,,,,,,,,,,,,,,,,,,,,36136.75774647887,355,4.295740561471442,155234.13601161665,1156376.2647887324,410513574.0,4.73736994264202,39.73993939980639,32.0,38.130304507042254,23.42356056338028,14.704833830985915,2.6857822450704227,,79.72209396284147,,25.076021378815813,1,0,True,,0,3217.25390625,3194.544921875,0.0,4310.28125,2047.99609375,8707.06640625,703.14453125,0.0,0.0,../../tmp/counterbalanced_map_worker_3mode_seed1_10_n10_artifacts_20260828/seed7_run1_full.attempt1.memory.csv,True,True,../../tmp/counterbalanced_map_worker_3mode_seed1_10_n10_artifacts_20260828/seed7_run1_full.attempt1.performance.csv,2,357,,
seed7,1,sector,182,2,,strict-burst,cpp,True,True,,,,,,,,,,,,,0,0,0,0,0,8,12,0,0,0,0,0,0,0,0,0,0,17,47,0,0,0,4,10,0,7,17,16.350011825561523,0.961765401503619,2.5568366050720215,,,,,,,,,,,,,,,,,,,,,,,,,,,,,,,72.32,5,5,0,0.408,True,838860,0,0.464,0.264,,,,,,,0,static_pcd,0,0,0,,,,,,,,,,,,,,,../../tmp/counterbalanced_map_worker_3mode_seed1_10_n10_artifacts_20260828/seed7_run1_sector.json,7231,6535,1.123,-0.871,1.449,-27.115,24.025,-25.474,26.062,234.441,7.0,7.000751,7.000751,6.999885,7.0,0.01,True,0,0,0,,,,,,0.0,,,,,,,0,,,,,,,,,,,,,,,,,,,,,,,,,,,,,,,,,,,,,,,,,,,,,,,,,,,,,,,,,,,,,,,,,,,,,,,,,,60,True,0.6,1.2,1.5,2,0.2,547,547,0,547,0,0,/rog_map/commit_version,0.12,0.1,0,0,False,/rog_map/cloud_process_ack,/sector/full_refresh_request,0,0,0,0,0,False,0,0,0,0,0,0,0,False,0,0,0,0,0,0,0,0,0,0,0,0,0,0,0,6000,0,0,100,20471165,11168958,54.559,False,0,False,0,0,False,0,0,1.5,0,1.5,1.5,0,0,0,,,,,,,,,0,0,,False,False,False,0,0,5,15,False,0,0,0,0,0,0,0,0,,,/planning/trajectory_guard_recovery_active,2.5,0,0,False,False,0,0,0,0,0,False,0,0,0,0,0,0,0,0,False,0,0,0,0,0,0,0,0,,,,,,,,,,,,,,,,,,,,,,,,20688.877094972067,537,7.42533185840708,153621.7782079646,413777.54189944133,222198540.0,2.930102886351864,24.579484513274338,20.0,15.296639962756053,9.904843575418994,5.3901282309124765,1.2068430986964618,54.559,93.9145529077397,3.409172787226017,27.941049213756155,1,0,True,,0,3200.46484375,3176.06640625,0.0,4292.55078125,2047.99609375,8688.1484375,703.14453125,0.0,0.0,../../tmp/counterbalanced_map_worker_3mode_seed1_10_n10_artifacts_20260828/seed7_run1_sector.attempt1.memory.csv,True,True,../../tmp/counterbalanced_map_worker_3mode_seed1_10_n10_artifacts_20260828/seed7_run1_sector.attempt1.performance.csv,1,538,,
seed7,1,adaptive,183,3,,strict-burst,cpp,True,True,,,,,,,,,,,,,0,39,39,39,0,6,6,0,0,0,0,0,0,0,0,0,0,39,55,0,1,0,26,12,0,35,39,38.26952290534973,0.9812698180858905,4.039997100830078,,,,,,,,,,,,,,,,,,,,,,,,,,,,,,,84.12,5,5,0,0.408,True,838860,0,0.483,0.283,,,,,,,0,static_pcd,0,0,0,,,,,,,,,,,,,,,../../tmp/counterbalanced_map_worker_3mode_seed1_10_n10_artifacts_20260828/seed7_run1_adaptive.json,8411,7740,0.873,-1.202,1.144,-25.736,24.025,-28.023,26.197,238.195,6.998,7.002105,7.002105,6.997733,7.0,0.01,True,0,0,0,,,,,,0.0,1787903171.455639,1.314,1.454,1787903206.03417,-24.75,17.35,0,,,,,,,,,,,,,,,,,,,,,,,,,,,,,,,,,,,,,,,,,,,,,,,,,,,,,,,,,,,,,,,,,,,,,,,,,,60,True,0.6,1.2,1.5,2,1.5,400,400,0,297,103,5,/rog_map/commit_version,0.12,0.1,0.25,0,True,/rog_map/cloud_process_ack,/sector/full_refresh_request,293,293,20,86,86,False,0,1,86,0,0,0,86,False,125,125,0,293,0,293,1787903255434680082,293,0,0.356122,0.664973,0.049132,0.106533,0.201502,0.967015,6000,1736083,804000,74.25,13836372,8928110,64.526,True,13.5,True,90.75,92.266,False,0.6,1.4,1.5,0.2,3,2.898202,1,0,0,1787903245.23,1787903245.23,1787903245.44,,,,,,7,0.909839,0,True,True,False,0.6,1.4,3,15,False,26,26,3,2,20.75,415,246,11,1787903175.36,1787903171.45,/planning/trajectory_guard_recovery_active,2.5,0,0,False,True,79,39,4,3,39,False,1,39,39,0,0,0,0.051334,0.099653,False,0,87.75,202,149,154,109,50.5,37.25,1787903171.45,,,,,,,,,,,,,,,,,,,,,,,30390.733788395904,293,3.4831193533048026,105854.55301949596,785866.4709897611,230258876.0,2.610460962503227,21.898133713742272,25.119453924914676,32.30546020477816,19.523760034129694,12.779796655290102,3.0475503378839592,64.526,69.81356856305632,3.1959628122026813,27.276451105654594,1,0,True,,0,3206.18359375,3182.0234375,0.0,4340.8828125,2047.9609375,8542.97265625,703.14453125,0.0,0.0,../../tmp/counterbalanced_map_worker_3mode_seed1_10_n10_artifacts_20260828/seed7_run1_adaptive.attempt1.memory.csv,True,True,../../tmp/counterbalanced_map_worker_3mode_seed1_10_n10_artifacts_20260828/seed7_run1_adaptive.attempt1.performance.csv,0,293,,
seed7,2,sector,184,1,,strict-burst,cpp,True,True,,,,,,,,,,,,,0,0,0,0,0,9,11,0,0,0,0,0,0,0,0,0,0,30,89,0,2,0,6,21,0,24,30,26.56567645072937,0.8855225483576457,3.956495761871338,,,,,,,,,,,,,,,,,,,,,,,,,,,,,,,78.59,5,5,2,0.107,True,838860,0,0.231,0.031,,,,,,,2,static_pcd,0,2,0,live_cloud,37.8615,0.18037,-23.348800659179688,21.253440856933594,1.765529990196228,6.96699,-23.2078800201416,21.1414794921875,1.7773699760437012,0.26621,0.06621,False,0.09299,../../tmp/counterbalanced_map_worker_3mode_seed1_10_n10_artifacts_20260828/seed7_run2_sector.json,7858,7380,1.035,-1.028,1.554,-25.887,24.025,-24.308,27.075,233.366,7.0,7.001652,7.001651,6.999613,7.0,0.01,True,0,0,0,,,,,,1.459,,,,,,,0,,,,,,,,,,,,,,,,,,,,,,,,,,,,,,,,,,,,,,,,,,,,,,,,,,,,,,,,,,,,,,,,,,,,,,,,,,60,True,0.6,1.2,1.5,2,0.2,391,391,0,391,0,0,/rog_map/commit_version,0.12,0.1,0,0,False,/rog_map/cloud_process_ack,/sector/full_refresh_request,0,0,0,0,0,False,0,0,0,0,0,0,0,False,0,0,0,0,0,0,0,0,0,0,0,0,0,0,0,6000,0,0,100,15026935,7787035,51.821,False,0,False,0,0,False,0,0,1.5,0,1.5,1.5,0,0,0,,,,,,,,,0,0,,False,False,False,0,0,5,15,False,0,0,0,0,0,0,0,0,,,/planning/trajectory_guard_recovery_active,2.5,0,0,False,False,0,0,0,0,0,False,0,0,0,0,0,0,0,0,False,0,0,0,0,0,0,0,0,,,,,,,,,,,,,,,,,,,,,,,,20097.19689119171,386,4.91156635704288,98708.71612164397,401943.9378238342,155150360.0,1.882719347412948,15.793394579463035,20.0,14.015463186528498,9.245306062176166,4.768438575129534,1.3785013367875647,51.821,77.65847303799477,2.915472600490716,26.92263455548748,1,0,True,,0,3195.703125,3171.6767578125,0.0,4327.9609375,2047.83203125,8533.3125,703.14453125,0.0,0.0,../../tmp/counterbalanced_map_worker_3mode_seed1_10_n10_artifacts_20260828/seed7_run2_sector.attempt1.memory.csv,True,True,../../tmp/counterbalanced_map_worker_3mode_seed1_10_n10_artifacts_20260828/seed7_run2_sector.attempt1.performance.csv,1,387,,
seed7,2,adaptive,185,2,,strict-burst,cpp,True,True,,,,,,,,,,,,,0,39,39,39,0,12,13,0,0,0,0,0,0,0,0,0,0,39,75,0,0,0,17,17,0,27,39,36.68676447868347,0.9406862686841916,2.465397834777832,,,,,,,,,,,,,,,,,,,,,,,,,,,,,,,84.74,5,5,0,0.331,True,838860,0,0.408,0.208,,,,,,,0,static_pcd,0,0,0,,,,,,,,,,,,,,,../../tmp/counterbalanced_map_worker_3mode_seed1_10_n10_artifacts_20260828/seed7_run2_adaptive.json,8473,7616,0.505,-1.368,2.311,-26.12,23.977,-23.975,25.723,232.346,6.997,7.000988,7.000988,6.99732,7.0,0.01,True,0,0,0,,,,,,0.0,1787903355.202358,0.787,0.866,1787903369.982105,14.213,24.765,0,,,,,,,,,,,,,,,,,,,,,,,,,,,,,,,,,,,,,,,,,,,,,,,,,,,,,,,,,,,,,,,,,,,,,,,,,,60,True,0.6,1.2,1.5,2,1.5,444,444,0,329,115,5,/rog_map/commit_version,0.12,0.1,0.25,0,True,/rog_map/cloud_process_ack,/sector/full_refresh_request,324,324,30,81,81,False,0,1,81,0,0,0,81,False,120,120,0,324,0,324,1787903439882242056,324,0,0.351269,0.734031,0.04953,0.165377,0.182206,1.35866,6000,2235933,994831,74.099,16208578,10266955,63.343,False,0,True,95.045,96.511,False,0.6,1.4,1.5,0.2,3,2.899235,0,0,0,,,,,,,,,0,0,,True,True,False,0.6,1.4,3,15,False,27,27,3,2,20.045,426,254,9,1787903357.11,1787903355.2,/planning/trajectory_guard_recovery_active,2.5,0,0,False,True,79,39,3,2,39,False,1,39,39,0,0,0,0.05068,0.078145,False,0,94.369,201,218,160,150,45.27,49.099,1787903355.2,,,,,,,,,,,,,,,,,,,,,,,31596.89197530864,324,3.8234599952796793,120809.45244276611,794872.9691358025,257538842.0,2.8983736026953886,24.313319990559357,24.444444444444443,31.248803672839504,19.292325679012347,11.954686543209878,2.8015532438271604,63.343,73.58152678678096,3.2017197354153577,25.66383378253735,1,0,True,,0,3221.21875,3197.234375,0.0,4330.703125,2047.828125,8516.921875,703.14453125,0.0,0.0,../../tmp/counterbalanced_map_worker_3mode_seed1_10_n10_artifacts_20260828/seed7_run2_adaptive.attempt1.memory.csv,True,True,../../tmp/counterbalanced_map_worker_3mode_seed1_10_n10_artifacts_20260828/seed7_run2_adaptive.attempt1.performance.csv,0,324,,
seed7,2,full,186,3,,strict-burst,direct,True,True,,,,,,,,,,,,,0,0,0,0,0,8,13,0,0,0,0,0,0,0,0,0,0,35,84,0,0,0,15,17,0,28,35,33.9889018535614,0.9711114815303258,2.599574327468872,,,,,,,,,,,,,,,,,,,,,,,,,,,,,,,86.86,5,5,0,0.406,True,838860,0,0.468,0.268,,,,,,,0,static_pcd,0,0,0,,,,,,,,,,,,,,,../../tmp/counterbalanced_map_worker_3mode_seed1_10_n10_artifacts_20260828/seed7_run2_full.json,8685,7691,1.358,0.534,1.943,-25.923,24.025,-27.537,24.691,238.566,7.0,7.002556,7.002556,7.000012,7.0,0.01,True,0,0,0,,,,,,1.459,,,,,,,0,,,,,,,,,,,,,,,,,,,,,,,,,,,,,,,,,,,,,,,,,,,,,,,,,,,,,,,,,,,,,,,,,,,,,,,,,,,,,,,,,,,,,,,,,,,,,,,,,,,,,,,,,,,,,,,,,,,,,,,,,,,,,,,,,,,,,,,,,,,,,,,,,,,,,,,,,,,,,,,,,,,,,,,,,,,,,,,,,,,,,,,,,,,,,,,,,,,,,,,,,,,,,,,,,,,,,,,,,,,,,,,,,,,35977.27546296296,432,4.973520607874741,178933.72093023255,1151272.9583333333,497349918.0,5.460624488410713,45.80703826847802,32.0,37.880978009259266,24.72921851851852,13.149659745370371,2.4071389953703703,,84.42186533598075,,23.982089289753244,1,0,True,,0,3217.1171875,3194.0927734375,0.0,4362.140625,2047.828125,8493.45703125,703.14453125,0.0,0.0,../../tmp/counterbalanced_map_worker_3mode_seed1_10_n10_artifacts_20260828/seed7_run2_full.attempt1.memory.csv,True,True,../../tmp/counterbalanced_map_worker_3mode_seed1_10_n10_artifacts_20260828/seed7_run2_full.attempt1.performance.csv,2,434,,
seed7,3,adaptive,187,1,,strict-burst,cpp,True,True,,,,,,,,,,,,,0,32,32,32,0,6,7,0,0,0,0,0,0,0,0,0,0,32,51,0,0,0,16,12,0,24,32,31.980225324630737,0.9993820413947105,2.8967456817626953,,,,,,,,,,,,,,,,,,,,,,,,,,,,,,,81.96,5,5,0,0.348,True,838860,0,0.349,0.149,,,,,,,0,static_pcd,0,0,0,,,,,,,,,,,,,,,../../tmp/counterbalanced_map_worker_3mode_seed1_10_n10_artifacts_20260828/seed7_run3_adaptive.json,8195,7092,1.032,-1.051,2.124,-28.136,24.007,-24.67,26.288,234.745,6.996,7.000793,7.000792,6.996478,7.0,0.01,True,0,0,0,,,,,,0.188,1787903547.450031,3.76,4.248,1787903548.078616,4.55,5.15,0,,,,,,,,,,,,,,,,,,,,,,,,,,,,,,,,,,,,,,,,,,,,,,,,,,,,,,,,,,,,,,,,,,,,,,,,,,60,True,0.6,1.2,1.5,2,1.5,440,440,0,333,107,5,/rog_map/commit_version,0.12,0.1,0.25,0,True,/rog_map/cloud_process_ack,/sector/full_refresh_request,328,328,34,79,79,False,0,1,79,0,0,0,79,False,111,111,0,328,0,328,1787903628580938958,328,1,0.336221,0.757721,0.050246,0.124352,0.176195,0.764636,6000,2022047,883786,75.682,16206737,10132170,62.518,True,30.909,True,83.409,83.853,False,0.6,1.4,1.5,0.2,3,2.896621,1,0,0,1787903603.16,1787903603.16,1787903603.46,,,,,,19,1.039993,0,True,True,False,0.6,1.4,3,15,False,27,27,9,8,15.682,432,259,8,1787903547.45,1787903547.45,/planning/trajectory_guard_recovery_active,2.5,0,0,False,True,65,32,5,4,32,False,1,32,32,0,0,0,0.050411,0.076112,False,0,80,190,162,150,123,43.182,36.818,1787903548.8,,,,,,,,,,,,,,,,,,,,,,,30800.75,328,4.0019521717911175,123263.12835529528,767876.7195121951,251863564.0,2.930646806068104,24.584047242557347,24.0609756097561,30.120199298780488,18.749527926829266,11.368764664634146,2.7394607652439027,62.518,77.72643302774016,3.3310703192442013,26.9309336258482,1,0,True,,0,3212.97265625,3188.9052734375,0.0,4287.6640625,2047.828125,8616.52734375,703.14453125,0.0,0.0,../../tmp/counterbalanced_map_worker_3mode_seed1_10_n10_artifacts_20260828/seed7_run3_adaptive.attempt1.memory.csv,True,True,../../tmp/counterbalanced_map_worker_3mode_seed1_10_n10_artifacts_20260828/seed7_run3_adaptive.attempt1.performance.csv,0,328,,
seed7,3,full,188,2,,strict-burst,direct,True,True,,,,,,,,,,,,,0,0,0,0,0,12,18,0,0,0,0,0,0,0,0,0,0,29,83,0,1,0,10,17,0,23,29,39.57043719291687,1.3644978342385128,12.700920581817627,,,,,,,,,,,,,,,,,,,,,,,,,,,,,,,84.92,5,5,0,0.326,True,838860,0,0.462,0.262,,,,,,,0,static_pcd,0,0,0,,,,,,,,,,,,,,,../../tmp/counterbalanced_map_worker_3mode_seed1_10_n10_artifacts_20260828/seed7_run3_full.json,8491,7660,0.84,-1.218,1.753,-25.864,24.025,-23.975,27.215,231.939,7.0,7.002091,7.002091,6.99991,7.0,0.01,True,0,0,0,,,,,,1.48,,,,,,,0,,,,,,,,,,,,,,,,,,,,,,,,,,,,,,,,,,,,,,,,,,,,,,,,,,,,,,,,,,,,,,,,,,,,,,,,,,,,,,,,,,,,,,,,,,,,,,,,,,,,,,,,,,,,,,,,,,,,,,,,,,,,,,,,,,,,,,,,,,,,,,,,,,,,,,,,,,,,,,,,,,,,,,,,,,,,,,,,,,,,,,,,,,,,,,,,,,,,,,,,,,,,,,,,,,,,,,,,,,,,,,,,,,,38328.06828193833,454,5.346208195949129,204909.8327837965,1226498.1850220265,556830176.0,6.253351830560196,52.45691719265191,32.0,39.39450837004405,25.832887224669605,13.559679691629956,2.4933550969162996,,94.47877643399116,,26.419714247120975,1,0,True,,0,3228.4140625,3205.6123046875,0.0,4277.00390625,2047.828125,8608.5546875,703.14453125,0.0,0.0,../../tmp/counterbalanced_map_worker_3mode_seed1_10_n10_artifacts_20260828/seed7_run3_full.attempt1.memory.csv,True,True,../../tmp/counterbalanced_map_worker_3mode_seed1_10_n10_artifacts_20260828/seed7_run3_full.attempt1.performance.csv,1,455,,
seed7,3,sector,189,3,,strict-burst,cpp,True,True,,,,,,,,,,,,,0,0,0,0,0,6,8,0,0,0,0,0,0,0,0,0,0,22,58,0,0,0,9,12,0,15,22,32.87660527229309,1.494391148740595,6.755338191986084,,,,,,,,,,,,,,,,,,,,,,,,,,,,,,,74.3,5,5,0,0.399,True,838860,0,0.429,0.229,,,,,,,0,static_pcd,0,0,0,,,,,,,,,,,,,,,../../tmp/counterbalanced_map_worker_3mode_seed1_10_n10_artifacts_20260828/seed7_run3_sector.json,7429,6520,0.825,-1.231,1.39,-25.885,24.025,-27.545,25.843,231.185,7.0,7.001644,7.001644,6.999716,7.0,0.01,True,0,0,0,,,,,,1.482,,,,,,,0,,,,,,,,,,,,,,,,,,,,,,,,,,,,,,,,,,,,,,,,,,,,,,,,,,,,,,,,,,,,,,,,,,,,,,,,,,60,True,0.6,1.2,1.5,2,0.2,391,391,0,391,0,0,/rog_map/commit_version,0.12,0.1,0,0,False,/rog_map/cloud_process_ack,/sector/full_refresh_request,0,0,0,0,0,False,0,0,0,0,0,0,0,False,0,0,0,0,0,0,0,0,0,0,0,0,0,0,0,6000,0,0,100,14097059,7490089,53.132,False,0,False,0,0,False,0,0,1.5,0,1.5,1.5,0,0,0,,,,,,,,,0,0,,False,False,False,0,0,5,15,False,0,0,0,0,0,0,0,0,,,/planning/trajectory_guard_recovery_active,2.5,0,0,False,False,0,0,0,0,0,False,0,0,0,0,0,0,0,0,False,0,0,0,0,0,0,0,0,,,,,,,,,,,,,,,,,,,,,,,,19539.684210526317,380,5.114401076716017,99933.78196500674,390793.6842105263,148501600.0,1.9060856240273807,15.989405114401078,20.0,14.562622684210526,9.549414894736843,5.011497565789473,1.4076430842105263,53.132,78.34078870620698,2.8142124219459914,,1,0,True,,0,3198.59375,3174.3974609375,0.0,4325.953125,2047.8203125,8555.06640625,703.14453125,0.0,0.0,../../tmp/counterbalanced_map_worker_3mode_seed1_10_n10_artifacts_20260828/seed7_run3_sector.attempt1.memory.csv,True,True,../../tmp/counterbalanced_map_worker_3mode_seed1_10_n10_artifacts_20260828/seed7_run3_sector.attempt1.performance.csv,1,381,,
seed7,4,full,190,1,,strict-burst,direct,True,True,,,,,,,,,,,,,0,0,0,0,0,5,6,0,0,0,0,0,0,0,0,0,0,25,53,0,1,0,13,10,0,21,25,29.006869792938232,1.1602747917175293,2.994382619857788,,,,,,,,,,,,,,,,,,,,,,,,,,,,,,,78.4,5,5,0,0.412,True,838860,0,0.456,0.256,,,,,,,0,static_pcd,0,0,0,,,,,,,,,,,,,,,../../tmp/counterbalanced_map_worker_3mode_seed1_10_n10_artifacts_20260828/seed7_run4_full.json,7839,7038,1.0,-1.092,2.169,-25.747,24.025,-27.639,25.808,234.312,7.0,7.000885,7.000885,6.999578,7.0,0.01,True,0,0,0,,,,,,0.949,,,,,,,0,,,,,,,,,,,,,,,,,,,,,,,,,,,,,,,,,,,,,,,,,,,,,,,,,,,,,,,,,,,,,,,,,,,,,,,,,,,,,,,,,,,,,,,,,,,,,,,,,,,,,,,,,,,,,,,,,,,,,,,,,,,,,,,,,,,,,,,,,,,,,,,,,,,,,,,,,,,,,,,,,,,,,,,,,,,,,,,,,,,,,,,,,,,,,,,,,,,,,,,,,,,,,,,,,,,,,,,,,,,,,,,,,,,36742.649867374006,377,4.808673469387755,176683.40561224488,1175764.875331565,443263358.0,5.391949999089143,45.23095489795918,32.0,37.994353050397876,24.37625172413793,13.616188302387268,2.744090074270557,,87.84271679756469,,27.14812802493808,1,0,True,,0,3217.9765625,3195.109375,0.0,4298.3046875,2047.6640625,8601.61328125,703.14453125,0.0,0.0,../../tmp/counterbalanced_map_worker_3mode_seed1_10_n10_artifacts_20260828/seed7_run4_full.attempt1.memory.csv,True,True,../../tmp/counterbalanced_map_worker_3mode_seed1_10_n10_artifacts_20260828/seed7_run4_full.attempt1.performance.csv,3,380,,
seed7,4,sector,191,2,,strict-burst,cpp,True,True,,,,,,,,,,,,,0,0,0,0,0,9,10,0,0,0,0,0,0,0,0,0,0,25,45,0,0,0,15,9,0,15,25,27.891297578811646,1.1156519031524659,3.033572196960449,,,,,,,,,,,,,,,,,,,,,,,,,,,,,,,76.36,5,5,0,0.357,True,838860,0,0.454,0.254,,,,,,,0,static_pcd,0,0,0,,,,,,,,,,,,,,,../../tmp/counterbalanced_map_worker_3mode_seed1_10_n10_artifacts_20260828/seed7_run4_sector.json,7635,6877,1.058,-1.021,0.884,-25.738,24.324,-25.574,26.173,233.021,7.001,7.001352,7.001352,7.000628,7.0,0.01,True,0,0,0,,,,,,1.47,,,,,,,0,,,,,,,,,,,,,,,,,,,,,,,,,,,,,,,,,,,,,,,,,,,,,,,,,,,,,,,,,,,,,,,,,,,,,,,,,,60,True,0.6,1.2,1.5,2,0.2,475,475,0,475,0,0,/rog_map/commit_version,0.12,0.1,0,0,False,/rog_map/cloud_process_ack,/sector/full_refresh_request,0,0,0,0,0,False,0,0,0,0,0,0,0,False,0,0,0,0,0,0,0,0,0,0,0,0,0,0,0,6000,0,0,100,17247102,9393396,54.464,False,0,False,0,0,False,0,0,1.5,0,1.5,1.5,0,0,0,,,,,,,,,0,0,,False,False,False,0,0,5,15,False,0,0,0,0,0,0,0,0,,,/planning/trajectory_guard_recovery_active,2.5,0,0,False,False,0,0,0,0,0,False,0,0,0,0,0,0,0,0,False,0,0,0,0,0,0,0,0,,,,,,,,,,,,,,,,,,,,,,,,20104.28448275862,464,6.0764798323729705,122163.27920377161,402085.6896551724,186567760.0,2.330079635692055,19.546124672603458,20.0,14.451001034482758,9.674682219827586,4.774674375,1.2647585344827585,54.464,79.11271500362143,3.134143936461964,26.614128395603444,1,0,True,,0,3195.12890625,3170.8681640625,0.0,4201.59765625,2047.99609375,8607.1328125,703.14453125,0.0,0.0,../../tmp/counterbalanced_map_worker_3mode_seed1_10_n10_artifacts_20260828/seed7_run4_sector.attempt1.memory.csv,True,True,../../tmp/counterbalanced_map_worker_3mode_seed1_10_n10_artifacts_20260828/seed7_run4_sector.attempt1.performance.csv,0,464,,
seed7,4,adaptive,192,3,,strict-burst,cpp,True,True,,,,,,,,,,,,,0,38,38,37,0,6,7,0,0,0,0,0,0,0,0,0,0,38,44,0,0,0,26,10,0,35,38,37.321532011032104,0.982145579237687,1.9213886260986328,,,,,,,,,,,,,,,,,,,,,,,,,,,,,,,85.26,5,5,0,0.401,True,838860,0,0.458,0.258,,,,,,,0,static_pcd,0,0,0,,,,,,,,,,,,,,,../../tmp/counterbalanced_map_worker_3mode_seed1_10_n10_artifacts_20260828/seed7_run4_adaptive.json,8525,7020,0.781,-1.189,1.763,-25.71,24.265,-27.228,25.949,235.238,7.0,7.002389,7.002389,7.000088,7.0,0.01,True,0,0,0,,,,,,0.0,1787903995.755709,0.787,0.866,1787904002.903267,13.852,15.512,0,,,,,,,,,,,,,,,,,,,,,,,,,,,,,,,,,,,,,,,,,,,,,,,,,,,,,,,,,,,,,,,,,,,,,,,,,,60,True,0.6,1.2,1.5,2,1.5,400,400,0,299,101,5,/rog_map/commit_version,0.12,0.1,0.25,0,True,/rog_map/cloud_process_ack,/sector/full_refresh_request,291,291,19,92,92,False,0,1,92,0,0,0,92,False,130,130,0,291,0,291,1787904079696759955,291,0,0.366219,1.013064,0.048138,0.101862,0.206148,1.251615,6000,1835498,815177,74.75,14276361,9312580,65.231,True,22.75,True,91.25,93.226,False,0.6,1.4,1.5,0.2,3,2.890198,1,0,0,1787904057.96,1787904057.96,1787904058.13,,,,,,13,1.189769,0,True,True,False,0.6,1.4,3,15,False,22,22,7,6,15.5,422,222,8,1787903997.75,1787903995.76,/planning/trajectory_guard_recovery_active,2.5,0,0,False,True,77,38,6,5,38,False,1,38,38,0,0,0,0.04982,0.081171,False,0,89.5,180,178,141,128,45,44.5,1787903995.76,,,,,,,,,,,,,,,,,,,,,,,31839.628865979383,291,3.4130893736805064,108671.49894440534,829520.5223367697,241390472.0,2.7000691223502464,22.649821440300254,25.36082474226804,32.44044883161512,19.988016907216494,12.450608969072166,2.946287580756014,65.231,69.72920110657482,3.0788268397470757,27.13885018589254,1,0,True,,0,3208.68359375,3184.7451171875,0.0,4184.046875,2047.99609375,8600.26171875,703.14453125,0.0,0.0,../../tmp/counterbalanced_map_worker_3mode_seed1_10_n10_artifacts_20260828/seed7_run4_adaptive.attempt1.memory.csv,True,True,../../tmp/counterbalanced_map_worker_3mode_seed1_10_n10_artifacts_20260828/seed7_run4_adaptive.attempt1.performance.csv,0,291,,
seed7,5,sector,193,1,,strict-burst,cpp,True,True,,,,,,,,,,,,,0,0,0,0,0,7,7,0,0,0,0,0,0,0,0,0,0,31,95,0,0,0,10,21,0,26,31,28.79160761833191,0.9287615360752228,6.106598615646362,,,,,,,,,,,,,,,,,,,,,,,,,,,,,,,75.77,5,5,2,0.184,True,838860,1,0.189,-0.011,,,,,,,3,static_pcd,1,1,1,live_cloud,46.9631,0.18413,-19.34214973449707,-21.779010772705078,2.2245700359344482,5.76196,-19.166650772094727,-21.72364044189453,2.2306199073791504,0.20063,0.00063,False,0.0348,../../tmp/counterbalanced_map_worker_3mode_seed1_10_n10_artifacts_20260828/seed7_run5_sector.json,7576,6653,1.201,-0.811,1.497,-25.857,24.025,-25.584,24.6,226.841,7.001,7.0011,7.001099,7.001029,7.0,0.01,True,0,0,0,,,,,,0.0,,,,,,,0,,,,,,,,,,,,,,,,,,,,,,,,,,,,,,,,,,,,,,,,,,,,,,,,,,,,,,,,,,,,,,,,,,,,,,,,,,60,True,0.6,1.2,1.5,2,0.2,380,380,0,380,0,0,/rog_map/commit_version,0.12,0.1,0,0,False,/rog_map/cloud_process_ack,/sector/full_refresh_request,0,0,0,0,0,False,0,0,0,0,0,0,0,False,0,0,0,0,0,0,0,0,0,0,0,0,0,0,0,6000,0,0,100,13724674,7231989,52.693,False,0,False,0,0,False,0,0,1.5,0,1.5,1.5,0,0,0,,,,,,,,,0,0,,False,False,False,0,0,5,15,False,0,0,0,0,0,0,0,0,,,/planning/trajectory_guard_recovery_active,2.5,0,0,False,False,0,0,0,0,0,False,0,0,0,0,0,0,0,0,False,0,0,0,0,0,0,0,0,,,,,,,,,,,,,,,,,,,,,,,,19646.297520661155,363,4.790814306453742,94121.76323083015,392925.9504132231,142632120.0,1.7952301641622572,15.059482116932823,20.0,14.672222424242424,9.586238236914602,5.084327134986226,1.4757862203856749,52.693,79.510501839928,2.9145497922466403,28.045018669836697,1,0,True,,0,3191.4296875,3167.1923828125,0.0,4232.28515625,2047.99609375,8584.63671875,703.14453125,0.0,0.0,../../tmp/counterbalanced_map_worker_3mode_seed1_10_n10_artifacts_20260828/seed7_run5_sector.attempt1.memory.csv,True,True,../../tmp/counterbalanced_map_worker_3mode_seed1_10_n10_artifacts_20260828/seed7_run5_sector.attempt1.performance.csv,0,363,,
seed7,5,adaptive,194,2,,strict-burst,cpp,True,True,,,,,,,,,,,,,0,20,20,20,0,5,5,0,0,0,0,0,0,0,0,0,0,20,35,0,0,0,11,8,0,16,20,19.282289266586304,0.9641144633293152,1.9124550819396973,,,,,,,,,,,,,,,,,,,,,,,,,,,,,,,69.89,5,5,0,0.391,True,838860,0,0.437,0.237,,,,,,,0,static_pcd,0,0,0,,,,,,,,,,,,,,,../../tmp/counterbalanced_map_worker_3mode_seed1_10_n10_artifacts_20260828/seed7_run5_adaptive.json,6988,6379,1.269,-0.765,1.799,-29.18,24.025,-28.592,27.048,231.058,7.001,7.006176,7.006176,7.001028,7.0,0.01,True,0,0,0,,,,,,0.0,1787904178.281982,7.139,7.738,1787904176.897496,4.541,5.14,0,,,,,,,,,,,,,,,,,,,,,,,,,,,,,,,,,,,,,,,,,,,,,,,,,,,,,,,,,,,,,,,,,,,,,,,,,,60,True,0.6,1.2,1.5,2,1.5,384,384,0,283,101,5,/rog_map/commit_version,0.12,0.1,0.25,0,True,/rog_map/cloud_process_ack,/sector/full_refresh_request,275,275,28,69,68,True,1,1,68,0,0,0,68,True,89,89,0,275,0,275,1787904245593452929,275,1,0.369991,0.747015,0.052151,0.149121,0.179456,1.462594,6000,1398356,687176,73.698,13738636,8447228,61.485,True,84.115,True,72.135,74.262,True,0.6,1.4,1.5,0.2,3,2.897285,1,1,0,1787904185.35,1787904185.35,1787904185.67,1787904225.44,1787904226.64,1.200071,,,29,1.200071,0,True,True,False,0.6,1.4,3,15,False,23,23,15,14,20.833,409,251,9,1787904176.25,1787904176.25,/planning/trajectory_guard_recovery_active,2.5,0,0,False,False,41,20,7,7,20,False,1,20,20,0,0,0,0.046764,0.062492,False,0,59.375,83,145,70,103,21.615,37.76,1787904182.65,,,,,,,,,,,,,,,,,,,,,,,30499.410909090908,275,3.934754614394048,120007.69781084561,758970.9381818182,208717008.0,2.848019028856171,23.89091520961511,23.84,30.721999127272728,18.580642836363637,12.1396896,3.1839298509090908,61.485,85.58665977699235,3.132097765355348,26.449512693381532,1,0,True,,0,3202.97265625,3178.76953125,0.0,4235.67578125,2047.984375,8550.77734375,703.140625,0.0,0.0,../../tmp/counterbalanced_map_worker_3mode_seed1_10_n10_artifacts_20260828/seed7_run5_adaptive.attempt1.memory.csv,True,True,../../tmp/counterbalanced_map_worker_3mode_seed1_10_n10_artifacts_20260828/seed7_run5_adaptive.attempt1.performance.csv,0,275,,
seed7,5,full,195,3,,strict-burst,direct,True,True,,,,,,,,,,,,,0,0,0,0,0,9,13,0,0,0,0,0,0,0,0,0,0,36,69,0,0,0,19,13,0,22,36,42.27105355262756,1.1741959320174322,6.117880821228027,,,,,,,,,,,,,,,,,,,,,,,,,,,,,,,84.2,5,5,0,0.383,True,838860,0,0.472,0.272,,,,,,,0,static_pcd,0,0,0,,,,,,,,,,,,,,,../../tmp/counterbalanced_map_worker_3mode_seed1_10_n10_artifacts_20260828/seed7_run5_full.json,8419,7515,0.963,-1.108,1.591,-25.713,24.024,-24.064,25.766,230.076,6.998,7.001304,7.001304,6.997974,7.0,0.01,True,0,0,0,,,,,,1.468,,,,,,,0,,,,,,,,,,,,,,,,,,,,,,,,,,,,,,,,,,,,,,,,,,,,,,,,,,,,,,,,,,,,,,,,,,,,,,,,,,,,,,,,,,,,,,,,,,,,,,,,,,,,,,,,,,,,,,,,,,,,,,,,,,,,,,,,,,,,,,,,,,,,,,,,,,,,,,,,,,,,,,,,,,,,,,,,,,,,,,,,,,,,,,,,,,,,,,,,,,,,,,,,,,,,,,,,,,,,,,,,,,,,,,,,,,,36195.08482142857,448,5.320665083135392,192581.9239904988,1158242.875,518892808.0,5.877134726336337,49.3009793824228,32.0,36.49890111607143,24.069804017857145,12.427124486607143,2.3225422276785714,,83.55633487928516,,24.265863922147798,1,0,True,,0,3224.09765625,3201.009765625,0.0,4238.35546875,2047.96875,8542.453125,703.140625,0.0,0.0,../../tmp/counterbalanced_map_worker_3mode_seed1_10_n10_artifacts_20260828/seed7_run5_full.attempt1.memory.csv,True,True,../../tmp/counterbalanced_map_worker_3mode_seed1_10_n10_artifacts_20260828/seed7_run5_full.attempt1.performance.csv,1,449,,
seed7,6,adaptive,196,1,,strict-burst,cpp,True,True,,,,,,,,,,,,,0,19,19,19,0,5,6,0,0,0,0,0,0,0,0,0,0,19,31,0,0,0,11,6,0,15,19,18.75079655647278,0.986884029288041,2.816138505935669,,,,,,,,,,,,,,,,,,,,,,,,,,,,,,,70.89,5,5,0,0.39,True,838860,0,0.45,0.25,,,,,,,0,static_pcd,0,0,0,,,,,,,,,,,,,,,../../tmp/counterbalanced_map_worker_3mode_seed1_10_n10_artifacts_20260828/seed7_run6_adaptive.json,7088,6180,0.963,-1.079,1.967,-27.225,24.168,-27.555,25.839,231.156,7.0,7.001627,7.001628,6.999817,7.0,0.01,True,0,0,0,,,,,,1.446,1787904352.107648,5.813,6.041,1787904351.730168,4.536,5.13,0,,,,,,,,,,,,,,,,,,,,,,,,,,,,,,,,,,,,,,,,,,,,,,,,,,,,,,,,,,,,,,,,,,,,,,,,,,60,True,0.6,1.2,1.5,2,1.5,412,412,0,302,110,5,/rog_map/commit_version,0.12,0.1,0.25,0,True,/rog_map/cloud_process_ack,/sector/full_refresh_request,297,297,29,75,75,False,0,1,75,0,0,0,75,False,94,94,0,297,0,297,1787904422232023444,297,1,0.339629,0.547616,0.049617,0.12417,0.166816,0.951064,6000,1676772,801725,73.301,14874867,9108196,61.232,True,51.456,False,76.699,78.595,True,0.6,1.4,1.5,0.2,3,2.898576,1,1,0,1787904383.67,1787904383.67,1787904384.13,1787904418.26,1787904419.46,1.200004,,,26,1.200004,0,True,True,False,0.6,1.4,3,15,False,25,25,14,14,20.388,457,262,10,1787904351.07,1787904351.07,/planning/trajectory_guard_recovery_active,2.5,0,0,False,False,39,19,8,8,19,False,1,19,19,0,0,0,0.049648,0.063911,False,0,69.903,104,184,80,133,25.243,44.66,1787904352.1,,,,,,,,,,,,,,,,,,,,,,,30735.213559322034,295,4.161376780928198,127900.80406263225,756589.5254237289,223193910.0,3.0025997960966015,25.18763267033432,23.82372881355932,30.94520325423729,19.04420461016949,11.899134745762712,2.9675645322033897,61.232,87.37404931923793,3.2631389655737304,25.46981219338738,1,0,True,,0,3204.1875,3179.947265625,0.0,4225.42578125,2047.96484375,8607.53125,703.13671875,0.0,0.0,../../tmp/counterbalanced_map_worker_3mode_seed1_10_n10_artifacts_20260828/seed7_run6_adaptive.attempt1.memory.csv,True,True,../../tmp/counterbalanced_map_worker_3mode_seed1_10_n10_artifacts_20260828/seed7_run6_adaptive.attempt1.performance.csv,2,297,,
seed7,6,full,197,2,,strict-burst,direct,True,True,,,,,,,,,,,,,0,0,0,0,0,6,7,0,0,0,0,0,0,0,0,0,0,31,62,0,1,0,15,14,0,26,31,28.176854610443115,0.9089307938852618,2.0841305255889893,,,,,,,,,,,,,,,,,,,,,,,,,,,,,,,78.39,5,5,0,0.401,True,838860,0,0.476,0.276,,,,,,,0,static_pcd,0,0,0,,,,,,,,,,,,,,,../../tmp/counterbalanced_map_worker_3mode_seed1_10_n10_artifacts_20260828/seed7_run6_full.json,7838,7163,1.194,-0.834,1.078,-25.806,24.568,-27.898,26.399,228.289,6.999,7.00361,7.00361,6.998888,7.0,0.01,True,0,0,0,,,,,,1.456,,,,,,,0,,,,,,,,,,,,,,,,,,,,,,,,,,,,,,,,,,,,,,,,,,,,,,,,,,,,,,,,,,,,,,,,,,,,,,,,,,,,,,,,,,,,,,,,,,,,,,,,,,,,,,,,,,,,,,,,,,,,,,,,,,,,,,,,,,,,,,,,,,,,,,,,,,,,,,,,,,,,,,,,,,,,,,,,,,,,,,,,,,,,,,,,,,,,,,,,,,,,,,,,,,,,,,,,,,,,,,,,,,,,,,,,,,,35923.96844660194,412,5.2557724199515246,188808.2025768593,1149566.8932038834,473621560.0,5.761968586149531,48.33489577752265,32.0,37.773013834951456,24.69341868932039,13.077609150485436,2.530250917475728,,87.87810158719003,,,1,0,True,,0,3210.5703125,3187.6171875,0.0,4232.48828125,2047.953125,8585.078125,703.13671875,0.0,0.0,../../tmp/counterbalanced_map_worker_3mode_seed1_10_n10_artifacts_20260828/seed7_run6_full.attempt1.memory.csv,True,True,../../tmp/counterbalanced_map_worker_3mode_seed1_10_n10_artifacts_20260828/seed7_run6_full.attempt1.performance.csv,3,415,,
seed7,6,sector,198,3,,strict-burst,cpp,True,True,,,,,,,,,,,,,0,0,0,0,0,7,11,0,0,0,0,0,0,0,0,0,0,30,46,0,0,0,16,10,0,21,30,33.049142360687256,1.1016380786895752,3.472017288208008,,,,,,,,,,,,,,,,,,,,,,,,,,,,,,,81.42,5,5,0,0.201,True,838860,0,0.321,0.121,,,,,,,0,static_pcd,0,0,0,,,,,,,,,,,,,,,../../tmp/counterbalanced_map_worker_3mode_seed1_10_n10_artifacts_20260828/seed7_run6_sector.json,8142,7180,0.737,-1.282,1.718,-25.638,24.26,-24.453,24.527,231.863,7.0,7.001783,7.001784,6.999992,7.0,0.01,True,0,0,0,,,,,,0.0,,,,,,,0,,,,,,,,,,,,,,,,,,,,,,,,,,,,,,,,,,,,,,,,,,,,,,,,,,,,,,,,,,,,,,,,,,,,,,,,,,60,True,0.6,1.2,1.5,2,0.2,438,438,0,438,0,0,/rog_map/commit_version,0.12,0.1,0,0,False,/rog_map/cloud_process_ack,/sector/full_refresh_request,0,0,0,0,0,False,0,0,0,0,0,0,0,False,0,0,0,0,0,0,0,0,0,0,0,0,0,0,0,6000,0,0,100,15955971,8233733,51.603,False,0,False,0,0,False,0,0,1.5,0,1.5,1.5,0,0,0,,,,,,,,,0,0,,False,False,False,0,0,5,15,False,0,0,0,0,0,0,0,0,,,/planning/trajectory_guard_recovery_active,2.5,0,0,False,False,0,0,0,0,0,False,0,0,0,0,0,0,0,0,False,0,0,0,0,0,0,0,0,,,,,,,,,,,,,,,,,,,,,,,,19161.478873239437,426,5.232129697862933,100255.34266764922,383229.57746478874,163255800.0,1.9122189076928944,16.040854826823875,20.0,13.933900633802816,9.203302676056337,4.729012840375587,1.308430779342723,51.603,72.94251527273953,2.98580321747034,26.556385387913178,1,0,True,,0,3203.07421875,3178.892578125,0.0,4191.44921875,2047.94921875,8589.92578125,703.13671875,0.0,0.0,../../tmp/counterbalanced_map_worker_3mode_seed1_10_n10_artifacts_20260828/seed7_run6_sector.attempt1.memory.csv,True,True,../../tmp/counterbalanced_map_worker_3mode_seed1_10_n10_artifacts_20260828/seed7_run6_sector.attempt1.performance.csv,0,426,,
seed7,7,full,199,1,,strict-burst,direct,True,True,,,,,,,,,,,,,0,0,0,0,0,7,10,0,0,0,0,0,0,0,0,0,0,25,54,0,1,0,12,12,0,18,25,23.931180000305176,0.957247200012207,2.8927934169769287,,,,,,,,,,,,,,,,,,,,,,,,,,,,,,,75.34,5,5,0,0.377,True,838860,0,0.461,0.261,,,,,,,0,static_pcd,0,0,0,,,,,,,,,,,,,,,../../tmp/counterbalanced_map_worker_3mode_seed1_10_n10_artifacts_20260828/seed7_run7_full.json,7533,6933,1.253,-0.778,1.506,-25.712,24.127,-24.426,26.242,229.747,6.999,7.001968,7.001968,6.999384,7.0,0.01,True,0,0,0,,,,,,1.474,,,,,,,0,,,,,,,,,,,,,,,,,,,,,,,,,,,,,,,,,,,,,,,,,,,,,,,,,,,,,,,,,,,,,,,,,,,,,,,,,,,,,,,,,,,,,,,,,,,,,,,,,,,,,,,,,,,,,,,,,,,,,,,,,,,,,,,,,,,,,,,,,,,,,,,,,,,,,,,,,,,,,,,,,,,,,,,,,,,,,,,,,,,,,,,,,,,,,,,,,,,,,,,,,,,,,,,,,,,,,,,,,,,,,,,,,,,36553.325358851675,418,5.548181576851606,202804.48632864348,1169706.3875598086,488937270.0,6.1891016290521375,51.91794743827979,32.0,39.21732942583732,25.619040191387562,13.596298708133972,2.6247273779904305,,96.62149328151588,,25.810490351150555,1,0,True,,0,3217.77734375,3194.625,0.0,4220.25390625,2047.9140625,8564.51953125,703.13671875,0.0,0.0,../../tmp/counterbalanced_map_worker_3mode_seed1_10_n10_artifacts_20260828/seed7_run7_full.attempt1.memory.csv,True,True,../../tmp/counterbalanced_map_worker_3mode_seed1_10_n10_artifacts_20260828/seed7_run7_full.attempt1.performance.csv,2,420,,
seed7,7,sector,200,2,,strict-burst,cpp,True,True,,,,,,,,,,,,,0,0,0,0,0,3,3,0,0,0,0,0,0,0,0,0,0,19,53,0,1,0,6,12,0,14,19,20.22908592224121,1.0646887327495373,6.652438640594482,,,,,,,,,,,,,,,,,,,,,,,,,,,,,,,67.34,5,5,0,0.391,True,838860,0,0.371,0.171,,,,,,,0,static_pcd,0,0,0,,,,,,,,,,,,,,,../../tmp/counterbalanced_map_worker_3mode_seed1_10_n10_artifacts_20260828/seed7_run7_sector.json,6733,5750,0.744,-1.267,1.605,-25.681,24.025,-24.618,25.972,228.15,7.001,7.002097,7.002097,7.000848,7.0,0.01,True,0,0,0,,,,,,0.351,,,,,,,0,,,,,,,,,,,,,,,,,,,,,,,,,,,,,,,,,,,,,,,,,,,,,,,,,,,,,,,,,,,,,,,,,,,,,,,,,,60,True,0.6,1.2,1.5,2,0.2,373,373,0,373,0,0,/rog_map/commit_version,0.12,0.1,0,0,False,/rog_map/cloud_process_ack,/sector/full_refresh_request,0,0,0,0,0,False,0,0,0,0,0,0,0,False,0,0,0,0,0,0,0,0,0,0,0,0,0,0,0,6000,0,0,100,13892225,7289832,52.474,False,0,False,0,0,False,0,0,1.5,0,1.5,1.5,0,0,0,,,,,,,,,0,0,,False,False,False,0,0,5,15,False,0,0,0,0,0,0,0,0,,,/planning/trajectory_guard_recovery_active,2.5,0,0,False,False,0,0,0,0,0,False,0,0,0,0,0,0,0,0,False,0,0,0,0,0,0,0,0,,,,,,,,,,,,,,,,,,,,,,,,19880.98901098901,364,5.405405405405405,107464.80546480545,397619.7802197802,144733600.0,2.0497284977875796,17.194368874368873,20.0,14.724846565934067,9.597921565934065,5.124967637362638,1.5171883489010989,52.474,88.08228228610926,3.0559978315008283,24.673787278415478,1,0,True,,0,3190.2109375,3166.115234375,0.0,4310.62890625,2047.79296875,8467.0703125,703.13671875,0.0,0.0,../../tmp/counterbalanced_map_worker_3mode_seed1_10_n10_artifacts_20260828/seed7_run7_sector.attempt1.memory.csv,True,True,../../tmp/counterbalanced_map_worker_3mode_seed1_10_n10_artifacts_20260828/seed7_run7_sector.attempt1.performance.csv,0,364,,
seed7,7,adaptive,201,3,,strict-burst,cpp,True,True,,,,,,,,,,,,,0,26,26,26,0,4,4,0,0,0,0,0,0,0,0,0,0,26,57,0,0,0,12,13,0,23,26,22.695100784301758,0.8728884917039138,2.5625133514404297,,,,,,,,,,,,,,,,,,,,,,,,,,,,,,,69.9,5,5,0,0.397,True,838860,0,0.448,0.248,,,,,,,0,static_pcd,0,0,0,,,,,,,,,,,,,,,../../tmp/counterbalanced_map_worker_3mode_seed1_10_n10_artifacts_20260828/seed7_run7_adaptive.json,6989,6130,0.964,-1.121,1.668,-25.611,24.082,-25.4,24.773,225.171,7.001,7.001335,7.001335,7.000509,7.0,0.01,True,0,0,0,,,,,,0.0,1787904775.975718,3.635,4.104,1787904776.856564,4.577,5.124,0,,,,,,,,,,,,,,,,,,,,,,,,,,,,,,,,,,,,,,,,,,,,,,,,,,,,,,,,,,,,,,,,,,,,,,,,,,60,True,0.6,1.2,1.5,2,1.5,353,353,0,264,89,5,/rog_map/commit_version,0.12,0.1,0.25,0,True,/rog_map/cloud_process_ack,/sector/full_refresh_request,257,257,25,92,92,False,0,1,92,0,0,0,92,False,118,118,0,257,0,257,1787904845756670744,257,2,0.350714,0.908019,0.052711,0.117525,0.192847,1.26321,6000,1261235,621280,74.788,12629713,8362825,66.215,True,82.72,True,86.686,89.859,False,0.6,1.4,1.5,0.2,3,2.899563,1,0,0,1787904786.6,1787904786.6,1787904786.98,,,,,,45,1.189756,0,True,True,False,0.6,1.4,3,15,False,21,21,8,7,17.564,388,231,9,1787904775.98,1787904775.98,/planning/trajectory_guard_recovery_active,2.5,0,0,False,True,53,26,6,5,26,False,1,26,26,0,0,0,0.050748,0.066277,False,0,84.986,116,184,92,133,32.861,52.125,1787904777.42,,,,,,,,,,,,,,,,,,,,,,,32379.36964980545,257,3.6766809728183114,119048.6123032904,852832.1712062256,219177868.0,2.9903333824932656,25.084734535050067,25.509727626459146,34.533559649805454,20.800898093385214,13.730890622568094,3.425794587548638,66.215,81.30467124864435,3.079667834812159,26.500535857216356,1,0,True,,0,3203.44140625,3179.146484375,0.0,4197.41015625,2047.78515625,8587.78125,703.13671875,0.0,0.0,../../tmp/counterbalanced_map_worker_3mode_seed1_10_n10_artifacts_20260828/seed7_run7_adaptive.attempt1.memory.csv,True,True,../../tmp/counterbalanced_map_worker_3mode_seed1_10_n10_artifacts_20260828/seed7_run7_adaptive.attempt1.performance.csv,0,257,,
seed7,8,sector,202,1,,strict-burst,cpp,True,True,,,,,,,,,,,,,0,0,0,0,0,4,4,0,0,0,0,0,0,0,0,0,0,38,112,0,0,0,12,21,0,27,38,32.65033292770386,0.8592192875711542,2.906660318374634,,,,,,,,,,,,,,,,,,,,,,,,,,,,,,,84.43,5,5,0,0.38,True,838860,0,0.477,0.277,,,,,,,0,static_pcd,0,0,0,,,,,,,,,,,,,,,../../tmp/counterbalanced_map_worker_3mode_seed1_10_n10_artifacts_20260828/seed7_run8_sector.json,8442,7565,1.257,-0.765,1.27,-25.575,24.025,-25.027,26.315,231.523,7.002,7.005528,7.005528,7.001795,7.0,0.01,True,0,0,0,,,,,,0.0,,,,,,,0,,,,,,,,,,,,,,,,,,,,,,,,,,,,,,,,,,,,,,,,,,,,,,,,,,,,,,,,,,,,,,,,,,,,,,,,,,60,True,0.6,1.2,1.5,2,0.2,358,358,0,358,0,0,/rog_map/commit_version,0.12,0.1,0,0,False,/rog_map/cloud_process_ack,/sector/full_refresh_request,0,0,0,0,0,False,0,0,0,0,0,0,0,False,0,0,0,0,0,0,0,0,0,0,0,0,0,0,0,6000,0,0,100,12970082,6969819,53.738,False,0,False,0,0,False,0,0,1.5,0,1.5,1.5,0,0,0,,,,,,,,,0,0,,False,False,False,0,0,5,15,False,0,0,0,0,0,0,0,0,,,/planning/trajectory_guard_recovery_active,2.5,0,0,False,False,0,0,0,0,0,False,0,0,0,0,0,0,0,0,False,0,0,0,0,0,0,0,0,,,,,,,,,,,,,,,,,,,,,,,,20103.1783625731,342,4.050692881677128,81431.80149236052,402063.56725146197,137505740.0,1.5531883524391275,13.029088238777684,20.0,14.531766432748539,9.417048918128655,5.11295783625731,1.4850323859649122,53.738,72.09162244852973,2.8093425281638265,24.734434476635734,1,0,True,,0,3185.62890625,3161.49609375,0.0,4202.76953125,2047.7578125,8568.70703125,703.13671875,0.0,0.0,../../tmp/counterbalanced_map_worker_3mode_seed1_10_n10_artifacts_20260828/seed7_run8_sector.attempt1.memory.csv,True,True,../../tmp/counterbalanced_map_worker_3mode_seed1_10_n10_artifacts_20260828/seed7_run8_sector.attempt1.performance.csv,0,342,,
seed7,8,adaptive,203,2,,strict-burst,cpp,True,True,,,,,,,,,,,,,0,16,16,16,0,3,4,0,0,0,0,0,0,0,0,0,0,16,40,0,0,0,6,9,0,11,16,14.629844665527344,0.914365291595459,1.8576898574829102,,,,,,,,,,,,,,,,,,,,,,,,,,,,,,,66.71,5,5,0,0.357,True,838860,0,0.462,0.262,,,,,,,0,static_pcd,0,0,0,,,,,,,,,,,,,,,../../tmp/counterbalanced_map_worker_3mode_seed1_10_n10_artifacts_20260828/seed7_run8_adaptive.json,6670,5679,1.092,-0.931,2.083,-25.665,24.025,-25.312,25.802,224.044,7.0,7.002026,7.002026,7.000239,7.0,0.01,True,0,0,0,,,,,,1.435,1787904950.925979,3.76,4.248,1787904951.624922,4.74,5.191,0,,,,,,,,,,,,,,,,,,,,,,,,,,,,,,,,,,,,,,,,,,,,,,,,,,,,,,,,,,,,,,,,,,,,,,,,,,60,True,0.6,1.2,1.5,2,1.5,426,426,0,289,137,5,/rog_map/commit_version,0.12,0.1,0.25,0,True,/rog_map/cloud_process_ack,/sector/full_refresh_request,281,281,17,67,67,False,0,1,67,0,0,0,67,False,83,83,0,281,0,281,1787905017921717899,281,1,0.330673,0.65304,0.05299,0.140585,0.160274,0.768146,6000,1332046,627044,67.84,15116988,8252362,54.59,False,0,False,59.155,61.263,False,0.6,1.4,1.5,0.2,3,2.900048,0,0,0,,,,,,,,,0,0,,True,True,False,0.6,1.4,3,15,False,22,22,14,14,19.484,441,265,10,1787904950.93,1787904950.93,/planning/trajectory_guard_recovery_active,2.5,0,0,False,False,33,16,6,6,16,False,1,16,16,0,0,0,0.051329,0.061047,False,0,48.592,75,132,59,88,17.606,30.986,1787904952.35,,,,,,,,,,,,,,,,,,,,,,,29366.58064516129,279,4.182281517013942,122819.30745015742,712714.7813620071,198847424.0,2.8426874704293774,23.84619085594364,23.56989247311828,30.968654551971323,18.950052114695342,12.016679139784946,3.147515580645161,54.59,94.07407465639692,3.2553015814434496,26.41112651205684,1,0,True,,0,3197.03125,3172.87109375,0.0,4198.9921875,2047.07421875,8586.3125,702.48828125,0.0,0.0,../../tmp/counterbalanced_map_worker_3mode_seed1_10_n10_artifacts_20260828/seed7_run8_adaptive.attempt1.memory.csv,True,True,../../tmp/counterbalanced_map_worker_3mode_seed1_10_n10_artifacts_20260828/seed7_run8_adaptive.attempt1.performance.csv,2,281,,
seed7,8,full,204,3,,strict-burst,direct,True,True,,,,,,,,,,,,,0,0,0,0,0,3,5,0,0,0,0,0,0,0,0,0,0,21,31,0,1,0,12,7,0,15,21,18.667531490325928,0.8889300709679013,1.581205129623413,,,,,,,,,,,,,,,,,,,,,,,,,,,,,,,71.29,5,5,0,0.4,True,838860,0,0.459,0.259,,,,,,,0,static_pcd,0,0,0,,,,,,,,,,,,,,,../../tmp/counterbalanced_map_worker_3mode_seed1_10_n10_artifacts_20260828/seed7_run8_full.json,7128,6311,1.27,-0.627,1.243,-26.049,24.202,-28.252,24.607,228.727,7.001,7.00214,7.00214,7.000766,7.0,0.01,True,0,0,0,,,,,,1.417,,,,,,,0,,,,,,,,,,,,,,,,,,,,,,,,,,,,,,,,,,,,,,,,,,,,,,,,,,,,,,,,,,,,,,,,,,,,,,,,,,,,,,,,,,,,,,,,,,,,,,,,,,,,,,,,,,,,,,,,,,,,,,,,,,,,,,,,,,,,,,,,,,,,,,,,,,,,,,,,,,,,,,,,,,,,,,,,,,,,,,,,,,,,,,,,,,,,,,,,,,,,,,,,,,,,,,,,,,,,,,,,,,,,,,,,,,,34895.588942307695,416,5.835320521812315,203626.94627577497,1116658.6490384615,464529998.0,6.21420014437995,52.1284890447468,32.0,39.05818100961538,25.311794230769234,13.744420961538461,2.659104951923077,,99.74410994625177,,25.431128415241506,1,0,True,,0,3205.1328125,3182.33203125,0.0,4294.5703125,2047.07421875,8467.78515625,702.48828125,0.0,0.0,../../tmp/counterbalanced_map_worker_3mode_seed1_10_n10_artifacts_20260828/seed7_run8_full.attempt1.memory.csv,True,True,../../tmp/counterbalanced_map_worker_3mode_seed1_10_n10_artifacts_20260828/seed7_run8_full.attempt1.performance.csv,2,418,,
seed7,9,adaptive,205,1,,strict-burst,cpp,True,True,,,,,,,,,,,,,0,28,28,28,0,12,14,0,0,0,0,0,0,0,0,0,0,28,53,0,0,0,15,11,0,20,28,33.56600213050842,1.1987857903753008,4.315150022506714,,,,,,,,,,,,,,,,,,,,,,,,,,,,,,,82.13,5,5,0,0.396,True,838860,0,0.456,0.256,,,,,,,0,static_pcd,0,0,0,,,,,,,,,,,,,,,../../tmp/counterbalanced_map_worker_3mode_seed1_10_n10_artifacts_20260828/seed7_run9_adaptive.json,8213,7460,0.727,-1.259,1.254,-26.043,24.299,-24.576,25.792,240.072,7.001,7.001659,7.001659,7.000718,7.0,0.01,True,0,0,0,,,,,,0.351,1787905109.948795,3.592,4.055,1787905110.631924,4.64,5.154,0,,,,,,,,,,,,,,,,,,,,,,,,,,,,,,,,,,,,,,,,,,,,,,,,,,,,,,,,,,,,,,,,,,,,,,,,,,60,True,0.6,1.2,1.5,2,1.5,488,488,0,345,143,5,/rog_map/commit_version,0.12,0.1,0.25,0,True,/rog_map/cloud_process_ack,/sector/full_refresh_request,338,338,37,77,77,False,0,1,77,0,0,0,77,False,105,105,0,338,0,338,1787905192331810243,338,2,0.36868,0.68716,0.05222,0.115371,0.165625,0.765606,6000,2363488,1073564,70.697,18560450,10958868,59.044,False,0,False,89.549,92.041,False,0.6,1.4,1.5,0.2,3,2.899835,0,0,0,,,,,,,,,0,0,,True,True,False,0.6,1.4,3,15,False,27,27,6,6,19.877,448,273,9,1787905109.95,1787905109.95,/planning/trajectory_guard_recovery_active,2.5,0,0,False,False,57,28,5,5,28,False,1,28,28,0,0,0,0.051336,0.072601,False,0,88.115,189,241,143,163,38.73,49.385,1787905111.11,,,,,,,,,,,,,,,,,,,,,,,32300.452662721895,338,4.115426762449775,132930.1473274078,790054.349112426,267038370.0,3.100786983611217,26.011286497016926,23.727810650887573,32.09192568047337,19.793143313609466,12.296961124260356,2.9016716863905327,59.044,81.77495590646117,3.3087668794059635,27.02243115191457,1,0,True,,0,3219.8046875,3195.7001953125,0.0,4143.3515625,2047.97265625,8561.2578125,702.48828125,0.0,0.0,../../tmp/counterbalanced_map_worker_3mode_seed1_10_n10_artifacts_20260828/seed7_run9_adaptive.attempt1.memory.csv,True,True,../../tmp/counterbalanced_map_worker_3mode_seed1_10_n10_artifacts_20260828/seed7_run9_adaptive.attempt1.performance.csv,0,338,,
seed7,9,full,206,2,,strict-burst,direct,True,True,,,,,,,,,,,,,0,0,0,0,0,9,8,0,0,0,0,0,0,0,0,0,0,31,35,0,0,0,23,7,0,26,30,38.605727434158325,1.286857581138611,3.264152765274048,,,,,,,,,,,,,,,,,,,,,,,,,,,,,,,83.41,5,5,0,0.364,True,838860,0,0.452,0.252,,,,,,,0,static_pcd,0,0,0,,,,,,,,,,,,,,,../../tmp/counterbalanced_map_worker_3mode_seed1_10_n10_artifacts_20260828/seed7_run9_full.json,8341,7740,1.009,-1.104,1.704,-26.273,23.917,-24.54,27.069,230.089,6.999,7.001035,7.001035,6.998684,7.0,0.01,True,0,0,0,,,,,,1.495,,,,,,,0,,,,,,,,,,,,,,,,,,,,,,,,,,,,,,,,,,,,,,,,,,,,,,,,,,,,,,,,,,,,,,,,,,,,,,,,,,,,,,,,,,,,,,,,,,,,,,,,,,,,,,,,,,,,,,,,,,,,,,,,,,,,,,,,,,,,,,,,,,,,,,,,,,,,,,,,,,,,,,,,,,,,,,,,,,,,,,,,,,,,,,,,,,,,,,,,,,,,,,,,,,,,,,,,,,,,,,,,,,,,,,,,,,,36923.84345794393,428,5.131279223114735,189466.5507732886,1181562.6775700934,505708826.0,5.782058733199343,48.50342414578588,32.0,37.011642523364486,24.10727663551402,12.902357640186915,2.426017789719626,,85.61370529555437,,23.848874504193503,1,0,True,,0,3242.94140625,3219.8544921875,0.0,4226.18359375,2047.97265625,8532.78515625,702.48828125,0.0,0.0,../../tmp/counterbalanced_map_worker_3mode_seed1_10_n10_artifacts_20260828/seed7_run9_full.attempt1.memory.csv,True,True,../../tmp/counterbalanced_map_worker_3mode_seed1_10_n10_artifacts_20260828/seed7_run9_full.attempt1.performance.csv,3,431,,
seed7,9,sector,207,3,,strict-burst,cpp,True,True,,,,,,,,,,,,,0,0,0,0,0,3,5,0,0,0,0,0,0,0,0,0,0,28,73,0,0,0,11,16,0,21,28,25.98308300971985,0.9279672503471375,3.845510959625244,,,,,,,,,,,,,,,,,,,,,,,,,,,,,,,74.42,5,5,1,0.026,True,838860,1,0.026,-0.174,,,,,,,2,static_pcd,1,1,0,live_cloud,14.6159,0.15655,20.8906307220459,23.88538932800293,1.716230034828186,6.97545,20.775920867919922,23.785850524902344,1.6783100366592407,0.22333,0.02333,False,0.07654,../../tmp/counterbalanced_map_worker_3mode_seed1_10_n10_artifacts_20260828/seed7_run9_sector.json,7442,6444,1.199,-0.897,1.547,-25.515,24.475,-27.703,24.358,230.77,7.003,7.006466,7.006466,7.003002,7.0,0.01,True,0,0,0,,,,,,0.0,,,,,,,0,,,,,,,,,,,,,,,,,,,,,,,,,,,,,,,,,,,,,,,,,,,,,,,,,,,,,,,,,,,,,,,,,,,,,,,,,,60,True,0.6,1.2,1.5,2,0.2,388,388,0,388,0,0,/rog_map/commit_version,0.12,0.1,0,0,False,/rog_map/cloud_process_ack,/sector/full_refresh_request,0,0,0,0,0,False,0,0,0,0,0,0,0,False,0,0,0,0,0,0,0,0,0,0,0,0,0,0,0,6000,0,0,100,13259097,6827816,51.495,False,0,False,0,0,False,0,0,1.5,0,1.5,1.5,0,0,0,,,,,,,,,0,0,,False,False,False,0,0,5,15,False,0,0,0,0,0,0,0,0,,,/planning/trajectory_guard_recovery_active,2.5,0,0,False,False,0,0,0,0,0,False,0,0,0,0,0,0,0,0,False,0,0,0,0,0,0,0,0,,,,,,,,,,,,,,,,,,,,,,,,17781.204188481675,382,5.13302875571083,91271.4324106423,355624.0837696335,135848400.0,1.7408644182327708,14.603429185702767,20.0,14.552488717277486,9.600461963350785,4.950411094240837,1.3657917879581152,51.495,78.16800449063143,2.8670964484888497,26.057607859205824,1,0,True,,0,3188.359375,3164.2314453125,0.0,4262.9140625,2047.96484375,8510.44921875,702.48828125,0.0,0.0,../../tmp/counterbalanced_map_worker_3mode_seed1_10_n10_artifacts_20260828/seed7_run9_sector.attempt1.memory.csv,True,True,../../tmp/counterbalanced_map_worker_3mode_seed1_10_n10_artifacts_20260828/seed7_run9_sector.attempt1.performance.csv,2,384,,
seed7,10,full,208,1,,strict-burst,direct,True,True,,,,,,,,,,,,,0,0,0,0,0,5,6,0,0,0,0,0,0,0,0,0,0,32,56,0,0,0,18,13,0,27,32,27.646660566329956,0.8639581426978111,1.8132033348083496,,,,,,,,,,,,,,,,,,,,,,,,,,,,,,,77.32,5,5,0,0.39,True,838860,0,0.455,0.255,,,,,,,0,static_pcd,0,0,0,,,,,,,,,,,,,,,../../tmp/counterbalanced_map_worker_3mode_seed1_10_n10_artifacts_20260828/seed7_run10_full.json,7731,6723,1.281,-0.77,1.156,-25.666,24.025,-24.614,24.929,226.479,7.0,7.006105,7.006105,7.000023,7.0,0.01,True,0,0,0,,,,,,1.214,,,,,,,0,,,,,,,,,,,,,,,,,,,,,,,,,,,,,,,,,,,,,,,,,,,,,,,,,,,,,,,,,,,,,,,,,,,,,,,,,,,,,,,,,,,,,,,,,,,,,,,,,,,,,,,,,,,,,,,,,,,,,,,,,,,,,,,,,,,,,,,,,,,,,,,,,,,,,,,,,,,,,,,,,,,,,,,,,,,,,,,,,,,,,,,,,,,,,,,,,,,,,,,,,,,,,,,,,,,,,,,,,,,,,,,,,,,36899.57066666667,375,4.849974133471289,178961.96326952925,1180786.2666666666,442794850.0,5.461485720149483,45.81426280393171,32.0,38.6059168,24.6607056,13.943184506666666,2.725477941333333,,85.74299311532768,,25.07308006002687,1,0,True,,0,3214.59765625,3191.681640625,0.0,4223.2421875,2047.82421875,8504.9140625,702.48828125,0.0,0.0,../../tmp/counterbalanced_map_worker_3mode_seed1_10_n10_artifacts_20260828/seed7_run10_full.attempt1.memory.csv,True,True,../../tmp/counterbalanced_map_worker_3mode_seed1_10_n10_artifacts_20260828/seed7_run10_full.attempt1.performance.csv,3,378,,
seed7,10,sector,209,2,,strict-burst,cpp,True,True,,,,,,,,,,,,,0,0,0,0,0,4,5,0,0,0,0,0,0,0,0,0,0,26,29,0,0,0,15,7,0,20,26,24.79302954673767,0.9535780594899104,1.7859621047973633,,,,,,,,,,,,,,,,,,,,,,,,,,,,,,,76.4,5,5,0,0.396,True,838860,0,0.442,0.242,,,,,,,0,static_pcd,0,0,0,,,,,,,,,,,,,,,../../tmp/counterbalanced_map_worker_3mode_seed1_10_n10_artifacts_20260828/seed7_run10_sector.json,7640,6889,1.076,-1.026,1.358,-25.717,24.57,-25.458,25.898,232.277,7.001,7.003765,7.003765,7.000742,7.0,0.01,True,0,0,0,,,,,,1.17,,,,,,,0,,,,,,,,,,,,,,,,,,,,,,,,,,,,,,,,,,,,,,,,,,,,,,,,,,,,,,,,,,,,,,,,,,,,,,,,,,60,True,0.6,1.2,1.5,2,0.2,395,395,0,395,0,0,/rog_map/commit_version,0.12,0.1,0,0,False,/rog_map/cloud_process_ack,/sector/full_refresh_request,0,0,0,0,0,False,0,0,0,0,0,0,0,False,0,0,0,0,0,0,0,0,0,0,0,0,0,0,0,6000,0,0,100,13939448,7205695,51.693,False,0,False,0,0,False,0,0,1.5,0,1.5,1.5,0,0,0,,,,,,,,,0,0,,False,False,False,0,0,5,15,False,0,0,0,0,0,0,0,0,,,/planning/trajectory_guard_recovery_active,2.5,0,0,False,False,0,0,0,0,0,False,0,0,0,0,0,0,0,0,False,0,0,0,0,0,0,0,0,,,,,,,,,,,,,,,,,,,,,,,,18562.46233766234,385,5.039267015706806,93541.20418848167,371249.24675324676,142930960.0,1.7841568792053542,14.966592670157068,20.0,14.277108155844155,9.421318805194804,4.853990701298701,1.4121469844155845,51.693,75.58325281617957,2.96204326545588,25.69827425374563,1,0,True,,0,3187.73828125,3163.51953125,0.0,4168.2734375,2047.82421875,8558.5390625,702.48828125,0.0,0.0,../../tmp/counterbalanced_map_worker_3mode_seed1_10_n10_artifacts_20260828/seed7_run10_sector.attempt1.memory.csv,True,True,../../tmp/counterbalanced_map_worker_3mode_seed1_10_n10_artifacts_20260828/seed7_run10_sector.attempt1.performance.csv,0,385,,
seed7,10,adaptive,210,3,,strict-burst,cpp,True,True,,,,,,,,,,,,,0,21,21,21,0,4,5,0,0,0,0,0,0,0,0,0,0,21,27,0,0,0,14,6,0,15,20,31.276904821395874,1.5638452410697936,10.788307428359985,,,,,,,,,,,,,,,,,,,,,,,,,,,,,,,71.64,5,5,0,0.39,True,838860,0,0.485,0.285,,,,,,,0,static_pcd,0,0,0,,,,,,,,,,,,,,,../../tmp/counterbalanced_map_worker_3mode_seed1_10_n10_artifacts_20260828/seed7_run10_adaptive.json,7163,6250,-0.304,-1.451,1.889,-25.775,24.386,-24.618,25.946,233.245,7.003,7.002766,7.002766,7.002592,7.0,0.01,True,0,0,0,,,,,,0.0,1787905561.272052,10.309,12.747,1787905560.392939,8.324,10.314,0,,,,,,,,,,,,,,,,,,,,,,,,,,,,,,,,,,,,,,,,,,,,,,,,,,,,,,,,,,,,,,,,,,,,,,,,,,60,True,0.6,1.2,1.5,2,1.5,434,434,0,316,118,5,/rog_map/commit_version,0.12,0.1,0.25,0,True,/rog_map/cloud_process_ack,/sector/full_refresh_request,307,307,39,52,52,False,0,1,52,0,0,0,52,False,73,73,0,307,0,307,1787905627392128456,307,1,0.370766,0.865621,0.053477,0.147153,0.160111,1.09087,6000,2023721,936157,72.811,15558901,9378193,60.275,True,76.267,True,79.493,82.057,True,0.6,1.4,1.5,0.2,3,2.899013,1,1,0,1787905567.01,1787905567.01,1787905567.17,1787905621.27,1787905622.48,1.209972,,,34,1.209972,0,True,True,False,0.6,1.4,3,15,False,26,26,9,8,18.664,437,262,8,1787905556.45,1787905556.45,/planning/trajectory_guard_recovery_active,2.5,0,0,True,True,42,21,6,5,21,False,1,21,21,0,0,0,0.05221,0.091477,False,0,75.806,178,151,131,112,41.014,34.793,1787905556.88,,,,,,,,,,,,,,,,,,,,,,,30454.813725490196,306,4.271356783919598,130083.37520938023,719978.0784313725,220313292.0,2.93281865079998,24.602265996649916,22.862745098039216,31.745070228758173,19.57456065359477,12.168709705882353,3.0277261666666666,60.275,88.54905903508964,3.305993472042576,28.621929349053115,1,0,True,,0,3224.95703125,3200.685546875,0.0,4262.74609375,2047.82421875,8483.5390625,702.48828125,0.0,0.0,../../tmp/counterbalanced_map_worker_3mode_seed1_10_n10_artifacts_20260828/seed7_run10_adaptive.attempt1.memory.csv,True,True,../../tmp/counterbalanced_map_worker_3mode_seed1_10_n10_artifacts_20260828/seed7_run10_adaptive.attempt1.performance.csv,1,307,,
seed8,1,sector,211,1,,strict-burst,cpp,True,True,,,,,,,,,,,,,0,0,0,0,0,3,4,0,0,0,0,0,0,0,0,0,0,18,48,0,1,0,7,10,0,9,18,14.47754955291748,0.8043083084954156,1.5787439346313477,,,,,,,,,,,,,,,,,,,,,,,,,,,,,,,68.78,5,5,0,0.427,True,838860,0,0.487,0.287,,,,,,,0,static_pcd,0,0,0,,,,,,,,,,,,,,,../../tmp/counterbalanced_map_worker_3mode_seed1_10_n10_artifacts_20260828/seed8_run1_sector.json,6877,6059,1.074,-1.014,1.437,-27.396,24.025,-25.4,24.566,226.23,7.0,7.001876,7.001877,7.000284,7.0,0.01,True,0,0,0,,,,,,0.0,,,,,,,0,,,,,,,,,,,,,,,,,,,,,,,,,,,,,,,,,,,,,,,,,,,,,,,,,,,,,,,,,,,,,,,,,,,,,,,,,,60,True,0.6,1.2,1.5,2,0.2,419,419,0,419,0,0,/rog_map/commit_version,0.12,0.1,0,0,False,/rog_map/cloud_process_ack,/sector/full_refresh_request,0,0,0,0,0,False,0,0,0,0,0,0,0,False,0,0,0,0,0,0,0,0,0,0,0,0,0,0,0,6000,0,0,100,14478000,7753476,53.554,False,0,False,0,0,False,0,0,1.5,0,1.5,1.5,0,0,0,,,,,,,,,0,0,,False,False,False,0,0,5,15,False,0,0,0,0,0,0,0,0,,,/planning/trajectory_guard_recovery_active,2.5,0,0,False,False,0,0,0,0,0,False,0,0,0,0,0,0,0,0,False,0,0,0,0,0,0,0,0,,,,,,,,,,,,,,,,,,,,,,,,18983.296296296296,405,5.8883396336144225,111780.09595812736,379665.9259259259,153764700.0,2.132036132013843,17.88481535330038,20.0,14.674716197530865,9.641407185185185,5.031612913580247,1.3582143975308643,53.554,86.3797325362202,2.950746368408525,23.850587007676005,1,0,True,,0,3193.23828125,3168.8955078125,0.0,4232.55078125,2047.76171875,8536.42578125,702.48828125,0.0,0.0,../../tmp/counterbalanced_map_worker_3mode_seed1_10_n10_artifacts_20260828/seed8_run1_sector.attempt1.memory.csv,True,True,../../tmp/counterbalanced_map_worker_3mode_seed1_10_n10_artifacts_20260828/seed8_run1_sector.attempt1.performance.csv,0,405,,
seed8,1,adaptive,212,2,,strict-burst,cpp,True,True,,,,,,,,,,,,,0,37,37,37,0,7,9,0,0,0,0,0,0,0,0,0,0,37,35,0,0,0,26,8,0,30,37,37.84281659126282,1.022778826790887,2.546750783920288,,,,,,,,,,,,,,,,,,,,,,,,,,,,,,,81.31,5,5,0,0.429,True,838860,0,0.478,0.278,,,,,,,0,static_pcd,0,0,0,,,,,,,,,,,,,,,../../tmp/counterbalanced_map_worker_3mode_seed1_10_n10_artifacts_20260828/seed8_run1_adaptive.json,8130,7000,1.054,-1.038,1.49,-27.14,24.231,-25.744,26.644,229.423,7.0,7.001148,7.001148,6.999542,7.0,0.01,True,0,0,0,,,,,,0.0,1787905717.40165,2.691,3.156,1787905718.165314,4.25,5.15,0,,,,,,,,,,,,,,,,,,,,,,,,,,,,,,,,,,,,,,,,,,,,,,,,,,,,,,,,,,,,,,,,,,,,,,,,,,60,True,0.6,1.2,1.5,2,1.5,431,431,0,316,115,5,/rog_map/commit_version,0.12,0.1,0.25,0,True,/rog_map/cloud_process_ack,/sector/full_refresh_request,306,306,31,82,82,False,0,1,82,0,0,0,82,False,119,119,0,306,0,306,1787905798760018288,306,1,0.356146,0.761313,0.047753,0.111962,0.188139,1.282048,6000,1631001,773060,73.318,13939727,8513310,61.072,False,0,True,82.599,84.222,False,0.6,1.4,1.5,0.2,3,2.899669,0,0,0,,,,,,,,,0,0,,True,True,False,0.6,1.4,3,15,False,23,23,6,5,17.633,359,193,7,1787905717.4,1787905717.4,/planning/trajectory_guard_recovery_active,2.5,0,0,False,True,75,37,3,2,37,False,1,37,37,0,0,0,0.048721,0.070899,False,0,77.958,187,149,152,102,43.387,34.571,1787905720.31,,,,,,,,,,,,,,,,,,,,,,,27668.918300653593,306,3.763374738654532,104128.50817857582,711151.8954248365,217612480.0,2.5523482118493264,21.410648628704955,24.666666666666668,31.340930392156867,19.151771503267973,12.187216764705882,2.777884862745098,61.072,68.39311247364591,3.0533532516741655,25.317394556352625,1,0,True,,0,3204.26171875,3180.0830078125,0.0,4187.27734375,2047.7265625,8552.28515625,702.48828125,0.0,0.0,../../tmp/counterbalanced_map_worker_3mode_seed1_10_n10_artifacts_20260828/seed8_run1_adaptive.attempt1.memory.csv,True,True,../../tmp/counterbalanced_map_worker_3mode_seed1_10_n10_artifacts_20260828/seed8_run1_adaptive.attempt1.performance.csv,0,306,,
seed8,1,full,213,3,,strict-burst,direct,True,True,,,,,,,,,,,,,0,0,0,0,0,4,4,0,0,0,0,0,0,0,0,0,0,18,25,0,1,0,12,5,0,14,18,31.93941307067871,1.7744118372599285,16.695003271102905,,,,,,,,,,,,,,,,,,,,,,,,,,,,,,,66.53,5,5,0,0.418,True,838860,0,0.47,0.27,,,,,,,0,static_pcd,0,0,0,,,,,,,,,,,,,,,../../tmp/counterbalanced_map_worker_3mode_seed1_10_n10_artifacts_20260828/seed8_run1_full.json,6652,5750,0.99,-0.811,2.019,-27.275,24.025,-24.794,27.444,222.274,7.001,7.001175,7.001175,7.000503,7.0,0.01,True,0,0,0,,,,,,1.28,,,,,,,0,,,,,,,,,,,,,,,,,,,,,,,,,,,,,,,,,,,,,,,,,,,,,,,,,,,,,,,,,,,,,,,,,,,,,,,,,,,,,,,,,,,,,,,,,,,,,,,,,,,,,,,,,,,,,,,,,,,,,,,,,,,,,,,,,,,,,,,,,,,,,,,,,,,,,,,,,,,,,,,,,,,,,,,,,,,,,,,,,,,,,,,,,,,,,,,,,,,,,,,,,,,,,,,,,,,,,,,,,,,,,,,,,,,33451.915,400,6.012325266796934,201123.79377724335,1070461.23,428184492.0,6.137810802703403,51.48768880204419,32.0,40.9453065,26.60141175,14.341961,2.7326170325000003,,103.23629692072572,,27.301788912893638,1,0,True,,0,3207.87109375,3184.83203125,0.0,4188.9140625,2047.72265625,8581.12890625,702.484375,0.0,0.0,../../tmp/counterbalanced_map_worker_3mode_seed1_10_n10_artifacts_20260828/seed8_run1_full.attempt1.memory.csv,True,True,../../tmp/counterbalanced_map_worker_3mode_seed1_10_n10_artifacts_20260828/seed8_run1_full.attempt1.performance.csv,3,403,,
seed8,2,adaptive,214,1,,strict-burst,cpp,True,True,,,,,,,,,,,,,0,51,51,51,0,0,0,0,0,0,0,0,0,0,0,0,0,51,81,0,1,0,31,18,0,49,51,48.163689374923706,0.9443860661749747,2.4811105728149414,,,,,,,,,,,,,,,,,,,,,,,,,,,,,,,89.24,5,5,0,0.386,True,838860,0,0.435,0.235,,,,,,,0,static_pcd,0,0,0,,,,,,,,,,,,,,,../../tmp/counterbalanced_map_worker_3mode_seed1_10_n10_artifacts_20260828/seed8_run2_adaptive.json,8924,7920,1.379,-0.54,1.722,-26.657,24.548,-27.623,24.25,227.271,7.0,7.001536,7.001536,7.000335,7.0,0.01,True,0,0,0,,,,,,1.481,1787905938.443635,-25.12,-9.269,1787905937.727299,-25.991,-7.769,0,,,,,,,,,,,,,,,,,,,,,,,,,,,,,,,,,,,,,,,,,,,,,,,,,,,,,,,,,,,,,,,,,,,,,,,,,,60,True,0.6,1.2,1.5,2,1.5,340,340,0,275,65,5,/rog_map/commit_version,0.12,0.1,0.25,0,True,/rog_map/cloud_process_ack,/sector/full_refresh_request,267,267,21,75,75,False,0,1,75,0,0,0,75,False,126,126,0,267,0,267,1787905976123216877,267,1,0.399257,1.455038,0.049513,0.130177,0.257725,2.052226,6000,1515220,676171,80.882,10998564,7763148,70.583,False,0,True,91.176,94.314,False,0.6,1.4,1.5,0.2,3,2.898714,0,0,0,,,,,,,,,0,0,,True,True,False,0.6,1.4,3,15,False,21,21,3,2,14.706,337,180,9,1787905887.49,1787905886.24,/planning/trajectory_guard_recovery_active,2.5,0,0,False,True,103,51,4,3,51,False,1,51,51,0,0,0,0.048525,0.10678,False,0,89.706,172,133,146,104,50.588,39.118,1787905886.24,,,,,,,,,,,,,,,,,,,,,,,29024.28947368421,266,2.980726131779471,86513.45809054236,779066.4360902256,207231672.0,2.2146069378342026,18.577469475571494,25.68421052631579,33.35928984962406,20.154862368421053,13.202398345864662,3.0882661503759397,70.583,60.050687469265824,3.117238637811574,26.699783217440658,1,0,True,,0,3200.2890625,3176.0771484375,0.0,4175.4453125,2047.72265625,8606.78125,702.484375,0.0,0.0,../../tmp/counterbalanced_map_worker_3mode_seed1_10_n10_artifacts_20260828/seed8_run2_adaptive.attempt1.memory.csv,True,True,../../tmp/counterbalanced_map_worker_3mode_seed1_10_n10_artifacts_20260828/seed8_run2_adaptive.attempt1.performance.csv,1,267,,
seed8,2,full,215,2,,strict-burst,direct,True,True,,,,,,,,,,,,,0,0,0,0,0,3,5,0,0,0,0,0,0,0,0,0,0,16,25,0,0,0,9,6,0,13,16,14.465610027313232,0.904100626707077,2.770110845565796,,,,,,,,,,,,,,,,,,,,,,,,,,,,,,,67.89,5,5,0,0.414,True,838860,0,0.477,0.277,,,,,,,0,static_pcd,0,0,0,,,,,,,,,,,,,,,../../tmp/counterbalanced_map_worker_3mode_seed1_10_n10_artifacts_20260828/seed8_run2_full.json,6789,5880,0.806,-0.879,1.832,-27.356,24.025,-26.533,24.63,227.556,7.001,7.002005,7.002005,7.001157,7.0,0.01,True,0,0,0,,,,,,1.193,,,,,,,0,,,,,,,,,,,,,,,,,,,,,,,,,,,,,,,,,,,,,,,,,,,,,,,,,,,,,,,,,,,,,,,,,,,,,,,,,,,,,,,,,,,,,,,,,,,,,,,,,,,,,,,,,,,,,,,,,,,,,,,,,,,,,,,,,,,,,,,,,,,,,,,,,,,,,,,,,,,,,,,,,,,,,,,,,,,,,,,,,,,,,,,,,,,,,,,,,,,,,,,,,,,,,,,,,,,,,,,,,,,,,,,,,,,33919.89267015707,382,5.626749153041685,190858.72735307115,1085436.4764397906,414636734.0,5.824545645225661,48.85983019590514,32.0,40.702431413612565,26.258283219895286,14.442264240837696,2.821419091623037,,103.7190851951521,,25.93498667790203,1,0,True,,0,3205.796875,3182.9326171875,0.0,4206.13671875,2047.6953125,8586.8515625,702.484375,0.0,0.0,../../tmp/counterbalanced_map_worker_3mode_seed1_10_n10_artifacts_20260828/seed8_run2_full.attempt1.memory.csv,True,True,../../tmp/counterbalanced_map_worker_3mode_seed1_10_n10_artifacts_20260828/seed8_run2_full.attempt1.performance.csv,2,384,,
seed8,2,sector,216,3,,strict-burst,cpp,True,True,,,,,,,,,,,,,0,0,0,0,0,5,6,0,0,0,0,0,0,0,0,0,0,33,41,0,3,0,20,10,0,25,33,30.39286732673645,0.9209959795980742,2.0534255504608154,,,,,,,,,,,,,,,,,,,,,,,,,,,,,,,77.65,5,5,1,0.014,True,838860,1,0.052,-0.148,,,,,,,2,static_pcd,1,0,1,static_pcd,16.4227,0.18529,19.60059928894043,23.436599731445312,1.2280299663543701,4.12393,19.472700119018555,23.305500030517578,1.2000000476837158,0.18529,-0.01471,True,,../../tmp/counterbalanced_map_worker_3mode_seed1_10_n10_artifacts_20260828/seed8_run2_sector.json,7764,7145,1.434,-0.179,1.498,-25.329,24.394,-25.461,24.096,231.09,7.0,7.001877,7.001877,6.999649,7.0,0.01,True,0,0,0,,,,,,1.289,,,,,,,0,,,,,,,,,,,,,,,,,,,,,,,,,,,,,,,,,,,,,,,,,,,,,,,,,,,,,,,,,,,,,,,,,,,,,,,,,,60,True,0.6,1.2,1.5,2,0.2,384,384,0,384,0,0,/rog_map/commit_version,0.12,0.1,0,0,False,/rog_map/cloud_process_ack,/sector/full_refresh_request,0,0,0,0,0,False,0,0,0,0,0,0,0,False,0,0,0,0,0,0,0,0,0,0,0,0,0,0,0,6000,0,0,100,13062519,6611061,50.611,False,0,False,0,0,False,0,0,1.5,0,1.5,1.5,0,0,0,,,,,,,,,0,0,,False,False,False,0,0,5,15,False,0,0,0,0,0,0,0,0,,,/planning/trajectory_guard_recovery_active,2.5,0,0,False,False,0,0,0,0,0,False,0,0,0,0,0,0,0,0,False,0,0,0,0,0,0,0,0,,,,,,,,,,,,,,,,,,,,,,,,17691.464864864865,370,4.764971023824855,84299.31745009658,353829.2972972973,130916840.0,1.6078818788546865,13.487890792015454,20.0,14.826701054054054,9.744330351351351,5.080445594594594,1.3633948297297298,50.611,68.92023135608218,2.8939345958907645,24.941663487465544,1,0,True,,0,3186.8046875,3162.404296875,0.0,4242.1953125,2047.99609375,8534.2265625,702.79296875,0.0,0.0,../../tmp/counterbalanced_map_worker_3mode_seed1_10_n10_artifacts_20260828/seed8_run2_sector.attempt1.memory.csv,True,True,../../tmp/counterbalanced_map_worker_3mode_seed1_10_n10_artifacts_20260828/seed8_run2_sector.attempt1.performance.csv,1,371,,
seed8,3,full,217,1,,strict-burst,direct,True,True,,,,,,,,,,,,,0,0,0,0,0,8,12,0,0,0,0,0,0,0,0,0,0,33,39,0,0,0,22,9,0,30,33,38.13158893585205,1.1555026950258198,6.594483375549316,,,,,,,,,,,,,,,,,,,,,,,,,,,,,,,83.21,5,5,0,0.415,True,838860,0,0.497,0.297,,,,,,,0,static_pcd,0,0,0,,,,,,,,,,,,,,,../../tmp/counterbalanced_map_worker_3mode_seed1_10_n10_artifacts_20260828/seed8_run3_full.json,8320,7410,1.01,-1.061,1.384,-27.162,24.025,-25.482,24.177,228.687,7.0,7.001271,7.001271,7.000286,7.0,0.01,True,0,0,0,,,,,,1.464,,,,,,,0,,,,,,,,,,,,,,,,,,,,,,,,,,,,,,,,,,,,,,,,,,,,,,,,,,,,,,,,,,,,,,,,,,,,,,,,,,,,,,,,,,,,,,,,,,,,,,,,,,,,,,,,,,,,,,,,,,,,,,,,,,,,,,,,,,,,,,,,,,,,,,,,,,,,,,,,,,,,,,,,,,,,,,,,,,,,,,,,,,,,,,,,,,,,,,,,,,,,,,,,,,,,,,,,,,,,,,,,,,,,,,,,,,,33511.51963048499,433,5.203701478187718,174383.94423747147,1072368.674364896,464335636.0,5.321775871233762,44.64229164763851,32.0,37.104429561200924,24.191212240184758,12.911203464203233,2.2886336143187065,,81.24097204204108,,24.72156644032709,1,0,True,,0,3215.0625,3192.2353515625,0.0,4252.57421875,2047.99609375,8481.46484375,702.79296875,0.0,0.0,../../tmp/counterbalanced_map_worker_3mode_seed1_10_n10_artifacts_20260828/seed8_run3_full.attempt1.memory.csv,True,True,../../tmp/counterbalanced_map_worker_3mode_seed1_10_n10_artifacts_20260828/seed8_run3_full.attempt1.performance.csv,3,436,,
seed8,3,sector,218,2,,strict-burst,cpp,True,True,,,,,,,,,,,,,0,0,0,0,0,7,12,0,0,0,0,0,0,0,0,0,0,16,50,0,0,0,5,10,0,8,16,18.85977053642273,1.1787356585264206,4.378704786300659,,,,,,,,,,,,,,,,,,,,,,,,,,,,,,,68.45,5,5,0,0.408,True,838860,0,0.457,0.257,,,,,,,0,static_pcd,0,0,0,,,,,,,,,,,,,,,../../tmp/counterbalanced_map_worker_3mode_seed1_10_n10_artifacts_20260828/seed8_run3_sector.json,6844,6060,1.386,-0.525,1.452,-27.19,24.025,-25.471,27.409,229.231,6.999,7.0021,7.0021,6.998716,7.0,0.01,True,0,0,0,,,,,,1.482,,,,,,,0,,,,,,,,,,,,,,,,,,,,,,,,,,,,,,,,,,,,,,,,,,,,,,,,,,,,,,,,,,,,,,,,,,,,,,,,,,60,True,0.6,1.2,1.5,2,0.2,446,446,0,446,0,0,/rog_map/commit_version,0.12,0.1,0,0,False,/rog_map/cloud_process_ack,/sector/full_refresh_request,0,0,0,0,0,False,0,0,0,0,0,0,0,False,0,0,0,0,0,0,0,0,0,0,0,0,0,0,0,6000,0,0,100,14897916,7180920,48.201,False,0,False,0,0,False,0,0,1.5,0,1.5,1.5,0,0,0,,,,,,,,,0,0,,False,False,False,0,0,5,15,False,0,0,0,0,0,0,0,0,,,/planning/trajectory_guard_recovery_active,2.5,0,0,False,False,0,0,0,0,0,False,0,0,0,0,0,0,0,0,False,0,0,0,0,0,0,0,0,,,,,,,,,,,,,,,,,,,,,,,,16444.163972286373,433,6.325785244704163,104022.24981738495,328883.2794457275,142406460.0,1.984066959712695,16.64355997078159,20.0,14.435585658198615,9.526382494226327,4.907409422632795,1.3159485658198613,48.201,94.24482203612837,2.964253264735747,25.15077601937727,1,0,True,,0,3196.83203125,3172.7880859375,0.0,4221.44140625,2047.98828125,8547.25,702.7890625,0.0,0.0,../../tmp/counterbalanced_map_worker_3mode_seed1_10_n10_artifacts_20260828/seed8_run3_sector.attempt1.memory.csv,True,True,../../tmp/counterbalanced_map_worker_3mode_seed1_10_n10_artifacts_20260828/seed8_run3_sector.attempt1.performance.csv,1,434,,
seed8,3,adaptive,219,3,,strict-burst,cpp,True,True,,,,,,,,,,,,,0,50,50,49,0,4,4,0,0,0,0,0,0,0,0,0,0,50,70,0,0,0,32,16,0,45,49,46.45066523551941,0.9479727599085593,1.8091626167297363,,,,,,,,,,,,,,,,,,,,,,,,,,,,,,,90.71,5,5,0,0.388,True,838860,0,0.484,0.284,,,,,,,0,static_pcd,0,0,0,,,,,,,,,,,,,,,../../tmp/counterbalanced_map_worker_3mode_seed1_10_n10_artifacts_20260828/seed8_run3_adaptive.json,9070,8140,1.436,-0.332,1.362,-27.592,24.025,-26.942,24.726,232.327,6.997,7.000559,7.000559,6.997489,7.0,0.01,True,0,0,0,,,,,,0.0,1787906326.386262,3.18,4.205,1787906327.075799,3.479,5.274,0,,,,,,,,,,,,,,,,,,,,,,,,,,,,,,,,,,,,,,,,,,,,,,,,,,,,,,,,,,,,,,,,,,,,,,,,,,60,True,0.6,1.2,1.5,2,1.5,397,397,0,305,92,5,/rog_map/commit_version,0.12,0.1,0.25,0,True,/rog_map/cloud_process_ack,/sector/full_refresh_request,299,299,24,90,90,False,0,1,90,0,0,0,90,False,140,140,0,299,0,299,1787906416774373642,299,0,0.358788,0.732084,0.050786,0.105491,0.219259,1.151295,6000,1661438,719749,76.826,13062116,8638873,66.137,False,0,True,88.917,91.209,False,0.6,1.4,1.5,0.2,3,2.896953,0,0,0,,,,,,,,,0,0,,True,True,False,0.6,1.4,3,15,False,26,26,4,3,15.365,350,197,7,1787906326.39,1787906326.39,/planning/trajectory_guard_recovery_active,2.5,0,0,True,True,100,50,2,1,50,False,1,50,50,0,0,0,0.051229,0.079998,False,0,87.406,206,141,167,105,51.889,35.516,1787906330.61,,,,,,,,,,,,,,,,,,,,,,,28772.347826086956,299,3.2962187189945986,94839.95149377137,764144.5886287625,228479232.0,2.402103135162882,20.150301576452435,25.618729096989966,32.95203133779264,20.15958943143813,12.790505217391303,2.886015856187291,66.137,62.86058203210587,3.062039632017581,27.433815148338667,1,0,True,,0,3202.9375,3178.7490234375,0.0,4094.37109375,2047.984375,8562.875,702.7890625,0.0,0.0,../../tmp/counterbalanced_map_worker_3mode_seed1_10_n10_artifacts_20260828/seed8_run3_adaptive.attempt1.memory.csv,True,True,../../tmp/counterbalanced_map_worker_3mode_seed1_10_n10_artifacts_20260828/seed8_run3_adaptive.attempt1.performance.csv,0,299,,
seed8,4,sector,220,1,,strict-burst,cpp,True,True,,,,,,,,,,,,,0,0,0,0,0,4,7,0,0,0,0,0,0,0,0,0,0,33,63,0,1,0,18,13,0,25,32,30.33063769340515,0.947832427918911,3.4690797328948975,,,,,,,,,,,,,,,,,,,,,,,,,,,,,,,76.3,5,5,0,0.328,True,838860,0,0.447,0.247,,,,,,,0,static_pcd,0,0,0,,,,,,,,,,,,,,,../../tmp/counterbalanced_map_worker_3mode_seed1_10_n10_artifacts_20260828/seed8_run4_sector.json,7629,6793,1.0,-1.092,2.182,-26.425,24.025,-25.814,24.675,224.289,7.001,7.001336,7.001336,7.000872,7.0,0.01,True,0,0,0,,,,,,1.48,,,,,,,0,,,,,,,,,,,,,,,,,,,,,,,,,,,,,,,,,,,,,,,,,,,,,,,,,,,,,,,,,,,,,,,,,,,,,,,,,,60,True,0.6,1.2,1.5,2,0.2,390,390,0,390,0,0,/rog_map/commit_version,0.12,0.1,0,0,False,/rog_map/cloud_process_ack,/sector/full_refresh_request,0,0,0,0,0,False,0,0,0,0,0,0,0,False,0,0,0,0,0,0,0,0,0,0,0,0,0,0,0,6000,0,0,100,13331716,6818060,51.142,False,0,False,0,0,False,0,0,1.5,0,1.5,1.5,0,0,0,,,,,,,,,0,0,,False,False,False,0,0,5,15,False,0,0,0,0,0,0,0,0,,,/planning/trajectory_guard_recovery_active,2.5,0,0,False,False,0,0,0,0,0,False,0,0,0,0,0,0,0,0,False,0,0,0,0,0,0,0,0,,,,,,,,,,,,,,,,,,,,,,,,17924.35278514589,377,4.941022280471822,88564.626474443,358487.05570291774,135149620.0,1.689236192215786,14.17034023591088,20.0,13.768907877984086,9.11412320954907,4.652977347480106,1.2314196790450929,51.142,68.5604365903367,2.9362860929131287,24.385882514522716,1,0,True,,0,3187.6015625,3163.5712890625,0.0,4119.41015625,2047.9765625,8573.3671875,702.7890625,0.0,0.0,../../tmp/counterbalanced_map_worker_3mode_seed1_10_n10_artifacts_20260828/seed8_run4_sector.attempt1.memory.csv,True,True,../../tmp/counterbalanced_map_worker_3mode_seed1_10_n10_artifacts_20260828/seed8_run4_sector.attempt1.performance.csv,3,380,,
seed8,4,adaptive,221,2,,strict-burst,cpp,True,True,,,,,,,,,,,,,0,17,17,17,0,6,6,0,0,0,0,0,0,0,0,0,0,17,31,0,4,0,11,6,0,13,17,22.64804244041443,1.3322377906126135,4.684649229049683,,,,,,,,,,,,,,,,,,,,,,,,,,,,,,,68.98,5,5,0,0.345,True,838860,0,0.348,0.148,,,,,,,0,static_pcd,0,0,0,,,,,,,,,,,,,,,../../tmp/counterbalanced_map_worker_3mode_seed1_10_n10_artifacts_20260828/seed8_run4_adaptive.json,6897,6120,1.034,-1.03,1.734,-27.076,24.025,-24.372,27.341,231.319,7.0,7.001997,7.001997,6.999936,7.0,0.01,True,0,0,0,,,,,,1.459,1787906521.959399,19.495,20.159,1787906520.543414,16.623,16.879,0,,,,,,,,,,,,,,,,,,,,,,,,,,,,,,,,,,,,,,,,,,,,,,,,,,,,,,,,,,,,,,,,,,,,,,,,,,60,True,0.6,1.2,1.5,2,1.5,441,441,0,324,117,5,/rog_map/commit_version,0.12,0.1,0.25,0,True,/rog_map/cloud_process_ack,/sector/full_refresh_request,320,320,43,55,55,False,0,1,55,0,0,0,55,False,72,72,0,320,0,320,1787906582839409695,320,1,0.353523,0.855918,0.054709,0.105224,0.148408,0.855918,6000,2077628,976212,73.469,15536362,9194427,59.18,True,72.789,False,78.912,79.015,False,0.6,1.4,1.5,0.2,3,2.898605,1,0,0,1787906531.82,1787906531.82,1787906532.01,,,,,,38,1.029982,0,True,True,False,0.6,1.4,3,15,False,25,25,9,9,19.728,423,273,12,1787906514.8,1787906513.46,/planning/trajectory_guard_recovery_active,2.5,0,0,False,False,35,17,5,5,17,False,1,17,17,0,0,0,0.057463,0.101071,False,0,74.15,140,187,112,135,31.746,42.404,1787906513.46,,,,,,,,,,,,,,,,,,,,,,,28749.526645768026,319,4.624528848941722,132953.01536677298,671848.3887147335,214319636.0,2.9630491788161253,24.85585804581038,22.70846394984326,31.44079507836991,19.27839394984326,12.160599561128526,2.875465288401254,59.18,93.22023383533896,3.2239893236560806,26.50008270815122,1,0,True,,0,3207.890625,3183.69140625,0.0,4096.8671875,2047.9609375,8598.90625,702.7890625,0.0,0.0,../../tmp/counterbalanced_map_worker_3mode_seed1_10_n10_artifacts_20260828/seed8_run4_adaptive.attempt1.memory.csv,True,True,../../tmp/counterbalanced_map_worker_3mode_seed1_10_n10_artifacts_20260828/seed8_run4_adaptive.attempt1.performance.csv,1,320,,
seed8,4,full,222,3,,strict-burst,direct,True,True,,,,,,,,,,,,,0,0,0,0,0,4,5,0,0,0,0,0,0,0,0,0,0,19,32,0,0,0,10,7,0,14,19,19.36930775642395,1.0194372503381026,2.150188446044922,,,,,,,,,,,,,,,,,,,,,,,,,,,,,,,68.99,5,5,0,0.369,True,838860,0,0.43,0.23,,,,,,,0,static_pcd,0,0,0,,,,,,,,,,,,,,,../../tmp/counterbalanced_map_worker_3mode_seed1_10_n10_artifacts_20260828/seed8_run4_full.json,6898,6150,1.06,-0.973,1.287,-27.277,24.025,-25.815,26.656,228.048,7.002,7.002379,7.002379,7.002076,7.0,0.01,True,0,0,0,,,,,,0.801,,,,,,,0,,,,,,,,,,,,,,,,,,,,,,,,,,,,,,,,,,,,,,,,,,,,,,,,,,,,,,,,,,,,,,,,,,,,,,,,,,,,,,,,,,,,,,,,,,,,,,,,,,,,,,,,,,,,,,,,,,,,,,,,,,,,,,,,,,,,,,,,,,,,,,,,,,,,,,,,,,,,,,,,,,,,,,,,,,,,,,,,,,,,,,,,,,,,,,,,,,,,,,,,,,,,,,,,,,,,,,,,,,,,,,,,,,,36211.93643031785,409,5.928395419626034,214678.6780692854,1158781.9119804401,473941802.0,6.551473025636995,54.95773903464271,32.0,39.69196454767726,25.814491931540342,13.875553789731052,2.6620058215158924,,99.16532704396022,,25.60891347558183,1,0,True,,0,3216.42578125,3193.4921875,0.0,4165.4921875,2047.9609375,8508.890625,702.7890625,0.0,0.0,../../tmp/counterbalanced_map_worker_3mode_seed1_10_n10_artifacts_20260828/seed8_run4_full.attempt1.memory.csv,True,True,../../tmp/counterbalanced_map_worker_3mode_seed1_10_n10_artifacts_20260828/seed8_run4_full.attempt1.performance.csv,1,410,,
seed8,5,adaptive,223,1,,strict-burst,cpp,True,True,,,,,,,,,,,,,0,31,31,31,0,6,6,0,0,0,0,0,0,0,0,0,0,31,66,0,0,0,17,14,0,26,30,28.74787449836731,0.9582624832789103,2.560046672821045,,,,,,,,,,,,,,,,,,,,,,,,,,,,,,,77.72,5,5,0,0.402,True,838860,0,0.417,0.217,,,,,,,0,static_pcd,0,0,0,,,,,,,,,,,,,,,../../tmp/counterbalanced_map_worker_3mode_seed1_10_n10_artifacts_20260828/seed8_run5_adaptive.json,7771,7083,1.1,-1.011,2.153,-28.116,24.133,-24.592,24.681,231.347,6.999,7.001588,7.001588,6.99937,7.0,0.01,True,0,0,0,,,,,,0.0,1787906672.260285,1.152,1.146,1787906685.078148,18.155,23.766,0,,,,,,,,,,,,,,,,,,,,,,,,,,,,,,,,,,,,,,,,,,,,,,,,,,,,,,,,,,,,,,,,,,,,,,,,,,60,True,0.6,1.2,1.5,2,1.5,409,409,0,299,110,5,/rog_map/commit_version,0.12,0.1,0.25,0,True,/rog_map/cloud_process_ack,/sector/full_refresh_request,293,293,32,68,68,False,0,1,68,0,0,0,68,False,99,99,0,293,0,293,1787906749571556127,293,1,0.326666,0.658252,0.051795,0.116452,0.183888,1.116241,6000,2014223,911298,73.105,13836618,8609330,62.221,False,0,True,87.286,89.275,False,0.6,1.4,1.5,0.2,3,2.89672,0,0,0,,,,,,,,,0,0,,True,True,True,0.6,1.4,3,15,True,24,23,11,10,19.315,415,242,9,1787906674.18,1787906672.25,/planning/trajectory_guard_recovery_active,2.5,0,0,True,True,62,31,8,7,31,False,1,31,31,0,0,0,0.051308,0.092752,False,0,84.352,144,201,114,143,35.208,49.144,1787906672.25,,,,,,,,,,,,,,,,,,,,,,,29287.918088737202,293,3.7699433865156973,110413.79310344828,736022.04778157,215654460.0,2.646218730319853,22.198091610910964,24.054607508532424,32.82583443686007,19.941112320819112,12.882808839590442,2.9947390921501706,62.221,80.46471816597501,3.0274657915762475,,1,0,True,,0,3204.296875,3180.12890625,0.0,4091.19921875,2047.95703125,8585.25390625,702.7890625,0.0,0.0,../../tmp/counterbalanced_map_worker_3mode_seed1_10_n10_artifacts_20260828/seed8_run5_adaptive.attempt1.memory.csv,True,True,../../tmp/counterbalanced_map_worker_3mode_seed1_10_n10_artifacts_20260828/seed8_run5_adaptive.attempt1.performance.csv,0,293,,
seed8,5,full,224,2,,strict-burst,direct,True,True,,,,,,,,,,,,,0,0,0,0,0,3,3,0,0,0,0,0,0,0,0,0,0,40,47,0,0,0,28,11,0,37,39,38.24690389633179,0.9806898434956869,2.1203668117523193,,,,,,,,,,,,,,,,,,,,,,,,,,,,,,,79.23,5,5,0,0.377,True,838860,0,0.447,0.247,,,,,,,0,static_pcd,0,0,0,,,,,,,,,,,,,,,../../tmp/counterbalanced_map_worker_3mode_seed1_10_n10_artifacts_20260828/seed8_run5_full.json,7922,7099,0.981,-1.088,1.757,-27.303,24.273,-25.503,24.523,226.858,7.0,7.001595,7.001596,7.000227,7.0,0.01,True,0,0,0,,,,,,1.465,,,,,,,0,,,,,,,,,,,,,,,,,,,,,,,,,,,,,,,,,,,,,,,,,,,,,,,,,,,,,,,,,,,,,,,,,,,,,,,,,,,,,,,,,,,,,,,,,,,,,,,,,,,,,,,,,,,,,,,,,,,,,,,,,,,,,,,,,,,,,,,,,,,,,,,,,,,,,,,,,,,,,,,,,,,,,,,,,,,,,,,,,,,,,,,,,,,,,,,,,,,,,,,,,,,,,,,,,,,,,,,,,,,,,,,,,,,33573.615615615614,333,4.202953426732298,141108.34279944465,1074355.8738738738,357760506.0,4.306285573604747,36.123741613025366,32.0,40.24902252252252,24.253790390390392,15.993157237237238,2.768179888888889,,73.35331090928433,,26.145460955824728,1,0,True,,0,3205.09765625,3182.181640625,0.0,4162.91796875,2047.953125,8511.9140625,702.7890625,0.0,0.0,../../tmp/counterbalanced_map_worker_3mode_seed1_10_n10_artifacts_20260828/seed8_run5_full.attempt1.memory.csv,True,True,../../tmp/counterbalanced_map_worker_3mode_seed1_10_n10_artifacts_20260828/seed8_run5_full.attempt1.performance.csv,2,335,,
seed8,5,sector,225,3,,strict-burst,cpp,True,True,,,,,,,,,,,,,0,0,0,0,0,4,4,0,0,0,0,0,0,0,0,0,0,20,45,0,0,0,10,9,0,15,20,24.212162494659424,1.2106081247329712,7.749058723449707,,,,,,,,,,,,,,,,,,,,,,,,,,,,,,,70.53,5,5,0,0.394,True,838860,0,0.429,0.229,,,,,,,0,static_pcd,0,0,0,,,,,,,,,,,,,,,../../tmp/counterbalanced_map_worker_3mode_seed1_10_n10_artifacts_20260828/seed8_run5_sector.json,7052,6330,0.955,-1.131,1.511,-27.241,24.039,-26.687,26.996,231.055,7.0,7.001603,7.001602,6.99956,7.0,0.01,True,0,0,0,,,,,,0.0,,,,,,,0,,,,,,,,,,,,,,,,,,,,,,,,,,,,,,,,,,,,,,,,,,,,,,,,,,,,,,,,,,,,,,,,,,,,,,,,,,60,True,0.6,1.2,1.5,2,0.2,327,327,0,327,0,0,/rog_map/commit_version,0.12,0.1,0,0,False,/rog_map/cloud_process_ack,/sector/full_refresh_request,0,0,0,0,0,False,0,0,0,0,0,0,0,False,0,0,0,0,0,0,0,0,0,0,0,0,0,0,0,6000,0,0,100,11433005,5952005,52.06,False,0,False,0,0,False,0,0,1.5,0,1.5,1.5,0,0,0,,,,,,,,,0,0,,False,False,False,0,0,5,15,False,0,0,0,0,0,0,0,0,,,/planning/trajectory_guard_recovery_active,2.5,0,0,False,False,0,0,0,0,0,False,0,0,0,0,0,0,0,0,False,0,0,0,0,0,0,0,0,,,,,,,,,,,,,,,,,,,,,,,,18369.59442724458,323,4.579611512831419,84125.60612505316,367391.88854489167,118667580.0,1.6045685982714304,13.460096980008506,20.0,15.294590309597524,9.728162167182662,5.564739535603715,1.6332523281733746,52.06,82.7141060341714,2.7993418467658797,28.43392909953118,1,0,True,,0,3191.02734375,3166.7490234375,0.0,4092.82421875,2047.94140625,8589.48828125,702.7890625,0.0,0.0,../../tmp/counterbalanced_map_worker_3mode_seed1_10_n10_artifacts_20260828/seed8_run5_sector.attempt1.memory.csv,True,True,../../tmp/counterbalanced_map_worker_3mode_seed1_10_n10_artifacts_20260828/seed8_run5_sector.attempt1.performance.csv,0,323,,
seed8,6,full,226,1,,strict-burst,direct,True,True,,,,,,,,,,,,,0,0,0,0,0,6,9,0,0,0,0,0,0,0,0,0,0,36,41,0,0,0,27,9,0,36,36,39.0325767993927,1.084238244427575,3.5969228744506836,,,,,,,,,,,,,,,,,,,,,,,,,,,,,,,81.38,5,5,0,0.333,True,838860,0,0.366,0.166,,,,,,,0,static_pcd,0,0,0,,,,,,,,,,,,,,,../../tmp/counterbalanced_map_worker_3mode_seed1_10_n10_artifacts_20260828/seed8_run6_full.json,8137,7253,1.38,-0.545,1.125,-26.406,24.438,-24.833,24.373,228.808,7.0,7.001868,7.001868,7.000233,7.0,0.01,True,0,0,0,,,,,,1.053,,,,,,,0,,,,,,,,,,,,,,,,,,,,,,,,,,,,,,,,,,,,,,,,,,,,,,,,,,,,,,,,,,,,,,,,,,,,,,,,,,,,,,,,,,,,,,,,,,,,,,,,,,,,,,,,,,,,,,,,,,,,,,,,,,,,,,,,,,,,,,,,,,,,,,,,,,,,,,,,,,,,,,,,,,,,,,,,,,,,,,,,,,,,,,,,,,,,,,,,,,,,,,,,,,,,,,,,,,,,,,,,,,,,,,,,,,,34339.15425531915,376,4.62029982796756,158657.18849840257,1098853.164893617,413168790.0,4.841834152907932,40.616248709756704,32.0,38.974613563829784,24.947623670212767,14.02509284574468,2.6387834122340426,,75.86878908984926,,25.58367818766868,1,0,True,,0,3209.94921875,3187.197265625,0.0,4158.875,2047.94140625,8482.875,702.7890625,0.0,0.0,../../tmp/counterbalanced_map_worker_3mode_seed1_10_n10_artifacts_20260828/seed8_run6_full.attempt1.memory.csv,True,True,../../tmp/counterbalanced_map_worker_3mode_seed1_10_n10_artifacts_20260828/seed8_run6_full.attempt1.performance.csv,1,377,,
seed8,6,sector,227,2,,strict-burst,cpp,True,True,,,,,,,,,,,,,0,0,0,0,0,2,3,0,0,0,0,0,0,0,0,0,0,11,27,0,0,0,4,6,0,7,11,11.54166030883789,1.04924184625799,2.6080029010772705,,,,,,,,,,,,,,,,,,,,,,,,,,,,,,,64.48,5,5,0,0.324,True,838860,0,0.401,0.201,,,,,,,0,static_pcd,0,0,0,,,,,,,,,,,,,,,../../tmp/counterbalanced_map_worker_3mode_seed1_10_n10_artifacts_20260828/seed8_run6_sector.json,6448,5797,0.959,-1.117,1.401,-26.685,24.025,-24.526,27.532,224.765,7.0,7.002223,7.002223,6.999948,7.0,0.01,True,0,0,0,,,,,,1.472,,,,,,,0,,,,,,,,,,,,,,,,,,,,,,,,,,,,,,,,,,,,,,,,,,,,,,,,,,,,,,,,,,,,,,,,,,,,,,,,,,60,True,0.6,1.2,1.5,2,0.2,443,443,0,443,0,0,/rog_map/commit_version,0.12,0.1,0,0,False,/rog_map/cloud_process_ack,/sector/full_refresh_request,0,0,0,0,0,False,0,0,0,0,0,0,0,False,0,0,0,0,0,0,0,0,0,0,0,0,0,0,0,6000,0,0,100,15269539,7660138,50.166,False,0,False,0,0,False,0,0,1.5,0,1.5,1.5,0,0,0,,,,,,,,,0,0,,False,False,False,0,0,5,15,False,0,0,0,0,0,0,0,0,,,/planning/trajectory_guard_recovery_active,2.5,0,0,False,False,0,0,0,0,0,False,0,0,0,0,0,0,0,0,False,0,0,0,0,0,0,0,0,,,,,,,,,,,,,,,,,,,,,,,,17643.28770301624,431,6.68424317617866,117932.02543424317,352865.7540603248,152085140.0,2.249374874768127,18.869124069478907,20.0,14.96959686774942,9.851829976798143,5.116069661252901,1.3748187749419953,50.166,95.03550559610807,3.074117065979026,27.123547694326863,1,0,True,,0,3186.24609375,3162.0390625,0.0,4082.87890625,2047.94140625,8591.9453125,702.7890625,0.0,0.0,../../tmp/counterbalanced_map_worker_3mode_seed1_10_n10_artifacts_20260828/seed8_run6_sector.attempt1.memory.csv,True,True,../../tmp/counterbalanced_map_worker_3mode_seed1_10_n10_artifacts_20260828/seed8_run6_sector.attempt1.performance.csv,2,433,,
seed8,6,adaptive,228,3,,strict-burst,cpp,True,True,,,,,,,,,,,,,0,32,32,32,0,6,11,0,0,0,0,0,0,0,0,0,0,32,32,0,1,0,23,7,0,29,32,41.09852337837219,1.284328855574131,4.972599744796753,,,,,,,,,,,,,,,,,,,,,,,,,,,,,,,86.52,5,5,0,0.421,True,838860,0,0.425,0.225,,,,,,,0,static_pcd,0,0,0,,,,,,,,,,,,,,,../../tmp/counterbalanced_map_worker_3mode_seed1_10_n10_artifacts_20260828/seed8_run6_adaptive.json,8651,7929,0.953,-1.133,1.613,-27.115,24.025,-28.682,24.864,233.313,7.0,7.00246,7.00246,6.999811,7.0,0.01,True,0,0,0,,,,,,1.481,1787907141.875086,-26.061,-4.928,1787907140.789534,-26.017,-1.429,0,,,,,,,,,,,,,,,,,,,,,,,,,,,,,,,,,,,,,,,,,,,,,,,,,,,,,,,,,,,,,,,,,,,,,,,,,,60,True,0.6,1.2,1.5,2,1.5,416,416,0,317,99,5,/rog_map/commit_version,0.12,0.1,0.25,0,True,/rog_map/cloud_process_ack,/sector/full_refresh_request,312,312,39,85,85,False,0,1,85,0,0,0,85,False,117,117,0,312,0,312,1787907183587218639,312,0,0.378292,1.256214,0.047884,0.100106,0.201629,1.256214,6000,1728107,821126,76.202,13347314,8594872,64.394,False,0,True,86.779,88.772,False,0.6,1.4,1.5,0.2,3,2.897263,0,0,0,,,,,,,,,0,0,,True,True,False,0.6,1.4,3,15,False,26,26,7,6,17.308,411,243,12,1787907100.34,1787907096.32,/planning/trajectory_guard_recovery_active,2.5,0,0,False,True,65,32,4,3,32,False,1,32,32,0,0,0,0.053189,0.083563,False,0,83.173,190,156,155,115,45.673,37.5,1787907096.32,,,,,,,,,,,,,,,,,,,,,,,27620.229032258063,310,3.5829865926953306,98962.91030975498,707170.7096774194,219222920.0,2.4164039340219836,20.270265372168282,24.529032258064515,30.489273032258065,18.740066612903224,11.747403848387096,2.6807132032258063,64.394,67.65677987125233,3.0014182451822338,26.320853228613505,1,0,True,,0,3219.62109375,3195.4814453125,0.0,4119.03125,2047.91796875,8579.79296875,702.7890625,0.0,0.0,../../tmp/counterbalanced_map_worker_3mode_seed1_10_n10_artifacts_20260828/seed8_run6_adaptive.attempt1.memory.csv,True,True,../../tmp/counterbalanced_map_worker_3mode_seed1_10_n10_artifacts_20260828/seed8_run6_adaptive.attempt1.performance.csv,2,312,,
seed8,7,sector,229,1,,strict-burst,cpp,True,True,,,,,,,,,,,,,0,0,0,0,0,6,10,0,0,0,0,0,0,0,0,0,0,34,79,0,3,0,14,19,0,27,34,29.96140146255493,0.881217690075145,2.6809141635894775,,,,,,,,,,,,,,,,,,,,,,,,,,,,,,,80.32,5,5,0,0.383,True,838860,0,0.428,0.228,,,,,,,0,static_pcd,0,0,0,,,,,,,,,,,,,,,../../tmp/counterbalanced_map_worker_3mode_seed1_10_n10_artifacts_20260828/seed8_run7_sector.json,8031,7060,1.054,-1.008,1.858,-27.266,24.306,-24.516,26.48,229.689,6.999,7.001008,7.001008,6.998742,7.0,0.01,True,0,0,0,,,,,,1.459,,,,,,,0,,,,,,,,,,,,,,,,,,,,,,,,,,,,,,,,,,,,,,,,,,,,,,,,,,,,,,,,,,,,,,,,,,,,,,,,,,60,True,0.6,1.2,1.5,2,0.2,411,411,0,411,0,0,/rog_map/commit_version,0.12,0.1,0,0,False,/rog_map/cloud_process_ack,/sector/full_refresh_request,0,0,0,0,0,False,0,0,0,0,0,0,0,False,0,0,0,0,0,0,0,0,0,0,0,0,0,0,0,6000,0,0,100,14488322,7664583,52.902,False,0,False,0,0,False,0,0,1.5,0,1.5,1.5,0,0,0,,,,,,,,,0,0,,False,False,False,0,0,5,15,False,0,0,0,0,0,0,0,0,,,/planning/trajectory_guard_recovery_active,2.5,0,0,False,False,0,0,0,0,0,False,0,0,0,0,0,0,0,0,False,0,0,0,0,0,0,0,0,,,,,,,,,,,,,,,,,,,,,,,,19068.15037593985,399,4.967629482071714,94723.50597609562,381363.007518797,152163840.0,1.8067074961871266,15.1557609561753,20.0,14.36207902255639,9.428078596491227,4.932295037593985,1.285495468671679,52.902,75.33919807482893,2.9456568331959097,25.099306809420064,1,0,True,,0,3196.35546875,3172.283203125,0.0,4069.01953125,2047.9140625,8609.76953125,702.7890625,0.0,0.0,../../tmp/counterbalanced_map_worker_3mode_seed1_10_n10_artifacts_20260828/seed8_run7_sector.attempt1.memory.csv,True,True,../../tmp/counterbalanced_map_worker_3mode_seed1_10_n10_artifacts_20260828/seed8_run7_sector.attempt1.performance.csv,2,401,,
seed8,7,adaptive,230,2,,strict-burst,cpp,True,True,,,,,,,,,,,,,0,33,33,33,0,8,13,0,0,0,0,0,0,0,0,0,0,33,32,0,0,0,24,7,0,29,33,37.0987434387207,1.1242043466279001,3.6057164669036865,,,,,,,,,,,,,,,,,,,,,,,,,,,,,,,83.41,5,5,0,0.438,True,838860,0,0.477,0.277,,,,,,,0,static_pcd,0,0,0,,,,,,,,,,,,,,,../../tmp/counterbalanced_map_worker_3mode_seed1_10_n10_artifacts_20260828/seed8_run7_adaptive.json,8341,7446,0.981,-1.073,2.136,-27.15,24.438,-24.657,27.129,236.472,6.998,7.001984,7.001984,6.997875,7.0,0.01,True,0,0,0,,,,,,0.0,1787907285.10934,3.1,4.032,1787907285.720127,3.502,5.359,0,,,,,,,,,,,,,,,,,,,,,,,,,,,,,,,,,,,,,,,,,,,,,,,,,,,,,,,,,,,,,,,,,,,,,,,,,,60,True,0.6,1.2,1.5,2,1.5,429,429,0,328,101,5,/rog_map/commit_version,0.12,0.1,0.25,0,True,/rog_map/cloud_process_ack,/sector/full_refresh_request,322,322,29,72,72,False,0,1,72,0,0,0,72,False,105,105,0,322,0,322,1787907368411940176,322,1,0.359038,0.96442,0.051403,0.118917,0.183225,0.96442,6000,2132664,993714,76.457,14018337,8843372,63.084,False,0,True,86.713,89.512,False,0.6,1.4,1.5,0.2,3,2.89717,0,0,0,,,,,,,,,0,0,,True,True,False,0.6,1.4,3,15,False,27,27,6,5,17.483,394,238,8,1787907285.11,1787907285.11,/planning/trajectory_guard_recovery_active,2.5,0,0,False,True,67,33,5,4,33,False,1,33,33,0,0,0,0.054352,0.073573,False,0,85.082,201,164,159,124,46.853,38.228,1787907287.34,,,,,,,,,,,,,,,,,,,,,,,27376.965838509317,322,3.8604483874835154,105687.36362546458,675908.8819875777,217642660.0,2.488433221392374,20.87449082843784,23.91304347826087,33.88868869565218,20.003993260869567,13.882748198757763,2.7981425776397515,63.084,72.88074071261394,3.183900500351019,,1,0,True,,0,3207.9765625,3183.703125,0.0,4114.01171875,2047.91015625,8573.41796875,702.7890625,0.0,0.0,../../tmp/counterbalanced_map_worker_3mode_seed1_10_n10_artifacts_20260828/seed8_run7_adaptive.attempt1.memory.csv,True,True,../../tmp/counterbalanced_map_worker_3mode_seed1_10_n10_artifacts_20260828/seed8_run7_adaptive.attempt1.performance.csv,0,322,,
seed8,7,full,231,3,,strict-burst,direct,True,True,,,,,,,,,,,,,0,0,0,0,0,4,3,0,0,0,0,0,0,0,0,0,0,21,35,0,1,0,12,8,0,17,20,17.00905442237854,0.850452721118927,1.2169604301452637,,,,,,,,,,,,,,,,,,,,,,,,,,,,,,,66.21,5,5,0,0.452,True,838860,0,0.484,0.284,,,,,,,0,static_pcd,0,0,0,,,,,,,,,,,,,,,../../tmp/counterbalanced_map_worker_3mode_seed1_10_n10_artifacts_20260828/seed8_run7_full.json,6620,5810,1.385,-0.504,1.733,-26.624,24.541,-25.549,24.275,227.198,7.0,7.004248,7.004248,6.999974,7.0,0.01,True,0,0,0,,,,,,1.474,,,,,,,0,,,,,,,,,,,,,,,,,,,,,,,,,,,,,,,,,,,,,,,,,,,,,,,,,,,,,,,,,,,,,,,,,,,,,,,,,,,,,,,,,,,,,,,,,,,,,,,,,,,,,,,,,,,,,,,,,,,,,,,,,,,,,,,,,,,,,,,,,,,,,,,,,,,,,,,,,,,,,,,,,,,,,,,,,,,,,,,,,,,,,,,,,,,,,,,,,,,,,,,,,,,,,,,,,,,,,,,,,,,,,,,,,,,34716.84986595174,373,5.633590092131098,195580.5014348286,1110939.2922252011,414380356.0,5.968643750800159,50.068612717112224,32.0,41.862594101876674,26.993914745308313,14.866676782841823,2.918016160857909,,101.19565178120394,,27.366746277716736,1,0,True,,0,3211.921875,3188.8466796875,0.0,4122.40625,2047.8984375,8552.5078125,702.7890625,0.0,0.0,../../tmp/counterbalanced_map_worker_3mode_seed1_10_n10_artifacts_20260828/seed8_run7_full.attempt1.memory.csv,True,True,../../tmp/counterbalanced_map_worker_3mode_seed1_10_n10_artifacts_20260828/seed8_run7_full.attempt1.performance.csv,2,375,,
seed8,8,adaptive,232,1,,strict-burst,cpp,True,True,,,,,,,,,,,,,0,46,46,46,0,4,6,0,0,0,0,0,0,0,0,0,0,46,97,0,0,0,24,21,0,35,46,38.899848222732544,0.8456488744072292,1.7696254253387451,,,,,,,,,,,,,,,,,,,,,,,,,,,,,,,83.79,5,5,0,0.405,True,838860,0,0.487,0.287,,,,,,,0,static_pcd,0,0,0,,,,,,,,,,,,,,,../../tmp/counterbalanced_map_worker_3mode_seed1_10_n10_artifacts_20260828/seed8_run8_adaptive.json,8379,7580,1.344,-0.648,1.634,-27.373,24.312,-25.607,24.578,228.327,7.0,7.002417,7.002417,6.999897,7.0,0.01,True,0,0,0,,,,,,0.0,1787907514.799408,-7.231,-23.497,1787907514.215112,-8.603,-23.742,0,,,,,,,,,,,,,,,,,,,,,,,,,,,,,,,,,,,,,,,,,,,,,,,,,,,,,,,,,,,,,,,,,,,,,,,,,,60,True,0.6,1.2,1.5,2,1.5,366,366,0,293,73,5,/rog_map/commit_version,0.12,0.1,0.25,0,True,/rog_map/cloud_process_ack,/sector/full_refresh_request,285,285,23,77,77,False,0,1,77,0,0,0,77,False,123,123,0,285,0,285,1787907539510623607,285,0,0.385962,0.949768,0.049067,0.107048,0.221619,1.066941,6000,1654679,786000,80.055,12161104,8458069,69.55,False,0,True,92.35,94.091,False,0.6,1.4,1.5,0.2,3,2.898019,0,0,0,,,,,,,,,0,0,,True,True,False,0.6,1.4,3,15,False,26,26,4,3,18.033,372,214,11,1787907457.13,1787907455.27,/planning/trajectory_guard_recovery_active,2.5,0,0,False,True,93,46,3,2,46,False,1,46,46,0,0,0,0.050926,0.086594,False,0,90.71,177,155,144,125,48.361,42.35,1787907455.27,,,,,,,,,,,,,,,,,,,,,,,29634.26056338028,284,3.389425945816923,100443.13163862035,766956.3028169014,217815590.0,2.4791160507921473,20.796332736603414,25.197183098591548,33.348309894366196,20.353933767605632,12.99252795774648,2.9963330352112676,69.55,67.99205503065402,3.0280285310000288,,1,0,True,,0,3206.48828125,3182.2763671875,0.0,4093.265625,2047.8984375,8579.2421875,702.7890625,0.0,0.0,../../tmp/counterbalanced_map_worker_3mode_seed1_10_n10_artifacts_20260828/seed8_run8_adaptive.attempt1.memory.csv,True,True,../../tmp/counterbalanced_map_worker_3mode_seed1_10_n10_artifacts_20260828/seed8_run8_adaptive.attempt1.performance.csv,1,285,,
seed8,8,full,233,2,,strict-burst,direct,True,True,,,,,,,,,,,,,0,0,0,0,0,7,6,0,0,0,0,0,0,0,0,0,0,16,26,0,7,0,9,5,0,11,16,17.713314294815063,1.1070821434259415,4.6347479820251465,,,,,,,,,,,,,,,,,,,,,,,,,,,,,,,69.27,5,5,0,0.424,True,838860,0,0.534,0.334,,,,,,,0,static_pcd,0,0,0,,,,,,,,,,,,,,,../../tmp/counterbalanced_map_worker_3mode_seed1_10_n10_artifacts_20260828/seed8_run8_full.json,6926,6220,0.934,-1.106,1.596,-27.136,24.115,-25.504,24.246,226.588,7.0,7.001255,7.001255,7.000034,7.0,0.01,True,0,0,0,,,,,,1.448,,,,,,,0,,,,,,,,,,,,,,,,,,,,,,,,,,,,,,,,,,,,,,,,,,,,,,,,,,,,,,,,,,,,,,,,,,,,,,,,,,,,,,,,,,,,,,,,,,,,,,,,,,,,,,,,,,,,,,,,,,,,,,,,,,,,,,,,,,,,,,,,,,,,,,,,,,,,,,,,,,,,,,,,,,,,,,,,,,,,,,,,,,,,,,,,,,,,,,,,,,,,,,,,,,,,,,,,,,,,,,,,,,,,,,,,,,,34057.026829268296,410,5.91886819691064,201579.05298108852,1089824.6390243901,446828102.0,6.151703258639413,51.60422716904865,32.0,42.04000097560975,27.087566585365852,14.950540731707317,2.7593302609756094,,107.61670047326156,,28.610828347023556,1,0,True,,0,3210.33984375,3187.357421875,0.0,4072.9765625,2047.88671875,8555.3671875,702.78515625,0.0,0.0,../../tmp/counterbalanced_map_worker_3mode_seed1_10_n10_artifacts_20260828/seed8_run8_full.attempt1.memory.csv,True,True,../../tmp/counterbalanced_map_worker_3mode_seed1_10_n10_artifacts_20260828/seed8_run8_full.attempt1.performance.csv,4,414,,
seed8,8,sector,234,3,,strict-burst,cpp,True,True,,,,,,,,,,,,,0,0,0,0,0,8,12,0,0,0,0,0,0,0,0,0,0,23,48,0,0,0,12,10,0,18,23,26.851625442504883,1.1674619757610818,5.902301073074341,,,,,,,,,,,,,,,,,,,,,,,,,,,,,,,75.51,5,5,1,0.002,True,838860,1,0.05,-0.15,,,,,,,2,static_pcd,1,1,0,live_cloud,10.8275,0.18197,19.501930236816406,23.588899612426758,1.6805399656295776,3.89359,19.353059768676758,23.484710693359375,1.6707600355148315,0.22746,0.02746,False,0.06474,../../tmp/counterbalanced_map_worker_3mode_seed1_10_n10_artifacts_20260828/seed8_run8_sector.json,7551,6765,0.797,-1.125,1.841,-26.941,24.025,-24.62,24.873,230.019,6.999,7.002039,7.002039,6.999441,7.0,0.01,True,0,0,0,,,,,,0.0,,,,,,,0,,,,,,,,,,,,,,,,,,,,,,,,,,,,,,,,,,,,,,,,,,,,,,,,,,,,,,,,,,,,,,,,,,,,,,,,,,60,True,0.6,1.2,1.5,2,0.2,411,411,0,411,0,0,/rog_map/commit_version,0.12,0.1,0,0,False,/rog_map/cloud_process_ack,/sector/full_refresh_request,0,0,0,0,0,False,0,0,0,0,0,0,0,False,0,0,0,0,0,0,0,0,0,0,0,0,0,0,0,6000,0,0,100,14316162,7462407,52.126,False,0,False,0,0,False,0,0,1.5,0,1.5,1.5,0,0,0,,,,,,,,,0,0,,False,False,False,0,0,5,15,False,0,0,0,0,0,0,0,0,,,/planning/trajectory_guard_recovery_active,2.5,0,0,False,False,0,0,0,0,0,False,0,0,0,0,0,0,0,0,False,0,0,0,0,0,0,0,0,,,,,,,,,,,,,,,,,,,,,,,,18424.650124069478,403,5.337041451463382,98333.12144086875,368493.00248138956,148502680.0,1.8755554474042655,15.733299430539,20.0,14.639387394540943,9.698630272952853,4.938994516129032,1.341945523573201,52.126,77.67069600436342,2.924648419871648,26.523596757039186,1,0,True,,0,3196.37109375,3172.1416015625,0.0,4181.80078125,2047.8828125,8513.16015625,702.78515625,0.0,0.0,../../tmp/counterbalanced_map_worker_3mode_seed1_10_n10_artifacts_20260828/seed8_run8_sector.attempt1.memory.csv,True,True,../../tmp/counterbalanced_map_worker_3mode_seed1_10_n10_artifacts_20260828/seed8_run8_sector.attempt1.performance.csv,0,403,,
seed8,9,full,235,1,,strict-burst,direct,True,True,,,,,,,,,,,,,0,0,0,0,0,3,3,0,0,0,0,0,0,0,0,0,0,25,26,0,1,0,16,6,0,20,25,25.084697246551514,1.0033878898620605,1.4849650859832764,,,,,,,,,,,,,,,,,,,,,,,,,,,,,,,73.46,5,5,0,0.415,True,838860,0,0.466,0.266,,,,,,,0,static_pcd,0,0,0,,,,,,,,,,,,,,,../../tmp/counterbalanced_map_worker_3mode_seed1_10_n10_artifacts_20260828/seed8_run9_full.json,7346,6420,1.407,-0.131,1.455,-27.232,24.025,-25.861,24.538,225.292,7.0,7.000825,7.000825,6.999775,7.0,0.01,True,0,0,0,,,,,,1.413,,,,,,,0,,,,,,,,,,,,,,,,,,,,,,,,,,,,,,,,,,,,,,,,,,,,,,,,,,,,,,,,,,,,,,,,,,,,,,,,,,,,,,,,,,,,,,,,,,,,,,,,,,,,,,,,,,,,,,,,,,,,,,,,,,,,,,,,,,,,,,,,,,,,,,,,,,,,,,,,,,,,,,,,,,,,,,,,,,,,,,,,,,,,,,,,,,,,,,,,,,,,,,,,,,,,,,,,,,,,,,,,,,,,,,,,,,,34444.475452196384,387,5.268173155458753,181459.46093111899,1102223.250645995,426560398.0,5.537703457236972,46.453623523005724,32.0,40.02435865633075,26.07205219638243,13.95026480620155,2.6553959431524548,,91.73685031978066,,23.774995009477404,1,0,True,,0,3213.6171875,3190.4453125,0.0,4195.98046875,2047.87890625,8496.546875,702.78515625,0.0,0.0,../../tmp/counterbalanced_map_worker_3mode_seed1_10_n10_artifacts_20260828/seed8_run9_full.attempt1.memory.csv,True,True,../../tmp/counterbalanced_map_worker_3mode_seed1_10_n10_artifacts_20260828/seed8_run9_full.attempt1.performance.csv,3,390,,
seed8,9,sector,236,2,,strict-burst,cpp,True,True,,,,,,,,,,,,,0,0,0,0,0,7,11,0,0,0,0,0,0,0,0,0,0,19,45,0,1,0,8,9,0,10,19,30.867672204971313,1.6246143265774375,12.876078128814697,,,,,,,,,,,,,,,,,,,,,,,,,,,,,,,73.85,5,5,0,0.235,True,838860,0,0.235,0.035,,,,,,,0,static_pcd,0,0,0,,,,,,,,,,,,,,,../../tmp/counterbalanced_map_worker_3mode_seed1_10_n10_artifacts_20260828/seed8_run9_sector.json,7384,6642,1.381,-0.556,1.252,-27.12,24.025,-25.531,24.126,231.271,7.0,7.00076,7.00076,6.999874,7.0,0.01,True,0,0,0,,,,,,0.0,,,,,,,0,,,,,,,,,,,,,,,,,,,,,,,,,,,,,,,,,,,,,,,,,,,,,,,,,,,,,,,,,,,,,,,,,,,,,,,,,,60,True,0.6,1.2,1.5,2,0.2,420,420,0,420,0,0,/rog_map/commit_version,0.12,0.1,0,0,False,/rog_map/cloud_process_ack,/sector/full_refresh_request,0,0,0,0,0,False,0,0,0,0,0,0,0,False,0,0,0,0,0,0,0,0,0,0,0,0,0,0,0,6000,0,0,100,14009150,6898751,49.245,False,0,False,0,0,False,0,0,1.5,0,1.5,1.5,0,0,0,,,,,,,,,0,0,,False,False,False,0,0,5,15,False,0,0,0,0,0,0,0,0,,,/planning/trajectory_guard_recovery_active,2.5,0,0,False,False,0,0,0,0,0,False,0,0,0,0,0,0,0,0,False,0,0,0,0,0,0,0,0,,,,,,,,,,,,,,,,,,,,,,,,16596.144927536232,414,5.605958023019634,93037.29180771836,331922.8985507246,137416080.0,1.774545513300292,14.885966689234937,20.0,14.69986270531401,9.602814613526569,5.0953209420289856,1.3928371328502416,49.245,84.48988338753968,2.7658431468622977,,1,0,True,,0,3195.78515625,3171.544921875,0.0,4099.78515625,2047.87109375,8562.4375,702.78125,0.0,0.0,../../tmp/counterbalanced_map_worker_3mode_seed1_10_n10_artifacts_20260828/seed8_run9_sector.attempt1.memory.csv,True,True,../../tmp/counterbalanced_map_worker_3mode_seed1_10_n10_artifacts_20260828/seed8_run9_sector.attempt1.performance.csv,0,414,,
seed8,9,adaptive,237,3,,strict-burst,cpp,True,True,,,,,,,,,,,,,0,32,32,32,0,3,3,0,0,0,0,0,0,0,0,0,0,32,42,0,0,0,20,10,0,30,32,28.345999240875244,0.8858124762773514,1.4965739250183105,,,,,,,,,,,,,,,,,,,,,,,,,,,,,,,71.16,5,5,0,0.401,True,838860,0,0.479,0.279,,,,,,,0,static_pcd,0,0,0,,,,,,,,,,,,,,,../../tmp/counterbalanced_map_worker_3mode_seed1_10_n10_artifacts_20260828/seed8_run9_adaptive.json,7115,6300,1.041,-1.067,1.385,-27.202,24.145,-24.418,24.566,223.634,6.998,7.004172,7.004172,6.998493,7.0,0.01,True,0,0,0,,,,,,1.491,1787907905.563218,-4.845,22.429,1787907905.537391,-4.646,22.374,0,,,,,,,,,,,,,,,,,,,,,,,,,,,,,,,,,,,,,,,,,,,,,,,,,,,,,,,,,,,,,,,,,,,,,,,,,,60,True,0.6,1.2,1.5,2,1.5,366,366,0,282,84,5,/rog_map/commit_version,0.12,0.1,0.25,0,True,/rog_map/cloud_process_ack,/sector/full_refresh_request,276,276,26,68,67,True,1,1,67,0,0,0,67,True,100,100,0,276,0,276,1787907953834735489,276,1,0.369164,0.653454,0.053208,0.127972,0.183361,0.96417,6000,1713148,791740,77.049,12208370,7803610,63.92,False,0,True,87.432,89.545,False,0.6,1.4,1.5,0.2,3,2.899172,0,0,0,,,,,,,,,0,0,,True,True,False,0.6,1.4,3,15,False,22,22,7,6,18.033,336,206,8,1787907883.1,1787907883.1,/planning/trajectory_guard_recovery_active,2.5,0,0,False,True,65,32,4,3,32,False,1,32,32,0,0,0,0.054632,0.08967,False,0,84.426,159,150,126,109,43.443,40.984,1787907883.56,,,,,,,,,,,,,,,,,,,,,,,28267.74817518248,274,3.8504777965148964,108844.33670601463,716445.394160584,196306038.0,2.6308604074770847,22.069256661045532,24.335766423357665,33.80874098540146,20.5327450729927,13.274072810218978,3.150922113138686,63.92,77.00031627138722,3.1417396639446546,25.892452929267296,1,0,True,,0,3202.1875,3177.9404296875,0.0,4109.66796875,2047.86328125,8520.4453125,702.78125,0.0,0.0,../../tmp/counterbalanced_map_worker_3mode_seed1_10_n10_artifacts_20260828/seed8_run9_adaptive.attempt1.memory.csv,True,True,../../tmp/counterbalanced_map_worker_3mode_seed1_10_n10_artifacts_20260828/seed8_run9_adaptive.attempt1.performance.csv,2,276,,
seed8,10,sector,238,1,,strict-burst,cpp,True,True,,,,,,,,,,,,,0,0,0,0,0,5,4,0,0,0,0,0,0,0,0,0,0,22,52,0,0,0,9,11,0,13,22,18.703895330429077,0.850177060474049,1.8088653087615967,,,,,,,,,,,,,,,,,,,,,,,,,,,,,,,69.21,5,5,0,0.418,True,838860,0,0.456,0.256,,,,,,,0,static_pcd,0,0,0,,,,,,,,,,,,,,,../../tmp/counterbalanced_map_worker_3mode_seed1_10_n10_artifacts_20260828/seed8_run10_sector.json,6920,6416,1.275,-0.672,1.518,-27.546,24.025,-25.545,27.106,226.708,6.999,7.000654,7.000653,6.999406,7.0,0.01,True,0,0,0,,,,,,1.441,,,,,,,0,,,,,,,,,,,,,,,,,,,,,,,,,,,,,,,,,,,,,,,,,,,,,,,,,,,,,,,,,,,,,,,,,,,,,,,,,,60,True,0.6,1.2,1.5,2,0.2,423,423,0,423,0,0,/rog_map/commit_version,0.12,0.1,0,0,False,/rog_map/cloud_process_ack,/sector/full_refresh_request,0,0,0,0,0,False,0,0,0,0,0,0,0,False,0,0,0,0,0,0,0,0,0,0,0,0,0,0,0,6000,0,0,100,15208344,8137811,53.509,False,0,False,0,0,False,0,0,1.5,0,1.5,1.5,0,0,0,,,,,,,,,0,0,,False,False,False,0,0,5,15,False,0,0,0,0,0,0,0,0,,,/planning/trajectory_guard_recovery_active,2.5,0,0,False,False,0,0,0,0,0,False,0,0,0,0,0,0,0,0,False,0,0,0,0,0,0,0,0,,,,,,,,,,,,,,,,,,,,,,,,19555.268115942028,414,5.981794538361509,116975.59601213699,391105.3623188406,161917620.0,2.231132431261768,18.716095361941917,20.0,14.574566666666668,9.617858985507247,4.95505618357488,1.34420277294686,53.509,83.75347075947133,3.0783488267798886,24.605180651553763,1,0,True,,0,3189.79296875,3165.6806640625,0.0,4188.23828125,2047.84765625,8458.453125,702.78125,0.0,0.0,../../tmp/counterbalanced_map_worker_3mode_seed1_10_n10_artifacts_20260828/seed8_run10_sector.attempt1.memory.csv,True,True,../../tmp/counterbalanced_map_worker_3mode_seed1_10_n10_artifacts_20260828/seed8_run10_sector.attempt1.performance.csv,2,416,,
seed8,10,adaptive,239,2,,strict-burst,cpp,True,True,,,,,,,,,,,,,0,44,44,44,0,6,7,0,0,0,0,0,0,0,0,0,0,44,96,0,5,0,24,18,0,39,44,44.744327783584595,1.0169165405360134,3.3369669914245605,,,,,,,,,,,,,,,,,,,,,,,,,,,,,,,92.43,5,5,0,0.417,True,838860,0,0.519,0.319,,,,,,,0,static_pcd,0,0,0,,,,,,,,,,,,,,,../../tmp/counterbalanced_map_worker_3mode_seed1_10_n10_artifacts_20260828/seed8_run10_adaptive.json,9243,8410,1.344,-0.597,1.243,-27.023,24.025,-25.375,24.049,233.1,7.0,7.001023,7.001023,7.000365,7.0,0.01,True,0,0,0,,,,,,0.0,1787908044.288093,2.643,3.057,1787908051.470806,19.242,18.383,0,,,,,,,,,,,,,,,,,,,,,,,,,,,,,,,,,,,,,,,,,,,,,,,,,,,,,,,,,,,,,,,,,,,,,,,,,,60,True,0.6,1.2,1.5,2,1.5,386,386,0,294,92,5,/rog_map/commit_version,0.12,0.1,0.25,0,True,/rog_map/cloud_process_ack,/sector/full_refresh_request,287,287,23,85,85,False,0,1,85,0,0,0,85,False,129,129,0,287,0,287,1787908136563271704,287,0,0.408785,3.056633,0.048355,0.115376,0.233082,3.056633,6000,1467977,708000,76.166,12250027,8006314,65.358,False,0,True,87.824,90.717,False,0.6,1.4,1.5,0.2,3,2.898961,0,0,0,,,,,,,,,0,0,,True,True,False,0.6,1.4,3,15,False,27,27,6,5,15.544,418,217,7,1787908044.29,1787908044.29,/planning/trajectory_guard_recovery_active,2.5,0,0,False,True,89,44,4,3,44,False,1,44,44,0,0,0,0.048266,0.077072,False,0,84.715,168,159,143,111,43.523,41.192,1787908044.85,,,,,,,,,,,,,,,,,,,,,,,27783.01393728223,287,3.1050524721410797,86267.71610948826,738817.4355400697,212040604.0,2.1877926871153126,18.352535237477007,25.393728222996515,33.20436696864112,20.117429024390244,13.084981602787456,2.993104470383275,65.358,64.16228000591647,3.0152123788355025,26.6236607939414,1,0,True,,0,3202.80859375,3178.5751953125,0.0,4095.3828125,2047.84375,8574.97265625,702.78125,0.0,0.0,../../tmp/counterbalanced_map_worker_3mode_seed1_10_n10_artifacts_20260828/seed8_run10_adaptive.attempt1.memory.csv,True,True,../../tmp/counterbalanced_map_worker_3mode_seed1_10_n10_artifacts_20260828/seed8_run10_adaptive.attempt1.performance.csv,0,287,,
seed8,10,full,240,3,,strict-burst,direct,True,True,,,,,,,,,,,,,0,0,0,0,0,5,14,0,0,0,0,0,0,0,0,0,0,35,55,0,0,0,20,12,0,30,35,38.06573510169983,1.087592431477138,3.5644845962524414,,,,,,,,,,,,,,,,,,,,,,,,,,,,,,,84.63,5,5,0,0.41,True,838860,0,0.435,0.235,,,,,,,0,static_pcd,0,0,0,,,,,,,,,,,,,,,../../tmp/counterbalanced_map_worker_3mode_seed1_10_n10_artifacts_20260828/seed8_run10_full.json,8462,7320,0.811,-1.253,1.642,-26.389,24.025,-25.528,24.423,228.589,6.999,7.004363,7.004363,6.999018,7.0,0.01,True,0,0,0,,,,,,0.21,,,,,,,0,,,,,,,,,,,,,,,,,,,,,,,,,,,,,,,,,,,,,,,,,,,,,,,,,,,,,,,,,,,,,,,,,,,,,,,,,,,,,,,,,,,,,,,,,,,,,,,,,,,,,,,,,,,,,,,,,,,,,,,,,,,,,,,,,,,,,,,,,,,,,,,,,,,,,,,,,,,,,,,,,,,,,,,,,,,,,,,,,,,,,,,,,,,,,,,,,,,,,,,,,,,,,,,,,,,,,,,,,,,,,,,,,,,32875.12565445026,382,4.513765804088385,148390.61798416637,1052004.1465968587,401865584.0,4.528522818248829,37.98800274134467,32.0,39.11696282722514,24.96944502617801,14.145555445026178,2.692196664921466,,77.95529983185946,,26.812755848776774,1,0,True,,0,3216.93359375,3193.8857421875,0.0,4113.36328125,2047.8125,8512.1328125,702.78125,0.0,0.0,../../tmp/counterbalanced_map_worker_3mode_seed1_10_n10_artifacts_20260828/seed8_run10_full.attempt1.memory.csv,True,True,../../tmp/counterbalanced_map_worker_3mode_seed1_10_n10_artifacts_20260828/seed8_run10_full.attempt1.performance.csv,2,384,,
seed9,1,adaptive,241,1,,strict-burst,cpp,True,True,,,,,,,,,,,,,0,25,25,25,0,3,3,0,0,0,0,0,0,0,0,0,0,25,20,0,0,0,20,5,0,21,24,23.983133792877197,0.9992972413698832,1.5000126361846924,,,,,,,,,,,,,,,,,,,,,,,,,,,,,,,72.29,5,5,0,0.292,True,1042220,0,0.41,0.21,,,,,,,0,static_pcd,0,0,0,,,,,,,,,,,,,,,../../tmp/counterbalanced_map_worker_3mode_seed1_10_n10_artifacts_20260828/seed9_run1_adaptive.json,7228,6970,1.189,-0.899,1.403,-25.242,24.025,-25.938,24.068,229.279,6.999,7.002191,7.002191,6.999017,7.0,0.01,True,0,0,0,,,,,,0.434,1787908259.559788,2.468,23.104,1787908258.863106,6.784,23.184,0,,,,,,,,,,,,,,,,,,,,,,,,,,,,,,,,,,,,,,,,,,,,,,,,,,,,,,,,,,,,,,,,,,,,,,,,,,60,True,0.6,1.2,1.5,2,1.5,384,384,0,283,101,5,/rog_map/commit_version,0.12,0.1,0.25,0,True,/rog_map/cloud_process_ack,/sector/full_refresh_request,278,278,19,74,74,False,0,1,74,0,0,0,74,False,99,99,0,278,0,278,1787908314256187107,278,0,0.359899,0.657717,0.051451,0.090329,0.17956,0.856279,6000,1721014,735980,73.698,16489208,10479452,63.553,True,71.094,True,78.646,80.111,True,0.6,1.4,1.5,0.2,3,2.898997,1,1,0,1787908260.69,1787908260.69,1787908261.06,1787908292.61,1787908293.81,1.200117,,,20,1.200117,0,True,True,False,0.6,1.4,3,15,False,22,22,12,11,17.188,404,223,7,1787908246.39,1787908241.98,/planning/trajectory_guard_recovery_active,2.5,0,0,True,True,50,25,5,4,25,False,1,25,25,0,0,0,0.054592,0.088866,False,0,68.75,134,130,101,95,34.896,33.854,1787908241.98,,,,,,,,,,,,,,,,,,,,,,,37578.07913669065,278,3.845621801078987,144511.080370729,938450.45323741,260889226.0,3.4417395803472908,28.871404177617926,24.27338129496403,31.34445151079137,19.280684208633094,12.061952446043165,3.3320398381294964,63.553,82.24853545063203,3.2944885777138944,28.54440218361376,1,0,True,,0,3207.25390625,3183.279296875,0.0,4040.76953125,2047.80859375,8599.8984375,702.78125,0.0,0.0,../../tmp/counterbalanced_map_worker_3mode_seed1_10_n10_artifacts_20260828/seed9_run1_adaptive.attempt1.memory.csv,True,True,../../tmp/counterbalanced_map_worker_3mode_seed1_10_n10_artifacts_20260828/seed9_run1_adaptive.attempt1.performance.csv,0,278,,
seed9,1,full,242,2,,strict-burst,direct,True,True,,,,,,,,,,,,,0,0,0,0,0,15,20,0,0,0,0,0,0,0,0,0,0,22,66,0,1,0,6,13,0,12,22,30.244914054870605,1.3747688206759365,3.7563698291778564,,,,,,,,,,,,,,,,,,,,,,,,,,,,,,,83.59,5,5,0,0.383,True,1042220,0,0.48,0.28,,,,,,,0,static_pcd,0,0,0,,,,,,,,,,,,,,,../../tmp/counterbalanced_map_worker_3mode_seed1_10_n10_artifacts_20260828/seed9_run1_full.json,8358,7731,1.13,-0.925,1.119,-24.819,24.025,-26.695,24.278,242.81,7.0,7.00221,7.00221,7.000356,7.0,0.01,True,0,0,0,,,,,,1.461,,,,,,,0,,,,,,,,,,,,,,,,,,,,,,,,,,,,,,,,,,,,,,,,,,,,,,,,,,,,,,,,,,,,,,,,,,,,,,,,,,,,,,,,,,,,,,,,,,,,,,,,,,,,,,,,,,,,,,,,,,,,,,,,,,,,,,,,,,,,,,,,,,,,,,,,,,,,,,,,,,,,,,,,,,,,,,,,,,,,,,,,,,,,,,,,,,,,,,,,,,,,,,,,,,,,,,,,,,,,,,,,,,,,,,,,,,,42759.30595482546,487,5.82605574829525,249118.10025122622,1368297.5811088295,666360922.0,7.6024799230552516,63.77422390238067,32.0,36.82357002053388,24.652428747433266,12.169226303901437,2.5409868562628333,,100.49133027218367,,25.99579369789874,1,0,True,,0,3244.75,3221.6484375,0.0,4016.6484375,2047.79296875,8607.359375,702.765625,0.0,0.0,../../tmp/counterbalanced_map_worker_3mode_seed1_10_n10_artifacts_20260828/seed9_run1_full.attempt1.memory.csv,True,True,../../tmp/counterbalanced_map_worker_3mode_seed1_10_n10_artifacts_20260828/seed9_run1_full.attempt1.performance.csv,1,488,,
seed9,1,sector,243,3,,strict-burst,cpp,True,True,,,,,,,,,,,,,0,0,0,0,0,7,10,0,0,0,0,0,0,0,0,0,0,32,93,0,0,0,12,19,0,26,32,38.39617586135864,1.1998804956674576,11.05406379699707,,,,,,,,,,,,,,,,,,,,,,,,,,,,,,,79.77,5,5,1,0.076,True,1042220,1,0.12,-0.08,,,,,,,2,static_pcd,1,1,0,live_cloud,40.6043,0.19837,-22.057939529418945,-12.754229545593262,2.6146600246429443,6.76471,-22.17889976501465,-12.91117000579834,2.624030113220215,0.21655,0.01655,False,0.03605,../../tmp/counterbalanced_map_worker_3mode_seed1_10_n10_artifacts_20260828/seed9_run1_sector.json,7976,7379,1.059,-1.001,1.116,-24.024,24.083,-26.742,25.037,237.975,7.0,7.003426,7.003426,6.999789,7.0,0.01,True,0,0,0,,,,,,0.846,,,,,,,0,,,,,,,,,,,,,,,,,,,,,,,,,,,,,,,,,,,,,,,,,,,,,,,,,,,,,,,,,,,,,,,,,,,,,,,,,,60,True,0.6,1.2,1.5,2,0.2,390,390,0,390,0,0,/rog_map/commit_version,0.12,0.1,0,0,False,/rog_map/cloud_process_ack,/sector/full_refresh_request,0,0,0,0,0,False,0,0,0,0,0,0,0,False,0,0,0,0,0,0,0,0,0,0,0,0,0,0,0,6000,0,0,100,16525946,9369145,56.694,False,0,False,0,0,False,0,0,1.5,0,1.5,1.5,0,0,0,,,,,,,,,0,0,,False,False,False,0,0,5,15,False,0,0,0,0,0,0,0,0,,,/planning/trajectory_guard_recovery_active,2.5,0,0,False,False,0,0,0,0,0,False,0,0,0,0,0,0,0,0,False,0,0,0,0,0,0,0,0,,,,,,,,,,,,,,,,,,,,,,,,24250.47012987013,385,4.826375830512724,117041.88291337596,485009.4025974026,186728620.0,2.2323967535662836,18.726701266140154,20.0,13.822622987012986,9.151571792207791,4.669363636363636,1.4551098831168832,56.694,77.14219407516921,3.096541900043847,25.261540670195725,1,0,True,,0,3209.62890625,3185.57421875,0.0,4042.7421875,2047.7734375,8543.359375,702.765625,0.0,0.0,../../tmp/counterbalanced_map_worker_3mode_seed1_10_n10_artifacts_20260828/seed9_run1_sector.attempt1.memory.csv,True,True,../../tmp/counterbalanced_map_worker_3mode_seed1_10_n10_artifacts_20260828/seed9_run1_sector.attempt1.performance.csv,0,385,,
seed9,2,full,244,1,,strict-burst,direct,True,True,,,,,,,,,,,,,0,0,0,0,0,7,8,0,0,0,0,0,0,0,0,0,0,24,62,0,0,0,8,13,0,17,24,30.611522436141968,1.2754801015059154,9.492492437362671,,,,,,,,,,,,,,,,,,,,,,,,,,,,,,,77.59,5,5,0,0.399,True,1042220,0,0.468,0.268,,,,,,,0,static_pcd,0,0,0,,,,,,,,,,,,,,,../../tmp/counterbalanced_map_worker_3mode_seed1_10_n10_artifacts_20260828/seed9_run2_full.json,7758,7319,1.141,-0.953,1.089,-24.18,24.025,-25.7,24.652,228.741,7.0,7.001892,7.001891,7.000372,7.0,0.01,True,0,0,0,,,,,,1.486,,,,,,,0,,,,,,,,,,,,,,,,,,,,,,,,,,,,,,,,,,,,,,,,,,,,,,,,,,,,,,,,,,,,,,,,,,,,,,,,,,,,,,,,,,,,,,,,,,,,,,,,,,,,,,,,,,,,,,,,,,,,,,,,,,,,,,,,,,,,,,,,,,,,,,,,,,,,,,,,,,,,,,,,,,,,,,,,,,,,,,,,,,,,,,,,,,,,,,,,,,,,,,,,,,,,,,,,,,,,,,,,,,,,,,,,,,,43053.50656167979,381,4.910426601366155,211411.08390256474,1377712.1994750656,524908348.0,6.451754220322644,54.12123706663229,32.0,37.124366929133856,24.29527847769029,12.827101312335959,2.883858695538058,,95.07462003772403,,25.853265818855746,1,0,True,,0,3215.58203125,3192.71484375,0.0,4085.10546875,2047.765625,8520.66015625,702.765625,0.0,0.0,../../tmp/counterbalanced_map_worker_3mode_seed1_10_n10_artifacts_20260828/seed9_run2_full.attempt1.memory.csv,True,True,../../tmp/counterbalanced_map_worker_3mode_seed1_10_n10_artifacts_20260828/seed9_run2_full.attempt1.performance.csv,2,383,,
seed9,2,sector,245,2,,strict-burst,cpp,True,True,,,,,,,,,,,,,0,0,0,0,0,16,37,0,0,0,0,0,0,0,0,0,0,34,81,0,0,0,17,16,0,23,34,46.032527446746826,1.353897866080789,6.54896092414856,,,,,,,,,,,,,,,,,,,,,,,,,,,,,,,101.75,5,5,0,0.353,True,1042220,0,0.452,0.252,,,,,,,0,static_pcd,0,0,0,,,,,,,,,,,,,,,../../tmp/counterbalanced_map_worker_3mode_seed1_10_n10_artifacts_20260828/seed9_run2_sector.json,10174,9820,1.158,-0.893,1.933,-24.075,24.025,-26.523,24.992,249.136,6.997,7.002703,7.002703,6.99719,7.0,0.01,True,0,0,0,,,,,,0.996,,,,,,,0,,,,,,,,,,,,,,,,,,,,,,,,,,,,,,,,,,,,,,,,,,,,,,,,,,,,,,,,,,,,,,,,,,,,,,,,,,60,True,0.6,1.2,1.5,2,0.2,594,594,0,594,0,0,/rog_map/commit_version,0.12,0.1,0,0,False,/rog_map/cloud_process_ack,/sector/full_refresh_request,0,0,0,0,0,False,0,0,0,0,0,0,0,False,0,0,0,0,0,0,0,0,0,0,0,0,0,0,0,6000,0,0,100,25940067,15321041,59.063,False,0,False,0,0,False,0,0,1.5,0,1.5,1.5,0,0,0,,,,,,,,,0,0,,False,False,False,0,0,5,15,False,0,0,0,0,0,0,0,0,,,/planning/trajectory_guard_recovery_active,2.5,0,0,False,False,0,0,0,0,0,False,0,0,0,0,0,0,0,0,False,0,0,0,0,0,0,0,0,,,,,,,,,,,,,,,,,,,,,,,,26156.04974271012,583,5.72972972972973,149867.09582309582,523120.9948542024,304979540.0,2.8584880032176176,23.978735331695333,20.0,13.052875162950258,8.972963413379075,4.078207209262436,1.0928224648370497,59.063,72.6689174335987,3.4692028711476666,26.806397117959403,1,0,True,,0,3248.1953125,3224.185546875,0.0,3974.2734375,2047.7578125,8618.6328125,702.765625,0.0,0.0,../../tmp/counterbalanced_map_worker_3mode_seed1_10_n10_artifacts_20260828/seed9_run2_sector.attempt1.memory.csv,True,True,../../tmp/counterbalanced_map_worker_3mode_seed1_10_n10_artifacts_20260828/seed9_run2_sector.attempt1.performance.csv,0,583,,
seed9,2,adaptive,246,3,,strict-burst,cpp,True,True,,,,,,,,,,,,,0,34,34,34,0,13,26,0,0,0,0,0,0,0,0,0,0,34,74,0,0,0,15,17,0,25,33,37.67015361785889,1.1415198066017844,5.546673774719238,,,,,,,,,,,,,,,,,,,,,,,,,,,,,,,93.14,5,5,0,0.424,True,1042220,0,0.473,0.273,,,,,,,0,static_pcd,0,0,0,,,,,,,,,,,,,,,../../tmp/counterbalanced_map_worker_3mode_seed1_10_n10_artifacts_20260828/seed9_run2_adaptive.json,9313,8809,0.987,-1.129,1.952,-27.068,24.025,-26.97,24.381,247.71,7.001,7.000577,7.000578,7.000543,7.0,0.01,True,0,0,0,,,,,,0.487,1787908709.003612,1.293,0.932,1787908724.935918,20.481,23.664,0,,,,,,,,,,,,,,,,,,,,,,,,,,,,,,,,,,,,,,,,,,,,,,,,,,,,,,,,,,,,,,,,,,,,,,,,,,60,True,0.6,1.2,1.5,2,1.5,523,523,0,374,149,5,/rog_map/commit_version,0.12,0.1,0.25,0,True,/rog_map/cloud_process_ack,/sector/full_refresh_request,370,370,33,104,104,False,0,1,104,0,0,0,104,False,138,138,0,370,0,370,1787908802133608810,370,0,0.353982,0.615723,0.048013,0.099108,0.170181,0.783713,6000,2621722,1085593,71.511,22072554,13406097,60.737,True,42.447,True,89.675,91.671,True,0.6,1.4,1.5,0.2,3,2.896813,1,1,0,1787908759.32,1787908759.32,1787908759.98,1787908764.98,1787908766.19,1.209857,,,5,1.209857,0,True,True,False,0.6,1.4,3,15,False,31,31,12,11,19.885,500,300,13,1787908716.48,1787908709,/planning/trajectory_guard_recovery_active,2.5,0,0,True,True,68,34,8,7,34,False,1,34,34,0,0,0,0.049961,0.087911,False,0,85.468,231,216,173,149,44.168,41.3,1787908709,,,,,,,,,,,,,,,,,,,,,,,36242.04878048781,369,3.961777968649345,143582.95039725144,919937.0081300813,339456756.0,3.4757482255506034,29.156689370839597,24.48780487804878,30.3109337398374,19.25742596205962,11.051605501355015,2.702843590785908,60.737,78.378657599503,3.3748165198470907,25.181026564596962,1,0,True,,0,3229.90625,3205.6328125,0.0,3962.23046875,2047.7578125,8553.82421875,702.765625,0.0,0.0,../../tmp/counterbalanced_map_worker_3mode_seed1_10_n10_artifacts_20260828/seed9_run2_adaptive.attempt1.memory.csv,True,True,../../tmp/counterbalanced_map_worker_3mode_seed1_10_n10_artifacts_20260828/seed9_run2_adaptive.attempt1.performance.csv,1,370,,
seed9,3,sector,247,1,,strict-burst,cpp,True,True,,,,,,,,,,,,,0,0,0,0,0,8,9,0,0,0,0,0,0,0,0,0,0,27,59,0,0,0,13,13,0,19,27,23.815298795700073,0.8820481035444472,3.760274887084961,,,,,,,,,,,,,,,,,,,,,,,,,,,,,,,74.84,5,5,0,0.38,True,1042220,0,0.421,0.221,,,,,,,0,static_pcd,0,0,0,,,,,,,,,,,,,,,../../tmp/counterbalanced_map_worker_3mode_seed1_10_n10_artifacts_20260828/seed9_run3_sector.json,7483,7141,0.967,-1.144,1.605,-23.975,24.37,-26.729,24.071,234.237,6.998,7.002704,7.002704,6.998153,7.0,0.01,True,0,0,0,,,,,,1.115,,,,,,,0,,,,,,,,,,,,,,,,,,,,,,,,,,,,,,,,,,,,,,,,,,,,,,,,,,,,,,,,,,,,,,,,,,,,,,,,,,60,True,0.6,1.2,1.5,2,0.2,449,449,0,449,0,0,/rog_map/commit_version,0.12,0.1,0,0,False,/rog_map/cloud_process_ack,/sector/full_refresh_request,0,0,0,0,0,False,0,0,0,0,0,0,0,False,0,0,0,0,0,0,0,0,0,0,0,0,0,0,0,6000,0,0,100,19500941,10842565,55.6,False,0,False,0,0,False,0,0,1.5,0,1.5,1.5,0,0,0,,,,,,,,,0,0,,False,False,False,0,0,5,15,False,0,0,0,0,0,0,0,0,,,/planning/trajectory_guard_recovery_active,2.5,0,0,False,False,0,0,0,0,0,False,0,0,0,0,0,0,0,0,False,0,0,0,0,0,0,0,0,,,,,,,,,,,,,,,,,,,,,,,,24266.53139013453,446,5.959380010689471,144613.48209513628,485330.6278026906,216457460.0,2.7582832736041314,23.138157135221807,20.0,14.836686367713003,9.662305224215247,5.172550022421524,1.3776172780269058,55.6,82.03539628613234,3.303079806141224,26.018197611111308,1,0,True,,0,3202.02734375,3177.669921875,0.0,3987.84765625,2047.73828125,8513.94921875,702.7578125,0.0,0.0,../../tmp/counterbalanced_map_worker_3mode_seed1_10_n10_artifacts_20260828/seed9_run3_sector.attempt1.memory.csv,True,True,../../tmp/counterbalanced_map_worker_3mode_seed1_10_n10_artifacts_20260828/seed9_run3_sector.attempt1.performance.csv,0,446,,
seed9,3,adaptive,248,2,,strict-burst,cpp,True,True,,,,,,,,,,,,,0,38,38,37,0,8,35,0,0,0,0,0,0,0,0,0,0,38,80,0,1,0,18,19,0,30,38,46.863261699676514,1.2332437289388556,15.215349197387695,,,,,,,,,,,,,,,,,,,,,,,,,,,,,,,100.27,5,5,0,0.387,True,1042220,0,0.431,0.231,,,,,,,0,static_pcd,0,0,0,,,,,,,,,,,,,,,../../tmp/counterbalanced_map_worker_3mode_seed1_10_n10_artifacts_20260828/seed9_run3_adaptive.json,10027,9244,1.194,-0.877,1.584,-23.98,24.025,-27.456,24.783,241.495,7.0,7.001122,7.001121,7.000341,7.0,0.01,True,0,0,0,,,,,,1.269,1787908908.828136,15.613,21.162,1787908908.475427,15.237,20.429,0,,,,,,,,,,,,,,,,,,,,,,,,,,,,,,,,,,,,,,,,,,,,,,,,,,,,,,,,,,,,,,,,,,,,,,,,,,60,True,0.6,1.2,1.5,2,1.5,577,577,0,419,158,5,/rog_map/commit_version,0.12,0.1,0.25,0,True,/rog_map/cloud_process_ack,/sector/full_refresh_request,417,417,54,104,104,False,0,1,104,0,0,0,104,False,142,142,0,417,0,417,1787908999174031768,417,0,0.355411,0.770612,0.045763,0.122216,0.165797,0.770612,6000,2930144,1239960,72.617,24581338,15125224,61.531,False,0,True,92.894,93.465,False,0.6,1.4,1.5,0.2,3,2.892967,0,0,0,,,,,,,,,0,0,,True,True,False,0.6,1.4,3,15,False,30,30,8,7,17.331,506,294,9,1787908902.06,1787908897.8,/planning/trajectory_guard_recovery_active,2.5,0,0,False,True,77,38,6,5,38,False,1,38,38,0,0,0,0.052556,0.076285,False,0,90.641,274,249,200,179,47.487,43.154,1787908897.8,,,,,,,,,,,,,,,,,,,,,,,36383.10843373494,415,4.138825172035505,150583.3250224394,901383.9228915663,374074328.0,3.557844609958386,29.845363757853796,24.106024096385543,29.517606168674696,18.98371720481928,10.531901308433735,2.445303961445783,61.531,72.94646567175168,3.4560502038542795,26.003064813918847,1,0,True,,0,3230.859375,3206.9150390625,0.0,3977.23828125,2047.71875,8549.25390625,702.7578125,0.0,0.0,../../tmp/counterbalanced_map_worker_3mode_seed1_10_n10_artifacts_20260828/seed9_run3_adaptive.attempt1.memory.csv,True,True,../../tmp/counterbalanced_map_worker_3mode_seed1_10_n10_artifacts_20260828/seed9_run3_adaptive.attempt1.performance.csv,2,417,,
seed9,3,full,249,3,,strict-burst,direct,True,True,,,,,,,,,,,,,0,0,0,0,0,11,19,0,0,0,0,0,0,0,0,0,0,21,44,0,0,0,11,9,0,12,21,24.756637573242188,1.1788875034877233,6.303675413131714,,,,,,,,,,,,,,,,,,,,,,,,,,,,,,,81.84,5,5,0,0.387,True,1042220,0,0.406,0.206,,,,,,,0,static_pcd,0,0,0,,,,,,,,,,,,,,,../../tmp/counterbalanced_map_worker_3mode_seed1_10_n10_artifacts_20260828/seed9_run3_full.json,8183,7607,1.137,-0.924,1.171,-25.04,24.025,-25.804,24.779,244.89,7.0,7.000488,7.000488,6.999766,7.0,0.01,True,0,0,0,,,,,,0.0,,,,,,,0,,,,,,,,,,,,,,,,,,,,,,,,,,,,,,,,,,,,,,,,,,,,,,,,,,,,,,,,,,,,,,,,,,,,,,,,,,,,,,,,,,,,,,,,,,,,,,,,,,,,,,,,,,,,,,,,,,,,,,,,,,,,,,,,,,,,,,,,,,,,,,,,,,,,,,,,,,,,,,,,,,,,,,,,,,,,,,,,,,,,,,,,,,,,,,,,,,,,,,,,,,,,,,,,,,,,,,,,,,,,,,,,,,,43284.73951434879,453,5.535190615835777,239589.28396871945,1385111.7969094922,627455644.0,7.311685390602924,61.334862561094816,32.0,36.76246048565122,24.454918322295807,12.305730485651214,2.6167364790286975,,94.92932973422107,,26.648171383464813,1,0,True,,0,3228.75390625,3205.6533203125,0.0,4042.0,2047.71875,8449.546875,702.7578125,0.0,0.0,../../tmp/counterbalanced_map_worker_3mode_seed1_10_n10_artifacts_20260828/seed9_run3_full.attempt1.memory.csv,True,True,../../tmp/counterbalanced_map_worker_3mode_seed1_10_n10_artifacts_20260828/seed9_run3_full.attempt1.performance.csv,1,454,,
seed9,4,adaptive,250,1,,strict-burst,cpp,True,True,,,,,,,,,,,,,0,35,35,35,0,5,5,0,0,0,0,0,0,0,0,0,0,35,36,0,0,0,23,8,0,29,35,34.332172870635986,0.9809192248753139,2.3051023483276367,,,,,,,,,,,,,,,,,,,,,,,,,,,,,,,85.86,5,5,0,0.377,True,1042220,0,0.426,0.226,,,,,,,0,static_pcd,0,0,0,,,,,,,,,,,,,,,../../tmp/counterbalanced_map_worker_3mode_seed1_10_n10_artifacts_20260828/seed9_run4_adaptive.json,8586,8051,1.062,-1.047,2.081,-24.46,24.082,-25.706,25.227,241.98,6.999,7.003781,7.003781,6.999291,7.0,0.01,True,0,0,0,,,,,,0.487,1787909126.12439,-0.541,23.682,1787909124.964823,5.912,23.278,0,,,,,,,,,,,,,,,,,,,,,,,,,,,,,,,,,,,,,,,,,,,,,,,,,,,,,,,,,,,,,,,,,,,,,,,,,,60,True,0.6,1.2,1.5,2,1.5,457,457,0,320,137,5,/rog_map/commit_version,0.12,0.1,0.25,0,True,/rog_map/cloud_process_ack,/sector/full_refresh_request,311,311,31,83,83,False,0,1,83,0,0,0,83,False,118,118,0,311,0,311,1787909188759357398,311,1,0.343977,0.761116,0.04729,0.1032,0.191707,1.666598,6000,1766429,797174,70.022,19618667,11844962,60.376,True,64.551,True,80.088,83.204,True,0.6,1.4,1.5,0.2,3,2.896211,1,1,0,1787909130.6,1787909130.6,1787909132.23,1787909146.68,1787909147.88,1.200017,,,12,1.200017,0,True,True,False,0.6,1.4,3,15,False,22,22,13,12,15.974,459,248,8,1787909102.6,1787909102.6,/planning/trajectory_guard_recovery_active,2.5,0,0,False,True,71,35,6,5,35,False,1,35,35,0,0,0,0.047861,0.070748,False,0,69.584,148,170,115,119,32.385,37.199,1787909102.99,,,,,,,,,,,,,,,,,,,,,,,37998.070967741936,310,3.610528767761472,137193.12834847427,960572.3161290323,297777418.0,3.3075084504119285,27.74539184719311,24.56774193548387,29.87978229032258,18.50319119354839,11.374795258064516,3.005011048387097,60.376,74.64367488776374,3.297446686818872,,1,0,True,,0,3221.296875,3197.1494140625,0.0,4035.984375,2047.71875,8476.32421875,702.7578125,0.0,0.0,../../tmp/counterbalanced_map_worker_3mode_seed1_10_n10_artifacts_20260828/seed9_run4_adaptive.attempt1.memory.csv,True,True,../../tmp/counterbalanced_map_worker_3mode_seed1_10_n10_artifacts_20260828/seed9_run4_adaptive.attempt1.performance.csv,1,311,,
seed9,4,full,251,2,,strict-burst,direct,True,True,,,,,,,,,,,,,0,0,0,0,0,4,5,0,0,0,0,0,0,1,0,0,0,13,19,0,0,0,8,4,0,9,13,15.05842661857605,1.1583405091212347,1.9759643077850342,,,,,,,,,,,,,,,,,,,,,,,,,,,,,,,68.76,5,5,0,0.406,True,1042220,0,0.488,0.288,,,,,,,0,static_pcd,0,0,0,,,,,,,,,,,,,,,../../tmp/counterbalanced_map_worker_3mode_seed1_10_n10_artifacts_20260828/seed9_run4_full.json,6875,6409,1.239,-0.787,1.863,-23.975,24.025,-27.945,24.421,226.76,6.998,7.000823,7.000823,6.997881,7.0,0.01,True,0,0,0,,,,,,1.468,,,,,,,0,,,,,,,,,,,,,,,,,,,,,,,,,,,,,,,,,,,,,,,,,,,,,,,,,,,,,,,,,,,,,,,,,,,,,,,,,,,,,,,,,,,,,,,,,,,,,,,,,,,,,,,,,,,,,,,,,,,,,,,,,,,,,,,,,,,,,,,,,,,,,,,,,,,,,,,,,,,,,,,,,,,,,,,,,,,,,,,,,,,,,,,,,,,,,,,,,,,,,,,,,,,,,,,,,,,,,,,,,,,,,,,,,,,43932.57919621749,423,6.151832460732984,270265.86678301333,1405842.4444444445,594671354.0,8.24785917702631,69.18805747527632,32.0,38.17710023640662,25.40738912529551,12.767875130023642,2.8150610685579194,,105.73080025764838,,29.891353575234138,1,0,True,,0,3216.6328125,3193.5625,0.0,4109.23046875,2047.71484375,8443.53515625,702.7578125,0.0,0.0,../../tmp/counterbalanced_map_worker_3mode_seed1_10_n10_artifacts_20260828/seed9_run4_full.attempt1.memory.csv,True,True,../../tmp/counterbalanced_map_worker_3mode_seed1_10_n10_artifacts_20260828/seed9_run4_full.attempt1.performance.csv,3,426,,
seed9,4,sector,252,3,,strict-burst,cpp,True,True,,,,,,,,,,,,,0,0,0,0,0,9,17,0,0,0,0,0,0,0,0,0,0,24,38,0,1,0,15,8,0,18,24,32.56963300704956,1.3570680419603984,9.138967752456665,,,,,,,,,,,,,,,,,,,,,,,,,,,,,,,80.73,5,5,0,0.371,True,1042220,0,0.485,0.285,,,,,,,0,static_pcd,0,0,0,,,,,,,,,,,,,,,../../tmp/counterbalanced_map_worker_3mode_seed1_10_n10_artifacts_20260828/seed9_run4_sector.json,8072,7530,1.227,-0.824,1.242,-26.832,24.025,-25.616,24.089,235.424,7.0,7.002426,7.002784,7.00002,7.0,0.01,True,0,0,0,,,,,,1.478,,,,,,,0,,,,,,,,,,,,,,,,,,,,,,,,,,,,,,,,,,,,,,,,,,,,,,,,,,,,,,,,,,,,,,,,,,,,,,,,,,60,True,0.6,1.2,1.5,2,0.2,521,521,0,521,0,0,/rog_map/commit_version,0.12,0.1,0,0,False,/rog_map/cloud_process_ack,/sector/full_refresh_request,0,0,0,0,0,False,0,0,0,0,0,0,0,False,0,0,0,0,0,0,0,0,0,0,0,0,0,0,0,6000,0,0,100,21514848,11617939,54,False,0,False,0,0,False,0,0,1.5,0,1.5,1.5,0,0,0,,,,,,,,,0,0,,False,False,False,0,0,5,15,False,0,0,0,0,0,0,0,0,,,/planning/trajectory_guard_recovery_active,2.5,0,0,False,False,0,0,0,0,0,False,0,0,0,0,0,0,0,0,False,0,0,0,0,0,0,0,0,,,,,,,,,,,,,,,,,,,,,,,,22670.642436149312,509,6.304967174532392,142937.65638548246,453412.84872298624,230787140.0,2.726319434842729,22.870025021677197,20.0,13.921678703339882,9.430569351669941,4.489378990176817,1.2467483850687622,54,78.81786586004644,3.23773567913351,24.707646931284316,1,0,True,,0,3252.76953125,3228.791015625,0.0,3987.89453125,2047.70703125,8521.1328125,702.7578125,0.0,0.0,../../tmp/counterbalanced_map_worker_3mode_seed1_10_n10_artifacts_20260828/seed9_run4_sector.attempt1.memory.csv,True,True,../../tmp/counterbalanced_map_worker_3mode_seed1_10_n10_artifacts_20260828/seed9_run4_sector.attempt1.performance.csv,2,511,,
seed9,5,full,253,1,,strict-burst,direct,True,True,,,,,,,,,,,,,0,0,0,0,0,7,9,0,0,0,0,0,0,0,0,0,0,20,34,0,0,0,12,6,0,13,20,32.76049304008484,1.6380246520042419,12.93840765953064,,,,,,,,,,,,,,,,,,,,,,,,,,,,,,,76.97,5,5,0,0.388,True,1042220,0,0.448,0.248,,,,,,,0,static_pcd,0,0,0,,,,,,,,,,,,,,,../../tmp/counterbalanced_map_worker_3mode_seed1_10_n10_artifacts_20260828/seed9_run5_full.json,7695,7288,1.213,-0.873,1.977,-23.975,24.025,-26.087,24.491,235.308,7.001,7.003082,7.003082,7.000952,7.0,0.01,True,0,0,0,,,,,,1.494,,,,,,,0,,,,,,,,,,,,,,,,,,,,,,,,,,,,,,,,,,,,,,,,,,,,,,,,,,,,,,,,,,,,,,,,,,,,,,,,,,,,,,,,,,,,,,,,,,,,,,,,,,,,,,,,,,,,,,,,,,,,,,,,,,,,,,,,,,,,,,,,,,,,,,,,,,,,,,,,,,,,,,,,,,,,,,,,,,,,,,,,,,,,,,,,,,,,,,,,,,,,,,,,,,,,,,,,,,,,,,,,,,,,,,,,,,,44815.26190476191,462,6.002338573470183,268996.3752111212,1434088.5974025973,662548932.0,8.209119134868013,68.86308244770689,32.0,39.5547435064935,25.142032034632035,14.410732424242426,2.7376599285714285,,103.6428338263734,,27.16841529772823,1,0,True,,0,3228.9765625,3205.9267578125,0.0,4066.2734375,2047.85546875,8461.82421875,702.7578125,0.0,0.0,../../tmp/counterbalanced_map_worker_3mode_seed1_10_n10_artifacts_20260828/seed9_run5_full.attempt1.memory.csv,True,True,../../tmp/counterbalanced_map_worker_3mode_seed1_10_n10_artifacts_20260828/seed9_run5_full.attempt1.performance.csv,3,465,,
seed9,5,sector,254,2,,strict-burst,cpp,True,True,,,,,,,,,,,,,0,0,0,0,0,8,10,0,0,0,0,0,0,0,0,0,0,34,59,0,0,0,19,14,0,28,34,31.486313104629517,0.9260680324891034,3.306638240814209,,,,,,,,,,,,,,,,,,,,,,,,,,,,,,,83.16,5,5,2,0.015,True,1042220,1,0.011,-0.189,,,,,,,3,static_pcd,1,1,1,live_cloud,51.1944,0.17603,-21.6653995513916,-23.224830627441406,1.6066399812698364,6.7731,-21.51030921936035,-23.145660400390625,1.6324700117111206,0.20813,0.00813,False,0.04705,../../tmp/counterbalanced_map_worker_3mode_seed1_10_n10_artifacts_20260828/seed9_run5_sector.json,8314,7846,1.112,-0.95,1.58,-24.059,24.025,-26.608,24.025,237.881,7.0,7.00145,7.001449,6.999588,7.0,0.01,True,0,0,0,,,,,,1.462,,,,,,,0,,,,,,,,,,,,,,,,,,,,,,,,,,,,,,,,,,,,,,,,,,,,,,,,,,,,,,,,,,,,,,,,,,,,,,,,,,60,True,0.6,1.2,1.5,2,0.2,433,433,0,433,0,0,/rog_map/commit_version,0.12,0.1,0,0,False,/rog_map/cloud_process_ack,/sector/full_refresh_request,0,0,0,0,0,False,0,0,0,0,0,0,0,False,0,0,0,0,0,0,0,0,0,0,0,0,0,0,0,6000,0,0,100,18532509,10403001,56.134,False,0,False,0,0,False,0,0,1.5,0,1.5,1.5,0,0,0,,,,,,,,,0,0,,False,False,False,0,0,5,15,False,0,0,0,0,0,0,0,0,,,/planning/trajectory_guard_recovery_active,2.5,0,0,False,False,0,0,0,0,0,False,0,0,0,0,0,0,0,0,False,0,0,0,0,0,0,0,0,,,,,,,,,,,,,,,,,,,,,,,,24354.169411764706,425,5.110630110630111,124465.15151515152,487083.38823529414,207010440.0,2.373984365752249,19.914424242424243,20.0,14.078565152941177,9.43159828235294,4.645329152941176,1.3598210517647058,56.134,72.78106937396251,3.216324160383224,24.585433300611744,1,0,True,,0,3202.7890625,3178.5380859375,0.0,3994.1484375,2047.8515625,8535.71484375,702.75390625,0.0,0.0,../../tmp/counterbalanced_map_worker_3mode_seed1_10_n10_artifacts_20260828/seed9_run5_sector.attempt1.memory.csv,True,True,../../tmp/counterbalanced_map_worker_3mode_seed1_10_n10_artifacts_20260828/seed9_run5_sector.attempt1.performance.csv,0,425,,
seed9,5,adaptive,255,3,,strict-burst,cpp,True,True,,,,,,,,,,,,,0,29,29,29,0,7,11,0,0,0,0,0,0,1,0,0,0,29,61,0,0,0,17,12,0,24,29,32.0850145816803,1.1063798131613896,3.19046688079834,,,,,,,,,,,,,,,,,,,,,,,,,,,,,,,86.26,5,5,0,0.381,True,1042220,0,0.436,0.236,,,,,,,0,static_pcd,0,0,0,,,,,,,,,,,,,,,../../tmp/counterbalanced_map_worker_3mode_seed1_10_n10_artifacts_20260828/seed9_run5_adaptive.json,8625,8103,1.102,-0.995,1.667,-24.847,24.025,-24.271,24.198,239.064,7.0,7.002698,7.002698,6.999579,7.0,0.01,True,0,0,0,,,,,,0.673,1787909570.129622,17.47,23.361,1787909569.717942,18.013,24.174,0,,,,,,,,,,,,,,,,,,,,,,,,,,,,,,,,,,,,,,,,,,,,,,,,,,,,,,,,,,,,,,,,,,,,,,,,,,60,True,0.6,1.2,1.5,2,1.5,415,415,0,314,101,5,/rog_map/commit_version,0.12,0.1,0.25,0,True,/rog_map/cloud_process_ack,/sector/full_refresh_request,314,314,29,84,84,False,0,1,84,0,0,0,84,False,113,113,0,314,0,314,1787909638119700034,314,0,0.356156,0.673868,0.050615,0.091777,0.198229,1.214398,6000,1805825,746608,75.663,17749137,11262049,63.451,False,0,False,77.59,78.929,False,0.6,1.4,1.5,0.2,3,2.898252,0,0,0,,,,,,,,,0,0,,True,True,False,0.6,1.4,3,15,False,29,29,13,13,16.867,488,281,11,1787909554.47,1787909551.44,/planning/trajectory_guard_recovery_active,2.5,0,0,False,False,59,29,7,7,29,False,1,29,29,0,0,0,0.047935,0.082004,False,0,72.53,135,166,110,125,32.53,40,1787909551.44,,,,,,,,,,,,,,,,,,,,,,,36149.21221864952,311,3.6053790864827264,130331.61372594482,907413.3118971061,282205540.0,3.120011308202604,26.17255182007883,24.360128617363344,29.728506334405143,18.377644790996783,11.349027996784566,3.0629607684887463,63.451,78.32527636494311,3.235391228509779,,1,0,True,,0,3239.51953125,3215.4130859375,0.0,3970.9453125,2047.84375,8572.578125,702.75390625,0.0,0.0,../../tmp/counterbalanced_map_worker_3mode_seed1_10_n10_artifacts_20260828/seed9_run5_adaptive.attempt1.memory.csv,True,True,../../tmp/counterbalanced_map_worker_3mode_seed1_10_n10_artifacts_20260828/seed9_run5_adaptive.attempt1.performance.csv,3,314,,
seed9,6,sector,256,1,,strict-burst,cpp,True,True,,,,,,,,,,,,,0,0,0,0,0,5,9,0,0,0,0,0,2,1,0,0,0,19,47,0,1,0,10,8,0,16,19,22.012051105499268,1.158529005552593,4.493388652801514,,,,,,,,,,,,,,,,,,,,,,,,,,,,,,,75.49,5,5,0,0.282,True,1042220,0,0.357,0.157,,,,,,,0,static_pcd,0,0,0,,,,,,,,,,,,,,,../../tmp/counterbalanced_map_worker_3mode_seed1_10_n10_artifacts_20260828/seed9_run6_sector.json,7548,7150,1.199,-0.824,1.546,-24.838,24.109,-26.524,24.703,234.186,6.999,7.001561,7.001561,6.999489,7.0,0.01,True,0,0,0,,,,,,0.0,,,,,,,0,,,,,,,,,,,,,,,,,,,,,,,,,,,,,,,,,,,,,,,,,,,,,,,,,,,,,,,,,,,,,,,,,,,,,,,,,,60,True,0.6,1.2,1.5,2,0.2,467,467,0,467,0,0,/rog_map/commit_version,0.12,0.1,0,0,False,/rog_map/cloud_process_ack,/sector/full_refresh_request,0,0,0,0,0,False,0,0,0,0,0,0,0,False,0,0,0,0,0,0,0,0,0,0,0,0,0,0,0,6000,0,0,100,20481892,11828669,57.752,False,0,False,0,0,False,0,0,1.5,0,1.5,1.5,0,0,0,,,,,,,,,0,0,,False,False,False,0,0,5,15,False,0,0,0,0,0,0,0,0,,,/planning/trajectory_guard_recovery_active,2.5,0,0,False,False,0,0,0,0,0,False,0,0,0,0,0,0,0,0,False,0,0,0,0,0,0,0,0,,,,,,,,,,,,,,,,,,,,,,,,25656.450980392157,459,6.080275533183204,155998.29116439263,513129.01960784313,235526220.0,2.9754312737349062,24.959726586302825,20.0,14.415751132897604,9.683653790849673,4.73035311546841,1.4077212984749454,57.752,85.82194883484165,3.3819312809333653,27.388778920953463,1,0,True,,0,3208.16015625,3183.990234375,0.0,3971.21484375,2047.83984375,8544.48828125,702.75390625,0.0,0.0,../../tmp/counterbalanced_map_worker_3mode_seed1_10_n10_artifacts_20260828/seed9_run6_sector.attempt1.memory.csv,True,True,../../tmp/counterbalanced_map_worker_3mode_seed1_10_n10_artifacts_20260828/seed9_run6_sector.attempt1.performance.csv,0,459,,
seed9,6,adaptive,257,2,,strict-burst,cpp,True,True,,,,,,,,,,,,,0,55,55,55,0,9,11,0,0,0,0,0,0,0,0,0,0,55,63,0,0,0,38,15,0,48,54,53.79283094406128,0.9961635360011348,3.322192907333374,,,,,,,,,,,,,,,,,,,,,,,,,,,,,,,100.86,5,5,0,0.407,True,1042220,0,0.456,0.256,,,,,,,0,static_pcd,0,0,0,,,,,,,,,,,,,,,../../tmp/counterbalanced_map_worker_3mode_seed1_10_n10_artifacts_20260828/seed9_run6_adaptive.json,10085,9510,1.225,-0.834,1.757,-24.097,24.501,-26.598,24.863,242.856,6.998,7.000663,7.000663,6.997644,7.0,0.01,True,0,0,0,,,,,,0.411,1787909800.32232,-15.743,-23.678,1787909799.347692,-19.562,-23.958,0,,,,,,,,,,,,,,,,,,,,,,,,,,,,,,,,,,,,,,,,,,,,,,,,,,,,,,,,,,,,,,,,,,,,,,,,,,60,True,0.6,1.2,1.5,2,1.5,430,430,0,341,89,5,/rog_map/commit_version,0.12,0.1,0.25,0,True,/rog_map/cloud_process_ack,/sector/full_refresh_request,339,339,24,100,100,False,0,1,100,0,0,0,100,False,155,155,0,339,0,339,1787909835540167950,339,0,0.399206,1.261455,0.045067,0.148686,0.221926,1.261455,6000,2173844,921800,79.302,17337375,12151271,70.087,True,41.395,True,95.814,97.1,True,0.6,1.4,1.5,0.2,3,2.898819,1,1,0,1787909791.69,1787909791.69,1787909791.8,1787909810.36,1787909811.56,1.200241,,,15,1.200241,0,True,True,False,0.6,1.4,3,15,False,24,24,2,1,11.163,406,208,9,1787909734.48,1787909734.48,/planning/trajectory_guard_recovery_active,2.5,0,0,True,True,110,55,3,2,55,False,1,55,55,0,0,0,0.04522,0.065781,False,0,95.116,247,162,204,122,57.442,37.674,1787909735.46,,,,,,,,,,,,,,,,,,,,,,,35805.772861356934,339,3.361094586555622,120346.58933174697,950560.9085545723,322240148.0,3.0469180335370694,25.55940099147333,25.486725663716815,30.195002241887906,18.930177581120944,11.262921356932152,2.8093018466076694,70.087,58.994299625928704,3.261894760699394,,1,0,True,,0,3254.04296875,3230.0048828125,0.0,4019.421875,2047.83203125,8529.36328125,702.75390625,0.0,0.0,../../tmp/counterbalanced_map_worker_3mode_seed1_10_n10_artifacts_20260828/seed9_run6_adaptive.attempt1.memory.csv,True,True,../../tmp/counterbalanced_map_worker_3mode_seed1_10_n10_artifacts_20260828/seed9_run6_adaptive.attempt1.performance.csv,0,339,,
seed9,6,full,258,3,,strict-burst,direct,True,True,,,,,,,,,,,,,0,0,0,0,0,8,10,0,0,0,0,0,0,0,0,0,0,23,46,0,1,0,12,9,0,16,22,22.227102279663086,1.0103228308937766,2.0595791339874268,,,,,,,,,,,,,,,,,,,,,,,,,,,,,,,79.13,5,5,0,0.382,True,1042220,0,0.421,0.221,,,,,,,0,static_pcd,0,0,0,,,,,,,,,,,,,,,../../tmp/counterbalanced_map_worker_3mode_seed1_10_n10_artifacts_20260828/seed9_run6_full.json,7912,7480,0.999,-0.758,1.539,-26.927,24.025,-26.453,24.035,233.546,7.0,7.000667,7.000667,7.000009,7.0,0.01,True,0,0,0,,,,,,1.254,,,,,,,0,,,,,,,,,,,,,,,,,,,,,,,,,,,,,,,,,,,,,,,,,,,,,,,,,,,,,,,,,,,,,,,,,,,,,,,,,,,,,,,,,,,,,,,,,,,,,,,,,,,,,,,,,,,,,,,,,,,,,,,,,,,,,,,,,,,,,,,,,,,,,,,,,,,,,,,,,,,,,,,,,,,,,,,,,,,,,,,,,,,,,,,,,,,,,,,,,,,,,,,,,,,,,,,,,,,,,,,,,,,,,,,,,,,43835.24669603524,454,5.737394161506383,251500.08846202452,1402728.0792951542,636838548.0,7.675174610451774,64.38403113863264,32.0,36.94954735682819,24.54104537444934,12.406611101321586,2.649700024229075,,97.6215462811377,,,1,0,True,,0,3221.734375,3198.671875,0.0,4013.953125,2047.81640625,8534.109375,702.75390625,0.0,0.0,../../tmp/counterbalanced_map_worker_3mode_seed1_10_n10_artifacts_20260828/seed9_run6_full.attempt1.memory.csv,True,True,../../tmp/counterbalanced_map_worker_3mode_seed1_10_n10_artifacts_20260828/seed9_run6_full.attempt1.performance.csv,3,457,,
seed9,7,adaptive,259,1,,strict-burst,cpp,True,True,,,,,,,,,,,,,0,28,28,28,0,10,13,0,0,0,0,0,0,0,0,0,0,28,49,0,0,0,13,11,0,20,28,31.377712726593018,1.120632597378322,3.959563732147217,,,,,,,,,,,,,,,,,,,,,,,,,,,,,,,84.26,5,5,0,0.344,True,1042220,0,0.435,0.235,,,,,,,0,static_pcd,0,0,0,,,,,,,,,,,,,,,../../tmp/counterbalanced_map_worker_3mode_seed1_10_n10_artifacts_20260828/seed9_run7_adaptive.json,8424,7719,0.91,-1.192,1.997,-27.247,24.025,-26.14,26.245,239.833,6.999,7.000459,7.000459,6.99924,7.0,0.01,True,0,0,0,,,,,,0.832,1787909937.854006,6.975,6.084,1787909936.606203,4.917,3.14,0,,,,,,,,,,,,,,,,,,,,,,,,,,,,,,,,,,,,,,,,,,,,,,,,,,,,,,,,,,,,,,,,,,,,,,,,,,60,True,0.6,1.2,1.5,2,1.5,463,463,0,331,132,5,/rog_map/commit_version,0.12,0.1,0.25,0,True,/rog_map/cloud_process_ack,/sector/full_refresh_request,327,327,29,87,87,False,0,1,87,0,0,0,87,False,115,115,0,327,0,327,1787910020704836380,327,1,0.362514,1.058643,0.049866,0.143591,0.178521,1.069066,6000,2109948,929700,71.49,19468315,11820101,60.715,True,21.166,True,83.585,84.095,False,0.6,1.4,1.5,0.2,3,2.899158,1,0,0,1787909998.11,1787909998.11,1787909998.38,,,,,,15,1.089914,0,True,True,False,0.6,1.4,3,15,False,27,27,12,11,16.415,482,269,8,1787909935.9,1787909935.9,/planning/trajectory_guard_recovery_active,2.5,0,0,False,True,57,28,7,6,28,False,1,28,28,0,0,0,0.051074,0.065907,False,0,80.778,161,213,127,143,34.773,46.004,1787909937.85,,,,,,,,,,,,,,,,,,,,,,,36066.96024464832,327,3.880845003560408,139970.2824590553,901170.9051987767,294682886.0,3.3352895782419996,27.978436838357464,24.220183486238533,30.618244709480123,19.169583180428134,11.446794709480121,3.045724278287462,60.715,80.17587096962217,3.315513167142355,26.23096326354558,1,0,True,,0,3219.94921875,3195.60546875,0.0,3995.09375,2047.81640625,8503.8359375,702.75390625,0.0,0.0,../../tmp/counterbalanced_map_worker_3mode_seed1_10_n10_artifacts_20260828/seed9_run7_adaptive.attempt1.memory.csv,True,True,../../tmp/counterbalanced_map_worker_3mode_seed1_10_n10_artifacts_20260828/seed9_run7_adaptive.attempt1.performance.csv,0,327,,
seed9,7,full,260,2,,strict-burst,direct,True,True,,,,,,,,,,,,,0,0,0,0,0,12,15,0,0,0,0,0,0,1,0,0,0,23,51,0,0,0,10,11,0,14,23,31.071208000183105,1.350922086964483,7.057404279708862,,,,,,,,,,,,,,,,,,,,,,,,,,,,,,,84.9,5,5,0,0.421,True,1042220,0,0.439,0.239,,,,,,,0,static_pcd,0,0,0,,,,,,,,,,,,,,,../../tmp/counterbalanced_map_worker_3mode_seed1_10_n10_artifacts_20260828/seed9_run7_full.json,8489,7999,0.939,-1.12,2.094,-25.797,24.025,-25.746,24.032,239.243,7.003,7.003678,7.003678,7.003376,7.0,0.01,True,0,0,0,,,,,,1.462,,,,,,,0,,,,,,,,,,,,,,,,,,,,,,,,,,,,,,,,,,,,,,,,,,,,,,,,,,,,,,,,,,,,,,,,,,,,,,,,,,,,,,,,,,,,,,,,,,,,,,,,,,,,,,,,,,,,,,,,,,,,,,,,,,,,,,,,,,,,,,,,,,,,,,,,,,,,,,,,,,,,,,,,,,,,,,,,,,,,,,,,,,,,,,,,,,,,,,,,,,,,,,,,,,,,,,,,,,,,,,,,,,,,,,,,,,,44032.98091603054,524,6.171967020023557,271770.10600706714,1409055.2595419846,738344956.0,8.293764678272117,69.57314073027091,32.0,36.69716278625954,24.765255152671756,11.930019541984732,2.3429164675572522,,98.83393979736168,,27.563560938844496,1,0,True,,0,3254.5859375,3231.65625,0.0,4042.46875,2047.80859375,8496.875,702.75390625,0.0,0.0,../../tmp/counterbalanced_map_worker_3mode_seed1_10_n10_artifacts_20260828/seed9_run7_full.attempt1.memory.csv,True,True,../../tmp/counterbalanced_map_worker_3mode_seed1_10_n10_artifacts_20260828/seed9_run7_full.attempt1.performance.csv,2,526,,
seed9,7,sector,261,3,,strict-burst,cpp,True,True,,,,,,,,,,,,,0,0,0,0,0,8,8,0,0,0,0,0,0,0,0,0,0,33,80,0,0,0,15,17,0,27,33,30.198574542999268,0.9151083194848263,2.855456590652466,,,,,,,,,,,,,,,,,,,,,,,,,,,,,,,80.72,5,5,0,0.378,True,1042220,0,0.402,0.202,,,,,,,0,static_pcd,0,0,0,,,,,,,,,,,,,,,../../tmp/counterbalanced_map_worker_3mode_seed1_10_n10_artifacts_20260828/seed9_run7_sector.json,8071,7554,1.186,-0.905,1.628,-25.252,24.025,-26.947,26.266,232.695,7.0,7.000609,7.000609,6.999789,7.0,0.01,True,0,0,0,,,,,,1.492,,,,,,,0,,,,,,,,,,,,,,,,,,,,,,,,,,,,,,,,,,,,,,,,,,,,,,,,,,,,,,,,,,,,,,,,,,,,,,,,,,60,True,0.6,1.2,1.5,2,0.2,370,370,0,370,0,0,/rog_map/commit_version,0.12,0.1,0,0,False,/rog_map/cloud_process_ack,/sector/full_refresh_request,0,0,0,0,0,False,0,0,0,0,0,0,0,False,0,0,0,0,0,0,0,0,0,0,0,0,0,0,0,6000,0,0,100,15731398,8986865,57.127,False,0,False,0,0,False,0,0,1.5,0,1.5,1.5,0,0,0,,,,,,,,,0,0,,False,False,False,0,0,5,15,False,0,0,0,0,0,0,0,0,,,/planning/trajectory_guard_recovery_active,2.5,0,0,False,False,0,0,0,0,0,False,0,0,0,0,0,0,0,0,False,0,0,0,0,0,0,0,0,,,,,,,,,,,,,,,,,,,,,,,,24831.72701949861,359,4.447472745292369,110438.42913776016,496634.54038997216,178291800.0,2.10644586825867,17.670148662041626,20.0,13.30047754874652,8.820158718662952,4.478715877437327,1.4168152311977715,57.127,72.45159399831293,2.9968518902234256,25.52822094504768,1,0,True,,0,3192.7890625,3168.666015625,0.0,4081.125,2047.8046875,8462.90234375,702.75390625,0.0,0.0,../../tmp/counterbalanced_map_worker_3mode_seed1_10_n10_artifacts_20260828/seed9_run7_sector.attempt1.memory.csv,True,True,../../tmp/counterbalanced_map_worker_3mode_seed1_10_n10_artifacts_20260828/seed9_run7_sector.attempt1.performance.csv,2,361,,
seed9,8,full,262,1,,strict-burst,direct,True,True,,,,,,,,,,,,,0,0,0,0,0,9,10,0,0,0,0,0,0,0,0,0,0,30,46,0,0,0,16,10,0,21,30,32.69023036956787,1.0896743456522624,2.449863910675049,,,,,,,,,,,,,,,,,,,,,,,,,,,,,,,89.02,5,5,0,0.388,True,1042220,0,0.45,0.25,,,,,,,0,static_pcd,0,0,0,,,,,,,,,,,,,,,../../tmp/counterbalanced_map_worker_3mode_seed1_10_n10_artifacts_20260828/seed9_run8_full.json,8901,8387,1.336,-0.67,0.968,-24.815,24.025,-25.622,24.943,234.42,7.0,7.002152,7.002152,7.000131,7.0,0.01,True,0,0,0,,,,,,1.495,,,,,,,0,,,,,,,,,,,,,,,,,,,,,,,,,,,,,,,,,,,,,,,,,,,,,,,,,,,,,,,,,,,,,,,,,,,,,,,,,,,,,,,,,,,,,,,,,,,,,,,,,,,,,,,,,,,,,,,,,,,,,,,,,,,,,,,,,,,,,,,,,,,,,,,,,,,,,,,,,,,,,,,,,,,,,,,,,,,,,,,,,,,,,,,,,,,,,,,,,,,,,,,,,,,,,,,,,,,,,,,,,,,,,,,,,,,41910.75406504065,492,5.5268478993484615,231634.3630644799,1341144.0040650407,659842850.0,7.068919107046751,59.298391372725234,32.0,36.66541036585365,24.465672357723577,12.197880203252033,2.438359205284553,,89.64388002918716,,26.884338358777704,1,0,True,,0,3220.546875,3197.439453125,0.0,4028.5703125,2047.8046875,8465.48046875,702.75390625,0.0,0.0,../../tmp/counterbalanced_map_worker_3mode_seed1_10_n10_artifacts_20260828/seed9_run8_full.attempt1.memory.csv,True,True,../../tmp/counterbalanced_map_worker_3mode_seed1_10_n10_artifacts_20260828/seed9_run8_full.attempt1.performance.csv,4,496,,
seed9,8,sector,263,2,,strict-burst,cpp,True,True,,,,,,,,,,,,,0,0,0,0,0,12,22,0,0,0,0,0,0,0,0,0,0,39,78,0,1,0,18,16,0,27,38,44.70617628097534,1.1764783231835616,7.2852771282196045,,,,,,,,,,,,,,,,,,,,,,,,,,,,,,,93.41,5,5,0,0.36,True,1042220,0,0.44,0.24,,,,,,,0,static_pcd,0,0,0,,,,,,,,,,,,,,,../../tmp/counterbalanced_map_worker_3mode_seed1_10_n10_artifacts_20260828/seed9_run8_sector.json,9339,8916,0.889,-1.023,2.201,-27.373,24.025,-29.767,24.879,240.506,7.0,7.001706,7.001706,7.00014,7.0,0.01,True,0,0,0,,,,,,1.356,,,,,,,0,,,,,,,,,,,,,,,,,,,,,,,,,,,,,,,,,,,,,,,,,,,,,,,,,,,,,,,,,,,,,,,,,,,,,,,,,,60,True,0.6,1.2,1.5,2,0.2,455,455,0,455,0,0,/rog_map/commit_version,0.12,0.1,0,0,False,/rog_map/cloud_process_ack,/sector/full_refresh_request,0,0,0,0,0,False,0,0,0,0,0,0,0,False,0,0,0,0,0,0,0,0,0,0,0,0,0,0,0,6000,0,0,100,18299694,9963553,54.447,False,0,False,0,0,False,0,0,1.5,0,1.5,1.5,0,0,0,,,,,,,,,0,0,,False,False,False,0,0,5,15,False,0,0,0,0,0,0,0,0,,,/planning/trajectory_guard_recovery_active,2.5,0,0,False,False,0,0,0,0,0,False,0,0,0,0,0,0,0,0,False,0,0,0,0,0,0,0,0,,,,,,,,,,,,,,,,,,,,,,,,22034.073170731706,451,4.8281768547264745,106384.40209827642,440681.46341463417,198747340.0,2.029121438947228,17.021504335724227,20.0,13.06608270509978,8.966309800443458,4.0981192904656325,1.1514150044345899,54.447,64.04359433642419,3.093981547971038,,1,0,True,,0,3210.12109375,3186.07421875,0.0,4036.11328125,2047.7890625,8492.59375,702.75390625,0.0,0.0,../../tmp/counterbalanced_map_worker_3mode_seed1_10_n10_artifacts_20260828/seed9_run8_sector.attempt1.memory.csv,True,True,../../tmp/counterbalanced_map_worker_3mode_seed1_10_n10_artifacts_20260828/seed9_run8_sector.attempt1.performance.csv,2,453,,
seed9,8,adaptive,264,3,,strict-burst,cpp,True,True,,,,,,,,,,,,,0,43,43,43,0,9,11,0,0,0,0,0,0,0,0,0,0,43,44,0,0,0,25,10,0,29,42,48.17718482017517,1.1470758290517897,3.197563409805298,,,,,,,,,,,,,,,,,,,,,,,,,,,,,,,92.11,5,5,0,0.354,True,1042220,0,0.418,0.218,,,,,,,0,static_pcd,0,0,0,,,,,,,,,,,,,,,../../tmp/counterbalanced_map_worker_3mode_seed1_10_n10_artifacts_20260828/seed9_run8_adaptive.json,9210,8877,1.072,-1.039,1.905,-27.123,24.268,-30.075,24.998,242.746,7.0,7.001524,7.001524,7.000117,7.0,0.01,True,0,0,0,,,,,,1.493,1787910431.40622,13.512,18.965,1787910430.781698,11.171,16.297,0,,,,,,,,,,,,,,,,,,,,,,,,,,,,,,,,,,,,,,,,,,,,,,,,,,,,,,,,,,,,,,,,,,,,,,,,,,60,True,0.6,1.2,1.5,2,1.5,448,448,0,334,114,5,/rog_map/commit_version,0.12,0.1,0.25,0,True,/rog_map/cloud_process_ack,/sector/full_refresh_request,327,327,30,88,88,False,0,1,88,0,0,0,88,False,131,131,0,327,0,327,1787910515177290099,327,0,0.365048,0.85693,0.044859,0.094067,0.200388,1.757535,6000,2061931,947375,74.554,18007129,11683053,64.88,False,0,True,93.527,95.656,False,0.6,1.4,1.5,0.2,3,2.896514,0,0,0,,,,,,,,,0,0,,True,True,False,0.6,1.4,3,15,False,27,27,5,4,16.071,420,231,11,1787910422.54,1787910422.54,/planning/trajectory_guard_recovery_active,2.5,0,0,True,True,86,43,4,3,43,False,1,43,43,0,0,0,0.047466,0.074786,False,0,91.071,235,173,184,122,52.455,38.616,1787910422.75,,,,,,,,,,,,,,,,,,,,,,,35676.75153374233,326,3.5392465530344155,126268.81988926284,914044.245398773,297978424.0,3.085163063858557,25.880223558788405,24.822085889570552,29.366765,18.473121625766872,10.89185319018405,2.7092196993865034,64.88,64.74371333056514,3.1694906220406254,27.95853458051383,1,0,True,,0,3221.28515625,3197.1943359375,0.0,3967.94140625,2047.78125,8580.0546875,702.75390625,0.0,0.0,../../tmp/counterbalanced_map_worker_3mode_seed1_10_n10_artifacts_20260828/seed9_run8_adaptive.attempt1.memory.csv,True,True,../../tmp/counterbalanced_map_worker_3mode_seed1_10_n10_artifacts_20260828/seed9_run8_adaptive.attempt1.performance.csv,1,327,,
seed9,9,sector,265,1,,strict-burst,cpp,True,True,,,,,,,,,,,,,0,0,0,0,0,7,13,0,0,0,0,0,0,0,0,0,0,15,37,0,1,0,7,8,0,10,15,30.027734518051147,2.0018489678700764,11.38292908668518,,,,,,,,,,,,,,,,,,,,,,,,,,,,,,,71.1,5,5,0,0.262,True,1042220,0,0.307,0.107,,,,,,,0,static_pcd,0,0,0,,,,,,,,,,,,,,,../../tmp/counterbalanced_map_worker_3mode_seed1_10_n10_artifacts_20260828/seed9_run9_sector.json,7109,6575,1.022,-0.973,1.307,-27.723,24.025,-25.598,24.025,235.727,7.0,7.003059,7.00306,6.999737,7.0,0.01,True,0,0,0,,,,,,1.411,,,,,,,0,,,,,,,,,,,,,,,,,,,,,,,,,,,,,,,,,,,,,,,,,,,,,,,,,,,,,,,,,,,,,,,,,,,,,,,,,,60,True,0.6,1.2,1.5,2,0.2,403,403,0,403,0,0,/rog_map/commit_version,0.12,0.1,0,0,False,/rog_map/cloud_process_ack,/sector/full_refresh_request,0,0,0,0,0,False,0,0,0,0,0,0,0,False,0,0,0,0,0,0,0,0,0,0,0,0,0,0,0,6000,0,0,100,17485291,9703499,55.495,False,0,False,0,0,False,0,0,1.5,0,1.5,1.5,0,0,0,,,,,,,,,0,0,,False,False,False,0,0,5,15,False,0,0,0,0,0,0,0,0,,,/planning/trajectory_guard_recovery_active,2.5,0,0,False,False,0,0,0,0,0,False,0,0,0,0,0,0,0,0,False,0,0,0,0,0,0,0,0,,,,,,,,,,,,,,,,,,,,,,,,24343.037783375315,397,5.583684950773558,135923.8537271449,486860.7556675063,193283720.0,2.5925417657307603,21.74781659634318,20.0,14.60541113350126,9.629436649874055,4.974339571788413,1.5159146246851387,55.495,89.88007241269067,3.1446166480417816,27.608273566765032,1,0,True,,0,3207.8359375,3183.4716796875,0.0,3962.54296875,2047.76953125,8501.57421875,702.75390625,0.0,0.0,../../tmp/counterbalanced_map_worker_3mode_seed1_10_n10_artifacts_20260828/seed9_run9_sector.attempt1.memory.csv,True,True,../../tmp/counterbalanced_map_worker_3mode_seed1_10_n10_artifacts_20260828/seed9_run9_sector.attempt1.performance.csv,1,398,,
seed9,9,adaptive,266,2,,strict-burst,cpp,True,True,,,,,,,,,,,,,0,37,37,37,0,9,13,0,0,0,0,0,0,0,0,0,0,37,62,0,0,0,22,14,0,33,37,38.37031269073486,1.0370354781279694,2.5309104919433594,,,,,,,,,,,,,,,,,,,,,,,,,,,,,,,93.57,5,5,0,0.358,True,1042220,0,0.384,0.184,,,,,,,0,static_pcd,0,0,0,,,,,,,,,,,,,,,../../tmp/counterbalanced_map_worker_3mode_seed1_10_n10_artifacts_20260828/seed9_run9_adaptive.json,9356,8970,1.184,-0.884,1.258,-24.224,24.393,-24.672,29.346,250.218,7.0,7.001171,7.00117,7.000092,7.0,0.01,True,0,0,0,,,,,,1.32,1787910616.313673,17.202,18.91,1787910615.867827,16.159,17.854,0,,,,,,,,,,,,,,,,,,,,,,,,,,,,,,,,,,,,,,,,,,,,,,,,,,,,,,,,,,,,,,,,,,,,,,,,,,60,True,0.6,1.2,1.5,2,1.5,458,458,0,346,112,5,/rog_map/commit_version,0.12,0.1,0.25,0,True,/rog_map/cloud_process_ack,/sector/full_refresh_request,342,342,29,98,98,False,0,1,98,0,0,0,98,False,135,135,0,342,0,342,1787910700668134913,342,0,0.371346,0.760746,0.047329,0.094248,0.194755,1.866687,6000,2094753,917991,75.546,19343758,12628933,65.287,True,47.162,True,87.555,87.682,True,0.6,1.4,1.5,0.2,3,2.899531,1,1,0,1787910649.7,1787910649.7,1787910649.94,1787910662.77,1787910663.98,1.210007,,,10,1.210007,0,True,True,False,0.6,1.4,3,15,False,27,27,11,10,15.502,471,255,8,1787910606.93,1787910606.93,/planning/trajectory_guard_recovery_active,2.5,0,0,False,True,75,37,7,6,37,False,1,37,37,0,0,0,0.047,0.061586,False,0,81.659,191,183,147,136,41.703,39.956,1787910607.39,,,,,,,,,,,,,,,,,,,,,,,36938.92668621701,341,3.6443304477930965,134617.65523137758,942712.146627566,321464842.0,3.2764001650421415,27.484436635673827,24.75073313782991,29.99261469208211,18.659729736070382,11.331074340175954,2.8247491495601174,65.287,73.62096367168205,3.2879054306362523,27.29941384563453,1,0,True,,0,3233.03125,3208.98828125,0.0,3932.58984375,2047.76953125,8515.98046875,702.75390625,0.0,0.0,../../tmp/counterbalanced_map_worker_3mode_seed1_10_n10_artifacts_20260828/seed9_run9_adaptive.attempt1.memory.csv,True,True,../../tmp/counterbalanced_map_worker_3mode_seed1_10_n10_artifacts_20260828/seed9_run9_adaptive.attempt1.performance.csv,1,342,,
seed9,9,full,267,3,,strict-burst,direct,True,True,,,,,,,,,,,,,0,0,0,0,0,7,11,0,0,0,0,0,0,0,0,0,0,20,46,0,0,0,10,9,0,13,19,25.50126552581787,1.342171869779888,5.54052209854126,,,,,,,,,,,,,,,,,,,,,,,,,,,,,,,78.23,5,5,0,0.403,True,1042220,0,0.478,0.278,,,,,,,0,static_pcd,0,0,0,,,,,,,,,,,,,,,../../tmp/counterbalanced_map_worker_3mode_seed1_10_n10_artifacts_20260828/seed9_run9_full.json,7822,7295,1.05,-1.027,1.571,-27.089,24.025,-26.582,24.952,241.4,6.999,7.002134,7.002135,6.998687,7.0,0.01,True,0,0,0,,,,,,1.469,,,,,,,0,,,,,,,,,,,,,,,,,,,,,,,,,,,,,,,,,,,,,,,,,,,,,,,,,,,,,,,,,,,,,,,,,,,,,,,,,,,,,,,,,,,,,,,,,,,,,,,,,,,,,,,,,,,,,,,,,,,,,,,,,,,,,,,,,,,,,,,,,,,,,,,,,,,,,,,,,,,,,,,,,,,,,,,,,,,,,,,,,,,,,,,,,,,,,,,,,,,,,,,,,,,,,,,,,,,,,,,,,,,,,,,,,,,44151.26303317535,422,5.39434999360859,238167.36546082064,1412840.5308056872,596218704.0,7.268291767427078,60.97085046657293,32.0,37.2829528436019,24.625057819905212,12.656074194312797,2.819019002369668,,99.29533131901874,,26.828607510866938,1,0,True,,0,3225.95703125,3202.97265625,0.0,3992.93359375,2047.76953125,8495.09375,702.75390625,0.0,0.0,../../tmp/counterbalanced_map_worker_3mode_seed1_10_n10_artifacts_20260828/seed9_run9_full.attempt1.memory.csv,True,True,../../tmp/counterbalanced_map_worker_3mode_seed1_10_n10_artifacts_20260828/seed9_run9_full.attempt1.performance.csv,2,424,,
seed9,10,adaptive,268,1,,strict-burst,cpp,True,True,,,,,,,,,,,,,0,32,32,32,0,10,11,0,0,0,0,0,0,0,0,0,0,32,70,0,0,0,14,16,0,23,32,31.073164224624634,0.9710363820195198,2.3898274898529053,,,,,,,,,,,,,,,,,,,,,,,,,,,,,,,82.88,5,5,0,0.351,True,1042220,0,0.434,0.234,,,,,,,0,static_pcd,0,0,0,,,,,,,,,,,,,,,../../tmp/counterbalanced_map_worker_3mode_seed1_10_n10_artifacts_20260828/seed9_run10_adaptive.json,8288,7566,0.96,-0.891,1.693,-25.506,24.025,-26.572,27.403,235.781,7.0,7.001221,7.001221,7.000207,7.0,0.01,True,0,0,0,,,,,,0.0,1787910799.931415,2.79,1.629,1787910807.574665,7.785,14.249,0,,,,,,,,,,,,,,,,,,,,,,,,,,,,,,,,,,,,,,,,,,,,,,,,,,,,,,,,,,,,,,,,,,,,,,,,,,60,True,0.6,1.2,1.5,2,1.5,414,414,0,311,103,5,/rog_map/commit_version,0.12,0.1,0.25,0,True,/rog_map/cloud_process_ack,/sector/full_refresh_request,310,310,23,86,86,False,0,1,86,0,0,0,86,False,118,118,0,310,0,310,1787910882372214296,310,0,0.361598,0.856353,0.050138,0.100488,0.186831,0.874301,6000,1941843,888000,75.121,18338853,12138106,66.188,True,47.585,True,88.406,90.52,True,0.6,1.4,1.5,0.2,3,2.899303,1,1,0,1787910843.5,1787910843.5,1787910844.25,1787910872.66,1787910873.87,1.210011,,,21,1.210011,0,True,True,False,0.6,1.4,3,15,False,22,22,9,8,14.251,433,251,8,1787910799.93,1787910799.93,/planning/trajectory_guard_recovery_active,2.5,0,0,False,True,65,32,6,5,32,False,1,32,32,0,0,0,0.049696,0.071133,False,0,85.507,164,190,123,141,39.614,45.894,1787910800.3,,,,,,,,,,,,,,,,,,,,,,,39134.12258064516,310,3.7403474903474905,146375.2171814672,988585.6129032258,306461540.0,3.52635738011953,29.58122972972973,24.56774193548387,31.323236387096777,19.56763064516129,11.753643193548386,3.1012893129032255,66.188,79.7861570090566,3.3095925772339405,28.42462499855535,1,0,True,,0,3227.51953125,3203.5625,0.0,3971.82421875,2047.76171875,8538.53125,702.75390625,0.0,0.0,../../tmp/counterbalanced_map_worker_3mode_seed1_10_n10_artifacts_20260828/seed9_run10_adaptive.attempt1.memory.csv,True,True,../../tmp/counterbalanced_map_worker_3mode_seed1_10_n10_artifacts_20260828/seed9_run10_adaptive.attempt1.performance.csv,0,310,,
seed9,10,full,269,2,,strict-burst,direct,True,True,,,,,,,,,,,,,0,0,0,0,0,17,25,0,0,0,0,0,0,0,0,0,0,22,44,0,1,0,9,9,0,11,22,28.3630211353302,1.2892282334241,9.67594575881958,,,,,,,,,,,,,,,,,,,,,,,,,,,,,,,84.81,5,5,0,0.384,True,1042220,0,0.43,0.23,,,,,,,0,static_pcd,0,0,0,,,,,,,,,,,,,,,../../tmp/counterbalanced_map_worker_3mode_seed1_10_n10_artifacts_20260828/seed9_run10_full.json,8480,7907,0.822,-1.212,1.984,-24.1,24.125,-28.097,26.151,243.796,6.996,7.002068,7.002068,6.995765,7.0,0.01,True,0,0,0,,,,,,1.464,,,,,,,0,,,,,,,,,,,,,,,,,,,,,,,,,,,,,,,,,,,,,,,,,,,,,,,,,,,,,,,,,,,,,,,,,,,,,,,,,,,,,,,,,,,,,,,,,,,,,,,,,,,,,,,,,,,,,,,,,,,,,,,,,,,,,,,,,,,,,,,,,,,,,,,,,,,,,,,,,,,,,,,,,,,,,,,,,,,,,,,,,,,,,,,,,,,,,,,,,,,,,,,,,,,,,,,,,,,,,,,,,,,,,,,,,,,43671.394683026585,489,5.765829501238062,251801.8158236057,1397484.45398773,683369898.0,7.68438061935808,64.46125673859214,32.0,36.73939038854806,24.56253210633947,12.174882147239265,2.492779255623722,,99.65249363772962,,27.178543329858993,1,0,True,,0,3263.94921875,3241.2001953125,0.0,4026.67578125,2047.734375,8480.0859375,702.75390625,0.0,0.0,../../tmp/counterbalanced_map_worker_3mode_seed1_10_n10_artifacts_20260828/seed9_run10_full.attempt1.memory.csv,True,True,../../tmp/counterbalanced_map_worker_3mode_seed1_10_n10_artifacts_20260828/seed9_run10_full.attempt1.performance.csv,2,491,,
seed9,10,sector,270,3,,strict-burst,cpp,True,True,,,,,,,,,,,,,0,0,0,0,0,9,13,0,0,0,0,0,0,0,0,0,0,32,73,0,2,0,13,17,0,22,31,31.37296772003174,1.0120312167752175,5.859379291534424,,,,,,,,,,,,,,,,,,,,,,,,,,,,,,,85.58,5,5,0,0.389,True,1042220,0,0.471,0.271,,,,,,,0,static_pcd,0,0,0,,,,,,,,,,,,,,,../../tmp/counterbalanced_map_worker_3mode_seed1_10_n10_artifacts_20260828/seed9_run10_sector.json,8557,8180,1.143,-0.957,1.199,-24.074,24.025,-25.824,24.304,239.285,6.998,7.005026,7.005026,6.998479,7.0,0.01,True,0,0,0,,,,,,0.0,,,,,,,0,,,,,,,,,,,,,,,,,,,,,,,,,,,,,,,,,,,,,,,,,,,,,,,,,,,,,,,,,,,,,,,,,,,,,,,,,,60,True,0.6,1.2,1.5,2,0.2,425,425,0,425,0,0,/rog_map/commit_version,0.12,0.1,0,0,False,/rog_map/cloud_process_ack,/sector/full_refresh_request,0,0,0,0,0,False,0,0,0,0,0,0,0,False,0,0,0,0,0,0,0,0,0,0,0,0,0,0,0,6000,0,0,100,18487238,10453919,56.547,False,0,False,0,0,False,0,0,1.5,0,1.5,1.5,0,0,0,,,,,,,,,0,0,,False,False,False,0,0,5,15,False,0,0,0,0,0,0,0,0,,,/planning/trajectory_guard_recovery_active,2.5,0,0,False,False,0,0,0,0,0,False,0,0,0,0,0,0,0,0,False,0,0,0,0,0,0,0,0,,,,,,,,,,,,,,,,,,,,,,,,24899.612440191388,418,4.884318766066838,121617.64430941809,497992.24880382774,208160760.0,2.319672475994455,19.458823089506893,20.0,13.909487679425837,9.224689282296652,4.683091172248804,1.4209199210526315,56.547,76.83413443644835,3.0660928991429026,26.232831130124133,1,0,True,,0,3218.953125,3194.7568359375,0.0,3987.2890625,2047.94140625,8534.51171875,702.75390625,0.0,0.0,../../tmp/counterbalanced_map_worker_3mode_seed1_10_n10_artifacts_20260828/seed9_run10_sector.attempt1.memory.csv,True,True,../../tmp/counterbalanced_map_worker_3mode_seed1_10_n10_artifacts_20260828/seed9_run10_sector.attempt1.performance.csv,0,418,,
seed10,1,full,271,1,,strict-burst,direct,True,True,,,,,,,,,,,,,0,0,0,0,0,19,23,0,0,0,0,0,0,0,0,0,0,42,81,0,0,0,24,17,0,33,41,43.84730911254883,1.0694465637207031,2.9818291664123535,,,,,,,,,,,,,,,,,,,,,,,,,,,,,,,99.75,5,5,0,0.384,True,1042220,0,0.454,0.254,,,,,,,0,static_pcd,0,0,0,,,,,,,,,,,,,,,../../tmp/counterbalanced_map_worker_3mode_seed1_10_n10_artifacts_20260828/seed10_run1_full.json,9974,9260,0.927,-1.124,2.146,-27.886,24.221,-24.578,25.265,249.048,7.0,7.003086,7.003086,7.000007,7.0,0.01,True,0,0,0,,,,,,1.457,,,,,,,0,,,,,,,,,,,,,,,,,,,,,,,,,,,,,,,,,,,,,,,,,,,,,,,,,,,,,,,,,,,,,,,,,,,,,,,,,,,,,,,,,,,,,,,,,,,,,,,,,,,,,,,,,,,,,,,,,,,,,,,,,,,,,,,,,,,,,,,,,,,,,,,,,,,,,,,,,,,,,,,,,,,,,,,,,,,,,,,,,,,,,,,,,,,,,,,,,,,,,,,,,,,,,,,,,,,,,,,,,,,,,,,,,,,42665.75155279503,483,4.842105263157895,206592.06015037594,1365303.9710144927,659441818.0,6.304688972339296,52.8875643508772,32.0,35.649883643892345,23.591697308488612,12.056365652173913,2.4027831180124224,,81.19453146014071,,26.206453690761375,1,0,True,,0,3256.69140625,3233.767578125,0.0,3862.9140625,2047.93359375,8585.08984375,702.75390625,0.0,0.0,../../tmp/counterbalanced_map_worker_3mode_seed1_10_n10_artifacts_20260828/seed10_run1_full.attempt1.memory.csv,True,True,../../tmp/counterbalanced_map_worker_3mode_seed1_10_n10_artifacts_20260828/seed10_run1_full.attempt1.performance.csv,4,487,,
seed10,1,sector,272,2,,strict-burst,cpp,True,True,,,,,,,,,,,,,0,0,0,0,0,7,9,0,0,0,0,0,0,0,0,0,0,46,108,0,1,0,24,22,0,40,46,40.095327615737915,0.8716375568638677,2.4643914699554443,,,,,,,,,,,,,,,,,,,,,,,,,,,,,,,88.88,5,5,0,0.38,True,1042220,0,0.49,0.29,,,,,,,0,static_pcd,0,0,0,,,,,,,,,,,,,,,../../tmp/counterbalanced_map_worker_3mode_seed1_10_n10_artifacts_20260828/seed10_run1_sector.json,8887,8327,0.784,-1.216,1.8,-26.834,24.575,-24.768,27.09,237.669,7.0,7.002692,7.002692,7.000082,7.0,0.01,True,0,0,0,,,,,,0.767,,,,,,,0,,,,,,,,,,,,,,,,,,,,,,,,,,,,,,,,,,,,,,,,,,,,,,,,,,,,,,,,,,,,,,,,,,,,,,,,,,60,True,0.6,1.2,1.5,2,0.2,388,388,0,388,0,0,/rog_map/commit_version,0.12,0.1,0,0,False,/rog_map/cloud_process_ack,/sector/full_refresh_request,0,0,0,0,0,False,0,0,0,0,0,0,0,False,0,0,0,0,0,0,0,0,0,0,0,0,0,0,0,6000,0,0,100,15753180,8561991,54.351,False,0,False,0,0,False,0,0,1.5,0,1.5,1.5,0,0,0,,,,,,,,,0,0,,False,False,False,0,0,5,15,False,0,0,0,0,0,0,0,0,,,/planning/trajectory_guard_recovery_active,2.5,0,0,False,False,0,0,0,0,0,False,0,0,0,0,0,0,0,0,False,0,0,0,0,0,0,0,0,,,,,,,,,,,,,,,,,,,,,,,,22184.137662337664,385,4.3316831683168315,96094.65571557156,443682.75324675324,170817860.0,1.8328601019968331,15.37514491449145,20.0,13.690324025974025,9.09796090909091,4.5906923636363635,1.3832897454545456,54.351,65.32964578686067,3.0166937050338487,26.054160235761632,1,0,True,,0,3193.54296875,3169.52734375,0.0,3928.83984375,2047.765625,8400.80859375,702.69921875,0.0,0.0,../../tmp/counterbalanced_map_worker_3mode_seed1_10_n10_artifacts_20260828/seed10_run1_sector.attempt1.memory.csv,True,True,../../tmp/counterbalanced_map_worker_3mode_seed1_10_n10_artifacts_20260828/seed10_run1_sector.attempt1.performance.csv,0,385,,
seed10,1,adaptive,273,3,,strict-burst,cpp,True,True,,,,,,,,,,,,,0,37,37,37,0,13,23,0,0,0,0,0,0,0,0,0,0,37,85,0,0,0,17,19,0,27,37,40.83233165740967,1.1035765312813424,6.164559364318848,,,,,,,,,,,,,,,,,,,,,,,,,,,,,,,94.07,5,5,0,0.394,True,1042220,0,0.445,0.245,,,,,,,0,static_pcd,0,0,0,,,,,,,,,,,,,,,../../tmp/counterbalanced_map_worker_3mode_seed1_10_n10_artifacts_20260828/seed10_run1_adaptive.json,9406,8630,0.985,-1.126,2.082,-26.083,24.235,-24.609,27.719,240.514,7.0,7.000198,7.000198,6.999573,7.0,0.01,True,0,0,0,,,,,,0.0,1787911293.219675,0.898,0.82,1787911309.100412,23.185,22.451,0,,,,,,,,,,,,,,,,,,,,,,,,,,,,,,,,,,,,,,,,,,,,,,,,,,,,,,,,,,,,,,,,,,,,,,,,,,60,True,0.6,1.2,1.5,2,1.5,555,555,0,383,172,5,/rog_map/commit_version,0.12,0.1,0.25,0,True,/rog_map/cloud_process_ack,/sector/full_refresh_request,376,376,32,93,93,False,0,1,93,0,0,0,93,False,130,130,0,376,0,376,1787911387295550632,376,1,0.349775,0.759179,0.046882,0.128161,0.167363,1.164328,6000,2569245,1124585,69.009,22669068,13556649,59.802,False,0,True,86.847,88.199,False,0.6,1.4,1.5,0.2,3,2.891598,0,0,0,,,,,,,,,0,0,,True,True,False,0.6,1.4,3,15,False,28,28,9,8,19.82,481,273,10,1787911301.6,1787911293.22,/planning/trajectory_guard_recovery_active,2.5,0,0,False,True,75,37,8,7,37,False,1,37,37,0,0,0,0.050866,0.07381,False,0,83.063,226,235,170,155,40.721,42.342,1787911293.22,,,,,,,,,,,,,,,,,,,,,,,35924.15691489362,376,3.9970234931434043,143589.69916019987,898114.9468085107,337691220.0,3.423487226425987,28.718292335494848,24.148936170212767,30.008813829787233,18.844639414893617,11.16236510638298,2.739473659574468,59.802,75.82979092610414,3.3188272592601895,26.6918937360568,1,0,True,,0,3222.56640625,3198.4931640625,0.0,3934.3984375,2047.75,8437.12109375,702.69921875,0.0,0.0,../../tmp/counterbalanced_map_worker_3mode_seed1_10_n10_artifacts_20260828/seed10_run1_adaptive.attempt1.memory.csv,True,True,../../tmp/counterbalanced_map_worker_3mode_seed1_10_n10_artifacts_20260828/seed10_run1_adaptive.attempt1.performance.csv,0,376,,
seed10,2,sector,274,1,,strict-burst,cpp,True,True,,,,,,,,,,,,,0,0,0,0,0,7,9,0,0,0,0,0,0,0,0,0,0,26,101,0,0,0,4,21,0,16,26,18.43774700164795,0.709144115447998,2.037259101867676,,,,,,,,,,,,,,,,,,,,,,,,,,,,,,,72.8,5,5,0,0.307,True,1042220,0,0.323,0.123,,,,,,,0,static_pcd,0,0,0,,,,,,,,,,,,,,,../../tmp/counterbalanced_map_worker_3mode_seed1_10_n10_artifacts_20260828/seed10_run2_sector.json,7279,6820,0.788,-1.233,1.69,-26.701,24.025,-25.277,28.721,230.552,7.0,7.001225,7.001225,6.999601,7.0,0.01,True,0,0,0,,,,,,1.463,,,,,,,0,,,,,,,,,,,,,,,,,,,,,,,,,,,,,,,,,,,,,,,,,,,,,,,,,,,,,,,,,,,,,,,,,,,,,,,,,,60,True,0.6,1.2,1.5,2,0.2,432,432,0,432,0,0,/rog_map/commit_version,0.12,0.1,0,0,False,/rog_map/cloud_process_ack,/sector/full_refresh_request,0,0,0,0,0,False,0,0,0,0,0,0,0,False,0,0,0,0,0,0,0,0,0,0,0,0,0,0,0,6000,0,0,100,17528170,9473775,54.049,False,0,False,0,0,False,0,0,1.5,0,1.5,1.5,0,0,0,,,,,,,,,0,0,,False,False,False,0,0,5,15,False,0,0,0,0,0,0,0,0,,,/planning/trajectory_guard_recovery_active,2.5,0,0,False,False,0,0,0,0,0,False,0,0,0,0,0,0,0,0,False,0,0,0,0,0,0,0,0,,,,,,,,,,,,,,,,,,,,,,,,22283.168246445497,422,5.7967032967032965,129168.91483516485,445663.3649289099,188069940.0,2.463701531127259,20.667026373626374,20.0,14.689475971563981,9.826972867298577,4.8607935308056875,1.4349060521327015,54.049,85.96266031858188,3.1204796897687754,25.184576703142877,1,0,True,,0,3196.80078125,3172.3671875,0.0,4015.08203125,2047.9140625,8351.6875,702.69921875,0.0,0.0,../../tmp/counterbalanced_map_worker_3mode_seed1_10_n10_artifacts_20260828/seed10_run2_sector.attempt1.memory.csv,True,True,../../tmp/counterbalanced_map_worker_3mode_seed1_10_n10_artifacts_20260828/seed10_run2_sector.attempt1.performance.csv,1,423,,
seed10,2,adaptive,275,2,,strict-burst,cpp,True,True,,,,,,,,,,,,,0,35,35,35,0,12,14,0,0,0,0,0,0,0,0,0,0,35,70,0,2,0,14,17,0,26,35,33.418302059173584,0.9548086302621024,3.45463228225708,,,,,,,,,,,,,,,,,,,,,,,,,,,,,,,86.61,5,5,0,0.4,True,1042220,0,0.403,0.203,,,,,,,0,static_pcd,0,0,0,,,,,,,,,,,,,,,../../tmp/counterbalanced_map_worker_3mode_seed1_10_n10_artifacts_20260828/seed10_run2_adaptive.json,8660,8070,1.006,-0.897,1.166,-25.361,24.025,-24.68,27.669,236.473,7.0,7.002566,7.002566,6.999763,7.0,0.01,True,0,0,0,,,,,,1.348,1787911497.541383,24.025,24.025,1787911496.490132,21.495,21.999,0,,,,,,,,,,,,,,,,,,,,,,,,,,,,,,,,,,,,,,,,,,,,,,,,,,,,,,,,,,,,,,,,,,,,,,,,,,60,True,0.6,1.2,1.5,2,1.5,434,434,0,321,113,5,/rog_map/commit_version,0.12,0.1,0.25,0,True,/rog_map/cloud_process_ack,/sector/full_refresh_request,316,316,30,96,96,False,0,1,96,0,0,0,96,False,131,131,0,316,0,316,1787911568481725394,316,0,0.36064,0.843628,0.047134,0.076494,0.19212,1.081652,6000,1782261,792000,73.963,17887374,11459464,64.065,True,78.802,False,87.788,91.442,True,0.6,1.4,1.5,0.2,3,2.899799,1,1,0,1787911497.01,1787911497.01,1787911497.23,1787911500.56,1787911501.77,1.209729,,,3,1.209729,0,True,True,False,0.6,1.4,3,15,False,26,26,6,6,19.124,477,275,9,1787911482.73,1787911481.31,/planning/trajectory_guard_recovery_active,2.5,0,0,False,False,71,35,4,4,35,False,1,35,35,0,0,0,0.052675,0.091525,False,0,83.871,165,199,130,145,38.018,45.853,1787911481.31,,,,,,,,,,,,,,,,,,,,,,,36338.4076433121,314,3.6254474079205634,131742.98579840665,939797.1464968153,295096304.0,3.249344948518773,27.257481029904167,25.006369426751593,31.566181974522294,19.851440987261146,11.712835636942675,2.9981795955414015,64.065,76.78501979835214,3.2486513998877165,25.624894410826492,1,0,True,,0,3221.44921875,3197.2548828125,0.0,3964.91015625,2047.91015625,8376.63671875,702.69921875,0.0,0.0,../../tmp/counterbalanced_map_worker_3mode_seed1_10_n10_artifacts_20260828/seed10_run2_adaptive.attempt1.memory.csv,True,True,../../tmp/counterbalanced_map_worker_3mode_seed1_10_n10_artifacts_20260828/seed10_run2_adaptive.attempt1.performance.csv,2,316,,
seed10,2,full,276,3,,strict-burst,direct,True,True,,,,,,,,,,,,,0,0,0,0,0,12,16,0,0,0,0,0,0,0,0,0,0,42,67,0,0,0,22,16,0,31,42,40.24672317504883,0.9582553136916387,3.640932559967041,,,,,,,,,,,,,,,,,,,,,,,,,,,,,,,94.56,5,5,0,0.416,True,1042220,0,0.473,0.273,,,,,,,0,static_pcd,0,0,0,,,,,,,,,,,,,,,../../tmp/counterbalanced_map_worker_3mode_seed1_10_n10_artifacts_20260828/seed10_run2_full.json,9456,8877,1.314,-0.689,2.06,-26.978,24.025,-24.53,25.174,242.243,6.999,7.001136,7.001136,6.998874,7.0,0.01,True,0,0,0,,,,,,1.484,,,,,,,0,,,,,,,,,,,,,,,,,,,,,,,,,,,,,,,,,,,,,,,,,,,,,,,,,,,,,,,,,,,,,,,,,,,,,,,,,,,,,,,,,,,,,,,,,,,,,,,,,,,,,,,,,,,,,,,,,,,,,,,,,,,,,,,,,,,,,,,,,,,,,,,,,,,,,,,,,,,,,,,,,,,,,,,,,,,,,,,,,,,,,,,,,,,,,,,,,,,,,,,,,,,,,,,,,,,,,,,,,,,,,,,,,,,41152.5,482,5.0972927241962775,209766.3388324873,1316879.9668049794,634736144.0,6.40156047194944,53.70018138747885,32.0,35.9980520746888,24.0346734439834,11.961344854771784,2.353200582987552,,80.62081893173587,,,1,0,True,,0,3226.33203125,3203.5244140625,0.0,4022.2734375,2047.90234375,8352.1328125,702.69921875,0.0,0.0,../../tmp/counterbalanced_map_worker_3mode_seed1_10_n10_artifacts_20260828/seed10_run2_full.attempt1.memory.csv,True,True,../../tmp/counterbalanced_map_worker_3mode_seed1_10_n10_artifacts_20260828/seed10_run2_full.attempt1.performance.csv,2,484,,
seed10,3,adaptive,277,1,,strict-burst,cpp,True,True,,,,,,,,,,,,,0,27,27,27,0,6,10,0,0,0,0,0,0,0,0,0,0,27,37,0,1,0,17,8,0,22,27,30.874223470687866,1.1434897581736247,4.882276773452759,,,,,,,,,,,,,,,,,,,,,,,,,,,,,,,80.18,5,5,0,0.387,True,1042220,0,0.458,0.258,,,,,,,0,static_pcd,0,0,0,,,,,,,,,,,,,,,../../tmp/counterbalanced_map_worker_3mode_seed1_10_n10_artifacts_20260828/seed10_run3_adaptive.json,8017,7307,0.677,-1.309,1.978,-26.919,24.153,-24.313,26.091,232.359,7.0,7.003332,7.003332,6.999876,7.0,0.01,True,0,0,0,,,,,,0.719,1787911692.838759,14.993,17.829,1787911692.575649,14.508,17.06,0,,,,,,,,,,,,,,,,,,,,,,,,,,,,,,,,,,,,,,,,,,,,,,,,,,,,,,,,,,,,,,,,,,,,,,,,,,60,True,0.6,1.2,1.5,2,1.5,467,467,0,333,134,5,/rog_map/commit_version,0.12,0.1,0.25,0,True,/rog_map/cloud_process_ack,/sector/full_refresh_request,324,324,41,67,67,False,0,1,67,0,0,0,67,False,94,94,0,324,0,324,1787911764267777509,324,1,0.367488,0.754467,0.051536,0.11118,0.16883,0.875764,6000,1995141,910711,71.306,18818698,11241808,59.737,True,5.353,True,78.373,78.381,False,0.6,1.4,1.5,0.2,3,2.893117,1,0,0,1787911759.71,1787911759.71,1787911760.11,,,,,,3,0.579944,0,True,True,False,0.6,1.4,3,15,False,25,25,10,9,19.058,425,261,8,1787911684.55,1787911684.55,/planning/trajectory_guard_recovery_active,2.5,0,0,False,True,55,27,5,4,27,False,1,27,27,0,0,0,0.051793,0.087971,False,0,71.52,188,146,136,110,40.257,31.263,1787911684.9,,,,,,,,,,,,,,,,,,,,,,,34501.76851851852,324,4.0409079570965325,139418.4709403841,837240.8456790124,271266034.0,3.2264835312943942,27.065705562484407,23.48148148148148,30.306560833333332,18.84996475308642,11.454774444444444,3.0011818703703703,59.737,83.20411747405987,3.2601689600674537,26.544596386032314,1,0,True,,0,3215.74609375,3191.439453125,0.0,3909.91015625,2047.890625,8444.02734375,702.69921875,0.0,0.0,../../tmp/counterbalanced_map_worker_3mode_seed1_10_n10_artifacts_20260828/seed10_run3_adaptive.attempt1.memory.csv,True,True,../../tmp/counterbalanced_map_worker_3mode_seed1_10_n10_artifacts_20260828/seed10_run3_adaptive.attempt1.performance.csv,0,324,,
seed10,3,full,278,2,,strict-burst,direct,True,True,,,,,,,,,,,,,0,0,0,0,0,21,38,0,0,0,0,0,6,1,0,0,0,31,56,0,0,0,19,12,0,22,31,43.34904193878174,1.3983561915736045,4.649478912353516,,,,,,,,,,,,,,,,,,,,,,,,,,,,,,,100.47,5,5,0,0.386,True,1042220,0,0.445,0.245,,,,,,,0,static_pcd,0,0,0,,,,,,,,,,,,,,,../../tmp/counterbalanced_map_worker_3mode_seed1_10_n10_artifacts_20260828/seed10_run3_full.json,10046,9430,0.8,-1.215,1.789,-24.932,24.025,-26.262,27.578,249.985,6.999,7.001024,7.001024,6.999138,7.0,0.01,True,0,0,0,,,,,,1.086,,,,,,,0,,,,,,,,,,,,,,,,,,,,,,,,,,,,,,,,,,,,,,,,,,,,,,,,,,,,,,,,,,,,,,,,,,,,,,,,,,,,,,,,,,,,,,,,,,,,,,,,,,,,,,,,,,,,,,,,,,,,,,,,,,,,,,,,,,,,,,,,,,,,,,,,,,,,,,,,,,,,,,,,,,,,,,,,,,,,,,,,,,,,,,,,,,,,,,,,,,,,,,,,,,,,,,,,,,,,,,,,,,,,,,,,,,,42713.035580524345,534,5.31501940877874,227020.61311834378,1366817.0898876404,729880326.0,6.928119050029072,58.11727488802627,32.0,34.23985056179775,22.919043258426967,11.318836048689139,2.210317359550562,,81.97459046343977,,23.611541950975646,1,0,True,,0,3263.86328125,3241.04296875,0.0,3941.9921875,2047.88671875,8335.25390625,702.69921875,0.0,0.0,../../tmp/counterbalanced_map_worker_3mode_seed1_10_n10_artifacts_20260828/seed10_run3_full.attempt1.memory.csv,True,True,../../tmp/counterbalanced_map_worker_3mode_seed1_10_n10_artifacts_20260828/seed10_run3_full.attempt1.performance.csv,1,535,,
seed10,3,sector,279,3,,strict-burst,cpp,True,True,,,,,,,,,,,,,0,0,0,0,0,6,5,0,0,0,0,0,0,0,0,0,0,26,44,0,0,0,16,8,0,19,26,36.73969268798828,1.4130651033841646,6.105256080627441,,,,,,,,,,,,,,,,,,,,,,,,,,,,,,,82.42,5,5,0,0.305,True,1042220,0,0.342,0.142,,,,,,,0,static_pcd,0,0,0,,,,,,,,,,,,,,,../../tmp/counterbalanced_map_worker_3mode_seed1_10_n10_artifacts_20260828/seed10_run3_sector.json,8241,7800,1.276,-0.714,2.111,-25.618,24.025,-24.4,27.192,238.864,6.997,7.001048,7.001048,6.997434,7.0,0.01,True,0,0,0,,,,,,0.335,,,,,,,0,,,,,,,,,,,,,,,,,,,,,,,,,,,,,,,,,,,,,,,,,,,,,,,,,,,,,,,,,,,,,,,,,,,,,,,,,,60,True,0.6,1.2,1.5,2,0.2,480,480,0,480,0,0,/rog_map/commit_version,0.12,0.1,0,0,False,/rog_map/cloud_process_ack,/sector/full_refresh_request,0,0,0,0,0,False,0,0,0,0,0,0,0,False,0,0,0,0,0,0,0,0,0,0,0,0,0,0,0,6000,0,0,100,21126207,12208995,57.791,False,0,False,0,0,False,0,0,1.5,0,1.5,1.5,0,0,0,,,,,,,,,0,0,,False,False,False,0,0,5,15,False,0,0,0,0,0,0,0,0,,,/planning/trajectory_guard_recovery_active,2.5,0,0,False,False,0,0,0,0,0,False,0,0,0,0,0,0,0,0,False,0,0,0,0,0,0,0,0,,,,,,,,,,,,,,,,,,,,,,,,25473.866388308976,479,5.811696190245086,148046.37223974764,509477.3277661795,244039640.0,2.8237604568433308,23.68741955835962,20.0,15.21503127348643,9.747012254697285,5.46626624217119,1.4444571356993738,57.791,81.08538278552183,3.262400768369602,27.32307448456895,1,0,True,,0,3201.8125,3177.564453125,0.0,3919.57421875,2047.88671875,8432.66796875,702.69921875,0.0,0.0,../../tmp/counterbalanced_map_worker_3mode_seed1_10_n10_artifacts_20260828/seed10_run3_sector.attempt1.memory.csv,True,True,../../tmp/counterbalanced_map_worker_3mode_seed1_10_n10_artifacts_20260828/seed10_run3_sector.attempt1.performance.csv,0,479,,
seed10,4,full,280,1,,strict-burst,direct,True,True,,,,,,,,,,,,,0,0,0,0,0,16,21,0,0,0,0,0,0,0,0,0,0,32,58,0,1,0,16,12,0,19,32,40.64161157608032,1.27005036175251,4.926427841186523,,,,,,,,,,,,,,,,,,,,,,,,,,,,,,,94.46,5,5,0,0.38,True,1042220,0,0.4,0.2,,,,,,,0,static_pcd,0,0,0,,,,,,,,,,,,,,,../../tmp/counterbalanced_map_worker_3mode_seed1_10_n10_artifacts_20260828/seed10_run4_full.json,9445,8930,0.87,-1.201,1.845,-27.881,24.074,-24.78,29.211,247.679,6.995,7.001799,7.001798,6.994881,7.0,0.01,True,0,0,0,,,,,,0.0,,,,,,,0,,,,,,,,,,,,,,,,,,,,,,,,,,,,,,,,,,,,,,,,,,,,,,,,,,,,,,,,,,,,,,,,,,,,,,,,,,,,,,,,,,,,,,,,,,,,,,,,,,,,,,,,,,,,,,,,,,,,,,,,,,,,,,,,,,,,,,,,,,,,,,,,,,,,,,,,,,,,,,,,,,,,,,,,,,,,,,,,,,,,,,,,,,,,,,,,,,,,,,,,,,,,,,,,,,,,,,,,,,,,,,,,,,,41612.97747747748,444,4.700402286682194,195597.73449078976,1331615.1846846847,591237142.0,5.969168719360947,50.07301647258099,32.0,35.13718265765766,23.164859684684682,11.970357995495496,2.476810918918919,,83.52074127072818,,24.960075915666916,1,0,True,,0,3236.9765625,3214.08203125,0.0,3913.09375,2047.875,8443.81640625,702.69921875,0.0,0.0,../../tmp/counterbalanced_map_worker_3mode_seed1_10_n10_artifacts_20260828/seed10_run4_full.attempt1.memory.csv,True,True,../../tmp/counterbalanced_map_worker_3mode_seed1_10_n10_artifacts_20260828/seed10_run4_full.attempt1.performance.csv,3,447,,
seed10,4,sector,281,2,,strict-burst,cpp,True,True,,,,,,,,,,,,,0,0,0,0,0,10,14,0,0,0,0,0,0,1,0,0,0,46,93,0,1,0,23,21,0,34,45,43.6185085773468,0.9693001906077067,4.881682872772217,,,,,,,,,,,,,,,,,,,,,,,,,,,,,,,95.51,5,5,0,0.334,True,1042220,0,0.361,0.161,,,,,,,0,static_pcd,0,0,0,,,,,,,,,,,,,,,../../tmp/counterbalanced_map_worker_3mode_seed1_10_n10_artifacts_20260828/seed10_run4_sector.json,9551,8850,0.748,-1.284,1.532,-26.342,24.576,-25.911,25.383,242.922,6.999,7.000468,7.000468,6.999316,7.0,0.01,True,0,0,0,,,,,,0.0,,,,,,,0,,,,,,,,,,,,,,,,,,,,,,,,,,,,,,,,,,,,,,,,,,,,,,,,,,,,,,,,,,,,,,,,,,,,,,,,,,60,True,0.6,1.2,1.5,2,0.2,435,435,0,435,0,0,/rog_map/commit_version,0.12,0.1,0,0,False,/rog_map/cloud_process_ack,/sector/full_refresh_request,0,0,0,0,0,False,0,0,0,0,0,0,0,False,0,0,0,0,0,0,0,0,0,0,0,0,0,0,0,6000,0,0,100,17791310,10173666,57.183,False,0,False,0,0,False,0,0,1.5,0,1.5,1.5,0,0,0,,,,,,,,,0,0,,False,False,False,0,0,5,15,False,0,0,0,0,0,0,0,0,,,/planning/trajectory_guard_recovery_active,2.5,0,0,False,False,0,0,0,0,0,False,0,0,0,0,0,0,0,0,False,0,0,0,0,0,0,0,0,,,,,,,,,,,,,,,,,,,,,,,,23616.5641025641,429,4.4916762642655215,106077.96042299236,472331.28205128206,202630120.0,2.0232765278433296,16.972473667678777,20.0,13.71498198135198,9.223609743589744,4.489704219114219,1.3093494895104894,57.183,63.34255109964297,3.056551579395351,27.086268586205904,1,0,True,,0,3207.51953125,3183.4814453125,0.0,4047.64453125,2047.86328125,8378.26953125,702.69921875,0.0,0.0,../../tmp/counterbalanced_map_worker_3mode_seed1_10_n10_artifacts_20260828/seed10_run4_sector.attempt1.memory.csv,True,True,../../tmp/counterbalanced_map_worker_3mode_seed1_10_n10_artifacts_20260828/seed10_run4_sector.attempt1.performance.csv,0,429,,
seed10,4,adaptive,282,3,,strict-burst,cpp,True,True,,,,,,,,,,,,,0,37,37,37,0,12,18,0,0,0,0,0,0,0,0,0,0,37,51,0,2,0,23,12,0,31,37,39.849809408187866,1.0770218758969694,3.1023168563842773,,,,,,,,,,,,,,,,,,,,,,,,,,,,,,,91.65,5,5,0,0.313,True,1042220,0,0.429,0.229,,,,,,,0,static_pcd,0,0,0,,,,,,,,,,,,,,,../../tmp/counterbalanced_map_worker_3mode_seed1_10_n10_artifacts_20260828/seed10_run4_adaptive.json,9164,8346,1.279,-0.376,2.114,-26.1,24.277,-28.586,24.996,239.898,6.996,7.001893,7.001892,6.995502,7.0,0.01,True,0,0,0,,,,,,0.368,1787912196.461302,11.912,12.103,1787912196.268304,10.825,11.391,0,,,,,,,,,,,,,,,,,,,,,,,,,,,,,,,,,,,,,,,,,,,,,,,,,,,,,,,,,,,,,,,,,,,,,,,,,,60,True,0.6,1.2,1.5,2,1.5,463,463,0,344,119,5,/rog_map/commit_version,0.12,0.1,0.25,0,True,/rog_map/cloud_process_ack,/sector/full_refresh_request,339,339,36,93,93,False,0,1,93,0,0,0,93,False,130,130,0,339,0,339,1787912279956316451,339,0,0.361068,0.567339,0.048671,0.110553,0.191514,1.068177,6000,2277048,903027,74.298,18586008,11630484,62.577,True,36.717,True,87.041,87.856,False,0.6,1.4,1.5,0.2,3,2.89732,1,2,2,1787912248.8,1787912248.8,1787912249.37,1787912250.93,1787912252.13,1.200153,1787912264.71,12.579709,7,1.209991,0,True,True,False,0.6,1.4,3,15,False,30,30,8,7,17.063,477,261,9,1787912188.37,1787912188.37,/planning/trajectory_guard_recovery_active,2.5,0,0,False,True,75,37,5,4,37,False,1,37,37,0,0,0,0.048854,0.093628,False,0,84.665,217,175,165,129,46.868,37.797,1787912188.64,,,,,,,,,,,,,,,,,,,,,,,34204.5221238938,339,3.698854337152209,126517.5450081833,880832.9793510324,298602380.0,3.107140432338017,26.06458308783415,24.601769911504423,29.672182861356934,18.591032005899706,11.079321209439527,2.7824352005899704,62.577,71.7813714082526,3.3311652152147038,24.719755856020384,1,0,True,,0,3261.03125,3236.7158203125,0.0,3980.53515625,2047.86328125,8374.61328125,702.69921875,0.0,0.0,../../tmp/counterbalanced_map_worker_3mode_seed1_10_n10_artifacts_20260828/seed10_run4_adaptive.attempt1.memory.csv,True,True,../../tmp/counterbalanced_map_worker_3mode_seed1_10_n10_artifacts_20260828/seed10_run4_adaptive.attempt1.performance.csv,0,339,,
seed10,5,sector,283,1,,strict-burst,cpp,True,True,,,,,,,,,,,,,0,0,0,0,0,7,7,0,0,0,0,0,0,0,0,0,0,20,39,0,0,0,11,8,0,14,20,19.80539298057556,0.9902696490287781,2.491018056869507,,,,,,,,,,,,,,,,,,,,,,,,,,,,,,,76.16,5,5,0,0.351,True,1042220,0,0.44,0.24,,,,,,,0,static_pcd,0,0,0,,,,,,,,,,,,,,,../../tmp/counterbalanced_map_worker_3mode_seed1_10_n10_artifacts_20260828/seed10_run5_sector.json,7615,6990,0.795,-1.238,1.561,-24.991,24.146,-25.695,28.224,241.345,7.0,7.002163,7.002163,7.000435,7.0,0.01,True,0,0,0,,,,,,0.643,,,,,,,0,,,,,,,,,,,,,,,,,,,,,,,,,,,,,,,,,,,,,,,,,,,,,,,,,,,,,,,,,,,,,,,,,,,,,,,,,,60,True,0.6,1.2,1.5,2,0.2,453,453,0,453,0,0,/rog_map/commit_version,0.12,0.1,0,0,False,/rog_map/cloud_process_ack,/sector/full_refresh_request,0,0,0,0,0,False,0,0,0,0,0,0,0,False,0,0,0,0,0,0,0,0,0,0,0,0,0,0,0,6000,0,0,100,19247581,10736945,55.783,False,0,False,0,0,False,0,0,1.5,0,1.5,1.5,0,0,0,,,,,,,,,0,0,,False,False,False,0,0,5,15,False,0,0,0,0,0,0,0,0,,,/planning/trajectory_guard_recovery_active,2.5,0,0,False,False,0,0,0,0,0,False,0,0,0,0,0,0,0,0,False,0,0,0,0,0,0,0,0,,,,,,,,,,,,,,,,,,,,,,,,24116.904977375565,442,5.803571428571429,139964.1806722689,482338.0995475113,213193440.0,2.6696048864797386,22.394268907563028,20.0,14.085267828054299,9.241262398190045,4.8422996606334845,1.4585962036199096,55.783,83.64710432042648,3.2563294203096054,24.855551625116313,1,0,True,,0,3194.95703125,3170.8857421875,0.0,3921.765625,2047.8515625,8443.65234375,702.69921875,0.0,0.0,../../tmp/counterbalanced_map_worker_3mode_seed1_10_n10_artifacts_20260828/seed10_run5_sector.attempt1.memory.csv,True,True,../../tmp/counterbalanced_map_worker_3mode_seed1_10_n10_artifacts_20260828/seed10_run5_sector.attempt1.performance.csv,0,442,,
seed10,5,adaptive,284,2,,strict-burst,cpp,True,True,,,,,,,,,,,,,0,38,38,38,0,8,10,0,0,0,0,0,0,0,0,0,0,38,73,0,0,0,20,16,0,30,37,41.85546851158142,1.1312288786913898,8.525214910507202,,,,,,,,,,,,,,,,,,,,,,,,,,,,,,,87.93,5,5,0,0.361,True,1042220,0,0.385,0.185,,,,,,,0,static_pcd,0,0,0,,,,,,,,,,,,,,,../../tmp/counterbalanced_map_worker_3mode_seed1_10_n10_artifacts_20260828/seed10_run5_adaptive.json,8792,8130,1.23,-0.771,1.386,-24.963,24.027,-25.174,25.376,241.009,7.0,7.001447,7.001447,7.000477,7.0,0.01,True,0,0,0,,,,,,0.0,1787912377.463127,3.01,2.059,1787912378.19127,4.95,4.45,0,,,,,,,,,,,,,,,,,,,,,,,,,,,,,,,,,,,,,,,,,,,,,,,,,,,,,,,,,,,,,,,,,,,,,,,,,,60,True,0.6,1.2,1.5,2,1.5,477,477,0,345,132,5,/rog_map/commit_version,0.12,0.1,0.25,0,True,/rog_map/cloud_process_ack,/sector/full_refresh_request,338,338,35,91,91,False,0,1,91,0,0,0,91,False,129,129,0,338,0,338,1787912464587800723,338,1,0.354958,0.668216,0.049622,0.110763,0.179497,0.859974,6000,2294424,957517,72.327,19408852,12042116,62.044,False,0,True,89.099,91.533,False,0.6,1.4,1.5,0.2,3,2.893488,0,0,0,,,,,,,,,0,0,,True,True,False,0.6,1.4,3,15,False,29,29,6,5,20.126,483,284,12,1787912377.46,1787912377.46,/planning/trajectory_guard_recovery_active,2.5,0,0,True,True,76,38,5,4,38,False,1,38,38,0,0,0,0.050217,0.075728,False,0,87.421,231,186,174,132,48.428,38.994,1787912378.91,,,,,,,,,,,,,,,,,,,,,,,35482.05917159763,338,3.8439667917661775,136391.85715910382,907062.6804733728,306587186.0,3.325194188871441,27.89375057432048,24.579881656804734,31.269900000000003,19.41858023668639,11.849445621301776,2.9777704112426036,62.044,76.69429328527261,3.398175942107186,25.688634950876043,1,0,True,,0,3225.51953125,3201.4697265625,0.0,3892.36328125,2047.828125,8409.2421875,702.69921875,0.0,0.0,../../tmp/counterbalanced_map_worker_3mode_seed1_10_n10_artifacts_20260828/seed10_run5_adaptive.attempt1.memory.csv,True,True,../../tmp/counterbalanced_map_worker_3mode_seed1_10_n10_artifacts_20260828/seed10_run5_adaptive.attempt1.performance.csv,0,338,,
seed10,5,full,285,3,,strict-burst,direct,True,True,,,,,,,,,,,,,0,0,0,0,0,12,21,0,0,0,0,0,5,1,0,0,0,30,49,0,0,0,19,10,0,20,29,35.732707023620605,1.2321623111593312,4.34567928314209,,,,,,,,,,,,,,,,,,,,,,,,,,,,,,,89.23,5,5,0,0.323,True,1042220,0,0.364,0.164,,,,,,,0,static_pcd,0,0,0,,,,,,,,,,,,,,,../../tmp/counterbalanced_map_worker_3mode_seed1_10_n10_artifacts_20260828/seed10_run5_full.json,8923,8193,0.901,-1.153,2.007,-25.148,24.523,-24.581,24.633,240.631,6.999,7.001249,7.001249,6.998681,7.0,0.01,True,0,0,0,,,,,,1.464,,,,,,,0,,,,,,,,,,,,,,,,,,,,,,,,,,,,,,,,,,,,,,,,,,,,,,,,,,,,,,,,,,,,,,,,,,,,,,,,,,,,,,,,,,,,,,,,,,,,,,,,,,,,,,,,,,,,,,,,,,,,,,,,,,,,,,,,,,,,,,,,,,,,,,,,,,,,,,,,,,,,,,,,,,,,,,,,,,,,,,,,,,,,,,,,,,,,,,,,,,,,,,,,,,,,,,,,,,,,,,,,,,,,,,,,,,,42683.99599198397,499,5.592289588703351,238701.26639022748,1365887.8436873748,681578034.0,7.284584395970702,61.107522940715,32.0,35.92161863727455,23.93146873747495,11.988348336673347,2.3212756573146294,,88.96027618143933,,25.636118084010356,1,0,True,,0,3231.39453125,3208.412109375,0.0,4011.52734375,2047.82421875,8395.34765625,702.69921875,0.0,0.0,../../tmp/counterbalanced_map_worker_3mode_seed1_10_n10_artifacts_20260828/seed10_run5_full.attempt1.memory.csv,True,True,../../tmp/counterbalanced_map_worker_3mode_seed1_10_n10_artifacts_20260828/seed10_run5_full.attempt1.performance.csv,3,502,,
seed10,6,adaptive,286,1,,strict-burst,cpp,True,True,,,,,,,,,,,,,0,46,46,46,0,16,20,0,0,0,0,0,0,0,0,0,0,46,104,0,0,0,25,19,0,32,46,50.653239011764526,1.101157369820968,2.6256487369537354,,,,,,,,,,,,,,,,,,,,,,,,,,,,,,,106.06,5,5,0,0.377,True,1042220,0,0.477,0.277,,,,,,,0,static_pcd,0,0,0,,,,,,,,,,,,,,,../../tmp/counterbalanced_map_worker_3mode_seed1_10_n10_artifacts_20260828/seed10_run6_adaptive.json,10606,9560,0.788,-1.084,1.908,-23.976,24.153,-24.434,25.227,250.67,6.999,7.000731,7.000732,6.999067,7.0,0.01,True,0,0,0,,,,,,1.34,1787912605.269688,5.95,20.649,1787912603.819378,9.736,21.653,0,,,,,,,,,,,,,,,,,,,,,,,,,,,,,,,,,,,,,,,,,,,,,,,,,,,,,,,,,,,,,,,,,,,,,,,,,,60,True,0.6,1.2,1.5,2,1.5,531,531,0,396,135,5,/rog_map/commit_version,0.12,0.1,0.25,0,True,/rog_map/cloud_process_ack,/sector/full_refresh_request,393,393,44,103,103,False,0,1,103,0,0,0,103,False,149,149,0,393,0,393,1787912680711665593,393,0,0.354616,0.848528,0.047606,0.130539,0.190197,1.565379,6000,2589259,1086000,74.576,22188809,14087566,63.49,False,0,False,90.395,91.517,False,0.6,1.4,1.5,0.2,3,2.886808,0,0,0,,,,,,,,,0,0,,True,True,False,0.6,1.4,3,15,False,30,30,8,8,15.819,530,276,9,1787912574.66,1787912574.66,/planning/trajectory_guard_recovery_active,2.5,0,0,False,False,93,46,5,5,46,False,1,46,46,0,0,0,0.048436,0.080617,False,0,87.759,273,193,205,144,51.412,36.347,1787912575,,,,,,,,,,,,,,,,,,,,,,,35939.81841432225,391,3.686592494814256,132495.4648312276,916228.9462915601,358245518.0,3.221285588197746,27.022102055440318,24.572890025575447,29.46016820971867,18.720072685421993,10.738213401534527,2.5365193120204603,63.49,69.51921698785632,3.2915052664016846,25.745801208762895,1,0,True,,0,3236.421875,3212.0263671875,0.0,3980.60546875,2047.8203125,8426.32421875,702.69921875,0.0,0.0,../../tmp/counterbalanced_map_worker_3mode_seed1_10_n10_artifacts_20260828/seed10_run6_adaptive.attempt1.memory.csv,True,True,../../tmp/counterbalanced_map_worker_3mode_seed1_10_n10_artifacts_20260828/seed10_run6_adaptive.attempt1.performance.csv,2,393,,
seed10,6,full,287,2,,strict-burst,direct,True,True,,,,,,,,,,,,,0,0,0,0,0,5,5,0,0,0,0,0,0,0,0,0,0,22,29,0,0,0,16,6,0,19,21,29.149672269821167,1.388079631896246,5.495084762573242,,,,,,,,,,,,,,,,,,,,,,,,,,,,,,,77.4,5,5,0,0.377,True,1042220,0,0.463,0.263,,,,,,,0,static_pcd,0,0,0,,,,,,,,,,,,,,,../../tmp/counterbalanced_map_worker_3mode_seed1_10_n10_artifacts_20260828/seed10_run6_full.json,7739,7203,0.849,-1.192,1.948,-26.313,23.907,-24.693,26.824,235.138,6.998,7.000864,7.000864,6.997637,7.0,0.01,True,0,0,0,,,,,,1.463,,,,,,,0,,,,,,,,,,,,,,,,,,,,,,,,,,,,,,,,,,,,,,,,,,,,,,,,,,,,,,,,,,,,,,,,,,,,,,,,,,,,,,,,,,,,,,,,,,,,,,,,,,,,,,,,,,,,,,,,,,,,,,,,,,,,,,,,,,,,,,,,,,,,,,,,,,,,,,,,,,,,,,,,,,,,,,,,,,,,,,,,,,,,,,,,,,,,,,,,,,,,,,,,,,,,,,,,,,,,,,,,,,,,,,,,,,,42127.66894977169,438,5.65891472868217,238396.88630490954,1348085.493150685,590461446.0,7.275296070779016,61.02960682170542,32.0,38.24540091324201,25.260913470319633,12.982536301369862,2.7194317534246575,,99.40476682715577,,27.627863079106795,1,0,True,,0,3220.6171875,3197.494140625,0.0,3907.96484375,2047.7890625,8443.1484375,702.69921875,0.0,0.0,../../tmp/counterbalanced_map_worker_3mode_seed1_10_n10_artifacts_20260828/seed10_run6_full.attempt1.memory.csv,True,True,../../tmp/counterbalanced_map_worker_3mode_seed1_10_n10_artifacts_20260828/seed10_run6_full.attempt1.performance.csv,2,440,,
seed10,6,sector,288,3,,strict-burst,cpp,True,True,,,,,,,,,,,,,0,0,0,0,0,7,10,0,0,0,0,0,0,0,0,0,0,23,57,0,13,0,10,12,0,12,23,18.959356784820557,0.8243198602095895,2.048739194869995,,,,,,,,,,,,,,,,,,,,,,,,,,,,,,,74.71,5,5,0,0.302,True,1042220,0,0.309,0.109,,,,,,,0,static_pcd,0,0,0,,,,,,,,,,,,,,,../../tmp/counterbalanced_map_worker_3mode_seed1_10_n10_artifacts_20260828/seed10_run6_sector.json,7470,6970,1.168,-0.886,0.913,-26.373,24.025,-24.32,25.42,234.541,7.0,7.001331,7.001331,6.999936,7.0,0.01,True,0,0,0,,,,,,1.466,,,,,,,0,,,,,,,,,,,,,,,,,,,,,,,,,,,,,,,,,,,,,,,,,,,,,,,,,,,,,,,,,,,,,,,,,,,,,,,,,,60,True,0.6,1.2,1.5,2,0.2,479,479,0,479,0,0,/rog_map/commit_version,0.12,0.1,0,0,False,/rog_map/cloud_process_ack,/sector/full_refresh_request,0,0,0,0,0,False,0,0,0,0,0,0,0,False,0,0,0,0,0,0,0,0,0,0,0,0,0,0,0,6000,0,0,100,20594841,11706126,56.84,False,0,False,0,0,False,0,0,1.5,0,1.5,1.5,0,0,0,,,,,,,,,0,0,,False,False,False,0,0,5,15,False,0,0,0,0,0,0,0,0,,,/planning/trajectory_guard_recovery_active,2.5,0,0,False,False,0,0,0,0,0,False,0,0,0,0,0,0,0,0,False,0,0,0,0,0,0,0,0,,,,,,,,,,,,,,,,,,,,,,,,24696.65466101695,472,6.317762013117388,156027.58666845135,493933.093220339,233136420.0,2.9759900411310456,24.964413866952217,20.0,13.899944788135592,9.310133580508474,4.588236631355932,1.331028811440678,56.84,85.31428141969359,3.363654377120428,25.816684682856156,1,0,True,,0,3224.15234375,3199.8876953125,0.0,3941.0390625,2047.78515625,8480.125,702.69921875,0.0,0.0,../../tmp/counterbalanced_map_worker_3mode_seed1_10_n10_artifacts_20260828/seed10_run6_sector.attempt1.memory.csv,True,True,../../tmp/counterbalanced_map_worker_3mode_seed1_10_n10_artifacts_20260828/seed10_run6_sector.attempt1.performance.csv,0,472,,
seed10,7,full,289,1,,strict-burst,direct,True,True,,,,,,,,,,,,,0,0,0,0,0,15,23,0,0,0,0,0,0,0,0,0,0,36,55,0,0,0,21,13,0,28,36,40.28156304359436,1.11893230676651,4.61979866027832,,,,,,,,,,,,,,,,,,,,,,,,,,,,,,,94.39,5,5,0,0.388,True,1042220,0,0.443,0.243,,,,,,,0,static_pcd,0,0,0,,,,,,,,,,,,,,,../../tmp/counterbalanced_map_worker_3mode_seed1_10_n10_artifacts_20260828/seed10_run7_full.json,9438,8450,1.072,-1.022,1.758,-30.72,24.025,-24.775,25.137,239.525,6.998,7.001468,7.001468,6.998425,7.0,0.01,True,0,0,0,,,,,,1.482,,,,,,,0,,,,,,,,,,,,,,,,,,,,,,,,,,,,,,,,,,,,,,,,,,,,,,,,,,,,,,,,,,,,,,,,,,,,,,,,,,,,,,,,,,,,,,,,,,,,,,,,,,,,,,,,,,,,,,,,,,,,,,,,,,,,,,,,,,,,,,,,,,,,,,,,,,,,,,,,,,,,,,,,,,,,,,,,,,,,,,,,,,,,,,,,,,,,,,,,,,,,,,,,,,,,,,,,,,,,,,,,,,,,,,,,,,,39731.252118644064,472,5.000529717131052,198677.30691810572,1271400.2076271186,600100898.0,6.063150902372357,50.86139616484797,32.0,35.23170572033899,23.44487161016949,11.784930762711864,2.361610504237288,,80.27615919501169,,25.128241078484866,1,0,True,,0,3232.87890625,3209.783203125,0.0,4013.23046875,2047.78125,8398.70703125,702.69921875,0.0,0.0,../../tmp/counterbalanced_map_worker_3mode_seed1_10_n10_artifacts_20260828/seed10_run7_full.attempt1.memory.csv,True,True,../../tmp/counterbalanced_map_worker_3mode_seed1_10_n10_artifacts_20260828/seed10_run7_full.attempt1.performance.csv,2,474,,
seed10,7,sector,290,2,,strict-burst,cpp,True,True,,,,,,,,,,,,,0,0,0,0,0,7,7,0,0,0,0,0,0,0,0,0,0,21,51,0,0,0,9,11,0,13,21,24.165562391281128,1.1507410662514823,4.039069652557373,,,,,,,,,,,,,,,,,,,,,,,,,,,,,,,73.64,5,5,0,0.399,True,1042220,0,0.404,0.204,,,,,,,0,static_pcd,0,0,0,,,,,,,,,,,,,,,../../tmp/counterbalanced_map_worker_3mode_seed1_10_n10_artifacts_20260828/seed10_run7_sector.json,7363,6740,0.791,-1.211,1.962,-26.786,24.025,-24.569,24.892,239.292,6.999,7.003492,7.003492,6.999239,7.0,0.01,True,0,0,0,,,,,,0.0,,,,,,,0,,,,,,,,,,,,,,,,,,,,,,,,,,,,,,,,,,,,,,,,,,,,,,,,,,,,,,,,,,,,,,,,,,,,,,,,,,60,True,0.6,1.2,1.5,2,0.2,477,477,0,477,0,0,/rog_map/commit_version,0.12,0.1,0,0,False,/rog_map/cloud_process_ack,/sector/full_refresh_request,0,0,0,0,0,False,0,0,0,0,0,0,0,False,0,0,0,0,0,0,0,0,0,0,0,0,0,0,0,6000,0,0,100,20055572,10936431,54.531,False,0,False,0,0,False,0,0,1.5,0,1.5,1.5,0,0,0,,,,,,,,,0,0,,False,False,False,0,0,5,15,False,0,0,0,0,0,0,0,0,,,/planning/trajectory_guard_recovery_active,2.5,0,0,False,False,0,0,0,0,0,False,0,0,0,0,0,0,0,0,False,0,0,0,0,0,0,0,0,,,,,,,,,,,,,,,,,,,,,,,,23408.33261339093,463,6.287343834872352,147176.23574144486,468166.6522678186,216761160.0,2.8071639202393506,23.54819771863118,20.0,14.971475939524838,9.58777282937365,5.382077904967603,1.4424913304535638,54.531,87.59337290257976,3.2760798562211053,27.08094762054725,1,0,True,,0,3193.58984375,3169.2373046875,0.0,3998.296875,2047.76171875,8392.9921875,702.69921875,0.0,0.0,../../tmp/counterbalanced_map_worker_3mode_seed1_10_n10_artifacts_20260828/seed10_run7_sector.attempt1.memory.csv,True,True,../../tmp/counterbalanced_map_worker_3mode_seed1_10_n10_artifacts_20260828/seed10_run7_sector.attempt1.performance.csv,0,463,,
seed10,7,adaptive,291,3,,strict-burst,cpp,True,True,,,,,,,,,,,,,0,32,32,32,0,6,7,0,0,0,0,0,0,0,0,0,0,32,47,0,0,0,20,11,0,27,32,28.711596727371216,0.8972373977303505,1.8680760860443115,,,,,,,,,,,,,,,,,,,,,,,,,,,,,,,81.38,5,5,0,0.383,True,1042220,0,0.454,0.254,,,,,,,0,static_pcd,0,0,0,,,,,,,,,,,,,,,../../tmp/counterbalanced_map_worker_3mode_seed1_10_n10_artifacts_20260828/seed10_run7_adaptive.json,8137,7430,1.192,-0.888,1.139,-25.875,24.142,-24.882,26.524,232.737,7.0,7.002981,7.002981,7.000028,7.0,0.01,True,0,0,0,,,,,,0.284,1787913054.010672,1.974,1.698,1787913058.624788,10.226,11.706,0,,,,,,,,,,,,,,,,,,,,,,,,,,,,,,,,,,,,,,,,,,,,,,,,,,,,,,,,,,,,,,,,,,,,,,,,,,60,True,0.6,1.2,1.5,2,1.5,421,421,0,312,109,5,/rog_map/commit_version,0.12,0.1,0.25,0,True,/rog_map/cloud_process_ack,/sector/full_refresh_request,304,304,23,82,82,False,0,1,82,0,0,0,82,False,114,114,0,304,0,304,1787913135322143479,304,1,0.34579,0.67215,0.048622,0.11309,0.189435,0.955625,6000,2000115,846000,74.109,17022563,10732416,63.048,True,30.166,True,81.473,83.733,True,0.6,1.4,1.5,0.2,3,2.899297,1,1,0,1787913110.61,1787913110.61,1787913111.54,1787913121.43,1787913122.64,1.209822,,,7,1.209822,0,True,True,False,0.6,1.4,3,15,False,26,26,12,11,18.765,452,269,8,1787913054.01,1787913054.01,/planning/trajectory_guard_recovery_active,2.5,0,0,False,True,65,32,6,5,32,False,1,32,32,0,0,0,0.048351,0.084014,False,0,75.059,157,159,123,114,37.292,37.767,1787913054.24,,,,,,,,,,,,,,,,,,,,,,,35119.04605263158,304,3.7355615630376016,131189.35856475795,893614.9013157894,271658930.0,3.1835112357262636,26.70522782010322,24.5,31.07397861842105,19.143317335526316,11.928926315789473,3.2232322532894737,63.048,79.04920916956561,3.2394161441258635,,1,0,True,,0,3208.796875,3184.5791015625,0.0,3940.47265625,2047.7265625,8475.21875,702.69921875,0.0,0.0,../../tmp/counterbalanced_map_worker_3mode_seed1_10_n10_artifacts_20260828/seed10_run7_adaptive.attempt1.memory.csv,True,True,../../tmp/counterbalanced_map_worker_3mode_seed1_10_n10_artifacts_20260828/seed10_run7_adaptive.attempt1.performance.csv,0,304,,
seed10,8,sector,292,1,,strict-burst,cpp,True,True,,,,,,,,,,,,,0,0,0,0,0,6,6,0,0,0,0,0,0,0,0,0,0,33,74,0,0,0,16,17,0,22,33,28.082510709762573,0.8509851730231083,1.539846658706665,,,,,,,,,,,,,,,,,,,,,,,,,,,,,,,80.21,5,5,0,0.401,True,1042220,0,0.405,0.205,,,,,,,0,static_pcd,0,0,0,,,,,,,,,,,,,,,../../tmp/counterbalanced_map_worker_3mode_seed1_10_n10_artifacts_20260828/seed10_run8_sector.json,8021,7447,0.695,-1.304,2.146,-25.875,24.025,-25.514,25.276,242.611,7.003,7.002942,7.002942,7.002941,7.0,0.01,True,0,0,0,,,,,,0.562,,,,,,,0,,,,,,,,,,,,,,,,,,,,,,,,,,,,,,,,,,,,,,,,,,,,,,,,,,,,,,,,,,,,,,,,,,,,,,,,,,60,True,0.6,1.2,1.5,2,0.2,426,426,0,426,0,0,/rog_map/commit_version,0.12,0.1,0,0,False,/rog_map/cloud_process_ack,/sector/full_refresh_request,0,0,0,0,0,False,0,0,0,0,0,0,0,False,0,0,0,0,0,0,0,0,0,0,0,0,0,0,0,6000,0,0,100,17835417,9991098,56.018,False,0,False,0,0,False,0,0,1.5,0,1.5,1.5,0,0,0,,,,,,,,,0,0,,False,False,False,0,0,5,15,False,0,0,0,0,0,0,0,0,,,/planning/trajectory_guard_recovery_active,2.5,0,0,False,False,0,0,0,0,0,False,0,0,0,0,0,0,0,0,False,0,0,0,0,0,0,0,0,,,,,,,,,,,,,,,,,,,,,,,,23727.761336515512,419,5.22378755766114,123948.78444084279,474555.22673031024,198838640.0,2.364135445420128,19.83180551053485,20.0,13.87556369928401,9.281586085918855,4.592368353221957,1.3576508019093079,56.018,75.08867986041953,3.111315497717783,26.55477517402775,1,0,True,,0,3195.0546875,3170.9208984375,0.0,3914.5546875,2047.7265625,8465.078125,702.69921875,0.0,0.0,../../tmp/counterbalanced_map_worker_3mode_seed1_10_n10_artifacts_20260828/seed10_run8_sector.attempt1.memory.csv,True,True,../../tmp/counterbalanced_map_worker_3mode_seed1_10_n10_artifacts_20260828/seed10_run8_sector.attempt1.performance.csv,0,419,,
seed10,8,adaptive,293,2,,strict-burst,cpp,True,True,,,,,,,,,,,,,0,41,41,41,0,10,14,0,0,0,0,0,0,0,0,0,0,41,65,0,2,0,25,13,0,33,41,47.8683123588562,1.167519813630639,6.190756320953369,,,,,,,,,,,,,,,,,,,,,,,,,,,,,,,95.17,5,5,0,0.375,True,1042220,0,0.439,0.239,,,,,,,0,static_pcd,0,0,0,,,,,,,,,,,,,,,../../tmp/counterbalanced_map_worker_3mode_seed1_10_n10_artifacts_20260828/seed10_run8_adaptive.json,9516,8860,0.709,-1.287,1.715,-26.049,24.033,-25.899,25.225,240.965,7.0,7.002174,7.002174,6.999995,7.0,0.01,True,0,0,0,,,,,,1.47,1787913256.037598,12.885,22.509,1787913255.651464,13.317,22.524,0,,,,,,,,,,,,,,,,,,,,,,,,,,,,,,,,,,,,,,,,,,,,,,,,,,,,,,,,,,,,,,,,,,,,,,,,,,60,True,0.6,1.2,1.5,2,1.5,413,413,0,317,96,5,/rog_map/commit_version,0.12,0.1,0.25,0,True,/rog_map/cloud_process_ack,/sector/full_refresh_request,316,316,29,96,96,False,0,1,96,0,0,0,96,False,137,137,0,316,0,316,1787913332146897436,316,1,0.363137,0.95924,0.046835,0.103017,0.220487,1.36626,6000,1819914,814402,76.755,16855144,11334341,67.246,False,0,True,91.768,92.662,False,0.6,1.4,1.5,0.2,3,2.899342,0,0,0,,,,,,,,,0,0,,True,True,False,0.6,1.4,3,15,False,30,30,3,2,16.223,448,240,9,1787913236.49,1787913236.49,/planning/trajectory_guard_recovery_active,2.5,0,0,False,True,83,41,2,1,41,False,1,41,41,0,0,0,0.04927,0.080981,False,0,90.315,197,176,158,133,47.7,42.615,1787913236.87,,,,,,,,,,,,,,,,,,,,,,,35937.51111111111,315,3.309866554586529,118948.36608174845,933739.7142857143,294128010.0,2.9473818311724354,24.72443080802774,25.21904761904762,31.33812644444445,19.638949904761905,11.697397111111112,2.9518584476190477,67.246,68.2338059414662,3.1969952066470837,26.222692888303595,1,0,True,,0,3218.84765625,3194.689453125,0.0,3943.9921875,2047.6796875,8493.12109375,702.68359375,0.0,0.0,../../tmp/counterbalanced_map_worker_3mode_seed1_10_n10_artifacts_20260828/seed10_run8_adaptive.attempt1.memory.csv,True,True,../../tmp/counterbalanced_map_worker_3mode_seed1_10_n10_artifacts_20260828/seed10_run8_adaptive.attempt1.performance.csv,1,316,,
seed10,8,full,294,3,,strict-burst,direct,True,True,,,,,,,,,,,,,0,0,0,0,0,6,18,0,0,0,0,0,0,0,0,0,0,25,45,0,1,0,15,10,0,20,25,29.95633053779602,1.1982532215118409,6.664106845855713,,,,,,,,,,,,,,,,,,,,,,,,,,,,,,,80.67,5,5,0,0.336,True,1042220,0,0.357,0.157,,,,,,,0,static_pcd,0,0,0,,,,,,,,,,,,,,,../../tmp/counterbalanced_map_worker_3mode_seed1_10_n10_artifacts_20260828/seed10_run8_full.json,8066,7443,0.991,-1.122,1.462,-27.42,24.025,-24.613,26.982,230.408,7.0,7.00176,7.00176,7.000113,7.0,0.01,True,0,0,0,,,,,,1.497,,,,,,,0,,,,,,,,,,,,,,,,,,,,,,,,,,,,,,,,,,,,,,,,,,,,,,,,,,,,,,,,,,,,,,,,,,,,,,,,,,,,,,,,,,,,,,,,,,,,,,,,,,,,,,,,,,,,,,,,,,,,,,,,,,,,,,,,,,,,,,,,,,,,,,,,,,,,,,,,,,,,,,,,,,,,,,,,,,,,,,,,,,,,,,,,,,,,,,,,,,,,,,,,,,,,,,,,,,,,,,,,,,,,,,,,,,,42543.46715328467,411,5.094830792116028,216751.76645593156,1361391.00729927,559531704.0,6.614739250276735,55.488454592785416,32.0,36.071141605839415,23.708917518248178,12.360328053527981,2.6695693844282236,,89.55230562668103,,26.30138263514028,1,0,True,,0,3237.92578125,3215.154296875,0.0,4050.4453125,2047.5,8424.1015625,702.50390625,0.0,0.0,../../tmp/counterbalanced_map_worker_3mode_seed1_10_n10_artifacts_20260828/seed10_run8_full.attempt1.memory.csv,True,True,../../tmp/counterbalanced_map_worker_3mode_seed1_10_n10_artifacts_20260828/seed10_run8_full.attempt1.performance.csv,3,414,,
seed10,9,adaptive,295,1,,strict-burst,cpp,True,True,,,,,,,,,,,,,0,16,16,16,0,2,2,0,0,0,0,0,0,0,0,0,0,16,25,0,0,0,10,5,0,12,16,21.20778203010559,1.3254863768815994,9.613876819610596,,,,,,,,,,,,,,,,,,,,,,,,,,,,,,,72.44,5,5,0,0.397,True,1042220,0,0.464,0.264,,,,,,,0,static_pcd,0,0,0,,,,,,,,,,,,,,,../../tmp/counterbalanced_map_worker_3mode_seed1_10_n10_artifacts_20260828/seed10_run9_adaptive.json,7243,6610,1.365,-0.533,1.739,-26.892,24.026,-25.82,27.4,238.796,6.998,7.002757,7.002756,6.998406,7.0,0.01,True,0,0,0,,,,,,0.0,1787913435.515248,4.617,5.94,1787913434.797726,4.586,3.821,0,,,,,,,,,,,,,,,,,,,,,,,,,,,,,,,,,,,,,,,,,,,,,,,,,,,,,,,,,,,,,,,,,,,,,,,,,,60,True,0.6,1.2,1.5,2,1.5,386,386,0,276,110,5,/rog_map/commit_version,0.12,0.1,0.25,0,True,/rog_map/cloud_process_ack,/sector/full_refresh_request,269,269,21,84,84,False,0,1,84,0,0,0,84,False,100,100,0,269,0,269,1787913506095333128,269,1,0.35812,0.746116,0.055029,0.13841,0.183303,0.746116,6000,1331410,587602,71.503,16316828,9735260,59.664,True,57.254,False,69.948,71.98,False,0.6,1.4,1.5,0.2,3,2.896598,1,0,0,1787913465.95,1787913465.95,1787913466.42,,,,,,29,1.009938,0,True,True,False,0.6,1.4,3,15,False,25,25,14,14,19.171,514,287,8,1787913434.13,1787913434.13,/planning/trajectory_guard_recovery_active,2.5,0,0,False,False,33,16,7,7,16,False,1,16,16,0,0,0,0.053129,0.065861,False,0,61.658,97,141,76,101,25.13,36.528,1787913435.51,,,,,,,,,,,,,,,,,,,,,,,36007.724907063195,269,3.7134180011043623,133711.73384870237,914777.2862453532,246075090.0,3.239584390396969,27.17560353395914,24.460966542750928,32.69361104089219,19.19497687732342,13.496806059479553,3.588926319702602,59.664,92.7662856005748,3.1535887729255427,26.755288135185282,1,0,True,,0,3215.01953125,3190.96875,0.0,4040.0625,2047.5,8369.78515625,702.50390625,0.0,0.0,../../tmp/counterbalanced_map_worker_3mode_seed1_10_n10_artifacts_20260828/seed10_run9_adaptive.attempt1.memory.csv,True,True,../../tmp/counterbalanced_map_worker_3mode_seed1_10_n10_artifacts_20260828/seed10_run9_adaptive.attempt1.performance.csv,0,269,,
seed10,9,full,296,2,,strict-burst,direct,True,True,,,,,,,,,,,,,0,0,0,0,0,10,10,0,0,0,0,0,0,0,0,0,0,32,51,0,0,0,22,9,0,26,32,35.31450390815735,1.1035782471299171,3.4929862022399902,,,,,,,,,,,,,,,,,,,,,,,,,,,,,,,85.47,5,5,0,0.342,True,1042220,0,0.39,0.19,,,,,,,0,static_pcd,0,0,0,,,,,,,,,,,,,,,../../tmp/counterbalanced_map_worker_3mode_seed1_10_n10_artifacts_20260828/seed10_run9_full.json,8546,7840,0.814,-1.24,1.145,-25.193,24.124,-24.655,26.834,236.49,7.0,7.001965,7.001965,7.000213,7.0,0.01,True,0,0,0,,,,,,1.484,,,,,,,0,,,,,,,,,,,,,,,,,,,,,,,,,,,,,,,,,,,,,,,,,,,,,,,,,,,,,,,,,,,,,,,,,,,,,,,,,,,,,,,,,,,,,,,,,,,,,,,,,,,,,,,,,,,,,,,,,,,,,,,,,,,,,,,,,,,,,,,,,,,,,,,,,,,,,,,,,,,,,,,,,,,,,,,,,,,,,,,,,,,,,,,,,,,,,,,,,,,,,,,,,,,,,,,,,,,,,,,,,,,,,,,,,,,42457.6030927835,388,4.5396045396045395,192740.72774072774,1358643.381443299,527153632.0,5.881980573753035,49.341629296829296,32.0,36.75177628865979,23.89111005154639,12.85876538659794,2.8006252706185566,,82.19410886231103,,24.578166399576595,1,0,True,,0,3219.41796875,3196.3828125,0.0,3958.46875,2047.5,8410.703125,702.50390625,0.0,0.0,../../tmp/counterbalanced_map_worker_3mode_seed1_10_n10_artifacts_20260828/seed10_run9_full.attempt1.memory.csv,True,True,../../tmp/counterbalanced_map_worker_3mode_seed1_10_n10_artifacts_20260828/seed10_run9_full.attempt1.performance.csv,4,392,,
seed10,9,sector,297,3,,strict-burst,cpp,True,True,,,,,,,,,,,,,0,0,0,0,0,5,9,0,0,0,0,0,0,0,0,0,0,17,35,0,0,0,8,7,0,8,17,23.4185152053833,1.3775597179637236,9.513904094696045,,,,,,,,,,,,,,,,,,,,,,,,,,,,,,,73.7,5,5,0,0.334,True,1042220,0,0.334,0.134,,,,,,,0,static_pcd,0,0,0,,,,,,,,,,,,,,,../../tmp/counterbalanced_map_worker_3mode_seed1_10_n10_artifacts_20260828/seed10_run9_sector.json,7369,6910,1.373,-0.59,1.038,-25.212,24.031,-24.359,27.04,236.474,7.0,7.003353,7.003353,6.999998,7.0,0.01,True,0,0,0,,,,,,0.278,,,,,,,0,,,,,,,,,,,,,,,,,,,,,,,,,,,,,,,,,,,,,,,,,,,,,,,,,,,,,,,,,,,,,,,,,,,,,,,,,,60,True,0.6,1.2,1.5,2,0.2,456,456,0,456,0,0,/rog_map/commit_version,0.12,0.1,0,0,False,/rog_map/cloud_process_ack,/sector/full_refresh_request,0,0,0,0,0,False,0,0,0,0,0,0,0,False,0,0,0,0,0,0,0,0,0,0,0,0,0,0,0,6000,0,0,100,19686244,11186251,56.823,False,0,False,0,0,False,0,0,1.5,0,1.5,1.5,0,0,0,,,,,,,,,0,0,,False,False,False,0,0,5,15,False,0,0,0,0,0,0,0,0,,,/planning/trajectory_guard_recovery_active,2.5,0,0,False,False,0,0,0,0,0,False,0,0,0,0,0,0,0,0,False,0,0,0,0,0,0,0,0,,,,,,,,,,,,,,,,,,,,,,,,24804.09131403118,449,6.092265943012212,151113.12075983718,496081.8262806236,222740740.0,2.8822540428130563,24.178099321573946,20.0,14.313154097995545,9.459517126948775,4.852005233853006,1.4549435857461024,56.823,88.97934399422763,3.23256704178359,27.324419491409582,1,0,True,,0,3210.94140625,3186.7421875,0.0,3869.41015625,2047.49609375,8498.3671875,702.50390625,0.0,0.0,../../tmp/counterbalanced_map_worker_3mode_seed1_10_n10_artifacts_20260828/seed10_run9_sector.attempt1.memory.csv,True,True,../../tmp/counterbalanced_map_worker_3mode_seed1_10_n10_artifacts_20260828/seed10_run9_sector.attempt1.performance.csv,1,450,,
seed10,10,full,298,1,,strict-burst,direct,True,True,,,,,,,,,,,,,0,0,0,0,0,9,12,0,0,0,0,0,0,0,0,0,0,28,38,0,0,0,19,8,0,23,28,29.817957878112793,1.064927067075457,3.234919786453247,,,,,,,,,,,,,,,,,,,,,,,,,,,,,,,85.65,5,5,0,0.38,True,1042220,0,0.388,0.188,,,,,,,0,static_pcd,0,0,0,,,,,,,,,,,,,,,../../tmp/counterbalanced_map_worker_3mode_seed1_10_n10_artifacts_20260828/seed10_run10_full.json,8564,7865,1.417,-0.486,1.513,-25.83,24.025,-24.495,30.149,243.504,6.999,7.000937,7.000937,6.99865,7.0,0.01,True,0,0,0,,,,,,1.498,,,,,,,0,,,,,,,,,,,,,,,,,,,,,,,,,,,,,,,,,,,,,,,,,,,,,,,,,,,,,,,,,,,,,,,,,,,,,,,,,,,,,,,,,,,,,,,,,,,,,,,,,,,,,,,,,,,,,,,,,,,,,,,,,,,,,,,,,,,,,,,,,,,,,,,,,,,,,,,,,,,,,,,,,,,,,,,,,,,,,,,,,,,,,,,,,,,,,,,,,,,,,,,,,,,,,,,,,,,,,,,,,,,,,,,,,,,41438.51376146789,436,5.090484530064215,210942.11325160536,1326032.3302752294,578150096.0,6.437441886550003,54.00117650904845,32.0,36.17782316513762,23.82761605504587,12.348431559633028,2.600138837155963,,91.2596186760176,,26.210223207624363,1,0,True,,0,3228.484375,3205.5078125,0.0,3966.2421875,2047.48828125,8366.65234375,702.50390625,0.0,0.0,../../tmp/counterbalanced_map_worker_3mode_seed1_10_n10_artifacts_20260828/seed10_run10_full.attempt1.memory.csv,True,True,../../tmp/counterbalanced_map_worker_3mode_seed1_10_n10_artifacts_20260828/seed10_run10_full.attempt1.performance.csv,3,439,,
seed10,10,sector,299,2,,strict-burst,cpp,True,True,,,,,,,,,,,,,0,0,0,0,0,9,9,0,0,0,0,0,0,0,0,0,0,23,81,0,0,0,6,16,0,16,23,22.831764936447144,0.992685432019441,4.571702003479004,,,,,,,,,,,,,,,,,,,,,,,,,,,,,,,78.22,5,5,0,0.384,True,1042220,0,0.388,0.188,,,,,,,0,static_pcd,0,0,0,,,,,,,,,,,,,,,../../tmp/counterbalanced_map_worker_3mode_seed1_10_n10_artifacts_20260828/seed10_run10_sector.json,7821,7277,1.457,-0.19,1.582,-26.311,24.025,-24.5,24.92,245.374,7.005,7.005912,7.005912,7.005018,7.0,0.01,True,0,0,0,,,,,,0.555,,,,,,,0,,,,,,,,,,,,,,,,,,,,,,,,,,,,,,,,,,,,,,,,,,,,,,,,,,,,,,,,,,,,,,,,,,,,,,,,,,60,True,0.6,1.2,1.5,2,0.2,454,454,0,454,0,0,/rog_map/commit_version,0.12,0.1,0,0,False,/rog_map/cloud_process_ack,/sector/full_refresh_request,0,0,0,0,0,False,0,0,0,0,0,0,0,False,0,0,0,0,0,0,0,0,0,0,0,0,0,0,0,6000,0,0,100,18906440,10093166,53.385,False,0,False,0,0,False,0,0,1.5,0,1.5,1.5,0,0,0,,,,,,,,,0,0,,False,False,False,0,0,5,15,False,0,0,0,0,0,0,0,0,,,/planning/trajectory_guard_recovery_active,2.5,0,0,False,False,0,0,0,0,0,False,0,0,0,0,0,0,0,0,False,0,0,0,0,0,0,0,0,,,,,,,,,,,,,,,,,,,,,,,,22574.096846846845,444,5.676297622091536,128137.29225262081,451481.9369369369,200457980.0,2.4440248919033207,20.501966760419332,20.0,13.891184774774775,9.188510382882882,4.700977432432432,1.4093755112612611,53.385,85.00015121836888,3.059874071947078,23.474326002633173,1,0,True,,0,3199.76171875,3175.6455078125,0.0,3920.578125,2047.48828125,8496.7265625,702.50390625,0.0,0.0,../../tmp/counterbalanced_map_worker_3mode_seed1_10_n10_artifacts_20260828/seed10_run10_sector.attempt1.memory.csv,True,True,../../tmp/counterbalanced_map_worker_3mode_seed1_10_n10_artifacts_20260828/seed10_run10_sector.attempt1.performance.csv,0,444,,
seed10,10,adaptive,300,3,,strict-burst,cpp,True,True,,,,,,,,,,,,,0,26,26,26,0,6,7,0,0,0,0,0,0,0,0,0,0,26,42,0,0,0,15,10,0,21,26,25.021958351135254,0.9623830135052021,2.4032628536224365,,,,,,,,,,,,,,,,,,,,,,,,,,,,,,,78.04,5,5,0,0.357,True,1042220,0,0.469,0.269,,,,,,,0,static_pcd,0,0,0,,,,,,,,,,,,,,,../../tmp/counterbalanced_map_worker_3mode_seed1_10_n10_artifacts_20260828/seed10_run10_adaptive.json,7803,7347,0.561,-1.35,2.095,-26.876,24.025,-24.489,25.024,232.956,7.003,7.00377,7.00377,7.003284,7.0,0.01,True,0,0,0,,,,,,0.801,1787913890.724912,19.134,21.838,1787913889.873676,17.683,19.358,0,,,,,,,,,,,,,,,,,,,,,,,,,,,,,,,,,,,,,,,,,,,,,,,,,,,,,,,,,,,,,,,,,,,,,,,,,,60,True,0.6,1.2,1.5,2,1.5,462,462,0,330,132,5,/rog_map/commit_version,0.12,0.1,0.25,0,True,/rog_map/cloud_process_ack,/sector/full_refresh_request,324,324,36,78,78,False,0,1,78,0,0,0,78,False,104,104,0,324,0,324,1787913959566835772,324,0,0.342894,0.768962,0.052134,0.122087,0.163658,0.966069,6000,2237854,960000,71.429,19351092,11617682,60.036,True,80.952,True,83.766,84.267,True,0.6,1.4,1.5,0.2,3,2.898137,1,1,0,1787913891.31,1787913891.31,1787913891.44,1787913940.77,1787913941.98,1.209984,,,36,1.209984,0,True,True,False,0.6,1.4,3,15,False,26,26,10,9,18.182,468,258,8,1787913883.84,1787913880.87,/planning/trajectory_guard_recovery_active,2.5,0,0,False,True,53,26,8,7,26,False,1,26,26,0,0,0,0.050359,0.067949,False,0,80.519,142,230,110,161,30.736,49.784,1787913880.87,,,,,,,,,,,,,,,,,,,,,,,35726.833333333336,324,4.151717068170169,148327.70374167094,875243.586419753,283578922.0,3.465427147431718,29.07010989236289,23.85185185185185,31.471245524691355,19.579476543209875,11.88997848765432,3.1189328302469135,60.036,84.91216878337848,3.354972460086378,26.422089043550216,1,0,True,,0,3212.12890625,3188.1728515625,0.0,3868.125,2047.48828125,8510.68359375,702.50390625,0.0,0.0,../../tmp/counterbalanced_map_worker_3mode_seed1_10_n10_artifacts_20260828/seed10_run10_adaptive.attempt1.memory.csv,True,True,../../tmp/counterbalanced_map_worker_3mode_seed1_10_n10_artifacts_20260828/seed10_run10_adaptive.attempt1.performance.csv,0,324,,
