map,run,mode,campaign_sequence_index,mode_order_position,experiment_profile,filter_profile,filter_backend,success,run_valid,monitor_type,monitor_flight_cpu_pct,live_cloud_enabled,preflight_ready,preflight_cloud_messages,preflight_odom_messages,goal_messages,position_command_messages,trajectory_flag2_messages,trajectory_flag3_messages,guard_stop_detected,guard_stop_time_s,full_refresh_ack_timeouts,full_refresh_recovery_gate_arms,full_refresh_recovery_targets,full_refresh_recovery_acks,full_refresh_ack_timeout_recoveries,guard_topology_reroute_arms,guard_topology_reroute_searches,guard_local_escape_test_injections,guard_local_escape_direction_skips,guard_local_escape_direction_rejections,guard_local_escape_commits,guard_local_escape_rejections,guard_initial_footprint_egress_commits,guard_initial_footprint_test_injections,guard_brake_successes,guard_brake_rejections,guard_brake_stationary_defers,trajectory_velocity_slowdowns,trajectory_velocity_rejections,guard_brake_main_pre_successes,guard_brake_retry_successes,guard_brake_ack_timeout_successes,guard_main_pre_map_stale,guard_recoveries,guard_recovery_active_duration_s,guard_recovery_active_duration_mean_s,guard_recovery_active_duration_max_s,shadow_safe_candidates,shadow_unsafe_candidates,shadow_skipped_candidates,shadow_validated_candidates,shadow_geometric_unsafe,shadow_map_race,shadow_other_indeterminate,shadow_unsafe_exp,shadow_unsafe_appended_backup,shadow_unsafe_carry_backup,shadow_unsafe_stitch,shadow_validation_ms_mean,shadow_validation_ms_max,shadow_contact_events_with_epoch,shadow_contacts_with_prior_unsafe,shadow_contacts_without_prior_unsafe,shadow_geometric_unsafe_followed_by_contact,shadow_geometric_unsafe_not_followed_by_contact,shadow_nearest_prediction_error_s,shadow_correlated_segments,first_position_command_s,first_trajectory_flag2_s,first_trajectory_flag3_s,max_position_command_gap_s,first_motion_s,start_pose_error_m,start_pose_valid,odom_gap_limit_s,max_odom_gap_s,odom_gap_valid,mission_time_s,waypoints_reached,n_waypoints,collisions,min_clearance_m,static_pcd_enabled,static_pcd_point_count,static_pcd_collisions,static_pcd_min_distance_m,static_pcd_clearance_m,static_pcd_contact_r015,static_pcd_contact_r020,static_pcd_contact_r025,static_pcd_episodes_r015,static_pcd_episodes_r020,static_pcd_episodes_r025,contact_event_count,first_contact_kind,first_contact_time_s,first_contact_distance_m,first_contact_x,first_contact_y,first_contact_z,first_contact_speed_mps,first_contact_nearest_x,first_contact_nearest_y,first_contact_nearest_z,forensics_json,samples,clearance_samples,final_x,final_y,final_z,min_x,max_x,min_y,max_y,path_length_m,max_speed_mps,max_odom_speed_3d_mps,max_command_speed_mps,max_command_horizontal_speed_mps,speed_limit_mps,speed_tolerance_mps,speed_limit_valid,speed_exceedance_count,command_speed_exceedance_count,odom_speed_exceedance_count,first_speed_exceedance_kind,first_speed_exceedance_time_s,first_speed_exceedance_mps,first_speed_exceedance_trajectory_id,first_speed_exceedance_trajectory_flag,closest_final_goal_distance_m,observed_open_time_s,observed_open_x,observed_open_y,observed_close_time_s,observed_close_x,observed_close_y,trap_collisions,trap_min_surface_distance_m,trap_clearance_m,trap_x,trap_y,trigger_x,trigger_y,trigger_mismatch_deg,trap_count,trap_spacing_m,trap_start_offset_m,trap_first_distance_m,trap_last_distance_m,trigger_speed_mps,trap_input_time_s,trap_kept_time_s,trap_keep_delay_s,input_body_relative_deg,input_velocity_relative_deg,kept_body_relative_deg,kept_velocity_relative_deg,trigger_trap_distance_m,trigger_trap_body_relative_deg,trigger_trap_velocity_relative_deg,trigger_trap_angular_radius_deg,trigger_predicted_x,trigger_predicted_y,trigger_trap_nudge_deg,trigger_trap_nudge_lateral_m,event,valid_spawn,invalid_reasons,spawn_time_s,spawn_wall_time_s,trigger_evaluation_time_s,trigger_evaluation_wall_time_s,side,trigger_threshold_x,trigger_z,trigger_yaw_deg,trigger_velocity_yaw_deg,trigger_cruise_duration_s,trigger_cruise_qualified,min_trigger_speed_mps,min_cruise_s,max_trigger_abs_y_m,max_trigger_velocity_yaw_deg,trigger_abs_y_diagnostic_ok,trigger_velocity_yaw_diagnostic_ok,wall_x,blocker_x,blocker_y,wall_y_min,wall_y_max,short_endpoint_y,short_endpoint_x,long_endpoint_y,long_endpoint_x,short_endpoint_inner_edge_deg,long_endpoint_inner_edge_deg,barrier_frame,local_blocker_forward_m,local_short_endpoint_forward_m,local_short_endpoint_lateral_m,local_long_endpoint_forward_m,local_long_endpoint_lateral_m,wall_radius_m,wall_height_m,wall_cylinder_count,wall_center_spacing_m,wall_point_count,horizon_m,intensity,matched_prefix,filter_half_angle_deg,filter_reliable_output,filter_stall_v,filter_stall_t,filter_resume_v,filter_resume_t,filter_velocity_yaw_update_v,filter_frames,filter_published_frames,filter_rate_limited_frames,filter_max_publish_hz,filter_map_commit_topic,filter_map_commit_refresh_age_s,filter_map_commit_refresh_min_interval_s,filter_map_commit_pre_stale_full_age_s,filter_map_commit_pre_stale_ack_retry_age_s,filter_full_refresh_generation_ack_en,filter_map_process_ack_topic,filter_full_refresh_request_topic,filter_map_commit_status_count,filter_map_commit_version,filter_commit_refresh_frames,filter_pre_stale_full_refresh_frames,filter_pre_stale_full_refresh_ack_count,filter_pre_stale_full_refresh_pending_ack,filter_pre_stale_full_refresh_pending_ack_count,filter_pre_stale_full_refresh_pending_ack_max,filter_pre_stale_full_refresh_ack_committed_count,filter_pre_stale_full_refresh_superseded_count,filter_pre_stale_full_refresh_ack_retry_frames,filter_pre_stale_full_refresh_ack_retry_suppressed_frames,filter_pre_stale_full_refresh_version_advance_count,filter_pre_stale_full_refresh_pending_version_advance,filter_full_refresh_request_count,filter_full_refresh_request_sequence,filter_full_refresh_duplicate_stamp_count,filter_map_process_ack_status_count,filter_map_process_ack_malformed_count,filter_last_map_process_ack_scan_seq,filter_last_map_process_ack_stamp_ns,filter_last_map_process_ack_version,filter_pre_stale_full_refresh_same_version_suppressed_frames,filter_pre_stale_full_refresh_trigger_age_mean_s,filter_pre_stale_full_refresh_trigger_age_max_s,filter_pre_stale_full_refresh_ack_latency_mean_s,filter_pre_stale_full_refresh_ack_latency_max_s,filter_map_commit_age_mean_s,filter_map_commit_age_max_s,filter_full_open_extra_max_points,filter_full_open_extra_candidates,filter_full_open_extra_kept,filter_publish_duty_pct,filter_input_points,filter_kept_points,filter_kept_pct,filter_armed,filter_armed_duty_pct,filter_open,filter_open_duty_pct,filter_open_point_duty_pct,filter_recovery_active,filter_open_burst_s,filter_open_cooldown_s,filter_near_field_radius_m,filter_near_field_speed_gain_s,filter_near_field_max_radius_m,filter_max_effective_near_field_radius_m,filter_arm_transitions,filter_open_transitions,filter_close_transitions,filter_first_transition_time_s,filter_first_arm_time_s,filter_first_stall_candidate_time_s,filter_first_open_stall_start_time_s,filter_first_open_time_s,filter_first_open_delay_s,filter_first_close_time_s,filter_first_open_duration_s,filter_stall_candidate_count,filter_max_stall_candidate_duration_s,filter_min_armed_closed_speed_mps,filter_replan_guard_en,filter_replan_guard_bounded,filter_replan_guard_active,filter_replan_guard_burst_s,filter_replan_guard_cooldown_s,filter_replan_fail_streak_open,filter_replan_ok_streak_close,filter_replan_guard_open,filter_replan_guard_open_transitions,filter_replan_guard_close_transitions,filter_effective_full_open_transitions,filter_effective_full_close_transitions,filter_replan_guard_open_duty_pct,filter_replan_status_count,filter_replan_fail_count,filter_max_replan_fail_streak,filter_first_replan_guard_open_time_s,filter_first_effective_full_open_time_s,filter_trajectory_guard_topic,filter_trajectory_guard_hold_s,filter_trajectory_guard_active_max_publish_hz,filter_trajectory_guard_ack_retry_age_s,filter_trajectory_guard_active,filter_trajectory_guard_open,filter_trajectory_guard_status_count,filter_trajectory_guard_active_count,filter_trajectory_guard_open_transitions,filter_trajectory_guard_close_transitions,filter_trajectory_guard_refresh_frames,filter_trajectory_guard_full_refresh_pending_ack,filter_trajectory_guard_full_refresh_pending_ack_max,filter_trajectory_guard_full_refresh_ack_count,filter_trajectory_guard_full_refresh_ack_committed_count,filter_trajectory_guard_full_refresh_superseded_count,filter_trajectory_guard_full_refresh_ack_retry_frames,filter_trajectory_guard_full_refresh_abandoned_count,filter_trajectory_guard_full_refresh_ack_latency_mean_s,filter_trajectory_guard_full_refresh_ack_latency_max_s,filter_test_drop_first_trajectory_guard_full_cloud,filter_test_dropped_trajectory_guard_full_clouds,filter_trajectory_guard_open_duty_pct,filter_trajectory_guard_active_frames,filter_trajectory_guard_hold_only_frames,filter_trajectory_guard_active_published_frames,filter_trajectory_guard_hold_only_published_frames,filter_trajectory_guard_active_duty_pct,filter_trajectory_guard_hold_only_duty_pct,filter_first_trajectory_guard_open_time_s,recovery_triggered,recovery_reclosed,recovery_spawn_after_arm,recovery_open_after_spawn,recovery_open_during_hold,recovery_success,mission_driver_phase,mission_driver_start_delay_s,mission_driver_approach_radius_m,mission_driver_hold_low_speed_s,mission_driver_low_speed_v,mission_driver_approach_start_time_s,mission_driver_approach_start_wall_time_s,mission_driver_approach_start_speed_mps,mission_driver_hold_start_time_s,mission_driver_hold_start_wall_time_s,mission_driver_hold_start_speed_mps,mission_driver_hold_start_distance_m,mission_driver_release_time_s,mission_driver_release_wall_time_s,mission_driver_release_speed_mps,mission_driver_release_low_speed_duration_s,pts_mean,total_ms_mean,raycast_ms_mean,update_ms_mean,inflation_ms_mean,kept_pct,fsm_cpu_pct,filter_cpu_pct,monitor_cpu_pct,attempt_count,retry_count,first_attempt_success,retry_reasons,oom_kill_delta,fsm_peak_rss_mib,fsm_peak_pss_mib,fsm_peak_swap_mib,system_min_available_mib,system_peak_swap_used_mib,cgroup_peak_memory_mib,cgroup_peak_swap_mib,memory_psi_some_avg10_max,memory_psi_full_avg10_max,memory_trace_csv,perf_log_generation_ready,perf_window_valid,perf_trace_csv,perf_row_start,perf_row_end,input_distance_m,kept_distance_m
seed1,1,full,1,1,,strict-burst,direct,True,True,,,,,,,,,,,,,0,0,0,0,0,1,1,0,0,0,0,0,0,0,10,10,0,0,0,7,2,0,8,10,14.070064306259155,1.4070064306259156,3.4305527210235596,,,,,,,,,,,,,,,,,,,,,,,,,,,,,,,63.41,5,5,0,0.385,True,241490,0,0.468,0.268,,,,,,,0,,,,,,,,,,,../../tmp/final_generalization_n5_artifacts_20260827/seed1_run1_full.json,6313,4800,0.931,-1.157,1.917,-25.789,24.088,-24.253,24.747,227.993,7.001,7.001526,7.001525,7.000655,7.0,0.01,True,0,0,0,,,,,,0.06,,,,,,,0,,,,,,,,,,,,,,,,,,,,,,,,,,,,,,,,,,,,,,,,,,,,,,,,,,,,,,,,,,,,,,,,,,,,,,,,,,,,,,,,,,,,,,,,,,,,,,,,,,,,,,,,,,,,,,,,,,,,,,,,,,,,,,,,,,,,,,,,,,,,,,,,,,,,,,,,,,,,,,,,,,,,,,,,,,,,,,,,,,,,,,,,,,,,,,,,,,,,,,,,,,,,,,,,,,,,,,,,,,,,,,,,,15321.45945945946,29.67516756756757,19.092715322245326,10.580690478170478,1.2641909438669439,,105.8835423841807,,22.191225117826733,1,0,True,,0,3429.12109375,3406.26953125,0.0,5461.2421875,1063.1875,6544.27734375,102.99609375,0.0,0.0,../../tmp/final_generalization_n5_artifacts_20260827/seed1_run1_full.attempt1.memory.csv,True,True,../../tmp/final_generalization_n5_artifacts_20260827/seed1_run1_full.attempt1.performance.csv,4,485,,
seed1,1,sector,2,2,,strict-burst,cpp,True,True,,,,,,,,,,,,,0,0,0,0,0,0,0,0,0,0,0,0,0,0,1,4,0,0,0,0,1,0,1,1,0.43754124641418457,0.43754124641418457,0.43754124641418457,,,,,,,,,,,,,,,,,,,,,,,,,,,,,,,54.13,5,5,0,0.403,True,241490,0,0.489,0.289,,,,,,,0,,,,,,,,,,,../../tmp/final_generalization_n5_artifacts_20260827/seed1_run1_sector.json,5412,4390,1.221,-0.655,1.814,-24.626,24.025,-24.241,25.339,222.041,7.0,7.002143,7.002143,7.000318,7.0,0.01,True,0,0,0,,,,,,0.484,,,,,,,0,,,,,,,,,,,,,,,,,,,,,,,,,,,,,,,,,,,,,,,,,,,,,,,,,,,,,,,,,,,,,,,,,,,,,,,,,,60,True,0.6,1.2,1.5,2,0.2,468,468,0,0,/rog_map/commit_version,0.12,0.1,0,0,False,/rog_map/cloud_process_ack,/sector/full_refresh_request,0,0,0,0,0,False,0,0,0,0,0,0,0,False,0,0,0,0,0,0,0,0,0,0,0,0,0,0,0,6000,0,0,100,7482504,3349654,44.766,False,0,False,0,0,False,0,0,1.5,0,1.5,1.5,0,0,0,,,,,,,,,0,0,,False,False,False,0,0,5,15,False,0,0,0,0,0,0,0,0,,,/planning/trajectory_guard_recovery_active,2.5,0,0,False,False,0,0,0,0,0,False,0,0,0,0,0,0,0,0,False,0,0,0,0,0,0,0,0,,,,,,,,,,,,,,,,,,,,,,,,7386.126984126984,12.051735963718821,7.916569909297053,4.133592015873016,0.8416364285714285,44.766,105.67077654796302,2.4224214563656292,,1,0,True,,0,3290.59765625,3266.544921875,0.0,5600.1796875,1063.1875,6436.12109375,102.99609375,0.0,0.0,../../tmp/final_generalization_n5_artifacts_20260827/seed1_run1_sector.attempt1.memory.csv,True,True,../../tmp/final_generalization_n5_artifacts_20260827/seed1_run1_sector.attempt1.performance.csv,1,442,,
seed1,1,adaptive,3,3,,strict-burst,cpp,True,True,,,,,,,,,,,,,0,12,12,12,0,1,1,0,0,0,0,0,0,0,12,22,0,0,0,5,5,0,9,12,10.232466697692871,0.8527055581410726,1.1106526851654053,,,,,,,,,,,,,,,,,,,,,,,,,,,,,,,60.44,5,5,0,0.406,True,241490,0,0.426,0.226,,,,,,,0,,,,,,,,,,,../../tmp/final_generalization_n5_artifacts_20260827/seed1_run1_adaptive.json,6044,4920,1.241,-0.775,1.968,-24.888,24.025,-24.152,24.537,220.392,7.004,7.00423,7.004231,7.004102,7.0,0.01,True,0,0,0,,,,,,0.757,1787760463.897722,1.489,1.194,1787760474.379245,22.734,22.068,0,,,,,,,,,,,,,,,,,,,,,,,,,,,,,,,,,,,,,,,,,,,,,,,,,,,,,,,,,,,,,,,,,,,,,,,,,,60,True,0.6,1.2,1.5,2,1.5,492,300,192,5,/rog_map/commit_version,0.12,0.1,0.25,0,True,/rog_map/cloud_process_ack,/sector/full_refresh_request,288,288,31,49,49,False,0,1,49,0,0,0,49,False,61,61,0,288,0,288,1787760525078075422,288,0,0.333227,0.489706,0.042535,0.071099,0.142485,0.656531,6000,802102,631309,60.976,7550769,3803035,50.366,True,33.13,False,55.691,62.765,False,0.6,1.4,1.5,0.2,3,2.898957,1,0,0,1787760505.32,1787760505.32,1787760505.63,,,,,,14,0.749848,0,True,True,False,0.6,1.4,3,15,False,23,23,15,15,19.919,399,255,9,1787760465.58,1787760463.9,/planning/trajectory_guard_recovery_active,2.5,0,0,False,False,25,12,4,4,12,False,1,12,12,0,0,0,0.04309,0.061307,False,0,44.106,66,151,51,94,13.415,30.691,1787760463.9,,,,,,,,,,,,,,,,,,,,,,,13096.216027874565,24.09761442508711,15.042069616724739,9.053765958188153,1.6670886864111498,50.366,93.52051578055587,2.7405212446381753,,1,0,True,,0,3385.5859375,3361.5390625,0.0,5496.98828125,1063.1875,6520.546875,102.99609375,0.0,0.0,../../tmp/final_generalization_n5_artifacts_20260827/seed1_run1_adaptive.attempt1.memory.csv,True,True,../../tmp/final_generalization_n5_artifacts_20260827/seed1_run1_adaptive.attempt1.performance.csv,1,288,,
seed1,2,sector,4,1,,strict-burst,cpp,True,True,,,,,,,,,,,,,0,0,0,0,0,2,4,0,0,0,0,0,0,0,8,18,0,1,0,4,4,0,6,8,25.11896276473999,3.139870345592499,19.306260585784912,,,,,,,,,,,,,,,,,,,,,,,,,,,,,,,59.33,5,5,0,0.406,True,241490,0,0.511,0.311,,,,,,,0,,,,,,,,,,,../../tmp/final_generalization_n5_artifacts_20260827/seed1_run2_sector.json,5932,4240,1.08,-0.916,2.074,-24.656,24.026,-24.31,25.282,222.89,7.0,7.001361,7.001362,6.999754,7.0,0.01,True,0,0,0,,,,,,0.0,,,,,,,0,,,,,,,,,,,,,,,,,,,,,,,,,,,,,,,,,,,,,,,,,,,,,,,,,,,,,,,,,,,,,,,,,,,,,,,,,,60,True,0.6,1.2,1.5,2,0.2,488,488,0,0,/rog_map/commit_version,0.12,0.1,0,0,False,/rog_map/cloud_process_ack,/sector/full_refresh_request,0,0,0,0,0,False,0,0,0,0,0,0,0,False,0,0,0,0,0,0,0,0,0,0,0,0,0,0,0,6000,0,0,100,7058970,3093095,43.818,False,0,False,0,0,False,0,0,1.5,0,1.5,1.5,0,0,0,,,,,,,,,0,0,,False,False,False,0,0,5,15,False,0,0,0,0,0,0,0,0,,,/planning/trajectory_guard_recovery_active,2.5,0,0,False,False,0,0,0,0,0,False,0,0,0,0,0,0,0,0,False,0,0,0,0,0,0,0,0,,,,,,,,,,,,,,,,,,,,,,,,6502.478354978355,11.708768896103896,7.717294718614719,3.9898789437229443,0.7797592705627705,43.818,94.09287238674546,2.4191963760991784,,1,0,True,,0,3305.2890625,3281.228515625,0.0,5506.89453125,1063.1875,6474.6328125,102.99609375,0.0,0.0,../../tmp/final_generalization_n5_artifacts_20260827/seed1_run2_sector.attempt1.memory.csv,True,True,../../tmp/final_generalization_n5_artifacts_20260827/seed1_run2_sector.attempt1.performance.csv,0,462,,
seed1,2,adaptive,5,2,,strict-burst,cpp,True,True,,,,,,,,,,,,,0,10,10,10,0,5,8,0,0,0,0,0,0,0,10,21,0,0,0,5,5,0,8,10,10.511264324188232,1.0511264324188232,2.6346523761749268,,,,,,,,,,,,,,,,,,,,,,,,,,,,,,,62.82,5,5,0,0.37,True,241490,0,0.477,0.277,,,,,,,0,,,,,,,,,,,../../tmp/final_generalization_n5_artifacts_20260827/seed1_run2_adaptive.json,6281,4760,1.262,-0.809,1.452,-25.994,24.025,-26.078,26.73,226.236,7.0,7.001591,7.001591,6.999896,7.0,0.01,True,0,0,0,,,,,,0.707,1787760604.526557,2.466,3.138,1787760605.210206,3.248,3.815,0,,,,,,,,,,,,,,,,,,,,,,,,,,,,,,,,,,,,,,,,,,,,,,,,,,,,,,,,,,,,,,,,,,,,,,,,,,60,True,0.6,1.2,1.5,2,1.5,524,331,193,5,/rog_map/commit_version,0.12,0.1,0.25,0,True,/rog_map/cloud_process_ack,/sector/full_refresh_request,319,319,45,43,43,False,0,1,43,0,0,0,43,False,53,53,0,319,0,319,1787760667605079473,319,0,0.32443,0.539655,0.042079,0.096693,0.13697,0.687101,6000,979024,794108,63.168,7948810,4066566,51.159,True,81.87,False,61.26,63.46,True,0.6,1.4,1.5,0.2,3,2.899568,1,1,0,1787760612.52,1787760612.52,1787760612.69,1787760658.86,1787760660.06,1.20009,,,34,1.20009,0,True,True,False,0.6,1.4,3,15,False,25,25,20,20,23.282,437,254,9,1787760604.53,1787760604.53,/planning/trajectory_guard_recovery_active,2.5,0,0,False,False,21,10,7,7,10,False,1,10,10,0,0,0,0.035719,0.048626,False,0,45.611,85,154,62,94,16.221,29.389,1787760609.96,,,,,,,,,,,,,,,,,,,,,,,12648.24213836478,22.669558993710694,14.304238427672956,8.363563383647799,1.487812141509434,51.159,94.90185223974363,2.6462816419751762,22.307571774848444,1,0,True,,0,3390.96875,3367.0087890625,0.0,5439.84765625,1063.1875,6559.375,102.99609375,0.0,0.0,../../tmp/final_generalization_n5_artifacts_20260827/seed1_run2_adaptive.attempt1.memory.csv,True,True,../../tmp/final_generalization_n5_artifacts_20260827/seed1_run2_adaptive.attempt1.performance.csv,1,319,,
seed1,2,full,6,3,,strict-burst,direct,True,True,,,,,,,,,,,,,0,0,0,0,0,1,1,0,0,0,0,0,0,0,6,5,0,1,0,5,1,0,5,6,7.725683689117432,1.2876139481862385,2.9115171432495117,,,,,,,,,,,,,,,,,,,,,,,,,,,,,,,60.55,5,5,0,0.415,True,241490,0,0.469,0.269,,,,,,,0,,,,,,,,,,,../../tmp/final_generalization_n5_artifacts_20260827/seed1_run2_full.json,6055,4640,1.284,-0.706,2.014,-24.621,24.026,-24.398,25.542,225.376,7.0,7.002038,7.002037,6.999592,7.0,0.01,True,0,0,0,,,,,,0.0,,,,,,,0,,,,,,,,,,,,,,,,,,,,,,,,,,,,,,,,,,,,,,,,,,,,,,,,,,,,,,,,,,,,,,,,,,,,,,,,,,,,,,,,,,,,,,,,,,,,,,,,,,,,,,,,,,,,,,,,,,,,,,,,,,,,,,,,,,,,,,,,,,,,,,,,,,,,,,,,,,,,,,,,,,,,,,,,,,,,,,,,,,,,,,,,,,,,,,,,,,,,,,,,,,,,,,,,,,,,,,,,,,,,,,,,,15411.882352941177,31.74696405228758,20.578571241830065,11.166220043572984,1.4109788779956427,,113.69064607974664,,,1,0,True,,0,3425.4140625,3402.51171875,0.0,5446.60546875,1063.1875,6568.484375,102.99609375,0.0,0.0,../../tmp/final_generalization_n5_artifacts_20260827/seed1_run2_full.attempt1.memory.csv,True,True,../../tmp/final_generalization_n5_artifacts_20260827/seed1_run2_full.attempt1.performance.csv,3,462,,
seed1,3,adaptive,7,1,,strict-burst,cpp,True,True,,,,,,,,,,,,,0,15,15,15,0,5,5,0,0,0,0,0,0,0,15,48,0,0,0,4,10,0,9,15,19.72107982635498,1.314738655090332,8.906113624572754,,,,,,,,,,,,,,,,,,,,,,,,,,,,,,,62.3,5,5,0,0.397,True,241490,0,0.424,0.224,,,,,,,0,,,,,,,,,,,../../tmp/final_generalization_n5_artifacts_20260827/seed1_run3_adaptive.json,6229,4960,1.129,-0.948,1.565,-24.62,24.025,-25.756,24.8,223.477,7.0,7.006338,7.006338,6.999592,7.0,0.01,True,0,0,0,,,,,,0.408,1787760747.758607,1.755,1.523,1787760771.889038,-15.157,24.102,0,,,,,,,,,,,,,,,,,,,,,,,,,,,,,,,,,,,,,,,,,,,,,,,,,,,,,,,,,,,,,,,,,,,,,,,,,,60,True,0.6,1.2,1.5,2,1.5,498,316,182,5,/rog_map/commit_version,0.12,0.1,0.25,0,True,/rog_map/cloud_process_ack,/sector/full_refresh_request,304,304,41,43,43,False,0,1,43,0,0,0,43,False,58,58,0,304,0,304,1787760810089085902,304,0,0.352299,0.563302,0.040598,0.070509,0.141254,0.709786,6000,929989,727025,63.454,7379713,3786516,51.31,False,0,False,62.249,67.405,False,0.6,1.4,1.5,0.2,3,2.899791,0,0,0,,,,,,,,,0,0,,True,True,False,0.6,1.4,3,15,False,23,23,10,10,20.482,427,260,9,1787760748.61,1787760747.76,/planning/trajectory_guard_recovery_active,2.5,0,0,False,False,31,15,5,5,15,False,1,15,15,0,0,0,0.043494,0.06591,False,0,54.618,137,135,99,87,27.51,27.108,1787760747.76,,,,,,,,,,,,,,,,,,,,,,,12350.148514851486,24.027230858085808,15.22097095709571,8.804371584158416,1.5597296501650166,51.31,94.03741015086892,2.6094220780995645,22.4539984628248,1,0,True,,0,3396.01953125,3371.802734375,0.0,5468.17578125,1063.1875,6541.421875,102.99609375,0.0,0.0,../../tmp/final_generalization_n5_artifacts_20260827/seed1_run3_adaptive.attempt1.memory.csv,True,True,../../tmp/final_generalization_n5_artifacts_20260827/seed1_run3_adaptive.attempt1.performance.csv,1,304,,
seed1,3,full,8,2,,strict-burst,direct,True,True,,,,,,,,,,,,,0,0,0,0,0,4,5,0,0,0,0,0,0,0,10,18,0,0,0,4,4,0,6,10,9.928380727767944,0.9928380727767945,2.70990252494812,,,,,,,,,,,,,,,,,,,,,,,,,,,,,,,60.81,5,5,0,0.392,True,241490,0,0.47,0.27,,,,,,,0,,,,,,,,,,,../../tmp/final_generalization_n5_artifacts_20260827/seed1_run3_full.json,6079,4540,1.216,-0.833,1.931,-24.804,24.026,-23.975,26.06,225.889,7.0,7.001141,7.001141,6.999652,7.0,0.01,True,0,0,0,,,,,,0.0,,,,,,,0,,,,,,,,,,,,,,,,,,,,,,,,,,,,,,,,,,,,,,,,,,,,,,,,,,,,,,,,,,,,,,,,,,,,,,,,,,,,,,,,,,,,,,,,,,,,,,,,,,,,,,,,,,,,,,,,,,,,,,,,,,,,,,,,,,,,,,,,,,,,,,,,,,,,,,,,,,,,,,,,,,,,,,,,,,,,,,,,,,,,,,,,,,,,,,,,,,,,,,,,,,,,,,,,,,,,,,,,,,,,,,,,,15831.679324894514,31.64715864978903,20.550578270042195,11.094649324894513,1.341656858649789,,112.1753817737961,,22.431438810055855,1,0,True,,0,3426.94921875,3404.205078125,0.0,5424.4453125,1063.1875,6570.92578125,102.99609375,0.0,0.0,../../tmp/final_generalization_n5_artifacts_20260827/seed1_run3_full.attempt1.memory.csv,True,True,../../tmp/final_generalization_n5_artifacts_20260827/seed1_run3_full.attempt1.performance.csv,3,477,,
seed1,3,sector,9,3,,strict-burst,cpp,True,True,,,,,,,,,,,,,0,0,0,0,0,2,2,0,0,0,0,0,0,0,12,34,0,0,0,3,8,0,7,12,7.658808708190918,0.6382340590159098,1.1714732646942139,,,,,,,,,,,,,,,,,,,,,,,,,,,,,,,59.17,5,5,0,0.398,True,241490,0,0.491,0.291,,,,,,,0,,,,,,,,,,,../../tmp/final_generalization_n5_artifacts_20260827/seed1_run3_sector.json,5915,4580,1.157,-0.804,1.71,-25.846,24.04,-24.248,26.026,226.779,6.999,7.001005,7.001005,6.998867,7.0,0.01,True,0,0,0,,,,,,0.613,,,,,,,0,,,,,,,,,,,,,,,,,,,,,,,,,,,,,,,,,,,,,,,,,,,,,,,,,,,,,,,,,,,,,,,,,,,,,,,,,,60,True,0.6,1.2,1.5,2,0.2,429,429,0,0,/rog_map/commit_version,0.12,0.1,0,0,False,/rog_map/cloud_process_ack,/sector/full_refresh_request,0,0,0,0,0,False,0,0,0,0,0,0,0,False,0,0,0,0,0,0,0,0,0,0,0,0,0,0,0,6000,0,0,100,6603258,3038270,46.012,False,0,False,0,0,False,0,0,1.5,0,1.5,1.5,0,0,0,,,,,,,,,0,0,,False,False,False,0,0,5,15,False,0,0,0,0,0,0,0,0,,,/planning/trajectory_guard_recovery_active,2.5,0,0,False,False,0,0,0,0,0,False,0,0,0,0,0,0,0,0,False,0,0,0,0,0,0,0,0,,,,,,,,,,,,,,,,,,,,,,,,7328.104477611941,11.54731196517413,7.520571144278606,4.02511095522388,0.8263031517412935,46.012,94.09436961774223,2.351150652306054,23.054482986705928,1,0,True,,0,3306.5390625,3282.41015625,0.0,5534.69921875,1063.1875,6467.66015625,102.99609375,0.0,0.0,../../tmp/final_generalization_n5_artifacts_20260827/seed1_run3_sector.attempt1.memory.csv,True,True,../../tmp/final_generalization_n5_artifacts_20260827/seed1_run3_sector.attempt1.performance.csv,2,404,,
seed1,4,full,10,1,,strict-burst,direct,True,True,,,,,,,,,,,,,0,0,0,0,0,3,3,0,0,0,0,0,0,0,6,7,0,0,0,4,1,0,4,6,9.890733480453491,1.6484555800755818,5.396662950515747,,,,,,,,,,,,,,,,,,,,,,,,,,,,,,,59.43,5,5,0,0.455,True,241490,0,0.501,0.301,,,,,,,0,,,,,,,,,,,../../tmp/final_generalization_n5_artifacts_20260827/seed1_run4_full.json,5942,4720,1.169,-0.908,1.463,-25.431,24.025,-25.003,25.493,227.034,7.0,7.002018,7.002018,6.999973,7.0,0.01,True,0,0,0,,,,,,0.159,,,,,,,0,,,,,,,,,,,,,,,,,,,,,,,,,,,,,,,,,,,,,,,,,,,,,,,,,,,,,,,,,,,,,,,,,,,,,,,,,,,,,,,,,,,,,,,,,,,,,,,,,,,,,,,,,,,,,,,,,,,,,,,,,,,,,,,,,,,,,,,,,,,,,,,,,,,,,,,,,,,,,,,,,,,,,,,,,,,,,,,,,,,,,,,,,,,,,,,,,,,,,,,,,,,,,,,,,,,,,,,,,,,,,,,,,15786.15498938429,31.834243949044584,20.762896390658174,11.0695391507431,1.3776114309978769,,113.52245767836654,,,1,0,True,,0,3428.67578125,3405.5869140625,0.0,5451.51953125,1063.1875,6541.01171875,102.99609375,0.0,0.0,../../tmp/final_generalization_n5_artifacts_20260827/seed1_run4_full.attempt1.memory.csv,True,True,../../tmp/final_generalization_n5_artifacts_20260827/seed1_run4_full.attempt1.performance.csv,3,474,,
seed1,4,sector,11,2,,strict-burst,cpp,True,True,,,,,,,,,,,,,0,0,0,0,0,0,0,0,0,0,0,0,0,0,14,27,0,1,0,8,6,0,12,14,12.73895812034607,0.9099255800247192,1.727994680404663,,,,,,,,,,,,,,,,,,,,,,,,,,,,,,,64.47,5,5,0,0.407,True,241490,0,0.518,0.318,,,,,,,0,,,,,,,,,,,../../tmp/final_generalization_n5_artifacts_20260827/seed1_run4_sector.json,6446,5250,1.243,-0.806,1.325,-25.543,24.025,-24.026,24.025,225.615,7.0,7.001163,7.001163,7.000173,7.0,0.01,True,0,0,0,,,,,,0.339,,,,,,,0,,,,,,,,,,,,,,,,,,,,,,,,,,,,,,,,,,,,,,,,,,,,,,,,,,,,,,,,,,,,,,,,,,,,,,,,,,60,True,0.6,1.2,1.5,2,0.2,504,504,0,0,/rog_map/commit_version,0.12,0.1,0,0,False,/rog_map/cloud_process_ack,/sector/full_refresh_request,0,0,0,0,0,False,0,0,0,0,0,0,0,False,0,0,0,0,0,0,0,0,0,0,0,0,0,0,0,6000,0,0,100,7478557,3303155,44.168,False,0,False,0,0,False,0,0,1.5,0,1.5,1.5,0,0,0,,,,,,,,,0,0,,False,False,False,0,0,5,15,False,0,0,0,0,0,0,0,0,,,/planning/trajectory_guard_recovery_active,2.5,0,0,False,False,0,0,0,0,0,False,0,0,0,0,0,0,0,0,False,0,0,0,0,0,0,0,0,,,,,,,,,,,,,,,,,,,,,,,,6731.201257861635,11.695178490566038,7.745985744234801,3.9475399454926623,0.7583235450733753,44.168,87.98401882417129,2.4350210444507314,21.82227212252622,1,0,True,,0,3294.32421875,3270.287109375,0.0,5521.0859375,1063.1875,6467.69140625,102.99609375,0.0,0.0,../../tmp/final_generalization_n5_artifacts_20260827/seed1_run4_sector.attempt1.memory.csv,True,True,../../tmp/final_generalization_n5_artifacts_20260827/seed1_run4_sector.attempt1.performance.csv,0,477,,
seed1,4,adaptive,12,3,,strict-burst,cpp,True,True,,,,,,,,,,,,,0,9,9,9,0,3,4,0,0,0,0,0,0,0,9,23,0,0,0,3,5,0,8,9,16.65607714653015,1.8506752385033503,5.502655506134033,,,,,,,,,,,,,,,,,,,,,,,,,,,,,,,60.9,5,5,0,0.396,True,241490,0,0.4,0.2,,,,,,,0,,,,,,,,,,,../../tmp/final_generalization_n5_artifacts_20260827/seed1_run4_adaptive.json,6089,4940,1.247,-0.754,1.735,-24.522,24.025,-25.201,26.319,226.285,7.001,7.002083,7.002083,7.000787,7.0,0.01,True,0,0,0,,,,,,0.0,1787761105.686713,2.131,2.175,1787761109.497861,8.64,11.044,0,,,,,,,,,,,,,,,,,,,,,,,,,,,,,,,,,,,,,,,,,,,,,,,,,,,,,,,,,,,,,,,,,,,,,,,,,,60,True,0.6,1.2,1.5,2,1.5,497,315,182,5,/rog_map/commit_version,0.12,0.1,0.25,0,True,/rog_map/cloud_process_ack,/sector/full_refresh_request,303,303,38,42,42,False,0,1,42,0,0,0,42,False,51,51,0,303,0,303,1787761166899369556,303,0,0.347711,0.564798,0.041296,0.071905,0.138892,0.663137,6000,914517,754727,63.38,7636992,3984762,52.177,True,62.173,False,59.96,66.506,False,0.6,1.4,1.5,0.2,3,2.899819,1,0,0,1787761125.39,1787761125.39,1787761126.54,,,,,,28,1.150047,0,True,True,False,0.6,1.4,3,15,False,23,23,13,13,21.328,432,271,9,1787761105.69,1787761105.69,/planning/trajectory_guard_recovery_active,2.5,0,0,False,False,19,9,5,5,9,False,1,9,9,0,0,0,0.04348,0.062715,False,0,49.698,120,127,88,83,24.145,25.553,1787761106.17,,,,,,,,,,,,,,,,,,,,,,,13015.785478547854,24.028927722772277,15.067815247524752,8.959373597359736,1.6252580231023104,52.177,98.8090478186127,2.61795375824527,22.824153953884277,1,0,True,,0,3411.5625,3387.458984375,0.0,5220.91796875,1063.1875,6608.4375,102.99609375,0.0,0.0,../../tmp/final_generalization_n5_artifacts_20260827/seed1_run4_adaptive.attempt1.memory.csv,True,True,../../tmp/final_generalization_n5_artifacts_20260827/seed1_run4_adaptive.attempt1.performance.csv,0,303,,
seed1,5,sector,13,1,,strict-burst,cpp,True,True,,,,,,,,,,,,,0,0,0,0,0,3,5,0,0,0,0,0,0,0,10,23,0,0,0,5,5,0,8,10,9.306067943572998,0.9306067943572998,2.031136989593506,,,,,,,,,,,,,,,,,,,,,,,,,,,,,,,64.23,5,5,0,0.407,True,241490,0,0.521,0.321,,,,,,,0,,,,,,,,,,,../../tmp/final_generalization_n5_artifacts_20260827/seed1_run5_sector.json,6422,4640,1.113,-0.787,1.513,-26.517,24.025,-24.687,25.561,226.481,7.0,7.002982,7.002982,7.000259,7.0,0.01,True,0,0,0,,,,,,0.0,,,,,,,0,,,,,,,,,,,,,,,,,,,,,,,,,,,,,,,,,,,,,,,,,,,,,,,,,,,,,,,,,,,,,,,,,,,,,,,,,,60,True,0.6,1.2,1.5,2,0.2,523,523,0,0,/rog_map/commit_version,0.12,0.1,0,0,False,/rog_map/cloud_process_ack,/sector/full_refresh_request,0,0,0,0,0,False,0,0,0,0,0,0,0,False,0,0,0,0,0,0,0,0,0,0,0,0,0,0,0,6000,0,0,100,7529586,3345589,44.433,False,0,False,0,0,False,0,0,1.5,0,1.5,1.5,0,0,0,,,,,,,,,0,0,,False,False,False,0,0,5,15,False,0,0,0,0,0,0,0,0,,,/planning/trajectory_guard_recovery_active,2.5,0,0,False,False,0,0,0,0,0,False,0,0,0,0,0,0,0,0,False,0,0,0,0,0,0,0,0,,,,,,,,,,,,,,,,,,,,,,,,6552.5935613682095,11.815603420523138,7.783460643863179,4.030514195171026,0.750862138832998,44.433,90.69513838015685,2.4556071728175604,25.270501977575492,1,0,True,,0,3304.18359375,3280.052734375,0.0,5472.515625,1063.1875,6483.5234375,102.99609375,0.0,0.0,../../tmp/final_generalization_n5_artifacts_20260827/seed1_run5_sector.attempt1.memory.csv,True,True,../../tmp/final_generalization_n5_artifacts_20260827/seed1_run5_sector.attempt1.performance.csv,0,497,,
seed1,5,adaptive,14,2,,strict-burst,cpp,True,True,,,,,,,,,,,,,0,16,16,16,0,2,2,0,0,0,0,0,0,0,16,50,0,1,0,4,12,0,11,16,10.170694828033447,0.6356684267520905,1.1320669651031494,,,,,,,,,,,,,,,,,,,,,,,,,,,,,,,65.63,5,5,0,0.393,True,241490,0,0.485,0.285,,,,,,,0,,,,,,,,,,,../../tmp/final_generalization_n5_artifacts_20260827/seed1_run5_adaptive.json,6562,5550,1.205,-0.823,1.111,-24.688,24.025,-24.384,24.753,226.809,7.0,7.003875,7.003875,7.000325,7.0,0.01,True,0,0,0,,,,,,0.074,1787761251.561935,2.964,3.556,1787761256.500856,12.757,13.901,0,,,,,,,,,,,,,,,,,,,,,,,,,,,,,,,,,,,,,,,,,,,,,,,,,,,,,,,,,,,,,,,,,,,,,,,,,,60,True,0.6,1.2,1.5,2,1.5,511,320,191,5,/rog_map/commit_version,0.12,0.1,0.25,0,True,/rog_map/cloud_process_ack,/sector/full_refresh_request,309,309,38,48,48,False,0,1,48,0,0,0,48,False,64,64,0,309,0,309,1787761316505797664,309,0,0.335462,0.487833,0.039994,0.072795,0.143465,0.85626,6000,890961,735875,62.622,7773627,4038002,51.945,False,0,True,62.035,67.203,False,0.6,1.4,1.5,0.2,3,2.899922,0,0,0,,,,,,,,,0,0,,True,True,False,0.6,1.4,3,15,False,24,24,14,13,22.309,427,273,10,1787761253.33,1787761251.56,/planning/trajectory_guard_recovery_active,2.5,0,0,False,True,33,16,7,6,16,False,1,16,16,0,0,0,0.044993,0.116176,False,0,51.076,72,189,55,121,14.09,36.986,1787761251.56,,,,,,,,,,,,,,,,,,,,,,,13039.722222222223,24.25949016339869,15.113409379084969,9.144290166666666,1.5877361274509803,51.945,95.80266849831501,2.653682135450984,23.30442772728454,1,0,True,,0,3390.875,3366.7666015625,0.0,5420.61328125,1063.1875,6577.86328125,102.99609375,0.0,0.0,../../tmp/final_generalization_n5_artifacts_20260827/seed1_run5_adaptive.attempt1.memory.csv,True,True,../../tmp/final_generalization_n5_artifacts_20260827/seed1_run5_adaptive.attempt1.performance.csv,3,309,,
seed1,5,full,15,3,,strict-burst,direct,True,True,,,,,,,,,,,,,0,0,0,0,0,3,3,0,0,0,0,0,0,0,5,19,0,0,0,1,4,0,2,5,5.352797985076904,1.070559597015381,2.271794319152832,,,,,,,,,,,,,,,,,,,,,,,,,,,,,,,59.27,5,5,0,0.432,True,241490,0,0.502,0.302,,,,,,,0,,,,,,,,,,,../../tmp/final_generalization_n5_artifacts_20260827/seed1_run5_full.json,5926,4660,1.069,-0.963,1.345,-24.82,24.025,-25.768,24.025,225.345,7.0,7.002154,7.002154,7.000009,7.0,0.01,True,0,0,0,,,,,,0.0,,,,,,,0,,,,,,,,,,,,,,,,,,,,,,,,,,,,,,,,,,,,,,,,,,,,,,,,,,,,,,,,,,,,,,,,,,,,,,,,,,,,,,,,,,,,,,,,,,,,,,,,,,,,,,,,,,,,,,,,,,,,,,,,,,,,,,,,,,,,,,,,,,,,,,,,,,,,,,,,,,,,,,,,,,,,,,,,,,,,,,,,,,,,,,,,,,,,,,,,,,,,,,,,,,,,,,,,,,,,,,,,,,,,,,,,,15501.226164079822,31.958207760532154,20.54278625277162,11.413337516629712,1.4291970598669623,,116.90119911168262,,25.704670884093204,1,0,True,,0,3427.83984375,3405.1328125,0.0,5439.19140625,1063.1875,6578.96484375,102.99609375,0.0,0.0,../../tmp/final_generalization_n5_artifacts_20260827/seed1_run5_full.attempt1.memory.csv,True,True,../../tmp/final_generalization_n5_artifacts_20260827/seed1_run5_full.attempt1.performance.csv,1,452,,
seed2,1,adaptive,16,1,,strict-burst,cpp,True,True,,,,,,,,,,,,,0,4,4,4,0,1,1,0,0,0,0,0,0,0,4,14,0,0,0,1,3,0,2,4,2.5919179916381836,0.6479794979095459,1.076554298400879,,,,,,,,,,,,,,,,,,,,,,,,,,,,,,,53.8,5,5,0,0.427,True,241490,0,0.502,0.302,,,,,,,0,,,,,,,,,,,../../tmp/final_generalization_n5_artifacts_20260827/seed2_run1_adaptive.json,5376,4320,0.894,-1.015,1.869,-24.857,24.025,-25.092,24.267,221.176,7.002,7.002409,7.002409,7.001733,7.0,0.01,True,0,0,0,,,,,,0.0,1787761395.974238,3.019,3.145,1787761396.607806,4.051,4.273,0,,,,,,,,,,,,,,,,,,,,,,,,,,,,,,,,,,,,,,,,,,,,,,,,,,,,,,,,,,,,,,,,,,,,,,,,,,60,True,0.6,1.2,1.5,2,1.5,475,294,181,5,/rog_map/commit_version,0.12,0.1,0.25,0,True,/rog_map/cloud_process_ack,/sector/full_refresh_request,282,282,42,40,40,False,0,1,40,0,0,0,40,False,44,44,0,282,0,282,1787761449607735648,282,0,0.319817,0.482191,0.045811,0.098329,0.132793,0.785936,6000,615171,473171,61.895,7266370,3237844,44.559,True,76.211,False,38.316,39.966,False,0.6,1.4,1.5,0.2,3,2.898605,1,0,0,1787761404.35,1787761404.35,1787761404.49,,,,,,36,0.770139,0,True,True,False,0.6,1.4,3,15,False,22,22,20,20,23.579,375,243,11,1787761395.97,1787761395.97,/planning/trajectory_guard_recovery_active,2.5,0,0,False,False,9,4,4,4,4,False,1,4,4,0,0,0,0.039309,0.04176,False,0,21.053,22,78,14,49,4.632,16.421,1787761398.11,,,,,,,,,,,,,,,,,,,,,,,11401.476868327401,22.0023531316726,13.87728768683274,8.12319099644128,1.6441642348754448,44.559,103.92446052548394,2.6260710695861698,25.15426831653108,1,0,True,,0,3373.50390625,3349.2509765625,0.0,5457.62109375,1063.1875,6560.51953125,102.99609375,0.0,0.0,../../tmp/final_generalization_n5_artifacts_20260827/seed2_run1_adaptive.attempt1.memory.csv,True,True,../../tmp/final_generalization_n5_artifacts_20260827/seed2_run1_adaptive.attempt1.performance.csv,1,282,,
seed2,1,full,17,2,,strict-burst,direct,True,True,,,,,,,,,,,,,0,0,0,0,0,1,1,0,0,0,0,0,0,0,10,29,0,3,0,3,7,0,9,10,5.965027093887329,0.596502709388733,1.1129286289215088,,,,,,,,,,,,,,,,,,,,,,,,,,,,,,,56.75,5,5,0,0.368,True,241490,0,0.453,0.253,,,,,,,0,,,,,,,,,,,../../tmp/final_generalization_n5_artifacts_20260827/seed2_run1_full.json,5674,4640,1.028,-1.035,1.492,-25.676,24.025,-25.3,24.265,221.561,7.0,7.000638,7.000639,6.999964,7.0,0.01,True,0,0,0,,,,,,1.458,,,,,,,0,,,,,,,,,,,,,,,,,,,,,,,,,,,,,,,,,,,,,,,,,,,,,,,,,,,,,,,,,,,,,,,,,,,,,,,,,,,,,,,,,,,,,,,,,,,,,,,,,,,,,,,,,,,,,,,,,,,,,,,,,,,,,,,,,,,,,,,,,,,,,,,,,,,,,,,,,,,,,,,,,,,,,,,,,,,,,,,,,,,,,,,,,,,,,,,,,,,,,,,,,,,,,,,,,,,,,,,,,,,,,,,,,15552.50843373494,32.2200778313253,20.95376409638554,11.264452120481927,1.489171269879518,,112.28652357538776,,23.35722860774256,1,0,True,,0,3424.9140625,3401.8564453125,0.0,5423.59765625,1063.1875,6592.26171875,102.99609375,0.0,0.0,../../tmp/final_generalization_n5_artifacts_20260827/seed2_run1_full.attempt1.memory.csv,True,True,../../tmp/final_generalization_n5_artifacts_20260827/seed2_run1_full.attempt1.performance.csv,4,419,,
seed2,1,sector,18,3,,strict-burst,cpp,True,True,,,,,,,,,,,,,0,0,0,0,0,1,1,0,0,0,0,0,0,0,12,12,0,3,0,7,3,0,10,12,11.125774621963501,0.9271478851636251,1.4936563968658447,,,,,,,,,,,,,,,,,,,,,,,,,,,,,,,61.95,5,5,0,0.467,True,241490,0,0.532,0.332,,,,,,,0,,,,,,,,,,,../../tmp/final_generalization_n5_artifacts_20260827/seed2_run1_sector.json,6189,5090,1.139,-0.925,1.51,-25.133,24.028,-25.499,24.028,222.835,7.0,7.001243,7.001243,7.000429,7.0,0.01,True,0,0,0,,,,,,0.0,,,,,,,0,,,,,,,,,,,,,,,,,,,,,,,,,,,,,,,,,,,,,,,,,,,,,,,,,,,,,,,,,,,,,,,,,,,,,,,,,,60,True,0.6,1.2,1.5,2,0.2,470,470,0,0,/rog_map/commit_version,0.12,0.1,0,0,False,/rog_map/cloud_process_ack,/sector/full_refresh_request,0,0,0,0,0,False,0,0,0,0,0,0,0,False,0,0,0,0,0,0,0,0,0,0,0,0,0,0,0,6000,0,0,100,6980802,2914324,41.748,False,0,False,0,0,False,0,0,1.5,0,1.5,1.5,0,0,0,,,,,,,,,0,0,,False,False,False,0,0,5,15,False,0,0,0,0,0,0,0,0,,,/planning/trajectory_guard_recovery_active,2.5,0,0,False,False,0,0,0,0,0,False,0,0,0,0,0,0,0,0,False,0,0,0,0,0,0,0,0,,,,,,,,,,,,,,,,,,,,,,,,6427.470588235294,11.825753438914028,7.771617533936651,4.052452040723982,0.7910560520361991,41.748,88.58940866991544,2.376067017669648,,1,0,True,,0,3293.7890625,3269.6962890625,0.0,5547.859375,1063.1875,6500.13671875,102.99609375,0.0,0.0,../../tmp/final_generalization_n5_artifacts_20260827/seed2_run1_sector.attempt1.memory.csv,True,True,../../tmp/final_generalization_n5_artifacts_20260827/seed2_run1_sector.attempt1.performance.csv,0,442,,
seed2,2,full,19,1,,strict-burst,direct,True,True,,,,,,,,,,,,,0,0,0,0,0,1,1,0,0,0,0,0,0,0,4,18,0,0,0,0,4,0,2,4,2.0482261180877686,0.5120565295219421,0.5690584182739258,,,,,,,,,,,,,,,,,,,,,,,,,,,,,,,55.79,5,5,0,0.454,True,241490,0,0.57,0.37,,,,,,,0,,,,,,,,,,,../../tmp/final_generalization_n5_artifacts_20260827/seed2_run2_full.json,5577,4667,1.078,-1.004,2.014,-25.076,24.025,-24.962,24.253,220.599,7.0,7.000937,7.000937,7.000391,7.0,0.01,True,0,0,0,,,,,,0.0,,,,,,,0,,,,,,,,,,,,,,,,,,,,,,,,,,,,,,,,,,,,,,,,,,,,,,,,,,,,,,,,,,,,,,,,,,,,,,,,,,,,,,,,,,,,,,,,,,,,,,,,,,,,,,,,,,,,,,,,,,,,,,,,,,,,,,,,,,,,,,,,,,,,,,,,,,,,,,,,,,,,,,,,,,,,,,,,,,,,,,,,,,,,,,,,,,,,,,,,,,,,,,,,,,,,,,,,,,,,,,,,,,,,,,,,,15873.258620689656,32.19572392241379,20.94403469827586,11.24985661637931,1.4192346896551724,,123.19637340830405,,25.929376160751737,1,0,True,,0,3421.08984375,3398.0263671875,0.0,5440.44921875,1063.1875,6602.1640625,102.99609375,0.0,0.0,../../tmp/final_generalization_n5_artifacts_20260827/seed2_run2_full.attempt1.memory.csv,True,True,../../tmp/final_generalization_n5_artifacts_20260827/seed2_run2_full.attempt1.performance.csv,3,467,,
seed2,2,sector,20,2,,strict-burst,cpp,True,True,,,,,,,,,,,,,0,0,0,0,0,0,0,0,0,0,0,0,0,0,10,25,0,0,0,4,6,0,9,10,7.384080171585083,0.7384080171585083,1.1200487613677979,,,,,,,,,,,,,,,,,,,,,,,,,,,,,,,57.64,5,5,0,0.443,True,241490,0,0.506,0.306,,,,,,,0,,,,,,,,,,,../../tmp/final_generalization_n5_artifacts_20260827/seed2_run2_sector.json,5761,4740,0.956,-1.112,1.402,-25.132,24.025,-25.092,24.321,220.437,6.999,7.001624,7.001624,6.999001,7.0,0.01,True,0,0,0,,,,,,0.0,,,,,,,0,,,,,,,,,,,,,,,,,,,,,,,,,,,,,,,,,,,,,,,,,,,,,,,,,,,,,,,,,,,,,,,,,,,,,,,,,,60,True,0.6,1.2,1.5,2,0.2,460,460,0,0,/rog_map/commit_version,0.12,0.1,0,0,False,/rog_map/cloud_process_ack,/sector/full_refresh_request,0,0,0,0,0,False,0,0,0,0,0,0,0,False,0,0,0,0,0,0,0,0,0,0,0,0,0,0,0,6000,0,0,100,7005629,3017795,43.077,False,0,False,0,0,False,0,0,1.5,0,1.5,1.5,0,0,0,,,,,,,,,0,0,,False,False,False,0,0,5,15,False,0,0,0,0,0,0,0,0,,,/planning/trajectory_guard_recovery_active,2.5,0,0,False,False,0,0,0,0,0,False,0,0,0,0,0,0,0,0,False,0,0,0,0,0,0,0,0,,,,,,,,,,,,,,,,,,,,,,,,6806.069284064665,12.133752009237876,8.04298635103926,4.089140551963049,0.809638648960739,43.077,94.27566712934535,2.3316819006859397,24.82695275813771,1,0,True,,0,3289.4609375,3265.4892578125,0.0,5548.26953125,1063.1875,6492.40625,102.99609375,0.0,0.0,../../tmp/final_generalization_n5_artifacts_20260827/seed2_run2_sector.attempt1.memory.csv,True,True,../../tmp/final_generalization_n5_artifacts_20260827/seed2_run2_sector.attempt1.performance.csv,0,433,,
seed2,2,adaptive,21,3,,strict-burst,cpp,True,True,,,,,,,,,,,,,0,10,10,10,0,2,2,0,0,0,0,0,0,0,10,34,0,1,0,3,7,0,9,10,8.993827819824219,0.8993827819824218,1.543287754058838,,,,,,,,,,,,,,,,,,,,,,,,,,,,,,,60.1,5,5,0,0.36,True,241490,0,0.438,0.238,,,,,,,0,,,,,,,,,,,../../tmp/final_generalization_n5_artifacts_20260827/seed2_run2_adaptive.json,6009,5090,1.035,-1.022,1.428,-25.026,24.025,-24.395,24.107,221.51,7.0,7.001528,7.001528,7.000133,7.0,0.01,True,0,0,0,,,,,,0.833,1787761733.118299,3.258,3.396,1787761733.806924,4.584,4.978,0,,,,,,,,,,,,,,,,,,,,,,,,,,,,,,,,,,,,,,,,,,,,,,,,,,,,,,,,,,,,,,,,,,,,,,,,,,60,True,0.6,1.2,1.5,2,1.5,434,281,153,5,/rog_map/commit_version,0.12,0.1,0.25,0,True,/rog_map/cloud_process_ack,/sector/full_refresh_request,269,269,40,60,60,False,0,1,60,0,0,0,60,False,70,70,0,269,0,269,1787761792909704615,269,0,0.34489,0.551225,0.040925,0.053593,0.156258,1.08441,6000,520420,422087,64.747,6641708,3441536,51.817,False,0,True,48.618,53.826,False,0.6,1.4,1.5,0.2,3,2.89967,0,0,0,,,,,,,,,0,0,,True,True,False,0.6,1.4,3,15,False,24,24,19,18,22.35,395,235,8,1787761733.12,1787761733.12,/planning/trajectory_guard_recovery_active,2.5,0,0,False,True,21,10,6,5,10,False,1,10,10,0,0,0,0.039214,0.046701,False,0,35.023,47,105,37,72,10.829,24.194,1787761734.53,,,,,,,,,,,,,,,,,,,,,,,12752.385767790262,23.37365820224719,14.517760224719101,8.854103745318353,1.73477902247191,51.817,93.2725237309253,2.539777577124024,22.371280058724007,1,0,True,,0,3363.09765625,3339.12890625,0.0,5430.38671875,1062.9375,6559.90234375,102.99609375,0.0,0.0,../../tmp/final_generalization_n5_artifacts_20260827/seed2_run2_adaptive.attempt1.memory.csv,True,True,../../tmp/final_generalization_n5_artifacts_20260827/seed2_run2_adaptive.attempt1.performance.csv,2,269,,
seed2,3,sector,22,1,,strict-burst,cpp,True,True,,,,,,,,,,,,,0,0,0,0,0,0,0,0,0,0,0,0,0,0,7,13,0,1,0,4,3,0,6,7,5.187957048416138,0.7411367212023053,1.0439631938934326,,,,,,,,,,,,,,,,,,,,,,,,,,,,,,,56.8,5,5,0,0.515,True,241490,0,0.568,0.368,,,,,,,0,,,,,,,,,,,../../tmp/final_generalization_n5_artifacts_20260827/seed2_run3_sector.json,5675,4470,1.011,-1.026,1.934,-24.515,24.025,-25.488,24.169,223.277,7.0,7.000986,7.000986,7.000322,7.0,0.01,True,0,0,0,,,,,,0.0,,,,,,,0,,,,,,,,,,,,,,,,,,,,,,,,,,,,,,,,,,,,,,,,,,,,,,,,,,,,,,,,,,,,,,,,,,,,,,,,,,60,True,0.6,1.2,1.5,2,0.2,443,443,0,0,/rog_map/commit_version,0.12,0.1,0,0,False,/rog_map/cloud_process_ack,/sector/full_refresh_request,0,0,0,0,0,False,0,0,0,0,0,0,0,False,0,0,0,0,0,0,0,0,0,0,0,0,0,0,0,6000,0,0,100,6550135,2677589,40.878,False,0,False,0,0,False,0,0,1.5,0,1.5,1.5,0,0,0,,,,,,,,,0,0,,False,False,False,0,0,5,15,False,0,0,0,0,0,0,0,0,,,/planning/trajectory_guard_recovery_active,2.5,0,0,False,False,0,0,0,0,0,False,0,0,0,0,0,0,0,0,False,0,0,0,0,0,0,0,0,,,,,,,,,,,,,,,,,,,,,,,,6266.399038461538,11.929325600961539,7.758561298076923,4.16913608173077,0.8481708701923077,40.878,96.78431901944647,2.2810832773330847,,1,0,True,,0,3286.1328125,3261.951171875,0.0,5497.078125,1062.9375,6499.984375,102.99609375,0.0,0.0,../../tmp/final_generalization_n5_artifacts_20260827/seed2_run3_sector.attempt1.memory.csv,True,True,../../tmp/final_generalization_n5_artifacts_20260827/seed2_run3_sector.attempt1.performance.csv,0,416,,
seed2,3,adaptive,23,2,,strict-burst,cpp,True,True,,,,,,,,,,,,,0,15,15,15,0,4,4,0,0,0,0,0,0,0,15,46,0,0,0,4,9,0,10,15,12.94046401977539,0.8626976013183594,2.611237049102783,,,,,,,,,,,,,,,,,,,,,,,,,,,,,,,63.59,5,5,0,0.548,True,241490,0,0.644,0.444,,,,,,,0,,,,,,,,,,,../../tmp/final_generalization_n5_artifacts_20260827/seed2_run3_adaptive.json,6354,5360,1.006,-1.032,2.075,-25.165,24.025,-25.742,24.208,222.103,7.0,7.001688,7.001687,7.000002,7.0,0.01,True,0,0,0,,,,,,0.0,1787761870.363136,2.489,2.588,1787761871.00359,4.087,4.309,0,,,,,,,,,,,,,,,,,,,,,,,,,,,,,,,,,,,,,,,,,,,,,,,,,,,,,,,,,,,,,,,,,,,,,,,,,,60,True,0.6,1.2,1.5,2,1.5,458,290,168,5,/rog_map/commit_version,0.12,0.1,0.25,0,True,/rog_map/cloud_process_ack,/sector/full_refresh_request,278,278,32,54,54,False,0,1,54,0,0,0,54,False,69,69,0,278,0,278,1787761933500915273,278,0,0.354331,0.763772,0.040926,0.079988,0.153508,0.968499,6000,1010030,765987,63.319,6959872,3712913,53.347,True,74.017,True,70.524,74.737,False,0.6,1.4,1.5,0.2,3,2.898099,1,0,0,1787761882.18,1787761882.18,1787761882.45,,,,,,43,0.920097,0,True,True,False,0.6,1.4,3,15,False,24,24,14,13,22.052,393,258,9,1787761870.36,1787761870.36,/planning/trajectory_guard_recovery_active,2.5,0,0,False,True,31,15,6,5,15,False,1,15,15,0,0,0,0.042427,0.049424,False,0,61.572,78,204,60,128,17.031,44.541,1787761871.25,,,,,,,,,,,,,,,,,,,,,,,13281.169675090252,25.758233393501804,16.033398411552344,9.722776534296028,1.743137772563177,53.347,91.39752907225419,2.644738531945827,,1,0,True,,0,3387.95703125,3364.0986328125,0.0,5410.09375,1062.9375,6598.67578125,102.99609375,0.0,0.0,../../tmp/final_generalization_n5_artifacts_20260827/seed2_run3_adaptive.attempt1.memory.csv,True,True,../../tmp/final_generalization_n5_artifacts_20260827/seed2_run3_adaptive.attempt1.performance.csv,1,278,,
seed2,3,full,24,3,,strict-burst,direct,True,True,,,,,,,,,,,,,0,0,0,0,0,0,0,0,0,0,0,0,0,0,11,24,0,1,0,6,5,0,11,11,9.78739070892334,0.8897627917203036,1.8377537727355957,,,,,,,,,,,,,,,,,,,,,,,,,,,,,,,63.16,5,5,0,0.463,True,241490,0,0.564,0.364,,,,,,,0,,,,,,,,,,,../../tmp/final_generalization_n5_artifacts_20260827/seed2_run3_full.json,6308,5210,1.056,-1.012,1.337,-25.166,24.025,-25.168,24.626,223.132,7.0,7.001662,7.001662,7.000166,7.0,0.01,True,0,0,0,,,,,,0.0,,,,,,,0,,,,,,,,,,,,,,,,,,,,,,,,,,,,,,,,,,,,,,,,,,,,,,,,,,,,,,,,,,,,,,,,,,,,,,,,,,,,,,,,,,,,,,,,,,,,,,,,,,,,,,,,,,,,,,,,,,,,,,,,,,,,,,,,,,,,,,,,,,,,,,,,,,,,,,,,,,,,,,,,,,,,,,,,,,,,,,,,,,,,,,,,,,,,,,,,,,,,,,,,,,,,,,,,,,,,,,,,,,,,,,,,,15881.344298245614,30.63838201754386,20.01348947368421,10.623069627192983,1.358908609649123,,104.1132414424883,,,1,0,True,,0,3431.453125,3408.5732421875,0.0,5408.5859375,1062.9375,6613.20703125,102.99609375,0.0,0.0,../../tmp/final_generalization_n5_artifacts_20260827/seed2_run3_full.attempt1.memory.csv,True,True,../../tmp/final_generalization_n5_artifacts_20260827/seed2_run3_full.attempt1.performance.csv,3,459,,
seed2,4,adaptive,25,1,,strict-burst,cpp,True,True,,,,,,,,,,,,,0,10,10,10,0,2,2,0,0,0,0,0,0,0,10,11,0,0,0,7,3,0,10,10,10.87533950805664,1.087533950805664,1.6823501586914062,,,,,,,,,,,,,,,,,,,,,,,,,,,,,,,59.31,5,5,0,0.436,True,241490,0,0.494,0.294,,,,,,,0,,,,,,,,,,,../../tmp/final_generalization_n5_artifacts_20260827/seed2_run4_adaptive.json,5925,4740,1.003,-0.886,1.0,-24.998,24.196,-25.159,25.019,225.822,7.0,7.002461,7.002462,7.000327,7.0,0.01,True,0,0,0,,,,,,0.0,1787762017.226417,3.114,3.245,1787762017.834283,4.073,4.306,0,,,,,,,,,,,,,,,,,,,,,,,,,,,,,,,,,,,,,,,,,,,,,,,,,,,,,,,,,,,,,,,,,,,,,,,,,,60,True,0.6,1.2,1.5,2,1.5,442,290,152,5,/rog_map/commit_version,0.12,0.1,0.25,0,True,/rog_map/cloud_process_ack,/sector/full_refresh_request,277,277,45,57,57,False,0,1,57,0,0,0,57,False,67,67,0,277,0,277,1787762075532578182,277,0,0.327836,0.580678,0.042273,0.062327,0.149783,0.686965,6000,619343,493319,65.611,6649665,3390856,50.993,True,84.389,False,49.774,53.357,False,0.6,1.4,1.5,0.2,3,2.898948,1,0,0,1787762021.04,1787762021.04,1787762021.18,,,,,,39,1.059681,0,True,True,False,0.6,1.4,3,15,False,21,21,17,17,19.005,375,238,10,1787762017.23,1787762017.23,/planning/trajectory_guard_recovery_active,2.5,0,0,False,False,21,10,4,4,10,False,1,10,10,0,0,0,0.040377,0.050595,False,0,36.878,84,79,56,56,19.005,17.873,1787762018.35,,,,,,,,,,,,,,,,,,,,,,,12118.509025270758,22.618798194945846,14.108868483754513,8.50820523465704,1.6674662382671481,50.993,91.33411506925849,2.6737651086658065,22.547324223149133,1,0,True,,0,3379.29296875,3355.3603515625,0.0,5425.67578125,1062.9375,6581.625,102.99609375,0.0,0.0,../../tmp/final_generalization_n5_artifacts_20260827/seed2_run4_adaptive.attempt1.memory.csv,True,True,../../tmp/final_generalization_n5_artifacts_20260827/seed2_run4_adaptive.attempt1.performance.csv,0,277,,
seed2,4,full,26,2,,strict-burst,direct,True,True,,,,,,,,,,,,,0,0,0,0,0,1,1,0,0,0,0,0,0,0,12,37,0,0,0,3,9,0,11,12,8.195858001708984,0.682988166809082,1.3609323501586914,,,,,,,,,,,,,,,,,,,,,,,,,,,,,,,59.52,5,5,0,0.458,True,241490,0,0.51,0.31,,,,,,,0,,,,,,,,,,,../../tmp/final_generalization_n5_artifacts_20260827/seed2_run4_full.json,5951,4670,0.906,-1.036,1.737,-25.073,24.025,-25.756,24.535,222.046,6.999,7.005361,7.005361,6.999493,7.0,0.01,True,0,0,0,,,,,,1.377,,,,,,,0,,,,,,,,,,,,,,,,,,,,,,,,,,,,,,,,,,,,,,,,,,,,,,,,,,,,,,,,,,,,,,,,,,,,,,,,,,,,,,,,,,,,,,,,,,,,,,,,,,,,,,,,,,,,,,,,,,,,,,,,,,,,,,,,,,,,,,,,,,,,,,,,,,,,,,,,,,,,,,,,,,,,,,,,,,,,,,,,,,,,,,,,,,,,,,,,,,,,,,,,,,,,,,,,,,,,,,,,,,,,,,,,,15458.762124711317,31.463209930715934,20.31281893764434,11.14848688221709,1.434995168591224,,107.87499689191789,,24.764243435211448,1,0,True,,0,3426.56640625,3403.6279296875,0.0,5388.27734375,1062.9375,6613.296875,102.99609375,0.0,0.0,../../tmp/final_generalization_n5_artifacts_20260827/seed2_run4_full.attempt1.memory.csv,True,True,../../tmp/final_generalization_n5_artifacts_20260827/seed2_run4_full.attempt1.performance.csv,4,437,,
seed2,4,sector,27,3,,strict-burst,cpp,True,True,,,,,,,,,,,,,0,0,0,0,0,2,2,0,0,0,0,0,0,0,7,27,0,0,0,1,6,0,6,7,4.595579385757446,0.6565113408224923,1.1521656513214111,,,,,,,,,,,,,,,,,,,,,,,,,,,,,,,56.47,5,5,0,0.451,True,241490,0,0.517,0.317,,,,,,,0,,,,,,,,,,,../../tmp/final_generalization_n5_artifacts_20260827/seed2_run4_sector.json,5639,4500,1.027,-1.051,1.761,-25.188,24.027,-25.408,24.268,219.789,7.0,7.001194,7.001194,6.999833,7.0,0.01,True,0,0,0,,,,,,0.0,,,,,,,0,,,,,,,,,,,,,,,,,,,,,,,,,,,,,,,,,,,,,,,,,,,,,,,,,,,,,,,,,,,,,,,,,,,,,,,,,,60,True,0.6,1.2,1.5,2,0.2,436,436,0,0,/rog_map/commit_version,0.12,0.1,0,0,False,/rog_map/cloud_process_ack,/sector/full_refresh_request,0,0,0,0,0,False,0,0,0,0,0,0,0,False,0,0,0,0,0,0,0,0,0,0,0,0,0,0,0,6000,0,0,100,6417688,2675422,41.688,False,0,False,0,0,False,0,0,1.5,0,1.5,1.5,0,0,0,,,,,,,,,0,0,,False,False,False,0,0,5,15,False,0,0,0,0,0,0,0,0,,,/planning/trajectory_guard_recovery_active,2.5,0,0,False,False,0,0,0,0,0,False,0,0,0,0,0,0,0,0,False,0,0,0,0,0,0,0,0,,,,,,,,,,,,,,,,,,,,,,,,6376.818627450981,12.124035931372548,7.909479534313726,4.21291343872549,0.8451658651960785,41.688,97.38210722837486,2.3405274469338058,25.76691973898556,1,0,True,,0,3310.66015625,3286.7294921875,0.0,5458.0078125,1062.9375,6535.26953125,102.99609375,0.0,0.0,../../tmp/final_generalization_n5_artifacts_20260827/seed2_run4_sector.attempt1.memory.csv,True,True,../../tmp/final_generalization_n5_artifacts_20260827/seed2_run4_sector.attempt1.performance.csv,0,408,,
seed2,5,full,28,1,,strict-burst,direct,True,True,,,,,,,,,,,,,0,0,0,0,0,0,0,0,0,0,0,0,0,0,7,9,0,0,0,5,2,0,7,7,7.617787599563599,1.0882553713662284,1.6697232723236084,,,,,,,,,,,,,,,,,,,,,,,,,,,,,,,58.63,5,5,0,0.37,True,241490,0,0.437,0.237,,,,,,,0,,,,,,,,,,,../../tmp/final_generalization_n5_artifacts_20260827/seed2_run5_full.json,5857,4917,0.773,-1.07,1.317,-25.033,24.025,-25.575,24.232,221.251,7.0,7.001001,7.001002,7.000161,7.0,0.01,True,0,0,0,,,,,,0.0,,,,,,,0,,,,,,,,,,,,,,,,,,,,,,,,,,,,,,,,,,,,,,,,,,,,,,,,,,,,,,,,,,,,,,,,,,,,,,,,,,,,,,,,,,,,,,,,,,,,,,,,,,,,,,,,,,,,,,,,,,,,,,,,,,,,,,,,,,,,,,,,,,,,,,,,,,,,,,,,,,,,,,,,,,,,,,,,,,,,,,,,,,,,,,,,,,,,,,,,,,,,,,,,,,,,,,,,,,,,,,,,,,,,,,,,,15348.19294117647,31.544767764705885,20.311789411764707,11.231251129411765,1.4815772164705883,,109.82021741655437,,23.480036171391504,1,0,True,,0,3419.2734375,3396.3046875,0.0,5390.73828125,1062.9375,6607.15234375,102.99609375,0.0,0.0,../../tmp/final_generalization_n5_artifacts_20260827/seed2_run5_full.attempt1.memory.csv,True,True,../../tmp/final_generalization_n5_artifacts_20260827/seed2_run5_full.attempt1.performance.csv,3,428,,
seed2,5,sector,29,2,,strict-burst,cpp,True,True,,,,,,,,,,,,,0,0,0,0,0,2,2,0,0,0,0,0,0,0,9,13,0,1,0,5,3,0,7,9,7.9703123569488525,0.8855902618832059,2.155625343322754,,,,,,,,,,,,,,,,,,,,,,,,,,,,,,,60.01,5,5,0,0.522,True,241490,0,0.542,0.342,,,,,,,0,,,,,,,,,,,../../tmp/final_generalization_n5_artifacts_20260827/seed2_run5_sector.json,5994,4640,1.049,-0.996,1.611,-24.974,24.025,-25.219,24.599,221.671,6.998,7.001169,7.001169,6.998046,7.0,0.01,True,0,0,0,,,,,,0.0,,,,,,,0,,,,,,,,,,,,,,,,,,,,,,,,,,,,,,,,,,,,,,,,,,,,,,,,,,,,,,,,,,,,,,,,,,,,,,,,,,60,True,0.6,1.2,1.5,2,0.2,503,503,0,0,/rog_map/commit_version,0.12,0.1,0,0,False,/rog_map/cloud_process_ack,/sector/full_refresh_request,0,0,0,0,0,False,0,0,0,0,0,0,0,False,0,0,0,0,0,0,0,0,0,0,0,0,0,0,0,6000,0,0,100,7408502,3036003,40.98,False,0,False,0,0,False,0,0,1.5,0,1.5,1.5,0,0,0,,,,,,,,,0,0,,False,False,False,0,0,5,15,False,0,0,0,0,0,0,0,0,,,/planning/trajectory_guard_recovery_active,2.5,0,0,False,False,0,0,0,0,0,False,0,0,0,0,0,0,0,0,False,0,0,0,0,0,0,0,0,,,,,,,,,,,,,,,,,,,,,,,,6229.487394957983,11.718826848739495,7.779114117647059,3.93822968697479,0.7373869033613445,40.98,95.1732455867151,2.363137334364328,23.293718449527976,1,0,True,,0,3294.91796875,3270.7080078125,0.0,5446.80078125,1062.9375,6512.95703125,102.99609375,0.0,0.0,../../tmp/final_generalization_n5_artifacts_20260827/seed2_run5_sector.attempt1.memory.csv,True,True,../../tmp/final_generalization_n5_artifacts_20260827/seed2_run5_sector.attempt1.performance.csv,0,476,,
seed2,5,adaptive,30,3,,strict-burst,cpp,True,True,,,,,,,,,,,,,0,8,8,8,0,0,0,0,0,0,0,0,0,0,8,16,0,0,0,4,4,0,8,8,6.5051515102386475,0.8131439387798309,1.1514835357666016,,,,,,,,,,,,,,,,,,,,,,,,,,,,,,,56.25,5,5,0,0.396,True,241490,0,0.439,0.239,,,,,,,0,,,,,,,,,,,../../tmp/final_generalization_n5_artifacts_20260827/seed2_run5_adaptive.json,5621,4680,1.013,-1.045,1.545,-24.806,24.025,-24.928,24.236,220.132,7.001,7.001648,7.001648,7.000818,7.0,0.01,True,0,0,0,,,,,,0.0,1787762360.448124,3.352,3.493,1787762361.112782,4.344,4.847,0,,,,,,,,,,,,,,,,,,,,,,,,,,,,,,,,,,,,,,,,,,,,,,,,,,,,,,,,,,,,,,,,,,,,,,,,,,60,True,0.6,1.2,1.5,2,1.5,461,286,175,5,/rog_map/commit_version,0.12,0.1,0.25,0,True,/rog_map/cloud_process_ack,/sector/full_refresh_request,273,273,35,40,40,False,0,1,40,0,0,0,40,False,48,48,0,273,0,273,1787762415710836939,273,0,0.342546,0.493183,0.044517,0.091488,0.140254,0.78102,6000,690715,542260,62.039,7111485,3410342,47.955,False,0,True,48.807,53.607,False,0.6,1.4,1.5,0.2,3,2.899907,0,0,0,,,,,,,,,0,0,,True,True,False,0.6,1.4,3,15,False,22,22,20,19,22.777,387,233,9,1787762360.45,1787762360.45,/planning/trajectory_guard_recovery_active,2.5,0,0,False,True,17,8,6,5,8,False,1,8,8,0,0,0,0.038359,0.05631,False,0,32.972,45,107,32,71,9.761,23.21,1787762361.63,,,,,,,,,,,,,,,,,,,,,,,12367.446886446887,22.623981135531135,14.12230271062271,8.49990435897436,1.7460210952380952,47.955,97.57561187901537,2.5728456280956666,23.559210190755973,1,0,True,,0,3398.6640625,3374.533203125,0.0,5367.55859375,1062.9375,6642.41015625,102.99609375,0.0,0.0,../../tmp/final_generalization_n5_artifacts_20260827/seed2_run5_adaptive.attempt1.memory.csv,True,True,../../tmp/final_generalization_n5_artifacts_20260827/seed2_run5_adaptive.attempt1.performance.csv,0,273,,
seed3,1,sector,31,1,,strict-burst,cpp,True,True,,,,,,,,,,,,,0,0,0,0,0,2,2,0,0,0,0,0,0,0,10,9,0,0,0,8,2,0,9,10,11.098656177520752,1.1098656177520752,1.567525863647461,,,,,,,,,,,,,,,,,,,,,,,,,,,,,,,62.49,5,5,0,0.444,True,444850,0,0.514,0.314,,,,,,,0,,,,,,,,,,,../../tmp/final_generalization_n5_artifacts_20260827/seed3_run1_sector.json,6244,4955,1.451,0.136,2.021,-23.984,24.025,-24.872,27.297,226.223,6.998,7.001087,7.001087,6.998174,7.0,0.01,True,0,0,0,,,,,,0.0,,,,,,,0,,,,,,,,,,,,,,,,,,,,,,,,,,,,,,,,,,,,,,,,,,,,,,,,,,,,,,,,,,,,,,,,,,,,,,,,,,60,True,0.6,1.2,1.5,2,0.2,405,405,0,0,/rog_map/commit_version,0.12,0.1,0,0,False,/rog_map/cloud_process_ack,/sector/full_refresh_request,0,0,0,0,0,False,0,0,0,0,0,0,0,False,0,0,0,0,0,0,0,0,0,0,0,0,0,0,0,6000,0,0,100,8908738,3949079,44.328,False,0,False,0,0,False,0,0,1.5,0,1.5,1.5,0,0,0,,,,,,,,,0,0,,False,False,False,0,0,5,15,False,0,0,0,0,0,0,0,0,,,/planning/trajectory_guard_recovery_active,2.5,0,0,False,False,0,0,0,0,0,False,0,0,0,0,0,0,0,0,False,0,0,0,0,0,0,0,0,,,,,,,,,,,,,,,,,,,,,,,,10166.401055408971,13.875974591029024,9.206255408970977,4.667915250659631,1.1047036464379947,44.328,90.47956165768042,2.516558769356848,27.27082765795864,1,0,True,,0,3306.4765625,3282.4072265625,0.0,5407.24609375,1062.9375,6604.1328125,102.99609375,0.0,0.0,../../tmp/final_generalization_n5_artifacts_20260827/seed3_run1_sector.attempt1.memory.csv,True,True,../../tmp/final_generalization_n5_artifacts_20260827/seed3_run1_sector.attempt1.performance.csv,0,379,,
seed3,1,adaptive,32,2,,strict-burst,cpp,True,True,,,,,,,,,,,,,0,25,25,25,0,4,6,0,0,0,0,0,0,0,25,42,0,2,0,13,10,0,21,25,22.15675449371338,0.8862701797485352,2.0558149814605713,,,,,,,,,,,,,,,,,,,,,,,,,,,,,,,71.84,5,5,0,0.45,True,444850,0,0.51,0.31,,,,,,,0,,,,,,,,,,,../../tmp/final_generalization_n5_artifacts_20260827/seed3_run1_adaptive.json,7182,5930,0.38,-1.399,2.196,-24.451,24.058,-25.328,26.002,223.912,7.0,7.002185,7.002185,7.000024,7.0,0.01,True,0,0,0,,,,,,0.0,1787762498.662194,3.056,3.432,1787762502.463742,11.197,11.488,0,,,,,,,,,,,,,,,,,,,,,,,,,,,,,,,,,,,,,,,,,,,,,,,,,,,,,,,,,,,,,,,,,,,,,,,,,,60,True,0.6,1.2,1.5,2,1.5,459,317,142,5,/rog_map/commit_version,0.12,0.1,0.25,0,True,/rog_map/cloud_process_ack,/sector/full_refresh_request,305,305,32,55,55,False,0,1,55,0,0,0,55,False,80,80,0,305,0,305,1787762569763986056,305,0,0.341587,0.561692,0.046859,0.091041,0.161395,1.048358,6000,1400476,864470,69.063,10299616,5861083,56.906,True,52.941,False,72.767,75.454,False,0.6,1.4,1.5,0.2,3,2.899258,1,1,1,1787762526.33,1787762526.33,1787762526.61,1787762554.45,1787762555.65,1.200052,1787762569.44,13.79027,21,1.200052,0,True,True,False,0.6,1.4,3,15,False,26,26,10,10,20.261,379,228,8,1787762498.66,1787762498.66,/planning/trajectory_guard_recovery_active,2.5,0,0,False,False,51,25,6,6,25,False,1,25,25,0,0,0,0.047014,0.059053,False,0,62.745,121,167,95,115,26.362,36.383,1787762499.04,,,,,,,,,,,,,,,,,,,,,,,19071.41639344262,29.325636622950817,18.546432786885244,10.777448262295081,2.147995419672131,56.906,84.13126733778942,2.822391523994969,,1,0,True,,0,3400.609375,3376.2919921875,0.0,5296.71875,1062.9375,6713.75,102.99609375,0.0,0.0,../../tmp/final_generalization_n5_artifacts_20260827/seed3_run1_adaptive.attempt1.memory.csv,True,True,../../tmp/final_generalization_n5_artifacts_20260827/seed3_run1_adaptive.attempt1.performance.csv,0,305,,
seed3,1,full,33,3,,strict-burst,direct,True,True,,,,,,,,,,,,,0,0,0,0,0,1,1,0,0,0,0,0,0,0,27,50,0,0,0,15,12,0,25,27,21.747870683670044,0.8054766919877794,1.5050981044769287,,,,,,,,,,,,,,,,,,,,,,,,,,,,,,,67.02,5,5,0,0.416,True,444850,0,0.512,0.312,,,,,,,0,,,,,,,,,,,../../tmp/final_generalization_n5_artifacts_20260827/seed3_run1_full.json,6700,5947,0.673,-1.29,1.775,-25.924,24.025,-25.154,26.406,220.85,7.001,7.000779,7.000779,7.000608,7.0,0.01,True,0,0,0,,,,,,0.888,,,,,,,0,,,,,,,,,,,,,,,,,,,,,,,,,,,,,,,,,,,,,,,,,,,,,,,,,,,,,,,,,,,,,,,,,,,,,,,,,,,,,,,,,,,,,,,,,,,,,,,,,,,,,,,,,,,,,,,,,,,,,,,,,,,,,,,,,,,,,,,,,,,,,,,,,,,,,,,,,,,,,,,,,,,,,,,,,,,,,,,,,,,,,,,,,,,,,,,,,,,,,,,,,,,,,,,,,,,,,,,,,,,,,,,,,21410.75,36.3843,23.371661538461538,13.010708942307692,2.1716203397435896,,85.12308415057497,,23.654751333386802,1,0,True,,0,3435.4765625,3412.5107421875,0.0,5303.94140625,1062.9375,6725.44921875,102.99609375,0.0,0.0,../../tmp/final_generalization_n5_artifacts_20260827/seed3_run1_full.attempt1.memory.csv,True,True,../../tmp/final_generalization_n5_artifacts_20260827/seed3_run1_full.attempt1.performance.csv,3,315,,
seed3,2,adaptive,34,1,,strict-burst,cpp,True,True,,,,,,,,,,,,,0,17,17,17,0,1,2,0,0,0,0,0,0,0,17,21,0,2,0,10,5,0,14,17,15.76815938949585,0.9275387876174029,1.8528337478637695,,,,,,,,,,,,,,,,,,,,,,,,,,,,,,,67.47,5,5,0,0.446,True,444850,0,0.503,0.303,,,,,,,0,,,,,,,,,,,../../tmp/final_generalization_n5_artifacts_20260827/seed3_run2_adaptive.json,6745,5745,0.958,-1.125,2.119,-26.281,24.025,-26.675,24.374,226.877,7.0,7.001645,7.001645,7.000183,7.0,0.01,True,0,0,0,,,,,,0.0,1787762657.657847,3.181,3.578,1787762658.341477,3.883,4.389,0,,,,,,,,,,,,,,,,,,,,,,,,,,,,,,,,,,,,,,,,,,,,,,,,,,,,,,,,,,,,,,,,,,,,,,,,,,60,True,0.6,1.2,1.5,2,1.5,458,299,159,5,/rog_map/commit_version,0.12,0.1,0.25,0,True,/rog_map/cloud_process_ack,/sector/full_refresh_request,287,287,29,62,62,False,0,1,62,0,0,0,62,False,79,79,0,287,0,287,1787762724940227883,287,1,0.330668,0.551662,0.053705,0.12064,0.155949,0.872445,6000,1011513,610427,65.284,10532478,5498749,52.208,True,80.131,True,58.297,63.496,False,0.6,1.4,1.5,0.2,3,2.89995,1,1,1,1787762666.77,1787762666.77,1787762666.84,1787762668.45,1787762669.66,1.207746,1787762678.63,8.969988,40,1.207746,0,True,True,False,0.6,1.4,3,15,False,23,23,16,15,15.721,369,220,9,1787762657.66,1787762657.66,/planning/trajectory_guard_recovery_active,2.5,0,0,False,True,35,17,6,5,17,False,1,17,17,0,0,0,0.047878,0.069176,False,0,49.345,86,140,67,93,18.777,30.568,1787762659.51,,,,,,,,,,,,,,,,,,,,,,,19005.04529616725,31.470535540069683,19.899916341463413,11.568496202090591,2.4731580592334494,52.208,91.99335276337786,3.1956821585632382,29.83125441463716,1,0,True,,0,3397.38671875,3373.3505859375,0.0,5027.12109375,1062.9375,6733.01953125,102.99609375,0.0,0.0,../../tmp/final_generalization_n5_artifacts_20260827/seed3_run2_adaptive.attempt1.memory.csv,True,True,../../tmp/final_generalization_n5_artifacts_20260827/seed3_run2_adaptive.attempt1.performance.csv,0,287,,
seed3,2,full,35,2,,strict-burst,direct,True,True,,,,,,,,,,,,,0,0,0,0,0,2,4,0,0,0,0,0,0,0,2,5,0,2,0,1,1,0,1,2,2.8729145526885986,1.4364572763442993,2.008254051208496,,,,,,,,,,,,,,,,,,,,,,,,,,,,,,,61.68,5,5,0,0.426,True,444850,0,0.478,0.278,,,,,,,0,,,,,,,,,,,../../tmp/final_generalization_n5_artifacts_20260827/seed3_run2_full.json,6160,4934,1.301,-0.635,1.393,-24.038,24.025,-24.91,25.754,224.946,6.999,7.00094,7.000941,6.999303,7.0,0.01,True,0,0,0,,,,,,0.0,,,,,,,0,,,,,,,,,,,,,,,,,,,,,,,,,,,,,,,,,,,,,,,,,,,,,,,,,,,,,,,,,,,,,,,,,,,,,,,,,,,,,,,,,,,,,,,,,,,,,,,,,,,,,,,,,,,,,,,,,,,,,,,,,,,,,,,,,,,,,,,,,,,,,,,,,,,,,,,,,,,,,,,,,,,,,,,,,,,,,,,,,,,,,,,,,,,,,,,,,,,,,,,,,,,,,,,,,,,,,,,,,,,,,,,,,23086.926315789475,43.879329684210525,29.134270736842105,14.742922105263158,2.152906381052632,,128.997517429972,,31.990024727599305,1,0,True,,0,3440.75390625,3417.61328125,0.0,5258.86328125,1062.6875,6702.32421875,102.99609375,0.0,0.0,../../tmp/final_generalization_n5_artifacts_20260827/seed3_run2_full.attempt1.memory.csv,True,True,../../tmp/final_generalization_n5_artifacts_20260827/seed3_run2_full.attempt1.performance.csv,0,475,,
seed3,2,sector,36,3,,strict-burst,cpp,True,True,,,,,,,,,,,,,0,0,0,0,0,1,1,0,0,0,0,0,0,0,7,21,0,0,0,2,5,0,6,7,4.959792137145996,0.7085417338779995,1.0712308883666992,,,,,,,,,,,,,,,,,,,,,,,,,,,,,,,57.51,5,5,0,0.411,True,444850,0,0.481,0.281,,,,,,,0,,,,,,,,,,,../../tmp/final_generalization_n5_artifacts_20260827/seed3_run2_sector.json,5749,4640,1.446,-0.355,1.409,-25.048,24.025,-23.975,24.464,222.214,7.0,7.001647,7.001647,7.00049,7.0,0.01,True,0,0,0,,,,,,1.3,,,,,,,0,,,,,,,,,,,,,,,,,,,,,,,,,,,,,,,,,,,,,,,,,,,,,,,,,,,,,,,,,,,,,,,,,,,,,,,,,,60,True,0.6,1.2,1.5,2,0.2,406,406,0,0,/rog_map/commit_version,0.12,0.1,0,0,False,/rog_map/cloud_process_ack,/sector/full_refresh_request,0,0,0,0,0,False,0,0,0,0,0,0,0,False,0,0,0,0,0,0,0,0,0,0,0,0,0,0,0,6000,0,0,100,9216231,4227674,45.872,False,0,False,0,0,False,0,0,1.5,0,1.5,1.5,0,0,0,,,,,,,,,0,0,,False,False,False,0,0,5,15,False,0,0,0,0,0,0,0,0,,,/planning/trajectory_guard_recovery_active,2.5,0,0,False,False,0,0,0,0,0,False,0,0,0,0,0,0,0,0,False,0,0,0,0,0,0,0,0,,,,,,,,,,,,,,,,,,,,,,,,10853.889763779527,14.280091758530183,9.44189847769029,4.836487270341207,1.1514351128608924,45.872,98.59191389999744,2.557827621158596,23.034534142422274,1,0,True,,0,3290.0,3265.7734375,0.0,5401.5234375,1062.6875,6582.04296875,102.99609375,0.0,0.0,../../tmp/final_generalization_n5_artifacts_20260827/seed3_run2_sector.attempt1.memory.csv,True,True,../../tmp/final_generalization_n5_artifacts_20260827/seed3_run2_sector.attempt1.performance.csv,1,382,,
seed3,3,full,37,1,,strict-burst,direct,True,True,,,,,,,,,,,,,0,0,0,0,0,0,0,0,0,0,0,0,0,0,13,30,0,1,0,5,7,0,10,13,9.817299365997314,0.7551768743074857,1.1523933410644531,,,,,,,,,,,,,,,,,,,,,,,,,,,,,,,62.34,5,5,0,0.405,True,444850,0,0.514,0.314,,,,,,,0,,,,,,,,,,,../../tmp/final_generalization_n5_artifacts_20260827/seed3_run3_full.json,6232,5285,0.696,-1.286,1.396,-24.187,24.025,-24.214,26.913,223.889,7.0,7.00115,7.001149,6.99977,7.0,0.01,True,0,0,0,,,,,,0.833,,,,,,,0,,,,,,,,,,,,,,,,,,,,,,,,,,,,,,,,,,,,,,,,,,,,,,,,,,,,,,,,,,,,,,,,,,,,,,,,,,,,,,,,,,,,,,,,,,,,,,,,,,,,,,,,,,,,,,,,,,,,,,,,,,,,,,,,,,,,,,,,,,,,,,,,,,,,,,,,,,,,,,,,,,,,,,,,,,,,,,,,,,,,,,,,,,,,,,,,,,,,,,,,,,,,,,,,,,,,,,,,,,,,,,,,,23347.19893899204,38.24974986737401,24.938327055702917,13.30949100795756,2.117784726790451,,107.3776588862006,,26.775183761882385,1,0,True,,0,3436.3671875,3413.41015625,0.0,5277.29296875,1062.6875,6727.22265625,102.99609375,0.0,0.0,../../tmp/final_generalization_n5_artifacts_20260827/seed3_run3_full.attempt1.memory.csv,True,True,../../tmp/final_generalization_n5_artifacts_20260827/seed3_run3_full.attempt1.performance.csv,3,380,,
seed3,3,sector,38,2,,strict-burst,cpp,True,True,,,,,,,,,,,,,0,0,0,0,0,0,0,0,0,0,0,0,0,0,20,45,0,2,0,9,11,0,19,20,14.811032056808472,0.7405516028404235,1.4830310344696045,,,,,,,,,,,,,,,,,,,,,,,,,,,,,,,64.99,5,5,0,0.411,True,444850,0,0.48,0.28,,,,,,,0,,,,,,,,,,,../../tmp/final_generalization_n5_artifacts_20260827/seed3_run3_sector.json,6497,5431,0.536,-1.381,1.44,-26.369,24.025,-25.207,26.452,222.957,7.0,7.005303,7.005303,6.999938,7.0,0.01,True,0,0,0,,,,,,0.0,,,,,,,0,,,,,,,,,,,,,,,,,,,,,,,,,,,,,,,,,,,,,,,,,,,,,,,,,,,,,,,,,,,,,,,,,,,,,,,,,,60,True,0.6,1.2,1.5,2,0.2,378,378,0,0,/rog_map/commit_version,0.12,0.1,0,0,False,/rog_map/cloud_process_ack,/sector/full_refresh_request,0,0,0,0,0,False,0,0,0,0,0,0,0,False,0,0,0,0,0,0,0,0,0,0,0,0,0,0,0,6000,0,0,100,7841709,3396255,43.31,False,0,False,0,0,False,0,0,1.5,0,1.5,1.5,0,0,0,,,,,,,,,0,0,,False,False,False,0,0,5,15,False,0,0,0,0,0,0,0,0,,,/planning/trajectory_guard_recovery_active,2.5,0,0,False,False,0,0,0,0,0,False,0,0,0,0,0,0,0,0,False,0,0,0,0,0,0,0,0,,,,,,,,,,,,,,,,,,,,,,,,9424.441260744985,13.744623438395415,9.092636017191976,4.650157363896848,1.1131544154727793,43.31,83.64545225910612,2.4775090290080413,23.969133281257953,1,0,True,,0,3305.578125,3281.4599609375,0.0,5338.71484375,1062.6875,6633.578125,102.99609375,0.0,0.0,../../tmp/final_generalization_n5_artifacts_20260827/seed3_run3_sector.attempt1.memory.csv,True,True,../../tmp/final_generalization_n5_artifacts_20260827/seed3_run3_sector.attempt1.performance.csv,0,349,,
seed3,3,adaptive,39,3,,strict-burst,cpp,True,True,,,,,,,,,,,,,0,24,24,23,0,4,4,0,0,0,0,0,0,0,24,65,0,0,0,8,16,0,22,24,20.25844430923462,0.8441018462181091,2.8254871368408203,,,,,,,,,,,,,,,,,,,,,,,,,,,,,,,68.92,5,5,0,0.45,True,444850,0,0.444,0.244,,,,,,,0,,,,,,,,,,,../../tmp/final_generalization_n5_artifacts_20260827/seed3_run3_adaptive.json,6890,5824,1.319,-0.706,1.347,-24.142,24.118,-25.14,25.888,229.39,7.001,7.001765,7.001765,7.001483,7.0,0.01,True,0,0,0,,,,,,1.494,1787763023.379575,2.834,3.173,1787763027.434676,13.134,13.035,0,,,,,,,,,,,,,,,,,,,,,,,,,,,,,,,,,,,,,,,,,,,,,,,,,,,,,,,,,,,,,,,,,,,,,,,,,,60,True,0.6,1.2,1.5,2,1.5,397,280,117,5,/rog_map/commit_version,0.12,0.1,0.25,0,True,/rog_map/cloud_process_ack,/sector/full_refresh_request,269,269,26,82,82,False,0,1,82,0,0,0,82,False,106,106,0,269,0,269,1787763092732897227,269,0,0.344364,0.64476,0.045918,0.060639,0.180268,0.760874,6000,1029443,631694,70.529,8725952,5372821,61.573,False,0,True,75.567,79.897,False,0.6,1.4,1.5,0.2,3,2.899718,0,0,0,,,,,,,,,0,0,,True,True,False,0.6,1.4,3,15,False,24,24,10,9,19.144,414,259,9,1787763023.38,1787763023.38,/planning/trajectory_guard_recovery_active,2.5,0,0,False,True,49,24,7,6,24,False,1,24,24,0,0,0,0.048707,0.087743,False,0,71.537,115,169,92,119,28.967,42.569,1787763023.81,,,,,,,,,,,,,,,,,,,,,,,19943.25468164794,31.231321123595503,19.594854906367043,11.634473707865169,2.4359420187265917,61.573,88.06396076534148,2.7216015116638084,24.423907760062388,1,0,True,,0,3416.09375,3392.1689453125,0.0,5252.4140625,1062.6875,6764.78125,102.99609375,0.0,0.0,../../tmp/final_generalization_n5_artifacts_20260827/seed3_run3_adaptive.attempt1.memory.csv,True,True,../../tmp/final_generalization_n5_artifacts_20260827/seed3_run3_adaptive.attempt1.performance.csv,2,269,,
seed3,4,sector,40,1,,strict-burst,cpp,True,True,,,,,,,,,,,,,0,0,0,0,0,5,7,0,0,0,0,0,0,0,30,70,0,0,0,11,17,0,26,29,26.519243955612183,0.914456688124558,3.20491623878479,,,,,,,,,,,,,,,,,,,,,,,,,,,,,,,75.4,5,5,0,0.389,True,444850,0,0.402,0.202,,,,,,,0,,,,,,,,,,,../../tmp/final_generalization_n5_artifacts_20260827/seed3_run4_sector.json,7538,6428,1.411,-0.358,1.785,-25.033,24.025,-24.812,27.124,228.123,7.0,7.003681,7.003681,6.999619,7.0,0.01,True,0,0,0,,,,,,0.0,,,,,,,0,,,,,,,,,,,,,,,,,,,,,,,,,,,,,,,,,,,,,,,,,,,,,,,,,,,,,,,,,,,,,,,,,,,,,,,,,,60,True,0.6,1.2,1.5,2,0.2,395,395,0,0,/rog_map/commit_version,0.12,0.1,0,0,False,/rog_map/cloud_process_ack,/sector/full_refresh_request,0,0,0,0,0,False,0,0,0,0,0,0,0,False,0,0,0,0,0,0,0,0,0,0,0,0,0,0,0,6000,0,0,100,8682458,4056382,46.719,False,0,False,0,0,False,0,0,1.5,0,1.5,1.5,0,0,0,,,,,,,,,0,0,,False,False,False,0,0,5,15,False,0,0,0,0,0,0,0,0,,,/planning/trajectory_guard_recovery_active,2.5,0,0,False,False,0,0,0,0,0,False,0,0,0,0,0,0,0,0,False,0,0,0,0,0,0,0,0,,,,,,,,,,,,,,,,,,,,,,,,10732.707317073171,13.435535365853658,9.051916883468834,4.381917533875339,1.031830701897019,46.719,73.40867524956609,2.528880684814508,25.83621441837224,1,0,True,,0,3294.1796875,3270.0986328125,0.0,5418.09375,1062.6875,6596.06640625,102.99609375,0.0,0.0,../../tmp/final_generalization_n5_artifacts_20260827/seed3_run4_sector.attempt1.memory.csv,True,True,../../tmp/final_generalization_n5_artifacts_20260827/seed3_run4_sector.attempt1.performance.csv,1,370,,
seed3,4,adaptive,41,2,,strict-burst,cpp,True,True,,,,,,,,,,,,,0,21,21,21,0,3,3,0,0,0,0,0,0,0,21,40,0,2,0,8,9,0,16,21,20.722625017166138,0.9867916674841017,2.513606309890747,,,,,,,,,,,,,,,,,,,,,,,,,,,,,,,68.57,5,5,0,0.391,True,444850,0,0.511,0.311,,,,,,,0,,,,,,,,,,,../../tmp/final_generalization_n5_artifacts_20260827/seed3_run4_adaptive.json,6855,5790,0.714,-1.31,2.042,-24.183,24.278,-25.274,26.441,224.466,6.999,7.002042,7.002042,6.999092,7.0,0.01,True,0,0,0,,,,,,0.0,1787763189.245577,2.923,3.277,1787763203.777507,17.294,24.42,0,,,,,,,,,,,,,,,,,,,,,,,,,,,,,,,,,,,,,,,,,,,,,,,,,,,,,,,,,,,,,,,,,,,,,,,,,,60,True,0.6,1.2,1.5,2,1.5,416,287,129,5,/rog_map/commit_version,0.12,0.1,0.25,0,True,/rog_map/cloud_process_ack,/sector/full_refresh_request,274,274,36,64,64,False,0,1,64,0,0,0,64,False,85,85,0,274,0,274,1787763257274810658,274,2,0.354192,0.963404,0.047892,0.115208,0.175069,1.479961,6000,1171827,736242,68.99,9347681,5392658,57.69,False,0,True,76.202,78.968,False,0.6,1.4,1.5,0.2,3,2.898947,0,0,0,,,,,,,,,0,0,,True,True,False,0.6,1.4,3,15,False,23,23,8,7,18.75,378,224,9,1787763189.25,1787763189.25,/planning/trajectory_guard_recovery_active,2.5,0,0,False,True,43,21,6,5,21,False,1,21,21,0,0,0,0.046149,0.088655,False,0,72.356,99,202,79,138,23.798,48.558,1787763189.55,,,,,,,,,,,,,,,,,,,,,,,19506.153284671534,29.33511729927007,18.320164708029196,11.013164379562044,2.322126583941606,57.69,81.48669021046535,2.7140932830960005,23.583752578129797,1,0,True,,0,3401.3984375,3377.39453125,0.0,5263.8828125,1062.6875,6727.6171875,102.99609375,0.0,0.0,../../tmp/final_generalization_n5_artifacts_20260827/seed3_run4_adaptive.attempt1.memory.csv,True,True,../../tmp/final_generalization_n5_artifacts_20260827/seed3_run4_adaptive.attempt1.performance.csv,0,274,,
seed3,4,full,42,3,,strict-burst,direct,True,True,,,,,,,,,,,,,0,0,0,0,0,1,1,0,0,0,0,0,0,0,10,17,0,0,0,6,4,0,8,9,8.490410327911377,0.9433789253234863,1.5285613536834717,,,,,,,,,,,,,,,,,,,,,,,,,,,,,,,62.27,5,5,0,0.489,True,444850,0,0.548,0.348,,,,,,,0,,,,,,,,,,,../../tmp/final_generalization_n5_artifacts_20260827/seed3_run4_full.json,6225,5195,0.816,-1.242,1.887,-26.838,24.025,-25.073,26.544,221.539,7.0,7.001263,7.001263,7.000001,7.0,0.01,True,0,0,0,,,,,,1.486,,,,,,,0,,,,,,,,,,,,,,,,,,,,,,,,,,,,,,,,,,,,,,,,,,,,,,,,,,,,,,,,,,,,,,,,,,,,,,,,,,,,,,,,,,,,,,,,,,,,,,,,,,,,,,,,,,,,,,,,,,,,,,,,,,,,,,,,,,,,,,,,,,,,,,,,,,,,,,,,,,,,,,,,,,,,,,,,,,,,,,,,,,,,,,,,,,,,,,,,,,,,,,,,,,,,,,,,,,,,,,,,,,,,,,,,,22504.84259259259,37.84110833333333,24.895675,12.94340576388889,1.9538208935185184,,113.98736480901466,,23.490396026681783,1,0,True,,0,3431.36328125,3408.556640625,0.0,5262.84375,1062.6875,6745.015625,102.99609375,0.0,0.0,../../tmp/final_generalization_n5_artifacts_20260827/seed3_run4_full.attempt1.memory.csv,True,True,../../tmp/final_generalization_n5_artifacts_20260827/seed3_run4_full.attempt1.performance.csv,4,436,,
seed3,5,adaptive,43,1,,strict-burst,cpp,True,True,,,,,,,,,,,,,0,28,28,28,0,2,2,0,0,0,0,0,0,0,28,45,0,2,0,16,10,0,24,28,24.65727972984314,0.8806171332086835,1.340822696685791,,,,,,,,,,,,,,,,,,,,,,,,,,,,,,,71.71,5,5,0,0.485,True,444850,0,0.544,0.344,,,,,,,0,,,,,,,,,,,../../tmp/final_generalization_n5_artifacts_20260827/seed3_run5_adaptive.json,7169,6158,0.715,-1.268,1.539,-24.885,24.025,-24.729,26.721,226.242,6.997,7.001921,7.001921,6.99703,7.0,0.01,True,0,0,0,,,,,,0.0,1787763339.964722,2.834,3.173,1787763348.923142,18.246,18.652,0,,,,,,,,,,,,,,,,,,,,,,,,,,,,,,,,,,,,,,,,,,,,,,,,,,,,,,,,,,,,,,,,,,,,,,,,,,60,True,0.6,1.2,1.5,2,1.5,382,276,106,5,/rog_map/commit_version,0.12,0.1,0.25,0,True,/rog_map/cloud_process_ack,/sector/full_refresh_request,264,264,28,70,70,False,0,1,70,0,0,0,70,False,98,98,0,264,0,264,1787763411120148696,264,0,0.34075,0.66079,0.046717,0.096747,0.196076,1.06787,6000,814714,476161,72.251,8274765,4842063,58.516,False,0,False,62.042,67.917,False,0.6,1.4,1.5,0.2,3,2.897424,0,0,0,,,,,,,,,0,0,,True,True,False,0.6,1.4,3,15,False,24,24,12,12,17.277,365,217,9,1787763339.96,1787763339.96,/planning/trajectory_guard_recovery_active,2.5,0,0,False,False,57,28,5,5,28,False,1,28,28,0,0,0,0.045782,0.074725,False,0,53.665,113,92,90,72,29.581,24.084,1787763340.39,,,,,,,,,,,,,,,,,,,,,,,18173.340909090908,27.6476428030303,17.142184507575756,10.503021515151515,2.308609268939394,58.516,76.02543084995678,2.742625553794411,26.77628296516219,1,0,True,,0,3404.61328125,3380.681640625,0.0,5291.62109375,1062.6875,6714.16796875,102.99609375,0.0,0.0,../../tmp/final_generalization_n5_artifacts_20260827/seed3_run5_adaptive.attempt1.memory.csv,True,True,../../tmp/final_generalization_n5_artifacts_20260827/seed3_run5_adaptive.attempt1.performance.csv,0,264,,
seed3,5,full,44,2,,strict-burst,direct,True,True,,,,,,,,,,,,,0,0,0,0,0,1,1,0,0,0,0,0,0,0,25,49,0,1,0,11,12,0,23,25,21.752737283706665,0.8701094913482667,1.593135118484497,,,,,,,,,,,,,,,,,,,,,,,,,,,,,,,68.97,5,5,0,0.424,True,444850,0,0.508,0.308,,,,,,,0,,,,,,,,,,,../../tmp/final_generalization_n5_artifacts_20260827/seed3_run5_full.json,6895,5786,0.552,-1.393,1.322,-24.374,24.025,-24.978,26.345,232.977,7.0,7.00216,7.00216,7.000287,7.0,0.01,True,0,0,0,,,,,,0.681,,,,,,,0,,,,,,,,,,,,,,,,,,,,,,,,,,,,,,,,,,,,,,,,,,,,,,,,,,,,,,,,,,,,,,,,,,,,,,,,,,,,,,,,,,,,,,,,,,,,,,,,,,,,,,,,,,,,,,,,,,,,,,,,,,,,,,,,,,,,,,,,,,,,,,,,,,,,,,,,,,,,,,,,,,,,,,,,,,,,,,,,,,,,,,,,,,,,,,,,,,,,,,,,,,,,,,,,,,,,,,,,,,,,,,,,,22492.351800554017,36.026128808864264,23.420548753462604,12.603626288088643,2.0133559584487535,,86.49695150922604,,24.01546684637129,1,0,True,,0,3445.71484375,3422.87890625,0.0,5244.21484375,1062.6875,6762.4765625,102.99609375,0.0,0.0,../../tmp/final_generalization_n5_artifacts_20260827/seed3_run5_full.attempt1.memory.csv,True,True,../../tmp/final_generalization_n5_artifacts_20260827/seed3_run5_full.attempt1.performance.csv,4,365,,
seed3,5,sector,45,3,,strict-burst,cpp,True,True,,,,,,,,,,,,,0,0,0,0,0,0,0,0,0,0,0,0,0,0,2,4,0,1,0,0,1,0,0,2,1.5941781997680664,0.7970890998840332,1.1661193370819092,,,,,,,,,,,,,,,,,,,,,,,,,,,,,,,55.01,5,5,0,0.41,True,444850,0,0.437,0.237,,,,,,,0,,,,,,,,,,,../../tmp/final_generalization_n5_artifacts_20260827/seed3_run5_sector.json,5499,4564,1.224,-0.756,1.586,-24.151,24.025,-24.92,24.289,225.003,7.0,7.002497,7.002497,6.999649,7.0,0.01,True,0,0,0,,,,,,0.0,,,,,,,0,,,,,,,,,,,,,,,,,,,,,,,,,,,,,,,,,,,,,,,,,,,,,,,,,,,,,,,,,,,,,,,,,,,,,,,,,,60,True,0.6,1.2,1.5,2,0.2,425,425,0,0,/rog_map/commit_version,0.12,0.1,0,0,False,/rog_map/cloud_process_ack,/sector/full_refresh_request,0,0,0,0,0,False,0,0,0,0,0,0,0,False,0,0,0,0,0,0,0,0,0,0,0,0,0,0,0,6000,0,0,100,9821182,4384336,44.642,False,0,False,0,0,False,0,0,1.5,0,1.5,1.5,0,0,0,,,,,,,,,0,0,,False,False,False,0,0,5,15,False,0,0,0,0,0,0,0,0,,,/planning/trajectory_guard_recovery_active,2.5,0,0,False,False,0,0,0,0,0,False,0,0,0,0,0,0,0,0,False,0,0,0,0,0,0,0,0,,,,,,,,,,,,,,,,,,,,,,,,10747.676691729323,14.10777298245614,9.220322606516289,4.885600200501253,1.1940854686716793,44.642,105.4431099973581,2.5427696750265643,24.723582561630675,1,0,True,,0,3301.8671875,3277.998046875,0.0,5182.52734375,1062.6875,6642.07421875,102.99609375,0.0,0.0,../../tmp/final_generalization_n5_artifacts_20260827/seed3_run5_sector.attempt1.memory.csv,True,True,../../tmp/final_generalization_n5_artifacts_20260827/seed3_run5_sector.attempt1.performance.csv,0,399,,
seed4,1,full,46,1,,strict-burst,direct,True,True,,,,,,,,,,,,,0,0,0,0,0,11,19,0,0,0,0,0,0,0,24,42,0,2,0,15,8,0,17,24,31.4243745803833,1.3093489408493042,3.1502320766448975,,,,,,,,,,,,,,,,,,,,,,,,,,,,,,,82.2,5,5,0,0.386,True,444850,0,0.456,0.256,,,,,,,0,,,,,,,,,,,../../tmp/final_generalization_n5_artifacts_20260827/seed4_run1_full.json,8218,7450,1.144,-0.905,1.254,-24.413,24.376,-24.831,25.703,232.062,7.0,7.002429,7.002429,7.000204,7.0,0.01,True,0,0,0,,,,,,0.449,,,,,,,0,,,,,,,,,,,,,,,,,,,,,,,,,,,,,,,,,,,,,,,,,,,,,,,,,,,,,,,,,,,,,,,,,,,,,,,,,,,,,,,,,,,,,,,,,,,,,,,,,,,,,,,,,,,,,,,,,,,,,,,,,,,,,,,,,,,,,,,,,,,,,,,,,,,,,,,,,,,,,,,,,,,,,,,,,,,,,,,,,,,,,,,,,,,,,,,,,,,,,,,,,,,,,,,,,,,,,,,,,,,,,,,,,25223.108294930877,34.3286702764977,22.389837788018433,11.936954285714286,1.8163310529953918,,87.20798921456793,,,1,0,True,,0,3450.60546875,3427.5791015625,0.0,5220.13671875,1062.6875,6770.8828125,102.99609375,0.0,0.0,../../tmp/final_generalization_n5_artifacts_20260827/seed4_run1_full.attempt1.memory.csv,True,True,../../tmp/final_generalization_n5_artifacts_20260827/seed4_run1_full.attempt1.performance.csv,4,438,,
seed4,1,sector,47,2,,strict-burst,cpp,True,True,,,,,,,,,,,,,0,0,0,0,0,2,2,0,0,0,0,0,0,0,8,20,0,0,0,4,4,0,5,8,19.52729344367981,2.440911680459976,8.652255058288574,,,,,,,,,,,,,,,,,,,,,,,,,,,,,,,61.73,5,5,0,0.375,True,444850,0,0.464,0.264,,,,,,,0,,,,,,,,,,,../../tmp/final_generalization_n5_artifacts_20260827/seed4_run1_sector.json,6169,5300,1.358,-0.521,1.896,-24.57,24.025,-24.388,26.219,225.057,7.001,7.001307,7.001307,7.001142,7.0,0.01,True,0,0,0,,,,,,0.0,,,,,,,0,,,,,,,,,,,,,,,,,,,,,,,,,,,,,,,,,,,,,,,,,,,,,,,,,,,,,,,,,,,,,,,,,,,,,,,,,,60,True,0.6,1.2,1.5,2,0.2,470,470,0,0,/rog_map/commit_version,0.12,0.1,0,0,False,/rog_map/cloud_process_ack,/sector/full_refresh_request,0,0,0,0,0,False,0,0,0,0,0,0,0,False,0,0,0,0,0,0,0,0,0,0,0,0,0,0,0,6000,0,0,100,11350281,5700511,50.224,False,0,False,0,0,False,0,0,1.5,0,1.5,1.5,0,0,0,,,,,,,,,0,0,,False,False,False,0,0,5,15,False,0,0,0,0,0,0,0,0,,,/planning/trajectory_guard_recovery_active,2.5,0,0,False,False,0,0,0,0,0,False,0,0,0,0,0,0,0,0,False,0,0,0,0,0,0,0,0,,,,,,,,,,,,,,,,,,,,,,,,12639.715575620767,13.747457945823927,9.193488013544018,4.552303295711061,1.0733669277652371,50.224,95.28893854636654,2.750500342556191,24.934178438750774,1,0,True,,0,3304.9375,3280.76171875,0.0,5372.9453125,1062.1875,6659.69140625,102.83203125,0.0,0.0,../../tmp/final_generalization_n5_artifacts_20260827/seed4_run1_sector.attempt1.memory.csv,True,True,../../tmp/final_generalization_n5_artifacts_20260827/seed4_run1_sector.attempt1.performance.csv,0,443,,
seed4,1,adaptive,48,3,,strict-burst,cpp,True,True,,,,,,,,,,,,,0,24,24,24,0,4,6,0,0,0,0,0,0,0,24,46,0,0,0,11,10,0,18,24,22.261432886123657,0.9275597035884857,2.120105028152466,,,,,,,,,,,,,,,,,,,,,,,,,,,,,,,69.86,5,5,0,0.391,True,444850,0,0.497,0.297,,,,,,,0,,,,,,,,,,,../../tmp/final_generalization_n5_artifacts_20260827/seed4_run1_adaptive.json,6979,5780,1.35,-0.513,1.287,-25.253,24.178,-24.592,24.575,224.548,7.0,7.000841,7.000841,6.999916,7.0,0.01,True,0,0,0,,,,,,0.0,1787763730.388369,2.203,3.327,1787763762.563247,-23.503,19.209,0,,,,,,,,,,,,,,,,,,,,,,,,,,,,,,,,,,,,,,,,,,,,,,,,,,,,,,,,,,,,,,,,,,,,,,,,,,60,True,0.6,1.2,1.5,2,1.5,449,306,143,5,/rog_map/commit_version,0.12,0.1,0.25,0,True,/rog_map/cloud_process_ack,/sector/full_refresh_request,294,294,38,68,68,False,0,1,68,0,0,0,68,False,92,92,0,294,0,294,1787763799661721776,294,0,0.349318,0.541487,0.046971,0.060877,0.162127,1.072451,6000,1126444,691718,68.151,10063757,5781356,57.447,True,18.04,False,68.82,72.557,True,0.6,1.4,1.5,0.2,3,2.897877,1,1,0,1787763787.36,1787763787.36,1787763787.54,1787763790.23,1787763791.43,1.200011,,,2,1.200011,0,True,True,False,0.6,1.4,3,15,False,20,20,11,11,14.031,397,229,9,1787763734.89,1787763730.39,/planning/trajectory_guard_recovery_active,2.5,0,0,False,False,49,24,3,3,24,False,1,24,24,0,0,0,0.049013,0.106881,False,0,62.361,148,132,112,93,32.962,29.399,1787763730.39,,,,,,,,,,,,,,,,,,,,,,,19565.348122866893,28.550984539249146,17.766930546075084,10.78207866894198,2.2040560511945393,57.447,83.26718351879205,2.7909360347959,24.53154652754743,1,0,True,,0,3427.28125,3402.943359375,0.0,5293.9765625,1062.1875,6758.34375,102.83203125,0.0,0.0,../../tmp/final_generalization_n5_artifacts_20260827/seed4_run1_adaptive.attempt1.memory.csv,True,True,../../tmp/final_generalization_n5_artifacts_20260827/seed4_run1_adaptive.attempt1.performance.csv,1,294,,
seed4,2,sector,49,1,,strict-burst,cpp,True,True,,,,,,,,,,,,,0,0,0,0,0,5,7,0,0,0,0,0,0,0,15,25,0,1,0,9,5,0,12,15,16.730525732040405,1.115368382136027,1.9496312141418457,,,,,,,,,,,,,,,,,,,,,,,,,,,,,,,68.23,5,5,0,0.427,True,444850,0,0.506,0.306,,,,,,,0,,,,,,,,,,,../../tmp/final_generalization_n5_artifacts_20260827/seed4_run2_sector.json,6821,5810,1.069,-0.979,1.763,-27.346,24.025,-24.674,24.632,228.611,7.0,7.000931,7.000931,6.999581,7.0,0.01,True,0,0,0,,,,,,0.0,,,,,,,0,,,,,,,,,,,,,,,,,,,,,,,,,,,,,,,,,,,,,,,,,,,,,,,,,,,,,,,,,,,,,,,,,,,,,,,,,,60,True,0.6,1.2,1.5,2,0.2,453,453,0,0,/rog_map/commit_version,0.12,0.1,0,0,False,/rog_map/cloud_process_ack,/sector/full_refresh_request,0,0,0,0,0,False,0,0,0,0,0,0,0,False,0,0,0,0,0,0,0,0,0,0,0,0,0,0,0,6000,0,0,100,9958733,4679750,46.991,False,0,False,0,0,False,0,0,1.5,0,1.5,1.5,0,0,0,,,,,,,,,0,0,,False,False,False,0,0,5,15,False,0,0,0,0,0,0,0,0,,,/planning/trajectory_guard_recovery_active,2.5,0,0,False,False,0,0,0,0,0,False,0,0,0,0,0,0,0,0,False,0,0,0,0,0,0,0,0,,,,,,,,,,,,,,,,,,,,,,,,10731.559718969555,13.600477072599531,9.123656135831382,4.475032084309134,1.0255828220140515,46.991,84.66547298392503,2.563623176201174,26.225114292548042,1,0,True,,0,3304.90234375,3280.904296875,0.0,5332.89453125,1062.1875,6657.9140625,102.83203125,0.0,0.0,../../tmp/final_generalization_n5_artifacts_20260827/seed4_run2_sector.attempt1.memory.csv,True,True,../../tmp/final_generalization_n5_artifacts_20260827/seed4_run2_sector.attempt1.performance.csv,0,427,,
seed4,2,adaptive,50,2,,strict-burst,cpp,True,True,,,,,,,,,,,,,0,21,21,21,0,0,0,0,0,0,0,0,0,0,21,26,0,1,0,10,6,0,15,21,20.70137047767639,0.9857795465560186,2.7468149662017822,,,,,,,,,,,,,,,,,,,,,,,,,,,,,,,65.13,5,5,0,0.451,True,444850,0,0.515,0.315,,,,,,,0,,,,,,,,,,,../../tmp/final_generalization_n5_artifacts_20260827/seed4_run2_adaptive.json,6506,5606,1.282,-0.691,1.08,-24.845,24.025,-24.142,26.448,222.93,7.0,7.001753,7.001753,6.999699,7.0,0.01,True,0,0,0,,,,,,0.0,1787763888.69397,2.401,3.493,1787763889.327703,3.477,4.214,0,,,,,,,,,,,,,,,,,,,,,,,,,,,,,,,,,,,,,,,,,,,,,,,,,,,,,,,,,,,,,,,,,,,,,,,,,,60,True,0.6,1.2,1.5,2,1.5,421,290,131,5,/rog_map/commit_version,0.12,0.1,0.25,0,True,/rog_map/cloud_process_ack,/sector/full_refresh_request,278,278,27,63,63,False,0,1,63,0,0,0,63,False,84,84,0,278,0,278,1787763953625369316,278,0,0.334421,0.559726,0.047635,0.104647,0.161089,0.752789,6000,1282047,779804,68.884,9766968,5897145,60.378,True,63.658,False,72.684,78.975,False,0.6,1.4,1.5,0.2,3,2.899819,1,0,0,1787763907.79,1787763907.79,1787763907.8,,,,,,36,0.590059,0,True,True,False,0.6,1.4,3,15,False,22,22,11,11,19.002,371,226,9,1787763888.69,1787763888.69,/planning/trajectory_guard_recovery_active,2.5,0,0,False,False,43,21,5,5,21,False,1,21,21,0,0,0,0.046822,0.074953,False,0,63.895,120,149,95,102,28.504,35.392,1787763891.47,,,,,,,,,,,,,,,,,,,,,,,21051.04676258993,29.62487737410072,18.513401546762587,11.109533705035972,2.371006111510791,60.378,85.01084359583567,2.965705387195344,27.277437981316076,1,0,True,,0,3420.26953125,3396.1953125,0.0,5248.6015625,1062.1875,6750.76171875,102.83203125,0.0,0.0,../../tmp/final_generalization_n5_artifacts_20260827/seed4_run2_adaptive.attempt1.memory.csv,True,True,../../tmp/final_generalization_n5_artifacts_20260827/seed4_run2_adaptive.attempt1.performance.csv,0,278,,
seed4,2,full,51,3,,strict-burst,direct,True,True,,,,,,,,,,,,,0,0,0,0,0,6,8,0,0,0,0,0,0,0,14,27,0,0,0,6,6,0,7,14,15.388034582138062,1.0991453272955758,1.6120660305023193,,,,,,,,,,,,,,,,,,,,,,,,,,,,,,,69.29,5,5,0,0.4,True,444850,0,0.487,0.287,,,,,,,0,,,,,,,,,,,../../tmp/final_generalization_n5_artifacts_20260827/seed4_run2_full.json,6927,5930,1.426,-0.394,1.69,-25.342,24.027,-24.257,27.706,226.169,7.0,7.000714,7.000714,6.999706,7.0,0.01,True,0,0,0,,,,,,1.479,,,,,,,0,,,,,,,,,,,,,,,,,,,,,,,,,,,,,,,,,,,,,,,,,,,,,,,,,,,,,,,,,,,,,,,,,,,,,,,,,,,,,,,,,,,,,,,,,,,,,,,,,,,,,,,,,,,,,,,,,,,,,,,,,,,,,,,,,,,,,,,,,,,,,,,,,,,,,,,,,,,,,,,,,,,,,,,,,,,,,,,,,,,,,,,,,,,,,,,,,,,,,,,,,,,,,,,,,,,,,,,,,,,,,,,,,23388.282805429862,35.7444628959276,23.280033936651584,12.46253350678733,1.8784671199095022,,103.60399446518849,,23.963988201845396,1,0,True,,0,3454.5390625,3431.5615234375,0.0,5234.20703125,1062.1875,6783.2109375,102.83203125,0.0,0.0,../../tmp/final_generalization_n5_artifacts_20260827/seed4_run2_full.attempt1.memory.csv,True,True,../../tmp/final_generalization_n5_artifacts_20260827/seed4_run2_full.attempt1.performance.csv,3,445,,
seed4,3,adaptive,52,1,,strict-burst,cpp,True,True,,,,,,,,,,,,,0,24,24,24,0,5,5,0,0,0,0,0,0,0,24,74,0,1,0,9,15,0,20,24,23.227028608322144,0.9677928586800894,4.909722328186035,,,,,,,,,,,,,,,,,,,,,,,,,,,,,,,74.13,5,5,0,0.373,True,444850,0,0.478,0.278,,,,,,,0,,,,,,,,,,,../../tmp/final_generalization_n5_artifacts_20260827/seed4_run3_adaptive.json,7411,6680,0.965,-0.876,1.637,-23.975,24.025,-24.686,24.931,229.787,7.0,7.001043,7.001043,7.000176,7.0,0.01,True,0,0,0,,,,,,1.222,1787764048.519275,14.869,15.302,1787764047.1722,11.308,11.753,0,,,,,,,,,,,,,,,,,,,,,,,,,,,,,,,,,,,,,,,,,,,,,,,,,,,,,,,,,,,,,,,,,,,,,,,,,,60,True,0.6,1.2,1.5,2,1.5,450,316,134,5,/rog_map/commit_version,0.12,0.1,0.25,0,True,/rog_map/cloud_process_ack,/sector/full_refresh_request,304,304,35,83,83,False,0,1,83,0,0,0,83,False,107,107,0,304,0,304,1787764118072822422,304,2,0.339964,0.760098,0.046557,0.11413,0.171303,1.062665,6000,1351085,801089,70.222,11108740,6793587,61.155,True,77.111,False,78.222,85.365,False,0.6,1.4,1.5,0.2,3,2.900018,1,0,0,1787764054.94,1787764054.94,1787764055.09,,,,,,46,1.060101,0,True,True,False,0.6,1.4,3,15,False,27,27,11,11,20,442,269,11,1787764043.56,1787764043.56,/planning/trajectory_guard_recovery_active,2.5,0,0,False,False,49,24,8,8,24,False,1,24,24,0,0,0,0.050508,0.152251,False,0,71.556,129,193,96,138,28.667,42.889,1787764043.6,,,,,,,,,,,,,,,,,,,,,,,22262.927392739275,29.64083204620462,18.584646435643563,11.05428108910891,2.2118384488448846,61.155,86.7422575004408,2.794490679843757,20.806591601766073,1,0,True,,0,3425.92578125,3402.01953125,0.0,5246.73046875,1062.1875,6792.171875,102.83203125,0.0,0.0,../../tmp/final_generalization_n5_artifacts_20260827/seed4_run3_adaptive.attempt1.memory.csv,True,True,../../tmp/final_generalization_n5_artifacts_20260827/seed4_run3_adaptive.attempt1.performance.csv,1,304,,
seed4,3,full,53,2,,strict-burst,direct,True,True,,,,,,,,,,,,,0,0,0,0,0,6,6,0,0,0,0,0,0,0,28,77,0,0,0,8,18,0,23,28,23.247952938079834,0.8302840335028512,2.757704019546509,,,,,,,,,,,,,,,,,,,,,,,,,,,,,,,75.65,5,5,0,0.403,True,444850,0,0.436,0.236,,,,,,,0,,,,,,,,,,,../../tmp/final_generalization_n5_artifacts_20260827/seed4_run3_full.json,7563,6640,1.122,-0.896,1.974,-25.512,24.025,-24.177,25.45,228.555,6.999,7.004557,7.004557,6.999146,7.0,0.01,True,0,0,0,,,,,,0.412,,,,,,,0,,,,,,,,,,,,,,,,,,,,,,,,,,,,,,,,,,,,,,,,,,,,,,,,,,,,,,,,,,,,,,,,,,,,,,,,,,,,,,,,,,,,,,,,,,,,,,,,,,,,,,,,,,,,,,,,,,,,,,,,,,,,,,,,,,,,,,,,,,,,,,,,,,,,,,,,,,,,,,,,,,,,,,,,,,,,,,,,,,,,,,,,,,,,,,,,,,,,,,,,,,,,,,,,,,,,,,,,,,,,,,,,,23029.390547263683,36.00104154228856,23.59326865671642,12.405921741293533,1.9177937537313432,,93.37445056281241,,23.830108005587977,1,0,True,,0,3434.953125,3411.923828125,0.0,5163.8203125,1062.1875,6770.3515625,102.83203125,0.0,0.0,../../tmp/final_generalization_n5_artifacts_20260827/seed4_run3_full.attempt1.memory.csv,True,True,../../tmp/final_generalization_n5_artifacts_20260827/seed4_run3_full.attempt1.performance.csv,3,405,,
seed4,3,sector,54,3,,strict-burst,cpp,True,True,,,,,,,,,,,,,0,0,0,0,0,6,9,0,0,0,0,0,0,0,10,28,0,0,0,4,6,0,6,10,10.404757261276245,1.0404757261276245,2.941113233566284,,,,,,,,,,,,,,,,,,,,,,,,,,,,,,,67.14,5,5,0,0.319,True,444850,0,0.416,0.216,,,,,,,0,,,,,,,,,,,../../tmp/final_generalization_n5_artifacts_20260827/seed4_run3_sector.json,6712,5840,1.125,-0.937,1.808,-25.652,24.025,-25.043,27.851,232.06,6.997,7.001453,7.001452,6.996828,7.0,0.01,True,0,0,0,,,,,,0.0,,,,,,,0,,,,,,,,,,,,,,,,,,,,,,,,,,,,,,,,,,,,,,,,,,,,,,,,,,,,,,,,,,,,,,,,,,,,,,,,,,60,True,0.6,1.2,1.5,2,0.2,445,445,0,0,/rog_map/commit_version,0.12,0.1,0,0,False,/rog_map/cloud_process_ack,/sector/full_refresh_request,0,0,0,0,0,False,0,0,0,0,0,0,0,False,0,0,0,0,0,0,0,0,0,0,0,0,0,0,0,6000,0,0,100,10625963,5338327,50.239,False,0,False,0,0,False,0,0,1.5,0,1.5,1.5,0,0,0,,,,,,,,,0,0,,False,False,False,0,0,5,15,False,0,0,0,0,0,0,0,0,,,/planning/trajectory_guard_recovery_active,2.5,0,0,False,False,0,0,0,0,0,False,0,0,0,0,0,0,0,0,False,0,0,0,0,0,0,0,0,,,,,,,,,,,,,,,,,,,,,,,,12550.26618705036,14.185915035971222,9.5095154676259,4.674634748201439,1.0967324676258994,50.239,93.38074404302203,2.570273454434597,23.941496632170708,1,0,True,,0,3322.60546875,3298.365234375,0.0,5336.05078125,1061.9375,6662.046875,102.83203125,0.0,0.0,../../tmp/final_generalization_n5_artifacts_20260827/seed4_run3_sector.attempt1.memory.csv,True,True,../../tmp/final_generalization_n5_artifacts_20260827/seed4_run3_sector.attempt1.performance.csv,0,417,,
seed4,4,full,55,1,,strict-burst,direct,True,True,,,,,,,,,,,,,0,0,0,0,0,5,5,0,0,0,0,0,0,0,15,41,0,0,0,5,9,0,8,15,10.775483846664429,0.7183655897776285,1.166351556777954,,,,,,,,,,,,,,,,,,,,,,,,,,,,,,,62.05,5,5,0,0.441,True,444850,0,0.492,0.292,,,,,,,0,,,,,,,,,,,../../tmp/final_generalization_n5_artifacts_20260827/seed4_run4_full.json,6203,5330,1.372,-0.568,1.654,-23.975,24.025,-24.632,26.297,225.167,7.002,7.002325,7.002325,7.001727,7.0,0.01,True,0,0,0,,,,,,0.449,,,,,,,0,,,,,,,,,,,,,,,,,,,,,,,,,,,,,,,,,,,,,,,,,,,,,,,,,,,,,,,,,,,,,,,,,,,,,,,,,,,,,,,,,,,,,,,,,,,,,,,,,,,,,,,,,,,,,,,,,,,,,,,,,,,,,,,,,,,,,,,,,,,,,,,,,,,,,,,,,,,,,,,,,,,,,,,,,,,,,,,,,,,,,,,,,,,,,,,,,,,,,,,,,,,,,,,,,,,,,,,,,,,,,,,,,22974.339024390243,36.79223707317073,24.042000975609756,12.748304707317073,1.9925874463414635,,108.96634111746269,,25.6777959183558,1,0,True,,0,3431.734375,3408.728515625,0.0,5248.546875,1061.9375,6747.60546875,102.83203125,0.0,0.0,../../tmp/final_generalization_n5_artifacts_20260827/seed4_run4_full.attempt1.memory.csv,True,True,../../tmp/final_generalization_n5_artifacts_20260827/seed4_run4_full.attempt1.performance.csv,3,413,,
seed4,4,sector,56,2,,strict-burst,cpp,True,True,,,,,,,,,,,,,0,0,0,0,0,1,1,0,0,0,0,0,0,0,12,17,0,0,0,8,4,0,11,12,9.702175617218018,0.8085146347681681,1.220062494277954,,,,,,,,,,,,,,,,,,,,,,,,,,,,,,,62.84,5,5,0,0.372,True,444850,0,0.485,0.285,,,,,,,0,,,,,,,,,,,../../tmp/final_generalization_n5_artifacts_20260827/seed4_run4_sector.json,6282,5450,1.171,-0.869,1.662,-25.291,24.025,-24.442,24.845,226.311,7.002,7.002031,7.002031,7.002001,7.0,0.01,True,0,0,0,,,,,,0.0,,,,,,,0,,,,,,,,,,,,,,,,,,,,,,,,,,,,,,,,,,,,,,,,,,,,,,,,,,,,,,,,,,,,,,,,,,,,,,,,,,60,True,0.6,1.2,1.5,2,0.2,472,472,0,0,/rog_map/commit_version,0.12,0.1,0,0,False,/rog_map/cloud_process_ack,/sector/full_refresh_request,0,0,0,0,0,False,0,0,0,0,0,0,0,False,0,0,0,0,0,0,0,0,0,0,0,0,0,0,0,6000,0,0,100,11512455,5740683,49.865,False,0,False,0,0,False,0,0,1.5,0,1.5,1.5,0,0,0,,,,,,,,,0,0,,False,False,False,0,0,5,15,False,0,0,0,0,0,0,0,0,,,/planning/trajectory_guard_recovery_active,2.5,0,0,False,False,0,0,0,0,0,False,0,0,0,0,0,0,0,0,False,0,0,0,0,0,0,0,0,,,,,,,,,,,,,,,,,,,,,,,,12653.159192825113,14.019871165919284,9.329133475336322,4.688894551569507,1.0766694170403588,49.865,93.18419797686062,2.8020433258334148,24.333771576482253,1,0,True,,0,3295.75390625,3271.677734375,0.0,5356.390625,1061.6875,6644.6015625,102.83203125,0.0,0.0,../../tmp/final_generalization_n5_artifacts_20260827/seed4_run4_sector.attempt1.memory.csv,True,True,../../tmp/final_generalization_n5_artifacts_20260827/seed4_run4_sector.attempt1.performance.csv,0,446,,
seed4,4,adaptive,57,3,,strict-burst,cpp,True,True,,,,,,,,,,,,,0,18,18,18,0,7,8,0,0,0,0,0,0,0,18,49,0,2,0,7,11,0,15,18,16.78348970413208,0.9324160946740044,1.9466581344604492,,,,,,,,,,,,,,,,,,,,,,,,,,,,,,,72.48,5,5,0,0.398,True,444850,0,0.481,0.281,,,,,,,0,,,,,,,,,,,../../tmp/final_generalization_n5_artifacts_20260827/seed4_run4_adaptive.json,7243,6530,1.001,-0.75,1.657,-26.76,24.025,-24.151,25.275,233.407,7.0,7.002575,7.002575,6.999622,7.0,0.01,True,0,0,0,,,,,,0.0,1787764436.863175,1.786,2.831,1787764440.045073,11.019,11.26,0,,,,,,,,,,,,,,,,,,,,,,,,,,,,,,,,,,,,,,,,,,,,,,,,,,,,,,,,,,,,,,,,,,,,,,,,,,60,True,0.6,1.2,1.5,2,1.5,470,324,146,5,/rog_map/commit_version,0.12,0.1,0.25,0,True,/rog_map/cloud_process_ack,/sector/full_refresh_request,312,312,39,81,81,False,0,1,81,0,0,0,81,False,99,99,0,312,0,312,1787764509346963271,312,0,0.331545,0.490015,0.045613,0.077114,0.16086,0.665662,6000,1163674,711063,68.936,11330483,6674398,58.907,True,75.532,False,68.511,75.2,True,0.6,1.4,1.5,0.2,3,2.89863,1,1,0,1787764449.22,1787764449.22,1787764449.72,1787764460.74,1787764461.95,1.209738,,,8,1.209738,0,True,True,False,0.6,1.4,3,15,False,27,27,22,22,20,474,269,9,1787764436.86,1787764436.86,/planning/trajectory_guard_recovery_active,2.5,0,0,False,False,37,18,7,7,18,False,1,18,18,0,0,0,0.045497,0.080527,False,0,50.426,104,133,78,95,22.128,28.298,1787764436.98,,,,,,,,,,,,,,,,,,,,,,,21248.21794871795,27.95152012820513,17.515240000000002,10.434345673076923,2.1424423653846154,58.907,88.06007816538768,2.8669280672885797,25.713041299429214,1,0,True,,0,3410.36328125,3386.05859375,0.0,5222.90625,1061.4375,6761.6875,102.83203125,0.0,0.0,../../tmp/final_generalization_n5_artifacts_20260827/seed4_run4_adaptive.attempt1.memory.csv,True,True,../../tmp/final_generalization_n5_artifacts_20260827/seed4_run4_adaptive.attempt1.performance.csv,0,312,,
seed4,5,sector,58,1,,strict-burst,cpp,True,True,,,,,,,,,,,,,0,0,0,0,0,10,12,0,0,0,0,0,0,0,22,43,0,0,0,11,10,0,19,22,21.1993727684021,0.9636078531091864,2.797478199005127,,,,,,,,,,,,,,,,,,,,,,,,,,,,,,,73.58,5,5,0,0.28,True,444850,0,0.311,0.111,,,,,,,0,,,,,,,,,,,../../tmp/final_generalization_n5_artifacts_20260827/seed4_run5_sector.json,7356,6360,1.095,-1.017,1.496,-26.16,24.025,-25.839,24.514,231.562,6.999,7.00097,7.00097,6.999353,7.0,0.01,True,0,0,0,,,,,,0.0,,,,,,,0,,,,,,,,,,,,,,,,,,,,,,,,,,,,,,,,,,,,,,,,,,,,,,,,,,,,,,,,,,,,,,,,,,,,,,,,,,60,True,0.6,1.2,1.5,2,0.2,430,430,0,0,/rog_map/commit_version,0.12,0.1,0,0,False,/rog_map/cloud_process_ack,/sector/full_refresh_request,0,0,0,0,0,False,0,0,0,0,0,0,0,False,0,0,0,0,0,0,0,0,0,0,0,0,0,0,0,6000,0,0,100,10165150,5148146,50.645,False,0,False,0,0,False,0,0,1.5,0,1.5,1.5,0,0,0,,,,,,,,,0,0,,False,False,False,0,0,5,15,False,0,0,0,0,0,0,0,0,,,/planning/trajectory_guard_recovery_active,2.5,0,0,False,False,0,0,0,0,0,False,0,0,0,0,0,0,0,0,False,0,0,0,0,0,0,0,0,,,,,,,,,,,,,,,,,,,,,,,,12482.385185185185,13.730721012345679,9.10973,4.619214074074074,1.1015983555555555,50.645,80.86284564464852,2.6492704787526837,22.624296755914273,1,0,True,,0,3312.78125,3288.9580078125,0.0,5324.83203125,1060.9375,6690.26171875,102.3359375,0.0,0.0,../../tmp/final_generalization_n5_artifacts_20260827/seed4_run5_sector.attempt1.memory.csv,True,True,../../tmp/final_generalization_n5_artifacts_20260827/seed4_run5_sector.attempt1.performance.csv,0,405,,
seed4,5,adaptive,59,2,,strict-burst,cpp,True,True,,,,,,,,,,,,,0,37,37,37,0,1,1,0,0,0,0,0,0,0,37,73,0,0,0,18,18,0,34,37,29.07232975959778,0.7857386421512913,2.4968221187591553,,,,,,,,,,,,,,,,,,,,,,,,,,,,,,,75.87,5,5,0,0.344,True,444850,0,0.453,0.253,,,,,,,0,,,,,,,,,,,../../tmp/final_generalization_n5_artifacts_20260827/seed4_run5_adaptive.json,7581,6548,1.16,-0.866,1.499,-25.667,24.025,-24.575,24.724,226.64,7.001,7.001287,7.001288,7.000921,7.0,0.01,True,0,0,0,,,,,,0.0,1787764603.889446,1.937,3.042,1787764609.331087,16.019,16.179,0,,,,,,,,,,,,,,,,,,,,,,,,,,,,,,,,,,,,,,,,,,,,,,,,,,,,,,,,,,,,,,,,,,,,,,,,,,60,True,0.6,1.2,1.5,2,1.5,452,318,134,5,/rog_map/commit_version,0.12,0.1,0.25,0,True,/rog_map/cloud_process_ack,/sector/full_refresh_request,306,306,35,70,70,False,0,1,70,0,0,0,70,False,107,107,0,306,0,306,1787764679129532183,306,1,0.360926,0.56802,0.045859,0.111745,0.171424,0.764743,6000,1455595,884339,70.354,10294327,6421913,62.383,False,0,True,86.947,91.079,False,0.6,1.4,1.5,0.2,3,2.899718,0,0,0,,,,,,,,,0,0,,True,True,False,0.6,1.4,3,15,False,22,22,7,6,15.487,394,211,8,1787764603.89,1787764603.89,/planning/trajectory_guard_recovery_active,2.5,0,0,False,True,75,37,5,4,37,False,1,37,37,0,0,0,0.048231,0.093864,False,0,84.071,182,198,134,143,40.265,43.805,1787764603.95,,,,,,,,,,,,,,,,,,,,,,,20839.735294117647,29.78922656862745,18.706014607843137,11.080804346405229,2.1630371633986925,62.383,76.85228477462695,2.888014992603136,25.645807315819482,1,0,True,,0,3418.68359375,3394.58984375,0.0,5202.93359375,1060.9375,6801.0,102.3359375,0.0,0.0,../../tmp/final_generalization_n5_artifacts_20260827/seed4_run5_adaptive.attempt1.memory.csv,True,True,../../tmp/final_generalization_n5_artifacts_20260827/seed4_run5_adaptive.attempt1.performance.csv,0,306,,
seed4,5,full,60,3,,strict-burst,direct,True,True,,,,,,,,,,,,,0,0,0,0,0,15,23,0,0,0,0,0,0,0,24,81,0,0,0,8,16,0,16,24,24.931838989257812,1.038826624552409,3.302276372909546,,,,,,,,,,,,,,,,,,,,,,,,,,,,,,,78.35,5,5,0,0.386,True,444850,0,0.476,0.276,,,,,,,0,,,,,,,,,,,../../tmp/final_generalization_n5_artifacts_20260827/seed4_run5_full.json,7833,6930,1.351,-0.626,1.547,-26.824,24.168,-24.367,25.499,234.955,6.998,7.00198,7.00198,6.998151,7.0,0.01,True,0,0,0,,,,,,0.975,,,,,,,0,,,,,,,,,,,,,,,,,,,,,,,,,,,,,,,,,,,,,,,,,,,,,,,,,,,,,,,,,,,,,,,,,,,,,,,,,,,,,,,,,,,,,,,,,,,,,,,,,,,,,,,,,,,,,,,,,,,,,,,,,,,,,,,,,,,,,,,,,,,,,,,,,,,,,,,,,,,,,,,,,,,,,,,,,,,,,,,,,,,,,,,,,,,,,,,,,,,,,,,,,,,,,,,,,,,,,,,,,,,,,,,,,24424.014150943396,36.165070754716986,23.631305424528303,12.531889481132076,1.8871521792452832,,95.30094061373192,,23.806335067046895,1,0,True,,0,3442.24609375,3419.2939453125,0.0,5110.49609375,1060.9375,6806.52734375,102.3359375,0.0,0.0,../../tmp/final_generalization_n5_artifacts_20260827/seed4_run5_full.attempt1.memory.csv,True,True,../../tmp/final_generalization_n5_artifacts_20260827/seed4_run5_full.attempt1.performance.csv,4,428,,
seed5,1,adaptive,61,1,,strict-burst,cpp,True,True,,,,,,,,,,,,,0,19,19,19,0,5,8,0,0,0,0,0,0,0,19,41,0,1,0,10,9,0,14,19,19.024117946624756,1.0012693656118292,1.7627980709075928,,,,,,,,,,,,,,,,,,,,,,,,,,,,,,,68.24,5,5,0,0.261,True,635500,0,0.302,0.102,,,,,,,0,,,,,,,,,,,../../tmp/final_generalization_n5_artifacts_20260827/seed5_run1_adaptive.json,6823,5310,1.039,-1.0,1.814,-24.447,24.286,-24.901,25.549,226.642,7.0,7.000627,7.000627,7.000372,7.0,0.01,True,0,0,0,,,,,,0.0,1787764777.630443,1.863,1.842,1787764786.518842,20.249,17.334,0,,,,,,,,,,,,,,,,,,,,,,,,,,,,,,,,,,,,,,,,,,,,,,,,,,,,,,,,,,,,,,,,,,,,,,,,,,60,True,0.6,1.2,1.5,2,1.5,456,308,148,5,/rog_map/commit_version,0.12,0.1,0.25,0,True,/rog_map/cloud_process_ack,/sector/full_refresh_request,296,296,28,62,62,False,0,1,62,0,0,0,62,False,81,81,0,296,0,296,1787764845816858741,296,1,0.353903,0.547128,0.052223,0.110424,0.153885,0.862849,6000,1667271,844911,67.544,11604915,6193625,53.371,False,0,False,69.737,74.773,False,0.6,1.4,1.5,0.2,3,2.898245,0,0,0,,,,,,,,,0,0,,True,True,False,0.6,1.4,3,15,False,24,24,13,13,18.421,395,250,8,1787764777.63,1787764777.63,/planning/trajectory_guard_recovery_active,2.5,0,0,False,False,39,19,6,6,19,False,1,19,19,0,0,0,0.05261,0.074963,False,0,62.719,120,166,86,117,26.316,36.404,1787764778.33,,,,,,,,,,,,,,,,,,,,,,,20765.429054054053,32.499836013513516,20.20021756756757,12.297704898648648,2.665817033783784,53.371,88.87307408819002,2.930829563893279,24.633110071242577,1,0,True,,0,3418.43359375,3394.4697265625,0.0,5172.20703125,1060.9375,6832.6171875,102.3359375,0.0,0.0,../../tmp/final_generalization_n5_artifacts_20260827/seed5_run1_adaptive.attempt1.memory.csv,True,True,../../tmp/final_generalization_n5_artifacts_20260827/seed5_run1_adaptive.attempt1.performance.csv,0,296,,
seed5,1,full,62,2,,strict-burst,direct,True,True,,,,,,,,,,,,,0,0,0,0,0,6,6,0,0,0,0,0,0,0,13,46,0,1,0,3,10,0,10,13,14.10549283027649,1.0850379100212684,3.8203036785125732,,,,,,,,,,,,,,,,,,,,,,,,,,,,,,,66.86,5,5,0,0.379,True,635500,0,0.503,0.303,,,,,,,0,,,,,,,,,,,../../tmp/final_generalization_n5_artifacts_20260827/seed5_run1_full.json,6685,5100,0.859,-1.03,1.773,-24.421,24.025,-25.188,25.75,227.314,7.001,7.004896,7.004896,7.000802,7.0,0.01,True,0,0,0,,,,,,1.024,,,,,,,0,,,,,,,,,,,,,,,,,,,,,,,,,,,,,,,,,,,,,,,,,,,,,,,,,,,,,,,,,,,,,,,,,,,,,,,,,,,,,,,,,,,,,,,,,,,,,,,,,,,,,,,,,,,,,,,,,,,,,,,,,,,,,,,,,,,,,,,,,,,,,,,,,,,,,,,,,,,,,,,,,,,,,,,,,,,,,,,,,,,,,,,,,,,,,,,,,,,,,,,,,,,,,,,,,,,,,,,,,,,,,,,,,26265.67216981132,42.061709433962264,27.411449056603775,14.648160400943397,2.341724867924528,,111.78931240675487,,25.887969118061925,1,0,True,,0,3443.8046875,3420.787109375,0.0,5173.1015625,1060.9375,6827.30078125,102.3359375,0.0,0.0,../../tmp/final_generalization_n5_artifacts_20260827/seed5_run1_full.attempt1.memory.csv,True,True,../../tmp/final_generalization_n5_artifacts_20260827/seed5_run1_full.attempt1.performance.csv,3,427,,
seed5,1,sector,63,3,,strict-burst,cpp,True,True,,,,,,,,,,,,,0,0,0,0,0,4,4,0,0,0,0,0,0,0,27,46,0,1,0,15,11,0,23,27,22.554677724838257,0.8353584342532687,1.7898204326629639,,,,,,,,,,,,,,,,,,,,,,,,,,,,,,,74.14,5,5,0,0.404,True,635500,0,0.477,0.277,,,,,,,0,,,,,,,,,,,../../tmp/final_generalization_n5_artifacts_20260827/seed5_run1_sector.json,7413,6180,1.304,-0.566,1.588,-25.93,24.025,-25.03,25.794,233.163,7.0,7.001819,7.001818,7.000002,7.0,0.01,True,0,0,0,,,,,,0.0,,,,,,,0,,,,,,,,,,,,,,,,,,,,,,,,,,,,,,,,,,,,,,,,,,,,,,,,,,,,,,,,,,,,,,,,,,,,,,,,,,60,True,0.6,1.2,1.5,2,0.2,420,420,0,0,/rog_map/commit_version,0.12,0.1,0,0,False,/rog_map/cloud_process_ack,/sector/full_refresh_request,0,0,0,0,0,False,0,0,0,0,0,0,0,False,0,0,0,0,0,0,0,0,0,0,0,0,0,0,0,6000,0,0,100,11316893,5584744,49.349,False,0,False,0,0,False,0,0,1.5,0,1.5,1.5,0,0,0,,,,,,,,,0,0,,False,False,False,0,0,5,15,False,0,0,0,0,0,0,0,0,,,/planning/trajectory_guard_recovery_active,2.5,0,0,False,False,0,0,0,0,0,False,0,0,0,0,0,0,0,0,False,0,0,0,0,0,0,0,0,,,,,,,,,,,,,,,,,,,,,,,,13941.239185750635,14.827042264631043,9.909941221374046,4.915368549618321,1.2085798320610688,49.349,78.13205450782353,2.665897026438339,25.49808063175988,1,0,True,,0,3307.2265625,3283.1455078125,0.0,5273.6953125,1060.9375,6734.03125,102.3359375,0.0,0.0,../../tmp/final_generalization_n5_artifacts_20260827/seed5_run1_sector.attempt1.memory.csv,True,True,../../tmp/final_generalization_n5_artifacts_20260827/seed5_run1_sector.attempt1.performance.csv,0,393,,
seed5,2,full,64,1,,strict-burst,direct,True,True,,,,,,,,,,,,,0,0,0,0,0,6,6,0,0,0,0,0,0,0,35,90,0,2,0,11,19,0,26,35,29.734214067459106,0.8495489733559745,1.607079029083252,,,,,,,,,,,,,,,,,,,,,,,,,,,,,,,78.61,5,5,0,0.427,True,635500,0,0.497,0.297,,,,,,,0,,,,,,,,,,,../../tmp/final_generalization_n5_artifacts_20260827/seed5_run2_full.json,7860,6350,0.864,-1.203,1.359,-28.625,24.025,-25.974,24.693,228.798,7.0,7.001516,7.001516,6.99999,7.0,0.01,True,0,0,0,,,,,,0.911,,,,,,,0,,,,,,,,,,,,,,,,,,,,,,,,,,,,,,,,,,,,,,,,,,,,,,,,,,,,,,,,,,,,,,,,,,,,,,,,,,,,,,,,,,,,,,,,,,,,,,,,,,,,,,,,,,,,,,,,,,,,,,,,,,,,,,,,,,,,,,,,,,,,,,,,,,,,,,,,,,,,,,,,,,,,,,,,,,,,,,,,,,,,,,,,,,,,,,,,,,,,,,,,,,,,,,,,,,,,,,,,,,,,,,,,,26129.773493975903,38.68144987951807,25.34296795180723,13.336223975903614,2.126071604819277,,84.34664682609058,,,1,0,True,,0,3453.08203125,3430.1015625,0.0,5176.8203125,1060.9375,6812.76171875,102.3359375,0.0,0.0,../../tmp/final_generalization_n5_artifacts_20260827/seed5_run2_full.attempt1.memory.csv,True,True,../../tmp/final_generalization_n5_artifacts_20260827/seed5_run2_full.attempt1.performance.csv,3,418,,
seed5,2,sector,65,2,,strict-burst,cpp,True,True,,,,,,,,,,,,,0,0,0,0,0,2,2,0,0,0,0,0,0,0,31,68,0,1,0,14,15,0,24,31,25.01785683631897,0.8070276398812571,2.0003645420074463,,,,,,,,,,,,,,,,,,,,,,,,,,,,,,,71.82,5,5,0,0.393,True,635500,0,0.416,0.216,,,,,,,0,,,,,,,,,,,../../tmp/final_generalization_n5_artifacts_20260827/seed5_run2_sector.json,7181,6110,0.986,-1.114,1.777,-24.932,24.025,-24.938,25.371,223.436,7.0,7.00116,7.00116,7.000192,7.0,0.01,True,0,0,0,,,,,,1.392,,,,,,,0,,,,,,,,,,,,,,,,,,,,,,,,,,,,,,,,,,,,,,,,,,,,,,,,,,,,,,,,,,,,,,,,,,,,,,,,,,60,True,0.6,1.2,1.5,2,0.2,373,373,0,0,/rog_map/commit_version,0.12,0.1,0,0,False,/rog_map/cloud_process_ack,/sector/full_refresh_request,0,0,0,0,0,False,0,0,0,0,0,0,0,False,0,0,0,0,0,0,0,0,0,0,0,0,0,0,0,6000,0,0,100,9466756,4348334,45.933,False,0,False,0,0,False,0,0,1.5,0,1.5,1.5,0,0,0,,,,,,,,,0,0,,False,False,False,0,0,5,15,False,0,0,0,0,0,0,0,0,,,/planning/trajectory_guard_recovery_active,2.5,0,0,False,False,0,0,0,0,0,False,0,0,0,0,0,0,0,0,False,0,0,0,0,0,0,0,0,,,,,,,,,,,,,,,,,,,,,,,,12189.77077363897,15.341911289398281,10.329355873925502,5.010662091690544,1.2272814957020057,45.933,74.76700800514922,2.5002850340257776,,1,0,True,,0,3299.79296875,3275.6953125,0.0,5308.59765625,1060.9375,6687.58203125,102.3359375,0.0,0.0,../../tmp/final_generalization_n5_artifacts_20260827/seed5_run2_sector.attempt1.memory.csv,True,True,../../tmp/final_generalization_n5_artifacts_20260827/seed5_run2_sector.attempt1.performance.csv,1,350,,
seed5,2,adaptive,66,3,,strict-burst,cpp,True,True,,,,,,,,,,,,,0,27,27,27,0,3,4,0,0,0,0,0,0,0,27,53,0,1,0,13,13,0,25,27,22.647953271865845,0.8388130841431795,1.9005470275878906,,,,,,,,,,,,,,,,,,,,,,,,,,,,,,,69.0,5,5,0,0.386,True,635500,0,0.465,0.265,,,,,,,0,,,,,,,,,,,../../tmp/final_generalization_n5_artifacts_20260827/seed5_run2_adaptive.json,6899,5280,0.947,-1.147,1.673,-25.737,24.025,-25.954,26.155,224.28,7.0,7.005313,7.005313,7.000153,7.0,0.01,True,0,0,0,,,,,,0.0,1787765189.714293,3.695,3.767,1787765198.78192,22.17,22.563,0,,,,,,,,,,,,,,,,,,,,,,,,,,,,,,,,,,,,,,,,,,,,,,,,,,,,,,,,,,,,,,,,,,,,,,,,,,60,True,0.6,1.2,1.5,2,1.5,392,281,111,5,/rog_map/commit_version,0.12,0.1,0.25,0,True,/rog_map/cloud_process_ack,/sector/full_refresh_request,269,269,25,76,76,False,0,1,76,0,0,0,76,False,103,103,0,269,0,269,1787765258679846570,269,2,0.374065,1.348071,0.050315,0.104865,0.180081,1.348071,6000,1443139,748599,71.684,10013598,6141729,61.334,False,0,False,83.163,89.728,False,0.6,1.4,1.5,0.2,3,2.893014,0,0,0,,,,,,,,,0,0,,True,True,False,0.6,1.4,3,15,False,22,22,6,6,15.816,373,215,8,1787765189.71,1787765189.71,/planning/trajectory_guard_recovery_active,2.5,0,0,False,False,55,27,6,6,27,False,1,27,27,0,0,0,0.050496,0.084843,False,0,81.122,120,198,96,143,30.612,50.51,1787765190.06,,,,,,,,,,,,,,,,,,,,,,,22651.052044609667,33.478824200743496,20.585504237918215,12.891391524163568,2.855168698884758,61.334,81.05222520047057,2.8738246133999734,25.651914039481714,1,0,True,,0,3431.5859375,3407.3388671875,0.0,5129.0234375,1060.9375,6865.734375,102.3359375,0.0,0.0,../../tmp/final_generalization_n5_artifacts_20260827/seed5_run2_adaptive.attempt1.memory.csv,True,True,../../tmp/final_generalization_n5_artifacts_20260827/seed5_run2_adaptive.attempt1.performance.csv,0,269,,
seed5,3,sector,67,1,,strict-burst,cpp,True,True,,,,,,,,,,,,,0,0,0,0,0,8,9,0,0,0,0,0,0,0,32,81,0,3,0,13,18,0,24,31,30.986933708190918,0.999578506715836,5.211191415786743,,,,,,,,,,,,,,,,,,,,,,,,,,,,,,,82.22,5,5,0,0.35,True,635500,0,0.427,0.227,,,,,,,0,,,,,,,,,,,../../tmp/final_generalization_n5_artifacts_20260827/seed5_run3_sector.json,8221,6910,0.98,-0.958,1.855,-24.894,24.027,-26.473,25.861,234.634,6.999,7.000879,7.000879,6.999496,7.0,0.01,True,0,0,0,,,,,,0.308,,,,,,,0,,,,,,,,,,,,,,,,,,,,,,,,,,,,,,,,,,,,,,,,,,,,,,,,,,,,,,,,,,,,,,,,,,,,,,,,,,60,True,0.6,1.2,1.5,2,0.2,410,410,0,0,/rog_map/commit_version,0.12,0.1,0,0,False,/rog_map/cloud_process_ack,/sector/full_refresh_request,0,0,0,0,0,False,0,0,0,0,0,0,0,False,0,0,0,0,0,0,0,0,0,0,0,0,0,0,0,6000,0,0,100,10734486,5115064,47.651,False,0,False,0,0,False,0,0,1.5,0,1.5,1.5,0,0,0,,,,,,,,,0,0,,False,False,False,0,0,5,15,False,0,0,0,0,0,0,0,0,,,/planning/trajectory_guard_recovery_active,2.5,0,0,False,False,0,0,0,0,0,False,0,0,0,0,0,0,0,0,False,0,0,0,0,0,0,0,0,,,,,,,,,,,,,,,,,,,,,,,,12984.149870801033,14.981828837209303,10.140007571059432,4.840118165374677,1.20080696124031,47.651,75.33308460044832,2.582817241311674,23.92865663436031,1,0,True,,0,3308.31640625,3284.123046875,0.0,5088.94921875,1060.9375,6749.8515625,102.3359375,0.0,0.0,../../tmp/final_generalization_n5_artifacts_20260827/seed5_run3_sector.attempt1.memory.csv,True,True,../../tmp/final_generalization_n5_artifacts_20260827/seed5_run3_sector.attempt1.performance.csv,0,387,,
seed5,3,adaptive,68,2,,strict-burst,cpp,True,True,,,,,,,,,,,,,0,36,36,36,0,4,5,0,0,0,0,0,0,0,36,76,0,1,0,18,16,0,30,35,31.845110177993774,0.9098602907998221,1.8876473903656006,,,,,,,,,,,,,,,,,,,,,,,,,,,,,,,80.95,5,5,0,0.435,True,635500,0,0.478,0.278,,,,,,,0,,,,,,,,,,,../../tmp/final_generalization_n5_artifacts_20260827/seed5_run3_adaptive.json,8094,6880,1.325,-0.591,1.475,-24.221,24.025,-26.044,25.759,228.878,7.0,7.003323,7.003322,7.000262,7.0,0.01,True,0,0,0,,,,,,0.145,1787765374.523565,15.191,24.117,1787765373.648989,18.271,24.421,0,,,,,,,,,,,,,,,,,,,,,,,,,,,,,,,,,,,,,,,,,,,,,,,,,,,,,,,,,,,,,,,,,,,,,,,,,,60,True,0.6,1.2,1.5,2,1.5,381,280,101,5,/rog_map/commit_version,0.12,0.1,0.25,0,True,/rog_map/cloud_process_ack,/sector/full_refresh_request,268,268,14,71,71,False,0,1,71,0,0,0,71,False,107,107,0,268,0,268,1787765442249172782,268,0,0.372836,0.860184,0.052627,0.166941,0.214468,1.848948,6000,1260026,675770,73.491,10162930,6461067,63.575,False,0,True,74.016,80.647,False,0.6,1.4,1.5,0.2,3,2.898344,0,0,0,,,,,,,,,0,0,,True,True,False,0.6,1.4,3,15,False,25,25,9,8,14.436,400,225,8,1787765361.73,1787765361.73,/planning/trajectory_guard_recovery_active,2.5,0,0,True,True,72,36,6,5,36,False,1,36,36,0,0,0,0.049967,0.079958,False,0,69.816,135,131,111,99,35.433,34.383,1787765362.13,,,,,,,,,,,,,,,,,,,,,,,23932.869402985074,33.219137126865675,20.604015858208957,12.613284291044776,2.7494926977611938,63.575,72.75993224500178,2.886934500384016,24.835366524370087,1,0,True,,0,3416.2734375,3392.13671875,0.0,5131.453125,1060.9375,6833.23828125,102.3359375,0.0,0.0,../../tmp/final_generalization_n5_artifacts_20260827/seed5_run3_adaptive.attempt1.memory.csv,True,True,../../tmp/final_generalization_n5_artifacts_20260827/seed5_run3_adaptive.attempt1.performance.csv,0,268,,
seed5,3,full,69,3,,strict-burst,direct,True,True,,,,,,,,,,,,,0,0,0,0,0,6,7,0,0,0,0,0,0,0,29,53,0,2,0,17,12,0,26,29,29.10236644744873,1.0035298774982322,2.8425848484039307,,,,,,,,,,,,,,,,,,,,,,,,,,,,,,,76.67,5,5,0,0.421,True,635500,0,0.51,0.31,,,,,,,0,,,,,,,,,,,../../tmp/final_generalization_n5_artifacts_20260827/seed5_run3_full.json,7666,6490,0.983,-1.028,1.938,-24.578,24.025,-25.016,24.895,225.468,7.0,7.000972,7.000972,6.999981,7.0,0.01,True,0,0,0,,,,,,0.609,,,,,,,0,,,,,,,,,,,,,,,,,,,,,,,,,,,,,,,,,,,,,,,,,,,,,,,,,,,,,,,,,,,,,,,,,,,,,,,,,,,,,,,,,,,,,,,,,,,,,,,,,,,,,,,,,,,,,,,,,,,,,,,,,,,,,,,,,,,,,,,,,,,,,,,,,,,,,,,,,,,,,,,,,,,,,,,,,,,,,,,,,,,,,,,,,,,,,,,,,,,,,,,,,,,,,,,,,,,,,,,,,,,,,,,,,26742.55189873418,40.54091367088608,26.407584556962025,14.131369974683544,2.3121214708860762,,88.48620527364977,,26.8727301680089,1,0,True,,0,3446.24609375,3423.3837890625,0.0,5174.3671875,1060.9375,6810.92578125,102.3359375,0.0,0.0,../../tmp/final_generalization_n5_artifacts_20260827/seed5_run3_full.attempt1.memory.csv,True,True,../../tmp/final_generalization_n5_artifacts_20260827/seed5_run3_full.attempt1.performance.csv,3,398,,
seed5,4,adaptive,70,1,,strict-burst,cpp,True,True,,,,,,,,,,,,,0,25,25,25,0,3,3,0,0,0,0,0,0,0,25,54,0,4,0,12,13,0,24,25,19.239728212356567,0.7695891284942626,1.55352783203125,,,,,,,,,,,,,,,,,,,,,,,,,,,,,,,70.59,5,5,0,0.406,True,635500,0,0.457,0.257,,,,,,,0,,,,,,,,,,,../../tmp/final_generalization_n5_artifacts_20260827/seed5_run4_adaptive.json,7058,5590,0.986,-1.103,1.674,-24.609,24.025,-24.993,25.606,225.56,6.999,7.001283,7.001283,6.999386,7.0,0.01,True,0,0,0,,,,,,0.0,1787765539.900365,3.058,3.071,1787765540.543104,4.65,4.85,0,,,,,,,,,,,,,,,,,,,,,,,,,,,,,,,,,,,,,,,,,,,,,,,,,,,,,,,,,,,,,,,,,,,,,,,,,,60,True,0.6,1.2,1.5,2,1.5,393,281,112,5,/rog_map/commit_version,0.12,0.1,0.25,0,True,/rog_map/cloud_process_ack,/sector/full_refresh_request,269,269,22,76,76,False,0,1,76,0,0,0,76,False,101,101,0,269,0,269,1787765609942022780,269,1,0.357955,0.578796,0.053377,0.124479,0.182384,0.882495,6000,1037966,586009,71.501,10128302,6068035,59.912,False,0,False,64.377,68.668,False,0.6,1.4,1.5,0.2,3,2.899249,0,0,0,,,,,,,,,0,0,,True,True,False,0.6,1.4,3,15,False,26,26,12,12,19.338,405,247,9,1787765539.9,1787765539.9,/planning/trajectory_guard_recovery_active,2.5,0,0,False,False,51,25,5,5,25,False,1,25,25,0,0,0,0.050985,0.073663,False,0,57.252,95,130,83,94,24.173,33.079,1787765540.64,,,,,,,,,,,,,,,,,,,,,,,22382.814126394052,33.00510401486989,20.472679479553904,12.530534423791822,2.8277546059479555,59.912,85.62654733207101,2.7758556630699998,25.542693456246234,1,0,True,,0,3438.70703125,3414.5771484375,0.0,5163.06640625,1060.9375,6835.703125,102.3359375,0.0,0.0,../../tmp/final_generalization_n5_artifacts_20260827/seed5_run4_adaptive.attempt1.memory.csv,True,True,../../tmp/final_generalization_n5_artifacts_20260827/seed5_run4_adaptive.attempt1.performance.csv,0,269,,
seed5,4,full,71,2,,strict-burst,direct,True,True,,,,,,,,,,,,,0,0,0,0,0,5,5,0,0,0,0,0,0,0,24,35,0,1,0,16,7,0,22,24,24.23849058151245,1.0099371075630188,1.5467214584350586,,,,,,,,,,,,,,,,,,,,,,,,,,,,,,,69.36,5,5,0,0.394,True,635500,0,0.489,0.289,,,,,,,0,,,,,,,,,,,../../tmp/final_generalization_n5_artifacts_20260827/seed5_run4_full.json,6935,5680,0.998,-1.12,1.863,-24.587,24.025,-25.925,24.759,225.505,7.0,7.002735,7.002735,6.999831,7.0,0.01,True,0,0,0,,,,,,0.565,,,,,,,0,,,,,,,,,,,,,,,,,,,,,,,,,,,,,,,,,,,,,,,,,,,,,,,,,,,,,,,,,,,,,,,,,,,,,,,,,,,,,,,,,,,,,,,,,,,,,,,,,,,,,,,,,,,,,,,,,,,,,,,,,,,,,,,,,,,,,,,,,,,,,,,,,,,,,,,,,,,,,,,,,,,,,,,,,,,,,,,,,,,,,,,,,,,,,,,,,,,,,,,,,,,,,,,,,,,,,,,,,,,,,,,,,26433.559681697614,39.82236816976127,25.782342705570294,14.038095066312998,2.3406585358090184,,86.7729021263627,,23.40533995889093,1,0,True,,0,3458.82421875,3436.0322265625,0.0,5149.87109375,1060.9375,6833.296875,102.3359375,0.0,0.0,../../tmp/final_generalization_n5_artifacts_20260827/seed5_run4_full.attempt1.memory.csv,True,True,../../tmp/final_generalization_n5_artifacts_20260827/seed5_run4_full.attempt1.performance.csv,2,379,,
seed5,4,sector,72,3,,strict-burst,cpp,True,True,,,,,,,,,,,,,0,0,0,0,0,2,2,0,0,0,0,0,0,0,17,34,0,2,0,7,7,0,13,17,17.30145764350891,1.0177328025593477,4.682222127914429,,,,,,,,,,,,,,,,,,,,,,,,,,,,,,,65.91,5,5,0,0.412,True,635500,0,0.484,0.284,,,,,,,0,,,,,,,,,,,../../tmp/final_generalization_n5_artifacts_20260827/seed5_run4_sector.json,6590,5230,0.847,-0.954,1.842,-24.61,24.025,-24.796,24.631,225.143,7.0,7.00148,7.00148,6.999788,7.0,0.01,True,0,0,0,,,,,,0.0,,,,,,,0,,,,,,,,,,,,,,,,,,,,,,,,,,,,,,,,,,,,,,,,,,,,,,,,,,,,,,,,,,,,,,,,,,,,,,,,,,60,True,0.6,1.2,1.5,2,0.2,426,426,0,0,/rog_map/commit_version,0.12,0.1,0,0,False,/rog_map/cloud_process_ack,/sector/full_refresh_request,0,0,0,0,0,False,0,0,0,0,0,0,0,False,0,0,0,0,0,0,0,0,0,0,0,0,0,0,0,6000,0,0,100,11351969,5329931,46.952,False,0,False,0,0,False,0,0,1.5,0,1.5,1.5,0,0,0,,,,,,,,,0,0,,False,False,False,0,0,5,15,False,0,0,0,0,0,0,0,0,,,/planning/trajectory_guard_recovery_active,2.5,0,0,False,False,0,0,0,0,0,False,0,0,0,0,0,0,0,0,False,0,0,0,0,0,0,0,0,,,,,,,,,,,,,,,,,,,,,,,,13024.445273631842,15.405405696517414,10.323493233830847,5.079842437810945,1.2478890248756218,46.952,86.59724641856656,2.802875702266183,24.893673953588006,1,0,True,,0,3308.3125,3284.0859375,0.0,5255.29296875,1060.9375,6715.73828125,102.3359375,0.0,0.0,../../tmp/final_generalization_n5_artifacts_20260827/seed5_run4_sector.attempt1.memory.csv,True,True,../../tmp/final_generalization_n5_artifacts_20260827/seed5_run4_sector.attempt1.performance.csv,0,402,,
seed5,5,full,73,1,,strict-burst,direct,True,True,,,,,,,,,,,,,0,0,0,0,0,3,5,0,0,0,0,0,0,0,18,33,0,1,0,10,8,0,17,18,17.295114755630493,0.9608397086461385,2.4330737590789795,,,,,,,,,,,,,,,,,,,,,,,,,,,,,,,65.88,5,5,0,0.446,True,635500,0,0.483,0.283,,,,,,,0,,,,,,,,,,,../../tmp/final_generalization_n5_artifacts_20260827/seed5_run5_full.json,6587,5520,1.076,-1.042,1.61,-25.745,24.025,-25.156,27.959,222.705,7.0,7.001112,7.001112,7.000006,7.0,0.01,True,0,0,0,,,,,,1.498,,,,,,,0,,,,,,,,,,,,,,,,,,,,,,,,,,,,,,,,,,,,,,,,,,,,,,,,,,,,,,,,,,,,,,,,,,,,,,,,,,,,,,,,,,,,,,,,,,,,,,,,,,,,,,,,,,,,,,,,,,,,,,,,,,,,,,,,,,,,,,,,,,,,,,,,,,,,,,,,,,,,,,,,,,,,,,,,,,,,,,,,,,,,,,,,,,,,,,,,,,,,,,,,,,,,,,,,,,,,,,,,,,,,,,,,,26797.892230576443,41.24667268170426,26.679633583959898,14.565025664160402,2.4091177869674185,,102.10460014403753,,25.16077916841518,1,0,True,,0,3450.3359375,3427.4296875,0.0,5120.94140625,1060.9375,6787.54296875,102.3359375,0.0,0.0,../../tmp/final_generalization_n5_artifacts_20260827/seed5_run5_full.attempt1.memory.csv,True,True,../../tmp/final_generalization_n5_artifacts_20260827/seed5_run5_full.attempt1.performance.csv,3,402,,
seed5,5,sector,74,2,,strict-burst,cpp,True,True,,,,,,,,,,,,,0,0,0,0,0,2,2,0,0,0,0,0,0,0,22,48,0,4,0,10,11,0,18,22,17.6292085647583,0.8013276620344683,1.6672558784484863,,,,,,,,,,,,,,,,,,,,,,,,,,,,,,,67.05,5,5,0,0.425,True,635500,0,0.432,0.232,,,,,,,0,,,,,,,,,,,../../tmp/final_generalization_n5_artifacts_20260827/seed5_run5_sector.json,6704,5270,1.043,-1.074,1.787,-24.633,24.025,-25.172,25.946,223.446,7.0,7.001632,7.001632,7.000387,7.0,0.01,True,0,0,0,,,,,,0.0,,,,,,,0,,,,,,,,,,,,,,,,,,,,,,,,,,,,,,,,,,,,,,,,,,,,,,,,,,,,,,,,,,,,,,,,,,,,,,,,,,60,True,0.6,1.2,1.5,2,0.2,418,418,0,0,/rog_map/commit_version,0.12,0.1,0,0,False,/rog_map/cloud_process_ack,/sector/full_refresh_request,0,0,0,0,0,False,0,0,0,0,0,0,0,False,0,0,0,0,0,0,0,0,0,0,0,0,0,0,0,6000,0,0,100,10817421,5022593,46.431,False,0,False,0,0,False,0,0,1.5,0,1.5,1.5,0,0,0,,,,,,,,,0,0,,False,False,False,0,0,5,15,False,0,0,0,0,0,0,0,0,,,/planning/trajectory_guard_recovery_active,2.5,0,0,False,False,0,0,0,0,0,False,0,0,0,0,0,0,0,0,False,0,0,0,0,0,0,0,0,,,,,,,,,,,,,,,,,,,,,,,,12508.855329949238,14.797820913705584,9.882859492385787,4.913170776649746,1.1994482614213198,46.431,82.06173647735586,2.6760507461829217,22.32010794697958,1,0,True,,0,3317.27734375,3293.0087890625,0.0,5176.08203125,1060.4375,6770.21484375,102.33203125,0.0,0.0,../../tmp/final_generalization_n5_artifacts_20260827/seed5_run5_sector.attempt1.memory.csv,True,True,../../tmp/final_generalization_n5_artifacts_20260827/seed5_run5_sector.attempt1.performance.csv,0,394,,
seed5,5,adaptive,75,3,,strict-burst,cpp,True,True,,,,,,,,,,,,,0,18,18,18,0,3,4,0,0,0,0,0,0,0,18,32,0,1,0,8,8,0,15,18,16.36569905281067,0.9092055029339261,1.5261621475219727,,,,,,,,,,,,,,,,,,,,,,,,,,,,,,,65.7,5,5,0,0.362,True,635500,0,0.462,0.262,,,,,,,0,,,,,,,,,,,../../tmp/final_generalization_n5_artifacts_20260827/seed5_run5_adaptive.json,6570,5150,0.922,-1.149,1.937,-25.613,24.025,-24.58,25.409,225.742,7.0,7.001484,7.001484,7.000265,7.0,0.01,True,0,0,0,,,,,,0.0,1787765930.649705,2.776,2.772,1787765936.142304,12.964,13.477,0,,,,,,,,,,,,,,,,,,,,,,,,,,,,,,,,,,,,,,,,,,,,,,,,,,,,,,,,,,,,,,,,,,,,,,,,,,60,True,0.6,1.2,1.5,2,1.5,444,296,148,5,/rog_map/commit_version,0.12,0.1,0.25,0,True,/rog_map/cloud_process_ack,/sector/full_refresh_request,283,283,30,60,60,False,0,1,60,0,0,0,60,False,78,78,0,283,0,283,1787765995135584056,283,1,0.335242,0.486426,0.054788,0.135771,0.151272,0.580068,6000,1605881,838618,66.667,12006024,6526149,54.357,True,69.82,True,74.324,78.232,False,0.6,1.4,1.5,0.2,3,2.899505,1,0,0,1787765943.16,1787765943.16,1787765943.24,,,,,,38,1.180043,0,True,True,False,0.6,1.4,3,15,False,22,22,11,10,18.018,392,234,9,1787765930.65,1787765930.65,/planning/trajectory_guard_recovery_active,2.5,0,0,False,True,37,18,9,8,18,False,1,18,18,0,0,0,0.054867,0.090681,False,0,68.694,106,199,79,131,23.874,44.82,1787765931.06,,,,,,,,,,,,,,,,,,,,,,,22880.54770318021,33.517623144876325,20.765206466431096,12.750591236749116,2.8437943074204948,54.357,91.57763966832877,3.0690039551599804,25.903463316595644,1,0,True,,0,3420.54296875,3396.375,0.0,4897.453125,1060.1875,6870.6640625,102.33203125,0.0,0.0,../../tmp/final_generalization_n5_artifacts_20260827/seed5_run5_adaptive.attempt1.memory.csv,True,True,../../tmp/final_generalization_n5_artifacts_20260827/seed5_run5_adaptive.attempt1.performance.csv,0,283,,
seed6,1,sector,76,1,,strict-burst,cpp,True,True,,,,,,,,,,,,,0,0,0,0,0,4,4,0,0,0,0,0,0,0,11,20,0,0,0,6,4,0,8,11,12.096125602722168,1.0996477820656516,1.789179801940918,,,,,,,,,,,,,,,,,,,,,,,,,,,,,,,65.47,5,5,0,0.391,True,635500,0,0.463,0.263,,,,,,,0,,,,,,,,,,,../../tmp/final_generalization_n5_artifacts_20260827/seed6_run1_sector.json,6546,5646,0.885,-1.158,2.172,-25.008,24.025,-27.104,27.073,230.369,7.0,7.002478,7.002477,7.000245,7.0,0.01,True,0,0,0,,,,,,0.0,,,,,,,0,,,,,,,,,,,,,,,,,,,,,,,,,,,,,,,,,,,,,,,,,,,,,,,,,,,,,,,,,,,,,,,,,,,,,,,,,,60,True,0.6,1.2,1.5,2,0.2,423,423,0,0,/rog_map/commit_version,0.12,0.1,0,0,False,/rog_map/cloud_process_ack,/sector/full_refresh_request,0,0,0,0,0,False,0,0,0,0,0,0,0,False,0,0,0,0,0,0,0,0,0,0,0,0,0,0,0,6000,0,0,100,12531996,6671455,53.235,False,0,False,0,0,False,0,0,1.5,0,1.5,1.5,0,0,0,,,,,,,,,0,0,,False,False,False,0,0,5,15,False,0,0,0,0,0,0,0,0,,,/planning/trajectory_guard_recovery_active,2.5,0,0,False,False,0,0,0,0,0,False,0,0,0,0,0,0,0,0,False,0,0,0,0,0,0,0,0,,,,,,,,,,,,,,,,,,,,,,,,16396.586466165412,14.417523333333333,9.494077493734336,4.92168260651629,1.3090577819548874,53.235,92.04147050440953,2.8591917225843466,25.06583214586037,1,0,True,,0,3303.19921875,3279.0185546875,0.0,5163.375,1060.1875,6757.5546875,102.33203125,0.0,0.0,../../tmp/final_generalization_n5_artifacts_20260827/seed6_run1_sector.attempt1.memory.csv,True,True,../../tmp/final_generalization_n5_artifacts_20260827/seed6_run1_sector.attempt1.performance.csv,0,399,,
seed6,1,adaptive,77,2,,strict-burst,cpp,True,True,,,,,,,,,,,,,0,35,35,35,0,4,5,0,0,0,0,0,0,0,35,66,0,0,0,18,15,0,31,35,36.37966537475586,1.0394190107073102,7.274282455444336,,,,,,,,,,,,,,,,,,,,,,,,,,,,,,,77.36,5,5,0,0.407,True,635500,0,0.434,0.234,,,,,,,0,,,,,,,,,,,../../tmp/final_generalization_n5_artifacts_20260827/seed6_run1_adaptive.json,7735,6800,0.797,-1.244,1.341,-24.581,24.025,-26.752,24.842,231.432,7.001,7.005535,7.005535,7.001065,7.0,0.01,True,0,0,0,,,,,,0.0,1787766116.331216,-22.204,23.399,1787766116.300923,-22.028,23.381,0,,,,,,,,,,,,,,,,,,,,,,,,,,,,,,,,,,,,,,,,,,,,,,,,,,,,,,,,,,,,,,,,,,,,,,,,,,60,True,0.6,1.2,1.5,2,1.5,403,296,107,5,/rog_map/commit_version,0.12,0.1,0.25,0,True,/rog_map/cloud_process_ack,/sector/full_refresh_request,284,284,25,82,82,False,0,1,82,0,0,0,82,False,117,117,0,284,0,284,1787766158596132460,284,0,0.341799,0.749541,0.047131,0.073341,0.193335,0.964232,6000,1489607,778275,73.449,11658384,7661775,65.719,True,12.655,True,86.352,92.046,False,0.6,1.4,1.5,0.2,3,2.898902,1,0,0,1787766148.61,1787766148.61,1787766148.76,,,,,,8,0.529823,0,True,True,False,0.6,1.4,3,15,False,23,23,5,4,16.625,417,217,9,1787766081.34,1787766081.34,/planning/trajectory_guard_recovery_active,2.5,0,0,False,True,71,35,5,4,35,False,1,35,35,0,0,0,0.050271,0.086856,False,0,85.36,188,156,152,112,46.65,38.71,1787766081.62,,,,,,,,,,,,,,,,,,,,,,,26750.669014084506,32.17709598591549,19.956182816901407,12.218989647887323,2.699910133802817,65.719,74.12887983131382,2.9937904999803577,,1,0,True,,0,3413.0,3388.884765625,0.0,5153.1640625,1060.1875,6830.59375,102.33203125,0.0,0.0,../../tmp/final_generalization_n5_artifacts_20260827/seed6_run1_adaptive.attempt1.memory.csv,True,True,../../tmp/final_generalization_n5_artifacts_20260827/seed6_run1_adaptive.attempt1.performance.csv,0,284,,
seed6,1,full,78,3,,strict-burst,direct,True,True,,,,,,,,,,,,,0,0,0,0,0,1,1,0,0,0,0,0,0,0,15,31,0,0,0,7,7,0,12,15,11.852262020111084,0.7901508013407389,1.1982238292694092,,,,,,,,,,,,,,,,,,,,,,,,,,,,,,,64.76,5,5,0,0.4,True,635500,0,0.456,0.256,,,,,,,0,,,,,,,,,,,../../tmp/final_generalization_n5_artifacts_20260827/seed6_run1_full.json,6476,5502,0.755,-1.291,1.767,-24.239,24.025,-24.966,25.338,222.854,7.0,7.001177,7.001177,6.999703,7.0,0.01,True,0,0,0,,,,,,1.495,,,,,,,0,,,,,,,,,,,,,,,,,,,,,,,,,,,,,,,,,,,,,,,,,,,,,,,,,,,,,,,,,,,,,,,,,,,,,,,,,,,,,,,,,,,,,,,,,,,,,,,,,,,,,,,,,,,,,,,,,,,,,,,,,,,,,,,,,,,,,,,,,,,,,,,,,,,,,,,,,,,,,,,,,,,,,,,,,,,,,,,,,,,,,,,,,,,,,,,,,,,,,,,,,,,,,,,,,,,,,,,,,,,,,,,,,28991.326315789473,40.61544736842105,26.559691315789475,14.053665842105264,2.479844431578947,,106.27313135558131,,24.413958275293133,1,0,True,,0,3446.54296875,3423.8271484375,0.0,5108.21484375,1060.1875,6881.91796875,102.33203125,0.0,0.0,../../tmp/final_generalization_n5_artifacts_20260827/seed6_run1_full.attempt1.memory.csv,True,True,../../tmp/final_generalization_n5_artifacts_20260827/seed6_run1_full.attempt1.performance.csv,2,382,,
seed6,2,adaptive,79,1,,strict-burst,cpp,True,True,,,,,,,,,,,,,0,17,17,17,0,2,3,0,0,0,0,0,0,0,17,30,0,1,0,10,7,0,16,17,20.575833559036255,1.2103431505315445,6.33185076713562,,,,,,,,,,,,,,,,,,,,,,,,,,,,,,,65.63,5,5,0,0.435,True,635500,0,0.501,0.301,,,,,,,0,,,,,,,,,,,../../tmp/final_generalization_n5_artifacts_20260827/seed6_run2_adaptive.json,6563,5641,0.929,-0.881,2.103,-27.435,24.025,-27.974,27.173,225.498,7.001,7.001445,7.001445,7.00102,7.0,0.01,True,0,0,0,,,,,,0.0,1787766244.606861,2.679,3.047,1787766255.584299,20.161,20.151,0,,,,,,,,,,,,,,,,,,,,,,,,,,,,,,,,,,,,,,,,,,,,,,,,,,,,,,,,,,,,,,,,,,,,,,,,,,60,True,0.6,1.2,1.5,2,1.5,394,280,114,5,/rog_map/commit_version,0.12,0.1,0.25,0,True,/rog_map/cloud_process_ack,/sector/full_refresh_request,268,268,20,69,69,False,0,1,69,0,0,0,69,False,86,86,0,268,0,268,1787766309583834305,268,1,0.37114,0.764485,0.052013,0.1122,0.169829,1.564509,6000,1335031,687526,71.066,10863262,6507254,59.901,True,32.741,True,67.513,75.339,False,0.6,1.4,1.5,0.2,3,2.897983,1,0,0,1787766285.1,1787766285.1,1787766285.19,,,,,,17,0.879483,0,True,True,False,0.6,1.4,3,15,False,25,25,15,14,19.797,382,225,9,1787766244.61,1787766244.61,/planning/trajectory_guard_recovery_active,2.5,0,0,False,True,35,17,7,6,17,False,1,17,17,0,0,0,0.050452,0.076543,False,0,57.614,109,118,81,90,27.665,29.949,1787766245.26,,,,,,,,,,,,,,,,,,,,,,,24039.809701492537,30.824939925373133,19.31514421641791,11.50792119402985,2.774644410447761,59.901,87.91132873165778,2.8994960794817914,27.522506143805717,1,0,True,,0,3407.23046875,3383.2685546875,0.0,5075.359375,1060.1875,6888.82421875,102.33203125,0.0,0.0,../../tmp/final_generalization_n5_artifacts_20260827/seed6_run2_adaptive.attempt1.memory.csv,True,True,../../tmp/final_generalization_n5_artifacts_20260827/seed6_run2_adaptive.attempt1.performance.csv,0,268,,
seed6,2,full,80,2,,strict-burst,direct,True,True,,,,,,,,,,,,,0,0,0,0,0,5,5,0,0,0,0,0,0,0,21,39,0,1,0,10,8,0,14,21,21.214832544326782,1.0102301211584181,2.499774932861328,,,,,,,,,,,,,,,,,,,,,,,,,,,,,,,70.85,5,5,0,0.412,True,635500,0,0.431,0.231,,,,,,,0,,,,,,,,,,,../../tmp/final_generalization_n5_artifacts_20260827/seed6_run2_full.json,7084,6114,0.804,-1.162,1.78,-26.022,24.025,-23.975,24.828,227.641,7.0,7.001945,7.001945,6.999873,7.0,0.01,True,0,0,0,,,,,,1.244,,,,,,,0,,,,,,,,,,,,,,,,,,,,,,,,,,,,,,,,,,,,,,,,,,,,,,,,,,,,,,,,,,,,,,,,,,,,,,,,,,,,,,,,,,,,,,,,,,,,,,,,,,,,,,,,,,,,,,,,,,,,,,,,,,,,,,,,,,,,,,,,,,,,,,,,,,,,,,,,,,,,,,,,,,,,,,,,,,,,,,,,,,,,,,,,,,,,,,,,,,,,,,,,,,,,,,,,,,,,,,,,,,,,,,,,,28515.43,39.227839,25.771265250000003,13.454492175,2.32556226,,99.42262379181993,,20.88684770915455,1,0,True,,0,3454.76171875,3431.6201171875,0.0,5070.375,1060.1875,6894.98828125,102.33203125,0.0,0.0,../../tmp/final_generalization_n5_artifacts_20260827/seed6_run2_full.attempt1.memory.csv,True,True,../../tmp/final_generalization_n5_artifacts_20260827/seed6_run2_full.attempt1.performance.csv,3,403,,
seed6,2,sector,81,3,,strict-burst,cpp,True,True,,,,,,,,,,,,,0,0,0,0,0,3,6,0,0,0,0,0,0,0,7,13,0,0,0,3,2,0,5,7,10.760131120681763,1.5371615886688232,4.744189023971558,,,,,,,,,,,,,,,,,,,,,,,,,,,,,,,63.46,5,5,0,0.398,True,635500,0,0.463,0.263,,,,,,,0,,,,,,,,,,,../../tmp/final_generalization_n5_artifacts_20260827/seed6_run2_sector.json,6345,5431,0.769,-1.281,2.137,-25.735,24.163,-24.832,26.062,230.865,7.0,7.001421,7.001422,7.000341,7.0,0.01,True,0,0,0,,,,,,0.0,,,,,,,0,,,,,,,,,,,,,,,,,,,,,,,,,,,,,,,,,,,,,,,,,,,,,,,,,,,,,,,,,,,,,,,,,,,,,,,,,,60,True,0.6,1.2,1.5,2,0.2,440,440,0,0,/rog_map/commit_version,0.12,0.1,0,0,False,/rog_map/cloud_process_ack,/sector/full_refresh_request,0,0,0,0,0,False,0,0,0,0,0,0,0,False,0,0,0,0,0,0,0,0,0,0,0,0,0,0,0,6000,0,0,100,13004701,6538045,50.274,False,0,False,0,0,False,0,0,1.5,0,1.5,1.5,0,0,0,,,,,,,,,0,0,,False,False,False,0,0,5,15,False,0,0,0,0,0,0,0,0,,,/planning/trajectory_guard_recovery_active,2.5,0,0,False,False,0,0,0,0,0,False,0,0,0,0,0,0,0,0,False,0,0,0,0,0,0,0,0,,,,,,,,,,,,,,,,,,,,,,,,15405.836538461539,16.05485122596154,10.726296802884615,5.326707548076923,1.323265514423077,50.274,98.6729033659642,2.8961308259800567,25.931840470973487,1,0,True,,0,3309.67578125,3285.458984375,0.0,5183.48828125,1060.1875,6779.60546875,102.33203125,0.0,0.0,../../tmp/final_generalization_n5_artifacts_20260827/seed6_run2_sector.attempt1.memory.csv,True,True,../../tmp/final_generalization_n5_artifacts_20260827/seed6_run2_sector.attempt1.performance.csv,0,416,,
seed6,3,full,82,1,,strict-burst,direct,True,True,,,,,,,,,,,,,0,0,0,0,0,2,2,0,0,0,0,0,0,0,21,32,0,1,0,13,6,0,16,21,23.75618815422058,1.1312470549628848,3.685603380203247,,,,,,,,,,,,,,,,,,,,,,,,,,,,,,,72.54,5,5,0,0.443,True,635500,0,0.512,0.312,,,,,,,0,,,,,,,,,,,../../tmp/final_generalization_n5_artifacts_20260827/seed6_run3_full.json,7253,6302,0.932,-1.09,1.846,-26.315,24.025,-26.523,25.662,225.281,7.0,7.001845,7.001845,6.999946,7.0,0.01,True,0,0,0,,,,,,1.434,,,,,,,0,,,,,,,,,,,,,,,,,,,,,,,,,,,,,,,,,,,,,,,,,,,,,,,,,,,,,,,,,,,,,,,,,,,,,,,,,,,,,,,,,,,,,,,,,,,,,,,,,,,,,,,,,,,,,,,,,,,,,,,,,,,,,,,,,,,,,,,,,,,,,,,,,,,,,,,,,,,,,,,,,,,,,,,,,,,,,,,,,,,,,,,,,,,,,,,,,,,,,,,,,,,,,,,,,,,,,,,,,,,,,,,,,28707.59813084112,38.17223995327103,25.344183177570095,12.825946471962617,2.182569464953271,,93.45992392739221,,24.35893410598122,1,0,True,,0,3454.5078125,3431.5693359375,0.0,4864.65234375,1060.1875,6929.85546875,102.33203125,0.0,0.0,../../tmp/final_generalization_n5_artifacts_20260827/seed6_run3_full.attempt1.memory.csv,True,True,../../tmp/final_generalization_n5_artifacts_20260827/seed6_run3_full.attempt1.performance.csv,4,432,,
seed6,3,sector,83,2,,strict-burst,cpp,True,True,,,,,,,,,,,,,0,0,0,0,0,6,11,0,0,0,0,0,0,0,15,38,0,0,0,3,8,0,7,15,18.1098792552948,1.20732528368632,4.30361008644104,,,,,,,,,,,,,,,,,,,,,,,,,,,,,,,74.21,5,5,0,0.383,True,635500,0,0.387,0.187,,,,,,,0,,,,,,,,,,,../../tmp/final_generalization_n5_artifacts_20260827/seed6_run3_sector.json,7421,6418,0.81,-1.254,1.584,-26.713,24.025,-25.346,26.712,231.47,7.0,7.001896,7.001896,7.000112,7.0,0.01,True,0,0,0,,,,,,0.0,,,,,,,0,,,,,,,,,,,,,,,,,,,,,,,,,,,,,,,,,,,,,,,,,,,,,,,,,,,,,,,,,,,,,,,,,,,,,,,,,,60,True,0.6,1.2,1.5,2,0.2,486,486,0,0,/rog_map/commit_version,0.12,0.1,0,0,False,/rog_map/cloud_process_ack,/sector/full_refresh_request,0,0,0,0,0,False,0,0,0,0,0,0,0,False,0,0,0,0,0,0,0,0,0,0,0,0,0,0,0,6000,0,0,100,13849138,7048926,50.898,False,0,False,0,0,False,0,0,1.5,0,1.5,1.5,0,0,0,,,,,,,,,0,0,,False,False,False,0,0,5,15,False,0,0,0,0,0,0,0,0,,,/planning/trajectory_guard_recovery_active,2.5,0,0,False,False,0,0,0,0,0,False,0,0,0,0,0,0,0,0,False,0,0,0,0,0,0,0,0,,,,,,,,,,,,,,,,,,,,,,,,15065.373362445414,14.269771179039301,9.673647117903931,4.594237925764192,1.0928380851528383,50.898,90.89598377434729,2.8194935896070614,23.93517942818827,1,0,True,,0,3320.71484375,3296.55859375,0.0,5178.37890625,1060.1875,6775.44140625,102.33203125,0.0,0.0,../../tmp/final_generalization_n5_artifacts_20260827/seed6_run3_sector.attempt1.memory.csv,True,True,../../tmp/final_generalization_n5_artifacts_20260827/seed6_run3_sector.attempt1.performance.csv,0,458,,
seed6,3,adaptive,84,3,,strict-burst,cpp,True,True,,,,,,,,,,,,,0,40,40,40,0,8,11,0,0,0,0,0,0,0,40,67,0,1,0,22,15,0,35,40,43.491584062576294,1.0872896015644073,3.640815258026123,,,,,,,,,,,,,,,,,,,,,,,,,,,,,,,89.51,5,5,0,0.4,True,635500,0,0.414,0.214,,,,,,,0,,,,,,,,,,,../../tmp/final_generalization_n5_artifacts_20260827/seed6_run3_adaptive.json,8950,8080,0.246,-1.448,1.941,-25.775,24.025,-27.564,26.932,234.536,7.0,7.001687,7.001687,6.999917,7.0,0.01,True,0,0,0,,,,,,1.469,1787766641.268399,2.604,3.608,1787766686.786688,-24.192,-0.732,0,,,,,,,,,,,,,,,,,,,,,,,,,,,,,,,,,,,,,,,,,,,,,,,,,,,,,,,,,,,,,,,,,,,,,,,,,,60,True,0.6,1.2,1.5,2,1.5,456,330,126,5,/rog_map/commit_version,0.12,0.1,0.25,0,True,/rog_map/cloud_process_ack,/sector/full_refresh_request,320,320,32,93,93,False,0,1,93,0,0,0,93,False,133,133,0,320,0,320,1787766730884957734,320,1,0.364125,0.668349,0.04466,0.109916,0.199221,1.163071,6000,1621851,829599,72.368,12581401,7961561,63.28,True,47.368,True,86.623,90.798,True,0.6,1.4,1.5,0.2,3,2.899609,1,1,0,1787766686.21,1787766686.21,1787766686.44,1787766705.21,1787766706.41,1.200228,,,13,1.200228,0,True,True,True,0.6,1.4,3,15,True,27,26,5,4,17.982,415,226,8,1787766641.27,1787766641.27,/planning/trajectory_guard_recovery_active,2.5,0,0,False,True,81,40,4,3,40,False,1,40,40,0,0,0,0.04763,0.081932,False,0,82.895,212,166,166,117,46.491,36.404,1787766641.55,,,,,,,,,,,,,,,,,,,,,,,24833.25786163522,30.192434433962262,18.928658081761004,11.261780679245282,2.3873413050314465,63.28,67.44976365672008,3.022273582259846,22.424835076631144,1,0,True,,0,3436.14453125,3412.0556640625,0.0,5052.30078125,1060.1875,6923.61328125,102.33203125,0.0,0.0,../../tmp/final_generalization_n5_artifacts_20260827/seed6_run3_adaptive.attempt1.memory.csv,True,True,../../tmp/final_generalization_n5_artifacts_20260827/seed6_run3_adaptive.attempt1.performance.csv,2,320,,
seed6,4,sector,85,1,,strict-burst,cpp,True,True,,,,,,,,,,,,,0,0,0,0,0,5,5,0,0,0,0,0,0,0,22,52,0,0,0,10,12,0,19,22,20.354731559753418,0.9252150708978827,2.3042895793914795,,,,,,,,,,,,,,,,,,,,,,,,,,,,,,,67.66,5,5,0,0.385,True,635500,0,0.462,0.262,,,,,,,0,,,,,,,,,,,../../tmp/final_generalization_n5_artifacts_20260827/seed6_run4_sector.json,6765,5316,0.905,-1.161,1.967,-24.118,24.111,-26.472,24.509,228.042,7.0,7.001011,7.001011,7.000085,7.0,0.01,True,0,0,0,,,,,,0.733,,,,,,,0,,,,,,,,,,,,,,,,,,,,,,,,,,,,,,,,,,,,,,,,,,,,,,,,,,,,,,,,,,,,,,,,,,,,,,,,,,60,True,0.6,1.2,1.5,2,0.2,399,399,0,0,/rog_map/commit_version,0.12,0.1,0,0,False,/rog_map/cloud_process_ack,/sector/full_refresh_request,0,0,0,0,0,False,0,0,0,0,0,0,0,False,0,0,0,0,0,0,0,0,0,0,0,0,0,0,0,6000,0,0,100,11083629,5599281,50.518,False,0,False,0,0,False,0,0,1.5,0,1.5,1.5,0,0,0,,,,,,,,,0,0,,False,False,False,0,0,5,15,False,0,0,0,0,0,0,0,0,,,/planning/trajectory_guard_recovery_active,2.5,0,0,False,False,0,0,0,0,0,False,0,0,0,0,0,0,0,0,False,0,0,0,0,0,0,0,0,,,,,,,,,,,,,,,,,,,,,,,,14586.837333333333,14.404722506666667,9.727016240000001,4.675932506666666,1.2279242106666666,50.518,82.28639972342486,2.819713456749133,25.543775843678223,1,0,True,,0,3301.8046875,3277.6220703125,0.0,5255.18359375,1060.1875,6747.44921875,102.33203125,0.0,0.0,../../tmp/final_generalization_n5_artifacts_20260827/seed6_run4_sector.attempt1.memory.csv,True,True,../../tmp/final_generalization_n5_artifacts_20260827/seed6_run4_sector.attempt1.performance.csv,3,378,,
seed6,4,adaptive,86,2,,strict-burst,cpp,True,True,,,,,,,,,,,,,0,28,28,28,0,5,9,0,0,0,0,0,0,0,28,50,0,0,0,15,11,0,25,28,30.993635654449463,1.1069155590874808,3.1769258975982666,,,,,,,,,,,,,,,,,,,,,,,,,,,,,,,82.31,5,5,0,0.432,True,635500,0,0.468,0.268,,,,,,,0,,,,,,,,,,,../../tmp/final_generalization_n5_artifacts_20260827/seed6_run4_adaptive.json,8230,7070,0.913,-1.145,1.577,-24.749,24.025,-25.417,30.941,233.631,7.0,7.00462,7.004619,7.000032,7.0,0.01,True,0,0,0,,,,,,1.465,1787766830.745262,23.89,23.946,1787766829.746065,18.997,21.848,0,,,,,,,,,,,,,,,,,,,,,,,,,,,,,,,,,,,,,,,,,,,,,,,,,,,,,,,,,,,,,,,,,,,,,,,,,,60,True,0.6,1.2,1.5,2,1.5,485,334,151,5,/rog_map/commit_version,0.12,0.1,0.25,0,True,/rog_map/cloud_process_ack,/sector/full_refresh_request,324,324,26,85,85,False,0,1,85,0,0,0,85,False,113,113,0,324,0,324,1787766901446342203,324,1,0.348604,0.652307,0.047879,0.101824,0.175169,1.112509,6000,1637364,853527,68.866,13756123,8117904,59.013,True,90.928,False,77.938,83.74,True,0.6,1.4,1.5,0.2,3,2.899181,1,1,0,1787766820.01,1787766820.01,1787766820.39,1787766848,1787766849.2,1.200122,,,20,1.200122,0,True,True,False,0.6,1.4,3,15,False,26,26,9,9,18.557,440,257,9,1787766818.68,1787766818.68,/planning/trajectory_guard_recovery_active,2.5,0,0,False,False,57,28,6,6,28,False,1,28,28,0,0,0,0.044304,0.064254,False,0,68.041,176,154,127,108,36.289,31.753,1787766819.62,,,,,,,,,,,,,,,,,,,,,,,25010.30745341615,29.99261201863354,18.96130195652174,11.029359099378883,2.4205062236024846,59.013,80.17386389888958,3.0582411952290496,24.64768381736297,1,0,True,,0,3455.91015625,3431.9326171875,0.0,5045.06640625,1060.1875,6977.55859375,102.33203125,0.0,0.0,../../tmp/final_generalization_n5_artifacts_20260827/seed6_run4_adaptive.attempt1.memory.csv,True,True,../../tmp/final_generalization_n5_artifacts_20260827/seed6_run4_adaptive.attempt1.performance.csv,2,324,,
seed6,4,full,87,3,,strict-burst,direct,True,True,,,,,,,,,,,,,0,0,0,0,0,2,3,0,0,0,0,0,0,0,20,20,0,0,0,15,4,0,18,20,19.288511276245117,0.9644255638122559,1.505127191543579,,,,,,,,,,,,,,,,,,,,,,,,,,,,,,,70.66,5,5,0,0.408,True,635500,0,0.426,0.226,,,,,,,0,,,,,,,,,,,../../tmp/final_generalization_n5_artifacts_20260827/seed6_run4_full.json,7065,6151,1.371,-0.508,1.687,-25.82,24.025,-25.35,26.193,231.993,7.0,7.003168,7.003168,6.999685,7.0,0.01,True,0,0,0,,,,,,1.462,,,,,,,0,,,,,,,,,,,,,,,,,,,,,,,,,,,,,,,,,,,,,,,,,,,,,,,,,,,,,,,,,,,,,,,,,,,,,,,,,,,,,,,,,,,,,,,,,,,,,,,,,,,,,,,,,,,,,,,,,,,,,,,,,,,,,,,,,,,,,,,,,,,,,,,,,,,,,,,,,,,,,,,,,,,,,,,,,,,,,,,,,,,,,,,,,,,,,,,,,,,,,,,,,,,,,,,,,,,,,,,,,,,,,,,,,30559.921760391197,38.624910024449875,25.363909535452322,13.259020073349634,2.324541567237164,,99.29088861715546,,24.42384732801488,1,0,True,,0,3457.1640625,3434.134765625,0.0,5097.46875,1060.1875,6918.88671875,102.33203125,0.0,0.0,../../tmp/final_generalization_n5_artifacts_20260827/seed6_run4_full.attempt1.memory.csv,True,True,../../tmp/final_generalization_n5_artifacts_20260827/seed6_run4_full.attempt1.performance.csv,5,414,,
seed6,5,adaptive,88,1,,strict-burst,cpp,True,True,,,,,,,,,,,,,0,30,30,30,0,4,4,0,0,0,0,0,0,0,30,49,0,0,0,17,11,0,27,30,27.24996542930603,0.9083321809768676,1.4510993957519531,,,,,,,,,,,,,,,,,,,,,,,,,,,,,,,76.74,5,5,0,0.395,True,635500,0,0.372,0.172,,,,,,,0,,,,,,,,,,,../../tmp/final_generalization_n5_artifacts_20260827/seed6_run5_adaptive.json,7674,6539,0.899,-1.155,1.445,-24.614,24.098,-26.53,28.985,231.656,6.996,7.001247,7.001247,6.996177,7.0,0.01,True,0,0,0,,,,,,0.0,1787766992.61918,2.941,3.756,1787767005.374482,22.637,19.111,0,,,,,,,,,,,,,,,,,,,,,,,,,,,,,,,,,,,,,,,,,,,,,,,,,,,,,,,,,,,,,,,,,,,,,,,,,,60,True,0.6,1.2,1.5,2,1.5,437,308,129,5,/rog_map/commit_version,0.12,0.1,0.25,0,True,/rog_map/cloud_process_ack,/sector/full_refresh_request,297,297,32,68,68,False,0,1,68,0,0,0,68,False,98,98,0,297,0,297,1787767069067607021,297,0,0.353402,0.652796,0.047932,0.094236,0.179251,1.173284,6000,1423534,757936,70.481,12393657,7522049,60.693,True,56.522,False,73.913,80.632,False,0.6,1.4,1.5,0.2,3,2.881441,1,0,0,1787767025.99,1787767025.99,1787767026.12,,,,,,30,1.03996,0,True,True,False,0.6,1.4,3,15,False,22,22,8,8,13.272,418,226,9,1787766992.62,1787766992.62,/planning/trajectory_guard_recovery_active,2.5,0,0,False,False,61,30,4,4,30,False,1,30,30,0,0,0,0.049071,0.074222,False,0,70.252,145,162,115,116,33.181,37.071,1787766993.21,,,,,,,,,,,,,,,,,,,,,,,25194.135135135137,29.754992466216216,18.605632263513513,11.14725527027027,2.5208733445945946,60.693,75.56935824864118,3.0662881276107377,23.227909359893722,1,0,True,,0,3423.05859375,3398.8984375,0.0,5039.40625,1060.1875,6962.03125,102.33203125,0.0,0.0,../../tmp/final_generalization_n5_artifacts_20260827/seed6_run5_adaptive.attempt1.memory.csv,True,True,../../tmp/final_generalization_n5_artifacts_20260827/seed6_run5_adaptive.attempt1.performance.csv,1,297,,
seed6,5,full,89,2,,strict-burst,direct,True,True,,,,,,,,,,,,,0,0,0,0,0,5,5,0,0,0,0,0,0,0,26,67,0,0,0,10,15,0,22,26,20.666831493377686,0.7948781343606802,1.811176061630249,,,,,,,,,,,,,,,,,,,,,,,,,,,,,,,75.62,5,5,0,0.395,True,635500,0,0.481,0.281,,,,,,,0,,,,,,,,,,,../../tmp/final_generalization_n5_artifacts_20260827/seed6_run5_full.json,7562,6767,0.6,-1.374,1.67,-25.788,24.025,-24.99,26.095,230.051,7.0,7.002467,7.002467,7.000136,7.0,0.01,True,0,0,0,,,,,,1.004,,,,,,,0,,,,,,,,,,,,,,,,,,,,,,,,,,,,,,,,,,,,,,,,,,,,,,,,,,,,,,,,,,,,,,,,,,,,,,,,,,,,,,,,,,,,,,,,,,,,,,,,,,,,,,,,,,,,,,,,,,,,,,,,,,,,,,,,,,,,,,,,,,,,,,,,,,,,,,,,,,,,,,,,,,,,,,,,,,,,,,,,,,,,,,,,,,,,,,,,,,,,,,,,,,,,,,,,,,,,,,,,,,,,,,,,,27982.02505694761,39.682001822323464,26.37699658314351,13.303108018223234,2.204793170842825,,96.68677429274429,,24.264678031728625,1,0,True,,0,3457.93359375,3435.0869140625,0.0,4950.65234375,1060.1875,6914.31640625,102.33203125,0.0,0.0,../../tmp/final_generalization_n5_artifacts_20260827/seed6_run5_full.attempt1.memory.csv,True,True,../../tmp/final_generalization_n5_artifacts_20260827/seed6_run5_full.attempt1.performance.csv,3,442,,
seed6,5,sector,90,3,,strict-burst,cpp,True,True,,,,,,,,,,,,,0,0,0,0,0,3,3,0,0,0,0,0,0,0,14,35,0,3,0,6,8,0,10,14,14.958413124084473,1.068458080291748,4.599043846130371,,,,,,,,,,,,,,,,,,,,,,,,,,,,,,,72.25,5,5,0,0.405,True,635500,0,0.453,0.253,,,,,,,0,,,,,,,,,,,../../tmp/final_generalization_n5_artifacts_20260827/seed6_run5_sector.json,7224,6396,0.927,-1.17,2.15,-27.427,24.025,-26.392,27.323,231.79,7.001,7.002943,7.002943,7.000914,7.0,0.01,True,0,0,0,,,,,,0.0,,,,,,,0,,,,,,,,,,,,,,,,,,,,,,,,,,,,,,,,,,,,,,,,,,,,,,,,,,,,,,,,,,,,,,,,,,,,,,,,,,60,True,0.6,1.2,1.5,2,0.2,474,474,0,0,/rog_map/commit_version,0.12,0.1,0,0,False,/rog_map/cloud_process_ack,/sector/full_refresh_request,0,0,0,0,0,False,0,0,0,0,0,0,0,False,0,0,0,0,0,0,0,0,0,0,0,0,0,0,0,6000,0,0,100,13563990,6883230,50.746,False,0,False,0,0,False,0,0,1.5,0,1.5,1.5,0,0,0,,,,,,,,,0,0,,False,False,False,0,0,5,15,False,0,0,0,0,0,0,0,0,,,/planning/trajectory_guard_recovery_active,2.5,0,0,False,False,0,0,0,0,0,False,0,0,0,0,0,0,0,0,False,0,0,0,0,0,0,0,0,,,,,,,,,,,,,,,,,,,,,,,,15008.917777777779,14.185048244444443,9.486835333333334,4.696449444444444,1.1825147422222222,50.746,90.72215352674702,2.8685275475312895,26.68480107154583,1,0,True,,0,3323.33984375,3299.103515625,0.0,5151.77734375,1060.1875,6855.09765625,102.33203125,0.0,0.0,../../tmp/final_generalization_n5_artifacts_20260827/seed6_run5_sector.attempt1.memory.csv,True,True,../../tmp/final_generalization_n5_artifacts_20260827/seed6_run5_sector.attempt1.performance.csv,0,450,,
seed7,1,full,91,1,,strict-burst,direct,True,True,,,,,,,,,,,,,0,0,0,0,0,9,10,0,0,0,0,0,0,0,43,62,0,0,0,26,15,0,39,43,41.328713178634644,0.9611328646194103,2.0317203998565674,,,,,,,,,,,,,,,,,,,,,,,,,,,,,,,88.4,5,5,0,0.391,True,838860,0,0.474,0.274,,,,,,,0,,,,,,,,,,,../../tmp/final_generalization_n5_artifacts_20260827/seed7_run1_full.json,8840,8030,0.701,-1.308,1.303,-25.977,24.123,-25.43,26.236,232.101,7.0,7.000487,7.000487,7.000476,7.0,0.01,True,0,0,0,,,,,,0.0,,,,,,,0,,,,,,,,,,,,,,,,,,,,,,,,,,,,,,,,,,,,,,,,,,,,,,,,,,,,,,,,,,,,,,,,,,,,,,,,,,,,,,,,,,,,,,,,,,,,,,,,,,,,,,,,,,,,,,,,,,,,,,,,,,,,,,,,,,,,,,,,,,,,,,,,,,,,,,,,,,,,,,,,,,,,,,,,,,,,,,,,,,,,,,,,,,,,,,,,,,,,,,,,,,,,,,,,,,,,,,,,,,,,,,,,,35219.257894736846,36.44618894736843,24.25604605263158,12.188083578947369,2.430292963157895,,72.51915011096183,,25.557744530443966,1,0,True,,0,3452.32421875,3429.4677734375,0.0,5016.37890625,1060.1875,6989.94140625,102.33203125,0.0,0.0,../../tmp/final_generalization_n5_artifacts_20260827/seed7_run1_full.attempt1.memory.csv,True,True,../../tmp/final_generalization_n5_artifacts_20260827/seed7_run1_full.attempt1.performance.csv,1,381,,
seed7,1,sector,92,2,,strict-burst,cpp,False,True,,,,,,,,,,,,,0,0,0,0,0,4,6,0,0,0,0,0,0,0,16,2273,0,1,0,8,7,0,14,16,14.868410348892212,0.9292756468057632,3.2116827964782715,,,,,,,,,,,,,,,,,,,,,,,,,,,,,,,300.01,4,5,0,0.331,True,838860,0,0.33,0.13,,,,,,,0,,,,,,,,,,,../../tmp/final_generalization_n5_artifacts_20260827/seed7_run1_sector.json,30000,29105,21.687,-21.107,1.85,-25.879,24.025,-27.622,25.821,207.18,7.001,7.001424,7.001424,7.001102,7.0,0.01,True,0,0,0,,,,,,0.827,,,,,,,0,,,,,,,,,,,,,,,,,,,,,,,,,,,,,,,,,,,,,,,,,,,,,,,,,,,,,,,,,,,,,,,,,,,,,,,,,,60,True,0.6,1.2,1.5,2,0.2,1900,1900,0,0,/rog_map/commit_version,0.12,0.1,0,0,False,/rog_map/cloud_process_ack,/sector/full_refresh_request,0,0,0,0,0,False,0,0,0,0,0,0,0,False,0,0,0,0,0,0,0,0,0,0,0,0,0,0,0,6000,0,0,100,89729205,74259540,82.76,False,0,False,0,0,False,0,0,1.5,0,1.5,1.5,0,0,0,,,,,,,,,0,0,,False,False,False,0,0,5,15,False,0,0,0,0,0,0,0,0,,,/planning/trajectory_guard_recovery_active,2.5,0,0,False,False,0,0,0,0,0,False,0,0,0,0,0,0,0,0,False,0,0,0,0,0,0,0,0,,,,,,,,,,,,,,,,,,,,,,,,39241.85351665785,14.545594156530935,11.351744859862507,3.1918305235325226,0.25748582919090424,82.76,34.233862827007584,4.643600127683385,25.936797977698138,1,0,True,,0,3301.30859375,3277.3369140625,0.0,5118.90625,1059.6875,6879.2578125,102.33203125,0.0,0.0,../../tmp/final_generalization_n5_artifacts_20260827/seed7_run1_sector.attempt1.memory.csv,True,True,../../tmp/final_generalization_n5_artifacts_20260827/seed7_run1_sector.attempt1.performance.csv,2,1893,,
seed7,1,adaptive,93,3,,strict-burst,cpp,True,True,,,,,,,,,,,,,0,34,34,34,0,5,5,0,0,0,0,0,0,0,34,29,0,0,0,22,7,0,27,34,33.43087148666382,0.9832609260783476,1.7504851818084717,,,,,,,,,,,,,,,,,,,,,,,,,,,,,,,80.8,5,5,0,0.359,True,838860,0,0.429,0.229,,,,,,,0,,,,,,,,,,,../../tmp/final_generalization_n5_artifacts_20260827/seed7_run1_adaptive.json,8080,7249,1.016,-1.087,1.654,-25.526,24.025,-27.722,26.993,234.139,7.0,7.001037,7.001037,7.000175,7.0,0.01,True,0,0,0,,,,,,0.539,1787767662.361079,13.802,14.765,1787767661.53831,10.5,13.057,0,,,,,,,,,,,,,,,,,,,,,,,,,,,,,,,,,,,,,,,,,,,,,,,,,,,,,,,,,,,,,,,,,,,,,,,,,,60,True,0.6,1.2,1.5,2,1.5,407,312,95,5,/rog_map/commit_version,0.12,0.1,0.25,0,True,/rog_map/cloud_process_ack,/sector/full_refresh_request,309,309,35,80,80,False,0,1,80,0,0,0,80,False,114,114,0,309,0,309,1787767737938535654,309,1,0.342879,0.761029,0.046946,0.119011,0.190817,1.176079,6000,1829361,831867,76.658,14566201,9502161,65.234,True,44.717,True,86.486,87.756,True,0.6,1.4,1.5,0.2,3,2.89632,1,1,0,1787767704.18,1787767704.18,1787767704.24,1787767732.73,1787767733.93,1.200161,,,22,1.200161,0,True,True,False,0.6,1.4,3,15,False,23,23,10,9,17.936,430,235,8,1787767656.96,1787767656.96,/planning/trajectory_guard_recovery_active,2.5,0,0,True,True,68,34,7,6,34,False,1,34,34,0,0,0,0.045973,0.084718,False,0,82.801,168,169,136,126,41.278,41.523,1787767657.21,,,,,,,,,,,,,,,,,,,,,,,30936.86928104575,29.54728251633987,18.747310326797383,10.79807359477124,2.583469274509804,65.234,71.73562159010456,3.078847848818522,23.905747328125738,1,0,True,,0,3422.16796875,3398.294921875,0.0,5011.671875,1059.6875,7004.94921875,102.33203125,0.0,0.0,../../tmp/final_generalization_n5_artifacts_20260827/seed7_run1_adaptive.attempt1.memory.csv,True,True,../../tmp/final_generalization_n5_artifacts_20260827/seed7_run1_adaptive.attempt1.performance.csv,3,309,,
seed7,2,sector,94,1,,strict-burst,cpp,True,True,,,,,,,,,,,,,0,0,0,0,0,5,6,0,0,0,0,0,0,0,44,81,0,0,0,24,19,0,37,44,37.874765157699585,0.8607901172204451,1.8594629764556885,,,,,,,,,,,,,,,,,,,,,,,,,,,,,,,86.83,5,5,0,0.362,True,838860,0,0.424,0.224,,,,,,,0,,,,,,,,,,,../../tmp/final_generalization_n5_artifacts_20260827/seed7_run2_sector.json,8682,7876,-0.026,-1.481,2.101,-24.298,24.06,-25.002,26.011,237.686,6.999,7.00025,7.00025,6.99942,7.0,0.01,True,0,0,0,,,,,,0.827,,,,,,,0,,,,,,,,,,,,,,,,,,,,,,,,,,,,,,,,,,,,,,,,,,,,,,,,,,,,,,,,,,,,,,,,,,,,,,,,,,60,True,0.6,1.2,1.5,2,0.2,418,418,0,0,/rog_map/commit_version,0.12,0.1,0,0,False,/rog_map/cloud_process_ack,/sector/full_refresh_request,0,0,0,0,0,False,0,0,0,0,0,0,0,False,0,0,0,0,0,0,0,0,0,0,0,0,0,0,0,6000,0,0,100,15206929,8535936,56.132,False,0,False,0,0,False,0,0,1.5,0,1.5,1.5,0,0,0,,,,,,,,,0,0,,False,False,False,0,0,5,15,False,0,0,0,0,0,0,0,0,,,/planning/trajectory_guard_recovery_active,2.5,0,0,False,False,0,0,0,0,0,False,0,0,0,0,0,0,0,0,False,0,0,0,0,0,0,0,0,,,,,,,,,,,,,,,,,,,,,,,,20886.804938271605,14.783840839506173,10.094029802469136,4.687961111111111,1.2540338567901235,56.132,66.05227380575464,2.997160521928751,25.18679991421719,1,0,True,,0,3314.37890625,3290.345703125,0.0,5127.52734375,1059.6875,6855.296875,102.33203125,0.0,0.0,../../tmp/final_generalization_n5_artifacts_20260827/seed7_run2_sector.attempt1.memory.csv,True,True,../../tmp/final_generalization_n5_artifacts_20260827/seed7_run2_sector.attempt1.performance.csv,2,407,,
seed7,2,adaptive,95,2,,strict-burst,cpp,True,True,,,,,,,,,,,,,0,32,32,32,0,5,5,0,0,0,0,0,0,0,32,73,0,0,0,14,16,0,25,32,27.969743013381958,0.8740544691681862,1.6703035831451416,,,,,,,,,,,,,,,,,,,,,,,,,,,,,,,78.71,5,5,0,0.43,True,838860,0,0.454,0.254,,,,,,,0,,,,,,,,,,,../../tmp/final_generalization_n5_artifacts_20260827/seed7_run2_adaptive.json,7870,7049,1.088,-0.956,1.401,-25.648,24.025,-25.048,26.914,228.094,7.0,7.003271,7.003271,7.000283,7.0,0.01,True,0,0,0,,,,,,1.449,1787767846.21111,5.079,5.363,1787767845.973722,4.546,5.133,0,,,,,,,,,,,,,,,,,,,,,,,,,,,,,,,,,,,,,,,,,,,,,,,,,,,,,,,,,,,,,,,,,,,,,,,,,,60,True,0.6,1.2,1.5,2,1.5,369,275,94,5,/rog_map/commit_version,0.12,0.1,0.25,0,True,/rog_map/cloud_process_ack,/sector/full_refresh_request,268,268,24,79,79,False,0,1,79,0,0,0,79,False,111,111,0,268,0,268,1787767924071008221,268,1,0.359192,0.763145,0.052588,0.10467,0.209155,1.467499,6000,1295901,617388,74.526,13493289,8623789,63.912,False,0,False,76.152,79.609,False,0.6,1.4,1.5,0.2,3,2.89901,0,0,0,,,,,,,,,0,0,,True,True,False,0.6,1.4,3,15,False,22,22,10,10,13.55,429,224,10,1787767845.3,1787767845.3,/planning/trajectory_guard_recovery_active,2.5,0,0,False,False,65,32,5,5,32,False,1,32,32,0,0,0,0.051332,0.080634,False,0,71.003,107,155,92,113,28.997,42.005,1787767846.21,,,,,,,,,,,,,,,,,,,,,,,32122.082397003745,33.08507116104869,20.62551531835206,12.457737528089888,3.1986441610486893,63.912,77.95275037298997,3.097592145985539,26.597931634192143,1,0,True,,0,3406.75390625,3382.7490234375,0.0,5058.546875,1059.6875,6928.12109375,102.33203125,0.0,0.0,../../tmp/final_generalization_n5_artifacts_20260827/seed7_run2_adaptive.attempt1.memory.csv,True,True,../../tmp/final_generalization_n5_artifacts_20260827/seed7_run2_adaptive.attempt1.performance.csv,1,268,,
seed7,2,full,96,3,,strict-burst,direct,True,True,,,,,,,,,,,,,0,0,0,0,0,11,16,0,0,0,0,0,0,0,30,76,0,0,0,10,18,0,24,30,27.310357809066772,0.9103452603022257,2.940101385116577,,,,,,,,,,,,,,,,,,,,,,,,,,,,,,,82.35,5,5,0,0.388,True,838860,0,0.424,0.224,,,,,,,0,,,,,,,,,,,../../tmp/final_generalization_n5_artifacts_20260827/seed7_run2_full.json,8235,7593,1.225,-0.792,1.744,-28.092,24.027,-25.613,25.777,236.919,7.0,7.002066,7.002066,7.000201,7.0,0.01,True,0,0,0,,,,,,1.458,,,,,,,0,,,,,,,,,,,,,,,,,,,,,,,,,,,,,,,,,,,,,,,,,,,,,,,,,,,,,,,,,,,,,,,,,,,,,,,,,,,,,,,,,,,,,,,,,,,,,,,,,,,,,,,,,,,,,,,,,,,,,,,,,,,,,,,,,,,,,,,,,,,,,,,,,,,,,,,,,,,,,,,,,,,,,,,,,,,,,,,,,,,,,,,,,,,,,,,,,,,,,,,,,,,,,,,,,,,,,,,,,,,,,,,,,37440.395348837206,37.19492299741602,24.635524547803616,12.557326279069768,2.525109281653747,,85.56921490329965,,23.214115888872552,1,0,True,,0,3458.296875,3435.22265625,0.0,4973.9140625,1059.4375,7009.41015625,102.32421875,0.0,0.0,../../tmp/final_generalization_n5_artifacts_20260827/seed7_run2_full.attempt1.memory.csv,True,True,../../tmp/final_generalization_n5_artifacts_20260827/seed7_run2_full.attempt1.performance.csv,1,388,,
seed7,3,adaptive,97,1,,strict-burst,cpp,True,True,,,,,,,,,,,,,0,50,50,50,0,5,6,0,0,0,0,0,0,0,50,82,0,0,0,28,18,0,44,49,44.579097509384155,0.9097775001915134,2.0474495887756348,,,,,,,,,,,,,,,,,,,,,,,,,,,,,,,87.81,5,5,0,0.375,True,838860,0,0.424,0.224,,,,,,,0,,,,,,,,,,,../../tmp/final_generalization_n5_artifacts_20260827/seed7_run3_adaptive.json,8781,7981,1.23,-0.825,1.237,-25.595,24.025,-27.541,25.902,228.907,6.999,7.002654,7.002654,6.998708,7.0,0.01,True,0,0,0,,,,,,1.481,1787768081.501093,-20.228,-24.973,1787768080.642508,-23.975,-23.975,0,,,,,,,,,,,,,,,,,,,,,,,,,,,,,,,,,,,,,,,,,,,,,,,,,,,,,,,,,,,,,,,,,,,,,,,,,,60,True,0.6,1.2,1.5,2,1.5,359,293,66,5,/rog_map/commit_version,0.12,0.1,0.25,0,True,/rog_map/cloud_process_ack,/sector/full_refresh_request,292,292,26,86,86,False,0,1,86,0,0,0,86,False,136,136,0,292,0,292,1787768115942791884,292,0,0.361363,0.573851,0.046236,0.118773,0.230405,1.071483,6000,1515557,731090,81.616,12820019,9279910,72.386,False,0,True,94.429,96.778,False,0.6,1.4,1.5,0.2,3,2.897166,0,0,0,,,,,,,,,0,0,,True,True,False,0.6,1.4,3,15,False,22,22,3,2,13.649,370,186,6,1787768027.38,1787768027.38,/planning/trajectory_guard_recovery_active,2.5,0,0,True,True,100,50,3,2,50,False,1,50,50,0,0,0,0.047783,0.077097,False,0,94.429,208,131,172,106,57.939,36.49,1787768027.38,,,,,,,,,,,,,,,,,,,,,,,31938.65172413793,31.700688586206894,19.926378413793103,11.77249127586207,2.8194207103448274,72.386,62.1968903219464,3.013672092981959,26.167496640058438,1,0,True,,0,3433.8515625,3409.6689453125,0.0,5041.8984375,1059.4375,6960.1796875,102.32421875,0.0,0.0,../../tmp/final_generalization_n5_artifacts_20260827/seed7_run3_adaptive.attempt1.memory.csv,True,True,../../tmp/final_generalization_n5_artifacts_20260827/seed7_run3_adaptive.attempt1.performance.csv,2,292,,
seed7,3,full,98,2,,strict-burst,direct,True,True,,,,,,,,,,,,,0,0,0,0,0,8,12,0,0,0,0,0,0,0,37,59,0,0,0,22,14,0,34,37,37.268747329711914,1.0072634413435653,5.5709333419799805,,,,,,,,,,,,,,,,,,,,,,,,,,,,,,,85.47,5,5,0,0.357,True,838860,0,0.358,0.158,,,,,,,0,,,,,,,,,,,../../tmp/final_generalization_n5_artifacts_20260827/seed7_run3_full.json,8546,7546,1.318,-0.674,1.7,-25.945,24.279,-25.548,27.218,235.614,6.999,7.003225,7.003225,6.9989,7.0,0.01,True,0,0,0,,,,,,0.899,,,,,,,0,,,,,,,,,,,,,,,,,,,,,,,,,,,,,,,,,,,,,,,,,,,,,,,,,,,,,,,,,,,,,,,,,,,,,,,,,,,,,,,,,,,,,,,,,,,,,,,,,,,,,,,,,,,,,,,,,,,,,,,,,,,,,,,,,,,,,,,,,,,,,,,,,,,,,,,,,,,,,,,,,,,,,,,,,,,,,,,,,,,,,,,,,,,,,,,,,,,,,,,,,,,,,,,,,,,,,,,,,,,,,,,,,37375.75461741425,36.60142691292876,24.131954353562005,12.467468733509236,2.503677920844327,,77.58818653132926,,25.0145651734456,1,0,True,,0,3448.8046875,3425.7919921875,0.0,5050.80859375,1059.4375,6946.03125,102.32421875,0.0,0.0,../../tmp/final_generalization_n5_artifacts_20260827/seed7_run3_full.attempt1.memory.csv,True,True,../../tmp/final_generalization_n5_artifacts_20260827/seed7_run3_full.attempt1.performance.csv,3,382,,
seed7,3,sector,99,3,,strict-burst,cpp,True,True,,,,,,,,,,,,,0,0,0,0,0,3,3,0,0,0,0,0,0,0,15,53,0,0,0,2,11,0,7,15,12.998120069503784,0.8665413379669189,4.24858832359314,,,,,,,,,,,,,,,,,,,,,,,,,,,,,,,65.16,5,5,0,0.39,True,838860,0,0.493,0.293,,,,,,,0,,,,,,,,,,,../../tmp/final_generalization_n5_artifacts_20260827/seed7_run3_sector.json,6515,5620,0.878,-1.178,1.886,-26.95,24.025,-25.516,24.622,231.189,7.001,7.005403,7.005403,7.001327,7.0,0.01,True,0,0,0,,,,,,1.422,,,,,,,0,,,,,,,,,,,,,,,,,,,,,,,,,,,,,,,,,,,,,,,,,,,,,,,,,,,,,,,,,,,,,,,,,,,,,,,,,,60,True,0.6,1.2,1.5,2,0.2,391,391,0,0,/rog_map/commit_version,0.12,0.1,0,0,False,/rog_map/cloud_process_ack,/sector/full_refresh_request,0,0,0,0,0,False,0,0,0,0,0,0,0,False,0,0,0,0,0,0,0,0,0,0,0,0,0,0,0,6000,0,0,100,14448977,7800404,53.986,False,0,False,0,0,False,0,0,1.5,0,1.5,1.5,0,0,0,,,,,,,,,0,0,,False,False,False,0,0,5,15,False,0,0,0,0,0,0,0,0,,,/planning/trajectory_guard_recovery_active,2.5,0,0,False,False,0,0,0,0,0,False,0,0,0,0,0,0,0,0,False,0,0,0,0,0,0,0,0,,,,,,,,,,,,,,,,,,,,,,,,20394.46701846966,15.147097704485487,10.035033984168866,5.110157907651715,1.4637486886543536,53.986,90.80773982910642,3.02666368385801,25.969780433022414,1,0,True,,0,3310.640625,3286.4375,0.0,5112.34765625,1059.4375,6884.9375,102.32421875,0.0,0.0,../../tmp/final_generalization_n5_artifacts_20260827/seed7_run3_sector.attempt1.memory.csv,True,True,../../tmp/final_generalization_n5_artifacts_20260827/seed7_run3_sector.attempt1.performance.csv,2,381,,
seed7,4,full,100,1,,strict-burst,direct,True,True,,,,,,,,,,,,,0,0,0,0,0,12,12,0,0,0,0,0,0,0,20,62,0,0,0,7,13,0,14,20,19.468594312667847,0.9734297156333923,2.113386631011963,,,,,,,,,,,,,,,,,,,,,,,,,,,,,,,76.6,5,5,0,0.396,True,838860,0,0.453,0.253,,,,,,,0,,,,,,,,,,,../../tmp/final_generalization_n5_artifacts_20260827/seed7_run4_full.json,7659,6870,-0.481,-1.416,1.618,-25.69,24.025,-27.501,25.735,230.086,7.0,7.000976,7.000977,6.999529,7.0,0.01,True,0,0,0,,,,,,1.496,,,,,,,0,,,,,,,,,,,,,,,,,,,,,,,,,,,,,,,,,,,,,,,,,,,,,,,,,,,,,,,,,,,,,,,,,,,,,,,,,,,,,,,,,,,,,,,,,,,,,,,,,,,,,,,,,,,,,,,,,,,,,,,,,,,,,,,,,,,,,,,,,,,,,,,,,,,,,,,,,,,,,,,,,,,,,,,,,,,,,,,,,,,,,,,,,,,,,,,,,,,,,,,,,,,,,,,,,,,,,,,,,,,,,,,,,36872.97596153846,38.63828557692308,25.844396394230767,12.791965024038461,2.531692110576923,,100.78173925214165,,24.59259519851775,1,0,True,,0,3460.93359375,3437.9677734375,0.0,4865.16015625,1059.4375,7027.1328125,102.32421875,0.0,0.0,../../tmp/final_generalization_n5_artifacts_20260827/seed7_run4_full.attempt1.memory.csv,True,True,../../tmp/final_generalization_n5_artifacts_20260827/seed7_run4_full.attempt1.performance.csv,2,418,,
seed7,4,sector,101,2,,strict-burst,cpp,True,True,,,,,,,,,,,,,0,0,0,0,0,10,12,0,0,0,0,0,0,0,28,82,0,2,0,9,18,0,16,28,22.22445321083069,0.7937304718153817,1.8942527770996094,,,,,,,,,,,,,,,,,,,,,,,,,,,,,,,76.11,5,5,0,0.383,True,838860,0,0.41,0.21,,,,,,,0,,,,,,,,,,,../../tmp/final_generalization_n5_artifacts_20260827/seed7_run4_sector.json,7610,6867,1.167,-0.889,1.739,-26.486,24.025,-25.05,25.796,232.36,7.0,7.002073,7.002074,6.999889,7.0,0.01,True,0,0,0,,,,,,1.467,,,,,,,0,,,,,,,,,,,,,,,,,,,,,,,,,,,,,,,,,,,,,,,,,,,,,,,,,,,,,,,,,,,,,,,,,,,,,,,,,,60,True,0.6,1.2,1.5,2,0.2,446,446,0,0,/rog_map/commit_version,0.12,0.1,0,0,False,/rog_map/cloud_process_ack,/sector/full_refresh_request,0,0,0,0,0,False,0,0,0,0,0,0,0,False,0,0,0,0,0,0,0,0,0,0,0,0,0,0,0,6000,0,0,100,17595704,9770099,55.525,False,0,False,0,0,False,0,0,1.5,0,1.5,1.5,0,0,0,,,,,,,,,0,0,,False,False,False,0,0,5,15,False,0,0,0,0,0,0,0,0,,,/planning/trajectory_guard_recovery_active,2.5,0,0,False,False,0,0,0,0,0,False,0,0,0,0,0,0,0,0,False,0,0,0,0,0,0,0,0,,,,,,,,,,,,,,,,,,,,,,,,22124.26818181818,14.131723386363635,9.695418431818183,4.434490854545454,1.2287574681818183,55.525,82.30782352556267,3.052851609611652,25.61895044174571,1,0,True,,0,3304.05078125,3279.87109375,0.0,5141.88671875,1059.4375,6896.31640625,102.32421875,0.0,0.0,../../tmp/final_generalization_n5_artifacts_20260827/seed7_run4_sector.attempt1.memory.csv,True,True,../../tmp/final_generalization_n5_artifacts_20260827/seed7_run4_sector.attempt1.performance.csv,1,441,,
seed7,4,adaptive,102,3,,strict-burst,cpp,True,True,,,,,,,,,,,,,0,31,31,31,0,14,33,0,0,0,0,0,0,0,31,84,0,1,0,11,18,0,22,31,37.997989654541016,1.2257416017593876,9.18496561050415,,,,,,,,,,,,,,,,,,,,,,,,,,,,,,,92.22,5,5,0,0.349,True,838860,0,0.363,0.163,,,,,,,0,,,,,,,,,,,../../tmp/final_generalization_n5_artifacts_20260827/seed7_run4_adaptive.json,9221,8019,0.838,-1.207,1.921,-25.71,24.025,-24.032,26.171,236.695,7.0,7.001647,7.001646,6.999771,7.0,0.01,True,0,0,0,,,,,,0.372,1787768472.651401,7.122,7.375,1787768471.674018,4.55,5.15,0,,,,,,,,,,,,,,,,,,,,,,,,,,,,,,,,,,,,,,,,,,,,,,,,,,,,,,,,,,,,,,,,,,,,,,,,,,60,True,0.6,1.2,1.5,2,1.5,473,349,124,5,/rog_map/commit_version,0.12,0.1,0.25,0,True,/rog_map/cloud_process_ack,/sector/full_refresh_request,345,345,39,100,100,False,0,1,100,0,0,0,100,False,131,131,0,345,0,345,1787768563573601742,345,1,0.355319,1.042615,0.045576,0.11087,0.191455,1.059941,6000,1843028,821977,73.784,17048620,10567013,61.982,False,0,True,80.55,84.166,False,0.6,1.4,1.5,0.2,3,2.896648,0,0,0,,,,,,,,,0,0,,True,True,False,0.6,1.4,3,15,False,33,33,12,11,18.182,524,292,11,1787768471.03,1787768471.03,/planning/trajectory_guard_recovery_active,2.5,0,0,False,True,63,31,7,6,31,False,1,31,31,0,0,0,0.049268,0.086615,False,0,76.11,183,177,145,131,38.689,37.421,1787768472.65,,,,,,,,,,,,,,,,,,,,,,,30632.191860465115,29.783976017441862,19.194487238372094,10.587700755813954,2.468476238372093,61.982,75.75363480809989,3.205172934888553,,1,0,True,,0,3464.87890625,3440.8544921875,0.0,5007.24609375,1059.4375,7049.296875,102.32421875,0.0,0.0,../../tmp/final_generalization_n5_artifacts_20260827/seed7_run4_adaptive.attempt1.memory.csv,True,True,../../tmp/final_generalization_n5_artifacts_20260827/seed7_run4_adaptive.attempt1.performance.csv,1,345,,
seed7,5,sector,103,1,,strict-burst,cpp,True,True,,,,,,,,,,,,,0,0,0,0,0,5,7,0,0,0,0,0,0,0,25,72,0,0,0,9,14,0,16,25,22.66667079925537,0.9066668319702148,3.3016412258148193,,,,,,,,,,,,,,,,,,,,,,,,,,,,,,,74.54,5,5,0,0.417,True,838860,0,0.44,0.24,,,,,,,0,,,,,,,,,,,../../tmp/final_generalization_n5_artifacts_20260827/seed7_run5_sector.json,7454,6860,0.9,-1.136,1.922,-25.571,24.025,-28.288,25.844,233.949,7.0,7.001032,7.001623,6.999684,7.0,0.01,True,0,0,0,,,,,,0.881,,,,,,,0,,,,,,,,,,,,,,,,,,,,,,,,,,,,,,,,,,,,,,,,,,,,,,,,,,,,,,,,,,,,,,,,,,,,,,,,,,60,True,0.6,1.2,1.5,2,0.2,379,379,0,0,/rog_map/commit_version,0.12,0.1,0,0,False,/rog_map/cloud_process_ack,/sector/full_refresh_request,0,0,0,0,0,False,0,0,0,0,0,0,0,False,0,0,0,0,0,0,0,0,0,0,0,0,0,0,0,6000,0,0,100,14202093,7660700,53.941,False,0,False,0,0,False,0,0,1.5,0,1.5,1.5,0,0,0,,,,,,,,,0,0,,False,False,False,0,0,5,15,False,0,0,0,0,0,0,0,0,,,/planning/trajectory_guard_recovery_active,2.5,0,0,False,False,0,0,0,0,0,False,0,0,0,0,0,0,0,0,False,0,0,0,0,0,0,0,0,,,,,,,,,,,,,,,,,,,,,,,,20561.054054054053,14.407873675675676,9.642632135135136,4.763422135135135,1.3846725756756757,53.941,79.61818510403792,2.8562696237903507,23.212481123626556,1,0,True,,0,3325.64453125,3301.6982421875,0.0,5193.63671875,1059.4375,6861.99609375,102.32421875,0.0,0.0,../../tmp/final_generalization_n5_artifacts_20260827/seed7_run5_sector.attempt1.memory.csv,True,True,../../tmp/final_generalization_n5_artifacts_20260827/seed7_run5_sector.attempt1.performance.csv,1,371,,
seed7,5,adaptive,104,2,,strict-burst,cpp,True,True,,,,,,,,,,,,,0,25,25,25,0,7,10,0,0,0,0,0,0,0,25,35,0,0,0,14,9,0,18,25,27.86087417602539,1.1144349670410156,2.5563459396362305,,,,,,,,,,,,,,,,,,,,,,,,,,,,,,,80.55,5,5,0,0.39,True,838860,0,0.452,0.252,,,,,,,0,,,,,,,,,,,../../tmp/final_generalization_n5_artifacts_20260827/seed7_run5_adaptive.json,8054,7107,1.292,-0.705,1.277,-25.822,24.611,-26.786,26.961,234.971,7.0,7.001236,7.001237,6.99964,7.0,0.01,True,0,0,0,,,,,,0.0,1787768659.135038,3.097,3.486,1787768659.830105,4.601,5.114,0,,,,,,,,,,,,,,,,,,,,,,,,,,,,,,,,,,,,,,,,,,,,,,,,,,,,,,,,,,,,,,,,,,,,,,,,,,60,True,0.6,1.2,1.5,2,1.5,437,318,119,5,/rog_map/commit_version,0.12,0.1,0.25,0,True,/rog_map/cloud_process_ack,/sector/full_refresh_request,310,310,24,91,91,False,0,1,91,0,0,0,91,False,116,116,0,310,0,310,1787768738926804987,310,0,0.345161,0.549283,0.049665,0.13,0.179142,0.935686,6000,1725730,832219,72.769,15357461,9491243,61.802,False,0,True,78.49,81.7,False,0.6,1.4,1.5,0.2,3,2.897716,0,0,0,,,,,,,,,0,0,,True,True,False,0.6,1.4,3,15,False,25,25,13,12,17.391,442,251,8,1787768659.13,1787768659.13,/planning/trajectory_guard_recovery_active,2.5,0,0,False,True,51,25,8,7,25,False,1,25,25,0,0,0,0.047385,0.06876,False,0,73.684,143,179,112,132,32.723,40.961,1787768660.7,,,,,,,,,,,,,,,,,,,,,,,30441.6,31.245497838709678,19.70279329032258,11.540454838709676,2.8322142096774194,61.802,79.30993154797417,3.0495523348184745,23.663759479671995,1,0,True,,0,3412.25,3387.8935546875,0.0,5024.33984375,1059.4375,7013.01171875,102.32421875,0.0,0.0,../../tmp/final_generalization_n5_artifacts_20260827/seed7_run5_adaptive.attempt1.memory.csv,True,True,../../tmp/final_generalization_n5_artifacts_20260827/seed7_run5_adaptive.attempt1.performance.csv,0,310,,
seed7,5,full,105,3,,strict-burst,direct,True,True,,,,,,,,,,,,,0,0,0,0,0,6,8,0,0,0,0,0,0,0,42,100,0,0,0,19,20,0,38,42,39.52918004989624,0.9411709535689581,2.2460122108459473,,,,,,,,,,,,,,,,,,,,,,,,,,,,,,,86.55,5,5,0,0.359,True,838860,0,0.443,0.243,,,,,,,0,,,,,,,,,,,../../tmp/final_generalization_n5_artifacts_20260827/seed7_run5_full.json,8654,7580,0.368,-1.435,1.948,-25.433,24.638,-24.617,27.11,236.015,7.0,7.000901,7.000901,6.999879,7.0,0.01,True,0,0,0,,,,,,1.481,,,,,,,0,,,,,,,,,,,,,,,,,,,,,,,,,,,,,,,,,,,,,,,,,,,,,,,,,,,,,,,,,,,,,,,,,,,,,,,,,,,,,,,,,,,,,,,,,,,,,,,,,,,,,,,,,,,,,,,,,,,,,,,,,,,,,,,,,,,,,,,,,,,,,,,,,,,,,,,,,,,,,,,,,,,,,,,,,,,,,,,,,,,,,,,,,,,,,,,,,,,,,,,,,,,,,,,,,,,,,,,,,,,,,,,,,35935.19373219373,37.22605327635328,24.59429230769231,12.62974586894587,2.6255468233618235,,75.4796577202461,,22.45176105798027,1,0,True,,0,3446.9765625,3424.0107421875,0.0,5030.55859375,1059.4375,7021.20703125,102.32421875,0.0,0.0,../../tmp/final_generalization_n5_artifacts_20260827/seed7_run5_full.attempt1.memory.csv,True,True,../../tmp/final_generalization_n5_artifacts_20260827/seed7_run5_full.attempt1.performance.csv,4,355,,
seed8,1,adaptive,106,1,,strict-burst,cpp,True,True,,,,,,,,,,,,,0,22,22,22,0,4,6,0,0,0,0,0,0,0,22,40,0,1,0,12,9,0,18,22,21.053136110305786,0.9569607322866266,1.8991317749023438,,,,,,,,,,,,,,,,,,,,,,,,,,,,,,,69.67,5,5,0,0.409,True,838860,0,0.486,0.286,,,,,,,0,,,,,,,,,,,../../tmp/final_generalization_n5_artifacts_20260827/seed8_run1_adaptive.json,6967,6200,1.053,-1.041,1.889,-29.86,24.025,-25.507,24.48,225.453,7.002,7.002673,7.002673,7.001954,7.0,0.01,True,0,0,0,,,,,,1.481,1787768849.396062,10.547,10.983,1787768847.426153,3.73,5.433,0,,,,,,,,,,,,,,,,,,,,,,,,,,,,,,,,,,,,,,,,,,,,,,,,,,,,,,,,,,,,,,,,,,,,,,,,,,60,True,0.6,1.2,1.5,2,1.5,415,297,118,5,/rog_map/commit_version,0.12,0.1,0.25,0,True,/rog_map/cloud_process_ack,/sector/full_refresh_request,289,289,36,75,75,False,0,1,75,0,0,0,75,False,97,97,0,289,0,289,1787768916621008659,289,1,0.334609,0.54947,0.05207,0.139325,0.167914,1.062515,6000,1271425,622284,71.566,13834009,7995348,57.795,True,23.855,False,69.157,74.366,False,0.6,1.4,1.5,0.2,3,2.899602,1,0,0,1787768902.86,1787768902.86,1787768903.01,,,,,,11,0.659979,0,True,True,False,0.6,1.4,3,15,False,23,23,13,13,18.554,395,245,9,1787768846.68,1787768846.68,/planning/trajectory_guard_recovery_active,2.5,0,0,False,False,45,22,7,7,22,False,1,22,22,0,0,0,0.052178,0.076354,False,0,62.169,109,149,86,106,26.265,35.904,1787768850.99,,,,,,,,,,,,,,,,,,,,,,,27536.56055363322,31.15073328719723,19.610018235294117,11.538768546712802,2.889386124567474,57.795,84.881362931804,3.1081273772515763,25.520122543230713,1,0,True,,0,3417.78515625,3393.677734375,0.0,5007.1640625,1059.4375,7022.5078125,102.32421875,0.0,0.0,../../tmp/final_generalization_n5_artifacts_20260827/seed8_run1_adaptive.attempt1.memory.csv,True,True,../../tmp/final_generalization_n5_artifacts_20260827/seed8_run1_adaptive.attempt1.performance.csv,0,289,,
seed8,1,full,107,2,,strict-burst,direct,True,True,,,,,,,,,,,,,0,0,0,0,0,7,8,0,0,0,0,0,0,0,21,43,0,1,0,12,9,0,16,21,24.434118509292603,1.1635294528234572,5.405117034912109,,,,,,,,,,,,,,,,,,,,,,,,,,,,,,,74.23,5,5,0,0.394,True,838860,0,0.439,0.239,,,,,,,0,,,,,,,,,,,../../tmp/final_generalization_n5_artifacts_20260827/seed8_run1_full.json,7422,6510,1.003,-1.048,1.803,-27.037,24.025,-25.329,26.203,231.983,6.999,7.001833,7.001833,6.999492,7.0,0.01,True,0,0,0,,,,,,1.451,,,,,,,0,,,,,,,,,,,,,,,,,,,,,,,,,,,,,,,,,,,,,,,,,,,,,,,,,,,,,,,,,,,,,,,,,,,,,,,,,,,,,,,,,,,,,,,,,,,,,,,,,,,,,,,,,,,,,,,,,,,,,,,,,,,,,,,,,,,,,,,,,,,,,,,,,,,,,,,,,,,,,,,,,,,,,,,,,,,,,,,,,,,,,,,,,,,,,,,,,,,,,,,,,,,,,,,,,,,,,,,,,,,,,,,,,33994.62560386473,41.39856594202899,27.547737198067633,13.848768816425121,2.6125502028985506,,98.51692078084415,,25.067932098056485,1,0,True,,0,3453.078125,3430.16796875,0.0,4883.5625,1059.4375,6977.953125,102.32421875,0.0,0.0,../../tmp/final_generalization_n5_artifacts_20260827/seed8_run1_full.attempt1.memory.csv,True,True,../../tmp/final_generalization_n5_artifacts_20260827/seed8_run1_full.attempt1.performance.csv,6,420,,
seed8,1,sector,108,3,,strict-burst,cpp,True,True,,,,,,,,,,,,,0,0,0,0,0,7,9,0,0,0,0,0,0,0,28,64,0,0,0,14,13,0,22,27,26.70269536972046,0.9889887173970541,2.087779998779297,,,,,,,,,,,,,,,,,,,,,,,,,,,,,,,74.66,5,5,1,0.002,True,838860,1,0.03,-0.17,,,,,,,2,live_cloud,13.5102,0.17958,19.58492088317871,23.576549530029297,2.246119976043701,6.62879,19.482040405273438,23.433839797973633,2.210099935531616,../../tmp/final_generalization_n5_artifacts_20260827/seed8_run1_sector.json,7465,6480,1.4,-0.499,1.199,-27.218,24.025,-25.727,24.044,223.968,7.0,7.000739,7.000739,6.999568,7.0,0.01,True,0,0,0,,,,,,0.0,,,,,,,0,,,,,,,,,,,,,,,,,,,,,,,,,,,,,,,,,,,,,,,,,,,,,,,,,,,,,,,,,,,,,,,,,,,,,,,,,,60,True,0.6,1.2,1.5,2,0.2,366,366,0,0,/rog_map/commit_version,0.12,0.1,0,0,False,/rog_map/cloud_process_ack,/sector/full_refresh_request,0,0,0,0,0,False,0,0,0,0,0,0,0,False,0,0,0,0,0,0,0,0,0,0,0,0,0,0,0,6000,0,0,100,11799733,5766370,48.869,False,0,False,0,0,False,0,0,1.5,0,1.5,1.5,0,0,0,,,,,,,,,0,0,,False,False,False,0,0,5,15,False,0,0,0,0,0,0,0,0,,,/planning/trajectory_guard_recovery_active,2.5,0,0,False,False,0,0,0,0,0,False,0,0,0,0,0,0,0,0,False,0,0,0,0,0,0,0,0,,,,,,,,,,,,,,,,,,,,,,,,16295.461318051575,15.340527564469914,10.18911693409742,5.149601604584528,1.429232283667622,48.869,75.0709659417433,2.808218341832211,25.045750913912745,1,0,True,,0,3317.5625,3293.5107421875,0.0,5182.9453125,1058.9375,6879.49609375,102.32421875,0.0,0.0,../../tmp/final_generalization_n5_artifacts_20260827/seed8_run1_sector.attempt1.memory.csv,True,True,../../tmp/final_generalization_n5_artifacts_20260827/seed8_run1_sector.attempt1.performance.csv,0,349,,
seed8,2,full,109,1,,strict-burst,direct,True,True,,,,,,,,,,,,,0,0,0,0,0,154,363,0,0,72,0,18,0,0,19,29,0,1,0,10,6,0,15,19,254.46079468727112,13.392673404593216,226.97395038604736,,,,,,,,,,,,,,,,,,,,,,,,,,,,,,,293.79,5,5,0,0.291,True,838860,0,0.379,0.179,,,,,,,0,,,,,,,,,,,../../tmp/final_generalization_n5_artifacts_20260827/seed8_run2_full.json,29377,28869,0.832,-1.158,1.568,-27.624,23.982,-25.615,24.486,228.758,7.0,7.00271,7.00271,7.000169,7.0,0.01,True,0,0,0,,,,,,1.426,,,,,,,0,,,,,,,,,,,,,,,,,,,,,,,,,,,,,,,,,,,,,,,,,,,,,,,,,,,,,,,,,,,,,,,,,,,,,,,,,,,,,,,,,,,,,,,,,,,,,,,,,,,,,,,,,,,,,,,,,,,,,,,,,,,,,,,,,,,,,,,,,,,,,,,,,,,,,,,,,,,,,,,,,,,,,,,,,,,,,,,,,,,,,,,,,,,,,,,,,,,,,,,,,,,,,,,,,,,,,,,,,,,,,,,,,45574.897959183676,24.491789795918365,17.847736111111114,6.641853435374149,0.5978313560090702,,48.00438927098881,,28.39724600669881,1,0,True,,0,3677.69921875,3654.9091796875,0.0,4866.16796875,1058.9375,7160.140625,102.32421875,0.0,0.0,../../tmp/final_generalization_n5_artifacts_20260827/seed8_run2_full.attempt1.memory.csv,True,True,../../tmp/final_generalization_n5_artifacts_20260827/seed8_run2_full.attempt1.performance.csv,3,1767,,
seed8,2,sector,110,2,,strict-burst,cpp,True,True,,,,,,,,,,,,,0,0,0,0,0,5,9,0,0,0,0,0,0,0,28,62,0,0,0,13,14,0,21,28,25.995381832122803,0.9284064940043858,2.0638749599456787,,,,,,,,,,,,,,,,,,,,,,,,,,,,,,,73.81,5,5,0,0.396,True,838860,0,0.484,0.284,,,,,,,0,,,,,,,,,,,../../tmp/final_generalization_n5_artifacts_20260827/seed8_run2_sector.json,7380,6391,1.305,-0.704,1.785,-27.739,24.025,-24.784,24.377,224.3,7.0,7.002271,7.002272,6.999796,7.0,0.01,True,0,0,0,,,,,,1.16,,,,,,,0,,,,,,,,,,,,,,,,,,,,,,,,,,,,,,,,,,,,,,,,,,,,,,,,,,,,,,,,,,,,,,,,,,,,,,,,,,60,True,0.6,1.2,1.5,2,0.2,362,362,0,0,/rog_map/commit_version,0.12,0.1,0,0,False,/rog_map/cloud_process_ack,/sector/full_refresh_request,0,0,0,0,0,False,0,0,0,0,0,0,0,False,0,0,0,0,0,0,0,0,0,0,0,0,0,0,0,6000,0,0,100,12040918,6014258,49.949,False,0,False,0,0,False,0,0,1.5,0,1.5,1.5,0,0,0,,,,,,,,,0,0,,False,False,False,0,0,5,15,False,0,0,0,0,0,0,0,0,,,/planning/trajectory_guard_recovery_active,2.5,0,0,False,False,0,0,0,0,0,False,0,0,0,0,0,0,0,0,False,0,0,0,0,0,0,0,0,,,,,,,,,,,,,,,,,,,,,,,,16813.637640449437,15.136447050561799,10.192160955056181,4.942466404494382,1.3472389606741573,49.949,75.63728023138916,2.800995012067173,25.30801187737657,1,0,True,,0,3296.86328125,3272.9091796875,0.0,5115.74609375,1058.9375,6919.30859375,102.32421875,0.0,0.0,../../tmp/final_generalization_n5_artifacts_20260827/seed8_run2_sector.attempt1.memory.csv,True,True,../../tmp/final_generalization_n5_artifacts_20260827/seed8_run2_sector.attempt1.performance.csv,1,357,,
seed8,2,adaptive,111,3,,strict-burst,cpp,True,True,,,,,,,,,,,,,0,39,39,39,0,2,2,0,0,0,0,0,0,0,39,51,0,0,0,23,12,0,34,39,35.316009521484375,0.9055387056790866,2.0503010749816895,,,,,,,,,,,,,,,,,,,,,,,,,,,,,,,81.3,5,5,0,0.346,True,838860,0,0.354,0.154,,,,,,,0,,,,,,,,,,,../../tmp/final_generalization_n5_artifacts_20260827/seed8_run2_adaptive.json,8129,7493,1.353,-0.548,1.971,-25.692,24.032,-25.616,24.989,231.877,6.993,7.001191,7.001191,6.992848,7.0,0.01,True,0,0,0,,,,,,1.459,1787769484.313213,3.372,4.716,1787769494.609099,23.957,23.987,0,,,,,,,,,,,,,,,,,,,,,,,,,,,,,,,,,,,,,,,,,,,,,,,,,,,,,,,,,,,,,,,,,,,,,,,,,,60,True,0.6,1.2,1.5,2,1.5,339,271,68,5,/rog_map/commit_version,0.12,0.1,0.25,0,True,/rog_map/cloud_process_ack,/sector/full_refresh_request,268,268,18,88,88,False,0,1,88,0,0,0,88,False,127,127,0,268,0,268,1787769565907728830,268,1,0.361617,1.159256,0.051109,0.130095,0.22572,1.164493,6000,1484743,657313,79.941,11470126,8011965,69.851,False,0,False,90.855,94.512,False,0.6,1.4,1.5,0.2,3,2.897585,0,0,0,,,,,,,,,0,0,,True,True,False,0.6,1.4,3,15,False,25,25,3,3,16.224,381,212,6,1787769484.31,1787769484.31,/planning/trajectory_guard_recovery_active,2.5,0,0,False,False,79,39,3,3,39,False,1,39,39,0,0,0,0.05153,0.069155,False,0,90.855,145,163,124,123,42.773,48.083,1787769484.92,,,,,,,,,,,,,,,,,,,,,,,29937.43820224719,35.439699250936336,22.066460898876404,13.371402921348315,3.205902580524344,69.851,71.1676585309792,3.0111471442874023,26.436110608504038,1,0,True,,0,3407.08203125,3382.685546875,0.0,4889.546875,1058.9375,7047.109375,102.32421875,0.0,0.0,../../tmp/final_generalization_n5_artifacts_20260827/seed8_run2_adaptive.attempt1.memory.csv,True,True,../../tmp/final_generalization_n5_artifacts_20260827/seed8_run2_adaptive.attempt1.performance.csv,1,268,,
seed8,3,sector,112,1,,strict-burst,cpp,True,True,,,,,,,,,,,,,0,0,0,0,0,5,7,0,0,0,0,0,0,0,17,37,0,0,0,7,8,0,12,17,17.533164501190186,1.0313626177170698,2.8278446197509766,,,,,,,,,,,,,,,,,,,,,,,,,,,,,,,71.01,5,5,0,0.421,True,838860,0,0.477,0.277,,,,,,,0,,,,,,,,,,,../../tmp/final_generalization_n5_artifacts_20260827/seed8_run3_sector.json,7100,6210,1.07,-1.03,1.565,-27.185,24.025,-25.533,24.573,232.608,7.0,7.000431,7.000431,6.999931,7.0,0.01,True,0,0,0,,,,,,0.0,,,,,,,0,,,,,,,,,,,,,,,,,,,,,,,,,,,,,,,,,,,,,,,,,,,,,,,,,,,,,,,,,,,,,,,,,,,,,,,,,,60,True,0.6,1.2,1.5,2,0.2,429,429,0,0,/rog_map/commit_version,0.12,0.1,0,0,False,/rog_map/cloud_process_ack,/sector/full_refresh_request,0,0,0,0,0,False,0,0,0,0,0,0,0,False,0,0,0,0,0,0,0,0,0,0,0,0,0,0,0,6000,0,0,100,14610068,7375154,50.48,False,0,False,0,0,False,0,0,1.5,0,1.5,1.5,0,0,0,,,,,,,,,0,0,,False,False,False,0,0,5,15,False,0,0,0,0,0,0,0,0,,,/planning/trajectory_guard_recovery_active,2.5,0,0,False,False,0,0,0,0,0,False,0,0,0,0,0,0,0,0,False,0,0,0,0,0,0,0,0,,,,,,,,,,,,,,,,,,,,,,,,17521.392344497606,15.37943485645933,10.341447368421052,5.0362337224880385,1.3585429019138755,50.48,84.91185896189728,2.97861100079258,25.501689565262037,1,0,True,,0,3305.64453125,3281.791015625,0.0,5056.703125,1058.9375,6950.14453125,102.32421875,0.0,0.0,../../tmp/final_generalization_n5_artifacts_20260827/seed8_run3_sector.attempt1.memory.csv,True,True,../../tmp/final_generalization_n5_artifacts_20260827/seed8_run3_sector.attempt1.performance.csv,0,418,,
seed8,3,adaptive,113,2,,strict-burst,cpp,True,True,,,,,,,,,,,,,0,31,31,31,0,4,4,0,0,0,0,0,0,0,31,25,0,0,0,22,6,0,27,31,32.615050315856934,1.0520983972857076,1.7604267597198486,,,,,,,,,,,,,,,,,,,,,,,,,,,,,,,74.99,5,5,0,0.446,True,838860,0,0.463,0.263,,,,,,,0,,,,,,,,,,,../../tmp/final_generalization_n5_artifacts_20260827/seed8_run3_adaptive.json,7498,6690,0.838,-1.217,1.442,-27.149,24.025,-25.691,24.088,225.852,7.0,7.002371,7.002371,7.000004,7.0,0.01,True,0,0,0,,,,,,1.478,1787769669.911651,18.75,23.995,1787769668.884624,23.504,23.821,0,,,,,,,,,,,,,,,,,,,,,,,,,,,,,,,,,,,,,,,,,,,,,,,,,,,,,,,,,,,,,,,,,,,,,,,,,,60,True,0.6,1.2,1.5,2,1.5,429,310,119,5,/rog_map/commit_version,0.12,0.1,0.25,0,True,/rog_map/cloud_process_ack,/sector/full_refresh_request,304,304,24,69,69,False,0,1,69,0,0,0,69,False,100,100,0,304,0,304,1787769732985023939,304,1,0.363882,0.56368,0.050365,0.11103,0.170464,0.787224,6000,1981931,957567,72.261,14269384,8636230,60.523,True,76.224,False,87.879,90.63,False,0.6,1.4,1.5,0.2,3,2.896036,1,0,0,1787769673.27,1787769673.27,1787769673.68,,,,,,40,1.119824,0,True,True,False,0.6,1.4,3,15,False,21,21,7,7,16.084,348,194,7,1787769657.71,1787769657.71,/planning/trajectory_guard_recovery_active,2.5,0,0,False,False,63,31,5,5,31,False,1,31,31,0,0,0,0.053205,0.100673,False,0,86.247,197,173,152,117,45.921,40.326,1787769657.81,,,,,,,,,,,,,,,,,,,,,,,28473.423841059604,32.71554513245034,20.472932284768213,12.240412251655629,2.8293806456953643,60.523,70.86108300148054,3.272111082198258,25.31714402622509,1,0,True,,0,3423.53125,3399.509765625,0.0,4933.3828125,1058.9375,7074.765625,102.32421875,0.0,0.0,../../tmp/final_generalization_n5_artifacts_20260827/seed8_run3_adaptive.attempt1.memory.csv,True,True,../../tmp/final_generalization_n5_artifacts_20260827/seed8_run3_adaptive.attempt1.performance.csv,2,304,,
seed8,3,full,114,3,,strict-burst,direct,True,True,,,,,,,,,,,,,0,0,0,0,0,6,6,0,0,0,0,0,0,0,21,20,0,1,0,16,4,0,17,21,25.319661617279053,1.2056981722513835,5.054090261459351,,,,,,,,,,,,,,,,,,,,,,,,,,,,,,,69.05,5,5,0,0.393,True,838860,0,0.409,0.209,,,,,,,0,,,,,,,,,,,../../tmp/final_generalization_n5_artifacts_20260827/seed8_run3_full.json,6904,6050,0.978,-1.123,1.964,-27.064,24.036,-25.513,24.655,228.172,7.0,7.001448,7.001448,6.999782,7.0,0.01,True,0,0,0,,,,,,1.489,,,,,,,0,,,,,,,,,,,,,,,,,,,,,,,,,,,,,,,,,,,,,,,,,,,,,,,,,,,,,,,,,,,,,,,,,,,,,,,,,,,,,,,,,,,,,,,,,,,,,,,,,,,,,,,,,,,,,,,,,,,,,,,,,,,,,,,,,,,,,,,,,,,,,,,,,,,,,,,,,,,,,,,,,,,,,,,,,,,,,,,,,,,,,,,,,,,,,,,,,,,,,,,,,,,,,,,,,,,,,,,,,,,,,,,,,33950.94878706199,39.667018867924526,25.960604312668462,13.704512398921834,2.7035839568733153,,93.30736243853426,,24.881012150366143,1,0,True,,0,3442.03125,3419.177734375,0.0,4931.6171875,1058.9375,7067.703125,102.32421875,0.0,0.0,../../tmp/final_generalization_n5_artifacts_20260827/seed8_run3_full.attempt1.memory.csv,True,True,../../tmp/final_generalization_n5_artifacts_20260827/seed8_run3_full.attempt1.performance.csv,3,374,,
seed8,4,adaptive,115,1,,strict-burst,cpp,True,True,,,,,,,,,,,,,0,42,42,42,0,6,6,0,0,0,0,0,0,0,42,53,0,1,0,26,12,0,35,42,47.15054106712341,1.122631930169605,2.040647268295288,,,,,,,,,,,,,,,,,,,,,,,,,,,,,,,90.6,5,5,0,0.411,True,838860,0,0.481,0.281,,,,,,,0,,,,,,,,,,,../../tmp/final_generalization_n5_artifacts_20260827/seed8_run4_adaptive.json,9059,8319,0.971,-0.94,1.356,-28.174,24.274,-24.502,24.562,234.058,7.0,7.002381,7.002381,6.999746,7.0,0.01,True,0,0,0,,,,,,0.229,1787769834.950065,23.997,24.01,1787769834.672554,23.174,23.659,0,,,,,,,,,,,,,,,,,,,,,,,,,,,,,,,,,,,,,,,,,,,,,,,,,,,,,,,,,,,,,,,,,,,,,,,,,,60,True,0.6,1.2,1.5,2,1.5,324,270,54,5,/rog_map/commit_version,0.12,0.1,0.25,0,True,/rog_map/cloud_process_ack,/sector/full_refresh_request,267,267,20,84,84,False,0,1,84,0,0,0,84,False,126,126,0,267,0,267,1787769913471262733,267,1,0.416627,1.345358,0.049124,0.154676,0.263945,1.345358,6000,1527109,665897,83.333,10736296,7646045,71.217,True,83.025,False,91.049,93.172,True,0.6,1.4,1.5,0.2,3,2.892355,1,1,0,1787769834.26,1787769834.26,1787769834.97,1787769881.68,1787769882.89,1.209957,,,31,1.209957,0,True,True,False,0.6,1.4,3,15,False,27,27,6,6,16.358,368,200,7,1787769822.99,1787769822.99,/planning/trajectory_guard_recovery_active,2.5,0,0,False,False,85,42,5,5,42,False,1,42,42,0,0,0,0.053661,0.11353,False,0,89.506,157,133,142,103,48.457,41.049,1787769823.01,,,,,,,,,,,,,,,,,,,,,,,28674.424812030076,34.26303131578947,21.25819507518797,13.002955676691728,3.0366644586466163,71.217,61.84155944665477,3.0278690822449055,28.312908709625415,1,0,True,,0,3416.0234375,3391.8759765625,0.0,5001.578125,1058.9375,6999.484375,102.32421875,0.0,0.0,../../tmp/final_generalization_n5_artifacts_20260827/seed8_run4_adaptive.attempt1.memory.csv,True,True,../../tmp/final_generalization_n5_artifacts_20260827/seed8_run4_adaptive.attempt1.performance.csv,1,267,,
seed8,4,full,116,2,,strict-burst,direct,True,True,,,,,,,,,,,,,0,0,0,0,0,2,2,0,0,0,0,0,0,0,8,12,0,3,0,4,3,0,5,8,8.08690357208252,1.010862946510315,1.2656357288360596,,,,,,,,,,,,,,,,,,,,,,,,,,,,,,,60.32,5,5,0,0.397,True,838860,0,0.467,0.267,,,,,,,0,,,,,,,,,,,../../tmp/final_generalization_n5_artifacts_20260827/seed8_run4_full.json,6031,5430,1.393,-0.54,0.936,-27.06,24.025,-25.597,24.739,226.474,6.999,7.001056,7.001056,6.998857,7.0,0.01,True,0,0,0,,,,,,1.494,,,,,,,0,,,,,,,,,,,,,,,,,,,,,,,,,,,,,,,,,,,,,,,,,,,,,,,,,,,,,,,,,,,,,,,,,,,,,,,,,,,,,,,,,,,,,,,,,,,,,,,,,,,,,,,,,,,,,,,,,,,,,,,,,,,,,,,,,,,,,,,,,,,,,,,,,,,,,,,,,,,,,,,,,,,,,,,,,,,,,,,,,,,,,,,,,,,,,,,,,,,,,,,,,,,,,,,,,,,,,,,,,,,,,,,,,34174.175,42.62152125,28.10641375,14.513162125,2.7780289325000003,,117.89326089361134,,,1,0,True,,0,3449.91015625,3426.806640625,0.0,4967.1796875,1058.9375,7054.625,102.32421875,0.0,0.0,../../tmp/final_generalization_n5_artifacts_20260827/seed8_run4_full.attempt1.memory.csv,True,True,../../tmp/final_generalization_n5_artifacts_20260827/seed8_run4_full.attempt1.performance.csv,2,402,,
seed8,4,sector,117,3,,strict-burst,cpp,True,True,,,,,,,,,,,,,0,0,0,0,0,5,5,0,0,0,0,0,0,0,27,55,0,1,0,14,13,0,23,26,22.54223918914795,0.8670091995826135,2.2480292320251465,,,,,,,,,,,,,,,,,,,,,,,,,,,,,,,71.03,5,5,0,0.389,True,838860,0,0.5,0.3,,,,,,,0,,,,,,,,,,,../../tmp/final_generalization_n5_artifacts_20260827/seed8_run4_sector.json,7102,6280,0.785,-1.253,2.081,-24.432,24.025,-25.611,24.177,227.485,7.001,7.001119,7.001119,7.001006,7.0,0.01,True,0,0,0,,,,,,1.422,,,,,,,0,,,,,,,,,,,,,,,,,,,,,,,,,,,,,,,,,,,,,,,,,,,,,,,,,,,,,,,,,,,,,,,,,,,,,,,,,,60,True,0.6,1.2,1.5,2,0.2,365,365,0,0,/rog_map/commit_version,0.12,0.1,0,0,False,/rog_map/cloud_process_ack,/sector/full_refresh_request,0,0,0,0,0,False,0,0,0,0,0,0,0,False,0,0,0,0,0,0,0,0,0,0,0,0,0,0,0,6000,0,0,100,12070071,5861126,48.559,False,0,False,0,0,False,0,0,1.5,0,1.5,1.5,0,0,0,,,,,,,,,0,0,,False,False,False,0,0,5,15,False,0,0,0,0,0,0,0,0,,,/planning/trajectory_guard_recovery_active,2.5,0,0,False,False,0,0,0,0,0,False,0,0,0,0,0,0,0,0,False,0,0,0,0,0,0,0,0,,,,,,,,,,,,,,,,,,,,,,,,16512.387464387466,15.822331880341881,10.566172336182335,5.254347122507123,1.466640678062678,48.559,77.02288930399932,2.857312189301034,26.55719371638883,1,0,True,,0,3318.328125,3294.1259765625,0.0,5052.45703125,1058.9375,6948.859375,102.32421875,0.0,0.0,../../tmp/final_generalization_n5_artifacts_20260827/seed8_run4_sector.attempt1.memory.csv,True,True,../../tmp/final_generalization_n5_artifacts_20260827/seed8_run4_sector.attempt1.performance.csv,1,352,,
seed8,5,full,118,1,,strict-burst,direct,True,True,,,,,,,,,,,,,0,0,0,0,0,2,2,0,0,0,0,0,0,0,34,35,0,5,0,23,8,0,30,33,31.27081799507141,0.9476005453051943,1.7264111042022705,,,,,,,,,,,,,,,,,,,,,,,,,,,,,,,78.26,5,5,0,0.429,True,838860,0,0.515,0.315,,,,,,,0,,,,,,,,,,,../../tmp/final_generalization_n5_artifacts_20260827/seed8_run5_full.json,7826,6840,1.3,-0.663,1.451,-27.191,24.025,-26.72,24.215,230.053,6.999,7.001778,7.001778,6.999153,7.0,0.01,True,0,0,0,,,,,,0.0,,,,,,,0,,,,,,,,,,,,,,,,,,,,,,,,,,,,,,,,,,,,,,,,,,,,,,,,,,,,,,,,,,,,,,,,,,,,,,,,,,,,,,,,,,,,,,,,,,,,,,,,,,,,,,,,,,,,,,,,,,,,,,,,,,,,,,,,,,,,,,,,,,,,,,,,,,,,,,,,,,,,,,,,,,,,,,,,,,,,,,,,,,,,,,,,,,,,,,,,,,,,,,,,,,,,,,,,,,,,,,,,,,,,,,,,,34128.39233038348,38.77458613569321,25.366474631268435,13.40613831858407,2.684588890855457,,78.25080241925316,,,1,0,True,,0,3449.45703125,3426.501953125,0.0,4853.9921875,1058.9375,7089.31640625,102.32421875,0.0,0.0,../../tmp/final_generalization_n5_artifacts_20260827/seed8_run5_full.attempt1.memory.csv,True,True,../../tmp/final_generalization_n5_artifacts_20260827/seed8_run5_full.attempt1.performance.csv,3,342,,
seed8,5,sector,119,2,,strict-burst,cpp,True,True,,,,,,,,,,,,,0,0,0,0,0,5,12,0,0,0,0,0,0,0,34,63,0,3,0,17,13,0,29,34,39.31804633140564,1.1564131273942835,5.481920003890991,,,,,,,,,,,,,,,,,,,,,,,,,,,,,,,81.19,5,5,0,0.387,True,838860,0,0.486,0.286,,,,,,,0,,,,,,,,,,,../../tmp/final_generalization_n5_artifacts_20260827/seed8_run5_sector.json,8119,7576,0.976,-1.104,1.955,-27.307,24.247,-24.844,24.193,226.836,6.999,7.000488,7.000488,6.999376,7.0,0.01,True,0,0,0,,,,,,1.474,,,,,,,0,,,,,,,,,,,,,,,,,,,,,,,,,,,,,,,,,,,,,,,,,,,,,,,,,,,,,,,,,,,,,,,,,,,,,,,,,,60,True,0.6,1.2,1.5,2,0.2,382,382,0,0,/rog_map/commit_version,0.12,0.1,0,0,False,/rog_map/cloud_process_ack,/sector/full_refresh_request,0,0,0,0,0,False,0,0,0,0,0,0,0,False,0,0,0,0,0,0,0,0,0,0,0,0,0,0,0,6000,0,0,100,12274470,6163975,50.218,False,0,False,0,0,False,0,0,1.5,0,1.5,1.5,0,0,0,,,,,,,,,0,0,,False,False,False,0,0,5,15,False,0,0,0,0,0,0,0,0,,,/planning/trajectory_guard_recovery_active,2.5,0,0,False,False,0,0,0,0,0,False,0,0,0,0,0,0,0,0,False,0,0,0,0,0,0,0,0,,,,,,,,,,,,,,,,,,,,,,,,16508.183783783785,15.345284459459458,10.47831718918919,4.865109945945946,1.2655749189189187,50.218,65.09855012118432,2.7892621842800223,26.248514308113972,1,0,True,,0,3317.16015625,3293.1005859375,0.0,5107.23046875,1058.9375,6908.2890625,102.32421875,0.0,0.0,../../tmp/final_generalization_n5_artifacts_20260827/seed8_run5_sector.attempt1.memory.csv,True,True,../../tmp/final_generalization_n5_artifacts_20260827/seed8_run5_sector.attempt1.performance.csv,2,372,,
seed8,5,adaptive,120,3,,strict-burst,cpp,True,True,,,,,,,,,,,,,0,26,26,26,0,10,11,0,0,0,0,0,0,0,26,65,0,1,0,12,13,0,20,26,25.26892066001892,0.9718815638468816,1.7516791820526123,,,,,,,,,,,,,,,,,,,,,,,,,,,,,,,76.95,5,5,0,0.349,True,838860,0,0.441,0.241,,,,,,,0,,,,,,,,,,,../../tmp/final_generalization_n5_artifacts_20260827/seed8_run5_adaptive.json,7694,6550,1.004,-1.074,1.852,-29.496,24.025,-25.784,27.713,232.521,7.0,7.002177,7.002177,7.00024,7.0,0.01,True,0,0,0,,,,,,0.0,1787770256.224087,2.924,3.737,1787770256.868376,4.348,5.051,0,,,,,,,,,,,,,,,,,,,,,,,,,,,,,,,,,,,,,,,,,,,,,,,,,,,,,,,,,,,,,,,,,,,,,,,,,,60,True,0.6,1.2,1.5,2,1.5,419,306,113,5,/rog_map/commit_version,0.12,0.1,0.25,0,True,/rog_map/cloud_process_ack,/sector/full_refresh_request,296,296,36,78,78,False,0,1,78,0,0,0,78,False,104,104,0,296,0,296,1787770332365024950,296,1,0.344846,0.550361,0.050139,0.117254,0.182227,1.466449,6000,1458848,715181,73.031,13543046,8290561,61.216,False,0,True,73.747,76.422,False,0.6,1.4,1.5,0.2,3,2.89917,0,0,0,,,,,,,,,0,0,,True,True,False,0.6,1.4,3,15,False,24,24,14,13,16.468,416,257,9,1787770256.22,1787770256.22,/planning/trajectory_guard_recovery_active,2.5,0,0,False,True,53,26,8,7,26,False,1,26,26,0,0,0,0.046195,0.068937,False,0,67.78,127,157,96,119,30.31,37.47,1787770257.58,,,,,,,,,,,,,,,,,,,,,,,27851.29054054054,31.263840608108108,19.72350385135135,11.53838956081081,2.851175635135135,61.216,79.82233789273309,3.1334101634182527,22.498731675371804,1,0,True,,0,3433.19921875,3409.3115234375,0.0,5067.83203125,1058.9375,7028.26171875,102.32421875,0.0,0.0,../../tmp/final_generalization_n5_artifacts_20260827/seed8_run5_adaptive.attempt1.memory.csv,True,True,../../tmp/final_generalization_n5_artifacts_20260827/seed8_run5_adaptive.attempt1.performance.csv,0,296,,
seed9,1,sector,121,1,,strict-burst,cpp,True,True,,,,,,,,,,,,,0,0,0,0,0,10,12,0,0,0,0,0,0,0,29,66,0,0,0,16,13,0,21,29,32.21717190742493,1.1109369623249974,3.0117101669311523,,,,,,,,,,,,,,,,,,,,,,,,,,,,,,,84.23,5,5,0,0.404,True,1042220,0,0.437,0.237,,,,,,,0,,,,,,,,,,,../../tmp/final_generalization_n5_artifacts_20260827/seed9_run1_sector.json,8422,7990,1.101,-0.955,1.521,-27.558,24.911,-26.545,27.883,238.645,6.999,7.001698,7.001697,6.999445,7.0,0.01,True,0,0,0,,,,,,1.457,,,,,,,0,,,,,,,,,,,,,,,,,,,,,,,,,,,,,,,,,,,,,,,,,,,,,,,,,,,,,,,,,,,,,,,,,,,,,,,,,,60,True,0.6,1.2,1.5,2,0.2,416,416,0,0,/rog_map/commit_version,0.12,0.1,0,0,False,/rog_map/cloud_process_ack,/sector/full_refresh_request,0,0,0,0,0,False,0,0,0,0,0,0,0,False,0,0,0,0,0,0,0,0,0,0,0,0,0,0,0,6000,0,0,100,18074244,10343097,57.226,False,0,False,0,0,False,0,0,1.5,0,1.5,1.5,0,0,0,,,,,,,,,0,0,,False,False,False,0,0,5,15,False,0,0,0,0,0,0,0,0,,,/planning/trajectory_guard_recovery_active,2.5,0,0,False,False,0,0,0,0,0,False,0,0,0,0,0,0,0,0,False,0,0,0,0,0,0,0,0,,,,,,,,,,,,,,,,,,,,,,,,25268.257985257984,14.194469754299755,9.730211425061425,4.462522751842752,1.3615316437346436,57.226,72.16524472788922,3.169230517968849,23.965559029210713,1,0,True,,0,3308.59375,3284.2802734375,0.0,5051.359375,1058.9375,7020.94140625,102.32421875,0.0,0.0,../../tmp/final_generalization_n5_artifacts_20260827/seed9_run1_sector.attempt1.memory.csv,True,True,../../tmp/final_generalization_n5_artifacts_20260827/seed9_run1_sector.attempt1.performance.csv,2,409,,
seed9,1,adaptive,122,2,,strict-burst,cpp,True,True,,,,,,,,,,,,,0,37,37,37,0,7,8,0,0,0,0,0,0,0,37,52,0,0,0,22,12,0,29,37,36.386475563049316,0.9834182584607923,2.074932336807251,,,,,,,,,,,,,,,,,,,,,,,,,,,,,,,83.87,5,5,0,0.412,True,1042220,0,0.466,0.266,,,,,,,0,,,,,,,,,,,../../tmp/final_generalization_n5_artifacts_20260827/seed9_run1_adaptive.json,8387,7805,1.303,-0.678,1.927,-25.922,24.324,-26.882,29.03,238.85,7.0,7.002702,7.002702,7.000074,7.0,0.01,True,0,0,0,,,,,,0.632,1787770475.641319,-24.481,7.831,1787770474.02065,-24.179,14.336,0,,,,,,,,,,,,,,,,,,,,,,,,,,,,,,,,,,,,,,,,,,,,,,,,,,,,,,,,,,,,,,,,,,,,,,,,,,60,True,0.6,1.2,1.5,2,1.5,488,355,133,5,/rog_map/commit_version,0.12,0.1,0.25,0,True,/rog_map/cloud_process_ack,/sector/full_refresh_request,349,349,32,77,77,False,0,1,77,0,0,0,77,False,114,114,0,349,0,349,1787770521620430998,349,0,0.372781,0.746177,0.04807,0.105343,0.165878,0.858627,6000,2572680,1127935,72.746,20343550,12835136,63.092,False,0,True,91.598,93.682,False,0.6,1.4,1.5,0.2,3,2.89899,0,0,0,,,,,,,,,0,0,,True,True,False,0.6,1.4,3,15,False,26,26,5,4,17.623,432,241,9,1787770438.16,1787770438.16,/planning/trajectory_guard_recovery_active,2.5,0,0,False,True,75,37,4,3,37,False,1,37,37,0,0,0,0.04793,0.103861,False,0,89.754,216,222,160,161,44.262,45.492,1787770438.21,,,,,,,,,,,,,,,,,,,,,,,36664.05444126074,29.677109426934095,19.237998796561605,10.437273495702005,2.7238431776504295,63.092,75.6628468530964,3.4249204750719944,,1,0,True,,0,3410.89453125,3386.8828125,0.0,5013.23046875,1058.9375,7066.8203125,102.32421875,0.0,0.0,../../tmp/final_generalization_n5_artifacts_20260827/seed9_run1_adaptive.attempt1.memory.csv,True,True,../../tmp/final_generalization_n5_artifacts_20260827/seed9_run1_adaptive.attempt1.performance.csv,0,349,,
seed9,1,full,123,3,,strict-burst,direct,True,True,,,,,,,,,,,,,0,0,0,0,0,11,13,0,0,0,0,0,0,0,9,36,0,0,0,2,6,0,1,9,20.7732834815979,2.3081426090664334,8.82339596748352,,,,,,,,,,,,,,,,,,,,,,,,,,,,,,,77.79,5,5,0,0.381,True,1042220,0,0.463,0.263,,,,,,,0,,,,,,,,,,,../../tmp/final_generalization_n5_artifacts_20260827/seed9_run1_full.json,7778,7410,1.141,-0.885,1.397,-25.557,24.025,-26.634,27.085,247.469,7.0,7.000946,7.000946,7.000451,7.0,0.01,True,0,0,0,,,,,,1.444,,,,,,,0,,,,,,,,,,,,,,,,,,,,,,,,,,,,,,,,,,,,,,,,,,,,,,,,,,,,,,,,,,,,,,,,,,,,,,,,,,,,,,,,,,,,,,,,,,,,,,,,,,,,,,,,,,,,,,,,,,,,,,,,,,,,,,,,,,,,,,,,,,,,,,,,,,,,,,,,,,,,,,,,,,,,,,,,,,,,,,,,,,,,,,,,,,,,,,,,,,,,,,,,,,,,,,,,,,,,,,,,,,,,,,,,,47291.4587628866,37.34222336769759,25.850360481099656,11.48995326460481,2.314269149484536,,120.62420955692019,,26.633890688370613,1,0,True,,0,3492.83203125,3469.94921875,0.0,4962.078125,1058.9375,7110.171875,102.32421875,0.0,0.0,../../tmp/final_generalization_n5_artifacts_20260827/seed9_run1_full.attempt1.memory.csv,True,True,../../tmp/final_generalization_n5_artifacts_20260827/seed9_run1_full.attempt1.performance.csv,3,585,,
seed9,2,adaptive,124,1,,strict-burst,cpp,True,True,,,,,,,,,,,,,0,44,44,44,0,7,9,0,0,0,0,0,0,0,44,63,0,0,0,26,14,0,35,43,44.68568682670593,1.0392020192257194,3.981714963912964,,,,,,,,,,,,,,,,,,,,,,,,,,,,,,,88.88,5,5,0,0.352,True,1042220,0,0.382,0.182,,,,,,,0,,,,,,,,,,,../../tmp/final_generalization_n5_artifacts_20260827/seed9_run2_adaptive.json,8887,8300,1.178,-0.876,1.801,-24.775,24.025,-26.298,25.142,234.364,7.0,7.001254,7.001254,7.000137,7.0,0.01,True,0,0,0,,,,,,0.0,1787770620.821964,2.505,1.727,1787770626.634337,15.581,12.272,0,,,,,,,,,,,,,,,,,,,,,,,,,,,,,,,,,,,,,,,,,,,,,,,,,,,,,,,,,,,,,,,,,,,,,,,,,,60,True,0.6,1.2,1.5,2,1.5,362,298,64,5,/rog_map/commit_version,0.12,0.1,0.25,0,True,/rog_map/cloud_process_ack,/sector/full_refresh_request,297,297,18,96,96,False,0,1,96,0,0,0,96,False,140,140,0,297,0,297,1787770709135564538,297,1,0.370849,0.965127,0.048136,0.112777,0.226916,1.059073,6000,1710882,742932,82.32,15296089,11163832,72.985,False,0,True,93.094,93.86,False,0.6,1.4,1.5,0.2,3,2.899126,0,0,0,,,,,,,,,0,0,,True,True,False,0.6,1.4,3,15,False,26,26,5,4,16.298,399,210,9,1787770620.82,1787770620.82,/planning/trajectory_guard_recovery_active,2.5,0,0,True,True,88,44,5,4,44,False,1,44,44,0,0,0,0.049496,0.073294,False,0,91.436,193,138,162,109,53.315,38.122,1787770620.86,,,,,,,,,,,,,,,,,,,,,,,37566.67003367003,31.78609599326599,20.30338127946128,11.480829292929293,3.0312499023569024,72.985,65.05207660397198,3.1664632702857336,26.73984238808734,1,0,True,,0,3408.3125,3384.294921875,0.0,4935.765625,1058.9375,7134.0703125,102.32421875,0.0,0.0,../../tmp/final_generalization_n5_artifacts_20260827/seed9_run2_adaptive.attempt1.memory.csv,True,True,../../tmp/final_generalization_n5_artifacts_20260827/seed9_run2_adaptive.attempt1.performance.csv,0,297,,
seed9,2,full,125,2,,strict-burst,direct,True,True,,,,,,,,,,,,,0,0,0,0,0,8,11,0,0,0,0,0,0,0,11,31,0,0,0,4,6,0,5,11,18.70977258682251,1.7008884169838645,6.249910116195679,,,,,,,,,,,,,,,,,,,,,,,,,,,,,,,70.45,5,5,0,0.373,True,1042220,0,0.464,0.264,,,,,,,0,,,,,,,,,,,../../tmp/final_generalization_n5_artifacts_20260827/seed9_run2_full.json,7045,6570,1.177,-0.896,1.293,-25.958,24.025,-25.773,26.307,238.968,7.001,7.003754,7.003754,7.000616,7.0,0.01,True,0,0,0,,,,,,1.479,,,,,,,0,,,,,,,,,,,,,,,,,,,,,,,,,,,,,,,,,,,,,,,,,,,,,,,,,,,,,,,,,,,,,,,,,,,,,,,,,,,,,,,,,,,,,,,,,,,,,,,,,,,,,,,,,,,,,,,,,,,,,,,,,,,,,,,,,,,,,,,,,,,,,,,,,,,,,,,,,,,,,,,,,,,,,,,,,,,,,,,,,,,,,,,,,,,,,,,,,,,,,,,,,,,,,,,,,,,,,,,,,,,,,,,,,45546.70711297071,39.09057824267782,26.71045251046025,12.378164456066946,2.6746619895397488,,116.31715062551848,,28.20916420428243,1,0,True,,0,3456.6328125,3433.4384765625,0.0,4894.7890625,1058.9375,7141.4609375,102.32421875,0.0,0.0,../../tmp/final_generalization_n5_artifacts_20260827/seed9_run2_full.attempt1.memory.csv,True,True,../../tmp/final_generalization_n5_artifacts_20260827/seed9_run2_full.attempt1.performance.csv,3,481,,
seed9,2,sector,126,3,,strict-burst,cpp,True,True,,,,,,,,,,,,,0,0,0,0,0,13,15,0,0,0,0,0,0,0,39,79,0,1,0,19,17,0,29,39,39.082157135009766,1.0021065932053785,2.4295947551727295,,,,,,,,,,,,,,,,,,,,,,,,,,,,,,,88.95,5,5,0,0.367,True,1042220,0,0.459,0.259,,,,,,,0,,,,,,,,,,,../../tmp/final_generalization_n5_artifacts_20260827/seed9_run2_sector.json,8894,8372,1.006,-0.768,1.626,-27.032,24.147,-26.74,24.266,243.408,6.999,7.000611,7.000611,6.998559,7.0,0.01,True,0,0,0,,,,,,0.0,,,,,,,0,,,,,,,,,,,,,,,,,,,,,,,,,,,,,,,,,,,,,,,,,,,,,,,,,,,,,,,,,,,,,,,,,,,,,,,,,,60,True,0.6,1.2,1.5,2,0.2,436,436,0,0,/rog_map/commit_version,0.12,0.1,0,0,False,/rog_map/cloud_process_ack,/sector/full_refresh_request,0,0,0,0,0,False,0,0,0,0,0,0,0,False,0,0,0,0,0,0,0,0,0,0,0,0,0,0,0,6000,0,0,100,18269679,9967093,54.555,False,0,False,0,0,False,0,0,1.5,0,1.5,1.5,0,0,0,,,,,,,,,0,0,,False,False,False,0,0,5,15,False,0,0,0,0,0,0,0,0,,,/planning/trajectory_guard_recovery_active,2.5,0,0,False,False,0,0,0,0,0,False,0,0,0,0,0,0,0,0,False,0,0,0,0,0,0,0,0,,,,,,,,,,,,,,,,,,,,,,,,23165.156542056076,14.42897824766355,9.921670397196262,4.505379322429907,1.328642640186916,54.555,68.83779645210372,3.1537597120510372,26.140368924690495,1,0,True,,0,3330.71875,3306.7001953125,0.0,5051.48828125,1058.9375,6995.15234375,102.32421875,0.0,0.0,../../tmp/final_generalization_n5_artifacts_20260827/seed9_run2_sector.attempt1.memory.csv,True,True,../../tmp/final_generalization_n5_artifacts_20260827/seed9_run2_sector.attempt1.performance.csv,0,428,,
seed9,3,full,127,1,,strict-burst,direct,True,True,,,,,,,,,,,,,0,0,0,0,0,19,35,0,0,0,0,0,0,0,23,44,0,0,0,15,8,0,15,23,37.500208616256714,1.6304438528807268,8.988105058670044,,,,,,,,,,,,,,,,,,,,,,,,,,,,,,,93.13,5,5,0,0.383,True,1042220,0,0.407,0.207,,,,,,,0,,,,,,,,,,,../../tmp/final_generalization_n5_artifacts_20260827/seed9_run3_full.json,9313,8797,1.062,-0.7,1.834,-27.126,24.025,-26.65,27.398,249.582,7.001,7.001087,7.001087,7.000837,7.0,0.01,True,0,0,0,,,,,,1.272,,,,,,,0,,,,,,,,,,,,,,,,,,,,,,,,,,,,,,,,,,,,,,,,,,,,,,,,,,,,,,,,,,,,,,,,,,,,,,,,,,,,,,,,,,,,,,,,,,,,,,,,,,,,,,,,,,,,,,,,,,,,,,,,,,,,,,,,,,,,,,,,,,,,,,,,,,,,,,,,,,,,,,,,,,,,,,,,,,,,,,,,,,,,,,,,,,,,,,,,,,,,,,,,,,,,,,,,,,,,,,,,,,,,,,,,,45162.923214285714,34.97869696428572,24.224833035714287,10.751416232142857,2.1655349517857143,,92.96092088360916,,26.73444235760577,1,0,True,,0,3499.03125,3476.2490234375,0.0,4909.6171875,1058.9375,7130.18359375,102.32421875,0.0,0.0,../../tmp/final_generalization_n5_artifacts_20260827/seed9_run3_full.attempt1.memory.csv,True,True,../../tmp/final_generalization_n5_artifacts_20260827/seed9_run3_full.attempt1.performance.csv,4,564,,
seed9,3,sector,128,2,,strict-burst,cpp,True,True,,,,,,,,,,,,,0,0,0,0,0,16,22,0,0,0,0,0,0,0,36,77,0,4,0,17,16,0,19,36,42.985931396484375,1.1940536499023438,5.597500801086426,,,,,,,,,,,,,,,,,,,,,,,,,,,,,,,95.62,5,5,0,0.377,True,1042220,0,0.41,0.21,,,,,,,0,,,,,,,,,,,../../tmp/final_generalization_n5_artifacts_20260827/seed9_run3_sector.json,9561,8791,0.73,-1.275,1.933,-25.727,24.025,-25.658,24.986,239.891,6.994,7.002703,7.002703,6.994134,7.0,0.01,True,0,0,0,,,,,,1.47,,,,,,,0,,,,,,,,,,,,,,,,,,,,,,,,,,,,,,,,,,,,,,,,,,,,,,,,,,,,,,,,,,,,,,,,,,,,,,,,,,60,True,0.6,1.2,1.5,2,0.2,518,518,0,0,/rog_map/commit_version,0.12,0.1,0,0,False,/rog_map/cloud_process_ack,/sector/full_refresh_request,0,0,0,0,0,False,0,0,0,0,0,0,0,False,0,0,0,0,0,0,0,0,0,0,0,0,0,0,0,6000,0,0,100,21873245,12316601,56.309,False,0,False,0,0,False,0,0,1.5,0,1.5,1.5,0,0,0,,,,,,,,,0,0,,False,False,False,0,0,5,15,False,0,0,0,0,0,0,0,0,,,/planning/trajectory_guard_recovery_active,2.5,0,0,False,False,0,0,0,0,0,False,0,0,0,0,0,0,0,0,False,0,0,0,0,0,0,0,0,,,,,,,,,,,,,,,,,,,,,,,,24150.897435897437,13.616532287968441,9.460840927021696,4.153910078895463,1.1945680729783037,56.309,73.80205117330016,3.094705656778161,26.011389092961547,1,0,True,,0,3348.85546875,3324.74609375,0.0,4983.0,1058.9375,7067.04296875,102.32421875,0.0,0.0,../../tmp/final_generalization_n5_artifacts_20260827/seed9_run3_sector.attempt1.memory.csv,True,True,../../tmp/final_generalization_n5_artifacts_20260827/seed9_run3_sector.attempt1.performance.csv,0,507,,
seed9,3,adaptive,129,3,,strict-burst,cpp,True,True,,,,,,,,,,,,,0,33,33,33,0,11,22,0,0,0,0,0,0,0,33,41,0,0,0,22,10,0,29,33,38.600441694259644,1.1697103543715044,5.530271291732788,,,,,,,,,,,,,,,,,,,,,,,,,,,,,,,92.4,5,5,0,0.394,True,1042220,0,0.446,0.246,,,,,,,0,,,,,,,,,,,../../tmp/final_generalization_n5_artifacts_20260827/seed9_run3_adaptive.json,9238,8529,0.811,-1.252,1.589,-24.89,24.025,-28.167,25.003,239.789,7.0,7.003717,7.003717,6.999758,7.0,0.01,True,0,0,0,,,,,,0.0,1787771110.068746,2.332,1.607,1787771114.956766,8.884,4.906,0,,,,,,,,,,,,,,,,,,,,,,,,,,,,,,,,,,,,,,,,,,,,,,,,,,,,,,,,,,,,,,,,,,,,,,,,,,60,True,0.6,1.2,1.5,2,1.5,468,348,120,5,/rog_map/commit_version,0.12,0.1,0.25,0,True,/rog_map/cloud_process_ack,/sector/full_refresh_request,345,345,34,89,89,False,0,1,89,0,0,0,89,False,122,122,0,345,0,345,1787771202456891449,345,1,0.366932,1.045218,0.046641,0.123095,0.192031,1.385052,6000,2169793,875222,74.359,19620908,12122286,61.782,False,0,False,78.419,77.599,False,0.6,1.4,1.5,0.2,3,2.89988,0,0,0,,,,,,,,,0,0,,True,True,False,0.6,1.4,3,15,False,28,28,10,10,17.735,492,267,9,1787771111.38,1787771110.07,/planning/trajectory_guard_recovery_active,2.5,0,0,False,False,67,33,5,5,33,False,1,33,33,0,0,0,0.047379,0.061739,False,0,72.009,170,167,137,118,36.325,35.684,1787771110.07,,,,,,,,,,,,,,,,,,,,,,,35162.96802325582,29.173596831395347,18.721919505813954,10.449685936046512,2.7186812790697674,61.782,72.64409455474296,3.3054255013141147,28.460930057770717,1,0,True,,0,3421.64453125,3397.384765625,0.0,4899.3359375,1058.9375,7159.87890625,102.32421875,0.0,0.0,../../tmp/final_generalization_n5_artifacts_20260827/seed9_run3_adaptive.attempt1.memory.csv,True,True,../../tmp/final_generalization_n5_artifacts_20260827/seed9_run3_adaptive.attempt1.performance.csv,1,345,,
seed9,4,sector,130,1,,strict-burst,cpp,True,True,,,,,,,,,,,,,0,0,0,0,0,4,4,0,0,0,0,0,0,0,30,68,0,0,0,15,14,0,21,30,28.56334924697876,0.9521116415659586,2.883502960205078,,,,,,,,,,,,,,,,,,,,,,,,,,,,,,,77.62,5,5,0,0.4,True,1042220,0,0.456,0.256,,,,,,,0,,,,,,,,,,,../../tmp/final_generalization_n5_artifacts_20260827/seed9_run4_sector.json,7761,7060,1.272,-0.774,1.122,-24.61,24.149,-26.666,26.338,234.332,7.0,7.001618,7.001619,7.00015,7.0,0.01,True,0,0,0,,,,,,0.32,,,,,,,0,,,,,,,,,,,,,,,,,,,,,,,,,,,,,,,,,,,,,,,,,,,,,,,,,,,,,,,,,,,,,,,,,,,,,,,,,,60,True,0.6,1.2,1.5,2,0.2,404,404,0,0,/rog_map/commit_version,0.12,0.1,0,0,False,/rog_map/cloud_process_ack,/sector/full_refresh_request,0,0,0,0,0,False,0,0,0,0,0,0,0,False,0,0,0,0,0,0,0,0,0,0,0,0,0,0,0,6000,0,0,100,17248281,9564754,55.453,False,0,False,0,0,False,0,0,1.5,0,1.5,1.5,0,0,0,,,,,,,,,0,0,,False,False,False,0,0,5,15,False,0,0,0,0,0,0,0,0,,,/planning/trajectory_guard_recovery_active,2.5,0,0,False,False,0,0,0,0,0,False,0,0,0,0,0,0,0,0,False,0,0,0,0,0,0,0,0,,,,,,,,,,,,,,,,,,,,,,,,23889.894736842107,14.24752506265664,9.78853498746867,4.457063684210526,1.351441223057644,55.453,73.82078011662611,3.154768183826382,23.980775958057418,1,0,True,,0,3308.125,3284.080078125,0.0,4998.80078125,1058.9375,7042.6875,102.32421875,0.0,0.0,../../tmp/final_generalization_n5_artifacts_20260827/seed9_run4_sector.attempt1.memory.csv,True,True,../../tmp/final_generalization_n5_artifacts_20260827/seed9_run4_sector.attempt1.performance.csv,0,399,,
seed9,4,adaptive,131,2,,strict-burst,cpp,True,True,,,,,,,,,,,,,0,46,46,46,0,6,6,0,0,0,0,0,0,0,46,78,0,2,0,23,17,0,32,46,41.44742226600647,0.9010309188262277,1.8358020782470703,,,,,,,,,,,,,,,,,,,,,,,,,,,,,,,89.05,5,5,0,0.355,True,1042220,0,0.428,0.228,,,,,,,0,,,,,,,,,,,../../tmp/final_generalization_n5_artifacts_20260827/seed9_run4_adaptive.json,8904,8238,1.129,-0.966,1.028,-23.975,24.025,-28.066,28.362,235.839,6.999,7.000491,7.000491,6.999171,7.0,0.01,True,0,0,0,,,,,,1.486,1787771307.6789,16.239,14.137,1787771307.166819,16.049,13.448,0,,,,,,,,,,,,,,,,,,,,,,,,,,,,,,,,,,,,,,,,,,,,,,,,,,,,,,,,,,,,,,,,,,,,,,,,,,60,True,0.6,1.2,1.5,2,1.5,421,323,98,5,/rog_map/commit_version,0.12,0.1,0.25,0,True,/rog_map/cloud_process_ack,/sector/full_refresh_request,318,318,26,94,94,False,0,1,94,0,0,0,94,False,140,140,0,318,0,318,1787771389966473851,318,1,0.355955,0.961073,0.045734,0.100635,0.205227,1.269558,6000,1911363,833754,76.722,17308326,11673662,67.445,True,72.922,False,90.974,93.963,False,0.6,1.4,1.5,0.2,3,2.89839,1,0,0,1787771318.41,1787771318.41,1787771318.48,,,,,,47,1.089833,0,True,True,False,0.6,1.4,3,15,False,21,21,3,3,14.489,426,206,7,1787771300.4,1787771300.4,/planning/trajectory_guard_recovery_active,2.5,0,0,False,False,93,46,3,3,46,False,1,46,46,0,0,0,0.045501,0.063985,False,0,90.736,200,182,165,130,47.506,43.23,1787771300.89,,,,,,,,,,,,,,,,,,,,,,,36606.6037735849,30.636915377358488,19.662704716981132,10.972245433962264,2.9262741918238993,67.445,67.41545746519189,3.205972792372813,26.407837202905103,1,0,True,,0,3416.58203125,3392.458984375,0.0,4847.72265625,1058.9375,7172.62890625,102.32421875,0.0,0.0,../../tmp/final_generalization_n5_artifacts_20260827/seed9_run4_adaptive.attempt1.memory.csv,True,True,../../tmp/final_generalization_n5_artifacts_20260827/seed9_run4_adaptive.attempt1.performance.csv,0,318,,
seed9,4,full,132,3,,strict-burst,direct,True,True,,,,,,,,,,,,,0,0,0,0,0,9,9,0,0,0,0,0,0,0,17,32,0,0,0,9,6,0,11,17,23.615171670913696,1.3891277453478645,4.353393316268921,,,,,,,,,,,,,,,,,,,,,,,,,,,,,,,74.11,5,5,0,0.394,True,1042220,0,0.432,0.232,,,,,,,0,,,,,,,,,,,../../tmp/final_generalization_n5_artifacts_20260827/seed9_run4_full.json,7409,7038,0.859,-1.226,1.849,-25.792,24.025,-28.063,24.025,240.756,6.997,7.000552,7.000552,6.997277,7.0,0.01,True,0,0,0,,,,,,1.497,,,,,,,0,,,,,,,,,,,,,,,,,,,,,,,,,,,,,,,,,,,,,,,,,,,,,,,,,,,,,,,,,,,,,,,,,,,,,,,,,,,,,,,,,,,,,,,,,,,,,,,,,,,,,,,,,,,,,,,,,,,,,,,,,,,,,,,,,,,,,,,,,,,,,,,,,,,,,,,,,,,,,,,,,,,,,,,,,,,,,,,,,,,,,,,,,,,,,,,,,,,,,,,,,,,,,,,,,,,,,,,,,,,,,,,,,43686.95348837209,38.674546279069766,26.30359093023256,12.369005744186047,2.7070628139534887,,106.48553918428004,,26.18580123802945,1,0,True,,0,3461.203125,3438.3564453125,0.0,4983.43359375,1058.9375,7102.26953125,102.32421875,0.0,0.0,../../tmp/final_generalization_n5_artifacts_20260827/seed9_run4_full.attempt1.memory.csv,True,True,../../tmp/final_generalization_n5_artifacts_20260827/seed9_run4_full.attempt1.performance.csv,3,433,,
seed9,5,adaptive,133,1,,strict-burst,cpp,True,True,,,,,,,,,,,,,0,30,30,30,0,5,9,0,0,0,0,0,0,0,30,62,0,0,0,15,14,0,23,29,27.501339197158813,0.9483220412813383,4.042067527770996,,,,,,,,,,,,,,,,,,,,,,,,,,,,,,,80.75,5,5,0,0.364,True,1042220,0,0.395,0.195,,,,,,,0,,,,,,,,,,,../../tmp/final_generalization_n5_artifacts_20260827/seed9_run5_adaptive.json,8074,7416,1.234,-0.842,1.664,-25.734,24.025,-26.719,24.37,231.491,7.001,7.000918,7.000918,7.0005,7.0,0.01,True,0,0,0,,,,,,0.0,1787771485.240168,2.916,1.69,1787771486.04861,4.944,3.441,0,,,,,,,,,,,,,,,,,,,,,,,,,,,,,,,,,,,,,,,,,,,,,,,,,,,,,,,,,,,,,,,,,,,,,,,,,,60,True,0.6,1.2,1.5,2,1.5,432,310,122,5,/rog_map/commit_version,0.12,0.1,0.25,0,True,/rog_map/cloud_process_ack,/sector/full_refresh_request,308,308,31,79,79,False,0,1,79,0,0,0,79,False,109,109,0,308,0,308,1787771565550398271,308,1,0.348376,0.875676,0.048654,0.125648,0.182627,1.181949,6000,1768348,719590,71.759,18507589,11126027,60.116,True,68.287,True,74.306,74.481,True,0.6,1.4,1.5,0.2,3,2.897002,1,1,0,1787771504.12,1787771504.12,1787771504.27,1787771547.37,1787771548.58,1.20983,,,29,1.20983,0,True,True,False,0.6,1.4,3,15,False,26,26,12,11,19.907,454,267,10,1787771485.24,1787771485.24,/planning/trajectory_guard_recovery_active,2.5,0,0,True,True,60,30,5,4,30,False,1,30,30,0,0,0,0.048332,0.063213,False,0,66.667,137,151,107,103,31.713,34.954,1787771487.64,,,,,,,,,,,,,,,,,,,,,,,36081.02597402597,29.3637750974026,18.83191103896104,10.530002012987012,2.8780505551948052,60.116,80.52047387369441,3.3315175349045796,26.935713823100073,1,0,True,,0,3422.6328125,3398.58984375,0.0,4973.9375,1058.9375,7102.96875,102.32421875,0.0,0.0,../../tmp/final_generalization_n5_artifacts_20260827/seed9_run5_adaptive.attempt1.memory.csv,True,True,../../tmp/final_generalization_n5_artifacts_20260827/seed9_run5_adaptive.attempt1.performance.csv,0,308,,
seed9,5,full,134,2,,strict-burst,direct,True,True,,,,,,,,,,,,,0,0,0,0,0,10,14,0,0,0,0,0,0,0,33,54,0,1,0,19,12,0,27,32,32.197242975234985,1.0061638429760933,3.7925140857696533,,,,,,,,,,,,,,,,,,,,,,,,,,,,,,,83.48,5,5,0,0.365,True,1042220,0,0.459,0.259,,,,,,,0,,,,,,,,,,,../../tmp/final_generalization_n5_artifacts_20260827/seed9_run5_full.json,8347,7777,0.932,-1.157,2.224,-27.145,24.025,-29.916,24.025,232.506,7.0,7.002511,7.002512,7.000225,7.0,0.01,True,0,0,0,,,,,,1.486,,,,,,,0,,,,,,,,,,,,,,,,,,,,,,,,,,,,,,,,,,,,,,,,,,,,,,,,,,,,,,,,,,,,,,,,,,,,,,,,,,,,,,,,,,,,,,,,,,,,,,,,,,,,,,,,,,,,,,,,,,,,,,,,,,,,,,,,,,,,,,,,,,,,,,,,,,,,,,,,,,,,,,,,,,,,,,,,,,,,,,,,,,,,,,,,,,,,,,,,,,,,,,,,,,,,,,,,,,,,,,,,,,,,,,,,,41389.57457212714,35.81135085574572,23.9847097799511,11.824710513447432,2.6312363569682153,,83.3456034610002,,25.4509704239782,1,0,True,,0,3442.7265625,3419.728515625,0.0,4906.328125,1058.6875,7156.19921875,102.32421875,0.0,0.0,../../tmp/final_generalization_n5_artifacts_20260827/seed9_run5_full.attempt1.memory.csv,True,True,../../tmp/final_generalization_n5_artifacts_20260827/seed9_run5_full.attempt1.performance.csv,0,409,,
seed9,5,sector,135,3,,strict-burst,cpp,True,True,,,,,,,,,,,,,0,0,0,0,0,6,8,0,0,0,0,0,0,0,38,64,0,2,0,20,15,0,30,37,36.80927038192749,0.9948451454574997,4.183535814285278,,,,,,,,,,,,,,,,,,,,,,,,,,,,,,,86.53,5,5,0,0.318,True,1042220,0,0.438,0.238,,,,,,,0,,,,,,,,,,,../../tmp/final_generalization_n5_artifacts_20260827/seed9_run5_sector.json,8652,8020,0.929,-1.134,2.211,-26.158,24.187,-26.646,24.096,235.875,6.999,7.002684,7.002684,6.998668,7.0,0.01,True,0,0,0,,,,,,0.0,,,,,,,0,,,,,,,,,,,,,,,,,,,,,,,,,,,,,,,,,,,,,,,,,,,,,,,,,,,,,,,,,,,,,,,,,,,,,,,,,,60,True,0.6,1.2,1.5,2,0.2,420,420,0,0,/rog_map/commit_version,0.12,0.1,0,0,False,/rog_map/cloud_process_ack,/sector/full_refresh_request,0,0,0,0,0,False,0,0,0,0,0,0,0,False,0,0,0,0,0,0,0,0,0,0,0,0,0,0,0,6000,0,0,100,17030543,9269918,54.431,False,0,False,0,0,False,0,0,1.5,0,1.5,1.5,0,0,0,,,,,,,,,0,0,,False,False,False,0,0,5,15,False,0,0,0,0,0,0,0,0,,,/planning/trajectory_guard_recovery_active,2.5,0,0,False,False,0,0,0,0,0,False,0,0,0,0,0,0,0,0,False,0,0,0,0,0,0,0,0,,,,,,,,,,,,,,,,,,,,,,,,22372.410194174758,14.453339878640778,9.93053973300971,4.520960388349515,1.3483523398058253,54.431,68.54253748866695,3.069862347896633,27.265774006048,1,0,True,,0,3327.2734375,3302.947265625,0.0,5043.46484375,1058.6875,7017.9609375,102.32421875,0.0,0.0,../../tmp/final_generalization_n5_artifacts_20260827/seed9_run5_sector.attempt1.memory.csv,True,True,../../tmp/final_generalization_n5_artifacts_20260827/seed9_run5_sector.attempt1.performance.csv,0,412,,
seed10,1,full,136,1,,strict-burst,direct,True,True,,,,,,,,,,,,,0,0,0,0,0,12,17,0,0,0,0,0,0,0,21,54,0,0,0,10,11,0,14,21,25.529508113861084,1.2156908625648135,3.8202638626098633,,,,,,,,,,,,,,,,,,,,,,,,,,,,,,,79.0,5,5,0,0.351,True,1042220,0,0.385,0.185,,,,,,,0,,,,,,,,,,,../../tmp/final_generalization_n5_artifacts_20260827/seed10_run1_full.json,7899,7400,1.377,-0.517,1.258,-25.683,24.025,-24.323,28.786,236.182,7.0,7.000921,7.000921,7.000077,7.0,0.01,True,0,0,0,,,,,,1.471,,,,,,,0,,,,,,,,,,,,,,,,,,,,,,,,,,,,,,,,,,,,,,,,,,,,,,,,,,,,,,,,,,,,,,,,,,,,,,,,,,,,,,,,,,,,,,,,,,,,,,,,,,,,,,,,,,,,,,,,,,,,,,,,,,,,,,,,,,,,,,,,,,,,,,,,,,,,,,,,,,,,,,,,,,,,,,,,,,,,,,,,,,,,,,,,,,,,,,,,,,,,,,,,,,,,,,,,,,,,,,,,,,,,,,,,,43357.331896551725,37.98735021551724,25.909125431034482,12.07610338362069,2.489478010775862,,98.29852210940346,,26.016199653336102,1,0,True,,0,3455.4375,3432.6708984375,0.0,4929.8515625,1058.6875,7113.875,102.32421875,0.0,0.0,../../tmp/final_generalization_n5_artifacts_20260827/seed10_run1_full.attempt1.memory.csv,True,True,../../tmp/final_generalization_n5_artifacts_20260827/seed10_run1_full.attempt1.performance.csv,1,465,,
seed10,1,sector,137,2,,strict-burst,cpp,True,True,,,,,,,,,,,,,0,0,0,0,0,5,5,0,0,0,0,0,0,0,30,78,0,2,0,8,18,0,23,30,23.578383922576904,0.7859461307525635,2.325561285018921,,,,,,,,,,,,,,,,,,,,,,,,,,,,,,,76.33,5,5,0,0.416,True,1042220,0,0.449,0.249,,,,,,,0,,,,,,,,,,,../../tmp/final_generalization_n5_artifacts_20260827/seed10_run1_sector.json,7632,7025,0.048,0.028,1.532,-25.778,24.025,-24.496,27.094,232.849,7.0,7.000391,7.000391,6.99973,7.0,0.01,True,0,0,0,,,,,,0.056,,,,,,,0,,,,,,,,,,,,,,,,,,,,,,,,,,,,,,,,,,,,,,,,,,,,,,,,,,,,,,,,,,,,,,,,,,,,,,,,,,60,True,0.6,1.2,1.5,2,0.2,429,429,0,0,/rog_map/commit_version,0.12,0.1,0,0,False,/rog_map/cloud_process_ack,/sector/full_refresh_request,0,0,0,0,0,False,0,0,0,0,0,0,0,False,0,0,0,0,0,0,0,0,0,0,0,0,0,0,0,6000,0,0,100,17961873,9773864,54.415,False,0,False,0,0,False,0,0,1.5,0,1.5,1.5,0,0,0,,,,,,,,,0,0,,False,False,False,0,0,5,15,False,0,0,0,0,0,0,0,0,,,/planning/trajectory_guard_recovery_active,2.5,0,0,False,False,0,0,0,0,0,False,0,0,0,0,0,0,0,0,False,0,0,0,0,0,0,0,0,,,,,,,,,,,,,,,,,,,,,,,,23044.196682464455,14.628774383886256,10.053687180094787,4.573261516587677,1.3449319194312794,54.415,80.8410942577109,3.2261983383012387,25.30775332649127,1,0,True,,0,3308.3671875,3284.26953125,0.0,5030.94140625,1058.6875,6995.76171875,102.32421875,0.0,0.0,../../tmp/final_generalization_n5_artifacts_20260827/seed10_run1_sector.attempt1.memory.csv,True,True,../../tmp/final_generalization_n5_artifacts_20260827/seed10_run1_sector.attempt1.performance.csv,0,422,,
seed10,1,adaptive,138,3,,strict-burst,cpp,True,True,,,,,,,,,,,,,0,47,47,47,0,8,10,0,0,0,0,0,0,0,47,64,0,0,0,29,15,0,41,47,47.116052865982056,1.0024692099145118,1.9908344745635986,,,,,,,,,,,,,,,,,,,,,,,,,,,,,,,94.56,5,5,0,0.381,True,1042220,0,0.459,0.259,,,,,,,0,,,,,,,,,,,../../tmp/final_generalization_n5_artifacts_20260827/seed10_run1_adaptive.json,9455,8838,0.856,-1.215,1.659,-26.826,24.025,-24.584,24.981,237.984,7.0,7.000523,7.000522,6.999757,7.0,0.01,True,0,0,0,,,,,,0.44,1787771995.001389,-25.613,-5.441,1787771994.460981,-25.304,-3.447,0,,,,,,,,,,,,,,,,,,,,,,,,,,,,,,,,,,,,,,,,,,,,,,,,,,,,,,,,,,,,,,,,,,,,,,,,,,60,True,0.6,1.2,1.5,2,1.5,433,332,101,5,/rog_map/commit_version,0.12,0.1,0.25,0,True,/rog_map/cloud_process_ack,/sector/full_refresh_request,326,326,34,93,93,False,0,1,93,0,0,0,93,False,140,140,0,326,0,326,1787772037759919727,326,0,0.379444,0.856213,0.046895,0.07057,0.209985,1.277251,6000,2109468,875441,76.674,16270253,10653218,65.477,False,0,False,94.226,95.738,False,0.6,1.4,1.5,0.2,3,2.892282,0,0,0,,,,,,,,,0,0,,True,True,False,0.6,1.4,3,15,False,26,26,4,4,15.935,420,221,8,1787771944.62,1787771942.78,/planning/trajectory_guard_recovery_active,2.5,0,0,False,False,95,47,5,5,47,False,1,47,47,0,0,0,0.048019,0.081216,False,0,92.841,232,170,178,131,53.58,39.261,1787771942.78,,,,,,,,,,,,,,,,,,,,,,,32549.315950920245,30.898768865030675,19.978201993865028,10.918636595092025,2.6913261012269936,65.477,64.58863461470735,3.0736078192460115,26.175720624814893,1,0,True,,0,3432.10546875,3407.8046875,0.0,4856.16015625,1058.4375,7185.21484375,102.32421875,0.0,0.0,../../tmp/final_generalization_n5_artifacts_20260827/seed10_run1_adaptive.attempt1.memory.csv,True,True,../../tmp/final_generalization_n5_artifacts_20260827/seed10_run1_adaptive.attempt1.performance.csv,0,326,,
seed10,2,sector,139,1,,strict-burst,cpp,True,True,,,,,,,,,,,,,0,0,0,0,0,12,15,0,0,0,0,0,0,0,38,87,0,0,0,18,20,0,25,37,33.31751298904419,0.9004733240282213,2.5764808654785156,,,,,,,,,,,,,,,,,,,,,,,,,,,,,,,90.21,5,5,0,0.383,True,1042220,0,0.433,0.233,,,,,,,0,,,,,,,,,,,../../tmp/final_generalization_n5_artifacts_20260827/seed10_run2_sector.json,9020,8340,0.434,-1.395,1.821,-26.458,24.123,-24.67,27.109,246.21,7.0,7.000905,7.000904,6.999966,7.0,0.01,True,0,0,0,,,,,,0.0,,,,,,,0,,,,,,,,,,,,,,,,,,,,,,,,,,,,,,,,,,,,,,,,,,,,,,,,,,,,,,,,,,,,,,,,,,,,,,,,,,60,True,0.6,1.2,1.5,2,0.2,464,464,0,0,/rog_map/commit_version,0.12,0.1,0,0,False,/rog_map/cloud_process_ack,/sector/full_refresh_request,0,0,0,0,0,False,0,0,0,0,0,0,0,False,0,0,0,0,0,0,0,0,0,0,0,0,0,0,0,6000,0,0,100,19493162,10564235,54.195,False,0,False,0,0,False,0,0,1.5,0,1.5,1.5,0,0,0,,,,,,,,,0,0,,False,False,False,0,0,5,15,False,0,0,0,0,0,0,0,0,,,/planning/trajectory_guard_recovery_active,2.5,0,0,False,False,0,0,0,0,0,False,0,0,0,0,0,0,0,0,False,0,0,0,0,0,0,0,0,,,,,,,,,,,,,,,,,,,,,,,,23114.444933920706,14.077769273127753,9.728394647577092,4.347580925110132,1.259565345814978,54.195,74.06425027603339,3.188489154517703,,1,0,True,,0,3320.32421875,3296.2783203125,0.0,4959.921875,1058.4375,7077.24609375,102.32421875,0.0,0.0,../../tmp/final_generalization_n5_artifacts_20260827/seed10_run2_sector.attempt1.memory.csv,True,True,../../tmp/final_generalization_n5_artifacts_20260827/seed10_run2_sector.attempt1.performance.csv,0,454,,
seed10,2,adaptive,140,2,,strict-burst,cpp,True,True,,,,,,,,,,,,,0,37,37,37,0,4,8,0,0,0,0,0,0,0,37,65,0,0,0,21,15,0,33,36,31.05567193031311,0.8626575536198087,4.8491668701171875,,,,,,,,,,,,,,,,,,,,,,,,,,,,,,,85.86,5,5,0,0.42,True,1042220,0,0.464,0.264,,,,,,,0,,,,,,,,,,,../../tmp/final_generalization_n5_artifacts_20260827/seed10_run2_adaptive.json,8585,7900,0.881,-1.18,1.551,-26.125,24.1,-24.675,29.574,236.638,6.999,7.003798,7.003798,6.999064,7.0,0.01,True,0,0,0,,,,,,0.52,1787772148.184936,1.036,0.919,1787772155.566883,14.039,14.83,0,,,,,,,,,,,,,,,,,,,,,,,,,,,,,,,,,,,,,,,,,,,,,,,,,,,,,,,,,,,,,,,,,,,,,,,,,,60,True,0.6,1.2,1.5,2,1.5,432,325,107,5,/rog_map/commit_version,0.12,0.1,0.25,0,True,/rog_map/cloud_process_ack,/sector/full_refresh_request,319,319,25,92,92,False,0,1,92,0,0,0,92,False,129,129,0,319,0,319,1787772234061925724,319,0,0.339805,0.665758,0.04802,0.127067,0.191139,1.056917,6000,1994024,858000,75.231,17211747,11073113,64.335,False,0,True,87.731,89.998,False,0.6,1.4,1.5,0.2,3,2.8895,0,0,0,,,,,,,,,0,0,,True,True,False,0.6,1.4,3,15,False,26,26,11,10,16.667,479,249,9,1787772151.39,1787772148.18,/planning/trajectory_guard_recovery_active,2.5,0,0,True,True,74,37,7,6,37,False,1,37,37,0,0,0,0.049404,0.112597,False,0,84.259,171,193,132,142,39.583,44.676,1787772148.18,,,,,,,,,,,,,,,,,,,,,,,34579.83385579937,31.46231940438871,20.245648652037616,11.214782727272727,2.874436438871473,64.335,77.04375783563827,3.2913563592055066,26.197729893332905,1,0,True,,0,3440.31640625,3416.4375,0.0,4824.62890625,1058.4375,7203.671875,102.32421875,0.0,0.0,../../tmp/final_generalization_n5_artifacts_20260827/seed10_run2_adaptive.attempt1.memory.csv,True,True,../../tmp/final_generalization_n5_artifacts_20260827/seed10_run2_adaptive.attempt1.performance.csv,0,319,,
seed10,2,full,141,3,,strict-burst,direct,True,True,,,,,,,,,,,,,0,0,0,0,0,7,7,0,0,0,0,0,0,0,19,46,0,2,0,10,9,0,12,18,16.098742485046387,0.8943745825025771,1.4305813312530518,,,,,,,,,,,,,,,,,,,,,,,,,,,,,,,72.08,5,5,0,0.353,True,1042220,0,0.46,0.26,,,,,,,0,,,,,,,,,,,../../tmp/final_generalization_n5_artifacts_20260827/seed10_run2_full.json,7207,6590,0.837,-1.211,1.914,-25.717,24.142,-25.418,27.771,236.42,7.0,7.002589,7.002589,6.999954,7.0,0.01,True,0,0,0,,,,,,1.472,,,,,,,0,,,,,,,,,,,,,,,,,,,,,,,,,,,,,,,,,,,,,,,,,,,,,,,,,,,,,,,,,,,,,,,,,,,,,,,,,,,,,,,,,,,,,,,,,,,,,,,,,,,,,,,,,,,,,,,,,,,,,,,,,,,,,,,,,,,,,,,,,,,,,,,,,,,,,,,,,,,,,,,,,,,,,,,,,,,,,,,,,,,,,,,,,,,,,,,,,,,,,,,,,,,,,,,,,,,,,,,,,,,,,,,,,42202.13711583924,38.504587943262415,26.040586052009456,12.462097399527188,2.7183456761229317,,104.67661687556796,,25.63729696441626,1,0,True,,0,3438.83203125,3415.900390625,0.0,4934.11328125,1058.4375,7108.7734375,102.32421875,0.0,0.0,../../tmp/final_generalization_n5_artifacts_20260827/seed10_run2_full.attempt1.memory.csv,True,True,../../tmp/final_generalization_n5_artifacts_20260827/seed10_run2_full.attempt1.performance.csv,2,425,,
seed10,3,adaptive,142,1,,strict-burst,cpp,True,True,,,,,,,,,,,,,0,30,30,30,0,9,16,0,0,0,0,0,0,0,30,64,0,1,0,16,14,0,25,30,31.174874782562256,1.0391624927520753,2.3112049102783203,,,,,,,,,,,,,,,,,,,,,,,,,,,,,,,82.87,5,5,0,0.379,True,1042220,0,0.464,0.264,,,,,,,0,,,,,,,,,,,../../tmp/final_generalization_n5_artifacts_20260827/seed10_run3_adaptive.json,8286,7650,0.783,-1.202,1.764,-26.307,24.163,-24.552,28.13,238.165,7.0,7.001814,7.001814,6.99989,7.0,0.01,True,0,0,0,,,,,,1.434,1787772332.710177,10.785,11.869,1787772332.516927,10.68,11.907,0,,,,,,,,,,,,,,,,,,,,,,,,,,,,,,,,,,,,,,,,,,,,,,,,,,,,,,,,,,,,,,,,,,,,,,,,,,60,True,0.6,1.2,1.5,2,1.5,430,314,116,5,/rog_map/commit_version,0.12,0.1,0.25,0,True,/rog_map/cloud_process_ack,/sector/full_refresh_request,307,307,30,87,87,False,0,1,87,0,0,0,87,False,117,117,0,307,0,307,1787772410317608385,307,0,0.344141,0.653255,0.049692,0.097426,0.188675,0.884196,6000,1868589,832106,73.023,17665904,11198023,63.388,True,64.419,True,86.279,88.359,True,0.6,1.4,1.5,0.2,3,2.894943,1,1,0,1787772352.6,1787772352.6,1787772352.94,1787772392.19,1787772393.39,1.200074,,,27,1.200074,0,True,True,False,0.6,1.4,3,15,False,27,27,8,7,18.372,493,273,9,1787772326.79,1787772326.79,/planning/trajectory_guard_recovery_active,2.5,0,0,False,True,61,30,6,5,30,False,1,30,30,0,0,0,0.051355,0.080585,False,0,82.326,158,196,124,142,36.744,45.581,1787772327.14,,,,,,,,,,,,,,,,,,,,,,,36411.11111111111,31.628926241830065,20.215354379084967,11.411623006535947,2.9959157875816995,63.388,79.63691156348243,3.224261324314755,26.243384400694016,1,0,True,,0,3444.5234375,3420.4580078125,0.0,4823.21875,1058.4375,7217.0625,102.32421875,0.0,0.0,../../tmp/final_generalization_n5_artifacts_20260827/seed10_run3_adaptive.attempt1.memory.csv,True,True,../../tmp/final_generalization_n5_artifacts_20260827/seed10_run3_adaptive.attempt1.performance.csv,1,307,,
seed10,3,full,143,2,,strict-burst,direct,True,True,,,,,,,,,,,,,0,0,0,0,0,9,12,0,0,0,0,0,0,0,35,61,0,0,0,19,12,0,25,35,35.83366680145264,1.0238190514700753,3.046933174133301,,,,,,,,,,,,,,,,,,,,,,,,,,,,,,,89.03,5,5,0,0.386,True,1042220,0,0.392,0.192,,,,,,,0,,,,,,,,,,,../../tmp/final_generalization_n5_artifacts_20260827/seed10_run3_full.json,8903,8281,1.317,-0.699,1.223,-26.662,24.263,-27.39,27.663,240.517,6.999,7.002459,7.002459,6.999059,7.0,0.01,True,0,0,0,,,,,,1.49,,,,,,,0,,,,,,,,,,,,,,,,,,,,,,,,,,,,,,,,,,,,,,,,,,,,,,,,,,,,,,,,,,,,,,,,,,,,,,,,,,,,,,,,,,,,,,,,,,,,,,,,,,,,,,,,,,,,,,,,,,,,,,,,,,,,,,,,,,,,,,,,,,,,,,,,,,,,,,,,,,,,,,,,,,,,,,,,,,,,,,,,,,,,,,,,,,,,,,,,,,,,,,,,,,,,,,,,,,,,,,,,,,,,,,,,,43086.67721518988,35.17933924050633,24.06285864978903,11.114511772151898,2.3143300928270043,,83.21972738096413,,22.88684353716163,1,0,True,,0,3449.92578125,3426.923828125,0.0,4912.75,1058.4375,7132.64453125,102.32421875,0.0,0.0,../../tmp/final_generalization_n5_artifacts_20260827/seed10_run3_full.attempt1.memory.csv,True,True,../../tmp/final_generalization_n5_artifacts_20260827/seed10_run3_full.attempt1.performance.csv,4,478,,
seed10,3,sector,144,3,,strict-burst,cpp,True,True,,,,,,,,,,,,,0,0,0,0,0,3,5,0,0,0,0,0,0,0,26,53,0,1,0,12,12,0,20,26,25.43200421333313,0.9781540082051203,3.2023916244506836,,,,,,,,,,,,,,,,,,,,,,,,,,,,,,,78.03,5,5,0,0.364,True,1042220,0,0.45,0.25,,,,,,,0,,,,,,,,,,,../../tmp/final_generalization_n5_artifacts_20260827/seed10_run3_sector.json,7802,7150,0.756,-1.294,1.217,-26.153,24.025,-25.154,27.211,232.153,6.999,7.001406,7.001406,6.998581,7.0,0.01,True,0,0,0,,,,,,1.498,,,,,,,0,,,,,,,,,,,,,,,,,,,,,,,,,,,,,,,,,,,,,,,,,,,,,,,,,,,,,,,,,,,,,,,,,,,,,,,,,,60,True,0.6,1.2,1.5,2,0.2,423,423,0,0,/rog_map/commit_version,0.12,0.1,0,0,False,/rog_map/cloud_process_ack,/sector/full_refresh_request,0,0,0,0,0,False,0,0,0,0,0,0,0,False,0,0,0,0,0,0,0,0,0,0,0,0,0,0,0,6000,0,0,100,17434159,9428740,54.082,False,0,False,0,0,False,0,0,1.5,0,1.5,1.5,0,0,0,,,,,,,,,0,0,,False,False,False,0,0,5,15,False,0,0,0,0,0,0,0,0,,,/planning/trajectory_guard_recovery_active,2.5,0,0,False,False,0,0,0,0,0,False,0,0,0,0,0,0,0,0,False,0,0,0,0,0,0,0,0,,,,,,,,,,,,,,,,,,,,,,,,22622.045893719805,14.405127777777778,9.78180961352657,4.621638173913044,1.3969861400966184,54.082,77.7380886785497,3.123623309420632,25.77779536239068,1,0,True,,0,3304.921875,3280.7529296875,0.0,4908.78125,1058.4375,7027.39453125,102.32421875,0.0,0.0,../../tmp/final_generalization_n5_artifacts_20260827/seed10_run3_sector.attempt1.memory.csv,True,True,../../tmp/final_generalization_n5_artifacts_20260827/seed10_run3_sector.attempt1.performance.csv,1,415,,
seed10,4,full,145,1,,strict-burst,direct,True,True,,,,,,,,,,,,,0,0,0,0,0,14,27,0,0,0,0,0,0,0,25,56,0,2,0,13,11,0,15,25,34.178056478500366,1.3671222591400147,7.697957754135132,,,,,,,,,,,,,,,,,,,,,,,,,,,,,,,86.19,5,5,0,0.38,True,1042220,0,0.465,0.265,,,,,,,0,,,,,,,,,,,../../tmp/final_generalization_n5_artifacts_20260827/seed10_run4_full.json,8618,7768,1.382,-0.492,1.107,-25.41,24.025,-24.517,29.373,235.686,6.996,7.002185,7.002186,6.99644,7.0,0.01,True,0,0,0,,,,,,1.467,,,,,,,0,,,,,,,,,,,,,,,,,,,,,,,,,,,,,,,,,,,,,,,,,,,,,,,,,,,,,,,,,,,,,,,,,,,,,,,,,,,,,,,,,,,,,,,,,,,,,,,,,,,,,,,,,,,,,,,,,,,,,,,,,,,,,,,,,,,,,,,,,,,,,,,,,,,,,,,,,,,,,,,,,,,,,,,,,,,,,,,,,,,,,,,,,,,,,,,,,,,,,,,,,,,,,,,,,,,,,,,,,,,,,,,,,39556.494339622644,36.30683849056604,24.997431509433962,11.307441603773585,2.1956813490566036,,94.4792680978301,,,1,0,True,,0,3467.8203125,3444.7802734375,0.0,4903.625,1058.4375,7145.09375,102.32421875,0.0,0.0,../../tmp/final_generalization_n5_artifacts_20260827/seed10_run4_full.attempt1.memory.csv,True,True,../../tmp/final_generalization_n5_artifacts_20260827/seed10_run4_full.attempt1.performance.csv,2,532,,
seed10,4,sector,146,2,,strict-burst,cpp,True,True,,,,,,,,,,,,,0,0,0,0,0,11,16,0,0,0,0,0,0,0,36,94,0,0,0,15,20,0,26,36,33.76807260513306,0.9380020168092515,3.422957181930542,,,,,,,,,,,,,,,,,,,,,,,,,,,,,,,87.45,5,5,0,0.222,True,1042220,0,0.232,0.032,,,,,,,0,,,,,,,,,,,../../tmp/final_generalization_n5_artifacts_20260827/seed10_run4_sector.json,8744,8100,1.123,-0.935,1.155,-25.955,24.147,-25.593,28.744,245.185,7.001,7.002289,7.002289,7.000524,7.0,0.01,True,0,0,0,,,,,,1.021,,,,,,,0,,,,,,,,,,,,,,,,,,,,,,,,,,,,,,,,,,,,,,,,,,,,,,,,,,,,,,,,,,,,,,,,,,,,,,,,,,60,True,0.6,1.2,1.5,2,0.2,445,445,0,0,/rog_map/commit_version,0.12,0.1,0,0,False,/rog_map/cloud_process_ack,/sector/full_refresh_request,0,0,0,0,0,False,0,0,0,0,0,0,0,False,0,0,0,0,0,0,0,0,0,0,0,0,0,0,0,6000,0,0,100,18539158,10659889,57.499,False,0,False,0,0,False,0,0,1.5,0,1.5,1.5,0,0,0,,,,,,,,,0,0,,False,False,False,0,0,5,15,False,0,0,0,0,0,0,0,0,,,/planning/trajectory_guard_recovery_active,2.5,0,0,False,False,0,0,0,0,0,False,0,0,0,0,0,0,0,0,False,0,0,0,0,0,0,0,0,,,,,,,,,,,,,,,,,,,,,,,,24586.151515151516,13.84669662004662,9.477896363636363,4.367142445221445,1.2799721538461537,57.499,71.07514032800718,3.1344535268289406,24.714127508233602,1,0,True,,0,3328.1953125,3304.2998046875,0.0,4936.19140625,1058.1875,7110.5703125,102.30859375,0.0,0.0,../../tmp/final_generalization_n5_artifacts_20260827/seed10_run4_sector.attempt1.memory.csv,True,True,../../tmp/final_generalization_n5_artifacts_20260827/seed10_run4_sector.attempt1.performance.csv,0,429,,
seed10,4,adaptive,147,3,,strict-burst,cpp,True,True,,,,,,,,,,,,,0,31,31,31,0,11,20,0,0,0,0,0,0,0,31,71,0,0,0,12,15,0,20,31,38.71232604980469,1.2487847112840222,12.964717626571655,,,,,,,,,,,,,,,,,,,,,,,,,,,,,,,89.5,5,5,0,0.306,True,1042220,0,0.406,0.206,,,,,,,0,,,,,,,,,,,../../tmp/final_generalization_n5_artifacts_20260827/seed10_run4_adaptive.json,8949,8187,1.311,-0.596,1.619,-25.77,24.139,-24.395,30.303,239.71,7.0,7.001527,7.001527,6.999571,7.0,0.01,True,0,0,0,,,,,,0.0,1787772804.362669,0.932,0.847,1787772816.433291,24.025,24.025,0,,,,,,,,,,,,,,,,,,,,,,,,,,,,,,,,,,,,,,,,,,,,,,,,,,,,,,,,,,,,,,,,,,,,,,,,,,60,True,0.6,1.2,1.5,2,1.5,469,339,130,5,/rog_map/commit_version,0.12,0.1,0.25,0,True,/rog_map/cloud_process_ack,/sector/full_refresh_request,332,332,31,97,97,False,0,1,97,0,0,0,97,False,128,128,0,332,0,332,1787772893934941860,332,0,0.358412,0.939575,0.043502,0.125903,0.186668,0.939575,6000,1987622,904817,72.281,19411220,12042273,62.038,True,84.435,False,87.42,88.174,False,0.6,1.4,1.5,0.2,3,2.898002,1,1,1,1787772815.7,1787772815.7,1787772816.17,1787772826.95,1787772828.16,1.209878,1787772845.1,16.939975,43,1.209878,0,True,True,False,0.6,1.4,3,15,False,32,32,7,7,22.388,511,277,10,1787772808.77,1787772804.36,/planning/trajectory_guard_recovery_active,2.5,0,0,False,False,63,31,4,4,31,False,1,31,31,0,0,0,0.050224,0.098831,False,0,83.795,190,203,149,138,40.512,43.284,1787772804.36,,,,,,,,,,,,,,,,,,,,,,,36123.7921686747,30.00755780120482,19.25600021084337,10.749635361445783,2.7926868373493976,62.038,77.36819298311003,3.1420258916284705,22.671419603499068,1,0,True,,0,3436.52734375,3412.4267578125,0.0,4817.328125,1058.1875,7222.86328125,102.30859375,0.0,0.0,../../tmp/final_generalization_n5_artifacts_20260827/seed10_run4_adaptive.attempt1.memory.csv,True,True,../../tmp/final_generalization_n5_artifacts_20260827/seed10_run4_adaptive.attempt1.performance.csv,0,332,,
seed10,5,sector,148,1,,strict-burst,cpp,True,True,,,,,,,,,,,,,0,0,0,0,0,9,13,0,0,0,0,0,0,0,36,108,0,0,0,12,23,0,23,36,34.224947452545166,0.9506929847929213,3.547151565551758,,,,,,,,,,,,,,,,,,,,,,,,,,,,,,,88.22,5,5,0,0.362,True,1042220,0,0.432,0.232,,,,,,,0,,,,,,,,,,,../../tmp/final_generalization_n5_artifacts_20260827/seed10_run5_sector.json,8821,8320,1.029,-1.057,1.478,-25.647,24.025,-24.533,25.314,239.98,7.0,7.001084,7.001084,6.999722,7.0,0.01,True,0,0,0,,,,,,0.138,,,,,,,0,,,,,,,,,,,,,,,,,,,,,,,,,,,,,,,,,,,,,,,,,,,,,,,,,,,,,,,,,,,,,,,,,,,,,,,,,,60,True,0.6,1.2,1.5,2,0.2,443,443,0,0,/rog_map/commit_version,0.12,0.1,0,0,False,/rog_map/cloud_process_ack,/sector/full_refresh_request,0,0,0,0,0,False,0,0,0,0,0,0,0,False,0,0,0,0,0,0,0,0,0,0,0,0,0,0,0,6000,0,0,100,18834073,10664052,56.621,False,0,False,0,0,False,0,0,1.5,0,1.5,1.5,0,0,0,,,,,,,,,0,0,,False,False,False,0,0,5,15,False,0,0,0,0,0,0,0,0,,,/planning/trajectory_guard_recovery_active,2.5,0,0,False,False,0,0,0,0,0,False,0,0,0,0,0,0,0,0,False,0,0,0,0,0,0,0,0,,,,,,,,,,,,,,,,,,,,,,,,24587.66976744186,13.751037186046512,9.419247720930233,4.330093,1.3120986930232559,56.621,70.79131169661657,3.0130987122137927,24.868423167819415,1,0,True,,0,3321.26171875,3297.146484375,0.0,5010.36328125,1058.1875,7044.5859375,102.30859375,0.0,0.0,../../tmp/final_generalization_n5_artifacts_20260827/seed10_run5_sector.attempt1.memory.csv,True,True,../../tmp/final_generalization_n5_artifacts_20260827/seed10_run5_sector.attempt1.performance.csv,0,430,,
seed10,5,adaptive,149,2,,strict-burst,cpp,True,True,,,,,,,,,,,,,0,46,46,46,0,14,17,0,0,0,0,0,0,0,46,86,0,1,0,26,18,0,39,46,47.8502459526062,1.0402227381001348,3.5862817764282227,,,,,,,,,,,,,,,,,,,,,,,,,,,,,,,96.3,5,5,0,0.382,True,1042220,0,0.456,0.256,,,,,,,0,,,,,,,,,,,../../tmp/final_generalization_n5_artifacts_20260827/seed10_run5_adaptive.json,9630,8860,1.223,-0.838,1.271,-25.831,24.13,-24.447,28.479,244.936,7.001,7.001207,7.001207,7.000556,7.0,0.01,True,0,0,0,,,,,,0.0,1787773028.26242,14.309,23.987,1787773028.075268,14.985,23.896,0,,,,,,,,,,,,,,,,,,,,,,,,,,,,,,,,,,,,,,,,,,,,,,,,,,,,,,,,,,,,,,,,,,,,,,,,,,60,True,0.6,1.2,1.5,2,1.5,430,325,105,5,/rog_map/commit_version,0.12,0.1,0.25,0,True,/rog_map/cloud_process_ack,/sector/full_refresh_request,320,320,32,106,106,False,0,1,106,0,0,0,106,False,152,152,0,320,0,320,1787773099970778357,320,0,0.370332,0.7644,0.046385,0.114347,0.215833,1.280691,6000,1710859,766556,75.581,17436581,11517105,66.051,True,61.163,True,94.651,95.791,True,0.6,1.4,1.5,0.2,3,2.897562,1,2,1,1787773040.93,1787773040.93,1787773041.44,1787773078.88,1787773080.09,1.209727,1787773094.72,14.628327,30,1.209727,0,True,True,False,0.6,1.4,3,15,False,24,24,5,4,15.814,456,238,8,1787773003.56,1787773003.56,/planning/trajectory_guard_recovery_active,2.5,0,0,False,True,93,46,4,3,46,False,1,46,46,0,0,0,0.04968,0.074732,False,0,93.023,213,187,169,134,49.535,43.488,1787773003.6,,,,,,,,,,,,,,,,,,,,,,,35881.1625,31.12427890625,19.881576468749998,11.24087959375,2.7687941062499997,66.051,66.24038174480737,3.1146938002608935,26.724647813901328,1,0,True,,0,3410.8984375,3386.8447265625,0.0,4819.02734375,1057.9375,7206.23828125,102.30859375,0.0,0.0,../../tmp/final_generalization_n5_artifacts_20260827/seed10_run5_adaptive.attempt1.memory.csv,True,True,../../tmp/final_generalization_n5_artifacts_20260827/seed10_run5_adaptive.attempt1.performance.csv,0,320,,
seed10,5,full,150,3,,strict-burst,direct,True,True,,,,,,,,,,,,,0,0,0,0,0,10,19,0,0,0,0,0,0,0,37,63,0,0,0,20,14,0,30,36,44.26072072982788,1.229464464717441,5.171389102935791,,,,,,,,,,,,,,,,,,,,,,,,,,,,,,,93.84,5,5,0,0.379,True,1042220,0,0.465,0.265,,,,,,,0,,,,,,,,,,,../../tmp/final_generalization_n5_artifacts_20260827/seed10_run5_full.json,9384,8690,0.708,-1.307,2.024,-26.769,24.025,-24.486,28.795,236.369,7.003,7.003012,7.003012,7.002879,7.0,0.01,True,0,0,0,,,,,,1.487,,,,,,,0,,,,,,,,,,,,,,,,,,,,,,,,,,,,,,,,,,,,,,,,,,,,,,,,,,,,,,,,,,,,,,,,,,,,,,,,,,,,,,,,,,,,,,,,,,,,,,,,,,,,,,,,,,,,,,,,,,,,,,,,,,,,,,,,,,,,,,,,,,,,,,,,,,,,,,,,,,,,,,,,,,,,,,,,,,,,,,,,,,,,,,,,,,,,,,,,,,,,,,,,,,,,,,,,,,,,,,,,,,,,,,,,,40144.93518518518,35.48595185185185,23.977302314814814,11.506407569444445,2.382873113425926,,77.31101657005617,,24.30222148796013,1,0,True,,0,3461.69921875,3438.7119140625,0.0,4758.75390625,1057.9375,7226.7265625,102.30859375,0.0,0.0,../../tmp/final_generalization_n5_artifacts_20260827/seed10_run5_full.attempt1.memory.csv,True,True,../../tmp/final_generalization_n5_artifacts_20260827/seed10_run5_full.attempt1.performance.csv,4,436,,
