map,run,mode,experiment_profile,success,run_valid,monitor_type,monitor_flight_cpu_pct,live_cloud_enabled,preflight_ready,preflight_cloud_messages,preflight_odom_messages,goal_messages,position_command_messages,trajectory_flag2_messages,trajectory_flag3_messages,guard_stop_detected,guard_stop_time_s,shadow_safe_candidates,shadow_unsafe_candidates,shadow_skipped_candidates,shadow_validated_candidates,shadow_geometric_unsafe,shadow_map_race,shadow_other_indeterminate,shadow_unsafe_exp,shadow_unsafe_appended_backup,shadow_unsafe_carry_backup,shadow_unsafe_stitch,shadow_validation_ms_mean,shadow_validation_ms_max,shadow_contact_events_with_epoch,shadow_contacts_with_prior_unsafe,shadow_contacts_without_prior_unsafe,shadow_geometric_unsafe_followed_by_contact,shadow_geometric_unsafe_not_followed_by_contact,shadow_nearest_prediction_error_s,shadow_correlated_segments,first_position_command_s,first_trajectory_flag2_s,first_trajectory_flag3_s,max_position_command_gap_s,first_motion_s,start_pose_error_m,start_pose_valid,odom_gap_limit_s,max_odom_gap_s,odom_gap_valid,mission_time_s,waypoints_reached,n_waypoints,collisions,min_clearance_m,static_pcd_collisions,static_pcd_min_distance_m,static_pcd_clearance_m,static_pcd_contact_r015,static_pcd_contact_r020,static_pcd_contact_r025,static_pcd_episodes_r015,static_pcd_episodes_r020,static_pcd_episodes_r025,contact_event_count,first_contact_kind,first_contact_time_s,first_contact_distance_m,first_contact_x,first_contact_y,first_contact_z,first_contact_speed_mps,first_contact_nearest_x,first_contact_nearest_y,first_contact_nearest_z,forensics_json,samples,clearance_samples,final_x,final_y,final_z,min_x,max_x,min_y,max_y,path_length_m,max_speed_mps,closest_final_goal_distance_m,observed_open_time_s,observed_open_x,observed_open_y,observed_close_time_s,observed_close_x,observed_close_y,trap_collisions,trap_min_surface_distance_m,trap_clearance_m,trap_x,trap_y,trigger_x,trigger_y,trigger_mismatch_deg,trap_count,trap_spacing_m,trap_start_offset_m,trap_first_distance_m,trap_last_distance_m,trigger_speed_mps,trap_input_time_s,trap_kept_time_s,trap_keep_delay_s,input_body_relative_deg,input_velocity_relative_deg,kept_body_relative_deg,kept_velocity_relative_deg,trigger_trap_distance_m,trigger_trap_body_relative_deg,trigger_trap_velocity_relative_deg,trigger_trap_angular_radius_deg,trigger_predicted_x,trigger_predicted_y,trigger_trap_nudge_deg,trigger_trap_nudge_lateral_m,event,valid_spawn,invalid_reasons,spawn_time_s,spawn_wall_time_s,trigger_evaluation_time_s,trigger_evaluation_wall_time_s,side,trigger_threshold_x,trigger_z,trigger_yaw_deg,trigger_velocity_yaw_deg,trigger_cruise_duration_s,trigger_cruise_qualified,min_trigger_speed_mps,min_cruise_s,max_trigger_abs_y_m,max_trigger_velocity_yaw_deg,trigger_abs_y_diagnostic_ok,trigger_velocity_yaw_diagnostic_ok,wall_x,blocker_x,blocker_y,wall_y_min,wall_y_max,short_endpoint_y,short_endpoint_x,long_endpoint_y,long_endpoint_x,short_endpoint_inner_edge_deg,long_endpoint_inner_edge_deg,barrier_frame,local_blocker_forward_m,local_short_endpoint_forward_m,local_short_endpoint_lateral_m,local_long_endpoint_forward_m,local_long_endpoint_lateral_m,wall_radius_m,wall_height_m,wall_cylinder_count,wall_center_spacing_m,wall_point_count,horizon_m,intensity,matched_prefix,filter_half_angle_deg,filter_stall_v,filter_stall_t,filter_resume_v,filter_resume_t,filter_velocity_yaw_update_v,filter_frames,filter_input_points,filter_kept_points,filter_kept_pct,filter_armed,filter_armed_duty_pct,filter_open,filter_open_duty_pct,filter_open_point_duty_pct,filter_arm_transitions,filter_open_transitions,filter_close_transitions,filter_first_transition_time_s,filter_first_arm_time_s,filter_first_stall_candidate_time_s,filter_first_open_stall_start_time_s,filter_first_open_time_s,filter_first_open_delay_s,filter_first_close_time_s,filter_first_open_duration_s,filter_stall_candidate_count,filter_max_stall_candidate_duration_s,filter_min_armed_closed_speed_mps,filter_replan_guard_en,filter_replan_fail_streak_open,filter_replan_ok_streak_close,filter_replan_guard_open,filter_replan_guard_open_transitions,filter_replan_guard_close_transitions,filter_replan_guard_open_duty_pct,filter_replan_status_count,filter_replan_fail_count,filter_max_replan_fail_streak,filter_first_replan_guard_open_time_s,recovery_triggered,recovery_reclosed,recovery_spawn_after_arm,recovery_open_after_spawn,recovery_open_during_hold,recovery_success,mission_driver_phase,mission_driver_start_delay_s,mission_driver_approach_radius_m,mission_driver_hold_low_speed_s,mission_driver_low_speed_v,mission_driver_approach_start_time_s,mission_driver_approach_start_wall_time_s,mission_driver_approach_start_speed_mps,mission_driver_hold_start_time_s,mission_driver_hold_start_wall_time_s,mission_driver_hold_start_speed_mps,mission_driver_hold_start_distance_m,mission_driver_release_time_s,mission_driver_release_wall_time_s,mission_driver_release_speed_mps,mission_driver_release_low_speed_duration_s,pts_mean,total_ms_mean,raycast_ms_mean,update_ms_mean,inflation_ms_mean,kept_pct,fsm_cpu_pct,filter_cpu_pct,monitor_cpu_pct,perf_row_start,perf_row_end,input_distance_m,kept_distance_m
seed1,1,full,,True,,,,,,,,,,,,,,,,,,,,,,,,,,,,,,,,,,,,,,,,,,,,59.67,5,5,0,0.376,0,,,,,,,,,0,,,,,,,,,,,../../tmp/guarded_3mode_n5_20260820_artifacts/seed1_run1_full.json,5966,4692,1.159,-0.882,1.584,-27.193,24.025,-24.211,24.792,222.632,6.999,0.0,,,,,,,0,,,,,,,,,,,,,,,,,,,,,,,,,,,,,,,,,,,,,,,,,,,,,,,,,,,,,,,,,,,,,,,,,,,,,,,,,,60.0,0.6,1.2,1.5,2.0,0.2,470,7121362,7121362,100.0,False,0.0,True,100.0,100.0,0,0,0,,,,,,,,,0,0.0,,True,5,15,False,0,0,0.0,0,0,0,,,,,,,,,,,,,,,,,,,,,,,,14439.201149425287,101.75755459770116,56.73574367816092,45.02026149425287,2.0464597413793104,100.0,150.83410912442884,8.563893844711792,18.81626688057014,0,348,,
seed1,1,sector,,True,,,,,,,,,,,,,,,,,,,,,,,,,,,,,,,,,,,,,,,,,,,,60.83,5,5,0,0.417,0,,,,,,,,,0,,,,,,,,,,,../../tmp/guarded_3mode_n5_20260820_artifacts/seed1_run1_sector.json,6079,4937,1.188,-0.889,1.465,-26.617,24.025,-25.128,24.476,221.979,7.0,0.997,1787198456.699018,2.014,1.873,1787198475.716716,-7.008,21.721,0,,,,,,,,,,,,,,,,,,,,,,,,,,,,,,,,,,,,,,,,,,,,,,,,,,,,,,,,,,,,,,,,,,,,,,,,,,60.0,0.6,1.2,1.5,2.0,0.2,581,8929910,8531833,95.542,False,0.0,False,89.845,92.978,0,0,0,,,,,,,,,0,0.0,,True,5,15,False,2,2,89.845,363,245,18,1787198456.697834,,,,,,,,,,,,,,,,,,,,,,,14549.365470852017,105.50566704035874,59.77415941704036,45.72982062780269,1.9427343744394618,95.542,170.88902294710692,10.670173819067712,20.13775030235077,0,446,,
seed1,1,adaptive,,True,,,,,,,,,,,,,,,,,,,,,,,,,,,,,,,,,,,,,,,,,,,,66.02,5,5,0,0.353,0,,,,,,,,,0,,,,,,,,,,,../../tmp/guarded_3mode_n5_20260820_artifacts/seed1_run1_adaptive.json,6602,5510,1.105,-0.966,1.451,-26.815,24.074,-24.0,24.918,224.792,7.006,0.194,1787198531.527862,5.516,5.335,,,,0,,,,,,,,,,,,,,,,,,,,,,,,,,,,,,,,,,,,,,,,,,,,,,,,,,,,,,,,,,,,,,,,,,,,,,,,,,60.0,0.6,1.2,1.5,2.0,1.5,529,8328826,7898819,94.837,True,68.053,False,89.036,91.352,1,1,1,1787198546.408663,1787198546.408663,1787198549.228898,1787198552.259091,1787198553.469064,1.209974,1787198563.869493,10.400429,26,1.209974,0.0,True,5,15,False,1,1,89.036,358,237,26,1787198531.527077,,,,,,,,,,,,,,,,,,,,,,,14758.02709359606,101.1186460591133,57.54279039408867,43.57427142857143,1.987100421182266,94.837,151.72724342276373,10.546488199332437,20.46339251618979,0,406,,
seed1,2,sector,,True,,,,,,,,,,,,,,,,,,,,,,,,,,,,,,,,,,,,,,,,,,,,64.32,5,5,0,0.373,0,,,,,,,,,0,,,,,,,,,,,../../tmp/guarded_3mode_n5_20260820_artifacts/seed1_run2_sector.json,6432,5128,1.053,-0.999,1.529,-26.913,24.025,-24.236,25.171,227.598,6.999,0.0,1787198606.873893,5.62,5.379,,,,0,,,,,,,,,,,,,,,,,,,,,,,,,,,,,,,,,,,,,,,,,,,,,,,,,,,,,,,,,,,,,,,,,,,,,,,,,,60.0,0.6,1.2,1.5,2.0,0.2,548,8954221,8573159,95.744,False,0.0,False,89.599,92.141,0,0,0,,,,,,,,,0,0.0,,True,5,15,True,1,0,89.599,388,271,25,1787198606.87299,,,,,,,,,,,,,,,,,,,,,,,14626.458549222798,103.51888963730569,58.14021373056995,45.377071502590674,2.09675218134715,95.744,153.812465147991,10.45845929687891,,0,386,,
seed1,2,adaptive,,True,,,,,,,,,,,,,,,,,,,,,,,,,,,,,,,,,,,,,,,,,,,,66.45,5,5,0,0.352,0,,,,,,,,,0,,,,,,,,,,,../../tmp/guarded_3mode_n5_20260820_artifacts/seed1_run2_adaptive.json,6640,5204,1.101,-0.971,1.425,-24.729,24.025,-24.353,25.403,222.674,7.0,0.0,1787198679.313432,0.457,2.356,1787198708.15973,-23.613,24.232,0,,,,,,,,,,,,,,,,,,,,,,,,,,,,,,,,,,,,,,,,,,,,,,,,,,,,,,,,,,,,,,,,,,,,,,,,,,60.0,0.6,1.2,1.5,2.0,1.5,555,8705321,8270030,95.0,True,87.387,False,87.928,92.003,1,1,1,1787198682.812238,1787198682.812238,1787198682.882302,1787198692.972265,1787198694.172339,1.200074,1787198699.243758,5.071419,38,1.200074,0.0,True,5,15,False,2,2,87.928,344,237,26,1787198679.312625,,,,,,,,,,,,,,,,,,,,,,,14716.747044917258,104.88986619385344,59.42321489361702,45.46496780141844,2.0271930425531917,95.0,157.39815952324884,10.928726475960332,21.59549804338937,0,423,,
seed1,2,full,,True,,,,,,,,,,,,,,,,,,,,,,,,,,,,,,,,,,,,,,,,,,,,62.04,5,5,0,0.403,0,,,,,,,,,0,,,,,,,,,,,../../tmp/guarded_3mode_n5_20260820_artifacts/seed1_run2_full.json,6200,4934,1.261,-0.81,1.579,-24.589,24.025,-25.515,25.91,226.41,7.0,0.219,,,,,,,0,,,,,,,,,,,,,,,,,,,,,,,,,,,,,,,,,,,,,,,,,,,,,,,,,,,,,,,,,,,,,,,,,,,,,,,,,,60.0,0.6,1.2,1.5,2.0,0.2,557,8760514,8760514,100.0,False,0.0,True,100.0,100.0,0,0,0,,,,,,,,,0,0.0,,True,5,15,False,0,0,0.0,0,0,0,,,,,,,,,,,,,,,,,,,,,,,,15135.678391959798,115.76052864321608,65.19287361809046,50.5660055276382,2.2331330175879396,100.0,172.74382165910316,10.192909968693359,22.068629160405525,0,398,,
seed1,3,adaptive,,True,,,,,,,,,,,,,,,,,,,,,,,,,,,,,,,,,,,,,,,,,,,,68.25,5,5,0,0.374,0,,,,,,,,,0,,,,,,,,,,,../../tmp/guarded_3mode_n5_20260820_artifacts/seed1_run3_adaptive.json,6823,5365,0.775,-1.268,1.263,-26.188,24.025,-24.16,25.301,227.185,7.001,0.0,1787198829.139068,3.94,7.443,,,,0,,,,,,,,,,,,,,,,,,,,,,,,,,,,,,,,,,,,,,,,,,,,,,,,,,,,,,,,,,,,,,,,,,,,,,,,,,60.0,0.6,1.2,1.5,2.0,1.5,495,7587514,7170714,94.507,True,63.434,True,87.677,90.813,1,1,0,1787198847.596001,1787198847.596001,1787198850.025964,1787198890.186482,1787198891.386628,1.200145,,,24,1.200145,0.0,True,5,15,True,1,0,87.677,339,220,23,1787198829.138142,,,,,,,,,,,,,,,,,,,,,,,13755.139275766016,101.39545877437325,56.81816267409471,44.57568857938718,2.107119668523677,94.507,140.78706361899754,9.902973269388175,19.394121794535803,0,359,,
seed1,3,full,,True,,,,,,,,,,,,,,,,,,,,,,,,,,,,,,,,,,,,,,,,,,,,65.29,5,5,0,0.335,0,,,,,,,,,0,,,,,,,,,,,../../tmp/guarded_3mode_n5_20260820_artifacts/seed1_run3_full.json,6527,5096,1.258,-0.76,2.263,-24.572,24.025,-24.211,25.397,223.647,7.0,0.0,,,,,,,0,,,,,,,,,,,,,,,,,,,,,,,,,,,,,,,,,,,,,,,,,,,,,,,,,,,,,,,,,,,,,,,,,,,,,,,,,,60.0,0.6,1.2,1.5,2.0,0.2,526,8439374,8439374,100.0,False,0.0,True,100.0,100.0,0,0,0,,,,,,,,,0,0.0,,True,5,15,False,0,0,0.0,0,0,0,,,,,,,,,,,,,,,,,,,,,,,,15615.896103896104,113.71365298701298,64.56492961038961,49.14667818181818,2.211488488311688,100.0,158.91927863007416,10.018645997498421,20.024461811265212,0,385,,
seed1,3,sector,,True,,,,,,,,,,,,,,,,,,,,,,,,,,,,,,,,,,,,,,,,,,,,55.65,5,5,0,0.411,0,,,,,,,,,0,,,,,,,,,,,../../tmp/guarded_3mode_n5_20260820_artifacts/seed1_run3_sector.json,5564,4495,1.117,-0.922,1.831,-26.43,24.025,-24.088,24.752,223.47,7.0,0.0,1787198981.504038,5.264,5.431,1787199026.21245,24.025,-23.975,0,,,,,,,,,,,,,,,,,,,,,,,,,,,,,,,,,,,,,,,,,,,,,,,,,,,,,,,,,,,,,,,,,,,,,,,,,,60.0,0.6,1.2,1.5,2.0,0.2,516,8031559,7634033,95.05,False,0.0,False,88.178,91.453,0,0,0,,,,,,,,,0,0.0,,True,5,15,True,2,1,88.178,335,231,17,1787198981.503207,,,,,,,,,,,,,,,,,,,,,,,14890.236180904523,103.24974221105528,59.402288944723615,43.84579278894472,2.0569898467336682,95.05,169.50065103632798,10.390924068651374,18.734011819583646,0,398,,
seed1,4,full,,True,,,,,,,,,,,,,,,,,,,,,,,,,,,,,,,,,,,,,,,,,,,,66.88,5,5,0,0.361,0,,,,,,,,,0,,,,,,,,,,,../../tmp/guarded_3mode_n5_20260820_artifacts/seed1_run4_full.json,6685,5338,0.809,-1.216,2.022,-24.571,24.025,-23.975,27.516,228.095,7.0,0.0,,,,,,,0,,,,,,,,,,,,,,,,,,,,,,,,,,,,,,,,,,,,,,,,,,,,,,,,,,,,,,,,,,,,,,,,,,,,,,,,,,60.0,0.6,1.2,1.5,2.0,0.2,530,8614224,8614224,100.0,False,0.0,True,100.0,100.0,0,0,0,,,,,,,,,0,0.0,,True,5,15,False,0,0,0.0,0,0,0,,,,,,,,,,,,,,,,,,,,,,,,15752.311688311689,111.21122623376624,62.59431402597403,48.61494285714286,2.2340299740259737,100.0,154.95102157847936,9.871464528114577,21.449178814811862,0,385,,
seed1,4,sector,,True,,,,,,,,,,,,,,,,,,,,,,,,,,,,,,,,,,,,,,,,,,,,62.14,5,5,0,0.435,0,,,,,,,,,0,,,,,,,,,,,../../tmp/guarded_3mode_n5_20260820_artifacts/seed1_run4_sector.json,6213,5139,1.159,-0.889,2.091,-24.828,24.025,-24.23,25.006,225.999,7.001,0.0,1787199122.520039,1.028,3.076,,,,0,,,,,,,,,,,,,,,,,,,,,,,,,,,,,,,,,,,,,,,,,,,,,,,,,,,,,,,,,,,,,,,,,,,,,,,,,,60.0,0.6,1.2,1.5,2.0,0.2,493,7592279,7284215,95.942,False,0.0,False,90.061,93.596,0,0,0,,,,,,,,,0,0.0,,True,5,15,True,1,0,90.061,316,228,18,1787199122.519134,,,,,,,,,,,,,,,,,,,,,,,14672.291553133515,106.01296267029971,59.998274386920976,46.012858310626704,2.170355272479564,95.942,150.99357761346695,10.066924625479723,21.181904781551065,0,367,,
seed1,4,adaptive,,True,,,,,,,,,,,,,,,,,,,,,,,,,,,,,,,,,,,,,,,,,,,,68.73,5,5,0,0.419,0,,,,,,,,,0,,,,,,,,,,,../../tmp/guarded_3mode_n5_20260820_artifacts/seed1_run4_adaptive.json,6869,5472,1.272,-0.697,1.188,-26.86,24.025,-24.757,27.397,224.481,7.001,0.0,1787199194.850867,0.51,2.111,,,,0,,,,,,,,,,,,,,,,,,,,,,,,,,,,,,,,,,,,,,,,,,,,,,,,,,,,,,,,,,,,,,,,,,,,,,,,,,60.0,0.6,1.2,1.5,2.0,1.5,539,8130135,7820203,96.188,True,83.117,True,90.724,93.906,1,1,0,1787199204.996058,1787199204.996058,1787199206.146364,1787199213.336142,1787199214.536195,1.200052,,,6,1.200052,0.0,True,5,15,True,1,0,90.724,334,223,15,1787199194.84962,,,,,,,,,,,,,,,,,,,,,,,14339.6990521327,97.53670592417062,55.481184834123226,42.053432938388625,1.826947059241706,96.188,142.83668428296002,10.146032067420533,,0,422,,
seed1,5,sector,,True,,,,,,,,,,,,,,,,,,,,,,,,,,,,,,,,,,,,,,,,,,,,68.06,5,5,0,0.371,0,,,,,,,,,0,,,,,,,,,,,../../tmp/guarded_3mode_n5_20260820_artifacts/seed1_run5_sector.json,6803,5430,1.027,-1.055,1.839,-26.589,24.025,-23.975,26.319,224.291,7.004,0.0,1787199273.936416,1.242,3.478,,,,0,,,,,,,,,,,,,,,,,,,,,,,,,,,,,,,,,,,,,,,,,,,,,,,,,,,,,,,,,,,,,,,,,,,,,,,,,,60.0,0.6,1.2,1.5,2.0,0.2,595,9550209,9206966,96.406,False,0.0,False,90.756,93.989,0,0,0,,,,,,,,,0,0.0,,True,5,15,True,1,0,90.756,381,251,28,1787199273.935568,,,,,,,,,,,,,,,,,,,,,,,15373.482300884956,105.07460553097344,59.949121902654866,45.123849336283186,1.9042193761061947,96.406,157.03017238374707,10.987816600395524,21.492631835707495,0,452,,
seed1,5,adaptive,,True,,,,,,,,,,,,,,,,,,,,,,,,,,,,,,,,,,,,,,,,,,,,60.03,5,5,0,0.391,0,,,,,,,,,0,,,,,,,,,,,../../tmp/guarded_3mode_n5_20260820_artifacts/seed1_run5_adaptive.json,5999,4836,0.956,-0.787,1.656,-24.648,24.025,-24.891,25.357,220.769,7.0,0.614,1787199352.407124,5.65,5.537,,,,0,,,,,,,,,,,,,,,,,,,,,,,,,,,,,,,,,,,,,,,,,,,,,,,,,,,,,,,,,,,,,,,,,,,,,,,,,,60.0,0.6,1.2,1.5,2.0,1.5,470,7434642,7139254,96.027,True,90.0,True,90.0,92.886,1,1,0,1787199352.064268,1787199352.064268,1787199354.364276,1787199369.124199,1787199370.325014,1.200815,,,8,1.200815,0.0,True,5,15,False,1,1,88.936,340,233,25,1787199352.405953,,,,,,,,,,,,,,,,,,,,,,,14951.8530259366,105.66812939481268,59.81811037463977,45.84835850144092,2.2308775417867435,96.027,152.3664521410111,10.504206441765609,18.28786822714669,0,347,,
seed1,5,full,,True,,,,,,,,,,,,,,,,,,,,,,,,,,,,,,,,,,,,,,,,,,,,67.5,5,5,0,0.368,0,,,,,,,,,0,,,,,,,,,,,../../tmp/guarded_3mode_n5_20260820_artifacts/seed1_run5_full.json,6746,5336,1.041,-1.068,1.456,-26.705,24.025,-25.109,25.317,224.729,7.001,0.0,,,,,,,0,,,,,,,,,,,,,,,,,,,,,,,,,,,,,,,,,,,,,,,,,,,,,,,,,,,,,,,,,,,,,,,,,,,,,,,,,,60.0,0.6,1.2,1.5,2.0,0.2,579,9145269,9145269,100.0,False,0.0,True,100.0,100.0,0,0,0,,,,,,,,,0,0.0,,True,5,15,False,0,0,0.0,0,0,0,,,,,,,,,,,,,,,,,,,,,,,,15681.640449438202,110.06241393258428,62.535966741573034,47.52487325842697,1.9730455752808989,100.0,157.99151021162828,10.364574564203258,21.600042510435912,0,445,,
seed2,1,full,,True,,,,,,,,,,,,,,,,,,,,,,,,,,,,,,,,,,,,,,,,,,,,64.48,5,5,0,0.44,0,,,,,,,,,0,,,,,,,,,,,../../tmp/guarded_3mode_n5_20260820_artifacts/seed2_run1_full.json,6444,5264,1.037,-1.017,2.019,-24.934,24.025,-25.316,24.385,222.846,7.0,0.0,,,,,,,0,,,,,,,,,,,,,,,,,,,,,,,,,,,,,,,,,,,,,,,,,,,,,,,,,,,,,,,,,,,,,,,,,,,,,,,,,,60.0,0.6,1.2,1.5,2.0,0.2,591,9906867,9906867,100.0,False,0.0,True,100.0,100.0,0,0,0,,,,,,,,,0,0.0,,True,5,15,False,0,0,0.0,0,0,0,,,,,,,,,,,,,,,,,,,,,,,,16214.682038834952,112.97618373786408,64.56803033980582,48.40663398058252,2.1324272160194173,100.0,159.32160237965343,10.0793521956808,18.253817091718123,0,412,,
seed2,1,sector,,True,,,,,,,,,,,,,,,,,,,,,,,,,,,,,,,,,,,,,,,,,,,,63.93,5,5,0,0.392,0,,,,,,,,,0,,,,,,,,,,,../../tmp/guarded_3mode_n5_20260820_artifacts/seed2_run1_sector.json,6392,5337,0.873,-1.171,2.058,-25.273,24.025,-25.651,24.253,226.323,7.0,0.0,1787199573.495886,4.066,4.291,1787199623.769975,19.192,-24.615,0,,,,,,,,,,,,,,,,,,,,,,,,,,,,,,,,,,,,,,,,,,,,,,,,,,,,,,,,,,,,,,,,,,,,,,,,,,60.0,0.6,1.2,1.5,2.0,0.2,478,7411242,6993089,94.358,False,0.0,False,87.238,91.54,0,0,0,,,,,,,,,0,0.0,,True,5,15,True,2,1,87.238,342,247,22,1787199573.494525,,,,,,,,,,,,,,,,,,,,,,,14636.397849462366,106.02674193548387,59.61217096774193,46.41241543010752,2.2009081290322583,94.358,154.3562023889848,10.234819214065164,20.641035882663502,0,372,,
seed2,1,adaptive,,True,,,,,,,,,,,,,,,,,,,,,,,,,,,,,,,,,,,,,,,,,,,,54.94,5,5,0,0.472,0,,,,,,,,,0,,,,,,,,,,,../../tmp/guarded_3mode_n5_20260820_artifacts/seed2_run1_adaptive.json,5490,4518,1.094,-0.993,1.758,-25.151,24.025,-25.113,24.249,219.9,7.0,0.0,1787199646.703531,4.026,4.232,,,,0,,,,,,,,,,,,,,,,,,,,,,,,,,,,,,,,,,,,,,,,,,,,,,,,,,,,,,,,,,,,,,,,,,,,,,,,,,60.0,0.6,1.2,1.5,2.0,1.5,449,6941838,6659539,95.933,True,77.728,False,89.532,93.601,1,0,0,1787199653.302458,1787199653.302458,1787199653.66238,,,,,,33,0.820138,0.0,True,5,15,True,1,0,89.532,326,232,26,1787199646.702432,,,,,,,,,,,,,,,,,,,,,,,14950.179190751445,109.8169598265896,62.293790462427744,47.521496531791904,2.3388339132947977,95.933,164.14483489362408,10.64907294293668,,0,346,,
seed2,2,sector,,True,,,,,,,,,,,,,,,,,,,,,,,,,,,,,,,,,,,,,,,,,,,,61.29,5,5,0,0.474,0,,,,,,,,,0,,,,,,,,,,,../../tmp/guarded_3mode_n5_20260820_artifacts/seed2_run2_sector.json,6129,5148,1.042,-1.067,1.447,-25.944,24.025,-25.06,24.12,221.055,7.0,0.0,1787199710.950463,4.126,4.36,1787199738.605223,-24.334,-2.599,0,,,,,,,,,,,,,,,,,,,,,,,,,,,,,,,,,,,,,,,,,,,,,,,,,,,,,,,,,,,,,,,,,,,,,,,,,,60.0,0.6,1.2,1.5,2.0,0.2,481,7590813,7214150,95.038,False,0.0,False,87.942,91.958,0,0,0,,,,,,,,,0,0.0,,True,5,15,True,2,1,87.942,342,221,18,1787199710.949485,,,,,,,,,,,,,,,,,,,,,,,14654.991596638656,103.62667591036414,58.77089775910364,44.854234985994395,2.195761490196078,95.038,148.7727385411704,9.988474369933723,17.584898207813566,0,357,,
seed2,2,adaptive,,True,,,,,,,,,,,,,,,,,,,,,,,,,,,,,,,,,,,,,,,,,,,,57.43,5,5,0,0.487,0,,,,,,,,,0,,,,,,,,,,,../../tmp/guarded_3mode_n5_20260820_artifacts/seed2_run2_adaptive.json,5742,4568,0.964,-0.927,1.767,-25.22,24.025,-25.192,24.336,220.555,7.0,0.0,1787199782.300998,4.093,4.336,1787199828.736706,19.587,-24.683,0,,,,,,,,,,,,,,,,,,,,,,,,,,,,,,,,,,,,,,,,,,,,,,,,,,,,,,,,,,,,,,,,,,,,,,,,,,60.0,0.6,1.2,1.5,2.0,1.5,527,8133726,7600601,93.446,False,0.0,False,85.199,89.048,0,0,0,,,,,,,,,0,0.0,,True,5,15,True,2,1,85.199,329,223,19,1787199782.299492,,,,,,,,,,,,,,,,,,,,,,,14303.674242424242,106.6650808080808,61.39264545454545,45.27068686868687,2.17314446969697,93.446,167.31061429507514,10.902972836905466,22.11320005193236,0,396,,
seed2,2,full,,True,,,,,,,,,,,,,,,,,,,,,,,,,,,,,,,,,,,,,,,,,,,,60.49,5,5,0,0.478,0,,,,,,,,,0,,,,,,,,,,,../../tmp/guarded_3mode_n5_20260820_artifacts/seed2_run2_full.json,6046,4941,0.98,-1.055,1.598,-25.095,24.025,-25.745,24.027,222.331,6.999,0.537,,,,,,,0,,,,,,,,,,,,,,,,,,,,,,,,,,,,,,,,,,,,,,,,,,,,,,,,,,,,,,,,,,,,,,,,,,,,,,,,,,60.0,0.6,1.2,1.5,2.0,0.2,509,8209365,8209365,100.0,False,0.0,True,100.0,100.0,0,0,0,,,,,,,,,0,0.0,,True,5,15,False,0,0,0.0,0,0,0,,,,,,,,,,,,,,,,,,,,,,,,16061.148351648351,120.81599203296703,69.90138214285714,50.9127978021978,2.469005675824176,100.0,170.48093744708495,11.020355173855478,,0,364,,
seed2,3,adaptive,,True,,,,,,,,,,,,,,,,,,,,,,,,,,,,,,,,,,,,,,,,,,,,54.88,5,5,0,0.479,0,,,,,,,,,0,,,,,,,,,,,../../tmp/guarded_3mode_n5_20260820_artifacts/seed2_run3_adaptive.json,5483,4426,1.025,-1.017,1.994,-24.983,24.027,-24.863,24.381,220.6,7.0,0.0,1787199919.89582,4.082,4.319,1787199928.132893,23.889,23.901,0,,,,,,,,,,,,,,,,,,,,,,,,,,,,,,,,,,,,,,,,,,,,,,,,,,,,,,,,,,,,,,,,,,,,,,,,,,60.0,0.6,1.2,1.5,2.0,1.5,504,7933674,7476685,94.24,False,0.0,False,85.516,90.413,0,0,0,,,,,,,,,0,0.0,,True,5,15,True,3,2,85.516,318,219,17,1787199919.894664,,,,,,,,,,,,,,,,,,,,,,,14640.398416886543,112.19767783641161,65.59790738786279,46.59786490765171,2.305995118733509,94.24,173.82054569490052,12.146672291100558,23.690265535806404,0,379,,
seed2,3,full,,True,,,,,,,,,,,,,,,,,,,,,,,,,,,,,,,,,,,,,,,,,,,,62.09,5,5,0,0.475,0,,,,,,,,,0,,,,,,,,,,,../../tmp/guarded_3mode_n5_20260820_artifacts/seed2_run3_full.json,6209,5200,0.907,-0.851,1.714,-25.313,24.025,-25.542,24.04,222.979,7.0,0.467,,,,,,,0,,,,,,,,,,,,,,,,,,,,,,,,,,,,,,,,,,,,,,,,,,,,,,,,,,,,,,,,,,,,,,,,,,,,,,,,,,60.0,0.6,1.2,1.5,2.0,0.2,554,8850073,8850073,100.0,False,0.0,True,100.0,100.0,0,0,0,,,,,,,,,0,0.0,,True,5,15,False,0,0,0.0,0,0,0,,,,,,,,,,,,,,,,,,,,,,,,15717.380710659898,120.66964441624366,69.66959746192894,50.998332487309646,2.2760259390862947,100.0,168.28838066697293,10.64468118812954,,0,394,,
seed2,3,sector,,True,,,,,,,,,,,,,,,,,,,,,,,,,,,,,,,,,,,,,,,,,,,,57.92,5,5,0,0.516,0,,,,,,,,,0,,,,,,,,,,,../../tmp/guarded_3mode_n5_20260820_artifacts/seed2_run3_sector.json,5791,4690,1.181,-0.877,1.65,-24.751,24.025,-25.451,24.225,220.692,7.0,0.0,1787200056.622044,4.06,4.273,1787200078.766588,-23.975,24.025,0,,,,,,,,,,,,,,,,,,,,,,,,,,,,,,,,,,,,,,,,,,,,,,,,,,,,,,,,,,,,,,,,,,,,,,,,,,60.0,0.6,1.2,1.5,2.0,0.2,541,8628849,8249936,95.609,False,0.0,False,89.094,93.274,0,0,0,,,,,,,,,0,0.0,,True,5,15,True,2,1,89.094,325,229,17,1787200056.620659,,,,,,,,,,,,,,,,,,,,,,,15222.772727272728,110.30099570707071,63.32000808080808,46.97902888888889,2.127185214646465,95.609,171.2109141125587,11.376596426317041,22.50212504303243,0,396,,
seed2,4,full,,True,,,,,,,,,,,,,,,,,,,,,,,,,,,,,,,,,,,,,,,,,,,,68.49,5,5,0,0.437,0,,,,,,,,,0,,,,,,,,,,,../../tmp/guarded_3mode_n5_20260820_artifacts/seed2_run4_full.json,6846,5767,1.0,-1.0,1.598,-25.371,24.025,-25.214,26.297,229.994,7.001,1.414,,,,,,,0,,,,,,,,,,,,,,,,,,,,,,,,,,,,,,,,,,,,,,,,,,,,,,,,,,,,,,,,,,,,,,,,,,,,,,,,,,60.0,0.6,1.2,1.5,2.0,0.2,597,9763842,9763842,100.0,False,0.0,True,100.0,100.0,0,0,0,,,,,,,,,0,0.0,,True,5,15,False,0,0,0.0,0,0,0,,,,,,,,,,,,,,,,,,,,,,,,16389.86529680365,119.27670273972603,69.42123127853881,49.85338493150685,2.166299276255708,100.0,165.60631252958336,11.173411332667053,23.67635423135612,0,438,,
seed2,4,sector,,True,,,,,,,,,,,,,,,,,,,,,,,,,,,,,,,,,,,,,,,,,,,,58.13,5,5,0,0.444,0,,,,,,,,,0,,,,,,,,,,,../../tmp/guarded_3mode_n5_20260820_artifacts/seed2_run4_sector.json,5809,4665,1.003,-1.07,1.66,-24.827,24.025,-25.736,24.025,219.409,7.001,0.0,1787200203.096958,3.935,4.203,,,,0,,,,,,,,,,,,,,,,,,,,,,,,,,,,,,,,,,,,,,,,,,,,,,,,,,,,,,,,,,,,,,,,,,,,,,,,,,60.0,0.6,1.2,1.5,2.0,0.2,512,7860664,7510231,95.542,False,0.0,False,88.672,93.389,0,0,0,,,,,,,,,0,0.0,,True,5,15,False,1,1,88.672,313,227,21,1787200203.096005,,,,,,,,,,,,,,,,,,,,,,,15121.457583547557,112.76198020565553,65.21842005141389,47.54187246786632,2.2525034241645248,95.542,169.07767469608578,11.503553547834288,22.910097165106052,0,389,,
seed2,4,adaptive,,True,,,,,,,,,,,,,,,,,,,,,,,,,,,,,,,,,,,,,,,,,,,,55.71,5,5,0,0.346,0,,,,,,,,,0,,,,,,,,,,,../../tmp/guarded_3mode_n5_20260820_artifacts/seed2_run4_adaptive.json,5570,4611,0.874,-1.163,1.359,-25.552,24.025,-26.046,24.275,220.661,7.0,0.0,1787200270.748262,4.158,4.502,1787200303.86463,-24.083,-23.835,0,,,,,,,,,,,,,,,,,,,,,,,,,,,,,,,,,,,,,,,,,,,,,,,,,,,,,,,,,,,,,,,,,,,,,,,,,,60.0,0.6,1.2,1.5,2.0,1.5,507,8044749,7682664,95.499,True,44.576,False,88.363,92.821,1,0,0,1787200301.099506,1787200301.099506,1787200301.499334,,,,,,18,0.609957,0.0,True,5,15,False,2,2,88.363,342,223,22,1787200270.7473,,,,,,,,,,,,,,,,,,,,,,,15231.046035805626,108.32819565217392,62.17144501278772,46.15514360613811,2.139333411764706,95.499,170.75811222336245,10.89965043712562,19.348457146490265,0,391,,
seed2,5,sector,,True,,,,,,,,,,,,,,,,,,,,,,,,,,,,,,,,,,,,,,,,,,,,59.91,5,5,0,0.405,0,,,,,,,,,0,,,,,,,,,,,../../tmp/guarded_3mode_n5_20260820_artifacts/seed2_run5_sector.json,5990,4990,1.013,-0.937,1.308,-25.2,24.025,-25.327,24.398,220.469,7.001,1.189,1787200337.737986,7.287,8.553,1787200346.424855,21.612,20.955,0,,,,,,,,,,,,,,,,,,,,,,,,,,,,,,,,,,,,,,,,,,,,,,,,,,,,,,,,,,,,,,,,,,,,,,,,,,60.0,0.6,1.2,1.5,2.0,0.2,476,7467276,6839844,91.598,False,0.0,False,81.092,86.544,0,0,0,,,,,,,,,0,0.0,,True,5,15,True,3,2,81.092,347,226,30,1787200337.736739,,,,,,,,,,,,,,,,,,,,,,,14341.064864864866,99.39087054054053,56.47129745945946,42.91783935135135,2.1176759432432433,91.598,150.36507247612485,10.600967626773263,20.834040709211024,0,370,,
seed2,5,adaptive,,True,,,,,,,,,,,,,,,,,,,,,,,,,,,,,,,,,,,,,,,,,,,,55.03,5,5,0,0.448,0,,,,,,,,,0,,,,,,,,,,,../../tmp/guarded_3mode_n5_20260820_artifacts/seed2_run5_adaptive.json,5502,4547,1.169,-0.911,1.557,-25.231,24.025,-25.223,24.328,219.756,6.999,0.393,1787200407.863234,7.698,9.099,,,,0,,,,,,,,,,,,,,,,,,,,,,,,,,,,,,,,,,,,,,,,,,,,,,,,,,,,,,,,,,,,,,,,,,,,,,,,,,60.0,0.6,1.2,1.5,2.0,1.5,464,7234458,6823279,94.316,True,38.147,False,87.069,90.483,1,0,0,1787200436.796556,1787200436.796556,1787200439.827424,,,,,,17,0.730181,0.0,True,5,15,True,1,0,87.069,324,226,23,1787200407.862302,,,,,,,,,,,,,,,,,,,,,,,14930.619596541786,110.77207463976946,63.2821181556196,47.48824524495677,2.3615518818443806,94.316,166.30703479972556,10.899999953205562,21.207011683862415,0,347,,
seed2,5,full,,True,,,,,,,,,,,,,,,,,,,,,,,,,,,,,,,,,,,,,,,,,,,,58.76,5,5,0,0.46,0,,,,,,,,,0,,,,,,,,,,,../../tmp/guarded_3mode_n5_20260820_artifacts/seed2_run5_full.json,5873,4888,1.002,-1.099,1.251,-25.275,24.025,-24.863,24.21,221.55,7.0,0.774,,,,,,,0,,,,,,,,,,,,,,,,,,,,,,,,,,,,,,,,,,,,,,,,,,,,,,,,,,,,,,,,,,,,,,,,,,,,,,,,,,60.0,0.6,1.2,1.5,2.0,0.2,511,8122783,8122783,100.0,False,0.0,True,100.0,100.0,0,0,0,,,,,,,,,0,0.0,,True,5,15,False,0,0,0.0,0,0,0,,,,,,,,,,,,,,,,,,,,,,,,15740.17438692098,116.67458964577656,66.83127792915532,49.841429972752046,2.3966571716621257,100.0,169.5712572735825,10.321385813009618,22.793800247468646,0,367,,
seed3,1,full,,True,,,,,,,,,,,,,,,,,,,,,,,,,,,,,,,,,,,,,,,,,,,,62.57,5,5,0,0.425,0,,,,,,,,,0,,,,,,,,,,,../../tmp/guarded_3mode_n5_20260820_artifacts/seed3_run1_full.json,6255,5145,1.465,-0.293,1.987,-24.051,24.025,-25.047,25.214,223.109,7.0,0.0,,,,,,,0,,,,,,,,,,,,,,,,,,,,,,,,,,,,,,,,,,,,,,,,,,,,,,,,,,,,,,,,,,,,,,,,,,,,,,,,,,60.0,0.6,1.2,1.5,2.0,0.2,476,10958935,10958935,100.0,False,0.0,True,100.0,100.0,0,0,0,,,,,,,,,0,0.0,,True,5,15,False,0,0,0.0,0,0,0,,,,,,,,,,,,,,,,,,,,,,,,22905.19512195122,145.00985540069686,85.25680696864111,59.751259233449474,3.720135693379791,100.0,161.85222637508645,10.487922548762148,20.119756133480948,0,287,,
seed3,1,sector,,True,,,,,,,,,,,,,,,,,,,,,,,,,,,,,,,,,,,,,,,,,,,,70.24,5,5,0,0.447,0,,,,,,,,,0,,,,,,,,,,,../../tmp/guarded_3mode_n5_20260820_artifacts/seed3_run1_sector.json,7020,6126,0.78,-1.227,1.561,-24.116,24.028,-25.129,25.911,224.977,7.0,0.384,1787200612.471454,3.898,4.407,,,,0,,,,,,,,,,,,,,,,,,,,,,,,,,,,,,,,,,,,,,,,,,,,,,,,,,,,,,,,,,,,,,,,,,,,,,,,,,60.0,0.6,1.2,1.5,2.0,0.2,551,13738403,13292184,96.752,False,0.0,False,92.196,95.367,0,0,0,,,,,,,,,0,0.0,,True,5,15,True,1,0,92.196,337,230,23,1787200612.470291,,,,,,,,,,,,,,,,,,,,,,,24281.344615384616,137.8909387692308,82.59685230769232,55.29230246153846,3.3263548984615383,96.752,149.74938545963758,11.625547895005802,21.06113464230372,0,325,,
seed3,1,adaptive,,True,,,,,,,,,,,,,,,,,,,,,,,,,,,,,,,,,,,,,,,,,,,,62.78,5,5,0,0.432,0,,,,,,,,,0,,,,,,,,,,,../../tmp/guarded_3mode_n5_20260820_artifacts/seed3_run1_adaptive.json,6274,5433,0.609,-1.364,1.713,-26.91,24.025,-24.17,26.182,223.344,7.001,0.235,1787200692.850734,3.888,4.395,,,,0,,,,,,,,,,,,,,,,,,,,,,,,,,,,,,,,,,,,,,,,,,,,,,,,,,,,,,,,,,,,,,,,,,,,,,,,,,60.0,0.6,1.2,1.5,2.0,1.5,468,10634546,10216747,96.071,True,27.35,False,91.239,94.472,1,1,1,1787200730.520818,1787200730.520818,1787200732.880928,1787200744.511063,1787200745.711438,1.200375,1787200751.810577,6.099139,12,1.200375,0.0,True,5,15,True,1,0,91.239,319,219,34,1787200692.84972,,,,,,,,,,,,,,,,,,,,,,,21844.467857142856,135.07907464285714,79.71964750000001,55.35751714285715,3.521044807142857,96.071,149.33367171383978,11.268344160906205,22.867103702058294,0,280,,
seed3,2,sector,,True,,,,,,,,,,,,,,,,,,,,,,,,,,,,,,,,,,,,,,,,,,,,60.59,5,5,0,0.443,0,,,,,,,,,0,,,,,,,,,,,../../tmp/guarded_3mode_n5_20260820_artifacts/seed3_run2_sector.json,6057,5235,0.545,-1.333,1.328,-24.128,24.025,-25.123,26.436,222.032,7.0,0.318,1787200765.230234,3.898,4.407,,,,0,,,,,,,,,,,,,,,,,,,,,,,,,,,,,,,,,,,,,,,,,,,,,,,,,,,,,,,,,,,,,,,,,,,,,,,,,,60.0,0.6,1.2,1.5,2.0,0.2,546,12997003,12542044,96.5,False,0.0,False,91.941,94.928,0,0,0,,,,,,,,,0,0.0,,True,5,15,False,1,1,91.941,320,234,24,1787200765.229217,,,,,,,,,,,,,,,,,,,,,,,23448.02492211838,147.5480121495327,88.12191121495327,59.42374517133956,3.5908795233644857,96.5,175.5829680097428,12.549475734250148,25.102017700004872,0,321,,
seed3,2,adaptive,,True,,,,,,,,,,,,,,,,,,,,,,,,,,,,,,,,,,,,,,,,,,,,64.03,5,5,0,0.411,0,,,,,,,,,0,,,,,,,,,,,../../tmp/guarded_3mode_n5_20260820_artifacts/seed3_run2_adaptive.json,6401,5570,0.797,-1.24,1.701,-24.111,24.025,-24.138,26.384,226.195,7.0,0.261,1787200835.584891,3.87,4.375,,,,0,,,,,,,,,,,,,,,,,,,,,,,,,,,,,,,,,,,,,,,,,,,,,,,,,,,,,,,,,,,,,,,,,,,,,,,,,,60.0,0.6,1.2,1.5,2.0,1.5,459,10561481,10151122,96.115,True,88.235,True,91.285,94.549,1,1,0,1787200837.797809,1787200837.797809,1787200838.39651,1787200891.275709,1787200892.476851,1.201142,,,37,1.201142,0.0,True,5,15,True,1,0,91.285,312,229,15,1787200835.583633,,,,,,,,,,,,,,,,,,,,,,,23181.35593220339,137.89518644067797,81.8949393220339,55.998505423728815,3.493909854237288,96.115,154.511007194086,11.063290315443588,20.055342388922096,0,295,,
seed3,2,full,,True,,,,,,,,,,,,,,,,,,,,,,,,,,,,,,,,,,,,,,,,,,,,61.72,5,5,0,0.389,0,,,,,,,,,0,,,,,,,,,,,../../tmp/guarded_3mode_n5_20260820_artifacts/seed3_run2_full.json,6171,5024,0.746,-1.279,1.562,-24.187,24.025,-24.196,26.65,221.252,7.0,0.0,,,,,,,0,,,,,,,,,,,,,,,,,,,,,,,,,,,,,,,,,,,,,,,,,,,,,,,,,,,,,,,,,,,,,,,,,,,,,,,,,,60.0,0.6,1.2,1.5,2.0,0.2,398,9027952,9027952,100.0,False,0.0,True,100.0,100.0,0,0,0,,,,,,,,,0,0.0,,True,5,15,False,0,0,0.0,0,0,0,,,,,,,,,,,,,,,,,,,,,,,,23031.827450980392,145.3043388235294,84.70099764705883,60.60163882352941,3.8944019019607845,100.0,155.38733325478105,10.19499582545501,21.581559977751414,0,255,,
seed3,3,adaptive,,True,,,,,,,,,,,,,,,,,,,,,,,,,,,,,,,,,,,,,,,,,,,,67.13,5,5,0,0.443,0,,,,,,,,,0,,,,,,,,,,,../../tmp/guarded_3mode_n5_20260820_artifacts/seed3_run3_adaptive.json,6709,5569,1.434,-0.369,2.195,-24.152,24.025,-24.112,26.97,222.996,7.001,0.0,1787200982.071805,3.842,4.329,1787201036.123695,24.024,-23.975,0,,,,,,,,,,,,,,,,,,,,,,,,,,,,,,,,,,,,,,,,,,,,,,,,,,,,,,,,,,,,,,,,,,,,,,,,,,60.0,0.6,1.2,1.5,2.0,1.5,506,11944380,11298893,94.596,True,61.66,False,87.549,91.639,1,0,0,1787201008.096325,1787201008.096325,1787201008.796321,,,,,,31,1.039881,0.0,True,5,15,False,2,2,87.549,327,228,20,1787200982.070628,,,,,,,,,,,,,,,,,,,,,,,22081.9512987013,140.78035681818182,84.32121168831169,56.45721113636363,3.675838038961039,94.596,154.28402281993883,12.304261783961659,23.858573523208175,0,308,,
seed3,3,full,,True,,,,,,,,,,,,,,,,,,,,,,,,,,,,,,,,,,,,,,,,,,,,59.49,5,5,0,0.462,0,,,,,,,,,0,,,,,,,,,,,../../tmp/guarded_3mode_n5_20260820_artifacts/seed3_run3_full.json,5948,4990,0.545,-1.362,2.059,-23.976,24.025,-25.195,26.093,219.654,7.0,1.467,,,,,,,0,,,,,,,,,,,,,,,,,,,,,,,,,,,,,,,,,,,,,,,,,,,,,,,,,,,,,,,,,,,,,,,,,,,,,,,,,,60.0,0.6,1.2,1.5,2.0,0.2,493,11565449,11565449,100.0,False,0.0,True,100.0,100.0,0,0,0,,,,,,,,,0,0.0,,True,5,15,False,0,0,0.0,0,0,0,,,,,,,,,,,,,,,,,,,,,,,,23207.885135135137,144.17099290540543,85.49905844594595,58.67015574324325,3.6424045405405403,100.0,166.0209120134475,10.971500290790173,23.255686575075153,0,296,,
seed3,3,sector,,True,,,,,,,,,,,,,,,,,,,,,,,,,,,,,,,,,,,,,,,,,,,,68.3,5,5,0,0.393,0,,,,,,,,,0,,,,,,,,,,,../../tmp/guarded_3mode_n5_20260820_artifacts/seed3_run3_sector.json,6825,5926,0.806,-1.204,2.06,-24.949,24.025,-23.975,25.747,223.159,7.0,0.0,1787201127.833368,3.889,4.397,,,,0,,,,,,,,,,,,,,,,,,,,,,,,,,,,,,,,,,,,,,,,,,,,,,,,,,,,,,,,,,,,,,,,,,,,,,,,,,60.0,0.6,1.2,1.5,2.0,0.2,401,9241313,8851218,95.779,False,0.0,False,90.524,94.213,0,0,0,,,,,,,,,0,0.0,,True,5,15,True,1,0,90.524,286,219,27,1787201127.83242,,,,,,,,,,,,,,,,,,,,,,,22414.19921875,141.70264296875,83.13052929687501,58.570433593749996,3.937455390625,95.779,143.6762653373564,10.146026061052396,20.950412245591597,0,256,,
seed3,4,full,,True,,,,,,,,,,,,,,,,,,,,,,,,,,,,,,,,,,,,,,,,,,,,61.09,5,5,0,0.398,0,,,,,,,,,0,,,,,,,,,,,../../tmp/guarded_3mode_n5_20260820_artifacts/seed3_run4_full.json,6107,5252,0.63,-1.3,1.554,-23.975,24.025,-25.002,27.621,221.884,7.001,0.353,,,,,,,0,,,,,,,,,,,,,,,,,,,,,,,,,,,,,,,,,,,,,,,,,,,,,,,,,,,,,,,,,,,,,,,,,,,,,,,,,,60.0,0.6,1.2,1.5,2.0,0.2,495,11182990,11182990,100.0,False,0.0,True,100.0,100.0,0,0,0,,,,,,,,,0,0.0,,True,5,15,False,0,0,0.0,0,0,0,,,,,,,,,,,,,,,,,,,,,,,,22626.51111111111,137.94641523809523,80.48284253968254,57.4619873015873,3.3722306793650794,100.0,164.86342944206498,10.051968564966089,22.088440047696373,0,315,,
seed3,4,sector,,True,,,,,,,,,,,,,,,,,,,,,,,,,,,,,,,,,,,,,,,,,,,,75.31,5,5,0,0.397,0,,,,,,,,,0,,,,,,,,,,,../../tmp/guarded_3mode_n5_20260820_artifacts/seed3_run4_sector.json,7527,6517,0.801,-1.248,1.491,-24.525,24.025,-25.464,26.729,223.547,7.0,0.318,1787201277.530834,3.899,4.408,,,,0,,,,,,,,,,,,,,,,,,,,,,,,,,,,,,,,,,,,,,,,,,,,,,,,,,,,,,,,,,,,,,,,,,,,,,,,,,60.0,0.6,1.2,1.5,2.0,0.2,400,8762846,8342982,95.209,False,0.0,False,89.75,93.312,0,0,0,,,,,,,,,0,0.0,,True,5,15,False,1,1,89.75,323,225,29,1787201277.52948,,,,,,,,,,,,,,,,,,,,,,,20845.573170731706,129.75572926829267,74.41867886178862,55.335448373983745,3.683769975609756,95.209,131.64127831701248,9.444160841389706,18.50071912145953,0,246,,
seed3,4,adaptive,,True,,,,,,,,,,,,,,,,,,,,,,,,,,,,,,,,,,,,,,,,,,,,63.59,5,5,0,0.434,0,,,,,,,,,0,,,,,,,,,,,../../tmp/guarded_3mode_n5_20260820_artifacts/seed3_run4_adaptive.json,6354,5568,0.529,-1.382,1.659,-24.837,24.025,-24.216,25.916,221.649,7.001,1.48,1787201362.958064,3.88,4.388,1787201370.998435,24.025,24.025,0,,,,,,,,,,,,,,,,,,,,,,,,,,,,,,,,,,,,,,,,,,,,,,,,,,,,,,,,,,,,,,,,,,,,,,,,,,60.0,0.6,1.2,1.5,2.0,1.5,473,11024894,10522106,95.44,False,0.0,False,89.429,92.964,0,0,0,,,,,,,,,0,0.0,,True,5,15,False,2,2,89.429,318,226,19,1787201362.957148,,,,,,,,,,,,,,,,,,,,,,,22618.51186440678,129.35440711864408,75.88028372881355,53.47239986440678,3.247510633898305,95.44,147.4428109898888,10.634194063118901,20.194698642099123,2,297,,
seed3,5,sector,,True,,,,,,,,,,,,,,,,,,,,,,,,,,,,,,,,,,,,,,,,,,,,79.62,5,5,0,0.414,0,,,,,,,,,0,,,,,,,,,,,../../tmp/guarded_3mode_n5_20260820_artifacts/seed3_run5_sector.json,7956,7091,0.619,-1.365,1.708,-24.045,24.025,-24.921,25.75,222.851,7.001,0.288,1787201436.217169,3.875,4.381,,,,0,,,,,,,,,,,,,,,,,,,,,,,,,,,,,,,,,,,,,,,,,,,,,,,,,,,,,,,,,,,,,,,,,,,,,,,,,,60.0,0.6,1.2,1.5,2.0,0.2,504,11654868,11230318,96.357,False,0.0,False,91.865,94.953,0,0,0,,,,,,,,,0,0.0,,True,5,15,False,1,1,91.865,315,226,30,1787201436.21627,,,,,,,,,,,,,,,,,,,,,,,22354.610921501706,129.80124402730377,75.28145426621161,54.51819146757679,3.34810290443686,96.357,128.24953675882435,10.00156097103728,,0,293,,
seed3,5,adaptive,,True,,,,,,,,,,,,,,,,,,,,,,,,,,,,,,,,,,,,,,,,,,,,80.14,5,5,0,0.415,0,,,,,,,,,0,,,,,,,,,,,../../tmp/guarded_3mode_n5_20260820_artifacts/seed3_run5_adaptive.json,8010,7182,0.581,-1.355,1.472,-24.032,24.025,-24.949,24.551,226.981,7.001,0.42,1787201525.765828,3.89,4.398,,,,0,,,,,,,,,,,,,,,,,,,,,,,,,,,,,,,,,,,,,,,,,,,,,,,,,,,,,,,,,,,,,,,,,,,,,,,,,,60.0,0.6,1.2,1.5,2.0,1.5,410,9647081,9200488,95.371,True,88.78,False,89.512,93.116,1,1,1,1787201528.002272,1787201528.002272,1787201531.702009,1787201537.72187,1787201538.921947,1.200076,1787201541.10184,2.179893,40,1.200076,0.0,True,5,15,True,1,0,89.512,335,226,20,1787201525.764547,,,,,,,,,,,,,,,,,,,,,,,22742.059760956174,124.43770438247012,72.40939123505977,52.02676812749004,3.485374270916335,95.371,127.82154481653048,9.355891988457827,,0,251,,
seed3,5,full,,True,,,,,,,,,,,,,,,,,,,,,,,,,,,,,,,,,,,,,,,,,,,,63.82,5,5,0,0.475,0,,,,,,,,,0,,,,,,,,,,,../../tmp/guarded_3mode_n5_20260820_artifacts/seed3_run5_full.json,6376,5582,0.789,-1.256,2.037,-26.624,24.025,-24.235,26.071,223.257,7.003,0.0,,,,,,,0,,,,,,,,,,,,,,,,,,,,,,,,,,,,,,,,,,,,,,,,,,,,,,,,,,,,,,,,,,,,,,,,,,,,,,,,,,60.0,0.6,1.2,1.5,2.0,0.2,445,10204330,10204330,100.0,False,0.0,True,100.0,100.0,0,0,0,,,,,,,,,0,0.0,,True,5,15,False,0,0,0.0,0,0,0,,,,,,,,,,,,,,,,,,,,,,,,22823.690647482013,134.79208705035973,77.95045575539568,56.84009784172662,3.522064071942446,100.0,148.5895801785599,9.942489685744066,20.640226233826493,0,278,,
seed4,1,full,,True,,,,,,,,,,,,,,,,,,,,,,,,,,,,,,,,,,,,,,,,,,,,80.25,5,5,0,0.395,0,,,,,,,,,0,,,,,,,,,,,../../tmp/guarded_3mode_n5_20260820_artifacts/seed4_run1_full.json,8022,7077,1.027,-1.066,1.491,-27.485,24.025,-24.413,24.635,229.152,7.0,0.0,,,,,,,0,,,,,,,,,,,,,,,,,,,,,,,,,,,,,,,,,,,,,,,,,,,,,,,,,,,,,,,,,,,,,,,,,,,,,,,,,,60.0,0.6,1.2,1.5,2.0,0.2,370,8621938,8621938,100.0,False,0.0,True,100.0,100.0,0,0,0,,,,,,,,,0,0.0,,True,5,15,False,0,0,0.0,0,0,0,,,,,,,,,,,,,,,,,,,,,,,,23586.878787878788,134.03526363636365,76.83370216450217,57.19986493506494,3.868494948051948,100.0,128.2042505831203,8.551456753059718,16.933883858978575,0,231,,
seed4,1,sector,,True,,,,,,,,,,,,,,,,,,,,,,,,,,,,,,,,,,,,,,,,,,,,73.26,5,5,0,0.416,0,,,,,,,,,0,,,,,,,,,,,../../tmp/guarded_3mode_n5_20260820_artifacts/seed4_run1_sector.json,7324,6449,1.091,-1.011,1.327,-24.347,24.025,-24.43,27.828,222.481,7.0,1.487,1787201780.236612,4.581,5.415,1787201806.438216,-22.682,24.715,0,,,,,,,,,,,,,,,,,,,,,,,,,,,,,,,,,,,,,,,,,,,,,,,,,,,,,,,,,,,,,,,,,,,,,,,,,,60.0,0.6,1.2,1.5,2.0,0.2,469,11750292,11218796,95.477,False,0.0,False,86.354,93.001,0,0,0,,,,,,,,,0,0.0,,True,5,15,True,3,2,86.354,364,242,22,1787201780.23552,,,,,,,,,,,,,,,,,,,,,,,23354.89932885906,119.49715134228188,70.70867013422819,48.78675466442953,3.099919674496644,95.477,132.86345813551182,10.268013619876067,20.750975225642275,0,298,,
seed4,1,adaptive,,True,,,,,,,,,,,,,,,,,,,,,,,,,,,,,,,,,,,,,,,,,,,,63.54,5,5,0,0.353,0,,,,,,,,,0,,,,,,,,,,,../../tmp/guarded_3mode_n5_20260820_artifacts/seed4_run1_adaptive.json,6352,5428,1.071,-0.992,1.539,-25.277,24.025,-23.975,26.028,228.019,7.0,0.449,1787201862.901061,3.727,4.551,1787201887.437681,-23.898,24.073,0,,,,,,,,,,,,,,,,,,,,,,,,,,,,,,,,,,,,,,,,,,,,,,,,,,,,,,,,,,,,,,,,,,,,,,,,,,60.0,0.6,1.2,1.5,2.0,1.5,445,10494927,10077807,96.026,True,73.483,False,88.09,93.362,1,0,0,1787201879.023323,1787201879.023323,1787201881.143481,,,,,,32,1.049876,0.0,True,5,15,True,2,1,88.09,377,257,20,1787201862.899885,,,,,,,,,,,,,,,,,,,,,,,22857.11842105263,126.65840263157897,73.65651907894737,53.00017335526316,3.347693717105263,96.026,154.14154051174702,10.327174479485834,,0,304,,
seed4,2,sector,,True,,,,,,,,,,,,,,,,,,,,,,,,,,,,,,,,,,,,,,,,,,,,70.57,5,5,0,0.411,0,,,,,,,,,0,,,,,,,,,,,../../tmp/guarded_3mode_n5_20260820_artifacts/seed4_run2_sector.json,7049,6239,1.369,-0.546,1.197,-24.441,24.134,-24.314,26.128,226.753,7.0,0.0,1787201936.324923,3.391,4.183,,,,0,,,,,,,,,,,,,,,,,,,,,,,,,,,,,,,,,,,,,,,,,,,,,,,,,,,,,,,,,,,,,,,,,,,,,,,,,,60.0,0.6,1.2,1.5,2.0,0.2,519,12344080,12054022,97.65,False,0.0,False,91.908,96.284,0,0,0,,,,,,,,,0,0.0,,True,5,15,False,1,1,91.908,342,233,20,1787201936.323765,,,,,,,,,,,,,,,,,,,,,,,23104.036516853932,126.64777977528091,74.7390724719101,51.90694101123596,2.829316668539326,97.65,150.53827673235807,10.196396734523917,17.9947090448517,0,356,,
seed4,2,adaptive,,True,,,,,,,,,,,,,,,,,,,,,,,,,,,,,,,,,,,,,,,,,,,,86.55,5,5,0,0.376,0,,,,,,,,,0,,,,,,,,,,,../../tmp/guarded_3mode_n5_20260820_artifacts/seed4_run2_adaptive.json,8650,7940,1.075,-1.019,1.623,-25.103,24.119,-24.02,25.58,230.45,6.998,0.228,1787202016.642123,3.544,4.281,,,,0,,,,,,,,,,,,,,,,,,,,,,,,,,,,,,,,,,,,,,,,,,,,,,,,,,,,,,,,,,,,,,,,,,,,,,,,,,60.0,0.6,1.2,1.5,2.0,1.5,459,11848371,11568833,97.641,True,88.889,True,91.285,96.18,1,3,2,1787202018.865712,1787202018.865712,1787202024.905658,1787202039.106422,1787202040.306588,1.200166,1787202047.456555,7.149967,33,1.209552,0.0,True,5,15,True,1,0,91.285,365,252,25,1787202016.641289,,,,,,,,,,,,,,,,,,,,,,,24752.4,124.600276,72.63031454545454,51.968290181818176,3.3132055963636367,97.641,123.641621178672,9.750650960682952,19.28724289658738,0,275,,
seed4,2,full,,True,,,,,,,,,,,,,,,,,,,,,,,,,,,,,,,,,,,,,,,,,,,,70.64,5,5,0,0.368,0,,,,,,,,,0,,,,,,,,,,,../../tmp/guarded_3mode_n5_20260820_artifacts/seed4_run2_full.json,7058,6417,1.145,-0.922,1.893,-23.975,24.025,-23.975,24.025,223.812,7.005,0.19,,,,,,,0,,,,,,,,,,,,,,,,,,,,,,,,,,,,,,,,,,,,,,,,,,,,,,,,,,,,,,,,,,,,,,,,,,,,,,,,,,60.0,0.6,1.2,1.5,2.0,0.2,463,12040366,12040366,100.0,False,0.0,True,100.0,100.0,0,0,0,,,,,,,,,0,0.0,,True,5,15,False,0,0,0.0,0,0,0,,,,,,,,,,,,,,,,,,,,,,,,26613.426470588234,137.8138919117647,80.64367426470588,57.16830294117647,3.6465401470588237,100.0,137.64109582950917,9.891573852348198,21.866326501181565,0,272,,
seed4,3,adaptive,,True,,,,,,,,,,,,,,,,,,,,,,,,,,,,,,,,,,,,,,,,,,,,89.0,5,5,0,0.406,0,,,,,,,,,0,,,,,,,,,,,../../tmp/guarded_3mode_n5_20260820_artifacts/seed4_run3_adaptive.json,8895,7979,1.418,-0.489,1.876,-24.934,24.025,-24.207,24.025,234.165,7.0,1.499,1787202195.578903,7.462,8.667,1787202220.901724,23.183,23.213,0,,,,,,,,,,,,,,,,,,,,,,,,,,,,,,,,,,,,,,,,,,,,,,,,,,,,,,,,,,,,,,,,,,,,,,,,,,60.0,0.6,1.2,1.5,2.0,1.5,525,14133020,13526172,95.706,True,90.286,False,86.476,92.401,1,2,2,1787202195.839368,1787202195.839368,1787202196.099669,1787202201.439534,1787202202.639688,1.200154,1787202220.900206,18.260518,31,1.200154,0.0,True,5,15,False,3,3,86.095,387,237,25,1787202195.57798,,,,,,,,,,,,,,,,,,,,,,,23963.937716262975,120.79701211072664,70.5766169550173,50.218819723183394,3.306523107266436,95.706,112.90347912736628,10.417097769203849,21.318880753380096,0,289,,
seed4,3,full,,True,,,,,,,,,,,,,,,,,,,,,,,,,,,,,,,,,,,,,,,,,,,,67.45,5,5,0,0.402,0,,,,,,,,,0,,,,,,,,,,,../../tmp/guarded_3mode_n5_20260820_artifacts/seed4_run3_full.json,6742,5905,1.159,-0.95,1.85,-25.743,24.025,-24.42,26.322,229.854,7.0,0.0,,,,,,,0,,,,,,,,,,,,,,,,,,,,,,,,,,,,,,,,,,,,,,,,,,,,,,,,,,,,,,,,,,,,,,,,,,,,,,,,,,60.0,0.6,1.2,1.5,2.0,0.2,442,10670192,10670192,100.0,False,0.0,True,100.0,100.0,0,0,0,,,,,,,,,0,0.0,,True,5,15,False,0,0,0.0,0,0,0,,,,,,,,,,,,,,,,,,,,,,,,24260.601423487544,133.77477402135233,78.6257355871886,55.14736583629893,3.4261388042704626,100.0,144.88889865687545,9.511139034166343,20.660188549400814,0,281,,
seed4,3,sector,,False,,,,,,,,,,,,,,,,,,,,,,,,,,,,,,,,,,,,,,,,,,,,120.0,3,5,0,0.467,0,,,,,,,,,0,,,,,,,,,,,../../tmp/guarded_3mode_n5_20260820_artifacts/seed4_run3_sector.json,11988,11565,-7.178,-22.965,1.923,-24.505,24.069,-23.975,26.262,157.907,7.001,0.254,1787202370.027519,3.535,4.283,,,,0,,,,,,,,,,,,,,,,,,,,,,,,,,,,,,,,,,,,,,,,,,,,,,,,,,,,,,,,,,,,,,,,,,,,,,,,,,60.0,0.6,1.2,1.5,2.0,0.2,596,17163788,16875631,98.321,False,0.0,False,93.121,97.175,0,0,0,,,,,,,,,0,0.0,,True,5,15,True,1,0,93.121,249,169,18,1787202370.026067,,,,,,,,,,,,,,,,,,,,,,,27628.54,107.08134866666667,64.24173333333333,42.837967666666664,2.3598201833333334,98.321,71.51308624870808,11.19417848796703,22.7943094297239,0,300,,
seed4,4,full,,True,,,,,,,,,,,,,,,,,,,,,,,,,,,,,,,,,,,,,,,,,,,,75.17,5,5,0,0.42,0,,,,,,,,,0,,,,,,,,,,,../../tmp/guarded_3mode_n5_20260820_artifacts/seed4_run4_full.json,7515,6568,1.319,-0.594,1.701,-24.403,24.072,-24.496,27.53,227.362,7.0,0.984,,,,,,,0,,,,,,,,,,,,,,,,,,,,,,,,,,,,,,,,,,,,,,,,,,,,,,,,,,,,,,,,,,,,,,,,,,,,,,,,,,60.0,0.6,1.2,1.5,2.0,0.2,485,11797196,11797196,100.0,False,0.0,True,100.0,100.0,0,0,0,,,,,,,,,0,0.0,,True,5,15,False,0,0,0.0,0,0,0,,,,,,,,,,,,,,,,,,,,,,,,24492.229032258063,130.62626516129032,76.46516677419355,54.159459677419356,3.1859603451612903,100.0,138.02201318296974,9.4698788149847,19.965999815874547,1,311,,
seed4,4,sector,,True,,,,,,,,,,,,,,,,,,,,,,,,,,,,,,,,,,,,,,,,,,,,75.13,5,5,0,0.366,0,,,,,,,,,0,,,,,,,,,,,../../tmp/guarded_3mode_n5_20260820_artifacts/seed4_run4_sector.json,7511,6777,1.431,-0.391,2.095,-24.137,24.025,-24.229,26.145,228.96,7.001,0.0,1787202585.051186,4.143,5.016,1787202596.93012,22.133,23.0,0,,,,,,,,,,,,,,,,,,,,,,,,,,,,,,,,,,,,,,,,,,,,,,,,,,,,,,,,,,,,,,,,,,,,,,,,,,60.0,0.6,1.2,1.5,2.0,0.2,529,12753823,12011713,94.181,False,0.0,False,85.822,90.641,0,0,0,,,,,,,,,0,0.0,,True,5,15,True,3,2,85.822,373,243,22,1787202585.050217,,,,,,,,,,,,,,,,,,,,,,,22189.766081871345,118.93375497076023,70.28531011695907,48.646847807017544,2.8793382251461987,94.181,139.5999460404829,10.274127788505027,18.448498881880532,0,342,,
seed4,4,adaptive,,True,,,,,,,,,,,,,,,,,,,,,,,,,,,,,,,,,,,,,,,,,,,,63.23,5,5,0,0.432,0,,,,,,,,,0,,,,,,,,,,,../../tmp/guarded_3mode_n5_20260820_artifacts/seed4_run4_adaptive.json,6322,5603,1.063,-0.996,1.934,-24.462,24.025,-23.982,25.372,225.514,7.0,0.253,1787202670.069933,3.468,4.237,,,,0,,,,,,,,,,,,,,,,,,,,,,,,,,,,,,,,,,,,,,,,,,,,,,,,,,,,,,,,,,,,,,,,,,,,,,,,,,60.0,0.6,1.2,1.5,2.0,1.5,544,14102270,13806203,97.901,True,70.956,False,92.279,96.374,1,1,1,1787202686.284837,1787202686.284837,1787202686.415222,1787202693.415303,1787202694.625147,1.209843,1787202700.665277,6.04013,30,1.209843,0.0,True,5,15,True,1,0,92.279,354,256,20,1787202670.069105,,,,,,,,,,,,,,,,,,,,,,,25322.296735905045,138.53491157270028,83.55850860534126,54.97472640949555,3.2260171394658754,97.901,167.779287892304,11.617417604718451,22.730452518135408,0,337,,
seed4,5,sector,,True,,,,,,,,,,,,,,,,,,,,,,,,,,,,,,,,,,,,,,,,,,,,68.28,5,5,0,0.416,0,,,,,,,,,0,,,,,,,,,,,../../tmp/guarded_3mode_n5_20260820_artifacts/seed4_run5_sector.json,6826,6039,1.246,-0.75,1.447,-24.727,24.025,-24.268,26.162,226.249,7.001,0.0,1787202743.429043,3.16,4.041,,,,0,,,,,,,,,,,,,,,,,,,,,,,,,,,,,,,,,,,,,,,,,,,,,,,,,,,,,,,,,,,,,,,,,,,,,,,,,,60.0,0.6,1.2,1.5,2.0,0.2,413,9661679,9368247,96.963,False,0.0,False,90.073,95.117,0,0,0,,,,,,,,,0,0.0,,True,5,15,True,1,0,90.073,351,246,25,1787202743.428294,,,,,,,,,,,,,,,,,,,,,,,23220.916967509027,128.789021299639,75.72414223826715,53.06328628158845,3.4208125306859207,96.963,143.2594455099564,9.846140346311708,20.2223741574328,0,277,,
seed4,5,adaptive,,True,,,,,,,,,,,,,,,,,,,,,,,,,,,,,,,,,,,,,,,,,,,,68.36,5,5,0,0.367,0,,,,,,,,,0,,,,,,,,,,,../../tmp/guarded_3mode_n5_20260820_artifacts/seed4_run5_adaptive.json,6829,6194,1.086,-1.033,1.749,-24.498,24.025,-24.593,26.222,222.836,7.0,0.0,1787202821.736795,2.927,3.875,,,,0,,,,,,,,,,,,,,,,,,,,,,,,,,,,,,,,,,,,,,,,,,,,,,,,,,,,,,,,,,,,,,,,,,,,,,,,,,60.0,0.6,1.2,1.5,2.0,1.5,514,12528413,12185699,97.265,True,53.891,False,90.661,95.61,1,0,0,1787202853.983062,1787202853.983062,1787202854.702796,,,,,,25,0.580093,0.0,True,5,15,False,1,1,90.661,359,242,28,1787202821.735849,,,,,,,,,,,,,,,,,,,,,,,23382.122112211222,131.68456006600658,76.89716699669967,54.785790429042905,3.3088778382838284,97.265,149.32315251965477,10.659276359555042,21.206805655560334,1,304,,
seed4,5,full,,True,,,,,,,,,,,,,,,,,,,,,,,,,,,,,,,,,,,,,,,,,,,,65.86,5,5,0,0.401,0,,,,,,,,,0,,,,,,,,,,,../../tmp/guarded_3mode_n5_20260820_artifacts/seed4_run5_full.json,6583,5527,1.369,-0.557,1.577,-25.764,24.07,-23.975,25.686,226.679,7.0,0.42,,,,,,,0,,,,,,,,,,,,,,,,,,,,,,,,,,,,,,,,,,,,,,,,,,,,,,,,,,,,,,,,,,,,,,,,,,,,,,,,,,60.0,0.6,1.2,1.5,2.0,0.2,521,12400824,12400824,100.0,False,0.0,True,100.0,100.0,0,0,0,,,,,,,,,0,0.0,,True,5,15,False,0,0,0.0,0,0,0,,,,,,,,,,,,,,,,,,,,,,,,23974.385579937305,140.64437460815046,82.82622852664576,57.81646144200627,3.40486029153605,100.0,158.52596507961943,10.406147899670264,23.11072340752397,0,319,,
seed5,1,full,,True,,,,,,,,,,,,,,,,,,,,,,,,,,,,,,,,,,,,,,,,,,,,78.89,5,5,0,0.399,0,,,,,,,,,0,,,,,,,,,,,../../tmp/guarded_3mode_n5_20260820_artifacts/seed5_run1_full.json,7888,6619,1.057,-1.037,1.488,-24.663,24.026,-27.788,25.301,221.332,6.999,0.288,,,,,,,0,,,,,,,,,,,,,,,,,,,,,,,,,,,,,,,,,,,,,,,,,,,,,,,,,,,,,,,,,,,,,,,,,,,,,,,,,,60.0,0.6,1.2,1.5,2.0,0.2,421,11032432,11032432,100.0,False,0.0,True,100.0,100.0,0,0,0,,,,,,,,,0,0.0,,True,5,15,False,0,0,0.0,0,0,0,,,,,,,,,,,,,,,,,,,,,,,,26695.728033472802,154.5489468619247,90.45857405857741,64.08866025104602,4.66648489539749,100.0,134.19896871222923,9.477293639190266,,0,239,,
seed5,1,sector,,True,,,,,,,,,,,,,,,,,,,,,,,,,,,,,,,,,,,,,,,,,,,,64.18,5,5,0,0.409,0,,,,,,,,,0,,,,,,,,,,,../../tmp/guarded_3mode_n5_20260820_artifacts/seed5_run1_sector.json,6416,5106,1.069,-1.019,1.738,-25.169,24.025,-24.879,25.808,228.137,7.001,0.0,1787203067.648178,9.414,11.144,1787203088.925409,-23.975,24.025,0,,,,,,,,,,,,,,,,,,,,,,,,,,,,,,,,,,,,,,,,,,,,,,,,,,,,,,,,,,,,,,,,,,,,,,,,,,60.0,0.6,1.2,1.5,2.0,0.2,467,13195548,12466140,94.472,False,0.0,False,86.724,90.578,0,0,0,,,,,,,,,0,0.0,,True,5,15,False,2,2,86.724,343,246,21,1787203067.647369,,,,,,,,,,,,,,,,,,,,,,,26638.296296296296,143.5915314814815,85.53797555555556,58.051452222222224,4.098470592592593,94.472,152.62512556570258,10.352262019191917,,0,270,,
seed5,1,adaptive,,True,,,,,,,,,,,,,,,,,,,,,,,,,,,,,,,,,,,,,,,,,,,,75.8,5,5,0,0.395,0,,,,,,,,,0,,,,,,,,,,,../../tmp/guarded_3mode_n5_20260820_artifacts/seed5_run1_adaptive.json,7578,6212,1.001,-1.115,2.019,-24.612,24.025,-24.657,24.9,223.331,7.0,0.374,1787203138.904154,5.185,4.726,1787203165.796372,-23.974,24.025,0,,,,,,,,,,,,,,,,,,,,,,,,,,,,,,,,,,,,,,,,,,,,,,,,,,,,,,,,,,,,,,,,,,,,,,,,,,60.0,0.6,1.2,1.5,2.0,1.5,383,10109370,9592970,94.892,True,85.379,False,87.728,92.508,1,1,1,1787203145.990714,1787203145.990714,1787203150.590723,1787203205.090818,1787203206.29096,1.200142,1787203209.441017,3.150057,25,1.200142,0.0,True,5,15,True,2,1,87.728,290,210,35,1787203138.902985,,,,,,,,,,,,,,,,,,,,,,,25423.01877934272,142.296738028169,81.95628122065727,60.338911737089205,4.556369356807512,94.892,129.58642708575886,9.768072775827905,18.214650916280046,0,213,,
seed5,2,sector,,True,,,,,,,,,,,,,,,,,,,,,,,,,,,,,,,,,,,,,,,,,,,,84.15,5,5,0,0.407,0,,,,,,,,,0,,,,,,,,,,,../../tmp/guarded_3mode_n5_20260820_artifacts/seed5_run2_sector.json,8413,6416,0.939,-1.13,1.463,-24.513,24.03,-25.681,24.845,230.45,7.0,0.0,1787203226.950142,5.47,4.831,1787203271.169033,-24.015,-23.89,0,,,,,,,,,,,,,,,,,,,,,,,,,,,,,,,,,,,,,,,,,,,,,,,,,,,,,,,,,,,,,,,,,,,,,,,,,,60.0,0.6,1.2,1.5,2.0,0.2,480,13223850,12558423,94.968,False,0.0,False,87.292,92.345,0,0,0,,,,,,,,,0,0.0,,True,5,15,False,2,2,87.292,347,229,19,1787203226.949275,,,,,,,,,,,,,,,,,,,,,,,26132.421875,135.360206640625,78.82547460937501,56.5331156640625,3.982601625,94.968,124.16615413805042,9.767960412780791,19.328536547261606,0,256,,
seed5,2,adaptive,,True,,,,,,,,,,,,,,,,,,,,,,,,,,,,,,,,,,,,,,,,,,,,66.6,5,5,0,0.439,0,,,,,,,,,0,,,,,,,,,,,../../tmp/guarded_3mode_n5_20260820_artifacts/seed5_run2_adaptive.json,6658,5450,1.002,-1.043,1.451,-26.065,24.025,-24.784,25.43,225.822,6.999,0.281,1787203318.071867,4.536,4.457,1787203383.55476,1.361,-1.438,0,,,,,,,,,,,,,,,,,,,,,,,,,,,,,,,,,,,,,,,,,,,,,,,,,,,,,,,,,,,,,,,,,,,,,,,,,,60.0,0.6,1.2,1.5,2.0,1.5,470,13007694,12501387,96.108,True,89.149,False,90.0,94.376,1,1,1,1787203321.919843,1787203321.919843,1787203322.909942,1787203354.049809,1787203355.249934,1.200125,1787203380.749767,25.499833,32,1.200125,0.0,True,5,15,False,1,1,90.0,344,235,28,1787203318.070905,,,,,,,,,,,,,,,,,,,,,,,27289.174825174825,149.24496538461537,88.41918846153845,60.82414125874126,4.0756132272727275,96.108,154.4674783194902,10.914307454468641,19.935706385275513,0,286,,
seed5,2,full,,True,,,,,,,,,,,,,,,,,,,,,,,,,,,,,,,,,,,,,,,,,,,,63.41,5,5,0,0.364,0,,,,,,,,,0,,,,,,,,,,,../../tmp/guarded_3mode_n5_20260820_artifacts/seed5_run2_full.json,6339,5016,0.94,-1.099,1.966,-24.197,24.025,-25.754,24.944,224.061,7.001,1.446,,,,,,,0,,,,,,,,,,,,,,,,,,,,,,,,,,,,,,,,,,,,,,,,,,,,,,,,,,,,,,,,,,,,,,,,,,,,,,,,,,60.0,0.6,1.2,1.5,2.0,0.2,403,11251424,11251424,100.0,False,0.0,True,100.0,100.0,0,0,0,,,,,,,,,0,0.0,,True,5,15,False,0,0,0.0,0,0,0,,,,,,,,,,,,,,,,,,,,,,,,27976.072,156.4830448,92.0519152,64.42951,4.531757796,100.0,152.15181216635213,10.033566921713431,18.14862979626868,0,250,,
seed5,3,adaptive,,True,,,,,,,,,,,,,,,,,,,,,,,,,,,,,,,,,,,,,,,,,,,,64.79,5,5,0,0.405,0,,,,,,,,,0,,,,,,,,,,,../../tmp/guarded_3mode_n5_20260820_artifacts/seed5_run3_adaptive.json,6477,5059,1.009,-1.068,1.954,-24.084,24.025,-24.725,25.32,226.262,7.001,0.0,1787203467.836057,3.615,3.667,1787203523.119746,24.025,-23.975,0,,,,,,,,,,,,,,,,,,,,,,,,,,,,,,,,,,,,,,,,,,,,,,,,,,,,,,,,,,,,,,,,,,,,,,,,,,60.0,0.6,1.2,1.5,2.0,1.5,425,11582733,11089227,95.739,True,71.059,False,88.941,93.929,1,0,0,1787203481.836072,1787203481.836072,1787203482.265733,,,,,,35,0.970079,0.0,True,5,15,True,2,1,88.941,342,238,30,1787203467.834221,,,,,,,,,,,,,,,,,,,,,,,27044.30827067669,147.98174511278194,87.22504962406015,60.75484812030075,4.221760473684211,95.739,151.70985702054406,10.533372014402126,19.99436185885327,0,266,,
seed5,3,full,,True,,,,,,,,,,,,,,,,,,,,,,,,,,,,,,,,,,,,,,,,,,,,63.9,5,5,0,0.422,0,,,,,,,,,0,,,,,,,,,,,../../tmp/guarded_3mode_n5_20260820_artifacts/seed5_run3_full.json,6383,4885,0.975,-1.122,1.864,-24.158,24.025,-27.948,25.699,229.601,7.001,0.0,,,,,,,0,,,,,,,,,,,,,,,,,,,,,,,,,,,,,,,,,,,,,,,,,,,,,,,,,,,,,,,,,,,,,,,,,,,,,,,,,,60.0,0.6,1.2,1.5,2.0,0.2,486,13307114,13307114,100.0,False,0.0,True,100.0,100.0,0,0,0,,,,,,,,,0,0.0,,True,5,15,False,0,0,0.0,0,0,0,,,,,,,,,,,,,,,,,,,,,,,,28093.954385964913,158.5539010526316,93.41079438596492,65.141450877193,4.380067147368421,100.0,163.32556621880394,10.864631363436851,22.269660629091206,0,285,,
seed5,3,sector,,True,,,,,,,,,,,,,,,,,,,,,,,,,,,,,,,,,,,,,,,,,,,,72.83,5,5,0,0.4,0,,,,,,,,,0,,,,,,,,,,,../../tmp/guarded_3mode_n5_20260820_artifacts/seed5_run3_sector.json,7281,5861,1.08,-0.968,2.067,-24.954,24.025,-25.874,24.511,224.922,7.0,1.451,1787203615.571511,4.797,4.546,,,,0,,,,,,,,,,,,,,,,,,,,,,,,,,,,,,,,,,,,,,,,,,,,,,,,,,,,,,,,,,,,,,,,,,,,,,,,,,60.0,0.6,1.2,1.5,2.0,0.2,438,12222262,11823073,96.734,False,0.0,False,91.553,95.478,0,0,0,,,,,,,,,0,0.0,,True,5,15,True,1,0,91.553,362,237,34,1787203615.570709,,,,,,,,,,,,,,,,,,,,,,,27098.819672131147,151.10078114754097,88.17818278688524,62.920867213114754,4.523321827868853,96.734,139.63578149073967,10.015509074331776,21.045220161208157,0,244,,
seed5,4,full,,True,,,,,,,,,,,,,,,,,,,,,,,,,,,,,,,,,,,,,,,,,,,,63.7,5,5,0,0.394,0,,,,,,,,,0,,,,,,,,,,,../../tmp/guarded_3mode_n5_20260820_artifacts/seed5_run4_full.json,6367,5348,1.274,-0.718,2.093,-24.906,24.025,-24.603,26.083,225.878,7.002,0.0,,,,,,,0,,,,,,,,,,,,,,,,,,,,,,,,,,,,,,,,,,,,,,,,,,,,,,,,,,,,,,,,,,,,,,,,,,,,,,,,,,60.0,0.6,1.2,1.5,2.0,0.2,477,13759696,13759696,100.0,False,0.0,True,100.0,100.0,0,0,0,,,,,,,,,0,0.0,,True,5,15,False,0,0,0.0,0,0,0,,,,,,,,,,,,,,,,,,,,,,,,29132.132295719843,170.0532879377432,102.83186186770428,67.21951439688715,4.821000081712063,100.0,164.05483720261802,11.126156193952468,21.055875292506254,0,257,,
seed5,4,sector,,True,,,,,,,,,,,,,,,,,,,,,,,,,,,,,,,,,,,,,,,,,,,,80.88,5,5,0,0.388,0,,,,,,,,,0,,,,,,,,,,,../../tmp/guarded_3mode_n5_20260820_artifacts/seed5_run4_sector.json,8085,6768,0.89,-1.202,1.556,-25.707,24.025,-24.804,25.495,230.941,7.0,0.0,1787203772.142441,4.018,4.11,,,,0,,,,,,,,,,,,,,,,,,,,,,,,,,,,,,,,,,,,,,,,,,,,,,,,,,,,,,,,,,,,,,,,,,,,,,,,,,60.0,0.6,1.2,1.5,2.0,0.2,480,13918083,13494535,96.957,False,0.0,False,91.875,95.788,0,0,0,,,,,,,,,0,0.0,,True,5,15,True,1,0,91.875,351,240,19,1787203772.141249,,,,,,,,,,,,,,,,,,,,,,,28339.97192982456,153.46819684210527,91.92783298245614,61.538682105263156,4.167598719298246,96.957,142.60036956253347,10.281139588878728,21.12453613791212,0,285,,
seed5,4,adaptive,,True,,,,,,,,,,,,,,,,,,,,,,,,,,,,,,,,,,,,,,,,,,,,71.6,5,5,0,0.431,0,,,,,,,,,0,,,,,,,,,,,../../tmp/guarded_3mode_n5_20260820_artifacts/seed5_run4_adaptive.json,7155,5977,1.113,-0.96,1.438,-25.467,24.025,-24.719,24.657,225.25,7.0,1.132,1787203862.587946,4.274,4.295,1787203908.411137,-24.682,-22.478,0,,,,,,,,,,,,,,,,,,,,,,,,,,,,,,,,,,,,,,,,,,,,,,,,,,,,,,,,,,,,,,,,,,,,,,,,,,60.0,0.6,1.2,1.5,2.0,1.5,414,11611701,11114725,95.72,True,32.609,False,89.13,94.042,1,0,0,1787203906.624888,1787203906.624888,1787203906.804786,,,,,,16,0.72986,0.0,True,5,15,True,2,1,89.13,342,227,21,1787203862.586945,,,,,,,,,,,,,,,,,,,,,,,27768.030888030888,142.58673436293438,83.94166718146718,58.643458301158304,4.2019861003861,95.72,140.12041273166957,10.16650585518349,21.060253251234993,0,259,,
seed5,5,sector,,True,,,,,,,,,,,,,,,,,,,,,,,,,,,,,,,,,,,,,,,,,,,,72.42,5,5,0,0.422,0,,,,,,,,,0,,,,,,,,,,,../../tmp/guarded_3mode_n5_20260820_artifacts/seed5_run5_sector.json,7238,5646,0.953,-0.929,2.048,-25.801,24.025,-25.005,24.669,227.76,7.0,1.331,1787203944.024473,4.483,4.288,1787203989.171207,-2.985,-23.675,0,,,,,,,,,,,,,,,,,,,,,,,,,,,,,,,,,,,,,,,,,,,,,,,,,,,,,,,,,,,,,,,,,,,,,,,,,,60.0,0.6,1.2,1.5,2.0,0.2,520,14121581,13584793,96.199,False,0.0,False,90.962,94.19,0,0,0,,,,,,,,,0,0.0,,True,5,15,False,2,2,90.962,359,240,18,1787203944.022466,,,,,,,,,,,,,,,,,,,,,,,27239.958333333332,144.76188044871796,85.88113141025642,58.87908173076923,3.82212496474359,96.199,147.93808191988126,10.677482190722023,20.250053262373825,0,312,,
seed5,5,adaptive,,True,,,,,,,,,,,,,,,,,,,,,,,,,,,,,,,,,,,,,,,,,,,,73.11,5,5,0,0.421,0,,,,,,,,,0,,,,,,,,,,,../../tmp/guarded_3mode_n5_20260820_artifacts/seed5_run5_adaptive.json,7308,6038,0.911,-1.134,1.802,-24.567,24.025,-25.509,27.797,226.665,7.001,0.28,1787204027.286846,4.893,4.586,1787204074.171489,-24.03,-23.919,0,,,,,,,,,,,,,,,,,,,,,,,,,,,,,,,,,,,,,,,,,,,,,,,,,,,,,,,,,,,,,,,,,,,,,,,,,,60.0,0.6,1.2,1.5,2.0,1.5,572,15822752,15198453,96.054,True,81.993,False,90.385,93.437,1,1,1,1787204037.541246,1787204037.541246,1787204038.431334,1787204060.591654,1787204061.792281,1.200627,1787204065.031823,3.239542,39,1.200627,0.0,True,5,15,True,2,1,90.385,334,232,23,1787204027.28584,,,,,,,,,,,,,,,,,,,,,,,25803.058419243986,140.03582439862544,82.26108865979381,57.77299742268041,3.8945638075601376,96.054,137.90271920985865,10.534791061851365,18.753979949159763,0,291,,
seed5,5,full,,True,,,,,,,,,,,,,,,,,,,,,,,,,,,,,,,,,,,,,,,,,,,,59.88,5,5,0,0.407,0,,,,,,,,,0,,,,,,,,,,,../../tmp/guarded_3mode_n5_20260820_artifacts/seed5_run5_full.json,5987,4839,0.981,-1.095,1.922,-24.407,24.025,-25.931,27.883,225.836,7.0,0.0,,,,,,,0,,,,,,,,,,,,,,,,,,,,,,,,,,,,,,,,,,,,,,,,,,,,,,,,,,,,,,,,,,,,,,,,,,,,,,,,,,60.0,0.6,1.2,1.5,2.0,0.2,484,13273924,13273924,100.0,False,0.0,True,100.0,100.0,0,0,0,,,,,,,,,0,0.0,,True,5,15,False,0,0,0.0,0,0,0,,,,,,,,,,,,,,,,,,,,,,,,28375.44128113879,156.36757508896798,91.80498042704627,64.56094056939502,4.437411683274021,100.0,170.6676006809025,10.479266047951644,23.614122765572727,0,281,,
seed6,1,full,,True,,,,,,,,,,,,,,,,,,,,,,,,,,,,,,,,,,,,,,,,,,,,76.42,5,5,0,0.381,0,,,,,,,,,0,,,,,,,,,,,../../tmp/guarded_3mode_n5_20260820_artifacts/seed6_run1_full.json,7641,6763,0.694,-1.326,2.069,-24.82,24.025,-26.336,29.08,232.835,7.0,0.461,,,,,,,0,,,,,,,,,,,,,,,,,,,,,,,,,,,,,,,,,,,,,,,,,,,,,,,,,,,,,,,,,,,,,,,,,,,,,,,,,,60.0,0.6,1.2,1.5,2.0,0.2,439,13401973,13401973,100.0,False,0.0,True,100.0,100.0,0,0,0,,,,,,,,,0,0.0,,True,5,15,False,0,0,0.0,0,0,0,,,,,,,,,,,,,,,,,,,,,,,,31621.26953125,142.99342812499998,85.71186796875,57.279874218749995,4.221283046875,100.0,130.53831028841245,9.604593134040762,20.619754228978557,0,256,,
seed6,1,sector,,True,,,,,,,,,,,,,,,,,,,,,,,,,,,,,,,,,,,,,,,,,,,,72.36,5,5,0,0.324,0,,,,,,,,,0,,,,,,,,,,,../../tmp/guarded_3mode_n5_20260820_artifacts/seed6_run1_sector.json,7234,6426,0.668,-1.278,1.01,-27.251,24.025,-25.506,26.614,230.937,7.0,0.265,1787204267.964753,8.72,10.772,,,,0,,,,,,,,,,,,,,,,,,,,,,,,,,,,,,,,,,,,,,,,,,,,,,,,,,,,,,,,,,,,,,,,,,,,,,,,,,60.0,0.6,1.2,1.5,2.0,0.2,499,15500214,15017817,96.888,False,0.0,False,90.18,93.655,0,0,0,,,,,,,,,0,0.0,,True,5,15,True,1,0,90.18,377,237,15,1787204267.963698,,,,,,,,,,,,,,,,,,,,,,,30424.06818181818,141.80758636363635,85.09346363636364,56.712472727272726,3.8022638116883116,96.888,147.9941052253395,11.027647992906564,22.287053922652547,0,308,,
seed6,1,adaptive,,True,,,,,,,,,,,,,,,,,,,,,,,,,,,,,,,,,,,,,,,,,,,,89.13,5,5,0,0.405,0,,,,,,,,,0,,,,,,,,,,,../../tmp/guarded_3mode_n5_20260820_artifacts/seed6_run1_adaptive.json,8910,7960,0.581,-1.358,2.082,-25.47,24.025,-25.244,29.092,234.402,7.0,0.0,1787204347.668241,2.86,3.541,1787204360.234797,22.929,22.789,0,,,,,,,,,,,,,,,,,,,,,,,,,,,,,,,,,,,,,,,,,,,,,,,,,,,,,,,,,,,,,,,,,,,,,,,,,,60.0,0.6,1.2,1.5,2.0,1.5,507,15780058,15255565,96.676,True,57.791,False,88.363,94.722,1,1,1,1787204381.447821,1787204381.447821,1787204381.627441,1787204381.627441,1787204382.827499,1.200058,1787204425.678018,42.850519,3,1.200058,0.0,True,5,15,False,2,2,88.363,386,253,25,1787204347.667034,,,,,,,,,,,,,,,,,,,,,,,31088.816455696204,128.68602911392404,78.87024873417721,49.8141578164557,3.4893257151898736,96.676,128.21108404358918,10.230166051788471,19.045844151202154,0,316,,
seed6,2,sector,,True,,,,,,,,,,,,,,,,,,,,,,,,,,,,,,,,,,,,,,,,,,,,76.8,5,5,0,0.407,0,,,,,,,,,0,,,,,,,,,,,../../tmp/guarded_3mode_n5_20260820_artifacts/seed6_run2_sector.json,7671,6851,1.045,-1.038,1.462,-25.532,24.025,-26.713,24.609,227.518,7.0,0.465,1787204446.945313,3.21,4.381,,,,0,,,,,,,,,,,,,,,,,,,,,,,,,,,,,,,,,,,,,,,,,,,,,,,,,,,,,,,,,,,,,,,,,,,,,,,,,,60.0,0.6,1.2,1.5,2.0,0.2,502,15299380,15002441,98.059,False,0.0,False,92.829,96.753,0,0,0,,,,,,,,,0,0.0,,True,5,15,True,1,0,92.829,375,245,26,1787204446.944355,,,,,,,,,,,,,,,,,,,,,,,30745.909090909092,143.34659018181816,86.07343127272728,57.271446545454545,4.088081036363636,98.059,141.03236473810298,10.104526246020031,,0,275,,
seed6,2,adaptive,,True,,,,,,,,,,,,,,,,,,,,,,,,,,,,,,,,,,,,,,,,,,,,92.71,5,5,0,0.395,0,,,,,,,,,0,,,,,,,,,,,../../tmp/guarded_3mode_n5_20260820_artifacts/seed6_run2_adaptive.json,9267,8364,0.636,-1.317,1.713,-24.2,24.025,-27.664,26.653,228.76,7.0,0.0,1787204536.849317,6.36,8.277,1787204615.300868,24.023,-23.976,0,,,,,,,,,,,,,,,,,,,,,,,,,,,,,,,,,,,,,,,,,,,,,,,,,,,,,,,,,,,,,,,,,,,,,,,,,,60.0,0.6,1.2,1.5,2.0,1.5,450,13606565,13036813,95.813,True,61.111,False,86.222,90.198,1,1,1,1787204565.608805,1787204565.608805,1787204568.908914,1787204587.858816,1787204589.058977,1.200161,1787204611.749113,22.690136,21,1.200161,0.0,True,5,15,True,2,1,86.222,337,218,21,1787204536.848453,,,,,,,,,,,,,,,,,,,,,,,27214.102564102563,122.88704273504274,72.5861952991453,50.29929017094017,4.07166358974359,95.813,104.35570600823786,10.06298009616425,20.90320043453301,0,234,,
seed6,2,full,,True,,,,,,,,,,,,,,,,,,,,,,,,,,,,,,,,,,,,,,,,,,,,78.7,5,5,0,0.401,0,,,,,,,,,0,,,,,,,,,,,../../tmp/guarded_3mode_n5_20260820_artifacts/seed6_run2_full.json,7869,6706,0.84,-1.17,2.191,-27.07,24.025,-23.889,26.757,224.83,7.0,0.0,,,,,,,0,,,,,,,,,,,,,,,,,,,,,,,,,,,,,,,,,,,,,,,,,,,,,,,,,,,,,,,,,,,,,,,,,,,,,,,,,,60.0,0.6,1.2,1.5,2.0,0.2,456,14090850,14090850,100.0,False,0.0,True,100.0,100.0,0,0,0,,,,,,,,,0,0.0,,True,5,15,False,0,0,0.0,0,0,0,,,,,,,,,,,,,,,,,,,,,,,,31771.466135458166,146.71173187250997,87.65737529880478,59.052688047808765,4.274216486055777,100.0,130.92377316629882,9.476949777589233,20.266694501276664,0,251,,
seed6,3,adaptive,,True,,,,,,,,,,,,,,,,,,,,,,,,,,,,,,,,,,,,,,,,,,,,83.39,5,5,0,0.396,0,,,,,,,,,0,,,,,,,,,,,../../tmp/guarded_3mode_n5_20260820_artifacts/seed6_run3_adaptive.json,8335,7506,0.959,-1.145,1.858,-25.812,24.025,-24.73,29.31,234.545,7.0,0.0,1787204724.086276,3.397,4.572,,,,0,,,,,,,,,,,,,,,,,,,,,,,,,,,,,,,,,,,,,,,,,,,,,,,,,,,,,,,,,,,,,,,,,,,,,,,,,,60.0,0.6,1.2,1.5,2.0,1.5,477,15070851,14763428,97.96,True,57.023,False,92.243,96.629,1,0,0,1787204755.134872,1787204755.134872,1787204759.704827,,,,,,32,1.170069,0.0,True,5,15,True,1,0,92.243,364,254,26,1787204724.085432,,,,,,,,,,,,,,,,,,,,,,,32217.824175824175,138.57468754578755,83.55083919413919,55.0221684981685,4.075611652014652,97.96,132.46906396942126,10.20035826506465,20.70805913212233,0,273,,
seed6,3,full,,True,,,,,,,,,,,,,,,,,,,,,,,,,,,,,,,,,,,,,,,,,,,,91.44,5,5,0,0.391,0,,,,,,,,,0,,,,,,,,,,,../../tmp/guarded_3mode_n5_20260820_artifacts/seed6_run3_full.json,9142,8154,0.988,-1.076,1.742,-24.378,24.025,-25.382,29.269,234.648,7.0,0.32,,,,,,,0,,,,,,,,,,,,,,,,,,,,,,,,,,,,,,,,,,,,,,,,,,,,,,,,,,,,,,,,,,,,,,,,,,,,,,,,,,60.0,0.6,1.2,1.5,2.0,0.2,564,17223669,17223669,100.0,False,0.0,True,100.0,100.0,0,0,0,,,,,,,,,0,0.0,,True,5,15,False,0,0,0.0,0,0,0,,,,,,,,,,,,,,,,,,,,,,,,30333.39932885906,143.48788322147652,85.2491456375839,58.23708590604027,3.89579994295302,100.0,125.64922508634025,10.106989168912033,18.486133849935918,0,298,,
seed6,3,sector,,True,,,,,,,,,,,,,,,,,,,,,,,,,,,,,,,,,,,,,,,,,,,,80.41,5,5,0,0.397,0,,,,,,,,,0,,,,,,,,,,,../../tmp/guarded_3mode_n5_20260820_artifacts/seed6_run3_sector.json,8036,6523,0.537,-1.328,1.793,-26.854,24.025,-24.94,24.884,230.261,7.0,1.433,1787204921.052814,9.079,11.239,,,,0,,,,,,,,,,,,,,,,,,,,,,,,,,,,,,,,,,,,,,,,,,,,,,,,,,,,,,,,,,,,,,,,,,,,,,,,,,60.0,0.6,1.2,1.5,2.0,0.2,477,13849669,13309593,96.1,False,0.0,False,88.889,92.062,0,0,0,,,,,,,,,0,0.0,,True,5,15,True,1,0,88.889,366,240,22,1787204921.051917,,,,,,,,,,,,,,,,,,,,,,,28049.264705882353,142.94800551470587,84.14490147058822,58.80151029411765,4.072995113970588,96.1,137.4464326970554,10.293336160637443,19.34597988759609,0,272,,
seed6,4,full,,True,,,,,,,,,,,,,,,,,,,,,,,,,,,,,,,,,,,,,,,,,,,,74.66,5,5,0,0.409,0,,,,,,,,,0,,,,,,,,,,,../../tmp/guarded_3mode_n5_20260820_artifacts/seed6_run4_full.json,7463,6420,0.62,-1.141,1.566,-25.69,24.027,-24.695,28.03,235.215,7.0,0.32,,,,,,,0,,,,,,,,,,,,,,,,,,,,,,,,,,,,,,,,,,,,,,,,,,,,,,,,,,,,,,,,,,,,,,,,,,,,,,,,,,60.0,0.6,1.2,1.5,2.0,0.2,443,13066144,13066144,100.0,False,0.0,True,100.0,100.0,0,0,0,,,,,,,,,0,0.0,,True,5,15,False,0,0,0.0,0,0,0,,,,,,,,,,,,,,,,,,,,,,,,30615.85,150.04457,91.19009923076923,58.852803461538464,4.238324515384615,100.0,138.76135210653325,9.515449922760586,17.941727377493443,0,260,,
seed6,4,sector,,True,,,,,,,,,,,,,,,,,,,,,,,,,,,,,,,,,,,,,,,,,,,,86.14,5,5,0,0.418,0,,,,,,,,,0,,,,,,,,,,,../../tmp/guarded_3mode_n5_20260820_artifacts/seed6_run4_sector.json,8613,7839,0.659,-1.295,1.855,-25.729,24.025,-27.95,25.523,234.371,7.0,0.0,1787205097.053637,4.437,7.145,,,,0,,,,,,,,,,,,,,,,,,,,,,,,,,,,,,,,,,,,,,,,,,,,,,,,,,,,,,,,,,,,,,,,,,,,,,,,,,60.0,0.6,1.2,1.5,2.0,0.2,537,16463248,15990880,97.131,False,0.0,False,89.944,93.126,0,0,0,,,,,,,,,0,0.0,,True,5,15,False,1,1,89.944,390,249,18,1787205097.052812,,,,,,,,,,,,,,,,,,,,,,,29762.855670103094,135.48948865979384,81.49487010309278,53.9928941580756,3.8959500446735396,97.131,120.81460494330955,10.635977057378998,22.38624418673476,0,291,,
seed6,4,adaptive,,True,,,,,,,,,,,,,,,,,,,,,,,,,,,,,,,,,,,,,,,,,,,,80.98,5,5,0,0.4,0,,,,,,,,,0,,,,,,,,,,,../../tmp/guarded_3mode_n5_20260820_artifacts/seed6_run4_adaptive.json,8092,7214,0.921,-1.119,2.006,-25.489,24.028,-26.137,25.88,227.586,7.0,0.0,1787205190.060362,3.333,4.62,1787205203.119517,24.013,24.012,0,,,,,,,,,,,,,,,,,,,,,,,,,,,,,,,,,,,,,,,,,,,,,,,,,,,,,,,,,,,,,,,,,,,,,,,,,,60.0,0.6,1.2,1.5,2.0,1.5,470,14604364,14154243,96.918,True,59.574,False,89.149,94.831,1,2,2,1787205220.095502,1787205220.095502,1787205222.2758,1787205233.995845,1787205235.196087,1.200242,1787205240.795747,5.59966,29,1.200242,0.0,True,5,15,True,2,1,89.149,365,243,22,1787205190.05924,,,,,,,,,,,,,,,,,,,,,,,30606.3125,136.57730330882353,82.54728897058823,54.02828327205882,4.065991724264706,96.918,131.08461272221464,10.804491902063994,20.112550956613354,0,272,,
seed6,5,sector,,True,,,,,,,,,,,,,,,,,,,,,,,,,,,,,,,,,,,,,,,,,,,,74.11,5,5,0,0.4,0,,,,,,,,,0,,,,,,,,,,,../../tmp/guarded_3mode_n5_20260820_artifacts/seed6_run5_sector.json,7406,6293,0.745,-1.238,1.792,-27.602,24.025,-27.685,26.006,228.46,7.0,0.0,1787205280.402439,3.352,4.608,1787205320.516273,-24.309,-23.417,0,,,,,,,,,,,,,,,,,,,,,,,,,,,,,,,,,,,,,,,,,,,,,,,,,,,,,,,,,,,,,,,,,,,,,,,,,,60.0,0.6,1.2,1.5,2.0,0.2,445,12633027,12139985,96.097,False,0.0,False,87.416,93.507,0,0,0,,,,,,,,,0,0.0,,True,5,15,False,2,2,87.416,370,232,25,1787205280.401489,,,,,,,,,,,,,,,,,,,,,,,27903.008032128513,128.66271847389558,76.792859437751,51.86824979919679,4.075330132530121,96.097,129.66699669741655,9.73941044510982,19.914264032830708,0,249,,
seed6,5,adaptive,,True,,,,,,,,,,,,,,,,,,,,,,,,,,,,,,,,,,,,,,,,,,,,91.62,5,5,0,0.382,0,,,,,,,,,0,,,,,,,,,,,../../tmp/guarded_3mode_n5_20260820_artifacts/seed6_run5_adaptive.json,9158,8198,0.819,-1.201,1.707,-27.375,24.051,-25.336,28.744,235.223,7.003,0.0,1787205364.95865,3.158,4.177,,,,0,,,,,,,,,,,,,,,,,,,,,,,,,,,,,,,,,,,,,,,,,,,,,,,,,,,,,,,,,,,,,,,,,,,,,,,,,,60.0,0.6,1.2,1.5,2.0,1.5,559,17116493,16752865,97.876,True,71.914,False,92.308,96.455,1,1,1,1787205388.493545,1787205388.493545,1787205388.684163,1787205389.673719,1787205390.883405,1.209686,1787205403.203744,12.320339,34,1.209686,0.0,True,5,15,True,1,0,92.308,363,255,28,1787205364.95767,,,,,,,,,,,,,,,,,,,,,,,29825.14332247557,139.06594397394136,83.63170032573291,55.43244495114007,3.813436986970684,97.876,131.80463026982824,10.268197464347777,20.78508785905292,0,307,,
seed6,5,full,,True,,,,,,,,,,,,,,,,,,,,,,,,,,,,,,,,,,,,,,,,,,,,69.83,5,5,0,0.452,0,,,,,,,,,0,,,,,,,,,,,../../tmp/guarded_3mode_n5_20260820_artifacts/seed6_run5_full.json,6982,6211,0.528,-1.367,1.526,-24.484,24.025,-24.967,29.508,233.155,7.0,0.423,,,,,,,0,,,,,,,,,,,,,,,,,,,,,,,,,,,,,,,,,,,,,,,,,,,,,,,,,,,,,,,,,,,,,,,,,,,,,,,,,,60.0,0.6,1.2,1.5,2.0,0.2,477,14717953,14717953,100.0,False,0.0,True,100.0,100.0,0,0,0,,,,,,,,,0,0.0,,True,5,15,False,0,0,0.0,0,0,0,,,,,,,,,,,,,,,,,,,,,,,,30499.519434628975,148.9123328621908,88.2540855123675,60.65597844522968,4.220694639575972,100.0,152.51581175577402,9.988264152236042,19.697143516062724,0,283,,
seed7,1,full,,True,,,,,,,,,,,,,,,,,,,,,,,,,,,,,,,,,,,,,,,,,,,,78.15,5,5,0,0.412,0,,,,,,,,,0,,,,,,,,,,,../../tmp/guarded_3mode_n5_20260820_artifacts/seed7_run1_full.json,7813,7170,1.215,-0.843,1.554,-25.537,24.025,-24.382,26.115,233.975,7.0,0.0,,,,,,,0,,,,,,,,,,,,,,,,,,,,,,,,,,,,,,,,,,,,,,,,,,,,,,,,,,,,,,,,,,,,,,,,,,,,,,,,,,60.0,0.6,1.2,1.5,2.0,0.2,531,20524074,20524074,100.0,False,0.0,True,100.0,100.0,0,0,0,,,,,,,,,0,0.0,,True,5,15,False,0,0,0.0,0,0,0,,,,,,,,,,,,,,,,,,,,,,,,38698.59726962457,155.7882723549488,97.57149624573378,58.21499726962457,4.466093303754267,100.0,142.2825180687706,10.725412666051112,21.14060349577627,0,293,,
seed7,1,sector,,True,,,,,,,,,,,,,,,,,,,,,,,,,,,,,,,,,,,,,,,,,,,,106.92,5,5,0,0.41,0,,,,,,,,,0,,,,,,,,,,,../../tmp/guarded_3mode_n5_20260820_artifacts/seed7_run1_sector.json,10690,9019,1.002,-0.744,1.701,-26.015,24.025,-24.179,25.731,237.514,7.0,1.248,1787205634.476501,5.546,5.029,,,,0,,,,,,,,,,,,,,,,,,,,,,,,,,,,,,,,,,,,,,,,,,,,,,,,,,,,,,,,,,,,,,,,,,,,,,,,,,60.0,0.6,1.2,1.5,2.0,0.2,526,19373545,19112678,98.653,False,0.0,False,96.198,97.998,0,0,0,,,,,,,,,0,0.0,,True,5,15,True,1,0,96.198,358,250,23,1787205634.475215,,,,,,,,,,,,,,,,,,,,,,,36519.52715654952,141.68309137380191,87.59807444089456,54.083356869009584,3.9681915303514375,98.653,116.99141521163133,9.988823194060702,20.57520678238957,1,314,,
seed7,1,adaptive,,True,,,,,,,,,,,,,,,,,,,,,,,,,,,,,,,,,,,,,,,,,,,,79.58,5,5,0,0.374,0,,,,,,,,,0,,,,,,,,,,,../../tmp/guarded_3mode_n5_20260820_artifacts/seed7_run1_adaptive.json,7956,6875,1.322,-0.634,1.386,-25.639,24.028,-27.789,24.647,237.108,7.0,0.0,1787205751.387142,3.88,4.385,,,,0,,,,,,,,,,,,,,,,,,,,,,,,,,,,,,,,,,,,,,,,,,,,,,,,,,,,,,,,,,,,,,,,,,,,,,,,,,60.0,0.6,1.2,1.5,2.0,1.5,515,18766288,18489664,98.526,True,95.534,False,95.728,97.818,1,1,1,1787205752.217858,1787205752.217858,1787205753.727796,1787205797.61834,1787205798.828767,1.210426,1787205805.42783,6.599063,43,1.210426,0.0,True,5,15,False,1,1,95.728,375,241,38,1787205751.386265,,,,,,,,,,,,,,,,,,,,,,,35631.01090909091,156.57482363636362,97.70486945454546,58.86824472727273,4.725202599999999,98.526,142.6133813353358,11.308664076439081,21.990339457046943,0,275,,
seed7,2,sector,,True,,,,,,,,,,,,,,,,,,,,,,,,,,,,,,,,,,,,,,,,,,,,91.56,5,5,0,0.386,0,,,,,,,,,0,,,,,,,,,,,../../tmp/guarded_3mode_n5_20260820_artifacts/seed7_run2_sector.json,9153,8228,0.666,-1.296,1.71,-25.814,24.025,-25.022,25.819,238.558,7.0,0.0,1787205850.928839,7.845,10.229,1787205862.294004,21.815,22.893,0,,,,,,,,,,,,,,,,,,,,,,,,,,,,,,,,,,,,,,,,,,,,,,,,,,,,,,,,,,,,,,,,,,,,,,,,,,60.0,0.6,1.2,1.5,2.0,0.2,411,16034829,15138280,94.409,False,0.0,False,84.672,88.062,0,0,0,,,,,,,,,0,0.0,,True,5,15,True,2,1,84.672,371,250,26,1787205850.927973,,,,,,,,,,,,,,,,,,,,,,,35925.823970037454,129.67366554307117,81.38098689138577,48.29100801498128,4.105264400749064,94.409,116.26440376039427,10.160854330783268,21.612240709551813,0,267,,
seed7,2,adaptive,,True,,,,,,,,,,,,,,,,,,,,,,,,,,,,,,,,,,,,,,,,,,,,101.35,5,5,0,0.362,0,,,,,,,,,0,,,,,,,,,,,../../tmp/guarded_3mode_n5_20260820_artifacts/seed7_run2_adaptive.json,10130,9044,0.137,-1.484,1.814,-26.026,24.025,-25.168,26.329,246.824,7.0,0.42,1787205942.018306,4.449,5.035,1787205956.795862,23.841,23.89,0,,,,,,,,,,,,,,,,,,,,,,,,,,,,,,,,,,,,,,,,,,,,,,,,,,,,,,,,,,,,,,,,,,,,,,,,,,60.0,0.6,1.2,1.5,2.0,1.5,459,17213261,16694532,96.986,True,70.153,True,91.503,94.56,1,2,1,1787205973.121139,1787205973.121139,1787205974.091044,1787206002.460169,1787206003.660625,1.200456,1787206029.919735,26.25911,26,1.200456,0.0,True,5,15,True,3,2,91.503,401,265,30,1787205942.017068,,,,,,,,,,,,,,,,,,,,,,,35465.44905660377,131.31046226415094,80.93533547169811,50.37342437735849,4.1979056075471695,96.986,113.19938203265178,9.911324988123912,19.038554740617776,0,265,,
seed7,2,full,,True,,,,,,,,,,,,,,,,,,,,,,,,,,,,,,,,,,,,,,,,,,,,87.38,5,5,0,0.403,0,,,,,,,,,0,,,,,,,,,,,../../tmp/guarded_3mode_n5_20260820_artifacts/seed7_run2_full.json,8732,7627,0.711,-1.268,1.411,-25.749,24.257,-27.864,25.816,239.704,7.0,0.35,,,,,,,0,,,,,,,,,,,,,,,,,,,,,,,,,,,,,,,,,,,,,,,,,,,,,,,,,,,,,,,,,,,,,,,,,,,,,,,,,,60.0,0.6,1.2,1.5,2.0,0.2,542,21296453,21296453,100.0,False,0.0,True,100.0,100.0,0,0,0,,,,,,,,,0,0.0,,True,5,15,False,0,0,0.0,0,0,0,,,,,,,,,,,,,,,,,,,,,,,,38352.40476190476,151.36585544217687,93.66679829931974,57.697296598639454,4.570634418367347,100.0,134.9222401779889,10.348089859880275,21.78664615156116,0,294,,
seed7,3,adaptive,,True,,,,,,,,,,,,,,,,,,,,,,,,,,,,,,,,,,,,,,,,,,,,103.11,5,5,0,0.389,0,,,,,,,,,0,,,,,,,,,,,../../tmp/guarded_3mode_n5_20260820_artifacts/seed7_run3_adaptive.json,10307,8013,0.289,-1.423,2.103,-25.736,24.025,-25.064,25.868,241.679,6.998,0.0,1787206150.831157,4.475,5.064,1787206166.71086,21.957,24.369,0,,,,,,,,,,,,,,,,,,,,,,,,,,,,,,,,,,,,,,,,,,,,,,,,,,,,,,,,,,,,,,,,,,,,,,,,,,60.0,0.6,1.2,1.5,2.0,1.5,599,21118389,20728468,98.154,True,74.624,True,95.159,96.68,1,2,1,1787206181.943471,1787206181.943471,1787206182.583173,1787206192.563421,1787206193.772869,1.209448,1787206205.333025,11.560156,8,1.20981,0.0,True,5,15,True,2,1,95.159,392,264,19,1787206150.830209,,,,,,,,,,,,,,,,,,,,,,,33150.15197568389,146.2971063829787,90.40495927051671,55.89042462006079,3.622401422492401,98.154,131.04354282233578,10.478849842051568,20.344383580296725,0,329,,
seed7,3,full,,True,,,,,,,,,,,,,,,,,,,,,,,,,,,,,,,,,,,,,,,,,,,,100.47,5,5,0,0.35,0,,,,,,,,,0,,,,,,,,,,,../../tmp/guarded_3mode_n5_20260820_artifacts/seed7_run3_full.json,10044,8486,1.128,-0.94,1.132,-25.816,24.025,-24.747,25.899,235.936,7.001,0.0,,,,,,,0,,,,,,,,,,,,,,,,,,,,,,,,,,,,,,,,,,,,,,,,,,,,,,,,,,,,,,,,,,,,,,,,,,,,,,,,,,60.0,0.6,1.2,1.5,2.0,0.2,468,17317673,17317673,100.0,False,0.0,True,100.0,100.0,0,0,0,,,,,,,,,0,0.0,,True,5,15,False,0,0,0.0,0,0,0,,,,,,,,,,,,,,,,,,,,,,,,38323.71129707113,149.76976527196652,92.84041213389122,56.92762635983264,4.934565577405857,100.0,120.04237338929993,9.342926214212465,,0,239,,
seed7,3,sector,,True,,,,,,,,,,,,,,,,,,,,,,,,,,,,,,,,,,,,,,,,,,,,93.86,5,5,0,0.362,0,,,,,,,,,0,,,,,,,,,,,../../tmp/guarded_3mode_n5_20260820_artifacts/seed7_run3_sector.json,9384,8275,0.827,-1.219,1.812,-26.65,24.187,-26.817,25.885,233.183,7.001,0.0,1787206373.579707,4.475,5.065,,,,0,,,,,,,,,,,,,,,,,,,,,,,,,,,,,,,,,,,,,,,,,,,,,,,,,,,,,,,,,,,,,,,,,,,,,,,,,,60.0,0.6,1.2,1.5,2.0,0.2,418,16108648,15932113,98.904,False,0.0,False,96.651,98.378,0,0,0,,,,,,,,,0,0.0,,True,5,15,True,1,0,96.651,350,258,25,1787206373.578683,,,,,,,,,,,,,,,,,,,,,,,37839.3164556962,144.53711603375527,89.94381181434599,54.59102616033755,4.861745210970464,98.904,117.78355292833943,9.936684123910904,20.884406314503646,0,237,,
seed7,4,full,,True,,,,,,,,,,,,,,,,,,,,,,,,,,,,,,,,,,,,,,,,,,,,79.63,5,5,0,0.39,0,,,,,,,,,0,,,,,,,,,,,../../tmp/guarded_3mode_n5_20260820_artifacts/seed7_run4_full.json,7960,6741,-0.09,-1.488,1.406,-25.894,24.025,-25.49,24.713,236.919,7.005,0.0,,,,,,,0,,,,,,,,,,,,,,,,,,,,,,,,,,,,,,,,,,,,,,,,,,,,,,,,,,,,,,,,,,,,,,,,,,,,,,,,,,60.0,0.6,1.2,1.5,2.0,0.2,454,16703172,16703172,100.0,False,0.0,True,100.0,100.0,0,0,0,,,,,,,,,0,0.0,,True,5,15,False,0,0,0.0,0,0,0,,,,,,,,,,,,,,,,,,,,,,,,36812.146718146716,153.57564864864864,95.83037413127413,57.74356872586873,4.738114154440154,100.0,132.75744249774712,10.358748486819893,20.361775771486684,0,259,,
seed7,4,sector,,True,,,,,,,,,,,,,,,,,,,,,,,,,,,,,,,,,,,,,,,,,,,,78.97,5,5,0,0.405,0,,,,,,,,,0,,,,,,,,,,,../../tmp/guarded_3mode_n5_20260820_artifacts/seed7_run4_sector.json,7896,7165,1.231,-0.826,1.84,-25.573,24.025,-27.975,26.248,230.722,6.996,0.0,1787206567.210515,5.565,5.099,,,,0,,,,,,,,,,,,,,,,,,,,,,,,,,,,,,,,,,,,,,,,,,,,,,,,,,,,,,,,,,,,,,,,,,,,,,,,,,60.0,0.6,1.2,1.5,2.0,0.2,392,14394908,14099592,97.948,False,0.0,False,94.133,96.985,0,0,0,,,,,,,,,0,0.0,,True,5,15,True,1,0,94.133,322,221,25,1787206567.209394,,,,,,,,,,,,,,,,,,,,,,,36563.76394849786,147.5668330472103,91.38902789699571,56.17605021459227,4.887316643776824,97.948,132.43431761172045,10.151158916946327,18.143902388012943,0,233,,
seed7,4,adaptive,,True,,,,,,,,,,,,,,,,,,,,,,,,,,,,,,,,,,,,,,,,,,,,76.88,5,5,0,0.397,0,,,,,,,,,0,,,,,,,,,,,../../tmp/guarded_3mode_n5_20260820_artifacts/seed7_run4_adaptive.json,7686,6540,1.052,-1.046,1.36,-25.998,24.025,-30.296,25.761,234.936,7.001,0.0,1787206655.22159,5.13,5.161,,,,0,,,,,,,,,,,,,,,,,,,,,,,,,,,,,,,,,,,,,,,,,,,,,,,,,,,,,,,,,,,,,,,,,,,,,,,,,,60.0,0.6,1.2,1.5,2.0,1.5,511,18964376,18674918,98.474,True,94.912,True,95.695,97.664,1,1,0,1787206657.011276,1787206657.011276,1787206658.291577,1787206722.340626,1787206723.541008,1.200382,,,42,1.200382,0.0,True,5,15,True,1,0,95.695,368,259,19,1787206655.220849,,,,,,,,,,,,,,,,,,,,,,,36489.50519031142,142.560823183391,89.02338892733563,53.535705190311425,4.271102294117647,98.474,139.69607488380373,10.693333188974226,22.720240008843945,0,289,,
seed7,5,sector,,True,,,,,,,,,,,,,,,,,,,,,,,,,,,,,,,,,,,,,,,,,,,,92.75,5,5,0,0.367,0,,,,,,,,,0,,,,,,,,,,,../../tmp/guarded_3mode_n5_20260820_artifacts/seed7_run5_sector.json,9273,7069,0.821,-0.863,1.888,-27.024,24.205,-27.174,25.908,238.982,6.996,0.0,1787206740.975771,4.272,4.833,,,,0,,,,,,,,,,,,,,,,,,,,,,,,,,,,,,,,,,,,,,,,,,,,,,,,,,,,,,,,,,,,,,,,,,,,,,,,,,60.0,0.6,1.2,1.5,2.0,0.2,569,20442519,20209408,98.86,False,0.0,False,96.837,98.317,0,0,0,,,,,,,,,0,0.0,,True,5,15,False,1,1,96.837,403,276,36,1787206740.974846,,,,,,,,,,,,,,,,,,,,,,,34146.4373088685,145.7084110091743,90.2050633027523,55.501669113149845,3.826501801223242,98.86,138.6406721139854,10.24408007420677,21.201743515785303,0,327,,
seed7,5,adaptive,,True,,,,,,,,,,,,,,,,,,,,,,,,,,,,,,,,,,,,,,,,,,,,96.99,5,5,0,0.402,0,,,,,,,,,0,,,,,,,,,,,../../tmp/guarded_3mode_n5_20260820_artifacts/seed7_run5_adaptive.json,9695,8594,-0.143,-1.487,2.035,-25.783,24.029,-25.313,27.116,242.779,7.001,0.0,1787206843.429634,4.475,5.065,1787206861.394118,23.961,24.01,0,,,,,,,,,,,,,,,,,,,,,,,,,,,,,,,,,,,,,,,,,,,,,,,,,,,,,,,,,,,,,,,,,,,,,,,,,,60.0,0.6,1.2,1.5,2.0,1.5,509,18600379,18274089,98.246,True,21.415,True,95.285,97.332,1,1,0,1787206919.602698,1787206919.602698,1787206919.802704,1787206926.253149,1787206927.463091,1.209941,,,5,1.209941,0.0,True,5,15,True,2,1,95.285,410,266,31,1787206843.428736,,,,,,,,,,,,,,,,,,,,,,,36700.64236111111,140.5291072916667,87.29832777777779,53.22913586805556,4.256032649305555,98.246,118.63450712658874,10.631603041065967,,0,288,,
seed7,5,full,,True,,,,,,,,,,,,,,,,,,,,,,,,,,,,,,,,,,,,,,,,,,,,90.79,5,5,0,0.409,0,,,,,,,,,0,,,,,,,,,,,../../tmp/guarded_3mode_n5_20260820_artifacts/seed7_run5_full.json,9076,7899,0.813,-1.248,1.644,-24.414,23.968,-27.889,26.97,224.784,6.997,0.319,,,,,,,0,,,,,,,,,,,,,,,,,,,,,,,,,,,,,,,,,,,,,,,,,,,,,,,,,,,,,,,,,,,,,,,,,,,,,,,,,,60.0,0.6,1.2,1.5,2.0,0.2,431,16888501,16888501,100.0,False,0.0,True,100.0,100.0,0,0,0,,,,,,,,,0,0.0,,True,5,15,False,0,0,0.0,0,0,0,,,,,,,,,,,,,,,,,,,,,,,,39105.12903225807,156.1429400921659,97.56899861751153,58.57217511520737,5.4355304055299545,100.0,129.16088262055004,9.402921391275136,,0,217,,
seed8,1,full,,True,,,,,,,,,,,,,,,,,,,,,,,,,,,,,,,,,,,,,,,,,,,,92.93,5,5,0,0.378,0,,,,,,,,,0,,,,,,,,,,,../../tmp/guarded_3mode_n5_20260820_artifacts/seed8_run1_full.json,9290,8188,1.399,-0.485,1.097,-26.973,24.025,-25.543,24.359,230.342,6.999,0.0,,,,,,,0,,,,,,,,,,,,,,,,,,,,,,,,,,,,,,,,,,,,,,,,,,,,,,,,,,,,,,,,,,,,,,,,,,,,,,,,,,60.0,0.6,1.2,1.5,2.0,0.2,459,15556638,15556638,100.0,False,0.0,True,100.0,100.0,0,0,0,,,,,,,,,0,0.0,,True,5,15,False,0,0,0.0,0,0,0,,,,,,,,,,,,,,,,,,,,,,,,34348.20769230769,160.05063076923076,97.78857730769231,62.26035115384616,4.9404746692307695,100.0,130.8313014317118,9.680272078252775,20.318475226557577,0,260,,
seed8,1,sector,,True,,,,,,,,,,,,,,,,,,,,,,,,,,,,,,,,,,,,,,,,,,,,108.32,5,5,0,0.369,0,,,,,,,,,0,,,,,,,,,,,../../tmp/guarded_3mode_n5_20260820_artifacts/seed8_run1_sector.json,10828,9608,0.963,-1.109,2.014,-27.309,24.025,-24.523,24.547,231.004,7.002,0.0,1787207153.047225,4.373,5.522,,,,0,,,,,,,,,,,,,,,,,,,,,,,,,,,,,,,,,,,,,,,,,,,,,,,,,,,,,,,,,,,,,,,,,,,,,,,,,,60.0,0.6,1.2,1.5,2.0,0.2,386,13464990,13186107,97.929,False,0.0,False,94.56,97.059,0,0,0,,,,,,,,,0,0.0,,True,5,15,False,1,1,94.56,342,234,27,1787207153.046368,,,,,,,,,,,,,,,,,,,,,,,34183.0970464135,147.17244978902954,90.50435569620254,56.66645907172996,4.813330286919831,97.929,118.58747513161624,9.525541139816886,18.434814113324187,0,237,,
seed8,1,adaptive,,True,,,,,,,,,,,,,,,,,,,,,,,,,,,,,,,,,,,,,,,,,,,,80.37,5,5,0,0.37,0,,,,,,,,,0,,,,,,,,,,,../../tmp/guarded_3mode_n5_20260820_artifacts/seed8_run1_adaptive.json,8036,7220,1.345,-0.532,0.97,-27.212,23.572,-25.396,24.068,225.291,7.0,0.934,1787207271.165797,3.396,5.334,,,,0,,,,,,,,,,,,,,,,,,,,,,,,,,,,,,,,,,,,,,,,,,,,,,,,,,,,,,,,,,,,,,,,,,,,,,,,,,60.0,0.6,1.2,1.5,2.0,1.5,361,13027433,12749682,97.868,True,85.319,False,94.183,96.507,1,2,2,1787207278.299361,1787207278.299361,1787207280.579265,1787207281.559233,1787207282.759503,1.20027,1787207296.349518,13.590015,24,1.20027,0.0,True,5,15,True,1,0,94.183,294,206,24,1787207271.159011,,,,,,,,,,,,,,,,,,,,,,,34289.24880382775,144.02956267942585,87.03258564593301,56.99531100478469,5.257056832535885,97.868,119.15496696899602,10.086501257648463,20.613473648140516,0,209,,
seed8,2,sector,,True,,,,,,,,,,,,,,,,,,,,,,,,,,,,,,,,,,,,,,,,,,,,77.37,5,5,0,0.414,0,,,,,,,,,0,,,,,,,,,,,../../tmp/guarded_3mode_n5_20260820_artifacts/seed8_run2_sector.json,7733,6850,0.95,-1.144,1.794,-27.747,24.025,-24.271,24.277,241.049,7.0,0.0,1787207360.992069,2.84,3.323,1787207391.811403,-24.308,17.832,0,,,,,,,,,,,,,,,,,,,,,,,,,,,,,,,,,,,,,,,,,,,,,,,,,,,,,,,,,,,,,,,,,,,,,,,,,,60.0,0.6,1.2,1.5,2.0,0.2,596,21407714,20897023,97.614,False,0.0,False,93.792,95.405,0,0,0,,,,,,,,,0,0.0,,True,5,15,False,2,2,93.792,412,259,23,1787207360.990325,,,,,,,,,,,,,,,,,,,,,,,33737.41791044776,150.19937611940298,91.40651701492537,58.79113620895522,4.118875707462687,97.614,147.2784597968934,11.872515949505713,20.965548106511303,0,335,,
seed8,2,adaptive,,True,,,,,,,,,,,,,,,,,,,,,,,,,,,,,,,,,,,,,,,,,,,,84.3,5,5,0,0.412,0,,,,,,,,,0,,,,,,,,,,,../../tmp/guarded_3mode_n5_20260820_artifacts/seed8_run2_adaptive.json,8425,7258,1.0,-0.982,2.066,-27.233,24.026,-25.31,24.33,222.896,7.0,0.832,1787207449.486907,5.357,6.588,1787207519.745984,24.024,-23.983,0,,,,,,,,,,,,,,,,,,,,,,,,,,,,,,,,,,,,,,,,,,,,,,,,,,,,,,,,,,,,,,,,,,,,,,,,,,60.0,0.6,1.2,1.5,2.0,1.5,384,13455055,13141072,97.666,True,94.531,False,93.49,96.251,1,2,2,1787207449.654627,1787207449.654627,1787207457.974531,1787207464.215654,1787207465.424986,1.209332,1787207475.514769,10.089783,23,1.210443,0.0,True,5,15,True,2,1,93.49,305,221,23,1787207449.485692,,,,,,,,,,,,,,,,,,,,,,,34545.264150943396,145.80301981132078,88.55974764150943,57.24154198113208,5.281534014150943,97.666,119.55077928844996,10.372340948983009,17.714696020528276,0,212,,
seed8,2,full,,True,,,,,,,,,,,,,,,,,,,,,,,,,,,,,,,,,,,,,,,,,,,,95.35,5,5,0,0.432,0,,,,,,,,,0,,,,,,,,,,,../../tmp/guarded_3mode_n5_20260820_artifacts/seed8_run2_full.json,9531,8559,1.008,-1.083,1.98,-27.112,24.025,-24.228,24.544,232.008,7.0,0.291,,,,,,,0,,,,,,,,,,,,,,,,,,,,,,,,,,,,,,,,,,,,,,,,,,,,,,,,,,,,,,,,,,,,,,,,,,,,,,,,,,60.0,0.6,1.2,1.5,2.0,0.2,560,18611967,18611967,100.0,False,0.0,True,100.0,100.0,0,0,0,,,,,,,,,0,0.0,,True,5,15,False,0,0,0.0,0,0,0,,,,,,,,,,,,,,,,,,,,,,,,33754.784053156145,152.58721162790698,93.1803219269103,59.40522657807309,4.389980933554818,100.0,117.01233824407844,10.184833417794735,22.26612229996156,0,301,,
seed8,3,adaptive,,True,,,,,,,,,,,,,,,,,,,,,,,,,,,,,,,,,,,,,,,,,,,,71.12,5,5,0,0.327,0,,,,,,,,,0,,,,,,,,,,,../../tmp/guarded_3mode_n5_20260820_artifacts/seed8_run3_adaptive.json,7108,6158,1.326,-0.599,1.353,-25.958,24.025,-25.512,24.15,223.494,7.009,0.0,1787207648.887989,4.504,5.876,,,,0,,,,,,,,,,,,,,,,,,,,,,,,,,,,,,,,,,,,,,,,,,,,,,,,,,,,,,,,,,,,,,,,,,,,,,,,,,60.0,0.6,1.2,1.5,2.0,1.5,370,12765150,12477173,97.744,True,93.243,True,93.784,96.263,1,1,0,1787207649.36714,1787207649.36714,1787207649.758363,1787207649.886991,1787207651.09706,1.210069,,,2,1.210069,0.0,True,5,15,True,1,0,93.784,316,221,23,1787207648.885888,,,,,,,,,,,,,,,,,,,,,,,33728.677130044845,161.4258331838565,93.61948251121076,67.80470538116593,5.362168426008969,97.744,137.34681855306474,10.52247049128035,20.978734536173384,0,223,,
seed8,3,full,,True,,,,,,,,,,,,,,,,,,,,,,,,,,,,,,,,,,,,,,,,,,,,84.26,5,5,0,0.38,0,,,,,,,,,0,,,,,,,,,,,../../tmp/guarded_3mode_n5_20260820_artifacts/seed8_run3_full.json,8423,6987,1.024,-1.012,1.607,-27.119,24.025,-26.225,24.712,234.141,7.0,0.317,,,,,,,0,,,,,,,,,,,,,,,,,,,,,,,,,,,,,,,,,,,,,,,,,,,,,,,,,,,,,,,,,,,,,,,,,,,,,,,,,,60.0,0.6,1.2,1.5,2.0,0.2,402,14034969,14034969,100.0,False,0.0,True,100.0,100.0,0,0,0,,,,,,,,,0,0.0,,True,5,15,False,0,0,0.0,0,0,0,,,,,,,,,,,,,,,,,,,,,,,,36270.183673469386,156.76843551020409,95.86542,60.90064489795918,5.119331285714286,100.0,133.48886620010705,9.071649472292487,19.60856734114196,0,245,,
seed8,3,sector,,True,,,,,,,,,,,,,,,,,,,,,,,,,,,,,,,,,,,,,,,,,,,,69.74,5,5,0,0.365,0,,,,,,,,,0,,,,,,,,,,,../../tmp/guarded_3mode_n5_20260820_artifacts/seed8_run3_sector.json,6971,6329,1.004,-1.089,1.433,-26.98,24.025,-25.465,24.247,225.831,7.0,1.481,1787207824.316519,3.462,5.06,,,,0,,,,,,,,,,,,,,,,,,,,,,,,,,,,,,,,,,,,,,,,,,,,,,,,,,,,,,,,,,,,,,,,,,,,,,,,,,60.0,0.6,1.2,1.5,2.0,0.2,464,16445250,16232241,98.705,False,0.0,False,96.336,98.05,0,0,0,,,,,,,,,0,0.0,,True,5,15,True,1,0,96.336,340,239,31,1787207824.315364,,,,,,,,,,,,,,,,,,,,,,,34466.80303030303,160.62844356060606,98.13243484848485,62.49434090909091,4.990296598484848,98.705,149.43801795393014,10.832605502655843,23.454109491017157,0,264,,
seed8,4,full,,True,,,,,,,,,,,,,,,,,,,,,,,,,,,,,,,,,,,,,,,,,,,,82.89,5,5,0,0.426,0,,,,,,,,,0,,,,,,,,,,,../../tmp/guarded_3mode_n5_20260820_artifacts/seed8_run4_full.json,8284,7004,1.423,-0.334,1.587,-27.203,24.025,-24.526,24.148,231.747,7.0,0.0,,,,,,,0,,,,,,,,,,,,,,,,,,,,,,,,,,,,,,,,,,,,,,,,,,,,,,,,,,,,,,,,,,,,,,,,,,,,,,,,,,60.0,0.6,1.2,1.5,2.0,0.2,385,13812028,13812028,100.0,False,0.0,True,100.0,100.0,0,0,0,,,,,,,,,0,0.0,,True,5,15,False,0,0,0.0,0,0,0,,,,,,,,,,,,,,,,,,,,,,,,35621.95813953489,157.1813293023256,95.57058093023257,61.60904279069768,5.288898386046512,100.0,125.5230849443721,9.501553933053621,20.360645857468597,0,215,,
seed8,4,sector,,True,,,,,,,,,,,,,,,,,,,,,,,,,,,,,,,,,,,,,,,,,,,,68.73,5,5,0,0.383,0,,,,,,,,,0,,,,,,,,,,,../../tmp/guarded_3mode_n5_20260820_artifacts/seed8_run4_sector.json,6871,6216,1.35,-0.552,1.576,-26.709,24.025,-25.534,24.592,220.432,7.002,0.626,1787207995.948438,3.705,5.413,,,,0,,,,,,,,,,,,,,,,,,,,,,,,,,,,,,,,,,,,,,,,,,,,,,,,,,,,,,,,,,,,,,,,,,,,,,,,,,60.0,0.6,1.2,1.5,2.0,0.2,418,14832797,14495694,97.727,False,0.0,False,93.541,96.423,0,0,0,,,,,,,,,0,0.0,,True,5,15,True,1,0,93.541,299,227,39,1787207995.94574,,,,,,,,,,,,,,,,,,,,,,,33887.029787234045,150.41087787234042,90.87535404255318,59.53386170212766,4.996761119148936,97.727,142.31487900884534,10.3453549825945,22.13422619248121,0,235,,
seed8,4,adaptive,,True,,,,,,,,,,,,,,,,,,,,,,,,,,,,,,,,,,,,,,,,,,,,76.73,5,5,0,0.278,0,,,,,,,,,0,,,,,,,,,,,../../tmp/guarded_3mode_n5_20260820_artifacts/seed8_run4_adaptive.json,7670,6691,0.928,-1.145,1.836,-30.161,24.025,-24.179,24.429,232.485,7.0,0.0,1787208074.296756,3.734,5.407,,,,0,,,,,,,,,,,,,,,,,,,,,,,,,,,,,,,,,,,,,,,,,,,,,,,,,,,,,,,,,,,,,,,,,,,,,,,,,,60.0,0.6,1.2,1.5,2.0,1.5,431,15212162,14952075,98.29,True,89.327,False,95.128,97.406,1,1,1,1787208082.536132,1787208082.536132,1787208083.276151,1787208111.035603,1787208112.236435,1.200832,1787208142.615615,30.37918,23,1.200832,0.0,True,5,15,False,1,1,95.128,382,268,30,1787208074.295099,,,,,,,,,,,,,,,,,,,,,,,35525.10037174721,141.1604847583643,87.02411858736059,54.134759107806694,4.426859118959108,98.29,135.8861401803663,10.321408977805385,21.515814065080747,0,269,,
seed8,5,sector,,True,,,,,,,,,,,,,,,,,,,,,,,,,,,,,,,,,,,,,,,,,,,,81.82,5,5,0,0.37,0,,,,,,,,,0,,,,,,,,,,,../../tmp/guarded_3mode_n5_20260820_artifacts/seed8_run5_sector.json,8172,7429,0.841,-1.233,1.42,-29.369,24.025,-25.232,27.347,235.021,7.0,0.494,1787208160.687267,3.277,5.093,,,,0,,,,,,,,,,,,,,,,,,,,,,,,,,,,,,,,,,,,,,,,,,,,,,,,,,,,,,,,,,,,,,,,,,,,,,,,,,60.0,0.6,1.2,1.5,2.0,0.2,554,20060095,19716192,98.286,False,0.0,False,95.307,97.383,0,0,0,,,,,,,,,0,0.0,,True,5,15,True,1,0,95.307,357,250,26,1787208160.686151,,,,,,,,,,,,,,,,,,,,,,,35398.778169014084,147.15749647887324,90.98197852112676,56.17379894366197,4.461840880281691,98.286,140.1772073281904,10.469577973587072,21.458229902203023,0,284,,
seed8,5,adaptive,,True,,,,,,,,,,,,,,,,,,,,,,,,,,,,,,,,,,,,,,,,,,,,83.79,5,5,0,0.345,0,,,,,,,,,0,,,,,,,,,,,../../tmp/guarded_3mode_n5_20260820_artifacts/seed8_run5_adaptive.json,8373,7642,0.86,-1.223,1.803,-27.254,24.025,-25.538,26.276,227.557,6.999,0.0,1787208251.937821,3.183,4.376,,,,0,,,,,,,,,,,,,,,,,,,,,,,,,,,,,,,,,,,,,,,,,,,,,,,,,,,,,,,,,,,,,,,,,,,,,,,,,,60.0,0.6,1.2,1.5,2.0,1.5,385,13493993,13326259,98.757,True,95.844,False,96.364,98.205,1,2,2,1787208252.841213,1787208252.841213,1787208257.29187,1787208274.231111,1787208275.441028,1.209917,1787208283.870766,8.429738,25,1.209917,0.0,True,5,15,True,1,0,96.364,320,225,19,1787208251.936523,,,,,,,,,,,,,,,,,,,,,,,33968.23880597015,151.3510830845771,91.21347611940298,60.1359039800995,5.410570164179104,98.757,121.39181472313838,9.801160074431948,,0,201,,
seed8,5,full,,True,,,,,,,,,,,,,,,,,,,,,,,,,,,,,,,,,,,,,,,,,,,,91.04,5,5,0,0.382,0,,,,,,,,,0,,,,,,,,,,,../../tmp/guarded_3mode_n5_20260820_artifacts/seed8_run5_full.json,9103,7261,1.125,-0.947,1.247,-26.953,24.025,-26.083,24.201,232.898,7.003,0.0,,,,,,,0,,,,,,,,,,,,,,,,,,,,,,,,,,,,,,,,,,,,,,,,,,,,,,,,,,,,,,,,,,,,,,,,,,,,,,,,,,60.0,0.6,1.2,1.5,2.0,0.2,361,12144229,12144229,100.0,False,0.0,True,100.0,100.0,0,0,0,,,,,,,,,0,0.0,,True,5,15,False,0,0,0.0,0,0,0,,,,,,,,,,,,,,,,,,,,,,,,34914.706730769234,159.18717259615383,95.09390048076922,64.09155432692307,5.520365288461539,100.0,121.32927954878215,9.348524265247724,18.54648600411161,0,208,,
seed9,1,full,,True,,,,,,,,,,,,,,,,,,,,,,,,,,,,,,,,,,,,,,,,,,,,96.1,5,5,0,0.405,0,,,,,,,,,0,,,,,,,,,,,../../tmp/guarded_3mode_n5_20260820_artifacts/seed9_run1_full.json,9605,9025,1.115,-0.946,1.445,-25.409,24.025,-29.493,24.513,243.279,7.0,1.233,,,,,,,0,,,,,,,,,,,,,,,,,,,,,,,,,,,,,,,,,,,,,,,,,,,,,,,,,,,,,,,,,,,,,,,,,,,,,,,,,,60.0,0.6,1.2,1.5,2.0,0.2,434,18909041,18909041,100.0,False,0.0,True,100.0,100.0,0,0,0,,,,,,,,,0,0.0,,True,5,15,False,0,0,0.0,0,0,0,,,,,,,,,,,,,,,,,,,,,,,,43752.86153846154,146.42202615384613,93.98657423076922,52.433583846153844,4.865976773076923,100.0,124.08973816018978,10.0898883273785,,0,260,,
seed9,1,sector,,False,,,,,,,,,,,,,,,,,,,,,,,,,,,,,,,,,,,,,,,,,,,,120.01,2,5,0,0.406,0,,,,,,,,,0,,,,,,,,,,,../../tmp/guarded_3mode_n5_20260820_artifacts/seed9_run1_sector.json,11997,11736,-18.885,7.725,1.313,-23.975,23.987,0.0,26.172,110.026,6.997,0.0,1787208552.075046,2.583,4.283,,,,0,,,,,,,,,,,,,,,,,,,,,,,,,,,,,,,,,,,,,,,,,,,,,,,,,,,,,,,,,,,,,,,,,,,,,,,,,,60.0,0.6,1.2,1.5,2.0,0.2,644,27531946,27266545,99.036,False,0.0,False,97.205,98.584,0,0,0,,,,,,,,,0,0.0,,True,5,15,True,1,0,97.205,143,98,21,1787208552.074203,,,,,,,,,,,,,,,,,,,,,,,42215.57352941176,144.6794093137255,103.34391348039215,41.33378799019608,1.4460660220588235,99.036,142.3504399376221,10.286807244939704,,0,408,,
seed9,1,adaptive,,True,,,,,,,,,,,,,,,,,,,,,,,,,,,,,,,,,,,,,,,,,,,,116.0,5,5,0,0.38,0,,,,,,,,,0,,,,,,,,,,,../../tmp/guarded_3mode_n5_20260820_artifacts/seed9_run1_adaptive.json,11595,10952,1.139,-0.941,1.983,-27.222,24.025,-25.794,25.009,243.699,6.998,0.0,1787208681.744829,2.325,4.029,,,,0,,,,,,,,,,,,,,,,,,,,,,,,,,,,,,,,,,,,,,,,,,,,,,,,,,,,,,,,,,,,,,,,,,,,,,,,,,60.0,0.6,1.2,1.5,2.0,1.5,674,30312256,30201319,99.634,True,98.665,False,98.813,99.406,1,2,2,1787208683.465538,1787208683.465538,1787208685.105543,1787208701.625334,1787208702.835196,1.209863,1787208777.577142,74.741946,14,1.209863,0.0,True,5,15,True,1,0,98.813,439,290,19,1787208681.743679,,,,,,,,,,,,,,,,,,,,,,,44779.69002695418,143.07014420485174,94.13325579514826,48.9351088948787,3.817326924528302,99.634,118.33883388605737,11.175208262963022,21.69450098476591,0,371,,
seed9,2,sector,,True,,,,,,,,,,,,,,,,,,,,,,,,,,,,,,,,,,,,,,,,,,,,89.43,5,5,0,0.411,0,,,,,,,,,0,,,,,,,,,,,../../tmp/guarded_3mode_n5_20260820_artifacts/seed9_run2_sector.json,8939,8540,0.747,-1.266,2.085,-24.291,24.025,-26.562,24.074,236.387,7.0,0.585,1787208806.700569,2.142,3.611,1787208855.562836,-22.896,-22.751,0,,,,,,,,,,,,,,,,,,,,,,,,,,,,,,,,,,,,,,,,,,,,,,,,,,,,,,,,,,,,,,,,,,,,,,,,,,60.0,0.6,1.2,1.5,2.0,0.2,485,21141154,20789947,98.339,False,0.0,False,95.876,97.607,0,0,0,,,,,,,,,0,0.0,,True,5,15,True,2,1,95.876,373,261,18,1787208806.699403,,,,,,,,,,,,,,,,,,,,,,,42520.76383763838,146.31219335793358,93.68954391143912,52.62089963099631,4.746078505535055,98.339,121.63711354967691,10.52657396406726,23.4370640051943,0,271,,
seed9,2,adaptive,,False,,,,,,,,,,,,,,,,,,,,,,,,,,,,,,,,,,,,,,,,,,,,120.0,2,5,1,0.193,0,,,,,,,,,1,live_cloud,107.8987,0.19253,-10.107669830322266,24.1845703125,1.3352299928665161,1.97092,-10.091870307922363,23.99325942993164,1.3203599452972412,../../tmp/guarded_3mode_n5_20260820_artifacts/seed9_run2_adaptive.json,11997,11810,-21.633,6.575,2.135,-23.47,22.775,0.0,26.048,105.602,7.0,0.0,1787208906.181156,3.091,4.968,,,,0,,,,,,,,,,,,,,,,,,,,,,,,,,,,,,,,,,,,,,,,,,,,,,,,,,,,,,,,,,,,,,,,,,,,,,,,,,60.0,0.6,1.2,1.5,2.0,1.5,559,22859235,22558061,98.682,True,92.665,False,96.243,97.858,1,1,1,1787208911.580222,1787208911.580222,1787208911.690482,1787208923.430278,1787208924.630428,1.20015,1787209009.759864,85.129436,14,1.20015,0.0,True,5,15,True,1,0,96.243,149,102,23,1787208906.17958,,,,,,,,,,,,,,,,,,,,,,,40265.3275862069,111.54011465517242,72.48466681034482,39.05371336206897,2.3320890646551726,98.682,65.6891205547073,10.740725314773211,,0,232,,
seed9,2,full,,True,,,,,,,,,,,,,,,,,,,,,,,,,,,,,,,,,,,,,,,,,,,,73.84,5,5,0,0.384,0,,,,,,,,,0,,,,,,,,,,,../../tmp/guarded_3mode_n5_20260820_artifacts/seed9_run2_full.json,7383,6855,1.148,-0.941,1.995,-23.975,24.025,-24.409,24.025,239.108,7.0,0.564,,,,,,,0,,,,,,,,,,,,,,,,,,,,,,,,,,,,,,,,,,,,,,,,,,,,,,,,,,,,,,,,,,,,,,,,,,,,,,,,,,60.0,0.6,1.2,1.5,2.0,0.2,578,25244770,25244770,100.0,False,0.0,True,100.0,100.0,0,0,0,,,,,,,,,0,0.0,,True,5,15,False,0,0,0.0,0,0,0,,,,,,,,,,,,,,,,,,,,,,,,43565.996913580246,164.68721450617286,107.27540185185184,57.41001450617284,4.751644302469136,100.0,161.24954506230415,11.263985752643459,25.43496138206605,0,324,,
seed9,3,adaptive,,True,,,,,,,,,,,,,,,,,,,,,,,,,,,,,,,,,,,,,,,,,,,,111.34,5,5,0,0.398,0,,,,,,,,,0,,,,,,,,,,,../../tmp/guarded_3mode_n5_20260820_artifacts/seed9_run3_adaptive.json,11130,10199,0.953,-0.794,1.208,-27.024,24.025,-27.826,24.437,243.689,6.998,1.113,1787209123.767302,3.339,4.966,,,,0,,,,,,,,,,,,,,,,,,,,,,,,,,,,,,,,,,,,,,,,,,,,,,,,,,,,,,,,,,,,,,,,,,,,,,,,,,60.0,0.6,1.2,1.5,2.0,1.5,573,26239563,25940434,98.86,True,86.736,True,96.51,97.986,1,2,1,1787209135.816398,1787209135.816398,1787209141.946379,1787209141.946379,1787209143.146608,1.200229,1787209173.556506,30.409898,13,1.200229,0.0,True,5,15,True,2,1,94.939,444,285,25,1787209123.766169,,,,,,,,,,,,,,,,,,,,,,,46290.24725274725,142.55380082417582,93.81560741758243,48.73646208791209,3.909170596153846,98.86,129.53910875987958,10.6701204765011,,0,364,,
seed9,3,full,,True,,,,,,,,,,,,,,,,,,,,,,,,,,,,,,,,,,,,,,,,,,,,86.48,5,5,0,0.353,0,,,,,,,,,0,,,,,,,,,,,../../tmp/guarded_3mode_n5_20260820_artifacts/seed9_run3_full.json,8641,8008,1.164,-0.925,1.607,-24.74,24.025,-27.377,28.094,245.466,7.0,0.0,,,,,,,0,,,,,,,,,,,,,,,,,,,,,,,,,,,,,,,,,,,,,,,,,,,,,,,,,,,,,,,,,,,,,,,,,,,,,,,,,,60.0,0.6,1.2,1.5,2.0,0.2,522,23727465,23727465,100.0,False,0.0,True,100.0,100.0,0,0,0,,,,,,,,,0,0.0,,True,5,15,False,0,0,0.0,0,0,0,,,,,,,,,,,,,,,,,,,,,,,,44286.542662116044,147.83400307167236,94.36741569965871,53.46469317406143,4.719378556313993,100.0,132.19042423515123,11.033433472920729,23.544414573055494,0,293,,
seed9,3,sector,,False,,,,,,,,,,,,,,,,,,,,,,,,,,,,,,,,,,,,,,,,,,,,120.0,0,5,1,0.163,0,,,,,,,,,1,live_cloud,4.5119,0.18753,3.881319999694824,9.450090408325195,1.6430000066757202,4.12558,4.06673002243042,9.477899551391602,1.647089958190918,../../tmp/guarded_3mode_n5_20260820_artifacts/seed9_run3_sector.json,11997,11875,3.897,9.489,1.643,0.0,5.327,0.0,9.489,12.235,6.993,0.0,1787209338.99,3.307,5.124,,,,0,,,,,,,,,,,,,,,,,,,,,,,,,,,,,,,,,,,,,,,,,,,,,,,,,,,,,,,,,,,,,,,,,,,,,,,,,,60.0,0.6,1.2,1.5,2.0,0.2,912,65978015,65610447,99.443,False,0.0,False,97.149,98.945,0,0,0,,,,,,,,,0,0.0,,True,5,15,True,1,0,97.149,13,9,7,1787209338.988877,,,,,,,,,,,,,,,,,,,,,,,72165.20416666666,105.65461375,80.555466875,25.097270833333333,0.18874898333333331,99.443,145.95352294602276,11.75602882005655,25.428968264050166,0,480,,
seed9,4,full,,False,,,,,,,,,,,,,,,,,,,,,,,,,,,,,,,,,,,,,,,,,,,,120.01,4,5,0,0.397,0,,,,,,,,,0,,,,,,,,,,,../../tmp/guarded_3mode_n5_20260820_artifacts/seed9_run4_full.json,11994,11528,14.075,-15.207,2.111,-24.838,24.025,-26.462,24.137,208.288,7.0,0.0,,,,,,,0,,,,,,,,,,,,,,,,,,,,,,,,,,,,,,,,,,,,,,,,,,,,,,,,,,,,,,,,,,,,,,,,,,,,,,,,,,60.0,0.6,1.2,1.5,2.0,0.2,669,32113358,32113358,100.0,False,0.0,True,100.0,100.0,0,0,0,,,,,,,,,0,0.0,,True,5,15,False,0,0,0.0,0,0,0,,,,,,,,,,,,,,,,,,,,,,,,48329.683291770576,138.73596957605986,92.42739127182045,46.3068144638404,3.2631810573566087,100.0,134.54245941149102,10.218192813908464,21.67404849988269,0,401,,
seed9,4,sector,,True,,,,,,,,,,,,,,,,,,,,,,,,,,,,,,,,,,,,,,,,,,,,115.62,5,5,0,0.274,0,,,,,,,,,0,,,,,,,,,,,../../tmp/guarded_3mode_n5_20260820_artifacts/seed9_run4_sector.json,11557,11112,1.149,-0.922,1.556,-23.975,23.725,-26.606,25.044,249.588,7.007,0.0,1787209597.579117,2.465,4.12,,,,0,,,,,,,,,,,,,,,,,,,,,,,,,,,,,,,,,,,,,,,,,,,,,,,,,,,,,,,,,,,,,,,,,,,,,,,,,,60.0,0.6,1.2,1.5,2.0,0.2,619,27547577,27315178,99.156,False,0.0,False,97.415,98.733,0,0,0,,,,,,,,,0,0.0,,True,5,15,True,1,0,97.415,424,288,23,1787209597.577859,,,,,,,,,,,,,,,,,,,,,,,43702.65757575758,139.8867112121212,89.75558454545454,50.12939545454546,4.145824184848485,99.156,114.01306627807963,10.432759490115846,23.0099938390377,0,330,,
seed9,4,adaptive,,False,,,,,,,,,,,,,,,,,,,,,,,,,,,,,,,,,,,,,,,,,,,,120.01,4,5,0,0.379,0,,,,,,,,,0,,,,,,,,,,,../../tmp/guarded_3mode_n5_20260820_artifacts/seed9_run4_adaptive.json,11995,11384,11.602,-12.746,1.093,-24.217,24.025,-26.552,24.38,216.546,6.998,0.0,1787209724.558903,4.075,5.596,,,,0,,,,,,,,,,,,,,,,,,,,,,,,,,,,,,,,,,,,,,,,,,,,,,,,,,,,,,,,,,,,,,,,,,,,,,,,,,60.0,0.6,1.2,1.5,2.0,1.5,799,40467722,40081520,99.046,True,74.218,False,96.746,98.203,1,1,1,1787209755.01982,1787209755.01982,1787209757.830238,1787209765.300051,1787209766.500291,1.20024,1787209808.659847,42.159556,6,1.20024,0.0,True,5,15,True,1,0,96.746,354,255,23,1787209724.55745,,,,,,,,,,,,,,,,,,,,,,,49161.12564102564,157.36452025641026,112.33983076923076,45.02281000000001,3.0949645307692304,99.046,137.63223989960449,11.260587197641494,20.813459484406962,1,391,,
seed9,5,sector,,True,,,,,,,,,,,,,,,,,,,,,,,,,,,,,,,,,,,,,,,,,,,,94.7,5,5,0,0.32,0,,,,,,,,,0,,,,,,,,,,,../../tmp/guarded_3mode_n5_20260820_artifacts/seed9_run5_sector.json,9466,8898,0.152,-1.471,2.333,-25.677,24.025,-25.732,24.42,241.97,7.0,0.0,1787209852.271566,2.647,4.309,1787209927.191912,24.024,-23.975,0,,,,,,,,,,,,,,,,,,,,,,,,,,,,,,,,,,,,,,,,,,,,,,,,,,,,,,,,,,,,,,,,,,,,,,,,,,60.0,0.6,1.2,1.5,2.0,0.2,468,19786386,19372525,97.908,False,0.0,False,94.444,96.898,0,0,0,,,,,,,,,0,0.0,,True,5,15,True,2,1,94.444,400,265,27,1787209852.270591,,,,,,,,,,,,,,,,,,,,,,,41899.41860465116,140.17410348837208,89.98194224806201,50.19045968992248,4.737004829457364,97.908,122.97330640022668,9.905603352684414,18.51200483931666,0,258,,
seed9,5,adaptive,,False,,,,,,,,,,,,,,,,,,,,,,,,,,,,,,,,,,,,,,,,,,,,120.01,2,5,0,0.32,0,,,,,,,,,0,,,,,,,,,,,../../tmp/guarded_3mode_n5_20260820_artifacts/seed9_run5_adaptive.json,11993,11713,-23.417,-22.114,2.016,-23.975,24.025,-22.114,24.424,152.509,7.0,0.0,1787209959.577109,4.788,2.932,,,,0,,,,,,,,,,,,,,,,,,,,,,,,,,,,,,,,,,,,,,,,,,,,,,,,,,,,,,,,,,,,,,,,,,,,,,,,,,60.0,0.6,1.2,1.5,2.0,1.5,703,32895948,32452727,98.653,True,69.275,False,95.021,95.945,1,0,0,1787209997.320184,1787209997.320184,1787210052.553233,,,,,,15,1.079893,0.0,True,5,15,True,1,0,95.021,243,172,21,1787209959.576362,,,,,,,,,,,,,,,,,,,,,,,46034.656593406595,131.8663304945055,86.45085961538462,45.41367142857143,2.4142577142857142,98.653,129.28520358059598,10.59185482461414,20.78028453985784,0,364,,
seed9,5,full,,True,,,,,,,,,,,,,,,,,,,,,,,,,,,,,,,,,,,,,,,,,,,,93.65,5,5,0,0.388,0,,,,,,,,,0,,,,,,,,,,,../../tmp/guarded_3mode_n5_20260820_artifacts/seed9_run5_full.json,9363,8252,1.16,-0.864,1.688,-25.576,24.025,-25.566,24.432,235.499,7.0,0.0,,,,,,,0,,,,,,,,,,,,,,,,,,,,,,,,,,,,,,,,,,,,,,,,,,,,,,,,,,,,,,,,,,,,,,,,,,,,,,,,,,60.0,0.6,1.2,1.5,2.0,0.2,548,24064569,24064569,100.0,False,0.0,True,100.0,100.0,0,0,0,,,,,,,,,0,0.0,,True,5,15,False,0,0,0.0,0,0,0,,,,,,,,,,,,,,,,,,,,,,,,44253.43421052631,154.31578585526316,98.51262993421054,55.8013375,4.622797279605263,100.0,128.5619100626778,10.546646325507306,,0,304,,
seed10,1,full,,True,,,,,,,,,,,,,,,,,,,,,,,,,,,,,,,,,,,,,,,,,,,,80.32,5,5,0,0.362,0,,,,,,,,,0,,,,,,,,,,,../../tmp/guarded_3mode_n5_20260820_artifacts/seed10_run1_full.json,8025,7245,1.379,-0.559,1.973,-26.789,24.025,-24.504,30.671,240.859,6.999,0.178,,,,,,,0,,,,,,,,,,,,,,,,,,,,,,,,,,,,,,,,,,,,,,,,,,,,,,,,,,,,,,,,,,,,,,,,,,,,,,,,,,60.0,0.6,1.2,1.5,2.0,0.2,547,24072662,24072662,100.0,False,0.0,True,100.0,100.0,0,0,0,,,,,,,,,0,0.0,,True,5,15,False,0,0,0.0,0,0,0,,,,,,,,,,,,,,,,,,,,,,,,44113.44311377245,152.05770508982036,98.58857335329341,53.46737904191617,4.3627160299401195,100.0,154.16091026646893,10.658647031050007,23.865288917871347,0,334,,
seed10,1,sector,,True,,,,,,,,,,,,,,,,,,,,,,,,,,,,,,,,,,,,,,,,,,,,96.36,5,5,0,0.309,0,,,,,,,,,0,,,,,,,,,,,../../tmp/guarded_3mode_n5_20260820_artifacts/seed10_run1_sector.json,9629,8744,1.322,-0.632,1.903,-28.18,24.043,-24.222,25.186,248.267,7.002,0.0,1787210287.683901,10.453,5.239,1787210344.080382,-24.213,-23.672,0,,,,,,,,,,,,,,,,,,,,,,,,,,,,,,,,,,,,,,,,,,,,,,,,,,,,,,,,,,,,,,,,,,,,,,,,,,60.0,0.6,1.2,1.5,2.0,0.2,581,25988913,25155992,96.795,False,0.0,False,90.706,91.148,0,0,0,,,,,,,,,0,0.0,,True,5,15,True,3,2,90.706,457,274,27,1787210287.683049,,,,,,,,,,,,,,,,,,,,,,,42976.26829268293,141.75179329268292,91.53120335365854,50.218947164634145,4.3366970762195125,96.795,129.54883581812743,11.140155839514428,23.127975436656445,0,328,,
seed10,1,adaptive,,True,,,,,,,,,,,,,,,,,,,,,,,,,,,,,,,,,,,,,,,,,,,,111.19,5,5,0,0.345,0,,,,,,,,,0,,,,,,,,,,,../../tmp/guarded_3mode_n5_20260820_artifacts/seed10_run1_adaptive.json,11115,10355,1.475,-0.072,2.072,-27.829,24.12,-24.929,25.219,252.559,7.0,0.257,1787210389.27213,7.171,9.206,,,,0,,,,,,,,,,,,,,,,,,,,,,,,,,,,,,,,,,,,,,,,,,,,,,,,,,,,,,,,,,,,,,,,,,,,,,,,,,60.0,0.6,1.2,1.5,2.0,1.5,577,24622097,24247303,98.478,True,96.534,True,95.494,96.798,1,2,1,1787210387.20079,1787210387.20079,1787210387.290918,1787210396.181033,1787210397.391004,1.209971,1787210464.142555,66.751551,7,1.209971,0.0,True,5,15,True,1,0,95.494,426,258,19,1787210389.271297,,,,,,,,,,,,,,,,,,,,,,,43095.52525252525,137.46526195286197,87.30943198653199,50.15408215488216,4.292749835016836,98.478,108.54803702375709,10.439777795385332,22.18040713135739,0,297,,
seed10,2,sector,,True,,,,,,,,,,,,,,,,,,,,,,,,,,,,,,,,,,,,,,,,,,,,73.78,5,5,0,0.297,0,,,,,,,,,0,,,,,,,,,,,../../tmp/guarded_3mode_n5_20260820_artifacts/seed10_run2_sector.json,7375,6919,0.94,-1.102,1.787,-27.711,24.025,-24.609,26.98,243.781,7.008,0.0,1787210507.497734,3.983,3.257,1787210517.35463,24.025,24.025,0,,,,,,,,,,,,,,,,,,,,,,,,,,,,,,,,,,,,,,,,,,,,,,,,,,,,,,,,,,,,,,,,,,,,,,,,,,60.0,0.6,1.2,1.5,2.0,0.2,550,23442950,23090728,98.498,False,0.0,False,95.818,97.423,0,0,0,,,,,,,,,0,0.0,,True,5,15,True,2,1,95.818,419,279,27,1787210507.496876,,,,,,,,,,,,,,,,,,,,,,,40755.46534653466,154.13450495049506,98.09039636963698,56.0423607260726,4.758785039603961,98.498,152.91800249664786,11.560734974942033,24.77537905122134,0,303,,
seed10,2,adaptive,,True,,,,,,,,,,,,,,,,,,,,,,,,,,,,,,,,,,,,,,,,,,,,111.17,5,5,0,0.327,0,,,,,,,,,0,,,,,,,,,,,../../tmp/guarded_3mode_n5_20260820_artifacts/seed10_run2_adaptive.json,11112,10435,0.792,-1.214,1.626,-27.065,24.025,-24.418,24.834,249.769,7.002,0.0,1787210593.84774,4.897,6.886,,,,0,,,,,,,,,,,,,,,,,,,,,,,,,,,,,,,,,,,,,,,,,,,,,,,,,,,,,,,,,,,,,,,,,,,,,,,,,,60.0,0.6,1.2,1.5,2.0,1.5,624,27379875,26927861,98.349,True,95.353,True,95.032,97.028,1,2,1,1787210593.458878,1787210593.458878,1787210594.244878,1787210606.67505,1787210607.875171,1.200121,1787210675.276381,67.40121,24,1.200285,0.0,True,5,15,True,2,1,92.949,440,289,22,1787210593.846999,,,,,,,,,,,,,,,,,,,,,,,43170.25386996904,145.6041721362229,93.63807213622292,51.96430216718266,4.309558393188855,98.349,113.23131614612208,11.314731147748786,21.37567847490773,0,323,,
seed10,2,full,,False,,,,,,,,,,,,,,,,,,,,,,,,,,,,,,,,,,,,,,,,,,,,120.01,1,5,0,0.442,0,,,,,,,,,0,,,,,,,,,,,../../tmp/guarded_3mode_n5_20260820_artifacts/seed10_run2_full.json,11991,11698,18.267,25.249,1.694,0.0,24.025,0.0,25.28,44.469,6.977,0.0,,,,,,,0,,,,,,,,,,,,,,,,,,,,,,,,,,,,,,,,,,,,,,,,,,,,,,,,,,,,,,,,,,,,,,,,,,,,,,,,,,60.0,0.6,1.2,1.5,2.0,0.2,797,45854459,45854459,100.0,False,0.0,True,100.0,100.0,0,0,0,,,,,,,,,0,0.0,,True,5,15,False,0,0,0.0,0,0,0,,,,,,,,,,,,,,,,,,,,,,,,58264.993617021275,123.98270893617021,92.01637617021277,31.964230000000004,0.6975044425531916,100.0,146.23721504553424,12.729695042558731,22.46415954308329,0,470,,
seed10,3,adaptive,,True,,,,,,,,,,,,,,,,,,,,,,,,,,,,,,,,,,,,,,,,,,,,83.45,5,5,0,0.291,0,,,,,,,,,0,,,,,,,,,,,../../tmp/guarded_3mode_n5_20260820_artifacts/seed10_run3_adaptive.json,8342,7115,0.791,-1.258,2.101,-27.067,24.178,-24.568,28.336,233.454,6.999,1.217,1787210841.842373,4.098,3.327,,,,0,,,,,,,,,,,,,,,,,,,,,,,,,,,,,,,,,,,,,,,,,,,,,,,,,,,,,,,,,,,,,,,,,,,,,,,,,,60.0,0.6,1.2,1.5,2.0,1.5,512,20659705,20445677,98.964,False,0.0,False,96.875,98.329,0,0,0,,,,,,,,,0,0.0,,True,5,15,True,1,0,96.875,376,247,28,1787210841.839535,,,,,,,,,,,,,,,,,,,,,,,39889.58785942492,149.9468610223642,94.9799214057508,54.96494185303514,4.238749146964856,98.964,141.37729078958074,11.058382773550136,22.706397989883254,0,313,,
seed10,3,full,,True,,,,,,,,,,,,,,,,,,,,,,,,,,,,,,,,,,,,,,,,,,,,102.48,5,5,0,0.365,0,,,,,,,,,0,,,,,,,,,,,../../tmp/guarded_3mode_n5_20260820_artifacts/seed10_run3_full.json,10241,9387,1.281,-0.688,1.377,-26.849,24.337,-24.619,27.422,248.641,6.996,0.234,,,,,,,0,,,,,,,,,,,,,,,,,,,,,,,,,,,,,,,,,,,,,,,,,,,,,,,,,,,,,,,,,,,,,,,,,,,,,,,,,,60.0,0.6,1.2,1.5,2.0,0.2,636,27796129,27796129,100.0,False,0.0,True,100.0,100.0,0,0,0,,,,,,,,,0,0.0,,True,5,15,False,0,0,0.0,0,0,0,,,,,,,,,,,,,,,,,,,,,,,,43266.574018126885,147.4707495468278,94.47317764350453,52.99575649546828,4.320853510574018,100.0,123.05034527810444,10.94931073983087,23.100779663192764,0,331,,
seed10,3,sector,,True,,,,,,,,,,,,,,,,,,,,,,,,,,,,,,,,,,,,,,,,,,,,88.97,5,5,0,0.322,0,,,,,,,,,0,,,,,,,,,,,../../tmp/guarded_3mode_n5_20260820_artifacts/seed10_run3_sector.json,8893,7543,1.294,-0.624,1.6,-25.684,24.591,-24.55,27.173,238.444,6.999,0.447,1787211047.500545,4.188,3.542,,,,0,,,,,,,,,,,,,,,,,,,,,,,,,,,,,,,,,,,,,,,,,,,,,,,,,,,,,,,,,,,,,,,,,,,,,,,,,,60.0,0.6,1.2,1.5,2.0,0.2,558,23024307,22686638,98.533,False,0.0,False,95.699,97.421,0,0,0,,,,,,,,,0,0.0,,True,5,15,True,1,0,95.699,424,298,23,1787211047.49938,,,,,,,,,,,,,,,,,,,,,,,42086.73780487805,146.90791249999998,94.37252774390244,52.533611585365854,4.323141076219512,98.533,136.87122994827803,11.020898540754096,22.931669918095363,0,328,,
seed10,4,full,,True,,,,,,,,,,,,,,,,,,,,,,,,,,,,,,,,,,,,,,,,,,,,98.63,5,5,0,0.353,0,,,,,,,,,0,,,,,,,,,,,../../tmp/guarded_3mode_n5_20260820_artifacts/seed10_run4_full.json,9857,9364,0.893,-1.204,1.466,-25.834,24.025,-24.284,28.727,240.74,7.0,0.406,,,,,,,0,,,,,,,,,,,,,,,,,,,,,,,,,,,,,,,,,,,,,,,,,,,,,,,,,,,,,,,,,,,,,,,,,,,,,,,,,,60.0,0.6,1.2,1.5,2.0,0.2,591,25383954,25383954,100.0,False,0.0,True,100.0,100.0,0,0,0,,,,,,,,,0,0.0,,True,5,15,False,0,0,0.0,0,0,0,,,,,,,,,,,,,,,,,,,,,,,,41847.401960784315,150.58330065359476,95.38983921568628,55.19170980392157,4.554524588235294,100.0,124.28518181039071,11.027655678772724,22.995908788945357,0,306,,
seed10,4,sector,,True,,,,,,,,,,,,,,,,,,,,,,,,,,,,,,,,,,,,,,,,,,,,102.76,5,5,0,0.376,0,,,,,,,,,0,,,,,,,,,,,../../tmp/guarded_3mode_n5_20260820_artifacts/seed10_run4_sector.json,10272,9200,0.911,-1.136,1.121,-29.127,24.025,-24.576,26.946,244.919,7.0,0.909,1787211254.324312,4.035,3.199,1787211302.623627,-23.926,24.082,0,,,,,,,,,,,,,,,,,,,,,,,,,,,,,,,,,,,,,,,,,,,,,,,,,,,,,,,,,,,,,,,,,,,,,,,,,,60.0,0.6,1.2,1.5,2.0,0.2,678,27554607,26326750,95.544,False,0.0,False,88.496,88.312,0,0,0,,,,,,,,,0,0.0,,True,5,15,True,3,2,88.496,430,281,24,1787211254.323458,,,,,,,,,,,,,,,,,,,,,,,37235.142857142855,139.47635634920636,88.24474074074074,51.22982761904762,3.7473549444444445,95.544,124.54049421432975,11.41050988628413,24.78210520241181,0,378,,
seed10,4,adaptive,,True,,,,,,,,,,,,,,,,,,,,,,,,,,,,,,,,,,,,,,,,,,,,78.8,5,5,0,0.333,0,,,,,,,,,0,,,,,,,,,,,../../tmp/guarded_3mode_n5_20260820_artifacts/seed10_run4_adaptive.json,7874,6885,0.732,-1.274,1.625,-25.816,24.025,-28.687,29.167,236.506,7.0,0.0,1787211367.732442,0.764,3.655,,,,0,,,,,,,,,,,,,,,,,,,,,,,,,,,,,,,,,,,,,,,,,,,,,,,,,,,,,,,,,,,,,,,,,,,,,,,,,,60.0,0.6,1.2,1.5,2.0,1.5,593,24691236,24485324,99.166,True,95.953,True,97.47,98.707,1,1,0,1787211369.390603,1787211369.390603,1787211369.780827,1787211374.090703,1787211375.291358,1.200655,,,4,1.200655,0.0,True,5,15,True,1,0,97.47,390,276,21,1787211367.731252,,,,,,,,,,,,,,,,,,,,,,,40674.62138728324,152.99849624277456,98.17957341040461,54.817188439306356,4.3431731473988435,99.166,156.916366162898,11.474702455175837,24.22523006809106,0,346,,
seed10,5,sector,,False,,,,,,,,,,,,,,,,,,,,,,,,,,,,,,,,,,,,,,,,,,,,120.0,1,5,0,0.402,0,,,,,,,,,0,,,,,,,,,,,../../tmp/guarded_3mode_n5_20260820_artifacts/seed10_run5_sector.json,11995,11760,-22.175,25.002,1.844,-22.175,24.025,0.0,25.231,102.597,6.997,0.0,1787211458.445273,4.953,6.116,,,,0,,,,,,,,,,,,,,,,,,,,,,,,,,,,,,,,,,,,,,,,,,,,,,,,,,,,,,,,,,,,,,,,,,,,,,,,,,60.0,0.6,1.2,1.5,2.0,0.2,736,22984863,22438844,97.624,False,0.0,False,95.38,95.577,0,0,0,,,,,,,,,0,0.0,,True,5,15,True,1,0,95.38,173,113,22,1787211458.443318,,,,,,,,,,,,,,,,,,,,,,,28958.696537678206,141.83795112016293,91.03588289205702,50.80051564154786,1.102792368635438,97.624,154.10909557424037,10.236939040261339,16.553470410375184,0,491,,
seed10,5,adaptive,,True,,,,,,,,,,,,,,,,,,,,,,,,,,,,,,,,,,,,,,,,,,,,96.36,5,5,0,0.353,0,,,,,,,,,0,,,,,,,,,,,../../tmp/guarded_3mode_n5_20260820_artifacts/seed10_run5_adaptive.json,9633,8600,1.384,-0.45,1.036,-25.973,24.025,-24.29,24.756,242.454,7.0,0.2,1787211584.964041,3.844,3.013,1787211615.008103,3.802,21.442,0,,,,,,,,,,,,,,,,,,,,,,,,,,,,,,,,,,,,,,,,,,,,,,,,,,,,,,,,,,,,,,,,,,,,,,,,,,60.0,0.6,1.2,1.5,2.0,1.5,616,27201813,26562512,97.65,True,79.545,True,94.318,94.422,1,1,0,1787211605.05022,1787211605.05022,1787211607.700318,1787211629.820485,1787211631.021113,1.200628,,,17,1.200628,0.0,True,5,15,True,2,1,94.318,418,276,21,1787211584.962715,,,,,,,,,,,,,,,,,,,,,,,42693.737430167595,145.51274134078213,94.21907737430168,51.29189301675978,4.109304530726257,97.65,134.29408042242335,11.60958364892674,23.57773309630094,0,358,,
seed10,5,full,,True,,,,,,,,,,,,,,,,,,,,,,,,,,,,,,,,,,,,,,,,,,,,92.72,5,5,0,0.39,0,,,,,,,,,0,,,,,,,,,,,../../tmp/guarded_3mode_n5_20260820_artifacts/seed10_run5_full.json,9270,8530,0.748,-1.196,1.706,-26.04,24.077,-24.638,27.034,240.248,7.0,0.208,,,,,,,0,,,,,,,,,,,,,,,,,,,,,,,,,,,,,,,,,,,,,,,,,,,,,,,,,,,,,,,,,,,,,,,,,,,,,,,,,,60.0,0.6,1.2,1.5,2.0,0.2,579,25100281,25100281,100.0,False,0.0,True,100.0,100.0,0,0,0,,,,,,,,,0,0.0,,True,5,15,False,0,0,0.0,0,0,0,,,,,,,,,,,,,,,,,,,,,,,,42500.374603174605,152.19222190476188,96.44387873015873,55.74659015873016,4.581353355555556,100.0,132.74374922951284,10.87120671027355,22.434991194162016,0,315,,
