[INFO] [launch]: All log files can be found below /root/.ros/log/2026-09-09-19-46-54-644760-livox-1057688
[INFO] [launch]: Default logging verbosity is set to INFO
[INFO] [waypoint_mission-1]: process started with pid [1057692]
[INFO] [perfect_drone_frontend_node-2]: process started with pid [1057694]
[INFO] [fsm_node-3]: process started with pid [1057696]
[waypoint_mission-1] [WARN] [1788950814.698926690] [waypoint_mission]:  -- [MissionPlanner] Load config by file name: /root/super_ws/src/SUPER/mission_planner/config/waypoint.yaml
[waypoint_mission-1] [WARN] [1788950814.699004838] [waypoint_mission]:  -- [MissionPlanner] Load data by file name: /root/super_ws/src/SUPER/mission_planner/data/blind_heading_mismatch.txt
[fsm_node-3]  -- [Bench] Use sim time is false, begin replay.
[fsm_node-3] Load config file: /root/super_ws/src/SUPER/super_planner/config/static_seedmaps_guard_viability_tight_v7_frontend_risk_enforce.yaml
[fsm_node-3] [0;32m Load param fsm/timer_en success: [0;0m1
[fsm_node-3] [0;32m Load param super_planner/detailed_log_en success: [0;0m0
[fsm_node-3] [0;32m Load param super_planner/detailed_log_max_entries success: [0;0m64
[fsm_node-3] [0;32m Load param fsm/click_goal_en success: [0;0m1
[fsm_node-3] [0;32m Load param fsm/click_yaw_en success: [0;0m1
[fsm_node-3] [0;32m Load param fsm/replan_rate success: [0;0m15
[fsm_node-3] [0;32m Load param fsm/click_height success: [0;0m1.5
[fsm_node-3] [0;32m Load param fsm/cmd_topic success: [0;0m/planning/pos_cmd
[fsm_node-3] [0;32m Load param fsm/mpc_cmd_topic success: [0;0m/planning_cmd/poly_traj
[fsm_node-3] [0;32m Load param fsm/click_goal_topic success: [0;0m/planning/click_goal
[fsm_node-3] [0;32m Load param fsm/map_readiness/enable success: [0;0m1
[fsm_node-3] [0;32m Load param fsm/map_readiness/min_accepted_scans success: [0;0m5
[fsm_node-3] [0;32m Load param fsm/map_readiness/min_committed_scans success: [0;0m5
[fsm_node-3] [0;32m Load param fsm/map_readiness/max_commit_lag_scans success: [0;0m5
[fsm_node-3] [0;32m Load param fsm/map_readiness/min_scan_span_s success: [0;0m1
[fsm_node-3] [0;32m Load param fsm/map_readiness/max_cloud_age_s success: [0;0m0.75
[fsm_node-3] [0;32m Load param fsm/map_readiness/max_map_age_s success: [0;0m0.55
[fsm_node-3] [0;32m Load param fsm/trajectory_guard/enable success: [0;0m1
[fsm_node-3] [0;33m Load param fsm/trajectory_guard/same_map_replan_coalesce_enable failed, use default value: [0;0m0
[fsm_node-3] [0;33m Load param fsm/trajectory_guard/same_map_replan_min_interval_s failed, use default value: [0;0m0
[fsm_node-3] [0;32m Load param fsm/trajectory_guard/shadow success: [0;0m0
[fsm_node-3] [0;32m Load param fsm/trajectory_guard/max_map_age_s success: [0;0m0.75
[fsm_node-3] [0;32m Load param fsm/trajectory_guard/brake_trigger_map_age_s success: [0;0m0.55
[fsm_node-3] [0;32m Load param fsm/trajectory_guard/brake_trigger_high_speed_map_age_s success: [0;0m0.5
[fsm_node-3] [0;32m Load param fsm/trajectory_guard/brake_trigger_low_speed_mps success: [0;0m2.5
[fsm_node-3] [0;32m Load param fsm/trajectory_guard/brake_trigger_high_speed_mps success: [0;0m3.5
[fsm_node-3] [0;32m Load param fsm/trajectory_guard/full_refresh_ack_sla_s success: [0;0m0.75
[fsm_node-3] [0;32m Load param fsm/trajectory_guard/raw_cloud/enable success: [0;0m0
[fsm_node-3] [0;32m Load param fsm/trajectory_guard/raw_cloud/source_topic success: [0;0m/cloud_guard_witness
[fsm_node-3] [0;32m Load param fsm/trajectory_guard/raw_cloud/max_age_s success: [0;0m0.75
[fsm_node-3] [0;32m Load param fsm/trajectory_guard/raw_cloud/clearance_m success: [0;0m0.3
[perfect_drone_frontend_node-2] [INFO] [1788950814.802609268] [native_sector_cpp]: adaptive mode, half-angle 45.0 deg, input /cloud_registered, publish cap 5.00 Hz, commit refresh 0.120 s, full-open extra budget 6000, guard witness disabled radius 0.00 m, direct input enabled, risk verdict /planning/trajectory_risk_verdict, body tier 0.200 m/0.150 s
[fsm_node-3] [0;32m Load param fsm/trajectory_guard/validation_sample_dt_s success: [0;0m0.005
[perfect_drone_frontend_node-2] [WARN] [1788950814.805219217] [perfect_tracking]:  -- [MissionPlanner] Load config by file name: /root/super_ws/src/SUPER/mars_uav_sim/perfect_drone_sim/config/shm1_h2_hazard.yaml
[fsm_node-3] [0;32m Load param fsm/trajectory_guard/shadow_min_interval_s success: [0;0m0
[fsm_node-3] [0;32m Load param fsm/trajectory_guard/additional_clearance_m success: [0;0m0
[fsm_node-3] [0;33m Load param fsm/trajectory_guard/brake_min_duration_s failed, use default value: [0;0m0.4
[fsm_node-3] [0;32m Load param fsm/trajectory_guard/brake_max_duration_s success: [0;0m3
[fsm_node-3] [0;32m Load param fsm/trajectory_guard/brake_max_acc_mps2 success: [0;0m20
[fsm_node-3] [0;32m Load param fsm/trajectory_guard/brake_max_jerk_mps3 success: [0;0m120
[fsm_node-3] [0;32m Load param fsm/trajectory_guard/brake_command_max_age_s success: [0;0m0.1
[fsm_node-3] [0;32m Load param fsm/trajectory_guard/brake_command_max_position_error_m success: [0;0m0.5
[fsm_node-3] [0;32m Load param fsm/trajectory_guard/brake_command_max_velocity_error_mps success: [0;0m2
[fsm_node-3] [0;32m Load param fsm/trajectory_guard/brake_retry_interval_s success: [0;0m0.1
[fsm_node-3] [0;32m Load param fsm/trajectory_guard/unknown_as_occupied success: [0;0m1
[fsm_node-3] [0;33m Load param fsm/trajectory_guard/raw_cloud/ciri_shadow_en failed, use default value: [0;0m0
[fsm_node-3] [0;32m Load param fsm/trajectory_guard/raw_cloud/accum_window_s success: [0;0m1.5
[fsm_node-3] [0;33m Load param fsm/trajectory_guard/raw_cloud/ciri_min_points failed, use default value: [0;0m200
[fsm_node-3] [0;33m Load param fsm/trajectory_guard/raw_cloud/ciri_voxel_m failed, use default value: [0;0m0.1
[fsm_node-3] [0;32m Load param fsm/trajectory_guard/raw_cloud/near_field_shadow_en success: [0;0m0
[fsm_node-3] [0;32m Load param fsm/trajectory_guard/raw_cloud/near_field_clearance_m success: [0;0m0.2
[fsm_node-3] [0;32m Load param fsm/trajectory_guard/raw_cloud/near_field_horizon_s success: [0;0m1
[fsm_node-3] [0;32m Load param fsm/trajectory_guard/raw_cloud/near_field_sample_dt_s success: [0;0m0.01
[fsm_node-3] [0;32m Load param fsm/trajectory_guard/raw_cloud/near_field_min_interval_s success: [0;0m0.1
[fsm_node-3] [0;32m Load param fsm/trajectory_guard/raw_cloud/near_field_min_points success: [0;0m200
[fsm_node-3] [0;32m Load param fsm/trajectory_guard/raw_cloud/near_field_voxel_m success: [0;0m0
[fsm_node-3] [0;32m Load param fsm/trajectory_guard/raw_cloud/near_field_test_replay_mode success: [0;0m0
[fsm_node-3] [0;32m Load param fsm/trajectory_guard/raw_cloud/near_field_enforce_en success: [0;0m0
[fsm_node-3] [0;32m Load param fsm/trajectory_guard/raw_cloud/near_field_result_max_age_s success: [0;0m0.2
[fsm_node-3] [0;32m Load param fsm/trajectory_guard/raw_cloud/near_field_max_sequence_lag success: [0;0m1
[fsm_node-3] [0;32m Load param fsm/trajectory_guard/raw_cloud/near_field_egress_tolerance_m success: [0;0m0.005
[fsm_node-3] [0;32m Load param fsm/trajectory_guard/raw_cloud/near_field_egress_min_progress_m success: [0;0m0.02
[fsm_node-3] [0;32m Load param fsm/trajectory_guard/frontend_risk/shadow_en success: [0;0m1
[fsm_node-3] [0;32m Load param fsm/trajectory_guard/frontend_risk/enforce_en success: [0;0m1
[fsm_node-3] [0;32m Load param fsm/trajectory_guard/frontend_risk/topic success: [0;0m/planning/trajectory_risk_verdict
[fsm_node-3] [0;32m Load param fsm/trajectory_guard/frontend_risk/result_max_age_s success: [0;0m0.2
[fsm_node-3] [0;32m Load param fsm/trajectory_guard/frontend_risk/source_max_age_s success: [0;0m0.75
[fsm_node-3] [0;32m Load param fsm/trajectory_guard/frontend_risk/current_body_enforce_en success: [0;0m1
[fsm_node-3] [0;32m Load param fsm/trajectory_guard/frontend_risk/current_body_result_max_age_s success: [0;0m0.15
[fsm_node-3] [0;32m Load param fsm/trajectory_guard/frontend_risk/current_body_source_max_age_s success: [0;0m0.2
[fsm_node-3] [0;32m Load param super_planner/yaw_dot_max success: [0;0m3
[fsm_node-3] [0;32m Load param super_planner/visualization_en success: [0;0m0
[fsm_node-3] [0;32m Load param rog_map/resolution success: [0;0m0.05
[fsm_node-3] Load config file: /root/super_ws/src/SUPER/super_planner/config/static_seedmaps_guard_viability_tight_v7_frontend_risk_enforce.yaml
[fsm_node-3] [0;32m Load param rog_map/esdf/resolution success: [0;0m0.1
[fsm_node-3] [0;32m Load param rog_map/esdf/enable success: [0;0m0
[fsm_node-3] [0;32m Load param rog_map/esdf/local_update_box success: [0;0m[5 5 3 ]
[fsm_node-3] [0;32m Load param rog_map/load_pcd_en success: [0;0m0
[fsm_node-3] [0;32m Load param rog_map/map_sliding/enable success: [0;0m0
[fsm_node-3] [0;32m Load param rog_map/map_sliding/threshold success: [0;0m3
[fsm_node-3] [0;32m Load param rog_map/fix_map_origin success: [0;0m[0 0 1.5 ]
[fsm_node-3] [0;32m Load param rog_map/frontier_extraction_en success: [0;0m0
[fsm_node-3] [0;32m Load param rog_map/ros_callback/enable success: [0;0m1
[fsm_node-3] [0;32m Load param rog_map/ros_callback/cloud_topic success: [0;0m/cloud_sector
[fsm_node-3] [0;32m Load param rog_map/ros_callback/cloud_reliable success: [0;0m1
[fsm_node-3] [0;32m Load param rog_map/ros_callback/odom_topic success: [0;0m/lidar_slam/odom
[fsm_node-3] [0;32m Load param rog_map/ros_callback/odom_timeout success: [0;0m2
[fsm_node-3] [0;32m Load param rog_map/visualization/enable success: [0;0m0
[fsm_node-3] [0;32m Load param rog_map/visualization/use_dynamic_reconfigure success: [0;0m0
[fsm_node-3] [0;32m Load param rog_map/visualization/pub_unknown_map_en success: [0;0m0
[fsm_node-3] [0;32m Load param rog_map/visualization/frame_id success: [0;0mworld
[fsm_node-3] [0;32m Load param rog_map/visualization/time_rate success: [0;0m2
[fsm_node-3] [0;32m Load param rog_map/visualization/frame_rate success: [0;0m0
[fsm_node-3] [0;32m Load param rog_map/visualization/range success: [0;0m[15 15 4 ]
[fsm_node-3] [0;32m Load param rog_map/resolution success: [0;0m0.05
[fsm_node-3] [0;32m Load param rog_map/inflation_resolution success: [0;0m0.1
[fsm_node-3] [0;32m Load param rog_map/unk_inflation_en success: [0;0m0
[fsm_node-3] [0;32m Load param rog_map/unk_inflation_step success: [0;0m1
[fsm_node-3] [0;32m Load param rog_map/inflation_step success: [0;0m3
[fsm_node-3] [0;32m Load param rog_map/intensity_thresh success: [0;0m-10
[fsm_node-3] [0;32m Load param rog_map/map_size success: [0;0m[70 70 6 ]
[fsm_node-3] [0;32m Load param rog_map/point_filt_num success: [0;0m1
[fsm_node-3] [0;32m Load param rog_map/raycasting/enable success: [0;0m0
[fsm_node-3] [0;32m Load param rog_map/raycasting/batch_update_size success: [0;0m1
[fsm_node-3] [0;32m Load param rog_map/raycasting/unk_thresh success: [0;0m1
[fsm_node-3] [0;32m Load param rog_map/raycasting/p_hit success: [0;0m0.9
[fsm_node-3] [0;32m Load param rog_map/raycasting/p_miss success: [0;0m0.49
[fsm_node-3] [0;32m Load param rog_map/raycasting/p_min success: [0;0m0.12
[fsm_node-3] [0;32m Load param rog_map/raycasting/p_max success: [0;0m0.98
[fsm_node-3] [0;32m Load param rog_map/raycasting/p_occ success: [0;0m0.85
[fsm_node-3] [0;32m Load param rog_map/raycasting/p_free success: [0;0m0.499
[fsm_node-3] [0;32m Load param rog_map/raycasting/p_free success: [0;0m0.499
[fsm_node-3] [0;32m Load param rog_map/raycasting/ray_range success: [0;0m[0.5 100 ]
[fsm_node-3] [0;33m Load param rog_map/raycasting/observed_mark_range_max failed, use default value: [0;0m10
[fsm_node-3] [0;32m Load param rog_map/raycasting/local_update_box success: [0;0m[100 100 5 ]
[fsm_node-3] [0;32m Load param rog_map/virtual_ground_height success: [0;0m-0.1
[fsm_node-3] [0;32m Load param rog_map/virtual_ceil_height success: [0;0m3.5
[fsm_node-3] [32m -- [RM-Config] inflation_resolution: 0.1[0m
[fsm_node-3]  -- [ROG-Map] Init, resetMapSize: ORIGIN_AT_CORNER.
[fsm_node-3]  -- [ROG-Map] Init, resetMapSize: virtual_ceil_height: 3.1500000000000004, virtual_ground_height: 0.25.
[fsm_node-3] [34m	[ROG] n_free: 1[0m
[fsm_node-3] [34m	[ROG] n_occ: 1[0m
[fsm_node-3] [34m	[ROG] l_hit: 2.19722[0m
[fsm_node-3] [34m	[ROG] l_miss: -0.0400053[0m
[fsm_node-3] [34m	[ROG] l_min: -1.99243[0m
[fsm_node-3] [34m	[ROG] l_max: 3.89182[0m
[fsm_node-3] [34m	[ROG] l_occ: 1.7346[0m
[fsm_node-3] [34m	[ROG] l_free: -0.00399995[0m
[perfect_drone_frontend_node-2] Failed to find match for field 'intensity'.
[perfect_drone_frontend_node-2] [INFO] [1788950815.128743232] [perfect_drone_frontend_config]: raw DDS disabled: renderer -> native front-end uses direct SharedPtr handoff
[fsm_node-3] [33m -- [Inf-Map] Clear all local map.[0m
[fsm_node-3] [32m -- [CounterMap] Init successfully -- .[0m
[fsm_node-3] [32m	resolution: 0.1[0m
[fsm_node-3] [32m	map_sliding_en: 0[0m
[fsm_node-3] [32m	local_map_size_i: 709 709  69[0m
[fsm_node-3] [32m	local_map_size_d: 70.9 70.9  6.9[0m
[fsm_node-3] [33m -- [Inf-Map] Clear all local map.[0m
[fsm_node-3] [32m -- [InfMap] Init successfully -- .[0m
[fsm_node-3] [32m	resolution: 0.1[0m
[fsm_node-3] [32m	map_sliding_en: 0[0m
[fsm_node-3] [32m	local_map_size_i: 709 709  69[0m
[fsm_node-3] [32m	local_map_size_d: 70.9 70.9  6.9[0m
[fsm_node-3] [ProbMap] virtual_ceil_height: 3.15
[fsm_node-3] [ProbMap] virtual_ground_height: 0.25
[fsm_node-3] [33m -- [ProbMap] Map sliding disabled, set origin to [  0   0 1.5] -- [0m
[fsm_node-3] [33m -- [Prob-Map] Clear all local map.[0m
[fsm_node-3] [32m -- [ProbMap] Init successfully -- .[0m
[fsm_node-3] [32m	resolution: 0.05[0m
[fsm_node-3] [32m	map_sliding_en: 0[0m
[fsm_node-3] [32m	local_map_size_i: 1401 1401  121[0m
[fsm_node-3] [32m	local_map_size_d: 70.05 70.05  6.05[0m
[fsm_node-3] [38;2;000;128;000m -- [ROGMap] Immutable planner snapshot enabled (fixed occupancy-only map).
[fsm_node-3] [0mLoad config file: /root/super_ws/src/SUPER/super_planner/config/static_seedmaps_guard_viability_tight_v7_frontend_risk_enforce.yaml
[fsm_node-3] Load config file: /root/super_ws/src/SUPER/super_planner/config/static_seedmaps_guard_viability_tight_v7_frontend_risk_enforce.yaml
[fsm_node-3] [0;32m Load param traj_opt/switch/print_optimizer_log success: [0;0m0
[fsm_node-3] [0;32m Load param traj_opt/flatness/mass success: [0;0m1.64
[fsm_node-3] [0;32m Load param traj_opt/flatness/dh success: [0;0m0.35
[fsm_node-3] [0;32m Load param traj_opt/flatness/dv success: [0;0m0.35
[fsm_node-3] [0;32m Load param traj_opt/flatness/grav success: [0;0m9.81
[fsm_node-3] [0;32m Load param traj_opt/flatness/cp success: [0;0m0.001
[fsm_node-3] [0;32m Load param traj_opt/flatness/v_eps success: [0;0m0.0001
[fsm_node-3] [0;32m Load param traj_opt/switch/save_log_en success: [0;0m0
[fsm_node-3] [0;32m Load param traj_opt/exp_traj/pos_constraint_type success: [0;0m1
[fsm_node-3] [0;33m Load param traj_opt/exp_traj/piece_num failed, use default value: [0;0m1
[fsm_node-3] [0;33m Load param traj_opt/exp_traj/uniform_time_en failed, use default value: [0;0m0
[fsm_node-3] [0;32m Load param traj_opt/exp_traj/block_energy_cost success: [0;0m0
[fsm_node-3] [0;32m Load param traj_opt/exp_traj/opt_accuracy success: [0;0m5e-06
[fsm_node-3] [0;33m Load param traj_opt/exp_traj/max_iterations failed, use default value: [0;0m2048
[fsm_node-3] [0;32m Load param traj_opt/exp_traj/integral_reso success: [0;0m15
[fsm_node-3] [0;32m Load param traj_opt/exp_traj/smooth_eps success: [0;0m0.01
[fsm_node-3] [0;32m Load param traj_opt/boundary/max_vel success: [0;0m7
[fsm_node-3] [0;32m Load param traj_opt/boundary/max_acc success: [0;0m20
[fsm_node-3] [0;32m Load param traj_opt/boundary/max_jerk success: [0;0m120
[fsm_node-3] [0;32m Load param traj_opt/boundary/max_omg success: [0;0m2.5
[fsm_node-3] [0;32m Load param traj_opt/boundary/max_acc_thr success: [0;0m17
[fsm_node-3] [0;32m Load param traj_opt/boundary/min_acc_thr success: [0;0m6
[fsm_node-3] [0;32m Load param traj_opt/boundary/penna_margin success: [0;0m0.05
[fsm_node-3] [0;33m Load param traj_opt/exp_traj/penna_scale failed, use default value: [0;0m-1
[fsm_node-3] [0;32m Load param traj_opt/exp_traj/penna_t success: [0;0m1e+07
[fsm_node-3] [0;33m Load param traj_opt/exp_traj/penna_ts failed, use default value: [0;0m-1
[fsm_node-3] [0;32m Load param traj_opt/exp_traj/penna_pos success: [0;0m5e+09
[fsm_node-3] [0;32m Load param traj_opt/exp_traj/penna_clr success: [0;0m1e+06
[fsm_node-3] [0;32m Load param traj_opt/exp_traj/clearance_margin success: [0;0m0.1
[fsm_node-3] [0;32m Load param traj_opt/exp_traj/clearance_speed_gate success: [0;0m1.5
[fsm_node-3] [0;32m Load param traj_opt/exp_traj/clearance_speed_transition success: [0;0m0.5
[fsm_node-3] [0;33m Load param traj_opt/exp_traj/penna_passage_center failed, use default value: [0;0m-1
[fsm_node-3] [0;33m Load param traj_opt/exp_traj/passage_center_max_width failed, use default value: [0;0m0
[fsm_node-3] [0;33m Load param traj_opt/exp_traj/passage_center_min_opposition_cos failed, use default value: [0;0m0.9
[fsm_node-3] [0;33m Load param traj_opt/exp_traj/passage_center_min_horizontal_normal failed, use default value: [0;0m0.8
[fsm_node-3] [0;33m Load param traj_opt/exp_traj/passage_center_deadband failed, use default value: [0;0m0.15
[fsm_node-3] [0;33m Load param traj_opt/exp_traj/passage_center_log_en failed, use default value: [0;0m0
[fsm_node-3] [0;32m Load param traj_opt/exp_traj/penna_vel success: [0;0m5e+08
[fsm_node-3] [0;32m Load param traj_opt/exp_traj/penna_acc success: [0;0m5e+08
[fsm_node-3] [0;32m Load param traj_opt/exp_traj/penna_jerk success: [0;0m-5e+08
[fsm_node-3] [0;32m Load param traj_opt/exp_traj/penna_attract success: [0;0m5e+08
[fsm_node-3] [0;32m Load param traj_opt/exp_traj/penna_omg success: [0;0m-1
[fsm_node-3] [0;32m Load param traj_opt/exp_traj/penna_thr success: [0;0m-1
[fsm_node-3] Load config file: /root/super_ws/src/SUPER/super_planner/config/static_seedmaps_guard_viability_tight_v7_frontend_risk_enforce.yaml
[fsm_node-3] [0;32m Load param traj_opt/switch/print_optimizer_log success: [0;0m0
[fsm_node-3] [0;32m Load param traj_opt/flatness/mass success: [0;0m1.64
[fsm_node-3] [0;32m Load param traj_opt/flatness/dh success: [0;0m0.35
[fsm_node-3] [0;32m Load param traj_opt/flatness/dv success: [0;0m0.35
[fsm_node-3] [0;32m Load param traj_opt/flatness/grav success: [0;0m9.81
[fsm_node-3] [0;32m Load param traj_opt/flatness/cp success: [0;0m0.001
[fsm_node-3] [0;32m Load param traj_opt/flatness/v_eps success: [0;0m0.0001
[fsm_node-3] [0;32m Load param traj_opt/switch/save_log_en success: [0;0m0
[fsm_node-3] [0;32m Load param traj_opt/backup_traj/pos_constraint_type success: [0;0m2
[fsm_node-3] [0;32m Load param traj_opt/backup_traj/piece_num success: [0;0m2
[fsm_node-3] [0;32m Load param traj_opt/backup_traj/uniform_time_en success: [0;0m1
[fsm_node-3] [0;32m Load param traj_opt/backup_traj/block_energy_cost success: [0;0m1
[fsm_node-3] [0;32m Load param traj_opt/backup_traj/opt_accuracy success: [0;0m1e-05
[fsm_node-3] [0;33m Load param traj_opt/backup_traj/max_iterations failed, use default value: [0;0m2048
[fsm_node-3] [0;32m Load param traj_opt/backup_traj/integral_reso success: [0;0m12
[fsm_node-3] [0;32m Load param traj_opt/backup_traj/smooth_eps success: [0;0m0.01
[fsm_node-3] [0;32m Load param traj_opt/boundary/max_vel success: [0;0m7
[fsm_node-3] [0;32m Load param traj_opt/boundary/max_acc success: [0;0m20
[fsm_node-3] [0;32m Load param traj_opt/boundary/max_jerk success: [0;0m120
[fsm_node-3] [0;32m Load param traj_opt/boundary/max_omg success: [0;0m2.5
[fsm_node-3] [0;32m Load param traj_opt/boundary/max_acc_thr success: [0;0m17
[fsm_node-3] [0;32m Load param traj_opt/boundary/min_acc_thr success: [0;0m6
[fsm_node-3] [0;32m Load param traj_opt/boundary/penna_margin success: [0;0m0.05
[fsm_node-3] [0;33m Load param traj_opt/backup_traj/penna_scale failed, use default value: [0;0m-1
[fsm_node-3] [0;32m Load param traj_opt/backup_traj/penna_t success: [0;0m100
[fsm_node-3] [0;32m Load param traj_opt/backup_traj/penna_ts success: [0;0m1e+07
[fsm_node-3] [0;32m Load param traj_opt/backup_traj/penna_pos success: [0;0m1e+10
[fsm_node-3] [0;32m Load param traj_opt/backup_traj/penna_clr success: [0;0m1e+06
[fsm_node-3] [0;32m Load param traj_opt/backup_traj/clearance_margin success: [0;0m0.1
[fsm_node-3] [0;32m Load param traj_opt/backup_traj/clearance_speed_gate success: [0;0m1.5
[fsm_node-3] [0;32m Load param traj_opt/backup_traj/clearance_speed_transition success: [0;0m0.5
[fsm_node-3] [0;33m Load param traj_opt/backup_traj/penna_passage_center failed, use default value: [0;0m-1
[fsm_node-3] [0;33m Load param traj_opt/backup_traj/passage_center_max_width failed, use default value: [0;0m0
[fsm_node-3] [0;33m Load param traj_opt/backup_traj/passage_center_min_opposition_cos failed, use default value: [0;0m0.9
[fsm_node-3] [0;33m Load param traj_opt/backup_traj/passage_center_min_horizontal_normal failed, use default value: [0;0m0.8
[fsm_node-3] [0;33m Load param traj_opt/backup_traj/passage_center_deadband failed, use default value: [0;0m0.15
[fsm_node-3] [0;33m Load param traj_opt/backup_traj/passage_center_log_en failed, use default value: [0;0m0
[fsm_node-3] [0;32m Load param traj_opt/backup_traj/penna_vel success: [0;0m1e+08
[fsm_node-3] [0;32m Load param traj_opt/backup_traj/penna_acc success: [0;0m1e+08
[fsm_node-3] [0;32m Load param traj_opt/backup_traj/penna_jerk success: [0;0m-1e+06
[fsm_node-3] [0;33m Load param traj_opt/backup_traj/penna_attract failed, use default value: [0;0m-1
[fsm_node-3] [0;32m Load param traj_opt/backup_traj/penna_omg success: [0;0m-1
[fsm_node-3] [0;32m Load param traj_opt/backup_traj/penna_thr success: [0;0m-1
[fsm_node-3] [0;32m Load param super_planner/print_log success: [0;0m0
[fsm_node-3] [0;32m Load param super_planner/detailed_log_en success: [0;0m0
[fsm_node-3] [0;32m Load param super_planner/visualization_en success: [0;0m0
[fsm_node-3] [0;32m Load param super_planner/backup_traj_en success: [0;0m1
[fsm_node-3] [0;32m Load param super_planner/goal_vel_en success: [0;0m0
[fsm_node-3] [0;32m Load param super_planner/goal_yaw_en success: [0;0m0
[fsm_node-3] [0;32m Load param super_planner/visual_process success: [0;0m0
[fsm_node-3] [0;32m Load param super_planner/use_fov_cut success: [0;0m0
[fsm_node-3] [0;33m Load param super_planner/fov_horizontal_angle failed, use default value: [0;0m-1
[fsm_node-3] [0;33m Load param super_planner/fov_center_heading failed, use default value: [0;0m0
[fsm_node-3] [0;32m Load param super_planner/frontend_in_known_free success: [0;0m0
[fsm_node-3] [0;32m Load param fsm/trajectory_guard/enable success: [0;0m1
[fsm_node-3] [0;32m Load param fsm/trajectory_guard/shadow success: [0;0m0
[fsm_node-3] [0;32m Load param fsm/trajectory_guard/validation_sample_dt_s success: [0;0m0.005
[fsm_node-3] [0;32m Load param fsm/trajectory_guard/shadow_min_interval_s success: [0;0m0
[fsm_node-3] [0;32m Load param fsm/trajectory_guard/additional_clearance_m success: [0;0m0
[fsm_node-3] [0;32m Load param fsm/trajectory_guard/escape_max_duration_s success: [0;0m1
[fsm_node-3] [0;32m Load param fsm/trajectory_guard/unknown_as_occupied success: [0;0m1
[fsm_node-3] [0;32m Load param fsm/trajectory_guard/escape_entry_grace_s success: [0;0m0
[fsm_node-3] [0;32m Load param fsm/trajectory_guard/initial_footprint_egress_enable success: [0;0m1
[fsm_node-3] [0;32m Load param super_planner/safe_corridor_line_max_length success: [0;0m6
[fsm_node-3] [0;32m Load param super_planner/sensing_horizon success: [0;0m-1
[fsm_node-3] [0;32m Load param super_planner/obs_skip_num success: [0;0m2
[fsm_node-3] [0;32m Load param super_planner/replan_forward_dt success: [0;0m0.1
[fsm_node-3] [0;32m Load param super_planner/corridor_bound_dis success: [0;0m0.8
[fsm_node-3] [0;32m Load param super_planner/corridor_line_max_length success: [0;0m1
[fsm_node-3] [0;32m Load param super_planner/planning_horizon success: [0;0m7
[fsm_node-3] [0;32m Load param super_planner/receding_dis success: [0;0m1
[fsm_node-3] [0;32m Load param super_planner/robot_r success: [0;0m0.2
[fsm_node-3] [0;32m Load param super_planner/corridor_use_inflated_obstacles success: [0;0m0
[fsm_node-3] [0;32m Load param super_planner/corridor_use_inflated_seed_lines success: [0;0m0
[fsm_node-3] [0;32m Load param super_planner/corridor_guard_retry_inflated success: [0;0m1
[fsm_node-3] [0;32m Load param super_planner/guard_corridor_retry_alternate_every success: [0;0m4
[fsm_node-3] [0;32m Load param super_planner/guard_topology_reroute/enable success: [0;0m1
[fsm_node-3] [0;32m Load param super_planner/guard_topology_reroute/radius_m success: [0;0m0.8
[fsm_node-3] [0;32m Load param super_planner/guard_topology_reroute/growth_m success: [0;0m0
[fsm_node-3] [0;32m Load param super_planner/guard_topology_reroute/max_radius_m success: [0;0m0.8
[fsm_node-3] [0;32m Load param super_planner/guard_topology_reroute/max_zones success: [0;0m6
[fsm_node-3] [0;32m Load param super_planner/guard_topology_reroute/max_stop_speed_mps success: [0;0m0.2
[fsm_node-3] [0;32m Load param super_planner/guard_topology_reroute/escalate_every_rejects success: [0;0m3
[fsm_node-3] [0;32m Load param super_planner/guard_topology_reroute/collision_merge_m success: [0;0m0.5
[fsm_node-3] [0;32m Load param super_planner/guard_topology_reroute/start_clearance_m success: [0;0m0.3
[fsm_node-3] [0;32m Load param super_planner/guard_topology_reroute/block_spacing_m success: [0;0m1
[fsm_node-3] [0;32m Load param super_planner/guard_topology_reroute/direction_merge_angle_deg success: [0;0m30
[fsm_node-3] [0;32m Load param super_planner/guard_topology_reroute/no_path_reset_attempts success: [0;0m3
[fsm_node-3] [0;32m Load param super_planner/guard_topology_reroute/vertical_recovery_enable success: [0;0m1
[fsm_node-3] [0;32m Load param super_planner/guard_topology_reroute/vertical_recovery_lift_m success: [0;0m0.6
[fsm_node-3] [0;32m Load param super_planner/guard_topology_reroute/vertical_recovery_trigger_distance_m success: [0;0m0.75
[fsm_node-3] [0;32m Load param super_planner/guard_topology_reroute/local_escape_enable success: [0;0m1
[fsm_node-3] [0;32m Load param super_planner/guard_topology_reroute/local_escape_distance_m success: [0;0m0.6
[fsm_node-3] [0;32m Load param super_planner/guard_topology_reroute/local_escape_attempts success: [0;0m4
[fsm_node-3] [0;32m Load param super_planner/guard_topology_reroute/episode_progress_reset_m success: [0;0m2
[fsm_node-3] [0;32m Load param super_planner/guard_topology_reroute/saturation_vertical_attempts success: [0;0m1
[fsm_node-3] [0;32m Load param super_planner/guard_topology_reroute/base_no_path_vertical_attempts success: [0;0m1
[fsm_node-3] [0;32m Load param super_planner/guard_direct_goal_fallback/enable success: [0;0m1
[fsm_node-3] [0;32m Load param super_planner/guard_direct_goal_fallback/max_distance_m success: [0;0m3
[fsm_node-3] [0;32m Load param super_planner/guard_direct_goal_fallback/min_duration_s success: [0;0m1
[fsm_node-3] [0;32m Load param super_planner/guard_viability/enable success: [0;0m1
[fsm_node-3] [0;32m Load param super_planner/guard_viability/horizon_s success: [0;0m2
[fsm_node-3] [0;32m Load param super_planner/guard_viability/sample_dt_s success: [0;0m0.3
[fsm_node-3] [0;32m Load param super_planner/guard_viability/brake_max_acc_mps2 success: [0;0m20
[fsm_node-3] [0;32m Load param super_planner/guard_viability/brake_max_jerk_mps3 success: [0;0m120
[fsm_node-3] [0;32m Load param super_planner/guard_viability/brake_min_duration_s success: [0;0m0.4
[fsm_node-3] [0;32m Load param super_planner/guard_viability/brake_max_duration_s success: [0;0m3
[fsm_node-3] [0;32m Load param super_planner/guard_viability/brake_attempts success: [0;0m12
[fsm_node-3] [0;32m Load param super_planner/guard_viability/speed_scale_step success: [0;0m1.25
[fsm_node-3] [0;32m Load param super_planner/guard_viability/speed_scale_max success: [0;0m3
[fsm_node-3] [0;32m Load param super_planner/guard_viability/max_retries success: [0;0m4
[fsm_node-3] [0;32m Load param super_planner/corridor_min_margin success: [0;0m0.2
[fsm_node-3] [0;32m Load param super_planner/corridor_pref_margin success: [0;0m0.3
[fsm_node-3] [0;32m Load param super_planner/iris_iter_num success: [0;0m2
[fsm_node-3] [0;32m Load param super_planner/yaw_mode success: [0;0m1
[fsm_node-3] [0;32m Load param super_planner/mpc_horizon success: [0;0m15
[fsm_node-3] [0;32m Load param super_planner/yaw_dot_max success: [0;0m3
[fsm_node-3] [0;32m Load param rog_map/resolution success: [0;0m0.05
[fsm_node-3] [INFO] [1788950816.217554721] [fsm_node]:  -- [TRAJ_GUARD] mode=enforce sample_dt=0.0050s shadow_min_interval=0.000s inflation_radius=0.300m robot_r=0.200m additional_clearance=0.000m hard_clearance=0.300m clearance_offsets=0
[fsm_node-3] [38;2;050;205;050m -- [Viz] Set resolution_ to 0.05
[fsm_node-3] [0m[38;2;050;205;050m -- [Viz] Set visualization_en_ to false
[fsm_node-3] [0mLoad config file: /root/super_ws/src/SUPER/super_planner/config/static_seedmaps_guard_viability_tight_v7_frontend_risk_enforce.yaml
[fsm_node-3] [0;32m Load param astar/map_voxel_num success: [0;0m[500 500 100 ]
[fsm_node-3] [0;32m Load param astar/allow_diag success: [0;0m1
[fsm_node-3] [0;32m Load param astar/debug_visualization_en success: [0;0m0
[fsm_node-3] [0;32m Load param astar/heu_type success: [0;0m2
[fsm_node-3] [0;32m Load param astar/visual_process success: [0;0m0
[fsm_node-3] [32m -- [RM] Init Astar-map.[0m
[fsm_node-3] [34m	map index size: 250 250  50[0m
[fsm_node-3] [34m	map vox_num: 501 501 101[0m
[fsm_node-3] [INFO] [1788950817.830861498] [fsm_node]:  -- [FULL_REFRESH_ACK_GATE] listening sla=0.750s
[fsm_node-3] [INFO] [1788950817.831717197] [fsm_node]:  -- [FRONTEND_RISK] listening topic=/planning/trajectory_risk_verdict result_max_age=0.200s source_max_age=0.750s enforce=true body_result_max_age=0.150s body_source_max_age=0.200s body_enforce=true
[fsm_node-3] [33m -- [Fsm] CLICKGOAL ENABLE.[0m
[fsm_node-3] [INFO] [1788950817.832723387] [fsm_node]: [32m -- [Fsm-Test] Begin.[0m
[fsm_node-3] [38;2;000;128;000m -- [Fsm]: [MainFsmCallback] change state from [INIT] to [WAIT_GOAL].
[fsm_node-3] [0m -- [Fsm] MAP_NOT_READY reason=scan_span accepted=6 committed=6 version=6 lag=0 span=0.700s cloud_age=0.200s committed_cloud_age=0.200s commit_age=0.191s in_progress=false
[fsm_node-3] [32m -- [Fsm 1.000] Current state: WAIT_GOAL[0m
[fsm_node-3]  -- [Fsm] MAP_READY accepted=8 committed=8 version=8 lag=0 span=1.100s cloud_age=0.010s committed_cloud_age=0.010s commit_age=0.004s in_progress=false
[fsm_node-3] [32m -- [Fsm] Get goal at [0m24.025 20.025  1.525
[fsm_node-3] [32m -- [Fsm] Receive click goal at: [24.025 20.025  1.525]; goal yaw: 0.000 deg[0m
[fsm_node-3] [INFO] [1788950818.963871900] [fsm_node]:  -- [OPTIMIZER_PHASE_MEMORY] optimizer=exp event=begin call=1 rss_mib=3095.461 swap_mib=0.000 variables=17 pieces=5
[fsm_node-3] [INFO] [1788950818.976035677] [fsm_node]:  -- [OPTIMIZER_PHASE_MEMORY] optimizer=exp event=end call=1 duration_ms=12.220 iterations=1047 ret=1 rss_mib=3095.469 swap_mib=0.000 rss_delta_mib=0.008
[fsm_node-3] [INFO] [1788950818.976089441] [fsm_node]:  -- [SUPER] in [PlanFromRest] GenerateExpTrajectory SUCCESS.
[fsm_node-3] [INFO] [1788950819.055181312] [fsm_node]:  -- [OPTIMIZER_PHASE_MEMORY] optimizer=backup event=begin call=1 rss_mib=3095.469 swap_mib=0.000 variables=18 pieces=2
[fsm_node-3] [INFO] [1788950819.059512099] [fsm_node]:  -- [OPTIMIZER_PHASE_MEMORY] optimizer=backup event=end call=1 duration_ms=4.381 iterations=820 ret=1 rss_mib=3095.469 swap_mib=0.000 rss_delta_mib=0.000
[fsm_node-3] [INFO] [1788950819.059588445] [fsm_node]:  -- [OPTIMIZER_PHASE_MEMORY] optimizer=backup event=begin call=2 rss_mib=3095.480 swap_mib=0.000 variables=18 pieces=2
[fsm_node-3] [INFO] [1788950819.063852131] [fsm_node]:  -- [OPTIMIZER_PHASE_MEMORY] optimizer=backup event=end call=2 duration_ms=4.263 iterations=703 ret=1 rss_mib=3095.480 swap_mib=0.000 rss_delta_mib=0.000
[fsm_node-3] [INFO] [1788950819.064155618] [fsm_node]:  -- [TRAJ_GUARD_COMMIT] phase=PlanFromRest/with_backup gen=1 map=8 samples=286 range=[0.111,1.530] escape=false footprint_egress=false escape_done_tt=-1.000
[perfect_drone_frontend_node-2] [WARN] [1788950819.135966994] [native_sector_cpp]: [FRONTEND_RISK_VERDICT] request=60 gen=1 cloud=40 status=OCCUPIED age=0.003s min=0.1441m body=3.2618m end=0.1441m compute=3.393ms
[fsm_node-3] [WARN] [1788950819.136319886] [fsm_node]:  -- [FRONTEND_RISK_VERDICT] request=60 gen=1 cloud=40 status=OCCUPIED source_age=0.003s compute=3.393ms min_dist=0.1441m body_dist=3.2618m end_dist=0.1441m witness_tt=0.760
[fsm_node-3] [ERROR] [1788950819.142748242] [fsm_node]:  -- [FRONTEND_RISK_ENFORCE] action=BRAKE request=60 gen=1 cloud=40 age=0.010s source_age=0.013s current_tt=0.190 witness_tt=0.760 min_dist=0.1441m
[fsm_node-3] [INFO] [1788950819.142806905] [fsm_node]:  -- [FULL_REFRESH_RECOVERY_GATE_ARM] min_request_seq=1
[fsm_node-3] [INFO] [1788950819.142855040] [fsm_node]:  -- [TRAJ_GUARD_RECOVERY_SIGNAL] active=true
[fsm_node-3] [ERROR] [1788950819.143675102] [fsm_node]:  -- [TRAJ_GUARD_BRAKE_REJECTED] trigger=frontend_risk_occupied searched=[0.400,3.000]s speed0=1.355 initial_source=fresh_command cmd_age=0.010s cmd_pos_err=0.000 cmd_vel_err=inf motion_speed=inf motion_dt=infs motion_pose_speed=inf motion_twist_speed=1.355 motion_disagreement=inf motion_source=none motion_gen=1/0 motion_gen_continuous=false last_dynamics_ok=false max_vel=8.493 vel_limit=7.000 max_acc=0.000 max_jerk=0.000 last_path_status=UNOBSERVED last_map=9 map_age=0.003s raw_status=DISABLED raw_cloud=0 raw_age=0.000s ciri_shadow=DISABLED ciri_shadow_result=0 ciri_shadow_queued=0 ciri_shadow_age=infs; no brake command published
[fsm_node-3] [ERROR] [1788950819.153682324] [fsm_node]:  -- [TRAJ_GUARD_BRAKE_REJECTED] trigger=emergency_stop_retry searched=[0.400,3.000]s speed0=1.355 initial_source=fresh_command cmd_age=0.020s cmd_pos_err=0.000 cmd_vel_err=1.355 motion_speed=0.000 motion_dt=0.010s motion_pose_speed=0.000 motion_twist_speed=1.355 motion_disagreement=1.355 motion_source=position_difference motion_gen=1/1 motion_gen_continuous=true last_dynamics_ok=false max_vel=8.493 vel_limit=7.000 max_acc=0.000 max_jerk=0.000 last_path_status=UNOBSERVED last_map=9 map_age=0.013s raw_status=DISABLED raw_cloud=0 raw_age=0.000s ciri_shadow=DISABLED ciri_shadow_result=0 ciri_shadow_queued=0 ciri_shadow_age=infs; no brake command published
[fsm_node-3] [INFO] [1788950819.232098374] [fsm_node]:  -- [FULL_REFRESH_RECOVERY_TARGET] request_seq=1 stamp_ns=1788950819231581140 already_acked=false map=0
[fsm_node-3] [ERROR] [1788950819.262807574] [fsm_node]:  -- [TRAJ_GUARD_BRAKE_REJECTED] trigger=emergency_stop_retry searched=[0.400,3.000]s speed0=0.000 initial_source=position_difference cmd_age=0.130s cmd_pos_err=0.000 cmd_vel_err=1.355 motion_speed=0.000 motion_dt=0.110s motion_pose_speed=0.000 motion_twist_speed=1.355 motion_disagreement=1.355 motion_source=position_difference motion_gen=1/1 motion_gen_continuous=true last_dynamics_ok=true max_vel=0.000 vel_limit=7.000 max_acc=0.000 max_jerk=0.000 last_path_status=SAFE last_map=9 map_age=0.122s raw_status=DISABLED raw_cloud=0 raw_age=infs ciri_shadow=DISABLED ciri_shadow_result=0 ciri_shadow_queued=0 ciri_shadow_age=infs; no brake command published
[fsm_node-3] [INFO] [1788950819.314525457] [fsm_node]:  -- [FULL_REFRESH_RECOVERY_ACK] request_seq=1 stamp_ns=1788950819231581140 map=10 committed=1
[perfect_drone_frontend_node-2] [WARN] [1788950819.335034606] [native_sector_cpp]: [FRONTEND_RISK_VERDICT] request=63 gen=1 cloud=42 status=OCCUPIED age=0.003s min=0.1474m body=2.6180m end=0.1474m compute=2.951ms
[fsm_node-3] [WARN] [1788950819.335302982] [fsm_node]:  -- [FRONTEND_RISK_VERDICT] request=63 gen=1 cloud=42 status=OCCUPIED source_age=0.003s compute=2.951ms min_dist=0.1474m body_dist=2.6180m end_dist=0.1474m witness_tt=0.759
[fsm_node-3] [ERROR] [1788950819.362896730] [fsm_node]:  -- [TRAJ_GUARD_BRAKE_REJECTED] trigger=emergency_stop_retry searched=[0.400,3.000]s speed0=0.000 initial_source=position_difference cmd_age=0.230s cmd_pos_err=0.000 cmd_vel_err=1.355 motion_speed=0.000 motion_dt=0.100s motion_pose_speed=0.000 motion_twist_speed=1.355 motion_disagreement=1.355 motion_source=position_difference motion_gen=1/1 motion_gen_continuous=true last_dynamics_ok=true max_vel=0.000 vel_limit=7.000 max_acc=0.000 max_jerk=0.000 last_path_status=SAFE last_map=11 map_age=0.011s raw_status=DISABLED raw_cloud=0 raw_age=infs ciri_shadow=DISABLED ciri_shadow_result=0 ciri_shadow_queued=0 ciri_shadow_age=infs; no brake command published
[fsm_node-3] [WARN] [1788950819.472822507] [fsm_node]:  -- [TRAJ_GUARD_STATIONARY_HOLD] trigger=emergency_stop_retry stable_for=0.320s displacement=0.000m action=publish_certified_hold
[fsm_node-3] [ERROR] [1788950819.472883443] [fsm_node]:  -- [TRAJ_GUARD_BRAKE] trigger=emergency_stop_retry duration=0.400s speed0=0.000 initial_source=position_difference cmd_age=0.340s cmd_pos_err=0.000 cmd_vel_err=1.355 motion_speed=0.000 motion_dt=0.110s motion_pose_speed=0.000 motion_twist_speed=1.355 motion_disagreement=1.355 motion_source=position_difference motion_gen=1/1 motion_gen_continuous=true max_vel=0.000 vel_limit=7.000 max_acc=0.000 max_jerk=0.000 dynamics_ok=true path_status=SAFE map=11 map_age=0.121s raw_status=DISABLED raw_cloud=0 raw_age=0.000s ciri_shadow=DISABLED ciri_shadow_result=0 ciri_shadow_queued=0 ciri_shadow_age=infs stop=[24.041,0.094,1.516]
[fsm_node-3] [INFO] [1788950819.497525917] [fsm_node]:  -- [OPTIMIZER_PHASE_MEMORY] optimizer=exp event=begin call=2 rss_mib=3102.387 swap_mib=0.000 variables=13 pieces=4
[fsm_node-3] [INFO] [1788950819.501688071] [fsm_node]:  -- [OPTIMIZER_PHASE_MEMORY] optimizer=exp event=end call=2 duration_ms=4.238 iterations=281 ret=1 rss_mib=3102.387 swap_mib=0.000 rss_delta_mib=0.000
[fsm_node-3] [INFO] [1788950819.501755411] [fsm_node]:  -- [SUPER] in [PlanFromRest] GenerateExpTrajectory SUCCESS.
[fsm_node-3] [INFO] [1788950819.582904856] [fsm_node]:  -- [OPTIMIZER_PHASE_MEMORY] optimizer=backup event=begin call=3 rss_mib=3102.789 swap_mib=0.000 variables=22 pieces=2
[fsm_node-3] [INFO] [1788950819.585927128] [fsm_node]:  -- [OPTIMIZER_PHASE_MEMORY] optimizer=backup event=end call=3 duration_ms=3.085 iterations=614 ret=1 rss_mib=3102.828 swap_mib=0.000 rss_delta_mib=0.039
[fsm_node-3] [INFO] [1788950819.586015853] [fsm_node]:  -- [OPTIMIZER_PHASE_MEMORY] optimizer=backup event=begin call=4 rss_mib=3102.840 swap_mib=0.000 variables=22 pieces=2
[fsm_node-3] [INFO] [1788950819.586532918] [fsm_node]:  -- [OPTIMIZER_PHASE_MEMORY] optimizer=backup event=end call=4 duration_ms=0.519 iterations=118 ret=1 rss_mib=3102.859 swap_mib=0.000 rss_delta_mib=0.020
[fsm_node-3] [INFO] [1788950819.586871488] [fsm_node]:  -- [TRAJ_GUARD_COMMIT] phase=PlanFromRest/with_backup gen=2 map=12 samples=299 range=[0.104,1.587] escape=false footprint_egress=false escape_done_tt=-1.000
[fsm_node-3] [INFO] [1788950819.587040602] [fsm_node]:  -- [TRAJ_GUARD_RECOVERY_SIGNAL] active=false
[fsm_node-3] [INFO] [1788950819.587046367] [fsm_node]:  -- [TRAJ_GUARD_RECOVERED] trigger=emergency_stop_retry gen=2 map=11
[fsm_node-3] [WARN] [1788950819.587254057] [fsm_node]:  -- [FRONTEND_RISK_ENFORCE] action=IGNORE request=63 result_gen=1 current_gen=2 age=0.255s source_age=0.258s result_tt=[0.379,1.379] current_tt=0.104 generation_match=false fresh=false source_fresh=true time_covered=false
[fsm_node-3] [INFO] [1788950819.700056121] [fsm_node]:  -- [OPTIMIZER_PHASE_MEMORY] optimizer=exp event=begin call=3 rss_mib=3102.859 swap_mib=0.000 variables=17 pieces=5
[fsm_node-3] [INFO] [1788950819.710782675] [fsm_node]:  -- [OPTIMIZER_PHASE_MEMORY] optimizer=exp event=end call=3 duration_ms=10.786 iterations=901 ret=1 rss_mib=3102.859 swap_mib=0.000 rss_delta_mib=0.000
[fsm_node-3] [38;2;000;128;000m -- [Fsm]: [MainFsmCallback] change state from [WAIT_GOAL] to [GENERATE_TRAJ].
[fsm_node-3] [0m -- [TRAJ_GUARD_CERT] trigger=poly_publish status=SAFE gen=1 map=8 map_age=0.125s map_age_limit=0.550s motion_speed=0.426mps samples=285 range=[0.111,1.530] collision_tt=-1.000 ttc=-1.000 p=[0.000,0.000,0.000]
[fsm_node-3] [38;2;000;128;000m -- [Fsm]: [MainFsmCallback] change state from [GENERATE_TRAJ] to [FOLLOW_TRAJ].
[fsm_node-3] [0m[38;2;000;128;000m -- [Fsm]: [TrajectoryGuardFailClosed] change state from [FOLLOW_TRAJ] to [EMER_STOP].
[fsm_node-3] [0m[38;2;000;128;000m -- [Fsm]: [TrajectoryGuard] change state from [EMER_STOP] to [EMER_STOP].
[fsm_node-3] [0m[38;2;000;128;000m -- [Fsm]: [TrajectoryGuardRecovery] change state from [EMER_STOP] to [GENERATE_TRAJ].
[fsm_node-3] [0m -- [TRAJ_GUARD_CERT] trigger=poly_publish status=SAFE gen=2 map=12 map_age=0.031s map_age_limit=0.550s motion_speed=0.000mps samples=298 range=[0.104,1.587] collision_tt=-1.000 ttc=-1.000 p=[0.000,0.000,0.000]
[fsm_node-3] [38;2;000;128;000m -- [Fsm]: [MainFsmCallback] change state from [GENERATE_TRAJ] to [FOLLOW_TRAJ].
[fsm_node-3] [0m[32m -- [Fsm] Get goal at [0m24.025000000000002 20.025000000000002  1.525000000000000
[fsm_node-3] [32m -- [Fsm] Receive click goal at: [24.025000000000002 20.025000000000002  1.525000000000000]; goal yaw: 0.000000000000000 deg[0m
[fsm_node-3] [INFO] [1788950819.793811297] [fsm_node]:  -- [OPTIMIZER_PHASE_MEMORY] optimizer=backup event=begin call=5 rss_mib=3103.141 swap_mib=0.000 variables=22 pieces=2
[fsm_node-3] [INFO] [1788950819.796054516] [fsm_node]:  -- [OPTIMIZER_PHASE_MEMORY] optimizer=backup event=end call=5 duration_ms=2.271 iterations=498 ret=1 rss_mib=3103.141 swap_mib=0.000 rss_delta_mib=0.000
[fsm_node-3] [INFO] [1788950819.796132827] [fsm_node]:  -- [OPTIMIZER_PHASE_MEMORY] optimizer=backup event=begin call=6 rss_mib=3103.141 swap_mib=0.000 variables=22 pieces=2
[fsm_node-3] [INFO] [1788950819.796659433] [fsm_node]:  -- [OPTIMIZER_PHASE_MEMORY] optimizer=backup event=end call=6 duration_ms=0.527 iterations=119 ret=1 rss_mib=3103.141 swap_mib=0.000 rss_delta_mib=0.000
[fsm_node-3] [WARN] [1788950819.796687102] [fsm_node]:  -- [SUPER] in [ReplanOnce]: Replan overtime, check parameters, replan dt = 0.115916277.
[perfect_drone_frontend_node-2] [INFO] [1788950819.803163469] [native_sector_cpp]: frames=46 published=25 kept 25.2% (4396/17437 pts/input-frame)
[fsm_node-3] [INFO] [1788950819.810710985] [fsm_node]:  -- [OPTIMIZER_PHASE_MEMORY] optimizer=exp event=begin call=4 rss_mib=3103.141 swap_mib=0.000 variables=17 pieces=5
[fsm_node-3]  -- [TRAJ_GUARD_CERT] trigger=main_pre status=SAFE gen=2 map=13 map_age=0.009s map_age_limit=0.532s motion_speed=2.869mps samples=263 range=[0.280,1.587] collision_tt=-1.000 ttc=-1.000 p=[0.000,0.000,0.000]
[fsm_node-3] [32m -- [Fsm 2.000] Current state: FOLLOW_TRAJ[0m
[fsm_node-3] [INFO] [1788950819.847353919] [fsm_node]:  -- [OPTIMIZER_PHASE_MEMORY] optimizer=exp event=end call=4 duration_ms=36.641 iterations=2737 ret=1 rss_mib=3103.148 swap_mib=0.000 rss_delta_mib=0.008
[fsm_node-3] [INFO] [1788950819.929532285] [fsm_node]:  -- [OPTIMIZER_PHASE_MEMORY] optimizer=backup event=begin call=7 rss_mib=3103.148 swap_mib=0.000 variables=38 pieces=2
[fsm_node-3] [INFO] [1788950819.931416174] [fsm_node]:  -- [OPTIMIZER_PHASE_MEMORY] optimizer=backup event=end call=7 duration_ms=1.917 iterations=297 ret=1 rss_mib=3103.172 swap_mib=0.000 rss_delta_mib=0.023
[fsm_node-3] [INFO] [1788950819.931523979] [fsm_node]:  -- [OPTIMIZER_PHASE_MEMORY] optimizer=backup event=begin call=8 rss_mib=3103.184 swap_mib=0.000 variables=38 pieces=2
[fsm_node-3] [INFO] [1788950819.934810860] [fsm_node]:  -- [OPTIMIZER_PHASE_MEMORY] optimizer=backup event=end call=8 duration_ms=3.237 iterations=408 ret=1 rss_mib=3103.371 swap_mib=0.000 rss_delta_mib=0.188
[fsm_node-3] [WARN] [1788950819.934876746] [fsm_node]:  -- [SUPER] in [ReplanOnce]: Replan overtime, check parameters, replan dt = 0.13783611.
[fsm_node-3] [INFO] [1788950819.948956899] [fsm_node]:  -- [OPTIMIZER_PHASE_MEMORY] optimizer=exp event=begin call=5 rss_mib=3103.375 swap_mib=0.000 variables=17 pieces=5
[fsm_node-3] [INFO] [1788950819.962386143] [fsm_node]:  -- [OPTIMIZER_PHASE_MEMORY] optimizer=exp event=end call=5 duration_ms=13.463 iterations=980 ret=1 rss_mib=3103.441 swap_mib=0.000 rss_delta_mib=0.066
[fsm_node-3] [INFO] [1788950820.041991929] [fsm_node]:  -- [OPTIMIZER_PHASE_MEMORY] optimizer=backup event=begin call=9 rss_mib=3103.477 swap_mib=0.000 variables=40 pieces=2
[fsm_node-3] [INFO] [1788950820.051921475] [fsm_node]:  -- [OPTIMIZER_PHASE_MEMORY] optimizer=backup event=end call=9 duration_ms=9.986 iterations=1006 ret=1 rss_mib=3103.605 swap_mib=0.000 rss_delta_mib=0.129
[fsm_node-3] [INFO] [1788950820.052026264] [fsm_node]:  -- [OPTIMIZER_PHASE_MEMORY] optimizer=backup event=begin call=10 rss_mib=3103.605 swap_mib=0.000 variables=40 pieces=2
[fsm_node-3] [INFO] [1788950820.054323849] [fsm_node]:  -- [OPTIMIZER_PHASE_MEMORY] optimizer=backup event=end call=10 duration_ms=2.297 iterations=320 ret=1 rss_mib=3103.605 swap_mib=0.000 rss_delta_mib=0.000
[fsm_node-3] [WARN] [1788950820.054355844] [fsm_node]:  -- [SUPER] in [ReplanOnce]: Replan overtime, check parameters, replan dt = 0.119247994.
[fsm_node-3] [INFO] [1788950820.067548624] [fsm_node]:  -- [OPTIMIZER_PHASE_MEMORY] optimizer=exp event=begin call=6 rss_mib=3103.605 swap_mib=0.000 variables=17 pieces=5
[fsm_node-3] [INFO] [1788950820.084910420] [fsm_node]:  -- [OPTIMIZER_PHASE_MEMORY] optimizer=exp event=end call=6 duration_ms=17.384 iterations=1386 ret=1 rss_mib=3103.605 swap_mib=0.000 rss_delta_mib=0.000
[perfect_drone_frontend_node-2] [INFO] [1788950820.132718592] [perfect_tracking]: [SENSOR_CADENCE_SUMMARY] frames=50 span_s=4.897768 hz=10.004556 raw_published=0 direct_handoffs=50 payload_bytes=29429568 side_entry_v1_enabled=0 side_entry_v1_spawned=0 side_entry_v1_injected_frames=0
[fsm_node-3] [INFO] [1788950820.164580282] [fsm_node]:  -- [OPTIMIZER_PHASE_MEMORY] optimizer=backup event=begin call=11 rss_mib=3103.668 swap_mib=0.000 variables=70 pieces=2
[fsm_node-3] [INFO] [1788950820.194486928] [fsm_node]:  -- [OPTIMIZER_PHASE_MEMORY] optimizer=backup event=end call=11 duration_ms=29.915 iterations=650 ret=1 rss_mib=3103.852 swap_mib=0.000 rss_delta_mib=0.184
[fsm_node-3] [INFO] [1788950820.194965116] [fsm_node]:  -- [OPTIMIZER_PHASE_MEMORY] optimizer=backup event=begin call=12 rss_mib=3103.863 swap_mib=0.000 variables=70 pieces=2
[fsm_node-3] [INFO] [1788950820.228359435] [fsm_node]:  -- [OPTIMIZER_PHASE_MEMORY] optimizer=backup event=end call=12 duration_ms=33.378 iterations=719 ret=1 rss_mib=3103.863 swap_mib=0.000 rss_delta_mib=0.000
[fsm_node-3] [WARN] [1788950820.228417630] [fsm_node]:  -- [SUPER] in [ReplanOnce]: Replan overtime, check parameters, replan dt = 0.173745484.
[fsm_node-3] [INFO] [1788950820.243087998] [fsm_node]:  -- [OPTIMIZER_PHASE_MEMORY] optimizer=exp event=begin call=7 rss_mib=3103.863 swap_mib=0.000 variables=17 pieces=5
[fsm_node-3] [INFO] [1788950820.253896106] [fsm_node]:  -- [OPTIMIZER_PHASE_MEMORY] optimizer=exp event=end call=7 duration_ms=10.841 iterations=776 ret=1 rss_mib=3103.863 swap_mib=0.000 rss_delta_mib=0.000
[fsm_node-3] [INFO] [1788950820.340137457] [fsm_node]:  -- [OPTIMIZER_PHASE_MEMORY] optimizer=backup event=begin call=13 rss_mib=3104.707 swap_mib=0.000 variables=26 pieces=2
[fsm_node-3] [INFO] [1788950820.343290702] [fsm_node]:  -- [OPTIMIZER_PHASE_MEMORY] optimizer=backup event=end call=13 duration_ms=3.181 iterations=545 ret=1 rss_mib=3104.742 swap_mib=0.000 rss_delta_mib=0.035
[fsm_node-3] [INFO] [1788950820.343430336] [fsm_node]:  -- [OPTIMIZER_PHASE_MEMORY] optimizer=backup event=begin call=14 rss_mib=3104.742 swap_mib=0.000 variables=26 pieces=2
[fsm_node-3] [INFO] [1788950820.348580409] [fsm_node]:  -- [OPTIMIZER_PHASE_MEMORY] optimizer=backup event=end call=14 duration_ms=5.155 iterations=716 ret=1 rss_mib=3104.750 swap_mib=0.000 rss_delta_mib=0.008
[fsm_node-3] [WARN] [1788950820.348617993] [fsm_node]:  -- [SUPER] in [ReplanOnce]: Replan overtime, check parameters, replan dt = 0.119944051.
[fsm_node-3] [INFO] [1788950820.364478013] [fsm_node]:  -- [OPTIMIZER_PHASE_MEMORY] optimizer=exp event=begin call=8 rss_mib=3104.750 swap_mib=0.000 variables=17 pieces=5
[fsm_node-3] [INFO] [1788950820.374887115] [fsm_node]:  -- [OPTIMIZER_PHASE_MEMORY] optimizer=exp event=end call=8 duration_ms=10.452 iterations=782 ret=1 rss_mib=3104.750 swap_mib=0.000 rss_delta_mib=0.000
[fsm_node-3] [INFO] [1788950820.458017030] [fsm_node]:  -- [OPTIMIZER_PHASE_MEMORY] optimizer=backup event=begin call=15 rss_mib=3104.750 swap_mib=0.000 variables=18 pieces=2
[fsm_node-3] [INFO] [1788950820.459039929] [fsm_node]:  -- [OPTIMIZER_PHASE_MEMORY] optimizer=backup event=end call=15 duration_ms=1.055 iterations=269 ret=1 rss_mib=3104.750 swap_mib=0.000 rss_delta_mib=0.000
[fsm_node-3] [INFO] [1788950820.459099117] [fsm_node]:  -- [OPTIMIZER_PHASE_MEMORY] optimizer=backup event=begin call=16 rss_mib=3104.750 swap_mib=0.000 variables=18 pieces=2
[fsm_node-3] [INFO] [1788950820.461699852] [fsm_node]:  -- [OPTIMIZER_PHASE_MEMORY] optimizer=backup event=end call=16 duration_ms=2.600 iterations=524 ret=1 rss_mib=3104.750 swap_mib=0.000 rss_delta_mib=0.000
[fsm_node-3] [WARN] [1788950820.461728873] [fsm_node]:  -- [SUPER] in [ReplanOnce]: Replan overtime, check parameters, replan dt = 0.112710783.
[fsm_node-3] [INFO] [1788950820.473532563] [fsm_node]:  -- [OPTIMIZER_PHASE_MEMORY] optimizer=exp event=begin call=9 rss_mib=3104.750 swap_mib=0.000 variables=17 pieces=5
[fsm_node-3] [INFO] [1788950820.475175435] [fsm_node]:  -- [OPTIMIZER_PHASE_MEMORY] optimizer=exp event=end call=9 duration_ms=1.694 iterations=167 ret=1 rss_mib=3104.750 swap_mib=0.000 rss_delta_mib=0.000
[fsm_node-3] [INFO] [1788950820.551681207] [fsm_node]:  -- [OPTIMIZER_PHASE_MEMORY] optimizer=backup event=begin call=17 rss_mib=3104.750 swap_mib=0.000 variables=18 pieces=2
[fsm_node-3] [INFO] [1788950820.552999658] [fsm_node]:  -- [OPTIMIZER_PHASE_MEMORY] optimizer=backup event=end call=17 duration_ms=1.388 iterations=322 ret=1 rss_mib=3104.750 swap_mib=0.000 rss_delta_mib=0.000
[fsm_node-3] [INFO] [1788950820.553108284] [fsm_node]:  -- [OPTIMIZER_PHASE_MEMORY] optimizer=backup event=begin call=18 rss_mib=3104.750 swap_mib=0.000 variables=18 pieces=2
[fsm_node-3] [INFO] [1788950820.555156120] [fsm_node]:  -- [OPTIMIZER_PHASE_MEMORY] optimizer=backup event=end call=18 duration_ms=2.048 iterations=429 ret=1 rss_mib=3104.750 swap_mib=0.000 rss_delta_mib=0.000
[fsm_node-3] [WARN] [1788950820.555187335] [fsm_node]:  -- [SUPER] in [ReplanOnce]: Replan overtime, check parameters, replan dt = 0.093229245.
[fsm_node-3] [INFO] [1788950820.569450133] [fsm_node]:  -- [OPTIMIZER_PHASE_MEMORY] optimizer=exp event=begin call=10 rss_mib=3104.750 swap_mib=0.000 variables=17 pieces=5
[fsm_node-3] [INFO] [1788950820.571877088] [fsm_node]:  -- [OPTIMIZER_PHASE_MEMORY] optimizer=exp event=end call=10 duration_ms=2.480 iterations=228 ret=1 rss_mib=3104.750 swap_mib=0.000 rss_delta_mib=0.000
[fsm_node-3] [INFO] [1788950820.645673242] [fsm_node]:  -- [OPTIMIZER_PHASE_MEMORY] optimizer=backup event=begin call=19 rss_mib=3104.750 swap_mib=0.000 variables=18 pieces=2
[fsm_node-3] [INFO] [1788950820.653072544] [fsm_node]:  -- [OPTIMIZER_PHASE_MEMORY] optimizer=backup event=end call=19 duration_ms=7.460 iterations=1199 ret=1 rss_mib=3104.750 swap_mib=0.000 rss_delta_mib=0.000
[fsm_node-3] [INFO] [1788950820.653150737] [fsm_node]:  -- [OPTIMIZER_PHASE_MEMORY] optimizer=backup event=begin call=20 rss_mib=3104.750 swap_mib=0.000 variables=18 pieces=2
[fsm_node-3] [INFO] [1788950820.655807780] [fsm_node]:  -- [OPTIMIZER_PHASE_MEMORY] optimizer=backup event=end call=20 duration_ms=2.656 iterations=516 ret=1 rss_mib=3104.750 swap_mib=0.000 rss_delta_mib=0.000
[fsm_node-3] [WARN] [1788950820.655839146] [fsm_node]:  -- [SUPER] in [ReplanOnce]: Replan overtime, check parameters, replan dt = 0.100404715.
[fsm_node-3] [INFO] [1788950820.667935097] [fsm_node]:  -- [OPTIMIZER_PHASE_MEMORY] optimizer=exp event=begin call=11 rss_mib=3104.750 swap_mib=0.000 variables=13 pieces=4
[fsm_node-3] [INFO] [1788950820.671508696] [fsm_node]:  -- [OPTIMIZER_PHASE_MEMORY] optimizer=exp event=end call=11 duration_ms=3.609 iterations=415 ret=1 rss_mib=3104.754 swap_mib=0.000 rss_delta_mib=0.004
[fsm_node-3]  -- [TRAJ_GUARD_CERT] trigger=main_pre status=SAFE gen=2 map=14 map_age=0.007s map_age_limit=0.500s motion_speed=6.110mps samples=223 range=[0.480,1.587] collision_tt=-1.000 ttc=-1.000 p=[0.000,0.000,0.000]
[fsm_node-3]  -- [TRAJ_GUARD_CERT] trigger=main_pre status=SAFE gen=2 map=15 map_age=0.006s map_age_limit=0.500s motion_speed=6.998mps samples=183 range=[0.680,1.587] collision_tt=-1.000 ttc=-1.000 p=[0.000,0.000,0.000]
[fsm_node-3]  -- [TRAJ_GUARD_CERT] trigger=main_pre status=SAFE gen=2 map=16 map_age=0.004s map_age_limit=0.500s motion_speed=6.713mps samples=143 range=[0.880,1.587] collision_tt=-1.000 ttc=-1.000 p=[0.000,0.000,0.000]
[fsm_node-3]  -- [TRAJ_GUARD_CERT] trigger=main_pre status=SAFE gen=2 map=17 map_age=0.006s map_age_limit=0.500s motion_speed=6.633mps samples=103 range=[1.080,1.587] collision_tt=-1.000 ttc=-1.000 p=[0.000,0.000,0.000]
[fsm_node-3] [32m -- [Fsm] Get goal at [0m24.025000000000002 20.025000000000002  1.525000000000000
[fsm_node-3] [32m -- [Fsm] Receive click goal at: [24.025000000000002 20.025000000000002  1.525000000000000]; goal yaw: 0.000000000000000 deg[0m
[fsm_node-3] [INFO] [1788950820.747346564] [fsm_node]:  -- [OPTIMIZER_PHASE_MEMORY] optimizer=backup event=begin call=21 rss_mib=3104.871 swap_mib=0.000 variables=18 pieces=2
[fsm_node-3] [INFO] [1788950820.748547442] [fsm_node]:  -- [OPTIMIZER_PHASE_MEMORY] optimizer=backup event=end call=21 duration_ms=1.266 iterations=280 ret=1 rss_mib=3104.871 swap_mib=0.000 rss_delta_mib=0.000
[fsm_node-3] [INFO] [1788950820.748637063] [fsm_node]:  -- [OPTIMIZER_PHASE_MEMORY] optimizer=backup event=begin call=22 rss_mib=3104.883 swap_mib=0.000 variables=18 pieces=2
[fsm_node-3] [INFO] [1788950820.749666183] [fsm_node]:  -- [OPTIMIZER_PHASE_MEMORY] optimizer=backup event=end call=22 duration_ms=1.030 iterations=252 ret=1 rss_mib=3104.883 swap_mib=0.000 rss_delta_mib=0.000
[fsm_node-3] [WARN] [1788950820.749695901] [fsm_node]:  -- [SUPER] in [ReplanOnce]: Replan overtime, check parameters, replan dt = 0.093527616.
[fsm_node-3] [INFO] [1788950820.762362686] [fsm_node]:  -- [OPTIMIZER_PHASE_MEMORY] optimizer=exp event=begin call=12 rss_mib=3104.883 swap_mib=0.000 variables=17 pieces=5
[fsm_node-3] [INFO] [1788950820.772063148] [fsm_node]:  -- [OPTIMIZER_PHASE_MEMORY] optimizer=exp event=end call=12 duration_ms=9.725 iterations=781 ret=1 rss_mib=3104.883 swap_mib=0.000 rss_delta_mib=0.000
[fsm_node-3] [INFO] [1788950820.849999154] [fsm_node]:  -- [OPTIMIZER_PHASE_MEMORY] optimizer=backup event=begin call=23 rss_mib=3104.883 swap_mib=0.000 variables=18 pieces=2
[fsm_node-3] [INFO] [1788950820.851719422] [fsm_node]:  -- [OPTIMIZER_PHASE_MEMORY] optimizer=backup event=end call=23 duration_ms=1.766 iterations=360 ret=1 rss_mib=3104.883 swap_mib=0.000 rss_delta_mib=0.000
[fsm_node-3] [INFO] [1788950820.851791065] [fsm_node]:  -- [OPTIMIZER_PHASE_MEMORY] optimizer=backup event=begin call=24 rss_mib=3104.883 swap_mib=0.000 variables=18 pieces=2
[fsm_node-3]  -- [TRAJ_GUARD_CERT] trigger=main_pre status=SAFE gen=2 map=18 map_age=0.006s map_age_limit=0.500s motion_speed=4.149mps samples=63 range=[1.280,1.587] collision_tt=-1.000 ttc=-1.000 p=[0.000,0.000,0.000]
[fsm_node-3] [32m -- [Fsm 3.010] Current state: FOLLOW_TRAJ[0m
[fsm_node-3] [INFO] [1788950820.853749996] [fsm_node]:  -- [OPTIMIZER_PHASE_MEMORY] optimizer=backup event=end call=24 duration_ms=1.958 iterations=404 ret=1 rss_mib=3104.883 swap_mib=0.000 rss_delta_mib=0.000
[fsm_node-3] [WARN] [1788950820.853785405] [fsm_node]:  -- [SUPER] in [ReplanOnce]: Replan overtime, check parameters, replan dt = 0.103804355.
[fsm_node-3] [INFO] [1788950820.866235761] [fsm_node]:  -- [OPTIMIZER_PHASE_MEMORY] optimizer=exp event=begin call=13 rss_mib=3104.883 swap_mib=0.000 variables=17 pieces=5
[fsm_node-3] [INFO] [1788950820.873306892] [fsm_node]:  -- [OPTIMIZER_PHASE_MEMORY] optimizer=exp event=end call=13 duration_ms=7.110 iterations=605 ret=1 rss_mib=3104.883 swap_mib=0.000 rss_delta_mib=0.000
[fsm_node-3] [INFO] [1788950820.953302095] [fsm_node]:  -- [OPTIMIZER_PHASE_MEMORY] optimizer=backup event=begin call=25 rss_mib=3104.969 swap_mib=0.000 variables=18 pieces=2
[fsm_node-3] [INFO] [1788950820.956421376] [fsm_node]:  -- [OPTIMIZER_PHASE_MEMORY] optimizer=backup event=end call=25 duration_ms=3.149 iterations=568 ret=1 rss_mib=3104.969 swap_mib=0.000 rss_delta_mib=0.000
[fsm_node-3] [INFO] [1788950820.956505535] [fsm_node]:  -- [OPTIMIZER_PHASE_MEMORY] optimizer=backup event=begin call=26 rss_mib=3104.969 swap_mib=0.000 variables=18 pieces=2
[fsm_node-3] [INFO] [1788950820.957019839] [fsm_node]:  -- [OPTIMIZER_PHASE_MEMORY] optimizer=backup event=end call=26 duration_ms=0.515 iterations=131 ret=1 rss_mib=3104.969 swap_mib=0.000 rss_delta_mib=0.000
[fsm_node-3] [WARN] [1788950820.957052477] [fsm_node]:  -- [SUPER] in [ReplanOnce]: Replan overtime, check parameters, replan dt = 0.103003227.
[fsm_node-3] [INFO] [1788950820.969444342] [fsm_node]:  -- [OPTIMIZER_PHASE_MEMORY] optimizer=exp event=begin call=14 rss_mib=3104.969 swap_mib=0.000 variables=17 pieces=5
[fsm_node-3] [INFO] [1788950820.982896981] [fsm_node]:  -- [OPTIMIZER_PHASE_MEMORY] optimizer=exp event=end call=14 duration_ms=13.501 iterations=1030 ret=1 rss_mib=3104.969 swap_mib=0.000 rss_delta_mib=0.000
[fsm_node-3] [INFO] [1788950821.061712889] [fsm_node]:  -- [OPTIMIZER_PHASE_MEMORY] optimizer=backup event=begin call=27 rss_mib=3104.969 swap_mib=0.000 variables=18 pieces=2
[fsm_node-3] [INFO] [1788950821.067107578] [fsm_node]:  -- [OPTIMIZER_PHASE_MEMORY] optimizer=backup event=end call=27 duration_ms=5.424 iterations=917 ret=1 rss_mib=3104.969 swap_mib=0.000 rss_delta_mib=0.000
[fsm_node-3] [INFO] [1788950821.067169815] [fsm_node]:  -- [OPTIMIZER_PHASE_MEMORY] optimizer=backup event=begin call=28 rss_mib=3104.969 swap_mib=0.000 variables=18 pieces=2
[fsm_node-3] [INFO] [1788950821.067688902] [fsm_node]:  -- [OPTIMIZER_PHASE_MEMORY] optimizer=backup event=end call=28 duration_ms=0.519 iterations=140 ret=1 rss_mib=3104.969 swap_mib=0.000 rss_delta_mib=0.000
[fsm_node-3] [WARN] [1788950821.067713195] [fsm_node]:  -- [SUPER] in [ReplanOnce]: Replan overtime, check parameters, replan dt = 0.110366066.
[fsm_node-3] [INFO] [1788950821.068472976] [fsm_node]:  -- [TRAJ_GUARD_COMMIT] phase=ReplanOnce/no_backup gen=3 map=19 samples=18 range=[1.586,1.665] escape=false footprint_egress=false escape_done_tt=-1.000
[fsm_node-3]  -- [TRAJ_GUARD_CERT] trigger=main_pre status=SAFE gen=2 map=19 map_age=0.011s map_age_limit=0.550s motion_speed=0.758mps samples=21 range=[1.490,1.587] collision_tt=-1.000 ttc=-1.000 p=[0.000,0.000,0.000]
[fsm_node-3] [32m -- [Fsm] ReplanOnce succeed.[0m
[fsm_node-3] [INFO] [1788950821.133361751] [fsm_node]:  -- [TRAJ_GUARD_COMMIT] phase=ReplanOnce/no_backup gen=4 map=19 samples=5 range=[1.650,1.665] escape=false footprint_egress=false escape_done_tt=-1.000
[fsm_node-3]  -- [TRAJ_GUARD_CERT] trigger=poly_publish status=SAFE gen=3 map=19 map_age=0.107s map_age_limit=0.550s motion_speed=0.000mps samples=17 range=[1.586,1.665] collision_tt=-1.000 ttc=-1.000 p=[0.000,0.000,0.000]
[fsm_node-3] [32m -- [Fsm] ReplanOnce succeed.[0m
[fsm_node-3]  -- [TRAJ_GUARD_CERT] trigger=poly_publish status=SAFE gen=4 map=19 map_age=0.171s map_age_limit=0.550s motion_speed=0.002mps samples=4 range=[1.651,1.665] collision_tt=-1.000 ttc=-1.000 p=[0.000,0.000,0.000]
[fsm_node-3] [32m -- [Fsm] Traj finish.[0m
[fsm_node-3] [WARN] [1788950821.162786796] [fsm_node]:  -- [TRAJ_GUARD_RECOVERY_EPISODE_RESET] reason=horizontal_progress progress=7.150m threshold=2.000m prior_local=0 prior_vertical=0 prior_base=0
[fsm_node-3] [INFO] [1788950821.172725880] [fsm_node]:  -- [OPTIMIZER_PHASE_MEMORY] optimizer=exp event=begin call=15 rss_mib=3104.969 swap_mib=0.000 variables=17 pieces=5
[fsm_node-3] [INFO] [1788950821.179368678] [fsm_node]:  -- [OPTIMIZER_PHASE_MEMORY] optimizer=exp event=end call=15 duration_ms=6.688 iterations=645 ret=1 rss_mib=3104.969 swap_mib=0.000 rss_delta_mib=0.000
[fsm_node-3] [INFO] [1788950821.179423200] [fsm_node]:  -- [SUPER] in [PlanFromRest] GenerateExpTrajectory SUCCESS.
[fsm_node-3] [INFO] [1788950821.250204609] [fsm_node]:  -- [OPTIMIZER_PHASE_MEMORY] optimizer=backup event=begin call=29 rss_mib=3104.969 swap_mib=0.000 variables=18 pieces=2
[fsm_node-3] [INFO] [1788950821.250796656] [fsm_node]:  -- [OPTIMIZER_PHASE_MEMORY] optimizer=backup event=end call=29 duration_ms=0.666 iterations=138 ret=1 rss_mib=3104.969 swap_mib=0.000 rss_delta_mib=0.000
[fsm_node-3] [INFO] [1788950821.250860154] [fsm_node]:  -- [OPTIMIZER_PHASE_MEMORY] optimizer=backup event=begin call=30 rss_mib=3104.969 swap_mib=0.000 variables=18 pieces=2
[fsm_node-3] [INFO] [1788950821.251120208] [fsm_node]:  -- [OPTIMIZER_PHASE_MEMORY] optimizer=backup event=end call=30 duration_ms=0.260 iterations=70 ret=1 rss_mib=3104.969 swap_mib=0.000 rss_delta_mib=0.000
[fsm_node-3] [INFO] [1788950821.251514552] [fsm_node]:  -- [TRAJ_GUARD_COMMIT] phase=PlanFromRest/with_backup gen=5 map=20 samples=513 range=[0.088,2.640] escape=false footprint_egress=false escape_done_tt=-1.000
[fsm_node-3] [INFO] [1788950821.355612108] [fsm_node]:  -- [OPTIMIZER_PHASE_MEMORY] optimizer=exp event=begin call=16 rss_mib=3105.160 swap_mib=0.000 variables=13 pieces=4
[fsm_node-3] [INFO] [1788950821.358444656] [fsm_node]:  -- [OPTIMIZER_PHASE_MEMORY] optimizer=exp event=end call=16 duration_ms=2.887 iterations=344 ret=1 rss_mib=3105.160 swap_mib=0.000 rss_delta_mib=0.000
[fsm_node-3] [INFO] [1788950821.435341275] [fsm_node]:  -- [OPTIMIZER_PHASE_MEMORY] optimizer=backup event=begin call=31 rss_mib=3105.160 swap_mib=0.000 variables=18 pieces=2
[fsm_node-3] [INFO] [1788950821.435714626] [fsm_node]:  -- [OPTIMIZER_PHASE_MEMORY] optimizer=backup event=end call=31 duration_ms=0.437 iterations=72 ret=1 rss_mib=3105.160 swap_mib=0.000 rss_delta_mib=0.000
[fsm_node-3] [WARN] [1788950821.435720111] [fsm_node]:  -- [BackOpt] Opt failed, Omg or thr or Pos violation.
[fsm_node-3] [38;2;000;128;000m -- [Fsm]: [PubCmdCallback] change state from [FOLLOW_TRAJ] to [GENERATE_TRAJ].
[fsm_node-3] [0m -- [TRAJ_GUARD_CERT] trigger=poly_publish status=SAFE gen=5 map=20 map_age=0.096s map_age_limit=0.550s motion_speed=0.000mps samples=512 range=[0.089,2.640] collision_tt=-1.000 ttc=-1.000 p=[0.000,0.000,0.000]
[fsm_node-3] [38;2;000;128;000m -- [Fsm]: [MainFsmCallback] change state from [GENERATE_TRAJ] to [FOLLOW_TRAJ].
[fsm_node-3] [0m -- [TRAJ_GUARD_CERT] trigger=main_pre status=SAFE gen=5 map=21 map_age=0.004s map_age_limit=0.550s motion_speed=1.567mps samples=490 range=[0.200,2.640] collision_tt=-1.000 ttc=-1.000 p=[0.000,0.000,0.000]
[fsm_node-3] [33m -- [MINCO] TrajOpt failed, (unknown)[0m
[fsm_node-3] [33m -- [SUPER] Minco backup_traj opt failed.[0m
[fsm_node-3] [INFO] [1788950821.435762221] [fsm_node]:  -- [OPTIMIZER_PHASE_MEMORY] optimizer=backup event=begin call=32 rss_mib=3105.160 swap_mib=0.000 variables=18 pieces=2
[fsm_node-3] [INFO] [1788950821.461423847] [fsm_node]:  -- [OPTIMIZER_PHASE_MEMORY] optimizer=backup event=end call=32 duration_ms=25.648 iterations=3790 ret=-1008 rss_mib=3105.160 swap_mib=0.000 rss_delta_mib=0.000
[fsm_node-3] [WARN] [1788950821.461437348] [fsm_node]:  -- [SUPER] OptimizationBakTrajInPolytopes failed, force return
[fsm_node-3] [WARN] [1788950821.461445419] [fsm_node]:  -- [SUPER] in [ReplanOnce]: Replan overtime, check parameters, replan dt = 0.130627488.
[fsm_node-3] [33m -- [MINCO] TrajOpt failed, The algorithm routine reaches the maximum number of iterations.[0m
[fsm_node-3] [33m -- [SUPER] Minco backup_traj opt failed.[0m
[fsm_node-3] [INFO] [1788950821.481449064] [fsm_node]:  -- [OPTIMIZER_PHASE_MEMORY] optimizer=exp event=begin call=17 rss_mib=3105.160 swap_mib=0.000 variables=13 pieces=4
[fsm_node-3] [INFO] [1788950821.490463922] [fsm_node]:  -- [OPTIMIZER_PHASE_MEMORY] optimizer=exp event=end call=17 duration_ms=9.016 iterations=949 ret=1 rss_mib=3105.160 swap_mib=0.000 rss_delta_mib=0.000
[fsm_node-3] [INFO] [1788950821.575407807] [fsm_node]:  -- [OPTIMIZER_PHASE_MEMORY] optimizer=backup event=begin call=33 rss_mib=3105.160 swap_mib=0.000 variables=18 pieces=2
[fsm_node-3] [INFO] [1788950821.575809951] [fsm_node]:  -- [OPTIMIZER_PHASE_MEMORY] optimizer=backup event=end call=33 duration_ms=0.437 iterations=84 ret=1 rss_mib=3105.160 swap_mib=0.000 rss_delta_mib=0.000
[fsm_node-3] [WARN] [1788950821.575814633] [fsm_node]:  -- [BackOpt] Opt failed, Omg or thr or Pos violation.
[fsm_node-3] [INFO] [1788950821.575853370] [fsm_node]:  -- [OPTIMIZER_PHASE_MEMORY] optimizer=backup event=begin call=34 rss_mib=3105.160 swap_mib=0.000 variables=18 pieces=2
[fsm_node-3]  -- [TRAJ_GUARD_CERT] trigger=main_pre status=SAFE gen=5 map=22 map_age=0.005s map_age_limit=0.500s motion_speed=5.217mps samples=450 range=[0.400,2.640] collision_tt=-1.000 ttc=-1.000 p=[0.000,0.000,0.000]
[fsm_node-3] [33m -- [MINCO] TrajOpt failed, (unknown)[0m
[fsm_node-3] [33m -- [SUPER] Minco backup_traj opt failed.[0m
[fsm_node-3] [INFO] [1788950821.577405829] [fsm_node]:  -- [OPTIMIZER_PHASE_MEMORY] optimizer=backup event=end call=34 duration_ms=1.550 iterations=342 ret=1 rss_mib=3105.160 swap_mib=0.000 rss_delta_mib=0.000
[fsm_node-3] [WARN] [1788950821.577436295] [fsm_node]:  -- [SUPER] OptimizationBakTrajInPolytopes failed, force return
[fsm_node-3] [WARN] [1788950821.577444789] [fsm_node]:  -- [SUPER] in [ReplanOnce]: Replan overtime, check parameters, replan dt = 0.115749832.
[fsm_node-3] [INFO] [1788950821.596803015] [fsm_node]:  -- [OPTIMIZER_PHASE_MEMORY] optimizer=exp event=begin call=18 rss_mib=3105.160 swap_mib=0.000 variables=13 pieces=4
[fsm_node-3] [INFO] [1788950821.622660575] [fsm_node]:  -- [OPTIMIZER_PHASE_MEMORY] optimizer=exp event=end call=18 duration_ms=25.889 iterations=2602 ret=1 rss_mib=3105.160 swap_mib=0.000 rss_delta_mib=0.000
[fsm_node-3] [INFO] [1788950821.700742375] [fsm_node]:  -- [OPTIMIZER_PHASE_MEMORY] optimizer=backup event=begin call=35 rss_mib=3105.160 swap_mib=0.000 variables=18 pieces=2
[fsm_node-3] [INFO] [1788950821.701133442] [fsm_node]:  -- [OPTIMIZER_PHASE_MEMORY] optimizer=backup event=end call=35 duration_ms=0.445 iterations=85 ret=1 rss_mib=3105.160 swap_mib=0.000 rss_delta_mib=0.000
[fsm_node-3] [WARN] [1788950821.701137836] [fsm_node]:  -- [BackOpt] Opt failed, Omg or thr or Pos violation.
[fsm_node-3] [INFO] [1788950821.701181285] [fsm_node]:  -- [OPTIMIZER_PHASE_MEMORY] optimizer=backup event=begin call=36 rss_mib=3105.160 swap_mib=0.000 variables=18 pieces=2
[fsm_node-3] [33m -- [MINCO] TrajOpt failed, (unknown)[0m
[fsm_node-3] [33m -- [SUPER] Minco backup_traj opt failed.[0m
[fsm_node-3] [INFO] [1788950821.701536877] [fsm_node]:  -- [OPTIMIZER_PHASE_MEMORY] optimizer=backup event=end call=36 duration_ms=0.355 iterations=80 ret=1 rss_mib=3105.160 swap_mib=0.000 rss_delta_mib=0.000
[fsm_node-3] [WARN] [1788950821.701540380] [fsm_node]:  -- [BackOpt] Opt failed, Omg or thr or Pos violation.
[fsm_node-3] [WARN] [1788950821.701545463] [fsm_node]:  -- [SUPER] OptimizationBakTrajInPolytopes failed, force return
[fsm_node-3] [WARN] [1788950821.701552881] [fsm_node]:  -- [SUPER] in [ReplanOnce]: Replan overtime, check parameters, replan dt = 0.123853515.
[fsm_node-3] [33m -- [MINCO] TrajOpt failed, (unknown)[0m
[fsm_node-3] [33m -- [SUPER] Minco backup_traj opt failed.[0m
[fsm_node-3] [INFO] [1788950821.718975703] [fsm_node]:  -- [OPTIMIZER_PHASE_MEMORY] optimizer=exp event=begin call=19 rss_mib=3105.160 swap_mib=0.000 variables=13 pieces=4
[fsm_node-3] [INFO] [1788950821.722830753] [fsm_node]:  -- [OPTIMIZER_PHASE_MEMORY] optimizer=exp event=end call=19 duration_ms=3.910 iterations=459 ret=1 rss_mib=3105.160 swap_mib=0.000 rss_delta_mib=0.000
[fsm_node-3] [32m -- [Fsm] Get goal at [0m24.025000000000002 20.025000000000002  1.525000000000000
[fsm_node-3] [32m -- [Fsm] Receive click goal at: [24.025000000000002 20.025000000000002  1.525000000000000]; goal yaw: 0.000000000000000 deg[0m
[fsm_node-3] [INFO] [1788950821.807396264] [fsm_node]:  -- [OPTIMIZER_PHASE_MEMORY] optimizer=backup event=begin call=37 rss_mib=3105.160 swap_mib=0.000 variables=18 pieces=2
[fsm_node-3] [INFO] [1788950821.811712040] [fsm_node]:  -- [OPTIMIZER_PHASE_MEMORY] optimizer=backup event=end call=37 duration_ms=4.380 iterations=782 ret=1 rss_mib=3105.160 swap_mib=0.000 rss_delta_mib=0.000
[fsm_node-3] [INFO] [1788950821.811782572] [fsm_node]:  -- [OPTIMIZER_PHASE_MEMORY] optimizer=backup event=begin call=38 rss_mib=3105.160 swap_mib=0.000 variables=18 pieces=2
[fsm_node-3] [INFO] [1788950821.829675513] [fsm_node]:  -- [OPTIMIZER_PHASE_MEMORY] optimizer=backup event=end call=38 duration_ms=17.881 iterations=2481 ret=1 rss_mib=3105.160 swap_mib=0.000 rss_delta_mib=0.000
[fsm_node-3] [WARN] [1788950821.829716305] [fsm_node]:  -- [SUPER] in [ReplanOnce]: Replan overtime, check parameters, replan dt = 0.127954435.
[fsm_node-3] [INFO] [1788950821.842294555] [fsm_node]:  -- [OPTIMIZER_PHASE_MEMORY] optimizer=exp event=begin call=20 rss_mib=3105.160 swap_mib=0.000 variables=17 pieces=5
[fsm_node-3]  -- [TRAJ_GUARD_CERT] trigger=main_pre status=SAFE gen=5 map=23 map_age=0.006s map_age_limit=0.500s motion_speed=6.748mps samples=410 range=[0.600,2.640] collision_tt=-1.000 ttc=-1.000 p=[0.000,0.000,0.000]
[fsm_node-3] [32m -- [Fsm 4.020] Current state: FOLLOW_TRAJ[0m
[fsm_node-3] [INFO] [1788950821.863975167] [fsm_node]:  -- [OPTIMIZER_PHASE_MEMORY] optimizer=exp event=end call=20 duration_ms=21.727 iterations=1807 ret=1 rss_mib=3105.160 swap_mib=0.000 rss_delta_mib=0.000
[fsm_node-3] [INFO] [1788950821.947006924] [fsm_node]:  -- [OPTIMIZER_PHASE_MEMORY] optimizer=backup event=begin call=39 rss_mib=3105.223 swap_mib=0.000 variables=18 pieces=2
[fsm_node-3] [INFO] [1788950821.951724877] [fsm_node]:  -- [OPTIMIZER_PHASE_MEMORY] optimizer=backup event=end call=39 duration_ms=4.745 iterations=766 ret=1 rss_mib=3105.223 swap_mib=0.000 rss_delta_mib=0.000
[fsm_node-3] [INFO] [1788950821.951800409] [fsm_node]:  -- [OPTIMIZER_PHASE_MEMORY] optimizer=backup event=begin call=40 rss_mib=3105.223 swap_mib=0.000 variables=18 pieces=2
[fsm_node-3] [INFO] [1788950821.953338626] [fsm_node]:  -- [OPTIMIZER_PHASE_MEMORY] optimizer=backup event=end call=40 duration_ms=1.536 iterations=371 ret=1 rss_mib=3105.223 swap_mib=0.000 rss_delta_mib=0.000
[fsm_node-3] [WARN] [1788950821.953369237] [fsm_node]:  -- [SUPER] in [ReplanOnce]: Replan overtime, check parameters, replan dt = 0.123270515.
[fsm_node-3] [INFO] [1788950821.967932294] [fsm_node]:  -- [OPTIMIZER_PHASE_MEMORY] optimizer=exp event=begin call=21 rss_mib=3105.223 swap_mib=0.000 variables=17 pieces=5
[fsm_node-3] [INFO] [1788950821.978746331] [fsm_node]:  -- [OPTIMIZER_PHASE_MEMORY] optimizer=exp event=end call=21 duration_ms=10.850 iterations=883 ret=1 rss_mib=3105.273 swap_mib=0.000 rss_delta_mib=0.051
[fsm_node-3] [INFO] [1788950822.048390804] [fsm_node]:  -- [OPTIMIZER_PHASE_MEMORY] optimizer=backup event=begin call=41 rss_mib=3105.273 swap_mib=0.000 variables=18 pieces=2
[fsm_node-3] [INFO] [1788950822.050357994] [fsm_node]:  -- [OPTIMIZER_PHASE_MEMORY] optimizer=backup event=end call=41 duration_ms=2.011 iterations=405 ret=1 rss_mib=3105.309 swap_mib=0.000 rss_delta_mib=0.035
[fsm_node-3] [INFO] [1788950822.050430755] [fsm_node]:  -- [OPTIMIZER_PHASE_MEMORY] optimizer=backup event=begin call=42 rss_mib=3105.309 swap_mib=0.000 variables=18 pieces=2
[fsm_node-3] [INFO] [1788950822.051363241] [fsm_node]:  -- [OPTIMIZER_PHASE_MEMORY] optimizer=backup event=end call=42 duration_ms=0.933 iterations=243 ret=1 rss_mib=3105.309 swap_mib=0.000 rss_delta_mib=0.000
[fsm_node-3] [WARN] [1788950822.051391486] [fsm_node]:  -- [SUPER] in [ReplanOnce]: Replan overtime, check parameters, replan dt = 0.097796029.
[fsm_node-3] [INFO] [1788950822.063682541] [fsm_node]:  -- [OPTIMIZER_PHASE_MEMORY] optimizer=exp event=begin call=22 rss_mib=3105.309 swap_mib=0.000 variables=17 pieces=5
[fsm_node-3] [INFO] [1788950822.092213379] [fsm_node]:  -- [OPTIMIZER_PHASE_MEMORY] optimizer=exp event=end call=22 duration_ms=28.552 iterations=2427 ret=1 rss_mib=3105.309 swap_mib=0.000 rss_delta_mib=0.000
[fsm_node-3] [INFO] [1788950822.173716311] [fsm_node]:  -- [OPTIMIZER_PHASE_MEMORY] optimizer=backup event=begin call=43 rss_mib=3105.309 swap_mib=0.000 variables=18 pieces=2
[fsm_node-3] [INFO] [1788950822.175638138] [fsm_node]:  -- [OPTIMIZER_PHASE_MEMORY] optimizer=backup event=end call=43 duration_ms=1.991 iterations=419 ret=1 rss_mib=3105.309 swap_mib=0.000 rss_delta_mib=0.000
[fsm_node-3] [INFO] [1788950822.175709154] [fsm_node]:  -- [OPTIMIZER_PHASE_MEMORY] optimizer=backup event=begin call=44 rss_mib=3105.309 swap_mib=0.000 variables=18 pieces=2
[fsm_node-3] [INFO] [1788950822.176217273] [fsm_node]:  -- [OPTIMIZER_PHASE_MEMORY] optimizer=backup event=end call=44 duration_ms=0.510 iterations=140 ret=1 rss_mib=3105.309 swap_mib=0.000 rss_delta_mib=0.000
[fsm_node-3] [WARN] [1788950822.176244229] [fsm_node]:  -- [SUPER] in [ReplanOnce]: Replan overtime, check parameters, replan dt = 0.124490507.
[fsm_node-3] [INFO] [1788950822.189115772] [fsm_node]:  -- [OPTIMIZER_PHASE_MEMORY] optimizer=exp event=begin call=23 rss_mib=3105.309 swap_mib=0.000 variables=13 pieces=4
[fsm_node-3] [INFO] [1788950822.193639169] [fsm_node]:  -- [OPTIMIZER_PHASE_MEMORY] optimizer=exp event=end call=23 duration_ms=4.578 iterations=504 ret=1 rss_mib=3105.309 swap_mib=0.000 rss_delta_mib=0.000
[fsm_node-3] [INFO] [1788950822.265438628] [fsm_node]:  -- [OPTIMIZER_PHASE_MEMORY] optimizer=backup event=begin call=45 rss_mib=3105.309 swap_mib=0.000 variables=18 pieces=2
[fsm_node-3] [INFO] [1788950822.265804901] [fsm_node]:  -- [OPTIMIZER_PHASE_MEMORY] optimizer=backup event=end call=45 duration_ms=0.423 iterations=73 ret=1 rss_mib=3105.312 swap_mib=0.000 rss_delta_mib=0.004
[fsm_node-3] [WARN] [1788950822.265810401] [fsm_node]:  -- [BackOpt] Opt failed, Omg or thr or Pos violation.
[fsm_node-3] [INFO] [1788950822.265853138] [fsm_node]:  -- [OPTIMIZER_PHASE_MEMORY] optimizer=backup event=begin call=46 rss_mib=3105.312 swap_mib=0.000 variables=18 pieces=2
[fsm_node-3]  -- [TRAJ_GUARD_CERT] trigger=main_pre status=SAFE gen=5 map=24 map_age=0.007s map_age_limit=0.500s motion_speed=6.998mps samples=370 range=[0.800,2.640] collision_tt=-1.000 ttc=-1.000 p=[0.000,0.000,0.000]
[fsm_node-3]  -- [TRAJ_GUARD_CERT] trigger=main_pre status=SAFE gen=5 map=25 map_age=0.009s map_age_limit=0.500s motion_speed=6.938mps samples=332 range=[0.990,2.640] collision_tt=-1.000 ttc=-1.000 p=[0.000,0.000,0.000]
[fsm_node-3] [33m -- [MINCO] TrajOpt failed, (unknown)[0m
[fsm_node-3] [33m -- [SUPER] Minco backup_traj opt failed.[0m
[fsm_node-3] [INFO] [1788950822.274654236] [fsm_node]:  -- [OPTIMIZER_PHASE_MEMORY] optimizer=backup event=end call=46 duration_ms=8.798 iterations=1474 ret=1 rss_mib=3105.312 swap_mib=0.000 rss_delta_mib=0.000
[fsm_node-3] [WARN] [1788950822.274687277] [fsm_node]:  -- [SUPER] OptimizationBakTrajInPolytopes failed, force return
[fsm_node-3] [WARN] [1788950822.274695685] [fsm_node]:  -- [SUPER] in [ReplanOnce]: Replan overtime, check parameters, replan dt = 0.097990903.
[fsm_node-3] [INFO] [1788950822.288356508] [fsm_node]:  -- [OPTIMIZER_PHASE_MEMORY] optimizer=exp event=begin call=24 rss_mib=3105.312 swap_mib=0.000 variables=9 pieces=3
[fsm_node-3] [INFO] [1788950822.289593740] [fsm_node]:  -- [OPTIMIZER_PHASE_MEMORY] optimizer=exp event=end call=24 duration_ms=1.288 iterations=195 ret=1 rss_mib=3105.312 swap_mib=0.000 rss_delta_mib=0.000
[fsm_node-3] [INFO] [1788950822.378542819] [fsm_node]:  -- [OPTIMIZER_PHASE_MEMORY] optimizer=backup event=begin call=47 rss_mib=3105.312 swap_mib=0.000 variables=18 pieces=2
[fsm_node-3] [INFO] [1788950822.379013278] [fsm_node]:  -- [OPTIMIZER_PHASE_MEMORY] optimizer=backup event=end call=47 duration_ms=0.529 iterations=80 ret=1 rss_mib=3105.312 swap_mib=0.000 rss_delta_mib=0.000
[fsm_node-3] [WARN] [1788950822.379018458] [fsm_node]:  -- [BackOpt] Opt failed, Omg or thr or Pos violation.
[fsm_node-3] [INFO] [1788950822.379066277] [fsm_node]:  -- [OPTIMIZER_PHASE_MEMORY] optimizer=backup event=begin call=48 rss_mib=3105.312 swap_mib=0.000 variables=18 pieces=2
[fsm_node-3]  -- [TRAJ_GUARD_CERT] trigger=main_pre status=SAFE gen=5 map=26 map_age=0.005s map_age_limit=0.500s motion_speed=5.160mps samples=290 range=[1.200,2.640] collision_tt=-1.000 ttc=-1.000 p=[0.000,0.000,0.000]
[fsm_node-3] [33m -- [MINCO] TrajOpt failed, (unknown)[0m
[fsm_node-3] [33m -- [SUPER] Minco backup_traj opt failed.[0m
[fsm_node-3] [INFO] [1788950822.379459570] [fsm_node]:  -- [OPTIMIZER_PHASE_MEMORY] optimizer=backup event=end call=48 duration_ms=0.394 iterations=83 ret=1 rss_mib=3105.312 swap_mib=0.000 rss_delta_mib=0.000
[fsm_node-3] [WARN] [1788950822.379464012] [fsm_node]:  -- [BackOpt] Opt failed, Omg or thr or Pos violation.
[fsm_node-3] [WARN] [1788950822.379469190] [fsm_node]:  -- [SUPER] OptimizationBakTrajInPolytopes failed, force return
[fsm_node-3] [WARN] [1788950822.379477928] [fsm_node]:  -- [SUPER] in [ReplanOnce]: Replan overtime, check parameters, replan dt = 0.104583083.
[fsm_node-3] [33m -- [MINCO] TrajOpt failed, (unknown)[0m
[fsm_node-3] [33m -- [SUPER] Minco backup_traj opt failed.[0m
[fsm_node-3] [INFO] [1788950822.397202449] [fsm_node]:  -- [OPTIMIZER_PHASE_MEMORY] optimizer=exp event=begin call=25 rss_mib=3105.312 swap_mib=0.000 variables=9 pieces=3
[fsm_node-3] [INFO] [1788950822.399920223] [fsm_node]:  -- [OPTIMIZER_PHASE_MEMORY] optimizer=exp event=end call=25 duration_ms=2.782 iterations=373 ret=1 rss_mib=3105.312 swap_mib=0.000 rss_delta_mib=0.000
[fsm_node-3] [WARN] [1788950822.399929632] [fsm_node]:  -- [ExpOpt] Opt failed, Omg or thr or Pos violation.
[fsm_node-3] [WARN] [1788950822.399960726] [fsm_node]:  -- [SUPER] OptimizationExpTrajInPolytopes for new path failed
[fsm_node-3] [WARN] [1788950822.399972674] [fsm_node]:  -- [SUPER] in [ReplanOnce]: GenerateExpTrajectory failed, force return
[fsm_node-3] [33m -- [MINCO] TrajOpt failed, (unknown)[0m
[fsm_node-3] [33m -- [SUPER] Minco exp_traj opt failed.[0m
[fsm_node-3] [INFO] [1788950822.417324523] [fsm_node]:  -- [OPTIMIZER_PHASE_MEMORY] optimizer=exp event=begin call=26 rss_mib=3105.312 swap_mib=0.000 variables=9 pieces=3
[fsm_node-3] [INFO] [1788950822.419298030] [fsm_node]:  -- [OPTIMIZER_PHASE_MEMORY] optimizer=exp event=end call=26 duration_ms=2.056 iterations=271 ret=1 rss_mib=3105.312 swap_mib=0.000 rss_delta_mib=0.000
[fsm_node-3] [WARN] [1788950822.419304870] [fsm_node]:  -- [ExpOpt] Opt failed, Omg or thr or Pos violation.
[fsm_node-3] [WARN] [1788950822.419332789] [fsm_node]:  -- [SUPER] OptimizationExpTrajInPolytopes for new path failed
[fsm_node-3] [WARN] [1788950822.419342677] [fsm_node]:  -- [SUPER] in [ReplanOnce]: GenerateExpTrajectory failed, force return
[fsm_node-3] [33m -- [MINCO] TrajOpt failed, (unknown)[0m
[fsm_node-3] [33m -- [SUPER] Minco exp_traj opt failed.[0m
[fsm_node-3] [INFO] [1788950822.468836197] [fsm_node]:  -- [OPTIMIZER_PHASE_MEMORY] optimizer=exp event=begin call=27 rss_mib=3105.312 swap_mib=0.000 variables=9 pieces=3
[fsm_node-3] [INFO] [1788950822.470545089] [fsm_node]:  -- [OPTIMIZER_PHASE_MEMORY] optimizer=exp event=end call=27 duration_ms=1.758 iterations=276 ret=1 rss_mib=3105.312 swap_mib=0.000 rss_delta_mib=0.000
[fsm_node-3] [INFO] [1788950822.548658599] [fsm_node]:  -- [OPTIMIZER_PHASE_MEMORY] optimizer=backup event=begin call=49 rss_mib=3105.465 swap_mib=0.000 variables=18 pieces=2
[fsm_node-3] [INFO] [1788950822.549120820] [fsm_node]:  -- [OPTIMIZER_PHASE_MEMORY] optimizer=backup event=end call=49 duration_ms=0.539 iterations=86 ret=1 rss_mib=3105.465 swap_mib=0.000 rss_delta_mib=0.000
[fsm_node-3] [WARN] [1788950822.549126999] [fsm_node]:  -- [BackOpt] Opt failed, Omg or thr or Pos violation.
[fsm_node-3] [INFO] [1788950822.549173871] [fsm_node]:  -- [OPTIMIZER_PHASE_MEMORY] optimizer=backup event=begin call=50 rss_mib=3105.465 swap_mib=0.000 variables=18 pieces=2
[fsm_node-3] [33m -- [MINCO] TrajOpt failed, (unknown)[0m
[fsm_node-3] [33m -- [SUPER] Minco backup_traj opt failed.[0m
[fsm_node-3] [INFO] [1788950822.549542860] [fsm_node]:  -- [OPTIMIZER_PHASE_MEMORY] optimizer=backup event=end call=50 duration_ms=0.369 iterations=84 ret=1 rss_mib=3105.465 swap_mib=0.000 rss_delta_mib=0.000
[fsm_node-3] [WARN] [1788950822.549546447] [fsm_node]:  -- [BackOpt] Opt failed, Omg or thr or Pos violation.
[fsm_node-3] [WARN] [1788950822.549552094] [fsm_node]:  -- [SUPER] OptimizationBakTrajInPolytopes failed, force return
[fsm_node-3] [WARN] [1788950822.549559724] [fsm_node]:  -- [SUPER] in [ReplanOnce]: Replan overtime, check parameters, replan dt = 0.096565046.
[fsm_node-3] [33m -- [MINCO] TrajOpt failed, (unknown)[0m
[fsm_node-3] [33m -- [SUPER] Minco backup_traj opt failed.[0m
[fsm_node-3] [INFO] [1788950822.565885257] [fsm_node]:  -- [OPTIMIZER_PHASE_MEMORY] optimizer=exp event=begin call=28 rss_mib=3105.465 swap_mib=0.000 variables=13 pieces=4
[fsm_node-3] [INFO] [1788950822.568943328] [fsm_node]:  -- [OPTIMIZER_PHASE_MEMORY] optimizer=exp event=end call=28 duration_ms=3.121 iterations=342 ret=1 rss_mib=3105.465 swap_mib=0.000 rss_delta_mib=0.000
[fsm_node-3] [WARN] [1788950822.654481635] [fsm_node]:  -- [SUPER] in [ReplanOnce]: Replan overtime, check parameters, replan dt = 0.104615347.
[fsm_node-3] [INFO] [1788950822.671395843] [fsm_node]:  -- [OPTIMIZER_PHASE_MEMORY] optimizer=exp event=begin call=29 rss_mib=3105.465 swap_mib=0.000 variables=13 pieces=4
[fsm_node-3] [INFO] [1788950822.674197450] [fsm_node]:  -- [OPTIMIZER_PHASE_MEMORY] optimizer=exp event=end call=29 duration_ms=2.863 iterations=333 ret=1 rss_mib=3105.465 swap_mib=0.000 rss_delta_mib=0.000
[fsm_node-3] [WARN] [1788950822.674203758] [fsm_node]:  -- [ExpOpt] Opt failed, Omg or thr or Pos violation.
[fsm_node-3] [WARN] [1788950822.674227564] [fsm_node]:  -- [SUPER] OptimizationExpTrajInPolytopes for new path failed
[fsm_node-3] [WARN] [1788950822.674235206] [fsm_node]:  -- [SUPER] in [ReplanOnce]: GenerateExpTrajectory failed, force return
[fsm_node-3]  -- [TRAJ_GUARD_CERT] trigger=main_pre status=SAFE gen=5 map=27 map_age=0.009s map_age_limit=0.550s motion_speed=1.410mps samples=250 range=[1.400,2.640] collision_tt=-1.000 ttc=-1.000 p=[0.000,0.000,0.000]
[fsm_node-3] [33m -- [MINCO] TrajOpt failed, (unknown)[0m
[fsm_node-3] [33m -- [SUPER] Minco exp_traj opt failed.[0m
[fsm_node-3] [INFO] [1788950822.718189084] [fsm_node]:  -- [TRAJ_GUARD_COMMIT] phase=ReplanOnce/no_backup gen=6 map=27 samples=19 range=[1.555,1.640] escape=false footprint_egress=false escape_done_tt=-1.000
[fsm_node-3] [32m -- [Fsm] ReplanOnce succeed.[0m
[fsm_node-3]  -- [TRAJ_GUARD_CERT] trigger=poly_publish status=SAFE gen=6 map=27 map_age=0.164s map_age_limit=0.550s motion_speed=1.090mps samples=18 range=[1.556,1.640] collision_tt=-1.000 ttc=-1.000 p=[0.000,0.000,0.000]
[fsm_node-3] [32m -- [Fsm] Get goal at [0m24.025000000000002 20.025000000000002  1.525000000000000
[fsm_node-3] [32m -- [Fsm] Receive click goal at: [24.025000000000002 20.025000000000002  1.525000000000000]; goal yaw: 0.000000000000000 deg[0m
[fsm_node-3] [INFO] [1788950822.783245539] [fsm_node]:  -- [TRAJ_GUARD_COMMIT] phase=ReplanOnce/no_backup gen=7 map=28 samples=6 range=[1.620,1.640] escape=false footprint_egress=false escape_done_tt=-1.000
[fsm_node-3]  -- [TRAJ_GUARD_CERT] trigger=main_pre status=SAFE gen=6 map=28 map_age=0.007s map_age_limit=0.550s motion_speed=0.043mps samples=9 range=[1.600,1.640] collision_tt=-1.000 ttc=-1.000 p=[0.000,0.000,0.000]
[fsm_node-3] [32m -- [Fsm] ReplanOnce succeed.[0m
[fsm_node-3]  -- [TRAJ_GUARD_CERT] trigger=poly_publish status=SAFE gen=7 map=28 map_age=0.027s map_age_limit=0.550s motion_speed=0.003mps samples=5 range=[1.620,1.640] collision_tt=-1.000 ttc=-1.000 p=[0.000,0.000,0.000]
[fsm_node-3] [32m -- [Fsm] Traj finish.[0m
[fsm_node-3] [WARN] [1788950822.812902862] [fsm_node]:  -- [TRAJ_GUARD_RECOVERY_EPISODE_RESET] reason=horizontal_progress progress=7.100m threshold=2.000m prior_local=0 prior_vertical=0 prior_base=0
[fsm_node-3] [INFO] [1788950822.828706935] [fsm_node]:  -- [OPTIMIZER_PHASE_MEMORY] optimizer=exp event=begin call=30 rss_mib=3105.465 swap_mib=0.000 variables=13 pieces=4
[fsm_node-3] [INFO] [1788950822.831709694] [fsm_node]:  -- [OPTIMIZER_PHASE_MEMORY] optimizer=exp event=end call=30 duration_ms=3.050 iterations=405 ret=1 rss_mib=3105.465 swap_mib=0.000 rss_delta_mib=0.000
[fsm_node-3] [INFO] [1788950822.831756858] [fsm_node]:  -- [SUPER] in [PlanFromRest] GenerateExpTrajectory SUCCESS.
[fsm_node-3] [INFO] [1788950822.892448070] [fsm_node]:  -- [TRAJ_GUARD_COMMIT] phase=PlanFromRest/no_backup gen=8 map=28 samples=277 range=[0.079,1.452] escape=false footprint_egress=false escape_done_tt=-1.000
[fsm_node-3] [38;2;000;128;000m -- [Fsm]: [PubCmdCallback] change state from [FOLLOW_TRAJ] to [GENERATE_TRAJ].
[fsm_node-3] [0m -- [TRAJ_GUARD_CERT] trigger=poly_publish status=SAFE gen=8 map=28 map_age=0.137s map_age_limit=0.550s motion_speed=0.000mps samples=276 range=[0.079,1.452] collision_tt=-1.000 ttc=-1.000 p=[0.000,0.000,0.000]
[fsm_node-3] [38;2;000;128;000m -- [Fsm]: [MainFsmCallback] change state from [GENERATE_TRAJ] to [FOLLOW_TRAJ].
[fsm_node-3] [0m[32m -- [Fsm 5.050] Current state: FOLLOW_TRAJ[0m
[fsm_node-3] [INFO] [1788950823.005162028] [fsm_node]:  -- [OPTIMIZER_PHASE_MEMORY] optimizer=exp event=begin call=31 rss_mib=3105.465 swap_mib=0.000 variables=13 pieces=4
[fsm_node-3] [INFO] [1788950823.008614502] [fsm_node]:  -- [OPTIMIZER_PHASE_MEMORY] optimizer=exp event=end call=31 duration_ms=3.519 iterations=416 ret=1 rss_mib=3105.465 swap_mib=0.000 rss_delta_mib=0.000
[fsm_node-3] [WARN] [1788950823.075237797] [fsm_node]:  -- [SUPER] in [ReplanOnce]: Replan overtime, check parameters, replan dt = 0.09438223.
[fsm_node-3] [INFO] [1788950823.089466594] [fsm_node]:  -- [OPTIMIZER_PHASE_MEMORY] optimizer=exp event=begin call=32 rss_mib=3105.465 swap_mib=0.000 variables=13 pieces=4
[fsm_node-3] [INFO] [1788950823.117274887] [fsm_node]:  -- [OPTIMIZER_PHASE_MEMORY] optimizer=exp event=end call=32 duration_ms=27.847 iterations=2831 ret=1 rss_mib=3105.465 swap_mib=0.000 rss_delta_mib=0.000
[fsm_node-3] [WARN] [1788950823.180267002] [fsm_node]:  -- [SUPER] in [ReplanOnce]: Replan overtime, check parameters, replan dt = 0.104825279.
[fsm_node-3] [INFO] [1788950823.192223079] [fsm_node]:  -- [OPTIMIZER_PHASE_MEMORY] optimizer=exp event=begin call=33 rss_mib=3105.465 swap_mib=0.000 variables=9 pieces=3
[fsm_node-3] [INFO] [1788950823.197646548] [fsm_node]:  -- [OPTIMIZER_PHASE_MEMORY] optimizer=exp event=end call=33 duration_ms=5.468 iterations=706 ret=1 rss_mib=3105.465 swap_mib=0.000 rss_delta_mib=0.000
[fsm_node-3] [INFO] [1788950823.253017260] [fsm_node]:  -- [TRAJ_GUARD_COMMIT] phase=ReplanOnce/no_backup gen=9 map=30 samples=211 range=[0.072,1.117] escape=false footprint_egress=false escape_done_tt=-1.000
[fsm_node-3]  -- [TRAJ_GUARD_CERT] trigger=main_pre status=SAFE gen=8 map=29 map_age=0.010s map_age_limit=0.550s motion_speed=0.594mps samples=264 range=[0.140,1.452] collision_tt=-1.000 ttc=-1.000 p=[0.000,0.000,0.000]
[fsm_node-3]  -- [TRAJ_GUARD_CERT] trigger=main_pre status=SAFE gen=8 map=30 map_age=0.003s map_age_limit=0.500s motion_speed=3.964mps samples=226 range=[0.330,1.452] collision_tt=-1.000 ttc=-1.000 p=[0.000,0.000,0.000]
[fsm_node-3] [32m -- [Fsm] ReplanOnce succeed.[0m
[fsm_node-3] [INFO] [1788950823.265887592] [fsm_node]:  -- [OPTIMIZER_PHASE_MEMORY] optimizer=exp event=begin call=34 rss_mib=3105.465 swap_mib=0.000 variables=9 pieces=3
[fsm_node-3] [INFO] [1788950823.267942926] [fsm_node]:  -- [OPTIMIZER_PHASE_MEMORY] optimizer=exp event=end call=34 duration_ms=2.114 iterations=335 ret=1 rss_mib=3105.465 swap_mib=0.000 rss_delta_mib=0.000
[fsm_node-3] [INFO] [1788950823.315905902] [fsm_node]:  -- [TRAJ_GUARD_COMMIT] phase=ReplanOnce/no_backup gen=10 map=30 samples=200 range=[0.062,1.048] escape=false footprint_egress=false escape_done_tt=-1.000
[fsm_node-3]  -- [TRAJ_GUARD_CERT] trigger=poly_publish status=SAFE gen=9 map=30 map_age=0.113s map_age_limit=0.500s motion_speed=5.868mps samples=210 range=[0.072,1.117] collision_tt=-1.000 ttc=-1.000 p=[0.000,0.000,0.000]
[fsm_node-3] [32m -- [Fsm] ReplanOnce succeed.[0m
[fsm_node-3] [INFO] [1788950823.328024161] [fsm_node]:  -- [OPTIMIZER_PHASE_MEMORY] optimizer=exp event=begin call=35 rss_mib=3105.465 swap_mib=0.000 variables=9 pieces=3
[fsm_node-3] [INFO] [1788950823.341381525] [fsm_node]:  -- [OPTIMIZER_PHASE_MEMORY] optimizer=exp event=end call=35 duration_ms=13.346 iterations=1502 ret=1 rss_mib=3105.465 swap_mib=0.000 rss_delta_mib=0.000
[fsm_node-3] [INFO] [1788950823.383230578] [fsm_node]:  -- [TRAJ_GUARD_COMMIT] phase=ReplanOnce/no_backup gen=11 map=31 samples=208 range=[0.067,1.092] escape=false footprint_egress=false escape_done_tt=-1.000
[fsm_node-3]  -- [TRAJ_GUARD_CERT] trigger=poly_publish status=SAFE gen=10 map=30 map_age=0.176s map_age_limit=0.500s motion_speed=6.442mps samples=198 range=[0.063,1.048] collision_tt=-1.000 ttc=-1.000 p=[0.000,0.000,0.000]
[fsm_node-3]  -- [TRAJ_GUARD_CERT] trigger=main_pre status=SAFE gen=10 map=31 map_age=0.005s map_age_limit=0.500s motion_speed=6.575mps samples=193 range=[0.090,1.048] collision_tt=-1.000 ttc=-1.000 p=[0.000,0.000,0.000]
[fsm_node-3] [32m -- [Fsm] ReplanOnce succeed.[0m
[fsm_node-3] [INFO] [1788950823.394107345] [fsm_node]:  -- [OPTIMIZER_PHASE_MEMORY] optimizer=exp event=begin call=36 rss_mib=3105.465 swap_mib=0.000 variables=9 pieces=3
[fsm_node-3] [INFO] [1788950823.397771671] [fsm_node]:  -- [OPTIMIZER_PHASE_MEMORY] optimizer=exp event=end call=36 duration_ms=3.704 iterations=515 ret=1 rss_mib=3105.465 swap_mib=0.000 rss_delta_mib=0.000
[fsm_node-3] [INFO] [1788950823.435934267] [fsm_node]:  -- [TRAJ_GUARD_COMMIT] phase=ReplanOnce/no_backup gen=12 map=31 samples=184 range=[0.052,0.960] escape=false footprint_egress=false escape_done_tt=-1.000
[fsm_node-3]  -- [TRAJ_GUARD_CERT] trigger=poly_publish status=SAFE gen=11 map=31 map_age=0.045s map_age_limit=0.500s motion_speed=6.786mps samples=206 range=[0.067,1.092] collision_tt=-1.000 ttc=-1.000 p=[0.000,0.000,0.000]
[fsm_node-3] [32m -- [Fsm] ReplanOnce succeed.[0m
[fsm_node-3] [INFO] [1788950823.456475827] [fsm_node]:  -- [OPTIMIZER_PHASE_MEMORY] optimizer=exp event=begin call=37 rss_mib=3105.465 swap_mib=0.000 variables=9 pieces=3
[fsm_node-3] [INFO] [1788950823.459582546] [fsm_node]:  -- [OPTIMIZER_PHASE_MEMORY] optimizer=exp event=end call=37 duration_ms=3.163 iterations=337 ret=1 rss_mib=3105.465 swap_mib=0.000 rss_delta_mib=0.000
[fsm_node-3] [INFO] [1788950823.489453426] [fsm_node]:  -- [TRAJ_GUARD_COMMIT] phase=ReplanOnce/no_backup gen=13 map=31 samples=174 range=[0.046,0.906] escape=false footprint_egress=false escape_done_tt=-1.000
[fsm_node-3]  -- [TRAJ_GUARD_CERT] trigger=poly_publish status=SAFE gen=12 map=31 map_age=0.098s map_age_limit=0.500s motion_speed=6.788mps samples=183 range=[0.052,0.960] collision_tt=-1.000 ttc=-1.000 p=[0.000,0.000,0.000]
[fsm_node-3] [32m -- [Fsm] ReplanOnce succeed.[0m
[fsm_node-3] [INFO] [1788950823.519048810] [fsm_node]:  -- [OPTIMIZER_PHASE_MEMORY] optimizer=exp event=begin call=38 rss_mib=3105.465 swap_mib=0.000 variables=5 pieces=2
[fsm_node-3] [INFO] [1788950823.519456810] [fsm_node]:  -- [OPTIMIZER_PHASE_MEMORY] optimizer=exp event=end call=38 duration_ms=0.472 iterations=64 ret=1 rss_mib=3105.465 swap_mib=0.000 rss_delta_mib=0.000
[fsm_node-3] [INFO] [1788950823.542529414] [fsm_node]:  -- [TRAJ_GUARD_COMMIT] phase=ReplanOnce/no_backup gen=14 map=32 samples=164 range=[0.034,0.840] escape=false footprint_egress=false escape_done_tt=-1.000
[fsm_node-3]  -- [TRAJ_GUARD_CERT] trigger=poly_publish status=SAFE gen=13 map=31 map_age=0.152s map_age_limit=0.500s motion_speed=6.691mps samples=173 range=[0.046,0.906] collision_tt=-1.000 ttc=-1.000 p=[0.000,0.000,0.000]
[fsm_node-3] [32m -- [Fsm] ReplanOnce succeed.[0m
[fsm_node-3] [INFO] [1788950823.587894980] [fsm_node]:  -- [OPTIMIZER_PHASE_MEMORY] optimizer=exp event=begin call=39 rss_mib=3105.465 swap_mib=0.000 variables=5 pieces=2
[fsm_node-3] [INFO] [1788950823.588524120] [fsm_node]:  -- [OPTIMIZER_PHASE_MEMORY] optimizer=exp event=end call=39 duration_ms=0.701 iterations=65 ret=1 rss_mib=3105.465 swap_mib=0.000 rss_delta_mib=0.000
[fsm_node-3] [INFO] [1788950823.605885874] [fsm_node]:  -- [TRAJ_GUARD_COMMIT] phase=ReplanOnce/no_backup gen=15 map=32 samples=151 range=[0.031,0.774] escape=false footprint_egress=false escape_done_tt=-1.000
[fsm_node-3]  -- [TRAJ_GUARD_CERT] trigger=poly_publish status=SAFE gen=14 map=32 map_age=0.007s map_age_limit=0.500s motion_speed=6.553mps samples=163 range=[0.034,0.840] collision_tt=-1.000 ttc=-1.000 p=[0.000,0.000,0.000]
[fsm_node-3] [32m -- [Fsm] ReplanOnce succeed.[0m
[fsm_node-3] [INFO] [1788950823.649327279] [fsm_node]:  -- [OPTIMIZER_PHASE_MEMORY] optimizer=exp event=begin call=40 rss_mib=3105.465 swap_mib=0.000 variables=5 pieces=2
[fsm_node-3] [INFO] [1788950823.649566125] [fsm_node]:  -- [OPTIMIZER_PHASE_MEMORY] optimizer=exp event=end call=40 duration_ms=0.310 iterations=35 ret=1 rss_mib=3105.465 swap_mib=0.000 rss_delta_mib=0.000
[fsm_node-3] [INFO] [1788950823.661797258] [fsm_node]:  -- [TRAJ_GUARD_COMMIT] phase=ReplanOnce/no_backup gen=16 map=32 samples=140 range=[0.021,0.709] escape=false footprint_egress=false escape_done_tt=-1.000
[fsm_node-3]  -- [TRAJ_GUARD_CERT] trigger=poly_publish status=SAFE gen=15 map=32 map_age=0.070s map_age_limit=0.500s motion_speed=6.392mps samples=150 range=[0.031,0.774] collision_tt=-1.000 ttc=-1.000 p=[0.000,0.000,0.000]
[fsm_node-3] [32m -- [Fsm] ReplanOnce succeed.[0m
[fsm_node-3] [INFO] [1788950823.715027079] [fsm_node]:  -- [OPTIMIZER_PHASE_MEMORY] optimizer=exp event=begin call=41 rss_mib=3105.465 swap_mib=0.000 variables=5 pieces=2
[fsm_node-3] [INFO] [1788950823.715552876] [fsm_node]:  -- [OPTIMIZER_PHASE_MEMORY] optimizer=exp event=end call=41 duration_ms=0.608 iterations=75 ret=1 rss_mib=3105.465 swap_mib=0.000 rss_delta_mib=0.000
[fsm_node-3] [INFO] [1788950823.724904087] [fsm_node]:  -- [TRAJ_GUARD_COMMIT] phase=ReplanOnce/no_backup gen=17 map=32 samples=127 range=[0.018,0.641] escape=false footprint_egress=false escape_done_tt=-1.000
[fsm_node-3]  -- [TRAJ_GUARD_CERT] trigger=poly_publish status=SAFE gen=16 map=32 map_age=0.126s map_age_limit=0.500s motion_speed=6.237mps samples=139 range=[0.021,0.709] collision_tt=-1.000 ttc=-1.000 p=[0.000,0.000,0.000]
[fsm_node-3] [32m -- [Fsm] ReplanOnce succeed.[0m
[fsm_node-3]  -- [TRAJ_GUARD_CERT] trigger=poly_publish status=SAFE gen=17 map=32 map_age=0.189s map_age_limit=0.500s motion_speed=5.957mps samples=126 range=[0.018,0.641] collision_tt=-1.000 ttc=-1.000 p=[0.000,0.000,0.000]
[fsm_node-3]  -- [TRAJ_GUARD_CERT] trigger=main_pre status=SAFE gen=17 map=33 map_age=0.007s map_age_limit=0.500s motion_speed=5.919mps samples=123 range=[0.036,0.641] collision_tt=-1.000 ttc=-1.000 p=[0.000,0.000,0.000]
[fsm_node-3] [32m -- [Fsm] Get goal at [0m24.025000000000002 20.025000000000002  1.525000000000000
[fsm_node-3] [32m -- [Fsm] Receive click goal at: [24.025000000000002 20.025000000000002  1.525000000000000]; goal yaw: 0.000000000000000 deg[0m
[fsm_node-3] [INFO] [1788950823.782978419] [fsm_node]:  -- [OPTIMIZER_PHASE_MEMORY] optimizer=exp event=begin call=42 rss_mib=3105.465 swap_mib=0.000 variables=1 pieces=1
[fsm_node-3] [INFO] [1788950823.783168033] [fsm_node]:  -- [OPTIMIZER_PHASE_MEMORY] optimizer=exp event=end call=42 duration_ms=0.271 iterations=29 ret=1 rss_mib=3105.465 swap_mib=0.000 rss_delta_mib=0.000
[fsm_node-3] [INFO] [1788950823.790269722] [fsm_node]:  -- [TRAJ_GUARD_COMMIT] phase=ReplanOnce/no_backup gen=18 map=33 samples=114 range=[0.017,0.575] escape=false footprint_egress=false escape_done_tt=-1.000
[fsm_node-3] [32m -- [Fsm] ReplanOnce succeed.[0m
[fsm_node-3] [INFO] [1788950823.843827393] [fsm_node]:  -- [TRAJ_GUARD_COMMIT] phase=ReplanOnce/no_backup gen=19 map=33 samples=103 range=[0.071,0.575] escape=false footprint_egress=false escape_done_tt=-1.000
[fsm_node-3]  -- [TRAJ_GUARD_CERT] trigger=poly_publish status=SAFE gen=18 map=33 map_age=0.055s map_age_limit=0.500s motion_speed=5.763mps samples=113 range=[0.017,0.575] collision_tt=-1.000 ttc=-1.000 p=[0.000,0.000,0.000]
[fsm_node-3] [32m -- [Fsm] ReplanOnce succeed.[0m
[fsm_node-3]  -- [TRAJ_GUARD_CERT] trigger=poly_publish status=SAFE gen=19 map=33 map_age=0.109s map_age_limit=0.500s motion_speed=5.633mps samples=102 range=[0.071,0.575] collision_tt=-1.000 ttc=-1.000 p=[0.000,0.000,0.000]
[fsm_node-3] [32m -- [Fsm 6.050] Current state: FOLLOW_TRAJ[0m
[fsm_node-3] [INFO] [1788950823.908127721] [fsm_node]:  -- [TRAJ_GUARD_COMMIT] phase=ReplanOnce/no_backup gen=20 map=33 samples=91 range=[0.135,0.575] escape=false footprint_egress=false escape_done_tt=-1.000
[fsm_node-3] [32m -- [Fsm] ReplanOnce succeed.[0m
[fsm_node-3] [INFO] [1788950823.975221635] [fsm_node]:  -- [TRAJ_GUARD_COMMIT] phase=ReplanOnce/no_backup gen=21 map=34 samples=77 range=[0.202,0.575] escape=false footprint_egress=false escape_done_tt=-1.000
[fsm_node-3]  -- [TRAJ_GUARD_CERT] trigger=poly_publish status=SAFE gen=20 map=33 map_age=0.173s map_age_limit=0.500s motion_speed=5.430mps samples=89 range=[0.135,0.575] collision_tt=-1.000 ttc=-1.000 p=[0.000,0.000,0.000]
[fsm_node-3]  -- [TRAJ_GUARD_CERT] trigger=main_pre status=SAFE gen=20 map=34 map_age=0.006s map_age_limit=0.500s motion_speed=5.244mps samples=83 range=[0.170,0.575] collision_tt=-1.000 ttc=-1.000 p=[0.000,0.000,0.000]
[fsm_node-3] [32m -- [Fsm] ReplanOnce succeed.[0m
[fsm_node-3] [INFO] [1788950824.039938088] [fsm_node]:  -- [TRAJ_GUARD_COMMIT] phase=ReplanOnce/no_backup gen=22 map=34 samples=64 range=[0.267,0.575] escape=false footprint_egress=false escape_done_tt=-1.000
[fsm_node-3]  -- [TRAJ_GUARD_CERT] trigger=poly_publish status=SAFE gen=21 map=34 map_age=0.039s map_age_limit=0.500s motion_speed=4.873mps samples=76 range=[0.202,0.575] collision_tt=-1.000 ttc=-1.000 p=[0.000,0.000,0.000]
[fsm_node-3] [32m -- [Fsm] ReplanOnce succeed.[0m
[fsm_node-3] [WARN] [1788950824.105052743] [fsm_node]:  -- [TRAJ_GUARD_VIABILITY_SLOWDOWN] phase=ReplanOnce/no_backup gen=23 scale=1.250 retries=1
[fsm_node-3] [INFO] [1788950824.105149949] [fsm_node]:  -- [TRAJ_GUARD_COMMIT] phase=ReplanOnce/no_backup gen=23 map=34 samples=80 range=[0.332,0.719] escape=false footprint_egress=false escape_done_tt=-1.000
[fsm_node-3]  -- [TRAJ_GUARD_CERT] trigger=poly_publish status=SAFE gen=22 map=34 map_age=0.104s map_age_limit=0.500s motion_speed=4.030mps samples=63 range=[0.267,0.575] collision_tt=-1.000 ttc=-1.000 p=[0.000,0.000,0.000]
[fsm_node-3] [32m -- [Fsm] ReplanOnce succeed.[0m
[fsm_node-3] [INFO] [1788950824.170180872] [fsm_node]:  -- [TRAJ_GUARD_COMMIT] phase=ReplanOnce/no_backup gen=24 map=35 samples=38 range=[0.397,0.575] escape=false footprint_egress=false escape_done_tt=-1.000
[fsm_node-3]  -- [TRAJ_GUARD_CERT] trigger=poly_publish status=SAFE gen=23 map=34 map_age=0.169s map_age_limit=0.539s motion_speed=2.726mps samples=79 range=[0.332,0.719] collision_tt=-1.000 ttc=-1.000 p=[0.000,0.000,0.000]
[fsm_node-3]  -- [TRAJ_GUARD_CERT] trigger=main_pre status=SAFE gen=23 map=35 map_age=0.001s map_age_limit=0.534s motion_speed=2.828mps samples=71 range=[0.370,0.719] collision_tt=-1.000 ttc=-1.000 p=[0.000,0.000,0.000]
[fsm_node-3] [32m -- [Fsm] ReplanOnce succeed.[0m
[fsm_node-3] [INFO] [1788950824.235438705] [fsm_node]:  -- [TRAJ_GUARD_COMMIT] phase=ReplanOnce/no_backup gen=25 map=35 samples=25 range=[0.462,0.575] escape=false footprint_egress=false escape_done_tt=-1.000
[fsm_node-3]  -- [TRAJ_GUARD_CERT] trigger=poly_publish status=SAFE gen=24 map=35 map_age=0.028s map_age_limit=0.550s motion_speed=2.464mps samples=37 range=[0.397,0.575] collision_tt=-1.000 ttc=-1.000 p=[0.000,0.000,0.000]
[fsm_node-3] [32m -- [Fsm] ReplanOnce succeed.[0m
[fsm_node-3] [INFO] [1788950824.301855435] [fsm_node]:  -- [TRAJ_GUARD_COMMIT] phase=ReplanOnce/no_backup gen=26 map=35 samples=12 range=[0.529,0.575] escape=false footprint_egress=false escape_done_tt=-1.000
[fsm_node-3]  -- [TRAJ_GUARD_CERT] trigger=poly_publish status=SAFE gen=25 map=35 map_age=0.094s map_age_limit=0.550s motion_speed=0.513mps samples=24 range=[0.463,0.575] collision_tt=-1.000 ttc=-1.000 p=[0.000,0.000,0.000]
[fsm_node-3] [32m -- [Fsm] ReplanOnce succeed.[0m
[fsm_node-3]  -- [TRAJ_GUARD_CERT] trigger=poly_publish status=SAFE gen=26 map=35 map_age=0.160s map_age_limit=0.550s motion_speed=0.072mps samples=11 range=[0.529,0.575] collision_tt=-1.000 ttc=-1.000 p=[0.000,0.000,0.000]
[fsm_node-3]  -- [TRAJ_GUARD_CERT] trigger=main_pre status=SAFE gen=26 map=36 map_age=0.001s map_age_limit=0.550s motion_speed=0.002mps samples=3 range=[0.570,0.575] collision_tt=-1.000 ttc=-1.000 p=[0.000,0.000,0.000]
[fsm_node-3] [32m -- [Fsm] Traj finish.[0m
