receive_epoch_s,odom_stamp_s,x,y,z,vx,vy,vz,solid_clearance_m,nearest_cylinder_index
1789477353.9543183,1789477353.9532053,0.0,0.0,1.5,0.0,0.0,0.0,7.36492295892264,6
1789477353.9637034,1789477353.963193,0.0,0.0,1.5,0.0,0.0,0.0,7.36492295892264,6
1789477353.9735522,1789477353.9731894,0.0,0.0,1.5,0.0,0.0,0.0,7.36492295892264,6
1789477353.9838674,1789477353.9833262,0.0,0.0,1.5,0.0,0.0,0.0,7.36492295892264,6
1789477353.9936998,1789477353.9931984,0.0,0.0,1.5,0.0,0.0,0.0,7.36492295892264,6
1789477354.0038984,1789477354.003205,0.0,0.0,1.5,0.0,0.0,0.0,7.36492295892264,6
1789477354.0137029,1789477354.0131946,0.0,0.0,1.5,0.0,0.0,0.0,7.36492295892264,6
1789477354.0237353,1789477354.0232024,0.0,0.0,1.5,0.0,0.0,0.0,7.36492295892264,6
1789477354.0336719,1789477354.0331964,0.0,0.0,1.5,0.0,0.0,0.0,7.36492295892264,6
1789477354.043872,1789477354.0432134,0.0,0.0,1.5,0.0,0.0,0.0,7.36492295892264,6
1789477354.0538073,1789477354.053198,0.0,0.0,1.5,0.0,0.0,0.0,7.36492295892264,6
1789477354.0637062,1789477354.063194,0.0,0.0,1.5,0.0,0.0,0.0,7.36492295892264,6
1789477354.0735395,1789477354.073208,0.0,0.0,1.5,0.0,0.0,0.0,7.36492295892264,6
1789477354.0836785,1789477354.0831912,0.0,0.0,1.5,0.0,0.0,0.0,7.36492295892264,6
1789477354.0937188,1789477354.0932014,0.0,0.0,1.5,0.0,0.0,0.0,7.36492295892264,6
1789477354.1036475,1789477354.1031694,0.0,0.0,1.5,0.0,0.0,0.0,7.36492295892264,6
1789477354.1136894,1789477354.1131995,0.0,0.0,1.5,0.0,0.0,0.0,7.36492295892264,6
1789477354.123707,1789477354.123197,0.0,0.0,1.5,0.0,0.0,0.0,7.36492295892264,6
1789477354.1336772,1789477354.1332047,0.0,0.0,1.5,0.0,0.0,0.0,7.36492295892264,6
1789477354.1437366,1789477354.143213,0.0,0.0,1.5,0.0,0.0,0.0,7.36492295892264,6
1789477354.1537704,1789477354.1531937,0.0,0.0,1.5,0.0,0.0,0.0,7.36492295892264,6
1789477354.1637263,1789477354.163196,0.0,0.0,1.5,0.0,0.0,0.0,7.36492295892264,6
1789477354.1736982,1789477354.1731958,0.0,0.0,1.5,0.0,0.0,0.0,7.36492295892264,6
1789477354.1836956,1789477354.183195,0.0,0.0,1.5,0.0,0.0,0.0,7.36492295892264,6
1789477354.1936843,1789477354.1931977,0.0,0.0,1.5,0.0,0.0,0.0,7.36492295892264,6
1789477354.203673,1789477354.2032008,0.0,0.0,1.5,0.0,0.0,0.0,7.36492295892264,6
1789477354.2138767,1789477354.2132106,0.0,0.0,1.5,0.0,0.0,0.0,7.36492295892264,6
1789477354.223752,1789477354.2231991,0.0,0.0,1.5,0.0,0.0,0.0,7.36492295892264,6
1789477354.2337048,1789477354.2331622,0.0,0.0,1.5,0.0,0.0,0.0,7.36492295892264,6
1789477354.2437282,1789477354.243207,0.0,0.0,1.5,0.0,0.0,0.0,7.36492295892264,6
1789477354.253774,1789477354.2531981,0.0,0.0,1.5,0.0,0.0,0.0,7.36492295892264,6
1789477354.2637193,1789477354.2631931,0.0,0.0,1.5,0.0,0.0,0.0,7.36492295892264,6
1789477354.2736888,1789477354.2731938,0.0,0.0,1.5,0.0,0.0,0.0,7.36492295892264,6
1789477354.283734,1789477354.283197,0.0,0.0,1.5,0.0,0.0,0.0,7.36492295892264,6
1789477354.2937312,1789477354.2931948,0.0,0.0,1.5,0.0,0.0,0.0,7.36492295892264,6
1789477354.303701,1789477354.3031945,0.0,0.0,1.5,0.0,0.0,0.0,7.36492295892264,6
1789477354.3136938,1789477354.313196,0.0,0.0,1.5,0.0,0.0,0.0,7.36492295892264,6
1789477354.3236547,1789477354.3231957,0.0,0.0,1.5,0.0,0.0,0.0,7.36492295892264,6
1789477354.3337073,1789477354.3331985,0.0,0.0,1.5,0.0,0.0,0.0,7.36492295892264,6
1789477354.3436975,1789477354.343192,0.0,0.0,1.5,0.0,0.0,0.0,7.36492295892264,6
1789477354.3537848,1789477354.3531942,0.0,0.0,1.5,0.0,0.0,0.0,7.36492295892264,6
1789477354.3638368,1789477354.3631954,0.0,0.0,1.5,0.0,0.0,0.0,7.36492295892264,6
1789477354.373634,1789477354.3731627,0.0,0.0,1.5,0.0,0.0,0.0,7.36492295892264,6
1789477354.3838086,1789477354.3832114,0.0,0.0,1.5,0.0,0.0,0.0,7.36492295892264,6
1789477354.393911,1789477354.3931863,0.0,0.0,1.5,0.0,0.0,0.0,7.36492295892264,6
1789477354.4037492,1789477354.4032004,0.0,0.0,1.5,0.0,0.0,0.0,7.36492295892264,6
1789477354.4138987,1789477354.413276,0.0,0.0,1.5,0.0,0.0,0.0,7.36492295892264,6
1789477354.4238994,1789477354.423314,0.0,0.0,1.5,0.0,0.0,0.0,7.36492295892264,6
1789477354.4337347,1789477354.4331913,0.0,0.0,1.5,0.0,0.0,0.0,7.36492295892264,6
1789477354.4437299,1789477354.4431946,0.0,0.0,1.5,0.0,0.0,0.0,7.36492295892264,6
1789477354.453803,1789477354.4531946,0.0,0.0,1.5,0.0,0.0,0.0,7.36492295892264,6
1789477354.4636993,1789477354.4631906,0.0,0.0,1.5,0.0,0.0,0.0,7.36492295892264,6
1789477354.4738355,1789477354.4731934,0.0,0.0,1.5,0.0,0.0,0.0,7.36492295892264,6
1789477354.4837115,1789477354.4831905,0.0,0.0,1.5,0.0,0.0,0.0,7.36492295892264,6
1789477354.4937081,1789477354.4931946,0.0,0.0,1.5,0.0,0.0,0.0,7.36492295892264,6
1789477354.5036309,1789477354.503198,0.0,0.0,1.5,0.0,0.0,0.0,7.36492295892264,6
1789477354.5136986,1789477354.5131936,0.0,0.0,1.5,0.0,0.0,0.0,7.36492295892264,6
1789477354.5237167,1789477354.5231905,0.0,0.0,1.5,0.0,0.0,0.0,7.36492295892264,6
1789477354.5337164,1789477354.5331917,0.0,0.0,1.5,0.0,0.0,0.0,7.36492295892264,6
1789477354.5436249,1789477354.543203,0.0,0.0,1.5,0.0,0.0,0.0,7.36492295892264,6
1789477354.553813,1789477354.5531905,0.0,0.0,1.5,0.0,0.0,0.0,7.36492295892264,6
1789477354.5636892,1789477354.5631905,0.0,0.0,1.5,0.0,0.0,0.0,7.36492295892264,6
1789477354.5737586,1789477354.5731921,0.0,0.0,1.5,0.0,0.0,0.0,7.36492295892264,6
1789477354.5837202,1789477354.5831914,0.0,0.0,1.5,0.0,0.0,0.0,7.36492295892264,6
1789477354.5939362,1789477354.593197,0.0,0.0,1.5,0.0,0.0,0.0,7.36492295892264,6
1789477354.6037693,1789477354.6031911,0.0,0.0,1.5,0.0,0.0,0.0,7.36492295892264,6
1789477354.613686,1789477354.6131942,0.0,0.0,1.5,0.0,0.0,0.0,7.36492295892264,6
1789477354.6236641,1789477354.6231883,0.0,0.0,1.5,0.0,0.0,0.0,7.36492295892264,6
1789477354.633703,1789477354.6331978,0.0,0.0,1.5,0.0,0.0,0.0,7.36492295892264,6
1789477354.6438947,1789477354.6432111,0.0,0.0,1.5,0.0,0.0,0.0,7.36492295892264,6
1789477354.6538284,1789477354.6531842,0.0,0.0,1.5,0.0,0.0,0.0,7.36492295892264,6
1789477354.6636887,1789477354.6631877,0.0,0.0,1.5,0.0,0.0,0.0,7.36492295892264,6
1789477354.6736832,1789477354.673185,0.0,0.0,1.5,0.0,0.0,0.0,7.36492295892264,6
1789477354.683702,1789477354.683188,0.0,0.0,1.5,0.0,0.0,0.0,7.36492295892264,6
1789477354.6936991,1789477354.693186,0.0,0.0,1.5,0.0,0.0,0.0,7.36492295892264,6
1789477354.7036767,1789477354.7031891,0.0,0.0,1.5,0.0,0.0,0.0,7.36492295892264,6
1789477354.7136528,1789477354.7131839,0.0,0.0,1.5,0.0,0.0,0.0,7.36492295892264,6
1789477354.7236829,1789477354.723183,0.0,0.0,1.5,0.0,0.0,0.0,7.36492295892264,6
1789477354.7336867,1789477354.7331882,0.0,0.0,1.5,0.0,0.0,0.0,7.36492295892264,6
1789477354.743697,1789477354.743185,0.0,0.0,1.5,0.0,0.0,0.0,7.36492295892264,6
1789477354.7537308,1789477354.7531834,0.0,0.0,1.5,0.0,0.0,0.0,7.36492295892264,6
1789477354.7636352,1789477354.7631853,0.0,0.0,1.5,0.0,0.0,0.0,7.36492295892264,6
1789477354.7735841,1789477354.7731848,0.0,0.0,1.5,0.0,0.0,0.0,7.36492295892264,6
1789477354.7835608,1789477354.783186,0.0,0.0,1.5,0.0,0.0,0.0,7.36492295892264,6
1789477354.7935245,1789477354.7931843,0.0,0.0,1.5,0.0,0.0,0.0,7.36492295892264,6
1789477354.8035402,1789477354.8031857,0.0,0.0,1.5,0.0,0.0,0.0,7.36492295892264,6
1789477354.8137417,1789477354.8132,0.0,0.0,1.5,0.0,0.0,0.0,7.36492295892264,6
1789477354.8236074,1789477354.823184,0.0,0.0,1.5,0.0,0.0,0.0,7.36492295892264,6
1789477354.8335724,1789477354.833187,0.0,0.0,1.5,0.0,0.0,0.0,7.36492295892264,6
1789477354.843601,1789477354.8431983,0.0,0.0,1.5,0.0,0.0,0.0,7.36492295892264,6
1789477354.853707,1789477354.853182,0.0,0.0,1.5,0.0,0.0,0.0,7.36492295892264,6
1789477354.863756,1789477354.8631878,0.0,0.0,1.5,0.0,0.0,0.0,7.36492295892264,6
1789477354.8737733,1789477354.8731663,0.0,0.0,1.5,0.0,0.0,0.0,7.36492295892264,6
1789477354.88371,1789477354.8831837,0.0,0.0,1.5,0.0,0.0,0.0,7.36492295892264,6
1789477354.8936827,1789477354.8931558,0.0,0.0,1.5,0.0,0.0,0.0,7.36492295892264,6
1789477354.903702,1789477354.903187,0.0,0.0,1.5,0.0,0.0,0.0,7.36492295892264,6
1789477354.9136176,1789477354.913187,0.0,0.0,1.5,0.0,0.0,0.0,7.36492295892264,6
1789477354.9236958,1789477354.9231899,0.0,0.0,1.5,0.0,0.0,0.0,7.36492295892264,6
1789477354.9336343,1789477354.9331896,0.0,0.0,1.5,0.0,0.0,0.0,7.36492295892264,6
1789477354.9437444,1789477354.9431944,0.0,0.0,1.5,0.0,0.0,0.0,7.36492295892264,6
1789477354.9538462,1789477354.953188,0.0,0.0,1.5,0.0,0.0,0.0,7.36492295892264,6
1789477354.9636695,1789477354.963188,0.0,0.0,1.5,0.0,0.0,0.0,7.36492295892264,6
1789477354.97381,1789477354.9731846,0.0,0.0,1.5,0.0,0.0,0.0,7.36492295892264,6
1789477354.9836707,1789477354.9831665,0.0,0.0,1.5,0.0,0.0,0.0,7.36492295892264,6
1789477354.9938,1789477354.9931862,0.0,0.0,1.5,0.0,0.0,0.0,7.36492295892264,6
1789477355.003771,1789477355.0031886,0.0,0.0,1.5,0.0,0.0,0.0,7.36492295892264,6
1789477355.0136247,1789477355.0131872,0.0,0.0,1.5,0.0,0.0,0.0,7.36492295892264,6
1789477355.0236254,1789477355.0231867,0.0,0.0,1.5,0.0,0.0,0.0,7.36492295892264,6
1789477355.0336723,1789477355.0331888,0.0,0.0,1.5,0.0,0.0,0.0,7.36492295892264,6
1789477355.0436065,1789477355.0432036,0.0,0.0,1.5,0.0,0.0,0.0,7.36492295892264,6
1789477355.0537944,1789477355.0531874,0.0,0.0,1.5,0.0,0.0,0.0,7.36492295892264,6
1789477355.063612,1789477355.063194,0.0,0.0,1.5,0.0,0.0,0.0,7.36492295892264,6
1789477355.073586,1789477355.0731845,0.0,0.0,1.5,0.0,0.0,0.0,7.36492295892264,6
1789477355.0836313,1789477355.083183,0.0,0.0,1.5,0.0,0.0,0.0,7.36492295892264,6
1789477355.0935998,1789477355.093186,0.0,0.0,1.5,0.0,0.0,0.0,7.36492295892264,6
1789477355.103591,1789477355.1031854,0.0,0.0,1.5,0.0,0.0,0.0,7.36492295892264,6
1789477355.1136146,1789477355.1131854,0.0,0.0,1.5,0.0,0.0,0.0,7.36492295892264,6
1789477355.123629,1789477355.1231823,0.0,0.0,1.5,0.0,0.0,0.0,7.36492295892264,6
1789477355.1335914,1789477355.1331997,0.0,0.0,1.5,0.0,0.0,0.0,7.36492295892264,6
1789477355.1436327,1789477355.143193,0.0,0.0,1.5,0.0,0.0,0.0,7.36492295892264,6
1789477355.1537914,1789477355.1531837,0.0,0.0,1.5,0.0,0.0,0.0,7.36492295892264,6
1789477355.1636512,1789477355.163186,0.0,0.0,1.5,0.0,0.0,0.0,7.36492295892264,6
1789477355.1736007,1789477355.1731832,0.0,0.0,1.5,0.0,0.0,0.0,7.36492295892264,6
1789477355.1835744,1789477355.1831625,0.0,0.0,1.5,0.0,0.0,0.0,7.36492295892264,6
1789477355.1935894,1789477355.1931837,0.0,0.0,1.5,0.0,0.0,0.0,7.36492295892264,6
1789477355.2036314,1789477355.203191,0.0,0.0,1.5,0.0,0.0,0.0,7.36492295892264,6
1789477355.2136269,1789477355.2131824,0.0,0.0,1.5,0.0,0.0,0.0,7.36492295892264,6
1789477355.223594,1789477355.2231836,0.0,0.0,1.5,0.0,0.0,0.0,7.36492295892264,6
1789477355.2336745,1789477355.2331505,0.0,0.0,1.5,0.0,0.0,0.0,7.36492295892264,6
1789477355.2436316,1789477355.243193,0.0,0.0,1.5,0.0,0.0,0.0,7.36492295892264,6
1789477355.2537787,1789477355.253185,0.0,0.0,1.5,0.0,0.0,0.0,7.36492295892264,6
1789477355.263654,1789477355.2631817,0.0,0.0,1.5,0.0,0.0,0.0,7.36492295892264,6
1789477355.2735937,1789477355.2731812,0.0,0.0,1.5,0.0,0.0,0.0,7.36492295892264,6
1789477355.283574,1789477355.2831821,0.0,0.0,1.5,0.0,0.0,0.0,7.36492295892264,6
1789477355.2936785,1789477355.2931817,0.0,0.0,1.5,0.0,0.0,0.0,7.36492295892264,6
1789477355.3035939,1789477355.303188,0.0,0.0,1.5,0.0,0.0,0.0,7.36492295892264,6
1789477355.3139482,1789477355.3131855,0.0,0.0,1.5,0.0,0.0,0.0,7.36492295892264,6
1789477355.323833,1789477355.3231847,0.0,0.0,1.5,0.0,0.0,0.0,7.36492295892264,6
1789477355.3337693,1789477355.3331854,0.0,0.0,1.5,0.0,0.0,0.0,7.36492295892264,6
1789477355.343745,1789477355.3432019,0.0,0.0,1.5,0.0,0.0,0.0,7.36492295892264,6
1789477355.3537562,1789477355.3531823,0.0,0.0,1.5,0.0,0.0,0.0,7.36492295892264,6
1789477355.3636143,1789477355.3631809,0.0,0.0,1.5,0.0,0.0,0.0,7.36492295892264,6
1789477355.3738317,1789477355.3731837,0.0,0.0,1.5,0.0,0.0,0.0,7.36492295892264,6
1789477355.3836527,1789477355.3831804,0.0,0.0,1.5,0.0,0.0,0.0,7.36492295892264,6
1789477355.393592,1789477355.3931842,0.0,0.0,1.5,0.0,0.0,0.0,7.36492295892264,6
1789477355.4038084,1789477355.403184,0.0,0.0,1.5,0.0,0.0,0.0,7.36492295892264,6
1789477355.4140272,1789477355.4131835,0.0,0.0,1.5,0.0,0.0,0.0,7.36492295892264,6
1789477355.4237351,1789477355.4231818,0.0,0.0,1.5,0.0,0.0,0.0,7.36492295892264,6
1789477355.4336646,1789477355.4331834,0.0,0.0,1.5,0.0,0.0,0.0,7.36492295892264,6
1789477355.4436207,1789477355.4431946,0.0,0.0,1.5,0.0,0.0,0.0,7.36492295892264,6
1789477355.4537866,1789477355.453184,0.0,0.0,1.5,0.0,0.0,0.0,7.36492295892264,6
1789477355.463616,1789477355.4631803,0.0,0.0,1.5,0.0,0.0,0.0,7.36492295892264,6
1789477355.4736264,1789477355.4731824,0.0,0.0,1.5,0.0,0.0,0.0,7.36492295892264,6
1789477355.483619,1789477355.4831843,0.0,0.0,1.5,0.0,0.0,0.0,7.36492295892264,6
1789477355.4935606,1789477355.4931793,0.0,0.0,1.5,0.0,0.0,0.0,7.36492295892264,6
1789477355.5037005,1789477355.5031896,0.0,0.0,1.5,0.0,0.0,0.0,7.36492295892264,6
1789477355.5138288,1789477355.5131874,0.0,0.0,1.5,0.0,0.0,0.0,7.36492295892264,6
1789477355.5237546,1789477355.5232074,0.0,0.0,1.5,0.0,0.0,0.0,7.36492295892264,6
1789477355.5337996,1789477355.5331929,0.0,0.0,1.5,0.0,0.0,0.0,7.36492295892264,6
1789477355.543812,1789477355.5431778,0.0,0.0,1.5,0.0,0.0,0.0,7.36492295892264,6
1789477355.553769,1789477355.5531754,0.0,0.0,1.5,0.0,0.0,0.0,7.36492295892264,6
1789477355.5636268,1789477355.5631745,0.0,0.0,1.5,0.0,0.0,0.0,7.36492295892264,6
1789477355.573632,1789477355.5731742,0.0,0.0,1.5,0.0,0.0,0.0,7.36492295892264,6
1789477355.5836058,1789477355.583174,0.0,0.0,1.5,0.0,0.0,0.0,7.36492295892264,6
1789477355.5937142,1789477355.5931768,0.0,0.0,1.5,0.0,0.0,0.0,7.36492295892264,6
1789477355.6037297,1789477355.6031787,0.0,0.0,1.5,0.0,0.0,0.0,7.36492295892264,6
1789477355.613584,1789477355.613179,0.0,0.0,1.5,0.0,0.0,0.0,7.36492295892264,6
1789477355.62375,1789477355.6231778,0.0,0.0,1.5,0.0,0.0,0.0,7.36492295892264,6
1789477355.6337209,1789477355.6331758,0.0,0.0,1.5,0.0,0.0,0.0,7.36492295892264,6
1789477355.643799,1789477355.6431866,0.0,0.0,1.5,0.0,0.0,0.0,7.36492295892264,6
1789477355.6537097,1789477355.6531754,0.0,0.0,1.5,0.0,0.0,0.0,7.36492295892264,6
1789477355.6637301,1789477355.663176,0.0,0.0,1.5,0.0,0.0,0.0,7.36492295892264,6
1789477355.673635,1789477355.673173,0.0,0.0,1.5,0.0,0.0,0.0,7.36492295892264,6
1789477355.6836588,1789477355.6831732,0.0,0.0,1.5,0.0,0.0,0.0,7.36492295892264,6
1789477355.693626,1789477355.693174,0.0,0.0,1.5,0.0,0.0,0.0,7.36492295892264,6
1789477355.7038012,1789477355.7031815,0.0,0.0,1.5,0.0,0.0,0.0,7.36492295892264,6
1789477355.7137623,1789477355.7131746,0.0,0.0,1.5,0.0,0.0,0.0,7.36492295892264,6
1789477355.723708,1789477355.7231777,0.0,0.0,1.5,0.0,0.0,0.0,7.36492295892264,6
1789477355.7334957,1789477355.733176,0.0,0.0,1.5,0.0,0.0,0.0,7.36492295892264,6
1789477355.7435188,1789477355.7431884,0.0,0.0,1.5,0.0,0.0,0.0,7.36492295892264,6
1789477355.7537541,1789477355.7531724,0.0,0.0,1.5,0.0,0.0,0.0,7.36492295892264,6
1789477355.7637277,1789477355.7631736,0.0,0.0,1.5,0.0,0.0,0.0,7.36492295892264,6
1789477355.7736964,1789477355.7731738,0.0,0.0,1.5,0.0,0.0,0.0,7.36492295892264,6
1789477355.7837112,1789477355.7831752,0.0,0.0,1.5,0.0,0.0,0.0,7.36492295892264,6
1789477355.7937238,1789477355.7931726,0.0,0.0,1.5,0.0,0.0,0.0,7.36492295892264,6
1789477355.80369,1789477355.8031726,0.0,0.0,1.5,0.0,0.0,0.0,7.36492295892264,6
1789477355.8137124,1789477355.813177,0.0,0.0,1.5,0.0,0.0,0.0,7.36492295892264,6
1789477355.823668,1789477355.8231697,0.0,0.0,1.5,0.0,0.0,0.0,7.36492295892264,6
1789477355.8336287,1789477355.8331728,0.0,0.0,1.5,0.0,0.0,0.0,7.36492295892264,6
1789477355.8442507,1789477355.8431776,0.0,0.0,1.5,0.0,0.0,0.0,7.36492295892264,6
1789477355.8537724,1789477355.853178,0.0,0.0,1.5,0.0,0.0,0.0,7.36492295892264,6
1789477355.8638525,1789477355.8631854,0.0,0.0,1.5,0.0,0.0,0.0,7.36492295892264,6
1789477355.8738997,1789477355.873205,0.0,0.0,1.5,0.0,0.0,0.0,7.36492295892264,6
1789477355.8837974,1789477355.8831918,0.0,0.0,1.5,0.0,0.0,0.0,7.36492295892264,6
1789477355.893706,1789477355.8931994,0.0,0.0,1.5,0.0,0.0,0.0,7.36492295892264,6
1789477355.9039679,1789477355.903178,0.0,0.0,1.5,0.0,0.0,0.0,7.36492295892264,6
1789477355.9143252,1789477355.9131894,0.0,0.0,1.5,0.0,0.0,0.0,7.36492295892264,6
1789477355.924558,1789477355.9231987,0.0,0.0,1.5,0.0,0.0,0.0,7.36492295892264,6
1789477355.93448,1789477355.9331863,0.0,0.0,1.5,0.0,0.0,0.0,7.36492295892264,6
1789477355.9443774,1789477355.9432037,0.0,0.0,1.5,0.0,0.0,0.0,7.36492295892264,6
1789477355.9541512,1789477355.9531794,0.0,0.0,1.5,0.0,0.0,0.0,7.36492295892264,6
1789477355.9637337,1789477355.9631724,0.0,0.0,1.5,0.0,0.0,0.0,7.36492295892264,6
1789477355.9740188,1789477355.9731958,0.0,0.0,1.5,0.0,0.0,0.0,7.36492295892264,6
1789477355.9837697,1789477355.9832053,0.0,0.0,1.5,0.0,0.0,0.0,7.36492295892264,6
1789477355.9935853,1789477355.993184,0.0,0.0,1.5,0.0,0.0,0.0,7.36492295892264,6
1789477356.00362,1789477356.003183,0.0,0.0,1.5,0.0,0.0,0.0,7.36492295892264,6
1789477356.013738,1789477356.0131543,0.0,0.0,1.5,0.0,0.0,0.0,7.36492295892264,6
1789477356.0238385,1789477356.023242,0.0,0.0,1.5,0.0,0.0,0.0,7.36492295892264,6
1789477356.033628,1789477356.0331514,0.0,0.0,1.5,0.0,0.0,0.0,7.36492295892264,6
1789477356.0437973,1789477356.043212,0.0,0.0,1.5,0.0,0.0,0.0,7.36492295892264,6
1789477356.0536814,1789477356.0531805,0.0,0.0,1.5,0.0,0.0,0.0,7.36492295892264,6
1789477356.0637288,1789477356.0632102,0.0,0.0,1.5,0.0,0.0,0.0,7.36492295892264,6
1789477356.0740187,1789477356.073198,0.0,0.0,1.5,0.0,0.0,0.0,7.36492295892264,6
1789477356.0845983,1789477356.0832236,0.0,0.0,1.5,0.0,0.0,0.0,7.36492295892264,6
1789477356.0943387,1789477356.093213,0.0,0.0,1.5,0.0,0.0,0.0,7.36492295892264,6
1789477356.104513,1789477356.1032124,0.0,0.0,1.5,0.0,0.0,0.0,7.36492295892264,6
1789477356.1139154,1789477356.1131704,0.0,0.0,1.5,0.0,0.0,0.0,7.36492295892264,6
1789477356.1239185,1789477356.1231859,0.0,0.0,1.5,0.0,0.0,0.0,7.36492295892264,6
1789477356.1336603,1789477356.1331778,0.0,0.0,1.5,0.0,0.0,0.0,7.36492295892264,6
1789477356.143702,1789477356.1431878,0.0,0.0,1.5,0.0,0.0,0.0,7.36492295892264,6
1789477356.153956,1789477356.1532452,0.0,0.0,1.5,0.0,0.0,0.0,7.36492295892264,6
1789477356.1636245,1789477356.1631708,0.0,0.0,1.5,0.0,0.0,0.0,7.36492295892264,6
1789477356.1736026,1789477356.1731875,0.0,0.0,1.5,0.0,0.0,0.0,7.36492295892264,6
1789477356.1835907,1789477356.1831424,0.0,0.0,1.5,0.0,0.0,0.0,7.36492295892264,6
1789477356.1938202,1789477356.1931562,0.0,0.0,1.5,0.0,0.0,0.0,7.36492295892264,6
1789477356.203753,1789477356.203169,0.0,0.0,1.5,0.0,0.0,0.0,7.36492295892264,6
1789477356.2136161,1789477356.2131715,0.0,0.0,1.5,0.0,0.0,0.0,7.36492295892264,6
1789477356.223629,1789477356.2231734,0.0,0.0,1.5,0.0,0.0,0.0,7.36492295892264,6
1789477356.233659,1789477356.2331724,0.0,0.0,1.5,0.0,0.0,0.0,7.36492295892264,6
1789477356.2436283,1789477356.2431886,0.0,0.0,1.5,0.0,0.0,0.0,7.36492295892264,6
1789477356.2538617,1789477356.2531862,0.0,0.0,1.5,0.0,0.0,0.0,7.36492295892264,6
1789477356.2637377,1789477356.2632487,0.0,0.0,1.5,0.0,0.0,0.0,7.36492295892264,6
1789477356.273641,1789477356.2731738,0.0,0.0,1.5,0.0,0.0,0.0,7.36492295892264,6
1789477356.2837796,1789477356.283198,0.0,0.0,1.5,0.0,0.0,0.0,7.36492295892264,6
1789477356.293694,1789477356.293173,0.0,0.0,1.5,0.0,0.0,0.0,7.36492295892264,6
1789477356.303746,1789477356.303179,0.0,0.0,1.5,0.0,0.0,0.0,7.36492295892264,6
1789477356.313678,1789477356.3131723,0.0,0.0,1.5,0.0,0.0,0.0,7.36492295892264,6
1789477356.3236105,1789477356.3231742,0.0,0.0,1.5,0.0,0.0,0.0,7.36492295892264,6
1789477356.3336532,1789477356.333171,0.0,0.0,1.5,0.0,0.0,0.0,7.36492295892264,6
1789477356.3435924,1789477356.3431811,0.0,0.0,1.5,0.0,0.0,0.0,7.36492295892264,6
1789477356.3537934,1789477356.3531506,0.0,0.0,1.5,0.0,0.0,0.0,7.36492295892264,6
1789477356.3636642,1789477356.3631775,0.0,0.0,1.5,0.0,0.0,0.0,7.36492295892264,6
1789477356.3736517,1789477356.3731394,0.0,0.0,1.5,0.0,0.0,0.0,7.36492295892264,6
1789477356.383833,1789477356.3831942,0.0,0.0,1.5,0.0,0.0,0.0,7.36492295892264,6
1789477356.3936718,1789477356.3931727,0.0,0.0,1.5,0.0,0.0,0.0,7.36492295892264,6
1789477356.4036891,1789477356.4031873,0.0,0.0,1.5,0.0,0.0,0.0,7.36492295892264,6
1789477356.4136589,1789477356.413179,0.0,0.0,1.5,0.0,0.0,0.0,7.36492295892264,6
1789477356.4237592,1789477356.4231775,0.0,0.0,1.5,0.0,0.0,0.0,7.36492295892264,6
1789477356.4339635,1789477356.4331539,0.0,0.0,1.5,0.0,0.0,0.0,7.36492295892264,6
1789477356.4437325,1789477356.443184,0.0,0.0,1.5,0.0,0.0,0.0,7.36492295892264,6
1789477356.4537697,1789477356.453178,0.0,0.0,1.5,0.0,0.0,0.0,7.36492295892264,6
1789477356.4639134,1789477356.463149,0.0,0.0,1.5,0.0,0.0,0.0,7.36492295892264,6
1789477356.4736836,1789477356.473176,0.0,0.0,1.5,0.0,0.0,0.0,7.36492295892264,6
1789477356.483731,1789477356.4831817,0.0,0.0,1.5,0.0,0.0,0.0,7.36492295892264,6
1789477356.493698,1789477356.4931757,0.0,0.0,1.5,0.0,0.0,0.0,7.36492295892264,6
1789477356.5036154,1789477356.503173,0.0,0.0,1.5,0.0,0.0,0.0,7.36492295892264,6
1789477356.51368,1789477356.513171,0.0,0.0,1.5,0.0,0.0,0.0,7.36492295892264,6
1789477356.523639,1789477356.523197,0.0,0.0,1.5,0.0,0.0,0.0,7.36492295892264,6
1789477356.5337987,1789477356.5332592,0.0,0.0,1.5,0.0,0.0,0.0,7.36492295892264,6
1789477356.543537,1789477356.5431771,0.0,0.0,1.5,0.0,0.0,0.0,7.36492295892264,6
1789477356.5538404,1789477356.5531673,0.0,0.0,1.5,0.0,0.0,0.0,7.36492295892264,6
1789477356.5640602,1789477356.5632496,0.0,0.0,1.5,0.0,0.0,0.0,7.36492295892264,6
1789477356.5739245,1789477356.5731916,0.0,0.0,1.5,0.0,0.0,0.0,7.36492295892264,6
1789477356.5838578,1789477356.5831738,0.0,0.0,1.5,0.0,0.0,0.0,7.36492295892264,6
1789477356.5937624,1789477356.593172,0.0,0.0,1.5,0.0,0.0,0.0,7.36492295892264,6
1789477356.6037097,1789477356.6031666,0.0,0.0,1.5,0.0,0.0,0.0,7.36492295892264,6
1789477356.6138604,1789477356.6131642,0.0,0.0,1.5,0.0,0.0,0.0,7.36492295892264,6
1789477356.6239274,1789477356.6231446,0.0,0.0,1.5,0.0,0.0,0.0,7.36492295892264,6
1789477356.633783,1789477356.633172,0.0,0.0,1.5,0.0,0.0,0.0,7.36492295892264,6
1789477356.6436274,1789477356.643166,0.0,0.0,1.5,0.0,0.0,0.0,7.36492295892264,6
1789477356.6538255,1789477356.6531785,0.0,0.0,1.5,0.0,0.0,0.0,7.36492295892264,6
1789477356.6639996,1789477356.6631703,0.0,0.0,1.5,0.0,0.0,0.0,7.36492295892264,6
1789477356.6739216,1789477356.67317,0.0,0.0,1.5,0.0,0.0,0.0,7.36492295892264,6
1789477356.6836805,1789477356.6831825,0.0,0.0,1.5,0.0,0.0,0.0,7.36492295892264,6
1789477356.6939077,1789477356.6931577,0.0,0.0,1.5,0.0,0.0,0.0,7.36492295892264,6
1789477356.7036192,1789477356.7032118,0.0,0.0,1.5,0.0,0.0,0.0,7.36492295892264,6
1789477356.7137454,1789477356.713197,0.0,0.0,1.5,0.0,0.0,0.0,7.36492295892264,6
1789477356.7239404,1789477356.7231882,0.0,0.0,1.5,0.0,0.0,0.0,7.36492295892264,6
1789477356.7347455,1789477356.733178,0.0,0.0,1.5,0.0,0.0,0.0,7.36492295892264,6
1789477356.7443352,1789477356.7431903,0.0,0.0,1.5,0.0,0.0,0.0,7.36492295892264,6
1789477356.7540298,1789477356.7531707,0.0,0.0,1.5,0.0,0.0,0.0,7.36492295892264,6
1789477356.7638316,1789477356.7631965,0.0,0.0,1.5,0.0,0.0,0.0,7.36492295892264,6
1789477356.7739446,1789477356.7731867,0.0,0.0,1.5,0.0,0.0,0.0,7.36492295892264,6
1789477356.7843564,1789477356.7831845,0.0,0.0,1.5,0.0,0.0,0.0,7.36492295892264,6
1789477356.794843,1789477356.7931826,0.0,0.0,1.5,0.0,0.0,0.0,7.36492295892264,6
1789477356.8045666,1789477356.8031816,0.0,0.0,1.5,0.0,0.0,0.0,7.36492295892264,6
1789477356.8147593,1789477356.81318,0.0,0.0,1.5,0.0,0.0,0.0,7.36492295892264,6
1789477356.824457,1789477356.8233078,0.0,0.0,1.5,0.0,0.0,0.0,7.36492295892264,6
1789477356.834833,1789477356.8331728,0.0,0.0,1.5,0.0,0.0,0.0,7.36492295892264,6
1789477356.8443189,1789477356.8431795,0.0,0.0,1.5,0.0,0.0,0.0,7.36492295892264,6
1789477356.8539028,1789477356.853165,0.0,0.0,1.5,0.0,0.0,0.0,7.36492295892264,6
1789477356.8637962,1789477356.8631911,0.0,0.0,1.5,0.0,0.0,0.0,7.36492295892264,6
1789477356.8737006,1789477356.873189,0.0,0.0,1.5,0.0,0.0,0.0,7.36492295892264,6
1789477356.883845,1789477356.8831525,0.0,0.0,1.5,0.0,0.0,0.0,7.36492295892264,6
1789477356.894169,1789477356.8931773,0.0,0.0,1.5,0.0,0.0,0.0,7.36492295892264,6
1789477356.9045026,1789477356.9031804,0.0,0.0,1.5,0.0,0.0,0.0,7.36492295892264,6
1789477356.914413,1789477356.9131775,0.0,0.0,1.5,0.0,0.0,0.0,7.36492295892264,6
1789477356.9243813,1789477356.9231806,0.0,0.0,1.5,0.0,0.0,0.0,7.36492295892264,6
1789477356.9347944,1789477356.933178,0.0,0.0,1.5,0.0,0.0,0.0,7.36492295892264,6
1789477356.9441137,1789477356.943189,0.0,0.0,1.5,0.0,0.0,0.0,7.36492295892264,6
1789477356.9538977,1789477356.953178,0.0,0.0,1.5,0.0,0.0,0.0,7.36492295892264,6
1789477356.963811,1789477356.9631913,0.0,0.0,1.5,0.0,0.0,0.0,7.36492295892264,6
1789477356.9736774,1789477356.9731688,0.0,0.0,1.5,0.0,0.0,0.0,7.36492295892264,6
1789477356.9834814,1789477356.9831276,0.0,0.0,1.5,0.0,0.0,0.0,7.36492295892264,6
1789477356.9936287,1789477356.9931638,0.0,0.0,1.5,0.0,0.0,0.0,7.36492295892264,6
1789477357.0036986,1789477357.0031607,0.0,0.0,1.5,0.0,0.0,0.0,7.36492295892264,6
1789477357.0136952,1789477357.0131598,0.0,0.0,1.5,0.0,0.0,0.0,7.36492295892264,6
1789477357.0236948,1789477357.023159,0.0,0.0,1.5,0.0,0.0,0.0,7.36492295892264,6
1789477357.0338101,1789477357.033145,0.0,0.0,1.5,0.0,0.0,0.0,7.36492295892264,6
1789477357.0439646,1789477357.0431628,0.0,0.0,1.5,0.0,0.0,0.0,7.36492295892264,6
1789477357.0538218,1789477357.053131,0.0,0.0,1.5,0.0,0.0,0.0,7.36492295892264,6
1789477357.0638633,1789477357.0631304,0.0,0.0,1.5,0.0,0.0,0.0,7.36492295892264,6
1789477357.073933,1789477357.0731626,0.0,0.0,1.5,0.0,0.0,0.0,7.36492295892264,6
1789477357.083781,1789477357.0831606,0.0,0.0,1.5,0.0,0.0,0.0,7.36492295892264,6
1789477357.0938394,1789477357.093158,0.0,0.0,1.5,0.0,0.0,0.0,7.36492295892264,6
1789477357.1037986,1789477357.103129,0.0,0.0,1.5,0.0,0.0,0.0,7.36492295892264,6
1789477357.1139097,1789477357.113162,0.0,0.0,1.5,0.0,0.0,0.0,7.36492295892264,6
1789477357.123879,1789477357.1231618,0.0,0.0,1.5,0.0,0.0,0.0,7.36492295892264,6
1789477357.133897,1789477357.1331663,0.050420825931344664,0.05287114315037102,1.5302037190789717,0.5671256893624965,0.6221783604058062,0.11721794638253896,7.299976518692032,26
1789477357.1438763,1789477357.1431673,0.05647640957100399,0.059515240189514,1.5314571061821192,0.6558436908651468,0.7196529060049034,0.13592944223318706,7.291903441135657,26
1789477357.1539042,1789477357.15316,0.06350680832499042,0.06723047253828542,1.5329162837442074,0.7513479431619614,0.8246220529973551,0.1561547986645231,7.282531745705322,26
1789477357.163941,1789477357.1631699,0.07149462047144248,0.07599824885651285,1.5345787366772818,0.8522063741648255,0.9355193167651319,0.17760149314568294,7.271885256101589,26
1789477357.1739168,1789477357.1731617,0.08066456328669541,0.08606582367269376,1.5364924579837078,0.9600209339075124,1.0541146180611225,0.2006212082913284,7.259665309322459,26
1789477357.1838498,1789477357.1831603,0.09075441006527153,0.09714590123562977,1.5386038650833544,1.070715421528292,1.1759318589235797,0.2243514790560043,7.246222358215993,26
1789477357.1939344,1789477357.1931698,0.10212901745771462,0.10963980595782129,1.5409904783106012,1.187366911574064,1.304365235933441,0.24945841323460427,7.231071542021188,26
1789477357.204074,1789477357.203133,0.11446129283265827,0.12318895729107888,1.5435848158167977,1.3057779952336155,1.434801346272853,0.2750435217777949,7.214649999883284,26
1789477357.2141356,1789477357.2131674,0.12825783988676326,0.13835075007262987,1.5464946786901619,1.4299425106959545,1.5716485227299843,0.3019740860792367,7.196284944221199,26
1789477357.223964,1789477357.2231605,0.14324699630857468,0.15482757853487253,1.5496641202816281,1.5564469720266005,1.711155199534964,0.3295143794681848,7.176340211374437,26
1789477357.233947,1789477357.2331607,0.1593620690069267,0.17254696005322062,1.553080038073408,1.6841475036319578,1.8520674115722047,0.3574139441506295,7.154906765453882,26
1789477357.2438822,1789477357.24317,0.17666396460615294,0.19157672907985626,1.5567562599963782,1.813012120388181,1.9943571703415641,0.38566244041293773,7.131906057035678,26
1789477357.2538862,1789477357.2531607,0.19550516065320478,0.21230567040105594,1.5607688155323254,1.9449269609437372,2.140117705011821,0.41467114089943535,7.106872666648996,26
1789477357.2638907,1789477357.2631621,0.21559887750683576,0.23441946846178824,1.5650577075425853,2.0771702309946227,2.2863526294586136,0.4438372659768645,7.0801911874709225,26
1789477357.273921,1789477357.2731614,0.23705739812913532,0.25804286596588083,1.5696477287575146,2.2099417021043717,2.433292333607652,0.4731967349990132,7.051716235483025,26
1789477357.2838974,1789477357.2831573,0.23705739812913532,0.25804286596588083,1.5696477287575146,2.2099417021043717,2.433292333607652,0.4731967349990132,7.051716235483025,26
1789477357.294049,1789477357.293142,0.28421726844160267,0.30998725402548855,1.5797659824396293,2.475662888606072,2.7277732017313725,0.5321424244214408,6.989206573138833,26
1789477357.3038847,1789477357.3031654,0.3092221974619209,0.33754356670614377,1.5851454262164761,2.6040582284348774,2.8702819591122006,0.5606881653357362,6.95371647292729,417
1789477357.313903,1789477357.313158,0.33592824911943325,0.36698552346482183,1.5909002157106227,2.732891256108527,3.0134374577673317,0.5893510383058058,6.914984801713948,417
1789477357.3239636,1789477357.3231595,0.363876382280687,0.39780880523711104,1.596931598969799,2.8594139643901526,3.1541994704405836,0.6174989592262325,6.874452709217513,417
1789477357.3340406,1789477357.3331609,0.39309859639449246,0.4300502809745933,1.6032461889451028,2.9834563184757936,3.2923881779720956,0.6450699019847062,6.832074171798117,417
1789477357.3439422,1789477357.343173,0.42349878808912267,0.46360554826039024,1.609822648609815,3.1043346318325242,3.427250937265673,0.671884825149247,6.787988977511961,417
1789477357.3539505,1789477357.3531566,0.4551212085922003,0.49852514688424665,1.6166696818622461,3.2219802778566016,3.558719962412997,0.6978984122781443,6.7421334052589925,417
1789477357.3639843,1789477357.3631568,0.4880382210849362,0.5348908769267932,1.623801801552985,3.336383356017497,3.686794507562405,0.7230743912304756,6.694403021467561,417
1789477357.3739111,1789477357.3731575,0.4880382210849362,0.5348908769267932,1.623801801552985,3.336383356017497,3.686794507562405,0.7230743912304756,6.694403021467561,417
1789477357.3838525,1789477357.383169,0.5569842236314859,0.6111154589120416,1.6387474818272754,3.552057802633489,3.9289813133850675,0.7700162180631974,6.594439007879015,417
1789477357.3940592,1789477357.3931475,0.5929590687091927,0.6509180659158473,1.6465450148389988,3.6529618371126844,4.04269284735816,0.7916228157582266,6.542284932090766,417
1789477357.403925,1789477357.4031577,0.6301403134224106,0.6920772958972303,1.6545998992437823,3.749639081368223,4.151938946423985,0.8120103132193416,6.488386142458102,417
1789477357.413698,1789477357.4131572,0.6679881756922446,0.7339975783422522,1.6627919810518466,3.840637009061239,4.255082752257058,0.8308257981156442,6.433525687947754,417
1789477357.423826,1789477357.4231582,0.7067592260901648,0.7769649141322832,1.6711731633794034,3.9266049885626164,4.3528612046897734,0.8481578062420483,6.377332211094135,417
1789477357.4339137,1789477357.433156,0.74654192680698,0.8210796154365121,1.6797582550118777,4.007672893915583,4.445427701095255,0.8639769169991662,6.319678133288211,417
1789477357.4438798,1789477357.4431708,0.7868671689370006,0.8658235180360903,1.688441334467271,4.082920079050564,4.531731329771909,0.878051904693772,6.261243879457421,417
1789477357.45389,1789477357.4531622,0.8285553458871595,0.9121094466740998,1.6973933927519902,4.153828032288338,4.61347646743871,0.8905955442095523,6.200841332987439,417
1789477357.4639173,1789477357.4631567,0.8703064237226615,0.9584961343572624,1.7063293720628954,4.2182527898060656,4.688189063423596,0.9011736443876275,6.140354734217901,417
1789477357.473928,1789477357.4731581,0.8703064237226615,0.9584961343572624,1.7063293720628954,4.2182527898060656,4.688189063423596,0.9011736443876275,6.140354734217901,417
1789477357.4839616,1789477357.483156,0.9554304423534838,1.053170067136779,1.7244360648688044,4.330780278792773,4.820083422607965,0.9168049969720324,6.017054915411788,417
1789477357.4939816,1789477357.49317,0.9994897909505883,1.1022258897502435,1.7337369400768832,4.37988460990624,4.878434381624855,0.9218659590342531,5.9532488739375555,417
1789477357.503904,1789477357.5031579,1.0431931602732294,1.1509225530447589,1.7429063198614994,4.422925337015267,4.930166809547098,0.9249021089686941,5.889967338147886,417
1789477357.513917,1789477357.513155,1.0879829766054196,1.2008691429315501,1.7522382053199743,4.461543440721592,4.977228379186498,0.9260033048901902,5.825122275479463,417
1789477357.5238225,1789477357.5231616,1.1327533244773589,1.2508347841239604,1.7614920915183567,4.494941440634874,5.018627174958857,0.9251068294259543,5.760315507656449,417
1789477357.533848,1789477357.533156,1.1773260100192493,1.3006212805803194,1.7706235140066582,4.523363912695913,5.05460830048408,0.9222643563601518,5.695805306905576,417
1789477357.5438852,1789477357.5431612,1.2226175908014818,1.3512541409548273,1.7798099594251278,4.547647938001191,5.086185720625652,0.9174152491514125,5.630265774694577,417
1789477357.553906,1789477357.553156,1.2682011987724748,1.402258650629106,1.788952188177682,4.56774716422496,5.113259473159323,0.9105705936035446,5.564315504801182,417
1789477357.5639286,1789477357.5631545,1.3145952753833394,1.4542176305729666,1.7981398871969168,4.58407664405906,5.136338911617285,0.9016125805890145,5.497205454935457,417
1789477357.5739138,1789477357.5731537,1.3145952753833394,1.4542176305729666,1.7981398871969168,4.58407664405906,5.136338911617285,0.9016125805890145,5.497205454935457,417
1789477357.5837865,1789477357.5831556,1.405917168987221,1.5566379358030877,1.8158357872049566,4.605389114785092,5.170017680727209,0.8782345956409012,5.365146852597683,417
1789477357.5936778,1789477357.5931542,1.4520120825290026,1.6084095702163559,1.824548216526638,4.611355742752298,5.181814682761832,0.8636058980780228,5.298512063490878,417
1789477357.603646,1789477357.6031532,1.4980942315278625,1.6602182723343808,1.833094247688284,4.614547168265161,5.190592310361822,0.8471304482893638,5.231911827628428,417
1789477357.6137056,1789477357.6131544,1.5442320864068906,1.7121419599231056,1.841473088775483,4.615291862747135,5.196711146491914,0.8288188712331808,5.165248374462414,417
1789477357.6237159,1789477357.6231558,1.5904159827498514,1.7641707112507772,1.8496686280324226,4.613906110053811,5.200508870301323,0.8087098687404386,5.098537059231245,417
1789477357.6337419,1789477357.6331267,1.6366580313392494,1.8163190288207463,1.8576681268426727,4.610703021482778,5.202321523833761,0.7868368416453729,5.031761979667876,417
1789477357.6436777,1789477357.6431243,1.6825340440040863,1.868108554952711,1.865385859686176,4.606040398265292,5.202483374217979,0.7634660397947324,4.965537193299356,417
1789477357.6538281,1789477357.6531413,1.7290178163673409,1.9206394542311707,1.8729689839182777,4.600115713516115,5.20131284812158,0.738142056134098,4.898459124453854,417
1789477357.6639214,1789477357.6631322,1.7747218512616711,1.972343674261579,1.8801776933103278,4.593404618279526,5.1991622568068445,0.7116876961023398,4.832532051977306,417
1789477357.6737516,1789477357.6731563,1.8210240766003922,2.024779796932512,1.887215761519509,4.5859952923822425,5.196274375327496,0.6833788817714518,4.765770697964626,417
1789477357.6837177,1789477357.683155,1.8210240766003922,2.024779796932512,1.887215761519509,4.5859952923822425,5.196274375327496,0.6833788817714518,4.765770697964626,417
1789477357.6935098,1789477357.6931705,1.912622979732537,2.1286762595828876,1.9002946757275632,4.570582650240389,5.1895691034603235,0.6231855792357074,4.633794011682117,417
1789477357.7035468,1789477357.703155,1.9577271217664398,2.1799145756238563,1.9062947719960015,4.563099934736095,5.186280271752219,0.5916519448159407,4.568860751677575,417
1789477357.7136433,1789477357.7131543,2.003372711936342,2.2318199788263158,1.9120532584681151,4.555887220529136,5.183260113017395,0.5585787992277401,4.50318861193753,417
1789477357.7236078,1789477357.7231548,2.0488554861750057,2.283591322329809,1.9174646837499256,4.549250283664784,5.180754662075456,0.5245524987888639,4.437795405748399,417
1789477357.73358,1789477357.7331526,2.094301441432815,2.335370515707334,1.9225342672919419,4.543334281778775,5.178924003712938,0.4895818528964258,4.372504120149021,417
1789477357.7436895,1789477357.743165,2.1398818187297897,2.387351422583866,1.9272689851191622,4.538262156342843,5.177907007517225,0.4536335430781883,4.30707374067423,417
1789477357.7537918,1789477357.7531617,2.185112361269131,2.43897983908617,1.9316111487983942,4.534196738163071,5.1778218342357665,0.41720073951657183,4.242204222221865,417
1789477357.7636886,1789477357.7631576,2.230432875681576,2.490755573476642,1.935597372865692,4.531177412289452,5.178742480181188,0.38004470068165624,4.177269876260639,417
1789477357.7738652,1789477357.7731607,2.2756715047249525,2.5424803048592644,1.9392050746691616,4.529274220074918,5.180717002888696,0.3424180696293252,4.112522924961747,417
1789477357.7837827,1789477357.7831693,2.3211613249563094,2.5945329063892864,1.942452660841047,4.528508623603287,5.183785426772216,0.3041564483406768,4.047493494032922,417
1789477357.7939534,1789477357.7931635,2.3666816397017905,2.6466588469946997,1.9453161884950014,4.528894148532036,5.187929796564918,0.2655596608414021,3.9825046863283298,417
1789477357.803812,1789477357.8031552,2.411690880599995,2.6982348940774927,1.9477645781921904,4.530377517831085,5.193038880861187,0.2272088255392564,3.918335538214361,417
1789477357.8138103,1789477357.8131542,2.457012955856076,2.7502023372016264,1.9498435498696038,4.532918563661509,5.199122664717035,0.18852077545732127,3.8538184243118456,417
1789477357.8238137,1789477357.8231542,2.502408616411897,2.802284573659918,1.9515370266468994,4.5364281726206155,5.206052867827731,0.14981636463603842,3.789303226368616,417
1789477357.8338335,1789477357.833119,2.5482551769216646,2.8549122043198674,1.952853655325137,4.540832882370164,5.213760668205312,0.11089329972925097,3.7242642076435657,417
1789477357.8439336,1789477357.8431697,2.593694803941091,2.907097720250202,1.953770986008668,4.545906280146841,5.221934350653269,0.07259552526740554,3.659927461271375,417
1789477357.853911,1789477357.8531506,2.638632429832927,2.9587284167718213,1.9543026689686824,4.551450548352166,5.230350426682875,0.0351045422290519,3.5964330243668994,417
1789477357.8647325,1789477357.863151,2.6840917439962046,3.01097768037205,1.9544658380455115,4.557402075491029,5.238984524154953,-0.002326259168877569,3.5323442188367182,417
1789477357.873972,1789477357.8731503,2.729837659658725,3.0635730276664264,1.9542561240624148,4.563524638875944,5.247552769525621,-0.03938504722578953,3.4680065380822858,417
1789477357.8838832,1789477357.8831403,2.729837659658725,3.0635730276664264,1.9542561240624148,4.563524638875944,5.247552769525621,-0.03938504722578953,3.4680065380822858,417
1789477357.8939447,1789477357.8931544,2.821106042173866,3.168545882483892,1.9527482165830858,4.575184969083248,5.263214601460866,-0.11110030328556325,3.340153880889488,417
1789477357.9040403,1789477357.9032674,2.8668597025349114,3.221184042613757,1.9514638852276587,4.580232332245988,5.269766703775167,-0.14575003039071277,3.276338025012816,417
1789477357.9137075,1789477357.9131615,2.9127502774347094,3.27398597383238,1.949834371939654,4.5843875418504085,5.275052658566832,-0.1795123073012721,3.2125338075290064,417
1789477357.923812,1789477357.9231505,2.9587007653589956,3.3268607378462662,1.9478708130228088,4.587342797927082,5.278727723131571,-0.21224150756197396,3.1488625188500197,417
1789477357.933804,1789477357.9331517,3.0044733448858025,3.379532423465299,1.945595591333095,4.588784753607469,5.280443518213062,-0.24369514950756618,3.085666314495384,417
1789477357.9438782,1789477357.9431772,3.0503642273091764,3.432339779785055,1.9430058487651833,4.588414821400578,5.279870766131827,-0.27400638848245384,3.0225498968579716,417
1789477357.953841,1789477357.9531233,3.0967013088708257,3.485658109759215,1.9400889891895299,4.58587378361143,5.276605686987385,-0.3032996920462676,2.9590818825532264,417
1789477357.9637296,1789477357.9631243,3.142122248618591,3.5379180444986167,1.9369467135051261,4.580950197561902,5.270432377709003,-0.3306702075237603,2.8971397335271347,417
1789477357.973744,1789477357.9731517,3.142122248618591,3.5379180444986167,1.9369467135051261,4.580950197561902,5.270432377709003,-0.3306702075237603,2.8971397335271347,417
1789477357.9837275,1789477357.9831626,3.2336504673768722,3.6432083009983427,1.9298086389252724,4.562416026401939,5.247619904710127,-0.38154754661622486,2.773200524519803,417
1789477357.9936793,1789477357.9931543,3.2796198232422777,3.6960768175266976,1.925839653237142,4.548104212723031,5.2302026785783715,-0.4048321923569184,2.711432810505889,417
1789477358.0039222,1789477358.0031657,3.324404437858803,3.7475728853050563,1.9217401755644508,4.530515516945806,5.208928380648728,-0.42599078479453245,2.6515899634008666,417
1789477358.0139005,1789477358.0131576,3.369821443136565,3.799784976700315,1.9173584863958106,4.508675914800596,5.182650958264337,-0.4458612851547162,2.591257486013435,417
1789477358.0237691,1789477358.0231647,3.414614345620335,3.8512675679005346,1.91282554275222,4.482862569718145,5.151735376430802,-0.4638466921469508,2.5321251599613053,417
1789477358.0336943,1789477358.033155,3.4593609748747234,3.902684115424183,1.9080970084646134,4.452508143407569,5.115529150462753,-0.4801689116583779,2.4734435209408527,417
1789477358.0436292,1789477358.043167,3.5037068846247172,3.953626690772042,1.9032222130252043,4.417589671586076,5.074030788922751,-0.4946775940182182,2.4156941283540547,417
1789477358.0538137,1789477358.0531325,3.547687156167769,4.004135189661323,1.8982105281358164,4.377869373137286,5.026980463338365,-0.5073815757794813,2.358844279132382,417
1789477358.0638936,1789477358.0631564,3.591259014969914,4.054160183393124,1.8930793010600115,4.333180286065798,4.974201495613145,-0.5182665581415941,2.3029625048444817,417
1789477358.073969,1789477358.07316,3.6342859990844416,4.103544869415174,1.8878572732463597,4.283492478041335,4.915677245380606,-0.5273068126183105,2.248234590960623,417
1789477358.0839283,1789477358.0831747,3.6342859990844416,4.103544869415174,1.8878572732463597,4.283492478041335,4.915677245380606,-0.5273068126183105,2.248234590960623,417
1789477358.0939538,1789477358.0931585,3.718899089332137,4.2006156527727345,1.8771650282360928,4.168268591440409,4.780457027091647,-0.5399368862104781,2.1420340002874823,417
1789477358.1039612,1789477358.103152,3.7602449771122,4.2480264185863374,1.8717480422796564,4.102794524505447,4.7038633828395024,-0.5435231173843579,2.0908788487329106,417
1789477358.1138754,1789477358.1131485,3.80109057430865,4.294848431335829,1.866279720740686,4.031693483305895,4.620847354483831,-0.5453253801881199,2.0408561573727035,417
1789477358.1237092,1789477358.1231484,3.8409521596182152,4.3405276344754204,1.860835789965407,3.9557577945505433,4.532344467716444,-0.545357068101623,1.9925585842701563,417
1789477358.133676,1789477358.1331499,3.8805296212875406,4.385866411806055,1.8553300310282688,3.8735450635006257,4.436684694395165,-0.5436366095113396,1.9451421372998652,417
1789477358.14371,1789477358.143172,3.918271554014533,4.429088372300374,1.8499898970759119,3.7883963087243377,4.337760620322611,-0.5403044170720135,1.900450651635709,417
1789477358.1538944,1789477358.1531596,3.9558841588165015,4.472148234591454,1.8445842569914805,3.696537506380377,4.231193197633742,-0.5352698440671451,1.8564509394916395,417
1789477358.1637416,1789477358.1631565,3.9923112162939933,4.513837242738643,1.8392721920941348,3.600446073932629,4.119865022236104,-0.5286880463450099,1.8143780000718783,417
1789477358.173757,1789477358.1731508,4.0278725227106005,4.554522234706128,1.834016066669088,3.499382260365617,4.0029229235122115,-0.5205630416902499,1.773844403714859,417
1789477358.1837401,1789477358.1831765,4.0278725227106005,4.554522234706128,1.834016066669088,3.499382260365617,4.0029229235122115,-0.5205630416902499,1.773844403714859,417
1789477358.193695,1789477358.1931531,4.095664656459574,4.632044647844044,1.8238121291899634,3.2848372436752675,3.755102313245943,-0.5000847018011794,1.6981503224704613,417
1789477358.2036786,1789477358.2031567,4.127837457731213,4.668817616217717,1.8188886353485838,3.1718988190474366,3.6248534777759707,-0.4878939036843718,1.6629990561306462,417
1789477358.213649,1789477358.2131236,4.159089142936125,4.704526535486317,1.8140581954533874,3.05456632953086,3.489669947599256,-0.4743958117638006,1.6293600817795728,417
1789477358.2238061,1789477358.223161,4.189043742077108,4.738742711873223,1.8093851171898578,2.9344263186842903,3.3513803112875418,-0.4598182519261769,1.5976064000868548,417
1789477358.2336333,1789477358.2331583,4.217825709291495,4.771609321336745,1.8048561983876934,2.811255911807523,3.20972684129625,-0.44418546183088564,1.5675664544550074,417
1789477358.2438169,1789477358.2431612,4.245377181189306,4.803061250663231,1.8004861036720452,2.6855638925353844,3.0652935348268997,-0.4276079552744274,1.5392609508478745,417
1789477358.2540421,1789477358.25313,4.271491713901881,4.832863908163826,1.7963131434104798,2.5586823151473617,2.9196078652350272,-0.4103131290769834,1.512854386959552,417
1789477358.263959,1789477358.2631562,4.296434750019692,4.861321250379962,1.7922999007642089,2.4297053114312273,2.771626546078457,-0.39222447246451086,1.4880310648866375,417
1789477358.2739394,1789477358.273156,4.296434750019692,4.861321250379962,1.7922999007642089,2.4297053114312273,2.771626546078457,-0.39222447246451086,1.4880310648866375,417
1789477358.2837222,1789477358.2831547,4.342530393354304,4.913888868397277,1.7848139547817095,2.168257203096343,2.4719696556923596,-0.3542167446904513,1.4432299163691507,417
1789477358.2937033,1789477358.2931612,4.363448736279116,4.9377340078995395,1.7813875596525865,2.0380982788532953,2.322934984039735,-0.3347200875498506,1.423378805962025,417
1789477358.3037076,1789477358.3031602,4.383208053426346,4.960251745169049,1.778134398691739,1.9073814610721551,2.1733530474487246,-0.3148070742383318,1.4049141013024784,417
1789477358.3136435,1789477358.3131258,4.401586562557635,4.981190226973897,1.7750941265622062,1.7780884125862833,2.0254868353687083,-0.2948144601574699,1.387996606021663,417
1789477358.3237236,1789477358.3231554,4.418716580299214,5.000701113976583,1.772247839890477,1.6499086993266014,1.8789756465021141,-0.27472969424679716,1.3724571212681143,417
1789477358.3337495,1789477358.3331563,4.434608666414622,5.0187972652346415,1.7695963700579111,1.523351043452326,1.734395792127915,-0.2546634891063658,1.3582428227565482,417
1789477358.344034,1789477358.3431692,4.449219019412664,5.035429636138266,1.7671494309591809,1.3994469371773781,1.5929197548202412,-0.23481005836618793,1.3453505427933903,417
1789477358.354022,1789477358.353152,4.4627612529926335,5.05084214770137,1.7648733040569307,1.277008475559658,1.4531860345917598,-0.2150052771333074,1.3335541748331623,417
1789477358.3639922,1789477358.3631568,4.474883720695182,5.0646353810869185,1.7628290956609556,1.160060650795514,1.3197813635956983,-0.19592858053689308,1.3231221538016433,417
1789477358.3737314,1789477358.3731472,4.485858355769834,5.0771195619240315,1.7609728508514648,1.0470206697841544,1.1908921588084407,-0.17735097914472955,1.3137837486483457,417
1789477358.3837276,1789477358.383146,4.49573814218956,5.0883556307504305,1.7592971086245943,0.9382152945429174,1.0668846196499393,-0.1593490452358416,1.3054644178667092,417
1789477358.3937006,1789477358.3931506,4.504614021744572,5.098451200677286,1.7577673708341748,0.8271872702162792,0.9422135743746868,-0.14980731998263316,1.298058734092794,417
1789477358.4039166,1789477358.4031506,4.512187601735771,5.107149854131646,1.7562041919377305,0.691756201096138,0.8069058137027794,-0.1661579476697247,1.2917110507286436,417
1789477358.4138262,1789477358.4131615,4.518379107303988,5.114616125858516,1.7545265489842636,0.5412648426234107,0.6848965657935226,-0.15873601610045798,1.2862169146064717,417
1789477358.4238093,1789477358.4231594,4.523089024920855,5.120997850651769,1.7532471752295162,0.40328302009722594,0.5945311571357661,-0.0860389283094748,1.2813858136552996,417
1789477358.4336839,1789477358.4331558,4.526519670131077,5.126527235908866,1.7529359633187294,0.2863194185893566,0.5086475385797337,0.024237739888657673,1.2770345020665734,417
1789477358.443694,1789477358.4431696,4.528848068438288,5.1310079920539895,1.7536011842847932,0.18293745927936,0.3823634884475046,0.09752413673081115,1.2733900224131036,417
1789477358.4536905,1789477358.453162,4.5302018846406025,5.13400045410208,1.7546056266429824,0.08973930510011688,0.21068854221136862,0.08946802304397768,1.2709026736265636,417
1789477358.4637806,1789477358.4631546,4.530735625712514,5.135295078002986,1.7552242963905602,0.02326125809294506,0.058840603150061205,0.032298752141775494,1.2698125898496098,417
1789477358.4740183,1789477358.4731586,4.543711137110165,5.142865569673473,1.7510884834196074,0.2128308815229092,0.24155210563124463,-0.03675076295391555,1.2662935301668263,417
1789477358.48398,1789477358.483154,4.545605882687158,5.145015806626768,1.7507611211500163,0.16492355100774514,0.18714318440931788,-0.028511476242332412,1.264790161340717,417
1789477358.4939275,1789477358.4931607,4.547042928250046,5.1466463127785955,1.7505125630286793,0.12421370375501084,0.1409218596154309,-0.02149617803498849,1.2636523804432225,417
1789477358.5040665,1789477358.5031796,4.548108126452888,5.1478546852327005,1.7503281376701878,0.09005696825632725,0.10215160457084238,-0.01559986883871689,1.2628104144486787,417
1789477358.5139384,1789477358.5132747,4.548863061057976,5.148710933800043,1.7501973128410853,0.0622861778483621,0.07063830514526437,-0.010798558920329215,1.2622144542083558,417
1789477358.5238266,1789477358.52328,4.549372213127024,5.149288311203189,1.7501090090396212,0.04042323598128306,0.045835471215644574,-0.007013557328888753,1.2618129064363954,417
1789477358.5336523,1789477358.53315,4.54969103635669,5.149649792184573,1.7500536745214708,0.02406141681552043,0.027278171375000326,-0.004177590734028236,1.2615616424071046,417
1789477358.5436897,1789477358.5431585,4.549870483544544,5.149853213840287,1.7500225099413231,0.012695528966006009,0.014390311364389063,-0.0022055527462137015,1.2614202939174717,417
1789477358.553928,1789477358.5531206,4.549958447618541,5.149952913301947,1.7500072246227623,0.0054806701045198025,0.006211255345734301,-0.0009526466755500618,1.2613510321668582,417
1789477358.5636578,1789477358.5631607,4.54999180424668,5.149990713885295,1.7500014254737315,0.0016424790090265873,0.0018611147869300737,-0.00028562733861159373,1.2613247753220838,417
1789477358.5735633,1789477358.5731468,4.549999505010275,5.149999439229343,1.7500000861189533,0.0002025730296502104,0.00022950086120232527,-3.524147036371161e-05,1.2613187150644005,417
1789477358.5835118,1789477358.583145,4.549999999999997,5.149999999999997,1.7500000000000007,3.552713678800501e-15,-3.552713678800501e-15,4.440892098500626e-16,1.2613183255985547,417
1789477358.5935714,1789477358.5931537,4.549999999999997,5.149999999999997,1.7500000000000007,3.552713678800501e-15,-3.552713678800501e-15,4.440892098500626e-16,1.2613183255985547,417
1789477358.6034608,1789477358.6031513,4.549999999999997,5.149999999999997,1.7500000000000007,3.552713678800501e-15,-3.552713678800501e-15,4.440892098500626e-16,1.2613183255985547,417
1789477358.61356,1789477358.6131487,4.549999999999997,5.149999999999997,1.7500000000000007,3.552713678800501e-15,-3.552713678800501e-15,4.440892098500626e-16,1.2613183255985547,417
1789477358.6235213,1789477358.6231716,4.549999999999997,5.149999999999997,1.7500000000000007,3.552713678800501e-15,-3.552713678800501e-15,4.440892098500626e-16,1.2613183255985547,417
1789477358.633694,1789477358.6331782,4.549999999999997,5.149999999999997,1.7500000000000007,3.552713678800501e-15,-3.552713678800501e-15,4.440892098500626e-16,1.2613183255985547,417
1789477358.6436384,1789477358.6431632,4.549999999999997,5.149999999999997,1.7500000000000007,3.552713678800501e-15,-3.552713678800501e-15,4.440892098500626e-16,1.2613183255985547,417
1789477358.6537304,1789477358.6531396,4.549999999999997,5.149999999999997,1.7500000000000007,3.552713678800501e-15,-3.552713678800501e-15,4.440892098500626e-16,1.2613183255985547,417
1789477358.6636355,1789477358.6631458,4.549999999999997,5.149999999999997,1.7500000000000007,3.552713678800501e-15,-3.552713678800501e-15,4.440892098500626e-16,1.2613183255985547,417
1789477358.6735013,1789477358.6731472,4.549999999999997,5.149999999999997,1.7500000000000007,3.552713678800501e-15,-3.552713678800501e-15,4.440892098500626e-16,1.2613183255985547,417
1789477358.683524,1789477358.6831448,4.549999999999997,5.149999999999997,1.7500000000000007,3.552713678800501e-15,-3.552713678800501e-15,4.440892098500626e-16,1.2613183255985547,417
1789477358.6935704,1789477358.693109,4.549999999999997,5.149999999999997,1.7500000000000007,3.552713678800501e-15,-3.552713678800501e-15,4.440892098500626e-16,1.2613183255985547,417
1789477358.703758,1789477358.7031503,4.549999999999997,5.149999999999997,1.7500000000000007,3.552713678800501e-15,-3.552713678800501e-15,4.440892098500626e-16,1.2613183255985547,417
1789477358.713617,1789477358.7131476,4.549999999999997,5.149999999999997,1.7500000000000007,3.552713678800501e-15,-3.552713678800501e-15,4.440892098500626e-16,1.2613183255985547,417
1789477358.723487,1789477358.723146,4.549999999999997,5.149999999999997,1.7500000000000007,3.552713678800501e-15,-3.552713678800501e-15,4.440892098500626e-16,1.2613183255985547,417
1789477358.733518,1789477358.7331452,4.549999999999997,5.149999999999997,1.7500000000000007,3.552713678800501e-15,-3.552713678800501e-15,4.440892098500626e-16,1.2613183255985547,417
1789477358.7437177,1789477358.7431605,4.546438945006966,5.142764412296432,1.774642577764991,0.5276814889723696,0.41215547343134956,0.0006809406384559271,1.2671867799128285,417
1789477358.7536955,1789477358.7531514,4.552188516648331,5.147211591796345,1.7746659974721575,0.6234208155396964,0.47773970368506274,0.0041700185822787636,1.264629334214584,417
1789477358.7638865,1789477358.7631416,4.558956905975313,5.152347347236291,1.7747297493497705,0.7279764764431689,0.5471833981760651,0.008731297389750148,1.261745450428257,417
1789477358.773718,1789477358.7731504,4.558956905975313,5.152347347236291,1.7747297493497705,0.7279764764431689,0.5471833981760651,0.008731297389750148,1.261745450428257,417
1789477358.7836833,1789477358.783121,4.5757789956698165,5.164737006771855,1.7750221900950076,0.9612314889869054,0.6947703077304469,0.021362593809363645,1.2550832221565347,417
1789477358.793785,1789477358.7931557,4.5860473336071195,5.1720839820019044,1.7752764336927924,1.0901641614136552,0.7724105191610915,0.029620778596449297,1.251325331378202,417
1789477358.8038912,1789477358.8031518,4.5976265565833225,5.180204806258715,1.7756195731204232,1.2264729349278127,0.8516986289164536,0.03922353071624318,1.2473373234080543,417
1789477358.8138952,1789477358.8132212,4.610594993386385,5.189118286513927,1.7760653075219057,1.369865996580337,0.9321882439959412,0.0502076972787623,1.243160841226141,417
1789477358.8238554,1789477358.8231537,4.625159796743073,5.198926471442401,1.7766331465569871,1.5213302783340303,1.014132172449429,0.06270644408009407,1.2388099639941215,417
1789477358.8337712,1789477358.83312,4.64101632844675,5.209387606131725,1.7773219396727442,1.6766619586625222,1.095048105398879,0.07639630769196079,1.2344558570687674,417
1789477358.8438525,1789477358.8431532,4.658610829593713,5.220758454894651,1.7781616486061826,1.8392314663684561,1.1765051552358128,0.09158406463106439,1.2300642337000445,417
1789477358.853888,1789477358.8531523,4.6778488218518355,5.232934938582976,1.7791595228457382,2.0070063286923085,1.2572534944263745,0.10809335839461635,1.2257636280051576,417
1789477358.8638566,1789477358.8631468,4.698794857102767,5.245917407302099,1.7803292577459393,2.179551515527663,1.3369214813733543,0.12586764230365446,1.2216473499863258,417
1789477358.87385,1789477358.87314,4.698794857102767,5.245917407302099,1.7803292577459393,2.179551515527663,1.3369214813733543,0.12586764230365446,1.2216473499863258,417
1789477358.8837326,1789477358.883156,4.745852772681365,5.2741670587072,1.783223787358718,2.535604831415358,1.491013077619284,0.16471860550663583,1.2144231186812073,417
1789477358.8936462,1789477358.893113,4.772174454415824,5.289479773802151,1.7849783983984193,2.718892461913982,1.5651591005071241,0.18566059785370612,1.2115372477905775,417
1789477358.9036138,1789477358.9031477,4.800233564876729,5.3054605103161,1.7869389043044406,2.9037051494434607,1.6365039779059194,0.20728387533114895,1.2093277608495432,417
1789477358.9137187,1789477358.913152,4.830178087867785,5.322157601582066,1.7891207069588366,3.0902669204649182,1.705143344645982,0.229512227794335,1.2079207613596437,417
1789477358.923756,1789477358.9231577,4.862077634338558,5.339572138457629,1.7915333161556584,3.278198600454501,1.7709485688804278,0.2521837824544362,1.2074639310015625,417
1789477358.9338913,1789477358.933153,4.895859780192673,5.3576291651841395,1.7941739376950356,3.466311333171065,1.8335547386710656,0.2750189097705495,1.2081114225553307,417
1789477358.943964,1789477358.9432585,4.931418141020713,5.376241722814538,1.7970344833160892,3.653373943697505,1.8926652241853672,0.29771297794882456,1.210006508083772,417
1789477358.9541698,1789477358.9531772,4.969119732384185,5.395569966185234,1.8001436363315864,3.8405917483327086,1.948775191669209,0.3202380242200492,1.2133276240207251,417
1789477358.9639878,1789477358.9631574,5.008383093010988,5.415289700665115,1.8034499924257386,4.024467307605047,2.001007304037551,0.3419835709341238,1.2181702652872677,417
1789477358.9739885,1789477358.9731555,5.05023732608978,5.435887736485022,1.807035463505074,4.209050971622709,2.0506755143472706,0.36320979975321444,1.2248296596756607,417
1789477358.9838111,1789477358.9831579,5.0923333862561595,5.456199789536149,1.8106894917427372,4.383741848302934,2.0952347967831386,0.3824971703087209,1.2330263714266991,417
1789477358.9941423,1789477358.9932544,5.137580060224739,5.477616204733244,1.8146537394637128,4.560164386397918,2.137941586678015,0.4008950678032779,1.2434452647212495,417
1789477359.0040658,1789477359.0032566,5.183368253419634,5.498886704532834,1.818687303238637,4.727567137571444,2.176466845385917,0.41702570448862364,1.2556145870544937,417
1789477359.0140815,1789477359.0131862,5.2315928139171195,5.520889298072491,1.8229412970862915,4.892569935986806,2.2126942882150753,0.4312814189909866,1.2701210428539642,417
1789477359.023967,1789477359.0231357,5.28108246136998,5.543080990653198,1.8272943908946317,5.050585561511119,2.24594925527482,0.44296734040748675,1.2867260674530068,417
1789477359.0349941,1789477359.0331686,5.332467149096837,5.56574600220638,1.8317809012201276,5.203229849354888,2.276962526176182,0.45191536209947514,1.2966072909051696,429
1789477359.0438364,1789477359.0431757,5.385316112519442,5.588697446567155,1.836338909559281,5.348747501472948,2.3057834561161554,0.45770145670197815,1.2593476290308212,429
1789477359.0538988,1789477359.0532482,5.439596783132576,5.611933050176827,1.8409386813430506,5.486711161024118,2.3327692597800134,0.4600038594079785,1.2222035717412032,429
1789477359.0640066,1789477359.0632272,5.49539081045304,5.6355032410820085,1.8455567129321944,5.616957939610848,2.3583516033948344,0.4584902652970748,1.185213439816995,429
1789477359.0738134,1789477359.0731406,5.551699594671911,5.659012768489194,1.8500797117237044,5.737045647277656,2.382522584298732,0.4529384084973902,1.1491078750136916,429
1789477359.0837235,1789477359.0831401,5.551699594671911,5.659012768489194,1.8500797117237044,5.737045647277656,2.382522584298732,0.4529384084973902,1.1491078750136916,429
1789477359.0936863,1789477359.0931435,5.668870402600641,5.70722530776767,1.8589392519941272,5.952296167747239,2.42972434593724,0.4282733209424814,1.077946028054221,429
1789477359.1036947,1789477359.1031399,5.7286488135516445,5.731551846189424,1.8631136419771503,6.044955960923742,2.453230378476089,0.40878978918930375,1.0437195401894361,429
1789477359.1136503,1789477359.1131377,5.789682327823166,5.756269370854548,1.8670925730909949,6.128121331401453,2.4774853441893105,0.3840381894309697,1.0102340133735521,429
1789477359.123672,1789477359.1231427,5.851426935962634,5.781206288885631,1.8707925917389068,6.200841514320381,2.5027503959429147,0.3539694190097387,0.9778668742040528,429
1789477359.1336951,1789477359.1331394,5.913460382139566,5.806247022302365,1.8741443909934083,6.262654538560221,2.5293100973395677,0.3186386106275934,0.9468835479011846,429
1789477359.143769,1789477359.1431572,5.977247308296383,5.832043409150091,1.8771693295767184,6.314752564419827,2.558281952413941,0.2769341847700632,0.9166354522139408,429
1789477359.1537,1789477359.1531386,6.040419957309052,5.857702486076088,1.879702498136118,6.3551567777664895,2.5890394036228166,0.23024684848060872,0.8882930989866766,429
1789477359.1639473,1789477359.1631398,6.103425748871018,5.883469078472687,1.8817275312131196,6.384593791343674,2.6221385178556846,0.1783424568832096,0.8616279562213078,429
1789477359.1739073,1789477359.1731453,6.103425748871018,5.883469078472687,1.8817275312131196,6.384593791343674,2.6221385178556846,0.1783424568832096,0.8616279562213078,429
1789477359.1838462,1789477359.1831372,6.2315686766499105,5.9366964100690645,1.8841140803110146,6.411845448920606,2.698357903562849,0.05637128568636119,0.8123257388926519,429
1789477359.1938312,1789477359.1931381,6.295775540882581,5.9639325604099565,1.884335990763968,6.409433163792626,2.7417131598449056,-0.012955834915279383,0.7900956853106438,429
1789477359.203815,1789477359.203138,6.359779041382313,5.99156661040646,1.8838385540434521,6.396581918257648,2.788785250788137,-0.08745232243934045,0.7695639425901164,429
1789477359.213856,1789477359.2131176,6.423587747391861,6.019684170216512,1.8825713959293062,6.373545282368634,2.8398396316247823,-0.16700247956900605,0.7506954972681497,429
1789477359.2238917,1789477359.2231503,6.486784003339236,6.0481806328691805,1.8804983453692026,6.340816810067359,2.8947390774104838,-0.2508884967951706,0.7335621343123395,429
1789477359.233836,1789477359.2331533,6.550358549858387,6.0775957953367366,1.8775287710180084,6.2980871030375605,2.954582059439649,-0.34027215378286957,0.7178602723800038,429
1789477359.2438643,1789477359.2431567,6.613079598044301,6.107452791668922,1.8736651320653273,6.24644195254276,3.0184000424191173,-0.43321210812803884,0.703846530450321,429
1789477359.2540457,1789477359.2531161,6.675443975817969,6.138071113616735,1.8688361863650331,6.185898895449033,3.086784610686444,-0.5301203985397018,0.6913329385874927,429
1789477359.2640524,1789477359.263138,6.736782994678052,6.169202865066507,1.863057467858714,6.117570277489236,3.1590399195898407,-0.6295884396269058,0.6803696529903338,429
1789477359.2739298,1789477359.273141,6.797861985376838,6.201322100649149,1.8562178654739285,6.041052008214387,3.2360899832763046,-0.7324641918763252,0.6707380389487074,429
1789477359.2839243,1789477359.2831395,6.857502579505195,6.233883555676507,1.8484227999946095,5.95835841353225,3.316388336324964,-0.83630241989077,0.6625303147066441,429
1789477359.293704,1789477359.293135,6.91656773394492,6.267423887737869,1.839543263569572,5.868902837184346,3.4009658325979104,-0.9420857538567758,0.6555267676199292,429
1789477359.303811,1789477359.3031507,6.974912719069038,6.301949799433539,1.8295658938503865,5.773387278742303,3.4895434733838053,-1.0490558553159954,0.6496677129692632,429
1789477359.3138008,1789477359.3131502,7.032160901080175,6.337309214570598,1.8185383334190575,5.673024827630511,3.5813760894123066,-1.1559503642266977,0.64490411668642,429
1789477359.3241405,1789477359.3231637,7.088282194793362,6.373536415568444,1.8064666963780076,5.568549259448267,3.676153839499633,-1.2620892166740907,0.6411475947065683,429
1789477359.3340175,1789477359.3331327,7.143986425436907,6.4111694013057505,1.7931797572690704,5.459230532066444,3.7748617304371215,-1.3681768474676448,0.6382835736801549,429
1789477359.343949,1789477359.343153,7.197977120492033,6.449381592491365,1.7789944307767345,5.348310241776691,3.8748765596915633,-1.4710646715431455,0.6363068576205626,429
1789477359.3541126,1789477359.3531382,7.250858883984675,6.488610764360881,1.7637913666963816,5.235350633688411,3.976871572354302,-1.5712038730877396,0.6351184652521884,429
1789477359.3638933,1789477359.3631399,7.302611090881876,6.528871969373274,1.7476025748228317,5.121129821853202,4.0803932507184815,-1.6678409823087947,0.6346660790178822,429
1789477359.3739831,1789477359.3731382,7.352979889342588,6.569973493752779,1.7305526334648922,5.006898136127496,4.184203266217096,-1.7597389569873052,0.6349054158923058,429
1789477359.3839731,1789477359.3831375,7.402460833728991,6.612314572526565,1.7125210321190139,4.890846456179063,4.284233502675231,-1.8460551062873043,0.635819990910707,429
1789477359.393949,1789477359.3931427,7.402460833728991,6.612314572526565,1.7125210321190139,4.890846456179063,4.284233502675231,-1.8460551062873043,0.635819990910707,429
1789477359.4038396,1789477359.4031222,7.498169604147013,6.699973745206845,1.6739560916379936,4.648950580827206,4.44392189590746,-1.9919809126656147,0.6398150103242617,429
1789477359.4137661,1789477359.4131343,7.543741174796363,6.744395338011881,1.653877983189551,4.523301341512707,4.49393892147593,-2.0474272870323964,0.6429757742464846,429
1789477359.423791,1789477359.4231417,7.58844414690713,6.789616175613174,1.6331209863806408,4.392394317515784,4.521867006589383,-2.0904941396217738,0.6470385830705618,429
1789477359.433818,1789477359.4331424,7.631368145984679,6.834525974971015,1.6122226299086204,4.2590699437359705,4.526696187528055,-2.1196475340178687,0.6519653986660803,429
1789477359.4440756,1789477359.4431612,7.673664982279884,6.880152443274037,1.5907341509930812,4.120083539714234,4.508893405840222,-2.1351572107002252,0.6579268587161222,429
1789477359.4538724,1789477359.4531116,7.714015256816496,6.924894595250747,1.569445935558229,3.9803207499589233,4.470261788544199,-2.1363626074650566,0.6647474310833206,429
1789477359.463928,1789477359.4631097,7.753290285532062,6.969531371511881,1.5480341745234036,3.837554475822143,4.412145964194727,-2.123551610555525,0.6725451784902905,429
1789477359.473841,1789477359.4731355,7.790800406431374,7.013116217961558,1.527004816443099,3.6951054335648386,4.3379869348579305,-2.0973438087369085,0.6811392685457454,429
1789477359.4837217,1789477359.4831576,7.790800406431374,7.013116217961558,1.527004816443099,3.6951054335648386,4.3379869348579305,-2.0973438087369085,0.6811392685457454,429
1789477359.4936829,1789477359.493143,7.861795140289738,7.098013063571002,1.4859117313942443,3.40988415106182,4.150249474745615,-2.006756468123425,0.7007085342003114,429
1789477359.5037675,1789477359.5031457,7.89507384476562,7.138840013443448,1.4662166137254902,3.26958446976342,4.042685897380935,-1.9443486661421254,0.711455441214794,429
1789477359.5137677,1789477359.5131426,7.927453708830081,7.179177352552671,1.4469024544207159,3.1293245445769733,3.9274469587222574,-1.8706214146310127,0.7229161682780689,429
1789477359.5236647,1789477359.5231538,7.957754808182773,7.217471279039307,1.428784335166758,2.9948964803794658,3.811189499092237,-1.78961142043105,0.7345560269480491,429
1789477359.533653,1789477359.5331452,7.987010829856018,7.254953795372674,1.4113459938016513,2.862306933664189,3.692158949438597,-1.7001220355047073,0.7466446091993202,429
1789477359.543755,1789477359.5431495,8.015292479055477,7.291681360148019,1.3946392623442936,2.7315423592333516,3.571531982985853,-1.60298064178186,0.7591301728957962,429
1789477359.5538545,1789477359.5531132,8.041662127886333,7.326388075641934,1.3792926444486748,2.607231175877044,3.454633509659745,-1.5030301594780264,0.7714814554566742,429
1789477359.563809,1789477359.5631073,8.067370034974925,7.360685827896967,1.3646433569954879,2.483588055931997,3.336738223218738,-1.3970534750843067,0.7841814486227783,429
1789477359.5737574,1789477359.5731335,8.091695386455486,7.393596998002071,1.3511601132318982,2.363974674341988,3.221407046781284,-1.2893145621236717,0.796795177909476,429
1789477359.583717,1789477359.5831347,8.114656602759066,7.425112113819032,1.3388585549039822,2.2481774157926298,3.108553956784143,-1.1813553817931115,0.8092315184469796,429
1789477359.5937726,1789477359.5931349,8.136620707855794,7.455710321363592,1.327559912119065,2.134046424270868,2.9959046021249485,-1.0728703574047573,0.8216073783516897,429
1789477359.6037111,1789477359.6031346,8.157248785101025,7.484892223991443,1.317439205542823,2.022963576775618,2.8844229420482748,-0.9668694473967173,0.8336561693458591,429
1789477359.6136732,1789477359.613136,8.177031861521309,7.51332600024453,1.3082460543440053,1.9117943608243846,2.770362445890242,-0.8620406243611851,0.8455984515383288,429
1789477359.623755,1789477359.6231415,8.195427039410353,7.540197347792418,1.300205604681263,1.8031156447623709,2.655688174802576,-0.7623599539016758,0.857043600311334,429
1789477359.6336343,1789477359.6331344,8.212904084336571,7.566150407121849,1.293069509819907,1.693726168363897,2.5363268808119943,-0.6662669865961465,0.8682231970399403,429
1789477359.6436996,1789477359.64315,8.229282105787231,7.590879269514218,1.2868697448941633,1.5842554603645678,2.4122267782522004,-0.5755576000046776,0.8789723603464346,429
1789477359.6537127,1789477359.6531394,8.244559432742074,7.614332590191015,1.2815483829006986,1.4744092314285397,2.2824679895525994,-0.4909149949984041,0.8892394664104475,429
1789477359.6639285,1789477359.6631424,8.258957119917966,7.636805313430946,1.2769734014789405,1.362222367393899,2.1441370657992453,-0.4116521802008653,0.8991305343898688,429
1789477359.6738794,1789477359.6731348,8.271886643197748,7.657317115199049,1.2732555133079515,1.2524157801727465,2.0028471615757004,-0.34137691455491903,0.9081934474162465,429
1789477359.683739,1789477359.6831396,8.283922616411184,7.676715469900487,1.2701503934228469,1.140444857704631,1.852707291381063,-0.27719488353218147,0.9167857701930298,429
1789477359.69371,1789477359.6931107,8.294724544508922,7.6943952340181525,1.267676498845763,1.029792543641334,1.6983748622842405,-0.22104746139118084,0.9246267900393645,429
1789477359.703785,1789477359.7031388,8.30445293579598,7.710555802004114,1.2657204853129291,0.9196086609024909,1.5389388477461614,-0.1720800760715792,0.9317948323008842,429
1789477359.7138073,1789477359.7131405,8.313126252306784,7.725171509276253,1.2642111752198408,0.8104878579592483,1.3755471070504315,-0.1301156244183399,0.9382712372234465,429
1789477359.7238517,1789477359.7231393,8.320669309739351,7.7380580906250405,1.2630940005065836,0.7046244835134973,1.2119765861101133,-0.0953204687016731,0.9439697530646645,429
1789477359.733561,1789477359.733146,8.327198691802142,7.749359762954767,1.2622882175788084,0.6019525805196954,1.048726305207917,-0.06688089551576053,0.9489520728646887,429
1789477359.743544,1789477359.7431688,8.33272543225009,7.759046195692078,1.2617363047183099,0.5040621735821579,0.8889561352130084,-0.044429247414491016,0.9532049392865014,429
1789477359.7535553,1789477359.7531114,8.337306641203341,7.767171405498197,1.2613811734815317,0.4121146114011857,0.7352766910418452,-0.02735113920071642,0.9567544116303539,429
1789477359.763609,1789477359.7631416,8.340997023385235,7.773790842407441,1.2611730722075656,0.32758893480904466,0.5909231694516175,-0.01501185611334152,0.959628956081918,429
1789477359.773556,1789477359.7731369,8.340997023385235,7.773790842407441,1.2611730722075656,0.32758893480904466,0.5909231694516175,-0.01501185611334152,0.959628956081918,429
1789477359.7835097,1789477359.783139,8.346053171621506,7.782997254130965,1.2610293897913503,0.1849127590723625,0.3403752261834876,-0.0015202434292137523,0.9635871309717139,429
1789477359.793534,1789477359.793132,8.347610868933884,7.785877277609974,1.2610292903662093,0.12847828152527985,0.23870873074535093,0.001150494724703327,0.9648101076931264,429
1789477359.8037763,1789477359.8031428,8.348671363596878,7.787855920150445,1.2610469312104648,0.08215319020349376,0.15401093739679794,0.00208296458641552,0.9656430675302845,429
1789477359.8138056,1789477359.8131952,8.349303446443797,7.789045359289392,1.2610673054449335,0.047978288522147805,0.09068492314784304,0.001932708291604579,0.9661393289749909,429
1789477359.8237462,1789477359.8231359,9.06360781454735,8.86285329611781,1.229712235258001,3.4963965778981905,3.726560741010082,1.2314706789417453,1.7790346794437637,429
1789477359.83356,1789477359.8331497,9.098676536003243,8.899731646528501,1.2425157431590368,3.442230711461603,3.5711270748446418,1.3006134211695632,1.8228150798398064,429
1789477359.843524,1789477359.8431513,9.132475584930232,8.934339483571835,1.2556926265264465,3.3813910489755026,3.4168058863289006,1.3584917074570757,1.8649468381892105,429
1789477359.8536308,1789477359.8531399,9.166262574024884,8.96802975883726,1.2696604925224033,3.311485534880474,3.2580251959035706,1.407217421201584,1.9069771531366462,429
1789477359.8636496,1789477359.863142,9.198582893031052,8.999420756269181,1.2837452892791266,3.235485434327326,3.101795426512155,1.4447430754221302,1.947082182009088,429
1789477359.8735576,1789477359.8731365,9.198582893031052,8.999420756269181,1.2837452892791266,3.235485434327326,3.101795426512155,1.4447430754221302,1.947082182009088,429
1789477359.8835735,1789477359.8831308,9.2619636646584,9.058634416960906,1.3133499541589986,3.057831628206822,2.7824510264875606,1.49022950140995,2.0253766857002677,429
1789477359.893534,1789477359.8931332,9.29174689167459,9.085397017508738,1.3281425980945087,2.959830786910513,2.6260473467018923,1.497531909618143,2.0082519509124204,430
1789477359.9036016,1789477359.9031394,9.320861679689157,9.11090582667241,1.3431345056596837,2.8540100469354135,2.4689026275579775,1.4950863658481168,1.97145163335434,430
1789477359.9135776,1789477359.913133,9.348798809127686,9.134775914994933,1.3580069706473679,2.742302781349144,2.3138680666648277,1.4831089205949886,1.9364174761268285,430
1789477359.923509,1789477359.9231312,9.375606367365599,9.15712037350482,1.3727219172259097,2.6248382616224055,2.1608616482178986,1.461977011111871,1.9030519971894624,430
1789477359.9336126,1789477359.9331362,9.401241503317516,9.177970786066052,1.3871973517174936,2.5021251576194845,2.0102958503444097,1.4321174646243222,1.8713744555128307,430
1789477359.9435709,1789477359.9431484,9.425945398454184,9.197580684343984,1.4015199695822769,2.373197704899388,1.8608542310272993,1.3935169498737172,1.8410579829014149,430
1789477359.9537382,1789477359.9531293,9.448747468470037,9.215253933657282,1.415065760307728,2.2438043637367633,1.718697185107444,1.3484073834180665,1.8132583899165786,430
1789477359.963656,1789477359.963136,9.470807205857822,9.231954174871174,1.4284704720158024,2.1079289656610514,1.5768262736219287,1.2950951973028006,1.786531598051437,430
1789477359.973533,1789477359.973136,9.491177954259676,9.247020057729289,1.4411141599273871,1.9718585057234468,1.4415081589645677,1.2363622183543073,1.761998975356721,430
1789477359.9835572,1789477359.983146,9.510185018175278,9.260760208394792,1.4531454245836668,1.8343906813658035,1.3109633583002587,1.1722184153346071,1.7392385842944384,430
1789477359.9935038,1789477359.993134,9.527797300742519,9.273209107743574,1.4645003725555688,1.6965591444619692,1.1857169106902523,1.1035610765248993,1.7182627457292,430
1789477360.00351,1789477360.0031319,9.544080656505097,9.284466439085357,1.4751807952248883,1.5586997170181718,1.065626610696915,1.0309538225851451,1.698970237800459,430
1789477360.0134454,1789477360.013093,9.558944260489337,9.29452040969126,1.485088681010603,1.4225542691056927,0.9517374576270156,0.9557183656310356,1.6814472523261204,430
1789477360.0235207,1789477360.0231307,9.572570780102982,9.3035411442331,1.4943111204192403,1.2874338062980795,0.8430295999048683,0.8778469199595094,1.665459212082149,430
1789477360.0335748,1789477360.0331395,9.584736303051091,9.311425725627236,1.502663339606855,1.1567434099957006,0.741754587625097,0.7996979938292688,1.651250493959573,430
1789477360.0435576,1789477360.0431492,9.59566187921172,9.318360862401798,1.5102656707154827,1.029472661035951,0.6466157283937646,0.721073450906315,1.6385456389628197,430
1789477360.0536106,1789477360.0530992,9.605370394572459,9.3243980196206,1.5171075729408503,0.9066077333532275,0.5579141523818519,0.6429240488366726,1.6273035189300633,430
1789477360.063615,1789477360.0631282,9.613858583664864,9.329570456354388,1.5231617875983283,0.7896586494879165,0.4762765711225648,0.5665639969342013,1.6175142500086634,430
1789477360.0735369,1789477360.0731294,9.613858583664864,9.329570456354388,1.5231617875983283,0.7896586494879165,0.4762765711225648,0.5665639969342013,1.6175142500086634,430
1789477360.0835142,1789477360.0831277,9.627467942755517,9.337632136712358,1.5330226871021537,0.5758818171038582,0.3349483419067091,0.421028469646622,1.6019050326168616,430
1789477360.093501,1789477360.0931268,9.63274047567786,9.340681547167154,1.5368835701388774,0.47992349084958563,0.276377527732663,0.3514961104436977,1.595885124453598,430
1789477360.103502,1789477360.1031246,9.637092862598207,9.343189402009811,1.5400591581531589,0.3917590273740233,0.22663881883656184,0.2838282387557827,1.5909194190342375,430
1789477360.1135337,1789477360.1131294,9.64060038939626,9.345244032744384,1.5425642025141766,0.3117859275145287,0.1862675878658186,0.2179275281705176,1.5869055981116458,430
1789477360.1234741,1789477360.123127,9.643338813500126,9.346936099930595,1.544411287355491,0.24045227345822268,0.15573527407669374,0.1538660225460571,1.5837401276486793,430
1789477360.133437,1789477360.1331596,9.645429307994362,9.348388834126913,1.5456385166883924,0.1768566447735206,0.134981852228977,0.09049584905434625,1.5812653991956607,430
1789477360.1435275,1789477360.143145,9.646904739125121,9.349665564478071,1.5462307016180163,0.12273648083568957,0.12475056763985941,0.029386467901833812,1.5794278633020675,430
1789477360.1536336,1789477360.153103,9.647893846705848,9.350903994075242,1.5462209879131508,0.0766653000298365,0.12487786723942383,-0.031138099099224627,1.578057734894219,430
1789477360.1637266,1789477360.1631343,9.64846892778665,9.352207300060659,1.5456056511517802,0.03906146947180594,0.13585059407865607,-0.09086014355571398,1.577050438773667,430
1789477360.1735373,1789477360.173132,9.64846892778665,9.352207300060659,1.5456056511517802,0.03906146947180594,0.13585059407865607,-0.09086014355571398,1.577050438773667,430
1789477360.1835148,1789477360.1831348,9.648711907475903,9.35539843955679,1.5426409561202394,-0.008774328848733227,0.1908471135906592,-0.20451575506753458,1.5756723644135278,430
1789477360.193702,1789477360.193131,9.648564241726225,9.357519083740753,1.540325124960836,-0.01927762111620024,0.23516426815116026,-0.25827287618056727,1.5750466279144026,430
1789477360.203619,1789477360.2031314,9.648357653070805,9.360112436923119,1.5375121932007034,-0.02099562207511937,0.290125407274511,-0.3090774661214994,1.5743076398691196,430
1789477360.213649,1789477360.2131357,9.648173258834586,9.363374751026631,1.5341388001099254,-0.014057786598597136,0.3573913781891505,-0.3580438850254155,1.573310624959503,430
1789477360.2236006,1789477360.223126,9.648101908288552,9.36730826786489,1.5303466854870231,0.001069001341543239,0.43453871581097514,-0.40316068027925694,1.5719719201347853,430
1789477360.2335474,1789477360.2331297,9.648221267604487,9.372074982424518,1.5261114578064436,0.024136804121815163,0.5224312009931797,-0.44497141357564884,1.5701636538949284,430
1789477360.243847,1789477360.243142,9.648608677998693,9.377770399551343,1.5214770745270738,0.05471167477873637,0.6205581435618539,-0.4830824109960432,1.5677830115059654,430
1789477360.2536752,1789477360.2531388,9.649341457240492,9.384531058910552,1.5164559947186649,0.09254526995447956,0.7290780792255517,-0.5173910211860988,1.5647138374649274,430
1789477360.2638414,1789477360.2631373,9.650472813860578,9.392337864163238,1.5111702113171284,0.13649963913034718,0.8457523700101366,-0.5471576795210013,1.5609185573220818,430
1789477360.273846,1789477360.2731407,9.652107943672975,9.401541379598957,1.5054956706438993,0.18749696844626124,0.9737955984374416,-0.5730266988579164,1.5561831338436436,430
1789477360.2837024,1789477360.2831585,9.654244948009701,9.411886565868961,1.4996892497048562,0.24310486651672458,1.107873220815285,-0.5938310783306386,1.5506067225869118,430
1789477360.2938206,1789477360.2932153,9.657007601145315,9.4237998477126,1.4936035614854084,0.3046156632077439,1.2518617764413569,-0.6101339216592929,1.5439364661981867,430
1789477360.3036826,1789477360.3032484,9.660329121045281,9.436879948837118,1.4875222739893406,0.36905459529954415,1.3994992489975302,-0.6212461820918962,1.5363841883830895,430
1789477360.3135371,1789477360.3131328,9.664374825298244,9.451694291383966,1.481255938162333,0.4383564973700672,1.5558591623224234,-0.6275795554236361,1.5276164510407626,430
1789477360.3235078,1789477360.323133,9.66911576786589,9.468049408411314,1.4749720295815363,0.5107185070499065,1.7173769026847021,-0.6288768016036633,1.5177431678440585,430
1789477360.3334968,1789477360.3331318,9.674588717182596,9.486026789190856,1.4687060304237773,0.5857467026216076,1.8836680332851967,-0.6251674548562927,1.5067220782489201,430
1789477360.3434987,1789477360.343144,9.68087077945862,9.505836238505099,1.4624569580932367,0.6635517902515523,2.0553922608477357,-0.6164075977771933,1.4944356318038765,430
1789477360.3536189,1789477360.3531368,9.687903700467427,9.527268391377778,1.4563542609176034,0.7426397084312998,2.2296072279735113,-0.6027700116254515,1.4810321704416798,430
1789477360.3635778,1789477360.3631322,9.695682966027137,9.550307076077534,1.4504486160579317,0.822444365824345,2.4053566696083215,-0.5844647762451275,1.4665481740758701,430
1789477360.3735259,1789477360.3731241,9.695682966027137,9.550307076077534,1.4504486160579317,0.822444365824345,2.4053566696083215,-0.5844647762451275,1.4665481740758701,430
1789477360.3835006,1789477360.3831427,9.713874486129601,9.602329305362248,1.4391694969865225,0.9858655537557014,2.7659202503232594,-0.5335802339935128,1.4337581333555316,430
1789477360.3935769,1789477360.3931317,9.724033234148422,9.630593804598218,1.4340393006108139,1.066401236675518,2.9441498086488105,-0.5021713145548347,1.415982313373422,430
1789477360.4035528,1789477360.403126,9.735110736087382,9.66095616384634,1.429189335534433,1.1474268448692808,3.123846177633355,-0.4664957371424402,1.3969711831890477,430
1789477360.4134946,1789477360.4131238,9.746912735023956,9.692887696793795,1.4247438070201686,1.2272195689699017,3.3011130833226843,-0.42745598127912154,1.3771067209425292,430
1789477360.4236188,1789477360.4231236,9.759602998799116,9.726837376747163,1.4206734231990203,1.3066679452093557,3.4777707246256178,-0.38482133461636725,1.35616527144047,430
1789477360.4337327,1789477360.4331272,9.773056151721745,9.762472056306176,1.4170517111679157,1.3847785043605418,3.6513820452956427,-0.3393435739720967,1.3344133825615199,430
1789477360.4435656,1789477360.4431388,9.787415172513423,9.800170207005065,1.4138713159850917,1.4622097072217881,3.8231013627318116,-0.2909011856452692,1.3116868033855922,430
1789477360.4536407,1789477360.453133,9.802477155635003,9.839397235259423,1.4112016403219032,1.53776660506727,3.989895671016682,-0.2405652910226576,1.2883773789129225,430
1789477360.463722,1789477360.463122,9.818028505243428,9.879602475650337,1.4090766790174156,1.610523701333971,4.1493109749107076,-0.1894299879885078,1.2648709131749554,430
1789477360.4735546,1789477360.4731247,9.818028505243428,9.879602475650337,1.4090766790174156,1.610523701333971,4.1493109749107076,-0.1894299879885078,1.2648709131749554,430
1789477360.4836187,1789477360.4831252,9.85188986630483,9.966239395536793,1.4063386374180393,1.7537005146399756,4.4571767758682075,-0.0822379836542626,1.2156412996480253,430
1789477360.4935825,1789477360.493202,9.86976619727451,10.011520649406998,1.4057853055041865,1.8223193900090398,4.600537741286115,-0.028474086802567133,1.190732403993346,430
1789477360.50361,1789477360.5031252,9.888322248737921,10.058204676488653,1.4057682119933248,1.8893417172979998,4.736836960813703,0.024955377354133557,1.165671815639946,430
1789477360.513597,1789477360.5131278,9.907422835088415,10.10592056434207,1.4062768072432472,1.954459249141192,4.864824239252599,0.07721824963589152,1.1407285354827699,430
1789477360.5238247,1789477360.5231006,9.92716454732553,10.154871820529097,1.407298569672322,2.0182010107328177,4.984916661900484,0.12813834682500458,1.1158644895717438,430
1789477360.5336788,1789477360.5330892,9.94770910332456,10.205405896411184,1.4088326211236122,2.0812323897172775,5.0976321791204535,0.17762506766067848,1.0909860571745051,430
1789477360.5435984,1789477360.5431404,9.968716811899169,10.256630361134375,1.4108341217687177,2.142708491504571,5.200810304128296,0.2243966299502175,1.0666046505278892,430
1789477360.5537012,1789477360.5531278,9.99057834556702,10.309430235388295,1.4133174017493542,2.2039726743443637,5.29605298834665,0.2688480797606537,1.0423727777470995,430
1789477360.5637012,1789477360.5631258,10.012845080048056,10.362648335879003,1.4162031220876334,2.2639802556809174,5.381155921991477,0.30962308355132634,1.0188890257342824,430
1789477360.5735905,1789477360.5731246,10.012845080048056,10.362648335879003,1.4162031220876334,2.2639802556809174,5.381155921991477,0.30962308355132634,1.0188890257342824,430
1789477360.5835717,1789477360.5831234,10.059392436624426,10.471929956227532,1.4231381717198606,2.383316146690579,5.523535621450391,0.3800701936585719,0.9736834894970001,430
1789477360.5935423,1789477360.593126,10.083622578671163,10.527684834658928,1.4271028996745252,2.4429331486498316,5.580270803964051,0.4088657830208178,0.9522087242200121,430
1789477360.6035419,1789477360.6031263,10.108165556712008,10.583316046165391,1.4312834900569196,2.5020215100387215,5.626686962486452,0.43263743814052347,0.9318649669640258,430
1789477360.6135662,1789477360.6131244,10.133699204076938,10.640250207690176,1.4357467561891153,2.562410540527464,5.664009821920089,0.451741736787688,0.9121727704478384,430
1789477360.6235216,1789477360.6231275,10.159700048619447,10.697197613879952,1.4403504647769156,2.623039125817342,5.691377893272855,0.46548507635210695,0.8936226398442861,430
1789477360.6336827,1789477360.63313,10.186156422129597,10.754039110818463,1.4450374403469088,2.684070838730965,5.709073407419432,0.47378892915887916,0.8762531810849548,430
1789477360.6434455,1789477360.6431215,10.213098799896901,10.81074601507505,1.4497580387791758,2.745743485038261,5.717442552240429,0.47663723719055157,0.8600658594026869,430
1789477360.6537328,1789477360.6531222,10.240836601852136,10.867853678258347,1.4545098866224853,2.8089041592552415,5.716781630738244,0.4739887204073908,0.8449132298687743,430
1789477360.663781,1789477360.663126,10.269354510587622,10.925194761044983,1.4592308150971216,2.8736341635319818,5.707217438848842,0.46574676576621976,0.8308535215472661,430
1789477360.673555,1789477360.6731246,10.298915256568662,10.983143776329184,1.4639004760609862,2.9406275841075358,5.688769362785314,0.45174153637540265,0.8178122699321451,430
1789477360.6834993,1789477360.683122,10.328070625540542,11.03880186424237,1.4682418304893778,3.006681593831503,5.6629996933219475,0.4329454500329528,0.8063815487320309,430
1789477360.6935718,1789477360.6931221,10.358565046302347,11.095422703609653,1.472464930094722,3.075802626977559,5.62895586033658,0.4085010712816249,0.7958417612292523,430
1789477360.7035959,1789477360.7031217,10.38961303083531,11.151402638763951,1.4763994670010017,3.146241280587747,5.587805202095615,0.3791297491437588,0.7864868461691272,430
1789477360.7136087,1789477360.7131217,10.421768380354967,11.207619238393738,1.480059204958668,3.219261307319184,5.53926869698639,0.34453050957111087,0.7781431976852806,430
1789477360.7236204,1789477360.7231214,10.453936955641218,11.262091353197466,1.4832778171132932,3.2923599313426424,5.485631360362513,0.3062538840400149,0.7710474486919883,430
1789477360.7335184,1789477360.7331278,10.487179681822766,11.316559278231347,1.4861248011538983,3.367906505022023,5.425798907245374,0.26346297677435426,0.7649099542380622,430
1789477360.7434258,1789477360.7431226,10.521391977507909,11.370726092550619,1.4885385347621538,3.445599337201329,5.360473747261943,0.21662153546315044,0.759741122881433,430
1789477360.7537029,1789477360.753088,10.556572717420753,11.424483497443575,1.4904729871136913,3.5253469124981254,5.290251358580931,0.1661376909064431,0.7555192438310794,430
1789477360.7637033,1789477360.7630992,10.592156404628513,11.47691843118978,1.49186972385761,3.6057605545852764,5.216950858379746,0.11332256393619425,0.7522614142514219,430
1789477360.7735739,1789477360.7731204,10.62828012855173,11.528228991359954,1.4927226833714655,3.68703136173301,5.1410123872204405,0.058515978763615514,0.7498880183187233,430
1789477360.7836854,1789477360.7831302,10.62828012855173,11.528228991359954,1.4927226833714655,3.68703136173301,5.1410123872204405,0.058515978763615514,0.7498880183187233,430
1789477360.7938046,1789477360.7931418,10.703852339696578,11.629664942728626,1.492741451317125,3.855371424191761,4.980302423306659,-0.05757653684725224,0.7475566600665187,430
1789477360.803624,1789477360.8031237,10.742759356339361,11.678964249770884,1.4918709411748279,3.9408873260080095,4.898014003914067,-0.11695318695583157,0.7475634528436546,430
1789477360.8136199,1789477360.8131206,10.78254566683411,11.7274637158287,1.4904047805764753,4.027345628381755,4.815032044304824,-0.17668827583256003,0.748312945638077,430
1789477360.8235672,1789477360.8231232,10.823252079890791,11.775194744673664,1.488339626821326,4.114630102372209,4.731911106567251,-0.2362934844385562,0.7497900254816803,430
1789477360.8335726,1789477360.8331244,10.864808976371853,11.822069267770665,1.4856834725200383,4.202377804885525,4.649408845272754,-0.2951262162244006,0.7519822934184455,430
1789477360.843522,1789477360.8430872,10.907548285996333,11.86844802562694,1.4824202492431666,4.2910525456709285,4.567482589393254,-0.35310385391619464,0.7549110216849639,430
1789477360.8536007,1789477360.8531194,10.951239094131882,11.914070404590362,1.47857666099005,4.379922509342042,4.487177351616666,-0.40936185356739296,0.7585743261376465,430
1789477360.8640144,1789477360.8631217,10.995568121838373,11.958641126469937,1.4742039178293853,4.468123985457355,4.409573623744786,-0.46302091747618757,0.7629558540575907,430
1789477360.873986,1789477360.873119,11.039908892350372,12.001620746820837,1.4694049724174476,4.553423990449587,4.336169467162595,-0.512897294712528,0.767992694522678,430
1789477360.8836355,1789477360.8831255,11.039908892350372,12.001620746820837,1.4694049724174476,4.553423990449587,4.336169467162595,-0.512897294712528,0.767992694522678,430
1789477360.8935146,1789477360.8931193,11.133139602947022,12.087594418005045,1.4581474762814302,4.6826382483568585,4.1985796430873865,-0.6000486523285251,0.7809376038448606,430
1789477360.9035943,1789477360.9030862,11.179545932836335,12.12878215850423,1.4520516383430653,4.7043085990711155,4.138298955849803,-0.6324433607813059,0.7888879842594072,430
1789477360.913764,1789477360.9131186,11.226450570973025,12.169784968678941,1.4456112458226418,4.692064840430959,4.081468933746626,-0.6571970273055229,0.7982295437988833,430
1789477360.923725,1789477360.9231217,11.273125379129775,12.21029433879815,1.438955083107007,4.644699325238093,4.0273132820002555,-0.6737417653794122,0.8090634113127564,430
1789477360.933642,1789477360.9331343,11.319745088685,12.250781017507556,1.43208663417986,4.56264882316763,3.973524236033727,-0.682211411957214,0.8216541354336901,430
1789477360.9436815,1789477360.9431365,11.36483352311675,12.290242782328821,1.4252561914993884,4.451521102548316,3.919448912835752,-0.682799640397452,0.8357363792557724,430
1789477360.9537988,1789477360.9530954,11.40870936769679,12.329175356617043,1.4184516089672152,4.315357150404541,3.8623101500946393,-0.6762820557767799,0.851439579982328,430
1789477360.9637423,1789477360.9631193,11.451099040622783,12.367491483007937,1.41174817620222,4.160106556123976,3.800081021820761,-0.663459200840148,0.8686568470254548,430
1789477360.973592,1789477360.9731178,11.451099040622783,12.367491483007937,1.41174817620222,4.160106556123976,3.800081021820761,-0.663459200840148,0.8686568470254548,430
1789477360.9836533,1789477360.983117,11.530573872599101,12.441749765018299,1.3989140566659504,3.8186552328306345,3.6532134871257758,-0.6227785123415908,0.9068358800718266,430
1789477360.9935658,1789477360.99312,11.567915822465787,12.477881995973284,1.3928086457559508,3.6429876740944853,3.564497588198475,-0.5966427396618628,0.9275552663599003,430
1789477361.0036542,1789477361.0031173,11.603365109672161,12.512914977968983,1.3870034203050323,3.4728462897210584,3.4645686117803396,-0.5681198570250735,0.9488548083680293,430
1789477361.0135994,1789477361.0131156,11.637620066856538,12.54735427144925,1.381416746678242,3.3099506129402676,3.3505787412309354,-0.5375728809967603,0.9708476462702604,430
1789477361.0235572,1789477361.023087,11.669647087168086,12.57991495095937,1.3762471174093869,3.1634388811794647,3.226101112515389,-0.5068733309813722,0.9924985028634534,430
1789477361.0335472,1789477361.0331168,11.701048511805359,12.611943885432497,1.3712645524221796,3.0294244949067313,3.0853753623429134,-0.4753570621708223,1.014507095108339,430
1789477361.0434525,1789477361.0431294,11.730310882103893,12.641604179692555,1.3667319707427903,2.9164690482277553,2.9365043057599176,-0.44531823785228486,1.0354261297731315,430
1789477361.0536766,1789477361.053087,11.759293233897681,12.670477673480352,1.362380285325804,2.8183513593752556,2.771924854731482,-0.41552646437667673,1.0562013412745008,430
1789477361.0636349,1789477361.0631194,11.786787503726677,12.697077757938054,1.3584055661368966,2.7390268382179546,2.6006105962209882,-0.387748106212573,1.075624021885024,430
1789477361.073657,1789477361.0731177,11.813838848001328,12.72218087690187,1.3546619071328585,2.673787317694397,2.4189755920142577,-0.3613022215295073,1.0941339422898633,430
1789477361.0835547,1789477361.0831175,11.840282294563048,12.745416821737756,1.35117653340324,2.620673327499027,2.230844100920701,-0.3365938669988646,1.1113610449139668,430
1789477361.093587,1789477361.0931199,11.866521009163144,12.766971133704537,1.3478953285991382,2.5755164868957543,2.0362454906323615,-0.31334850187634977,1.1273647420389152,430
1789477361.1036346,1789477361.1031234,11.891849519920859,12.786199758262594,1.3448957671688153,2.5353449437913618,1.843426145634665,-0.292122876065047,1.1416096276081293,430
1789477361.1136003,1789477361.1131248,11.91727962275549,12.803847542369686,1.3420452395872358,2.4939852154914535,1.6474463416624874,-0.27190124862018744,1.154608798216929,430
1789477361.1234696,1789477361.1231182,11.941758668574801,12.81922424874886,1.3394457191786593,2.448645749875395,1.4587803228656648,-0.2532709819284021,1.1658333308506803,430
1789477361.13343,1789477361.1331162,11.966181614632706,12.83298965479972,1.3369833001584122,2.393312226941674,1.2725139752028016,-0.23523972401416718,1.1757590400162812,430
1789477361.143375,1789477361.1431267,11.9897290485386,12.84479642206063,1.3347229077656766,2.3258483107512777,1.096412901507074,-0.2180890192901229,1.1841397916430334,430
1789477361.1535857,1789477361.1531403,12.012429217964728,12.854854769141058,1.3326400295774905,2.243265423901197,0.9311989970333554,-0.2014656751445433,1.1911433929707096,430
1789477361.1636052,1789477361.163121,12.034449903612268,12.863411672701751,1.3307013278825208,2.1422312685833678,0.7762744852757221,-0.18493385877284316,1.1969627810887538,430
1789477361.1735835,1789477361.1731205,12.055323660258667,12.870468228634499,1.328931132986117,2.0228594477263497,0.6351728800642544,-0.16856154665496265,1.2016244752193157,430
1789477361.1836348,1789477361.1831155,12.074731767794892,12.876135859010796,1.3273389999752934,1.8865264891610165,0.5097659627602509,-0.15238650184061658,1.2052363358625175,430
1789477361.193635,1789477361.1931183,12.093099877754513,12.88072437171489,1.3258760352798222,1.729734205940419,0.3969369689419662,-0.13586274873435042,1.208028237045732,430
1789477361.2037401,1789477361.2031198,12.109330951475402,12.884158199221838,1.3246162707272506,1.5631484140252272,0.3026475635301348,-0.11989533064846618,1.209993316886525,430
1789477361.213624,1789477361.2131193,12.124045768751442,12.886765729675014,1.3234994066579069,1.3831915490180309,0.22223650610034099,-0.10389310174050671,1.2113645392661163,430
1789477361.2235656,1789477361.223117,12.136954220741542,12.888648243145871,1.322538590909233,1.195750841483151,0.15637444888789237,-0.08819820861128083,1.212236402614709,430
1789477361.2336144,1789477361.233131,12.147970239324199,12.889941658420446,1.3217323458358312,1.0062325257199307,0.10436773067158728,-0.0730689350421234,1.2127215614324478,430
1789477361.2434328,1789477361.2431328,12.157182940567301,12.890785311915796,1.321067815796085,0.8182273400977931,0.06463095156225596,-0.058619329540470916,1.2129274135153114,430
1789477361.2535841,1789477361.2531254,12.164400743299113,12.891278122570533,1.3205535876681618,0.6430531422772786,0.03667913071233364,-0.04555228310295071,1.2129447165674128,430
1789477361.2635968,1789477361.2631152,12.170016078436886,12.891543531709411,1.3201577012775674,0.479973362117569,0.017679391518146736,-0.033670588552237465,1.2128548551258502,430
1789477361.2736297,1789477361.2731142,12.174090253321316,12.891657806244822,1.319873032891655,0.3365624095532105,0.00621696467196442,-0.02341631643501471,1.212719397705583,430
1789477361.283575,1789477361.283121,12.176856483223284,12.891686983906737,1.3196812140038754,0.21635572469780673,0.0003584014763500232,-0.01494810383236761,1.2125828741346871,430
1789477361.293772,1789477361.293118,12.178536665866321,12.89167795629112,1.3195654456692505,0.12373157970326121,-0.0016795395636777233,-0.008499052545621777,1.2124747339988833,430
1789477361.3036783,1789477361.3031232,12.17941909414952,12.891660558856398,1.3195049641663938,0.05953552309103216,-0.0016252383351080812,-0.004069917689183078,1.2124057536707058,430
1789477361.313576,1789477361.3131368,12.179798105445975,12.891648180953391,1.3194790992597365,0.020612639469543836,-0.0008244728623059139,-0.0014034575077255251,1.212371323562674,430
1789477361.323681,1789477361.3231752,13.438787973526525,13.749562930149805,1.3931300421539758,4.401231338129169,3.746027503261234,0.9593395689671259,1.824426774477253,431
1789477361.3337815,1789477361.3331478,13.482309291648297,13.786865246150702,1.4029107815404915,4.271558417163633,3.6869930387215573,0.9891094933771623,1.7730222189878568,431
1789477361.3434973,1789477361.3430936,13.524164302178043,13.823241624731557,1.4128821225819328,4.139156243963362,3.6223080830649605,1.0139851477482538,1.7233226060009406,431
1789477361.3536296,1789477361.3530893,13.56479009996551,13.85903811087089,1.4231050451892286,4.002933394440943,3.5513879574172926,1.034205291328759,1.6748245462437614,431
1789477361.3634548,1789477361.3631165,13.604186260125722,13.894227982582839,1.433545487829911,3.8630593544694913,3.474213837987587,1.0497017438590681,1.6275402977726658,431
1789477361.3733704,1789477361.373115,13.642404911269916,13.928832150258005,1.444184744913778,3.7194964742742185,3.3906557755318643,1.0604275141974195,1.581418677039776,431
1789477361.3833134,1789477361.3831143,13.678800913507665,13.96222974748877,1.4547992608966147,3.575002421986501,3.3023208112381863,1.0662507952138687,1.5372556189125781,431
1789477361.3933394,1789477361.3931153,13.713775158205795,13.994747290992079,1.4654576864711337,3.428407740224365,3.2085514853036234,1.0673505121066016,1.4945846566584535,431
1789477361.4033966,1789477361.403123,13.747523448277224,14.026536231370278,1.476183674562988,3.2791260267995024,3.1089413751796733,1.063753272251909,1.453181050131636,431
1789477361.4135425,1789477361.4131224,13.779128268008368,14.056688440588216,1.4866359671644123,3.131719782053621,3.0066513483293233,1.0557534054902789,1.4141921098845156,431
1789477361.423495,1789477361.4231207,13.80971532331402,14.086237812842668,1.4971418101476182,2.9813838337173055,2.898438732876395,1.0432405787876953,1.3762487889272657,431
1789477361.4335954,1789477361.4330862,13.8387448124961,14.114633276249158,1.5074823685948895,2.831018732349037,2.7863935236746435,1.0265006829186514,1.3400345791235209,431
1789477361.4435115,1789477361.4431295,13.866272004042976,14.141890538303684,1.5176350579088496,2.6807913193176423,2.6707455840182055,1.0057072618149019,1.305499608846024,431
1789477361.453539,1789477361.4530854,13.892389231803225,14.168065319849068,1.527594848813468,2.530616071624745,2.5515223115020773,0.9809852419130749,1.2725458109806898,431
1789477361.4636812,1789477361.463083,13.916967898409021,14.192992343377082,1.53727327513013,2.38169774247854,2.4297984355246722,0.9526926328906095,1.2413539351794483,431
1789477361.4735594,1789477361.473115,13.940132454677096,14.216761335817347,1.5466801668790984,2.2337839053159234,2.305504108253965,0.9209567812348498,1.2117849482010312,431
1789477361.483379,1789477361.4830816,13.961642666136855,14.239087202186186,1.5556769589895798,2.0890162662196574,2.1806234014771975,0.8864594981527046,1.1841662027241124,431
1789477361.4936717,1789477361.4931142,13.982054779664294,14.260514296329335,1.5644613491466417,1.944136719552532,2.0524776661501423,0.8485874537461432,1.1578010835241455,431
1789477361.503537,1789477361.5031133,14.000809152451474,14.28042195491835,1.572757599694919,1.8036637584949444,1.9252210206111469,0.8087084274825482,1.1334307413947307,431
1789477361.5135818,1789477361.5131116,14.017867698102942,14.298726060749813,1.5805035290093663,1.6688552845581657,1.8003168707883788,0.7675369630310349,1.1111306321180794,431
1789477361.5235336,1789477361.5231264,14.034065975333984,14.316293355728208,1.5880475476248042,1.533660533059494,1.672316902990763,0.7234059957823851,1.089825719477815,431
1789477361.5335817,1789477361.5331113,14.048667618792754,14.332296856749648,1.5950173765353906,1.4047976408435536,1.5477454347144053,0.6786925251896647,1.0705014613020722,431
1789477361.5435543,1789477361.5431201,14.062043842387158,14.347108659646741,1.6015546155550104,1.2799030694703173,1.4245965013035318,0.6328768883310605,1.0526887236171865,431
1789477361.553817,1789477361.5531218,14.07438606024401,14.360915360856318,1.607726850171651,1.1577724160355591,1.3018426966215406,0.5856932100477121,1.0361486480658142,431
1789477361.5637112,1789477361.5631125,14.085283303651366,14.373227849341541,1.6132987179312284,1.0433566948062423,1.1847135070472392,0.5393229418371519,1.0214517476296963,431
1789477361.5736456,1789477361.5730844,14.095246582274678,14.384595608627492,1.6185032855275727,0.9322054051981221,1.0689061565589446,0.49222898074454413,1.0079281718898119,431
1789477361.583617,1789477361.583114,14.10397038317925,14.394645241786153,1.6231559454142115,0.8286094007404359,0.9591261610581272,0.4464749512401318,0.9960103136284997,431
1789477361.5936244,1789477361.5931137,14.111831800731292,14.403787233936752,1.6274337949465019,0.7290391135659571,0.8518763878643596,0.40075414278187643,0.9852006262591542,431
1789477361.6035264,1789477361.6031268,14.11857547519168,14.411702291036121,1.6311755354239998,0.6377409768991086,0.7519803020029885,0.35727299885393593,0.9758672346867772,431
1789477361.6135545,1789477361.6131215,14.124530387486585,14.418755059157355,1.6345422948581687,0.5513701080070794,0.6560392152239614,0.3147051415069872,0.9675716658975624,431
1789477361.6235797,1789477361.6231236,14.129617432468358,14.424833927809622,1.6374715340469672,0.4720673792679912,0.5666519402463653,0.2743302876653355,0.9604384874593381,431
1789477361.6336148,1789477361.6331227,14.133979576956383,14.430091962966157,1.6400281898663212,0.3988900198345813,0.48279177849621363,0.23581684326581176,0.9542819524418071,431
1789477361.6435244,1789477361.6431165,14.137634539771302,14.434526068521627,1.6422030290426752,0.3339629759468585,0.4055729426055666,0.19978945300052658,0.949098853871321,431
1789477361.6537797,1789477361.6530914,14.140696340646018,14.438231751066684,1.6440356862895593,0.27830272784469584,0.3344632006474313,0.16608524365919303,0.9447675927140282,431
1789477361.6637702,1789477361.6630998,14.143272955204852,14.441279535588952,1.6455544645357443,0.2330585602841766,0.269226294022344,0.13463393732416795,0.9411928315874456,431
1789477361.6736238,1789477361.6731188,14.143272955204852,14.441279535588952,1.6455544645357443,0.2330585602841766,0.269226294022344,0.13463393732416795,0.9411928315874456,431
1789477361.6836429,1789477361.6831214,14.147298562888603,14.44550741081696,1.647676214893153,0.17978965316230472,0.159905394889712,0.08027208528915687,0.9361292313906975,431
1789477361.6935654,1789477361.6931193,14.149048874357037,14.446874683995274,1.6483591303416019,0.17229284428776112,0.11445483667947516,0.056619859681339924,0.9343864106931994,431
1789477361.7034957,1789477361.7031183,14.150778631000724,14.447813755259919,1.6488137051709315,0.178151438929781,0.0756404739545407,0.035193530676973075,0.9330654109766856,431
1789477361.7137713,1789477361.7131166,14.152675486771122,14.448407715880712,1.6490669507860782,0.19797757901945628,0.04250290480359443,0.01495050251649071,0.9320415089056349,431
1789477361.7237096,1789477361.7231107,14.15478491761922,14.448694593245534,1.6491223080496995,0.23076530518821567,0.01654721313829523,-0.0035950719929104006,0.9312676440541439,431
1789477361.7336109,1789477361.7331116,14.157310087385575,14.448755352679074,1.6489964229503293,0.27722498468489737,-0.0033174951671776213,-0.02151350865229032,0.9306184526675803,431
1789477361.743423,1789477361.7431169,14.160365065072755,14.448649478159348,1.6486942292851625,0.33686028608043794,-0.01683382858390997,-0.03896525462468603,0.9300111293334692,431
1789477361.7537718,1789477361.753127,14.164086013352662,14.448439835697817,1.6482179670691384,0.4094392230625051,-0.024042806796506316,-0.05628472328442889,0.9293553852070402,431
1789477361.763819,1789477361.7631094,14.164086013352662,14.448439835697817,1.6482179670691384,0.4094392230625051,-0.024042806796506316,-0.05628472328442889,0.9293553852070402,431
1789477361.773623,1789477361.7731109,14.17403252374273,14.447960655739136,1.6467395330426733,0.5916120423882802,-0.01963801087946027,-0.0915693411399065,0.927553133054968,431
1789477361.7836635,1789477361.7831104,14.180474800609522,14.447816616207643,1.6457334375691428,0.699676957237158,-0.008175544286986568,-0.10991917912513001,0.9262467517308437,431
1789477361.793762,1789477361.7931144,14.188037715760625,14.447817307525805,1.644542347857672,0.8181076993901555,0.009312807917747254,-0.1289894040928218,0.9245703952531299,431
1789477361.8034027,1789477361.8031101,14.196886722611769,14.448024108875883,1.6431479501130983,0.9470991458654774,0.03289577895107473,-0.14907986723815045,0.9224389973267022,431
1789477361.8134542,1789477361.8131104,14.207007981225997,14.448493323382236,1.6415575700554226,1.0842957859653193,0.0621727465347055,-0.17007431066322223,0.9198146299610515,431
1789477361.8233614,1789477361.8230739,14.218553405394323,14.449284174144362,1.6397499880850872,1.2298340319133103,0.09719594590329857,-0.1922254994567418,0.9166237976453742,431
1789477361.8334584,1789477361.83311,14.231664653759992,14.450460187879035,1.6377034878130614,1.3835509513852877,0.13803562403853106,-0.2157195120367914,0.91279598883796,431
1789477361.843471,1789477361.8431075,14.246251943224822,14.452061865756088,1.6354303926390132,1.5427172800861402,0.1840484011831219,-0.2403319793179645,0.9083342597653825,431
1789477361.8536985,1789477361.8531091,14.262715679854816,14.454184786191473,1.632864694467112,1.7099683991664145,0.2361471642405589,-0.2666549040396967,0.9030958545809291,431
1789477361.8636098,1789477361.8631215,14.262715679854816,14.454184786191473,1.632864694467112,1.7099683991664145,0.2361471642405589,-0.2666549040396967,0.9030958545809291,431
1789477361.873534,1789477361.873113,14.300109800928587,14.460019222915307,1.6270141912936824,2.0515293142958915,0.35361541981572125,-0.3223432740403988,0.8906220954148187,431
1789477361.8836303,1789477361.883119,14.32145749638844,14.463873739348902,1.62364951824408,2.2274845050460623,0.41969877220717,-0.3522385435440731,0.8832471854163244,431
1789477361.8937373,1789477361.8930967,14.344643515517356,14.468425157279118,1.61996861338297,2.405881168586661,0.490524358935809,-0.3835046435166381,0.875093848004195,431
1789477361.9037201,1789477361.90311,14.369563003755072,14.473694669364262,1.6159778620914376,2.584900938919798,0.5655149713046878,-0.41593316411029846,0.866210761200743,431
1789477361.913803,1789477361.9131093,14.396262520917361,14.479731569068216,1.6116588606208937,2.76401757457922,0.6445773616502721,-0.4495223098770538,0.8565994871289893,431
1789477361.9237828,1789477361.9231095,14.424965679991013,14.486631222267972,1.6069630669197996,2.9437731519127515,0.728137998234523,-0.48447349041902477,0.8462023785388788,431
1789477361.9335835,1789477361.9330883,14.45554788137,14.494410414909296,1.6018974608219398,3.122450775608572,0.8156056524370318,-0.520548820523569,0.8350935495530765,431
1789477361.9434922,1789477361.943108,14.487643701816655,14.50301305724308,1.5965100711473719,3.2973467834411205,0.9057571963245726,-0.5572566130235814,0.8234412573980028,431
1789477361.953814,1789477361.953118,14.52111394192883,14.512429445380944,1.5908131063730175,3.467449359789325,0.9980731103379078,-0.5943989237116407,0.8113357135259607,431
1789477361.9638617,1789477361.9631102,14.52111394192883,14.512429445380944,1.5908131063730175,3.467449359789325,0.9980731103379078,-0.5943989237116407,0.8113357135259607,431
1789477361.973916,1789477361.9731095,14.593909322658211,14.534353696612264,1.578140907973427,3.799892591573352,1.1933230443720213,-0.6716118530523734,0.7853274216981596,431
1789477361.9838574,1789477361.983095,14.63256795818316,14.546745657994556,1.5712533454132018,3.958159817147963,1.2941591002836197,-0.7108163746633773,0.771770984503084,431
1789477361.9937453,1789477361.9931087,14.672922694592584,14.560202728195668,1.5639465841753433,4.1114388597298515,1.3974581483008248,-0.7505161377687224,0.7578595809217785,431
1789477362.003785,1789477362.0031102,14.714764067540356,14.574696527514895,1.5562445864842929,4.258585431540463,1.50255636903214,-0.7904255150476859,0.743732193989608,431
1789477362.0138862,1789477362.013115,14.758074519989329,14.590260153381218,1.5481373242367749,4.3992894762660155,1.6092985148331769,-0.8304523724020181,0.7294650188404961,431
1789477362.0236032,1789477362.0231104,14.802795852072158,14.60691265328985,1.5396225116820506,4.533142023892179,1.7174342040856743,-0.870464389528209,0.7151522631524854,431
1789477362.0337791,1789477362.033112,14.84890197313328,14.624685004412095,1.5306920858478275,4.659874260989171,1.826797254129798,-0.9103565497307509,0.7008819813709428,431
1789477362.043859,1789477362.0431147,14.89632180534202,14.643591080769026,1.5213470354641179,4.779130868019813,1.9371198620963526,-0.9499827056929799,0.6867602437561477,431
1789477362.0537753,1789477362.053115,14.944588662345055,14.663477924879448,1.511669129385655,4.889752807956373,2.0472498876330527,-0.9888845067180936,0.6730057030535261,431
1789477362.0639582,1789477362.0631156,14.993547220221457,14.684304622338946,1.5016824723901794,4.991581241466765,2.1568035330360527,-1.0268884984699675,0.6597339629739885,431
1789477362.073882,1789477362.0731132,15.044648613476753,14.706740324873278,1.4910771509324747,5.087409867390581,2.2689087887083716,-1.0650065864929903,0.6466555921510391,431
1789477362.0838044,1789477362.0831249,15.095777685706407,14.72989737424683,1.480281711383863,5.173238385045575,2.378845603824245,-1.101568066246874,0.6344057186299572,431
1789477362.0937965,1789477362.0931935,15.147451353232062,14.75402019551937,1.4691852694985934,5.250351316228878,2.4877455191431994,-1.1369151999604248,0.6229187125689635,431
1789477362.103662,1789477362.1030943,15.200047621848565,14.779316527438775,1.4577002121816822,5.31944600267123,2.596362865835989,-1.1712297648087586,0.61219345767597,431
1789477362.113667,1789477362.1131082,15.253777611341201,14.805934392279982,1.4457709502400635,5.380764508114276,2.705050501397069,-1.204535555225872,0.602289936553724,431
1789477362.1236727,1789477362.1231093,15.307813077795137,14.833499353467042,1.4335754953241764,5.433476274591181,2.812085860988041,-1.2362258855291461,0.5934491980033636,431
1789477362.133564,1789477362.1331084,15.363120611763417,14.862546356388544,1.4208893847989357,5.478599975525817,2.9193251498748305,-1.2667572140500047,0.5856093610249291,431
1789477362.1436906,1789477362.1431246,15.418120350953375,14.89227613412122,1.4080724782796756,5.515053703804893,3.0236822543736457,-1.2951698944690353,0.5790717221709425,431
1789477362.1536756,1789477362.1531153,15.472908787151832,14.922739262150726,1.3951083346323911,5.543425493074959,3.125406612562571,-1.3214975359018546,0.5738507907621648,431
1789477362.1635766,1789477362.1630797,15.52845452704394,14.954499289122092,1.3817685577480263,5.564484698476175,3.2262948417810215,-1.3461249741637444,0.5699164482389567,431
1789477362.1735728,1789477362.1731179,15.584935916429934,14.987713053269577,1.3680057573258884,5.578324762126031,3.3265980627654126,-1.3689766227185598,0.5673612453411456,431
1789477362.1835015,1789477362.1831055,15.639942661775061,15.020965803389245,1.354415098491747,5.584815560034457,3.4220961373925234,-1.3890445138821104,0.5663129494238568,431
1789477362.1936653,1789477362.1931086,15.696212411708487,15.055924959224512,1.3403272214933948,5.58466919307151,3.5175815672855055,-1.407268177375551,0.5667492011847142,431
1789477362.2035801,1789477362.2031913,15.751579135133028,15.0912727267552,1.3262893883181677,5.578159169995803,3.609383125408522,-1.422847410568942,0.5687029433700896,431
1789477362.2134955,1789477362.213105,15.807096901817587,15.12768306616778,1.312045693046985,5.565618261722916,3.6993172101664085,-1.4360440653732194,0.572213498183336,431
1789477362.223449,1789477362.223106,15.862712605269959,15.165149380083504,1.2976175810548862,5.547343263835483,3.7873083055998307,-1.4467406483426266,0.5773189936805381,431
1789477362.2334075,1789477362.2331488,15.91891269683503,15.204041244256445,1.2828864321854885,5.523402426131668,3.8741127175371997,-1.4548876832322537,0.5841230797407719,431
1789477362.243329,1789477362.2430804,15.973269211277701,15.24266763719029,1.2685051726299423,5.495333201414355,3.9560752873936145,-1.4601248257327446,0.5923033306743657,431
1789477362.2537537,1789477362.2531154,16.027923659676855,15.282531670594151,1.2539258223480596,5.462561563046729,4.036534892297647,-1.4626700000620019,0.6021383009792425,431
1789477362.2635522,1789477362.2631152,16.08265916377781,15.323510901381509,1.2392197073763338,5.425501198521156,4.115177683696715,-1.4623798035364133,0.6136283624630043,431
1789477362.2734704,1789477362.2731073,16.08265916377781,15.323510901381509,1.2392197073763338,5.425501198521156,4.115177683696715,-1.4623798035364133,0.6136283624630043,431
1789477362.283419,1789477362.2831063,16.190130710102416,15.407135922306523,1.2100705984577558,5.334171819204345,4.255950954535423,-1.4577674208808453,0.6410531806697983,431
1789477362.2936075,1789477362.2930713,16.2439451647951,15.450606968778347,1.195279212529409,5.270857599731223,4.310130582947012,-1.4583337782411196,0.6572616553524981,431
1789477362.3038626,1789477362.3031135,16.29538215747737,15.493157332790256,1.1809310485615718,5.195301847279512,4.347144896674493,-1.462469752864899,0.674333943181854,431
1789477362.3139172,1789477362.313115,16.346997387152364,15.53684046972603,1.1662377127992962,5.102766317058357,4.367586041634772,-1.4704376226259788,0.6930394973826837,431
1789477362.3236566,1789477362.3231108,16.397508584394107,15.580552609032086,1.1514768444836159,4.994745134491595,4.36997451022506,-1.481547315021361,0.7128871071258258,431
1789477362.333544,1789477362.3331058,16.44689048651587,15.624223343489355,1.136585624710271,4.8717193113262205,4.3546264982149,-1.4946353231623961,0.7337748478069677,431
1789477362.3433626,1789477362.3431146,16.49492549970615,15.667613195200042,1.1215748005069885,4.735230770083555,4.322531419094648,-1.5080920945107026,0.7555038674586867,431
1789477362.3535495,1789477362.3531117,16.54146436588078,15.710538104904577,1.106458714484981,4.587217177955108,4.27523518104502,-1.5200656515721267,0.7778820663299584,431
1789477362.3635101,1789477362.3631089,16.586525567276585,15.752969515932946,1.0912214372841382,4.429423612856008,4.214446110718819,-1.5286158076061045,0.8007889110795738,431
1789477362.3734593,1789477362.3731043,16.586525567276585,15.752969515932946,1.0912214372841382,4.429423612856008,4.214446110718819,-1.5286158076061045,0.8007889110795738,431
1789477362.3835776,1789477362.3831248,16.671943161066814,15.835930853363696,1.0605553986215779,4.093525181286795,4.060397421142119,-1.5275016114805984,0.8475325266225733,431
1789477362.393677,1789477362.3931124,16.71207918312532,15.87616008668064,1.0453144857084427,3.920662729254062,3.9716111148174007,-1.5141767708902436,0.8709856928447222,431
1789477362.4036283,1789477362.4031155,16.750144863237182,15.915125265199444,1.0303923994396587,3.749124025311665,3.8785956719217536,-1.4905620943082631,0.8941020977038487,431
1789477362.41339,1789477362.4131062,16.786952035416363,15.953611588167066,1.0155832905004591,3.5773333414242674,3.781202509826016,-1.4549581870760444,0.9172595019514849,431
1789477362.423624,1789477362.4231157,16.821843709112837,15.99088681747157,1.0012797107332168,3.4102501084933614,3.6827756728874745,-1.4071334602557364,0.9399420437749098,431
1789477362.4335835,1789477362.4330902,16.855072716812256,16.027155958923426,0.9875251177388732,3.2484321694006333,3.5840925323118387,-1.3465822990496483,0.9622061706056075,431
1789477362.4435298,1789477362.4431129,16.887107210721844,16.062882226877896,0.9742779916056183,3.0910295619123778,3.484829629051079,-1.2723344088537991,0.9842859569386953,431
1789477362.453758,1789477362.4530897,16.916937501201517,16.096863339818952,0.9621071603468134,2.9441513042064122,3.38898802366072,-1.1876067168435895,1.0053964427821058,431
1789477362.4636867,1789477362.4631152,16.916937501201517,16.096863339818952,0.9621071603468134,2.9441513042064122,3.38898802366072,-1.1876067168435895,1.0053964427821058,431
1789477362.4735413,1789477362.4731107,16.973168796309402,16.16291011693252,0.9402748225161178,2.66913994660602,3.1990455987812108,-0.9831251774603431,1.0466656108595536,431
1789477362.4834774,1789477362.4831026,16.999157949126058,16.194353307216595,0.9310365615129621,2.5435436723586196,3.106241548219017,-0.8681749804612955,1.066410365057048,431
1789477362.4934542,1789477362.4931026,17.023965583954563,16.224918725167246,0.9229661437413214,2.424492913758847,3.013522549681521,-0.746829313730768,1.0856672150080269,431
1789477362.5034363,1789477362.5031016,17.047877432127386,16.254887841255535,0.9160587046540877,2.310034881678617,2.9189779486156024,-0.6201174431621355,1.1046183023281388,431
1789477362.51348,1789477362.5131068,17.07021646591068,16.28332611604495,0.9105399123678424,2.2025572135176956,2.8244146610765037,-0.4945188199568218,1.1226782292365827,431
1789477362.5235531,1789477362.5231094,17.09171482651622,16.311080793700842,0.9062249693912384,2.097489008011524,2.725759684888008,-0.3688678887069857,1.140391458711214,431
1789477362.5335655,1789477362.533105,17.1121501784276,16.337795907930644,0.903152679429319,1.9947137207850365,2.622809073306683,-0.2471716176621353,1.1575390292124879,431
1789477362.54345,1789477362.5431192,17.131621237100866,16.363531363939206,0.9012624319539373,1.8924991998864293,2.513955972582528,-0.1314558954848983,1.1741647497283392,431
1789477362.5535636,1789477362.5531065,17.15011410932883,16.388206435518406,0.9004891005312957,1.7896897945593708,2.3982220961260814,-0.024170969733216627,1.190219413836846,431
1789477362.5637777,1789477362.5631099,17.15011410932883,16.388206435518406,0.9004891005312957,1.7896897945593708,2.3982220961260814,-0.024170969733216627,1.190219413836846,431
1789477362.573699,1789477362.573103,17.183735804883323,16.433572234752287,0.9018766892100556,1.58076317371525,2.146383960392497,0.15510041875813402,1.2200787048074537,431
1789477362.583651,1789477362.58311,17.19901155462213,16.45436482809473,0.9037907764452505,1.4722498667491204,2.0086072822713525,0.2251318416722491,1.2339339441482435,431
1789477362.5939069,1789477362.5931182,17.213136486888967,16.47367240589312,0.9063225327224416,1.3613253596589396,1.8641443043786186,0.28037944099069845,1.2469068469808193,431
1789477362.6038976,1789477362.6031091,17.226178378803628,16.491557113704495,0.9093402369891433,1.247379774910953,1.7128414696080732,0.32082948560553726,1.2590228375334385,431
1789477362.6137855,1789477362.6131022,17.238143547608896,16.508003973113972,0.9127102620873165,1.1304220234605584,1.555279280061555,0.34649055909984067,1.2702546852836427,431
1789477362.623753,1789477362.6231027,17.2488209695658,16.522704067845844,0.9162284070687511,1.0131837780950346,1.3956956230096884,0.3575597936564902,1.2803712005862127,431
1789477362.633726,1789477362.633068,17.258358185811172,16.53584660175138,0.9198018254619224,0.8951676099914017,1.2339070024857395,0.35532665947443437,1.289481588318988,431
1789477362.6434696,1789477362.6431148,17.26673814143268,16.54739876729496,0.9233000664336207,0.7778435894254925,1.0723215672453454,0.34109465826374025,1.297543943484985,431
1789477362.6534538,1789477362.6531026,17.273968846113217,16.55736574866919,0.9266100017528187,0.6628269797980709,0.9134856237659914,0.3165855107430144,1.3045435133102519,431
1789477362.6637626,1789477362.6631136,17.28003013710419,16.56571679460692,0.9296132690492855,0.5528146224319673,0.7613737996992416,0.28416500730063576,1.310441483230849,431
1789477362.6736808,1789477362.6731029,17.28003013710419,16.56571679460692,0.9296132690492855,0.5528146224319673,0.7613737996992416,0.28416500730063576,1.310441483230849,431
1789477362.6835985,1789477362.6831007,17.289024122051625,16.5780927712322,0.9345175453042683,0.3526659792198664,0.48468972353583734,0.20451564405730316,1.3192438862468596,431
1789477362.6936464,1789477362.693109,17.29211611646762,16.582339577881584,0.936355023040302,0.2659476851340782,0.3650090550221058,0.16214062871410873,1.3222839307118974,431
1789477362.7035198,1789477362.703101,17.29437375198123,16.585435990651803,0.937761081453737,0.19124056094873987,0.26208237367723275,0.1218416550103214,1.3245081069554727,431
1789477362.7133944,1789477362.713102,17.295969700778546,16.587621484104908,0.9387974577447248,0.12788254885887795,0.1749685673577812,0.08479476776430972,1.3260826769623852,431
1789477362.7234437,1789477362.7231,17.296991182251737,16.589017983008485,0.939486204874002,0.07803874300309355,0.1065898233203928,0.05362326567368836,1.3270914654027313,431
1789477362.7334433,1789477362.7331018,17.297577105753543,16.5898176427573,0.9398947446038884,0.04174515398329337,0.05691763793212834,0.029614349145722585,1.3276704599765448,431
1789477362.7434523,1789477362.7431028,17.297865264123256,16.590210228770587,0.9401017884582732,0.017915490298723302,0.024382858178483957,0.013082393073639675,1.327955307016,431
1789477362.7535546,1789477362.7530994,17.29797199209038,16.590355378528663,0.9401805653789009,0.005064729490913411,0.006880433815832365,0.003796789358510022,1.3280608257545476,431
1789477362.763452,1789477362.7631001,17.297994255006525,16.590385604277124,0.9401973903561138,0.0004519111030196754,0.000612785056136822,0.00034699476501742765,1.3280828378847356,431
1789477362.7736475,1789477362.7730987,17.297995142522822,16.59038680738906,0.9401980742325112,0.0,8.881784197001252e-16,-8.881784197001252e-16,1.3280837154259482,431
1789477362.783519,1789477362.7831008,17.297995142522822,16.59038680738906,0.9401980742325112,0.0,8.881784197001252e-16,-8.881784197001252e-16,1.3280837154259482,431
1789477362.793661,1789477362.7931118,17.297995142522822,16.59038680738906,0.9401980742325112,0.0,8.881784197001252e-16,-8.881784197001252e-16,1.3280837154259482,431
1789477362.8035567,1789477362.80311,17.297995142522822,16.59038680738906,0.9401980742325112,0.0,8.881784197001252e-16,-8.881784197001252e-16,1.3280837154259482,431
1789477362.8136294,1789477362.8130984,17.297995142522822,16.59038680738906,0.9401980742325112,0.0,8.881784197001252e-16,-8.881784197001252e-16,1.3280837154259482,431
1789477362.823656,1789477362.8230984,17.297995142522822,16.59038680738906,0.9401980742325112,0.0,8.881784197001252e-16,-8.881784197001252e-16,1.3280837154259482,431
1789477362.8336868,1789477362.8331146,17.297995142522822,16.59038680738906,0.9401980742325112,0.0,8.881784197001252e-16,-8.881784197001252e-16,1.3280837154259482,431
1789477362.8436475,1789477362.8431005,17.297995142522822,16.59038680738906,0.9401980742325112,0.0,8.881784197001252e-16,-8.881784197001252e-16,1.3280837154259482,431
1789477362.8536322,1789477362.8531091,17.297995142522822,16.59038680738906,0.9401980742325112,0.0,8.881784197001252e-16,-8.881784197001252e-16,1.3280837154259482,431
1789477362.8635333,1789477362.8630974,17.297995142522822,16.59038680738906,0.9401980742325112,0.0,8.881784197001252e-16,-8.881784197001252e-16,1.3280837154259482,431
1789477362.8734634,1789477362.8730986,17.297995142522822,16.59038680738906,0.9401980742325112,0.0,8.881784197001252e-16,-8.881784197001252e-16,1.3280837154259482,431
1789477362.8835392,1789477362.8831065,17.297995142522822,16.59038680738906,0.9401980742325112,0.0,8.881784197001252e-16,-8.881784197001252e-16,1.3280837154259482,431
1789477362.8934984,1789477362.8930993,17.297995142522822,16.59038680738906,0.9401980742325112,0.0,8.881784197001252e-16,-8.881784197001252e-16,1.3280837154259482,431
1789477362.903446,1789477362.9030964,17.297995142522822,16.59038680738906,0.9401980742325112,0.0,8.881784197001252e-16,-8.881784197001252e-16,1.3280837154259482,431
1789477362.9134295,1789477362.9131,17.297995142522822,16.59038680738906,0.9401980742325112,0.0,8.881784197001252e-16,-8.881784197001252e-16,1.3280837154259482,431
1789477362.9235551,1789477362.9230983,17.297995142522822,16.59038680738906,0.9401980742325112,0.0,8.881784197001252e-16,-8.881784197001252e-16,1.3280837154259482,431
1789477362.9334874,1789477362.9331007,17.297995142522822,16.59038680738906,0.9401980742325112,0.0,8.881784197001252e-16,-8.881784197001252e-16,1.3280837154259482,431
1789477362.9434836,1789477362.9431179,17.297995142522822,16.59038680738906,0.9401980742325112,0.0,8.881784197001252e-16,-8.881784197001252e-16,1.3280837154259482,431
1789477362.9534886,1789477362.953099,17.297995142522822,16.59038680738906,0.9401980742325112,0.0,8.881784197001252e-16,-8.881784197001252e-16,1.3280837154259482,431
1789477362.963529,1789477362.9630997,17.297995142522822,16.59038680738906,0.9401980742325112,0.0,8.881784197001252e-16,-8.881784197001252e-16,1.3280837154259482,431
1789477362.973482,1789477362.9730995,17.297995142522822,16.59038680738906,0.9401980742325112,0.0,8.881784197001252e-16,-8.881784197001252e-16,1.3280837154259482,431
1789477362.983465,1789477362.9831038,17.297995142522822,16.59038680738906,0.9401980742325112,0.0,8.881784197001252e-16,-8.881784197001252e-16,1.3280837154259482,431
1789477362.9934542,1789477362.9931083,17.297995142522822,16.59038680738906,0.9401980742325112,0.0,8.881784197001252e-16,-8.881784197001252e-16,1.3280837154259482,431
1789477363.0034935,1789477363.003105,17.297995142522822,16.59038680738906,0.9401980742325112,0.0,8.881784197001252e-16,-8.881784197001252e-16,1.3280837154259482,431
1789477363.0134838,1789477363.0131059,17.297995142522822,16.59038680738906,0.9401980742325112,0.0,8.881784197001252e-16,-8.881784197001252e-16,1.3280837154259482,431
1789477363.0234618,1789477363.023097,17.297995142522822,16.59038680738906,0.9401980742325112,0.0,8.881784197001252e-16,-8.881784197001252e-16,1.3280837154259482,431
1789477363.033437,1789477363.0331028,17.297995142522822,16.59038680738906,0.9401980742325112,0.0,8.881784197001252e-16,-8.881784197001252e-16,1.3280837154259482,431
1789477363.043377,1789477363.0431147,17.297995142522822,16.59038680738906,0.9401980742325112,0.0,8.881784197001252e-16,-8.881784197001252e-16,1.3280837154259482,431
1789477363.0535834,1789477363.0530982,17.297995142522822,16.59038680738906,0.9401980742325112,0.0,8.881784197001252e-16,-8.881784197001252e-16,1.3280837154259482,431
1789477363.0634716,1789477363.0631037,17.297995142522822,16.59038680738906,0.9401980742325112,0.0,8.881784197001252e-16,-8.881784197001252e-16,1.3280837154259482,431
1789477363.0734606,1789477363.073104,17.297995142522822,16.59038680738906,0.9401980742325112,0.0,8.881784197001252e-16,-8.881784197001252e-16,1.3280837154259482,431
1789477363.0834544,1789477363.0830986,17.297995142522822,16.59038680738906,0.9401980742325112,0.0,8.881784197001252e-16,-8.881784197001252e-16,1.3280837154259482,431
1789477363.093396,1789477363.0931,17.297995142522822,16.59038680738906,0.9401980742325112,0.0,8.881784197001252e-16,-8.881784197001252e-16,1.3280837154259482,431
1789477363.1034362,1789477363.1030984,17.297995142522822,16.59038680738906,0.9401980742325112,0.0,8.881784197001252e-16,-8.881784197001252e-16,1.3280837154259482,431
1789477363.1134253,1789477363.113098,17.297995142522822,16.59038680738906,0.9401980742325112,0.0,8.881784197001252e-16,-8.881784197001252e-16,1.3280837154259482,431
1789477363.1234555,1789477363.1230965,17.297995142522822,16.59038680738906,0.9401980742325112,0.0,8.881784197001252e-16,-8.881784197001252e-16,1.3280837154259482,431
1789477363.133449,1789477363.1330976,17.297995142522822,16.59038680738906,0.9401980742325112,0.0,8.881784197001252e-16,-8.881784197001252e-16,1.3280837154259482,431
1789477363.1434357,1789477363.1431038,17.297995142522822,16.59038680738906,0.9401980742325112,0.0,8.881784197001252e-16,-8.881784197001252e-16,1.3280837154259482,431
1789477363.1536546,1789477363.1530964,17.297995142522822,16.59038680738906,0.9401980742325112,0.0,8.881784197001252e-16,-8.881784197001252e-16,1.3280837154259482,431
1789477363.1635346,1789477363.163096,17.297995142522822,16.59038680738906,0.9401980742325112,0.0,8.881784197001252e-16,-8.881784197001252e-16,1.3280837154259482,431
1789477363.173575,1789477363.1730962,17.297995142522822,16.59038680738906,0.9401980742325112,0.0,8.881784197001252e-16,-8.881784197001252e-16,1.3280837154259482,431
1789477363.1835768,1789477363.183094,17.297995142522822,16.59038680738906,0.9401980742325112,0.0,8.881784197001252e-16,-8.881784197001252e-16,1.3280837154259482,431
1789477363.1937845,1789477363.1932254,17.297995142522822,16.59038680738906,0.9401980742325112,0.0,8.881784197001252e-16,-8.881784197001252e-16,1.3280837154259482,431
1789477363.203754,1789477363.203096,17.297995142522822,16.59038680738906,0.9401980742325112,0.0,8.881784197001252e-16,-8.881784197001252e-16,1.3280837154259482,431
1789477363.21376,1789477363.2131047,17.297995142522822,16.59038680738906,0.9401980742325112,0.0,8.881784197001252e-16,-8.881784197001252e-16,1.3280837154259482,431
1789477363.223639,1789477363.2231123,17.297995142522822,16.59038680738906,0.9401980742325112,0.0,8.881784197001252e-16,-8.881784197001252e-16,1.3280837154259482,431
1789477363.233683,1789477363.233102,17.297995142522822,16.59038680738906,0.9401980742325112,0.0,8.881784197001252e-16,-8.881784197001252e-16,1.3280837154259482,431
1789477363.2437627,1789477363.2431133,17.297995142522822,16.59038680738906,0.9401980742325112,0.0,8.881784197001252e-16,-8.881784197001252e-16,1.3280837154259482,431
1789477363.2535646,1789477363.2530963,17.297995142522822,16.59038680738906,0.9401980742325112,0.0,8.881784197001252e-16,-8.881784197001252e-16,1.3280837154259482,431
1789477363.2637198,1789477363.263097,17.297995142522822,16.59038680738906,0.9401980742325112,0.0,8.881784197001252e-16,-8.881784197001252e-16,1.3280837154259482,431
1789477363.2736232,1789477363.2730973,17.297995142522822,16.59038680738906,0.9401980742325112,0.0,8.881784197001252e-16,-8.881784197001252e-16,1.3280837154259482,431
1789477363.2835965,1789477363.2831032,17.297995142522822,16.59038680738906,0.9401980742325112,0.0,8.881784197001252e-16,-8.881784197001252e-16,1.3280837154259482,431
1789477363.293587,1789477363.2930975,17.297995142522822,16.59038680738906,0.9401980742325112,0.0,8.881784197001252e-16,-8.881784197001252e-16,1.3280837154259482,431
1789477363.3035815,1789477363.3031008,17.297995142522822,16.59038680738906,0.9401980742325112,0.0,8.881784197001252e-16,-8.881784197001252e-16,1.3280837154259482,431
1789477363.3135464,1789477363.3130937,17.297995142522822,16.59038680738906,0.9401980742325112,0.0,8.881784197001252e-16,-8.881784197001252e-16,1.3280837154259482,431
1789477363.3234825,1789477363.3230948,17.297995142522822,16.59038680738906,0.9401980742325112,0.0,8.881784197001252e-16,-8.881784197001252e-16,1.3280837154259482,431
1789477363.333824,1789477363.3330975,17.297995142522822,16.59038680738906,0.9401980742325112,0.0,8.881784197001252e-16,-8.881784197001252e-16,1.3280837154259482,431
1789477363.343669,1789477363.3431194,17.297995142522822,16.59038680738906,0.9401980742325112,0.0,8.881784197001252e-16,-8.881784197001252e-16,1.3280837154259482,431
1789477363.3537645,1789477363.3530688,17.297995142522822,16.59038680738906,0.9401980742325112,0.0,8.881784197001252e-16,-8.881784197001252e-16,1.3280837154259482,431
1789477363.363537,1789477363.363099,17.297995142522822,16.59038680738906,0.9401980742325112,0.0,8.881784197001252e-16,-8.881784197001252e-16,1.3280837154259482,431
1789477363.37355,1789477363.3731477,17.31227603351558,16.610540672010337,0.9614577727958343,0.7510492221154754,0.7117847842192605,0.7004826405175925,1.3422754713222056,431
1789477363.3837311,1789477363.3831673,17.320327802988814,16.618164998657196,0.9689134706871619,0.8560062708513525,0.8098995296139241,0.787094934214073,1.350333850332376,431
1789477363.3938084,1789477363.3931322,17.329461188769194,16.62679899272756,0.9772488169738687,0.9666795345708595,0.9130646031127629,0.8757778181024747,1.359501123287811,431
1789477363.4039495,1789477363.4031265,17.33965284795897,16.636417073393996,0.9864107925977783,1.0817536867145965,1.020020193232364,0.9651065582093131,1.3697632091009062,431
1789477363.4139698,1789477363.4131098,17.351087185607557,16.647189406890245,0.9965295750427069,1.202273568862764,1.131702373437746,1.0554913495799363,1.3813168364993436,431
1789477363.4241183,1789477363.4231348,17.363839862438226,16.659182809310074,1.0076301797271379,1.327888341771215,1.2477454287168066,1.1461946416749846,1.3942519059028853,431
1789477363.4341235,1789477363.4331315,17.377876094468863,16.672360027353783,1.0196384142272596,1.457234885896379,1.3668541074721865,1.2357782247979363,1.408547894008541,431
1789477363.4440143,1789477363.4431272,17.392959819794626,16.686495608830697,1.0323134418710285,1.587490417246617,1.4864092365991823,1.3219733596176253,1.4239782722313672,431
1789477363.4535847,1789477363.4530752,17.409616605434653,16.70207756473049,1.0460502720921105,1.7224031472473866,1.6098249523430876,1.4068568626217761,1.4410973365194661,431
1789477363.4635804,1789477363.4630983,17.427288727935796,16.718579743311142,1.060341740748023,1.856764518741726,1.732315202346757,1.4867756651075792,1.4593489821679322,431
1789477363.4734576,1789477363.4730918,17.427288727935796,16.718579743311142,1.060341740748023,1.856764518741726,1.732315202346757,1.4867756651075792,1.4593489821679322,431
1789477363.4834883,1789477363.4831002,17.467105071126944,16.755658621751802,1.0915418074738898,2.1322334235026834,1.9821145574745274,1.6353068800532438,1.50079560970573,431
1789477363.4935338,1789477363.4930918,17.489195988281995,16.776175245017313,1.1082880598006488,2.271481016068958,2.1076932285018795,1.7019850291029979,1.5239779728986584,431
1789477363.5034542,1789477363.503099,17.51251632177099,16.79779415143702,1.125550540364256,2.409593562502299,2.2317784529424585,1.7620898352111691,1.5485897251716798,431
1789477363.5134661,1789477363.5130928,17.537453293411044,16.82086949925499,1.1435527184299645,2.5483284240517405,2.355942937628074,1.8160064802694138,1.575060932508483,431
1789477363.523448,1789477363.5230935,17.563783303371473,16.845189235497063,1.162063003646306,2.6858591470658757,2.478545655049693,1.8625918671674233,1.6031772248360814,431
1789477363.5335279,1789477363.5331028,17.591067032991806,16.870344217956976,1.1807187838295068,2.8196710762352697,2.597361248496041,1.9008355899759155,1.6324860693241363,431
1789477363.5435436,1789477363.5431023,17.620135630825644,16.897096531734327,1.2000208974454585,2.953457622219634,2.715679651083042,1.9314907662844407,1.6639003615487096,431
1789477363.5536003,1789477363.553092,17.650282639190966,16.924791627421023,1.2194264262573702,3.0835445033369377,2.83026260136665,1.9533647163703338,1.6966775720591984,431
1789477363.5636156,1789477363.5630963,17.681835099301978,16.95372669622586,1.2390807824568695,3.2111084154624283,2.942172368298787,1.9664748365462918,1.7311900376400207,431
1789477363.5734487,1789477363.5730984,17.681835099301978,16.95372669622586,1.2390807824568695,3.2111084154624283,2.942172368298787,1.9664748365462918,1.7311900376400207,431
1789477363.5834572,1789477363.5830975,17.74846108684776,17.01466682428918,1.2784249066702904,3.454893785474278,3.154783053182224,1.9652687731455705,1.8047260673116583,431
1789477363.593581,1789477363.5930927,17.783629667041392,17.046753859365285,1.2980321178892786,3.5710911131393224,3.2555399825000526,1.9506873379710052,1.8438837906441583,431
1789477363.6034973,1789477363.6030931,17.81940872896442,17.079345593741245,1.317168324895413,3.681362680097134,3.3508188806478394,1.927105346020599,1.8839502791314022,431
1789477363.6134799,1789477363.6130917,17.85735047471503,17.113853564794926,1.3365749778823963,3.7902065126246858,3.4445532775872554,1.8933010818477625,1.9266802483232024,431
1789477363.6234703,1789477363.6230905,17.895375771920143,17.148385930109303,1.3551157460048586,3.8915393307754123,3.5315625864491285,1.8511272122898843,1.9697431616754841,431
1789477363.633473,1789477363.6330924,17.9347091524676,17.18405609859242,1.373343009914117,3.9887721046742417,3.614849075486832,1.799531329679109,2.0145281258837375,431
1789477363.6434648,1789477363.6431034,17.975570574110577,17.22106265585587,1.3912589441794725,4.082175408308281,3.69471170666287,1.7381086903197982,2.061300822465217,431
1789477363.6535747,1789477363.6530938,18.016305840800097,17.257909732773278,1.408089690585118,4.168093016783306,3.768104787789064,1.6696601430205318,2.108169646974689,431
1789477363.6635675,1789477363.6630914,18.059122392289723,17.296596157950344,1.4246756144823651,4.251167102991369,3.839080244546586,1.5906780951452228,2.1576807654401895,431
1789477363.6735451,1789477363.6730967,18.059122392289723,17.296596157950344,1.4246756144823651,4.251167102991369,3.839080244546586,1.5906780951452228,2.1576807654401895,431
1789477363.6835208,1789477363.6830976,18.144916208896046,17.374003972948277,1.4545142476085542,4.397207873148692,3.9642482628306324,1.4134984643026005,2.257609683569199,431
1789477363.6934438,1789477363.693095,18.189465645697215,17.414153799809636,1.4682267667532551,4.463197334009962,4.0212219403160185,1.3129169154794873,2.3098574167490753,431
1789477363.7034576,1789477363.7030966,18.234153330068377,17.4544066241603,1.480761804139298,4.523191071933977,4.073460484181069,1.2070206510870083,2.362500490797899,431
1789477363.7134798,1789477363.713096,18.28012139464284,17.49579811989139,1.4923839900467022,4.578831868327852,4.1225019309880695,1.0935367847992623,2.3918921426758133,81
1789477363.7235181,1789477363.7230709,18.326107334764934,17.537199334463786,1.5027234177447664,4.628720471634739,4.16722028142007,0.9760505484541984,2.374738315835102,81
1789477363.7336335,1789477363.7331004,18.372406115730243,17.57888482250955,1.5118366893138524,4.673483173503001,4.208258961754159,0.8544172782554635,2.35867256048461,81
1789477363.7436764,1789477363.7432282,18.419096087515914,17.62093488557874,1.5197147705906762,4.713422588468866,4.245984150930715,0.7289977674644662,2.3437069436388724,81
1789477363.7536561,1789477363.7530663,18.466471535966697,17.663625533501893,1.526368286601674,4.748951630108536,4.280885707005157,0.5995519250572411,2.329801051283871,81
1789477363.7637396,1789477363.7631006,18.514121886328248,17.70659883783235,1.5317069572294406,4.779939991611684,4.312926013383836,0.4677793248837478,2.317124344651287,81
1789477363.7735355,1789477363.7730978,18.514121886328248,17.70659883783235,1.5317069572294406,4.779939991611684,4.312926013383836,0.4677793248837478,2.317124344651287,81
1789477363.7835317,1789477363.783104,18.610718563068456,17.793871792930375,1.5384085136945551,4.829430276530305,4.369880631650356,0.19839758504756042,2.2954908458272487,81
1789477363.7935042,1789477363.7930949,18.658548789059143,17.837189828137348,1.5397109266784512,4.847920302132234,4.394782320622925,0.06514769172502641,2.286807231864844,81
1789477363.8034983,1789477363.8030994,18.707094672487425,17.881245752929512,1.539690113044129,4.862990944865201,4.418245771995472,-0.06917527535169306,2.2793737998291173,81
1789477363.8136668,1789477363.8130965,18.755778553345476,17.925532942722956,1.5383314803158925,4.8746351497475455,4.440245734179627,-0.20233474954634476,2.27331841657454,81
1789477363.8237247,1789477363.823102,18.804665119969783,17.970127469334123,1.5356432858939144,4.883093212963691,4.461085777804805,-0.3338813194932554,2.2686491068539194,81
1789477363.833664,1789477363.8330903,18.85349307893966,18.01480831365042,1.5316615931174935,4.888555415751693,4.480924316556437,-0.46250396367685254,2.2653968834645823,81
1789477363.84375,1789477363.8430994,18.902364056881332,18.059685857374113,1.5264099283175048,4.891273361682068,4.500063341614784,-0.5878857223018032,2.2635526246322732,81
1789477363.85376,1789477363.8530905,18.951278564136334,18.10477908259741,1.5199199199377866,4.891467988403051,4.518746125868887,-0.7094461690440157,2.2631169601640972,81
1789477363.863943,1789477363.8631034,19.000583135089435,18.150428759930435,1.5121687852971937,4.889327841082032,4.5373312447270875,-0.8274278873602073,2.2641011065471424,81
1789477363.873661,1789477363.8730905,19.049405639833946,18.19584615261142,1.503340374423802,4.88510500145543,4.555704057198326,-0.9392136088073286,2.266477999320007,81
1789477363.8838408,1789477363.8831139,19.098365964095894,18.241625422259972,1.4933824178171322,4.878964981087369,4.574294370085463,-1.0457516789911474,2.2702562091239384,81
1789477363.8937464,1789477363.8930995,19.146679939921903,18.287049416685228,1.482522259662824,4.87121710234113,4.592975845807005,-1.1449308405819771,2.2753460137290307,81
1789477363.9037197,1789477363.9031022,19.195325744799916,18.333055456028017,1.4706052715067939,4.861892025136947,4.612279719280674,-1.2383468732370595,2.281828769383785,81
1789477363.9137855,1789477363.9130943,19.243874944793127,18.37926062206802,1.4577886333796557,4.85122030731757,4.632176566363398,-1.3246853291935514,2.289648187967263,81
1789477363.923817,1789477363.9230988,19.2923333284859,18.42568917579029,1.4441396312681425,4.8393560940119835,4.652781977144748,-1.4035792904103854,2.2987878483592037,81
1789477363.933716,1789477363.933101,19.34078395519717,18.47244022276318,1.429705010924938,4.826417878680051,4.674224882287482,-1.4747993060216589,2.309249440806863,81
1789477363.943808,1789477363.9431062,19.38934573410798,18.5196500879506,1.4145187009822011,4.812493424774686,4.696635067134462,-1.5381392928951239,2.321052697919781,81
1789477363.953855,1789477363.9530969,19.436763290563118,18.56610678918124,1.3990687545354243,4.798078288623336,4.719453861775424,-1.5919077931053403,2.3338408884252098,81
1789477363.9638915,1789477363.9630938,19.48498966215486,18.61373956113529,1.3828026111341616,4.78268059511578,4.743638651219252,-1.6381286980617007,2.348117331607374,81
1789477363.973836,1789477363.97309,19.48498966215486,18.61373956113529,1.3828026111341616,4.78268059511578,4.743638651219252,-1.6381286980617007,2.348117331607374,81
1789477363.983693,1789477363.9830883,19.58036421989118,18.7091546418303,1.3493127054378224,4.750339197597345,4.794359022599671,-1.7035052902160859,2.3800837889681494,81
1789477363.9936085,1789477363.993088,19.62798430478904,18.7574350578084,1.3321006371130737,4.7333631928538376,4.821056505305648,-1.722858808523602,2.397881771961295,81
1789477364.0036025,1789477364.0030656,19.675674543430112,18.806237012949087,1.3146503095261022,4.715858523998904,4.848625431587254,-1.733211388695268,2.416920536976906,81
1789477364.01363,1789477364.0130641,19.7225553469751,18.85466593783599,1.2973742191376374,4.698176365959634,4.8764459868893155,-1.7345192559534284,2.4368126969178423,81
1789477364.0235076,1789477364.023099,19.768909909650162,18.903009654936863,1.2802573113377202,4.680231037195302,4.904542742938993,-1.727150270391856,2.4576209776468145,81
1789477364.0335324,1789477364.033095,19.81575308718681,18.95233979352969,1.26301023789943,4.661615706539604,4.93339255750729,-1.710980943951283,2.4797924343714444,81
1789477364.043396,1789477364.0430634,19.86198680041241,19.00151072459704,1.246121287925204,4.642738979956997,4.962158816584073,-1.6864941217016405,2.5027963176771326,81
1789477364.0536954,1789477364.0530932,19.908641305313658,19.05162689421797,1.2292982603227884,4.623137662550097,4.991296974689714,-1.6533111979607087,2.5271320779685977,81
1789477364.0638661,1789477364.0631027,19.954639263665307,19.10153765669037,1.2130106027024414,4.603208434360471,5.019930693706076,-1.6124175714353344,2.5522234530664147,81
1789477364.073867,1789477364.0731678,19.954639263665307,19.10153765669037,1.2130106027024414,4.603208434360471,5.019930693706076,-1.6124175714353344,2.5522234530664147,81
1789477364.0837953,1789477364.0831008,20.046291859277257,19.202501817041018,1.1817609945586933,4.561399139716227,5.075798264633072,-1.5075438555943415,2.605447974449961,81
1789477364.0937715,1789477364.0930965,20.091920997423358,19.25353380455226,1.166956001022304,4.539350222434117,5.102521824069621,-1.444220919697767,2.6335388838597216,81
1789477364.1037405,1789477364.103087,20.13720746553635,19.30469463563976,1.1528552738630287,4.516505837825282,5.127966245271698,-1.3744618993139779,2.662459559484106,81
1789477364.11376,1789477364.1130888,20.182448197074898,19.35631770102025,1.1394291586572167,4.49259960681094,5.152019355656342,-1.2982333453588843,2.692381561829829,81
1789477364.1237614,1789477364.1230886,20.22687785887982,19.40751853659442,1.126951741441843,4.4679288561915245,5.1740124488615855,-1.2173648167294568,2.7227650512743544,81
1789477364.1336527,1789477364.1330864,20.27138754573064,19.459313989069447,1.1152176799408382,4.441879141644856,5.194112865932267,-1.1307632671106431,2.754190251185784,81
1789477364.1437612,1789477364.1431007,20.316149315629584,19.511911325316138,1.104250253353411,4.414172152897976,5.212044296719684,-1.0384426209077369,2.786784951510614,81
1789477364.1537135,1789477364.1530876,20.359695135398752,19.563569731696678,1.094437227922539,4.385597637635138,5.226958822877709,-0.9440162263691844,2.8194436520046176,81
1789477364.1638784,1789477364.163092,20.40382066328163,19.616408342499916,1.085407382412253,4.3548333853449215,5.2391781121354715,-0.8441335513223612,2.8534872709316126,81
1789477364.173687,1789477364.1730611,20.40382066328163,19.616408342499916,1.085407382412253,4.3548333853449215,5.2391781121354715,-0.8441335513223612,2.8534872709316126,81
1789477364.1834998,1789477364.1830602,20.489896641046645,19.720903001967898,1.070625450194844,4.288844582303686,5.253237933780012,-0.6389032605754501,2.9226286347998744,81
1789477364.1937935,1789477364.1930592,20.532963355141018,19.77388695810832,1.0647205988849908,4.2524722471680745,5.254698336371243,-0.5319862871942691,2.9585674636346933,81
1789477364.2039845,1789477364.2030725,20.57475824624643,19.825750372636982,1.0599907277626406,4.2147720536498365,5.252085082700891,-0.4261318101784978,2.9942953833384647,81
1789477364.2138906,1789477364.213076,20.617027188604244,19.878643925388637,1.0562439208759022,4.174029863184438,5.245033033242509,-0.317445696017272,3.031274626049638,81
1789477364.2237704,1789477364.2230918,20.658801690618823,19.9313519735995,1.0535967523908387,4.130966944879341,5.23332968571701,-0.2088899122111055,3.0686511926543303,81
1789477364.233815,1789477364.2330928,20.699468118133698,19.983072098771768,1.0520559929616706,4.086161644831573,5.217044778344155,-0.10258160477945714,3.1058227253093165,81
1789477364.243788,1789477364.243104,20.7405077186046,20.035673330842872,1.0515635416129303,4.037836965187411,5.1953333859017725,0.0048684545301096996,3.1441155493837085,81
1789477364.253703,1789477364.253054,20.780609189739764,20.087462833589534,1.0521368594754488,3.987374943880104,5.168612500017752,0.10956473706275655,3.1822837624071054,81
1789477364.2635663,1789477364.2630637,20.81995833253773,20.13865238108113,1.0537337633012913,3.934517148621636,5.13671849590204,0.21156152635636083,3.220450914836029,81
1789477364.2735913,1789477364.2730844,20.81995833253773,20.13865238108113,1.0537337633012913,3.934517148621636,5.13671849590204,0.21156152635636083,3.220450914836029,81
1789477364.2835286,1789477364.2830875,20.897470203058994,20.240550395701874,1.0599515163119295,3.8197819208393162,5.05589786698124,0.40858139900422014,3.29768114631306,81
1789477364.2935293,1789477364.2930896,20.935688046051297,20.291303677007566,1.0645517814148842,3.75754107020092,5.006454706393027,0.5029269185001621,3.3367469765361064,81
1789477364.3034236,1789477364.3030841,20.972971836485964,20.341137761146296,1.070037138568922,3.6928779315326343,4.951563327353474,0.5925957858332577,3.375477968890287,81
1789477364.3133428,1789477364.3130841,21.009730515514082,20.390577478218514,1.076424165462684,3.6250509251258904,4.890581694495106,0.6782648373877813,3.41425691532679,81
1789477364.323314,1789477364.3230836,21.04538043414885,20.43881481388977,1.0835603303661612,3.555141613076465,4.824501707653421,0.7583194182507801,3.452423394998053,81
1789477364.333307,1789477364.3330894,21.08045996065477,20.48655552360691,1.0915002210877698,3.482111706388729,4.752371952873536,0.8337462018870312,3.4905094497649514,81
1789477364.3433075,1789477364.3430912,21.115089754629874,20.533949636106367,1.1002437294359746,3.4056097860223096,4.673794862377238,0.9045078203049715,3.528617934383773,81
1789477364.3537319,1789477364.3530557,21.14843253435399,20.57982963823754,1.1095240576328893,3.327524892393347,4.590755235880035,0.9687320744564694,3.56578480555229,81
1789477364.3637688,1789477364.3630612,21.181299230949914,20.625290323267002,1.1195108643971718,3.2460056872685423,4.501333148069132,1.0278453169997839,3.6028722461915135,81
1789477364.3738792,1789477364.3731725,21.213301529148033,20.669778949677905,1.130046793172619,3.1619804030455883,4.406547646832686,1.0809558515088555,3.63941057661105,81
1789477364.3836806,1789477364.3830905,21.244658100010486,20.713582767420384,1.1411584844538807,3.0748745022734134,4.305771759196452,1.1282786998403558,3.6756157036122663,81
1789477364.3937247,1789477364.393084,21.27496722508759,20.756122802072234,1.1526520526334274,2.9858488179653757,4.200392394298506,1.1691199163985155,3.710987978011277,81
1789477364.4039068,1789477364.4030933,21.304182802657436,20.79731307148342,1.1644428980777344,2.8951974464252506,4.090853126866912,1.2034618545125801,3.7454312218762573,81
1789477364.4137647,1789477364.413092,21.3327305945237,20.837737086630003,1.1766507999956646,2.801670498871481,3.9756964521651788,1.2317741025452242,3.779413544800835,81
1789477364.4237213,1789477364.423065,21.360268715554206,20.876895529575446,1.18908156030197,2.7064427634108266,3.856412934486544,1.253682494523184,3.8124971195231323,81
1789477364.4336286,1789477364.4330838,21.386789889748858,20.914760501111186,1.201672609636506,2.609694189409309,3.733308936047096,1.2692662668833843,3.8446381304614112,81
1789477364.4437408,1789477364.443094,21.412412849956777,20.951485736549863,1.214426237195932,2.511123227627434,3.6060694662742296,1.278667204497259,3.8759488346831636,81
1789477364.4537873,1789477364.4530828,21.43731561689882,20.987313756015286,1.2273883267786634,2.410090846471538,3.4739065547548558,1.2819373088280772,3.9066209996387613,81
1789477364.4637988,1789477364.4630554,21.460544196116278,21.020853913543114,1.2399946319712245,2.3107723324146323,3.3423986860311956,1.279239996439559,3.9354443743568996,81
1789477364.4736443,1789477364.4730866,21.48345107070898,21.054044794352194,1.2529261790761814,2.207566546738931,3.204203732460667,1.2705768080247162,3.964069019438858,81
1789477364.4836304,1789477364.4830844,21.48345107070898,21.054044794352194,1.2529261790761814,2.207566546738931,3.204203732460667,1.2705768080247162,3.964069019438858,81
1789477364.4937167,1789477364.4930823,21.52540634817461,21.115135036278712,1.2779387298302585,2.0051566563738588,2.928748594187299,1.2367455417423507,4.017009286402172,81
1789477364.5037158,1789477364.50309,21.54489619467158,21.143639879431586,1.2901400456672583,1.907779587244837,2.7937413659325956,1.2115411498917479,4.0418248181500624,81
1789477364.5137963,1789477364.5130754,21.563651320731935,21.171133493554056,1.3022010735682623,1.8143393984271488,2.6621769667212924,1.1805268431964984,4.065834720553316,81
1789477364.5236356,1789477364.5230958,21.58127446201928,21.197008142056873,1.3137748228305202,1.7286321381697123,2.5392221418289522,1.1446235671221598,4.088507324477348,81
1789477364.5336654,1789477364.5330975,21.598201714416714,21.22187569175128,1.3250457118883647,1.65018603162655,2.4240404754973426,1.1033624351833151,4.110380975659714,81
1789477364.543678,1789477364.5430958,21.614393398081006,21.245647812247796,1.3358827211987072,1.5807315511679096,2.318962296180604,1.057226700396062,4.131385186128072,81
1789477364.5537837,1789477364.5530932,21.62977231891696,21.268180276004163,1.3461245249296052,1.5218002337027465,2.2261896115054136,1.0071133627470532,4.151399880777669,81
1789477364.563846,1789477364.5630906,21.644890689676565,21.29024888479197,1.3560257861810179,1.4723701414815007,2.143914975630656,0.9520136044222319,4.171126926611172,81
1789477364.5738256,1789477364.573087,21.659423758159704,21.311345981468982,1.3652649729990565,1.4342606198562018,2.0750016062638252,0.8942073419964636,4.190127310273742,81
1789477364.5838323,1789477364.5830536,21.673512443564153,21.331648153001634,1.373842941556852,1.4072868630232132,2.019246938807791,0.8344376752315719,4.208570068361382,81
1789477364.5937004,1789477364.5930552,21.687668802880403,21.351859744744974,1.3819749184471524,1.3909336881227625,1.9753973777857388,0.7716438604656364,4.227112975377947,81
1789477364.603814,1789477364.6030538,21.701358795672014,21.371191941384886,1.3892817605083947,1.3858259768557422,1.9453556271546981,0.7093312338742175,4.245045416630014,81
1789477364.6138768,1789477364.6130555,21.715314428031096,21.39065458426101,1.3960931448979899,1.3915033557745882,1.9275387491733622,0.6452810481278387,4.2633166146386134,81
1789477364.6238198,1789477364.6230567,21.729256397826077,21.409831344780123,1.4022083017407279,1.4077765003601777,1.92245118131279,0.5818037268871056,4.281552822534175,81
1789477364.633734,1789477364.6330879,21.743403164401744,21.42900647040547,1.40768973780446,1.4342828419710612,1.9295211065716154,0.5188930838944533,4.300033722777322,81
1789477364.6435952,1789477364.6431031,21.757860008978167,21.448306569548254,1.4125483932533247,1.4704980523804945,1.9481884576437634,0.4570290237613018,4.318892269262567,81
1789477364.653802,1789477364.65309,21.7728327498532,21.467990309872917,1.4168265477159356,1.5162289247540441,1.978115348370304,0.39622705980427975,4.338393654216205,81
1789477364.6637602,1789477364.663085,21.788306120954463,21.488024750695214,1.4205036492657355,1.5706528641315267,2.0185726746844246,0.33736194517785106,4.358516236372877,81
1789477364.6737092,1789477364.6730895,21.80438944086044,21.508544188022036,1.4236055073932385,1.6332667794467344,2.068990213253636,0.2807117157216347,4.379402152011578,81
1789477364.683683,1789477364.6830833,21.80438944086044,21.508544188022036,1.4236055073932385,1.6332667794467344,2.068990213253636,0.2807117157216347,4.379402152011578,81
1789477364.693864,1789477364.6931126,21.83833287576908,21.55096636529882,1.4281393082365188,1.779020561278109,2.195628109859135,0.17635612999684838,4.423402744845031,81
1789477364.7037773,1789477364.7030861,21.856570031199936,21.573340869058676,1.4296634546632088,1.861822646459596,2.2712323391504565,0.12837424518617033,4.447012741273414,81
1789477364.7137609,1789477364.713081,21.87563015377295,21.596466765716436,1.4307215825619253,1.9498622559977346,2.353602106414536,0.08374302467605066,4.471675149704538,81
1789477364.72376,1789477364.723082,21.895827293580428,21.620725643444512,1.431355011485562,2.0436629848865433,2.4431287289401955,0.04207160860896576,4.497802099190187,81
1789477364.733765,1789477364.7330809,21.91647313266114,21.645300421379545,1.4315839092629936,2.139150777411285,2.5357817913932723,0.004874906127287166,4.524509866535405,81
1789477364.7438002,1789477364.7430978,21.93861644523996,21.67144580708037,1.4314557929546534,2.240333417649179,2.6353456204936414,-0.029592581006325336,4.553162636320434,81
1789477364.7539277,1789477364.7530937,21.96154827127125,21.698327574151524,1.431004318482555,2.3431491996162306,2.7377507097747324,-0.060026082050877574,4.582851219899866,81
1789477364.76382,1789477364.7630818,21.98522905316131,21.725912778554726,1.4302769755309739,2.4467302741523573,2.841994609227778,-0.08648459937496042,4.613532249851361,81
1789477364.7737832,1789477364.7730808,22.01018649137107,21.75482419442061,1.429295254761354,2.5526874113014557,2.949603424791744,-0.10955547970737989,4.645898107461948,81
1789477364.783443,1789477364.7830815,22.01018649137107,21.75482419442061,1.429295254761354,2.5526874113014557,2.949603424791744,-0.10955547970737989,4.645898107461948,81
1789477364.7937107,1789477364.793074,22.06338775578332,21.81601877192629,1.4267264324697224,2.766672774356919,3.1694903896682707,-0.14488451536781793,4.715017613953373,81
1789477364.803849,1789477364.8031135,22.091582870888434,21.848261038064255,1.4252133121596189,2.8733194315869075,3.280197993613396,-0.1572169462491765,4.751726878375349,81
1789477364.8137531,1789477364.813083,22.12132169146649,21.882157320484573,1.4235672830595847,2.980729621806912,3.3923701938752022,-0.1662311135872952,4.790509170602072,81
1789477364.8238637,1789477364.823114,22.151386398618918,21.91632829857233,1.4218894255657872,3.0841601347568153,3.500987445568468,-0.17171963157846903,4.829784954890587,81
1789477364.8336968,1789477364.8330817,22.182498533857814,21.951604510062303,1.4201711746405756,3.185937416056637,3.608420543827981,-0.17406793123618955,4.870503579480502,81
1789477364.8435035,1789477364.8430905,22.21504205213542,21.988426540248057,1.4184218843565664,3.2868751988393936,3.7154894418791167,-0.17338068490164643,4.91317813020806,81
1789477364.853648,1789477364.8530815,22.24854574727116,22.02626671105256,1.416696471711002,3.3850859118619767,3.8201505704891927,-0.16977073238467436,4.957200964613111,81
1789477364.8636212,1789477364.8630776,22.282639315152473,22.064714406096318,1.4150392032344155,3.479266294007279,3.9209569563012554,-0.16349233293087517,5.002092283272182,81
1789477364.8736243,1789477364.8731127,22.317842792614904,22.104362681925366,1.41344869285109,3.5705907796870613,4.019113823916858,-0.15464137235354353,5.048543988611247,81
1789477364.883556,1789477364.8830492,22.354660363522942,22.145783525905454,1.411930294416119,3.659838066357241,4.1154256823957835,-0.14318553114205518,5.097232761470143,81
1789477364.8936737,1789477364.8930995,22.391192317469887,22.186845941901748,1.4105808288053625,3.7422192606599154,4.204672536825775,-0.12993061224352856,5.14565152100245,81
1789477364.9036767,1789477364.9030929,22.429310214444833,22.2296594262189,1.409348027748462,3.8217706148043966,4.291176802578511,-0.11441067277791218,5.196285602962834,81
1789477364.913625,1789477364.913079,22.468309053837373,22.273436030519452,1.4082782928126156,3.8965301034833484,4.37277370026455,-0.09704105849588715,5.248208347941791,81
1789477364.92353,1789477364.9230812,22.50688695497503,22.31671982586214,1.4074150472952887,3.964007736748817,4.446693295629195,-0.07863575237198604,5.299687004924245,81
1789477364.93363,1789477364.9331074,22.547281902885388,22.36202604030934,1.4067218664181182,4.0278757489700405,4.516919437489825,-0.058307692558208585,5.3537125484067,81
1789477364.943883,1789477364.9431105,22.587246190789774,22.406837405224966,1.406249804739275,4.084326591802329,4.579231007724062,-0.03735510205845101,5.407283190394381,81
1789477364.9537537,1789477364.9530804,22.628675857282015,22.453283575419356,1.4059854341574891,4.135859597954972,4.636350341983726,-0.014962011037869517,5.46294307886888,81
1789477364.9637463,1789477364.963089,22.670087708890666,22.499704887335678,1.4059497994176042,4.1803304000357135,4.685871830661552,0.007912465508124533,5.518703881979303,81
1789477364.9737709,1789477364.9730859,22.712355016914078,22.547083260896862,1.4061481553459205,4.218515024178691,4.728627505211847,0.031584033007840316,5.575742843807997,81
1789477364.9836447,1789477364.9830606,22.712355016914078,22.547083260896862,1.4061481553459205,4.218515024178691,4.728627505211847,0.031584033007840316,5.575742843807997,81
1789477364.993774,1789477364.9931073,22.796986133892382,22.641953019574355,1.4072516870618652,4.273216562009553,4.790579607040435,0.07931169673042114,5.690324537442313,81
1789477365.0042374,1789477365.0030885,22.839669500833896,22.689807062302048,1.4081616579187206,4.289811042560173,4.809806405546609,0.10325173873944597,5.748297337590509,81
1789477365.0140452,1789477365.0130973,22.883751564296144,22.73923664926444,1.4093470287830079,4.2991862635454545,4.821136285957355,0.1276917143521168,5.808295813344218,81
1789477365.024075,1789477365.0230856,22.92585385070802,22.78645485273491,1.41070980290728,4.300732282448772,4.823794013433389,0.1506380179801708,5.865716709320555,81
1789477365.0341814,1789477365.0331047,22.969478715143357,22.83539084112685,1.4123571553630156,4.294631407678754,4.818034599092128,0.1738818953079685,5.9253322533067125,81
1789477365.0435767,1789477365.0430524,23.011738088343535,22.882806141819955,1.414179045421945,4.281159001052865,4.804074716698978,0.195767806423974,5.983194030060731,81
1789477365.0535371,1789477365.0530853,23.054762387295153,22.931091893868153,1.416260320910322,4.259684045295356,4.781242429742552,0.2172998626548703,6.04221427683242,81
1789477365.063754,1789477365.0630906,23.09715093506981,22.97867708237252,1.4185322634058422,4.230734293187656,4.750070812456248,0.2376653421894062,6.100469823312759,81
1789477365.073751,1789477365.073117,23.138778544387026,23.025421312622125,1.4209755813166174,4.194618869654066,4.710882874774519,0.25674178684871385,6.157781263909467,81
1789477365.0836887,1789477365.08311,23.138778544387026,23.025421312622125,1.4209755813166174,4.194618869654066,4.710882874774519,0.25674178684871385,6.157781263909467,81
1789477365.0936604,1789477365.093102,23.222472895351316,23.11944539821672,1.4265184360949912,4.098180205109684,4.605438140372238,0.2919081650308151,6.165173267248295,0
1789477365.103711,1789477365.103077,23.263096123774538,23.16510408289971,1.4295101412690334,4.039445413090791,4.540885738537646,0.3072354261136885,6.156368319142425,0
1789477365.1136389,1789477365.1130767,23.30300191789343,23.20997087079878,1.432639769551151,3.9738132185440773,4.468558158822013,0.3210459401976778,6.14823565431508,0
1789477365.1235526,1789477365.1230786,23.341889716951407,23.25370735877578,1.435871077312115,3.9020005872719814,4.389238222089305,0.3332130477482892,6.140804912152939,0
1789477365.133516,1789477365.1330757,23.380553087585184,23.297205810926396,1.4392612753872642,3.822593518876247,4.301353854953551,0.34393975783726927,6.133902473360274,0
1789477365.1435068,1789477365.1430812,23.41834224457863,23.339734983180236,1.4427460896960014,3.7369109473401156,4.2063540349164015,0.3529936669245943,6.127625224603028,0
1789477365.1535537,1789477365.153078,23.45569610937292,23.38178851538909,1.4463576635840343,3.643979665867265,4.103150312967141,0.360437540855443,6.121877310435005,0
1789477365.16351,1789477365.163077,23.49118058085206,23.42175095065957,1.4499429346256365,3.5477047717947086,3.996077006180914,0.36600666391261705,6.11683893437643,0
1789477365.173421,1789477365.1730802,23.52625895697298,23.46126933001149,1.4536361037449137,3.4444277091805753,3.881062773320446,0.3699519609581461,6.112263136956966,0
1789477365.1834757,1789477365.183077,23.52625895697298,23.46126933001149,1.4536361037449137,3.4444277091805753,3.881062773320446,0.3699519609581461,6.112263136956966,0
1789477365.1934838,1789477365.1930768,23.59296110830253,23.536452054801632,1.4610723982821745,3.22391083239839,3.6350355093567517,0.37267785811223486,6.104675532649829,0
1789477365.2035496,1789477365.2030785,23.624594432341716,23.572125289895908,1.4647917395669146,3.1072321685888995,3.5046457946798233,0.37151898186086335,6.101588324838911,0
1789477365.213485,1789477365.2130876,23.65497450399971,23.606396589174913,1.468482869778415,2.9870969204311675,3.3702583716245464,0.36873590394114353,6.098933543470052,0
1789477365.223513,1789477365.2230814,23.68426935275863,23.639454561484506,1.4721547737916196,2.8631407182137756,3.23146542147614,0.3643536867171404,6.096661621940198,0
1789477365.233505,1789477365.2330847,23.712232131126004,23.671019674243393,1.4757650800250468,2.736741650782124,3.0898106387443116,0.3584600706029109,6.094756977311201,0
1789477365.2434955,1789477365.2430875,23.739116046360834,23.701376794683338,1.4793355050998684,2.607084780506256,2.9443815854943756,0.35105454163085004,6.093169020751407,0
1789477365.253613,1789477365.253085,23.76443507850071,23.729976038897053,1.4827896626945831,2.476961894668536,2.7983125208587625,0.3423521289983007,6.091891542302281,0
1789477365.2635472,1789477365.2630832,23.78868407888778,23.75737531565916,1.4861836741417973,2.3442834896770894,2.649260970456433,0.33226777654736506,6.090866328845866,0
1789477365.273552,1789477365.2730825,23.78868407888778,23.75737531565916,1.4861836741417973,2.3442834896770894,2.649260970456433,0.33226777654736506,6.090866328845866,0
1789477365.2835312,1789477365.2830818,23.83279027465272,23.807234607497556,1.4925822779342484,2.079670203270239,2.3516736915102086,0.30882590671484234,6.089498668324527,0
1789477365.2934942,1789477365.2930846,23.8530931822713,23.830196448589895,1.4956306011564666,1.9460866621226507,2.2012921607321587,0.2954389482645352,6.089084516742566,0
1789477365.3034594,1789477365.3030813,23.87174483720583,23.851297142526533,1.498491658723032,1.8156504688277364,2.0543605040611514,0.28143056742046113,6.088823562849062,0
1789477365.3135476,1789477365.313119,23.889215705246627,23.871067850028748,1.5012269165548489,1.6858228741342156,1.9080258739012628,0.26660861786966916,6.088682791619853,0
1789477365.3235955,1789477365.3230515,23.905430011410665,23.889421953059237,1.503815942812945,1.557724751615492,1.7635563732227686,0.2511570976075037,6.088641703744111,0
1789477365.3335862,1789477365.3330827,23.9204779525703,23.906460699984,1.5062648292640837,1.4312435905877612,1.6208301823823517,0.235120364677474,6.08868054525489,0
1789477365.3436506,1789477365.3430974,23.934149246929927,23.921945086866636,1.5085306721250498,1.308917597428393,1.4827181817202728,0.21889205687359725,6.08877991249329,0
1789477365.353667,1789477365.353084,23.9467537366084,23.936225201321633,1.5106567535583169,1.1887493376495533,1.3469716618428995,0.20227579644723104,6.088925412537657,0
1789477365.363678,1789477365.3630939,23.957872514360545,23.94882555613621,1.512564014781957,1.0757371046834319,1.219245239641901,0.18604751544106435,6.089096523730119,0
1789477365.373571,1789477365.3730843,23.957872514360545,23.94882555613621,1.512564014781957,1.0757371046834319,1.219245239641901,0.18604751544106435,6.089096523730119,0
1789477365.3834605,1789477365.3830757,23.97725943865945,23.970804490311984,1.5159689448623017,0.8585254630965498,0.9735789507554928,0.1532307963747468,6.089490187369085,0
1789477365.3935397,1789477365.3930757,23.9854428794742,23.980085822595317,1.517440425195784,0.7567395431203963,0.8583793906721464,0.13711377431234606,6.089692440511758,0
1789477365.4035017,1789477365.403079,23.99248559776691,23.988075466754182,1.518725480035541,0.6626698724488413,0.7518665421585666,0.1217921791697334,6.089883477876515,0
1789477365.4134905,1789477365.413051,23.99861685909666,23.995032860873447,1.5198599903531247,0.5745778242390465,0.6520804371393005,0.10706450886093766,6.09006245840052,0
1789477365.4235423,1789477365.4230876,24.003934982555887,24.00106905676849,1.52085747553201,0.49213753626821166,0.5586585891061269,0.09293881144636185,6.090227139090413,0
1789477365.433648,1789477365.4330926,24.00850708688157,24.006259784927405,1.5217264514680187,0.41536007581237655,0.47161954026811514,0.07947313854775029,6.0903756226353565,0
1789477365.443572,1789477365.4430919,24.012278828742623,24.01054289589802,1.5224525199117425,0.34649281891618955,0.3935181462337223,0.06712721145503586,6.090502826659618,0
1789477365.453818,1789477365.4530842,24.01540928637303,24.014098618410625,1.5230625758863527,0.284098380086343,0.3227315204037904,0.055709441879167265,6.0906115576512985,0
1789477365.4638877,1789477365.463096,24.017971088686537,24.01700911533373,1.5235678124647505,0.22803025447455028,0.2590993509959425,0.04524667721729969,6.090702594665468,0
1789477365.4735355,1789477365.4730778,24.020020098305416,24.01933756112345,1.5239766589863644,0.17842434228284887,0.2027814991073278,0.03581511840351137,6.090776678918123,0
1789477365.4835067,1789477365.4830785,24.02158332994383,24.02111438417382,1.5242921171727488,0.1362369858389485,0.154869744028737,0.02765071185216783,6.090833906405083,0
1789477365.4935553,1789477365.493072,24.022755179112348,24.022446643298636,1.5245311737522889,0.10067890490955378,0.11447362363110969,0.020653389431329217,6.090877165330651,0
1789477365.5035489,1789477365.5030851,24.023609073959882,24.023417635950565,1.5247072117793934,0.07119465966049532,0.08096712787794047,0.014758198721670723,6.090908847445445,0
1789477365.513516,1789477365.5130775,24.024199264506283,24.024088905712656,1.5248301393022738,0.04763653191242412,0.05418691452744895,0.009975546308568894,6.090930798779359,0
1789477365.5236146,1789477365.5231028,24.024580856453607,24.024523011549437,1.5249104136413307,0.029673057767709565,0.033760412642852344,0.006275258659409033,6.090944996367229,0
1789477365.5335598,1789477365.5331001,24.024809222302103,24.024782858404976,1.5249589200661768,0.01664206990000494,0.01893838093801392,0.0035534407054047534,6.0909534823634575,0
1789477365.5436656,1789477365.54309,24.02492945977877,24.02491969884486,1.5249846997707202,0.007985367891322426,0.009089061640182194,0.001721058624386984,6.090957939684629,0
1789477365.5538027,1789477365.5530913,24.024981490582874,24.024978926042117,1.5249959567254354,0.0029619291953402183,0.0033719839050263545,0.0006441744897180968,6.090959862528318,0
1789477365.5637972,1789477365.5630796,24.024997604295827,24.024997271940315,1.5249994730380168,0.0006465210183606018,0.0007361704738855224,0.00014184653601567732,6.090960455971809,0
1789477365.5737529,1789477365.5731125,24.024999975524135,24.02499997212429,1.5249999945792274,2.1014923987650036e-05,2.3933597539382845e-05,4.650605134770558e-06,6.090960543002466,0
1789477365.5837767,1789477365.5831077,24.025000000000002,24.025000000000002,1.5249999999999997,0.0,0.0,-5.329070518200751e-15,6.090960543898014,0
1789477365.5938432,1789477365.593064,24.025000000000002,24.025000000000002,1.5249999999999997,0.0,0.0,-5.329070518200751e-15,6.090960543898014,0
1789477365.6036506,1789477365.6030815,24.025000000000002,24.025000000000002,1.5249999999999997,0.0,0.0,-5.329070518200751e-15,6.090960543898014,0
1789477365.6135843,1789477365.613074,24.025000000000002,24.025000000000002,1.5249999999999997,0.0,0.0,-5.329070518200751e-15,6.090960543898014,0
1789477365.6237288,1789477365.6230874,24.025000000000002,24.025000000000002,1.5249999999999997,0.0,0.0,-5.329070518200751e-15,6.090960543898014,0
1789477365.633748,1789477365.6331205,24.025000000000002,24.025000000000002,1.5249999999999997,0.0,0.0,-5.329070518200751e-15,6.090960543898014,0
1789477365.6436021,1789477365.6430912,24.025000000000002,24.025000000000002,1.5249999999999997,0.0,0.0,-5.329070518200751e-15,6.090960543898014,0
1789477365.6536517,1789477365.6530805,24.025000000000002,24.025000000000002,1.5249999999999997,0.0,0.0,-5.329070518200751e-15,6.090960543898014,0
1789477365.6636555,1789477365.6630776,24.025000000000002,24.025000000000002,1.5249999999999997,0.0,0.0,-5.329070518200751e-15,6.090960543898014,0
1789477365.6736424,1789477365.6730769,24.025000000000002,24.025000000000002,1.5249999999999997,0.0,0.0,-5.329070518200751e-15,6.090960543898014,0
1789477365.6835797,1789477365.683076,24.025000000000002,24.025000000000002,1.5249999999999997,0.0,0.0,-5.329070518200751e-15,6.090960543898014,0
1789477365.6934612,1789477365.69307,24.025000000000002,24.025000000000002,1.5249999999999997,0.0,0.0,-5.329070518200751e-15,6.090960543898014,0
1789477365.7035718,1789477365.7030714,24.025000000000002,24.025000000000002,1.5249999999999997,0.0,0.0,-5.329070518200751e-15,6.090960543898014,0
1789477365.7134972,1789477365.7130733,24.025000000000002,24.025000000000002,1.5249999999999997,0.0,0.0,-5.329070518200751e-15,6.090960543898014,0
1789477365.723355,1789477365.723036,24.006370159098292,24.012147666015675,1.5178658200190611,-0.5202389772099875,-0.34178550288309245,-0.19109778758392343,6.084948447197284,0
1789477365.7334814,1789477365.7330844,24.00046992499172,24.00830968187393,1.5157169218506141,-0.629343062645694,-0.4055224710988472,-0.22735639033898114,6.082909338907588,0
1789477365.7436306,1789477365.7430906,23.99368783032573,24.003982271955802,1.5132874369969485,-0.7441305120165093,-0.4703578050625219,-0.2644126045570189,6.080519488820999,0
1789477365.7535627,1789477365.7530682,23.985660528563237,23.99895961703234,1.510460004531111,-0.8691697427119291,-0.5385416715473844,-0.3035699495237419,6.077638080128527,0
1789477365.7635746,1789477365.76304,23.97629260493054,23.993215889843498,1.5072177470121815,-1.0038775466004939,-0.6092866010068544,-0.344402817401984,6.074214584787727,0
1789477365.7735562,1789477365.7731044,23.97629260493054,23.993215889843498,1.5072177470121815,-1.0038775466004939,-0.6092866010068544,-0.344402817401984,6.074214584787727,0
1789477365.783696,1789477365.7830813,23.95347907576379,23.97967213774186,1.4995399201256465,-1.2961636426078904,-0.7536156467625723,-0.42837380863411695,6.065657013311999,0
1789477365.7940586,1789477365.793087,23.939488472784245,23.971631817936547,1.494962902808882,-1.4570984332565995,-0.8279354754484269,-0.4719792603229646,6.060282615668742,0
1789477365.804098,1789477365.8030832,23.92424288071814,23.96306969665898,1.490074928693864,-1.620556553378287,-0.8997844149755302,-0.5143870950272518,6.054335240795254,0
1789477365.814273,1789477365.8130808,23.90687881363448,23.953546909221583,1.4846229689039663,-1.7943680435531457,-0.972223173001854,-0.5574096348782747,6.047460597165184,0
1789477365.8240595,1789477365.8230846,23.888255937677204,23.943580754546733,1.4789009037615346,-1.9686693864014204,-1.0408040186322776,-0.5984052390340912,6.039982627332375,0
1789477365.833886,1789477365.83306,23.867614416090948,23.93280786549632,1.4726982499607337,-2.149617977834152,-1.1077155706899098,-0.6386710438296131,6.031581974902822,0
1789477365.843422,1789477365.8430388,23.84532980598,23.921474869796366,1.4661549209996048,-2.33274985168698,-1.1709890614046619,-0.677013207502912,6.022395135980753,0
1789477365.853552,1789477365.8530402,23.820996994524563,23.909426549147376,1.4591795301276724,-2.5203605529849544,-1.2311513085831476,-0.7137336746730238,6.012239794252253,0
1789477365.863656,1789477365.8630695,23.79497008857917,23.896889768352192,1.4519019431465336,-2.7087599467099768,-1.2867806047115875,-0.7479412487876155,6.00124913553637,0
1789477365.8735113,1789477365.8730698,23.79497008857917,23.896889768352192,1.4519019431465336,-2.7087599467099768,-1.2867806047115875,-0.7479412487876155,6.00124913553637,0
1789477365.883485,1789477365.8830397,23.737370229894072,23.870318620924984,1.4364184082378948,-3.0883910382289965,-1.3840438987736499,-0.8084310941706048,5.976517919975298,0
1789477365.8935654,1789477365.893077,23.705166225669423,23.85610937940542,1.4281090833902699,-3.28188386769882,-1.425805285999632,-0.834715650649092,5.962477751949604,0
1789477365.9035244,1789477365.903068,23.671752365573596,23.84181875928552,1.4197341985399652,-3.4705997440281764,-1.4613007524400896,-0.8572306314570175,5.94776907148146,0
1789477365.9134786,1789477365.9130673,23.635730808966304,23.826899905852127,1.41097425917432,-3.661840485931767,-1.4918535345319053,-0.8767528623612095,5.931767053669539,0
1789477365.9234638,1789477365.923068,23.598528857178003,23.81199406552195,1.4022073501292847,-3.847473784375752,-1.5161341040164082,-0.8923648929598398,5.915097263520455,0
1789477365.9334571,1789477365.93307,23.55893644784433,23.79666142255431,1.393177247197051,-4.033141672302685,-1.5349377385653933,-0.9045003643056138,5.897211452843567,0
1789477365.9434617,1789477365.9430718,23.518037617588018,23.781368995901186,1.3841620389294231,-4.213318822648059,-1.5477428176160246,-0.91274064602059,5.878593415602019,0
1789477365.9536133,1789477365.9530668,23.47453259564836,23.76568157544396,1.3749090583306782,-4.393244253997187,-1.5549505019496648,-0.9172532703305714,5.858645708806372,0
1789477365.9636858,1789477365.963082,23.42949120070678,23.750039798249038,1.3656829718498285,-4.5679371575081475,-1.5563589956185413,-0.9178140830558719,5.837853049027188,0
1789477365.973551,1789477365.9730732,23.42949120070678,23.750039798249038,1.3656829718498285,-4.5679371575081475,-1.5563589956185413,-0.9178140830558719,5.837853049027188,0
1789477365.983556,1789477365.983081,23.335468082429376,23.719234925616924,1.3475364179685765,-4.898930660520092,-1.5428238666313918,-0.9073910086282454,5.794048191778462,0
1789477365.9935963,1789477365.9930713,23.28503603473117,23.703681183638487,1.3384002379727031,-5.059734168451961,-1.5279541288815064,-0.8962222291853725,5.770359181697823,0
1789477366.003552,1789477366.003079,23.234426738609205,23.68871533163495,1.3296373189245578,-5.210561965638471,-1.5086120101383644,-0.8816193287159012,5.7464705901478155,0
1789477366.0135052,1789477366.0130765,23.18174673852991,23.67379286608708,1.3209373949496057,-5.35718479438286,-1.4844077519564762,-0.863166469098514,5.721495042246559,0
1789477366.0234628,1789477366.0230772,23.12661993650481,23.658864869020892,1.3122841626476986,-5.500106147662803,-1.4552433040147783,-0.8406536427027808,5.695254475007801,0
1789477366.033468,1789477366.0330787,23.071278203961402,23.644558303354465,1.304051996339197,-5.633532970591361,-1.42257621537412,-0.8150799021228651,5.668817888139569,0
1789477366.043487,1789477366.0430875,23.014611226255383,23.63058783702733,1.2960866466344103,-5.760431824594213,-1.3861213529683274,-0.7861058677086277,5.641665024983724,0
1789477366.0535758,1789477366.0530708,22.955703091643695,23.616765729352515,1.2882960811741149,-5.882612591429411,-1.3454900297141523,-0.7532836291921384,5.613363422173502,0
1789477366.0636098,1789477366.0630496,22.896798261975714,23.60363279657821,1.2809981501619718,-5.995504525654642,-1.3025183942239802,-0.7179741605722794,5.585001173275219,0
1789477366.0735035,1789477366.0730674,22.896798261975714,23.60363279657821,1.2809981501619718,-5.995504525654642,-1.3025183942239802,-0.7179741605722794,5.585001173275219,0
1789477366.083462,1789477366.0830688,22.774094939277294,23.578381767441538,1.2673504499155828,-6.203352961691102,-1.2071578746969558,-0.637447662470893,5.525778633896091,0
1789477366.0934591,1789477366.093065,22.7116379718724,23.56657136253339,1.261199056825138,-6.29613342274117,-1.1563383567871297,-0.5933092244739899,5.495589099983065,0
1789477366.1034462,1789477366.1030688,22.648328068955113,23.55528509367372,1.2555047966577073,-6.381944411923434,-1.103709434613112,-0.5466905522306279,5.4649756315050375,0
1789477366.1135573,1789477366.113067,22.58513034029934,23.544684205328352,1.2503599535201027,-6.459832204974186,-1.0503536418507262,-0.4984682329294794,5.434418758630528,0
1789477366.1235104,1789477366.1230733,22.51916738262349,23.534305143571792,1.2455610313700742,-6.533349407842642,-0.9940798785902925,-0.4465383186840616,5.402542237358482,0
1789477366.1334977,1789477366.133073,22.453479188858633,23.524642545930888,1.241358516800172,-6.599147190956554,-0.9377155278878964,-0.39339360308220966,5.370831096275034,0
1789477366.1439009,1789477366.1430774,22.387909546743057,23.51564562113541,1.237734517654259,-6.657905178473165,-0.8813706936523625,-0.3391004971909336,5.339224480557325,0
1789477366.1534855,1789477366.1530654,22.321038513895875,23.507115724093964,1.2346236956499728,-6.711153625985973,-0.8240466006083861,-0.2826251433910688,5.30705441632201,0
1789477366.1635733,1789477366.163072,22.252852799382,23.499067788364187,1.232057903454667,-6.75895432910966,-0.7659513089850913,-0.22406710208593902,5.274334203552926,0
1789477366.173523,1789477366.1730642,22.252852799382,23.499067788364187,1.232057903454667,-6.75895432910966,-0.7659513089850913,-0.22406710208593902,5.274334203552926,0
1789477366.183463,1789477366.1830637,22.117620674509542,23.48496415676295,1.2287721069995283,-6.836059005041868,-0.6525360063905673,-0.10569999820444727,5.209750349726827,0
1789477366.1934578,1789477366.193064,22.04850053852812,23.478668337744363,1.2280145055715863,-6.867221664039286,-0.5958271404016033,-0.044391682552403375,5.176932483915119,0
1789477366.2034612,1789477366.203068,21.980292584426834,23.47303479101989,1.227875509192393,-6.893038232199372,-0.5408933190557319,0.016426401501741926,5.144697557995154,0
1789477366.2135942,1789477366.2130668,21.91111742619803,23.467889559658012,1.2283496598019343,-6.91460975854945,-0.486347578436006,0.07826634959846429,5.11217490066667,0
1789477366.223587,1789477366.2230356,21.84210946423566,23.463307875471298,1.2294371104869242,-6.931888465961854,-0.43321448509146626,0.13995336740250744,5.079918405284071,0
1789477366.2336152,1789477366.2330701,21.772865871404296,23.459245047597054,1.231141815067825,-6.945348271452648,-0.3812812968534475,0.201682807903824,5.047758081452974,0
1789477366.2435434,1789477366.243077,21.703250338290804,23.45568152023918,1.2334711980337598,-6.9553383468651235,-0.3305458333334572,0.2634066818884014,5.01565186120046,0
1789477366.2534695,1789477366.2530677,21.63313432058918,23.452601931903022,1.2364362256925696,-6.962181023844022,-0.28101102987306537,0.3250609293601344,4.983563909226571,0
1789477366.2635088,1789477366.2630641,21.56401541158431,23.450048714840555,1.239961188743875,-6.966117970955235,-0.2337718521530529,0.3851639611996297,4.952196067490704,0
1789477366.273568,1789477366.273064,21.494183772171617,23.44793791943681,1.2441225489357646,-6.967610366260784,-0.1876900378649387,0.44503308373556444,4.920790335498318,0
1789477366.283488,1789477366.2830634,21.494183772171617,23.44793791943681,1.2441225489357646,-6.967610366260784,-0.1876900378649387,0.44503308373556444,4.920790335498318,0
1789477366.2934804,1789477366.2930653,21.354191891806117,23.44505503697357,1.2542463482107837,-6.964421557403975,-0.10038069997772445,0.5617571306264373,4.830411515130108,81
1789477366.303559,1789477366.3030632,21.285283607820496,23.4442632545356,1.2600818493741262,-6.960450539793429,-0.05990157492302602,0.6172438801632874,4.774839501248848,81
1789477366.3134935,1789477366.3130646,21.21504439121391,23.44385977603632,1.2665918108430507,-6.955176793900628,-0.02032161625022841,0.6722230966582956,4.718761647835919,81
1789477366.3234375,1789477366.3230631,21.146236886839183,23.443843845555715,1.273504470159477,-6.949087509428767,0.016832924485624103,0.7243574441335882,4.664390108657941,81
1789477366.3335714,1789477366.3330665,21.076787959630593,23.444193050823003,1.2810024102130246,-6.942278230928799,0.05274934196689935,0.7750677540805375,4.610085279416954,81
1789477366.3435879,1789477366.3430696,21.0072291539168,23.444895725217794,1.289018214405175,-6.935037230354515,0.08717982936342317,0.8237550406865426,4.556281000831652,81
1789477366.3536105,1789477366.3530672,20.93736416032272,23.445942503584313,1.2975582734135482,-6.927571569040621,0.12027372711003194,0.8703571739473038,4.50284031374381,81
1789477366.3636646,1789477366.3630936,20.868806930538145,23.44728848348183,1.3063926663183785,-6.920262635201908,0.15137409482121722,0.9136739111133991,4.450994908009086,81
1789477366.3736687,1789477366.3731055,20.868806930538145,23.44728848348183,1.3063926663183785,-6.920262635201908,0.15137409482121722,0.9136739111133991,4.450994908009086,81
1789477366.3835192,1789477366.383071,20.730641170943965,23.45091059401967,1.3254649965657062,-6.906297682640022,0.2102739486788767,0.9930353489133228,4.348343484101673,81
1789477366.393426,1789477366.3930645,20.661195644196052,23.453167216316345,1.3356364210156972,-6.899967260218647,0.23817700172557024,1.0285915918237787,4.297698488310155,81
1789477366.4039218,1789477366.4030638,20.591335694968066,23.455717637300562,1.3462230123597967,-6.894227849263111,0.2652525473061389,1.0612250955016376,4.2474105879099735,81
1789477366.4137664,1789477366.4130769,20.523000333143305,23.458475551025543,1.3568908310868977,-6.889311405351126,0.2908940570853192,1.089961649487271,4.198874270488763,81
1789477366.4237885,1789477366.4230762,20.45478061157152,23.461480775960425,1.3678159075670406,-6.885151803540328,0.3157852272611562,1.115377301997047,4.151080500901862,81
1789477366.4336188,1789477366.4330635,20.386061706003545,23.46475603781141,1.3790646645037448,-6.881752182858214,0.3402740547045993,1.13755276725995,4.1036205058752016,81
1789477366.4436128,1789477366.44305,20.316957780733667,23.46829532765946,1.390586881011902,-6.8791413864905575,0.3644429975630331,1.156274113298163,4.056604263620678,81
1789477366.4539626,1789477366.4530513,20.247984294594925,23.472069479934454,1.4022602329205032,-6.877324008369535,0.38824525993417836,1.1712837793379627,4.010405693586392,81
1789477366.4638674,1789477366.4630735,20.179220357071436,23.476069565399747,1.4140317637935387,-6.8762499647779665,0.4117904712600728,1.182508095685008,3.9650929756310465,81
1789477366.473611,1789477366.4730623,20.179220357071436,23.476069565399747,1.4140317637935387,-6.8762499647779665,0.4117904712600728,1.182508095685008,3.9650929756310465,81
1789477366.483485,1789477366.483063,20.04188869660247,23.484762959551496,1.4377850438900903,-6.875993072751486,0.45878147372439604,1.1934920241602767,3.876913506307597,81
1789477366.4935381,1789477366.4930787,19.973213065136925,23.489463257260997,1.4497065620835692,-6.876585929428111,0.482510495519883,1.1931815745105299,3.8340235059786316,81
1789477366.503532,1789477366.503068,19.904203620057626,23.494426026808615,1.4616619201315917,-6.877474906781466,0.5066620509034743,1.1889409335891956,3.7917697472510805,81
1789477366.5135047,1789477366.5130613,19.836179949942206,23.499556293311322,1.4733840552848496,-6.878469491694113,0.5308696234024292,1.1809051842832214,3.7509755734989514,81
1789477366.5234683,1789477366.523063,19.767172369413043,23.505007029192967,1.4851733853000058,-6.8794040173291835,0.5559232503965825,1.168858182860681,3.710488880052693,81
1789477366.5335066,1789477366.5330622,19.698094355728838,23.510717209308027,1.4968327585070293,-6.88004672780969,0.5815788472440429,1.1529045298186793,3.6708970477434995,81
1789477366.5434718,1789477366.5430708,19.629100931440217,23.51668033371837,1.508298002251681,-6.880157493914334,0.6078400548880006,1.1331340137150812,3.6323208932894038,81
1789477366.5536225,1789477366.553033,19.560710439890766,23.522854806654173,1.5194492208425667,-6.879489636374028,0.6345446785444891,1.1098216923499147,3.595068774534013,81
1789477366.5634959,1789477366.5630713,19.4917625378008,23.529352945738285,1.5304402663876473,-6.877758983316845,0.6621733817435349,1.0826627148669254,3.5585420019621874,81
1789477366.5735614,1789477366.5730672,19.42305978141922,23.536109357094126,1.541107302740672,-6.874688600798613,0.6904203670727571,1.0520515645501447,3.523208016438456,81
1789477366.583602,1789477366.5830677,19.42305978141922,23.536109357094126,1.541107302740672,-6.874688600798613,0.6904203670727571,1.0520515645501447,3.523208016438456,81
1789477366.5935562,1789477366.5930579,19.284920961066163,23.550580702443575,1.5615631251277162,-6.863194996836245,0.7493358726304675,0.980277230040579,3.4555215252673492,81
1789477366.6036348,1789477366.6030698,19.216668697200078,23.558186480534086,1.5711200793575002,-6.8542386230616055,0.7794236575794761,0.9400546068189931,3.423808712052377,81
1789477366.613556,1789477366.6130772,19.14897504183681,23.56604028161049,1.5802024385307933,-6.842764112431026,0.8098318837012316,0.8972570193930729,3.39353488877485,81
1789477366.6235895,1789477366.62304,19.080252998956812,23.57433920153649,1.5889927084546995,-6.828114691296442,0.8412018438744265,0.851023244279833,3.3640405631999686,81
1789477366.6336353,1789477366.6330829,19.01168505766455,23.582956512898214,1.597306550283687,-6.810107476374235,0.8729074358771587,0.802281178299499,3.3358952652974994,81
1789477366.6434767,1789477366.6430414,18.94422320842907,23.591772818555985,1.6050185442509077,-6.788491317224758,0.9042905034781208,0.7520867745517105,3.3094918770716784,81
1789477366.6534052,1789477366.6530669,18.876327075978253,23.600988960097514,1.6123008316795326,-6.758912374432345,0.934372071265529,0.7014336390390528,3.2842411360205577,81
1789477366.663425,1789477366.663069,18.807758270417764,23.6106359679589,1.619188807789446,-6.715426356263396,0.9608899180513105,0.653094597212206,3.2601072096767942,81
1789477366.6737113,1789477366.673067,18.742204258512924,23.62015891076563,1.6253817234749588,-6.657193486755045,0.9812283631509687,0.6114034200697896,3.2383281065159215,81
1789477366.6837943,1789477366.6830664,18.742204258512924,23.62015891076563,1.6253817234749588,-6.657193486755045,0.9812283631509687,0.6114034200697896,3.2383281065159215,81
1789477366.6935925,1789477366.6930275,18.61021364607299,23.64013382717201,1.6369406841094614,-6.480978840587837,1.0050320281052214,0.5446375593979753,3.1983297296117965,81
1789477366.7035239,1789477366.703072,18.546623414258065,23.650102096283565,1.6422100416685794,-6.365435796213998,1.0083859079857307,0.5211085182194388,3.180905772471925,81
1789477366.713671,1789477366.7130888,18.483032871280937,23.660279359692403,1.6473740178732457,-6.229295173889921,1.0070803637551182,0.5027897304272886,3.1646938447120836,81
1789477366.7235768,1789477366.7230687,18.420718798233207,23.67045411769547,1.6523927756199646,-6.075968357200838,1.0020531347332415,0.4891822755125262,3.14999915822426,81
1789477366.7335632,1789477366.7330573,18.361525304683017,23.680313110669612,1.6571717758375928,-5.912423714869515,0.9947314459118543,0.47933191164222233,3.128273266681045,45
1789477366.7435997,1789477366.7430775,18.303856258560046,23.690118506839234,1.661877206909827,-5.736896956692675,0.9861750536359287,0.47156252417821154,3.094234215359263,45
1789477366.7535708,1789477366.7530737,18.24689075657358,23.700028280851317,1.666601249588433,-5.548562614723109,0.9773710604982746,0.4644562383489621,3.061378162135474,45
1789477366.7636957,1789477366.7630565,18.192177105513306,23.70979650874722,1.6712252606193863,-5.354521117422084,0.9696056673608958,0.4568824194778435,3.0305898098770268,45
1789477366.7735343,1789477366.7730696,18.13980211770677,23.719426875344475,1.6757336374646201,-5.157557914384202,0.9637533892143448,0.4476539227827345,2.9864946719674323,432
1789477366.7836475,1789477366.7830756,18.088964579421113,23.729095722456787,1.680175610238267,-4.956720375688421,0.9603975252740306,0.4355623799261861,2.9398452436807805,432
1789477366.7936304,1789477366.7930655,18.040294771811855,23.73871605021724,1.6844653995454706,-4.756283898076975,0.9600188552784709,0.4198754867738378,2.895393355969224,432
1789477366.8036537,1789477366.8030713,17.994412798366866,23.748182430175838,1.6885082546276613,-4.560603332077214,0.9626744480281233,0.4003276550375964,2.8537017956997106,432
1789477366.813705,1789477366.8130388,17.949463481800606,23.757907480087404,1.6924216245456096,-4.362970047165012,0.9683581222631252,0.37574189738942737,2.813089268904866,432
1789477366.8235757,1789477366.8230603,17.906888609517637,23.767609646084587,1.6960302135133256,-4.170503487628538,0.9765289862713584,0.34672775748353735,2.774864718167855,432
1789477366.8336046,1789477366.8330312,17.8661574831301,23.77741781631783,1.6993313967967814,-3.9814012994008383,0.986562079152254,0.31320300727088757,2.738548511045316,432
1789477366.8436155,1789477366.8430762,17.8274734531217,23.787285608280335,1.7022641803376106,-3.7967883884660796,0.9974700690671372,0.27583071377353363,2.7043183267803457,432
1789477366.8535967,1789477366.8530686,17.790095714002845,23.797405193660325,1.704841397703912,-3.612856690847383,1.0083264587933036,0.23453387319945862,2.671517191628415,432
1789477366.8636813,1789477366.863076,17.754706904063475,23.807584102467573,1.7069802638296703,-3.432364936451077,1.0176205529348068,0.19092045732673069,2.6407393923360853,432
1789477366.8735745,1789477366.8730576,17.754706904063475,23.807584102467573,1.7069802638296703,-3.432364936451077,1.0176205529348068,0.19092045732673069,2.6407393923360853,432
1789477366.8835824,1789477366.883061,17.689843336235334,23.82797311191414,1.7098939666375885,-3.0786340561540273,1.0260253151314316,0.10137369881536082,2.5851350165475964,432
1789477366.8935027,1789477366.8930573,17.659844530548682,23.83825564918822,1.7106878621545512,-2.900621593017992,1.0224417895137354,0.05713029481795568,2.5598199478289034,432
1789477366.9034872,1789477366.9030597,17.631569042785937,23.84849386287667,1.7110481447571029,-2.720973063197999,1.0119187605208353,0.01496608285067632,2.5362199700100145,432
1789477366.9134755,1789477366.9130588,17.60526971149653,23.858524468319633,1.711001626676234,-2.5405422319554702,0.9935941238803132,-0.023638317351731553,2.514514935372797,432
1789477366.9235113,1789477366.9230573,17.580777602097452,23.868332840875716,1.7105896322700378,-2.3577076975737024,0.9667070894107416,-0.0579774718711657,2.4945301628457903,432
1789477366.9337265,1789477366.9330635,17.558378409027043,23.87771971625933,1.709869255685126,-2.174592964295145,0.931346683880264,-0.08691157182922385,2.4764597800188204,432
1789477366.9439056,1789477366.9430866,17.537535850847295,23.88683145696122,1.708875398884985,-1.9868569713479178,0.8865702699970446,-0.11054384075270605,2.459834378914876,432
1789477366.9538474,1789477366.9530344,17.51851463851989,23.895482080959393,1.7076704622072334,-1.7969195291329016,0.8329196509698261,-0.12810984796553274,2.444831394238866,432
1789477366.9637845,1789477366.9630346,17.501594279641747,23.903462025332665,1.7063369716892214,-1.6087993817845012,0.7720326697250607,-0.1392622751668619,2.4316304305625254,432
1789477366.9737206,1789477366.9730346,17.48635906350224,23.910891674124965,1.7049047394597399,-1.4193725208886028,0.7034896821111197,-0.14436104076676762,2.419868901450158,432
1789477366.983652,1789477366.9830348,17.47305041861279,23.917585482727215,1.7034551419627737,-1.2334120105764075,0.6296651353825906,-0.14357567020538575,2.4096983428177428,432
1789477366.993532,1789477366.9930344,17.46164687256654,23.923485303842526,1.7020487108753954,-1.0536195502681567,0.5525757819775273,-0.13754933297130195,2.401066620644154,432
1789477367.003498,1789477367.0030348,17.45205849186208,23.928575293262753,1.7007335051983412,-0.8823133084869437,0.47423903082110674,-0.12713869946757123,2.393873299467189,432
1789477367.0134928,1789477367.0130634,17.444069239843074,23.932917592910805,1.6995313231509233,-0.7196120623080602,0.39566110972598995,-0.11312684310299015,2.3879291611278877,432
1789477367.0235178,1789477367.0230684,17.43764849182753,23.93648390402108,1.698482948023771,-0.5694187265635252,0.31965287822410826,-0.09665754014517516,2.3831885152956493,432
1789477367.0336723,1789477367.033093,17.43260128488612,23.939343857626252,1.6975967566160803,-0.4324569490666287,0.2474904730552201,-0.07865150720079048,2.3794881557982697,432
1789477367.0435865,1789477367.0431085,17.03704667605989,24.018439916185905,1.5683035204115152,-1.493075410597576,0.516837905326297,-0.2821095390144561,2.0449582257932457,432
1789477367.053661,1789477367.0530357,17.02292124828654,24.023357192173716,1.5655983013540182,-1.3296435166137193,0.46555690112170744,-0.25816714032430577,2.0341693802960394,432
1789477367.063701,1789477367.0630665,17.01044153802075,24.027750599760253,1.5631440830127643,-1.1743477521268346,0.41574031415531426,-0.23397135974536504,2.0246850546219903,432
1789477367.073827,1789477367.073096,16.9995128515063,24.03163984594346,1.5609402499047353,-1.0277995953124042,0.3677493636212736,-0.2098418256040836,2.0164183005167136,432
1789477367.0835457,1789477367.0830648,16.989866125182697,24.035109226862733,1.5589476366969304,-0.8879861021939972,0.32106216398592474,-0.1856333630734638,2.0091533672350206,432
1789477367.0935538,1789477367.0930762,16.981693955378233,24.038078455840353,1.5572204797105427,-0.7595739032463875,0.2773870855452141,-0.16235570614634526,2.0030242074375435,432
1789477367.1035724,1789477367.1030483,16.974757582437558,24.04062352365895,1.5557223676036511,-0.6410652754558039,0.23638143964106428,-0.1399595909180168,1.9978416050476098,432
1789477367.1135588,1789477367.1130629,16.968891318259246,24.042796603790492,1.5544287407593989,-0.5315942151800046,0.19787959578209524,-0.11845957680522512,1.9934740014347627,432
1789477367.12352,1789477367.123066,16.96407155145308,24.044598715103806,1.553344419478878,-0.43282008784086834,0.16259629476334647,-0.0983549328769282,1.9898973019076902,432
1789477367.133524,1789477367.1330643,16.960198074960648,24.04606011125037,1.5524561841258682,-0.3451406446939196,0.13081262337730526,-0.07990916468141385,1.9870315087564505,432
1789477367.1435223,1789477367.1430762,16.957128884218235,24.04722823413736,1.5517393738962475,-0.26784463097256017,0.10239896388937453,-0.06314021937096537,1.9847670928331598,432
1789477367.1535623,1789477367.1530647,16.95479291992664,24.04812487221368,1.5511841419824701,-0.2018142553427964,0.07780209716736874,-0.04839875285259443,1.983048077629505,432
1789477367.1635535,1789477367.1630669,16.95305392938502,24.048797884604706,1.550763785111888,-0.14604473273063467,0.05676341459659229,-0.03561013649360345,1.9817714131858912,432
1789477367.173558,1789477367.1730642,16.95183488626315,24.049273446921827,1.5504643204877446,-0.10109532705918678,0.0396017204404604,-0.02504146754035186,1.9808784353016373,432
1789477367.1835415,1789477367.1830633,16.95183488626315,24.049273446921827,1.5504643204877446,-0.10109532705918678,0.0396017204404604,-0.02504146754035186,1.9808784353016373,432
1789477367.1936312,1789477367.193091,16.950493418329156,24.049802348221554,1.5501277246069534,-0.038829487135656926,0.015442333945853814,-0.00991072417922556,1.9798985193378649,432
1789477367.2036324,1789477367.2030942,16.95020263448178,24.049918370398082,1.5500530294677652,-0.020198014299694478,0.008091360635134048,-0.005229089590558456,1.9796867483551905,432
1789477367.2136261,1789477367.213095,16.950063822776368,24.04997414813378,1.5500168795677287,-0.00860811955374352,0.0034727442558075694,-0.0022590719081287958,1.9795858307864649,432
1789477367.2241123,1789477367.2231293,16.95001233457264,24.04999497706901,1.5500032956084702,-0.002542753816525689,0.0010327977144326539,-0.0006760471851188221,1.979548459863974,432
1789477367.2341886,1789477367.2330856,16.950000644830446,24.049999736015394,1.5500001740287224,-0.00028172847143537183,0.00011519813892846287,-7.586219658684001e-05,1.9795399883477531,432
1789477367.2444742,1789477367.2430902,16.95,24.049999999999997,1.549999999999999,-1.7763568394002505e-15,8.881784197001252e-16,-8.881784197001252e-16,1.9795395216798568,432
1789477367.2537813,1789477367.2530706,16.95,24.049999999999997,1.549999999999999,-1.7763568394002505e-15,8.881784197001252e-16,-8.881784197001252e-16,1.9795395216798568,432
1789477367.263917,1789477367.2630796,16.95,24.049999999999997,1.549999999999999,-1.7763568394002505e-15,8.881784197001252e-16,-8.881784197001252e-16,1.9795395216798568,432
1789477367.273737,1789477367.2730668,16.95,24.049999999999997,1.549999999999999,-1.7763568394002505e-15,8.881784197001252e-16,-8.881784197001252e-16,1.9795395216798568,432
1789477367.2837863,1789477367.2830644,16.95,24.049999999999997,1.549999999999999,-1.7763568394002505e-15,8.881784197001252e-16,-8.881784197001252e-16,1.9795395216798568,432
1789477367.2937667,1789477367.2930622,16.95,24.049999999999997,1.549999999999999,-1.7763568394002505e-15,8.881784197001252e-16,-8.881784197001252e-16,1.9795395216798568,432
1789477367.3037548,1789477367.3030598,16.95,24.049999999999997,1.549999999999999,-1.7763568394002505e-15,8.881784197001252e-16,-8.881784197001252e-16,1.9795395216798568,432
1789477367.3138103,1789477367.3130608,16.95,24.049999999999997,1.549999999999999,-1.7763568394002505e-15,8.881784197001252e-16,-8.881784197001252e-16,1.9795395216798568,432
1789477367.3234644,1789477367.323064,16.95,24.049999999999997,1.549999999999999,-1.7763568394002505e-15,8.881784197001252e-16,-8.881784197001252e-16,1.9795395216798568,432
1789477367.333488,1789477367.3330674,16.95,24.049999999999997,1.549999999999999,-1.7763568394002505e-15,8.881784197001252e-16,-8.881784197001252e-16,1.9795395216798568,432
1789477367.343387,1789477367.3430347,16.95,24.049999999999997,1.549999999999999,-1.7763568394002505e-15,8.881784197001252e-16,-8.881784197001252e-16,1.9795395216798568,432
1789477367.3535903,1789477367.3530688,16.95,24.049999999999997,1.549999999999999,-1.7763568394002505e-15,8.881784197001252e-16,-8.881784197001252e-16,1.9795395216798568,432
1789477367.3637202,1789477367.3630853,16.966995377077623,24.01614949995279,1.5206500318321587,-0.2656126956348136,-0.27887285566363995,-0.13895844077833394,1.9804008161523916,432
1789477367.37367,1789477367.3730867,16.966995377077623,24.01614949995279,1.5206500318321587,-0.2656126956348136,-0.27887285566363995,-0.13895844077833394,1.9804008161523916,432
1789477367.3837194,1789477367.38307,16.96034637343133,24.009352001520323,1.5172390868965733,-0.40362941128897306,-0.40275979350281743,-0.20340920081867755,1.9715022417360422,432
1789477367.394136,1789477367.3930674,16.955809571754163,24.004889614785125,1.5149767803850178,-0.48521591674733705,-0.47069100489153587,-0.23951206717743972,1.9655065421146098,432
1789477367.4041007,1789477367.4030843,16.950616698042612,23.999925286077954,1.512440784468007,-0.5704880094313387,-0.5377002612574888,-0.2757296577158457,1.9587058486176538,432
1789477367.4140623,1789477367.4130678,16.944477753614066,23.99422887872521,1.5095073952945182,-0.663019438735914,-0.6059228071339978,-0.3133117429588421,1.9507407010913103,432
1789477367.4240694,1789477367.4230666,16.93740176272309,23.98786812912453,1.5062036163525032,-0.7612256696931935,-0.6733031261869898,-0.3512610260853201,1.9416483485512794,432
1789477367.4341917,1789477367.4330635,16.929173811123587,23.98071903524324,1.5024557329639403,-0.8666291967705095,-0.7399139156636533,-0.38977431864599876,1.9311822723483731,432
1789477367.444171,1789477367.4430673,16.91992724776203,23.972971470378184,1.4983531993307617,-0.976219209948915,-0.8029128418658448,-0.42736729177715926,1.9195436140703184,432
1789477367.4535215,1789477367.4530525,16.909631668348062,23.964670245139274,1.4939100932292555,-1.0894380939112098,-0.8612626858300853,-0.4635465612182399,1.906723788180383,432
1789477367.4637547,1789477367.4630654,16.898289142573194,23.955889687926806,1.4891560598265359,-1.2054692860715805,-0.913881182075722,-0.4977664005039198,1.8927558173058145,432
1789477367.4738214,1789477367.4730513,16.885663871555902,23.946532548922683,1.4840262204328543,-1.3258216942544276,-0.9606552386073144,-0.5301275910455049,1.8773848500107972,432
1789477367.4837239,1789477367.483144,16.885663871555902,23.946532548922683,1.4840262204328543,-1.3258216942544276,-0.9606552386073144,-0.5301275910455049,1.8773848500107972,432
1789477367.493408,1789477367.4930558,16.856634868307133,23.92653176420133,1.4728248289118502,-1.5751146603051405,-1.0315267769598422,-0.5865873162031277,1.8426806217533074,432
1789477367.5035641,1789477367.503057,16.84024627464645,23.916096443326758,1.4668397483082487,-1.7024609519537675,-1.0537168543748716,-0.6096608718057344,1.8234463538758965,432
1789477367.5134745,1789477367.5130174,16.822509427663636,23.905447890104185,1.4606199393620567,-1.8315130398492439,-1.0661562642289208,-0.628852260302557,1.8028979469529045,432
1789477367.5234394,1789477367.523069,16.803587893310183,23.89478914293364,1.4542666722101147,-1.9605715271167772,-1.0681575984141336,-0.6436434382619681,1.7812671547871046,432
1789477367.5334713,1789477367.5330493,16.7834187659486,23.884185525180182,1.4478016556908486,-2.089694301365477,-1.059368686303702,-0.6538405757459546,1.7585225612853308,432
1789477367.5434556,1789477367.5430534,16.76202556064447,23.873753652456845,1.4412772503975504,-2.218387628296895,-1.0395126457373272,-0.6592156919271961,1.7347327116053393,432
1789477367.5535955,1789477367.5530725,16.739051023426747,23.863444041752587,1.4346383951132684,-2.3483316207606553,-1.0078555479330422,-0.6595702333960889,1.7095510358551524,432
1789477367.5634983,1789477367.5630617,16.71479095094458,23.853519084854454,1.4280272844531865,-2.4774167025973735,-0.9644953128883456,-0.6546454375826054,1.6833550040537562,432
1789477367.573512,1789477367.5730631,16.689403936681956,23.844146944302892,1.4215337153499639,-2.6046433015249217,-0.9098024440120809,-0.6444167911977602,1.656359137988432,432
1789477367.5834758,1789477367.583063,16.689403936681956,23.844146944302892,1.4215337153499639,-2.6046433015249217,-0.9098024440120809,-0.6444167911977602,1.656359137988432,432
1789477367.5934694,1789477367.5930593,16.634896194699508,23.827339592034825,1.408997341871539,-2.854849039065868,-0.7664771814381193,-0.6078740287802995,1.5997702701341026,432
1789477367.6036873,1789477367.6030881,16.605378672462102,23.820026780680184,1.4029769433935093,-2.9792342861732664,-0.6771465780569117,-0.581201806531551,1.5698754707729639,432
1789477367.6134753,1789477367.613028,16.575351567851623,23.813810021003906,1.3973848446193755,-3.098937059553648,-0.5796885563952401,-0.5499793088876228,1.5399857522265479,432
1789477367.6235006,1789477367.6230638,16.543889911045834,23.808565475765008,1.3920842993320568,-3.2177883258968545,-0.4717770833648327,-0.5134635328182602,1.5092189228161348,432
1789477367.6335156,1789477367.6330743,16.511165524731457,23.804431928527794,1.3871594165535268,-3.33505647105864,-0.3545313579917435,-0.47196257295218613,1.4778035254123387,432
1789477367.6434808,1789477367.643064,16.477078783651532,23.80149809408925,1.3826477440765823,-3.4510701842520373,-0.22825034075112896,-0.4255184356467847,1.4457052923048348,432
1789477367.653547,1789477367.653064,16.441554973214302,23.799863860071046,1.3785956150643313,-3.5660381139074553,-0.09338726815552877,-0.37422059724101575,1.4129232369255829,432
1789477367.6636217,1789477367.6630602,16.405146248713848,23.799626085512934,1.3751076628528223,-3.6782644019986557,0.047085778350855374,-0.31915365505124293,1.3800260667098172,432
1789477367.6735094,1789477367.6730556,16.405146248713848,23.799626085512934,1.3751076628528223,-3.6782644019986557,0.047085778350855374,-0.31915365505124293,1.3800260667098172,432
1789477367.6835504,1789477367.6830626,16.329369213291244,23.803489934509322,1.3699053915063608,-3.896191779005647,0.3421686115849036,-0.19868697127439644,1.3138139462689327,432
1789477367.693516,1789477367.6930485,16.290530552173216,23.807593820352917,1.3682626056201035,-4.000823043733106,0.4927575678010171,-0.13490358304843766,1.281054024390869,432
1789477367.7034614,1789477367.7030542,16.249777855163266,23.813331501724925,1.3672449341706847,-4.106163864205378,0.6489798127245487,-0.06715489293356657,1.2475365780476468,432
1789477367.7135174,1789477367.713059,16.20823518617763,23.820597207170827,1.3669187940653718,-4.20919391701513,0.8056057328650766,0.002054206494503132,1.2142751349845158,432
1789477367.7235062,1789477367.7230418,16.165792368389084,23.829407213325833,1.3672840762223981,-4.30959037551087,0.9629418799717815,0.07109994918813538,1.1812447216232553,432
1789477367.7336667,1789477367.7330685,16.122009840351087,23.839879810920912,1.3683404528623682,-4.4076956295109735,1.1224457012706117,0.13877390846652468,1.1481949471323998,432
1789477367.7435615,1789477367.7430577,16.07780930579492,23.8518004852121,1.3700351183077542,-4.501044210027715,1.2803704852396351,0.20211497612597729,1.1159056695111649,432
1789477367.7536533,1789477367.7530677,16.032531915074536,23.865340055786437,1.3723450669307422,-4.590841286744015,1.4384946352389287,0.2608652955786329,1.083978418555438,432
1789477367.7637386,1789477367.7630277,15.98575830800486,23.880661106212653,1.375253364830115,-4.677650877450652,1.597393066121786,0.3143924736524445,1.0522499735089936,432
1789477367.7737036,1789477367.7730584,15.98575830800486,23.880661106212653,1.375253364830115,-4.677650877450652,1.597393066121786,0.3143924736524445,1.0522499735089936,432
1789477367.7836556,1789477367.7830548,15.890419161256476,23.915763233908894,1.382455391316533,-4.8372203658996025,1.9044929999341893,0.3996752438873604,0.9916730239580809,432
1789477367.7937481,1789477367.7930548,15.841943695577433,23.935435164301396,1.3865910716494052,-4.910192385909327,2.050527953038208,0.4306879672110484,0.9630573044438764,432
1789477367.8037457,1789477367.8030562,15.791972224275836,23.95687922837654,1.3910685399153087,-4.980066520300989,2.1927953645944758,0.4542187311486159,0.9351523458069115,432
1789477367.8136728,1789477367.8130407,15.741934610199724,23.97943835234681,1.3956863674884292,-5.044310075503747,2.3255921558509884,0.46971189856282897,0.9088668085682001,432
1789477367.8238175,1789477367.8230577,15.69166616692739,24.003094123296393,1.40038519949269,-5.102849944858592,2.4483860497895042,0.47765709248021176,0.8841590170396896,432
1789477367.833648,1789477367.8330572,15.64039865952045,24.02813962975686,1.4051682352235795,-5.156312771380876,2.562203054357975,0.47835939279266654,0.8607405660992296,432
1789477367.8437743,1789477367.843064,15.58836136508582,24.054404774680417,1.4099463950028919,-5.204228265805586,2.6657964290742178,0.4718708247808341,0.8388321496733631,432
1789477367.8539398,1789477367.8530414,15.5354157215011,24.08189450882193,1.414664017944873,-5.246613844657987,2.758950004828977,0.45825985006000347,0.8184858138132824,432
1789477367.8638723,1789477367.8630216,15.48337170758822,24.109570239806505,1.4191010711224952,-5.282277752200993,2.8387144945151186,0.4384118693669177,0.8004119883429461,432
1789477367.8736567,1789477367.8730505,15.48337170758822,24.109570239806505,1.4191010711224952,-5.282277752200993,2.8387144945151186,0.4384118693669177,0.8004119883429461,432
1789477367.883622,1789477367.8830683,15.377540452694225,24.167471822938918,1.4272934680143126,-5.33766221502114,2.966171504444799,0.3800276666263061,0.7695802289938354,432
1789477367.8936899,1789477367.8930461,15.323707668935024,24.19757806668156,1.4309318804102547,-5.357657743472081,3.0138755169861424,0.34200979953835164,0.7569434004392059,432
1789477367.9037375,1789477367.9030535,15.27001948910855,24.227927268615375,1.4341438384034002,-5.372523014966533,3.0504172013021282,0.2991948742369678,0.7463740353089441,432
1789477367.9135602,1789477367.913056,15.216228414731638,24.258576100587778,1.436903620061956,-5.382619494939965,3.0762760325493472,0.25195241609425595,0.7378010532542674,432
1789477367.9234877,1789477367.923054,15.162950162597243,24.28909183422836,1.4391491230130844,-5.388141267152859,3.0915130480872715,0.20145759386283507,0.731270750151622,432
1789477367.9334438,1789477367.9330244,15.108891836873385,24.320136928605773,1.440899620472865,-5.3894194506153905,3.0965965251364445,0.1470857880930465,0.726600076577296,432
1789477367.943577,1789477367.9430325,15.054902026623303,24.35114648081259,1.4420906187944305,-5.386553314309233,3.0913614587367233,0.09029026966651402,0.7238508867668823,432
1789477367.9537263,1789477367.9530265,15.001145579999804,24.381946725647158,1.4427020596942979,-5.379766419972274,3.075981389599568,0.03194819906680706,0.7229548602801317,432
1789477367.9636414,1789477367.9630256,14.947451426026353,24.412556899457933,1.4427252222431304,-5.3692284227041425,3.0505233919668977,-0.027414031995850786,0.7238228838739862,432
1789477367.9737194,1789477367.9730465,14.893067284001775,24.443320620668924,1.4421402433746124,-5.354870372028565,3.014455436108085,-0.08792093503074654,0.7264146123645268,432
1789477367.9836729,1789477367.9830496,14.893067284001775,24.443320620668924,1.4421402433746124,-5.354870372028565,3.014455436108085,-0.08792093503074654,0.7264146123645268,432
1789477367.993608,1789477367.9930458,14.786905817750661,24.502351596567518,1.4392253806227142,-5.316647951708154,2.9141406311076667,-0.20431106501423663,0.736068364362549,432
1789477368.0036411,1789477368.003048,14.733957490668717,24.531121578339402,1.4369057873431605,-5.2927611817296105,2.849252177268314,-0.26010582845894226,0.742947620971079,432
1789477368.0136898,1789477368.0130553,14.681046448640581,24.55930986878675,1.4340292463699715,-5.2658145549620965,2.774478204530002,-0.31343712269048163,0.7510435729505436,432
1789477368.0235856,1789477368.0230186,14.628258662187836,24.586783862669844,1.4306233807471762,-5.235956527366827,2.689950021753322,-0.3635469037494247,0.7602150481616627,432
1789477368.0335817,1789477368.033055,14.576433483672757,24.613037165121444,1.4267845488823785,-5.203837874465398,2.597292740794587,-0.409084769260453,0.7701576696129004,432
1789477368.0436418,1789477368.0430484,14.523904359506785,24.63882578464786,1.4224252701881637,-5.168531458460926,2.4935926439098375,-0.4509021809496755,0.7810518449925556,432
1789477368.0536354,1789477368.0530188,14.472429002871904,24.663200865043933,1.4177334581290182,-5.131328907448205,2.382432782973473,-0.4870402101890329,0.7923915065585967,432
1789477368.063768,1789477368.0630472,14.421150815613723,24.686504853457865,1.4126890439303097,-5.0917893906948,2.2623525985714528,-0.5177058192603683,0.8042059508258346,432
1789477368.073761,1789477368.0730612,14.371002143752818,24.70825746607949,1.4074445133378013,-5.050810873404643,2.13596820682536,-0.5420291985769757,0.8161282356890478,432
1789477368.0835292,1789477368.0830526,14.371002143752818,24.70825746607949,1.4074445133378013,-5.050810873404643,2.13596820682536,-0.5420291985769757,0.8161282356890478,432
1789477368.0935004,1789477368.0930538,14.270798608488212,24.74826394235257,1.396253582718098,-4.962443946962519,1.8574044185401941,-0.5719682330457371,0.8405112995591035,432
1789477368.1034667,1789477368.1030507,14.221494823896522,24.76606385755746,1.390514680435781,-4.915981567043731,1.7079456941904323,-0.5767427677167216,0.8525222181149412,432
1789477368.1134696,1789477368.113054,14.172725575802309,24.782319515140472,1.3847704314221179,-4.868226074766997,1.5523680448638513,-0.5745370193866673,0.8642422896330415,432
1789477368.1234431,1789477368.123025,14.123460691590328,24.797276981734413,1.3789686134991879,-4.818288948140673,1.3876951238127009,-0.565017986110693,0.875792272075905,432
1789477368.133618,1789477368.1330488,14.075627629080381,24.810296763620457,1.3734066723931895,-4.768297118947327,1.220931629995857,-0.5485333036934499,0.8866086127975636,432
1789477368.1437244,1789477368.1430671,14.028951113128432,24.821483778763092,1.3681170818973778,-4.718214326267061,1.052061236757292,-0.5254041062519159,0.896675090463122,432
1789477368.1536324,1789477368.1530325,13.98196712097958,24.83114123550185,1.3630029404962953,-4.666648409320439,0.8764099443328605,-0.49499228324243794,0.9062151351359642,432
1789477368.163529,1789477368.163058,13.9356260014927,24.839004840597553,1.3582395778971768,-4.614810084433871,0.6981080436577749,-0.45794831871726577,0.9149430476556075,432
1789477368.173613,1789477368.1730576,13.889910337142908,24.845063456533957,1.3538882214227255,-4.562886901016319,0.517871190340088,-0.4145708688924854,0.9227987557347377,432
1789477368.1835005,1789477368.1830559,13.889910337142908,24.845063456533957,1.3538882214227255,-4.562886901016319,0.517871190340088,-0.4145708688924854,0.9227987557347377,432
1789477368.1934755,1789477368.193051,13.799299965998621,24.851781950674727,1.346581912305098,-4.458405332203654,0.15051705940661997,-0.3089801166183628,0.9358324995592833,432
1789477368.2035077,1789477368.2030566,13.75532155988773,24.85237347659153,1.3438113007333317,-4.407337373873584,-0.03118400313437647,-0.2487203459130387,0.9408081934609327,432
1789477368.2135687,1789477368.213042,13.711390828774194,24.85114403903865,1.3416432159378293,-4.356378497772462,-0.21383754787410264,-0.1830229722880647,0.944824425405999,432
1789477368.2234755,1789477368.2230525,13.668110552883379,24.848105074525122,1.3401595019250152,-4.306456761342546,-0.3940393154249221,-0.11328590523779825,0.9478085370058755,432
1789477368.233519,1789477368.233053,13.625220329447364,24.843264457187274,1.3393904698594297,-4.257504261281192,-0.5719403913510205,-0.03970193573253733,0.9497856025016396,432
1789477368.243502,1789477368.2430573,13.582906395195963,24.836675695918977,1.3393735347513176,-4.209968234420652,-0.7458270944661322,0.03676655430456663,0.9507655447142112,432
1789477368.253718,1789477368.2530823,13.541041258184523,24.82836662233916,1.3401339026023404,-4.163939074317125,-0.9152830028506219,0.11566100886903952,0.9507857803494426,432
1789477368.2635446,1789477368.263049,13.499800700684352,24.818434589714755,1.3416840829869994,-4.119837955845798,-1.0786781633767166,0.19593152986865442,0.9498960366550904,432
1789477368.2736127,1789477368.273045,13.457937023177752,24.80658604646099,1.3441110519938155,-4.076614277311728,-1.2398764066029107,0.27933912272991984,0.9480987748975629,432
1789477368.2835035,1789477368.2830453,13.457937023177752,24.80658604646099,1.3441110519938155,-4.076614277311728,-1.2398764066029107,0.27933912272991984,0.9480987748975629,432
1789477368.2934825,1789477368.2930508,13.37807068300055,24.77913575264265,1.3512397215965413,-3.999555707022531,-1.530260585878435,0.44113823197926727,0.9423549108146947,432
1789477368.3035958,1789477368.3030326,13.338123060141363,24.76309929191803,1.3560721936104725,-3.9642232886442303,-1.6650086670617112,0.5219522555700524,0.9384713825968753,432
1789477368.3135169,1789477368.3130658,13.298606124157578,24.745798464381895,1.3616934829759293,-3.931741924262171,-1.7900820232348333,0.6008349637361425,0.9340767298325425,432
1789477368.3234744,1789477368.3230333,13.259591369336752,24.72738884519806,1.3680596074177132,-3.902347638402942,-1.904591997228369,0.6769373538995097,0.9292973554231296,432
1789477368.333504,1789477368.3330586,13.220684113855167,24.707802449763868,1.3752021478030192,-3.875935760811108,-2.0090052019163895,0.7503306590586655,0.9242068581949043,432
1789477368.3434901,1789477368.3430598,13.18155636127606,24.686971220249646,1.3831608957566932,-3.852544510480965,-2.1033030503806325,0.8208802285992257,0.9188867228718465,432
1789477368.3537197,1789477368.3530347,13.143373364420615,24.665658870797188,1.391644653279433,-3.8330097810233106,-2.1842135484531124,0.8858744342173532,0.9136335550307582,432
1789477368.3635478,1789477368.3630593,13.10523785524222,24.643525204618623,1.4007831886108568,-3.8169514488979224,-2.2534032291853325,0.9463280256875857,0.9084661166330732,432
1789477368.3736658,1789477368.3730512,13.066777102674656,24.62047936079819,1.4106216240745895,-3.8044388685261423,-2.3108439911638547,1.0021532950541043,0.9034833567365825,432
1789477368.3835754,1789477368.3830526,13.066777102674656,24.62047936079819,1.4106216240745895,-3.8044388685261423,-2.3108439911638547,1.0021532950541043,0.9034833567365825,432
1789477368.3935478,1789477368.393048,12.991019063093702,24.57353973193586,1.4315911123810885,-3.7885394179241505,-2.3819197717066873,1.096062589900741,0.8949502372575195,432
1789477368.4037037,1789477368.4030783,12.952871576518824,24.549490180888917,1.4428570377287937,-3.7764469497908553,-2.383121904335493,1.1380074633364532,0.8916537945039149,432
1789477368.4137516,1789477368.41305,12.915851729999714,24.526188887712504,1.4542312480261779,-3.7561335971814174,-2.353892769670629,1.1763997500947891,0.8893731681628703,432
1789477368.423679,1789477368.4230664,12.878201972657475,24.502787880484707,1.4662538090842512,-3.7244363600140438,-2.2913613374569337,1.2122430246302411,0.8882054632135379,432
1789477368.4337227,1789477368.4330513,12.840996871659593,24.48021697641744,1.4785893072455119,-3.681088172560793,-2.1974738224295876,1.2426476195791087,0.8884050213865695,432
1789477368.4437814,1789477368.4430273,12.804475931762699,24.458841989267313,1.4911265906305233,-3.6267084864578747,-2.0764939205867794,1.265168069339351,0.8900980141613046,432
1789477368.4539363,1789477368.4530678,12.768412781414991,24.43871790761084,1.5038890353786312,-3.5618725103094366,-1.9325192310857764,1.2774349357926191,0.8933845364907542,432
1789477368.4636722,1789477368.46305,12.733299273516172,24.420255007617225,1.5166192182852007,-3.4887665981078144,-1.773262790648488,1.2769128749635266,0.8982509465747697,432
1789477368.473693,1789477368.4730525,12.699052406419316,24.40348047625986,1.5292347284491674,-3.4087235363467223,-1.6046232388331578,1.2617191505148162,0.9046704345958139,432
1789477368.4836671,1789477368.4830523,12.699052406419316,24.40348047625986,1.5292347284491674,-3.4087235363467223,-1.6046232388331578,1.2617191505148162,0.9046704345958139,432
1789477368.4939694,1789477368.493064,12.6325231968586,24.374810930561047,1.5538143942976854,-3.23094886741471,-1.2595249978593321,1.1809711876354025,0.9220481422284146,432
1789477368.503724,1789477368.5030487,12.6007229598012,24.363054573631295,1.5652936379597369,-3.1360887109668,-1.096208502621413,1.11478316098965,0.932654279690631,432
1789477368.5138044,1789477368.5130494,12.569854809201868,24.352862890469098,1.5760398909020203,-3.0375363352156137,-0.9446106667765135,1.0320391759051533,0.944331316033804,432
1789477368.523805,1789477368.5230641,12.539609356281908,24.34400880006676,1.586004284203653,-2.9338369864313787,-0.8064552351524061,0.9331203887723846,0.957030870815748,432
1789477368.5337358,1789477368.5330482,12.51110398562023,24.336628431009316,1.594706081106118,-2.82812523422447,-0.68848992430779,0.8243073100165508,0.9700626507018897,432
1789477368.5438087,1789477368.5430481,12.483457224427283,24.330282248404902,1.6023398412863192,-2.716069080655152,-0.5873718867034152,0.7056150450317458,0.9836000855913705,432
1789477368.5538688,1789477368.5530558,12.456907722497785,24.32484585853209,1.608772252202659,-2.5968657541173066,-0.5036447183048085,0.581363820337292,0.9973418709030049,432
1789477368.563888,1789477368.5630572,12.431548354717421,24.320155710897073,1.6139615358243193,-2.469006549265622,-0.43613322781184305,0.45574715885431605,1.0110569579179214,432
1789477368.5736716,1789477368.5730467,12.431548354717421,24.320155710897073,1.6139615358243193,-2.469006549265622,-0.43613322781184305,0.45574715885431605,1.0110569579179214,432
1789477368.583707,1789477368.5830486,12.38498253716618,24.31246202328015,1.6206519221664237,-2.182938172782203,-0.341428801925927,0.2185730890495429,1.0374364544185126,432
1789477368.593717,1789477368.5930486,12.363922422232763,24.30921432005921,1.6223089685143302,-2.022645451361499,-0.3086504434812971,0.11462520274089973,1.0497476708307358,432
1789477368.603805,1789477368.603033,12.344543946826317,24.306265333133194,1.6229943963165985,-1.8512381608163273,-0.2819270077933802,0.025055796404441767,1.061217331879854,432
1789477368.613948,1789477368.6130514,12.326916946673055,24.30356201152099,1.6228649413394272,-1.6695040985969074,-0.25864530975248134,-0.04801794877565576,1.0717283414866037,432
1789477368.6236565,1789477368.6230533,12.311163628208101,24.301085456212878,1.622093944294441,-1.479807258857176,-0.23669731181285508,-0.10312932210182243,1.0811534101487004,432
1789477368.633682,1789477368.6330478,12.297347533755493,24.298830760439653,1.620864333177489,-1.2851634023840663,-0.21446425119779974,-0.13999434674161013,1.0894187349849398,432
1789477368.6437836,1789477368.6430552,12.285402683348257,24.296789582187497,1.6193425296505901,-1.0877186744003708,-0.19072049793127965,-0.15945071806189545,1.0965436390900187,432
1789477368.6537614,1789477368.6530502,12.275454427577168,24.295000078775548,1.617711335852159,-0.8940134937457631,-0.1652941478554868,-0.1628584911780196,1.1024460547920167,432
1789477368.6637683,1789477368.6630197,12.267461890070832,24.29348330570062,1.6161259915123494,-0.7098486788553797,-0.13853259880163307,-0.15295938214256155,1.1071536902268853,432
1789477368.6737046,1789477368.673033,12.261263428667899,24.292242032815835,1.614697009589776,-0.5396478103064428,-0.1111187102097517,-0.13312394176799586,1.1107723293654637,432
1789477368.6838436,1789477368.6830535,12.256675061174178,24.291273362965875,1.6135010093976292,-0.38785904473741356,-0.08415059261908289,-0.10701631814983642,1.1134238268543553,432
1789477368.6938267,1789477368.693047,12.256675061174178,24.291273362965875,1.6135010093976292,-0.38785904473741356,-0.08415059261908289,-0.10701631814983642,1.1134238268543553,432
1789477368.70385,1789477368.7030482,12.251431066640047,24.29008526782625,1.6119320400898167,-0.15409576165064265,-0.036912095701615855,-0.05072962552627025,1.1164060323168923,432
1789477368.7135396,1789477368.7130446,12.250284295386031,24.289804789334546,1.6115419895949876,-0.07781692451577293,-0.01952189044285102,-0.02750747362340855,1.11704507964741,432
1789477368.7236288,1789477368.7230334,12.249768680355494,24.28967302698283,1.6113547841256006,-0.03024585900566934,-0.007920406100954569,-0.011366780101496499,1.117328655058229,432
1789477368.733853,1789477368.7330275,12.249602361387543,24.289628781333295,1.6112909278973366,-0.006609400590536829,-0.0018024129701945668,-0.0026223874043005413,1.117418944838751,432
1789477368.743808,1789477368.743031,12.249578743116937,24.28962227017518,1.611281425316453,-0.00017570635206487495,-4.9770027188422716e-05,-7.314486163911837e-05,1.1174316104068036,432
1789477368.7538402,1789477368.7530549,12.249578563235815,24.289622219069436,1.611281350156844,8.881784197001252e-16,-2.220446049250313e-15,-1.3322676295501878e-15,1.117431705828389,432
1789477368.7638373,1789477368.7630415,12.249578563235815,24.289622219069436,1.611281350156844,8.881784197001252e-16,-2.220446049250313e-15,-1.3322676295501878e-15,1.117431705828389,432
1789477368.7739272,1789477368.7730384,12.249578563235815,24.289622219069436,1.611281350156844,8.881784197001252e-16,-2.220446049250313e-15,-1.3322676295501878e-15,1.117431705828389,432
1789477368.783796,1789477368.783056,12.249578563235815,24.289622219069436,1.611281350156844,8.881784197001252e-16,-2.220446049250313e-15,-1.3322676295501878e-15,1.117431705828389,432
1789477368.7937915,1789477368.7930512,12.249578563235815,24.289622219069436,1.611281350156844,8.881784197001252e-16,-2.220446049250313e-15,-1.3322676295501878e-15,1.117431705828389,432
1789477368.8036728,1789477368.80305,12.249578563235815,24.289622219069436,1.611281350156844,8.881784197001252e-16,-2.220446049250313e-15,-1.3322676295501878e-15,1.117431705828389,432
1789477368.8137333,1789477368.813051,12.249578563235815,24.289622219069436,1.611281350156844,8.881784197001252e-16,-2.220446049250313e-15,-1.3322676295501878e-15,1.117431705828389,432
1789477368.823682,1789477368.8230472,12.249578563235815,24.289622219069436,1.611281350156844,8.881784197001252e-16,-2.220446049250313e-15,-1.3322676295501878e-15,1.117431705828389,432
1789477368.8337305,1789477368.833053,12.249578563235815,24.289622219069436,1.611281350156844,8.881784197001252e-16,-2.220446049250313e-15,-1.3322676295501878e-15,1.117431705828389,432
1789477368.8437266,1789477368.8430521,12.249578563235815,24.289622219069436,1.611281350156844,8.881784197001252e-16,-2.220446049250313e-15,-1.3322676295501878e-15,1.117431705828389,432
1789477368.8537247,1789477368.853047,12.249578563235815,24.289622219069436,1.611281350156844,8.881784197001252e-16,-2.220446049250313e-15,-1.3322676295501878e-15,1.117431705828389,432
1789477368.8637962,1789477368.8630514,12.249578563235815,24.289622219069436,1.611281350156844,8.881784197001252e-16,-2.220446049250313e-15,-1.3322676295501878e-15,1.117431705828389,432
1789477368.8737688,1789477368.873026,12.249578563235815,24.289622219069436,1.611281350156844,8.881784197001252e-16,-2.220446049250313e-15,-1.3322676295501878e-15,1.117431705828389,432
1789477368.8836796,1789477368.883037,12.249578563235815,24.289622219069436,1.611281350156844,8.881784197001252e-16,-2.220446049250313e-15,-1.3322676295501878e-15,1.117431705828389,432
1789477368.8936837,1789477368.8930464,12.249578563235815,24.289622219069436,1.611281350156844,8.881784197001252e-16,-2.220446049250313e-15,-1.3322676295501878e-15,1.117431705828389,432
1789477368.9037309,1789477368.9030492,12.249578563235815,24.289622219069436,1.611281350156844,8.881784197001252e-16,-2.220446049250313e-15,-1.3322676295501878e-15,1.117431705828389,432
1789477368.9137511,1789477368.9130483,12.249578563235815,24.289622219069436,1.611281350156844,8.881784197001252e-16,-2.220446049250313e-15,-1.3322676295501878e-15,1.117431705828389,432
1789477368.9235811,1789477368.9230478,12.249578563235815,24.289622219069436,1.611281350156844,8.881784197001252e-16,-2.220446049250313e-15,-1.3322676295501878e-15,1.117431705828389,432
1789477368.9336245,1789477368.933026,12.249578563235815,24.289622219069436,1.611281350156844,8.881784197001252e-16,-2.220446049250313e-15,-1.3322676295501878e-15,1.117431705828389,432
1789477368.9439,1789477368.9430776,12.249578563235815,24.289622219069436,1.611281350156844,8.881784197001252e-16,-2.220446049250313e-15,-1.3322676295501878e-15,1.117431705828389,432
1789477368.953894,1789477368.9530525,12.175113111278863,24.237520373409257,1.6155123883890707,-1.0364211525727358,-0.7114543226857514,-0.1494748338439089,1.137279471143811,432
1789477368.963924,1789477368.9630427,12.163950310556038,24.22996133335867,1.6139735952625816,-1.1854780418043096,-0.7922162431162564,-0.1562128384368054,1.1406982991088248,432
1789477368.9736867,1789477368.9730213,12.163950310556038,24.22996133335867,1.6139735952625816,-1.1854780418043096,-0.7922162431162564,-0.1562128384368054,1.1406982991088248,432
1789477368.984041,1789477368.983124,12.136769494047083,24.21231643216576,1.6107421641054465,-1.508909849139648,-0.9528834085103552,-0.16156709376768058,1.1498063705930162,432
1789477368.994209,1789477368.9930677,12.120796556467855,24.20237811477086,1.6091299002372208,-1.679566594257078,-1.0299303951099203,-0.1596268043889753,1.1556193095589138,432
1789477369.0041547,1789477369.0030956,12.103340526280691,24.19183403567339,1.6075749260180212,-1.8535282471843488,-1.1031393788522224,-0.15447413885849773,1.1623224637994274,432
1789477369.0140991,1789477369.0130665,12.084065361584946,24.18053962181602,1.6060818805010861,-2.0330146107330473,-1.1731283332419746,-0.14595201588303908,1.1701182151545324,432
1789477369.024174,1789477369.0231032,12.062803028064012,24.168467253344726,1.6046790644891633,-2.2181560080864404,-1.2394981657090738,-0.13390556602972487,1.179163493015643,432
1789477369.0342712,1789477369.0330696,12.039433398322158,24.15562608523421,1.603402408312286,-2.4085140743800126,-1.3016299160783813,-0.11823444322981352,1.1896074769156244,432
1789477369.044286,1789477369.0430639,12.01453472661428,24.142397287376486,1.6023171373431353,-2.598431409873458,-1.3574859950760678,-0.09944483873581805,1.2012743560798347,432
1789477369.0541265,1789477369.053085,11.9871601595318,24.12834947615729,1.601418786519567,-2.794048097109636,-1.408639123341272,-0.07697515195926607,1.2147007946593704,432
1789477369.0637314,1789477369.0630174,11.95894403129581,24.114373215353922,1.600784527106113,-2.98314918041154,-1.4519435606376012,-0.0524276612691541,1.2291538921382568,432
1789477369.0739036,1789477369.073057,11.928211064209183,24.099689584834252,1.6003977908185827,-3.1764860578821543,-1.4899697134115752,-0.02465591255536559,1.2455587197514948,432
1789477369.0836473,1789477369.083041,11.928211064209183,24.099689584834252,1.6003977908185827,-3.1764860578821543,-1.4899697134115752,-0.02465591255536559,1.2455587197514948,432
1789477369.093578,1789477369.0930445,11.86068970504024,24.069220878996045,1.6005173755210078,-3.5622625599545437,-1.5469080264912547,0.03793524739477916,1.2838145462583168,432
1789477369.1036887,1789477369.1030517,11.824403613728485,24.05377308765197,1.601059165559556,-3.750731851499997,-1.5655062659469445,0.07147915704801355,1.305519743126486,432
1789477369.1136084,1789477369.113041,11.785527114035665,24.037878276017054,1.6019592878284188,-3.940092791479614,-1.5780614555932524,0.10674034543993538,1.3295846939254559,432
1789477369.1235664,1789477369.1230407,11.74526285197357,24.02208431728814,1.6032015541050375,-4.123914073909276,-1.5843417099184736,0.14212053986887163,1.355331082461264,432
1789477369.1335938,1789477369.1330419,11.70312803732439,24.006237219270293,1.6047997397044884,-4.304191902919983,-1.5848192960802066,0.17753681190092532,1.3831063150707323,432
1789477369.1435826,1789477369.1430492,11.659682843882862,23.990579097612567,1.606727276912234,-4.478349010303643,-1.579910155100661,0.21200998911063706,1.4125734266561492,432
1789477369.1536753,1789477369.1530416,11.61379260603016,23.97474289659872,1.6090300518608787,-4.650543129346203,-1.5698398467277146,0.24587573411389607,1.444545361902164,432
1789477369.1635957,1789477369.1630397,11.565642539850852,23.958852741673564,1.6116969325461885,-4.819355714108069,-1.5549037018630778,0.278332352760764,1.4789567518001085,432
1789477369.1736388,1789477369.173047,11.565642539850852,23.958852741673564,1.6116969325461885,-4.819355714108069,-1.5549037018630778,0.278332352760764,1.4789567518001085,432
1789477369.1835933,1789477369.1830387,11.466481607618903,23.92826599428741,1.6178185215055905,-5.132928183623532,-1.5137470593417004,0.3343998231107677,1.5523335195419046,432
1789477369.1936035,1789477369.1930416,11.413929969913255,23.913119930485294,1.621314389657068,-5.2824486698730535,-1.4879296441960115,0.3579088177129425,1.5924493268825062,432
1789477369.2035859,1789477369.2030385,11.360695699284502,23.89846140053586,1.6249726982458625,-5.423310775167064,-1.4599163652673441,0.37719516181586843,1.6338636569389036,432
1789477369.2139256,1789477369.2130432,11.306004885384626,23.88406910321394,1.628808028358117,-5.557721041363165,-1.429826131424687,0.3922028444554947,1.6771600184104671,432
1789477369.2237995,1789477369.223048,11.250314344008666,23.87005949121126,1.6327480899511018,-5.684604570143857,-1.3983927006986907,0.40245668553063846,1.7219641293498835,432
1789477369.2337003,1789477369.233039,11.192570553442183,23.856171275471215,1.6368235344211584,-5.806252581925009,-1.3654820915072343,0.4077451863193217,1.7691201007534287,432
1789477369.2434983,1789477369.243045,11.133886075106629,23.84267214269794,1.640908067000108,-5.920228886521685,-1.3321761854707523,0.4075978507717622,1.8177130992200905,432
1789477369.2535384,1789477369.253039,11.07444327340998,23.829581647002097,1.6449399918532697,-6.026403028481472,-1.2990006010000312,0.40186178450193705,1.8675629244135525,432
1789477369.2636526,1789477369.2630386,11.013766310146108,23.816775680837793,1.648899970907263,-6.1257681100334676,-1.2660838702320676,0.3903326101916945,1.9190446021934895,432
1789477369.2736828,1789477369.27304,10.952049983071749,23.804278352514167,1.6527204694369997,-6.218080408725871,-1.233903868870731,0.3728878421238913,1.971973269665764,432
1789477369.283564,1789477369.2830095,10.952049983071749,23.804278352514167,1.6527204694369997,-6.218080408725871,-1.233903868870731,0.3728878421238913,1.971973269665764,432
1789477369.293447,1789477369.2930396,10.826306325100772,23.780270885377433,1.6596757052014355,-6.381074706495958,-1.1734481423608774,0.3203410965112947,2.002418302835144,433
1789477369.3035424,1789477369.3030384,10.761190502070768,23.768509578621835,1.662750069427464,-6.453335953972995,-1.145257321980027,0.28468947685756874,1.951300325070987,433
1789477369.31357,1789477369.3130376,10.695830725294773,23.757101918141874,1.6654160841884398,-6.518221359281001,-1.1193065445763766,0.2435259901877301,1.9003459010692307,433
1789477369.3237047,1789477369.3230572,10.63158482752137,23.74623359122089,1.6675873041054083,-6.575004475990416,-1.0961859604618414,0.19815322318795356,1.850641480441798,433
1789477369.333662,1789477369.3330436,10.565489600024954,23.735366581288105,1.669318225287641,-6.626644373232722,-1.0749296680951048,0.14677473992923878,1.7999391954224966,433
1789477369.3434854,1789477369.3430552,10.499078387901745,23.72472709706738,1.6705081724710291,-6.6720576809966765,-1.0561768115102035,0.09076814084522708,1.7494775977976031,433
1789477369.3535912,1789477369.353043,10.431850882463833,23.714201694588052,1.671118525104963,-6.71186566544995,-1.0398363948307603,0.030058653566800347,1.69893328618596,433
1789477369.3635275,1789477369.3630404,10.363563444057489,23.703722987299333,1.6710954016267057,-6.746398260273134,-1.0259057578848512,-0.03523777185907953,1.6481940028110458,433
1789477369.3735073,1789477369.3730485,10.363563444057489,23.703722987299333,1.6710954016267057,-6.746398260273134,-1.0259057578848512,-0.03523777185907953,1.6481940028110458,433
1789477369.3835452,1789477369.38304,10.22845447054371,23.683477466341245,1.6690364813577607,-6.798890772198279,-1.0058742728200922,-0.17307555884577985,1.5497946292067395,433
1789477369.3935645,1789477369.393051,10.160901854316977,23.67353209276166,1.6669631772023468,-6.818065318748492,-0.9993370139970772,-0.24518256355853846,1.5016938456134654,433
1789477369.403555,1789477369.403038,10.092415834317555,23.66352986876391,1.66413062686323,-6.8332302400595335,-0.9948413460168191,-0.3196647274577572,1.4537510723674831,433
1789477369.4135253,1789477369.4130397,10.023758315656236,23.65355720539034,1.660543380411779,-6.844510779323724,-0.9922762330288527,-0.3951045739856809,1.4065798882661005,433
1789477369.423552,1789477369.4230366,9.956273315037361,23.643784951278555,1.6562839978389192,-6.852150248084309,-0.9914192975471311,-0.46939291523946575,1.3611448432292423,433
1789477369.4335654,1789477369.4330428,9.887302825214622,23.63380778329199,1.6511809738195755,-6.856804938872172,-0.9919914313338041,-0.5448210988420753,1.3157267162125943,433
1789477369.4435675,1789477369.4430544,9.81872838877276,23.623880722313118,1.6453626779485626,-6.858643449140616,-0.9937363560018787,-0.6186848892207549,1.2716540229910516,433
1789477369.453542,1789477369.453009,9.750092372444762,23.61392347734078,1.6388084107012195,-6.858060064546718,-0.9963660734971,-0.6908553927187847,1.2286914925654435,433
1789477369.4635415,1789477369.4630578,9.680969447475565,23.603863353576692,1.6314874848838454,-6.855376762385473,-0.9996005713466483,-0.7611338264606733,1.186655130279056,433
1789477369.4734886,1789477369.4730384,9.680969447475565,23.603863353576692,1.6314874848838454,-6.855376762385473,-0.9996005713466483,-0.7611338264606733,1.186655130279056,433
1789477369.4835632,1789477369.4830387,9.544361029328973,23.583861817917192,1.6149957641358241,-6.845219896361534,-1.0064734765830943,-0.8905712029865995,1.1074816438350616,433
1789477369.4935033,1789477369.4930384,9.476337064085165,23.57383966913667,1.605846210511645,-6.838383187271811,-1.0095022105981029,-0.9492368019609564,1.0701238411393557,433
1789477369.5034978,1789477369.5030406,9.407201242681216,23.563615171564674,1.5959617957018248,-6.830623090716914,-1.011877879461159,-1.0042179727081193,1.0336526094416412,433
1789477369.5137188,1789477369.5130424,9.338828349734706,23.553472835567558,1.585652507325313,-6.822420744348349,-1.013208570286294,-1.053513124422634,0.9991329988059054,433
1789477369.5237134,1789477369.5230403,9.270545603630321,23.543324535769514,1.5748779209418462,-6.813961601783817,-1.0132106662759126,-1.0972718469424465,0.9662585441598703,433
1789477369.533633,1789477369.5330377,9.203039084034717,23.53328687275655,1.5638096040518839,-6.8055655543217,-1.011608773408663,-1.134784138569676,0.9353870390018262,433
1789477369.5435507,1789477369.5430455,9.13539788563577,23.523241959215408,1.552362035326329,-6.7973267325507285,-1.0081154588763706,-1.1663149560102328,0.9061328236372432,433
1789477369.5536141,1789477369.5530586,9.066609954072533,23.51306114319223,1.5404169637774043,-6.789316022976724,-1.0023406436963405,-1.1918839981141678,0.8781577909167977,433
1789477369.5635452,1789477369.563039,8.99991845160074,23.50324707409756,1.528607396335826,-6.782060691840705,-0.9943454731387495,-1.2102055514416186,0.8527894117410852,433
1789477369.5736907,1789477369.5730371,8.931552223799438,23.49327105415635,1.516335380443946,-6.7752802780478785,-0.9834558540832954,-1.222215363768553,0.8286175113977889,433
1789477369.583579,1789477369.583038,8.931552223799438,23.49327105415635,1.516335380443946,-6.7752802780478785,-0.9834558540832954,-1.222215363768553,0.8286175113977889,433
1789477369.593537,1789477369.593007,8.795922745010575,23.473852328755598,1.4917697636865448,-6.764193759702916,-0.9529145132548825,-1.2253982859000536,0.7862923189373077,433
1789477369.6037734,1789477369.6030576,8.729011910684308,23.46451848633042,1.4796812462245184,-6.760005290942772,-0.933104347711921,-1.2168283087827303,0.7682196000313875,433
1789477369.6135752,1789477369.6130428,8.661271495253523,23.455280274737873,1.4675562310929944,-6.7566593782956454,-0.9096551295087075,-1.201402340603662,0.7518359764906899,433
1789477369.6234913,1789477369.6230235,8.593949845977262,23.44634558299766,1.4556873710500624,-6.754212001551155,-0.8828535742191834,-1.179466588392903,0.7374699622825327,433
1789477369.6334777,1789477369.6330411,8.52533146261101,23.43752947842668,1.4438447405896067,-6.752571969420401,-0.851860313222204,-1.1505117608210937,0.7247958348182473,433
1789477369.6434636,1789477369.643045,8.458657363938919,23.429281277617235,1.4326483483515093,-6.751729851382469,-0.818137228185882,-1.1162169650492932,0.7143806443465959,433
1789477369.6536548,1789477369.6530447,8.390340015362998,23.421193207317142,1.4215569333041704,-6.751527170547676,-0.7798711690681469,-1.075046223476949,0.7056406654996992,433
1789477369.663515,1789477369.6630402,8.323638118788523,23.413688069714023,1.411157945491842,-6.751839968821638,-0.7388938668934069,-1.0292551639106997,0.6989780488960287,433
1789477369.6736057,1789477369.6730442,8.255139445701,23.406421180804642,1.4009779400192521,-6.752517499726594,-0.6931353284457508,-0.9768182684801789,0.6940374869639105,433
1789477369.6835885,1789477369.6830478,8.255139445701,23.406421180804642,1.4009779400192521,-6.752517499726594,-0.6931353284457508,-0.9768182684801789,0.6940374869639105,433
1789477369.6935785,1789477369.6930497,8.120005284139923,23.393537809772152,1.3825822733003459,-6.754105408236939,-0.5922529707285035,-0.8587671328307337,0.6898288203558947,433
1789477369.7034822,1789477369.7030382,8.05346013415886,23.387969334684442,1.374436023265445,-6.7545514715172486,-0.5376268554516692,-0.7942854439902531,0.6903924862538116,433
1789477369.7134619,1789477369.7130353,7.985871218681941,23.382880361510463,1.3668314889005468,-6.754427801423322,-0.47900060037799624,-0.7250515662164395,0.6926964720288562,433
1789477369.7234871,1789477369.7230413,7.917959190943328,23.378372813473796,1.3599050727373772,-6.7534224196223605,-0.41708820288267784,-0.6521216887647723,0.6967280652477066,433
1789477369.733441,1789477369.733007,7.850776104762757,23.374539261660054,1.3537879063083609,-6.751244617964655,-0.35308258860597014,-0.5770902143688528,0.7023671117006207,433
1789477369.7435207,1789477369.743061,7.783393461712394,23.371345409795094,1.3484126652310267,-6.7475443772909784,-0.2863608965237307,-0.4993918428992923,0.709628469414429,433
1789477369.7536788,1789477369.7530522,7.715095559030151,23.36879810714164,1.3437634924410287,-6.7418707367169795,-0.2164186886558144,-0.4185857072245375,0.7185839117905739,433
1789477369.7635705,1789477369.7630382,7.6478866392414355,23.366984700496122,1.3399935014413236,-6.731677804583889,-0.14770800049734095,-0.3367896943208223,0.7289263509921042,433
1789477369.773694,1789477369.773061,7.580849981876147,23.365830302092814,1.3370563867278524,-6.710134300356471,-0.08529953741506809,-0.2516206885628748,0.7407591931379582,433
1789477369.7835264,1789477369.7830427,7.580849981876147,23.365830302092814,1.3370563867278524,-6.710134300356471,-0.08529953741506809,-0.2516206885628748,0.7407591931379582,433
1789477369.7934897,1789477369.7930348,7.4481112414900545,23.365111125400666,1.333825680309794,-6.614394732736185,0.004025227068185175,-0.07083520398336943,0.7689012621687441,433
1789477369.803444,1789477369.8030102,7.381473707144837,23.365283906852305,1.333592251431012,-6.533806212553851,0.027512807525140074,0.024987616597451592,0.7855671897243841,433
1789477369.8137343,1789477369.8130362,7.31731908593359,23.365608980199262,1.3343043809131871,-6.433748602636406,0.03588250850699852,0.118892690631815,0.8033364954876823,433
1789477369.823719,1789477369.8230426,7.253620184099697,23.365953114836937,1.3359602948314242,-6.312155560368904,0.03088024524917569,0.2120713297655227,0.8227362983076514,433
1789477369.8335962,1789477369.8330567,7.191191047430962,23.366187478328005,1.3385315996789728,-6.171614828159505,0.01424931826525526,0.3013789615657632,0.8435176276707983,433
1789477369.8436012,1789477369.8430417,7.129619546111851,23.366206247398065,1.3420071059211622,-6.012853380264825,-0.011862210076298306,0.38528167520395235,0.8657828070641154,433
1789477369.8536208,1789477369.853039,7.07051087066752,23.365931855676017,1.3462265993051796,-5.842485826236602,-0.043992245641814635,0.45957655022488336,0.8888466231770722,433
1789477369.863741,1789477369.8630354,7.012565354138771,23.365309438066436,1.3511908370471841,-5.659495884103001,-0.07989825503405762,0.5239950326083801,0.9130806853719546,433
1789477369.8736308,1789477369.873033,6.956796226057687,23.364326591002403,1.3567117091330814,-5.4696729022715145,-0.11609564116683566,0.5756427835733484,0.9379221139503691,433
1789477369.8835788,1789477369.8830285,6.902897097307101,23.36298865144559,1.3626886548770616,-5.274733496337845,-0.15002353354565573,0.6134684335566732,0.963325751789569,433
1789477369.8935091,1789477369.893033,6.902897097307101,23.36298865144559,1.3626886548770616,-5.274733496337845,-0.15002353354565573,0.6134684335566732,0.963325751789569,433
1789477369.9034495,1789477369.9030387,6.801380469652381,23.359432542730172,1.3753570405135256,-4.881781455181008,-0.20117589558555493,0.6436944162978356,1.0147367372841716,433
1789477369.913429,1789477369.9130352,6.75437130391969,23.357383183247514,1.3816531360212636,-4.690498323864462,-0.21463021713624442,0.6358064076530509,1.0400049502145832,433
1789477369.923451,1789477369.9230335,6.708436936229102,23.355208375585594,1.3879066897519245,-4.498978076708942,-0.21874819343875063,0.6126910860149195,1.065487663530218,433
1789477369.9334502,1789477369.933039,6.663936032327705,23.35302068315938,1.3939178270927002,-4.309556576565812,-0.21247833749522127,0.5747016415993538,1.0908294697210632,433
1789477369.9434888,1789477369.9430408,6.62194900753441,23.35097936881212,1.3993971218502923,-4.127417060336857,-0.19599056293231554,0.5241885639612605,1.1152317204182736,433
1789477369.9536314,1789477369.9530365,6.581101887690567,23.34912337655175,1.4043920135827843,-3.946671600490852,-0.1692338941658056,0.46126870363288974,1.1393257203139928,433
1789477369.9634974,1789477369.963035,6.543162530649344,23.347624058605447,1.408586504622062,-3.7748427134076095,-0.13456800840434102,0.3910298091103688,1.1619178044782474,433
1789477369.9735432,1789477369.9730356,6.506315639181633,23.346487043825743,1.4121063816166044,-3.6030141983508286,-0.09199022323840245,0.31277534277886954,1.1839585886177812,433
1789477369.9835217,1789477369.983036,6.506315639181633,23.346487043825743,1.4121063816166044,-3.6030141983508286,-0.09199022323840245,0.31277534277886954,1.1839585886177812,433
1789477369.993502,1789477369.9930265,6.437692759238845,23.34562368568315,1.4167016399164836,-3.2626210076326805,0.007962641744497718,0.14589465514273411,1.2249230885477198,433
1789477370.003518,1789477370.0030358,6.405926347027247,23.34596833925737,1.4177427026893068,-3.0912538953768944,0.0610015017190451,0.06276228366262915,1.243697140814946,433
1789477370.0136065,1789477370.0130365,6.375807318426106,23.346843257972175,1.4179688618689266,-2.916836628834683,0.11318835368933708,-0.0168006590335546,1.261301129748042,433
1789477370.0234919,1789477370.0230384,6.347360063613301,23.348232763979734,1.4174235809222213,-2.738070878901647,0.16234983441054873,-0.09037133122440649,1.2776989772135585,433
1789477370.033451,1789477370.0330117,6.3209077980732715,23.35007808666973,1.4161894902692114,-2.5560133790410005,0.20601457479026072,-0.1551129698889465,1.2927030911292072,433
1789477370.0434544,1789477370.0430422,6.296452955304431,23.35231100785432,1.4143709920465248,-2.370337707478473,0.24262888157985754,-0.2095104553817377,1.306329054367989,433
1789477370.053609,1789477370.0530386,6.2736408323073904,23.35489621068734,1.4120409933877422,-2.1779917279374654,0.2714386283033744,-0.2531484155536159,1.3187964928800047,433
1789477370.0635405,1789477370.063034,6.252733977488825,23.357731680691913,1.409327455563497,-1.9810520052220115,0.29112077131980757,-0.2846599705510039,1.329989675833922,433
1789477370.0735304,1789477370.073042,6.252733977488825,23.357731680691913,1.409327455563497,-1.9810520052220115,0.29112077131980757,-0.2846599705510039,1.329989675833922,433
1789477370.08348,1789477370.083036,6.2170999813264345,23.363720036628397,1.4032978098215734,-1.5820433533422666,0.30138905833900864,-0.31027554022893,1.3484694143490654,433
1789477370.0934937,1789477370.0930316,6.202214740353333,23.366710168919827,1.4001958061805644,-1.3817850683682615,0.2924198355710973,-0.3054509691115131,1.3559273641467446,433
1789477370.103437,1789477370.1030324,6.189446003959143,23.369539107275,1.3972250249616778,-1.1868910820701286,0.2752114973899935,-0.29041335945978786,1.3621786345438265,433
1789477370.1134505,1789477370.1130323,6.178614903478738,23.372153676579973,1.39445563164489,-0.9986671509337919,0.2510126893554984,-0.26679936000576854,1.367358892975017,433
1789477370.1234581,1789477370.12302,6.169520958863778,23.3745230967059,1.3919303986514142,-0.8176981737591015,0.22097899646899455,-0.23610095816489726,1.3716061668430526,433
1789477370.1335182,1789477370.133013,6.162203386934279,23.37656455388066,1.389745130600749,-0.6497461816779613,0.18730097692355607,-0.20084944192650284,1.3749422282860415,433
1789477370.1434958,1789477370.1430395,6.15649260980184,23.378258084890152,1.387926745396538,-0.49731812895062055,0.15191050792834626,-0.16330898190757775,1.3774831000599423,433
1789477370.1537182,1789477370.1530375,6.152203586486937,23.37960187956814,1.386480876578745,-0.36265973204253565,0.11673517642709286,-0.12570417595976313,1.3793450417209407,433
1789477370.163658,1789477370.1630325,5.597240105642336,23.692939730095617,1.6035016480997404,-2.068550697275824,0.7426585247606008,0.613917884312562,1.5849468406667833,433
1789477370.1737108,1789477370.1730614,5.577319791475256,23.70015044275314,1.6094544415038663,-1.8873290024166436,0.6888675356908547,0.56791796860343,1.5969980788031424,433
1789477370.1835632,1789477370.1830328,5.5593548545950675,23.70675870376343,1.6148952906010907,-1.7126324838584872,0.6349677309972955,0.5220904600978127,1.6078957346315326,433
1789477370.193459,1789477370.1930306,5.543147586686562,23.71281235928924,1.619866323715012,-1.5440267814305026,0.5810877285017122,0.4765291719631154,1.617747857008959,433
1789477370.2035055,1789477370.2030115,5.528638426106405,23.71831160025581,1.6243702556225923,-1.3823509555508868,0.5277360220045451,0.43164825340200513,1.6265813439801766,433
1789477370.2136567,1789477370.2130356,5.51560327974269,23.723322118875444,1.6284632194840774,-1.2264809127953535,0.4747530530941152,0.3872989053679532,1.634525492246222,433
1789477370.223542,1789477370.223029,5.504085887948279,23.727809647554206,1.6321194466479267,-1.0783478286285455,0.42299641704074564,0.3441833449419509,1.6415482755024935,433
1789477370.233474,1789477370.2330315,5.493952012201711,23.731810004856513,1.635370336122748,-0.9377886899620005,0.37261493933328116,0.30240699145578565,1.6477276636117755,433
1789477370.2434642,1789477370.2430365,5.4852950282087924,23.735270367053147,1.6381752331687547,-0.807971170744946,0.32496920240384086,0.26307406702781855,1.6530042742110105,433
1789477370.2536156,1789477370.2530336,5.4778235694944755,23.73829287716423,1.6406190563751146,-0.686474683517023,0.27938570466338297,0.22560390790846785,1.6575544700517075,433
1789477370.2635264,1789477370.2630332,5.471475794262345,23.74089084641311,1.6427143551533718,-0.5740363128717907,0.23631777309411528,0.19034844404934192,1.6614155500509895,433
1789477370.2735386,1789477370.2730281,5.466280284804726,23.743041089112626,1.6444442710655465,-0.47336839553193544,0.19700578935933288,0.15829630344782109,1.6645707242482914,433
1789477370.2834287,1789477370.2830026,5.466280284804726,23.743041089112626,1.6444442710655465,-0.47336839553193544,0.19700578935933288,0.15829630344782109,1.6645707242482914,433
1789477370.2934394,1789477370.2930295,5.458568516644905,23.74628207656361,1.6470425550638732,-0.30127415866585805,0.12802013003446477,0.10236759685390284,1.6692404458116719,433
1789477370.3034394,1789477370.3030288,5.455942867868259,23.747403007220544,1.6479378681948498,-0.2322509931296013,0.09965043551176889,0.0794963070695478,1.6708245165873499,433
1789477370.313442,1789477370.3130286,5.453926985916247,23.748271876736755,1.648630236800703,-0.17265463141624604,0.07478433840913823,0.059519877745912275,1.672037489452137,433
1789477370.3234687,1789477370.3230288,5.4524480774118445,23.748915262805152,1.6491417358553173,-0.12285249421327471,0.05370460876755301,0.04264352255862747,1.6729248247256576,433
1789477370.3335936,1789477370.3330657,5.451432091126506,23.74936123587518,1.6494954794156698,-0.0833127671919911,0.036740607927076674,0.029107488803783887,1.6735325931984755,433
1789477370.3435366,1789477370.3430667,5.450756392753796,23.74966040857705,1.649732248272003,-0.05233205526465223,0.02327739941368101,0.018399627375559113,1.6739355576118822,433
1789477370.353746,1789477370.3530295,5.450353469625306,23.749840303019923,1.6498743029379437,-0.029977335184847576,0.013443824393104542,0.01060324904387322,1.6741750932870967,433
1789477370.3636997,1789477370.363051,5.4501336338670106,23.749939246083173,1.6499522636244994,-0.01464899813920617,0.00662280076707944,0.005211907057495413,1.6743053718594196,433
1789477370.3737159,1789477370.3730276,5.4500373048852335,23.749982938561338,1.6499866168102866,-0.005699541135705033,0.0025965309833511085,0.0020390147075151077,1.6743622786836867,433
1789477370.3842657,1789477370.3830523,5.450005203981958,23.749997605746824,1.6499981251188365,-0.0013181331320417655,0.0006050564342210407,0.00047411947935227516,1.6743811846881074,433
1789477370.3945937,1789477370.3930538,5.450000089172969,23.749999958736602,1.6499999677416368,-6.323318130085909e-05,2.9236754709671686e-05,2.286169166332286e-05,1.6743841883904107,433
1789477370.404277,1789477370.4030352,5.4499999999999975,23.75,1.6499999999999992,3.552713678800501e-15,-7.105427357601002e-15,-9.769962616701378e-15,1.6743842406265417,433
1789477370.4138117,1789477370.4130373,5.4499999999999975,23.75,1.6499999999999992,3.552713678800501e-15,-7.105427357601002e-15,-9.769962616701378e-15,1.6743842406265417,433
1789477370.4235194,1789477370.4230282,5.4499999999999975,23.75,1.6499999999999992,3.552713678800501e-15,-7.105427357601002e-15,-9.769962616701378e-15,1.6743842406265417,433
1789477370.4335032,1789477370.433039,5.4499999999999975,23.75,1.6499999999999992,3.552713678800501e-15,-7.105427357601002e-15,-9.769962616701378e-15,1.6743842406265417,433
1789477370.443452,1789477370.443034,5.4499999999999975,23.75,1.6499999999999992,3.552713678800501e-15,-7.105427357601002e-15,-9.769962616701378e-15,1.6743842406265417,433
1789477370.4534512,1789477370.453028,5.4499999999999975,23.75,1.6499999999999992,3.552713678800501e-15,-7.105427357601002e-15,-9.769962616701378e-15,1.6743842406265417,433
1789477370.4635413,1789477370.4630272,5.4499999999999975,23.75,1.6499999999999992,3.552713678800501e-15,-7.105427357601002e-15,-9.769962616701378e-15,1.6743842406265417,433
1789477370.4735653,1789477370.4730253,5.4499999999999975,23.75,1.6499999999999992,3.552713678800501e-15,-7.105427357601002e-15,-9.769962616701378e-15,1.6743842406265417,433
1789477370.483467,1789477370.483026,5.4499999999999975,23.75,1.6499999999999992,3.552713678800501e-15,-7.105427357601002e-15,-9.769962616701378e-15,1.6743842406265417,433
1789477370.493436,1789477370.4930296,5.4499999999999975,23.75,1.6499999999999992,3.552713678800501e-15,-7.105427357601002e-15,-9.769962616701378e-15,1.6743842406265417,433
1789477370.5034447,1789477370.5030196,5.4499999999999975,23.75,1.6499999999999992,3.552713678800501e-15,-7.105427357601002e-15,-9.769962616701378e-15,1.6743842406265417,433
1789477370.5134122,1789477370.5130224,5.4499999999999975,23.75,1.6499999999999992,3.552713678800501e-15,-7.105427357601002e-15,-9.769962616701378e-15,1.6743842406265417,433
1789477370.5233583,1789477370.5230753,5.4499999999999975,23.75,1.6499999999999992,3.552713678800501e-15,-7.105427357601002e-15,-9.769962616701378e-15,1.6743842406265417,433
1789477370.533424,1789477370.5330217,5.4499999999999975,23.75,1.6499999999999992,3.552713678800501e-15,-7.105427357601002e-15,-9.769962616701378e-15,1.6743842406265417,433
1789477370.5434804,1789477370.5430324,5.4499999999999975,23.75,1.6499999999999992,3.552713678800501e-15,-7.105427357601002e-15,-9.769962616701378e-15,1.6743842406265417,433
1789477370.5537527,1789477370.5529935,5.4000432975797175,23.769238212963227,1.609229799816169,-0.6427810321299372,-0.13817968640755315,-0.39294090466775267,1.7060769987823847,433
1789477370.5634902,1789477370.5630023,5.392961001554583,23.767736880793773,1.604927626615902,-0.7628379771545012,-0.15953483551664688,-0.4605816725600503,1.7128699806506607,433
1789477370.5734923,1789477370.5730536,5.392961001554583,23.767736880793773,1.604927626615902,-0.7628379771545012,-0.15953483551664688,-0.4605816725600503,1.7128699806506607,433
1789477370.5835977,1789477370.5830336,5.375224082731381,23.764138413415505,1.5943616143437835,-1.0276340162122473,-0.20254957212910585,-0.604515435139157,1.72980573354614,433
1789477370.5937018,1789477370.5930336,5.364107674100573,23.76198348034464,1.5878688319467111,-1.1753678480080785,-0.224155361098923,-0.6817463785830131,1.7403737079946473,433
1789477370.6037147,1789477370.603015,5.35160129382689,23.75963977308601,1.580668043449607,-1.3294300688247889,-0.24487021572678058,-0.7599572066821209,1.7522269461198352,433
1789477370.613982,1789477370.6130483,5.337466794600017,23.757084643184523,1.5726503067798419,-1.491213493113352,-0.2646128291033087,-0.8395137365715776,1.7655823358630953,433
1789477370.6238453,1789477370.6230273,5.321184453569138,23.75425444480457,1.563559639925073,-1.664481988267624,-0.283437523948154,-0.92175181811602,1.7809189927647924,433
1789477370.6337595,1789477370.633036,5.303938277316413,23.751379178051028,1.5540880220779827,-1.8354796914793425,-0.2996086902207082,-0.9998377864560558,1.7971127903248192,433
1789477370.6437528,1789477370.6430304,5.2848023085051,23.74832650954904,1.5437550343201984,-2.01270261402829,-0.31376777769046105,-1.0774482324212027,1.8150256597211218,433
1789477370.6537495,1789477370.6530452,5.263811397774535,23.74513457500326,1.5326210719940638,-2.194382995580042,-0.3254314073507461,-1.1533766058714523,1.8346136864068774,433
1789477370.6636636,1789477370.663017,5.241341823039584,23.741889644404772,1.5209227249238293,-2.3763407895997792,-0.3340901007250876,-1.22557300132586,1.8555163807563695,433
1789477370.6736832,1789477370.6730275,5.241341823039584,23.741889644404772,1.5209227249238293,-2.3763407895997792,-0.3340901007250876,-1.22557300132586,1.8555163807563695,433
1789477370.683674,1789477370.6830199,5.189510966127137,23.735039036345757,1.4947489578471953,-2.7558916461959884,-0.3417062166757461,-1.362892778374108,1.903502212675589,433
1789477370.693541,1789477370.693031,5.161042919354534,23.73163235165022,1.4808274678314537,-2.9446592629648642,-0.33979431845925334,-1.4239538715625786,1.9297343940854488,433
1789477370.7035456,1789477370.7030306,5.131311847478272,23.72833139715696,1.4666158103188722,-3.1293086803358676,-0.33391303743339684,-1.4785990944076381,1.9570447320608741,433
1789477370.7133083,1789477370.7130184,5.0991838431519385,23.725050365395457,1.4516227362002085,-3.316167886346782,-0.323604590974652,-1.5283821230101433,1.9864645362353797,433
1789477370.7235205,1789477370.7230272,5.064701192990859,23.72185058872998,1.4359402168835262,-3.503703284603098,-0.30847254553364295,-1.572291481309665,2.0179400987045835,433
1789477370.7333007,1789477370.7330167,5.028683001808285,23.718855643991464,1.4200008991904793,-3.6867357384289177,-0.2886454316979025,-1.6087548845461683,2.0410922044307833,434
1789477370.7435544,1789477370.7430313,4.990775220790856,23.716079142207185,1.40370239704985,-3.866633394282064,-0.26379356614715943,-1.6378221031608442,2.0043664776531136,434
1789477370.7536912,1789477370.7530184,4.951378091426322,23.71359478447093,1.3872727126368252,-4.0410991546435335,-0.23406021226013946,-1.658908786324756,1.966362230272684,434
1789477370.7634614,1789477370.7629995,4.910316985839398,23.711434608836626,1.3706931699710805,-4.210628617966678,-0.19923795609051542,-1.6719263242056688,1.9269344163651392,434
1789477370.773514,1789477370.7730167,4.867496719647495,23.709643114574916,1.3539875971896465,-4.375224818106286,-0.1591424326798393,-1.6766499820672944,1.8860194326893043,434
1789477370.783468,1789477370.7830224,4.867496719647495,23.709643114574916,1.3539875971896465,-4.375224818106286,-0.1591424326798393,-1.6766499820672944,1.8860194326893043,434
1789477370.7938256,1789477370.793027,4.776902963748738,23.707387557710113,1.3205859216739257,-4.686951876584815,-0.06310608494173675,-1.6603155852894098,1.800163567020877,434
1789477370.803632,1789477370.803011,4.72949111448821,23.707031741370866,1.3041475932949376,-4.832407493275033,-0.007493442553338836,-1.6391214057025394,1.7556320841866788,434
1789477370.813485,1789477370.8130257,4.680461716074841,23.707257241114622,1.2878977685624138,-4.97132766905743,0.053428113734791394,-1.6090762577991664,1.7098866766209908,434
1789477370.8237555,1789477370.8230388,4.629871984123056,23.708121826136303,1.271928088774084,-5.103312999706333,0.11959198779495428,-1.5701354794673774,1.6630259270552665,434
1789477370.833614,1789477370.8330045,4.577988221377898,23.70967553210903,1.256390890916788,-5.227550029426921,0.190605301866128,-1.5225249478333773,1.6153437837484241,434
1789477370.843542,1789477370.843028,4.524862145841323,23.711967625396227,1.241365137680475,-5.343903524689294,0.26630694800968735,-1.4664053051530956,1.5669372021814554,434
1789477370.8537078,1789477370.8530269,4.470403255771859,23.715055815304282,1.226892444951889,-5.452553067345645,0.346721000848087,-1.4018088197304879,1.5177797325278974,434
1789477370.8635705,1789477370.8630006,4.415984541537072,23.718891511313647,1.2133740124516272,-5.551100697141118,0.42960659854721284,-1.330746613393659,1.4691556980444624,434
1789477370.8734672,1789477370.8730218,4.415984541537072,23.718891511313647,1.2133740124516272,-5.551100697141118,0.42960659854721284,-1.330746613393659,1.4691556980444624,434
1789477370.8835402,1789477370.8830261,4.302605611920366,23.729305379786013,1.1882554981761702,-5.727059111553755,0.6091167009245662,-1.1643481308812031,1.3695858354988881,434
1789477370.8934536,1789477370.893022,4.245589697150515,23.735787524612896,1.1771892059518239,-5.801860967456764,0.7022259294734559,-1.0725415527166895,1.320480982409732,434
1789477370.9034703,1789477370.9030287,4.187811469535894,23.743212090652204,1.1670502933303333,-5.86914870580867,0.7980811042697669,-0.9747718052642487,1.2714410937050675,434
1789477370.9135582,1789477370.913025,4.128067839904881,23.751799262113543,1.1577099216795148,-5.930331839131206,0.8984376154912264,-0.8692956325759216,1.2215517369929207,434
1789477370.9235291,1789477370.9229968,4.068816891752094,23.76123306624977,1.1495993210368414,-5.9831797930223,0.9988587626996974,-0.760919102731334,1.1729561619124227,434
1789477370.933639,1789477370.9330015,4.008880724803336,23.7717082747555,1.142566544373117,-6.029291508163553,1.1009809144679288,-0.6481039750465598,1.1247590939019276,434
1789477370.9436684,1789477370.9430358,3.948413331873945,23.783228032645678,1.136667871304923,-6.068902128103172,1.2041817931749659,-0.5316855055156768,1.0771867192069449,434
1789477370.9537208,1789477370.95303,3.887553661788815,23.795787689821157,1.13194500155756,-6.102335892793548,1.3078379669157503,-0.41252536191301736,1.030452300352687,434
1789477370.9636328,1789477370.9629931,3.826568626469581,23.809342425114256,1.1284325935897137,-6.129930755891458,1.411090914549078,-0.2917808548458929,0.984861302798302,434
1789477370.973495,1789477370.9730203,3.826568626469581,23.809342425114256,1.1284325935897137,-6.129930755891458,1.411090914549078,-0.2917808548458929,0.984861302798302,434
1789477370.9835532,1789477370.9830556,3.702944360981542,23.839774958161215,1.1250395028108489,-6.1700099968110145,1.6168099265739744,-0.04562966681062938,0.8966306392452155,434
1789477370.9934847,1789477370.9930265,3.6408123104170134,23.856545963514357,1.125199943544779,-6.1832703775274656,1.7175101679499412,0.07740265012473284,0.8546101088112215,434
1789477371.003447,1789477371.0030205,3.579908720549767,23.87392580628896,1.1265498471763826,-6.192522856596581,1.8138935762892938,0.19666946730169618,0.8150683933681719,434
1789477371.0136654,1789477371.013003,3.517966556159035,23.892538409528367,1.1291141282275274,-6.198668498804807,1.9091138978683615,0.31594567286117403,0.776635972415268,434
1789477371.023509,1789477371.022994,3.4558928856900657,23.91211452745115,1.1328642444613546,-6.202059667826535,2.0012457093455196,0.4327586016664519,0.740039321817664,434
1789477371.0335078,1789477371.033039,3.3936726912657504,23.93263662953294,1.1377785806905403,-6.20320883113778,2.0898337332962242,0.5464558147295764,0.7053969873828703,434
1789477371.0434883,1789477371.043032,3.3310419395017306,23.954169700465272,1.1438569192233667,-6.202615689531265,2.174745090165575,0.6568203991312949,0.672704121605056,434
1789477371.0533938,1789477371.0530221,3.2685184891831636,23.97650213452796,1.1510145054675143,-6.200784084390707,2.2547945677144843,0.7622779645377021,0.6423583699140645,434
1789477371.0636213,1789477371.06303,3.2072338657294885,23.999158862154427,1.1590397524057428,-6.198263679349367,2.3282592488335276,0.8604892682350622,0.6149374734015713,434
1789477371.0735683,1789477371.0730262,3.1448561876150336,24.0229487135662,1.1681805599148547,-6.195425277726819,2.3975353532806953,0.9546528230501758,0.5894853984163402,434
1789477371.0834324,1789477371.082995,3.1448561876150336,24.0229487135662,1.1681805599148547,-6.195425277726819,2.3975353532806953,0.9546528230501758,0.5894853984163402,434
1789477371.093574,1789477371.0930154,3.0217929844495606,24.071813803285497,1.188851099082004,-6.190721831390656,2.5164036037002515,1.1212855948696914,0.5468655515685685,434
1789477371.103511,1789477371.1030207,2.95955594328043,24.097373691993297,1.2005016971504356,-6.189592168113884,2.5668054162812455,1.1949987182988626,0.5292787188985661,434
1789477371.113478,1789477371.1130188,2.897703174560135,24.12324566982022,1.212778229759682,-6.189777015060064,2.6100067226133032,1.2607323307751306,0.5145006264868859,434
1789477371.1234825,1789477371.1230204,2.836062153154559,24.149419280220926,1.225625776339293,-6.191569005768954,2.6459554692432206,1.3184833277580865,0.502473336419553,434
1789477371.133461,1789477371.1330204,2.774159297354794,24.17601600490063,1.2390608063345505,-6.195256576722776,2.6746870559573557,1.3684565597994638,0.49311067895191235,434
1789477371.1434903,1789477371.1430295,2.71141371331533,24.203208077449506,1.2531355236226214,-6.201162198808679,2.6960796400219436,1.4107415688598275,0.4863803838485698,434
1789477371.153651,1789477371.1530352,2.6493780836455225,24.23023567349173,1.267413616412766,-6.20933656135957,2.7094357187058544,1.4441775574110909,0.48242010786631456,434
1789477371.163531,1789477371.1630294,2.587132759673237,24.257408175993852,1.2820118077628773,-6.220015723640294,2.714954019310516,1.4693493696647837,0.4810812254148042,434
1789477371.17351,1789477371.1730049,2.5251821328104183,24.284415751069048,1.2967216332654892,-6.233202145108726,2.7125645475954343,1.486133683868236,0.4822942007008599,434
1789477371.183487,1789477371.1830335,2.5251821328104183,24.284415751069048,1.2967216332654892,-6.233202145108726,2.7125645475954343,1.486133683868236,0.4822942007008599,434
1789477371.193452,1789477371.193024,2.399851801423727,24.338578727232164,1.3266725900009497,-6.267822039471871,2.683780151226784,1.4955015215466647,0.492125924886233,434
1789477371.2034502,1789477371.20302,2.3378610958845063,24.364957066731595,1.341410743245329,-6.288825667634091,2.657868121841607,1.4884618219519872,0.5004143281750937,434
1789477371.2134356,1789477371.2130187,2.273781051171156,24.39181856991489,1.3564792430742236,-6.313121566410016,2.623168770166805,1.4735233295637806,0.511190239511599,434
1789477371.2234335,1789477371.2230256,2.2104911161119802,24.417858669082026,1.3711170737000011,-6.3395537484871065,2.5812171081208053,1.451546803193741,0.5238966444854414,434
1789477371.2334626,1789477371.2330358,2.147448580950093,24.443232631108582,1.3853834491055743,-6.368106176941736,2.5321003696625697,1.4229937118085438,0.5384495740277695,434
1789477371.243433,1789477371.2430255,2.0835123496661887,24.468314819193186,1.3994648897347275,-6.399105635843803,2.4751197019329902,1.387771986631398,0.5549962466405576,434
1789477371.2536898,1789477371.253036,2.0194779469601802,24.492706614774832,1.4131167537373062,-6.4319528232427325,2.4111592566267612,1.3467459318222976,0.5732272065178015,434
1789477371.2634907,1789477371.2630255,1.9556435144107105,24.516231086071738,1.426223800796006,-6.466199990825755,2.340905435832741,1.300721241041709,0.5929126469656489,434
1789477371.2734823,1789477371.2730198,1.8908243257886241,24.539250021659925,1.4389738967196,-6.502187229674005,2.2633409922778,1.2493858399302575,0.6143076025107139,434
1789477371.283623,1789477371.2830284,1.8246745769144346,24.561783210170695,1.4513649278439442,-6.5398110985460916,2.1781630839399617,1.1928980349761715,0.6374652737577153,434
1789477371.2936218,1789477371.2930257,1.7596006783946556,24.58295686158156,1.4629112956824482,-6.577333880716973,2.088894250162662,1.1339673737731562,0.6614243507600903,434
1789477371.3037672,1789477371.3030305,1.694176131667753,24.603209944471164,1.4738535928022387,-6.615182885644969,1.9941381891653922,1.0720326114193082,0.6865736502756603,434
1789477371.313642,1789477371.3130271,1.6281524630434305,24.62256110043919,1.484203020974427,-6.653104735929129,1.8939063546450776,1.0074710187013642,0.7129240190794444,434
1789477371.3235602,1789477371.3229904,1.5607005444634183,24.64117212587426,1.4940485006277242,-6.691140224541983,1.7872302610559718,0.9400585237019865,0.7407495478076664,434
1789477371.3335257,1789477371.3330202,1.4940618980126572,24.658384371263555,1.5030512290445595,-6.727594629508389,1.678095371967332,0.8726677428460238,0.769047285593186,434
1789477371.3434784,1789477371.3430245,1.4259178607755432,24.67475912513492,1.5115181918164138,-6.763285785720549,1.5631553819469282,0.8035828945576133,0.7987315388317517,434
1789477371.353599,1789477371.35303,1.3591140717333277,24.689594753979332,1.5191041028823162,-6.796300662857223,1.4476854000748172,0.736276478822061,0.8284946228321344,434
1789477371.363489,1789477371.3630588,1.290537067882218,24.703561910150043,1.5261724609270664,-6.827734126421394,1.3267694618835775,0.6681834246124402,0.8596665750038337,434
1789477371.3735855,1789477371.3730183,1.221956432518185,24.716246444594404,1.532534936658653,-6.856258255864064,1.2039196131179517,0.6016298493229854,0.8914120258793168,434
1789477371.3834867,1789477371.383024,1.221956432518185,24.716246444594404,1.532534936658653,-6.856258255864064,1.2039196131179517,0.6016298493229854,0.8914120258793168,434
1789477371.3934388,1789477371.3930168,1.084111779896656,24.737861267613155,1.5432981940196362,-6.903122843714198,0.9530577108522359,0.4744481844787911,0.9567668369040256,434
1789477371.4034286,1789477371.4030185,1.0145075061617363,24.746816188862955,1.547771870714658,-6.920083968681072,0.8255322678017141,0.4148276561757545,0.9904796917447585,434
1789477371.4134114,1789477371.4130192,0.9462426974595045,24.75434515676763,1.5515996836273025,-6.926858781395202,0.702433440160892,0.3632119922786318,1.0239825919095966,434
1789477371.423512,1789477371.4230294,0.8757733437467846,24.76086657106226,1.5550702238336394,-6.917576852562737,0.5800627481801504,0.320847602801768,1.0590373933297341,434
1789477371.4334905,1789477371.4330175,0.8072252244333668,24.766060016416677,1.5581028863585367,-6.888645496507642,0.46747086215823197,0.29231249039361407,1.0936266028398762,434
1789477371.4435477,1789477371.4429944,0.7390993608060946,24.77017400738517,1.5609170407863442,-6.837872495796063,0.363141667025212,0.277060234027404,1.1285211035761549,434
1789477371.4536626,1789477371.4530103,0.6710671760884935,24.773318507117725,1.5636652208303627,-6.763759252643157,0.2673374373690047,0.2746033517306622,1.1639242657328714,434
1789477371.4634824,1789477371.4630084,0.6031355449972735,24.775574880536254,1.5664801654334866,-6.665695171550334,0.18057943382871794,0.28384431099718793,1.199869551327109,434
1789477371.4734108,1789477371.4730113,0.5377099821039353,24.776983881584165,1.5693744791737205,-6.548413356054387,0.10573246731958974,0.302209263596725,1.2350842200328733,434
1789477371.4833364,1789477371.4830093,0.4726251472619267,24.777706703218552,1.5725327593323533,-6.409842862724184,0.03988315397182729,0.3276583099702196,1.2707242828306264,434
1789477371.493268,1789477371.493009,0.4084201921243349,24.777816188563797,1.5760033887780396,-6.252412206893084,-0.016665818582389868,0.35736873814307,1.3065019207768258,434
1789477371.5035033,1789477371.5030105,0.3471997116895338,24.77741419741682,1.579699089110026,-6.083998833528385,-0.06290515685105821,0.38738056368895907,1.3412085739862527,434
1789477371.5134344,1789477371.512976,0.2884074192346863,24.776607145785206,1.5836360800361025,-5.9064460147366535,-0.10041865766514774,0.4151183862065185,1.3750972680937665,434
1789477371.5234458,1789477371.5230126,0.22993771660529108,24.775435578714948,1.5879370629418768,-5.715616548183181,-0.13125762216240727,0.43887056362912047,1.4093543963145332,434
1789477371.5334325,1789477371.5330122,0.17382944032331285,24.774000628312674,1.592408733834003,-5.520293479502291,-0.15505877106880894,0.45528523542349403,1.4427565304897985,434
1789477371.5434294,1789477371.5430079,0.11954577210967116,24.772353507117757,1.5970124963327539,-5.321099056008387,-0.17299459344308565,0.46250582199042367,1.4755715006331442,434
1789477371.5536702,1789477371.5530186,0.06665978873439779,24.770530916766702,1.601689480385403,-5.118455681148995,-0.18598979065469431,0.45875639652293715,1.5080179413956682,434
1789477371.563749,1789477371.5630164,0.017074435399992923,24.768648707654776,1.606154595447642,-4.921682386612068,-0.19449334023056636,0.44332819640303134,1.538868908379205,434
1789477371.5736637,1789477371.573012,-0.03107964661766322,24.76667846066991,1.610451765691086,-4.725023058049343,-0.19967466469233017,0.4154018142705177,1.5692281197824167,434
1789477371.583477,1789477371.5830085,-0.03107964661766322,24.76667846066991,1.610451765691086,-4.725023058049343,-0.19967466469233017,0.4154018142705177,1.5692281197824167,434
1789477371.593496,1789477371.5930085,-0.1219988672234078,24.762630235809834,1.6179342083549288,-4.3401862480896805,-0.20240366894923817,0.3225337414258307,1.6276171781471827,434
1789477371.6035163,1789477371.6030145,-0.16443804244667004,24.760613249912595,1.6208517161371996,-4.154374470046296,-0.20104639446813255,0.2597397918054014,1.6553456900246335,434
1789477371.6137192,1789477371.613013,-0.20480410237638308,24.758628026737867,1.62308422901911,-3.97326751552108,-0.19847189463998494,0.1884229388260228,1.6819950827625458,434
1789477371.623569,1789477371.6230128,-0.24362437364771705,24.756660955018123,1.6245794452224798,-3.7940002919874574,-0.19494729065659033,0.10976781195737573,1.7078730787709921,434
1789477371.633522,1789477371.6330156,-0.28067240051909637,24.754732451781905,1.6252638633912087,-3.6167485310745393,-0.19069027329013455,0.026599695282477853,1.7327929182407544,434
1789477371.6435354,1789477371.643025,-0.3161743520006501,24.752837716970898,1.6251015076958986,-3.4392889514961302,-0.18579007973159722,-0.05894107192441607,1.7568726107016892,434
1789477371.6534777,1789477371.6530168,-0.3496629054747997,24.75100771013574,1.624090919788024,-3.2627484609937207,-0.18036465064054136,-0.1429155946282408,1.7797612236218865,434
1789477371.663621,1789477371.663016,-0.3813667048502758,24.749235472036958,1.6222586065724542,-3.0847878362179446,-0.1743867073315664,-0.22311079954438454,1.8015816828444733,434
1789477371.673567,1789477371.6730168,-0.4113841451379459,24.747519868687597,1.619644342829937,-2.9036395316103536,-0.16780046155966064,-0.29719968156287285,1.8223733059403868,434
1789477371.6834702,1789477371.6830177,-0.4113841451379459,24.747519868687597,1.619644342829937,-2.9036395316103536,-0.16780046155966064,-0.29719968156287285,1.8223733059403868,434
1789477371.6934597,1789477371.6930163,-0.4655408309377649,24.744323485622566,1.612469377792087,-2.533383556425541,-0.1528039234725721,-0.41637717212252584,1.8601955579565177,434
1789477371.703806,1789477371.7030263,-0.4899431929529774,24.742836190621095,1.6080788693440076,-2.341459871198461,-0.1442327077450222,-0.4586691764702991,1.877362371016208,434
1789477371.7135057,1789477371.7130206,-0.5123216271372232,24.7414435454333,1.6033505006170747,-2.1467501495263153,-0.13499343400369962,-0.48748927835140676,1.8931699284965122,434
1789477371.7234545,1789477371.7230062,-0.5327961078697073,24.74014308756026,1.5983900318208846,-1.948753694291164,-0.1250511139735776,-0.5025094431319533,1.9076844399614823,434
1789477371.7335098,1789477371.7330303,-0.5512717575727846,24.738945869901748,1.5933520809182637,-1.7493339843447928,-0.11449671231596185,-0.5036395134918117,1.9208225418436877,434
1789477371.7435086,1789477371.743023,-0.5677749393232001,24.737855392951403,1.5883634310858785,-1.5497523661037038,-0.10340822804807626,-0.4914149003993316,1.9325888490590988,434
1789477371.75363,1789477371.7530205,-0.5822833956965286,24.73687835964382,1.5835620100300487,-1.352418627515087,-0.09194395726323946,-0.466917656345172,1.9429555015744973,434
1789477371.7635329,1789477371.7630153,-0.5948173767684285,24.73601865474058,1.579068645077719,-1.1599500137745082,-0.08029555623827765,-0.4317837539908223,1.9519269933482264,434
1789477371.7735138,1789477371.7729845,-0.6055627198422654,24.735268396820754,1.574931579850733,-0.9727246465877869,-0.06853043667139347,-0.38747640197485045,1.9596285925670014,434
1789477371.7834935,1789477371.7830186,-0.6144373719531966,24.73463799846235,1.5712891866200445,-0.796230794913263,-0.0570504066183241,-0.3369146395542364,1.965995572419666,434
1789477371.7934737,1789477371.7930133,-0.621523607385463,24.734126305708916,1.5682105704812248,-0.6344615661809572,-0.04619335159085501,-0.2832545175964251,1.9710826064913773,434
1789477371.8036132,1789477371.8030164,-0.6271314708431349,24.733714943769815,1.5656463920555213,-0.48627791056462544,-0.03595884639192059,-0.22798591034215004,1.975109556909681,434
1789477371.8135095,1789477371.8130167,-0.6313189240754553,24.73340309365753,1.5636408455057145,-0.3567220159930279,-0.026771769423658665,-0.17477303806038558,1.97811658643876,434
1789477371.8234713,1789477371.8230138,-0.6343378730309664,24.733174982490734,1.5621328436495816,-0.2457074936551047,-0.018706119069179544,-0.12534647391339604,1.9802840276591083,434
1789477371.83353,1789477371.8330152,-0.6363421314110684,24.733021418174857,1.561092516847844,-0.15624457366203348,-0.01205885801880105,-0.08268807370344788,1.9817223673151771,434
1789477371.843471,1789477371.843019,-0.6375441825381266,24.732928094765246,1.5604465502775489,-0.08932890841795538,-0.006983844253053928,-0.04886535644992396,1.9825845133514737,434
1789477371.8535855,1789477371.8530178,-0.6381877425662313,24.732877502449657,1.5600896588628483,-0.04278773602231878,-0.003386964553682148,-0.02413100892653608,1.9830457793833596,434
1789477371.8636363,1789477371.86302,-0.6384614798986834,24.732855726467882,1.559933445063264,-0.015285219901390423,-0.0012242533611552253,-0.00886321460962991,1.9832418325140584,434
1789477371.8735218,1789477371.8730142,-0.6385413278146828,24.73284930377591,1.5598866889654603,-0.0026954634625209195,-0.00021838055651102195,-0.0016042687254511634,1.983298977065002,434
1789477371.8834703,1789477371.883014,-0.6385497129501257,24.732848622585912,1.5598816682494476,-1.5079847442756034e-05,-1.2351930998022453e-06,-9.193310387622944e-06,1.9833049737801114,434
1789477371.893491,1789477371.8930066,-0.6385497209752098,24.732848621928284,1.5598816633522856,-2.6645352591003757e-15,-1.5543122344752192e-15,-8.881784197001252e-16,1.9833049795156887,434
1789477371.903605,1789477371.9030123,-0.6385497209752098,24.732848621928284,1.5598816633522856,-2.6645352591003757e-15,-1.5543122344752192e-15,-8.881784197001252e-16,1.9833049795156887,434
1789477371.913519,1789477371.9130127,-0.6385497209752098,24.732848621928284,1.5598816633522856,-2.6645352591003757e-15,-1.5543122344752192e-15,-8.881784197001252e-16,1.9833049795156887,434
1789477371.923396,1789477371.9230223,-0.6385497209752098,24.732848621928284,1.5598816633522856,-2.6645352591003757e-15,-1.5543122344752192e-15,-8.881784197001252e-16,1.9833049795156887,434
1789477371.933473,1789477371.9330187,-0.6385497209752098,24.732848621928284,1.5598816633522856,-2.6645352591003757e-15,-1.5543122344752192e-15,-8.881784197001252e-16,1.9833049795156887,434
1789477371.9435148,1789477371.943029,-0.6385497209752098,24.732848621928284,1.5598816633522856,-2.6645352591003757e-15,-1.5543122344752192e-15,-8.881784197001252e-16,1.9833049795156887,434
1789477371.953579,1789477371.9530253,-0.6385497209752098,24.732848621928284,1.5598816633522856,-2.6645352591003757e-15,-1.5543122344752192e-15,-8.881784197001252e-16,1.9833049795156887,434
1789477371.9635777,1789477371.9630136,-0.6385497209752098,24.732848621928284,1.5598816633522856,-2.6645352591003757e-15,-1.5543122344752192e-15,-8.881784197001252e-16,1.9833049795156887,434
1789477371.9735513,1789477371.973007,-0.6385497209752098,24.732848621928284,1.5598816633522856,-2.6645352591003757e-15,-1.5543122344752192e-15,-8.881784197001252e-16,1.9833049795156887,434
1789477371.9835346,1789477371.9830236,-0.6385497209752098,24.732848621928284,1.5598816633522856,-2.6645352591003757e-15,-1.5543122344752192e-15,-8.881784197001252e-16,1.9833049795156887,434
1789477371.9934065,1789477371.9930036,-0.6385497209752098,24.732848621928284,1.5598816633522856,-2.6645352591003757e-15,-1.5543122344752192e-15,-8.881784197001252e-16,1.9833049795156887,434
1789477372.0035071,1789477372.0030115,-0.6385497209752098,24.732848621928284,1.5598816633522856,-2.6645352591003757e-15,-1.5543122344752192e-15,-8.881784197001252e-16,1.9833049795156887,434
1789477372.0134523,1789477372.0130105,-0.6385497209752098,24.732848621928284,1.5598816633522856,-2.6645352591003757e-15,-1.5543122344752192e-15,-8.881784197001252e-16,1.9833049795156887,434
1789477372.0236058,1789477372.023036,-0.6363591622303763,24.73409269974821,1.5756506221269553,-0.3502280454128148,0.26322602247032373,0.02276897399173641,1.9824229677770744,434
1789477372.0335474,1789477372.0330355,-0.6402624680241259,24.73698508283728,1.5759106051322365,-0.43048763603346807,0.3147145811376342,0.029313318522305606,1.9872726154832068,434
1789477372.043599,1789477372.0430362,-0.6449995782021956,24.74039735233732,1.5762406642022646,-0.5191963090749746,0.3687165858538997,0.03694606601606307,1.9930953839740255,434
1789477372.053667,1789477372.0530076,-0.6506769971502236,24.744367056780437,1.5766536181657786,-0.6165077297975269,0.4246427983713675,0.04575888688040944,1.9999971105957084,434
1789477372.0635035,1789477372.063003,-0.6574348990417408,24.74894565446755,1.577165886673159,-0.7229241923684306,0.4820127916202842,0.055881128327756505,2.008118438663371,434
1789477372.0737348,1789477372.073024,-0.665143280679727,24.75399847759062,1.5777735789715355,-0.8348952252234761,0.5382512129258753,0.06703915696331122,2.017273427066363,434
1789477372.084224,1789477372.0830176,-0.6741412174267349,24.759694529069055,1.5785099956557718,-0.9558448141175462,0.5943649754329204,0.07963790718515057,2.027830914858135,434
1789477372.093857,1789477372.0930147,-0.6843879755198694,24.76594446400745,1.5793793926622794,-1.0835622921547978,0.6484795247332001,0.09351963808890455,2.0397028136267323,434
1789477372.10353,1789477372.1030123,-0.6957501695299801,24.772609084872236,1.5803769068161448,-1.2152535544944971,0.6987950973878025,0.1084195297178562,2.052698135010801,434
1789477372.113338,1789477372.1130066,-0.708615625138807,24.779848719139512,1.5815437790394362,-1.354183980016776,0.7458456692814012,0.12474866903231148,2.067218342723243,434
1789477372.1233823,1789477372.1230037,-0.7228159401480825,24.787492730152046,1.5828725046115677,-1.4972426535746044,0.7877801718469148,0.14218331364592138,2.083026086065428,434
1789477372.1333947,1789477372.1330023,-0.7388744554837768,24.795732545397932,1.5844208703811618,-1.648261184908408,0.8247779989887914,0.16123478327951177,2.1006480540766796,434
1789477372.143422,1789477372.1430147,-0.755738314684144,24.803956198339264,1.5860935153921714,-1.7965526922782336,0.853694605104533,0.180553819646309,2.118885171944343,434
1789477372.1536696,1789477372.153014,-0.7747132024629841,24.81271788443089,1.5880265693148603,-1.9527382257262873,0.875994223639533,0.20151899135678958,2.1390996794379795,434
1789477372.1634448,1789477372.1630082,-0.794767541130698,24.82144629740461,1.5901222132879462,-2.10730824744335,0.889553853075516,0.22285242922727583,2.14115249258525,435
1789477372.173509,1789477372.1730113,-0.8167853311221955,24.830435071215295,1.5924788149202458,-2.266307770300232,0.894321675654664,0.245361115334202,2.117987641756377,435
1789477372.1834426,1789477372.1830087,-0.8167853311221955,24.830435071215295,1.5924788149202458,-2.266307770300232,0.894321675654664,0.245361115334202,2.117987641756377,435
1789477372.1933959,1789477372.1929803,-0.865399231581869,24.848227128164385,1.597860203839646,-2.5844380328463243,0.8741383788093642,0.2919136865245546,2.0671893501049583,435
1789477372.2034416,1789477372.2030096,-0.891905654287837,24.85680817470531,1.6008831355741135,-2.7418419447563385,0.8484161833004081,0.3155781337637726,2.0396763526700594,435
1789477372.2135355,1789477372.2129798,-0.9204105628774125,24.865201454852453,1.604193654450858,-2.9003571714400733,0.8111020639353494,0.33973672078003636,2.0102226538082144,435
1789477372.2235456,1789477372.2230144,-0.9496709803549588,24.872950427978996,1.6076485495995092,-3.052723969705619,0.7636886899120425,0.36318392626488916,1.98012441750445,435
1789477372.2333438,1789477372.2330089,-0.9812521028732626,24.880362056235782,1.6114335289057413,-3.2066188716062474,0.7034313193183688,0.3869891906258941,1.9477859467004246,435
1789477372.2434764,1789477372.243021,-1.013692261990846,24.886978223747093,1.6153735376316039,-3.354400869883765,0.6329033913706712,0.40984792026724565,1.9147195853509482,435
1789477372.2534702,1789477372.2530148,-1.0481098482537505,24.8929246877016,1.6196022181758558,-3.500848787448817,0.5496732924450562,0.4323579884743758,1.8797993489516813,435
1789477372.2636037,1789477372.2630181,-1.0836031109591373,24.897930377755028,1.6240057466841222,-3.64171485589914,0.4558805970346631,0.4537112767784957,1.8439568266839566,435
1789477372.2734876,1789477372.2730088,-1.0836031109591373,24.897930377755028,1.6240057466841222,-3.64171485589914,0.4558805970346631,0.4537112767784957,1.8439568266839566,435
1789477372.283385,1789477372.2830095,-1.1593098332866658,24.904907445063174,1.6334999051884167,-3.9115622597781954,0.2331926972663685,0.4929923358423874,1.7680638897362968,435
1789477372.2934437,1789477372.2930102,-1.1989608919683534,24.906609282677316,1.6385044003653315,-4.038016191476348,0.10633549850001511,0.5101693556368851,1.7286160537482562,435
1789477372.303578,1789477372.3030152,-1.2404460893728295,24.906990951786092,1.6437468152475123,-4.160476627832379,-0.032562609386609154,0.5256369100210309,1.687566735969956,435
1789477372.3134565,1789477372.3130074,-1.2820498286811735,24.905963400991368,1.648997360699531,-4.273916962419356,-0.17725340843915038,0.5385665601194963,1.64663419852319,435
1789477372.3233964,1789477372.3229787,-1.3253736831989635,24.903418378946746,1.654443065233694,-4.382779614974023,-0.33273300723233756,0.5492664920238874,1.604266580257454,435
1789477372.333443,1789477372.3330228,-1.3696927574435305,24.89928367708915,1.659974923730355,-4.485027853672006,-0.4959330438929248,0.5572731503082979,1.56120925826548,435
1789477372.343454,1789477372.3430173,-1.4150313781659745,24.893477431548472,1.6655761681533952,-4.580726853155726,-0.6663075797328624,0.5623629353972119,1.5174744914893852,435
1789477372.3535652,1789477372.3530178,-1.4612857312130396,24.885937268784783,1.6712117740554853,-4.669687911280796,-0.8427708069526201,0.5642947758201051,1.473203904453079,435
1789477372.3635547,1789477372.3630104,-1.5085487205549764,24.876573261388618,1.676868091629887,-4.752124522016633,-1.024922756100656,0.5628354838372958,1.4283573326624914,435
1789477372.3734303,1789477372.3729782,-1.5569439613552145,24.865275588540655,1.682531036397351,-4.828235476009779,-1.2124287645650185,0.5577121639622238,1.3828776470049347,435
1789477372.3834407,1789477372.3830082,-1.6055104432693361,24.85222909526285,1.6880597927377088,-4.896706892990238,-1.4006771675203424,0.5488470004650594,1.3377253884816458,435
1789477372.3934865,1789477372.3930142,-1.6543361362073536,24.83741869221437,1.6934381009039443,-4.958061201514792,-1.5890961309170102,0.5361451271975364,1.2928708135545905,435
1789477372.403321,1789477372.402983,-1.7043329971323349,24.820526928037708,1.6987323096804945,-5.013605446174396,-1.780237290615137,0.5191763361863839,1.2475534272940108,435
1789477372.4134514,1789477372.4130075,-1.7544428563718508,24.80188167668186,1.7037945846951739,-5.062357095115097,-1.9690561708339516,0.49812869282856154,1.2028166403186802,435
1789477372.4234893,1789477372.4230134,-1.8057798931502056,24.781040931473882,1.7086977718633014,-5.105594945793685,-2.1586819725966677,0.47236288875963783,1.1577633701713848,435
1789477372.433482,1789477372.4330108,-1.8568250468517742,24.758619488159525,1.713258121619369,-5.142313569809874,-2.3424536424565936,0.44253208737560357,1.1138248133133937,435
1789477372.4434063,1789477372.443013,-1.9092685061386463,24.73387160011028,1.7175829826562803,-5.173986838300455,-2.525326207923585,0.4075345724381606,1.0696612235019267,435
1789477372.4536023,1789477372.4530146,-1.9601149464230143,24.708275457444255,1.7213946269188944,-5.199272545086316,-2.695973638323964,0.36943776644654375,1.0278788066720703,435
1789477372.463593,1789477372.463012,-2.0122754402915533,24.680440928686508,1.7248802696278598,-5.220097559090781,-2.8633066348118206,0.3261657062876401,0.9861736899121913,435
1789477372.4734612,1789477372.473006,-2.0122754402915533,24.680440928686508,1.7248802696278598,-5.220097559090781,-2.8633066348118206,0.3261657062876401,0.9861736899121913,435
1789477372.4834616,1789477372.4830134,-2.116956273093354,24.62004340310929,1.7304377269098292,-5.247989423540157,-3.171946956473349,0.22695315832318275,0.9064267603985043,435
1789477372.4936311,1789477372.4930303,-2.1694321730463035,24.58764687147264,1.7324305128002802,-5.2558464947250805,-3.3112955728109865,0.17131068873942396,0.8686508068026719,435
1789477372.5034676,1789477372.5030093,-2.2220288476260093,24.55387393397631,1.7338497067771927,-5.260186614464487,-3.4395810978607755,0.11184987533708123,0.8324085192804507,435
1789477372.5134387,1789477372.5130074,-2.274650505406728,24.51887930317833,1.7346564825349884,-5.261413366303492,-3.5557674588349957,0.048917975802036266,0.7978800371069363,435
1789477372.5233984,1789477372.523009,-2.3272154450233726,24.482824683967163,1.7348179722567156,-5.259952655029343,-3.658986586317675,-0.01708563696740925,0.7652199281683236,435
1789477372.5335493,1789477372.5330162,-2.379710291543977,24.44583700268216,1.7343065798617303,-5.256237990517678,-3.74862443278293,-0.08578902205290187,0.7345246930937268,435
1789477372.543501,1789477372.543003,-2.43235637626839,24.407880125824203,1.733091381744564,-5.250673503344511,-3.8244607651170917,-0.15709548930506134,0.7057543278088514,435
1789477372.5536525,1789477372.5529916,-2.484894281536158,24.369269628844773,1.731153780897254,-5.243708356181599,-3.8856158370261316,-0.23021622507452322,0.6791248010200854,435
1789477372.5635617,1789477372.563024,-2.537649308786555,24.329902147737254,1.72845978794402,-5.235720939074622,-3.932016616374915,-0.3051182051808452,0.6545338970110046,435
1789477372.573426,1789477372.573009,-2.537649308786555,24.329902147737254,1.72845978794402,-5.235720939074622,-3.932016616374915,-0.3051182051808452,0.6545338970110046,435
1789477372.5835857,1789477372.5830119,-2.642163604399051,24.25071863327523,1.720855098854043,-5.218618790124822,-3.9784045645713886,-0.4557221137213349,0.6123011387359416,435
1789477372.5936983,1789477372.593006,-2.693993296243523,24.211160825494396,1.7159540069984534,-5.210312469864923,-3.978654020871002,-0.5303325087398516,0.5945644172423894,435
1789477372.6033702,1789477372.6030123,-2.7459194630656394,24.171541378794178,1.710295274751324,-5.202627604171287,-3.963751325069511,-0.6041983057913486,0.5788959133804805,435
1789477372.6134872,1789477372.6130083,-2.7979744665796424,24.131993585480526,1.7038813603625704,-5.195941354693122,-3.9337122844743067,-0.6766971568032876,0.5652470925052411,435
1789477372.6234298,1789477372.6230102,-2.849899881867569,24.09287292529386,1.6967625891194082,-5.190649213564524,-3.8889267655826822,-0.7467880549735174,0.5536103042772691,435
1789477372.6332881,1789477372.6329994,-2.9027305089175672,24.05357090774427,1.6888080448826144,-5.187039853072076,-3.8287241221412502,-0.8151714227346581,0.54369809367472,435
1789477372.6433065,1789477372.6430116,-2.9536338283912036,24.016324363865753,1.680494956326236,-5.185669986071964,-3.75923000632031,-0.8783329712348824,0.535879164731079,435
1789477372.6535296,1789477372.65302,-3.006218672227431,23.978608421308603,1.6712685920020443,-5.186875678302072,-3.678776857271611,-0.941117060410366,0.5294781938528244,435
1789477372.6635795,1789477372.6629937,-3.057526470855608,23.942645754885074,1.6616691132462822,-5.190998150033006,-3.594029452715008,-1.0000710810877507,0.5247740207450093,435
1789477372.6734896,1789477372.673009,-3.057526470855608,23.942645754885074,1.6616691132462822,-5.190998150033006,-3.594029452715008,-1.0000710810877507,0.5247740207450093,435
1789477372.6834521,1789477372.6830034,-3.1613906080670144,23.87266601417924,1.640555460195256,-5.209451577363284,-3.4091231561438433,-1.1119659985665586,0.5195158679094924,435
1789477372.6934316,1789477372.6930063,-3.2135470965298705,23.839068372316877,1.629175864312553,-5.224238938701793,-3.3109372117152507,-1.1638264052283949,0.5188307794310572,435
1789477372.7034364,1789477372.7029958,-3.2658633696804484,23.806475035484766,1.6172954367581835,-5.242927811443982,-3.209138755846902,-1.212419038764891,0.5193217263324099,435
1789477372.7134326,1789477372.7129972,-3.318285852501659,23.7749776431052,1.6049713283502152,-5.265538418008503,-3.1036703783225894,-1.2572304607252263,0.5208925907747894,435
1789477372.7234323,1789477372.7230115,-3.3712729043578737,23.744372958473047,1.5921420764891123,-5.292272272304343,-2.993249468930234,-1.2981348029179298,0.5234689170475717,435
1789477372.7333915,1789477372.7329962,-3.4243476012023204,23.71500894673671,1.5789754276333439,-5.322811436738225,-2.878434730199976,-1.3342671770839956,0.5269340407794203,435
1789477372.743383,1789477372.742999,-3.4787915048822793,23.686281602012198,1.5652059316925087,-5.357818439558698,-2.7559019271042873,-1.3659204458663554,0.531290404974865,435
1789477372.7538059,1789477372.7529993,-3.5314951894957045,23.65986532857554,1.5516878472168059,-5.394972108521676,-2.632399135693861,-1.3910504899780671,0.5361688097108599,435
1789477372.7634895,1789477372.7630038,-3.5864828215682234,23.633812862588588,1.5374560001557003,-5.436803773797563,-2.4982163928541143,-1.4112702645155577,0.5418363895164537,435
1789477372.7734442,1789477372.7729998,-3.6405351096075727,23.60974868516949,1.5234077773353671,-5.480581380169464,-2.3609496948984536,-1.4250502052866905,0.5478732680029057,435
1789477372.7835755,1789477372.7829974,-3.6964850502826065,23.586494103124735,1.5088767616085117,-5.528217886485653,-2.2133518100826413,-1.4329142313691623,0.5544999752209661,435
1789477372.793439,1789477372.7929866,-3.7511256027557294,23.565441644984222,1.4947630148613602,-5.576557850252156,-2.06403965913169,-1.4343686755187128,0.5612462050428197,435
1789477372.8033452,1789477372.8029635,-3.806864072607344,23.545681053320017,1.4805091138164124,-5.627240976958693,-1.9068566362960924,-1.4296565143001618,0.5683200672177946,435
1789477372.8135607,1789477372.8130076,-3.8633632582201245,23.527437716286546,1.4662706189104426,-5.679541888734224,-1.7430328493297047,-1.418713861703592,0.5756112194630858,435
1789477372.8235807,1789477372.8230052,-3.9203273836683437,23.510876750599156,1.452187510437681,-5.732732449210384,-1.5739135134471978,-1.4016829392779144,0.583019965006355,435
1789477372.8334363,1789477372.8330653,-3.978287546926941,23.495917273191388,1.438194055463901,-5.78685044233444,-1.3984990875942713,-1.3785192410642226,0.5905645026452164,435
1789477372.8438325,1789477372.842985,-4.036103630294267,23.482889027605744,1.424622344900911,-5.840386887784143,-1.2209488251863971,-1.3499354501257266,0.5980580122810621,435
1789477372.8538692,1789477372.853009,-4.094863746971529,23.471571276479153,1.4112697088526431,-5.893924457196025,-1.0386993744886555,-1.3157027616590034,0.6056161658235113,435
1789477372.8637998,1789477372.863006,-4.154021017667693,23.462111149584594,1.3983147846226907,-5.946105404127199,-0.8547577099953658,-1.2764887692476214,0.6131569791576148,435
1789477372.873727,1789477372.8730128,-4.213696207280851,23.454468566686895,1.3857664575037087,-5.99097623873562,-0.6760195471467473,-1.2335553525560707,0.6207317538082651,435
1789477372.8837686,1789477372.8830128,-4.213696207280851,23.454468566686895,1.3857664575037087,-5.99097623873562,-0.6760195471467473,-1.2335553525560707,0.6207317538082651,435
1789477372.8935122,1789477372.8930068,-4.334001328944908,23.44416263846132,1.362002909060374,-6.029682387234716,-0.3689838777041119,-1.1431754504968394,0.6365189099681565,435
1789477372.9034736,1789477372.9030027,-4.394420647029417,23.44107658205275,1.3507648230761906,-6.01466019362003,-0.2508601068993416,-1.0980245179275128,0.6451564845513527,435
1789477372.9136107,1789477372.9129894,-4.454320456496618,23.439046022554873,1.3400162942278364,-5.974172785117371,-0.1602544844577187,-1.0543013100942966,0.6545169289566921,435
1789477372.9234579,1789477372.9229832,-4.513635543874366,23.437785434807548,1.329704973744563,-5.908178765381552,-0.09680538843425852,-1.0123789940127224,0.6648095227513373,435
1789477372.93348,1789477372.9330075,-4.57235852021988,23.437025900405615,1.319770132203193,-5.817353943420792,-0.05906341559616331,-0.9723995519218411,0.676227608082383,435
1789477372.9434738,1789477372.9430144,-4.6306682098773395,23.436519036834714,1.3101242971057374,-5.702455852223719,-0.044867804137432674,-0.9342431245063298,0.6889807083962642,435
1789477372.9536302,1789477372.9530082,-4.68677380007792,23.436056137385513,1.301004001041273,-5.569344188297978,-0.05121748923312535,-0.8989117748654819,0.7027589676431882,435
1789477372.963435,1789477372.963004,-4.741080875513658,23.43545016094217,1.2922867343057178,-5.42030027646945,-0.0738281160406114,-0.8658551502782134,0.717648517629649,435
1789477372.9736645,1789477372.9730065,-4.795150044952607,23.434529169429933,1.2836797539682818,-5.253186780492469,-0.109832804722719,-0.833834221737122,0.7341127117574628,435
1789477372.9834876,1789477372.9829724,-4.84685666386569,23.433213962126818,1.2754853373882962,-5.076959602468008,-0.15405664833794855,-0.8037613567600926,0.7514826116592737,435
1789477372.9935668,1789477372.9930139,-4.897318955769829,23.43140652597926,1.2674964588050757,-4.89055987566253,-0.20344778405058894,-0.7745921778163491,0.7700356410210656,435
1789477373.0035994,1789477373.003001,-4.944372594102909,23.42917190543036,1.2600350249691428,-4.704853133091762,-0.25213612282391906,-0.7471947032083577,0.7888014854920908,435
1789477373.0136132,1789477373.0129957,-4.990486218673694,23.42640953405989,1.2526965124202156,-4.512518277881854,-0.29937611704135414,-0.7197641387234329,0.8085831242539054,435
1789477373.023562,1789477373.0229979,-5.034511690601264,23.423211241678104,1.2456564947595683,-4.319941828574394,-0.3411912346518431,-0.6926230468314659,0.8287496275111867,435
1789477373.0335343,1789477373.0329995,-5.076749927046927,23.41961996231084,1.2388663063088883,-4.127299442607692,-0.37559703528330624,-0.6652745217342073,0.8492493937652461,435
1789477373.0435905,1789477373.042962,-5.117355865692973,23.415700333816567,1.232304881582706,-3.934826346723825,-0.40092928818125406,-0.6373270192326503,0.869978589190064,435
1789477373.0535426,1789477373.053002,-5.155489425744601,23.411637708052226,1.2261164163352087,-3.7471985955239187,-0.41571333071878636,-0.6091658502080655,0.8903023802966565,435
1789477373.063377,1789477373.0629942,-5.1925999762867905,23.40738255825953,1.2200762327217496,-3.557378234499368,-0.41996338161008184,-0.5795349725227332,0.9108098557474267,435
1789477373.073764,1789477373.0729942,-5.2267176069281565,23.40327126822907,1.2145168302943468,-3.3753323000866167,-0.4137749407022042,-0.5499433315802659,0.930226288910375,435
1789477373.0834894,1789477373.0829947,-5.2267176069281565,23.40327126822907,1.2145168302943468,-3.3753323000866167,-0.4137749407022042,-0.5499433315802659,0.930226288910375,435
1789477373.093529,1789477373.093001,-5.291052853519106,23.39528111415223,1.204060071439341,-3.005236526940607,-0.3728330980808641,-0.48644392491117533,0.9680141576530596,435
1789477373.1035411,1789477373.103005,-5.319527288905088,23.39178581333294,1.1994651854615248,-2.8257582152440603,-0.34196498675850745,-0.4543909485296775,0.9850919364189759,435
1789477373.1135333,1789477373.1130006,-5.3471348198577155,23.388515190374186,1.1950448411952006,-2.638799995491149,-0.3046935084573628,-0.4204927412048134,1.0017687494703393,435
1789477373.1234968,1789477373.1230478,-5.3726132593764255,23.385665609657128,1.1910063918946523,-2.4516853825675065,-0.2642519227519769,-0.3863540226868368,1.0172045195621862,435
1789477373.1336412,1789477373.133004,-5.395964982340032,23.383254508072888,1.187349253137632,-2.264398574767733,-0.22260285757146472,-0.35226306462375534,1.0313387747160543,435
1789477373.1436064,1789477373.1430156,-5.417728798292799,23.38123266984337,1.1839876641573475,-2.0724161743315217,-0.18046483074943173,-0.3176593920881005,1.0444556423806368,435
1789477373.1535718,1789477373.1530104,-5.437623865312245,23.37962162485517,1.1809622214970328,-1.8780239513933037,-0.13985139226145338,-0.28318849514167505,1.0563592533298083,435
1789477373.1634028,1789477373.163004,-5.45544966564943,23.37841172465932,1.1782970183156682,-1.6840481595436994,-0.10252565025643068,-0.24952215105317554,1.0669201883039658,435
1789477373.1737144,1789477373.1730094,-5.471307416255202,23.377556880012065,1.1759684582266439,-1.4909856539460007,-0.06937842197767939,-0.21685344190613595,1.0762027032361394,435
1789477373.1835363,1789477373.1830027,-5.485330702052452,23.377006579721304,1.173948082821154,-1.2990044973078443,-0.04096109650832716,-0.1852759717727357,1.084297302636854,435
1789477373.19345,1789477373.1930022,-5.497233128459843,23.376718352686602,1.1722666560546102,-1.1150150213579555,-0.018369795606401066,-0.1559136410784022,1.091061525284489,435
1789477373.2034063,1789477373.2029998,-5.507541126047752,23.37662617491008,1.1708396173664415,-0.9341484685093567,-0.0008749727159019852,-0.12794550043490036,1.09682086462767,435
1789477373.2134347,1789477373.213001,-5.515971766006007,23.376680877192587,1.1696964047747815,-0.7651407710892868,0.011030396891888172,-0.10264342068998432,1.101445759243409,435
1789477373.2234247,1789477373.2229998,-5.5228754133289994,23.376831886722314,1.1687796847963197,-0.6058541399920542,0.018119000296185295,-0.07956255749107055,1.1051601993872682,435
1789477373.2334535,1789477373.2329988,-5.528165807427277,23.37702819184207,1.1680918622341558,-0.464086639874499,0.020851928998395663,-0.059677757498737626,1.1079493623144705,435
1789477373.2434475,1789477373.243006,-5.53217032331426,23.37723651133587,1.1675820614300338,-0.3380740735853761,0.020231455898439,-0.0425600601020579,1.1100167083752819,435
1789477373.2535841,1789477373.2529893,-5.53499736595756,23.37742500248231,1.1672296573664904,-0.2319247629226836,0.01724392402870306,-0.0285888378714908,1.1114448370515646,435
1789477373.2635086,1789477373.2630033,-5.536898661634519,23.377579079442054,1.1669975824188852,-0.1447944633236129,0.01285462096687473,-0.017471768414427276,1.112384108333869,435
1789477373.273487,1789477373.2730005,-5.537997766332313,23.377683436261197,1.1668661787326078,-0.08146632522778718,0.00833648030861489,-0.009631471274140817,1.1129149584453697,435
1789477373.2834916,1789477373.2830124,-5.538577835222757,23.37774619517204,1.1667982106364996,-0.03763559924233428,0.004352971044841336,-0.004359337073419692,1.1131889239479529,435
1789477373.2934854,1789477373.2930079,-5.538814336105685,23.377774811117778,1.166771043336277,-0.012343986785742,0.0015869351862598524,-0.0014012198741033266,1.1132981495469365,435
1789477373.3035662,1789477373.3029857,-5.5388749279009355,23.377782870197848,1.1667642136339342,-0.0018400345177198574,0.00025924331974103154,-0.00020480063226430145,1.1133255343971413,435
1789477373.3135083,1789477373.3129995,-5.538879908022252,23.377783584821998,1.1667636616589763,-3.8780955247119664e-07,5.929029978091194e-08,-4.233053560454003e-08,1.1133277420419159,435
1789477373.3234427,1789477373.322997,-5.538879908082311,23.37778358483118,1.1667636616524222,0.0,2.6645352591003757e-15,1.1102230246251565e-16,1.1133277420680718,435
1789477373.333428,1789477373.332998,-5.538879908082311,23.37778358483118,1.1667636616524222,0.0,2.6645352591003757e-15,1.1102230246251565e-16,1.1133277420680718,435
1789477373.3434446,1789477373.343005,-5.538879908082311,23.37778358483118,1.1667636616524222,0.0,2.6645352591003757e-15,1.1102230246251565e-16,1.1133277420680718,435
1789477373.3537014,1789477373.3529997,-5.538879908082311,23.37778358483118,1.1667636616524222,0.0,2.6645352591003757e-15,1.1102230246251565e-16,1.1133277420680718,435
1789477373.363675,1789477373.3630066,-5.538879908082311,23.37778358483118,1.1667636616524222,0.0,2.6645352591003757e-15,1.1102230246251565e-16,1.1133277420680718,435
1789477373.3736224,1789477373.3730025,-5.538879908082311,23.37778358483118,1.1667636616524222,0.0,2.6645352591003757e-15,1.1102230246251565e-16,1.1133277420680718,435
1789477373.383477,1789477373.3829975,-5.538879908082311,23.37778358483118,1.1667636616524222,0.0,2.6645352591003757e-15,1.1102230246251565e-16,1.1133277420680718,435
1789477373.3935256,1789477373.3929968,-5.538879908082311,23.37778358483118,1.1667636616524222,0.0,2.6645352591003757e-15,1.1102230246251565e-16,1.1133277420680718,435
1789477373.4035347,1789477373.4029992,-5.538879908082311,23.37778358483118,1.1667636616524222,0.0,2.6645352591003757e-15,1.1102230246251565e-16,1.1133277420680718,435
1789477373.4136207,1789477373.4129965,-5.538879908082311,23.37778358483118,1.1667636616524222,0.0,2.6645352591003757e-15,1.1102230246251565e-16,1.1133277420680718,435
1789477373.4236205,1789477373.4229953,-5.538879908082311,23.37778358483118,1.1667636616524222,0.0,2.6645352591003757e-15,1.1102230246251565e-16,1.1133277420680718,435
1789477373.4335938,1789477373.433003,-5.538879908082311,23.37778358483118,1.1667636616524222,0.0,2.6645352591003757e-15,1.1102230246251565e-16,1.1133277420680718,435
1789477373.4435527,1789477373.4429727,-5.538879908082311,23.37778358483118,1.1667636616524222,0.0,2.6645352591003757e-15,1.1102230246251565e-16,1.1133277420680718,435
1789477373.4535642,1789477373.4529996,-5.538879908082311,23.37778358483118,1.1667636616524222,0.0,2.6645352591003757e-15,1.1102230246251565e-16,1.1133277420680718,435
1789477373.4636705,1789477373.4629676,-5.538879908082311,23.37778358483118,1.1667636616524222,0.0,2.6645352591003757e-15,1.1102230246251565e-16,1.1133277420680718,435
1789477373.4737072,1789477373.4730356,-5.538879908082311,23.37778358483118,1.1667636616524222,0.0,2.6645352591003757e-15,1.1102230246251565e-16,1.1133277420680718,435
1789477373.4836395,1789477373.4830015,-5.538879908082311,23.37778358483118,1.1667636616524222,0.0,2.6645352591003757e-15,1.1102230246251565e-16,1.1133277420680718,435
1789477373.4935596,1789477373.492974,-5.538879908082311,23.37778358483118,1.1667636616524222,0.0,2.6645352591003757e-15,1.1102230246251565e-16,1.1133277420680718,435
1789477373.503635,1789477373.503003,-5.538879908082311,23.37778358483118,1.1667636616524222,0.0,2.6645352591003757e-15,1.1102230246251565e-16,1.1133277420680718,435
1789477373.5135748,1789477373.5129979,-5.538879908082311,23.37778358483118,1.1667636616524222,0.0,2.6645352591003757e-15,1.1102230246251565e-16,1.1133277420680718,435
1789477373.523524,1789477373.5229712,-5.538879908082311,23.37778358483118,1.1667636616524222,0.0,2.6645352591003757e-15,1.1102230246251565e-16,1.1133277420680718,435
1789477373.5336838,1789477373.5330012,-5.538879908082311,23.37778358483118,1.1667636616524222,0.0,2.6645352591003757e-15,1.1102230246251565e-16,1.1133277420680718,435
1789477373.5436556,1789477373.5430074,-5.538879908082311,23.37778358483118,1.1667636616524222,0.0,2.6645352591003757e-15,1.1102230246251565e-16,1.1133277420680718,435
1789477373.5536451,1789477373.5529695,-5.538879908082311,23.37778358483118,1.1667636616524222,0.0,2.6645352591003757e-15,1.1102230246251565e-16,1.1133277420680718,435
1789477373.563639,1789477373.5629969,-5.538879908082311,23.37778358483118,1.1667636616524222,0.0,2.6645352591003757e-15,1.1102230246251565e-16,1.1133277420680718,435
1789477373.5735972,1789477373.5729969,-5.538879908082311,23.37778358483118,1.1667636616524222,0.0,2.6645352591003757e-15,1.1102230246251565e-16,1.1133277420680718,435
1789477373.5835643,1789477373.5829968,-5.538879908082311,23.37778358483118,1.1667636616524222,0.0,2.6645352591003757e-15,1.1102230246251565e-16,1.1133277420680718,435
1789477373.5935528,1789477373.5929956,-5.538879908082311,23.37778358483118,1.1667636616524222,0.0,2.6645352591003757e-15,1.1102230246251565e-16,1.1133277420680718,435
1789477373.6035955,1789477373.603016,-5.538879908082311,23.37778358483118,1.1667636616524222,0.0,2.6645352591003757e-15,1.1102230246251565e-16,1.1133277420680718,435
1789477373.6138432,1789477373.6129923,-5.538879908082311,23.37778358483118,1.1667636616524222,0.0,2.6645352591003757e-15,1.1102230246251565e-16,1.1133277420680718,435
1789477373.6236656,1789477373.6229596,-5.538879908082311,23.37778358483118,1.1667636616524222,0.0,2.6645352591003757e-15,1.1102230246251565e-16,1.1133277420680718,435
1789477373.633627,1789477373.6330202,-5.538879908082311,23.37778358483118,1.1667636616524222,0.0,2.6645352591003757e-15,1.1102230246251565e-16,1.1133277420680718,435
1789477373.6438212,1789477373.6430256,-5.802806547469675,23.406931379703032,1.0904919447549926,-3.043587219259024,0.4109140640166603,-0.8228494815556733,1.2483958548374914,435
1789477373.6537476,1789477373.6529968,-5.834198616443268,23.411224058474566,1.0820994827023038,-3.2370256419340464,0.44818768943777076,-0.8557508865296913,1.265188409723149,435
1789477373.6637442,1789477373.6629658,-5.8675795765237275,23.41590522854283,1.073378478722534,-3.4300909523287744,0.4870481717978643,-0.8855779583528169,1.2832638705563415,435
1789477373.673512,1789477373.6730134,-5.8675795765237275,23.41590522854283,1.073378478722534,-3.4300909523287744,0.4870481717978643,-0.8855779583528169,1.2832638705563415,435
1789477373.6836803,1789477373.6830142,-5.940064928945033,23.426465726569287,1.0551365103810613,-3.8109614613254292,0.569052903151356,-0.9346253403876396,1.3232854598625523,435
1789477373.6938243,1789477373.6930368,-5.979277546694396,23.432395953140055,1.0456532056671735,-3.998076735838982,0.6122253016270489,-0.9533809358856385,1.3453710602703413,435
1789477373.7040043,1789477373.7030227,-6.019502905892239,23.438632800312785,1.0361991924022997,-4.177975109126306,0.6557424504671532,-0.9676567507856517,1.3683392780679817,435
1789477373.71401,1789477373.713024,-6.062601850986686,23.44548409128121,1.0263734999260552,-4.358433019419702,0.701571070201603,-0.9778807618834696,1.3932937982700988,435
1789477373.7239547,1789477373.7229972,-6.1067556051789635,23.452681016163083,1.0166292971865454,-4.531282309930361,0.7477285732473898,-0.9833875870597062,1.4192232754862175,435
1789477373.7338908,1789477373.7330155,-6.153271107839087,23.460454714194555,1.006713117654539,-4.701332020262177,0.7955464670170249,-0.9842091955484934,1.4469306302255478,435
1789477373.7439082,1789477373.7430224,-6.200813413485176,23.46860077821953,0.9969458693697467,-4.863400746615323,0.8436165805180259,-0.9801954408408338,1.475655266148408,435
1789477373.7535715,1789477373.7529836,-6.25011744492591,23.477260828903724,0.9872077669217755,-5.019922770498206,0.8926601409878895,-0.9712549529290391,1.5058674822047369,435
1789477373.7636414,1789477373.7629952,-6.301167604913544,23.486453296342106,0.977543520392808,-5.170522189045968,0.9426204211605287,-0.9572578796920574,1.5375925004013027,435
1789477373.7734456,1789477373.7729952,-6.301167604913544,23.486453296342106,0.977543520392808,-5.170522189045968,0.9426204211605287,-0.9572578796920574,1.5375925004013027,435
1789477373.783425,1789477373.782992,-6.407813036394057,23.50639201841128,0.9587301921981675,-5.4510526359322915,1.0444713358372675,-0.9139518733031194,1.6052691599381705,435
1789477373.7935414,1789477373.792968,-6.462902587389322,23.51707967839867,0.9497435236094476,-5.57954730829528,1.0958290118705705,-0.8848214058442742,1.6409436570435494,435
1789477373.8034635,1789477373.8029952,-6.518608189801204,23.52815532357182,0.941166691904798,-5.699091852579708,1.1469383925595698,-0.8511035839217508,1.6774929059080081,435
1789477373.8134038,1789477373.8129919,-6.57659457959591,23.5399716252568,0.9327877698411491,-5.813138695297479,1.1992949337340746,-0.8117564130344788,1.7160311027644042,435
1789477373.8234305,1789477373.8229907,-6.63477630093451,23.55212307060241,0.9249484800764388,-5.917571113220988,1.2509920967334178,-0.7682062934157956,1.7551879490440925,435
1789477373.8334272,1789477373.8329918,-6.694472515811867,23.56489976451249,0.9175023829610959,-6.014940810131872,1.3031945490964802,-0.7195613654738993,1.7958563109422432,435
1789477373.8437285,1789477373.8429976,-6.755829048245434,23.57835994182188,0.9104868600026939,-6.1053073061471235,1.355990641881193,-0.6656553258875957,1.8381579071238046,435
1789477373.85353,1789477373.853023,-6.8173066641240005,23.59218286511831,0.9041140927124415,-6.1865573439776,1.4080451340668818,-0.60793089781794,1.8810360456965765,435
1789477373.863549,1789477373.8630018,-6.878818579540197,23.606353318026013,0.8984046122240086,-6.259079570483824,1.4593055689344363,-0.5467028253850061,1.9244150179538357,435
1789477373.8733869,1789477373.8730059,-6.878818579540197,23.606353318026013,0.8984046122240086,-6.259079570483824,1.4593055689344363,-0.5467028253850061,1.9244150179538357,435
1789477373.8835418,1789477373.8829756,-7.005311528730099,23.63657645003789,0.8888014928224266,-6.382723713349385,1.5622176192100825,-0.41086378799518514,2.01504953914168,435
1789477373.8935652,1789477373.8929703,-7.070083207422916,23.652625368760148,0.8850212210051652,-6.4337735232848665,1.613649915979355,-0.33662580101877754,2.04409429684629,436
1789477373.9034972,1789477373.9029934,-7.133719684133213,23.668777210204713,0.8820735324044658,-6.4764701792270705,1.6633654174620554,-0.2609175681273667,1.9886397036250572,436
1789477373.913425,1789477373.9129627,-7.198755932995417,23.685682960633052,0.8798589039351008,-6.512930057593491,1.713348470981403,-0.18094673639907918,1.9324912099078067,436
1789477373.923418,1789477373.9229894,-7.263900537925877,23.703026223374412,0.8784626665475331,-6.542630750044115,1.7625816522900932,-0.09845445651830047,1.8768184784300523,436
1789477373.9334424,1789477373.9329953,-7.329455391914396,23.72089778703154,0.8779019832138248,-6.566076040339376,1.811281064910295,-0.013280527015965084,1.821410055765018,436
1789477373.9434066,1789477373.9430032,-7.3952004013723585,23.739248915738713,0.8782041632427571,-6.58354079489409,1.8592623658385772,0.07406116491728117,1.766503424138921,436
1789477373.9535828,1789477373.953009,-7.460961203453915,23.75803826006278,0.8793859929759557,-6.59538700737958,1.906376734965129,0.16308252826924657,1.7122934808661614,436
1789477373.9635632,1789477373.9629927,-7.527152432659967,23.777393719113867,0.8814770096831419,-6.602069104022558,1.9528848289688616,0.25408397446483894,1.6584955620498225,436
1789477373.9734814,1789477373.9729934,-7.527152432659967,23.777393719113867,0.8814770096831419,-6.602069104022558,1.9528848289688616,0.25408397446483894,1.6584955620498225,436
1789477373.983469,1789477373.982997,-7.65903690778787,23.817301393100962,0.8883872865333823,-6.601433966383678,2.04264834306181,0.438416530031376,1.55381335204923,436
1789477373.993432,1789477373.9929924,-7.7254073607519915,23.838067381866825,0.8932678959761765,-6.594956291490942,2.0862405631763172,0.532076950468249,1.5025130587850044,436
1789477374.0034037,1789477374.0029895,-7.790922097844289,23.859016145637856,0.8990177634795258,-6.5850852888765985,2.128128103384764,0.6246840523553109,1.4528628417176495,436
1789477374.0135086,1789477374.012992,-7.85687650890394,23.880557468266666,0.9057472013027874,-6.572084292421931,2.169048080975685,0.71771892904777,1.403937252082117,436
1789477374.0234568,1789477374.0229888,-7.923765685973576,23.902865191136332,0.9135392305270775,-6.556194870115974,2.209141756028648,0.8114961636814787,1.3554728175473203,436
1789477374.0334396,1789477374.0329938,-7.9882816089126365,23.92481721693516,0.921977347774611,-6.538700385704757,2.246328642592991,0.9010185964127887,1.3098990375696795,436
1789477374.0434124,1789477374.0429962,-8.053745006888361,23.94752235059909,0.9314616083961977,-6.519180484006328,2.2824053883756146,0.990526935675446,1.2649032952462873,436
1789477374.0534236,1789477374.0529618,-8.11833334663905,23.970339848038996,0.9417220304736096,-6.498569425052985,2.3161781695236257,1.0771199529077442,1.221812251139331,436
1789477374.0637414,1789477374.0629725,-8.183274540418141,23.99368589599132,0.9529309694020605,-6.476880614097037,2.3480990011004605,1.1620379857195906,1.1798641988959662,436
1789477374.07359,1789477374.0729897,-8.183274540418141,23.99368589599132,0.9529309694020605,-6.476880614097037,2.3480990011004605,1.1620379857195906,1.1798641988959662,436
1789477374.0835254,1789477374.0829883,-8.313507432279998,24.04165548840647,0.9780345027602748,-6.431990282811503,2.404979500031101,1.3240395806787255,1.1002035004433557,436
1789477374.0935714,1789477374.0929842,-8.376736824020325,24.065456566568077,0.9914388635802803,-6.4102236449553915,2.428634891147233,1.397805064927225,1.063814987472048,436
1789477374.103577,1789477374.102989,-8.441122019956019,24.09000030250483,1.0058644897815023,-6.3885225877667695,2.449671590699374,1.469016745698887,1.028388838561923,436
1789477374.113513,1789477374.11299,-8.505426491451294,24.11479034785562,1.0210159002046464,-6.367626100599522,2.4672910394679537,1.5357366532068968,0.9947106040487621,436
1789477374.1235752,1789477374.1229906,-8.568324035470306,24.139269650465398,1.0365125230805685,-6.348217155965302,2.480923674490909,1.5962827925540903,0.9634739609425766,436
1789477374.1335387,1789477374.132989,-8.632335320021927,24.164375994407827,1.0529215441944186,-6.329768740284174,2.490800676958289,1.652653704587258,0.9334681363276198,436
1789477374.1435142,1789477374.1429985,-8.695558601391658,24.189319126030995,1.069706005705032,-6.313065872006639,2.496254026941011,1.702688507675072,0.9056437881318478,436
1789477374.1536071,1789477374.1530066,-8.757647348486634,24.213906981328563,1.0866898678681498,-6.298321291930878,2.4971128481364486,1.7459510639561695,0.8801079866031545,436
1789477374.1638227,1789477374.1629875,-8.821369544662918,24.239182037099454,1.104571194087808,-6.285060748788027,2.4930162668632447,1.783888115590926,0.8557729927935731,436
1789477374.1736193,1789477374.172987,-8.821369544662918,24.239182037099454,1.104571194087808,-6.285060748788027,2.4930162668632447,1.783888115590926,0.8557729927935731,436
1789477374.183639,1789477374.1829934,-8.946147823824152,24.28855879806457,1.1406294225549756,-6.26505001108403,2.4690850124118415,1.8377365717059815,0.813681251436055,436
1789477374.1935287,1789477374.192989,-9.00948698454877,24.313435458722395,1.1593086916534832,-6.258052526692721,2.448249783196638,1.854046093809562,0.7951394310118536,436
1789477374.2035387,1789477374.202988,-9.071967193468117,24.33776074500403,1.1778756033025701,-6.253265183947055,2.4215896324411563,1.8624839259724353,0.7787000271930244,436
1789477374.2135215,1789477374.212995,-9.134365286535003,24.361771447214036,1.1964745563963288,-6.250554672622155,2.3886675256429637,1.8631019893579175,0.7640942829534394,436
1789477374.2235403,1789477374.2229888,-9.197045905475798,24.385533923032146,1.2151289291544245,-6.24984950458105,2.3490541389422095,1.8556905263616001,0.7512124084964262,436
1789477374.233546,1789477374.2329876,-9.259279079202896,24.408699726402563,1.2335355753703738,-6.251046374466964,2.303074876419235,1.8402472731106305,0.7401547080971054,436
1789477374.2435021,1789477374.2429976,-9.321722381968364,24.431442309231905,1.2518030365662733,-6.25400553811961,2.250168021855122,1.8165919044382488,0.7307426341485161,436
1789477374.2536228,1789477374.2529678,-9.384927018278125,24.453875419609243,1.2699996504282842,-6.258612135964027,2.1896446219334393,1.7843200558330536,0.7228712817613969,436
1789477374.2636096,1789477374.262988,-9.447281872522753,24.47535515262857,1.2875763950101953,-6.26453055866606,2.123055017939636,1.7443281236916015,0.7166703978271083,436
1789477374.2735188,1789477374.272989,-9.447281872522753,24.47535515262857,1.2875763950101953,-6.26453055866606,2.123055017939636,1.7443281236916015,0.7166703978271083,436
1789477374.2833736,1789477374.2829869,-9.572918874990346,24.51638126857782,1.3215242443073503,-6.279570062719933,1.9683891983865136,1.6396810548407785,0.7085975764612344,436
1789477374.2933886,1789477374.2929857,-9.63501306454813,24.535411358903463,1.3374210484190674,-6.287961490855097,1.882099684443097,1.5764859341929378,0.7066338013127762,436
1789477374.3033895,1789477374.3029873,-9.698641741587878,24.553968946789315,1.3530035517051793,-6.2967738737350105,1.7871986519089467,1.5042270907449053,0.7059010141508517,436
1789477374.3133879,1789477374.3129895,-9.761614997205985,24.571335146537777,1.3676496828151863,-6.305346689695723,1.6870943601472135,1.4255797234851593,0.7063676791611857,436
1789477374.3233776,1789477374.3229914,-9.823728618298773,24.58743498775599,1.3812772077212074,-6.3122747380488535,1.5826017837391562,1.34214341680995,0.707910104536777,436
1789477374.3333554,1789477374.3329902,-9.886844781788936,24.60270335332249,1.3942639527742968,-6.311491057416464,1.470725890947333,1.2558433086880123,0.7105067236465508,436
1789477374.3433962,1789477374.3429928,-9.951026851168972,24.6170713100743,1.4066102543876675,-6.2963083936546544,1.3515071475332718,1.1707224287534075,0.7141514633679567,436
1789477374.3537414,1789477374.3529892,-10.013537322582902,24.629923382496795,1.4178682175337725,-6.263385190957563,1.2308422986681702,1.092851889128297,0.7186269987739955,436
1789477374.3634322,1789477374.3629959,-10.07595591328988,24.641619777769556,1.4284385883661013,-6.210010449006183,1.1068392065120602,1.0212318868449697,0.7239670608139313,436
1789477374.3734875,1789477374.3730025,-10.07595591328988,24.641619777769556,1.4284385883661013,-6.210010449006183,1.1068392065120602,1.0212318868449697,0.7239670608139313,436
1789477374.3833213,1789477374.3829863,-10.197752992334866,24.661139182643037,1.4474662852128901,-6.04196035680385,0.8593357879816743,0.8991497634444846,0.7367609073157375,436
1789477374.3935692,1789477374.3929975,-10.257696276315917,24.669130925734446,1.4561999477243233,-5.927641065436756,0.7374652411137306,0.8460083758516199,0.7441539903082752,436
1789477374.4034512,1789477374.4029863,-10.316164126743995,24.67589698938472,1.464388031407383,-5.796536005064522,0.6204744462627774,0.7967275467022027,0.7520327576481929,436
1789477374.413406,1789477374.4129853,-10.373981688440749,24.681591484720183,1.4721924369146417,-5.648702662954062,0.5081876765522308,0.7486422655607604,0.760457792953972,436
1789477374.4233541,1789477374.4229572,-10.429170767110758,24.686111451743663,1.479375451984933,-5.491791664222327,0.4057470086942361,0.7013745977892167,0.769081657604334,436
1789477374.4333882,1789477374.4329855,-10.483346403387193,24.68969451684638,1.4861539961880506,-5.3240030247503904,0.31131194424561764,0.651595268633323,0.7781030484222153,436
1789477374.4433548,1789477374.442957,-10.536324146261457,24.692405555095213,1.4924766941127945,-5.148117239201537,0.2264765648293746,0.5975492065568301,0.7874715169549646,436
1789477374.4535403,1789477374.4529607,-10.586931650327806,24.69429843663733,1.4981652845100304,-4.970589355007888,0.1539530524344223,0.5389370067345817,0.796950765136275,436
1789477374.4635947,1789477374.462995,-10.635829804067438,24.69552656949039,1.5032444675264403,-4.791574456234583,0.09326491429591688,0.4739725386164045,0.8066384536742026,436
1789477374.4734294,1789477374.4729884,-10.68303070007336,24.69620903110697,1.5076465578518026,-4.6130259377099945,0.044775161895587084,0.4019033431032342,0.8165307512974338,436
1789477374.483539,1789477374.482989,-10.728053654699039,24.696466048832708,1.5112601203003795,-4.438476612159417,0.008899171216695034,0.3233578961961052,0.8265191605525524,436
1789477374.493572,1789477374.4929862,-10.77098641322553,24.69642668217092,1.5140371073226133,-4.268916742664568,-0.01498409042870974,0.238735705686988,0.8366107499592874,436
1789477374.5037286,1789477374.5029907,-10.813151756026972,24.696200851892055,1.515980713672774,-4.099857034594098,-0.027976643226195197,0.14602124501443758,0.8471331266402,436
1789477374.513582,1789477374.5129848,-10.853046291292436,24.695903115099355,1.5169556636953294,-3.937627208842133,-0.030367342874945247,0.04967341207769249,0.8577216105606582,436
1789477374.5234919,1789477374.523028,-10.89186570141924,24.69562518388958,1.5169487912100075,-3.7772372562100847,-0.02339527088160087,-0.05146602730218808,0.868692810228759,436
1789477374.533429,1789477374.532987,-10.929294852507152,24.69545883935231,1.5159058666115017,-3.6193287038466284,-0.008241964202110097,-0.15468279148853448,0.8799717052971556,436
1789477374.5434313,1789477374.542994,-10.964614661050648,24.69547850331913,1.5138591310878422,-3.466020925341855,0.013113361390237888,-0.25555398981872246,0.8913164674937883,436
1789477374.55363,1789477374.5530124,-10.998177723398106,24.69573324086101,1.510845737198784,-3.3146884808926833,0.03898572501883946,-0.35249483133147663,0.9027908349679481,436
1789477374.563475,1789477374.5629861,-11.03034517178756,24.69626238938652,1.5068841945293534,-3.162293329382416,0.06791634698682603,-0.44403209865022114,0.9144774630577102,436
1789477374.573438,1789477374.5729818,-11.061364997300494,24.697098869579584,1.501986387542402,-3.00591037815922,0.09850081594477668,-0.5283482947485372,0.9264340021067201,436
1789477374.5834043,1789477374.5829828,-11.0907365626309,24.69823967125614,1.49630551199963,-2.8463734552718165,0.128630427301954,-0.6017207449229399,0.938416800781193,436
1789477374.5933867,1789477374.592986,-11.118650143840686,24.69968400850187,1.4899101928831548,-2.681181464254209,0.15697591398955923,-0.6625785844107585,0.9504342717043794,436
1789477374.6034389,1789477374.60299,-11.144581464816142,24.701377903340617,1.4830542989598066,-2.5124422065287777,0.18169613659112327,-0.7082825257974198,0.9621744138459132,436
1789477374.6137986,1789477374.6129856,-11.168363219217152,24.703259782796927,1.4759567311897261,-2.3412455998077455,0.2016721482413873,-0.7379896769283257,0.9734499030155721,436
1789477374.6237416,1789477374.623023,-11.19094066406584,24.705363247123902,1.4684704965425648,-2.160334424882962,0.21686799965228742,-0.7521918812113403,0.9846223857777194,436
1789477374.6337097,1789477374.6329832,-11.211672030356223,24.70758929747175,1.4609267480970138,-1.974313576092499,0.22616102171549202,-0.7498821553656354,0.9952983406417557,436
1789477374.6436918,1789477374.642966,-11.230364473698856,24.70985802189101,1.4535496756518664,-1.7858653327107945,0.2292595961028026,-0.7317475597285157,1.005280460136655,436
1789477374.6535037,1789477374.6529899,-11.247284796172002,24.712143463147182,1.4463770227066564,-1.5935976654428927,0.2262279415429776,-0.6985586564423649,1.0146204144598494,436
1789477374.6636152,1789477374.6629949,-11.262239260186504,24.714363041229284,1.439622410086231,-1.4014203839237025,0.21734544917943388,-0.6521073443717726,1.0231281445927407,436
1789477374.6734593,1789477374.6729865,-11.275410019584488,24.71648833746712,1.4333272447879717,-1.2092877956236974,0.2030005354583917,-0.593731078509006,1.0308296612986436,436
1789477374.6834357,1789477374.6829875,-11.286577064974226,24.718429358014443,1.427713409450657,-1.0236332187838797,0.184267425535677,-0.5270285127239527,1.03752388891709,436
1789477374.6933603,1789477374.6929574,-11.29590887535161,24.720161955612774,1.4228067249432863,-0.8461171545718279,0.1621104812766166,-0.45453935526735445,1.0432442507834878,436
1789477374.7033703,1789477374.702984,-11.303532628904897,24.721663544707454,1.4186333719360724,-0.679193577472575,0.13763264248449106,-0.3790939417823644,1.0480126361426017,436
1789477374.7134533,1789477374.7129781,-11.309620976132683,24.72292853556274,1.4151767160004967,-0.5244050882393188,0.11183774649298117,-0.30308979678389547,1.0518908957721336,436
1789477374.723435,1789477374.722984,-11.314081161354583,24.723900529172347,1.4125605860468202,-0.39160799612400365,0.08731783973004342,-0.2333197727772971,1.0547787608893748,436
1789477374.73344,1789477374.732985,-11.317404313335876,24.724656406769654,1.4105535926826809,-0.2743128804775131,0.06375395726142313,-0.16812559803063842,1.0569620871015752,436
1789477374.7434285,1789477374.7429917,-11.319644343520132,24.725186343478633,1.409163985787734,-0.17865576517726,0.04310689538101131,-0.1123295582863284,1.0584536212667617,436
1789477374.7536201,1789477374.7529948,-10.769235602936226,24.681700867484167,1.4583342433935158,-4.858348436363665,-0.3015433190537731,-0.30921540828683347,0.8219065673296178,436
1789477374.763541,1789477374.7630143,-10.817876411220732,24.6782673521226,1.454858725941939,-4.8207421678351325,-0.38136435033727173,-0.3821013341713881,0.831102994005914,436
1789477374.7735932,1789477374.7730064,-10.817876411220732,24.6782673521226,1.454858725941939,-4.8207421678351325,-0.38136435033727173,-0.3821013341713881,0.831102994005914,436
1789477374.7837539,1789477374.7830179,-10.913730223811067,24.66907673883,1.4457850157985792,-4.7344254938264765,-0.5332895336699431,-0.5211011091311211,0.8500507280042284,436
1789477374.794144,1789477374.7930279,-10.960825928998272,24.663384536817563,1.4402448290361904,-4.685651319316134,-0.6048459509670933,-0.5866781763773469,0.859765936806363,436
1789477374.8035843,1789477374.8029869,-11.007383611132374,24.656996640678898,1.434067007774747,-4.633019175548562,-0.6732689641028342,-0.649439147943461,0.8696371823618265,436
1789477374.813423,1789477374.812984,-11.05300628715317,24.650004225569777,1.427337179213071,-4.576962828767227,-0.7378514940195091,-0.7087206912489785,0.8795715275151972,436
1789477374.8234007,1789477374.8229814,-11.098643497861977,24.642284653001,1.4199356044665894,-4.516218548929997,-0.7997753673019207,-0.7655948322201598,0.8897720384353787,436
1789477374.8333974,1789477374.8329825,-11.14317873229737,24.634053061019166,1.4120669346561014,-4.452202120796224,-0.8573858096926814,-0.818529930448925,0.8999841676766445,436
1789477374.8434036,1789477374.8429887,-11.188234661546655,24.62502352438872,1.403456759030892,-4.382419893755342,-0.9125902000506751,-0.8692677067254446,0.9105795595961976,436
1789477374.8535178,1789477374.852956,-11.231495755160655,24.61568951966676,1.3945742449271574,-4.310413263455855,-0.9624380448777146,-0.9150862184746134,0.921007085743542,436
1789477374.8635685,1789477374.8629894,-11.274285671782671,24.605816743209974,1.3851946260494508,-4.23410432765542,-1.0084548172942094,-0.957378190296595,0.9315703649556575,436
1789477374.8733969,1789477374.8729517,-11.274285671782671,24.605816743209974,1.3851946260494508,-4.23410432765542,-1.0084548172942094,-0.957378190296595,0.9315703649556575,436
1789477374.8834677,1789477374.882981,-11.357543958160361,24.58477815270041,1.3652468912689917,-4.070042981004513,-1.0876363999191647,-1.0301005718826304,0.9528504322850653,436
1789477374.8938038,1789477374.8929884,-11.397122231869481,24.57392730418375,1.3549748918897189,-3.984280207285723,-1.1199895504724056,-1.0597721596446104,0.9633099949097463,436
1789477374.9037092,1789477374.9029555,-11.43662096465027,24.56254979037931,1.344213555938319,-3.8932998427490717,-1.148538410215539,-1.0859119975379434,0.9739736308697462,436
1789477374.9135647,1789477374.912955,-11.47535611920269,24.55085760726163,1.3331628824926658,-3.7985304026484568,-1.1726373683731504,-1.107921802937271,0.9846522936825268,436
1789477374.9238062,1789477374.9229546,-11.512325201822007,24.539201930138375,1.322153824385306,-3.702636353768501,-1.191768575633783,-1.1253258916996574,0.9950506377417869,436
1789477374.933892,1789477374.9329908,-12.148947131962103,24.250731711208662,1.0506868730173036,-0.06572211315491394,-0.04508504922725898,-0.04232525380786001,1.203424836668741,436
1789477374.9436848,1789477374.9430227,-12.149467346902785,24.25037312716157,1.0503502475701136,-0.03995392734266723,-0.027694702124172466,-0.025997990797671733,1.2035883160181866,436
1789477374.9535923,1789477374.9529536,-12.149770820137464,24.250161801868078,1.0501518739738664,-0.021509681850060858,-0.015061894963134037,-0.014138358753541524,1.203682364303957,436
1789477374.9636397,1789477374.9630065,-12.149921430758416,24.250055889335417,1.0500524578841108,-0.00976266775866641,-0.006902764935851735,-0.006479171676030404,1.2037283882699983,436
1789477374.9736888,1789477374.9729836,-12.149982679789169,24.25001241250426,1.0500116499269365,-0.003181763482915656,-0.002271150032797209,-0.0021316669589310777,1.2037468458714664,436
1789477374.983814,1789477374.9829626,-12.149998597276968,24.250001012598762,1.05000095034936,-0.000489267487449041,-0.00035247191031473335,-0.00033080759896009226,1.203751577487115,436
1789477374.9938772,1789477374.9930096,-12.149999999757059,24.25000000017662,1.0500000001657548,-7.480431136741572e-07,-5.437201551217186e-07,-5.102748765750675e-07,1.2037519892190551,436
1789477375.0038967,1789477375.0029886,-12.149999999999999,24.25,1.0499999999999987,1.4210854715202004e-14,0.0,-3.552713678800501e-15,1.2037519892895685,436
1789477375.0133805,1789477375.0129771,-12.149999999999999,24.25,1.0499999999999987,1.4210854715202004e-14,0.0,-3.552713678800501e-15,1.2037519892895685,436
1789477375.0233946,1789477375.0229704,-12.149999999999999,24.25,1.0499999999999987,1.4210854715202004e-14,0.0,-3.552713678800501e-15,1.2037519892895685,436
1789477375.0333586,1789477375.0329716,-12.149999999999999,24.25,1.0499999999999987,1.4210854715202004e-14,0.0,-3.552713678800501e-15,1.2037519892895685,436
1789477375.043314,1789477375.042987,-12.149999999999999,24.25,1.0499999999999987,1.4210854715202004e-14,0.0,-3.552713678800501e-15,1.2037519892895685,436
1789477375.0536253,1789477375.0529842,-12.149999999999999,24.25,1.0499999999999987,1.4210854715202004e-14,0.0,-3.552713678800501e-15,1.2037519892895685,436
1789477375.0635407,1789477375.062981,-12.149999999999999,24.25,1.0499999999999987,1.4210854715202004e-14,0.0,-3.552713678800501e-15,1.2037519892895685,436
1789477375.0735276,1789477375.0729792,-12.149999999999999,24.25,1.0499999999999987,1.4210854715202004e-14,0.0,-3.552713678800501e-15,1.2037519892895685,436
1789477375.0835009,1789477375.0829778,-12.149999999999999,24.25,1.0499999999999987,1.4210854715202004e-14,0.0,-3.552713678800501e-15,1.2037519892895685,436
1789477375.093504,1789477375.0929785,-12.149999999999999,24.25,1.0499999999999987,1.4210854715202004e-14,0.0,-3.552713678800501e-15,1.2037519892895685,436
1789477375.1034718,1789477375.102978,-12.149999999999999,24.25,1.0499999999999987,1.4210854715202004e-14,0.0,-3.552713678800501e-15,1.2037519892895685,436
1789477375.1135213,1789477375.1129575,-12.149999999999999,24.25,1.0499999999999987,1.4210854715202004e-14,0.0,-3.552713678800501e-15,1.2037519892895685,436
1789477375.1235301,1789477375.122981,-12.149999999999999,24.25,1.0499999999999987,1.4210854715202004e-14,0.0,-3.552713678800501e-15,1.2037519892895685,436
1789477375.1336472,1789477375.1329832,-12.138292641408054,24.278498727596567,1.0227043846873578,-0.40854272311169937,0.1056951948209316,-0.06909018295376054,1.213480474020435,436
1789477375.1434658,1789477375.1429875,-12.142831337682583,24.279668562827723,1.0219404142878474,-0.5019409420072659,0.12891792518889156,-0.08411432638467414,1.2176715207845947,436
1789477375.153483,1789477375.152982,-12.148414240727746,24.28109692193653,1.021009430467468,-0.6066850836770081,0.15464748482991694,-0.10069522009180708,1.2228222301436449,436
1789477375.16351,1789477375.16298,-12.155084152517155,24.28279038749526,1.0199080177552733,-0.7213191569235552,0.18244793377414492,-0.11853111010148454,1.2289707586501715,436
1789477375.1734083,1789477375.1729777,-12.155084152517155,24.28279038749526,1.0199080177552733,-0.7213191569235552,0.18244793377414492,-0.11853111010148454,1.2289707586501715,436
1789477375.1833751,1789477375.1829786,-12.171962686765491,24.28702407843224,1.0171646136358148,-0.9774151492968473,0.2432824868835461,-0.15725285842227302,1.244512983699953,436
1789477375.1933672,1789477375.192976,-12.182488686568746,24.289632793772498,1.0154808639713315,-1.119991441940476,0.2764215616910244,-0.17815337231871828,1.2541972496335592,436
1789477375.2033591,1789477375.2029762,-12.194443113635186,24.29257024446217,1.0135906906988008,-1.2704174827629438,0.310835294774585,-0.19969948740721474,1.2651905892097823,436
1789477375.2135482,1789477375.2129803,-12.207737059671793,24.295808382002875,1.0115138607676346,-1.426275727375107,0.34590290494865883,-0.22147457394323664,1.2774113424028593,436
1789477375.2233233,1789477375.2229896,-12.222838096300066,24.299453630750552,1.009184274294759,-1.5915424654226333,0.38243519633605827,-0.24394672088306654,1.2912897370629022,436
1789477375.2333996,1789477375.2329779,-12.239851628318783,24.303521950481443,1.0065945690296396,-1.7654801750705158,0.4201567934337017,-0.26689865722302775,1.3069234098831979,436
1789477375.2434013,1789477375.2429836,-12.258359734554299,24.30790483234444,1.0038165956325313,-1.9425117652287691,0.45777566453991475,-0.28950348177548574,1.3239297314972704,436
1789477375.2534292,1789477375.2529757,-12.278702419063224,24.312674361251986,1.000807590395438,-2.12485552523007,0.49569391944150115,-0.3119640308798328,1.3426230242644674,436
1789477375.263761,1789477375.2629776,-12.300769349681815,24.317795267469624,0.9975932071059987,-2.3104179407028242,0.5333978425444057,-0.3339308429018547,1.3629042657482078,436
1789477375.2734635,1789477375.2729752,-12.300769349681815,24.317795267469624,0.9975932071059987,-2.3104179407028242,0.5333978425444057,-0.3339308429018547,1.3629042657482078,436
1789477375.2833962,1789477375.2829819,-12.350895979562138,24.3292394871965,0.9904713583993408,-2.6936548383042296,0.6083302540452833,-0.37627600851868914,1.4089962739027282,436
1789477375.2935472,1789477375.2929897,-12.37843178047491,24.335422634455107,0.9866596594527347,-2.8855813708816873,0.6442950407911976,-0.39584070216580475,1.434332107368966,436
1789477375.3034286,1789477375.3029788,-12.408316802678778,24.342055482845677,0.9825996727107974,-3.0814510435432325,0.6798600963151179,-0.414584424540272,1.4618446170480133,436
1789477375.3134391,1789477375.3129869,-12.440085771898456,24.34902146560268,0.9783688603331542,-3.2771966977682645,0.7141940877130151,-0.4319970077536287,1.4911100135598283,436
1789477375.3233907,1789477375.3229885,-12.473791153318132,24.35632006153711,0.9739735074220783,-3.472450168233846,0.7471687388771884,-0.4479532119191489,1.5221810263070243,436
1789477375.3333704,1789477375.3329797,-12.50942934799376,24.363937898281197,0.9694282199696379,-3.666525457049073,0.7786046344136875,-0.4623018072756827,1.55505887184992,436
1789477375.3433726,1789477375.3429909,-12.54741170505233,24.37194816291174,0.964697220286655,-3.8608467642793847,0.8086491120093453,-0.4750271285656089,1.590128064992507,436
1789477375.3534288,1789477375.3529768,-12.587155319313375,24.380213439715504,0.9598698898324428,-4.051750772323632,0.8366651312790343,-0.48577943608230056,1.6268552284482376,436
1789477375.36349,1789477375.362979,-12.628600042297718,24.388709111862045,0.9549681496780936,-4.238602673546783,0.8625288984548374,-0.4944567891810364,1.6651887204622078,436
1789477375.373396,1789477375.3729713,-12.628600042297718,24.388709111862045,0.9549681496780936,-4.238602673546783,0.8625288984548374,-0.4944567891810364,1.6651887204622078,436
1789477375.3834023,1789477375.3829772,-12.716478726637808,24.406319715701574,0.9450151123904921,-4.598485339092678,0.907476803100916,-0.5052698917035965,1.7465833842902803,436
1789477375.393461,1789477375.3930123,-12.763887600381423,24.41559886298912,0.9398919975753968,-4.774482370689304,0.9268173846259252,-0.5072853659768342,1.790555643773518,436
1789477375.4035172,1789477375.4029815,-12.812282148303288,24.424914644730677,0.9348395454720567,-4.94243926939331,0.9434248381337564,-0.5068666653965649,1.835484412596765,436
1789477375.4134274,1789477375.4129863,-12.862154573002163,24.434352253887894,0.9298198663765327,-5.104134581269793,0.9575101348945082,-0.50401443729528,1.8818279996168992,436
1789477375.423376,1789477375.4229748,-12.914367372648753,24.444058221951277,0.9247682519710273,-5.261970896238992,0.9692379786591219,-0.49858694651592417,1.9303906528382913,436
1789477375.4333906,1789477375.4329698,-12.967343338113867,24.453725742049176,0.9198562528203004,-5.411025131726393,0.9782407625392224,-0.4907080932847927,1.979706969365614,436
1789477375.443382,1789477375.4429805,-13.022173464086535,24.463542297921155,0.9149997457646144,-5.554371613106335,0.9847350985416514,-0.480211561141351,2.03079317890783,436
1789477375.4535222,1789477375.4529724,-13.079575604476767,24.473614784586506,0.9101647604182677,-5.693362914853655,0.9887040311314903,-0.4668445952894117,2.0843205366342525,436
1789477375.4634454,1789477375.462974,-13.137058084777442,24.483493228811888,0.9055804824931096,-5.8219615360865955,0.9900092353009491,-0.4511861464111946,2.1379655854935073,436
1789477375.4733245,1789477375.4729338,-13.137058084777442,24.483493228811888,0.9055804824931096,-5.8219615360865955,0.9900092353009491,-0.4511861464111946,2.1379655854935073,436
1789477375.4833524,1789477375.482967,-13.25476315293614,24.503076116206145,0.8970069507443533,-6.055085189470153,0.9852132123673152,-0.41265175609253313,2.247933602246655,436
1789477375.4933784,1789477375.4929678,-13.316345611488241,24.512978478227698,0.8929628476503507,-6.162243616548118,0.9791213602554327,-0.3893325877844598,2.3055260499198216,436
1789477375.5033708,1789477375.5029697,-13.378451142666245,24.522727157798624,0.889196143997496,-6.260862929135722,0.9707482062613759,-0.3638164604974534,2.363643503155175,436
1789477375.5133705,1789477375.512969,-13.441009411172589,24.532306038334383,0.8857222944158042,-6.351206553642566,0.9602355172919261,-0.3362288721002631,2.4222176673660423,436
1789477375.5233712,1789477375.5229795,-13.50549022801049,24.541926705053974,0.8824823420355553,-6.435467402206723,0.9473986705864825,-0.3059589043256734,2.482623287762797,436
1789477375.5333667,1789477375.5329673,-13.569734769398215,24.551257369878112,0.8796025640802891,-6.511032976833333,0.9327609416406055,-0.27409061225546383,2.542835967929854,436
1789477375.5433934,1789477375.5429807,-13.636372334154398,24.56066706517507,0.8769876174482839,-6.581128995933053,0.9158015380057387,-0.23938150006229053,2.6053181528677927,436
1789477375.5533986,1789477375.5529654,-13.702422086203795,24.569723957852847,0.8747744538226527,-6.642815121286002,0.8973692351207374,-0.20346379302708817,2.643953748629776,77
1789477375.5634398,1789477375.5629714,-13.768451820931807,24.578509554912216,0.8729435765031435,-6.697234213633084,0.8774799663597163,-0.16619465140476009,2.6298011157069237,77
1789477375.5733848,1789477375.5729728,-13.835157055349818,24.587112232366533,0.8714860683054051,-6.745337933556889,0.8560459924555843,-0.12730683875049267,2.61711376917412,77
1789477375.5833778,1789477375.5829656,-13.903959434502486,24.59569787185203,0.870400347793771,-6.788212946329469,0.832668125509969,-0.08604820275361277,2.60574108727993,77
1789477375.5933723,1789477375.5929658,-13.972167055295335,24.603920794168065,0.8697470654069217,-6.824440592346416,0.8083526755446763,-0.04415209547103363,2.596200394650221,77
1789477375.6033454,1789477375.6029673,-14.040146883863892,24.611830039440218,0.8695190949328424,-6.854788959514946,0.7831118848807131,-0.0015681118349735834,2.5884227244359788,77
1789477375.6133351,1789477375.612967,-14.108382434607448,24.61948119556304,0.8697185770792669,-6.879914560515722,0.7568781173123328,0.04184849353450388,2.582364940968988,77
1789477375.6233609,1789477375.622965,-14.177726646040007,24.626960613307777,0.87036389487203,-6.900414322995983,0.7294023148082255,0.08649497660223113,2.5780128555770183,77
1789477375.6333408,1789477375.6329653,-14.247131659626648,24.634147038438655,0.8714587662808274,-6.9162889202485385,0.7011765355423935,0.131539062359197,2.5754840625354367,77
1789477375.6433582,1789477375.6429727,-14.31574646355013,24.64095622735401,0.8729840397164134,-6.927836986294794,0.6726446057839787,0.17625163823513332,2.574783990563425,77
1789477375.6536531,1789477375.6529665,-14.385270618038714,24.64755508547777,0.8749789743590436,-6.935750005621914,0.6431759715754453,0.22156391454299354,2.5759002484683,77
1789477375.663748,1789477375.6629655,-14.385270618038714,24.64755508547777,0.8749789743590436,-6.935750005621914,0.6431759715754453,0.22156391454299354,2.5759002484683,77
1789477375.6735055,1789477375.6729648,-14.523332406934038,24.65975750641084,0.8802771972233715,-6.941765764442044,0.5832511418232967,0.3108493522449189,2.576213927433472,78
1789477375.683444,1789477375.682981,-14.593001537611661,24.66545695841415,0.8836201213576305,-6.940695755990347,0.5524103494324568,0.3551821251619139,2.560855553159737,78
1789477375.693535,1789477375.6929746,-14.662115793401345,24.67080511931984,0.887373797805775,-6.937421980844459,0.5214728860821053,0.3984327765798687,2.5473840468464797,78
1789477375.7034035,1789477375.7029703,-14.731401229701794,24.67585874286139,0.8915672837697836,-6.932298985328099,0.4901474772947341,0.44087121155372194,2.535666419433248,78
1789477375.713411,1789477375.712971,-14.800730180351406,24.68060484874815,0.8961863231535178,-6.925688045039187,0.4585124548800819,0.48222299518893796,2.5257534404806052,78
1789477375.7234788,1789477375.7229652,-14.86938338485136,24.684995961248255,0.901166974056956,-6.9180212979636755,0.42691334354678506,0.521885008368346,2.5177413076765323,78
1789477375.7334416,1789477375.732978,-14.938926724886656,24.6891279793803,0.9066123411819674,-6.909454649351884,0.39463368496789103,0.560564073015002,2.5114714643730185,78
1789477375.7434504,1789477375.7429848,-15.007943643637425,24.692911167154023,0.9124002648237548,-6.900475996189244,0.3623269775494157,0.5972717275725121,2.5070989872661635,78
1789477375.7535343,1789477375.7529798,-15.077862150852624,24.696417728104638,0.9186367868718561,-6.891205980013086,0.3293137423833854,0.6325638301176476,2.504558814543312,78
1789477375.7635052,1789477375.762973,-15.146546714477775,24.6995391744818,0.9251101903913831,-6.882213811091478,0.29658987789952385,0.6651950477992157,2.503922239698868,78
1789477375.7734225,1789477375.772945,-15.146546714477775,24.6995391744818,0.9251101903913831,-6.882213811091478,0.29658987789952385,0.6651950477992157,2.503922239698868,78
1789477375.7834885,1789477375.7830017,-15.284568729487098,24.70482678375664,0.9390734729904485,-6.865520866818668,0.2298717139367173,0.7239698554604089,2.5082272440013402,78
1789477375.793468,1789477375.7929745,-15.353013964065402,24.70695235046404,0.9464240055487624,-6.8583771153939255,0.19626376200718634,0.7494301853187408,2.5131274662507965,78
1789477375.8032982,1789477375.8029642,-15.420615216609784,24.70872254098557,0.9539277166487203,-6.852311454264425,0.1626976784338417,0.7719877763588463,2.5197617679967834,78
1789477375.8133166,1789477375.8129647,-15.48916943844456,24.710178849977304,0.9617570885971511,-6.84732123993552,0.12825635515052541,0.7921075654521653,2.5283032907050025,78
1789477375.8232663,1789477375.822974,-15.557600171581196,24.711287365196345,0.969763941032354,-6.843632774189894,0.09345155235729194,0.809308879616876,2.520234502177798,79
1789477375.8333168,1789477375.832993,-15.626721850858727,24.712051945100495,0.9780146926361972,-6.8413154876835796,0.057845250954182074,0.8236594579874278,2.510427585780447,79
1789477375.8434298,1789477375.8429801,-15.69489794342423,24.712451539961656,0.9862812331403072,-6.840478785060677,0.022269667158507717,0.8347540520161179,2.5025864626166214,79
1789477375.853371,1789477375.8529418,-15.763588409226488,24.712493253885462,0.994706423004433,-6.841119282993422,-0.014040092729501808,0.8427949357247215,2.496544581877491,79
1789477375.8636198,1789477375.8629801,-15.831777200606302,24.71217179976197,1.0031324891209543,-6.843221390039938,-0.050547590989882034,0.8476175094641012,2.492407137558232,79
1789477375.8733976,1789477375.8729587,-15.831777200606302,24.71217179976197,1.0031324891209543,-6.843221390039938,-0.050547590989882034,0.8476175094641012,2.492407137558232,79
1789477375.8833559,1789477375.8829741,-15.968610612307948,24.71041916585339,1.0200939842404142,-6.851647715041056,-0.12516191414064648,0.8477152539437234,2.489740284293445,79
1789477375.893432,1789477375.892973,-16.03731863736061,24.708973966608966,1.0285699298536308,-6.857810902244847,-0.16327119613623692,0.8429493518243584,2.4912513032420334,79
1789477375.9034328,1789477375.9029708,-16.10537727756038,24.707165661673002,1.036894883547877,-6.86501168424418,-0.20140427710981793,0.8350917467777232,2.4946289947198257,79
1789477375.9134321,1789477375.9129667,-16.17518194524168,24.704918764457762,1.0453267438814235,-6.873350388080701,-0.24086997889626247,0.8238426080101986,2.500034930213582,79
1789477375.923468,1789477375.9229774,-16.242802817366766,24.702361427806917,1.0533607217531062,-6.882146271438376,-0.27939344477476524,0.8099337621388896,2.5071398314301283,79
1789477375.933472,1789477375.9330084,-16.311638285237112,24.699371880238527,1.061373114664264,-6.891592299340345,-0.3188452894705097,0.7928177059050605,2.5162498548545655,79
1789477375.9434469,1789477375.9429781,-16.38031625086398,24.695999975935113,1.069171425512652,-6.901251558998777,-0.3583769985595552,0.7728699401562011,2.5272122729463153,79
1789477375.9535398,1789477375.9529634,-16.450346017184874,24.692161200759532,1.0768933733620185,-6.911046683222402,-0.39878309396627964,0.7496987013378471,2.540298319787264,79
1789477375.9635172,1789477375.9629686,-16.518739448970013,24.688022230300398,1.0841848156245764,-6.920249880647597,-0.4382545959328144,0.7244419234603641,2.548970840938703,80
1789477375.9734292,1789477375.9729695,-16.518739448970013,24.688022230300398,1.0841848156245764,-6.920249880647597,-0.4382545959328144,0.7244419234603641,2.548970840938703,80
1789477375.9834518,1789477375.9829931,-16.657402501232173,24.678453315393643,1.0981128093766297,-6.936447896669572,-0.5179310699694148,0.6658640994154458,2.540290870339707,80
1789477375.993408,1789477375.9929683,-16.72669303945801,24.673084788728822,1.104600072681872,-6.9425818036450995,-0.5573645160382712,0.6332164033127079,2.5388366369022424,80
1789477376.0034099,1789477376.002972,-16.79683276353509,24.66725586019448,1.110819603081926,-6.946938371687163,-0.5968716090220111,0.5981125106079528,2.539325209572691,80
1789477376.0134022,1789477376.0129757,-16.8656235983069,24.66115677962079,1.1165632006158088,-6.949001715064056,-0.6351014856288446,0.5618550885376116,2.5417182845462962,80
1789477376.023389,1789477376.0229762,-16.934944199681013,24.654631668858617,1.121978928571408,-6.948455744096475,-0.6729852541633339,0.5236729497322893,2.5460410352858207,80
1789477376.0334308,1789477376.03297,-17.004573962731822,24.64769871925922,1.1270293198245744,-6.9448281296820165,-0.7102630934007006,0.48384973206153503,2.5523045991298225,80
1789477376.0433881,1789477376.0429776,-17.074759118529446,24.640331249869277,1.1317135439421087,-6.936955683422396,-0.7467966459181237,0.4426463270026875,2.560553042800571,80
1789477376.053496,1789477376.0529697,-17.144300745706687,24.632663024472638,1.1359533351120716,-6.9197442193522045,-0.7809228019089169,0.4026144742571319,2.5706223713577634,80
1789477376.0633876,1789477376.0629745,-17.21263839845686,24.624781198410002,1.1397527752993235,-6.888301179065935,-0.8113529897417096,0.3657819899725666,2.5823308323411203,80
1789477376.0734248,1789477376.0729697,-17.281470821168618,24.61650831947981,1.1432485549996105,-6.838281127725418,-0.8380714738003159,0.3321896946627439,2.595910684470173,80
1789477376.083379,1789477376.0829597,-17.349060685880314,24.608072260579792,1.1463996167633066,-6.76879089829632,-0.8598754009474626,0.30302206141008614,2.6109571869004164,80
1789477376.0934675,1789477376.0929742,-17.41643831243102,24.599368158445728,1.1493051897701267,-6.677947628990133,-0.8768071053700636,0.2776479750062148,2.6276098049844085,80
1789477376.1032834,1789477376.1029704,-17.48253352775868,24.590557101381016,1.1519645114509263,-6.567192816488219,-0.8884487166465175,0.2559329211201111,2.6455141849801036,80
1789477376.113409,1789477376.1129694,-17.548515586275215,24.58150468783691,1.1544617833264965,-6.4351022581339254,-0.8949391327635053,0.2366916456358616,2.6649014415143717,80
1789477376.1233726,1789477376.1229703,-17.612394460330574,24.572508986554922,1.1567507307020009,-6.287022867903505,-0.8961840305777979,0.21948693535558425,2.6850761356340453,80
1789477376.1333873,1789477376.1329803,-17.674218992633367,24.563597175919913,1.1588552997059192,-6.125384670525422,-0.8925662279392803,0.203150283433056,2.705884827053284,80
1789477376.1434314,1789477376.1429765,-17.734461971444336,24.55473069661837,1.160799113161097,-5.9513729434950875,-0.8844133225436882,0.18643026247523528,2.7273423687635434,80
1789477376.153456,1789477376.1529841,-17.793458815602854,24.545885122727444,1.1625857086801001,-5.766169390034111,-0.8719662916194947,0.16812994179233703,2.74945376539884,80
1789477376.163515,1789477376.162968,-17.849639513850985,24.537324837270653,1.164152533791511,-5.577275983753991,-0.8559965081453579,0.1477971338590659,2.7714887692216794,80
1789477376.1735468,1789477376.1729658,-17.904047446414353,24.52892052299739,1.1655060295154933,-5.383796490149579,-0.8367093393669378,0.12431932015086988,2.7937092878200387,80
1789477376.1835172,1789477376.1829684,-17.956921846825246,24.520659673223683,1.1666159867620824,-5.186922012888232,-0.8143851822655507,0.09692384523667524,2.8161048578392385,80
1789477376.1935182,1789477376.1929586,-18.00863931357812,24.51250612288315,1.1674420624251611,-4.986966151844388,-0.789169338415361,0.06484831280092374,2.838745302719602,80
1789477376.2034748,1789477376.2029655,-18.056679861683353,24.504882878564683,1.1679096214595552,-4.7955365634236715,-0.7627907521744924,0.02967293588321812,2.8604001465240008,80
1789477376.213397,1789477376.2129374,-18.103920786905483,24.49735675190865,1.1680095152632204,-4.602611280475713,-0.7341167134132317,-0.01047656301079769,2.882254087214976,80
1789477376.2233508,1789477376.222937,-18.148582097613772,24.490231071366562,1.1676942228209424,-4.416334220749341,-0.7045509763300543,-0.053763180033201574,2.9033999480370767,80
1789477376.2334242,1789477376.2329686,-18.192311712649385,24.483261322450296,1.1669130085232873,-4.230347330716459,-0.673313746204059,-0.10116618312698633,2.924537228527324,80
1789477376.2433813,1789477376.2429707,-18.233896894663697,24.476656850446748,1.1656501530253105,-4.049864998085464,-0.6415157937933978,-0.15056937786271285,2.9450121630740913,80
1789477376.2534046,1789477376.2529666,-18.273214611365628,24.470449283339903,1.1639083537641028,-3.8752694743869,-0.6095589187340045,-0.20060234502463725,2.964685599236866,80
1789477376.26344,1789477376.2629678,-18.31115665715695,24.464507544343352,1.1616457602121526,-3.702000241030446,-0.5769290856269416,-0.25112223451044735,2.983942201173089,80
1789477376.27337,1789477376.2729871,-18.347057402009344,24.458942688068277,1.1589095588440506,-3.5321875718173104,-0.5443546428906638,-0.299889909617137,3.002391928416535,80
1789477376.2833874,1789477376.2829638,-18.347057402009344,24.458942688068277,1.1589095588440506,-3.5321875718173104,-0.5443546428906638,-0.299889909617137,3.002391928416535,80
1789477376.2933836,1789477376.2929661,-18.414602209488137,24.44866823842648,1.1519591362080976,-3.1892322197202567,-0.4780870195819462,-0.38901373481007157,3.0376536376104015,80
1789477376.303373,1789477376.3029647,-18.44574076070118,24.444036351767107,1.1478646904594572,-3.0158963951598037,-0.4450007640098233,-0.42593571478466413,3.054128946194081,80
1789477376.3135524,1789477376.3129663,-18.47465202115284,24.439804871472482,1.143508505398206,-2.8426581828361863,-0.41256351837997657,-0.45571184163231004,3.0695381024415345,80
1789477376.3234437,1789477376.3229654,-18.502204548273205,24.435840248128102,1.1388284660451224,-2.6633910028032344,-0.3798512076876878,-0.47830450531122626,3.084316672188684,80
1789477376.3333983,1789477376.3329656,-18.52822250841107,24.432162537573625,1.1339083268024517,-2.477947735454557,-0.347047672488665,-0.4926035433042519,3.0983500657099445,80
1789477376.3433795,1789477376.3429673,-18.552275135310722,24.42882413005086,1.1289037695438942,-2.2888181346756613,-0.31473120335326654,-0.4978157159584114,3.1113858384478528,80
1789477376.3534107,1789477376.3529696,-18.57417154143921,24.425840046444357,1.1239467537930303,-2.097950409234323,-0.28328215455619854,-0.4939124216339075,3.123301147376575,80
1789477376.363452,1789477376.3629684,-18.593802812452097,24.423212341539077,1.1191601804134599,-1.907673321340147,-0.25305577429716836,-0.4814507314472878,3.134019589572907,80
1789477376.3733742,1789477376.3729653,-18.612063113176845,24.420811460752557,1.1144007305497707,-1.7099870289642485,-0.22277947603156237,-0.4601355502758154,3.144016915646442,80
1789477376.383399,1789477376.382964,-18.612063113176845,24.420811460752557,1.1144007305497707,-1.7099870289642485,-0.22277947603156237,-0.4601355502758154,3.144016915646442,80
1789477376.3933816,1789477376.3929682,-18.642497480412132,24.416912098891533,1.105753375876575,-1.3182088484321208,-0.16588337572975093,-0.39541277350085746,3.1607288814519316,80
1789477376.4033806,1789477376.4029648,-18.654600746138485,24.415401120309504,1.1020396540540414,-1.1309875229309962,-0.14002339655188456,-0.3550555066824199,3.167388114532958,80
1789477376.4134803,1789477376.4129639,-18.6650384770979,24.414118892689128,1.0986943600539716,-0.9477750056627762,-0.11548129775609081,-0.31023070581079726,3.1731345063569094,80
1789477376.423518,1789477376.4229362,-18.673565291041086,24.413087556094375,1.0958516144963868,-0.7770008074415735,-0.09325282753137573,-0.2639750706352696,3.177829626393998,80
1789477376.4334106,1789477376.432997,-19.101724877881775,24.286424345352543,1.0719227917528917,-2.0705712950001813,-0.4917446924348632,-0.274455402747896,3.4941984982702627,80
1789477376.4435246,1789477376.4429855,-19.121757661556877,24.281649647546,1.069235885376756,-1.8880392012121783,-0.4516448663655185,-0.25627339108794506,3.508606184217282,80
1789477376.4533887,1789477376.4529574,-19.139531815543133,24.277383519854475,1.0667967466466228,-1.7152876991528485,-0.4131122808134357,-0.23801186092181836,3.521458874708584,80
1789477376.463532,1789477376.4629755,-19.15583887110693,24.27344321108411,1.0645099563099045,-1.5460899652684945,-0.37483797562327326,-0.21915186306073964,3.533309088808186,80
1789477376.473686,1789477376.4729779,-19.170437904898947,24.26989263391313,1.0624197357315852,-1.3840924923032494,-0.3377060122975539,-0.2002028420011862,3.5439665436780383,80
1789477376.4834871,1789477376.4829698,-19.170437904898947,24.26989263391313,1.0624197357315852,-1.3840924923032494,-0.3377060122975539,-0.2002028420011862,3.5439665436780383,80
1789477376.4934835,1789477376.4929595,-19.195075744170786,24.263845707869187,1.0587891786112908,-1.08107468248831,-0.26698958170081677,-0.16243145757553457,3.5620601509831773,80
1789477376.5033162,1789477376.5029554,-19.205274301443083,24.261319821300876,1.057243255573841,-0.9409463805359017,-0.23373221414074463,-0.14393285829889757,3.5695913650768394,80
1789477376.5133243,1789477376.512957,-19.213987188179967,24.259149665979976,1.0558993443463123,-0.8117494854799641,-0.20275420085901485,-0.12628805418849343,3.576046019544655,80
1789477376.523445,1789477376.522958,-19.2215529828222,24.257254923869944,1.0547127665959404,-0.6903003388485813,-0.17335249061853353,-0.10917261054395411,3.5816671711089074,80
1789477376.533594,1789477376.5329595,-19.227866064665,24.25566555172061,1.0537067070332478,-0.5801835684686365,-0.1464512116925205,-0.09319551055344566,3.586370012713387,80
1789477376.5435402,1789477376.5429723,-19.233108202430984,24.25433912220328,1.0528585253924074,-0.48047968046546785,-0.12188597834726855,-0.07833537647997768,3.5902843941793194,80
1789477376.5535934,1789477376.5529697,-19.237454001131287,24.253234103274053,1.052145012278681,-0.3898769042511878,-0.09938245508194221,-0.06448790950285521,3.593536542508795,80
1789477376.5635269,1789477376.562967,-19.240954357882273,24.252339805667127,1.0515621146820013,-0.30934724439543615,-0.07922645004079532,-0.051884979835585376,3.5961612562633385,80
1789477376.5736556,1789477376.5729644,-19.24370344165793,24.251634194602214,1.0510980336766838,-0.23902575310026553,-0.061496306432467396,-0.04063188087535874,3.598226413978161,80
1789477376.5834832,1789477376.582962,-19.245782897291523,24.251098070383666,1.0507423676324374,-0.17937167444276714,-0.046351209970157736,-0.03088459782088382,3.5997911528791113,80
1789477376.5935385,1789477376.5929618,-19.247329863601777,24.250697504639756,1.0504744202825989,-0.12904876850197233,-0.03349067285686891,-0.022498829726276703,3.6009570004234557,80
1789477376.6035404,1789477376.6029742,-19.24839675768665,24.25042009385634,1.0502873786834845,-0.08917647812049445,-0.023237148603024504,-0.015730961422465217,3.6017621886625935,80
1789477376.6135535,1789477376.612967,-19.249123009634914,24.250230497653884,1.0501585754694296,-0.05746603745952683,-0.015034197606464517,-0.010254492664420578,3.602311010891008,80
1789477376.623544,1789477376.6229722,-19.249574118728493,24.250112268374977,1.050077664770587,-0.033863627341728986,-0.008893846409571804,-0.006110382971624251,3.6026523318964814,80
1789477376.6336033,1789477376.632966,-19.24982758830679,24.25004558432269,1.0500317054866857,-0.017408988207884946,-0.004589668596389984,-0.0031755309489653882,3.6028443381230724,80
1789477376.6434112,1789477376.6430027,-19.2499452824212,24.250014507450306,1.0500101421989527,-0.0074523816394904685,-0.0019717848562148532,-0.0013732667629495765,3.602933591100711,80
1789477376.6535327,1789477376.6529658,-19.249990040771014,24.250002647983802,1.0500018607381172,-0.002102888234215783,-0.000558391102022604,-0.00039145087289771396,3.6029675686222906,80
1789477376.6634688,1789477376.662964,-19.249999505009495,24.25000013196637,1.0500000931886553,-0.00022406583807921265,-5.9701225579189554e-05,-4.211291984379528e-05,3.602974760283693,80
1789477376.6736758,1789477376.672967,-19.25,24.25,1.0499999999999994,0.0,0.0,8.881784197001252e-16,3.602975136733502,80
1789477376.683618,1789477376.6829643,-19.25,24.25,1.0499999999999994,0.0,0.0,8.881784197001252e-16,3.602975136733502,80
1789477376.6934507,1789477376.692934,-19.25,24.25,1.0499999999999994,0.0,0.0,8.881784197001252e-16,3.602975136733502,80
1789477376.7037303,1789477376.7029681,-19.25,24.25,1.0499999999999994,0.0,0.0,8.881784197001252e-16,3.602975136733502,80
1789477376.7135038,1789477376.7129626,-19.25,24.25,1.0499999999999994,0.0,0.0,8.881784197001252e-16,3.602975136733502,80
1789477376.7235968,1789477376.722975,-19.25,24.25,1.0499999999999994,0.0,0.0,8.881784197001252e-16,3.602975136733502,80
1789477376.733552,1789477376.7329593,-19.25,24.25,1.0499999999999994,0.0,0.0,8.881784197001252e-16,3.602975136733502,80
1789477376.7434993,1789477376.7429771,-19.25,24.25,1.0499999999999994,0.0,0.0,8.881784197001252e-16,3.602975136733502,80
1789477376.7535486,1789477376.7529352,-19.25,24.25,1.0499999999999994,0.0,0.0,8.881784197001252e-16,3.602975136733502,80
1789477376.7634842,1789477376.762964,-19.25,24.25,1.0499999999999994,0.0,0.0,8.881784197001252e-16,3.602975136733502,80
1789477376.7737758,1789477376.7729998,-19.25,24.25,1.0499999999999994,0.0,0.0,8.881784197001252e-16,3.602975136733502,80
1789477376.7836137,1789477376.782995,-19.231901972886025,24.279103367990693,1.0284532028972544,-0.2559315550313624,0.1499984437267692,0.12675102229581595,3.5687047760505917,80
1789477376.7935414,1789477376.792995,-19.23479157471176,24.280790504476098,1.0298802208629991,-0.32755799172970773,0.19057105580791986,0.16132998871952206,3.5688282353424294,80
1789477376.8036158,1789477376.8029811,-19.238459501589773,24.282916038113807,1.0316812816813343,-0.409327234324052,0.23631711281685708,0.20041290224948066,3.569002342913064,80
1789477376.8140073,1789477376.8129616,-19.243034706594244,24.285546490737,1.03391408853838,-0.5016456818012033,0.2872792655942181,0.24405384141920347,3.5692431164130185,80
1789477376.8239524,1789477376.8229916,-19.248547621307363,24.288690069155727,1.0365869487204966,-0.6029254425301959,0.34239371443278543,0.29135458673071074,3.5695639862859303,80
1789477376.8339124,1789477376.8330028,-19.25510013620692,24.292394620981867,1.0397418295468386,-0.713120803782647,0.40145106831641997,0.34214248621439614,3.5699846665470383,80
1789477376.8439703,1789477376.8429635,-19.262959069815196,24.296797915441044,1.0434975203128745,-0.834531115875418,0.4654515088851384,0.3972840446674588,3.5705405641136108,80
1789477376.8534775,1789477376.852962,-19.27179370153819,24.30170186712625,1.0476862081218756,-0.9604378255038948,0.5306598312873256,0.45355812198517353,3.571227211363168,80
1789477376.8634863,1789477376.8629692,-19.282204196042,24.307424498671754,1.0525806348784235,-1.0977497326171044,0.6004362669434105,0.5138569849652076,3.5721145268208976,80
1789477376.8735676,1789477376.8729641,-19.293908188776413,24.313792516177124,1.0580336777739534,-1.2409293638838002,0.671706193265897,0.5755125515234607,3.5732070879358626,80
1789477376.8836157,1789477376.8829548,-19.293908188776413,24.313792516177124,1.0580336777739534,-1.2409293638838002,0.671706193265897,0.5755125515234607,3.5732070879358626,80
1789477376.8934238,1789477376.8929608,-19.32166470897435,24.328647702320232,1.070774500196742,-1.5454942193658603,0.818188929383014,0.7023408130775421,3.5761721462966007,80
1789477376.9034975,1789477376.9029682,-19.33774857785286,24.337112173555774,1.0780431818509588,-1.7048791110267345,0.8920042131081676,0.7662454465958131,3.578116861911439,80
1789477376.9134047,1789477376.9129603,-19.35595917739704,24.34657951966538,1.0861781614009522,-1.8735980580878409,0.9679431558521261,0.8319327553664505,3.5805091387958883,80
1789477376.92343,1789477376.9229538,-19.375187154586797,24.356449451588787,1.0946628104060345,-2.0404274107121134,1.040736334222663,0.8947998567121425,3.5832468727983646,80
1789477376.9333549,1789477376.932955,-19.396362589086905,24.367176848017067,1.103886760970155,-2.212806852491401,1.1134645192185328,0.9574584726397303,3.5865055178711205,80
1789477376.9436216,1789477376.9429753,-19.419732293736068,24.378851178684087,1.1139251220825048,-2.391297907734761,1.1859962341660697,1.019726694557078,3.590389436668205,80
1789477376.9536707,1789477376.952956,-19.44417436425804,24.390884442450982,1.1242698091436334,-2.566664730998696,1.2543812573381468,1.0781512321972402,3.5947654532308415,80
1789477376.963691,1789477376.9629443,-19.470762492179375,24.40377718616678,1.1353479958880763,-2.7460822530433804,1.3212452007855744,1.1349097255979204,3.599880557106555,80
1789477376.9735758,1789477376.972954,-19.4993484597196,24.417417867783175,1.1470597097752266,-2.9275080340630013,1.3854950944508335,1.1889834394471377,3.6057822820844225,80
1789477376.983669,1789477376.9829547,-19.4993484597196,24.417417867783175,1.1470597097752266,-2.9275080340630013,1.3854950944508335,1.1889834394471377,3.6057822820844225,80
1789477376.9935396,1789477376.9929562,-19.56121525694377,24.44618950888142,1.1717176039166384,-3.286047842238106,1.5017292919917091,1.2850390609817774,3.6199370140724354,80
1789477377.003425,1789477377.0029597,-19.59504674265702,24.461505327153922,1.1848106033013688,-3.4654144234068505,1.5540689085544188,1.3271452664473626,3.628452941348224,80
1789477377.0134652,1789477377.0129528,-19.630392980948233,24.47720154156968,1.1981990176673056,-3.6420380803848627,1.6014810328243643,1.364316235867421,3.6379189267338092,80
1789477377.0233073,1789477377.0229602,-19.667843900008414,24.493499284786086,1.2120634322792798,-3.8184522207445335,1.6444573051369358,1.3968416085453694,3.6485689419523646,80
1789477377.0333962,1789477377.0329528,-19.7069137588082,24.510143361317933,1.2261776837184915,-3.991943580299764,1.6821356085311034,1.4239652506365448,3.660344915697038,80
1789477377.043361,1789477377.0429587,-19.747662380881184,24.527119697272077,1.2405206195030571,-4.162557689293038,1.7144107187107662,1.4455319577972099,3.673335235538406,80
1789477377.0533624,1789477377.0529525,-19.790696866063158,24.544630589119272,1.2552515049513722,-4.332382633999401,1.741524958848365,1.4614715776467406,3.6878221744322226,80
1789477377.0634348,1789477377.0629516,-19.834273632162137,24.561936515321328,1.269729788553427,-4.494296611803744,1.7635602448309922,1.4701036549208317,3.7032734229629125,80
1789477377.0734859,1789477377.0729663,-19.879957943897022,24.57964842804662,1.284419991315009,-4.653802924439996,1.783137622819479,1.4702408677701972,3.7202803156274666,80
1789477377.083372,1789477377.0829554,-19.879957943897022,24.57964842804662,1.284419991315009,-4.653802924439996,1.783137622819479,1.4702408677701972,3.7202803156274666,80
1789477377.0933602,1789477377.0929544,-19.976444109511448,24.61579225600005,1.313690097476902,-4.9589587239362976,1.818681152062865,1.439791104065038,3.7587152343316323,80
1789477377.1034596,1789477377.1029654,-20.02668534886284,24.634038912499168,1.3279189498227444,-5.102200071125971,1.8356697956356127,1.4080355337282573,3.77996961274738,80
1789477377.1133792,1789477377.1129365,-20.07835357250292,24.652463873618675,1.3417811996458728,-5.239261695420719,1.8524517163393837,1.3649079199460985,3.802640614928391,80
1789477377.123554,1789477377.1229584,-20.131214040692072,24.67100465939495,1.3551208885027064,-5.369425097290542,1.868852929585105,1.3107038747894866,3.8266367831747035,80
1789477377.1334763,1789477377.1329556,-20.18621827112752,24.69000799677892,1.368065644769721,-5.494771249752397,1.8848670914387138,1.2445452471469247,3.852419244788826,80
1789477377.1434226,1789477377.142965,-20.24135310359337,24.7087951811202,1.3800569531208784,-5.610752719801995,1.899550677330037,1.169487289157403,3.879053156018588,80
1789477377.153436,1789477377.1529746,-20.298796551771513,24.728122561187078,1.3914885029693835,-5.721866970628075,1.9137490638836172,1.0850072501867523,3.9076035416912456,80
1789477377.16365,1789477377.1629589,-20.356110678997428,24.74718863359,1.4018306712681305,-5.823479675645005,1.927239488420416,0.9981113251522143,3.9368641293918722,80
1789477377.1734486,1789477377.1729603,-20.356110678997428,24.74718863359,1.4018306712681305,-5.823479675645005,1.927239488420416,0.9981113251522143,3.9368641293918722,80
1789477377.183491,1789477377.1829298,-20.4742305233845,24.785912459848582,1.4199924964857662,-6.007276980555562,1.951896734354526,0.8225632848001752,3.9994566450084683,80
1789477377.1935084,1789477377.1929579,-20.535026726662295,24.805579504207273,1.4278327068220251,-6.090435413834728,1.9614536424030593,0.738411373346827,4.032814270380403,80
1789477377.2035627,1789477377.2029266,-20.596635108774667,24.82532785880964,1.4348526909032582,-6.168140272095779,1.9675875419636695,0.6594852558383829,4.067382398437544,80
1789477377.2135835,1789477377.2129564,-20.658644177012626,24.845003027530215,1.4410778703413025,-6.240638416566606,1.9690025002741267,0.5874906004072447,4.102944218390644,80
1789477377.2235105,1789477377.222954,-20.720272188047534,24.86432583068158,1.4465299538517578,-6.307849477580042,1.9645722692273502,0.5239521574730315,4.139051379924402,80
1789477377.2334974,1789477377.2329628,-20.784188514728307,24.884076604672206,1.4515167955963904,-6.37282019261481,1.952780965925472,0.4669000445379479,4.177310117882405,80
1789477377.2434018,1789477377.2429698,-20.8475685480768,24.903315633753092,1.455896560154266,-6.432186670809719,1.9329739823521546,0.41947242133884305,4.216073509593585,80
1789477377.2535036,1789477377.2529566,-20.913088863169225,24.92277675072404,1.4599427480921212,-6.488031291651193,1.90323111399959,0.38001834114921035,4.257023582116226,80
1789477377.2634916,1789477377.262966,-20.978347425513878,24.94165569665607,1.463593123200421,-6.537959689154474,1.8636170903527052,0.35017240662192667,4.298712115908792,80
1789477377.2736647,1789477377.272927,-21.04304353859972,24.959798523330086,1.4669374968209392,-6.5818279768274,1.8140352091899574,0.32949806839475987,4.340945808556383,80
1789477377.283581,1789477377.2829752,-21.04304353859972,24.959798523330086,1.4669374968209392,-6.5818279768274,1.8140352091899574,0.32949806839475987,4.340945808556383,80
1789477377.2936392,1789477377.2929945,-21.176274801843732,24.99502008212692,1.4733433333878099,-6.654689145381397,1.678262398297134,0.312432676972076,4.430823348139564,80
1789477377.3036287,1789477377.30296,-21.242109640638912,25.011179365736783,1.4764330130618868,-6.682141594404095,1.593402786013083,0.31446024211504936,4.476712985120774,80
1789477377.3136923,1789477377.3129604,-21.30890610381243,25.026597977587627,1.4796027360657902,-6.704318384092731,1.4946124076108425,0.32154623399138244,4.524298058211783,80
1789477377.32368,1789477377.3229446,-21.376315798225804,25.041051686063195,1.4828835654913481,-6.720994460562055,1.382007201345353,0.33243026326872843,4.573387262207952,80
1789477377.3335202,1789477377.3329663,-21.443484295971274,25.054238807201116,1.4862678366655082,-6.732003752693836,1.2573275396685906,0.3457658345297163,4.62338560862815,80
1789477377.3434694,1789477377.3429983,-21.510846009925334,25.066139088984947,1.4897991350486037,-6.737507882158948,1.1204664842128187,0.36054744035095143,4.674630527917132,80
1789477377.3534546,1789477377.3529384,-21.57822410563269,25.076612890793896,1.49348073723091,-6.737539911646335,0.9725971415809311,0.3757988293493054,4.727004158810673,80
1789477377.3634357,1789477377.3629584,-21.64557076766742,25.085556979981575,1.497313608929916,-6.732206844516515,0.8148438226547429,0.39074222770471256,4.780476620740285,80
1789477377.3734224,1789477377.3729572,-21.713377857941417,25.092931251310056,1.501324205450128,-6.72152392411574,0.6470236808281148,0.40485154313837735,4.835453250821514,80
1789477377.383398,1789477377.3829525,-21.713377857941417,25.092931251310056,1.501324205450128,-6.72152392411574,0.6470236808281148,0.40485154313837735,4.835453250821514,80
1789477377.3933709,1789477377.3929532,-21.84743274930891,25.102368251372937,1.509662251523168,-6.684901920569541,0.2927785775968658,0.4279379636347853,4.947505863924189,80
1789477377.403544,1789477377.4029837,-21.914229363235098,25.10437371978561,1.5139899083974884,-6.658955829306868,0.10711963831721986,0.43623722127829695,5.005002344073061,80
1789477377.4135427,1789477377.412987,-21.980045631674965,25.104508373409104,1.518341573654485,-6.628310911939726,-0.08048176147691409,0.44190937327810104,5.062731637874652,80
1789477377.423556,1789477377.4229794,-22.04755639723097,25.10268631463483,1.5228725606350904,-6.591461684998446,-0.2766948131840107,0.44490257597398325,5.123052218920034,80
1789477377.433688,1789477377.4329634,-22.112258927972817,25.099024403214287,1.5272555467782734,-6.550584925107057,-0.46727221572238664,0.4449348986893201,5.181908034643038,80
1789477377.4436917,1789477377.4429445,-22.177564945153982,25.093379478996777,1.5316949970913605,-6.5034566072644795,-0.6611084121528924,0.4420376000889394,5.2423431434659085,80
1789477377.4535465,1789477377.452966,-22.24246470679455,25.085786776698036,1.5360969239804019,-6.450533499322017,-0.8542495829186073,0.43615476497266287,5.303421857154857,80
1789477377.4635055,1789477377.4629545,-22.306034377861945,25.076394446987578,1.5403734650190088,-6.3926340137335025,-1.0430217157286243,0.42743075146508974,5.364229038815737,80
1789477377.4736648,1789477377.4729297,-22.36995266092882,25.064963334879792,1.5446118890030702,-6.328220412674036,-1.2315268087710507,0.415671112561781,5.426343596258712,80
1789477377.483584,1789477377.483003,-22.433261195917986,25.05164323259012,1.5487220377603428,-6.258145647068452,-1.416056226480656,0.40106473732762515,5.4888251858659745,80
1789477377.49396,1789477377.4929745,-22.495434104682907,25.036596284547596,1.5526465447520348,-6.182912699865078,-1.5941646588803857,0.38387240932821787,5.551113402749796,80
1789477377.504325,1789477377.502982,-22.557166828512877,25.019701498775515,1.5564068345597322,-6.101451210871555,-1.766893046346439,0.3640483605693677,5.6138685949925735,80
1789477377.5133786,1789477377.512953,-22.617368973783552,25.00132614227273,1.559917080780772,-6.015186665631565,-1.9304637436500773,0.3421320689169022,5.67593893768511,80
1789477377.5234656,1789477377.5229902,-22.676612761298383,24.98139019736295,1.5631950218171182,-5.923480601865275,-2.085909465296129,0.31815088087488624,5.737861915603505,80
1789477377.5333936,1789477377.5329492,-22.735825374199276,24.959606389194036,1.5662709333302678,-5.8248747752763315,-2.235012793627188,0.29188645897019416,5.800588143882998,80
1789477377.5435815,1789477377.5429678,-22.794088345186747,24.936337392093442,1.5690767569015438,-5.7208878223876365,-2.3748368616981446,0.26391796026110603,5.8631279798369365,80
1789477377.5533345,1789477377.5529456,-22.850574755114888,24.912020672116814,1.5715637121545767,-5.613031371732849,-2.502886425370421,0.23492686233600343,5.924542096076034,80
1789477377.5634181,1789477377.5629458,-22.905468656874955,24.88671680254362,1.5737381494026863,-5.499718957230685,-2.6180913302551407,0.2051706097483679,5.984966138554864,80
1789477377.5733755,1789477377.5729465,-22.905468656874955,24.88671680254362,1.5737381494026863,-5.499718957230685,-2.6180913302551407,0.2051706097483679,5.984966138554864,80
1789477377.5833914,1789477377.582957,-23.013422570653326,24.832105768864164,1.5772344742238016,-5.246863175577815,-2.8115408998121008,0.14272185746606847,6.10594118528132,80
1789477377.593343,1789477377.5929484,-23.06539505190701,24.80349875518585,1.5785078240431478,-5.110072107038025,-2.887507619057055,0.11103105268675054,6.165207819858219,80
1789477377.603471,1789477377.6029477,-23.11586792217372,24.774254021370492,1.5794612836685544,-4.968097802421176,-2.9502925104877464,0.07938006012682954,6.223414040542032,80
1789477377.6134574,1789477377.6129544,-23.16408317884864,24.744948626502417,1.5800903866425138,-4.824554562731342,-3.000155183285355,0.04844714170493167,6.279626467365376,80
1789477377.623436,1789477377.623027,-23.212251831301874,24.714309260523883,1.5804218534482624,-4.674141956652793,-3.040179026285081,0.017014748251025454,6.33639388697053,80
1789477377.6335285,1789477377.6329114,-23.258219908089686,24.683772029497508,1.580439942683307,-4.524896817568775,-3.0692560533819013,-0.01325454256109417,6.3911510627472605,80
1789477377.6433823,1789477377.642965,-23.30277612857351,24.652936550264588,1.5801593952740352,-4.375381407715384,-3.088604634187127,-0.04259966118279767,6.444784970712493,80
1789477377.6533802,1789477377.652955,-23.34578447467686,24.621994439850162,1.5795919405052588,-4.226622954263028,-3.0983888720665678,-0.070666344049894,6.49709094907154,80
1789477377.6634455,1789477377.6629562,-23.386713854579,24.591454142096858,1.5787652185042544,-4.080802985465736,-3.098724516567478,-0.09687174981804839,6.547368773369593,80
1789477377.6735327,1789477377.6729536,-23.427171414629438,24.56020144582884,1.5776585197366813,-3.932122386385937,-3.0893690342445748,-0.12200748458657365,6.597557020589646,80
1789477377.6833735,1789477377.6829224,-23.427171414629438,24.56020144582884,1.5776585197366813,-3.932122386385937,-3.0893690342445748,-0.12200748458657365,6.597557020589646,80
1789477377.693452,1789477377.692981,-23.502751617388036,24.49893800744478,1.5747716649719756,-3.639516017451109,-3.041234642948471,-0.1658120616228435,6.692653075262482,80
1789477377.703439,1789477377.7029524,-23.538651612301766,24.468509496986048,1.5730056755539044,-3.4919879136849894,-3.0016735976860724,-0.18461667828198638,6.738446285061208,80
1789477377.7133825,1789477377.7129524,-23.572315446864902,24.43919248295764,1.5711071634903078,-3.347340593085691,-2.9529530013741505,-0.20071596144646756,6.781758428701621,80
1789477377.7233956,1789477377.7229362,-23.605122407211613,24.409888498884886,1.5690234192854193,-3.199412543136262,-2.8931819199785904,-0.2147017003131947,6.824318016103695,80
1789477377.7333567,1789477377.732956,-23.636321222784378,24.381346780339737,1.5668208977516414,-3.051237304605638,-2.8236064905265104,-0.2261693916230398,6.865115485260213,80
1789477377.743668,1789477377.7429612,-23.666055122926934,24.353530757950885,1.5645147493856695,-2.9020716014499874,-2.7442544426588094,-0.2351646657447572,6.904294846172492,80
1789477377.7535326,1789477377.7529273,-23.694413507481762,24.326439601142088,1.562120676970016,-2.7514190569867276,-2.655210621467351,-0.24171261133077346,6.941935696733844,80
1789477377.763492,1789477377.76296,-23.72116774174545,24.30037410623525,1.5596816976167143,-2.6006193972153064,-2.5577398606287294,-0.24579900068724675,6.977696035668649,80
1789477377.773513,1789477377.7729511,-23.746360786229573,24.275375175789492,1.557218961280576,-2.449760906463343,-2.4524978838890856,-0.2475161378414825,7.011594051801309,80
1789477377.7833946,1789477377.7829497,-23.746360786229573,24.275375175789492,1.557218961280576,-2.449760906463343,-2.4524978838890856,-0.2475161378414825,7.011594051801309,80
1789477377.7933867,1789477377.7929509,-23.792414688996075,24.22851514067893,1.5522776612767468,-2.147229276544845,-2.220457364441406,-0.24423308723701198,7.0741384798327225,80
1789477377.8034186,1789477377.8029535,-23.813116598414368,24.206949143443953,1.5498599053582285,-1.9976151130771262,-2.096383515281621,-0.23949029049700044,7.102504283763009,80
1789477377.8133411,1789477377.8129416,-23.832575317659124,24.186384642056037,1.5474682347283857,-1.84760598274484,-1.9663906491882932,-0.23278174635111434,7.129314421515867,80
1789477377.8234346,1789477377.8229277,-23.850078047536208,24.167636366718124,1.545212554534332,-1.703631802045463,-1.8367214108966043,-0.22457512529215237,7.153556269333845,80
1789477377.8333645,1789477377.8329275,-23.86659767930722,24.149714693212943,1.5429869142356396,-1.558527509689469,-1.701481614650344,-0.214611832105363,7.176551067820024,80
1789477377.84338,1789477377.8429549,-23.881599565529786,24.133240341828987,1.5408785614896066,-1.4175910513159036,-1.5660032696253454,-0.2033543783286163,7.197534159661639,80
1789477377.8534262,1789477377.8529432,-23.894917624727118,24.1184477154909,1.5389317677843917,-1.283761025153306,-1.4337876265224174,-0.19125433143349393,7.216246943088915,80
1789477377.8634586,1789477377.8629575,-23.90701985343266,24.104860672224813,1.5370961167634154,-1.1536044211836625,-1.302011732389347,-0.17818740086106513,7.233324830963146,80
1789477377.873461,1789477377.8729606,-23.90701985343266,24.104860672224813,1.5370961167634154,-1.1536044211836625,-1.302011732389347,-0.17818740086106513,7.233324830963146,80
1789477377.883453,1789477377.882946,-23.927607810509354,24.081399705405865,1.533808754279782,-0.9079258815993302,-1.045080168234299,-0.1500503738842795,7.262552901391875,80
1789477377.8934102,1789477377.8929539,-23.936107738851845,24.071571445523745,1.5323819635870004,-0.7946331773421197,-0.9230948047189249,-0.13553097002886078,7.274691743223626,80
1789477377.9033759,1789477377.9029503,-23.943518330653937,24.062925545738036,1.5310990541107827,-0.6881110425813639,-0.8064091451016062,-0.12096636923147039,7.2853137087134705,80
1789477377.9133608,1789477377.9129493,-23.949944571446753,24.055363053526683,1.5299529839547539,-0.5881979080574422,-0.6952026558409511,-0.10647415998063944,7.29455732812646,80
1789477377.923454,1789477377.9229567,-23.95534901301887,24.048950109563684,1.5289612183991288,-0.4970396582467435,-0.5922297478402776,-0.09251769066251306,7.302357570588975,80
1789477377.9335847,1789477377.9329548,-23.95991278693188,24.04349144988256,1.5281004007592434,-0.41323677116917923,-0.496255743060277,-0.07903274410135581,7.3089659557241315,80
1789477377.9432945,1789477377.942958,-23.963620415670366,24.039022785524097,1.52738233712401,-0.33882567793949775,-0.4099392784191616,-0.06649489597237557,7.314351451720352,80
1789477377.9535265,1789477377.9529521,-23.96667743126121,24.03531099356332,1.5267749490981657,-0.2714274089817433,-0.3308117319831639,-0.054639537037496765,7.318805323180352,80
1789477377.9633625,1789477377.9629514,-23.969087113332254,24.032364078785715,1.526284083350023,-0.21266963773379854,-0.2610365333656167,-0.04387514601890503,7.3212590265009565,5
1789477377.973478,1789477377.9729533,-23.969087113332254,24.032364078785715,1.526284083350023,-0.21266963773379854,-0.2610365333656167,-0.04387514601890503,7.3212590265009565,5
1789477377.9833987,1789477377.9829233,-23.972358734683056,24.02832335544587,1.525594317123136,-0.11901521438825748,-0.1480823639987856,-0.025744067329758917,7.317856340708384,5
1789477377.9933813,1789477377.992949,-23.973364602533845,24.027067965878345,1.5253743867838985,-0.0840250228693854,-0.10522845045339793,-0.018592387413225824,7.31681014502149,5
1789477378.003363,1789477378.0029473,-23.974063095825855,24.026190578739435,1.525218197798234,-0.05595192083713077,-0.07052193075655597,-0.012660969073428938,7.316083576382173,5
1789477378.0133722,1789477378.0129488,-23.97451314573091,24.025621688493732,1.5251153210643325,-0.034617913839409126,-0.04390689026139469,-0.008006971563692858,7.315615370449791,5
1789477378.0233576,1789477378.0229487,-23.97477848455408,24.025284216680223,1.5250533503316728,-0.01937980838026765,-0.02473063169263756,-0.00457926729341392,7.31533927875113,5
1789477378.033345,1789477378.0329487,-23.974918519335656,24.025105041251834,1.5250199513774565,-0.009247528081030187,-0.011872273740169637,-0.0022317306156744918,7.315193540007877,5
1789477378.0435276,1789477378.0429914,-23.974978321457343,24.025028076086187,1.5250053942392716,-0.0034592914019396237,-0.00446713755226702,-0.0008520406115701887,7.315131288738304,5
1789477378.0535007,1789477378.0529473,-23.974997190065334,24.02500365597597,1.5250007105182268,-0.0007544486059091193,-0.0009799249338332539,-0.00018963058550020007,7.315111643139045,5
1789477378.0634658,1789477378.0629468,-23.97499996717283,24.025000042906072,1.5250000084335353,-2.7057649001238637e-05,-3.534557909878888e-05,-6.937906773848979e-06,7.315108751070547,5
1789477378.0735178,1789477378.0729756,-23.974999999999998,24.025000000000002,1.5250000000000001,1.1102230246251565e-16,1.5543122344752192e-15,2.220446049250313e-16,7.315108716878121,5
1789477378.0833378,1789477378.0829477,-23.974999999999998,24.025000000000002,1.5250000000000001,1.1102230246251565e-16,1.5543122344752192e-15,2.220446049250313e-16,7.315108716878121,5
1789477378.0933032,1789477378.0929458,-23.974999999999998,24.025000000000002,1.5250000000000001,1.1102230246251565e-16,1.5543122344752192e-15,2.220446049250313e-16,7.315108716878121,5
1789477378.1032813,1789477378.1029413,-23.974999999999998,24.025000000000002,1.5250000000000001,1.1102230246251565e-16,1.5543122344752192e-15,2.220446049250313e-16,7.315108716878121,5
1789477378.113306,1789477378.1129427,-23.974999999999998,24.025000000000002,1.5250000000000001,1.1102230246251565e-16,1.5543122344752192e-15,2.220446049250313e-16,7.315108716878121,5
1789477378.1232145,1789477378.12294,-23.974999999999998,24.025000000000002,1.5250000000000001,1.1102230246251565e-16,1.5543122344752192e-15,2.220446049250313e-16,7.315108716878121,5
1789477378.1331968,1789477378.1329403,-23.974999999999998,24.025000000000002,1.5250000000000001,1.1102230246251565e-16,1.5543122344752192e-15,2.220446049250313e-16,7.315108716878121,5
1789477378.1432016,1789477378.1429477,-23.974999999999998,24.025000000000002,1.5250000000000001,1.1102230246251565e-16,1.5543122344752192e-15,2.220446049250313e-16,7.315108716878121,5
1789477378.1532636,1789477378.1529453,-23.974999999999998,24.025000000000002,1.5250000000000001,1.1102230246251565e-16,1.5543122344752192e-15,2.220446049250313e-16,7.315108716878121,5
1789477378.1632667,1789477378.1629467,-23.974999999999998,24.025000000000002,1.5250000000000001,1.1102230246251565e-16,1.5543122344752192e-15,2.220446049250313e-16,7.315108716878121,5
1789477378.173194,1789477378.172941,-23.974999999999998,24.025000000000002,1.5250000000000001,1.1102230246251565e-16,1.5543122344752192e-15,2.220446049250313e-16,7.315108716878121,5
1789477378.183159,1789477378.1829388,-23.974999999999998,24.025000000000002,1.5250000000000001,1.1102230246251565e-16,1.5543122344752192e-15,2.220446049250313e-16,7.315108716878121,5
1789477378.1933312,1789477378.1929371,-23.974999999999998,24.025000000000002,1.5250000000000001,1.1102230246251565e-16,1.5543122344752192e-15,2.220446049250313e-16,7.315108716878121,5
1789477378.2036116,1789477378.202981,-23.974999999999998,24.025000000000002,1.5250000000000001,1.1102230246251565e-16,1.5543122344752192e-15,2.220446049250313e-16,7.315108716878121,5
1789477378.2137458,1789477378.2129886,-23.95853035753415,24.008145492703484,1.5176672010082823,0.43497628534207816,-0.47417119698210475,-0.18432781999398035,7.3246012733278425,80
1789477378.2237947,1789477378.2229552,-23.953816173923876,24.00294229797348,1.5156899281793035,0.5120400192192528,-0.5718802955644985,-0.2126287601334585,7.322954409388219,80
1789477378.2339437,1789477378.2329843,-23.948184995476442,23.99657047054498,1.513377677410127,0.5948372341470216,-0.6815243650977215,-0.24157804639337133,7.317778859577862,112
1789477378.2441,1789477378.2429738,-23.94175791810916,23.98910833839742,1.510798495009945,0.6799876312373535,-0.7996431671257076,-0.2696869630203471,7.308561499649862,112
1789477378.2535148,1789477378.2529469,-23.934634835739285,23.980619387769853,1.5080086900447258,0.765290303960099,-0.9238676396213584,-0.29602853797218054,7.298243048946399,112
1789477378.2635603,1789477378.2629483,-23.926694501192078,23.970901910707347,1.5049783305396263,0.8514102085480899,-1.055864908066203,-0.32060605454590985,7.2866214523724215,112
1789477378.2735505,1789477378.2729309,-23.91769959742849,23.959585577049573,1.5016412955745126,0.939670399882944,-1.1988238458761546,-0.3434574665939956,7.273312608516283,112
1789477378.2835324,1789477378.2829883,-23.91769959742849,23.959585577049573,1.5016412955745126,0.939670399882944,-1.1988238458761546,-0.3434574665939956,7.273312608516283,112
1789477378.293727,1789477378.2929518,-23.89715948407011,23.93257644385842,1.4943812735411357,1.1123512306613474,-1.5055400654118314,-0.3800257537180213,7.242380751911055,112
1789477378.3034718,1789477378.3029501,-23.885394506721322,23.916397483888698,1.490439690617826,1.1967908134460368,-1.671689469816886,-0.3930839977228212,7.224338168269723,112
1789477378.313496,1789477378.3129466,-23.873058469551008,23.898887662087894,1.4864723446883892,1.2760366078502232,-1.8400289936876586,-0.4016733202951779,7.205171533195981,112
1789477378.3234982,1789477378.3229566,-23.859991819265186,23.879732579675142,1.4824534046617224,1.3508886719739355,-2.012783423195171,-0.4057567087169758,7.1845950195439165,112
1789477378.3336833,1789477378.3329537,-23.84630327547104,23.858990220467213,1.4784455137537516,1.4204030257612255,-2.188509365027809,-0.4051018944229887,7.162736500307105,112
1789477378.3436954,1789477378.3429549,-23.83155648989802,23.835859478254058,1.4743611596131054,1.4861493941139081,-2.372629557898849,-0.3993119111497871,7.138839591326184,112
1789477378.3535404,1789477378.3529396,-23.81660972868725,23.811566128673498,1.4704720258187434,1.5440117932954394,-2.5544619916010767,-0.3885500156119972,7.112152686178311,148
1789477378.3635955,1789477378.3629591,-23.800866577001518,23.785027044515598,1.4666543615729237,1.5962095800466762,-2.7414154653118854,-0.37232971198342313,7.0813300996751005,148
1789477378.3735015,1789477378.3729434,-23.800866577001518,23.785027044515598,1.4666543615729237,1.5962095800466762,-2.7414154653118854,-0.37232971198342313,7.0813300996751005,148
1789477378.383474,1789477378.382946,-23.768192015897057,23.726670077168713,1.4596800965755603,1.6786590481669978,-3.1167162086541893,-0.3242149428607537,7.014465482841749,148
1789477378.3934817,1789477378.3929434,-23.75125037961892,23.694562610167267,1.4565938749638556,1.708796290573716,-3.30550592042667,-0.29225006784739516,6.978162560950583,148
1789477378.4034593,1789477378.4029443,-23.733991489175214,23.66045990460477,1.453844526623268,1.7312607735772871,-3.494298230128736,-0.2551343593125659,6.939948407410401,148
1789477378.4134557,1789477378.412945,-23.7165782074975,23.624535979920548,1.4514957596886195,1.7458671532139745,-3.681508225810371,-0.21326900846498154,6.90005328239128,148
1789477378.4232428,1789477378.4229138,-23.6990919809955,23.586822108202565,1.449592342358575,1.7526818737578043,-3.8664918667642034,-0.1669712559923875,6.8585434353212085,148
1789477378.4335234,1789477378.432947,-23.681543431203533,23.547196251769016,1.4481705481064855,1.7518353541800962,-4.049356954612989,-0.11640204746496696,6.815316812013815,148
1789477378.4436862,1789477378.4429705,-23.664087652915317,23.505867352322387,1.447276054797594,1.7435164871554643,-4.228711632008788,-0.06217770677935539,6.770631809627628,148
1789477378.4535825,1789477378.4529512,-23.646724029994026,23.46269568843689,1.4469400471235367,1.7279443490678104,-4.404786249138645,-0.004497177824556326,6.724366327558927,148
1789477378.46361,1789477378.4629588,-23.629401104497415,23.41738046480551,1.4472007949009527,1.7051990597209958,-4.578285028497506,0.056644930841520114,6.676232814141909,148
1789477378.4735014,1789477378.4729517,-23.629401104497415,23.41738046480551,1.4472007949009527,1.7051990597209958,-4.578285028497506,0.056644930841520114,6.676232814141909,148
1789477378.4833612,1789477378.4829452,-23.59610106711345,23.3230808888349,1.4495786632251468,1.6411353403296605,-4.9062026787413915,0.18387148028201547,6.577384926614867,148
1789477378.4934475,1789477378.4929514,-23.57983395948257,23.27304989692589,1.4517571359872592,1.599918615411199,-5.063889698434864,0.2504863224513,6.525618050596983,148
1789477378.5034966,1789477378.5029438,-23.564068455661634,23.22166903769242,1.4545966624304008,1.5535430565316557,-5.215232799989368,0.31774260075400923,6.472914688369863,148
1789477378.5134792,1789477378.5129414,-23.548713712445092,23.168529164382413,1.4581306745324638,1.5020628786340844,-5.361273483508792,0.3857261571461123,6.4188770882352815,148
1789477378.523377,1789477378.5229647,-23.533971742826026,23.11423176828232,1.4623245762718005,1.446497441421873,-5.500250927953301,0.45322943668414856,6.364136536444065,148
1789477378.5334604,1789477378.5329368,-23.51984649531992,23.058746751194573,1.4671748930519495,1.3872883144397414,-5.632292828441731,0.5198893722289484,6.308675194825615,148
1789477378.5433679,1789477378.542943,-23.50615616849732,23.00123066841769,1.472760523056331,1.3239451841720227,-5.759223911696171,0.5862678718423007,6.251674112656696,148
1789477378.5534358,1789477378.5529153,-23.493272989408897,22.943181723253595,1.478929533014882,1.258550729422717,-5.8777241743004165,0.6502380111660445,6.194634352074126,148
1789477378.563426,1789477378.5629435,-23.48104663395279,22.883948240823987,1.4857312432574143,1.1908201084162453,-5.9893178940391385,0.7121968401998652,6.136921694280602,148
1789477378.5734367,1789477378.5729206,-23.48104663395279,22.883948240823987,1.4857312432574143,1.1908201084162453,-5.9893178940391385,0.7121968401998652,6.136921694280602,148
1789477378.5833666,1789477378.582946,-23.458538094112868,22.761561183465293,1.5012283326893852,1.0495502339492029,-6.1924682159205595,0.8289747086810909,6.019188604474019,148
1789477378.59346,1789477378.5929434,-23.448468094087797,22.699606741151726,1.509727986350869,0.9781736190439367,-6.2823394915318,0.8820676812034315,5.9603400797587165,148
1789477378.603382,1789477378.6029427,-23.43901999728072,22.636165956728625,1.5188296980319704,0.9056630328558192,-6.366050932714976,0.9321137126393929,5.9005859147134645,148
1789477378.6133811,1789477378.6129413,-23.430336344493735,22.57220486456532,1.528370988963361,0.8334650589196658,-6.442440717358165,0.9780785648778844,5.840849319091589,148
1789477378.6233401,1789477378.6229424,-23.422377709057283,22.50756318617788,1.5383434500912878,0.7617053410292086,-6.511967217426907,1.0199061575023105,5.780985061067852,148
1789477378.6333387,1789477378.6329474,-23.415123658296682,22.442184196663153,1.548724281866373,0.6906099747140547,-6.5749175500240185,1.0574570845676605,5.7209484231837555,148
1789477378.6433363,1789477378.642952,-23.40850540745126,22.375467235668108,1.5595798530125184,0.6198205584887281,-6.631994625212629,1.0908456845649381,5.660204066273343,148
1789477378.6533859,1789477378.652951,-23.402714185115155,22.30964632195589,1.5705076167167973,0.5519133098048907,-6.681670801574177,1.1189229729866141,5.600784000092046,148
1789477378.663329,1789477378.6629508,-23.39751922896505,22.242430228577316,1.581848606703751,0.48470919987937416,-6.726050998280831,1.1426491391854228,5.540619180595915,148
1789477378.6734445,1789477378.672945,-23.393009681987863,22.175136970473783,1.5933450922787948,0.4197321682094653,-6.764497998575431,1.1614538752962804,5.480900713910136,148
1789477378.6833375,1789477378.6829426,-23.393009681987863,22.175136970473783,1.5933450922787948,0.4197321682094653,-6.764497998575431,1.1614538752962804,5.480900713910136,148
1789477378.6933746,1789477378.6929407,-23.38584883413395,22.038754066991327,1.6169161260088176,0.2955375493175926,-6.82582334385882,1.1847136551822235,5.361432322988686,148
1789477378.7033448,1789477378.7029464,-23.383187504755902,21.97038400247975,1.6287877364327161,0.23720371423071449,-6.849071212527321,1.1891042336861815,5.302321562109331,148
1789477378.713383,1789477378.7129266,-23.381092143337412,21.901621970336183,1.640711178692933,0.18124128901761494,-6.86797612269494,1.18879777792114,5.24339329195677,148
1789477378.7234902,1789477378.7229443,-23.379555962395347,21.833289917078176,1.652505350714141,0.12833540307895064,-6.882732720892838,1.1839525157544208,5.185349387939622,148
1789477378.7334838,1789477378.7329237,-23.378525457837885,21.764191636090377,1.664338130480099,0.07757836997808709,-6.893985680906824,1.1746185565569318,5.127176095731389,148
1789477378.7434008,1789477378.7429483,-23.377994143240404,21.695798587009218,1.6759207697306127,0.030034725790003866,-6.901893746185792,1.161169140022648,5.070112092739268,148
1789477378.7534459,1789477378.752945,-23.377922240189005,21.626901726324956,1.6874227990289274,-0.015185023530476837,-6.9070087618682106,1.1435793564617638,5.0131461186893,148
1789477378.76345,1789477378.7629485,-23.378293746731636,21.557342114084456,1.6988312473467158,-0.0581707357763925,-6.909665529013012,1.1219148724331225,4.956160390532404,148
1789477378.7736769,1789477378.772949,-23.379079432153823,21.48815067266096,1.7099417785349151,-0.09833677152249534,-6.910193395117793,1.09669118200328,4.9000038633123255,148
1789477378.7835128,1789477378.7829118,-23.380250125069047,21.419195208943513,1.7207464396499474,-0.13587498511072452,-6.9089901509131755,1.068134034733051,4.84456400024382,148
1789477378.7934847,1789477378.7929494,-23.380250125069047,21.419195208943513,1.7207464396499474,-0.13587498511072452,-6.9089901509131755,1.068134034733051,4.84456400024382,148
1789477378.803419,1789477378.8029425,-23.383681924091373,21.28046499350782,1.7415512109037716,-0.20425210141733233,-6.902754090821814,1.0012828172816128,4.734623806270884,148
1789477378.8133945,1789477378.8129268,-23.385894344410353,21.211026186482375,1.75143936234541,-0.23511471897544445,-6.898387358062458,0.9635944071289361,4.680403802455468,148
1789477378.823386,1789477378.822953,-23.388333038071746,21.143559920989365,1.7606774731901615,-0.26310899736292653,-6.893743847895886,0.9245907613415536,4.628246013768786,148
1789477378.8334506,1789477378.8329163,-23.39109737336399,21.074689633115714,1.769709486218695,-0.2897903361000349,-6.888870366010562,0.8825913672153941,4.575538431169382,148
1789477378.8434682,1789477378.8429458,-23.3941278198717,21.005680534655056,1.7783346985748014,-0.3147420190073998,-6.884106179526918,0.8385379843533883,4.523273277446045,148
1789477378.8535063,1789477378.85291,-23.397434953404375,20.93600408339693,1.7865919488719129,-0.3382706603338238,-6.879652314740559,0.7923071681756979,4.471066793660812,148
1789477378.8634396,1789477378.862933,-23.40090339377438,20.867688017521147,1.7942305949308517,-0.35986359261936374,-6.875835401177911,0.7455089271875587,4.420437544393218,148
1789477378.873589,1789477378.8729331,-23.404587141433314,20.79927042641039,1.8014120498633854,-0.38017252178254535,-6.8727306894085265,0.6974136185990407,4.370295214575925,148
1789477378.8834345,1789477378.882908,-23.404587141433314,20.79927042641039,1.8014120498633854,-0.38017252178254535,-6.8727306894085265,0.6974136185990407,4.370295214575925,148
1789477378.8934588,1789477378.8929327,-23.412609049476966,20.661241922510595,1.8144249852239445,-0.4177474282002405,-6.86920033878473,0.5975492698608517,4.270887939578406,148
1789477378.9033008,1789477378.9029348,-23.416878926618562,20.59247001345017,1.820153990220637,-0.43507888265113326,-6.868999883308573,0.5468084571140588,4.222255781899304,148
1789477378.9133654,1789477378.9129632,-23.42131933265724,20.523683106474856,1.8253737184328622,-0.4516898495063222,-6.86991154894559,0.49567225259215897,4.174226730875648,148
1789477378.9232218,1789477378.9229403,-23.42583790192094,20.45613315685408,1.8299991872293206,-0.46743831335708674,-6.871903976600532,0.4452636018196978,4.127672425980445,148
1789477378.9331868,1789477378.9329352,-23.43060515804597,20.38719129172012,1.8342071426428317,-0.48307457319135444,-6.875040980519887,0.3937938877345826,4.080798493195136,148
1789477378.9431713,1789477378.9429433,-23.435520155274077,20.31831588500951,1.8378941386444203,-0.4983896013994134,-6.879237991530047,0.34251348944152515,4.034631699271393,148
1789477378.9533029,1789477378.9529352,-23.440573877869976,20.249577270520387,1.8410609240622915,-0.5134963415922187,-6.884403993246211,0.2916231286977464,3.9892343037827107,148
1789477378.9632626,1789477378.9629354,-23.44579895796821,20.18051154759122,1.8437306746198325,-0.5286154629207233,-6.8904642437110315,0.2409164987983263,3.9443222354833756,148
1789477378.9732735,1789477378.9729338,-23.44579895796821,20.18051154759122,1.8437306746198325,-0.5286154629207233,-6.8904642437110315,0.2409164987983263,3.9443222354833756,148
1789477378.9832537,1789477378.9829414,-23.45666517609507,20.042681897784906,1.8475473225392718,-0.5590378227115766,-6.904563084350225,0.14147450748285745,3.8568802093278522,148
1789477378.9932008,1789477378.9929338,-23.462323385064778,19.973715049459425,1.8487160675158087,-0.5745731915209733,-6.912251528832304,0.09279447292486616,3.8142649517356775,148
1789477379.0036902,1789477379.002957,-23.46814715292343,19.904566592650585,1.8494033407838903,-0.5904651395006068,-6.920095613748554,0.04482352090713866,3.7723326616696666,148
1789477379.0135946,1789477379.012935,-23.474122208731412,19.835449016443985,1.8496152613000514,-0.6067303665433623,-6.927826352146227,-0.0022161644080857905,3.7312408571402984,148
1789477379.0234735,1789477379.022914,-23.480263772662944,19.76623437778508,1.849362014013262,-0.6234514112399288,-6.9351918903088645,-0.04834817946165847,3.690941977128674,148
1789477379.0334013,1789477379.0329094,-23.486579763457026,19.69689459223257,1.8486522402763261,-0.6406760938428603,-6.941908483963921,-0.09353278543578905,3.6514523381050075,148
1789477379.0435355,1789477379.0429363,-23.493078611001334,19.627406083450197,1.8474943634003624,-0.65843885630318,-6.947672134121492,-0.13773241082013427,3.612793546518222,148
1789477379.053568,1789477379.052939,-23.499778478149537,19.557653885550923,1.8458941421191695,-0.6767859866800662,-6.952164550341029,-0.1809691969225305,3.5749408861842125,148
1789477379.0633047,1789477379.0629325,-23.506632297717374,19.488192805482335,1.8438762307167333,-0.6955701514424256,-6.9550204495593295,-0.22286329179619327,3.5382267445805504,148
1789477379.0734437,1789477379.0729396,-23.513713958546475,19.418344735642936,1.8414317276620555,-0.7148356732096266,-6.955748656919019,-0.26380313149532897,3.5023275660870445,148
1789477379.0833585,1789477379.082938,-23.520967303420292,19.348654287150605,1.838587380659834,-0.732004941863839,-6.950740487053473,-0.3037069416161318,3.4675546451077417,148
1789477379.0933828,1789477379.092938,-23.52837143856488,19.279014186646766,1.8353441198439455,-0.7432671694110701,-6.93469645767085,-0.34296088947561265,3.4338520171161044,148
1789477379.1034274,1789477379.1029432,-23.535776780354094,19.21024874315487,1.8317458287929804,-0.7456834972777135,-6.90419049967428,-0.38121078206213727,3.4015754691080384,148
1789477379.1135995,1789477379.1129506,-23.543253716207655,19.14094357479051,1.8277147655947348,-0.7371897336153704,-6.856047908045151,-0.4191516731173634,3.370010680259319,148
1789477379.1234279,1789477379.1229427,-23.550440906310534,19.07357100119593,1.8233981012432825,-0.7169251482462986,-6.790885470070035,-0.45519780525372827,3.3401968178860875,148
1789477379.1333332,1789477379.1329293,-23.557552588037414,19.00511093107761,1.8186000212116051,-0.6831856758026303,-6.70522885768766,-0.49058375805648047,3.3107069984036976,148
1789477379.1433942,1789477379.1429334,-23.564222452545298,18.937954761607934,1.8134809816609343,-0.6366144788174415,-6.601876537708626,-0.5235642654719498,3.282481341648504,148
1789477379.1534991,1789477379.1529288,-23.57019125073169,18.873805460559655,1.8082032070600775,-0.5794337754413674,-6.485465443136303,-0.552884667933571,3.2560777962239835,148
1789477379.1634693,1789477379.1629407,-23.575705912031594,18.8088667800618,1.8024711247773997,-0.508971741488712,-6.350594617913274,-0.579713843129395,3.2298027929041204,148
1789477379.1735332,1789477379.1729894,-23.58039289460092,18.74624482399363,1.7965739537822063,-0.4293497940783249,-6.205178655160707,-0.6021339761611804,3.20479002143258,148
1789477379.1834574,1789477379.182939,-23.58039289460092,18.74624482399363,1.7965739537822063,-0.4293497940783249,-6.205178655160707,-0.6021339761611804,3.20479002143258,148
1789477379.1933675,1789477379.1929405,-23.587182207478197,18.625403979799298,1.784204021802941,-0.2456513189662642,-5.886501045238872,-0.6327271256496504,3.1569856805961174,148
1789477379.2033725,1789477379.2029345,-23.589143317235486,18.56721851707326,1.7778184534669388,-0.14478017216197886,-5.717895577043151,-0.639894429499293,3.1339612082906365,148
1789477379.2133567,1789477379.212937,-23.59007488349806,18.510724842714872,1.7713892612711686,-0.040584844978924256,-5.546801100344464,-0.6410697386013997,3.111454871895959,148
1789477379.2233458,1789477379.2229354,-23.5899639132673,18.456880457992366,1.7650895811540823,0.06317347344322599,-5.378524937472676,-0.6361305144497593,3.0897636783586293,148
1789477379.233356,1789477379.232938,-23.5887911943162,18.403451124553815,1.7587207558007856,0.16894641088685233,-5.208144082803404,-0.6246657088199092,3.0679123241547632,148
1789477379.2433376,1789477379.2429385,-23.586609673188974,18.352628114507294,1.7526093333178066,0.27058904803197004,-5.044463157759706,-0.6070715315383322,3.046742093251549,148
1789477379.2534504,1789477379.2529082,-23.583382742375434,18.302667902872948,1.746615233622905,0.3697889155196833,-4.883474295193552,-0.5828962249797729,3.025496165572282,148
1789477379.2633827,1789477379.2629077,-23.57925810026179,18.255052715110242,1.740983855398921,0.46196279606710755,-4.731194040401528,-0.5531254815790765,3.004794394399008,148
1789477379.2733924,1789477379.2729166,-23.57412329812629,18.207829751414987,1.7355531129754347,0.5493182585105416,-4.58230332716372,-0.5168706723756249,2.983791391719364,148
1789477379.2834053,1789477379.2829447,-23.56827342050908,18.16299660685518,1.7306158361352084,0.6268175403708404,-4.443614342715002,-0.47617606919979105,2.9634010359296643,148
1789477379.2933521,1789477379.292935,-23.561552874253447,18.118611330185846,1.7260165175319975,0.6966718183222945,-4.309228750542476,-0.4299667085303782,2.928426783369556,437
1789477379.3033335,1789477379.3029356,-23.554284139062837,18.0761595805135,1.721961745085856,0.7555858956250807,-4.183377363835842,-0.380526252106708,2.885417486595111,437
1789477379.3135374,1789477379.312934,-23.54653024339815,18.035200290302306,1.7184385435049947,0.8037930746248616,-4.063999274334522,-0.3283852122796953,2.8437574855750656,437
1789477379.3234072,1789477379.3229332,-23.538391937666695,17.99560030404141,1.7154583300141324,0.8412236830548787,-3.949677149283703,-0.27438209940072755,2.803338394396822,437
1789477379.3333848,1789477379.3329413,-23.529837816335892,17.956679288189076,1.7129937972732727,0.8682835164782188,-3.8371519297206342,-0.21854270253605046,2.763489422002216,437
1789477379.3433502,1789477379.3429444,-23.521048584466918,17.918796114139234,1.7110861287586137,0.8846023520274331,-3.7258920486638276,-0.16234484341435884,2.724600436334063,437
1789477379.353561,1789477379.3529444,-23.512119140273715,17.881906739046563,1.7097348969898682,0.8904087294103695,-3.6139926483856883,-0.10673017544517932,2.686649553780364,437
1789477379.3634346,1789477379.3629405,-23.50329352156282,17.8465893087318,1.708941243171979,0.8862207509260287,-3.5014384507860092,-0.05354624688683223,2.6502547201987676,437
1789477379.3732781,1789477379.372908,-23.494508078890263,17.812220755898558,1.7086629032784426,0.8726853086656373,-3.384480084236106,-0.002749906388677784,2.6147943529958857,437
1789477379.383368,1789477379.3829348,-23.48587133678169,17.778930085090845,1.7088760675190608,0.8504521831952406,-3.261699424004321,0.04464644408368973,2.580418355115463,437
1789477379.3933513,1789477379.392934,-23.477453725737572,17.746736477592528,1.7095473347910142,0.8202344669847763,-3.1314174630007408,0.0878848928135642,2.5471610409272705,437
1789477379.4033504,1789477379.4029338,-23.469416642347237,17.716048954750214,1.7106223055004919,0.783291299408513,-2.9938955673199144,0.12584000700496395,2.5154569560850755,437
1789477379.4134295,1789477379.412936,-23.46185860617814,17.687084742593996,1.712033086620315,0.7409716903521786,-2.849341276188033,0.15789308723239726,2.485539644259564,437
1789477379.4234295,1789477379.4229054,-23.454619105539507,17.65911038373218,1.7137660595211939,0.6930343153663573,-2.6931192146612557,0.18451206955285748,2.4566582397422403,437
1789477379.4334948,1789477379.4329393,-23.448008534816044,17.63325122753775,1.7156960637699468,0.6423153960479319,-2.531114095930919,0.20448202322151882,2.4299787094405945,437
1789477379.443382,1789477379.4429379,-23.441841963487715,17.608748725295108,1.7178198990749887,0.5882902439128331,-2.358716880386483,0.2184265715060301,2.4047203262847106,437
1789477379.4534428,1789477379.4529274,-23.436214761078787,17.585966979420963,1.7200567766136414,0.5324985295635449,-2.178405071928302,0.22614670024111305,2.3812591730321104,437
1789477379.463619,1789477379.4629393,-23.43121554786594,17.56529513747657,1.7223101302442128,0.4768281022622579,-1.9943906039731356,0.2278583496109228,2.359994299442798,437
1789477379.4735239,1789477379.4729412,-23.42670279121106,17.546194481874277,1.724587004723676,0.42063866843796816,-1.8030593728474824,0.22397986965552685,2.3403690284857763,437
1789477379.4834223,1789477379.4829419,-23.42277195166671,17.529130626864486,1.7267854535788156,0.3660335479396853,-1.6104815494471816,0.21504252789488246,2.32285855472937,437
1789477379.4933925,1789477379.4929354,-23.41937895198741,17.5140016381176,1.7288708416104661,0.31352727425310123,-1.4179812740206637,0.2016992838640256,2.307353757218239,437
1789477379.5033472,1789477379.5029333,-23.416444060044533,17.500538386855045,1.730841176851866,0.26286560260327185,-1.2242853215416185,0.1843328751507439,2.293574580312576,437
1789477379.5133479,1789477379.512933,-23.414072271273447,17.489333212337222,1.7325699061417656,0.21713572841447032,-1.0416270476176783,0.16469654279442342,2.2821219846024476,437
1789477379.523363,1789477379.5229387,-23.412097912409696,17.479719467894192,1.7341239282608534,0.17450651503833756,-0.8635330499961955,0.14275896295907572,2.272309230004126,437
1789477379.5334034,1789477379.5329401,-23.410573991611727,17.472066111408203,1.7354135741620045,0.13749996070125103,-0.7017106171005005,0.12058737225808705,2.264507930353215,437
1789477379.5433702,1789477379.542941,-23.409346139494726,17.465701256002585,1.736527005979068,0.1037255545867249,-0.5469995914582632,0.09748118446645931,2.2580287032517408,437
1789477379.5534956,1789477379.5529053,-23.408458606463956,17.460948334885973,1.7373872699214512,0.07578628971658671,-0.41283048940313183,0.0759559579116465,2.253196817420041,437
1789477379.5634012,1789477379.5629356,-23.407822536419005,17.457429345002797,1.7380438421017779,0.05263459837242121,-0.29632755730529414,0.0561269856259522,2.249623982418976,437
1789477379.5734272,1789477379.5729449,-23.407822536419005,17.457429345002797,1.7380438421017779,0.05263459837242121,-0.29632755730529414,0.0561269856259522,2.249623982418976,437
1789477379.5833652,1789477379.582932,-23.407122014511803,17.45337119887071,1.7388300720055896,0.020307345764671275,-0.12229268031816831,0.024368916539599494,2.245510985800097,437
1789477379.5933366,1789477379.5929356,-23.406971297705013,17.45244972862549,1.7390155452370653,0.01066906450866928,-0.06645798439418193,0.013536649182765759,2.244578893220866,437
1789477379.6036117,1789477379.6029649,-23.40689794714878,17.451986033863648,1.7391108410679885,0.004559561844321769,-0.02938921317177723,0.00610852422024899,2.244110399970494,437
1789477379.6135008,1789477379.6129405,-23.406870619835487,17.45180744205169,1.739148246172772,0.0013470706870207239,-0.008984817299676706,0.0019023730165048658,2.243930162641335,437
1789477379.6235707,1789477379.622937,-23.406864427734195,17.45176565032478,1.7391571481869557,0.00015375125849848015,-0.001061498817461981,0.00022863499913583496,2.243888030306409,437
1789477379.6335535,1789477379.6329691,-23.94697541084058,16.959803399350612,1.5519973043753743,-0.10004797576549429,-0.330448004644299,-0.06639160308179543,1.9451707958587907,437
1789477379.643474,1789477379.6429417,-23.94786924574516,16.956863152604875,1.5514047761373861,-0.0783394388320433,-0.2565685244048743,-0.05187328231559574,1.9428478978200172,437
1789477379.6535525,1789477379.6529424,-23.94855212606299,16.954635359489465,1.550953054435045,-0.05967172104000662,-0.19384731607819639,-0.039429348011377985,1.9410909898237085,437
1789477379.663548,1789477379.6629379,-23.949070424757593,16.9529580643502,1.5506109180780077,-0.0435570625924,-0.14036437962154968,-0.028721109610026163,1.9397703960596113,437
1789477379.6735916,1789477379.6729555,-23.949435018148883,16.95178740720629,1.5503707369947393,-0.03049491248654901,-0.09751824763773254,-0.020067619802760284,1.9388501039211319,437
1789477379.683806,1789477379.682958,-23.949685435262786,16.95098943405968,1.5502060995059441,-0.019988793770638447,-0.06343940754752353,-0.013127736755084274,1.9382236799309027,437
1789477379.693927,1789477379.6929584,-23.94984463157667,16.950485907561838,1.5501016410174597,-0.011974656697359976,-0.03772317394244196,-0.00784895360990201,1.937828933121245,437
1789477379.703865,1789477379.7029405,-23.949934056190163,16.950205099661098,1.5500430764209707,-0.0063991112135006745,-0.02001573690660763,-0.004186440846596362,1.9376090689692929,437
1789477379.7140915,1789477379.7129705,-23.949978535030134,16.950066396840384,1.5500140010155703,-0.002802016336465485,-0.008703315115408117,-0.0018297144303465185,1.9375005990463692,437
1789477379.7239544,1789477379.7229385,-23.949995638211096,16.95001342008728,1.5500028409774675,-0.0008614494119045801,-0.0026575845648286744,-0.0005614974718337606,1.9374592171826877,437
1789477379.7338376,1789477379.7329314,-23.949999724646318,16.950000842734003,1.5500001790915607,-0.00011018381781946474,-0.0003376626310087616,-7.168943846980191e-05,1.9374494032474632,437
1789477379.743815,1789477379.7429426,-23.950000000000006,16.949999999999996,1.55,-1.3322676295501878e-15,-3.552713678800501e-15,-8.881784197001252e-16,1.9374487463055934,437
1789477379.7535787,1789477379.7529233,-23.950000000000006,16.949999999999996,1.55,-1.3322676295501878e-15,-3.552713678800501e-15,-8.881784197001252e-16,1.9374487463055934,437
1789477379.763568,1789477379.762902,-23.950000000000006,16.949999999999996,1.55,-1.3322676295501878e-15,-3.552713678800501e-15,-8.881784197001252e-16,1.9374487463055934,437
1789477379.7733676,1789477379.7729223,-23.950000000000006,16.949999999999996,1.55,-1.3322676295501878e-15,-3.552713678800501e-15,-8.881784197001252e-16,1.9374487463055934,437
1789477379.783343,1789477379.7829225,-23.950000000000006,16.949999999999996,1.55,-1.3322676295501878e-15,-3.552713678800501e-15,-8.881784197001252e-16,1.9374487463055934,437
1789477379.793345,1789477379.792924,-23.950000000000006,16.949999999999996,1.55,-1.3322676295501878e-15,-3.552713678800501e-15,-8.881784197001252e-16,1.9374487463055934,437
1789477379.803323,1789477379.802923,-23.950000000000006,16.949999999999996,1.55,-1.3322676295501878e-15,-3.552713678800501e-15,-8.881784197001252e-16,1.9374487463055934,437
1789477379.813434,1789477379.8129275,-23.950000000000006,16.949999999999996,1.55,-1.3322676295501878e-15,-3.552713678800501e-15,-8.881784197001252e-16,1.9374487463055934,437
1789477379.8233895,1789477379.8229349,-23.950000000000006,16.949999999999996,1.55,-1.3322676295501878e-15,-3.552713678800501e-15,-8.881784197001252e-16,1.9374487463055934,437
1789477379.8333058,1789477379.8329227,-23.950000000000006,16.949999999999996,1.55,-1.3322676295501878e-15,-3.552713678800501e-15,-8.881784197001252e-16,1.9374487463055934,437
1789477379.8432736,1789477379.8429627,-23.950000000000006,16.949999999999996,1.55,-1.3322676295501878e-15,-3.552713678800501e-15,-8.881784197001252e-16,1.9374487463055934,437
1789477379.8534727,1789477379.8529248,-23.975551093309395,16.918087125091766,1.5777662848043141,-0.023368421581876138,-0.2582392390898727,0.10020152254554615,1.918950374989601,437
1789477379.8635254,1789477379.862963,-23.975821302981203,16.915187484894744,1.5788823255111362,-0.03167627536012269,-0.33107911112789673,0.1264678663233994,1.916430252947259,437
1789477379.8733869,1789477379.8729577,-23.975821302981203,16.915187484894744,1.5788823255111362,-0.03167627536012269,-0.33107911112789673,0.1264678663233994,1.916430252947259,437
1789477379.883469,1789477379.8829284,-23.976674246732344,16.906775644323773,1.5820384987183653,-0.05439499294762333,-0.5113456599751904,0.18881068759833974,1.9091521700900416,437
1789477379.8934991,1789477379.8929,-23.977287702627322,16.901154644966713,1.584095122676502,-0.06885872564305405,-0.616263504585844,0.22351854576438418,1.904310312064401,437
1789477379.9038062,1789477379.9029133,-23.978055709536253,16.89444724806517,1.5865049170978875,-0.08561292580649603,-0.7309899657072105,0.2602417891386195,1.8985513240081595,437
1789477379.9138463,1789477379.9129386,-23.979002744860303,16.88654827083966,1.5892894214445428,-0.10480349535552534,-0.8553254925201245,0.2986528818345261,1.8917922593977068,437
1789477379.9236507,1789477379.9229343,-23.980160389930766,16.877311299161263,1.5924814908826406,-0.12666119487470323,-0.9895776559964821,0.3385596552979442,1.883916624148471,437
1789477379.9338307,1789477379.932931,-23.981543759351975,16.866733891841015,1.5960616220646198,-0.15106691745291834,-1.1319598397625834,0.3791461148358105,1.874932257489027,437
1789477379.9438162,1789477379.9429536,-23.983190635934672,16.854647647676718,1.6000645392204143,-0.17828073925521998,-1.2830369576926213,0.42028530074572834,1.864707442656827,437
1789477379.9536946,1789477379.9529352,-23.98513197428085,16.84095397355072,1.6044974744013702,-0.20838251308201733,-1.4423007549548252,0.4615219548066959,1.8531722043134826,437
1789477379.963399,1789477379.9629323,-23.987367509858235,16.8257739405606,1.609295758387335,-0.24097154492035228,-1.6069215663170606,0.501844961647629,1.8404427231886722,437
1789477379.9734006,1789477379.9729307,-23.987367509858235,16.8257739405606,1.609295758387335,-0.24097154492035228,-1.6069215663170606,0.501844961647629,1.8404427231886722,437
1789477379.9836142,1789477379.9829876,-23.99287991091949,16.79034951415687,1.6200699056682581,-0.31434710566866114,-1.9536881847080987,0.5790369773099356,1.8109585026086183,437
1789477379.9934654,1789477379.9929745,-23.996222228675382,16.76992890862206,1.6260368585232348,-0.355177667880255,-2.1349467108485074,0.6151078619865614,1.7940961598514984,437
1789477380.0036402,1789477380.002954,-23.99999296120555,16.747633761639985,1.6323649562443592,-0.3986740914475075,-2.3204186644229625,0.6488750423121187,1.7757936438683033,437
1789477380.013844,1789477380.0129535,-24.00425452503588,16.723223678131127,1.6390830257979243,-0.44510069359956084,-2.5108057254034826,0.6801224471596145,1.7558811766469757,437
1789477380.0232918,1789477380.0229206,-24.00890482919082,16.697384026056596,1.6459678440499994,-0.4929750744246301,-2.699923940309313,0.707604167985046,1.7349440903279598,437
1789477380.0333378,1789477380.032932,-24.014055005589157,16.66958418897728,1.6531273797530968,-0.543105171755787,-2.89102172573793,0.7316122237050349,1.7125795998979796,437
1789477380.0433123,1789477380.042927,-24.01976021934827,16.639637862927458,1.660565519220159,-0.5955883523019804,-3.084343276540294,0.751860303824529,1.6886737995034746,437
1789477380.0532942,1789477380.0529194,-24.025996686484593,16.6077721747949,1.6681809658303524,-0.6497786316017011,-3.2775045199482182,0.7678076835973485,1.6634467824354018,437
1789477380.063276,1789477380.0629284,-24.032774580707553,16.57401953379586,1.6759234103043206,-0.7053795583245578,-3.4696184641382266,0.7791599749911736,1.6369637554020495,437
1789477380.073409,1789477380.0729203,-24.040149350571795,16.538186912540407,1.6837908691116843,-0.7624398370313314,-3.661063359995185,0.7856990639411853,1.6091180987359635,437
1789477380.0833452,1789477380.0829298,-24.040149350571795,16.538186912540407,1.6837908691116843,-0.7624398370313314,-3.661063359995185,0.7856990639411853,1.6091180987359635,437
1789477380.0933204,1789477380.0929244,-24.056461460663385,16.461633064653505,1.6994340911440562,-0.8777517845102083,-4.03279531408451,0.7834213454050956,1.5505698656970965,437
1789477380.1033463,1789477380.1029236,-24.065552273550033,16.42029792944213,1.7072446281873748,-0.9363549124661406,-4.215116106223918,0.7742843964700734,1.5195000076078586,437
1789477380.113454,1789477380.1129205,-24.07519565716018,16.3773075075656,1.7149098114628938,-0.994617025686761,-4.392716193801244,0.7597024462147016,1.4875988355059557,437
1789477380.1233075,1789477380.122929,-24.085419170324585,16.332563763034404,1.7224021280481288,-1.0523590629885686,-4.565692534182176,0.7395903875769723,1.4548522753376312,437
1789477380.1333818,1789477380.1329246,-24.096258003517658,16.285934685470437,1.7296934153295105,-1.1093955428321969,-4.734171802201601,0.7138187230680981,1.4212308194901917,437
1789477380.143344,1789477380.1429336,-24.107759292403728,16.23723665199053,1.7367551043829839,-1.1655381340306832,-4.898339269284748,0.6821934225931949,1.3866801086124667,437
1789477380.1534624,1789477380.152935,-24.119510697892153,16.18818943230652,1.7433052573114947,-1.2185323063267681,-5.052470043741442,0.6459711314399028,1.3524763534551578,437
1789477380.1634753,1789477380.1629276,-24.132004950966838,16.136708226598362,1.749582303867502,-1.2702987542430728,-5.203065843744671,0.6037181099425497,1.3172330245384218,437
1789477380.1733556,1789477380.1729238,-24.132004950966838,16.136708226598362,1.749582303867502,-1.2702987542430728,-5.203065843744671,0.6037181099425497,1.3172330245384218,437
1789477380.1833432,1789477380.1829321,-24.158342709345163,16.029949194310994,1.7606800155503426,-1.364910429301189,-5.482364809787762,0.5041749241956275,1.2463679818628006,437
1789477380.193305,1789477380.1929252,-24.17230935356468,15.974062834755841,1.7654725502765556,-1.4074866658595386,-5.612471710942366,0.4465751644054152,1.210507655997528,437
1789477380.2034335,1789477380.2029324,-24.186512847740033,15.917585505021703,1.769615602860245,-1.445582871434599,-5.733726489002353,0.38511848430741935,1.1751606647915094,437
1789477380.2134538,1789477380.2128994,-24.201106170963232,15.859810989214495,1.7731325876265625,-1.4793593821687363,-5.847836372767997,0.31929741102803,1.1399536363085923,437
1789477380.2234676,1789477380.2229397,-24.21603893919421,15.800831773251518,1.7759775088616787,-1.5083488450631242,-5.954643624770674,0.24944271281610852,1.1050297026744196,437
1789477380.2333162,1789477380.2329228,-24.23128658176221,15.740620732279735,1.7781121022541702,-1.5321438422630216,-6.054243651269506,0.1757730566965785,1.0704613926664601,437
1789477380.2433298,1789477380.2429357,-24.24664809327866,15.679831368154113,1.7794854907943192,-1.5501444564977613,-6.1457469870485095,0.09939080573461467,1.0366977896650384,437
1789477380.2534852,1789477380.25293,-24.262295313619905,15.617624918070375,1.7800854403615156,-1.5622207188967767,-6.230568379690038,0.019553457186389345,1.0033538638617365,437
1789477380.2634616,1789477380.2629263,-24.2780384565735,15.554576114251732,1.779870383552269,-1.5678362331903415,-6.308022297721028,-0.06268298388232729,0.9708272720969333,437
1789477380.2733808,1789477380.2729297,-24.293558398191678,15.49178558246905,1.7788413151817168,-1.5667328423661258,-6.377185077453686,-0.14550419587416982,0.9397243902192134,437
1789477380.2833624,1789477380.2829409,-24.30924626756706,15.427466208323972,1.7769536796476821,-1.55861577588843,-6.4403153749504005,-0.23089682526159028,0.9092181713370082,437
1789477380.293503,1789477380.2929397,-24.324875154258113,15.362299850603497,1.7741917433785466,-1.5431357315068852,-6.496835438594643,-0.31758625092685205,0.879723515345789,437
1789477380.3034081,1789477380.302925,-24.34004925384163,15.297721408746972,1.7706230304802641,-1.5205643805326774,-6.545950225935609,-0.40327778013649546,0.8519101115323675,437
1789477380.3133674,1789477380.312924,-24.355273656560055,15.231314085046806,1.7661033082729802,-1.4898427488326793,-6.589788259898749,-0.4907799568939836,0.8247859775686721,437
1789477380.3233304,1789477380.3229241,-24.369818303189607,15.165998701997037,1.7608318626827408,-1.4522184671639522,-6.6267729148631975,-0.5758583969122112,0.7995716048337007,437
1789477380.3333187,1789477380.3329227,-24.384218742394435,15.099091057764497,1.7545992309880354,-1.4061111570974212,-6.658813402078151,-0.6616197728252127,0.7752455417231183,437
1789477380.3433359,1789477380.342931,-24.397978322881556,15.03256542720779,1.7475851256285717,-1.3527593343931432,-6.68524906308545,-0.745127674042254,0.7525590035467151,437
1789477380.3535395,1789477380.3529112,-24.41118094815901,14.965733830840026,1.7397389033827138,-1.2917439132672728,-6.7067955728257225,-0.8268880844160869,0.7312619682937971,437
1789477380.36339,1789477380.362892,-24.42377505935353,14.898501851723596,1.7310595373077884,-1.2230204239691354,-6.723828257570123,-0.906629074424319,0.711329895800386,437
1789477380.3734062,1789477380.372926,-24.435633307754262,14.831185025423002,1.7216043917539057,-1.1470341114950475,-6.736632758444298,-0.9836045594120233,0.6928492448959296,437
1789477380.3833914,1789477380.382932,-24.435633307754262,14.831185025423002,1.7216043917539057,-1.1470341114950475,-6.736632758444298,-0.9836045594120233,0.6928492448959296,437
1789477380.3933728,1789477380.3929222,-24.456849882246924,14.696566320781365,1.7005133347620973,-0.9745738607140104,-6.751098666806265,-1.1276169183747538,0.6602089017676678,437
1789477380.4035294,1789477380.4029393,-24.46617604678895,14.628609217093409,1.6888244092503095,-0.8777745480586789,-6.753554905325422,-1.1946562602667967,0.6458506825327306,437
1789477380.413403,1789477380.4129255,-24.474474369179053,14.560841117568584,1.6765187969790252,-0.7752525927471795,-6.753283269288923,-1.257327570023464,0.6328991953331868,437
1789477380.4233775,1789477380.4229279,-24.481764540913954,14.492595290590796,1.6635105042116705,-0.666419867929933,-6.750645940059713,-1.3159371829540332,0.6211969888804303,437
1789477380.433349,1789477380.432923,-24.48788423917102,14.424930146591402,1.65004429239782,-0.5534848281374273,-6.746058148392421,-1.3693244514597636,0.6108844340704576,437
1789477380.4432526,1789477380.4428926,-24.49278525503553,14.358305979055102,1.636275052943719,-0.4379389532777004,-6.739969145393426,-1.417061104384728,0.6019502922002837,437
1789477380.4535198,1789477380.4529116,-24.49654201017072,14.291415995726043,1.6219868609014174,-0.31818195213979716,-6.732621461065409,-1.4599568087690948,0.5941658492507522,437
1789477380.4634364,1789477380.4629245,-24.499103075695455,14.224300719354355,1.6072312722221531,-0.1948878930475151,-6.724330798393937,-1.4977410729802108,0.5875206387721872,437
1789477380.473449,1789477380.4729233,-24.500425724092324,14.1569399381268,1.592050438470587,-0.06868498959111236,-6.7154008082050956,-1.5302035783075556,0.5820017809366151,437
1789477380.4833689,1789477380.4829178,-24.500425724092324,14.1569399381268,1.592050438470587,-0.06868498959111236,-6.7154008082050956,-1.5302035783075556,0.5820017809366151,437
1789477380.4933298,1789477380.4929228,-24.49926115651223,14.02284649979987,1.560930022694153,0.18341261788019556,-6.692951951175699,-1.5791047014810322,0.5744008433645917,437
1789477380.5033052,1789477380.502922,-24.49684881939872,13.956228530419903,1.5450901616392472,0.298521510167946,-6.669189901302918,-1.598173567813343,0.5723621723558379,437
1789477380.5133085,1789477380.512915,-24.493331497085148,13.889515722957526,1.5289718418965248,0.40010754785755326,-6.629526415909778,-1.6153065972217926,0.5716059017137045,437
1789477380.5231967,1789477380.5228815,-24.4888931445371,13.823473951626587,1.5127353558404306,0.4842553894325443,-6.571126945814856,-1.6306032678250384,0.5722605344035678,437
1789477380.5333505,1789477380.5329225,-24.483679334058454,13.757815509433536,1.4962793536080947,0.5501924544959953,-6.491994094166136,-1.6438855365165024,0.5744416079498482,437
1789477380.5433123,1789477380.5428927,-24.477946931579833,13.693590071903925,1.4798412255559013,0.5971561449522195,-6.393086055219139,-1.654300390983599,0.578191232782592,437
1789477380.553535,1789477380.5529394,-24.471803210683465,13.630140378549793,1.4632353674385823,0.6269058723155271,-6.274070816484723,-1.6610157181779843,0.5835922347628737,437
1789477380.5634012,1789477380.5629218,-24.465480343714457,13.568344602306057,1.4466861949269505,0.6409712755276881,-6.137955537078975,-1.662812380446993,0.5905807262712384,437
1789477380.5734808,1789477380.5728946,-24.459000033073163,13.507194013920785,1.429929760392281,0.6419041663808823,-5.9842262047548,-1.6584168068735659,0.5992622271706034,437
1789477380.5833519,1789477380.582893,-24.4526599970981,13.44852730090189,1.4134991017687484,0.6324847785821326,-5.819845691986655,-1.6467443427762078,0.6093043064307921,437
1789477380.5933466,1789477380.5929203,-24.446418965031405,13.391239415155844,1.3971369588808393,0.6156328050866424,-5.644504745963977,-1.626524703292735,0.6207677321950817,437
1789477380.603581,1789477380.602929,-24.440345625951345,13.33551017847556,1.3809557667525576,0.594271507322053,-5.461198794218113,-1.596670635067725,0.6335057242609796,437
1789477380.6135592,1789477380.6129227,-24.43456540874845,13.282278577772342,1.365312601603325,0.5716416700944568,-5.275776340520678,-1.5570140606311744,0.6471265346593094,437
1789477380.623469,1789477380.6229327,-24.428960640589146,13.230473845759466,1.3499899041918233,0.5499110828291434,-5.087068831763882,-1.5062881945107338,0.6617180183165359,437
1789477380.6334066,1789477380.6329277,-24.42355024428058,13.18048352414632,1.3352083124379144,0.5315398315960873,-4.898656455869972,-1.4444605263649701,0.6770006677994818,437
1789477380.6433926,1789477380.6429322,-24.418310507719045,13.132475335291428,1.3211318436957749,0.5184649433352444,-4.713169008370094,-1.3718673928715392,0.6927254201022928,437
1789477380.6533754,1789477380.6529236,-24.41314744997476,13.086109004589183,1.3077786840502457,0.5120153124438387,-4.530904629147172,-1.2884288723909876,0.7088095977762108,437
1789477380.6635134,1789477380.662929,-24.40802325498404,13.041645201015003,1.2953396110076816,0.5131236403111656,-4.354075263155651,-1.195413488925856,0.7249738902451535,437
1789477380.673473,1789477380.672884,-24.402858870251116,12.999005697295734,1.283897418751331,0.5220685708949511,-4.183114989274559,-1.0939326856510796,0.7410610433434073,437
1789477380.6834068,1789477380.68292,-24.402858870251116,12.999005697295734,1.283897418751331,0.5220685708949511,-4.183114989274559,-1.0939326856510796,0.7410610433434073,437
1789477380.6933272,1789477380.6929243,-24.391998707691272,12.918198217251607,1.2641153930930011,0.562440877725833,-3.855309401053883,-0.8692845277900232,0.7727393511635494,437
1789477380.703331,1789477380.7029254,-24.386302716987796,12.880869881068273,1.2561010752109036,0.5913089035134989,-3.701045610970419,-0.7524770939383802,0.7877156029018177,437
1789477380.7135203,1789477380.7129362,-24.380242569168942,12.844721469850407,1.2491920372171479,0.6244939970287469,-3.548400388609,-0.6329334400739275,0.8023105800470893,437
1789477380.723423,1789477380.7229333,-24.37380156819479,12.809893220363946,1.2434453903906277,0.6600364124780018,-3.3965378139891422,-0.5132277273092671,0.8163818263617402,437
1789477380.733345,1789477380.7329268,-24.366953388095673,12.776359173674226,1.2388596676588328,0.6958319100910456,-3.2436498057444316,-0.395482024890182,0.8298717092828531,437
1789477380.7435138,1789477380.7428918,-24.359897943838877,12.744989281171392,1.2354958357359276,0.7287073832697941,-3.0921837958007545,-0.2849399785699878,0.8423847978735002,437
1789477380.753477,1789477380.7529154,-24.352392294896415,12.714573106839689,1.2331598168017033,0.7577309199756931,-2.9346508513385903,-0.17933506477032576,0.8543746718364829,437
1789477380.7633932,1789477380.762892,-24.344627088511626,12.685774491164251,1.2318457414566775,0.7801415793715439,-2.772655119228,-0.08277504229725335,0.8655616422217296,437
1789477380.7734792,1789477380.7729247,-24.336885297806504,12.659321910399212,1.2314529675893793,0.7938817958101194,-2.6096072272784547,0.001051665737449305,0.8756687279877542,437
1789477380.7833898,1789477380.782926,-24.32885875383193,12.633904859009407,1.2318475260770052,0.7982537234594497,-2.4365595424231423,0.07523287507873568,0.8852063422727605,437
1789477380.7933712,1789477380.79292,-24.320958461646963,12.610593408164789,1.2329054730608373,0.7919459075291739,-2.2600397608276572,0.13583662049380021,0.8937866165436033,437
1789477380.8034363,1789477380.8029208,-24.312971931925937,12.588516243815238,1.2345495259793993,0.7739364301084498,-2.073057663059196,0.18462240062622284,0.9017495243675016,437
1789477380.813748,1789477380.8129382,-24.30544463809936,12.56891581989749,1.2365571779290536,0.7451781912022623,-1.8866757597097394,0.21889499337090867,0.9086726439939654,437
1789477380.8237667,1789477380.8229237,-24.298256076991915,12.551179387861069,1.2388408776205708,0.705742080341482,-1.6970359626890401,0.2405262914918076,0.9148060105914908,437
1789477380.8337498,1789477380.8329418,-24.29141273863146,12.53511210476866,1.2413147998176213,0.6557260295509607,-1.5031546593185243,0.2502533800427704,0.9202418585612855,437
1789477380.8434434,1789477380.842912,-24.285181436292486,12.521131854252683,1.243801970857315,0.597686938636994,-1.3121646196404315,0.24882216935319162,0.9248662007162078,437
1789477380.853496,1789477380.8528867,-24.27949301394192,12.508888911419234,1.2462566326136428,0.5320039263767579,-1.1221617793426337,0.23757746989997094,0.928822866425445,437
1789477380.8634374,1789477380.8628929,-24.274542213745544,12.498631197173527,1.2485316400233502,0.46233761093363734,-0.9405604321309919,0.21843955100249812,0.9320591390311717,437
1789477380.8734274,1789477380.8729181,-24.274542213745544,12.498631197173527,1.2485316400233502,0.46233761093363734,-0.9405604321309919,0.21843955100249812,0.9320591390311717,437
1789477380.8833408,1789477380.882917,-24.266720702896375,12.483201509158707,1.2523903931396598,0.3174908123741978,-0.6058671226506858,0.16348529404405088,0.936753209053443,437
1789477380.893427,1789477380.8929143,-24.263878750722856,12.477851811209998,1.2538780028577161,0.24784799999020002,-0.45984115847702667,0.13192869947000696,0.9383145215670035,437
1789477380.9033213,1789477380.9029112,-24.261729347487336,12.47391281912519,1.2550379174056405,0.1842364341623537,-0.3331741957115777,0.10085427098877153,0.9394324006754484,437
1789477380.9133766,1789477380.9129105,-24.260184293191028,12.471149775762242,1.2558935648234197,0.1285003441902033,-0.22699005505301217,0.07204999435274662,0.9401943669547173,437
1789477380.9233205,1789477380.9229088,-24.259140876368658,12.469325362917994,1.2564844534086506,0.08179794866511969,-0.14137539366283391,0.04683353193652673,0.9406828763626915,437
1789477380.9335275,1789477380.9329154,-24.258512234274257,12.46824881303698,1.2568474372957168,0.04587140222636199,-0.07770364876325297,0.02674592842061374,0.9409625883837518,437
1789477380.9435272,1789477380.9429379,-24.258186027508692,12.467700776990236,1.2570390036700938,0.02097263490855239,-0.03486932802225118,0.01242559407602184,0.9411007308297861,437
1789477380.953668,1789477380.9529293,-24.258056450412766,12.467486863939708,1.2571162243961869,0.006728238687477628,-0.010996713726260765,0.004042182825529039,0.9411530607605245,437
1789477380.9633622,1789477380.9629207,-24.080362942030106,10.944307640105459,1.2874337447166255,-0.7222568299423768,-5.517786373540165,0.7048483869103142,1.9768517383289865,438
1789477380.9735532,1789477380.972946,-24.080362942030106,10.944307640105459,1.2874337447166255,-0.7222568299423768,-5.517786373540165,0.7048483869103142,1.9768517383289865,438
1789477380.98349,1789477380.9829156,-24.096383931716918,10.836425819982226,1.3019112046960881,-0.8701359575752049,-5.232742539340716,0.7357487501339768,1.8715053137203752,438
1789477380.9936268,1789477380.9929206,-24.105364881984045,10.78507160529033,1.309286906761129,-0.9324428628297049,-5.080768189559592,0.7450167474539443,1.8208981423368658,438
1789477381.00374,1789477381.002922,-24.114991761014,10.734945412732316,1.3167836889152709,-0.9873523448130186,-4.921232745819929,0.7503656378993104,1.7711982489309093,438
1789477381.0134454,1789477381.012913,-24.12522828038627,10.68599265928415,1.3243866871992478,-1.0346500019119507,-4.75388672210567,0.7518103163324398,1.7223606790286978,438
1789477381.0232534,1789477381.0229077,-24.135732005027307,10.639486345246821,1.3318663950720073,-1.0730953591721144,-4.583438795315441,0.74946418121737,1.6756764842283736,438
1789477381.0333211,1789477381.0329099,-24.146579342838407,10.594699749333989,1.3393053673936786,-1.1034325849334943,-4.407800760274395,0.7435113574826862,1.6304428223452514,438
1789477381.0431948,1789477381.042911,-24.157643121414157,10.551856663179498,1.3466381186881726,-1.1255903559425537,-4.228262928037441,0.7341481111144789,1.5869082149463032,438
1789477381.0534792,1789477381.052912,-24.169067289359564,10.510176140774872,1.3539756961765053,-1.1399405986739604,-4.041742292795711,0.7212988115161498,1.5442967796261935,438
1789477381.0635202,1789477381.062911,-24.180370030502125,10.47115093051111,1.3610290269906422,-1.1461601475395993,-3.8554372486286153,0.7056206923580867,1.5041591879551492,438
1789477381.073482,1789477381.07292,-24.180370030502125,10.47115093051111,1.3610290269906422,-1.1461601475395993,-3.8554372486286153,0.7056206923580867,1.5041591879551492,438
1789477381.0834222,1789477381.0829186,-24.20325878315459,10.397817504879908,1.3747682899223483,-1.1358038866698523,-3.470387267832689,0.6653620579182494,1.428068100170501,438
1789477381.0935063,1789477381.092922,-24.214590718381565,10.363944752225418,1.3813320791463073,-1.1196178978673894,-3.274729782931434,0.6413326066588606,1.3926091510185912,438
1789477381.1034324,1789477381.1029255,-24.22566102481898,10.332221505724105,1.3876070484018104,-1.0967349948019083,-3.0795796738083587,0.6152346183790183,1.3592094961837797,438
1789477381.1134253,1789477381.1129246,-24.236432899557094,10.30254923184192,1.3935906552284418,-1.0676277230103717,-2.8852584775401793,0.5872966108874622,1.3277935286383382,438
1789477381.1233623,1789477381.1229217,-24.24695180351942,10.274634456073827,1.3993234310399267,-1.0324608862893596,-2.690611063914871,0.5575003619848322,1.2980749866731771,438
1789477381.1333354,1789477381.1329162,-24.25709222439012,10.248658357871149,1.404751081841844,-0.9919294142304247,-2.49767070503231,0.5262952518230587,1.2702700614914768,438
1789477381.143334,1789477381.142924,-24.266772049452268,10.22467608544023,1.4098446074943445,-0.9467619791115632,-2.307866918057806,0.4940738762139586,1.244462915760817,438
1789477381.1536355,1789477381.152954,-24.276075596703368,10.202346074220625,1.4146613522241933,-0.8968947588014975,-2.1194070074444693,0.46066843285826664,1.2203084327821943,438
1789477381.1634471,1789477381.1629212,-24.284688567890843,10.182284323787925,1.4190526388791604,-0.8445338176280233,-1.938764242342487,0.42739302100608195,1.1984974238307324,438
1789477381.1733816,1789477381.1729164,-24.292939179395166,10.163606652199185,1.4231981497803037,-0.7881460900207224,-1.7591575003745925,0.39314308728347414,1.178090584900564,438
1789477381.1833415,1789477381.182914,-24.300571011049954,10.146795984114954,1.426979241184436,-0.729842471671196,-1.5862200272692228,0.3591077656267962,1.1596340810869021,438
1789477381.1933951,1789477381.1928885,-24.307494175484507,10.13193442725574,1.4303639941137916,-0.6710777611750187,-1.4225513301680954,0.32597070224281777,1.1432408347511096,438
1789477381.2034216,1789477381.2029154,-24.31397343217387,10.118364423633823,1.4334916525430657,-0.610162305173132,-1.2622712587279032,0.29266790257325737,1.1282035584704757,438
1789477381.2134519,1789477381.2129161,-24.319757320883564,10.106534018578076,1.436249638570448,-0.5500380337505644,-1.112059400388513,0.2607045650992653,1.1150350743419688,438
1789477381.2233682,1789477381.222874,-24.32496623506417,10.096116668294057,1.4387045879148939,-0.4902707618304941,-0.9695944323661351,0.2297228453341006,1.1033890081283686,438
1789477381.2332501,1789477381.2329104,-24.329604641235033,10.087038742920209,1.440866143776658,-0.4315132405503453,-0.8354684371986842,0.19996147832710906,1.0931971494608956,438
1789477381.2433476,1789477381.2429295,-24.333595735413414,10.079386932283299,1.4427061020063827,-0.3756928834584453,-0.7129965884461018,0.17227916374087562,1.0845709963921126,438
1789477381.253365,1789477381.2529092,-24.33709399175638,10.072807520579838,1.4443029592739196,-0.32100316673137474,-0.5986879960366759,0.1459621628640525,1.0771248722438722,438
1789477381.263451,1789477381.262907,-24.340012419480594,10.067383873626403,1.445629983735662,-0.2673096444107529,-0.4967137654323929,0.12193022695146766,1.070971695839797,438
1789477381.2734423,1789477381.2729092,-24.34240130354226,10.062897539184918,1.4467330197229273,-0.2119796502475703,-0.4061114152440804,0.09990615800139876,1.0658928864681236,438
1789477381.2833178,1789477381.282907,-24.34240130354226,10.062897539184918,1.4467330197229273,-0.2119796502475703,-0.4061114152440804,0.09990615800139876,1.0658928864681236,438
1789477381.293424,1789477381.2929149,-24.345472224612976,10.05626053942263,1.448350589671429,-0.09020314590471758,-0.2618113419362792,0.062286310612217025,1.0585808848717102,438
1789477381.3034108,1789477381.302919,-24.346042943450065,10.05389601959712,1.4488992507357192,-0.022264350986276903,-0.21021101580491763,0.047111047846708526,1.0562036306014515,438
1789477381.313427,1789477381.312918,-24.345910939822566,10.052012780641844,1.4493010797424042,0.04994290523064787,-0.17328844914329097,0.03463016785648567,1.0545657882571242,438
1789477381.3233027,1789477381.3228908,-24.34502065246247,10.050408074000002,1.4495944873623607,0.12909010573735236,-0.1498896073186372,0.024441041319683394,1.0535096539277071,438
1789477381.3333964,1789477381.33291,-24.34328331407934,10.0489513379414,1.4498001142165073,0.2155436909506326,-0.14056675090306645,0.01663699656837088,1.0529576627908415,438
1789477381.3436112,1789477381.3429298,-24.340708566087592,10.04754946437298,1.4499368176216474,0.30636834635250865,-0.14530343501669496,0.01141102974674791,1.0528238569807407,438
1789477381.3536284,1789477381.3529222,-24.337157946130972,10.046014571461871,1.4500344281125324,0.4045375152057602,-0.16385187110441762,0.008497872287225887,1.0530030800210364,438
1789477381.3634937,1789477381.3629165,-24.332543081239862,10.044206139858217,1.4501154116449289,0.5098581528657018,-0.19635873463096146,0.007921293917657701,1.0534128840112915,438
1789477381.3733559,1789477381.372906,-24.332543081239862,10.044206139858217,1.4501154116449289,0.5098581528657018,-0.19635873463096146,0.007921293917657701,1.0534128840112915,438
1789477381.3833733,1789477381.382917,-24.32028880338833,10.039392605764782,1.4503121211287127,0.7324082446461312,-0.29860522795129224,0.01338278794259269,1.0545412616050802,438
1789477381.3933358,1789477381.3929133,-24.312241997388753,10.036010084702447,1.450476674759531,0.8539166993793029,-0.36996754478052246,0.019390006037829366,1.0551240477241897,438
1789477381.4034908,1789477381.4029071,-24.303095933508857,10.031913301131786,1.4507082742491182,0.9775123478180047,-0.4520159551770674,0.027290243852855466,1.055600900497565,438
1789477381.4133685,1789477381.4129064,-24.292701718005638,10.026942441712075,1.4510280766692814,1.1042851569931251,-0.545141335523615,0.037046767501327404,1.0559145764495401,438
1789477381.4233203,1789477381.422906,-24.280858996929787,10.020899461851032,1.451460800810516,1.235268830304181,-0.650220573123947,0.04871394346346749,1.0560044703663798,438
1789477381.433318,1789477381.4329073,-24.26788802555841,10.01385678721239,1.4520108047920182,1.3658776443486946,-0.76355035810861,0.061832887528874156,1.0558146695589428,438
1789477381.4433258,1789477381.4429088,-24.25371289066087,10.00569980754727,1.4526942895523467,1.4964022009441476,-0.8848149476512553,0.07645366044126806,1.0553079471174156,438
1789477381.4534442,1789477381.4529078,-24.23804510050221,9.996180791590362,1.4535425451342787,1.6288162556995922,-1.0150640426587667,0.0930650831940658,1.0544393020833196,438
1789477381.4633737,1789477381.4629042,-24.220997191823596,9.985288699582297,1.4545705987803164,1.7613549799972859,-1.1519484536998281,0.11172588481746118,1.0531901216173951,438
1789477381.4733078,1789477381.4729056,-24.220997191823596,9.985288699582297,1.4545705987803164,1.7613549799972859,-1.1519484536998281,0.11172588481746118,1.0531901216173951,438
1789477381.483327,1789477381.4829063,-24.18332640620581,9.959536451761979,1.4572124424478565,2.0206152418313628,-1.436638888843706,0.1550014894691856,1.0495937141115648,438
1789477381.493268,1789477381.4928846,-24.162554922083473,9.944488161440725,1.4588794414670685,2.1474906042599455,-1.5836853114707587,0.1799010922761119,1.0472612985377774,438
1789477381.5032275,1789477381.502906,-24.140058652959958,9.927603712274323,1.4608485482436437,2.2741561291271837,-1.7355786534865039,0.2075456293551881,1.04455078336143,438
1789477381.5133266,1789477381.5129046,-24.117333834713936,9.909989497978064,1.4630070749323214,2.392047466117207,-1.88176325121924,0.2360618037303535,1.0416820779929998,438
1789477381.523349,1789477381.522911,-24.092715897818593,9.890332973353729,1.4655340816243911,2.5095228539524936,-2.0324892081398476,0.2674896723189945,1.0384890457031548,438
1789477381.5333202,1789477381.5329072,-24.067041217402327,9.869248794225232,1.4683751593539054,2.621748861904153,-2.1818449366206267,0.3007242339978299,1.0351239934317853,438
1789477381.543315,1789477381.5429032,-24.039738092691284,9.8462226011366,1.471623344776228,2.730539173909814,-2.332552839618282,0.33643816349357547,1.0315646010615431,438
1789477381.5533469,1789477381.5529156,-24.01228395624682,9.822481426871555,1.4751223632191701,2.829789352491239,-2.4762864608984554,0.37260386480924473,1.0280569914627709,438
1789477381.5632439,1789477381.5629063,-23.98367623804793,9.797149760552937,1.4790143356885233,2.923113756918294,-2.618346416477405,0.4104340454481481,1.024525341158271,438
1789477381.5731974,1789477381.5729039,-23.953512272294287,9.76981272173592,1.4833879023158505,3.0110109048040195,-2.7602281837053275,0.4503565011768498,1.0209823659801485,438
1789477381.5833223,1789477381.5829067,-23.923083897031013,9.741603935110028,1.4880793300083657,3.089313056775996,-2.895716801666878,0.49054585853055904,1.0176358994377552,438
1789477381.5934706,1789477381.592886,-23.891993687858417,9.712138325465856,1.4931626144378958,3.1590335280714528,-3.0267786547504083,0.5314110177500803,1.0144874797132588,438
1789477381.603384,1789477381.6029112,-23.860213682312555,9.681351464304102,1.4986624624548337,3.219941044789079,-3.153557923261669,0.5728686602254276,1.01158246014583,438
1789477381.6133666,1789477381.6129117,-23.827788235546628,9.649239974542017,1.5045929736572148,3.271596962097621,-3.27589991401722,0.6147371606494276,1.0089711143129954,438
1789477381.6232855,1789477381.6228817,-23.79468954313974,9.615720331579658,1.5109830116638128,3.3136285910712644,-3.3939274946838762,0.656923550248256,1.0066953135031413,438
1789477381.633349,1789477381.632911,-23.761657288534895,9.58149909311405,1.5177049665863858,3.3449469260944222,-3.5052192981060455,0.6983711978076645,1.0048344571035779,438
1789477381.643337,1789477381.6429167,-23.727824988171992,9.545619823001648,1.524954967914072,3.3660815345275403,-3.6128525261691915,0.740045316616709,1.0033673878499516,438
1789477381.6535144,1789477381.6529057,-23.694119375738563,9.50899653605952,1.5325560041350408,3.3761051564802385,-3.714025180303261,0.7806810064478998,1.0023569456505217,438
1789477381.6633437,1789477381.662886,-23.660306248746377,9.47131916443427,1.540574028497788,3.374987555816634,-3.8097461285443153,0.8204590097843487,1.0018009486004198,438
1789477381.673335,1789477381.673025,-23.660306248746377,9.47131916443427,1.540574028497788,3.374987555816634,-3.8097461285443153,0.8204590097843487,1.0018009486004198,438
1789477381.6833262,1789477381.6829112,-23.59309929653414,9.393351878188957,1.557748079734275,3.338639806325578,-3.983848066780297,0.896159725016605,1.0020558351047684,438
1789477381.6933408,1789477381.6929128,-23.559716663389143,9.352914543280475,1.5669350011123648,3.3030028367662565,-4.062766805299037,0.931869174659627,1.002843346187178,438
1789477381.7033548,1789477381.70291,-23.52712106902141,9.312183003798882,1.5763618780475153,3.2563039153229956,-4.135213423430379,0.9653606287258822,1.0040202184298899,438
1789477381.7133236,1789477381.7129147,-23.49482484492085,9.270468327528969,1.586180681761791,3.1978013891762602,-4.202638747854819,0.9970658118157534,1.005566123377148,438
1789477381.7234392,1789477381.7229152,-23.463510528624543,9.228568956063052,1.5961944407717943,3.128698515272667,-4.263983191555801,1.026253164560926,1.007403562149932,438
1789477381.7332754,1789477381.732905,-23.43222561141409,9.185082868241578,1.6067307901753551,3.0465605253899906,-4.321394536836819,1.0537149769095326,1.0095430780742882,438
1789477381.7432961,1789477381.742919,-23.40223939205662,9.141647902493999,1.617382885660595,2.954456484331294,-4.37285027778636,1.0782553917054325,1.011843785284686,438
1789477381.7533872,1789477381.752917,-23.373713515436314,9.098477077529195,1.6280794321413734,2.853458076227881,-4.418595558575754,1.0997782037537798,1.014219054369236,438
1789477381.7633493,1789477381.7629168,-23.3456638182018,9.05395996338116,1.6392049334503138,2.739962723742753,-4.460553081080875,1.118973882509599,1.0166830038850851,438
1789477381.7734966,1789477381.7728834,-23.318821122181102,9.009076427903478,1.6505005279015779,2.6164619755206378,-4.497903029704695,1.1352464675888356,1.0191014127065916,438
1789477381.7833831,1789477381.782909,-23.318821122181102,9.009076427903478,1.6505005279015779,2.6164619755206378,-4.497903029704695,1.1352464675888356,1.0191014127065916,438
1789477381.7933168,1789477381.7928865,-23.268966337279124,8.918057893035195,1.6735658577942294,2.340304446762306,-4.55995246943753,1.1587789423724069,1.023467337043058,438
1789477381.8033311,1789477381.8029125,-23.246344839174053,8.872404667787643,1.685172682184431,2.189976505814143,-4.58491502358406,1.1658391198378157,1.025219052820229,438
1789477381.8134432,1789477381.81291,-23.22523512629547,8.826454248939523,1.6968511516522546,2.031506200780856,-4.606361099294525,1.1697788912604734,1.0265772527946773,438
1789477381.8233957,1789477381.822928,-23.20561870464202,8.779988483659121,1.7086336698421027,1.8645923647002902,-4.624643917459987,1.170568604445175,1.0274571363088647,438
1789477381.8333168,1789477381.8328817,-23.18807879405652,8.734346437909757,1.7201582763909444,1.6947604604537836,-4.639600962138318,1.1682612135085737,1.0277633289604529,438
1789477381.8435912,1789477381.8429184,-23.17183323740208,8.687320179590866,1.7319576820242553,1.514388529973193,-4.652235431448,1.162743812242955,1.0274268272351628,438
1789477381.8533926,1789477381.8529088,-23.15756137225066,8.640603392850993,1.7435801715016703,1.3305218775617398,-4.6623259203687155,1.154174110595447,1.0263690077114034,438
1789477381.8636556,1789477381.8628833,-23.14518939459941,8.593933217781425,1.7550679638446007,1.1429441721031628,-4.670279918001453,1.1426175681611541,1.0245301367205117,438
1789477381.8735118,1789477381.8728848,-23.134831081393777,8.547781444764253,1.7662834354358277,0.9543978903051484,-4.676364385571245,1.12833340879961,1.021889498064378,438
1789477381.8836539,1789477381.8828862,-23.134831081393777,8.547781444764253,1.7662834354358277,0.9543978903051484,-4.676364385571245,1.12833340879961,1.021889498064378,438
1789477381.8935328,1789477381.8929121,-23.11954395158994,8.453558424951337,1.78863668187776,0.563399509152843,-4.684536567578627,1.0907812137374895,1.0137809695174513,438
1789477381.9036322,1789477381.9029148,-23.114948036339296,8.40745625697687,1.7992610323920375,0.37082999350236356,-4.687052399466199,1.0685440839274427,1.0084203421828533,438
1789477381.9135406,1789477381.912911,-23.11220384646245,8.360203348721123,1.8099061238813323,0.17380952671448746,-4.689019281659572,1.0433043217443707,1.0019495957649447,438
1789477381.9234974,1789477381.9229195,-23.111439030707686,8.313166226071218,1.8202343138815165,-0.021012659953870028,-4.690654779440631,1.015875950848804,0.9945216248173341,438
1789477381.9334636,1789477381.9329157,-23.11260430050299,8.266415162766576,1.8302130409354878,-0.21241562860622487,-4.692245171505682,0.9865051449234641,0.9861706234059753,438
1789477381.9435005,1789477381.9429085,-23.115713755443156,8.219045175148665,1.8400117859578142,-0.40310278255724263,-4.694101157005149,0.9547843392433877,0.9767455362465047,438
1789477381.9536054,1789477381.9528885,-23.1206148100809,8.172555430329691,1.8493042656904763,-0.5861098668161882,-4.696425952123458,0.9219234349901488,0.9665866964451255,438
1789477381.9634464,1789477381.9629073,-23.12736275235061,8.125679485360186,1.8583315225673238,-0.7655334345979785,-4.69952914535152,0.8872550168841817,0.9554801931277801,438
1789477381.9734569,1789477381.972907,-23.135770369789824,8.079277997271006,1.8669135377442525,-0.9371699236044577,-4.70358933315788,0.8516244426908788,0.9436939142254426,438
1789477381.98345,1789477381.9829168,-23.135770369789824,8.079277997271006,1.8669135377442525,-0.9371699236044577,-4.70358933315788,0.8516244426908788,0.9436939142254426,438
1789477381.9933243,1789477381.992909,-23.158164771486778,7.983846362900525,1.8834029538717711,-1.2677309667429226,-4.715960166580052,0.7751316784183927,0.9173105382614892,438
1789477382.0033245,1789477382.0029056,-23.171367572813622,7.937428434396249,1.8908378657545921,-1.415875980420331,-4.724342986214108,0.7368033885512002,0.9036325015134645,438
1789477382.0132515,1789477382.0129206,-23.186423597029883,7.889580516980133,1.8980903144983299,-1.5588272193326362,-4.734855457313639,0.6968297173139595,0.889113419210712,438
1789477382.0234346,1789477382.022912,-23.20242451487716,7.842879115590224,1.904761678356017,-1.6880433018784573,-4.746904363106025,0.657641106706823,0.8746625637443399,438
1789477382.033384,1789477382.0329053,-23.219959690625966,7.795238154349307,1.9111636055838308,-1.8071541583437445,-4.7534494400108604,0.6201204338104968,0.8597769605713665,438
1789477382.0433505,1789477382.0429118,-23.238519515415557,7.747846523481816,1.917192146575907,-1.9095953868321578,-4.7404562264293135,0.5894570935370114,0.84494961133429,438
1789477382.0535073,1789477382.052886,-23.25803695955315,7.70065597832464,1.9229658448193094,-1.9933898143421103,-4.699268725472073,0.5676817806192422,0.8302639060996277,438
1789477382.0633917,1789477382.0629222,-23.278490556465307,7.6535855254378475,1.9286228765431823,-2.0572232607596366,-4.625206939527227,0.5551541216699823,0.815768074184505,438
1789477382.0734062,1789477382.072911,-23.299244900102757,7.60793242792565,1.9341359990758569,-2.099013019546863,-4.519914501023738,0.5510732913708828,0.8019081028722854,438
1789477382.0833967,1789477382.082907,-23.32037149333226,7.563350195756743,1.9396575059955872,-2.1195499865219727,-4.385259738937513,0.5532168436415734,0.7886044353528114,438
1789477382.0933535,1789477382.0929074,-23.34163294512973,7.52017238791588,1.945229636164795,-2.119218406635366,-4.226241139809941,0.5588996496861437,0.7759751420230296,438
1789477382.103475,1789477382.1028795,-23.362605297828033,7.479040880128017,1.9508138799555814,-2.0992881499455036,-4.05100104273573,0.5650082749007146,0.7642184467683215,438
1789477382.1133945,1789477382.1129093,-23.383329222806935,7.439633131122295,1.9564597569170668,-2.061170465443493,-3.86463107130824,0.5685464343481428,0.7532562056062928,438
1789477382.1233544,1789477382.122906,-23.403796422514258,7.4017285226615295,1.9621741827287045,-2.005958924599893,-3.6723506814414435,0.5665732114128511,0.7430596943559467,438
1789477382.1333396,1789477382.1329064,-23.423639462275244,7.365736916088059,1.9678319261459905,-1.9359061289393495,-3.482569419327142,0.5564625728870829,0.7337851609441168,438
1789477382.1433613,1789477382.1429145,-23.442522736823427,7.331954391900397,1.973283580444955,-1.8540397259113055,-3.302876655305421,0.5364685375394986,0.7255558731149563,438
1789477382.1535048,1789477382.1529067,-23.460639826612365,7.299719820425091,1.9785103368833505,-1.7612629293340092,-3.1348028778108974,0.505029191359059,0.7182723819131103,438
1789477382.1634028,1789477382.1628764,-23.477766182014587,7.269123865876962,1.9833576040889183,-1.6602727610942416,-2.982680432633501,0.46172093012020965,0.7120310658339917,438
1789477382.1732962,1789477382.1729157,-23.493796071014554,7.240061274009551,1.9876986751285315,-1.5534278797291063,-2.848324645782792,0.4069459184164175,0.7068768679055748,438
1789477382.1834,1789477382.18291,-23.508774508951912,7.212182387756083,1.9914481652879026,-1.4420701010765313,-2.7309322927495687,0.34138909636661885,0.7028099768852716,438
1789477382.193406,1789477382.1929085,-23.522775741524512,7.185099730613361,1.9945258670883341,-1.327019865406465,-2.628331460080037,0.26602472741560224,0.6998412244273204,438
1789477382.2034564,1789477382.2028885,-23.53543640512312,7.159345246151805,1.9967792718213073,-1.2128814235586969,-2.540192160260312,0.1851830814758686,0.6980488654017034,438
1789477382.213465,1789477382.2129056,-23.54689908892533,7.134561861870542,1.998200447605547,-1.1001968320696618,-2.4614758718764174,0.10123224303253853,0.6973725346956241,438
1789477382.223339,1789477382.2229106,-23.557307529408252,7.110405013237209,1.998785768082431,-0.9890197332861678,-2.386607395994406,0.016445178911605202,0.6977688294864277,438
1789477382.2332509,1789477382.232928,-23.566599855059827,7.0870557218346235,1.998539908805212,-0.8813990234548629,-2.311152054127533,-0.06514369625337701,0.6991764716208013,438
1789477382.2433515,1789477382.2429173,-23.574926747183472,7.064240282877718,1.997496253217548,-0.7769131827267893,-2.2290067036062378,-0.14127302396103406,0.7015337330492024,438
1789477382.2535613,1789477382.2529128,-23.582242908379015,7.042255995015728,1.9957284544620177,-0.6774091267353373,-2.1361914851965382,-0.20809981183045576,0.7047141433739694,438
1789477382.2634554,1789477382.2629116,-23.58854373732034,7.021423527213386,1.993365761774395,-0.5844703390600038,-2.0300205095708366,-0.2625446001755712,0.7085326298917511,438
1789477382.2733574,1789477382.2729075,-23.59394800545186,7.001729466573351,1.9905257715543871,-0.4979011661221852,-1.9074364022147943,-0.30326297137501146,0.7128413228534911,438
1789477382.283318,1789477382.2829058,-23.59852947017617,6.983310497022193,1.987345557749076,-0.4179945736087022,-1.7671273569911488,-0.32914831622748014,0.7174666152016247,438
1789477382.2933455,1789477382.2929108,-23.602333436973804,6.966442724589815,1.983995144597164,-0.3455150899354461,-1.610426701873631,-0.3397528142157483,0.7221930176243672,438
1789477382.303505,1789477382.302909,-23.60548591694229,6.9510334114489565,1.9805703728182382,-0.2795821628212378,-1.4365771796885896,-0.33554145205812097,0.7269119149678351,438
1789477382.3134687,1789477382.3129063,-23.607968905096236,6.937678667676104,1.9773185116832186,-0.22227531409015905,-1.2545444540857245,-0.3180559149041546,0.7313081950953055,438
1789477382.3234506,1789477382.322904,-23.609934566506215,6.926075667593189,1.9742730264709962,-0.17189711242208697,-1.064225366456327,-0.2890334103786034,0.7353600108974372,438
1789477382.333597,1789477382.332911,-23.61142772290167,6.916423053171172,1.9715747635398435,-0.12902734974784705,-0.8737275095009553,-0.25138716670656003,0.7388993500704153,438
1789477382.3435433,1789477382.342903,-23.612530154979186,6.908639692616513,1.9692802433628138,-0.09319715933033862,-0.6885118903320226,-0.20805916775192526,0.741870565356272,438
1789477382.3535514,1789477382.3528788,-23.61331653159363,6.902590169160074,1.9674137017390787,-0.06384636660031362,-0.5136430289685205,-0.16195036737967783,0.7442585603979164,438
1789477382.3635125,1789477382.3628736,-23.613837228307705,6.898237052690835,1.9660168101216409,-0.04111506353356602,-0.35896094732120853,-0.1173711760582195,0.7460253286985479,438
1789477382.3735225,1789477382.372907,-23.61416028513044,6.89531158799572,1.9650457679531836,-0.024226751988508835,-0.22889986581383748,-0.07724789027674162,0.7472401988525235,438
1789477382.3833737,1789477382.3829029,-23.6143390193781,6.893564420506806,1.9644486218754655,-0.012667707185281811,-0.12902622452070167,-0.044746830700141293,0.7479796366830618,438
1789477382.3933668,1789477382.3929029,-23.614425956837547,6.892650212905895,1.9641281128447712,-0.005361703082885701,-0.05875658791905458,-0.020877140729402832,0.7483727011290391,438
1789477382.403326,1789477382.4029043,-23.614458206072808,6.892286460201569,1.9639976970109696,-0.0015262151022462228,-0.017956404547486038,-0.006519525223690703,0.7485312026882269,438
1789477382.4134061,1789477382.412902,-23.614465105029424,6.8922033954971855,1.9639673369930202,-0.000168714528135952,-0.002122244818215435,-0.0007851345935367959,0.7485678044214406,438
1789477382.4233468,1789477382.422909,-23.614465484937032,6.89219855953898,1.963965542189268,-3.885780586188048e-16,7.105427357601002e-15,3.552713678800501e-15,0.7485699541062449,438
1789477382.4334018,1789477382.4328792,-23.614465484937032,6.89219855953898,1.963965542189268,-3.885780586188048e-16,7.105427357601002e-15,3.552713678800501e-15,0.7485699541062449,438
1789477382.4434195,1789477382.4428735,-23.614465484937032,6.89219855953898,1.963965542189268,-3.885780586188048e-16,7.105427357601002e-15,3.552713678800501e-15,0.7485699541062449,438
1789477382.4534292,1789477382.452904,-23.614465484937032,6.89219855953898,1.963965542189268,-3.885780586188048e-16,7.105427357601002e-15,3.552713678800501e-15,0.7485699541062449,438
1789477382.4634967,1789477382.4629035,-23.614465484937032,6.89219855953898,1.963965542189268,-3.885780586188048e-16,7.105427357601002e-15,3.552713678800501e-15,0.7485699541062449,438
1789477382.4734879,1789477382.4729311,-23.614465484937032,6.89219855953898,1.963965542189268,-3.885780586188048e-16,7.105427357601002e-15,3.552713678800501e-15,0.7485699541062449,438
1789477382.4834056,1789477382.4829028,-23.614465484937032,6.89219855953898,1.963965542189268,-3.885780586188048e-16,7.105427357601002e-15,3.552713678800501e-15,0.7485699541062449,438
1789477382.4933708,1789477382.492902,-23.614465484937032,6.89219855953898,1.963965542189268,-3.885780586188048e-16,7.105427357601002e-15,3.552713678800501e-15,0.7485699541062449,438
1789477382.5033562,1789477382.5029016,-23.614465484937032,6.89219855953898,1.963965542189268,-3.885780586188048e-16,7.105427357601002e-15,3.552713678800501e-15,0.7485699541062449,438
1789477382.5133142,1789477382.5128787,-23.614465484937032,6.89219855953898,1.963965542189268,-3.885780586188048e-16,7.105427357601002e-15,3.552713678800501e-15,0.7485699541062449,438
1789477382.523296,1789477382.5228872,-23.614465484937032,6.89219855953898,1.963965542189268,-3.885780586188048e-16,7.105427357601002e-15,3.552713678800501e-15,0.7485699541062449,438
1789477382.5333862,1789477382.532902,-23.614465484937032,6.89219855953898,1.963965542189268,-3.885780586188048e-16,7.105427357601002e-15,3.552713678800501e-15,0.7485699541062449,438
1789477382.543342,1789477382.5429087,-23.614465484937032,6.89219855953898,1.963965542189268,-3.885780586188048e-16,7.105427357601002e-15,3.552713678800501e-15,0.7485699541062449,438
1789477382.553487,1789477382.5529048,-23.614465484937032,6.89219855953898,1.963965542189268,-3.885780586188048e-16,7.105427357601002e-15,3.552713678800501e-15,0.7485699541062449,438
1789477382.5633948,1789477382.562904,-23.614465484937032,6.89219855953898,1.963965542189268,-3.885780586188048e-16,7.105427357601002e-15,3.552713678800501e-15,0.7485699541062449,438
1789477382.5734124,1789477382.5729003,-23.614465484937032,6.89219855953898,1.963965542189268,-3.885780586188048e-16,7.105427357601002e-15,3.552713678800501e-15,0.7485699541062449,438
1789477382.5833616,1789477382.5829058,-23.614465484937032,6.89219855953898,1.963965542189268,-3.885780586188048e-16,7.105427357601002e-15,3.552713678800501e-15,0.7485699541062449,438
1789477382.5933197,1789477382.5929043,-23.614465484937032,6.89219855953898,1.963965542189268,-3.885780586188048e-16,7.105427357601002e-15,3.552713678800501e-15,0.7485699541062449,438
1789477382.6033826,1789477382.602928,-23.614465484937032,6.89219855953898,1.963965542189268,-3.885780586188048e-16,7.105427357601002e-15,3.552713678800501e-15,0.7485699541062449,438
1789477382.613648,1789477382.6129336,-23.615289066593203,6.8464682886982695,1.9775006751569584,0.23564269415872288,-0.6939724031805888,0.06142419810502921,0.7716581311358914,438
1789477382.6234214,1789477382.6229222,-23.61270358037686,6.838846009586663,1.9781760818094185,0.27658596719873096,-0.8162811479207047,0.07240196793058981,0.7778872093390179,438
1789477382.6335373,1789477382.6329224,-23.609735885196844,6.830076186409472,1.978954637509079,0.31975706988971264,-0.9461603600150525,0.08406295503609144,0.7850635878575498,438
1789477382.6439207,1789477382.6429236,-23.606248205596298,6.8197395451518,1.9798736496600386,0.36645533873294367,-1.087860316570954,0.09677684448018449,0.7935345107448577,438
1789477382.6534858,1789477382.6529126,-23.602330823693894,6.8080884004399085,1.980910616182562,0.4148035981264148,-1.2360792102365141,0.1100523114668007,0.8030980428512491,438
1789477382.663553,1789477382.6629066,-23.598030110658197,6.795244994068733,1.9820543486981634,0.4638602312020656,-1.3882675581507449,0.12364369751966543,0.8136582627495108,438
1789477382.6735628,1789477382.6729023,-23.59314414101924,6.780584875132901,1.9833599800218324,0.5154075545968763,-1.550421141793856,0.1380640663035448,0.8257343708935343,438
1789477382.6834407,1789477382.682898,-23.59314414101924,6.780584875132901,1.9833599800218324,0.5154075545968763,-1.550421141793856,0.1380640663035448,0.8257343708935343,438
1789477382.693327,1789477382.6928997,-23.58173442184946,6.74604939865514,1.9864328016457302,0.6221882456340518,-1.8952164868635386,0.16843512310108683,0.8542701140424942,438
1789477382.7033312,1789477382.702899,-23.575219651661246,6.7261307420028595,1.988201442558126,0.6762953594459805,-2.075574404760083,0.184115294206064,0.8707805977892629,438
1789477382.7133157,1789477382.7129028,-23.568182742791375,6.704443634053851,1.9901228409748126,0.7301219709307006,-2.2597106125795383,0.19993976942993066,0.8887973112102423,438
1789477382.7233193,1789477382.7228975,-23.56064549600606,6.6810071839932546,1.992193238830269,0.7831074058338252,-2.446500822395067,0.21576905092671395,0.9083117289811025,438
1789477382.7333221,1789477382.7329023,-23.55252746911187,6.655513006379868,1.9944372920402158,0.8353753844928568,-2.637342972983689,0.23167109950529285,0.9295883936277267,438
1789477382.7432368,1789477382.742869,-23.544020057572723,6.628500704657734,1.9968046090182652,0.8853425500042124,-2.8273973642469463,0.24719265020282838,0.9521834730857934,438
1789477382.7534661,1789477382.752912,-23.534919647894615,6.5992515904342,1.999354694036032,0.9338325795097043,-3.020897766868189,0.26262293957716387,0.9767043052969209,438
1789477382.7632344,1789477382.7628903,-23.525264681371286,6.567794874408221,2.0020804800208616,0.9801132264856447,-3.216484112520342,0.27777915853427243,1.0031334335116249,438
1789477382.7732973,1789477382.772903,-23.515367313269184,6.535062906471994,2.0048968504408964,1.02241052438923,-3.407832266102855,0.29211369167747386,1.030690651616621,438
1789477382.7833683,1789477382.7829037,-23.515367313269184,6.535062906471994,2.0048968504408964,1.02241052438923,-3.407832266102855,0.29211369167747386,1.030690651616621,438
1789477382.7933245,1789477382.792903,-23.494013154050283,6.462592793454079,2.011053088530624,1.0971917647139915,-3.793729454168376,0.3192275757018357,1.0918755410985095,438
1789477382.8033648,1789477382.8028977,-23.482936846177804,6.423894853401653,2.0142917848820767,1.127569199099118,-3.9813822141363913,0.3313648145466445,1.1246253565116962,438
1789477382.8133912,1789477382.8128912,-23.471618743056357,6.383473604371285,2.0176356985880757,1.1528619072673676,-4.165457685243073,0.3424653021631132,1.1588774834686384,438
1789477382.8232248,1789477382.8228943,-23.459773687724883,6.340121457901194,2.021175286834986,1.1731594054218282,-4.350585829233648,0.352697561611617,1.195650768036241,438
1789477382.8332088,1789477382.8328967,-23.44816633066644,6.296482712313951,2.024686740235881,1.1868906027813797,-4.525222949745198,0.3613559897566983,1.2326936876118548,438
1789477382.8433146,1789477382.8428948,-23.43606498501197,6.249619093089658,2.0283970969549467,1.1945838451897528,-4.700792400425237,0.3689266729937719,1.2724894036380046,438
1789477382.853478,1789477382.8528929,-23.424098590183405,6.201723796468258,2.032121022631197,1.195307524089559,-4.868453617737298,0.37491552550572915,1.3131625474559838,438
1789477382.8633733,1789477382.8628652,-23.41215690249722,6.152163243553176,2.035898349195832,1.1888481860513849,-5.030393265718793,0.3793474759562935,1.3552353290941874,438
1789477382.8736572,1789477382.8729851,-23.400306643760082,6.100965023728882,2.039715328320239,1.1748481364452483,-5.186265650199219,0.38213205573658493,1.398666157351597,438
1789477382.883739,1789477382.8829026,-23.400306643760082,6.100965023728882,2.039715328320239,1.1748481364452483,-5.186265650199219,0.38213205573658493,1.398666157351597,438
1789477382.8934238,1789477382.8928976,-23.37745186650254,5.995158613667982,2.0473118741720606,1.1237362525562666,-5.475031709591429,0.3824596941110082,1.488246685770644,438
1789477382.903363,1789477382.9028966,-23.36643650199249,5.939928272755517,2.0511115556725326,1.0858567648558426,-5.609473397349033,0.3798924419104923,1.5348780798694435,438
1789477382.91327,1789477382.9128973,-23.355756119974124,5.8829301369492155,2.054906670930308,1.0391509745261562,-5.737477039903619,0.37538335739457507,1.5828842629624869,438
1789477382.9232297,1789477382.9228692,-23.345633483180887,5.824953253664486,2.0586297444272934,0.9840321750473744,-5.857160287949695,0.3689398469162804,1.6315732111133046,438
1789477382.9332256,1789477382.932911,-23.33596374345239,5.764899529910109,2.0623340323645896,0.919175591349806,-5.970596911838835,0.36037382389432165,1.6818363653840285,438
1789477382.9431922,1789477382.9428966,-23.327161334000564,5.704907775268666,2.065873447544433,0.8468203310243807,-6.073810396421228,0.34997599783201616,1.7318562461104943,438
1789477382.953364,1789477382.9528937,-23.3190315528891,5.643194217748393,2.069339605924065,0.7648260887149465,-6.1700127651318075,0.3374432699889692,1.7830934682595654,438
1789477382.9633658,1789477382.9629085,-23.311869726490624,5.581455650246427,2.0726227077257495,0.6754496462436999,-6.256653787758729,0.3231245402826586,1.8341122477533072,438
1789477382.9733944,1789477382.972889,-23.311869726490624,5.581455650246427,2.0726227077257495,0.6754496462436999,-6.256653787758729,0.3231245402826586,1.8341122477533072,438
1789477382.9833481,1789477382.9828908,-23.3004010131466,5.455380285497119,2.078724304837261,0.4714438641167276,-6.40569454770258,0.2886931796940693,1.9374861001169832,438
1789477382.9933357,1789477382.992891,-23.296265973250147,5.391238154811014,2.0815025520255865,0.3572701669283055,-6.468047551242769,0.2686770073610735,1.9896294312478482,438
1789477383.0033116,1789477383.0028841,-23.293297457540792,5.326252318923918,2.0840824411598557,0.23493602775900116,-6.522515150633613,0.24680189242518955,2.042130542166764,438
1789477383.0135865,1789477383.0129042,-23.291592503512238,5.260926385847275,2.0864293334071835,0.10558652032329303,-6.56882958314966,0.2232899333149408,2.094560910188318,438
1789477383.0234365,1789477383.022874,-23.291213238430082,5.1951477369004815,2.088534462754485,-0.030720961234761375,-6.607291425609248,0.19817302018829364,2.090172457125955,439
1789477383.0334475,1789477383.032917,-23.29224576039071,5.128321017536818,2.0903994702831747,-0.17500501976761731,-6.638332935909082,0.17128056796215113,2.024860942664879,439
1789477383.0434089,1789477383.0428736,-23.294716451099628,5.062215784492117,2.0919646032908044,-0.3230503931105097,-6.661418676691184,0.1434235358302583,1.9606106607099723,439
1789477383.0534792,1789477383.052925,-23.29871686004612,4.995477739867627,2.093254170141298,-0.47741794283552313,-6.6773720447410705,0.11414769110767124,1.896139052568005,439
1789477383.0636418,1789477383.0628753,-23.304294132647037,4.928531092430039,2.0942462615712034,-0.6367321295037743,-6.68627911532116,0.08373637220210983,1.8319032389549508,439
1789477383.0735233,1789477383.0728953,-23.31146050717843,4.861763870065773,2.0949269678789277,-0.7995608142630066,-6.688402654344006,0.05248873422202819,1.7683214053426317,439
1789477383.0835512,1789477383.0828998,-23.32026180728431,4.795063611837919,2.0952915058454282,-0.9656199337264606,-6.6840967024368245,0.0204850785561195,1.7053356279244691,439
1789477383.0935035,1789477383.0929313,-23.330806917815604,4.728004217908701,2.0953327937128,-1.1354226847901228,-6.6736050648158205,-0.012350416636945258,1.6426065077213865,439
1789477383.1035497,1789477383.1028914,-23.342933740460516,4.661759042349338,2.0950466331706687,-1.3053787803326986,-6.657482637333565,-0.04530024212660052,1.5812918274215582,439
1789477383.113596,1789477383.112896,-23.35686974955226,4.595188344770251,2.0944254390389694,-1.4777646604187766,-6.6358282449049995,-0.0787844095502947,1.5204044037148319,439
1789477383.1236439,1789477383.1228907,-23.37260016070179,4.528596942362391,2.0934637540588508,-1.651145903309308,-6.609017331662534,-0.11250657554994674,1.4603132241964105,439
1789477383.1335309,1789477383.1328766,-23.38982122766738,4.463203846381452,2.0921832865010446,-1.8216524278053925,-6.577993926575434,-0.14569782294528874,1.4021886800240093,439
1789477383.1436477,1789477383.1429205,-23.408872735508606,4.397661962123132,2.0905616524127444,-1.992091808940185,-6.542556380819145,-0.17889224113699864,1.3449136105348964,439
1789477383.1536088,1789477383.152937,-23.429654019403337,4.332381694541599,2.088606673943087,-2.1606715474247387,-6.503271509157862,-0.21173262360907366,1.2889555303930735,439
1789477383.163442,1789477383.1628985,-23.452112568509953,4.267499387231981,2.0863253302674285,-2.3263051564570745,-6.4606254565737835,-0.24400326960184443,1.2345361712453218,439
1789477383.173402,1789477383.1729062,-23.452112568509953,4.267499387231981,2.0863253302674285,-2.3263051564570745,-6.4606254565737835,-0.24400326960184443,1.2345361712453218,439
1789477383.1833372,1789477383.1829016,-23.502185823134255,4.1384145484738335,2.0807800221477892,-2.6470170095855816,-6.36653869169507,-0.30650816055823205,1.1303523521914403,439
1789477383.193326,1789477383.1928968,-23.529150224501635,4.0756046301932445,2.077598391314397,-2.7972450208231825,-6.317037473036952,-0.33581283118494487,1.0819070594069746,439
1789477383.2033658,1789477383.2028966,-23.55820194332958,4.011954396240604,2.0740542418825343,-2.944490814476077,-6.264905353257618,-0.3645741058545234,1.0345198359760026,439
1789477383.2133389,1789477383.212893,-23.588351070261577,3.9495574309269617,2.07027105214842,-3.083126344043417,-6.212273367064223,-0.39171454225684316,0.9898917424176235,439
1789477383.2232773,1789477383.222903,-23.619511500876335,3.8883380449292613,2.066267187278432,-3.212830737006646,-6.1595640286790605,-0.41719535022856225,0.9480212743046188,439
1789477383.2333486,1789477383.232895,-23.652466337435783,3.8266341787914615,2.0619454995692448,-3.336398929821254,-6.105777961357008,-0.4415984738332535,0.9079008102055623,439
1789477383.2433152,1789477383.2428977,-23.686566978570497,3.7655629827088175,2.0573933692874267,-3.4507858507798654,-6.052314654445234,-0.46436324998631046,0.8704098299240579,439
1789477383.2535408,1789477383.2529018,-23.72103770255428,3.706260412625815,2.0527207489287553,-3.553531141074244,-6.000595756365842,-0.48503536573970174,0.8362665023454303,439
1789477383.2634392,1789477383.262876,-23.75726684228932,3.646165534027306,2.0477430033935637,-3.6484841535786976,-5.948808258671067,-0.5044373073652537,0.8040855601949435,439
1789477383.273378,1789477383.2728686,-23.75726684228932,3.646165534027306,2.0477430033935637,-3.6484841535786976,-5.948808258671067,-0.5044373073652537,0.8040855601949435,439
1789477383.283475,1789477383.2828996,-23.83204713282465,3.527919874210213,2.0372859938185632,-3.805350868010226,-5.850428709246485,-0.5376961904475572,0.7483891612709352,439
1789477383.293442,1789477383.2928967,-23.87063049775043,3.469326241931666,2.0318078192148104,-3.8669187582243865,-5.804247883246009,-0.5516000142981936,0.7247551322983834,439
1789477383.303579,1789477383.3028948,-23.909299776380788,3.411880638157527,2.0262674148418096,-3.9160159766408875,-5.761155832670422,-0.5634881236048969,0.7042441424816799,439
1789477383.313521,1789477383.3128977,-23.948721848790836,3.354380148513413,2.020571014330785,-3.9534072699790537,-5.720568624564954,-0.5736102149806172,0.6864036796318267,439
1789477383.3234403,1789477383.3228948,-23.9881918379643,3.2976486605887474,2.014821279275926,-3.97826166476858,-5.683374987907036,-0.5818188807311454,0.6714654917323521,439
1789477383.3334284,1789477383.3328924,-24.028040524605803,3.2409972817975445,2.0089704862104085,-3.990707272723889,-5.649388017582467,-0.5882313870792051,0.6591870895297107,439
1789477383.3434331,1789477383.3428924,-24.06806729571553,3.1845030374154053,2.0030472858010713,-3.9904393641667455,-5.618931358965958,-0.5928412954462944,0.6495386827486831,439
1789477383.3536077,1789477383.3529058,-24.108259346116533,3.1279685362845155,1.997052061873515,-3.9772142222164635,-5.592149852637874,-0.5956746903652965,0.6424194771626934,439
1789477383.3635,1789477383.3629029,-24.147756889954852,3.0723824983027623,1.9911120310321921,-3.951388858487863,-5.569636797218748,-0.5967419601101849,0.6378081026516775,439
1789477383.3733468,1789477383.37289,-24.147756889954852,3.0723824983027623,1.9911120310321921,-3.951388858487863,-5.569636797218748,-0.5967419601101849,0.6378081026516775,439
1789477383.3833313,1789477383.3828938,-24.225811376480003,2.9615745376510936,1.9792191229968983,-3.861722516293795,-5.536661160661159,-0.5939149421635586,0.6352214500534734,439
1789477383.3933115,1789477383.3928947,-24.264071626954266,2.9063343429554678,1.9733052366242323,-3.798146598531842,-5.526314642821673,-0.5901342383695697,0.6369354720022435,439
1789477383.403314,1789477383.402899,-24.301631415978655,2.851183634605991,1.9674372987712483,-3.7223917478164323,-5.520050653848112,-0.5848655016042507,0.6404230274834393,439
1789477383.4133961,1789477383.4128397,-24.338531918524218,2.795837273769842,1.961604154656738,-3.6343401368368533,-5.517793258223616,-0.5781492487449594,0.6455272266702863,439
1789477383.4233406,1789477383.4228866,-24.374200726743517,2.740946447405876,1.9558919653172062,-3.5355114874610574,-5.519428929618286,-0.5701537521347323,0.65199104072942,439
1789477383.4333646,1789477383.4328938,-24.409148858888102,2.685508419216627,1.9502135729838408,-3.4245649982343034,-5.5248272017706155,-0.5608165897957718,0.6597444165365287,439
1789477383.4432576,1789477383.4428983,-24.442819137342067,2.630181551945643,1.9446532047607852,-3.303262851188924,-5.533743100673319,-0.5503262204741508,0.6685183820117682,439
1789477383.4535077,1789477383.4528904,-24.475106222682783,2.574955123611076,1.9392234102863102,-3.17228958219255,-5.545882238494117,-0.5387834571030297,0.6781222135961895,439
1789477383.4633155,1789477383.462894,-24.50633008346599,2.519059687594965,1.933863337007122,-3.0303909513364706,-5.56113456645176,-0.526111300943868,0.6885207902471766,439
1789477383.4734519,1789477383.4728947,-24.53561175037382,2.4639028174959114,1.928718823510849,-2.881922035322626,-5.578743925669078,-0.5127305237392138,0.699282629854999,439
1789477383.4834929,1789477383.4829407,-24.563664894316513,2.4079796448237842,1.9236592559202979,-2.7236447468827154,-5.5987821924766275,-0.4983765597461063,0.7105438224768994,439
1789477383.4934468,1789477383.4928916,-24.563664894316513,2.4079796448237842,1.9236592559202979,-2.7236447468827154,-5.5987821924766275,-0.4983765597461063,0.7105438224768994,439
1789477383.5034053,1789477383.5028903,-24.61488891891623,2.2953523356202004,1.9139784328015952,-2.384701253443381,-5.643978013524023,-0.4674665327381554,0.7337257270125859,439
1789477383.5133305,1789477383.5128906,-24.638023833867848,2.2383396982351957,1.9093489744919723,-2.2046763287160522,-5.668318045992205,-0.450999202641425,0.7454692266937415,439
1789477383.5233734,1789477383.5228856,-24.659202323713185,2.1814023775730322,1.9049127205679286,-2.0204591206867595,-5.692900511531762,-0.43413014550483275,0.757066863401294,439
1789477383.5333607,1789477383.5328915,-24.678281227505845,2.124938745819338,1.9007001554442726,-1.8343114981209978,-5.717011654163214,-0.4170712925642511,0.7683605222336722,439
1789477383.5433314,1789477383.5428994,-24.69580288450406,2.0671829222146862,1.8965845355379307,-1.6412593102449615,-5.740837469994195,-0.399366915919244,0.7796349393282411,439
1789477383.5535426,1789477383.5529075,-24.711155156190337,2.010053152945551,1.8927066493480986,-1.4508406018637634,-5.761319855601843,-0.3811548055041291,0.7904701297068009,439
1789477383.563358,1789477383.562891,-24.724788364304022,1.9522162648921306,1.8889887743438545,-1.2710830161000999,-5.769643925826347,-0.3595324914026334,0.8011750842182659,439
1789477383.5732377,1789477383.5728645,-24.736686301081935,1.8946251703284425,1.885525181366402,-1.1157371546166486,-5.757292145455344,-0.3330627536589597,0.811768670945098,439
1789477383.5834684,1789477383.5828905,-24.747195688143357,1.8371894903790322,1.8823475171584196,-0.9904259452808765,-5.7192998320640855,-0.30129590708391774,0.8225515458343025,439
1789477383.5933664,1789477383.5928912,-24.747195688143357,1.8371894903790322,1.8823475171584196,-0.9904259452808765,-5.7192998320640855,-0.30129590708391774,0.8225515458343025,439
1789477383.603332,1789477383.6028924,-24.765290634858992,1.7240692788754386,1.877050711868007,-0.8385604351670534,-5.55961719909467,-0.22573146091315682,0.845691439920305,439
1789477383.6134756,1789477383.612896,-24.77352741684191,1.6689035341607577,1.874989153951726,-0.8090214262849441,-5.4394786658610945,-0.18550226983774007,0.8585131075285881,439
1789477383.6234367,1789477383.6229134,-24.781553750152067,1.6153713518995054,1.8733343428955198,-0.8050580860726468,-5.296973028532703,-0.14693446125393306,0.8722891599469844,439
1789477383.633344,1789477383.632893,-24.78966311000903,1.5632390720638234,1.8720443498057935,-0.8208872278682348,-5.134824286933106,-0.11210249845229345,0.8872028380133186,439
1789477383.6433449,1789477383.642897,-24.79801386647458,1.512746971393236,1.8710726494748036,-0.8503115778505321,-4.957357906269667,-0.08336150355094823,0.9032487024197091,439
1789477383.6532884,1789477383.6528604,-24.806764322152027,1.463740875391085,1.870344584773879,-0.8870970939404784,-4.767753588350225,-0.06267852675782376,0.9204769069405483,439
1789477383.6634479,1789477383.6628838,-24.81572517488998,1.4175192967346946,1.8697854146887471,-0.92396889421534,-4.575203427932516,-0.05206987021973036,0.9383146384559464,439
1789477383.6732213,1789477383.6728501,-24.825038936109873,1.3731816523738505,1.8692783348375028,-0.9559701507310985,-4.379953590655302,-0.05221013900872548,0.9569182890268664,439
1789477383.683395,1789477383.682887,-24.825038936109873,1.3731816523738505,1.8692783348375028,-0.9559701507310985,-4.379953590655302,-0.05221013900872548,0.9569182890268664,439
1789477383.6934783,1789477383.6928878,-24.844660649128695,1.2890909933776538,1.8679530919400338,-0.9867849990889398,-3.9885357719851076,-0.0874422704550662,0.9961431508871454,439
1789477383.7033012,1789477383.7028823,-24.854469319420435,1.2502693910778075,1.8669193899224743,-0.9782235487806896,-3.8014916739640596,-0.12169538179777162,1.015838654396906,439
1789477383.713303,1789477383.712884,-24.864165770603787,1.2130375687742132,1.8654833435557476,-0.9510267890486799,-3.61964979056608,-0.16601007181555782,1.0354953411014174,439
1789477383.7232802,1789477383.7229903,-24.873499033025933,1.1775760328638234,1.863558987720431,-0.9047763812626153,-3.4444744070422115,-0.21844448824804807,1.0547439091975264,439
1789477383.7332785,1789477383.7328863,-24.882234067063763,1.1440021417216129,1.861090414004089,-0.8406960827316334,-3.2763970430334184,-0.2763969582343295,1.0732506604144385,439
1789477383.7432632,1789477383.742976,-24.89027521580178,1.1119639259876533,1.8580121642266256,-0.7602450613651683,-3.112784456332018,-0.3376922520381407,1.0909686838884016,439
1789477383.753643,1789477383.7529016,-24.897362805719933,1.0818916898345308,1.8543620653943518,-0.6677475245089415,-2.954427196748462,-0.3984670929802001,1.1074596343525287,439
1789477383.7634351,1789477383.7628818,-24.903564831183083,1.0529815814588774,1.8500555960203202,-0.564437388210127,-2.795162529722938,-0.457251252002034,1.1230043916360852,439
1789477383.773279,1789477383.7728877,-24.908635713848877,1.0260316240892962,1.8452541475660504,-0.45726929567928315,-2.6372796862316052,-0.5094611525827171,1.1370636941569758,439
1789477383.783382,1789477383.782882,-24.908635713848877,1.0260316240892962,1.8452541475660504,-0.45726929567928315,-2.6372796862316052,-0.5094611525827171,1.1370636941569758,439
1789477383.7931688,1789477383.792881,-24.915636899058928,0.976304990580219,1.8341606157451427,-0.2415179686563833,-2.307339495531982,-0.5869351727532806,1.161405642763829,439
1789477383.8031461,1789477383.802885,-24.91754898831785,0.9541322768012072,1.8281918739244518,-0.14320674418020107,-2.1357568878504107,-0.607142640811319,1.1713897004435445,439
1789477383.8131058,1789477383.8128808,-24.918528761883373,0.9337353026999359,1.8221006752614382,-0.05548380212055945,-1.958455749478883,-0.6134503992981766,1.179994865843835,439
1789477383.82336,1789477383.8229146,-24.918698866380197,0.9152412288798464,1.8160546419874204,0.01880313796859749,-1.77652826906452,-0.605505320389699,1.1872544245847791,439
1789477383.8333597,1789477383.8328717,-24.91819559789889,0.8983848401474039,1.810087831887356,0.07904721517218863,-1.5876623326493018,-0.5832614132541333,1.1933671027457282,439
1789477383.843337,1789477383.8428946,-24.917175995585353,0.8835230785582764,1.804445376992436,0.12306874585724377,-1.3969837135623475,-0.5479306570327633,1.1983103984827252,439
1789477383.8534508,1789477383.852859,-24.915776985010982,0.8704015925501299,1.799146145514302,0.1514675291697713,-1.2032501226675842,-0.5003215480698068,1.2022840439945104,439
1789477383.8633053,1789477383.8628798,-24.914169956234012,0.8592196996743325,1.7943758182666918,0.16434256590270233,-1.012189462666058,-0.4431138957299682,1.2053413588743682,439
1789477383.8734584,1789477383.8728807,-24.912537454133947,0.8501034684298937,1.7902956770300054,0.16346728508457994,-0.8312119042094807,-0.3804984747119924,1.207574873575361,439
1789477383.883314,1789477383.8828733,-24.910939445660212,0.8425958557746377,1.7867899248684722,0.15113401387632092,-0.6568939578149822,-0.31310457859719865,1.2092075425700415,439
1789477383.8934803,1789477383.8928766,-24.909534346559628,0.8368633787410498,1.7840100231312137,0.13058888737583507,-0.4997719035067909,-0.2467792247909224,1.2103010374340735,439
1789477383.9037187,1789477383.9028916,-24.90836054048715,0.8326018677178622,1.7818734033805692,0.10486005956739286,-0.36043494621315375,-0.18368212801708994,1.211005128501291,439
1789477383.9134843,1789477383.9128766,-24.907453512568217,0.8296198341033271,1.7803330799850914,0.07725127900505258,-0.24217913416467307,-0.12695486085732055,1.2114245242006638,439
1789477383.9234219,1789477383.9228828,-24.90681625350019,0.8276962928621578,1.7793126445768954,0.05094786700906506,-0.1474520074659431,-0.0792844734737802,1.2116496726586856,439
1789477383.9333513,1789477383.932896,-24.906422708938184,0.8265934455383397,1.7787134272468477,0.02876137941666146,-0.07761649271880255,-0.04269795548522404,1.2117539027004778,439
1789477383.9436212,1789477383.942921,-24.90621862262417,0.8260577328152393,1.778416010314126,0.012397309984165439,-0.03141305376992731,-0.017647692260535974,1.2117929972679105,439
1789477383.9536517,1789477383.9528964,-24.324137468039634,0.16583124326319992,1.8485997045347322,1.0723865386611307,-1.7854294595304752,0.016438044708208983,1.1125310432650468,439
1789477383.9636054,1789477383.9628797,-24.3138055087018,0.1487585821740515,1.8487626952496687,0.9836201844775208,-1.6129750374693896,0.01595798095926084,1.1174720184091953,439
1789477383.9734762,1789477383.9728787,-24.304360377259304,0.13338044670004168,1.8489198386047052,0.8946680979754804,-1.4461070719138733,0.015257629741420323,1.1219589938003387,439
1789477383.9835274,1789477383.9828792,-24.29582589566165,0.119678669815262,1.849068649712228,0.8066642952375545,-1.2861585698717861,0.0143769989063088,1.125981379624129,439
1789477383.993637,1789477383.9928796,-24.288189195076132,0.10758035826468867,1.849207459553995,0.7204964985394362,-1.1339721671076366,0.013354714996017127,1.1295478244821835,439
1789477384.0033941,1789477384.0028887,-24.281405397363375,0.09696831183066501,1.8493354304938212,0.6367233683781932,-0.9898287936617729,0.012224337499498666,1.132683276234621,439
1789477384.013316,1789477384.0128887,-24.275542808238924,0.08790626871135082,1.849449748219235,0.5574726138988084,-0.856664148151915,0.01104174297846687,1.1353621055750684,439
1789477384.0233073,1789477384.0228972,-24.270324806197124,0.0799321974926902,1.8495545975158054,0.48010880751254703,-0.7294843378447546,0.009788724292274356,1.137716548328911,439
1789477384.033217,1789477384.0328896,-24.265881756954546,0.07321679792311392,1.8496463676422903,0.40761293097667384,-0.6127135151696947,0.008531199589720526,1.1396938248089818,439
1789477384.0432377,1789477384.0428476,-24.262126428606443,0.06760022020944145,1.8497259012895808,0.3399587271225295,-0.5057770464846536,0.007287977831270623,1.1413404668844453,439
1789477384.0533988,1789477384.052854,-24.25904333287868,0.06303510830867676,1.849792708269732,0.2783790567926845,-0.41012758700440255,0.006099388261091965,1.142671252392503,439
1789477384.0633564,1789477384.0628905,-24.256512457232702,0.05932357362367158,1.8498487142247233,0.22201143052364358,-0.3239888715461703,0.00496414250973537,1.1437456772128964,439
1789477384.073373,1789477384.0728488,-24.254567738546992,0.056497682675153094,1.8498925846184098,0.17341344198352715,-0.25083692245616973,0.003948662831041755,1.1445571316664043,439
1789477384.0834084,1789477384.0829356,-24.254567738546992,0.056497682675153094,1.8498925846184098,0.17341344198352715,-0.25083692245616973,0.003948662831041755,1.1445571316664043,439
1789477384.093341,1789477384.0928795,-24.251936483016888,0.05272079122921913,1.8499534163826734,0.0945536272884393,-0.13448524566828368,0.0022246188775008335,1.1456274623620222,439
1789477384.1034088,1789477384.1028857,-24.251146068357116,0.05160075824445087,1.849972142220761,0.0649542515408843,-0.09165792499476488,0.0015506360598137592,1.145939727971009,439
1789477384.113335,1789477384.1128786,-24.250617481395,0.05085750782941889,1.849984841792847,0.0415731160326267,-0.05821877881547444,0.0010060331743318995,1.1461446479188324,439
1789477384.1233108,1789477384.1228669,-24.250292761239532,0.0504042961308675,1.849992745700584,0.024166492878871182,-0.03359549332694023,0.000592241515510572,1.1462681657121578,439
1789477384.1335075,1789477384.132922,-24.250114088205198,0.050156695128641404,1.8499971477533972,0.012123527616909158,-0.016734717856719428,0.0003006438901565489,1.146334855008245,439
1789477384.1434233,1789477384.142918,-24.250032511013522,0.05004441703474316,1.8499991803527522,0.004807484386200045,-0.006591066857435379,0.00012053636258396727,1.146364739681497,439
1789477384.153579,1789477384.1528947,-24.25000510791685,0.050006943181589936,1.849999870203779,0.001219124451065312,-0.0016606486238437412,3.0878694896319114e-05,1.1463745989109717,439
1789477384.1635182,1789477384.1628869,-24.250000133273677,0.05000018026675623,1.8499999965879714,8.0400773299516e-05,-0.00010883876474210297,2.0558920512669943e-06,1.1463763589262252,439
1789477384.173341,1789477384.172873,-24.25000000000001,0.05000000000000249,1.8500000000000003,-3.197442310920451e-14,3.552713678800501e-15,3.3306690738754696e-16,1.1463764053932386,439
1789477384.1832895,1789477384.1828845,-24.25000000000001,0.05000000000000249,1.8500000000000003,-3.197442310920451e-14,3.552713678800501e-15,3.3306690738754696e-16,1.1463764053932386,439
1789477384.1933653,1789477384.192884,-24.25000000000001,0.05000000000000249,1.8500000000000003,-3.197442310920451e-14,3.552713678800501e-15,3.3306690738754696e-16,1.1463764053932386,439
1789477384.2033243,1789477384.202886,-24.25000000000001,0.05000000000000249,1.8500000000000003,-3.197442310920451e-14,3.552713678800501e-15,3.3306690738754696e-16,1.1463764053932386,439
1789477384.21338,1789477384.212856,-24.25000000000001,0.05000000000000249,1.8500000000000003,-3.197442310920451e-14,3.552713678800501e-15,3.3306690738754696e-16,1.1463764053932386,439
1789477384.2232406,1789477384.2228642,-24.25000000000001,0.05000000000000249,1.8500000000000003,-3.197442310920451e-14,3.552713678800501e-15,3.3306690738754696e-16,1.1463764053932386,439
1789477384.2333517,1789477384.232889,-24.25000000000001,0.05000000000000249,1.8500000000000003,-3.197442310920451e-14,3.552713678800501e-15,3.3306690738754696e-16,1.1463764053932386,439
1789477384.243297,1789477384.2428918,-24.25000000000001,0.05000000000000249,1.8500000000000003,-3.197442310920451e-14,3.552713678800501e-15,3.3306690738754696e-16,1.1463764053932386,439
1789477384.2532983,1789477384.252888,-24.25000000000001,0.05000000000000249,1.8500000000000003,-3.197442310920451e-14,3.552713678800501e-15,3.3306690738754696e-16,1.1463764053932386,439
1789477384.2634318,1789477384.2628853,-24.25000000000001,0.05000000000000249,1.8500000000000003,-3.197442310920451e-14,3.552713678800501e-15,3.3306690738754696e-16,1.1463764053932386,439
1789477384.2733967,1789477384.2728686,-24.25000000000001,0.05000000000000249,1.8500000000000003,-3.197442310920451e-14,3.552713678800501e-15,3.3306690738754696e-16,1.1463764053932386,439
1789477384.2833295,1789477384.2828836,-24.25000000000001,0.05000000000000249,1.8500000000000003,-3.197442310920451e-14,3.552713678800501e-15,3.3306690738754696e-16,1.1463764053932386,439
1789477384.293318,1789477384.2928925,-24.25000000000001,0.05000000000000249,1.8500000000000003,-3.197442310920451e-14,3.552713678800501e-15,3.3306690738754696e-16,1.1463764053932386,439
1789477384.3034432,1789477384.302899,-24.25000000000001,0.05000000000000249,1.8500000000000003,-3.197442310920451e-14,3.552713678800501e-15,3.3306690738754696e-16,1.1463764053932386,439
1789477384.3133247,1789477384.312886,-24.25000000000001,0.05000000000000249,1.8500000000000003,-3.197442310920451e-14,3.552713678800501e-15,3.3306690738754696e-16,1.1463764053932386,439
1789477384.323459,1789477384.3228693,-24.25000000000001,0.05000000000000249,1.8500000000000003,-3.197442310920451e-14,3.552713678800501e-15,3.3306690738754696e-16,1.1463764053932386,439
1789477384.3334458,1789477384.3328645,-24.274687559975117,0.038127958315533256,1.876565780454221,-0.017237223368278834,-0.868330994429838,0.04671069897953366,1.1716606490801573,439
1789477384.3435185,1789477384.3429108,-24.274913474404606,0.028789046505821647,1.8770844414488688,-0.028599219777545086,-1.0106306852806841,0.05779739893032816,1.178779775483028,439
1789477384.3534777,1789477384.35288,-24.275264868477123,0.0179986763430844,1.8777200765571216,-0.04255027530478638,-1.1620155170951962,0.0703488573135416,1.1870836093164896,439
1789477384.3634944,1789477384.3628833,-24.27577571015333,0.005496638468126099,1.8784983603324072,-0.05944023880775437,-1.3238916194831718,0.08457421058817996,1.1967970535979897,439
1789477384.3735027,1789477384.3728776,-24.27646656362377,-0.008594003315189076,1.8794220589509252,-0.07906441756732348,-1.4926309373649362,0.10022920363984762,1.2078502691678792,439
1789477384.383533,1789477384.3828626,-24.277372134145207,-0.024476177104228693,1.8805146123153869,-0.10161157609713073,-1.6688967862177047,0.11742552376470218,1.2204285441886285,439
1789477384.393957,1789477384.3929167,-24.278518146321296,-0.04215597775564521,1.881786882317344,-0.12695135390235687,-1.851020757274948,0.13603991117836106,1.234564493434501,439
1789477384.403958,1789477384.4029152,-24.27991658935686,-0.06148343886272731,1.8832370884960918,-0.15467897554604954,-2.0361380959710216,0.15578328078328865,1.250163515681253,439
1789477384.4140441,1789477384.4128847,-24.281615172106896,-0.08281582149215477,1.8849011769092956,-0.1850716355561155,-2.2263354442285563,0.17687104925876546,1.2675405265030384,439
1789477384.424002,1789477384.4229264,-24.283647241682722,-0.10626429455643104,1.886798120567683,-0.21799537668368418,-2.421002649066958,0.1992297000565969,1.2868166612362866,439
1789477384.4340146,1789477384.4329283,-24.28598683546109,-0.13132485830093948,1.888894753740351,-0.2524153086546379,-2.6148761031298156,0.2222045624540518,1.3076022971050754,439
1789477384.4436343,1789477384.442906,-24.28868751716478,-0.15842084165851605,1.8912326848846053,-0.28854681058443016,-2.810345100667249,0.24600292540280888,1.3302705778060466,439
1789477384.4534247,1789477384.452886,-24.291710872904233,-0.18705941534846904,1.8937742981424759,-0.3253366278579841,-3.0030863103290137,0.2700044134550201,1.3544287331624205,439
1789477384.4634035,1789477384.4628859,-24.295140558668162,-0.21794576288468312,1.8965865902759744,-0.36323748788602317,-3.197011560365882,0.2945871552890804,1.3806911329922005,439
1789477384.4733195,1789477384.4728768,-24.295140558668162,-0.21794576288468312,1.8965865902759744,-0.36323748788602317,-3.197011560365882,0.2945871552890804,1.3806911329922005,439
1789477384.4833076,1789477384.4828815,-24.30320457579619,-0.2860257000086552,1.903000839623138,-0.4396072711699761,-3.5813318847100177,0.3440895661110351,1.4392440927973538,439
1789477384.4932683,1789477384.492886,-24.307768351403013,-0.32263599039120583,1.9065491330340745,-0.47629163009637554,-3.767058641325166,0.368083099356336,1.471059189693829,439
1789477384.5032773,1789477384.5028803,-24.312707974928813,-0.36121516517884394,1.9103467572367616,-0.5114411925787814,-3.9491013704760474,0.3913988735646358,1.5047985651427953,439
1789477384.5133088,1789477384.5128937,-24.318012389888217,-0.40177569810939034,1.9143910706295688,-0.5443792164084367,-4.126863617641574,0.41374536267767303,1.5404793057163206,439
1789477384.5233276,1789477384.5228932,-24.32355797283455,-0.4435336512951421,1.9185965335355482,-0.5738605915509378,-4.296656818381453,0.4344395803039083,1.5774088616733728,439
1789477384.5333316,1789477384.53289,-24.329442178755816,-0.48742205375450426,1.9230477200278961,-0.5998795036055866,-4.461965872557281,0.45366755505663214,1.6164071259447468,439
1789477384.543312,1789477384.5428905,-24.33558027503033,-0.5330463085473673,1.927693314363866,-0.6214136150758742,-4.620764777219277,0.4709203528692779,1.6571180984074791,439
1789477384.5534682,1789477384.5528839,-24.341967885292153,-0.5806715594650858,1.9325457858239985,-0.6377844442580565,-4.7735237283068095,0.48595867165976503,1.699767902758281,439
1789477384.5634105,1789477384.5628872,-24.348308141270085,-0.6284175885996529,1.9373966683070334,-0.647838346874252,-4.9143992207306875,0.4979925364427087,1.7426518915015285,439
1789477384.5733058,1789477384.572866,-24.348308141270085,-0.6284175885996529,1.9373966683070334,-0.647838346874252,-4.9143992207306875,0.4979925364427087,1.7426518915015285,439
1789477384.5833118,1789477384.5828831,-24.36133318816676,-0.7295363020285923,1.9475480951378807,-0.6477948893777977,-5.176244978077108,0.5134473604325229,1.833758360752981,439
1789477384.5933776,1789477384.5928805,-24.367827508932365,-0.782454920706793,1.9527534026941398,-0.6361114685776009,-5.29539841030315,0.5161276936570279,1.8815239506598538,439
1789477384.6033614,1789477384.6028817,-24.373958901069944,-0.8347612054987841,1.9577981554751598,-0.6166626192604111,-5.402208940511874,0.5151507968213941,1.9287522467692375,439
1789477384.6133285,1789477384.6129222,-24.380039964630107,-0.889761649785119,1.9629722512382093,-0.5877553632490008,-5.5035559281120925,0.5102640849059432,1.9783964156708447,439
1789477384.6233106,1789477384.6228526,-24.385702203089938,-0.9449211391908593,1.9680031959830417,-0.5501052150497517,-5.594646663746114,0.501427390561016,2.028134237965488,439
1789477384.6334007,1789477384.632881,-24.39096695681155,-1.0012039798362626,1.9729483868573945,-0.5028328360278423,-5.67740982725264,0.4883964469703996,2.0375873579450436,440
1789477384.6435034,1789477384.6428852,-24.395782066906307,-1.059180394030352,1.977816814748672,-0.44491097362364884,-5.752601387502935,0.47079596137055724,1.9807754111650688,440
1789477384.6536248,1789477384.6528876,-24.39988158186835,-1.116688656202939,1.9823926118509503,-0.37837116541128013,-5.817745584088019,0.44922366058537255,1.9246740489716123,440
1789477384.6637125,1789477384.662911,-24.4032999737819,-1.1753565039329747,1.9867724712408001,-0.3013774918536253,-5.875141406254275,0.42308404358777846,1.867732246893832,440
1789477384.67359,1789477384.6729136,-24.4032999737819,-1.1753565039329747,1.9867724712408001,-0.3013774918536253,-5.875141406254275,0.42308404358777846,1.867732246893832,440
1789477384.6833925,1789477384.682881,-24.407562299187504,-1.2935932849989629,1.994598726131512,-0.11934104719712066,-5.9654029497908345,0.35816356793893783,1.754012312561534,440
1789477384.6933084,1789477384.692878,-24.408238238983202,-1.3536745037941538,1.998003088902576,-0.013768776676141861,-5.999421760564293,0.3191748271548776,1.6968411656070588,440
1789477384.7032738,1789477384.7028713,-24.407818494390767,-1.4135009644539538,2.0009697222934864,0.09955742868978457,-6.026115364913715,0.27654540639205094,1.640385930451035,440
1789477384.713281,1789477384.7128737,-24.40621356749785,-1.4740112498120241,2.003510323256524,0.2220085761971067,-6.046385369676871,0.22975344810202172,1.5838187392114107,440
1789477384.723491,1789477384.722888,-24.40331034787314,-1.5352395283223794,2.005579634784526,0.35335371490316425,-6.0605770162514645,0.1788607317551243,1.527185492383203,440
1789477384.7333155,1789477384.732861,-24.399172895902378,-1.594962567234141,2.007083240169248,0.48806105300320285,-6.068843579331315,0.12601666594420785,1.4725934992037177,440
1789477384.7434578,1789477384.7428865,-24.393585845160423,-1.6556397070646682,2.0080619758095235,0.6308908838664689,-6.072156922613892,0.06935131974050421,1.4178547132037114,440
1789477384.7536674,1789477384.752868,-24.38651366263783,-1.716564051194408,2.0084608548608993,0.779582072419616,-6.070890826450981,0.009728011405797939,1.3637045186319532,440
1789477384.7636268,1789477384.762885,-24.377945326898228,-1.7773349810466617,2.0082502791703867,0.9323181919149689,-6.065614461573806,-0.05214651181075213,1.3105837553448625,440
1789477384.773568,1789477384.7728803,-24.377945326898228,-1.7773349810466617,2.0082502791703867,0.9323181919149689,-6.065614461573806,-0.05214651181075213,1.3105837553448625,440
1789477384.783523,1789477384.7828958,-24.356198296190307,-1.8983517357060338,2.0059303872396836,1.2458881407740388,-6.045463924649327,-0.18109266794066403,1.2078197122029022,440
1789477384.793544,1789477384.7928898,-24.343042294912173,-1.958318047741702,2.00380534360288,1.4039110144007165,-6.031866157952524,-0.24705393186695296,1.1585815160859427,440
1789477384.8035345,1789477384.8028774,-24.328136089123134,-2.0188352271516163,2.0009853940984312,1.5637097760221998,-6.016493666289075,-0.3144541297617002,1.1101632294087,440
1789477384.8136418,1789477384.812878,-24.311677949273506,-2.0790249622371633,1.997497578557323,1.7218165092927484,-6.000143310153686,-0.38187687127889736,1.0633870553450033,440
1789477384.8235576,1789477384.8228807,-24.293734468497618,-2.1387700837626524,1.9933561293035136,1.876764175501038,-5.9834397504899455,-0.4487284258095935,1.018432981336816,440
1789477384.8334732,1789477384.8328843,-24.273888419734966,-2.1994499393949494,1.9884561867530666,2.030877286916002,-5.966568915740332,-0.5160723344350266,0.9744026354508826,440
1789477384.8435419,1789477384.8428838,-24.253048197499904,-2.2584676621351334,1.9830241313730015,2.176427288472378,-5.950793244358341,-0.5805680758842741,0.9332694805564077,440
1789477384.8534977,1789477384.852845,-24.23068813723825,-2.317606281578279,1.976931428588648,2.316811762236621,-5.936127292546711,-0.643739423742284,0.8938411697245918,440
1789477384.8636773,1789477384.8628728,-24.20669649755559,-2.377255025807344,1.9701428484261285,2.451711339953426,-5.92298753104346,-0.7055152617530615,0.8560018170833557,440
1789477384.8735898,1789477384.8728826,-24.20669649755559,-2.377255025807344,1.9701428484261285,2.451711339953426,-5.92298753104346,-0.7055152617530615,0.8560018170833557,440
1789477384.8835053,1789477384.8828757,-24.155401961000774,-2.494997644472203,1.9549344115243095,2.693944388551114,-5.903698120352288,-0.819979115735541,0.7874199880522252,440
1789477384.8937304,1789477384.892895,-24.127448040389588,-2.554991387640368,1.9463216166428967,2.803051321509917,-5.898068365672044,-0.8736358960265813,0.7557903214728441,440
1789477384.903615,1789477384.9028862,-24.099538995110393,-2.6127093984845593,1.9375316177490058,2.8977458028256105,-5.895758279734078,-0.9217930018838263,0.7275772455565845,440
1789477384.913631,1789477384.9128876,-24.069964650642465,-2.6719841147735663,1.9280319084591193,2.9837556653082773,-5.896818876548967,-0.9673801288524239,0.7009278031042712,440
1789477384.9234726,1789477384.9228613,-24.039550445413745,-2.7313554105268745,1.9180832228258584,3.057850280554349,-5.9015737348733746,-1.0088171573954559,0.6766412661550119,440
1789477384.9335444,1789477384.9329066,-24.008438970599258,-2.7908206082936746,1.9077349004378668,3.119454370345187,-5.910184368788235,-1.045830882496364,0.6547564880625898,440
1789477384.943473,1789477384.9428844,-23.97715787331132,-2.8496707926577045,1.8971684188131195,3.1676329674948587,-5.922574304778039,-1.0778422628613544,0.6355077755793972,440
1789477384.9535444,1789477384.9528916,-23.945265099839602,-2.90902586768943,1.886240121631303,3.203409473172005,-5.938886643670043,-1.104977406378606,0.6185072550254731,440
1789477384.963478,1789477384.9628758,-23.913527621968953,-2.9677237282454536,1.8752305174130819,3.227260962500232,-5.958358387838734,-1.1252101097428584,0.6040508205871378,440
1789477384.973373,1789477384.9728746,-23.880804154314607,-3.028108833893698,1.86377756001377,3.2410651486179947,-5.981386758037239,-1.1377738394152395,0.5915871307532499,440
1789477384.9833744,1789477384.9829075,-23.848495972551568,-3.0878072250121167,1.852421356501645,3.245038956338972,-6.006732985867293,-1.1410299501970516,0.5816225282616141,440
1789477384.9933238,1789477384.9928663,-23.81585735333937,-3.148394357217844,1.840963244697566,3.2401088103117996,-6.034713958383985,-1.1344637082191071,0.5738537284298664,440
1789477385.003456,1789477385.0028796,-23.783644160182412,-3.208647784159316,1.8297380219308672,3.2269612828944667,-6.064477538110612,-1.117871176345106,0.5684098616181197,440
1789477385.0133517,1789477385.0129054,-23.751794334138722,-3.268839179000943,1.8187942461167326,3.206193635805011,-6.095858741704496,-1.0913701174994752,0.5651767364264975,440
1789477385.0233083,1789477385.0228746,-23.719604015747613,-3.3304729512394355,1.8079682099632497,3.1775056750493755,-6.129439597863667,-1.0543039160518353,0.5640725615618083,440
1789477385.033361,1789477385.0328796,-23.687969333916296,-3.3920029553457827,1.7976391138309056,3.141770759209084,-6.164187468199633,-1.0078382138161597,0.5651114563773338,440
1789477385.0432973,1789477385.0428789,-23.6564484194955,-3.4544458028548486,1.7877352874347314,3.098590322658175,-6.200476086531807,-0.9517613433291247,0.5682578927874475,440
1789477385.0535498,1789477385.0528858,-23.626249689927494,-3.5155207216599447,1.7786892691798806,3.0498832013687087,-6.236765895834298,-0.8890580218483928,0.5732763871321287,440
1789477385.0633543,1789477385.0628755,-23.595722729824345,-3.578713933610201,1.7700663886889332,2.992986340852923,-6.274941603822852,-0.8169685017160564,0.58038220311462,440
1789477385.0733726,1789477385.0728743,-23.595722729824345,-3.578713933610201,1.7700663886889332,2.992986340852923,-6.274941603822852,-0.8169685017160564,0.58038220311462,440
1789477385.0833259,1789477385.0828826,-23.537352267389814,-3.7045245950493033,1.7553547268817926,2.8608623687949972,-6.35206479806181,-0.6557455250155555,0.5998722190128016,440
1789477385.0934765,1789477385.0929089,-23.50879609215831,-3.768981803710118,1.7491705262124164,2.7838555195873393,-6.3917591508306035,-0.5662042485969896,0.6123742431081998,440
1789477385.1033614,1789477385.1028686,-23.4818122536755,-3.8320319908224985,1.7440457510784275,2.7026887993606916,-6.430450549163549,-0.4754715321334137,0.62609659689257,440
1789477385.1133144,1789477385.1128764,-23.455261548690316,-3.896440278865008,1.7397695932957413,2.6140249588236837,-6.469640001329784,-0.3806067207676192,0.6415205222691283,440
1789477385.1232746,1789477385.1228547,-23.429281249653673,-3.962132404924599,1.736411591006484,2.517849720042455,-6.5090571082195625,-0.28260685041341704,0.6585945637970925,440
1789477385.133306,1789477385.1328773,-23.40472934787959,-4.0270736416398165,1.7340832199840033,2.4173316144234103,-6.547270768963768,-0.1854461162029472,0.6766894179862952,440
1789477385.1432903,1789477385.1428938,-23.380967678091444,-4.093071338624039,1.732712844758278,2.3099213953048916,-6.585132529100268,-0.08731725107501442,0.6962030672919408,440
1789477385.153571,1789477385.1529057,-23.358406356333173,-4.159166979571039,1.7323245557170242,2.197351692543216,-6.621861458926286,0.009514245168777857,0.7167726900221187,440
1789477385.163684,1789477385.162884,-23.33704574318294,-4.2254736312234105,1.7328953341807927,2.079729481354325,-6.657309713067653,0.1044566010907747,0.7383376366536463,440
1789477385.1735764,1789477385.1729038,-23.317024051293878,-4.291651964751716,1.7343889015607425,1.9579998437711008,-6.691098926581542,0.19635802171656563,0.7606940482038409,440
1789477385.1834588,1789477385.182883,-23.29790204619275,-4.359370965758637,1.7368309317408173,1.8293346811347926,-6.7238383175366,0.28683843673881354,0.7843417009800531,440
1789477385.1936886,1789477385.192872,-23.280428109749163,-4.426111524846395,1.7400963331926749,1.698858475822536,-6.754110780824766,0.3719644473178824,0.8083287290787835,440
1789477385.2035818,1789477385.2028768,-23.26400175740771,-4.49428693397987,1.7442613204786346,1.5622257693201413,-6.782824598469425,0.4543044590651974,0.8334535094754347,440
1789477385.21348,1789477385.2128794,-23.249146893649826,-4.561892802118295,1.7491659052605584,1.4238033318400556,-6.80894686311722,0.5309502091131382,0.8589218729872261,440
1789477385.2233527,1789477385.2228699,-23.235631553082662,-4.63002861236468,1.7548329018313396,1.281763989274609,-6.832776310830104,0.6028095115640978,0.885087501432881,440
1789477385.2335327,1789477385.232866,-23.223471174351594,-4.698855569529363,1.7612360725730847,1.1361341740387976,-6.854193166497262,0.6696142708354148,0.911972524054983,440
1789477385.2434878,1789477385.2428758,-23.212814704563865,-4.7676894146605155,1.768261024982466,0.9887631055794663,-6.872857634666472,0.7303698904799105,0.9392706068417023,440
1789477385.2536128,1789477385.2528415,-23.203689401168624,-4.836331948481294,1.775823239077612,0.8405128769312892,-6.8886648775983375,0.7847327005905445,0.9668630282763631,440
1789477385.2635992,1789477385.262843,-23.196061110568277,-4.904999696433261,1.783882347575425,0.691347303309415,-6.901637396729391,0.8327486125491695,0.9948040503013562,440
1789477385.2735436,1789477385.2728662,-23.196061110568277,-4.904999696433261,1.783882347575425,0.691347303309415,-6.901637396729391,0.8327486125491695,0.9948040503013562,440
1789477385.2836115,1789477385.282866,-23.185202500847495,-5.043971782417241,1.8014486993954215,0.38855708588558285,-6.919171836069862,0.9100385941753656,1.052292201906862,440
1789477385.2934792,1789477385.2928638,-23.182100683408642,-5.112275592725151,1.8105731806208056,0.24022072823148347,-6.922969654400133,0.9380337249253592,1.080976861905412,440
1789477385.303371,1789477385.302867,-23.180431101190226,-5.182462324444667,1.8201976831643552,0.08950538432535889,-6.918347063309144,0.9587927339304442,1.1107392766940642,440
1789477385.3133895,1789477385.3128722,-23.180259181208207,-5.250689327973141,1.8297272514955518,-0.054028565765204484,-6.9000802651093505,0.9701368688448234,1.1399576284202784,440
1789477385.323193,1789477385.3228915,-23.181537878271737,-5.32059084244818,1.8395976972512007,-0.19687454294796816,-6.86328764826933,0.9721275241612525,1.170201070075895,440
1789477385.333271,1789477385.3328652,-23.184150033943933,-5.388238777205794,1.84918628010824,-0.33005891587638053,-6.807711951137805,0.9645607003167042,1.1997817570093177,440
1789477385.3433192,1789477385.3428774,-23.188131935206798,-5.456504218764474,1.8588332395880516,-0.4584854695613221,-6.730146918881632,0.947523244368337,1.229958495287348,440
1789477385.3534539,1789477385.352838,-23.193352372518557,-5.523713897014113,1.8682402800624942,-0.5781801790290338,-6.631916450819901,0.9217976944391262,1.2600009924098137,440
1789477385.3635616,1789477385.3628418,-23.199542971135063,-5.5880578834403,1.8771060331824085,-0.6856762121567709,-6.517362511543137,0.8892594166929103,1.2890815141238905,440
1789477385.3735652,1789477385.3728793,-23.2070242641461,-5.653513516783778,1.8859297347558996,-0.7870484256458015,-6.380492826140701,0.8487715941113354,1.3189934948950994,440
1789477385.383404,1789477385.3828647,-23.215327626679404,-5.716419567532729,1.894174113545707,-0.8760251176917276,-6.230203801445841,0.803480561359021,1.3480614573267284,440
1789477385.3933017,1789477385.392866,-23.224567650407483,-5.7784197995296465,1.9020269497802642,-0.9547264883711772,-6.064931978476535,0.753452972847776,1.377028064231621,440
1789477385.4034662,1789477385.4028687,-23.23446942127263,-5.838274527020094,1.909309097052259,-1.0213353890427754,-5.890237439994668,0.700868559793335,1.4053021142809614,440
1789477385.4134467,1789477385.4128718,-23.244852163761202,-5.895662178641481,1.9159789644734875,-1.0756726005794148,-5.709875109502746,0.6473137289168723,1.4327102514339698,440
1789477385.4233513,1789477385.4228373,-23.255820019470956,-5.951752780941361,1.9221713894311245,-1.118887539468826,-5.522584546791809,0.5928588315229986,1.4597996502125712,440
1789477385.4333181,1789477385.4328785,-23.267360253839822,-6.006878272135665,1.927915858112776,-1.150937115301345,-5.329137779376897,0.5382180593377267,1.4867350295517152,440
1789477385.4433296,1789477385.4428825,-23.27886831606407,-6.058727438314092,1.9329901086783254,-1.1708257946133018,-5.139844449214259,0.48669623636977677,1.5123781844946174,440
1789477385.4533722,1789477385.4528728,-23.290530400635202,-6.108753008209732,1.9375704085953294,-1.1798319246927782,-4.951484975876114,0.4377267145396431,1.5374333836527456,440
1789477385.4633362,1789477385.4628644,-23.302253652874658,-6.157020274057832,1.9416891384441342,-1.1783600268110384,-4.765277685663126,0.39198365433743476,1.5619344152313714,440
1789477385.4733279,1789477385.4728706,-23.314056432040385,-6.204020392533721,1.945415528333998,-1.1667309351982682,-4.580399985830393,0.34963518247935343,1.5861387765488915,440
1789477385.483283,1789477385.4828675,-23.314056432040385,-6.204020392533721,1.945415528333998,-1.1667309351982682,-4.580399985830393,0.34963518247935343,1.5861387765488915,440
1789477385.493249,1789477385.4928634,-23.336973147345645,-6.2921705422985905,1.9516762276387205,-1.115962281698102,-4.2253276062721525,0.27861139942028457,1.6326170714930748,440
1789477385.5032496,1789477385.5028636,-23.348034117922722,-6.333877761644822,1.9543349071177316,-1.078130899099009,-4.053261749616466,0.24985072536594088,1.6551832726178208,440
1789477385.513305,1789477385.512889,-23.35842478688008,-6.3729199466215,1.9566717213698461,-1.0344410147080034,-3.8890219338726038,0.2262011118705286,1.6766954641200096,440
1789477385.5233026,1789477385.5228813,-23.368554809866303,-6.411111492505756,1.9588380444873443,-0.983904793937561,-3.7242795667683177,0.20630843298790347,1.6981400556809225,440
1789477385.5333276,1789477385.5328667,-23.378155524274252,-6.4476744987386425,1.960825489519084,-0.9283272122566029,-3.5612527688483357,0.1903113190994703,1.719077042621449,440
1789477385.5433905,1789477385.5428736,-23.387180979145214,-6.482618575787028,1.962670667401484,-0.868727196176053,-3.398670353818285,0.1777241672255898,1.7394903187700899,440
1789477385.5533335,1789477385.5528607,-23.395600453118288,-6.51596024989486,1.9644059857816227,-0.8060917408367154,-3.2351022487711063,0.1679796275145574,1.7593621694327495,440
1789477385.563352,1789477385.5628667,-23.403284493322065,-6.547254425056355,1.9660345785508377,-0.7423329370939529,-3.071573499834706,0.16056644310599189,1.7783866802605277,440
1789477385.573283,1789477385.5728626,-23.403284493322065,-6.547254425056355,1.9660345785508377,-0.7423329370939529,-3.071573499834706,0.16056644310599189,1.7783866802605277,440
1789477385.5833259,1789477385.5828805,-23.41686820889022,-6.605498690646269,1.969142259341302,-0.6114340752709975,-2.7305241112023735,0.14984000232461134,1.8148249297605166,440
1789477385.5932784,1789477385.5928721,-23.42264227374638,-6.631844955811785,1.9706140895669628,-0.5472343141112,-2.554594832598847,0.14549039412545606,1.8317744554617363,440
1789477385.6032815,1789477385.6028697,-23.427765045156182,-6.656321969280301,1.972037338566265,-0.48491029632337435,-2.3747261181171204,0.14113574252974972,1.847796266758299,440
1789477385.6132112,1789477385.6128693,-23.43234435837801,-6.6793228089117775,1.9734361868833117,-0.4240255026172314,-2.1876412319468184,0.13627336833246478,1.8631021053595964,440
1789477385.623304,1789477385.6228704,-23.436248970107414,-6.700004446272073,1.9747553224785366,-0.367351118489138,-2.0006877347947345,0.1307589809247094,1.8770794533449655,440
1789477385.633285,1789477385.6328635,-23.43967500924266,-6.719197487114995,1.976040871034685,-0.31306987594103264,-1.8071720300827754,0.12413171587451849,1.8902400080217785,440
1789477385.6432931,1789477385.642865,-23.44253015495624,-6.736163561804075,1.9772345444084587,-0.26364431317067305,-1.6157054264052102,0.11650473418634437,1.902031954755172,440
1789477385.6534293,1789477385.652836,-23.44496476687504,-6.7515502452337985,1.9783709872976598,-0.21751650247011334,-1.420678581264511,0.10754424030931911,1.9128613376829107,440
1789477385.6633747,1789477385.6628633,-23.4469076672514,-6.764639988271103,1.979384501038512,-0.17713558933721574,-1.2337530615983983,0.09776936306911951,1.9221814508391397,440
1789477385.673271,1789477385.672868,-23.4469076672514,-6.764639988271103,1.979384501038512,-0.17713558933721574,-1.2337530615983983,0.09776936306911951,1.9221814508391397,440
1789477385.6832678,1789477385.6828604,-23.44975712127191,-6.7857873294987865,1.9811327643870593,-0.10893903754270222,-0.8710048357590201,0.07534649205785414,1.9374683018979024,440
1789477385.6934679,1789477385.692891,-23.450704358654626,-6.7936230144858785,1.9818240086308372,-0.08229911398395329,-0.7066570682681982,0.06363086684044345,1.9432142272764523,440
1789477385.7033567,1789477385.7028751,-23.451407214060765,-6.799871519768328,1.9823971075925115,-0.060179589050729926,-0.5559971586957162,0.05199606214195043,1.9478338042753187,440
1789477385.7132726,1789477385.7128632,-23.45191835384135,-6.804767446103287,1.982863065027379,-0.04199808376509173,-0.4189276546481545,0.04062589867345437,1.9514807001134191,440
1789477385.72328,1789477385.7228775,-23.45226440458785,-6.808347844949422,1.9832159657359794,-0.027905233642338684,-0.30103555182314035,0.0302006377129371,1.954166184577206,440
1789477385.733288,1789477385.7328646,-23.452487518364794,-6.810846115580596,1.9834704175345765,-0.01733871805209214,-0.20277998870514136,0.0210034365438293,1.9560518800077757,440
1789477385.7432814,1789477385.7428672,-23.452621207768917,-6.812470204803802,1.983641018973628,-0.009808757305694887,-0.12473972919829124,0.013315921260861174,1.957284886323434,440
1789477385.753379,1789477385.7528887,-23.452692545630796,-6.81341279122826,1.9837429435956138,-0.004875791407949609,-0.06759540586885082,0.00742250180275883,1.958004341199571,440
1789477385.7635689,1789477385.7628837,-23.452725257080445,-6.8138839756961325,1.9837952921498465,-0.0019631105925769776,-0.02977055669105777,0.0033572589615681325,1.9583657666492427,440
1789477385.7733643,1789477385.772847,-23.452736715545445,-6.814064291641193,1.9838158360503204,-0.000540197944658316,-0.008990481260203964,0.001039488179480741,1.9585047111953708,440
1789477385.7833264,1789477385.782868,-23.45273912775567,-6.814105776021612,1.98382067212216,-5.3633152314880306e-05,-0.0009849349713677569,0.00011662168457360345,1.9585368100073455,440
1789477385.7935972,1789477385.792856,-23.452739245731767,-6.814107981601532,1.9838209343361686,3.4416913763379853e-15,-3.552713678800501e-15,2.6645352591003757e-15,1.9585385226475547,440
1789477385.8035321,1789477385.8028994,-23.452739245731767,-6.814107981601532,1.9838209343361686,3.4416913763379853e-15,-3.552713678800501e-15,2.6645352591003757e-15,1.9585385226475547,440
1789477385.813515,1789477385.8128886,-23.452739245731767,-6.814107981601532,1.9838209343361686,3.4416913763379853e-15,-3.552713678800501e-15,2.6645352591003757e-15,1.9585385226475547,440
1789477385.824054,1789477385.822871,-23.452739245731767,-6.814107981601532,1.9838209343361686,3.4416913763379853e-15,-3.552713678800501e-15,2.6645352591003757e-15,1.9585385226475547,440
1789477385.8342326,1789477385.8329391,-23.452739245731767,-6.814107981601532,1.9838209343361686,3.4416913763379853e-15,-3.552713678800501e-15,2.6645352591003757e-15,1.9585385226475547,440
1789477385.8440948,1789477385.8428946,-23.452739245731767,-6.814107981601532,1.9838209343361686,3.4416913763379853e-15,-3.552713678800501e-15,2.6645352591003757e-15,1.9585385226475547,440
1789477385.853789,1789477385.8528724,-23.452739245731767,-6.814107981601532,1.9838209343361686,3.4416913763379853e-15,-3.552713678800501e-15,2.6645352591003757e-15,1.9585385226475547,440
1789477385.8636749,1789477385.8628995,-23.452739245731767,-6.814107981601532,1.9838209343361686,3.4416913763379853e-15,-3.552713678800501e-15,2.6645352591003757e-15,1.9585385226475547,440
1789477385.8733873,1789477385.8728826,-23.452739245731767,-6.814107981601532,1.9838209343361686,3.4416913763379853e-15,-3.552713678800501e-15,2.6645352591003757e-15,1.9585385226475547,440
1789477385.8835616,1789477385.8828876,-23.452739245731767,-6.814107981601532,1.9838209343361686,3.4416913763379853e-15,-3.552713678800501e-15,2.6645352591003757e-15,1.9585385226475547,440
1789477385.8942041,1789477385.8929,-23.452739245731767,-6.814107981601532,1.9838209343361686,3.4416913763379853e-15,-3.552713678800501e-15,2.6645352591003757e-15,1.9585385226475547,440
1789477385.9041302,1789477385.9028986,-23.452739245731767,-6.814107981601532,1.9838209343361686,3.4416913763379853e-15,-3.552713678800501e-15,2.6645352591003757e-15,1.9585385226475547,440
1789477385.9142487,1789477385.9128919,-23.452739245731767,-6.814107981601532,1.9838209343361686,3.4416913763379853e-15,-3.552713678800501e-15,2.6645352591003757e-15,1.9585385226475547,440
1789477385.9237957,1789477385.9228578,-23.452739245731767,-6.814107981601532,1.9838209343361686,3.4416913763379853e-15,-3.552713678800501e-15,2.6645352591003757e-15,1.9585385226475547,440
1789477385.9340422,1789477385.9329052,-23.452739245731767,-6.814107981601532,1.9838209343361686,3.4416913763379853e-15,-3.552713678800501e-15,2.6645352591003757e-15,1.9585385226475547,440
1789477385.9438818,1789477385.9428842,-23.452739245731767,-6.814107981601532,1.9838209343361686,3.4416913763379853e-15,-3.552713678800501e-15,2.6645352591003757e-15,1.9585385226475547,440
1789477385.9536157,1789477385.9528627,-23.452739245731767,-6.814107981601532,1.9838209343361686,3.4416913763379853e-15,-3.552713678800501e-15,2.6645352591003757e-15,1.9585385226475547,440
1789477385.9636366,1789477385.9628603,-23.452739245731767,-6.814107981601532,1.9838209343361686,3.4416913763379853e-15,-3.552713678800501e-15,2.6645352591003757e-15,1.9585385226475547,440
1789477385.9734082,1789477385.9728742,-23.452739245731767,-6.814107981601532,1.9838209343361686,3.4416913763379853e-15,-3.552713678800501e-15,2.6645352591003757e-15,1.9585385226475547,440
1789477385.9834466,1789477385.982845,-23.452739245731767,-6.814107981601532,1.9838209343361686,3.4416913763379853e-15,-3.552713678800501e-15,2.6645352591003757e-15,1.9585385226475547,440
1789477385.993747,1789477385.9928935,-23.452739245731767,-6.814107981601532,1.9838209343361686,3.4416913763379853e-15,-3.552713678800501e-15,2.6645352591003757e-15,1.9585385226475547,440
1789477386.0040832,1789477386.0029147,-23.452739245731767,-6.814107981601532,1.9838209343361686,3.4416913763379853e-15,-3.552713678800501e-15,2.6645352591003757e-15,1.9585385226475547,440
1789477386.0139542,1789477386.0128963,-23.452739245731767,-6.814107981601532,1.9838209343361686,3.4416913763379853e-15,-3.552713678800501e-15,2.6645352591003757e-15,1.9585385226475547,440
1789477386.0240893,1789477386.0229719,-23.452739245731767,-6.814107981601532,1.9838209343361686,3.4416913763379853e-15,-3.552713678800501e-15,2.6645352591003757e-15,1.9585385226475547,440
1789477386.0339582,1789477386.0328999,-23.452739245731767,-6.814107981601532,1.9838209343361686,3.4416913763379853e-15,-3.552713678800501e-15,2.6645352591003757e-15,1.9585385226475547,440
1789477386.0440023,1789477386.0428898,-23.452739245731767,-6.814107981601532,1.9838209343361686,3.4416913763379853e-15,-3.552713678800501e-15,2.6645352591003757e-15,1.9585385226475547,440
1789477386.0536742,1789477386.0528781,-23.452739245731767,-6.814107981601532,1.9838209343361686,3.4416913763379853e-15,-3.552713678800501e-15,2.6645352591003757e-15,1.9585385226475547,440
1789477386.0635278,1789477386.0628686,-23.452739245731767,-6.814107981601532,1.9838209343361686,3.4416913763379853e-15,-3.552713678800501e-15,2.6645352591003757e-15,1.9585385226475547,440
1789477386.0733392,1789477386.072835,-23.452739245731767,-6.814107981601532,1.9838209343361686,3.4416913763379853e-15,-3.552713678800501e-15,2.6645352591003757e-15,1.9585385226475547,440
1789477386.0835938,1789477386.0828843,-23.452739245731767,-6.814107981601532,1.9838209343361686,3.4416913763379853e-15,-3.552713678800501e-15,2.6645352591003757e-15,1.9585385226475547,440
1789477386.093763,1789477386.0928972,-23.452739245731767,-6.814107981601532,1.9838209343361686,3.4416913763379853e-15,-3.552713678800501e-15,2.6645352591003757e-15,1.9585385226475547,440
1789477386.1042984,1789477386.1029289,-23.452739245731767,-6.814107981601532,1.9838209343361686,3.4416913763379853e-15,-3.552713678800501e-15,2.6645352591003757e-15,1.9585385226475547,440
1789477386.1141357,1789477386.1128905,-23.452739245731767,-6.814107981601532,1.9838209343361686,3.4416913763379853e-15,-3.552713678800501e-15,2.6645352591003757e-15,1.9585385226475547,440
1789477386.1236567,1789477386.122857,-23.452739245731767,-6.814107981601533,1.983820934336169,0.0,0.0,0.0,1.9585385226475556,440
1789477386.1334612,1789477386.1328807,-23.452739245731767,-6.814107981601533,1.983820934336169,0.0,0.0,0.0,1.9585385226475556,440
1789477386.1433856,1789477386.1428657,-23.452739245731767,-6.814107981601533,1.983820934336169,0.0,0.0,0.0,1.9585385226475556,440
1789477386.153524,1789477386.1528482,-23.452739245731767,-6.814107981601533,1.983820934336169,0.0,0.0,0.0,1.9585385226475556,440
1789477386.1634307,1789477386.162863,-23.452739245731767,-6.814107981601533,1.983820934336169,0.0,0.0,0.0,1.9585385226475556,440
1789477386.1734216,1789477386.1728675,-23.452739245731767,-6.814107981601533,1.983820934336169,0.0,0.0,0.0,1.9585385226475556,440
1789477386.1834722,1789477386.1828794,-23.452739245731767,-6.814107981601533,1.983820934336169,0.0,0.0,0.0,1.9585385226475556,440
1789477386.1934042,1789477386.1928718,-23.452739245731767,-6.814107981601533,1.983820934336169,0.0,0.0,0.0,1.9585385226475556,440
1789477386.203575,1789477386.2028656,-23.452739245731767,-6.814107981601533,1.983820934336169,0.0,0.0,0.0,1.9585385226475556,440
1789477386.2134252,1789477386.2128704,-23.452739245731767,-6.814107981601533,1.983820934336169,0.0,0.0,0.0,1.9585385226475556,440
1789477386.2234015,1789477386.222839,-23.452739245731767,-6.814107981601533,1.983820934336169,0.0,0.0,0.0,1.9585385226475556,440
1789477386.233402,1789477386.2328634,-23.452739245731767,-6.814107981601533,1.983820934336169,0.0,0.0,0.0,1.9585385226475556,440
1789477386.2432685,1789477386.242872,-23.452739245731767,-6.814107981601533,1.983820934336169,0.0,0.0,0.0,1.9585385226475556,440
1789477386.2535217,1789477386.25287,-23.480558986690756,-6.8473776694771145,1.9719424202225413,-0.15445829294381413,-0.6139308051996307,-0.08443668039566479,1.969302094556966,440
1789477386.263481,1789477386.2629006,-23.482261668190414,-6.854127332755167,1.9710132839656866,-0.18571509193356533,-0.7343216973916845,-0.10116404676385085,1.9738257292142765,440
1789477386.2732797,1789477386.2728333,-23.482261668190414,-6.854127332755167,1.9710132839656866,-0.18571509193356533,-0.7343216973916845,-0.10116404676385085,1.9738257292142765,440
1789477386.283442,1789477386.2828896,-23.486669932241334,-6.8714565868098685,1.968622633258704,-0.25661421031794607,-1.0033321541212366,-0.1385561935078681,1.9854578154976859,440
1789477386.2937355,1789477386.292907,-23.489426854590384,-6.882202968726673,1.9671380507347305,-0.2959863735358029,-1.150332526904882,-0.15896152642678593,1.9926861209302473,440
1789477386.303987,1789477386.3028908,-23.49259645826255,-6.894482053828075,1.9654409497831506,-0.3379302969550871,-1.3050746390440806,-0.18039196208036853,2.00096058965105,440
1789477386.313933,1789477386.3128848,-23.496166647156993,-6.90822428626468,1.9635415499966062,-0.38184791087888015,-1.4650391448829294,-0.20246700144348811,2.010241188571201,440
1789477386.323989,1789477386.3228843,-23.500276374829326,-6.923936274496024,1.9613708159975491,-0.428941938930278,-1.634217941900801,-0.2256959097433201,2.020879037079964,440
1789477386.3341045,1789477386.332893,-23.50482721264085,-6.9412109109641875,1.9589864206699925,-0.47761832399005383,-1.8064915157317412,-0.2491892676967929,2.032608985893365,440
1789477386.3441439,1789477386.342893,-23.509832981067486,-6.960072403270811,1.9563868438953915,-0.5277330578563131,-1.9810653147378843,-0.2727890999334862,2.0454579953751626,440
1789477386.3534327,1789477386.3528807,-23.515417003291386,-6.980950463422642,1.95351533797544,-0.5801517666704632,-2.1605824272329954,-0.2967893772677978,2.0597319539095134,440
1789477386.3633168,1789477386.362854,-23.521328021155647,-7.002875372012883,1.9505080204711283,-0.6323074111383118,-2.3360084103228904,-0.3199242146483584,2.071043511817261,441
1789477386.3732228,1789477386.372829,-23.521328021155647,-7.002875372012883,1.9505080204711283,-0.6323074111383118,-2.3360084103228904,-0.3199242146483584,2.071043511817261,441
1789477386.3832037,1789477386.382852,-23.535175723381606,-7.0535811109839734,1.943592031155881,-0.7438648847351165,-2.7002311754805817,-0.3666644674705295,2.02591653166989,441
1789477386.3933394,1789477386.392861,-23.542892545105165,-7.081463254395407,1.939816204871304,-0.8008359555055761,-2.8802700796636613,-0.3889504058928084,2.0012242677976406,441
1789477386.4031618,1789477386.4028566,-23.55115954759736,-7.111053567560544,1.9358330907173544,-0.8585125145133666,-3.05829816964938,-0.4103160168645157,1.975117084631446,441
1789477386.41321,1789477386.4128532,-23.560041056984193,-7.142534590808222,1.931625192954809,-0.9171377837351375,-3.2347779555682497,-0.43071145721767434,1.9474553356862654,441
1789477386.423244,1789477386.4228756,-23.569460670175367,-7.175587497850754,1.9272430240341314,-0.9760344662703717,-3.4074251422311903,-0.4497652794663877,1.918542141798141,441
1789477386.4332693,1789477386.432878,-23.579474171698138,-7.210360344327746,1.922675662090098,-1.0354123228394427,-3.5766617934760063,-0.46741693679138663,1.8882724478100725,441
1789477386.4433181,1789477386.442853,-23.590243091413296,-7.2473536313252875,1.9178685859791962,-1.0960100470179266,-3.7442829927642625,-0.483708738030986,1.8562422031115118,441
1789477386.453397,1789477386.4528582,-23.60151306135078,-7.28563759053368,1.912954325076516,-1.1562405314367028,-3.905697926899923,-0.4980625506256259,1.8232883484322644,441
1789477386.4633284,1789477386.4628508,-23.61331421102317,-7.325271199631644,1.907936261191475,-1.2162180487138836,-4.061211971354315,-0.5104153404521895,1.7893885336883373,441
1789477386.4733143,1789477386.4728763,-23.61331421102317,-7.325271199631644,1.907936261191475,-1.2162180487138836,-4.061211971354315,-0.5104153404521895,1.7893885336883373,441
1789477386.483299,1789477386.4828794,-23.638863140500373,-7.409559050974483,1.8975209620315137,-1.336786588544068,-4.3578094582641285,-0.5288890817735357,1.7180649280990186,441
1789477386.4934258,1789477386.4928708,-23.65243263632389,-7.453522415329608,1.8922389509339752,-1.3963646437274548,-4.49639027889089,-0.5346264789688889,1.6813032789570945,441
1789477386.5033157,1789477386.5028734,-23.66689272138455,-7.499787486166288,1.886801003825266,-1.4568903086976484,-4.631747685274539,-0.5379756627117807,1.6429619935248896,441
1789477386.5133107,1789477386.5128605,-23.681534577326858,-7.546043658464492,1.8814951160649724,-1.5153516759004904,-4.75730457011657,-0.5387010815582002,1.6049982700448897,441
1789477386.5232818,1789477386.5228918,-23.697000506662743,-7.594283076576101,1.8761093662901291,-1.574288329646734,-4.878756925466107,-0.5367930585092924,1.5658200275317369,441
1789477386.5333023,1789477386.5328794,-23.71298324954944,-7.6434918779332675,1.8707793544046196,-1.632406327660305,-4.993534479062085,-0.532168112145624,1.526310321616601,441
1789477386.5432792,1789477386.5428867,-23.729777037356122,-7.6945236064839,1.8654363278117532,-1.6906571560543304,-5.103677600237716,-0.5246388610696062,1.485847598352306,441
1789477386.5534244,1789477386.5528843,-23.746780689998918,-7.745519914687097,1.860294424047199,-1.746905942483692,-5.2054720476263086,-0.5144535641479501,1.4459585992423554,441
1789477386.5632873,1789477386.5628464,-23.76466625983701,-7.798463833359898,1.8551755176561568,-1.8033030835918569,-5.303142422463685,-0.5011842421468753,1.4051529449756486,441
1789477386.5732472,1789477386.5728307,-23.76466625983701,-7.798463833359898,1.8551755176561568,-1.8033030835918569,-5.303142422463685,-0.5011842421468753,1.4051529449756486,441
1789477386.5832586,1789477386.582866,-23.80196825918239,-7.906731756745893,1.8454487949037857,-1.9124931782007424,-5.4802462376673216,-0.4659862215929472,1.323766920656384,441
1789477386.5932593,1789477386.592857,-23.82118045754978,-7.961438373804397,1.8409358417867105,-1.9645815134815596,-5.559443852838651,-0.4443223411450301,1.2837691114457246,441
1789477386.6032236,1789477386.6028547,-23.840946306996976,-8.01702757872079,1.83664226659863,-2.015392972020254,-5.633620699142407,-0.41980338347113605,1.2439535083062578,441
1789477386.6135902,1789477386.6128724,-23.861544568741728,-8.074254606828559,1.8325422912288023,-2.065452461243808,-5.703908941272158,-0.3920521541803919,1.2038808958783092,441
1789477386.6232898,1789477386.6228473,-23.88227561797217,-8.131173206029985,1.8287988645120832,-2.1129427616772603,-5.768226408108875,-0.3620554716764783,1.164992953995803,441
1789477386.63333,1789477386.6328793,-23.903633448244783,-8.189152198717686,1.8253410030285913,-2.158907593200849,-5.828505372003131,-0.3291809724610082,1.1264235502152142,441
1789477386.6432843,1789477386.6428652,-23.92534347652226,-8.24745268935248,1.822237694267807,-2.2026071039128534,-5.884258171245201,-0.29390603852187297,1.0887535704211535,441
1789477386.653312,1789477386.6528752,-23.947646047511157,-8.306733935205495,1.819478491581208,-2.244367585307573,-5.936402675468665,-0.2559073010042802,1.0516493234815583,441
1789477386.6634276,1789477386.6628182,-23.970395514646473,-8.366624627779192,1.817108444437982,-2.283722060185587,-5.984860819036265,-0.21549548699965076,1.0154487731608315,441
1789477386.6732683,1789477386.6728604,-23.970395514646473,-8.366624627779192,1.817108444437982,-2.283722060185587,-5.984860819036265,-0.21549548699965076,1.0154487731608315,441
1789477386.6832561,1789477386.682839,-24.016873491495552,-8.487420376821428,1.8136490148596869,-2.3539765861213073,-6.071315296073278,-0.12848084263572632,0.9465994608545438,441
1789477386.693386,1789477386.6928656,-24.040664717847747,-8.54857513520867,1.8125909712678923,-2.384642904986457,-6.11009645205442,-0.08198124222370054,0.9139853912143066,441
1789477386.7032273,1789477386.7028646,-24.06441615468452,-8.609261621950996,1.8120131331691727,-2.4116404760680874,-6.145731466254068,-0.034460056276400156,0.8831874848531607,441
1789477386.713297,1789477386.7128713,-24.088936046737953,-8.6716033670705,1.8119164687679898,-2.4356684184288833,-6.179717373520018,0.01558403488186368,0.8532316737346606,441
1789477386.7232478,1789477386.7228668,-24.11339712661689,-8.733562396587171,1.812325150278005,-2.45568096039755,-6.211175847975172,0.06634350318586578,0.8252032690690143,441
1789477386.7332492,1789477386.732845,-24.137743022929715,-8.795079512410497,1.8132328301912735,-2.4715916309154156,-6.240410613808556,0.11753733976295934,0.799144161400426,441
1789477386.7433712,1789477386.7428718,-24.162842739805345,-8.85843314257094,1.8146928036824093,-2.4837060734448038,-6.268714309115905,0.17086206196108963,0.7741968549341762,441
1789477386.7534983,1789477386.7528608,-24.18788358310521,-8.921663649354924,1.8166818607915136,-2.491330795454493,-6.295399279822503,0.2244574840648434,0.7512517220100356,441
1789477386.7635074,1789477386.7628663,-24.212503627849006,-8.983953886538254,1.8191594912316245,-2.4943455694077956,-6.32039509540262,0.27738739741956886,0.7305904034785189,441
1789477386.7733247,1789477386.7728398,-24.23747914079601,-9.047372384549139,1.8222067133179283,-2.4927047512568272,-6.344744817476672,0.3311686463121875,0.7115627391821757,441
1789477386.7833524,1789477386.782862,-24.26261417080083,-9.11154367017304,1.8258230069553074,-2.486091930461228,-6.368459831643452,0.3852271819695576,0.6943907543442873,441
1789477386.7935472,1789477386.7928848,-24.287370527161713,-9.17521183994849,1.8299324057805595,-2.474509262550949,-6.391255029164408,0.4382512676457065,0.6794329883724632,441
1789477386.8033514,1789477386.8028595,-24.31172083011425,-9.238413783594359,1.8345149641880938,-2.457986336178039,-6.413321850431351,0.49003856660343986,0.6666342945935102,441
1789477386.8132548,1789477386.8128545,-24.336307277598344,-9.302953315453241,1.839698785234487,-2.435888188578772,-6.435424618029444,0.5417970062619609,0.6556630855105954,441
1789477386.8232749,1789477386.8228378,-24.36079557890738,-9.36811852672389,1.8454338214172965,-2.408181575106806,-6.457430226828507,0.5926464696745353,0.646717432245624,441
1789477386.8332813,1789477386.8328586,-24.384434370862103,-9.432028698844704,1.8515292766748204,-2.375732347841142,-6.478816126524423,0.6408920460842941,0.6399961885251073,441
1789477386.8432894,1789477386.8428776,-24.40822104448317,-9.497526173250272,1.8582389034743936,-2.3370706878459977,-6.5006232752081115,0.6884170171984394,0.6351774427434689,441
1789477386.8535428,1789477386.8528714,-24.431021213659516,-9.561628198747531,1.8652364429928292,-2.293974308434562,-6.5219279270718635,0.7328125496206292,0.6324429966076948,441
1789477386.863372,1789477386.8628545,-24.453661660122094,-9.626787462879435,1.8727608571733896,-2.2449046927636394,-6.543597628867159,0.7755617871911151,0.6316169254435828,441
1789477386.8733199,1789477386.8728554,-24.476080197432665,-9.693046296205273,1.8808091713007495,-2.1896661615449116,-6.5656816462363725,0.8163426323999216,0.6327315714218336,441
1789477386.8836057,1789477386.8829477,-24.49769737975787,-9.758863114111051,1.889169374755685,-2.1295927905827887,-6.587682512305893,0.853945438897383,0.6357186325296325,441
1789477386.8934376,1789477386.892856,-24.518490074023,-9.824270442172683,1.8978063816426922,-2.064909585491898,-6.609606923580451,0.8882394309172661,0.6404677608354912,441
1789477386.9033172,1789477386.9028592,-24.538874336220562,-9.89075265247823,1.9068866756207439,-1.9942564283088815,-6.631932180828776,0.9197596081639305,0.6470332686794398,441
1789477386.9132726,1789477386.9128563,-24.558419133171125,-9.95709615979392,1.916214542586287,-1.9190302346728305,-6.654212694453799,0.9476774739374143,0.655248460089368,441
1789477386.9231904,1789477386.9228718,-24.577471894522944,-10.02469066785685,1.925953012061784,-1.8377798539599026,-6.676857264577737,0.9723155605802124,0.6652396213812022,441
1789477386.9332988,1789477386.9328759,-24.595051399807492,-10.090125221449414,1.9355674708329493,-1.7549527678563854,-6.698652945447451,0.992358241898588,0.6763863445497593,441
1789477386.9432597,1789477386.9428732,-24.612295248096288,-10.157768926105424,1.9456591096973326,-1.6653001164540986,-6.720964835674568,1.0090030098223604,0.6893488111840285,441
1789477386.9534678,1789477386.952863,-24.62862860334749,-10.22569745474628,1.9559066208253202,-1.5714601535074255,-6.743038348949535,1.021428865682032,0.7037530979670228,441
1789477386.963329,1789477386.9628165,-24.643801562805034,-10.292956606718974,1.966122041274282,-1.4751105777977915,-6.764444672975213,1.0293970301910287,0.7193035607473783,441
1789477386.9733744,1789477386.972868,-24.643801562805034,-10.292956606718974,1.966122041274282,-1.4751105777977915,-6.764444672975213,1.0293970301910287,0.7193035607473783,441
1789477386.983503,1789477386.982856,-24.67143685941679,-10.429447946840652,1.9868856368233325,-1.2704892765583828,-6.805943282706145,1.0319989537950311,0.7544886952774088,441
1789477386.9935956,1789477386.9928567,-24.68351605511038,-10.497032461333205,1.9970953049496634,-1.1653815959757823,-6.82521642738421,1.0264572341203897,0.7735684567345178,441
1789477387.0036654,1789477387.0028555,-24.69460626303758,-10.565224136902307,2.007289813051393,-1.0572849723903195,-6.843577052666161,1.0162479323588618,0.7938462495790595,441
1789477387.0138066,1789477387.0128567,-24.704645073712857,-10.633862915365516,2.0173985133872208,-0.9467895945135895,-6.860768128402329,1.0012896928936184,0.8152401667870768,441
1789477387.0235624,1789477387.022855,-24.713458216498406,-10.701750904976244,2.027203351571781,-0.8365058644135148,-6.8757370491353385,0.9820363353884215,0.8373193348788637,441
1789477387.0338116,1789477387.0328565,-24.72131387336044,-10.770959599737617,2.036968290525729,-0.7260986163661183,-6.883444784805499,0.9591519084173742,0.8607386923060658,441
1789477387.0434854,1789477387.0428708,-24.7281289320427,-10.84068495890118,2.0465613772047146,-0.6202827343326538,-6.877046730569226,0.9342410457656318,0.8852717173675821,441
1789477387.053584,1789477387.0528388,-24.73375687291331,-10.908250714749231,2.055631283760146,-0.5249996275499698,-6.852950647189349,0.9091900451204415,0.9099776480062216,441
1789477387.063597,1789477387.0628562,-24.738634123591314,-10.977737764975272,2.0647454378700374,-0.43565592441866524,-6.806839409702438,0.8829237121900767,0.9363898324189055,441
1789477387.0733159,1789477387.072877,-24.742564968628795,-11.044983991300318,2.073380720844146,-0.3580054781848636,-6.739894088758074,0.8570825536435168,0.9629647979375551,441
1789477387.083274,1789477387.082855,-24.745776869180553,-11.111575157082571,2.081772767623474,-0.2895845303434012,-6.651107890498694,0.8308721176752809,0.9903036703449231,441
1789477387.093331,1789477387.0929167,-24.748375855201637,-11.177834058253916,2.089981858447402,-0.22940388827514874,-6.540335776575953,0.8037494005065277,1.0185466239796788,441
1789477387.1033359,1789477387.1029167,-24.750398165503526,-11.242398040982865,2.0978549592507756,-0.1775810666781882,-6.411147472219737,0.7757315938787208,1.0470843743552414,441
1789477387.1132991,1789477387.1128297,-24.751933057879672,-11.305347402889497,2.10541250139424,-0.13256780956656156,-6.26562432008071,0.7462066787642777,1.0758819730957025,441
1789477387.1233718,1789477387.1229088,-24.75305316356281,-11.367112297986289,2.1127056073088957,-0.09257093830021426,-6.1049649892744835,0.7143394351606797,1.105066894542769,441
1789477387.1333423,1789477387.1328588,-24.75380090466698,-11.427918754357476,2.119748233239174,-0.055977533210873835,-5.930632377434115,0.6793193923855645,1.1346811128140009,441
1789477387.1432781,1789477387.1428654,-24.75419061728474,-11.486464418255904,2.1263704111759276,-0.022052439668864277,-5.748892277866751,0.6413305171760421,1.163993594908637,441
1789477387.1536028,1789477387.1528354,-24.754247257653212,-11.542672435910633,2.1325417222762684,0.010595446874477735,-5.562915705571544,0.6001035613573493,1.1928364709885244,441
1789477387.1636686,1789477387.162875,-24.753973749638746,-11.597694625147087,2.138354817003419,0.04389041882402653,-5.371330952334608,0.554469481879746,1.2216893931497452,441
1789477387.1734436,1789477387.1728504,-24.753362048639037,-11.650618318922819,2.1436724370208524,0.07834078395589328,-5.179499801874659,0.504976060587077,1.2499651754851446,441
1789477387.1835146,1789477387.1828563,-24.752391046997936,-11.701794466091046,2.1484892164046347,0.11496736118044071,-4.988218315150164,0.45134269785214104,1.2777344971672226,441
1789477387.1934717,1789477387.192847,-24.75107676749823,-11.749867571893144,2.152649064487821,0.15317491624428686,-4.80440552416768,0.39541178642587443,1.304140046954735,441
1789477387.2035391,1789477387.2028644,-24.749348396807477,-11.796770264288565,2.1562884184375126,0.19462437347196315,-4.6220495655109755,0.3354576203184171,1.3301359076467971,441
1789477387.2138112,1789477387.2128603,-24.747162393267043,-11.842469100836059,2.159353003476067,0.23935431065278334,-4.442077761669854,0.27191900839709193,1.3556178947536286,441
1789477387.2237494,1789477387.2228267,-24.744507469291943,-11.88645925633433,2.1617696125207546,0.2865582864106164,-4.2669234511024445,0.20618933731532563,1.3802218601717544,441
1789477387.2336075,1789477387.2328272,-24.74144618390491,-11.927726212922506,2.163481917760702,0.3343326455527573,-4.10074394453079,0.14087121965258576,1.4033066650897852,441
1789477387.2435458,1789477387.242862,-24.737692681717895,-11.969588172133117,2.1645896136938014,0.3856971855925724,-3.929687766516194,0.07167041822527342,1.4266653395139182,441
1789477387.2537453,1789477387.2528312,-24.733759905589654,-12.006603098855587,2.1649751212470965,0.4327696329511137,-3.775372373599894,0.008806740844026884,1.4472194512406125,441
1789477387.263704,1789477387.2628744,-24.729217215677718,-12.043380673347041,2.1647468883298493,0.48002539203568473,-3.6177842525789004,-0.05424384322247522,1.4675045258689021,441
1789477387.2736187,1789477387.2728372,-24.729217215677718,-12.043380673347041,2.1647468883298493,0.48002539203568473,-3.6177842525789004,-0.05424384322247522,1.4675045258689021,441
1789477387.2836647,1789477387.2828639,-24.71869480175195,-12.112839115798673,2.162461426330423,0.5653097570300112,-3.3010545326196077,-0.1704491719728842,1.5053025047455835,441
1789477387.2936945,1789477387.2928624,-24.712860185658347,-12.145066730231985,2.1605002619285303,0.6000089993542871,-3.1409588891377345,-0.2205894035446279,1.5225588954578035,441
1789477387.3034503,1789477387.3028607,-24.706740956971032,-12.175539527117616,2.158081477485589,0.6277034733197188,-2.978361413873443,-0.2640360450153807,1.5386858542817308,441
1789477387.3134751,1789477387.3128533,-24.70036156999368,-12.204471800210692,2.1552549570335318,0.6475646476995273,-2.8109018686759506,-0.30034342466520036,1.553813057836905,441
1789477387.3234649,1789477387.3228538,-24.69381334377818,-12.231760650962318,2.1520979590290414,0.6586524458676156,-2.6380680181947507,-0.3287714841991982,1.5679058704953528,441
1789477387.3335357,1789477387.3328514,-24.687211969541483,-12.257250219154347,2.1487038566465255,0.6603444262531901,-2.4601673017370653,-0.3487984360032773,1.5809076692752169,441
1789477387.3435893,1789477387.3428626,-24.680608668913464,-12.281050209877328,2.1451337926954386,0.6523252813639544,-2.276051614845185,-0.3603389200321721,1.592899522250034,441
1789477387.353652,1789477387.3528578,-24.674240809048417,-12.302626844872316,2.1415514859123994,0.6349759122990649,-2.0903209216544814,-0.36335547299730303,1.6036411916299782,441
1789477387.3636408,1789477387.362851,-24.66798108535923,-12.322687273102483,2.1379152340632133,0.6080404948074075,-1.897467572791144,-0.3582506302670854,1.613510829435496,441
1789477387.3734813,1789477387.3728585,-24.66208015240116,-12.340664847557138,2.134395868299546,0.5727435350194543,-1.7037269580617933,-0.34557826640931255,1.6222532039723947,441
1789477387.3835661,1789477387.3828566,-24.656548094047597,-12.35676696171928,2.131024099714466,0.5297115047716803,-1.5086699439810662,-0.3260097098610107,1.6299943878432157,441
1789477387.3935547,1789477387.39285,-24.651450651317603,-12.37100132503829,2.1278602709043146,0.4800395992534906,-1.314138320961848,-0.3004023758552097,1.63676021887224,441
1789477387.4035943,1789477387.402849,-24.646945545627936,-12.383119780585567,2.1250213042415074,0.4263917830912882,-1.1267543724316205,-0.27054405428049855,1.6424558434250085,441
1789477387.4136794,1789477387.4128513,-24.642986095591088,-12.393417785675727,2.1224941880722525,0.36968490860638537,-0.9460215918435946,-0.23733553117670708,1.6472421736309997,441
1789477387.4234924,1789477387.422862,-24.63958846834873,-12.40198771859941,2.120301950926944,0.31162106096515524,-0.77440423480013,-0.20208146023703452,1.651180932822394,441
1789477387.4336905,1789477387.4328969,-24.636774823322877,-12.408889271275406,2.1184695381150735,0.2544362303907974,-0.615680416011341,-0.16642436214057432,1.65431733105327,441
1789477387.443331,1789477387.4428716,-24.37261876645092,-13.205841371706095,1.9666204697565968,1.1316026814164764,-3.3963640888549023,-0.9295518299971948,2.1385007658892397,441
1789477387.4534216,1789477387.4528537,-24.36149902044373,-13.239014561827215,1.957378874202194,1.081021901926312,-3.205594020490064,-0.9089403423616581,2.161545538524874,441
1789477387.4636078,1789477387.4628928,-24.351020049373403,-13.269914217664706,1.9484705202761072,1.0288285453728603,-3.0167834368807935,-0.884276602889604,2.18313021170772,441
1789477387.4735975,1789477387.4728615,-24.341063931251767,-13.298954279328438,1.939822829277703,0.9747846415546799,-2.8282895697383603,-0.8556232379467392,2.20351921560422,441
1789477387.483625,1789477387.4828498,-24.331576319244615,-13.326344654094347,1.93141019127112,0.9188237181267037,-2.6393493395561562,-0.8230333506355834,2.22284029022741,441
1789477387.493354,1789477387.4928703,-24.322612851935514,-13.351971011216683,1.9233025378496964,0.8614965303377418,-2.4513474078966553,-0.7869089495268802,2.2409950607188867,441
1789477387.5033388,1789477387.502896,-24.314330667492566,-13.375434262792128,1.9156672649543032,0.8041937757865727,-2.2682315184923203,-0.7482987817270851,2.2576823062046403,441
1789477387.513243,1789477387.5128255,-24.306527035150395,-13.397352501175268,1.9083405931445094,0.7458733413023528,-2.0861442709951987,-0.7066518548235373,2.273325612020691,441
1789477387.5232332,1789477387.5228326,-24.299325879714466,-13.417414526233333,1.9014591965129957,0.6877765901396733,-1.9085291582649333,-0.66297699771101,2.287689500783661,441
1789477387.5333123,1789477387.532852,-24.292809715306422,-13.435430691289952,1.8951266732853644,0.6310984306783853,-1.7384802023814767,-0.6183925877208176,2.3006245898096163,441
1789477387.5433016,1789477387.5428572,-24.28672297583115,-13.452139106156743,1.8891145296023362,0.5740169618341823,-1.5701215040593506,-0.5716173982723922,2.3126502442429997,441
1789477387.5533025,1789477387.552852,-24.281317388094035,-13.466877418077297,1.8836907214649485,0.5193446067448881,-1.411351848185187,-0.5251232306374404,2.3232806518230635,441
1789477387.5633295,1789477387.5628514,-24.281317388094035,-13.466877418077297,1.8836907214649485,0.5193446067448881,-1.411351848185187,-0.5251232306374404,2.3232806518230635,441
1789477387.5732307,1789477387.5728195,-24.272011860952926,-13.492016676656755,1.8741463643921759,0.413988345169261,-1.1115525970740476,-0.4310205631455979,2.341459273078894,441
1789477387.5832705,1789477387.5828595,-24.26809940226602,-13.502492718128288,1.8700447178018582,0.364103228325778,-0.972183221395583,-0.384433380435137,2.3490505493679077,441
1789477387.593471,1789477387.592823,-24.264719738205244,-13.511493635665865,1.866452784771172,0.31739815681969713,-0.8430946293541667,-0.33963520015934456,2.355579550171912,441
1789477387.603437,1789477387.60287,-24.261771741408936,-13.519305335135064,1.8632779821863483,0.27315079734454983,-0.7219941645576153,-0.2961279668385379,2.3612503427619105,441
1789477387.6132772,1789477387.612847,-24.25925023882868,-13.525954972011167,1.8605273866381073,0.23191280664462144,-0.6101463023885378,-0.25462329506033665,2.3660802776412417,441
1789477387.6231425,1789477387.6228573,-24.257104114708003,-13.53158900685866,1.8581567916011719,0.19351178703454758,-0.5068591687838102,-0.2151138763199949,2.370174034872435,441
1789477387.6332579,1789477387.6328468,-24.25533399524043,-13.53621597517051,1.8561775541211973,0.15869272765746145,-0.4139252297095408,-0.1785367074468196,2.3735366702270735,441
1789477387.6433687,1789477387.642888,-24.253911183426982,-13.539920118965382,1.8545678623547652,0.12778218668439933,-0.3320019378000898,-0.14542586291139536,2.376228709350607,441
1789477387.6533833,1789477387.6528656,-24.252760404121116,-13.542904632372247,1.853250972555468,0.09998360990268229,-0.2588035506776305,-0.11509208676889982,2.378397492756357,441
1789477387.6632936,1789477387.6628585,-24.252760404121116,-13.542904632372247,1.853250972555468,0.09998360990268229,-0.2588035506776305,-0.11509208676889982,2.378397492756357,441
1789477387.6732519,1789477387.6728537,-24.25123284858039,-13.546846346281772,1.8514752751841712,0.056316307986147285,-0.14479231171779006,-0.06622742653368663,2.3812607662580243,441
1789477387.683224,1789477387.6828415,-24.25074980252932,-13.54808641627204,1.8509043886989134,0.03937853728334839,-0.100924088146773,-0.04679766314524958,2.382161010845011,441
1789477387.6932247,1789477387.6928413,-24.250426825422473,-13.548913041855894,1.850518758142915,0.026186205998741663,-0.06691713648654751,-0.03143244362026776,2.382760823441231,441
1789477387.703213,1789477387.7028408,-24.250217077474062,-13.549448343333307,1.8502658388943176,0.016001195919374656,-0.04077570852802115,-0.019397318262561747,2.383149046160881,441
1789477387.7132602,1789477387.712849,-24.250095795068102,-13.549757038265724,1.8501181800484432,0.00878686882917612,-0.02233298899369629,-0.010753633163254506,2.3833728031496157,441
1789477387.7234638,1789477387.722875,-24.250033599663404,-13.549914943516871,1.8500417522534072,0.004060850345141587,-0.010295685890872264,-0.005016153642587007,2.3834871979463177,441
1789477387.7335017,1789477387.7328758,-24.250008075064468,-13.549979594724698,1.8500101051160551,0.0014128329531306605,-0.003573772836996447,-0.0017608782653990573,2.3835340095099378,441
1789477387.7434082,1789477387.7428172,-24.250000773041734,-13.549998049968416,1.850000974230031,0.00024647973738600726,-0.0006220857776666477,-0.00030995156400592805,2.3835473654468347,441
1789477387.7535362,1789477387.752854,-24.250000001171408,-13.549999997049957,1.8500000014864633,1.9183122401678077e-06,-4.831508429781195e-06,-2.4332367738466587e-06,2.38354877388607,441
1789477387.7633986,1789477387.7628388,-24.250000000000004,-13.549999999999999,1.8500000000000012,3.9968028886505635e-15,1.7763568394002505e-15,8.881784197001252e-15,2.3835487760191576,441
1789477387.77354,1789477387.7728696,-24.250000000000004,-13.549999999999999,1.8500000000000012,3.9968028886505635e-15,1.7763568394002505e-15,8.881784197001252e-15,2.3835487760191576,441
1789477387.7833066,1789477387.7828467,-24.250000000000004,-13.549999999999999,1.8500000000000012,3.9968028886505635e-15,1.7763568394002505e-15,8.881784197001252e-15,2.3835487760191576,441
1789477387.7932673,1789477387.792853,-24.250000000000004,-13.549999999999999,1.8500000000000012,3.9968028886505635e-15,1.7763568394002505e-15,8.881784197001252e-15,2.3835487760191576,441
1789477387.8032544,1789477387.802848,-24.250000000000004,-13.549999999999999,1.8500000000000012,3.9968028886505635e-15,1.7763568394002505e-15,8.881784197001252e-15,2.3835487760191576,441
1789477387.8133488,1789477387.8128517,-24.250000000000004,-13.549999999999999,1.8500000000000012,3.9968028886505635e-15,1.7763568394002505e-15,8.881784197001252e-15,2.3835487760191576,441
1789477387.823365,1789477387.822916,-24.250000000000004,-13.549999999999999,1.8500000000000012,3.9968028886505635e-15,1.7763568394002505e-15,8.881784197001252e-15,2.3835487760191576,441
1789477387.8332884,1789477387.8328507,-24.250000000000004,-13.549999999999999,1.8500000000000012,3.9968028886505635e-15,1.7763568394002505e-15,8.881784197001252e-15,2.3835487760191576,441
1789477387.843301,1789477387.8428478,-24.250000000000004,-13.549999999999999,1.8500000000000012,3.9968028886505635e-15,1.7763568394002505e-15,8.881784197001252e-15,2.3835487760191576,441
1789477387.8533049,1789477387.8528478,-24.250000000000004,-13.549999999999999,1.8500000000000012,3.9968028886505635e-15,1.7763568394002505e-15,8.881784197001252e-15,2.3835487760191576,441
1789477387.8634582,1789477387.8628464,-24.250000000000004,-13.549999999999999,1.8500000000000012,3.9968028886505635e-15,1.7763568394002505e-15,8.881784197001252e-15,2.3835487760191576,441
1789477387.873316,1789477387.872846,-24.250000000000004,-13.549999999999999,1.8500000000000012,3.9968028886505635e-15,1.7763568394002505e-15,8.881784197001252e-15,2.3835487760191576,441
1789477387.8834736,1789477387.8829048,-24.250000000000004,-13.549999999999999,1.8500000000000012,3.9968028886505635e-15,1.7763568394002505e-15,8.881784197001252e-15,2.3835487760191576,441
1789477387.8935874,1789477387.8928769,-24.250000000000004,-13.549999999999999,1.8500000000000012,3.9968028886505635e-15,1.7763568394002505e-15,8.881784197001252e-15,2.3835487760191576,441
1789477387.9034598,1789477387.9028804,-24.276069723718436,-13.534398216001057,1.8754784322575608,-0.030701108547631948,-0.2665989798634737,0.013896600597447531,2.3811418516881737,441
1789477387.9135094,1789477387.9128678,-24.276406223919494,-13.53731393668917,1.8756311007534252,-0.03728055491945522,-0.32237305379767695,0.016951002829077324,2.3838999192216495,441
1789477387.9237258,1789477387.9228563,-24.2768129563754,-13.540823430515102,1.875816472178409,-0.04460632703409468,-0.38410212909168984,0.020374866451054997,2.387220780111183,441
1789477387.93382,1789477387.9328685,-24.277302403948635,-13.545028866350409,1.8760405745863382,-0.05275758499267169,-0.4523730654348693,0.02421103632408616,2.39120161603065,441
1789477387.9438858,1789477387.942876,-24.2778714549094,-13.549897806720473,1.8763023446982035,-0.06155342865440082,-0.5255992822638915,0.02837998901218783,2.395812287233711,441
1789477387.9538078,1789477387.9528348,-24.27853784437662,-13.555575890332712,1.876610342198231,-0.07114536960963785,-0.6049740824170645,0.032959283494674974,2.4011913643224743,441
1789477387.963652,1789477387.9628704,-24.27929286005199,-13.561982656949807,1.8769609655454265,-0.08129662608593874,-0.6884771443123628,0.03784148275559546,2.407263352297762,441
1789477387.9738183,1789477387.972888,-24.27929286005199,-13.561982656949807,1.8769609655454265,-0.08129662608593874,-0.6884771443123628,0.03784148275559546,2.407263352297762,441
1789477387.9838383,1789477387.9828713,-24.28115212403386,-13.57766122065531,1.877830822186992,-0.10393352584814766,-0.873019223755644,0.04885527855564617,2.4221331887849855,441
1789477387.993929,1789477387.9929025,-24.28223400684123,-13.586730600404513,1.8783406380180587,-0.11594826350934079,-0.970118577786587,0.05476952721971389,2.4307410336057487,441
1789477388.0038788,1789477388.0028403,-24.283461927386153,-13.596983688653278,1.8789221448531863,-0.1287944413810712,-1.0733438387541219,0.06114436237374566,2.440477496026248,441
1789477388.0137496,1789477388.0128965,-24.284819202710864,-13.608272503529951,1.8795681656944643,-0.1421836327360949,-1.1803214506485724,0.06784445042145588,2.4512034995757768,441
1789477388.023291,1789477388.0228548,-24.286325388011257,-13.62075138217491,1.8802887469941012,-0.15620940481957876,-1.2917586249483506,0.07492378453450575,2.463067210758598,441
1789477388.033244,1789477388.032847,-24.287947105429822,-13.634136609885745,1.8810686134548893,-0.1704845886390377,-1.4045600267134326,0.08219273102933411,2.4758003728315368,441
1789477388.0435185,1789477388.0428548,-24.28974123901642,-13.648889953457042,1.8819359061100445,-0.1854275435963027,-1.522012596546187,0.08987088533612039,2.489843941488439,441
1789477388.0537288,1789477388.0528474,-24.291623453110585,-13.664311853516107,1.8828505476027955,-0.20027919805624905,-1.6381534444324894,0.09757290165871413,2.5045335240715705,441
1789477388.0636134,1789477388.0628443,-24.293716605192134,-13.68140177441967,1.8838730848345024,-0.21593676239639645,-1.7599970521900883,0.10577037022840012,2.5208229649316367,441
1789477388.0734963,1789477388.0728538,-24.293716605192134,-13.68140177441967,1.8838730848345024,-0.21593676239639645,-1.7599970521900883,0.10577037022840012,2.5208229649316367,441
1789477388.0834694,1789477388.0828671,-24.298363578783192,-13.71914551356159,1.8861620105649708,-0.24800469220942017,-2.0077983501734162,0.1228146619978818,2.556837893260564,441
1789477388.0936506,1789477388.092844,-24.30092541874304,-13.739852013465784,1.8874342254641594,-0.264345399197436,-2.1332601311288033,0.1316365183859024,2.576617701105235,441
1789477388.1033397,1789477388.1028473,-24.303659010793183,-13.761877481330588,1.8887993546295478,-0.2808877722880159,-2.2597792779201313,0.1406653869102889,2.5976735629019334,441
1789477388.1132567,1789477388.1128457,-24.306569207876226,-13.785255170080378,1.8902609622454623,-0.29759370420172093,-2.3871015213865463,0.1498876978706582,2.6200396406581428,441
1789477388.1232545,1789477388.122864,-24.309617845823084,-13.809674624018603,1.8918009048895534,-0.3141958859007969,-2.5132442154721915,0.1591610791461367,2.6434209832952575,441
1789477388.133801,1789477388.1328263,-24.312814419997853,-13.835209731444111,1.8934249025093266,-0.33071273587975003,-2.638415072094402,0.16849930969928475,2.667890129809262,441
1789477388.143676,1789477388.142846,-24.316197469829746,-13.862165409612743,1.8951536963414137,-0.34729206691648906,-2.7638024948765767,0.17799194447162953,2.693741481134632,441
1789477388.153693,1789477388.152847,-24.319724273767612,-13.890199306355058,1.8969666299740993,-0.36367687728018794,-2.8875401961581018,0.1874975241974225,2.720648858869878,441
1789477388.1636107,1789477388.1628494,-24.32347084007981,-13.91991378560375,1.8989041403594675,-0.38016287964591733,-3.011947973073192,0.19719488589636053,2.749192846430569,441
1789477388.1736708,1789477388.1728566,-24.32347084007981,-13.91991378560375,1.8989041403594675,-0.38016287964591733,-3.011947973073192,0.19719488589636053,2.749192846430569,441
1789477388.1839132,1789477388.182862,-24.331392848841837,-13.982557265208376,1.9030390289043333,-0.41223221139503,-3.254069379872328,0.21647974188964014,2.809444139684751,441
1789477388.1936462,1789477388.192847,-24.335585072972318,-14.01562407775919,1.905247472680878,-0.42782271331234123,-3.3720586854307824,0.22607864760002874,2.8412873494245634,441
1789477388.2036161,1789477388.2028534,-24.340014704133846,-14.0505146192473,1.907595875756447,-0.44335532037937475,-3.4899758062911816,0.23580556615900994,2.860354024426937,144
1789477388.2137094,1789477388.212807,-24.344487068863447,-14.08570127492795,1.9099822087099205,-0.4581226268815759,-3.6025792908159655,0.24522024060730743,2.856575520045267,144
1789477388.2233236,1789477388.2228658,-24.34911118929723,-14.122049863132686,1.9124654237920842,-0.47248548999630446,-3.7127410013192397,0.2545505689401349,2.853046445231268,144
1789477388.2332697,1789477388.2328537,-24.353953100189973,-14.160087019280063,1.915082720922466,-0.4865974150382926,-3.821803932201162,0.2639045493023697,2.8497633381773135,144
1789477388.243273,1789477388.2428539,-24.35884997622688,-14.198543416372432,1.9177473673152323,-0.49995956145347864,-3.9260632153804034,0.27295434027054255,2.846872926914854,144
1789477388.25351,1789477388.2528496,-24.363889891785185,-14.238122269422837,1.9205082171874344,-0.5128080260497181,-4.02749512958408,0.2818581985922099,2.844351156745072,144
1789477388.2635984,1789477388.2628374,-24.369139060185873,-14.27935674249934,1.9234033753224353,-0.5252648643332466,-4.127263144701321,0.2907089792293123,2.842215417129225,144
1789477388.2732506,1789477388.272834,-24.374441090044606,-14.32103308584333,1.9263479765095024,-0.5369352964247345,-4.222379325728054,0.2992290534571771,2.840569151721977,144
1789477388.2831736,1789477388.282835,-24.379917395368178,-14.36412220738763,1.9294107045825888,-0.5480713370056722,-4.315064835084348,0.3076030729528692,2.8394112874761044,144
1789477388.293271,1789477388.2928393,-24.385314905687775,-14.406648752242564,1.9324505524234397,-0.5581733297772815,-4.401257123195356,0.3154474867368812,2.83881338560535,144
1789477388.3031337,1789477388.3028407,-24.39106017646502,-14.451994400486694,1.9357093691711482,-0.5680116497488774,-4.4877398685533,0.3233651061407657,2.8387744413604707,144
1789477388.3132193,1789477388.3128335,-24.396722287308027,-14.496780446094876,1.9389443707967435,-0.5768197304689363,-4.567993464565083,0.33074432661433795,2.839344414467405,144
1789477388.3232427,1789477388.3228369,-24.402520729999473,-14.542762386921826,1.9422813643089332,-0.5849590773988977,-4.645372321064374,0.3378762197079031,2.8281090450708746,145
1789477388.3331907,1789477388.3328366,-24.408491772641014,-14.590256926335439,1.9457432847666554,-0.5924403157861379,-4.720272861026328,0.3447809147137364,2.816169996159409,145
1789477388.3433163,1789477388.342844,-24.414464742596095,-14.637933475275927,1.9492324521309334,-0.5990385674487158,-4.790624716227681,0.35125027036013956,2.8048408402524037,145
1789477388.3533006,1789477388.3528485,-24.42042471074954,-14.685693673418973,1.9527402493616182,-0.6047655069187984,-4.8565205571843455,0.3572764005323104,2.7941593366607282,145
1789477388.3632734,1789477388.3628542,-24.426523809128373,-14.734785437611684,1.9563572672310017,-0.6097638230544625,-4.919746464998372,0.3630052587872215,2.783885396180044,145
1789477388.373247,1789477388.3728259,-24.426523809128373,-14.734785437611684,1.9563572672310017,-0.6097638230544625,-4.919746464998372,0.3630052587872215,2.783885396180044,145
1789477388.3831465,1789477388.382829,-24.438851203314087,-14.83477752390175,1.9637533746111924,-0.6172899856120454,-5.035439408629473,0.37324899783006205,2.765207229885138,145
1789477388.3933508,1789477388.3928363,-24.44495283525278,-14.884702756723396,1.9674570717613455,-0.6197773574630665,-5.087114673190736,0.37766347998187094,2.7570276930620543,145
1789477388.403252,1789477388.40284,-24.451202661224176,-14.936175641681848,1.9712806014593163,-0.621497857494522,-5.136456892024055,0.3817363591262828,2.749405494249206,145
1789477388.413439,1789477388.412834,-24.4573043701253,-14.986785394057787,1.9750430353403154,-0.6223840541233062,-5.1812906403999195,0.38527398330197654,2.742721750279797,145
1789477388.4233382,1789477388.4228115,-24.463632561289263,-15.03967903572537,1.9789763206535143,-0.6224881750571785,-5.224464163578243,0.38848313156555053,2.7366033794811973,145
1789477388.43332,1789477388.4328325,-24.469841569490097,-15.092012258642697,1.982866803497924,-0.6217953017083491,-5.263682315699824,0.3911736565628708,2.7314293370919214,145
1789477388.4432802,1789477388.44285,-24.476066113763597,-15.144946533042019,1.986798531464454,-0.6203202809938574,-5.30001268027124,0.3934108860516859,2.7270927215080047,145
1789477388.4533904,1789477388.4528105,-24.48218523031381,-15.197481058050183,1.9906948307944294,-0.618116907874709,-5.332938823925554,0.39515559059006095,2.723686750317552,145
1789477388.4635227,1789477388.462837,-24.488420941755834,-15.251564981957321,1.9946975861571394,-0.615110326608702,-5.363768559074691,0.3964626224967978,2.7211204132263123,145
1789477388.4733026,1789477388.472802,-24.488420941755834,-15.251564981957321,1.9946975861571394,-0.615110326608702,-5.363768559074691,0.3964626224967978,2.7211204132263123,145
1789477388.4833663,1789477388.4828253,-24.50063606904472,-15.359291076140622,2.002634485703611,-0.6070152190794568,-5.4166313679160325,0.39761013370963016,2.7188691487136047,145
1789477388.493471,1789477388.492855,-24.506753413646127,-15.414223762373602,2.006657828828147,-0.6018712218157759,-5.439565254705953,0.3974603096606591,2.7191948427060417,145
1789477388.5034726,1789477388.5028439,-24.512742249245722,-15.468707127663118,2.010628534182649,-0.5961332968593664,-5.459855380798892,0.3968286724811649,2.72050446339352,145
1789477388.5135107,1789477388.5128517,-24.518647932596586,-15.523171843924711,2.014575333118898,-0.5897951751701832,-5.477856812368562,0.3957217854465222,2.7158161108057275,146
1789477388.5234332,1789477388.5228257,-24.52449668727842,-15.577891824505453,2.0185149406873313,-0.58285162465235,-5.493803512145488,0.3941362463511034,2.7025894784955327,146
1789477388.5334437,1789477388.5328515,-24.530269897778982,-15.632728177866925,2.0224340227030475,-0.5753446275602172,-5.507787440031385,0.39207646118877015,2.690292317211834,146
1789477388.5434897,1789477388.5428433,-24.536006678510837,-15.688094823938792,2.0263584462194655,-0.5672379635870803,-5.520031173623318,0.3895237495167153,2.6788621870367826,146
1789477388.5535753,1789477388.5528502,-24.541631731018846,-15.743301419958643,2.0302356743752403,-0.5586568930506718,-5.530511389781589,0.3865103353810694,2.6684641557310207,146
1789477388.563568,1789477388.5628498,-24.54718576584168,-15.798777799984224,2.0340924119510335,-0.5495619005610132,-5.539449448543573,0.38301643826539206,2.659032190040807,146
1789477388.5734327,1789477388.5728443,-24.54718576584168,-15.798777799984224,2.0340924119510335,-0.5495619005610132,-5.539449448543573,0.38301643826539206,2.659032190040807,146
1789477388.583339,1789477388.582844,-24.557972895573627,-15.90958606184128,2.041663656219444,-0.5300884926705409,-5.553078171347246,0.37465974787612705,2.6432875953341886,146
1789477388.5932736,1789477388.5928426,-24.563219413483324,-15.965112162078892,2.045384244234465,-0.5197264264143933,-5.558058625093426,0.3697909371403734,2.63696860140565,146
1789477388.6032555,1789477388.6028314,-24.568383745305827,-16.020937248291983,2.0490705857549782,-0.5089338919346906,-5.561994811912343,0.36444345469858747,2.631684078923811,146
1789477388.613244,1789477388.612833,-24.573402160604985,-16.076397633014874,2.0526752197111104,-0.49786127267512226,-5.564965274922079,0.35868595716396523,2.6275021635188502,146
1789477388.623494,1789477388.622839,-24.57832799397094,-16.13210644502983,2.0562343696424747,-0.4864067540203425,-5.567125073306009,0.35246029827190384,2.624379417384022,146
1789477388.6335268,1789477388.632831,-24.58315839095236,-16.18807751114955,2.059744164793235,-0.4745804348338225,-5.568578931250557,0.34576278144724415,2.6223350365690448,146
1789477388.643523,1789477388.642836,-24.587814210415956,-16.243408076227382,2.063144766316975,-0.46259128029196794,-5.56941937921461,0.3387095945075823,2.6213948901645674,146
1789477388.653389,1789477388.652844,-24.59238212148936,-16.299148164689452,2.0664971717734213,-0.45022637204930965,-5.56977022627463,0.331173121751558,2.6215372229695193,146
1789477388.6633546,1789477388.6628308,-24.596827911982686,-16.35492819864404,2.069774235486406,-0.4375745566899083,-5.569722194118862,0.32320147637179286,2.622776047392357,146
1789477388.673315,1789477388.6728618,-24.596827911982686,-16.35492819864404,2.069774235486406,-0.4375745566899083,-5.569722194118862,0.32320147637179286,2.622776047392357,146
1789477388.683253,1789477388.6828508,-24.60530555789421,-16.46611294361615,2.0760580570249085,-0.41155499532877876,-5.568801525698916,0.3060419137887648,2.6285188329368854,146
1789477388.6932325,1789477388.692829,-24.609362266474953,-16.52191029934328,2.0790787173010474,-0.39810322929234354,-5.568094336657541,0.2967991654010007,2.6262577250535775,147
1789477388.7032075,1789477388.702829,-24.613230721806563,-16.576944936201695,2.0819657099117066,-0.38457847046507787,-5.567336299036332,0.2872732320051105,2.6147276742273076,147
1789477388.7132962,1789477388.712838,-24.617049857640307,-16.633258092296863,2.084820597367628,-0.37047308625377773,-5.566567548473464,0.2771078618679829,2.6040086197782504,147
1789477388.7233763,1789477388.7227974,-24.620645688800863,-16.688325677617268,2.0875112227918176,-0.3564143434792938,-5.565883150803661,0.2667610918017425,2.594594609551152,147
1789477388.7333663,1789477388.7328324,-24.62415517274738,-16.74426676171328,2.0901379714050594,-0.34185671799941725,-5.565310737104061,0.25584173225655393,2.586124582616293,147
1789477388.7432277,1789477388.7428296,-24.627512616566367,-16.800129944394403,2.0926497089584393,-0.3270323484775589,-5.564910197159901,0.24452968398927322,2.578777160666247,147
1789477388.753382,1789477388.7528036,-24.63071188479618,-16.85584950231395,2.09503998091339,-0.31194867732839404,-5.564721037213746,0.23284372639120707,2.5725646602008467,147
1789477388.7633827,1789477388.7628279,-24.633745074354103,-16.911314947728258,2.097301188353309,-0.29662523573604693,-5.564773467449707,0.22081452774058594,2.5674966918172704,147
1789477388.7733264,1789477388.772817,-24.633745074354103,-16.911314947728258,2.097301188353309,-0.29662523573604693,-5.564773467449707,0.22081452774058594,2.5674966918172704,147
1789477388.783256,1789477388.7828312,-24.639373374404453,-17.02284718926401,2.101474966359814,-0.2648169134379603,-5.565696524406804,0.19544215546615448,2.5607092021381472,147
1789477388.793222,1789477388.7928295,-24.64191398619137,-17.077929681297913,2.1033445329386824,-0.24858252460271318,-5.56658059882472,0.1823360146148914,2.559047373155535,147
1789477388.8032305,1789477388.8028312,-24.644322561346502,-17.133753775292067,2.1051047007718555,-0.23174983192136434,-5.56776950510647,0.1686710818474805,2.558510751799269,147
1789477388.8132083,1789477388.8128269,-24.646573365810724,-17.189929838331327,2.1067353175351147,-0.2144046632842494,-5.569256686506883,0.15453656507854863,2.5591411618829056,147
1789477388.8232126,1789477388.8228343,-24.64862685112535,-17.245551178451603,2.108207043032409,-0.19680845299864477,-5.571001836220293,0.1401683307480669,2.560925197578567,147
1789477388.8332398,1789477388.8328316,-24.650487147401464,-17.300715536803626,2.1095227276892268,-0.17892138827355394,-5.57297853825639,0.12555747204435816,2.5638364437433343,147
1789477388.843271,1789477388.8428407,-24.652192535125646,-17.35674994055253,2.1107088131099747,-0.16028781214321985,-5.575206927996161,0.11035552304744711,2.56795870490809,147
1789477388.8535128,1789477388.852845,-24.653707422621395,-17.412779785233642,2.111739777591223,-0.14116779701988322,-5.577619214595553,0.094799394292374,2.573254501858501,147
1789477388.8635392,1789477388.862854,-24.65501828762556,-17.468406216011047,2.1126065945661705,-0.12168404451882128,-5.580150985257696,0.07901259317206884,2.5796720513863476,147
1789477388.8733447,1789477388.872833,-24.65501828762556,-17.468406216011047,2.1126065945661705,-0.12168404451882128,-5.580150985257696,0.07901259317206884,2.5796720513863476,147
1789477388.8833258,1789477388.8828366,-24.65704967704224,-17.580124304451644,2.113862794328447,-0.08097742124667846,-5.585430151622401,0.04631656972319645,2.5960414486041614,147
1789477388.8934994,1789477388.8928516,-24.657752811398165,-17.635875761851448,2.114241493289116,-0.05984814878000688,-5.588035936573689,0.029528928132236086,2.6059406386872324,147
1789477388.9033043,1789477388.9028409,-24.658243350979618,-17.691811336477492,2.1144514890227986,-0.038089317006119894,-5.590535648984939,0.012388557089376882,2.6170231219160613,147
1789477388.913285,1789477388.9128273,-24.658512550928698,-17.747523008404407,2.114488707159572,-0.01585336872154214,-5.592831990403657,-0.004964057720309698,2.6292002168906303,147
1789477388.9232116,1789477388.922871,-24.658556710899262,-17.803756470635534,2.1143496470579537,0.0071653518619272496,-5.594867590328136,-0.022746572762558752,2.642636335256323,147
1789477388.9332392,1789477388.9328315,-24.658368893186385,-17.85958155644094,2.1140336363497276,0.03057530697403255,-5.59649085274397,-0.040642625749756925,2.657103999486718,147
1789477388.9432435,1789477388.9428375,-24.657936117455115,-17.916344454652577,2.1135283686127773,0.054835738900184866,-5.597411862103464,-0.05902510564051178,2.672957775707711,147
1789477388.9533913,1789477388.9528382,-24.657275309488394,-17.971716731284786,2.1128552948046297,0.07879993054219023,-5.597218733552298,-0.07706487497412358,2.6895215284612535,147
1789477388.9635055,1789477388.9628363,-24.656364803616906,-18.027718003938936,2.111992668626197,0.10319970884816525,-5.595569143007568,-0.09535011597444701,2.707362475381071,147
1789477388.9732447,1789477388.9728212,-24.656364803616906,-18.027718003938936,2.111992668626197,0.10319970884816525,-5.595569143007568,-0.09535011597444701,2.707362475381071,147
1789477388.9833264,1789477388.9828465,-24.653819383943453,-18.139315079626883,2.1097267209468207,0.15182278511738379,-5.58662305962533,-0.13166788211138183,2.7461158556623775,147
1789477388.9933977,1789477388.9928443,-24.652173538147153,-18.195361985901503,2.1083140414550363,0.1760196264091358,-5.578689461281187,-0.14973756413240505,2.767150384416978,147
1789477389.0033197,1789477389.002843,-24.6502915055906,-18.251171458528315,2.106725317343075,0.1998321584834523,-5.5681393465997,-0.16755239224278295,2.789113987223002,147
1789477389.0136368,1789477389.012838,-24.64820130744034,-18.306157893456117,2.1049828895228337,0.2229304157981361,-5.554913578119145,-0.1848876891162612,2.8117273397882365,147
1789477389.0233915,1789477389.0228276,-24.64583751544798,-18.36207249636429,2.1030313453101304,0.24596612604636808,-5.538347581823319,-0.2022548515393503,2.835692428653565,147
1789477389.0334315,1789477389.0328372,-24.643274373424696,-18.417189187630903,2.1009308939452644,0.2681510689370984,-5.518722169281214,-0.21908048991090692,2.860251706887115,147
1789477389.0432484,1789477389.0428343,-24.64048326496069,-18.47228478339667,2.0986564106640158,0.2897397169332309,-5.495625113862753,-0.23557483117368824,2.8857091792653686,147
1789477389.0533056,1789477389.0528357,-24.637506140926643,-18.526668777346533,2.096240324187205,0.31040977160107025,-5.4692190113543475,-0.25150737345374197,2.9117068448834758,147
1789477389.063658,1789477389.0628302,-24.634254680112974,-18.58197769717779,2.0936092506444974,0.3307186671762927,-5.438493098050182,-0.26732664817179974,2.9390107183723755,147
1789477389.073823,1789477389.0728421,-24.630849143874414,-18.636223627001534,2.0908585604956267,0.34988309294806347,-5.404379274895791,-0.28243904037877676,2.9666153291937154,147
1789477389.083458,1789477389.0828438,-24.627241673355208,-18.690323957833414,2.0879473482085658,0.368199709510457,-5.366250025523778,-0.29708881384952707,2.9949395657951583,147
1789477389.0933526,1789477389.0928433,-24.627241673355208,-18.690323957833414,2.0879473482085658,0.368199709510457,-5.366250025523778,-0.29708881384952707,2.9949395657951583,147
1789477389.103296,1789477389.102836,-24.61960861896337,-18.795838944176815,2.0817856445937477,0.4014475035111466,-5.279390594890676,-0.3243604081876856,3.052386459562322,147
1789477389.1132798,1789477389.1128104,-24.61545850115193,-18.849121639601396,2.078429682034454,0.4169021049589041,-5.228896299720614,-0.33743614713422654,3.082465939547529,147
1789477389.123432,1789477389.1228185,-24.611245697940394,-18.900809121692866,2.075016046094882,0.4309816908233939,-5.175426235533147,-0.34964801584735417,3.1123078153642454,147
1789477389.1333785,1789477389.1328173,-24.606887535383397,-18.952070169021017,2.0714753015158482,0.44401721031660885,-5.117853574774895,-0.3612808524500849,3.1425319178961804,147
1789477389.1435206,1789477389.1428292,-24.60234922612166,-19.00335645839177,2.0677762410684988,0.4560941550460313,-5.055538187207716,-0.37242411474857806,3.173381450511566,147
1789477389.1535103,1789477389.1528027,-24.59775434721124,-19.05335888860132,2.06401682778631,0.466900375459505,-4.9900538556124205,-0.3827933316685246,3.2040320642973774,147
1789477389.163528,1789477389.1628034,-24.593076103641817,-19.102497649845727,2.06017270312025,0.4765501967669102,-4.920959364581889,-0.3924894939530971,3.234691284137481,147
1789477389.1734407,1789477389.1728182,-24.58823345492367,-19.151674367464448,2.05617411268672,0.4852060498724025,-4.846902121954132,-0.4016848389539567,3.265895358603887,147
1789477389.1835153,1789477389.1828403,-24.58823345492367,-19.151674367464448,2.05617411268672,0.4852060498724025,-4.846902121954132,-0.4016848389539567,3.265895358603887,147
1789477389.193449,1789477389.1928174,-24.578308696816872,-19.247759858894717,2.0479098714268966,0.49906978087212106,-4.687168517461673,-0.4181107215129535,3.3283227001182327,147
1789477389.2035575,1789477389.2028499,-24.57328577788361,-19.2942598446566,2.0436878025016427,0.5042505950256985,-4.602269522665664,-0.4252906876948009,3.3592060954201317,147
1789477389.2133954,1789477389.2128255,-24.56827345097189,-19.339387268524057,2.0394453823878154,0.5082714448851103,-4.5148228780712385,-0.43175385101142505,3.3895851012136067,147
1789477389.2233016,1789477389.222818,-24.563176112626167,-19.384069963178217,2.0350988002679484,0.5112331081282565,-4.423078274558262,-0.4376435659902502,3.4200520478225704,147
1789477389.233235,1789477389.232817,-24.558122515229194,-19.42724590240349,2.0307551153877683,0.5130883294518995,-4.329286020054193,-0.4428327156278116,3.4498508981193905,147
1789477389.2431774,1789477389.2428422,-24.552922340382253,-19.47057957825498,2.02624707872624,0.5139093822266804,-4.229779827907965,-0.44752301534312977,3.480107447124307,147
1789477389.2533886,1789477389.2527995,-24.54777478960078,-19.51244384914012,2.021743542237109,0.513664194601023,-4.128230682686349,-0.4515389556193031,3.509664574419459,147
1789477389.2633584,1789477389.2628016,-24.542666868187524,-19.55302462853241,2.01723126253239,0.5124029379843417,-4.024392160008351,-0.4549249573195516,3.5386173881498544,147
1789477389.2736323,1789477389.2728062,-24.537581428843502,-19.59251951293992,2.0126927049261587,0.5101565158443429,-3.917887559736345,-0.45771692379554146,3.5670771961173267,147
1789477389.2835696,1789477389.282818,-24.537581428843502,-19.59251951293992,2.0126927049261587,0.5101565158443429,-3.917887559736345,-0.45771692379554146,3.5670771961173267,147
1789477389.2934585,1789477389.292827,-24.527427931709646,-19.668806320094834,2.0034792743899867,0.5027551542446299,-3.6955144941363187,-0.46160076828820207,3.6228254896848795,147
1789477389.303396,1789477389.3028257,-24.52241952598228,-19.705229704483703,1.9988522573995788,0.4976815270579415,-3.5808122037336534,-0.46269818077879193,3.649800173853262,147
1789477389.3135946,1789477389.3128393,-24.517487755721444,-19.74034263717431,1.99423718887244,0.4917635824735727,-3.4644575925716445,-0.463252416277696,3.6760220302231965,147
1789477389.323481,1789477389.3228278,-24.51259282776842,-19.774474451310496,1.989593847459026,0.48480972931589056,-3.3466059532630386,-0.4631988266860572,3.701715285443043,147
1789477389.3332999,1789477389.3328238,-24.507735603949875,-19.807696979098832,1.9849174065855335,0.47636886721283345,-3.2302239957830223,-0.46231097431828216,3.7269119681292344,147
1789477389.3432696,1789477389.342836,-24.50309936270293,-19.838920146350883,1.9803802525969065,0.46642225354755706,-3.1222625026226485,-0.46045814738616103,3.7507495227336123,147
1789477389.3533292,1789477389.3528273,-24.49844309771117,-19.86996472315087,1.9757384678676793,0.4541196131173238,-3.0192647677250593,-0.45738162339972116,3.77458289339469,147
1789477389.363446,1789477389.3627968,-24.493946297162942,-19.899862193217466,1.9711585071954525,0.43957847303139824,-2.9271027103106135,-0.4530251702901165,3.797634799036254,147
1789477389.3734505,1789477389.372797,-24.48963156276669,-19.928733201369734,1.9666541948784073,0.42268900035733636,-2.847438258207744,-0.447326651488201,3.819956714158627,147
1789477389.383308,1789477389.3828385,-24.485495011100586,-19.95689580101492,1.9622103621929312,0.4032729108661216,-2.7811213220711912,-0.4402069313203697,3.841753718915398,147
1789477389.3932872,1789477389.3928373,-24.48160076136444,-19.98421647071474,1.9578847116100082,0.38139398615762365,-2.729709385968649,-0.4316444644418731,3.8628826391764095,147
1789477389.403434,1789477389.4028368,-24.47787786808477,-20.011572086558726,1.9535801454734822,0.35547537787671657,-2.6925717223215337,-0.4207436393410614,3.8839783554228555,147
1789477389.4136019,1789477389.4128559,-24.47454798073157,-20.03774287781127,1.94953527980297,0.32591619726771975,-2.671480183468823,-0.40742776175742523,3.9040551644212327,147
1789477389.42343,1789477389.4228165,-24.471422173131334,-20.064778822017804,1.9454892768962964,0.2898119293408077,-2.6650977977307044,-0.39020082925148064,3.924632535069624,147
1789477389.4333773,1789477389.4328048,-24.468725133866617,-20.091476760159857,1.94168575698436,0.24831872414372141,-2.674239055618554,-0.36946803473473877,3.9447355030123017,147
1789477389.4433987,1789477389.4428558,-24.46648536586733,-20.118180605330014,1.938129655429279,0.2010954473600914,-2.6983227844391795,-0.34501092972177827,3.9645777574089927,147
1789477389.4533896,1789477389.4528291,-24.46472609370526,-20.14554681414918,1.9347956296213262,0.1471955210018703,-2.7376190708341057,-0.31629100294870655,3.984595597216252,147
1789477389.463368,1789477389.4628394,-24.463539545411347,-20.173389840980683,1.9317698611525669,0.08736894031074456,-2.791469709246222,-0.28367461552873957,4.004603288870098,147
1789477389.473366,1789477389.4728158,-24.462987600473387,-20.20142531741471,1.9291281403341047,0.02290413438799789,-2.858277201249038,-0.24786805071731893,4.024367612720495,147
1789477389.4832919,1789477389.4828367,-24.463105259528948,-20.230308853407408,1.926852062887551,-0.04747107571114784,-2.9389286288018677,-0.20814201840211682,4.044325763486628,147
1789477389.493296,1789477389.4928381,-24.463954910827482,-20.26010659649739,1.9249888851970773,-0.12369944687423491,-3.033063259131704,-0.16449502068527247,4.064492668824539,147
1789477389.5032356,1789477389.5028162,-24.46559369951865,-20.290913764921598,1.923580085597004,-0.20544939299781054,-3.140008622413156,-0.11709862875226533,4.084909688013225,147
1789477389.5132468,1789477389.5128155,-24.468122043681362,-20.32338233739584,1.9226512667106335,-0.29364063350989544,-3.2609390273381096,-0.06539571282589439,4.1059835184918265,147
1789477389.523186,1789477389.5228155,-24.471470262899402,-20.356273322602714,1.9222661878623917,-0.38381926506522607,-3.389646408754478,-0.011998102592151042,4.126910283343406,147
1789477389.5332916,1789477389.5328224,-24.47576843769193,-20.390788390584813,1.9224256048332409,-0.47804328231703924,-3.5290515867088974,0.04430533900006539,4.1484693733423095,147
1789477389.5432339,1789477389.54283,-24.481048436250298,-20.42692648066112,1.9231617977437907,-0.5749614338082824,-3.677520781004453,0.10272084297922632,4.170667100770395,147
1789477389.553442,1789477389.5528474,-24.487277549710768,-20.464426674701535,1.924482808822657,-0.6723463019509998,-3.832355507971775,0.1618788758500927,4.1933685667840965,147
1789477389.5634077,1789477389.5628223,-24.49449633906867,-20.50359912654267,1.9264011566476014,-0.7694155959519166,-3.9932880058992364,0.2212519216165568,4.216799901588292,147
1789477389.5734344,1789477389.5728219,-24.50265162135282,-20.5442772449344,1.9289018755091731,-0.8642452546500842,-4.158124630834414,0.2796126476388187,4.240909782171836,147
1789477389.5833945,1789477389.5828207,-24.50265162135282,-20.5442772449344,1.9289018755091731,-0.8642452546500842,-4.158124630834414,0.2796126476388187,4.240909782171836,147
1789477389.5933821,1789477389.592819,-24.521724900541088,-20.63067751893574,1.9356094479992016,-1.0428757621080196,-4.495898517609332,0.39045263400857627,4.291718192438903,147
1789477389.6033475,1789477389.6028228,-24.53270327450982,-20.67705912188393,1.939825549938453,-1.12523769623526,-4.668541960572385,0.4419669594096428,4.318942129993872,147
1789477389.613562,1789477389.6128333,-24.544198797533213,-20.724050128437277,1.9444275268918485,-1.198795209177406,-4.836378944695813,0.48812896580606796,4.346593861345186,147
1789477389.6237495,1789477389.6229053,-24.556540359236877,-20.773313468593756,1.9495271606824989,-1.2651245603158492,-5.004079432921389,0.5296269705025408,4.375733611592394,147
1789477389.6334286,1789477389.6328228,-24.56948848269404,-20.82419111700272,1.9550069770852234,-1.3222292241492892,-5.168113563485725,0.5649744925212238,4.406060563238219,147
1789477389.6434734,1789477389.6428246,-24.582932399701793,-20.876584627891035,1.9607957218649055,-1.3693593869869216,-5.327280088478875,0.5935564513792799,4.437601842354111,147
1789477389.6535516,1789477389.6528208,-24.596841959664047,-20.93072236868307,1.9668550299082561,-1.4062086751155152,-5.481518163542128,0.6151002959333259,4.470581798081391,147
1789477389.6634116,1789477389.6628332,-24.61098642376112,-20.986059086752174,1.973058015155656,-1.4321191987737751,-5.628733745994582,0.6291964417983273,4.50475020275385,147
1789477389.6735203,1789477389.6728265,-24.62552420517873,-21.043588679412828,1.9794478943596419,-1.4469296994606928,-5.771110990765565,0.6358164665711444,4.540807911231629,147
1789477389.6833873,1789477389.6827857,-24.62552420517873,-21.043588679412828,1.9794478943596419,-1.4469296994606928,-5.771110990765565,0.6358164665711444,4.540807911231629,147
1789477389.6936176,1789477389.692818,-24.65437635844378,-21.161277833488683,1.992071164926298,-1.439181232632131,-6.031106313612684,0.6253339232107014,4.616433772396777,147
1789477389.703482,1789477389.70285,-24.668869986424838,-21.22309265530445,1.9983344216788748,-1.4153909217749605,-6.15185295725054,0.6078588981355669,4.657231851192942,147
1789477389.7133915,1789477389.7128499,-24.682763606056337,-21.284774904713576,2.0042569210451013,-1.3788913428037437,-6.2619668990143476,0.582924500610316,4.698722366739941,147
1789477389.7233899,1789477389.7228293,-24.696257073881192,-21.347650293502692,2.0099047134596946,-1.3285425867943383,-6.363707494657797,0.54988746328587,4.741842680763501,147
1789477389.7336516,1789477389.7328188,-24.70919038928081,-21.41157608937778,2.0151861434770875,-1.2628624792222354,-6.456225171132986,0.5078678065649229,4.7865673338485095,147
1789477389.74354,1789477389.7428188,-24.72146214468424,-21.476774221052324,2.020030192369505,-1.1808445782032984,-6.539228045717746,0.45622507884756297,4.833130106383503,147
1789477389.7535763,1789477389.7528214,-24.7328476497083,-21.542846710138544,2.0243152819081516,-1.0830762796805604,-6.611690226485668,0.39528833944712377,4.881320987838286,147
1789477389.7634282,1789477389.7628207,-24.74313638967481,-21.609316621849974,2.027930683002089,-0.9711944971070774,-6.672842053429567,0.32601531892635616,4.930842146779531,147
1789477389.773655,1789477389.772834,-24.752193149227715,-21.675976713051533,2.0308000182568966,-0.8470005670984362,-6.722483848998285,0.24947166054772985,4.981566520307242,147
1789477389.783558,1789477389.782829,-24.752193149227715,-21.675976713051533,2.0308000182568966,-0.8470005670984362,-6.722483848998285,0.24947166054772985,4.981566520307242,147
1789477389.7935362,1789477389.7928197,-24.766366438155142,-21.811011350066885,2.034100916844704,-0.5655458031123441,-6.789069836602844,0.07745781748857863,5.087597278115242,147
1789477389.803514,1789477389.8028212,-24.771254651245762,-21.878912720972277,2.034414216639007,-0.4121297170639007,-6.806323344985574,-0.015312022187240303,5.1425680428241805,147
1789477389.8136382,1789477389.812854,-24.77457240068953,-21.946786426331343,2.0337874641359073,-0.25277925862059003,-6.8131567690693915,-0.1108772187318881,5.198612601856201,147
1789477389.8234465,1789477389.8228257,-24.776290732958863,-22.015716344368386,2.0321658582640083,-0.08618898560353801,-6.809656286583729,-0.2098929031041515,5.25663966611867,147
1789477389.833562,1789477389.8328404,-24.77631740347115,-22.083614462458122,2.029579699076559,0.0812049006869822,-6.795786028486861,-0.3084419694394847,5.31487890387156,147
1789477389.844084,1789477389.8428364,-24.77463672855989,-22.152096975762134,2.025963513334289,0.25187882213134855,-6.770759080479644,-0.4079113684557475,5.374690466612988,147
1789477389.8533678,1789477389.8528156,-24.771342663651385,-22.21851039129129,2.021480348047229,0.41798259509839913,-6.735613848449216,-0.5036901483883216,5.4337066522191355,147
1789477389.8635895,1789477389.862813,-24.766381786229633,-22.28497794407052,2.0160235853902617,0.5838296836969106,-6.689660310949739,-0.5982527873461005,5.4937534686128515,147
1789477389.8735301,1789477389.8728197,-24.766381786229633,-22.28497794407052,2.0160235853902617,0.5838296836969106,-6.689660310949739,-0.5982527873461005,5.4937534686128515,147
1789477389.8835683,1789477389.882834,-24.751326945423738,-22.4182515401618,2.0021327454680753,0.9118757055525536,-6.565421395104765,-0.7818753097491395,5.617061777573477,147
1789477389.8936937,1789477389.8928268,-24.74136144368286,-22.483882002061932,1.9938333911708022,1.0697262822865472,-6.488804896138897,-0.8684453225893122,5.679190364268995,147
1789477389.9041893,1789477389.902835,-24.729791733671252,-22.548924162245253,1.9846505119831988,1.2227369541433144,-6.402894688479401,-0.9511150866837829,5.741666827970589,147
1789477389.9139836,1789477389.9128282,-24.716943717801186,-22.61197426623238,1.9748330401892955,1.3670465157789553,-6.310071654759371,-1.0278347849866092,5.803084507021599,147
1789477389.9235728,1789477389.9227917,-24.702743363881407,-22.6738750682345,1.96431208714937,1.5041757013311283,-6.209751066155263,-1.0994741851626144,5.864198091017457,147
1789477389.9333677,1789477389.9328268,-24.686917753811354,-22.735886567815992,1.9528901707527746,1.6363307973254666,-6.100063853575357,-1.1671868587886594,5.9262298297245755,147
1789477389.9436285,1789477389.9428484,-24.669742103258272,-22.79695987774787,1.940772416540051,1.760674764263784,-5.982965484111664,-1.2295147292576376,5.98811492950241,147
1789477389.953593,1789477389.9528227,-24.651716178128215,-22.855682972280658,1.928302538237646,1.874102431707003,-5.861767713126218,-1.2849834065108328,6.048361760232159,147
1789477389.9636748,1789477389.962829,-24.632436601256067,-22.913676411348543,1.9151946471708508,1.9793799874928404,-5.733374701164985,-1.335000298238529,6.108578581428588,147
1789477389.973487,1789477389.972802,-24.632436601256067,-22.913676411348543,1.9151946471708508,1.9793799874928404,-5.733374701164985,-1.335000298238529,6.108578581428588,147
1789477389.9833686,1789477389.9828198,-24.59077084755986,-23.026152234513074,1.8875074832629417,2.1598049653709497,-5.455096980979292,-1.4157824399404793,6.227419901133851,147
1789477389.9934695,1789477389.9928203,-24.569131504732976,-23.079170004120645,1.8734107331496677,2.2323089825664386,-5.309210605127551,-1.4454871424699278,6.284389527961735,147
1789477390.0036473,1789477390.0028422,-24.546304965428696,-23.13190302394721,1.858717025513403,2.295660727212884,-5.154484461639898,-1.469293188095433,6.341668824791838,147
1789477390.0133367,1789477390.012816,-24.523250831049033,-23.182294409256727,1.8440417110876133,2.3475682643945865,-4.9977257761511495,-1.48647165448459,6.396988586452591,147
1789477390.0234003,1789477390.0228207,-24.499457864226883,-23.231667343329004,1.8290538002420607,2.389780854753667,-4.835839703174362,-1.497812493740983,6.451755545105554,147
1789477390.0332668,1789477390.0328166,-24.475463146681967,-23.279072162314808,1.8140875934794085,2.4216023485017386,-4.672669003649514,-1.5032834375426614,6.504878078378722,147
1789477390.0433543,1789477390.0428243,-24.4512113456599,-23.324822238964167,1.7991012241040916,2.443324057245463,-4.507736772066784,-1.5030986379900761,6.556658564297495,147
1789477390.0534246,1789477390.052817,-24.426697934233975,-23.36909012417163,1.7840861888408452,2.4549839361684973,-4.340806170253472,-1.4973466245983242,6.607251614639379,147
1789477390.0635202,1789477390.0628219,-24.40219233750334,-23.411557361255635,1.7692006962041393,2.4565359329485004,-4.173431233809583,-1.4861941822424847,6.656250044478369,147
1789477390.073648,1789477390.0727866,-24.377773558528112,-23.45226575386226,1.7544843487874657,2.4481598726370843,-4.005818305570765,-1.4698252876128826,6.703654371283807,147
1789477390.083385,1789477390.0828152,-24.377773558528112,-23.45226575386226,1.7544843487874657,2.4481598726370843,-4.005818305570765,-1.4698252876128826,6.703654371283807,147
1789477390.0938826,1789477390.092911,-24.328919291131704,-23.529447852766637,1.7253646413144126,2.4016547152098364,-3.666364979696038,-1.4214753033956746,6.794733974219524,147
1789477390.1036284,1789477390.1028235,-24.305468556395084,-23.564696185542076,1.7115295889893667,2.364998711042595,-3.500575560022554,-1.390807098623111,6.836866680182867,147
1789477390.113348,1789477390.1128054,-24.28157800552861,-23.599527841090524,1.6975245951013216,2.317771163113955,-3.329075337339084,-1.3544484329430233,6.878840889904597,147
1789477390.123465,1789477390.1228194,-24.25886960480386,-23.631699222249264,1.6842930741986335,2.26328932223082,-3.163060606011261,-1.3149392441350543,6.917914541291585,147
1789477390.1334252,1789477390.1328068,-24.236513631005533,-23.662539246112733,1.6713408449978946,2.2000927440861107,-2.996151254013398,-1.271119079136316,6.955651150496679,147
1789477390.1434565,1789477390.1428077,-24.21484160221233,-23.69169670014092,1.658852792736821,2.1292655105223335,-2.830402073099864,-1.2237189177178893,6.991585174645959,147
1789477390.153428,1789477390.1528063,-24.193787317111326,-23.719366738926766,1.646783105988583,2.0508427552031923,-2.6649406532906914,-1.1727255036407123,7.025920225548026,147
1789477390.1635172,1789477390.1628056,-24.17364162313093,-23.745269628080372,1.6352906732437438,1.9662572435246017,-2.5017601889564647,-1.1190222642717649,7.058272483595239,147
1789477390.1733747,1789477390.1728218,-24.154541098840475,-23.76933649077175,1.6244446133896462,1.8766946781673721,-2.3418505139509724,-1.0632852251587912,7.088516575083726,147
1789477390.1834066,1789477390.1828058,-24.154541098840475,-23.76933649077175,1.6244446133896462,1.8766946781673721,-2.3418505139509724,-1.0632852251587912,7.088516575083726,147
1789477390.1934073,1789477390.192805,-24.118897804351676,-23.813038584063968,1.6043338719936018,1.6819300105084565,-2.0265220240038393,-0.9450331145685698,7.1439013502724364,147
1789477390.2034295,1789477390.2028065,-24.102642232754818,-23.832472685841736,1.5952177369707665,1.5793321080673743,-1.8735375647390802,-0.8839909175602898,7.168728175305252,147
1789477390.2134485,1789477390.2128065,-24.087359881294507,-23.850471444810147,1.5866793969898016,1.4736384393859627,-1.7230996503598877,-0.8218226245377099,7.191832625716542,147
1789477390.2233953,1789477390.2227843,-24.07319382126548,-23.866926052337778,1.5787928188273244,1.3665289267046363,-1.5767973627874337,-0.7594590707585736,7.21305047354291,147
1789477390.2334495,1789477390.2327871,-24.060249447396448,-23.881772329317286,1.571610486367702,1.2597779804521423,-1.4361704452116282,-0.697862498989099,7.23227454755358,147
1789477390.24337,1789477390.2428129,-24.048039521721325,-23.895612852422175,1.5648573537260573,1.14999094427008,-1.2961451074813226,-0.6350293390495791,7.250266494906719,147
1789477390.253576,1789477390.2527926,-24.037040570489786,-23.907945903655502,1.5587926621925807,1.0421286985816554,-1.16249141856611,-0.5737549154975874,7.266357497340854,147
1789477390.2635305,1789477390.2628176,-24.02718906613108,-23.91888399510717,1.553376354409641,0.9368365702910112,-1.0352845532593482,-0.5143381742276194,7.2806762451245906,147
1789477390.2736177,1789477390.2728276,-24.018405526942573,-23.92854948151266,1.548560391022493,0.8345135778904589,-0.9143860230906193,-0.4569439952247568,7.293367765182859,147
1789477390.2834067,1789477390.2828195,-24.018405526942573,-23.92854948151266,1.548560391022493,0.8345135778904589,-0.9143860230906193,-0.4569439952247568,7.293367765182859,147
1789477390.29335,1789477390.292823,-24.003659060985438,-23.944588803096266,1.5405054007646157,0.6387917582105809,-0.6895695095350257,-0.34803551019604106,7.314513135331067,147
1789477390.3033204,1789477390.302827,-23.9977197266055,-23.950979995316953,1.5372731143728529,0.5482197261542723,-0.5880314552282178,-0.2980006865333812,7.320782664430644,182
1789477390.3133662,1789477390.3128066,-23.992687008293053,-23.956362972751162,1.5345403567466582,0.46385193435594574,-0.4947071038059442,-0.2515910218659636,7.32309665165952,182
1789477390.323464,1789477390.3228142,-23.98843325156226,-23.96088818168418,1.5322354947035193,0.38515810395735783,-0.40867197816850087,-0.20847175138394142,7.325035695784157,182
1789477390.333393,1789477390.3328192,-23.984930602592467,-23.96459629532498,1.5303414773275745,0.3132744970846697,-0.3308818653725665,-0.1692267200639972,7.326619785463121,182
1789477390.3432665,1789477390.34282,-23.982151073629627,-23.96752630016974,1.528841370712154,0.24966396384409784,-0.26264704502801894,-0.13461385480801902,7.327867902993514,182
1789477390.353395,1789477390.3528218,-23.979929468332426,-23.969859361643774,1.52764456924065,0.1925493575772652,-0.2018421179318719,-0.1036313447812176,7.328859079758021,182
1789477390.3635912,1789477390.3628287,-23.97826548701978,-23.971601056332293,1.5267497310956362,0.14403793255847175,-0.1505295722953437,-0.07739098072818729,7.329597176342463,182
1789477390.37348,1789477390.372854,-23.97703679441688,-23.972883478100577,1.5260900702323912,0.10296811044429144,-0.10732449081230744,-0.055234524209952895,7.330139402655349,182
1789477390.3834972,1789477390.3828108,-23.976180329966922,-23.973775213310887,1.5256309773319474,0.06963281346840233,-0.07241617122356558,-0.03729498348283822,7.330515658531821,182
1789477390.393909,1789477390.3928459,-23.97561477259686,-23.97436284687936,1.5253282772333276,0.04346138326712534,-0.04511326124879389,-0.023243083153290156,7.330763143038808,182
1789477390.4039443,1789477390.4029796,-23.97527997226788,-23.97471012313792,1.5251493412118584,0.02451542497979453,-0.025408491528830623,-0.013092435379530087,7.330909164201136,182
1789477390.4142385,1789477390.4128368,-23.975104207784373,-23.974892190449374,1.525055529588483,0.011881004235832826,-0.012299177677585149,-0.006336647875757828,7.330985616430214,182
1789477390.4241152,1789477390.4228528,-23.975026575539122,-23.974972522675724,1.5250141473728829,0.004336007791556629,-0.0044845551228247515,-0.002309622026157143,7.331019312680305,182
1789477390.4340868,1789477390.4328454,-23.975003219575036,-23.97499667259555,1.5250017123069006,0.0009050600130082742,-0.0009354862428967436,-0.00048150876336983117,7.331029434475761,182
1789477390.443886,1789477390.4428427,-23.975000018747068,-23.974999980630194,1.525000009961193,1.939418655538816e-05,-2.0038769056540673e-05,-1.0305930828735654e-05,7.331030820223281,182
1789477390.4539394,1789477390.452854,-23.975,-23.975,1.5250000000000004,8.881784197001252e-16,3.552713678800501e-15,4.440892098500626e-16,7.331030828334992,182
1789477390.4633374,1789477390.462789,-23.975,-23.975,1.5250000000000004,8.881784197001252e-16,3.552713678800501e-15,4.440892098500626e-16,7.331030828334992,182
1789477390.4733737,1789477390.4728017,-23.975,-23.975,1.5250000000000004,8.881784197001252e-16,3.552713678800501e-15,4.440892098500626e-16,7.331030828334992,182
1789477390.4833546,1789477390.482801,-23.975,-23.975,1.5250000000000004,8.881784197001252e-16,3.552713678800501e-15,4.440892098500626e-16,7.331030828334992,182
1789477390.4933164,1789477390.4928112,-23.975,-23.975,1.5250000000000004,8.881784197001252e-16,3.552713678800501e-15,4.440892098500626e-16,7.331030828334992,182
1789477390.5033145,1789477390.5028098,-23.975,-23.975,1.5250000000000004,8.881784197001252e-16,3.552713678800501e-15,4.440892098500626e-16,7.331030828334992,182
1789477390.5133064,1789477390.5128112,-23.975,-23.975,1.5250000000000004,8.881784197001252e-16,3.552713678800501e-15,4.440892098500626e-16,7.331030828334992,182
1789477390.5232124,1789477390.5228217,-23.975,-23.975,1.5250000000000004,8.881784197001252e-16,3.552713678800501e-15,4.440892098500626e-16,7.331030828334992,182
1789477390.5330985,1789477390.5328019,-23.975,-23.975,1.5250000000000004,8.881784197001252e-16,3.552713678800501e-15,4.440892098500626e-16,7.331030828334992,182
1789477390.5430434,1789477390.542819,-23.975,-23.975,1.5250000000000004,8.881784197001252e-16,3.552713678800501e-15,4.440892098500626e-16,7.331030828334992,182
1789477390.553353,1789477390.5528245,-23.975,-23.975,1.5250000000000004,8.881784197001252e-16,3.552713678800501e-15,4.440892098500626e-16,7.331030828334992,182
1789477390.5633705,1789477390.5628126,-23.975,-23.975,1.5250000000000004,8.881784197001252e-16,3.552713678800501e-15,4.440892098500626e-16,7.331030828334992,182
1789477390.5732198,1789477390.5727975,-23.975,-23.975,1.5250000000000004,8.881784197001252e-16,3.552713678800501e-15,4.440892098500626e-16,7.331030828334992,182
1789477390.58324,1789477390.5828242,-23.975,-23.975,1.5250000000000004,8.881784197001252e-16,3.552713678800501e-15,4.440892098500626e-16,7.331030828334992,182
1789477390.5933156,1789477390.5928178,-23.953164856312902,-23.970621688033315,1.527680455064006,0.6050153617603115,0.11960415272424259,0.07419857892620944,7.309746483505778,218
1789477390.6033034,1789477390.6028519,-23.94641168806425,-23.96929047201548,1.5285084250957024,0.7278026743026014,0.14307961586237328,0.08920717217568619,7.303175690980321,218
1789477390.6134546,1789477390.6128314,-23.938484057353758,-23.967736452820365,1.5294798073302012,0.8594385733507733,0.16800882708916864,0.10527453269761981,7.2954669901193085,218
1789477390.62373,1789477390.6228216,-23.929271259689358,-23.965940740851366,1.5306078918893289,0.9998530817658495,0.19433883510811717,0.12238520889061562,7.286514429959605,218
1789477390.6337423,1789477390.632825,-23.918382142276894,-23.96383073555882,1.5319401902111554,1.1526279031840316,0.2226875875179967,0.14096614690359932,7.275940151658915,218
1789477390.6438696,1789477390.6428297,-23.90591053132288,-23.96142879124324,1.5334647350403752,1.3140519419562373,0.25230816008329665,0.16055459009024453,7.263837919122562,218
1789477390.653498,1789477390.6527812,-23.89204114990349,-23.95877418672648,1.5351584396070956,1.480208851371278,0.28244233945387853,0.18066508773077627,7.250389455228596,218
1789477390.663411,1789477390.6628213,-23.87644221761503,-23.955807403546014,1.5370612197955917,1.653643675690399,0.31351217041063983,0.2015942551220747,7.235275797617423,218
1789477390.6733842,1789477390.6728141,-23.858987373585705,-23.952509276237922,1.5391877115473651,1.8340168890265705,0.34540514505959286,0.2232863252891553,7.218377942978952,218
1789477390.6834984,1789477390.6828282,-23.839743111975178,-23.948897420781826,1.5415289211681706,2.019100606814514,0.3776791790164237,0.24545752067036225,7.199763952156277,218
1789477390.6933575,1789477390.6927898,-23.818774439086848,-23.94498891610626,1.5440759728765854,2.2070832714385777,0.4099798810401016,0.26787521597422204,7.179500423092919,218
1789477390.7039385,1789477390.7028253,-23.79545821690942,-23.940673671017397,1.546903300248765,2.402031543333494,0.4429531327256463,0.29100375547081175,7.156989873063167,218
1789477390.7132146,1789477390.7128117,-23.770560409236978,-23.936099347316116,1.549916662585229,2.5963142130779557,0.47526413576985294,0.31391719803106993,7.132976567153369,218
1789477390.7231853,1789477390.7228107,-23.743424190152552,-23.93115107172524,1.5531940654751164,2.7940872760398046,0.5075688624229221,0.33708505694510654,7.106831912554665,218
1789477390.7331808,1789477390.732811,-23.714396634316294,-23.925898712640468,1.5566918077852618,2.991720058923443,0.5392316287361304,0.3600573231324804,7.07889597401696,218
1789477390.7431557,1789477390.742817,-23.683785954392658,-23.920403376278024,1.5603710554061967,3.1865720428921875,0.5698113073095556,0.38250739822683344,7.049470306260264,218
1789477390.7531798,1789477390.7527742,-23.65062363702145,-23.91449808438175,1.5643460090922774,3.3839139668471594,0.6000990643664298,0.405014935879503,7.017630260138918,218
1789477390.763396,1789477390.762796,-23.616225696821548,-23.908423479436927,1.568456670715363,3.575286497609223,0.6287730400739946,0.42658958115965084,6.984645487702168,218
1789477390.7731872,1789477390.7728164,-23.616225696821548,-23.908423479436927,1.568456670715363,3.575286497609223,0.6287730400739946,0.42658958115965084,6.984645487702168,218
1789477390.7832198,1789477390.7827983,-23.541279189982188,-23.895358070424685,1.5773675306704782,3.9521911644081467,0.6830475742152294,0.4682058941400951,6.912922514570935,218
1789477390.79328,1789477390.7927995,-23.500732440877684,-23.88838239720342,1.582161281803871,4.136400158397315,0.7084035092407236,0.48803453211429465,6.874201427301753,218
1789477390.8032756,1789477390.8028088,-23.458463135685975,-23.88117700286723,1.5871375041010942,4.315666339241935,0.7322584602690344,0.5069388680800948,6.833896031116743,218
1789477390.8133283,1789477390.8128095,-23.413719967854895,-23.873621953466774,1.5923805425273512,4.492614461261688,0.7549391315941951,0.5251557218422342,6.7912990795295,218
1789477390.823258,1789477390.8228202,-23.36840796240294,-23.86604444620517,1.597663666494328,4.659652505672501,0.7754847276016124,0.5418792208967058,6.7482312060215515,218
1789477390.833161,1789477390.8328152,-23.32084483286844,-23.858168272395044,1.6031793626377608,4.823030501563509,0.7946852565605582,0.5577134450372202,6.703100335498436,218
1789477390.8431118,1789477390.8428204,-23.272712464911233,-23.850277193509434,1.6087286504619716,4.976992126367241,0.8118835525434134,0.572077289479771,6.657509576769973,218
1789477390.8532457,1789477390.8527815,-23.221661975679147,-23.841993181331066,1.6145772634893252,5.128866520804511,0.8279016210467276,0.5856182608187598,6.609243515964329,218
1789477390.8633559,1789477390.8627827,-23.16932131369577,-23.833589465055198,1.6205323469361463,5.27340283534455,0.8421686628594762,0.597815859040308,6.559853201859731,218
1789477390.8733883,1789477390.8727973,-23.115987776621104,-23.825118087847674,1.6265554843292862,5.4100087093211755,0.8546669067737844,0.6086058976382622,6.509626406121431,218
1789477390.8834488,1789477390.8828,-23.115987776621104,-23.825118087847674,1.6265554843292862,5.4100087093211755,0.8546669067737844,0.6086058976382622,6.509626406121431,218
1789477390.893268,1789477390.8927796,-23.004949819312216,-23.8077720190141,1.6389413137932143,5.663535926756123,0.8748604565745413,0.6262041827240015,6.4053865898777405,218
1789477390.9031367,1789477390.9028077,-22.94855097703213,-23.7991092990614,1.6451479572247278,5.777993747846895,0.8824492278676304,0.6328237309886185,6.352614362449578,218
1789477390.9131265,1789477390.9127972,-22.889668738307222,-23.790169641664104,1.651563634774143,5.888258403914557,0.8886710484066871,0.6381937146725929,6.297645678267328,218
1789477390.923205,1789477390.9227965,-22.8306313003159,-23.781312498529427,1.6579273999289097,5.990069180972613,0.8933097192133856,0.6420836535410753,6.242664727454252,218
1789477390.9330645,1789477390.9327984,-22.769662985030603,-23.772276181729637,1.6644237469458245,6.086721508131804,0.8965560203211238,0.6446140332877845,6.186027415166043,218
1789477390.9430704,1789477390.9427972,-22.709073422349388,-23.763406468831597,1.6708003374083664,6.17487216531451,0.8983495354977913,0.6457087636050357,6.129887443626901,218
1789477390.95334,1789477390.9527776,-22.646338179695714,-23.754338101366756,1.67731567509099,6.2584692740967425,0.8988154441266333,0.6454254018829966,6.071915330571645,218
1789477390.9635308,1789477390.9628196,-22.583304834723684,-23.745344586822434,1.6837688847236283,6.335187666853346,0.8979605747686195,0.6437596315393965,6.013831046886517,218
1789477390.9732985,1789477390.9728184,-22.583304834723684,-23.745344586822434,1.6837688847236283,6.335187666853346,0.8979605747686195,0.6437596315393965,6.013831046886517,218
1789477390.98316,1789477390.9827971,-22.45535154922404,-23.727451872193974,1.696564888303219,6.470700015753234,0.8925054899077635,0.6363887000919868,5.896443429774934,218
1789477390.9930923,1789477390.9927964,-22.38950188068593,-23.71843417264235,1.7029827135897297,6.530928351432269,0.8879114881831036,0.6306405093380657,5.836311797072501,218
1789477391.0032406,1789477391.0028129,-22.324757301393873,-23.709695134057153,1.709175784435114,6.58447544332491,0.8822951064032883,0.6237722999839094,5.7773819277797545,218
1789477391.0132682,1789477391.012805,-22.25850545478736,-23.700884632005938,1.7153880635090706,6.633896227367127,0.8754714369937011,0.6155524150567235,5.717283658713116,218
1789477391.023212,1789477391.022796,-22.19198271897735,-23.69217415041902,1.721493588670204,6.678475170214347,0.8675671899846303,0.6061409265901235,5.657153094739991,218
1789477391.0332086,1789477391.032795,-22.12482211932235,-23.68352064440918,1.7275181686697763,6.71876068053126,0.8585517346440501,0.5955157996650927,5.596669898802144,218
1789477391.0432215,1789477391.042796,-22.057352842830095,-23.674972222229357,1.7334240431629517,6.754840824680967,0.8484736325222618,0.5837574987010662,5.536142902683027,218
1789477391.0532634,1789477391.0527792,-21.98942379628554,-23.666515485906302,1.7392165386852834,6.787088589267574,0.8373113802199738,0.5708721818564435,5.4754489079382935,218
1789477391.0632687,1789477391.062783,-21.9218575140303,-23.658256925515445,1.7448198098285062,6.815447787150854,0.8252090157101147,0.5570627029667883,5.415332272725428,218
1789477391.0732784,1789477391.072796,-21.9218575140303,-23.658256925515445,1.7448198098285062,6.815447787150854,0.8252090157101147,0.5570627029667883,5.415332272725428,218
1789477391.0832481,1789477391.0828161,-21.784128388746264,-23.64191347452414,1.7557305370531116,6.863093880005116,0.7974634196360249,0.5260419683630725,5.2936111855227415,218
1789477391.0932436,1789477391.092817,-21.71602236001046,-23.634085794547342,1.760861434689957,6.882219493760085,0.7822099871738896,0.5093725745882897,5.233850541831739,218
1789477391.1033692,1789477391.102812,-21.647134219620696,-23.626347374123764,1.7658659652371371,6.89895663727784,0.7657353414675238,0.49167772040436214,5.173708754633755,218
1789477391.1134937,1789477391.1128192,-21.57877462453715,-23.618853209295196,1.7706425542003836,6.913232239709376,0.74833236884557,0.47333358746142223,5.1143446106280095,218
1789477391.1234236,1789477391.1228197,-21.509503094043637,-23.61145446053303,1.775284901639597,6.925577249342492,0.7296077617401987,0.45399106377394555,5.054523825352567,218
1789477391.1334727,1789477391.1328194,-21.44014238787458,-23.604251439373932,1.7797282744951568,6.936036522927909,0.7097406779497347,0.4339070641329084,4.9949792034537595,218
1789477391.1433136,1789477391.1427968,-21.370359339258915,-23.597220725389796,1.7839865035513591,6.944866247585908,0.6886025804197148,0.4130205085052234,4.935444825058379,218
1789477391.1533573,1789477391.1528063,-21.30031940524146,-23.590391724661774,1.788041243670363,6.952236274469785,0.6662058081460999,0.39141390505255613,4.876084644502065,218
1789477391.1631625,1789477391.1627958,-21.231353210452284,-23.583900077600706,1.7918144283727921,6.958229639724969,0.6429767356655498,0.36955001842800284,4.818037442357787,218
1789477391.1733356,1789477391.1727967,-21.16184992484699,-23.57760180864997,1.795392077432824,6.963185269987179,0.618368306443349,0.3469653781933033,4.759961639297845,218
1789477391.1832242,1789477391.182797,-21.16184992484699,-23.57760180864997,1.795392077432824,6.963185269987179,0.618368306443349,0.3469653781933033,4.759961639297845,218
1789477391.1931908,1789477391.1928067,-21.022690775763355,-23.565771144891844,1.8018589186667697,6.970508881820554,0.5654199733144853,0.30024347967900494,4.645041132078769,218
1789477391.203196,1789477391.2027981,-20.95297360468276,-23.56025799796999,1.8047412216037728,6.973179743820963,0.5370260053396526,0.27615988469518804,4.5881917979427005,218
1789477391.2131855,1789477391.2127967,-20.882939554723244,-23.555013825091763,1.8073911717382576,6.9753742843787405,0.5072386478985905,0.2515629012776605,4.531601831026176,218
1789477391.2231886,1789477391.2228053,-20.813966684769817,-23.550149015888667,1.8097570670508645,6.977173713202409,0.4766628068586157,0.22697915214486322,4.476400329090868,218
1789477391.2333312,1789477391.2328067,-20.744464905228135,-23.545559952021442,1.811893092200399,6.978726654066627,0.4446115976803002,0.20188161645405545,4.42133337063522,218
1789477391.2432957,1789477391.2428195,-20.673928435386024,-23.541236249652844,1.8138033998205567,6.980126733240858,0.41081892724288166,0.17611245627202265,4.366045692936403,218
1789477391.2533586,1789477391.2528167,-20.604541864159398,-23.53732314655669,1.8154268372536042,6.981405991534123,0.3763494237059351,0.15050510473616793,4.31227521979589,218
1789477391.2633054,1789477391.2627974,-20.533546267619915,-23.533680860414023,1.8168230264433234,6.982676074209775,0.3398420925759491,0.12407389533392164,4.2579190302537375,218
1789477391.2733219,1789477391.272796,-20.533546267619915,-23.533680860414023,1.8168230264433234,6.982676074209775,0.3398420925759491,0.12407389533392164,4.2579190302537375,218
1789477391.2832396,1789477391.2827957,-20.394678695013834,-23.527660687604072,1.8187718068321244,6.985207865049876,0.2649288217790792,0.07183467122286324,4.153647977522782,218
1789477391.2932014,1789477391.292796,-20.32504323920545,-23.525214519130348,1.8193563783162343,6.986541699810795,0.22569204223117442,0.045435373368677125,4.102442359117348,218
1789477391.3032062,1789477391.3028114,-20.255249315969696,-23.523160961279746,1.8196776746292622,6.987921603334161,0.18530697638043975,0.01888216739438825,4.051886379061176,218
1789477391.3132095,1789477391.312817,-20.18500154625827,-23.52150686322024,1.819732881449815,6.989332919591014,0.1436440344708912,-0.00790629962288028,4.001808632710265,218
1789477391.323221,1789477391.3227968,-20.115357982101532,-23.520285404713857,1.8195216721979703,6.990716459308526,0.10139562951068011,-0.034494487762926726,3.9529935784491927,218
1789477391.3334575,1789477391.3328238,-20.045872634224345,-23.519490754053074,1.8190470133814378,6.992026756326752,0.05837449720669496,-0.0610205398372432,3.905148051969058,218
1789477391.3433597,1789477391.3427942,-19.97584969736374,-23.51912664524235,1.8183022553031167,6.993203789176806,0.01421787511919176,-0.08771789163283461,3.8578339031930717,218
1789477391.3534675,1789477391.352771,-19.905497565789847,-23.519209843948676,1.8172852306320502,6.994149815464038,-0.030874867453622754,-0.11447336470837854,3.8112435993692895,218
1789477391.3633254,1789477391.3628197,-19.836078135285266,-23.519739712196863,1.816018482487226,6.99474310067779,-0.07599779442133138,-0.1407747322201707,3.766235328767801,218
1789477391.3735378,1789477391.3728156,-19.765681060862782,-23.520737131602345,1.8144680468788423,6.994871624571177,-0.12229778938487099,-0.16731100769198598,3.721606972830554,218
1789477391.3833137,1789477391.382804,-19.69642800136823,-23.52217529144783,1.8126829810654015,6.994389799780014,-0.1682783432703975,-0.19324781471240596,3.6787349337939994,218
1789477391.3932166,1789477391.3928218,-19.625249296284537,-23.524129895871415,1.8105814471112303,6.993097175125807,-0.2158756733414922,-0.21969384414668927,3.6357730619414164,218
1789477391.4033356,1789477391.4028099,-19.555920414141497,-23.52650118218834,1.808276394573478,6.990878648644238,-0.2624542804605998,-0.24520736294661244,3.595037458536654,218
1789477391.413369,1789477391.4128053,-19.485021392646093,-23.529405620144168,1.8056578793630893,6.987423583145982,-0.31019066299276216,-0.2710067223413438,3.5545484839337598,218
1789477391.4233012,1789477391.422785,-19.415900817078352,-23.532705309339324,1.8028530530604847,6.982682108083144,-0.35670934921079706,-0.29583242396317205,3.5162484663657483,218
1789477391.433212,1789477391.432804,-19.346555367817828,-23.536480684898528,1.799791604116733,6.976327989176653,-0.403235261703061,-0.3203708419963533,3.4790226102506003,218
1789477391.4432418,1789477391.4428134,-19.277072663174305,-23.540730344683467,1.796478148159341,6.9681039200932755,-0.449580447417099,-0.344541739985937,3.442961680410123,218
1789477391.4532459,1789477391.452794,-19.206736693760874,-23.545507026789306,1.792876185485065,6.957607180042257,-0.4960811222961849,-0.36853522066584626,3.407755494274482,218
1789477391.4633267,1789477391.4628012,-19.13647257807299,-23.55075397526963,1.7890320651439013,6.944639805720119,-0.5419779298865532,-0.3919746144168983,3.3739234113962326,218
1789477391.473374,1789477391.4727948,-19.067798771720696,-23.55633859373088,1.7850406421793266,6.929262345417631,-0.5861592411462968,-0.41431815839216324,3.342182202295705,218
1789477391.4832473,1789477391.4828024,-19.067798771720696,-23.55633859373088,1.7850406421793266,6.929262345417631,-0.5861592411462968,-0.41431815839216324,3.342182202295705,218
1789477391.4932237,1789477391.4928024,-18.92918105587373,-23.568953585748684,1.7762821441110308,6.882743216160807,-0.668056301204153,-0.4590906296054646,3.2822142920337356,218
1789477391.5032136,1789477391.5027993,-18.861135618808472,-23.575731524732927,1.77161370734532,6.842696668283534,-0.6977835422828313,-0.48306930742002196,3.254787817594282,218
1789477391.513266,1789477391.5128088,-18.793573321036533,-23.582753659462238,1.7666980436739605,6.786494295961902,-0.7172767355824982,-0.5091320771705311,3.2288284864353987,218
1789477391.5232108,1789477391.522843,-18.72524670201846,-23.59006733961452,1.7614003239433211,6.710493497683973,-0.7258785766176885,-0.5379693332220413,3.203818180453247,218
1789477391.5332835,1789477391.532806,-18.65919834193916,-23.597256962464446,1.7559216534438848,6.6171548605761314,-0.7235202962085475,-0.5680801327571542,3.180779550159836,218
1789477391.5432498,1789477391.5428169,-18.59365535012276,-23.604430505028823,1.75009047511256,6.504341671489065,-0.7114362659283646,-0.5997345943995351,3.1589738544642345,218
1789477391.5533378,1789477391.5527797,-18.529171179030936,-23.611458602826453,1.7439241325756467,6.373359202540528,-0.6912243155496884,-0.6319914835137687,3.1385042856171075,218
1789477391.563258,1789477391.5628111,-18.46638463943981,-23.61822001217654,1.7374683344545871,6.226787502995417,-0.665139652500878,-0.6636845877633455,3.1194773775934177,218
1789477391.573299,1789477391.5728245,-18.46638463943981,-23.61822001217654,1.7374683344545871,6.226787502995417,-0.665139652500878,-0.6636845877633455,3.1194773775934177,218
1789477391.583226,1789477391.5828128,-18.344974219037912,-23.63093624049371,1.7235775008768621,5.891436167186644,-0.6040882147920552,-0.7220714142015607,3.0851430279176086,218
1789477391.5932245,1789477391.5928104,-18.286652117435427,-23.636856917045105,1.716189732669284,5.707114652583264,-0.5738794062710985,-0.7466540925022255,3.069803692235029,218
1789477391.6032312,1789477391.6028085,-18.230313672830782,-23.642479674435183,1.7085890593998145,5.515655342165444,-0.5470117675215254,-0.7667461136976678,3.055556862754476,442
1789477391.6132066,1789477391.6128058,-18.17674826114653,-23.64777609826795,1.700933497171502,5.322107106228892,-0.5256451375355725,-0.7813647239058594,3.0047276804886742,442
1789477391.6230993,1789477391.6227841,-18.124020222683157,-23.653001504752513,1.6929931671662761,5.121315778252021,-0.5105964164283441,-0.7903069396523078,2.9547680417758784,442
1789477391.6330643,1789477391.6328006,-18.073870542080364,-23.658059034918857,1.685082974512926,4.921493357666964,-0.5035922405744423,-0.7926617046753539,2.907341625580882,442
1789477391.6430533,1789477391.64281,-18.02524903358902,-23.663138768085435,1.677105051849744,4.719997605564552,-0.5051662660198364,-0.7881319055417846,2.8614711187775397,442
1789477391.6531901,1789477391.6528022,-17.979195276893574,-23.668217434206753,1.6693017200292102,4.5223756379322,-0.5154561919413705,-0.7766789920393333,2.8181545517495517,442
1789477391.6631873,1789477391.6628025,-17.934788702239565,-23.673479385608815,1.661592410337619,4.325631523068065,-0.5343048916484332,-0.7581730561273453,2.7765436247129758,442
1789477391.6731277,1789477391.6728158,-17.934788702239565,-23.673479385608815,1.661592410337619,4.325631523068065,-0.5343048916484332,-0.7581730561273453,2.7765436247129758,442
1789477391.6831243,1789477391.6827998,-17.851938815032664,-23.68474559489573,1.646918679971039,3.9410750684022653,-0.5938970380492501,-0.7014221799340974,2.6994712235744727,442
1789477391.6930997,1789477391.6928036,-17.813852820601436,-23.69080579213611,1.640153641552231,3.755245101347243,-0.6313122264434123,-0.6647002003739154,2.664366033384833,442
1789477391.7032254,1789477391.7027776,-17.777252938342002,-23.69731656572862,1.6337168583309492,3.569761008489778,-0.6719944199687613,-0.6227392528863189,2.6308784412463737,442
1789477391.713121,1789477391.7128105,-17.74257540424189,-23.704223358446608,1.6277333532524911,3.3861639938448445,-0.713329379480494,-0.5768662327397176,2.59941482936917,442
1789477391.7232616,1789477391.7228165,-17.709679462773106,-23.71154704710155,1.6222157246372442,3.2029669778948917,-0.7531561815041844,-0.527901515446791,2.569845705708296,442
1789477391.7332265,1789477391.7328072,-17.678514332375876,-23.719276622230336,1.617182223255073,3.0189889364508216,-0.7891905981082759,-0.47678333274049284,2.542119614921803,442
1789477391.7432184,1789477391.7428124,-17.649405940984906,-23.72727751607996,1.6126977317626812,2.835424037259639,-0.8188569597408564,-0.4251263415542138,2.5165102170652114,442
1789477391.7534034,1789477391.7528107,-17.621945649948994,-23.735593347305052,1.60870114191852,2.6490171863897807,-0.8405776185457032,-0.37323243532263234,2.492636601800471,442
1789477391.7632942,1789477391.7628064,-17.596431209388463,-23.744054305531588,1.605228521730002,2.461216545009883,-0.8524042171378801,-0.32260146342476065,2.4707320397241777,442
1789477391.7733715,1789477391.7728047,-17.572788964978137,-23.752583676286537,1.602250498071994,2.271317151259062,-0.8531222933344427,-0.2739660898484586,2.450699044139859,442
1789477391.7834387,1789477391.782817,-17.572788964978137,-23.752583676286537,1.602250498071994,2.271317151259062,-0.8531222933344427,-0.2739660898484586,2.450699044139859,442
1789477391.7931306,1789477391.792779,-17.531229859800053,-23.769368208547164,1.5976791657554523,1.8868945689160463,-0.8183692993255438,-0.1858340621940094,2.4161841599810616,442
1789477391.8033822,1789477391.8028133,-17.513298093887116,-23.777396591285836,1.5960134381208393,1.6935726898078682,-0.7826505491768491,-0.14746947600576438,2.401603961603924,442
1789477391.8132684,1789477391.8128078,-17.497309188763637,-23.785003440423598,1.594710881256993,1.5016582475236366,-0.7355249231315102,-0.11356880211725798,2.388783662166442,442
1789477391.8231478,1789477391.8228128,-17.483235132456457,-23.792082550161915,1.5937249102411244,1.3127972863497568,-0.6782178852522566,-0.08434091342171043,2.3776535343451792,442
1789477391.8332286,1789477391.8328104,-17.47095701431065,-23.798582400063772,1.593003974363279,1.1277287415088695,-0.6119512438518662,-0.05969402520111783,2.3680747201731114,442
1789477391.843283,1789477391.84285,-17.460551595136327,-23.804355453112716,1.5925092466273914,0.9506814696104826,-0.5395273315513002,-0.039817572132299014,2.360063541038924,442
1789477391.8533947,1789477391.85279,-17.45185601802201,-23.809391536057227,1.5921907438013152,0.7827553627161397,-0.46290915660320614,-0.024321176257619197,2.353453437866764,442
1789477391.863369,1789477391.8628051,-17.44487736997152,-23.813594760681962,1.5920089312046048,0.6288820856083499,-0.3860408810590965,-0.013023466320180019,2.348212303275896,442
1789477391.8733602,1789477391.8728318,-17.44487736997152,-23.813594760681962,1.5920089312046048,0.6288820856083499,-0.3860408810590965,-0.013023466320180019,2.348212303275896,442
1789477391.8834786,1789477391.8828104,-17.435046955902884,-23.819821277930842,1.5918956065436212,0.3616009760152556,-0.23707751776636796,-0.00035060788417296267,2.3409475402155095,442
1789477391.8932831,1789477391.8927932,-17.432000065006527,-23.8218407251671,1.5919031788720752,0.2544411382012521,-0.1701470313580371,0.0013652467262357157,2.338729838416463,442
1789477391.903305,1789477391.9028127,-17.42992885508392,-23.823221923098515,1.5919125136362242,0.16491762179156047,-0.10841085673521243,-8.621858091163401e-06,2.337226385789517,442
1789477391.9132843,1789477391.9128096,-17.428645714138558,-23.82402344964702,1.5918920156738288,0.09274919782317408,-0.051568672885949934,-0.004594118494909481,2.3362777282858636,442
1789477391.9232647,1789477391.9228258,-17.428001281010612,-23.82428195568586,1.591811015168171,0.040170865782068195,-0.0015193827863848092,-0.0122445949421095,2.33575406995789,442
1789477391.9332848,1789477391.932835,-17.427786335905548,-23.82406425256639,1.5916336829670812,0.005387548701059938,0.04335711509234677,-0.023240658927887344,2.3354795047461803,442
1789477391.9432507,1789477391.942806,-17.427825629791823,-23.8234397638559,1.591335910113918,-0.010249244375488563,0.08104038807234669,-0.0370755596736662,2.335311386293882,442
1789477391.953446,1789477391.9528008,-17.427930999233674,-23.82246620877458,1.5908830640955165,-0.007810110621344258,0.11245919604791266,-0.05391540954971817,2.3350911620072097,442
1789477391.9634545,1789477391.962809,-17.42792387362209,-23.82122435188492,1.5902547039664414,0.012108606567168861,0.13712218205313953,-0.07335856211576691,2.334676906417563,442
1789477391.97333,1789477391.9728103,-17.427631299787695,-23.819757322970695,1.5894128603089697,0.049265351095910286,0.15546540050830795,-0.09559297620420018,2.3339195553651315,442
1789477391.9832828,1789477391.9828045,-17.42687435177974,-23.81812306559186,1.5883244520750688,0.10350971861103664,0.16735998186658904,-0.1205464689750195,2.3326691323783635,442
1789477391.993273,1789477391.9928126,-17.425511011794804,-23.816424532774597,1.5869915635791925,0.17276872676455812,0.1726222981329427,-0.14744116901309723,2.3308251012747263,442
1789477392.0032053,1789477392.0028067,-17.423381269850317,-23.814703760740457,1.5853789324077985,0.2568758062158359,0.1715362113578505,-0.17639290132393612,2.3282498411833865,442
1789477392.013488,1789477392.0128064,-17.420332867094473,-23.813020285880384,1.5834625513445517,0.355170220282224,0.16419165988550077,-0.2072391303175439,2.324818713055331,442
1789477392.0233517,1789477392.0228117,-17.41623757005754,-23.811441442568803,1.5812305687937358,0.4664212641751976,0.15074887032814777,-0.23964325457525817,2.320432339165662,442
1789477392.0332544,1789477392.0328076,-17.411025825279324,-23.810039198104445,1.5786939932099882,0.5884233774389536,0.13160793795241216,-0.2730347247562355,2.3150484357222565,442
1789477392.043206,1789477392.042774,-17.4044338676332,-23.808836776732377,1.5757710540657102,0.7234526206958884,0.10642417440149973,-0.3080390462739882,2.3084254928743873,442
1789477392.0532806,1789477392.052809,-17.396516582561187,-23.80792322935665,1.5725252145609026,0.8670486502542909,0.07603704525448401,-0.34348939540696843,2.3006450705754533,442
1789477392.0633156,1789477392.0628057,-17.387032776243906,-23.80733483778219,1.5688894692636262,1.020811265209892,0.04015067584943115,-0.3797756923247883,2.2914922504351543,442
1789477392.073343,1789477392.0727913,-17.37592430047372,-23.807132488320853,1.5648739191081964,1.182941996012542,-0.000836744345127179,-0.41642407187596814,2.2809339172371814,442
1789477392.0832844,1789477392.0828073,-17.37592430047372,-23.807132488320853,1.5648739191081964,1.182941996012542,-0.000836744345127179,-0.41642407187596814,2.2809339172371814,442
1789477392.0931854,1789477392.0927794,-17.34882701986676,-23.80807307400359,1.555797759909243,1.5242749261166368,-0.09587071885368498,-0.4888830279902765,2.255668073289945,442
1789477392.1032486,1789477392.102814,-17.332777895058804,-23.8092892437852,1.550755504263066,1.7011463513159082,-0.14911704997183467,-0.5241385909797254,2.240936214390932,442
1789477392.1132817,1789477392.1128018,-17.314820812987442,-23.811067557519937,1.5453280033720662,1.8828519958477166,-0.20633208624075955,-0.5587994652140097,2.2246071765012063,442
1789477392.1232343,1789477392.122805,-17.29501516777824,-23.813437625916354,1.5395545985889787,2.0673478761631596,-0.26684243524067025,-0.5923841753243599,2.2067547322072354,442
1789477392.1332104,1789477392.1327724,-17.273375533249297,-23.81642555116748,1.5334580944050615,2.2533839883856577,-0.3301684423965588,-0.6245836052065126,2.1874107943527497,442
1789477392.1432981,1789477392.1428144,-17.249834656116366,-23.82006598173717,1.5270380470666256,2.440548025483652,-0.39609021770509795,-0.6552357027425397,2.16653510327804,442
1789477392.1536057,1789477392.152807,-17.224708562229942,-23.824326897370707,1.520395806133409,2.6256900198095114,-0.46337404789066117,-0.6837553596223008,2.144426150916651,442
1789477392.163435,1789477392.1627996,-17.19770866807784,-23.829271589311126,1.5134702433414393,2.8104110895047714,-0.5324652329540933,-0.7103166248258007,2.120849268657457,442
1789477392.1732728,1789477392.1728032,-17.19770866807784,-23.829271589311126,1.5134702433414393,2.8104110895047714,-0.5324652329540933,-0.7103166248258007,2.120849268657457,442
1789477392.1832275,1789477392.1828032,-17.137737155917566,-23.841358825911456,1.498762956940823,3.1779548714108916,-0.6754044016979884,-0.7569712495922611,2.0690883049791324,442
1789477392.1932588,1789477392.1928146,-17.10534230617278,-23.848410905595962,1.4911598900187775,3.3563228191035477,-0.7472166902225715,-0.776293698794407,2.041452016079748,442
1789477392.2031548,1789477392.2027872,-17.070978365090653,-23.856226201753334,1.483330216473876,3.5326641071586273,-0.8196529002221002,-0.792987846052184,2.0123707239687683,442
1789477392.2134457,1789477392.212774,-17.034742104270777,-23.864794888974824,1.4753199074665941,3.706016952058624,-0.8921427708612404,-0.8068211760330222,1.9819593201830543,442
1789477392.2232957,1789477392.2227986,-16.99642519630067,-23.87417746773957,1.4671093222820633,3.876921251554652,-0.9647171966271447,-0.8176810716657077,1.9500798654350178,442
1789477392.2332969,1789477392.232806,-16.95713876527533,-23.884100340096044,1.4589553946812974,4.0404202063791015,-1.0350227637486156,-0.825192966889454,1.917686494576165,442
1789477392.2432847,1789477392.2427883,-16.915128445948113,-23.89501018208939,1.4505209483601127,4.20356920039022,-1.1058435335343952,-0.8295502423687715,1.8833724359604924,442
1789477392.2533288,1789477392.2527945,-16.872365763127423,-23.906394728386122,1.4422283097110609,4.358561253421712,-1.1735234950022007,-0.8304328420851996,1.848788060048226,442
1789477392.263285,1789477392.2627873,-16.828469134717178,-23.91833825053539,1.4340153577907113,4.507243273078684,-1.2385685851142896,-0.8279284485553302,1.813648213253755,442
1789477392.2732587,1789477392.2727602,-16.828469134717178,-23.91833825053539,1.4340153577907113,4.507243273078684,-1.2385685851142896,-0.8279284485553302,1.813648213253755,442
1789477392.2832081,1789477392.2827876,-16.735491959912682,-23.944351361932455,1.417597014248247,4.791859778762491,-1.3622559027005234,-0.8124236677708183,1.7404370256501882,442
1789477392.2931979,1789477392.292786,-16.68691669730555,-23.958257699449206,1.4095383623285995,4.926255565849658,-1.4195936699872793,-0.7993707949751313,1.7028540736923703,442
1789477392.3034523,1789477392.3028002,-16.63695106286363,-23.972741620845746,1.4016165250587087,5.055520885479641,-1.4735530755236073,-0.7827455734853636,1.6646790101407416,442
1789477392.3134382,1789477392.3127997,-16.586276134464786,-23.987582832205863,1.3939610675403655,5.178167122290258,-1.523205816137835,-0.7628107266163436,1.6264693500082816,442
1789477392.3233902,1789477392.322791,-16.533316089237115,-24.003220892787823,1.3863671331352379,5.298055488004149,-1.5697570126441989,-0.7389060028574399,1.5870901732835505,442
1789477392.3335016,1789477392.3327878,-16.48018762083883,-24.019004373587318,1.3791665593341258,5.410551113044329,-1.61107744023193,-0.7119952795320121,1.5481623415385157,442
1789477392.3435292,1789477392.3427868,-16.425636508082164,-24.03527419251437,1.3722087714277553,5.51864443108253,-1.6479950670743735,-0.6815276519450086,1.5088018975844357,442
1789477392.3535614,1789477392.3528066,-16.36979022103085,-24.051960169937157,1.365544021369597,5.622164222730743,-1.6800955682376364,-0.6475726757587467,1.4691564371640777,442
1789477392.3636682,1789477392.3628027,-16.312737361795993,-24.068999623077275,1.3592155148517686,5.721064066448619,-1.707023889245561,-0.610207254690973,1.4293429862243703,442
1789477392.3735256,1789477392.3727887,-16.312737361795993,-24.068999623077275,1.3592155148517686,5.721064066448619,-1.707023889245561,-0.610207254690973,1.4293429862243703,442
1789477392.3837025,1789477392.3828025,-16.196312627872313,-24.10359057767982,1.3478146984510948,5.903591189398181,-1.7438880184937366,-0.5263956021278767,1.3502980484095914,442
1789477392.393346,1789477392.3927853,-16.13720307701175,-24.120979652455883,1.3428080962883413,5.987332319720277,-1.7534528227590358,-0.48036137168604537,1.3113169398599185,442
1789477392.4032583,1789477392.4027858,-16.076509127901435,-24.138657904951536,1.3382179765641984,6.067658219616943,-1.756951718435869,-0.4309211567110276,1.2721103866788024,442
1789477392.41321,1789477392.412786,-16.015438750549883,-24.156222134342343,1.3341646035914447,6.1430943324542895,-1.7540738526352904,-0.3791519615391165,1.2335078469326035,442
1789477392.4232445,1789477392.422802,-15.954328446773253,-24.173530520063196,1.3306779010690037,6.213528648474733,-1.7448364749005705,-0.3255128094550136,1.1957389588456033,442
1789477392.433374,1789477392.432787,-15.891673067796622,-24.1909545981346,1.3276958522500368,6.2808301082746665,-1.7288331148172542,-0.26880797182607974,1.1579146281362172,442
1789477392.4432595,1789477392.4427838,-15.828080247133393,-24.20826018945233,1.3252840740936127,6.344358653161509,-1.7059029674265314,-0.2096860571329308,1.1204620715990719,442
1789477392.4532802,1789477392.452784,-15.763914960035615,-24.22528734583758,1.323479073720027,6.40385905483512,-1.6760201918076252,-0.14863368239332883,1.0836349861438523,442
1789477392.4633477,1789477392.4628017,-15.699957332171351,-24.241778559149584,1.3223082127366639,6.458816445565996,-1.639577896649459,-0.08658136293943527,1.0478929304772122,442
1789477392.473371,1789477392.472803,-15.699957332171351,-24.241778559149584,1.3223082127366639,6.458816445565996,-1.639577896649459,-0.08658136293943527,1.0478929304772122,442
1789477392.4832711,1789477392.4828002,-15.5699852520026,-24.273621511641153,1.3218582916463908,6.557986530945352,-1.545441943136699,0.042393601592649315,0.9782365902370138,442
1789477392.4932485,1789477392.4928017,-15.504142134635567,-24.288802150416053,1.3226138552114899,6.6022029902628185,-1.4877062923775364,0.10879446474527399,0.9444708019337953,442
1789477392.5032353,1789477392.5028017,-15.437469123928263,-24.303456751375077,1.324049155913329,6.643069150804223,-1.4225304705455974,0.17648350372844057,0.9113183596631038,442
1789477392.513223,1789477392.5128002,-15.371014382105196,-24.317296021389616,1.3261469552395442,6.680027905077863,-1.3509926404642882,0.244195804108001,0.8793096207613265,442
1789477392.52314,1789477392.5227778,-15.304685327049887,-24.330297061425966,1.32890022390546,6.713280336821698,-1.2732036522997912,0.31181951112021705,0.8483851907605677,442
1789477392.5332983,1789477392.532801,-15.236524437522661,-24.342762390029197,1.332409926687142,6.743775722989514,-1.186802600399073,0.38113978609605,0.8176636011706981,442
1789477392.5432687,1789477392.542806,-15.169375169424237,-24.3541075346725,1.3365350333980672,6.770270634723254,-1.0954773871673222,0.44905259980526563,0.7884355603262025,442
1789477392.5534093,1789477392.5528052,-15.101527434677632,-24.364579985561925,1.3413679206540383,6.7935498954677005,-0.9971688265134584,0.5170793689270873,0.7599382307382969,442
1789477392.5632896,1789477392.5627992,-15.033489714761767,-24.374034551709407,1.3468763483718271,6.813447586519233,-0.8927421176457625,0.5844874271531917,0.7323934561114167,442
1789477392.5734065,1789477392.5728333,-14.965363164748007,-24.38240695658826,1.3530475459088191,6.828514219553304,-0.78335170777883,0.6514337713751831,0.7058380853054165,442
1789477392.583247,1789477392.5828052,-14.965363164748007,-24.38240695658826,1.3530475459088191,6.828514219553304,-0.78335170777883,0.6514337713751831,0.7058380853054165,442
1789477392.5932548,1789477392.592778,-14.828300846538367,-24.395893815074732,1.3675008042588772,6.820859673452672,-0.5618371409694262,0.790478303338791,0.6555980280214733,442
1789477392.6031816,1789477392.602784,-14.761234540016707,-24.400912163064387,1.375639968936825,6.789969641727796,-0.45764016769857446,0.8620914043321292,0.6326725435002449,442
1789477392.6133094,1789477392.6127915,-14.693231492522631,-24.405000205192845,1.3846805784094915,6.736936673291048,-0.35677267952974284,0.9369549452215282,0.6106381888036927,442
1789477392.6234343,1789477392.6228168,-14.62580888008542,-24.40810875493833,1.3944884681968077,6.661424095049735,-0.2622651586964439,1.0126454413103818,0.5900786292700806,442
1789477392.6333904,1789477392.6327865,-14.559723998311933,-24.41028854218566,1.4049783938835498,6.5646412847665285,-0.17525665795127213,1.0870886905207495,0.5712502970484876,442
1789477392.643479,1789477392.6427994,-14.49473583207001,-24.411632949382422,1.4161967104559823,6.447418525494986,-0.09511332167072198,1.1590726098425497,0.5540847502104302,442
1789477392.6534786,1789477392.6527884,-14.430930223799429,-24.412210305221624,1.4281301120469574,6.31139682485751,-0.02141946348893817,1.226845594161559,0.5385967939542882,442
1789477392.6635144,1789477392.662788,-14.36847305353688,-24.412080764225607,1.4407316218052504,6.1587970773093925,0.04633043439906844,1.288477073302308,0.5247966021183519,442
1789477392.6734107,1789477392.672785,-14.307775328750486,-24.411303228466313,1.4538753191051859,5.992905406931661,0.10852448835701328,1.3418396611657275,0.5127111662562571,442
1789477392.6834695,1789477392.6827815,-14.307775328750486,-24.411303228466313,1.4538753191051859,5.992905406931661,0.10852448835701328,1.3418396611657275,0.5127111662562571,442
1789477392.6934068,1789477392.692782,-14.19143555062369,-24.40799107326311,1.4815577613060833,5.630494594394247,0.21995852233548133,1.4175666936623312,0.4932730190151053,442
1789477392.7034488,1789477392.7027824,-14.13681242915035,-24.405572474884902,1.4956482869330079,5.442354965456128,0.2698983263040483,1.4367984070806996,0.4858385065474748,442
1789477392.7134507,1789477392.7128034,-14.082926903420834,-24.402604984269583,1.510175342448132,5.24701934373735,0.3184097868361476,1.4426582129332322,0.47954478139115436,442
1789477392.7232227,1789477392.7227826,-14.031515501307426,-24.399194951185653,1.5245466918866717,5.05272790000643,0.36446159428464797,1.434064876900656,0.4744757878526608,442
1789477392.7333772,1789477392.7327752,-13.982080729514234,-24.395336789068185,1.5387476114609302,4.859583683793139,0.408885072083642,1.4108818496742506,0.4704277841595487,442
1789477392.7433758,1789477392.7427936,-13.93411175801425,-24.390998916173583,1.5527769832699632,4.667055543828676,0.4523458354639257,1.3727656104729171,0.4672317977382076,442
1789477392.7536063,1789477392.752821,-13.888772605798064,-24.38630824416272,1.5661411578926225,4.481026615341369,0.4938001171776981,1.3212864784785097,0.46482874812943703,442
1789477392.7635622,1789477392.7628038,-13.844912370228009,-24.38117073324679,1.5790306420671127,4.297607787937556,0.5341231561862633,1.2562212637070673,0.4630286760385844,442
1789477392.7733378,1789477392.7727826,-13.844912370228009,-24.38117073324679,1.5790306420671127,4.297607787937556,0.5341231561862633,1.2562212637070673,0.4630286760385844,442
1789477392.7833488,1789477392.7827818,-13.761829101902855,-24.36961617387143,1.6027714025454243,3.9403134651354157,0.609608787987264,1.0898306291111342,0.4608537194728614,442
1789477392.793363,1789477392.7927914,-13.723750095426047,-24.36342979550118,1.613071513027598,3.771069448691994,0.6425839867858363,0.9946625737808241,0.46031667783139313,442
1789477392.8032281,1789477392.8027813,-13.686879995755945,-24.35685083607813,1.6225093858735342,3.602460484567893,0.6723859788379833,0.8917771314218141,0.46002544036549814,442
1789477392.813203,1789477392.8127813,-13.651770143608813,-24.3500121411134,1.6308756639945956,3.435984206650809,0.6977257732256903,0.7848342130985513,0.4599289535718089,442
1789477392.8231301,1789477392.8227816,-13.618315955772147,-24.34294556942633,1.6381635148005942,3.270036634781002,0.7178635611227304,0.6759135307931218,0.4599784326771443,442
1789477392.833459,1789477392.8327808,-13.586362264198366,-24.335670167893593,1.644393339877591,3.1025667991494554,0.7320638071667496,0.5668151015332175,0.46013698375738915,442
1789477392.8434834,1789477392.8427885,-13.556191320833069,-24.328309743642016,1.6495257392172917,2.9338318020562113,0.7394803193688234,0.4607336814145666,0.4603735376384421,442
1789477392.853552,1789477392.852792,-13.52778987666844,-24.320929975371556,1.6536109687766487,2.7627836793394196,0.7396003351571313,0.3596972101685014,0.46066399126331675,442
1789477392.8633754,1789477392.8627882,-13.500729269030936,-24.31347915470323,1.6567596254318506,2.585713205437803,0.7318773133115143,0.2640017223357712,0.4609949768626919,442
1789477392.8733037,1789477392.8727953,-13.476075988996243,-24.30632486158946,1.6589380998538068,2.409231770251903,0.716528174519808,0.17890743777988627,0.4613375063405913,442
1789477392.8833458,1789477392.8827896,-13.452523183998554,-24.299154769870192,1.6603526964270239,2.223595901567311,0.6926716613704604,0.10114987242738381,0.4616967848406381,442
1789477392.8934429,1789477392.8927896,-13.431341048268447,-24.292418719495092,1.6610242611035282,2.0387608526028664,0.6617202229669163,0.03582409903942599,0.46204247240012414,442
1789477392.903407,1789477392.9028118,-13.411704835408338,-24.28592322646704,1.661098707105352,1.8482914790702556,0.623039942419995,-0.019129711916195977,0.46237754659469793,442
1789477392.913498,1789477392.9128067,-13.394388765231772,-24.279987411908493,1.660691945672896,1.660933761131786,0.5789637496850342,-0.06143174271760255,0.46267995158770087,442
1789477392.9234555,1789477392.9228072,-13.378689669289942,-24.274430054219767,1.6599081652632415,1.4708774138709761,0.5287871080755986,-0.09303519509483232,0.4629544303025696,442
1789477392.9335058,1789477392.9328198,-13.364946876227735,-24.26942047598996,1.658868348242676,1.283946792578283,0.47461656807498925,-0.11361255080705238,0.46318926873461147,442
1789477392.9434798,1789477392.9427812,-13.353017712067352,-24.26495504189081,1.6576703980178984,1.1009592609046803,0.4174088164449601,-0.12419979852567475,0.46338304299858474,442
1789477392.9536254,1789477392.952786,-13.343012665848079,-24.26111903896377,1.6564291860781826,0.9272346196816283,0.3596039341047138,-0.12591249114923023,0.4635324857390863,442
1789477392.9635942,1789477392.9628284,-13.334449198850708,-24.257763070278344,1.655171966909139,0.757864968249685,0.30021752065766216,-0.12005060511387095,0.4636450027613334,442
1789477392.973587,1789477392.9728043,-13.327705357454619,-24.255066919579868,1.6540350321215336,0.6048657218360829,0.24414792745475697,-0.10850371312208715,0.46371824979683857,442
1789477392.983396,1789477392.9827816,-13.327705357454619,-24.255066919579868,1.6540350321215336,0.6048657218360829,0.24414792745475697,-0.10850371312208715,0.46371824979683857,442
1789477392.9934921,1789477392.9928112,-13.318321395206384,-24.251219920691824,1.652181165177799,0.34098059688385896,0.14225621487974766,-0.07458984222140808,0.463782213938914,442
1789477393.0035334,1789477393.002794,-13.315465680705103,-24.250020407694663,1.6515321253212942,0.2372274320883896,0.10038615880336677,-0.05615765841944398,0.46378676602832586,442
1789477393.0134869,1789477393.0127797,-13.313532668177178,-24.24919737069171,1.6510590134364995,0.1523961995969707,0.06533689308475787,-0.03869066965868939,0.4637827306506083,442
1789477393.023423,1789477393.0227833,-13.312347175121674,-24.24868629742563,1.6507491965079526,0.08776135176206123,0.03807827625951343,-0.02370667561727635,0.46377568661128604,442
1789477393.0335355,1789477393.032777,-13.311708581976845,-24.24840785570985,1.6505723127657932,0.04270597700710521,0.018733641027518955,-0.01219367564612761,0.46376939552270596,442
1789477393.0435479,1789477393.0427985,-13.3114298250035,-24.248285049437115,1.6504909997768944,0.015537126466925066,0.00688449857854323,-0.00466288297839812,0.46376557510594124,442
1789477393.0535738,1789477393.0528,-13.311347463541418,-24.248248427477577,1.6504658555334928,0.00310932605186931,0.001390342194248273,-0.0009754460526791853,0.46376414576857655,442
1789477393.0635278,1789477393.0627918,-11.836515462295266,-23.693362647811913,1.8384779019749837,5.503236686366978,0.7068728897741596,-0.07493081629451945,1.1162447469818093,442
1789477393.073746,1789477393.0728493,-11.781572058835243,-23.687025721267187,1.8373745905042251,5.434031580203196,0.5547171734968397,-0.14431973977232446,1.162951943795072,442
1789477393.0835981,1789477393.0827959,-11.72720889288268,-23.682203816615907,1.8355811958734016,5.359489322174879,0.402947575142636,-0.21131889797237202,1.2101183839146699,442
1789477393.0936425,1789477393.092796,-11.674692614829256,-23.678953576956637,1.8331830585299986,5.281156377604134,0.25604499193821845,-0.27412586770235475,1.256541341555908,442
1789477393.1035852,1789477393.1027792,-11.622121466376003,-23.67712195541093,1.8301252744704524,5.195895719913033,0.10959096988606556,-0.33475587463500844,1.3038216771484907,442
1789477393.1136127,1789477393.112802,-11.57029043088376,-23.676741898389196,1.8264656198223148,5.104477564149352,-0.0333074323212256,-0.39197402179809526,1.351196534910338,442
1789477393.1235077,1789477393.1228023,-11.519894643630309,-23.677759079407558,1.822292574293705,5.007917392241947,-0.16992737837689714,-0.44481325288261103,1.3979560080015778,442
1789477393.1332328,1789477393.1327786,-11.470704491857285,-23.680096595769577,1.81763442834908,4.905689325694925,-0.30018292103104854,-0.4933765192400166,1.4442365556624628,442
1789477393.1432154,1789477393.1427844,-11.422080060019669,-23.683736872229517,1.8124616614542117,4.796177042697666,-0.4250332261353187,-0.5380962788905599,1.4905872475287572,442
1789477393.153433,1789477393.152799,-11.374699845438077,-23.688577924480327,1.8068775677816606,4.68063401321931,-0.542045564417166,-0.5781655044514716,1.5363130512172987,442
1789477393.163398,1789477393.1627584,-11.328600795877913,-23.694534687677354,1.8009289760996199,4.559078477347313,-0.6505861964526044,-0.6134617784491988,1.5813225453289736,442
1789477393.1734266,1789477393.1727893,-11.283139090846207,-23.7016334308099,1.7945640089675348,4.429560115533081,-0.7515630613839809,-0.6443244716185682,1.626203613252978,442
1789477393.1835635,1789477393.182785,-11.23989032056592,-23.709534073413366,1.7880482825178912,4.296627565714552,-0.8411146263212018,-0.6696691637069955,1.669349657063663,442
1789477393.1935554,1789477393.1927845,-11.197503134567745,-23.718381652159664,1.7812251711878728,4.156273477494432,-0.9217801049879037,-0.6903184284527193,1.7120584721876413,442
1789477393.2032743,1789477393.2027507,-11.156620722725979,-23.72796937331936,1.7742323911548081,4.010543507105485,-0.9919621053440199,-0.7059029504529215,1.7536462262592103,442
1789477393.2133453,1789477393.21279,-11.11737025645227,-23.738166882417598,1.7671358457547248,3.8601069178069363,-1.0513275904162454,-0.7164513944572259,1.7939398867057554,442
1789477393.2234092,1789477393.2227814,-11.079892037838137,-23.748829745942366,1.7600068507102333,3.705857159231677,-1.0997013300619942,-0.7220689973130211,1.8327513255125807,442
1789477393.233361,1789477393.2327776,-11.043317996632629,-23.760126423384595,1.7527141404698283,3.5442799264423686,-1.1380425550029891,-0.7229100202500895,1.8709478588156518,442
1789477393.2433822,1789477393.2427778,-11.008530867415779,-23.77170744546719,1.745466186892585,3.3793506369299973,-1.1653089676949622,-0.7189908029013353,1.9075778996220711,442
1789477393.2532744,1789477393.2527788,-10.975466096946313,-23.783490744518037,1.738291242557302,3.211247444156835,-1.1817974790731347,-0.7105166145825702,1.9426711675610344,442
1789477393.2633598,1789477393.2627943,-10.944793022731918,-23.795117013238116,1.73138170686694,3.0442387278919676,-1.1877744062877085,-0.6980340217744893,1.975473672391016,442
1789477393.2733328,1789477393.272791,-10.914959364415092,-23.80708737865253,1.724422140979958,2.8702998222904372,-1.1838009366000461,-0.6811058371011728,2.007614339294629,442
1789477393.2832441,1789477393.2827919,-10.914959364415092,-23.80708737865253,1.724422140979958,2.8702998222904372,-1.1838009366000461,-0.6811058371011728,2.007614339294629,442
1789477393.2932332,1789477393.29279,-10.86105331739352,-23.83045084402503,1.711228690080201,2.522042167209659,-1.1474120783902713,-0.6364536591082919,2.0092369278749214,443
1789477393.3033633,1789477393.3028295,-10.836577402910299,-23.841836268864302,1.7049645510219407,2.3466475488940137,-1.1159299572088928,-0.6090718738965264,1.9822753276180134,443
1789477393.3133826,1789477393.312823,-10.814006142895634,-23.852792862358193,1.69902883859881,2.1733235376654836,-1.0768180611786384,-0.5790857592380323,1.9571990739124827,443
1789477393.3234053,1789477393.3228421,-10.792955799789578,-23.863427108976083,1.6933496427571013,2.000004964117616,-1.030156215396594,-0.5463700333305184,1.9336186808447906,443
1789477393.3333368,1789477393.3327782,-10.773989419547886,-23.873372085948656,1.6881083596521311,1.8325033030255975,-0.97820616896842,-0.5123016576820517,1.9122031821263497,443
1789477393.3434117,1789477393.3427765,-10.756370690711636,-23.882938761766646,1.683128115374805,1.665465923085499,-0.9199520305805042,-0.47604748300001165,1.8921562036475923,443
1789477393.3534412,1789477393.3527796,-10.740665167235502,-23.891751784758227,1.6785926924592436,1.5054342980212758,-0.8582977842337396,-0.4392692454075944,1.8741531416694814,443
1789477393.3634005,1789477393.3627753,-10.726350587202338,-23.90003657240283,1.6743746933357935,1.3484811141943456,-0.792420088160982,-0.40132515248197764,1.8576269685306432,443
1789477393.3733153,1789477393.3727777,-10.713625681777058,-23.907620546738148,1.6705524481912957,1.1980430606421313,-0.7243444084211794,-0.3632649346507607,1.842834045938081,443
1789477393.38331,1789477393.3827765,-10.702203686981171,-23.914620475539518,1.6670582363680675,1.052085172071433,-0.653734735577911,-0.3247895320328596,1.8294663155363466,443
1789477393.3935835,1789477393.392857,-10.709984121109244,-23.909831611992082,1.6694451962308867,0.92220132775694,-0.5623305331392462,-0.2811902905669627,1.8385817391160624,443
1789477393.4034107,1789477393.4027786,-10.701142974980238,-23.915280443921123,1.6667304985399207,0.8303292584614201,-0.5173116655853054,-0.2567783064166878,1.8282203073948529,443
1789477393.4135156,1789477393.4127746,-10.693359936059794,-23.920178129827192,1.6643077397645583,0.7441190818042429,-0.47305063681509557,-0.2331932933010278,1.8190520697114059,443
1789477393.4236045,1789477393.4227753,-10.686340969992697,-23.924683564734906,1.6620940825070083,0.6611252404164591,-0.4285879129406274,-0.20987023710045613,1.8107428319455494,443
1789477393.4333675,1789477393.4327607,-10.680041454412676,-23.9288059039492,1.6600819192159328,0.5813798505821446,-0.38413455470499774,-0.18688697190164602,1.8032488392147574,443
1789477393.4433587,1789477393.4427972,-10.67468438975035,-23.93237616039847,1.6583499636152275,0.5086976000395049,-0.3419660751955311,-0.16542767531835878,1.7968460824852945,443
1789477393.4534576,1789477393.4527907,-10.66997277298045,-23.93556579345386,1.6568097360484237,0.4403847199891491,-0.2999958874737524,-0.14470330407787507,1.7911918670972562,443
1789477393.4634268,1789477393.462795,-10.665838511861416,-23.93839024496413,1.6554457244968581,0.3765574254928996,-0.2574317851082373,-0.12469106377467915,1.7862186964561624,443
1789477393.4733393,1789477393.472759,-10.665838511861416,-23.93839024496413,1.6554457244968581,0.3765574254928996,-0.2574317851082373,-0.12469106377467915,1.7862186964561624,443
1789477393.4834254,1789477393.4827917,-10.659425673362298,-23.94269119907239,1.6533195745314084,0.2696803702537733,-0.17274627536247356,-0.08899899833585695,1.7785420243243215,443
1789477393.4932644,1789477393.4927876,-10.656971353416038,-23.94419115235721,1.6525161862112028,0.2266881753597342,-0.1297636925953647,-0.07334361774643183,1.775671883608771,443
1789477393.5032263,1789477393.5027938,-10.654878034654876,-23.94527417980438,1.6518512475155958,0.1901660266862851,-0.08508814847187887,-0.058940474170734704,1.7733150256016805,443
1789477393.5132282,1789477393.5127897,-10.653126771969376,-23.94589849617124,1.6513267040054183,0.1612447062821283,-0.039536371792932845,-0.046212637579654735,1.7714740706886634,443
1789477393.523461,1789477393.522825,-10.65162638016129,-23.946060526209,1.650921062861744,0.13976645134751212,0.007400709396655917,-0.03510522670975915,1.770069985685685,443
1789477393.533271,1789477393.5327945,-10.65031332790898,-23.945749890151458,1.6506202984186036,0.12593002255416924,0.0554107693690249,-0.02574886324882994,1.7690514954758072,443
1789477393.5432208,1789477393.5427942,-10.649085641360468,-23.94494184200857,1.650401812102969,0.11954208084618685,0.10558017379419744,-0.018001423801003936,1.7683401169910637,443
1789477393.5533874,1789477393.55282,-10.647891047251706,-23.943630902686216,1.6502531038363546,0.12079091413769433,0.1570457398300762,-0.012052282521119177,1.7678926420683108,443
1789477393.5634363,1789477393.5628264,-10.646635407681421,-23.941779907520047,1.6501543812949926,0.12967708237110206,0.21058122659451997,-0.007840743867088945,1.7676438336494962,443
1789477393.5732522,1789477393.572823,-10.646635407681421,-23.941779907520047,1.6501543812949926,0.12967708237110206,0.21058122659451997,-0.007840743867088945,1.7676438336494962,443
1789477393.5832665,1789477393.5828228,-10.64369502527281,-23.93647550177156,1.6500396420547814,0.1695773278595985,0.3214977118725791,-0.004828647347529854,1.7675211917951308,443
1789477393.5933547,1789477393.592808,-10.641856923172703,-23.932983934337123,1.6499872577952435,0.2003127161075399,0.37912898005499057,-0.005971229705452323,1.7675330149829915,443
1789477393.6035745,1789477393.6027899,-10.639692494061181,-23.928938461410468,1.649915343202492,0.23776999765483195,0.4377822150908448,-0.008831361278129836,1.7675224264067344,443
1789477393.6134639,1789477393.6127894,-10.637058696036789,-23.92419095621813,1.6498035882168192,0.2830287277211749,0.4991117137849604,-0.013510687542443037,1.7674361037992763,443
1789477393.623335,1789477393.6228075,-10.633990659450477,-23.918914732915763,1.649639070888645,0.33410328800289296,0.5605312605951396,-0.019800549609902723,1.767227354780919,443
1789477393.6334088,1789477393.6327887,-10.630401163174147,-23.9130516744576,1.6494050607033417,0.3911878281078881,0.6226394563356371,-0.027682859887971804,1.7668511153127366,443
1789477393.643477,1789477393.6427977,-10.626185845695694,-23.9065233732318,1.6490826350161492,0.45469748232130025,0.6859826642818609,-0.037203057545081145,1.7662583264884635,443
1789477393.653512,1789477393.6527905,-10.621265834034203,-23.899299778197477,1.6486536574596673,0.5245696636342438,0.7504715799998055,-0.04835056948497474,1.7654009671930306,443
1789477393.6636097,1789477393.6628325,-10.615635035069827,-23.891452797311594,1.648107063461789,0.599757239380628,0.8151718137265751,-0.060944102250800845,1.7642470660830738,443
1789477393.673475,1789477393.672892,-10.615635035069827,-23.891452797311594,1.648107063461789,0.599757239380628,0.8151718137265751,-0.060944102250800845,1.7642470660830738,443
1789477393.683482,1789477393.6827726,-10.602073754077322,-23.87392186413103,1.6466108761072318,0.7644606401027256,0.944174405312789,-0.09008562526797645,1.7609218647155394,443
1789477393.6933956,1789477393.6927922,-10.593722716558295,-23.863848507625253,1.6455957103843994,0.8569157632054468,1.0105844342744077,-0.10712803331794922,1.7585962986025026,443
1789477393.7033339,1789477393.7027855,-10.584958146556023,-23.853729273457642,1.6444724274014983,0.9481791256558353,1.0726664644612132,-0.12430711111748359,1.7559889842974026,443
1789477393.7133338,1789477393.7127776,-10.57484629375629,-23.84252963365691,1.6431168649481749,1.0473417068218933,1.1366575772327845,-0.1432918393652953,1.7528131147511972,443
1789477393.7233222,1789477393.722783,-10.563929773856643,-23.830915517058546,1.641594943465395,1.1481935809437729,1.1983870045474805,-0.16286771349876358,1.74922379293605,443
1789477393.7332826,1789477393.732777,-10.551967990650338,-23.818667595595972,1.6398702608676068,1.2524533422249031,1.2589254764067233,-0.1833220473347268,1.7451379074154798,443
1789477393.7433393,1789477393.7427723,-10.538881427218453,-23.80575514687038,1.6379272883169074,1.360147071603253,1.3181749246914076,-0.20461886362163198,1.7405211598020118,443
1789477393.7536507,1789477393.752774,-10.524681318008106,-23.792238252567454,1.6357644126428763,1.4705595639175062,1.3756180139106227,-0.22657104168431136,1.7353725173868413,443
1789477393.7634997,1789477393.7627726,-10.509541440138072,-23.778317978815476,1.6334068661758392,1.581913952090193,1.430275875455106,-0.24877360961027947,1.7297550613214479,443
1789477393.7732518,1789477393.7727907,-10.509541440138072,-23.778317978815476,1.6334068661758392,1.581913952090193,1.430275875455106,-0.24877360961027947,1.7297550613214479,443
1789477393.7833056,1789477393.782845,-10.475739985790723,-23.74877333514515,1.6279954992360042,1.8109130780611793,1.5325792086145773,-0.2944016961882811,1.7168568018070491,443
1789477393.7933178,1789477393.7927582,-10.45680627686342,-23.73301253054336,1.6248960472936642,1.929292957835937,1.5801592925667605,-0.31785334016684524,1.7094713350697566,443
1789477393.8032007,1789477393.8027563,-10.437015023404655,-23.717061096020785,1.6216166413988553,2.0466257965079784,1.6237079766811227,-0.34092572649166974,1.7016598988673959,443
1789477393.813353,1789477393.8127913,-10.416167354051913,-23.700781591405285,1.6181273342437819,2.1639476801830178,1.6635871307813572,-0.3637624944261758,1.6933510161115888,443
1789477393.8232782,1789477393.822778,-10.393663999197026,-23.683758713611187,1.6143296209249134,2.284158407075179,1.7005414546020563,-0.38685182367840265,1.6843088943730722,443
1789477393.8334005,1789477393.832775,-10.37054768859862,-23.66681786050895,1.610402935090745,2.4014289458365314,1.7326502284776142,-0.40900487858490536,1.6749581157889075,443
1789477393.8435187,1789477393.8428197,-10.345568565548596,-23.64908648889046,1.6061391003503156,2.521796416612138,1.7613921503612073,-0.4312846772739944,1.6647985540612376,443
1789477393.8533895,1789477393.8528137,-10.319674538082063,-23.63129203987542,1.6017044634765911,2.640292967834091,1.785321779719171,-0.45268330850359384,1.654220236011676,443
1789477393.8634362,1789477393.8627698,-10.292827420666224,-23.613432642161914,1.5970986404824767,2.7570438869769,1.8044421656250957,-0.47316197524102543,1.6432144846824075,443
1789477393.8733256,1789477393.872776,-10.264857157124206,-23.595427892464446,1.5922990185386536,2.8726685309362487,1.8187719773678788,-0.4927607897269486,1.6317173907074909,443
1789477393.883347,1789477393.8828204,-10.264857157124206,-23.595427892464446,1.5922990185386536,2.8726685309362487,1.8187719773678788,-0.4927607897269486,1.6317173907074909,443
1789477393.8934646,1789477393.892787,-10.204848664657828,-23.55872889641521,1.5820287139708664,3.102413386950329,1.8325021607434335,-0.5292879071759274,1.6069798925423573,443
1789477393.903257,1789477393.9027586,-10.173525972366791,-23.540554509862567,1.5766973030619755,3.213492140364097,1.8314696732674962,-0.5455792841829208,1.59404246567297,443
1789477393.9132288,1789477393.9127839,-10.140738955036005,-23.52221263738083,1.571147971501213,3.3239468566947936,1.8250033442019333,-0.5607338977614871,1.580488209536262,443
1789477393.923225,1789477393.9228058,-10.106907532596313,-23.50399150046835,1.5654626344064415,3.432157002014755,1.8130047098401572,-0.5744371329752855,1.5664923681559317,443
1789477393.9332178,1789477393.932771,-10.072115757930792,-23.485975538860696,1.5596662239883015,3.537782538576179,1.7954504823701525,-0.5865790904682663,1.552090509716352,443
1789477393.9432118,1789477393.9427943,-10.036057432401092,-23.468053945708917,1.553719820789479,3.64163027142642,1.772090177982438,-0.5971732583581163,1.5371553985922959,443
1789477393.9534214,1789477393.9527977,-9.998697620741039,-23.4502695505104,1.5476316208303849,3.743604131755105,1.7427434021021064,-0.6061099041924566,1.5216706522472307,443
1789477393.9633467,1789477393.962784,-9.961256175936432,-23.433227849305304,1.5416115679119615,3.840440030087315,1.7084565356183508,-0.6130740231519064,1.5061391702681646,443
1789477393.973378,1789477393.97277,-9.922464168391173,-23.416379163680332,1.5354675045286421,3.9354695948258724,1.6681479973079834,-0.6182748389875197,1.4900305612651215,443
1789477393.983276,1789477393.9827693,-9.882260466829115,-23.39976834642656,1.5292072399973056,4.028617135866006,1.621594541805064,-0.6215904639623813,1.4733131496652412,443
1789477393.9932303,1789477393.9927907,-9.841852788159878,-23.38393128898199,1.5230326552838631,4.117087451337131,1.570248708618062,-0.6228808969770966,1.4564823625042282,443
1789477394.0033252,1789477394.002802,-9.80005882089185,-23.368442188488345,1.5167775833884496,4.203476433958225,1.5126759444732525,-0.6221469121725439,1.4390376158519023,443
1789477394.0133362,1789477394.012789,-9.758221822235784,-23.353832725805187,1.510657195789112,4.285034202029243,1.4508190827634435,-0.6193864285317043,1.421530634172465,443
1789477394.0232584,1789477394.0228062,-9.71502675828171,-23.339677959195154,1.504493840310315,4.364354611584698,1.3828402892290172,-0.6144906376397891,1.403400979636796,443
1789477394.0332022,1789477394.032785,-9.670469896667894,-23.32605527260213,1.4983098300193516,4.441250379277302,1.3086643939225966,-0.6073448928695165,1.3846330659616712,443
1789477394.0432231,1789477394.042789,-9.62541437100299,-23.313280711929295,1.4922440055519373,4.514183580765782,1.2297952836930686,-0.5980367245820003,1.3655768555943895,443
1789477394.053428,1789477394.0527885,-9.579958693186258,-23.3014035525645,1.4863233673550929,4.5830971205101845,1.1466054176711407,-0.5866036033268447,1.3462619982830906,443
1789477394.0636115,1789477394.0627868,-9.534163418527337,-23.29045650989855,1.4805687518372468,4.6480160091134355,1.0594247827576853,-0.5730882700769634,1.3267023293170834,443
1789477394.073296,1789477394.072766,-9.487065476426112,-23.280257315120252,1.4748789280839298,4.710285244977563,0.9665495356968588,-0.5571766020880892,1.306471083072049,443
1789477394.0832233,1789477394.0827832,-9.487065476426112,-23.280257315120252,1.4748789280839298,4.710285244977563,0.9665495356968588,-0.5571766020880892,1.306471083072049,443
1789477394.0932019,1789477394.092782,-9.392345595601604,-23.262970284996253,1.4641713047044655,4.822555799597283,0.7711371606716775,-0.5193107850123962,1.2653909962966865,443
1789477394.103196,1789477394.1027825,-9.343181450068572,-23.25568239259561,1.4590184202576748,4.874414830386721,0.6658048195451586,-0.4967281646423459,1.2438428275569455,443
1789477394.1132483,1789477394.1127815,-9.294254062443297,-23.249564169945877,1.454176850998625,4.921928482371404,0.558755718990699,-0.47237375923475444,1.2222339556589636,443
1789477394.123227,1789477394.1227565,-9.244669592351642,-23.244512024491854,1.44957084880035,4.966095364142302,0.4483285467206627,-0.445859179994578,1.2001600954339526,443
1789477394.1331992,1789477394.1327837,-9.19510146941157,-23.240610267214603,1.4452777256668639,5.006412095221689,0.33630677613050936,-0.4175894347791365,1.17791160016353,443
1789477394.14322,1789477394.1427944,-9.144751511669117,-23.237815763982915,1.4412446546127227,5.043608047264746,0.22117739804706044,-0.3871507653967301,1.155121364645579,443
1789477394.153396,1789477394.1527812,-9.094265059748022,-23.236188846552132,1.437541377656852,5.07726679102903,0.1047118470761124,-0.35496976231993005,1.1320734334858296,443
1789477394.1632705,1789477394.1627834,-9.04328644861755,-23.235731744365765,1.4341572997672805,5.107716775517433,-0.01358948680138787,-0.32087463172337904,1.1086010039110383,443
1789477394.1732812,1789477394.1727977,-8.991734139219181,-23.236471757363695,1.431107397155804,5.1350522452171505,-0.1335877393540246,-0.2848495050556421,1.0846618805112835,443
1789477394.183228,1789477394.1827836,-8.991734139219181,-23.236471757363695,1.431107397155804,5.1350522452171505,-0.1335877393540246,-0.2848495050556421,1.0846618805112835,443
1789477394.193563,1789477394.1927614,-8.888861554514602,-23.241519174633346,1.426176129161465,5.179812668927153,-0.37272544394795204,-0.2086784068631097,1.0363030614400142,443
1789477394.203693,1789477394.2027633,-8.836841290753565,-23.245857853819402,1.4242859725783203,5.197777167647916,-0.49276301112292753,-0.1681773272063201,1.0115689620681247,443
1789477394.213493,1789477394.212778,-8.785242178500804,-23.251327904955907,1.4228228754238028,5.212686016312067,-0.6107523132392668,-0.12681675486465863,0.9868670305739489,443
1789477394.2233546,1789477394.2227879,-8.733038037431282,-23.2580278641919,1.4217682069353725,5.224959917685682,-0.7286580560850869,-0.0838687513213085,0.9617235732954517,443
1789477394.2333376,1789477394.2327833,-8.680546302717358,-23.26592616608954,1.4211476495256448,5.234054143494487,-0.8444734856255662,-0.03956239581805719,0.9363126602694214,443
1789477394.2433226,1789477394.2427716,-8.628473640287734,-23.274869923554878,1.4209784466798672,5.237887281330973,-0.9529638688012925,0.005791220013616572,0.9110248581374876,443
1789477394.253557,1789477394.2527723,-8.575675022444242,-23.284992181381135,1.4212754277587407,5.234609990473518,-1.0531368175134845,0.05339565799189863,0.8853847806924375,443
1789477394.263471,1789477394.2627676,-8.523770059100686,-23.29588503021567,1.4220444636981149,5.222959170275761,-1.139658640158734,0.10181261325675654,0.8602823027826947,443
1789477394.2735384,1789477394.2727666,-8.47180923450071,-23.307620827893167,1.4233072721471924,5.201899073457278,-1.2128764359397228,0.1517853896831509,0.835374647645192,443
1789477394.2834356,1789477394.2828083,-8.47180923450071,-23.307620827893167,1.4233072721471924,5.201899073457278,-1.2128764359397228,0.1517853896831509,0.835374647645192,443
1789477394.2932644,1789477394.292768,-8.36842823620773,-23.333005313529828,1.4273684746430078,5.129368444057033,-1.3156578803811598,0.25473894565163163,0.7869956342721318,443
1789477394.303477,1789477394.3028092,-8.316955787855791,-23.346434146690953,1.4302012912836501,5.07725350564793,-1.345213075790111,0.3070524637978118,0.7637609482447556,443
1789477394.313264,1789477394.312767,-8.266989462102705,-23.359837256808177,1.433493330798627,5.016235697048011,-1.3605428874984167,0.35793814062951107,0.7419196926216705,443
1789477394.3234074,1789477394.322782,-8.216754080508178,-23.373582883147947,1.4373602996962316,4.944492008882142,-1.3633345567398918,0.4086944049715439,0.7207936141516131,443
1789477394.3334727,1789477394.3327835,-8.167621240265179,-23.38720449147947,1.4416996643049866,4.864284858928016,-1.3546801009466032,0.45739696093970467,0.7010537214754562,443
1789477394.3434663,1789477394.3427904,-8.119446167023106,-23.400657398686025,1.4465038322391146,4.7761142874115,-1.3362786360940089,0.5036651812004745,0.6826879641650172,443
1789477394.353503,1789477394.3527937,-8.0720790246228,-23.413915644869068,1.4517691769017196,4.680383987504365,-1.3097538366238983,0.5471121378269173,0.665676509151838,443
1789477394.363508,1789477394.3627958,-8.026188703909595,-23.426739903843295,1.4573904824362889,4.579278895949326,-1.27729176267589,0.5866481774548292,0.6502611780879406,443
1789477394.3735478,1789477394.372797,-7.980962556236155,-23.43932040423127,1.4634353475772517,4.471796243211315,-1.2400646804566442,0.6225096334058013,0.6361577975814592,443
1789477394.3834019,1789477394.3827665,-7.980962556236155,-23.43932040423127,1.4634353475772517,4.471796243211315,-1.2400646804566442,0.6225096334058013,0.6361577975814592,443
1789477394.3932295,1789477394.3927915,-7.893342192881576,-23.463437657599684,1.476567944121643,4.242275980207637,-1.1583958583223293,0.6806403286985193,0.6120855595987302,443
1789477394.4031525,1789477394.402771,-7.851548004543453,-23.47480704620246,1.4834787540825953,4.123322296474923,-1.117619460255275,0.7018136294133962,0.6021647854906136,443
1789477394.4132583,1789477394.4127643,-7.810908109385969,-23.48578898148505,1.4905820619777468,4.002033751897449,-1.0785343680446355,0.7175082244004701,0.5934946593079302,443
1789477394.4234228,1789477394.4227726,-7.77191872037471,-23.496278250696424,1.4977335856385188,3.880608898807031,-1.0427315783020332,0.7274442301134786,0.5860717384601628,443
1789477394.4334493,1789477394.4327767,-7.733273578199823,-23.50666300046978,1.5051233816847347,3.755472319110789,-1.0099948832120922,0.7317749434826029,0.5795559793084195,443
1789477394.443461,1789477394.4427779,-7.696365602341445,-23.516612896304505,1.5124329270516514,3.631568717089692,-0.9822662023073664,0.7302635443134771,0.5740806096282882,443
1789477394.4534292,1789477394.4527729,-7.661037819857107,-23.526217035694966,1.5196284751094067,3.5089421170256876,-0.959778567126943,0.7231918275377178,0.5694798369615786,443
1789477394.4635198,1789477394.4627695,-7.626283264053746,-23.53580190576123,1.5268612997596254,3.3843797365398145,-0.9421922270265928,0.7104594890155358,0.5655113810325678,443
1789477394.4734123,1789477394.4727912,-7.593230330466783,-23.545108719376064,1.5338434373866385,3.2621438155531566,-0.9301160989724759,0.6926997734580388,0.5621911347073247,443
1789477394.4835024,1789477394.4827666,-7.561242721520102,-23.554363723915532,1.5406559422476922,3.140097403811456,-0.9230221733264385,0.6699988027259799,0.5593350645172832,443
1789477394.4934042,1789477394.4927702,-7.561242721520102,-23.554363723915532,1.5406559422476922,3.140097403811456,-0.9230221733264385,0.6699988027259799,0.5593350645172832,443
1789477394.5033736,1789477394.5027716,-7.500673213683036,-23.572848367418754,1.5535395759515578,2.8974493889865958,-0.9220110317585632,0.6114612830489381,0.5546252744281626,443
1789477394.513405,1789477394.5127702,-7.472052849527101,-23.582171263091155,1.559534823267564,2.7765458847535194,-0.9266726430789554,0.5765441352716856,0.5525816207460401,443
1789477394.5233939,1789477394.5228608,-7.444954659778185,-23.59144582431826,1.5651008055244162,2.6575514218938436,-0.9334330840042977,0.5391881643130074,0.5506659738277915,443
1789477394.533358,1789477394.532763,-7.41932051734702,-23.60069061788615,1.5702277789833956,2.540205950351306,-0.9411763281255053,0.5000768783031854,0.548809397793766,443
1789477394.5433896,1789477394.542791,-7.394337748441293,-23.610210461931057,1.5750566349183175,2.4205234282734267,-0.9490334057145181,0.45855629748325183,0.5468990420418622,443
1789477394.5535843,1789477394.5527632,-7.37082118437778,-23.619696076965052,1.5794148325570205,2.3021376731833922,-0.9556116847051358,0.4165722217086517,0.5449551446503749,443
1789477394.563513,1789477394.5627642,-7.34850538721065,-23.6292275341378,1.5833493583892067,2.183652739483647,-0.9598961788683311,0.3743332907966995,0.5429300834489867,443
1789477394.5733607,1789477394.5727432,-7.3273931554474485,-23.63877516759883,1.5868609504982198,2.0649718070536367,-0.9608648743914407,0.33244925747962456,0.5408075346673504,443
1789477394.5834868,1789477394.5827763,-7.307249891009188,-23.648416671510773,1.5899919797420448,1.9445941675135134,-0.9575383779898637,0.2909955983070629,0.5385535981976042,443
1789477394.5935225,1789477394.5927792,-7.288136795760703,-23.658093889107253,1.5927382091129385,1.8226413304213465,-0.9489577621823502,0.2505881085673444,0.5361699113782605,443
1789477394.6033947,1789477394.60278,-7.270364068409457,-23.667598816710075,1.5950713321769008,1.7011254181787756,-0.934565094960289,0.21236101921767936,0.5337044957134418,443
1789477394.6135576,1789477394.6127784,-7.254244460329157,-23.67668028125215,1.5969826882597766,1.5827793616725443,-0.9144930726009765,0.17742481296062854,0.5312308534794625,443
1789477394.6235068,1789477394.6227689,-7.2390501207931965,-23.685677312768508,1.5985867802085258,1.4626874098347478,-0.8876988464615173,0.14455180519797206,0.5286645887248305,443
1789477394.6333349,1789477394.6327496,-7.2249773432467785,-23.6944217314965,1.599883618678938,1.3425072323651184,-0.8541946810846153,0.11445487250843706,0.5260587041047875,443
1789477394.6433494,1789477394.6427479,-7.212133301145818,-23.70277904141414,1.6008922615239627,1.2236469373790362,-0.8143535597271475,0.08758753838946669,0.5234638228411179,443
1789477394.6535025,1789477394.6528006,-7.200488800328206,-23.710694907676828,1.6016473162664842,1.106572848011018,-0.7685352199471994,0.06404121911514701,0.5209100663300896,443
1789477394.6634567,1789477394.6627786,-7.189908448139859,-23.718193905932278,1.6021878490811534,0.9906412896127063,-0.7167154908826636,0.04364565663161714,0.5184021987891212,443
1789477394.673526,1789477394.6728003,-7.180691248624931,-23.724988748932304,1.6025332774138135,0.8803163773671127,-0.6614446092623806,0.02698156001615968,0.5160523579572043,443
1789477394.683496,1789477394.682789,-7.180691248624931,-23.724988748932304,1.6025332774138135,0.8803163773671127,-0.6614446092623806,0.02698156001615968,0.5160523579572043,443
1789477394.6934798,1789477394.6927643,-7.165181494432959,-23.73705408360081,1.602809023827392,0.6674565198505753,-0.538388980281292,0.0025354506867986196,0.5116843347049518,443
1789477394.7033184,1789477394.702784,-7.159051351592961,-23.742077920224688,1.6027935554656438,0.5698266625402993,-0.4746781086316978,-0.005211949055550072,0.5097839256728007,443
1789477394.7132206,1789477394.7127633,-7.1537802877139605,-23.746536064123745,1.6027122201552313,0.47671721276165957,-0.40959239842212825,-0.010512569745951494,0.5080515476414833,443
1789477394.723239,1789477394.7227948,-7.1494436181379335,-23.750315358114957,1.6025902189795005,0.3912524043629142,-0.3460497405587391,-0.013527900360745679,0.5065446779377352,443
1789477394.7332175,1789477394.73277,-7.1459252413811605,-23.75346905286605,1.6024477728729425,0.3134316878875243,-0.28491457029779965,-0.014667340987859684,0.5052561419621762,443
1789477394.7431989,1789477394.7427857,-7.143139023628277,-23.75603380688135,1.6023013877108934,0.24371797799103684,-0.2273614826739213,-0.014312886341356829,0.5041835034006605,443
1789477394.7534754,1789477394.752793,-7.14104019606525,-23.758014637976984,1.602166667146035,0.1837954833879203,-0.17563827751059247,-0.012889784026621443,0.5033365755306214,443
1789477394.7635589,1789477394.7627728,-7.1394576470086815,-23.759543883910105,1.60204716111941,0.13160513533214524,-0.1287284813695806,-0.010721954446661575,0.502668828454504,443
1789477394.7736855,1789477394.7727702,-4.30338752202751,-23.58708797173547,1.7322403137846591,4.40634096809637,-0.25019849716887177,-1.1409542887143744,1.314891410502189,444
1789477394.783692,1789477394.7828343,-4.2599755671190564,-23.590158556236275,1.7207838139563687,4.244630597194432,-0.36037606477709866,-1.1412945280221423,1.275693491570908,444
1789477394.7942333,1789477394.7928267,-4.218509505360555,-23.594258111929967,1.7094363210246697,4.077742279757158,-0.46097886942493527,-1.1354417751021468,1.2388278608905576,444
1789477394.803686,1789477394.8027563,-4.178947935200698,-23.599282639891396,1.6982384408149904,3.90600763294235,-0.5514577274702771,-1.1236296900507274,1.2042274642154203,444
1789477394.8135555,1789477394.81276,-4.140980951354591,-23.605175931321938,1.6871469531842949,3.728446941481017,-0.6319195471880718,-1.1059455358979886,1.1715947467428856,444
1789477394.823576,1789477394.8227615,-4.104502234629155,-23.61187493776793,1.6761675676721022,3.544733499707442,-0.7019707226201033,-1.0824278729851846,1.140817827536257,444
1789477394.8335836,1789477394.832753,-4.070027437160819,-23.6191868343659,1.6654957225313145,3.357873552222356,-0.7602115789536037,-1.0536207447916903,1.1122979064589185,444
1789477394.843537,1789477394.842757,-4.037457974858687,-23.62701605180606,1.655144387045008,3.168019722407676,-0.8066523757265792,-1.019795174614826,1.0859051562059245,444
1789477394.8535314,1789477394.8527615,-4.0065310234563265,-23.635324424234753,1.6450669944030467,2.9741521321717355,-0.8414830187175136,-0.9809478635179288,1.0613831940948226,444
1789477394.8634813,1789477394.8627784,-3.9780263017658517,-23.64377929586321,1.6355587656584232,2.7820889075375184,-0.8640144357236422,-0.9385367539281425,1.03928876812207,444
1789477394.873366,1789477394.87274,-3.9510516154792654,-23.652527428679207,1.6263600329054415,2.586742546610013,-0.8752149240139053,-0.8917110344702708,1.018867807386981,444
1789477394.8832595,1789477394.882741,-3.9510516154792654,-23.652527428679207,1.6263600329054415,2.586742546610013,-0.8752149240139053,-0.8917110344702708,1.018867807386981,444
1789477394.893247,1789477394.8927462,-3.9028818229550493,-23.670114344635024,1.6094223352830297,2.1978011591797357,-0.8640231818059817,-0.7884395533399131,0.9837200322804951,444
1789477394.9033659,1789477394.9027917,-3.8820506971976565,-23.678575608038443,1.6018819318813164,2.009857602914708,-0.8432814251406898,-0.7341493957913506,0.9691071680952974,444
1789477394.9133914,1789477394.9127333,-3.862827442295452,-23.68689162402067,1.594799388738171,1.8230647507292912,-0.8130829885780813,-0.6775674464734422,0.9559756458982611,444
1789477394.9232395,1789477394.9227002,-3.8453636079463482,-23.69490565344221,1.588255207527606,1.6399618596373446,-0.7743629856322637,-0.6196817964700451,0.9443673201085097,444
1789477394.9333277,1789477394.9327772,-3.8299936686797484,-23.70235443162199,1.5824029225961587,1.46591389930965,-0.7292765270043522,-0.5625228028963165,0.9344280503073512,444
1789477394.943466,1789477394.9427598,-3.816136014930905,-23.7094203134454,1.577046017155948,1.296168653119641,-0.6775580471244995,-0.5048337057405662,0.9257112715134026,444
1789477394.953704,1789477394.9527602,-3.8039728742287005,-23.71592617120053,1.5722756063857257,1.134585585116057,-0.6211919562059296,-0.4481758708832081,0.9182712764752687,444
1789477394.963448,1789477394.9627767,-3.7933858146034853,-23.72184875421161,1.5680658387320712,0.981674045919923,-0.5613642921894529,-0.39301412582680073,0.9119735643492404,444
1789477394.9733553,1789477394.9727812,-3.784335585265959,-23.72712909420226,1.5644198690530366,0.8391603246128085,-0.4998052398788403,-0.3402556355602132,0.9067370804230657,444
1789477394.983361,1789477394.9827793,-3.7906873987385756,-23.723400873862857,1.5669835618777248,0.7523738101926459,-0.43531738950779164,-0.30231455326256895,0.9103973108549712,444
1789477394.9933484,1789477394.9927585,-3.78360265986762,-23.7275663863696,1.5641225261926808,0.6616306557246638,-0.39544451387536456,-0.26856628904465396,0.9063194649072432,444
1789477395.0034792,1789477395.0027733,-3.7774150779611877,-23.731321459296794,1.5615988078338785,0.5764116654968904,-0.3553276506690238,-0.23626739111243972,0.90283559068201,444
1789477395.0134287,1789477395.0127676,-3.77204750708507,-23.734678842852418,1.5593884950725654,0.496702526823049,-0.31538243628255147,-0.20551791811392195,0.8998785602862251,444
1789477395.023498,1789477395.0227737,-3.7674587786911036,-23.73763317619174,1.5574814157793777,0.42299409020941575,-0.2762724830198051,-0.17660844448457083,0.897404412274434,444
1789477395.033345,1789477395.0327978,-3.763597660034884,-23.740188640648984,1.5558628564586012,0.35572225676888886,-0.2387295359897866,-0.14967352549423574,0.8953662020580091,444
1789477395.043335,1789477395.0427935,-3.7603164488456655,-23.742420712867155,1.5544800898071152,0.29361709498371186,-0.20267310774187472,-0.12372197946904205,0.8936710174019478,444
1789477395.053396,1789477395.0527465,-3.757687490841955,-23.744261328326587,1.553377937970023,0.23960120461875214,-0.1704148929751002,-0.09951745051141908,0.8923436597064445,444
1789477395.063437,1789477395.0627372,-3.75553566095161,-23.745817491423388,1.5525013719172838,0.19180371642613522,-0.14137818352888523,-0.07586363344328362,0.8912854138469739,444
1789477395.0734494,1789477395.072788,-3.7538182061711893,-23.74711017579974,1.5518552084595159,0.15092241683463226,-0.11641995083808092,-0.052714794569045334,0.8904686172961402,444
1789477395.083344,1789477395.0827587,-3.7524865812947996,-23.74816579631273,1.5514423684181196,0.11767793314383865,-0.09635244085538233,-0.03024761919423769,0.8898638479150893,444
1789477395.0933397,1789477395.0927591,-3.7514419602351454,-23.749053038376392,1.5512508779929324,0.09154923863543885,-0.08116796191550668,-0.007926686937942585,0.8894205144298994,444
1789477395.103188,1789477395.102745,-3.7506220018348393,-23.749814660254316,1.5512822825042125,0.07290910954387071,-0.07133891661396052,0.014137928355503062,0.8891064778803712,444
1789477395.1134126,1789477395.1127865,-3.749964016606423,-23.75049181626775,1.551527048859812,0.06193701757715629,-0.06709907936576462,0.03554114288961776,0.8888886967104268,444
1789477395.1233633,1789477395.1227667,-3.749366664639617,-23.7511679885158,1.5519931651594312,0.05816987522845115,-0.06839588018997549,0.057165196363895304,0.8887228368893965,444
1789477395.1333752,1789477395.1327884,-3.7487755120282036,-23.75187881782083,1.552667918476049,0.061793095297161135,-0.07533093775221789,0.07833080281649142,0.8885804550329692,444
1789477395.1433022,1789477395.1427438,-3.7481099464787726,-23.75268933143849,1.5535549442849061,0.07270075079280663,-0.08792050899149828,0.09924923098860988,0.8884258539450265,444
1789477395.1534734,1789477395.1527526,-3.747289742502861,-23.753664873005736,1.5546618786015527,0.09101668605455261,-0.10630121065687605,0.11999188149452142,0.8882240300843103,444
1789477395.1634758,1789477395.162778,-3.7462683615012495,-23.754831606928743,1.5559514882842347,0.11602458474150039,-0.12977663883287288,0.1398847446537602,0.8879489509987648,444
1789477395.1733077,1789477395.1727579,-3.7462683615012495,-23.754831606928743,1.5559514882842347,0.11602458474150039,-0.12977663883287288,0.1398847446537602,0.8879489509987648,444
1789477395.1833556,1789477395.1827576,-3.743283256556128,-23.75802293081209,1.5591361996454094,0.18689602824226695,-0.19264938969483483,0.17802034561549276,0.8870381580318876,444
1789477395.1933305,1789477395.1927583,-3.741175747406184,-23.760156582242143,1.5610209285835281,0.23254551339547963,-0.2316833823871565,0.1959535276050749,0.886338312265547,444
1789477395.2033842,1789477395.2027657,-3.738572095148913,-23.762710441351597,1.5630841146221965,0.28463949045222775,-0.27531725274441915,0.21285843239417448,0.8854364713594292,444
1789477395.2134411,1789477395.2127316,-3.735508162367808,-23.765635089540414,1.5652474855791012,0.34116133348927036,-0.32176630398651446,0.22813438719797502,0.884340513402091,444
1789477395.2235265,1789477395.2227526,-3.731727713490333,-23.769157599800383,1.567635265471734,0.405442709434755,-0.3736114032415813,0.24257793667325697,0.8829538508198627,444
1789477395.233433,1789477395.2327313,-3.7273917362761897,-23.773110830979057,1.5700944984994665,0.4734904438227603,-0.42746074178111687,0.25517815266490934,0.8813318163883497,444
1789477395.2434342,1789477395.242736,-3.7222305276576395,-23.777723811441913,1.5727326019550536,0.5484185756903538,-0.48560160761312693,0.2664297148952059,0.8793712662550024,444
1789477395.2534308,1789477395.2527385,-3.7163847498344285,-23.78285244763132,1.5754321031328435,0.627100056387557,-0.5454054240573669,0.27574206242372906,0.8771241531836442,444
1789477395.2631693,1789477395.2627568,-3.709676931807479,-23.78863499392173,1.5782373217508965,0.7110375201174014,-0.6078264091119319,0.2832270260902108,0.8745225083902293,444
1789477395.2732852,1789477395.2728117,-3.709676931807479,-23.78863499392173,1.5782373217508965,0.7110375201174014,-0.6078264091119319,0.2832270260902108,0.8745225083902293,444
1789477395.2832234,1789477395.2827675,-3.6936795067025185,-23.802077128757663,1.5840047789981102,0.8910694768005654,-0.7369708284189004,0.2919954010488632,0.8682628033117537,444
1789477395.2932606,1789477395.2927651,-3.684299930901144,-23.809770986150788,1.5869302075033194,0.986686997471892,-0.8029283354374114,0.2931068645675129,0.8645758448310272,444
1789477395.3032353,1789477395.3027718,-3.6740279866185688,-23.818061959630914,1.5898338108730647,1.0849190323797535,-0.8687637958215724,0.2919518839220669,0.8605349235197854,444
1789477395.3132005,1789477395.312771,-3.662571538094493,-23.827159612796834,1.5927619396251502,1.1878456163776259,-0.9356195799890609,0.2884129374143164,0.8560315532604617,444
1789477395.323183,1789477395.3227563,-3.65011109689743,-23.836891943574397,1.5956316766000227,1.2931428179385,-1.001719982937681,0.2824754038130678,0.8511446486687646,444
1789477395.333195,1789477395.332758,-3.636722252257402,-23.847175921395873,1.5984017938685688,1.3997626539206478,-1.0662310428961614,0.2742061361962327,0.8459127835913032,444
1789477395.3433797,1789477395.3427792,-3.6222107663961287,-23.85813399303722,1.6010868762541801,1.508819759832846,-1.1296324743482402,0.2635157919500859,0.8402703384401025,444
1789477395.353397,1789477395.352774,-3.6066297042467483,-23.869696018257617,1.6036490902793066,1.619445631470277,-1.1911991193506903,0.25047316092288074,0.8342497501159167,444
1789477395.3632822,1789477395.362741,-3.589929107642515,-23.881868436629585,1.6060711322616577,1.7316302722324202,-1.2507346815429066,0.23512987824682313,0.827844676638799,444
1789477395.3732364,1789477395.3727558,-3.5718960050859647,-23.894770272158013,1.6083553131717285,1.846969953091555,-1.3090364129927068,0.21790195478758526,0.8209890214506723,444
1789477395.3832026,1789477395.3827562,-3.5528393084284238,-23.908146700501675,1.6104456773537104,1.9640402264350996,-1.365471292997096,0.20002149824062615,0.8138172977971854,444
1789477395.3933048,1789477395.3927715,-3.532793530491752,-23.921947320016017,1.6123394000887614,2.083101428610852,-1.4202550499215847,0.18231924731717258,0.806359442032687,444
1789477395.4032543,1789477395.4027402,-3.5112635939852317,-23.936477989552188,1.6140820631057076,2.2072387471164676,-1.4747355277846879,0.16506069823988986,0.7984530587372127,444
1789477395.4131782,1789477395.4127622,-3.4886409139017265,-23.95143767431697,1.6156463040635982,2.3341647955522347,-1.527756291366266,0.14915474036394133,0.7902663862724948,444
1789477395.4231946,1789477395.4227533,-3.46439383462581,-23.96713823339907,1.6170786913631514,2.4666864252781093,-1.5802621565445054,0.13473577805218562,0.7816349275891632,444
1789477395.4332085,1789477395.4327536,-3.4391279878814975,-23.98314901309885,1.618359711402322,2.6012310759597983,-1.6305749585298805,0.12254933067430213,0.7728033433596555,444
1789477395.4437027,1789477395.4428353,-3.4123137865212003,-23.999768209761196,1.6195382746628741,2.7402939773475885,-1.6793406289030726,0.1126095201221539,0.7636166947971574,444
1789477395.4535475,1789477395.4527824,-3.384576711144693,-24.01657195714778,1.6206117208431086,2.8802657756524703,-1.7249922270173996,0.10531165672932606,0.7543196385921958,444
1789477395.4634554,1789477395.46275,-3.3551996186396518,-24.033955638412547,1.6216338817257834,3.0243398494982903,-1.7682306744634049,0.10056395349823469,0.7447044992193566,444
1789477395.473446,1789477395.4727647,-3.3551996186396518,-24.033955638412547,1.6216338817257834,3.0243398494982903,-1.7682306744634049,0.10056395349823469,0.7447044992193566,444
1789477395.4836652,1789477395.482746,-3.291720655391259,-24.070129746758674,1.6236141171046927,3.321460857152884,-1.844538189816924,0.0991703805601624,0.7247519416974293,444
1789477395.4933991,1789477395.49276,-3.2576623546792436,-24.08878529691823,1.6246230537349484,3.4731159293122675,-1.8762786212035094,0.10255074934152321,0.7145140861464623,444
1789477395.5034494,1789477395.5027502,-3.222198211190648,-24.10767044061751,1.6256755616583234,3.625459792105641,-1.9028354960374696,0.10854572351900076,0.7042004939460942,444
1789477395.5134535,1789477395.5127723,-3.1847818478498464,-24.127010231066315,1.6268138419130354,3.780200283223534,-1.923964207301288,0.11716472082561363,0.693701319795393,444
1789477395.523394,1789477395.522769,-3.146318465980483,-24.146276940547278,1.628034759567868,3.933057207606373,-1.9386310252932057,0.12805462780512028,0.6833146465763422,444
1789477395.5333974,1789477395.532771,-3.1064724222641695,-24.165590347032932,1.629370586134279,4.0849878123190235,-1.9466356133794103,0.14110256528246448,0.6729849809185904,444
1789477395.543375,1789477395.5427551,-3.064015104353984,-24.185456603104594,1.6308870439545755,4.2399439319036665,-1.9475152951375894,0.15658487366683774,0.6624547577464399,444
1789477395.5534036,1789477395.5527647,-3.021538053673418,-24.20460544603477,1.632509908351306,4.38809000285143,-1.9409154714581467,0.1733462068268783,0.652404770905622,444
1789477395.5632465,1789477395.5627816,-2.9769689922995557,-24.223924712286372,1.6343329301918752,4.536430531788908,-1.9263996003230868,0.19196476740661594,0.6423733785139996,444
1789477395.573455,1789477395.5727637,-2.9304376939255814,-24.243258617381407,1.6363714458548255,4.6838679248421595,-1.9034433346522437,0.21221383908370853,0.6324518420380263,444
1789477395.5839074,1789477395.5827706,-2.9304376939255814,-24.243258617381407,1.6363714458548255,4.6838679248421595,-1.9034433346522437,0.21221383908370853,0.6324518420380263,444
1789477395.5932252,1789477395.5927656,-2.83391018090745,-24.28067460913499,1.6410440560894612,4.966915363478187,-1.8325627321641427,0.2557039599324864,0.6136210920177065,444
1789477395.6032112,1789477395.6027439,-2.7836677150818057,-24.29872718361745,1.643709382948995,5.102790368056515,-1.7843795759882766,0.27862562521240514,0.6047297437967367,444
1789477395.6135535,1789477395.6127386,-2.732655889643525,-24.31606930135475,1.6465735105503658,5.233210145506803,-1.7283226354949524,0.30180816171844616,0.5963221586886001,444
1789477395.6233456,1789477395.6227782,-2.679316877485252,-24.333146440460403,1.649732490186978,5.36183692612699,-1.6626390702339588,0.32575674513740727,0.5881850361812668,444
1789477395.633267,1789477395.632765,-2.624781078562911,-24.34949820857848,1.6531284417233307,5.485550621855426,-1.5886598511530956,0.34975836104527547,0.5805423965601004,444
1789477395.643213,1789477395.6427374,-2.5697931922466966,-24.36485888456849,1.656714136850011,5.602684302720558,-1.5077432057263773,0.37330908688598463,0.5735158969082308,444
1789477395.653214,1789477395.6527684,-2.513355269178362,-24.379457140281108,1.6605537113925652,5.715342701697414,-1.4187690278038319,0.3966658974059578,0.5670008357196972,444
1789477395.6633575,1789477395.6627665,-2.455163570348013,-24.39328088966493,1.6646711132296461,5.823862886146028,-1.3214627436050275,0.41976140761986747,0.5610106132570971,444
1789477395.6732717,1789477395.672771,-2.396758917023064,-24.405912893275218,1.66895433458306,5.925358484130044,-1.2188436262351643,0.44182808587970235,0.555731231388398,444
1789477395.6832337,1789477395.6827552,-2.3364481477705636,-24.417664370930673,1.673523884769587,6.022745407000728,-1.1084272377976199,0.4633510714160972,0.5510425662131591,444
1789477395.6932914,1789477395.692765,-2.2755843711444528,-24.428207361604326,1.6782737935058731,6.113759047929796,-0.9931985496536601,0.4836900901337677,0.5470926023064913,444
1789477395.703367,1789477395.7027688,-2.2755843711444528,-24.428207361604326,1.6782737935058731,6.113759047929796,-0.9931985496536601,0.4836900901337677,0.5470926023064913,444
1789477395.7132225,1789477395.7127378,-2.151466510995363,-24.44568455819858,1.6883385180982218,6.278248318996314,-0.7496402360657237,0.5206093652547232,0.541473193605488,444
1789477395.7231536,1789477395.7227516,-2.0885765556212674,-24.452523732061003,1.6936051435435013,6.351515998919696,-0.6234907216405619,0.5368833086510292,0.5398859011566794,444
1789477395.7332058,1789477395.7327642,-2.0248042926262833,-24.458109095361493,1.6990418129536786,6.419375279490478,-0.49482011233436424,0.5516668030460965,0.5391585757529822,444
1789477395.743376,1789477395.7427628,-1.9602568907670126,-24.462409688836782,1.7046289559664618,6.481800754556038,-0.36469683794911306,0.5648462286530727,0.5393468498914664,444
1789477395.753543,1789477395.752752,-1.895112184901433,-24.4654115026113,1.7103412973437366,6.535767897292154,-0.23588180860385055,0.5766404197261461,0.5405110619792817,444
1789477395.7634878,1789477395.7627733,-1.830132648584466,-24.467140806118046,1.7161114956225485,6.573231902939684,-0.11444920332289471,0.5876633955205831,0.542713606912548,444
1789477395.7733474,1789477395.7728136,-1.7643893986674588,-24.467713066884127,1.7220346333557528,6.588953746454906,-0.002067243927978202,0.5985244919784395,0.5461010342893415,444
1789477395.7835634,1789477395.7827573,-1.6987945789577457,-24.467226426282245,1.7280489477599845,6.578932203984863,0.09757948466652146,0.6092022412971494,0.5507572333030781,444
1789477395.7932227,1789477395.7927506,-1.6987945789577457,-24.467226426282245,1.7280489477599845,6.578932203984863,0.09757948466652146,0.6092022412971494,0.5507572333030781,444
1789477395.8032813,1789477395.802751,-1.5681015773153004,-24.463599906032172,1.7404349584371255,6.475697067228779,0.25566611695750197,0.6293104590768593,0.5642851918585725,444
1789477395.8132956,1789477395.8127503,-1.5035782170602805,-24.460731924801998,1.7467925839446916,6.382918987126287,0.3137972994076925,0.6378584948348629,0.5732484840126719,444
1789477395.8233418,1789477395.8227522,-1.4392138867810222,-24.457295980660188,1.753320000112196,6.2633156615649,0.35936974611979555,0.6446895818892753,0.5838016715501395,444
1789477395.8331876,1789477395.832769,-1.3775851188999773,-24.45354873517716,1.7597563165769503,6.124368968226025,0.39226095923032983,0.6489405922715377,0.5954711656433975,444
1789477395.8432724,1789477395.8427641,-1.3170224429459885,-24.449496231164456,1.7662651833566227,5.965728984753672,0.41541176146776204,0.6501649949951893,0.6084679897568319,444
1789477395.8533955,1789477395.8527794,-1.2583836219646904,-24.44527325327313,1.772739898505,5.792632277808479,0.43035725757372695,0.647752242453491,0.6225170043492221,444
1789477395.8633485,1789477395.8627841,-1.2015180185843848,-24.440932637783355,1.779171846192159,5.607962217718229,0.43911152129301345,0.6412010410206413,0.6375232580965073,444
1789477395.8734696,1789477395.8727968,-1.147087374132565,-24.43657289331924,1.7854520404413214,5.41725982324509,0.4434981303668636,0.6302349577543463,0.6531535864533575,444
1789477395.8833618,1789477395.8827713,-1.147087374132565,-24.43657289331924,1.7854520404413214,5.41725982324509,0.4434981303668636,0.6302349577543463,0.6531535864533575,444
1789477395.8932598,1789477395.8927643,-1.0425076905857358,-24.427652021335184,1.7977445218549108,5.018850613918767,0.4461177218426847,0.5932230060244781,0.6865726231624345,444
1789477395.9032514,1789477395.902763,-0.9931226029795162,-24.42316840571884,1.8035734655804576,4.819086201115519,0.44717114247814804,0.5670769272773014,0.7038338501052768,444
1789477395.9133172,1789477395.9127645,-0.9456544777896805,-24.41866092594652,1.8091237728324052,4.621820716637464,0.44955293859248213,0.5359445993994134,0.7212603744560542,444
1789477395.9233081,1789477395.9227574,-0.9006700313314755,-24.414172960378664,1.8142785279850802,4.43112785044283,0.45393106497117,0.5006159560661008,0.7384798533831898,444
1789477395.9333167,1789477395.9327843,-0.8567271027743248,-24.409539757839987,1.819151399937021,4.242002247539477,0.46086863432204705,0.46039066348512764,0.7559075367528996,444
1789477395.94327,1789477395.9427717,-0.8156651607672694,-24.404938212596193,1.8234956454720783,4.062972581718379,0.4701088468296577,0.4176373371039255,0.7726801284668303,444
1789477395.9533713,1789477395.9527373,-0.7755686682029989,-24.400137652809445,1.827477300450145,3.8857714540018895,0.4817934231936223,0.3711924105551835,0.7894579790791632,444
1789477395.9633029,1789477395.962766,-0.7375218637572737,-24.395248167711213,1.8309545327371561,3.714708851168715,0.49509360073529374,0.323123689674649,0.8056914211319435,444
1789477395.9733846,1789477395.9727473,-0.7016928807860442,-24.390295524783202,1.8339038832639276,3.549786190611213,0.5090807770135668,0.2747382142670636,0.8212110896453764,444
1789477395.983326,1789477395.9827845,-0.7016928807860442,-24.390295524783202,1.8339038832639276,3.549786190611213,0.5090807770135668,0.2747382142670636,0.8212110896453764,444
1789477395.9932563,1789477395.9927814,-0.633721244181127,-24.379790880377396,1.838434135381321,3.219412294209526,0.5361747794845599,0.17700640924656713,0.8511167917971352,444
1789477396.0032494,1789477396.0027702,-0.6021496092723202,-24.374338136264004,1.8399793144244267,3.053367837167982,0.5467472383738272,0.13040991817467995,0.8651485996358641,444
1789477396.0132425,1789477396.0127752,-0.5730062437205052,-24.36893902834984,1.8410465440261619,2.889319759868571,0.553639149981389,0.08774816518837757,0.8781475076902416,444
1789477396.023271,1789477396.0227895,-0.5445523398070878,-24.36330152767569,1.841728357272996,2.7158905245814857,0.5561907858257162,0.047268221990557704,0.8908618845640368,444
1789477396.0332098,1789477396.0327647,-0.518276575366379,-24.35775160927583,1.8420195483382493,2.5405949555967213,0.5532869782904919,0.011765442901067541,0.9026073882092618,444
1789477396.043302,1789477396.042761,-0.49374115864962353,-24.352251932166016,1.8419795468501357,2.360034647907387,0.544345093604844,-0.01890360005386078,0.9135660167878394,444
1789477396.0533886,1789477396.0527728,-0.4712559989690599,-24.34692659482525,1.8416631006097084,2.1763411474453878,0.5291605363165837,-0.044065180438941226,0.9235909873691734,444
1789477396.0632036,1789477396.0627406,-0.4502072684542313,-24.341679659220326,1.841110736920951,1.9842963627945305,0.5070514642652534,-0.06419368928345777,0.9329507874667802,444
1789477396.0734203,1789477396.0728002,-0.43134187307026384,-24.336748746733946,1.8403930670290396,1.7911128398834237,0.478835584696431,-0.0785357646081469,0.9413111395706326,444
1789477396.0832403,1789477396.0827634,-0.41452724692010773,-24.33216005023452,1.839565039764006,1.597340837425702,0.44500430768107113,-0.08747515312454995,0.9487322899777482,444
1789477396.093222,1789477396.0927494,-0.3994435471713579,-24.327876868788238,1.83866067163844,1.4009514026983525,0.4055474874780461,-0.09146430815615247,0.9553577008156071,444
1789477396.1032,1789477396.1027498,-0.3864873126682237,-24.324061168648917,1.8377520577751687,1.2096576234613352,0.36252814123785776,-0.09086962603526674,0.9610175534813838,444
1789477396.1133413,1789477396.1127498,-0.37539959960394703,-24.320685522443778,1.8368685755145475,1.0234122092594353,0.31662800466802693,-0.08638543612162308,0.9658315703664502,444
1789477396.123258,1789477396.122764,-0.3660539728697175,-24.317751941684502,1.8360394172172265,0.843835898290686,0.2688634348857385,-0.07866716279197067,0.96986155001205,444
1789477396.133215,1789477396.1327646,-0.3583465349330156,-24.315263052338196,1.8352893643354082,0.6730841659750813,0.22041061872172166,-0.0684057070597514,0.9731599126443196,444
1789477396.1431928,1789477396.1427605,-0.3524415992300202,-24.31330624141625,1.834667314685961,0.5211288355417389,0.17487570835538968,-0.05696008865049143,0.9756661627791972,444
1789477396.1533182,1789477396.1527638,-0.347926072985669,-24.31177427860683,1.8341580335987129,0.3849334440688432,0.1321354137060895,-0.04486482948987419,0.9775660021331776,444
1789477396.1632788,1789477396.1627622,-0.3446843259503786,-24.310650374228075,1.8337697687214993,0.26866212808083967,0.0941610830677806,-0.033130478049527956,0.9789173045305799,444
1789477396.1731665,1789477396.172734,-0.34250949666757935,-24.30988126688047,1.8334951576195666,0.17420656170926208,0.06222869921556495,-0.022577171491790005,0.9798151710490659,444
1789477396.183189,1789477396.1827598,-0.34113563683469583,-24.30938641093828,1.833313295308481,0.0998566964545784,0.03631806437672602,-0.013543645989046671,0.9803767405021353,444
1789477396.1931806,1789477396.1927638,-0.34041233304325647,-24.309121416443503,1.8332134084638714,0.04899621121702413,0.0181121891389453,-0.006915665872869181,0.9806694202094515,444
1789477396.2031777,1789477396.202756,-0.34009351152750517,-24.309002799256145,1.833167707345675,0.01802211431227896,0.006763340561622755,-0.0026369458276255253,0.9807971636265438,444
1789477396.2136574,1789477396.2127378,-0.3399980100986951,-24.308966769156225,1.8331535592266646,0.003672973845739058,0.0013975333477458385,-0.0005549628098289183,0.9808350690485992,444
1789477396.2234383,1789477396.2227764,-0.3399856023337846,-24.30896203135702,1.8331516691837992,4.780534705517425e-05,1.8432841100146646e-05,-7.4451018960974835e-06,0.9808399522853648,444
1789477396.2333505,1789477396.2327633,-0.3399855657318377,-24.30896201723325,1.8331516634737113,2.6645352591003757e-15,-4.440892098500626e-16,-1.7763568394002505e-15,0.9808399665817404,444
1789477396.2434099,1789477396.2427752,-0.3399855657318377,-24.30896201723325,1.8331516634737113,2.6645352591003757e-15,-4.440892098500626e-16,-1.7763568394002505e-15,0.9808399665817404,444
1789477396.2535977,1789477396.2527525,-0.3399855657318377,-24.30896201723325,1.8331516634737113,2.6645352591003757e-15,-4.440892098500626e-16,-1.7763568394002505e-15,0.9808399665817404,444
1789477396.2634933,1789477396.2627327,-0.3399855657318377,-24.30896201723325,1.8331516634737113,2.6645352591003757e-15,-4.440892098500626e-16,-1.7763568394002505e-15,0.9808399665817404,444
1789477396.2734497,1789477396.2727382,-0.3399855657318377,-24.30896201723325,1.8331516634737113,2.6645352591003757e-15,-4.440892098500626e-16,-1.7763568394002505e-15,0.9808399665817404,444
1789477396.2833157,1789477396.282762,-0.3399855657318377,-24.30896201723325,1.8331516634737113,2.6645352591003757e-15,-4.440892098500626e-16,-1.7763568394002505e-15,0.9808399665817404,444
1789477396.2932296,1789477396.2927597,-0.3399855657318377,-24.30896201723325,1.8331516634737113,2.6645352591003757e-15,-4.440892098500626e-16,-1.7763568394002505e-15,0.9808399665817404,444
1789477396.3031921,1789477396.3027604,-0.3399855657318377,-24.30896201723325,1.8331516634737113,2.6645352591003757e-15,-4.440892098500626e-16,-1.7763568394002505e-15,0.9808399665817404,444
1789477396.313305,1789477396.3127568,-0.3399855657318377,-24.30896201723325,1.8331516634737113,2.6645352591003757e-15,-4.440892098500626e-16,-1.7763568394002505e-15,0.9808399665817404,444
1789477396.3231974,1789477396.3227594,-0.3399855657318377,-24.30896201723325,1.8331516634737113,2.6645352591003757e-15,-4.440892098500626e-16,-1.7763568394002505e-15,0.9808399665817404,444
1789477396.3332596,1789477396.332752,-0.3399855657318377,-24.30896201723325,1.8331516634737113,2.6645352591003757e-15,-4.440892098500626e-16,-1.7763568394002505e-15,0.9808399665817404,444
1789477396.3433735,1789477396.3427525,-0.3399855657318377,-24.30896201723325,1.8331516634737113,2.6645352591003757e-15,-4.440892098500626e-16,-1.7763568394002505e-15,0.9808399665817404,444
1789477396.353219,1789477396.352752,-0.3399855657318377,-24.30896201723325,1.8331516634737113,2.6645352591003757e-15,-4.440892098500626e-16,-1.7763568394002505e-15,0.9808399665817404,444
1789477396.3631277,1789477396.3627274,-0.3399855657318377,-24.30896201723325,1.8331516634737113,2.6645352591003757e-15,-4.440892098500626e-16,-1.7763568394002505e-15,0.9808399665817404,444
1789477396.373239,1789477396.3727188,-0.3399855657318377,-24.30896201723325,1.8331516634737113,2.6645352591003757e-15,-4.440892098500626e-16,-1.7763568394002505e-15,0.9808399665817404,444
1789477396.3831851,1789477396.3827584,-0.3399855657318377,-24.30896201723325,1.8331516634737113,2.6645352591003757e-15,-4.440892098500626e-16,-1.7763568394002505e-15,0.9808399665817404,444
1789477396.393227,1789477396.3927596,-0.3399855657318377,-24.30896201723325,1.8331516634737113,2.6645352591003757e-15,-4.440892098500626e-16,-1.7763568394002505e-15,0.9808399665817404,444
1789477396.4032896,1789477396.4027464,-0.3399855657318377,-24.30896201723325,1.8331516634737113,2.6645352591003757e-15,-4.440892098500626e-16,-1.7763568394002505e-15,0.9808399665817404,444
1789477396.4130752,1789477396.4127638,-0.3399855657318377,-24.30896201723325,1.8331516634737113,2.6645352591003757e-15,-4.440892098500626e-16,-1.7763568394002505e-15,0.9808399665817404,444
1789477396.423032,1789477396.422729,-0.3399855657318377,-24.30896201723325,1.8331516634737113,2.6645352591003757e-15,-4.440892098500626e-16,-1.7763568394002505e-15,0.9808399665817404,444
1789477396.4331846,1789477396.4327662,-0.3399855657318377,-24.30896201723325,1.8331516634737113,2.6645352591003757e-15,-4.440892098500626e-16,-1.7763568394002505e-15,0.9808399665817404,444
1789477396.4431937,1789477396.4427774,-0.3399855657318377,-24.30896201723325,1.8331516634737113,2.6645352591003757e-15,-4.440892098500626e-16,-1.7763568394002505e-15,0.9808399665817404,444
1789477396.4533703,1789477396.4527595,-0.3399855657318377,-24.30896201723325,1.8331516634737113,2.6645352591003757e-15,-4.440892098500626e-16,-1.7763568394002505e-15,0.9808399665817404,444
1789477396.4632022,1789477396.462752,-0.3399855657318377,-24.30896201723325,1.8331516634737113,2.6645352591003757e-15,-4.440892098500626e-16,-1.7763568394002505e-15,0.9808399665817404,444
1789477396.4732277,1789477396.4727464,-0.3399855657318377,-24.30896201723325,1.8331516634737113,2.6645352591003757e-15,-4.440892098500626e-16,-1.7763568394002505e-15,0.9808399665817404,444
1789477396.4830863,1789477396.4827425,-0.3399855657318377,-24.30896201723325,1.8331516634737113,2.6645352591003757e-15,-4.440892098500626e-16,-1.7763568394002505e-15,0.9808399665817404,444
1789477396.4930499,1789477396.4927435,-0.3399855657318377,-24.30896201723325,1.8331516634737113,2.6645352591003757e-15,-4.440892098500626e-16,-1.7763568394002505e-15,0.9808399665817404,444
1789477396.5031035,1789477396.502745,-0.3399855657318377,-24.30896201723325,1.8331516634737113,2.6645352591003757e-15,-4.440892098500626e-16,-1.7763568394002505e-15,0.9808399665817404,444
1789477396.51321,1789477396.512746,-0.3399855657318377,-24.30896201723325,1.8331516634737113,2.6645352591003757e-15,-4.440892098500626e-16,-1.7763568394002505e-15,0.9808399665817404,444
1789477396.5231771,1789477396.522757,-0.3399855657318377,-24.30896201723325,1.8331516634737113,2.6645352591003757e-15,-4.440892098500626e-16,-1.7763568394002505e-15,0.9808399665817404,444
1789477396.5332932,1789477396.5327294,-0.3399855657318377,-24.30896201723325,1.8331516634737113,2.6645352591003757e-15,-4.440892098500626e-16,-1.7763568394002505e-15,0.9808399665817404,444
1789477396.5432017,1789477396.5427613,-0.3399855657318377,-24.30896201723325,1.8331516634737113,2.6645352591003757e-15,-4.440892098500626e-16,-1.7763568394002505e-15,0.9808399665817404,444
1789477396.5532746,1789477396.552754,-0.3399855657318377,-24.30896201723325,1.8331516634737113,2.6645352591003757e-15,-4.440892098500626e-16,-1.7763568394002505e-15,0.9808399665817404,444
1789477396.563438,1789477396.5627584,-0.3399855657318377,-24.30896201723325,1.8331516634737113,2.6645352591003757e-15,-4.440892098500626e-16,-1.7763568394002505e-15,0.9808399665817404,444
1789477396.5733602,1789477396.5727572,-0.3399855657318377,-24.30896201723325,1.8331516634737113,2.6645352591003757e-15,-4.440892098500626e-16,-1.7763568394002505e-15,0.9808399665817404,444
1789477396.583395,1789477396.5827444,0.15604241707931948,-24.237892178924927,1.9595022116318335,4.110247478299513,0.8354160717893677,0.9877024290622846,1.29661746684061,444
1789477396.5938506,1789477396.5928545,0.19800190073137872,-24.22930531431209,1.9694485532830666,4.284286038845607,0.8826448466440764,1.0016045418141655,1.324408631592028,444
1789477396.6037648,1789477396.6028574,0.2413118739530415,-24.220323186281288,1.9794275341143925,4.452081078331616,0.9293395235572284,1.0107306764198545,1.3534436277348463,444
1789477396.6137302,1789477396.612756,0.2861894038165382,-24.210894462607232,1.9894577382205163,4.614412554372828,0.9756428465896213,1.015032792779401,1.3838964750254088,444
1789477396.6239483,1789477396.6228297,0.33363196579086835,-24.20079869414455,1.9997155588621953,4.774385950918583,1.0224029061274071,1.014315838290218,1.4164872927912326,444
1789477396.6338267,1789477396.6327975,0.3818192867482968,-24.190416102617217,2.0097674005183763,4.925681823306099,1.0676954208240548,1.008464134755367,1.4499982712666668,444
1789477396.643885,1789477396.642812,0.43264010096842104,-24.179332946440713,2.0199636711926274,5.0740610937387185,1.1131556782456038,0.9971133382982384,1.4857758954335254,444
1789477396.6534588,1789477396.6527586,0.48964613714747407,-24.16674696101154,2.030900398248543,5.227994504676451,1.1614334923528398,0.9785314042158668,1.5264255661968718,444
1789477396.663184,1789477396.6627526,0.5362332659273032,-24.156346992343444,2.0394405130401414,5.344762280215551,1.1988230427704463,0.9590856343039973,1.5600414811802388,444
1789477396.6731853,1789477396.6727424,0.5362332659273032,-24.156346992343444,2.0394405130401414,5.344762280215551,1.1988230427704463,0.9590856343039973,1.5600414811802388,444
1789477396.6831644,1789477396.6827419,0.6460249016674234,-24.131462169971194,2.058127848562588,5.591109964654019,1.279859862569067,0.8995541004558739,1.6406203039141602,444
1789477396.693197,1789477396.69274,0.702588410902606,-24.1184529806797,2.0669533112292076,5.703765941823478,1.3178476599579347,0.8620896622862843,1.682849771583065,444
1789477396.7032843,1789477396.7027426,0.7590716131037744,-24.105346058519935,2.075212627008734,5.807537634294925,1.3532982639840498,0.8205348216928435,1.7254864971479162,444
1789477396.7131689,1789477396.7127414,0.8180084526470771,-24.091555762877544,2.0832335181788637,5.9072042861681755,1.3876907447791573,0.7731176154396376,1.770458301137201,444
1789477396.7231698,1789477396.7227423,0.8779441790958742,-24.077422840005173,2.0907573103750643,6.000194718952839,1.4199893514438187,0.7210113114214216,1.8166828146991583,444
1789477396.733169,1789477396.73275,0.9384024272706927,-24.06306650997311,2.0976926059101335,6.086069250089779,1.4498760768540642,0.6648472140106182,1.8637959895493126,444
1789477396.7431538,1789477396.7427247,0.9996510012360055,-24.048431497578456,2.1040417399386064,6.165532905950725,1.4774335922319517,0.6046265923593368,1.9120069761678844,444
1789477396.7534537,1789477396.7527509,1.0614636535882933,-24.033580943412005,2.1097523526894015,6.23859126200666,1.5025058342005153,0.5408316868007245,1.9611384024300398,444
1789477396.7633593,1789477396.7627509,1.1243248894521973,-24.0184080932569,2.114836130082993,6.306062830584625,1.5252168634193803,0.4732233556696867,2.01157871778923,444
1789477396.773303,1789477396.772749,1.1243248894521973,-24.0184080932569,2.114836130082993,6.306062830584625,1.5252168634193803,0.4732233556696867,2.01157871778923,444
1789477396.7831595,1789477396.782756,1.2520737262100006,-23.98740988050275,2.1229016531774834,6.423983364895468,1.5628545517245571,0.3289197804902658,1.9489484482994321,445
1789477396.793202,1789477396.792728,1.3162070027877804,-23.971794167895514,2.1258004689385195,6.4744142478094595,1.5775155771718143,0.2537819941995796,1.8978483648373843,445
1789477396.8033013,1789477396.8027263,1.3814526175756758,-23.955891092398847,2.127959833765089,6.520296844731448,1.5895746620254936,0.1760421833052195,1.8464399062877883,445
1789477396.8134367,1789477396.8127244,1.4459457900713446,-23.94017061458244,2.1293133903166943,6.56068205661602,1.5987001320789593,0.09832026629869896,1.7962185175130374,445
1789477396.8232005,1789477396.8227246,1.5124590990241986,-23.923973589330195,2.12990033108028,6.597561637278202,1.6052408244177432,0.01767877035244768,1.7450660204615098,445
1789477396.833292,1789477396.8327496,1.5796267786693599,-23.90765124957092,2.129666296919967,6.6302835554328965,1.608930534331463,-0.0638098997941629,1.6940966415512877,445
1789477396.8431997,1789477396.8427243,1.6445548758938626,-23.89192286030684,2.1286595091623686,6.657954201062022,1.6097550956543831,-0.14220782908409185,1.645506794591057,445
1789477396.8532627,1789477396.8527944,1.7117101825168415,-23.875724478031508,2.1268232230459527,6.68282975300965,1.607818210269464,-0.2224707290170543,1.5959795648777715,445
1789477396.8633633,1789477396.8627594,1.7787389179297188,-23.85964574957368,2.1241997386797293,6.7041995347049035,1.6031051962149954,-0.3013076169850642,1.5473124028396068,445
1789477396.8732982,1789477396.872741,1.8450155532542316,-23.843853621602143,2.1208473027820127,6.722249230136991,1.5957651166931317,-0.37758030776655016,1.4999720212353034,445
1789477396.8832512,1789477396.8827322,1.8450155532542316,-23.843853621602143,2.1208473027820127,6.722249230136991,1.5957651166931317,-0.37758030776655016,1.4999720212353034,445
1789477396.893183,1789477396.8927233,1.9805394109858983,-23.811968663728827,2.1117368159784276,6.750859333523613,1.5726817539310063,-0.526621154005072,1.4057042415466223,445
1789477396.9032853,1789477396.9027524,2.0474325143314194,-23.796471370842397,2.1061771911656506,6.7614471539362775,1.5574053817651976,-0.5959391897313372,1.3604900038009418,445
1789477396.913117,1789477396.912753,2.1161928221397015,-23.780734836428724,2.099773389094848,6.770270784913367,1.5391110995804376,-0.6637270496720205,1.3149630091927529,445
1789477396.9230525,1789477396.9227374,2.184147902316891,-23.76539579934822,2.0927948002815584,6.777201528542649,1.5185143814604922,-0.726893675534388,1.2709480020745643,445
1789477396.9330912,1789477396.9327374,2.251014904019682,-23.750529307679987,2.0853359600607937,6.782525058608475,1.495869650688466,-0.7849947112843793,1.2286206023825268,445
1789477396.9431655,1789477396.942738,2.3191480396360835,-23.735633221715002,2.077174144372411,6.786652920725759,1.4704371268851264,-0.8397414943685816,1.1865288295683465,445
1789477396.953239,1789477396.9527156,2.3867471698926033,-23.721125362302804,2.068560866786176,6.789669939736268,1.4429189900859574,-0.8893295843746053,1.1458363814434653,445
1789477396.9632046,1789477396.962758,2.453895764623433,-23.707001703002682,2.059543666764685,6.7918009935692885,1.4133998701155235,-0.9336731110677073,1.1065048263712,445
1789477396.9731245,1789477396.9727366,2.453895764623433,-23.707001703002682,2.059543666764685,6.7918009935692885,1.4133998701155235,-0.9336731110677073,1.1065048263712,445
1789477396.9832392,1789477396.9828184,2.5908250327893882,-23.679169468347176,2.0399370284070772,6.794212295732339,1.3467502173755113,-1.00807092438711,1.0298137622712886,445
1789477396.9932446,1789477396.992737,2.6587685260961935,-23.665881337378423,2.029708866368264,6.794773942337059,1.3106129346479023,-1.0366761820798431,0.9935858790113876,445
1789477397.00328,1789477397.0027554,2.7268087208978757,-23.65294701623142,2.0192084894784292,6.795105655387215,1.2724876309679831,-1.0596487887139543,0.9585712046700636,445
1789477397.0132186,1789477397.0127366,2.79464907788411,-23.640440578838728,2.0085388563971804,6.795327083960459,1.232621816057204,-1.0768433001621536,0.9249581025693407,445
1789477397.0232747,1789477397.0227513,2.86262762962074,-23.628317208639153,1.9977043077529788,6.795542217411108,1.1908975600387592,-1.0883381905616516,0.8926163382777075,445
1789477397.0332606,1789477397.0327542,2.930530886390849,-23.61663293772447,1.986795900725098,6.795834406773128,1.1475225663211364,-1.0941180201304994,0.8616885248511004,445
1789477397.043241,1789477397.0427365,2.998502541601034,-23.605379712025687,1.9758474966074022,6.796269328476358,1.1024855732700092,-1.0942680643317093,0.8321483329858714,445
1789477397.0533006,1789477397.0527372,3.06643084245017,-23.594592259153316,1.964933116921424,6.796891818309348,1.055940921959762,-1.0888999684134144,0.8040843475212016,445
1789477397.0634665,1789477397.0627384,3.133844551703815,-23.584354749638443,1.9541821006806195,6.797720455634321,1.0083113865152185,-1.0782732828372636,0.7777117939079772,445
1789477397.0732203,1789477397.0727334,3.133844551703815,-23.584354749638443,1.9541821006806195,6.797720455634321,1.0083113865152185,-1.0782732828372636,0.7777117939079772,445
1789477397.0833545,1789477397.082755,3.2700540470667767,-23.56514966261893,1.9329147026585118,6.800036392391042,0.9080398851648804,-1.0415192487486564,0.7290751415517307,445
1789477397.0933976,1789477397.0927353,3.3388916160955304,-23.55622340305223,1.92249922481622,6.801480974911927,0.8554838109173152,-1.015683656284601,0.7069376813191317,445
1789477397.1032956,1789477397.102753,3.4065831098035,-23.547971991881248,1.9125364392894826,6.803011825681407,0.8026866142321913,-0.9859194001816479,0.6868164213466457,445
1789477397.1134372,1789477397.112736,3.474116481087924,-23.540270296071185,1.902914322632891,6.804571098501348,0.7489967799403194,-0.9522467580295095,0.6684042586914172,445
1789477397.1233199,1789477397.122735,3.5432212631897033,-23.532947635104886,1.8934356585408265,6.806098516756762,0.6930987449753548,-0.9140443804579603,0.6513156019351667,445
1789477397.13332,1789477397.1327097,3.610646260913683,-23.52635573465204,1.8845798310899595,6.8074030657942455,0.6377155393488974,-0.8734964850866556,0.6363807431955828,445
1789477397.1431856,1789477397.1427357,3.679037179586828,-23.520234759965046,1.8760237767050265,6.808396984300443,0.5807816442897473,-0.8294639078083799,0.6230144011046914,445
1789477397.153445,1789477397.1527395,3.74648769622601,-23.514762092468942,1.8680321131804194,6.808893072648999,0.5239783053167515,-0.7835752525505669,0.6116151980118849,445
1789477397.163143,1789477397.162717,3.8150649825035834,-23.50977795274085,1.8603840073137934,6.8087205676919975,0.4656618817360761,-0.7348331319435478,0.6018637630957469,445
1789477397.1732893,1789477397.1727085,3.882866899921344,-23.5054295906162,1.8533129971386069,6.807676689652971,0.40754777572794615,-0.684989454866136,0.5940636501702488,445
1789477397.1832907,1789477397.182708,3.882866899921344,-23.5054295906162,1.8533129971386069,6.807676689652971,0.40754777572794615,-0.684989454866136,0.5940636501702488,445
1789477397.1932638,1789477397.192709,4.018775699425729,-23.49846276769895,1.8406577598065232,6.800925054588037,0.2895749488953263,-0.581924823548509,0.5839972055695468,445
1789477397.203196,1789477397.202708,4.087169241797858,-23.49586265377,1.8350618193690298,6.787232991242169,0.226290021424737,-0.5302319906364131,0.5817427959633414,445
1789477397.213386,1789477397.2127092,4.154651054052001,-23.493942465796636,1.830028041592018,6.7585702866691815,0.1582575217992571,-0.4807897003432707,0.5813195762282359,445
1789477397.2232223,1789477397.222715,4.222278095020199,-23.492722902689128,1.825440979964314,6.710381329948714,0.08372326101576627,-0.4335069280506083,0.58262778570275,445
1789477397.23336,1789477397.2327094,4.2882276545236975,-23.492280109013155,1.8213771750339838,6.641848693183786,0.005191373779722213,-0.39000510640404634,0.5855020730435736,445
1789477397.2432034,1789477397.2427561,4.354613076768489,-23.492646952547418,1.8176619456201593,6.549701749655963,-0.07856760821732801,-0.3490417282083698,0.5899137794341673,445
1789477397.253446,1789477397.2527769,4.419141558382662,-23.493845562827982,1.8143810060643262,6.43706390416056,-0.16276053855813047,-0.3120096413957695,0.5955923236219507,445
1789477397.2634525,1789477397.2627447,4.483530076556953,-23.495919364413158,1.8114036973578354,6.301855108783086,-0.2471846455553244,-0.2777471658552734,0.6025640547754756,445
1789477397.2732587,1789477397.2727354,4.546096944548889,-23.498808353415413,1.808770499883464,6.149002453225292,-0.3268990874349303,-0.2468925850186205,0.6105436735418315,445
1789477397.2831638,1789477397.2827356,4.546096944548889,-23.498808353415413,1.808770499883464,6.149002453225292,-0.3268990874349303,-0.2468925850186205,0.6105436735418315,445
1789477397.293161,1789477397.2927356,4.665759535872597,-23.50676068740007,1.8043779719774842,5.800955491258015,-0.4610257512424958,-0.1937591476480376,0.629045623393617,445
1789477397.3035383,1789477397.3027081,4.721940851302234,-23.511547443822952,1.8025846481860701,5.6145331909911205,-0.5094253625387377,-0.17098297033692203,0.6392259553769737,445
1789477397.3132505,1789477397.3127096,4.7774984543645855,-23.51686443011899,1.800972422954674,5.417560469147185,-0.5436985757320552,-0.14944587313421173,0.6502933396826078,445
1789477397.3232267,1789477397.3227093,4.83113692250061,-23.522449505488158,1.7995676496217587,5.217049440072665,-0.5606145053894847,-0.12928216845824458,0.6620036752407921,445
1789477397.3331378,1789477397.3327074,4.882176761174143,-23.528047443367388,1.7983732691469783,5.018406560253614,-0.5588175872986918,-0.11037737160644066,0.6741891165665632,445
1789477397.3431199,1789477397.3427076,4.931072377496898,-23.53351297507115,1.7973668949470802,4.82246979215761,-0.5379234076280474,-0.09225422144079465,0.6869455990488575,445
1789477397.3534794,1789477397.3528485,4.97830949965008,-23.538704242100266,1.7965337846599685,4.629378743628032,-0.4975040788514917,-0.07449190199676284,0.7004264600685381,445
1789477397.3632386,1789477397.362756,5.0235350094282785,-23.54338528171859,1.7958780905964808,4.442268437555484,-0.4382717706233701,-0.057051209256041846,0.7145651574255045,445
1789477397.3732622,1789477397.3727994,5.067174456331104,-23.547406871450725,1.7953931426708345,4.260646890678678,-0.3607699921425802,-0.03966838013839,0.7295290826840986,445
1789477397.3832457,1789477397.3827193,5.067174456331104,-23.547406871450725,1.7953931426708345,4.260646890678678,-0.3607699921425802,-0.03966838013839,0.7295290826840986,445
1789477397.3932447,1789477397.3927426,5.1490075904153665,-23.552711220790908,1.7949436225073179,3.9193988782303255,-0.1599529051891695,-0.005330686501532289,0.7617938974222254,445
1789477397.4033048,1789477397.4027455,5.187435953035599,-23.553728383473647,1.794974970692738,3.7588974850316355,-0.04169883543297592,0.011544187695795516,0.7791823387725731,445
1789477397.413356,1789477397.412724,5.224092716877254,-23.553525165513243,1.795171974279824,3.604903342145403,0.08348275120042814,0.02794728595939111,0.7973118761887994,445
1789477397.42329,1789477397.4227457,5.259339570303286,-23.552046598433286,1.7955308497804896,3.4548467181131777,0.21298558107303833,0.04380933691053834,0.8163027026101481,445
1789477397.4332826,1789477397.4327362,5.293423668701914,-23.549237709792216,1.7960498637899405,3.3062285337121784,0.34385454643428837,0.05897405215654383,0.836239886694333,445
1789477397.4433594,1789477397.4427774,5.325393513265134,-23.545218194309083,1.796701929384613,3.161655725335136,0.4683950983265456,0.07274089367895696,0.856441269330527,445
1789477397.453313,1789477397.4527464,5.356153458556443,-23.539958580084075,1.797489800825697,3.0154349833274385,0.5862894016668156,0.08522851182163974,0.8773248564735003,445
1789477397.4634376,1789477397.4627223,5.385839724564381,-23.533482609400757,1.7984071707849163,2.864950504810806,0.6944113370032053,0.0961986209969811,0.8988838217823996,445
1789477397.4732273,1789477397.472743,5.413784064814543,-23.52604649391145,1.7994176949210114,2.7119013547178628,0.7871389055854368,0.10515917915435698,0.9204821822305536,445
1789477397.4833262,1789477397.4827669,5.413784064814543,-23.52604649391145,1.7994176949210114,2.7119013547178628,0.7871389055854368,0.10515917915435698,0.9204821822305536,445
1789477397.4932404,1789477397.4927864,5.464901989213841,-23.508842318398617,1.8016522425321075,2.3909784332682067,0.918653954313367,0.11655686149026181,0.9633827540839746,445
1789477397.5033493,1789477397.5027423,5.487930916277232,-23.49947909733337,1.8028286431806673,2.2224298607135973,0.9539694523015361,0.11876885555394735,0.9841862338856147,445
1789477397.5132048,1789477397.5127478,5.509276093046521,-23.489856585496245,1.8040169195533517,2.0480604507138973,0.968019654156532,0.11862636089126967,1.004312335323747,445
1789477397.5234323,1789477397.5227695,5.528568293264078,-23.480346615886386,1.8051744843103203,1.8715453735604783,0.961086608705068,0.11623548700852501,1.0232184246207399,445
1789477397.53325,1789477397.5327299,5.546407574091736,-23.47083568456902,1.8063180574909672,1.6880874130036345,0.9336661003056972,0.11163433425951498,1.0413236469538263,445
1789477397.543126,1789477397.5427184,5.562531534140186,-23.461616385754763,1.8074148361016007,1.5008581336624547,0.8867546351998524,0.1049800127085796,1.0582226332499989,445
1789477397.5534012,1789477397.5527856,5.576589218858201,-23.45306693276329,1.8084226645011863,1.3160491032133395,0.8237355659829388,0.09669865015339682,1.0733905241289898,445
1789477397.5632596,1789477397.562754,5.588962177826303,-23.44511901987819,1.8093521864262145,1.1313106852852823,0.7458571440068736,0.08690709448770295,1.087096574707874,445
1789477397.573321,1789477397.572734,5.599252911507197,-23.438180293982967,1.8101581209774569,0.9562719885462925,0.6596098179563544,0.07637119671031681,1.0987700535210796,445
1789477397.583225,1789477397.5827503,5.607962405589345,-23.432049474758863,1.8108659658467732,0.7868549727022589,0.5655004859046258,0.06510552938979167,1.1088637955867067,445
1789477397.5931485,1789477397.5927188,5.61499059479305,-23.42690657258411,1.8114566124871823,0.6294808398556049,0.46928398008598926,0.05376086792863196,1.117170048092626,445
1789477397.6033533,1789477397.602758,5.620561318940118,-23.42268549835762,1.8119391258268815,0.4847385764215587,0.37360688506450945,0.04261103361020957,1.1238722706343771,445
1789477397.6131809,1789477397.6127043,5.624785605239573,-23.419381686270818,1.8123152114145205,0.3558849842868357,0.28271220794158625,0.032116913903675506,1.1290385030108014,445
1789477397.6231794,1789477397.6227329,5.627789956311644,-23.416963773873345,1.8125894308137258,0.24674243631285275,0.20141208074163863,0.02280103580109985,1.1327681607916165,445
1789477397.6331024,1789477397.6327066,5.6297954124237926,-23.415307637876918,1.8127766383145438,0.15834249521284938,0.13246871627370016,0.014949604931477956,1.1352918801070522,445
1789477397.6431515,1789477397.6427548,5.631023716640044,-23.41426933676353,1.8128936624934922,0.0908288305752758,0.07770781051419062,0.008745162895466174,1.13685694919489,445
1789477397.6533802,1789477397.6528468,5.6316815080047755,-23.413701378555018,1.8129575076215585,0.043833521915316975,0.03827646281457353,0.004296789056906836,1.1377046945736664,445
1789477397.6632733,1789477397.6627548,5.631965453394474,-23.41345144741028,1.8129855369349213,0.01563818674788342,0.013913932647154681,0.0015583983853528771,1.1380744712993534,445
1789477397.6732478,1789477397.6727557,5.631965453394474,-23.41345144741028,1.8129855369349213,0.01563818674788342,0.013913932647154681,0.0015583983853528771,1.1380744712993534,445
1789477397.683076,1789477397.6827319,5.632056566873223,-23.41336973101116,1.812994680681257,2.7414016159355015e-05,2.52024250766425e-05,2.8118615778005562e-06,1.1381943474119294,445
1789477397.693155,1789477397.6927307,5.632056584697127,-23.41336971461241,1.812994682510718,0.0,5.329070518200751e-15,-6.661338147750939e-16,1.1381943711946745,445
1789477397.7032504,1789477397.7027054,5.632056584697127,-23.41336971461241,1.812994682510718,0.0,5.329070518200751e-15,-6.661338147750939e-16,1.1381943711946745,445
1789477397.7130504,1789477397.7127032,5.632056584697127,-23.41336971461241,1.812994682510718,0.0,5.329070518200751e-15,-6.661338147750939e-16,1.1381943711946745,445
1789477397.7231853,1789477397.722751,5.632056584697127,-23.41336971461241,1.812994682510718,0.0,5.329070518200751e-15,-6.661338147750939e-16,1.1381943711946745,445
1789477397.7332454,1789477397.7327297,5.632056584697127,-23.41336971461241,1.812994682510718,0.0,5.329070518200751e-15,-6.661338147750939e-16,1.1381943711946745,445
1789477397.7431812,1789477397.7427297,5.632056584697127,-23.41336971461241,1.812994682510718,0.0,5.329070518200751e-15,-6.661338147750939e-16,1.1381943711946745,445
1789477397.7535336,1789477397.7527297,5.632056584697127,-23.41336971461241,1.812994682510718,0.0,5.329070518200751e-15,-6.661338147750939e-16,1.1381943711946745,445
1789477397.7634516,1789477397.762753,5.632056584697127,-23.41336971461241,1.812994682510718,0.0,5.329070518200751e-15,-6.661338147750939e-16,1.1381943711946745,445
1789477397.77344,1789477397.7727501,5.632056584697127,-23.41336971461241,1.812994682510718,0.0,5.329070518200751e-15,-6.661338147750939e-16,1.1381943711946745,445
1789477397.7833033,1789477397.78275,5.632056584697127,-23.41336971461241,1.812994682510718,0.0,5.329070518200751e-15,-6.661338147750939e-16,1.1381943711946745,445
1789477397.7933607,1789477397.792733,5.632056584697127,-23.41336971461241,1.812994682510718,0.0,5.329070518200751e-15,-6.661338147750939e-16,1.1381943711946745,445
1789477397.803234,1789477397.8027048,5.632056584697127,-23.41336971461241,1.812994682510718,0.0,5.329070518200751e-15,-6.661338147750939e-16,1.1381943711946745,445
1789477397.8132002,1789477397.8127286,5.632056584697127,-23.41336971461241,1.812994682510718,0.0,5.329070518200751e-15,-6.661338147750939e-16,1.1381943711946745,445
1789477397.8233528,1789477397.8227282,5.632056584697127,-23.41336971461241,1.812994682510718,0.0,5.329070518200751e-15,-6.661338147750939e-16,1.1381943711946745,445
1789477397.8334,1789477397.8327038,5.632056584697127,-23.41336971461241,1.812994682510718,0.0,5.329070518200751e-15,-6.661338147750939e-16,1.1381943711946745,445
1789477397.8435922,1789477397.842726,5.632056584697127,-23.41336971461241,1.812994682510718,0.0,5.329070518200751e-15,-6.661338147750939e-16,1.1381943711946745,445
1789477397.853603,1789477397.8527331,5.632056584697127,-23.41336971461241,1.812994682510718,0.0,5.329070518200751e-15,-6.661338147750939e-16,1.1381943711946745,445
1789477397.8633418,1789477397.8627198,5.632056584697127,-23.41336971461241,1.812994682510718,0.0,5.329070518200751e-15,-6.661338147750939e-16,1.1381943711946745,445
1789477397.8733268,1789477397.8727088,5.632056584697127,-23.41336971461241,1.812994682510718,0.0,5.329070518200751e-15,-6.661338147750939e-16,1.1381943711946745,445
1789477397.88348,1789477397.882724,5.632056584697127,-23.41336971461241,1.812994682510718,0.0,5.329070518200751e-15,-6.661338147750939e-16,1.1381943711946745,445
1789477397.8932087,1789477397.8927157,5.632056584697127,-23.41336971461241,1.812994682510718,0.0,5.329070518200751e-15,-6.661338147750939e-16,1.1381943711946745,445
1789477397.903287,1789477397.902702,5.632056584697127,-23.41336971461241,1.812994682510718,0.0,5.329070518200751e-15,-6.661338147750939e-16,1.1381943711946745,445
1789477397.913363,1789477397.9127057,5.693193977983914,-23.452798750424108,1.8571765346870517,1.2524810106341002,-0.4946905007290339,0.5637973520244233,1.1439214335468613,445
1789477397.9232526,1789477397.922726,5.706565466458531,-23.458056842570265,1.8631553081204397,1.4073956767239824,-0.5510606107733944,0.6251616119263478,1.1480939966990977,445
1789477397.933357,1789477397.9327323,5.721198195423265,-23.46376074061699,1.8696106525077476,1.5651559271443398,-0.6074499143443083,0.6858426950489184,1.1527877175442023,445
1789477397.943898,1789477397.942762,5.7378469363821365,-23.470191764014665,1.8768525831934573,1.7324470054183103,-0.6661106420569767,0.7481532589221938,1.1582849816047815,445
1789477397.95362,1789477397.9527667,5.755903900314346,-23.477101174697367,1.8845916983618314,1.9017489261320608,-0.7242635485341549,0.8090210074912234,1.164430275888189,445
1789477397.9632354,1789477397.9627142,5.776047167413452,-23.48473375154067,1.8930920761701455,2.078176269422955,-0.7835323730041327,0.8700255017052356,1.1715038612183393,445
1789477397.9733691,1789477397.972717,5.797535256443395,-23.492793862218107,1.9020140515709572,2.2541860774389963,-0.841264725324565,0.9283220097166762,1.1792964549787648,445
1789477397.9837584,1789477397.982797,5.8210979255754545,-23.501540272761314,1.9116330525021996,2.4348754050563475,-0.899028559871533,0.9853838370502528,1.1881263181150832,445
1789477397.9939134,1789477397.992774,5.846453001430077,-23.51085022776916,1.9218005444527508,2.616959899953107,-0.9556340604602181,1.039887314217606,1.197951995123435,445
1789477398.0039392,1789477398.0028238,5.8735794620105475,-23.52069935033389,1.9324768191963682,2.799509463300746,-1.0106930473593785,1.0913378293067113,1.2088263487817081,445
1789477398.0137694,1789477398.012782,5.902628855980788,-23.53112474924913,1.9436875644220935,2.9827664381606858,-1.0641763840947742,1.1395753931392607,1.2208757556802836,445
1789477398.0237775,1789477398.0228422,5.933357332162866,-23.542021108753815,1.9553044880075097,3.16454482515976,-1.1153607718585854,1.183822228817954,1.2340643811664425,445
1789477398.0338285,1789477398.0327518,5.96544310370577,-23.553259747789788,1.9671772490645099,3.342665113757423,-1.1636061298882419,1.2234534473993723,1.2483080896741106,445
1789477398.0431764,1789477398.04273,6.000084648248195,-23.56523970885875,1.97970866676121,3.523082464628607,-1.2104280961282452,1.259553544454734,1.264213106624962,445
1789477398.0531962,1789477398.0527449,6.035683729561787,-23.57738972657457,1.9922834691927473,3.6970127922920346,-1.253490823557283,1.2901984993166418,1.2811111182333756,445
1789477398.0633743,1789477398.062744,6.073485952371654,-23.59011835263175,2.0053075758224503,3.8703033092906827,-1.2942298013516669,1.3163310230880474,1.2996505423329303,445
1789477398.073265,1789477398.072728,6.112990075266777,-23.603234688811064,2.018563013228746,4.0401022216468325,-1.3319021447091433,1.3373026343222483,1.3196598639407573,445
1789477398.0831826,1789477398.0827415,6.112990075266777,-23.603234688811064,2.018563013228746,4.0401022216468325,-1.3319021447091433,1.3373026343222483,1.3196598639407573,445
1789477398.0931854,1789477398.092727,6.19755224245835,-23.630697395286806,2.0457452425995464,4.369700755616249,-1.398039656516117,1.3632526215879672,1.3645782609680484,445
1789477398.1031427,1789477398.1027248,6.241732335958507,-23.644723694924796,2.059312773933853,4.525771045019688,-1.4257998642839482,1.367837017796575,1.38912582883271,445
1789477398.11311,1789477398.1127088,6.287835481534359,-23.65913249540828,2.073014445762625,4.678211681607283,-1.4504671589857276,1.3668654508168692,1.4154942839385156,445
1789477398.123074,1789477398.122704,6.3352060390386455,-23.673700442588437,2.086612349064878,4.8247064688538135,-1.4717057557715516,1.3603105197341092,1.4433577017993144,445
1789477398.1331532,1789477398.1327004,6.384387865412204,-23.688577113864042,2.100219754034726,4.966843631200371,-1.4898076094542532,1.3480945478151387,1.4730797391909634,445
1789477398.1431358,1789477398.142725,6.434067689601621,-23.703353456955934,2.1134413592421137,5.100958080388579,-1.5044337681884195,1.3306699757160696,1.50388969464227,445
1789477398.153388,1789477398.1528018,6.486535110747139,-23.718691394583217,2.1268377203332123,5.233098169626779,-1.5163133736939274,1.3072287405654963,1.5372506580825793,445
1789477398.1631844,1789477398.1627245,6.539448765419984,-23.733887990326203,2.1397618546205535,5.357248652564043,-1.5249869039086374,1.2788282057806992,1.5717132403009781,445
1789477398.1731472,1789477398.172724,6.539448765419984,-23.733887990326203,2.1397618546205535,5.357248652564043,-1.5249869039086374,1.2788282057806992,1.5717132403009781,445
1789477398.1831205,1789477398.1827393,6.648843392109494,-23.76446857417665,2.164629560190974,5.587798919785725,-1.5339471148448853,1.2068079508664522,1.6454078775345398,445
1789477398.1931803,1789477398.1927435,6.7056998748201035,-23.77993210657335,2.1765752537093728,5.695070165720629,-1.534574094350977,1.1631756235303174,1.6849300476996518,445
1789477398.2032733,1789477398.2027106,6.762047217009709,-23.794977347665437,2.187757544785007,5.793709446724808,-1.532930478028866,1.1162844942906656,1.7248684261368195,445
1789477398.2133157,1789477398.212723,6.820936072998472,-23.810412386077868,2.1987490368408076,5.889209076906152,-1.5291377431170947,1.0637880337403185,1.7673858722905371,445
1789477398.2232015,1789477398.2227094,6.8804913327369555,-23.82573147666792,2.209145538247224,5.978444596293302,-1.5234702989355735,1.0074497348860108,1.8111507656315429,445
1789477398.2333353,1789477398.2327096,6.940673369786613,-23.840925206164663,2.2189198990163765,6.061628286625365,-1.5161854712923044,0.9475673166129822,1.856117132705773,445
1789477398.243289,1789477398.242726,7.001091065621029,-23.855899488497965,2.2279962404653957,6.138542129534501,-1.5075933355513824,0.8848131696702911,1.9019679074807778,445
1789477398.2534673,1789477398.2527258,7.063626946143851,-23.87111642691209,2.236617582633253,6.2116543199421415,-1.4976458570845441,0.8174228174419359,1.9501319393174799,445
1789477398.263293,1789477398.2627096,7.1249834282017845,-23.885779670477838,2.2443158516985773,6.277383189666168,-1.4871175098439398,0.7492183668688541,1.9980458892841313,445
1789477398.2735057,1789477398.2727108,7.188723303223271,-23.900746496344365,2.2515199403022916,6.339777998521987,-1.4756464821995374,0.6765023130099964,2.0183149114207,446
1789477398.2833374,1789477398.2827451,7.188723303223271,-23.900746496344365,2.2515199403022916,6.339777998521987,-1.4756464821995374,0.6765023130099964,2.0183149114207,446
1789477398.293306,1789477398.2927523,7.316921832259589,-23.930088093026395,2.2635820481567976,6.44864771984456,-1.451967166031423,0.5257652824689267,1.912064425249037,446
1789477398.3033168,1789477398.3027446,7.381496520788544,-23.944515033411665,2.268441560162385,6.495794010102368,-1.4402187158637187,0.44817491577355345,1.8591197153501524,446
1789477398.3133051,1789477398.3127248,7.44656917411722,-23.95883717351345,2.27252317010619,6.53853590092625,-1.428802445309884,0.369248233683971,1.8061880961597245,446
1789477398.3232696,1789477398.322757,7.512591324127685,-23.973165278862563,2.275835623803774,6.577327307012596,-1.417865102621102,0.2886993584262124,1.75294408544393,446
1789477398.3333764,1789477398.3327103,7.577425643479521,-23.98705546555907,2.2782845611752554,6.611228726985772,-1.4079471192688549,0.2094084373663064,1.7011383639787647,446
1789477398.343357,1789477398.3427205,7.644799572087497,-24.001321215192974,2.279995181539808,6.6423476094768015,-1.3986863170142771,0.12708672781259378,1.6478417191772539,446
1789477398.3536506,1789477398.3527713,7.711341403398409,-24.015263348288226,2.280860864318601,6.669244727374177,-1.3907482657294175,0.046123479634415765,1.595778858862193,446
1789477398.3633566,1789477398.3627708,7.7778282451439456,-24.02906923656983,2.280919944282127,6.692570588547171,-1.3841574022106606,-0.03417614248192179,1.5443703226907477,446
1789477398.3735693,1789477398.3727515,7.7778282451439456,-24.02906923656983,2.280919944282127,6.692570588547171,-1.3841574022106606,-0.03417614248192179,1.5443703226907477,446
1789477398.3832488,1789477398.3827229,7.912536467967103,-24.05674900802168,2.2786240335587404,6.729951551447374,-1.375373999035239,-0.19403204336251925,1.4422657296633994,446
1789477398.3931892,1789477398.3927224,7.979651989350943,-24.07043929782119,2.276302814353209,6.744107832368024,-1.3734512737710365,-0.2717734861814151,1.3925197169437427,446
1789477398.403165,1789477398.4027061,8.04661166629269,-24.084061250107112,2.273228661674204,6.755564971016493,-1.3732268305229494,-0.347764164986197,1.3437068814304372,446
1789477398.413206,1789477398.412724,8.114687189626117,-24.09789561271323,2.269345427352844,6.76469909574812,-1.374747742375039,-0.4231854460843792,1.2949778456956005,446
1789477398.4232473,1789477398.4227648,8.182542574042682,-24.111693019308657,2.2647345292522325,6.771491511180919,-1.3780006695379072,-0.4962991893498812,1.2473709284304828,446
1789477398.4331598,1789477398.432721,8.250280881291523,-24.125495935009095,2.259416140138613,6.776173599034116,-1.3829242284376104,-0.5670179704904745,1.2008747016658128,446
1789477398.4432642,1789477398.4427364,8.317815541806354,-24.13930675771326,2.253425135190365,6.778951091079073,-1.3894100611767959,-0.6350631746772631,1.1556124832339876,446
1789477398.453407,1789477398.452715,8.385003946528386,-24.153114256218895,2.246806799147785,6.780030861859775,-1.397298038363601,-0.70012716840127,1.1117402403908048,446
1789477398.4633746,1789477398.462707,8.452871143963108,-24.167146528975202,2.2394813987320967,6.779604664804672,-1.4065506639153427,-0.7629947389341344,1.0686751296483563,446
1789477398.4731967,1789477398.472708,8.521132824220132,-24.181361811730046,2.2314925953356672,6.7778248431255985,-1.4169475683066572,-0.823151846438986,1.0267093721655032,446
1789477398.4831176,1789477398.4827123,8.58901679446684,-24.195611657354206,2.22296032231758,6.774892717640563,-1.4281193711406555,-0.8797437854631299,0.9864023580433678,446
1789477398.4931855,1789477398.4927258,8.656998708833202,-24.210004498374634,2.2138598492999915,6.770971502896723,-1.4398475627751834,-0.9330239403937562,0.9475486419843189,446
1789477398.5033019,1789477398.5027103,8.724170778215443,-24.22435196759551,2.20435369470149,6.766295913401859,-1.4516451693618022,-0.9821848177218239,0.9107280988378155,446
1789477398.5131714,1789477398.512708,8.791823503457888,-24.238930842494575,2.194296964631409,6.760942858678723,-1.4633799442990623,-1.0280579572930766,0.8753067056843236,446
1789477398.5231931,1789477398.5227354,8.859774437276442,-24.253702045218798,2.1837442313308917,6.755070064114061,-1.4746254490359585,-1.0703286990710876,0.8414934185233176,446
1789477398.533149,1789477398.5327082,8.927324953414281,-24.26850709298047,2.1728420708663037,6.748883238739156,-1.4848500596835112,-1.1084564875008014,0.8097138727107209,446
1789477398.543151,1789477398.5427227,8.994740082728459,-24.283391788861792,2.1615907224621935,6.742494238800516,-1.4936693791298692,-1.1425370280015787,0.7798994778285038,446
1789477398.553301,1789477398.5527177,9.062580645952174,-24.298464934278964,2.149933835245539,6.735968227278523,-1.5006928279591014,-1.1727418097355398,0.7518881572561864,446
1789477398.5632284,1789477398.5627065,9.128940385016826,-24.313280905221635,2.1382460050607843,6.729591331444384,-1.5053186829468768,-1.198248478033215,0.7264859479738068,446
1789477398.5731952,1789477398.5727358,9.128940385016826,-24.313280905221635,2.1382460050607843,6.729591331444384,-1.5053186829468768,-1.198248478033215,0.7264859479738068,446
1789477398.583131,1789477398.5827081,9.263821538050816,-24.343509448128902,2.1137838847093735,6.71696830371258,-1.5060648805856185,-1.2375841777160124,0.6811698293806068,446
1789477398.5932734,1789477398.5928073,9.33102173875197,-24.35856268952388,2.1013268459188867,6.710955213579667,-1.5012248758440327,-1.2508669867425388,0.6618430350711779,446
1789477398.6033988,1789477398.6027074,9.397871902673485,-24.37348296805444,2.08881263862089,6.70518748708682,-1.4924193062057862,-1.2599045612053308,0.6448049607487101,446
1789477398.613491,1789477398.6127057,9.465104915231414,-24.38839111722813,2.0761461576286533,6.69959442995532,-1.4791666784982542,-1.2648084726350979,0.6298888358393135,446
1789477398.6234212,1789477398.6227355,9.531717764420092,-24.403019480503858,2.0635582201348837,6.6942242891229675,-1.4613443713935024,-1.2655606694410217,0.6173119264768141,446
1789477398.633334,1789477398.6326952,9.599615828932137,-24.417733866311444,2.050730427978776,6.688862372084005,-1.43805774738706,-1.262172980178756,0.6067419452191818,446
1789477398.6433759,1789477398.6427069,9.665514038984915,-24.431774274493563,2.0383232516681415,6.683677214910358,-1.4102545366089065,-1.2549415082330317,0.5986378106910692,446
1789477398.653489,1789477398.6527078,9.733183904795283,-24.44589046277909,2.0256665889651915,6.6782505767326015,-1.3761507751880713,-1.243559231719558,0.5924948989510495,446
1789477398.6635108,1789477398.6627226,9.7986817933677,-24.45920820604755,2.0135345916959833,6.672755551862454,-1.3376210998783156,-1.2288223914765566,0.5886131029690784,446
1789477398.6732364,1789477398.672706,9.7986817933677,-24.45920820604755,2.0135345916959833,6.672755551862454,-1.3376210998783156,-1.2288223914765566,0.5886131029690784,446
1789477398.6832657,1789477398.6827056,9.932724175371549,-24.485168843832458,1.9892118819795537,6.65661930881011,-1.239122308096894,-1.1883253616269285,0.5867820041233227,446
1789477398.6932652,1789477398.6927066,9.999452261064928,-24.497293967532592,1.9774018016958042,6.637295960661974,-1.1748196459345064,-1.164618984128704,0.5887716674568582,446
1789477398.7033007,1789477398.7027063,10.065921819972584,-24.50871029623479,1.9658367465738877,6.604559873422957,-1.0977523609398583,-1.139584048741229,0.5925175377473255,446
1789477398.7132168,1789477398.7127044,10.1317589947498,-24.519253179117847,1.9545663466443517,6.55601106656724,-1.0080839751063881,-1.1136494047536507,0.597827698219431,446
1789477398.723438,1789477398.7227411,10.196198544528755,-24.528723091365297,1.9436982493344674,6.491155094732894,-0.9079264455466033,-1.0871613512221014,0.6044299624400151,446
1789477398.7334332,1789477398.7327259,10.26004723106469,-24.53717077559917,1.9330742156475524,6.408939642753791,-0.7977974909742783,-1.0596305806705129,0.612208845201559,446
1789477398.7433617,1789477398.7427347,10.324726571306542,-24.544676124600556,1.9224461896316216,6.306938236454129,-0.6770486313161107,-1.030056491056325,0.6212136373289172,446
1789477398.7535033,1789477398.7527359,10.387158258382968,-24.55082706044685,1.9123085348253512,6.190562280871998,-0.5540298231312036,-0.9994060105533822,0.6308638816550562,446
1789477398.7633443,1789477398.7627068,10.448014023936633,-24.55571679463322,1.9025407561730023,6.060446263389795,-0.43060871214926894,-0.9669702858701168,0.6410814838953165,446
1789477398.7733598,1789477398.7727191,10.448014023936633,-24.55571679463322,1.9025407561730023,6.060446263389795,-0.43060871214926894,-0.9669702858701168,0.6410814838953165,446
1789477398.7834268,1789477398.7827332,10.566759302524906,-24.56192233349832,1.8838416601135426,5.761240693078308,-0.1913013860499406,-0.8939145369186869,0.6630560929489884,446
1789477398.7933054,1789477398.7927363,10.623266777282257,-24.56328400722896,1.8751490203078385,5.5991603133333046,-0.08415674257446433,-0.8533451291101674,0.6743868112555076,446
1789477398.8032334,1789477398.8027039,10.679065473258799,-24.563632099722973,1.86673610672102,5.427661842248362,0.013183700138024224,-0.8087708753211864,0.6861222879194759,446
1789477398.8132412,1789477398.8127322,10.732097672212193,-24.563083475008465,1.8589374022126717,5.254852210764035,0.09488524690915448,-0.761689037764291,0.6978074983898546,446
1789477398.8231716,1789477398.8227031,10.783736756037863,-24.561788723211016,1.8515753528477668,5.078051030212911,0.1614505099922357,-0.7109415314883569,0.7097362514684407,446
1789477398.8332226,1789477398.8327045,10.833936011095712,-24.559898644217704,1.8446918829418832,4.898651996829605,0.211226439990173,-0.6565825962488334,0.721929311450094,446
1789477398.8432279,1789477398.8427026,10.881365737025215,-24.55764764355617,1.8384931153370254,4.722688246441375,0.24247815739794343,-0.6004071981762912,0.7340836519379654,446
1789477398.853278,1789477398.8527255,10.927767628670711,-24.555135086817373,1.8327770282533298,4.544603640929071,0.25633095216097046,-0.5407880134573537,0.7466812248144739,446
1789477398.8633316,1789477398.8627036,10.972353150094003,-24.552574631353103,1.8276729878294027,4.367841953992509,0.25262726807214975,-0.4791705548833356,0.7595667873022585,446
1789477398.8733144,1789477398.872722,10.972353150094003,-24.552574631353103,1.8276729878294027,4.367841953992509,0.25262726807214975,-0.4791705548833356,0.7595667873022585,446
1789477398.8834605,1789477398.882734,11.056408036569199,-24.547965359325534,1.8193338429094996,4.017585997166624,0.19720122018076047,-0.35224308170895924,0.7864518120936475,446
1789477398.8935232,1789477398.892718,11.095890392381012,-24.54621637867941,1.8161160732096107,3.8435629556158744,0.14907899815616688,-0.28853368897485665,0.8005099414072738,446
1789477398.9033973,1789477398.902703,11.13307841726599,-24.545018611782314,1.813567204056509,3.672330391982924,0.09154363876155625,-0.22686505188071715,0.8147510642461255,446
1789477398.9132006,1789477398.9127033,11.169388955329753,-24.54442263879836,1.8115804593975868,3.4964606500796975,0.025103642788039338,-0.1658193963793746,0.8297099146704876,446
1789477398.9230871,1789477398.9227018,11.203202557885213,-24.544515646292435,1.8102204670853488,3.3228665037377176,-0.04433177772142626,-0.10903520794293824,0.8446804471908398,446
1789477398.933217,1789477398.932704,11.235540774980388,-24.54531562468834,1.809400716906037,3.145570956892469,-0.11566224008661599,-0.05566786669593444,0.8600290372171795,446
1789477398.9432075,1789477398.9427023,11.266171031984761,-24.54682779319475,1.8090913685906307,2.9647773381957587,-0.1854986013271738,-0.006905431209986426,0.8755779275127189,446
1789477398.953377,1789477398.9527109,11.294940195382761,-24.54901683357645,1.8092435307532129,2.7806282729996576,-0.2507424061653681,0.03633180764057081,0.8911481292101735,446
1789477398.9633658,1789477398.962702,11.321657752857542,-24.551803465590552,1.8097934282434023,2.594038280392556,-0.30855671212397495,0.07326763582506485,0.90650606081778,446
1789477398.9732614,1789477398.9727018,11.34670520237468,-24.555151783704886,1.810687840132145,2.4021038341390355,-0.35771895327254094,0.10405092426009865,0.9217421349200099,446
1789477398.9831777,1789477398.9827032,11.369732148659365,-24.558925588707837,1.8118526125867636,2.2075145023954885,-0.3959084265459214,0.128015632167615,0.9365111721151305,446
1789477398.9932106,1789477398.9927022,11.391010534813388,-24.563065922146745,1.8132380951499767,2.0083165948945876,-0.4223715147636774,0.1453634347156256,0.9508500640833764,446
1789477399.003211,1789477399.0027015,11.409755061787813,-24.567284988293608,1.8147199896813315,1.8133772771477252,-0.43581138608901343,0.15573213734338875,0.9640687278027613,446
1789477399.0133567,1789477399.0127254,11.426997378851574,-24.571687119315396,1.816314035255683,1.6135267153426882,-0.43695667605856237,0.1600347639974488,0.9767490646074415,446
1789477399.0234554,1789477399.0227182,11.442156614842716,-24.576013988237822,1.817912125796058,1.4168056459404055,-0.4258784449026617,0.15844577905580723,0.9883429705487767,446
1789477399.0332992,1789477399.0327013,11.455421938438667,-24.58019139931998,1.8194746480961228,1.223374351182065,-0.4034957362795002,0.1516273936381451,0.998861715979829,446
1789477399.04322,1789477399.0427175,11.466736601464653,-24.584079843794616,1.8209406436938667,1.0371972058273367,-0.3714638113996167,0.14044146370584715,1.0081380888179607,446
1789477399.053386,1789477399.0527577,11.476209084120203,-24.58759862601802,1.8222734725241863,0.8605117633901467,-0.3317291425122244,0.12584484746807523,1.0161462589305894,446
1789477399.063393,1789477399.0627162,11.483978847891523,-24.59069357092345,1.823448593718657,0.6952560938415294,-0.28640130929177027,0.10881396413837637,1.0229036674738885,446
1789477399.073339,1789477399.072766,11.483978847891523,-24.59069357092345,1.823448593718657,0.6952560938415294,-0.28640130929177027,0.10881396413837637,1.0229036674738885,446
1789477399.0832596,1789477399.0827444,11.494914273453286,-24.595450753258074,1.8252560877117767,0.4094664345072889,-0.18908637061715872,0.07179728030595303,1.032770716533486,446
1789477399.0932772,1789477399.092702,12.147793249536033,-24.344388786027377,1.832653020497606,2.561829063537859,1.0388049277566391,0.16480551549210393,1.26430325080258,446
1789477399.1033368,1789477399.102717,12.1725414774592,-24.334209605874705,1.834296468593149,2.3678439794181356,0.9879378351605962,0.16223557974212743,1.2759772100166002,446
1789477399.1132238,1789477399.112715,12.19546197240685,-24.324515925882185,1.8359132345729463,2.1755058938745653,0.9327173779533385,0.15793485406175045,1.2868146630836113,446
1789477399.123348,1789477399.1227317,12.216132566960013,-24.31554083834182,1.8374537158784574,1.9897445951989732,0.8750386007280753,0.152199918399489,1.2966029485758672,446
1789477399.1335025,1789477399.1327507,12.234899174423624,-24.307188366020075,1.8389241473662346,1.8090977531390136,0.8149860329320493,0.1451909850736057,1.305495290956752,446
1789477399.143371,1789477399.1427007,12.252287237723845,-24.299263368858124,1.8403517460742447,1.6294945123600457,0.7515100698086906,0.13686860939567447,1.3137327315460343,446
1789477399.1532753,1789477399.1527035,12.26773202499297,-24.292061811866706,1.8416763571787944,1.4579863518279044,0.6874555890312105,0.1276940074530142,1.3210418343927328,446
1789477399.1633139,1789477399.1626997,12.281425186348692,-24.285537910140434,1.842898994469847,1.2943307906712467,0.623240861546283,0.11784264283736326,1.3275098101226108,446
1789477399.1731954,1789477399.17272,12.281425186348692,-24.285537910140434,1.842898994469847,1.2943307906712467,0.623240861546283,0.11784264283736326,1.3275098101226108,446
1789477399.1831102,1789477399.1827037,12.304333279389546,-24.274292387040784,1.845058647550323,0.9877495743650344,0.49484939235760206,0.09653976093293604,1.3382835001631501,446
1789477399.1931138,1789477399.1927,12.313445129687931,-24.269686253453337,1.8459632930384824,0.8499786933595102,0.4336811175470068,0.08575499210781351,1.342542474721113,446
1789477399.2029788,1789477399.2027009,12.321273860837731,-24.265657211602743,1.84676491361611,0.7212631602960391,0.374537177266707,0.07498789237796738,1.3461834598144597,446
1789477399.2133598,1789477399.212767,12.327902340321328,-24.262186525861107,1.8474637612826967,0.6022395081449123,0.318074771919155,0.06442146873536231,1.34924861248899,446
1789477399.223284,1789477399.2226882,12.333354459007099,-24.259284229488248,1.8480546407543295,0.4948280071887563,0.2655940931494407,0.05436314453302715,1.3517537209084538,446
1789477399.2333708,1789477399.2327058,12.337778188561908,-24.256891965310068,1.848546643064264,0.39873339513042927,0.21734334945299238,0.04492207974764839,1.3537721881326807,446
1789477399.2430747,1789477399.242715,12.341341556528263,-24.254935486687966,1.848952827044026,0.3127859909126345,0.17307063484013918,0.036099612903215395,1.3553858415135864,446
1789477399.253124,1789477399.252709,12.344105184944338,-24.25339565222348,1.8492753366453176,0.2381095936517088,0.13366718561945934,0.028118573175142436,1.3566272085497415,446
1789477399.2632792,1789477399.262735,12.346166084350585,-24.25223105756743,1.849521253588059,0.17510007841739306,0.09966322643981407,0.02113086065819425,1.357545032531085,446
1789477399.2732785,1789477399.2727232,12.346166084350585,-24.25223105756743,1.849521253588059,0.17510007841739306,0.09966322643981407,0.02113086065819425,1.357545032531085,446
1789477399.2831824,1789477399.2827146,12.348662202044956,-24.250793779502455,1.8498279383197083,0.08190007775390562,0.047843510367767905,0.010287988077678056,1.358642753032382,446
1789477399.2931924,1789477399.292742,12.349315536038095,-24.250409939114753,1.849910722970796,0.050275055477125186,0.02973291953709456,0.00643448575859451,1.3589258438370861,446
1789477399.3031285,1789477399.3027031,12.349697407538832,-24.250182880837922,1.8499599944823988,0.027652114985278864,0.016548304482504328,0.003602585848352824,1.3590897448925547,446
1789477399.313161,1789477399.312734,12.349892446729237,-24.250065575583232,1.8499855948408754,0.012909683073510259,0.007813776211699874,0.001710510953359945,1.35917266600877,446
1789477399.3231626,1789477399.3227346,12.349974783915757,-24.25001550832937,1.8499965793701434,0.004411472943019135,0.002699937234270422,0.0005941699074543116,1.359207343655731,446
1789477399.3331172,1789477399.3327138,12.349997563829184,-24.25000151098097,1.84999966543664,0.0007751566998628334,0.0004795215841966183,0.00010605067926405809,1.3592168495813697,446
1789477399.3431344,1789477399.3427124,12.349999995554263,-24.250000002779807,1.8499999993822518,6.937214326541152e-06,4.335418820389236e-06,9.632262853997986e-07,1.3592178557953245,446
1789477399.3534265,1789477399.352745,12.350000000000001,-24.25,1.8500000000000008,-1.7763568394002505e-15,1.7763568394002505e-15,4.440892098500626e-15,1.359217857621196,446
1789477399.3636363,1789477399.362762,12.350000000000001,-24.25,1.8500000000000008,-1.7763568394002505e-15,1.7763568394002505e-15,4.440892098500626e-15,1.359217857621196,446
1789477399.3732324,1789477399.3727117,12.350000000000001,-24.25,1.8500000000000008,-1.7763568394002505e-15,1.7763568394002505e-15,4.440892098500626e-15,1.359217857621196,446
1789477399.3832753,1789477399.3827114,12.350000000000001,-24.25,1.8500000000000008,-1.7763568394002505e-15,1.7763568394002505e-15,4.440892098500626e-15,1.359217857621196,446
1789477399.3933458,1789477399.3926923,12.350000000000001,-24.25,1.8500000000000008,-1.7763568394002505e-15,1.7763568394002505e-15,4.440892098500626e-15,1.359217857621196,446
1789477399.4034116,1789477399.4026875,12.350000000000001,-24.25,1.8500000000000008,-1.7763568394002505e-15,1.7763568394002505e-15,4.440892098500626e-15,1.359217857621196,446
1789477399.4133377,1789477399.4126852,12.350000000000001,-24.25,1.8500000000000008,-1.7763568394002505e-15,1.7763568394002505e-15,4.440892098500626e-15,1.359217857621196,446
1789477399.4231298,1789477399.4227169,12.350000000000001,-24.25,1.8500000000000008,-1.7763568394002505e-15,1.7763568394002505e-15,4.440892098500626e-15,1.359217857621196,446
1789477399.4330666,1789477399.4326851,12.350000000000001,-24.25,1.8500000000000008,-1.7763568394002505e-15,1.7763568394002505e-15,4.440892098500626e-15,1.359217857621196,446
1789477399.4432743,1789477399.4427104,12.350000000000001,-24.25,1.8500000000000008,-1.7763568394002505e-15,1.7763568394002505e-15,4.440892098500626e-15,1.359217857621196,446
1789477399.453294,1789477399.4526854,12.350000000000001,-24.25,1.8500000000000008,-1.7763568394002505e-15,1.7763568394002505e-15,4.440892098500626e-15,1.359217857621196,446
1789477399.4631765,1789477399.4626842,12.350000000000001,-24.25,1.8500000000000008,-1.7763568394002505e-15,1.7763568394002505e-15,4.440892098500626e-15,1.359217857621196,446
1789477399.4732304,1789477399.472685,12.350000000000001,-24.25,1.8500000000000008,-1.7763568394002505e-15,1.7763568394002505e-15,4.440892098500626e-15,1.359217857621196,446
1789477399.4831018,1789477399.482684,12.350000000000001,-24.25,1.8500000000000008,-1.7763568394002505e-15,1.7763568394002505e-15,4.440892098500626e-15,1.359217857621196,446
1789477399.4932249,1789477399.4926841,12.350000000000001,-24.25,1.8500000000000008,-1.7763568394002505e-15,1.7763568394002505e-15,4.440892098500626e-15,1.359217857621196,446
1789477399.503097,1789477399.502684,12.350000000000001,-24.25,1.8500000000000008,-1.7763568394002505e-15,1.7763568394002505e-15,4.440892098500626e-15,1.359217857621196,446
1789477399.51319,1789477399.5126839,12.350000000000001,-24.25,1.8500000000000008,-1.7763568394002505e-15,1.7763568394002505e-15,4.440892098500626e-15,1.359217857621196,446
1789477399.5230753,1789477399.5226846,12.399266999266423,-24.230576611060524,1.8746779060148895,0.5403651626009394,-0.12236795045174559,-0.005851398671642201,1.3867825418680706,446
1789477399.533226,1789477399.5326831,12.405156519558854,-24.231907141500475,1.8746165045808383,0.6262745963373197,-0.1411607839183505,-0.006286448644782233,1.392303766438653,446
1789477399.543526,1789477399.5427494,12.411862408310688,-24.23341498230368,1.8745519422895365,0.7169079833704084,-0.16082320741978945,-0.006618208219871091,1.3985887724662747,446
1789477399.5536776,1789477399.5528193,12.419490297360644,-24.235121904203297,1.8744847409308891,0.8127333989542878,-0.18143252148828445,-0.006828124148694238,1.405736504749349,446
1789477399.5634604,1789477399.562709,12.428032770144178,-24.23702409758759,1.874416652413529,0.9127437966423593,-0.2027472977229228,-0.00689292151235549,1.4137400689383997,446
1789477399.5734265,1789477399.5726938,12.428032770144178,-24.23702409758759,1.874416652413529,0.9127437966423593,-0.2027472977229228,-0.00689292151235549,1.4137400689383997,446
1789477399.5834997,1789477399.5826929,12.448418753766564,-24.24152818481685,1.8742814688138187,1.1279660472534736,-0.2479445163020733,-0.006491952963173118,1.4328376787071613,446
1789477399.5935645,1789477399.5926852,12.460044053312993,-24.244076697753393,1.874219983623679,1.2392998856425852,-0.2709619065834452,-0.005988578515501221,1.44372813234484,446
1789477399.6036737,1789477399.6027143,12.47338302310697,-24.24698467585069,1.8741622313226185,1.359040275784303,-0.29543610997997777,-0.0052147002038444665,1.4562247312023398,446
1789477399.6137612,1789477399.6126983,12.487213111361754,-24.249982623011896,1.8741159664929592,1.475567405147457,-0.3189680643559396,-0.004222993403260669,1.4691829638496374,446
1789477399.623368,1789477399.6227155,12.502780123101504,-24.253337523924294,1.874079599779242,1.5988387673953288,-0.3435474957550204,-0.0029081725099450806,1.4837711289928919,446
1789477399.6332793,1789477399.6327229,12.519261899819188,-24.25686824498836,1.8740583702945113,1.721534033301046,-0.36768109080817174,-0.0013167932339558843,1.499220035663464,446
1789477399.6431463,1789477399.6427236,12.537273280877345,-24.260702855262696,1.874054606144017,1.8476717505308338,-0.39213512257734956,0.0006272898969893661,1.516107391362528,446
1789477399.6532736,1789477399.6527236,12.556272611614327,-24.264722160011733,1.874071774233728,1.9728995076244997,-0.4160404373293346,0.0028824806577234414,1.5339268989212274,446
1789477399.663442,1789477399.6627233,12.576482171669802,-24.26896986221584,1.8741130160820825,2.0983727466562896,-0.4396036503232821,0.005485576776037707,1.5528885635569756,446
1789477399.673336,1789477399.6727219,12.576482171669802,-24.26896986221584,1.8741130160820825,2.0983727466562896,-0.4396036503232821,0.005485576776037707,1.5528885635569756,446
1789477399.6833498,1789477399.6827254,12.621165723992426,-24.27826584426828,1.8742848023923386,2.3518492238277777,-0.4859354638914086,0.011882587670152708,1.594840652446131,446
1789477399.6932793,1789477399.6927097,12.645529204673151,-24.283281533417252,1.8744235479565485,2.4781883036515184,-0.5083455970630907,0.015692481173945456,1.6177315386093447,446
1789477399.7032647,1789477399.7027216,12.670851168836542,-24.288456665364393,1.8746004274271835,2.601848763577647,-0.5298039517903426,0.0198619847644153,1.6415357916219406,446
1789477399.713251,1789477399.7126987,12.697407562062791,-24.29384381291016,1.874820988954285,2.7240054580897644,-0.5505072516424702,0.024442540599065733,1.6665146429673325,446
1789477399.723266,1789477399.7226992,12.72541172195014,-24.299481189978422,1.8750917659310429,2.845278404128683,-0.5705403955797109,0.029481827353557852,1.6928709917516982,446
1789477399.733244,1789477399.7326977,12.75428027771813,-24.305247029063214,1.8754113000931119,2.96294709964688,-0.589445337151113,0.034880728699833635,1.7200577208815808,446
1789477399.7431655,1789477399.7426932,12.784326898111935,-24.311200172634514,1.8757868400594915,3.0782116898253116,-0.6074151159503061,0.040700078781220714,1.7483718961046106,446
1789477399.7532852,1789477399.752696,12.81615645134918,-24.31745430641637,1.8762319026484062,3.1930032530885137,-0.6247265247924738,0.047067268138481305,1.778385992390398,446
1789477399.7633193,1789477399.7626948,12.848207867385746,-24.323698759968842,1.8767286768701943,3.3016401105617073,-0.6405260997408744,0.05367028671456247,1.808629537282011,446
1789477399.773235,1789477399.7726965,12.848207867385746,-24.323698759968842,1.8767286768701943,3.3016401105617073,-0.6405260997408744,0.05367028671456247,1.808629537282011,446
1789477399.7831967,1789477399.782693,12.916483088871956,-24.336826573682025,1.877947677769872,3.512317795442267,-0.6693498763590588,0.06829842985867408,1.8731195580646107,446
1789477399.793199,1789477399.7927134,12.952114793404343,-24.343585753583294,1.878669958349753,3.612237250949378,-0.682075468636773,0.07619848959673263,1.9068103316636364,446
1789477399.803186,1789477399.802683,12.98824135030005,-24.350375659869105,1.8794621042915254,3.707242935828088,-0.6935364648631246,0.08436977679174706,1.9409923211106028,446
1789477399.8132079,1789477399.812686,13.026275991735542,-24.357456444761773,1.8803608819156403,3.8009366488939045,-0.7041672986628842,0.09312927707302492,1.9770043322981972,446
1789477399.823171,1789477399.8227067,13.064440525324379,-24.364492504322836,1.881329248053732,3.888918652105402,-0.7134795296432884,0.10206130747089037,2.0131639655803166,446
1789477399.8332167,1789477399.8327081,13.10355604177685,-24.371633187898333,1.8823906199685527,3.973295746669423,-0.7217353400255668,0.11134511906355798,2.0502494228961723,446
1789477399.8431554,1789477399.8426936,13.144083579676767,-24.37895709697217,1.8835635791679497,4.054992528433299,-0.7290314560476732,0.12108226254425478,2.088699234831375,446
1789477399.8531687,1789477399.8527331,13.18504852568715,-24.386283907858097,1.8848247004890821,4.132093458462851,-0.7352189477495492,0.13102664762902042,2.127589636327925,446
1789477399.863426,1789477399.8626957,13.227112774938993,-24.39372865729518,1.886198344277639,4.20596648160243,-0.7404410017931402,0.14132394637376983,2.167549543926012,446
1789477399.87324,1789477399.8727088,13.227112774938993,-24.39372865729518,1.886198344277639,4.20596648160243,-0.7404410017931402,0.14132394637376983,2.167549543926012,446
1789477399.8833368,1789477399.8827064,13.312044978820811,-24.408521416989675,1.889213419617786,4.340394684340089,-0.7479064230656307,0.16229659622350284,2.248309136720567,446
1789477399.8934946,1789477399.8926964,13.355516594409838,-24.41597131391186,1.8908807748064467,4.402347764023394,-0.7503304486922829,0.17308186161310116,2.2896827393089296,446
1789477399.9032412,1789477399.9026918,13.40007123450225,-24.423522822461184,1.8926761386100384,4.461525560140107,-0.7519588325609861,0.18414127572214553,2.332112399860317,446
1789477399.9132254,1789477399.9126918,13.444652488304744,-24.4309948741606,1.894559499685349,4.5167120194230375,-0.7528084024508027,0.19518981655764858,2.374592192924875,446
1789477399.9232569,1789477399.9227154,13.490486288672946,-24.43859049805923,1.8965855844525772,4.5695925534707245,-0.7529536435834507,0.20650642225800195,2.4182904979144713,446
1789477399.9332604,1789477399.9326913,13.536316024870516,-24.446099137084726,1.8987015432767425,4.618883771409313,-0.7524400113315192,0.21775466973647706,2.4620094724143,446
1789477399.943206,1789477399.9426913,13.582814569314213,-24.45363042507388,1.9009392436622532,4.665542666097453,-0.7513202740604242,0.2290731783309484,2.506390753345678,446
1789477399.9533522,1789477399.952721,13.630010582580605,-24.46118646924246,1.9033027221151393,4.709749397610624,-0.7496374507633424,0.2404389475867728,2.551462012929705,446
1789477399.9633944,1789477399.962691,13.630010582580605,-24.46118646924246,1.9033027221151393,4.709749397610624,-0.7496374507633424,0.2404389475867728,2.551462012929705,446
1789477399.973122,1789477399.9726958,13.724831740397923,-24.476104012755677,1.9083254158480027,4.790088429692616,-0.744846061618008,0.26279587045108477,2.6420853355746177,446
1789477399.983275,1789477399.9827197,13.77247364449738,-24.483469159403256,1.9109834290375582,4.826698225520679,-0.7418388707102241,0.27373551275270863,2.687652478217662,446
1789477399.993295,1789477399.9927194,13.821505886755146,-24.490960249175455,1.9138098407353406,4.862083177813451,-0.7383917201215776,0.2847530957131566,2.7138503618902345,214
1789477400.00313,1789477400.0027158,13.870701093051185,-24.498386841094614,1.9167355933532282,4.895478957342426,-0.7346172385049258,0.2955335028301062,2.7041440129624132,214
1789477400.0133193,1789477400.0126958,13.918779586814557,-24.505559548720743,1.9196791879666688,4.926283726346864,-0.7306582346068732,0.3057776904712597,2.695441494328657,214
1789477400.023322,1789477400.0227082,13.969032436079988,-24.512967705948757,1.922841708110203,4.956745802049782,-0.7262658886800044,0.31614944985660115,2.687178165562512,214
1789477400.03333,1789477400.0326936,14.018806790537672,-24.52021680303581,1.9260570611379009,4.985353964199176,-0.7216842520517023,0.3260567729643145,2.6798371170622124,214
1789477400.0432177,1789477400.0427065,14.068107187125607,-24.527310968316865,1.9293194663789117,5.012321583656143,-0.7169382306986504,0.3354845714470588,2.6733976365601024,214
1789477400.053275,1789477400.0526958,14.118882611219762,-24.53452883105132,1.9327561687786066,5.0388289682588425,-0.7118471838229996,0.34476692189987496,2.6676344701458734,214
1789477400.0632966,1789477400.0627072,14.118882611219762,-24.53452883105132,1.9327561687786066,5.0388289682588425,-0.7118471838229996,0.34476692189987496,2.6676344701458734,214
1789477400.07324,1789477400.07274,14.220301604562165,-24.548679176581775,1.9398355986152778,5.088480792298151,-0.701086422415096,0.36190397234592386,2.6587758274796434,214
1789477400.0832448,1789477400.0826902,14.271099993257879,-24.555633817780425,1.9434795367738824,5.1119402182555715,-0.6953985498593837,0.3697340251072279,2.655673068763884,214
1789477400.0931146,1789477400.0926893,14.322238640484983,-24.562545438572037,1.9472070745104948,5.134742934486777,-0.6894617293054787,0.37707641132529734,2.6534519788575848,214
1789477400.1032865,1789477400.1026902,14.373669284037176,-24.569405515322675,1.9510102829357785,5.156938393665525,-0.683263896625422,0.3838911895008419,2.652133062815913,214
1789477400.1132238,1789477400.1126907,14.425320068601115,-24.576202458726083,1.9548788821690035,5.178558105052413,-0.6767918293974273,0.3901383594551956,2.6517330376091164,214
1789477400.1231866,1789477400.1226907,14.477212785055114,-24.582936916350462,1.9588091320767216,5.19966361117545,-0.670016574679792,0.395791711999713,2.652264891794753,214
1789477400.133211,1789477400.1326895,14.529680023384984,-24.589648464752784,1.962820910238249,5.220426065496547,-0.6628609881701015,0.4008528987164347,2.644619832933792,215
1789477400.1431468,1789477400.1426892,14.582055374849363,-24.596248787289586,1.9668572591601428,5.24061302357165,-0.6553810143563429,0.40523024060244944,2.6308976372883994,215
1789477400.153343,1789477400.1526914,14.634451325063342,-24.602750159233473,1.9709201218599108,5.260297748231401,-0.6475277521960878,0.4089177737185667,2.6180789887803457,215
1789477400.1632788,1789477400.1626892,14.634451325063342,-24.602750159233473,1.9709201218599108,5.260297748231401,-0.6475277521960878,0.4089177737185667,2.6180789887803457,215
1789477400.1732295,1789477400.1726897,14.740212404282053,-24.615553220064562,1.9791693156340238,5.298547724254611,-0.6304005721391114,0.4141943251883393,2.5950259606347634,215
1789477400.1831822,1789477400.182693,14.792806263483126,-24.621754526033456,1.9832816705685028,5.316846339701801,-0.6211719981492843,0.4157141290551412,2.584991921063639,215
1789477400.1933017,1789477400.192689,14.84561116797418,-24.627865300604615,1.9874078854235122,5.3347357909524336,-0.6113790347789788,0.4164881594120991,2.5758895545283926,215
1789477400.2032602,1789477400.2026892,14.898928196165206,-24.633913853461898,1.9915642205308295,5.352302283055402,-0.6009155528810426,0.41649688659838185,2.5676990066657073,215
1789477400.2132485,1789477400.2127035,14.952902160351185,-24.639907925263888,1.9957541924626752,5.369567340932024,-0.5896943008715442,0.4157079248999477,2.5604430270627527,215
1789477400.2230997,1789477400.2227046,15.007053962605891,-24.64578617102405,1.9999326265330382,5.386352869514792,-0.5777610938333165,0.4141046238590876,2.55422171657155,215
1789477400.2332394,1789477400.2326903,15.061028349928872,-24.651504526771205,2.004064564342601,5.4025339805415555,-0.565156893380661,0.41169427865978236,2.549086884231246,215
1789477400.2431564,1789477400.2426894,15.115036754538263,-24.657080118905853,2.0081588277988742,5.418160304551771,-0.5518001212668759,0.40846932221936133,2.545024456800225,215
1789477400.2532978,1789477400.2526906,15.16924251498547,-24.662522682028,2.012220060983303,5.433258909980334,-0.5376129672434551,0.40441522862520646,2.542038661389668,215
1789477400.2632902,1789477400.262689,15.16924251498547,-24.662522682028,2.012220060983303,5.433258909980334,-0.5376129672434551,0.40441522862520646,2.542038661389668,215
1789477400.2732472,1789477400.2727056,15.277760373570771,-24.672930364172192,2.020176317745846,5.461659472866898,-0.5067417113669459,0.39384936708201895,2.5299286646697,273
1789477400.2831697,1789477400.2826974,15.33319219273372,-24.677981185655597,2.0241356437197133,5.475194685933268,-0.489649991624281,0.38720163456974865,2.5159052874926693,273
1789477400.293261,1789477400.2927039,15.387351397242387,-24.682732941477344,2.0279259061725003,5.487765374352618,-0.4720592511676977,0.3798992898656806,2.502933266822315,273
1789477400.3031087,1789477400.302689,15.44199490743833,-24.687336217558993,2.0316645765255994,5.499781275220493,-0.4534021523218621,0.3717323736583213,2.490577115647707,273
1789477400.313112,1789477400.3127038,15.497130470627054,-24.691778695171816,2.0353427056095295,5.511215495815175,-0.433639248586135,0.36268937595752343,2.4788553685828743,273
1789477400.3231444,1789477400.3227904,15.552923513751214,-24.69605913419985,2.03896109540663,5.5220717625860045,-0.41267334554609775,0.3527311748679399,2.4677562328367455,273
1789477400.333116,1789477400.332702,15.60822661189773,-24.700080266599063,2.042437767411489,5.5321169189256905,-0.39092729975877755,0.3420738200083139,2.457510681895536,273
1789477400.3430927,1789477400.3426762,15.663542161384232,-24.703873191946283,2.045798808615983,5.541447025030738,-0.36821654247162156,0.33064715722709387,2.448014527240445,273
1789477400.353131,1789477400.3526762,15.718977834191197,-24.707436145446085,2.0490435818507144,5.550075376745512,-0.34449843972613786,0.31844431353510866,2.4392500676478583,273
1789477400.3631105,1789477400.362675,15.718977834191197,-24.707436145446085,2.0490435818507144,5.550075376745512,-0.34449843972613786,0.31844431353510866,2.4392500676478583,273
1789477400.3730524,1789477400.3726761,15.830148514785007,-24.71382925404349,2.0551515046902975,5.565201614588402,-0.2940870722561423,0.2917870853312462,2.4239329399536205,273
1789477400.383076,1789477400.3826768,15.885142761697203,-24.71660450193766,2.057963533331795,5.571615335633975,-0.26777714427291277,0.2775656377686381,2.4174640414247297,273
1789477400.3934581,1789477400.392678,15.941317894580525,-24.719163691984736,2.0606845454561618,5.577442443126315,-0.23999427675787932,0.26236438161314185,2.411608494789959,273
1789477400.4034977,1789477400.4026859,15.997240654284619,-24.72142662169959,2.0632353936975476,5.582522517516784,-0.21145291999367868,0.24658089349726864,2.4065300610238953,273
1789477400.4134526,1789477400.4126763,16.052667308534996,-24.72338138098124,2.0656024570022713,5.586854814958485,-0.1823272813573869,0.23032458066789083,2.4022312687721663,273
1789477400.423381,1789477400.4226801,16.10886528433806,-24.72506289911278,2.0678331389734224,5.5905406384034855,-0.15198210985788385,0.2132486579749917,2.398614375411655,273
1789477400.4333994,1789477400.4327009,16.164425986849896,-24.726420719569177,2.0698657150263013,5.593492375786986,-0.12121578675701285,0.1958095724513441,2.395767607697938,273
1789477400.4432497,1789477400.442701,16.220647679539155,-24.727479345209204,2.071742531075504,5.595785321750148,-0.08935433992778181,0.17763193941566552,2.393619591654997,273
1789477400.4531577,1789477400.4527009,16.27678484131526,-24.728213195580956,2.0734311449523153,5.597383893165282,-0.05685847860380741,0.15898254102540643,2.3922046532376653,273
1789477400.463442,1789477400.4627173,16.332187139445406,-24.728614659418174,2.0749116270871237,5.598288114145841,-0.02417148512297049,0.14012276845147917,2.3915179054759346,273
1789477400.4733386,1789477400.472704,16.332187139445406,-24.728614659418174,2.0749116270871237,5.598288114145841,-0.02417148512297049,0.14012276845147917,2.3915179054759346,273
1789477400.4832547,1789477400.4826953,16.444055113373313,-24.72842522894413,2.0773213732139033,5.598075111133762,0.04347064771192699,0.10081000568972653,2.392258568823264,273
1789477400.4931087,1789477400.4927,16.500181484888078,-24.72781601595035,2.078230846463053,5.596932330483371,0.07811320837531391,0.08054157716370874,2.39369141694939,273
1789477400.5031178,1789477400.5026999,16.555926033877512,-24.726864911600043,2.0789315854930868,5.595099557431222,0.11290131915000091,0.06010305091451879,2.395809522647044,273
1789477400.513112,1789477400.5126998,16.612442157352355,-24.72554468942048,2.0794329736147006,5.592515728174856,0.14849035481660106,0.03910946810719809,2.39865896103833,273
1789477400.5231116,1789477400.5226743,16.668795148762563,-24.723868062838097,2.0797206799179127,5.589190458660405,0.18422586554973366,0.017945911761538307,2.4021990837814213,273
1789477400.5330887,1789477400.5326731,16.724607412704565,-24.721850235717078,2.079794457427803,5.585133089346424,0.21979175818379384,-0.0031990183910557517,2.406388557949999,273
1789477400.5431294,1789477400.5427,16.780167683824267,-24.719486209836806,2.079657264948399,5.580306245162812,0.25529575741108695,-0.02438825425876722,2.411230305397933,273
1789477400.5534585,1789477400.5527177,16.83580080956855,-24.716762304296882,2.0793077526488886,5.574646591322604,0.29087109509555953,-0.04570195571132986,2.4167454321273762,273
1789477400.5635982,1789477400.5627205,16.891565699964023,-24.71367264611054,2.078743140499327,5.568097695395406,0.3264799807805866,-0.06711936003452988,2.4229397602851748,273
1789477400.5732322,1789477400.5727189,16.947659532393264,-24.710201388272065,2.077957853247862,5.560571826352358,0.3621698162378131,-0.08867181914747328,2.4298399954269674,273
1789477400.583127,1789477400.5826852,17.003059675171873,-24.706415454647754,2.076967747716644,5.552155154781797,0.3972135633774153,-0.10992153659658911,2.4373106936566287,273
1789477400.593452,1789477400.5927172,17.058254533116465,-24.70229079202284,2.075769054696247,5.542730592529295,0.4318477488535245,-0.13101215283126047,2.445398976958419,273
1789477400.603293,1789477400.602697,17.113582391468203,-24.697803989582773,2.074354912138477,5.532168126118864,0.4662072551339661,-0.1520282358724203,2.454150578495497,273
1789477400.6132312,1789477400.612685,17.168517252423907,-24.693001850221883,2.07274062580034,5.520494797820239,0.49989032168146547,-0.17272620853325346,2.4634754589458256,273
1789477400.6232297,1789477400.622685,17.223469168246794,-24.687854240867388,2.0709169551551323,5.507546763345068,0.5330749956923102,-0.19321752301447342,2.473434618690297,273
1789477400.6331584,1789477400.6326852,17.27850289677307,-24.682356791253945,2.0688821208127957,5.49320814331148,0.5657207016896092,-0.21348065722967127,2.484039598776792,273
1789477400.6431673,1789477400.642699,17.33350883084842,-24.676523024029272,2.066641071124543,5.477399737392942,0.5976828255174766,-0.23342948613968917,2.495268470081896,273
1789477400.653287,1789477400.652719,17.38847750064435,-24.67035804847015,2.0641960170829954,5.460012500006452,0.6288780626606555,-0.25301551389580484,2.507116585161723,273
1789477400.6631963,1789477400.6626987,17.44347207611966,-24.66385879381826,2.061545913957735,5.44090346997188,0.6592631681741538,-0.27221547966343423,2.5195958747016243,273
1789477400.6731677,1789477400.6727164,17.49738369611143,-24.657169934029348,2.0587518981239548,5.420378402305862,0.6881723825349827,-0.29060898345222586,2.532435433964051,273
1789477400.6830792,1789477400.6826894,17.552299492605588,-24.65003717200626,2.0557084800419583,5.396847314460904,0.7167718844467243,-0.30877622770104973,2.5461291033657587,273
1789477400.693394,1789477400.692685,17.605414539996406,-24.642830915146593,2.052578760469931,5.369216804514703,0.7439387392729057,-0.3254687097488494,2.5599579368488734,273
1789477400.7032573,1789477400.7026975,17.658506529166843,-24.635318149916134,2.0492723038398606,5.334713578533131,0.7708343444071776,-0.3409981484889024,2.5743424327613793,273
1789477400.713095,1789477400.7126844,17.71185652887335,-24.627444004162435,2.0457760348093035,5.291501095363693,0.7976856570134425,-0.3552170146349456,2.5893451992571164,273
1789477400.723153,1789477400.7226846,17.76453071636568,-24.619333276469806,2.0421590176682245,5.239255777809787,0.8239875941520388,-0.36773048407196074,2.6046768874552884,273
1789477400.7331326,1789477400.732684,17.816636869548084,-24.610962033402156,2.03842530515248,5.177384515964289,0.8496581845031633,-0.378504496990024,2.6203287075230084,273
1789477400.7431855,1789477400.7427332,17.868151088980028,-24.60232533883491,2.0345869742850122,5.105718668226439,0.8744634063231178,-0.38751248925383813,2.6362551155753073,273
1789477400.7532492,1789477400.7526972,17.91910218514925,-24.593409866654174,2.0306514204959996,5.024262909219923,0.8981230485779628,-0.3947691919026916,2.652428145639488,273
1789477400.7632492,1789477400.7626972,17.969144742922666,-24.584272406358487,2.0266552484347264,4.933903358276187,0.9201344234301673,-0.40027436082732315,2.6686998318500996,273
1789477400.7731776,1789477400.7726967,18.017445091899024,-24.575077585817795,2.0226784089863554,4.836981888512877,0.9398040608080657,-0.4040588912430861,2.6847513344077423,273
1789477400.7830935,1789477400.7826712,18.065047060438655,-24.56563990251681,2.0186464002892994,4.732269125105264,0.9572086953213977,-0.40632744958982336,2.7008889154580187,273
1789477400.793344,1789477400.7927117,18.11271885384734,-24.555802115334007,2.01449829764147,4.618491059883817,0.9721426388256483,-0.4071636738257868,2.7173547741367674,273
1789477400.8034115,1789477400.8026829,18.157839068964503,-24.54612661128371,2.0104719390837613,4.5028801657432,0.9834391052080186,-0.40665555153270966,2.733212199882445,273
1789477400.8133066,1789477400.8127007,18.202369182801768,-24.53622638007563,2.006403419736656,4.3815683433491825,0.9913209897289277,-0.4049427398352618,2.7491184505682567,273
1789477400.8232882,1789477400.8226838,18.245744850446616,-24.526248183610182,2.0023501912621553,4.256884313812192,0.9953046238793124,-0.4021469216884819,2.764857263125745,273
1789477400.8334448,1789477400.832683,18.28752206658123,-24.516331447939624,1.9983622275896578,4.131094824417853,0.9951254548853312,-0.39843112140562265,2.780249067880829,273
1789477400.8432844,1789477400.842699,18.328207719510132,-24.506396283757187,1.9943989296179432,4.003591398517019,0.9906018101765046,-0.3938740972129966,2.795467193743369,273
1789477400.8532908,1789477400.8527017,18.366998155470206,-24.496685094254147,1.9905467869451634,3.877775222110776,0.9817649458237696,-0.3886887568622398,2.8101989064498953,273
1789477400.863459,1789477400.8626838,18.405050440533472,-24.486953776615813,1.9866977807748936,3.7506280194864607,0.968299867058964,-0.3828206719125832,2.8248778304799655,273
1789477400.873275,1789477400.8726978,18.44231982714491,-24.47725328550442,1.9828600577385855,3.6227789303661213,0.950025994361556,-0.37633137011340845,2.839493855955957,273
1789477400.8835242,1789477400.8827083,18.47792699764621,-24.467860730626025,1.9791302000793438,3.497746552830672,0.9274356149511415,-0.3694440046370881,2.8537027615223747,273
1789477400.8934903,1789477400.892688,18.512222303376614,-24.458734647342723,1.97547882867603,3.3747431645064525,0.9005667335577089,-0.3621621513040776,2.8676404076193354,273
1789477400.9032288,1789477400.902683,18.545072253209106,-24.449958176215617,1.971926775178811,3.254533482534481,0.8698264913713745,-0.3545651516727901,2.8812503043563544,273
1789477400.9134696,1789477400.912683,18.577106913064487,-24.44140771851417,1.9684112355018732,3.1349160885179934,0.8348954639142079,-0.3465303373198698,2.894796333810335,273
1789477400.9234073,1789477400.9227033,18.608046859772177,-24.433200329160623,1.9649673417365,3.016872004433851,0.7963438202003161,-0.33812680224668024,2.9081663946559293,273
1789477400.9333768,1789477400.9327,18.637447985433855,-24.42549047062805,1.961650649143916,2.9020033757073938,0.7552275962418972,-0.3294843753206921,2.9211622993391386,273
1789477400.9433632,1789477400.9426823,18.666104648771515,-24.418102870127388,1.95837680801919,2.7869580328752135,0.7109176478710588,-0.3203559861382668,2.9341310909746676,273
1789477400.9533863,1789477400.952685,19.449439063132612,-24.25015396921088,1.8500874880396794,0.04313160816037076,0.011826341724076483,-0.006711918599842881,3.379852711171484,273
1789477400.9634767,1789477400.9626837,19.44976787718725,-24.250063766147342,1.8500362666674335,0.022580795162838285,0.006198260657932719,-0.003521973673301537,3.3800507463719685,273
1789477400.9733448,1789477400.9726818,19.44992369418365,-24.250020977216042,1.8500119411977842,0.009941143117084827,0.0027314246192009506,-0.0015538023473954388,3.38014456949545,273
1789477400.9835844,1789477400.9826968,19.449984187098792,-24.25000435008017,1.850002478405935,0.003095760675136283,0.0008513467860922219,-0.00048483092104878445,3.3801809860934435,273
1789477400.994211,1789477400.9927187,19.449998951712132,-24.25000028856411,1.8500001645462671,0.00041004061291793903,0.00011285497763235952,-6.433874434574882e-05,3.3801898723725534,273
1789477401.0038908,1789477401.0027077,19.449999999999953,-24.25000000000001,1.8500000000000083,1.3837802015359557e-09,3.811391202646064e-10,-2.1751622725219022e-10,3.380190503176042,273
1789477401.0140054,1789477401.0127277,19.450000000000003,-24.25,1.8499999999999999,3.552713678800501e-15,8.881784197001252e-16,-4.440892098500626e-16,3.3801905031760735,273
1789477401.023957,1789477401.0227385,19.450000000000003,-24.25,1.8499999999999999,3.552713678800501e-15,8.881784197001252e-16,-4.440892098500626e-16,3.3801905031760735,273
1789477401.0337994,1789477401.0327055,19.450000000000003,-24.25,1.8499999999999999,3.552713678800501e-15,8.881784197001252e-16,-4.440892098500626e-16,3.3801905031760735,273
1789477401.0434291,1789477401.0426815,19.450000000000003,-24.25,1.8499999999999999,3.552713678800501e-15,8.881784197001252e-16,-4.440892098500626e-16,3.3801905031760735,273
1789477401.05322,1789477401.0526834,19.450000000000003,-24.25,1.8499999999999999,3.552713678800501e-15,8.881784197001252e-16,-4.440892098500626e-16,3.3801905031760735,273
1789477401.0632856,1789477401.062699,19.450000000000003,-24.25,1.8499999999999999,3.552713678800501e-15,8.881784197001252e-16,-4.440892098500626e-16,3.3801905031760735,273
1789477401.0732362,1789477401.0727167,19.450000000000003,-24.25,1.8499999999999999,3.552713678800501e-15,8.881784197001252e-16,-4.440892098500626e-16,3.3801905031760735,273
1789477401.0831397,1789477401.0826805,19.450000000000003,-24.25,1.8499999999999999,3.552713678800501e-15,8.881784197001252e-16,-4.440892098500626e-16,3.3801905031760735,273
1789477401.093072,1789477401.0926797,19.450000000000003,-24.25,1.8499999999999999,3.552713678800501e-15,8.881784197001252e-16,-4.440892098500626e-16,3.3801905031760735,273
1789477401.1033583,1789477401.1026938,19.450000000000003,-24.25,1.8499999999999999,3.552713678800501e-15,8.881784197001252e-16,-4.440892098500626e-16,3.3801905031760735,273
1789477401.1137168,1789477401.112833,19.480378929805703,-24.22691221150239,1.8760668977041832,0.22300650468012306,-0.07820618691264974,0.043484036455902327,3.389347009306887,273
1789477401.1236777,1789477401.1226997,19.48299365417498,-24.227825371898184,1.8765740973932294,0.29537163865514354,-0.10275914864756809,0.057020097159546416,3.391960047420289,273
1789477401.1338773,1789477401.1327307,19.486340202045493,-24.22898468360158,1.8772166919418196,0.37784417511492363,-0.13037190394038609,0.07219022637292116,3.395298864219659,273
1789477401.143464,1789477401.142773,19.490549966047098,-24.230430812198083,1.8780165436803495,0.47110653539322933,-0.1611579661112468,0.08904056105632109,3.3994917818306196,273
1789477401.153211,1789477401.1526918,19.49577246458318,-24.23220906062684,1.8789978604022262,0.5758234702944468,-0.19520124953375662,0.10759775704879967,3.4046843297799447,273
1789477401.1632714,1789477401.1626947,19.50199421187891,-24.234308134813954,1.88015346844104,0.6894437858203212,-0.2315386391323177,0.1273176984355875,3.4108594385557818,273
1789477401.1732264,1789477401.1727083,19.50199421187891,-24.234308134813954,1.88015346844104,0.6894437858203212,-0.2315386391323177,0.1273176984355875,3.4108594385557818,273
1789477401.1835196,1789477401.1827426,19.51836942004301,-24.23974944485892,1.8831372438576093,0.9509775579913926,-0.3128926224871528,0.17113049307484401,3.427066043293817,273
1789477401.1936336,1789477401.192756,19.528724548632006,-24.24313733135706,1.8849874158454851,1.0973099838319789,-0.3570440333961543,0.1947025414196939,3.4372861347959716,273
1789477401.2036726,1789477401.202756,19.540390044327715,-24.24691104558581,1.8870420960420844,1.2496676906230046,-0.4019722740649688,0.2185293200464311,3.4487771404879903,273
1789477401.2131553,1789477401.2126825,19.55334482617432,-24.251053267766054,1.8892903566682664,1.4066656973134541,-0.44714713074332524,0.24231152013030965,3.4615133618892755,273
1789477401.2231936,1789477401.222682,19.568462086657295,-24.255827444659214,1.891872916153566,1.5769084012305041,-0.49482394741692387,0.26720233815889666,3.4763458880848837,273
1789477401.2334375,1789477401.2326915,19.585128946625307,-24.261022081521332,1.894672762225626,1.7515035705249962,-0.5422699620833134,0.29173671585017713,3.492665197297145,273
1789477401.2431989,1789477401.242693,19.60333889580688,-24.26662040930163,1.8976787143126543,1.9293996399235784,-0.5890553325354161,0.31566964625870286,3.5104585742787324,273
1789477401.2533205,1789477401.2526891,19.623831242093672,-24.27282960256264,1.900999052042314,2.116279810918478,-0.6364456195850646,0.33961064885197123,3.5304398012211284,273
1789477401.2631838,1789477401.2626896,19.645635646396713,-24.27933627847349,1.9044633261422392,2.3021481815418614,-0.6817143779437775,0.3621499783177069,3.551654754417903,273
1789477401.2730048,1789477401.2726676,19.645635646396713,-24.27933627847349,1.9044633261422392,2.3021481815418614,-0.6817143779437775,0.3621499783177069,3.551654754417903,273
1789477401.2832062,1789477401.282682,19.69595587629982,-24.293982955778546,1.9122051123778694,2.690216612350453,-0.7698164744525877,0.4048427401742238,3.600451279763688,273
1789477401.2933006,1789477401.2926955,19.723713175938453,-24.30185327985401,1.916332644292045,2.884412897443694,-0.8103950142069796,0.4238218405354481,3.6272783051362816,273
1789477401.3031542,1789477401.3026774,19.75330333209624,-24.31008703033834,1.920625996178648,3.07859608685446,-0.8484290564548431,0.44107514749719207,3.655811456601142,273
1789477401.3130708,1789477401.3126776,19.784757728603775,-24.31866814180944,1.9250728725241353,3.272339518806375,-0.8837883771076188,0.45651534875242994,3.6860720929759636,273
1789477401.3231034,1789477401.3227057,19.818772364945897,-24.327759526319554,1.9297524867066527,3.469028986428207,-0.9178296942535076,0.4707513618699302,3.7187213044659875,273
1789477401.3331008,1789477401.332693,19.85477093932839,-24.337189654243144,1.9345708085633737,3.6644264860847646,-0.950795059910419,0.483938101831785,3.7532038805503602,273
1789477401.3430061,1789477401.3426926,19.891943342678108,-24.346748943051953,1.9394168912981549,3.8539433427754948,-0.9827125262349083,0.4961724015932112,3.788751628960109,273
1789477401.3534281,1789477401.352678,19.931842252929,-24.35684101787453,1.9444902449211765,4.0449275517872145,-1.0154071244861478,0.5082111048806435,3.82685975232602,273
1789477401.3632777,1789477401.3626897,19.972974262732137,-24.36709666420715,1.9495999925017256,4.22962290624682,-1.0479502658158413,0.5197500530521503,3.8661149012391602,273
1789477401.3731933,1789477401.3726878,19.972974262732137,-24.36709666420715,1.9495999925017256,4.22962290624682,-1.0479502658158413,0.5197500530521503,3.8661149012391602,273
1789477401.3833158,1789477401.3826766,20.06118951770736,-24.388721726569855,1.960221454269676,4.58890162689213,-1.1148703984975392,0.5422318111299679,3.9502789757973655,273
1789477401.3933423,1789477401.3927033,20.107839589024998,-24.400016234182264,1.965686532715859,4.760689386879246,-1.1491739803747354,0.5532000569564055,3.994807403089532,273
1789477401.4032757,1789477401.4026885,20.156007306249837,-24.411619292698578,1.9712429424943125,4.92583091523276,-1.1847358116536257,0.564386923833598,4.030497374442063,217
1789477401.4133694,1789477401.4126804,20.206197141054282,-24.423684225309437,1.9769598727287563,5.085379088328086,-1.2224478673940302,0.5761941295030818,4.056093675789716,217
1789477401.4236093,1789477401.4227998,20.258035998429925,-24.436158563584428,1.9828082620876422,5.237497275744286,-1.2622843708869942,0.5886844524986042,4.082972109292522,217
1789477401.4334352,1789477401.4326797,20.31111492251485,-24.448983485635758,1.9887579534259516,5.380681998930301,-1.3039367442458427,0.6017871090346253,4.1109228087119405,217
1789477401.4431524,1789477401.442689,20.36560176811528,-24.462238582037784,1.994843817813968,5.515211804936362,-1.3473450172453236,0.6154706425910629,4.140034445526513,217
1789477401.4532213,1789477401.4526877,20.421076779663608,-24.475857795544545,2.00103387688906,5.639988913347229,-1.391827296492083,0.6294762548483918,4.170082570333085,217
1789477401.463252,1789477401.4626882,20.47853316517372,-24.49012022323548,2.0074524384649783,5.756553316306076,-1.4376389401405476,0.6438717067700518,4.201614011751491,217
1789477401.4731245,1789477401.4726872,20.47853316517372,-24.49012022323548,2.0074524384649783,5.756553316306076,-1.4376389401405476,0.6438717067700518,4.201614011751491,217
1789477401.4831767,1789477401.482688,20.52768800326466,-24.502463175303937,2.012958669140863,4.676575272216429,-1.1807979518490193,0.5247300867461793,4.228905855222693,217
1789477401.4932277,1789477401.492665,20.57461456477059,-24.51437530543051,2.018233409811864,4.7376213699491325,-1.2090675186264674,0.5335024510774066,4.255223879517288,217
1789477401.5031085,1789477401.502663,20.621783694876367,-24.526477224318597,2.0235547845774873,4.792556920555908,-1.2360489953885916,0.5416185684865036,4.281932864693776,217
1789477401.512986,1789477401.5126638,20.66974495563797,-24.538910341236704,2.0289832565803567,4.842514563882729,-1.2615813893205305,0.5488262285318865,4.309351668186262,217
1789477401.5231624,1789477401.522678,20.719783209200003,-24.552009164647686,2.0346591211905607,4.889166906702119,-1.2857206718730112,0.5548567571603144,4.338241750864258,217
1789477401.533222,1789477401.5326626,20.76856092348553,-24.564887005091848,2.0401930673166873,4.930163739441548,-1.3063682863949007,0.5589157102278599,4.366689795411599,217
1789477401.5430121,1789477401.5426874,20.818052424702852,-24.578041058386216,2.045793614581971,4.968127562867949,-1.3240051267773492,0.5608591396883703,4.395852653874446,217
1789477401.5532937,1789477401.5526752,20.867808642918586,-24.59132665351814,2.0513899839229857,5.0034382119640926,-1.3380039027685149,0.5602985683275011,4.4254878711085155,217
1789477401.5633523,1789477401.5627084,20.917784164767625,-24.60469960814221,2.0569536549905694,5.036584578051143,-1.348015779572596,0.5570117377575827,4.455588724956819,217
1789477401.573242,1789477401.572771,20.917784164767625,-24.60469960814221,2.0569536549905694,5.036584578051143,-1.348015779572596,0.5570117377575827,4.455588724956819,217
1789477401.58327,1789477401.582709,20.970618927412797,-24.61882976166876,2.062746583282068,4.055418965494037,-1.0831984310555034,0.4404264413473379,4.4877950776316835,217
1789477401.5932999,1789477401.5926907,21.011653864307597,-24.629771389623354,2.0671648010316077,4.074457264197624,-1.0842102442454122,0.43467423043198894,4.513092622773884,217
1789477401.6033878,1789477401.602691,21.051880895079627,-24.640447556918136,2.071413071979174,4.092134055855001,-1.0828050173564652,0.4275286962923971,4.5381427022316005,217
1789477401.6136813,1789477401.6126952,21.09314521010778,-24.651324382675813,2.075671090841222,4.109646269579125,-1.078614581239864,0.4185021729120094,4.564106491365193,217
1789477401.6232362,1789477401.622678,21.134025956127495,-24.66199847014357,2.0797735208324437,4.1268089324523505,-1.0714127068551094,0.4077089604029742,4.590108304006492,217
1789477401.6332316,1789477401.6326883,21.174990995096117,-24.672562489515418,2.0837506144452593,4.1441594067299246,-1.0609064556828238,0.39492788107373256,4.6164561908559785,217
1789477401.6433818,1789477401.6426756,21.216444675800105,-24.683084158071765,2.087619409010176,4.162131434227943,-1.0467328615026728,0.37990743489479073,4.643431135215399,217
1789477401.65331,1789477401.6526773,21.25847177532511,-24.693541729289738,2.0913610852238826,4.180967787140523,-1.0285852069439705,0.36248354547205147,4.6711160913894485,217
1789477401.6633673,1789477401.662678,21.30028015342591,-24.70369752115636,2.094881847647803,4.200443209381982,-1.0066674620170204,0.34293468857319526,4.6990091940326,217
1789477401.6733785,1789477401.672691,21.342354689085244,-24.71363020075989,2.098201080534648,4.220849639601747,-0.9806506536583395,0.3210038764498365,4.727449932517624,217
1789477401.683291,1789477401.6826737,21.342354689085244,-24.71363020075989,2.098201080534648,4.220849639601747,-0.9806506536583395,0.3210038764498365,4.727449932517624,217
1789477401.6932583,1789477401.6926885,21.427493950823848,-24.73268754918794,2.104143921017183,4.26452215804123,-0.9157232023473333,0.2695984760047193,4.7861960933007675,217
1789477401.703569,1789477401.7027125,21.470859308966503,-24.74177867626363,2.106729423791452,4.287755069902461,-0.8764336170393955,0.23987969193732128,4.816761082559234,217
1789477401.713661,1789477401.7127001,21.5131967260709,-24.750203721769328,2.1089394689566485,4.311122317991265,-0.8339163933643411,0.20854734905021105,4.847036077255844,217
1789477401.7237866,1789477401.722761,21.556995641751566,-24.758408244509894,2.1108768753110523,4.3365964509839525,-0.7850160730776358,0.17345643157759602,4.8788219250134555,217
1789477401.7333014,1789477401.732722,21.600230932719025,-24.76594918015705,2.1124171738117288,4.3635020159503775,-0.7313931315089273,0.13595848600456528,4.9106795417384435,217
1789477401.7433655,1789477401.7427745,21.643947661169054,-24.77295877827411,2.1135733884262358,4.392770943560564,-0.6715081965344207,0.09507022920512678,4.943395028112763,217
1789477401.7533262,1789477401.7527463,21.68799611593361,-24.779343032921446,2.1143051915951885,4.424489324957301,-0.6053242806037528,0.050857186985220966,4.976887671073251,217
1789477401.7632253,1789477401.7626858,21.732490867044135,-24.785048231377914,2.114578798662445,4.4587890693154435,-0.532587434238697,0.00321649068501383,5.011274719150149,217
1789477401.7736065,1789477401.7726963,21.777046816519427,-24.789963102377317,2.114361906949118,4.495279427918396,-0.45403952424797395,-0.047325852284163084,5.046281821895571,217
1789477401.783622,1789477401.782778,21.8234431533213,-24.794184680613185,2.1135937030635974,4.535264910289714,-0.36655288414216197,-0.10271703499735335,5.083355486645418,217
1789477401.7936726,1789477401.7926812,21.868684382415957,-24.797380623700164,2.1122956507126704,4.575836664440752,-0.2761201197411139,-0.15914370447747572,5.12012331462463,217
1789477401.8031998,1789477401.802671,21.91384551900213,-24.7996319611796,2.1104472140921726,4.617501895344738,-0.18131385624158844,-0.21753387640094793,5.1574374640973994,217
1789477401.8131788,1789477401.8126712,21.960275395624546,-24.80094210037866,2.1079625328911975,4.661126056877768,-0.07968998629451218,-0.2793739788241442,5.196436861186311,217
1789477401.8233466,1789477401.822691,22.00693294879652,-24.80121281079778,2.1048637840756914,4.705321289705229,0.02606763803074326,-0.3430093454959457,5.236274681667029,217
1789477401.8331282,1789477401.8326714,22.054398570856158,-24.800398691135634,2.1010905725003997,4.75017823333461,0.1367516275494964,-0.40890950048235214,5.277461435450988,217
1789477401.84334,1789477401.8427563,22.102390683812075,-24.79845102145784,2.0966406503407478,4.794921321003123,0.25115980344648364,-0.4763433920072731,5.3197708537442345,217
1789477401.8533335,1789477401.8526883,22.15015903240471,-24.795388714483458,2.091582536919985,4.83827876401649,0.3668250965623047,-0.5438517922184389,5.3625352859428155,217
1789477401.8632746,1789477401.862689,22.19880611709795,-24.79112288720906,2.085794564705605,4.8806735817100755,0.4857545652772839,-0.6125979382261915,5.406740091185251,217
1789477401.8732111,1789477401.8726718,22.19880611709795,-24.79112288720906,2.085794564705605,4.8806735817100755,0.4857545652772839,-0.6125979382261915,5.406740091185251,217
1789477401.8835425,1789477401.882748,22.297242765756984,-24.778995703050413,2.072162189925921,4.958980716565723,0.7272059741744175,-0.7501836645018448,5.4981347870929,217
1789477401.8934636,1789477401.8926973,22.346517765944572,-24.771200982560735,2.064399821332765,4.99349135244475,0.8472008204853138,-0.8176018225557146,5.544825116274831,217
1789477401.903534,1789477401.902697,22.397232893132262,-24.76200565337438,2.0557779513119097,5.025145489158371,0.9692648132050424,-0.8855357568927504,5.593507290125529,217
1789477401.9139092,1789477401.9127078,22.447530313615268,-24.751735699889995,2.0466103133348734,5.052069344084027,1.0881946923382915,-0.9510878992882065,5.642395514630773,217
1789477401.9237888,1789477401.9227018,22.49875299098788,-24.74012748441101,2.0366611629583264,5.074210418648301,1.206400155501731,-1.0155912137285896,5.692781918003759,217
1789477401.9331589,1789477401.9326906,22.549119754198582,-24.727611254915153,2.0262935074417463,5.090283301041864,1.3191820209219625,-1.0764927235272979,5.742893870100694,217
1789477401.943284,1789477401.942688,22.59998973291316,-24.713890279833954,2.0152519065682037,5.100417694911742,1.4291389776051977,-1.1352137854383808,5.794056475637054,217
1789477401.953371,1789477401.9526715,22.651257743329303,-24.69899353615843,2.0035618694965582,5.104157665924378,1.5355239492396022,-1.1913465833035555,5.8461581713704955,217
1789477401.9633055,1789477401.9626713,22.701763532964076,-24.683297498658177,1.9915107872185562,5.101275634801299,1.6356150414823962,-1.243468961220791,5.897995219120229,217
1789477401.9731758,1789477401.9726706,22.701763532964076,-24.683297498658177,1.9915107872185562,5.101275634801299,1.6356150414823962,-1.243468961220791,5.897995219120229,217
1789477401.9832602,1789477401.9826772,22.804024703741092,-24.648524498399897,1.9655504012264375,5.073062623559976,1.8216624878436183,-1.3380417151420054,6.004430376559547,217
1789477401.9935489,1789477401.9926949,22.85452246616539,-24.629930202838803,1.9519927275730118,5.045683176431494,1.903585060730513,-1.3782656520484553,6.057685470620318,217
1789477402.0031972,1789477402.002673,22.904193708489608,-24.610756373776468,1.938200745984828,5.009335974531433,1.9771159395133011,-1.4132846131791392,6.110497616032338,217
1789477402.013438,1789477402.0127754,22.95409113428998,-24.590634727054557,1.9239034401762845,4.963448477125436,2.043802308907812,-1.443865882118029,6.1639653082063255,217
1789477402.0237582,1789477402.0227487,23.003841960304037,-24.569732452471786,1.9092178751978155,4.908602134445964,2.103111170562607,-1.469793971164623,6.21767898282996,217
1789477402.0335896,1789477402.0327077,23.052330510134293,-24.54856900565593,1.8945008312126643,4.846744416065708,2.1540277991219954,-1.4907250040682383,6.27040814762003,217
1789477402.0438395,1789477402.0427911,23.1011526332007,-24.52648365302966,1.8792876260865408,4.776293745322552,2.1983295483189846,-1.5074535096191475,6.3238697797903365,217
1789477402.0537393,1789477402.0527232,23.14859335452752,-24.50428839073153,1.864132351757801,4.699900687703406,2.23437534599776,-1.5193809723050284,6.3761676621772025,217
1789477402.0633543,1789477402.0626879,23.194152896872442,-24.482301543291733,1.8492386200315396,4.618978672702066,2.2621387320225534,-1.5266355664370925,6.426709981170254,217
1789477402.073706,1789477402.0727944,23.194152896872442,-24.482301543291733,1.8492386200315396,4.618978672702066,2.2621387320225534,-1.5266355664370925,6.426709981170254,217
1789477402.083456,1789477402.082704,23.285788270933573,-24.436123626052304,1.8182985633304356,4.432570359060791,2.295974462282242,-1.5278639595115064,6.5292915809503524,217
1789477402.0940592,1789477402.0928864,23.329676208526372,-24.41309955707308,1.8030252224760521,4.331309360659132,2.3008434496505847,-1.5216176773988053,6.57885057060553,217
1789477402.1041958,1789477402.1029215,23.37237621896428,-24.3901450489135,1.7878888826654387,4.224701675062051,2.297864057400899,-1.5109137029872066,6.627329345164133,217
1789477402.1137807,1789477402.112805,23.413851295586372,-24.367333325699114,1.77293000160655,4.1129644319774155,2.2871472719028403,-1.4958404612286755,6.674660743893896,217
1789477402.1240287,1789477402.1227908,23.454706588154092,-24.344372167665025,1.7579512041098506,3.994388300925149,2.268476143088761,-1.4761528789331775,6.721516294782656,217
1789477402.1337137,1789477402.1327572,23.493952861609266,-24.321862862888562,1.7433382759400748,3.8718600888728436,2.242354061932489,-1.452366281350678,6.766740236587477,217
1789477402.1439536,1789477402.1428094,23.532258266476482,-24.299470851189795,1.7288670779296513,3.7433904845359076,2.2084828760066393,-1.4241684755853365,6.8110797041740305,217
1789477402.1534908,1789477402.1527095,23.569028006080373,-24.27758854234817,1.7147848917695843,3.611041330615446,2.167520541367598,-1.3920790119483344,6.853825287841484,217
1789477402.1634023,1789477402.1626966,23.6038583292237,-24.25651353865088,1.701275018999985,3.476710444643654,2.1204102050128415,-1.3567446984791094,6.894480711445041,217
1789477402.1738923,1789477402.1726813,23.6038583292237,-24.25651353865088,1.701275018999985,3.476710444643654,2.1204102050128415,-1.3567446984791094,6.894480711445041,217
1789477402.183913,1789477402.1828582,23.670573244444164,-24.21521473224551,1.6749417869132974,3.1916214228842414,2.0047665443748772,-1.27396294021238,6.97279557530797,217
1789477402.1935399,1789477402.1927047,23.70263927855037,-24.194933563437246,1.6620744293968284,3.039639557760607,1.9357082774140897,-1.2261602626720915,7.010642371731674,217
1789477402.203585,1789477402.2026696,23.73116807638047,-24.176655906929334,1.6505127787528042,2.8949596850106727,1.865868200073366,-1.1786303178306163,7.044425818154928,217
1789477402.2138774,1789477402.2127695,23.75969009112909,-24.158163154965397,1.6388473890463078,2.740299126365406,1.7872559753808561,-1.1258749093013984,7.078306176101628,217
1789477402.223914,1789477402.2227964,23.78627317475385,-24.14073003296907,1.6278794081845258,2.5859748384251224,1.7051558270792313,-1.071438000720936,7.109977969747917,217
1789477402.2340393,1789477402.2327917,23.811287246974878,-24.124151418094144,1.6174745630265244,2.4305639457327106,1.6191519386874726,-1.0149897381961788,7.139864130454869,217
1789477402.2448583,1789477402.2427459,23.835104538698815,-24.10820794197452,1.6074914158758538,2.272077971605213,1.5283399145570018,-0.9559080994234156,7.168396401744774,217
1789477402.253227,1789477402.252704,23.857077630744715,-24.093361047165946,1.5982150210342023,2.115388856813544,1.435759786891019,-0.8961344175799127,7.19478581878465,217
1789477402.2632904,1789477402.2627096,23.877232345820463,-24.079624939030207,1.589649831219805,1.961412621115625,1.3423131786430804,-0.8361969898828803,7.219048237009746,217
1789477402.2733507,1789477402.2726853,23.896224171684537,-24.066576452721325,1.5815287105255458,1.8058245732610865,1.2456123825366248,-0.7745305403269651,7.241961438919536,217
1789477402.2832074,1789477402.2826653,23.91360553555979,-24.05454331648824,1.5740528267895677,1.6529027642793497,1.1485187220676387,-0.7129315352230086,7.262975726109414,217
1789477402.2933326,1789477402.2926958,23.929085357817883,-24.043751354481795,1.56735905912839,1.506629205588464,1.0538886488303403,-0.6531648866839116,7.2817274618501955,217
1789477402.303638,1789477402.3027303,23.94359423444099,-24.033569844279832,1.5610536696390704,1.359156096849541,0.9568663767317749,-0.592132858237871,7.299335225857959,217
1789477402.313758,1789477402.3126976,23.956507301202546,-24.024452005893227,1.5554152722368968,1.2176295681059355,0.8623306811416538,-0.5328801055836382,7.315033574627969,217
1789477402.3237216,1789477402.3227005,23.96804026526814,-24.016261847112272,1.5503574549794692,1.0811296260288448,0.7699098539455602,-0.4751395069037019,7.329076840844483,217
1789477402.3338153,1789477402.3326995,23.977994792844857,-24.00915519210441,1.5459743049153798,0.9537389118533618,0.6826149779976916,-0.42075735338561077,7.341216259901181,217
1789477402.343686,1789477402.3426974,23.98701705901787,-24.002682231379303,1.541986747558473,0.8285458779026336,0.5958923960748541,-0.36687139426187054,7.3522342532705345,217
1789477402.3533363,1789477402.3526952,23.994709919208354,-23.9971373500589,1.538574772658468,0.7123524263365586,0.5146085683607697,-0.31648392448684554,7.358908148049207,252
1789477402.3633623,1789477402.3626962,24.00123733102809,-23.992412354407044,1.5356703480939176,0.6047577357061849,0.4386787287123623,-0.2695145885426027,7.3580001518099465,253
1789477402.3737886,1789477402.3727887,24.006843087658268,-23.98833826965451,1.5331685072235057,0.5034421632976521,0.3666115088972747,-0.22502025747919496,7.355691883216831,253
1789477402.384064,1789477402.3828483,24.011433903102223,-23.984989320063555,1.5311138793527765,0.41195721512592354,0.3010684427644868,-0.18462487604560485,7.353793562300857,253
1789477402.3947275,1789477402.3929145,24.01519796372921,-23.982233928247314,1.529424886990896,0.328737022859371,0.2410598223667093,-0.14769942279435616,7.35223064876504,253
1789477402.4037435,1789477402.4027257,24.018021635827523,-23.980160376876334,1.5281548717286104,0.2591230512736651,0.19057490966472024,-0.11667842308173959,7.351053524744428,253
1789477402.414012,1789477402.4127047,24.02028738078746,-23.978491718453647,1.5271336084568907,0.19639918155149694,0.1448550411064472,-0.0886213024714792,7.350105362539223,253
1789477402.4238489,1789477402.422744,24.022002147540825,-23.977225357721725,1.5263591191325445,0.14234644781921268,0.1052698531912446,-0.06435801068075586,7.349385023483064,253
1789477402.4337778,1789477402.432713,24.023188025924043,-23.976347356031376,1.525822505732696,0.09921693762016348,0.0735508323992684,-0.04493737473931858,7.348885023349257,253
1789477402.4431064,1789477402.4426618,24.024004235188333,-23.97574164374139,1.5254525400210377,0.06439685105093984,0.04784643283562917,-0.029214843423099546,7.348539680038047,253
1789477402.4535646,1789477402.452707,24.024503036831753,-23.975370687381528,1.5252260941672242,0.03885690939147324,0.028929103485055174,-0.01765413599052057,7.348327930483643,253
1789477402.4636595,1789477402.4627903,24.02479690141898,-23.9751517112903,1.5250924957069192,0.02019120107517347,0.01506167205569131,-0.009186465561503487,7.348202788006143,253
1789477402.4731271,1789477402.472655,24.024935940028588,-23.975047915285433,1.525029201936118,0.00863508446666783,0.006452689203093165,-0.00393367492086627,7.348143401526772,253
1789477402.4833665,1789477402.4826968,24.024988168391673,-23.975008860865465,1.525005398260752,0.0024720388312373665,0.0018502879477830803,-0.0011274325299492904,7.348121032665233,253
1789477402.4935005,1789477402.49272,24.02499938483999,-23.975000461230028,1.525000280896779,0.0002733521610842615,0.00020490059215161338,-0.00012479730824166424,7.348116216969709,253
1789477402.5038097,1789477402.5027294,24.025000000000002,-23.974999999999998,1.5250000000000001,1.7763568394002505e-15,1.7763568394002505e-15,-1.3322676295501878e-15,7.3481159523231,253
1789477402.5130475,1789477402.5126646,24.025000000000002,-23.974999999999998,1.5250000000000001,1.7763568394002505e-15,1.7763568394002505e-15,-1.3322676295501878e-15,7.3481159523231,253
1789477402.5232158,1789477402.5226703,24.025000000000002,-23.974999999999998,1.5250000000000001,1.7763568394002505e-15,1.7763568394002505e-15,-1.3322676295501878e-15,7.3481159523231,253
1789477402.533177,1789477402.5326588,24.025000000000002,-23.974999999999998,1.5250000000000001,1.7763568394002505e-15,1.7763568394002505e-15,-1.3322676295501878e-15,7.3481159523231,253
1789477402.5431318,1789477402.5426586,24.025000000000002,-23.974999999999998,1.5250000000000001,1.7763568394002505e-15,1.7763568394002505e-15,-1.3322676295501878e-15,7.3481159523231,253
1789477402.5531292,1789477402.5526595,24.025000000000002,-23.974999999999998,1.5250000000000001,1.7763568394002505e-15,1.7763568394002505e-15,-1.3322676295501878e-15,7.3481159523231,253
1789477402.5632951,1789477402.5626595,24.025000000000002,-23.974999999999998,1.5250000000000001,1.7763568394002505e-15,1.7763568394002505e-15,-1.3322676295501878e-15,7.3481159523231,253
1789477402.5730662,1789477402.572666,24.025000000000002,-23.974999999999998,1.5250000000000001,1.7763568394002505e-15,1.7763568394002505e-15,-1.3322676295501878e-15,7.3481159523231,253
1789477402.58314,1789477402.5826588,24.025000000000002,-23.974999999999998,1.5250000000000001,1.7763568394002505e-15,1.7763568394002505e-15,-1.3322676295501878e-15,7.3481159523231,253
1789477402.5931566,1789477402.592665,24.025000000000002,-23.974999999999998,1.5250000000000001,1.7763568394002505e-15,1.7763568394002505e-15,-1.3322676295501878e-15,7.3481159523231,253
1789477402.6031673,1789477402.6026592,24.025000000000002,-23.974999999999998,1.5250000000000001,1.7763568394002505e-15,1.7763568394002505e-15,-1.3322676295501878e-15,7.3481159523231,253
1789477402.6130736,1789477402.6126719,24.025000000000002,-23.974999999999998,1.5250000000000001,1.7763568394002505e-15,1.7763568394002505e-15,-1.3322676295501878e-15,7.3481159523231,253
1789477402.623149,1789477402.6226614,24.025000000000002,-23.974999999999998,1.5250000000000001,1.7763568394002505e-15,1.7763568394002505e-15,-1.3322676295501878e-15,7.3481159523231,253
1789477402.6330981,1789477402.6326592,24.025000000000002,-23.974999999999998,1.5250000000000001,1.7763568394002505e-15,1.7763568394002505e-15,-1.3322676295501878e-15,7.3481159523231,253
1789477402.6431475,1789477402.6426585,24.025000000000002,-23.974999999999998,1.5250000000000001,1.7763568394002505e-15,1.7763568394002505e-15,-1.3322676295501878e-15,7.3481159523231,253
1789477402.6532915,1789477402.6526606,24.025000000000002,-23.974999999999998,1.5250000000000001,1.7763568394002505e-15,1.7763568394002505e-15,-1.3322676295501878e-15,7.3481159523231,253
1789477402.6631908,1789477402.6626587,24.025000000000002,-23.974999999999998,1.5250000000000001,1.7763568394002505e-15,1.7763568394002505e-15,-1.3322676295501878e-15,7.3481159523231,253
1789477402.6732275,1789477402.6726723,24.025000000000002,-23.974999999999998,1.5250000000000001,1.7763568394002505e-15,1.7763568394002505e-15,-1.3322676295501878e-15,7.3481159523231,253
1789477402.6830518,1789477402.6826606,24.025000000000002,-23.974999999999998,1.5250000000000001,1.7763568394002505e-15,1.7763568394002505e-15,-1.3322676295501878e-15,7.3481159523231,253
1789477402.6931775,1789477402.6926603,24.025000000000002,-23.974999999999998,1.5250000000000001,1.7763568394002505e-15,1.7763568394002505e-15,-1.3322676295501878e-15,7.3481159523231,253
1789477402.703066,1789477402.7026596,24.025000000000002,-23.974999999999998,1.5250000000000001,1.7763568394002505e-15,1.7763568394002505e-15,-1.3322676295501878e-15,7.3481159523231,253
1789477402.7130363,1789477402.7126708,24.025000000000002,-23.974999999999998,1.5250000000000001,1.7763568394002505e-15,1.7763568394002505e-15,-1.3322676295501878e-15,7.3481159523231,253
1789477402.7230198,1789477402.7226596,24.025000000000002,-23.974999999999998,1.5250000000000001,1.7763568394002505e-15,1.7763568394002505e-15,-1.3322676295501878e-15,7.3481159523231,253
1789477402.7330213,1789477402.7326586,24.025000000000002,-23.974999999999998,1.5250000000000001,1.7763568394002505e-15,1.7763568394002505e-15,-1.3322676295501878e-15,7.3481159523231,253
1789477402.7429476,1789477402.7426581,24.025000000000002,-23.974999999999998,1.5250000000000001,1.7763568394002505e-15,1.7763568394002505e-15,-1.3322676295501878e-15,7.3481159523231,253
1789477402.75316,1789477402.7526581,24.025000000000002,-23.974999999999998,1.5250000000000001,1.7763568394002505e-15,1.7763568394002505e-15,-1.3322676295501878e-15,7.3481159523231,253
1789477402.7631447,1789477402.7626595,24.025000000000002,-23.974999999999998,1.5250000000000001,1.7763568394002505e-15,1.7763568394002505e-15,-1.3322676295501878e-15,7.3481159523231,253
1789477402.7730765,1789477402.7726576,24.025000000000002,-23.974999999999998,1.5250000000000001,1.7763568394002505e-15,1.7763568394002505e-15,-1.3322676295501878e-15,7.3481159523231,253
1789477402.783178,1789477402.7826583,24.025000000000002,-23.974999999999998,1.5250000000000001,1.7763568394002505e-15,1.7763568394002505e-15,-1.3322676295501878e-15,7.3481159523231,253
1789477402.7933726,1789477402.7926724,24.025000000000002,-23.974999999999998,1.5250000000000001,1.7763568394002505e-15,1.7763568394002505e-15,-1.3322676295501878e-15,7.3481159523231,253
1789477402.8032155,1789477402.802673,23.991963162970332,-23.94484847267313,1.5490608411563407,-0.7138842061233067,0.6521884351327343,0.48828700758824917,7.309764614851975,253
1789477402.8134084,1789477402.812697,23.984295542750882,-23.937842419909057,1.554253214628755,-0.8209076304208922,0.7501912441148549,0.5505401645690763,7.300865363606644,253
1789477402.8239195,1789477402.8227434,23.975379878186853,-23.929693474954785,1.5601698526915508,-0.936005370376289,0.855644703501417,0.6148224962955707,7.290519742068599,253
1789477402.834071,1789477402.8327427,23.96536336855109,-23.920535440556822,1.5666784365893747,-1.055877912741778,0.9655349484730005,0.6788792314842982,7.278899803090526,253
1789477402.843796,1789477402.842701,23.954395628665548,-23.910504495535157,1.5736532852707852,-1.1779636286008175,1.0775190438844182,0.7411106852810392,7.26618045612712,253
1789477402.8533235,1789477402.8526988,23.941979725881133,-23.899145380841198,1.5813747318924198,-1.30676615143975,1.195735640208861,0.8034804259162786,7.25178720387513,253
1789477402.863309,1789477402.8626745,23.92817640746344,-23.88651269217411,1.5897597517789124,-1.4403138747796917,1.3183858417822658,0.8645686293155563,7.235792885420474,253
1789477402.873443,1789477402.8726854,23.92817640746344,-23.88651269217411,1.5897597517789124,-1.4403138747796917,1.3183858417822658,0.8645686293155563,7.235792885420474,253
1789477402.8840227,1789477402.8826995,23.896739608660294,-23.857726875153183,1.6081530563279627,-1.7147523638600235,1.5706873569108628,0.9784773297588294,7.199396734185157,253
1789477402.8939238,1789477402.8927238,23.878669135786623,-23.841171544422778,1.6183240163613466,-1.857587864156242,1.7021433253547529,1.031414656402552,7.17849581503722,253
1789477402.9039066,1789477402.902714,23.85955095439218,-23.823649966468366,1.6287917174446462,-1.9990763460457048,1.8324598133046233,1.0794216996035801,7.156399925632552,253
1789477402.913931,1789477402.9126718,23.83863312165439,-23.80447190785597,1.6399199597123297,-2.1440995630390014,1.9661397369017437,1.12390495437034,7.1304023638560565,252
1789477402.9235945,1789477402.922709,23.816317507687362,-23.784004520208278,1.6514381583919944,-2.2890143851750198,2.0998338406856205,1.1634037503903123,7.101121526536159,252
1789477402.9333053,1789477402.9326644,23.793119562593375,-23.762719722741974,1.6630445967587513,-2.4302675263457085,2.2302652175938524,1.196945445850007,7.070687401693766,252
1789477402.9432418,1789477402.9426556,23.767881342095645,-23.73955386398481,1.6752672074551642,-2.5743603484978865,2.363442778128259,1.225887949034007,7.037582039934899,252
1789477402.9532866,1789477402.9526577,23.741436600905832,-23.71527082738522,1.6876422508694362,-2.715839544899454,2.4943340832788112,1.248866639578335,7.002900527686676,252
1789477402.9633512,1789477402.9626567,23.713582899878187,-23.689683627723166,1.700219314015462,-2.855487544403596,2.6236653235133853,1.2659777233887013,6.966378735903716,252
1789477402.9731133,1789477402.9726577,23.713582899878187,-23.689683627723166,1.700219314015462,-2.855487544403596,2.6236653235133853,1.2659777233887013,6.966378735903716,252
1789477402.9832737,1789477402.9827383,23.653706308130186,-23.6346448205974,1.7257529541753542,-3.1275538755806265,2.8760522627890452,1.2821613998393369,6.887896412111213,252
1789477402.9932313,1789477402.9926558,23.62172347991109,-23.605227556429597,1.7385932202275423,-3.259167787104123,2.998366461741818,1.2811555216117398,6.845991979278067,252
1789477403.0033019,1789477403.002659,23.58930455141742,-23.575396484638777,1.7510678407178362,-3.3840208886520244,3.1145453943277706,1.2743872394565505,6.803528611401602,252
1789477403.0132692,1789477403.0126574,23.554089884476117,-23.542978732962617,1.7640225816342194,-3.5107539992028993,3.2326342372776193,1.2613033471268627,6.757418094877611,252
1789477403.023189,1789477403.0226557,23.518364674210595,-23.510076324797875,1.7765523999998067,-3.630684736265686,3.3445478184464505,1.2427120072430498,6.7106554632251685,252
1789477403.0333164,1789477403.032657,23.481843761920743,-23.476426162248632,1.788744186321073,-3.74504764225776,3.4514284468245595,1.2189013372008954,6.662869057791015,252
1789477403.043312,1789477403.0426564,23.44382021555881,-23.441375786224643,1.800795753844817,-3.855981586610477,3.555272213836975,1.1896495899522974,6.6131363468305375,252
1789477403.0532982,1789477403.0526586,23.40443118282691,-23.40505015088167,1.812611388763873,-3.9628386440713017,3.6554732693017047,1.1552296973221834,6.5616398433063035,252
1789477403.063265,1789477403.0626645,23.364501462091365,-23.368209026253815,1.8239163923121158,-4.063433555531479,3.749976205950601,1.1167021532000045,6.509460408146266,252
1789477403.0733063,1789477403.0726817,23.364501462091365,-23.368209026253815,1.8239163923121158,-4.063433555531479,3.749976205950601,1.1167021532000045,6.509460408146266,252
1789477403.083451,1789477403.0826676,23.281075280611898,-23.291182523844494,1.8454413206565048,-4.250959834241042,3.9266732108749536,1.0268727683235501,6.400522557383516,252
1789477403.093301,1789477403.0926704,23.238029393077703,-23.25141113594016,1.8554858780179388,-4.33687908314521,4.007902078406497,0.9767406287009018,6.344358907015175,252
1789477403.1032684,1789477403.1026459,23.19427481431747,-23.210966171452,1.8649865493728501,-4.417354882797124,4.084169904804267,0.9238577176071977,6.2873040996398615,252
1789477403.1131616,1789477403.112668,23.150682055612396,-23.170652263972908,1.8737641419519928,-4.491128643752155,4.154267815996146,0.869716310258418,6.230495196007365,252
1789477403.123113,1789477403.1226678,23.104537293893134,-23.127958503411104,1.8823324878924736,-4.562729727498627,4.222494834769461,0.8112997775654751,6.17040003029581,252
1789477403.133164,1789477403.132662,23.058964187034324,-23.085773999922992,1.8900897950228368,-4.627330714276997,4.284243738210319,0.7529287323689998,6.111090716001091,252
1789477403.1431768,1789477403.142645,23.01232225550053,-23.042580279478987,1.8973295089080984,-4.68757855257414,4.34202665177165,0.6929058743476683,6.050434688745526,252
1789477403.1531322,1789477403.152645,22.964699062733054,-22.99845747217367,1.904018212446694,-4.743377568408993,4.395743984929117,0.631719633562019,5.988550609393026,252
1789477403.1632483,1789477403.1626444,22.9172913431366,-22.95451422599009,1.9099977474889078,-4.793570981898962,4.444265335932819,0.5712719878676735,5.926996664679792,252
1789477403.173183,1789477403.1726449,22.9172913431366,-22.95451422599009,1.9099977474889078,-4.793570981898962,4.444265335932819,0.5712719878676735,5.926996664679792,252
1789477403.1831288,1789477403.1826456,22.82070308313544,-22.86492403504939,1.9201957670540066,-4.880770816964693,4.529155106214906,0.45087064781139313,5.801750111852724,252
1789477403.1931813,1789477403.1926904,22.771886494677688,-22.81961429469612,1.924393817735719,-4.917845516073596,4.56555634614569,0.39202260119289845,5.738537115172469,252
1789477403.2031596,1789477403.2026894,22.722284078414297,-22.773555088966535,1.9280412157297027,-4.951150816745761,4.598474920449798,0.3339681570347207,5.674370157236447,252
1789477403.2132146,1789477403.2126553,22.67233703189975,-22.727155866022926,1.9311147428087807,-4.980563399204479,4.627770699413366,0.27752627978383826,5.609824810301443,252
1789477403.2231615,1789477403.2226808,22.622802813205805,-22.6811207902033,1.9335993680337396,-5.005951982202969,4.653284814467911,0.2237619050180619,5.54588251203797,252
1789477403.233153,1789477403.2326832,22.572210107603123,-22.634082603644526,1.9355892566081332,-5.028299500743127,4.675980302284389,0.17131356214018156,5.480648288187643,252
1789477403.243205,1789477403.2426832,22.522165583554244,-22.587535320018066,1.937044244481834,-5.047131564475772,4.695348098704725,0.12204784653138774,5.41619793860913,252
1789477403.2532227,1789477403.2526834,22.471278759125326,-22.540186018070543,1.938032458499692,-5.063229273848422,4.712159356928037,0.07476014847276534,5.350744647456218,252
1789477403.2633421,1789477403.2626805,22.421218314003664,-22.493587935210034,1.9385528628762887,-5.076334728036343,4.726107937621937,0.031114568703978114,5.286438110150293,252
1789477403.2732518,1789477403.2727158,22.421218314003664,-22.493587935210034,1.9385528628762887,-5.076334728036343,4.726107937621937,0.031114568703978114,5.286438110150293,252
1789477403.2833433,1789477403.282684,22.31911141586988,-22.398491144970418,1.9383556125532249,-5.095745367778793,4.747574542039341,-0.04874030942290469,5.155545983566687,252
1789477403.2933643,1789477403.2926545,22.267613709140633,-22.350503869012513,1.937681416253472,-5.102335567962647,4.755325533278888,-0.08424553767951018,5.089676711322369,252
1789477403.3031611,1789477403.302668,22.217049884885867,-22.30337134844737,1.936687294734329,-5.107049576980071,4.761230798331399,-0.11597106512800641,5.025102712916178,252
1789477403.3133953,1789477403.3126674,22.16570866164854,-22.255499243051634,1.9353732321301216,-5.110296085304039,4.765718078431711,-0.1450187088805417,4.959642354973618,252
1789477403.323291,1789477403.3226883,22.11590418250998,-22.209046391538877,1.9338351896063033,-5.112183467053159,4.768820120163794,-0.17018517421406001,4.8962480846463325,252
1789477403.3333106,1789477403.332687,22.063442409900713,-22.160101350587464,1.931966312610016,-5.113055641489819,4.770964142464084,-0.19355046339584403,4.829589887178951,252
1789477403.3432863,1789477403.342653,22.012389464522585,-22.11245801666668,1.929932850719592,-5.1130188094415745,4.772139645907462,-0.21327708643640308,4.7648433164044635,252
1789477403.3533163,1789477403.3526542,21.96145985462646,-22.064918170563068,1.9277221972432192,-5.112311678212877,4.772600570108646,-0.23010281168352942,4.700377691444858,252
1789477403.3634117,1789477403.3626547,21.910709231949625,-22.017534724132975,1.9253657245174793,-5.111124980922529,4.772521908129078,-0.2441585198033861,4.636267528897315,252
1789477403.373354,1789477403.372655,21.910709231949625,-22.017534724132975,1.9253657245174793,-5.111124980922529,4.772521908129078,-0.2441585198033861,4.636267528897315,252
1789477403.3831987,1789477403.382654,21.808339736819438,-21.921928360348453,1.9202502562340293,-5.10794283590826,4.771351919759658,-0.2648648843832288,4.507364124756441,252
1789477403.3934388,1789477403.3927166,21.756960805327992,-21.87393115503347,1.9175492102336562,-5.106249622966776,4.770533412505104,-0.27173826176286375,4.442888221566926,252
1789477403.403444,1789477403.402713,21.70614247956766,-21.826450571124937,1.9148192550440637,-5.104680746055601,4.76972852393206,-0.27646181464632213,4.379268871863005,252
1789477403.41337,1789477403.412659,21.655176986958125,-21.77882634764199,1.9120429205194476,-5.103315842596637,4.769021752946681,-0.2793160238372688,4.315624621135453,252
1789477403.4232721,1789477403.4226563,21.60448770196453,-21.731455056161213,1.9092612037557022,-5.102247120939886,4.768495118940468,-0.2804773622439747,4.25249024590306,252
1789477403.4332838,1789477403.4326534,21.55361516726969,-21.683908258281015,1.9064648955100623,-5.101525094546833,4.76820106898853,-0.28015809592544716,4.189300033468687,252
1789477403.4433954,1789477403.442669,21.502387907475974,-21.63602655564132,1.9036587036204575,-5.101192731453363,4.768180759594449,-0.2785347159462576,4.125851154860143,252
1789477403.4533296,1789477403.4526544,21.451548678298064,-21.588505114268376,1.9008954398894466,-5.101271570911281,4.768451861214006,-0.2758309436444018,4.063071100423698,252
1789477403.4635298,1789477403.462672,21.400440267499345,-21.540730522266735,1.8981495209467458,-5.101755393580686,4.7690135551194635,-0.2722127258060628,4.000155745316384,252
1789477403.4734497,1789477403.472733,21.348928490423557,-21.492578210482105,1.8954227485823543,-5.102623939439842,4.769848032713769,-0.2678479786316289,3.9369524402434317,252
1789477403.4833949,1789477403.4826956,21.348928490423557,-21.492578210482105,1.8954227485823543,-5.102623939439842,4.769848032713769,-0.2678479786316289,3.9369524402434317,252
1789477403.4931576,1789477403.4926732,21.246522943232666,-21.396852716856497,1.8901473146854748,-5.105251281911657,4.772099820914113,-0.2577715898349553,3.811962548939893,252
1789477403.5030572,1789477403.5026429,21.195915573287447,-21.34954882394162,1.8876187775109416,-5.10682030654611,4.773350256785762,-0.25244540683045663,3.750536748124499,252
1789477403.5129747,1789477403.512642,21.145282654640763,-21.302223549603816,1.8851427977494908,-5.108419689128855,4.774557782611506,-0.24709419002134964,3.689319880839713,252
1789477403.5230172,1789477403.5227213,21.093608482652154,-21.25392832973133,1.8826708599383197,-5.109939483935573,4.775615970329445,-0.24175484055460209,3.6271024749172978,252
1789477403.533104,1789477403.532653,21.042581903607807,-21.206242275110643,1.8802823834183284,-5.111166044468577,4.776340772989059,-0.2367339954086446,3.5659323042504147,252
1789477403.5432212,1789477403.5426807,20.99114786330217,-21.158179994236807,1.8779242675628454,-5.11194222497039,4.776581901595759,-0.23204398598169354,3.504554807539684,252
1789477403.55327,1789477403.5526896,20.940118704102172,-21.110501141223434,1.875629285254841,-5.11205466265813,4.776152558346531,-0.22786083488835496,3.4439519940999497,252
1789477403.5633054,1789477403.562677,20.88961782100496,-21.06332137543013,1.8733963992616043,-5.111307151610986,4.774877131411878,-0.22426697337988932,3.3842754160266026,252
1789477403.5730996,1789477403.5726676,20.88961782100496,-21.06332137543013,1.8733963992616043,-5.111307151610986,4.774877131411878,-0.22426697337988932,3.3842754160266026,252
1789477403.583206,1789477403.5826797,20.78736165012743,-20.96780848487446,1.868965948438687,-5.106226255792999,4.76883546918339,-0.21892490962545083,3.2644065700054368,252
1789477403.593154,1789477403.5926805,20.73588917721962,-20.9197405619727,1.8667668651450606,-5.10133913133686,4.763564463583194,-0.2173166505210236,3.204588600757703,252
1789477403.603224,1789477403.6026552,20.685552865199345,-20.87274070125772,1.8646259288389382,-5.09468878116812,4.756634046616065,-0.21648532659682088,3.1464489818103525,252
1789477403.6132836,1789477403.6126819,20.634015639116335,-20.824627038565843,1.8624351895136089,-5.085665854310986,4.747446926134691,-0.216408006306865,3.087306415616912,252
1789477403.6232386,1789477403.6226816,20.583339636274857,-20.77732504269514,1.8602736711492058,-5.07430437764888,4.736070226446198,-0.21709604956741838,3.029549166745282,252
1789477403.6331377,1789477403.6326537,20.53229457740731,-20.729686441685455,1.8580801589711287,-5.060043765474697,4.721967250542165,-0.21854277820217005,2.9717884467149625,252
1789477403.6431854,1789477403.642652,20.482077016824032,-20.682827999383242,1.8558976511870355,-5.042930989273916,4.705205440041558,-0.22068029650954588,2.9153923291835544,252
1789477403.6534991,1789477403.6527646,20.431927234991452,-20.636040737883686,1.8536852894890417,-5.022455175482602,4.685301002180382,-0.2234871683161323,2.8595167395707484,252
1789477403.6635597,1789477403.6626608,20.381683451279763,-20.58917383445902,1.8514275323116816,-4.998200471866174,4.661867910709147,-0.22692777216754334,2.80400341334831,252
1789477403.6731284,1789477403.6726737,20.381683451279763,-20.58917383445902,1.8514275323116816,-4.998200471866174,4.661867910709147,-0.22692777216754334,2.80400341334831,252
1789477403.6831417,1789477403.6826763,20.28240068725371,-20.49658785440969,1.846812789131278,-4.937836550384415,4.603974059502678,-0.23535176885299255,2.6957728421520444,252
1789477403.6932642,1789477403.6926684,20.233503878475368,-20.45100101421006,1.844450123785931,-4.9013068212280455,4.569131446932133,-0.24016340840294967,2.643231234625389,252
1789477403.7032511,1789477403.7026825,20.184237569491348,-20.40507759009171,1.841999953074453,-4.859448232938578,4.529326859952842,-0.2453539031332827,2.590834642678619,252
1789477403.7131295,1789477403.7126522,20.135835478366182,-20.35996747226831,1.8395179500352714,-4.812988972114582,4.485262323819112,-0.2507067555440921,2.5399130146492874,252
1789477403.7232037,1789477403.722653,20.088422272794446,-20.315786401404765,1.8370085661574709,-4.761955606840287,4.436967266166232,-0.2561100228675016,2.490591953953656,252
1789477403.7331395,1789477403.7326646,20.040684141998117,-20.27130995575135,1.8343979678052067,-4.704634876744836,4.382827763748883,-0.2616210701674653,2.441520205618908,252
1789477403.7432325,1789477403.7426648,19.993591772096643,-20.22744240208312,1.8317344686914703,-4.641821997899975,4.323602746201385,-0.2670343661500922,2.3937175523747745,252
1789477403.7532756,1789477403.7526805,19.947824831663794,-20.184816389777257,1.8290568444286557,-4.574379873869072,4.260108126432138,-0.27218004465328005,2.347863935155942,252
1789477403.7632167,1789477403.7626517,19.902987101194263,-20.143062361771513,1.826343716245281,-4.501755988653761,4.191824713809246,-0.27701789402349475,2.303545419714889,252
1789477403.7732236,1789477403.7726645,19.902987101194263,-20.143062361771513,1.826343716245281,-4.501755988653761,4.191824713809246,-0.27701789402349475,2.303545419714889,252
1789477403.7831903,1789477403.7826414,19.81403448119594,-20.060246498026274,1.8206802975263956,-4.336642635583909,4.0368464132251,-0.2856320084752944,2.2175026357882293,252
1789477403.793092,1789477403.7926543,19.770731912204834,-20.01994045671141,1.8177798421435878,-4.245160693361394,3.9511047514423874,-0.28915032075368674,2.1765764474329803,252
1789477403.803146,1789477403.802639,19.729593251031865,-19.98165409037418,1.8149323493441554,-4.150855672737182,3.8627912662177954,-0.29195102811816814,2.1383122999995874,252
1789477403.8130822,1789477403.812639,19.687753837561605,-19.94272104900298,1.8119407557353215,-4.04700441205292,3.765612028190389,-0.2941505625728324,2.100039471925042,252
1789477403.8231921,1789477403.8226624,19.648558485692803,-19.9062534154122,1.8090474175079891,-3.9419053422394015,3.667332858569224,-0.2955128763853449,2.064798136462188,252
1789477403.8331215,1789477403.832661,19.609360508246617,-19.869788188978657,1.8060627326003365,-3.828652903985916,3.561495173854805,-0.29608937461115326,2.030171496715573,252
1789477403.843201,1789477403.8426647,19.571828746553276,-19.834877564256384,1.8031163517030366,-3.711971683000846,3.452515272524929,-0.2957932559906197,1.9976176575241296,252
1789477403.8532152,1789477403.8526478,19.535136750193754,-19.800752369309546,1.8001490451315256,-3.5894586446802044,3.3381477931682544,-0.29458526295754095,1.966382086283118,252
1789477403.863153,1789477403.8626504,19.499800811736023,-19.767892414562066,1.7972072340901553,-3.4629058632400307,3.220065367987656,-0.2924438093812543,1.936872299456376,252
1789477403.873308,1789477403.8727622,19.466351979061397,-19.736791015179325,1.7943435986735765,-3.334678237846374,3.100471864362399,-0.2894128606701446,1.9094729821694971,252
1789477403.883182,1789477403.8827374,19.432898610555164,-19.70568900554563,1.7913998426380346,-3.1974646390332677,2.9725488148943513,-0.2852739820004059,1.8826073004967407,252
1789477403.8932118,1789477403.8926659,19.401873370439375,-19.676847714185936,1.7885956753441064,-3.0614165269295923,2.8457593901372533,-0.2803141709799881,1.8581871372575127,252
1789477403.9033563,1789477403.9027042,19.37234736127199,-19.649403067196694,1.785858103101132,-2.9232855015569514,2.7170720700167013,-0.2744585310553337,1.8354032489398115,252
1789477403.9131656,1789477403.9126506,19.343710950103546,-19.622788096997454,1.7831360975141006,-2.780399201286556,2.5839962571538253,-0.26758053471842896,1.8137428609118837,252
1789477403.9232295,1789477403.92266,19.31617773507099,-19.597201085575897,1.7804540447594468,-2.6338115024831312,2.447513389125396,-0.25970249540998797,1.7933336231435557,252
1789477403.9331372,1789477403.9326518,19.29091845801138,-19.573729600223157,1.7779348973627185,-2.4904593181582366,2.314079158817994,-0.251232410235409,1.7749783146155005,252
1789477403.943235,1789477403.9426653,19.266591598091573,-19.551126691583296,1.7754530931731651,-2.34338032618989,2.177210274060293,-0.2417900515175926,1.7576416273290876,252
1789477403.9535072,1789477403.9526742,19.243959513910582,-19.53010040813705,1.7730925935378228,-2.197572457363011,2.041556136236883,-0.23170766191878867,1.7418197546455116,252
1789477403.9631991,1789477403.9626653,19.222901493737364,-19.510538249544748,1.7708491125670038,-2.053071250247932,1.9071469020150524,-0.2210323469965413,1.7273694498726722,252
1789477403.9732797,1789477403.9726765,19.203164630550532,-19.49220498182723,1.7687026756831803,-1.9087894966997037,1.7729690741127437,-0.20971608285809412,1.7140674530054338,252
1789477403.9831886,1789477403.9826531,19.203164630550532,-19.49220498182723,1.7687026756831803,-1.9087894966997037,1.7729690741127437,-0.20971608285809412,1.7140674530054338,252
1789477403.993126,1789477403.9926682,19.167779466581102,-19.459340298160143,1.764739494467704,-1.6241703161303473,1.5083557891379311,-0.1855339929631455,1.6908174544603403,252
1789477404.0032017,1789477404.0026655,19.151998245708512,-19.444684958730797,1.76291985459253,-1.4840193508446595,1.3780899893509715,-0.1727442469476984,1.6807010459724905,252
1789477404.0133789,1789477404.0126595,19.138053888327825,-19.431736423484885,1.7612824244244432,-1.3516990045733293,1.2551219587155336,-0.16014482599291172,1.6718942212157513,252
1789477404.0232985,1789477404.022678,19.125066039454982,-19.41967697648327,1.75973022486064,-1.2198916706567369,1.1326488637702148,-0.14709162325360137,1.6638042523758922,252
1789477404.033275,1789477404.0326507,19.11345110504802,-19.408893081906925,1.7583179553662547,-1.0935612166344302,1.015281381619478,-0.13411061142884845,1.6566625200245217,252
1789477404.0431676,1789477404.0426795,19.10319441219353,-19.39937092658747,1.757050486721962,-0.9737175868855023,0.9039324234711743,-0.12070802297350036,1.6504296586819815,252
1789477404.0532095,1789477404.052706,19.093951344756487,-19.390790342667447,1.7558888095959422,-0.8579229933757824,0.7964037602866991,-0.10865739239999789,1.6448724916412887,252
1789477404.0631938,1789477404.0626624,19.085967098591205,-19.38337885561409,1.7548699685331797,-0.7499877015472771,0.6961639775231134,-0.09644829969080215,1.640118039270065,252
1789477404.0733082,1789477404.0727627,19.079008159234604,-19.376919527940075,1.7539685040611528,-0.6483999998050534,0.6018297074263899,-0.0846309836111912,1.636009031656725,252
1789477404.0837717,1789477404.082805,19.07296892883356,-19.371314221236556,1.7531746087448958,-0.5528576111119545,0.5131185139963252,-0.07321805939438458,1.6324695518268852,252
1789477404.0938208,1789477404.09281,19.0677369385295,-19.366458445470585,1.7524767952395173,-0.4626954538309549,0.42941142550995104,-0.06217007617590109,1.6294231473828968,252
1789477404.1037204,1789477404.1026778,19.063558995124485,-19.362581147741295,1.751911734734289,-0.3839775747830685,0.3563363024981856,-0.052291438956700076,1.6270038303688341,252
1789477404.1130922,1789477404.1126518,19.06013690089637,-19.359405481477424,1.7514427499230831,-0.3132879742846586,0.29071981264686153,-0.04322253878615312,1.6250310548406068,252
1789477404.1231565,1789477404.122689,19.05733759689866,-19.356807895752297,1.75105414681154,-0.24949541300385247,0.2315104289534995,-0.034864704037814054,1.6234232418229368,252
1789477404.1331773,1789477404.1326902,19.055124858767854,-19.35475471461136,1.750743070501383,-0.19341354495536134,0.1794620208979265,-0.02736749635495861,1.6221561100870738,252
1789477404.143091,1789477404.1426606,19.05343797204939,-19.353189545567723,1.7505029922305448,-0.14543826135390958,0.1349406364999357,-0.02082969622408104,1.621192348895096,252
1789477404.153291,1789477404.1526642,19.052198607748895,-19.352039663861206,1.750324499957084,-0.10547880963479006,0.09786074108477916,-0.015284235146329372,1.6204855003604777,252
1789477404.163333,1789477404.162713,19.05130653616905,-19.351212039416108,1.750194529476552,-0.07240538422210996,0.06717282581422435,-0.010613701974599321,1.6199773664076018,252
1789477404.1732664,1789477404.1726973,19.050716164271776,-19.350664343834698,1.7501075381741853,-0.046765453232259446,0.04338385956418822,-0.006931898544089599,1.6196413771686837,252
1789477404.1831284,1789477404.1826491,19.050349464642174,-19.350324167000686,1.7500529129426825,-0.027676892024760313,0.025674455900600357,-0.004147024545428035,1.61943279878926,252
1789477404.1931136,1789477404.1926467,19.050144769314226,-19.350134285093237,1.7500220977680485,-0.014482835962992269,0.013434426235246377,-0.002192835130338633,1.619316405680016,252
1789477404.2032192,1789477404.20267,19.050046011766195,-19.350042678216596,1.7500070790938014,-0.006211422130077082,0.005761541773127377,-0.0009500467514538258,1.6192602594584755,252
1789477404.2130005,1789477404.212635,19.050008382774358,-19.350007775191443,1.75000130008069,-0.0017553881948231265,0.0016281821420083276,-0.0002712334256789184,1.6192388676481266,252
1789477404.222962,1789477404.2226353,19.05000044496898,-19.350000412705025,1.7500000695355222,-0.0001966122390175684,0.00018235748403405694,-3.0671764025935744e-05,1.6192343550816444,252
1789477404.2330256,1789477404.2326367,19.05,-19.35,1.7499999999999993,-3.552713678800501e-15,1.7763568394002505e-15,1.7763568394002505e-15,1.6192341021172145,252
1789477404.2429764,1789477404.2426353,19.05,-19.35,1.7499999999999993,-3.552713678800501e-15,1.7763568394002505e-15,1.7763568394002505e-15,1.6192341021172145,252
1789477404.2530382,1789477404.2526352,19.05,-19.35,1.7499999999999993,-3.552713678800501e-15,1.7763568394002505e-15,1.7763568394002505e-15,1.6192341021172145,252
1789477404.2631896,1789477404.2626438,19.05,-19.35,1.7499999999999993,-3.552713678800501e-15,1.7763568394002505e-15,1.7763568394002505e-15,1.6192341021172145,252
1789477404.2731826,1789477404.272644,19.05,-19.35,1.7499999999999993,-3.552713678800501e-15,1.7763568394002505e-15,1.7763568394002505e-15,1.6192341021172145,252
1789477404.283115,1789477404.2826593,19.05,-19.35,1.7499999999999993,-3.552713678800501e-15,1.7763568394002505e-15,1.7763568394002505e-15,1.6192341021172145,252
1789477404.2930877,1789477404.2926686,19.05,-19.35,1.7499999999999993,-3.552713678800501e-15,1.7763568394002505e-15,1.7763568394002505e-15,1.6192341021172145,252
1789477404.303179,1789477404.3027167,19.05,-19.35,1.7499999999999993,-3.552713678800501e-15,1.7763568394002505e-15,1.7763568394002505e-15,1.6192341021172145,252
1789477404.3131392,1789477404.3126826,19.05,-19.35,1.7499999999999993,-3.552713678800501e-15,1.7763568394002505e-15,1.7763568394002505e-15,1.6192341021172145,252
1789477404.3231816,1789477404.3226502,19.05,-19.35,1.7499999999999993,-3.552713678800501e-15,1.7763568394002505e-15,1.7763568394002505e-15,1.6192341021172145,252
1789477404.3331606,1789477404.3326466,19.05,-19.35,1.7499999999999993,-3.552713678800501e-15,1.7763568394002505e-15,1.7763568394002505e-15,1.6192341021172145,252
1789477404.3431063,1789477404.342647,19.05,-19.35,1.7499999999999993,-3.552713678800501e-15,1.7763568394002505e-15,1.7763568394002505e-15,1.6192341021172145,252
1789477404.3532178,1789477404.3526485,19.05,-19.35,1.7499999999999993,-3.552713678800501e-15,1.7763568394002505e-15,1.7763568394002505e-15,1.6192341021172145,252
1789477404.3632417,1789477404.3626623,19.05,-19.35,1.7499999999999993,-3.552713678800501e-15,1.7763568394002505e-15,1.7763568394002505e-15,1.6192341021172145,252
1789477404.373208,1789477404.3726618,19.05,-19.35,1.7499999999999993,-3.552713678800501e-15,1.7763568394002505e-15,1.7763568394002505e-15,1.6192341021172145,252
1789477404.3830001,1789477404.3826582,19.05,-19.35,1.7499999999999993,-3.552713678800501e-15,1.7763568394002505e-15,1.7763568394002505e-15,1.6192341021172145,252
1789477404.3930743,1789477404.3926597,19.05,-19.35,1.7499999999999993,-3.552713678800501e-15,1.7763568394002505e-15,1.7763568394002505e-15,1.6192341021172145,252
1789477404.4031258,1789477404.4026608,19.05,-19.35,1.7499999999999993,-3.552713678800501e-15,1.7763568394002505e-15,1.7763568394002505e-15,1.6192341021172145,252
1789477404.4131703,1789477404.4126606,19.05,-19.35,1.7499999999999993,-3.552713678800501e-15,1.7763568394002505e-15,1.7763568394002505e-15,1.6192341021172145,252
1789477404.42327,1789477404.4226592,19.05,-19.35,1.7499999999999993,-3.552713678800501e-15,1.7763568394002505e-15,1.7763568394002505e-15,1.6192341021172145,252
1789477404.4332547,1789477404.4326432,19.05,-19.35,1.7499999999999993,-3.552713678800501e-15,1.7763568394002505e-15,1.7763568394002505e-15,1.6192341021172145,252
1789477404.4431558,1789477404.4426517,19.05,-19.35,1.7499999999999993,-3.552713678800501e-15,1.7763568394002505e-15,1.7763568394002505e-15,1.6192341021172145,252
1789477404.453203,1789477404.4526446,19.05,-19.35,1.7499999999999993,-3.552713678800501e-15,1.7763568394002505e-15,1.7763568394002505e-15,1.6192341021172145,252
1789477404.4631777,1789477404.4626524,19.05,-19.35,1.7499999999999993,-3.552713678800501e-15,1.7763568394002505e-15,1.7763568394002505e-15,1.6192341021172145,252
1789477404.473098,1789477404.4726439,19.05,-19.35,1.7499999999999993,-3.552713678800501e-15,1.7763568394002505e-15,1.7763568394002505e-15,1.6192341021172145,252
1789477404.483193,1789477404.482663,19.05,-19.35,1.7499999999999993,-3.552713678800501e-15,1.7763568394002505e-15,1.7763568394002505e-15,1.6192341021172145,252
1789477404.4931798,1789477404.4926503,19.05,-19.35,1.7499999999999993,-3.552713678800501e-15,1.7763568394002505e-15,1.7763568394002505e-15,1.6192341021172145,252
1789477404.5033975,1789477404.5026598,19.05,-19.35,1.7499999999999993,-3.552713678800501e-15,1.7763568394002505e-15,1.7763568394002505e-15,1.6192341021172145,252
1789477404.5130794,1789477404.5126433,19.05,-19.35,1.7499999999999993,-3.552713678800501e-15,1.7763568394002505e-15,1.7763568394002505e-15,1.6192341021172145,252
1789477404.5231283,1789477404.5226629,19.05,-19.35,1.7499999999999993,-3.552713678800501e-15,1.7763568394002505e-15,1.7763568394002505e-15,1.6192341021172145,252
1789477404.5332236,1789477404.5326452,19.05,-19.35,1.7499999999999993,-3.552713678800501e-15,1.7763568394002505e-15,1.7763568394002505e-15,1.6192341021172145,252
1789477404.5432048,1789477404.5426593,19.05,-19.35,1.7499999999999993,-3.552713678800501e-15,1.7763568394002505e-15,1.7763568394002505e-15,1.6192341021172145,252
1789477404.553325,1789477404.5527089,19.05,-19.35,1.7499999999999993,-3.552713678800501e-15,1.7763568394002505e-15,1.7763568394002505e-15,1.6192341021172145,252
1789477404.5632432,1789477404.5626898,19.05,-19.35,1.7499999999999993,-3.552713678800501e-15,1.7763568394002505e-15,1.7763568394002505e-15,1.6192341021172145,252
1789477404.5730786,1789477404.5726593,19.05,-19.35,1.7499999999999993,-3.552713678800501e-15,1.7763568394002505e-15,1.7763568394002505e-15,1.6192341021172145,252
1789477404.5832193,1789477404.5826492,19.05,-19.35,1.7499999999999993,-3.552713678800501e-15,1.7763568394002505e-15,1.7763568394002505e-15,1.6192341021172145,252
1789477404.593148,1789477404.5926442,19.05,-19.35,1.7499999999999993,-3.552713678800501e-15,1.7763568394002505e-15,1.7763568394002505e-15,1.6192341021172145,252
1789477404.603143,1789477404.602632,19.05,-19.35,1.7499999999999993,-3.552713678800501e-15,1.7763568394002505e-15,1.7763568394002505e-15,1.6192341021172145,252
1789477404.6131158,1789477404.612632,19.05,-19.35,1.7499999999999993,-3.552713678800501e-15,1.7763568394002505e-15,1.7763568394002505e-15,1.6192341021172145,252
1789477404.623058,1789477404.622634,19.05,-19.35,1.7499999999999993,-3.552713678800501e-15,1.7763568394002505e-15,1.7763568394002505e-15,1.6192341021172145,252
1789477404.6330447,1789477404.6326325,19.05,-19.35,1.7499999999999993,-3.552713678800501e-15,1.7763568394002505e-15,1.7763568394002505e-15,1.6192341021172145,252
1789477404.6430085,1789477404.6426303,18.746680580289382,-18.82309712966009,1.8478132198658246,-2.3373614445407034,4.020235836529889,0.7236630529020591,1.6241300690180716,252
1789477404.653064,1789477404.6526403,18.72289477421638,-18.781929487963488,1.8550425356449707,-2.404961264936634,4.1880287755190855,0.717109268104331,1.6063047745930628,447
1789477404.663169,1789477404.662632,18.698560177291068,-18.739294343218944,1.8621511222661298,-2.4686872123924166,4.351133291894348,0.70596795265104,1.5703135794587326,447
1789477404.6732101,1789477404.6726334,18.67367228841091,-18.69516868850701,1.8691071027091393,-2.528677602484982,4.509342511466041,0.6901271180683716,1.533764616466005,447
1789477404.6833272,1789477404.6826403,18.67367228841091,-18.69516868850701,1.8691071027091393,-2.528677602484982,4.509342511466041,0.6901271180683716,1.533764616466005,447
1789477404.6935465,1789477404.69265,18.621836302750584,-18.601667215863333,1.8825119486240207,-2.638762350543494,4.812176284780144,0.6434568430050106,1.458667232406334,447
1789477404.7033987,1789477404.7027025,18.59503840977857,-18.552536587808554,1.8888328875771578,-2.688750844456066,4.955135494949742,0.6124466559945378,1.4204886642570176,447
1789477404.7131176,1789477404.7126763,18.56840331356958,-18.50320829679635,1.8946792225501246,-2.734351927725316,5.08833671165398,0.577203989642483,1.3830494336374013,447
1789477404.7231998,1789477404.7226496,18.54068032596431,-18.45137446107195,1.900281753634507,-2.777934832462106,5.217758155270999,0.53601518581602,1.3446787105248985,447
1789477404.733162,1789477404.7326427,18.51288875753493,-18.398948281657383,1.905382414101476,-2.818086168280985,5.3382292325752045,0.49028655664230625,1.3068887976241705,447
1789477404.7432442,1789477404.742672,18.484530580668125,-18.34501759732703,1.9100319605433855,-2.8558378393287027,5.451742409205445,0.4392295369360699,1.269094005360928,447
1789477404.7533643,1789477404.7526991,18.455755572345698,-18.289893117300668,1.9141530299997447,-2.8912563097780106,5.557346250893762,0.38307778845821505,1.2316058692017506,447
1789477404.763214,1789477404.7626572,18.42666808299459,-18.233813819692074,1.9176836837140208,-2.92453692270732,5.654426076239339,0.32207640122195835,1.194667769440069,447
1789477404.7730916,1789477404.772642,18.42666808299459,-18.233813819692074,1.9176836837140208,-2.92453692270732,5.654426076239339,0.32207640122195835,1.194667769440069,447
1789477404.783217,1789477404.782673,18.3673051486135,-18.118505619570666,1.9228095843851114,-2.9863477390801236,5.822923031200074,0.1852825194063219,1.1225788460781452,447
1789477404.793198,1789477404.7926705,18.33725717497391,-18.05984128331577,1.924292852313124,-3.015378824360271,5.893337413612437,0.11025903118697533,1.0879297117272286,447
1789477404.8033328,1789477404.8026328,18.306953492372156,-18.000579180828577,1.9250029959119572,-3.0436916264464564,5.954437042775483,0.031038777440739462,1.0543376333393493,447
1789477404.813187,1789477404.812669,18.27664745941234,-17.94129814939643,1.9249050107633905,-3.0714476036588003,6.00576548834951,-0.05145238570421551,1.0221688591541764,447
1789477404.8231597,1789477404.8226695,18.245385601749412,-17.88022600069141,1.9239402733338058,-3.0999063475493482,6.04868545864715,-0.13961866754350005,0.9905438971264307,447
1789477404.8332105,1789477404.8326533,18.214692529992966,-17.820438352349367,1.9221269965628245,-3.1280608969337913,6.0811606215667595,-0.22885356608877924,0.9610882379874579,447
1789477404.8431292,1789477404.8426697,18.18281177472723,-17.758623232659254,1.919325952566218,-3.1579072116546283,6.105047651024817,-0.3239381792515475,0.9322111178149046,447
1789477404.8534472,1789477404.8526714,18.151291165724682,-17.697898450152056,1.9156334169570857,-3.1883635791965355,6.119134517678576,-0.41992361779522575,0.9054149711454418,447
1789477404.863358,1789477404.8626401,18.11954573317918,-17.637241105580852,1.910988428631033,-3.220297976286266,6.12412061011884,-0.5181315106748189,0.8802108621438665,447
1789477404.8732748,1789477404.8726735,18.086866522514892,-17.575434619682618,1.9052439170719206,-3.2547731539634066,6.120047728707836,-0.6203571132265748,0.856139556471609,447
1789477404.8831344,1789477404.8826573,18.054039970624682,-17.514108169034873,1.8985047863314897,-3.2912781239127797,6.107050667828166,-0.723690967958931,0.8338624645342763,447
1789477404.893269,1789477404.8926413,18.020718111976727,-17.452742543484135,1.890693148206858,-3.3304488247380584,6.085285318416553,-0.8287211063866342,0.813170693759059,447
1789477404.9032273,1789477404.9026463,17.98751151911017,-17.392578621357302,1.8819644557405844,-3.371742886723349,6.055599082938653,-0.9330019866342013,0.7944309118606698,447
1789477404.9132488,1789477404.91264,17.953586596272633,-17.33222879743779,1.8721103228695737,-3.416346544378874,6.017676900928285,-1.0386097747208796,0.77716160051909,447
1789477404.9231339,1789477404.922658,17.919200274901506,-17.27229660275547,1.861200379202483,-3.46408297328373,5.972105033745135,-1.1441644986453892,0.7615130323283128,447
1789477404.9331079,1789477404.932643,17.88431301404554,-17.21284382945376,1.8492349102162455,-3.5150930661432156,5.919272519356048,-1.2491990354043392,0.7474510489274175,447
1789477404.9431689,1789477404.9426415,17.84899350346232,-17.15410881126098,1.836259882826024,-3.5693054199795107,5.859792184671184,-1.35291470227371,0.734968980437837,447
1789477404.9534197,1789477404.952666,17.812817369704444,-17.095520849365382,1.822137845709586,-3.627383627281618,5.793431847186054,-1.4559186507463748,0.7238932448886013,447
1789477404.9632866,1789477404.962652,17.776208015784825,-17.037890758872322,1.8070611899042432,-3.688604564676902,5.721506955276365,-1.5563661500759134,0.7143162050645087,447
1789477404.973214,1789477404.9726524,17.73897803790132,-16.98102107615724,1.790995761235424,-3.753159595761188,5.644283355252582,-1.6541757280569964,0.7061241922682844,447
1789477404.9831414,1789477404.982654,17.73897803790132,-16.98102107615724,1.790995761235424,-3.753159595761188,5.644283355252582,-1.6541757280569964,0.7061241922682844,447
1789477404.9931998,1789477404.9926298,17.662598422271213,-16.869857128888487,1.7560556862113452,-3.891709325123952,5.476373692910125,-1.8395987321282559,0.6936392208424189,447
1789477405.0030642,1789477405.0026271,17.623392239153812,-16.81564433933852,1.7372599814235923,-3.965363462335897,5.386891533864964,-1.9261683682391593,0.6892085596140212,447
1789477405.0131469,1789477405.0126278,17.583743723377825,-16.762741266427817,1.7177755460403619,-4.0411206134302535,5.2951767165313735,-2.007429522112776,0.6859157601973926,447
1789477405.023232,1789477405.0226624,17.542726735520333,-16.70999343217342,1.6972046907039848,-4.120447265272572,5.199761335947486,-2.084645104613111,0.6836395873180858,447
1789477405.033207,1789477405.032654,17.501353053909632,-16.65876256959136,1.6761182073115073,-4.201044878412389,5.103677777131618,-2.1553293456359794,0.68239108519964,447
1789477405.0431907,1789477405.0426543,17.45866935396302,-16.60790929276214,1.6541001971200753,-4.284387195056156,5.005401551499584,-2.2205754729719773,0.6820967473776487,447
1789477405.0533211,1789477405.0526614,17.415386511062696,-16.558324709944493,1.6315882383488562,-4.368678579921083,4.907252920756226,-2.278734027750676,0.682732000299191,447
1789477405.0633028,1789477405.0626903,17.370692132470992,-16.509113875310476,1.6082354186814674,-4.455057310122873,4.80808003142642,-2.3303396099524436,0.6842884116180572,447
1789477405.0733576,1789477405.0726979,17.32680266979918,-16.46265068687164,1.585278723472099,-4.5388296597517295,4.713339478768116,-2.372715449125052,0.6866382764916668,447
1789477405.083251,1789477405.0826428,17.32680266979918,-16.46265068687164,1.585278723472099,-4.5388296597517295,4.713339478768116,-2.372715449125052,0.6866382764916668,447
1789477405.093174,1789477405.0926387,17.23383210882708,-16.369833272922858,1.5368946462554074,-4.711242735248984,4.523080767773611,-2.435773436364342,0.6940813894071609,447
1789477405.103128,1789477405.1026392,17.185821611467077,-16.32462285476242,1.512194581300073,-4.796829588403104,4.431113496106708,-2.4544704718619186,0.6991565035610188,447
1789477405.1132846,1789477405.1126978,17.137932949336918,-16.281197646569606,1.4878459365324364,-4.879395593493047,4.344017831731774,-2.463995859130858,0.7050224400753244,447
1789477405.1230311,1789477405.1226373,17.088234880892596,-16.237758479112774,1.462949952783803,-4.96179403144482,4.258739292727846,-2.4645060199776916,0.7119486969998428,447
1789477405.133213,1789477405.1326532,17.038973308984467,-16.196202430204053,1.4387089959780468,-5.039871471790334,4.179490456681568,-2.4558685829126516,0.719657196209976,447
1789477405.143178,1789477405.1426382,16.987692254320585,-16.15439320266482,1.4139965545420292,-5.116461187473386,4.102068252366922,-2.437018796383218,0.7285821864878086,447
1789477405.1533248,1789477405.152691,16.93615429748597,-16.113733136846996,1.3897608044529655,-5.185194686602417,4.026378433970081,-2.4057460213116557,0.7384902718520698,447
1789477405.1633582,1789477405.1626894,16.88446257472158,-16.074200186545138,1.3661274827709249,-5.242652626114881,3.9497753395346384,-2.360232364593004,0.7493842690807186,447
1789477405.1732938,1789477405.1726556,16.83097448187576,-16.034496941469918,1.3424605862097798,-5.287717463141218,3.867941802127101,-2.297508628663206,0.7616742818087281,447
1789477405.1832392,1789477405.182653,16.83097448187576,-16.034496941469918,1.3424605862097798,-5.287717463141218,3.867941802127101,-2.297508628663206,0.7616742818087281,447
1789477405.1931965,1789477405.1926646,16.725136009220012,-15.959147696423925,1.2982903982950804,-5.328376787940528,3.695039550208901,-2.127534667616086,0.7890680478318277,447
1789477405.2032151,1789477405.2026677,16.671344054269813,-15.922306056039767,1.2773406985261162,-5.322884721769108,3.601372485962728,-2.019626163542068,0.8045682355593295,447
1789477405.2133656,1789477405.2126548,16.618686337170576,-15.887080213745904,1.2578989048282012,-5.300039086402779,3.506434697560152,-1.9017231266455896,0.8207812401316237,447
1789477405.2232137,1789477405.222655,16.565979901164187,-15.85257241094022,1.239554402973982,-5.259827187484548,3.4089291573486085,-1.7731844992140289,0.8380513031820538,447
1789477405.2333174,1789477405.232643,16.514043860631638,-15.819223594419702,1.222621636512625,-5.203309125062777,3.3113140374257317,-1.6379828008607165,0.8561064016108277,447
1789477405.2433388,1789477405.2426372,16.461670682286673,-15.786167074817698,1.206742737662606,-5.1294860430898535,3.212361504792277,-1.494983194236386,0.8753822314680466,447
1789477405.2531884,1789477405.25264,16.410910758090022,-15.754590374475372,1.1925377982067717,-5.041989475218373,3.1170213146009704,-1.3519709344870576,0.8951228561805293,447
1789477405.2632203,1789477405.2626376,16.361647080934343,-15.72428905020811,1.1798958897910663,-4.942235701735891,3.0260496008003255,-1.2109601973569988,0.915320986144025,447
1789477405.2732675,1789477405.2726567,16.312639712889425,-15.694385249192784,1.1684585810733905,-4.828654751756322,2.9380696073836536,-1.070497987580242,0.9364839504551994,447
1789477405.2832205,1789477405.2826443,16.312639712889425,-15.694385249192784,1.1684585810733905,-4.828654751756322,2.9380696073836536,-1.070497987580242,0.9364839504551994,447
1789477405.2931826,1789477405.2926366,16.21797134555019,-15.636878246966353,1.1496138245114624,-4.569130237440149,2.7787275405353404,-0.8064213016418831,0.980655618955113,447
1789477405.3032212,1789477405.3026454,16.17298821619844,-15.609446958907878,1.142150626119523,-4.4273319636985935,2.7093084925300626,-0.6880429202138142,1.0033246673301437,447
1789477405.313107,1789477405.3126364,16.129640780581685,-15.582789096006971,1.1358442243520097,-4.279331354205532,2.646867479706737,-0.580640063252454,1.0263155043714112,447
1789477405.3230333,1789477405.3226352,16.08754499551464,-15.556562796571157,1.130520960969014,-4.124749849164747,2.590597646145126,-0.4842364789790472,1.0498220806283252,447
1789477405.3332012,1789477405.332635,16.046928978356966,-15.530809779690994,1.1260921858453918,-3.9651725306743053,2.5403023265036575,-0.4000905031498895,1.0737145238229369,447
1789477405.343089,1789477405.3426352,16.008258042798495,-15.505746664997144,1.122471801239971,-3.803313852857891,2.4956862150086057,-0.3293679349979679,1.0976831930675108,447
1789477405.353233,1789477405.3526409,15.971062070237586,-15.481004091746021,1.1194810573921328,-3.637963046455095,2.4550849236936823,-0.2710902294686346,1.1219782675446859,447
1789477405.363198,1789477405.3626363,15.93544829195555,-15.456594664219711,1.1170050837183119,-3.470090443791647,2.417295242504455,-0.2251354140266697,1.146499087271156,447
1789477405.3732457,1789477405.3726363,15.901759394361674,-15.432724792992012,1.1149433861251876,-3.3018741895130823,2.3811444011363814,-0.19117493046852818,1.1709458513356887,447
1789477405.383322,1789477405.3826349,15.901759394361674,-15.432724792992012,1.1149433861251876,-3.3018741895130823,2.3811444011363814,-0.19117493046852818,1.1709458513356887,447
1789477405.393137,1789477405.3926346,15.83888923675053,-15.385656115132425,1.1115434564895617,-2.95953179929566,2.305506765986226,-0.15386899753401018,1.2202672060029824,447
1789477405.403363,1789477405.4026496,15.809958299516028,-15.362654575156018,1.1100289920798212,-2.7871656108013525,2.2626321656944386,-0.14820055127422235,1.2447976204513993,447
1789477405.4132807,1789477405.4126358,15.78348163677509,-15.340719593479108,1.1085777226620366,-2.619425999662038,2.215508664708103,-0.1490729022836124,1.2683911622819224,447
1789477405.4231198,1789477405.4226365,15.757759082344082,-15.31849499321524,1.107037164822016,-2.445691510250208,2.1594125634257364,-0.15499264378532196,1.2924559535057134,447
1789477405.4331787,1789477405.4326344,15.734577144887389,-15.297600479128299,1.105473776197295,-2.2783232399238895,2.0969198492629153,-0.16399765242719802,1.315194992743712,447
1789477405.443167,1789477405.4426332,15.712383277636663,-15.276739014849092,1.1037583105218656,-2.106594106310786,2.0228837596884697,-0.17509920138529123,1.337981250668728,447
1789477405.4533286,1789477405.452643,15.692314114872278,-15.257072397992431,1.1019652006496832,-1.9396226362177764,1.940216114674026,-0.18634187109163597,1.3595168776971507,447
1789477405.4632444,1789477405.4626439,15.673602838665088,-15.237974933478858,1.1000318948056986,-1.7717664420674852,1.8456257312313917,-0.19683682699896726,1.3804622421445112,447
1789477405.473227,1789477405.4726474,15.673602838665088,-15.237974933478858,1.1000318948056986,-1.7717664420674852,1.8456257312313917,-0.19683682699896726,1.3804622421445112,447
1789477405.4831097,1789477405.4826474,15.641518284953523,-15.203271045777505,1.0959492428038078,-1.4478902987313602,1.628102839248397,-0.21066253823331385,1.418558232680823,447
1789477405.4932883,1789477405.4926221,15.627774634757511,-15.187535754629094,1.093821103718162,-1.290422504661812,1.5047979194752772,-0.2125986648258559,1.43582777258609,447
1789477405.5032961,1789477405.5026639,15.615668278517216,-15.173174308945713,1.0917081369171473,-1.138914850947117,1.3749081659684708,-0.21057152267538343,1.4515784365560864,447
1789477405.513325,1789477405.5126517,15.60509751846966,-15.16020404058611,1.0896466799256905,-0.9939630236274406,1.2400743720875158,-0.2044943137365877,1.4657891578139441,447
1789477405.5231717,1789477405.5226395,15.595718588759155,-15.14831594609816,1.0876168340270571,-0.8523431045450801,1.0981433514476395,-0.1941455286534179,1.4787980969685437,447
1789477405.5332265,1789477405.5326726,15.587983412712841,-15.13820409832469,1.085773207382196,-0.7231801888041323,0.9596999616506152,-0.18048488296082627,1.4898478157262085,447
1789477405.543237,1789477405.5426702,15.58129350945543,-15.129199356853004,1.084029831890102,-0.5990328258910227,0.8183091296428804,-0.16316907107773726,1.4996728295538246,447
1789477405.5532637,1789477405.552651,15.57583351732008,-15.121640567594275,1.0824822613088483,-0.48556338878275557,0.6816801056035035,-0.14339443727737264,1.5079068523097066,447
1789477405.5631702,1789477405.5626507,15.571578699379439,-15.115593793225969,1.0811800556294913,-0.3860047152252165,0.5556999955882678,-0.1226152078874771,1.5144830335915636,447
1789477405.5731306,1789477405.5726547,15.568134428842543,-15.110575833758594,1.0800478473497706,-0.29444171539084074,0.43448219844648683,-0.10035323922860467,1.5199313149292086,447
1789477405.5831892,1789477405.5826504,15.565580630996129,-15.106765410737603,1.0791497770165681,-0.2163057975567526,0.3266404553186929,-0.0786575680834507,1.5240616036158916,447
1789477405.5930803,1789477405.5926473,15.56376232708998,-15.103991198699045,1.0784693587229064,-0.15146719435492262,0.2337300285686934,-0.05847530938642831,1.5270638108803074,447
1789477405.603251,1789477405.6026483,15.562535079973378,-15.102079259553225,1.077982990132064,-0.099610263402099,0.1568583608421925,-0.04064489521603032,1.5291296361997153,447
1789477405.6131606,1789477405.6126497,15.561749486775474,-15.100830963896382,1.0776545011778391,-0.059289353664254474,0.0952017268981753,-0.025498974478640468,1.5304763595966437,447
1789477405.6231165,1789477405.622647,15.561306541471598,-15.100113755593464,1.0774596840140747,-0.03062448201104795,0.05009281440244484,-0.013838276644750902,1.531248986941307,447
1789477405.6331358,1789477405.6326492,15.561098960087097,-15.099771656454017,1.0773639965179722,-0.012763233840324961,0.021240685859310826,-0.006036971569524097,1.5316170111991276,447
1789477405.6431978,1789477405.6426497,15.561024302327805,-15.099646587644067,1.0773280642445269,-0.003436271210139008,0.005813422322004769,-0.0016969549977940979,1.5317513858133798,447
1789477405.6532588,1789477405.6526654,15.561009616202957,-15.099621614162508,1.0773207137820309,-0.00025680467149324926,0.0004413642414400343,-0.00013213694284530675,1.5317781862634456,447
1789477405.6634116,1789477405.662674,15.561009153506548,-15.09962081721774,1.0773204743665235,-1.7763568394002505e-15,-5.329070518200751e-15,2.220446049250313e-15,1.5317790406667715,447
1789477405.6732433,1789477405.6726701,15.561009153506548,-15.09962081721774,1.0773204743665235,-1.7763568394002505e-15,-5.329070518200751e-15,2.220446049250313e-15,1.5317790406667715,447
1789477405.6832497,1789477405.6826687,15.561009153506548,-15.09962081721774,1.0773204743665235,-1.7763568394002505e-15,-5.329070518200751e-15,2.220446049250313e-15,1.5317790406667715,447
1789477405.693255,1789477405.6927059,15.561009153506548,-15.09962081721774,1.0773204743665235,-1.7763568394002505e-15,-5.329070518200751e-15,2.220446049250313e-15,1.5317790406667715,447
1789477405.70331,1789477405.702634,15.561009153506548,-15.09962081721774,1.0773204743665235,-1.7763568394002505e-15,-5.329070518200751e-15,2.220446049250313e-15,1.5317790406667715,447
1789477405.7134311,1789477405.7126372,15.561009153506548,-15.09962081721774,1.0773204743665235,-1.7763568394002505e-15,-5.329070518200751e-15,2.220446049250313e-15,1.5317790406667715,447
1789477405.723219,1789477405.722636,15.561009153506548,-15.09962081721774,1.0773204743665235,-1.7763568394002505e-15,-5.329070518200751e-15,2.220446049250313e-15,1.5317790406667715,447
1789477405.7332616,1789477405.7326381,15.561009153506548,-15.09962081721774,1.0773204743665235,-1.7763568394002505e-15,-5.329070518200751e-15,2.220446049250313e-15,1.5317790406667715,447
1789477405.743413,1789477405.742634,15.561009153506548,-15.09962081721774,1.0773204743665235,-1.7763568394002505e-15,-5.329070518200751e-15,2.220446049250313e-15,1.5317790406667715,447
1789477405.7532964,1789477405.7526336,15.561009153506548,-15.09962081721774,1.0773204743665235,-1.7763568394002505e-15,-5.329070518200751e-15,2.220446049250313e-15,1.5317790406667715,447
1789477405.763176,1789477405.7626317,15.561009153506548,-15.09962081721774,1.0773204743665235,-1.7763568394002505e-15,-5.329070518200751e-15,2.220446049250313e-15,1.5317790406667715,447
1789477405.7731209,1789477405.7726412,15.561009153506548,-15.09962081721774,1.0773204743665235,-1.7763568394002505e-15,-5.329070518200751e-15,2.220446049250313e-15,1.5317790406667715,447
1789477405.7831903,1789477405.7826326,15.561009153506548,-15.09962081721774,1.0773204743665235,-1.7763568394002505e-15,-5.329070518200751e-15,2.220446049250313e-15,1.5317790406667715,447
1789477405.7931883,1789477405.7926393,15.561009153506548,-15.09962081721774,1.0773204743665235,-1.7763568394002505e-15,-5.329070518200751e-15,2.220446049250313e-15,1.5317790406667715,447
1789477405.8031902,1789477405.8026404,15.561009153506548,-15.09962081721774,1.0773204743665235,-1.7763568394002505e-15,-5.329070518200751e-15,2.220446049250313e-15,1.5317790406667715,447
1789477405.8131893,1789477405.812633,15.561009153506548,-15.09962081721774,1.0773204743665235,-1.7763568394002505e-15,-5.329070518200751e-15,2.220446049250313e-15,1.5317790406667715,447
1789477405.8231587,1789477405.822637,15.561009153506548,-15.09962081721774,1.0773204743665235,-1.7763568394002505e-15,-5.329070518200751e-15,2.220446049250313e-15,1.5317790406667715,447
1789477405.8332,1789477405.8326325,15.537421325716368,-15.051511206641406,1.1044346246962606,-0.8272651462496823,0.5099744293892512,0.601826148641917,1.58279009574535,447
1789477405.8432727,1789477405.8426383,15.52852734656743,-15.0460399693911,1.1108265231185785,-0.953957234791546,0.5856568723676898,0.6775115329308237,1.5895220527073075,447
1789477405.853264,1789477405.852632,15.518366207999486,-15.039814970184905,1.1179520347780014,-1.0878048198558428,0.6650691206964876,0.7534262398798076,1.597214666530708,447
1789477405.863287,1789477405.8626323,15.506740738726014,-15.032722527431172,1.1258968095985076,-1.2297429437633476,0.7486929846644732,0.8294373349578004,1.606021618420959,447
1789477405.873232,1789477405.8726332,15.493723636901288,-15.024814412151512,1.1345547160891278,-1.3773473927099416,0.8350329272201726,0.9035907636044564,1.6158939120516123,447
1789477405.8834636,1789477405.8826427,15.493723636901288,-15.024814412151512,1.1345547160891278,-1.3773473927099416,0.8350329272201726,0.9035907636044564,1.6158939120516123,447
1789477405.8939633,1789477405.89272,15.463100987622852,-15.006330216530676,1.154044832262439,-1.688901315124391,1.0152612844968136,1.0435811912402508,1.639181407596063,447
1789477405.903678,1789477405.9026814,15.445407244594282,-14.995716816559057,1.16480169643945,-1.851230549850801,1.108112611236959,1.107444937261315,1.6526852030359849,447
1789477405.9135485,1789477405.9126735,15.425889497206434,-14.984059294609388,1.1762774854403304,-2.0184122452903557,1.2030012934433005,1.1665086811552918,1.6676272205392397,447
1789477405.9236915,1789477405.922701,15.404955019166382,-14.971608810505014,1.1881600941274777,-2.185981731102017,1.2973681981598728,1.2186565003840548,1.683711132728642,447
1789477405.9335773,1789477405.9326618,15.382101379227482,-14.95807454301376,1.2006575822791912,-2.357036495153738,1.3929407135279626,1.2643234455309407,1.7013405354426787,447
1789477405.9437695,1789477405.9426568,15.357650688906977,-14.94365565683199,1.2135091868324879,-2.528195349040999,1.4878143326165059,1.3020243714667425,1.7202869473266476,447
1789477405.9534059,1789477405.9526606,15.331657465592563,-14.928390976216239,1.2266117240471468,-2.698463712584878,1.5814518728814468,1.3311908119610325,1.7405276285905238,447
1789477405.9631925,1789477405.9626448,15.304362389135697,-14.912427130684772,1.2397771857747528,-2.8658829104215746,1.6728104336040217,1.3513018694322292,1.7618939757137846,447
1789477405.973289,1789477405.972642,15.274811068293735,-14.89521338234682,1.2533738571923518,-3.0355347263956736,1.7646796582459863,1.3624735980658285,1.785157498219113,447
1789477405.9831,1789477405.9826188,15.274811068293735,-14.89521338234682,1.2533738571923518,-3.0355347263956736,1.7646796582459863,1.3624735980658285,1.785157498219113,447
1789477405.9930584,1789477405.9926424,15.210123115512456,-14.857759304738035,1.2808718662783811,-3.3709050810565966,1.9442644801437678,1.3546796966061516,1.836561831274753,447
1789477406.0033212,1789477406.0026484,15.17629131631819,-14.838281959893967,1.2940701350301083,-3.5293104677820524,2.0282025712759895,1.3357385158303665,1.863710082410032,447
1789477406.0133855,1789477406.0126295,15.140127834542792,-14.817537572551302,1.307315372068244,-3.687388265037437,2.11144804605341,1.3059370376492618,1.8929296380295562,447
1789477406.0233107,1789477406.0226367,15.102387205179037,-14.795964321376573,1.3202137129473746,-3.841117400619545,2.1919556487856626,1.265527610323641,1.9236435120737971,447
1789477406.033121,1789477406.0326283,15.063030742008648,-14.773542278914995,1.3326841588135416,-3.9902912479967023,2.269719812920201,1.2144433845480673,1.9559106293704114,447
1789477406.0430598,1789477406.0426297,15.022575398494682,-14.750565869539724,1.3444844392623188,-4.132792926845103,2.3437571616165047,1.153530658137389,1.989330779061237,447
1789477406.053205,1789477406.0526361,14.98082055625889,-14.726919264167163,1.3556048295086935,-4.269294349965263,2.414549385927392,1.0827896321110617,2.0240907467173974,447
1789477406.0631065,1789477406.0626273,14.937488178159192,-14.702443183633813,1.36603122689329,-4.400485152735346,2.482594963077749,1.0019493147830802,2.0120343303475376,448
1789477406.0729797,1789477406.072627,14.937488178159192,-14.702443183633813,1.36603122689329,-4.400485152735346,2.482594963077749,1.0019493147830802,2.0120343303475376,448
1789477406.0830517,1789477406.0826287,14.846983187638823,-14.651491800885285,1.384240998451032,-4.6435136471337435,2.6092997833965854,0.8127584387807101,1.9296446349410357,448
1789477406.0930645,1789477406.092692,14.799472459830074,-14.624814660874065,1.3919154770742606,-4.755920666495408,2.6686080072574225,0.7043988363637324,1.8869621064816722,448
1789477406.1030576,1789477406.1026268,14.751197946218321,-14.597741892416636,1.3984145267436785,-4.860418220790111,2.7245001017545025,0.5891780687933164,1.84399882508317,448
1789477406.1129916,1789477406.1126435,14.70297184451104,-14.570717104329136,1.4036216566275783,-4.955685851133959,2.7764210417705555,0.4697946933529469,1.8014908757229524,448
1789477406.1229916,1789477406.1226523,14.652026419820718,-14.542176814732077,1.4077500938833005,-5.0470659839968,2.827503758163046,0.339930230703251,1.7570386136626266,448
1789477406.1330545,1789477406.1326332,14.601600069892125,-14.5139207775595,1.4104710886932545,-5.1287418394937125,2.8747076689838957,0.20844759247450073,1.713502668445178,448
1789477406.1430237,1789477406.1426284,14.549714778079354,-14.48482406688792,1.4118770929930673,-5.204240365547307,2.9202287343571207,0.07095174211380863,1.6691945170578437,448
1789477406.1531482,1789477406.152639,14.49762195621672,-14.45556998214112,1.411891471775211,-5.271857423396684,2.963234908162377,-0.06853449835158337,1.6252130701693646,448
1789477406.1631174,1789477406.1626294,14.444790050292596,-14.425840242493816,1.4105021648248015,-5.332560993551755,3.0044868822317836,-0.21067854444279002,1.5811305370620992,448
1789477406.1730003,1789477406.17264,14.444790050292596,-14.425840242493816,1.4105021648248015,-5.332560993551755,3.0044868822317836,-0.21067854444279002,1.5811305370620992,448
1789477406.1830835,1789477406.1826427,14.336647116015687,-14.364712127305891,1.4033642323013598,-5.434014640281054,3.083032433209964,-0.500606763863992,1.4925713070836868,448
1789477406.193023,1789477406.1926274,14.28172343279285,-14.333480089906852,1.3975921492137557,-5.474715477721406,3.1206187435716943,-0.6457816602978008,1.4484729117288655,448
1789477406.2030377,1789477406.202627,14.227050754548726,-14.302233925603892,1.390454569563013,-5.50854505847917,3.156939615115821,-0.7879245216274255,1.4051767285064565,448
1789477406.2129936,1789477406.2126427,14.172086623629822,-14.270637683416123,1.381915103949205,-5.536221347443994,3.1926673074209315,-0.9277378252492297,1.3622638939910945,448
1789477406.222999,1789477406.222655,14.11695479768441,-14.238733167426346,1.3720142555864605,-5.5579731233792256,3.2280071048411068,-1.0641857884171588,1.319849361397274,448
1789477406.2331758,1789477406.2326267,14.06111265713762,-14.206172356012507,1.360664466689497,-5.5742317658099045,3.2635796951794718,-1.1978464125533117,1.2775422720321687,448
1789477406.2430003,1789477406.2426288,14.00487396099806,-14.17310003690665,1.3479358524961025,-5.585087142262122,3.2994519984238972,-1.3271688313259722,1.2356123277275923,448
1789477406.2531915,1789477406.2526627,13.94900680570687,-14.139935735394037,1.334050216890013,-5.590726156041834,3.3353894261155763,-1.449746052346652,1.1946458923677254,448
1789477406.263208,1789477406.262657,13.89364212565036,-14.106731885283354,1.3191203013768258,-5.591576644496944,3.371534359397293,-1.5648283195520374,1.1547368514093042,448
1789477406.2730238,1789477406.2726257,13.89364212565036,-14.106731885283354,1.3191203013768258,-5.591576644496944,3.371534359397293,-1.5648283195520374,1.1547368514093042,448
1789477406.2830746,1789477406.2826533,13.781385988474497,-14.038237586096155,1.2855037209872568,-5.580087413639146,3.4473115951799818,-1.77631456973904,1.075985861132415,448
1789477406.2930112,1789477406.2926528,13.725706835338816,-14.003610722249299,1.2672904463677295,-5.568431979786989,3.4865244301116287,-1.86926694044923,1.0380371625331186,448
1789477406.3030968,1789477406.3026528,13.66995934215372,-13.968457600477857,1.2481209871486705,-5.55320202264225,3.52709695645143,-1.9537221340922133,1.000806555769536,448
1789477406.3129828,1789477406.312625,13.614473255413158,-13.932950728649521,1.2281850218019357,-5.534795808199421,3.568930929888622,-2.0287621829087024,0.9645322588406873,448
1789477406.3229868,1789477406.32264,13.559611932914335,-13.89729717433447,1.2077077876203886,-5.513691557584035,3.6118442596216673,-2.0936915139807506,0.929457128195085,448
1789477406.3330367,1789477406.3326387,13.504356430622185,-13.86079963960508,1.186392854137436,-5.489794530176923,3.6567312403348886,-2.149390398773312,0.8949516657392347,448
1789477406.3429623,1789477406.3426394,13.449292558031551,-13.82380298421685,1.164545824451716,-5.463619784134618,3.7032107943733306,-2.194871949396675,0.8614164346504669,448
1789477406.353164,1789477406.3526404,13.394801204539261,-13.786537763705667,1.142416777845739,-5.435666860358081,3.750987204503351,-2.229735492759019,0.8290992303953595,448
1789477406.3631248,1789477406.3626354,13.34082708826746,-13.7489483865443,1.1200869344323978,-5.406229541753933,3.800093318354121,-2.25407863799711,0.7979781120447664,448
1789477406.3731167,1789477406.3726485,13.34082708826746,-13.7489483865443,1.1200869344323978,-5.406229541753933,3.800093318354121,-2.25407863799711,0.7979781120447664,448
1789477406.3830903,1789477406.3826556,13.233228196316885,-13.671855308823242,1.0747195052634524,-5.343364734669643,3.9033094300583753,-2.271651063523496,0.7387466016645381,448
1789477406.3931103,1789477406.3926532,13.180229760779063,-13.632757825243278,1.0521444173798622,-5.310841290310736,3.956704096137465,-2.264943557632277,0.7110422620934815,448
1789477406.4030623,1789477406.4026244,13.1277061053601,-13.59323559590677,1.0297494521679318,-5.277904012743001,4.011207885573357,-2.2482511088158303,0.6846147298507725,448
1789477406.413081,1789477406.4126253,13.074706740825576,-13.552543386816303,1.0072281363650868,-5.24418375509275,4.06771502757354,-2.221315982669205,0.6590470882349919,448
1789477406.4230537,1789477406.4226463,13.022410240513357,-13.511563839595965,0.9851796967564834,-5.210649806630998,4.124840327685215,-2.184908369440225,0.6349676463893128,448
1789477406.4330354,1789477406.43264,12.970314032505366,-13.469899768332525,0.9634865809312162,-5.177192121077847,4.1829512027769535,-2.139101547387959,0.612188050144761,448
1789477406.44301,1789477406.4426253,12.918621692669303,-13.427707066589956,0.9423262689056121,-5.144134202021782,4.241627482008064,-2.0844706448313146,0.590854488322599,448
1789477406.4530942,1789477406.452625,12.867740603997904,-13.385330299044577,0.9219466238062438,-5.111905971108703,4.300176939392048,-2.0220534843528215,0.5711726510200521,448
1789477406.4631534,1789477406.4626245,12.816352507162867,-13.341664637842939,0.9019089105693155,-5.079831718896533,4.359886487330196,-1.9506604256334197,0.5527096383355112,448
1789477406.4732442,1789477406.472652,12.766516488930947,-13.298475669253802,0.8830865026694512,-5.049322045653038,4.418108631056482,-1.8737955334620042,0.536252640657225,448
1789477406.4830701,1789477406.4826245,12.766516488930947,-13.298475669253802,0.8830865026694512,-5.049322045653038,4.418108631056482,-1.8737955334620042,0.536252640657225,448
1789477406.4930716,1789477406.4926455,12.665403114570118,-13.208278500248701,0.8470808278087611,-4.9897030736023735,4.536111001523567,-1.696617472730619,0.5076342810706731,448
1789477406.5031066,1789477406.5026238,12.61654981132235,-13.163465025803276,0.8308845316713458,-4.962176132207973,4.592495562124188,-1.6018269440961437,0.49629225342069944,448
1789477406.5130196,1789477406.512625,12.566753228064938,-13.116966064060035,0.8152748246141298,-4.935006496094835,4.648522763939,-1.499875681178344,0.48653333336077415,448
1789477406.5230005,1789477406.5226238,12.517256367711052,-13.069965632855837,0.8007176813737896,-4.908269383128631,4.696193927242119,-1.3946598881890018,0.4787605426000176,448
1789477406.5330868,1789477406.5326247,12.468254166167469,-13.022777725789222,0.7872870302356617,-4.881011706340518,4.7276790430365425,-1.2883226833417565,0.47312846696073646,448
1789477406.5431077,1789477406.5426269,12.419879754009859,-12.975715448841289,0.7750077257263519,-4.852210941808543,4.738161651393022,-1.182497014863613,0.46977254365438,448
1789477406.553366,1789477406.5526428,12.371703730098528,-12.928565069486964,0.7637545565485674,-4.820484747255295,4.7251057469068956,-1.0772301250974592,0.4687936593978301,448
1789477406.5630322,1789477406.5626242,12.323690417746622,-12.881498076113642,0.7535076450727425,-4.784629759158602,4.6873301188000465,-0.973154786527489,0.47032992451007644,448
1789477406.5730686,1789477406.5726252,12.275906439094236,-12.834780530045089,0.7442625387341604,-4.743507905665835,4.625150900389567,-0.8709057241654918,0.4744791510552488,448
1789477406.5830364,1789477406.5826235,12.228746571748628,-12.788976940537722,0.7360600428302865,-4.696367403313451,4.540789422443187,-0.771613804127617,0.48122392453018076,448
1789477406.5930417,1789477406.5926235,12.181982941727085,-12.744012442455261,0.7288196203093092,-4.641960274733651,4.436446348872932,-0.6749291822490805,0.49055248174045446,448
1789477406.6031735,1789477406.6026282,12.135887751167996,-12.700257583349668,0.7225430745584092,-4.579645545613876,4.31585359362884,-0.5814313972504394,0.502318720155692,448
1789477406.6130683,1789477406.6126232,12.090574664983139,-12.657882602128106,0.7171982825339552,-4.508783102678413,4.182896383357393,-0.4912697367098513,0.5163333901110305,448
1789477406.623093,1789477406.6226406,12.045694087234072,-12.616588409973,0.7127075656123544,-4.428004773350217,4.040085198833367,-0.4036354305306764,0.5325356544212634,448
1789477406.6331098,1789477406.6326559,12.000940014543486,-12.576098087690042,0.7090267965217292,-4.33571063134225,3.8897494802401535,-0.31783196135191144,0.5508953173270772,448
1789477406.643076,1789477406.6426363,11.958632929660435,-12.53843414304769,0.7062861518850807,-4.236484707098495,3.7432211622822447,-0.2381080868920775,0.5701662284043412,448
1789477406.6532116,1789477406.652634,11.916474892102043,-12.501441917512823,0.70428232648568,-4.1248007907250095,3.5956655679714564,-0.15995738330840528,0.5911035116266927,448
1789477406.6631439,1789477406.6626365,11.87618071550101,-12.466505181697647,0.7030640236293043,-4.004886815955844,3.4555873529772336,-0.08645177734936374,0.6126173645862931,448
1789477406.6730397,1789477406.6726418,11.87618071550101,-12.466505181697647,0.7030640236293043,-4.004886815955844,3.4555873529772336,-0.08645177734936374,0.6126173645862931,448
1789477406.6829622,1789477406.6826367,11.798600084773485,-12.399927610296903,0.7027392573872251,-3.732795903206611,3.1963213584955286,0.05161511935689431,0.6577344127143756,448
1789477406.6930833,1789477406.6926212,11.761924683564693,-12.368469670513008,0.7035779382962106,-3.582679107992504,3.0814839874047335,0.11504791751623167,0.6805528422571456,448
1789477406.7030444,1789477406.7026167,11.726856699998397,-12.33816106209281,0.705029242885626,-3.424410406513431,2.9775493231378727,0.1742975621857496,0.703144531288804,448
1789477406.7131038,1789477406.7126145,11.69357429226472,-12.308984180785716,0.7070404500710806,-3.2594390640353,2.8845154450152393,0.22892267438307584,0.7252069368025702,448
1789477406.7231238,1789477406.7226164,11.661844820419391,-12.280573912820334,0.7095838609325908,-3.0872757106541076,2.8006612561780417,0.27909709814205835,0.7467349667497007,448
1789477406.7330651,1789477406.7326183,11.63164891652563,-12.252757864271839,0.7126280798893995,-2.908346230672039,2.724399262906908,0.3245557614291986,0.7676121916663678,448
1789477406.7431622,1789477406.7426162,11.603662437199041,-12.226051197703146,0.716051432807681,-2.7277449246230057,2.6553487955282185,0.3640142889723148,0.7872523878965278,448
1789477406.7533176,1789477406.7526248,11.577572617751292,-12.200098850562673,0.7198249446206603,-2.5449248106331113,2.59032633800833,0.3976846393050466,0.8057734582613407,448
1789477406.7633042,1789477406.762644,11.552855641052133,-12.174305161244465,0.7239826362257518,-2.3570766523679545,2.5253515335746686,0.4258549221866442,0.8234751893307708,448
1789477406.7730668,1789477406.7726173,11.530253110236057,-12.149419100068897,0.7283468595171242,-2.1709817093823016,2.4596076737645998,0.4473473645638902,0.8397680656460378,448
1789477406.7830782,1789477406.7826169,11.509435906619784,-12.125126539354277,0.732908594762479,-1.9855670146466247,2.389579075054689,0.4622976162600304,0.8548417494367633,448
1789477406.793045,1789477406.792615,11.490393947102287,-12.10147676701016,0.7376045195727258,-1.8021862357624956,2.312748710097387,0.4705173710407054,0.8686697958119978,448
1789477406.8032126,1789477406.802617,11.473533152308946,-12.079130743591543,0.7422451810217371,-1.6268143892153244,2.2292526912646786,0.47196746551731944,0.880932412052426,448
1789477406.8131413,1789477406.8126142,11.458142669179546,-12.057315619684536,0.7469422597398264,-1.4539775566636566,2.1343790984447155,0.4668783892679288,0.8921298016445514,448
1789477406.8230803,1789477406.8226154,11.444336732211775,-12.03632936496328,0.7515955778493646,-1.2863617591805103,2.0273689962896158,0.4552949084414906,0.902167934698737,448
1789477406.8330848,1789477406.8326151,11.432210336350103,-12.01653007422102,0.7560899020988413,-1.127035000013108,1.9088351185223655,0.4376784143049459,0.9109708982262452,448
1789477406.8430967,1789477406.842615,11.421697308973455,-11.998081918146672,0.7603553923880494,-0.9774161598846454,1.7794652575843475,0.41468282118599836,0.9185834246762581,448
1789477406.8533587,1789477406.8526275,11.412612606836612,-11.980942345739482,0.7643755492838313,-0.8371498824509189,1.6391090375623887,0.3868077548667715,0.9251385266096124,448
1789477406.8632188,1789477406.8626204,11.404952039911574,-11.965404970047054,0.7680601199832325,-0.7085805715255731,1.4910547669923104,0.35521533885186785,0.9306403465704789,448
1789477406.8731086,1789477406.8726168,11.398462161363648,-11.951256350210322,0.771443123792122,-0.5898522758418713,1.334582435068869,0.32019623522886376,0.935273463687623,448
1789477406.8832684,1789477406.8826468,11.393070964978817,-11.938619297478663,0.7744830310690479,-0.48188107351555454,1.1724620069351719,0.28272763463934325,0.9390927075669313,448
1789477406.8931978,1789477406.8926156,11.388766534076266,-11.927778499254682,0.7771017567986443,-0.3871163699864516,1.0112951942661466,0.2446773028564994,0.9421127521619836,448
1789477406.9033256,1789477406.9026227,11.38532413753815,-11.918471517623127,0.7793559430223659,-0.303383201119509,0.8508935545747909,0.20627990965335483,0.944499224771012,448
1789477406.9130871,1789477406.912615,11.382679253942097,-11.910799908573274,0.781216692489156,-0.2318202290731454,0.6972058268586763,0.1691699284005173,0.9463059344200353,448
1789477406.923058,1789477406.9226172,11.380662067907373,-11.904525918162195,0.7827390996517725,-0.1705712616822594,0.5503242795842924,0.13352727437084894,0.9476591675443071,448
1789477406.9331,1789477406.932613,11.379205981614877,-11.899670403116337,0.7839168437238879,-0.12036717048402246,0.4163071846743871,0.1009322007412079,0.9486146767171033,448
1789477406.9430435,1789477406.9426124,11.378209086455353,-11.896109903405437,0.7847795568265713,-0.08080628945804594,0.29922944649555294,0.07244833875408224,0.9492518712738778,448
1789477406.953237,1789477406.9526255,11.377559740047744,-11.89362855343388,0.7853798377343731,-0.050617202716501025,0.20055029674680735,0.048467246610086945,0.949654251522194,448
1789477406.9631076,1789477406.9626133,11.377171829408919,-11.892044224010089,0.7857623485742148,-0.02897176533033996,0.12266742904798811,0.029580053582634713,0.9498860972010101,448
1789477406.9730985,1789477406.9726126,11.37696042146408,-11.891122172431892,0.7859844459697094,-0.014302998172664227,0.06472734798964064,0.015568966739907153,0.9500072799425783,448
1789477406.983213,1789477406.982616,11.376864820614838,-11.890677129184043,0.7860913674468017,-0.005574516657364914,0.026954315496438674,0.0064653951427577905,0.9500595024370946,448
1789477406.9931438,1789477406.992612,11.376832974113013,-11.890519111664483,0.7861292265292317,-0.0013704436334354142,0.007076881789760847,0.001692476061253112,0.9500759786432185,448
1789477407.003146,1789477407.0026119,11.376827384987228,-11.890489654490219,0.7861362645920307,-9.148985653351094e-05,0.0005038880703640558,0.0001201397633887602,0.9500787053644757,448
1789477407.0132904,1789477407.0126495,11.37682723052333,-11.89048879630775,0.7861364691174647,-3.3306690738754696e-16,-5.329070518200751e-15,1.1102230246251565e-15,0.9500787764821208,448
1789477407.0233252,1789477407.0226166,11.37682723052333,-11.89048879630775,0.7861364691174647,-3.3306690738754696e-16,-5.329070518200751e-15,1.1102230246251565e-15,0.9500787764821208,448
1789477407.0330577,1789477407.0326114,11.37682723052333,-11.89048879630775,0.7861364691174647,-3.3306690738754696e-16,-5.329070518200751e-15,1.1102230246251565e-15,0.9500787764821208,448
1789477407.0431623,1789477407.0426118,11.37682723052333,-11.89048879630775,0.7861364691174647,-3.3306690738754696e-16,-5.329070518200751e-15,1.1102230246251565e-15,0.9500787764821208,448
1789477407.0531538,1789477407.0526125,11.37682723052333,-11.89048879630775,0.7861364691174647,-3.3306690738754696e-16,-5.329070518200751e-15,1.1102230246251565e-15,0.9500787764821208,448
1789477407.063055,1789477407.062613,11.37682723052333,-11.89048879630775,0.7861364691174647,-3.3306690738754696e-16,-5.329070518200751e-15,1.1102230246251565e-15,0.9500787764821208,448
1789477407.07314,1789477407.0726135,11.37682723052333,-11.89048879630775,0.7861364691174647,-3.3306690738754696e-16,-5.329070518200751e-15,1.1102230246251565e-15,0.9500787764821208,448
1789477407.083099,1789477407.0826652,11.37682723052333,-11.89048879630775,0.7861364691174647,-3.3306690738754696e-16,-5.329070518200751e-15,1.1102230246251565e-15,0.9500787764821208,448
1789477407.0930357,1789477407.0926192,11.37682723052333,-11.89048879630775,0.7861364691174647,-3.3306690738754696e-16,-5.329070518200751e-15,1.1102230246251565e-15,0.9500787764821208,448
1789477407.103107,1789477407.1026132,11.37682723052333,-11.89048879630775,0.7861364691174647,-3.3306690738754696e-16,-5.329070518200751e-15,1.1102230246251565e-15,0.9500787764821208,448
1789477407.11309,1789477407.1126146,11.37682723052333,-11.89048879630775,0.7861364691174647,-3.3306690738754696e-16,-5.329070518200751e-15,1.1102230246251565e-15,0.9500787764821208,448
1789477407.1230633,1789477407.122615,11.37682723052333,-11.89048879630775,0.7861364691174647,-3.3306690738754696e-16,-5.329070518200751e-15,1.1102230246251565e-15,0.9500787764821208,448
1789477407.133058,1789477407.1326125,11.37682723052333,-11.89048879630775,0.7861364691174647,-3.3306690738754696e-16,-5.329070518200751e-15,1.1102230246251565e-15,0.9500787764821208,448
1789477407.1431508,1789477407.1426122,11.37682723052333,-11.89048879630775,0.7861364691174647,-3.3306690738754696e-16,-5.329070518200751e-15,1.1102230246251565e-15,0.9500787764821208,448
1789477407.1532245,1789477407.1526146,11.37682723052333,-11.89048879630775,0.7861364691174647,-3.3306690738754696e-16,-5.329070518200751e-15,1.1102230246251565e-15,0.9500787764821208,448
1789477407.1631393,1789477407.1626124,11.37682723052333,-11.89048879630775,0.7861364691174647,-3.3306690738754696e-16,-5.329070518200751e-15,1.1102230246251565e-15,0.9500787764821208,448
1789477407.1730917,1789477407.172613,11.37682723052333,-11.89048879630775,0.7861364691174647,-3.3306690738754696e-16,-5.329070518200751e-15,1.1102230246251565e-15,0.9500787764821208,448
1789477407.1831334,1789477407.1826117,11.37682723052333,-11.89048879630775,0.7861364691174647,-3.3306690738754696e-16,-5.329070518200751e-15,1.1102230246251565e-15,0.9500787764821208,448
1789477407.1931334,1789477407.1926117,11.37682723052333,-11.89048879630775,0.7861364691174647,-3.3306690738754696e-16,-5.329070518200751e-15,1.1102230246251565e-15,0.9500787764821208,448
1789477407.2031267,1789477407.202612,11.37682723052333,-11.89048879630775,0.7861364691174647,-3.3306690738754696e-16,-5.329070518200751e-15,1.1102230246251565e-15,0.9500787764821208,448
1789477407.2130082,1789477407.212611,11.37682723052333,-11.89048879630775,0.7861364691174647,-3.3306690738754696e-16,-5.329070518200751e-15,1.1102230246251565e-15,0.9500787764821208,448
1789477407.2230678,1789477407.2226112,11.37682723052333,-11.89048879630775,0.7861364691174647,-3.3306690738754696e-16,-5.329070518200751e-15,1.1102230246251565e-15,0.9500787764821208,448
1789477407.2331157,1789477407.2326107,11.37682723052333,-11.89048879630775,0.7861364691174647,-3.3306690738754696e-16,-5.329070518200751e-15,1.1102230246251565e-15,0.9500787764821208,448
1789477407.243078,1789477407.2426288,11.37682723052333,-11.89048879630775,0.7861364691174647,-3.3306690738754696e-16,-5.329070518200751e-15,1.1102230246251565e-15,0.9500787764821208,448
1789477407.2531748,1789477407.2526085,11.37682723052333,-11.89048879630775,0.7861364691174647,-3.3306690738754696e-16,-5.329070518200751e-15,1.1102230246251565e-15,0.9500787764821208,448
1789477407.2631097,1789477407.2626135,11.37682723052333,-11.89048879630775,0.7861364691174647,-3.3306690738754696e-16,-5.329070518200751e-15,1.1102230246251565e-15,0.9500787764821208,448
1789477407.2730725,1789477407.2726095,11.37682723052333,-11.89048879630775,0.7861364691174647,-3.3306690738754696e-16,-5.329070518200751e-15,1.1102230246251565e-15,0.9500787764821208,448
1789477407.2831237,1789477407.2826083,11.37682723052333,-11.89048879630775,0.7861364691174647,-3.3306690738754696e-16,-5.329070518200751e-15,1.1102230246251565e-15,0.9500787764821208,448
1789477407.2931287,1789477407.2926292,11.312017675026278,-11.817608816918252,0.8063664591650157,-1.0468414459237705,0.9919627111372339,0.5147625934904922,1.0089180454073468,448
1789477407.3032176,1789477407.302632,11.300966260878473,-11.807085611443048,0.8117909195619888,-1.1603424958111335,1.1101278611189753,0.5685214954969935,1.019320847827255,448
1789477407.3132873,1789477407.3126268,11.288863429462259,-11.795449232883781,0.8177094673095228,-1.2760901069861743,1.232825477536404,0.6228518585303955,1.030769040505945,448
1789477407.3235958,1789477407.3226883,11.275207896077722,-11.782188048842245,0.8243606466665104,-1.3977270237906387,1.3642537742524834,0.6793686209368586,1.0437573271493887,448
1789477407.3341067,1789477407.3327043,11.260618884887199,-11.76787428641312,0.8314360905050923,-1.5188187963613724,1.497753273260277,0.7349928358753862,1.0577186460448496,448
1789477407.3431222,1789477407.3426535,11.244755684014883,-11.752147584273771,0.8390946017414618,-1.6416338079850503,1.6360236384103906,0.7906950629496634,1.0730008039064858,448
1789477407.3532887,1789477407.3526597,11.227846574669158,-11.735205320297492,0.8472186370914833,-1.7637963516749242,1.7766189851569958,0.8453152378814688,1.0894086203440172,448
1789477407.3632727,1789477407.3626199,11.209745095999093,-11.716871819075612,0.8558709044067031,-1.8858729922373132,1.9203915003846868,0.8990269950709908,1.1071101737379316,448
1789477407.3731966,1789477407.3726122,11.209745095999093,-11.716871819075612,0.8558709044067031,-1.8858729922373132,1.9203915003846868,0.8990269950709908,1.1071101737379316,448
1789477407.3831222,1789477407.38261,11.16945121983614,-11.675363324118612,0.8749658877985906,-2.1304833083881363,2.2194767426945736,1.0035965833811284,1.1470289616633718,448
1789477407.39312,1789477407.3926282,11.147518240055852,-11.652378598404555,0.8852638107963139,-2.250242168586614,2.371960260061374,1.0530364277677604,1.1690604017159374,448
1789477407.4030964,1789477407.4026074,11.124738098935897,-11.628222825111687,0.8958871615349782,-2.3660216095168196,2.523713367250041,1.0995203120728827,1.1921711852698613,448
1789477407.4130628,1789477407.4126086,11.100316480720144,-11.602011259614054,0.9071931120812436,-2.4813746438870203,2.679658534471069,1.1443467327139292,1.2172077191755117,448
1789477407.4229827,1789477407.4226089,11.074918730484054,-11.5744106256173,0.9188584786055256,-2.592620870274896,2.835132913394827,1.1859352564634922,1.2435329015552163,448
1789477407.4331212,1789477407.4326081,11.048427480610627,-11.54525443188232,0.9309235940763682,-2.7000368939125337,2.990666654538731,1.2242851760709674,1.2713064871010777,448
1789477407.4431198,1789477407.4426093,11.020872045034489,-11.51453180385526,0.9433596950910084,-2.803222887775796,3.145860106902272,1.2591305418596686,1.300539310791776,448
1789477407.4531527,1789477407.4526181,10.992431018320607,-11.482400734141228,0.9560706215671061,-2.901323709109949,3.299546231799501,1.2900724379250605,1.3310814534056874,448
1789477407.4632287,1789477407.4626086,10.963085087822783,-11.448799386309068,0.9690490227815757,-2.994283742393014,3.4517104751972347,1.3169921285957513,1.362991792390512,448
1789477407.4730222,1789477407.472609,10.963085087822783,-11.448799386309068,0.9690490227815757,-2.994283742393014,3.4517104751972347,1.3169921285957513,1.362991792390512,448
1789477407.4830499,1789477407.4826083,10.90094761385728,-11.3761449026235,0.996049435065366,-3.1660583634729162,3.7543153510412814,1.358510171821571,1.4319007645869313,448
1789477407.4930358,1789477407.4926088,10.86907670819143,-11.338079948869517,1.0096323399253502,-3.2421384306043484,3.900031307128607,1.3722195222909706,1.4679590843634025,448
1789477407.5030966,1789477407.5026085,10.83635399960186,-11.298427357408382,1.0233805132209701,-3.312488652955255,4.043433694092261,1.3812859333185377,1.5054904960264794,448
1789477407.513131,1789477407.5126073,10.803072389521747,-11.257498598757795,1.0371489867647214,-3.3764636653688056,4.183152689013942,1.3855286930493504,1.5441970710073303,448
1789477407.5231423,1789477407.5226223,10.769032036600263,-11.215004364924498,1.0509972417643676,-3.43445905603655,4.31994900549076,1.3848854484105468,1.5843486745227517,448
1789477407.5332487,1789477407.5326135,10.734373849827811,-11.171072833223521,1.0648418603253345,-3.4862226077192537,4.453143535601662,1.379249120306143,1.625819681205137,448
1789477407.5431843,1789477407.5426092,10.6993411169163,-11.125973376046895,1.0785614646922188,-3.531496163123509,4.581770250648774,1.3686238774680521,1.6683513447459055,448
1789477407.5533087,1789477407.5526216,10.663454470852098,-11.079040459932571,1.0923141925147608,-3.5709342549029928,4.707479192537612,1.3527727093713688,1.7125659227268804,448
1789477407.563301,1789477407.5626147,10.628271086141394,-11.032293912741213,1.105485509944879,-3.6031582939960343,4.824952678157882,1.3325038295872758,1.7565570780341675,448
1789477407.5730782,1789477407.572618,10.628271086141394,-11.032293912741213,1.105485509944879,-3.6031582939960343,4.824952678157882,1.3325038295872758,1.7565570780341675,448
1789477407.5831504,1789477407.5826118,10.55515613473998,-10.932773098265194,1.131794652576524,-3.651235625470026,5.051407051642738,1.2759961079742972,1.850049461295398,448
1789477407.593107,1789477407.5926094,10.518355061316914,-10.881438943294736,1.1444524291281375,-3.6665241393736387,5.156613442664353,1.2404825702662352,1.8981871443647391,448
1789477407.6031234,1789477407.602609,10.481718035108445,-10.82948864863578,1.1566345631969415,-3.6763001165562716,5.255646727414467,1.2006014777518872,1.9468430695113332,448
1789477407.6133344,1789477407.6126227,10.445219649423619,-10.776883330778327,1.1683301361763674,-3.680993963945131,5.348722385278197,1.156511241197618,1.996053001044076,448
1789477407.6231258,1789477407.6226091,10.408255875935971,-10.722728351702303,1.1797001873999502,-3.6809819063442433,5.43736778333809,1.1075579465045164,2.0344758959236,449
1789477407.6330748,1789477407.6326072,10.371420778036509,-10.667870892287082,1.190527257817975,-3.676574537994764,5.520130670778089,1.0546095394581982,1.9781780538033973,449
1789477407.6431334,1789477407.642607,10.334945695438494,-10.612664144485423,1.2007240380077557,-3.6682679321101723,5.5966393559545295,0.9982269646368289,1.9224421996296706,449
1789477407.6530979,1789477407.6526062,10.298468818052244,-10.556567161956387,1.2103689216162177,-3.6564308998933424,5.667761459673663,0.9380647454120954,1.8667597622377337,449
1789477407.6632786,1789477407.6626236,10.262135867096775,-10.499806161563345,1.2193951421170104,-3.641539023000133,5.733266230822592,0.8745535409512915,1.8114024479316415,449
1789477407.6731765,1789477407.6726065,10.225363102485936,-10.441459307948334,1.2279073828205107,-3.623752283611662,5.79415871532209,0.8068182260067571,1.7555388835627093,449
1789477407.6831546,1789477407.682605,10.189054110784596,-10.382967039133057,1.2356634515323517,-3.6039650941666466,5.848963786413156,0.7367337880470917,1.7006040755902752,449
1789477407.693201,1789477407.6926074,10.153418810357719,-10.324719817171019,1.2426159151475376,-3.5828561757616164,5.897628259848002,0.6650764049115505,1.6469718129313944,449
1789477407.703138,1789477407.7026076,10.117908528229218,-10.265866253746255,1.2488618067574258,-3.5606295278281337,5.941091248213121,0.5910796559424121,1.5938784754212763,449
1789477407.7129846,1789477407.712607,10.082413212035856,-10.206253109131794,1.2543931037893288,-3.537713748106885,5.979540713170332,0.5147944243151805,1.5412351231350736,449
1789477407.723053,1789477407.7226067,10.0469122346864,-10.145878523757721,1.2591828799055242,-3.5146060258797314,6.013032429108853,0.4364700489076672,1.4890952726066362,449
1789477407.73305,1789477407.732605,10.011720162722266,-10.08532789890795,1.2631698479259406,-3.492031952211941,6.041374386178428,0.3571431916952615,1.4380036666533358,449
1789477407.743131,1789477407.742606,9.977270775617278,-10.025426879807984,1.2663138852198803,-3.4707603460867396,6.064484852346598,0.27819616072515185,1.388654457087363,449
1789477407.7534974,1789477407.7526362,9.942656603278904,-9.964670398755764,1.268695342376637,-3.4507131454171276,6.08315436384478,0.19793347372006143,1.3398254999624717,449
1789477407.763252,1789477407.7626064,9.908106046407603,-9.90352328444772,1.2702774670268506,-3.4325242546612658,6.097321044594679,0.11725371192013016,1.291939925390837,449
1789477407.7730782,1789477407.7726142,9.908106046407603,-9.90352328444772,1.2702774670268506,-3.4325242546612658,6.097321044594679,0.11725371192013016,1.291939925390837,449
1789477407.7830873,1789477407.782621,9.84009347280252,-9.78199232247648,1.2710258562953163,-3.4038830116069367,6.1125667384173346,-0.041674894948322334,1.2005569822336195,449
1789477407.793126,1789477407.792602,9.806083461363661,-9.720813267779308,1.2702139999349114,-3.393976335903818,6.114149040209609,-0.12040773327633035,1.1564855361436135,449
1789477407.8031702,1789477407.8026247,9.77174686288297,-9.658900321594972,1.2685961736371218,-3.387474774404713,6.111860062660352,-0.1988472023712945,1.1132170767784957,449
1789477407.813066,1789477407.8126247,9.738196089719517,-9.59836303776263,1.2662516739800216,-3.3848333286515797,6.106019643673226,-0.27407626264358576,1.0722162438122784,449
1789477407.8232083,1789477407.8226244,9.70396279266362,-9.53665916772458,1.2630994680371979,-3.3861817302621082,6.096578302056621,-0.34899869357678315,1.0317656638350394,449
1789477407.8332868,1789477407.8326008,9.669981392077617,-9.475582679926779,1.2592359571981393,-3.3917558856270738,6.083932059176794,-0.42115885156675503,0.9930702934487363,449
1789477407.8433695,1789477407.8425996,9.63602040299219,-9.414823690206218,1.2546747791230708,-3.401669348016769,6.068250618883719,-0.4907239755835413,0.9559143589631534,449
1789477407.8533907,1789477407.8526373,9.60191772427086,-9.354200029489387,1.2494276544620988,-3.416046589502645,6.049669593067747,-0.5576917293668305,0.9201837018977885,449
1789477407.863384,1789477407.8626266,9.567836994721944,-9.294106586477795,1.243558780994053,-3.43482249654754,6.028495771138762,-0.6214417756269628,0.8861019388973403,449
1789477407.8732238,1789477407.8726249,9.567836994721944,-9.294106586477795,1.243558780994053,-3.43482249654754,6.028495771138762,-0.6214417756269628,0.8861019388973403,449
1789477407.8834422,1789477407.882629,9.498439637062502,-9.173646250442507,1.229874725034309,-3.4862288867429214,5.978300564444381,-0.7404849219231077,0.8218484509388775,449
1789477407.8932781,1789477407.8926265,9.463737653739024,-9.11454139877832,1.2222676171887077,-3.5181662409561874,5.950117106249831,-0.7942310694180408,0.7923385118378983,449
1789477407.903164,1789477407.9026096,9.428020456757967,-9.054597035596789,1.2139842427103609,-3.554995569718204,5.9192821242631295,-0.8453542999346825,0.7637914589360366,449
1789477407.91301,1789477407.9126234,9.392684347873649,-8.99624166883611,1.2053958222168792,-3.595032368364589,5.887175707623541,-0.8916785939001001,0.7373603246255986,449
1789477407.9232483,1789477407.922636,9.356578168675705,-8.937640449823974,1.1962767486182908,-3.6392376704744462,5.852939179400397,-0.9346227922035101,0.7121927047173098,449
1789477407.9330766,1789477407.9326262,9.319641061152774,-8.878802993993846,1.1866504110469036,-3.6874527932262295,5.81662274541981,-0.9739899512078019,0.688339141878247,449
1789477407.943163,1789477407.942624,9.282735892774458,-8.821166766793201,1.1767920950193047,-3.7381655983691244,5.779217933706278,-1.0087801899184183,0.6663805064391681,449
1789477407.9534523,1789477407.9526234,9.244599929878616,-8.76283151942167,1.1664126428349593,-3.7927130019026167,5.739561428301603,-1.0400713041339975,0.645612084019765,449
1789477407.9632454,1789477407.9626236,9.207088695880836,-8.70666779786376,1.1560675209993678,-3.847974418393351,5.699703765060634,-1.0663713036596656,0.6270413298146194,449
1789477407.9730687,1789477407.9726229,9.167896333326624,-8.64926708345446,1.145169032678007,-3.906869820888778,5.65728769337983,-1.089284149035589,0.6095513409821067,449
1789477407.9831662,1789477407.9826276,9.128989314924128,-8.593560167095774,1.1343085129793158,-3.965972743423603,5.614504887133677,-1.1076159782128978,0.594066102024043,449
1789477407.9931715,1789477407.9926155,9.089005006177954,-8.537607700160214,1.1231507001472087,-4.02683637397009,5.569921105496262,-1.1220991673488483,0.5800420037200105,449
1789477408.0032737,1789477408.00261,9.0486727744789,-8.482464543181749,1.111941464826202,-4.08783621971162,5.524379256310316,-1.132476862502278,0.5677769979889575,449
1789477408.0131063,1789477408.012605,9.007409223617124,-8.42735187301398,1.1005596207232407,-4.149323690364309,5.477235571631423,-1.1389547802971216,0.5571230743997913,449
1789477408.0231395,1789477408.0226026,8.964676547396028,-8.371615356925666,1.0889006796620124,-4.211452969924373,5.427649151356524,-1.1415312981597858,0.5480458038523055,449
1789477408.0331254,1789477408.0326028,8.922762494088373,-8.31822626614691,1.0776211842398036,-4.2692462797581845,5.374086863196853,-1.1402654632797014,0.5410092317266337,449
1789477408.0431063,1789477408.0426033,8.879766137341909,-8.264767156952567,1.0662320607336448,-4.322864600110745,5.307626647415685,-1.1353261074028258,0.5356221799546868,449
1789477408.0532014,1789477408.052615,8.835861283636794,-8.21156768077935,1.054805750617075,-4.369653285754335,5.223732977205059,-1.1266697396361909,0.5319188053118398,449
1789477408.0632422,1789477408.0626032,8.792198872775044,-8.160088684547892,1.0436546222062903,-4.406595218551413,5.122459434708659,-1.114565989366582,0.5299052070168733,449
1789477408.0731099,1789477408.0726047,8.748398417725193,-8.109911673679221,1.0326855394782326,-4.432779177772865,5.002854284500087,-1.0989914655839195,0.5294185318494691,449
1789477408.0831318,1789477408.0826023,8.748398417725193,-8.109911673679221,1.0326855394782326,-4.432779177772865,5.002854284500087,-1.0989914655839195,0.5294185318494691,449
1789477408.0930557,1789477408.0926023,8.65902040623994,-8.012173617636085,1.0109895031803753,-4.448405313194786,4.708043639519163,-1.056610934587612,0.5326174292777679,449
1789477408.1031055,1789477408.1026018,8.614698144846372,-7.9660337324581665,1.0005780948654759,-4.4357438913021365,4.54102975294379,-1.0302652997011625,0.5360287467132521,449
1789477408.1131053,1789477408.1126013,8.570236725783063,-7.921276277891047,0.9903705321895687,-4.408544532170457,4.363350444793974,-1.000208143455987,0.540518079201757,449
1789477408.1231005,1789477408.1225998,8.526570422170735,-7.878764740938011,0.9805815899071489,-4.367092845471264,4.181974526080627,-0.9670691745564823,0.5458862198133787,449
1789477408.1331384,1789477408.1326008,8.48331569576425,-7.838001415249285,0.9711228897627636,-4.311039613414888,3.998626475552107,-0.9306123068000565,0.552086871400145,449
1789477408.1430058,1789477408.142601,8.440116268440866,-7.798540441866449,0.961922295349926,-4.239544976756141,3.8148813885700354,-0.8904913769788209,0.5591321357240118,449
1789477408.1531985,1789477408.1525993,8.39849774940438,-7.761597719062958,0.9533025141490475,-4.155363653191746,3.6400603699508127,-0.8482255404170772,0.5667323094832732,449
1789477408.1631427,1789477408.1625955,8.357180823632039,-7.725835160860882,0.9449962047960445,-4.056235812819131,3.4712475681895505,-0.8026514291044217,0.575105516263541,449
1789477408.173169,1789477408.1726086,8.357180823632039,-7.725835160860882,0.9449962047960445,-4.056235812819131,3.4712475681895505,-0.8026514291044217,0.575105516263541,449
1789477408.1831048,1789477408.1825993,8.278476090596794,-7.659624056643367,0.9299307974400555,-3.8214844434417423,3.1713584878344827,-0.705484062549189,0.59364363181423,449
1789477408.1930923,1789477408.1926012,8.24090938648695,-7.628556216300091,0.9231282183231595,-3.6864852412669107,3.0416799045279506,-0.6541479221821085,0.6039154372848174,449
1789477408.2031596,1789477408.2026181,8.205351942145228,-7.599213663645417,0.9169486735305723,-3.543793499026675,2.928516143454879,-0.6025211859111779,0.6146766985703545,449
1789477408.2132459,1789477408.2126105,8.170655194300586,-7.570425210135115,0.9111855302507792,-3.389500200180658,2.8276938450926523,-0.5492573564459942,0.6263291675882294,449
1789477408.2231917,1789477408.222605,8.137224964525421,-7.542306369382203,0.9059080996067387,-3.2255741697244686,2.7396213843077053,-0.49522611271531825,0.6388364100620696,449
1789477408.2330782,1789477408.2326007,8.10584119087186,-7.515322966074649,0.901226858880984,-3.0567635052783206,2.664556489969914,-0.4420971831676229,0.6519422179374119,449
1789477408.2429793,1789477408.2426004,8.076133518322703,-7.489003872186398,0.8970675313494557,-2.8822774085232865,2.5991898238534166,-0.3897115232258286,0.6658003566080497,449
1789477408.2530382,1789477408.2526057,8.047999657954618,-7.463118648570345,0.8934016983443631,-2.702368091236839,2.5406016115935834,-0.33831531280435806,0.6804757365934193,449
1789477408.2631762,1789477408.2626038,8.02222871099272,-7.438327374252953,0.8903058999059652,-2.5235032203264933,2.487364778894407,-0.2898414951707179,0.6954923093694831,449
1789477408.2731793,1789477408.2726023,8.02222871099272,-7.438327374252953,0.8903058999059652,-2.5235032203264933,2.487364778894407,-0.2898414951707179,0.6954923093694831,449
1789477408.28312,1789477408.2826006,7.9754423509629095,-7.389677045116681,0.8854380512986705,-2.1580215686650135,2.3792959889215775,-0.19913797851624024,0.7275737526814532,449
1789477408.2930968,1789477408.2926054,7.95450330273305,-7.365864894505244,0.8836315936961877,-1.9738685683416946,2.3180286733212387,-0.15789008053420273,0.7444511647585603,449
1789477408.3031216,1789477408.3026001,7.935877872527078,-7.34328868366012,0.8822556525297601,-1.7968607638841338,2.2504134972852254,-0.12124248701742406,0.7611032259730237,449
1789477408.3131335,1789477408.3125992,7.918782533315504,-7.321158535991435,0.8812123479183969,-1.621396210380059,2.171745506085576,-0.0879893809787102,0.777995106038349,449
1789477408.3231888,1789477408.3226182,7.903210185825558,-7.299575016966235,0.880473048839402,-1.448524323808619,2.0797177205149517,-0.05842063617458834,0.7949700398720423,449
1789477408.333066,1789477408.3326182,7.889514839458192,-7.279229661254674,0.8800160344331381,-1.2839235949072474,1.9756132081624018,-0.03342829607500175,0.8113880802005387,449
1789477408.343063,1789477408.3426182,7.877589674425332,-7.2602513770720885,0.8797902323535917,-1.1287049999241643,1.8597855453185597,-0.012911447683760183,0.8270400879769908,449
1789477408.3532574,1789477408.3526282,7.866949549637314,-7.242109183694225,0.8797481243654495,-0.9784094202615277,1.7283489739487035,0.0038879586943287997,0.8422854106793496,449
1789477408.3632445,1789477408.3626404,7.857942640624922,-7.225661260970429,0.8798520232360941,-0.8399974350301379,1.587673295508584,0.016439376331479842,0.8563310789806611,449
1789477408.3731,1789477408.3726046,7.857942640624922,-7.225661260970429,0.8798520232360941,-0.8399974350301379,1.587673295508584,0.016439376331479842,0.8563310789806611,449
1789477408.3831146,1789477408.3826046,7.843727862650735,-7.197023327682805,0.8803474491010137,-0.5914958875090962,1.2772453713219198,0.03095961935504312,0.8812627626033849,449
1789477408.3931677,1789477408.3926046,7.838316880495666,-7.184959965260433,0.8806755537609245,-0.4822919969493055,1.1119484808990157,0.03356342956684516,0.8919385459396132,449
1789477408.4031372,1789477408.4026175,7.833999221892949,-7.17469442557596,0.881012163722761,-0.3859033165739646,0.9478582630615657,0.03359192403791758,0.9011034105653994,449
1789477408.4131088,1789477408.4125934,7.8305648891942345,-7.166001046215327,0.8813405959139998,-0.30056090711279987,0.7856626594528351,0.0315684217207631,0.9089235032277099,449
1789477408.4230118,1789477408.4225917,7.82796233721611,-7.158999093904565,0.8816363394282659,-0.22801262167424274,0.6327790136028828,0.02807632458342975,0.915263282327929,449
1789477408.4330952,1789477408.4325929,7.825999928081984,-7.15339692259857,0.8818953152588563,-0.16603991395182113,0.48884209592232875,0.0235528319078743,0.9203644413263592,449
1789477408.4432023,1789477408.4426224,7.824596398269741,-7.149149927099861,0.8821069968405879,-0.11511726402058012,0.35908628851292046,0.01853585614181183,0.9242509551546458,449
1789477408.4532242,1789477408.4526277,7.823655248746557,-7.146136187063614,0.8822669916084834,-0.07522413705369675,0.24813224105580822,0.013570898913733448,0.9270209836832848,449
1789477408.463156,1789477408.4626205,7.8230604259794125,-7.1441239684881905,0.8823796787616838,-0.04510540913696885,0.15713314732115258,0.009030903454038869,0.9288776255370244,449
1789477408.4730995,1789477408.4726171,7.822721344199255,-7.142913958201113,0.8824506218242824,-0.023925996937963587,0.08790288096940424,0.005272856394278269,0.9299979264429554,449
1789477408.483017,1789477408.4826057,7.822556441916879,-7.142294447333694,0.8824884012968663,-0.010629994354450827,0.04109438710808089,0.002556961188600382,0.9305732639563424,449
1789477408.493377,1789477408.4926252,7.822490733719156,-7.1420350724663155,0.8825047654887715,-0.003251568748263119,0.01322664453999245,0.0008505111075226557,0.9308148060533221,449
1789477408.5031588,1789477408.502623,7.208636888886906,-6.697308456253575,0.8474303423052207,-1.0639331718427465,0.85710035903382,0.029082106788409112,1.3388032243716443,449
1789477408.5134377,1789477408.5126815,7.1987321536664135,-6.6893291943200035,0.8477212754976203,-0.9413430408277726,0.758368389212755,0.029634899682647806,1.347455014584967,449
1789477408.523721,1789477408.5226607,7.189729027814482,-6.682075537066487,0.8480232405664304,-0.8211925825395423,0.6616851355943776,0.029298943398047117,1.3553484432013354,449
1789477408.533146,1789477408.5326202,7.182120220969427,-6.675943853538092,0.8483095895704237,-0.7113991502484078,0.573382845467544,0.02822150354080681,1.3620417617469034,449
1789477408.5432522,1789477408.5426073,7.175515609855728,-6.670619585293194,0.8485843148544757,-0.6081344639284342,0.49034990262404476,0.026520932351973642,1.367868974971909,449
1789477408.553242,1789477408.5525982,7.16999620227215,-6.666168143582892,0.8488352216245674,-0.5143385949961804,0.41492748063481155,0.024379699623903517,1.3727516495337428,449
1789477408.5632334,1789477408.5625973,7.165310831051135,-6.662387287442088,0.8490658662171772,-0.42747377182765434,0.3450590488713189,0.021867561607220365,1.3769063359265012,449
1789477408.573181,1789477408.572596,7.161364013953641,-6.659200331000161,0.8492749687824348,-0.3471292448103185,0.280403005208813,0.019064917969874473,1.3804136971972376,449
1789477408.583099,1789477408.5825973,7.158259322011458,-6.656691513538686,0.849450881401708,-0.2773159574353262,0.224183053173302,0.016228713535898942,1.383178074236724,449
1789477408.5930233,1789477408.5925968,7.1558273800906385,-6.654724741508727,0.8495972872249629,-0.21659251433176885,0.17524167224906395,0.013431599806622785,1.3853471845517382,449
1789477408.6031346,1789477408.6025963,7.153913848156803,-6.653175851255325,0.8497191582087875,-0.16305099726347794,0.13204548073307532,0.010682756075288957,1.3870566073130495,449
1789477408.6130247,1789477408.6125953,7.1525102359999995,-6.652038619780859,0.8498133865199614,-0.11853138615828174,0.09608687834773644,0.008168678945862318,1.3883123321563278,449
1789477408.6232603,1789477408.622597,7.1515294920165555,-6.651243203615729,0.8498824826633499,-0.08287314499114529,0.06724981394796425,0.005981139085707965,1.3891909129599247,449
1789477408.6332908,1789477408.632608,7.15084617300308,-6.650688420342621,0.8499328449153586,-0.053906203673175,0.043792471125647436,0.004067498159020078,1.389803818856386,449
1789477408.6432812,1789477408.6425965,7.1504221107877175,-6.65034373952294,0.8499654613643647,-0.03243329783817872,0.02637854140532614,0.0025502056113706484,1.3901846433456315,449
1789477408.6531713,1789477408.6525993,7.150177213409605,-6.650144453154277,0.8499850642353817,-0.017146088086500644,0.01396209572477991,0.0014022228663702618,1.390404827959967,449
1789477408.6631494,1789477408.6625967,7.150058568000519,-6.6500477885737155,0.8499949241168532,-0.007572478535871507,0.006173900264945242,0.0006423122678856918,1.3905116235133388,449
1789477408.673058,1789477408.672594,7.150058568000519,-6.6500477885737155,0.8499949241168532,-0.007572478535871507,0.006173900264945242,0.0006423122678856918,1.3905116235133388,449
1789477408.6831117,1789477408.6825929,7.150000806727909,-6.650000659630344,0.8499999262765968,-0.00031248079307699683,0.000255433064074051,2.8369346467105316e-05,1.390563685963634,449
1789477408.693123,1789477408.6925952,7.150000000001232,-6.650000000001007,0.8499999999998846,-1.373338687216119e-08,1.1241160891017898e-08,1.2860432718753145e-09,1.3905644144991256,449
1789477408.7031064,1789477408.7025952,7.150000000000001,-6.650000000000001,0.8499999999999998,7.993605777301127e-15,-8.881784197001252e-16,3.1086244689504383e-15,1.3905644145002363,449
1789477408.7130928,1789477408.712593,7.150000000000001,-6.650000000000001,0.8499999999999998,7.993605777301127e-15,-8.881784197001252e-16,3.1086244689504383e-15,1.3905644145002363,449
1789477408.7230773,1789477408.7226174,7.150000000000001,-6.650000000000001,0.8499999999999998,7.993605777301127e-15,-8.881784197001252e-16,3.1086244689504383e-15,1.3905644145002363,449
1789477408.7331812,1789477408.732603,7.150000000000001,-6.650000000000001,0.8499999999999998,7.993605777301127e-15,-8.881784197001252e-16,3.1086244689504383e-15,1.3905644145002363,449
1789477408.7430544,1789477408.742601,7.150000000000001,-6.650000000000001,0.8499999999999998,7.993605777301127e-15,-8.881784197001252e-16,3.1086244689504383e-15,1.3905644145002363,449
1789477408.7531946,1789477408.7526138,7.150000000000001,-6.650000000000001,0.8499999999999998,7.993605777301127e-15,-8.881784197001252e-16,3.1086244689504383e-15,1.3905644145002363,449
1789477408.763135,1789477408.762614,7.150000000000001,-6.650000000000001,0.8499999999999998,7.993605777301127e-15,-8.881784197001252e-16,3.1086244689504383e-15,1.3905644145002363,449
1789477408.7730205,1789477408.7726135,7.150000000000001,-6.650000000000001,0.8499999999999998,7.993605777301127e-15,-8.881784197001252e-16,3.1086244689504383e-15,1.3905644145002363,449
1789477408.783052,1789477408.782595,7.150000000000001,-6.650000000000001,0.8499999999999998,7.993605777301127e-15,-8.881784197001252e-16,3.1086244689504383e-15,1.3905644145002363,449
1789477408.7931466,1789477408.7925963,7.150000000000001,-6.650000000000001,0.8499999999999998,7.993605777301127e-15,-8.881784197001252e-16,3.1086244689504383e-15,1.3905644145002363,449
1789477408.803068,1789477408.8025947,7.150000000000001,-6.650000000000001,0.8499999999999998,7.993605777301127e-15,-8.881784197001252e-16,3.1086244689504383e-15,1.3905644145002363,449
1789477408.8130808,1789477408.8125944,7.150000000000001,-6.650000000000001,0.8499999999999998,7.993605777301127e-15,-8.881784197001252e-16,3.1086244689504383e-15,1.3905644145002363,449
1789477408.8231552,1789477408.8226035,7.150000000000001,-6.650000000000001,0.8499999999999998,7.993605777301127e-15,-8.881784197001252e-16,3.1086244689504383e-15,1.3905644145002363,449
1789477408.8330467,1789477408.8325953,7.150000000000001,-6.650000000000001,0.8499999999999998,7.993605777301127e-15,-8.881784197001252e-16,3.1086244689504383e-15,1.3905644145002363,449
1789477408.8431058,1789477408.842594,7.150000000000001,-6.650000000000001,0.8499999999999998,7.993605777301127e-15,-8.881784197001252e-16,3.1086244689504383e-15,1.3905644145002363,449
1789477408.8531559,1789477408.8525977,7.150000000000001,-6.650000000000001,0.8499999999999998,7.993605777301127e-15,-8.881784197001252e-16,3.1086244689504383e-15,1.3905644145002363,449
1789477408.863429,1789477408.8625984,7.150000000000001,-6.650000000000001,0.8499999999999998,7.993605777301127e-15,-8.881784197001252e-16,3.1086244689504383e-15,1.3905644145002363,449
1789477408.872862,1789477408.872594,7.150000000000001,-6.650000000000001,0.8499999999999998,7.993605777301127e-15,-8.881784197001252e-16,3.1086244689504383e-15,1.3905644145002363,449
1789477408.882958,1789477408.8825948,7.150000000000001,-6.650000000000001,0.8499999999999998,7.993605777301127e-15,-8.881784197001252e-16,3.1086244689504383e-15,1.3905644145002363,449
1789477408.8931706,1789477408.8925931,7.150000000000001,-6.650000000000001,0.8499999999999998,7.993605777301127e-15,-8.881784197001252e-16,3.1086244689504383e-15,1.3905644145002363,449
1789477408.90297,1789477408.9025931,7.150000000000001,-6.650000000000001,0.8499999999999998,7.993605777301127e-15,-8.881784197001252e-16,3.1086244689504383e-15,1.3905644145002363,449
1789477408.9129968,1789477408.912591,7.150000000000001,-6.650000000000001,0.8499999999999998,7.993605777301127e-15,-8.881784197001252e-16,3.1086244689504383e-15,1.3905644145002363,449
1789477408.9228942,1789477408.9225984,7.150000000000001,-6.650000000000001,0.8499999999999998,7.993605777301127e-15,-8.881784197001252e-16,3.1086244689504383e-15,1.3905644145002363,449
1789477408.9329817,1789477408.9325948,7.150000000000001,-6.650000000000001,0.8499999999999998,7.993605777301127e-15,-8.881784197001252e-16,3.1086244689504383e-15,1.3905644145002363,449
1789477408.9429333,1789477408.942593,7.150000000000001,-6.650000000000001,0.8499999999999998,7.993605777301127e-15,-8.881784197001252e-16,3.1086244689504383e-15,1.3905644145002363,449
1789477408.953054,1789477408.952594,7.150000000000001,-6.650000000000001,0.8499999999999998,7.993605777301127e-15,-8.881784197001252e-16,3.1086244689504383e-15,1.3905644145002363,449
1789477408.9631073,1789477408.962594,7.150000000000001,-6.650000000000001,0.8499999999999998,7.993605777301127e-15,-8.881784197001252e-16,3.1086244689504383e-15,1.3905644145002363,449
1789477408.9729435,1789477408.9725957,7.150000000000001,-6.650000000000001,0.8499999999999998,7.993605777301127e-15,-8.881784197001252e-16,3.1086244689504383e-15,1.3905644145002363,449
1789477408.9829524,1789477408.982595,7.150000000000001,-6.650000000000001,0.8499999999999998,7.993605777301127e-15,-8.881784197001252e-16,3.1086244689504383e-15,1.3905644145002363,449
1789477408.992983,1789477408.9925926,7.150000000000001,-6.650000000000001,0.8499999999999998,7.993605777301127e-15,-8.881784197001252e-16,3.1086244689504383e-15,1.3905644145002363,449
1789477409.0029771,1789477409.0025928,7.150000000000001,-6.650000000000001,0.8499999999999998,7.993605777301127e-15,-8.881784197001252e-16,3.1086244689504383e-15,1.3905644145002363,449
1789477409.0129795,1789477409.0125926,7.150000000000001,-6.650000000000001,0.8499999999999998,7.993605777301127e-15,-8.881784197001252e-16,3.1086244689504383e-15,1.3905644145002363,449
1789477409.0229225,1789477409.0225918,7.150000000000001,-6.650000000000001,0.8499999999999998,7.993605777301127e-15,-8.881784197001252e-16,3.1086244689504383e-15,1.3905644145002363,449
1789477409.032918,1789477409.0325928,7.150000000000001,-6.650000000000001,0.8499999999999998,7.993605777301127e-15,-8.881784197001252e-16,3.1086244689504383e-15,1.3905644145002363,449
1789477409.0429912,1789477409.0425918,7.150000000000001,-6.650000000000001,0.8499999999999998,7.993605777301127e-15,-8.881784197001252e-16,3.1086244689504383e-15,1.3905644145002363,449
1789477409.053019,1789477409.0525956,7.150000000000001,-6.650000000000001,0.8499999999999998,7.993605777301127e-15,-8.881784197001252e-16,3.1086244689504383e-15,1.3905644145002363,449
1789477409.0631018,1789477409.0625923,7.150000000000001,-6.650000000000001,0.8499999999999998,7.993605777301127e-15,-8.881784197001252e-16,3.1086244689504383e-15,1.3905644145002363,449
1789477409.0730321,1789477409.072593,7.150000000000001,-6.650000000000001,0.8499999999999998,7.993605777301127e-15,-8.881784197001252e-16,3.1086244689504383e-15,1.3905644145002363,449
1789477409.0830283,1789477409.0826156,7.150000000000001,-6.650000000000001,0.8499999999999998,7.993605777301127e-15,-8.881784197001252e-16,3.1086244689504383e-15,1.3905644145002363,449
1789477409.0930696,1789477409.092591,7.150000000000001,-6.650000000000001,0.8499999999999998,7.993605777301127e-15,-8.881784197001252e-16,3.1086244689504383e-15,1.3905644145002363,449
1789477409.1029766,1789477409.1025863,7.150000000000001,-6.650000000000001,0.8499999999999998,7.993605777301127e-15,-8.881784197001252e-16,3.1086244689504383e-15,1.3905644145002363,449
1789477409.1137109,1789477409.1127605,7.150000000000001,-6.650000000000001,0.8499999999999998,7.993605777301127e-15,-8.881784197001252e-16,3.1086244689504383e-15,1.3905644145002363,449
1789477409.1230395,1789477409.122593,7.110161597511015,-6.610383802917342,0.8091263918309518,-1.1345184725666775,1.1258579620965476,-0.24163464373012192,1.4337954979666803,449
1789477409.133006,1789477409.1325896,7.0982592867892285,-6.598579009220372,0.8066415418192124,-1.2634752048570213,1.2524338749478827,-0.2585851601694803,1.4467716142990703,449
1789477409.1429834,1789477409.1425908,7.084908390266842,-6.585352579289721,0.8039677497410249,-1.3978789760834986,1.3840489910395148,-0.27395550821140585,1.4613606613593606,449
1789477409.1530478,1789477409.1525922,7.070454854423316,-6.571050602009567,0.8011994524093327,-1.5332872471150323,1.5163189421880936,-0.2869883875802199,1.4771949948821614,449
1789477409.163087,1789477409.1625907,7.0540781325403366,-6.554865485708704,0.7982119524186808,-1.6761266739873106,1.6554741455222752,-0.29795541029427275,1.4951870081647307,449
1789477409.1729434,1789477409.172591,7.0540781325403366,-6.554865485708704,0.7982119524186808,-1.6761266739873106,1.6554741455222752,-0.29795541029427275,1.4951870081647307,449
1789477409.1829107,1789477409.182589,7.017843704095076,-6.519124903982445,0.7921252821555614,-1.9602318760751707,1.9310285328266958,-0.3106929979317929,1.5351853885443498,449
1789477409.193048,1789477409.1925902,6.997400695176549,-6.499000498188328,0.7889899040101529,-2.104761572640414,2.0705312556531474,-0.3121637699951908,1.557865614619697,449
1789477409.2029686,1789477409.2025902,6.976109485054159,-6.478070243099107,0.7859415606096987,-2.2453052891916094,2.205707788587221,-0.3100619471368277,1.581572093061835,449
1789477409.2130008,1789477409.2125902,6.95268799470053,-6.455079026422641,0.7828352409004097,-2.3896372173722327,2.3439979431873206,-0.30400429320377065,1.6077488042400097,449
1789477409.2229187,1789477409.2225907,6.9281144747826575,-6.430993256803453,0.7798457916989564,-2.5308928795876184,2.4787767050366494,-0.2939371231047349,1.6353210380239331,449
1789477409.2328749,1789477409.2325842,6.90230560200603,-6.405735673968548,0.776995266025117,-2.6693276570927784,2.610273275664871,-0.27974756174810106,1.6643951069076497,449
1789477409.2431233,1789477409.2425861,6.874692281139063,-6.378755480671422,0.7742656962211963,-2.8074278475670473,2.7408125929407117,-0.2609247336459852,1.695629175844882,449
1789477409.2530239,1789477409.2525935,6.84566507411327,-6.350441157618805,0.7717458132900831,-2.9426232058072865,2.867922930628901,-0.23752539448200655,1.72859959922451,449
1789477409.263079,1789477409.2625997,6.815437881885093,-6.321007057265788,0.7694954920007417,-3.0736505408091466,2.9903978534118396,-0.20964732917998585,1.763076918131543,449
1789477409.272971,1789477409.2725909,6.815437881885093,-6.321007057265788,0.7694954920007417,-3.0736505408091466,2.9903978534118396,-0.20964732917998585,1.763076918131543,449
1789477409.2829485,1789477409.2825902,6.751923614226255,-6.259325005822351,0.765984274906372,-3.320655825641734,3.2190539062386563,-0.14100557356941257,1.8359750052614612,449
1789477409.2930677,1789477409.2925913,6.7180631709639815,-6.226531904341287,0.7647753425657364,-3.438559607033722,3.326997607298722,-0.09960008463023862,1.875075160794988,449
1789477409.3030062,1789477409.3025906,6.682969599637973,-6.192610335966032,0.7640024262597215,-3.551821747157243,3.4298279102407423,-0.05364123859502978,1.9157629555197746,449
1789477409.3129978,1789477409.3125894,6.646699930517951,-6.157621920989965,0.7637128140246102,-3.660145635306464,3.5272702051591613,-0.0032364576281980195,1.957981034244492,449
1789477409.3229187,1789477409.3225899,6.610040205940899,-6.122329199893428,0.7639423729324526,-3.761368315824336,3.617407148561367,0.05037908825709203,2.000816777684558,449
1789477409.3329911,1789477409.332589,6.571946536415298,-6.0857324204280046,0.7647338490425512,-3.8584675247858766,3.7029111194316675,0.10860579912826052,2.045493340760822,449
1789477409.3429143,1789477409.3425896,6.53286131571754,-6.048263822021296,0.7661285787970593,-3.9502210329080505,3.7827047439434995,0.1706861281566039,2.081357753377983,428
1789477409.353033,1789477409.352591,6.49292369396305,-6.0100624495911354,0.7681603918060225,-4.036395784483157,3.856611272754975,0.2362443919966286,2.0566239128313724,428
1789477409.3631544,1789477409.3625894,6.45195541385913,-5.970963736548173,0.7708789043663469,-4.117464406448968,3.925064235699679,0.3054035971600504,2.032183952357223,428
1789477409.37295,1789477409.3725896,6.45195541385913,-5.970963736548173,0.7708789043663469,-4.117464406448968,3.925064235699679,0.3054035971600504,2.032183952357223,428
1789477409.382983,1789477409.3825874,6.368294935636914,-5.891399150184557,0.7784133375643558,-4.262335987049329,4.044156759297857,0.45135820077524064,1.9853013606068404,428
1789477409.392981,1789477409.3925884,6.3254005282313885,-5.8507493763650515,0.7833020307474243,-4.326961944369251,4.095598147670514,0.5280213289095953,1.962887810221685,428
1789477409.403072,1789477409.402583,6.28235877696554,-5.810058296797192,0.7889010978367348,-4.3859147967255,4.141371899738963,0.6057851536402363,1.9415367721306203,428
1789477409.4131374,1789477409.412591,6.237937875957023,-5.768166439356066,0.7954031448985945,-4.441057154389805,4.182988895395489,0.6866075060401897,1.9207242528038722,428
1789477409.4230227,1789477409.4225888,6.1930932338299165,-5.725980815532494,0.8027068001941198,-4.491327018900798,4.219706381283914,0.7684699831464508,1.9009990230098819,428
1789477409.4330342,1789477409.4325898,6.147669389294199,-5.683358295882081,0.8108551629338211,-4.537173125499311,4.251954213107883,0.851348026818102,1.8823622102911874,428
1789477409.4430013,1789477409.4425871,6.10224819786417,-5.640846309845063,0.8197497489322827,-4.578340926811141,4.2796795104108485,0.9338669744359416,1.865103391971587,428
1789477409.4530456,1789477409.4525912,6.0563553464374085,-5.598001823727052,0.8294850926979821,-4.615597130331839,4.303536661201913,1.0165720329901897,1.8490880915515573,428
1789477409.4632196,1789477409.4625952,6.010525084133653,-5.5553240899308864,0.8399463809804153,-4.64883513296943,4.32360335058758,1.0981862291166646,1.834544642359879,428
1789477409.472976,1789477409.4725893,6.010525084133653,-5.5553240899308864,0.8399463809804153,-4.64883513296943,4.32360335058758,1.0981862291166646,1.834544642359879,428
1789477409.4829996,1789477409.4825864,5.916058981304028,-5.467692268990771,0.863781779328786,-4.706360025475776,4.354750621406821,1.2620583831718177,1.8092267670829452,428
1789477409.4930825,1789477409.4925928,5.869035939620887,-5.42423667410173,0.8767529213073818,-4.730191883478339,4.36589556719645,1.340822445151988,1.7990018868334545,428
1789477409.5030131,1789477409.5025876,5.821818304770873,-5.380709252079974,0.890490994596546,-4.751355764481067,4.374654186859967,1.417627116032485,1.790347011513137,428
1789477409.512897,1789477409.512587,5.774124494922151,-5.336850297582677,0.9050697664123732,-4.770235393426788,4.381372052620965,1.4925794379841366,1.7832585145077517,428
1789477409.5228786,1789477409.5225875,5.726596072400739,-5.29324806096424,0.9202740108391518,-4.786852048581722,4.386266176511121,1.5643507792355469,1.7778586269808148,428
1789477409.5330114,1789477409.5325873,5.67856155922234,-5.249284479176837,0.9362966997536893,-4.8017046979315285,4.3897029420711995,1.633632342978372,1.7740969457168279,428
1789477409.542906,1789477409.542587,5.630344197833322,-5.205254025939878,0.9530119097700426,-4.814926063849682,4.391929884095491,1.699602593508993,1.7720403391644937,428
1789477409.5530167,1789477409.552588,5.5821959717057394,-5.161383174939441,0.9702993712968808,-4.82669935580138,4.393217472124497,1.7616295049840573,1.7717074834618394,428
1789477409.5630827,1789477409.5625865,5.534223328889112,-5.117763849457851,0.9880786814639405,-4.83724880596001,4.393836553202572,1.8193452328161035,1.7730847310459372,428
1789477409.5729518,1789477409.5725868,5.534223328889112,-5.117763849457851,0.9880786814639405,-4.83724880596001,4.393836553202572,1.8193452328161035,1.7730847310459372,428
1789477409.5829113,1789477409.582586,5.436852072853649,-5.029489824264377,1.0257001796403553,-4.855932727963875,4.394058374414575,1.9229593654684909,1.7811038622823416,428
1789477409.592941,1789477409.5925913,5.388286537025776,-4.985581633574648,1.0451416923173613,-4.864289519972973,4.394105664873286,1.9674032959259418,1.7877012548012206,428
1789477409.602991,1789477409.6025956,5.340379523299591,-4.942339368854831,1.0646976339466658,-4.872139257245403,4.394375245687234,2.006257734448472,1.7958863971369585,428
1789477409.6130855,1789477409.6126199,5.2914948345235295,-4.898280554512541,1.0849881011057458,-4.879902008723902,4.395055901157774,2.0406184135175707,1.8059393263951489,428
1789477409.622938,1789477409.622589,5.242210138919631,-4.853921842104463,1.1057325088539431,-4.887616122498166,4.396317532057341,2.0696904685314403,1.8177941085285114,428
1789477409.6330104,1789477409.6325848,5.193128860141864,-4.809799587518567,1.1266213958193811,-4.8953078959845815,4.398287692078256,2.092943328079046,1.8312937903339457,428
1789477409.6429858,1789477409.6425898,5.144117153849869,-4.765785681704949,1.147651312824254,-4.903099064052098,4.401082500459608,2.11037178010616,1.8464367394633132,428
1789477409.6531942,1789477409.652595,5.095425818235619,-4.722097362376287,1.1686538293754685,-4.911027940587456,4.404770616522266,2.1218662942492084,1.863099634122076,428
1789477409.6633675,1789477409.6625907,5.045905103529066,-4.677695818574573,1.1900655223009444,-4.919345923476367,4.409525871709972,2.1275414558126267,1.8816728348506302,428
1789477409.673023,1789477409.6725845,5.045905103529066,-4.677695818574573,1.1900655223009444,-4.919345923476367,4.409525871709972,2.1275414558126267,1.8816728348506302,428
1789477409.6830254,1789477409.682586,4.9479555578147805,-4.58993224603107,1.232325995173118,-4.936696371945079,4.422089327435822,2.120776203780893,1.9231190733808738,428
1789477409.6930337,1789477409.6925852,4.89803335284638,-4.545216213036318,1.2536935531597777,-4.9460223387200575,4.430140066681223,2.1081376836339367,1.9465839726323584,428
1789477409.7030272,1789477409.7025852,4.849057331337747,-4.501346684553374,1.2744626952911644,-4.955472818287583,4.439105539555035,2.089755094985095,1.971095083368476,428
1789477409.7129195,1789477409.7125833,4.798732709101041,-4.456259908100014,1.2955421132872635,-4.965458813079477,4.44938165331557,2.064763016637971,1.9977830144528912,428
1789477409.7230961,1789477409.7226067,4.749560547290282,-4.412188692785038,1.3158236034319417,-4.975433923702494,4.460407792143374,2.034461451294779,2.0252940803202395,428
1789477409.73296,1789477409.7325833,4.699809774163012,-4.367574035188619,1.3359686676721514,-4.98567703585025,4.472479451541629,1.998005487189735,2.0545346890641847,428
1789477409.7429256,1789477409.7425861,4.649181907362959,-4.32213931155184,1.3560236286118041,-4.996169724777329,4.485613321291883,1.9550669150662534,2.0857038364450085,428
1789477409.7530506,1789477409.7525861,4.599916940996392,-4.27788786189388,1.37505363678364,-5.006348909110578,4.499106611526185,1.9077931188240338,2.1173646548391205,428
1789477409.7631626,1789477409.7625885,4.5492389497503245,-4.232318855926774,1.3940769717235688,-5.016673329116848,4.513591605194359,1.8537027807502535,2.151264207993894,428
1789477409.773099,1789477409.7726038,4.5492389497503245,-4.232318855926774,1.3940769717235688,-5.016673329116848,4.513591605194359,1.8537027807502535,2.151264207993894,428
1789477409.7830408,1789477409.7826028,4.448732964120614,-4.141772451364795,1.4299482057433135,-5.0361898484708085,4.543546297326184,1.7309039410587868,2.2223317444014197,428
1789477409.7929046,1789477409.7925782,4.398315872522452,-4.096251844365674,1.4469199554324048,-5.04521097818798,4.5588600643105055,1.662003193643342,2.2598256733937325,428
1789477409.8031518,1789477409.8026047,4.348258955738351,-4.050982602075825,1.4630384840890076,-5.053453025909269,4.574020014971904,1.589105757306455,2.298220405435534,428
1789477409.8133686,1789477409.812597,4.297472913940759,-4.004973121806048,1.4786072565316835,-5.060918231531287,4.589163040216058,1.5108498706131859,2.338326573969312,428
1789477409.8232503,1789477409.8226018,4.247198252278956,-3.9593414792684993,1.4932051904861525,-5.067242935628885,4.603717844692722,1.4294024313065417,2.3791350599141907,428
1789477409.8331454,1789477409.8325944,4.196442305673885,-3.9131818380095638,1.5070880674989005,-5.072367618055191,4.617761111719265,1.343455598770313,2.4214139383256694,428
1789477409.8431928,1789477409.842588,4.145851548159469,-3.8670767419651932,1.5200409399725845,-5.076023262034802,4.630889327515482,1.254374111722014,2.4645989365218233,428
1789477409.8533022,1789477409.8527164,4.094901867738717,-3.820543780909682,1.5321653160008755,-5.078038233957876,4.64300461975766,1.1615318004530126,2.5091079406314187,428
1789477409.8631327,1789477409.8626027,4.044078039765674,-3.7740211627081237,1.5433147631062505,-5.07817434307995,4.653748172633657,1.066113428323569,2.55448980602118,428
1789477409.8730147,1789477409.872604,4.044078039765674,-3.7740211627081237,1.5433147631062505,-5.07817434307995,4.653748172633657,1.066113428323569,2.55448980602118,428
1789477409.8830135,1789477409.8826046,3.9422879447503245,-3.6805177029655183,1.562720989880774,-5.071954547405862,4.6702546531114075,0.8679068187679123,2.648198034279174,428
1789477409.893006,1789477409.892622,3.8910832623918172,-3.633310141583269,1.5709716158267493,-5.065098684265642,4.675518582675322,0.7652989991061331,2.6966925553009617,428
1789477409.903147,1789477409.9026039,3.840504149700766,-3.5865632051432943,1.5781077167506947,-5.05556867872581,4.678372482510456,0.6624916642443859,2.7454439832154773,428
1789477409.912991,1789477409.9126046,3.7909222140833627,-3.540623732943323,1.5841130859674741,-5.043335868344286,4.67864837943267,0.5606399372081533,2.794025163600891,428
1789477409.9229805,1789477409.922609,3.7397226801676426,-3.49306490250851,1.5892749751952566,-5.027452993624784,4.676035730555825,0.45469997153548986,2.844984474864374,428
1789477409.9331,1789477409.9326057,3.6899667250826145,-3.4467279163307443,1.5932707501319223,-5.008604719446335,4.670398485485765,0.35134316557204504,2.895252407161155,428
1789477409.9429893,1789477409.9426029,3.6393581341879733,-3.3994749610678032,1.5962956446263485,-4.985718961770024,4.661238889547491,0.2461595102386491,2.947109263628997,428
1789477409.9532213,1789477409.9526029,3.590122850601845,-3.35338500192756,1.5982268149583332,-4.959596930171687,4.648721469130724,0.1441189211315741,2.998238874358038,428
1789477409.9631433,1789477409.9625912,3.540875012851669,-3.3071645590893795,1.5991558484765844,-4.929392318268644,4.632344302391053,0.042680945478146895,3.050029471713396,428
1789477409.9730217,1789477409.9726267,3.540875012851669,-3.3071645590893795,1.5991558484765844,-4.929392318268644,4.632344302391053,0.042680945478146895,3.050029471713396,428
1789477409.9829662,1789477409.9825838,3.442892676404065,-3.2148487711130262,1.598008937592871,-4.856044900256792,4.587048622864763,-0.15588056376592863,3.1549125421502158,428
1789477409.9931426,1789477409.992583,3.394418676692312,-3.169001149686342,1.5959629146774061,-4.812641706483945,4.557734154339264,-0.25180605676919277,3.2076669090849736,428
1789477410.0031028,1789477410.0025837,3.3466609172933612,-3.1237155985354477,1.592987919405542,-4.764859956724903,4.5239333933636585,-0.3443489326496987,3.2601782789004,428
1789477410.0131478,1789477410.0125983,3.299413231684824,-3.0788005517872943,1.5891068764475962,-4.712361286347546,4.4853378829212955,-0.43362668584236186,3.3126360715308385,428
1789477410.0231555,1789477410.022589,3.2526608246550595,-3.0342451094950205,1.5843476608594322,-4.654957529921021,4.4417352569586335,-0.5193781339542818,3.3650250813874107,428
1789477410.0329578,1789477410.0325828,3.2061063292711958,-2.989767953211682,1.5786998232853937,-4.592046465048929,4.392583679858695,-0.601833645121798,3.4176532675423537,428
1789477410.0430264,1789477410.0425828,3.1604924005542276,-2.946082255240525,1.5722860296685528,-4.5244686352002494,4.338477534418629,-0.679407844643378,3.4696509230363923,428
1789477410.052986,1789477410.0526085,3.11536463644982,-2.9027574648362404,1.5650827907020433,-4.451435750712176,4.278737214401472,-0.7526375203113871,3.521503546403109,428
1789477410.0630367,1789477410.0625846,3.071804294575224,-2.86083835461895,1.5573197183505356,-4.374716742945194,4.214790599213755,-0.8196241934821984,3.5719302997610956,428
1789477410.0731494,1789477410.072583,3.0281303411093576,-2.818711806882257,1.548736545962633,-4.291235516313841,4.1440320209300845,-0.8827390557075444,3.6228483870705683,428
1789477410.0830107,1789477410.0825808,2.9854039848500302,-2.7774038390464537,1.5395632089882343,-4.202758740858385,4.067895963202953,-0.9401538007007348,3.673001140712563,428
1789477410.0929282,1789477410.0925803,2.9440871641942463,-2.7373684296919842,1.5299604464300418,-4.1103366225781865,3.987282994131567,-0.9911886493502825,3.721810536396536,428
1789477410.1031063,1789477410.1025867,2.9034253543902886,-2.6978806922937566,1.5198049539134446,-4.012306148040911,3.900730174424485,-1.0366849709630888,3.7701376157360476,428
1789477410.1129587,1789477410.1125817,2.8642018211254134,-2.6597074122854893,1.5093433412061645,-3.9105964647736036,3.809932225690101,-1.0757000571945021,3.817022989013422,428
1789477410.1229303,1789477410.12258,2.825229210434784,-2.6216977449237744,1.4982982537112512,-3.8020494861952314,3.712046546771038,-1.1092755388302862,3.8638631161825314,428
1789477410.1331224,1789477410.1325788,2.7877823916400146,-2.5850998833607775,1.4870710067660446,-3.690161934405139,3.61020829481619,-1.1362011806895482,3.9091037038173475,428
1789477410.143049,1789477410.142582,2.7514874300264958,-2.549555748116034,1.4756099012000032,-3.5740330615882323,3.5036125188477936,-1.1568335852676277,3.953167621976249,428
1789477410.1530042,1789477410.1525834,2.716341053956211,-2.5150681479662294,1.4639631433410147,-3.4537605386607146,3.392351867096921,-1.1711963197486226,3.996035194816656,428
1789477410.1630797,1789477410.1626031,2.6825872647290026,-2.4818830005907535,1.4522644939262725,-3.3303888262678165,3.2774053505203895,-1.1792798953225163,4.03738480743197,428
1789477410.1729553,1789477410.1725814,2.6825872647290026,-2.4818830005907535,1.4522644939262725,-3.3303888262678165,3.2774053505203895,-1.1792798953225163,4.03738480743197,428
1789477410.182967,1789477410.182579,2.6181766148836814,-2.41838159641181,1.4285416578224157,-3.075375351410102,3.0374165877811543,-1.1752517323502611,4.1167706070908805,428
1789477410.1929533,1789477410.1926,2.5882800168171967,-2.3888303566053657,1.416939434482002,-2.9510916484201477,2.91928357252475,-1.162011387629126,4.153825544392351,428
1789477410.2031229,1789477410.2026002,2.5594168282727625,-2.360258020057333,1.4054339556063433,-2.8296014425759055,2.8029918702752137,-1.1406292303233887,4.189718281323768,428
1789477410.2130094,1789477410.212579,2.5319762439806848,-2.3330597573496092,1.3942792027643902,-2.7143489744902225,2.6918271723750555,-1.1112512405055317,4.223943943363418,428
1789477410.2229617,1789477410.2225747,2.5050504768001685,-2.3063458196741453,1.3832108283982698,-2.603241946667447,2.5837387088372648,-1.0727043167949473,4.257616480563802,428
1789477410.2330706,1789477410.2325823,2.4795485495557377,-2.281028910735113,1.3727150867709936,-2.5016051707056515,2.4838813959226047,-1.0263300642997026,4.289580721196142,428
1789477410.2429426,1789477410.2426007,2.454891342543248,-2.25654587558093,1.3626717129153176,-2.4085026968327297,2.3913529213689797,-0.9717396968837682,4.320542759847053,428
1789477410.2530582,1789477410.252599,2.431334404909481,-2.2331617062437012,1.3532973035301918,-2.326152004508998,2.308398697183594,-0.910632837335988,4.3501640881184445,428
1789477410.2631142,1789477410.2625995,2.40827739112473,-2.210291428474662,1.344462103967831,-2.253611096636999,2.2340999068142824,-0.8426061980072317,4.379183714258531,428
1789477410.2730837,1789477410.2725997,2.40827739112473,-2.210291428474662,1.344462103967831,-2.253611096636999,2.2340999068142824,-0.8426061980072317,4.379183714258531,428
1789477410.282924,1789477410.2825732,2.364414786230242,-2.1668789080268085,1.3290921369927327,-2.1439980241042194,2.117771227141826,-0.69270155696851,4.434416162804442,428
1789477410.2929752,1789477410.292573,2.3433348625302477,-2.1460823584933304,1.3226144195999128,-2.1071981425424964,2.076146118915993,-0.612527702516392,4.4609502277370625,428
1789477410.3029723,1789477410.3025725,2.3220831046014525,-2.1251748883816646,1.3168251587069202,-2.081827675592869,2.044896721349081,-0.5276556133856231,4.487679642907942,428
1789477410.3130517,1789477410.3125777,2.301728086494197,-2.1052135554588536,1.312057994529623,-2.068901557652586,2.025461119944523,-0.4437836816097854,4.513252846707072,428
1789477410.3231614,1789477410.3225741,2.281115577413732,-2.085070356505681,1.3080619873030581,-2.067109950250319,2.0163042228405055,-0.3575794563321584,4.539114462695883,428
1789477410.3330317,1789477410.3325806,2.260307111126564,-2.064812570996776,1.3049064296741857,-2.076472060969278,2.0175619722199865,-0.27054367097070425,4.565181295222556,428
1789477410.3429759,1789477410.3425777,2.239280174022633,-2.0444231100770947,1.3026169739746563,-2.0966682601069415,2.029019446332805,-0.18380110227488913,4.591477662362148,428
1789477410.3530984,1789477410.3526094,2.218246222084226,-2.024108468727601,1.3012077260153725,-2.126756786777006,2.04995061769941,-0.09931300980437563,4.617737986596585,428
1789477410.363755,1789477410.362807,2.196647158263063,-2.0033309055711004,1.300629953058894,-2.1667894323549897,2.0802850255169028,-0.01586432280250189,4.6446588657686,428
1789477410.3730898,1789477410.3726041,2.1748362534150965,-1.9824307363804277,1.3008731224439871,-2.2153055605053567,2.1188351986022527,0.06425582119775224,4.671801019142936,428
1789477410.3829284,1789477410.3825798,2.152471547863394,-1.9610789239604813,1.301901740467067,-2.2721124791109863,2.165364014987963,0.14154557576550048,4.699592717202495,428
1789477410.3929532,1789477410.3925772,2.1293160932233195,-1.9390493928832924,1.3037017002782612,-2.337024366011734,2.219681501846173,0.21604024838875416,4.728331070276969,428
1789477410.4029925,1789477410.4025972,2.1056144414732167,-1.91657349989621,1.3062146429956822,-2.408473268975523,2.2804312076239763,0.2863252293231105,4.7577165743127345,428
1789477410.41301,1789477410.4126008,2.0810097282345565,-1.893310818181812,1.3094320605090672,-2.4866199603633623,2.3477071973006947,0.35293697256133577,4.788196632052724,428
1789477410.4230583,1789477410.4225855,2.0556606515931346,-1.8694092680352372,1.313286055653485,-2.5700810426837357,2.420284314981339,0.41498891034033963,4.819580198163802,428
1789477410.432939,1789477410.4326098,2.0298584780905675,-1.8451390487381605,1.3176668719555549,-2.6570063033666043,2.4965044807202204,0.47161218556606554,4.8515132531224054,428
1789477410.443006,1789477410.4425786,2.002765221343252,-1.8197088571214193,1.3226627799075166,-2.7494021192175557,2.578096769691231,0.5243934109786599,4.8850395776968485,428
1789477410.4530826,1789477410.4525967,1.974998343212552,-1.7936954916137224,1.3281090955792307,-2.844365555302814,2.662473000285153,0.5718911139508163,4.919402056714746,428
1789477410.4631689,1789477410.4625793,1.9463017923949775,-1.7668550193386205,1.3339973472727975,-2.941974041134105,2.7496655714896705,0.6145200867602884,4.954924779454477,428
1789477410.473108,1789477410.472597,1.9161896844704234,-1.738730394313337,1.3403780450381269,-3.043071977995501,2.840409356955076,0.6528049222257823,4.99221703408226,428
1789477410.4830523,1789477410.4825964,1.8848074969410489,-1.709455201210782,1.347172354870106,-3.1463297945225235,2.933496305099763,0.6863340225179103,5.0311071657680335,428
1789477410.493224,1789477410.4926207,1.8528794608843413,-1.6797011610134729,1.3541700186336216,-3.2486264790491766,3.0260807258371614,0.7144295203627599,5.070705261547039,428
1789477410.5036328,1789477410.5026472,1.8200177358835363,-1.649102657064631,1.3614047746086295,-3.35055410958185,3.118662281261231,0.7376550563016786,5.111499199215794,428
1789477410.5130384,1789477410.512584,1.7856339754325925,-1.6171089532540055,1.3689591609844145,-3.453170030347986,3.212181377730705,0.7564244442072539,5.154227738292881,428
1789477410.5228977,1789477410.522578,1.7508743233477164,-1.5847832253525678,1.3765375252238352,-3.552413520913515,3.302910930110714,0.7702664295708033,5.197473690968318,428
1789477410.5330293,1789477410.532585,1.7150591480697368,-1.5514899750298965,1.3842485631773953,-3.6497067522892404,3.392120448842472,0.7797219339907762,5.242088466439287,428
1789477410.5429933,1789477410.542581,1.6775845366220368,-1.5166652739672513,1.39218015123832,-3.7459261584333565,3.480598725499732,0.7849744436283349,5.2888330036445055,428
1789477410.55301,1789477410.5525944,1.6405934074454906,-1.4822975409318289,1.3998481876570545,-3.835172914774281,3.5628930701812105,0.7860277343956212,5.335038815214116,428
1789477410.563538,1789477410.5626223,1.6016159519026043,-1.4460894451779909,1.4077346104319686,-3.9229527147412266,3.644056215591763,0.7832036879347981,5.383796041822553,428
1789477410.5733938,1789477410.5726364,1.6016159519026043,-1.4460894451779909,1.4077346104319686,-3.9229527147412266,3.644056215591763,0.7832036879347981,5.383796041822553,428
1789477410.582977,1789477410.5825758,1.5210410840974815,-1.3712450261371247,1.4233465671850019,-4.0837964789319345,3.7934015807928314,0.7664982975778507,5.484818750793714,428
1789477410.5930474,1789477410.5925941,1.4798944031110028,-1.3330230310996267,1.4309378289954748,-4.155143432661601,3.8599496640010162,0.7531913336564261,5.536527609638469,428
1789477410.6030118,1789477410.6025698,1.438184047371433,-1.294273820790288,1.4383604205495217,-4.219998498318854,3.920643354024143,0.736927531441281,5.589027304148272,428
1789477410.613232,1789477410.612582,1.3957753186483959,-1.2548705848483208,1.4456215444494889,-4.278220270179594,3.9753345251196937,0.7178788182259469,5.642490439221484,428
1789477410.6234114,1789477410.6225893,1.3521161017814254,-1.2142986471386192,1.452793232953708,-4.330019039845302,4.02421227253303,0.6959553566447698,5.697617969684523,428
1789477410.6336708,1789477410.6325912,1.3087999234303676,-1.1740375389080433,1.4596032215018924,-4.373237160857723,4.06522647094399,0.6721853857816642,5.752399389659941,428
1789477410.6428964,1789477410.6425683,1.264865537137349,-1.1331928079403413,1.4661998620462102,-4.408734654180576,4.09917587965782,0.6462974849296406,5.808049910543322,428
1789477410.6529787,1789477410.6525683,1.2207218485120472,-1.092143574169245,1.47251398049865,-4.4359119894944685,4.125478476504949,0.6187330817393983,5.864052650247079,428
1789477410.6630547,1789477410.6625688,1.1763288748100549,-1.050851852125351,1.4785480604571024,-4.4546132485124,4.143974331294201,0.589673259037648,5.920458200054264,428
1789477410.6731472,1789477410.6725686,1.1322012000834891,-1.0097957463482015,1.4842343921680188,-4.464561363792259,4.154377337227298,0.5596633630356861,5.976611162056093,428
1789477410.683085,1789477410.6825686,1.0874611943169041,-0.9681581249507168,1.4896847247581653,-4.465765040090977,4.156704468918343,0.528287141428615,6.033627756153576,428
1789477410.6931837,1789477410.692571,1.0426161886509988,-0.9264104625345955,1.4948321349961733,-4.457884702049889,4.150613415960484,0.4960582993297292,6.0908618779948345,428
1789477410.702991,1789477410.702589,0.997864672918468,-0.8847371990259343,1.4996561857921538,-4.440813027019704,4.1359859413891265,0.46328740573523086,6.148058640057452,428
1789477410.7130733,1789477410.7125857,0.9542616503434512,-0.84412101184162,1.5040582946060417,-4.41517156236161,4.113358344328448,0.43092229360453826,6.203864764470397,428
1789477410.7231963,1789477410.7225692,0.9103873990075273,-0.8032395603652154,1.50819281065011,-4.380205666581893,4.082057321952376,0.3980628296207168,6.260093524222118,428
1789477410.7330666,1789477410.7325692,0.8663878322949096,-0.7622284101779174,1.5120437721660696,-4.335679589106124,4.041848611093655,0.36494916698813007,6.316557515116966,428
1789477410.7432215,1789477410.742573,0.8224385841643708,-0.7212510231974261,1.5155965438215622,-4.28147734033241,3.9926087724673947,0.3318441351761167,6.373030144330419,428
1789477410.753161,1789477410.7525709,0.7805835381078474,-0.6822138348593714,1.5187080916694446,-4.220530161715941,3.9370019282844018,0.30040722541628784,6.4268786104611415,428
1789477410.763064,1789477410.7625675,0.7389596688900562,-0.6433800922551021,1.5215399678855563,-4.1505720024574595,3.872962145544159,0.26934317881967773,6.4804931341567364,428
1789477410.7731388,1789477410.772573,0.6976228659185676,-0.6048019886629868,1.524093451987922,-4.071505675858842,3.8003890637090842,0.23879902782552279,6.53379948455813,428
1789477410.7834759,1789477410.782583,0.6567931776537952,-0.5666850554009344,1.526362123956509,-3.9836127662482115,3.7195314082108184,0.2090372256820252,6.586511143554856,428
1789477410.7938318,1789477410.792599,0.6182159683854753,-0.5306597207437916,1.5282735200797137,-3.891191853293745,3.634346350111748,0.18139038616307895,6.636368097771095,428
1789477410.8036869,1789477410.802594,0.5793994054731737,-0.4943996733449453,1.5299680254514,-3.7885157190860665,3.5395528567688155,0.15413852082179846,6.686585872228153,428
1789477410.8136406,1789477410.8125877,0.5418160570121671,-0.4592807290015787,1.5313885181237827,-3.6793168006623462,3.438588942037888,0.12839647362566464,6.735256746137672,428
1789477410.8235025,1789477410.822629,0.5052466163835113,-0.42509872179284536,1.5325607901231106,-3.563241922564413,3.3311269034956075,0.10406100660139106,6.782659850320552,428
1789477410.8342977,1789477410.832857,0.47070410361852977,-0.39280161332138736,1.5334757058738189,-3.4441039709881656,3.220700110123431,0.08181982513751151,6.827476072611463,428
1789477410.8444023,1789477410.8427656,0.43667157771223386,-0.36097190985671895,1.534191701896265,-3.317046641291629,3.102807935453251,0.06071898137207199,6.87166873171103,428
1789477410.8534849,1789477410.8525999,0.40431456030933477,-0.33070036508830475,1.5346988717571766,-3.1866437188260743,2.981693227186817,0.041508829539669834,6.9137204365660425,428
1789477410.8632379,1789477410.8625665,0.37374226172207464,-0.3020903215250787,1.5350195245060945,-3.054119672840501,2.858498980269432,0.024224850124113795,6.953483594492453,428
1789477410.8730996,1789477410.8725712,0.3435377244064426,-0.2738163861372733,1.5351815725252194,-2.9135097780467496,2.727679318403491,0.008086851279917484,6.992797743888234,428
1789477410.8836687,1789477410.882585,0.3150989961728191,-0.24718784093262203,1.5351898804280635,-2.7714853510529145,2.595440062419452,-0.006140852326893764,7.029840035262513,428
1789477410.894307,1789477410.8925939,0.28813739499848096,-0.221935391870959,1.535064699679211,-2.6273214624081933,2.4611110069509095,-0.01864545362029313,7.064982011084531,428
1789477410.9036689,1789477410.9026182,0.2624200691260538,-0.19784173392962545,1.5348205883154442,-2.4802341736415583,2.3239639641077643,-0.029556857168630213,7.098523657915984,428
1789477410.9140863,1789477410.9126086,0.617628268945318,-0.5301108122339023,1.5283008897683952,-3.1117688025050683,2.9063842227525436,0.14477862534841768,6.637128033287197,428
1789477410.92385,1789477410.9226172,0.5868814776519539,-0.5013898479991079,1.5296593220375891,-3.047270144619096,2.846845712230891,0.12747381125893603,6.676902180071335,428
1789477410.9334924,1789477410.9326403,0.5570734833735312,-0.4735390050052369,1.5308380915853437,-2.979876371083021,2.784560830531121,0.11101083689533342,6.715492484253635,428
1789477410.9438217,1789477410.9426653,0.5276204923099327,-0.44601316081105724,1.531868280811444,-2.908354867861937,2.7183895624106866,0.09508846523901127,6.753652463688386,428
1789477410.9533813,1789477410.9526076,0.4988085100605026,-0.4190798396015261,1.532745559966771,-2.8334043762755554,2.6489764885688185,0.07988610129434837,6.791009820481946,428
1789477410.96311,1789477410.9625964,0.47083812275748255,-0.39292693915629223,1.5334725206227184,-2.7556678964850017,2.57691686865497,0.06552366694801987,6.827302117674948,428
1789477410.973485,1789477410.9726026,0.47083812275748255,-0.39292693915629223,1.5334725206227184,-2.7556678964850017,2.57691686865497,0.06552366694801987,6.827302117674948,428
1789477410.9836218,1789477410.9826815,0.4169966114799196,-0.3425660820118297,1.5345204590731722,-2.591133883609076,2.4242056520823914,0.03914565056079233,6.89723461669135,428
1789477410.9947884,1789477410.992598,0.3910268479328706,-0.3182665035004698,1.534857361072227,-2.5041611053406747,2.3433898382695255,0.027109443220151297,6.930999116989579,428
1789477411.0042763,1789477411.002603,0.3672255179834353,-0.29599079789850224,1.5350676293005838,-2.4197008725123457,2.2648542985299844,0.016528045478544695,6.961963311924669,428
1789477411.0140085,1789477411.01267,0.34332562018204205,-0.2736178102119893,1.535182157357651,-2.329988996089117,2.1813813326109255,0.006381690247438621,6.993073920894157,428
1789477411.0239682,1789477411.022681,0.3205175916221552,-0.2522621086861644,1.5351992761734423,-2.239447971737241,2.0970843152058682,-0.0028064630230649756,7.02278017378687,428
1789477411.0340636,1789477411.032859,0.29841930556205853,-0.2315663319716311,1.535127979742003,-2.1467625714435354,2.010739742845172,-0.011198301423476886,7.051577765468881,428
1789477411.0440307,1789477411.0426939,0.0527599613121994,-0.0011166727093516737,1.5272518239811155,-0.6289826072854972,0.5913416545852606,-0.04380413552684015,7.314670334313764,6
1789477411.0533943,1789477411.0526898,0.047008213452715664,0.004291416983187801,1.5268414517395288,-0.5362901221770571,0.5043014308760903,-0.039220715663054406,7.3186378223057185,6
1789477411.063218,1789477411.0625958,0.04207766284019043,0.008928338396202218,1.5264725350672004,-0.44993597646913486,0.4231860297689387,-0.03446598746760188,7.322043265351141,6
1789477411.0732932,1789477411.0725749,0.04207766284019043,0.008928338396202218,1.5264725350672004,-0.44993597646913486,0.4231860297689387,-0.03446598746760188,7.322043265351141,6
1789477411.0842972,1789477411.0826862,0.03461653479049165,0.015947215106249413,1.525877380873551,-0.30097184321543935,0.28319279618138893,-0.025082455213290444,7.327204150335342,6
1789477411.094283,1789477411.092664,0.03192706653074939,0.018478051001448392,1.5256490064343178,-0.2386371899859867,0.2245846003190941,-0.020667480179778153,7.329066663305399,6
1789477411.1036096,1789477411.1026325,0.029817914316399463,0.020463186563536517,1.525463089361693,-0.18426815020422183,0.1734507968920198,-0.016550445394946323,7.330528082983515,6
1789477411.1141002,1789477411.11271,0.028226917279511987,0.021960919969176373,1.5253178198126307,-0.13826987678422498,0.13017737878489655,-0.012850319484684292,7.33163091678263,6
1789477411.1242282,1789477411.1226783,0.027038704005705405,0.023079690728528668,1.5252056403236174,-0.0993080910721389,0.09351351088799476,-0.009538052520152718,7.332454785640517,6
1789477411.1344445,1789477411.1327345,0.026209109690570997,0.023860946124725668,1.5251247799655667,-0.06800258284169303,0.06404644002611093,-0.006737385423612352,7.333030107073074,6
1789477411.1439128,1789477411.142661,0.025657855964421827,0.024380173477479783,1.525069403048196,-0.04364059106587348,0.0411091621459434,-0.004453360597914013,7.333412440935816,6
1789477411.1532094,1789477411.1525912,0.02531618150344883,0.024702054931869277,1.525034078312024,-0.025515853184018056,0.024040063890218732,-0.0026786239004863432,7.333649427450488,6
1789477411.1633248,1789477411.1626043,0.025129590298851312,0.024877867608462445,1.5250142540587621,-0.013233482253518503,0.012470231692475409,-0.0014266555552495674,7.333778847822458,6
1789477411.174136,1789477411.1726835,0.02503868072715676,0.024963540327286537,1.525004341754764,-0.005411815690692379,0.005100576975401339,-0.0005989277072586674,7.33384190117237,6
1789477411.184693,1789477411.1828141,0.025006650202403335,0.02499373080388345,1.5250007611942866,-0.0014629479346695007,0.001379048600689714,-0.0001660044850453346,7.333864115924046,6
1789477411.194396,1789477411.192595,0.025000286561199125,0.024999729821395533,1.5250000334101133,-0.0001400158034954302,0.0001320075985873359,-1.626282817923652e-05,7.333868529178375,6
1789477411.2039382,1789477411.2026567,0.024999999999999467,0.025000000000003908,1.5249999999999995,2.1316282072803006e-14,7.105427357601002e-15,1.0658141036401503e-14,7.333868727901472,26
1789477411.2135885,1789477411.212652,0.024999999999999467,0.025000000000003908,1.5249999999999995,2.1316282072803006e-14,7.105427357601002e-15,1.0658141036401503e-14,7.333868727901472,26
1789477411.2241552,1789477411.222636,0.024999999999999467,0.025000000000003908,1.5249999999999995,2.1316282072803006e-14,7.105427357601002e-15,1.0658141036401503e-14,7.333868727901472,26
1789477411.2336206,1789477411.232636,0.024999999999999467,0.025000000000003908,1.5249999999999995,2.1316282072803006e-14,7.105427357601002e-15,1.0658141036401503e-14,7.333868727901472,26
1789477411.2438145,1789477411.2426343,0.024999999999999467,0.025000000000003908,1.5249999999999995,2.1316282072803006e-14,7.105427357601002e-15,1.0658141036401503e-14,7.333868727901472,26
1789477411.2531593,1789477411.2525775,0.024999999999999467,0.025000000000003908,1.5249999999999995,2.1316282072803006e-14,7.105427357601002e-15,1.0658141036401503e-14,7.333868727901472,26
1789477411.2632184,1789477411.2625792,0.024999999999999467,0.025000000000003908,1.5249999999999995,2.1316282072803006e-14,7.105427357601002e-15,1.0658141036401503e-14,7.333868727901472,26
1789477411.2736523,1789477411.2726107,0.024999999999999467,0.025000000000003908,1.5249999999999995,2.1316282072803006e-14,7.105427357601002e-15,1.0658141036401503e-14,7.333868727901472,26
1789477411.2832773,1789477411.2826114,0.024999999999999467,0.025000000000003908,1.5249999999999995,2.1316282072803006e-14,7.105427357601002e-15,1.0658141036401503e-14,7.333868727901472,26
1789477411.2940528,1789477411.29263,0.024999999999999467,0.025000000000003908,1.5249999999999995,2.1316282072803006e-14,7.105427357601002e-15,1.0658141036401503e-14,7.333868727901472,26
1789477411.3044388,1789477411.30278,0.024999999999999467,0.025000000000003908,1.5249999999999995,2.1316282072803006e-14,7.105427357601002e-15,1.0658141036401503e-14,7.333868727901472,26
1789477411.314071,1789477411.3126347,0.024999999999999467,0.025000000000003908,1.5249999999999995,2.1316282072803006e-14,7.105427357601002e-15,1.0658141036401503e-14,7.333868727901472,26
1789477411.3242044,1789477411.3226693,0.024999999999999467,0.025000000000003908,1.5249999999999995,2.1316282072803006e-14,7.105427357601002e-15,1.0658141036401503e-14,7.333868727901472,26
1789477411.334444,1789477411.332672,0.024999999999999467,0.025000000000003908,1.5249999999999995,2.1316282072803006e-14,7.105427357601002e-15,1.0658141036401503e-14,7.333868727901472,26
1789477411.3440151,1789477411.3426898,0.024999999999999467,0.025000000000003908,1.5249999999999995,2.1316282072803006e-14,7.105427357601002e-15,1.0658141036401503e-14,7.333868727901472,26
1789477411.3530843,1789477411.352593,0.024999999999999467,0.025000000000003908,1.5249999999999995,2.1316282072803006e-14,7.105427357601002e-15,1.0658141036401503e-14,7.333868727901472,26
1789477411.3638244,1789477411.3626242,0.024999999999999467,0.025000000000003908,1.5249999999999995,2.1316282072803006e-14,7.105427357601002e-15,1.0658141036401503e-14,7.333868727901472,26
1789477411.3741248,1789477411.3727832,0.024999999999999467,0.025000000000003908,1.5249999999999995,2.1316282072803006e-14,7.105427357601002e-15,1.0658141036401503e-14,7.333868727901472,26
1789477411.3840075,1789477411.3826241,0.024999999999999467,0.025000000000003908,1.5249999999999995,2.1316282072803006e-14,7.105427357601002e-15,1.0658141036401503e-14,7.333868727901472,26
1789477411.394075,1789477411.3926516,0.024999999999999467,0.025000000000003908,1.5249999999999995,2.1316282072803006e-14,7.105427357601002e-15,1.0658141036401503e-14,7.333868727901472,26
1789477411.403848,1789477411.4026368,0.024999999999999467,0.025000000000003908,1.5249999999999995,2.1316282072803006e-14,7.105427357601002e-15,1.0658141036401503e-14,7.333868727901472,26
1789477411.4140513,1789477411.4126194,0.024999999999999467,0.025000000000003908,1.5249999999999995,2.1316282072803006e-14,7.105427357601002e-15,1.0658141036401503e-14,7.333868727901472,26
1789477411.423977,1789477411.4226518,0.024999999999999467,0.025000000000003908,1.5249999999999995,2.1316282072803006e-14,7.105427357601002e-15,1.0658141036401503e-14,7.333868727901472,26
1789477411.4339666,1789477411.4326217,0.024999999999999467,0.025000000000003908,1.5249999999999995,2.1316282072803006e-14,7.105427357601002e-15,1.0658141036401503e-14,7.333868727901472,26
1789477411.4439228,1789477411.4426212,0.024999999999999467,0.025000000000003908,1.5249999999999995,2.1316282072803006e-14,7.105427357601002e-15,1.0658141036401503e-14,7.333868727901472,26
1789477411.4533505,1789477411.4526243,0.024999999999999467,0.025000000000003908,1.5249999999999995,2.1316282072803006e-14,7.105427357601002e-15,1.0658141036401503e-14,7.333868727901472,26
1789477411.4632373,1789477411.462631,0.024999999999999467,0.025000000000003908,1.5249999999999995,2.1316282072803006e-14,7.105427357601002e-15,1.0658141036401503e-14,7.333868727901472,26
1789477411.4741054,1789477411.4726062,0.024999999999999467,0.025000000000003908,1.5249999999999995,2.1316282072803006e-14,7.105427357601002e-15,1.0658141036401503e-14,7.333868727901472,26
1789477411.4845276,1789477411.4826562,0.024999999999999467,0.025000000000003908,1.5249999999999995,2.1316282072803006e-14,7.105427357601002e-15,1.0658141036401503e-14,7.333868727901472,26
1789477411.4948387,1789477411.4928262,0.024999999999999467,0.025000000000003908,1.5249999999999995,2.1316282072803006e-14,7.105427357601002e-15,1.0658141036401503e-14,7.333868727901472,26
1789477411.504353,1789477411.5026243,0.024999999999999467,0.025000000000003908,1.5249999999999995,2.1316282072803006e-14,7.105427357601002e-15,1.0658141036401503e-14,7.333868727901472,26
1789477411.5140767,1789477411.512663,0.024999999999999467,0.025000000000003908,1.5249999999999995,2.1316282072803006e-14,7.105427357601002e-15,1.0658141036401503e-14,7.333868727901472,26
1789477411.5239053,1789477411.5226345,0.024999999999999467,0.025000000000003908,1.5249999999999995,2.1316282072803006e-14,7.105427357601002e-15,1.0658141036401503e-14,7.333868727901472,26
1789477411.5338786,1789477411.5326164,0.024999999999999467,0.025000000000003908,1.5249999999999995,2.1316282072803006e-14,7.105427357601002e-15,1.0658141036401503e-14,7.333868727901472,26
1789477411.5440576,1789477411.5426617,0.024999999999999467,0.025000000000003908,1.5249999999999995,2.1316282072803006e-14,7.105427357601002e-15,1.0658141036401503e-14,7.333868727901472,26
1789477411.553411,1789477411.5526276,0.024999999999999467,0.025000000000003908,1.5249999999999995,2.1316282072803006e-14,7.105427357601002e-15,1.0658141036401503e-14,7.333868727901472,26
1789477411.5632362,1789477411.5626254,0.024999999999999467,0.025000000000003908,1.5249999999999995,2.1316282072803006e-14,7.105427357601002e-15,1.0658141036401503e-14,7.333868727901472,26
1789477411.5740654,1789477411.572692,0.024999999999999467,0.025000000000003908,1.5249999999999995,2.1316282072803006e-14,7.105427357601002e-15,1.0658141036401503e-14,7.333868727901472,26
1789477411.5849397,1789477411.5828662,0.024999999999999467,0.025000000000003908,1.5249999999999995,2.1316282072803006e-14,7.105427357601002e-15,1.0658141036401503e-14,7.333868727901472,26
1789477411.5943956,1789477411.5926476,0.024999999999999467,0.025000000000003908,1.5249999999999995,2.1316282072803006e-14,7.105427357601002e-15,1.0658141036401503e-14,7.333868727901472,26
1789477411.6042042,1789477411.6026883,0.024999999999999467,0.025000000000003908,1.5249999999999995,2.1316282072803006e-14,7.105427357601002e-15,1.0658141036401503e-14,7.333868727901472,26
1789477411.6140528,1789477411.612696,0.024999999999999467,0.025000000000003908,1.5249999999999995,2.1316282072803006e-14,7.105427357601002e-15,1.0658141036401503e-14,7.333868727901472,26
1789477411.6242394,1789477411.6226723,0.024999999999999467,0.025000000000003908,1.5249999999999995,2.1316282072803006e-14,7.105427357601002e-15,1.0658141036401503e-14,7.333868727901472,26
1789477411.6347063,1789477411.632643,0.024999999999999467,0.025000000000003908,1.5249999999999995,2.1316282072803006e-14,7.105427357601002e-15,1.0658141036401503e-14,7.333868727901472,26
1789477411.64477,1789477411.642712,0.024999999999999467,0.025000000000003908,1.5249999999999995,2.1316282072803006e-14,7.105427357601002e-15,1.0658141036401503e-14,7.333868727901472,26
1789477411.653471,1789477411.6526306,0.024999999999999467,0.025000000000003908,1.5249999999999995,2.1316282072803006e-14,7.105427357601002e-15,1.0658141036401503e-14,7.333868727901472,26
1789477411.6633897,1789477411.6626444,0.024999999999999467,0.025000000000003908,1.5249999999999995,2.1316282072803006e-14,7.105427357601002e-15,1.0658141036401503e-14,7.333868727901472,26
1789477411.6742613,1789477411.67262,0.024999999999999467,0.025000000000003908,1.5249999999999995,2.1316282072803006e-14,7.105427357601002e-15,1.0658141036401503e-14,7.333868727901472,26
1789477411.6848319,1789477411.6829138,0.024999999999999467,0.025000000000003908,1.5249999999999995,2.1316282072803006e-14,7.105427357601002e-15,1.0658141036401503e-14,7.333868727901472,26
1789477411.6937788,1789477411.6926618,0.024999999999999467,0.025000000000003908,1.5249999999999995,2.1316282072803006e-14,7.105427357601002e-15,1.0658141036401503e-14,7.333868727901472,26
1789477411.7033963,1789477411.702575,0.024999999999999467,0.025000000000003908,1.5249999999999995,2.1316282072803006e-14,7.105427357601002e-15,1.0658141036401503e-14,7.333868727901472,26
1789477411.7132027,1789477411.7125642,0.024999999999999467,0.025000000000003908,1.5249999999999995,2.1316282072803006e-14,7.105427357601002e-15,1.0658141036401503e-14,7.333868727901472,26
1789477411.723472,1789477411.722592,0.024999999999999467,0.025000000000003908,1.5249999999999995,2.1316282072803006e-14,7.105427357601002e-15,1.0658141036401503e-14,7.333868727901472,26
1789477411.7332063,1789477411.7325745,0.024999999999999467,0.025000000000003908,1.5249999999999995,2.1316282072803006e-14,7.105427357601002e-15,1.0658141036401503e-14,7.333868727901472,26
1789477411.7431974,1789477411.742576,0.024999999999999467,0.025000000000003908,1.5249999999999995,2.1316282072803006e-14,7.105427357601002e-15,1.0658141036401503e-14,7.333868727901472,26
1789477411.7533286,1789477411.7525773,0.024999999999999467,0.025000000000003908,1.5249999999999995,2.1316282072803006e-14,7.105427357601002e-15,1.0658141036401503e-14,7.333868727901472,26
1789477411.7634401,1789477411.7625737,0.024999999999999467,0.025000000000003908,1.5249999999999995,2.1316282072803006e-14,7.105427357601002e-15,1.0658141036401503e-14,7.333868727901472,26
